来源身份声明批次,成员编号,资产编号,资产类型,标的,主研究尺度,结果观察窗口,来源提供者,交易场所,市场类型,标的身份,精确合约,数据对象,Schema确切版本,授权边界,字段中文映射,声明来源,声明版本,证据定位,证据文件SHA-256,输入成员SHA-256,远端元数据SHA-256,Schema指纹,授权快照SHA-256,状态,原因代码,撤销事实,限制,解除条件,规则SHA-256,执行器SHA-256,成员记录SHA-256
source-identity-declaration-20260808T050813+0800-b2487b6c41a5,ZI-bf37564aac87c9161a93ff81,DS-000001,候选数据文件,BTC,4小时;8小时;24小时;48小时,15分钟;1小时,未知,未知,未知,未知,未知,未知,未知,未知,未知,未登记,无,config/数据/来源身份声明补采.json#身份声明[],25925ef8f47870540a3333c51fe109509d1892a094f19e7ed97ee9e9ac0bbbe7,6f210f5cac4068efe59c05ccd83b4aa2dd366ae73b635fbc253611e4e60c34bb,89a61d1b284ecb4c2efa9cd21672c029431dd278c6a1aec5d1bea1d069e8319d,未知,b3a1fc5ec72ad95e258b584f936ad46befab951e0ee9e43eaa18179e34974387,拒绝,INPUT_MEMBER_REJECTED,本批次只读；若声明、输入、Schema或授权漂移，既有结论自动失效并须追加新批次,未读取业务正文、价格、成交、订单簿、账户或凭据；身份字段不完整,为该成员提供当前版本九字段声明及逐字段Schema、授权和唯一证据定位后追加不可变批次,2d50c1344a835ceeb832796935182aeff80bb03cecc5465c8cf3aaccbd446acd,86129966e4bc55fac18f2d7602a2309d4403f85861102128a56a80a5a0ccc1ea,2d1dd0d73ef868cf31d4c9d34c1bc4244350725885d2f3db476e00ccdcf26e74
source-identity-declaration-20260808T050813+0800-b2487b6c41a5,ZI-3846d7813100d3d883f9e584,DS-000002,候选数据文件,BTC,4小时;8小时;24小时;48小时,15分钟;1小时,未知,未知,未知,未知,未知,未知,未知,未知,未知,未登记,无,config/数据/来源身份声明补采.json#身份声明[],25925ef8f47870540a3333c51fe109509d1892a094f19e7ed97ee9e9ac0bbbe7,6b54cfaecaba756425d105f3eb174d67dda343b196c6d4d553b4ccf22dac9a4b,c1fca4bfb6236fbcc08d28c45d10a7c574d6bd84136ec84c1da40ed53f97d4de,未知,b3a1fc5ec72ad95e258b584f936ad46befab951e0ee9e43eaa18179e34974387,无法判定,FILE_STAT_OBSERVED_IDENTITY_UNPROVEN,本批次只读；若声明、输入、Schema或授权漂移，既有结论自动失效并须追加新批次,未读取业务正文、价格、成交、订单簿、账户或凭据；身份字段不完整,为该成员提供当前版本九字段声明及逐字段Schema、授权和唯一证据定位后追加不可变批次,2d50c1344a835ceeb832796935182aeff80bb03cecc5465c8cf3aaccbd446acd,86129966e4bc55fac18f2d7602a2309d4403f85861102128a56a80a5a0ccc1ea,2b9931d175d88e887b0dfebb1084f66b0b2c2a234f03e8c1615a871691e77b02
source-identity-declaration-20260808T050813+0800-b2487b6c41a5,ZI-bad7fbdd2fd2ed50c31757ed,DS-000003,候选数据文件,BTC,4小时;8小时;24小时;48小时,15分钟;1小时,未知,未知,未知,未知,未知,未知,未知,未知,未知,未登记,无,config/数据/来源身份声明补采.json#身份声明[],25925ef8f47870540a3333c51fe109509d1892a094f19e7ed97ee9e9ac0bbbe7,eed06d83a64889d174bf4470b7f403841c1b8cbef394fdcd7d26373548bc330a,5e5bb8ec43c73120c4a424eaed68bbb10c9e9070e8420761d724e1829b18f01c,未知,b3a1fc5ec72ad95e258b584f936ad46befab951e0ee9e43eaa18179e34974387,无法判定,FILE_STAT_OBSERVED_IDENTITY_UNPROVEN,本批次只读；若声明、输入、Schema或授权漂移，既有结论自动失效并须追加新批次,未读取业务正文、价格、成交、订单簿、账户或凭据；身份字段不完整,为该成员提供当前版本九字段声明及逐字段Schema、授权和唯一证据定位后追加不可变批次,2d50c1344a835ceeb832796935182aeff80bb03cecc5465c8cf3aaccbd446acd,86129966e4bc55fac18f2d7602a2309d4403f85861102128a56a80a5a0ccc1ea,c43fa2dfb05a19ce2bc3fd0d880665b2bf4d9f758094a4ec9a8d702109a69e2c
source-identity-declaration-20260808T050813+0800-b2487b6c41a5,ZI-4dee483dff86ed829a01f96f,DS-000004,候选数据文件,BTC,4小时;8小时;24小时;48小时,15分钟;1小时,未知,未知,未知,未知,未知,未知,未知,未知,未知,未登记,无,config/数据/来源身份声明补采.json#身份声明[],25925ef8f47870540a3333c51fe109509d1892a094f19e7ed97ee9e9ac0bbbe7,f294fc879772804fde50e9093715f6f79193e34ec200003d39435c80c660dc0f,3287b26322b71db0be85d5072577cd04be5b75d46310013bd7fcb182d2050e05,未知,b3a1fc5ec72ad95e258b584f936ad46befab951e0ee9e43eaa18179e34974387,无法判定,FILE_STAT_OBSERVED_IDENTITY_UNPROVEN,本批次只读；若声明、输入、Schema或授权漂移，既有结论自动失效并须追加新批次,未读取业务正文、价格、成交、订单簿、账户或凭据；身份字段不完整,为该成员提供当前版本九字段声明及逐字段Schema、授权和唯一证据定位后追加不可变批次,2d50c1344a835ceeb832796935182aeff80bb03cecc5465c8cf3aaccbd446acd,86129966e4bc55fac18f2d7602a2309d4403f85861102128a56a80a5a0ccc1ea,bdd37bc93619bcfc1314338941db1879e138695b65b6a297b48592206bee904e
source-identity-declaration-20260808T050813+0800-b2487b6c41a5,ZI-afe25106735b4aef36d7615a,DS-000005,候选数据文件,BTC,4小时;8小时;24小时;48小时,15分钟;1小时,未知,未知,未知,未知,未知,未知,未知,未知,未知,未登记,无,config/数据/来源身份声明补采.json#身份声明[],25925ef8f47870540a3333c51fe109509d1892a094f19e7ed97ee9e9ac0bbbe7,c3a0b74beeb3a1728b5565c3f43d47d2233ef0001367bb8588714e9f0f4d5adc,630ba5fb9aeda873efd55e45da5e941b0e4b31e4e024c2e9a7b8832a869f88d6,未知,b3a1fc5ec72ad95e258b584f936ad46befab951e0ee9e43eaa18179e34974387,无法判定,FILE_STAT_OBSERVED_IDENTITY_UNPROVEN,本批次只读；若声明、输入、Schema或授权漂移，既有结论自动失效并须追加新批次,未读取业务正文、价格、成交、订单簿、账户或凭据；身份字段不完整,为该成员提供当前版本九字段声明及逐字段Schema、授权和唯一证据定位后追加不可变批次,2d50c1344a835ceeb832796935182aeff80bb03cecc5465c8cf3aaccbd446acd,86129966e4bc55fac18f2d7602a2309d4403f85861102128a56a80a5a0ccc1ea,4c784ac5f2d3a8304e00bd147d43c9bcf16ebc0be9dd9b74a62e562318fc58bf
source-identity-declaration-20260808T050813+0800-b2487b6c41a5,ZI-14965a0a91aae741bc36b74b,DS-000006,候选数据文件,BTC,4小时;8小时;24小时;48小时,15分钟;1小时,未知,未知,未知,未知,未知,未知,未知,未知,未知,未登记,无,config/数据/来源身份声明补采.json#身份声明[],25925ef8f47870540a3333c51fe109509d1892a094f19e7ed97ee9e9ac0bbbe7,078e5f02252ebb65f8c728bc0c504e3a3d3e783ebbd2641e58b3841ea530fb97,08fac2370d4c7bd7117f20502bdb0224fd890d3c9be37d9c73c02d75297322f4,未知,b3a1fc5ec72ad95e258b584f936ad46befab951e0ee9e43eaa18179e34974387,无法判定,FILE_STAT_OBSERVED_IDENTITY_UNPROVEN,本批次只读；若声明、输入、Schema或授权漂移，既有结论自动失效并须追加新批次,未读取业务正文、价格、成交、订单簿、账户或凭据；身份字段不完整,为该成员提供当前版本九字段声明及逐字段Schema、授权和唯一证据定位后追加不可变批次,2d50c1344a835ceeb832796935182aeff80bb03cecc5465c8cf3aaccbd446acd,86129966e4bc55fac18f2d7602a2309d4403f85861102128a56a80a5a0ccc1ea,236426aeef4b7e37f189b66292eb1209d7ce1e35ac01771e521fb0c778dbcdef
source-identity-declaration-20260808T050813+0800-b2487b6c41a5,ZI-63b0e2c2062f1a2d08892d31,DS-000007,候选数据文件,BTC,4小时;8小时;24小时;48小时,15分钟;1小时,未知,未知,未知,未知,未知,未知,未知,未知,未知,未登记,无,config/数据/来源身份声明补采.json#身份声明[],25925ef8f47870540a3333c51fe109509d1892a094f19e7ed97ee9e9ac0bbbe7,3d27809f20371a08ed176c677aaefe132b6a4fc3c9b9acf202f0e6982c17d731,05d74030c6aaf7fa78598833ba5f3c46562fea5b6c7527e83222db699a0f7405,未知,b3a1fc5ec72ad95e258b584f936ad46befab951e0ee9e43eaa18179e34974387,无法判定,FILE_STAT_OBSERVED_IDENTITY_UNPROVEN,本批次只读；若声明、输入、Schema或授权漂移，既有结论自动失效并须追加新批次,未读取业务正文、价格、成交、订单簿、账户或凭据；身份字段不完整,为该成员提供当前版本九字段声明及逐字段Schema、授权和唯一证据定位后追加不可变批次,2d50c1344a835ceeb832796935182aeff80bb03cecc5465c8cf3aaccbd446acd,86129966e4bc55fac18f2d7602a2309d4403f85861102128a56a80a5a0ccc1ea,c3e9935e229922d1b3041f50214be52c297f72d189def10ff166b7314ab8e999
source-identity-declaration-20260808T050813+0800-b2487b6c41a5,ZI-a3275f1ead9140426d316fda,DS-000008,候选数据文件,BTC,4小时;8小时;24小时;48小时,15分钟;1小时,未知,未知,未知,未知,未知,未知,未知,未知,未知,未登记,无,config/数据/来源身份声明补采.json#身份声明[],25925ef8f47870540a3333c51fe109509d1892a094f19e7ed97ee9e9ac0bbbe7,c41e435f351a0e89dcf979f9d54f0c4bf6732364a3fa041800b57b48d68dcad2,da0b82ebabe316093f40d07627662bfa6a1f3dda512b3233bda02699bf31741a,未知,b3a1fc5ec72ad95e258b584f936ad46befab951e0ee9e43eaa18179e34974387,无法判定,FILE_STAT_OBSERVED_IDENTITY_UNPROVEN,本批次只读；若声明、输入、Schema或授权漂移，既有结论自动失效并须追加新批次,未读取业务正文、价格、成交、订单簿、账户或凭据；身份字段不完整,为该成员提供当前版本九字段声明及逐字段Schema、授权和唯一证据定位后追加不可变批次,2d50c1344a835ceeb832796935182aeff80bb03cecc5465c8cf3aaccbd446acd,86129966e4bc55fac18f2d7602a2309d4403f85861102128a56a80a5a0ccc1ea,0574df61e0ebbd1375a10731d22975812d4c6eaefba0e571cade07776bb80693
source-identity-declaration-20260808T050813+0800-b2487b6c41a5,ZI-24037d8a714b80d1f447c8ca,DS-000009,候选数据文件,BTC,4小时;8小时;24小时;48小时,15分钟;1小时,未知,未知,未知,未知,未知,未知,未知,未知,未知,未登记,无,config/数据/来源身份声明补采.json#身份声明[],25925ef8f47870540a3333c51fe109509d1892a094f19e7ed97ee9e9ac0bbbe7,57f0db998d6317598e4c7335c89cb4bd04ec0e20592158cfc71f6fc34aa5ad44,1c84e71b28c261da9b2ee0e2a3c8b1068b142a85cd360a8ad0fd9b59f66bfac4,未知,b3a1fc5ec72ad95e258b584f936ad46befab951e0ee9e43eaa18179e34974387,无法判定,FILE_STAT_OBSERVED_IDENTITY_UNPROVEN,本批次只读；若声明、输入、Schema或授权漂移，既有结论自动失效并须追加新批次,未读取业务正文、价格、成交、订单簿、账户或凭据；身份字段不完整,为该成员提供当前版本九字段声明及逐字段Schema、授权和唯一证据定位后追加不可变批次,2d50c1344a835ceeb832796935182aeff80bb03cecc5465c8cf3aaccbd446acd,86129966e4bc55fac18f2d7602a2309d4403f85861102128a56a80a5a0ccc1ea,0f1ec206cbfeba0e14f66972e76608ed5cf74bb0a761ffe117dd9eeef338fa6d
source-identity-declaration-20260808T050813+0800-b2487b6c41a5,ZI-8f0cd7b99b1e374adc146a4a,DS-000010,候选数据文件,BTC,4小时;8小时;24小时;48小时,15分钟;1小时,未知,未知,未知,未知,未知,未知,未知,未知,未知,未登记,无,config/数据/来源身份声明补采.json#身份声明[],25925ef8f47870540a3333c51fe109509d1892a094f19e7ed97ee9e9ac0bbbe7,60a868b7ba10f0aef5db99fd373934b8abcce84661ec2ad1ccee966866bbb502,ab6eb25ffb4fb546071545c7cea0ef9922b71cb58974ee30cd6b2388460fea43,未知,b3a1fc5ec72ad95e258b584f936ad46befab951e0ee9e43eaa18179e34974387,无法判定,FILE_STAT_OBSERVED_IDENTITY_UNPROVEN,本批次只读；若声明、输入、Schema或授权漂移，既有结论自动失效并须追加新批次,未读取业务正文、价格、成交、订单簿、账户或凭据；身份字段不完整,为该成员提供当前版本九字段声明及逐字段Schema、授权和唯一证据定位后追加不可变批次,2d50c1344a835ceeb832796935182aeff80bb03cecc5465c8cf3aaccbd446acd,86129966e4bc55fac18f2d7602a2309d4403f85861102128a56a80a5a0ccc1ea,5fa77160969c8ec441d25b79aeb7d389eadbea7cf65e10ffdd9e842fd51c7443
source-identity-declaration-20260808T050813+0800-b2487b6c41a5,ZI-d7cbdc706bf9497b3c98b3eb,DS-000011,候选数据文件,BTC,4小时;8小时;24小时;48小时,15分钟;1小时,未知,未知,未知,未知,未知,未知,未知,未知,未知,未登记,无,config/数据/来源身份声明补采.json#身份声明[],25925ef8f47870540a3333c51fe109509d1892a094f19e7ed97ee9e9ac0bbbe7,0ec6f6d6ec4c9b002bb715c2ae5793b70a41ece49bc4ab71ab962b1ea26e6c10,70223776d5c33043cba58e4cf9078a5341971889a7ae24af3e8cb7ad8d37c003,未知,b3a1fc5ec72ad95e258b584f936ad46befab951e0ee9e43eaa18179e34974387,无法判定,FILE_STAT_OBSERVED_IDENTITY_UNPROVEN,本批次只读；若声明、输入、Schema或授权漂移，既有结论自动失效并须追加新批次,未读取业务正文、价格、成交、订单簿、账户或凭据；身份字段不完整,为该成员提供当前版本九字段声明及逐字段Schema、授权和唯一证据定位后追加不可变批次,2d50c1344a835ceeb832796935182aeff80bb03cecc5465c8cf3aaccbd446acd,86129966e4bc55fac18f2d7602a2309d4403f85861102128a56a80a5a0ccc1ea,020a7fb8d29c885036bf8b1c79122b5275cb8ab0c547ac94a6bb5caf38428564
source-identity-declaration-20260808T050813+0800-b2487b6c41a5,ZI-bb992f68b3613e9c75ad8102,DS-000012,候选数据文件,BTC,4小时;8小时;24小时;48小时,15分钟;1小时,未知,未知,未知,未知,未知,未知,未知,未知,未知,未登记,无,config/数据/来源身份声明补采.json#身份声明[],25925ef8f47870540a3333c51fe109509d1892a094f19e7ed97ee9e9ac0bbbe7,4029ce33cae96639a00b1f2934304f04d9204e36e7d06ee59efff58dc5e0082a,4dd0cfe504269f3a89737cc92ba0aa81c09cfa787c7c6a8fc0e299dee6613bec,未知,b3a1fc5ec72ad95e258b584f936ad46befab951e0ee9e43eaa18179e34974387,无法判定,FILE_STAT_OBSERVED_IDENTITY_UNPROVEN,本批次只读；若声明、输入、Schema或授权漂移，既有结论自动失效并须追加新批次,未读取业务正文、价格、成交、订单簿、账户或凭据；身份字段不完整,为该成员提供当前版本九字段声明及逐字段Schema、授权和唯一证据定位后追加不可变批次,2d50c1344a835ceeb832796935182aeff80bb03cecc5465c8cf3aaccbd446acd,86129966e4bc55fac18f2d7602a2309d4403f85861102128a56a80a5a0ccc1ea,e7a73094111e7e5f87f25ac1d37bdeda4215dce7b30f9847244eae633104f793
source-identity-declaration-20260808T050813+0800-b2487b6c41a5,ZI-22947f2c8da15aea945c5d37,DS-000013,候选数据文件,BTC,4小时;8小时;24小时;48小时,15分钟;1小时,未知,未知,未知,未知,未知,未知,未知,未知,未知,未登记,无,config/数据/来源身份声明补采.json#身份声明[],25925ef8f47870540a3333c51fe109509d1892a094f19e7ed97ee9e9ac0bbbe7,4b5998ebc81851afafa4abf90abf85ad6f259b9415055592ade9dfafdb51f0d3,338fd5e2bb1bb18b5373b6c742c9475a5c2f79b46ba831482bcc85cee7e4a7ee,未知,b3a1fc5ec72ad95e258b584f936ad46befab951e0ee9e43eaa18179e34974387,无法判定,FILE_STAT_OBSERVED_IDENTITY_UNPROVEN,本批次只读；若声明、输入、Schema或授权漂移，既有结论自动失效并须追加新批次,未读取业务正文、价格、成交、订单簿、账户或凭据；身份字段不完整,为该成员提供当前版本九字段声明及逐字段Schema、授权和唯一证据定位后追加不可变批次,2d50c1344a835ceeb832796935182aeff80bb03cecc5465c8cf3aaccbd446acd,86129966e4bc55fac18f2d7602a2309d4403f85861102128a56a80a5a0ccc1ea,2201dc08dca460d2ac2a5615907f97b1cb1895aa17d7486c20e73a057f6ece09
source-identity-declaration-20260808T050813+0800-b2487b6c41a5,ZI-6fe292c785aa3707aa7bae85,DS-000014,候选数据文件,BTC,4小时;8小时;24小时;48小时,15分钟;1小时,未知,未知,未知,未知,未知,未知,未知,未知,未知,未登记,无,config/数据/来源身份声明补采.json#身份声明[],25925ef8f47870540a3333c51fe109509d1892a094f19e7ed97ee9e9ac0bbbe7,a2913685c4ef3199de4ac1910f6c1bd45e3a521e39fad3c5475e0071673b8a28,94b33236e77a53ad18d46d30ca3117a6c7a4f4089b5fb75eaf51eb9abdb22ac3,未知,b3a1fc5ec72ad95e258b584f936ad46befab951e0ee9e43eaa18179e34974387,无法判定,FILE_STAT_OBSERVED_IDENTITY_UNPROVEN,本批次只读；若声明、输入、Schema或授权漂移，既有结论自动失效并须追加新批次,未读取业务正文、价格、成交、订单簿、账户或凭据；身份字段不完整,为该成员提供当前版本九字段声明及逐字段Schema、授权和唯一证据定位后追加不可变批次,2d50c1344a835ceeb832796935182aeff80bb03cecc5465c8cf3aaccbd446acd,86129966e4bc55fac18f2d7602a2309d4403f85861102128a56a80a5a0ccc1ea,2790f94823e5cda26dd7f441a7b75a743b72431da39670422d56dba25b94f714
source-identity-declaration-20260808T050813+0800-b2487b6c41a5,ZI-ebacff58193ae9067a1b085a,DS-000015,候选数据文件,BTC,4小时;8小时;24小时;48小时,15分钟;1小时,未知,未知,未知,未知,未知,未知,未知,未知,未知,未登记,无,config/数据/来源身份声明补采.json#身份声明[],25925ef8f47870540a3333c51fe109509d1892a094f19e7ed97ee9e9ac0bbbe7,0954b82bf7f57e01d704dbddc6046326d1d248a34af7095367bb8eca340f6dcf,ba196e8b46d3bb1255ad35d0d96c6caca1d91473ece1ffc3d93e940ea9f6509c,未知,b3a1fc5ec72ad95e258b584f936ad46befab951e0ee9e43eaa18179e34974387,无法判定,FILE_STAT_OBSERVED_IDENTITY_UNPROVEN,本批次只读；若声明、输入、Schema或授权漂移，既有结论自动失效并须追加新批次,未读取业务正文、价格、成交、订单簿、账户或凭据；身份字段不完整,为该成员提供当前版本九字段声明及逐字段Schema、授权和唯一证据定位后追加不可变批次,2d50c1344a835ceeb832796935182aeff80bb03cecc5465c8cf3aaccbd446acd,86129966e4bc55fac18f2d7602a2309d4403f85861102128a56a80a5a0ccc1ea,2065d15afbf74c8192cb364faf25d3fef5ffb7eadb9d5a2fc50cd65aa5bd4af6
source-identity-declaration-20260808T050813+0800-b2487b6c41a5,ZI-c7222ddc077a12706bc85a0e,DS-000016,候选数据文件,BTC,4小时;8小时;24小时;48小时,15分钟;1小时,未知,未知,未知,未知,未知,未知,未知,未知,未知,未登记,无,config/数据/来源身份声明补采.json#身份声明[],25925ef8f47870540a3333c51fe109509d1892a094f19e7ed97ee9e9ac0bbbe7,d541c1aa39ca532bc63001a37820a93db5822824a913980ff6e6492016cd8c06,cf8dee8e990c70063ddac945720f2e7f2045996723bbefdb6f6aa71d447540d5,未知,b3a1fc5ec72ad95e258b584f936ad46befab951e0ee9e43eaa18179e34974387,无法判定,FILE_STAT_OBSERVED_IDENTITY_UNPROVEN,本批次只读；若声明、输入、Schema或授权漂移，既有结论自动失效并须追加新批次,未读取业务正文、价格、成交、订单簿、账户或凭据；身份字段不完整,为该成员提供当前版本九字段声明及逐字段Schema、授权和唯一证据定位后追加不可变批次,2d50c1344a835ceeb832796935182aeff80bb03cecc5465c8cf3aaccbd446acd,86129966e4bc55fac18f2d7602a2309d4403f85861102128a56a80a5a0ccc1ea,c5071b9a2267165bdeb2cdc807e6d8fd5a15c7fed01ee221f99ff4bd200eb747
source-identity-declaration-20260808T050813+0800-b2487b6c41a5,ZI-b662cded17c8b415bc18d325,DS-000017,候选数据文件,BTC,4小时;8小时;24小时;48小时,15分钟;1小时,未知,未知,未知,未知,未知,未知,未知,未知,未知,未登记,无,config/数据/来源身份声明补采.json#身份声明[],25925ef8f47870540a3333c51fe109509d1892a094f19e7ed97ee9e9ac0bbbe7,724331ff5fb4ae5702e299c4ab592929e83424f81741ca15f49f79f17bb48302,d1cb4a02b7b4f0ac7f9deb9aa016893a5d62c9075c5341685fa804dcea8b5cf6,未知,b3a1fc5ec72ad95e258b584f936ad46befab951e0ee9e43eaa18179e34974387,无法判定,FILE_STAT_OBSERVED_IDENTITY_UNPROVEN,本批次只读；若声明、输入、Schema或授权漂移，既有结论自动失效并须追加新批次,未读取业务正文、价格、成交、订单簿、账户或凭据；身份字段不完整,为该成员提供当前版本九字段声明及逐字段Schema、授权和唯一证据定位后追加不可变批次,2d50c1344a835ceeb832796935182aeff80bb03cecc5465c8cf3aaccbd446acd,86129966e4bc55fac18f2d7602a2309d4403f85861102128a56a80a5a0ccc1ea,3fdf9cb5d267588d86e7930a093a70ca7de76c259c2e1eac1560c0006c0b1899
source-identity-declaration-20260808T050813+0800-b2487b6c41a5,ZI-8c0a2a61096b2a4424356b89,DS-000018,候选数据文件,BTC,4小时;8小时;24小时;48小时,15分钟;1小时,未知,未知,未知,未知,未知,未知,未知,未知,未知,未登记,无,config/数据/来源身份声明补采.json#身份声明[],25925ef8f47870540a3333c51fe109509d1892a094f19e7ed97ee9e9ac0bbbe7,8ac6e149c9aa2f85191b075fe19ae6ab08e0241833b5e33f84b0a42f76e71509,ccfce573e1509c4ce6639e2a67cbce82dbd9a0fef3bec3aed5601bba4a8db09f,未知,b3a1fc5ec72ad95e258b584f936ad46befab951e0ee9e43eaa18179e34974387,无法判定,FILE_STAT_OBSERVED_IDENTITY_UNPROVEN,本批次只读；若声明、输入、Schema或授权漂移，既有结论自动失效并须追加新批次,未读取业务正文、价格、成交、订单簿、账户或凭据；身份字段不完整,为该成员提供当前版本九字段声明及逐字段Schema、授权和唯一证据定位后追加不可变批次,2d50c1344a835ceeb832796935182aeff80bb03cecc5465c8cf3aaccbd446acd,86129966e4bc55fac18f2d7602a2309d4403f85861102128a56a80a5a0ccc1ea,a8cd6f9b3b348934e56b08061af06fae7c3cf901af2c00b302e3501dd97990e7
source-identity-declaration-20260808T050813+0800-b2487b6c41a5,ZI-b8918337d2edc573b5335acf,DS-000019,候选数据文件,BTC,4小时;8小时;24小时;48小时,15分钟;1小时,未知,未知,未知,未知,未知,未知,未知,未知,未知,未登记,无,config/数据/来源身份声明补采.json#身份声明[],25925ef8f47870540a3333c51fe109509d1892a094f19e7ed97ee9e9ac0bbbe7,9fe44aeeec52824c44f64f54bd209145b51e04d8a6e4a281d96b9d9c9c5adc3d,e9f3497108c4ef7faa17c1d0ab180ed70c665f3736320e659ff6fd5949dde51c,未知,b3a1fc5ec72ad95e258b584f936ad46befab951e0ee9e43eaa18179e34974387,无法判定,FILE_STAT_OBSERVED_IDENTITY_UNPROVEN,本批次只读；若声明、输入、Schema或授权漂移，既有结论自动失效并须追加新批次,未读取业务正文、价格、成交、订单簿、账户或凭据；身份字段不完整,为该成员提供当前版本九字段声明及逐字段Schema、授权和唯一证据定位后追加不可变批次,2d50c1344a835ceeb832796935182aeff80bb03cecc5465c8cf3aaccbd446acd,86129966e4bc55fac18f2d7602a2309d4403f85861102128a56a80a5a0ccc1ea,d59c71c38b90ea643b6b8ff04514b567effe0548db50818088c7cddd5b22c8e1
source-identity-declaration-20260808T050813+0800-b2487b6c41a5,ZI-a74fe50809407c65c35e27b6,DS-000020,候选数据文件,BTC,4小时;8小时;24小时;48小时,15分钟;1小时,未知,未知,未知,未知,未知,未知,未知,未知,未知,未登记,无,config/数据/来源身份声明补采.json#身份声明[],25925ef8f47870540a3333c51fe109509d1892a094f19e7ed97ee9e9ac0bbbe7,1c5ab3f968edb2a20de6de92fb10feb8d2736c0dbd5b1cc743a178c603b79e8b,d04c0741957705e73c7006b50c19c45038bc4c0f2d0ac6ff4177f5b123a2fd30,未知,b3a1fc5ec72ad95e258b584f936ad46befab951e0ee9e43eaa18179e34974387,无法判定,FILE_STAT_OBSERVED_IDENTITY_UNPROVEN,本批次只读；若声明、输入、Schema或授权漂移，既有结论自动失效并须追加新批次,未读取业务正文、价格、成交、订单簿、账户或凭据；身份字段不完整,为该成员提供当前版本九字段声明及逐字段Schema、授权和唯一证据定位后追加不可变批次,2d50c1344a835ceeb832796935182aeff80bb03cecc5465c8cf3aaccbd446acd,86129966e4bc55fac18f2d7602a2309d4403f85861102128a56a80a5a0ccc1ea,967fbb52eee46853d972bdbe745dc809df099025f258225e3e6975c1934fd20e
source-identity-declaration-20260808T050813+0800-b2487b6c41a5,ZI-37ca6c4114c93bb8aabfdb40,DS-000021,候选数据文件,BTC,4小时;8小时;24小时;48小时,15分钟;1小时,未知,未知,未知,未知,未知,未知,未知,未知,未知,未登记,无,config/数据/来源身份声明补采.json#身份声明[],25925ef8f47870540a3333c51fe109509d1892a094f19e7ed97ee9e9ac0bbbe7,64628c57337149fa715a32c92112d28beb11ea157cc51cbef8d8fb2ac089af2d,bb7d52ffab4c620216335093ec95b8123196dd669e9376a13554b64171223064,未知,b3a1fc5ec72ad95e258b584f936ad46befab951e0ee9e43eaa18179e34974387,无法判定,FILE_STAT_OBSERVED_IDENTITY_UNPROVEN,本批次只读；若声明、输入、Schema或授权漂移，既有结论自动失效并须追加新批次,未读取业务正文、价格、成交、订单簿、账户或凭据；身份字段不完整,为该成员提供当前版本九字段声明及逐字段Schema、授权和唯一证据定位后追加不可变批次,2d50c1344a835ceeb832796935182aeff80bb03cecc5465c8cf3aaccbd446acd,86129966e4bc55fac18f2d7602a2309d4403f85861102128a56a80a5a0ccc1ea,3db8da702a5d6fbc10d687845628b8a947c19dbbb4787dfee27226af2d2c5210
source-identity-declaration-20260808T050813+0800-b2487b6c41a5,ZI-d51a63844fdefcea96fdae6d,DS-000022,候选数据文件,BTC,4小时;8小时;24小时;48小时,15分钟;1小时,未知,未知,未知,未知,未知,未知,未知,未知,未知,未登记,无,config/数据/来源身份声明补采.json#身份声明[],25925ef8f47870540a3333c51fe109509d1892a094f19e7ed97ee9e9ac0bbbe7,cb0f988b4041dfe60459b092dd3d8713a68e767cffe3cea694725d3b12df3874,2996e1baed6afd98549937bcfb68e08635a23cd1c2d53f3cf66c083845112d84,未知,b3a1fc5ec72ad95e258b584f936ad46befab951e0ee9e43eaa18179e34974387,无法判定,FILE_STAT_OBSERVED_IDENTITY_UNPROVEN,本批次只读；若声明、输入、Schema或授权漂移，既有结论自动失效并须追加新批次,未读取业务正文、价格、成交、订单簿、账户或凭据；身份字段不完整,为该成员提供当前版本九字段声明及逐字段Schema、授权和唯一证据定位后追加不可变批次,2d50c1344a835ceeb832796935182aeff80bb03cecc5465c8cf3aaccbd446acd,86129966e4bc55fac18f2d7602a2309d4403f85861102128a56a80a5a0ccc1ea,907eb451dc6e263dca5dad8a50126114068a0865ce07e122d4a79ae6de444e61
source-identity-declaration-20260808T050813+0800-b2487b6c41a5,ZI-62a663fd96baa6d2befc3bf2,DS-000023,候选数据文件,BTC,4小时;8小时;24小时;48小时,15分钟;1小时,未知,未知,未知,未知,未知,未知,未知,未知,未知,未登记,无,config/数据/来源身份声明补采.json#身份声明[],25925ef8f47870540a3333c51fe109509d1892a094f19e7ed97ee9e9ac0bbbe7,7f5828afd16eeb5023d1e7c3d6abf2f23c149f3225a3e53e1078c8e613a07332,8aed83070f51a10889aa2ad427b5fdd393e54dedc790048f7640537e26884244,未知,b3a1fc5ec72ad95e258b584f936ad46befab951e0ee9e43eaa18179e34974387,无法判定,FILE_STAT_OBSERVED_IDENTITY_UNPROVEN,本批次只读；若声明、输入、Schema或授权漂移，既有结论自动失效并须追加新批次,未读取业务正文、价格、成交、订单簿、账户或凭据；身份字段不完整,为该成员提供当前版本九字段声明及逐字段Schema、授权和唯一证据定位后追加不可变批次,2d50c1344a835ceeb832796935182aeff80bb03cecc5465c8cf3aaccbd446acd,86129966e4bc55fac18f2d7602a2309d4403f85861102128a56a80a5a0ccc1ea,b2c6853629c1b3e2cfe9750ee7a160090805c60699b13a9dc9b71de45e2152c9
source-identity-declaration-20260808T050813+0800-b2487b6c41a5,ZI-3e04430d183f37d5f6f412c6,DS-000024,候选数据文件,BTC,4小时;8小时;24小时;48小时,15分钟;1小时,未知,未知,未知,未知,未知,未知,未知,未知,未知,未登记,无,config/数据/来源身份声明补采.json#身份声明[],25925ef8f47870540a3333c51fe109509d1892a094f19e7ed97ee9e9ac0bbbe7,1a5501c145cb78341a0bdc4a0d62283d57d8158db9cee6a6f6b9300451cfb669,a16243c93228dbf06273dcce7ed16e994d6ed320c1821791566d9bcce0b1fe3a,未知,b3a1fc5ec72ad95e258b584f936ad46befab951e0ee9e43eaa18179e34974387,无法判定,FILE_STAT_OBSERVED_IDENTITY_UNPROVEN,本批次只读；若声明、输入、Schema或授权漂移，既有结论自动失效并须追加新批次,未读取业务正文、价格、成交、订单簿、账户或凭据；身份字段不完整,为该成员提供当前版本九字段声明及逐字段Schema、授权和唯一证据定位后追加不可变批次,2d50c1344a835ceeb832796935182aeff80bb03cecc5465c8cf3aaccbd446acd,86129966e4bc55fac18f2d7602a2309d4403f85861102128a56a80a5a0ccc1ea,ae954bc2127c339a093cbff5736f1f59e4bc065da35d1bde7d7e70e11c71bdcf
source-identity-declaration-20260808T050813+0800-b2487b6c41a5,ZI-d09e19cfdcbed9a7fdc593be,DS-000025,候选数据文件,BTC,4小时;8小时;24小时;48小时,15分钟;1小时,未知,未知,未知,未知,未知,未知,未知,未知,未知,未登记,无,config/数据/来源身份声明补采.json#身份声明[],25925ef8f47870540a3333c51fe109509d1892a094f19e7ed97ee9e9ac0bbbe7,90a66897075859e1d9c9e335f1e6bf8caa40126b5af49abd6f7dd08c1c62ab7b,d02b2be6d2d0f29f21065db7d30e94e983e5abee74280e1cddd82f2a5fc46e1a,未知,b3a1fc5ec72ad95e258b584f936ad46befab951e0ee9e43eaa18179e34974387,无法判定,FILE_STAT_OBSERVED_IDENTITY_UNPROVEN,本批次只读；若声明、输入、Schema或授权漂移，既有结论自动失效并须追加新批次,未读取业务正文、价格、成交、订单簿、账户或凭据；身份字段不完整,为该成员提供当前版本九字段声明及逐字段Schema、授权和唯一证据定位后追加不可变批次,2d50c1344a835ceeb832796935182aeff80bb03cecc5465c8cf3aaccbd446acd,86129966e4bc55fac18f2d7602a2309d4403f85861102128a56a80a5a0ccc1ea,8801a7c52a32587815713b88c688fe9d3654a8ea4404afa3f80428a85565165e
source-identity-declaration-20260808T050813+0800-b2487b6c41a5,ZI-9a5034b379b436117dafdeb9,DS-000026,候选数据文件,BTC,4小时;8小时;24小时;48小时,15分钟;1小时,未知,未知,未知,未知,未知,未知,未知,未知,未知,未登记,无,config/数据/来源身份声明补采.json#身份声明[],25925ef8f47870540a3333c51fe109509d1892a094f19e7ed97ee9e9ac0bbbe7,d0f705abea8912f989edaccb9cf08cd41eda84e652f74e68a9312e843e842f77,1b9cbb633782c7b249cb4169195daf3317a29c99aec153704282bf945fa3d791,未知,b3a1fc5ec72ad95e258b584f936ad46befab951e0ee9e43eaa18179e34974387,无法判定,FILE_STAT_OBSERVED_IDENTITY_UNPROVEN,本批次只读；若声明、输入、Schema或授权漂移，既有结论自动失效并须追加新批次,未读取业务正文、价格、成交、订单簿、账户或凭据；身份字段不完整,为该成员提供当前版本九字段声明及逐字段Schema、授权和唯一证据定位后追加不可变批次,2d50c1344a835ceeb832796935182aeff80bb03cecc5465c8cf3aaccbd446acd,86129966e4bc55fac18f2d7602a2309d4403f85861102128a56a80a5a0ccc1ea,8099435f81787311b35bb2ba35f0a915b26f5e1e27f7ead2b69c2df82a15b1da
source-identity-declaration-20260808T050813+0800-b2487b6c41a5,ZI-50bc11d42d88870ce48d3c15,DS-000027,候选数据文件,BTC,4小时;8小时;24小时;48小时,15分钟;1小时,未知,未知,未知,未知,未知,未知,未知,未知,未知,未登记,无,config/数据/来源身份声明补采.json#身份声明[],25925ef8f47870540a3333c51fe109509d1892a094f19e7ed97ee9e9ac0bbbe7,e25a817f99d52e3d90fb7614939eebcaf57d0bc0f82ee9b42e562f78d2066f9d,b8714618b6412853dba3a92862402c9b3972f7061507a0e26408f6dc357db88f,未知,b3a1fc5ec72ad95e258b584f936ad46befab951e0ee9e43eaa18179e34974387,无法判定,FILE_STAT_OBSERVED_IDENTITY_UNPROVEN,本批次只读；若声明、输入、Schema或授权漂移，既有结论自动失效并须追加新批次,未读取业务正文、价格、成交、订单簿、账户或凭据；身份字段不完整,为该成员提供当前版本九字段声明及逐字段Schema、授权和唯一证据定位后追加不可变批次,2d50c1344a835ceeb832796935182aeff80bb03cecc5465c8cf3aaccbd446acd,86129966e4bc55fac18f2d7602a2309d4403f85861102128a56a80a5a0ccc1ea,698871cb63b7330e1c01b1894c3227c77d40a3a9c9b6e84e0ddb715b5834db3c
source-identity-declaration-20260808T050813+0800-b2487b6c41a5,ZI-f94898b1902c73c7204f68f4,DS-000028,候选数据文件,BTC,4小时;8小时;24小时;48小时,15分钟;1小时,未知,未知,未知,未知,未知,未知,未知,未知,未知,未登记,无,config/数据/来源身份声明补采.json#身份声明[],25925ef8f47870540a3333c51fe109509d1892a094f19e7ed97ee9e9ac0bbbe7,47294cc8ccff44581c75aa5d3c70bc29e9916391a25182dc2645263835aa4c55,ca61ac6dfbc8685ad69ec28ce2fe954546b8bbeb10944b952a6082215f1aece5,未知,b3a1fc5ec72ad95e258b584f936ad46befab951e0ee9e43eaa18179e34974387,无法判定,FILE_STAT_OBSERVED_IDENTITY_UNPROVEN,本批次只读；若声明、输入、Schema或授权漂移，既有结论自动失效并须追加新批次,未读取业务正文、价格、成交、订单簿、账户或凭据；身份字段不完整,为该成员提供当前版本九字段声明及逐字段Schema、授权和唯一证据定位后追加不可变批次,2d50c1344a835ceeb832796935182aeff80bb03cecc5465c8cf3aaccbd446acd,86129966e4bc55fac18f2d7602a2309d4403f85861102128a56a80a5a0ccc1ea,a6447b8aaa6daed33b79f1a24308ce5e0a88b928176cbfc5c85362a321c0cadb
source-identity-declaration-20260808T050813+0800-b2487b6c41a5,ZI-de37a154d339d6ea9dd24636,DS-000029,候选数据文件,BTC,4小时;8小时;24小时;48小时,15分钟;1小时,未知,未知,未知,未知,未知,未知,未知,未知,未知,未登记,无,config/数据/来源身份声明补采.json#身份声明[],25925ef8f47870540a3333c51fe109509d1892a094f19e7ed97ee9e9ac0bbbe7,7dd9f501d01b088e7ff2286b3f33fd8431fdbab3aea1cdb36bd41099a798703e,55c62d437482e770422f660443c8bb3e1bd1f8fd84f2c37eae172f4ef5c82861,未知,b3a1fc5ec72ad95e258b584f936ad46befab951e0ee9e43eaa18179e34974387,无法判定,FILE_STAT_OBSERVED_IDENTITY_UNPROVEN,本批次只读；若声明、输入、Schema或授权漂移，既有结论自动失效并须追加新批次,未读取业务正文、价格、成交、订单簿、账户或凭据；身份字段不完整,为该成员提供当前版本九字段声明及逐字段Schema、授权和唯一证据定位后追加不可变批次,2d50c1344a835ceeb832796935182aeff80bb03cecc5465c8cf3aaccbd446acd,86129966e4bc55fac18f2d7602a2309d4403f85861102128a56a80a5a0ccc1ea,4f02896ba8d4efffaad9ff83caae83363e426ba29d8d39f52027a7bb4862b579
source-identity-declaration-20260808T050813+0800-b2487b6c41a5,ZI-1d36a0c340d1ef902e9b9d9e,DS-000030,候选数据文件,BTC,4小时;8小时;24小时;48小时,15分钟;1小时,未知,未知,未知,未知,未知,未知,未知,未知,未知,未登记,无,config/数据/来源身份声明补采.json#身份声明[],25925ef8f47870540a3333c51fe109509d1892a094f19e7ed97ee9e9ac0bbbe7,7feaf8dbf2a33227bce6c15a332add2a8df5958d70cd20dde169159beffeafd8,5e939c64cae9f29f391d8578713f08f2352b42e4b6a5b0d84b70f171f2232476,未知,b3a1fc5ec72ad95e258b584f936ad46befab951e0ee9e43eaa18179e34974387,无法判定,FILE_STAT_OBSERVED_IDENTITY_UNPROVEN,本批次只读；若声明、输入、Schema或授权漂移，既有结论自动失效并须追加新批次,未读取业务正文、价格、成交、订单簿、账户或凭据；身份字段不完整,为该成员提供当前版本九字段声明及逐字段Schema、授权和唯一证据定位后追加不可变批次,2d50c1344a835ceeb832796935182aeff80bb03cecc5465c8cf3aaccbd446acd,86129966e4bc55fac18f2d7602a2309d4403f85861102128a56a80a5a0ccc1ea,c29fa237be710435e83e3a115ab9b4197ed6e35c9d5f532e3b043ee902c96e1f
source-identity-declaration-20260808T050813+0800-b2487b6c41a5,ZI-90a7b0ede5d1cf41ca54fe0d,DS-000031,候选数据文件,BTC,4小时;8小时;24小时;48小时,15分钟;1小时,未知,未知,未知,未知,未知,未知,未知,未知,未知,未登记,无,config/数据/来源身份声明补采.json#身份声明[],25925ef8f47870540a3333c51fe109509d1892a094f19e7ed97ee9e9ac0bbbe7,7e617ea65285053e80e850b1a42685e97f1dc11f8a21b09b7a1ddeec481c8607,03ab59e8e774cb766e2fb88000ffb3984a777b0efa71469703eb9d3483184ca5,未知,b3a1fc5ec72ad95e258b584f936ad46befab951e0ee9e43eaa18179e34974387,无法判定,FILE_STAT_OBSERVED_IDENTITY_UNPROVEN,本批次只读；若声明、输入、Schema或授权漂移，既有结论自动失效并须追加新批次,未读取业务正文、价格、成交、订单簿、账户或凭据；身份字段不完整,为该成员提供当前版本九字段声明及逐字段Schema、授权和唯一证据定位后追加不可变批次,2d50c1344a835ceeb832796935182aeff80bb03cecc5465c8cf3aaccbd446acd,86129966e4bc55fac18f2d7602a2309d4403f85861102128a56a80a5a0ccc1ea,ae5e8a744e21f7d96c91b38bb625e8e9ef46f2abd0b116fe41e055ff69f0c97d
source-identity-declaration-20260808T050813+0800-b2487b6c41a5,ZI-af8bf19f503a5a5f7dd6543f,DS-000032,候选数据文件,BTC,4小时;8小时;24小时;48小时,15分钟;1小时,未知,未知,未知,未知,未知,未知,未知,未知,未知,未登记,无,config/数据/来源身份声明补采.json#身份声明[],25925ef8f47870540a3333c51fe109509d1892a094f19e7ed97ee9e9ac0bbbe7,2ce15b1930aad50b11f350398a0b450644e98b842f7ef2acedf4bee77e77db57,d4f0454fb81a9c29f899f9445d661e3f29161be0e20e0339e9a3bb9b947cc022,未知,b3a1fc5ec72ad95e258b584f936ad46befab951e0ee9e43eaa18179e34974387,无法判定,FILE_STAT_OBSERVED_IDENTITY_UNPROVEN,本批次只读；若声明、输入、Schema或授权漂移，既有结论自动失效并须追加新批次,未读取业务正文、价格、成交、订单簿、账户或凭据；身份字段不完整,为该成员提供当前版本九字段声明及逐字段Schema、授权和唯一证据定位后追加不可变批次,2d50c1344a835ceeb832796935182aeff80bb03cecc5465c8cf3aaccbd446acd,86129966e4bc55fac18f2d7602a2309d4403f85861102128a56a80a5a0ccc1ea,2000a409ce26a323105750d3d18dbdcd29b7bc7a34822c5782702d10b98363a1
source-identity-declaration-20260808T050813+0800-b2487b6c41a5,ZI-0e19e886b80de5aa05aaf456,DS-000033,候选数据文件,BTC,4小时;8小时;24小时;48小时,15分钟;1小时,未知,未知,未知,未知,未知,未知,未知,未知,未知,未登记,无,config/数据/来源身份声明补采.json#身份声明[],25925ef8f47870540a3333c51fe109509d1892a094f19e7ed97ee9e9ac0bbbe7,6c383d50d95f4de8a57eed3f877bf95e02d1617101a25d532b17bf06f1520432,aaaa223c6f21891dd45561d9c42e7cbff0a7c4773594b6b9edb5e0098ff0b40e,未知,b3a1fc5ec72ad95e258b584f936ad46befab951e0ee9e43eaa18179e34974387,无法判定,FILE_STAT_OBSERVED_IDENTITY_UNPROVEN,本批次只读；若声明、输入、Schema或授权漂移，既有结论自动失效并须追加新批次,未读取业务正文、价格、成交、订单簿、账户或凭据；身份字段不完整,为该成员提供当前版本九字段声明及逐字段Schema、授权和唯一证据定位后追加不可变批次,2d50c1344a835ceeb832796935182aeff80bb03cecc5465c8cf3aaccbd446acd,86129966e4bc55fac18f2d7602a2309d4403f85861102128a56a80a5a0ccc1ea,053eeabba6ca81295793323e2c8cb3ec09797845a5bddea91f639a414fe1478d
source-identity-declaration-20260808T050813+0800-b2487b6c41a5,ZI-d0e75a2e82e0873897d28939,DS-000034,候选数据文件,BTC,4小时;8小时;24小时;48小时,15分钟;1小时,未知,未知,未知,未知,未知,未知,未知,未知,未知,未登记,无,config/数据/来源身份声明补采.json#身份声明[],25925ef8f47870540a3333c51fe109509d1892a094f19e7ed97ee9e9ac0bbbe7,620ec0b6af2da2ee08cf1e41e20fb6206dec2fe11c489115b4686ab4d470868b,a01637dd420036d7350e638e74f3446d7bb6eab8c381e617cb8a151b13d187e2,未知,b3a1fc5ec72ad95e258b584f936ad46befab951e0ee9e43eaa18179e34974387,无法判定,FILE_STAT_OBSERVED_IDENTITY_UNPROVEN,本批次只读；若声明、输入、Schema或授权漂移，既有结论自动失效并须追加新批次,未读取业务正文、价格、成交、订单簿、账户或凭据；身份字段不完整,为该成员提供当前版本九字段声明及逐字段Schema、授权和唯一证据定位后追加不可变批次,2d50c1344a835ceeb832796935182aeff80bb03cecc5465c8cf3aaccbd446acd,86129966e4bc55fac18f2d7602a2309d4403f85861102128a56a80a5a0ccc1ea,5c2cea9bc31652fee337c1674c547960d6a95a331d6dd46802234e62dacadc93
source-identity-declaration-20260808T050813+0800-b2487b6c41a5,ZI-9f4947e6d2fa71654647194e,DS-000035,候选数据文件,BTC,4小时;8小时;24小时;48小时,15分钟;1小时,未知,未知,未知,未知,未知,未知,未知,未知,未知,未登记,无,config/数据/来源身份声明补采.json#身份声明[],25925ef8f47870540a3333c51fe109509d1892a094f19e7ed97ee9e9ac0bbbe7,c8052ba5f3ee15d405a6a41853edafb8cc7df932629aa95e77ecbbf0cf89d0c9,7eb455130bf984a8fcdb908e3cf4afcfe777dd54303cbefcfd031147206fbd8e,未知,b3a1fc5ec72ad95e258b584f936ad46befab951e0ee9e43eaa18179e34974387,无法判定,FILE_STAT_OBSERVED_IDENTITY_UNPROVEN,本批次只读；若声明、输入、Schema或授权漂移，既有结论自动失效并须追加新批次,未读取业务正文、价格、成交、订单簿、账户或凭据；身份字段不完整,为该成员提供当前版本九字段声明及逐字段Schema、授权和唯一证据定位后追加不可变批次,2d50c1344a835ceeb832796935182aeff80bb03cecc5465c8cf3aaccbd446acd,86129966e4bc55fac18f2d7602a2309d4403f85861102128a56a80a5a0ccc1ea,1b278da002f804fe688f1560f4659287fd96a6cea0f23b09382984ca28c2955f
source-identity-declaration-20260808T050813+0800-b2487b6c41a5,ZI-71dc83b38b1a5a4983d0c730,DS-000036,候选数据文件,BTC,4小时;8小时;24小时;48小时,15分钟;1小时,未知,未知,未知,未知,未知,未知,未知,未知,未知,未登记,无,config/数据/来源身份声明补采.json#身份声明[],25925ef8f47870540a3333c51fe109509d1892a094f19e7ed97ee9e9ac0bbbe7,831dbef09d5e1df0dc41e48ab9504365e6e18a12807ca94e1c805c8181299249,c4f22a85750bb0304abb271618e0b591819a12749f5f1fc70594e81094ee0c66,未知,b3a1fc5ec72ad95e258b584f936ad46befab951e0ee9e43eaa18179e34974387,无法判定,FILE_STAT_OBSERVED_IDENTITY_UNPROVEN,本批次只读；若声明、输入、Schema或授权漂移，既有结论自动失效并须追加新批次,未读取业务正文、价格、成交、订单簿、账户或凭据；身份字段不完整,为该成员提供当前版本九字段声明及逐字段Schema、授权和唯一证据定位后追加不可变批次,2d50c1344a835ceeb832796935182aeff80bb03cecc5465c8cf3aaccbd446acd,86129966e4bc55fac18f2d7602a2309d4403f85861102128a56a80a5a0ccc1ea,9657ad7dd90fd96cc46d60b6782a13e9e21a8df6983ddb5f89f87d039966f3fc
source-identity-declaration-20260808T050813+0800-b2487b6c41a5,ZI-6f99492a5fbd85c183f61d8e,DS-000037,候选数据文件,BTC,4小时;8小时;24小时;48小时,15分钟;1小时,未知,未知,未知,未知,未知,未知,未知,未知,未知,未登记,无,config/数据/来源身份声明补采.json#身份声明[],25925ef8f47870540a3333c51fe109509d1892a094f19e7ed97ee9e9ac0bbbe7,c6a61887a923c5a8e4ba052c9fa91d7c255b03f4bcc5c28d53deafc5f40d8e2b,17626b9fd43c49af70347bca70733764ac11853c03bc46cf4079a555eebd20a4,未知,b3a1fc5ec72ad95e258b584f936ad46befab951e0ee9e43eaa18179e34974387,无法判定,FILE_STAT_OBSERVED_IDENTITY_UNPROVEN,本批次只读；若声明、输入、Schema或授权漂移，既有结论自动失效并须追加新批次,未读取业务正文、价格、成交、订单簿、账户或凭据；身份字段不完整,为该成员提供当前版本九字段声明及逐字段Schema、授权和唯一证据定位后追加不可变批次,2d50c1344a835ceeb832796935182aeff80bb03cecc5465c8cf3aaccbd446acd,86129966e4bc55fac18f2d7602a2309d4403f85861102128a56a80a5a0ccc1ea,ee070266c556bc15aaa260c9cfb725bb6df9e52393564519e48fcc81636773f5
source-identity-declaration-20260808T050813+0800-b2487b6c41a5,ZI-9d505f466a534d4c682806e4,DS-000038,候选数据文件,BTC,4小时;8小时;24小时;48小时,15分钟;1小时,未知,未知,未知,未知,未知,未知,未知,未知,未知,未登记,无,config/数据/来源身份声明补采.json#身份声明[],25925ef8f47870540a3333c51fe109509d1892a094f19e7ed97ee9e9ac0bbbe7,fa4631a27e1710a2adac5e18f14fba4d3ac7985b62a900a8a32921c0f616b5e6,559ad5a118a39b34f6f5214d20e9e851eddf34b0a4078ecef8416070fc140c2d,未知,b3a1fc5ec72ad95e258b584f936ad46befab951e0ee9e43eaa18179e34974387,无法判定,FILE_STAT_OBSERVED_IDENTITY_UNPROVEN,本批次只读；若声明、输入、Schema或授权漂移，既有结论自动失效并须追加新批次,未读取业务正文、价格、成交、订单簿、账户或凭据；身份字段不完整,为该成员提供当前版本九字段声明及逐字段Schema、授权和唯一证据定位后追加不可变批次,2d50c1344a835ceeb832796935182aeff80bb03cecc5465c8cf3aaccbd446acd,86129966e4bc55fac18f2d7602a2309d4403f85861102128a56a80a5a0ccc1ea,46e2da10e1abf83c82adb7cf95d593aa50ac1ceb3f31e6918fa36dfa45b69fed
source-identity-declaration-20260808T050813+0800-b2487b6c41a5,ZI-5202b33cd76d35c9b4da14bf,DS-000039,候选数据文件,BTC,4小时;8小时;24小时;48小时,15分钟;1小时,未知,未知,未知,未知,未知,未知,未知,未知,未知,未登记,无,config/数据/来源身份声明补采.json#身份声明[],25925ef8f47870540a3333c51fe109509d1892a094f19e7ed97ee9e9ac0bbbe7,87a8b34d0a521a1b81b170b9eadc51933b3582c7ff859894e05f962bbaa7b31a,e8acbd649d723c9047cb103361a9631b834d7e8ad72442860661999aeb32eddc,未知,b3a1fc5ec72ad95e258b584f936ad46befab951e0ee9e43eaa18179e34974387,无法判定,FILE_STAT_OBSERVED_IDENTITY_UNPROVEN,本批次只读；若声明、输入、Schema或授权漂移，既有结论自动失效并须追加新批次,未读取业务正文、价格、成交、订单簿、账户或凭据；身份字段不完整,为该成员提供当前版本九字段声明及逐字段Schema、授权和唯一证据定位后追加不可变批次,2d50c1344a835ceeb832796935182aeff80bb03cecc5465c8cf3aaccbd446acd,86129966e4bc55fac18f2d7602a2309d4403f85861102128a56a80a5a0ccc1ea,18d9f703400700fca1389cca562b5aceadf9b6f6db7eb1caa6d9b1ea219c2490
source-identity-declaration-20260808T050813+0800-b2487b6c41a5,ZI-eb360ff1fbdbe74db1aaedae,DS-000040,候选数据文件,BTC,4小时;8小时;24小时;48小时,15分钟;1小时,未知,未知,未知,未知,未知,未知,未知,未知,未知,未登记,无,config/数据/来源身份声明补采.json#身份声明[],25925ef8f47870540a3333c51fe109509d1892a094f19e7ed97ee9e9ac0bbbe7,4790bac68af16a75efca855b27de95148a8f7d869a8eb4d8366de3015c759626,d4f4f0be34c615ad02899b56af3613910cdb752ce3004315c045c92c382d4567,未知,b3a1fc5ec72ad95e258b584f936ad46befab951e0ee9e43eaa18179e34974387,无法判定,FILE_STAT_OBSERVED_IDENTITY_UNPROVEN,本批次只读；若声明、输入、Schema或授权漂移，既有结论自动失效并须追加新批次,未读取业务正文、价格、成交、订单簿、账户或凭据；身份字段不完整,为该成员提供当前版本九字段声明及逐字段Schema、授权和唯一证据定位后追加不可变批次,2d50c1344a835ceeb832796935182aeff80bb03cecc5465c8cf3aaccbd446acd,86129966e4bc55fac18f2d7602a2309d4403f85861102128a56a80a5a0ccc1ea,7dd45e5bc35efcc0a3b6d9e56bd0953833bd2024d1d2a84c0ec085fba422e91a
source-identity-declaration-20260808T050813+0800-b2487b6c41a5,ZI-59cd4def5a80d4b7162c7401,DS-000041,候选数据文件,BTC,4小时;8小时;24小时;48小时,15分钟;1小时,未知,未知,未知,未知,未知,未知,未知,未知,未知,未登记,无,config/数据/来源身份声明补采.json#身份声明[],25925ef8f47870540a3333c51fe109509d1892a094f19e7ed97ee9e9ac0bbbe7,286620d7066b28b8ed933077901ecb9ff8a5c8e40df6514ff7c3ba5ecac9abe8,6466d27c4cacb1b44340701a0f9953f1044a436672e0ab6b229502c56183e6df,未知,b3a1fc5ec72ad95e258b584f936ad46befab951e0ee9e43eaa18179e34974387,无法判定,FILE_STAT_OBSERVED_IDENTITY_UNPROVEN,本批次只读；若声明、输入、Schema或授权漂移，既有结论自动失效并须追加新批次,未读取业务正文、价格、成交、订单簿、账户或凭据；身份字段不完整,为该成员提供当前版本九字段声明及逐字段Schema、授权和唯一证据定位后追加不可变批次,2d50c1344a835ceeb832796935182aeff80bb03cecc5465c8cf3aaccbd446acd,86129966e4bc55fac18f2d7602a2309d4403f85861102128a56a80a5a0ccc1ea,569df2036f2ff9dfd4bcd3afe6e4ce2a9b7ad3f10b138f5b7c838145f3367cc4
source-identity-declaration-20260808T050813+0800-b2487b6c41a5,ZI-28b27eba60391c882e91fe7c,DS-000042,候选数据文件,BTC,4小时;8小时;24小时;48小时,15分钟;1小时,未知,未知,未知,未知,未知,未知,未知,未知,未知,未登记,无,config/数据/来源身份声明补采.json#身份声明[],25925ef8f47870540a3333c51fe109509d1892a094f19e7ed97ee9e9ac0bbbe7,9481f1a90753f8379ea69a4aa88f1289d5bb48cf515812dd34aca6a32ed0708f,5a5b0d58f6e34a58ddc18dd810ece30e36250221a82d0f308d3fd5aa1c139400,未知,b3a1fc5ec72ad95e258b584f936ad46befab951e0ee9e43eaa18179e34974387,拒绝,INPUT_MEMBER_REJECTED,本批次只读；若声明、输入、Schema或授权漂移，既有结论自动失效并须追加新批次,未读取业务正文、价格、成交、订单簿、账户或凭据；身份字段不完整,为该成员提供当前版本九字段声明及逐字段Schema、授权和唯一证据定位后追加不可变批次,2d50c1344a835ceeb832796935182aeff80bb03cecc5465c8cf3aaccbd446acd,86129966e4bc55fac18f2d7602a2309d4403f85861102128a56a80a5a0ccc1ea,f8d52118a8d06250b5f2436e663eb582e3310c7ede11658fc30d70ae1c1ac458
source-identity-declaration-20260808T050813+0800-b2487b6c41a5,ZI-1cf476188f922d17399cba47,DS-000043,候选数据文件,BTC,4小时;8小时;24小时;48小时,15分钟;1小时,未知,未知,未知,未知,未知,未知,未知,未知,未知,未登记,无,config/数据/来源身份声明补采.json#身份声明[],25925ef8f47870540a3333c51fe109509d1892a094f19e7ed97ee9e9ac0bbbe7,ab6e9c5b122b709541147d45af09142fa48c4c8a57e5fd6e14d93cbfe55942f2,f1af5c27aab013187cc6332f83885a31036557bb1cd4001d5390487a5f39e216,未知,b3a1fc5ec72ad95e258b584f936ad46befab951e0ee9e43eaa18179e34974387,无法判定,FILE_STAT_OBSERVED_IDENTITY_UNPROVEN,本批次只读；若声明、输入、Schema或授权漂移，既有结论自动失效并须追加新批次,未读取业务正文、价格、成交、订单簿、账户或凭据；身份字段不完整,为该成员提供当前版本九字段声明及逐字段Schema、授权和唯一证据定位后追加不可变批次,2d50c1344a835ceeb832796935182aeff80bb03cecc5465c8cf3aaccbd446acd,86129966e4bc55fac18f2d7602a2309d4403f85861102128a56a80a5a0ccc1ea,f0b9163ffc9070495d71190d944f31f9b311c64af2847a4d8a198e73892952b2
source-identity-declaration-20260808T050813+0800-b2487b6c41a5,ZI-3f0f96416ab0e94e0fb49698,DS-000044,候选数据文件,BTC,4小时;8小时;24小时;48小时,15分钟;1小时,未知,未知,未知,未知,未知,未知,未知,未知,未知,未登记,无,config/数据/来源身份声明补采.json#身份声明[],25925ef8f47870540a3333c51fe109509d1892a094f19e7ed97ee9e9ac0bbbe7,4b351da245a5729653e1e8695950bb4ec677aa15b29af4adcaea6d6c4773688a,5990fc9f777f3a08f3a03f46f067ee00ec5826ede9a27082c1a57ba0ccd0e345,未知,b3a1fc5ec72ad95e258b584f936ad46befab951e0ee9e43eaa18179e34974387,无法判定,FILE_STAT_OBSERVED_IDENTITY_UNPROVEN,本批次只读；若声明、输入、Schema或授权漂移，既有结论自动失效并须追加新批次,未读取业务正文、价格、成交、订单簿、账户或凭据；身份字段不完整,为该成员提供当前版本九字段声明及逐字段Schema、授权和唯一证据定位后追加不可变批次,2d50c1344a835ceeb832796935182aeff80bb03cecc5465c8cf3aaccbd446acd,86129966e4bc55fac18f2d7602a2309d4403f85861102128a56a80a5a0ccc1ea,4bf9787011a0f84789d692f6c75863bb529f6ba73b5c3a6dacf854dd7152982b
source-identity-declaration-20260808T050813+0800-b2487b6c41a5,ZI-e95abca6578fd05efc1e15f3,DS-000045,候选数据文件,BTC,4小时;8小时;24小时;48小时,15分钟;1小时,未知,未知,未知,未知,未知,未知,未知,未知,未知,未登记,无,config/数据/来源身份声明补采.json#身份声明[],25925ef8f47870540a3333c51fe109509d1892a094f19e7ed97ee9e9ac0bbbe7,7969b3cc256f4b649caaa29cb58c697653c15965c89907fd86f2e98016eff342,4a672bbf789d8418ab929419c221e3ea11a5d4886b4df96d1cc466617293a28c,未知,b3a1fc5ec72ad95e258b584f936ad46befab951e0ee9e43eaa18179e34974387,无法判定,FILE_STAT_OBSERVED_IDENTITY_UNPROVEN,本批次只读；若声明、输入、Schema或授权漂移，既有结论自动失效并须追加新批次,未读取业务正文、价格、成交、订单簿、账户或凭据；身份字段不完整,为该成员提供当前版本九字段声明及逐字段Schema、授权和唯一证据定位后追加不可变批次,2d50c1344a835ceeb832796935182aeff80bb03cecc5465c8cf3aaccbd446acd,86129966e4bc55fac18f2d7602a2309d4403f85861102128a56a80a5a0ccc1ea,db364abdd43ff10ba97a1edd6bf4400577fb314423cb7df0ebb29af248932b0e
source-identity-declaration-20260808T050813+0800-b2487b6c41a5,ZI-3379bd8636483e94be99ec24,DS-000046,候选数据文件,BTC,4小时;8小时;24小时;48小时,15分钟;1小时,未知,未知,未知,未知,未知,未知,未知,未知,未知,未登记,无,config/数据/来源身份声明补采.json#身份声明[],25925ef8f47870540a3333c51fe109509d1892a094f19e7ed97ee9e9ac0bbbe7,d2c16595af2ff812b9699afbac5821cee73e4c3f6842fa3a5a109853626e6c4d,4d70a250b389eb733f5144e8845ac7cf47b4af915a0ae8ca11265a6e2d4d066f,未知,b3a1fc5ec72ad95e258b584f936ad46befab951e0ee9e43eaa18179e34974387,无法判定,FILE_STAT_OBSERVED_IDENTITY_UNPROVEN,本批次只读；若声明、输入、Schema或授权漂移，既有结论自动失效并须追加新批次,未读取业务正文、价格、成交、订单簿、账户或凭据；身份字段不完整,为该成员提供当前版本九字段声明及逐字段Schema、授权和唯一证据定位后追加不可变批次,2d50c1344a835ceeb832796935182aeff80bb03cecc5465c8cf3aaccbd446acd,86129966e4bc55fac18f2d7602a2309d4403f85861102128a56a80a5a0ccc1ea,46c05def5bc0c2dfa7f8f44ac0267343be63078babb80a6a0593263b9f838a4e
source-identity-declaration-20260808T050813+0800-b2487b6c41a5,ZI-e9c04e44e219308250fcfba3,DS-000047,候选数据文件,BTC,4小时;8小时;24小时;48小时,15分钟;1小时,未知,未知,未知,未知,未知,未知,未知,未知,未知,未登记,无,config/数据/来源身份声明补采.json#身份声明[],25925ef8f47870540a3333c51fe109509d1892a094f19e7ed97ee9e9ac0bbbe7,bef8b79e0bee8d3d15ff6d609fb35f08d45972b26fe4f024fbeee00416ef25a9,46b1a39ec8b38aa5a4c52cda15baa63de901bc1a6ec17e421876bd8aa4e7b6c9,未知,b3a1fc5ec72ad95e258b584f936ad46befab951e0ee9e43eaa18179e34974387,无法判定,FILE_STAT_OBSERVED_IDENTITY_UNPROVEN,本批次只读；若声明、输入、Schema或授权漂移，既有结论自动失效并须追加新批次,未读取业务正文、价格、成交、订单簿、账户或凭据；身份字段不完整,为该成员提供当前版本九字段声明及逐字段Schema、授权和唯一证据定位后追加不可变批次,2d50c1344a835ceeb832796935182aeff80bb03cecc5465c8cf3aaccbd446acd,86129966e4bc55fac18f2d7602a2309d4403f85861102128a56a80a5a0ccc1ea,11ecf3ba38cd09becd64182a683d902fcbb981787f2b79fe918a10b4053ab595
source-identity-declaration-20260808T050813+0800-b2487b6c41a5,ZI-99675e73612aefac9625cff4,DS-000048,候选数据文件,BTC,4小时;8小时;24小时;48小时,15分钟;1小时,未知,未知,未知,未知,未知,未知,未知,未知,未知,未登记,无,config/数据/来源身份声明补采.json#身份声明[],25925ef8f47870540a3333c51fe109509d1892a094f19e7ed97ee9e9ac0bbbe7,27c0d7523fd027e4594aaaebc9fd2b4c9853db367233c9469ddddb6909841121,b130c943a71f5e8f7eeda223021569da1e0b67b02216504de601bda39a375860,未知,b3a1fc5ec72ad95e258b584f936ad46befab951e0ee9e43eaa18179e34974387,无法判定,FILE_STAT_OBSERVED_IDENTITY_UNPROVEN,本批次只读；若声明、输入、Schema或授权漂移，既有结论自动失效并须追加新批次,未读取业务正文、价格、成交、订单簿、账户或凭据；身份字段不完整,为该成员提供当前版本九字段声明及逐字段Schema、授权和唯一证据定位后追加不可变批次,2d50c1344a835ceeb832796935182aeff80bb03cecc5465c8cf3aaccbd446acd,86129966e4bc55fac18f2d7602a2309d4403f85861102128a56a80a5a0ccc1ea,6623e262283b76580f3a2d3901b62a09f1cc38502fcc79cb07879abd9ba7feff
source-identity-declaration-20260808T050813+0800-b2487b6c41a5,ZI-feaa0f97c21b956a87e42395,DS-000049,候选数据文件,BTC,4小时;8小时;24小时;48小时,15分钟;1小时,未知,未知,未知,未知,未知,未知,未知,未知,未知,未登记,无,config/数据/来源身份声明补采.json#身份声明[],25925ef8f47870540a3333c51fe109509d1892a094f19e7ed97ee9e9ac0bbbe7,4fe0f84c8d96411a88be702c038c1a07e59990872b4f40ea4c994bc83ed839a3,cbec9eccd0ff91df26387ee379b364634312b6b2bc4a236cda20de94fceda7c7,未知,b3a1fc5ec72ad95e258b584f936ad46befab951e0ee9e43eaa18179e34974387,无法判定,FILE_STAT_OBSERVED_IDENTITY_UNPROVEN,本批次只读；若声明、输入、Schema或授权漂移，既有结论自动失效并须追加新批次,未读取业务正文、价格、成交、订单簿、账户或凭据；身份字段不完整,为该成员提供当前版本九字段声明及逐字段Schema、授权和唯一证据定位后追加不可变批次,2d50c1344a835ceeb832796935182aeff80bb03cecc5465c8cf3aaccbd446acd,86129966e4bc55fac18f2d7602a2309d4403f85861102128a56a80a5a0ccc1ea,bba565136542c690e56648f0f3788a4612c08c7a0ee2675318fc9e2cb6155f4d
source-identity-declaration-20260808T050813+0800-b2487b6c41a5,ZI-833060375f085d1b0f2b75c7,DS-000050,候选数据文件,BTC,4小时;8小时;24小时;48小时,15分钟;1小时,未知,未知,未知,未知,未知,未知,未知,未知,未知,未登记,无,config/数据/来源身份声明补采.json#身份声明[],25925ef8f47870540a3333c51fe109509d1892a094f19e7ed97ee9e9ac0bbbe7,dbba04adf9e0ed6082031b7d3b413eec7ec31a70b2e28e729c73ec97d3a920c4,e15aa3f757d94453fbbb03dbdafb0ada84fa6a63d3e852250fccf88237d587b9,未知,b3a1fc5ec72ad95e258b584f936ad46befab951e0ee9e43eaa18179e34974387,无法判定,FILE_STAT_OBSERVED_IDENTITY_UNPROVEN,本批次只读；若声明、输入、Schema或授权漂移，既有结论自动失效并须追加新批次,未读取业务正文、价格、成交、订单簿、账户或凭据；身份字段不完整,为该成员提供当前版本九字段声明及逐字段Schema、授权和唯一证据定位后追加不可变批次,2d50c1344a835ceeb832796935182aeff80bb03cecc5465c8cf3aaccbd446acd,86129966e4bc55fac18f2d7602a2309d4403f85861102128a56a80a5a0ccc1ea,563ba78f9e60272b455e274de1650bcd840d1321a4a306abb60b24bca91d63c1
source-identity-declaration-20260808T050813+0800-b2487b6c41a5,ZI-97f8dcaf6e0dc9d1a0e4bbdb,DS-000051,候选数据文件,BTC,4小时;8小时;24小时;48小时,15分钟;1小时,未知,未知,未知,未知,未知,未知,未知,未知,未知,未登记,无,config/数据/来源身份声明补采.json#身份声明[],25925ef8f47870540a3333c51fe109509d1892a094f19e7ed97ee9e9ac0bbbe7,a7632909fefcd410f99ea46b0ca9e8c6c0a75f845b8499b8f0e2a6438275e2d2,47720c6b67b3bfe9b9aa4e696ff944726ae1eb7706b3766b52f7b8463eb618e4,未知,b3a1fc5ec72ad95e258b584f936ad46befab951e0ee9e43eaa18179e34974387,无法判定,FILE_STAT_OBSERVED_IDENTITY_UNPROVEN,本批次只读；若声明、输入、Schema或授权漂移，既有结论自动失效并须追加新批次,未读取业务正文、价格、成交、订单簿、账户或凭据；身份字段不完整,为该成员提供当前版本九字段声明及逐字段Schema、授权和唯一证据定位后追加不可变批次,2d50c1344a835ceeb832796935182aeff80bb03cecc5465c8cf3aaccbd446acd,86129966e4bc55fac18f2d7602a2309d4403f85861102128a56a80a5a0ccc1ea,5f9397ae3c44f37755485192d19394f488178ce6e6508d6deb4983c7846cbe20
source-identity-declaration-20260808T050813+0800-b2487b6c41a5,ZI-f0e8c66b07d04a1be38b27dd,DS-000052,候选数据文件,BTC,4小时;8小时;24小时;48小时,15分钟;1小时,未知,未知,未知,未知,未知,未知,未知,未知,未知,未登记,无,config/数据/来源身份声明补采.json#身份声明[],25925ef8f47870540a3333c51fe109509d1892a094f19e7ed97ee9e9ac0bbbe7,04143c6927d1275ecc2e6a7ad519ea36c53154683aee2d5e619e273dfbd2c3a5,cd7c6b01d898b9462f4f3346ebb39e1b25ec39b8f5628981628c8786641cd225,未知,b3a1fc5ec72ad95e258b584f936ad46befab951e0ee9e43eaa18179e34974387,无法判定,FILE_STAT_OBSERVED_IDENTITY_UNPROVEN,本批次只读；若声明、输入、Schema或授权漂移，既有结论自动失效并须追加新批次,未读取业务正文、价格、成交、订单簿、账户或凭据；身份字段不完整,为该成员提供当前版本九字段声明及逐字段Schema、授权和唯一证据定位后追加不可变批次,2d50c1344a835ceeb832796935182aeff80bb03cecc5465c8cf3aaccbd446acd,86129966e4bc55fac18f2d7602a2309d4403f85861102128a56a80a5a0ccc1ea,ccae5129207a461ebf44c924324c422aa010dcbbe5b07fedf7660fe1bbf1a9f6
source-identity-declaration-20260808T050813+0800-b2487b6c41a5,ZI-3b5d3d5f111d5d79a85d29b4,DS-000053,候选数据文件,BTC,4小时;8小时;24小时;48小时,15分钟;1小时,未知,未知,未知,未知,未知,未知,未知,未知,未知,未登记,无,config/数据/来源身份声明补采.json#身份声明[],25925ef8f47870540a3333c51fe109509d1892a094f19e7ed97ee9e9ac0bbbe7,727c4cd15bbd1028cdcf0542f546b79bdf0b6cf5848a5c9875880c0c1d118d34,9b62144dbc2b5b3f18e34c440a441032ef7e0d4e059dbd6d62c5d13f9a0927b9,未知,b3a1fc5ec72ad95e258b584f936ad46befab951e0ee9e43eaa18179e34974387,无法判定,FILE_STAT_OBSERVED_IDENTITY_UNPROVEN,本批次只读；若声明、输入、Schema或授权漂移，既有结论自动失效并须追加新批次,未读取业务正文、价格、成交、订单簿、账户或凭据；身份字段不完整,为该成员提供当前版本九字段声明及逐字段Schema、授权和唯一证据定位后追加不可变批次,2d50c1344a835ceeb832796935182aeff80bb03cecc5465c8cf3aaccbd446acd,86129966e4bc55fac18f2d7602a2309d4403f85861102128a56a80a5a0ccc1ea,9ea10aadee473ff9d9c793c7b48e3a02392cbd5e5367c35f25fa0774bccd860c
source-identity-declaration-20260808T050813+0800-b2487b6c41a5,ZI-87c2a233404d1351a0c1614a,DS-000054,候选数据文件,BTC,4小时;8小时;24小时;48小时,15分钟;1小时,未知,未知,未知,未知,未知,未知,未知,未知,未知,未登记,无,config/数据/来源身份声明补采.json#身份声明[],25925ef8f47870540a3333c51fe109509d1892a094f19e7ed97ee9e9ac0bbbe7,4eca34b92987b0f4628fe992c99d93e94d8dda2644da3ff72acf419a06dd10dc,bf4db291e24ce003a29e8b49a1bf8ee1ae69eab1811226ac1b31e92813a61408,未知,b3a1fc5ec72ad95e258b584f936ad46befab951e0ee9e43eaa18179e34974387,无法判定,FILE_STAT_OBSERVED_IDENTITY_UNPROVEN,本批次只读；若声明、输入、Schema或授权漂移，既有结论自动失效并须追加新批次,未读取业务正文、价格、成交、订单簿、账户或凭据；身份字段不完整,为该成员提供当前版本九字段声明及逐字段Schema、授权和唯一证据定位后追加不可变批次,2d50c1344a835ceeb832796935182aeff80bb03cecc5465c8cf3aaccbd446acd,86129966e4bc55fac18f2d7602a2309d4403f85861102128a56a80a5a0ccc1ea,1c99d981c2943bffe2fd0d2fe6a82d1eea43a52ca1e10d9a10c5294a37cd6169
source-identity-declaration-20260808T050813+0800-b2487b6c41a5,ZI-a0e8958994c3e7cc60444105,DS-000055,候选数据文件,BTC,4小时;8小时;24小时;48小时,15分钟;1小时,未知,未知,未知,未知,未知,未知,未知,未知,未知,未登记,无,config/数据/来源身份声明补采.json#身份声明[],25925ef8f47870540a3333c51fe109509d1892a094f19e7ed97ee9e9ac0bbbe7,d7a56bb2b3f2d1353ae1bdb490dd50f66b9a721e38cbd5d20c71732b5afae1f2,df27138421e3a2345115444ed48245433486494c8dd1a65fbc0e56d46527c892,未知,b3a1fc5ec72ad95e258b584f936ad46befab951e0ee9e43eaa18179e34974387,无法判定,FILE_STAT_OBSERVED_IDENTITY_UNPROVEN,本批次只读；若声明、输入、Schema或授权漂移，既有结论自动失效并须追加新批次,未读取业务正文、价格、成交、订单簿、账户或凭据；身份字段不完整,为该成员提供当前版本九字段声明及逐字段Schema、授权和唯一证据定位后追加不可变批次,2d50c1344a835ceeb832796935182aeff80bb03cecc5465c8cf3aaccbd446acd,86129966e4bc55fac18f2d7602a2309d4403f85861102128a56a80a5a0ccc1ea,dd122c2ac84fe75a461cd230a291da45f0bbe8db57438ce49edd7098d448c36c
source-identity-declaration-20260808T050813+0800-b2487b6c41a5,ZI-54e62d810981feeba9196e8d,DS-000056,候选数据文件,BTC,4小时;8小时;24小时;48小时,15分钟;1小时,未知,未知,未知,未知,未知,未知,未知,未知,未知,未登记,无,config/数据/来源身份声明补采.json#身份声明[],25925ef8f47870540a3333c51fe109509d1892a094f19e7ed97ee9e9ac0bbbe7,664065d8bcbfde6ce83948e226f424c3f8c73c2aa7a808c48ca3483bbcfdd2d2,9f6e9e7cd3d9267eb45db30dff92330cb57c087ee00809fe19c775f72c394d14,未知,b3a1fc5ec72ad95e258b584f936ad46befab951e0ee9e43eaa18179e34974387,无法判定,FILE_STAT_OBSERVED_IDENTITY_UNPROVEN,本批次只读；若声明、输入、Schema或授权漂移，既有结论自动失效并须追加新批次,未读取业务正文、价格、成交、订单簿、账户或凭据；身份字段不完整,为该成员提供当前版本九字段声明及逐字段Schema、授权和唯一证据定位后追加不可变批次,2d50c1344a835ceeb832796935182aeff80bb03cecc5465c8cf3aaccbd446acd,86129966e4bc55fac18f2d7602a2309d4403f85861102128a56a80a5a0ccc1ea,ed424c6390e417ffae64525b7db6d9874c44889039a754f1c7a8e2a6b906958f
source-identity-declaration-20260808T050813+0800-b2487b6c41a5,ZI-1ffb29f3c048f7f9c99afb68,DS-000057,候选数据文件,BTC,4小时;8小时;24小时;48小时,15分钟;1小时,未知,未知,未知,未知,未知,未知,未知,未知,未知,未登记,无,config/数据/来源身份声明补采.json#身份声明[],25925ef8f47870540a3333c51fe109509d1892a094f19e7ed97ee9e9ac0bbbe7,ae21fda5c0653f332e55a07d8845e164909d455385ec75880755b67592ab6e08,f1c65e289e7ab884b423d6b5ae24ba9ed0fdfe199fecae78e66d80c06d5673a1,未知,b3a1fc5ec72ad95e258b584f936ad46befab951e0ee9e43eaa18179e34974387,无法判定,FILE_STAT_OBSERVED_IDENTITY_UNPROVEN,本批次只读；若声明、输入、Schema或授权漂移，既有结论自动失效并须追加新批次,未读取业务正文、价格、成交、订单簿、账户或凭据；身份字段不完整,为该成员提供当前版本九字段声明及逐字段Schema、授权和唯一证据定位后追加不可变批次,2d50c1344a835ceeb832796935182aeff80bb03cecc5465c8cf3aaccbd446acd,86129966e4bc55fac18f2d7602a2309d4403f85861102128a56a80a5a0ccc1ea,da1a811f53cca63363ace8affb1fbd6fdb6c3bd71b2d14281bc5530ee6491147
source-identity-declaration-20260808T050813+0800-b2487b6c41a5,ZI-6a4189c6cb894961a396d1b1,DS-000058,候选数据文件,BTC,4小时;8小时;24小时;48小时,15分钟;1小时,未知,未知,未知,未知,未知,未知,未知,未知,未知,未登记,无,config/数据/来源身份声明补采.json#身份声明[],25925ef8f47870540a3333c51fe109509d1892a094f19e7ed97ee9e9ac0bbbe7,c660829578896811167b8d845c14d303efa2e3f8b50e904d73e411784995991a,f882f850239191016d3502bd7499952230046fff74428985aabf221d9ff6c12e,未知,b3a1fc5ec72ad95e258b584f936ad46befab951e0ee9e43eaa18179e34974387,无法判定,FILE_STAT_OBSERVED_IDENTITY_UNPROVEN,本批次只读；若声明、输入、Schema或授权漂移，既有结论自动失效并须追加新批次,未读取业务正文、价格、成交、订单簿、账户或凭据；身份字段不完整,为该成员提供当前版本九字段声明及逐字段Schema、授权和唯一证据定位后追加不可变批次,2d50c1344a835ceeb832796935182aeff80bb03cecc5465c8cf3aaccbd446acd,86129966e4bc55fac18f2d7602a2309d4403f85861102128a56a80a5a0ccc1ea,6ccfc9ea599212313397797673aa06d8e35b09fa2ab4c79bc85481e7efdc2e65
source-identity-declaration-20260808T050813+0800-b2487b6c41a5,ZI-00eda622e78ef39a01015ba9,DS-000059,候选数据文件,BTC,4小时;8小时;24小时;48小时,15分钟;1小时,未知,未知,未知,未知,未知,未知,未知,未知,未知,未登记,无,config/数据/来源身份声明补采.json#身份声明[],25925ef8f47870540a3333c51fe109509d1892a094f19e7ed97ee9e9ac0bbbe7,6ab67b288358b14fec04f0192375baa6f051a76cf8cbe96f4f6da90007923591,651365605a3eeecc7b84153ab291e031b5e5a0da9eeed4d927f115422ae1bcf5,未知,b3a1fc5ec72ad95e258b584f936ad46befab951e0ee9e43eaa18179e34974387,无法判定,FILE_STAT_OBSERVED_IDENTITY_UNPROVEN,本批次只读；若声明、输入、Schema或授权漂移，既有结论自动失效并须追加新批次,未读取业务正文、价格、成交、订单簿、账户或凭据；身份字段不完整,为该成员提供当前版本九字段声明及逐字段Schema、授权和唯一证据定位后追加不可变批次,2d50c1344a835ceeb832796935182aeff80bb03cecc5465c8cf3aaccbd446acd,86129966e4bc55fac18f2d7602a2309d4403f85861102128a56a80a5a0ccc1ea,96754ebed29b2f0b8f6b69a5970cde852af92ef9f29a90c2660f93495b917786
source-identity-declaration-20260808T050813+0800-b2487b6c41a5,ZI-53b60db8e4a05b06d7a4c2fc,DS-000060,候选数据文件,BTC,4小时;8小时;24小时;48小时,15分钟;1小时,未知,未知,未知,未知,未知,未知,未知,未知,未知,未登记,无,config/数据/来源身份声明补采.json#身份声明[],25925ef8f47870540a3333c51fe109509d1892a094f19e7ed97ee9e9ac0bbbe7,adf7fdba5eb0d647d00287e9447a608eb8c49dc7152886e47ac7594111d44ddd,12c351038dc469e958fe4100d546c89d5d63a0eb2f8e198c1775b1975c890a4a,未知,b3a1fc5ec72ad95e258b584f936ad46befab951e0ee9e43eaa18179e34974387,无法判定,FILE_STAT_OBSERVED_IDENTITY_UNPROVEN,本批次只读；若声明、输入、Schema或授权漂移，既有结论自动失效并须追加新批次,未读取业务正文、价格、成交、订单簿、账户或凭据；身份字段不完整,为该成员提供当前版本九字段声明及逐字段Schema、授权和唯一证据定位后追加不可变批次,2d50c1344a835ceeb832796935182aeff80bb03cecc5465c8cf3aaccbd446acd,86129966e4bc55fac18f2d7602a2309d4403f85861102128a56a80a5a0ccc1ea,099816d3c5c5a175c3fa6e251ef24ffc9caabf6110d58c9e61284317a08cf36f
source-identity-declaration-20260808T050813+0800-b2487b6c41a5,ZI-3bf1600f7a490d1c0e92c629,DS-000061,候选数据文件,BTC,4小时;8小时;24小时;48小时,15分钟;1小时,未知,未知,未知,未知,未知,未知,未知,未知,未知,未登记,无,config/数据/来源身份声明补采.json#身份声明[],25925ef8f47870540a3333c51fe109509d1892a094f19e7ed97ee9e9ac0bbbe7,3a5d875afbc06a8c4e2c1bfabdef47e60bab08f23564741f433dc66b18ada1f9,8a9ab8deaabae43a111b9a2b5357e0ea3cb35d73eafade080a2863a7233c89ea,未知,b3a1fc5ec72ad95e258b584f936ad46befab951e0ee9e43eaa18179e34974387,无法判定,FILE_STAT_OBSERVED_IDENTITY_UNPROVEN,本批次只读；若声明、输入、Schema或授权漂移，既有结论自动失效并须追加新批次,未读取业务正文、价格、成交、订单簿、账户或凭据；身份字段不完整,为该成员提供当前版本九字段声明及逐字段Schema、授权和唯一证据定位后追加不可变批次,2d50c1344a835ceeb832796935182aeff80bb03cecc5465c8cf3aaccbd446acd,86129966e4bc55fac18f2d7602a2309d4403f85861102128a56a80a5a0ccc1ea,ce595678497ac1f19093d3bc502774d538c3e5cb00b1d41d96d52180856046f3
source-identity-declaration-20260808T050813+0800-b2487b6c41a5,ZI-5997c1cab5104ea92a74dd2e,DS-000062,候选数据文件,BTC,4小时;8小时;24小时;48小时,15分钟;1小时,未知,未知,未知,未知,未知,未知,未知,未知,未知,未登记,无,config/数据/来源身份声明补采.json#身份声明[],25925ef8f47870540a3333c51fe109509d1892a094f19e7ed97ee9e9ac0bbbe7,5710a895d201ba1fbc94beb00d9e2422377065f1fd515e16b50be19199c8a5ec,4aaea957203bce27943d23d9579770bc8aa08256bce1cc1826a27b2c2036a581,未知,b3a1fc5ec72ad95e258b584f936ad46befab951e0ee9e43eaa18179e34974387,无法判定,FILE_STAT_OBSERVED_IDENTITY_UNPROVEN,本批次只读；若声明、输入、Schema或授权漂移，既有结论自动失效并须追加新批次,未读取业务正文、价格、成交、订单簿、账户或凭据；身份字段不完整,为该成员提供当前版本九字段声明及逐字段Schema、授权和唯一证据定位后追加不可变批次,2d50c1344a835ceeb832796935182aeff80bb03cecc5465c8cf3aaccbd446acd,86129966e4bc55fac18f2d7602a2309d4403f85861102128a56a80a5a0ccc1ea,a7ca3cf25bc06c2d97cbafca03c0b1f1b80994b8b8575873052fa1d372f0565c
source-identity-declaration-20260808T050813+0800-b2487b6c41a5,ZI-04475b7c457ff1d625fa1904,DS-000063,候选数据文件,BTC,4小时;8小时;24小时;48小时,15分钟;1小时,未知,未知,未知,未知,未知,未知,未知,未知,未知,未登记,无,config/数据/来源身份声明补采.json#身份声明[],25925ef8f47870540a3333c51fe109509d1892a094f19e7ed97ee9e9ac0bbbe7,26a4dec78e9ebed059e05fe413141f5a5cc7f1dfcb2dd638b319e4006f4ae6b7,5c1cf040b1f2cad7e44808ba948ec78a0f4f306cac1d8458eba84fa3d88e9b6b,未知,b3a1fc5ec72ad95e258b584f936ad46befab951e0ee9e43eaa18179e34974387,无法判定,FILE_STAT_OBSERVED_IDENTITY_UNPROVEN,本批次只读；若声明、输入、Schema或授权漂移，既有结论自动失效并须追加新批次,未读取业务正文、价格、成交、订单簿、账户或凭据；身份字段不完整,为该成员提供当前版本九字段声明及逐字段Schema、授权和唯一证据定位后追加不可变批次,2d50c1344a835ceeb832796935182aeff80bb03cecc5465c8cf3aaccbd446acd,86129966e4bc55fac18f2d7602a2309d4403f85861102128a56a80a5a0ccc1ea,6526586aa7078b540974bf785ba1b6cad9eb952395fece9512b7067fa02f9349
source-identity-declaration-20260808T050813+0800-b2487b6c41a5,ZI-13ef7d5e793b0e8f61f9f6b4,DS-000064,候选数据文件,BTC,4小时;8小时;24小时;48小时,15分钟;1小时,未知,未知,未知,未知,未知,未知,未知,未知,未知,未登记,无,config/数据/来源身份声明补采.json#身份声明[],25925ef8f47870540a3333c51fe109509d1892a094f19e7ed97ee9e9ac0bbbe7,f1f6b00f8921b2167b1f004ba0cb0abd4ef1f7fa7f4123aa449bed5a319e5b47,975b0d7f3e49e42e2ecb879a4d0560bc4e1d7306bfcdd58dae2ea078299254b7,未知,b3a1fc5ec72ad95e258b584f936ad46befab951e0ee9e43eaa18179e34974387,无法判定,FILE_STAT_OBSERVED_IDENTITY_UNPROVEN,本批次只读；若声明、输入、Schema或授权漂移，既有结论自动失效并须追加新批次,未读取业务正文、价格、成交、订单簿、账户或凭据；身份字段不完整,为该成员提供当前版本九字段声明及逐字段Schema、授权和唯一证据定位后追加不可变批次,2d50c1344a835ceeb832796935182aeff80bb03cecc5465c8cf3aaccbd446acd,86129966e4bc55fac18f2d7602a2309d4403f85861102128a56a80a5a0ccc1ea,d1a3dca844569f1d75eb3391ed67e5abd9b175ec89b70a254d1b4f469cc7c1b8
source-identity-declaration-20260808T050813+0800-b2487b6c41a5,ZI-0c25fa7b259d916e8b019c93,DS-000065,候选数据文件,BTC,4小时;8小时;24小时;48小时,15分钟;1小时,未知,未知,未知,未知,未知,未知,未知,未知,未知,未登记,无,config/数据/来源身份声明补采.json#身份声明[],25925ef8f47870540a3333c51fe109509d1892a094f19e7ed97ee9e9ac0bbbe7,eab3d84b522308f2ae60c693e4d4eaa4a5821cd91eba8b0d32793da5476732a3,5ced6eac771c906b451a359360e493fc08647e63e8371e0d892fef33c893c5b2,未知,b3a1fc5ec72ad95e258b584f936ad46befab951e0ee9e43eaa18179e34974387,无法判定,FILE_STAT_OBSERVED_IDENTITY_UNPROVEN,本批次只读；若声明、输入、Schema或授权漂移，既有结论自动失效并须追加新批次,未读取业务正文、价格、成交、订单簿、账户或凭据；身份字段不完整,为该成员提供当前版本九字段声明及逐字段Schema、授权和唯一证据定位后追加不可变批次,2d50c1344a835ceeb832796935182aeff80bb03cecc5465c8cf3aaccbd446acd,86129966e4bc55fac18f2d7602a2309d4403f85861102128a56a80a5a0ccc1ea,0c2144ccb6a94eb8c4812740bd305e6d4eff5b43f9270dc4c446986b5e4ebfb3
source-identity-declaration-20260808T050813+0800-b2487b6c41a5,ZI-b71f8ba08a9ed0ebaf0eb354,DS-000066,候选数据文件,BTC,4小时;8小时;24小时;48小时,15分钟;1小时,未知,未知,未知,未知,未知,未知,未知,未知,未知,未登记,无,config/数据/来源身份声明补采.json#身份声明[],25925ef8f47870540a3333c51fe109509d1892a094f19e7ed97ee9e9ac0bbbe7,b4c1118b099f8af0e0124bcd8ab32c7080e4c77c9db562d06a2ddfb0aaef470f,49627c89939cf1eb48174bba004dd948506e0e9dd8acadbaefa3f59ae850ff66,未知,b3a1fc5ec72ad95e258b584f936ad46befab951e0ee9e43eaa18179e34974387,无法判定,FILE_STAT_OBSERVED_IDENTITY_UNPROVEN,本批次只读；若声明、输入、Schema或授权漂移，既有结论自动失效并须追加新批次,未读取业务正文、价格、成交、订单簿、账户或凭据；身份字段不完整,为该成员提供当前版本九字段声明及逐字段Schema、授权和唯一证据定位后追加不可变批次,2d50c1344a835ceeb832796935182aeff80bb03cecc5465c8cf3aaccbd446acd,86129966e4bc55fac18f2d7602a2309d4403f85861102128a56a80a5a0ccc1ea,ea01064c6738325dc76eaf7d3e50aa2df12515e954e462ebf7c9b405988307fb
source-identity-declaration-20260808T050813+0800-b2487b6c41a5,ZI-a299ddfd734c4ab74af0b3e2,DS-000067,候选数据文件,BTC,4小时;8小时;24小时;48小时,15分钟;1小时,未知,未知,未知,未知,未知,未知,未知,未知,未知,未登记,无,config/数据/来源身份声明补采.json#身份声明[],25925ef8f47870540a3333c51fe109509d1892a094f19e7ed97ee9e9ac0bbbe7,0aacf650e5c210dc3a2f861d8ec121819cbf065be98ebffdaefac4f009fe321b,23b9038a85ed14a2a54b16059f5894baa282799241d5f16565a7ac1f5285bc89,未知,b3a1fc5ec72ad95e258b584f936ad46befab951e0ee9e43eaa18179e34974387,无法判定,FILE_STAT_OBSERVED_IDENTITY_UNPROVEN,本批次只读；若声明、输入、Schema或授权漂移，既有结论自动失效并须追加新批次,未读取业务正文、价格、成交、订单簿、账户或凭据；身份字段不完整,为该成员提供当前版本九字段声明及逐字段Schema、授权和唯一证据定位后追加不可变批次,2d50c1344a835ceeb832796935182aeff80bb03cecc5465c8cf3aaccbd446acd,86129966e4bc55fac18f2d7602a2309d4403f85861102128a56a80a5a0ccc1ea,fcd3aa960a586ebb35ab4f84edee1a5f17b4cf9578f6f2f27678b17149c11775
source-identity-declaration-20260808T050813+0800-b2487b6c41a5,ZI-542e5737b0c583e4ba78c4d8,DS-000068,候选数据文件,BTC,4小时;8小时;24小时;48小时,15分钟;1小时,未知,未知,未知,未知,未知,未知,未知,未知,未知,未登记,无,config/数据/来源身份声明补采.json#身份声明[],25925ef8f47870540a3333c51fe109509d1892a094f19e7ed97ee9e9ac0bbbe7,db30c154a1919ffb0c2c0e6029d2f69014247f83417003c9f872c26cf0a21977,77f7447a7e0aa38f0d517728fdaabe180eef0cb7550aaa9ffa57596bca31fdab,未知,b3a1fc5ec72ad95e258b584f936ad46befab951e0ee9e43eaa18179e34974387,无法判定,FILE_STAT_OBSERVED_IDENTITY_UNPROVEN,本批次只读；若声明、输入、Schema或授权漂移，既有结论自动失效并须追加新批次,未读取业务正文、价格、成交、订单簿、账户或凭据；身份字段不完整,为该成员提供当前版本九字段声明及逐字段Schema、授权和唯一证据定位后追加不可变批次,2d50c1344a835ceeb832796935182aeff80bb03cecc5465c8cf3aaccbd446acd,86129966e4bc55fac18f2d7602a2309d4403f85861102128a56a80a5a0ccc1ea,c89b2f90fae75146f49ab2823d132ed8b599eca415abc7d4be6edc4a9c259482
source-identity-declaration-20260808T050813+0800-b2487b6c41a5,ZI-48f77e4e45c16d6e82eafb9d,DS-000069,候选数据文件,BTC,4小时;8小时;24小时;48小时,15分钟;1小时,未知,未知,未知,未知,未知,未知,未知,未知,未知,未登记,无,config/数据/来源身份声明补采.json#身份声明[],25925ef8f47870540a3333c51fe109509d1892a094f19e7ed97ee9e9ac0bbbe7,94ab5dc58dcd90b5be0cd9c24412f3966fe4b99eb33d8a5f3620a6854ac8143e,b045ee151128a0e814864af57377feb4ccfe9e9357117747cf18850b84ba6244,未知,b3a1fc5ec72ad95e258b584f936ad46befab951e0ee9e43eaa18179e34974387,无法判定,FILE_STAT_OBSERVED_IDENTITY_UNPROVEN,本批次只读；若声明、输入、Schema或授权漂移，既有结论自动失效并须追加新批次,未读取业务正文、价格、成交、订单簿、账户或凭据；身份字段不完整,为该成员提供当前版本九字段声明及逐字段Schema、授权和唯一证据定位后追加不可变批次,2d50c1344a835ceeb832796935182aeff80bb03cecc5465c8cf3aaccbd446acd,86129966e4bc55fac18f2d7602a2309d4403f85861102128a56a80a5a0ccc1ea,bb119df267bb4120096f9fc1411e4ca6c2440c71a5ee728575ce4288b470e5f5
source-identity-declaration-20260808T050813+0800-b2487b6c41a5,ZI-3c25a7ab173319e547e57556,DS-000070,候选数据文件,BTC,4小时;8小时;24小时;48小时,15分钟;1小时,未知,未知,未知,未知,未知,未知,未知,未知,未知,未登记,无,config/数据/来源身份声明补采.json#身份声明[],25925ef8f47870540a3333c51fe109509d1892a094f19e7ed97ee9e9ac0bbbe7,b04d9cf5f0550dd3b100f17db6b09f4e9755f27bc2dfb80444837b7bdeece9f7,4fb4e8aa84094c1c0360c4ec1ea4dec37d83ca8f1617872a4b121e925efebd50,未知,b3a1fc5ec72ad95e258b584f936ad46befab951e0ee9e43eaa18179e34974387,无法判定,FILE_STAT_OBSERVED_IDENTITY_UNPROVEN,本批次只读；若声明、输入、Schema或授权漂移，既有结论自动失效并须追加新批次,未读取业务正文、价格、成交、订单簿、账户或凭据；身份字段不完整,为该成员提供当前版本九字段声明及逐字段Schema、授权和唯一证据定位后追加不可变批次,2d50c1344a835ceeb832796935182aeff80bb03cecc5465c8cf3aaccbd446acd,86129966e4bc55fac18f2d7602a2309d4403f85861102128a56a80a5a0ccc1ea,6cf68982edc449ac1ea72f287f3ed0fb24e9ad83bc28c270861f5d1e0c4243dd
source-identity-declaration-20260808T050813+0800-b2487b6c41a5,ZI-c5110b7d8549897e8abdd7e5,DS-000071,候选数据文件,BTC,4小时;8小时;24小时;48小时,15分钟;1小时,未知,未知,未知,未知,未知,未知,未知,未知,未知,未登记,无,config/数据/来源身份声明补采.json#身份声明[],25925ef8f47870540a3333c51fe109509d1892a094f19e7ed97ee9e9ac0bbbe7,0862e2f5ee203957cf6bdf9e0cccea6c1bd224b6343746e2c26cb9d1aefecc2a,1f91c6c4858ae0a9f46ad48d03d5521794abed19ca22b082afb898f8baa5ba6a,未知,b3a1fc5ec72ad95e258b584f936ad46befab951e0ee9e43eaa18179e34974387,无法判定,FILE_STAT_OBSERVED_IDENTITY_UNPROVEN,本批次只读；若声明、输入、Schema或授权漂移，既有结论自动失效并须追加新批次,未读取业务正文、价格、成交、订单簿、账户或凭据；身份字段不完整,为该成员提供当前版本九字段声明及逐字段Schema、授权和唯一证据定位后追加不可变批次,2d50c1344a835ceeb832796935182aeff80bb03cecc5465c8cf3aaccbd446acd,86129966e4bc55fac18f2d7602a2309d4403f85861102128a56a80a5a0ccc1ea,c2c7f20dfc0d66269785414da83f6ed85dcbfec8aa84ad9c934b9d700d61149d
source-identity-declaration-20260808T050813+0800-b2487b6c41a5,ZI-6f2bfe54fc6b3bc0ee2bd29a,DS-000072,候选数据文件,BTC,4小时;8小时;24小时;48小时,15分钟;1小时,未知,未知,未知,未知,未知,未知,未知,未知,未知,未登记,无,config/数据/来源身份声明补采.json#身份声明[],25925ef8f47870540a3333c51fe109509d1892a094f19e7ed97ee9e9ac0bbbe7,15027222020681861caf23abd321393fbb4237b3f83100c4b4534386b40b95c7,e89f0dbf2a77cb25cfdf1e62bb610f580026a50d99098816120bc4fd61a82e7c,未知,b3a1fc5ec72ad95e258b584f936ad46befab951e0ee9e43eaa18179e34974387,无法判定,FILE_STAT_OBSERVED_IDENTITY_UNPROVEN,本批次只读；若声明、输入、Schema或授权漂移，既有结论自动失效并须追加新批次,未读取业务正文、价格、成交、订单簿、账户或凭据；身份字段不完整,为该成员提供当前版本九字段声明及逐字段Schema、授权和唯一证据定位后追加不可变批次,2d50c1344a835ceeb832796935182aeff80bb03cecc5465c8cf3aaccbd446acd,86129966e4bc55fac18f2d7602a2309d4403f85861102128a56a80a5a0ccc1ea,16b9df8b9cf81c29d6f1581f3b79abf77c311e9494b7f1353001db32ca16bbc7
source-identity-declaration-20260808T050813+0800-b2487b6c41a5,ZI-b82975cefd7452a08a009414,DS-000073,候选数据文件,BTC,4小时;8小时;24小时;48小时,15分钟;1小时,未知,未知,未知,未知,未知,未知,未知,未知,未知,未登记,无,config/数据/来源身份声明补采.json#身份声明[],25925ef8f47870540a3333c51fe109509d1892a094f19e7ed97ee9e9ac0bbbe7,2deca25c4bce98ed07321e7eac5d762f307f7f056c5ce4b08ebd7b4b8f4c7364,d995bf7886e7749af0ae9972de012ed7b4d3be3d3c4d15039da26dc2abbacc64,未知,b3a1fc5ec72ad95e258b584f936ad46befab951e0ee9e43eaa18179e34974387,无法判定,FILE_STAT_OBSERVED_IDENTITY_UNPROVEN,本批次只读；若声明、输入、Schema或授权漂移，既有结论自动失效并须追加新批次,未读取业务正文、价格、成交、订单簿、账户或凭据；身份字段不完整,为该成员提供当前版本九字段声明及逐字段Schema、授权和唯一证据定位后追加不可变批次,2d50c1344a835ceeb832796935182aeff80bb03cecc5465c8cf3aaccbd446acd,86129966e4bc55fac18f2d7602a2309d4403f85861102128a56a80a5a0ccc1ea,c46e61132723ebb9a556e2a05a6e15c9e8ad599d2ec9758bbef89d79e0e9666c
source-identity-declaration-20260808T050813+0800-b2487b6c41a5,ZI-58f7d32e980dbb401fc80a90,DS-000074,候选数据文件,BTC,4小时;8小时;24小时;48小时,15分钟;1小时,未知,未知,未知,未知,未知,未知,未知,未知,未知,未登记,无,config/数据/来源身份声明补采.json#身份声明[],25925ef8f47870540a3333c51fe109509d1892a094f19e7ed97ee9e9ac0bbbe7,ac5b354c4a5253401a4abe672fd70623e5d2f3a6022e2de9dfe19e3d64c073bb,f80740ee978711f811d73f02f9b88ed3f22242e7bd5feead25976c28f905907a,未知,b3a1fc5ec72ad95e258b584f936ad46befab951e0ee9e43eaa18179e34974387,无法判定,FILE_STAT_OBSERVED_IDENTITY_UNPROVEN,本批次只读；若声明、输入、Schema或授权漂移，既有结论自动失效并须追加新批次,未读取业务正文、价格、成交、订单簿、账户或凭据；身份字段不完整,为该成员提供当前版本九字段声明及逐字段Schema、授权和唯一证据定位后追加不可变批次,2d50c1344a835ceeb832796935182aeff80bb03cecc5465c8cf3aaccbd446acd,86129966e4bc55fac18f2d7602a2309d4403f85861102128a56a80a5a0ccc1ea,d536e46dc1f15895d1b3d91999cffbe96a3a44b67d8f583b6e5e0e88b995dd15
source-identity-declaration-20260808T050813+0800-b2487b6c41a5,ZI-702ab124ec1d6104a18682cc,DS-000075,候选数据文件,BTC,4小时;8小时;24小时;48小时,15分钟;1小时,未知,未知,未知,未知,未知,未知,未知,未知,未知,未登记,无,config/数据/来源身份声明补采.json#身份声明[],25925ef8f47870540a3333c51fe109509d1892a094f19e7ed97ee9e9ac0bbbe7,e5adabe624a278724b6ce1f97aeb2e7478b7ef0b117219951e3dd57b9a70dab7,1aa23fb2b5b219ee2ddaa27d5cc1038b4ef3a1ec97d8e7314871c30944d2da2a,未知,b3a1fc5ec72ad95e258b584f936ad46befab951e0ee9e43eaa18179e34974387,无法判定,FILE_STAT_OBSERVED_IDENTITY_UNPROVEN,本批次只读；若声明、输入、Schema或授权漂移，既有结论自动失效并须追加新批次,未读取业务正文、价格、成交、订单簿、账户或凭据；身份字段不完整,为该成员提供当前版本九字段声明及逐字段Schema、授权和唯一证据定位后追加不可变批次,2d50c1344a835ceeb832796935182aeff80bb03cecc5465c8cf3aaccbd446acd,86129966e4bc55fac18f2d7602a2309d4403f85861102128a56a80a5a0ccc1ea,4ca0d7cdc07f78b9c299729f06079eb0625284e80b8fc2828d89e22524079f59
source-identity-declaration-20260808T050813+0800-b2487b6c41a5,ZI-eb4f39de309ba813696327df,DS-000076,候选数据文件,BTC,4小时;8小时;24小时;48小时,15分钟;1小时,未知,未知,未知,未知,未知,未知,未知,未知,未知,未登记,无,config/数据/来源身份声明补采.json#身份声明[],25925ef8f47870540a3333c51fe109509d1892a094f19e7ed97ee9e9ac0bbbe7,e8f121115255b3f336495618342f8a1f0e4377727cdcd8fbf7e7f6007899d3c1,111cb89424ead72cf3aa0cd5a8dc8301bd6f361a01bb006c2c971e67a0756aa3,未知,b3a1fc5ec72ad95e258b584f936ad46befab951e0ee9e43eaa18179e34974387,无法判定,FILE_STAT_OBSERVED_IDENTITY_UNPROVEN,本批次只读；若声明、输入、Schema或授权漂移，既有结论自动失效并须追加新批次,未读取业务正文、价格、成交、订单簿、账户或凭据；身份字段不完整,为该成员提供当前版本九字段声明及逐字段Schema、授权和唯一证据定位后追加不可变批次,2d50c1344a835ceeb832796935182aeff80bb03cecc5465c8cf3aaccbd446acd,86129966e4bc55fac18f2d7602a2309d4403f85861102128a56a80a5a0ccc1ea,da8bcd89c217232f0538443fb0e0680e287e4f854dd1fb68ac5147859a4be5b5
source-identity-declaration-20260808T050813+0800-b2487b6c41a5,ZI-a2a17d00e18d8270c3da40b2,DS-000077,候选数据文件,BTC,4小时;8小时;24小时;48小时,15分钟;1小时,未知,未知,未知,未知,未知,未知,未知,未知,未知,未登记,无,config/数据/来源身份声明补采.json#身份声明[],25925ef8f47870540a3333c51fe109509d1892a094f19e7ed97ee9e9ac0bbbe7,b93cbc4a97f28e776414cc96ef1c9b6d33baf46dedf6542fc40b5f24ebb90aab,baa29331850ab27315c0a93930f539cb5502f423fedd98cb2e86e267f2b045a6,未知,b3a1fc5ec72ad95e258b584f936ad46befab951e0ee9e43eaa18179e34974387,无法判定,FILE_STAT_OBSERVED_IDENTITY_UNPROVEN,本批次只读；若声明、输入、Schema或授权漂移，既有结论自动失效并须追加新批次,未读取业务正文、价格、成交、订单簿、账户或凭据；身份字段不完整,为该成员提供当前版本九字段声明及逐字段Schema、授权和唯一证据定位后追加不可变批次,2d50c1344a835ceeb832796935182aeff80bb03cecc5465c8cf3aaccbd446acd,86129966e4bc55fac18f2d7602a2309d4403f85861102128a56a80a5a0ccc1ea,de68e2de2ae915abcd66f18291c0e74ee38a613b180b1044f5283afe85b1bfe2
source-identity-declaration-20260808T050813+0800-b2487b6c41a5,ZI-348f6f63e47eaafea3ee9552,DS-000078,候选数据文件,BTC,4小时;8小时;24小时;48小时,15分钟;1小时,未知,未知,未知,未知,未知,未知,未知,未知,未知,未登记,无,config/数据/来源身份声明补采.json#身份声明[],25925ef8f47870540a3333c51fe109509d1892a094f19e7ed97ee9e9ac0bbbe7,9ff25aec656063d50358c451f21569aac06eaec60abb7eb1209d023004fcd058,e212d846a0d4288bbedde644fcd626ba447695af79074e263214faace9780adf,未知,b3a1fc5ec72ad95e258b584f936ad46befab951e0ee9e43eaa18179e34974387,无法判定,FILE_STAT_OBSERVED_IDENTITY_UNPROVEN,本批次只读；若声明、输入、Schema或授权漂移，既有结论自动失效并须追加新批次,未读取业务正文、价格、成交、订单簿、账户或凭据；身份字段不完整,为该成员提供当前版本九字段声明及逐字段Schema、授权和唯一证据定位后追加不可变批次,2d50c1344a835ceeb832796935182aeff80bb03cecc5465c8cf3aaccbd446acd,86129966e4bc55fac18f2d7602a2309d4403f85861102128a56a80a5a0ccc1ea,540678bcfba03e8d37bd5c897fd4a3b4b43d095d27aedfb7bf2f0547ac600cfc
source-identity-declaration-20260808T050813+0800-b2487b6c41a5,ZI-502eb39d03727e04069cd747,DS-000079,候选数据文件,BTC,4小时;8小时;24小时;48小时,15分钟;1小时,未知,未知,未知,未知,未知,未知,未知,未知,未知,未登记,无,config/数据/来源身份声明补采.json#身份声明[],25925ef8f47870540a3333c51fe109509d1892a094f19e7ed97ee9e9ac0bbbe7,2b9634a627f69599a77aa29fa4a7056feb846f6a024ecdb8f55a1c04aa95fea2,91f169f714c690456138cdf589d5e8a7b5456f6053d1cdc94e2b724fdbfa42b1,未知,b3a1fc5ec72ad95e258b584f936ad46befab951e0ee9e43eaa18179e34974387,无法判定,FILE_STAT_OBSERVED_IDENTITY_UNPROVEN,本批次只读；若声明、输入、Schema或授权漂移，既有结论自动失效并须追加新批次,未读取业务正文、价格、成交、订单簿、账户或凭据；身份字段不完整,为该成员提供当前版本九字段声明及逐字段Schema、授权和唯一证据定位后追加不可变批次,2d50c1344a835ceeb832796935182aeff80bb03cecc5465c8cf3aaccbd446acd,86129966e4bc55fac18f2d7602a2309d4403f85861102128a56a80a5a0ccc1ea,b89ee58ee49cad21fceb7a87a2dee10a37e112d03b36d220052b29401372a380
source-identity-declaration-20260808T050813+0800-b2487b6c41a5,ZI-b8df3b3e536accc3b80b8066,DS-000080,候选数据文件,BTC,4小时;8小时;24小时;48小时,15分钟;1小时,未知,未知,未知,未知,未知,未知,未知,未知,未知,未登记,无,config/数据/来源身份声明补采.json#身份声明[],25925ef8f47870540a3333c51fe109509d1892a094f19e7ed97ee9e9ac0bbbe7,3af20a52811a89980b8cf09252253e548c5f6c7fe76c96012651febe29bb1e22,29a9822b3c83726c46e27f624ea982eb5b39d1b28b9c7f58154f864cdaa29623,未知,b3a1fc5ec72ad95e258b584f936ad46befab951e0ee9e43eaa18179e34974387,无法判定,FILE_STAT_OBSERVED_IDENTITY_UNPROVEN,本批次只读；若声明、输入、Schema或授权漂移，既有结论自动失效并须追加新批次,未读取业务正文、价格、成交、订单簿、账户或凭据；身份字段不完整,为该成员提供当前版本九字段声明及逐字段Schema、授权和唯一证据定位后追加不可变批次,2d50c1344a835ceeb832796935182aeff80bb03cecc5465c8cf3aaccbd446acd,86129966e4bc55fac18f2d7602a2309d4403f85861102128a56a80a5a0ccc1ea,e0a01fca04b210187bbab6f274f4a49543da392686382edfbb39c72d8fe1e70b
source-identity-declaration-20260808T050813+0800-b2487b6c41a5,ZI-988e7988699ea375ef999f36,DS-000081,候选数据文件,BTC,4小时;8小时;24小时;48小时,15分钟;1小时,未知,未知,未知,未知,未知,未知,未知,未知,未知,未登记,无,config/数据/来源身份声明补采.json#身份声明[],25925ef8f47870540a3333c51fe109509d1892a094f19e7ed97ee9e9ac0bbbe7,b20c3eb4b0ee8495a9cdc66b7a345404f395cee265413ff67af9890cc47ff5f5,d1db93d691c78fd916ed92552469c918d03cee922044d79f33cf6a69eb698258,未知,b3a1fc5ec72ad95e258b584f936ad46befab951e0ee9e43eaa18179e34974387,无法判定,FILE_STAT_OBSERVED_IDENTITY_UNPROVEN,本批次只读；若声明、输入、Schema或授权漂移，既有结论自动失效并须追加新批次,未读取业务正文、价格、成交、订单簿、账户或凭据；身份字段不完整,为该成员提供当前版本九字段声明及逐字段Schema、授权和唯一证据定位后追加不可变批次,2d50c1344a835ceeb832796935182aeff80bb03cecc5465c8cf3aaccbd446acd,86129966e4bc55fac18f2d7602a2309d4403f85861102128a56a80a5a0ccc1ea,5ce33077c2fe1e09b54ae6d72c8f4d4bf8bb3401fa4c386097efcc211de45b5b
source-identity-declaration-20260808T050813+0800-b2487b6c41a5,ZI-e157f9d0fcdfc3a8e2bc8c70,DS-000082,候选数据文件,BTC,4小时;8小时;24小时;48小时,15分钟;1小时,未知,未知,未知,未知,未知,未知,未知,未知,未知,未登记,无,config/数据/来源身份声明补采.json#身份声明[],25925ef8f47870540a3333c51fe109509d1892a094f19e7ed97ee9e9ac0bbbe7,a3c34f7777e1788e6f6a999275acf640777e31dfb5589bc25492af521c3e994a,fede02311f74fb634858a416f0f4dd18126f465e01fbc1100acbf10d1200a663,未知,b3a1fc5ec72ad95e258b584f936ad46befab951e0ee9e43eaa18179e34974387,无法判定,FILE_STAT_OBSERVED_IDENTITY_UNPROVEN,本批次只读；若声明、输入、Schema或授权漂移，既有结论自动失效并须追加新批次,未读取业务正文、价格、成交、订单簿、账户或凭据；身份字段不完整,为该成员提供当前版本九字段声明及逐字段Schema、授权和唯一证据定位后追加不可变批次,2d50c1344a835ceeb832796935182aeff80bb03cecc5465c8cf3aaccbd446acd,86129966e4bc55fac18f2d7602a2309d4403f85861102128a56a80a5a0ccc1ea,3fc4d4c5f08cb461d958e612ba2a248d59cace9d62e1255e9bcb27315659236b
source-identity-declaration-20260808T050813+0800-b2487b6c41a5,ZI-606826edf27ebb1d7ce3c168,DS-000083,候选数据文件,BTC,4小时;8小时;24小时;48小时,15分钟;1小时,未知,未知,未知,未知,未知,未知,未知,未知,未知,未登记,无,config/数据/来源身份声明补采.json#身份声明[],25925ef8f47870540a3333c51fe109509d1892a094f19e7ed97ee9e9ac0bbbe7,2451e8638c8430d0a501abd81a4c6d6bf80512a1dab2010897c17132c0c7480e,7b4a4a43ce8d31d83beac8dd9485d3c99d65763572b420fe5c40d7aff5a2ddc0,未知,b3a1fc5ec72ad95e258b584f936ad46befab951e0ee9e43eaa18179e34974387,无法判定,FILE_STAT_OBSERVED_IDENTITY_UNPROVEN,本批次只读；若声明、输入、Schema或授权漂移，既有结论自动失效并须追加新批次,未读取业务正文、价格、成交、订单簿、账户或凭据；身份字段不完整,为该成员提供当前版本九字段声明及逐字段Schema、授权和唯一证据定位后追加不可变批次,2d50c1344a835ceeb832796935182aeff80bb03cecc5465c8cf3aaccbd446acd,86129966e4bc55fac18f2d7602a2309d4403f85861102128a56a80a5a0ccc1ea,20cd99361450376369d464f8636aab854fea395e2de8a6692a5183705f97e77e
source-identity-declaration-20260808T050813+0800-b2487b6c41a5,ZI-2cf1c33ec5d03375f4ea30ab,DS-000084,候选数据文件,BTC,4小时;8小时;24小时;48小时,15分钟;1小时,未知,未知,未知,未知,未知,未知,未知,未知,未知,未登记,无,config/数据/来源身份声明补采.json#身份声明[],25925ef8f47870540a3333c51fe109509d1892a094f19e7ed97ee9e9ac0bbbe7,445c3db6bd19d4f5548639c800454f126f0076372a493802613cf5800bcfd8e3,605a5eb860a53c866c176f9377d1e2fbb5052a77234ea73731df9aa2573861af,未知,b3a1fc5ec72ad95e258b584f936ad46befab951e0ee9e43eaa18179e34974387,无法判定,FILE_STAT_OBSERVED_IDENTITY_UNPROVEN,本批次只读；若声明、输入、Schema或授权漂移，既有结论自动失效并须追加新批次,未读取业务正文、价格、成交、订单簿、账户或凭据；身份字段不完整,为该成员提供当前版本九字段声明及逐字段Schema、授权和唯一证据定位后追加不可变批次,2d50c1344a835ceeb832796935182aeff80bb03cecc5465c8cf3aaccbd446acd,86129966e4bc55fac18f2d7602a2309d4403f85861102128a56a80a5a0ccc1ea,eae94f0fb77e2577b9788e9646db0f03f103a756f177eadb02a9203eb3ae1a87
source-identity-declaration-20260808T050813+0800-b2487b6c41a5,ZI-6660a9981b4c038dfec654e0,DS-000085,候选数据文件,BTC,4小时;8小时;24小时;48小时,15分钟;1小时,未知,未知,未知,未知,未知,未知,未知,未知,未知,未登记,无,config/数据/来源身份声明补采.json#身份声明[],25925ef8f47870540a3333c51fe109509d1892a094f19e7ed97ee9e9ac0bbbe7,0c7eaabb88f378576b9d9ce30a667c481c9cbc99a6f7eb7d7d491544477e4ffe,0fedf9c7d3d0b989a7b875084ed71e07cdebe1bb2dcb6342a19dfc9a576d79f6,未知,b3a1fc5ec72ad95e258b584f936ad46befab951e0ee9e43eaa18179e34974387,无法判定,FILE_STAT_OBSERVED_IDENTITY_UNPROVEN,本批次只读；若声明、输入、Schema或授权漂移，既有结论自动失效并须追加新批次,未读取业务正文、价格、成交、订单簿、账户或凭据；身份字段不完整,为该成员提供当前版本九字段声明及逐字段Schema、授权和唯一证据定位后追加不可变批次,2d50c1344a835ceeb832796935182aeff80bb03cecc5465c8cf3aaccbd446acd,86129966e4bc55fac18f2d7602a2309d4403f85861102128a56a80a5a0ccc1ea,8a241d74a3290b366c96830904494ed93b4dc54d83bcf3898bdb4830379ed7fa
source-identity-declaration-20260808T050813+0800-b2487b6c41a5,ZI-540f8f5763c8c25b47283449,DS-000086,候选数据文件,BTC,4小时;8小时;24小时;48小时,15分钟;1小时,未知,未知,未知,未知,未知,未知,未知,未知,未知,未登记,无,config/数据/来源身份声明补采.json#身份声明[],25925ef8f47870540a3333c51fe109509d1892a094f19e7ed97ee9e9ac0bbbe7,0eb4a4f4f4e4a1068ec372fdf0f11c08153f6b1bc3cd56a5c0c94960d1e62b09,01f93941e985130de91b35ffe8c58ad67717e498a3ce1aa05fc6c302bd2e295d,未知,b3a1fc5ec72ad95e258b584f936ad46befab951e0ee9e43eaa18179e34974387,无法判定,FILE_STAT_OBSERVED_IDENTITY_UNPROVEN,本批次只读；若声明、输入、Schema或授权漂移，既有结论自动失效并须追加新批次,未读取业务正文、价格、成交、订单簿、账户或凭据；身份字段不完整,为该成员提供当前版本九字段声明及逐字段Schema、授权和唯一证据定位后追加不可变批次,2d50c1344a835ceeb832796935182aeff80bb03cecc5465c8cf3aaccbd446acd,86129966e4bc55fac18f2d7602a2309d4403f85861102128a56a80a5a0ccc1ea,65a0699c84dec9cd1dd4fcb8065911b71358b05e6ba560a4962a30f2c94d3d22
source-identity-declaration-20260808T050813+0800-b2487b6c41a5,ZI-563d8a435062e95a3eb06fe9,DS-000087,候选数据文件,BTC,4小时;8小时;24小时;48小时,15分钟;1小时,未知,未知,未知,未知,未知,未知,未知,未知,未知,未登记,无,config/数据/来源身份声明补采.json#身份声明[],25925ef8f47870540a3333c51fe109509d1892a094f19e7ed97ee9e9ac0bbbe7,cb5a9125a33ceff9a40988e72821717f085ad2c21526cf39088cb344195f21c1,251b795b56d9aa547185015d4a5a0dcec33763011e38c6999b85d5ac3c45834f,未知,b3a1fc5ec72ad95e258b584f936ad46befab951e0ee9e43eaa18179e34974387,无法判定,FILE_STAT_OBSERVED_IDENTITY_UNPROVEN,本批次只读；若声明、输入、Schema或授权漂移，既有结论自动失效并须追加新批次,未读取业务正文、价格、成交、订单簿、账户或凭据；身份字段不完整,为该成员提供当前版本九字段声明及逐字段Schema、授权和唯一证据定位后追加不可变批次,2d50c1344a835ceeb832796935182aeff80bb03cecc5465c8cf3aaccbd446acd,86129966e4bc55fac18f2d7602a2309d4403f85861102128a56a80a5a0ccc1ea,f222b03b32fc9e365be79aeb072bfdc2473992c72899791b8884f458b66461a5
source-identity-declaration-20260808T050813+0800-b2487b6c41a5,ZI-1644f2c09acf5ac64c1c5a84,DS-000088,候选数据文件,BTC,4小时;8小时;24小时;48小时,15分钟;1小时,未知,未知,未知,未知,未知,未知,未知,未知,未知,未登记,无,config/数据/来源身份声明补采.json#身份声明[],25925ef8f47870540a3333c51fe109509d1892a094f19e7ed97ee9e9ac0bbbe7,bdf4657f0758c3c4568e041dea286a8841995e2061be6660ddc80d52cb73fd57,86b4f6c6711e419eb64b65468f33c7b013594aec40ccf4bd6b11fe08ad060d5b,未知,b3a1fc5ec72ad95e258b584f936ad46befab951e0ee9e43eaa18179e34974387,无法判定,FILE_STAT_OBSERVED_IDENTITY_UNPROVEN,本批次只读；若声明、输入、Schema或授权漂移，既有结论自动失效并须追加新批次,未读取业务正文、价格、成交、订单簿、账户或凭据；身份字段不完整,为该成员提供当前版本九字段声明及逐字段Schema、授权和唯一证据定位后追加不可变批次,2d50c1344a835ceeb832796935182aeff80bb03cecc5465c8cf3aaccbd446acd,86129966e4bc55fac18f2d7602a2309d4403f85861102128a56a80a5a0ccc1ea,30e79b41f38169bab14d386b89b344067ea907271112e45dc1dac78a43f31b41
source-identity-declaration-20260808T050813+0800-b2487b6c41a5,ZI-a06218992d1a90d5362b2b06,DS-000089,候选数据文件,BTC,4小时;8小时;24小时;48小时,15分钟;1小时,未知,未知,未知,未知,未知,未知,未知,未知,未知,未登记,无,config/数据/来源身份声明补采.json#身份声明[],25925ef8f47870540a3333c51fe109509d1892a094f19e7ed97ee9e9ac0bbbe7,c17e9de0d77f02429c2bf544f7e87a0be9fbf10f1ca0309af848cab64647df44,4ed8b8cc81cb8fb63ca76d450cbc525819c194a1da99c22db6bc82feab0ae550,未知,b3a1fc5ec72ad95e258b584f936ad46befab951e0ee9e43eaa18179e34974387,无法判定,FILE_STAT_OBSERVED_IDENTITY_UNPROVEN,本批次只读；若声明、输入、Schema或授权漂移，既有结论自动失效并须追加新批次,未读取业务正文、价格、成交、订单簿、账户或凭据；身份字段不完整,为该成员提供当前版本九字段声明及逐字段Schema、授权和唯一证据定位后追加不可变批次,2d50c1344a835ceeb832796935182aeff80bb03cecc5465c8cf3aaccbd446acd,86129966e4bc55fac18f2d7602a2309d4403f85861102128a56a80a5a0ccc1ea,3b1a8ff3628d140883d3a96f3953859b7f09db78a0333ed75f317743bfa72552
source-identity-declaration-20260808T050813+0800-b2487b6c41a5,ZI-9db5ea58aed603182d0b7ac5,DS-000090,候选数据文件,BTC,4小时;8小时;24小时;48小时,15分钟;1小时,未知,未知,未知,未知,未知,未知,未知,未知,未知,未登记,无,config/数据/来源身份声明补采.json#身份声明[],25925ef8f47870540a3333c51fe109509d1892a094f19e7ed97ee9e9ac0bbbe7,7455cb004fd8f92bf11aba3294a88df82c2f66ca25872225ffb0d58a6c649e95,a4aa975040979ed8bdf47abeb06339fd4c8047e3db8961b85925d1f4db1d8f18,未知,b3a1fc5ec72ad95e258b584f936ad46befab951e0ee9e43eaa18179e34974387,无法判定,FILE_STAT_OBSERVED_IDENTITY_UNPROVEN,本批次只读；若声明、输入、Schema或授权漂移，既有结论自动失效并须追加新批次,未读取业务正文、价格、成交、订单簿、账户或凭据；身份字段不完整,为该成员提供当前版本九字段声明及逐字段Schema、授权和唯一证据定位后追加不可变批次,2d50c1344a835ceeb832796935182aeff80bb03cecc5465c8cf3aaccbd446acd,86129966e4bc55fac18f2d7602a2309d4403f85861102128a56a80a5a0ccc1ea,179cb63bdfc824f07273f8147d8df75473d4e94285bf32c6036f0b165cc9e73f
source-identity-declaration-20260808T050813+0800-b2487b6c41a5,ZI-c1325d8ffbc6677ee8c86497,DS-000091,候选数据文件,BTC,4小时;8小时;24小时;48小时,15分钟;1小时,未知,未知,未知,未知,未知,未知,未知,未知,未知,未登记,无,config/数据/来源身份声明补采.json#身份声明[],25925ef8f47870540a3333c51fe109509d1892a094f19e7ed97ee9e9ac0bbbe7,0c82b4ff49875c233adadf63c84b19abc1ddf2bd99291782e3aaaea7ddb51ca4,14572374be8a915091e335ea2f58a59818e7d1ad356619f4bdd9b95f4c3147b9,未知,b3a1fc5ec72ad95e258b584f936ad46befab951e0ee9e43eaa18179e34974387,无法判定,FILE_STAT_OBSERVED_IDENTITY_UNPROVEN,本批次只读；若声明、输入、Schema或授权漂移，既有结论自动失效并须追加新批次,未读取业务正文、价格、成交、订单簿、账户或凭据；身份字段不完整,为该成员提供当前版本九字段声明及逐字段Schema、授权和唯一证据定位后追加不可变批次,2d50c1344a835ceeb832796935182aeff80bb03cecc5465c8cf3aaccbd446acd,86129966e4bc55fac18f2d7602a2309d4403f85861102128a56a80a5a0ccc1ea,b8ecfb4831c14c92eef53491a6c9d5d148ec16b07ed09bf066997af8024f485b
source-identity-declaration-20260808T050813+0800-b2487b6c41a5,ZI-809e979581c6c01829dbc939,DS-000092,候选数据文件,BTC,4小时;8小时;24小时;48小时,15分钟;1小时,未知,未知,未知,未知,未知,未知,未知,未知,未知,未登记,无,config/数据/来源身份声明补采.json#身份声明[],25925ef8f47870540a3333c51fe109509d1892a094f19e7ed97ee9e9ac0bbbe7,310f779c52d0802aa60fb5bcd2f1f07defbd477d6b7f609c42dd252100540981,36e383047a54db511b2d6e7fd23dc6ac447aa522467d74c631ec96cc5ce304cc,未知,b3a1fc5ec72ad95e258b584f936ad46befab951e0ee9e43eaa18179e34974387,无法判定,FILE_STAT_OBSERVED_IDENTITY_UNPROVEN,本批次只读；若声明、输入、Schema或授权漂移，既有结论自动失效并须追加新批次,未读取业务正文、价格、成交、订单簿、账户或凭据；身份字段不完整,为该成员提供当前版本九字段声明及逐字段Schema、授权和唯一证据定位后追加不可变批次,2d50c1344a835ceeb832796935182aeff80bb03cecc5465c8cf3aaccbd446acd,86129966e4bc55fac18f2d7602a2309d4403f85861102128a56a80a5a0ccc1ea,5421b39cfe5e781495ea6ab8bd58545aea9f6013614f639c74e4c7644667e77d
source-identity-declaration-20260808T050813+0800-b2487b6c41a5,ZI-8a55ecf7d5c701f9bfe01347,DS-000093,候选数据文件,BTC,4小时;8小时;24小时;48小时,15分钟;1小时,未知,未知,未知,未知,未知,未知,未知,未知,未知,未登记,无,config/数据/来源身份声明补采.json#身份声明[],25925ef8f47870540a3333c51fe109509d1892a094f19e7ed97ee9e9ac0bbbe7,a283d773fa26d2d545695ee035f7474a83e0e8dd4bd32d0f6c12c203d554e5c0,cffb4bf5c2c68fb4c145856b53348278f7d48351229f466d01a3bac4c481d538,未知,b3a1fc5ec72ad95e258b584f936ad46befab951e0ee9e43eaa18179e34974387,无法判定,FILE_STAT_OBSERVED_IDENTITY_UNPROVEN,本批次只读；若声明、输入、Schema或授权漂移，既有结论自动失效并须追加新批次,未读取业务正文、价格、成交、订单簿、账户或凭据；身份字段不完整,为该成员提供当前版本九字段声明及逐字段Schema、授权和唯一证据定位后追加不可变批次,2d50c1344a835ceeb832796935182aeff80bb03cecc5465c8cf3aaccbd446acd,86129966e4bc55fac18f2d7602a2309d4403f85861102128a56a80a5a0ccc1ea,b734b7ce3c8601a713e75365a15fd3206d8edfc8956c06b567298bfcc14b80f8
source-identity-declaration-20260808T050813+0800-b2487b6c41a5,ZI-c4e34cac634b85bce06fba88,DS-000094,候选数据文件,BTC,4小时;8小时;24小时;48小时,15分钟;1小时,未知,未知,未知,未知,未知,未知,未知,未知,未知,未登记,无,config/数据/来源身份声明补采.json#身份声明[],25925ef8f47870540a3333c51fe109509d1892a094f19e7ed97ee9e9ac0bbbe7,5723e42924486a24e269f2e46f3642ec86fbf87cd739ce95b2730238c768c4a8,478a23ecc0cb5bfd585574dd56dcb6029ca0d8be9a8dd1716fc63c8058e8653e,未知,b3a1fc5ec72ad95e258b584f936ad46befab951e0ee9e43eaa18179e34974387,无法判定,FILE_STAT_OBSERVED_IDENTITY_UNPROVEN,本批次只读；若声明、输入、Schema或授权漂移，既有结论自动失效并须追加新批次,未读取业务正文、价格、成交、订单簿、账户或凭据；身份字段不完整,为该成员提供当前版本九字段声明及逐字段Schema、授权和唯一证据定位后追加不可变批次,2d50c1344a835ceeb832796935182aeff80bb03cecc5465c8cf3aaccbd446acd,86129966e4bc55fac18f2d7602a2309d4403f85861102128a56a80a5a0ccc1ea,593e255aea77ac108fe6c593c3395501928bb749af02f5172875014669ce6d40
source-identity-declaration-20260808T050813+0800-b2487b6c41a5,ZI-d9e2d56ec838f36a9286bb3a,DS-000095,候选数据文件,BTC,4小时;8小时;24小时;48小时,15分钟;1小时,未知,未知,未知,未知,未知,未知,未知,未知,未知,未登记,无,config/数据/来源身份声明补采.json#身份声明[],25925ef8f47870540a3333c51fe109509d1892a094f19e7ed97ee9e9ac0bbbe7,e5df3b09a4f4f2fbc001e29f4f2ed9625f6b62ea788160f56763679ae5a7fd21,736c38357d72779bfd64a024b7e6ca2a781c5d7802287968dc884508738f6588,未知,b3a1fc5ec72ad95e258b584f936ad46befab951e0ee9e43eaa18179e34974387,无法判定,FILE_STAT_OBSERVED_IDENTITY_UNPROVEN,本批次只读；若声明、输入、Schema或授权漂移，既有结论自动失效并须追加新批次,未读取业务正文、价格、成交、订单簿、账户或凭据；身份字段不完整,为该成员提供当前版本九字段声明及逐字段Schema、授权和唯一证据定位后追加不可变批次,2d50c1344a835ceeb832796935182aeff80bb03cecc5465c8cf3aaccbd446acd,86129966e4bc55fac18f2d7602a2309d4403f85861102128a56a80a5a0ccc1ea,807e775c76d2101be417444107d0ee1a5cff50f91706d562410ade88860ee301
source-identity-declaration-20260808T050813+0800-b2487b6c41a5,ZI-3bfe74a5e3377c8f48575d33,DS-000096,候选数据文件,BTC,4小时;8小时;24小时;48小时,15分钟;1小时,未知,未知,未知,未知,未知,未知,未知,未知,未知,未登记,无,config/数据/来源身份声明补采.json#身份声明[],25925ef8f47870540a3333c51fe109509d1892a094f19e7ed97ee9e9ac0bbbe7,ba6d3ff4ffef24004405e028478940e5ab58886fe03296e15653487d2a406dee,88ce272dc64a0f211fae4e644c2dfdb2eef243e1d31b323320a0aadaf3a1ef17,未知,b3a1fc5ec72ad95e258b584f936ad46befab951e0ee9e43eaa18179e34974387,无法判定,FILE_STAT_OBSERVED_IDENTITY_UNPROVEN,本批次只读；若声明、输入、Schema或授权漂移，既有结论自动失效并须追加新批次,未读取业务正文、价格、成交、订单簿、账户或凭据；身份字段不完整,为该成员提供当前版本九字段声明及逐字段Schema、授权和唯一证据定位后追加不可变批次,2d50c1344a835ceeb832796935182aeff80bb03cecc5465c8cf3aaccbd446acd,86129966e4bc55fac18f2d7602a2309d4403f85861102128a56a80a5a0ccc1ea,60caca213e16385fb2ae255d01818cfad242cc7fd590f53990a49d0703f03b6b
source-identity-declaration-20260808T050813+0800-b2487b6c41a5,ZI-5242fd5a16f73078c0178d46,DS-000097,候选数据文件,BTC,4小时;8小时;24小时;48小时,15分钟;1小时,未知,未知,未知,未知,未知,未知,未知,未知,未知,未登记,无,config/数据/来源身份声明补采.json#身份声明[],25925ef8f47870540a3333c51fe109509d1892a094f19e7ed97ee9e9ac0bbbe7,8228c63ea9d98b795581957c34ac1ce53475f0d389e891c8c45f6a90e39e5f52,730674d7e6f71729da00454c5e39bb2eacbd5f280c8bef503e041c8b545c06c6,未知,b3a1fc5ec72ad95e258b584f936ad46befab951e0ee9e43eaa18179e34974387,无法判定,FILE_STAT_OBSERVED_IDENTITY_UNPROVEN,本批次只读；若声明、输入、Schema或授权漂移，既有结论自动失效并须追加新批次,未读取业务正文、价格、成交、订单簿、账户或凭据；身份字段不完整,为该成员提供当前版本九字段声明及逐字段Schema、授权和唯一证据定位后追加不可变批次,2d50c1344a835ceeb832796935182aeff80bb03cecc5465c8cf3aaccbd446acd,86129966e4bc55fac18f2d7602a2309d4403f85861102128a56a80a5a0ccc1ea,0260ddcc4c36a9f0a6d95e3e5a8047249d45947ca4807b82dcdf4278e7877376
source-identity-declaration-20260808T050813+0800-b2487b6c41a5,ZI-5b71193a5de7dc8af188547b,DS-000098,候选数据文件,BTC,4小时;8小时;24小时;48小时,15分钟;1小时,未知,未知,未知,未知,未知,未知,未知,未知,未知,未登记,无,config/数据/来源身份声明补采.json#身份声明[],25925ef8f47870540a3333c51fe109509d1892a094f19e7ed97ee9e9ac0bbbe7,b36b9fceb03833c0e0d70c168c701624f3141e4ed9eff163a784fd829f7e31d7,0ad498d8ae12e923e3b733bf512bc7d0e881cf6a9be921bff52c479975238bb1,未知,b3a1fc5ec72ad95e258b584f936ad46befab951e0ee9e43eaa18179e34974387,无法判定,FILE_STAT_OBSERVED_IDENTITY_UNPROVEN,本批次只读；若声明、输入、Schema或授权漂移，既有结论自动失效并须追加新批次,未读取业务正文、价格、成交、订单簿、账户或凭据；身份字段不完整,为该成员提供当前版本九字段声明及逐字段Schema、授权和唯一证据定位后追加不可变批次,2d50c1344a835ceeb832796935182aeff80bb03cecc5465c8cf3aaccbd446acd,86129966e4bc55fac18f2d7602a2309d4403f85861102128a56a80a5a0ccc1ea,06cc4376caa5a24d5bdd49a2977b28fd92a6faf0803cdb4d5715c46680393daf
source-identity-declaration-20260808T050813+0800-b2487b6c41a5,ZI-8f9ae27bb3a3a27be851a19e,DS-000099,候选数据文件,BTC,4小时;8小时;24小时;48小时,15分钟;1小时,未知,未知,未知,未知,未知,未知,未知,未知,未知,未登记,无,config/数据/来源身份声明补采.json#身份声明[],25925ef8f47870540a3333c51fe109509d1892a094f19e7ed97ee9e9ac0bbbe7,406902f70179ec4296dab8c11df609ebd2db5dba4451dedd8e129a2be9025ef0,4041976c52c5255b1c61b1cccd72cf836a4594f195f58b39efc5f4789e5f35ad,未知,b3a1fc5ec72ad95e258b584f936ad46befab951e0ee9e43eaa18179e34974387,无法判定,FILE_STAT_OBSERVED_IDENTITY_UNPROVEN,本批次只读；若声明、输入、Schema或授权漂移，既有结论自动失效并须追加新批次,未读取业务正文、价格、成交、订单簿、账户或凭据；身份字段不完整,为该成员提供当前版本九字段声明及逐字段Schema、授权和唯一证据定位后追加不可变批次,2d50c1344a835ceeb832796935182aeff80bb03cecc5465c8cf3aaccbd446acd,86129966e4bc55fac18f2d7602a2309d4403f85861102128a56a80a5a0ccc1ea,efe9a35bcb94caf210ccc6f01395a940df95525a0e1ab093afb3fe5c598da39d
source-identity-declaration-20260808T050813+0800-b2487b6c41a5,ZI-7e5cb2ff02459507aea17fad,DS-000100,候选数据文件,BTC,4小时;8小时;24小时;48小时,15分钟;1小时,未知,未知,未知,未知,未知,未知,未知,未知,未知,未登记,无,config/数据/来源身份声明补采.json#身份声明[],25925ef8f47870540a3333c51fe109509d1892a094f19e7ed97ee9e9ac0bbbe7,fe048a02588b3cc749889b703140b2600f164dd21a8297092b0703089ac5e81e,10bc1e9edaf2c0ce7b10a3e884d9e49db31b51fc1969bff9576bdac99b3abee0,未知,b3a1fc5ec72ad95e258b584f936ad46befab951e0ee9e43eaa18179e34974387,无法判定,FILE_STAT_OBSERVED_IDENTITY_UNPROVEN,本批次只读；若声明、输入、Schema或授权漂移，既有结论自动失效并须追加新批次,未读取业务正文、价格、成交、订单簿、账户或凭据；身份字段不完整,为该成员提供当前版本九字段声明及逐字段Schema、授权和唯一证据定位后追加不可变批次,2d50c1344a835ceeb832796935182aeff80bb03cecc5465c8cf3aaccbd446acd,86129966e4bc55fac18f2d7602a2309d4403f85861102128a56a80a5a0ccc1ea,fef2a6bcaab8e3de7543f26b2cf2f19de87780193332b94dfea3e67b4ec0aa2c
source-identity-declaration-20260808T050813+0800-b2487b6c41a5,ZI-ca9e45ea48cbd23828cbf7c1,DS-000101,候选数据文件,BTC,4小时;8小时;24小时;48小时,15分钟;1小时,未知,未知,未知,未知,未知,未知,未知,未知,未知,未登记,无,config/数据/来源身份声明补采.json#身份声明[],25925ef8f47870540a3333c51fe109509d1892a094f19e7ed97ee9e9ac0bbbe7,ea8e64d81a49f583be20253df94bb10447a84f34924a81ea484985df8de14bc5,0a91d48bdaabe373cfd71d515e923c5a04884bb57f109185e614c1b39499754e,未知,b3a1fc5ec72ad95e258b584f936ad46befab951e0ee9e43eaa18179e34974387,无法判定,FILE_STAT_OBSERVED_IDENTITY_UNPROVEN,本批次只读；若声明、输入、Schema或授权漂移，既有结论自动失效并须追加新批次,未读取业务正文、价格、成交、订单簿、账户或凭据；身份字段不完整,为该成员提供当前版本九字段声明及逐字段Schema、授权和唯一证据定位后追加不可变批次,2d50c1344a835ceeb832796935182aeff80bb03cecc5465c8cf3aaccbd446acd,86129966e4bc55fac18f2d7602a2309d4403f85861102128a56a80a5a0ccc1ea,d2bd72d2b3103c7b7ddaba37dccbc922135bd725b880f9bae617c2707a43d951
source-identity-declaration-20260808T050813+0800-b2487b6c41a5,ZI-83194da27e2588c646f0c067,DS-000102,候选数据文件,BTC,4小时;8小时;24小时;48小时,15分钟;1小时,未知,未知,未知,未知,未知,未知,未知,未知,未知,未登记,无,config/数据/来源身份声明补采.json#身份声明[],25925ef8f47870540a3333c51fe109509d1892a094f19e7ed97ee9e9ac0bbbe7,abfb99f6151387ef4ff78a22a9fd233763a7a49d18bf50e5df9ba77c6b3c3f00,b386d1119735318462e2139b9e347bffa3dc4cc1cbd024fa3649d64f974fd023,未知,b3a1fc5ec72ad95e258b584f936ad46befab951e0ee9e43eaa18179e34974387,无法判定,FILE_STAT_OBSERVED_IDENTITY_UNPROVEN,本批次只读；若声明、输入、Schema或授权漂移，既有结论自动失效并须追加新批次,未读取业务正文、价格、成交、订单簿、账户或凭据；身份字段不完整,为该成员提供当前版本九字段声明及逐字段Schema、授权和唯一证据定位后追加不可变批次,2d50c1344a835ceeb832796935182aeff80bb03cecc5465c8cf3aaccbd446acd,86129966e4bc55fac18f2d7602a2309d4403f85861102128a56a80a5a0ccc1ea,249f7823f4f4b914960ec8d2ff981493bf60173f76ad62175c14c64e9e9b93e2
source-identity-declaration-20260808T050813+0800-b2487b6c41a5,ZI-79e649e4f49291fd4b439afc,DS-000103,候选数据文件,BTC,4小时;8小时;24小时;48小时,15分钟;1小时,未知,未知,未知,未知,未知,未知,未知,未知,未知,未登记,无,config/数据/来源身份声明补采.json#身份声明[],25925ef8f47870540a3333c51fe109509d1892a094f19e7ed97ee9e9ac0bbbe7,eb07628cb6a921195379d64475122a7143d0631cf42e25bfa01dcd7daaceb638,23f20b89610e2c1a33de449993d37f883d5c01487dfdba1dcf19c75060bdfc08,未知,b3a1fc5ec72ad95e258b584f936ad46befab951e0ee9e43eaa18179e34974387,无法判定,FILE_STAT_OBSERVED_IDENTITY_UNPROVEN,本批次只读；若声明、输入、Schema或授权漂移，既有结论自动失效并须追加新批次,未读取业务正文、价格、成交、订单簿、账户或凭据；身份字段不完整,为该成员提供当前版本九字段声明及逐字段Schema、授权和唯一证据定位后追加不可变批次,2d50c1344a835ceeb832796935182aeff80bb03cecc5465c8cf3aaccbd446acd,86129966e4bc55fac18f2d7602a2309d4403f85861102128a56a80a5a0ccc1ea,7d5f926e2dcf3c47c60028a664fadfa3e9bb9d7e3fb903d27d1e08824b18217c
source-identity-declaration-20260808T050813+0800-b2487b6c41a5,ZI-d4cca3ff9c910b0cb170853b,DS-000104,候选数据文件,BTC,4小时;8小时;24小时;48小时,15分钟;1小时,未知,未知,未知,未知,未知,未知,未知,未知,未知,未登记,无,config/数据/来源身份声明补采.json#身份声明[],25925ef8f47870540a3333c51fe109509d1892a094f19e7ed97ee9e9ac0bbbe7,ef28cdf12ca8827b2378c7e1e803ead3e3cf993ed1c368426155024fdc6c8959,c8aaa84129d33e87c4a177f961793252aa3f724efbb8b8b92789a5626bc0ea11,未知,b3a1fc5ec72ad95e258b584f936ad46befab951e0ee9e43eaa18179e34974387,无法判定,FILE_STAT_OBSERVED_IDENTITY_UNPROVEN,本批次只读；若声明、输入、Schema或授权漂移，既有结论自动失效并须追加新批次,未读取业务正文、价格、成交、订单簿、账户或凭据；身份字段不完整,为该成员提供当前版本九字段声明及逐字段Schema、授权和唯一证据定位后追加不可变批次,2d50c1344a835ceeb832796935182aeff80bb03cecc5465c8cf3aaccbd446acd,86129966e4bc55fac18f2d7602a2309d4403f85861102128a56a80a5a0ccc1ea,af0c569dc7253e435dadc7f85ea070f26c736875883b2d918180ccab902ac039
source-identity-declaration-20260808T050813+0800-b2487b6c41a5,ZI-d4c476126bfea2ff99705d12,DS-000105,候选数据文件,BTC,4小时;8小时;24小时;48小时,15分钟;1小时,未知,未知,未知,未知,未知,未知,未知,未知,未知,未登记,无,config/数据/来源身份声明补采.json#身份声明[],25925ef8f47870540a3333c51fe109509d1892a094f19e7ed97ee9e9ac0bbbe7,6ebf6d7a8a93d298f90f71a5732fabad965efedd59ad24025ceef2bff1413bc0,dce42c947587d840b35b6dc148798594d2cdfae0826496f1a95e47620a343be0,未知,b3a1fc5ec72ad95e258b584f936ad46befab951e0ee9e43eaa18179e34974387,无法判定,FILE_STAT_OBSERVED_IDENTITY_UNPROVEN,本批次只读；若声明、输入、Schema或授权漂移，既有结论自动失效并须追加新批次,未读取业务正文、价格、成交、订单簿、账户或凭据；身份字段不完整,为该成员提供当前版本九字段声明及逐字段Schema、授权和唯一证据定位后追加不可变批次,2d50c1344a835ceeb832796935182aeff80bb03cecc5465c8cf3aaccbd446acd,86129966e4bc55fac18f2d7602a2309d4403f85861102128a56a80a5a0ccc1ea,3ce3cd8afbc7b541192ab2fbb6b7dbcc3603a10e5231da5b96d9ef3694bd8c9d
source-identity-declaration-20260808T050813+0800-b2487b6c41a5,ZI-9caa14db165dab9ae3f80a1b,DS-000106,候选数据文件,BTC,4小时;8小时;24小时;48小时,15分钟;1小时,未知,未知,未知,未知,未知,未知,未知,未知,未知,未登记,无,config/数据/来源身份声明补采.json#身份声明[],25925ef8f47870540a3333c51fe109509d1892a094f19e7ed97ee9e9ac0bbbe7,7d452e0b77d3aca62618b2d4f776cb3ea7dd8bbc606f9df2cbaf4074a6486b29,b38fad67cc9e37b015c2de9a89d44de8aaefeb7633e89a0044901b6ef82204d6,未知,b3a1fc5ec72ad95e258b584f936ad46befab951e0ee9e43eaa18179e34974387,无法判定,FILE_STAT_OBSERVED_IDENTITY_UNPROVEN,本批次只读；若声明、输入、Schema或授权漂移，既有结论自动失效并须追加新批次,未读取业务正文、价格、成交、订单簿、账户或凭据；身份字段不完整,为该成员提供当前版本九字段声明及逐字段Schema、授权和唯一证据定位后追加不可变批次,2d50c1344a835ceeb832796935182aeff80bb03cecc5465c8cf3aaccbd446acd,86129966e4bc55fac18f2d7602a2309d4403f85861102128a56a80a5a0ccc1ea,b9ccf44d00318c1aff8a8f3df8221c3beb8173990c04ca515aa7970e8662a580
source-identity-declaration-20260808T050813+0800-b2487b6c41a5,ZI-9d8ef07dfb35083bea918b61,DS-000107,候选数据文件,BTC,4小时;8小时;24小时;48小时,15分钟;1小时,未知,未知,未知,未知,未知,未知,未知,未知,未知,未登记,无,config/数据/来源身份声明补采.json#身份声明[],25925ef8f47870540a3333c51fe109509d1892a094f19e7ed97ee9e9ac0bbbe7,1c779a884c12e4f411a9bc59ae6b87246c2b0b62333aded6984e1b65fb366d58,f57ae7adc6a21ab1f07f375520a27a8cc89841277281823327f09adfec1f2dc1,未知,b3a1fc5ec72ad95e258b584f936ad46befab951e0ee9e43eaa18179e34974387,无法判定,FILE_STAT_OBSERVED_IDENTITY_UNPROVEN,本批次只读；若声明、输入、Schema或授权漂移，既有结论自动失效并须追加新批次,未读取业务正文、价格、成交、订单簿、账户或凭据；身份字段不完整,为该成员提供当前版本九字段声明及逐字段Schema、授权和唯一证据定位后追加不可变批次,2d50c1344a835ceeb832796935182aeff80bb03cecc5465c8cf3aaccbd446acd,86129966e4bc55fac18f2d7602a2309d4403f85861102128a56a80a5a0ccc1ea,da749620e1482204115bd2a4035ca179607fd404338aab0df01e330be19a04e2
source-identity-declaration-20260808T050813+0800-b2487b6c41a5,ZI-60e1d87f679840a6bcbfd6c7,DS-000108,候选数据文件,BTC,4小时;8小时;24小时;48小时,15分钟;1小时,未知,未知,未知,未知,未知,未知,未知,未知,未知,未登记,无,config/数据/来源身份声明补采.json#身份声明[],25925ef8f47870540a3333c51fe109509d1892a094f19e7ed97ee9e9ac0bbbe7,d97b0d962760ad3eb6a51747d90bfdd9e3b6bf31767c9aba88aff9714b5456bc,af76ec353b0dd0b6a5acf63c72cc41d009b25652aff7dcf89e60b411d94f9998,未知,b3a1fc5ec72ad95e258b584f936ad46befab951e0ee9e43eaa18179e34974387,无法判定,FILE_STAT_OBSERVED_IDENTITY_UNPROVEN,本批次只读；若声明、输入、Schema或授权漂移，既有结论自动失效并须追加新批次,未读取业务正文、价格、成交、订单簿、账户或凭据；身份字段不完整,为该成员提供当前版本九字段声明及逐字段Schema、授权和唯一证据定位后追加不可变批次,2d50c1344a835ceeb832796935182aeff80bb03cecc5465c8cf3aaccbd446acd,86129966e4bc55fac18f2d7602a2309d4403f85861102128a56a80a5a0ccc1ea,db84312cb844399bf83d16de97a57977d10f30b930dbc53bba1df9a2b9a290b1
source-identity-declaration-20260808T050813+0800-b2487b6c41a5,ZI-23a62a21a44ede3557e3b62c,DS-000109,候选数据文件,BTC,4小时;8小时;24小时;48小时,15分钟;1小时,未知,未知,未知,未知,未知,未知,未知,未知,未知,未登记,无,config/数据/来源身份声明补采.json#身份声明[],25925ef8f47870540a3333c51fe109509d1892a094f19e7ed97ee9e9ac0bbbe7,33906bd2fcfd7bb1f16e12c0fbcf5a32d3eb963960a0412d88b1a5531531d280,b72b27e0618d3ee8901192b5a6fea8cbe28fc39a67c1c5f4022d3fa90e981598,未知,b3a1fc5ec72ad95e258b584f936ad46befab951e0ee9e43eaa18179e34974387,无法判定,FILE_STAT_OBSERVED_IDENTITY_UNPROVEN,本批次只读；若声明、输入、Schema或授权漂移，既有结论自动失效并须追加新批次,未读取业务正文、价格、成交、订单簿、账户或凭据；身份字段不完整,为该成员提供当前版本九字段声明及逐字段Schema、授权和唯一证据定位后追加不可变批次,2d50c1344a835ceeb832796935182aeff80bb03cecc5465c8cf3aaccbd446acd,86129966e4bc55fac18f2d7602a2309d4403f85861102128a56a80a5a0ccc1ea,2f721e6436fb7533ed09aff2be60b7c31620cda9d582fc930d12c250666ebca0
source-identity-declaration-20260808T050813+0800-b2487b6c41a5,ZI-4a5363d41dd3d54d7864611d,DS-000110,候选数据文件,BTC,4小时;8小时;24小时;48小时,15分钟;1小时,未知,未知,未知,未知,未知,未知,未知,未知,未知,未登记,无,config/数据/来源身份声明补采.json#身份声明[],25925ef8f47870540a3333c51fe109509d1892a094f19e7ed97ee9e9ac0bbbe7,0d59d080eb816bb6a7d5088cc871bec5cdc058074ced8ee38b7ac5e06efec7ea,186faeec98127cdb57c08f6b074402bf856678d6547dcdcf57f1f50bbcdaf750,未知,b3a1fc5ec72ad95e258b584f936ad46befab951e0ee9e43eaa18179e34974387,无法判定,FILE_STAT_OBSERVED_IDENTITY_UNPROVEN,本批次只读；若声明、输入、Schema或授权漂移，既有结论自动失效并须追加新批次,未读取业务正文、价格、成交、订单簿、账户或凭据；身份字段不完整,为该成员提供当前版本九字段声明及逐字段Schema、授权和唯一证据定位后追加不可变批次,2d50c1344a835ceeb832796935182aeff80bb03cecc5465c8cf3aaccbd446acd,86129966e4bc55fac18f2d7602a2309d4403f85861102128a56a80a5a0ccc1ea,c37497285a81f73c22036f778922a4ae056df4ac26ef84cc34f694bf763baadc
source-identity-declaration-20260808T050813+0800-b2487b6c41a5,ZI-a56a5bf3335401e617db60ab,DS-000111,候选数据文件,BTC,4小时;8小时;24小时;48小时,15分钟;1小时,未知,未知,未知,未知,未知,未知,未知,未知,未知,未登记,无,config/数据/来源身份声明补采.json#身份声明[],25925ef8f47870540a3333c51fe109509d1892a094f19e7ed97ee9e9ac0bbbe7,ecd8dfcecf158d395dac3a1c91df7786242adf9d0122c34ec458be58d766663f,abce5c0ce247279b37414ae6fa80a514eac7113552d74f3b3e5903541a232f67,未知,b3a1fc5ec72ad95e258b584f936ad46befab951e0ee9e43eaa18179e34974387,无法判定,FILE_STAT_OBSERVED_IDENTITY_UNPROVEN,本批次只读；若声明、输入、Schema或授权漂移，既有结论自动失效并须追加新批次,未读取业务正文、价格、成交、订单簿、账户或凭据；身份字段不完整,为该成员提供当前版本九字段声明及逐字段Schema、授权和唯一证据定位后追加不可变批次,2d50c1344a835ceeb832796935182aeff80bb03cecc5465c8cf3aaccbd446acd,86129966e4bc55fac18f2d7602a2309d4403f85861102128a56a80a5a0ccc1ea,3d74a41f6f786727cf2f548025958de3ef488044f75cec805cde5345f90a9a2c
source-identity-declaration-20260808T050813+0800-b2487b6c41a5,ZI-285a4482ac5802699bf8a1ea,DS-000112,候选数据文件,BTC,4小时;8小时;24小时;48小时,15分钟;1小时,未知,未知,未知,未知,未知,未知,未知,未知,未知,未登记,无,config/数据/来源身份声明补采.json#身份声明[],25925ef8f47870540a3333c51fe109509d1892a094f19e7ed97ee9e9ac0bbbe7,290fec9c99843ff43e2fa44b0685ae754abd94ccb79d11168effc2e257574e21,0e1be86dcb8f9564eada1e205e7c649eaa2fcb4b5a796399474ab14653fba1bb,未知,b3a1fc5ec72ad95e258b584f936ad46befab951e0ee9e43eaa18179e34974387,无法判定,FILE_STAT_OBSERVED_IDENTITY_UNPROVEN,本批次只读；若声明、输入、Schema或授权漂移，既有结论自动失效并须追加新批次,未读取业务正文、价格、成交、订单簿、账户或凭据；身份字段不完整,为该成员提供当前版本九字段声明及逐字段Schema、授权和唯一证据定位后追加不可变批次,2d50c1344a835ceeb832796935182aeff80bb03cecc5465c8cf3aaccbd446acd,86129966e4bc55fac18f2d7602a2309d4403f85861102128a56a80a5a0ccc1ea,3ea44da8de39eb363aa00498350af4ef6a9624dfb48978ce29748e30c8cd3372
source-identity-declaration-20260808T050813+0800-b2487b6c41a5,ZI-c368ec0a8284d3c172eda1a2,DS-000113,候选数据文件,BTC,4小时;8小时;24小时;48小时,15分钟;1小时,未知,未知,未知,未知,未知,未知,未知,未知,未知,未登记,无,config/数据/来源身份声明补采.json#身份声明[],25925ef8f47870540a3333c51fe109509d1892a094f19e7ed97ee9e9ac0bbbe7,74f98b20f89a154b201438a140d3bf675ce8d06104663b525a9e689aa2eb0630,72cb58ae12ca003a8d29e7696a909f56cc2fc3510f34f17f6633c3ebdd16271d,未知,b3a1fc5ec72ad95e258b584f936ad46befab951e0ee9e43eaa18179e34974387,无法判定,FILE_STAT_OBSERVED_IDENTITY_UNPROVEN,本批次只读；若声明、输入、Schema或授权漂移，既有结论自动失效并须追加新批次,未读取业务正文、价格、成交、订单簿、账户或凭据；身份字段不完整,为该成员提供当前版本九字段声明及逐字段Schema、授权和唯一证据定位后追加不可变批次,2d50c1344a835ceeb832796935182aeff80bb03cecc5465c8cf3aaccbd446acd,86129966e4bc55fac18f2d7602a2309d4403f85861102128a56a80a5a0ccc1ea,f336a5848f7e5280d75d861a86c7e25ee09cce4e6c10d6843b8f22b6d3cefd5e
source-identity-declaration-20260808T050813+0800-b2487b6c41a5,ZI-f8745dbb71ac15767ca8d9c1,DS-000114,候选数据文件,BTC,4小时;8小时;24小时;48小时,15分钟;1小时,未知,未知,未知,未知,未知,未知,未知,未知,未知,未登记,无,config/数据/来源身份声明补采.json#身份声明[],25925ef8f47870540a3333c51fe109509d1892a094f19e7ed97ee9e9ac0bbbe7,3e3fec896b931f582dddfe469e0dbe6e470535c77e3f7299e94f387b505d440c,cd8bd0bf961ed5ce3c2172a56ecd4ff74e43f63dd21c54c9f68830fc78260675,未知,b3a1fc5ec72ad95e258b584f936ad46befab951e0ee9e43eaa18179e34974387,无法判定,FILE_STAT_OBSERVED_IDENTITY_UNPROVEN,本批次只读；若声明、输入、Schema或授权漂移，既有结论自动失效并须追加新批次,未读取业务正文、价格、成交、订单簿、账户或凭据；身份字段不完整,为该成员提供当前版本九字段声明及逐字段Schema、授权和唯一证据定位后追加不可变批次,2d50c1344a835ceeb832796935182aeff80bb03cecc5465c8cf3aaccbd446acd,86129966e4bc55fac18f2d7602a2309d4403f85861102128a56a80a5a0ccc1ea,f5ec9619a03c4b2f7ae44738c8a97a1baf49aab5f8e916a31a3311bd114ec786
source-identity-declaration-20260808T050813+0800-b2487b6c41a5,ZI-31961eda688bb5aee6575300,DS-000115,候选数据文件,BTC,4小时;8小时;24小时;48小时,15分钟;1小时,未知,未知,未知,未知,未知,未知,未知,未知,未知,未登记,无,config/数据/来源身份声明补采.json#身份声明[],25925ef8f47870540a3333c51fe109509d1892a094f19e7ed97ee9e9ac0bbbe7,afe961774296dd8e04a4684cc5642629f080a957493c1cf954cf485a7e5763ed,dc00bf8a1426e1173a6a82c9ff91d646ecf18f5d79fc177f791bb09fa83fb0a3,未知,b3a1fc5ec72ad95e258b584f936ad46befab951e0ee9e43eaa18179e34974387,无法判定,FILE_STAT_OBSERVED_IDENTITY_UNPROVEN,本批次只读；若声明、输入、Schema或授权漂移，既有结论自动失效并须追加新批次,未读取业务正文、价格、成交、订单簿、账户或凭据；身份字段不完整,为该成员提供当前版本九字段声明及逐字段Schema、授权和唯一证据定位后追加不可变批次,2d50c1344a835ceeb832796935182aeff80bb03cecc5465c8cf3aaccbd446acd,86129966e4bc55fac18f2d7602a2309d4403f85861102128a56a80a5a0ccc1ea,f8a01d22508f271fc25c9148e1f138407299465c07c2a1a601044efad2847171
source-identity-declaration-20260808T050813+0800-b2487b6c41a5,ZI-b38d3520cb51796d72c37eb0,DS-000116,候选数据文件,BTC,4小时;8小时;24小时;48小时,15分钟;1小时,未知,未知,未知,未知,未知,未知,未知,未知,未知,未登记,无,config/数据/来源身份声明补采.json#身份声明[],25925ef8f47870540a3333c51fe109509d1892a094f19e7ed97ee9e9ac0bbbe7,95fa942c0d61a4c0c67ab8892ee22b19e0375cf22f45b301d85fc2f861b76c4d,a9d20e61faa875734fc6c5c9a390b6a7c9bb31a6a855ed2e71d8b416a0c6cc31,未知,b3a1fc5ec72ad95e258b584f936ad46befab951e0ee9e43eaa18179e34974387,无法判定,FILE_STAT_OBSERVED_IDENTITY_UNPROVEN,本批次只读；若声明、输入、Schema或授权漂移，既有结论自动失效并须追加新批次,未读取业务正文、价格、成交、订单簿、账户或凭据；身份字段不完整,为该成员提供当前版本九字段声明及逐字段Schema、授权和唯一证据定位后追加不可变批次,2d50c1344a835ceeb832796935182aeff80bb03cecc5465c8cf3aaccbd446acd,86129966e4bc55fac18f2d7602a2309d4403f85861102128a56a80a5a0ccc1ea,090cfe9cb40d0a5440fd1fa54694ad96529a5f2a64426356afade044d1180bee
source-identity-declaration-20260808T050813+0800-b2487b6c41a5,ZI-5ea466fcde39bb4c70c5a187,DS-000117,候选数据文件,BTC,4小时;8小时;24小时;48小时,15分钟;1小时,未知,未知,未知,未知,未知,未知,未知,未知,未知,未登记,无,config/数据/来源身份声明补采.json#身份声明[],25925ef8f47870540a3333c51fe109509d1892a094f19e7ed97ee9e9ac0bbbe7,2618c38b7b3a4ced21d2f84d5249058929b44abacaed04c3d7145c62a9f2bed0,d0a8d864eea303ec7255229b7983bab2160f3d2900754f9e68b42a37f451df39,未知,b3a1fc5ec72ad95e258b584f936ad46befab951e0ee9e43eaa18179e34974387,无法判定,FILE_STAT_OBSERVED_IDENTITY_UNPROVEN,本批次只读；若声明、输入、Schema或授权漂移，既有结论自动失效并须追加新批次,未读取业务正文、价格、成交、订单簿、账户或凭据；身份字段不完整,为该成员提供当前版本九字段声明及逐字段Schema、授权和唯一证据定位后追加不可变批次,2d50c1344a835ceeb832796935182aeff80bb03cecc5465c8cf3aaccbd446acd,86129966e4bc55fac18f2d7602a2309d4403f85861102128a56a80a5a0ccc1ea,16bab914ad04540fb0180b9e47d07863f34f9d56fde037c1c928b0a1fc78274c
source-identity-declaration-20260808T050813+0800-b2487b6c41a5,ZI-2840b60ae29f6da1116b00b7,DS-000118,候选数据文件,BTC,4小时;8小时;24小时;48小时,15分钟;1小时,未知,未知,未知,未知,未知,未知,未知,未知,未知,未登记,无,config/数据/来源身份声明补采.json#身份声明[],25925ef8f47870540a3333c51fe109509d1892a094f19e7ed97ee9e9ac0bbbe7,2629abb375ff39ff81b4461aa7d5fc4b83971f1ffc8a8bab00958e8be26497cd,a89068d18bdc3031167387767fc39e4900d4aaa08e7f740b4acc85e167a6cc52,未知,b3a1fc5ec72ad95e258b584f936ad46befab951e0ee9e43eaa18179e34974387,无法判定,FILE_STAT_OBSERVED_IDENTITY_UNPROVEN,本批次只读；若声明、输入、Schema或授权漂移，既有结论自动失效并须追加新批次,未读取业务正文、价格、成交、订单簿、账户或凭据；身份字段不完整,为该成员提供当前版本九字段声明及逐字段Schema、授权和唯一证据定位后追加不可变批次,2d50c1344a835ceeb832796935182aeff80bb03cecc5465c8cf3aaccbd446acd,86129966e4bc55fac18f2d7602a2309d4403f85861102128a56a80a5a0ccc1ea,89a6b670a959603be9223300ad1f7d9a9681411ab6ffb028075263447fcc8162
source-identity-declaration-20260808T050813+0800-b2487b6c41a5,ZI-d598b1a2b5c702f7087d23b1,DS-000119,候选数据文件,BTC,4小时;8小时;24小时;48小时,15分钟;1小时,未知,未知,未知,未知,未知,未知,未知,未知,未知,未登记,无,config/数据/来源身份声明补采.json#身份声明[],25925ef8f47870540a3333c51fe109509d1892a094f19e7ed97ee9e9ac0bbbe7,f69bb9fd69717fc62e973fd0f57005c2efdfa818a0c96a38198a12dc11340bf3,201c24234fdb0a4b82ff7c3e1ac7720c60a94739884be74ea71e0fec2c01b3f4,未知,b3a1fc5ec72ad95e258b584f936ad46befab951e0ee9e43eaa18179e34974387,无法判定,FILE_STAT_OBSERVED_IDENTITY_UNPROVEN,本批次只读；若声明、输入、Schema或授权漂移，既有结论自动失效并须追加新批次,未读取业务正文、价格、成交、订单簿、账户或凭据；身份字段不完整,为该成员提供当前版本九字段声明及逐字段Schema、授权和唯一证据定位后追加不可变批次,2d50c1344a835ceeb832796935182aeff80bb03cecc5465c8cf3aaccbd446acd,86129966e4bc55fac18f2d7602a2309d4403f85861102128a56a80a5a0ccc1ea,633ef2f9fbca53fdeb35bc2d73c92ba069caba9fc33ccc2d8fb6e10abe895257
source-identity-declaration-20260808T050813+0800-b2487b6c41a5,ZI-3070d81b75f66c2b727c4439,DS-000120,候选数据文件,BTC,4小时;8小时;24小时;48小时,15分钟;1小时,未知,未知,未知,未知,未知,未知,未知,未知,未知,未登记,无,config/数据/来源身份声明补采.json#身份声明[],25925ef8f47870540a3333c51fe109509d1892a094f19e7ed97ee9e9ac0bbbe7,6609c14cb9bb0288b24cb453d942c7508aab48529570a4aaf23dd54ab7dcf43a,92d878d4d42f0b5c171f596ebdd3cb6795536cb7f481022b3a152a3ef9d9088c,未知,b3a1fc5ec72ad95e258b584f936ad46befab951e0ee9e43eaa18179e34974387,无法判定,FILE_STAT_OBSERVED_IDENTITY_UNPROVEN,本批次只读；若声明、输入、Schema或授权漂移，既有结论自动失效并须追加新批次,未读取业务正文、价格、成交、订单簿、账户或凭据；身份字段不完整,为该成员提供当前版本九字段声明及逐字段Schema、授权和唯一证据定位后追加不可变批次,2d50c1344a835ceeb832796935182aeff80bb03cecc5465c8cf3aaccbd446acd,86129966e4bc55fac18f2d7602a2309d4403f85861102128a56a80a5a0ccc1ea,b610227163594c2aa3630019aa081cd18d1374320d271bfe3163fb9e2f703728
source-identity-declaration-20260808T050813+0800-b2487b6c41a5,ZI-8413f0e6afa6b3430372a713,DS-000121,候选数据文件,BTC,4小时;8小时;24小时;48小时,15分钟;1小时,未知,未知,未知,未知,未知,未知,未知,未知,未知,未登记,无,config/数据/来源身份声明补采.json#身份声明[],25925ef8f47870540a3333c51fe109509d1892a094f19e7ed97ee9e9ac0bbbe7,6f11f05c8807a0f784213dce4eb03969122dc0a62e00b3d53e6bc473e342e278,bb047892a379b7419784df0d9cedd7e13bd29bc92dc6d96d34b7dbb3d7fe5cdf,未知,b3a1fc5ec72ad95e258b584f936ad46befab951e0ee9e43eaa18179e34974387,无法判定,FILE_STAT_OBSERVED_IDENTITY_UNPROVEN,本批次只读；若声明、输入、Schema或授权漂移，既有结论自动失效并须追加新批次,未读取业务正文、价格、成交、订单簿、账户或凭据；身份字段不完整,为该成员提供当前版本九字段声明及逐字段Schema、授权和唯一证据定位后追加不可变批次,2d50c1344a835ceeb832796935182aeff80bb03cecc5465c8cf3aaccbd446acd,86129966e4bc55fac18f2d7602a2309d4403f85861102128a56a80a5a0ccc1ea,ea34719f3557a955abf988c99fc0fc0e13a5e30bf2587b43ce39f0ea77dc0cb9
source-identity-declaration-20260808T050813+0800-b2487b6c41a5,ZI-ee6f15f9e39a4d9fcfce0cf5,DS-000122,候选数据文件,BTC,4小时;8小时;24小时;48小时,15分钟;1小时,未知,未知,未知,未知,未知,未知,未知,未知,未知,未登记,无,config/数据/来源身份声明补采.json#身份声明[],25925ef8f47870540a3333c51fe109509d1892a094f19e7ed97ee9e9ac0bbbe7,dc6c4dd4e242874a6da8334f67590790f72bb66e1b5ab6d94aeec5b53ed494be,53843d761732812258f146c1b81e787cfa6ea85b783bc115247d0e92889eba34,未知,b3a1fc5ec72ad95e258b584f936ad46befab951e0ee9e43eaa18179e34974387,拒绝,INPUT_MEMBER_REJECTED,本批次只读；若声明、输入、Schema或授权漂移，既有结论自动失效并须追加新批次,未读取业务正文、价格、成交、订单簿、账户或凭据；身份字段不完整,为该成员提供当前版本九字段声明及逐字段Schema、授权和唯一证据定位后追加不可变批次,2d50c1344a835ceeb832796935182aeff80bb03cecc5465c8cf3aaccbd446acd,86129966e4bc55fac18f2d7602a2309d4403f85861102128a56a80a5a0ccc1ea,e5cc96bc2fe796f7178d75f57b8e6da199a0da2b800de5350cb16255d2941080
source-identity-declaration-20260808T050813+0800-b2487b6c41a5,ZI-0437f9b494a20cb05341af1e,DS-000123,候选数据文件,BTC,4小时;8小时;24小时;48小时,15分钟;1小时,未知,未知,未知,未知,未知,未知,未知,未知,未知,未登记,无,config/数据/来源身份声明补采.json#身份声明[],25925ef8f47870540a3333c51fe109509d1892a094f19e7ed97ee9e9ac0bbbe7,b544e385d3e89d4bc872b681fb7b43c8c29c35cf1a2255fb1eb792ab42e092e7,13670b327c3ce0d3e355441dc6d99ac6734dda910217dd7f4731c23bc8375d31,未知,b3a1fc5ec72ad95e258b584f936ad46befab951e0ee9e43eaa18179e34974387,无法判定,FILE_STAT_OBSERVED_IDENTITY_UNPROVEN,本批次只读；若声明、输入、Schema或授权漂移，既有结论自动失效并须追加新批次,未读取业务正文、价格、成交、订单簿、账户或凭据；身份字段不完整,为该成员提供当前版本九字段声明及逐字段Schema、授权和唯一证据定位后追加不可变批次,2d50c1344a835ceeb832796935182aeff80bb03cecc5465c8cf3aaccbd446acd,86129966e4bc55fac18f2d7602a2309d4403f85861102128a56a80a5a0ccc1ea,606955624275eddf792426f99d836517011aeaa0997b7a47c04cd1131e532e4a
source-identity-declaration-20260808T050813+0800-b2487b6c41a5,ZI-ee00f9dd25503d2600ed08e3,DS-000124,候选数据文件,BTC,4小时;8小时;24小时;48小时,15分钟;1小时,未知,未知,未知,未知,未知,未知,未知,未知,未知,未登记,无,config/数据/来源身份声明补采.json#身份声明[],25925ef8f47870540a3333c51fe109509d1892a094f19e7ed97ee9e9ac0bbbe7,d7ef1e10d9720d76b7d47a520b7439f7ef8aa78a7560836f22971cf752ef3294,62fc33658b158f02bfe3de01b5eedca81e9c8ac93e348916fa9458a8ffacd315,未知,b3a1fc5ec72ad95e258b584f936ad46befab951e0ee9e43eaa18179e34974387,无法判定,FILE_STAT_OBSERVED_IDENTITY_UNPROVEN,本批次只读；若声明、输入、Schema或授权漂移，既有结论自动失效并须追加新批次,未读取业务正文、价格、成交、订单簿、账户或凭据；身份字段不完整,为该成员提供当前版本九字段声明及逐字段Schema、授权和唯一证据定位后追加不可变批次,2d50c1344a835ceeb832796935182aeff80bb03cecc5465c8cf3aaccbd446acd,86129966e4bc55fac18f2d7602a2309d4403f85861102128a56a80a5a0ccc1ea,5cd9151e7245057caa1cdaec54731d1e9d5150e99afc3ab3766ffdc4bcc7a04e
source-identity-declaration-20260808T050813+0800-b2487b6c41a5,ZI-e98fd2a2d5d0df09bc9937cb,DS-000125,候选数据文件,BTC,4小时;8小时;24小时;48小时,15分钟;1小时,未知,未知,未知,未知,未知,未知,未知,未知,未知,未登记,无,config/数据/来源身份声明补采.json#身份声明[],25925ef8f47870540a3333c51fe109509d1892a094f19e7ed97ee9e9ac0bbbe7,933516055a642714098755bbe9c599785c999703fbef73dc81e13069d74aa18f,ec513f8c058cb105f4032d6fa7282c197e5a78cf4c151b0571d00dd8dc4f7dd2,未知,b3a1fc5ec72ad95e258b584f936ad46befab951e0ee9e43eaa18179e34974387,无法判定,FILE_STAT_OBSERVED_IDENTITY_UNPROVEN,本批次只读；若声明、输入、Schema或授权漂移，既有结论自动失效并须追加新批次,未读取业务正文、价格、成交、订单簿、账户或凭据；身份字段不完整,为该成员提供当前版本九字段声明及逐字段Schema、授权和唯一证据定位后追加不可变批次,2d50c1344a835ceeb832796935182aeff80bb03cecc5465c8cf3aaccbd446acd,86129966e4bc55fac18f2d7602a2309d4403f85861102128a56a80a5a0ccc1ea,56a1efe33a89e97b53b1a3d38d1aa511c6831f61482b735a2a34679b89002a83
source-identity-declaration-20260808T050813+0800-b2487b6c41a5,ZI-57350b8f0db900711ed2488f,DS-000126,候选数据文件,BTC,4小时;8小时;24小时;48小时,15分钟;1小时,未知,未知,未知,未知,未知,未知,未知,未知,未知,未登记,无,config/数据/来源身份声明补采.json#身份声明[],25925ef8f47870540a3333c51fe109509d1892a094f19e7ed97ee9e9ac0bbbe7,9499e61c0227984474b6b7c023dc310fcae06907a46958e429501d3e6b006798,f8cc85fd88b4d152c3a85acf0e6f5ad15e2df327db073f7f1078063e5e4389df,未知,b3a1fc5ec72ad95e258b584f936ad46befab951e0ee9e43eaa18179e34974387,无法判定,FILE_STAT_OBSERVED_IDENTITY_UNPROVEN,本批次只读；若声明、输入、Schema或授权漂移，既有结论自动失效并须追加新批次,未读取业务正文、价格、成交、订单簿、账户或凭据；身份字段不完整,为该成员提供当前版本九字段声明及逐字段Schema、授权和唯一证据定位后追加不可变批次,2d50c1344a835ceeb832796935182aeff80bb03cecc5465c8cf3aaccbd446acd,86129966e4bc55fac18f2d7602a2309d4403f85861102128a56a80a5a0ccc1ea,907b03122423e86eefbffbbb7b56c732198d2260d65cafbb4e6019ccd71ee13d
source-identity-declaration-20260808T050813+0800-b2487b6c41a5,ZI-50d94b0de1efc730b9122af3,DS-000127,候选数据文件,BTC,4小时;8小时;24小时;48小时,15分钟;1小时,未知,未知,未知,未知,未知,未知,未知,未知,未知,未登记,无,config/数据/来源身份声明补采.json#身份声明[],25925ef8f47870540a3333c51fe109509d1892a094f19e7ed97ee9e9ac0bbbe7,7498b9a041f4b609fbd9b5447119d9522ae1aaf59ff427378718c2833bf39af8,6876393fb377a2dddbdd0f3704f2a6600684cd6c4f20a91ee5c598a91896511a,未知,b3a1fc5ec72ad95e258b584f936ad46befab951e0ee9e43eaa18179e34974387,无法判定,FILE_STAT_OBSERVED_IDENTITY_UNPROVEN,本批次只读；若声明、输入、Schema或授权漂移，既有结论自动失效并须追加新批次,未读取业务正文、价格、成交、订单簿、账户或凭据；身份字段不完整,为该成员提供当前版本九字段声明及逐字段Schema、授权和唯一证据定位后追加不可变批次,2d50c1344a835ceeb832796935182aeff80bb03cecc5465c8cf3aaccbd446acd,86129966e4bc55fac18f2d7602a2309d4403f85861102128a56a80a5a0ccc1ea,4967f2e4480214d85e38e3e42f1b2b2a6e7a023381f642e8a3128cc049af8a97
source-identity-declaration-20260808T050813+0800-b2487b6c41a5,ZI-66345af7f29b369463667940,DS-000128,候选数据文件,BTC,4小时;8小时;24小时;48小时,15分钟;1小时,未知,未知,未知,未知,未知,未知,未知,未知,未知,未登记,无,config/数据/来源身份声明补采.json#身份声明[],25925ef8f47870540a3333c51fe109509d1892a094f19e7ed97ee9e9ac0bbbe7,8784b44479961e1fc5e62e73d76c8f43f5274c03f210a3417d777a7b86f3c045,3778f5a272bf10f74727c3c30bcea740586d7993016b625b605c66a82dcac354,未知,b3a1fc5ec72ad95e258b584f936ad46befab951e0ee9e43eaa18179e34974387,无法判定,FILE_STAT_OBSERVED_IDENTITY_UNPROVEN,本批次只读；若声明、输入、Schema或授权漂移，既有结论自动失效并须追加新批次,未读取业务正文、价格、成交、订单簿、账户或凭据；身份字段不完整,为该成员提供当前版本九字段声明及逐字段Schema、授权和唯一证据定位后追加不可变批次,2d50c1344a835ceeb832796935182aeff80bb03cecc5465c8cf3aaccbd446acd,86129966e4bc55fac18f2d7602a2309d4403f85861102128a56a80a5a0ccc1ea,843ca8b06bcab577e20e746650086cd1a204ea923918d86f9df9cbdac62e791d
source-identity-declaration-20260808T050813+0800-b2487b6c41a5,ZI-f0b6b298cfe3ce3a7d56b8eb,DS-000129,候选数据文件,BTC,4小时;8小时;24小时;48小时,15分钟;1小时,未知,未知,未知,未知,未知,未知,未知,未知,未知,未登记,无,config/数据/来源身份声明补采.json#身份声明[],25925ef8f47870540a3333c51fe109509d1892a094f19e7ed97ee9e9ac0bbbe7,6ec29ab16a61a9874de644237ea1f88b4281182c44ec3b7aabeceff905c3c1fe,b9fe115bbe71bc2df097758de5421c48df29bb6dece7319e86e3b4f4104d7ba3,未知,b3a1fc5ec72ad95e258b584f936ad46befab951e0ee9e43eaa18179e34974387,无法判定,FILE_STAT_OBSERVED_IDENTITY_UNPROVEN,本批次只读；若声明、输入、Schema或授权漂移，既有结论自动失效并须追加新批次,未读取业务正文、价格、成交、订单簿、账户或凭据；身份字段不完整,为该成员提供当前版本九字段声明及逐字段Schema、授权和唯一证据定位后追加不可变批次,2d50c1344a835ceeb832796935182aeff80bb03cecc5465c8cf3aaccbd446acd,86129966e4bc55fac18f2d7602a2309d4403f85861102128a56a80a5a0ccc1ea,5a96255893f37efa5d9fdc308abce7e4cb4390fbc817866e0ecda2f6f930690c
source-identity-declaration-20260808T050813+0800-b2487b6c41a5,ZI-5a7245a9c0cc69252b3df5d1,DS-000130,候选数据文件,BTC,4小时;8小时;24小时;48小时,15分钟;1小时,未知,未知,未知,未知,未知,未知,未知,未知,未知,未登记,无,config/数据/来源身份声明补采.json#身份声明[],25925ef8f47870540a3333c51fe109509d1892a094f19e7ed97ee9e9ac0bbbe7,31a5fa38e253ae35bbd283a09e22b12ae2d20072cacd4fec29ddc407fc7c2c5a,ab1fa132bb5dedae2aee599d307ef6afbd15ef8e10247d61d8c83173266e0a23,未知,b3a1fc5ec72ad95e258b584f936ad46befab951e0ee9e43eaa18179e34974387,无法判定,FILE_STAT_OBSERVED_IDENTITY_UNPROVEN,本批次只读；若声明、输入、Schema或授权漂移，既有结论自动失效并须追加新批次,未读取业务正文、价格、成交、订单簿、账户或凭据；身份字段不完整,为该成员提供当前版本九字段声明及逐字段Schema、授权和唯一证据定位后追加不可变批次,2d50c1344a835ceeb832796935182aeff80bb03cecc5465c8cf3aaccbd446acd,86129966e4bc55fac18f2d7602a2309d4403f85861102128a56a80a5a0ccc1ea,76a2c8a9f9fdb9d066c1d6332764b95ef2c75afd7f9d5912286325dc20a41748
source-identity-declaration-20260808T050813+0800-b2487b6c41a5,ZI-25447cea628f3920f050dbd5,DS-000131,候选数据文件,BTC,4小时;8小时;24小时;48小时,15分钟;1小时,未知,未知,未知,未知,未知,未知,未知,未知,未知,未登记,无,config/数据/来源身份声明补采.json#身份声明[],25925ef8f47870540a3333c51fe109509d1892a094f19e7ed97ee9e9ac0bbbe7,596462ea846e3b15707b59be416da11412b9e52c6d94c741ad5be0a70d1dfffe,849871286b1f3a7bb36005a3c4170984f7a55ddeda2e82f3720e21c78af7536d,未知,b3a1fc5ec72ad95e258b584f936ad46befab951e0ee9e43eaa18179e34974387,无法判定,FILE_STAT_OBSERVED_IDENTITY_UNPROVEN,本批次只读；若声明、输入、Schema或授权漂移，既有结论自动失效并须追加新批次,未读取业务正文、价格、成交、订单簿、账户或凭据；身份字段不完整,为该成员提供当前版本九字段声明及逐字段Schema、授权和唯一证据定位后追加不可变批次,2d50c1344a835ceeb832796935182aeff80bb03cecc5465c8cf3aaccbd446acd,86129966e4bc55fac18f2d7602a2309d4403f85861102128a56a80a5a0ccc1ea,680a9c2183e53b5e07db9b73f1912be5500b91138204c193186adba25f8b76f1
source-identity-declaration-20260808T050813+0800-b2487b6c41a5,ZI-17f2298039c37a648fbd5908,DS-000132,候选数据文件,BTC,4小时;8小时;24小时;48小时,15分钟;1小时,未知,未知,未知,未知,未知,未知,未知,未知,未知,未登记,无,config/数据/来源身份声明补采.json#身份声明[],25925ef8f47870540a3333c51fe109509d1892a094f19e7ed97ee9e9ac0bbbe7,b92d68f0c6a28fd076fc8affb08361f7b721d840be639dd0fdcd9e4063f945e2,0e07540ee3310c57505f2e3e874b1df4f26fc44746b94ed2025d1b60856d53a3,未知,b3a1fc5ec72ad95e258b584f936ad46befab951e0ee9e43eaa18179e34974387,无法判定,FILE_STAT_OBSERVED_IDENTITY_UNPROVEN,本批次只读；若声明、输入、Schema或授权漂移，既有结论自动失效并须追加新批次,未读取业务正文、价格、成交、订单簿、账户或凭据；身份字段不完整,为该成员提供当前版本九字段声明及逐字段Schema、授权和唯一证据定位后追加不可变批次,2d50c1344a835ceeb832796935182aeff80bb03cecc5465c8cf3aaccbd446acd,86129966e4bc55fac18f2d7602a2309d4403f85861102128a56a80a5a0ccc1ea,34c19dc6b4e0d087f62800f4ef33a6b3c59b3a12f7642c0c97111bab429d0dcb
source-identity-declaration-20260808T050813+0800-b2487b6c41a5,ZI-e5f5afbaaf19d3151683dc0c,DS-000133,候选数据文件,BTC,4小时;8小时;24小时;48小时,15分钟;1小时,未知,未知,未知,未知,未知,未知,未知,未知,未知,未登记,无,config/数据/来源身份声明补采.json#身份声明[],25925ef8f47870540a3333c51fe109509d1892a094f19e7ed97ee9e9ac0bbbe7,d49b3cdefe936c41685bf10613de132b9f5d9198120e45aae55859f797788158,70e1444628d1622cd802bd2ee74a014e8a620cff9fd655e3880e74a7d3c8b8b7,未知,b3a1fc5ec72ad95e258b584f936ad46befab951e0ee9e43eaa18179e34974387,无法判定,FILE_STAT_OBSERVED_IDENTITY_UNPROVEN,本批次只读；若声明、输入、Schema或授权漂移，既有结论自动失效并须追加新批次,未读取业务正文、价格、成交、订单簿、账户或凭据；身份字段不完整,为该成员提供当前版本九字段声明及逐字段Schema、授权和唯一证据定位后追加不可变批次,2d50c1344a835ceeb832796935182aeff80bb03cecc5465c8cf3aaccbd446acd,86129966e4bc55fac18f2d7602a2309d4403f85861102128a56a80a5a0ccc1ea,ec413870abd83cc50e78755b3c5f08c9d8b1ca6049c2b626e457556208f08a85
source-identity-declaration-20260808T050813+0800-b2487b6c41a5,ZI-67ed5354e433ec425cf10220,DS-000134,候选数据文件,BTC,4小时;8小时;24小时;48小时,15分钟;1小时,未知,未知,未知,未知,未知,未知,未知,未知,未知,未登记,无,config/数据/来源身份声明补采.json#身份声明[],25925ef8f47870540a3333c51fe109509d1892a094f19e7ed97ee9e9ac0bbbe7,0e6fc6a736706f9c8311f0bcd6cac49d78a213f394e2feafda517cd5a5854e7d,99f1d24909a2843e1fcd95fc876654a847ae45806c4adae55c444399995f0ec8,未知,b3a1fc5ec72ad95e258b584f936ad46befab951e0ee9e43eaa18179e34974387,无法判定,FILE_STAT_OBSERVED_IDENTITY_UNPROVEN,本批次只读；若声明、输入、Schema或授权漂移，既有结论自动失效并须追加新批次,未读取业务正文、价格、成交、订单簿、账户或凭据；身份字段不完整,为该成员提供当前版本九字段声明及逐字段Schema、授权和唯一证据定位后追加不可变批次,2d50c1344a835ceeb832796935182aeff80bb03cecc5465c8cf3aaccbd446acd,86129966e4bc55fac18f2d7602a2309d4403f85861102128a56a80a5a0ccc1ea,029b6ed1455ad0a1508a4d69dcb49ac1f02375b69e3549faa41670fa864324aa
source-identity-declaration-20260808T050813+0800-b2487b6c41a5,ZI-9959cefd6da7ea4c9bc8a26a,DS-000135,候选数据文件,BTC,4小时;8小时;24小时;48小时,15分钟;1小时,未知,未知,未知,未知,未知,未知,未知,未知,未知,未登记,无,config/数据/来源身份声明补采.json#身份声明[],25925ef8f47870540a3333c51fe109509d1892a094f19e7ed97ee9e9ac0bbbe7,6ed4afcb16dadb13cea1399f219a898bff5d238791ebd03cea6a0bd7d98b1ff5,e3d98fa985e8b77d96cab83fffc66cfc094f5d9dcffcba011bab1d69029e238b,未知,b3a1fc5ec72ad95e258b584f936ad46befab951e0ee9e43eaa18179e34974387,无法判定,FILE_STAT_OBSERVED_IDENTITY_UNPROVEN,本批次只读；若声明、输入、Schema或授权漂移，既有结论自动失效并须追加新批次,未读取业务正文、价格、成交、订单簿、账户或凭据；身份字段不完整,为该成员提供当前版本九字段声明及逐字段Schema、授权和唯一证据定位后追加不可变批次,2d50c1344a835ceeb832796935182aeff80bb03cecc5465c8cf3aaccbd446acd,86129966e4bc55fac18f2d7602a2309d4403f85861102128a56a80a5a0ccc1ea,5695d5f45483d77f8b2ecaf5e359074895e20451fcc3e5543b766a3080533142
source-identity-declaration-20260808T050813+0800-b2487b6c41a5,ZI-729914ef0d7b46aa2dc0dc05,DS-000136,候选数据文件,BTC,4小时;8小时;24小时;48小时,15分钟;1小时,未知,未知,未知,未知,未知,未知,未知,未知,未知,未登记,无,config/数据/来源身份声明补采.json#身份声明[],25925ef8f47870540a3333c51fe109509d1892a094f19e7ed97ee9e9ac0bbbe7,c642096c5b9e47e8fb6d3af1ce33b6503b701f275d986dc3c80518fafa656b62,f891c3fe3008bfa69c81d678ef19f93b5031d32dc4999017e03a2b18febebf1c,未知,b3a1fc5ec72ad95e258b584f936ad46befab951e0ee9e43eaa18179e34974387,无法判定,FILE_STAT_OBSERVED_IDENTITY_UNPROVEN,本批次只读；若声明、输入、Schema或授权漂移，既有结论自动失效并须追加新批次,未读取业务正文、价格、成交、订单簿、账户或凭据；身份字段不完整,为该成员提供当前版本九字段声明及逐字段Schema、授权和唯一证据定位后追加不可变批次,2d50c1344a835ceeb832796935182aeff80bb03cecc5465c8cf3aaccbd446acd,86129966e4bc55fac18f2d7602a2309d4403f85861102128a56a80a5a0ccc1ea,f3d18d896a30aa56b82a9d12be76df0c6da60ed93d1358092fa8e3488eb3bd9d
source-identity-declaration-20260808T050813+0800-b2487b6c41a5,ZI-5072f6e3c58e96622c5d5a39,DS-000137,候选数据文件,BTC,4小时;8小时;24小时;48小时,15分钟;1小时,未知,未知,未知,未知,未知,未知,未知,未知,未知,未登记,无,config/数据/来源身份声明补采.json#身份声明[],25925ef8f47870540a3333c51fe109509d1892a094f19e7ed97ee9e9ac0bbbe7,85fd815ad566ecce9ab78d9848bdc57c2a3a789413ea3fae7ede25ed0d770f0f,d0b76e2f60f07725e40956ca4ac492da69b0acd4cfbfd313e30bc0ff90fcbec5,未知,b3a1fc5ec72ad95e258b584f936ad46befab951e0ee9e43eaa18179e34974387,无法判定,FILE_STAT_OBSERVED_IDENTITY_UNPROVEN,本批次只读；若声明、输入、Schema或授权漂移，既有结论自动失效并须追加新批次,未读取业务正文、价格、成交、订单簿、账户或凭据；身份字段不完整,为该成员提供当前版本九字段声明及逐字段Schema、授权和唯一证据定位后追加不可变批次,2d50c1344a835ceeb832796935182aeff80bb03cecc5465c8cf3aaccbd446acd,86129966e4bc55fac18f2d7602a2309d4403f85861102128a56a80a5a0ccc1ea,33bf380ee05e28e26f360db200c0346aa1f55ef60607aee233d2cbfaac5e61d8
source-identity-declaration-20260808T050813+0800-b2487b6c41a5,ZI-c561cdc026374378e8a7e1ed,DS-000138,候选数据文件,BTC,4小时;8小时;24小时;48小时,15分钟;1小时,未知,未知,未知,未知,未知,未知,未知,未知,未知,未登记,无,config/数据/来源身份声明补采.json#身份声明[],25925ef8f47870540a3333c51fe109509d1892a094f19e7ed97ee9e9ac0bbbe7,91cc4ad9a33161955c014a7f07d248bcafc3f5be08813d91e27a18d6a42f55c4,2b9a094e824f1ebadf6f57ffe303e6b9b512da431b40899c361a87df2ebfcf54,未知,b3a1fc5ec72ad95e258b584f936ad46befab951e0ee9e43eaa18179e34974387,无法判定,FILE_STAT_OBSERVED_IDENTITY_UNPROVEN,本批次只读；若声明、输入、Schema或授权漂移，既有结论自动失效并须追加新批次,未读取业务正文、价格、成交、订单簿、账户或凭据；身份字段不完整,为该成员提供当前版本九字段声明及逐字段Schema、授权和唯一证据定位后追加不可变批次,2d50c1344a835ceeb832796935182aeff80bb03cecc5465c8cf3aaccbd446acd,86129966e4bc55fac18f2d7602a2309d4403f85861102128a56a80a5a0ccc1ea,eb17172061ac938a7a41bd98e35bddff8de784153b7bca79e4f1ece39650c2cb
source-identity-declaration-20260808T050813+0800-b2487b6c41a5,ZI-cbdce8e325cdea9138ef0d4e,DS-000139,候选数据文件,BTC,4小时;8小时;24小时;48小时,15分钟;1小时,未知,未知,未知,未知,未知,未知,未知,未知,未知,未登记,无,config/数据/来源身份声明补采.json#身份声明[],25925ef8f47870540a3333c51fe109509d1892a094f19e7ed97ee9e9ac0bbbe7,fe64d848475c7415a5eb6c92b24f0b9a75641d0388cb76d8ab63008be5e3a74a,163076bb1877110a64910e904e645ef22820486d7d9509fb3d2acc194731aebf,未知,b3a1fc5ec72ad95e258b584f936ad46befab951e0ee9e43eaa18179e34974387,无法判定,FILE_STAT_OBSERVED_IDENTITY_UNPROVEN,本批次只读；若声明、输入、Schema或授权漂移，既有结论自动失效并须追加新批次,未读取业务正文、价格、成交、订单簿、账户或凭据；身份字段不完整,为该成员提供当前版本九字段声明及逐字段Schema、授权和唯一证据定位后追加不可变批次,2d50c1344a835ceeb832796935182aeff80bb03cecc5465c8cf3aaccbd446acd,86129966e4bc55fac18f2d7602a2309d4403f85861102128a56a80a5a0ccc1ea,3d5157122f40aa74349aa1c7bc1b617a30ec715eecc0f79ef9949068c005300e
source-identity-declaration-20260808T050813+0800-b2487b6c41a5,ZI-6e09551ca827697625cb6b3c,DS-000140,候选数据文件,BTC,4小时;8小时;24小时;48小时,15分钟;1小时,未知,未知,未知,未知,未知,未知,未知,未知,未知,未登记,无,config/数据/来源身份声明补采.json#身份声明[],25925ef8f47870540a3333c51fe109509d1892a094f19e7ed97ee9e9ac0bbbe7,009afddc569c187b643514b715c578f909c030480467dad3f80f258b9e5dba7d,b5d559a5d3cdd08a4788c563af9e2198fe71cf31cfce29cd5e6d06dc6baaf1f4,未知,b3a1fc5ec72ad95e258b584f936ad46befab951e0ee9e43eaa18179e34974387,无法判定,FILE_STAT_OBSERVED_IDENTITY_UNPROVEN,本批次只读；若声明、输入、Schema或授权漂移，既有结论自动失效并须追加新批次,未读取业务正文、价格、成交、订单簿、账户或凭据；身份字段不完整,为该成员提供当前版本九字段声明及逐字段Schema、授权和唯一证据定位后追加不可变批次,2d50c1344a835ceeb832796935182aeff80bb03cecc5465c8cf3aaccbd446acd,86129966e4bc55fac18f2d7602a2309d4403f85861102128a56a80a5a0ccc1ea,96b27f9f5fc9ed3884d1235670d64f54f6c438b74031da8df91c625d6f324312
source-identity-declaration-20260808T050813+0800-b2487b6c41a5,ZI-6a81a9eab1027b343b73215a,DS-000141,候选数据文件,BTC,4小时;8小时;24小时;48小时,15分钟;1小时,未知,未知,未知,未知,未知,未知,未知,未知,未知,未登记,无,config/数据/来源身份声明补采.json#身份声明[],25925ef8f47870540a3333c51fe109509d1892a094f19e7ed97ee9e9ac0bbbe7,27f7235cee2d01a99bf0f9f1109e9272501fdb8df65e8befd348f081a6e8a5b8,0c126a0aaaabe4b976e650584466e255c22e869e8792738629f422ecbf58dda1,未知,b3a1fc5ec72ad95e258b584f936ad46befab951e0ee9e43eaa18179e34974387,无法判定,FILE_STAT_OBSERVED_IDENTITY_UNPROVEN,本批次只读；若声明、输入、Schema或授权漂移，既有结论自动失效并须追加新批次,未读取业务正文、价格、成交、订单簿、账户或凭据；身份字段不完整,为该成员提供当前版本九字段声明及逐字段Schema、授权和唯一证据定位后追加不可变批次,2d50c1344a835ceeb832796935182aeff80bb03cecc5465c8cf3aaccbd446acd,86129966e4bc55fac18f2d7602a2309d4403f85861102128a56a80a5a0ccc1ea,ddb8b49057734b5a20578fa9c82246115dc876b34e0991193f73a5750f21c578
source-identity-declaration-20260808T050813+0800-b2487b6c41a5,ZI-009128c1d44092db64fb50b2,DS-000142,候选数据文件,BTC,4小时;8小时;24小时;48小时,15分钟;1小时,未知,未知,未知,未知,未知,未知,未知,未知,未知,未登记,无,config/数据/来源身份声明补采.json#身份声明[],25925ef8f47870540a3333c51fe109509d1892a094f19e7ed97ee9e9ac0bbbe7,80fa1bd6e7005895cf660e56647c09e7daa74e86af408dd82f83ee4d04c6f8b5,ac346df94f38428a491d9033ce3ef6903ce1e2ac4a7c2d04dfde3d4668a39b68,未知,b3a1fc5ec72ad95e258b584f936ad46befab951e0ee9e43eaa18179e34974387,无法判定,FILE_STAT_OBSERVED_IDENTITY_UNPROVEN,本批次只读；若声明、输入、Schema或授权漂移，既有结论自动失效并须追加新批次,未读取业务正文、价格、成交、订单簿、账户或凭据；身份字段不完整,为该成员提供当前版本九字段声明及逐字段Schema、授权和唯一证据定位后追加不可变批次,2d50c1344a835ceeb832796935182aeff80bb03cecc5465c8cf3aaccbd446acd,86129966e4bc55fac18f2d7602a2309d4403f85861102128a56a80a5a0ccc1ea,f3ca5e5cdb155b079730e2ede4e9569845f50c0fc776b277e4f86bc9cfd92d38
source-identity-declaration-20260808T050813+0800-b2487b6c41a5,ZI-d98242a5fa6a990de942165a,DS-000143,候选数据文件,BTC,4小时;8小时;24小时;48小时,15分钟;1小时,未知,未知,未知,未知,未知,未知,未知,未知,未知,未登记,无,config/数据/来源身份声明补采.json#身份声明[],25925ef8f47870540a3333c51fe109509d1892a094f19e7ed97ee9e9ac0bbbe7,4d297614b41f56e3ac145165007736d4e5d0fc857ba98d3ee2525ae214f66bb1,516aacef531681e029560d1d5f4698e55ef8938d65a28b8bb7b53affef0090b5,未知,b3a1fc5ec72ad95e258b584f936ad46befab951e0ee9e43eaa18179e34974387,无法判定,FILE_STAT_OBSERVED_IDENTITY_UNPROVEN,本批次只读；若声明、输入、Schema或授权漂移，既有结论自动失效并须追加新批次,未读取业务正文、价格、成交、订单簿、账户或凭据；身份字段不完整,为该成员提供当前版本九字段声明及逐字段Schema、授权和唯一证据定位后追加不可变批次,2d50c1344a835ceeb832796935182aeff80bb03cecc5465c8cf3aaccbd446acd,86129966e4bc55fac18f2d7602a2309d4403f85861102128a56a80a5a0ccc1ea,f896ce809f4f1d157b2b787babeb0fd7439d7aeb095e890f937676e1efdeedd4
source-identity-declaration-20260808T050813+0800-b2487b6c41a5,ZI-656064ee5ebd05df9e1d1d0b,DS-000144,候选数据文件,BTC,4小时;8小时;24小时;48小时,15分钟;1小时,未知,未知,未知,未知,未知,未知,未知,未知,未知,未登记,无,config/数据/来源身份声明补采.json#身份声明[],25925ef8f47870540a3333c51fe109509d1892a094f19e7ed97ee9e9ac0bbbe7,a37f1429695718fc7f7e8f2425da19674e90d6a02d7bb8ff8ce85e66a4f07074,13e2fdb5315ff33a190ad958df8d0df9bcb268f39b696634df5d1e3c89bb0de0,未知,b3a1fc5ec72ad95e258b584f936ad46befab951e0ee9e43eaa18179e34974387,无法判定,FILE_STAT_OBSERVED_IDENTITY_UNPROVEN,本批次只读；若声明、输入、Schema或授权漂移，既有结论自动失效并须追加新批次,未读取业务正文、价格、成交、订单簿、账户或凭据；身份字段不完整,为该成员提供当前版本九字段声明及逐字段Schema、授权和唯一证据定位后追加不可变批次,2d50c1344a835ceeb832796935182aeff80bb03cecc5465c8cf3aaccbd446acd,86129966e4bc55fac18f2d7602a2309d4403f85861102128a56a80a5a0ccc1ea,663b21e17433d30c23bac1a6f1923b6a99dcfe73002bf6d7c6178d7c94f2eaed
source-identity-declaration-20260808T050813+0800-b2487b6c41a5,ZI-1c10301302ee0cd7a93b0689,DS-000145,候选数据文件,BTC,4小时;8小时;24小时;48小时,15分钟;1小时,未知,未知,未知,未知,未知,未知,未知,未知,未知,未登记,无,config/数据/来源身份声明补采.json#身份声明[],25925ef8f47870540a3333c51fe109509d1892a094f19e7ed97ee9e9ac0bbbe7,12ba9cb4812d9b25d1ce7250ee24a6ecbad7c3e14871b3b350b5ff102581369a,7b852f78154c999774fe501679b321784ddb2a060a3be071fb854db79d271fd2,未知,b3a1fc5ec72ad95e258b584f936ad46befab951e0ee9e43eaa18179e34974387,无法判定,FILE_STAT_OBSERVED_IDENTITY_UNPROVEN,本批次只读；若声明、输入、Schema或授权漂移，既有结论自动失效并须追加新批次,未读取业务正文、价格、成交、订单簿、账户或凭据；身份字段不完整,为该成员提供当前版本九字段声明及逐字段Schema、授权和唯一证据定位后追加不可变批次,2d50c1344a835ceeb832796935182aeff80bb03cecc5465c8cf3aaccbd446acd,86129966e4bc55fac18f2d7602a2309d4403f85861102128a56a80a5a0ccc1ea,87a92aef350505ee646d99424e5ac077bc3184b5ddc96233e0b812d17fd38e74
source-identity-declaration-20260808T050813+0800-b2487b6c41a5,ZI-65304f632d8f816f8c997e85,DS-000146,候选数据文件,BTC,4小时;8小时;24小时;48小时,15分钟;1小时,未知,未知,未知,未知,未知,未知,未知,未知,未知,未登记,无,config/数据/来源身份声明补采.json#身份声明[],25925ef8f47870540a3333c51fe109509d1892a094f19e7ed97ee9e9ac0bbbe7,c3cc5610c7e0e33b392b2bdea0167adef56d57f070b3e427f342c684b3ea0688,de03c4896cda37c0c66563807be46f38b891f742ad98e9ed0984cec1b6bae1d9,未知,b3a1fc5ec72ad95e258b584f936ad46befab951e0ee9e43eaa18179e34974387,无法判定,FILE_STAT_OBSERVED_IDENTITY_UNPROVEN,本批次只读；若声明、输入、Schema或授权漂移，既有结论自动失效并须追加新批次,未读取业务正文、价格、成交、订单簿、账户或凭据；身份字段不完整,为该成员提供当前版本九字段声明及逐字段Schema、授权和唯一证据定位后追加不可变批次,2d50c1344a835ceeb832796935182aeff80bb03cecc5465c8cf3aaccbd446acd,86129966e4bc55fac18f2d7602a2309d4403f85861102128a56a80a5a0ccc1ea,f2dae06a4e33c66f0fe3f6e1878fda8dea05ce0893e570141d54402d09436716
source-identity-declaration-20260808T050813+0800-b2487b6c41a5,ZI-16acf3cdbbc6cb6240495c7b,DS-000147,候选数据文件,BTC,4小时;8小时;24小时;48小时,15分钟;1小时,未知,未知,未知,未知,未知,未知,未知,未知,未知,未登记,无,config/数据/来源身份声明补采.json#身份声明[],25925ef8f47870540a3333c51fe109509d1892a094f19e7ed97ee9e9ac0bbbe7,ffc57781fb71aec9cd924574bd3fbe2cedfaba4f4cb581fe866c9a9d0dbed1a9,ac590d7eabfb3ee19d164f71da201c86851f75b04b934a01c301489ffce903d5,未知,b3a1fc5ec72ad95e258b584f936ad46befab951e0ee9e43eaa18179e34974387,无法判定,FILE_STAT_OBSERVED_IDENTITY_UNPROVEN,本批次只读；若声明、输入、Schema或授权漂移，既有结论自动失效并须追加新批次,未读取业务正文、价格、成交、订单簿、账户或凭据；身份字段不完整,为该成员提供当前版本九字段声明及逐字段Schema、授权和唯一证据定位后追加不可变批次,2d50c1344a835ceeb832796935182aeff80bb03cecc5465c8cf3aaccbd446acd,86129966e4bc55fac18f2d7602a2309d4403f85861102128a56a80a5a0ccc1ea,f3b74c01beb7882bd0b768a8bbb88b22aed522d4e92a760f86c66db5b32d9942
source-identity-declaration-20260808T050813+0800-b2487b6c41a5,ZI-5dfc284725b608d6c0455773,DS-000148,候选数据文件,BTC,4小时;8小时;24小时;48小时,15分钟;1小时,未知,未知,未知,未知,未知,未知,未知,未知,未知,未登记,无,config/数据/来源身份声明补采.json#身份声明[],25925ef8f47870540a3333c51fe109509d1892a094f19e7ed97ee9e9ac0bbbe7,3a02343642236a2a3e657efef9c7518e0c47343c29a0fed06dac9abe93d62260,9b15026508f4301f1e2aefcc4d22d64380b8d8e581f3955d41c11761606ac24f,未知,b3a1fc5ec72ad95e258b584f936ad46befab951e0ee9e43eaa18179e34974387,无法判定,FILE_STAT_OBSERVED_IDENTITY_UNPROVEN,本批次只读；若声明、输入、Schema或授权漂移，既有结论自动失效并须追加新批次,未读取业务正文、价格、成交、订单簿、账户或凭据；身份字段不完整,为该成员提供当前版本九字段声明及逐字段Schema、授权和唯一证据定位后追加不可变批次,2d50c1344a835ceeb832796935182aeff80bb03cecc5465c8cf3aaccbd446acd,86129966e4bc55fac18f2d7602a2309d4403f85861102128a56a80a5a0ccc1ea,c8084c9b3661e7ab0651aa8cff5eec25b1a1b6e47e816e5c8e9f74cc0eb71cfa
source-identity-declaration-20260808T050813+0800-b2487b6c41a5,ZI-fb04e2b97b0709831aeef170,DS-000149,候选数据文件,BTC,4小时;8小时;24小时;48小时,15分钟;1小时,未知,未知,未知,未知,未知,未知,未知,未知,未知,未登记,无,config/数据/来源身份声明补采.json#身份声明[],25925ef8f47870540a3333c51fe109509d1892a094f19e7ed97ee9e9ac0bbbe7,a873240ba93a952953aa11ac5f6f40fac71db86b7055f9b2d8541c48f40d345b,c4c0fa8bfefc782ab8963b781ae8b3bd00c5081026ed977dc8a039084b1b3a25,未知,b3a1fc5ec72ad95e258b584f936ad46befab951e0ee9e43eaa18179e34974387,无法判定,FILE_STAT_OBSERVED_IDENTITY_UNPROVEN,本批次只读；若声明、输入、Schema或授权漂移，既有结论自动失效并须追加新批次,未读取业务正文、价格、成交、订单簿、账户或凭据；身份字段不完整,为该成员提供当前版本九字段声明及逐字段Schema、授权和唯一证据定位后追加不可变批次,2d50c1344a835ceeb832796935182aeff80bb03cecc5465c8cf3aaccbd446acd,86129966e4bc55fac18f2d7602a2309d4403f85861102128a56a80a5a0ccc1ea,f74b5bef5f051d6bff9822a122707f5fe73174f686ad871768c6227024dd5d43
source-identity-declaration-20260808T050813+0800-b2487b6c41a5,ZI-5e9e4d83ac97e26370280732,DS-000150,候选数据文件,BTC,4小时;8小时;24小时;48小时,15分钟;1小时,未知,未知,未知,未知,未知,未知,未知,未知,未知,未登记,无,config/数据/来源身份声明补采.json#身份声明[],25925ef8f47870540a3333c51fe109509d1892a094f19e7ed97ee9e9ac0bbbe7,40939ad30387a7158ed57b306fe0d71798f08cbe52327025d40af30da47e9dc6,d707f1184ffd684db0b8c690dcefebd30e65310386a337a9481373f277d913da,未知,b3a1fc5ec72ad95e258b584f936ad46befab951e0ee9e43eaa18179e34974387,无法判定,FILE_STAT_OBSERVED_IDENTITY_UNPROVEN,本批次只读；若声明、输入、Schema或授权漂移，既有结论自动失效并须追加新批次,未读取业务正文、价格、成交、订单簿、账户或凭据；身份字段不完整,为该成员提供当前版本九字段声明及逐字段Schema、授权和唯一证据定位后追加不可变批次,2d50c1344a835ceeb832796935182aeff80bb03cecc5465c8cf3aaccbd446acd,86129966e4bc55fac18f2d7602a2309d4403f85861102128a56a80a5a0ccc1ea,4bea61488ca2ef39a8d8e2559da70b615de643af64eed7661c1386e33433618b
source-identity-declaration-20260808T050813+0800-b2487b6c41a5,ZI-0424adadee4f47a70743fdba,DS-000151,候选数据文件,BTC,4小时;8小时;24小时;48小时,15分钟;1小时,未知,未知,未知,未知,未知,未知,未知,未知,未知,未登记,无,config/数据/来源身份声明补采.json#身份声明[],25925ef8f47870540a3333c51fe109509d1892a094f19e7ed97ee9e9ac0bbbe7,576e8c8e6487f15c636a679f4a040797e58715ed5fcaeaa34cc9be2b42fc0bd9,4430b05213f8fb6e099218b623736ef4a90c76a53846aa74227f9be1b4c02472,未知,b3a1fc5ec72ad95e258b584f936ad46befab951e0ee9e43eaa18179e34974387,无法判定,FILE_STAT_OBSERVED_IDENTITY_UNPROVEN,本批次只读；若声明、输入、Schema或授权漂移，既有结论自动失效并须追加新批次,未读取业务正文、价格、成交、订单簿、账户或凭据；身份字段不完整,为该成员提供当前版本九字段声明及逐字段Schema、授权和唯一证据定位后追加不可变批次,2d50c1344a835ceeb832796935182aeff80bb03cecc5465c8cf3aaccbd446acd,86129966e4bc55fac18f2d7602a2309d4403f85861102128a56a80a5a0ccc1ea,186f293b763143564988a8db100bc700d2ca0ebbffca26f99ed0ca691ac781ed
source-identity-declaration-20260808T050813+0800-b2487b6c41a5,ZI-0c07e377a75105645df6b291,DS-000152,候选数据文件,BTC,4小时;8小时;24小时;48小时,15分钟;1小时,未知,未知,未知,未知,未知,未知,未知,未知,未知,未登记,无,config/数据/来源身份声明补采.json#身份声明[],25925ef8f47870540a3333c51fe109509d1892a094f19e7ed97ee9e9ac0bbbe7,72c373f523c68c010f48416824dc922cc7bdcb6a7af086a80aff26503846cc1f,108b6fbb555b3a70e9ee67cd5d1014f7d8fe2e5589151961829d64c52378056e,未知,b3a1fc5ec72ad95e258b584f936ad46befab951e0ee9e43eaa18179e34974387,无法判定,FILE_STAT_OBSERVED_IDENTITY_UNPROVEN,本批次只读；若声明、输入、Schema或授权漂移，既有结论自动失效并须追加新批次,未读取业务正文、价格、成交、订单簿、账户或凭据；身份字段不完整,为该成员提供当前版本九字段声明及逐字段Schema、授权和唯一证据定位后追加不可变批次,2d50c1344a835ceeb832796935182aeff80bb03cecc5465c8cf3aaccbd446acd,86129966e4bc55fac18f2d7602a2309d4403f85861102128a56a80a5a0ccc1ea,c5caa8218e57452ff3d74593406e77ce052a140e25747c41a8428c440a0667cf
source-identity-declaration-20260808T050813+0800-b2487b6c41a5,ZI-640d37576121e3a650ac0d2e,DS-000153,候选数据文件,BTC,4小时;8小时;24小时;48小时,15分钟;1小时,未知,未知,未知,未知,未知,未知,未知,未知,未知,未登记,无,config/数据/来源身份声明补采.json#身份声明[],25925ef8f47870540a3333c51fe109509d1892a094f19e7ed97ee9e9ac0bbbe7,546a99b7d0834c6f48dec4b7ae8905dcf109bb0225eadb4e316d5042925f9656,0533d8e0b6d12c6b9ede3c937d4b10662e237dc6a3bad54eeb885580a8af4179,未知,b3a1fc5ec72ad95e258b584f936ad46befab951e0ee9e43eaa18179e34974387,无法判定,FILE_STAT_OBSERVED_IDENTITY_UNPROVEN,本批次只读；若声明、输入、Schema或授权漂移，既有结论自动失效并须追加新批次,未读取业务正文、价格、成交、订单簿、账户或凭据；身份字段不完整,为该成员提供当前版本九字段声明及逐字段Schema、授权和唯一证据定位后追加不可变批次,2d50c1344a835ceeb832796935182aeff80bb03cecc5465c8cf3aaccbd446acd,86129966e4bc55fac18f2d7602a2309d4403f85861102128a56a80a5a0ccc1ea,873f8771511fdef6388c9dbfb1508a70293bddae004ca61f4ed623335430b978
source-identity-declaration-20260808T050813+0800-b2487b6c41a5,ZI-21ac823fa28df5c1e70a4664,DS-000154,候选数据文件,BTC,4小时;8小时;24小时;48小时,15分钟;1小时,未知,未知,未知,未知,未知,未知,未知,未知,未知,未登记,无,config/数据/来源身份声明补采.json#身份声明[],25925ef8f47870540a3333c51fe109509d1892a094f19e7ed97ee9e9ac0bbbe7,ee9e0ae362a297ec3bf7aa435152701795b513a1aff9467f7d54516156653425,9e9aeb1cd8dae51e446f83370f344a25cea9e53fd13366073c03d249cc438238,未知,b3a1fc5ec72ad95e258b584f936ad46befab951e0ee9e43eaa18179e34974387,无法判定,FILE_STAT_OBSERVED_IDENTITY_UNPROVEN,本批次只读；若声明、输入、Schema或授权漂移，既有结论自动失效并须追加新批次,未读取业务正文、价格、成交、订单簿、账户或凭据；身份字段不完整,为该成员提供当前版本九字段声明及逐字段Schema、授权和唯一证据定位后追加不可变批次,2d50c1344a835ceeb832796935182aeff80bb03cecc5465c8cf3aaccbd446acd,86129966e4bc55fac18f2d7602a2309d4403f85861102128a56a80a5a0ccc1ea,74e20bdf96360a1119fcb39b6be81729ff9ae3463e6ed556117dee7b7971ec1e
source-identity-declaration-20260808T050813+0800-b2487b6c41a5,ZI-cdad1cc147a20a41f7f2ee26,DS-000155,候选数据文件,BTC,4小时;8小时;24小时;48小时,15分钟;1小时,未知,未知,未知,未知,未知,未知,未知,未知,未知,未登记,无,config/数据/来源身份声明补采.json#身份声明[],25925ef8f47870540a3333c51fe109509d1892a094f19e7ed97ee9e9ac0bbbe7,6f2aca25eaf8f6fd1197fd066869629e61faf4077b6408d812252f2149ddc42f,1e6c230a58eaa438dcb3e183f507aa42230a73c7df9d67f784d606bb4ec6f622,未知,b3a1fc5ec72ad95e258b584f936ad46befab951e0ee9e43eaa18179e34974387,无法判定,FILE_STAT_OBSERVED_IDENTITY_UNPROVEN,本批次只读；若声明、输入、Schema或授权漂移，既有结论自动失效并须追加新批次,未读取业务正文、价格、成交、订单簿、账户或凭据；身份字段不完整,为该成员提供当前版本九字段声明及逐字段Schema、授权和唯一证据定位后追加不可变批次,2d50c1344a835ceeb832796935182aeff80bb03cecc5465c8cf3aaccbd446acd,86129966e4bc55fac18f2d7602a2309d4403f85861102128a56a80a5a0ccc1ea,9b9b78a47b47ed56c8108eb890747bba22c6422f7b6ab1740d3fad6766145f00
source-identity-declaration-20260808T050813+0800-b2487b6c41a5,ZI-6939ba155854862e518e6009,DS-000156,候选数据文件,BTC,4小时;8小时;24小时;48小时,15分钟;1小时,未知,未知,未知,未知,未知,未知,未知,未知,未知,未登记,无,config/数据/来源身份声明补采.json#身份声明[],25925ef8f47870540a3333c51fe109509d1892a094f19e7ed97ee9e9ac0bbbe7,a72715813de459c323b00c15154ac684ead7ae93d24f420a1fafec5468fa83e7,dcce43d13d18d38acf10f20158a8f39618013cbe1cf5d78e28d03985bb4f5c9c,未知,b3a1fc5ec72ad95e258b584f936ad46befab951e0ee9e43eaa18179e34974387,无法判定,FILE_STAT_OBSERVED_IDENTITY_UNPROVEN,本批次只读；若声明、输入、Schema或授权漂移，既有结论自动失效并须追加新批次,未读取业务正文、价格、成交、订单簿、账户或凭据；身份字段不完整,为该成员提供当前版本九字段声明及逐字段Schema、授权和唯一证据定位后追加不可变批次,2d50c1344a835ceeb832796935182aeff80bb03cecc5465c8cf3aaccbd446acd,86129966e4bc55fac18f2d7602a2309d4403f85861102128a56a80a5a0ccc1ea,759269230cf851fba1060dcda1b713c3cfbedade5c02e40204d35d560f647a6d
source-identity-declaration-20260808T050813+0800-b2487b6c41a5,ZI-94557927f00d78aaf5722db0,DS-000157,候选数据文件,BTC,4小时;8小时;24小时;48小时,15分钟;1小时,未知,未知,未知,未知,未知,未知,未知,未知,未知,未登记,无,config/数据/来源身份声明补采.json#身份声明[],25925ef8f47870540a3333c51fe109509d1892a094f19e7ed97ee9e9ac0bbbe7,6eda5591fc0c247a607d37e4cdf6c45a53d77565384aa87932c05f3fdc45535c,cfc50dbc800e42763d228a343b77b0a46832ab7484088a47d1d00652d6679489,未知,b3a1fc5ec72ad95e258b584f936ad46befab951e0ee9e43eaa18179e34974387,无法判定,FILE_STAT_OBSERVED_IDENTITY_UNPROVEN,本批次只读；若声明、输入、Schema或授权漂移，既有结论自动失效并须追加新批次,未读取业务正文、价格、成交、订单簿、账户或凭据；身份字段不完整,为该成员提供当前版本九字段声明及逐字段Schema、授权和唯一证据定位后追加不可变批次,2d50c1344a835ceeb832796935182aeff80bb03cecc5465c8cf3aaccbd446acd,86129966e4bc55fac18f2d7602a2309d4403f85861102128a56a80a5a0ccc1ea,5482b9eeb612d42a85001bd51d5fafd2b4bd6d56053ca24563138b71b90b8025
source-identity-declaration-20260808T050813+0800-b2487b6c41a5,ZI-7617512dc642e8f9c0fc1dfc,DS-000158,候选数据文件,BTC,4小时;8小时;24小时;48小时,15分钟;1小时,未知,未知,未知,未知,未知,未知,未知,未知,未知,未登记,无,config/数据/来源身份声明补采.json#身份声明[],25925ef8f47870540a3333c51fe109509d1892a094f19e7ed97ee9e9ac0bbbe7,72f486a70d9704d448d87595639e86f5186ef95992b2c4885e6b2b8b853a9d1a,c0d56db7a8cd51b714c2ccf5a2917efb4ba24594d0ec056d883eba7335c1fde4,未知,b3a1fc5ec72ad95e258b584f936ad46befab951e0ee9e43eaa18179e34974387,无法判定,FILE_STAT_OBSERVED_IDENTITY_UNPROVEN,本批次只读；若声明、输入、Schema或授权漂移，既有结论自动失效并须追加新批次,未读取业务正文、价格、成交、订单簿、账户或凭据；身份字段不完整,为该成员提供当前版本九字段声明及逐字段Schema、授权和唯一证据定位后追加不可变批次,2d50c1344a835ceeb832796935182aeff80bb03cecc5465c8cf3aaccbd446acd,86129966e4bc55fac18f2d7602a2309d4403f85861102128a56a80a5a0ccc1ea,3ef398074c78b69bd704501aa8e211346c0816af153b5d6f2900958550d394fb
source-identity-declaration-20260808T050813+0800-b2487b6c41a5,ZI-e4239ea33b886b3a8126a033,DS-000159,候选数据文件,BTC,4小时;8小时;24小时;48小时,15分钟;1小时,未知,未知,未知,未知,未知,未知,未知,未知,未知,未登记,无,config/数据/来源身份声明补采.json#身份声明[],25925ef8f47870540a3333c51fe109509d1892a094f19e7ed97ee9e9ac0bbbe7,3542d314315b3e35751cb209f4c796189b505af0f86578c853de6478c418adba,c0d294afed3dc4f62621cdf0991d928a09464de5948ca639d064da170ed873ca,未知,b3a1fc5ec72ad95e258b584f936ad46befab951e0ee9e43eaa18179e34974387,无法判定,FILE_STAT_OBSERVED_IDENTITY_UNPROVEN,本批次只读；若声明、输入、Schema或授权漂移，既有结论自动失效并须追加新批次,未读取业务正文、价格、成交、订单簿、账户或凭据；身份字段不完整,为该成员提供当前版本九字段声明及逐字段Schema、授权和唯一证据定位后追加不可变批次,2d50c1344a835ceeb832796935182aeff80bb03cecc5465c8cf3aaccbd446acd,86129966e4bc55fac18f2d7602a2309d4403f85861102128a56a80a5a0ccc1ea,83d47ed747a258e28ec14d4c188d17d0364a7b1d7108b39273d69cf0f74901f4
source-identity-declaration-20260808T050813+0800-b2487b6c41a5,ZI-f6ab3dfe71d4fa1f19c5dc34,DS-000160,候选数据文件,BTC,4小时;8小时;24小时;48小时,15分钟;1小时,未知,未知,未知,未知,未知,未知,未知,未知,未知,未登记,无,config/数据/来源身份声明补采.json#身份声明[],25925ef8f47870540a3333c51fe109509d1892a094f19e7ed97ee9e9ac0bbbe7,d7aa39396e7a11768826401789432108e5ab65f5340646b4925cc6bb9bf83dfb,a0ad347af77aa82e8e07e314c8c6719f2d02e94150ab18124b7aa81a425c5d45,未知,b3a1fc5ec72ad95e258b584f936ad46befab951e0ee9e43eaa18179e34974387,无法判定,FILE_STAT_OBSERVED_IDENTITY_UNPROVEN,本批次只读；若声明、输入、Schema或授权漂移，既有结论自动失效并须追加新批次,未读取业务正文、价格、成交、订单簿、账户或凭据；身份字段不完整,为该成员提供当前版本九字段声明及逐字段Schema、授权和唯一证据定位后追加不可变批次,2d50c1344a835ceeb832796935182aeff80bb03cecc5465c8cf3aaccbd446acd,86129966e4bc55fac18f2d7602a2309d4403f85861102128a56a80a5a0ccc1ea,3b1703c7b48c47241801aba7c7a8e53909531225500251eb52652f8f18ac1a24
source-identity-declaration-20260808T050813+0800-b2487b6c41a5,ZI-d9887ba0784f6c2473f97059,DS-000161,候选数据文件,BTC,4小时;8小时;24小时;48小时,15分钟;1小时,未知,未知,未知,未知,未知,未知,未知,未知,未知,未登记,无,config/数据/来源身份声明补采.json#身份声明[],25925ef8f47870540a3333c51fe109509d1892a094f19e7ed97ee9e9ac0bbbe7,ec01d645a01d99926ec9405f77b33b2cb182ca4135cfdfeeadee39f80bdbeab5,dc9ac80131204fdaf9eb80e86b459252b4ccadd49e3233c98d0932a0a8d3b3a0,未知,b3a1fc5ec72ad95e258b584f936ad46befab951e0ee9e43eaa18179e34974387,无法判定,FILE_STAT_OBSERVED_IDENTITY_UNPROVEN,本批次只读；若声明、输入、Schema或授权漂移，既有结论自动失效并须追加新批次,未读取业务正文、价格、成交、订单簿、账户或凭据；身份字段不完整,为该成员提供当前版本九字段声明及逐字段Schema、授权和唯一证据定位后追加不可变批次,2d50c1344a835ceeb832796935182aeff80bb03cecc5465c8cf3aaccbd446acd,86129966e4bc55fac18f2d7602a2309d4403f85861102128a56a80a5a0ccc1ea,240c2c0ebb5153d06bd7fba0244afd5d61032f03629fa2bae2c58268a4087cd5
source-identity-declaration-20260808T050813+0800-b2487b6c41a5,ZI-455991cb8b0b7e308ee383e8,DS-000162,候选数据文件,BTC,4小时;8小时;24小时;48小时,15分钟;1小时,未知,未知,未知,未知,未知,未知,未知,未知,未知,未登记,无,config/数据/来源身份声明补采.json#身份声明[],25925ef8f47870540a3333c51fe109509d1892a094f19e7ed97ee9e9ac0bbbe7,8bcd4a1f32df538b6b79746044da34ee5f0dd05800d6484cd0ba9601ce36ca5e,4539a9b5b7b96a6535417bdb1e909c2339da59b04d9c3eb84a59ed1b72a6e46d,未知,b3a1fc5ec72ad95e258b584f936ad46befab951e0ee9e43eaa18179e34974387,无法判定,FILE_STAT_OBSERVED_IDENTITY_UNPROVEN,本批次只读；若声明、输入、Schema或授权漂移，既有结论自动失效并须追加新批次,未读取业务正文、价格、成交、订单簿、账户或凭据；身份字段不完整,为该成员提供当前版本九字段声明及逐字段Schema、授权和唯一证据定位后追加不可变批次,2d50c1344a835ceeb832796935182aeff80bb03cecc5465c8cf3aaccbd446acd,86129966e4bc55fac18f2d7602a2309d4403f85861102128a56a80a5a0ccc1ea,107068df180fa5e21fdc979d85a772c0bb252c84232d700b7481bf4223749ebe
source-identity-declaration-20260808T050813+0800-b2487b6c41a5,ZI-d66eff48ef4c87b84424c5f3,DS-000163,候选数据文件,BTC,4小时;8小时;24小时;48小时,15分钟;1小时,未知,未知,未知,未知,未知,未知,未知,未知,未知,未登记,无,config/数据/来源身份声明补采.json#身份声明[],25925ef8f47870540a3333c51fe109509d1892a094f19e7ed97ee9e9ac0bbbe7,752b82b872a799d4af7a2c30cdbe801cc698881ef471389e897662c027aa4d11,5122f735e57d5cdbf919ac937da2bdf1d073a6e477fea5f07c16807ef62ce290,未知,b3a1fc5ec72ad95e258b584f936ad46befab951e0ee9e43eaa18179e34974387,无法判定,FILE_STAT_OBSERVED_IDENTITY_UNPROVEN,本批次只读；若声明、输入、Schema或授权漂移，既有结论自动失效并须追加新批次,未读取业务正文、价格、成交、订单簿、账户或凭据；身份字段不完整,为该成员提供当前版本九字段声明及逐字段Schema、授权和唯一证据定位后追加不可变批次,2d50c1344a835ceeb832796935182aeff80bb03cecc5465c8cf3aaccbd446acd,86129966e4bc55fac18f2d7602a2309d4403f85861102128a56a80a5a0ccc1ea,ab63628a57f41bb2d38e2af7a0ce7b1d25a02873c2216c4e295b05f98fb4bb0e
source-identity-declaration-20260808T050813+0800-b2487b6c41a5,ZI-17947f8323f81e7134b3ea1c,DS-000164,候选数据文件,BTC,4小时;8小时;24小时;48小时,15分钟;1小时,未知,未知,未知,未知,未知,未知,未知,未知,未知,未登记,无,config/数据/来源身份声明补采.json#身份声明[],25925ef8f47870540a3333c51fe109509d1892a094f19e7ed97ee9e9ac0bbbe7,cb3f2cfa1431a5e9847c70b5630e69fb57a0b38a928b2348486398c485d9bae6,3cb00e451782a8e18c8fa701abca54261b37770aa105bfbfc49de70477a8c519,未知,b3a1fc5ec72ad95e258b584f936ad46befab951e0ee9e43eaa18179e34974387,拒绝,INPUT_MEMBER_REJECTED,本批次只读；若声明、输入、Schema或授权漂移，既有结论自动失效并须追加新批次,未读取业务正文、价格、成交、订单簿、账户或凭据；身份字段不完整,为该成员提供当前版本九字段声明及逐字段Schema、授权和唯一证据定位后追加不可变批次,2d50c1344a835ceeb832796935182aeff80bb03cecc5465c8cf3aaccbd446acd,86129966e4bc55fac18f2d7602a2309d4403f85861102128a56a80a5a0ccc1ea,7538fde60c372719dd717461b8c2431af4345d360b3c8d5a66ca416ce9891d45
source-identity-declaration-20260808T050813+0800-b2487b6c41a5,ZI-f26abf407f8b04d24370113f,DS-000165,候选数据文件,BTC,4小时;8小时;24小时;48小时,15分钟;1小时,未知,未知,未知,未知,未知,未知,未知,未知,未知,未登记,无,config/数据/来源身份声明补采.json#身份声明[],25925ef8f47870540a3333c51fe109509d1892a094f19e7ed97ee9e9ac0bbbe7,c3e43bdaf00cb3c1f31558af9d95c281dcf7b02f513783e1b2d81801c988131b,5ab2d649df5401c8fae6ad9c39cc82b2e883477d2cbaa9e60c4cb5254c47d82e,未知,b3a1fc5ec72ad95e258b584f936ad46befab951e0ee9e43eaa18179e34974387,无法判定,FILE_STAT_OBSERVED_IDENTITY_UNPROVEN,本批次只读；若声明、输入、Schema或授权漂移，既有结论自动失效并须追加新批次,未读取业务正文、价格、成交、订单簿、账户或凭据；身份字段不完整,为该成员提供当前版本九字段声明及逐字段Schema、授权和唯一证据定位后追加不可变批次,2d50c1344a835ceeb832796935182aeff80bb03cecc5465c8cf3aaccbd446acd,86129966e4bc55fac18f2d7602a2309d4403f85861102128a56a80a5a0ccc1ea,ab5026acdc07ff2ba35f5b92808588a708962499390cd14ca777bbcba34a0a3e
source-identity-declaration-20260808T050813+0800-b2487b6c41a5,ZI-4b9d46c03dd6f781351926e4,DS-000166,候选数据文件,BTC,4小时;8小时;24小时;48小时,15分钟;1小时,未知,未知,未知,未知,未知,未知,未知,未知,未知,未登记,无,config/数据/来源身份声明补采.json#身份声明[],25925ef8f47870540a3333c51fe109509d1892a094f19e7ed97ee9e9ac0bbbe7,124c9805ad883e81114457ba70e09538f6482e40db071620d525d646cc62ca8e,425ef1f0e14d676b95f9708c9615aaf6c370601ce408f92ba11f2c193f0a3b6a,未知,b3a1fc5ec72ad95e258b584f936ad46befab951e0ee9e43eaa18179e34974387,无法判定,FILE_STAT_OBSERVED_IDENTITY_UNPROVEN,本批次只读；若声明、输入、Schema或授权漂移，既有结论自动失效并须追加新批次,未读取业务正文、价格、成交、订单簿、账户或凭据；身份字段不完整,为该成员提供当前版本九字段声明及逐字段Schema、授权和唯一证据定位后追加不可变批次,2d50c1344a835ceeb832796935182aeff80bb03cecc5465c8cf3aaccbd446acd,86129966e4bc55fac18f2d7602a2309d4403f85861102128a56a80a5a0ccc1ea,8582d50a59e85c36655e90ea7ed8fe0a2a86451c4d7996a61aea1b47e969ee2a
source-identity-declaration-20260808T050813+0800-b2487b6c41a5,ZI-34dff9049f1d369afb466555,DS-000167,候选数据文件,BTC,4小时;8小时;24小时;48小时,15分钟;1小时,未知,未知,未知,未知,未知,未知,未知,未知,未知,未登记,无,config/数据/来源身份声明补采.json#身份声明[],25925ef8f47870540a3333c51fe109509d1892a094f19e7ed97ee9e9ac0bbbe7,21e4a941e92f073fd4e7b87229f307e3ce1d789f3cfef3dadf9038462b8a8c68,b32ca4def24cbf80869b56a463f100afc4c4670d4009b9a2d371aa974b0ffc46,未知,b3a1fc5ec72ad95e258b584f936ad46befab951e0ee9e43eaa18179e34974387,无法判定,FILE_STAT_OBSERVED_IDENTITY_UNPROVEN,本批次只读；若声明、输入、Schema或授权漂移，既有结论自动失效并须追加新批次,未读取业务正文、价格、成交、订单簿、账户或凭据；身份字段不完整,为该成员提供当前版本九字段声明及逐字段Schema、授权和唯一证据定位后追加不可变批次,2d50c1344a835ceeb832796935182aeff80bb03cecc5465c8cf3aaccbd446acd,86129966e4bc55fac18f2d7602a2309d4403f85861102128a56a80a5a0ccc1ea,4c39c67cc3cffbc7f8419424001ebef48a09195bd971e95f2d190b672dc96134
source-identity-declaration-20260808T050813+0800-b2487b6c41a5,ZI-e55942224685f7d269286e18,DS-000168,候选数据文件,BTC,4小时;8小时;24小时;48小时,15分钟;1小时,未知,未知,未知,未知,未知,未知,未知,未知,未知,未登记,无,config/数据/来源身份声明补采.json#身份声明[],25925ef8f47870540a3333c51fe109509d1892a094f19e7ed97ee9e9ac0bbbe7,f8a62a522dbf19d9f77ac41019b29e0d5926d40fae094dc88dac45931309b6fa,42a7765fe79270f5d9d9041bee0173687625331f6828a396ba51a9e0c7bd7a64,未知,b3a1fc5ec72ad95e258b584f936ad46befab951e0ee9e43eaa18179e34974387,无法判定,FILE_STAT_OBSERVED_IDENTITY_UNPROVEN,本批次只读；若声明、输入、Schema或授权漂移，既有结论自动失效并须追加新批次,未读取业务正文、价格、成交、订单簿、账户或凭据；身份字段不完整,为该成员提供当前版本九字段声明及逐字段Schema、授权和唯一证据定位后追加不可变批次,2d50c1344a835ceeb832796935182aeff80bb03cecc5465c8cf3aaccbd446acd,86129966e4bc55fac18f2d7602a2309d4403f85861102128a56a80a5a0ccc1ea,4cd453af078b5c9354ab705bb79a26ae42aae2b4bcb3f2aa7f36a660f4ace636
source-identity-declaration-20260808T050813+0800-b2487b6c41a5,ZI-5a84cfbc430a960cd28000ec,DS-000169,候选数据文件,BTC,4小时;8小时;24小时;48小时,15分钟;1小时,未知,未知,未知,未知,未知,未知,未知,未知,未知,未登记,无,config/数据/来源身份声明补采.json#身份声明[],25925ef8f47870540a3333c51fe109509d1892a094f19e7ed97ee9e9ac0bbbe7,671abd7b1989a86c583e552837880726ae9a67b0aab16e05de13612a73d4ecdf,64140a4d03c3f2ce133bafa03730e3251680d29831565a5e34fb88aa4dbb47bd,未知,b3a1fc5ec72ad95e258b584f936ad46befab951e0ee9e43eaa18179e34974387,无法判定,FILE_STAT_OBSERVED_IDENTITY_UNPROVEN,本批次只读；若声明、输入、Schema或授权漂移，既有结论自动失效并须追加新批次,未读取业务正文、价格、成交、订单簿、账户或凭据；身份字段不完整,为该成员提供当前版本九字段声明及逐字段Schema、授权和唯一证据定位后追加不可变批次,2d50c1344a835ceeb832796935182aeff80bb03cecc5465c8cf3aaccbd446acd,86129966e4bc55fac18f2d7602a2309d4403f85861102128a56a80a5a0ccc1ea,bcf578c16a39a53f64efb26a44abca8ddacd492ef18377bb18d85262520b5e89
source-identity-declaration-20260808T050813+0800-b2487b6c41a5,ZI-fb526a38ae5fd3aa09ae64ae,DS-000170,候选数据文件,BTC,4小时;8小时;24小时;48小时,15分钟;1小时,未知,未知,未知,未知,未知,未知,未知,未知,未知,未登记,无,config/数据/来源身份声明补采.json#身份声明[],25925ef8f47870540a3333c51fe109509d1892a094f19e7ed97ee9e9ac0bbbe7,9880223dc66afea86d19de7288fac597977eb9007513637dd141df6bbb558cf1,06c11f3ab701a0a19c9cabcb319024670f0e5b7b29d0f92693f2b4753cda4a41,未知,b3a1fc5ec72ad95e258b584f936ad46befab951e0ee9e43eaa18179e34974387,无法判定,FILE_STAT_OBSERVED_IDENTITY_UNPROVEN,本批次只读；若声明、输入、Schema或授权漂移，既有结论自动失效并须追加新批次,未读取业务正文、价格、成交、订单簿、账户或凭据；身份字段不完整,为该成员提供当前版本九字段声明及逐字段Schema、授权和唯一证据定位后追加不可变批次,2d50c1344a835ceeb832796935182aeff80bb03cecc5465c8cf3aaccbd446acd,86129966e4bc55fac18f2d7602a2309d4403f85861102128a56a80a5a0ccc1ea,408b8b57edc1173ed055bb2e0f1e0395a717f3b21eee3248c1c9f06875734f11
source-identity-declaration-20260808T050813+0800-b2487b6c41a5,ZI-7d429d1f623c63bbc6f1ef8e,DS-000171,候选数据文件,BTC,4小时;8小时;24小时;48小时,15分钟;1小时,未知,未知,未知,未知,未知,未知,未知,未知,未知,未登记,无,config/数据/来源身份声明补采.json#身份声明[],25925ef8f47870540a3333c51fe109509d1892a094f19e7ed97ee9e9ac0bbbe7,bafa83fba181792f378cb580dcfa6120abaf40fd3a0e15b52ee8bb9850b1d7c1,67422e259cca1b04fc2e9b955c788220d84b86ba4a9a45f4535eb0ff03cdd0be,未知,b3a1fc5ec72ad95e258b584f936ad46befab951e0ee9e43eaa18179e34974387,无法判定,FILE_STAT_OBSERVED_IDENTITY_UNPROVEN,本批次只读；若声明、输入、Schema或授权漂移，既有结论自动失效并须追加新批次,未读取业务正文、价格、成交、订单簿、账户或凭据；身份字段不完整,为该成员提供当前版本九字段声明及逐字段Schema、授权和唯一证据定位后追加不可变批次,2d50c1344a835ceeb832796935182aeff80bb03cecc5465c8cf3aaccbd446acd,86129966e4bc55fac18f2d7602a2309d4403f85861102128a56a80a5a0ccc1ea,1dcb13e11398998d92a2bb85a66b324db4fc904226d50e132c0e3c8ef22a64e4
source-identity-declaration-20260808T050813+0800-b2487b6c41a5,ZI-aac1bb06a6b99207067ded53,DS-000172,候选数据文件,BTC,4小时;8小时;24小时;48小时,15分钟;1小时,未知,未知,未知,未知,未知,未知,未知,未知,未知,未登记,无,config/数据/来源身份声明补采.json#身份声明[],25925ef8f47870540a3333c51fe109509d1892a094f19e7ed97ee9e9ac0bbbe7,eb688bbf8774884808324cb917637b38b808edcce9636716f36c0c73a0bb1a70,d07e0a7ee6d5042ac739192da37870e05d496f400febfcedf4ebd8c4cf0d8d9f,未知,b3a1fc5ec72ad95e258b584f936ad46befab951e0ee9e43eaa18179e34974387,无法判定,FILE_STAT_OBSERVED_IDENTITY_UNPROVEN,本批次只读；若声明、输入、Schema或授权漂移，既有结论自动失效并须追加新批次,未读取业务正文、价格、成交、订单簿、账户或凭据；身份字段不完整,为该成员提供当前版本九字段声明及逐字段Schema、授权和唯一证据定位后追加不可变批次,2d50c1344a835ceeb832796935182aeff80bb03cecc5465c8cf3aaccbd446acd,86129966e4bc55fac18f2d7602a2309d4403f85861102128a56a80a5a0ccc1ea,3b993b73aa0f1a4c5c9596e949db00fb80b20313775289df4fc88f893eae56d6
source-identity-declaration-20260808T050813+0800-b2487b6c41a5,ZI-fa106fa26030d60d8965c34b,DS-000173,候选数据文件,BTC,4小时;8小时;24小时;48小时,15分钟;1小时,未知,未知,未知,未知,未知,未知,未知,未知,未知,未登记,无,config/数据/来源身份声明补采.json#身份声明[],25925ef8f47870540a3333c51fe109509d1892a094f19e7ed97ee9e9ac0bbbe7,a06211053ef3792fd50827071a13e367103be5199d7b34c0e41b19e742bec238,57453db45728268e6923997ba51f41f2f867983d59daa2cf1670e949dfd12cf1,未知,b3a1fc5ec72ad95e258b584f936ad46befab951e0ee9e43eaa18179e34974387,无法判定,FILE_STAT_OBSERVED_IDENTITY_UNPROVEN,本批次只读；若声明、输入、Schema或授权漂移，既有结论自动失效并须追加新批次,未读取业务正文、价格、成交、订单簿、账户或凭据；身份字段不完整,为该成员提供当前版本九字段声明及逐字段Schema、授权和唯一证据定位后追加不可变批次,2d50c1344a835ceeb832796935182aeff80bb03cecc5465c8cf3aaccbd446acd,86129966e4bc55fac18f2d7602a2309d4403f85861102128a56a80a5a0ccc1ea,dfc36499b2145751acfa984e3a422ab988ec46ebe6d39c5e3b7cc2ca4d226013
source-identity-declaration-20260808T050813+0800-b2487b6c41a5,ZI-a395eafdee634d105fbc037f,DS-000174,候选数据文件,BTC,4小时;8小时;24小时;48小时,15分钟;1小时,未知,未知,未知,未知,未知,未知,未知,未知,未知,未登记,无,config/数据/来源身份声明补采.json#身份声明[],25925ef8f47870540a3333c51fe109509d1892a094f19e7ed97ee9e9ac0bbbe7,24bff6b100446afade335ff88ab048b5c675d812f75e01549793cae7f257d97f,d4ed36abec68f8d6a67d789033c5008ec8584efd7056db02d58414f52cbaf72e,未知,b3a1fc5ec72ad95e258b584f936ad46befab951e0ee9e43eaa18179e34974387,无法判定,FILE_STAT_OBSERVED_IDENTITY_UNPROVEN,本批次只读；若声明、输入、Schema或授权漂移，既有结论自动失效并须追加新批次,未读取业务正文、价格、成交、订单簿、账户或凭据；身份字段不完整,为该成员提供当前版本九字段声明及逐字段Schema、授权和唯一证据定位后追加不可变批次,2d50c1344a835ceeb832796935182aeff80bb03cecc5465c8cf3aaccbd446acd,86129966e4bc55fac18f2d7602a2309d4403f85861102128a56a80a5a0ccc1ea,a838d04a6d56be7d342393ab1497546b59e5a33bbdf90417e74e2ed42f92e697
source-identity-declaration-20260808T050813+0800-b2487b6c41a5,ZI-1152bffa2435f07af09dc124,DS-000175,候选数据文件,BTC,4小时;8小时;24小时;48小时,15分钟;1小时,未知,未知,未知,未知,未知,未知,未知,未知,未知,未登记,无,config/数据/来源身份声明补采.json#身份声明[],25925ef8f47870540a3333c51fe109509d1892a094f19e7ed97ee9e9ac0bbbe7,e69a513ac7621ea835192801bdc3809e04d75239d3d02150790c2b4feb89c14f,c8ba328fe34ff33535d3e5978355d5522fa520e33a49751b7e6f92c955992068,未知,b3a1fc5ec72ad95e258b584f936ad46befab951e0ee9e43eaa18179e34974387,无法判定,FILE_STAT_OBSERVED_IDENTITY_UNPROVEN,本批次只读；若声明、输入、Schema或授权漂移，既有结论自动失效并须追加新批次,未读取业务正文、价格、成交、订单簿、账户或凭据；身份字段不完整,为该成员提供当前版本九字段声明及逐字段Schema、授权和唯一证据定位后追加不可变批次,2d50c1344a835ceeb832796935182aeff80bb03cecc5465c8cf3aaccbd446acd,86129966e4bc55fac18f2d7602a2309d4403f85861102128a56a80a5a0ccc1ea,b697243636ebed37eb3e65ee69cd585ae4212d22200cd9aa3ca4bb53a846a503
source-identity-declaration-20260808T050813+0800-b2487b6c41a5,ZI-a9f305697de0c752d67de6f9,DS-000176,候选数据文件,BTC,4小时;8小时;24小时;48小时,15分钟;1小时,未知,未知,未知,未知,未知,未知,未知,未知,未知,未登记,无,config/数据/来源身份声明补采.json#身份声明[],25925ef8f47870540a3333c51fe109509d1892a094f19e7ed97ee9e9ac0bbbe7,90ebfb0f32228dabe4d3c3d6fffddbe5c46cd9db2008dc26dc4e6f6040d4413c,729406489518efc8a2e6bbe9d0e47b963e7efe3b72bf6ef8f768bc2937feab33,未知,b3a1fc5ec72ad95e258b584f936ad46befab951e0ee9e43eaa18179e34974387,无法判定,FILE_STAT_OBSERVED_IDENTITY_UNPROVEN,本批次只读；若声明、输入、Schema或授权漂移，既有结论自动失效并须追加新批次,未读取业务正文、价格、成交、订单簿、账户或凭据；身份字段不完整,为该成员提供当前版本九字段声明及逐字段Schema、授权和唯一证据定位后追加不可变批次,2d50c1344a835ceeb832796935182aeff80bb03cecc5465c8cf3aaccbd446acd,86129966e4bc55fac18f2d7602a2309d4403f85861102128a56a80a5a0ccc1ea,172e81bdfa17e03a9b72a0b8029f98aabcbbee24224a4113172fc383725d4fda
source-identity-declaration-20260808T050813+0800-b2487b6c41a5,ZI-3738394efd413b3002a00a2c,DS-000177,候选数据文件,BTC,4小时;8小时;24小时;48小时,15分钟;1小时,未知,未知,未知,未知,未知,未知,未知,未知,未知,未登记,无,config/数据/来源身份声明补采.json#身份声明[],25925ef8f47870540a3333c51fe109509d1892a094f19e7ed97ee9e9ac0bbbe7,2f8df68ac997b3bf050617e476702d5c601fa659f1895ee84cfbf15371917e1d,c88b1c298da866175fb79b2194cec184630dc74a610af3dd76130301feebf889,未知,b3a1fc5ec72ad95e258b584f936ad46befab951e0ee9e43eaa18179e34974387,无法判定,FILE_STAT_OBSERVED_IDENTITY_UNPROVEN,本批次只读；若声明、输入、Schema或授权漂移，既有结论自动失效并须追加新批次,未读取业务正文、价格、成交、订单簿、账户或凭据；身份字段不完整,为该成员提供当前版本九字段声明及逐字段Schema、授权和唯一证据定位后追加不可变批次,2d50c1344a835ceeb832796935182aeff80bb03cecc5465c8cf3aaccbd446acd,86129966e4bc55fac18f2d7602a2309d4403f85861102128a56a80a5a0ccc1ea,2b4220c8fbfa8e849b465094870507079cf71d1c59b739ee6775e57558f3c513
source-identity-declaration-20260808T050813+0800-b2487b6c41a5,ZI-46362304247211436445a671,DS-000178,候选数据文件,BTC,4小时;8小时;24小时;48小时,15分钟;1小时,未知,未知,未知,未知,未知,未知,未知,未知,未知,未登记,无,config/数据/来源身份声明补采.json#身份声明[],25925ef8f47870540a3333c51fe109509d1892a094f19e7ed97ee9e9ac0bbbe7,2be772033a825d5db28b7b4ec5e1ea9930f0b1b0b4d08440e6d7ea2e764aad5b,868cc6255be207b50f3bef0d42ed58c5b1b0b7238ad0b894444b9f915960ad72,未知,b3a1fc5ec72ad95e258b584f936ad46befab951e0ee9e43eaa18179e34974387,无法判定,FILE_STAT_OBSERVED_IDENTITY_UNPROVEN,本批次只读；若声明、输入、Schema或授权漂移，既有结论自动失效并须追加新批次,未读取业务正文、价格、成交、订单簿、账户或凭据；身份字段不完整,为该成员提供当前版本九字段声明及逐字段Schema、授权和唯一证据定位后追加不可变批次,2d50c1344a835ceeb832796935182aeff80bb03cecc5465c8cf3aaccbd446acd,86129966e4bc55fac18f2d7602a2309d4403f85861102128a56a80a5a0ccc1ea,3d8bba6276d4d2e2ec467de66bba7affd8300c5a26cd38d65ac83bb1805782fb
source-identity-declaration-20260808T050813+0800-b2487b6c41a5,ZI-b69c1e9048e918566ceefa22,DS-000179,候选数据文件,BTC,4小时;8小时;24小时;48小时,15分钟;1小时,未知,未知,未知,未知,未知,未知,未知,未知,未知,未登记,无,config/数据/来源身份声明补采.json#身份声明[],25925ef8f47870540a3333c51fe109509d1892a094f19e7ed97ee9e9ac0bbbe7,6bc774ebf31ea4bc26f9986dd2196dd92683949fa9b59523e75b9a8d0ed2bf93,ae134fd87eb325ff1438510798ed1539980091594d41393e5108d6130774c51f,未知,b3a1fc5ec72ad95e258b584f936ad46befab951e0ee9e43eaa18179e34974387,无法判定,FILE_STAT_OBSERVED_IDENTITY_UNPROVEN,本批次只读；若声明、输入、Schema或授权漂移，既有结论自动失效并须追加新批次,未读取业务正文、价格、成交、订单簿、账户或凭据；身份字段不完整,为该成员提供当前版本九字段声明及逐字段Schema、授权和唯一证据定位后追加不可变批次,2d50c1344a835ceeb832796935182aeff80bb03cecc5465c8cf3aaccbd446acd,86129966e4bc55fac18f2d7602a2309d4403f85861102128a56a80a5a0ccc1ea,457585fbab8b200035fd3b3e4e5cad9e1bbee9a6eca318f2ac558bfaf6377df6
source-identity-declaration-20260808T050813+0800-b2487b6c41a5,ZI-d64a2f2a8cd520c712ce9c8f,DS-000180,候选数据文件,BTC,4小时;8小时;24小时;48小时,15分钟;1小时,未知,未知,未知,未知,未知,未知,未知,未知,未知,未登记,无,config/数据/来源身份声明补采.json#身份声明[],25925ef8f47870540a3333c51fe109509d1892a094f19e7ed97ee9e9ac0bbbe7,b6118ed137c406348410af6e4eaeb8261a9eb3235fe2ad89f4ca2a4bea3b0a27,d0b28f9cd3ddf5e79fd34d751e829201730b794b2382c06b43f2f9472e56c758,未知,b3a1fc5ec72ad95e258b584f936ad46befab951e0ee9e43eaa18179e34974387,无法判定,FILE_STAT_OBSERVED_IDENTITY_UNPROVEN,本批次只读；若声明、输入、Schema或授权漂移，既有结论自动失效并须追加新批次,未读取业务正文、价格、成交、订单簿、账户或凭据；身份字段不完整,为该成员提供当前版本九字段声明及逐字段Schema、授权和唯一证据定位后追加不可变批次,2d50c1344a835ceeb832796935182aeff80bb03cecc5465c8cf3aaccbd446acd,86129966e4bc55fac18f2d7602a2309d4403f85861102128a56a80a5a0ccc1ea,55899e84c8a534598e200524732678c8d58258d1db5789c89927668c692a3c03
source-identity-declaration-20260808T050813+0800-b2487b6c41a5,ZI-bce9dfb54e2ed9b7f18d9b14,DS-000181,候选数据文件,BTC,4小时;8小时;24小时;48小时,15分钟;1小时,未知,未知,未知,未知,未知,未知,未知,未知,未知,未登记,无,config/数据/来源身份声明补采.json#身份声明[],25925ef8f47870540a3333c51fe109509d1892a094f19e7ed97ee9e9ac0bbbe7,1fe6ac4a775c05280ed26b8f8853a6ac1a22125ef106286be954feedba32abf5,98cdcabb4d1ed830512e11ce47502ddfc451e75fc72e85453cc9675e01da5d66,未知,b3a1fc5ec72ad95e258b584f936ad46befab951e0ee9e43eaa18179e34974387,无法判定,FILE_STAT_OBSERVED_IDENTITY_UNPROVEN,本批次只读；若声明、输入、Schema或授权漂移，既有结论自动失效并须追加新批次,未读取业务正文、价格、成交、订单簿、账户或凭据；身份字段不完整,为该成员提供当前版本九字段声明及逐字段Schema、授权和唯一证据定位后追加不可变批次,2d50c1344a835ceeb832796935182aeff80bb03cecc5465c8cf3aaccbd446acd,86129966e4bc55fac18f2d7602a2309d4403f85861102128a56a80a5a0ccc1ea,4364c70ad19f63a2f0233d6520957989838095d8a8fdfd71be38ee5f8dfa5bd7
source-identity-declaration-20260808T050813+0800-b2487b6c41a5,ZI-2f48d5457582bdd23668ba24,DS-000182,候选数据文件,BTC,4小时;8小时;24小时;48小时,15分钟;1小时,未知,未知,未知,未知,未知,未知,未知,未知,未知,未登记,无,config/数据/来源身份声明补采.json#身份声明[],25925ef8f47870540a3333c51fe109509d1892a094f19e7ed97ee9e9ac0bbbe7,a74ec65bcc7369875747ed975605f401086ff589062f54356d0d9950115c7de9,7113513395262e2987cab046620a1c487f95326b909b339facca75cc82a403e0,未知,b3a1fc5ec72ad95e258b584f936ad46befab951e0ee9e43eaa18179e34974387,无法判定,FILE_STAT_OBSERVED_IDENTITY_UNPROVEN,本批次只读；若声明、输入、Schema或授权漂移，既有结论自动失效并须追加新批次,未读取业务正文、价格、成交、订单簿、账户或凭据；身份字段不完整,为该成员提供当前版本九字段声明及逐字段Schema、授权和唯一证据定位后追加不可变批次,2d50c1344a835ceeb832796935182aeff80bb03cecc5465c8cf3aaccbd446acd,86129966e4bc55fac18f2d7602a2309d4403f85861102128a56a80a5a0ccc1ea,07cdb3667deccd8ade25851e7c9690dbf7c42ef15024c0525599491d1483d497
source-identity-declaration-20260808T050813+0800-b2487b6c41a5,ZI-7c30f1c32268b00fa252bf6c,DS-000183,候选数据文件,BTC,4小时;8小时;24小时;48小时,15分钟;1小时,未知,未知,未知,未知,未知,未知,未知,未知,未知,未登记,无,config/数据/来源身份声明补采.json#身份声明[],25925ef8f47870540a3333c51fe109509d1892a094f19e7ed97ee9e9ac0bbbe7,5bd5cdb50b22e563541c34884cc493910fe803c5d4b9545de146de4b4433eedb,f139a1df28d33333f0b39af9df014fe4cb5dd89214d2c48a3c23b25ae134670e,未知,b3a1fc5ec72ad95e258b584f936ad46befab951e0ee9e43eaa18179e34974387,无法判定,FILE_STAT_OBSERVED_IDENTITY_UNPROVEN,本批次只读；若声明、输入、Schema或授权漂移，既有结论自动失效并须追加新批次,未读取业务正文、价格、成交、订单簿、账户或凭据；身份字段不完整,为该成员提供当前版本九字段声明及逐字段Schema、授权和唯一证据定位后追加不可变批次,2d50c1344a835ceeb832796935182aeff80bb03cecc5465c8cf3aaccbd446acd,86129966e4bc55fac18f2d7602a2309d4403f85861102128a56a80a5a0ccc1ea,e82d2aab150cfad436ec0565c247095c68c713218b34f667744166019ac511a7
source-identity-declaration-20260808T050813+0800-b2487b6c41a5,ZI-c39244d5fbd3833d648c5a53,DS-000184,候选数据文件,BTC,4小时;8小时;24小时;48小时,15分钟;1小时,未知,未知,未知,未知,未知,未知,未知,未知,未知,未登记,无,config/数据/来源身份声明补采.json#身份声明[],25925ef8f47870540a3333c51fe109509d1892a094f19e7ed97ee9e9ac0bbbe7,ae7b53abea94ebb15ee07ac54328eacafce104a7821261b0f92cdc259136945c,5ed710c89dfdbcf20bfcf66dcfb0e5e218596b25f14526eb25ff80338b384b56,未知,b3a1fc5ec72ad95e258b584f936ad46befab951e0ee9e43eaa18179e34974387,无法判定,FILE_STAT_OBSERVED_IDENTITY_UNPROVEN,本批次只读；若声明、输入、Schema或授权漂移，既有结论自动失效并须追加新批次,未读取业务正文、价格、成交、订单簿、账户或凭据；身份字段不完整,为该成员提供当前版本九字段声明及逐字段Schema、授权和唯一证据定位后追加不可变批次,2d50c1344a835ceeb832796935182aeff80bb03cecc5465c8cf3aaccbd446acd,86129966e4bc55fac18f2d7602a2309d4403f85861102128a56a80a5a0ccc1ea,3a066680f92060dcfb97467535377acfb1cb345c6e81046013e3559efd53b52c
source-identity-declaration-20260808T050813+0800-b2487b6c41a5,ZI-f7a557013982647b609cab63,DS-000185,候选数据文件,BTC,4小时;8小时;24小时;48小时,15分钟;1小时,未知,未知,未知,未知,未知,未知,未知,未知,未知,未登记,无,config/数据/来源身份声明补采.json#身份声明[],25925ef8f47870540a3333c51fe109509d1892a094f19e7ed97ee9e9ac0bbbe7,fd66279f71275b9153fd72c7881ea8d8650bb18480b5b4455a1235907ffb7471,570eb1e78de5bd0018fc4de98f569482218371cb55641c1905836f5e63ceaab0,未知,b3a1fc5ec72ad95e258b584f936ad46befab951e0ee9e43eaa18179e34974387,无法判定,FILE_STAT_OBSERVED_IDENTITY_UNPROVEN,本批次只读；若声明、输入、Schema或授权漂移，既有结论自动失效并须追加新批次,未读取业务正文、价格、成交、订单簿、账户或凭据；身份字段不完整,为该成员提供当前版本九字段声明及逐字段Schema、授权和唯一证据定位后追加不可变批次,2d50c1344a835ceeb832796935182aeff80bb03cecc5465c8cf3aaccbd446acd,86129966e4bc55fac18f2d7602a2309d4403f85861102128a56a80a5a0ccc1ea,89b820639edc3fd6d210dc941cff4a6fc0d8396f979f556a81ce89d632a7ad96
source-identity-declaration-20260808T050813+0800-b2487b6c41a5,ZI-d846161ae6efc2de26747270,DS-000186,候选数据文件,BTC,4小时;8小时;24小时;48小时,15分钟;1小时,未知,未知,未知,未知,未知,未知,未知,未知,未知,未登记,无,config/数据/来源身份声明补采.json#身份声明[],25925ef8f47870540a3333c51fe109509d1892a094f19e7ed97ee9e9ac0bbbe7,b4d26c095ff3d7f2930ff2f9f61bb4c04c391bcc99501cadca68b3425f4cdb7b,bb1f5fcda00f6189c36164789480d9330bc6d0949a8660a41de850818eb76f14,未知,b3a1fc5ec72ad95e258b584f936ad46befab951e0ee9e43eaa18179e34974387,无法判定,FILE_STAT_OBSERVED_IDENTITY_UNPROVEN,本批次只读；若声明、输入、Schema或授权漂移，既有结论自动失效并须追加新批次,未读取业务正文、价格、成交、订单簿、账户或凭据；身份字段不完整,为该成员提供当前版本九字段声明及逐字段Schema、授权和唯一证据定位后追加不可变批次,2d50c1344a835ceeb832796935182aeff80bb03cecc5465c8cf3aaccbd446acd,86129966e4bc55fac18f2d7602a2309d4403f85861102128a56a80a5a0ccc1ea,42cbb17f0188af675c4f56952cdf9c1cc89a2094eff3ebf4616703739212fa6b
source-identity-declaration-20260808T050813+0800-b2487b6c41a5,ZI-60958eebfb01826209cad45d,DS-000187,候选数据文件,BTC,4小时;8小时;24小时;48小时,15分钟;1小时,未知,未知,未知,未知,未知,未知,未知,未知,未知,未登记,无,config/数据/来源身份声明补采.json#身份声明[],25925ef8f47870540a3333c51fe109509d1892a094f19e7ed97ee9e9ac0bbbe7,cd6f8b4d93a9e695c2be3af8f0481d412bf7bf2d88fea5ee90dbb3af5a1f185b,9ea6fe96398c6ec81d1318a8520bcf506671a9b78acfe62bb2137d256fdc931d,未知,b3a1fc5ec72ad95e258b584f936ad46befab951e0ee9e43eaa18179e34974387,无法判定,FILE_STAT_OBSERVED_IDENTITY_UNPROVEN,本批次只读；若声明、输入、Schema或授权漂移，既有结论自动失效并须追加新批次,未读取业务正文、价格、成交、订单簿、账户或凭据；身份字段不完整,为该成员提供当前版本九字段声明及逐字段Schema、授权和唯一证据定位后追加不可变批次,2d50c1344a835ceeb832796935182aeff80bb03cecc5465c8cf3aaccbd446acd,86129966e4bc55fac18f2d7602a2309d4403f85861102128a56a80a5a0ccc1ea,b785348692fc448bbb76746f3dcc46c2e9fa0a71a6a16362dee64170e6faca7f
source-identity-declaration-20260808T050813+0800-b2487b6c41a5,ZI-fa2a4d25532ebea9a058b0dc,DS-000188,候选数据文件,BTC,4小时;8小时;24小时;48小时,15分钟;1小时,未知,未知,未知,未知,未知,未知,未知,未知,未知,未登记,无,config/数据/来源身份声明补采.json#身份声明[],25925ef8f47870540a3333c51fe109509d1892a094f19e7ed97ee9e9ac0bbbe7,7fd19c744dac05cbd7e434c721348638379f2dea6df0fc204c2eb68a78236231,a6ef6c13e5dfa6e533d59587d672c23b4cb334b2dd320fec2b6806f18f7aee8a,未知,b3a1fc5ec72ad95e258b584f936ad46befab951e0ee9e43eaa18179e34974387,无法判定,FILE_STAT_OBSERVED_IDENTITY_UNPROVEN,本批次只读；若声明、输入、Schema或授权漂移，既有结论自动失效并须追加新批次,未读取业务正文、价格、成交、订单簿、账户或凭据；身份字段不完整,为该成员提供当前版本九字段声明及逐字段Schema、授权和唯一证据定位后追加不可变批次,2d50c1344a835ceeb832796935182aeff80bb03cecc5465c8cf3aaccbd446acd,86129966e4bc55fac18f2d7602a2309d4403f85861102128a56a80a5a0ccc1ea,7084490eb533224c2da4b38ef130f4c122c1c0967bd4778eb4af32591a152747
source-identity-declaration-20260808T050813+0800-b2487b6c41a5,ZI-a0614455fb843de8768c8d5b,DS-000189,候选数据文件,BTC,4小时;8小时;24小时;48小时,15分钟;1小时,未知,未知,未知,未知,未知,未知,未知,未知,未知,未登记,无,config/数据/来源身份声明补采.json#身份声明[],25925ef8f47870540a3333c51fe109509d1892a094f19e7ed97ee9e9ac0bbbe7,339770b4561a39f6d7d39db2fb133c36bbde7bfa98b6314ed23504c848d49222,ba8c322723debba8f08e024821aa4c9a1bdc5bb11601148bcf19f8d6d20a1694,未知,b3a1fc5ec72ad95e258b584f936ad46befab951e0ee9e43eaa18179e34974387,无法判定,FILE_STAT_OBSERVED_IDENTITY_UNPROVEN,本批次只读；若声明、输入、Schema或授权漂移，既有结论自动失效并须追加新批次,未读取业务正文、价格、成交、订单簿、账户或凭据；身份字段不完整,为该成员提供当前版本九字段声明及逐字段Schema、授权和唯一证据定位后追加不可变批次,2d50c1344a835ceeb832796935182aeff80bb03cecc5465c8cf3aaccbd446acd,86129966e4bc55fac18f2d7602a2309d4403f85861102128a56a80a5a0ccc1ea,5c90878360b72be6cbedbf4ee3869349c74fa940d8a979dfc62088bb7467b2d5
source-identity-declaration-20260808T050813+0800-b2487b6c41a5,ZI-d3c96884df707ae67f114610,DS-000190,候选数据文件,BTC,4小时;8小时;24小时;48小时,15分钟;1小时,未知,未知,未知,未知,未知,未知,未知,未知,未知,未登记,无,config/数据/来源身份声明补采.json#身份声明[],25925ef8f47870540a3333c51fe109509d1892a094f19e7ed97ee9e9ac0bbbe7,d7136de17556a28b492a1af141d73c1758727a591f4bba3dc8153365fa742189,6910d8fb9d715d62d971c1cfa077b9d9fa6878068e36a51383cf7ea8b1029893,未知,b3a1fc5ec72ad95e258b584f936ad46befab951e0ee9e43eaa18179e34974387,无法判定,FILE_STAT_OBSERVED_IDENTITY_UNPROVEN,本批次只读；若声明、输入、Schema或授权漂移，既有结论自动失效并须追加新批次,未读取业务正文、价格、成交、订单簿、账户或凭据；身份字段不完整,为该成员提供当前版本九字段声明及逐字段Schema、授权和唯一证据定位后追加不可变批次,2d50c1344a835ceeb832796935182aeff80bb03cecc5465c8cf3aaccbd446acd,86129966e4bc55fac18f2d7602a2309d4403f85861102128a56a80a5a0ccc1ea,bd0f15f142bf92eedfc5c51150893b51d58952f6838af1e0e801dcd81d07bfb4
source-identity-declaration-20260808T050813+0800-b2487b6c41a5,ZI-6a10e79eb7d5e07aace7b208,DS-000191,候选数据文件,BTC,4小时;8小时;24小时;48小时,15分钟;1小时,未知,未知,未知,未知,未知,未知,未知,未知,未知,未登记,无,config/数据/来源身份声明补采.json#身份声明[],25925ef8f47870540a3333c51fe109509d1892a094f19e7ed97ee9e9ac0bbbe7,42e7dc84abcc5f0ad802d574fa1a6f66ab422df94f2e029e4500a429f58a7366,a6b1dc47dda80db635f0f368ac3187369b5d0284fe23effd561bbd0676e3d10d,未知,b3a1fc5ec72ad95e258b584f936ad46befab951e0ee9e43eaa18179e34974387,无法判定,FILE_STAT_OBSERVED_IDENTITY_UNPROVEN,本批次只读；若声明、输入、Schema或授权漂移，既有结论自动失效并须追加新批次,未读取业务正文、价格、成交、订单簿、账户或凭据；身份字段不完整,为该成员提供当前版本九字段声明及逐字段Schema、授权和唯一证据定位后追加不可变批次,2d50c1344a835ceeb832796935182aeff80bb03cecc5465c8cf3aaccbd446acd,86129966e4bc55fac18f2d7602a2309d4403f85861102128a56a80a5a0ccc1ea,983f48303ff1416f3c656d14af0b722156e153f7e91f01284453f3f40116e6b7
source-identity-declaration-20260808T050813+0800-b2487b6c41a5,ZI-2ee965d6fd9df70cb6157fd0,DS-000192,候选数据文件,BTC,4小时;8小时;24小时;48小时,15分钟;1小时,未知,未知,未知,未知,未知,未知,未知,未知,未知,未登记,无,config/数据/来源身份声明补采.json#身份声明[],25925ef8f47870540a3333c51fe109509d1892a094f19e7ed97ee9e9ac0bbbe7,0b63bbb25476f3c1a13d3453831e1a313715dd619c895cf6ee0995cac04a71b7,77ad296a05d96b45f6631486ce323785d01df717cae592199cc3e92b769d66cf,未知,b3a1fc5ec72ad95e258b584f936ad46befab951e0ee9e43eaa18179e34974387,拒绝,INPUT_MEMBER_REJECTED,本批次只读；若声明、输入、Schema或授权漂移，既有结论自动失效并须追加新批次,未读取业务正文、价格、成交、订单簿、账户或凭据；身份字段不完整,为该成员提供当前版本九字段声明及逐字段Schema、授权和唯一证据定位后追加不可变批次,2d50c1344a835ceeb832796935182aeff80bb03cecc5465c8cf3aaccbd446acd,86129966e4bc55fac18f2d7602a2309d4403f85861102128a56a80a5a0ccc1ea,99bd8f80bd3e28f7fc1fc60d6638c78d665217d2a4eff11781e3b23a2b15efc9
source-identity-declaration-20260808T050813+0800-b2487b6c41a5,ZI-ab40d64be94e1c0a4b624ee5,DS-000193,候选数据文件,BTC,4小时;8小时;24小时;48小时,15分钟;1小时,未知,未知,未知,未知,未知,未知,未知,未知,未知,未登记,无,config/数据/来源身份声明补采.json#身份声明[],25925ef8f47870540a3333c51fe109509d1892a094f19e7ed97ee9e9ac0bbbe7,c7f0e941a62184b5da31ad822c95d8912302c67a9b7954a1cc0b890d47bdf708,ddc66db46b0a617e4c1399838801946648a6dfefbf0fa0906ff6e87d2b06898d,未知,b3a1fc5ec72ad95e258b584f936ad46befab951e0ee9e43eaa18179e34974387,无法判定,FILE_STAT_OBSERVED_IDENTITY_UNPROVEN,本批次只读；若声明、输入、Schema或授权漂移，既有结论自动失效并须追加新批次,未读取业务正文、价格、成交、订单簿、账户或凭据；身份字段不完整,为该成员提供当前版本九字段声明及逐字段Schema、授权和唯一证据定位后追加不可变批次,2d50c1344a835ceeb832796935182aeff80bb03cecc5465c8cf3aaccbd446acd,86129966e4bc55fac18f2d7602a2309d4403f85861102128a56a80a5a0ccc1ea,675b4e457764e8284f050fb3f03b24d4f7e02fe9d0607cef11dd0a07d532d4ad
source-identity-declaration-20260808T050813+0800-b2487b6c41a5,ZI-67958b820749ffb359809e24,DS-000194,候选数据文件,BTC,4小时;8小时;24小时;48小时,15分钟;1小时,未知,未知,未知,未知,未知,未知,未知,未知,未知,未登记,无,config/数据/来源身份声明补采.json#身份声明[],25925ef8f47870540a3333c51fe109509d1892a094f19e7ed97ee9e9ac0bbbe7,62a9e8386448401b0df0012d85c2a2bee4cf6abfa56d187620f9414875fd792c,68eb28dee87640862574de295a45d8a098337bb45802223b841553864359bb56,未知,b3a1fc5ec72ad95e258b584f936ad46befab951e0ee9e43eaa18179e34974387,拒绝,INPUT_MEMBER_REJECTED,本批次只读；若声明、输入、Schema或授权漂移，既有结论自动失效并须追加新批次,未读取业务正文、价格、成交、订单簿、账户或凭据；身份字段不完整,为该成员提供当前版本九字段声明及逐字段Schema、授权和唯一证据定位后追加不可变批次,2d50c1344a835ceeb832796935182aeff80bb03cecc5465c8cf3aaccbd446acd,86129966e4bc55fac18f2d7602a2309d4403f85861102128a56a80a5a0ccc1ea,8b95e74edfaa7cfb3b023244dacba954743ae339839545b71052d76caceb1635
source-identity-declaration-20260808T050813+0800-b2487b6c41a5,ZI-b7ae7ad9140ec01e272d90ef,DS-000195,候选数据文件,BTC,4小时;8小时;24小时;48小时,15分钟;1小时,未知,未知,未知,未知,未知,未知,未知,未知,未知,未登记,无,config/数据/来源身份声明补采.json#身份声明[],25925ef8f47870540a3333c51fe109509d1892a094f19e7ed97ee9e9ac0bbbe7,9e8f5648706c28594bb13be22bf74a43c6685db3eb0af8963881d94c1fb33090,9e3df7fcde6a416c14ad2f3385cc8a95fb4a60267d036f9a4e620d68bff6d10f,未知,b3a1fc5ec72ad95e258b584f936ad46befab951e0ee9e43eaa18179e34974387,无法判定,FILE_STAT_OBSERVED_IDENTITY_UNPROVEN,本批次只读；若声明、输入、Schema或授权漂移，既有结论自动失效并须追加新批次,未读取业务正文、价格、成交、订单簿、账户或凭据；身份字段不完整,为该成员提供当前版本九字段声明及逐字段Schema、授权和唯一证据定位后追加不可变批次,2d50c1344a835ceeb832796935182aeff80bb03cecc5465c8cf3aaccbd446acd,86129966e4bc55fac18f2d7602a2309d4403f85861102128a56a80a5a0ccc1ea,6b9301f5fe7b7db303ba8da36a62a1ab328f4c1b0869cba269ca9182371a30fd
source-identity-declaration-20260808T050813+0800-b2487b6c41a5,ZI-32aaa116eb12c90702c94041,DS-000196,候选数据文件,BTC,4小时;8小时;24小时;48小时,15分钟;1小时,未知,未知,未知,未知,未知,未知,未知,未知,未知,未登记,无,config/数据/来源身份声明补采.json#身份声明[],25925ef8f47870540a3333c51fe109509d1892a094f19e7ed97ee9e9ac0bbbe7,3302ef2c1af90e5188fec4871d9bc2a0b2f9649c1b92196be6c3cd882676ce67,e6157d59b9196789cd25c9701501043bb00ef014649356a10e16259596fb4709,未知,b3a1fc5ec72ad95e258b584f936ad46befab951e0ee9e43eaa18179e34974387,无法判定,FILE_STAT_OBSERVED_IDENTITY_UNPROVEN,本批次只读；若声明、输入、Schema或授权漂移，既有结论自动失效并须追加新批次,未读取业务正文、价格、成交、订单簿、账户或凭据；身份字段不完整,为该成员提供当前版本九字段声明及逐字段Schema、授权和唯一证据定位后追加不可变批次,2d50c1344a835ceeb832796935182aeff80bb03cecc5465c8cf3aaccbd446acd,86129966e4bc55fac18f2d7602a2309d4403f85861102128a56a80a5a0ccc1ea,b7a304052512669f6e2a4b5f0ea8af38e872a5fadaf89a5fc5401f4f64cbc395
source-identity-declaration-20260808T050813+0800-b2487b6c41a5,ZI-0f24107cd7aff0b489c551c4,DS-000197,候选数据文件,BTC,4小时;8小时;24小时;48小时,15分钟;1小时,未知,未知,未知,未知,未知,未知,未知,未知,未知,未登记,无,config/数据/来源身份声明补采.json#身份声明[],25925ef8f47870540a3333c51fe109509d1892a094f19e7ed97ee9e9ac0bbbe7,bfc42bc0d8152ba416024f1c92821247641bfebdacf6b68020d7b23caf8bcf1d,a8a1fedf04743df7d4306f8ab802cc9f585ad95bb3a1859b581b08e07f21b491,未知,b3a1fc5ec72ad95e258b584f936ad46befab951e0ee9e43eaa18179e34974387,无法判定,FILE_STAT_OBSERVED_IDENTITY_UNPROVEN,本批次只读；若声明、输入、Schema或授权漂移，既有结论自动失效并须追加新批次,未读取业务正文、价格、成交、订单簿、账户或凭据；身份字段不完整,为该成员提供当前版本九字段声明及逐字段Schema、授权和唯一证据定位后追加不可变批次,2d50c1344a835ceeb832796935182aeff80bb03cecc5465c8cf3aaccbd446acd,86129966e4bc55fac18f2d7602a2309d4403f85861102128a56a80a5a0ccc1ea,83903ffd2192b101f3f3aa40a3847a6ed71186339ad20bec12f5060a75486b66
source-identity-declaration-20260808T050813+0800-b2487b6c41a5,ZI-3183d1c30b7007a7db1dca31,DS-000198,候选数据文件,BTC,4小时;8小时;24小时;48小时,15分钟;1小时,未知,未知,未知,未知,未知,未知,未知,未知,未知,未登记,无,config/数据/来源身份声明补采.json#身份声明[],25925ef8f47870540a3333c51fe109509d1892a094f19e7ed97ee9e9ac0bbbe7,e91a693c10215586182fb841338a4f6446ac050e791e472e1cf048244d99abd4,8dcbf3ed5b60fa730bdf830643d41a04e45e08e42af3c50b780c3bff6cf54e55,未知,b3a1fc5ec72ad95e258b584f936ad46befab951e0ee9e43eaa18179e34974387,无法判定,FILE_STAT_OBSERVED_IDENTITY_UNPROVEN,本批次只读；若声明、输入、Schema或授权漂移，既有结论自动失效并须追加新批次,未读取业务正文、价格、成交、订单簿、账户或凭据；身份字段不完整,为该成员提供当前版本九字段声明及逐字段Schema、授权和唯一证据定位后追加不可变批次,2d50c1344a835ceeb832796935182aeff80bb03cecc5465c8cf3aaccbd446acd,86129966e4bc55fac18f2d7602a2309d4403f85861102128a56a80a5a0ccc1ea,80de8ee7790b0c791d49e43ca75d68edd9fd89b57904b10bd7250f61cc53bfa2
source-identity-declaration-20260808T050813+0800-b2487b6c41a5,ZI-2886bbdc88afa40c39dbb408,DS-000199,候选数据文件,BTC,4小时;8小时;24小时;48小时,15分钟;1小时,未知,未知,未知,未知,未知,未知,未知,未知,未知,未登记,无,config/数据/来源身份声明补采.json#身份声明[],25925ef8f47870540a3333c51fe109509d1892a094f19e7ed97ee9e9ac0bbbe7,9b483598e61c912f16425f2781345539481dc82d607aac2cba73462d89bd674b,72b527c4562ab1d34e9c9be2a4cfceffb42758e4fbf892ad7e8c0a54baab42de,未知,b3a1fc5ec72ad95e258b584f936ad46befab951e0ee9e43eaa18179e34974387,无法判定,FILE_STAT_OBSERVED_IDENTITY_UNPROVEN,本批次只读；若声明、输入、Schema或授权漂移，既有结论自动失效并须追加新批次,未读取业务正文、价格、成交、订单簿、账户或凭据；身份字段不完整,为该成员提供当前版本九字段声明及逐字段Schema、授权和唯一证据定位后追加不可变批次,2d50c1344a835ceeb832796935182aeff80bb03cecc5465c8cf3aaccbd446acd,86129966e4bc55fac18f2d7602a2309d4403f85861102128a56a80a5a0ccc1ea,0bc1b0673e4e562758747a9cb3e182c8f20bd2fa5eed3bd43c7bc214509f67b3
source-identity-declaration-20260808T050813+0800-b2487b6c41a5,ZI-5dbdf00041b1706d7ba8abab,DS-000200,候选数据文件,BTC,4小时;8小时;24小时;48小时,15分钟;1小时,未知,未知,未知,未知,未知,未知,未知,未知,未知,未登记,无,config/数据/来源身份声明补采.json#身份声明[],25925ef8f47870540a3333c51fe109509d1892a094f19e7ed97ee9e9ac0bbbe7,e80dcd17c2945c774e10bbdd99ee8807d9c0889a7aa945dff67b835761d325e1,4aa53dfec9df9610da8d7bfc3d66440053ecefc2015c01103d66bb3378abc3c8,未知,b3a1fc5ec72ad95e258b584f936ad46befab951e0ee9e43eaa18179e34974387,无法判定,FILE_STAT_OBSERVED_IDENTITY_UNPROVEN,本批次只读；若声明、输入、Schema或授权漂移，既有结论自动失效并须追加新批次,未读取业务正文、价格、成交、订单簿、账户或凭据；身份字段不完整,为该成员提供当前版本九字段声明及逐字段Schema、授权和唯一证据定位后追加不可变批次,2d50c1344a835ceeb832796935182aeff80bb03cecc5465c8cf3aaccbd446acd,86129966e4bc55fac18f2d7602a2309d4403f85861102128a56a80a5a0ccc1ea,fa569944de6796b41c5cd13a514e7a86ce13c400eb68ddfe00091df9609dd141
source-identity-declaration-20260808T050813+0800-b2487b6c41a5,ZI-be0372cc2ca2127e6ad7faa5,DS-000201,候选数据文件,BTC,4小时;8小时;24小时;48小时,15分钟;1小时,未知,未知,未知,未知,未知,未知,未知,未知,未知,未登记,无,config/数据/来源身份声明补采.json#身份声明[],25925ef8f47870540a3333c51fe109509d1892a094f19e7ed97ee9e9ac0bbbe7,49981dce25f37ed42652b06b919f6933838ff3f5dde0c19b596d799b6865cebd,3891e003c78725e69f75c68b81d1f532b40cf91154ae84eb4f5284cf56ba3099,未知,b3a1fc5ec72ad95e258b584f936ad46befab951e0ee9e43eaa18179e34974387,无法判定,FILE_STAT_OBSERVED_IDENTITY_UNPROVEN,本批次只读；若声明、输入、Schema或授权漂移，既有结论自动失效并须追加新批次,未读取业务正文、价格、成交、订单簿、账户或凭据；身份字段不完整,为该成员提供当前版本九字段声明及逐字段Schema、授权和唯一证据定位后追加不可变批次,2d50c1344a835ceeb832796935182aeff80bb03cecc5465c8cf3aaccbd446acd,86129966e4bc55fac18f2d7602a2309d4403f85861102128a56a80a5a0ccc1ea,c242cd11722f6b64066df7a21efd53a36b16bcf66b035c1652c771c9d4ec893a
source-identity-declaration-20260808T050813+0800-b2487b6c41a5,ZI-78c8c25a0d917108a2b7f08a,DS-000202,候选数据文件,BTC,4小时;8小时;24小时;48小时,15分钟;1小时,未知,未知,未知,未知,未知,未知,未知,未知,未知,未登记,无,config/数据/来源身份声明补采.json#身份声明[],25925ef8f47870540a3333c51fe109509d1892a094f19e7ed97ee9e9ac0bbbe7,af6c149cc7e8aff483d571b31555d0d079734bd55eb11d9cf2e19fa32a765aca,a7e41a97d340e7df672e7bb9bfcd0e7d0a623cb69e7afd0812205373ddd5899d,未知,b3a1fc5ec72ad95e258b584f936ad46befab951e0ee9e43eaa18179e34974387,无法判定,FILE_STAT_OBSERVED_IDENTITY_UNPROVEN,本批次只读；若声明、输入、Schema或授权漂移，既有结论自动失效并须追加新批次,未读取业务正文、价格、成交、订单簿、账户或凭据；身份字段不完整,为该成员提供当前版本九字段声明及逐字段Schema、授权和唯一证据定位后追加不可变批次,2d50c1344a835ceeb832796935182aeff80bb03cecc5465c8cf3aaccbd446acd,86129966e4bc55fac18f2d7602a2309d4403f85861102128a56a80a5a0ccc1ea,4a6b78631ea0f6673264f9cdde4ca28256e70eb18fb57781ae7175bb6b8561f3
source-identity-declaration-20260808T050813+0800-b2487b6c41a5,ZI-29c6f02cefeb649da045cd55,DS-000203,候选数据文件,BTC,4小时;8小时;24小时;48小时,15分钟;1小时,未知,未知,未知,未知,未知,未知,未知,未知,未知,未登记,无,config/数据/来源身份声明补采.json#身份声明[],25925ef8f47870540a3333c51fe109509d1892a094f19e7ed97ee9e9ac0bbbe7,4dcd4726cf5e37a543aed51c650186f864a264324396a79ba6fc6702b04aca60,47c0fd0e195494b87d8be0540fbe1d2a7d7acc231f4b421c98d23d7b224c315d,未知,b3a1fc5ec72ad95e258b584f936ad46befab951e0ee9e43eaa18179e34974387,无法判定,FILE_STAT_OBSERVED_IDENTITY_UNPROVEN,本批次只读；若声明、输入、Schema或授权漂移，既有结论自动失效并须追加新批次,未读取业务正文、价格、成交、订单簿、账户或凭据；身份字段不完整,为该成员提供当前版本九字段声明及逐字段Schema、授权和唯一证据定位后追加不可变批次,2d50c1344a835ceeb832796935182aeff80bb03cecc5465c8cf3aaccbd446acd,86129966e4bc55fac18f2d7602a2309d4403f85861102128a56a80a5a0ccc1ea,ef17f0797b99cab526b559feccf4333e820d51a7efdca96e0fe0cb7185f8b944
source-identity-declaration-20260808T050813+0800-b2487b6c41a5,ZI-71520330f24bde8ccfb46d61,DS-000204,候选数据文件,BTC,4小时;8小时;24小时;48小时,15分钟;1小时,未知,未知,未知,未知,未知,未知,未知,未知,未知,未登记,无,config/数据/来源身份声明补采.json#身份声明[],25925ef8f47870540a3333c51fe109509d1892a094f19e7ed97ee9e9ac0bbbe7,60e872660b08823c99e2e04926f5c739275e934bce8e6799ed48f867fc114da3,d78f1937dcd6fe7103be51d4bff7c53a455ad468113fde974e5b718883ef45f3,未知,b3a1fc5ec72ad95e258b584f936ad46befab951e0ee9e43eaa18179e34974387,无法判定,FILE_STAT_OBSERVED_IDENTITY_UNPROVEN,本批次只读；若声明、输入、Schema或授权漂移，既有结论自动失效并须追加新批次,未读取业务正文、价格、成交、订单簿、账户或凭据；身份字段不完整,为该成员提供当前版本九字段声明及逐字段Schema、授权和唯一证据定位后追加不可变批次,2d50c1344a835ceeb832796935182aeff80bb03cecc5465c8cf3aaccbd446acd,86129966e4bc55fac18f2d7602a2309d4403f85861102128a56a80a5a0ccc1ea,031fd308ac8965777c25fd1a25d0b981aca0c878df9706db6f86070b6aedeb59
source-identity-declaration-20260808T050813+0800-b2487b6c41a5,ZI-d01d78d324c4bc33eb8369e0,DS-000205,候选数据文件,BTC,4小时;8小时;24小时;48小时,15分钟;1小时,未知,未知,未知,未知,未知,未知,未知,未知,未知,未登记,无,config/数据/来源身份声明补采.json#身份声明[],25925ef8f47870540a3333c51fe109509d1892a094f19e7ed97ee9e9ac0bbbe7,357e287ee3ae9a9b3f35b6b4e036478848a3cb3659bc68f18d20dfc26f7fd580,d22196b16c3edaa28138846ff39a68c88f5c0c40804d6f69d0f0652d9b0963d8,未知,b3a1fc5ec72ad95e258b584f936ad46befab951e0ee9e43eaa18179e34974387,无法判定,FILE_STAT_OBSERVED_IDENTITY_UNPROVEN,本批次只读；若声明、输入、Schema或授权漂移，既有结论自动失效并须追加新批次,未读取业务正文、价格、成交、订单簿、账户或凭据；身份字段不完整,为该成员提供当前版本九字段声明及逐字段Schema、授权和唯一证据定位后追加不可变批次,2d50c1344a835ceeb832796935182aeff80bb03cecc5465c8cf3aaccbd446acd,86129966e4bc55fac18f2d7602a2309d4403f85861102128a56a80a5a0ccc1ea,75ab3fd01f4dfd0a745d9a31b5869321c9bc26c85f62a749ccbe211a0268e994
source-identity-declaration-20260808T050813+0800-b2487b6c41a5,ZI-5e7172f6c1ca86bab358f51e,DS-000206,候选数据文件,BTC,4小时;8小时;24小时;48小时,15分钟;1小时,未知,未知,未知,未知,未知,未知,未知,未知,未知,未登记,无,config/数据/来源身份声明补采.json#身份声明[],25925ef8f47870540a3333c51fe109509d1892a094f19e7ed97ee9e9ac0bbbe7,4cd28c8e4c99a20a90332d2c80d3b371450fd362414938588e0d0de5ad3840d2,acfd9a96ff1bb4381dbfeccf8158f1936393dc5173ba8038529e3364f7c7a171,未知,b3a1fc5ec72ad95e258b584f936ad46befab951e0ee9e43eaa18179e34974387,无法判定,FILE_STAT_OBSERVED_IDENTITY_UNPROVEN,本批次只读；若声明、输入、Schema或授权漂移，既有结论自动失效并须追加新批次,未读取业务正文、价格、成交、订单簿、账户或凭据；身份字段不完整,为该成员提供当前版本九字段声明及逐字段Schema、授权和唯一证据定位后追加不可变批次,2d50c1344a835ceeb832796935182aeff80bb03cecc5465c8cf3aaccbd446acd,86129966e4bc55fac18f2d7602a2309d4403f85861102128a56a80a5a0ccc1ea,256eb20a9a822ac616cb30f81ab8f93c2f2617ec00e90f181778e000d021e74e
source-identity-declaration-20260808T050813+0800-b2487b6c41a5,ZI-2a1b37d562bd57047005c01a,DS-000207,候选数据文件,BTC,4小时;8小时;24小时;48小时,15分钟;1小时,未知,未知,未知,未知,未知,未知,未知,未知,未知,未登记,无,config/数据/来源身份声明补采.json#身份声明[],25925ef8f47870540a3333c51fe109509d1892a094f19e7ed97ee9e9ac0bbbe7,2862c9267898c9d6737d4fc1b5ced6613c04c9e243fb77d4d93db30b2e8f8ad8,81ed54bcab59ed60f0262b4a4365e8bbb4c5475811bcb229bedb2e58498d371d,未知,b3a1fc5ec72ad95e258b584f936ad46befab951e0ee9e43eaa18179e34974387,无法判定,FILE_STAT_OBSERVED_IDENTITY_UNPROVEN,本批次只读；若声明、输入、Schema或授权漂移，既有结论自动失效并须追加新批次,未读取业务正文、价格、成交、订单簿、账户或凭据；身份字段不完整,为该成员提供当前版本九字段声明及逐字段Schema、授权和唯一证据定位后追加不可变批次,2d50c1344a835ceeb832796935182aeff80bb03cecc5465c8cf3aaccbd446acd,86129966e4bc55fac18f2d7602a2309d4403f85861102128a56a80a5a0ccc1ea,534d7473e9ac2cb4278c796fb61fc0266e51390990f8d2e323e37b3681c250b9
source-identity-declaration-20260808T050813+0800-b2487b6c41a5,ZI-d7e573a8a3db8ebee466ccf6,DS-000208,候选数据文件,BTC,4小时;8小时;24小时;48小时,15分钟;1小时,未知,未知,未知,未知,未知,未知,未知,未知,未知,未登记,无,config/数据/来源身份声明补采.json#身份声明[],25925ef8f47870540a3333c51fe109509d1892a094f19e7ed97ee9e9ac0bbbe7,fe9e7608a4eb061f5652be539fe800c731c30c5e369f84a49850cf73b997ae50,9b84f87a1dedc394f11562511ac0593d3698ba920f79e13b925545e9b7477423,未知,b3a1fc5ec72ad95e258b584f936ad46befab951e0ee9e43eaa18179e34974387,无法判定,FILE_STAT_OBSERVED_IDENTITY_UNPROVEN,本批次只读；若声明、输入、Schema或授权漂移，既有结论自动失效并须追加新批次,未读取业务正文、价格、成交、订单簿、账户或凭据；身份字段不完整,为该成员提供当前版本九字段声明及逐字段Schema、授权和唯一证据定位后追加不可变批次,2d50c1344a835ceeb832796935182aeff80bb03cecc5465c8cf3aaccbd446acd,86129966e4bc55fac18f2d7602a2309d4403f85861102128a56a80a5a0ccc1ea,c9861c9870928e48dd5c58f5656c1cf36976c50f41b4060ee4355555c17f273a
source-identity-declaration-20260808T050813+0800-b2487b6c41a5,ZI-3e2be17d98778a0ad036cfad,DS-000209,候选数据文件,BTC,4小时;8小时;24小时;48小时,15分钟;1小时,未知,未知,未知,未知,未知,未知,未知,未知,未知,未登记,无,config/数据/来源身份声明补采.json#身份声明[],25925ef8f47870540a3333c51fe109509d1892a094f19e7ed97ee9e9ac0bbbe7,2d90d65ec9a02a4e23e09313281406cd378c2eaadb3a19a9f1c4ba89d57b523a,16a1140e39ad3c51a489be6106c8ba9593779ed971fa88b4d8aceb3f4623b45a,未知,b3a1fc5ec72ad95e258b584f936ad46befab951e0ee9e43eaa18179e34974387,无法判定,FILE_STAT_OBSERVED_IDENTITY_UNPROVEN,本批次只读；若声明、输入、Schema或授权漂移，既有结论自动失效并须追加新批次,未读取业务正文、价格、成交、订单簿、账户或凭据；身份字段不完整,为该成员提供当前版本九字段声明及逐字段Schema、授权和唯一证据定位后追加不可变批次,2d50c1344a835ceeb832796935182aeff80bb03cecc5465c8cf3aaccbd446acd,86129966e4bc55fac18f2d7602a2309d4403f85861102128a56a80a5a0ccc1ea,84ff569f753a5f7a3b3090ae562cffa59faf6be6197ea92445714756ff6248d7
source-identity-declaration-20260808T050813+0800-b2487b6c41a5,ZI-3286667a2cfe079a913c7c30,DS-000210,候选数据文件,BTC,4小时;8小时;24小时;48小时,15分钟;1小时,未知,未知,未知,未知,未知,未知,未知,未知,未知,未登记,无,config/数据/来源身份声明补采.json#身份声明[],25925ef8f47870540a3333c51fe109509d1892a094f19e7ed97ee9e9ac0bbbe7,1673f3d2d5e26882002c3ff908463abce1fdfb4a795443a152f6b85a43fb3f07,e4628d31187ff75bd98b22dd5047c3aea0e8e096324d40cda8f35094b30c9013,未知,b3a1fc5ec72ad95e258b584f936ad46befab951e0ee9e43eaa18179e34974387,无法判定,FILE_STAT_OBSERVED_IDENTITY_UNPROVEN,本批次只读；若声明、输入、Schema或授权漂移，既有结论自动失效并须追加新批次,未读取业务正文、价格、成交、订单簿、账户或凭据；身份字段不完整,为该成员提供当前版本九字段声明及逐字段Schema、授权和唯一证据定位后追加不可变批次,2d50c1344a835ceeb832796935182aeff80bb03cecc5465c8cf3aaccbd446acd,86129966e4bc55fac18f2d7602a2309d4403f85861102128a56a80a5a0ccc1ea,43d69d2d73729c6da91fd2573eee3440025746165ecd4cd662cc9300bf1df79a
source-identity-declaration-20260808T050813+0800-b2487b6c41a5,ZI-9a9b77f14347b2cb48fa88e7,DS-000211,候选数据文件,BTC,4小时;8小时;24小时;48小时,15分钟;1小时,未知,未知,未知,未知,未知,未知,未知,未知,未知,未登记,无,config/数据/来源身份声明补采.json#身份声明[],25925ef8f47870540a3333c51fe109509d1892a094f19e7ed97ee9e9ac0bbbe7,1f7e7cf555344a7206d8962dde3c7fb9c95f36713b307b7c1e758ad6556bd5a8,a1c268d08407573cface32bceab6379292b01d0579981f5df06ccede609d20a1,未知,b3a1fc5ec72ad95e258b584f936ad46befab951e0ee9e43eaa18179e34974387,无法判定,FILE_STAT_OBSERVED_IDENTITY_UNPROVEN,本批次只读；若声明、输入、Schema或授权漂移，既有结论自动失效并须追加新批次,未读取业务正文、价格、成交、订单簿、账户或凭据；身份字段不完整,为该成员提供当前版本九字段声明及逐字段Schema、授权和唯一证据定位后追加不可变批次,2d50c1344a835ceeb832796935182aeff80bb03cecc5465c8cf3aaccbd446acd,86129966e4bc55fac18f2d7602a2309d4403f85861102128a56a80a5a0ccc1ea,3fcd403c25b5d09c78f37e8d7d03f52beb73e38c08e1d0e0d163ce15a87f0697
source-identity-declaration-20260808T050813+0800-b2487b6c41a5,ZI-072c6e5f9b428b87bb907797,DS-000212,候选数据文件,BTC,4小时;8小时;24小时;48小时,15分钟;1小时,未知,未知,未知,未知,未知,未知,未知,未知,未知,未登记,无,config/数据/来源身份声明补采.json#身份声明[],25925ef8f47870540a3333c51fe109509d1892a094f19e7ed97ee9e9ac0bbbe7,d8c78a0148f6abdd19f4a621d6c52ca485dd38012b2c028f70904050efa3275d,37596e6844008a9aa7ff046e5fbdcb00e924cf146b6fe95fbb2822dda3b97dd0,未知,b3a1fc5ec72ad95e258b584f936ad46befab951e0ee9e43eaa18179e34974387,无法判定,FILE_STAT_OBSERVED_IDENTITY_UNPROVEN,本批次只读；若声明、输入、Schema或授权漂移，既有结论自动失效并须追加新批次,未读取业务正文、价格、成交、订单簿、账户或凭据；身份字段不完整,为该成员提供当前版本九字段声明及逐字段Schema、授权和唯一证据定位后追加不可变批次,2d50c1344a835ceeb832796935182aeff80bb03cecc5465c8cf3aaccbd446acd,86129966e4bc55fac18f2d7602a2309d4403f85861102128a56a80a5a0ccc1ea,84383974f7b1283157b3c0231b495ec6d80904076830c5491b2930eb0e8a2d8e
source-identity-declaration-20260808T050813+0800-b2487b6c41a5,ZI-c6103a96caf69285c99ebf1c,DS-000213,候选数据文件,BTC,4小时;8小时;24小时;48小时,15分钟;1小时,未知,未知,未知,未知,未知,未知,未知,未知,未知,未登记,无,config/数据/来源身份声明补采.json#身份声明[],25925ef8f47870540a3333c51fe109509d1892a094f19e7ed97ee9e9ac0bbbe7,49da7771a94025e16bceaf06d99d368bb69fc9f0b30773ef78fd195b2647f3cc,d89240428d281b5dfce7b304dbee0ea74ded4f6e36cfa826a995d02f960d1345,未知,b3a1fc5ec72ad95e258b584f936ad46befab951e0ee9e43eaa18179e34974387,无法判定,FILE_STAT_OBSERVED_IDENTITY_UNPROVEN,本批次只读；若声明、输入、Schema或授权漂移，既有结论自动失效并须追加新批次,未读取业务正文、价格、成交、订单簿、账户或凭据；身份字段不完整,为该成员提供当前版本九字段声明及逐字段Schema、授权和唯一证据定位后追加不可变批次,2d50c1344a835ceeb832796935182aeff80bb03cecc5465c8cf3aaccbd446acd,86129966e4bc55fac18f2d7602a2309d4403f85861102128a56a80a5a0ccc1ea,97abcc0f8a777e4721e0355b21634d74019975afc3d7ccbde6fc26b5151d9040
source-identity-declaration-20260808T050813+0800-b2487b6c41a5,ZI-8304253d2ed20332e30ebcca,DS-000214,候选数据文件,BTC,4小时;8小时;24小时;48小时,15分钟;1小时,未知,未知,未知,未知,未知,未知,未知,未知,未知,未登记,无,config/数据/来源身份声明补采.json#身份声明[],25925ef8f47870540a3333c51fe109509d1892a094f19e7ed97ee9e9ac0bbbe7,4b7ef458a831e58978149d25819f70ca44d5a7ab56c24620e2b5e199ddfa8457,138c8152fe7932c04516a7547f92731a5d1a3889fa6a5f2311da04ff6aa7b016,未知,b3a1fc5ec72ad95e258b584f936ad46befab951e0ee9e43eaa18179e34974387,无法判定,FILE_STAT_OBSERVED_IDENTITY_UNPROVEN,本批次只读；若声明、输入、Schema或授权漂移，既有结论自动失效并须追加新批次,未读取业务正文、价格、成交、订单簿、账户或凭据；身份字段不完整,为该成员提供当前版本九字段声明及逐字段Schema、授权和唯一证据定位后追加不可变批次,2d50c1344a835ceeb832796935182aeff80bb03cecc5465c8cf3aaccbd446acd,86129966e4bc55fac18f2d7602a2309d4403f85861102128a56a80a5a0ccc1ea,ed29f28b8423ee62d82da3d8e1445e2590c427009111fde6fc81456b74cc7870
source-identity-declaration-20260808T050813+0800-b2487b6c41a5,ZI-ec81510cd0a232ac9b5cc4f3,DS-000215,候选数据文件,BTC,4小时;8小时;24小时;48小时,15分钟;1小时,未知,未知,未知,未知,未知,未知,未知,未知,未知,未登记,无,config/数据/来源身份声明补采.json#身份声明[],25925ef8f47870540a3333c51fe109509d1892a094f19e7ed97ee9e9ac0bbbe7,c8e071231ebbdfc3fd675eb141e1efc29ba7a13e91e9254f9c3cc1ef9495c2c2,7230b1aa75860eaded6c148481fe00881d2ec25cc8ba7a9a50d7cbc899a4985a,未知,b3a1fc5ec72ad95e258b584f936ad46befab951e0ee9e43eaa18179e34974387,无法判定,FILE_STAT_OBSERVED_IDENTITY_UNPROVEN,本批次只读；若声明、输入、Schema或授权漂移，既有结论自动失效并须追加新批次,未读取业务正文、价格、成交、订单簿、账户或凭据；身份字段不完整,为该成员提供当前版本九字段声明及逐字段Schema、授权和唯一证据定位后追加不可变批次,2d50c1344a835ceeb832796935182aeff80bb03cecc5465c8cf3aaccbd446acd,86129966e4bc55fac18f2d7602a2309d4403f85861102128a56a80a5a0ccc1ea,8df2b62d33c66168d9d3743c467db0eb52dee5894ae10e03623d4edcd1b3b0a8
source-identity-declaration-20260808T050813+0800-b2487b6c41a5,ZI-7d904efd7dbc8083ae534633,DS-000216,候选数据文件,BTC,4小时;8小时;24小时;48小时,15分钟;1小时,未知,未知,未知,未知,未知,未知,未知,未知,未知,未登记,无,config/数据/来源身份声明补采.json#身份声明[],25925ef8f47870540a3333c51fe109509d1892a094f19e7ed97ee9e9ac0bbbe7,17cb50cc3c65f508fb921ef26b8f5306a43dab9610337cf613631b5df89e8e5d,6627553473a3965b483ccc0f8839a72133b53c3c91b720d46d5d7031c81fe67c,未知,b3a1fc5ec72ad95e258b584f936ad46befab951e0ee9e43eaa18179e34974387,无法判定,FILE_STAT_OBSERVED_IDENTITY_UNPROVEN,本批次只读；若声明、输入、Schema或授权漂移，既有结论自动失效并须追加新批次,未读取业务正文、价格、成交、订单簿、账户或凭据；身份字段不完整,为该成员提供当前版本九字段声明及逐字段Schema、授权和唯一证据定位后追加不可变批次,2d50c1344a835ceeb832796935182aeff80bb03cecc5465c8cf3aaccbd446acd,86129966e4bc55fac18f2d7602a2309d4403f85861102128a56a80a5a0ccc1ea,d30581c14532d0e7b2179c48fce47e36af76e900975c20add65059d7e16573e5
source-identity-declaration-20260808T050813+0800-b2487b6c41a5,ZI-74ee466762e9b1869eeab68c,DS-000217,候选数据文件,BTC,4小时;8小时;24小时;48小时,15分钟;1小时,未知,未知,未知,未知,未知,未知,未知,未知,未知,未登记,无,config/数据/来源身份声明补采.json#身份声明[],25925ef8f47870540a3333c51fe109509d1892a094f19e7ed97ee9e9ac0bbbe7,0bdc7a67f1bbd727ffffcd809c382cb521892eb214a2a1049dd5fd9704b3ce31,9e3df7fcde6a416c14ad2f3385cc8a95fb4a60267d036f9a4e620d68bff6d10f,未知,b3a1fc5ec72ad95e258b584f936ad46befab951e0ee9e43eaa18179e34974387,无法判定,FILE_STAT_OBSERVED_IDENTITY_UNPROVEN,本批次只读；若声明、输入、Schema或授权漂移，既有结论自动失效并须追加新批次,未读取业务正文、价格、成交、订单簿、账户或凭据；身份字段不完整,为该成员提供当前版本九字段声明及逐字段Schema、授权和唯一证据定位后追加不可变批次,2d50c1344a835ceeb832796935182aeff80bb03cecc5465c8cf3aaccbd446acd,86129966e4bc55fac18f2d7602a2309d4403f85861102128a56a80a5a0ccc1ea,dacec2b0f1c7ea21364d1776ccfd2c929260670838b6c09db93b05c3f7dd0e19
source-identity-declaration-20260808T050813+0800-b2487b6c41a5,ZI-29c36adb3ea8aab9775a3a1a,DS-000218,候选数据文件,BTC,4小时;8小时;24小时;48小时,15分钟;1小时,未知,未知,未知,未知,未知,未知,未知,未知,未知,未登记,无,config/数据/来源身份声明补采.json#身份声明[],25925ef8f47870540a3333c51fe109509d1892a094f19e7ed97ee9e9ac0bbbe7,23d79df12719a18f66ce20b5e7348fd6e2f6c701cfaa07957b0acc9b4b4b3c5d,e6157d59b9196789cd25c9701501043bb00ef014649356a10e16259596fb4709,未知,b3a1fc5ec72ad95e258b584f936ad46befab951e0ee9e43eaa18179e34974387,无法判定,FILE_STAT_OBSERVED_IDENTITY_UNPROVEN,本批次只读；若声明、输入、Schema或授权漂移，既有结论自动失效并须追加新批次,未读取业务正文、价格、成交、订单簿、账户或凭据；身份字段不完整,为该成员提供当前版本九字段声明及逐字段Schema、授权和唯一证据定位后追加不可变批次,2d50c1344a835ceeb832796935182aeff80bb03cecc5465c8cf3aaccbd446acd,86129966e4bc55fac18f2d7602a2309d4403f85861102128a56a80a5a0ccc1ea,203993dd627ef09f94f58ce350aff7ebb7505766d927b5f0ae2eaf924340e84c
source-identity-declaration-20260808T050813+0800-b2487b6c41a5,ZI-e2ba4b054e7cdaf4c747c964,DS-000219,候选数据文件,BTC,4小时;8小时;24小时;48小时,15分钟;1小时,未知,未知,未知,未知,未知,未知,未知,未知,未知,未登记,无,config/数据/来源身份声明补采.json#身份声明[],25925ef8f47870540a3333c51fe109509d1892a094f19e7ed97ee9e9ac0bbbe7,21165349456518961030378083fea5551ab855e98f18bb276a7180f52b3d1f7d,a8a1fedf04743df7d4306f8ab802cc9f585ad95bb3a1859b581b08e07f21b491,未知,b3a1fc5ec72ad95e258b584f936ad46befab951e0ee9e43eaa18179e34974387,无法判定,FILE_STAT_OBSERVED_IDENTITY_UNPROVEN,本批次只读；若声明、输入、Schema或授权漂移，既有结论自动失效并须追加新批次,未读取业务正文、价格、成交、订单簿、账户或凭据；身份字段不完整,为该成员提供当前版本九字段声明及逐字段Schema、授权和唯一证据定位后追加不可变批次,2d50c1344a835ceeb832796935182aeff80bb03cecc5465c8cf3aaccbd446acd,86129966e4bc55fac18f2d7602a2309d4403f85861102128a56a80a5a0ccc1ea,7d19416b69a0aab3c3737a5aeddc8bc2c3368e676caf1b46969607e077d6ee53
source-identity-declaration-20260808T050813+0800-b2487b6c41a5,ZI-16b6d5bd373c2fbb92c71411,DS-000220,候选数据文件,BTC,4小时;8小时;24小时;48小时,15分钟;1小时,未知,未知,未知,未知,未知,未知,未知,未知,未知,未登记,无,config/数据/来源身份声明补采.json#身份声明[],25925ef8f47870540a3333c51fe109509d1892a094f19e7ed97ee9e9ac0bbbe7,7de5a82ae4458f844affdcfc96bb58bd683630348ddf7b03231730efa11bf7dc,8dcbf3ed5b60fa730bdf830643d41a04e45e08e42af3c50b780c3bff6cf54e55,未知,b3a1fc5ec72ad95e258b584f936ad46befab951e0ee9e43eaa18179e34974387,无法判定,FILE_STAT_OBSERVED_IDENTITY_UNPROVEN,本批次只读；若声明、输入、Schema或授权漂移，既有结论自动失效并须追加新批次,未读取业务正文、价格、成交、订单簿、账户或凭据；身份字段不完整,为该成员提供当前版本九字段声明及逐字段Schema、授权和唯一证据定位后追加不可变批次,2d50c1344a835ceeb832796935182aeff80bb03cecc5465c8cf3aaccbd446acd,86129966e4bc55fac18f2d7602a2309d4403f85861102128a56a80a5a0ccc1ea,71e94a2b56928ff300f0cd599c0919900e6ab2b483ff828e944fe1f5459f3bd1
source-identity-declaration-20260808T050813+0800-b2487b6c41a5,ZI-e8b50f0e23b5a2aadfe713a0,DS-000221,候选数据文件,BTC,4小时;8小时;24小时;48小时,15分钟;1小时,未知,未知,未知,未知,未知,未知,未知,未知,未知,未登记,无,config/数据/来源身份声明补采.json#身份声明[],25925ef8f47870540a3333c51fe109509d1892a094f19e7ed97ee9e9ac0bbbe7,6980edd049f750c69d7e7ae20e5aa6cc1657e9d95673ca38293e252e1af793e9,72b527c4562ab1d34e9c9be2a4cfceffb42758e4fbf892ad7e8c0a54baab42de,未知,b3a1fc5ec72ad95e258b584f936ad46befab951e0ee9e43eaa18179e34974387,无法判定,FILE_STAT_OBSERVED_IDENTITY_UNPROVEN,本批次只读；若声明、输入、Schema或授权漂移，既有结论自动失效并须追加新批次,未读取业务正文、价格、成交、订单簿、账户或凭据；身份字段不完整,为该成员提供当前版本九字段声明及逐字段Schema、授权和唯一证据定位后追加不可变批次,2d50c1344a835ceeb832796935182aeff80bb03cecc5465c8cf3aaccbd446acd,86129966e4bc55fac18f2d7602a2309d4403f85861102128a56a80a5a0ccc1ea,da40bf5af9e177484b54d25db39af6a0111fd33c625fd61356e16bab271fe8a6
source-identity-declaration-20260808T050813+0800-b2487b6c41a5,ZI-34a2fe963d2ab9822f260ad3,DS-000222,候选数据文件,BTC,4小时;8小时;24小时;48小时,15分钟;1小时,未知,未知,未知,未知,未知,未知,未知,未知,未知,未登记,无,config/数据/来源身份声明补采.json#身份声明[],25925ef8f47870540a3333c51fe109509d1892a094f19e7ed97ee9e9ac0bbbe7,3e539388481b9fa19a3c40b0e3aa8d79677f6c36cfe63f2ca87828ac92b88df2,087e1e310fcd0e97232d7b0afd702de2d5cfe3ddab9d622e8ee6b7853cb46b62,未知,b3a1fc5ec72ad95e258b584f936ad46befab951e0ee9e43eaa18179e34974387,无法判定,FILE_STAT_OBSERVED_IDENTITY_UNPROVEN,本批次只读；若声明、输入、Schema或授权漂移，既有结论自动失效并须追加新批次,未读取业务正文、价格、成交、订单簿、账户或凭据；身份字段不完整,为该成员提供当前版本九字段声明及逐字段Schema、授权和唯一证据定位后追加不可变批次,2d50c1344a835ceeb832796935182aeff80bb03cecc5465c8cf3aaccbd446acd,86129966e4bc55fac18f2d7602a2309d4403f85861102128a56a80a5a0ccc1ea,cdf54078f599815ecd1e76b191506a39d7f2ebf84209f8d15ce9cf60e1014ae7
source-identity-declaration-20260808T050813+0800-b2487b6c41a5,ZI-19d32f1ee8316f8b358988a0,DS-000223,候选数据文件,BTC,4小时;8小时;24小时;48小时,15分钟;1小时,未知,未知,未知,未知,未知,未知,未知,未知,未知,未登记,无,config/数据/来源身份声明补采.json#身份声明[],25925ef8f47870540a3333c51fe109509d1892a094f19e7ed97ee9e9ac0bbbe7,e9c7915b1f0185fd3199344770ef2c5020c6bc27def3a3c1755994699e69cf58,a08373d4984da5498b6bd1555a2d393e541e809346565c9d8058fbd1cd369e5d,未知,b3a1fc5ec72ad95e258b584f936ad46befab951e0ee9e43eaa18179e34974387,无法判定,FILE_STAT_OBSERVED_IDENTITY_UNPROVEN,本批次只读；若声明、输入、Schema或授权漂移，既有结论自动失效并须追加新批次,未读取业务正文、价格、成交、订单簿、账户或凭据；身份字段不完整,为该成员提供当前版本九字段声明及逐字段Schema、授权和唯一证据定位后追加不可变批次,2d50c1344a835ceeb832796935182aeff80bb03cecc5465c8cf3aaccbd446acd,86129966e4bc55fac18f2d7602a2309d4403f85861102128a56a80a5a0ccc1ea,74973d64a825a081338bc0f8c1abc8764be1c4bcea90059fb155fc2e59f5910c
source-identity-declaration-20260808T050813+0800-b2487b6c41a5,ZI-0694ca8ffce7194a5edb1a0f,DS-000225,数据库元数据,BTC,4小时;8小时;24小时;48小时,15分钟;1小时,未知,未知,未知,未知,未知,未知,未知,未知,未知,未登记,无,config/数据/来源身份声明补采.json#身份声明[],25925ef8f47870540a3333c51fe109509d1892a094f19e7ed97ee9e9ac0bbbe7,31c46439848b2efd4dd25f0894f6ce7296e53e7d983b81530451c4d4879bc220,未知,未知,b3a1fc5ec72ad95e258b584f936ad46befab951e0ee9e43eaa18179e34974387,无法判定,DATABASE_METADATA_IDENTITY_UNPROVEN,本批次只读；若声明、输入、Schema或授权漂移，既有结论自动失效并须追加新批次,未读取业务正文、价格、成交、订单簿、账户或凭据；身份字段不完整,为该成员提供当前版本九字段声明及逐字段Schema、授权和唯一证据定位后追加不可变批次,2d50c1344a835ceeb832796935182aeff80bb03cecc5465c8cf3aaccbd446acd,86129966e4bc55fac18f2d7602a2309d4403f85861102128a56a80a5a0ccc1ea,e44ee95d890c0dbaddf25d036e9dd0cc2c54b2b1317869523f38a803cacd9704
source-identity-declaration-20260808T050813+0800-b2487b6c41a5,ZI-b14dc6c9a93cf52c6c414771,DS-000226,数据库元数据,BTC,4小时;8小时;24小时;48小时,15分钟;1小时,未知,未知,未知,未知,未知,未知,未知,未知,未知,未登记,无,config/数据/来源身份声明补采.json#身份声明[],25925ef8f47870540a3333c51fe109509d1892a094f19e7ed97ee9e9ac0bbbe7,6a81bb21010d297d98dd3ec7d464e7118f4b2d9fe881e05831f744f092a7bb21,未知,未知,b3a1fc5ec72ad95e258b584f936ad46befab951e0ee9e43eaa18179e34974387,无法判定,DATABASE_METADATA_IDENTITY_UNPROVEN,本批次只读；若声明、输入、Schema或授权漂移，既有结论自动失效并须追加新批次,未读取业务正文、价格、成交、订单簿、账户或凭据；身份字段不完整,为该成员提供当前版本九字段声明及逐字段Schema、授权和唯一证据定位后追加不可变批次,2d50c1344a835ceeb832796935182aeff80bb03cecc5465c8cf3aaccbd446acd,86129966e4bc55fac18f2d7602a2309d4403f85861102128a56a80a5a0ccc1ea,bc5c7e94916e5e256f87bd0f47ad34410e8833ef26f20831386bf775f039b2e1
source-identity-declaration-20260808T050813+0800-b2487b6c41a5,ZI-bb74646c795efd1568463fd5,DS-000227,数据库元数据,BTC,4小时;8小时;24小时;48小时,15分钟;1小时,未知,未知,未知,未知,未知,未知,未知,未知,未知,未登记,无,config/数据/来源身份声明补采.json#身份声明[],25925ef8f47870540a3333c51fe109509d1892a094f19e7ed97ee9e9ac0bbbe7,2ac0c84203efd9c2735cdb91f464d07bc39ee71c28da7cdc8cf4b0a2c0c359f7,未知,未知,b3a1fc5ec72ad95e258b584f936ad46befab951e0ee9e43eaa18179e34974387,无法判定,DATABASE_METADATA_IDENTITY_UNPROVEN,本批次只读；若声明、输入、Schema或授权漂移，既有结论自动失效并须追加新批次,未读取业务正文、价格、成交、订单簿、账户或凭据；身份字段不完整,为该成员提供当前版本九字段声明及逐字段Schema、授权和唯一证据定位后追加不可变批次,2d50c1344a835ceeb832796935182aeff80bb03cecc5465c8cf3aaccbd446acd,86129966e4bc55fac18f2d7602a2309d4403f85861102128a56a80a5a0ccc1ea,e7cb18f0751b4a8714783ec2f4651e62faffe444c6b3597f48ef0e44e82830e6
source-identity-declaration-20260808T050813+0800-b2487b6c41a5,ZI-e5230a52ad3a08cbc1de9499,DS-000228,数据库元数据,BTC,4小时;8小时;24小时;48小时,15分钟;1小时,未知,未知,未知,未知,未知,未知,未知,未知,未知,未登记,无,config/数据/来源身份声明补采.json#身份声明[],25925ef8f47870540a3333c51fe109509d1892a094f19e7ed97ee9e9ac0bbbe7,ded39db7f820476590ee31689b0e683dd170115a1af80b15191867fc8cfc2848,未知,未知,b3a1fc5ec72ad95e258b584f936ad46befab951e0ee9e43eaa18179e34974387,无法判定,DATABASE_METADATA_IDENTITY_UNPROVEN,本批次只读；若声明、输入、Schema或授权漂移，既有结论自动失效并须追加新批次,未读取业务正文、价格、成交、订单簿、账户或凭据；身份字段不完整,为该成员提供当前版本九字段声明及逐字段Schema、授权和唯一证据定位后追加不可变批次,2d50c1344a835ceeb832796935182aeff80bb03cecc5465c8cf3aaccbd446acd,86129966e4bc55fac18f2d7602a2309d4403f85861102128a56a80a5a0ccc1ea,f5497ef130a046b2548ed3faf6bb7bc4ffe29d1c4d283b621828c998d1148fea
source-identity-declaration-20260808T050813+0800-b2487b6c41a5,ZI-3fd360a6acc4e7dc0e4d25aa,DS-000229,数据库元数据,BTC,4小时;8小时;24小时;48小时,15分钟;1小时,未知,未知,未知,未知,未知,未知,未知,未知,未知,未登记,无,config/数据/来源身份声明补采.json#身份声明[],25925ef8f47870540a3333c51fe109509d1892a094f19e7ed97ee9e9ac0bbbe7,f92abe1336fcf2463981b9bf09595da91c6642688d884b9321950c809461e668,未知,未知,b3a1fc5ec72ad95e258b584f936ad46befab951e0ee9e43eaa18179e34974387,无法判定,DATABASE_METADATA_IDENTITY_UNPROVEN,本批次只读；若声明、输入、Schema或授权漂移，既有结论自动失效并须追加新批次,未读取业务正文、价格、成交、订单簿、账户或凭据；身份字段不完整,为该成员提供当前版本九字段声明及逐字段Schema、授权和唯一证据定位后追加不可变批次,2d50c1344a835ceeb832796935182aeff80bb03cecc5465c8cf3aaccbd446acd,86129966e4bc55fac18f2d7602a2309d4403f85861102128a56a80a5a0ccc1ea,64aea9831e681e818a2d1c3e2a89ea0275cf38a26174def84318bef19f4923d8
source-identity-declaration-20260808T050813+0800-b2487b6c41a5,ZI-84932a2cb8d1dbb102b157bc,DS-000230,数据库元数据,BTC,4小时;8小时;24小时;48小时,15分钟;1小时,未知,未知,未知,未知,未知,未知,未知,未知,未知,未登记,无,config/数据/来源身份声明补采.json#身份声明[],25925ef8f47870540a3333c51fe109509d1892a094f19e7ed97ee9e9ac0bbbe7,696fc7c4311abe694bffc605e03c287a75b809028054b2796902f493ea776b60,未知,未知,b3a1fc5ec72ad95e258b584f936ad46befab951e0ee9e43eaa18179e34974387,无法判定,DATABASE_METADATA_IDENTITY_UNPROVEN,本批次只读；若声明、输入、Schema或授权漂移，既有结论自动失效并须追加新批次,未读取业务正文、价格、成交、订单簿、账户或凭据；身份字段不完整,为该成员提供当前版本九字段声明及逐字段Schema、授权和唯一证据定位后追加不可变批次,2d50c1344a835ceeb832796935182aeff80bb03cecc5465c8cf3aaccbd446acd,86129966e4bc55fac18f2d7602a2309d4403f85861102128a56a80a5a0ccc1ea,60f79f5d5b99389be747171829bb21953a9f0466fe9c16e9a5b3b0b2a779a00c
source-identity-declaration-20260808T050813+0800-b2487b6c41a5,ZI-931fd13d49e7871a65721be5,DS-000231,数据库元数据,BTC,4小时;8小时;24小时;48小时,15分钟;1小时,未知,未知,未知,未知,未知,未知,未知,未知,未知,未登记,无,config/数据/来源身份声明补采.json#身份声明[],25925ef8f47870540a3333c51fe109509d1892a094f19e7ed97ee9e9ac0bbbe7,1ddffa1f0f31556fe0d2dc68a47c93c046bfcfab4dcad6b6413e954c85a567ce,未知,未知,b3a1fc5ec72ad95e258b584f936ad46befab951e0ee9e43eaa18179e34974387,无法判定,DATABASE_METADATA_IDENTITY_UNPROVEN,本批次只读；若声明、输入、Schema或授权漂移，既有结论自动失效并须追加新批次,未读取业务正文、价格、成交、订单簿、账户或凭据；身份字段不完整,为该成员提供当前版本九字段声明及逐字段Schema、授权和唯一证据定位后追加不可变批次,2d50c1344a835ceeb832796935182aeff80bb03cecc5465c8cf3aaccbd446acd,86129966e4bc55fac18f2d7602a2309d4403f85861102128a56a80a5a0ccc1ea,1b488b2ab34c0808f066ab31aabb2aefa060a1b24bafc3048dea8b4b0031638b
source-identity-declaration-20260808T050813+0800-b2487b6c41a5,ZI-0db81498191dada0dd3edbeb,DS-000232,数据库元数据,BTC,4小时;8小时;24小时;48小时,15分钟;1小时,未知,未知,未知,未知,未知,未知,未知,未知,未知,未登记,无,config/数据/来源身份声明补采.json#身份声明[],25925ef8f47870540a3333c51fe109509d1892a094f19e7ed97ee9e9ac0bbbe7,d5e98969dd30d95cf796e35f21a830b2e8ab6decb9c18e07dba58527efbd0f89,未知,未知,b3a1fc5ec72ad95e258b584f936ad46befab951e0ee9e43eaa18179e34974387,无法判定,DATABASE_METADATA_IDENTITY_UNPROVEN,本批次只读；若声明、输入、Schema或授权漂移，既有结论自动失效并须追加新批次,未读取业务正文、价格、成交、订单簿、账户或凭据；身份字段不完整,为该成员提供当前版本九字段声明及逐字段Schema、授权和唯一证据定位后追加不可变批次,2d50c1344a835ceeb832796935182aeff80bb03cecc5465c8cf3aaccbd446acd,86129966e4bc55fac18f2d7602a2309d4403f85861102128a56a80a5a0ccc1ea,3bcaa0cab0d59769c0070deca20afa440a7ee7b6d861ff7b51f1e889e73ad381
source-identity-declaration-20260808T050813+0800-b2487b6c41a5,ZI-40e1501e3846b2cfea5a7abc,DS-000233,数据库元数据,BTC,4小时;8小时;24小时;48小时,15分钟;1小时,未知,未知,未知,未知,未知,未知,未知,未知,未知,未登记,无,config/数据/来源身份声明补采.json#身份声明[],25925ef8f47870540a3333c51fe109509d1892a094f19e7ed97ee9e9ac0bbbe7,72e7313ef8e524b350b1ace10c8d6b8626b5188e0d1dd969dfa6e1b8fcbd5739,未知,未知,b3a1fc5ec72ad95e258b584f936ad46befab951e0ee9e43eaa18179e34974387,无法判定,DATABASE_METADATA_IDENTITY_UNPROVEN,本批次只读；若声明、输入、Schema或授权漂移，既有结论自动失效并须追加新批次,未读取业务正文、价格、成交、订单簿、账户或凭据；身份字段不完整,为该成员提供当前版本九字段声明及逐字段Schema、授权和唯一证据定位后追加不可变批次,2d50c1344a835ceeb832796935182aeff80bb03cecc5465c8cf3aaccbd446acd,86129966e4bc55fac18f2d7602a2309d4403f85861102128a56a80a5a0ccc1ea,a7dec329cd261ceebfc2c1fb89f98cfeb40b8d0a3811acf5c546ea55b64fd5fa
source-identity-declaration-20260808T050813+0800-b2487b6c41a5,ZI-180e97d2bf1963cdbc241452,DS-000234,数据库元数据,BTC,4小时;8小时;24小时;48小时,15分钟;1小时,未知,未知,未知,未知,未知,未知,未知,未知,未知,未登记,无,config/数据/来源身份声明补采.json#身份声明[],25925ef8f47870540a3333c51fe109509d1892a094f19e7ed97ee9e9ac0bbbe7,32b66f7841fcfd1a8692bb0602413683c771ac914082faa7548d5a3cd7b46044,未知,未知,b3a1fc5ec72ad95e258b584f936ad46befab951e0ee9e43eaa18179e34974387,无法判定,DATABASE_METADATA_IDENTITY_UNPROVEN,本批次只读；若声明、输入、Schema或授权漂移，既有结论自动失效并须追加新批次,未读取业务正文、价格、成交、订单簿、账户或凭据；身份字段不完整,为该成员提供当前版本九字段声明及逐字段Schema、授权和唯一证据定位后追加不可变批次,2d50c1344a835ceeb832796935182aeff80bb03cecc5465c8cf3aaccbd446acd,86129966e4bc55fac18f2d7602a2309d4403f85861102128a56a80a5a0ccc1ea,8ccd30831d94a6aabb62e4fc31dad383f908e3f24b3e52bbf3592eb468334496
source-identity-declaration-20260808T050813+0800-b2487b6c41a5,ZI-82ca837cfd12f3b03f7ca932,DS-000235,数据库元数据,BTC,4小时;8小时;24小时;48小时,15分钟;1小时,未知,未知,未知,未知,未知,未知,未知,未知,未知,未登记,无,config/数据/来源身份声明补采.json#身份声明[],25925ef8f47870540a3333c51fe109509d1892a094f19e7ed97ee9e9ac0bbbe7,f1c5147a2e34f6ba05d99991d7e96b60372cf8f3587d7274a6e8f0c390e7197f,未知,未知,b3a1fc5ec72ad95e258b584f936ad46befab951e0ee9e43eaa18179e34974387,无法判定,DATABASE_METADATA_IDENTITY_UNPROVEN,本批次只读；若声明、输入、Schema或授权漂移，既有结论自动失效并须追加新批次,未读取业务正文、价格、成交、订单簿、账户或凭据；身份字段不完整,为该成员提供当前版本九字段声明及逐字段Schema、授权和唯一证据定位后追加不可变批次,2d50c1344a835ceeb832796935182aeff80bb03cecc5465c8cf3aaccbd446acd,86129966e4bc55fac18f2d7602a2309d4403f85861102128a56a80a5a0ccc1ea,33a356bb065692c399fe8762bfd81f231ec3d18836b59c36fb98ac82150973b8
source-identity-declaration-20260808T050813+0800-b2487b6c41a5,ZI-f8f3b3ccb51bd499cc0a7a90,DS-000236,数据库元数据,BTC,4小时;8小时;24小时;48小时,15分钟;1小时,未知,未知,未知,未知,未知,未知,未知,未知,未知,未登记,无,config/数据/来源身份声明补采.json#身份声明[],25925ef8f47870540a3333c51fe109509d1892a094f19e7ed97ee9e9ac0bbbe7,98b039adcd5656df11f65ee44b7131ebc40f5750a04b7327545e42606758bd44,未知,未知,b3a1fc5ec72ad95e258b584f936ad46befab951e0ee9e43eaa18179e34974387,无法判定,DATABASE_METADATA_IDENTITY_UNPROVEN,本批次只读；若声明、输入、Schema或授权漂移，既有结论自动失效并须追加新批次,未读取业务正文、价格、成交、订单簿、账户或凭据；身份字段不完整,为该成员提供当前版本九字段声明及逐字段Schema、授权和唯一证据定位后追加不可变批次,2d50c1344a835ceeb832796935182aeff80bb03cecc5465c8cf3aaccbd446acd,86129966e4bc55fac18f2d7602a2309d4403f85861102128a56a80a5a0ccc1ea,27c9bf9ed6aa41e9618e767253c25dc38d2e78f0d8f5dfaa4d18f2a966e62551
source-identity-declaration-20260808T050813+0800-b2487b6c41a5,ZI-909e04049eca4a3356195dcc,DS-000237,数据库元数据,BTC,4小时;8小时;24小时;48小时,15分钟;1小时,未知,未知,未知,未知,未知,未知,未知,未知,未知,未登记,无,config/数据/来源身份声明补采.json#身份声明[],25925ef8f47870540a3333c51fe109509d1892a094f19e7ed97ee9e9ac0bbbe7,3726607d3f48f439672a2470687cbdc27e1513ae4716fbfd7ecfe895db4d10f7,未知,未知,b3a1fc5ec72ad95e258b584f936ad46befab951e0ee9e43eaa18179e34974387,无法判定,DATABASE_METADATA_IDENTITY_UNPROVEN,本批次只读；若声明、输入、Schema或授权漂移，既有结论自动失效并须追加新批次,未读取业务正文、价格、成交、订单簿、账户或凭据；身份字段不完整,为该成员提供当前版本九字段声明及逐字段Schema、授权和唯一证据定位后追加不可变批次,2d50c1344a835ceeb832796935182aeff80bb03cecc5465c8cf3aaccbd446acd,86129966e4bc55fac18f2d7602a2309d4403f85861102128a56a80a5a0ccc1ea,7409b379b059a8fcea2d2f48bef640b9e887f1edcf8d35619801864fd1cf7a59
source-identity-declaration-20260808T050813+0800-b2487b6c41a5,ZI-c4350e8eb898e37acd11c607,DS-000238,数据库元数据,BTC,4小时;8小时;24小时;48小时,15分钟;1小时,未知,未知,未知,未知,未知,未知,未知,未知,未知,未登记,无,config/数据/来源身份声明补采.json#身份声明[],25925ef8f47870540a3333c51fe109509d1892a094f19e7ed97ee9e9ac0bbbe7,270b961e9a166bcdca4fcdee14c4cd7f0f1ad86a75cdc3960672ad622cba43ea,未知,未知,b3a1fc5ec72ad95e258b584f936ad46befab951e0ee9e43eaa18179e34974387,无法判定,DATABASE_METADATA_IDENTITY_UNPROVEN,本批次只读；若声明、输入、Schema或授权漂移，既有结论自动失效并须追加新批次,未读取业务正文、价格、成交、订单簿、账户或凭据；身份字段不完整,为该成员提供当前版本九字段声明及逐字段Schema、授权和唯一证据定位后追加不可变批次,2d50c1344a835ceeb832796935182aeff80bb03cecc5465c8cf3aaccbd446acd,86129966e4bc55fac18f2d7602a2309d4403f85861102128a56a80a5a0ccc1ea,713b8b1ca5cb86f7c8f19f34c04d5d9a6b18614358f05727c2d8bd26ee98634b
source-identity-declaration-20260808T050813+0800-b2487b6c41a5,ZI-70ff9820b675a6fb1dadcb63,DS-000239,数据库元数据,BTC,4小时;8小时;24小时;48小时,15分钟;1小时,未知,未知,未知,未知,未知,未知,未知,未知,未知,未登记,无,config/数据/来源身份声明补采.json#身份声明[],25925ef8f47870540a3333c51fe109509d1892a094f19e7ed97ee9e9ac0bbbe7,117aa34fd7e4061134b2f25dd7f0a2b0d1efa63bd4819c4778a897f004e66d14,未知,未知,b3a1fc5ec72ad95e258b584f936ad46befab951e0ee9e43eaa18179e34974387,无法判定,DATABASE_METADATA_IDENTITY_UNPROVEN,本批次只读；若声明、输入、Schema或授权漂移，既有结论自动失效并须追加新批次,未读取业务正文、价格、成交、订单簿、账户或凭据；身份字段不完整,为该成员提供当前版本九字段声明及逐字段Schema、授权和唯一证据定位后追加不可变批次,2d50c1344a835ceeb832796935182aeff80bb03cecc5465c8cf3aaccbd446acd,86129966e4bc55fac18f2d7602a2309d4403f85861102128a56a80a5a0ccc1ea,830fe9787ed37bdffc700e84af7823ab355d3c5adddbebbe86c95eaa63ed63fb
source-identity-declaration-20260808T050813+0800-b2487b6c41a5,ZI-a3518b5c91cfcb0ddebabc49,DS-000240,数据库元数据,BTC,4小时;8小时;24小时;48小时,15分钟;1小时,未知,未知,未知,未知,未知,未知,未知,未知,未知,未登记,无,config/数据/来源身份声明补采.json#身份声明[],25925ef8f47870540a3333c51fe109509d1892a094f19e7ed97ee9e9ac0bbbe7,a9f656490ddb8a2c0687c98bf185161c1ff4e8545620daade42c31f3b709cd45,未知,未知,b3a1fc5ec72ad95e258b584f936ad46befab951e0ee9e43eaa18179e34974387,无法判定,DATABASE_METADATA_IDENTITY_UNPROVEN,本批次只读；若声明、输入、Schema或授权漂移，既有结论自动失效并须追加新批次,未读取业务正文、价格、成交、订单簿、账户或凭据；身份字段不完整,为该成员提供当前版本九字段声明及逐字段Schema、授权和唯一证据定位后追加不可变批次,2d50c1344a835ceeb832796935182aeff80bb03cecc5465c8cf3aaccbd446acd,86129966e4bc55fac18f2d7602a2309d4403f85861102128a56a80a5a0ccc1ea,0e179e88952107fc0bb043ba744dd4e038e229f9ff923b606010b1884340d720
source-identity-declaration-20260808T050813+0800-b2487b6c41a5,ZI-2d19f035d654c628059e34b8,DS-000241,数据库元数据,BTC,4小时;8小时;24小时;48小时,15分钟;1小时,未知,未知,未知,未知,未知,未知,未知,未知,未知,未登记,无,config/数据/来源身份声明补采.json#身份声明[],25925ef8f47870540a3333c51fe109509d1892a094f19e7ed97ee9e9ac0bbbe7,a3b0dc868567565fbc694d34c2bfbe290d8bce78d7aa8020914d094b03202ca2,未知,未知,b3a1fc5ec72ad95e258b584f936ad46befab951e0ee9e43eaa18179e34974387,无法判定,DATABASE_METADATA_IDENTITY_UNPROVEN,本批次只读；若声明、输入、Schema或授权漂移，既有结论自动失效并须追加新批次,未读取业务正文、价格、成交、订单簿、账户或凭据；身份字段不完整,为该成员提供当前版本九字段声明及逐字段Schema、授权和唯一证据定位后追加不可变批次,2d50c1344a835ceeb832796935182aeff80bb03cecc5465c8cf3aaccbd446acd,86129966e4bc55fac18f2d7602a2309d4403f85861102128a56a80a5a0ccc1ea,bf28ddcbcdd9ff103eab3c5c98939ce21aa09e02aede1707bc6a3881f3e999d3
source-identity-declaration-20260808T050813+0800-b2487b6c41a5,ZI-2aacde99b3989717dca21e4a,DS-000242,数据库元数据,BTC,4小时;8小时;24小时;48小时,15分钟;1小时,未知,未知,未知,未知,未知,未知,未知,未知,未知,未登记,无,config/数据/来源身份声明补采.json#身份声明[],25925ef8f47870540a3333c51fe109509d1892a094f19e7ed97ee9e9ac0bbbe7,f06d1d1e6c27a45590fca5ee63f74b8db5c230132951c25768af2fdb002dade8,未知,未知,b3a1fc5ec72ad95e258b584f936ad46befab951e0ee9e43eaa18179e34974387,无法判定,DATABASE_METADATA_IDENTITY_UNPROVEN,本批次只读；若声明、输入、Schema或授权漂移，既有结论自动失效并须追加新批次,未读取业务正文、价格、成交、订单簿、账户或凭据；身份字段不完整,为该成员提供当前版本九字段声明及逐字段Schema、授权和唯一证据定位后追加不可变批次,2d50c1344a835ceeb832796935182aeff80bb03cecc5465c8cf3aaccbd446acd,86129966e4bc55fac18f2d7602a2309d4403f85861102128a56a80a5a0ccc1ea,359771bb475036516673fd0718051b390da318136336fe0b1564c4c56f2c10df
source-identity-declaration-20260808T050813+0800-b2487b6c41a5,ZI-ec7ec383b739a0789e262abf,DS-000243,数据库元数据,BTC,4小时;8小时;24小时;48小时,15分钟;1小时,未知,未知,未知,未知,未知,未知,未知,未知,未知,未登记,无,config/数据/来源身份声明补采.json#身份声明[],25925ef8f47870540a3333c51fe109509d1892a094f19e7ed97ee9e9ac0bbbe7,8f2d433fc50cdb27ebcc8696c2f8aae7aee08cdc738e7e73e2445894e0b6429e,未知,未知,b3a1fc5ec72ad95e258b584f936ad46befab951e0ee9e43eaa18179e34974387,无法判定,DATABASE_METADATA_IDENTITY_UNPROVEN,本批次只读；若声明、输入、Schema或授权漂移，既有结论自动失效并须追加新批次,未读取业务正文、价格、成交、订单簿、账户或凭据；身份字段不完整,为该成员提供当前版本九字段声明及逐字段Schema、授权和唯一证据定位后追加不可变批次,2d50c1344a835ceeb832796935182aeff80bb03cecc5465c8cf3aaccbd446acd,86129966e4bc55fac18f2d7602a2309d4403f85861102128a56a80a5a0ccc1ea,59a50f3af923caf881f461b75f51dd233fb3352d6810dfc96c0e5b1d517602ec
source-identity-declaration-20260808T050813+0800-b2487b6c41a5,ZI-a141d598481257020e4c6917,DS-000244,数据库元数据,BTC,4小时;8小时;24小时;48小时,15分钟;1小时,未知,未知,未知,未知,未知,未知,未知,未知,未知,未登记,无,config/数据/来源身份声明补采.json#身份声明[],25925ef8f47870540a3333c51fe109509d1892a094f19e7ed97ee9e9ac0bbbe7,d9ccf842fc989b8040673df44f01abefc569defc18f83e6d9c5d50fe594be145,未知,未知,b3a1fc5ec72ad95e258b584f936ad46befab951e0ee9e43eaa18179e34974387,无法判定,DATABASE_METADATA_IDENTITY_UNPROVEN,本批次只读；若声明、输入、Schema或授权漂移，既有结论自动失效并须追加新批次,未读取业务正文、价格、成交、订单簿、账户或凭据；身份字段不完整,为该成员提供当前版本九字段声明及逐字段Schema、授权和唯一证据定位后追加不可变批次,2d50c1344a835ceeb832796935182aeff80bb03cecc5465c8cf3aaccbd446acd,86129966e4bc55fac18f2d7602a2309d4403f85861102128a56a80a5a0ccc1ea,a372972c60952dd2b845330805de6d9847688ae7ffeae9ff169744785f7fe574
source-identity-declaration-20260808T050813+0800-b2487b6c41a5,ZI-0a136a28fb73960969c8e5ab,DS-000245,数据库元数据,BTC,4小时;8小时;24小时;48小时,15分钟;1小时,未知,未知,未知,未知,未知,未知,未知,未知,未知,未登记,无,config/数据/来源身份声明补采.json#身份声明[],25925ef8f47870540a3333c51fe109509d1892a094f19e7ed97ee9e9ac0bbbe7,4a802128b530c664d2cce4467dc90608e80c54df2148a9807f2f73c198908494,未知,未知,b3a1fc5ec72ad95e258b584f936ad46befab951e0ee9e43eaa18179e34974387,无法判定,DATABASE_METADATA_IDENTITY_UNPROVEN,本批次只读；若声明、输入、Schema或授权漂移，既有结论自动失效并须追加新批次,未读取业务正文、价格、成交、订单簿、账户或凭据；身份字段不完整,为该成员提供当前版本九字段声明及逐字段Schema、授权和唯一证据定位后追加不可变批次,2d50c1344a835ceeb832796935182aeff80bb03cecc5465c8cf3aaccbd446acd,86129966e4bc55fac18f2d7602a2309d4403f85861102128a56a80a5a0ccc1ea,fe2ce26b88a11bb792877b53130bb46c1525e699d3dea4030e3617bce16fe77f
source-identity-declaration-20260808T050813+0800-b2487b6c41a5,ZI-58ac48c83dce3eff098110c3,DS-000246,数据库元数据,BTC,4小时;8小时;24小时;48小时,15分钟;1小时,未知,未知,未知,未知,未知,未知,未知,未知,未知,未登记,无,config/数据/来源身份声明补采.json#身份声明[],25925ef8f47870540a3333c51fe109509d1892a094f19e7ed97ee9e9ac0bbbe7,7d64dde1f25c3737f64198c66faf0e6ab439a60473cdaa8f3b366cc1220a7b34,未知,未知,b3a1fc5ec72ad95e258b584f936ad46befab951e0ee9e43eaa18179e34974387,无法判定,DATABASE_METADATA_IDENTITY_UNPROVEN,本批次只读；若声明、输入、Schema或授权漂移，既有结论自动失效并须追加新批次,未读取业务正文、价格、成交、订单簿、账户或凭据；身份字段不完整,为该成员提供当前版本九字段声明及逐字段Schema、授权和唯一证据定位后追加不可变批次,2d50c1344a835ceeb832796935182aeff80bb03cecc5465c8cf3aaccbd446acd,86129966e4bc55fac18f2d7602a2309d4403f85861102128a56a80a5a0ccc1ea,c90bc14a24383c7d1028bab82c1e02e31dd121d2049d2aae9ded4776b96dfd4f
source-identity-declaration-20260808T050813+0800-b2487b6c41a5,ZI-6e29ccb46c945b51b7439ea2,DS-000247,数据库元数据,BTC,4小时;8小时;24小时;48小时,15分钟;1小时,未知,未知,未知,未知,未知,未知,未知,未知,未知,未登记,无,config/数据/来源身份声明补采.json#身份声明[],25925ef8f47870540a3333c51fe109509d1892a094f19e7ed97ee9e9ac0bbbe7,87e80f8fb7aa338d10f9ea15efd48b34ebc42084728e9ba9869fa6a7eb4ca114,未知,未知,b3a1fc5ec72ad95e258b584f936ad46befab951e0ee9e43eaa18179e34974387,无法判定,DATABASE_METADATA_IDENTITY_UNPROVEN,本批次只读；若声明、输入、Schema或授权漂移，既有结论自动失效并须追加新批次,未读取业务正文、价格、成交、订单簿、账户或凭据；身份字段不完整,为该成员提供当前版本九字段声明及逐字段Schema、授权和唯一证据定位后追加不可变批次,2d50c1344a835ceeb832796935182aeff80bb03cecc5465c8cf3aaccbd446acd,86129966e4bc55fac18f2d7602a2309d4403f85861102128a56a80a5a0ccc1ea,2c560a99fa68e17d7684afb223f99c1000e78b28cb573f5da2670aa10145c97b
source-identity-declaration-20260808T050813+0800-b2487b6c41a5,ZI-380bca61b30402d70b587e35,DS-000248,数据库元数据,BTC,4小时;8小时;24小时;48小时,15分钟;1小时,未知,未知,未知,未知,未知,未知,未知,未知,未知,未登记,无,config/数据/来源身份声明补采.json#身份声明[],25925ef8f47870540a3333c51fe109509d1892a094f19e7ed97ee9e9ac0bbbe7,65611c0f1bf5e4f18dfc700ed64ff077d3d9c24f54cb2862a98fe7bafda25358,未知,未知,b3a1fc5ec72ad95e258b584f936ad46befab951e0ee9e43eaa18179e34974387,无法判定,DATABASE_METADATA_IDENTITY_UNPROVEN,本批次只读；若声明、输入、Schema或授权漂移，既有结论自动失效并须追加新批次,未读取业务正文、价格、成交、订单簿、账户或凭据；身份字段不完整,为该成员提供当前版本九字段声明及逐字段Schema、授权和唯一证据定位后追加不可变批次,2d50c1344a835ceeb832796935182aeff80bb03cecc5465c8cf3aaccbd446acd,86129966e4bc55fac18f2d7602a2309d4403f85861102128a56a80a5a0ccc1ea,351b2dfbcf34026069146a7931ee059885db4a255ecaa199a62573af3b20f0db
source-identity-declaration-20260808T050813+0800-b2487b6c41a5,ZI-22c7bc4bbe06ea5b6678e8ed,DS-000249,数据库元数据,BTC,4小时;8小时;24小时;48小时,15分钟;1小时,未知,未知,未知,未知,未知,未知,未知,未知,未知,未登记,无,config/数据/来源身份声明补采.json#身份声明[],25925ef8f47870540a3333c51fe109509d1892a094f19e7ed97ee9e9ac0bbbe7,aca809161e20675328dc217edad64dd8dba9342aab44d915bd0e824c22863f5e,未知,未知,b3a1fc5ec72ad95e258b584f936ad46befab951e0ee9e43eaa18179e34974387,无法判定,DATABASE_METADATA_IDENTITY_UNPROVEN,本批次只读；若声明、输入、Schema或授权漂移，既有结论自动失效并须追加新批次,未读取业务正文、价格、成交、订单簿、账户或凭据；身份字段不完整,为该成员提供当前版本九字段声明及逐字段Schema、授权和唯一证据定位后追加不可变批次,2d50c1344a835ceeb832796935182aeff80bb03cecc5465c8cf3aaccbd446acd,86129966e4bc55fac18f2d7602a2309d4403f85861102128a56a80a5a0ccc1ea,cbdcedb4bde327b8c7aa5d2262211b0b884600157996a12dce64f1389d951820
source-identity-declaration-20260808T050813+0800-b2487b6c41a5,ZI-8c2a4928629aa827cfab0bbe,DS-000250,数据库元数据,BTC,4小时;8小时;24小时;48小时,15分钟;1小时,未知,未知,未知,未知,未知,未知,未知,未知,未知,未登记,无,config/数据/来源身份声明补采.json#身份声明[],25925ef8f47870540a3333c51fe109509d1892a094f19e7ed97ee9e9ac0bbbe7,ecb0dcb61e3f9dae7d3cae5c9d7891232f850e3a93e93c3a61f67948dbb25d6e,未知,未知,b3a1fc5ec72ad95e258b584f936ad46befab951e0ee9e43eaa18179e34974387,无法判定,DATABASE_METADATA_IDENTITY_UNPROVEN,本批次只读；若声明、输入、Schema或授权漂移，既有结论自动失效并须追加新批次,未读取业务正文、价格、成交、订单簿、账户或凭据；身份字段不完整,为该成员提供当前版本九字段声明及逐字段Schema、授权和唯一证据定位后追加不可变批次,2d50c1344a835ceeb832796935182aeff80bb03cecc5465c8cf3aaccbd446acd,86129966e4bc55fac18f2d7602a2309d4403f85861102128a56a80a5a0ccc1ea,11ffaeb43e58d84223e9250c1078bc3eacbe6f58b52cc4bfd79d1cf360f0a201
source-identity-declaration-20260808T050813+0800-b2487b6c41a5,ZI-5102df4ca999fece2c974d9f,DS-000251,数据库元数据,BTC,4小时;8小时;24小时;48小时,15分钟;1小时,未知,未知,未知,未知,未知,未知,未知,未知,未知,未登记,无,config/数据/来源身份声明补采.json#身份声明[],25925ef8f47870540a3333c51fe109509d1892a094f19e7ed97ee9e9ac0bbbe7,b816107fcd9458244e66909d10efec6cd8e2accda1bfe58a8fbf9a0669c0dd53,未知,未知,b3a1fc5ec72ad95e258b584f936ad46befab951e0ee9e43eaa18179e34974387,无法判定,DATABASE_METADATA_IDENTITY_UNPROVEN,本批次只读；若声明、输入、Schema或授权漂移，既有结论自动失效并须追加新批次,未读取业务正文、价格、成交、订单簿、账户或凭据；身份字段不完整,为该成员提供当前版本九字段声明及逐字段Schema、授权和唯一证据定位后追加不可变批次,2d50c1344a835ceeb832796935182aeff80bb03cecc5465c8cf3aaccbd446acd,86129966e4bc55fac18f2d7602a2309d4403f85861102128a56a80a5a0ccc1ea,1f336cd4d4ec5a637592e6d056664833b16080e14feb61864d3d1c1934770eb2
source-identity-declaration-20260808T050813+0800-b2487b6c41a5,ZI-0c93b208498bfc5ca89f17bd,DS-000252,数据库元数据,BTC,4小时;8小时;24小时;48小时,15分钟;1小时,未知,未知,未知,未知,未知,未知,未知,未知,未知,未登记,无,config/数据/来源身份声明补采.json#身份声明[],25925ef8f47870540a3333c51fe109509d1892a094f19e7ed97ee9e9ac0bbbe7,98ba0e71e4eea4203f58a3df83e1469c57532861305d2639da67bd3bb490d481,未知,未知,b3a1fc5ec72ad95e258b584f936ad46befab951e0ee9e43eaa18179e34974387,无法判定,DATABASE_METADATA_IDENTITY_UNPROVEN,本批次只读；若声明、输入、Schema或授权漂移，既有结论自动失效并须追加新批次,未读取业务正文、价格、成交、订单簿、账户或凭据；身份字段不完整,为该成员提供当前版本九字段声明及逐字段Schema、授权和唯一证据定位后追加不可变批次,2d50c1344a835ceeb832796935182aeff80bb03cecc5465c8cf3aaccbd446acd,86129966e4bc55fac18f2d7602a2309d4403f85861102128a56a80a5a0ccc1ea,47eab81f01af02b0aa214925a2680a4ba56ae7b2236bdc80b7799fd119849e4b
source-identity-declaration-20260808T050813+0800-b2487b6c41a5,ZI-a22bc6b5465780acab6f4202,DS-000253,数据库元数据,BTC,4小时;8小时;24小时;48小时,15分钟;1小时,未知,未知,未知,未知,未知,未知,未知,未知,未知,未登记,无,config/数据/来源身份声明补采.json#身份声明[],25925ef8f47870540a3333c51fe109509d1892a094f19e7ed97ee9e9ac0bbbe7,6218f5ae411a9a1c1d8031e34c1091dea2dc3f9d8700a756d1665b4011c480c1,未知,未知,b3a1fc5ec72ad95e258b584f936ad46befab951e0ee9e43eaa18179e34974387,无法判定,DATABASE_METADATA_IDENTITY_UNPROVEN,本批次只读；若声明、输入、Schema或授权漂移，既有结论自动失效并须追加新批次,未读取业务正文、价格、成交、订单簿、账户或凭据；身份字段不完整,为该成员提供当前版本九字段声明及逐字段Schema、授权和唯一证据定位后追加不可变批次,2d50c1344a835ceeb832796935182aeff80bb03cecc5465c8cf3aaccbd446acd,86129966e4bc55fac18f2d7602a2309d4403f85861102128a56a80a5a0ccc1ea,7434c43d54081bebf7e0b06eb086288152b555325158c42a9feedd7c8e616747
source-identity-declaration-20260808T050813+0800-b2487b6c41a5,ZI-85c1a57db43cc467bba8305c,DS-000254,数据库元数据,BTC,4小时;8小时;24小时;48小时,15分钟;1小时,未知,未知,未知,未知,未知,未知,未知,未知,未知,未登记,无,config/数据/来源身份声明补采.json#身份声明[],25925ef8f47870540a3333c51fe109509d1892a094f19e7ed97ee9e9ac0bbbe7,8fb55f44c4dc05cd2f2f0afb77a649faa69a0513e90690925d91bf432e4f30ff,未知,未知,b3a1fc5ec72ad95e258b584f936ad46befab951e0ee9e43eaa18179e34974387,无法判定,DATABASE_METADATA_IDENTITY_UNPROVEN,本批次只读；若声明、输入、Schema或授权漂移，既有结论自动失效并须追加新批次,未读取业务正文、价格、成交、订单簿、账户或凭据；身份字段不完整,为该成员提供当前版本九字段声明及逐字段Schema、授权和唯一证据定位后追加不可变批次,2d50c1344a835ceeb832796935182aeff80bb03cecc5465c8cf3aaccbd446acd,86129966e4bc55fac18f2d7602a2309d4403f85861102128a56a80a5a0ccc1ea,7a75739727283a9d20b4768b527a97b018b9671758b5a06552e998bd10830691
source-identity-declaration-20260808T050813+0800-b2487b6c41a5,ZI-73b33d25621fcec938082f43,DS-000255,数据库元数据,BTC,4小时;8小时;24小时;48小时,15分钟;1小时,未知,未知,未知,未知,未知,未知,未知,未知,未知,未登记,无,config/数据/来源身份声明补采.json#身份声明[],25925ef8f47870540a3333c51fe109509d1892a094f19e7ed97ee9e9ac0bbbe7,97c901f301044a2160dd66a1a1f59d8d5958ae46cc18f7590c0234c39322f194,未知,未知,b3a1fc5ec72ad95e258b584f936ad46befab951e0ee9e43eaa18179e34974387,无法判定,DATABASE_METADATA_IDENTITY_UNPROVEN,本批次只读；若声明、输入、Schema或授权漂移，既有结论自动失效并须追加新批次,未读取业务正文、价格、成交、订单簿、账户或凭据；身份字段不完整,为该成员提供当前版本九字段声明及逐字段Schema、授权和唯一证据定位后追加不可变批次,2d50c1344a835ceeb832796935182aeff80bb03cecc5465c8cf3aaccbd446acd,86129966e4bc55fac18f2d7602a2309d4403f85861102128a56a80a5a0ccc1ea,6583fa3221f5b1912919d9a46a86d42426ee7fcbfb3eaad0f7efa3903864275a
source-identity-declaration-20260808T050813+0800-b2487b6c41a5,ZI-efd31016c93ebe09d210630e,DS-000256,数据库元数据,BTC,4小时;8小时;24小时;48小时,15分钟;1小时,未知,未知,未知,未知,未知,未知,未知,未知,未知,未登记,无,config/数据/来源身份声明补采.json#身份声明[],25925ef8f47870540a3333c51fe109509d1892a094f19e7ed97ee9e9ac0bbbe7,72946cce48d978d6b90942bd0f99bd012a999fc767a59eaeb63b097815d707a9,未知,未知,b3a1fc5ec72ad95e258b584f936ad46befab951e0ee9e43eaa18179e34974387,无法判定,DATABASE_METADATA_IDENTITY_UNPROVEN,本批次只读；若声明、输入、Schema或授权漂移，既有结论自动失效并须追加新批次,未读取业务正文、价格、成交、订单簿、账户或凭据；身份字段不完整,为该成员提供当前版本九字段声明及逐字段Schema、授权和唯一证据定位后追加不可变批次,2d50c1344a835ceeb832796935182aeff80bb03cecc5465c8cf3aaccbd446acd,86129966e4bc55fac18f2d7602a2309d4403f85861102128a56a80a5a0ccc1ea,ac2349cfee9537798a3b1d9bec19aa7aedab8558d887388010e1750f096cb869
source-identity-declaration-20260808T050813+0800-b2487b6c41a5,ZI-953e551841d548cda858ff70,DS-000257,数据库元数据,BTC,4小时;8小时;24小时;48小时,15分钟;1小时,未知,未知,未知,未知,未知,未知,未知,未知,未知,未登记,无,config/数据/来源身份声明补采.json#身份声明[],25925ef8f47870540a3333c51fe109509d1892a094f19e7ed97ee9e9ac0bbbe7,e9a1adbad68c8e4f0b3f88a4c1d5f5e59207297fe7eb4ea9a6f3e91690974ffb,未知,未知,b3a1fc5ec72ad95e258b584f936ad46befab951e0ee9e43eaa18179e34974387,无法判定,DATABASE_METADATA_IDENTITY_UNPROVEN,本批次只读；若声明、输入、Schema或授权漂移，既有结论自动失效并须追加新批次,未读取业务正文、价格、成交、订单簿、账户或凭据；身份字段不完整,为该成员提供当前版本九字段声明及逐字段Schema、授权和唯一证据定位后追加不可变批次,2d50c1344a835ceeb832796935182aeff80bb03cecc5465c8cf3aaccbd446acd,86129966e4bc55fac18f2d7602a2309d4403f85861102128a56a80a5a0ccc1ea,eb6973c4f7c055e93bffd233b65e1614dfa212a0c99e477bdd641ca3f1627d87
source-identity-declaration-20260808T050813+0800-b2487b6c41a5,ZI-d37f2efffb57d6f5ffb06d2d,DS-000258,数据库元数据,BTC,4小时;8小时;24小时;48小时,15分钟;1小时,未知,未知,未知,未知,未知,未知,未知,未知,未知,未登记,无,config/数据/来源身份声明补采.json#身份声明[],25925ef8f47870540a3333c51fe109509d1892a094f19e7ed97ee9e9ac0bbbe7,05dc2fcb434d0937800d8432001eafe73e3969f23c72e4e6dccfa8d10a464e89,未知,未知,b3a1fc5ec72ad95e258b584f936ad46befab951e0ee9e43eaa18179e34974387,无法判定,DATABASE_METADATA_IDENTITY_UNPROVEN,本批次只读；若声明、输入、Schema或授权漂移，既有结论自动失效并须追加新批次,未读取业务正文、价格、成交、订单簿、账户或凭据；身份字段不完整,为该成员提供当前版本九字段声明及逐字段Schema、授权和唯一证据定位后追加不可变批次,2d50c1344a835ceeb832796935182aeff80bb03cecc5465c8cf3aaccbd446acd,86129966e4bc55fac18f2d7602a2309d4403f85861102128a56a80a5a0ccc1ea,c193ef4ab4f69de4d8f55f821e3590b840a4162a8da28bd659ad48bf99dcd179
source-identity-declaration-20260808T050813+0800-b2487b6c41a5,ZI-28bd91890e197979dbe3d557,DS-000259,数据库元数据,BTC,4小时;8小时;24小时;48小时,15分钟;1小时,未知,未知,未知,未知,未知,未知,未知,未知,未知,未登记,无,config/数据/来源身份声明补采.json#身份声明[],25925ef8f47870540a3333c51fe109509d1892a094f19e7ed97ee9e9ac0bbbe7,1cd773853ef33cb8f6d7c1280729bf82e0b795d62cb20a76d636135bcdf110fc,未知,未知,b3a1fc5ec72ad95e258b584f936ad46befab951e0ee9e43eaa18179e34974387,无法判定,DATABASE_METADATA_IDENTITY_UNPROVEN,本批次只读；若声明、输入、Schema或授权漂移，既有结论自动失效并须追加新批次,未读取业务正文、价格、成交、订单簿、账户或凭据；身份字段不完整,为该成员提供当前版本九字段声明及逐字段Schema、授权和唯一证据定位后追加不可变批次,2d50c1344a835ceeb832796935182aeff80bb03cecc5465c8cf3aaccbd446acd,86129966e4bc55fac18f2d7602a2309d4403f85861102128a56a80a5a0ccc1ea,a4753fe3943b8bafa05322584bfd8a938227fa0c6a72f4a98ab092a78626f485
source-identity-declaration-20260808T050813+0800-b2487b6c41a5,ZI-8adfeb2ba520a08a1239da21,DS-000260,数据库元数据,BTC,4小时;8小时;24小时;48小时,15分钟;1小时,未知,未知,未知,未知,未知,未知,未知,未知,未知,未登记,无,config/数据/来源身份声明补采.json#身份声明[],25925ef8f47870540a3333c51fe109509d1892a094f19e7ed97ee9e9ac0bbbe7,401f3e557d030bd2429821a0c387907103f5a6996eed7ad975e0b5013f0313e6,未知,未知,b3a1fc5ec72ad95e258b584f936ad46befab951e0ee9e43eaa18179e34974387,无法判定,DATABASE_METADATA_IDENTITY_UNPROVEN,本批次只读；若声明、输入、Schema或授权漂移，既有结论自动失效并须追加新批次,未读取业务正文、价格、成交、订单簿、账户或凭据；身份字段不完整,为该成员提供当前版本九字段声明及逐字段Schema、授权和唯一证据定位后追加不可变批次,2d50c1344a835ceeb832796935182aeff80bb03cecc5465c8cf3aaccbd446acd,86129966e4bc55fac18f2d7602a2309d4403f85861102128a56a80a5a0ccc1ea,dc2988f740e346598a2fd80a65875ba6337ef8cd43369236553a156b3b5f50c8
source-identity-declaration-20260808T050813+0800-b2487b6c41a5,ZI-4d56ade81bc7c6b89f3f4919,DS-000261,数据库元数据,BTC,4小时;8小时;24小时;48小时,15分钟;1小时,未知,未知,未知,未知,未知,未知,未知,未知,未知,未登记,无,config/数据/来源身份声明补采.json#身份声明[],25925ef8f47870540a3333c51fe109509d1892a094f19e7ed97ee9e9ac0bbbe7,a9f85bb1dc0b933fe331584b1457e01f02ef7ff90e431451c038e26336977746,未知,未知,b3a1fc5ec72ad95e258b584f936ad46befab951e0ee9e43eaa18179e34974387,无法判定,DATABASE_METADATA_IDENTITY_UNPROVEN,本批次只读；若声明、输入、Schema或授权漂移，既有结论自动失效并须追加新批次,未读取业务正文、价格、成交、订单簿、账户或凭据；身份字段不完整,为该成员提供当前版本九字段声明及逐字段Schema、授权和唯一证据定位后追加不可变批次,2d50c1344a835ceeb832796935182aeff80bb03cecc5465c8cf3aaccbd446acd,86129966e4bc55fac18f2d7602a2309d4403f85861102128a56a80a5a0ccc1ea,eda30f777c2884c09c231c721708b4d2fb8011d2fff2d1cecbef63642c2e5372
source-identity-declaration-20260808T050813+0800-b2487b6c41a5,ZI-2575b474caa6b55a94f14d0a,DS-000262,数据库元数据,BTC,4小时;8小时;24小时;48小时,15分钟;1小时,未知,未知,未知,未知,未知,未知,未知,未知,未知,未登记,无,config/数据/来源身份声明补采.json#身份声明[],25925ef8f47870540a3333c51fe109509d1892a094f19e7ed97ee9e9ac0bbbe7,b8a6749e0560113c220e491aa3837fbbc46a199eea8b154ba402234b3fe136c3,未知,未知,b3a1fc5ec72ad95e258b584f936ad46befab951e0ee9e43eaa18179e34974387,无法判定,DATABASE_METADATA_IDENTITY_UNPROVEN,本批次只读；若声明、输入、Schema或授权漂移，既有结论自动失效并须追加新批次,未读取业务正文、价格、成交、订单簿、账户或凭据；身份字段不完整,为该成员提供当前版本九字段声明及逐字段Schema、授权和唯一证据定位后追加不可变批次,2d50c1344a835ceeb832796935182aeff80bb03cecc5465c8cf3aaccbd446acd,86129966e4bc55fac18f2d7602a2309d4403f85861102128a56a80a5a0ccc1ea,60a8e684df3a494e03b9a7fd24575abc81e6c4a356dabbb23939579ad32a8681
source-identity-declaration-20260808T050813+0800-b2487b6c41a5,ZI-3a9cc5175040973510b7a981,DS-000263,数据库元数据,BTC,4小时;8小时;24小时;48小时,15分钟;1小时,未知,未知,未知,未知,未知,未知,未知,未知,未知,未登记,无,config/数据/来源身份声明补采.json#身份声明[],25925ef8f47870540a3333c51fe109509d1892a094f19e7ed97ee9e9ac0bbbe7,88da7335bdb9dec72ed997ca4fa5e1dfa14b14965380d3de3b4d82bafa7ba8e6,未知,未知,b3a1fc5ec72ad95e258b584f936ad46befab951e0ee9e43eaa18179e34974387,无法判定,DATABASE_METADATA_IDENTITY_UNPROVEN,本批次只读；若声明、输入、Schema或授权漂移，既有结论自动失效并须追加新批次,未读取业务正文、价格、成交、订单簿、账户或凭据；身份字段不完整,为该成员提供当前版本九字段声明及逐字段Schema、授权和唯一证据定位后追加不可变批次,2d50c1344a835ceeb832796935182aeff80bb03cecc5465c8cf3aaccbd446acd,86129966e4bc55fac18f2d7602a2309d4403f85861102128a56a80a5a0ccc1ea,8f089c207d77ddf277ff40c5db0b50563b285061d8365f128b7e4e9e8c99d8f2
source-identity-declaration-20260808T050813+0800-b2487b6c41a5,ZI-7a7a75b0b1cbfcb9417167f5,DS-000264,数据库元数据,BTC,4小时;8小时;24小时;48小时,15分钟;1小时,未知,未知,未知,未知,未知,未知,未知,未知,未知,未登记,无,config/数据/来源身份声明补采.json#身份声明[],25925ef8f47870540a3333c51fe109509d1892a094f19e7ed97ee9e9ac0bbbe7,474ef8452df7b494b2e90829b34983df559699b8d2cf94b36731bfcedb517544,未知,未知,b3a1fc5ec72ad95e258b584f936ad46befab951e0ee9e43eaa18179e34974387,无法判定,DATABASE_METADATA_IDENTITY_UNPROVEN,本批次只读；若声明、输入、Schema或授权漂移，既有结论自动失效并须追加新批次,未读取业务正文、价格、成交、订单簿、账户或凭据；身份字段不完整,为该成员提供当前版本九字段声明及逐字段Schema、授权和唯一证据定位后追加不可变批次,2d50c1344a835ceeb832796935182aeff80bb03cecc5465c8cf3aaccbd446acd,86129966e4bc55fac18f2d7602a2309d4403f85861102128a56a80a5a0ccc1ea,5ea7feb2bd07e9b5f7bfac9787d34786e592b5bd834754729da0b0750eebf145
source-identity-declaration-20260808T050813+0800-b2487b6c41a5,ZI-03657fc4a6aca5c9bb15a181,DS-000265,数据库元数据,BTC,4小时;8小时;24小时;48小时,15分钟;1小时,未知,未知,未知,未知,未知,未知,未知,未知,未知,未登记,无,config/数据/来源身份声明补采.json#身份声明[],25925ef8f47870540a3333c51fe109509d1892a094f19e7ed97ee9e9ac0bbbe7,5e24f63ab8f417987a50c39d32718c38ba94e1de57ac2745a718cc5ec794238a,未知,未知,b3a1fc5ec72ad95e258b584f936ad46befab951e0ee9e43eaa18179e34974387,无法判定,DATABASE_METADATA_IDENTITY_UNPROVEN,本批次只读；若声明、输入、Schema或授权漂移，既有结论自动失效并须追加新批次,未读取业务正文、价格、成交、订单簿、账户或凭据；身份字段不完整,为该成员提供当前版本九字段声明及逐字段Schema、授权和唯一证据定位后追加不可变批次,2d50c1344a835ceeb832796935182aeff80bb03cecc5465c8cf3aaccbd446acd,86129966e4bc55fac18f2d7602a2309d4403f85861102128a56a80a5a0ccc1ea,b59cb5f7d28e6a7fe6c4c403909b27afead615a3183fb5ca6a8caf1bb699fd02
source-identity-declaration-20260808T050813+0800-b2487b6c41a5,ZI-19c4ddf189f5c49d48d5eb86,DS-000266,数据库元数据,BTC,4小时;8小时;24小时;48小时,15分钟;1小时,未知,未知,未知,未知,未知,未知,未知,未知,未知,未登记,无,config/数据/来源身份声明补采.json#身份声明[],25925ef8f47870540a3333c51fe109509d1892a094f19e7ed97ee9e9ac0bbbe7,9ec4dbfaf5336e4c4d9f5ce4ad4098db90b8baac6f44296a4b7aa43839353d19,未知,未知,b3a1fc5ec72ad95e258b584f936ad46befab951e0ee9e43eaa18179e34974387,无法判定,DATABASE_METADATA_IDENTITY_UNPROVEN,本批次只读；若声明、输入、Schema或授权漂移，既有结论自动失效并须追加新批次,未读取业务正文、价格、成交、订单簿、账户或凭据；身份字段不完整,为该成员提供当前版本九字段声明及逐字段Schema、授权和唯一证据定位后追加不可变批次,2d50c1344a835ceeb832796935182aeff80bb03cecc5465c8cf3aaccbd446acd,86129966e4bc55fac18f2d7602a2309d4403f85861102128a56a80a5a0ccc1ea,55aa88413f71e18d74ca0dbdf870c73220b9e88963a9c057d451d3b0b26b7138
source-identity-declaration-20260808T050813+0800-b2487b6c41a5,ZI-c1a07615c0e7fb104e27c6f8,DS-000267,数据库元数据,BTC,4小时;8小时;24小时;48小时,15分钟;1小时,未知,未知,未知,未知,未知,未知,未知,未知,未知,未登记,无,config/数据/来源身份声明补采.json#身份声明[],25925ef8f47870540a3333c51fe109509d1892a094f19e7ed97ee9e9ac0bbbe7,e7f6d4ff14fbb9aee41d9c66f271b8ce269ce023dbdbbce5c6f48152b31da3ef,未知,未知,b3a1fc5ec72ad95e258b584f936ad46befab951e0ee9e43eaa18179e34974387,无法判定,DATABASE_METADATA_IDENTITY_UNPROVEN,本批次只读；若声明、输入、Schema或授权漂移，既有结论自动失效并须追加新批次,未读取业务正文、价格、成交、订单簿、账户或凭据；身份字段不完整,为该成员提供当前版本九字段声明及逐字段Schema、授权和唯一证据定位后追加不可变批次,2d50c1344a835ceeb832796935182aeff80bb03cecc5465c8cf3aaccbd446acd,86129966e4bc55fac18f2d7602a2309d4403f85861102128a56a80a5a0ccc1ea,64bfd4d783104e037596c2cc4bbbc1c817dd18fe6230d7284a8801e8aa836730
source-identity-declaration-20260808T050813+0800-b2487b6c41a5,ZI-efac29c1e378c8a730565981,DS-000268,数据库元数据,BTC,4小时;8小时;24小时;48小时,15分钟;1小时,未知,未知,未知,未知,未知,未知,未知,未知,未知,未登记,无,config/数据/来源身份声明补采.json#身份声明[],25925ef8f47870540a3333c51fe109509d1892a094f19e7ed97ee9e9ac0bbbe7,4803e9627f705d300d20509eaf83377393d2e5744750aedc6e586f6548fca8cf,未知,未知,b3a1fc5ec72ad95e258b584f936ad46befab951e0ee9e43eaa18179e34974387,无法判定,DATABASE_METADATA_IDENTITY_UNPROVEN,本批次只读；若声明、输入、Schema或授权漂移，既有结论自动失效并须追加新批次,未读取业务正文、价格、成交、订单簿、账户或凭据；身份字段不完整,为该成员提供当前版本九字段声明及逐字段Schema、授权和唯一证据定位后追加不可变批次,2d50c1344a835ceeb832796935182aeff80bb03cecc5465c8cf3aaccbd446acd,86129966e4bc55fac18f2d7602a2309d4403f85861102128a56a80a5a0ccc1ea,2fba2300b6a05d9676cc70a17572719865c365c2a0c43143ac70cf1710189c57
source-identity-declaration-20260808T050813+0800-b2487b6c41a5,ZI-4fb67a12a52433fb048d937b,DS-000269,数据库元数据,BTC,4小时;8小时;24小时;48小时,15分钟;1小时,未知,未知,未知,未知,未知,未知,未知,未知,未知,未登记,无,config/数据/来源身份声明补采.json#身份声明[],25925ef8f47870540a3333c51fe109509d1892a094f19e7ed97ee9e9ac0bbbe7,306e9d1ebd248b8aaea8e6db506482b6fb9679820c694bb23bc5d54912fe5e05,未知,未知,b3a1fc5ec72ad95e258b584f936ad46befab951e0ee9e43eaa18179e34974387,无法判定,DATABASE_METADATA_IDENTITY_UNPROVEN,本批次只读；若声明、输入、Schema或授权漂移，既有结论自动失效并须追加新批次,未读取业务正文、价格、成交、订单簿、账户或凭据；身份字段不完整,为该成员提供当前版本九字段声明及逐字段Schema、授权和唯一证据定位后追加不可变批次,2d50c1344a835ceeb832796935182aeff80bb03cecc5465c8cf3aaccbd446acd,86129966e4bc55fac18f2d7602a2309d4403f85861102128a56a80a5a0ccc1ea,d3a6bc3834279f3a9f89b080017b79c0daf44aff02806c64c801ed6168e7f14d
source-identity-declaration-20260808T050813+0800-b2487b6c41a5,ZI-2f51fb90c462b515962a8a75,DS-000270,数据库元数据,BTC,4小时;8小时;24小时;48小时,15分钟;1小时,未知,未知,未知,未知,未知,未知,未知,未知,未知,未登记,无,config/数据/来源身份声明补采.json#身份声明[],25925ef8f47870540a3333c51fe109509d1892a094f19e7ed97ee9e9ac0bbbe7,95f8505a488937ebddda6f0e9846dfdf89d1295922aaa46fa86f783e28904115,未知,未知,b3a1fc5ec72ad95e258b584f936ad46befab951e0ee9e43eaa18179e34974387,无法判定,DATABASE_METADATA_IDENTITY_UNPROVEN,本批次只读；若声明、输入、Schema或授权漂移，既有结论自动失效并须追加新批次,未读取业务正文、价格、成交、订单簿、账户或凭据；身份字段不完整,为该成员提供当前版本九字段声明及逐字段Schema、授权和唯一证据定位后追加不可变批次,2d50c1344a835ceeb832796935182aeff80bb03cecc5465c8cf3aaccbd446acd,86129966e4bc55fac18f2d7602a2309d4403f85861102128a56a80a5a0ccc1ea,51e5d9e0b024ae7818fe58ae1f873af142ff4420da6aab7d87b130b9ea552075
source-identity-declaration-20260808T050813+0800-b2487b6c41a5,ZI-3edb6b3e4170969b74673238,DS-000271,数据库元数据,BTC,4小时;8小时;24小时;48小时,15分钟;1小时,未知,未知,未知,未知,未知,未知,未知,未知,未知,未登记,无,config/数据/来源身份声明补采.json#身份声明[],25925ef8f47870540a3333c51fe109509d1892a094f19e7ed97ee9e9ac0bbbe7,f604d30fca95af10cef6f2d1d42f0a77ca097a72e2a4892d7695ea06b814087e,未知,未知,b3a1fc5ec72ad95e258b584f936ad46befab951e0ee9e43eaa18179e34974387,无法判定,DATABASE_METADATA_IDENTITY_UNPROVEN,本批次只读；若声明、输入、Schema或授权漂移，既有结论自动失效并须追加新批次,未读取业务正文、价格、成交、订单簿、账户或凭据；身份字段不完整,为该成员提供当前版本九字段声明及逐字段Schema、授权和唯一证据定位后追加不可变批次,2d50c1344a835ceeb832796935182aeff80bb03cecc5465c8cf3aaccbd446acd,86129966e4bc55fac18f2d7602a2309d4403f85861102128a56a80a5a0ccc1ea,d537287c55356503ec5b5565361e8c6ee10c096ceb67a2dda7b0dc559d206b1b
source-identity-declaration-20260808T050813+0800-b2487b6c41a5,ZI-9a7966ad0c01a9ec001f8d58,DS-000272,数据库元数据,BTC,4小时;8小时;24小时;48小时,15分钟;1小时,未知,未知,未知,未知,未知,未知,未知,未知,未知,未登记,无,config/数据/来源身份声明补采.json#身份声明[],25925ef8f47870540a3333c51fe109509d1892a094f19e7ed97ee9e9ac0bbbe7,7790a7096a82194b8ce40632577b34f15029864f0d73ca67f2309a4a5771c546,未知,未知,b3a1fc5ec72ad95e258b584f936ad46befab951e0ee9e43eaa18179e34974387,无法判定,DATABASE_METADATA_IDENTITY_UNPROVEN,本批次只读；若声明、输入、Schema或授权漂移，既有结论自动失效并须追加新批次,未读取业务正文、价格、成交、订单簿、账户或凭据；身份字段不完整,为该成员提供当前版本九字段声明及逐字段Schema、授权和唯一证据定位后追加不可变批次,2d50c1344a835ceeb832796935182aeff80bb03cecc5465c8cf3aaccbd446acd,86129966e4bc55fac18f2d7602a2309d4403f85861102128a56a80a5a0ccc1ea,ed6c562439b477f0874f48af0da216408c15d9e30ede83e834ae4826f855d1f7
source-identity-declaration-20260808T050813+0800-b2487b6c41a5,ZI-eb2c5c93c282316b61a4ff30,DS-000273,数据库元数据,BTC,4小时;8小时;24小时;48小时,15分钟;1小时,未知,未知,未知,未知,未知,未知,未知,未知,未知,未登记,无,config/数据/来源身份声明补采.json#身份声明[],25925ef8f47870540a3333c51fe109509d1892a094f19e7ed97ee9e9ac0bbbe7,a644234938a03b68cc0be912f99fd12eecc36270251217d470225f7047a900e1,未知,未知,b3a1fc5ec72ad95e258b584f936ad46befab951e0ee9e43eaa18179e34974387,无法判定,DATABASE_METADATA_IDENTITY_UNPROVEN,本批次只读；若声明、输入、Schema或授权漂移，既有结论自动失效并须追加新批次,未读取业务正文、价格、成交、订单簿、账户或凭据；身份字段不完整,为该成员提供当前版本九字段声明及逐字段Schema、授权和唯一证据定位后追加不可变批次,2d50c1344a835ceeb832796935182aeff80bb03cecc5465c8cf3aaccbd446acd,86129966e4bc55fac18f2d7602a2309d4403f85861102128a56a80a5a0ccc1ea,a6d33ad8dcfcb824dccc3878ac2d856bcad0ae7f83f6e19e58fd4138dad43a03
source-identity-declaration-20260808T050813+0800-b2487b6c41a5,ZI-c005be10dde98908c70e6d5b,DS-000274,数据库元数据,BTC,4小时;8小时;24小时;48小时,15分钟;1小时,未知,未知,未知,未知,未知,未知,未知,未知,未知,未登记,无,config/数据/来源身份声明补采.json#身份声明[],25925ef8f47870540a3333c51fe109509d1892a094f19e7ed97ee9e9ac0bbbe7,56318299b0d280227cabfa2f1672b2c87315c5e40fbfae0740be47ade1d1af81,未知,未知,b3a1fc5ec72ad95e258b584f936ad46befab951e0ee9e43eaa18179e34974387,无法判定,DATABASE_METADATA_IDENTITY_UNPROVEN,本批次只读；若声明、输入、Schema或授权漂移，既有结论自动失效并须追加新批次,未读取业务正文、价格、成交、订单簿、账户或凭据；身份字段不完整,为该成员提供当前版本九字段声明及逐字段Schema、授权和唯一证据定位后追加不可变批次,2d50c1344a835ceeb832796935182aeff80bb03cecc5465c8cf3aaccbd446acd,86129966e4bc55fac18f2d7602a2309d4403f85861102128a56a80a5a0ccc1ea,8b4e5566b378cfe0e0b527453409dc2b9676a3d1e46ffe62ad7eccdd79ea6b0a
source-identity-declaration-20260808T050813+0800-b2487b6c41a5,ZI-e764442e3e2fb3921a8a3d6c,DS-000275,数据库元数据,BTC,4小时;8小时;24小时;48小时,15分钟;1小时,未知,未知,未知,未知,未知,未知,未知,未知,未知,未登记,无,config/数据/来源身份声明补采.json#身份声明[],25925ef8f47870540a3333c51fe109509d1892a094f19e7ed97ee9e9ac0bbbe7,73610ec234845390268c10b094aaa11475cbf536d943f9b58d68fb3b943ab020,未知,未知,b3a1fc5ec72ad95e258b584f936ad46befab951e0ee9e43eaa18179e34974387,无法判定,DATABASE_METADATA_IDENTITY_UNPROVEN,本批次只读；若声明、输入、Schema或授权漂移，既有结论自动失效并须追加新批次,未读取业务正文、价格、成交、订单簿、账户或凭据；身份字段不完整,为该成员提供当前版本九字段声明及逐字段Schema、授权和唯一证据定位后追加不可变批次,2d50c1344a835ceeb832796935182aeff80bb03cecc5465c8cf3aaccbd446acd,86129966e4bc55fac18f2d7602a2309d4403f85861102128a56a80a5a0ccc1ea,4b97979f1648efdef0b07c2bee3a3d59d498e0c2d74494398d3934cd8d12a6d9
source-identity-declaration-20260808T050813+0800-b2487b6c41a5,ZI-5fede2bc330f560e5f877502,DS-000276,数据库元数据,BTC,4小时;8小时;24小时;48小时,15分钟;1小时,未知,未知,未知,未知,未知,未知,未知,未知,未知,未登记,无,config/数据/来源身份声明补采.json#身份声明[],25925ef8f47870540a3333c51fe109509d1892a094f19e7ed97ee9e9ac0bbbe7,63d1274ea3fb1103b26995399caac6aa6b1ff7dc21c80113d3c7a5ee47a9c26b,未知,未知,b3a1fc5ec72ad95e258b584f936ad46befab951e0ee9e43eaa18179e34974387,无法判定,DATABASE_METADATA_IDENTITY_UNPROVEN,本批次只读；若声明、输入、Schema或授权漂移，既有结论自动失效并须追加新批次,未读取业务正文、价格、成交、订单簿、账户或凭据；身份字段不完整,为该成员提供当前版本九字段声明及逐字段Schema、授权和唯一证据定位后追加不可变批次,2d50c1344a835ceeb832796935182aeff80bb03cecc5465c8cf3aaccbd446acd,86129966e4bc55fac18f2d7602a2309d4403f85861102128a56a80a5a0ccc1ea,c4a3b52cf4d18f73062a77437c0d50f9269e6e7553e0a11a92510c4f9403176f
source-identity-declaration-20260808T050813+0800-b2487b6c41a5,ZI-502d6291fb7602ba575b4506,DS-000277,数据库元数据,BTC,4小时;8小时;24小时;48小时,15分钟;1小时,未知,未知,未知,未知,未知,未知,未知,未知,未知,未登记,无,config/数据/来源身份声明补采.json#身份声明[],25925ef8f47870540a3333c51fe109509d1892a094f19e7ed97ee9e9ac0bbbe7,e503bb6f17a82b37b897771791caaa1e29e80668c0428f0681b923834b9065f5,未知,未知,b3a1fc5ec72ad95e258b584f936ad46befab951e0ee9e43eaa18179e34974387,无法判定,DATABASE_METADATA_IDENTITY_UNPROVEN,本批次只读；若声明、输入、Schema或授权漂移，既有结论自动失效并须追加新批次,未读取业务正文、价格、成交、订单簿、账户或凭据；身份字段不完整,为该成员提供当前版本九字段声明及逐字段Schema、授权和唯一证据定位后追加不可变批次,2d50c1344a835ceeb832796935182aeff80bb03cecc5465c8cf3aaccbd446acd,86129966e4bc55fac18f2d7602a2309d4403f85861102128a56a80a5a0ccc1ea,51af16f5590b31d0f88065859409f3731959eefad57ddba5b303bb24783d80fb
source-identity-declaration-20260808T050813+0800-b2487b6c41a5,ZI-32008303cccdd6eb958789ce,DS-000278,数据库元数据,BTC,4小时;8小时;24小时;48小时,15分钟;1小时,未知,未知,未知,未知,未知,未知,未知,未知,未知,未登记,无,config/数据/来源身份声明补采.json#身份声明[],25925ef8f47870540a3333c51fe109509d1892a094f19e7ed97ee9e9ac0bbbe7,fa4552653682a5a645abc7d003707a2b955e9f15d42bfe64289d2fb28e2a191b,未知,未知,b3a1fc5ec72ad95e258b584f936ad46befab951e0ee9e43eaa18179e34974387,无法判定,DATABASE_METADATA_IDENTITY_UNPROVEN,本批次只读；若声明、输入、Schema或授权漂移，既有结论自动失效并须追加新批次,未读取业务正文、价格、成交、订单簿、账户或凭据；身份字段不完整,为该成员提供当前版本九字段声明及逐字段Schema、授权和唯一证据定位后追加不可变批次,2d50c1344a835ceeb832796935182aeff80bb03cecc5465c8cf3aaccbd446acd,86129966e4bc55fac18f2d7602a2309d4403f85861102128a56a80a5a0ccc1ea,416b887644db0c93dfe674f2917472b64f10a001881f7b8e7f08667ebd6ca74f
source-identity-declaration-20260808T050813+0800-b2487b6c41a5,ZI-d901d9e5d0e680855139a4e7,DS-000279,数据库元数据,BTC,4小时;8小时;24小时;48小时,15分钟;1小时,未知,未知,未知,未知,未知,未知,未知,未知,未知,未登记,无,config/数据/来源身份声明补采.json#身份声明[],25925ef8f47870540a3333c51fe109509d1892a094f19e7ed97ee9e9ac0bbbe7,2d111721e4691350f2689d5218c339e609ff789ab1ffd957cf1e86f6c2e28de6,未知,未知,b3a1fc5ec72ad95e258b584f936ad46befab951e0ee9e43eaa18179e34974387,无法判定,DATABASE_METADATA_IDENTITY_UNPROVEN,本批次只读；若声明、输入、Schema或授权漂移，既有结论自动失效并须追加新批次,未读取业务正文、价格、成交、订单簿、账户或凭据；身份字段不完整,为该成员提供当前版本九字段声明及逐字段Schema、授权和唯一证据定位后追加不可变批次,2d50c1344a835ceeb832796935182aeff80bb03cecc5465c8cf3aaccbd446acd,86129966e4bc55fac18f2d7602a2309d4403f85861102128a56a80a5a0ccc1ea,b0ff1a002be597e87339fce851452eba4930d3f6cc071ea329706df8a0df0914
source-identity-declaration-20260808T050813+0800-b2487b6c41a5,ZI-9310dae99e845f2c611ff84d,DS-000280,数据库元数据,BTC,4小时;8小时;24小时;48小时,15分钟;1小时,未知,未知,未知,未知,未知,未知,未知,未知,未知,未登记,无,config/数据/来源身份声明补采.json#身份声明[],25925ef8f47870540a3333c51fe109509d1892a094f19e7ed97ee9e9ac0bbbe7,cac55077234265c74dafb73c9f43c185891c7807117d29f5189237391804df69,未知,未知,b3a1fc5ec72ad95e258b584f936ad46befab951e0ee9e43eaa18179e34974387,无法判定,DATABASE_METADATA_IDENTITY_UNPROVEN,本批次只读；若声明、输入、Schema或授权漂移，既有结论自动失效并须追加新批次,未读取业务正文、价格、成交、订单簿、账户或凭据；身份字段不完整,为该成员提供当前版本九字段声明及逐字段Schema、授权和唯一证据定位后追加不可变批次,2d50c1344a835ceeb832796935182aeff80bb03cecc5465c8cf3aaccbd446acd,86129966e4bc55fac18f2d7602a2309d4403f85861102128a56a80a5a0ccc1ea,27b5d78159fd120894ade1af55e2248cfbf01e100e459a6a995408d04ea01c65
source-identity-declaration-20260808T050813+0800-b2487b6c41a5,ZI-25c83899a04421177c29eae2,DS-000281,数据库元数据,BTC,4小时;8小时;24小时;48小时,15分钟;1小时,未知,未知,未知,未知,未知,未知,未知,未知,未知,未登记,无,config/数据/来源身份声明补采.json#身份声明[],25925ef8f47870540a3333c51fe109509d1892a094f19e7ed97ee9e9ac0bbbe7,741c6415aff8d57d93fa7fc8db0f4bb0ff4bbf74847310eda08d9494ab0c9d11,未知,未知,b3a1fc5ec72ad95e258b584f936ad46befab951e0ee9e43eaa18179e34974387,无法判定,DATABASE_METADATA_IDENTITY_UNPROVEN,本批次只读；若声明、输入、Schema或授权漂移，既有结论自动失效并须追加新批次,未读取业务正文、价格、成交、订单簿、账户或凭据；身份字段不完整,为该成员提供当前版本九字段声明及逐字段Schema、授权和唯一证据定位后追加不可变批次,2d50c1344a835ceeb832796935182aeff80bb03cecc5465c8cf3aaccbd446acd,86129966e4bc55fac18f2d7602a2309d4403f85861102128a56a80a5a0ccc1ea,c07cf92f160126092b63a7d9ffc88fa03332e34c73d7a610e9afb9ec18174f34
source-identity-declaration-20260808T050813+0800-b2487b6c41a5,ZI-5863cb2f07c35ad0b6171bf6,DS-000282,数据库元数据,BTC,4小时;8小时;24小时;48小时,15分钟;1小时,未知,未知,未知,未知,未知,未知,未知,未知,未知,未登记,无,config/数据/来源身份声明补采.json#身份声明[],25925ef8f47870540a3333c51fe109509d1892a094f19e7ed97ee9e9ac0bbbe7,cc517e52dad87d6b0eb540fd207279b11705531034a2728e4ef4b5a54557fd22,未知,未知,b3a1fc5ec72ad95e258b584f936ad46befab951e0ee9e43eaa18179e34974387,无法判定,DATABASE_METADATA_IDENTITY_UNPROVEN,本批次只读；若声明、输入、Schema或授权漂移，既有结论自动失效并须追加新批次,未读取业务正文、价格、成交、订单簿、账户或凭据；身份字段不完整,为该成员提供当前版本九字段声明及逐字段Schema、授权和唯一证据定位后追加不可变批次,2d50c1344a835ceeb832796935182aeff80bb03cecc5465c8cf3aaccbd446acd,86129966e4bc55fac18f2d7602a2309d4403f85861102128a56a80a5a0ccc1ea,f9c7db6a0bbd6da7ee4d2b2c08587bf1f6bc8ddae8ff7171cedbabd2b73c432f
source-identity-declaration-20260808T050813+0800-b2487b6c41a5,ZI-115332fe0b53164582e6b5c9,DS-000283,数据库元数据,BTC,4小时;8小时;24小时;48小时,15分钟;1小时,未知,未知,未知,未知,未知,未知,未知,未知,未知,未登记,无,config/数据/来源身份声明补采.json#身份声明[],25925ef8f47870540a3333c51fe109509d1892a094f19e7ed97ee9e9ac0bbbe7,7588ce35230cdca962b93d28bc9de83f177f830d6bb53403b474a03a29596210,未知,未知,b3a1fc5ec72ad95e258b584f936ad46befab951e0ee9e43eaa18179e34974387,无法判定,DATABASE_METADATA_IDENTITY_UNPROVEN,本批次只读；若声明、输入、Schema或授权漂移，既有结论自动失效并须追加新批次,未读取业务正文、价格、成交、订单簿、账户或凭据；身份字段不完整,为该成员提供当前版本九字段声明及逐字段Schema、授权和唯一证据定位后追加不可变批次,2d50c1344a835ceeb832796935182aeff80bb03cecc5465c8cf3aaccbd446acd,86129966e4bc55fac18f2d7602a2309d4403f85861102128a56a80a5a0ccc1ea,9681527bda6d60ddc7dbbb909867e9780eff59046f2653aa82bfccec16812bea
source-identity-declaration-20260808T050813+0800-b2487b6c41a5,ZI-e9e8a22d61190954369afd29,DS-000284,数据库元数据,BTC,4小时;8小时;24小时;48小时,15分钟;1小时,未知,未知,未知,未知,未知,未知,未知,未知,未知,未登记,无,config/数据/来源身份声明补采.json#身份声明[],25925ef8f47870540a3333c51fe109509d1892a094f19e7ed97ee9e9ac0bbbe7,0809927212405ebae149f168b347d25ea15f080cd46ffe4f4dcf4e78c2021a92,未知,未知,b3a1fc5ec72ad95e258b584f936ad46befab951e0ee9e43eaa18179e34974387,无法判定,DATABASE_METADATA_IDENTITY_UNPROVEN,本批次只读；若声明、输入、Schema或授权漂移，既有结论自动失效并须追加新批次,未读取业务正文、价格、成交、订单簿、账户或凭据；身份字段不完整,为该成员提供当前版本九字段声明及逐字段Schema、授权和唯一证据定位后追加不可变批次,2d50c1344a835ceeb832796935182aeff80bb03cecc5465c8cf3aaccbd446acd,86129966e4bc55fac18f2d7602a2309d4403f85861102128a56a80a5a0ccc1ea,957609fe0051839b53713a4079233cafaf6b3bfd83aabf066ace05607bb43bad
source-identity-declaration-20260808T050813+0800-b2487b6c41a5,ZI-f4460123dbdc8005765d844b,DS-000285,数据库元数据,BTC,4小时;8小时;24小时;48小时,15分钟;1小时,未知,未知,未知,未知,未知,未知,未知,未知,未知,未登记,无,config/数据/来源身份声明补采.json#身份声明[],25925ef8f47870540a3333c51fe109509d1892a094f19e7ed97ee9e9ac0bbbe7,59f4b36536bca90c9ccbe3ed41c85a0edc295a6957a22310fb2e2dbacb47bd59,未知,未知,b3a1fc5ec72ad95e258b584f936ad46befab951e0ee9e43eaa18179e34974387,无法判定,DATABASE_METADATA_IDENTITY_UNPROVEN,本批次只读；若声明、输入、Schema或授权漂移，既有结论自动失效并须追加新批次,未读取业务正文、价格、成交、订单簿、账户或凭据；身份字段不完整,为该成员提供当前版本九字段声明及逐字段Schema、授权和唯一证据定位后追加不可变批次,2d50c1344a835ceeb832796935182aeff80bb03cecc5465c8cf3aaccbd446acd,86129966e4bc55fac18f2d7602a2309d4403f85861102128a56a80a5a0ccc1ea,19a615a5bc4c82a912b330f86ff5926e00a6986c3ffa5cb7f97b917cab4283ba
source-identity-declaration-20260808T050813+0800-b2487b6c41a5,ZI-9abd2b7851beeadcb2c4eec1,DS-000286,数据库元数据,BTC,4小时;8小时;24小时;48小时,15分钟;1小时,未知,未知,未知,未知,未知,未知,未知,未知,未知,未登记,无,config/数据/来源身份声明补采.json#身份声明[],25925ef8f47870540a3333c51fe109509d1892a094f19e7ed97ee9e9ac0bbbe7,845babdf7e1c3899916b9ca2f8a07abca6ea658ee7c99bc5a8581722420e6866,未知,未知,b3a1fc5ec72ad95e258b584f936ad46befab951e0ee9e43eaa18179e34974387,无法判定,DATABASE_METADATA_IDENTITY_UNPROVEN,本批次只读；若声明、输入、Schema或授权漂移，既有结论自动失效并须追加新批次,未读取业务正文、价格、成交、订单簿、账户或凭据；身份字段不完整,为该成员提供当前版本九字段声明及逐字段Schema、授权和唯一证据定位后追加不可变批次,2d50c1344a835ceeb832796935182aeff80bb03cecc5465c8cf3aaccbd446acd,86129966e4bc55fac18f2d7602a2309d4403f85861102128a56a80a5a0ccc1ea,ee169b2554eb865810960eaa26c83b753229a0d51e0da6e05a96c78e39831eb1
source-identity-declaration-20260808T050813+0800-b2487b6c41a5,ZI-ff3fcd7da6180c64854b80a6,DS-000287,数据库元数据,BTC,4小时;8小时;24小时;48小时,15分钟;1小时,未知,未知,未知,未知,未知,未知,未知,未知,未知,未登记,无,config/数据/来源身份声明补采.json#身份声明[],25925ef8f47870540a3333c51fe109509d1892a094f19e7ed97ee9e9ac0bbbe7,098c9d16ac6b41d35e97a530549ca546b60c896225a4fb6c961fd5040621acdd,未知,未知,b3a1fc5ec72ad95e258b584f936ad46befab951e0ee9e43eaa18179e34974387,无法判定,DATABASE_METADATA_IDENTITY_UNPROVEN,本批次只读；若声明、输入、Schema或授权漂移，既有结论自动失效并须追加新批次,未读取业务正文、价格、成交、订单簿、账户或凭据；身份字段不完整,为该成员提供当前版本九字段声明及逐字段Schema、授权和唯一证据定位后追加不可变批次,2d50c1344a835ceeb832796935182aeff80bb03cecc5465c8cf3aaccbd446acd,86129966e4bc55fac18f2d7602a2309d4403f85861102128a56a80a5a0ccc1ea,29f1154b4cd5a9e34b9204a4cd4097e7327a60c86a22ae63f912d5fb84ecf303
source-identity-declaration-20260808T050813+0800-b2487b6c41a5,ZI-712b0653c83774f12ef222e8,DS-000288,数据库元数据,BTC,4小时;8小时;24小时;48小时,15分钟;1小时,未知,未知,未知,未知,未知,未知,未知,未知,未知,未登记,无,config/数据/来源身份声明补采.json#身份声明[],25925ef8f47870540a3333c51fe109509d1892a094f19e7ed97ee9e9ac0bbbe7,0ce0fdb691110e99627216dcd51afe9a507bfdb7bddb9a15e93a834ce1b6bbba,未知,未知,b3a1fc5ec72ad95e258b584f936ad46befab951e0ee9e43eaa18179e34974387,无法判定,DATABASE_METADATA_IDENTITY_UNPROVEN,本批次只读；若声明、输入、Schema或授权漂移，既有结论自动失效并须追加新批次,未读取业务正文、价格、成交、订单簿、账户或凭据；身份字段不完整,为该成员提供当前版本九字段声明及逐字段Schema、授权和唯一证据定位后追加不可变批次,2d50c1344a835ceeb832796935182aeff80bb03cecc5465c8cf3aaccbd446acd,86129966e4bc55fac18f2d7602a2309d4403f85861102128a56a80a5a0ccc1ea,039962410d49ec581273fae228036c9618dec1c33e7a05692c579f4142c9cd51
source-identity-declaration-20260808T050813+0800-b2487b6c41a5,ZI-a9f770566ce153816b6eae2d,DS-000289,数据库元数据,BTC,4小时;8小时;24小时;48小时,15分钟;1小时,未知,未知,未知,未知,未知,未知,未知,未知,未知,未登记,无,config/数据/来源身份声明补采.json#身份声明[],25925ef8f47870540a3333c51fe109509d1892a094f19e7ed97ee9e9ac0bbbe7,facb3f58201be1d0111803a0969dfc2571e3fb220f2550a6773c2c5ec9e6704b,未知,未知,b3a1fc5ec72ad95e258b584f936ad46befab951e0ee9e43eaa18179e34974387,无法判定,DATABASE_METADATA_IDENTITY_UNPROVEN,本批次只读；若声明、输入、Schema或授权漂移，既有结论自动失效并须追加新批次,未读取业务正文、价格、成交、订单簿、账户或凭据；身份字段不完整,为该成员提供当前版本九字段声明及逐字段Schema、授权和唯一证据定位后追加不可变批次,2d50c1344a835ceeb832796935182aeff80bb03cecc5465c8cf3aaccbd446acd,86129966e4bc55fac18f2d7602a2309d4403f85861102128a56a80a5a0ccc1ea,3e3238da087ae5b9411db0c65151525aec0206190a0b31faaa603379590dd4bc
source-identity-declaration-20260808T050813+0800-b2487b6c41a5,ZI-f8568713cc6d51a30e325957,DS-000290,数据库元数据,BTC,4小时;8小时;24小时;48小时,15分钟;1小时,未知,未知,未知,未知,未知,未知,未知,未知,未知,未登记,无,config/数据/来源身份声明补采.json#身份声明[],25925ef8f47870540a3333c51fe109509d1892a094f19e7ed97ee9e9ac0bbbe7,0161ed81721e89e4a3e6e49b017ca55645bd50ed66c63efb03184e7edd6322fa,未知,未知,b3a1fc5ec72ad95e258b584f936ad46befab951e0ee9e43eaa18179e34974387,无法判定,DATABASE_METADATA_IDENTITY_UNPROVEN,本批次只读；若声明、输入、Schema或授权漂移，既有结论自动失效并须追加新批次,未读取业务正文、价格、成交、订单簿、账户或凭据；身份字段不完整,为该成员提供当前版本九字段声明及逐字段Schema、授权和唯一证据定位后追加不可变批次,2d50c1344a835ceeb832796935182aeff80bb03cecc5465c8cf3aaccbd446acd,86129966e4bc55fac18f2d7602a2309d4403f85861102128a56a80a5a0ccc1ea,d4cd89e68cac705247cfffce6d158682c8f62ddb832ab7a41d50aebdc1fcc128
source-identity-declaration-20260808T050813+0800-b2487b6c41a5,ZI-c58e3b4f411f7705310fe747,DS-000291,数据库元数据,BTC,4小时;8小时;24小时;48小时,15分钟;1小时,未知,未知,未知,未知,未知,未知,未知,未知,未知,未登记,无,config/数据/来源身份声明补采.json#身份声明[],25925ef8f47870540a3333c51fe109509d1892a094f19e7ed97ee9e9ac0bbbe7,741fe59e6e2697d5dd227a7490ee195cc6895ce04818fde2fb5fbe2034a2ce81,未知,未知,b3a1fc5ec72ad95e258b584f936ad46befab951e0ee9e43eaa18179e34974387,无法判定,DATABASE_METADATA_IDENTITY_UNPROVEN,本批次只读；若声明、输入、Schema或授权漂移，既有结论自动失效并须追加新批次,未读取业务正文、价格、成交、订单簿、账户或凭据；身份字段不完整,为该成员提供当前版本九字段声明及逐字段Schema、授权和唯一证据定位后追加不可变批次,2d50c1344a835ceeb832796935182aeff80bb03cecc5465c8cf3aaccbd446acd,86129966e4bc55fac18f2d7602a2309d4403f85861102128a56a80a5a0ccc1ea,e7a7a5fa1f1efe7dfb004556b67fb39d821a61bc824e18a3de7288378bebbcf0
source-identity-declaration-20260808T050813+0800-b2487b6c41a5,ZI-9b5462a670f4c5122146997d,DS-000292,数据库元数据,BTC,4小时;8小时;24小时;48小时,15分钟;1小时,未知,未知,未知,未知,未知,未知,未知,未知,未知,未登记,无,config/数据/来源身份声明补采.json#身份声明[],25925ef8f47870540a3333c51fe109509d1892a094f19e7ed97ee9e9ac0bbbe7,d27b1f879c69916fdbbaa57607231145c16481c1e44a97e1b215aecb1cf8560a,未知,未知,b3a1fc5ec72ad95e258b584f936ad46befab951e0ee9e43eaa18179e34974387,无法判定,DATABASE_METADATA_IDENTITY_UNPROVEN,本批次只读；若声明、输入、Schema或授权漂移，既有结论自动失效并须追加新批次,未读取业务正文、价格、成交、订单簿、账户或凭据；身份字段不完整,为该成员提供当前版本九字段声明及逐字段Schema、授权和唯一证据定位后追加不可变批次,2d50c1344a835ceeb832796935182aeff80bb03cecc5465c8cf3aaccbd446acd,86129966e4bc55fac18f2d7602a2309d4403f85861102128a56a80a5a0ccc1ea,8c93072671f4c4a8f7928c9811ae9cd50d086136a24de1655b5931ea2c3785ef
source-identity-declaration-20260808T050813+0800-b2487b6c41a5,ZI-a35ba0b952b56083fc01c172,DS-000293,数据库元数据,BTC,4小时;8小时;24小时;48小时,15分钟;1小时,未知,未知,未知,未知,未知,未知,未知,未知,未知,未登记,无,config/数据/来源身份声明补采.json#身份声明[],25925ef8f47870540a3333c51fe109509d1892a094f19e7ed97ee9e9ac0bbbe7,905b8dcd9947a77fdc3bbd98eb8e21ae6935385a23c6b59bc3a9a9bf490a11ee,未知,未知,b3a1fc5ec72ad95e258b584f936ad46befab951e0ee9e43eaa18179e34974387,无法判定,DATABASE_METADATA_IDENTITY_UNPROVEN,本批次只读；若声明、输入、Schema或授权漂移，既有结论自动失效并须追加新批次,未读取业务正文、价格、成交、订单簿、账户或凭据；身份字段不完整,为该成员提供当前版本九字段声明及逐字段Schema、授权和唯一证据定位后追加不可变批次,2d50c1344a835ceeb832796935182aeff80bb03cecc5465c8cf3aaccbd446acd,86129966e4bc55fac18f2d7602a2309d4403f85861102128a56a80a5a0ccc1ea,e4a7a68996fb710f129edd1242c27e1182fb8b560e0ba242206bd633bf7554e4
source-identity-declaration-20260808T050813+0800-b2487b6c41a5,ZI-a8105ace966421a941b8339b,DS-000294,数据库元数据,BTC,4小时;8小时;24小时;48小时,15分钟;1小时,未知,未知,未知,未知,未知,未知,未知,未知,未知,未登记,无,config/数据/来源身份声明补采.json#身份声明[],25925ef8f47870540a3333c51fe109509d1892a094f19e7ed97ee9e9ac0bbbe7,6e0cb2f1b1667a8715c214ba9ec6ae7deec4b615f5f7be131aa817f0a8ad2f6f,未知,未知,b3a1fc5ec72ad95e258b584f936ad46befab951e0ee9e43eaa18179e34974387,无法判定,DATABASE_METADATA_IDENTITY_UNPROVEN,本批次只读；若声明、输入、Schema或授权漂移，既有结论自动失效并须追加新批次,未读取业务正文、价格、成交、订单簿、账户或凭据；身份字段不完整,为该成员提供当前版本九字段声明及逐字段Schema、授权和唯一证据定位后追加不可变批次,2d50c1344a835ceeb832796935182aeff80bb03cecc5465c8cf3aaccbd446acd,86129966e4bc55fac18f2d7602a2309d4403f85861102128a56a80a5a0ccc1ea,4276083f6cb99636e72d9471ae4b77199f977f04fa237c5ca56f566437c6efbe
source-identity-declaration-20260808T050813+0800-b2487b6c41a5,ZI-6a960fa71172c7a9afb936ec,DS-000295,数据库元数据,BTC,4小时;8小时;24小时;48小时,15分钟;1小时,未知,未知,未知,未知,未知,未知,未知,未知,未知,未登记,无,config/数据/来源身份声明补采.json#身份声明[],25925ef8f47870540a3333c51fe109509d1892a094f19e7ed97ee9e9ac0bbbe7,00b0e1303584f388a94ca8df6de78fd456403f5a27f9d9f3973b249efb0429a3,未知,未知,b3a1fc5ec72ad95e258b584f936ad46befab951e0ee9e43eaa18179e34974387,无法判定,DATABASE_METADATA_IDENTITY_UNPROVEN,本批次只读；若声明、输入、Schema或授权漂移，既有结论自动失效并须追加新批次,未读取业务正文、价格、成交、订单簿、账户或凭据；身份字段不完整,为该成员提供当前版本九字段声明及逐字段Schema、授权和唯一证据定位后追加不可变批次,2d50c1344a835ceeb832796935182aeff80bb03cecc5465c8cf3aaccbd446acd,86129966e4bc55fac18f2d7602a2309d4403f85861102128a56a80a5a0ccc1ea,18eceef56a426196143f5a89986fe31ab0dc8ff96d764fdbcf872ba709f9245a
source-identity-declaration-20260808T050813+0800-b2487b6c41a5,ZI-7ca528ace2904d6333d9ac25,DS-000296,数据库元数据,BTC,4小时;8小时;24小时;48小时,15分钟;1小时,未知,未知,未知,未知,未知,未知,未知,未知,未知,未登记,无,config/数据/来源身份声明补采.json#身份声明[],25925ef8f47870540a3333c51fe109509d1892a094f19e7ed97ee9e9ac0bbbe7,840669cb99560c36aaa3d535c5e9358708208a5e91f514d4ff9ab0aed933b359,未知,未知,b3a1fc5ec72ad95e258b584f936ad46befab951e0ee9e43eaa18179e34974387,无法判定,DATABASE_METADATA_IDENTITY_UNPROVEN,本批次只读；若声明、输入、Schema或授权漂移，既有结论自动失效并须追加新批次,未读取业务正文、价格、成交、订单簿、账户或凭据；身份字段不完整,为该成员提供当前版本九字段声明及逐字段Schema、授权和唯一证据定位后追加不可变批次,2d50c1344a835ceeb832796935182aeff80bb03cecc5465c8cf3aaccbd446acd,86129966e4bc55fac18f2d7602a2309d4403f85861102128a56a80a5a0ccc1ea,9e0879769faed5b1853b6efa6ceba02e9d5b1dfdaae926d2c406c4f4ede89a26
source-identity-declaration-20260808T050813+0800-b2487b6c41a5,ZI-b0b1be153e2c74bbc58931fe,DS-000297,数据库元数据,BTC,4小时;8小时;24小时;48小时,15分钟;1小时,未知,未知,未知,未知,未知,未知,未知,未知,未知,未登记,无,config/数据/来源身份声明补采.json#身份声明[],25925ef8f47870540a3333c51fe109509d1892a094f19e7ed97ee9e9ac0bbbe7,519fe32d9d7992508e1eb36adb1f37154c6813e2e5c04f9a5dfe2cdffcf5cfde,未知,未知,b3a1fc5ec72ad95e258b584f936ad46befab951e0ee9e43eaa18179e34974387,无法判定,DATABASE_METADATA_IDENTITY_UNPROVEN,本批次只读；若声明、输入、Schema或授权漂移，既有结论自动失效并须追加新批次,未读取业务正文、价格、成交、订单簿、账户或凭据；身份字段不完整,为该成员提供当前版本九字段声明及逐字段Schema、授权和唯一证据定位后追加不可变批次,2d50c1344a835ceeb832796935182aeff80bb03cecc5465c8cf3aaccbd446acd,86129966e4bc55fac18f2d7602a2309d4403f85861102128a56a80a5a0ccc1ea,a2761a2883a2bcb0a8f0112cc3c4414da1ed2de35cc359666635d915e3a448a3
source-identity-declaration-20260808T050813+0800-b2487b6c41a5,ZI-cceb0119d76a845091d90313,DS-000298,数据库元数据,BTC,4小时;8小时;24小时;48小时,15分钟;1小时,未知,未知,未知,未知,未知,未知,未知,未知,未知,未登记,无,config/数据/来源身份声明补采.json#身份声明[],25925ef8f47870540a3333c51fe109509d1892a094f19e7ed97ee9e9ac0bbbe7,64eb968ce0af5c19dc13ae90b7b806bd0d73999377991bbb47f2975459c7adde,未知,未知,b3a1fc5ec72ad95e258b584f936ad46befab951e0ee9e43eaa18179e34974387,无法判定,DATABASE_METADATA_IDENTITY_UNPROVEN,本批次只读；若声明、输入、Schema或授权漂移，既有结论自动失效并须追加新批次,未读取业务正文、价格、成交、订单簿、账户或凭据；身份字段不完整,为该成员提供当前版本九字段声明及逐字段Schema、授权和唯一证据定位后追加不可变批次,2d50c1344a835ceeb832796935182aeff80bb03cecc5465c8cf3aaccbd446acd,86129966e4bc55fac18f2d7602a2309d4403f85861102128a56a80a5a0ccc1ea,32d8a21650ccf02ed698f127595553d9c6a99a29a9a8eb3a91f084073614ff37
source-identity-declaration-20260808T050813+0800-b2487b6c41a5,ZI-79efc93262b446e9d98b76ba,DS-000299,数据库元数据,BTC,4小时;8小时;24小时;48小时,15分钟;1小时,未知,未知,未知,未知,未知,未知,未知,未知,未知,未登记,无,config/数据/来源身份声明补采.json#身份声明[],25925ef8f47870540a3333c51fe109509d1892a094f19e7ed97ee9e9ac0bbbe7,7572c0a41b5a2a39c80656f400dbe60f8ab0bd79c0fb5c3e7b44fee53f730755,未知,未知,b3a1fc5ec72ad95e258b584f936ad46befab951e0ee9e43eaa18179e34974387,无法判定,DATABASE_METADATA_IDENTITY_UNPROVEN,本批次只读；若声明、输入、Schema或授权漂移，既有结论自动失效并须追加新批次,未读取业务正文、价格、成交、订单簿、账户或凭据；身份字段不完整,为该成员提供当前版本九字段声明及逐字段Schema、授权和唯一证据定位后追加不可变批次,2d50c1344a835ceeb832796935182aeff80bb03cecc5465c8cf3aaccbd446acd,86129966e4bc55fac18f2d7602a2309d4403f85861102128a56a80a5a0ccc1ea,49edc7e0cb6b3b5891fed0419a5e9440be8f963d2961b455d7dd28e6c2180121
source-identity-declaration-20260808T050813+0800-b2487b6c41a5,ZI-e76d2134142142ad4b8f28cb,DS-000300,数据库元数据,BTC,4小时;8小时;24小时;48小时,15分钟;1小时,未知,未知,未知,未知,未知,未知,未知,未知,未知,未登记,无,config/数据/来源身份声明补采.json#身份声明[],25925ef8f47870540a3333c51fe109509d1892a094f19e7ed97ee9e9ac0bbbe7,2e8a058057540064073e8868839e18fe0dcf848fcecc872fe0f732e40796d068,未知,未知,b3a1fc5ec72ad95e258b584f936ad46befab951e0ee9e43eaa18179e34974387,无法判定,DATABASE_METADATA_IDENTITY_UNPROVEN,本批次只读；若声明、输入、Schema或授权漂移，既有结论自动失效并须追加新批次,未读取业务正文、价格、成交、订单簿、账户或凭据；身份字段不完整,为该成员提供当前版本九字段声明及逐字段Schema、授权和唯一证据定位后追加不可变批次,2d50c1344a835ceeb832796935182aeff80bb03cecc5465c8cf3aaccbd446acd,86129966e4bc55fac18f2d7602a2309d4403f85861102128a56a80a5a0ccc1ea,27840333279f2990d19a09d422ad1283dff3a78d9b9d3f2f07380b9173004eae
source-identity-declaration-20260808T050813+0800-b2487b6c41a5,ZI-6b9507c0f667730b1c25338d,DS-000301,数据库元数据,BTC,4小时;8小时;24小时;48小时,15分钟;1小时,未知,未知,未知,未知,未知,未知,未知,未知,未知,未登记,无,config/数据/来源身份声明补采.json#身份声明[],25925ef8f47870540a3333c51fe109509d1892a094f19e7ed97ee9e9ac0bbbe7,68f2f1d195a17ce77287aa8d9a2fddb75a21fdd657b03eaab6484f64e3fa61e6,未知,未知,b3a1fc5ec72ad95e258b584f936ad46befab951e0ee9e43eaa18179e34974387,无法判定,DATABASE_METADATA_IDENTITY_UNPROVEN,本批次只读；若声明、输入、Schema或授权漂移，既有结论自动失效并须追加新批次,未读取业务正文、价格、成交、订单簿、账户或凭据；身份字段不完整,为该成员提供当前版本九字段声明及逐字段Schema、授权和唯一证据定位后追加不可变批次,2d50c1344a835ceeb832796935182aeff80bb03cecc5465c8cf3aaccbd446acd,86129966e4bc55fac18f2d7602a2309d4403f85861102128a56a80a5a0ccc1ea,1eda9bb347683a8371819aef37a9b0c416c3434e12f9d26139efdc05409e8280
source-identity-declaration-20260808T050813+0800-b2487b6c41a5,ZI-a3de4220ce194e2c0f75e45d,DS-000302,数据库元数据,BTC,4小时;8小时;24小时;48小时,15分钟;1小时,未知,未知,未知,未知,未知,未知,未知,未知,未知,未登记,无,config/数据/来源身份声明补采.json#身份声明[],25925ef8f47870540a3333c51fe109509d1892a094f19e7ed97ee9e9ac0bbbe7,e8d81d71207f009298d9aa62cd4ca70df93f6bd9915064653ce32f4250ba9119,未知,未知,b3a1fc5ec72ad95e258b584f936ad46befab951e0ee9e43eaa18179e34974387,无法判定,DATABASE_METADATA_IDENTITY_UNPROVEN,本批次只读；若声明、输入、Schema或授权漂移，既有结论自动失效并须追加新批次,未读取业务正文、价格、成交、订单簿、账户或凭据；身份字段不完整,为该成员提供当前版本九字段声明及逐字段Schema、授权和唯一证据定位后追加不可变批次,2d50c1344a835ceeb832796935182aeff80bb03cecc5465c8cf3aaccbd446acd,86129966e4bc55fac18f2d7602a2309d4403f85861102128a56a80a5a0ccc1ea,8bea84b905533b9826301e230f9f1ef8a52ce23ce962598cb4c6823203de037d
source-identity-declaration-20260808T050813+0800-b2487b6c41a5,ZI-63a4a8191f5338c21eac18d2,DS-000303,数据库元数据,BTC,4小时;8小时;24小时;48小时,15分钟;1小时,未知,未知,未知,未知,未知,未知,未知,未知,未知,未登记,无,config/数据/来源身份声明补采.json#身份声明[],25925ef8f47870540a3333c51fe109509d1892a094f19e7ed97ee9e9ac0bbbe7,2fc35c9965af5ebfd8dc154f1e3abc90aab6452dcabcb63be6c0ba42b99b66ae,未知,未知,b3a1fc5ec72ad95e258b584f936ad46befab951e0ee9e43eaa18179e34974387,无法判定,DATABASE_METADATA_IDENTITY_UNPROVEN,本批次只读；若声明、输入、Schema或授权漂移，既有结论自动失效并须追加新批次,未读取业务正文、价格、成交、订单簿、账户或凭据；身份字段不完整,为该成员提供当前版本九字段声明及逐字段Schema、授权和唯一证据定位后追加不可变批次,2d50c1344a835ceeb832796935182aeff80bb03cecc5465c8cf3aaccbd446acd,86129966e4bc55fac18f2d7602a2309d4403f85861102128a56a80a5a0ccc1ea,9757d16428ebc742c56e3c562c332c5c3fcff6d993fcfb2c1a7985ac62aa0635
source-identity-declaration-20260808T050813+0800-b2487b6c41a5,ZI-96f78e47a4eb937919a7a7e9,DS-000304,数据库元数据,BTC,4小时;8小时;24小时;48小时,15分钟;1小时,未知,未知,未知,未知,未知,未知,未知,未知,未知,未登记,无,config/数据/来源身份声明补采.json#身份声明[],25925ef8f47870540a3333c51fe109509d1892a094f19e7ed97ee9e9ac0bbbe7,c2c9fa3961b41e9e259be6490ed521b9165aadf0b1b4b1916440fb67cae1c923,未知,未知,b3a1fc5ec72ad95e258b584f936ad46befab951e0ee9e43eaa18179e34974387,无法判定,DATABASE_METADATA_IDENTITY_UNPROVEN,本批次只读；若声明、输入、Schema或授权漂移，既有结论自动失效并须追加新批次,未读取业务正文、价格、成交、订单簿、账户或凭据；身份字段不完整,为该成员提供当前版本九字段声明及逐字段Schema、授权和唯一证据定位后追加不可变批次,2d50c1344a835ceeb832796935182aeff80bb03cecc5465c8cf3aaccbd446acd,86129966e4bc55fac18f2d7602a2309d4403f85861102128a56a80a5a0ccc1ea,2e513686ca16cee545a0ec02a136f7c987fb390f5dabd4e1e8c281445ae221c6
source-identity-declaration-20260808T050813+0800-b2487b6c41a5,ZI-99e036f2b1093b4f286f64a5,DS-000305,数据库元数据,BTC,4小时;8小时;24小时;48小时,15分钟;1小时,未知,未知,未知,未知,未知,未知,未知,未知,未知,未登记,无,config/数据/来源身份声明补采.json#身份声明[],25925ef8f47870540a3333c51fe109509d1892a094f19e7ed97ee9e9ac0bbbe7,64f87095fb4955a4cfbe2e6f8e643fa38d859fef411eb73741cdd2be79d23468,未知,未知,b3a1fc5ec72ad95e258b584f936ad46befab951e0ee9e43eaa18179e34974387,无法判定,DATABASE_METADATA_IDENTITY_UNPROVEN,本批次只读；若声明、输入、Schema或授权漂移，既有结论自动失效并须追加新批次,未读取业务正文、价格、成交、订单簿、账户或凭据；身份字段不完整,为该成员提供当前版本九字段声明及逐字段Schema、授权和唯一证据定位后追加不可变批次,2d50c1344a835ceeb832796935182aeff80bb03cecc5465c8cf3aaccbd446acd,86129966e4bc55fac18f2d7602a2309d4403f85861102128a56a80a5a0ccc1ea,0ec75568b888894ea2617b5fd466941b554b2e0b7d634972921cbd9c547119e2
source-identity-declaration-20260808T050813+0800-b2487b6c41a5,ZI-835a741c0f97b5c8b8f58b9a,DS-000306,数据库元数据,BTC,4小时;8小时;24小时;48小时,15分钟;1小时,未知,未知,未知,未知,未知,未知,未知,未知,未知,未登记,无,config/数据/来源身份声明补采.json#身份声明[],25925ef8f47870540a3333c51fe109509d1892a094f19e7ed97ee9e9ac0bbbe7,93e7c4e4eac3841772d4795c85297a7e79c010b12b8cf30b7a3ff8517f7146e9,未知,未知,b3a1fc5ec72ad95e258b584f936ad46befab951e0ee9e43eaa18179e34974387,无法判定,DATABASE_METADATA_IDENTITY_UNPROVEN,本批次只读；若声明、输入、Schema或授权漂移，既有结论自动失效并须追加新批次,未读取业务正文、价格、成交、订单簿、账户或凭据；身份字段不完整,为该成员提供当前版本九字段声明及逐字段Schema、授权和唯一证据定位后追加不可变批次,2d50c1344a835ceeb832796935182aeff80bb03cecc5465c8cf3aaccbd446acd,86129966e4bc55fac18f2d7602a2309d4403f85861102128a56a80a5a0ccc1ea,60999f10a0b3ff666dab1f545aed9dabded2222649b1e70db2a3422b6ff96e8f
source-identity-declaration-20260808T050813+0800-b2487b6c41a5,ZI-0658842d2088ed09b24efc97,DS-000307,数据库元数据,BTC,4小时;8小时;24小时;48小时,15分钟;1小时,未知,未知,未知,未知,未知,未知,未知,未知,未知,未登记,无,config/数据/来源身份声明补采.json#身份声明[],25925ef8f47870540a3333c51fe109509d1892a094f19e7ed97ee9e9ac0bbbe7,f951a13aeb2596cef4686717db03149070ba793813ddb720dac7f5c236b8dccd,未知,未知,b3a1fc5ec72ad95e258b584f936ad46befab951e0ee9e43eaa18179e34974387,无法判定,DATABASE_METADATA_IDENTITY_UNPROVEN,本批次只读；若声明、输入、Schema或授权漂移，既有结论自动失效并须追加新批次,未读取业务正文、价格、成交、订单簿、账户或凭据；身份字段不完整,为该成员提供当前版本九字段声明及逐字段Schema、授权和唯一证据定位后追加不可变批次,2d50c1344a835ceeb832796935182aeff80bb03cecc5465c8cf3aaccbd446acd,86129966e4bc55fac18f2d7602a2309d4403f85861102128a56a80a5a0ccc1ea,563c8940d74e57fa109349ed4ed097349c1aadfa63faa859feeb450ce9d93cca
source-identity-declaration-20260808T050813+0800-b2487b6c41a5,ZI-535216234191be483b87ed88,DS-000308,数据库元数据,BTC,4小时;8小时;24小时;48小时,15分钟;1小时,未知,未知,未知,未知,未知,未知,未知,未知,未知,未登记,无,config/数据/来源身份声明补采.json#身份声明[],25925ef8f47870540a3333c51fe109509d1892a094f19e7ed97ee9e9ac0bbbe7,8325e80640f1b6415b025ce8839ede1edf84d7984d84e0e4a7de7cae12f2fdfc,未知,未知,b3a1fc5ec72ad95e258b584f936ad46befab951e0ee9e43eaa18179e34974387,无法判定,DATABASE_METADATA_IDENTITY_UNPROVEN,本批次只读；若声明、输入、Schema或授权漂移，既有结论自动失效并须追加新批次,未读取业务正文、价格、成交、订单簿、账户或凭据；身份字段不完整,为该成员提供当前版本九字段声明及逐字段Schema、授权和唯一证据定位后追加不可变批次,2d50c1344a835ceeb832796935182aeff80bb03cecc5465c8cf3aaccbd446acd,86129966e4bc55fac18f2d7602a2309d4403f85861102128a56a80a5a0ccc1ea,52835a17d67fe63dafcff8bf7c02bb00e5f95f433ba372b2b069e9f15ea63f7a
source-identity-declaration-20260808T050813+0800-b2487b6c41a5,ZI-1113435211180071dee9be25,DS-000309,数据库元数据,BTC,4小时;8小时;24小时;48小时,15分钟;1小时,未知,未知,未知,未知,未知,未知,未知,未知,未知,未登记,无,config/数据/来源身份声明补采.json#身份声明[],25925ef8f47870540a3333c51fe109509d1892a094f19e7ed97ee9e9ac0bbbe7,31401b834ceb9f05e15f20aead63529cec7ac915394e5e58399ff7267639644e,未知,未知,b3a1fc5ec72ad95e258b584f936ad46befab951e0ee9e43eaa18179e34974387,无法判定,DATABASE_METADATA_IDENTITY_UNPROVEN,本批次只读；若声明、输入、Schema或授权漂移，既有结论自动失效并须追加新批次,未读取业务正文、价格、成交、订单簿、账户或凭据；身份字段不完整,为该成员提供当前版本九字段声明及逐字段Schema、授权和唯一证据定位后追加不可变批次,2d50c1344a835ceeb832796935182aeff80bb03cecc5465c8cf3aaccbd446acd,86129966e4bc55fac18f2d7602a2309d4403f85861102128a56a80a5a0ccc1ea,922aec9f3cb9bf5844f18727ad301cca1c6c036aa991ed4eb777e086d70ecb8f
source-identity-declaration-20260808T050813+0800-b2487b6c41a5,ZI-5a402a12be02ee6d7c30eec4,DS-000310,数据库元数据,BTC,4小时;8小时;24小时;48小时,15分钟;1小时,未知,未知,未知,未知,未知,未知,未知,未知,未知,未登记,无,config/数据/来源身份声明补采.json#身份声明[],25925ef8f47870540a3333c51fe109509d1892a094f19e7ed97ee9e9ac0bbbe7,ac10b24605fd1b3d106ccfff94457604218999ca63a55631072e36d168a1244b,未知,未知,b3a1fc5ec72ad95e258b584f936ad46befab951e0ee9e43eaa18179e34974387,无法判定,DATABASE_METADATA_IDENTITY_UNPROVEN,本批次只读；若声明、输入、Schema或授权漂移，既有结论自动失效并须追加新批次,未读取业务正文、价格、成交、订单簿、账户或凭据；身份字段不完整,为该成员提供当前版本九字段声明及逐字段Schema、授权和唯一证据定位后追加不可变批次,2d50c1344a835ceeb832796935182aeff80bb03cecc5465c8cf3aaccbd446acd,86129966e4bc55fac18f2d7602a2309d4403f85861102128a56a80a5a0ccc1ea,0d2996558b2f144b57e59f7c0b805035ac674097c7b0e6e54e81e9c90bbe6dae
source-identity-declaration-20260808T050813+0800-b2487b6c41a5,ZI-9a6ab07c6edbc9b483925bf6,DS-000311,数据库元数据,BTC,4小时;8小时;24小时;48小时,15分钟;1小时,未知,未知,未知,未知,未知,未知,未知,未知,未知,未登记,无,config/数据/来源身份声明补采.json#身份声明[],25925ef8f47870540a3333c51fe109509d1892a094f19e7ed97ee9e9ac0bbbe7,57408a49d126b606bdaf83ab4bb7bd02b4710b2376040c3190ae1bd4473d4d85,未知,未知,b3a1fc5ec72ad95e258b584f936ad46befab951e0ee9e43eaa18179e34974387,无法判定,DATABASE_METADATA_IDENTITY_UNPROVEN,本批次只读；若声明、输入、Schema或授权漂移，既有结论自动失效并须追加新批次,未读取业务正文、价格、成交、订单簿、账户或凭据；身份字段不完整,为该成员提供当前版本九字段声明及逐字段Schema、授权和唯一证据定位后追加不可变批次,2d50c1344a835ceeb832796935182aeff80bb03cecc5465c8cf3aaccbd446acd,86129966e4bc55fac18f2d7602a2309d4403f85861102128a56a80a5a0ccc1ea,72c2f445420630eef3c01d5beba5a96e9f8563390b625eab60aef6dbd71e2ede
source-identity-declaration-20260808T050813+0800-b2487b6c41a5,ZI-f934f2266c1453fb0bed28d8,DS-000312,数据库元数据,BTC,4小时;8小时;24小时;48小时,15分钟;1小时,未知,未知,未知,未知,未知,未知,未知,未知,未知,未登记,无,config/数据/来源身份声明补采.json#身份声明[],25925ef8f47870540a3333c51fe109509d1892a094f19e7ed97ee9e9ac0bbbe7,24985dde3d2f6f5a945237e33c528ce0e95350fb8b3217ef26e40ffd00f660b3,未知,未知,b3a1fc5ec72ad95e258b584f936ad46befab951e0ee9e43eaa18179e34974387,无法判定,DATABASE_METADATA_IDENTITY_UNPROVEN,本批次只读；若声明、输入、Schema或授权漂移，既有结论自动失效并须追加新批次,未读取业务正文、价格、成交、订单簿、账户或凭据；身份字段不完整,为该成员提供当前版本九字段声明及逐字段Schema、授权和唯一证据定位后追加不可变批次,2d50c1344a835ceeb832796935182aeff80bb03cecc5465c8cf3aaccbd446acd,86129966e4bc55fac18f2d7602a2309d4403f85861102128a56a80a5a0ccc1ea,fdaa6cd674300cac0cc965d068bf28eb41f2bd753cb2cae617fd9bf26c07d88b
source-identity-declaration-20260808T050813+0800-b2487b6c41a5,ZI-4f781c46c7f513f3e293caf1,DS-000313,数据库元数据,BTC,4小时;8小时;24小时;48小时,15分钟;1小时,未知,未知,未知,未知,未知,未知,未知,未知,未知,未登记,无,config/数据/来源身份声明补采.json#身份声明[],25925ef8f47870540a3333c51fe109509d1892a094f19e7ed97ee9e9ac0bbbe7,fbf6a194337eeb0d40c519c90f46b6442593773512e0e365faa6d9c1d6f562cf,未知,未知,b3a1fc5ec72ad95e258b584f936ad46befab951e0ee9e43eaa18179e34974387,无法判定,DATABASE_METADATA_IDENTITY_UNPROVEN,本批次只读；若声明、输入、Schema或授权漂移，既有结论自动失效并须追加新批次,未读取业务正文、价格、成交、订单簿、账户或凭据；身份字段不完整,为该成员提供当前版本九字段声明及逐字段Schema、授权和唯一证据定位后追加不可变批次,2d50c1344a835ceeb832796935182aeff80bb03cecc5465c8cf3aaccbd446acd,86129966e4bc55fac18f2d7602a2309d4403f85861102128a56a80a5a0ccc1ea,13c4af97d93f25088e3363dd4edc818a916ca3be4584f12e499ef3efdf1935d6
source-identity-declaration-20260808T050813+0800-b2487b6c41a5,ZI-664d2574f8ab01163a25d595,DS-000314,数据库元数据,BTC,4小时;8小时;24小时;48小时,15分钟;1小时,未知,未知,未知,未知,未知,未知,未知,未知,未知,未登记,无,config/数据/来源身份声明补采.json#身份声明[],25925ef8f47870540a3333c51fe109509d1892a094f19e7ed97ee9e9ac0bbbe7,9db3a44ee859910c7b18a87c166d510b153a770c91474a6c557219b2815719be,未知,未知,b3a1fc5ec72ad95e258b584f936ad46befab951e0ee9e43eaa18179e34974387,无法判定,DATABASE_METADATA_IDENTITY_UNPROVEN,本批次只读；若声明、输入、Schema或授权漂移，既有结论自动失效并须追加新批次,未读取业务正文、价格、成交、订单簿、账户或凭据；身份字段不完整,为该成员提供当前版本九字段声明及逐字段Schema、授权和唯一证据定位后追加不可变批次,2d50c1344a835ceeb832796935182aeff80bb03cecc5465c8cf3aaccbd446acd,86129966e4bc55fac18f2d7602a2309d4403f85861102128a56a80a5a0ccc1ea,4b82ed647209a4759b23cbdad760c9e48fcd2504f231044067f29c5babacdf01
source-identity-declaration-20260808T050813+0800-b2487b6c41a5,ZI-6c7b1beec974abfd29a0e66e,DS-000315,数据库元数据,BTC,4小时;8小时;24小时;48小时,15分钟;1小时,未知,未知,未知,未知,未知,未知,未知,未知,未知,未登记,无,config/数据/来源身份声明补采.json#身份声明[],25925ef8f47870540a3333c51fe109509d1892a094f19e7ed97ee9e9ac0bbbe7,28745a43fd92afac3d70cee4ddad3491844d97472d4dda22369d8ad811b9cb19,未知,未知,b3a1fc5ec72ad95e258b584f936ad46befab951e0ee9e43eaa18179e34974387,无法判定,DATABASE_METADATA_IDENTITY_UNPROVEN,本批次只读；若声明、输入、Schema或授权漂移，既有结论自动失效并须追加新批次,未读取业务正文、价格、成交、订单簿、账户或凭据；身份字段不完整,为该成员提供当前版本九字段声明及逐字段Schema、授权和唯一证据定位后追加不可变批次,2d50c1344a835ceeb832796935182aeff80bb03cecc5465c8cf3aaccbd446acd,86129966e4bc55fac18f2d7602a2309d4403f85861102128a56a80a5a0ccc1ea,abf61b28ff558ab8b725935e287e1d72c4a095e829e599c394f2221353f0d672
source-identity-declaration-20260808T050813+0800-b2487b6c41a5,ZI-92c90a90bbc0841d7e48f8d6,DS-000316,数据库元数据,BTC,4小时;8小时;24小时;48小时,15分钟;1小时,未知,未知,未知,未知,未知,未知,未知,未知,未知,未登记,无,config/数据/来源身份声明补采.json#身份声明[],25925ef8f47870540a3333c51fe109509d1892a094f19e7ed97ee9e9ac0bbbe7,993ed72bd9aee1183676bb2ffb712c4bb01996d8dc0f601b657d49e62b1cc37c,未知,未知,b3a1fc5ec72ad95e258b584f936ad46befab951e0ee9e43eaa18179e34974387,无法判定,DATABASE_METADATA_IDENTITY_UNPROVEN,本批次只读；若声明、输入、Schema或授权漂移，既有结论自动失效并须追加新批次,未读取业务正文、价格、成交、订单簿、账户或凭据；身份字段不完整,为该成员提供当前版本九字段声明及逐字段Schema、授权和唯一证据定位后追加不可变批次,2d50c1344a835ceeb832796935182aeff80bb03cecc5465c8cf3aaccbd446acd,86129966e4bc55fac18f2d7602a2309d4403f85861102128a56a80a5a0ccc1ea,b3357dc64f42422982d12d8d2ec25ce31ec85c89c770d27dba53a21bdf92f1a1
source-identity-declaration-20260808T050813+0800-b2487b6c41a5,ZI-c5c903e8e1925632a9160c98,DS-000001,候选数据文件,ETH,4小时;8小时;24小时;48小时,15分钟;1小时,未知,未知,未知,未知,未知,未知,未知,未知,未知,未登记,无,config/数据/来源身份声明补采.json#身份声明[],25925ef8f47870540a3333c51fe109509d1892a094f19e7ed97ee9e9ac0bbbe7,6f210f5cac4068efe59c05ccd83b4aa2dd366ae73b635fbc253611e4e60c34bb,89a61d1b284ecb4c2efa9cd21672c029431dd278c6a1aec5d1bea1d069e8319d,未知,b3a1fc5ec72ad95e258b584f936ad46befab951e0ee9e43eaa18179e34974387,拒绝,INPUT_MEMBER_REJECTED,本批次只读；若声明、输入、Schema或授权漂移，既有结论自动失效并须追加新批次,未读取业务正文、价格、成交、订单簿、账户或凭据；身份字段不完整,为该成员提供当前版本九字段声明及逐字段Schema、授权和唯一证据定位后追加不可变批次,2d50c1344a835ceeb832796935182aeff80bb03cecc5465c8cf3aaccbd446acd,86129966e4bc55fac18f2d7602a2309d4403f85861102128a56a80a5a0ccc1ea,018af8d8e432e0f24e31e98e6fda870b26c9981c65592be97711eebb3beeb906
source-identity-declaration-20260808T050813+0800-b2487b6c41a5,ZI-279894722b92c663c0dd6dab,DS-000002,候选数据文件,ETH,4小时;8小时;24小时;48小时,15分钟;1小时,未知,未知,未知,未知,未知,未知,未知,未知,未知,未登记,无,config/数据/来源身份声明补采.json#身份声明[],25925ef8f47870540a3333c51fe109509d1892a094f19e7ed97ee9e9ac0bbbe7,6b54cfaecaba756425d105f3eb174d67dda343b196c6d4d553b4ccf22dac9a4b,c1fca4bfb6236fbcc08d28c45d10a7c574d6bd84136ec84c1da40ed53f97d4de,未知,b3a1fc5ec72ad95e258b584f936ad46befab951e0ee9e43eaa18179e34974387,无法判定,FILE_STAT_OBSERVED_IDENTITY_UNPROVEN,本批次只读；若声明、输入、Schema或授权漂移，既有结论自动失效并须追加新批次,未读取业务正文、价格、成交、订单簿、账户或凭据；身份字段不完整,为该成员提供当前版本九字段声明及逐字段Schema、授权和唯一证据定位后追加不可变批次,2d50c1344a835ceeb832796935182aeff80bb03cecc5465c8cf3aaccbd446acd,86129966e4bc55fac18f2d7602a2309d4403f85861102128a56a80a5a0ccc1ea,1a4851d7ae5de0d49392a1707441ffef5ef2da1c17a1472fa05b884afbf781d2
source-identity-declaration-20260808T050813+0800-b2487b6c41a5,ZI-bdc11e9d61341a2c9190bedb,DS-000003,候选数据文件,ETH,4小时;8小时;24小时;48小时,15分钟;1小时,未知,未知,未知,未知,未知,未知,未知,未知,未知,未登记,无,config/数据/来源身份声明补采.json#身份声明[],25925ef8f47870540a3333c51fe109509d1892a094f19e7ed97ee9e9ac0bbbe7,eed06d83a64889d174bf4470b7f403841c1b8cbef394fdcd7d26373548bc330a,5e5bb8ec43c73120c4a424eaed68bbb10c9e9070e8420761d724e1829b18f01c,未知,b3a1fc5ec72ad95e258b584f936ad46befab951e0ee9e43eaa18179e34974387,无法判定,FILE_STAT_OBSERVED_IDENTITY_UNPROVEN,本批次只读；若声明、输入、Schema或授权漂移，既有结论自动失效并须追加新批次,未读取业务正文、价格、成交、订单簿、账户或凭据；身份字段不完整,为该成员提供当前版本九字段声明及逐字段Schema、授权和唯一证据定位后追加不可变批次,2d50c1344a835ceeb832796935182aeff80bb03cecc5465c8cf3aaccbd446acd,86129966e4bc55fac18f2d7602a2309d4403f85861102128a56a80a5a0ccc1ea,e3a1175950059e53a87f76888a73b9777adffdeba34e0ee1c3596f2aa8be8290
source-identity-declaration-20260808T050813+0800-b2487b6c41a5,ZI-f48b5e18e673871688598192,DS-000004,候选数据文件,ETH,4小时;8小时;24小时;48小时,15分钟;1小时,未知,未知,未知,未知,未知,未知,未知,未知,未知,未登记,无,config/数据/来源身份声明补采.json#身份声明[],25925ef8f47870540a3333c51fe109509d1892a094f19e7ed97ee9e9ac0bbbe7,f294fc879772804fde50e9093715f6f79193e34ec200003d39435c80c660dc0f,3287b26322b71db0be85d5072577cd04be5b75d46310013bd7fcb182d2050e05,未知,b3a1fc5ec72ad95e258b584f936ad46befab951e0ee9e43eaa18179e34974387,无法判定,FILE_STAT_OBSERVED_IDENTITY_UNPROVEN,本批次只读；若声明、输入、Schema或授权漂移，既有结论自动失效并须追加新批次,未读取业务正文、价格、成交、订单簿、账户或凭据；身份字段不完整,为该成员提供当前版本九字段声明及逐字段Schema、授权和唯一证据定位后追加不可变批次,2d50c1344a835ceeb832796935182aeff80bb03cecc5465c8cf3aaccbd446acd,86129966e4bc55fac18f2d7602a2309d4403f85861102128a56a80a5a0ccc1ea,39540e60246e3ef8ffcbd0b5f58baa65dd61cda6d3cf47a7bf5014fe26e0045a
source-identity-declaration-20260808T050813+0800-b2487b6c41a5,ZI-8353e10a871d52c975353c3f,DS-000005,候选数据文件,ETH,4小时;8小时;24小时;48小时,15分钟;1小时,未知,未知,未知,未知,未知,未知,未知,未知,未知,未登记,无,config/数据/来源身份声明补采.json#身份声明[],25925ef8f47870540a3333c51fe109509d1892a094f19e7ed97ee9e9ac0bbbe7,c3a0b74beeb3a1728b5565c3f43d47d2233ef0001367bb8588714e9f0f4d5adc,630ba5fb9aeda873efd55e45da5e941b0e4b31e4e024c2e9a7b8832a869f88d6,未知,b3a1fc5ec72ad95e258b584f936ad46befab951e0ee9e43eaa18179e34974387,无法判定,FILE_STAT_OBSERVED_IDENTITY_UNPROVEN,本批次只读；若声明、输入、Schema或授权漂移，既有结论自动失效并须追加新批次,未读取业务正文、价格、成交、订单簿、账户或凭据；身份字段不完整,为该成员提供当前版本九字段声明及逐字段Schema、授权和唯一证据定位后追加不可变批次,2d50c1344a835ceeb832796935182aeff80bb03cecc5465c8cf3aaccbd446acd,86129966e4bc55fac18f2d7602a2309d4403f85861102128a56a80a5a0ccc1ea,1de1967891cf6253553e22c73610f45344b44bb9c39726eb85251a262ae5aa77
source-identity-declaration-20260808T050813+0800-b2487b6c41a5,ZI-02bb55334ca878f1e490d263,DS-000006,候选数据文件,ETH,4小时;8小时;24小时;48小时,15分钟;1小时,未知,未知,未知,未知,未知,未知,未知,未知,未知,未登记,无,config/数据/来源身份声明补采.json#身份声明[],25925ef8f47870540a3333c51fe109509d1892a094f19e7ed97ee9e9ac0bbbe7,078e5f02252ebb65f8c728bc0c504e3a3d3e783ebbd2641e58b3841ea530fb97,08fac2370d4c7bd7117f20502bdb0224fd890d3c9be37d9c73c02d75297322f4,未知,b3a1fc5ec72ad95e258b584f936ad46befab951e0ee9e43eaa18179e34974387,无法判定,FILE_STAT_OBSERVED_IDENTITY_UNPROVEN,本批次只读；若声明、输入、Schema或授权漂移，既有结论自动失效并须追加新批次,未读取业务正文、价格、成交、订单簿、账户或凭据；身份字段不完整,为该成员提供当前版本九字段声明及逐字段Schema、授权和唯一证据定位后追加不可变批次,2d50c1344a835ceeb832796935182aeff80bb03cecc5465c8cf3aaccbd446acd,86129966e4bc55fac18f2d7602a2309d4403f85861102128a56a80a5a0ccc1ea,a2e78137127143205602dad2af297f8a224b0bc1dbfc110733177ff00cde1a49
source-identity-declaration-20260808T050813+0800-b2487b6c41a5,ZI-ab8649c928c32ab7bfff8287,DS-000007,候选数据文件,ETH,4小时;8小时;24小时;48小时,15分钟;1小时,未知,未知,未知,未知,未知,未知,未知,未知,未知,未登记,无,config/数据/来源身份声明补采.json#身份声明[],25925ef8f47870540a3333c51fe109509d1892a094f19e7ed97ee9e9ac0bbbe7,3d27809f20371a08ed176c677aaefe132b6a4fc3c9b9acf202f0e6982c17d731,05d74030c6aaf7fa78598833ba5f3c46562fea5b6c7527e83222db699a0f7405,未知,b3a1fc5ec72ad95e258b584f936ad46befab951e0ee9e43eaa18179e34974387,无法判定,FILE_STAT_OBSERVED_IDENTITY_UNPROVEN,本批次只读；若声明、输入、Schema或授权漂移，既有结论自动失效并须追加新批次,未读取业务正文、价格、成交、订单簿、账户或凭据；身份字段不完整,为该成员提供当前版本九字段声明及逐字段Schema、授权和唯一证据定位后追加不可变批次,2d50c1344a835ceeb832796935182aeff80bb03cecc5465c8cf3aaccbd446acd,86129966e4bc55fac18f2d7602a2309d4403f85861102128a56a80a5a0ccc1ea,bc1e1b0b5ae5f6d8f5dab6bdfcf6354fe90684913f61319f9e045ab0a7e062c7
source-identity-declaration-20260808T050813+0800-b2487b6c41a5,ZI-803cad160ec9877f5950adb0,DS-000008,候选数据文件,ETH,4小时;8小时;24小时;48小时,15分钟;1小时,未知,未知,未知,未知,未知,未知,未知,未知,未知,未登记,无,config/数据/来源身份声明补采.json#身份声明[],25925ef8f47870540a3333c51fe109509d1892a094f19e7ed97ee9e9ac0bbbe7,c41e435f351a0e89dcf979f9d54f0c4bf6732364a3fa041800b57b48d68dcad2,da0b82ebabe316093f40d07627662bfa6a1f3dda512b3233bda02699bf31741a,未知,b3a1fc5ec72ad95e258b584f936ad46befab951e0ee9e43eaa18179e34974387,无法判定,FILE_STAT_OBSERVED_IDENTITY_UNPROVEN,本批次只读；若声明、输入、Schema或授权漂移，既有结论自动失效并须追加新批次,未读取业务正文、价格、成交、订单簿、账户或凭据；身份字段不完整,为该成员提供当前版本九字段声明及逐字段Schema、授权和唯一证据定位后追加不可变批次,2d50c1344a835ceeb832796935182aeff80bb03cecc5465c8cf3aaccbd446acd,86129966e4bc55fac18f2d7602a2309d4403f85861102128a56a80a5a0ccc1ea,aec5498467084c7b474e3903bb496fba86382e6921becec37899520d66f8af92
source-identity-declaration-20260808T050813+0800-b2487b6c41a5,ZI-cb3f201795dbfc35bf020cc4,DS-000009,候选数据文件,ETH,4小时;8小时;24小时;48小时,15分钟;1小时,未知,未知,未知,未知,未知,未知,未知,未知,未知,未登记,无,config/数据/来源身份声明补采.json#身份声明[],25925ef8f47870540a3333c51fe109509d1892a094f19e7ed97ee9e9ac0bbbe7,57f0db998d6317598e4c7335c89cb4bd04ec0e20592158cfc71f6fc34aa5ad44,1c84e71b28c261da9b2ee0e2a3c8b1068b142a85cd360a8ad0fd9b59f66bfac4,未知,b3a1fc5ec72ad95e258b584f936ad46befab951e0ee9e43eaa18179e34974387,无法判定,FILE_STAT_OBSERVED_IDENTITY_UNPROVEN,本批次只读；若声明、输入、Schema或授权漂移，既有结论自动失效并须追加新批次,未读取业务正文、价格、成交、订单簿、账户或凭据；身份字段不完整,为该成员提供当前版本九字段声明及逐字段Schema、授权和唯一证据定位后追加不可变批次,2d50c1344a835ceeb832796935182aeff80bb03cecc5465c8cf3aaccbd446acd,86129966e4bc55fac18f2d7602a2309d4403f85861102128a56a80a5a0ccc1ea,984ae501bc711a03386a545b62f90e4ba4cc229480e2335e562dac44d03329c2
source-identity-declaration-20260808T050813+0800-b2487b6c41a5,ZI-a0bd838ee633afa643f72fdb,DS-000010,候选数据文件,ETH,4小时;8小时;24小时;48小时,15分钟;1小时,未知,未知,未知,未知,未知,未知,未知,未知,未知,未登记,无,config/数据/来源身份声明补采.json#身份声明[],25925ef8f47870540a3333c51fe109509d1892a094f19e7ed97ee9e9ac0bbbe7,60a868b7ba10f0aef5db99fd373934b8abcce84661ec2ad1ccee966866bbb502,ab6eb25ffb4fb546071545c7cea0ef9922b71cb58974ee30cd6b2388460fea43,未知,b3a1fc5ec72ad95e258b584f936ad46befab951e0ee9e43eaa18179e34974387,无法判定,FILE_STAT_OBSERVED_IDENTITY_UNPROVEN,本批次只读；若声明、输入、Schema或授权漂移，既有结论自动失效并须追加新批次,未读取业务正文、价格、成交、订单簿、账户或凭据；身份字段不完整,为该成员提供当前版本九字段声明及逐字段Schema、授权和唯一证据定位后追加不可变批次,2d50c1344a835ceeb832796935182aeff80bb03cecc5465c8cf3aaccbd446acd,86129966e4bc55fac18f2d7602a2309d4403f85861102128a56a80a5a0ccc1ea,55f226040f520ae178e604b45fac5fd258cf18ba1c2a43603980deef783cbfa9
source-identity-declaration-20260808T050813+0800-b2487b6c41a5,ZI-c18845ce5953be525fba9e98,DS-000011,候选数据文件,ETH,4小时;8小时;24小时;48小时,15分钟;1小时,未知,未知,未知,未知,未知,未知,未知,未知,未知,未登记,无,config/数据/来源身份声明补采.json#身份声明[],25925ef8f47870540a3333c51fe109509d1892a094f19e7ed97ee9e9ac0bbbe7,0ec6f6d6ec4c9b002bb715c2ae5793b70a41ece49bc4ab71ab962b1ea26e6c10,70223776d5c33043cba58e4cf9078a5341971889a7ae24af3e8cb7ad8d37c003,未知,b3a1fc5ec72ad95e258b584f936ad46befab951e0ee9e43eaa18179e34974387,无法判定,FILE_STAT_OBSERVED_IDENTITY_UNPROVEN,本批次只读；若声明、输入、Schema或授权漂移，既有结论自动失效并须追加新批次,未读取业务正文、价格、成交、订单簿、账户或凭据；身份字段不完整,为该成员提供当前版本九字段声明及逐字段Schema、授权和唯一证据定位后追加不可变批次,2d50c1344a835ceeb832796935182aeff80bb03cecc5465c8cf3aaccbd446acd,86129966e4bc55fac18f2d7602a2309d4403f85861102128a56a80a5a0ccc1ea,8d3282c63c3bcc6772a4f0774d615f4e04f01288e435f2672e7379654fb85e7d
source-identity-declaration-20260808T050813+0800-b2487b6c41a5,ZI-6755e3ebe9d9a3e83f13a4a9,DS-000012,候选数据文件,ETH,4小时;8小时;24小时;48小时,15分钟;1小时,未知,未知,未知,未知,未知,未知,未知,未知,未知,未登记,无,config/数据/来源身份声明补采.json#身份声明[],25925ef8f47870540a3333c51fe109509d1892a094f19e7ed97ee9e9ac0bbbe7,4029ce33cae96639a00b1f2934304f04d9204e36e7d06ee59efff58dc5e0082a,4dd0cfe504269f3a89737cc92ba0aa81c09cfa787c7c6a8fc0e299dee6613bec,未知,b3a1fc5ec72ad95e258b584f936ad46befab951e0ee9e43eaa18179e34974387,无法判定,FILE_STAT_OBSERVED_IDENTITY_UNPROVEN,本批次只读；若声明、输入、Schema或授权漂移，既有结论自动失效并须追加新批次,未读取业务正文、价格、成交、订单簿、账户或凭据；身份字段不完整,为该成员提供当前版本九字段声明及逐字段Schema、授权和唯一证据定位后追加不可变批次,2d50c1344a835ceeb832796935182aeff80bb03cecc5465c8cf3aaccbd446acd,86129966e4bc55fac18f2d7602a2309d4403f85861102128a56a80a5a0ccc1ea,cbf97dd6c37ec8bb3d7189ee1e04e9bee46aa29c03c6ab44b7f1d2e1e8e284e4
source-identity-declaration-20260808T050813+0800-b2487b6c41a5,ZI-95764bb9d0fab4a919eda519,DS-000013,候选数据文件,ETH,4小时;8小时;24小时;48小时,15分钟;1小时,未知,未知,未知,未知,未知,未知,未知,未知,未知,未登记,无,config/数据/来源身份声明补采.json#身份声明[],25925ef8f47870540a3333c51fe109509d1892a094f19e7ed97ee9e9ac0bbbe7,4b5998ebc81851afafa4abf90abf85ad6f259b9415055592ade9dfafdb51f0d3,338fd5e2bb1bb18b5373b6c742c9475a5c2f79b46ba831482bcc85cee7e4a7ee,未知,b3a1fc5ec72ad95e258b584f936ad46befab951e0ee9e43eaa18179e34974387,无法判定,FILE_STAT_OBSERVED_IDENTITY_UNPROVEN,本批次只读；若声明、输入、Schema或授权漂移，既有结论自动失效并须追加新批次,未读取业务正文、价格、成交、订单簿、账户或凭据；身份字段不完整,为该成员提供当前版本九字段声明及逐字段Schema、授权和唯一证据定位后追加不可变批次,2d50c1344a835ceeb832796935182aeff80bb03cecc5465c8cf3aaccbd446acd,86129966e4bc55fac18f2d7602a2309d4403f85861102128a56a80a5a0ccc1ea,c96fd73b1f9713a2403ce05f7f1ea70e33e90d390c483232a88d30938e527dd9
source-identity-declaration-20260808T050813+0800-b2487b6c41a5,ZI-3b9c54566bc10a3e90b3766c,DS-000014,候选数据文件,ETH,4小时;8小时;24小时;48小时,15分钟;1小时,未知,未知,未知,未知,未知,未知,未知,未知,未知,未登记,无,config/数据/来源身份声明补采.json#身份声明[],25925ef8f47870540a3333c51fe109509d1892a094f19e7ed97ee9e9ac0bbbe7,a2913685c4ef3199de4ac1910f6c1bd45e3a521e39fad3c5475e0071673b8a28,94b33236e77a53ad18d46d30ca3117a6c7a4f4089b5fb75eaf51eb9abdb22ac3,未知,b3a1fc5ec72ad95e258b584f936ad46befab951e0ee9e43eaa18179e34974387,无法判定,FILE_STAT_OBSERVED_IDENTITY_UNPROVEN,本批次只读；若声明、输入、Schema或授权漂移，既有结论自动失效并须追加新批次,未读取业务正文、价格、成交、订单簿、账户或凭据；身份字段不完整,为该成员提供当前版本九字段声明及逐字段Schema、授权和唯一证据定位后追加不可变批次,2d50c1344a835ceeb832796935182aeff80bb03cecc5465c8cf3aaccbd446acd,86129966e4bc55fac18f2d7602a2309d4403f85861102128a56a80a5a0ccc1ea,f590beb13d30b6968787d98b8b3ea43f925d7ff666bee59e55eb7ed973ef00d0
source-identity-declaration-20260808T050813+0800-b2487b6c41a5,ZI-4f294e47780b8d95f28c6c55,DS-000015,候选数据文件,ETH,4小时;8小时;24小时;48小时,15分钟;1小时,未知,未知,未知,未知,未知,未知,未知,未知,未知,未登记,无,config/数据/来源身份声明补采.json#身份声明[],25925ef8f47870540a3333c51fe109509d1892a094f19e7ed97ee9e9ac0bbbe7,0954b82bf7f57e01d704dbddc6046326d1d248a34af7095367bb8eca340f6dcf,ba196e8b46d3bb1255ad35d0d96c6caca1d91473ece1ffc3d93e940ea9f6509c,未知,b3a1fc5ec72ad95e258b584f936ad46befab951e0ee9e43eaa18179e34974387,无法判定,FILE_STAT_OBSERVED_IDENTITY_UNPROVEN,本批次只读；若声明、输入、Schema或授权漂移，既有结论自动失效并须追加新批次,未读取业务正文、价格、成交、订单簿、账户或凭据；身份字段不完整,为该成员提供当前版本九字段声明及逐字段Schema、授权和唯一证据定位后追加不可变批次,2d50c1344a835ceeb832796935182aeff80bb03cecc5465c8cf3aaccbd446acd,86129966e4bc55fac18f2d7602a2309d4403f85861102128a56a80a5a0ccc1ea,e257b2d86c662d3c08eb3365846dafd927cc9bffc928dbd654c0ad4362a88969
source-identity-declaration-20260808T050813+0800-b2487b6c41a5,ZI-aee0aa011ef421beb877e180,DS-000016,候选数据文件,ETH,4小时;8小时;24小时;48小时,15分钟;1小时,未知,未知,未知,未知,未知,未知,未知,未知,未知,未登记,无,config/数据/来源身份声明补采.json#身份声明[],25925ef8f47870540a3333c51fe109509d1892a094f19e7ed97ee9e9ac0bbbe7,d541c1aa39ca532bc63001a37820a93db5822824a913980ff6e6492016cd8c06,cf8dee8e990c70063ddac945720f2e7f2045996723bbefdb6f6aa71d447540d5,未知,b3a1fc5ec72ad95e258b584f936ad46befab951e0ee9e43eaa18179e34974387,无法判定,FILE_STAT_OBSERVED_IDENTITY_UNPROVEN,本批次只读；若声明、输入、Schema或授权漂移，既有结论自动失效并须追加新批次,未读取业务正文、价格、成交、订单簿、账户或凭据；身份字段不完整,为该成员提供当前版本九字段声明及逐字段Schema、授权和唯一证据定位后追加不可变批次,2d50c1344a835ceeb832796935182aeff80bb03cecc5465c8cf3aaccbd446acd,86129966e4bc55fac18f2d7602a2309d4403f85861102128a56a80a5a0ccc1ea,ab4665f6c1cec0e42a150ebcfb6e41017a9af83a889a7b659ca93891a2dd3fc5
source-identity-declaration-20260808T050813+0800-b2487b6c41a5,ZI-7e0cdf9830865f043bda9ce4,DS-000017,候选数据文件,ETH,4小时;8小时;24小时;48小时,15分钟;1小时,未知,未知,未知,未知,未知,未知,未知,未知,未知,未登记,无,config/数据/来源身份声明补采.json#身份声明[],25925ef8f47870540a3333c51fe109509d1892a094f19e7ed97ee9e9ac0bbbe7,724331ff5fb4ae5702e299c4ab592929e83424f81741ca15f49f79f17bb48302,d1cb4a02b7b4f0ac7f9deb9aa016893a5d62c9075c5341685fa804dcea8b5cf6,未知,b3a1fc5ec72ad95e258b584f936ad46befab951e0ee9e43eaa18179e34974387,无法判定,FILE_STAT_OBSERVED_IDENTITY_UNPROVEN,本批次只读；若声明、输入、Schema或授权漂移，既有结论自动失效并须追加新批次,未读取业务正文、价格、成交、订单簿、账户或凭据；身份字段不完整,为该成员提供当前版本九字段声明及逐字段Schema、授权和唯一证据定位后追加不可变批次,2d50c1344a835ceeb832796935182aeff80bb03cecc5465c8cf3aaccbd446acd,86129966e4bc55fac18f2d7602a2309d4403f85861102128a56a80a5a0ccc1ea,a9e9a4628c8ed6b61e476535d6bc7181304a277dde3576e0e8940e63bedbb854
source-identity-declaration-20260808T050813+0800-b2487b6c41a5,ZI-f26a91d704b8153b3b13bcab,DS-000018,候选数据文件,ETH,4小时;8小时;24小时;48小时,15分钟;1小时,未知,未知,未知,未知,未知,未知,未知,未知,未知,未登记,无,config/数据/来源身份声明补采.json#身份声明[],25925ef8f47870540a3333c51fe109509d1892a094f19e7ed97ee9e9ac0bbbe7,8ac6e149c9aa2f85191b075fe19ae6ab08e0241833b5e33f84b0a42f76e71509,ccfce573e1509c4ce6639e2a67cbce82dbd9a0fef3bec3aed5601bba4a8db09f,未知,b3a1fc5ec72ad95e258b584f936ad46befab951e0ee9e43eaa18179e34974387,无法判定,FILE_STAT_OBSERVED_IDENTITY_UNPROVEN,本批次只读；若声明、输入、Schema或授权漂移，既有结论自动失效并须追加新批次,未读取业务正文、价格、成交、订单簿、账户或凭据；身份字段不完整,为该成员提供当前版本九字段声明及逐字段Schema、授权和唯一证据定位后追加不可变批次,2d50c1344a835ceeb832796935182aeff80bb03cecc5465c8cf3aaccbd446acd,86129966e4bc55fac18f2d7602a2309d4403f85861102128a56a80a5a0ccc1ea,0a6ca9e322aba30463efcf2d696c5913cb932d35966d5e9e350fffa427a57240
source-identity-declaration-20260808T050813+0800-b2487b6c41a5,ZI-033ce08ef691bdde9d29398b,DS-000019,候选数据文件,ETH,4小时;8小时;24小时;48小时,15分钟;1小时,未知,未知,未知,未知,未知,未知,未知,未知,未知,未登记,无,config/数据/来源身份声明补采.json#身份声明[],25925ef8f47870540a3333c51fe109509d1892a094f19e7ed97ee9e9ac0bbbe7,9fe44aeeec52824c44f64f54bd209145b51e04d8a6e4a281d96b9d9c9c5adc3d,e9f3497108c4ef7faa17c1d0ab180ed70c665f3736320e659ff6fd5949dde51c,未知,b3a1fc5ec72ad95e258b584f936ad46befab951e0ee9e43eaa18179e34974387,无法判定,FILE_STAT_OBSERVED_IDENTITY_UNPROVEN,本批次只读；若声明、输入、Schema或授权漂移，既有结论自动失效并须追加新批次,未读取业务正文、价格、成交、订单簿、账户或凭据；身份字段不完整,为该成员提供当前版本九字段声明及逐字段Schema、授权和唯一证据定位后追加不可变批次,2d50c1344a835ceeb832796935182aeff80bb03cecc5465c8cf3aaccbd446acd,86129966e4bc55fac18f2d7602a2309d4403f85861102128a56a80a5a0ccc1ea,eb1f8779a7c95a7541288a028037865d752957cf79447cee3ed4f35687d0cde8
source-identity-declaration-20260808T050813+0800-b2487b6c41a5,ZI-77e33436a724310dfdbb45ff,DS-000020,候选数据文件,ETH,4小时;8小时;24小时;48小时,15分钟;1小时,未知,未知,未知,未知,未知,未知,未知,未知,未知,未登记,无,config/数据/来源身份声明补采.json#身份声明[],25925ef8f47870540a3333c51fe109509d1892a094f19e7ed97ee9e9ac0bbbe7,1c5ab3f968edb2a20de6de92fb10feb8d2736c0dbd5b1cc743a178c603b79e8b,d04c0741957705e73c7006b50c19c45038bc4c0f2d0ac6ff4177f5b123a2fd30,未知,b3a1fc5ec72ad95e258b584f936ad46befab951e0ee9e43eaa18179e34974387,无法判定,FILE_STAT_OBSERVED_IDENTITY_UNPROVEN,本批次只读；若声明、输入、Schema或授权漂移，既有结论自动失效并须追加新批次,未读取业务正文、价格、成交、订单簿、账户或凭据；身份字段不完整,为该成员提供当前版本九字段声明及逐字段Schema、授权和唯一证据定位后追加不可变批次,2d50c1344a835ceeb832796935182aeff80bb03cecc5465c8cf3aaccbd446acd,86129966e4bc55fac18f2d7602a2309d4403f85861102128a56a80a5a0ccc1ea,7d8fe3a40709e1969ff89920655f1685f2e950c1d96854bfab2abc61abb93e68
source-identity-declaration-20260808T050813+0800-b2487b6c41a5,ZI-04ca2b6ded2abaa7a64050a6,DS-000021,候选数据文件,ETH,4小时;8小时;24小时;48小时,15分钟;1小时,未知,未知,未知,未知,未知,未知,未知,未知,未知,未登记,无,config/数据/来源身份声明补采.json#身份声明[],25925ef8f47870540a3333c51fe109509d1892a094f19e7ed97ee9e9ac0bbbe7,64628c57337149fa715a32c92112d28beb11ea157cc51cbef8d8fb2ac089af2d,bb7d52ffab4c620216335093ec95b8123196dd669e9376a13554b64171223064,未知,b3a1fc5ec72ad95e258b584f936ad46befab951e0ee9e43eaa18179e34974387,无法判定,FILE_STAT_OBSERVED_IDENTITY_UNPROVEN,本批次只读；若声明、输入、Schema或授权漂移，既有结论自动失效并须追加新批次,未读取业务正文、价格、成交、订单簿、账户或凭据；身份字段不完整,为该成员提供当前版本九字段声明及逐字段Schema、授权和唯一证据定位后追加不可变批次,2d50c1344a835ceeb832796935182aeff80bb03cecc5465c8cf3aaccbd446acd,86129966e4bc55fac18f2d7602a2309d4403f85861102128a56a80a5a0ccc1ea,1fcdbab22c54881c20584426eb6de63ea26fec9d85706a73c21b9a43723de68f
source-identity-declaration-20260808T050813+0800-b2487b6c41a5,ZI-2570062f645b43ce27a0487c,DS-000022,候选数据文件,ETH,4小时;8小时;24小时;48小时,15分钟;1小时,未知,未知,未知,未知,未知,未知,未知,未知,未知,未登记,无,config/数据/来源身份声明补采.json#身份声明[],25925ef8f47870540a3333c51fe109509d1892a094f19e7ed97ee9e9ac0bbbe7,cb0f988b4041dfe60459b092dd3d8713a68e767cffe3cea694725d3b12df3874,2996e1baed6afd98549937bcfb68e08635a23cd1c2d53f3cf66c083845112d84,未知,b3a1fc5ec72ad95e258b584f936ad46befab951e0ee9e43eaa18179e34974387,无法判定,FILE_STAT_OBSERVED_IDENTITY_UNPROVEN,本批次只读；若声明、输入、Schema或授权漂移，既有结论自动失效并须追加新批次,未读取业务正文、价格、成交、订单簿、账户或凭据；身份字段不完整,为该成员提供当前版本九字段声明及逐字段Schema、授权和唯一证据定位后追加不可变批次,2d50c1344a835ceeb832796935182aeff80bb03cecc5465c8cf3aaccbd446acd,86129966e4bc55fac18f2d7602a2309d4403f85861102128a56a80a5a0ccc1ea,f5fa8198f153d411effa67528de18357f3d764b82f0a293244d3a6d8ca376c8a
source-identity-declaration-20260808T050813+0800-b2487b6c41a5,ZI-be30400ad91dda28af131417,DS-000023,候选数据文件,ETH,4小时;8小时;24小时;48小时,15分钟;1小时,未知,未知,未知,未知,未知,未知,未知,未知,未知,未登记,无,config/数据/来源身份声明补采.json#身份声明[],25925ef8f47870540a3333c51fe109509d1892a094f19e7ed97ee9e9ac0bbbe7,7f5828afd16eeb5023d1e7c3d6abf2f23c149f3225a3e53e1078c8e613a07332,8aed83070f51a10889aa2ad427b5fdd393e54dedc790048f7640537e26884244,未知,b3a1fc5ec72ad95e258b584f936ad46befab951e0ee9e43eaa18179e34974387,无法判定,FILE_STAT_OBSERVED_IDENTITY_UNPROVEN,本批次只读；若声明、输入、Schema或授权漂移，既有结论自动失效并须追加新批次,未读取业务正文、价格、成交、订单簿、账户或凭据；身份字段不完整,为该成员提供当前版本九字段声明及逐字段Schema、授权和唯一证据定位后追加不可变批次,2d50c1344a835ceeb832796935182aeff80bb03cecc5465c8cf3aaccbd446acd,86129966e4bc55fac18f2d7602a2309d4403f85861102128a56a80a5a0ccc1ea,a821cc52e98302ea59202e7a4b8eaaba704b51f966c276a19e4dc0ce64fd7d22
source-identity-declaration-20260808T050813+0800-b2487b6c41a5,ZI-a0d4e3f46f73962f77ebd7c5,DS-000024,候选数据文件,ETH,4小时;8小时;24小时;48小时,15分钟;1小时,未知,未知,未知,未知,未知,未知,未知,未知,未知,未登记,无,config/数据/来源身份声明补采.json#身份声明[],25925ef8f47870540a3333c51fe109509d1892a094f19e7ed97ee9e9ac0bbbe7,1a5501c145cb78341a0bdc4a0d62283d57d8158db9cee6a6f6b9300451cfb669,a16243c93228dbf06273dcce7ed16e994d6ed320c1821791566d9bcce0b1fe3a,未知,b3a1fc5ec72ad95e258b584f936ad46befab951e0ee9e43eaa18179e34974387,无法判定,FILE_STAT_OBSERVED_IDENTITY_UNPROVEN,本批次只读；若声明、输入、Schema或授权漂移，既有结论自动失效并须追加新批次,未读取业务正文、价格、成交、订单簿、账户或凭据；身份字段不完整,为该成员提供当前版本九字段声明及逐字段Schema、授权和唯一证据定位后追加不可变批次,2d50c1344a835ceeb832796935182aeff80bb03cecc5465c8cf3aaccbd446acd,86129966e4bc55fac18f2d7602a2309d4403f85861102128a56a80a5a0ccc1ea,59bf66df5ba68aa6d145dbac732ce292f199a2cc348178d3b781079edf405e85
source-identity-declaration-20260808T050813+0800-b2487b6c41a5,ZI-0b664412f41ac3e18fc48be7,DS-000025,候选数据文件,ETH,4小时;8小时;24小时;48小时,15分钟;1小时,未知,未知,未知,未知,未知,未知,未知,未知,未知,未登记,无,config/数据/来源身份声明补采.json#身份声明[],25925ef8f47870540a3333c51fe109509d1892a094f19e7ed97ee9e9ac0bbbe7,90a66897075859e1d9c9e335f1e6bf8caa40126b5af49abd6f7dd08c1c62ab7b,d02b2be6d2d0f29f21065db7d30e94e983e5abee74280e1cddd82f2a5fc46e1a,未知,b3a1fc5ec72ad95e258b584f936ad46befab951e0ee9e43eaa18179e34974387,无法判定,FILE_STAT_OBSERVED_IDENTITY_UNPROVEN,本批次只读；若声明、输入、Schema或授权漂移，既有结论自动失效并须追加新批次,未读取业务正文、价格、成交、订单簿、账户或凭据；身份字段不完整,为该成员提供当前版本九字段声明及逐字段Schema、授权和唯一证据定位后追加不可变批次,2d50c1344a835ceeb832796935182aeff80bb03cecc5465c8cf3aaccbd446acd,86129966e4bc55fac18f2d7602a2309d4403f85861102128a56a80a5a0ccc1ea,fd7a70cc2ed7334a6b40b932acf0d407a397865026de18ab4a1329420a1ceb46
source-identity-declaration-20260808T050813+0800-b2487b6c41a5,ZI-0fe134d0066f7b835eaba2f2,DS-000026,候选数据文件,ETH,4小时;8小时;24小时;48小时,15分钟;1小时,未知,未知,未知,未知,未知,未知,未知,未知,未知,未登记,无,config/数据/来源身份声明补采.json#身份声明[],25925ef8f47870540a3333c51fe109509d1892a094f19e7ed97ee9e9ac0bbbe7,d0f705abea8912f989edaccb9cf08cd41eda84e652f74e68a9312e843e842f77,1b9cbb633782c7b249cb4169195daf3317a29c99aec153704282bf945fa3d791,未知,b3a1fc5ec72ad95e258b584f936ad46befab951e0ee9e43eaa18179e34974387,无法判定,FILE_STAT_OBSERVED_IDENTITY_UNPROVEN,本批次只读；若声明、输入、Schema或授权漂移，既有结论自动失效并须追加新批次,未读取业务正文、价格、成交、订单簿、账户或凭据；身份字段不完整,为该成员提供当前版本九字段声明及逐字段Schema、授权和唯一证据定位后追加不可变批次,2d50c1344a835ceeb832796935182aeff80bb03cecc5465c8cf3aaccbd446acd,86129966e4bc55fac18f2d7602a2309d4403f85861102128a56a80a5a0ccc1ea,dba81d9e7ecd71bef03ef0137902f5c0190081d2029401fff185ffdf2a5b4018
source-identity-declaration-20260808T050813+0800-b2487b6c41a5,ZI-089f0c0ebeeb9e87f76c31ff,DS-000027,候选数据文件,ETH,4小时;8小时;24小时;48小时,15分钟;1小时,未知,未知,未知,未知,未知,未知,未知,未知,未知,未登记,无,config/数据/来源身份声明补采.json#身份声明[],25925ef8f47870540a3333c51fe109509d1892a094f19e7ed97ee9e9ac0bbbe7,e25a817f99d52e3d90fb7614939eebcaf57d0bc0f82ee9b42e562f78d2066f9d,b8714618b6412853dba3a92862402c9b3972f7061507a0e26408f6dc357db88f,未知,b3a1fc5ec72ad95e258b584f936ad46befab951e0ee9e43eaa18179e34974387,无法判定,FILE_STAT_OBSERVED_IDENTITY_UNPROVEN,本批次只读；若声明、输入、Schema或授权漂移，既有结论自动失效并须追加新批次,未读取业务正文、价格、成交、订单簿、账户或凭据；身份字段不完整,为该成员提供当前版本九字段声明及逐字段Schema、授权和唯一证据定位后追加不可变批次,2d50c1344a835ceeb832796935182aeff80bb03cecc5465c8cf3aaccbd446acd,86129966e4bc55fac18f2d7602a2309d4403f85861102128a56a80a5a0ccc1ea,3e2bb48de784d7140159b9bb859e4c1c7d03ca025dd81799c435f00ac5ebc994
source-identity-declaration-20260808T050813+0800-b2487b6c41a5,ZI-9281ed93ca15f2fdc9ea24d8,DS-000028,候选数据文件,ETH,4小时;8小时;24小时;48小时,15分钟;1小时,未知,未知,未知,未知,未知,未知,未知,未知,未知,未登记,无,config/数据/来源身份声明补采.json#身份声明[],25925ef8f47870540a3333c51fe109509d1892a094f19e7ed97ee9e9ac0bbbe7,47294cc8ccff44581c75aa5d3c70bc29e9916391a25182dc2645263835aa4c55,ca61ac6dfbc8685ad69ec28ce2fe954546b8bbeb10944b952a6082215f1aece5,未知,b3a1fc5ec72ad95e258b584f936ad46befab951e0ee9e43eaa18179e34974387,无法判定,FILE_STAT_OBSERVED_IDENTITY_UNPROVEN,本批次只读；若声明、输入、Schema或授权漂移，既有结论自动失效并须追加新批次,未读取业务正文、价格、成交、订单簿、账户或凭据；身份字段不完整,为该成员提供当前版本九字段声明及逐字段Schema、授权和唯一证据定位后追加不可变批次,2d50c1344a835ceeb832796935182aeff80bb03cecc5465c8cf3aaccbd446acd,86129966e4bc55fac18f2d7602a2309d4403f85861102128a56a80a5a0ccc1ea,a7ba34970eb56095b7b822b7914a031aa84729350c10eea2b436d5e0491362e5
source-identity-declaration-20260808T050813+0800-b2487b6c41a5,ZI-8cc6ec85cad87703abaaeba8,DS-000029,候选数据文件,ETH,4小时;8小时;24小时;48小时,15分钟;1小时,未知,未知,未知,未知,未知,未知,未知,未知,未知,未登记,无,config/数据/来源身份声明补采.json#身份声明[],25925ef8f47870540a3333c51fe109509d1892a094f19e7ed97ee9e9ac0bbbe7,7dd9f501d01b088e7ff2286b3f33fd8431fdbab3aea1cdb36bd41099a798703e,55c62d437482e770422f660443c8bb3e1bd1f8fd84f2c37eae172f4ef5c82861,未知,b3a1fc5ec72ad95e258b584f936ad46befab951e0ee9e43eaa18179e34974387,无法判定,FILE_STAT_OBSERVED_IDENTITY_UNPROVEN,本批次只读；若声明、输入、Schema或授权漂移，既有结论自动失效并须追加新批次,未读取业务正文、价格、成交、订单簿、账户或凭据；身份字段不完整,为该成员提供当前版本九字段声明及逐字段Schema、授权和唯一证据定位后追加不可变批次,2d50c1344a835ceeb832796935182aeff80bb03cecc5465c8cf3aaccbd446acd,86129966e4bc55fac18f2d7602a2309d4403f85861102128a56a80a5a0ccc1ea,fb92353cd57c8a7dbf3a1a3448dced04e6508e4a3d56d2eff7f3ea2f261aa8dc
source-identity-declaration-20260808T050813+0800-b2487b6c41a5,ZI-d9c1e236f123c75e588d2059,DS-000030,候选数据文件,ETH,4小时;8小时;24小时;48小时,15分钟;1小时,未知,未知,未知,未知,未知,未知,未知,未知,未知,未登记,无,config/数据/来源身份声明补采.json#身份声明[],25925ef8f47870540a3333c51fe109509d1892a094f19e7ed97ee9e9ac0bbbe7,7feaf8dbf2a33227bce6c15a332add2a8df5958d70cd20dde169159beffeafd8,5e939c64cae9f29f391d8578713f08f2352b42e4b6a5b0d84b70f171f2232476,未知,b3a1fc5ec72ad95e258b584f936ad46befab951e0ee9e43eaa18179e34974387,无法判定,FILE_STAT_OBSERVED_IDENTITY_UNPROVEN,本批次只读；若声明、输入、Schema或授权漂移，既有结论自动失效并须追加新批次,未读取业务正文、价格、成交、订单簿、账户或凭据；身份字段不完整,为该成员提供当前版本九字段声明及逐字段Schema、授权和唯一证据定位后追加不可变批次,2d50c1344a835ceeb832796935182aeff80bb03cecc5465c8cf3aaccbd446acd,86129966e4bc55fac18f2d7602a2309d4403f85861102128a56a80a5a0ccc1ea,93cfb0a7ffd8b53032ec0ca52c98c167bee565115c0b4c72da9b334a2c84e625
source-identity-declaration-20260808T050813+0800-b2487b6c41a5,ZI-c169483e7e35bbdae6c6bc04,DS-000031,候选数据文件,ETH,4小时;8小时;24小时;48小时,15分钟;1小时,未知,未知,未知,未知,未知,未知,未知,未知,未知,未登记,无,config/数据/来源身份声明补采.json#身份声明[],25925ef8f47870540a3333c51fe109509d1892a094f19e7ed97ee9e9ac0bbbe7,7e617ea65285053e80e850b1a42685e97f1dc11f8a21b09b7a1ddeec481c8607,03ab59e8e774cb766e2fb88000ffb3984a777b0efa71469703eb9d3483184ca5,未知,b3a1fc5ec72ad95e258b584f936ad46befab951e0ee9e43eaa18179e34974387,无法判定,FILE_STAT_OBSERVED_IDENTITY_UNPROVEN,本批次只读；若声明、输入、Schema或授权漂移，既有结论自动失效并须追加新批次,未读取业务正文、价格、成交、订单簿、账户或凭据；身份字段不完整,为该成员提供当前版本九字段声明及逐字段Schema、授权和唯一证据定位后追加不可变批次,2d50c1344a835ceeb832796935182aeff80bb03cecc5465c8cf3aaccbd446acd,86129966e4bc55fac18f2d7602a2309d4403f85861102128a56a80a5a0ccc1ea,19baf6021be64020ceaa7d810104b346cb78d9e6f1a18adc440cbf581d8af9ff
source-identity-declaration-20260808T050813+0800-b2487b6c41a5,ZI-a21ccbe20389643ee308b69f,DS-000032,候选数据文件,ETH,4小时;8小时;24小时;48小时,15分钟;1小时,未知,未知,未知,未知,未知,未知,未知,未知,未知,未登记,无,config/数据/来源身份声明补采.json#身份声明[],25925ef8f47870540a3333c51fe109509d1892a094f19e7ed97ee9e9ac0bbbe7,2ce15b1930aad50b11f350398a0b450644e98b842f7ef2acedf4bee77e77db57,d4f0454fb81a9c29f899f9445d661e3f29161be0e20e0339e9a3bb9b947cc022,未知,b3a1fc5ec72ad95e258b584f936ad46befab951e0ee9e43eaa18179e34974387,无法判定,FILE_STAT_OBSERVED_IDENTITY_UNPROVEN,本批次只读；若声明、输入、Schema或授权漂移，既有结论自动失效并须追加新批次,未读取业务正文、价格、成交、订单簿、账户或凭据；身份字段不完整,为该成员提供当前版本九字段声明及逐字段Schema、授权和唯一证据定位后追加不可变批次,2d50c1344a835ceeb832796935182aeff80bb03cecc5465c8cf3aaccbd446acd,86129966e4bc55fac18f2d7602a2309d4403f85861102128a56a80a5a0ccc1ea,fa2381ee22fcf57d10f48a9b5d0886bdc316c85a940a3c95f979ecef4e4ea029
source-identity-declaration-20260808T050813+0800-b2487b6c41a5,ZI-065c781df7752f8f461475e9,DS-000033,候选数据文件,ETH,4小时;8小时;24小时;48小时,15分钟;1小时,未知,未知,未知,未知,未知,未知,未知,未知,未知,未登记,无,config/数据/来源身份声明补采.json#身份声明[],25925ef8f47870540a3333c51fe109509d1892a094f19e7ed97ee9e9ac0bbbe7,6c383d50d95f4de8a57eed3f877bf95e02d1617101a25d532b17bf06f1520432,aaaa223c6f21891dd45561d9c42e7cbff0a7c4773594b6b9edb5e0098ff0b40e,未知,b3a1fc5ec72ad95e258b584f936ad46befab951e0ee9e43eaa18179e34974387,无法判定,FILE_STAT_OBSERVED_IDENTITY_UNPROVEN,本批次只读；若声明、输入、Schema或授权漂移，既有结论自动失效并须追加新批次,未读取业务正文、价格、成交、订单簿、账户或凭据；身份字段不完整,为该成员提供当前版本九字段声明及逐字段Schema、授权和唯一证据定位后追加不可变批次,2d50c1344a835ceeb832796935182aeff80bb03cecc5465c8cf3aaccbd446acd,86129966e4bc55fac18f2d7602a2309d4403f85861102128a56a80a5a0ccc1ea,f75ed5a936d7b552d7b68fb4a86ddb9e5f689958f17808994bc44a62df34a894
source-identity-declaration-20260808T050813+0800-b2487b6c41a5,ZI-5d61fc5d919fc31f69eb6247,DS-000034,候选数据文件,ETH,4小时;8小时;24小时;48小时,15分钟;1小时,未知,未知,未知,未知,未知,未知,未知,未知,未知,未登记,无,config/数据/来源身份声明补采.json#身份声明[],25925ef8f47870540a3333c51fe109509d1892a094f19e7ed97ee9e9ac0bbbe7,620ec0b6af2da2ee08cf1e41e20fb6206dec2fe11c489115b4686ab4d470868b,a01637dd420036d7350e638e74f3446d7bb6eab8c381e617cb8a151b13d187e2,未知,b3a1fc5ec72ad95e258b584f936ad46befab951e0ee9e43eaa18179e34974387,无法判定,FILE_STAT_OBSERVED_IDENTITY_UNPROVEN,本批次只读；若声明、输入、Schema或授权漂移，既有结论自动失效并须追加新批次,未读取业务正文、价格、成交、订单簿、账户或凭据；身份字段不完整,为该成员提供当前版本九字段声明及逐字段Schema、授权和唯一证据定位后追加不可变批次,2d50c1344a835ceeb832796935182aeff80bb03cecc5465c8cf3aaccbd446acd,86129966e4bc55fac18f2d7602a2309d4403f85861102128a56a80a5a0ccc1ea,e1ef54ba1a9b7d8b32d8ce382baa8eac14b6b6697749558a790b1888164759b7
source-identity-declaration-20260808T050813+0800-b2487b6c41a5,ZI-cc518c78335b4566ab3ba1b7,DS-000035,候选数据文件,ETH,4小时;8小时;24小时;48小时,15分钟;1小时,未知,未知,未知,未知,未知,未知,未知,未知,未知,未登记,无,config/数据/来源身份声明补采.json#身份声明[],25925ef8f47870540a3333c51fe109509d1892a094f19e7ed97ee9e9ac0bbbe7,c8052ba5f3ee15d405a6a41853edafb8cc7df932629aa95e77ecbbf0cf89d0c9,7eb455130bf984a8fcdb908e3cf4afcfe777dd54303cbefcfd031147206fbd8e,未知,b3a1fc5ec72ad95e258b584f936ad46befab951e0ee9e43eaa18179e34974387,无法判定,FILE_STAT_OBSERVED_IDENTITY_UNPROVEN,本批次只读；若声明、输入、Schema或授权漂移，既有结论自动失效并须追加新批次,未读取业务正文、价格、成交、订单簿、账户或凭据；身份字段不完整,为该成员提供当前版本九字段声明及逐字段Schema、授权和唯一证据定位后追加不可变批次,2d50c1344a835ceeb832796935182aeff80bb03cecc5465c8cf3aaccbd446acd,86129966e4bc55fac18f2d7602a2309d4403f85861102128a56a80a5a0ccc1ea,1f7601c3bbc75ad4790a2cbc58cc4d9bfe00edf90f6dfa3029b9cc32e232f199
source-identity-declaration-20260808T050813+0800-b2487b6c41a5,ZI-8494e07bc3f0426de16a8b6d,DS-000036,候选数据文件,ETH,4小时;8小时;24小时;48小时,15分钟;1小时,未知,未知,未知,未知,未知,未知,未知,未知,未知,未登记,无,config/数据/来源身份声明补采.json#身份声明[],25925ef8f47870540a3333c51fe109509d1892a094f19e7ed97ee9e9ac0bbbe7,831dbef09d5e1df0dc41e48ab9504365e6e18a12807ca94e1c805c8181299249,c4f22a85750bb0304abb271618e0b591819a12749f5f1fc70594e81094ee0c66,未知,b3a1fc5ec72ad95e258b584f936ad46befab951e0ee9e43eaa18179e34974387,无法判定,FILE_STAT_OBSERVED_IDENTITY_UNPROVEN,本批次只读；若声明、输入、Schema或授权漂移，既有结论自动失效并须追加新批次,未读取业务正文、价格、成交、订单簿、账户或凭据；身份字段不完整,为该成员提供当前版本九字段声明及逐字段Schema、授权和唯一证据定位后追加不可变批次,2d50c1344a835ceeb832796935182aeff80bb03cecc5465c8cf3aaccbd446acd,86129966e4bc55fac18f2d7602a2309d4403f85861102128a56a80a5a0ccc1ea,b03b93aa175403cb0c08f4f22f8b4264036ed0b762e6f5396381173b24ff1602
source-identity-declaration-20260808T050813+0800-b2487b6c41a5,ZI-33fe8b0ddda1dd1d88720875,DS-000037,候选数据文件,ETH,4小时;8小时;24小时;48小时,15分钟;1小时,未知,未知,未知,未知,未知,未知,未知,未知,未知,未登记,无,config/数据/来源身份声明补采.json#身份声明[],25925ef8f47870540a3333c51fe109509d1892a094f19e7ed97ee9e9ac0bbbe7,c6a61887a923c5a8e4ba052c9fa91d7c255b03f4bcc5c28d53deafc5f40d8e2b,17626b9fd43c49af70347bca70733764ac11853c03bc46cf4079a555eebd20a4,未知,b3a1fc5ec72ad95e258b584f936ad46befab951e0ee9e43eaa18179e34974387,无法判定,FILE_STAT_OBSERVED_IDENTITY_UNPROVEN,本批次只读；若声明、输入、Schema或授权漂移，既有结论自动失效并须追加新批次,未读取业务正文、价格、成交、订单簿、账户或凭据；身份字段不完整,为该成员提供当前版本九字段声明及逐字段Schema、授权和唯一证据定位后追加不可变批次,2d50c1344a835ceeb832796935182aeff80bb03cecc5465c8cf3aaccbd446acd,86129966e4bc55fac18f2d7602a2309d4403f85861102128a56a80a5a0ccc1ea,c31251e9e4731bc4ed7a03aa4c567e625b102fcedb616beae6f03c68f643e112
source-identity-declaration-20260808T050813+0800-b2487b6c41a5,ZI-165cfc2a30a597ce932c236b,DS-000038,候选数据文件,ETH,4小时;8小时;24小时;48小时,15分钟;1小时,未知,未知,未知,未知,未知,未知,未知,未知,未知,未登记,无,config/数据/来源身份声明补采.json#身份声明[],25925ef8f47870540a3333c51fe109509d1892a094f19e7ed97ee9e9ac0bbbe7,fa4631a27e1710a2adac5e18f14fba4d3ac7985b62a900a8a32921c0f616b5e6,559ad5a118a39b34f6f5214d20e9e851eddf34b0a4078ecef8416070fc140c2d,未知,b3a1fc5ec72ad95e258b584f936ad46befab951e0ee9e43eaa18179e34974387,无法判定,FILE_STAT_OBSERVED_IDENTITY_UNPROVEN,本批次只读；若声明、输入、Schema或授权漂移，既有结论自动失效并须追加新批次,未读取业务正文、价格、成交、订单簿、账户或凭据；身份字段不完整,为该成员提供当前版本九字段声明及逐字段Schema、授权和唯一证据定位后追加不可变批次,2d50c1344a835ceeb832796935182aeff80bb03cecc5465c8cf3aaccbd446acd,86129966e4bc55fac18f2d7602a2309d4403f85861102128a56a80a5a0ccc1ea,01eb09be485f368330d0e034c0abdc9df5176f4c145faad7514883f57dd09a01
source-identity-declaration-20260808T050813+0800-b2487b6c41a5,ZI-68e34c7b43bcb72873389cfb,DS-000039,候选数据文件,ETH,4小时;8小时;24小时;48小时,15分钟;1小时,未知,未知,未知,未知,未知,未知,未知,未知,未知,未登记,无,config/数据/来源身份声明补采.json#身份声明[],25925ef8f47870540a3333c51fe109509d1892a094f19e7ed97ee9e9ac0bbbe7,87a8b34d0a521a1b81b170b9eadc51933b3582c7ff859894e05f962bbaa7b31a,e8acbd649d723c9047cb103361a9631b834d7e8ad72442860661999aeb32eddc,未知,b3a1fc5ec72ad95e258b584f936ad46befab951e0ee9e43eaa18179e34974387,无法判定,FILE_STAT_OBSERVED_IDENTITY_UNPROVEN,本批次只读；若声明、输入、Schema或授权漂移，既有结论自动失效并须追加新批次,未读取业务正文、价格、成交、订单簿、账户或凭据；身份字段不完整,为该成员提供当前版本九字段声明及逐字段Schema、授权和唯一证据定位后追加不可变批次,2d50c1344a835ceeb832796935182aeff80bb03cecc5465c8cf3aaccbd446acd,86129966e4bc55fac18f2d7602a2309d4403f85861102128a56a80a5a0ccc1ea,3137be64e27aa3857e3cacfb8ea4f7969138be089017e10b05aa1fd8ff477a12
source-identity-declaration-20260808T050813+0800-b2487b6c41a5,ZI-09c306558c21b551a473e8d3,DS-000040,候选数据文件,ETH,4小时;8小时;24小时;48小时,15分钟;1小时,未知,未知,未知,未知,未知,未知,未知,未知,未知,未登记,无,config/数据/来源身份声明补采.json#身份声明[],25925ef8f47870540a3333c51fe109509d1892a094f19e7ed97ee9e9ac0bbbe7,4790bac68af16a75efca855b27de95148a8f7d869a8eb4d8366de3015c759626,d4f4f0be34c615ad02899b56af3613910cdb752ce3004315c045c92c382d4567,未知,b3a1fc5ec72ad95e258b584f936ad46befab951e0ee9e43eaa18179e34974387,无法判定,FILE_STAT_OBSERVED_IDENTITY_UNPROVEN,本批次只读；若声明、输入、Schema或授权漂移，既有结论自动失效并须追加新批次,未读取业务正文、价格、成交、订单簿、账户或凭据；身份字段不完整,为该成员提供当前版本九字段声明及逐字段Schema、授权和唯一证据定位后追加不可变批次,2d50c1344a835ceeb832796935182aeff80bb03cecc5465c8cf3aaccbd446acd,86129966e4bc55fac18f2d7602a2309d4403f85861102128a56a80a5a0ccc1ea,b320b90c7c20512ac37d800516755a423a1a095262eb0ab397f47475bdb4ffda
source-identity-declaration-20260808T050813+0800-b2487b6c41a5,ZI-8a28b9cbda14361fea3e0d08,DS-000041,候选数据文件,ETH,4小时;8小时;24小时;48小时,15分钟;1小时,未知,未知,未知,未知,未知,未知,未知,未知,未知,未登记,无,config/数据/来源身份声明补采.json#身份声明[],25925ef8f47870540a3333c51fe109509d1892a094f19e7ed97ee9e9ac0bbbe7,286620d7066b28b8ed933077901ecb9ff8a5c8e40df6514ff7c3ba5ecac9abe8,6466d27c4cacb1b44340701a0f9953f1044a436672e0ab6b229502c56183e6df,未知,b3a1fc5ec72ad95e258b584f936ad46befab951e0ee9e43eaa18179e34974387,无法判定,FILE_STAT_OBSERVED_IDENTITY_UNPROVEN,本批次只读；若声明、输入、Schema或授权漂移，既有结论自动失效并须追加新批次,未读取业务正文、价格、成交、订单簿、账户或凭据；身份字段不完整,为该成员提供当前版本九字段声明及逐字段Schema、授权和唯一证据定位后追加不可变批次,2d50c1344a835ceeb832796935182aeff80bb03cecc5465c8cf3aaccbd446acd,86129966e4bc55fac18f2d7602a2309d4403f85861102128a56a80a5a0ccc1ea,a2c09b6d59b721cc91b7fab90de6384df53757ffb3369eb9a408561383dc8fce
source-identity-declaration-20260808T050813+0800-b2487b6c41a5,ZI-7c080a0c72e43d3f2e78e7f0,DS-000042,候选数据文件,ETH,4小时;8小时;24小时;48小时,15分钟;1小时,未知,未知,未知,未知,未知,未知,未知,未知,未知,未登记,无,config/数据/来源身份声明补采.json#身份声明[],25925ef8f47870540a3333c51fe109509d1892a094f19e7ed97ee9e9ac0bbbe7,9481f1a90753f8379ea69a4aa88f1289d5bb48cf515812dd34aca6a32ed0708f,5a5b0d58f6e34a58ddc18dd810ece30e36250221a82d0f308d3fd5aa1c139400,未知,b3a1fc5ec72ad95e258b584f936ad46befab951e0ee9e43eaa18179e34974387,拒绝,INPUT_MEMBER_REJECTED,本批次只读；若声明、输入、Schema或授权漂移，既有结论自动失效并须追加新批次,未读取业务正文、价格、成交、订单簿、账户或凭据；身份字段不完整,为该成员提供当前版本九字段声明及逐字段Schema、授权和唯一证据定位后追加不可变批次,2d50c1344a835ceeb832796935182aeff80bb03cecc5465c8cf3aaccbd446acd,86129966e4bc55fac18f2d7602a2309d4403f85861102128a56a80a5a0ccc1ea,69054b5ad8536f69058f213bf03dcf45b6b2584345a88c76224219ca1bbeb05a
source-identity-declaration-20260808T050813+0800-b2487b6c41a5,ZI-bd4b5404dcd732978b2b6d5b,DS-000043,候选数据文件,ETH,4小时;8小时;24小时;48小时,15分钟;1小时,未知,未知,未知,未知,未知,未知,未知,未知,未知,未登记,无,config/数据/来源身份声明补采.json#身份声明[],25925ef8f47870540a3333c51fe109509d1892a094f19e7ed97ee9e9ac0bbbe7,ab6e9c5b122b709541147d45af09142fa48c4c8a57e5fd6e14d93cbfe55942f2,f1af5c27aab013187cc6332f83885a31036557bb1cd4001d5390487a5f39e216,未知,b3a1fc5ec72ad95e258b584f936ad46befab951e0ee9e43eaa18179e34974387,无法判定,FILE_STAT_OBSERVED_IDENTITY_UNPROVEN,本批次只读；若声明、输入、Schema或授权漂移，既有结论自动失效并须追加新批次,未读取业务正文、价格、成交、订单簿、账户或凭据；身份字段不完整,为该成员提供当前版本九字段声明及逐字段Schema、授权和唯一证据定位后追加不可变批次,2d50c1344a835ceeb832796935182aeff80bb03cecc5465c8cf3aaccbd446acd,86129966e4bc55fac18f2d7602a2309d4403f85861102128a56a80a5a0ccc1ea,316d72d00dbdff9764c2aa684872da4f7a807e721f30ac374fd3c8e9d1938b44
source-identity-declaration-20260808T050813+0800-b2487b6c41a5,ZI-28ce816b33b79c38ccfb22e7,DS-000044,候选数据文件,ETH,4小时;8小时;24小时;48小时,15分钟;1小时,未知,未知,未知,未知,未知,未知,未知,未知,未知,未登记,无,config/数据/来源身份声明补采.json#身份声明[],25925ef8f47870540a3333c51fe109509d1892a094f19e7ed97ee9e9ac0bbbe7,4b351da245a5729653e1e8695950bb4ec677aa15b29af4adcaea6d6c4773688a,5990fc9f777f3a08f3a03f46f067ee00ec5826ede9a27082c1a57ba0ccd0e345,未知,b3a1fc5ec72ad95e258b584f936ad46befab951e0ee9e43eaa18179e34974387,无法判定,FILE_STAT_OBSERVED_IDENTITY_UNPROVEN,本批次只读；若声明、输入、Schema或授权漂移，既有结论自动失效并须追加新批次,未读取业务正文、价格、成交、订单簿、账户或凭据；身份字段不完整,为该成员提供当前版本九字段声明及逐字段Schema、授权和唯一证据定位后追加不可变批次,2d50c1344a835ceeb832796935182aeff80bb03cecc5465c8cf3aaccbd446acd,86129966e4bc55fac18f2d7602a2309d4403f85861102128a56a80a5a0ccc1ea,9cef56845c39d3489bb5b5c1b6b074f93b64a613f77012028a16bd882c1a977a
source-identity-declaration-20260808T050813+0800-b2487b6c41a5,ZI-9bbd7613dc89967112ed4afb,DS-000045,候选数据文件,ETH,4小时;8小时;24小时;48小时,15分钟;1小时,未知,未知,未知,未知,未知,未知,未知,未知,未知,未登记,无,config/数据/来源身份声明补采.json#身份声明[],25925ef8f47870540a3333c51fe109509d1892a094f19e7ed97ee9e9ac0bbbe7,7969b3cc256f4b649caaa29cb58c697653c15965c89907fd86f2e98016eff342,4a672bbf789d8418ab929419c221e3ea11a5d4886b4df96d1cc466617293a28c,未知,b3a1fc5ec72ad95e258b584f936ad46befab951e0ee9e43eaa18179e34974387,无法判定,FILE_STAT_OBSERVED_IDENTITY_UNPROVEN,本批次只读；若声明、输入、Schema或授权漂移，既有结论自动失效并须追加新批次,未读取业务正文、价格、成交、订单簿、账户或凭据；身份字段不完整,为该成员提供当前版本九字段声明及逐字段Schema、授权和唯一证据定位后追加不可变批次,2d50c1344a835ceeb832796935182aeff80bb03cecc5465c8cf3aaccbd446acd,86129966e4bc55fac18f2d7602a2309d4403f85861102128a56a80a5a0ccc1ea,2aace5cfa0f9c5b2ca6ebd2ea33aacbb96c2650bac3088cb4594678b845d18c1
source-identity-declaration-20260808T050813+0800-b2487b6c41a5,ZI-1a42e8b6c1eb0f32fd83f0db,DS-000046,候选数据文件,ETH,4小时;8小时;24小时;48小时,15分钟;1小时,未知,未知,未知,未知,未知,未知,未知,未知,未知,未登记,无,config/数据/来源身份声明补采.json#身份声明[],25925ef8f47870540a3333c51fe109509d1892a094f19e7ed97ee9e9ac0bbbe7,d2c16595af2ff812b9699afbac5821cee73e4c3f6842fa3a5a109853626e6c4d,4d70a250b389eb733f5144e8845ac7cf47b4af915a0ae8ca11265a6e2d4d066f,未知,b3a1fc5ec72ad95e258b584f936ad46befab951e0ee9e43eaa18179e34974387,无法判定,FILE_STAT_OBSERVED_IDENTITY_UNPROVEN,本批次只读；若声明、输入、Schema或授权漂移，既有结论自动失效并须追加新批次,未读取业务正文、价格、成交、订单簿、账户或凭据；身份字段不完整,为该成员提供当前版本九字段声明及逐字段Schema、授权和唯一证据定位后追加不可变批次,2d50c1344a835ceeb832796935182aeff80bb03cecc5465c8cf3aaccbd446acd,86129966e4bc55fac18f2d7602a2309d4403f85861102128a56a80a5a0ccc1ea,ffc82044a3d55ca76d82eb94947b1daeea0c160012397d1de9810bb993869764
source-identity-declaration-20260808T050813+0800-b2487b6c41a5,ZI-9af7501cfbf2c81be74cc00a,DS-000047,候选数据文件,ETH,4小时;8小时;24小时;48小时,15分钟;1小时,未知,未知,未知,未知,未知,未知,未知,未知,未知,未登记,无,config/数据/来源身份声明补采.json#身份声明[],25925ef8f47870540a3333c51fe109509d1892a094f19e7ed97ee9e9ac0bbbe7,bef8b79e0bee8d3d15ff6d609fb35f08d45972b26fe4f024fbeee00416ef25a9,46b1a39ec8b38aa5a4c52cda15baa63de901bc1a6ec17e421876bd8aa4e7b6c9,未知,b3a1fc5ec72ad95e258b584f936ad46befab951e0ee9e43eaa18179e34974387,无法判定,FILE_STAT_OBSERVED_IDENTITY_UNPROVEN,本批次只读；若声明、输入、Schema或授权漂移，既有结论自动失效并须追加新批次,未读取业务正文、价格、成交、订单簿、账户或凭据；身份字段不完整,为该成员提供当前版本九字段声明及逐字段Schema、授权和唯一证据定位后追加不可变批次,2d50c1344a835ceeb832796935182aeff80bb03cecc5465c8cf3aaccbd446acd,86129966e4bc55fac18f2d7602a2309d4403f85861102128a56a80a5a0ccc1ea,4c048524d15b0b79c35f73e288e3f27e78272c2db3ab1d92abd9fcbad48bb0bf
source-identity-declaration-20260808T050813+0800-b2487b6c41a5,ZI-e630e48726c8833e33f1b77b,DS-000048,候选数据文件,ETH,4小时;8小时;24小时;48小时,15分钟;1小时,未知,未知,未知,未知,未知,未知,未知,未知,未知,未登记,无,config/数据/来源身份声明补采.json#身份声明[],25925ef8f47870540a3333c51fe109509d1892a094f19e7ed97ee9e9ac0bbbe7,27c0d7523fd027e4594aaaebc9fd2b4c9853db367233c9469ddddb6909841121,b130c943a71f5e8f7eeda223021569da1e0b67b02216504de601bda39a375860,未知,b3a1fc5ec72ad95e258b584f936ad46befab951e0ee9e43eaa18179e34974387,无法判定,FILE_STAT_OBSERVED_IDENTITY_UNPROVEN,本批次只读；若声明、输入、Schema或授权漂移，既有结论自动失效并须追加新批次,未读取业务正文、价格、成交、订单簿、账户或凭据；身份字段不完整,为该成员提供当前版本九字段声明及逐字段Schema、授权和唯一证据定位后追加不可变批次,2d50c1344a835ceeb832796935182aeff80bb03cecc5465c8cf3aaccbd446acd,86129966e4bc55fac18f2d7602a2309d4403f85861102128a56a80a5a0ccc1ea,d9ef95cfab3658158bddb7666a27722b20e76ef6b155036c5d68426d98783550
source-identity-declaration-20260808T050813+0800-b2487b6c41a5,ZI-f2615789012d4d55f670c11d,DS-000049,候选数据文件,ETH,4小时;8小时;24小时;48小时,15分钟;1小时,未知,未知,未知,未知,未知,未知,未知,未知,未知,未登记,无,config/数据/来源身份声明补采.json#身份声明[],25925ef8f47870540a3333c51fe109509d1892a094f19e7ed97ee9e9ac0bbbe7,4fe0f84c8d96411a88be702c038c1a07e59990872b4f40ea4c994bc83ed839a3,cbec9eccd0ff91df26387ee379b364634312b6b2bc4a236cda20de94fceda7c7,未知,b3a1fc5ec72ad95e258b584f936ad46befab951e0ee9e43eaa18179e34974387,无法判定,FILE_STAT_OBSERVED_IDENTITY_UNPROVEN,本批次只读；若声明、输入、Schema或授权漂移，既有结论自动失效并须追加新批次,未读取业务正文、价格、成交、订单簿、账户或凭据；身份字段不完整,为该成员提供当前版本九字段声明及逐字段Schema、授权和唯一证据定位后追加不可变批次,2d50c1344a835ceeb832796935182aeff80bb03cecc5465c8cf3aaccbd446acd,86129966e4bc55fac18f2d7602a2309d4403f85861102128a56a80a5a0ccc1ea,6eafd86067e6b9566068e8712f2fa3efe1348e561fc6cee634f2dec32337e248
source-identity-declaration-20260808T050813+0800-b2487b6c41a5,ZI-3877c0fbfe23b34834d8eadb,DS-000050,候选数据文件,ETH,4小时;8小时;24小时;48小时,15分钟;1小时,未知,未知,未知,未知,未知,未知,未知,未知,未知,未登记,无,config/数据/来源身份声明补采.json#身份声明[],25925ef8f47870540a3333c51fe109509d1892a094f19e7ed97ee9e9ac0bbbe7,dbba04adf9e0ed6082031b7d3b413eec7ec31a70b2e28e729c73ec97d3a920c4,e15aa3f757d94453fbbb03dbdafb0ada84fa6a63d3e852250fccf88237d587b9,未知,b3a1fc5ec72ad95e258b584f936ad46befab951e0ee9e43eaa18179e34974387,无法判定,FILE_STAT_OBSERVED_IDENTITY_UNPROVEN,本批次只读；若声明、输入、Schema或授权漂移，既有结论自动失效并须追加新批次,未读取业务正文、价格、成交、订单簿、账户或凭据；身份字段不完整,为该成员提供当前版本九字段声明及逐字段Schema、授权和唯一证据定位后追加不可变批次,2d50c1344a835ceeb832796935182aeff80bb03cecc5465c8cf3aaccbd446acd,86129966e4bc55fac18f2d7602a2309d4403f85861102128a56a80a5a0ccc1ea,48d453d13d16e9f2a025a4af780c6ed928ea820d9452fa8d5e64e80414e9734d
source-identity-declaration-20260808T050813+0800-b2487b6c41a5,ZI-f00603909f873d076d99eb9e,DS-000051,候选数据文件,ETH,4小时;8小时;24小时;48小时,15分钟;1小时,未知,未知,未知,未知,未知,未知,未知,未知,未知,未登记,无,config/数据/来源身份声明补采.json#身份声明[],25925ef8f47870540a3333c51fe109509d1892a094f19e7ed97ee9e9ac0bbbe7,a7632909fefcd410f99ea46b0ca9e8c6c0a75f845b8499b8f0e2a6438275e2d2,47720c6b67b3bfe9b9aa4e696ff944726ae1eb7706b3766b52f7b8463eb618e4,未知,b3a1fc5ec72ad95e258b584f936ad46befab951e0ee9e43eaa18179e34974387,无法判定,FILE_STAT_OBSERVED_IDENTITY_UNPROVEN,本批次只读；若声明、输入、Schema或授权漂移，既有结论自动失效并须追加新批次,未读取业务正文、价格、成交、订单簿、账户或凭据；身份字段不完整,为该成员提供当前版本九字段声明及逐字段Schema、授权和唯一证据定位后追加不可变批次,2d50c1344a835ceeb832796935182aeff80bb03cecc5465c8cf3aaccbd446acd,86129966e4bc55fac18f2d7602a2309d4403f85861102128a56a80a5a0ccc1ea,204b2005cb9a028f756f87ac0f2042d6b0ed98ab1eca4bdde6a1dbaef8e796be
source-identity-declaration-20260808T050813+0800-b2487b6c41a5,ZI-e5632d1560b416fda6b4ca83,DS-000052,候选数据文件,ETH,4小时;8小时;24小时;48小时,15分钟;1小时,未知,未知,未知,未知,未知,未知,未知,未知,未知,未登记,无,config/数据/来源身份声明补采.json#身份声明[],25925ef8f47870540a3333c51fe109509d1892a094f19e7ed97ee9e9ac0bbbe7,04143c6927d1275ecc2e6a7ad519ea36c53154683aee2d5e619e273dfbd2c3a5,cd7c6b01d898b9462f4f3346ebb39e1b25ec39b8f5628981628c8786641cd225,未知,b3a1fc5ec72ad95e258b584f936ad46befab951e0ee9e43eaa18179e34974387,无法判定,FILE_STAT_OBSERVED_IDENTITY_UNPROVEN,本批次只读；若声明、输入、Schema或授权漂移，既有结论自动失效并须追加新批次,未读取业务正文、价格、成交、订单簿、账户或凭据；身份字段不完整,为该成员提供当前版本九字段声明及逐字段Schema、授权和唯一证据定位后追加不可变批次,2d50c1344a835ceeb832796935182aeff80bb03cecc5465c8cf3aaccbd446acd,86129966e4bc55fac18f2d7602a2309d4403f85861102128a56a80a5a0ccc1ea,85df90758d58656a7c8700266ce535edff352bb21327616815095577ef119919
source-identity-declaration-20260808T050813+0800-b2487b6c41a5,ZI-36613e8a21711c7f665cdceb,DS-000053,候选数据文件,ETH,4小时;8小时;24小时;48小时,15分钟;1小时,未知,未知,未知,未知,未知,未知,未知,未知,未知,未登记,无,config/数据/来源身份声明补采.json#身份声明[],25925ef8f47870540a3333c51fe109509d1892a094f19e7ed97ee9e9ac0bbbe7,727c4cd15bbd1028cdcf0542f546b79bdf0b6cf5848a5c9875880c0c1d118d34,9b62144dbc2b5b3f18e34c440a441032ef7e0d4e059dbd6d62c5d13f9a0927b9,未知,b3a1fc5ec72ad95e258b584f936ad46befab951e0ee9e43eaa18179e34974387,无法判定,FILE_STAT_OBSERVED_IDENTITY_UNPROVEN,本批次只读；若声明、输入、Schema或授权漂移，既有结论自动失效并须追加新批次,未读取业务正文、价格、成交、订单簿、账户或凭据；身份字段不完整,为该成员提供当前版本九字段声明及逐字段Schema、授权和唯一证据定位后追加不可变批次,2d50c1344a835ceeb832796935182aeff80bb03cecc5465c8cf3aaccbd446acd,86129966e4bc55fac18f2d7602a2309d4403f85861102128a56a80a5a0ccc1ea,ec92dd88c77847fa65cf51e4310c663365a40193907527910c1e435c00dc2838
source-identity-declaration-20260808T050813+0800-b2487b6c41a5,ZI-f4c629efd5d8316c21f8c678,DS-000054,候选数据文件,ETH,4小时;8小时;24小时;48小时,15分钟;1小时,未知,未知,未知,未知,未知,未知,未知,未知,未知,未登记,无,config/数据/来源身份声明补采.json#身份声明[],25925ef8f47870540a3333c51fe109509d1892a094f19e7ed97ee9e9ac0bbbe7,4eca34b92987b0f4628fe992c99d93e94d8dda2644da3ff72acf419a06dd10dc,bf4db291e24ce003a29e8b49a1bf8ee1ae69eab1811226ac1b31e92813a61408,未知,b3a1fc5ec72ad95e258b584f936ad46befab951e0ee9e43eaa18179e34974387,无法判定,FILE_STAT_OBSERVED_IDENTITY_UNPROVEN,本批次只读；若声明、输入、Schema或授权漂移，既有结论自动失效并须追加新批次,未读取业务正文、价格、成交、订单簿、账户或凭据；身份字段不完整,为该成员提供当前版本九字段声明及逐字段Schema、授权和唯一证据定位后追加不可变批次,2d50c1344a835ceeb832796935182aeff80bb03cecc5465c8cf3aaccbd446acd,86129966e4bc55fac18f2d7602a2309d4403f85861102128a56a80a5a0ccc1ea,b6677392cf8e4ca8c0815f5604778f76783972c548f1180c36d5a44e09310886
source-identity-declaration-20260808T050813+0800-b2487b6c41a5,ZI-e4634a748fc7b2b6cc02f3e9,DS-000055,候选数据文件,ETH,4小时;8小时;24小时;48小时,15分钟;1小时,未知,未知,未知,未知,未知,未知,未知,未知,未知,未登记,无,config/数据/来源身份声明补采.json#身份声明[],25925ef8f47870540a3333c51fe109509d1892a094f19e7ed97ee9e9ac0bbbe7,d7a56bb2b3f2d1353ae1bdb490dd50f66b9a721e38cbd5d20c71732b5afae1f2,df27138421e3a2345115444ed48245433486494c8dd1a65fbc0e56d46527c892,未知,b3a1fc5ec72ad95e258b584f936ad46befab951e0ee9e43eaa18179e34974387,无法判定,FILE_STAT_OBSERVED_IDENTITY_UNPROVEN,本批次只读；若声明、输入、Schema或授权漂移，既有结论自动失效并须追加新批次,未读取业务正文、价格、成交、订单簿、账户或凭据；身份字段不完整,为该成员提供当前版本九字段声明及逐字段Schema、授权和唯一证据定位后追加不可变批次,2d50c1344a835ceeb832796935182aeff80bb03cecc5465c8cf3aaccbd446acd,86129966e4bc55fac18f2d7602a2309d4403f85861102128a56a80a5a0ccc1ea,3815c02a77c1a28192faac77aac8b217aa1a4c7863e7f2cd9583601d62b9d1d6
source-identity-declaration-20260808T050813+0800-b2487b6c41a5,ZI-125d0435a6188786951e37bd,DS-000056,候选数据文件,ETH,4小时;8小时;24小时;48小时,15分钟;1小时,未知,未知,未知,未知,未知,未知,未知,未知,未知,未登记,无,config/数据/来源身份声明补采.json#身份声明[],25925ef8f47870540a3333c51fe109509d1892a094f19e7ed97ee9e9ac0bbbe7,664065d8bcbfde6ce83948e226f424c3f8c73c2aa7a808c48ca3483bbcfdd2d2,9f6e9e7cd3d9267eb45db30dff92330cb57c087ee00809fe19c775f72c394d14,未知,b3a1fc5ec72ad95e258b584f936ad46befab951e0ee9e43eaa18179e34974387,无法判定,FILE_STAT_OBSERVED_IDENTITY_UNPROVEN,本批次只读；若声明、输入、Schema或授权漂移，既有结论自动失效并须追加新批次,未读取业务正文、价格、成交、订单簿、账户或凭据；身份字段不完整,为该成员提供当前版本九字段声明及逐字段Schema、授权和唯一证据定位后追加不可变批次,2d50c1344a835ceeb832796935182aeff80bb03cecc5465c8cf3aaccbd446acd,86129966e4bc55fac18f2d7602a2309d4403f85861102128a56a80a5a0ccc1ea,110d89f89fa5f8675f51a7a0686e2343a46304b0edf2c5932e53f53abcc57f0e
source-identity-declaration-20260808T050813+0800-b2487b6c41a5,ZI-6ac98ad98d740090a661a47d,DS-000057,候选数据文件,ETH,4小时;8小时;24小时;48小时,15分钟;1小时,未知,未知,未知,未知,未知,未知,未知,未知,未知,未登记,无,config/数据/来源身份声明补采.json#身份声明[],25925ef8f47870540a3333c51fe109509d1892a094f19e7ed97ee9e9ac0bbbe7,ae21fda5c0653f332e55a07d8845e164909d455385ec75880755b67592ab6e08,f1c65e289e7ab884b423d6b5ae24ba9ed0fdfe199fecae78e66d80c06d5673a1,未知,b3a1fc5ec72ad95e258b584f936ad46befab951e0ee9e43eaa18179e34974387,无法判定,FILE_STAT_OBSERVED_IDENTITY_UNPROVEN,本批次只读；若声明、输入、Schema或授权漂移，既有结论自动失效并须追加新批次,未读取业务正文、价格、成交、订单簿、账户或凭据；身份字段不完整,为该成员提供当前版本九字段声明及逐字段Schema、授权和唯一证据定位后追加不可变批次,2d50c1344a835ceeb832796935182aeff80bb03cecc5465c8cf3aaccbd446acd,86129966e4bc55fac18f2d7602a2309d4403f85861102128a56a80a5a0ccc1ea,0e36e03ac8024b8dfafb3f66808e3f723911684a5b6a1b87f17eded2b2481046
source-identity-declaration-20260808T050813+0800-b2487b6c41a5,ZI-d09b0bb4a95fd5e64f650483,DS-000058,候选数据文件,ETH,4小时;8小时;24小时;48小时,15分钟;1小时,未知,未知,未知,未知,未知,未知,未知,未知,未知,未登记,无,config/数据/来源身份声明补采.json#身份声明[],25925ef8f47870540a3333c51fe109509d1892a094f19e7ed97ee9e9ac0bbbe7,c660829578896811167b8d845c14d303efa2e3f8b50e904d73e411784995991a,f882f850239191016d3502bd7499952230046fff74428985aabf221d9ff6c12e,未知,b3a1fc5ec72ad95e258b584f936ad46befab951e0ee9e43eaa18179e34974387,无法判定,FILE_STAT_OBSERVED_IDENTITY_UNPROVEN,本批次只读；若声明、输入、Schema或授权漂移，既有结论自动失效并须追加新批次,未读取业务正文、价格、成交、订单簿、账户或凭据；身份字段不完整,为该成员提供当前版本九字段声明及逐字段Schema、授权和唯一证据定位后追加不可变批次,2d50c1344a835ceeb832796935182aeff80bb03cecc5465c8cf3aaccbd446acd,86129966e4bc55fac18f2d7602a2309d4403f85861102128a56a80a5a0ccc1ea,3b38eca7a47a88b2ac995f9f2a9116950113bdd3371b676c074f2ac79b568013
source-identity-declaration-20260808T050813+0800-b2487b6c41a5,ZI-167d01818b56710ddbafb446,DS-000059,候选数据文件,ETH,4小时;8小时;24小时;48小时,15分钟;1小时,未知,未知,未知,未知,未知,未知,未知,未知,未知,未登记,无,config/数据/来源身份声明补采.json#身份声明[],25925ef8f47870540a3333c51fe109509d1892a094f19e7ed97ee9e9ac0bbbe7,6ab67b288358b14fec04f0192375baa6f051a76cf8cbe96f4f6da90007923591,651365605a3eeecc7b84153ab291e031b5e5a0da9eeed4d927f115422ae1bcf5,未知,b3a1fc5ec72ad95e258b584f936ad46befab951e0ee9e43eaa18179e34974387,无法判定,FILE_STAT_OBSERVED_IDENTITY_UNPROVEN,本批次只读；若声明、输入、Schema或授权漂移，既有结论自动失效并须追加新批次,未读取业务正文、价格、成交、订单簿、账户或凭据；身份字段不完整,为该成员提供当前版本九字段声明及逐字段Schema、授权和唯一证据定位后追加不可变批次,2d50c1344a835ceeb832796935182aeff80bb03cecc5465c8cf3aaccbd446acd,86129966e4bc55fac18f2d7602a2309d4403f85861102128a56a80a5a0ccc1ea,0728140c6797222eb187eb3f03b6939a81a2b6a9d203d647f92fffe3f8a82c23
source-identity-declaration-20260808T050813+0800-b2487b6c41a5,ZI-3d63384c465a5614a4b1b48e,DS-000060,候选数据文件,ETH,4小时;8小时;24小时;48小时,15分钟;1小时,未知,未知,未知,未知,未知,未知,未知,未知,未知,未登记,无,config/数据/来源身份声明补采.json#身份声明[],25925ef8f47870540a3333c51fe109509d1892a094f19e7ed97ee9e9ac0bbbe7,adf7fdba5eb0d647d00287e9447a608eb8c49dc7152886e47ac7594111d44ddd,12c351038dc469e958fe4100d546c89d5d63a0eb2f8e198c1775b1975c890a4a,未知,b3a1fc5ec72ad95e258b584f936ad46befab951e0ee9e43eaa18179e34974387,无法判定,FILE_STAT_OBSERVED_IDENTITY_UNPROVEN,本批次只读；若声明、输入、Schema或授权漂移，既有结论自动失效并须追加新批次,未读取业务正文、价格、成交、订单簿、账户或凭据；身份字段不完整,为该成员提供当前版本九字段声明及逐字段Schema、授权和唯一证据定位后追加不可变批次,2d50c1344a835ceeb832796935182aeff80bb03cecc5465c8cf3aaccbd446acd,86129966e4bc55fac18f2d7602a2309d4403f85861102128a56a80a5a0ccc1ea,dccb91c6dabbf9989d6c285ba66ab60e7ab928bb8fd04951f86708702a496721
source-identity-declaration-20260808T050813+0800-b2487b6c41a5,ZI-8d3158324830bcdf98c9179e,DS-000061,候选数据文件,ETH,4小时;8小时;24小时;48小时,15分钟;1小时,未知,未知,未知,未知,未知,未知,未知,未知,未知,未登记,无,config/数据/来源身份声明补采.json#身份声明[],25925ef8f47870540a3333c51fe109509d1892a094f19e7ed97ee9e9ac0bbbe7,3a5d875afbc06a8c4e2c1bfabdef47e60bab08f23564741f433dc66b18ada1f9,8a9ab8deaabae43a111b9a2b5357e0ea3cb35d73eafade080a2863a7233c89ea,未知,b3a1fc5ec72ad95e258b584f936ad46befab951e0ee9e43eaa18179e34974387,无法判定,FILE_STAT_OBSERVED_IDENTITY_UNPROVEN,本批次只读；若声明、输入、Schema或授权漂移，既有结论自动失效并须追加新批次,未读取业务正文、价格、成交、订单簿、账户或凭据；身份字段不完整,为该成员提供当前版本九字段声明及逐字段Schema、授权和唯一证据定位后追加不可变批次,2d50c1344a835ceeb832796935182aeff80bb03cecc5465c8cf3aaccbd446acd,86129966e4bc55fac18f2d7602a2309d4403f85861102128a56a80a5a0ccc1ea,8affffe0de3ba6168faecba09b2e293931813ee3364a824412b3a0608ff0de84
source-identity-declaration-20260808T050813+0800-b2487b6c41a5,ZI-14f914d1a3448c90648032d9,DS-000062,候选数据文件,ETH,4小时;8小时;24小时;48小时,15分钟;1小时,未知,未知,未知,未知,未知,未知,未知,未知,未知,未登记,无,config/数据/来源身份声明补采.json#身份声明[],25925ef8f47870540a3333c51fe109509d1892a094f19e7ed97ee9e9ac0bbbe7,5710a895d201ba1fbc94beb00d9e2422377065f1fd515e16b50be19199c8a5ec,4aaea957203bce27943d23d9579770bc8aa08256bce1cc1826a27b2c2036a581,未知,b3a1fc5ec72ad95e258b584f936ad46befab951e0ee9e43eaa18179e34974387,无法判定,FILE_STAT_OBSERVED_IDENTITY_UNPROVEN,本批次只读；若声明、输入、Schema或授权漂移，既有结论自动失效并须追加新批次,未读取业务正文、价格、成交、订单簿、账户或凭据；身份字段不完整,为该成员提供当前版本九字段声明及逐字段Schema、授权和唯一证据定位后追加不可变批次,2d50c1344a835ceeb832796935182aeff80bb03cecc5465c8cf3aaccbd446acd,86129966e4bc55fac18f2d7602a2309d4403f85861102128a56a80a5a0ccc1ea,e8a9b43154df735abf70de98856777cd96ea5cf3b1d7c74c43974a9de3f21eae
source-identity-declaration-20260808T050813+0800-b2487b6c41a5,ZI-f5bddcb87511d45ac7c5987a,DS-000063,候选数据文件,ETH,4小时;8小时;24小时;48小时,15分钟;1小时,未知,未知,未知,未知,未知,未知,未知,未知,未知,未登记,无,config/数据/来源身份声明补采.json#身份声明[],25925ef8f47870540a3333c51fe109509d1892a094f19e7ed97ee9e9ac0bbbe7,26a4dec78e9ebed059e05fe413141f5a5cc7f1dfcb2dd638b319e4006f4ae6b7,5c1cf040b1f2cad7e44808ba948ec78a0f4f306cac1d8458eba84fa3d88e9b6b,未知,b3a1fc5ec72ad95e258b584f936ad46befab951e0ee9e43eaa18179e34974387,无法判定,FILE_STAT_OBSERVED_IDENTITY_UNPROVEN,本批次只读；若声明、输入、Schema或授权漂移，既有结论自动失效并须追加新批次,未读取业务正文、价格、成交、订单簿、账户或凭据；身份字段不完整,为该成员提供当前版本九字段声明及逐字段Schema、授权和唯一证据定位后追加不可变批次,2d50c1344a835ceeb832796935182aeff80bb03cecc5465c8cf3aaccbd446acd,86129966e4bc55fac18f2d7602a2309d4403f85861102128a56a80a5a0ccc1ea,7da04d73ac01714341c566453a0d1509d3fbe41b51f2d6058b692f65a82a4178
source-identity-declaration-20260808T050813+0800-b2487b6c41a5,ZI-fd3d75813aed695a0688a269,DS-000064,候选数据文件,ETH,4小时;8小时;24小时;48小时,15分钟;1小时,未知,未知,未知,未知,未知,未知,未知,未知,未知,未登记,无,config/数据/来源身份声明补采.json#身份声明[],25925ef8f47870540a3333c51fe109509d1892a094f19e7ed97ee9e9ac0bbbe7,f1f6b00f8921b2167b1f004ba0cb0abd4ef1f7fa7f4123aa449bed5a319e5b47,975b0d7f3e49e42e2ecb879a4d0560bc4e1d7306bfcdd58dae2ea078299254b7,未知,b3a1fc5ec72ad95e258b584f936ad46befab951e0ee9e43eaa18179e34974387,无法判定,FILE_STAT_OBSERVED_IDENTITY_UNPROVEN,本批次只读；若声明、输入、Schema或授权漂移，既有结论自动失效并须追加新批次,未读取业务正文、价格、成交、订单簿、账户或凭据；身份字段不完整,为该成员提供当前版本九字段声明及逐字段Schema、授权和唯一证据定位后追加不可变批次,2d50c1344a835ceeb832796935182aeff80bb03cecc5465c8cf3aaccbd446acd,86129966e4bc55fac18f2d7602a2309d4403f85861102128a56a80a5a0ccc1ea,ed07fd534e8ce4d9f1d5e4c1636834d5526fb24036e7cecd8a69105f3241a0b0
source-identity-declaration-20260808T050813+0800-b2487b6c41a5,ZI-6d753e7102fc438113a8a225,DS-000065,候选数据文件,ETH,4小时;8小时;24小时;48小时,15分钟;1小时,未知,未知,未知,未知,未知,未知,未知,未知,未知,未登记,无,config/数据/来源身份声明补采.json#身份声明[],25925ef8f47870540a3333c51fe109509d1892a094f19e7ed97ee9e9ac0bbbe7,eab3d84b522308f2ae60c693e4d4eaa4a5821cd91eba8b0d32793da5476732a3,5ced6eac771c906b451a359360e493fc08647e63e8371e0d892fef33c893c5b2,未知,b3a1fc5ec72ad95e258b584f936ad46befab951e0ee9e43eaa18179e34974387,无法判定,FILE_STAT_OBSERVED_IDENTITY_UNPROVEN,本批次只读；若声明、输入、Schema或授权漂移，既有结论自动失效并须追加新批次,未读取业务正文、价格、成交、订单簿、账户或凭据；身份字段不完整,为该成员提供当前版本九字段声明及逐字段Schema、授权和唯一证据定位后追加不可变批次,2d50c1344a835ceeb832796935182aeff80bb03cecc5465c8cf3aaccbd446acd,86129966e4bc55fac18f2d7602a2309d4403f85861102128a56a80a5a0ccc1ea,3696af4f825631fa989366fc575016aea3c0597f18334cabe4f8595172f79e59
source-identity-declaration-20260808T050813+0800-b2487b6c41a5,ZI-cdc9825ab05b1fb6098704fa,DS-000066,候选数据文件,ETH,4小时;8小时;24小时;48小时,15分钟;1小时,未知,未知,未知,未知,未知,未知,未知,未知,未知,未登记,无,config/数据/来源身份声明补采.json#身份声明[],25925ef8f47870540a3333c51fe109509d1892a094f19e7ed97ee9e9ac0bbbe7,b4c1118b099f8af0e0124bcd8ab32c7080e4c77c9db562d06a2ddfb0aaef470f,49627c89939cf1eb48174bba004dd948506e0e9dd8acadbaefa3f59ae850ff66,未知,b3a1fc5ec72ad95e258b584f936ad46befab951e0ee9e43eaa18179e34974387,无法判定,FILE_STAT_OBSERVED_IDENTITY_UNPROVEN,本批次只读；若声明、输入、Schema或授权漂移，既有结论自动失效并须追加新批次,未读取业务正文、价格、成交、订单簿、账户或凭据；身份字段不完整,为该成员提供当前版本九字段声明及逐字段Schema、授权和唯一证据定位后追加不可变批次,2d50c1344a835ceeb832796935182aeff80bb03cecc5465c8cf3aaccbd446acd,86129966e4bc55fac18f2d7602a2309d4403f85861102128a56a80a5a0ccc1ea,5f9d0a562652b1ec1ee5aa5c5b1da472a43e995c7b307c17bc714e96c1a943b9
source-identity-declaration-20260808T050813+0800-b2487b6c41a5,ZI-debdc43209a47ad26d2b1bd3,DS-000067,候选数据文件,ETH,4小时;8小时;24小时;48小时,15分钟;1小时,未知,未知,未知,未知,未知,未知,未知,未知,未知,未登记,无,config/数据/来源身份声明补采.json#身份声明[],25925ef8f47870540a3333c51fe109509d1892a094f19e7ed97ee9e9ac0bbbe7,0aacf650e5c210dc3a2f861d8ec121819cbf065be98ebffdaefac4f009fe321b,23b9038a85ed14a2a54b16059f5894baa282799241d5f16565a7ac1f5285bc89,未知,b3a1fc5ec72ad95e258b584f936ad46befab951e0ee9e43eaa18179e34974387,无法判定,FILE_STAT_OBSERVED_IDENTITY_UNPROVEN,本批次只读；若声明、输入、Schema或授权漂移，既有结论自动失效并须追加新批次,未读取业务正文、价格、成交、订单簿、账户或凭据；身份字段不完整,为该成员提供当前版本九字段声明及逐字段Schema、授权和唯一证据定位后追加不可变批次,2d50c1344a835ceeb832796935182aeff80bb03cecc5465c8cf3aaccbd446acd,86129966e4bc55fac18f2d7602a2309d4403f85861102128a56a80a5a0ccc1ea,c8fc0a781775d1d40fd765593bad7dcb76c6b6030e28c7ff5bba9eab48b17af5
source-identity-declaration-20260808T050813+0800-b2487b6c41a5,ZI-7d00e7e8b9a85ec6bb065156,DS-000068,候选数据文件,ETH,4小时;8小时;24小时;48小时,15分钟;1小时,未知,未知,未知,未知,未知,未知,未知,未知,未知,未登记,无,config/数据/来源身份声明补采.json#身份声明[],25925ef8f47870540a3333c51fe109509d1892a094f19e7ed97ee9e9ac0bbbe7,db30c154a1919ffb0c2c0e6029d2f69014247f83417003c9f872c26cf0a21977,77f7447a7e0aa38f0d517728fdaabe180eef0cb7550aaa9ffa57596bca31fdab,未知,b3a1fc5ec72ad95e258b584f936ad46befab951e0ee9e43eaa18179e34974387,无法判定,FILE_STAT_OBSERVED_IDENTITY_UNPROVEN,本批次只读；若声明、输入、Schema或授权漂移，既有结论自动失效并须追加新批次,未读取业务正文、价格、成交、订单簿、账户或凭据；身份字段不完整,为该成员提供当前版本九字段声明及逐字段Schema、授权和唯一证据定位后追加不可变批次,2d50c1344a835ceeb832796935182aeff80bb03cecc5465c8cf3aaccbd446acd,86129966e4bc55fac18f2d7602a2309d4403f85861102128a56a80a5a0ccc1ea,7164b045940ea09768fe3a03dd1d40a68b48f858acc9992a34a24453342600ee
source-identity-declaration-20260808T050813+0800-b2487b6c41a5,ZI-130612ec6f518786293a81bb,DS-000069,候选数据文件,ETH,4小时;8小时;24小时;48小时,15分钟;1小时,未知,未知,未知,未知,未知,未知,未知,未知,未知,未登记,无,config/数据/来源身份声明补采.json#身份声明[],25925ef8f47870540a3333c51fe109509d1892a094f19e7ed97ee9e9ac0bbbe7,94ab5dc58dcd90b5be0cd9c24412f3966fe4b99eb33d8a5f3620a6854ac8143e,b045ee151128a0e814864af57377feb4ccfe9e9357117747cf18850b84ba6244,未知,b3a1fc5ec72ad95e258b584f936ad46befab951e0ee9e43eaa18179e34974387,无法判定,FILE_STAT_OBSERVED_IDENTITY_UNPROVEN,本批次只读；若声明、输入、Schema或授权漂移，既有结论自动失效并须追加新批次,未读取业务正文、价格、成交、订单簿、账户或凭据；身份字段不完整,为该成员提供当前版本九字段声明及逐字段Schema、授权和唯一证据定位后追加不可变批次,2d50c1344a835ceeb832796935182aeff80bb03cecc5465c8cf3aaccbd446acd,86129966e4bc55fac18f2d7602a2309d4403f85861102128a56a80a5a0ccc1ea,3f2356fe54d60e89eb1809432bbc339dd5fa4aac9942764f19002202ad611bfe
source-identity-declaration-20260808T050813+0800-b2487b6c41a5,ZI-65b40787d4fc73554e42a24e,DS-000070,候选数据文件,ETH,4小时;8小时;24小时;48小时,15分钟;1小时,未知,未知,未知,未知,未知,未知,未知,未知,未知,未登记,无,config/数据/来源身份声明补采.json#身份声明[],25925ef8f47870540a3333c51fe109509d1892a094f19e7ed97ee9e9ac0bbbe7,b04d9cf5f0550dd3b100f17db6b09f4e9755f27bc2dfb80444837b7bdeece9f7,4fb4e8aa84094c1c0360c4ec1ea4dec37d83ca8f1617872a4b121e925efebd50,未知,b3a1fc5ec72ad95e258b584f936ad46befab951e0ee9e43eaa18179e34974387,无法判定,FILE_STAT_OBSERVED_IDENTITY_UNPROVEN,本批次只读；若声明、输入、Schema或授权漂移，既有结论自动失效并须追加新批次,未读取业务正文、价格、成交、订单簿、账户或凭据；身份字段不完整,为该成员提供当前版本九字段声明及逐字段Schema、授权和唯一证据定位后追加不可变批次,2d50c1344a835ceeb832796935182aeff80bb03cecc5465c8cf3aaccbd446acd,86129966e4bc55fac18f2d7602a2309d4403f85861102128a56a80a5a0ccc1ea,4697b03e61547866a8614352902d4eee777cc4400bba13a27ed7074ac82eded2
source-identity-declaration-20260808T050813+0800-b2487b6c41a5,ZI-2e5b11987f0893e154b4a226,DS-000071,候选数据文件,ETH,4小时;8小时;24小时;48小时,15分钟;1小时,未知,未知,未知,未知,未知,未知,未知,未知,未知,未登记,无,config/数据/来源身份声明补采.json#身份声明[],25925ef8f47870540a3333c51fe109509d1892a094f19e7ed97ee9e9ac0bbbe7,0862e2f5ee203957cf6bdf9e0cccea6c1bd224b6343746e2c26cb9d1aefecc2a,1f91c6c4858ae0a9f46ad48d03d5521794abed19ca22b082afb898f8baa5ba6a,未知,b3a1fc5ec72ad95e258b584f936ad46befab951e0ee9e43eaa18179e34974387,无法判定,FILE_STAT_OBSERVED_IDENTITY_UNPROVEN,本批次只读；若声明、输入、Schema或授权漂移，既有结论自动失效并须追加新批次,未读取业务正文、价格、成交、订单簿、账户或凭据；身份字段不完整,为该成员提供当前版本九字段声明及逐字段Schema、授权和唯一证据定位后追加不可变批次,2d50c1344a835ceeb832796935182aeff80bb03cecc5465c8cf3aaccbd446acd,86129966e4bc55fac18f2d7602a2309d4403f85861102128a56a80a5a0ccc1ea,217e9a30f9fb9726bbf338558a9c505e3ffd81a6f6a077c49b20f156316e4d49
source-identity-declaration-20260808T050813+0800-b2487b6c41a5,ZI-8a724c2b2b2310e8ea456a6c,DS-000072,候选数据文件,ETH,4小时;8小时;24小时;48小时,15分钟;1小时,未知,未知,未知,未知,未知,未知,未知,未知,未知,未登记,无,config/数据/来源身份声明补采.json#身份声明[],25925ef8f47870540a3333c51fe109509d1892a094f19e7ed97ee9e9ac0bbbe7,15027222020681861caf23abd321393fbb4237b3f83100c4b4534386b40b95c7,e89f0dbf2a77cb25cfdf1e62bb610f580026a50d99098816120bc4fd61a82e7c,未知,b3a1fc5ec72ad95e258b584f936ad46befab951e0ee9e43eaa18179e34974387,无法判定,FILE_STAT_OBSERVED_IDENTITY_UNPROVEN,本批次只读；若声明、输入、Schema或授权漂移，既有结论自动失效并须追加新批次,未读取业务正文、价格、成交、订单簿、账户或凭据；身份字段不完整,为该成员提供当前版本九字段声明及逐字段Schema、授权和唯一证据定位后追加不可变批次,2d50c1344a835ceeb832796935182aeff80bb03cecc5465c8cf3aaccbd446acd,86129966e4bc55fac18f2d7602a2309d4403f85861102128a56a80a5a0ccc1ea,f5506496c498e398071946ec8af357bd958b4ff0f10a5b9aecd4f36018263dc4
source-identity-declaration-20260808T050813+0800-b2487b6c41a5,ZI-8ff34b76a144e3416ff2ba0a,DS-000073,候选数据文件,ETH,4小时;8小时;24小时;48小时,15分钟;1小时,未知,未知,未知,未知,未知,未知,未知,未知,未知,未登记,无,config/数据/来源身份声明补采.json#身份声明[],25925ef8f47870540a3333c51fe109509d1892a094f19e7ed97ee9e9ac0bbbe7,2deca25c4bce98ed07321e7eac5d762f307f7f056c5ce4b08ebd7b4b8f4c7364,d995bf7886e7749af0ae9972de012ed7b4d3be3d3c4d15039da26dc2abbacc64,未知,b3a1fc5ec72ad95e258b584f936ad46befab951e0ee9e43eaa18179e34974387,无法判定,FILE_STAT_OBSERVED_IDENTITY_UNPROVEN,本批次只读；若声明、输入、Schema或授权漂移，既有结论自动失效并须追加新批次,未读取业务正文、价格、成交、订单簿、账户或凭据；身份字段不完整,为该成员提供当前版本九字段声明及逐字段Schema、授权和唯一证据定位后追加不可变批次,2d50c1344a835ceeb832796935182aeff80bb03cecc5465c8cf3aaccbd446acd,86129966e4bc55fac18f2d7602a2309d4403f85861102128a56a80a5a0ccc1ea,dd81f8c8ef6b43457d1b55611a065ef51637abd2049ad9dc54fc7743e3aa43e9
source-identity-declaration-20260808T050813+0800-b2487b6c41a5,ZI-2dab989667e2e000a36be458,DS-000074,候选数据文件,ETH,4小时;8小时;24小时;48小时,15分钟;1小时,未知,未知,未知,未知,未知,未知,未知,未知,未知,未登记,无,config/数据/来源身份声明补采.json#身份声明[],25925ef8f47870540a3333c51fe109509d1892a094f19e7ed97ee9e9ac0bbbe7,ac5b354c4a5253401a4abe672fd70623e5d2f3a6022e2de9dfe19e3d64c073bb,f80740ee978711f811d73f02f9b88ed3f22242e7bd5feead25976c28f905907a,未知,b3a1fc5ec72ad95e258b584f936ad46befab951e0ee9e43eaa18179e34974387,无法判定,FILE_STAT_OBSERVED_IDENTITY_UNPROVEN,本批次只读；若声明、输入、Schema或授权漂移，既有结论自动失效并须追加新批次,未读取业务正文、价格、成交、订单簿、账户或凭据；身份字段不完整,为该成员提供当前版本九字段声明及逐字段Schema、授权和唯一证据定位后追加不可变批次,2d50c1344a835ceeb832796935182aeff80bb03cecc5465c8cf3aaccbd446acd,86129966e4bc55fac18f2d7602a2309d4403f85861102128a56a80a5a0ccc1ea,3e0cb4188c4802199efbe35c08aadc84805e28ad1a324da6b82ab8605397a2e5
source-identity-declaration-20260808T050813+0800-b2487b6c41a5,ZI-34c79640d21e2dca7bd200b8,DS-000075,候选数据文件,ETH,4小时;8小时;24小时;48小时,15分钟;1小时,未知,未知,未知,未知,未知,未知,未知,未知,未知,未登记,无,config/数据/来源身份声明补采.json#身份声明[],25925ef8f47870540a3333c51fe109509d1892a094f19e7ed97ee9e9ac0bbbe7,e5adabe624a278724b6ce1f97aeb2e7478b7ef0b117219951e3dd57b9a70dab7,1aa23fb2b5b219ee2ddaa27d5cc1038b4ef3a1ec97d8e7314871c30944d2da2a,未知,b3a1fc5ec72ad95e258b584f936ad46befab951e0ee9e43eaa18179e34974387,无法判定,FILE_STAT_OBSERVED_IDENTITY_UNPROVEN,本批次只读；若声明、输入、Schema或授权漂移，既有结论自动失效并须追加新批次,未读取业务正文、价格、成交、订单簿、账户或凭据；身份字段不完整,为该成员提供当前版本九字段声明及逐字段Schema、授权和唯一证据定位后追加不可变批次,2d50c1344a835ceeb832796935182aeff80bb03cecc5465c8cf3aaccbd446acd,86129966e4bc55fac18f2d7602a2309d4403f85861102128a56a80a5a0ccc1ea,d1201f42a07aed2ed49a4e30e83c5db3efadb6e4f206afceacdbb7ba4840a87d
source-identity-declaration-20260808T050813+0800-b2487b6c41a5,ZI-71226df9ffc076a6def96779,DS-000076,候选数据文件,ETH,4小时;8小时;24小时;48小时,15分钟;1小时,未知,未知,未知,未知,未知,未知,未知,未知,未知,未登记,无,config/数据/来源身份声明补采.json#身份声明[],25925ef8f47870540a3333c51fe109509d1892a094f19e7ed97ee9e9ac0bbbe7,e8f121115255b3f336495618342f8a1f0e4377727cdcd8fbf7e7f6007899d3c1,111cb89424ead72cf3aa0cd5a8dc8301bd6f361a01bb006c2c971e67a0756aa3,未知,b3a1fc5ec72ad95e258b584f936ad46befab951e0ee9e43eaa18179e34974387,无法判定,FILE_STAT_OBSERVED_IDENTITY_UNPROVEN,本批次只读；若声明、输入、Schema或授权漂移，既有结论自动失效并须追加新批次,未读取业务正文、价格、成交、订单簿、账户或凭据；身份字段不完整,为该成员提供当前版本九字段声明及逐字段Schema、授权和唯一证据定位后追加不可变批次,2d50c1344a835ceeb832796935182aeff80bb03cecc5465c8cf3aaccbd446acd,86129966e4bc55fac18f2d7602a2309d4403f85861102128a56a80a5a0ccc1ea,7cf64be5d021332c8458d60a4ba43e731ddddc78f7617515fff5545a315e1a26
source-identity-declaration-20260808T050813+0800-b2487b6c41a5,ZI-b211253f6cb6a849fbcb8b9b,DS-000077,候选数据文件,ETH,4小时;8小时;24小时;48小时,15分钟;1小时,未知,未知,未知,未知,未知,未知,未知,未知,未知,未登记,无,config/数据/来源身份声明补采.json#身份声明[],25925ef8f47870540a3333c51fe109509d1892a094f19e7ed97ee9e9ac0bbbe7,b93cbc4a97f28e776414cc96ef1c9b6d33baf46dedf6542fc40b5f24ebb90aab,baa29331850ab27315c0a93930f539cb5502f423fedd98cb2e86e267f2b045a6,未知,b3a1fc5ec72ad95e258b584f936ad46befab951e0ee9e43eaa18179e34974387,无法判定,FILE_STAT_OBSERVED_IDENTITY_UNPROVEN,本批次只读；若声明、输入、Schema或授权漂移，既有结论自动失效并须追加新批次,未读取业务正文、价格、成交、订单簿、账户或凭据；身份字段不完整,为该成员提供当前版本九字段声明及逐字段Schema、授权和唯一证据定位后追加不可变批次,2d50c1344a835ceeb832796935182aeff80bb03cecc5465c8cf3aaccbd446acd,86129966e4bc55fac18f2d7602a2309d4403f85861102128a56a80a5a0ccc1ea,8c3f17b6849aaef1195314a11b561f664ffdf51bcfe3532d41b3d5ea3bc9661d
source-identity-declaration-20260808T050813+0800-b2487b6c41a5,ZI-3be31e2ad7066adca6b49b55,DS-000078,候选数据文件,ETH,4小时;8小时;24小时;48小时,15分钟;1小时,未知,未知,未知,未知,未知,未知,未知,未知,未知,未登记,无,config/数据/来源身份声明补采.json#身份声明[],25925ef8f47870540a3333c51fe109509d1892a094f19e7ed97ee9e9ac0bbbe7,9ff25aec656063d50358c451f21569aac06eaec60abb7eb1209d023004fcd058,e212d846a0d4288bbedde644fcd626ba447695af79074e263214faace9780adf,未知,b3a1fc5ec72ad95e258b584f936ad46befab951e0ee9e43eaa18179e34974387,无法判定,FILE_STAT_OBSERVED_IDENTITY_UNPROVEN,本批次只读；若声明、输入、Schema或授权漂移，既有结论自动失效并须追加新批次,未读取业务正文、价格、成交、订单簿、账户或凭据；身份字段不完整,为该成员提供当前版本九字段声明及逐字段Schema、授权和唯一证据定位后追加不可变批次,2d50c1344a835ceeb832796935182aeff80bb03cecc5465c8cf3aaccbd446acd,86129966e4bc55fac18f2d7602a2309d4403f85861102128a56a80a5a0ccc1ea,f47fe4a158789f7e701a3f6e2e4bff3b753e478ef0d4403dbeac938374492c1a
source-identity-declaration-20260808T050813+0800-b2487b6c41a5,ZI-f028549bbcd5063bf447769f,DS-000079,候选数据文件,ETH,4小时;8小时;24小时;48小时,15分钟;1小时,未知,未知,未知,未知,未知,未知,未知,未知,未知,未登记,无,config/数据/来源身份声明补采.json#身份声明[],25925ef8f47870540a3333c51fe109509d1892a094f19e7ed97ee9e9ac0bbbe7,2b9634a627f69599a77aa29fa4a7056feb846f6a024ecdb8f55a1c04aa95fea2,91f169f714c690456138cdf589d5e8a7b5456f6053d1cdc94e2b724fdbfa42b1,未知,b3a1fc5ec72ad95e258b584f936ad46befab951e0ee9e43eaa18179e34974387,无法判定,FILE_STAT_OBSERVED_IDENTITY_UNPROVEN,本批次只读；若声明、输入、Schema或授权漂移，既有结论自动失效并须追加新批次,未读取业务正文、价格、成交、订单簿、账户或凭据；身份字段不完整,为该成员提供当前版本九字段声明及逐字段Schema、授权和唯一证据定位后追加不可变批次,2d50c1344a835ceeb832796935182aeff80bb03cecc5465c8cf3aaccbd446acd,86129966e4bc55fac18f2d7602a2309d4403f85861102128a56a80a5a0ccc1ea,2bd380c6335357119adcdde23e2c8f4ce08aab6bb10ceb261fe583fd8a553c97
source-identity-declaration-20260808T050813+0800-b2487b6c41a5,ZI-5cb1f0e0a0d3ea04cec7f2db,DS-000080,候选数据文件,ETH,4小时;8小时;24小时;48小时,15分钟;1小时,未知,未知,未知,未知,未知,未知,未知,未知,未知,未登记,无,config/数据/来源身份声明补采.json#身份声明[],25925ef8f47870540a3333c51fe109509d1892a094f19e7ed97ee9e9ac0bbbe7,3af20a52811a89980b8cf09252253e548c5f6c7fe76c96012651febe29bb1e22,29a9822b3c83726c46e27f624ea982eb5b39d1b28b9c7f58154f864cdaa29623,未知,b3a1fc5ec72ad95e258b584f936ad46befab951e0ee9e43eaa18179e34974387,无法判定,FILE_STAT_OBSERVED_IDENTITY_UNPROVEN,本批次只读；若声明、输入、Schema或授权漂移，既有结论自动失效并须追加新批次,未读取业务正文、价格、成交、订单簿、账户或凭据；身份字段不完整,为该成员提供当前版本九字段声明及逐字段Schema、授权和唯一证据定位后追加不可变批次,2d50c1344a835ceeb832796935182aeff80bb03cecc5465c8cf3aaccbd446acd,86129966e4bc55fac18f2d7602a2309d4403f85861102128a56a80a5a0ccc1ea,0c9bd1a1fbe39408c0d7a717461958c371ee4f185f95d67787adbf7f9cdac590
source-identity-declaration-20260808T050813+0800-b2487b6c41a5,ZI-c554be2524b6ac56420322df,DS-000081,候选数据文件,ETH,4小时;8小时;24小时;48小时,15分钟;1小时,未知,未知,未知,未知,未知,未知,未知,未知,未知,未登记,无,config/数据/来源身份声明补采.json#身份声明[],25925ef8f47870540a3333c51fe109509d1892a094f19e7ed97ee9e9ac0bbbe7,b20c3eb4b0ee8495a9cdc66b7a345404f395cee265413ff67af9890cc47ff5f5,d1db93d691c78fd916ed92552469c918d03cee922044d79f33cf6a69eb698258,未知,b3a1fc5ec72ad95e258b584f936ad46befab951e0ee9e43eaa18179e34974387,无法判定,FILE_STAT_OBSERVED_IDENTITY_UNPROVEN,本批次只读；若声明、输入、Schema或授权漂移，既有结论自动失效并须追加新批次,未读取业务正文、价格、成交、订单簿、账户或凭据；身份字段不完整,为该成员提供当前版本九字段声明及逐字段Schema、授权和唯一证据定位后追加不可变批次,2d50c1344a835ceeb832796935182aeff80bb03cecc5465c8cf3aaccbd446acd,86129966e4bc55fac18f2d7602a2309d4403f85861102128a56a80a5a0ccc1ea,6219936f94070335fc259796de41af46a70f6806b56eb6bd987703e2ce7c8ffc
source-identity-declaration-20260808T050813+0800-b2487b6c41a5,ZI-4436ad9b42c6f806385bd6b4,DS-000082,候选数据文件,ETH,4小时;8小时;24小时;48小时,15分钟;1小时,未知,未知,未知,未知,未知,未知,未知,未知,未知,未登记,无,config/数据/来源身份声明补采.json#身份声明[],25925ef8f47870540a3333c51fe109509d1892a094f19e7ed97ee9e9ac0bbbe7,a3c34f7777e1788e6f6a999275acf640777e31dfb5589bc25492af521c3e994a,fede02311f74fb634858a416f0f4dd18126f465e01fbc1100acbf10d1200a663,未知,b3a1fc5ec72ad95e258b584f936ad46befab951e0ee9e43eaa18179e34974387,无法判定,FILE_STAT_OBSERVED_IDENTITY_UNPROVEN,本批次只读；若声明、输入、Schema或授权漂移，既有结论自动失效并须追加新批次,未读取业务正文、价格、成交、订单簿、账户或凭据；身份字段不完整,为该成员提供当前版本九字段声明及逐字段Schema、授权和唯一证据定位后追加不可变批次,2d50c1344a835ceeb832796935182aeff80bb03cecc5465c8cf3aaccbd446acd,86129966e4bc55fac18f2d7602a2309d4403f85861102128a56a80a5a0ccc1ea,ac0391f6641b642d327998d551c7b5fbc723b7e79b06ae0ac390a755fe3fc59e
source-identity-declaration-20260808T050813+0800-b2487b6c41a5,ZI-dc802620a1660401748ba4f1,DS-000083,候选数据文件,ETH,4小时;8小时;24小时;48小时,15分钟;1小时,未知,未知,未知,未知,未知,未知,未知,未知,未知,未登记,无,config/数据/来源身份声明补采.json#身份声明[],25925ef8f47870540a3333c51fe109509d1892a094f19e7ed97ee9e9ac0bbbe7,2451e8638c8430d0a501abd81a4c6d6bf80512a1dab2010897c17132c0c7480e,7b4a4a43ce8d31d83beac8dd9485d3c99d65763572b420fe5c40d7aff5a2ddc0,未知,b3a1fc5ec72ad95e258b584f936ad46befab951e0ee9e43eaa18179e34974387,无法判定,FILE_STAT_OBSERVED_IDENTITY_UNPROVEN,本批次只读；若声明、输入、Schema或授权漂移，既有结论自动失效并须追加新批次,未读取业务正文、价格、成交、订单簿、账户或凭据；身份字段不完整,为该成员提供当前版本九字段声明及逐字段Schema、授权和唯一证据定位后追加不可变批次,2d50c1344a835ceeb832796935182aeff80bb03cecc5465c8cf3aaccbd446acd,86129966e4bc55fac18f2d7602a2309d4403f85861102128a56a80a5a0ccc1ea,c8bfefe2ca1f223bee969461e892cb66759183babaed30eef4a56b7d97aaf045
source-identity-declaration-20260808T050813+0800-b2487b6c41a5,ZI-3f209003d99517aaa9d196de,DS-000084,候选数据文件,ETH,4小时;8小时;24小时;48小时,15分钟;1小时,未知,未知,未知,未知,未知,未知,未知,未知,未知,未登记,无,config/数据/来源身份声明补采.json#身份声明[],25925ef8f47870540a3333c51fe109509d1892a094f19e7ed97ee9e9ac0bbbe7,445c3db6bd19d4f5548639c800454f126f0076372a493802613cf5800bcfd8e3,605a5eb860a53c866c176f9377d1e2fbb5052a77234ea73731df9aa2573861af,未知,b3a1fc5ec72ad95e258b584f936ad46befab951e0ee9e43eaa18179e34974387,无法判定,FILE_STAT_OBSERVED_IDENTITY_UNPROVEN,本批次只读；若声明、输入、Schema或授权漂移，既有结论自动失效并须追加新批次,未读取业务正文、价格、成交、订单簿、账户或凭据；身份字段不完整,为该成员提供当前版本九字段声明及逐字段Schema、授权和唯一证据定位后追加不可变批次,2d50c1344a835ceeb832796935182aeff80bb03cecc5465c8cf3aaccbd446acd,86129966e4bc55fac18f2d7602a2309d4403f85861102128a56a80a5a0ccc1ea,d376e95cab19d1d705300fab46bd2b908ff876ee8c81745e61976a0f4bab2037
source-identity-declaration-20260808T050813+0800-b2487b6c41a5,ZI-1e587b9ca43b8ecb01a08a67,DS-000085,候选数据文件,ETH,4小时;8小时;24小时;48小时,15分钟;1小时,未知,未知,未知,未知,未知,未知,未知,未知,未知,未登记,无,config/数据/来源身份声明补采.json#身份声明[],25925ef8f47870540a3333c51fe109509d1892a094f19e7ed97ee9e9ac0bbbe7,0c7eaabb88f378576b9d9ce30a667c481c9cbc99a6f7eb7d7d491544477e4ffe,0fedf9c7d3d0b989a7b875084ed71e07cdebe1bb2dcb6342a19dfc9a576d79f6,未知,b3a1fc5ec72ad95e258b584f936ad46befab951e0ee9e43eaa18179e34974387,无法判定,FILE_STAT_OBSERVED_IDENTITY_UNPROVEN,本批次只读；若声明、输入、Schema或授权漂移，既有结论自动失效并须追加新批次,未读取业务正文、价格、成交、订单簿、账户或凭据；身份字段不完整,为该成员提供当前版本九字段声明及逐字段Schema、授权和唯一证据定位后追加不可变批次,2d50c1344a835ceeb832796935182aeff80bb03cecc5465c8cf3aaccbd446acd,86129966e4bc55fac18f2d7602a2309d4403f85861102128a56a80a5a0ccc1ea,f67c0b2fe032eaa942b7794bde908d705c5bd84df638ee0ffe7ccc784927ba9e
source-identity-declaration-20260808T050813+0800-b2487b6c41a5,ZI-bba6b24de803c01632b44a91,DS-000086,候选数据文件,ETH,4小时;8小时;24小时;48小时,15分钟;1小时,未知,未知,未知,未知,未知,未知,未知,未知,未知,未登记,无,config/数据/来源身份声明补采.json#身份声明[],25925ef8f47870540a3333c51fe109509d1892a094f19e7ed97ee9e9ac0bbbe7,0eb4a4f4f4e4a1068ec372fdf0f11c08153f6b1bc3cd56a5c0c94960d1e62b09,01f93941e985130de91b35ffe8c58ad67717e498a3ce1aa05fc6c302bd2e295d,未知,b3a1fc5ec72ad95e258b584f936ad46befab951e0ee9e43eaa18179e34974387,无法判定,FILE_STAT_OBSERVED_IDENTITY_UNPROVEN,本批次只读；若声明、输入、Schema或授权漂移，既有结论自动失效并须追加新批次,未读取业务正文、价格、成交、订单簿、账户或凭据；身份字段不完整,为该成员提供当前版本九字段声明及逐字段Schema、授权和唯一证据定位后追加不可变批次,2d50c1344a835ceeb832796935182aeff80bb03cecc5465c8cf3aaccbd446acd,86129966e4bc55fac18f2d7602a2309d4403f85861102128a56a80a5a0ccc1ea,979bbd4a264fd44f38a79825ea744781b4659372a34df80a392e0843d4a7af0c
source-identity-declaration-20260808T050813+0800-b2487b6c41a5,ZI-baea0c9ad86775e8eca92410,DS-000087,候选数据文件,ETH,4小时;8小时;24小时;48小时,15分钟;1小时,未知,未知,未知,未知,未知,未知,未知,未知,未知,未登记,无,config/数据/来源身份声明补采.json#身份声明[],25925ef8f47870540a3333c51fe109509d1892a094f19e7ed97ee9e9ac0bbbe7,cb5a9125a33ceff9a40988e72821717f085ad2c21526cf39088cb344195f21c1,251b795b56d9aa547185015d4a5a0dcec33763011e38c6999b85d5ac3c45834f,未知,b3a1fc5ec72ad95e258b584f936ad46befab951e0ee9e43eaa18179e34974387,无法判定,FILE_STAT_OBSERVED_IDENTITY_UNPROVEN,本批次只读；若声明、输入、Schema或授权漂移，既有结论自动失效并须追加新批次,未读取业务正文、价格、成交、订单簿、账户或凭据；身份字段不完整,为该成员提供当前版本九字段声明及逐字段Schema、授权和唯一证据定位后追加不可变批次,2d50c1344a835ceeb832796935182aeff80bb03cecc5465c8cf3aaccbd446acd,86129966e4bc55fac18f2d7602a2309d4403f85861102128a56a80a5a0ccc1ea,c6edfdd1c035734a5d1c42522fd400c693fe63a628dd4518ed7e2203493e1e21
source-identity-declaration-20260808T050813+0800-b2487b6c41a5,ZI-e900cf4aa30a969caaffd8a6,DS-000088,候选数据文件,ETH,4小时;8小时;24小时;48小时,15分钟;1小时,未知,未知,未知,未知,未知,未知,未知,未知,未知,未登记,无,config/数据/来源身份声明补采.json#身份声明[],25925ef8f47870540a3333c51fe109509d1892a094f19e7ed97ee9e9ac0bbbe7,bdf4657f0758c3c4568e041dea286a8841995e2061be6660ddc80d52cb73fd57,86b4f6c6711e419eb64b65468f33c7b013594aec40ccf4bd6b11fe08ad060d5b,未知,b3a1fc5ec72ad95e258b584f936ad46befab951e0ee9e43eaa18179e34974387,无法判定,FILE_STAT_OBSERVED_IDENTITY_UNPROVEN,本批次只读；若声明、输入、Schema或授权漂移，既有结论自动失效并须追加新批次,未读取业务正文、价格、成交、订单簿、账户或凭据；身份字段不完整,为该成员提供当前版本九字段声明及逐字段Schema、授权和唯一证据定位后追加不可变批次,2d50c1344a835ceeb832796935182aeff80bb03cecc5465c8cf3aaccbd446acd,86129966e4bc55fac18f2d7602a2309d4403f85861102128a56a80a5a0ccc1ea,676bd5c1076427bf1df62c415c70801d361a562efdff82c5ee17dea0e4b7a67e
source-identity-declaration-20260808T050813+0800-b2487b6c41a5,ZI-fdc48fd4c41a97f34f51f46e,DS-000089,候选数据文件,ETH,4小时;8小时;24小时;48小时,15分钟;1小时,未知,未知,未知,未知,未知,未知,未知,未知,未知,未登记,无,config/数据/来源身份声明补采.json#身份声明[],25925ef8f47870540a3333c51fe109509d1892a094f19e7ed97ee9e9ac0bbbe7,c17e9de0d77f02429c2bf544f7e87a0be9fbf10f1ca0309af848cab64647df44,4ed8b8cc81cb8fb63ca76d450cbc525819c194a1da99c22db6bc82feab0ae550,未知,b3a1fc5ec72ad95e258b584f936ad46befab951e0ee9e43eaa18179e34974387,无法判定,FILE_STAT_OBSERVED_IDENTITY_UNPROVEN,本批次只读；若声明、输入、Schema或授权漂移，既有结论自动失效并须追加新批次,未读取业务正文、价格、成交、订单簿、账户或凭据；身份字段不完整,为该成员提供当前版本九字段声明及逐字段Schema、授权和唯一证据定位后追加不可变批次,2d50c1344a835ceeb832796935182aeff80bb03cecc5465c8cf3aaccbd446acd,86129966e4bc55fac18f2d7602a2309d4403f85861102128a56a80a5a0ccc1ea,6e50b305465897249832c0fa85ca982afcf9fabeecb6f5cbfc892bebe9c43e0c
source-identity-declaration-20260808T050813+0800-b2487b6c41a5,ZI-cfde254fa2f17eff06fd22c0,DS-000090,候选数据文件,ETH,4小时;8小时;24小时;48小时,15分钟;1小时,未知,未知,未知,未知,未知,未知,未知,未知,未知,未登记,无,config/数据/来源身份声明补采.json#身份声明[],25925ef8f47870540a3333c51fe109509d1892a094f19e7ed97ee9e9ac0bbbe7,7455cb004fd8f92bf11aba3294a88df82c2f66ca25872225ffb0d58a6c649e95,a4aa975040979ed8bdf47abeb06339fd4c8047e3db8961b85925d1f4db1d8f18,未知,b3a1fc5ec72ad95e258b584f936ad46befab951e0ee9e43eaa18179e34974387,无法判定,FILE_STAT_OBSERVED_IDENTITY_UNPROVEN,本批次只读；若声明、输入、Schema或授权漂移，既有结论自动失效并须追加新批次,未读取业务正文、价格、成交、订单簿、账户或凭据；身份字段不完整,为该成员提供当前版本九字段声明及逐字段Schema、授权和唯一证据定位后追加不可变批次,2d50c1344a835ceeb832796935182aeff80bb03cecc5465c8cf3aaccbd446acd,86129966e4bc55fac18f2d7602a2309d4403f85861102128a56a80a5a0ccc1ea,fe9093b1fda4f8e55c04cf10322bb2603756e342cf825e75ea1d190db637cda5
source-identity-declaration-20260808T050813+0800-b2487b6c41a5,ZI-e753f977d37bf709ca92ee4e,DS-000091,候选数据文件,ETH,4小时;8小时;24小时;48小时,15分钟;1小时,未知,未知,未知,未知,未知,未知,未知,未知,未知,未登记,无,config/数据/来源身份声明补采.json#身份声明[],25925ef8f47870540a3333c51fe109509d1892a094f19e7ed97ee9e9ac0bbbe7,0c82b4ff49875c233adadf63c84b19abc1ddf2bd99291782e3aaaea7ddb51ca4,14572374be8a915091e335ea2f58a59818e7d1ad356619f4bdd9b95f4c3147b9,未知,b3a1fc5ec72ad95e258b584f936ad46befab951e0ee9e43eaa18179e34974387,无法判定,FILE_STAT_OBSERVED_IDENTITY_UNPROVEN,本批次只读；若声明、输入、Schema或授权漂移，既有结论自动失效并须追加新批次,未读取业务正文、价格、成交、订单簿、账户或凭据；身份字段不完整,为该成员提供当前版本九字段声明及逐字段Schema、授权和唯一证据定位后追加不可变批次,2d50c1344a835ceeb832796935182aeff80bb03cecc5465c8cf3aaccbd446acd,86129966e4bc55fac18f2d7602a2309d4403f85861102128a56a80a5a0ccc1ea,c0ed12927e3249cb9047dbff17e5a485cb20755d0caa12a7f3ecc3a663c4a25d
source-identity-declaration-20260808T050813+0800-b2487b6c41a5,ZI-711cc9b300fc5737cb6a1fe0,DS-000092,候选数据文件,ETH,4小时;8小时;24小时;48小时,15分钟;1小时,未知,未知,未知,未知,未知,未知,未知,未知,未知,未登记,无,config/数据/来源身份声明补采.json#身份声明[],25925ef8f47870540a3333c51fe109509d1892a094f19e7ed97ee9e9ac0bbbe7,310f779c52d0802aa60fb5bcd2f1f07defbd477d6b7f609c42dd252100540981,36e383047a54db511b2d6e7fd23dc6ac447aa522467d74c631ec96cc5ce304cc,未知,b3a1fc5ec72ad95e258b584f936ad46befab951e0ee9e43eaa18179e34974387,无法判定,FILE_STAT_OBSERVED_IDENTITY_UNPROVEN,本批次只读；若声明、输入、Schema或授权漂移，既有结论自动失效并须追加新批次,未读取业务正文、价格、成交、订单簿、账户或凭据；身份字段不完整,为该成员提供当前版本九字段声明及逐字段Schema、授权和唯一证据定位后追加不可变批次,2d50c1344a835ceeb832796935182aeff80bb03cecc5465c8cf3aaccbd446acd,86129966e4bc55fac18f2d7602a2309d4403f85861102128a56a80a5a0ccc1ea,548b5bcd778b396e0bb8ff555f1d5b6b5478dd3726b2c7ce2d24b33cfc2e962e
source-identity-declaration-20260808T050813+0800-b2487b6c41a5,ZI-3b1ff874ffa2b6e111f84a57,DS-000093,候选数据文件,ETH,4小时;8小时;24小时;48小时,15分钟;1小时,未知,未知,未知,未知,未知,未知,未知,未知,未知,未登记,无,config/数据/来源身份声明补采.json#身份声明[],25925ef8f47870540a3333c51fe109509d1892a094f19e7ed97ee9e9ac0bbbe7,a283d773fa26d2d545695ee035f7474a83e0e8dd4bd32d0f6c12c203d554e5c0,cffb4bf5c2c68fb4c145856b53348278f7d48351229f466d01a3bac4c481d538,未知,b3a1fc5ec72ad95e258b584f936ad46befab951e0ee9e43eaa18179e34974387,无法判定,FILE_STAT_OBSERVED_IDENTITY_UNPROVEN,本批次只读；若声明、输入、Schema或授权漂移，既有结论自动失效并须追加新批次,未读取业务正文、价格、成交、订单簿、账户或凭据；身份字段不完整,为该成员提供当前版本九字段声明及逐字段Schema、授权和唯一证据定位后追加不可变批次,2d50c1344a835ceeb832796935182aeff80bb03cecc5465c8cf3aaccbd446acd,86129966e4bc55fac18f2d7602a2309d4403f85861102128a56a80a5a0ccc1ea,94176523985146e9290bdc6a1708dddf8765b7f2cb53567e05a08b3f48401a50
source-identity-declaration-20260808T050813+0800-b2487b6c41a5,ZI-5dd1eab4bb5048a6948ebba2,DS-000094,候选数据文件,ETH,4小时;8小时;24小时;48小时,15分钟;1小时,未知,未知,未知,未知,未知,未知,未知,未知,未知,未登记,无,config/数据/来源身份声明补采.json#身份声明[],25925ef8f47870540a3333c51fe109509d1892a094f19e7ed97ee9e9ac0bbbe7,5723e42924486a24e269f2e46f3642ec86fbf87cd739ce95b2730238c768c4a8,478a23ecc0cb5bfd585574dd56dcb6029ca0d8be9a8dd1716fc63c8058e8653e,未知,b3a1fc5ec72ad95e258b584f936ad46befab951e0ee9e43eaa18179e34974387,无法判定,FILE_STAT_OBSERVED_IDENTITY_UNPROVEN,本批次只读；若声明、输入、Schema或授权漂移，既有结论自动失效并须追加新批次,未读取业务正文、价格、成交、订单簿、账户或凭据；身份字段不完整,为该成员提供当前版本九字段声明及逐字段Schema、授权和唯一证据定位后追加不可变批次,2d50c1344a835ceeb832796935182aeff80bb03cecc5465c8cf3aaccbd446acd,86129966e4bc55fac18f2d7602a2309d4403f85861102128a56a80a5a0ccc1ea,537ac67b40b4c1322d1e92c90b9fbb79d8a583d81358d7d8ec9d1fc1d360fd1c
source-identity-declaration-20260808T050813+0800-b2487b6c41a5,ZI-0f98b4ccb582f8d46f4bde26,DS-000095,候选数据文件,ETH,4小时;8小时;24小时;48小时,15分钟;1小时,未知,未知,未知,未知,未知,未知,未知,未知,未知,未登记,无,config/数据/来源身份声明补采.json#身份声明[],25925ef8f47870540a3333c51fe109509d1892a094f19e7ed97ee9e9ac0bbbe7,e5df3b09a4f4f2fbc001e29f4f2ed9625f6b62ea788160f56763679ae5a7fd21,736c38357d72779bfd64a024b7e6ca2a781c5d7802287968dc884508738f6588,未知,b3a1fc5ec72ad95e258b584f936ad46befab951e0ee9e43eaa18179e34974387,无法判定,FILE_STAT_OBSERVED_IDENTITY_UNPROVEN,本批次只读；若声明、输入、Schema或授权漂移，既有结论自动失效并须追加新批次,未读取业务正文、价格、成交、订单簿、账户或凭据；身份字段不完整,为该成员提供当前版本九字段声明及逐字段Schema、授权和唯一证据定位后追加不可变批次,2d50c1344a835ceeb832796935182aeff80bb03cecc5465c8cf3aaccbd446acd,86129966e4bc55fac18f2d7602a2309d4403f85861102128a56a80a5a0ccc1ea,a555113dbc57db221f918dc9d8ffc2b83136b4d34f9694c1c150b15ee415c704
source-identity-declaration-20260808T050813+0800-b2487b6c41a5,ZI-95e4aaf87cde52b43836becd,DS-000096,候选数据文件,ETH,4小时;8小时;24小时;48小时,15分钟;1小时,未知,未知,未知,未知,未知,未知,未知,未知,未知,未登记,无,config/数据/来源身份声明补采.json#身份声明[],25925ef8f47870540a3333c51fe109509d1892a094f19e7ed97ee9e9ac0bbbe7,ba6d3ff4ffef24004405e028478940e5ab58886fe03296e15653487d2a406dee,88ce272dc64a0f211fae4e644c2dfdb2eef243e1d31b323320a0aadaf3a1ef17,未知,b3a1fc5ec72ad95e258b584f936ad46befab951e0ee9e43eaa18179e34974387,无法判定,FILE_STAT_OBSERVED_IDENTITY_UNPROVEN,本批次只读；若声明、输入、Schema或授权漂移，既有结论自动失效并须追加新批次,未读取业务正文、价格、成交、订单簿、账户或凭据；身份字段不完整,为该成员提供当前版本九字段声明及逐字段Schema、授权和唯一证据定位后追加不可变批次,2d50c1344a835ceeb832796935182aeff80bb03cecc5465c8cf3aaccbd446acd,86129966e4bc55fac18f2d7602a2309d4403f85861102128a56a80a5a0ccc1ea,e3c15f00d0a130e97c1958f4157607fe6a5173e4c82e6484b9c952450aca1deb
source-identity-declaration-20260808T050813+0800-b2487b6c41a5,ZI-742fac6725a335ceef60c1cd,DS-000097,候选数据文件,ETH,4小时;8小时;24小时;48小时,15分钟;1小时,未知,未知,未知,未知,未知,未知,未知,未知,未知,未登记,无,config/数据/来源身份声明补采.json#身份声明[],25925ef8f47870540a3333c51fe109509d1892a094f19e7ed97ee9e9ac0bbbe7,8228c63ea9d98b795581957c34ac1ce53475f0d389e891c8c45f6a90e39e5f52,730674d7e6f71729da00454c5e39bb2eacbd5f280c8bef503e041c8b545c06c6,未知,b3a1fc5ec72ad95e258b584f936ad46befab951e0ee9e43eaa18179e34974387,无法判定,FILE_STAT_OBSERVED_IDENTITY_UNPROVEN,本批次只读；若声明、输入、Schema或授权漂移，既有结论自动失效并须追加新批次,未读取业务正文、价格、成交、订单簿、账户或凭据；身份字段不完整,为该成员提供当前版本九字段声明及逐字段Schema、授权和唯一证据定位后追加不可变批次,2d50c1344a835ceeb832796935182aeff80bb03cecc5465c8cf3aaccbd446acd,86129966e4bc55fac18f2d7602a2309d4403f85861102128a56a80a5a0ccc1ea,8a570af68c07a99d94554bd94890b9ff40cb5a3ca0179c14c79da3e3fa759a30
source-identity-declaration-20260808T050813+0800-b2487b6c41a5,ZI-ecec677fbed31df69a769cbd,DS-000098,候选数据文件,ETH,4小时;8小时;24小时;48小时,15分钟;1小时,未知,未知,未知,未知,未知,未知,未知,未知,未知,未登记,无,config/数据/来源身份声明补采.json#身份声明[],25925ef8f47870540a3333c51fe109509d1892a094f19e7ed97ee9e9ac0bbbe7,b36b9fceb03833c0e0d70c168c701624f3141e4ed9eff163a784fd829f7e31d7,0ad498d8ae12e923e3b733bf512bc7d0e881cf6a9be921bff52c479975238bb1,未知,b3a1fc5ec72ad95e258b584f936ad46befab951e0ee9e43eaa18179e34974387,无法判定,FILE_STAT_OBSERVED_IDENTITY_UNPROVEN,本批次只读；若声明、输入、Schema或授权漂移，既有结论自动失效并须追加新批次,未读取业务正文、价格、成交、订单簿、账户或凭据；身份字段不完整,为该成员提供当前版本九字段声明及逐字段Schema、授权和唯一证据定位后追加不可变批次,2d50c1344a835ceeb832796935182aeff80bb03cecc5465c8cf3aaccbd446acd,86129966e4bc55fac18f2d7602a2309d4403f85861102128a56a80a5a0ccc1ea,84d36c6447cc976bb84c2afcd0365974b9c88f9a3fd22f13991e99c3c4067c2a
source-identity-declaration-20260808T050813+0800-b2487b6c41a5,ZI-3001a9d0489e5be46b832a12,DS-000099,候选数据文件,ETH,4小时;8小时;24小时;48小时,15分钟;1小时,未知,未知,未知,未知,未知,未知,未知,未知,未知,未登记,无,config/数据/来源身份声明补采.json#身份声明[],25925ef8f47870540a3333c51fe109509d1892a094f19e7ed97ee9e9ac0bbbe7,406902f70179ec4296dab8c11df609ebd2db5dba4451dedd8e129a2be9025ef0,4041976c52c5255b1c61b1cccd72cf836a4594f195f58b39efc5f4789e5f35ad,未知,b3a1fc5ec72ad95e258b584f936ad46befab951e0ee9e43eaa18179e34974387,无法判定,FILE_STAT_OBSERVED_IDENTITY_UNPROVEN,本批次只读；若声明、输入、Schema或授权漂移，既有结论自动失效并须追加新批次,未读取业务正文、价格、成交、订单簿、账户或凭据；身份字段不完整,为该成员提供当前版本九字段声明及逐字段Schema、授权和唯一证据定位后追加不可变批次,2d50c1344a835ceeb832796935182aeff80bb03cecc5465c8cf3aaccbd446acd,86129966e4bc55fac18f2d7602a2309d4403f85861102128a56a80a5a0ccc1ea,8b0b24da36fe1bdbf62bc5f1ed9df814d11ba80b92969b42482ca5e3676a83f8
source-identity-declaration-20260808T050813+0800-b2487b6c41a5,ZI-743a833f1fa4bc66ed849c8d,DS-000100,候选数据文件,ETH,4小时;8小时;24小时;48小时,15分钟;1小时,未知,未知,未知,未知,未知,未知,未知,未知,未知,未登记,无,config/数据/来源身份声明补采.json#身份声明[],25925ef8f47870540a3333c51fe109509d1892a094f19e7ed97ee9e9ac0bbbe7,fe048a02588b3cc749889b703140b2600f164dd21a8297092b0703089ac5e81e,10bc1e9edaf2c0ce7b10a3e884d9e49db31b51fc1969bff9576bdac99b3abee0,未知,b3a1fc5ec72ad95e258b584f936ad46befab951e0ee9e43eaa18179e34974387,无法判定,FILE_STAT_OBSERVED_IDENTITY_UNPROVEN,本批次只读；若声明、输入、Schema或授权漂移，既有结论自动失效并须追加新批次,未读取业务正文、价格、成交、订单簿、账户或凭据；身份字段不完整,为该成员提供当前版本九字段声明及逐字段Schema、授权和唯一证据定位后追加不可变批次,2d50c1344a835ceeb832796935182aeff80bb03cecc5465c8cf3aaccbd446acd,86129966e4bc55fac18f2d7602a2309d4403f85861102128a56a80a5a0ccc1ea,7ed1d0c08fc2f9b6de232efe36f069c9b97b2f8dcc8a38f529bfa8fedffb6104
source-identity-declaration-20260808T050813+0800-b2487b6c41a5,ZI-dd87780399e2768f46489851,DS-000101,候选数据文件,ETH,4小时;8小时;24小时;48小时,15分钟;1小时,未知,未知,未知,未知,未知,未知,未知,未知,未知,未登记,无,config/数据/来源身份声明补采.json#身份声明[],25925ef8f47870540a3333c51fe109509d1892a094f19e7ed97ee9e9ac0bbbe7,ea8e64d81a49f583be20253df94bb10447a84f34924a81ea484985df8de14bc5,0a91d48bdaabe373cfd71d515e923c5a04884bb57f109185e614c1b39499754e,未知,b3a1fc5ec72ad95e258b584f936ad46befab951e0ee9e43eaa18179e34974387,无法判定,FILE_STAT_OBSERVED_IDENTITY_UNPROVEN,本批次只读；若声明、输入、Schema或授权漂移，既有结论自动失效并须追加新批次,未读取业务正文、价格、成交、订单簿、账户或凭据；身份字段不完整,为该成员提供当前版本九字段声明及逐字段Schema、授权和唯一证据定位后追加不可变批次,2d50c1344a835ceeb832796935182aeff80bb03cecc5465c8cf3aaccbd446acd,86129966e4bc55fac18f2d7602a2309d4403f85861102128a56a80a5a0ccc1ea,0269c76cecca67967ebef2909521e2d19233b318140849627ad0fd51811c2e1e
source-identity-declaration-20260808T050813+0800-b2487b6c41a5,ZI-7deee960deaf332a7fb18c84,DS-000102,候选数据文件,ETH,4小时;8小时;24小时;48小时,15分钟;1小时,未知,未知,未知,未知,未知,未知,未知,未知,未知,未登记,无,config/数据/来源身份声明补采.json#身份声明[],25925ef8f47870540a3333c51fe109509d1892a094f19e7ed97ee9e9ac0bbbe7,abfb99f6151387ef4ff78a22a9fd233763a7a49d18bf50e5df9ba77c6b3c3f00,b386d1119735318462e2139b9e347bffa3dc4cc1cbd024fa3649d64f974fd023,未知,b3a1fc5ec72ad95e258b584f936ad46befab951e0ee9e43eaa18179e34974387,无法判定,FILE_STAT_OBSERVED_IDENTITY_UNPROVEN,本批次只读；若声明、输入、Schema或授权漂移，既有结论自动失效并须追加新批次,未读取业务正文、价格、成交、订单簿、账户或凭据；身份字段不完整,为该成员提供当前版本九字段声明及逐字段Schema、授权和唯一证据定位后追加不可变批次,2d50c1344a835ceeb832796935182aeff80bb03cecc5465c8cf3aaccbd446acd,86129966e4bc55fac18f2d7602a2309d4403f85861102128a56a80a5a0ccc1ea,1628aecb72b5af8d023119850a4181c96591230abeea2dba2e7ab9136cb92c81
source-identity-declaration-20260808T050813+0800-b2487b6c41a5,ZI-a493b07d62fd443bdd97d178,DS-000103,候选数据文件,ETH,4小时;8小时;24小时;48小时,15分钟;1小时,未知,未知,未知,未知,未知,未知,未知,未知,未知,未登记,无,config/数据/来源身份声明补采.json#身份声明[],25925ef8f47870540a3333c51fe109509d1892a094f19e7ed97ee9e9ac0bbbe7,eb07628cb6a921195379d64475122a7143d0631cf42e25bfa01dcd7daaceb638,23f20b89610e2c1a33de449993d37f883d5c01487dfdba1dcf19c75060bdfc08,未知,b3a1fc5ec72ad95e258b584f936ad46befab951e0ee9e43eaa18179e34974387,无法判定,FILE_STAT_OBSERVED_IDENTITY_UNPROVEN,本批次只读；若声明、输入、Schema或授权漂移，既有结论自动失效并须追加新批次,未读取业务正文、价格、成交、订单簿、账户或凭据；身份字段不完整,为该成员提供当前版本九字段声明及逐字段Schema、授权和唯一证据定位后追加不可变批次,2d50c1344a835ceeb832796935182aeff80bb03cecc5465c8cf3aaccbd446acd,86129966e4bc55fac18f2d7602a2309d4403f85861102128a56a80a5a0ccc1ea,502e5185c653c54245799418189fbe8c2162120007d308ec54a832bcf2ad9d24
source-identity-declaration-20260808T050813+0800-b2487b6c41a5,ZI-e84f5005324efc7b720a762c,DS-000104,候选数据文件,ETH,4小时;8小时;24小时;48小时,15分钟;1小时,未知,未知,未知,未知,未知,未知,未知,未知,未知,未登记,无,config/数据/来源身份声明补采.json#身份声明[],25925ef8f47870540a3333c51fe109509d1892a094f19e7ed97ee9e9ac0bbbe7,ef28cdf12ca8827b2378c7e1e803ead3e3cf993ed1c368426155024fdc6c8959,c8aaa84129d33e87c4a177f961793252aa3f724efbb8b8b92789a5626bc0ea11,未知,b3a1fc5ec72ad95e258b584f936ad46befab951e0ee9e43eaa18179e34974387,无法判定,FILE_STAT_OBSERVED_IDENTITY_UNPROVEN,本批次只读；若声明、输入、Schema或授权漂移，既有结论自动失效并须追加新批次,未读取业务正文、价格、成交、订单簿、账户或凭据；身份字段不完整,为该成员提供当前版本九字段声明及逐字段Schema、授权和唯一证据定位后追加不可变批次,2d50c1344a835ceeb832796935182aeff80bb03cecc5465c8cf3aaccbd446acd,86129966e4bc55fac18f2d7602a2309d4403f85861102128a56a80a5a0ccc1ea,42a77454096f46c512cc1bd488fe904e2f45c731de4f615b1b2a2a8b95e29e08
source-identity-declaration-20260808T050813+0800-b2487b6c41a5,ZI-19e19ce30e7439b2c988cfa6,DS-000105,候选数据文件,ETH,4小时;8小时;24小时;48小时,15分钟;1小时,未知,未知,未知,未知,未知,未知,未知,未知,未知,未登记,无,config/数据/来源身份声明补采.json#身份声明[],25925ef8f47870540a3333c51fe109509d1892a094f19e7ed97ee9e9ac0bbbe7,6ebf6d7a8a93d298f90f71a5732fabad965efedd59ad24025ceef2bff1413bc0,dce42c947587d840b35b6dc148798594d2cdfae0826496f1a95e47620a343be0,未知,b3a1fc5ec72ad95e258b584f936ad46befab951e0ee9e43eaa18179e34974387,无法判定,FILE_STAT_OBSERVED_IDENTITY_UNPROVEN,本批次只读；若声明、输入、Schema或授权漂移，既有结论自动失效并须追加新批次,未读取业务正文、价格、成交、订单簿、账户或凭据；身份字段不完整,为该成员提供当前版本九字段声明及逐字段Schema、授权和唯一证据定位后追加不可变批次,2d50c1344a835ceeb832796935182aeff80bb03cecc5465c8cf3aaccbd446acd,86129966e4bc55fac18f2d7602a2309d4403f85861102128a56a80a5a0ccc1ea,5c35e2913b2858734ae18bead44ade1e3d7249f023509c1dc2320d0b05d7eaf6
source-identity-declaration-20260808T050813+0800-b2487b6c41a5,ZI-291baf907867fa7c649cb7b1,DS-000106,候选数据文件,ETH,4小时;8小时;24小时;48小时,15分钟;1小时,未知,未知,未知,未知,未知,未知,未知,未知,未知,未登记,无,config/数据/来源身份声明补采.json#身份声明[],25925ef8f47870540a3333c51fe109509d1892a094f19e7ed97ee9e9ac0bbbe7,7d452e0b77d3aca62618b2d4f776cb3ea7dd8bbc606f9df2cbaf4074a6486b29,b38fad67cc9e37b015c2de9a89d44de8aaefeb7633e89a0044901b6ef82204d6,未知,b3a1fc5ec72ad95e258b584f936ad46befab951e0ee9e43eaa18179e34974387,无法判定,FILE_STAT_OBSERVED_IDENTITY_UNPROVEN,本批次只读；若声明、输入、Schema或授权漂移，既有结论自动失效并须追加新批次,未读取业务正文、价格、成交、订单簿、账户或凭据；身份字段不完整,为该成员提供当前版本九字段声明及逐字段Schema、授权和唯一证据定位后追加不可变批次,2d50c1344a835ceeb832796935182aeff80bb03cecc5465c8cf3aaccbd446acd,86129966e4bc55fac18f2d7602a2309d4403f85861102128a56a80a5a0ccc1ea,3d05175ddc4e0efd7d27cca3b73ef27afcfc1ae83ae8e4123fb6aeb9fb515380
source-identity-declaration-20260808T050813+0800-b2487b6c41a5,ZI-6f787d1796ce9df86089ddcc,DS-000107,候选数据文件,ETH,4小时;8小时;24小时;48小时,15分钟;1小时,未知,未知,未知,未知,未知,未知,未知,未知,未知,未登记,无,config/数据/来源身份声明补采.json#身份声明[],25925ef8f47870540a3333c51fe109509d1892a094f19e7ed97ee9e9ac0bbbe7,1c779a884c12e4f411a9bc59ae6b87246c2b0b62333aded6984e1b65fb366d58,f57ae7adc6a21ab1f07f375520a27a8cc89841277281823327f09adfec1f2dc1,未知,b3a1fc5ec72ad95e258b584f936ad46befab951e0ee9e43eaa18179e34974387,无法判定,FILE_STAT_OBSERVED_IDENTITY_UNPROVEN,本批次只读；若声明、输入、Schema或授权漂移，既有结论自动失效并须追加新批次,未读取业务正文、价格、成交、订单簿、账户或凭据；身份字段不完整,为该成员提供当前版本九字段声明及逐字段Schema、授权和唯一证据定位后追加不可变批次,2d50c1344a835ceeb832796935182aeff80bb03cecc5465c8cf3aaccbd446acd,86129966e4bc55fac18f2d7602a2309d4403f85861102128a56a80a5a0ccc1ea,860da387111584f270623e644357e228201924b1cdc1a9a30faed6c311782834
source-identity-declaration-20260808T050813+0800-b2487b6c41a5,ZI-b00286467d2ee7ccd3b8f3ba,DS-000108,候选数据文件,ETH,4小时;8小时;24小时;48小时,15分钟;1小时,未知,未知,未知,未知,未知,未知,未知,未知,未知,未登记,无,config/数据/来源身份声明补采.json#身份声明[],25925ef8f47870540a3333c51fe109509d1892a094f19e7ed97ee9e9ac0bbbe7,d97b0d962760ad3eb6a51747d90bfdd9e3b6bf31767c9aba88aff9714b5456bc,af76ec353b0dd0b6a5acf63c72cc41d009b25652aff7dcf89e60b411d94f9998,未知,b3a1fc5ec72ad95e258b584f936ad46befab951e0ee9e43eaa18179e34974387,无法判定,FILE_STAT_OBSERVED_IDENTITY_UNPROVEN,本批次只读；若声明、输入、Schema或授权漂移，既有结论自动失效并须追加新批次,未读取业务正文、价格、成交、订单簿、账户或凭据；身份字段不完整,为该成员提供当前版本九字段声明及逐字段Schema、授权和唯一证据定位后追加不可变批次,2d50c1344a835ceeb832796935182aeff80bb03cecc5465c8cf3aaccbd446acd,86129966e4bc55fac18f2d7602a2309d4403f85861102128a56a80a5a0ccc1ea,b80cee106cf573fc808f522cd5343e906950e93b097a5eda650b4585619159ec
source-identity-declaration-20260808T050813+0800-b2487b6c41a5,ZI-3fd7398488e745c2955a3082,DS-000109,候选数据文件,ETH,4小时;8小时;24小时;48小时,15分钟;1小时,未知,未知,未知,未知,未知,未知,未知,未知,未知,未登记,无,config/数据/来源身份声明补采.json#身份声明[],25925ef8f47870540a3333c51fe109509d1892a094f19e7ed97ee9e9ac0bbbe7,33906bd2fcfd7bb1f16e12c0fbcf5a32d3eb963960a0412d88b1a5531531d280,b72b27e0618d3ee8901192b5a6fea8cbe28fc39a67c1c5f4022d3fa90e981598,未知,b3a1fc5ec72ad95e258b584f936ad46befab951e0ee9e43eaa18179e34974387,无法判定,FILE_STAT_OBSERVED_IDENTITY_UNPROVEN,本批次只读；若声明、输入、Schema或授权漂移，既有结论自动失效并须追加新批次,未读取业务正文、价格、成交、订单簿、账户或凭据；身份字段不完整,为该成员提供当前版本九字段声明及逐字段Schema、授权和唯一证据定位后追加不可变批次,2d50c1344a835ceeb832796935182aeff80bb03cecc5465c8cf3aaccbd446acd,86129966e4bc55fac18f2d7602a2309d4403f85861102128a56a80a5a0ccc1ea,0819a3f95e232482abc91e7b236ed0912e0c11106ac0b7710567cf59d761ef1b
source-identity-declaration-20260808T050813+0800-b2487b6c41a5,ZI-522f5f18a2c43298e44a26a4,DS-000110,候选数据文件,ETH,4小时;8小时;24小时;48小时,15分钟;1小时,未知,未知,未知,未知,未知,未知,未知,未知,未知,未登记,无,config/数据/来源身份声明补采.json#身份声明[],25925ef8f47870540a3333c51fe109509d1892a094f19e7ed97ee9e9ac0bbbe7,0d59d080eb816bb6a7d5088cc871bec5cdc058074ced8ee38b7ac5e06efec7ea,186faeec98127cdb57c08f6b074402bf856678d6547dcdcf57f1f50bbcdaf750,未知,b3a1fc5ec72ad95e258b584f936ad46befab951e0ee9e43eaa18179e34974387,无法判定,FILE_STAT_OBSERVED_IDENTITY_UNPROVEN,本批次只读；若声明、输入、Schema或授权漂移，既有结论自动失效并须追加新批次,未读取业务正文、价格、成交、订单簿、账户或凭据；身份字段不完整,为该成员提供当前版本九字段声明及逐字段Schema、授权和唯一证据定位后追加不可变批次,2d50c1344a835ceeb832796935182aeff80bb03cecc5465c8cf3aaccbd446acd,86129966e4bc55fac18f2d7602a2309d4403f85861102128a56a80a5a0ccc1ea,1918ee835708ae43609c632d4e66eb045b842938c5b7d647f763adeb2609ec2a
source-identity-declaration-20260808T050813+0800-b2487b6c41a5,ZI-948caf7a69652dd732dcf038,DS-000111,候选数据文件,ETH,4小时;8小时;24小时;48小时,15分钟;1小时,未知,未知,未知,未知,未知,未知,未知,未知,未知,未登记,无,config/数据/来源身份声明补采.json#身份声明[],25925ef8f47870540a3333c51fe109509d1892a094f19e7ed97ee9e9ac0bbbe7,ecd8dfcecf158d395dac3a1c91df7786242adf9d0122c34ec458be58d766663f,abce5c0ce247279b37414ae6fa80a514eac7113552d74f3b3e5903541a232f67,未知,b3a1fc5ec72ad95e258b584f936ad46befab951e0ee9e43eaa18179e34974387,无法判定,FILE_STAT_OBSERVED_IDENTITY_UNPROVEN,本批次只读；若声明、输入、Schema或授权漂移，既有结论自动失效并须追加新批次,未读取业务正文、价格、成交、订单簿、账户或凭据；身份字段不完整,为该成员提供当前版本九字段声明及逐字段Schema、授权和唯一证据定位后追加不可变批次,2d50c1344a835ceeb832796935182aeff80bb03cecc5465c8cf3aaccbd446acd,86129966e4bc55fac18f2d7602a2309d4403f85861102128a56a80a5a0ccc1ea,4e6b48681bc19063fe68f7f75da2397ac7354a66c054a9208f9519133bcf1a1c
source-identity-declaration-20260808T050813+0800-b2487b6c41a5,ZI-124ef7ebc1f1526ac48dfd87,DS-000112,候选数据文件,ETH,4小时;8小时;24小时;48小时,15分钟;1小时,未知,未知,未知,未知,未知,未知,未知,未知,未知,未登记,无,config/数据/来源身份声明补采.json#身份声明[],25925ef8f47870540a3333c51fe109509d1892a094f19e7ed97ee9e9ac0bbbe7,290fec9c99843ff43e2fa44b0685ae754abd94ccb79d11168effc2e257574e21,0e1be86dcb8f9564eada1e205e7c649eaa2fcb4b5a796399474ab14653fba1bb,未知,b3a1fc5ec72ad95e258b584f936ad46befab951e0ee9e43eaa18179e34974387,无法判定,FILE_STAT_OBSERVED_IDENTITY_UNPROVEN,本批次只读；若声明、输入、Schema或授权漂移，既有结论自动失效并须追加新批次,未读取业务正文、价格、成交、订单簿、账户或凭据；身份字段不完整,为该成员提供当前版本九字段声明及逐字段Schema、授权和唯一证据定位后追加不可变批次,2d50c1344a835ceeb832796935182aeff80bb03cecc5465c8cf3aaccbd446acd,86129966e4bc55fac18f2d7602a2309d4403f85861102128a56a80a5a0ccc1ea,db5e08ac20b803c2a700e8bd1871a1b7af0ced9f2a9ebadc19e1308421a8aade
source-identity-declaration-20260808T050813+0800-b2487b6c41a5,ZI-b71a6fbf1eb839e99aabcaa0,DS-000113,候选数据文件,ETH,4小时;8小时;24小时;48小时,15分钟;1小时,未知,未知,未知,未知,未知,未知,未知,未知,未知,未登记,无,config/数据/来源身份声明补采.json#身份声明[],25925ef8f47870540a3333c51fe109509d1892a094f19e7ed97ee9e9ac0bbbe7,74f98b20f89a154b201438a140d3bf675ce8d06104663b525a9e689aa2eb0630,72cb58ae12ca003a8d29e7696a909f56cc2fc3510f34f17f6633c3ebdd16271d,未知,b3a1fc5ec72ad95e258b584f936ad46befab951e0ee9e43eaa18179e34974387,无法判定,FILE_STAT_OBSERVED_IDENTITY_UNPROVEN,本批次只读；若声明、输入、Schema或授权漂移，既有结论自动失效并须追加新批次,未读取业务正文、价格、成交、订单簿、账户或凭据；身份字段不完整,为该成员提供当前版本九字段声明及逐字段Schema、授权和唯一证据定位后追加不可变批次,2d50c1344a835ceeb832796935182aeff80bb03cecc5465c8cf3aaccbd446acd,86129966e4bc55fac18f2d7602a2309d4403f85861102128a56a80a5a0ccc1ea,611f82e2e630327deb2c62235412269881222ffe6e246948070524627d081e7c
source-identity-declaration-20260808T050813+0800-b2487b6c41a5,ZI-fb8eceb7174d542153f29b96,DS-000114,候选数据文件,ETH,4小时;8小时;24小时;48小时,15分钟;1小时,未知,未知,未知,未知,未知,未知,未知,未知,未知,未登记,无,config/数据/来源身份声明补采.json#身份声明[],25925ef8f47870540a3333c51fe109509d1892a094f19e7ed97ee9e9ac0bbbe7,3e3fec896b931f582dddfe469e0dbe6e470535c77e3f7299e94f387b505d440c,cd8bd0bf961ed5ce3c2172a56ecd4ff74e43f63dd21c54c9f68830fc78260675,未知,b3a1fc5ec72ad95e258b584f936ad46befab951e0ee9e43eaa18179e34974387,无法判定,FILE_STAT_OBSERVED_IDENTITY_UNPROVEN,本批次只读；若声明、输入、Schema或授权漂移，既有结论自动失效并须追加新批次,未读取业务正文、价格、成交、订单簿、账户或凭据；身份字段不完整,为该成员提供当前版本九字段声明及逐字段Schema、授权和唯一证据定位后追加不可变批次,2d50c1344a835ceeb832796935182aeff80bb03cecc5465c8cf3aaccbd446acd,86129966e4bc55fac18f2d7602a2309d4403f85861102128a56a80a5a0ccc1ea,ef14b78edb0bc62bf82a33a949daedff649b5abffb31177fb8bb0f2c710bd2a4
source-identity-declaration-20260808T050813+0800-b2487b6c41a5,ZI-6cadad29dd1db87bcef7f5c6,DS-000115,候选数据文件,ETH,4小时;8小时;24小时;48小时,15分钟;1小时,未知,未知,未知,未知,未知,未知,未知,未知,未知,未登记,无,config/数据/来源身份声明补采.json#身份声明[],25925ef8f47870540a3333c51fe109509d1892a094f19e7ed97ee9e9ac0bbbe7,afe961774296dd8e04a4684cc5642629f080a957493c1cf954cf485a7e5763ed,dc00bf8a1426e1173a6a82c9ff91d646ecf18f5d79fc177f791bb09fa83fb0a3,未知,b3a1fc5ec72ad95e258b584f936ad46befab951e0ee9e43eaa18179e34974387,无法判定,FILE_STAT_OBSERVED_IDENTITY_UNPROVEN,本批次只读；若声明、输入、Schema或授权漂移，既有结论自动失效并须追加新批次,未读取业务正文、价格、成交、订单簿、账户或凭据；身份字段不完整,为该成员提供当前版本九字段声明及逐字段Schema、授权和唯一证据定位后追加不可变批次,2d50c1344a835ceeb832796935182aeff80bb03cecc5465c8cf3aaccbd446acd,86129966e4bc55fac18f2d7602a2309d4403f85861102128a56a80a5a0ccc1ea,b128b5f538ba0f4541c2dcd78d4a6bc0db3e0bcbd3bbff90bfda4ba3530db06a
source-identity-declaration-20260808T050813+0800-b2487b6c41a5,ZI-a43c980922ba474cc2a6b934,DS-000116,候选数据文件,ETH,4小时;8小时;24小时;48小时,15分钟;1小时,未知,未知,未知,未知,未知,未知,未知,未知,未知,未登记,无,config/数据/来源身份声明补采.json#身份声明[],25925ef8f47870540a3333c51fe109509d1892a094f19e7ed97ee9e9ac0bbbe7,95fa942c0d61a4c0c67ab8892ee22b19e0375cf22f45b301d85fc2f861b76c4d,a9d20e61faa875734fc6c5c9a390b6a7c9bb31a6a855ed2e71d8b416a0c6cc31,未知,b3a1fc5ec72ad95e258b584f936ad46befab951e0ee9e43eaa18179e34974387,无法判定,FILE_STAT_OBSERVED_IDENTITY_UNPROVEN,本批次只读；若声明、输入、Schema或授权漂移，既有结论自动失效并须追加新批次,未读取业务正文、价格、成交、订单簿、账户或凭据；身份字段不完整,为该成员提供当前版本九字段声明及逐字段Schema、授权和唯一证据定位后追加不可变批次,2d50c1344a835ceeb832796935182aeff80bb03cecc5465c8cf3aaccbd446acd,86129966e4bc55fac18f2d7602a2309d4403f85861102128a56a80a5a0ccc1ea,7b0617d554d7f27784b1e97761ee7f499fe1d77081514d8e7ce64f24190f8726
source-identity-declaration-20260808T050813+0800-b2487b6c41a5,ZI-d95e5bea4bd8595d0a07f87d,DS-000117,候选数据文件,ETH,4小时;8小时;24小时;48小时,15分钟;1小时,未知,未知,未知,未知,未知,未知,未知,未知,未知,未登记,无,config/数据/来源身份声明补采.json#身份声明[],25925ef8f47870540a3333c51fe109509d1892a094f19e7ed97ee9e9ac0bbbe7,2618c38b7b3a4ced21d2f84d5249058929b44abacaed04c3d7145c62a9f2bed0,d0a8d864eea303ec7255229b7983bab2160f3d2900754f9e68b42a37f451df39,未知,b3a1fc5ec72ad95e258b584f936ad46befab951e0ee9e43eaa18179e34974387,无法判定,FILE_STAT_OBSERVED_IDENTITY_UNPROVEN,本批次只读；若声明、输入、Schema或授权漂移，既有结论自动失效并须追加新批次,未读取业务正文、价格、成交、订单簿、账户或凭据；身份字段不完整,为该成员提供当前版本九字段声明及逐字段Schema、授权和唯一证据定位后追加不可变批次,2d50c1344a835ceeb832796935182aeff80bb03cecc5465c8cf3aaccbd446acd,86129966e4bc55fac18f2d7602a2309d4403f85861102128a56a80a5a0ccc1ea,f1e50e0d97e35e219fc7650ee846590f727a841e4816cebed776e6fa7b8b3fce
source-identity-declaration-20260808T050813+0800-b2487b6c41a5,ZI-a39e4477353ef09703296a10,DS-000118,候选数据文件,ETH,4小时;8小时;24小时;48小时,15分钟;1小时,未知,未知,未知,未知,未知,未知,未知,未知,未知,未登记,无,config/数据/来源身份声明补采.json#身份声明[],25925ef8f47870540a3333c51fe109509d1892a094f19e7ed97ee9e9ac0bbbe7,2629abb375ff39ff81b4461aa7d5fc4b83971f1ffc8a8bab00958e8be26497cd,a89068d18bdc3031167387767fc39e4900d4aaa08e7f740b4acc85e167a6cc52,未知,b3a1fc5ec72ad95e258b584f936ad46befab951e0ee9e43eaa18179e34974387,无法判定,FILE_STAT_OBSERVED_IDENTITY_UNPROVEN,本批次只读；若声明、输入、Schema或授权漂移，既有结论自动失效并须追加新批次,未读取业务正文、价格、成交、订单簿、账户或凭据；身份字段不完整,为该成员提供当前版本九字段声明及逐字段Schema、授权和唯一证据定位后追加不可变批次,2d50c1344a835ceeb832796935182aeff80bb03cecc5465c8cf3aaccbd446acd,86129966e4bc55fac18f2d7602a2309d4403f85861102128a56a80a5a0ccc1ea,53e2a0391c21e95dbd14cb5340a135e5a0a744044d083e8dda0d580b827331db
source-identity-declaration-20260808T050813+0800-b2487b6c41a5,ZI-32308f1509c687cf0f344da5,DS-000119,候选数据文件,ETH,4小时;8小时;24小时;48小时,15分钟;1小时,未知,未知,未知,未知,未知,未知,未知,未知,未知,未登记,无,config/数据/来源身份声明补采.json#身份声明[],25925ef8f47870540a3333c51fe109509d1892a094f19e7ed97ee9e9ac0bbbe7,f69bb9fd69717fc62e973fd0f57005c2efdfa818a0c96a38198a12dc11340bf3,201c24234fdb0a4b82ff7c3e1ac7720c60a94739884be74ea71e0fec2c01b3f4,未知,b3a1fc5ec72ad95e258b584f936ad46befab951e0ee9e43eaa18179e34974387,无法判定,FILE_STAT_OBSERVED_IDENTITY_UNPROVEN,本批次只读；若声明、输入、Schema或授权漂移，既有结论自动失效并须追加新批次,未读取业务正文、价格、成交、订单簿、账户或凭据；身份字段不完整,为该成员提供当前版本九字段声明及逐字段Schema、授权和唯一证据定位后追加不可变批次,2d50c1344a835ceeb832796935182aeff80bb03cecc5465c8cf3aaccbd446acd,86129966e4bc55fac18f2d7602a2309d4403f85861102128a56a80a5a0ccc1ea,8fe8549b4b204f11a4828188fff1829bc17ddc91faa14887b6d44f7c9df2fdad
source-identity-declaration-20260808T050813+0800-b2487b6c41a5,ZI-c8b657067197415203a4d0ab,DS-000120,候选数据文件,ETH,4小时;8小时;24小时;48小时,15分钟;1小时,未知,未知,未知,未知,未知,未知,未知,未知,未知,未登记,无,config/数据/来源身份声明补采.json#身份声明[],25925ef8f47870540a3333c51fe109509d1892a094f19e7ed97ee9e9ac0bbbe7,6609c14cb9bb0288b24cb453d942c7508aab48529570a4aaf23dd54ab7dcf43a,92d878d4d42f0b5c171f596ebdd3cb6795536cb7f481022b3a152a3ef9d9088c,未知,b3a1fc5ec72ad95e258b584f936ad46befab951e0ee9e43eaa18179e34974387,无法判定,FILE_STAT_OBSERVED_IDENTITY_UNPROVEN,本批次只读；若声明、输入、Schema或授权漂移，既有结论自动失效并须追加新批次,未读取业务正文、价格、成交、订单簿、账户或凭据；身份字段不完整,为该成员提供当前版本九字段声明及逐字段Schema、授权和唯一证据定位后追加不可变批次,2d50c1344a835ceeb832796935182aeff80bb03cecc5465c8cf3aaccbd446acd,86129966e4bc55fac18f2d7602a2309d4403f85861102128a56a80a5a0ccc1ea,695e359efbd7cc1beec605045ca42195282ba45fc2fffc9c6c562508878d0741
source-identity-declaration-20260808T050813+0800-b2487b6c41a5,ZI-96e03b8dfd1417cc62d2f5c8,DS-000121,候选数据文件,ETH,4小时;8小时;24小时;48小时,15分钟;1小时,未知,未知,未知,未知,未知,未知,未知,未知,未知,未登记,无,config/数据/来源身份声明补采.json#身份声明[],25925ef8f47870540a3333c51fe109509d1892a094f19e7ed97ee9e9ac0bbbe7,6f11f05c8807a0f784213dce4eb03969122dc0a62e00b3d53e6bc473e342e278,bb047892a379b7419784df0d9cedd7e13bd29bc92dc6d96d34b7dbb3d7fe5cdf,未知,b3a1fc5ec72ad95e258b584f936ad46befab951e0ee9e43eaa18179e34974387,无法判定,FILE_STAT_OBSERVED_IDENTITY_UNPROVEN,本批次只读；若声明、输入、Schema或授权漂移，既有结论自动失效并须追加新批次,未读取业务正文、价格、成交、订单簿、账户或凭据；身份字段不完整,为该成员提供当前版本九字段声明及逐字段Schema、授权和唯一证据定位后追加不可变批次,2d50c1344a835ceeb832796935182aeff80bb03cecc5465c8cf3aaccbd446acd,86129966e4bc55fac18f2d7602a2309d4403f85861102128a56a80a5a0ccc1ea,6434a9d5a1b338b393cb373219581ba16e4ff3c3a4beec6a43fbdaa33cdde2b6
source-identity-declaration-20260808T050813+0800-b2487b6c41a5,ZI-9b6a6435fd0e4e93fdddcd4b,DS-000122,候选数据文件,ETH,4小时;8小时;24小时;48小时,15分钟;1小时,未知,未知,未知,未知,未知,未知,未知,未知,未知,未登记,无,config/数据/来源身份声明补采.json#身份声明[],25925ef8f47870540a3333c51fe109509d1892a094f19e7ed97ee9e9ac0bbbe7,dc6c4dd4e242874a6da8334f67590790f72bb66e1b5ab6d94aeec5b53ed494be,53843d761732812258f146c1b81e787cfa6ea85b783bc115247d0e92889eba34,未知,b3a1fc5ec72ad95e258b584f936ad46befab951e0ee9e43eaa18179e34974387,拒绝,INPUT_MEMBER_REJECTED,本批次只读；若声明、输入、Schema或授权漂移，既有结论自动失效并须追加新批次,未读取业务正文、价格、成交、订单簿、账户或凭据；身份字段不完整,为该成员提供当前版本九字段声明及逐字段Schema、授权和唯一证据定位后追加不可变批次,2d50c1344a835ceeb832796935182aeff80bb03cecc5465c8cf3aaccbd446acd,86129966e4bc55fac18f2d7602a2309d4403f85861102128a56a80a5a0ccc1ea,6ca5a4644585d995ee3ae3a25fbea42954973147c2b6984951b6ac2f604c99f8
source-identity-declaration-20260808T050813+0800-b2487b6c41a5,ZI-d916726616ac733d0fe5c86b,DS-000123,候选数据文件,ETH,4小时;8小时;24小时;48小时,15分钟;1小时,未知,未知,未知,未知,未知,未知,未知,未知,未知,未登记,无,config/数据/来源身份声明补采.json#身份声明[],25925ef8f47870540a3333c51fe109509d1892a094f19e7ed97ee9e9ac0bbbe7,b544e385d3e89d4bc872b681fb7b43c8c29c35cf1a2255fb1eb792ab42e092e7,13670b327c3ce0d3e355441dc6d99ac6734dda910217dd7f4731c23bc8375d31,未知,b3a1fc5ec72ad95e258b584f936ad46befab951e0ee9e43eaa18179e34974387,无法判定,FILE_STAT_OBSERVED_IDENTITY_UNPROVEN,本批次只读；若声明、输入、Schema或授权漂移，既有结论自动失效并须追加新批次,未读取业务正文、价格、成交、订单簿、账户或凭据；身份字段不完整,为该成员提供当前版本九字段声明及逐字段Schema、授权和唯一证据定位后追加不可变批次,2d50c1344a835ceeb832796935182aeff80bb03cecc5465c8cf3aaccbd446acd,86129966e4bc55fac18f2d7602a2309d4403f85861102128a56a80a5a0ccc1ea,d31f05aed119e5456ee545a489d0085d8f3c351963120237daa57f59fd04715d
source-identity-declaration-20260808T050813+0800-b2487b6c41a5,ZI-ae71724e7b86bd2429dfecb6,DS-000124,候选数据文件,ETH,4小时;8小时;24小时;48小时,15分钟;1小时,未知,未知,未知,未知,未知,未知,未知,未知,未知,未登记,无,config/数据/来源身份声明补采.json#身份声明[],25925ef8f47870540a3333c51fe109509d1892a094f19e7ed97ee9e9ac0bbbe7,d7ef1e10d9720d76b7d47a520b7439f7ef8aa78a7560836f22971cf752ef3294,62fc33658b158f02bfe3de01b5eedca81e9c8ac93e348916fa9458a8ffacd315,未知,b3a1fc5ec72ad95e258b584f936ad46befab951e0ee9e43eaa18179e34974387,无法判定,FILE_STAT_OBSERVED_IDENTITY_UNPROVEN,本批次只读；若声明、输入、Schema或授权漂移，既有结论自动失效并须追加新批次,未读取业务正文、价格、成交、订单簿、账户或凭据；身份字段不完整,为该成员提供当前版本九字段声明及逐字段Schema、授权和唯一证据定位后追加不可变批次,2d50c1344a835ceeb832796935182aeff80bb03cecc5465c8cf3aaccbd446acd,86129966e4bc55fac18f2d7602a2309d4403f85861102128a56a80a5a0ccc1ea,7cefcbea84e5caa4c1489627df7c0677bfc3aca7892ea1bb8cffc40d9fd9593e
source-identity-declaration-20260808T050813+0800-b2487b6c41a5,ZI-a1c2af0e2150cb725d7922b3,DS-000125,候选数据文件,ETH,4小时;8小时;24小时;48小时,15分钟;1小时,未知,未知,未知,未知,未知,未知,未知,未知,未知,未登记,无,config/数据/来源身份声明补采.json#身份声明[],25925ef8f47870540a3333c51fe109509d1892a094f19e7ed97ee9e9ac0bbbe7,933516055a642714098755bbe9c599785c999703fbef73dc81e13069d74aa18f,ec513f8c058cb105f4032d6fa7282c197e5a78cf4c151b0571d00dd8dc4f7dd2,未知,b3a1fc5ec72ad95e258b584f936ad46befab951e0ee9e43eaa18179e34974387,无法判定,FILE_STAT_OBSERVED_IDENTITY_UNPROVEN,本批次只读；若声明、输入、Schema或授权漂移，既有结论自动失效并须追加新批次,未读取业务正文、价格、成交、订单簿、账户或凭据；身份字段不完整,为该成员提供当前版本九字段声明及逐字段Schema、授权和唯一证据定位后追加不可变批次,2d50c1344a835ceeb832796935182aeff80bb03cecc5465c8cf3aaccbd446acd,86129966e4bc55fac18f2d7602a2309d4403f85861102128a56a80a5a0ccc1ea,a1939943824b8300bd631af080a403adc65424c80d51c21370d319199586ce3e
source-identity-declaration-20260808T050813+0800-b2487b6c41a5,ZI-29d969a16e11f4bd31de81b7,DS-000126,候选数据文件,ETH,4小时;8小时;24小时;48小时,15分钟;1小时,未知,未知,未知,未知,未知,未知,未知,未知,未知,未登记,无,config/数据/来源身份声明补采.json#身份声明[],25925ef8f47870540a3333c51fe109509d1892a094f19e7ed97ee9e9ac0bbbe7,9499e61c0227984474b6b7c023dc310fcae06907a46958e429501d3e6b006798,f8cc85fd88b4d152c3a85acf0e6f5ad15e2df327db073f7f1078063e5e4389df,未知,b3a1fc5ec72ad95e258b584f936ad46befab951e0ee9e43eaa18179e34974387,无法判定,FILE_STAT_OBSERVED_IDENTITY_UNPROVEN,本批次只读；若声明、输入、Schema或授权漂移，既有结论自动失效并须追加新批次,未读取业务正文、价格、成交、订单簿、账户或凭据；身份字段不完整,为该成员提供当前版本九字段声明及逐字段Schema、授权和唯一证据定位后追加不可变批次,2d50c1344a835ceeb832796935182aeff80bb03cecc5465c8cf3aaccbd446acd,86129966e4bc55fac18f2d7602a2309d4403f85861102128a56a80a5a0ccc1ea,9f9f9f75d6284ae92578c4146bb8b83b0d8a9b85538ac8b558983004c20ce147
source-identity-declaration-20260808T050813+0800-b2487b6c41a5,ZI-aa7eaed70207def65a665413,DS-000127,候选数据文件,ETH,4小时;8小时;24小时;48小时,15分钟;1小时,未知,未知,未知,未知,未知,未知,未知,未知,未知,未登记,无,config/数据/来源身份声明补采.json#身份声明[],25925ef8f47870540a3333c51fe109509d1892a094f19e7ed97ee9e9ac0bbbe7,7498b9a041f4b609fbd9b5447119d9522ae1aaf59ff427378718c2833bf39af8,6876393fb377a2dddbdd0f3704f2a6600684cd6c4f20a91ee5c598a91896511a,未知,b3a1fc5ec72ad95e258b584f936ad46befab951e0ee9e43eaa18179e34974387,无法判定,FILE_STAT_OBSERVED_IDENTITY_UNPROVEN,本批次只读；若声明、输入、Schema或授权漂移，既有结论自动失效并须追加新批次,未读取业务正文、价格、成交、订单簿、账户或凭据；身份字段不完整,为该成员提供当前版本九字段声明及逐字段Schema、授权和唯一证据定位后追加不可变批次,2d50c1344a835ceeb832796935182aeff80bb03cecc5465c8cf3aaccbd446acd,86129966e4bc55fac18f2d7602a2309d4403f85861102128a56a80a5a0ccc1ea,d879c61fd26d7f36b825bec118283114435ec7fc94031d3d4c27c547e1d6fc53
source-identity-declaration-20260808T050813+0800-b2487b6c41a5,ZI-78306459bee5126083d5ca1b,DS-000128,候选数据文件,ETH,4小时;8小时;24小时;48小时,15分钟;1小时,未知,未知,未知,未知,未知,未知,未知,未知,未知,未登记,无,config/数据/来源身份声明补采.json#身份声明[],25925ef8f47870540a3333c51fe109509d1892a094f19e7ed97ee9e9ac0bbbe7,8784b44479961e1fc5e62e73d76c8f43f5274c03f210a3417d777a7b86f3c045,3778f5a272bf10f74727c3c30bcea740586d7993016b625b605c66a82dcac354,未知,b3a1fc5ec72ad95e258b584f936ad46befab951e0ee9e43eaa18179e34974387,无法判定,FILE_STAT_OBSERVED_IDENTITY_UNPROVEN,本批次只读；若声明、输入、Schema或授权漂移，既有结论自动失效并须追加新批次,未读取业务正文、价格、成交、订单簿、账户或凭据；身份字段不完整,为该成员提供当前版本九字段声明及逐字段Schema、授权和唯一证据定位后追加不可变批次,2d50c1344a835ceeb832796935182aeff80bb03cecc5465c8cf3aaccbd446acd,86129966e4bc55fac18f2d7602a2309d4403f85861102128a56a80a5a0ccc1ea,224424a44889e7cd1492ac94d3ccb914cf520be1883d3bb5880c8300c275e394
source-identity-declaration-20260808T050813+0800-b2487b6c41a5,ZI-15e8fafad806d350e4ebb681,DS-000129,候选数据文件,ETH,4小时;8小时;24小时;48小时,15分钟;1小时,未知,未知,未知,未知,未知,未知,未知,未知,未知,未登记,无,config/数据/来源身份声明补采.json#身份声明[],25925ef8f47870540a3333c51fe109509d1892a094f19e7ed97ee9e9ac0bbbe7,6ec29ab16a61a9874de644237ea1f88b4281182c44ec3b7aabeceff905c3c1fe,b9fe115bbe71bc2df097758de5421c48df29bb6dece7319e86e3b4f4104d7ba3,未知,b3a1fc5ec72ad95e258b584f936ad46befab951e0ee9e43eaa18179e34974387,无法判定,FILE_STAT_OBSERVED_IDENTITY_UNPROVEN,本批次只读；若声明、输入、Schema或授权漂移，既有结论自动失效并须追加新批次,未读取业务正文、价格、成交、订单簿、账户或凭据；身份字段不完整,为该成员提供当前版本九字段声明及逐字段Schema、授权和唯一证据定位后追加不可变批次,2d50c1344a835ceeb832796935182aeff80bb03cecc5465c8cf3aaccbd446acd,86129966e4bc55fac18f2d7602a2309d4403f85861102128a56a80a5a0ccc1ea,3f0aab63fce8b6b6e8cf36ef1f1e160dccb869b6d47f3cee3239e8e0bea08077
source-identity-declaration-20260808T050813+0800-b2487b6c41a5,ZI-e50bece42ff511d1e0d48550,DS-000130,候选数据文件,ETH,4小时;8小时;24小时;48小时,15分钟;1小时,未知,未知,未知,未知,未知,未知,未知,未知,未知,未登记,无,config/数据/来源身份声明补采.json#身份声明[],25925ef8f47870540a3333c51fe109509d1892a094f19e7ed97ee9e9ac0bbbe7,31a5fa38e253ae35bbd283a09e22b12ae2d20072cacd4fec29ddc407fc7c2c5a,ab1fa132bb5dedae2aee599d307ef6afbd15ef8e10247d61d8c83173266e0a23,未知,b3a1fc5ec72ad95e258b584f936ad46befab951e0ee9e43eaa18179e34974387,无法判定,FILE_STAT_OBSERVED_IDENTITY_UNPROVEN,本批次只读；若声明、输入、Schema或授权漂移，既有结论自动失效并须追加新批次,未读取业务正文、价格、成交、订单簿、账户或凭据；身份字段不完整,为该成员提供当前版本九字段声明及逐字段Schema、授权和唯一证据定位后追加不可变批次,2d50c1344a835ceeb832796935182aeff80bb03cecc5465c8cf3aaccbd446acd,86129966e4bc55fac18f2d7602a2309d4403f85861102128a56a80a5a0ccc1ea,af62ceb771a3d1c62a0353c27d4591982cd6c54324461e14c8fbcc08ecb924e6
source-identity-declaration-20260808T050813+0800-b2487b6c41a5,ZI-c6ca120312806c1468e1741f,DS-000131,候选数据文件,ETH,4小时;8小时;24小时;48小时,15分钟;1小时,未知,未知,未知,未知,未知,未知,未知,未知,未知,未登记,无,config/数据/来源身份声明补采.json#身份声明[],25925ef8f47870540a3333c51fe109509d1892a094f19e7ed97ee9e9ac0bbbe7,596462ea846e3b15707b59be416da11412b9e52c6d94c741ad5be0a70d1dfffe,849871286b1f3a7bb36005a3c4170984f7a55ddeda2e82f3720e21c78af7536d,未知,b3a1fc5ec72ad95e258b584f936ad46befab951e0ee9e43eaa18179e34974387,无法判定,FILE_STAT_OBSERVED_IDENTITY_UNPROVEN,本批次只读；若声明、输入、Schema或授权漂移，既有结论自动失效并须追加新批次,未读取业务正文、价格、成交、订单簿、账户或凭据；身份字段不完整,为该成员提供当前版本九字段声明及逐字段Schema、授权和唯一证据定位后追加不可变批次,2d50c1344a835ceeb832796935182aeff80bb03cecc5465c8cf3aaccbd446acd,86129966e4bc55fac18f2d7602a2309d4403f85861102128a56a80a5a0ccc1ea,8b606cdaa9c084471c8ffd29dc833c634c24a283870eb3d8294793420205cdd2
source-identity-declaration-20260808T050813+0800-b2487b6c41a5,ZI-fa50ac0aca694ec35ea7d49d,DS-000132,候选数据文件,ETH,4小时;8小时;24小时;48小时,15分钟;1小时,未知,未知,未知,未知,未知,未知,未知,未知,未知,未登记,无,config/数据/来源身份声明补采.json#身份声明[],25925ef8f47870540a3333c51fe109509d1892a094f19e7ed97ee9e9ac0bbbe7,b92d68f0c6a28fd076fc8affb08361f7b721d840be639dd0fdcd9e4063f945e2,0e07540ee3310c57505f2e3e874b1df4f26fc44746b94ed2025d1b60856d53a3,未知,b3a1fc5ec72ad95e258b584f936ad46befab951e0ee9e43eaa18179e34974387,无法判定,FILE_STAT_OBSERVED_IDENTITY_UNPROVEN,本批次只读；若声明、输入、Schema或授权漂移，既有结论自动失效并须追加新批次,未读取业务正文、价格、成交、订单簿、账户或凭据；身份字段不完整,为该成员提供当前版本九字段声明及逐字段Schema、授权和唯一证据定位后追加不可变批次,2d50c1344a835ceeb832796935182aeff80bb03cecc5465c8cf3aaccbd446acd,86129966e4bc55fac18f2d7602a2309d4403f85861102128a56a80a5a0ccc1ea,0540bb1cc66afe2600336ee8fb01bc5fe965f7e9d8ce84993966e819a93211b7
source-identity-declaration-20260808T050813+0800-b2487b6c41a5,ZI-f544842772244a2c3b3b1523,DS-000133,候选数据文件,ETH,4小时;8小时;24小时;48小时,15分钟;1小时,未知,未知,未知,未知,未知,未知,未知,未知,未知,未登记,无,config/数据/来源身份声明补采.json#身份声明[],25925ef8f47870540a3333c51fe109509d1892a094f19e7ed97ee9e9ac0bbbe7,d49b3cdefe936c41685bf10613de132b9f5d9198120e45aae55859f797788158,70e1444628d1622cd802bd2ee74a014e8a620cff9fd655e3880e74a7d3c8b8b7,未知,b3a1fc5ec72ad95e258b584f936ad46befab951e0ee9e43eaa18179e34974387,无法判定,FILE_STAT_OBSERVED_IDENTITY_UNPROVEN,本批次只读；若声明、输入、Schema或授权漂移，既有结论自动失效并须追加新批次,未读取业务正文、价格、成交、订单簿、账户或凭据；身份字段不完整,为该成员提供当前版本九字段声明及逐字段Schema、授权和唯一证据定位后追加不可变批次,2d50c1344a835ceeb832796935182aeff80bb03cecc5465c8cf3aaccbd446acd,86129966e4bc55fac18f2d7602a2309d4403f85861102128a56a80a5a0ccc1ea,73443df48056a020c8087bcd4597ec9405e03074ce98e00f07e6fe0303b347bd
source-identity-declaration-20260808T050813+0800-b2487b6c41a5,ZI-f50adb5a90eeb1431aaf8e6f,DS-000134,候选数据文件,ETH,4小时;8小时;24小时;48小时,15分钟;1小时,未知,未知,未知,未知,未知,未知,未知,未知,未知,未登记,无,config/数据/来源身份声明补采.json#身份声明[],25925ef8f47870540a3333c51fe109509d1892a094f19e7ed97ee9e9ac0bbbe7,0e6fc6a736706f9c8311f0bcd6cac49d78a213f394e2feafda517cd5a5854e7d,99f1d24909a2843e1fcd95fc876654a847ae45806c4adae55c444399995f0ec8,未知,b3a1fc5ec72ad95e258b584f936ad46befab951e0ee9e43eaa18179e34974387,无法判定,FILE_STAT_OBSERVED_IDENTITY_UNPROVEN,本批次只读；若声明、输入、Schema或授权漂移，既有结论自动失效并须追加新批次,未读取业务正文、价格、成交、订单簿、账户或凭据；身份字段不完整,为该成员提供当前版本九字段声明及逐字段Schema、授权和唯一证据定位后追加不可变批次,2d50c1344a835ceeb832796935182aeff80bb03cecc5465c8cf3aaccbd446acd,86129966e4bc55fac18f2d7602a2309d4403f85861102128a56a80a5a0ccc1ea,8226beeef539a949827be2b19f4241189e8492523fac4224787ec00ec3c89a72
source-identity-declaration-20260808T050813+0800-b2487b6c41a5,ZI-ac125017000539cbb186e9e0,DS-000135,候选数据文件,ETH,4小时;8小时;24小时;48小时,15分钟;1小时,未知,未知,未知,未知,未知,未知,未知,未知,未知,未登记,无,config/数据/来源身份声明补采.json#身份声明[],25925ef8f47870540a3333c51fe109509d1892a094f19e7ed97ee9e9ac0bbbe7,6ed4afcb16dadb13cea1399f219a898bff5d238791ebd03cea6a0bd7d98b1ff5,e3d98fa985e8b77d96cab83fffc66cfc094f5d9dcffcba011bab1d69029e238b,未知,b3a1fc5ec72ad95e258b584f936ad46befab951e0ee9e43eaa18179e34974387,无法判定,FILE_STAT_OBSERVED_IDENTITY_UNPROVEN,本批次只读；若声明、输入、Schema或授权漂移，既有结论自动失效并须追加新批次,未读取业务正文、价格、成交、订单簿、账户或凭据；身份字段不完整,为该成员提供当前版本九字段声明及逐字段Schema、授权和唯一证据定位后追加不可变批次,2d50c1344a835ceeb832796935182aeff80bb03cecc5465c8cf3aaccbd446acd,86129966e4bc55fac18f2d7602a2309d4403f85861102128a56a80a5a0ccc1ea,ec92c61e39b54938fd66fae5b7d7c6c9cc546405b7177a28bde9d231fcb75f03
source-identity-declaration-20260808T050813+0800-b2487b6c41a5,ZI-8a4556082f31195079e25714,DS-000136,候选数据文件,ETH,4小时;8小时;24小时;48小时,15分钟;1小时,未知,未知,未知,未知,未知,未知,未知,未知,未知,未登记,无,config/数据/来源身份声明补采.json#身份声明[],25925ef8f47870540a3333c51fe109509d1892a094f19e7ed97ee9e9ac0bbbe7,c642096c5b9e47e8fb6d3af1ce33b6503b701f275d986dc3c80518fafa656b62,f891c3fe3008bfa69c81d678ef19f93b5031d32dc4999017e03a2b18febebf1c,未知,b3a1fc5ec72ad95e258b584f936ad46befab951e0ee9e43eaa18179e34974387,无法判定,FILE_STAT_OBSERVED_IDENTITY_UNPROVEN,本批次只读；若声明、输入、Schema或授权漂移，既有结论自动失效并须追加新批次,未读取业务正文、价格、成交、订单簿、账户或凭据；身份字段不完整,为该成员提供当前版本九字段声明及逐字段Schema、授权和唯一证据定位后追加不可变批次,2d50c1344a835ceeb832796935182aeff80bb03cecc5465c8cf3aaccbd446acd,86129966e4bc55fac18f2d7602a2309d4403f85861102128a56a80a5a0ccc1ea,4ab496d18c15acd32cf21cd1d03f62a1b46b185c5875d908ebb97bcd0f7ae253
source-identity-declaration-20260808T050813+0800-b2487b6c41a5,ZI-7fbd50767008b59c67c6188b,DS-000137,候选数据文件,ETH,4小时;8小时;24小时;48小时,15分钟;1小时,未知,未知,未知,未知,未知,未知,未知,未知,未知,未登记,无,config/数据/来源身份声明补采.json#身份声明[],25925ef8f47870540a3333c51fe109509d1892a094f19e7ed97ee9e9ac0bbbe7,85fd815ad566ecce9ab78d9848bdc57c2a3a789413ea3fae7ede25ed0d770f0f,d0b76e2f60f07725e40956ca4ac492da69b0acd4cfbfd313e30bc0ff90fcbec5,未知,b3a1fc5ec72ad95e258b584f936ad46befab951e0ee9e43eaa18179e34974387,无法判定,FILE_STAT_OBSERVED_IDENTITY_UNPROVEN,本批次只读；若声明、输入、Schema或授权漂移，既有结论自动失效并须追加新批次,未读取业务正文、价格、成交、订单簿、账户或凭据；身份字段不完整,为该成员提供当前版本九字段声明及逐字段Schema、授权和唯一证据定位后追加不可变批次,2d50c1344a835ceeb832796935182aeff80bb03cecc5465c8cf3aaccbd446acd,86129966e4bc55fac18f2d7602a2309d4403f85861102128a56a80a5a0ccc1ea,6740d7e329fcd164f86234449fbed2bcd3651dcb790b9c96389278049a35c871
source-identity-declaration-20260808T050813+0800-b2487b6c41a5,ZI-d42dfffaf1e7325a9791ebb0,DS-000138,候选数据文件,ETH,4小时;8小时;24小时;48小时,15分钟;1小时,未知,未知,未知,未知,未知,未知,未知,未知,未知,未登记,无,config/数据/来源身份声明补采.json#身份声明[],25925ef8f47870540a3333c51fe109509d1892a094f19e7ed97ee9e9ac0bbbe7,91cc4ad9a33161955c014a7f07d248bcafc3f5be08813d91e27a18d6a42f55c4,2b9a094e824f1ebadf6f57ffe303e6b9b512da431b40899c361a87df2ebfcf54,未知,b3a1fc5ec72ad95e258b584f936ad46befab951e0ee9e43eaa18179e34974387,无法判定,FILE_STAT_OBSERVED_IDENTITY_UNPROVEN,本批次只读；若声明、输入、Schema或授权漂移，既有结论自动失效并须追加新批次,未读取业务正文、价格、成交、订单簿、账户或凭据；身份字段不完整,为该成员提供当前版本九字段声明及逐字段Schema、授权和唯一证据定位后追加不可变批次,2d50c1344a835ceeb832796935182aeff80bb03cecc5465c8cf3aaccbd446acd,86129966e4bc55fac18f2d7602a2309d4403f85861102128a56a80a5a0ccc1ea,65e5901f0e21e54bb47125057bbff803aa518b3b5e982128e22f3ab36ac1eff3
source-identity-declaration-20260808T050813+0800-b2487b6c41a5,ZI-6f1fa6a3669f54977b46b883,DS-000139,候选数据文件,ETH,4小时;8小时;24小时;48小时,15分钟;1小时,未知,未知,未知,未知,未知,未知,未知,未知,未知,未登记,无,config/数据/来源身份声明补采.json#身份声明[],25925ef8f47870540a3333c51fe109509d1892a094f19e7ed97ee9e9ac0bbbe7,fe64d848475c7415a5eb6c92b24f0b9a75641d0388cb76d8ab63008be5e3a74a,163076bb1877110a64910e904e645ef22820486d7d9509fb3d2acc194731aebf,未知,b3a1fc5ec72ad95e258b584f936ad46befab951e0ee9e43eaa18179e34974387,无法判定,FILE_STAT_OBSERVED_IDENTITY_UNPROVEN,本批次只读；若声明、输入、Schema或授权漂移，既有结论自动失效并须追加新批次,未读取业务正文、价格、成交、订单簿、账户或凭据；身份字段不完整,为该成员提供当前版本九字段声明及逐字段Schema、授权和唯一证据定位后追加不可变批次,2d50c1344a835ceeb832796935182aeff80bb03cecc5465c8cf3aaccbd446acd,86129966e4bc55fac18f2d7602a2309d4403f85861102128a56a80a5a0ccc1ea,a41a455afd424f623f4d1d9b5f389ad0ab274a83a9c7c96d2d8238dd39460a23
source-identity-declaration-20260808T050813+0800-b2487b6c41a5,ZI-9ae4aebc405506a01a9d8535,DS-000140,候选数据文件,ETH,4小时;8小时;24小时;48小时,15分钟;1小时,未知,未知,未知,未知,未知,未知,未知,未知,未知,未登记,无,config/数据/来源身份声明补采.json#身份声明[],25925ef8f47870540a3333c51fe109509d1892a094f19e7ed97ee9e9ac0bbbe7,009afddc569c187b643514b715c578f909c030480467dad3f80f258b9e5dba7d,b5d559a5d3cdd08a4788c563af9e2198fe71cf31cfce29cd5e6d06dc6baaf1f4,未知,b3a1fc5ec72ad95e258b584f936ad46befab951e0ee9e43eaa18179e34974387,无法判定,FILE_STAT_OBSERVED_IDENTITY_UNPROVEN,本批次只读；若声明、输入、Schema或授权漂移，既有结论自动失效并须追加新批次,未读取业务正文、价格、成交、订单簿、账户或凭据；身份字段不完整,为该成员提供当前版本九字段声明及逐字段Schema、授权和唯一证据定位后追加不可变批次,2d50c1344a835ceeb832796935182aeff80bb03cecc5465c8cf3aaccbd446acd,86129966e4bc55fac18f2d7602a2309d4403f85861102128a56a80a5a0ccc1ea,a07b89fc40767e1baac675a5d1c3d03900013f9315d392a9f1133ed8009b2a14
source-identity-declaration-20260808T050813+0800-b2487b6c41a5,ZI-c4e271ec601f60ae22ae68de,DS-000141,候选数据文件,ETH,4小时;8小时;24小时;48小时,15分钟;1小时,未知,未知,未知,未知,未知,未知,未知,未知,未知,未登记,无,config/数据/来源身份声明补采.json#身份声明[],25925ef8f47870540a3333c51fe109509d1892a094f19e7ed97ee9e9ac0bbbe7,27f7235cee2d01a99bf0f9f1109e9272501fdb8df65e8befd348f081a6e8a5b8,0c126a0aaaabe4b976e650584466e255c22e869e8792738629f422ecbf58dda1,未知,b3a1fc5ec72ad95e258b584f936ad46befab951e0ee9e43eaa18179e34974387,无法判定,FILE_STAT_OBSERVED_IDENTITY_UNPROVEN,本批次只读；若声明、输入、Schema或授权漂移，既有结论自动失效并须追加新批次,未读取业务正文、价格、成交、订单簿、账户或凭据；身份字段不完整,为该成员提供当前版本九字段声明及逐字段Schema、授权和唯一证据定位后追加不可变批次,2d50c1344a835ceeb832796935182aeff80bb03cecc5465c8cf3aaccbd446acd,86129966e4bc55fac18f2d7602a2309d4403f85861102128a56a80a5a0ccc1ea,a91ca450d43e69bbbbf820edac74bfeaf2a703bc17cc3e71a45e28b3b981a062
source-identity-declaration-20260808T050813+0800-b2487b6c41a5,ZI-6342bb9c8d59867fd7bda81e,DS-000142,候选数据文件,ETH,4小时;8小时;24小时;48小时,15分钟;1小时,未知,未知,未知,未知,未知,未知,未知,未知,未知,未登记,无,config/数据/来源身份声明补采.json#身份声明[],25925ef8f47870540a3333c51fe109509d1892a094f19e7ed97ee9e9ac0bbbe7,80fa1bd6e7005895cf660e56647c09e7daa74e86af408dd82f83ee4d04c6f8b5,ac346df94f38428a491d9033ce3ef6903ce1e2ac4a7c2d04dfde3d4668a39b68,未知,b3a1fc5ec72ad95e258b584f936ad46befab951e0ee9e43eaa18179e34974387,无法判定,FILE_STAT_OBSERVED_IDENTITY_UNPROVEN,本批次只读；若声明、输入、Schema或授权漂移，既有结论自动失效并须追加新批次,未读取业务正文、价格、成交、订单簿、账户或凭据；身份字段不完整,为该成员提供当前版本九字段声明及逐字段Schema、授权和唯一证据定位后追加不可变批次,2d50c1344a835ceeb832796935182aeff80bb03cecc5465c8cf3aaccbd446acd,86129966e4bc55fac18f2d7602a2309d4403f85861102128a56a80a5a0ccc1ea,169195a0e38f9db3332ee9f56b06a0010dae1acf4aab67abbdaf512f2bb3f57e
source-identity-declaration-20260808T050813+0800-b2487b6c41a5,ZI-489d5d8588e9630edc50e1b1,DS-000143,候选数据文件,ETH,4小时;8小时;24小时;48小时,15分钟;1小时,未知,未知,未知,未知,未知,未知,未知,未知,未知,未登记,无,config/数据/来源身份声明补采.json#身份声明[],25925ef8f47870540a3333c51fe109509d1892a094f19e7ed97ee9e9ac0bbbe7,4d297614b41f56e3ac145165007736d4e5d0fc857ba98d3ee2525ae214f66bb1,516aacef531681e029560d1d5f4698e55ef8938d65a28b8bb7b53affef0090b5,未知,b3a1fc5ec72ad95e258b584f936ad46befab951e0ee9e43eaa18179e34974387,无法判定,FILE_STAT_OBSERVED_IDENTITY_UNPROVEN,本批次只读；若声明、输入、Schema或授权漂移，既有结论自动失效并须追加新批次,未读取业务正文、价格、成交、订单簿、账户或凭据；身份字段不完整,为该成员提供当前版本九字段声明及逐字段Schema、授权和唯一证据定位后追加不可变批次,2d50c1344a835ceeb832796935182aeff80bb03cecc5465c8cf3aaccbd446acd,86129966e4bc55fac18f2d7602a2309d4403f85861102128a56a80a5a0ccc1ea,5defae8f0678052eca2c413a7a2d59abc8ed1bf90760c1180409a46ff220ad8f
source-identity-declaration-20260808T050813+0800-b2487b6c41a5,ZI-eeabae9bad9c7be33d76a591,DS-000144,候选数据文件,ETH,4小时;8小时;24小时;48小时,15分钟;1小时,未知,未知,未知,未知,未知,未知,未知,未知,未知,未登记,无,config/数据/来源身份声明补采.json#身份声明[],25925ef8f47870540a3333c51fe109509d1892a094f19e7ed97ee9e9ac0bbbe7,a37f1429695718fc7f7e8f2425da19674e90d6a02d7bb8ff8ce85e66a4f07074,13e2fdb5315ff33a190ad958df8d0df9bcb268f39b696634df5d1e3c89bb0de0,未知,b3a1fc5ec72ad95e258b584f936ad46befab951e0ee9e43eaa18179e34974387,无法判定,FILE_STAT_OBSERVED_IDENTITY_UNPROVEN,本批次只读；若声明、输入、Schema或授权漂移，既有结论自动失效并须追加新批次,未读取业务正文、价格、成交、订单簿、账户或凭据；身份字段不完整,为该成员提供当前版本九字段声明及逐字段Schema、授权和唯一证据定位后追加不可变批次,2d50c1344a835ceeb832796935182aeff80bb03cecc5465c8cf3aaccbd446acd,86129966e4bc55fac18f2d7602a2309d4403f85861102128a56a80a5a0ccc1ea,2a81886f477e75ba0d6eb2caf54c305469d1a8549294dd15a3f0775ac9d914e5
source-identity-declaration-20260808T050813+0800-b2487b6c41a5,ZI-8879fe92abceecb6a371d5c7,DS-000145,候选数据文件,ETH,4小时;8小时;24小时;48小时,15分钟;1小时,未知,未知,未知,未知,未知,未知,未知,未知,未知,未登记,无,config/数据/来源身份声明补采.json#身份声明[],25925ef8f47870540a3333c51fe109509d1892a094f19e7ed97ee9e9ac0bbbe7,12ba9cb4812d9b25d1ce7250ee24a6ecbad7c3e14871b3b350b5ff102581369a,7b852f78154c999774fe501679b321784ddb2a060a3be071fb854db79d271fd2,未知,b3a1fc5ec72ad95e258b584f936ad46befab951e0ee9e43eaa18179e34974387,无法判定,FILE_STAT_OBSERVED_IDENTITY_UNPROVEN,本批次只读；若声明、输入、Schema或授权漂移，既有结论自动失效并须追加新批次,未读取业务正文、价格、成交、订单簿、账户或凭据；身份字段不完整,为该成员提供当前版本九字段声明及逐字段Schema、授权和唯一证据定位后追加不可变批次,2d50c1344a835ceeb832796935182aeff80bb03cecc5465c8cf3aaccbd446acd,86129966e4bc55fac18f2d7602a2309d4403f85861102128a56a80a5a0ccc1ea,7a240bccc0b356abc981943938e4d2c7eeae6c4bc92d240270682129047bb4ea
source-identity-declaration-20260808T050813+0800-b2487b6c41a5,ZI-9e34c2cb88810c462910e30d,DS-000146,候选数据文件,ETH,4小时;8小时;24小时;48小时,15分钟;1小时,未知,未知,未知,未知,未知,未知,未知,未知,未知,未登记,无,config/数据/来源身份声明补采.json#身份声明[],25925ef8f47870540a3333c51fe109509d1892a094f19e7ed97ee9e9ac0bbbe7,c3cc5610c7e0e33b392b2bdea0167adef56d57f070b3e427f342c684b3ea0688,de03c4896cda37c0c66563807be46f38b891f742ad98e9ed0984cec1b6bae1d9,未知,b3a1fc5ec72ad95e258b584f936ad46befab951e0ee9e43eaa18179e34974387,无法判定,FILE_STAT_OBSERVED_IDENTITY_UNPROVEN,本批次只读；若声明、输入、Schema或授权漂移，既有结论自动失效并须追加新批次,未读取业务正文、价格、成交、订单簿、账户或凭据；身份字段不完整,为该成员提供当前版本九字段声明及逐字段Schema、授权和唯一证据定位后追加不可变批次,2d50c1344a835ceeb832796935182aeff80bb03cecc5465c8cf3aaccbd446acd,86129966e4bc55fac18f2d7602a2309d4403f85861102128a56a80a5a0ccc1ea,da4143f302c3bf16cebf69239824594dedfb23bb20259b58bfce7f51cc6fde23
source-identity-declaration-20260808T050813+0800-b2487b6c41a5,ZI-8461f08f625565257213a23c,DS-000147,候选数据文件,ETH,4小时;8小时;24小时;48小时,15分钟;1小时,未知,未知,未知,未知,未知,未知,未知,未知,未知,未登记,无,config/数据/来源身份声明补采.json#身份声明[],25925ef8f47870540a3333c51fe109509d1892a094f19e7ed97ee9e9ac0bbbe7,ffc57781fb71aec9cd924574bd3fbe2cedfaba4f4cb581fe866c9a9d0dbed1a9,ac590d7eabfb3ee19d164f71da201c86851f75b04b934a01c301489ffce903d5,未知,b3a1fc5ec72ad95e258b584f936ad46befab951e0ee9e43eaa18179e34974387,无法判定,FILE_STAT_OBSERVED_IDENTITY_UNPROVEN,本批次只读；若声明、输入、Schema或授权漂移，既有结论自动失效并须追加新批次,未读取业务正文、价格、成交、订单簿、账户或凭据；身份字段不完整,为该成员提供当前版本九字段声明及逐字段Schema、授权和唯一证据定位后追加不可变批次,2d50c1344a835ceeb832796935182aeff80bb03cecc5465c8cf3aaccbd446acd,86129966e4bc55fac18f2d7602a2309d4403f85861102128a56a80a5a0ccc1ea,28c7cb203d9870b605989c38e13727b045b93a5ba50c462f4d952d5f9fcc470b
source-identity-declaration-20260808T050813+0800-b2487b6c41a5,ZI-2ce49af2946877d7f4f7ea4b,DS-000148,候选数据文件,ETH,4小时;8小时;24小时;48小时,15分钟;1小时,未知,未知,未知,未知,未知,未知,未知,未知,未知,未登记,无,config/数据/来源身份声明补采.json#身份声明[],25925ef8f47870540a3333c51fe109509d1892a094f19e7ed97ee9e9ac0bbbe7,3a02343642236a2a3e657efef9c7518e0c47343c29a0fed06dac9abe93d62260,9b15026508f4301f1e2aefcc4d22d64380b8d8e581f3955d41c11761606ac24f,未知,b3a1fc5ec72ad95e258b584f936ad46befab951e0ee9e43eaa18179e34974387,无法判定,FILE_STAT_OBSERVED_IDENTITY_UNPROVEN,本批次只读；若声明、输入、Schema或授权漂移，既有结论自动失效并须追加新批次,未读取业务正文、价格、成交、订单簿、账户或凭据；身份字段不完整,为该成员提供当前版本九字段声明及逐字段Schema、授权和唯一证据定位后追加不可变批次,2d50c1344a835ceeb832796935182aeff80bb03cecc5465c8cf3aaccbd446acd,86129966e4bc55fac18f2d7602a2309d4403f85861102128a56a80a5a0ccc1ea,25ce07cfc6f5a3e19ce8f0a937bc6adce0b27d7b3e12c98e3a3d1fdc6b58f996
source-identity-declaration-20260808T050813+0800-b2487b6c41a5,ZI-52ce2e32211b7fe8ae9f82c6,DS-000149,候选数据文件,ETH,4小时;8小时;24小时;48小时,15分钟;1小时,未知,未知,未知,未知,未知,未知,未知,未知,未知,未登记,无,config/数据/来源身份声明补采.json#身份声明[],25925ef8f47870540a3333c51fe109509d1892a094f19e7ed97ee9e9ac0bbbe7,a873240ba93a952953aa11ac5f6f40fac71db86b7055f9b2d8541c48f40d345b,c4c0fa8bfefc782ab8963b781ae8b3bd00c5081026ed977dc8a039084b1b3a25,未知,b3a1fc5ec72ad95e258b584f936ad46befab951e0ee9e43eaa18179e34974387,无法判定,FILE_STAT_OBSERVED_IDENTITY_UNPROVEN,本批次只读；若声明、输入、Schema或授权漂移，既有结论自动失效并须追加新批次,未读取业务正文、价格、成交、订单簿、账户或凭据；身份字段不完整,为该成员提供当前版本九字段声明及逐字段Schema、授权和唯一证据定位后追加不可变批次,2d50c1344a835ceeb832796935182aeff80bb03cecc5465c8cf3aaccbd446acd,86129966e4bc55fac18f2d7602a2309d4403f85861102128a56a80a5a0ccc1ea,a3fa86ce00bcb96e9789c7499e8c73ab8834c219bcad96f9e75cc87626558b6a
source-identity-declaration-20260808T050813+0800-b2487b6c41a5,ZI-49395e6c68a237ad8cf076ee,DS-000150,候选数据文件,ETH,4小时;8小时;24小时;48小时,15分钟;1小时,未知,未知,未知,未知,未知,未知,未知,未知,未知,未登记,无,config/数据/来源身份声明补采.json#身份声明[],25925ef8f47870540a3333c51fe109509d1892a094f19e7ed97ee9e9ac0bbbe7,40939ad30387a7158ed57b306fe0d71798f08cbe52327025d40af30da47e9dc6,d707f1184ffd684db0b8c690dcefebd30e65310386a337a9481373f277d913da,未知,b3a1fc5ec72ad95e258b584f936ad46befab951e0ee9e43eaa18179e34974387,无法判定,FILE_STAT_OBSERVED_IDENTITY_UNPROVEN,本批次只读；若声明、输入、Schema或授权漂移，既有结论自动失效并须追加新批次,未读取业务正文、价格、成交、订单簿、账户或凭据；身份字段不完整,为该成员提供当前版本九字段声明及逐字段Schema、授权和唯一证据定位后追加不可变批次,2d50c1344a835ceeb832796935182aeff80bb03cecc5465c8cf3aaccbd446acd,86129966e4bc55fac18f2d7602a2309d4403f85861102128a56a80a5a0ccc1ea,4ed35599ace1735970afac2dfe7ebc7fc38dfdc6171367f5f77b5404a4c81805
source-identity-declaration-20260808T050813+0800-b2487b6c41a5,ZI-5c9ff569ed602db0d19a25b4,DS-000151,候选数据文件,ETH,4小时;8小时;24小时;48小时,15分钟;1小时,未知,未知,未知,未知,未知,未知,未知,未知,未知,未登记,无,config/数据/来源身份声明补采.json#身份声明[],25925ef8f47870540a3333c51fe109509d1892a094f19e7ed97ee9e9ac0bbbe7,576e8c8e6487f15c636a679f4a040797e58715ed5fcaeaa34cc9be2b42fc0bd9,4430b05213f8fb6e099218b623736ef4a90c76a53846aa74227f9be1b4c02472,未知,b3a1fc5ec72ad95e258b584f936ad46befab951e0ee9e43eaa18179e34974387,无法判定,FILE_STAT_OBSERVED_IDENTITY_UNPROVEN,本批次只读；若声明、输入、Schema或授权漂移，既有结论自动失效并须追加新批次,未读取业务正文、价格、成交、订单簿、账户或凭据；身份字段不完整,为该成员提供当前版本九字段声明及逐字段Schema、授权和唯一证据定位后追加不可变批次,2d50c1344a835ceeb832796935182aeff80bb03cecc5465c8cf3aaccbd446acd,86129966e4bc55fac18f2d7602a2309d4403f85861102128a56a80a5a0ccc1ea,e13227aa6b984d200c50df53c1d8f269fbdf4d769c067032e13b1e9ec2d72a0f
source-identity-declaration-20260808T050813+0800-b2487b6c41a5,ZI-eb6b36437e73935e6892948b,DS-000152,候选数据文件,ETH,4小时;8小时;24小时;48小时,15分钟;1小时,未知,未知,未知,未知,未知,未知,未知,未知,未知,未登记,无,config/数据/来源身份声明补采.json#身份声明[],25925ef8f47870540a3333c51fe109509d1892a094f19e7ed97ee9e9ac0bbbe7,72c373f523c68c010f48416824dc922cc7bdcb6a7af086a80aff26503846cc1f,108b6fbb555b3a70e9ee67cd5d1014f7d8fe2e5589151961829d64c52378056e,未知,b3a1fc5ec72ad95e258b584f936ad46befab951e0ee9e43eaa18179e34974387,无法判定,FILE_STAT_OBSERVED_IDENTITY_UNPROVEN,本批次只读；若声明、输入、Schema或授权漂移，既有结论自动失效并须追加新批次,未读取业务正文、价格、成交、订单簿、账户或凭据；身份字段不完整,为该成员提供当前版本九字段声明及逐字段Schema、授权和唯一证据定位后追加不可变批次,2d50c1344a835ceeb832796935182aeff80bb03cecc5465c8cf3aaccbd446acd,86129966e4bc55fac18f2d7602a2309d4403f85861102128a56a80a5a0ccc1ea,834d2dba6817daefc65856319bf6db8ebfd6f39c745ab7ea2b53e6996e1e72d0
source-identity-declaration-20260808T050813+0800-b2487b6c41a5,ZI-7d0eac7d55708c645db23f34,DS-000153,候选数据文件,ETH,4小时;8小时;24小时;48小时,15分钟;1小时,未知,未知,未知,未知,未知,未知,未知,未知,未知,未登记,无,config/数据/来源身份声明补采.json#身份声明[],25925ef8f47870540a3333c51fe109509d1892a094f19e7ed97ee9e9ac0bbbe7,546a99b7d0834c6f48dec4b7ae8905dcf109bb0225eadb4e316d5042925f9656,0533d8e0b6d12c6b9ede3c937d4b10662e237dc6a3bad54eeb885580a8af4179,未知,b3a1fc5ec72ad95e258b584f936ad46befab951e0ee9e43eaa18179e34974387,无法判定,FILE_STAT_OBSERVED_IDENTITY_UNPROVEN,本批次只读；若声明、输入、Schema或授权漂移，既有结论自动失效并须追加新批次,未读取业务正文、价格、成交、订单簿、账户或凭据；身份字段不完整,为该成员提供当前版本九字段声明及逐字段Schema、授权和唯一证据定位后追加不可变批次,2d50c1344a835ceeb832796935182aeff80bb03cecc5465c8cf3aaccbd446acd,86129966e4bc55fac18f2d7602a2309d4403f85861102128a56a80a5a0ccc1ea,27a3c7b0a5e485415403e5f9cb4cc12f70013f9ae68d077c6a209120ccf1cdc2
source-identity-declaration-20260808T050813+0800-b2487b6c41a5,ZI-881ed8dfa8b5bd2659a6c1a3,DS-000154,候选数据文件,ETH,4小时;8小时;24小时;48小时,15分钟;1小时,未知,未知,未知,未知,未知,未知,未知,未知,未知,未登记,无,config/数据/来源身份声明补采.json#身份声明[],25925ef8f47870540a3333c51fe109509d1892a094f19e7ed97ee9e9ac0bbbe7,ee9e0ae362a297ec3bf7aa435152701795b513a1aff9467f7d54516156653425,9e9aeb1cd8dae51e446f83370f344a25cea9e53fd13366073c03d249cc438238,未知,b3a1fc5ec72ad95e258b584f936ad46befab951e0ee9e43eaa18179e34974387,无法判定,FILE_STAT_OBSERVED_IDENTITY_UNPROVEN,本批次只读；若声明、输入、Schema或授权漂移，既有结论自动失效并须追加新批次,未读取业务正文、价格、成交、订单簿、账户或凭据；身份字段不完整,为该成员提供当前版本九字段声明及逐字段Schema、授权和唯一证据定位后追加不可变批次,2d50c1344a835ceeb832796935182aeff80bb03cecc5465c8cf3aaccbd446acd,86129966e4bc55fac18f2d7602a2309d4403f85861102128a56a80a5a0ccc1ea,ff0f280293fc70c85eb8d7c6007f6ce1c584d9998058792fd1884f9ceea478f8
source-identity-declaration-20260808T050813+0800-b2487b6c41a5,ZI-f73068a8f2789ebf663e39a2,DS-000155,候选数据文件,ETH,4小时;8小时;24小时;48小时,15分钟;1小时,未知,未知,未知,未知,未知,未知,未知,未知,未知,未登记,无,config/数据/来源身份声明补采.json#身份声明[],25925ef8f47870540a3333c51fe109509d1892a094f19e7ed97ee9e9ac0bbbe7,6f2aca25eaf8f6fd1197fd066869629e61faf4077b6408d812252f2149ddc42f,1e6c230a58eaa438dcb3e183f507aa42230a73c7df9d67f784d606bb4ec6f622,未知,b3a1fc5ec72ad95e258b584f936ad46befab951e0ee9e43eaa18179e34974387,无法判定,FILE_STAT_OBSERVED_IDENTITY_UNPROVEN,本批次只读；若声明、输入、Schema或授权漂移，既有结论自动失效并须追加新批次,未读取业务正文、价格、成交、订单簿、账户或凭据；身份字段不完整,为该成员提供当前版本九字段声明及逐字段Schema、授权和唯一证据定位后追加不可变批次,2d50c1344a835ceeb832796935182aeff80bb03cecc5465c8cf3aaccbd446acd,86129966e4bc55fac18f2d7602a2309d4403f85861102128a56a80a5a0ccc1ea,9692b62b5fd15f260ccf3883475e240050e65cdc062ff90495f30f4d40678304
source-identity-declaration-20260808T050813+0800-b2487b6c41a5,ZI-ea32ed6152cd1b5d242e9e24,DS-000156,候选数据文件,ETH,4小时;8小时;24小时;48小时,15分钟;1小时,未知,未知,未知,未知,未知,未知,未知,未知,未知,未登记,无,config/数据/来源身份声明补采.json#身份声明[],25925ef8f47870540a3333c51fe109509d1892a094f19e7ed97ee9e9ac0bbbe7,a72715813de459c323b00c15154ac684ead7ae93d24f420a1fafec5468fa83e7,dcce43d13d18d38acf10f20158a8f39618013cbe1cf5d78e28d03985bb4f5c9c,未知,b3a1fc5ec72ad95e258b584f936ad46befab951e0ee9e43eaa18179e34974387,无法判定,FILE_STAT_OBSERVED_IDENTITY_UNPROVEN,本批次只读；若声明、输入、Schema或授权漂移，既有结论自动失效并须追加新批次,未读取业务正文、价格、成交、订单簿、账户或凭据；身份字段不完整,为该成员提供当前版本九字段声明及逐字段Schema、授权和唯一证据定位后追加不可变批次,2d50c1344a835ceeb832796935182aeff80bb03cecc5465c8cf3aaccbd446acd,86129966e4bc55fac18f2d7602a2309d4403f85861102128a56a80a5a0ccc1ea,bdb844e15ae95396f362530cec25e141a04741bd9d117efed346ac4fb85eb131
source-identity-declaration-20260808T050813+0800-b2487b6c41a5,ZI-981a8cf3dd538295a0a64b3f,DS-000157,候选数据文件,ETH,4小时;8小时;24小时;48小时,15分钟;1小时,未知,未知,未知,未知,未知,未知,未知,未知,未知,未登记,无,config/数据/来源身份声明补采.json#身份声明[],25925ef8f47870540a3333c51fe109509d1892a094f19e7ed97ee9e9ac0bbbe7,6eda5591fc0c247a607d37e4cdf6c45a53d77565384aa87932c05f3fdc45535c,cfc50dbc800e42763d228a343b77b0a46832ab7484088a47d1d00652d6679489,未知,b3a1fc5ec72ad95e258b584f936ad46befab951e0ee9e43eaa18179e34974387,无法判定,FILE_STAT_OBSERVED_IDENTITY_UNPROVEN,本批次只读；若声明、输入、Schema或授权漂移，既有结论自动失效并须追加新批次,未读取业务正文、价格、成交、订单簿、账户或凭据；身份字段不完整,为该成员提供当前版本九字段声明及逐字段Schema、授权和唯一证据定位后追加不可变批次,2d50c1344a835ceeb832796935182aeff80bb03cecc5465c8cf3aaccbd446acd,86129966e4bc55fac18f2d7602a2309d4403f85861102128a56a80a5a0ccc1ea,9b5712b61907ecaed54b4ca1126668c1d65531ccb59cb293dca800f213ca32d2
source-identity-declaration-20260808T050813+0800-b2487b6c41a5,ZI-e138d2140805838d1a7c0162,DS-000158,候选数据文件,ETH,4小时;8小时;24小时;48小时,15分钟;1小时,未知,未知,未知,未知,未知,未知,未知,未知,未知,未登记,无,config/数据/来源身份声明补采.json#身份声明[],25925ef8f47870540a3333c51fe109509d1892a094f19e7ed97ee9e9ac0bbbe7,72f486a70d9704d448d87595639e86f5186ef95992b2c4885e6b2b8b853a9d1a,c0d56db7a8cd51b714c2ccf5a2917efb4ba24594d0ec056d883eba7335c1fde4,未知,b3a1fc5ec72ad95e258b584f936ad46befab951e0ee9e43eaa18179e34974387,无法判定,FILE_STAT_OBSERVED_IDENTITY_UNPROVEN,本批次只读；若声明、输入、Schema或授权漂移，既有结论自动失效并须追加新批次,未读取业务正文、价格、成交、订单簿、账户或凭据；身份字段不完整,为该成员提供当前版本九字段声明及逐字段Schema、授权和唯一证据定位后追加不可变批次,2d50c1344a835ceeb832796935182aeff80bb03cecc5465c8cf3aaccbd446acd,86129966e4bc55fac18f2d7602a2309d4403f85861102128a56a80a5a0ccc1ea,820a58268388c20418a7c2e493fc11e5520cc881041563e5c4f35abd45f7fe72
source-identity-declaration-20260808T050813+0800-b2487b6c41a5,ZI-389611b782028a821d4fd2fd,DS-000159,候选数据文件,ETH,4小时;8小时;24小时;48小时,15分钟;1小时,未知,未知,未知,未知,未知,未知,未知,未知,未知,未登记,无,config/数据/来源身份声明补采.json#身份声明[],25925ef8f47870540a3333c51fe109509d1892a094f19e7ed97ee9e9ac0bbbe7,3542d314315b3e35751cb209f4c796189b505af0f86578c853de6478c418adba,c0d294afed3dc4f62621cdf0991d928a09464de5948ca639d064da170ed873ca,未知,b3a1fc5ec72ad95e258b584f936ad46befab951e0ee9e43eaa18179e34974387,无法判定,FILE_STAT_OBSERVED_IDENTITY_UNPROVEN,本批次只读；若声明、输入、Schema或授权漂移，既有结论自动失效并须追加新批次,未读取业务正文、价格、成交、订单簿、账户或凭据；身份字段不完整,为该成员提供当前版本九字段声明及逐字段Schema、授权和唯一证据定位后追加不可变批次,2d50c1344a835ceeb832796935182aeff80bb03cecc5465c8cf3aaccbd446acd,86129966e4bc55fac18f2d7602a2309d4403f85861102128a56a80a5a0ccc1ea,d7dd653b6576f44f3885ec901eac1ae095ffbf5fdff7a3406eec96181ed55a98
source-identity-declaration-20260808T050813+0800-b2487b6c41a5,ZI-ff9e46ee8a8d96eb44d5bf39,DS-000160,候选数据文件,ETH,4小时;8小时;24小时;48小时,15分钟;1小时,未知,未知,未知,未知,未知,未知,未知,未知,未知,未登记,无,config/数据/来源身份声明补采.json#身份声明[],25925ef8f47870540a3333c51fe109509d1892a094f19e7ed97ee9e9ac0bbbe7,d7aa39396e7a11768826401789432108e5ab65f5340646b4925cc6bb9bf83dfb,a0ad347af77aa82e8e07e314c8c6719f2d02e94150ab18124b7aa81a425c5d45,未知,b3a1fc5ec72ad95e258b584f936ad46befab951e0ee9e43eaa18179e34974387,无法判定,FILE_STAT_OBSERVED_IDENTITY_UNPROVEN,本批次只读；若声明、输入、Schema或授权漂移，既有结论自动失效并须追加新批次,未读取业务正文、价格、成交、订单簿、账户或凭据；身份字段不完整,为该成员提供当前版本九字段声明及逐字段Schema、授权和唯一证据定位后追加不可变批次,2d50c1344a835ceeb832796935182aeff80bb03cecc5465c8cf3aaccbd446acd,86129966e4bc55fac18f2d7602a2309d4403f85861102128a56a80a5a0ccc1ea,e4edbb1e054cd42c2e1281d8fd0b9bbc9853f4617b7adf56672c4d7152ea7128
source-identity-declaration-20260808T050813+0800-b2487b6c41a5,ZI-f9d8ea08ef193804ac5c2d24,DS-000161,候选数据文件,ETH,4小时;8小时;24小时;48小时,15分钟;1小时,未知,未知,未知,未知,未知,未知,未知,未知,未知,未登记,无,config/数据/来源身份声明补采.json#身份声明[],25925ef8f47870540a3333c51fe109509d1892a094f19e7ed97ee9e9ac0bbbe7,ec01d645a01d99926ec9405f77b33b2cb182ca4135cfdfeeadee39f80bdbeab5,dc9ac80131204fdaf9eb80e86b459252b4ccadd49e3233c98d0932a0a8d3b3a0,未知,b3a1fc5ec72ad95e258b584f936ad46befab951e0ee9e43eaa18179e34974387,无法判定,FILE_STAT_OBSERVED_IDENTITY_UNPROVEN,本批次只读；若声明、输入、Schema或授权漂移，既有结论自动失效并须追加新批次,未读取业务正文、价格、成交、订单簿、账户或凭据；身份字段不完整,为该成员提供当前版本九字段声明及逐字段Schema、授权和唯一证据定位后追加不可变批次,2d50c1344a835ceeb832796935182aeff80bb03cecc5465c8cf3aaccbd446acd,86129966e4bc55fac18f2d7602a2309d4403f85861102128a56a80a5a0ccc1ea,de498fe0f0d7d228c92503c533c94727cd2ba49e8fe3c1a58a751ba63704bbdd
source-identity-declaration-20260808T050813+0800-b2487b6c41a5,ZI-e6288ec06bff9cdf648b4042,DS-000162,候选数据文件,ETH,4小时;8小时;24小时;48小时,15分钟;1小时,未知,未知,未知,未知,未知,未知,未知,未知,未知,未登记,无,config/数据/来源身份声明补采.json#身份声明[],25925ef8f47870540a3333c51fe109509d1892a094f19e7ed97ee9e9ac0bbbe7,8bcd4a1f32df538b6b79746044da34ee5f0dd05800d6484cd0ba9601ce36ca5e,4539a9b5b7b96a6535417bdb1e909c2339da59b04d9c3eb84a59ed1b72a6e46d,未知,b3a1fc5ec72ad95e258b584f936ad46befab951e0ee9e43eaa18179e34974387,无法判定,FILE_STAT_OBSERVED_IDENTITY_UNPROVEN,本批次只读；若声明、输入、Schema或授权漂移，既有结论自动失效并须追加新批次,未读取业务正文、价格、成交、订单簿、账户或凭据；身份字段不完整,为该成员提供当前版本九字段声明及逐字段Schema、授权和唯一证据定位后追加不可变批次,2d50c1344a835ceeb832796935182aeff80bb03cecc5465c8cf3aaccbd446acd,86129966e4bc55fac18f2d7602a2309d4403f85861102128a56a80a5a0ccc1ea,cfd80c963104a048fdf3cfffd1d5f807b461bf48aa0ca04c07d1552894fd641a
source-identity-declaration-20260808T050813+0800-b2487b6c41a5,ZI-80b98789c86787fb429ef2e3,DS-000163,候选数据文件,ETH,4小时;8小时;24小时;48小时,15分钟;1小时,未知,未知,未知,未知,未知,未知,未知,未知,未知,未登记,无,config/数据/来源身份声明补采.json#身份声明[],25925ef8f47870540a3333c51fe109509d1892a094f19e7ed97ee9e9ac0bbbe7,752b82b872a799d4af7a2c30cdbe801cc698881ef471389e897662c027aa4d11,5122f735e57d5cdbf919ac937da2bdf1d073a6e477fea5f07c16807ef62ce290,未知,b3a1fc5ec72ad95e258b584f936ad46befab951e0ee9e43eaa18179e34974387,无法判定,FILE_STAT_OBSERVED_IDENTITY_UNPROVEN,本批次只读；若声明、输入、Schema或授权漂移，既有结论自动失效并须追加新批次,未读取业务正文、价格、成交、订单簿、账户或凭据；身份字段不完整,为该成员提供当前版本九字段声明及逐字段Schema、授权和唯一证据定位后追加不可变批次,2d50c1344a835ceeb832796935182aeff80bb03cecc5465c8cf3aaccbd446acd,86129966e4bc55fac18f2d7602a2309d4403f85861102128a56a80a5a0ccc1ea,e94f6c983ce36e1ed38232a41939f2cd99b2faa90cc75e7b418c8164a7cd6626
source-identity-declaration-20260808T050813+0800-b2487b6c41a5,ZI-1a15f6cb7a7b389c7ce47d98,DS-000164,候选数据文件,ETH,4小时;8小时;24小时;48小时,15分钟;1小时,未知,未知,未知,未知,未知,未知,未知,未知,未知,未登记,无,config/数据/来源身份声明补采.json#身份声明[],25925ef8f47870540a3333c51fe109509d1892a094f19e7ed97ee9e9ac0bbbe7,cb3f2cfa1431a5e9847c70b5630e69fb57a0b38a928b2348486398c485d9bae6,3cb00e451782a8e18c8fa701abca54261b37770aa105bfbfc49de70477a8c519,未知,b3a1fc5ec72ad95e258b584f936ad46befab951e0ee9e43eaa18179e34974387,拒绝,INPUT_MEMBER_REJECTED,本批次只读；若声明、输入、Schema或授权漂移，既有结论自动失效并须追加新批次,未读取业务正文、价格、成交、订单簿、账户或凭据；身份字段不完整,为该成员提供当前版本九字段声明及逐字段Schema、授权和唯一证据定位后追加不可变批次,2d50c1344a835ceeb832796935182aeff80bb03cecc5465c8cf3aaccbd446acd,86129966e4bc55fac18f2d7602a2309d4403f85861102128a56a80a5a0ccc1ea,5f61443a07768d42db138eaf3bdfd1b6a70e294a3e3c9c13be361d48ee5ceffc
source-identity-declaration-20260808T050813+0800-b2487b6c41a5,ZI-1941dc115ef30ebc9b56f4af,DS-000165,候选数据文件,ETH,4小时;8小时;24小时;48小时,15分钟;1小时,未知,未知,未知,未知,未知,未知,未知,未知,未知,未登记,无,config/数据/来源身份声明补采.json#身份声明[],25925ef8f47870540a3333c51fe109509d1892a094f19e7ed97ee9e9ac0bbbe7,c3e43bdaf00cb3c1f31558af9d95c281dcf7b02f513783e1b2d81801c988131b,5ab2d649df5401c8fae6ad9c39cc82b2e883477d2cbaa9e60c4cb5254c47d82e,未知,b3a1fc5ec72ad95e258b584f936ad46befab951e0ee9e43eaa18179e34974387,无法判定,FILE_STAT_OBSERVED_IDENTITY_UNPROVEN,本批次只读；若声明、输入、Schema或授权漂移，既有结论自动失效并须追加新批次,未读取业务正文、价格、成交、订单簿、账户或凭据；身份字段不完整,为该成员提供当前版本九字段声明及逐字段Schema、授权和唯一证据定位后追加不可变批次,2d50c1344a835ceeb832796935182aeff80bb03cecc5465c8cf3aaccbd446acd,86129966e4bc55fac18f2d7602a2309d4403f85861102128a56a80a5a0ccc1ea,5360397d4585d9bf10749c283deb041901a8e296d6fab5423acff83ad0cb4bb9
source-identity-declaration-20260808T050813+0800-b2487b6c41a5,ZI-314e1e22c6f8101d223a88b5,DS-000166,候选数据文件,ETH,4小时;8小时;24小时;48小时,15分钟;1小时,未知,未知,未知,未知,未知,未知,未知,未知,未知,未登记,无,config/数据/来源身份声明补采.json#身份声明[],25925ef8f47870540a3333c51fe109509d1892a094f19e7ed97ee9e9ac0bbbe7,124c9805ad883e81114457ba70e09538f6482e40db071620d525d646cc62ca8e,425ef1f0e14d676b95f9708c9615aaf6c370601ce408f92ba11f2c193f0a3b6a,未知,b3a1fc5ec72ad95e258b584f936ad46befab951e0ee9e43eaa18179e34974387,无法判定,FILE_STAT_OBSERVED_IDENTITY_UNPROVEN,本批次只读；若声明、输入、Schema或授权漂移，既有结论自动失效并须追加新批次,未读取业务正文、价格、成交、订单簿、账户或凭据；身份字段不完整,为该成员提供当前版本九字段声明及逐字段Schema、授权和唯一证据定位后追加不可变批次,2d50c1344a835ceeb832796935182aeff80bb03cecc5465c8cf3aaccbd446acd,86129966e4bc55fac18f2d7602a2309d4403f85861102128a56a80a5a0ccc1ea,33b00644e0029c83ff9faae0e97f4ad35f1995291a8b80b3413df441932109e3
source-identity-declaration-20260808T050813+0800-b2487b6c41a5,ZI-5fd2b1e41bc22cd80f22c222,DS-000167,候选数据文件,ETH,4小时;8小时;24小时;48小时,15分钟;1小时,未知,未知,未知,未知,未知,未知,未知,未知,未知,未登记,无,config/数据/来源身份声明补采.json#身份声明[],25925ef8f47870540a3333c51fe109509d1892a094f19e7ed97ee9e9ac0bbbe7,21e4a941e92f073fd4e7b87229f307e3ce1d789f3cfef3dadf9038462b8a8c68,b32ca4def24cbf80869b56a463f100afc4c4670d4009b9a2d371aa974b0ffc46,未知,b3a1fc5ec72ad95e258b584f936ad46befab951e0ee9e43eaa18179e34974387,无法判定,FILE_STAT_OBSERVED_IDENTITY_UNPROVEN,本批次只读；若声明、输入、Schema或授权漂移，既有结论自动失效并须追加新批次,未读取业务正文、价格、成交、订单簿、账户或凭据；身份字段不完整,为该成员提供当前版本九字段声明及逐字段Schema、授权和唯一证据定位后追加不可变批次,2d50c1344a835ceeb832796935182aeff80bb03cecc5465c8cf3aaccbd446acd,86129966e4bc55fac18f2d7602a2309d4403f85861102128a56a80a5a0ccc1ea,862f927892850e1f208593e5fd50692821c85eebb790b82f43a9f76d0d2c79f8
source-identity-declaration-20260808T050813+0800-b2487b6c41a5,ZI-89c2b7f24c75afde7f33de90,DS-000168,候选数据文件,ETH,4小时;8小时;24小时;48小时,15分钟;1小时,未知,未知,未知,未知,未知,未知,未知,未知,未知,未登记,无,config/数据/来源身份声明补采.json#身份声明[],25925ef8f47870540a3333c51fe109509d1892a094f19e7ed97ee9e9ac0bbbe7,f8a62a522dbf19d9f77ac41019b29e0d5926d40fae094dc88dac45931309b6fa,42a7765fe79270f5d9d9041bee0173687625331f6828a396ba51a9e0c7bd7a64,未知,b3a1fc5ec72ad95e258b584f936ad46befab951e0ee9e43eaa18179e34974387,无法判定,FILE_STAT_OBSERVED_IDENTITY_UNPROVEN,本批次只读；若声明、输入、Schema或授权漂移，既有结论自动失效并须追加新批次,未读取业务正文、价格、成交、订单簿、账户或凭据；身份字段不完整,为该成员提供当前版本九字段声明及逐字段Schema、授权和唯一证据定位后追加不可变批次,2d50c1344a835ceeb832796935182aeff80bb03cecc5465c8cf3aaccbd446acd,86129966e4bc55fac18f2d7602a2309d4403f85861102128a56a80a5a0ccc1ea,4bf656d3b3894c3648f425051ebf98e54aada1a1ef9061337d0581ee9dcbaaae
source-identity-declaration-20260808T050813+0800-b2487b6c41a5,ZI-be12db97204165cc34d89468,DS-000169,候选数据文件,ETH,4小时;8小时;24小时;48小时,15分钟;1小时,未知,未知,未知,未知,未知,未知,未知,未知,未知,未登记,无,config/数据/来源身份声明补采.json#身份声明[],25925ef8f47870540a3333c51fe109509d1892a094f19e7ed97ee9e9ac0bbbe7,671abd7b1989a86c583e552837880726ae9a67b0aab16e05de13612a73d4ecdf,64140a4d03c3f2ce133bafa03730e3251680d29831565a5e34fb88aa4dbb47bd,未知,b3a1fc5ec72ad95e258b584f936ad46befab951e0ee9e43eaa18179e34974387,无法判定,FILE_STAT_OBSERVED_IDENTITY_UNPROVEN,本批次只读；若声明、输入、Schema或授权漂移，既有结论自动失效并须追加新批次,未读取业务正文、价格、成交、订单簿、账户或凭据；身份字段不完整,为该成员提供当前版本九字段声明及逐字段Schema、授权和唯一证据定位后追加不可变批次,2d50c1344a835ceeb832796935182aeff80bb03cecc5465c8cf3aaccbd446acd,86129966e4bc55fac18f2d7602a2309d4403f85861102128a56a80a5a0ccc1ea,86b3e95bbaede5ba9ceffb13048045fed8cd61836db9baa21112d9f99ebbb254
source-identity-declaration-20260808T050813+0800-b2487b6c41a5,ZI-7975e6ac233ceb6fe112822a,DS-000170,候选数据文件,ETH,4小时;8小时;24小时;48小时,15分钟;1小时,未知,未知,未知,未知,未知,未知,未知,未知,未知,未登记,无,config/数据/来源身份声明补采.json#身份声明[],25925ef8f47870540a3333c51fe109509d1892a094f19e7ed97ee9e9ac0bbbe7,9880223dc66afea86d19de7288fac597977eb9007513637dd141df6bbb558cf1,06c11f3ab701a0a19c9cabcb319024670f0e5b7b29d0f92693f2b4753cda4a41,未知,b3a1fc5ec72ad95e258b584f936ad46befab951e0ee9e43eaa18179e34974387,无法判定,FILE_STAT_OBSERVED_IDENTITY_UNPROVEN,本批次只读；若声明、输入、Schema或授权漂移，既有结论自动失效并须追加新批次,未读取业务正文、价格、成交、订单簿、账户或凭据；身份字段不完整,为该成员提供当前版本九字段声明及逐字段Schema、授权和唯一证据定位后追加不可变批次,2d50c1344a835ceeb832796935182aeff80bb03cecc5465c8cf3aaccbd446acd,86129966e4bc55fac18f2d7602a2309d4403f85861102128a56a80a5a0ccc1ea,8e517d5a584bf301f2ad3e70db4e801014a39106fd2774277c82c207e1f7753d
source-identity-declaration-20260808T050813+0800-b2487b6c41a5,ZI-8e1e251ad2644c622fe3251d,DS-000171,候选数据文件,ETH,4小时;8小时;24小时;48小时,15分钟;1小时,未知,未知,未知,未知,未知,未知,未知,未知,未知,未登记,无,config/数据/来源身份声明补采.json#身份声明[],25925ef8f47870540a3333c51fe109509d1892a094f19e7ed97ee9e9ac0bbbe7,bafa83fba181792f378cb580dcfa6120abaf40fd3a0e15b52ee8bb9850b1d7c1,67422e259cca1b04fc2e9b955c788220d84b86ba4a9a45f4535eb0ff03cdd0be,未知,b3a1fc5ec72ad95e258b584f936ad46befab951e0ee9e43eaa18179e34974387,无法判定,FILE_STAT_OBSERVED_IDENTITY_UNPROVEN,本批次只读；若声明、输入、Schema或授权漂移，既有结论自动失效并须追加新批次,未读取业务正文、价格、成交、订单簿、账户或凭据；身份字段不完整,为该成员提供当前版本九字段声明及逐字段Schema、授权和唯一证据定位后追加不可变批次,2d50c1344a835ceeb832796935182aeff80bb03cecc5465c8cf3aaccbd446acd,86129966e4bc55fac18f2d7602a2309d4403f85861102128a56a80a5a0ccc1ea,f67debde796e127e367ce00b23f6b8606e13f6fb771b7c7949c16be535db10eb
source-identity-declaration-20260808T050813+0800-b2487b6c41a5,ZI-aa4e4e76bfed966005c708d6,DS-000172,候选数据文件,ETH,4小时;8小时;24小时;48小时,15分钟;1小时,未知,未知,未知,未知,未知,未知,未知,未知,未知,未登记,无,config/数据/来源身份声明补采.json#身份声明[],25925ef8f47870540a3333c51fe109509d1892a094f19e7ed97ee9e9ac0bbbe7,eb688bbf8774884808324cb917637b38b808edcce9636716f36c0c73a0bb1a70,d07e0a7ee6d5042ac739192da37870e05d496f400febfcedf4ebd8c4cf0d8d9f,未知,b3a1fc5ec72ad95e258b584f936ad46befab951e0ee9e43eaa18179e34974387,无法判定,FILE_STAT_OBSERVED_IDENTITY_UNPROVEN,本批次只读；若声明、输入、Schema或授权漂移，既有结论自动失效并须追加新批次,未读取业务正文、价格、成交、订单簿、账户或凭据；身份字段不完整,为该成员提供当前版本九字段声明及逐字段Schema、授权和唯一证据定位后追加不可变批次,2d50c1344a835ceeb832796935182aeff80bb03cecc5465c8cf3aaccbd446acd,86129966e4bc55fac18f2d7602a2309d4403f85861102128a56a80a5a0ccc1ea,23336ca3356c0666ccb880e13554d416ec5d2194a53057eeda3130079a6f74a2
source-identity-declaration-20260808T050813+0800-b2487b6c41a5,ZI-69c85807fb109670f590ba46,DS-000173,候选数据文件,ETH,4小时;8小时;24小时;48小时,15分钟;1小时,未知,未知,未知,未知,未知,未知,未知,未知,未知,未登记,无,config/数据/来源身份声明补采.json#身份声明[],25925ef8f47870540a3333c51fe109509d1892a094f19e7ed97ee9e9ac0bbbe7,a06211053ef3792fd50827071a13e367103be5199d7b34c0e41b19e742bec238,57453db45728268e6923997ba51f41f2f867983d59daa2cf1670e949dfd12cf1,未知,b3a1fc5ec72ad95e258b584f936ad46befab951e0ee9e43eaa18179e34974387,无法判定,FILE_STAT_OBSERVED_IDENTITY_UNPROVEN,本批次只读；若声明、输入、Schema或授权漂移，既有结论自动失效并须追加新批次,未读取业务正文、价格、成交、订单簿、账户或凭据；身份字段不完整,为该成员提供当前版本九字段声明及逐字段Schema、授权和唯一证据定位后追加不可变批次,2d50c1344a835ceeb832796935182aeff80bb03cecc5465c8cf3aaccbd446acd,86129966e4bc55fac18f2d7602a2309d4403f85861102128a56a80a5a0ccc1ea,02fbcc832915dcf1900643002ac9c8d050e6d67d04ecd5f2763f0ee4b032c114
source-identity-declaration-20260808T050813+0800-b2487b6c41a5,ZI-0cb93df8f9f6ba3feaff5d8c,DS-000174,候选数据文件,ETH,4小时;8小时;24小时;48小时,15分钟;1小时,未知,未知,未知,未知,未知,未知,未知,未知,未知,未登记,无,config/数据/来源身份声明补采.json#身份声明[],25925ef8f47870540a3333c51fe109509d1892a094f19e7ed97ee9e9ac0bbbe7,24bff6b100446afade335ff88ab048b5c675d812f75e01549793cae7f257d97f,d4ed36abec68f8d6a67d789033c5008ec8584efd7056db02d58414f52cbaf72e,未知,b3a1fc5ec72ad95e258b584f936ad46befab951e0ee9e43eaa18179e34974387,无法判定,FILE_STAT_OBSERVED_IDENTITY_UNPROVEN,本批次只读；若声明、输入、Schema或授权漂移，既有结论自动失效并须追加新批次,未读取业务正文、价格、成交、订单簿、账户或凭据；身份字段不完整,为该成员提供当前版本九字段声明及逐字段Schema、授权和唯一证据定位后追加不可变批次,2d50c1344a835ceeb832796935182aeff80bb03cecc5465c8cf3aaccbd446acd,86129966e4bc55fac18f2d7602a2309d4403f85861102128a56a80a5a0ccc1ea,46eb0b54db7f15fa383758ec88f0fed2a5c6ca26719c85eed95965e00f0bb1b7
source-identity-declaration-20260808T050813+0800-b2487b6c41a5,ZI-1e894fa6ac9c4d524bbba0ff,DS-000175,候选数据文件,ETH,4小时;8小时;24小时;48小时,15分钟;1小时,未知,未知,未知,未知,未知,未知,未知,未知,未知,未登记,无,config/数据/来源身份声明补采.json#身份声明[],25925ef8f47870540a3333c51fe109509d1892a094f19e7ed97ee9e9ac0bbbe7,e69a513ac7621ea835192801bdc3809e04d75239d3d02150790c2b4feb89c14f,c8ba328fe34ff33535d3e5978355d5522fa520e33a49751b7e6f92c955992068,未知,b3a1fc5ec72ad95e258b584f936ad46befab951e0ee9e43eaa18179e34974387,无法判定,FILE_STAT_OBSERVED_IDENTITY_UNPROVEN,本批次只读；若声明、输入、Schema或授权漂移，既有结论自动失效并须追加新批次,未读取业务正文、价格、成交、订单簿、账户或凭据；身份字段不完整,为该成员提供当前版本九字段声明及逐字段Schema、授权和唯一证据定位后追加不可变批次,2d50c1344a835ceeb832796935182aeff80bb03cecc5465c8cf3aaccbd446acd,86129966e4bc55fac18f2d7602a2309d4403f85861102128a56a80a5a0ccc1ea,9ec9bd8e181c1a2c9e867c6250e274ed06462a19daecda394b61395eeb77001b
source-identity-declaration-20260808T050813+0800-b2487b6c41a5,ZI-af99d154928fc1735d41f307,DS-000176,候选数据文件,ETH,4小时;8小时;24小时;48小时,15分钟;1小时,未知,未知,未知,未知,未知,未知,未知,未知,未知,未登记,无,config/数据/来源身份声明补采.json#身份声明[],25925ef8f47870540a3333c51fe109509d1892a094f19e7ed97ee9e9ac0bbbe7,90ebfb0f32228dabe4d3c3d6fffddbe5c46cd9db2008dc26dc4e6f6040d4413c,729406489518efc8a2e6bbe9d0e47b963e7efe3b72bf6ef8f768bc2937feab33,未知,b3a1fc5ec72ad95e258b584f936ad46befab951e0ee9e43eaa18179e34974387,无法判定,FILE_STAT_OBSERVED_IDENTITY_UNPROVEN,本批次只读；若声明、输入、Schema或授权漂移，既有结论自动失效并须追加新批次,未读取业务正文、价格、成交、订单簿、账户或凭据；身份字段不完整,为该成员提供当前版本九字段声明及逐字段Schema、授权和唯一证据定位后追加不可变批次,2d50c1344a835ceeb832796935182aeff80bb03cecc5465c8cf3aaccbd446acd,86129966e4bc55fac18f2d7602a2309d4403f85861102128a56a80a5a0ccc1ea,ad8daa16609eccc08f78f259b5f0f068f86371de3790936ae2e969ad0f2e558e
source-identity-declaration-20260808T050813+0800-b2487b6c41a5,ZI-e1863b4de9f4c6fe5fbefacd,DS-000177,候选数据文件,ETH,4小时;8小时;24小时;48小时,15分钟;1小时,未知,未知,未知,未知,未知,未知,未知,未知,未知,未登记,无,config/数据/来源身份声明补采.json#身份声明[],25925ef8f47870540a3333c51fe109509d1892a094f19e7ed97ee9e9ac0bbbe7,2f8df68ac997b3bf050617e476702d5c601fa659f1895ee84cfbf15371917e1d,c88b1c298da866175fb79b2194cec184630dc74a610af3dd76130301feebf889,未知,b3a1fc5ec72ad95e258b584f936ad46befab951e0ee9e43eaa18179e34974387,无法判定,FILE_STAT_OBSERVED_IDENTITY_UNPROVEN,本批次只读；若声明、输入、Schema或授权漂移，既有结论自动失效并须追加新批次,未读取业务正文、价格、成交、订单簿、账户或凭据；身份字段不完整,为该成员提供当前版本九字段声明及逐字段Schema、授权和唯一证据定位后追加不可变批次,2d50c1344a835ceeb832796935182aeff80bb03cecc5465c8cf3aaccbd446acd,86129966e4bc55fac18f2d7602a2309d4403f85861102128a56a80a5a0ccc1ea,f74036f060779f30aa8e67a50e9b7a3309007c56f3787af0ed1d13eb74b6b35a
source-identity-declaration-20260808T050813+0800-b2487b6c41a5,ZI-a286800bd49b9fd96217a223,DS-000178,候选数据文件,ETH,4小时;8小时;24小时;48小时,15分钟;1小时,未知,未知,未知,未知,未知,未知,未知,未知,未知,未登记,无,config/数据/来源身份声明补采.json#身份声明[],25925ef8f47870540a3333c51fe109509d1892a094f19e7ed97ee9e9ac0bbbe7,2be772033a825d5db28b7b4ec5e1ea9930f0b1b0b4d08440e6d7ea2e764aad5b,868cc6255be207b50f3bef0d42ed58c5b1b0b7238ad0b894444b9f915960ad72,未知,b3a1fc5ec72ad95e258b584f936ad46befab951e0ee9e43eaa18179e34974387,无法判定,FILE_STAT_OBSERVED_IDENTITY_UNPROVEN,本批次只读；若声明、输入、Schema或授权漂移，既有结论自动失效并须追加新批次,未读取业务正文、价格、成交、订单簿、账户或凭据；身份字段不完整,为该成员提供当前版本九字段声明及逐字段Schema、授权和唯一证据定位后追加不可变批次,2d50c1344a835ceeb832796935182aeff80bb03cecc5465c8cf3aaccbd446acd,86129966e4bc55fac18f2d7602a2309d4403f85861102128a56a80a5a0ccc1ea,10ef6175da36705668157de3915491114a94b3645addab98f868f024596f14b8
source-identity-declaration-20260808T050813+0800-b2487b6c41a5,ZI-01df71cf5d15618f09165f09,DS-000179,候选数据文件,ETH,4小时;8小时;24小时;48小时,15分钟;1小时,未知,未知,未知,未知,未知,未知,未知,未知,未知,未登记,无,config/数据/来源身份声明补采.json#身份声明[],25925ef8f47870540a3333c51fe109509d1892a094f19e7ed97ee9e9ac0bbbe7,6bc774ebf31ea4bc26f9986dd2196dd92683949fa9b59523e75b9a8d0ed2bf93,ae134fd87eb325ff1438510798ed1539980091594d41393e5108d6130774c51f,未知,b3a1fc5ec72ad95e258b584f936ad46befab951e0ee9e43eaa18179e34974387,无法判定,FILE_STAT_OBSERVED_IDENTITY_UNPROVEN,本批次只读；若声明、输入、Schema或授权漂移，既有结论自动失效并须追加新批次,未读取业务正文、价格、成交、订单簿、账户或凭据；身份字段不完整,为该成员提供当前版本九字段声明及逐字段Schema、授权和唯一证据定位后追加不可变批次,2d50c1344a835ceeb832796935182aeff80bb03cecc5465c8cf3aaccbd446acd,86129966e4bc55fac18f2d7602a2309d4403f85861102128a56a80a5a0ccc1ea,bde8a0d09fbaa61ee682cf4ca7502627a876ba9040f16994486072cac5bf0355
source-identity-declaration-20260808T050813+0800-b2487b6c41a5,ZI-c994f122c5cb41e53208de1b,DS-000180,候选数据文件,ETH,4小时;8小时;24小时;48小时,15分钟;1小时,未知,未知,未知,未知,未知,未知,未知,未知,未知,未登记,无,config/数据/来源身份声明补采.json#身份声明[],25925ef8f47870540a3333c51fe109509d1892a094f19e7ed97ee9e9ac0bbbe7,b6118ed137c406348410af6e4eaeb8261a9eb3235fe2ad89f4ca2a4bea3b0a27,d0b28f9cd3ddf5e79fd34d751e829201730b794b2382c06b43f2f9472e56c758,未知,b3a1fc5ec72ad95e258b584f936ad46befab951e0ee9e43eaa18179e34974387,无法判定,FILE_STAT_OBSERVED_IDENTITY_UNPROVEN,本批次只读；若声明、输入、Schema或授权漂移，既有结论自动失效并须追加新批次,未读取业务正文、价格、成交、订单簿、账户或凭据；身份字段不完整,为该成员提供当前版本九字段声明及逐字段Schema、授权和唯一证据定位后追加不可变批次,2d50c1344a835ceeb832796935182aeff80bb03cecc5465c8cf3aaccbd446acd,86129966e4bc55fac18f2d7602a2309d4403f85861102128a56a80a5a0ccc1ea,bdb48a13b585f09906a3720d64e6048502783d818a696e86c14bd3ea841828be
source-identity-declaration-20260808T050813+0800-b2487b6c41a5,ZI-340aadc6892b72580d560fcc,DS-000181,候选数据文件,ETH,4小时;8小时;24小时;48小时,15分钟;1小时,未知,未知,未知,未知,未知,未知,未知,未知,未知,未登记,无,config/数据/来源身份声明补采.json#身份声明[],25925ef8f47870540a3333c51fe109509d1892a094f19e7ed97ee9e9ac0bbbe7,1fe6ac4a775c05280ed26b8f8853a6ac1a22125ef106286be954feedba32abf5,98cdcabb4d1ed830512e11ce47502ddfc451e75fc72e85453cc9675e01da5d66,未知,b3a1fc5ec72ad95e258b584f936ad46befab951e0ee9e43eaa18179e34974387,无法判定,FILE_STAT_OBSERVED_IDENTITY_UNPROVEN,本批次只读；若声明、输入、Schema或授权漂移，既有结论自动失效并须追加新批次,未读取业务正文、价格、成交、订单簿、账户或凭据；身份字段不完整,为该成员提供当前版本九字段声明及逐字段Schema、授权和唯一证据定位后追加不可变批次,2d50c1344a835ceeb832796935182aeff80bb03cecc5465c8cf3aaccbd446acd,86129966e4bc55fac18f2d7602a2309d4403f85861102128a56a80a5a0ccc1ea,69d37a03371ef60b3d8b9e152a37d4c84bb4b9927e0d0b1f36cd615a5df4cff5
source-identity-declaration-20260808T050813+0800-b2487b6c41a5,ZI-27719327ee321959786a64cc,DS-000182,候选数据文件,ETH,4小时;8小时;24小时;48小时,15分钟;1小时,未知,未知,未知,未知,未知,未知,未知,未知,未知,未登记,无,config/数据/来源身份声明补采.json#身份声明[],25925ef8f47870540a3333c51fe109509d1892a094f19e7ed97ee9e9ac0bbbe7,a74ec65bcc7369875747ed975605f401086ff589062f54356d0d9950115c7de9,7113513395262e2987cab046620a1c487f95326b909b339facca75cc82a403e0,未知,b3a1fc5ec72ad95e258b584f936ad46befab951e0ee9e43eaa18179e34974387,无法判定,FILE_STAT_OBSERVED_IDENTITY_UNPROVEN,本批次只读；若声明、输入、Schema或授权漂移，既有结论自动失效并须追加新批次,未读取业务正文、价格、成交、订单簿、账户或凭据；身份字段不完整,为该成员提供当前版本九字段声明及逐字段Schema、授权和唯一证据定位后追加不可变批次,2d50c1344a835ceeb832796935182aeff80bb03cecc5465c8cf3aaccbd446acd,86129966e4bc55fac18f2d7602a2309d4403f85861102128a56a80a5a0ccc1ea,03790fc80b333a316c048a0b653b163f41c64aec158849a1d88a9de4bf932646
source-identity-declaration-20260808T050813+0800-b2487b6c41a5,ZI-66c7634266889e821b64a714,DS-000183,候选数据文件,ETH,4小时;8小时;24小时;48小时,15分钟;1小时,未知,未知,未知,未知,未知,未知,未知,未知,未知,未登记,无,config/数据/来源身份声明补采.json#身份声明[],25925ef8f47870540a3333c51fe109509d1892a094f19e7ed97ee9e9ac0bbbe7,5bd5cdb50b22e563541c34884cc493910fe803c5d4b9545de146de4b4433eedb,f139a1df28d33333f0b39af9df014fe4cb5dd89214d2c48a3c23b25ae134670e,未知,b3a1fc5ec72ad95e258b584f936ad46befab951e0ee9e43eaa18179e34974387,无法判定,FILE_STAT_OBSERVED_IDENTITY_UNPROVEN,本批次只读；若声明、输入、Schema或授权漂移，既有结论自动失效并须追加新批次,未读取业务正文、价格、成交、订单簿、账户或凭据；身份字段不完整,为该成员提供当前版本九字段声明及逐字段Schema、授权和唯一证据定位后追加不可变批次,2d50c1344a835ceeb832796935182aeff80bb03cecc5465c8cf3aaccbd446acd,86129966e4bc55fac18f2d7602a2309d4403f85861102128a56a80a5a0ccc1ea,235b596d8cf2e272b0d0e80f357dc041f75715196fd26a57d5ab0affed9021c8
source-identity-declaration-20260808T050813+0800-b2487b6c41a5,ZI-706a0d8698d18a257e6cf972,DS-000184,候选数据文件,ETH,4小时;8小时;24小时;48小时,15分钟;1小时,未知,未知,未知,未知,未知,未知,未知,未知,未知,未登记,无,config/数据/来源身份声明补采.json#身份声明[],25925ef8f47870540a3333c51fe109509d1892a094f19e7ed97ee9e9ac0bbbe7,ae7b53abea94ebb15ee07ac54328eacafce104a7821261b0f92cdc259136945c,5ed710c89dfdbcf20bfcf66dcfb0e5e218596b25f14526eb25ff80338b384b56,未知,b3a1fc5ec72ad95e258b584f936ad46befab951e0ee9e43eaa18179e34974387,无法判定,FILE_STAT_OBSERVED_IDENTITY_UNPROVEN,本批次只读；若声明、输入、Schema或授权漂移，既有结论自动失效并须追加新批次,未读取业务正文、价格、成交、订单簿、账户或凭据；身份字段不完整,为该成员提供当前版本九字段声明及逐字段Schema、授权和唯一证据定位后追加不可变批次,2d50c1344a835ceeb832796935182aeff80bb03cecc5465c8cf3aaccbd446acd,86129966e4bc55fac18f2d7602a2309d4403f85861102128a56a80a5a0ccc1ea,29ee922b351afda9600535902c64ffe30dfa25fa62cee7382969e1fac3327a04
source-identity-declaration-20260808T050813+0800-b2487b6c41a5,ZI-eed15514154813dbfce747b0,DS-000185,候选数据文件,ETH,4小时;8小时;24小时;48小时,15分钟;1小时,未知,未知,未知,未知,未知,未知,未知,未知,未知,未登记,无,config/数据/来源身份声明补采.json#身份声明[],25925ef8f47870540a3333c51fe109509d1892a094f19e7ed97ee9e9ac0bbbe7,fd66279f71275b9153fd72c7881ea8d8650bb18480b5b4455a1235907ffb7471,570eb1e78de5bd0018fc4de98f569482218371cb55641c1905836f5e63ceaab0,未知,b3a1fc5ec72ad95e258b584f936ad46befab951e0ee9e43eaa18179e34974387,无法判定,FILE_STAT_OBSERVED_IDENTITY_UNPROVEN,本批次只读；若声明、输入、Schema或授权漂移，既有结论自动失效并须追加新批次,未读取业务正文、价格、成交、订单簿、账户或凭据；身份字段不完整,为该成员提供当前版本九字段声明及逐字段Schema、授权和唯一证据定位后追加不可变批次,2d50c1344a835ceeb832796935182aeff80bb03cecc5465c8cf3aaccbd446acd,86129966e4bc55fac18f2d7602a2309d4403f85861102128a56a80a5a0ccc1ea,1417ed3ae2acd682a53c0950e9373a201b139e0b7e37ae12761828d2be0b00ae
source-identity-declaration-20260808T050813+0800-b2487b6c41a5,ZI-b47b73f341ea052859c4a130,DS-000186,候选数据文件,ETH,4小时;8小时;24小时;48小时,15分钟;1小时,未知,未知,未知,未知,未知,未知,未知,未知,未知,未登记,无,config/数据/来源身份声明补采.json#身份声明[],25925ef8f47870540a3333c51fe109509d1892a094f19e7ed97ee9e9ac0bbbe7,b4d26c095ff3d7f2930ff2f9f61bb4c04c391bcc99501cadca68b3425f4cdb7b,bb1f5fcda00f6189c36164789480d9330bc6d0949a8660a41de850818eb76f14,未知,b3a1fc5ec72ad95e258b584f936ad46befab951e0ee9e43eaa18179e34974387,无法判定,FILE_STAT_OBSERVED_IDENTITY_UNPROVEN,本批次只读；若声明、输入、Schema或授权漂移，既有结论自动失效并须追加新批次,未读取业务正文、价格、成交、订单簿、账户或凭据；身份字段不完整,为该成员提供当前版本九字段声明及逐字段Schema、授权和唯一证据定位后追加不可变批次,2d50c1344a835ceeb832796935182aeff80bb03cecc5465c8cf3aaccbd446acd,86129966e4bc55fac18f2d7602a2309d4403f85861102128a56a80a5a0ccc1ea,7b380efad82a534d7210f0ba131f16c26e8a6bb93bb3415ca515b56dbe8d13fa
source-identity-declaration-20260808T050813+0800-b2487b6c41a5,ZI-91b43df8a264ef34dad28279,DS-000187,候选数据文件,ETH,4小时;8小时;24小时;48小时,15分钟;1小时,未知,未知,未知,未知,未知,未知,未知,未知,未知,未登记,无,config/数据/来源身份声明补采.json#身份声明[],25925ef8f47870540a3333c51fe109509d1892a094f19e7ed97ee9e9ac0bbbe7,cd6f8b4d93a9e695c2be3af8f0481d412bf7bf2d88fea5ee90dbb3af5a1f185b,9ea6fe96398c6ec81d1318a8520bcf506671a9b78acfe62bb2137d256fdc931d,未知,b3a1fc5ec72ad95e258b584f936ad46befab951e0ee9e43eaa18179e34974387,无法判定,FILE_STAT_OBSERVED_IDENTITY_UNPROVEN,本批次只读；若声明、输入、Schema或授权漂移，既有结论自动失效并须追加新批次,未读取业务正文、价格、成交、订单簿、账户或凭据；身份字段不完整,为该成员提供当前版本九字段声明及逐字段Schema、授权和唯一证据定位后追加不可变批次,2d50c1344a835ceeb832796935182aeff80bb03cecc5465c8cf3aaccbd446acd,86129966e4bc55fac18f2d7602a2309d4403f85861102128a56a80a5a0ccc1ea,ba1160f3d5079b1baa0c431940e285f5c126fc387b6f79f7964c012a7cfcb56f
source-identity-declaration-20260808T050813+0800-b2487b6c41a5,ZI-332d56aec4fb1f76945921fe,DS-000188,候选数据文件,ETH,4小时;8小时;24小时;48小时,15分钟;1小时,未知,未知,未知,未知,未知,未知,未知,未知,未知,未登记,无,config/数据/来源身份声明补采.json#身份声明[],25925ef8f47870540a3333c51fe109509d1892a094f19e7ed97ee9e9ac0bbbe7,7fd19c744dac05cbd7e434c721348638379f2dea6df0fc204c2eb68a78236231,a6ef6c13e5dfa6e533d59587d672c23b4cb334b2dd320fec2b6806f18f7aee8a,未知,b3a1fc5ec72ad95e258b584f936ad46befab951e0ee9e43eaa18179e34974387,无法判定,FILE_STAT_OBSERVED_IDENTITY_UNPROVEN,本批次只读；若声明、输入、Schema或授权漂移，既有结论自动失效并须追加新批次,未读取业务正文、价格、成交、订单簿、账户或凭据；身份字段不完整,为该成员提供当前版本九字段声明及逐字段Schema、授权和唯一证据定位后追加不可变批次,2d50c1344a835ceeb832796935182aeff80bb03cecc5465c8cf3aaccbd446acd,86129966e4bc55fac18f2d7602a2309d4403f85861102128a56a80a5a0ccc1ea,36bd9cb2a6cb14e346ab325d74bb04f650006391353568500ea14eeee3043d2b
source-identity-declaration-20260808T050813+0800-b2487b6c41a5,ZI-7a08962d936d8d7723ae46e3,DS-000189,候选数据文件,ETH,4小时;8小时;24小时;48小时,15分钟;1小时,未知,未知,未知,未知,未知,未知,未知,未知,未知,未登记,无,config/数据/来源身份声明补采.json#身份声明[],25925ef8f47870540a3333c51fe109509d1892a094f19e7ed97ee9e9ac0bbbe7,339770b4561a39f6d7d39db2fb133c36bbde7bfa98b6314ed23504c848d49222,ba8c322723debba8f08e024821aa4c9a1bdc5bb11601148bcf19f8d6d20a1694,未知,b3a1fc5ec72ad95e258b584f936ad46befab951e0ee9e43eaa18179e34974387,无法判定,FILE_STAT_OBSERVED_IDENTITY_UNPROVEN,本批次只读；若声明、输入、Schema或授权漂移，既有结论自动失效并须追加新批次,未读取业务正文、价格、成交、订单簿、账户或凭据；身份字段不完整,为该成员提供当前版本九字段声明及逐字段Schema、授权和唯一证据定位后追加不可变批次,2d50c1344a835ceeb832796935182aeff80bb03cecc5465c8cf3aaccbd446acd,86129966e4bc55fac18f2d7602a2309d4403f85861102128a56a80a5a0ccc1ea,3fd7eff8514ba12e4061c2032d4bf90b40bd909e4d1ccd6441c82e9ccf1f0a70
source-identity-declaration-20260808T050813+0800-b2487b6c41a5,ZI-d471c3e2f14e8b04a88d102b,DS-000190,候选数据文件,ETH,4小时;8小时;24小时;48小时,15分钟;1小时,未知,未知,未知,未知,未知,未知,未知,未知,未知,未登记,无,config/数据/来源身份声明补采.json#身份声明[],25925ef8f47870540a3333c51fe109509d1892a094f19e7ed97ee9e9ac0bbbe7,d7136de17556a28b492a1af141d73c1758727a591f4bba3dc8153365fa742189,6910d8fb9d715d62d971c1cfa077b9d9fa6878068e36a51383cf7ea8b1029893,未知,b3a1fc5ec72ad95e258b584f936ad46befab951e0ee9e43eaa18179e34974387,无法判定,FILE_STAT_OBSERVED_IDENTITY_UNPROVEN,本批次只读；若声明、输入、Schema或授权漂移，既有结论自动失效并须追加新批次,未读取业务正文、价格、成交、订单簿、账户或凭据；身份字段不完整,为该成员提供当前版本九字段声明及逐字段Schema、授权和唯一证据定位后追加不可变批次,2d50c1344a835ceeb832796935182aeff80bb03cecc5465c8cf3aaccbd446acd,86129966e4bc55fac18f2d7602a2309d4403f85861102128a56a80a5a0ccc1ea,ef0acd98a807777b4cb29084afbb86fd0e7c423e4673eb0238c3b3913b2830ac
source-identity-declaration-20260808T050813+0800-b2487b6c41a5,ZI-ca5f657cedbd2e1b8fd02244,DS-000191,候选数据文件,ETH,4小时;8小时;24小时;48小时,15分钟;1小时,未知,未知,未知,未知,未知,未知,未知,未知,未知,未登记,无,config/数据/来源身份声明补采.json#身份声明[],25925ef8f47870540a3333c51fe109509d1892a094f19e7ed97ee9e9ac0bbbe7,42e7dc84abcc5f0ad802d574fa1a6f66ab422df94f2e029e4500a429f58a7366,a6b1dc47dda80db635f0f368ac3187369b5d0284fe23effd561bbd0676e3d10d,未知,b3a1fc5ec72ad95e258b584f936ad46befab951e0ee9e43eaa18179e34974387,无法判定,FILE_STAT_OBSERVED_IDENTITY_UNPROVEN,本批次只读；若声明、输入、Schema或授权漂移，既有结论自动失效并须追加新批次,未读取业务正文、价格、成交、订单簿、账户或凭据；身份字段不完整,为该成员提供当前版本九字段声明及逐字段Schema、授权和唯一证据定位后追加不可变批次,2d50c1344a835ceeb832796935182aeff80bb03cecc5465c8cf3aaccbd446acd,86129966e4bc55fac18f2d7602a2309d4403f85861102128a56a80a5a0ccc1ea,46e5c849eb8cfc48379512d0c5dad43394f93306c16e859a8f9bda3a884458fd
source-identity-declaration-20260808T050813+0800-b2487b6c41a5,ZI-354ae6c4905e3db448577187,DS-000192,候选数据文件,ETH,4小时;8小时;24小时;48小时,15分钟;1小时,未知,未知,未知,未知,未知,未知,未知,未知,未知,未登记,无,config/数据/来源身份声明补采.json#身份声明[],25925ef8f47870540a3333c51fe109509d1892a094f19e7ed97ee9e9ac0bbbe7,0b63bbb25476f3c1a13d3453831e1a313715dd619c895cf6ee0995cac04a71b7,77ad296a05d96b45f6631486ce323785d01df717cae592199cc3e92b769d66cf,未知,b3a1fc5ec72ad95e258b584f936ad46befab951e0ee9e43eaa18179e34974387,拒绝,INPUT_MEMBER_REJECTED,本批次只读；若声明、输入、Schema或授权漂移，既有结论自动失效并须追加新批次,未读取业务正文、价格、成交、订单簿、账户或凭据；身份字段不完整,为该成员提供当前版本九字段声明及逐字段Schema、授权和唯一证据定位后追加不可变批次,2d50c1344a835ceeb832796935182aeff80bb03cecc5465c8cf3aaccbd446acd,86129966e4bc55fac18f2d7602a2309d4403f85861102128a56a80a5a0ccc1ea,69b160a1da623eebc9c83e0c6ce8878ca39d5886e6322b6749b6ca30d4963ba2
source-identity-declaration-20260808T050813+0800-b2487b6c41a5,ZI-d1bb187785d14529961e7f3f,DS-000193,候选数据文件,ETH,4小时;8小时;24小时;48小时,15分钟;1小时,未知,未知,未知,未知,未知,未知,未知,未知,未知,未登记,无,config/数据/来源身份声明补采.json#身份声明[],25925ef8f47870540a3333c51fe109509d1892a094f19e7ed97ee9e9ac0bbbe7,c7f0e941a62184b5da31ad822c95d8912302c67a9b7954a1cc0b890d47bdf708,ddc66db46b0a617e4c1399838801946648a6dfefbf0fa0906ff6e87d2b06898d,未知,b3a1fc5ec72ad95e258b584f936ad46befab951e0ee9e43eaa18179e34974387,无法判定,FILE_STAT_OBSERVED_IDENTITY_UNPROVEN,本批次只读；若声明、输入、Schema或授权漂移，既有结论自动失效并须追加新批次,未读取业务正文、价格、成交、订单簿、账户或凭据；身份字段不完整,为该成员提供当前版本九字段声明及逐字段Schema、授权和唯一证据定位后追加不可变批次,2d50c1344a835ceeb832796935182aeff80bb03cecc5465c8cf3aaccbd446acd,86129966e4bc55fac18f2d7602a2309d4403f85861102128a56a80a5a0ccc1ea,4db1c52d68efc454e7789ed522b443cf6822b666ee33294492f4d557608e5a86
source-identity-declaration-20260808T050813+0800-b2487b6c41a5,ZI-6f3802d826442d0412d2aa81,DS-000194,候选数据文件,ETH,4小时;8小时;24小时;48小时,15分钟;1小时,未知,未知,未知,未知,未知,未知,未知,未知,未知,未登记,无,config/数据/来源身份声明补采.json#身份声明[],25925ef8f47870540a3333c51fe109509d1892a094f19e7ed97ee9e9ac0bbbe7,62a9e8386448401b0df0012d85c2a2bee4cf6abfa56d187620f9414875fd792c,68eb28dee87640862574de295a45d8a098337bb45802223b841553864359bb56,未知,b3a1fc5ec72ad95e258b584f936ad46befab951e0ee9e43eaa18179e34974387,拒绝,INPUT_MEMBER_REJECTED,本批次只读；若声明、输入、Schema或授权漂移，既有结论自动失效并须追加新批次,未读取业务正文、价格、成交、订单簿、账户或凭据；身份字段不完整,为该成员提供当前版本九字段声明及逐字段Schema、授权和唯一证据定位后追加不可变批次,2d50c1344a835ceeb832796935182aeff80bb03cecc5465c8cf3aaccbd446acd,86129966e4bc55fac18f2d7602a2309d4403f85861102128a56a80a5a0ccc1ea,a4bd679062f75fafc5779b55112a83c03e3b913d29318a2da0c87eb5382bbcc2
source-identity-declaration-20260808T050813+0800-b2487b6c41a5,ZI-e1794e82c705701b73c83cb1,DS-000195,候选数据文件,ETH,4小时;8小时;24小时;48小时,15分钟;1小时,未知,未知,未知,未知,未知,未知,未知,未知,未知,未登记,无,config/数据/来源身份声明补采.json#身份声明[],25925ef8f47870540a3333c51fe109509d1892a094f19e7ed97ee9e9ac0bbbe7,9e8f5648706c28594bb13be22bf74a43c6685db3eb0af8963881d94c1fb33090,9e3df7fcde6a416c14ad2f3385cc8a95fb4a60267d036f9a4e620d68bff6d10f,未知,b3a1fc5ec72ad95e258b584f936ad46befab951e0ee9e43eaa18179e34974387,无法判定,FILE_STAT_OBSERVED_IDENTITY_UNPROVEN,本批次只读；若声明、输入、Schema或授权漂移，既有结论自动失效并须追加新批次,未读取业务正文、价格、成交、订单簿、账户或凭据；身份字段不完整,为该成员提供当前版本九字段声明及逐字段Schema、授权和唯一证据定位后追加不可变批次,2d50c1344a835ceeb832796935182aeff80bb03cecc5465c8cf3aaccbd446acd,86129966e4bc55fac18f2d7602a2309d4403f85861102128a56a80a5a0ccc1ea,7bee053e89a5cf5492d2640c8ba0cedbf6e8725290bfabc18994ad4c78a45814
source-identity-declaration-20260808T050813+0800-b2487b6c41a5,ZI-3f3df114d327035876c6e2c5,DS-000196,候选数据文件,ETH,4小时;8小时;24小时;48小时,15分钟;1小时,未知,未知,未知,未知,未知,未知,未知,未知,未知,未登记,无,config/数据/来源身份声明补采.json#身份声明[],25925ef8f47870540a3333c51fe109509d1892a094f19e7ed97ee9e9ac0bbbe7,3302ef2c1af90e5188fec4871d9bc2a0b2f9649c1b92196be6c3cd882676ce67,e6157d59b9196789cd25c9701501043bb00ef014649356a10e16259596fb4709,未知,b3a1fc5ec72ad95e258b584f936ad46befab951e0ee9e43eaa18179e34974387,无法判定,FILE_STAT_OBSERVED_IDENTITY_UNPROVEN,本批次只读；若声明、输入、Schema或授权漂移，既有结论自动失效并须追加新批次,未读取业务正文、价格、成交、订单簿、账户或凭据；身份字段不完整,为该成员提供当前版本九字段声明及逐字段Schema、授权和唯一证据定位后追加不可变批次,2d50c1344a835ceeb832796935182aeff80bb03cecc5465c8cf3aaccbd446acd,86129966e4bc55fac18f2d7602a2309d4403f85861102128a56a80a5a0ccc1ea,9f66de85bb1944610180b66fca5e3813c7c31eb43febe0f10d5763dda22b6d61
source-identity-declaration-20260808T050813+0800-b2487b6c41a5,ZI-19137f1f87be3d200089316b,DS-000197,候选数据文件,ETH,4小时;8小时;24小时;48小时,15分钟;1小时,未知,未知,未知,未知,未知,未知,未知,未知,未知,未登记,无,config/数据/来源身份声明补采.json#身份声明[],25925ef8f47870540a3333c51fe109509d1892a094f19e7ed97ee9e9ac0bbbe7,bfc42bc0d8152ba416024f1c92821247641bfebdacf6b68020d7b23caf8bcf1d,a8a1fedf04743df7d4306f8ab802cc9f585ad95bb3a1859b581b08e07f21b491,未知,b3a1fc5ec72ad95e258b584f936ad46befab951e0ee9e43eaa18179e34974387,无法判定,FILE_STAT_OBSERVED_IDENTITY_UNPROVEN,本批次只读；若声明、输入、Schema或授权漂移，既有结论自动失效并须追加新批次,未读取业务正文、价格、成交、订单簿、账户或凭据；身份字段不完整,为该成员提供当前版本九字段声明及逐字段Schema、授权和唯一证据定位后追加不可变批次,2d50c1344a835ceeb832796935182aeff80bb03cecc5465c8cf3aaccbd446acd,86129966e4bc55fac18f2d7602a2309d4403f85861102128a56a80a5a0ccc1ea,6f6d854de022f3bbc06d8c9ec2b4fc0408176a9aa4de584fb9fdd284e8c3134c
source-identity-declaration-20260808T050813+0800-b2487b6c41a5,ZI-80af384d1f7e36ec07c65427,DS-000198,候选数据文件,ETH,4小时;8小时;24小时;48小时,15分钟;1小时,未知,未知,未知,未知,未知,未知,未知,未知,未知,未登记,无,config/数据/来源身份声明补采.json#身份声明[],25925ef8f47870540a3333c51fe109509d1892a094f19e7ed97ee9e9ac0bbbe7,e91a693c10215586182fb841338a4f6446ac050e791e472e1cf048244d99abd4,8dcbf3ed5b60fa730bdf830643d41a04e45e08e42af3c50b780c3bff6cf54e55,未知,b3a1fc5ec72ad95e258b584f936ad46befab951e0ee9e43eaa18179e34974387,无法判定,FILE_STAT_OBSERVED_IDENTITY_UNPROVEN,本批次只读；若声明、输入、Schema或授权漂移，既有结论自动失效并须追加新批次,未读取业务正文、价格、成交、订单簿、账户或凭据；身份字段不完整,为该成员提供当前版本九字段声明及逐字段Schema、授权和唯一证据定位后追加不可变批次,2d50c1344a835ceeb832796935182aeff80bb03cecc5465c8cf3aaccbd446acd,86129966e4bc55fac18f2d7602a2309d4403f85861102128a56a80a5a0ccc1ea,5137167c60de5d2116130a53285c4d5d685e7ed5e991d1daa45c959d1ffa6a65
source-identity-declaration-20260808T050813+0800-b2487b6c41a5,ZI-5b12f1080c2c2012be1a896a,DS-000199,候选数据文件,ETH,4小时;8小时;24小时;48小时,15分钟;1小时,未知,未知,未知,未知,未知,未知,未知,未知,未知,未登记,无,config/数据/来源身份声明补采.json#身份声明[],25925ef8f47870540a3333c51fe109509d1892a094f19e7ed97ee9e9ac0bbbe7,9b483598e61c912f16425f2781345539481dc82d607aac2cba73462d89bd674b,72b527c4562ab1d34e9c9be2a4cfceffb42758e4fbf892ad7e8c0a54baab42de,未知,b3a1fc5ec72ad95e258b584f936ad46befab951e0ee9e43eaa18179e34974387,无法判定,FILE_STAT_OBSERVED_IDENTITY_UNPROVEN,本批次只读；若声明、输入、Schema或授权漂移，既有结论自动失效并须追加新批次,未读取业务正文、价格、成交、订单簿、账户或凭据；身份字段不完整,为该成员提供当前版本九字段声明及逐字段Schema、授权和唯一证据定位后追加不可变批次,2d50c1344a835ceeb832796935182aeff80bb03cecc5465c8cf3aaccbd446acd,86129966e4bc55fac18f2d7602a2309d4403f85861102128a56a80a5a0ccc1ea,ffebbad330b6886892e75d6d72560029f01923d1503f12116ddb2d981fdad4a3
source-identity-declaration-20260808T050813+0800-b2487b6c41a5,ZI-e77ad70ccd2cdeb42c394004,DS-000200,候选数据文件,ETH,4小时;8小时;24小时;48小时,15分钟;1小时,未知,未知,未知,未知,未知,未知,未知,未知,未知,未登记,无,config/数据/来源身份声明补采.json#身份声明[],25925ef8f47870540a3333c51fe109509d1892a094f19e7ed97ee9e9ac0bbbe7,e80dcd17c2945c774e10bbdd99ee8807d9c0889a7aa945dff67b835761d325e1,4aa53dfec9df9610da8d7bfc3d66440053ecefc2015c01103d66bb3378abc3c8,未知,b3a1fc5ec72ad95e258b584f936ad46befab951e0ee9e43eaa18179e34974387,无法判定,FILE_STAT_OBSERVED_IDENTITY_UNPROVEN,本批次只读；若声明、输入、Schema或授权漂移，既有结论自动失效并须追加新批次,未读取业务正文、价格、成交、订单簿、账户或凭据；身份字段不完整,为该成员提供当前版本九字段声明及逐字段Schema、授权和唯一证据定位后追加不可变批次,2d50c1344a835ceeb832796935182aeff80bb03cecc5465c8cf3aaccbd446acd,86129966e4bc55fac18f2d7602a2309d4403f85861102128a56a80a5a0ccc1ea,01c5142940823fd5799474323f195bcd0b13ffc2ec9e04342c79fb222f54c9fb
source-identity-declaration-20260808T050813+0800-b2487b6c41a5,ZI-e5c1417e81aca9c453033647,DS-000201,候选数据文件,ETH,4小时;8小时;24小时;48小时,15分钟;1小时,未知,未知,未知,未知,未知,未知,未知,未知,未知,未登记,无,config/数据/来源身份声明补采.json#身份声明[],25925ef8f47870540a3333c51fe109509d1892a094f19e7ed97ee9e9ac0bbbe7,49981dce25f37ed42652b06b919f6933838ff3f5dde0c19b596d799b6865cebd,3891e003c78725e69f75c68b81d1f532b40cf91154ae84eb4f5284cf56ba3099,未知,b3a1fc5ec72ad95e258b584f936ad46befab951e0ee9e43eaa18179e34974387,无法判定,FILE_STAT_OBSERVED_IDENTITY_UNPROVEN,本批次只读；若声明、输入、Schema或授权漂移，既有结论自动失效并须追加新批次,未读取业务正文、价格、成交、订单簿、账户或凭据；身份字段不完整,为该成员提供当前版本九字段声明及逐字段Schema、授权和唯一证据定位后追加不可变批次,2d50c1344a835ceeb832796935182aeff80bb03cecc5465c8cf3aaccbd446acd,86129966e4bc55fac18f2d7602a2309d4403f85861102128a56a80a5a0ccc1ea,678834423b586ee8bad6fd9a4bc839507297f81a48fd3bd2f9eca00b0998c037
source-identity-declaration-20260808T050813+0800-b2487b6c41a5,ZI-d66834912672a4e2529dbcd7,DS-000202,候选数据文件,ETH,4小时;8小时;24小时;48小时,15分钟;1小时,未知,未知,未知,未知,未知,未知,未知,未知,未知,未登记,无,config/数据/来源身份声明补采.json#身份声明[],25925ef8f47870540a3333c51fe109509d1892a094f19e7ed97ee9e9ac0bbbe7,af6c149cc7e8aff483d571b31555d0d079734bd55eb11d9cf2e19fa32a765aca,a7e41a97d340e7df672e7bb9bfcd0e7d0a623cb69e7afd0812205373ddd5899d,未知,b3a1fc5ec72ad95e258b584f936ad46befab951e0ee9e43eaa18179e34974387,无法判定,FILE_STAT_OBSERVED_IDENTITY_UNPROVEN,本批次只读；若声明、输入、Schema或授权漂移，既有结论自动失效并须追加新批次,未读取业务正文、价格、成交、订单簿、账户或凭据；身份字段不完整,为该成员提供当前版本九字段声明及逐字段Schema、授权和唯一证据定位后追加不可变批次,2d50c1344a835ceeb832796935182aeff80bb03cecc5465c8cf3aaccbd446acd,86129966e4bc55fac18f2d7602a2309d4403f85861102128a56a80a5a0ccc1ea,0510116502001c6aba28041621880628349cd2539ee4a9241e46e7f3bca4cab7
source-identity-declaration-20260808T050813+0800-b2487b6c41a5,ZI-0ac78046b4728bc089499fc7,DS-000203,候选数据文件,ETH,4小时;8小时;24小时;48小时,15分钟;1小时,未知,未知,未知,未知,未知,未知,未知,未知,未知,未登记,无,config/数据/来源身份声明补采.json#身份声明[],25925ef8f47870540a3333c51fe109509d1892a094f19e7ed97ee9e9ac0bbbe7,4dcd4726cf5e37a543aed51c650186f864a264324396a79ba6fc6702b04aca60,47c0fd0e195494b87d8be0540fbe1d2a7d7acc231f4b421c98d23d7b224c315d,未知,b3a1fc5ec72ad95e258b584f936ad46befab951e0ee9e43eaa18179e34974387,无法判定,FILE_STAT_OBSERVED_IDENTITY_UNPROVEN,本批次只读；若声明、输入、Schema或授权漂移，既有结论自动失效并须追加新批次,未读取业务正文、价格、成交、订单簿、账户或凭据；身份字段不完整,为该成员提供当前版本九字段声明及逐字段Schema、授权和唯一证据定位后追加不可变批次,2d50c1344a835ceeb832796935182aeff80bb03cecc5465c8cf3aaccbd446acd,86129966e4bc55fac18f2d7602a2309d4403f85861102128a56a80a5a0ccc1ea,50d301ae71731adccc183e4751a50c1cfe64a3f2f2b542d2f116977e82079313
source-identity-declaration-20260808T050813+0800-b2487b6c41a5,ZI-e3f8d3f88205af4edaf439ef,DS-000204,候选数据文件,ETH,4小时;8小时;24小时;48小时,15分钟;1小时,未知,未知,未知,未知,未知,未知,未知,未知,未知,未登记,无,config/数据/来源身份声明补采.json#身份声明[],25925ef8f47870540a3333c51fe109509d1892a094f19e7ed97ee9e9ac0bbbe7,60e872660b08823c99e2e04926f5c739275e934bce8e6799ed48f867fc114da3,d78f1937dcd6fe7103be51d4bff7c53a455ad468113fde974e5b718883ef45f3,未知,b3a1fc5ec72ad95e258b584f936ad46befab951e0ee9e43eaa18179e34974387,无法判定,FILE_STAT_OBSERVED_IDENTITY_UNPROVEN,本批次只读；若声明、输入、Schema或授权漂移，既有结论自动失效并须追加新批次,未读取业务正文、价格、成交、订单簿、账户或凭据；身份字段不完整,为该成员提供当前版本九字段声明及逐字段Schema、授权和唯一证据定位后追加不可变批次,2d50c1344a835ceeb832796935182aeff80bb03cecc5465c8cf3aaccbd446acd,86129966e4bc55fac18f2d7602a2309d4403f85861102128a56a80a5a0ccc1ea,dbd09c0a671e1d4d172c231fde4a774105dfae5d42170ce56fd356696a62fd40
source-identity-declaration-20260808T050813+0800-b2487b6c41a5,ZI-dc9e6a5027261094522801f5,DS-000205,候选数据文件,ETH,4小时;8小时;24小时;48小时,15分钟;1小时,未知,未知,未知,未知,未知,未知,未知,未知,未知,未登记,无,config/数据/来源身份声明补采.json#身份声明[],25925ef8f47870540a3333c51fe109509d1892a094f19e7ed97ee9e9ac0bbbe7,357e287ee3ae9a9b3f35b6b4e036478848a3cb3659bc68f18d20dfc26f7fd580,d22196b16c3edaa28138846ff39a68c88f5c0c40804d6f69d0f0652d9b0963d8,未知,b3a1fc5ec72ad95e258b584f936ad46befab951e0ee9e43eaa18179e34974387,无法判定,FILE_STAT_OBSERVED_IDENTITY_UNPROVEN,本批次只读；若声明、输入、Schema或授权漂移，既有结论自动失效并须追加新批次,未读取业务正文、价格、成交、订单簿、账户或凭据；身份字段不完整,为该成员提供当前版本九字段声明及逐字段Schema、授权和唯一证据定位后追加不可变批次,2d50c1344a835ceeb832796935182aeff80bb03cecc5465c8cf3aaccbd446acd,86129966e4bc55fac18f2d7602a2309d4403f85861102128a56a80a5a0ccc1ea,f2b8dcf0e6e1e104579aea0a7ab66616e458618fb592e88a25749a49bf67bba1
source-identity-declaration-20260808T050813+0800-b2487b6c41a5,ZI-39e668d49c271470ea63fde5,DS-000206,候选数据文件,ETH,4小时;8小时;24小时;48小时,15分钟;1小时,未知,未知,未知,未知,未知,未知,未知,未知,未知,未登记,无,config/数据/来源身份声明补采.json#身份声明[],25925ef8f47870540a3333c51fe109509d1892a094f19e7ed97ee9e9ac0bbbe7,4cd28c8e4c99a20a90332d2c80d3b371450fd362414938588e0d0de5ad3840d2,acfd9a96ff1bb4381dbfeccf8158f1936393dc5173ba8038529e3364f7c7a171,未知,b3a1fc5ec72ad95e258b584f936ad46befab951e0ee9e43eaa18179e34974387,无法判定,FILE_STAT_OBSERVED_IDENTITY_UNPROVEN,本批次只读；若声明、输入、Schema或授权漂移，既有结论自动失效并须追加新批次,未读取业务正文、价格、成交、订单簿、账户或凭据；身份字段不完整,为该成员提供当前版本九字段声明及逐字段Schema、授权和唯一证据定位后追加不可变批次,2d50c1344a835ceeb832796935182aeff80bb03cecc5465c8cf3aaccbd446acd,86129966e4bc55fac18f2d7602a2309d4403f85861102128a56a80a5a0ccc1ea,f421f7efb4059267b73b149c428019caf00c29aad34607a581e4570aa363584d
source-identity-declaration-20260808T050813+0800-b2487b6c41a5,ZI-e6336b5c74a9200b20bce7e1,DS-000207,候选数据文件,ETH,4小时;8小时;24小时;48小时,15分钟;1小时,未知,未知,未知,未知,未知,未知,未知,未知,未知,未登记,无,config/数据/来源身份声明补采.json#身份声明[],25925ef8f47870540a3333c51fe109509d1892a094f19e7ed97ee9e9ac0bbbe7,2862c9267898c9d6737d4fc1b5ced6613c04c9e243fb77d4d93db30b2e8f8ad8,81ed54bcab59ed60f0262b4a4365e8bbb4c5475811bcb229bedb2e58498d371d,未知,b3a1fc5ec72ad95e258b584f936ad46befab951e0ee9e43eaa18179e34974387,无法判定,FILE_STAT_OBSERVED_IDENTITY_UNPROVEN,本批次只读；若声明、输入、Schema或授权漂移，既有结论自动失效并须追加新批次,未读取业务正文、价格、成交、订单簿、账户或凭据；身份字段不完整,为该成员提供当前版本九字段声明及逐字段Schema、授权和唯一证据定位后追加不可变批次,2d50c1344a835ceeb832796935182aeff80bb03cecc5465c8cf3aaccbd446acd,86129966e4bc55fac18f2d7602a2309d4403f85861102128a56a80a5a0ccc1ea,5ddd2cc3a8896ac912ab5638888af6bc91c745a69d789a27b8abf2d43d716348
source-identity-declaration-20260808T050813+0800-b2487b6c41a5,ZI-67bf3674d8c4e2d9f884e729,DS-000208,候选数据文件,ETH,4小时;8小时;24小时;48小时,15分钟;1小时,未知,未知,未知,未知,未知,未知,未知,未知,未知,未登记,无,config/数据/来源身份声明补采.json#身份声明[],25925ef8f47870540a3333c51fe109509d1892a094f19e7ed97ee9e9ac0bbbe7,fe9e7608a4eb061f5652be539fe800c731c30c5e369f84a49850cf73b997ae50,9b84f87a1dedc394f11562511ac0593d3698ba920f79e13b925545e9b7477423,未知,b3a1fc5ec72ad95e258b584f936ad46befab951e0ee9e43eaa18179e34974387,无法判定,FILE_STAT_OBSERVED_IDENTITY_UNPROVEN,本批次只读；若声明、输入、Schema或授权漂移，既有结论自动失效并须追加新批次,未读取业务正文、价格、成交、订单簿、账户或凭据；身份字段不完整,为该成员提供当前版本九字段声明及逐字段Schema、授权和唯一证据定位后追加不可变批次,2d50c1344a835ceeb832796935182aeff80bb03cecc5465c8cf3aaccbd446acd,86129966e4bc55fac18f2d7602a2309d4403f85861102128a56a80a5a0ccc1ea,ea7d2e0428485ed969e61435544354dade12ec9a36c2f4ea29652f1a4907ea0a
source-identity-declaration-20260808T050813+0800-b2487b6c41a5,ZI-bf318ff33e056cae7780888f,DS-000209,候选数据文件,ETH,4小时;8小时;24小时;48小时,15分钟;1小时,未知,未知,未知,未知,未知,未知,未知,未知,未知,未登记,无,config/数据/来源身份声明补采.json#身份声明[],25925ef8f47870540a3333c51fe109509d1892a094f19e7ed97ee9e9ac0bbbe7,2d90d65ec9a02a4e23e09313281406cd378c2eaadb3a19a9f1c4ba89d57b523a,16a1140e39ad3c51a489be6106c8ba9593779ed971fa88b4d8aceb3f4623b45a,未知,b3a1fc5ec72ad95e258b584f936ad46befab951e0ee9e43eaa18179e34974387,无法判定,FILE_STAT_OBSERVED_IDENTITY_UNPROVEN,本批次只读；若声明、输入、Schema或授权漂移，既有结论自动失效并须追加新批次,未读取业务正文、价格、成交、订单簿、账户或凭据；身份字段不完整,为该成员提供当前版本九字段声明及逐字段Schema、授权和唯一证据定位后追加不可变批次,2d50c1344a835ceeb832796935182aeff80bb03cecc5465c8cf3aaccbd446acd,86129966e4bc55fac18f2d7602a2309d4403f85861102128a56a80a5a0ccc1ea,0b346b3a6b94d086e7867df30e2192cf463750c8b9b582c2bdc26367b2f01c11
source-identity-declaration-20260808T050813+0800-b2487b6c41a5,ZI-9bf3456766012c7fa289b73a,DS-000210,候选数据文件,ETH,4小时;8小时;24小时;48小时,15分钟;1小时,未知,未知,未知,未知,未知,未知,未知,未知,未知,未登记,无,config/数据/来源身份声明补采.json#身份声明[],25925ef8f47870540a3333c51fe109509d1892a094f19e7ed97ee9e9ac0bbbe7,1673f3d2d5e26882002c3ff908463abce1fdfb4a795443a152f6b85a43fb3f07,e4628d31187ff75bd98b22dd5047c3aea0e8e096324d40cda8f35094b30c9013,未知,b3a1fc5ec72ad95e258b584f936ad46befab951e0ee9e43eaa18179e34974387,无法判定,FILE_STAT_OBSERVED_IDENTITY_UNPROVEN,本批次只读；若声明、输入、Schema或授权漂移，既有结论自动失效并须追加新批次,未读取业务正文、价格、成交、订单簿、账户或凭据；身份字段不完整,为该成员提供当前版本九字段声明及逐字段Schema、授权和唯一证据定位后追加不可变批次,2d50c1344a835ceeb832796935182aeff80bb03cecc5465c8cf3aaccbd446acd,86129966e4bc55fac18f2d7602a2309d4403f85861102128a56a80a5a0ccc1ea,3c0569cc076160d0620025448ad2ab6a499b5673fa5bb4941a17d16d9ad0cc5c
source-identity-declaration-20260808T050813+0800-b2487b6c41a5,ZI-bf36c5f09b92ec27587054c0,DS-000211,候选数据文件,ETH,4小时;8小时;24小时;48小时,15分钟;1小时,未知,未知,未知,未知,未知,未知,未知,未知,未知,未登记,无,config/数据/来源身份声明补采.json#身份声明[],25925ef8f47870540a3333c51fe109509d1892a094f19e7ed97ee9e9ac0bbbe7,1f7e7cf555344a7206d8962dde3c7fb9c95f36713b307b7c1e758ad6556bd5a8,a1c268d08407573cface32bceab6379292b01d0579981f5df06ccede609d20a1,未知,b3a1fc5ec72ad95e258b584f936ad46befab951e0ee9e43eaa18179e34974387,无法判定,FILE_STAT_OBSERVED_IDENTITY_UNPROVEN,本批次只读；若声明、输入、Schema或授权漂移，既有结论自动失效并须追加新批次,未读取业务正文、价格、成交、订单簿、账户或凭据；身份字段不完整,为该成员提供当前版本九字段声明及逐字段Schema、授权和唯一证据定位后追加不可变批次,2d50c1344a835ceeb832796935182aeff80bb03cecc5465c8cf3aaccbd446acd,86129966e4bc55fac18f2d7602a2309d4403f85861102128a56a80a5a0ccc1ea,70ea24ddddd0c22aceb736df624baaf240c92530de5f61322715c4da1a27196e
source-identity-declaration-20260808T050813+0800-b2487b6c41a5,ZI-3e5b6d24bf74d09e00f206d2,DS-000212,候选数据文件,ETH,4小时;8小时;24小时;48小时,15分钟;1小时,未知,未知,未知,未知,未知,未知,未知,未知,未知,未登记,无,config/数据/来源身份声明补采.json#身份声明[],25925ef8f47870540a3333c51fe109509d1892a094f19e7ed97ee9e9ac0bbbe7,d8c78a0148f6abdd19f4a621d6c52ca485dd38012b2c028f70904050efa3275d,37596e6844008a9aa7ff046e5fbdcb00e924cf146b6fe95fbb2822dda3b97dd0,未知,b3a1fc5ec72ad95e258b584f936ad46befab951e0ee9e43eaa18179e34974387,无法判定,FILE_STAT_OBSERVED_IDENTITY_UNPROVEN,本批次只读；若声明、输入、Schema或授权漂移，既有结论自动失效并须追加新批次,未读取业务正文、价格、成交、订单簿、账户或凭据；身份字段不完整,为该成员提供当前版本九字段声明及逐字段Schema、授权和唯一证据定位后追加不可变批次,2d50c1344a835ceeb832796935182aeff80bb03cecc5465c8cf3aaccbd446acd,86129966e4bc55fac18f2d7602a2309d4403f85861102128a56a80a5a0ccc1ea,d77aeb5b80f69fa546f5364216ea6e0a9b4413a40dde6f4b91eb1be599030ae3
source-identity-declaration-20260808T050813+0800-b2487b6c41a5,ZI-a63d16fb4ec4d09959677754,DS-000213,候选数据文件,ETH,4小时;8小时;24小时;48小时,15分钟;1小时,未知,未知,未知,未知,未知,未知,未知,未知,未知,未登记,无,config/数据/来源身份声明补采.json#身份声明[],25925ef8f47870540a3333c51fe109509d1892a094f19e7ed97ee9e9ac0bbbe7,49da7771a94025e16bceaf06d99d368bb69fc9f0b30773ef78fd195b2647f3cc,d89240428d281b5dfce7b304dbee0ea74ded4f6e36cfa826a995d02f960d1345,未知,b3a1fc5ec72ad95e258b584f936ad46befab951e0ee9e43eaa18179e34974387,无法判定,FILE_STAT_OBSERVED_IDENTITY_UNPROVEN,本批次只读；若声明、输入、Schema或授权漂移，既有结论自动失效并须追加新批次,未读取业务正文、价格、成交、订单簿、账户或凭据；身份字段不完整,为该成员提供当前版本九字段声明及逐字段Schema、授权和唯一证据定位后追加不可变批次,2d50c1344a835ceeb832796935182aeff80bb03cecc5465c8cf3aaccbd446acd,86129966e4bc55fac18f2d7602a2309d4403f85861102128a56a80a5a0ccc1ea,98384f3f59161c8b922a02a445957b9c352954f57aa7af207f8f218f2cd84bae
source-identity-declaration-20260808T050813+0800-b2487b6c41a5,ZI-46ace9e7b562d73bf90102ac,DS-000214,候选数据文件,ETH,4小时;8小时;24小时;48小时,15分钟;1小时,未知,未知,未知,未知,未知,未知,未知,未知,未知,未登记,无,config/数据/来源身份声明补采.json#身份声明[],25925ef8f47870540a3333c51fe109509d1892a094f19e7ed97ee9e9ac0bbbe7,4b7ef458a831e58978149d25819f70ca44d5a7ab56c24620e2b5e199ddfa8457,138c8152fe7932c04516a7547f92731a5d1a3889fa6a5f2311da04ff6aa7b016,未知,b3a1fc5ec72ad95e258b584f936ad46befab951e0ee9e43eaa18179e34974387,无法判定,FILE_STAT_OBSERVED_IDENTITY_UNPROVEN,本批次只读；若声明、输入、Schema或授权漂移，既有结论自动失效并须追加新批次,未读取业务正文、价格、成交、订单簿、账户或凭据；身份字段不完整,为该成员提供当前版本九字段声明及逐字段Schema、授权和唯一证据定位后追加不可变批次,2d50c1344a835ceeb832796935182aeff80bb03cecc5465c8cf3aaccbd446acd,86129966e4bc55fac18f2d7602a2309d4403f85861102128a56a80a5a0ccc1ea,50b3112ac897ca84203cf1720c0bf92659fa27875a8862302646166b97b3c341
source-identity-declaration-20260808T050813+0800-b2487b6c41a5,ZI-4bf648fae65088717c965e1f,DS-000215,候选数据文件,ETH,4小时;8小时;24小时;48小时,15分钟;1小时,未知,未知,未知,未知,未知,未知,未知,未知,未知,未登记,无,config/数据/来源身份声明补采.json#身份声明[],25925ef8f47870540a3333c51fe109509d1892a094f19e7ed97ee9e9ac0bbbe7,c8e071231ebbdfc3fd675eb141e1efc29ba7a13e91e9254f9c3cc1ef9495c2c2,7230b1aa75860eaded6c148481fe00881d2ec25cc8ba7a9a50d7cbc899a4985a,未知,b3a1fc5ec72ad95e258b584f936ad46befab951e0ee9e43eaa18179e34974387,无法判定,FILE_STAT_OBSERVED_IDENTITY_UNPROVEN,本批次只读；若声明、输入、Schema或授权漂移，既有结论自动失效并须追加新批次,未读取业务正文、价格、成交、订单簿、账户或凭据；身份字段不完整,为该成员提供当前版本九字段声明及逐字段Schema、授权和唯一证据定位后追加不可变批次,2d50c1344a835ceeb832796935182aeff80bb03cecc5465c8cf3aaccbd446acd,86129966e4bc55fac18f2d7602a2309d4403f85861102128a56a80a5a0ccc1ea,82e823fe5e5e322fab81c103914f6a0fe1f3a29aba162ec5a2a673b2c5da9a6a
source-identity-declaration-20260808T050813+0800-b2487b6c41a5,ZI-aa7e8af4e975d61b2ca3fb4f,DS-000216,候选数据文件,ETH,4小时;8小时;24小时;48小时,15分钟;1小时,未知,未知,未知,未知,未知,未知,未知,未知,未知,未登记,无,config/数据/来源身份声明补采.json#身份声明[],25925ef8f47870540a3333c51fe109509d1892a094f19e7ed97ee9e9ac0bbbe7,17cb50cc3c65f508fb921ef26b8f5306a43dab9610337cf613631b5df89e8e5d,6627553473a3965b483ccc0f8839a72133b53c3c91b720d46d5d7031c81fe67c,未知,b3a1fc5ec72ad95e258b584f936ad46befab951e0ee9e43eaa18179e34974387,无法判定,FILE_STAT_OBSERVED_IDENTITY_UNPROVEN,本批次只读；若声明、输入、Schema或授权漂移，既有结论自动失效并须追加新批次,未读取业务正文、价格、成交、订单簿、账户或凭据；身份字段不完整,为该成员提供当前版本九字段声明及逐字段Schema、授权和唯一证据定位后追加不可变批次,2d50c1344a835ceeb832796935182aeff80bb03cecc5465c8cf3aaccbd446acd,86129966e4bc55fac18f2d7602a2309d4403f85861102128a56a80a5a0ccc1ea,feef01cc6944752209fcb0c06acf11ae248ed27ee6c1ba4f4f79648531f17dc3
source-identity-declaration-20260808T050813+0800-b2487b6c41a5,ZI-87449cb81b7b3a3b8f7d3eab,DS-000217,候选数据文件,ETH,4小时;8小时;24小时;48小时,15分钟;1小时,未知,未知,未知,未知,未知,未知,未知,未知,未知,未登记,无,config/数据/来源身份声明补采.json#身份声明[],25925ef8f47870540a3333c51fe109509d1892a094f19e7ed97ee9e9ac0bbbe7,0bdc7a67f1bbd727ffffcd809c382cb521892eb214a2a1049dd5fd9704b3ce31,9e3df7fcde6a416c14ad2f3385cc8a95fb4a60267d036f9a4e620d68bff6d10f,未知,b3a1fc5ec72ad95e258b584f936ad46befab951e0ee9e43eaa18179e34974387,无法判定,FILE_STAT_OBSERVED_IDENTITY_UNPROVEN,本批次只读；若声明、输入、Schema或授权漂移，既有结论自动失效并须追加新批次,未读取业务正文、价格、成交、订单簿、账户或凭据；身份字段不完整,为该成员提供当前版本九字段声明及逐字段Schema、授权和唯一证据定位后追加不可变批次,2d50c1344a835ceeb832796935182aeff80bb03cecc5465c8cf3aaccbd446acd,86129966e4bc55fac18f2d7602a2309d4403f85861102128a56a80a5a0ccc1ea,ed0e0721d623b27db4259f6cf1d1d8f13fd344f06f6787dfe83b72dc3cabd5b7
source-identity-declaration-20260808T050813+0800-b2487b6c41a5,ZI-36c092c73b65708fcdd38ad4,DS-000218,候选数据文件,ETH,4小时;8小时;24小时;48小时,15分钟;1小时,未知,未知,未知,未知,未知,未知,未知,未知,未知,未登记,无,config/数据/来源身份声明补采.json#身份声明[],25925ef8f47870540a3333c51fe109509d1892a094f19e7ed97ee9e9ac0bbbe7,23d79df12719a18f66ce20b5e7348fd6e2f6c701cfaa07957b0acc9b4b4b3c5d,e6157d59b9196789cd25c9701501043bb00ef014649356a10e16259596fb4709,未知,b3a1fc5ec72ad95e258b584f936ad46befab951e0ee9e43eaa18179e34974387,无法判定,FILE_STAT_OBSERVED_IDENTITY_UNPROVEN,本批次只读；若声明、输入、Schema或授权漂移，既有结论自动失效并须追加新批次,未读取业务正文、价格、成交、订单簿、账户或凭据；身份字段不完整,为该成员提供当前版本九字段声明及逐字段Schema、授权和唯一证据定位后追加不可变批次,2d50c1344a835ceeb832796935182aeff80bb03cecc5465c8cf3aaccbd446acd,86129966e4bc55fac18f2d7602a2309d4403f85861102128a56a80a5a0ccc1ea,c8f69b2069b1aeed56202db77a738bb3b6c05c2d09e0ce816b052859dcb82fde
source-identity-declaration-20260808T050813+0800-b2487b6c41a5,ZI-12c289eff1be0bf2e1d20fb5,DS-000219,候选数据文件,ETH,4小时;8小时;24小时;48小时,15分钟;1小时,未知,未知,未知,未知,未知,未知,未知,未知,未知,未登记,无,config/数据/来源身份声明补采.json#身份声明[],25925ef8f47870540a3333c51fe109509d1892a094f19e7ed97ee9e9ac0bbbe7,21165349456518961030378083fea5551ab855e98f18bb276a7180f52b3d1f7d,a8a1fedf04743df7d4306f8ab802cc9f585ad95bb3a1859b581b08e07f21b491,未知,b3a1fc5ec72ad95e258b584f936ad46befab951e0ee9e43eaa18179e34974387,无法判定,FILE_STAT_OBSERVED_IDENTITY_UNPROVEN,本批次只读；若声明、输入、Schema或授权漂移，既有结论自动失效并须追加新批次,未读取业务正文、价格、成交、订单簿、账户或凭据；身份字段不完整,为该成员提供当前版本九字段声明及逐字段Schema、授权和唯一证据定位后追加不可变批次,2d50c1344a835ceeb832796935182aeff80bb03cecc5465c8cf3aaccbd446acd,86129966e4bc55fac18f2d7602a2309d4403f85861102128a56a80a5a0ccc1ea,8b772810d6b28ccbd8c69628311561b9050abcda5f8598e437063f3d4a3266dc
source-identity-declaration-20260808T050813+0800-b2487b6c41a5,ZI-f31616fc75ad8bef6735c9f9,DS-000220,候选数据文件,ETH,4小时;8小时;24小时;48小时,15分钟;1小时,未知,未知,未知,未知,未知,未知,未知,未知,未知,未登记,无,config/数据/来源身份声明补采.json#身份声明[],25925ef8f47870540a3333c51fe109509d1892a094f19e7ed97ee9e9ac0bbbe7,7de5a82ae4458f844affdcfc96bb58bd683630348ddf7b03231730efa11bf7dc,8dcbf3ed5b60fa730bdf830643d41a04e45e08e42af3c50b780c3bff6cf54e55,未知,b3a1fc5ec72ad95e258b584f936ad46befab951e0ee9e43eaa18179e34974387,无法判定,FILE_STAT_OBSERVED_IDENTITY_UNPROVEN,本批次只读；若声明、输入、Schema或授权漂移，既有结论自动失效并须追加新批次,未读取业务正文、价格、成交、订单簿、账户或凭据；身份字段不完整,为该成员提供当前版本九字段声明及逐字段Schema、授权和唯一证据定位后追加不可变批次,2d50c1344a835ceeb832796935182aeff80bb03cecc5465c8cf3aaccbd446acd,86129966e4bc55fac18f2d7602a2309d4403f85861102128a56a80a5a0ccc1ea,4cb7519e14cc9d92153bad031d260b97f1ec6415d104912d07de568c8386e95d
source-identity-declaration-20260808T050813+0800-b2487b6c41a5,ZI-cd249e493d073e54d19874b0,DS-000221,候选数据文件,ETH,4小时;8小时;24小时;48小时,15分钟;1小时,未知,未知,未知,未知,未知,未知,未知,未知,未知,未登记,无,config/数据/来源身份声明补采.json#身份声明[],25925ef8f47870540a3333c51fe109509d1892a094f19e7ed97ee9e9ac0bbbe7,6980edd049f750c69d7e7ae20e5aa6cc1657e9d95673ca38293e252e1af793e9,72b527c4562ab1d34e9c9be2a4cfceffb42758e4fbf892ad7e8c0a54baab42de,未知,b3a1fc5ec72ad95e258b584f936ad46befab951e0ee9e43eaa18179e34974387,无法判定,FILE_STAT_OBSERVED_IDENTITY_UNPROVEN,本批次只读；若声明、输入、Schema或授权漂移，既有结论自动失效并须追加新批次,未读取业务正文、价格、成交、订单簿、账户或凭据；身份字段不完整,为该成员提供当前版本九字段声明及逐字段Schema、授权和唯一证据定位后追加不可变批次,2d50c1344a835ceeb832796935182aeff80bb03cecc5465c8cf3aaccbd446acd,86129966e4bc55fac18f2d7602a2309d4403f85861102128a56a80a5a0ccc1ea,d5acf70e1591d225613d4fe66bedfb92e12d17eeaa6422963724659912d8a40c
source-identity-declaration-20260808T050813+0800-b2487b6c41a5,ZI-745c8f0cc6ded6fb507acbb1,DS-000222,候选数据文件,ETH,4小时;8小时;24小时;48小时,15分钟;1小时,未知,未知,未知,未知,未知,未知,未知,未知,未知,未登记,无,config/数据/来源身份声明补采.json#身份声明[],25925ef8f47870540a3333c51fe109509d1892a094f19e7ed97ee9e9ac0bbbe7,3e539388481b9fa19a3c40b0e3aa8d79677f6c36cfe63f2ca87828ac92b88df2,087e1e310fcd0e97232d7b0afd702de2d5cfe3ddab9d622e8ee6b7853cb46b62,未知,b3a1fc5ec72ad95e258b584f936ad46befab951e0ee9e43eaa18179e34974387,无法判定,FILE_STAT_OBSERVED_IDENTITY_UNPROVEN,本批次只读；若声明、输入、Schema或授权漂移，既有结论自动失效并须追加新批次,未读取业务正文、价格、成交、订单簿、账户或凭据；身份字段不完整,为该成员提供当前版本九字段声明及逐字段Schema、授权和唯一证据定位后追加不可变批次,2d50c1344a835ceeb832796935182aeff80bb03cecc5465c8cf3aaccbd446acd,86129966e4bc55fac18f2d7602a2309d4403f85861102128a56a80a5a0ccc1ea,5b39124a7fdd5318a583907c5683c3f5ad672cc47cd0d9aeacf4ca321cc8d5e0
source-identity-declaration-20260808T050813+0800-b2487b6c41a5,ZI-eb81ef33f15cce2bf5a3ea90,DS-000223,候选数据文件,ETH,4小时;8小时;24小时;48小时,15分钟;1小时,未知,未知,未知,未知,未知,未知,未知,未知,未知,未登记,无,config/数据/来源身份声明补采.json#身份声明[],25925ef8f47870540a3333c51fe109509d1892a094f19e7ed97ee9e9ac0bbbe7,e9c7915b1f0185fd3199344770ef2c5020c6bc27def3a3c1755994699e69cf58,a08373d4984da5498b6bd1555a2d393e541e809346565c9d8058fbd1cd369e5d,未知,b3a1fc5ec72ad95e258b584f936ad46befab951e0ee9e43eaa18179e34974387,无法判定,FILE_STAT_OBSERVED_IDENTITY_UNPROVEN,本批次只读；若声明、输入、Schema或授权漂移，既有结论自动失效并须追加新批次,未读取业务正文、价格、成交、订单簿、账户或凭据；身份字段不完整,为该成员提供当前版本九字段声明及逐字段Schema、授权和唯一证据定位后追加不可变批次,2d50c1344a835ceeb832796935182aeff80bb03cecc5465c8cf3aaccbd446acd,86129966e4bc55fac18f2d7602a2309d4403f85861102128a56a80a5a0ccc1ea,51545af6f21afa18f86cb249f8f529773042320bedb5251f0ad8544da67885dd
source-identity-declaration-20260808T050813+0800-b2487b6c41a5,ZI-27b8a9edb40a15d5c5340edf,DS-000225,数据库元数据,ETH,4小时;8小时;24小时;48小时,15分钟;1小时,未知,未知,未知,未知,未知,未知,未知,未知,未知,未登记,无,config/数据/来源身份声明补采.json#身份声明[],25925ef8f47870540a3333c51fe109509d1892a094f19e7ed97ee9e9ac0bbbe7,31c46439848b2efd4dd25f0894f6ce7296e53e7d983b81530451c4d4879bc220,未知,未知,b3a1fc5ec72ad95e258b584f936ad46befab951e0ee9e43eaa18179e34974387,无法判定,DATABASE_METADATA_IDENTITY_UNPROVEN,本批次只读；若声明、输入、Schema或授权漂移，既有结论自动失效并须追加新批次,未读取业务正文、价格、成交、订单簿、账户或凭据；身份字段不完整,为该成员提供当前版本九字段声明及逐字段Schema、授权和唯一证据定位后追加不可变批次,2d50c1344a835ceeb832796935182aeff80bb03cecc5465c8cf3aaccbd446acd,86129966e4bc55fac18f2d7602a2309d4403f85861102128a56a80a5a0ccc1ea,cd3ead8f28b44dcddd35130645f49d5acbcaf8f54d6bdce99b04b993f57d3eb9
source-identity-declaration-20260808T050813+0800-b2487b6c41a5,ZI-ad198a04fff4d73bef09be27,DS-000226,数据库元数据,ETH,4小时;8小时;24小时;48小时,15分钟;1小时,未知,未知,未知,未知,未知,未知,未知,未知,未知,未登记,无,config/数据/来源身份声明补采.json#身份声明[],25925ef8f47870540a3333c51fe109509d1892a094f19e7ed97ee9e9ac0bbbe7,6a81bb21010d297d98dd3ec7d464e7118f4b2d9fe881e05831f744f092a7bb21,未知,未知,b3a1fc5ec72ad95e258b584f936ad46befab951e0ee9e43eaa18179e34974387,无法判定,DATABASE_METADATA_IDENTITY_UNPROVEN,本批次只读；若声明、输入、Schema或授权漂移，既有结论自动失效并须追加新批次,未读取业务正文、价格、成交、订单簿、账户或凭据；身份字段不完整,为该成员提供当前版本九字段声明及逐字段Schema、授权和唯一证据定位后追加不可变批次,2d50c1344a835ceeb832796935182aeff80bb03cecc5465c8cf3aaccbd446acd,86129966e4bc55fac18f2d7602a2309d4403f85861102128a56a80a5a0ccc1ea,80f267585eec0abbe827c3e9c2e4df0c5e6c14283b92f264f16cb022bd114bf5
source-identity-declaration-20260808T050813+0800-b2487b6c41a5,ZI-4b36343f1d86304b4e4f560c,DS-000227,数据库元数据,ETH,4小时;8小时;24小时;48小时,15分钟;1小时,未知,未知,未知,未知,未知,未知,未知,未知,未知,未登记,无,config/数据/来源身份声明补采.json#身份声明[],25925ef8f47870540a3333c51fe109509d1892a094f19e7ed97ee9e9ac0bbbe7,2ac0c84203efd9c2735cdb91f464d07bc39ee71c28da7cdc8cf4b0a2c0c359f7,未知,未知,b3a1fc5ec72ad95e258b584f936ad46befab951e0ee9e43eaa18179e34974387,无法判定,DATABASE_METADATA_IDENTITY_UNPROVEN,本批次只读；若声明、输入、Schema或授权漂移，既有结论自动失效并须追加新批次,未读取业务正文、价格、成交、订单簿、账户或凭据；身份字段不完整,为该成员提供当前版本九字段声明及逐字段Schema、授权和唯一证据定位后追加不可变批次,2d50c1344a835ceeb832796935182aeff80bb03cecc5465c8cf3aaccbd446acd,86129966e4bc55fac18f2d7602a2309d4403f85861102128a56a80a5a0ccc1ea,8ee137d8ab301fe22e6c722ca509a6bb67e8889608184ea7bb44e96d56528249
source-identity-declaration-20260808T050813+0800-b2487b6c41a5,ZI-14ef909ee974f036bc532048,DS-000228,数据库元数据,ETH,4小时;8小时;24小时;48小时,15分钟;1小时,未知,未知,未知,未知,未知,未知,未知,未知,未知,未登记,无,config/数据/来源身份声明补采.json#身份声明[],25925ef8f47870540a3333c51fe109509d1892a094f19e7ed97ee9e9ac0bbbe7,ded39db7f820476590ee31689b0e683dd170115a1af80b15191867fc8cfc2848,未知,未知,b3a1fc5ec72ad95e258b584f936ad46befab951e0ee9e43eaa18179e34974387,无法判定,DATABASE_METADATA_IDENTITY_UNPROVEN,本批次只读；若声明、输入、Schema或授权漂移，既有结论自动失效并须追加新批次,未读取业务正文、价格、成交、订单簿、账户或凭据；身份字段不完整,为该成员提供当前版本九字段声明及逐字段Schema、授权和唯一证据定位后追加不可变批次,2d50c1344a835ceeb832796935182aeff80bb03cecc5465c8cf3aaccbd446acd,86129966e4bc55fac18f2d7602a2309d4403f85861102128a56a80a5a0ccc1ea,804684666fb43439f3959445837aa13ee6147efb7d84f02982eb0022f1c712f4
source-identity-declaration-20260808T050813+0800-b2487b6c41a5,ZI-66a219ffac06bb9ab7fa2300,DS-000229,数据库元数据,ETH,4小时;8小时;24小时;48小时,15分钟;1小时,未知,未知,未知,未知,未知,未知,未知,未知,未知,未登记,无,config/数据/来源身份声明补采.json#身份声明[],25925ef8f47870540a3333c51fe109509d1892a094f19e7ed97ee9e9ac0bbbe7,f92abe1336fcf2463981b9bf09595da91c6642688d884b9321950c809461e668,未知,未知,b3a1fc5ec72ad95e258b584f936ad46befab951e0ee9e43eaa18179e34974387,无法判定,DATABASE_METADATA_IDENTITY_UNPROVEN,本批次只读；若声明、输入、Schema或授权漂移，既有结论自动失效并须追加新批次,未读取业务正文、价格、成交、订单簿、账户或凭据；身份字段不完整,为该成员提供当前版本九字段声明及逐字段Schema、授权和唯一证据定位后追加不可变批次,2d50c1344a835ceeb832796935182aeff80bb03cecc5465c8cf3aaccbd446acd,86129966e4bc55fac18f2d7602a2309d4403f85861102128a56a80a5a0ccc1ea,c7d36c6fd46c55abc4eb47c19a58a75ca30fda7d5ebdcb8b44086b94aea133d9
source-identity-declaration-20260808T050813+0800-b2487b6c41a5,ZI-79977c0de5fa10baeb4e2036,DS-000230,数据库元数据,ETH,4小时;8小时;24小时;48小时,15分钟;1小时,未知,未知,未知,未知,未知,未知,未知,未知,未知,未登记,无,config/数据/来源身份声明补采.json#身份声明[],25925ef8f47870540a3333c51fe109509d1892a094f19e7ed97ee9e9ac0bbbe7,696fc7c4311abe694bffc605e03c287a75b809028054b2796902f493ea776b60,未知,未知,b3a1fc5ec72ad95e258b584f936ad46befab951e0ee9e43eaa18179e34974387,无法判定,DATABASE_METADATA_IDENTITY_UNPROVEN,本批次只读；若声明、输入、Schema或授权漂移，既有结论自动失效并须追加新批次,未读取业务正文、价格、成交、订单簿、账户或凭据；身份字段不完整,为该成员提供当前版本九字段声明及逐字段Schema、授权和唯一证据定位后追加不可变批次,2d50c1344a835ceeb832796935182aeff80bb03cecc5465c8cf3aaccbd446acd,86129966e4bc55fac18f2d7602a2309d4403f85861102128a56a80a5a0ccc1ea,03b802f7d60954a5a78a1d8697503d536f13ebd3e6423b06bc0e2550b27c299b
source-identity-declaration-20260808T050813+0800-b2487b6c41a5,ZI-c0029613c3870423b45b1788,DS-000231,数据库元数据,ETH,4小时;8小时;24小时;48小时,15分钟;1小时,未知,未知,未知,未知,未知,未知,未知,未知,未知,未登记,无,config/数据/来源身份声明补采.json#身份声明[],25925ef8f47870540a3333c51fe109509d1892a094f19e7ed97ee9e9ac0bbbe7,1ddffa1f0f31556fe0d2dc68a47c93c046bfcfab4dcad6b6413e954c85a567ce,未知,未知,b3a1fc5ec72ad95e258b584f936ad46befab951e0ee9e43eaa18179e34974387,无法判定,DATABASE_METADATA_IDENTITY_UNPROVEN,本批次只读；若声明、输入、Schema或授权漂移，既有结论自动失效并须追加新批次,未读取业务正文、价格、成交、订单簿、账户或凭据；身份字段不完整,为该成员提供当前版本九字段声明及逐字段Schema、授权和唯一证据定位后追加不可变批次,2d50c1344a835ceeb832796935182aeff80bb03cecc5465c8cf3aaccbd446acd,86129966e4bc55fac18f2d7602a2309d4403f85861102128a56a80a5a0ccc1ea,56be9d7d6be6694eae6ba7eaff1526d82f65145c62f8c07f6b81999d9ac78306
source-identity-declaration-20260808T050813+0800-b2487b6c41a5,ZI-cf8e84baeb622787ac41dc30,DS-000232,数据库元数据,ETH,4小时;8小时;24小时;48小时,15分钟;1小时,未知,未知,未知,未知,未知,未知,未知,未知,未知,未登记,无,config/数据/来源身份声明补采.json#身份声明[],25925ef8f47870540a3333c51fe109509d1892a094f19e7ed97ee9e9ac0bbbe7,d5e98969dd30d95cf796e35f21a830b2e8ab6decb9c18e07dba58527efbd0f89,未知,未知,b3a1fc5ec72ad95e258b584f936ad46befab951e0ee9e43eaa18179e34974387,无法判定,DATABASE_METADATA_IDENTITY_UNPROVEN,本批次只读；若声明、输入、Schema或授权漂移，既有结论自动失效并须追加新批次,未读取业务正文、价格、成交、订单簿、账户或凭据；身份字段不完整,为该成员提供当前版本九字段声明及逐字段Schema、授权和唯一证据定位后追加不可变批次,2d50c1344a835ceeb832796935182aeff80bb03cecc5465c8cf3aaccbd446acd,86129966e4bc55fac18f2d7602a2309d4403f85861102128a56a80a5a0ccc1ea,0504dd685a9bf7b2f769c0222ab760e16939e6a49d26cbd8346e9b23e0fa1e33
source-identity-declaration-20260808T050813+0800-b2487b6c41a5,ZI-6e16822db392394cabe67d99,DS-000233,数据库元数据,ETH,4小时;8小时;24小时;48小时,15分钟;1小时,未知,未知,未知,未知,未知,未知,未知,未知,未知,未登记,无,config/数据/来源身份声明补采.json#身份声明[],25925ef8f47870540a3333c51fe109509d1892a094f19e7ed97ee9e9ac0bbbe7,72e7313ef8e524b350b1ace10c8d6b8626b5188e0d1dd969dfa6e1b8fcbd5739,未知,未知,b3a1fc5ec72ad95e258b584f936ad46befab951e0ee9e43eaa18179e34974387,无法判定,DATABASE_METADATA_IDENTITY_UNPROVEN,本批次只读；若声明、输入、Schema或授权漂移，既有结论自动失效并须追加新批次,未读取业务正文、价格、成交、订单簿、账户或凭据；身份字段不完整,为该成员提供当前版本九字段声明及逐字段Schema、授权和唯一证据定位后追加不可变批次,2d50c1344a835ceeb832796935182aeff80bb03cecc5465c8cf3aaccbd446acd,86129966e4bc55fac18f2d7602a2309d4403f85861102128a56a80a5a0ccc1ea,c9fed7d350e68e2594c84f7bc84b8bfdc0eb67ddcaaac7519e3900d2e14cbfc5
source-identity-declaration-20260808T050813+0800-b2487b6c41a5,ZI-8bf3b7f49e84f911829251ed,DS-000234,数据库元数据,ETH,4小时;8小时;24小时;48小时,15分钟;1小时,未知,未知,未知,未知,未知,未知,未知,未知,未知,未登记,无,config/数据/来源身份声明补采.json#身份声明[],25925ef8f47870540a3333c51fe109509d1892a094f19e7ed97ee9e9ac0bbbe7,32b66f7841fcfd1a8692bb0602413683c771ac914082faa7548d5a3cd7b46044,未知,未知,b3a1fc5ec72ad95e258b584f936ad46befab951e0ee9e43eaa18179e34974387,无法判定,DATABASE_METADATA_IDENTITY_UNPROVEN,本批次只读；若声明、输入、Schema或授权漂移，既有结论自动失效并须追加新批次,未读取业务正文、价格、成交、订单簿、账户或凭据；身份字段不完整,为该成员提供当前版本九字段声明及逐字段Schema、授权和唯一证据定位后追加不可变批次,2d50c1344a835ceeb832796935182aeff80bb03cecc5465c8cf3aaccbd446acd,86129966e4bc55fac18f2d7602a2309d4403f85861102128a56a80a5a0ccc1ea,bf4e36064155397c7e4a376e8dabf0cc9b0bd8622b0027fdd284b41311c9dff6
source-identity-declaration-20260808T050813+0800-b2487b6c41a5,ZI-d1584d0aeceda26db63c8b11,DS-000235,数据库元数据,ETH,4小时;8小时;24小时;48小时,15分钟;1小时,未知,未知,未知,未知,未知,未知,未知,未知,未知,未登记,无,config/数据/来源身份声明补采.json#身份声明[],25925ef8f47870540a3333c51fe109509d1892a094f19e7ed97ee9e9ac0bbbe7,f1c5147a2e34f6ba05d99991d7e96b60372cf8f3587d7274a6e8f0c390e7197f,未知,未知,b3a1fc5ec72ad95e258b584f936ad46befab951e0ee9e43eaa18179e34974387,无法判定,DATABASE_METADATA_IDENTITY_UNPROVEN,本批次只读；若声明、输入、Schema或授权漂移，既有结论自动失效并须追加新批次,未读取业务正文、价格、成交、订单簿、账户或凭据；身份字段不完整,为该成员提供当前版本九字段声明及逐字段Schema、授权和唯一证据定位后追加不可变批次,2d50c1344a835ceeb832796935182aeff80bb03cecc5465c8cf3aaccbd446acd,86129966e4bc55fac18f2d7602a2309d4403f85861102128a56a80a5a0ccc1ea,2de1cf543c18a0f44cdba1eb8b61ab8c75fb9ab0abc93ba49813ae58d27cbb84
source-identity-declaration-20260808T050813+0800-b2487b6c41a5,ZI-5e6e454a508063ea931295ff,DS-000236,数据库元数据,ETH,4小时;8小时;24小时;48小时,15分钟;1小时,未知,未知,未知,未知,未知,未知,未知,未知,未知,未登记,无,config/数据/来源身份声明补采.json#身份声明[],25925ef8f47870540a3333c51fe109509d1892a094f19e7ed97ee9e9ac0bbbe7,98b039adcd5656df11f65ee44b7131ebc40f5750a04b7327545e42606758bd44,未知,未知,b3a1fc5ec72ad95e258b584f936ad46befab951e0ee9e43eaa18179e34974387,无法判定,DATABASE_METADATA_IDENTITY_UNPROVEN,本批次只读；若声明、输入、Schema或授权漂移，既有结论自动失效并须追加新批次,未读取业务正文、价格、成交、订单簿、账户或凭据；身份字段不完整,为该成员提供当前版本九字段声明及逐字段Schema、授权和唯一证据定位后追加不可变批次,2d50c1344a835ceeb832796935182aeff80bb03cecc5465c8cf3aaccbd446acd,86129966e4bc55fac18f2d7602a2309d4403f85861102128a56a80a5a0ccc1ea,1e94ee4850fac910cadcc7c67b5b645552f373a8d9ad2e94d4c2977b8fd36627
source-identity-declaration-20260808T050813+0800-b2487b6c41a5,ZI-df85df71f25df1fb06f98422,DS-000237,数据库元数据,ETH,4小时;8小时;24小时;48小时,15分钟;1小时,未知,未知,未知,未知,未知,未知,未知,未知,未知,未登记,无,config/数据/来源身份声明补采.json#身份声明[],25925ef8f47870540a3333c51fe109509d1892a094f19e7ed97ee9e9ac0bbbe7,3726607d3f48f439672a2470687cbdc27e1513ae4716fbfd7ecfe895db4d10f7,未知,未知,b3a1fc5ec72ad95e258b584f936ad46befab951e0ee9e43eaa18179e34974387,无法判定,DATABASE_METADATA_IDENTITY_UNPROVEN,本批次只读；若声明、输入、Schema或授权漂移，既有结论自动失效并须追加新批次,未读取业务正文、价格、成交、订单簿、账户或凭据；身份字段不完整,为该成员提供当前版本九字段声明及逐字段Schema、授权和唯一证据定位后追加不可变批次,2d50c1344a835ceeb832796935182aeff80bb03cecc5465c8cf3aaccbd446acd,86129966e4bc55fac18f2d7602a2309d4403f85861102128a56a80a5a0ccc1ea,d7dd0a24881fabc40195549ced4667c716c03185b18fbbecb0a752547ff2e720
source-identity-declaration-20260808T050813+0800-b2487b6c41a5,ZI-1194b87b58ecebc3c28008ce,DS-000238,数据库元数据,ETH,4小时;8小时;24小时;48小时,15分钟;1小时,未知,未知,未知,未知,未知,未知,未知,未知,未知,未登记,无,config/数据/来源身份声明补采.json#身份声明[],25925ef8f47870540a3333c51fe109509d1892a094f19e7ed97ee9e9ac0bbbe7,270b961e9a166bcdca4fcdee14c4cd7f0f1ad86a75cdc3960672ad622cba43ea,未知,未知,b3a1fc5ec72ad95e258b584f936ad46befab951e0ee9e43eaa18179e34974387,无法判定,DATABASE_METADATA_IDENTITY_UNPROVEN,本批次只读；若声明、输入、Schema或授权漂移，既有结论自动失效并须追加新批次,未读取业务正文、价格、成交、订单簿、账户或凭据；身份字段不完整,为该成员提供当前版本九字段声明及逐字段Schema、授权和唯一证据定位后追加不可变批次,2d50c1344a835ceeb832796935182aeff80bb03cecc5465c8cf3aaccbd446acd,86129966e4bc55fac18f2d7602a2309d4403f85861102128a56a80a5a0ccc1ea,250ce6647e31621bac25860cc11bc1922208ad285fd0b0c03502bb50ca19d057
source-identity-declaration-20260808T050813+0800-b2487b6c41a5,ZI-2cfe46f1735ab9707d4c09ab,DS-000239,数据库元数据,ETH,4小时;8小时;24小时;48小时,15分钟;1小时,未知,未知,未知,未知,未知,未知,未知,未知,未知,未登记,无,config/数据/来源身份声明补采.json#身份声明[],25925ef8f47870540a3333c51fe109509d1892a094f19e7ed97ee9e9ac0bbbe7,117aa34fd7e4061134b2f25dd7f0a2b0d1efa63bd4819c4778a897f004e66d14,未知,未知,b3a1fc5ec72ad95e258b584f936ad46befab951e0ee9e43eaa18179e34974387,无法判定,DATABASE_METADATA_IDENTITY_UNPROVEN,本批次只读；若声明、输入、Schema或授权漂移，既有结论自动失效并须追加新批次,未读取业务正文、价格、成交、订单簿、账户或凭据；身份字段不完整,为该成员提供当前版本九字段声明及逐字段Schema、授权和唯一证据定位后追加不可变批次,2d50c1344a835ceeb832796935182aeff80bb03cecc5465c8cf3aaccbd446acd,86129966e4bc55fac18f2d7602a2309d4403f85861102128a56a80a5a0ccc1ea,656f7e65a3c288c320ea307e1602f6afbf63f2382f98794d9f2035c88ad80c2a
source-identity-declaration-20260808T050813+0800-b2487b6c41a5,ZI-c2a1b190eb6f6e39d8e7307b,DS-000240,数据库元数据,ETH,4小时;8小时;24小时;48小时,15分钟;1小时,未知,未知,未知,未知,未知,未知,未知,未知,未知,未登记,无,config/数据/来源身份声明补采.json#身份声明[],25925ef8f47870540a3333c51fe109509d1892a094f19e7ed97ee9e9ac0bbbe7,a9f656490ddb8a2c0687c98bf185161c1ff4e8545620daade42c31f3b709cd45,未知,未知,b3a1fc5ec72ad95e258b584f936ad46befab951e0ee9e43eaa18179e34974387,无法判定,DATABASE_METADATA_IDENTITY_UNPROVEN,本批次只读；若声明、输入、Schema或授权漂移，既有结论自动失效并须追加新批次,未读取业务正文、价格、成交、订单簿、账户或凭据；身份字段不完整,为该成员提供当前版本九字段声明及逐字段Schema、授权和唯一证据定位后追加不可变批次,2d50c1344a835ceeb832796935182aeff80bb03cecc5465c8cf3aaccbd446acd,86129966e4bc55fac18f2d7602a2309d4403f85861102128a56a80a5a0ccc1ea,1fb097f8a700fc6bd1a3cafdeb7dea7e66cccdf5ec9fa0a80733b3c4c2b4ad15
source-identity-declaration-20260808T050813+0800-b2487b6c41a5,ZI-ae83f52ffad4d799cef96c15,DS-000241,数据库元数据,ETH,4小时;8小时;24小时;48小时,15分钟;1小时,未知,未知,未知,未知,未知,未知,未知,未知,未知,未登记,无,config/数据/来源身份声明补采.json#身份声明[],25925ef8f47870540a3333c51fe109509d1892a094f19e7ed97ee9e9ac0bbbe7,a3b0dc868567565fbc694d34c2bfbe290d8bce78d7aa8020914d094b03202ca2,未知,未知,b3a1fc5ec72ad95e258b584f936ad46befab951e0ee9e43eaa18179e34974387,无法判定,DATABASE_METADATA_IDENTITY_UNPROVEN,本批次只读；若声明、输入、Schema或授权漂移，既有结论自动失效并须追加新批次,未读取业务正文、价格、成交、订单簿、账户或凭据；身份字段不完整,为该成员提供当前版本九字段声明及逐字段Schema、授权和唯一证据定位后追加不可变批次,2d50c1344a835ceeb832796935182aeff80bb03cecc5465c8cf3aaccbd446acd,86129966e4bc55fac18f2d7602a2309d4403f85861102128a56a80a5a0ccc1ea,68bec337fdb88e647bf30f915aa39c6a17d90f1fb5efff7ad577e39da2bfaacf
source-identity-declaration-20260808T050813+0800-b2487b6c41a5,ZI-c0132a1ecf9a90f96d882e21,DS-000242,数据库元数据,ETH,4小时;8小时;24小时;48小时,15分钟;1小时,未知,未知,未知,未知,未知,未知,未知,未知,未知,未登记,无,config/数据/来源身份声明补采.json#身份声明[],25925ef8f47870540a3333c51fe109509d1892a094f19e7ed97ee9e9ac0bbbe7,f06d1d1e6c27a45590fca5ee63f74b8db5c230132951c25768af2fdb002dade8,未知,未知,b3a1fc5ec72ad95e258b584f936ad46befab951e0ee9e43eaa18179e34974387,无法判定,DATABASE_METADATA_IDENTITY_UNPROVEN,本批次只读；若声明、输入、Schema或授权漂移，既有结论自动失效并须追加新批次,未读取业务正文、价格、成交、订单簿、账户或凭据；身份字段不完整,为该成员提供当前版本九字段声明及逐字段Schema、授权和唯一证据定位后追加不可变批次,2d50c1344a835ceeb832796935182aeff80bb03cecc5465c8cf3aaccbd446acd,86129966e4bc55fac18f2d7602a2309d4403f85861102128a56a80a5a0ccc1ea,1f65b0e4b0247bc1de7b4a98ff795fbc2e47fe14f9f3652f86db09668c394b53
source-identity-declaration-20260808T050813+0800-b2487b6c41a5,ZI-3df61827b10e5aad02eaefeb,DS-000243,数据库元数据,ETH,4小时;8小时;24小时;48小时,15分钟;1小时,未知,未知,未知,未知,未知,未知,未知,未知,未知,未登记,无,config/数据/来源身份声明补采.json#身份声明[],25925ef8f47870540a3333c51fe109509d1892a094f19e7ed97ee9e9ac0bbbe7,8f2d433fc50cdb27ebcc8696c2f8aae7aee08cdc738e7e73e2445894e0b6429e,未知,未知,b3a1fc5ec72ad95e258b584f936ad46befab951e0ee9e43eaa18179e34974387,无法判定,DATABASE_METADATA_IDENTITY_UNPROVEN,本批次只读；若声明、输入、Schema或授权漂移，既有结论自动失效并须追加新批次,未读取业务正文、价格、成交、订单簿、账户或凭据；身份字段不完整,为该成员提供当前版本九字段声明及逐字段Schema、授权和唯一证据定位后追加不可变批次,2d50c1344a835ceeb832796935182aeff80bb03cecc5465c8cf3aaccbd446acd,86129966e4bc55fac18f2d7602a2309d4403f85861102128a56a80a5a0ccc1ea,2111aad3a99d7e03cc92bda8b9866fa5f6816acf4005e058c008080f1f082696
source-identity-declaration-20260808T050813+0800-b2487b6c41a5,ZI-6ce4484efa53e7ff44eb2c25,DS-000244,数据库元数据,ETH,4小时;8小时;24小时;48小时,15分钟;1小时,未知,未知,未知,未知,未知,未知,未知,未知,未知,未登记,无,config/数据/来源身份声明补采.json#身份声明[],25925ef8f47870540a3333c51fe109509d1892a094f19e7ed97ee9e9ac0bbbe7,d9ccf842fc989b8040673df44f01abefc569defc18f83e6d9c5d50fe594be145,未知,未知,b3a1fc5ec72ad95e258b584f936ad46befab951e0ee9e43eaa18179e34974387,无法判定,DATABASE_METADATA_IDENTITY_UNPROVEN,本批次只读；若声明、输入、Schema或授权漂移，既有结论自动失效并须追加新批次,未读取业务正文、价格、成交、订单簿、账户或凭据；身份字段不完整,为该成员提供当前版本九字段声明及逐字段Schema、授权和唯一证据定位后追加不可变批次,2d50c1344a835ceeb832796935182aeff80bb03cecc5465c8cf3aaccbd446acd,86129966e4bc55fac18f2d7602a2309d4403f85861102128a56a80a5a0ccc1ea,19cc872e0ec996ee7df5be52f1158fa61be273a2c8c066ed2d9cc86791cf6054
source-identity-declaration-20260808T050813+0800-b2487b6c41a5,ZI-087e7743eeecff587810b73c,DS-000245,数据库元数据,ETH,4小时;8小时;24小时;48小时,15分钟;1小时,未知,未知,未知,未知,未知,未知,未知,未知,未知,未登记,无,config/数据/来源身份声明补采.json#身份声明[],25925ef8f47870540a3333c51fe109509d1892a094f19e7ed97ee9e9ac0bbbe7,4a802128b530c664d2cce4467dc90608e80c54df2148a9807f2f73c198908494,未知,未知,b3a1fc5ec72ad95e258b584f936ad46befab951e0ee9e43eaa18179e34974387,无法判定,DATABASE_METADATA_IDENTITY_UNPROVEN,本批次只读；若声明、输入、Schema或授权漂移，既有结论自动失效并须追加新批次,未读取业务正文、价格、成交、订单簿、账户或凭据；身份字段不完整,为该成员提供当前版本九字段声明及逐字段Schema、授权和唯一证据定位后追加不可变批次,2d50c1344a835ceeb832796935182aeff80bb03cecc5465c8cf3aaccbd446acd,86129966e4bc55fac18f2d7602a2309d4403f85861102128a56a80a5a0ccc1ea,8662306a067e5b331cd953f4aa4bcff9a94ccbe6e57b2d7784b45e213a1b1dc4
source-identity-declaration-20260808T050813+0800-b2487b6c41a5,ZI-eaa396b6b41356431fa8c73f,DS-000246,数据库元数据,ETH,4小时;8小时;24小时;48小时,15分钟;1小时,未知,未知,未知,未知,未知,未知,未知,未知,未知,未登记,无,config/数据/来源身份声明补采.json#身份声明[],25925ef8f47870540a3333c51fe109509d1892a094f19e7ed97ee9e9ac0bbbe7,7d64dde1f25c3737f64198c66faf0e6ab439a60473cdaa8f3b366cc1220a7b34,未知,未知,b3a1fc5ec72ad95e258b584f936ad46befab951e0ee9e43eaa18179e34974387,无法判定,DATABASE_METADATA_IDENTITY_UNPROVEN,本批次只读；若声明、输入、Schema或授权漂移，既有结论自动失效并须追加新批次,未读取业务正文、价格、成交、订单簿、账户或凭据；身份字段不完整,为该成员提供当前版本九字段声明及逐字段Schema、授权和唯一证据定位后追加不可变批次,2d50c1344a835ceeb832796935182aeff80bb03cecc5465c8cf3aaccbd446acd,86129966e4bc55fac18f2d7602a2309d4403f85861102128a56a80a5a0ccc1ea,a94ff314b272f18e79925f682219956f5e62c8d7d7baa3ba2882996cc187870b
source-identity-declaration-20260808T050813+0800-b2487b6c41a5,ZI-a5d529e526179f5aab36b504,DS-000247,数据库元数据,ETH,4小时;8小时;24小时;48小时,15分钟;1小时,未知,未知,未知,未知,未知,未知,未知,未知,未知,未登记,无,config/数据/来源身份声明补采.json#身份声明[],25925ef8f47870540a3333c51fe109509d1892a094f19e7ed97ee9e9ac0bbbe7,87e80f8fb7aa338d10f9ea15efd48b34ebc42084728e9ba9869fa6a7eb4ca114,未知,未知,b3a1fc5ec72ad95e258b584f936ad46befab951e0ee9e43eaa18179e34974387,无法判定,DATABASE_METADATA_IDENTITY_UNPROVEN,本批次只读；若声明、输入、Schema或授权漂移，既有结论自动失效并须追加新批次,未读取业务正文、价格、成交、订单簿、账户或凭据；身份字段不完整,为该成员提供当前版本九字段声明及逐字段Schema、授权和唯一证据定位后追加不可变批次,2d50c1344a835ceeb832796935182aeff80bb03cecc5465c8cf3aaccbd446acd,86129966e4bc55fac18f2d7602a2309d4403f85861102128a56a80a5a0ccc1ea,7b5b84c72217d44f43ab55a0327fbb7e82905f56e1c81e9c92bf8d70fbf1f6ea
source-identity-declaration-20260808T050813+0800-b2487b6c41a5,ZI-f72d093effc7a5df77a24e15,DS-000248,数据库元数据,ETH,4小时;8小时;24小时;48小时,15分钟;1小时,未知,未知,未知,未知,未知,未知,未知,未知,未知,未登记,无,config/数据/来源身份声明补采.json#身份声明[],25925ef8f47870540a3333c51fe109509d1892a094f19e7ed97ee9e9ac0bbbe7,65611c0f1bf5e4f18dfc700ed64ff077d3d9c24f54cb2862a98fe7bafda25358,未知,未知,b3a1fc5ec72ad95e258b584f936ad46befab951e0ee9e43eaa18179e34974387,无法判定,DATABASE_METADATA_IDENTITY_UNPROVEN,本批次只读；若声明、输入、Schema或授权漂移，既有结论自动失效并须追加新批次,未读取业务正文、价格、成交、订单簿、账户或凭据；身份字段不完整,为该成员提供当前版本九字段声明及逐字段Schema、授权和唯一证据定位后追加不可变批次,2d50c1344a835ceeb832796935182aeff80bb03cecc5465c8cf3aaccbd446acd,86129966e4bc55fac18f2d7602a2309d4403f85861102128a56a80a5a0ccc1ea,e53c96680b6c58029e9d5bed4feb79e716bc4b84a16fafdffa3b4d30e434abd4
source-identity-declaration-20260808T050813+0800-b2487b6c41a5,ZI-3a704542de2b0358f6385dd1,DS-000249,数据库元数据,ETH,4小时;8小时;24小时;48小时,15分钟;1小时,未知,未知,未知,未知,未知,未知,未知,未知,未知,未登记,无,config/数据/来源身份声明补采.json#身份声明[],25925ef8f47870540a3333c51fe109509d1892a094f19e7ed97ee9e9ac0bbbe7,aca809161e20675328dc217edad64dd8dba9342aab44d915bd0e824c22863f5e,未知,未知,b3a1fc5ec72ad95e258b584f936ad46befab951e0ee9e43eaa18179e34974387,无法判定,DATABASE_METADATA_IDENTITY_UNPROVEN,本批次只读；若声明、输入、Schema或授权漂移，既有结论自动失效并须追加新批次,未读取业务正文、价格、成交、订单簿、账户或凭据；身份字段不完整,为该成员提供当前版本九字段声明及逐字段Schema、授权和唯一证据定位后追加不可变批次,2d50c1344a835ceeb832796935182aeff80bb03cecc5465c8cf3aaccbd446acd,86129966e4bc55fac18f2d7602a2309d4403f85861102128a56a80a5a0ccc1ea,599e659f00e6139305604a0ed5f8ecf441c06c2cd1198ac75b9f308888d45c4f
source-identity-declaration-20260808T050813+0800-b2487b6c41a5,ZI-f218e1c853f5de10621f560f,DS-000250,数据库元数据,ETH,4小时;8小时;24小时;48小时,15分钟;1小时,未知,未知,未知,未知,未知,未知,未知,未知,未知,未登记,无,config/数据/来源身份声明补采.json#身份声明[],25925ef8f47870540a3333c51fe109509d1892a094f19e7ed97ee9e9ac0bbbe7,ecb0dcb61e3f9dae7d3cae5c9d7891232f850e3a93e93c3a61f67948dbb25d6e,未知,未知,b3a1fc5ec72ad95e258b584f936ad46befab951e0ee9e43eaa18179e34974387,无法判定,DATABASE_METADATA_IDENTITY_UNPROVEN,本批次只读；若声明、输入、Schema或授权漂移，既有结论自动失效并须追加新批次,未读取业务正文、价格、成交、订单簿、账户或凭据；身份字段不完整,为该成员提供当前版本九字段声明及逐字段Schema、授权和唯一证据定位后追加不可变批次,2d50c1344a835ceeb832796935182aeff80bb03cecc5465c8cf3aaccbd446acd,86129966e4bc55fac18f2d7602a2309d4403f85861102128a56a80a5a0ccc1ea,f71b52a370197cae5f83c83a3d175d77e03ff93229a00032bf1707719f438dd5
source-identity-declaration-20260808T050813+0800-b2487b6c41a5,ZI-40198d2754da97536a9ad6ce,DS-000251,数据库元数据,ETH,4小时;8小时;24小时;48小时,15分钟;1小时,未知,未知,未知,未知,未知,未知,未知,未知,未知,未登记,无,config/数据/来源身份声明补采.json#身份声明[],25925ef8f47870540a3333c51fe109509d1892a094f19e7ed97ee9e9ac0bbbe7,b816107fcd9458244e66909d10efec6cd8e2accda1bfe58a8fbf9a0669c0dd53,未知,未知,b3a1fc5ec72ad95e258b584f936ad46befab951e0ee9e43eaa18179e34974387,无法判定,DATABASE_METADATA_IDENTITY_UNPROVEN,本批次只读；若声明、输入、Schema或授权漂移，既有结论自动失效并须追加新批次,未读取业务正文、价格、成交、订单簿、账户或凭据；身份字段不完整,为该成员提供当前版本九字段声明及逐字段Schema、授权和唯一证据定位后追加不可变批次,2d50c1344a835ceeb832796935182aeff80bb03cecc5465c8cf3aaccbd446acd,86129966e4bc55fac18f2d7602a2309d4403f85861102128a56a80a5a0ccc1ea,e2adb61749d9f5ef3136ab4dd8e96d7db1532525962550310cc8a9a956630d36
source-identity-declaration-20260808T050813+0800-b2487b6c41a5,ZI-33f93e20269b5fc9790af097,DS-000252,数据库元数据,ETH,4小时;8小时;24小时;48小时,15分钟;1小时,未知,未知,未知,未知,未知,未知,未知,未知,未知,未登记,无,config/数据/来源身份声明补采.json#身份声明[],25925ef8f47870540a3333c51fe109509d1892a094f19e7ed97ee9e9ac0bbbe7,98ba0e71e4eea4203f58a3df83e1469c57532861305d2639da67bd3bb490d481,未知,未知,b3a1fc5ec72ad95e258b584f936ad46befab951e0ee9e43eaa18179e34974387,无法判定,DATABASE_METADATA_IDENTITY_UNPROVEN,本批次只读；若声明、输入、Schema或授权漂移，既有结论自动失效并须追加新批次,未读取业务正文、价格、成交、订单簿、账户或凭据；身份字段不完整,为该成员提供当前版本九字段声明及逐字段Schema、授权和唯一证据定位后追加不可变批次,2d50c1344a835ceeb832796935182aeff80bb03cecc5465c8cf3aaccbd446acd,86129966e4bc55fac18f2d7602a2309d4403f85861102128a56a80a5a0ccc1ea,111d16027d3f496b63cca627a59667186d2b3aa3e474d4c4ea63ca5d17a90285
source-identity-declaration-20260808T050813+0800-b2487b6c41a5,ZI-323348d30ce7bec199813155,DS-000253,数据库元数据,ETH,4小时;8小时;24小时;48小时,15分钟;1小时,未知,未知,未知,未知,未知,未知,未知,未知,未知,未登记,无,config/数据/来源身份声明补采.json#身份声明[],25925ef8f47870540a3333c51fe109509d1892a094f19e7ed97ee9e9ac0bbbe7,6218f5ae411a9a1c1d8031e34c1091dea2dc3f9d8700a756d1665b4011c480c1,未知,未知,b3a1fc5ec72ad95e258b584f936ad46befab951e0ee9e43eaa18179e34974387,无法判定,DATABASE_METADATA_IDENTITY_UNPROVEN,本批次只读；若声明、输入、Schema或授权漂移，既有结论自动失效并须追加新批次,未读取业务正文、价格、成交、订单簿、账户或凭据；身份字段不完整,为该成员提供当前版本九字段声明及逐字段Schema、授权和唯一证据定位后追加不可变批次,2d50c1344a835ceeb832796935182aeff80bb03cecc5465c8cf3aaccbd446acd,86129966e4bc55fac18f2d7602a2309d4403f85861102128a56a80a5a0ccc1ea,b117c5ae85bd5638e8a315a9833f93bcedd961dfe15bd2a6f5d8d449a9b3f047
source-identity-declaration-20260808T050813+0800-b2487b6c41a5,ZI-d041bd8293d10482fe6e3302,DS-000254,数据库元数据,ETH,4小时;8小时;24小时;48小时,15分钟;1小时,未知,未知,未知,未知,未知,未知,未知,未知,未知,未登记,无,config/数据/来源身份声明补采.json#身份声明[],25925ef8f47870540a3333c51fe109509d1892a094f19e7ed97ee9e9ac0bbbe7,8fb55f44c4dc05cd2f2f0afb77a649faa69a0513e90690925d91bf432e4f30ff,未知,未知,b3a1fc5ec72ad95e258b584f936ad46befab951e0ee9e43eaa18179e34974387,无法判定,DATABASE_METADATA_IDENTITY_UNPROVEN,本批次只读；若声明、输入、Schema或授权漂移，既有结论自动失效并须追加新批次,未读取业务正文、价格、成交、订单簿、账户或凭据；身份字段不完整,为该成员提供当前版本九字段声明及逐字段Schema、授权和唯一证据定位后追加不可变批次,2d50c1344a835ceeb832796935182aeff80bb03cecc5465c8cf3aaccbd446acd,86129966e4bc55fac18f2d7602a2309d4403f85861102128a56a80a5a0ccc1ea,bb1a55ddb51b490233d4347162611f840df59dd1db336bac3cecd88af6f10bf8
source-identity-declaration-20260808T050813+0800-b2487b6c41a5,ZI-3a7f47e5cb0b222a091588ca,DS-000255,数据库元数据,ETH,4小时;8小时;24小时;48小时,15分钟;1小时,未知,未知,未知,未知,未知,未知,未知,未知,未知,未登记,无,config/数据/来源身份声明补采.json#身份声明[],25925ef8f47870540a3333c51fe109509d1892a094f19e7ed97ee9e9ac0bbbe7,97c901f301044a2160dd66a1a1f59d8d5958ae46cc18f7590c0234c39322f194,未知,未知,b3a1fc5ec72ad95e258b584f936ad46befab951e0ee9e43eaa18179e34974387,无法判定,DATABASE_METADATA_IDENTITY_UNPROVEN,本批次只读；若声明、输入、Schema或授权漂移，既有结论自动失效并须追加新批次,未读取业务正文、价格、成交、订单簿、账户或凭据；身份字段不完整,为该成员提供当前版本九字段声明及逐字段Schema、授权和唯一证据定位后追加不可变批次,2d50c1344a835ceeb832796935182aeff80bb03cecc5465c8cf3aaccbd446acd,86129966e4bc55fac18f2d7602a2309d4403f85861102128a56a80a5a0ccc1ea,21bed517146db4b7be4d3cad7803c7921047be52d28b771530a1ba3cbd190904
source-identity-declaration-20260808T050813+0800-b2487b6c41a5,ZI-319a17a33bc9e78d08ed5c4a,DS-000256,数据库元数据,ETH,4小时;8小时;24小时;48小时,15分钟;1小时,未知,未知,未知,未知,未知,未知,未知,未知,未知,未登记,无,config/数据/来源身份声明补采.json#身份声明[],25925ef8f47870540a3333c51fe109509d1892a094f19e7ed97ee9e9ac0bbbe7,72946cce48d978d6b90942bd0f99bd012a999fc767a59eaeb63b097815d707a9,未知,未知,b3a1fc5ec72ad95e258b584f936ad46befab951e0ee9e43eaa18179e34974387,无法判定,DATABASE_METADATA_IDENTITY_UNPROVEN,本批次只读；若声明、输入、Schema或授权漂移，既有结论自动失效并须追加新批次,未读取业务正文、价格、成交、订单簿、账户或凭据；身份字段不完整,为该成员提供当前版本九字段声明及逐字段Schema、授权和唯一证据定位后追加不可变批次,2d50c1344a835ceeb832796935182aeff80bb03cecc5465c8cf3aaccbd446acd,86129966e4bc55fac18f2d7602a2309d4403f85861102128a56a80a5a0ccc1ea,9b5cb7174e096bf51dd3d9887780006f5f557c62894a88789607ea2be1e5cd7a
source-identity-declaration-20260808T050813+0800-b2487b6c41a5,ZI-a7faef667815d04984e9f416,DS-000257,数据库元数据,ETH,4小时;8小时;24小时;48小时,15分钟;1小时,未知,未知,未知,未知,未知,未知,未知,未知,未知,未登记,无,config/数据/来源身份声明补采.json#身份声明[],25925ef8f47870540a3333c51fe109509d1892a094f19e7ed97ee9e9ac0bbbe7,e9a1adbad68c8e4f0b3f88a4c1d5f5e59207297fe7eb4ea9a6f3e91690974ffb,未知,未知,b3a1fc5ec72ad95e258b584f936ad46befab951e0ee9e43eaa18179e34974387,无法判定,DATABASE_METADATA_IDENTITY_UNPROVEN,本批次只读；若声明、输入、Schema或授权漂移，既有结论自动失效并须追加新批次,未读取业务正文、价格、成交、订单簿、账户或凭据；身份字段不完整,为该成员提供当前版本九字段声明及逐字段Schema、授权和唯一证据定位后追加不可变批次,2d50c1344a835ceeb832796935182aeff80bb03cecc5465c8cf3aaccbd446acd,86129966e4bc55fac18f2d7602a2309d4403f85861102128a56a80a5a0ccc1ea,ab041d2615a06fdaa1624c83d99fc539321d3ecbaf39670f0c50349b80e6b8f2
source-identity-declaration-20260808T050813+0800-b2487b6c41a5,ZI-8525784cda6abfa9ae3bebd3,DS-000258,数据库元数据,ETH,4小时;8小时;24小时;48小时,15分钟;1小时,未知,未知,未知,未知,未知,未知,未知,未知,未知,未登记,无,config/数据/来源身份声明补采.json#身份声明[],25925ef8f47870540a3333c51fe109509d1892a094f19e7ed97ee9e9ac0bbbe7,05dc2fcb434d0937800d8432001eafe73e3969f23c72e4e6dccfa8d10a464e89,未知,未知,b3a1fc5ec72ad95e258b584f936ad46befab951e0ee9e43eaa18179e34974387,无法判定,DATABASE_METADATA_IDENTITY_UNPROVEN,本批次只读；若声明、输入、Schema或授权漂移，既有结论自动失效并须追加新批次,未读取业务正文、价格、成交、订单簿、账户或凭据；身份字段不完整,为该成员提供当前版本九字段声明及逐字段Schema、授权和唯一证据定位后追加不可变批次,2d50c1344a835ceeb832796935182aeff80bb03cecc5465c8cf3aaccbd446acd,86129966e4bc55fac18f2d7602a2309d4403f85861102128a56a80a5a0ccc1ea,4e1cac7d03f3f071b48a713b6fb838a7ba31af6f642207f4738ab21a6ba33fb4
source-identity-declaration-20260808T050813+0800-b2487b6c41a5,ZI-aa4a3912b3b8cdfe15e16046,DS-000259,数据库元数据,ETH,4小时;8小时;24小时;48小时,15分钟;1小时,未知,未知,未知,未知,未知,未知,未知,未知,未知,未登记,无,config/数据/来源身份声明补采.json#身份声明[],25925ef8f47870540a3333c51fe109509d1892a094f19e7ed97ee9e9ac0bbbe7,1cd773853ef33cb8f6d7c1280729bf82e0b795d62cb20a76d636135bcdf110fc,未知,未知,b3a1fc5ec72ad95e258b584f936ad46befab951e0ee9e43eaa18179e34974387,无法判定,DATABASE_METADATA_IDENTITY_UNPROVEN,本批次只读；若声明、输入、Schema或授权漂移，既有结论自动失效并须追加新批次,未读取业务正文、价格、成交、订单簿、账户或凭据；身份字段不完整,为该成员提供当前版本九字段声明及逐字段Schema、授权和唯一证据定位后追加不可变批次,2d50c1344a835ceeb832796935182aeff80bb03cecc5465c8cf3aaccbd446acd,86129966e4bc55fac18f2d7602a2309d4403f85861102128a56a80a5a0ccc1ea,99c5f878d84201784f11f5a9dc79e40cb0336ce753a0fdd52f85aaa2e9adbb73
source-identity-declaration-20260808T050813+0800-b2487b6c41a5,ZI-9eca828c7abfb00211600ef2,DS-000260,数据库元数据,ETH,4小时;8小时;24小时;48小时,15分钟;1小时,未知,未知,未知,未知,未知,未知,未知,未知,未知,未登记,无,config/数据/来源身份声明补采.json#身份声明[],25925ef8f47870540a3333c51fe109509d1892a094f19e7ed97ee9e9ac0bbbe7,401f3e557d030bd2429821a0c387907103f5a6996eed7ad975e0b5013f0313e6,未知,未知,b3a1fc5ec72ad95e258b584f936ad46befab951e0ee9e43eaa18179e34974387,无法判定,DATABASE_METADATA_IDENTITY_UNPROVEN,本批次只读；若声明、输入、Schema或授权漂移，既有结论自动失效并须追加新批次,未读取业务正文、价格、成交、订单簿、账户或凭据；身份字段不完整,为该成员提供当前版本九字段声明及逐字段Schema、授权和唯一证据定位后追加不可变批次,2d50c1344a835ceeb832796935182aeff80bb03cecc5465c8cf3aaccbd446acd,86129966e4bc55fac18f2d7602a2309d4403f85861102128a56a80a5a0ccc1ea,71768f0ca4c44cb7099d75f6a484dca95f392f281fc812626c6e18f7d3075465
source-identity-declaration-20260808T050813+0800-b2487b6c41a5,ZI-a9478e827e537a4e6878eb2f,DS-000261,数据库元数据,ETH,4小时;8小时;24小时;48小时,15分钟;1小时,未知,未知,未知,未知,未知,未知,未知,未知,未知,未登记,无,config/数据/来源身份声明补采.json#身份声明[],25925ef8f47870540a3333c51fe109509d1892a094f19e7ed97ee9e9ac0bbbe7,a9f85bb1dc0b933fe331584b1457e01f02ef7ff90e431451c038e26336977746,未知,未知,b3a1fc5ec72ad95e258b584f936ad46befab951e0ee9e43eaa18179e34974387,无法判定,DATABASE_METADATA_IDENTITY_UNPROVEN,本批次只读；若声明、输入、Schema或授权漂移，既有结论自动失效并须追加新批次,未读取业务正文、价格、成交、订单簿、账户或凭据；身份字段不完整,为该成员提供当前版本九字段声明及逐字段Schema、授权和唯一证据定位后追加不可变批次,2d50c1344a835ceeb832796935182aeff80bb03cecc5465c8cf3aaccbd446acd,86129966e4bc55fac18f2d7602a2309d4403f85861102128a56a80a5a0ccc1ea,fff44a4db259ca98a8357d8e562c410cd0fa34b646f56737929c43ffd7da97f8
source-identity-declaration-20260808T050813+0800-b2487b6c41a5,ZI-f29bed3f0a71e254b51c83b3,DS-000262,数据库元数据,ETH,4小时;8小时;24小时;48小时,15分钟;1小时,未知,未知,未知,未知,未知,未知,未知,未知,未知,未登记,无,config/数据/来源身份声明补采.json#身份声明[],25925ef8f47870540a3333c51fe109509d1892a094f19e7ed97ee9e9ac0bbbe7,b8a6749e0560113c220e491aa3837fbbc46a199eea8b154ba402234b3fe136c3,未知,未知,b3a1fc5ec72ad95e258b584f936ad46befab951e0ee9e43eaa18179e34974387,无法判定,DATABASE_METADATA_IDENTITY_UNPROVEN,本批次只读；若声明、输入、Schema或授权漂移，既有结论自动失效并须追加新批次,未读取业务正文、价格、成交、订单簿、账户或凭据；身份字段不完整,为该成员提供当前版本九字段声明及逐字段Schema、授权和唯一证据定位后追加不可变批次,2d50c1344a835ceeb832796935182aeff80bb03cecc5465c8cf3aaccbd446acd,86129966e4bc55fac18f2d7602a2309d4403f85861102128a56a80a5a0ccc1ea,6d1ef6c4adff58d22cdbbfda31978e969ca74ffe218049b67af5face53c9f5dd
source-identity-declaration-20260808T050813+0800-b2487b6c41a5,ZI-6aa7f974b25be7596f63688e,DS-000263,数据库元数据,ETH,4小时;8小时;24小时;48小时,15分钟;1小时,未知,未知,未知,未知,未知,未知,未知,未知,未知,未登记,无,config/数据/来源身份声明补采.json#身份声明[],25925ef8f47870540a3333c51fe109509d1892a094f19e7ed97ee9e9ac0bbbe7,88da7335bdb9dec72ed997ca4fa5e1dfa14b14965380d3de3b4d82bafa7ba8e6,未知,未知,b3a1fc5ec72ad95e258b584f936ad46befab951e0ee9e43eaa18179e34974387,无法判定,DATABASE_METADATA_IDENTITY_UNPROVEN,本批次只读；若声明、输入、Schema或授权漂移，既有结论自动失效并须追加新批次,未读取业务正文、价格、成交、订单簿、账户或凭据；身份字段不完整,为该成员提供当前版本九字段声明及逐字段Schema、授权和唯一证据定位后追加不可变批次,2d50c1344a835ceeb832796935182aeff80bb03cecc5465c8cf3aaccbd446acd,86129966e4bc55fac18f2d7602a2309d4403f85861102128a56a80a5a0ccc1ea,de218542c1cf22c2ef48d017154946eb80f3c221b9a17d4ff3dd2bdd3cbf3581
source-identity-declaration-20260808T050813+0800-b2487b6c41a5,ZI-e39661473025820c2f3936e3,DS-000264,数据库元数据,ETH,4小时;8小时;24小时;48小时,15分钟;1小时,未知,未知,未知,未知,未知,未知,未知,未知,未知,未登记,无,config/数据/来源身份声明补采.json#身份声明[],25925ef8f47870540a3333c51fe109509d1892a094f19e7ed97ee9e9ac0bbbe7,474ef8452df7b494b2e90829b34983df559699b8d2cf94b36731bfcedb517544,未知,未知,b3a1fc5ec72ad95e258b584f936ad46befab951e0ee9e43eaa18179e34974387,无法判定,DATABASE_METADATA_IDENTITY_UNPROVEN,本批次只读；若声明、输入、Schema或授权漂移，既有结论自动失效并须追加新批次,未读取业务正文、价格、成交、订单簿、账户或凭据；身份字段不完整,为该成员提供当前版本九字段声明及逐字段Schema、授权和唯一证据定位后追加不可变批次,2d50c1344a835ceeb832796935182aeff80bb03cecc5465c8cf3aaccbd446acd,86129966e4bc55fac18f2d7602a2309d4403f85861102128a56a80a5a0ccc1ea,5711552833e4454fbdf6af71b632f7e7a9e4b944a1b3ef2a1b9c4ba081cdbbb3
source-identity-declaration-20260808T050813+0800-b2487b6c41a5,ZI-f83c61b1c7dab956125c37c7,DS-000265,数据库元数据,ETH,4小时;8小时;24小时;48小时,15分钟;1小时,未知,未知,未知,未知,未知,未知,未知,未知,未知,未登记,无,config/数据/来源身份声明补采.json#身份声明[],25925ef8f47870540a3333c51fe109509d1892a094f19e7ed97ee9e9ac0bbbe7,5e24f63ab8f417987a50c39d32718c38ba94e1de57ac2745a718cc5ec794238a,未知,未知,b3a1fc5ec72ad95e258b584f936ad46befab951e0ee9e43eaa18179e34974387,无法判定,DATABASE_METADATA_IDENTITY_UNPROVEN,本批次只读；若声明、输入、Schema或授权漂移，既有结论自动失效并须追加新批次,未读取业务正文、价格、成交、订单簿、账户或凭据；身份字段不完整,为该成员提供当前版本九字段声明及逐字段Schema、授权和唯一证据定位后追加不可变批次,2d50c1344a835ceeb832796935182aeff80bb03cecc5465c8cf3aaccbd446acd,86129966e4bc55fac18f2d7602a2309d4403f85861102128a56a80a5a0ccc1ea,faafd025a6af106b09497c5c6211ed9f9a05f80eeaf47d0a0bf4c0e9adcaa2e0
source-identity-declaration-20260808T050813+0800-b2487b6c41a5,ZI-93016c2f08434388c8be5de9,DS-000266,数据库元数据,ETH,4小时;8小时;24小时;48小时,15分钟;1小时,未知,未知,未知,未知,未知,未知,未知,未知,未知,未登记,无,config/数据/来源身份声明补采.json#身份声明[],25925ef8f47870540a3333c51fe109509d1892a094f19e7ed97ee9e9ac0bbbe7,9ec4dbfaf5336e4c4d9f5ce4ad4098db90b8baac6f44296a4b7aa43839353d19,未知,未知,b3a1fc5ec72ad95e258b584f936ad46befab951e0ee9e43eaa18179e34974387,无法判定,DATABASE_METADATA_IDENTITY_UNPROVEN,本批次只读；若声明、输入、Schema或授权漂移，既有结论自动失效并须追加新批次,未读取业务正文、价格、成交、订单簿、账户或凭据；身份字段不完整,为该成员提供当前版本九字段声明及逐字段Schema、授权和唯一证据定位后追加不可变批次,2d50c1344a835ceeb832796935182aeff80bb03cecc5465c8cf3aaccbd446acd,86129966e4bc55fac18f2d7602a2309d4403f85861102128a56a80a5a0ccc1ea,1a80c70d1b63b0cab4d2f30db90054bd934ca13c84d922f109289c324ff95c0b
source-identity-declaration-20260808T050813+0800-b2487b6c41a5,ZI-4dc005cfa35f65f4ae1ad906,DS-000267,数据库元数据,ETH,4小时;8小时;24小时;48小时,15分钟;1小时,未知,未知,未知,未知,未知,未知,未知,未知,未知,未登记,无,config/数据/来源身份声明补采.json#身份声明[],25925ef8f47870540a3333c51fe109509d1892a094f19e7ed97ee9e9ac0bbbe7,e7f6d4ff14fbb9aee41d9c66f271b8ce269ce023dbdbbce5c6f48152b31da3ef,未知,未知,b3a1fc5ec72ad95e258b584f936ad46befab951e0ee9e43eaa18179e34974387,无法判定,DATABASE_METADATA_IDENTITY_UNPROVEN,本批次只读；若声明、输入、Schema或授权漂移，既有结论自动失效并须追加新批次,未读取业务正文、价格、成交、订单簿、账户或凭据；身份字段不完整,为该成员提供当前版本九字段声明及逐字段Schema、授权和唯一证据定位后追加不可变批次,2d50c1344a835ceeb832796935182aeff80bb03cecc5465c8cf3aaccbd446acd,86129966e4bc55fac18f2d7602a2309d4403f85861102128a56a80a5a0ccc1ea,d2191c2c7bd8c1a1f5a649ba583e41f60dd3b780ff2a860f0f8ba9d91d509b7b
source-identity-declaration-20260808T050813+0800-b2487b6c41a5,ZI-827070ff91d17f4ef1f978bb,DS-000268,数据库元数据,ETH,4小时;8小时;24小时;48小时,15分钟;1小时,未知,未知,未知,未知,未知,未知,未知,未知,未知,未登记,无,config/数据/来源身份声明补采.json#身份声明[],25925ef8f47870540a3333c51fe109509d1892a094f19e7ed97ee9e9ac0bbbe7,4803e9627f705d300d20509eaf83377393d2e5744750aedc6e586f6548fca8cf,未知,未知,b3a1fc5ec72ad95e258b584f936ad46befab951e0ee9e43eaa18179e34974387,无法判定,DATABASE_METADATA_IDENTITY_UNPROVEN,本批次只读；若声明、输入、Schema或授权漂移，既有结论自动失效并须追加新批次,未读取业务正文、价格、成交、订单簿、账户或凭据；身份字段不完整,为该成员提供当前版本九字段声明及逐字段Schema、授权和唯一证据定位后追加不可变批次,2d50c1344a835ceeb832796935182aeff80bb03cecc5465c8cf3aaccbd446acd,86129966e4bc55fac18f2d7602a2309d4403f85861102128a56a80a5a0ccc1ea,4261dbb0e6fb9661572825b9d891c4a38a291d3be347d36b7570391715477bd8
source-identity-declaration-20260808T050813+0800-b2487b6c41a5,ZI-d8ee305d7e2a2eaae8afc53b,DS-000269,数据库元数据,ETH,4小时;8小时;24小时;48小时,15分钟;1小时,未知,未知,未知,未知,未知,未知,未知,未知,未知,未登记,无,config/数据/来源身份声明补采.json#身份声明[],25925ef8f47870540a3333c51fe109509d1892a094f19e7ed97ee9e9ac0bbbe7,306e9d1ebd248b8aaea8e6db506482b6fb9679820c694bb23bc5d54912fe5e05,未知,未知,b3a1fc5ec72ad95e258b584f936ad46befab951e0ee9e43eaa18179e34974387,无法判定,DATABASE_METADATA_IDENTITY_UNPROVEN,本批次只读；若声明、输入、Schema或授权漂移，既有结论自动失效并须追加新批次,未读取业务正文、价格、成交、订单簿、账户或凭据；身份字段不完整,为该成员提供当前版本九字段声明及逐字段Schema、授权和唯一证据定位后追加不可变批次,2d50c1344a835ceeb832796935182aeff80bb03cecc5465c8cf3aaccbd446acd,86129966e4bc55fac18f2d7602a2309d4403f85861102128a56a80a5a0ccc1ea,1673487cb55729c5909aa558464a75fe2996e42bb2952815206ad480165813ab
source-identity-declaration-20260808T050813+0800-b2487b6c41a5,ZI-bb10b091e630f2c5f8d067dc,DS-000270,数据库元数据,ETH,4小时;8小时;24小时;48小时,15分钟;1小时,未知,未知,未知,未知,未知,未知,未知,未知,未知,未登记,无,config/数据/来源身份声明补采.json#身份声明[],25925ef8f47870540a3333c51fe109509d1892a094f19e7ed97ee9e9ac0bbbe7,95f8505a488937ebddda6f0e9846dfdf89d1295922aaa46fa86f783e28904115,未知,未知,b3a1fc5ec72ad95e258b584f936ad46befab951e0ee9e43eaa18179e34974387,无法判定,DATABASE_METADATA_IDENTITY_UNPROVEN,本批次只读；若声明、输入、Schema或授权漂移，既有结论自动失效并须追加新批次,未读取业务正文、价格、成交、订单簿、账户或凭据；身份字段不完整,为该成员提供当前版本九字段声明及逐字段Schema、授权和唯一证据定位后追加不可变批次,2d50c1344a835ceeb832796935182aeff80bb03cecc5465c8cf3aaccbd446acd,86129966e4bc55fac18f2d7602a2309d4403f85861102128a56a80a5a0ccc1ea,3a1c4297c52cc40abe5ff9a26979860774d09340bcd26101ae36f89501fa576b
source-identity-declaration-20260808T050813+0800-b2487b6c41a5,ZI-17ba1f1ac29398cf97340b28,DS-000271,数据库元数据,ETH,4小时;8小时;24小时;48小时,15分钟;1小时,未知,未知,未知,未知,未知,未知,未知,未知,未知,未登记,无,config/数据/来源身份声明补采.json#身份声明[],25925ef8f47870540a3333c51fe109509d1892a094f19e7ed97ee9e9ac0bbbe7,f604d30fca95af10cef6f2d1d42f0a77ca097a72e2a4892d7695ea06b814087e,未知,未知,b3a1fc5ec72ad95e258b584f936ad46befab951e0ee9e43eaa18179e34974387,无法判定,DATABASE_METADATA_IDENTITY_UNPROVEN,本批次只读；若声明、输入、Schema或授权漂移，既有结论自动失效并须追加新批次,未读取业务正文、价格、成交、订单簿、账户或凭据；身份字段不完整,为该成员提供当前版本九字段声明及逐字段Schema、授权和唯一证据定位后追加不可变批次,2d50c1344a835ceeb832796935182aeff80bb03cecc5465c8cf3aaccbd446acd,86129966e4bc55fac18f2d7602a2309d4403f85861102128a56a80a5a0ccc1ea,72f08d4ff9d9b8867f8495a2e6165da4827d92e5d17475588f840bd980478de8
source-identity-declaration-20260808T050813+0800-b2487b6c41a5,ZI-eebaaf0844841bd1a3649f6c,DS-000272,数据库元数据,ETH,4小时;8小时;24小时;48小时,15分钟;1小时,未知,未知,未知,未知,未知,未知,未知,未知,未知,未登记,无,config/数据/来源身份声明补采.json#身份声明[],25925ef8f47870540a3333c51fe109509d1892a094f19e7ed97ee9e9ac0bbbe7,7790a7096a82194b8ce40632577b34f15029864f0d73ca67f2309a4a5771c546,未知,未知,b3a1fc5ec72ad95e258b584f936ad46befab951e0ee9e43eaa18179e34974387,无法判定,DATABASE_METADATA_IDENTITY_UNPROVEN,本批次只读；若声明、输入、Schema或授权漂移，既有结论自动失效并须追加新批次,未读取业务正文、价格、成交、订单簿、账户或凭据；身份字段不完整,为该成员提供当前版本九字段声明及逐字段Schema、授权和唯一证据定位后追加不可变批次,2d50c1344a835ceeb832796935182aeff80bb03cecc5465c8cf3aaccbd446acd,86129966e4bc55fac18f2d7602a2309d4403f85861102128a56a80a5a0ccc1ea,dffec1dfa0f03a57e023bda20439fd93307cbd7e019b6754c112b87fd6568e10
source-identity-declaration-20260808T050813+0800-b2487b6c41a5,ZI-a80e072df8f612821d6e6d49,DS-000273,数据库元数据,ETH,4小时;8小时;24小时;48小时,15分钟;1小时,未知,未知,未知,未知,未知,未知,未知,未知,未知,未登记,无,config/数据/来源身份声明补采.json#身份声明[],25925ef8f47870540a3333c51fe109509d1892a094f19e7ed97ee9e9ac0bbbe7,a644234938a03b68cc0be912f99fd12eecc36270251217d470225f7047a900e1,未知,未知,b3a1fc5ec72ad95e258b584f936ad46befab951e0ee9e43eaa18179e34974387,无法判定,DATABASE_METADATA_IDENTITY_UNPROVEN,本批次只读；若声明、输入、Schema或授权漂移，既有结论自动失效并须追加新批次,未读取业务正文、价格、成交、订单簿、账户或凭据；身份字段不完整,为该成员提供当前版本九字段声明及逐字段Schema、授权和唯一证据定位后追加不可变批次,2d50c1344a835ceeb832796935182aeff80bb03cecc5465c8cf3aaccbd446acd,86129966e4bc55fac18f2d7602a2309d4403f85861102128a56a80a5a0ccc1ea,acffc79c7210bf17e70db11e1dec0812819a0f5e80b097edb2ca37207da66fcd
source-identity-declaration-20260808T050813+0800-b2487b6c41a5,ZI-3f44a87d788d10b95a30c249,DS-000274,数据库元数据,ETH,4小时;8小时;24小时;48小时,15分钟;1小时,未知,未知,未知,未知,未知,未知,未知,未知,未知,未登记,无,config/数据/来源身份声明补采.json#身份声明[],25925ef8f47870540a3333c51fe109509d1892a094f19e7ed97ee9e9ac0bbbe7,56318299b0d280227cabfa2f1672b2c87315c5e40fbfae0740be47ade1d1af81,未知,未知,b3a1fc5ec72ad95e258b584f936ad46befab951e0ee9e43eaa18179e34974387,无法判定,DATABASE_METADATA_IDENTITY_UNPROVEN,本批次只读；若声明、输入、Schema或授权漂移，既有结论自动失效并须追加新批次,未读取业务正文、价格、成交、订单簿、账户或凭据；身份字段不完整,为该成员提供当前版本九字段声明及逐字段Schema、授权和唯一证据定位后追加不可变批次,2d50c1344a835ceeb832796935182aeff80bb03cecc5465c8cf3aaccbd446acd,86129966e4bc55fac18f2d7602a2309d4403f85861102128a56a80a5a0ccc1ea,f549436157cc606fcbedd30bd388f9c7084c3552f26912b25d8117f9f38da24b
source-identity-declaration-20260808T050813+0800-b2487b6c41a5,ZI-62772b32407692854e1b95ac,DS-000275,数据库元数据,ETH,4小时;8小时;24小时;48小时,15分钟;1小时,未知,未知,未知,未知,未知,未知,未知,未知,未知,未登记,无,config/数据/来源身份声明补采.json#身份声明[],25925ef8f47870540a3333c51fe109509d1892a094f19e7ed97ee9e9ac0bbbe7,73610ec234845390268c10b094aaa11475cbf536d943f9b58d68fb3b943ab020,未知,未知,b3a1fc5ec72ad95e258b584f936ad46befab951e0ee9e43eaa18179e34974387,无法判定,DATABASE_METADATA_IDENTITY_UNPROVEN,本批次只读；若声明、输入、Schema或授权漂移，既有结论自动失效并须追加新批次,未读取业务正文、价格、成交、订单簿、账户或凭据；身份字段不完整,为该成员提供当前版本九字段声明及逐字段Schema、授权和唯一证据定位后追加不可变批次,2d50c1344a835ceeb832796935182aeff80bb03cecc5465c8cf3aaccbd446acd,86129966e4bc55fac18f2d7602a2309d4403f85861102128a56a80a5a0ccc1ea,4b3a49ab629fc1e9d1e14cc1ce7825c7d7bc19f83fb7d3497020a783861655ca
source-identity-declaration-20260808T050813+0800-b2487b6c41a5,ZI-4a98d425a04a5267f443db5e,DS-000276,数据库元数据,ETH,4小时;8小时;24小时;48小时,15分钟;1小时,未知,未知,未知,未知,未知,未知,未知,未知,未知,未登记,无,config/数据/来源身份声明补采.json#身份声明[],25925ef8f47870540a3333c51fe109509d1892a094f19e7ed97ee9e9ac0bbbe7,63d1274ea3fb1103b26995399caac6aa6b1ff7dc21c80113d3c7a5ee47a9c26b,未知,未知,b3a1fc5ec72ad95e258b584f936ad46befab951e0ee9e43eaa18179e34974387,无法判定,DATABASE_METADATA_IDENTITY_UNPROVEN,本批次只读；若声明、输入、Schema或授权漂移，既有结论自动失效并须追加新批次,未读取业务正文、价格、成交、订单簿、账户或凭据；身份字段不完整,为该成员提供当前版本九字段声明及逐字段Schema、授权和唯一证据定位后追加不可变批次,2d50c1344a835ceeb832796935182aeff80bb03cecc5465c8cf3aaccbd446acd,86129966e4bc55fac18f2d7602a2309d4403f85861102128a56a80a5a0ccc1ea,a48da997c47eb968b53a97c9ddbb8e69c46a337954f9c884e63f33a3e9e8f056
source-identity-declaration-20260808T050813+0800-b2487b6c41a5,ZI-8c6daa7a9cd03f72c0bb230c,DS-000277,数据库元数据,ETH,4小时;8小时;24小时;48小时,15分钟;1小时,未知,未知,未知,未知,未知,未知,未知,未知,未知,未登记,无,config/数据/来源身份声明补采.json#身份声明[],25925ef8f47870540a3333c51fe109509d1892a094f19e7ed97ee9e9ac0bbbe7,e503bb6f17a82b37b897771791caaa1e29e80668c0428f0681b923834b9065f5,未知,未知,b3a1fc5ec72ad95e258b584f936ad46befab951e0ee9e43eaa18179e34974387,无法判定,DATABASE_METADATA_IDENTITY_UNPROVEN,本批次只读；若声明、输入、Schema或授权漂移，既有结论自动失效并须追加新批次,未读取业务正文、价格、成交、订单簿、账户或凭据；身份字段不完整,为该成员提供当前版本九字段声明及逐字段Schema、授权和唯一证据定位后追加不可变批次,2d50c1344a835ceeb832796935182aeff80bb03cecc5465c8cf3aaccbd446acd,86129966e4bc55fac18f2d7602a2309d4403f85861102128a56a80a5a0ccc1ea,204b0d055926e0cc0294a05becd55c224fd49c99be0db947cd766fa4c1eeb7f5
source-identity-declaration-20260808T050813+0800-b2487b6c41a5,ZI-f5038d3566b0a032bcaf46c3,DS-000278,数据库元数据,ETH,4小时;8小时;24小时;48小时,15分钟;1小时,未知,未知,未知,未知,未知,未知,未知,未知,未知,未登记,无,config/数据/来源身份声明补采.json#身份声明[],25925ef8f47870540a3333c51fe109509d1892a094f19e7ed97ee9e9ac0bbbe7,fa4552653682a5a645abc7d003707a2b955e9f15d42bfe64289d2fb28e2a191b,未知,未知,b3a1fc5ec72ad95e258b584f936ad46befab951e0ee9e43eaa18179e34974387,无法判定,DATABASE_METADATA_IDENTITY_UNPROVEN,本批次只读；若声明、输入、Schema或授权漂移，既有结论自动失效并须追加新批次,未读取业务正文、价格、成交、订单簿、账户或凭据；身份字段不完整,为该成员提供当前版本九字段声明及逐字段Schema、授权和唯一证据定位后追加不可变批次,2d50c1344a835ceeb832796935182aeff80bb03cecc5465c8cf3aaccbd446acd,86129966e4bc55fac18f2d7602a2309d4403f85861102128a56a80a5a0ccc1ea,cd593091fd1a3d72c3e1c4cc086c7fd8c843ce3b0339faa5497d07d1e54ec721
source-identity-declaration-20260808T050813+0800-b2487b6c41a5,ZI-99863edc37bbc5802f2709fe,DS-000279,数据库元数据,ETH,4小时;8小时;24小时;48小时,15分钟;1小时,未知,未知,未知,未知,未知,未知,未知,未知,未知,未登记,无,config/数据/来源身份声明补采.json#身份声明[],25925ef8f47870540a3333c51fe109509d1892a094f19e7ed97ee9e9ac0bbbe7,2d111721e4691350f2689d5218c339e609ff789ab1ffd957cf1e86f6c2e28de6,未知,未知,b3a1fc5ec72ad95e258b584f936ad46befab951e0ee9e43eaa18179e34974387,无法判定,DATABASE_METADATA_IDENTITY_UNPROVEN,本批次只读；若声明、输入、Schema或授权漂移，既有结论自动失效并须追加新批次,未读取业务正文、价格、成交、订单簿、账户或凭据；身份字段不完整,为该成员提供当前版本九字段声明及逐字段Schema、授权和唯一证据定位后追加不可变批次,2d50c1344a835ceeb832796935182aeff80bb03cecc5465c8cf3aaccbd446acd,86129966e4bc55fac18f2d7602a2309d4403f85861102128a56a80a5a0ccc1ea,1aa38b03047ff63b6c7acc38f90899f8a9759ff42e9744e47d9decdf49f7c101
source-identity-declaration-20260808T050813+0800-b2487b6c41a5,ZI-4838a8566ae6f1897291aaa8,DS-000280,数据库元数据,ETH,4小时;8小时;24小时;48小时,15分钟;1小时,未知,未知,未知,未知,未知,未知,未知,未知,未知,未登记,无,config/数据/来源身份声明补采.json#身份声明[],25925ef8f47870540a3333c51fe109509d1892a094f19e7ed97ee9e9ac0bbbe7,cac55077234265c74dafb73c9f43c185891c7807117d29f5189237391804df69,未知,未知,b3a1fc5ec72ad95e258b584f936ad46befab951e0ee9e43eaa18179e34974387,无法判定,DATABASE_METADATA_IDENTITY_UNPROVEN,本批次只读；若声明、输入、Schema或授权漂移，既有结论自动失效并须追加新批次,未读取业务正文、价格、成交、订单簿、账户或凭据；身份字段不完整,为该成员提供当前版本九字段声明及逐字段Schema、授权和唯一证据定位后追加不可变批次,2d50c1344a835ceeb832796935182aeff80bb03cecc5465c8cf3aaccbd446acd,86129966e4bc55fac18f2d7602a2309d4403f85861102128a56a80a5a0ccc1ea,84efbe9a5c955f50191564fecd6cbc72f1246925b30af24cc0e09e9b11d2cced
source-identity-declaration-20260808T050813+0800-b2487b6c41a5,ZI-ac1a52eb589873b5de99bc78,DS-000281,数据库元数据,ETH,4小时;8小时;24小时;48小时,15分钟;1小时,未知,未知,未知,未知,未知,未知,未知,未知,未知,未登记,无,config/数据/来源身份声明补采.json#身份声明[],25925ef8f47870540a3333c51fe109509d1892a094f19e7ed97ee9e9ac0bbbe7,741c6415aff8d57d93fa7fc8db0f4bb0ff4bbf74847310eda08d9494ab0c9d11,未知,未知,b3a1fc5ec72ad95e258b584f936ad46befab951e0ee9e43eaa18179e34974387,无法判定,DATABASE_METADATA_IDENTITY_UNPROVEN,本批次只读；若声明、输入、Schema或授权漂移，既有结论自动失效并须追加新批次,未读取业务正文、价格、成交、订单簿、账户或凭据；身份字段不完整,为该成员提供当前版本九字段声明及逐字段Schema、授权和唯一证据定位后追加不可变批次,2d50c1344a835ceeb832796935182aeff80bb03cecc5465c8cf3aaccbd446acd,86129966e4bc55fac18f2d7602a2309d4403f85861102128a56a80a5a0ccc1ea,616138a8d8dab407b517165336170c3521695ac1fadf4a9e076ae654b088ed2d
source-identity-declaration-20260808T050813+0800-b2487b6c41a5,ZI-bb8a6e82da48e6ac96cf106f,DS-000282,数据库元数据,ETH,4小时;8小时;24小时;48小时,15分钟;1小时,未知,未知,未知,未知,未知,未知,未知,未知,未知,未登记,无,config/数据/来源身份声明补采.json#身份声明[],25925ef8f47870540a3333c51fe109509d1892a094f19e7ed97ee9e9ac0bbbe7,cc517e52dad87d6b0eb540fd207279b11705531034a2728e4ef4b5a54557fd22,未知,未知,b3a1fc5ec72ad95e258b584f936ad46befab951e0ee9e43eaa18179e34974387,无法判定,DATABASE_METADATA_IDENTITY_UNPROVEN,本批次只读；若声明、输入、Schema或授权漂移，既有结论自动失效并须追加新批次,未读取业务正文、价格、成交、订单簿、账户或凭据；身份字段不完整,为该成员提供当前版本九字段声明及逐字段Schema、授权和唯一证据定位后追加不可变批次,2d50c1344a835ceeb832796935182aeff80bb03cecc5465c8cf3aaccbd446acd,86129966e4bc55fac18f2d7602a2309d4403f85861102128a56a80a5a0ccc1ea,7488ca0486387847185fab7afea3a69c4650600827a5ae380a6ec26a8b51c992
source-identity-declaration-20260808T050813+0800-b2487b6c41a5,ZI-b6f9c3dac81cba3b88c55ccc,DS-000283,数据库元数据,ETH,4小时;8小时;24小时;48小时,15分钟;1小时,未知,未知,未知,未知,未知,未知,未知,未知,未知,未登记,无,config/数据/来源身份声明补采.json#身份声明[],25925ef8f47870540a3333c51fe109509d1892a094f19e7ed97ee9e9ac0bbbe7,7588ce35230cdca962b93d28bc9de83f177f830d6bb53403b474a03a29596210,未知,未知,b3a1fc5ec72ad95e258b584f936ad46befab951e0ee9e43eaa18179e34974387,无法判定,DATABASE_METADATA_IDENTITY_UNPROVEN,本批次只读；若声明、输入、Schema或授权漂移，既有结论自动失效并须追加新批次,未读取业务正文、价格、成交、订单簿、账户或凭据；身份字段不完整,为该成员提供当前版本九字段声明及逐字段Schema、授权和唯一证据定位后追加不可变批次,2d50c1344a835ceeb832796935182aeff80bb03cecc5465c8cf3aaccbd446acd,86129966e4bc55fac18f2d7602a2309d4403f85861102128a56a80a5a0ccc1ea,a2fe07baadb4d9d4f6419b4e24a3eeefbe33ea99a00694e11d553171b48bf187
source-identity-declaration-20260808T050813+0800-b2487b6c41a5,ZI-33515fc4212b910c8704867b,DS-000284,数据库元数据,ETH,4小时;8小时;24小时;48小时,15分钟;1小时,未知,未知,未知,未知,未知,未知,未知,未知,未知,未登记,无,config/数据/来源身份声明补采.json#身份声明[],25925ef8f47870540a3333c51fe109509d1892a094f19e7ed97ee9e9ac0bbbe7,0809927212405ebae149f168b347d25ea15f080cd46ffe4f4dcf4e78c2021a92,未知,未知,b3a1fc5ec72ad95e258b584f936ad46befab951e0ee9e43eaa18179e34974387,无法判定,DATABASE_METADATA_IDENTITY_UNPROVEN,本批次只读；若声明、输入、Schema或授权漂移，既有结论自动失效并须追加新批次,未读取业务正文、价格、成交、订单簿、账户或凭据；身份字段不完整,为该成员提供当前版本九字段声明及逐字段Schema、授权和唯一证据定位后追加不可变批次,2d50c1344a835ceeb832796935182aeff80bb03cecc5465c8cf3aaccbd446acd,86129966e4bc55fac18f2d7602a2309d4403f85861102128a56a80a5a0ccc1ea,c7416889b3a7981bb6ce767e8dafeae8beb238f1ce82db458600d264a295c90b
source-identity-declaration-20260808T050813+0800-b2487b6c41a5,ZI-f9dd85c76eb8176d00956078,DS-000285,数据库元数据,ETH,4小时;8小时;24小时;48小时,15分钟;1小时,未知,未知,未知,未知,未知,未知,未知,未知,未知,未登记,无,config/数据/来源身份声明补采.json#身份声明[],25925ef8f47870540a3333c51fe109509d1892a094f19e7ed97ee9e9ac0bbbe7,59f4b36536bca90c9ccbe3ed41c85a0edc295a6957a22310fb2e2dbacb47bd59,未知,未知,b3a1fc5ec72ad95e258b584f936ad46befab951e0ee9e43eaa18179e34974387,无法判定,DATABASE_METADATA_IDENTITY_UNPROVEN,本批次只读；若声明、输入、Schema或授权漂移，既有结论自动失效并须追加新批次,未读取业务正文、价格、成交、订单簿、账户或凭据；身份字段不完整,为该成员提供当前版本九字段声明及逐字段Schema、授权和唯一证据定位后追加不可变批次,2d50c1344a835ceeb832796935182aeff80bb03cecc5465c8cf3aaccbd446acd,86129966e4bc55fac18f2d7602a2309d4403f85861102128a56a80a5a0ccc1ea,6f105b587adc934f51a13149cdb539533614b4e09072883b99d54ccf22c841ba
source-identity-declaration-20260808T050813+0800-b2487b6c41a5,ZI-2405f3bbc3b633e85a083048,DS-000286,数据库元数据,ETH,4小时;8小时;24小时;48小时,15分钟;1小时,未知,未知,未知,未知,未知,未知,未知,未知,未知,未登记,无,config/数据/来源身份声明补采.json#身份声明[],25925ef8f47870540a3333c51fe109509d1892a094f19e7ed97ee9e9ac0bbbe7,845babdf7e1c3899916b9ca2f8a07abca6ea658ee7c99bc5a8581722420e6866,未知,未知,b3a1fc5ec72ad95e258b584f936ad46befab951e0ee9e43eaa18179e34974387,无法判定,DATABASE_METADATA_IDENTITY_UNPROVEN,本批次只读；若声明、输入、Schema或授权漂移，既有结论自动失效并须追加新批次,未读取业务正文、价格、成交、订单簿、账户或凭据；身份字段不完整,为该成员提供当前版本九字段声明及逐字段Schema、授权和唯一证据定位后追加不可变批次,2d50c1344a835ceeb832796935182aeff80bb03cecc5465c8cf3aaccbd446acd,86129966e4bc55fac18f2d7602a2309d4403f85861102128a56a80a5a0ccc1ea,c63c974b925c5439073490102d0a04c3dbdaf502360c70ecb50f15129f746da4
source-identity-declaration-20260808T050813+0800-b2487b6c41a5,ZI-4a3a0907e7d9408d9324f32f,DS-000287,数据库元数据,ETH,4小时;8小时;24小时;48小时,15分钟;1小时,未知,未知,未知,未知,未知,未知,未知,未知,未知,未登记,无,config/数据/来源身份声明补采.json#身份声明[],25925ef8f47870540a3333c51fe109509d1892a094f19e7ed97ee9e9ac0bbbe7,098c9d16ac6b41d35e97a530549ca546b60c896225a4fb6c961fd5040621acdd,未知,未知,b3a1fc5ec72ad95e258b584f936ad46befab951e0ee9e43eaa18179e34974387,无法判定,DATABASE_METADATA_IDENTITY_UNPROVEN,本批次只读；若声明、输入、Schema或授权漂移，既有结论自动失效并须追加新批次,未读取业务正文、价格、成交、订单簿、账户或凭据；身份字段不完整,为该成员提供当前版本九字段声明及逐字段Schema、授权和唯一证据定位后追加不可变批次,2d50c1344a835ceeb832796935182aeff80bb03cecc5465c8cf3aaccbd446acd,86129966e4bc55fac18f2d7602a2309d4403f85861102128a56a80a5a0ccc1ea,1240a5fd2450b5fb7d818b2f4c5ef9d1780e58759d2969d58e9c7644e3a2fb29
source-identity-declaration-20260808T050813+0800-b2487b6c41a5,ZI-5a9a391a9e494adad93ed2a1,DS-000288,数据库元数据,ETH,4小时;8小时;24小时;48小时,15分钟;1小时,未知,未知,未知,未知,未知,未知,未知,未知,未知,未登记,无,config/数据/来源身份声明补采.json#身份声明[],25925ef8f47870540a3333c51fe109509d1892a094f19e7ed97ee9e9ac0bbbe7,0ce0fdb691110e99627216dcd51afe9a507bfdb7bddb9a15e93a834ce1b6bbba,未知,未知,b3a1fc5ec72ad95e258b584f936ad46befab951e0ee9e43eaa18179e34974387,无法判定,DATABASE_METADATA_IDENTITY_UNPROVEN,本批次只读；若声明、输入、Schema或授权漂移，既有结论自动失效并须追加新批次,未读取业务正文、价格、成交、订单簿、账户或凭据；身份字段不完整,为该成员提供当前版本九字段声明及逐字段Schema、授权和唯一证据定位后追加不可变批次,2d50c1344a835ceeb832796935182aeff80bb03cecc5465c8cf3aaccbd446acd,86129966e4bc55fac18f2d7602a2309d4403f85861102128a56a80a5a0ccc1ea,2ee660b86432559f54afbb46d8a516b0ddff936b6479cf1e6f4814347de6e5d8
source-identity-declaration-20260808T050813+0800-b2487b6c41a5,ZI-c69fb4ea6efa32472592021e,DS-000289,数据库元数据,ETH,4小时;8小时;24小时;48小时,15分钟;1小时,未知,未知,未知,未知,未知,未知,未知,未知,未知,未登记,无,config/数据/来源身份声明补采.json#身份声明[],25925ef8f47870540a3333c51fe109509d1892a094f19e7ed97ee9e9ac0bbbe7,facb3f58201be1d0111803a0969dfc2571e3fb220f2550a6773c2c5ec9e6704b,未知,未知,b3a1fc5ec72ad95e258b584f936ad46befab951e0ee9e43eaa18179e34974387,无法判定,DATABASE_METADATA_IDENTITY_UNPROVEN,本批次只读；若声明、输入、Schema或授权漂移，既有结论自动失效并须追加新批次,未读取业务正文、价格、成交、订单簿、账户或凭据；身份字段不完整,为该成员提供当前版本九字段声明及逐字段Schema、授权和唯一证据定位后追加不可变批次,2d50c1344a835ceeb832796935182aeff80bb03cecc5465c8cf3aaccbd446acd,86129966e4bc55fac18f2d7602a2309d4403f85861102128a56a80a5a0ccc1ea,6ba586df2549ea7d0f049af3f7e95ea45022fcfb811f7079a4675fdc30d0821d
source-identity-declaration-20260808T050813+0800-b2487b6c41a5,ZI-e83b0ea0cb4edb6fa92ef211,DS-000290,数据库元数据,ETH,4小时;8小时;24小时;48小时,15分钟;1小时,未知,未知,未知,未知,未知,未知,未知,未知,未知,未登记,无,config/数据/来源身份声明补采.json#身份声明[],25925ef8f47870540a3333c51fe109509d1892a094f19e7ed97ee9e9ac0bbbe7,0161ed81721e89e4a3e6e49b017ca55645bd50ed66c63efb03184e7edd6322fa,未知,未知,b3a1fc5ec72ad95e258b584f936ad46befab951e0ee9e43eaa18179e34974387,无法判定,DATABASE_METADATA_IDENTITY_UNPROVEN,本批次只读；若声明、输入、Schema或授权漂移，既有结论自动失效并须追加新批次,未读取业务正文、价格、成交、订单簿、账户或凭据；身份字段不完整,为该成员提供当前版本九字段声明及逐字段Schema、授权和唯一证据定位后追加不可变批次,2d50c1344a835ceeb832796935182aeff80bb03cecc5465c8cf3aaccbd446acd,86129966e4bc55fac18f2d7602a2309d4403f85861102128a56a80a5a0ccc1ea,1e27deae10fe20f4fe5ee67d3f2af66f626868aea84c96a6326c7225dff1eaaf
source-identity-declaration-20260808T050813+0800-b2487b6c41a5,ZI-d8011c433ebd2138a2305438,DS-000291,数据库元数据,ETH,4小时;8小时;24小时;48小时,15分钟;1小时,未知,未知,未知,未知,未知,未知,未知,未知,未知,未登记,无,config/数据/来源身份声明补采.json#身份声明[],25925ef8f47870540a3333c51fe109509d1892a094f19e7ed97ee9e9ac0bbbe7,741fe59e6e2697d5dd227a7490ee195cc6895ce04818fde2fb5fbe2034a2ce81,未知,未知,b3a1fc5ec72ad95e258b584f936ad46befab951e0ee9e43eaa18179e34974387,无法判定,DATABASE_METADATA_IDENTITY_UNPROVEN,本批次只读；若声明、输入、Schema或授权漂移，既有结论自动失效并须追加新批次,未读取业务正文、价格、成交、订单簿、账户或凭据；身份字段不完整,为该成员提供当前版本九字段声明及逐字段Schema、授权和唯一证据定位后追加不可变批次,2d50c1344a835ceeb832796935182aeff80bb03cecc5465c8cf3aaccbd446acd,86129966e4bc55fac18f2d7602a2309d4403f85861102128a56a80a5a0ccc1ea,549ce168570ad110ace7b30c474d67fde99105dc25794ee8033d0652fe4cb7ae
source-identity-declaration-20260808T050813+0800-b2487b6c41a5,ZI-8fbd9976355cbb8be5048b7f,DS-000292,数据库元数据,ETH,4小时;8小时;24小时;48小时,15分钟;1小时,未知,未知,未知,未知,未知,未知,未知,未知,未知,未登记,无,config/数据/来源身份声明补采.json#身份声明[],25925ef8f47870540a3333c51fe109509d1892a094f19e7ed97ee9e9ac0bbbe7,d27b1f879c69916fdbbaa57607231145c16481c1e44a97e1b215aecb1cf8560a,未知,未知,b3a1fc5ec72ad95e258b584f936ad46befab951e0ee9e43eaa18179e34974387,无法判定,DATABASE_METADATA_IDENTITY_UNPROVEN,本批次只读；若声明、输入、Schema或授权漂移，既有结论自动失效并须追加新批次,未读取业务正文、价格、成交、订单簿、账户或凭据；身份字段不完整,为该成员提供当前版本九字段声明及逐字段Schema、授权和唯一证据定位后追加不可变批次,2d50c1344a835ceeb832796935182aeff80bb03cecc5465c8cf3aaccbd446acd,86129966e4bc55fac18f2d7602a2309d4403f85861102128a56a80a5a0ccc1ea,c1a33d1066b776339e18ca7a5d917653b6bc71bee3bfbfa303503686709a08a8
source-identity-declaration-20260808T050813+0800-b2487b6c41a5,ZI-4063df41f07d941306cf1d83,DS-000293,数据库元数据,ETH,4小时;8小时;24小时;48小时,15分钟;1小时,未知,未知,未知,未知,未知,未知,未知,未知,未知,未登记,无,config/数据/来源身份声明补采.json#身份声明[],25925ef8f47870540a3333c51fe109509d1892a094f19e7ed97ee9e9ac0bbbe7,905b8dcd9947a77fdc3bbd98eb8e21ae6935385a23c6b59bc3a9a9bf490a11ee,未知,未知,b3a1fc5ec72ad95e258b584f936ad46befab951e0ee9e43eaa18179e34974387,无法判定,DATABASE_METADATA_IDENTITY_UNPROVEN,本批次只读；若声明、输入、Schema或授权漂移，既有结论自动失效并须追加新批次,未读取业务正文、价格、成交、订单簿、账户或凭据；身份字段不完整,为该成员提供当前版本九字段声明及逐字段Schema、授权和唯一证据定位后追加不可变批次,2d50c1344a835ceeb832796935182aeff80bb03cecc5465c8cf3aaccbd446acd,86129966e4bc55fac18f2d7602a2309d4403f85861102128a56a80a5a0ccc1ea,6239f0fa716cf1adbe79fe504c469bfc693fa017eb9c479799cba94c77cca218
source-identity-declaration-20260808T050813+0800-b2487b6c41a5,ZI-4cc05befd7c25420d6616745,DS-000294,数据库元数据,ETH,4小时;8小时;24小时;48小时,15分钟;1小时,未知,未知,未知,未知,未知,未知,未知,未知,未知,未登记,无,config/数据/来源身份声明补采.json#身份声明[],25925ef8f47870540a3333c51fe109509d1892a094f19e7ed97ee9e9ac0bbbe7,6e0cb2f1b1667a8715c214ba9ec6ae7deec4b615f5f7be131aa817f0a8ad2f6f,未知,未知,b3a1fc5ec72ad95e258b584f936ad46befab951e0ee9e43eaa18179e34974387,无法判定,DATABASE_METADATA_IDENTITY_UNPROVEN,本批次只读；若声明、输入、Schema或授权漂移，既有结论自动失效并须追加新批次,未读取业务正文、价格、成交、订单簿、账户或凭据；身份字段不完整,为该成员提供当前版本九字段声明及逐字段Schema、授权和唯一证据定位后追加不可变批次,2d50c1344a835ceeb832796935182aeff80bb03cecc5465c8cf3aaccbd446acd,86129966e4bc55fac18f2d7602a2309d4403f85861102128a56a80a5a0ccc1ea,bae2b778a049017cf1ad054bf5ec790f965ce8fbaefbcd5d7a532430116162d8
source-identity-declaration-20260808T050813+0800-b2487b6c41a5,ZI-144ccc0a1a75fb0a53e5d6a3,DS-000295,数据库元数据,ETH,4小时;8小时;24小时;48小时,15分钟;1小时,未知,未知,未知,未知,未知,未知,未知,未知,未知,未登记,无,config/数据/来源身份声明补采.json#身份声明[],25925ef8f47870540a3333c51fe109509d1892a094f19e7ed97ee9e9ac0bbbe7,00b0e1303584f388a94ca8df6de78fd456403f5a27f9d9f3973b249efb0429a3,未知,未知,b3a1fc5ec72ad95e258b584f936ad46befab951e0ee9e43eaa18179e34974387,无法判定,DATABASE_METADATA_IDENTITY_UNPROVEN,本批次只读；若声明、输入、Schema或授权漂移，既有结论自动失效并须追加新批次,未读取业务正文、价格、成交、订单簿、账户或凭据；身份字段不完整,为该成员提供当前版本九字段声明及逐字段Schema、授权和唯一证据定位后追加不可变批次,2d50c1344a835ceeb832796935182aeff80bb03cecc5465c8cf3aaccbd446acd,86129966e4bc55fac18f2d7602a2309d4403f85861102128a56a80a5a0ccc1ea,8417d24ade1290869a74da0a6237dfce17904b27663c30772cb1e58a37909949
source-identity-declaration-20260808T050813+0800-b2487b6c41a5,ZI-1978e354b3d643de7ef83426,DS-000296,数据库元数据,ETH,4小时;8小时;24小时;48小时,15分钟;1小时,未知,未知,未知,未知,未知,未知,未知,未知,未知,未登记,无,config/数据/来源身份声明补采.json#身份声明[],25925ef8f47870540a3333c51fe109509d1892a094f19e7ed97ee9e9ac0bbbe7,840669cb99560c36aaa3d535c5e9358708208a5e91f514d4ff9ab0aed933b359,未知,未知,b3a1fc5ec72ad95e258b584f936ad46befab951e0ee9e43eaa18179e34974387,无法判定,DATABASE_METADATA_IDENTITY_UNPROVEN,本批次只读；若声明、输入、Schema或授权漂移，既有结论自动失效并须追加新批次,未读取业务正文、价格、成交、订单簿、账户或凭据；身份字段不完整,为该成员提供当前版本九字段声明及逐字段Schema、授权和唯一证据定位后追加不可变批次,2d50c1344a835ceeb832796935182aeff80bb03cecc5465c8cf3aaccbd446acd,86129966e4bc55fac18f2d7602a2309d4403f85861102128a56a80a5a0ccc1ea,39a921b2ca836d9a53246f3929f86d40565bb0a4c6c77c8fa8432c807f622b63
source-identity-declaration-20260808T050813+0800-b2487b6c41a5,ZI-3eac98ecd7d3ac093f446c61,DS-000297,数据库元数据,ETH,4小时;8小时;24小时;48小时,15分钟;1小时,未知,未知,未知,未知,未知,未知,未知,未知,未知,未登记,无,config/数据/来源身份声明补采.json#身份声明[],25925ef8f47870540a3333c51fe109509d1892a094f19e7ed97ee9e9ac0bbbe7,519fe32d9d7992508e1eb36adb1f37154c6813e2e5c04f9a5dfe2cdffcf5cfde,未知,未知,b3a1fc5ec72ad95e258b584f936ad46befab951e0ee9e43eaa18179e34974387,无法判定,DATABASE_METADATA_IDENTITY_UNPROVEN,本批次只读；若声明、输入、Schema或授权漂移，既有结论自动失效并须追加新批次,未读取业务正文、价格、成交、订单簿、账户或凭据；身份字段不完整,为该成员提供当前版本九字段声明及逐字段Schema、授权和唯一证据定位后追加不可变批次,2d50c1344a835ceeb832796935182aeff80bb03cecc5465c8cf3aaccbd446acd,86129966e4bc55fac18f2d7602a2309d4403f85861102128a56a80a5a0ccc1ea,a48fde8b7f5e671866d184daeb9b17a19d46dc9c3ae483a185c1f9f8b0e4b106
source-identity-declaration-20260808T050813+0800-b2487b6c41a5,ZI-8ba1d56866fa54799303bdc1,DS-000298,数据库元数据,ETH,4小时;8小时;24小时;48小时,15分钟;1小时,未知,未知,未知,未知,未知,未知,未知,未知,未知,未登记,无,config/数据/来源身份声明补采.json#身份声明[],25925ef8f47870540a3333c51fe109509d1892a094f19e7ed97ee9e9ac0bbbe7,64eb968ce0af5c19dc13ae90b7b806bd0d73999377991bbb47f2975459c7adde,未知,未知,b3a1fc5ec72ad95e258b584f936ad46befab951e0ee9e43eaa18179e34974387,无法判定,DATABASE_METADATA_IDENTITY_UNPROVEN,本批次只读；若声明、输入、Schema或授权漂移，既有结论自动失效并须追加新批次,未读取业务正文、价格、成交、订单簿、账户或凭据；身份字段不完整,为该成员提供当前版本九字段声明及逐字段Schema、授权和唯一证据定位后追加不可变批次,2d50c1344a835ceeb832796935182aeff80bb03cecc5465c8cf3aaccbd446acd,86129966e4bc55fac18f2d7602a2309d4403f85861102128a56a80a5a0ccc1ea,6b022292412675310f55a9d41488844c0e7d9c212640092a8d01e8d7097bdb59
source-identity-declaration-20260808T050813+0800-b2487b6c41a5,ZI-3bf85e0f2ad7b5ac22b13df9,DS-000299,数据库元数据,ETH,4小时;8小时;24小时;48小时,15分钟;1小时,未知,未知,未知,未知,未知,未知,未知,未知,未知,未登记,无,config/数据/来源身份声明补采.json#身份声明[],25925ef8f47870540a3333c51fe109509d1892a094f19e7ed97ee9e9ac0bbbe7,7572c0a41b5a2a39c80656f400dbe60f8ab0bd79c0fb5c3e7b44fee53f730755,未知,未知,b3a1fc5ec72ad95e258b584f936ad46befab951e0ee9e43eaa18179e34974387,无法判定,DATABASE_METADATA_IDENTITY_UNPROVEN,本批次只读；若声明、输入、Schema或授权漂移，既有结论自动失效并须追加新批次,未读取业务正文、价格、成交、订单簿、账户或凭据；身份字段不完整,为该成员提供当前版本九字段声明及逐字段Schema、授权和唯一证据定位后追加不可变批次,2d50c1344a835ceeb832796935182aeff80bb03cecc5465c8cf3aaccbd446acd,86129966e4bc55fac18f2d7602a2309d4403f85861102128a56a80a5a0ccc1ea,f7f0bda2b0a6522d833c6777937972646020f3af11521b4e43e274d3aff2073c
source-identity-declaration-20260808T050813+0800-b2487b6c41a5,ZI-e99571832236a361ee30db4d,DS-000300,数据库元数据,ETH,4小时;8小时;24小时;48小时,15分钟;1小时,未知,未知,未知,未知,未知,未知,未知,未知,未知,未登记,无,config/数据/来源身份声明补采.json#身份声明[],25925ef8f47870540a3333c51fe109509d1892a094f19e7ed97ee9e9ac0bbbe7,2e8a058057540064073e8868839e18fe0dcf848fcecc872fe0f732e40796d068,未知,未知,b3a1fc5ec72ad95e258b584f936ad46befab951e0ee9e43eaa18179e34974387,无法判定,DATABASE_METADATA_IDENTITY_UNPROVEN,本批次只读；若声明、输入、Schema或授权漂移，既有结论自动失效并须追加新批次,未读取业务正文、价格、成交、订单簿、账户或凭据；身份字段不完整,为该成员提供当前版本九字段声明及逐字段Schema、授权和唯一证据定位后追加不可变批次,2d50c1344a835ceeb832796935182aeff80bb03cecc5465c8cf3aaccbd446acd,86129966e4bc55fac18f2d7602a2309d4403f85861102128a56a80a5a0ccc1ea,fe41b1f5c4fdc601e7e1eef1ca44b2b24a35afffc7fb611116a3571c2df5bfa7
source-identity-declaration-20260808T050813+0800-b2487b6c41a5,ZI-ad9a2f4d9b2c7b77cf51ff68,DS-000301,数据库元数据,ETH,4小时;8小时;24小时;48小时,15分钟;1小时,未知,未知,未知,未知,未知,未知,未知,未知,未知,未登记,无,config/数据/来源身份声明补采.json#身份声明[],25925ef8f47870540a3333c51fe109509d1892a094f19e7ed97ee9e9ac0bbbe7,68f2f1d195a17ce77287aa8d9a2fddb75a21fdd657b03eaab6484f64e3fa61e6,未知,未知,b3a1fc5ec72ad95e258b584f936ad46befab951e0ee9e43eaa18179e34974387,无法判定,DATABASE_METADATA_IDENTITY_UNPROVEN,本批次只读；若声明、输入、Schema或授权漂移，既有结论自动失效并须追加新批次,未读取业务正文、价格、成交、订单簿、账户或凭据；身份字段不完整,为该成员提供当前版本九字段声明及逐字段Schema、授权和唯一证据定位后追加不可变批次,2d50c1344a835ceeb832796935182aeff80bb03cecc5465c8cf3aaccbd446acd,86129966e4bc55fac18f2d7602a2309d4403f85861102128a56a80a5a0ccc1ea,9762650e15bf79b2c540eac55d8326614ddc49733a43605866b3610910283f2c
source-identity-declaration-20260808T050813+0800-b2487b6c41a5,ZI-761cbb729e42b90656bd3f8e,DS-000302,数据库元数据,ETH,4小时;8小时;24小时;48小时,15分钟;1小时,未知,未知,未知,未知,未知,未知,未知,未知,未知,未登记,无,config/数据/来源身份声明补采.json#身份声明[],25925ef8f47870540a3333c51fe109509d1892a094f19e7ed97ee9e9ac0bbbe7,e8d81d71207f009298d9aa62cd4ca70df93f6bd9915064653ce32f4250ba9119,未知,未知,b3a1fc5ec72ad95e258b584f936ad46befab951e0ee9e43eaa18179e34974387,无法判定,DATABASE_METADATA_IDENTITY_UNPROVEN,本批次只读；若声明、输入、Schema或授权漂移，既有结论自动失效并须追加新批次,未读取业务正文、价格、成交、订单簿、账户或凭据；身份字段不完整,为该成员提供当前版本九字段声明及逐字段Schema、授权和唯一证据定位后追加不可变批次,2d50c1344a835ceeb832796935182aeff80bb03cecc5465c8cf3aaccbd446acd,86129966e4bc55fac18f2d7602a2309d4403f85861102128a56a80a5a0ccc1ea,2618afe6f6f1417bf079ca048dec47eee395ed257764a75cb6d74c6a29383d2d
source-identity-declaration-20260808T050813+0800-b2487b6c41a5,ZI-ba2b9396a30a8158da23a396,DS-000303,数据库元数据,ETH,4小时;8小时;24小时;48小时,15分钟;1小时,未知,未知,未知,未知,未知,未知,未知,未知,未知,未登记,无,config/数据/来源身份声明补采.json#身份声明[],25925ef8f47870540a3333c51fe109509d1892a094f19e7ed97ee9e9ac0bbbe7,2fc35c9965af5ebfd8dc154f1e3abc90aab6452dcabcb63be6c0ba42b99b66ae,未知,未知,b3a1fc5ec72ad95e258b584f936ad46befab951e0ee9e43eaa18179e34974387,无法判定,DATABASE_METADATA_IDENTITY_UNPROVEN,本批次只读；若声明、输入、Schema或授权漂移，既有结论自动失效并须追加新批次,未读取业务正文、价格、成交、订单簿、账户或凭据；身份字段不完整,为该成员提供当前版本九字段声明及逐字段Schema、授权和唯一证据定位后追加不可变批次,2d50c1344a835ceeb832796935182aeff80bb03cecc5465c8cf3aaccbd446acd,86129966e4bc55fac18f2d7602a2309d4403f85861102128a56a80a5a0ccc1ea,21f3e1bb4ac21418f385146492ce54478bc87c8c75a17a0e592a0b273f2eb3ff
source-identity-declaration-20260808T050813+0800-b2487b6c41a5,ZI-e1e37aa8d03d6a4717ac26cd,DS-000304,数据库元数据,ETH,4小时;8小时;24小时;48小时,15分钟;1小时,未知,未知,未知,未知,未知,未知,未知,未知,未知,未登记,无,config/数据/来源身份声明补采.json#身份声明[],25925ef8f47870540a3333c51fe109509d1892a094f19e7ed97ee9e9ac0bbbe7,c2c9fa3961b41e9e259be6490ed521b9165aadf0b1b4b1916440fb67cae1c923,未知,未知,b3a1fc5ec72ad95e258b584f936ad46befab951e0ee9e43eaa18179e34974387,无法判定,DATABASE_METADATA_IDENTITY_UNPROVEN,本批次只读；若声明、输入、Schema或授权漂移，既有结论自动失效并须追加新批次,未读取业务正文、价格、成交、订单簿、账户或凭据；身份字段不完整,为该成员提供当前版本九字段声明及逐字段Schema、授权和唯一证据定位后追加不可变批次,2d50c1344a835ceeb832796935182aeff80bb03cecc5465c8cf3aaccbd446acd,86129966e4bc55fac18f2d7602a2309d4403f85861102128a56a80a5a0ccc1ea,317b8f57fbaa2d689726817cb028dd9923c321612aa4b2c30d94413f38acd3c7
source-identity-declaration-20260808T050813+0800-b2487b6c41a5,ZI-69da4a00e49aba44ff106904,DS-000305,数据库元数据,ETH,4小时;8小时;24小时;48小时,15分钟;1小时,未知,未知,未知,未知,未知,未知,未知,未知,未知,未登记,无,config/数据/来源身份声明补采.json#身份声明[],25925ef8f47870540a3333c51fe109509d1892a094f19e7ed97ee9e9ac0bbbe7,64f87095fb4955a4cfbe2e6f8e643fa38d859fef411eb73741cdd2be79d23468,未知,未知,b3a1fc5ec72ad95e258b584f936ad46befab951e0ee9e43eaa18179e34974387,无法判定,DATABASE_METADATA_IDENTITY_UNPROVEN,本批次只读；若声明、输入、Schema或授权漂移，既有结论自动失效并须追加新批次,未读取业务正文、价格、成交、订单簿、账户或凭据；身份字段不完整,为该成员提供当前版本九字段声明及逐字段Schema、授权和唯一证据定位后追加不可变批次,2d50c1344a835ceeb832796935182aeff80bb03cecc5465c8cf3aaccbd446acd,86129966e4bc55fac18f2d7602a2309d4403f85861102128a56a80a5a0ccc1ea,c1cca4c8f24f04909f765131dff81930b50b2a26d91f521bf8cf9d6a6703f5e7
source-identity-declaration-20260808T050813+0800-b2487b6c41a5,ZI-68075d8d85399614caa868f9,DS-000306,数据库元数据,ETH,4小时;8小时;24小时;48小时,15分钟;1小时,未知,未知,未知,未知,未知,未知,未知,未知,未知,未登记,无,config/数据/来源身份声明补采.json#身份声明[],25925ef8f47870540a3333c51fe109509d1892a094f19e7ed97ee9e9ac0bbbe7,93e7c4e4eac3841772d4795c85297a7e79c010b12b8cf30b7a3ff8517f7146e9,未知,未知,b3a1fc5ec72ad95e258b584f936ad46befab951e0ee9e43eaa18179e34974387,无法判定,DATABASE_METADATA_IDENTITY_UNPROVEN,本批次只读；若声明、输入、Schema或授权漂移，既有结论自动失效并须追加新批次,未读取业务正文、价格、成交、订单簿、账户或凭据；身份字段不完整,为该成员提供当前版本九字段声明及逐字段Schema、授权和唯一证据定位后追加不可变批次,2d50c1344a835ceeb832796935182aeff80bb03cecc5465c8cf3aaccbd446acd,86129966e4bc55fac18f2d7602a2309d4403f85861102128a56a80a5a0ccc1ea,2b2d2b3c4c6c13b6a3fa2ee685711498789b36e8ad8794c52555af1e3c87a60d
source-identity-declaration-20260808T050813+0800-b2487b6c41a5,ZI-84d1575654e50459998a6d2c,DS-000307,数据库元数据,ETH,4小时;8小时;24小时;48小时,15分钟;1小时,未知,未知,未知,未知,未知,未知,未知,未知,未知,未登记,无,config/数据/来源身份声明补采.json#身份声明[],25925ef8f47870540a3333c51fe109509d1892a094f19e7ed97ee9e9ac0bbbe7,f951a13aeb2596cef4686717db03149070ba793813ddb720dac7f5c236b8dccd,未知,未知,b3a1fc5ec72ad95e258b584f936ad46befab951e0ee9e43eaa18179e34974387,无法判定,DATABASE_METADATA_IDENTITY_UNPROVEN,本批次只读；若声明、输入、Schema或授权漂移，既有结论自动失效并须追加新批次,未读取业务正文、价格、成交、订单簿、账户或凭据；身份字段不完整,为该成员提供当前版本九字段声明及逐字段Schema、授权和唯一证据定位后追加不可变批次,2d50c1344a835ceeb832796935182aeff80bb03cecc5465c8cf3aaccbd446acd,86129966e4bc55fac18f2d7602a2309d4403f85861102128a56a80a5a0ccc1ea,937ed4bff51aa6a5bb54fb4d27ba75bae2980fe27cc6651f5ac409b9fa06494e
source-identity-declaration-20260808T050813+0800-b2487b6c41a5,ZI-4a88ba0259b171e49f43b735,DS-000308,数据库元数据,ETH,4小时;8小时;24小时;48小时,15分钟;1小时,未知,未知,未知,未知,未知,未知,未知,未知,未知,未登记,无,config/数据/来源身份声明补采.json#身份声明[],25925ef8f47870540a3333c51fe109509d1892a094f19e7ed97ee9e9ac0bbbe7,8325e80640f1b6415b025ce8839ede1edf84d7984d84e0e4a7de7cae12f2fdfc,未知,未知,b3a1fc5ec72ad95e258b584f936ad46befab951e0ee9e43eaa18179e34974387,无法判定,DATABASE_METADATA_IDENTITY_UNPROVEN,本批次只读；若声明、输入、Schema或授权漂移，既有结论自动失效并须追加新批次,未读取业务正文、价格、成交、订单簿、账户或凭据；身份字段不完整,为该成员提供当前版本九字段声明及逐字段Schema、授权和唯一证据定位后追加不可变批次,2d50c1344a835ceeb832796935182aeff80bb03cecc5465c8cf3aaccbd446acd,86129966e4bc55fac18f2d7602a2309d4403f85861102128a56a80a5a0ccc1ea,4e5d88529c3fd69052dc0508bd1707186999cf498f2b6ddfedad396fbca1fc26
source-identity-declaration-20260808T050813+0800-b2487b6c41a5,ZI-9e3ac8b171f4d5c0d23aaf96,DS-000309,数据库元数据,ETH,4小时;8小时;24小时;48小时,15分钟;1小时,未知,未知,未知,未知,未知,未知,未知,未知,未知,未登记,无,config/数据/来源身份声明补采.json#身份声明[],25925ef8f47870540a3333c51fe109509d1892a094f19e7ed97ee9e9ac0bbbe7,31401b834ceb9f05e15f20aead63529cec7ac915394e5e58399ff7267639644e,未知,未知,b3a1fc5ec72ad95e258b584f936ad46befab951e0ee9e43eaa18179e34974387,无法判定,DATABASE_METADATA_IDENTITY_UNPROVEN,本批次只读；若声明、输入、Schema或授权漂移，既有结论自动失效并须追加新批次,未读取业务正文、价格、成交、订单簿、账户或凭据；身份字段不完整,为该成员提供当前版本九字段声明及逐字段Schema、授权和唯一证据定位后追加不可变批次,2d50c1344a835ceeb832796935182aeff80bb03cecc5465c8cf3aaccbd446acd,86129966e4bc55fac18f2d7602a2309d4403f85861102128a56a80a5a0ccc1ea,61b8c7c8f54e5a3a93a3ddb290e2ff568131a22003f4252e15166de2060f4a63
source-identity-declaration-20260808T050813+0800-b2487b6c41a5,ZI-102e25a0c8a2236a75003318,DS-000310,数据库元数据,ETH,4小时;8小时;24小时;48小时,15分钟;1小时,未知,未知,未知,未知,未知,未知,未知,未知,未知,未登记,无,config/数据/来源身份声明补采.json#身份声明[],25925ef8f47870540a3333c51fe109509d1892a094f19e7ed97ee9e9ac0bbbe7,ac10b24605fd1b3d106ccfff94457604218999ca63a55631072e36d168a1244b,未知,未知,b3a1fc5ec72ad95e258b584f936ad46befab951e0ee9e43eaa18179e34974387,无法判定,DATABASE_METADATA_IDENTITY_UNPROVEN,本批次只读；若声明、输入、Schema或授权漂移，既有结论自动失效并须追加新批次,未读取业务正文、价格、成交、订单簿、账户或凭据；身份字段不完整,为该成员提供当前版本九字段声明及逐字段Schema、授权和唯一证据定位后追加不可变批次,2d50c1344a835ceeb832796935182aeff80bb03cecc5465c8cf3aaccbd446acd,86129966e4bc55fac18f2d7602a2309d4403f85861102128a56a80a5a0ccc1ea,5299b7b95b2e4c958fa115fefd65ed16ed19df70c872cf4113d0d8137240d12a
source-identity-declaration-20260808T050813+0800-b2487b6c41a5,ZI-62d623e701e08ace29bb1ac9,DS-000311,数据库元数据,ETH,4小时;8小时;24小时;48小时,15分钟;1小时,未知,未知,未知,未知,未知,未知,未知,未知,未知,未登记,无,config/数据/来源身份声明补采.json#身份声明[],25925ef8f47870540a3333c51fe109509d1892a094f19e7ed97ee9e9ac0bbbe7,57408a49d126b606bdaf83ab4bb7bd02b4710b2376040c3190ae1bd4473d4d85,未知,未知,b3a1fc5ec72ad95e258b584f936ad46befab951e0ee9e43eaa18179e34974387,无法判定,DATABASE_METADATA_IDENTITY_UNPROVEN,本批次只读；若声明、输入、Schema或授权漂移，既有结论自动失效并须追加新批次,未读取业务正文、价格、成交、订单簿、账户或凭据；身份字段不完整,为该成员提供当前版本九字段声明及逐字段Schema、授权和唯一证据定位后追加不可变批次,2d50c1344a835ceeb832796935182aeff80bb03cecc5465c8cf3aaccbd446acd,86129966e4bc55fac18f2d7602a2309d4403f85861102128a56a80a5a0ccc1ea,059f667c8ffdad66dd2815a594aaab514880eb438fce97488a8dc34354ec53a8
source-identity-declaration-20260808T050813+0800-b2487b6c41a5,ZI-5144341657b9fb567646104a,DS-000312,数据库元数据,ETH,4小时;8小时;24小时;48小时,15分钟;1小时,未知,未知,未知,未知,未知,未知,未知,未知,未知,未登记,无,config/数据/来源身份声明补采.json#身份声明[],25925ef8f47870540a3333c51fe109509d1892a094f19e7ed97ee9e9ac0bbbe7,24985dde3d2f6f5a945237e33c528ce0e95350fb8b3217ef26e40ffd00f660b3,未知,未知,b3a1fc5ec72ad95e258b584f936ad46befab951e0ee9e43eaa18179e34974387,无法判定,DATABASE_METADATA_IDENTITY_UNPROVEN,本批次只读；若声明、输入、Schema或授权漂移，既有结论自动失效并须追加新批次,未读取业务正文、价格、成交、订单簿、账户或凭据；身份字段不完整,为该成员提供当前版本九字段声明及逐字段Schema、授权和唯一证据定位后追加不可变批次,2d50c1344a835ceeb832796935182aeff80bb03cecc5465c8cf3aaccbd446acd,86129966e4bc55fac18f2d7602a2309d4403f85861102128a56a80a5a0ccc1ea,270e659c97e4eb0e3387886af7bbfad16795250d76da8de2d532136e50ac416a
source-identity-declaration-20260808T050813+0800-b2487b6c41a5,ZI-881152f96d8e9e4844ae24e9,DS-000313,数据库元数据,ETH,4小时;8小时;24小时;48小时,15分钟;1小时,未知,未知,未知,未知,未知,未知,未知,未知,未知,未登记,无,config/数据/来源身份声明补采.json#身份声明[],25925ef8f47870540a3333c51fe109509d1892a094f19e7ed97ee9e9ac0bbbe7,fbf6a194337eeb0d40c519c90f46b6442593773512e0e365faa6d9c1d6f562cf,未知,未知,b3a1fc5ec72ad95e258b584f936ad46befab951e0ee9e43eaa18179e34974387,无法判定,DATABASE_METADATA_IDENTITY_UNPROVEN,本批次只读；若声明、输入、Schema或授权漂移，既有结论自动失效并须追加新批次,未读取业务正文、价格、成交、订单簿、账户或凭据；身份字段不完整,为该成员提供当前版本九字段声明及逐字段Schema、授权和唯一证据定位后追加不可变批次,2d50c1344a835ceeb832796935182aeff80bb03cecc5465c8cf3aaccbd446acd,86129966e4bc55fac18f2d7602a2309d4403f85861102128a56a80a5a0ccc1ea,674b53ceff7417fc5c18c4c61413b1adcfff64235d2783718241050799c292dd
source-identity-declaration-20260808T050813+0800-b2487b6c41a5,ZI-147c7f9873fd47a2fa435551,DS-000314,数据库元数据,ETH,4小时;8小时;24小时;48小时,15分钟;1小时,未知,未知,未知,未知,未知,未知,未知,未知,未知,未登记,无,config/数据/来源身份声明补采.json#身份声明[],25925ef8f47870540a3333c51fe109509d1892a094f19e7ed97ee9e9ac0bbbe7,9db3a44ee859910c7b18a87c166d510b153a770c91474a6c557219b2815719be,未知,未知,b3a1fc5ec72ad95e258b584f936ad46befab951e0ee9e43eaa18179e34974387,无法判定,DATABASE_METADATA_IDENTITY_UNPROVEN,本批次只读；若声明、输入、Schema或授权漂移，既有结论自动失效并须追加新批次,未读取业务正文、价格、成交、订单簿、账户或凭据；身份字段不完整,为该成员提供当前版本九字段声明及逐字段Schema、授权和唯一证据定位后追加不可变批次,2d50c1344a835ceeb832796935182aeff80bb03cecc5465c8cf3aaccbd446acd,86129966e4bc55fac18f2d7602a2309d4403f85861102128a56a80a5a0ccc1ea,afa96deec9d0a55c0560bc13d8ea3a253c576fac6bff806bb295efe061679111
source-identity-declaration-20260808T050813+0800-b2487b6c41a5,ZI-c724dd65f9c74cf7dbb14cf6,DS-000315,数据库元数据,ETH,4小时;8小时;24小时;48小时,15分钟;1小时,未知,未知,未知,未知,未知,未知,未知,未知,未知,未登记,无,config/数据/来源身份声明补采.json#身份声明[],25925ef8f47870540a3333c51fe109509d1892a094f19e7ed97ee9e9ac0bbbe7,28745a43fd92afac3d70cee4ddad3491844d97472d4dda22369d8ad811b9cb19,未知,未知,b3a1fc5ec72ad95e258b584f936ad46befab951e0ee9e43eaa18179e34974387,无法判定,DATABASE_METADATA_IDENTITY_UNPROVEN,本批次只读；若声明、输入、Schema或授权漂移，既有结论自动失效并须追加新批次,未读取业务正文、价格、成交、订单簿、账户或凭据；身份字段不完整,为该成员提供当前版本九字段声明及逐字段Schema、授权和唯一证据定位后追加不可变批次,2d50c1344a835ceeb832796935182aeff80bb03cecc5465c8cf3aaccbd446acd,86129966e4bc55fac18f2d7602a2309d4403f85861102128a56a80a5a0ccc1ea,5f733a8f3118c2ebf7e9d44f330125b7009f837d5cae5b95360fe2e12e3b24b7
source-identity-declaration-20260808T050813+0800-b2487b6c41a5,ZI-c9eec3c9abb8d328fed09cf7,DS-000316,数据库元数据,ETH,4小时;8小时;24小时;48小时,15分钟;1小时,未知,未知,未知,未知,未知,未知,未知,未知,未知,未登记,无,config/数据/来源身份声明补采.json#身份声明[],25925ef8f47870540a3333c51fe109509d1892a094f19e7ed97ee9e9ac0bbbe7,993ed72bd9aee1183676bb2ffb712c4bb01996d8dc0f601b657d49e62b1cc37c,未知,未知,b3a1fc5ec72ad95e258b584f936ad46befab951e0ee9e43eaa18179e34974387,无法判定,DATABASE_METADATA_IDENTITY_UNPROVEN,本批次只读；若声明、输入、Schema或授权漂移，既有结论自动失效并须追加新批次,未读取业务正文、价格、成交、订单簿、账户或凭据；身份字段不完整,为该成员提供当前版本九字段声明及逐字段Schema、授权和唯一证据定位后追加不可变批次,2d50c1344a835ceeb832796935182aeff80bb03cecc5465c8cf3aaccbd446acd,86129966e4bc55fac18f2d7602a2309d4403f85861102128a56a80a5a0ccc1ea,fb53a7abdecea3e5b6c56edb7bf76991741728c2dbeee0d007adb11089b14bbd
