来源身份批次,成员编号,资产编号,资产类型,标的,来源提供者,交易场所,市场类型,标的身份,精确合约,数据对象,Schema确切版本,授权边界,字段中文映射,状态,证据,限制,解除条件,输入成员SHA-256,远端元数据SHA-256,身份记录SHA-256,字段级证据SHA-256,授权快照SHA-256,字段证据状态
source-identity-field-evidence-20260807T182456+0800-44d9871dc3b2,ZI-bf37564aac87c9161a93ff81,DS-000001,候选数据文件,BTC,未知,未知,未知,未知,未知,未知,未知,未知,未知,拒绝,冻结文件元数据漂移,未读取文件正文；字段语义和授权边界未证明,提供当前版本字段级身份、Schema和授权边界证据后新建不可变批次,6f210f5cac4068efe59c05ccd83b4aa2dd366ae73b635fbc253611e4e60c34bb,7d3e73ab67b4763c2b9bd56d29947275b30a04a3ca8279ac06cb65b174aff3b2,89279d7a6d38dd17f1be966893a302ac0f04b421d18c4d5ae8df96f96777e06d,未知,未知,未取得
source-identity-field-evidence-20260807T182456+0800-44d9871dc3b2,ZI-3846d7813100d3d883f9e584,DS-000002,候选数据文件,BTC,未知,未知,未知,未知,未知,未知,未知,未知,未知,无法判定,白名单普通文件stat与冻结输入一致,未读取文件正文；字段语义和授权边界未证明,提供当前版本字段级身份、Schema和授权边界证据后新建不可变批次,6b54cfaecaba756425d105f3eb174d67dda343b196c6d4d553b4ccf22dac9a4b,6aab59f422c456e37143292f6d54aa86695d65cdfdfbebc85a530babd65479e4,4a890557ee6dab3f6bf5a012680065eb54eb1e9194e681ab882931fbdfa4c69f,未知,未知,未取得
source-identity-field-evidence-20260807T182456+0800-44d9871dc3b2,ZI-bad7fbdd2fd2ed50c31757ed,DS-000003,候选数据文件,BTC,未知,未知,未知,未知,未知,未知,未知,未知,未知,无法判定,白名单普通文件stat与冻结输入一致,未读取文件正文；字段语义和授权边界未证明,提供当前版本字段级身份、Schema和授权边界证据后新建不可变批次,eed06d83a64889d174bf4470b7f403841c1b8cbef394fdcd7d26373548bc330a,d061fcb16fb6777f446e22452fd1da9150447236466055559677dc5ff9b99acf,fdb17eae0e24a53b24f20337e7699e15f57df09864a5a469791692c5f297c64f,未知,未知,未取得
source-identity-field-evidence-20260807T182456+0800-44d9871dc3b2,ZI-4dee483dff86ed829a01f96f,DS-000004,候选数据文件,BTC,未知,未知,未知,未知,未知,未知,未知,未知,未知,无法判定,白名单普通文件stat与冻结输入一致,未读取文件正文；字段语义和授权边界未证明,提供当前版本字段级身份、Schema和授权边界证据后新建不可变批次,f294fc879772804fde50e9093715f6f79193e34ec200003d39435c80c660dc0f,720b0a0ec07b2423c49fa77a2ad1206369e4947202f682a8f3bbf81fcf9f539f,26a0b5cd2113e37925bf2f51358d12753c8656e767532b0705894c2ee4b7a342,未知,未知,未取得
source-identity-field-evidence-20260807T182456+0800-44d9871dc3b2,ZI-afe25106735b4aef36d7615a,DS-000005,候选数据文件,BTC,未知,未知,未知,未知,未知,未知,未知,未知,未知,无法判定,白名单普通文件stat与冻结输入一致,未读取文件正文；字段语义和授权边界未证明,提供当前版本字段级身份、Schema和授权边界证据后新建不可变批次,c3a0b74beeb3a1728b5565c3f43d47d2233ef0001367bb8588714e9f0f4d5adc,3aacc067076bb4212d38867f851fe72665f8d3e84d052a4b6be4bd52ef0b9a7e,b2896ecf12132f71a5aadc962fc5ede8c1e89b08bfeeb32bf1cb3d05f9d85ac8,未知,未知,未取得
source-identity-field-evidence-20260807T182456+0800-44d9871dc3b2,ZI-14965a0a91aae741bc36b74b,DS-000006,候选数据文件,BTC,未知,未知,未知,未知,未知,未知,未知,未知,未知,无法判定,白名单普通文件stat与冻结输入一致,未读取文件正文；字段语义和授权边界未证明,提供当前版本字段级身份、Schema和授权边界证据后新建不可变批次,078e5f02252ebb65f8c728bc0c504e3a3d3e783ebbd2641e58b3841ea530fb97,77dbe614a8f2bc92e467e5ab83e152a5fcede5f87cc8d94361a07fc2b6af7ab3,266e95674ed7a322548a8124c4029ffb41d982c0a1c2f7e1e42a89fffdf07630,未知,未知,未取得
source-identity-field-evidence-20260807T182456+0800-44d9871dc3b2,ZI-63b0e2c2062f1a2d08892d31,DS-000007,候选数据文件,BTC,未知,未知,未知,未知,未知,未知,未知,未知,未知,无法判定,白名单普通文件stat与冻结输入一致,未读取文件正文；字段语义和授权边界未证明,提供当前版本字段级身份、Schema和授权边界证据后新建不可变批次,3d27809f20371a08ed176c677aaefe132b6a4fc3c9b9acf202f0e6982c17d731,49daf128eb6893d3be242aacd0327c3422b6ec16340e56008adfb8297eab75a4,3ef5f6914e252673d85aa1d700a58024919ea0bf20e7b4a1abeaa429c35b5f16,未知,未知,未取得
source-identity-field-evidence-20260807T182456+0800-44d9871dc3b2,ZI-a3275f1ead9140426d316fda,DS-000008,候选数据文件,BTC,未知,未知,未知,未知,未知,未知,未知,未知,未知,无法判定,白名单普通文件stat与冻结输入一致,未读取文件正文；字段语义和授权边界未证明,提供当前版本字段级身份、Schema和授权边界证据后新建不可变批次,c41e435f351a0e89dcf979f9d54f0c4bf6732364a3fa041800b57b48d68dcad2,fcdcc52fab696ec5166872c3d167d6e1d98e5835ed7779c1f8b58bbc0bbad138,1d9a7163c584941c54688f861337e1172f23b19d7ff92eef7a8dfe803b7a1b0c,未知,未知,未取得
source-identity-field-evidence-20260807T182456+0800-44d9871dc3b2,ZI-24037d8a714b80d1f447c8ca,DS-000009,候选数据文件,BTC,未知,未知,未知,未知,未知,未知,未知,未知,未知,无法判定,白名单普通文件stat与冻结输入一致,未读取文件正文；字段语义和授权边界未证明,提供当前版本字段级身份、Schema和授权边界证据后新建不可变批次,57f0db998d6317598e4c7335c89cb4bd04ec0e20592158cfc71f6fc34aa5ad44,09e18ef2878876ea6db89a0f7b2c7c3eb12d93a8abfb0ef65c6e87190284698d,8e6c10cdf815f43df301c418fb07300b9a7a601eb4760a98c7f88ff3e4b04622,未知,未知,未取得
source-identity-field-evidence-20260807T182456+0800-44d9871dc3b2,ZI-8f0cd7b99b1e374adc146a4a,DS-000010,候选数据文件,BTC,未知,未知,未知,未知,未知,未知,未知,未知,未知,无法判定,白名单普通文件stat与冻结输入一致,未读取文件正文；字段语义和授权边界未证明,提供当前版本字段级身份、Schema和授权边界证据后新建不可变批次,60a868b7ba10f0aef5db99fd373934b8abcce84661ec2ad1ccee966866bbb502,8e7dbe75a1caa269391456657f6fd17f34ff249e7efab2d2d69148c483fef998,ae5773c7a790b6e0db3291f2b76b68870f833128c5591fc55a56b78fbf6397bb,未知,未知,未取得
source-identity-field-evidence-20260807T182456+0800-44d9871dc3b2,ZI-d7cbdc706bf9497b3c98b3eb,DS-000011,候选数据文件,BTC,未知,未知,未知,未知,未知,未知,未知,未知,未知,无法判定,白名单普通文件stat与冻结输入一致,未读取文件正文；字段语义和授权边界未证明,提供当前版本字段级身份、Schema和授权边界证据后新建不可变批次,0ec6f6d6ec4c9b002bb715c2ae5793b70a41ece49bc4ab71ab962b1ea26e6c10,26789b5d20dbae0f16135ef140b42709ae8ccaecf050afe135217e49376e0b25,2817ed1a9a8eb78f88e426b4c1b4879b547f3672a6d270c20d9ea83679abb09a,未知,未知,未取得
source-identity-field-evidence-20260807T182456+0800-44d9871dc3b2,ZI-bb992f68b3613e9c75ad8102,DS-000012,候选数据文件,BTC,未知,未知,未知,未知,未知,未知,未知,未知,未知,无法判定,白名单普通文件stat与冻结输入一致,未读取文件正文；字段语义和授权边界未证明,提供当前版本字段级身份、Schema和授权边界证据后新建不可变批次,4029ce33cae96639a00b1f2934304f04d9204e36e7d06ee59efff58dc5e0082a,fdc496a04037c2928a7c825a0b74c05b6df3010d22d6942bf91e0770821ddbd7,356d92777968e18772c6bdff81ff13cbfe09c74d1208bb0a5238afd67d34b824,未知,未知,未取得
source-identity-field-evidence-20260807T182456+0800-44d9871dc3b2,ZI-22947f2c8da15aea945c5d37,DS-000013,候选数据文件,BTC,未知,未知,未知,未知,未知,未知,未知,未知,未知,无法判定,白名单普通文件stat与冻结输入一致,未读取文件正文；字段语义和授权边界未证明,提供当前版本字段级身份、Schema和授权边界证据后新建不可变批次,4b5998ebc81851afafa4abf90abf85ad6f259b9415055592ade9dfafdb51f0d3,c2a10ddf86d7c07d00b256d2247e0ca3da7ae96acc5f0acbb4714e8bc3177107,4282741e07e22d9df27c4bc4ac7d1e11cf4dd15be031249707e52ddd5fc6c48d,未知,未知,未取得
source-identity-field-evidence-20260807T182456+0800-44d9871dc3b2,ZI-6fe292c785aa3707aa7bae85,DS-000014,候选数据文件,BTC,未知,未知,未知,未知,未知,未知,未知,未知,未知,无法判定,白名单普通文件stat与冻结输入一致,未读取文件正文；字段语义和授权边界未证明,提供当前版本字段级身份、Schema和授权边界证据后新建不可变批次,a2913685c4ef3199de4ac1910f6c1bd45e3a521e39fad3c5475e0071673b8a28,26ce393d592408b8b90a63a956d01597dbfc20754d740bee55233bce52e4f526,0b30f573413ec9d82aee4b5a73a8bd4b975e08d5eff53d7a2a225b83b7f2815d,未知,未知,未取得
source-identity-field-evidence-20260807T182456+0800-44d9871dc3b2,ZI-ebacff58193ae9067a1b085a,DS-000015,候选数据文件,BTC,未知,未知,未知,未知,未知,未知,未知,未知,未知,无法判定,白名单普通文件stat与冻结输入一致,未读取文件正文；字段语义和授权边界未证明,提供当前版本字段级身份、Schema和授权边界证据后新建不可变批次,0954b82bf7f57e01d704dbddc6046326d1d248a34af7095367bb8eca340f6dcf,a7ce0a68e8361608d00d1a9f0d2c004df7b348790ac40a7d2662ac5e9104aa4a,dda6cce8350827d6d7bb46340f10236957f316e8cf64fb08fbfb32c2b709e2c5,未知,未知,未取得
source-identity-field-evidence-20260807T182456+0800-44d9871dc3b2,ZI-c7222ddc077a12706bc85a0e,DS-000016,候选数据文件,BTC,未知,未知,未知,未知,未知,未知,未知,未知,未知,无法判定,白名单普通文件stat与冻结输入一致,未读取文件正文；字段语义和授权边界未证明,提供当前版本字段级身份、Schema和授权边界证据后新建不可变批次,d541c1aa39ca532bc63001a37820a93db5822824a913980ff6e6492016cd8c06,d77de365071de3a0468f14d5bed403edb15607a04f12dfa034e3dc3987928b94,18fa7ea914169f87c94a0ec656812970c1337b437dfa51fc9d5203c05cb93f64,未知,未知,未取得
source-identity-field-evidence-20260807T182456+0800-44d9871dc3b2,ZI-b662cded17c8b415bc18d325,DS-000017,候选数据文件,BTC,未知,未知,未知,未知,未知,未知,未知,未知,未知,无法判定,白名单普通文件stat与冻结输入一致,未读取文件正文；字段语义和授权边界未证明,提供当前版本字段级身份、Schema和授权边界证据后新建不可变批次,724331ff5fb4ae5702e299c4ab592929e83424f81741ca15f49f79f17bb48302,64905395a8164cd3e90cd89b4554837d1eac1d8fe62ed161461790465b1cf814,149c3595463e11496ac3c0bfb6b829ed2cf08fe455c08b1083093ed04d1f2be3,未知,未知,未取得
source-identity-field-evidence-20260807T182456+0800-44d9871dc3b2,ZI-8c0a2a61096b2a4424356b89,DS-000018,候选数据文件,BTC,未知,未知,未知,未知,未知,未知,未知,未知,未知,无法判定,白名单普通文件stat与冻结输入一致,未读取文件正文；字段语义和授权边界未证明,提供当前版本字段级身份、Schema和授权边界证据后新建不可变批次,8ac6e149c9aa2f85191b075fe19ae6ab08e0241833b5e33f84b0a42f76e71509,a0ebb89c7c71f844d01ca0a4aa1d5e9d88b71ca31d06c164bbb31ea7d7d4f93c,dc1298b19e7e9d428f11a3144b7938aadceab240e937bf13fe665c907b2b3ca8,未知,未知,未取得
source-identity-field-evidence-20260807T182456+0800-44d9871dc3b2,ZI-b8918337d2edc573b5335acf,DS-000019,候选数据文件,BTC,未知,未知,未知,未知,未知,未知,未知,未知,未知,无法判定,白名单普通文件stat与冻结输入一致,未读取文件正文；字段语义和授权边界未证明,提供当前版本字段级身份、Schema和授权边界证据后新建不可变批次,9fe44aeeec52824c44f64f54bd209145b51e04d8a6e4a281d96b9d9c9c5adc3d,af70aa82df3122012ddcf6ee61c849166c2753331d4aa5c8af4a5ea11b72e49b,bf22213babaf06b0a4d4d87e9749bb8a6286c40df5ab6af35c3aa1c521447915,未知,未知,未取得
source-identity-field-evidence-20260807T182456+0800-44d9871dc3b2,ZI-a74fe50809407c65c35e27b6,DS-000020,候选数据文件,BTC,未知,未知,未知,未知,未知,未知,未知,未知,未知,无法判定,白名单普通文件stat与冻结输入一致,未读取文件正文；字段语义和授权边界未证明,提供当前版本字段级身份、Schema和授权边界证据后新建不可变批次,1c5ab3f968edb2a20de6de92fb10feb8d2736c0dbd5b1cc743a178c603b79e8b,22cbc2ea35ae12b0993e0d6f1353934b96936d0634ba963d8ec572e27de6e8bc,f434a373254ddb5bd5108cad7ece1f36ad288f9a2a3d5b508bc855f32b4d5d0e,未知,未知,未取得
source-identity-field-evidence-20260807T182456+0800-44d9871dc3b2,ZI-37ca6c4114c93bb8aabfdb40,DS-000021,候选数据文件,BTC,未知,未知,未知,未知,未知,未知,未知,未知,未知,无法判定,白名单普通文件stat与冻结输入一致,未读取文件正文；字段语义和授权边界未证明,提供当前版本字段级身份、Schema和授权边界证据后新建不可变批次,64628c57337149fa715a32c92112d28beb11ea157cc51cbef8d8fb2ac089af2d,a52f57c741fddad5f1b4927d98100ef3c839e6d3a2876e053def12dccc7d272e,7a460c1ca089cd9dabb95afeeb67c3b85eec4a0c6bd17ea4d43147d1a665a658,未知,未知,未取得
source-identity-field-evidence-20260807T182456+0800-44d9871dc3b2,ZI-d51a63844fdefcea96fdae6d,DS-000022,候选数据文件,BTC,未知,未知,未知,未知,未知,未知,未知,未知,未知,无法判定,白名单普通文件stat与冻结输入一致,未读取文件正文；字段语义和授权边界未证明,提供当前版本字段级身份、Schema和授权边界证据后新建不可变批次,cb0f988b4041dfe60459b092dd3d8713a68e767cffe3cea694725d3b12df3874,c07d3e3ef22e96dd0a304141642dc089cc8d582eecf17f1bea2c290a6895975a,ae2950661d5f9d53363948475d03b82909d4f24a46d72f80394ff7c144fd3cbc,未知,未知,未取得
source-identity-field-evidence-20260807T182456+0800-44d9871dc3b2,ZI-62a663fd96baa6d2befc3bf2,DS-000023,候选数据文件,BTC,未知,未知,未知,未知,未知,未知,未知,未知,未知,无法判定,白名单普通文件stat与冻结输入一致,未读取文件正文；字段语义和授权边界未证明,提供当前版本字段级身份、Schema和授权边界证据后新建不可变批次,7f5828afd16eeb5023d1e7c3d6abf2f23c149f3225a3e53e1078c8e613a07332,1ade9c2915f781106ff0e562315042be2a291d85a69d7cc5e8495a2fcabc951d,bc52bc5bc28f215cd8212f210dd33f8df8a57e5d4976c0481cdb3830c6bc6dd2,未知,未知,未取得
source-identity-field-evidence-20260807T182456+0800-44d9871dc3b2,ZI-3e04430d183f37d5f6f412c6,DS-000024,候选数据文件,BTC,未知,未知,未知,未知,未知,未知,未知,未知,未知,无法判定,白名单普通文件stat与冻结输入一致,未读取文件正文；字段语义和授权边界未证明,提供当前版本字段级身份、Schema和授权边界证据后新建不可变批次,1a5501c145cb78341a0bdc4a0d62283d57d8158db9cee6a6f6b9300451cfb669,8236e7ea3a34e0ae2daf2d18a743e111badbd72abf31bb752b99055bf687fdb6,02cb5dade809c44a960dcfd2f4e457ddf97153bc0195c43c279552e2d12ceeea,未知,未知,未取得
source-identity-field-evidence-20260807T182456+0800-44d9871dc3b2,ZI-d09e19cfdcbed9a7fdc593be,DS-000025,候选数据文件,BTC,未知,未知,未知,未知,未知,未知,未知,未知,未知,无法判定,白名单普通文件stat与冻结输入一致,未读取文件正文；字段语义和授权边界未证明,提供当前版本字段级身份、Schema和授权边界证据后新建不可变批次,90a66897075859e1d9c9e335f1e6bf8caa40126b5af49abd6f7dd08c1c62ab7b,4ee70a80e4c8e753dca5559d3b9b245b8fae7d634b25d3308a447cbf7c412208,afb2f3983c745c825b2887f6fc32ca3c03c85c9d5eecb659d57b3db013e9d008,未知,未知,未取得
source-identity-field-evidence-20260807T182456+0800-44d9871dc3b2,ZI-9a5034b379b436117dafdeb9,DS-000026,候选数据文件,BTC,未知,未知,未知,未知,未知,未知,未知,未知,未知,无法判定,白名单普通文件stat与冻结输入一致,未读取文件正文；字段语义和授权边界未证明,提供当前版本字段级身份、Schema和授权边界证据后新建不可变批次,d0f705abea8912f989edaccb9cf08cd41eda84e652f74e68a9312e843e842f77,8f4500666c01ddd03143b5487f8e2ea4d36a66c119c11c2a44b12111c4bbc572,39791829d50ca9e557f787c66a81b7d1a1b565dd539dcc7a7145b67fc02435b2,未知,未知,未取得
source-identity-field-evidence-20260807T182456+0800-44d9871dc3b2,ZI-50bc11d42d88870ce48d3c15,DS-000027,候选数据文件,BTC,未知,未知,未知,未知,未知,未知,未知,未知,未知,无法判定,白名单普通文件stat与冻结输入一致,未读取文件正文；字段语义和授权边界未证明,提供当前版本字段级身份、Schema和授权边界证据后新建不可变批次,e25a817f99d52e3d90fb7614939eebcaf57d0bc0f82ee9b42e562f78d2066f9d,0cc41b70e4dfaf9e82ad12b9c05321d788f59bfe4af7e4f480db156d7c5cdef3,03fdb22ebb08b2ed2c9de3fc222ed0dcf79f89d7cb94a4e72a9f13333f3bf827,未知,未知,未取得
source-identity-field-evidence-20260807T182456+0800-44d9871dc3b2,ZI-f94898b1902c73c7204f68f4,DS-000028,候选数据文件,BTC,未知,未知,未知,未知,未知,未知,未知,未知,未知,无法判定,白名单普通文件stat与冻结输入一致,未读取文件正文；字段语义和授权边界未证明,提供当前版本字段级身份、Schema和授权边界证据后新建不可变批次,47294cc8ccff44581c75aa5d3c70bc29e9916391a25182dc2645263835aa4c55,63683567324ab80d8e563dbd07a4077ff36851cab22589074b3bfffcb9069345,c220847ce136281a4e925ee3e8c75edc230954133d0ae016473720603472c5be,未知,未知,未取得
source-identity-field-evidence-20260807T182456+0800-44d9871dc3b2,ZI-de37a154d339d6ea9dd24636,DS-000029,候选数据文件,BTC,未知,未知,未知,未知,未知,未知,未知,未知,未知,无法判定,白名单普通文件stat与冻结输入一致,未读取文件正文；字段语义和授权边界未证明,提供当前版本字段级身份、Schema和授权边界证据后新建不可变批次,7dd9f501d01b088e7ff2286b3f33fd8431fdbab3aea1cdb36bd41099a798703e,9266c6ed9369afacfacf97fd800248563ab61ea38f455267684e651d1d1f689f,0d9e049c2f9c62164629084cd4e96a2e6f19d117f8f991d917c5a77e00b7bd0f,未知,未知,未取得
source-identity-field-evidence-20260807T182456+0800-44d9871dc3b2,ZI-1d36a0c340d1ef902e9b9d9e,DS-000030,候选数据文件,BTC,未知,未知,未知,未知,未知,未知,未知,未知,未知,无法判定,白名单普通文件stat与冻结输入一致,未读取文件正文；字段语义和授权边界未证明,提供当前版本字段级身份、Schema和授权边界证据后新建不可变批次,7feaf8dbf2a33227bce6c15a332add2a8df5958d70cd20dde169159beffeafd8,c53ff544e009eed9360a600067d56c9443d8f7cd43c80a15926fe76c8ecb4796,e7a4a4b72cbbd50e897f0e46b9098614d143e788301fabdf6579fca03e13d579,未知,未知,未取得
source-identity-field-evidence-20260807T182456+0800-44d9871dc3b2,ZI-90a7b0ede5d1cf41ca54fe0d,DS-000031,候选数据文件,BTC,未知,未知,未知,未知,未知,未知,未知,未知,未知,无法判定,白名单普通文件stat与冻结输入一致,未读取文件正文；字段语义和授权边界未证明,提供当前版本字段级身份、Schema和授权边界证据后新建不可变批次,7e617ea65285053e80e850b1a42685e97f1dc11f8a21b09b7a1ddeec481c8607,19bb35a7ca3cb3b93bcfdb5976238ddd4fed4b812969e4a010885b27b782a63f,886489ebf37f53219fde60c6e7a58b19778806f24868c340652ddef41b5dc0e9,未知,未知,未取得
source-identity-field-evidence-20260807T182456+0800-44d9871dc3b2,ZI-af8bf19f503a5a5f7dd6543f,DS-000032,候选数据文件,BTC,未知,未知,未知,未知,未知,未知,未知,未知,未知,无法判定,白名单普通文件stat与冻结输入一致,未读取文件正文；字段语义和授权边界未证明,提供当前版本字段级身份、Schema和授权边界证据后新建不可变批次,2ce15b1930aad50b11f350398a0b450644e98b842f7ef2acedf4bee77e77db57,a358ba2f990830cf8e65b3aa9dc4a4f1110e77cf569b2cae43abd906558b4ed4,3e6323a717ba4d07345ce73faf01478e81ffb13a647f5674ec1e49fbbff98c15,未知,未知,未取得
source-identity-field-evidence-20260807T182456+0800-44d9871dc3b2,ZI-0e19e886b80de5aa05aaf456,DS-000033,候选数据文件,BTC,未知,未知,未知,未知,未知,未知,未知,未知,未知,无法判定,白名单普通文件stat与冻结输入一致,未读取文件正文；字段语义和授权边界未证明,提供当前版本字段级身份、Schema和授权边界证据后新建不可变批次,6c383d50d95f4de8a57eed3f877bf95e02d1617101a25d532b17bf06f1520432,1fa767005339f459ee30a79771d3fec65b80a13db234caf120891d7d0873d2ff,a50ec90f7106104a608292454635c85424ec41c672c2e95ad3a669debf5540f3,未知,未知,未取得
source-identity-field-evidence-20260807T182456+0800-44d9871dc3b2,ZI-d0e75a2e82e0873897d28939,DS-000034,候选数据文件,BTC,未知,未知,未知,未知,未知,未知,未知,未知,未知,无法判定,白名单普通文件stat与冻结输入一致,未读取文件正文；字段语义和授权边界未证明,提供当前版本字段级身份、Schema和授权边界证据后新建不可变批次,620ec0b6af2da2ee08cf1e41e20fb6206dec2fe11c489115b4686ab4d470868b,84ec48d387df85f860832866a3e8ae00450078dcc18b76dde38b7d7b4cf895f0,256cac007da2584be194b4393e628c621dc88baac7d58db52dfb0a7a948b536f,未知,未知,未取得
source-identity-field-evidence-20260807T182456+0800-44d9871dc3b2,ZI-9f4947e6d2fa71654647194e,DS-000035,候选数据文件,BTC,未知,未知,未知,未知,未知,未知,未知,未知,未知,无法判定,白名单普通文件stat与冻结输入一致,未读取文件正文；字段语义和授权边界未证明,提供当前版本字段级身份、Schema和授权边界证据后新建不可变批次,c8052ba5f3ee15d405a6a41853edafb8cc7df932629aa95e77ecbbf0cf89d0c9,4c2df098636680671642068ce30ed18948a3f11fda06bbeeb9c37dae46dc45d3,ddb314e60a49397b9fe6429a8148a37ce4a0397fdd5ae873406ae6de4d07a309,未知,未知,未取得
source-identity-field-evidence-20260807T182456+0800-44d9871dc3b2,ZI-71dc83b38b1a5a4983d0c730,DS-000036,候选数据文件,BTC,未知,未知,未知,未知,未知,未知,未知,未知,未知,无法判定,白名单普通文件stat与冻结输入一致,未读取文件正文；字段语义和授权边界未证明,提供当前版本字段级身份、Schema和授权边界证据后新建不可变批次,831dbef09d5e1df0dc41e48ab9504365e6e18a12807ca94e1c805c8181299249,ed319e1d5d71914cfa14a292721d57ed5b339f57e7330f688113ad2936541f58,fabde3c8e5c92101549344002aac27b0a077a0c3f807a39dd553c01509485838,未知,未知,未取得
source-identity-field-evidence-20260807T182456+0800-44d9871dc3b2,ZI-6f99492a5fbd85c183f61d8e,DS-000037,候选数据文件,BTC,未知,未知,未知,未知,未知,未知,未知,未知,未知,无法判定,白名单普通文件stat与冻结输入一致,未读取文件正文；字段语义和授权边界未证明,提供当前版本字段级身份、Schema和授权边界证据后新建不可变批次,c6a61887a923c5a8e4ba052c9fa91d7c255b03f4bcc5c28d53deafc5f40d8e2b,c8bfcfb0b7c920a4e615d62d293b3d5daf0f3fd21848db7ed39e984cbd51d518,91480ef77032d9302c3e3f3fd177dd54a32f37e52a108d961a90cd4667d23949,未知,未知,未取得
source-identity-field-evidence-20260807T182456+0800-44d9871dc3b2,ZI-9d505f466a534d4c682806e4,DS-000038,候选数据文件,BTC,未知,未知,未知,未知,未知,未知,未知,未知,未知,无法判定,白名单普通文件stat与冻结输入一致,未读取文件正文；字段语义和授权边界未证明,提供当前版本字段级身份、Schema和授权边界证据后新建不可变批次,fa4631a27e1710a2adac5e18f14fba4d3ac7985b62a900a8a32921c0f616b5e6,64409f8c417dd8ccd1c625f02c545d00e018f681bf69d537b41af8cddfb0830c,bf6bcc91ba5fa20ce860af4aec1d0ea93347522efc5c05fb5cf716b54924e2fb,未知,未知,未取得
source-identity-field-evidence-20260807T182456+0800-44d9871dc3b2,ZI-5202b33cd76d35c9b4da14bf,DS-000039,候选数据文件,BTC,未知,未知,未知,未知,未知,未知,未知,未知,未知,无法判定,白名单普通文件stat与冻结输入一致,未读取文件正文；字段语义和授权边界未证明,提供当前版本字段级身份、Schema和授权边界证据后新建不可变批次,87a8b34d0a521a1b81b170b9eadc51933b3582c7ff859894e05f962bbaa7b31a,e90e81e29b4bfab81993aa1376ad5458b1ea5858217c54b4ee6546ef0cabcc49,361f0adcbc6f80eace4a50715d3a458ba55615b3090ea57c1d939645b1f9d4ae,未知,未知,未取得
source-identity-field-evidence-20260807T182456+0800-44d9871dc3b2,ZI-eb360ff1fbdbe74db1aaedae,DS-000040,候选数据文件,BTC,未知,未知,未知,未知,未知,未知,未知,未知,未知,无法判定,白名单普通文件stat与冻结输入一致,未读取文件正文；字段语义和授权边界未证明,提供当前版本字段级身份、Schema和授权边界证据后新建不可变批次,4790bac68af16a75efca855b27de95148a8f7d869a8eb4d8366de3015c759626,7e4f731838286d6b16c18131779d77b2ee9e04d755e0cf82dae2cd7a5a64ceec,e528e41fab0ec39865d7ec394733a5bd1861e10707406ac07c226dcdae543035,未知,未知,未取得
source-identity-field-evidence-20260807T182456+0800-44d9871dc3b2,ZI-59cd4def5a80d4b7162c7401,DS-000041,候选数据文件,BTC,未知,未知,未知,未知,未知,未知,未知,未知,未知,无法判定,白名单普通文件stat与冻结输入一致,未读取文件正文；字段语义和授权边界未证明,提供当前版本字段级身份、Schema和授权边界证据后新建不可变批次,286620d7066b28b8ed933077901ecb9ff8a5c8e40df6514ff7c3ba5ecac9abe8,509c5d71c5a4af2ff28fa46cb896c17925c8133312b9c7e5a7314bd695a37275,6faf868956ca068dcbf989ace998c65c1c5e3e5edd0a4bbc3808eba626da0eef,未知,未知,未取得
source-identity-field-evidence-20260807T182456+0800-44d9871dc3b2,ZI-28b27eba60391c882e91fe7c,DS-000042,候选数据文件,BTC,未知,未知,未知,未知,未知,未知,未知,未知,未知,拒绝,冻结文件元数据漂移,未读取文件正文；字段语义和授权边界未证明,提供当前版本字段级身份、Schema和授权边界证据后新建不可变批次,9481f1a90753f8379ea69a4aa88f1289d5bb48cf515812dd34aca6a32ed0708f,76de7eb71668d1d8ca6a1934d353fc0a4bf1cad667276e2a944e4c5eab6fe2c9,a21e4ae12f235cc99180460b5e85e9ed25b57682bb0cc7025045426f573fcec0,未知,未知,未取得
source-identity-field-evidence-20260807T182456+0800-44d9871dc3b2,ZI-1cf476188f922d17399cba47,DS-000043,候选数据文件,BTC,未知,未知,未知,未知,未知,未知,未知,未知,未知,无法判定,白名单普通文件stat与冻结输入一致,未读取文件正文；字段语义和授权边界未证明,提供当前版本字段级身份、Schema和授权边界证据后新建不可变批次,ab6e9c5b122b709541147d45af09142fa48c4c8a57e5fd6e14d93cbfe55942f2,1ab3582894b224eff3fb2fa63fbeadd2e5a751bb42f0e980811d4bcabf3e0afa,f6eed5ae3662835e052ef3dd2c59f1cbd08cb49e326dbcd06fbbacd5704b92da,未知,未知,未取得
source-identity-field-evidence-20260807T182456+0800-44d9871dc3b2,ZI-3f0f96416ab0e94e0fb49698,DS-000044,候选数据文件,BTC,未知,未知,未知,未知,未知,未知,未知,未知,未知,无法判定,白名单普通文件stat与冻结输入一致,未读取文件正文；字段语义和授权边界未证明,提供当前版本字段级身份、Schema和授权边界证据后新建不可变批次,4b351da245a5729653e1e8695950bb4ec677aa15b29af4adcaea6d6c4773688a,ca65d64d4b35602c57b5c2e317ad25d1d367b9815862bb342b5c290df31ca4b0,d7a537ca93834d03aea378492d7b484e1ed99489d8e9caa530dccf303d894482,未知,未知,未取得
source-identity-field-evidence-20260807T182456+0800-44d9871dc3b2,ZI-e95abca6578fd05efc1e15f3,DS-000045,候选数据文件,BTC,未知,未知,未知,未知,未知,未知,未知,未知,未知,无法判定,白名单普通文件stat与冻结输入一致,未读取文件正文；字段语义和授权边界未证明,提供当前版本字段级身份、Schema和授权边界证据后新建不可变批次,7969b3cc256f4b649caaa29cb58c697653c15965c89907fd86f2e98016eff342,a1d2cfff6b7597708171712722a401a5bfa33abef6ed4c7e17a032cac48069e0,a8f2670601f989c4b9449426ce1a83c0cee90ba4a15b80094ddcf4c99bb895f9,未知,未知,未取得
source-identity-field-evidence-20260807T182456+0800-44d9871dc3b2,ZI-3379bd8636483e94be99ec24,DS-000046,候选数据文件,BTC,未知,未知,未知,未知,未知,未知,未知,未知,未知,无法判定,白名单普通文件stat与冻结输入一致,未读取文件正文；字段语义和授权边界未证明,提供当前版本字段级身份、Schema和授权边界证据后新建不可变批次,d2c16595af2ff812b9699afbac5821cee73e4c3f6842fa3a5a109853626e6c4d,ac21ad0160347ce7759d07f5ec375fb47e763ab6d6a4b05687b2c90453b8a727,25d8914dfb44f1256001565f2bb1f732e9ed115ea1965f02495e11dac13f47ad,未知,未知,未取得
source-identity-field-evidence-20260807T182456+0800-44d9871dc3b2,ZI-e9c04e44e219308250fcfba3,DS-000047,候选数据文件,BTC,未知,未知,未知,未知,未知,未知,未知,未知,未知,无法判定,白名单普通文件stat与冻结输入一致,未读取文件正文；字段语义和授权边界未证明,提供当前版本字段级身份、Schema和授权边界证据后新建不可变批次,bef8b79e0bee8d3d15ff6d609fb35f08d45972b26fe4f024fbeee00416ef25a9,faa18bd5824935b766c127ec196d42d6aa9818b34e082263f7ac7e97f55a34ee,604a03c27e74b7d84b0a30848fa3000270a739ff5fa5ea11e393f63872677696,未知,未知,未取得
source-identity-field-evidence-20260807T182456+0800-44d9871dc3b2,ZI-99675e73612aefac9625cff4,DS-000048,候选数据文件,BTC,未知,未知,未知,未知,未知,未知,未知,未知,未知,无法判定,白名单普通文件stat与冻结输入一致,未读取文件正文；字段语义和授权边界未证明,提供当前版本字段级身份、Schema和授权边界证据后新建不可变批次,27c0d7523fd027e4594aaaebc9fd2b4c9853db367233c9469ddddb6909841121,986476d44f7d193274195c9c819155e0a07dcf635b32c62559ce3e08f872fe37,00cea3226a60bfce4b0dcbe9135f9b4685ce69db3ac5456f7176d200fd8f3ed9,未知,未知,未取得
source-identity-field-evidence-20260807T182456+0800-44d9871dc3b2,ZI-feaa0f97c21b956a87e42395,DS-000049,候选数据文件,BTC,未知,未知,未知,未知,未知,未知,未知,未知,未知,无法判定,白名单普通文件stat与冻结输入一致,未读取文件正文；字段语义和授权边界未证明,提供当前版本字段级身份、Schema和授权边界证据后新建不可变批次,4fe0f84c8d96411a88be702c038c1a07e59990872b4f40ea4c994bc83ed839a3,3635259cb082d206bab390fbfdc271ced7a32fb52d3871095a38b4e7ca14fb3f,c886ae7c70aba9432ef4fc905a48336e4a062b9f893640b1395d8bb6b85923ee,未知,未知,未取得
source-identity-field-evidence-20260807T182456+0800-44d9871dc3b2,ZI-833060375f085d1b0f2b75c7,DS-000050,候选数据文件,BTC,未知,未知,未知,未知,未知,未知,未知,未知,未知,无法判定,白名单普通文件stat与冻结输入一致,未读取文件正文；字段语义和授权边界未证明,提供当前版本字段级身份、Schema和授权边界证据后新建不可变批次,dbba04adf9e0ed6082031b7d3b413eec7ec31a70b2e28e729c73ec97d3a920c4,cf0c495f5e98d0482a1e85c64c9da89ce2a74143e0009e4b426fffa1d1bb6c2a,7103c6d8dd65700d897c125f36252e176e2036839ccc931ba74f3ca657117226,未知,未知,未取得
source-identity-field-evidence-20260807T182456+0800-44d9871dc3b2,ZI-97f8dcaf6e0dc9d1a0e4bbdb,DS-000051,候选数据文件,BTC,未知,未知,未知,未知,未知,未知,未知,未知,未知,无法判定,白名单普通文件stat与冻结输入一致,未读取文件正文；字段语义和授权边界未证明,提供当前版本字段级身份、Schema和授权边界证据后新建不可变批次,a7632909fefcd410f99ea46b0ca9e8c6c0a75f845b8499b8f0e2a6438275e2d2,7ba836819467b949a8f5e418f5248aa9a18513f6f4c3e32ade8c6a830e003571,0175b63b4db8a2612db31b5663984a578842bf2536d0f53ddee614a4cc99e9d8,未知,未知,未取得
source-identity-field-evidence-20260807T182456+0800-44d9871dc3b2,ZI-f0e8c66b07d04a1be38b27dd,DS-000052,候选数据文件,BTC,未知,未知,未知,未知,未知,未知,未知,未知,未知,无法判定,白名单普通文件stat与冻结输入一致,未读取文件正文；字段语义和授权边界未证明,提供当前版本字段级身份、Schema和授权边界证据后新建不可变批次,04143c6927d1275ecc2e6a7ad519ea36c53154683aee2d5e619e273dfbd2c3a5,f0289dc5d1d8b1add7ba153c1d6997cca21573191f766742252ab2222fd46d0a,5bb5764120ddc81dfa1e441b4256e3a5047786b7bc2798ccc98cd5a27e48a54f,未知,未知,未取得
source-identity-field-evidence-20260807T182456+0800-44d9871dc3b2,ZI-3b5d3d5f111d5d79a85d29b4,DS-000053,候选数据文件,BTC,未知,未知,未知,未知,未知,未知,未知,未知,未知,无法判定,白名单普通文件stat与冻结输入一致,未读取文件正文；字段语义和授权边界未证明,提供当前版本字段级身份、Schema和授权边界证据后新建不可变批次,727c4cd15bbd1028cdcf0542f546b79bdf0b6cf5848a5c9875880c0c1d118d34,303eba9553258b74ad9dca5381d172e8a62eccec812de2a3f5646266ccb12c69,e8f3a0c8054d06ebb72b582734c0cef78f2d296cd721ad369c5306d20b926143,未知,未知,未取得
source-identity-field-evidence-20260807T182456+0800-44d9871dc3b2,ZI-87c2a233404d1351a0c1614a,DS-000054,候选数据文件,BTC,未知,未知,未知,未知,未知,未知,未知,未知,未知,无法判定,白名单普通文件stat与冻结输入一致,未读取文件正文；字段语义和授权边界未证明,提供当前版本字段级身份、Schema和授权边界证据后新建不可变批次,4eca34b92987b0f4628fe992c99d93e94d8dda2644da3ff72acf419a06dd10dc,544134e56ab1d5ac959b5051c607fe9200ba8631b242d124287b52c7049003dd,9dc1386ceda69c7dba3f98f4d7f7f1db9653cb55d59134cc3f42c0f7e7bdf61f,未知,未知,未取得
source-identity-field-evidence-20260807T182456+0800-44d9871dc3b2,ZI-a0e8958994c3e7cc60444105,DS-000055,候选数据文件,BTC,未知,未知,未知,未知,未知,未知,未知,未知,未知,无法判定,白名单普通文件stat与冻结输入一致,未读取文件正文；字段语义和授权边界未证明,提供当前版本字段级身份、Schema和授权边界证据后新建不可变批次,d7a56bb2b3f2d1353ae1bdb490dd50f66b9a721e38cbd5d20c71732b5afae1f2,11d2954c11bfc7446cfa362aed838264eb368c212fdf684f670ba9d6017ec386,9602c59a8278623c09a2f2207a1ce5542e091d56c716f47a5519c05d3ff66862,未知,未知,未取得
source-identity-field-evidence-20260807T182456+0800-44d9871dc3b2,ZI-54e62d810981feeba9196e8d,DS-000056,候选数据文件,BTC,未知,未知,未知,未知,未知,未知,未知,未知,未知,无法判定,白名单普通文件stat与冻结输入一致,未读取文件正文；字段语义和授权边界未证明,提供当前版本字段级身份、Schema和授权边界证据后新建不可变批次,664065d8bcbfde6ce83948e226f424c3f8c73c2aa7a808c48ca3483bbcfdd2d2,70925ae9d926420ec16c949e99ada3d5f0fdb5b6f1eb6d5c25e11f9e4840f751,e0d75491e306b88781623062d31135110c79c8ab83c19ce9227917e9660eceab,未知,未知,未取得
source-identity-field-evidence-20260807T182456+0800-44d9871dc3b2,ZI-1ffb29f3c048f7f9c99afb68,DS-000057,候选数据文件,BTC,未知,未知,未知,未知,未知,未知,未知,未知,未知,无法判定,白名单普通文件stat与冻结输入一致,未读取文件正文；字段语义和授权边界未证明,提供当前版本字段级身份、Schema和授权边界证据后新建不可变批次,ae21fda5c0653f332e55a07d8845e164909d455385ec75880755b67592ab6e08,8a574281fb274b31941f56d7e0ed06d285922184ee83942b66f3d5f1d8da48fc,d35b374067243af915bd37e4d94feba4a6c6b7b6da32ab4b0588c769fbb09451,未知,未知,未取得
source-identity-field-evidence-20260807T182456+0800-44d9871dc3b2,ZI-6a4189c6cb894961a396d1b1,DS-000058,候选数据文件,BTC,未知,未知,未知,未知,未知,未知,未知,未知,未知,无法判定,白名单普通文件stat与冻结输入一致,未读取文件正文；字段语义和授权边界未证明,提供当前版本字段级身份、Schema和授权边界证据后新建不可变批次,c660829578896811167b8d845c14d303efa2e3f8b50e904d73e411784995991a,5355aad5c72613ad863671ecc4d21f8518f1b5d3ceacaa0a8868b9b2fe00aa65,ca24b7898caf5b8cb52a50986b66855115f36b7fe73745b02b8894c71ce724aa,未知,未知,未取得
source-identity-field-evidence-20260807T182456+0800-44d9871dc3b2,ZI-00eda622e78ef39a01015ba9,DS-000059,候选数据文件,BTC,未知,未知,未知,未知,未知,未知,未知,未知,未知,无法判定,白名单普通文件stat与冻结输入一致,未读取文件正文；字段语义和授权边界未证明,提供当前版本字段级身份、Schema和授权边界证据后新建不可变批次,6ab67b288358b14fec04f0192375baa6f051a76cf8cbe96f4f6da90007923591,22954c40815b5b5c5c294cf44bcafdc481900b7855490baa6effd7487eabcc4e,c37c8af52d5fdbcf9754f9b51bfef1d93e9f9f2513b859b96d800ae130f600ab,未知,未知,未取得
source-identity-field-evidence-20260807T182456+0800-44d9871dc3b2,ZI-53b60db8e4a05b06d7a4c2fc,DS-000060,候选数据文件,BTC,未知,未知,未知,未知,未知,未知,未知,未知,未知,无法判定,白名单普通文件stat与冻结输入一致,未读取文件正文；字段语义和授权边界未证明,提供当前版本字段级身份、Schema和授权边界证据后新建不可变批次,adf7fdba5eb0d647d00287e9447a608eb8c49dc7152886e47ac7594111d44ddd,b0b01f2447cea6fb8c39684557cb05176c73c4417c656278dc53925794078ec3,2eb1d3177fa2df1f200add27e5cf2c9b7fe64d87239dcff36516dde35fb18c23,未知,未知,未取得
source-identity-field-evidence-20260807T182456+0800-44d9871dc3b2,ZI-3bf1600f7a490d1c0e92c629,DS-000061,候选数据文件,BTC,未知,未知,未知,未知,未知,未知,未知,未知,未知,无法判定,白名单普通文件stat与冻结输入一致,未读取文件正文；字段语义和授权边界未证明,提供当前版本字段级身份、Schema和授权边界证据后新建不可变批次,3a5d875afbc06a8c4e2c1bfabdef47e60bab08f23564741f433dc66b18ada1f9,78add932069d9cb7dc25e318a4177c8ffd63c1d3a2528fb9b33fac16ecb46488,0afaadd755db33a47c47cbae178007278db67e4527e8dd6445d20f5555dbfc1f,未知,未知,未取得
source-identity-field-evidence-20260807T182456+0800-44d9871dc3b2,ZI-5997c1cab5104ea92a74dd2e,DS-000062,候选数据文件,BTC,未知,未知,未知,未知,未知,未知,未知,未知,未知,无法判定,白名单普通文件stat与冻结输入一致,未读取文件正文；字段语义和授权边界未证明,提供当前版本字段级身份、Schema和授权边界证据后新建不可变批次,5710a895d201ba1fbc94beb00d9e2422377065f1fd515e16b50be19199c8a5ec,f535f95e1151771d3a7ee809e0a4071295c3970ea3b5141d36e8d884304bbabf,5f5759655a62a39ed627d5e7c1adc57a96331348b564aa5e4bbcdbe723456636,未知,未知,未取得
source-identity-field-evidence-20260807T182456+0800-44d9871dc3b2,ZI-04475b7c457ff1d625fa1904,DS-000063,候选数据文件,BTC,未知,未知,未知,未知,未知,未知,未知,未知,未知,无法判定,白名单普通文件stat与冻结输入一致,未读取文件正文；字段语义和授权边界未证明,提供当前版本字段级身份、Schema和授权边界证据后新建不可变批次,26a4dec78e9ebed059e05fe413141f5a5cc7f1dfcb2dd638b319e4006f4ae6b7,a2ab5a0b3f6041379a35419a360de8ff9bb8c290cc73117b6b85c8842f310bda,a57ff432a16a17c960888102abdf2ce1225453d96d52133f2d3f52aa28302d6f,未知,未知,未取得
source-identity-field-evidence-20260807T182456+0800-44d9871dc3b2,ZI-13ef7d5e793b0e8f61f9f6b4,DS-000064,候选数据文件,BTC,未知,未知,未知,未知,未知,未知,未知,未知,未知,无法判定,白名单普通文件stat与冻结输入一致,未读取文件正文；字段语义和授权边界未证明,提供当前版本字段级身份、Schema和授权边界证据后新建不可变批次,f1f6b00f8921b2167b1f004ba0cb0abd4ef1f7fa7f4123aa449bed5a319e5b47,8dbaa55e74e72634f75fc6db93f4ea9bb24028d0c4c112b551a303e220119435,a1849ac62a2a56d1405494e383e14dc2254a6271b3a764cac675937a33617eac,未知,未知,未取得
source-identity-field-evidence-20260807T182456+0800-44d9871dc3b2,ZI-0c25fa7b259d916e8b019c93,DS-000065,候选数据文件,BTC,未知,未知,未知,未知,未知,未知,未知,未知,未知,无法判定,白名单普通文件stat与冻结输入一致,未读取文件正文；字段语义和授权边界未证明,提供当前版本字段级身份、Schema和授权边界证据后新建不可变批次,eab3d84b522308f2ae60c693e4d4eaa4a5821cd91eba8b0d32793da5476732a3,6387c962d137903b08ebb9b120edf7282b1f0e1be374a94e2a082ff0e17584fb,617aae5d16358c848708b830beaca02280db290c72157cfe89ea136f2ef58c41,未知,未知,未取得
source-identity-field-evidence-20260807T182456+0800-44d9871dc3b2,ZI-b71f8ba08a9ed0ebaf0eb354,DS-000066,候选数据文件,BTC,未知,未知,未知,未知,未知,未知,未知,未知,未知,无法判定,白名单普通文件stat与冻结输入一致,未读取文件正文；字段语义和授权边界未证明,提供当前版本字段级身份、Schema和授权边界证据后新建不可变批次,b4c1118b099f8af0e0124bcd8ab32c7080e4c77c9db562d06a2ddfb0aaef470f,57c4235455d4808409fdc2278426e38182c6c3c3827203db762f589cd079530e,abd89d981c4d923374e1e7e68b73a0615204dab5120588a6ea93e74312ee5930,未知,未知,未取得
source-identity-field-evidence-20260807T182456+0800-44d9871dc3b2,ZI-a299ddfd734c4ab74af0b3e2,DS-000067,候选数据文件,BTC,未知,未知,未知,未知,未知,未知,未知,未知,未知,无法判定,白名单普通文件stat与冻结输入一致,未读取文件正文；字段语义和授权边界未证明,提供当前版本字段级身份、Schema和授权边界证据后新建不可变批次,0aacf650e5c210dc3a2f861d8ec121819cbf065be98ebffdaefac4f009fe321b,83f8c6caaf440c8814a607fde4e813ca84cd2e0da37e07e652d32795cd62ab74,cbfb7166740a7dedb867f702ce3bbcd0495f97a1a78484e9423b00de52a9f02c,未知,未知,未取得
source-identity-field-evidence-20260807T182456+0800-44d9871dc3b2,ZI-542e5737b0c583e4ba78c4d8,DS-000068,候选数据文件,BTC,未知,未知,未知,未知,未知,未知,未知,未知,未知,无法判定,白名单普通文件stat与冻结输入一致,未读取文件正文；字段语义和授权边界未证明,提供当前版本字段级身份、Schema和授权边界证据后新建不可变批次,db30c154a1919ffb0c2c0e6029d2f69014247f83417003c9f872c26cf0a21977,39464a8c409c377dc4b79887f29ac50c130ffb25a0ebe0047bc259bbd40b189f,2d5dc3bdbd6dd3f93e53c170b868f6ad910c69b0e30a361dc2dc848bb7283d7a,未知,未知,未取得
source-identity-field-evidence-20260807T182456+0800-44d9871dc3b2,ZI-48f77e4e45c16d6e82eafb9d,DS-000069,候选数据文件,BTC,未知,未知,未知,未知,未知,未知,未知,未知,未知,无法判定,白名单普通文件stat与冻结输入一致,未读取文件正文；字段语义和授权边界未证明,提供当前版本字段级身份、Schema和授权边界证据后新建不可变批次,94ab5dc58dcd90b5be0cd9c24412f3966fe4b99eb33d8a5f3620a6854ac8143e,7118c13d82522e2144003b26e3bf5ffcd56b10839c904f0ee6595877300ad810,756422c8a9dc12c5ada4760d34d470854fbfeb9376c77c1647edaa90969bb198,未知,未知,未取得
source-identity-field-evidence-20260807T182456+0800-44d9871dc3b2,ZI-3c25a7ab173319e547e57556,DS-000070,候选数据文件,BTC,未知,未知,未知,未知,未知,未知,未知,未知,未知,无法判定,白名单普通文件stat与冻结输入一致,未读取文件正文；字段语义和授权边界未证明,提供当前版本字段级身份、Schema和授权边界证据后新建不可变批次,b04d9cf5f0550dd3b100f17db6b09f4e9755f27bc2dfb80444837b7bdeece9f7,260547bdd88ddc589669bc68f9ef207f77ef6167aa43a77a29edc8129a726484,afc3736e1fcf53785ac81ae919c6412da83b12202cab1e2989078cdfed6033e2,未知,未知,未取得
source-identity-field-evidence-20260807T182456+0800-44d9871dc3b2,ZI-c5110b7d8549897e8abdd7e5,DS-000071,候选数据文件,BTC,未知,未知,未知,未知,未知,未知,未知,未知,未知,无法判定,白名单普通文件stat与冻结输入一致,未读取文件正文；字段语义和授权边界未证明,提供当前版本字段级身份、Schema和授权边界证据后新建不可变批次,0862e2f5ee203957cf6bdf9e0cccea6c1bd224b6343746e2c26cb9d1aefecc2a,40efbd0d502ac58cece4ad0eca0ba850d7b0b29c27d3b76b4e4a2f5c7e3c3468,48fd1be68528388f1661c8eb80f636426e4d0df892e6aa9bb5c46059e3915b1b,未知,未知,未取得
source-identity-field-evidence-20260807T182456+0800-44d9871dc3b2,ZI-6f2bfe54fc6b3bc0ee2bd29a,DS-000072,候选数据文件,BTC,未知,未知,未知,未知,未知,未知,未知,未知,未知,无法判定,白名单普通文件stat与冻结输入一致,未读取文件正文；字段语义和授权边界未证明,提供当前版本字段级身份、Schema和授权边界证据后新建不可变批次,15027222020681861caf23abd321393fbb4237b3f83100c4b4534386b40b95c7,f6e0f8eab71e6d97b7396243d80a59af21a70edd72fc324bcb8f8bb248c73cb7,b66c05773a05090baa3ab938eddc1a1bdfc288aae01a2f35565ce76c0b63fe49,未知,未知,未取得
source-identity-field-evidence-20260807T182456+0800-44d9871dc3b2,ZI-b82975cefd7452a08a009414,DS-000073,候选数据文件,BTC,未知,未知,未知,未知,未知,未知,未知,未知,未知,无法判定,白名单普通文件stat与冻结输入一致,未读取文件正文；字段语义和授权边界未证明,提供当前版本字段级身份、Schema和授权边界证据后新建不可变批次,2deca25c4bce98ed07321e7eac5d762f307f7f056c5ce4b08ebd7b4b8f4c7364,826199c8dcdf88fe5bd8f94499e5ed3e390bba7f2defc44194b48a71ac369aad,3e2eaef2984aebe123a3361e5a540de5e8fc3df591d0fbd0f0b3b22a285a5eff,未知,未知,未取得
source-identity-field-evidence-20260807T182456+0800-44d9871dc3b2,ZI-58f7d32e980dbb401fc80a90,DS-000074,候选数据文件,BTC,未知,未知,未知,未知,未知,未知,未知,未知,未知,无法判定,白名单普通文件stat与冻结输入一致,未读取文件正文；字段语义和授权边界未证明,提供当前版本字段级身份、Schema和授权边界证据后新建不可变批次,ac5b354c4a5253401a4abe672fd70623e5d2f3a6022e2de9dfe19e3d64c073bb,bdd7c3a343cc29003be15c75d115f08008758666888cea8e08d62f4c328269ab,d57bb1aebee9524e3122b19dd9bb06f6dd97be6cfa4aa971b78571c7a13636d2,未知,未知,未取得
source-identity-field-evidence-20260807T182456+0800-44d9871dc3b2,ZI-702ab124ec1d6104a18682cc,DS-000075,候选数据文件,BTC,未知,未知,未知,未知,未知,未知,未知,未知,未知,无法判定,白名单普通文件stat与冻结输入一致,未读取文件正文；字段语义和授权边界未证明,提供当前版本字段级身份、Schema和授权边界证据后新建不可变批次,e5adabe624a278724b6ce1f97aeb2e7478b7ef0b117219951e3dd57b9a70dab7,97686a91de67ce2031e10fccecf16ccf9571e149dc532e0b7263f279d4d5102c,da375bb57ecea5bb76d9b03b36842cd2f4d1a01337295c8dca7a3b94d0c9f6a2,未知,未知,未取得
source-identity-field-evidence-20260807T182456+0800-44d9871dc3b2,ZI-eb4f39de309ba813696327df,DS-000076,候选数据文件,BTC,未知,未知,未知,未知,未知,未知,未知,未知,未知,无法判定,白名单普通文件stat与冻结输入一致,未读取文件正文；字段语义和授权边界未证明,提供当前版本字段级身份、Schema和授权边界证据后新建不可变批次,e8f121115255b3f336495618342f8a1f0e4377727cdcd8fbf7e7f6007899d3c1,79cbf0a566d3199a656ca9e5c521edf31628a1c9ef09fe25c1ecd9cdf6b31ba9,332d03ec4f2c7fa77c3f13de4f92a81a01e97ec7a2b0085cdeb20e82940447cb,未知,未知,未取得
source-identity-field-evidence-20260807T182456+0800-44d9871dc3b2,ZI-a2a17d00e18d8270c3da40b2,DS-000077,候选数据文件,BTC,未知,未知,未知,未知,未知,未知,未知,未知,未知,无法判定,白名单普通文件stat与冻结输入一致,未读取文件正文；字段语义和授权边界未证明,提供当前版本字段级身份、Schema和授权边界证据后新建不可变批次,b93cbc4a97f28e776414cc96ef1c9b6d33baf46dedf6542fc40b5f24ebb90aab,61df4a74979d22c8386e96f10d0a553bd24e73235e25e1580b0cc8cf9a897868,2a42fbd9c0d0cce6f9d4010aef14ee088c907d6c9b2844bc2fbfe3b9e2c2d188,未知,未知,未取得
source-identity-field-evidence-20260807T182456+0800-44d9871dc3b2,ZI-348f6f63e47eaafea3ee9552,DS-000078,候选数据文件,BTC,未知,未知,未知,未知,未知,未知,未知,未知,未知,无法判定,白名单普通文件stat与冻结输入一致,未读取文件正文；字段语义和授权边界未证明,提供当前版本字段级身份、Schema和授权边界证据后新建不可变批次,9ff25aec656063d50358c451f21569aac06eaec60abb7eb1209d023004fcd058,115d4008ce6ea5c90d85d11abeae957d5a671964d81f974d5a992177243f779a,b651d781f9132078ec4065424315bf69393fd372362b3acbd0775e1d076d1aa0,未知,未知,未取得
source-identity-field-evidence-20260807T182456+0800-44d9871dc3b2,ZI-502eb39d03727e04069cd747,DS-000079,候选数据文件,BTC,未知,未知,未知,未知,未知,未知,未知,未知,未知,无法判定,白名单普通文件stat与冻结输入一致,未读取文件正文；字段语义和授权边界未证明,提供当前版本字段级身份、Schema和授权边界证据后新建不可变批次,2b9634a627f69599a77aa29fa4a7056feb846f6a024ecdb8f55a1c04aa95fea2,c5cd3bce5007ac92933e60d378593116723a4b800561f913510e8091e8e7fe30,ca1659f594fedcbc973619728b747943036d1322481eedebacbb211e87fd371c,未知,未知,未取得
source-identity-field-evidence-20260807T182456+0800-44d9871dc3b2,ZI-b8df3b3e536accc3b80b8066,DS-000080,候选数据文件,BTC,未知,未知,未知,未知,未知,未知,未知,未知,未知,无法判定,白名单普通文件stat与冻结输入一致,未读取文件正文；字段语义和授权边界未证明,提供当前版本字段级身份、Schema和授权边界证据后新建不可变批次,3af20a52811a89980b8cf09252253e548c5f6c7fe76c96012651febe29bb1e22,4d077d5da0d3e9c9f67d2992973f2760e6b98525131c5ab0624810e51c39a022,92363692bd8410825117c22d7c5cd440f95c72bbadb50a5e5dc972d72498d2df,未知,未知,未取得
source-identity-field-evidence-20260807T182456+0800-44d9871dc3b2,ZI-988e7988699ea375ef999f36,DS-000081,候选数据文件,BTC,未知,未知,未知,未知,未知,未知,未知,未知,未知,无法判定,白名单普通文件stat与冻结输入一致,未读取文件正文；字段语义和授权边界未证明,提供当前版本字段级身份、Schema和授权边界证据后新建不可变批次,b20c3eb4b0ee8495a9cdc66b7a345404f395cee265413ff67af9890cc47ff5f5,54422d4909a4960a4d7331e391fbbcc83777712dfc4737ff27277d0948eedb1b,34498fb0aadb3e35357ab484ac6a98c0d56d2b8e07b6d41281fcdb85b02c4bd7,未知,未知,未取得
source-identity-field-evidence-20260807T182456+0800-44d9871dc3b2,ZI-e157f9d0fcdfc3a8e2bc8c70,DS-000082,候选数据文件,BTC,未知,未知,未知,未知,未知,未知,未知,未知,未知,无法判定,白名单普通文件stat与冻结输入一致,未读取文件正文；字段语义和授权边界未证明,提供当前版本字段级身份、Schema和授权边界证据后新建不可变批次,a3c34f7777e1788e6f6a999275acf640777e31dfb5589bc25492af521c3e994a,0435ede7c5472da3d5936b146a657b5d68efe00ac527b58dc338b3dba49fbc07,6f619e50957127624aca634f4e8d336897235c403753a6f125965bc4a91c54f4,未知,未知,未取得
source-identity-field-evidence-20260807T182456+0800-44d9871dc3b2,ZI-606826edf27ebb1d7ce3c168,DS-000083,候选数据文件,BTC,未知,未知,未知,未知,未知,未知,未知,未知,未知,无法判定,白名单普通文件stat与冻结输入一致,未读取文件正文；字段语义和授权边界未证明,提供当前版本字段级身份、Schema和授权边界证据后新建不可变批次,2451e8638c8430d0a501abd81a4c6d6bf80512a1dab2010897c17132c0c7480e,e3deb136ba4e956c481fceb790593ade1914e7107ac07805e49161a472645ac7,1262751fc411e82b7ec782b3545cc45e8d9d2974765d428ff81139542a5adcd8,未知,未知,未取得
source-identity-field-evidence-20260807T182456+0800-44d9871dc3b2,ZI-2cf1c33ec5d03375f4ea30ab,DS-000084,候选数据文件,BTC,未知,未知,未知,未知,未知,未知,未知,未知,未知,无法判定,白名单普通文件stat与冻结输入一致,未读取文件正文；字段语义和授权边界未证明,提供当前版本字段级身份、Schema和授权边界证据后新建不可变批次,445c3db6bd19d4f5548639c800454f126f0076372a493802613cf5800bcfd8e3,49e3f63d12972a141e57d1ff1c817704540ad8a4c86cc40fbfc48500cd91bafd,6b76634ca944bffcdcb4d3d20e6597e085dbe1b9e62a977590c9d45bddb7a8d5,未知,未知,未取得
source-identity-field-evidence-20260807T182456+0800-44d9871dc3b2,ZI-6660a9981b4c038dfec654e0,DS-000085,候选数据文件,BTC,未知,未知,未知,未知,未知,未知,未知,未知,未知,无法判定,白名单普通文件stat与冻结输入一致,未读取文件正文；字段语义和授权边界未证明,提供当前版本字段级身份、Schema和授权边界证据后新建不可变批次,0c7eaabb88f378576b9d9ce30a667c481c9cbc99a6f7eb7d7d491544477e4ffe,bd04559568e7b5854350fc6bf1aa17365616fd160bbb17b54414b4e78964e43a,628d31ad60f195fbea29ccd9b43fe89d44682f91dd70b9ee795c08f9de8cbb3e,未知,未知,未取得
source-identity-field-evidence-20260807T182456+0800-44d9871dc3b2,ZI-540f8f5763c8c25b47283449,DS-000086,候选数据文件,BTC,未知,未知,未知,未知,未知,未知,未知,未知,未知,无法判定,白名单普通文件stat与冻结输入一致,未读取文件正文；字段语义和授权边界未证明,提供当前版本字段级身份、Schema和授权边界证据后新建不可变批次,0eb4a4f4f4e4a1068ec372fdf0f11c08153f6b1bc3cd56a5c0c94960d1e62b09,6659a8631b946c064283da398de002a1b33ab7efa13b15bc636cdab72a9cecf3,9e14cd6c5499bfb8c99b6ec81b1bff4d6ea7d03f981ea7ba23444c59b0a6fe47,未知,未知,未取得
source-identity-field-evidence-20260807T182456+0800-44d9871dc3b2,ZI-563d8a435062e95a3eb06fe9,DS-000087,候选数据文件,BTC,未知,未知,未知,未知,未知,未知,未知,未知,未知,无法判定,白名单普通文件stat与冻结输入一致,未读取文件正文；字段语义和授权边界未证明,提供当前版本字段级身份、Schema和授权边界证据后新建不可变批次,cb5a9125a33ceff9a40988e72821717f085ad2c21526cf39088cb344195f21c1,07cddb4bb4af5450ed5f9a54f6ed4bbd0e88b471444f94459bda49a04d2a2741,5b0db766e87ccad97d071a7d6bd54de00ba410b498f3ed426daad5c5c76a1214,未知,未知,未取得
source-identity-field-evidence-20260807T182456+0800-44d9871dc3b2,ZI-1644f2c09acf5ac64c1c5a84,DS-000088,候选数据文件,BTC,未知,未知,未知,未知,未知,未知,未知,未知,未知,无法判定,白名单普通文件stat与冻结输入一致,未读取文件正文；字段语义和授权边界未证明,提供当前版本字段级身份、Schema和授权边界证据后新建不可变批次,bdf4657f0758c3c4568e041dea286a8841995e2061be6660ddc80d52cb73fd57,cf36779fea0940aaf600eb4f3b74207fcbde01a02fa27acda4edd3bfb42017b0,cb2994a828c9d1700cc71580de85e8938cf02f568e864ddf7750674eac8bafeb,未知,未知,未取得
source-identity-field-evidence-20260807T182456+0800-44d9871dc3b2,ZI-a06218992d1a90d5362b2b06,DS-000089,候选数据文件,BTC,未知,未知,未知,未知,未知,未知,未知,未知,未知,无法判定,白名单普通文件stat与冻结输入一致,未读取文件正文；字段语义和授权边界未证明,提供当前版本字段级身份、Schema和授权边界证据后新建不可变批次,c17e9de0d77f02429c2bf544f7e87a0be9fbf10f1ca0309af848cab64647df44,de6048e7e361019ddb11dbe1907806fa5e2c80d683dd3cfcb2104e201189d76a,e1b2f2636f8dc3faaeba2782d3e306600b29fbcb94d3828946f12573e030bc15,未知,未知,未取得
source-identity-field-evidence-20260807T182456+0800-44d9871dc3b2,ZI-9db5ea58aed603182d0b7ac5,DS-000090,候选数据文件,BTC,未知,未知,未知,未知,未知,未知,未知,未知,未知,无法判定,白名单普通文件stat与冻结输入一致,未读取文件正文；字段语义和授权边界未证明,提供当前版本字段级身份、Schema和授权边界证据后新建不可变批次,7455cb004fd8f92bf11aba3294a88df82c2f66ca25872225ffb0d58a6c649e95,b28e58392fd16f646c815a58cb6b11fc8d5c2850efa90fbcb9c52d5bf37129e6,8906e5178d3de1a7ff36050e2b9a34963a15d2c5f66cf5834bd589b62dab547d,未知,未知,未取得
source-identity-field-evidence-20260807T182456+0800-44d9871dc3b2,ZI-c1325d8ffbc6677ee8c86497,DS-000091,候选数据文件,BTC,未知,未知,未知,未知,未知,未知,未知,未知,未知,无法判定,白名单普通文件stat与冻结输入一致,未读取文件正文；字段语义和授权边界未证明,提供当前版本字段级身份、Schema和授权边界证据后新建不可变批次,0c82b4ff49875c233adadf63c84b19abc1ddf2bd99291782e3aaaea7ddb51ca4,551533c298a6ded30ef5518148310f288cee37ad4bfad06d1c68c7f0a8f40d39,5f279b98d515a98b9d3e2220ce0ed879d4f241c3fa9edbe89663880863374d90,未知,未知,未取得
source-identity-field-evidence-20260807T182456+0800-44d9871dc3b2,ZI-809e979581c6c01829dbc939,DS-000092,候选数据文件,BTC,未知,未知,未知,未知,未知,未知,未知,未知,未知,无法判定,白名单普通文件stat与冻结输入一致,未读取文件正文；字段语义和授权边界未证明,提供当前版本字段级身份、Schema和授权边界证据后新建不可变批次,310f779c52d0802aa60fb5bcd2f1f07defbd477d6b7f609c42dd252100540981,79b7b9d80cedc778e036637a34929083739aeec12a8118e5216870e498fb450f,60cdb2ae437108d96132ea1cc3044538dd11c705fa8c98188f6145267d38e148,未知,未知,未取得
source-identity-field-evidence-20260807T182456+0800-44d9871dc3b2,ZI-8a55ecf7d5c701f9bfe01347,DS-000093,候选数据文件,BTC,未知,未知,未知,未知,未知,未知,未知,未知,未知,无法判定,白名单普通文件stat与冻结输入一致,未读取文件正文；字段语义和授权边界未证明,提供当前版本字段级身份、Schema和授权边界证据后新建不可变批次,a283d773fa26d2d545695ee035f7474a83e0e8dd4bd32d0f6c12c203d554e5c0,69ed92142bb286714c6c72b0b0121e5e33f9d3f6442d93d9154e72fecd78f7d0,cf4821cfd3d00c1c4b25187186fed0b8b2a75058e4b749b74f3a50e214b9f3cb,未知,未知,未取得
source-identity-field-evidence-20260807T182456+0800-44d9871dc3b2,ZI-c4e34cac634b85bce06fba88,DS-000094,候选数据文件,BTC,未知,未知,未知,未知,未知,未知,未知,未知,未知,无法判定,白名单普通文件stat与冻结输入一致,未读取文件正文；字段语义和授权边界未证明,提供当前版本字段级身份、Schema和授权边界证据后新建不可变批次,5723e42924486a24e269f2e46f3642ec86fbf87cd739ce95b2730238c768c4a8,6224c51f1c823f161837838caaad036d05bcbf811e74c8d42e25579426e84628,1dd8e3ae38f97df8b90fdb9725c5ca7fb98a817b0ab3a015ca2166e260842f65,未知,未知,未取得
source-identity-field-evidence-20260807T182456+0800-44d9871dc3b2,ZI-d9e2d56ec838f36a9286bb3a,DS-000095,候选数据文件,BTC,未知,未知,未知,未知,未知,未知,未知,未知,未知,无法判定,白名单普通文件stat与冻结输入一致,未读取文件正文；字段语义和授权边界未证明,提供当前版本字段级身份、Schema和授权边界证据后新建不可变批次,e5df3b09a4f4f2fbc001e29f4f2ed9625f6b62ea788160f56763679ae5a7fd21,b5eeaf20a43d6b057df6fef3b7d0ae1650684305318322d9995c9ba4f231ed78,e24946b96eb7de4a0a456a5b84eac5ef366b717318e314b7d8e2511b0a64ea09,未知,未知,未取得
source-identity-field-evidence-20260807T182456+0800-44d9871dc3b2,ZI-3bfe74a5e3377c8f48575d33,DS-000096,候选数据文件,BTC,未知,未知,未知,未知,未知,未知,未知,未知,未知,无法判定,白名单普通文件stat与冻结输入一致,未读取文件正文；字段语义和授权边界未证明,提供当前版本字段级身份、Schema和授权边界证据后新建不可变批次,ba6d3ff4ffef24004405e028478940e5ab58886fe03296e15653487d2a406dee,fa4fbfc78fa22a6018b3696481b44652fbb975ab8601b3e46c11b7ba77a99eef,ecd5238cc88dd21c3cb54cf89ad3ca231cbcc6060866f894638d39df3568bc32,未知,未知,未取得
source-identity-field-evidence-20260807T182456+0800-44d9871dc3b2,ZI-5242fd5a16f73078c0178d46,DS-000097,候选数据文件,BTC,未知,未知,未知,未知,未知,未知,未知,未知,未知,无法判定,白名单普通文件stat与冻结输入一致,未读取文件正文；字段语义和授权边界未证明,提供当前版本字段级身份、Schema和授权边界证据后新建不可变批次,8228c63ea9d98b795581957c34ac1ce53475f0d389e891c8c45f6a90e39e5f52,221a879dd66cda48ce4c86281d8ce054b31a50da14eb9c663214abd157976c65,0d0bd6d37dc1dc905c3bcdb17c24c6e7cfa7e3d97a057785da41525a6ef13b57,未知,未知,未取得
source-identity-field-evidence-20260807T182456+0800-44d9871dc3b2,ZI-5b71193a5de7dc8af188547b,DS-000098,候选数据文件,BTC,未知,未知,未知,未知,未知,未知,未知,未知,未知,无法判定,白名单普通文件stat与冻结输入一致,未读取文件正文；字段语义和授权边界未证明,提供当前版本字段级身份、Schema和授权边界证据后新建不可变批次,b36b9fceb03833c0e0d70c168c701624f3141e4ed9eff163a784fd829f7e31d7,68a71caa3607d95d00ca99095961cc8ff6cbc57fe06c654533d7171b232b271e,71c2a3e64daf233e4cbe3548d2837746ddf4f04a0d0723583fe3ee90ea8e746b,未知,未知,未取得
source-identity-field-evidence-20260807T182456+0800-44d9871dc3b2,ZI-8f9ae27bb3a3a27be851a19e,DS-000099,候选数据文件,BTC,未知,未知,未知,未知,未知,未知,未知,未知,未知,无法判定,白名单普通文件stat与冻结输入一致,未读取文件正文；字段语义和授权边界未证明,提供当前版本字段级身份、Schema和授权边界证据后新建不可变批次,406902f70179ec4296dab8c11df609ebd2db5dba4451dedd8e129a2be9025ef0,2db718362d7c8d9fad308040714d944633f02af768db676c12c1d797875d79df,f42e9a4cb9c1db7cfe702a0011c7f3ecabf0518485209c311ddc4e3d10a14223,未知,未知,未取得
source-identity-field-evidence-20260807T182456+0800-44d9871dc3b2,ZI-7e5cb2ff02459507aea17fad,DS-000100,候选数据文件,BTC,未知,未知,未知,未知,未知,未知,未知,未知,未知,无法判定,白名单普通文件stat与冻结输入一致,未读取文件正文；字段语义和授权边界未证明,提供当前版本字段级身份、Schema和授权边界证据后新建不可变批次,fe048a02588b3cc749889b703140b2600f164dd21a8297092b0703089ac5e81e,f2fefe955ddeb2a95173277492cc1ecd136cb5ff5ae61f7ea09310e6180c3801,69614eb9296b73cd1d8ebce64e3a3a3f586f3d4551c70e5b8ad29ee42d123450,未知,未知,未取得
source-identity-field-evidence-20260807T182456+0800-44d9871dc3b2,ZI-ca9e45ea48cbd23828cbf7c1,DS-000101,候选数据文件,BTC,未知,未知,未知,未知,未知,未知,未知,未知,未知,无法判定,白名单普通文件stat与冻结输入一致,未读取文件正文；字段语义和授权边界未证明,提供当前版本字段级身份、Schema和授权边界证据后新建不可变批次,ea8e64d81a49f583be20253df94bb10447a84f34924a81ea484985df8de14bc5,b2f24335a54368d7f18e325e33b3d31303b48887e9b936a2d37b906458d429f2,1afd52c6b9e1d0112f211905b874f2e6d5d22ed170393fd27ace7ed941c2bb23,未知,未知,未取得
source-identity-field-evidence-20260807T182456+0800-44d9871dc3b2,ZI-83194da27e2588c646f0c067,DS-000102,候选数据文件,BTC,未知,未知,未知,未知,未知,未知,未知,未知,未知,无法判定,白名单普通文件stat与冻结输入一致,未读取文件正文；字段语义和授权边界未证明,提供当前版本字段级身份、Schema和授权边界证据后新建不可变批次,abfb99f6151387ef4ff78a22a9fd233763a7a49d18bf50e5df9ba77c6b3c3f00,62ea4be90b6faf8dcef548ece10034af7541faf80e2328a8d6db43b17350f0a1,71cca5a2294e8e514c14f28263945a2a0d0cb646600f010fe47ce6c62692ab31,未知,未知,未取得
source-identity-field-evidence-20260807T182456+0800-44d9871dc3b2,ZI-79e649e4f49291fd4b439afc,DS-000103,候选数据文件,BTC,未知,未知,未知,未知,未知,未知,未知,未知,未知,无法判定,白名单普通文件stat与冻结输入一致,未读取文件正文；字段语义和授权边界未证明,提供当前版本字段级身份、Schema和授权边界证据后新建不可变批次,eb07628cb6a921195379d64475122a7143d0631cf42e25bfa01dcd7daaceb638,1db53b61d32c8c549f51a67b0ae8d1d57d0ce795dbc41a08682eda0d2aa7901a,8e0d01496eca1919ec59f72096c788339ae840700a10709266af81e536fddcc5,未知,未知,未取得
source-identity-field-evidence-20260807T182456+0800-44d9871dc3b2,ZI-d4cca3ff9c910b0cb170853b,DS-000104,候选数据文件,BTC,未知,未知,未知,未知,未知,未知,未知,未知,未知,无法判定,白名单普通文件stat与冻结输入一致,未读取文件正文；字段语义和授权边界未证明,提供当前版本字段级身份、Schema和授权边界证据后新建不可变批次,ef28cdf12ca8827b2378c7e1e803ead3e3cf993ed1c368426155024fdc6c8959,5958d99101d30ff11115a26a83dd21621991ea336a3b782e00e110fc22348ff2,94c0831a53621fa0158d5c7432997d246e1e391f8e6613cd7d94bdaa92bdeb87,未知,未知,未取得
source-identity-field-evidence-20260807T182456+0800-44d9871dc3b2,ZI-d4c476126bfea2ff99705d12,DS-000105,候选数据文件,BTC,未知,未知,未知,未知,未知,未知,未知,未知,未知,无法判定,白名单普通文件stat与冻结输入一致,未读取文件正文；字段语义和授权边界未证明,提供当前版本字段级身份、Schema和授权边界证据后新建不可变批次,6ebf6d7a8a93d298f90f71a5732fabad965efedd59ad24025ceef2bff1413bc0,e380377d40e5ec5c931d4b45978ab47c26ae8e1ab61818007fb34d2d930000ba,aee25788714346dee24f38c2641a2844204542d84634658924bf374f0add5429,未知,未知,未取得
source-identity-field-evidence-20260807T182456+0800-44d9871dc3b2,ZI-9caa14db165dab9ae3f80a1b,DS-000106,候选数据文件,BTC,未知,未知,未知,未知,未知,未知,未知,未知,未知,无法判定,白名单普通文件stat与冻结输入一致,未读取文件正文；字段语义和授权边界未证明,提供当前版本字段级身份、Schema和授权边界证据后新建不可变批次,7d452e0b77d3aca62618b2d4f776cb3ea7dd8bbc606f9df2cbaf4074a6486b29,6ceeab54f876facdd576efd11f634acf582c673630f79e97b1f25fd5ce7bb8fa,6008ca35182715afe41adb32a70232135261db3d0476cf08728c3672a1114c6c,未知,未知,未取得
source-identity-field-evidence-20260807T182456+0800-44d9871dc3b2,ZI-9d8ef07dfb35083bea918b61,DS-000107,候选数据文件,BTC,未知,未知,未知,未知,未知,未知,未知,未知,未知,无法判定,白名单普通文件stat与冻结输入一致,未读取文件正文；字段语义和授权边界未证明,提供当前版本字段级身份、Schema和授权边界证据后新建不可变批次,1c779a884c12e4f411a9bc59ae6b87246c2b0b62333aded6984e1b65fb366d58,4872f31d11e294cda7ea74c1a3350f0e509cdef6755a85bf2165ca9644841ac2,ac5a87fe0344391394bf014aa20ed1ad10658254cc962ce2a5e112f880d67c25,未知,未知,未取得
source-identity-field-evidence-20260807T182456+0800-44d9871dc3b2,ZI-60e1d87f679840a6bcbfd6c7,DS-000108,候选数据文件,BTC,未知,未知,未知,未知,未知,未知,未知,未知,未知,无法判定,白名单普通文件stat与冻结输入一致,未读取文件正文；字段语义和授权边界未证明,提供当前版本字段级身份、Schema和授权边界证据后新建不可变批次,d97b0d962760ad3eb6a51747d90bfdd9e3b6bf31767c9aba88aff9714b5456bc,573719416fe84a1b01d298333b96c93edbccb8a8a7821f797c3cd399f08c6285,b28e396f9cfe60ebc4f413880aeb8d0914636ecc88478832da316fb45e07512c,未知,未知,未取得
source-identity-field-evidence-20260807T182456+0800-44d9871dc3b2,ZI-23a62a21a44ede3557e3b62c,DS-000109,候选数据文件,BTC,未知,未知,未知,未知,未知,未知,未知,未知,未知,无法判定,白名单普通文件stat与冻结输入一致,未读取文件正文；字段语义和授权边界未证明,提供当前版本字段级身份、Schema和授权边界证据后新建不可变批次,33906bd2fcfd7bb1f16e12c0fbcf5a32d3eb963960a0412d88b1a5531531d280,9cbfa00c5a5b24e2eff5fc46e1937569fd7d65ddf23ce88aa82d2b6904e29cd0,2f3becdcd715250460863240e78841b971c4f00548206ac0892e85d3a398c3bb,未知,未知,未取得
source-identity-field-evidence-20260807T182456+0800-44d9871dc3b2,ZI-4a5363d41dd3d54d7864611d,DS-000110,候选数据文件,BTC,未知,未知,未知,未知,未知,未知,未知,未知,未知,无法判定,白名单普通文件stat与冻结输入一致,未读取文件正文；字段语义和授权边界未证明,提供当前版本字段级身份、Schema和授权边界证据后新建不可变批次,0d59d080eb816bb6a7d5088cc871bec5cdc058074ced8ee38b7ac5e06efec7ea,37bd0442a6b034cce7e3cbedcfe9e11769f91c60864d783ee7d33fb70d69e111,c17b3de97715c0eb71da103c2f553a985d1b5b43ba6ddf10b92b1fe7ab82f8ba,未知,未知,未取得
source-identity-field-evidence-20260807T182456+0800-44d9871dc3b2,ZI-a56a5bf3335401e617db60ab,DS-000111,候选数据文件,BTC,未知,未知,未知,未知,未知,未知,未知,未知,未知,无法判定,白名单普通文件stat与冻结输入一致,未读取文件正文；字段语义和授权边界未证明,提供当前版本字段级身份、Schema和授权边界证据后新建不可变批次,ecd8dfcecf158d395dac3a1c91df7786242adf9d0122c34ec458be58d766663f,e74f9e72cf7defd6cba05a434e4885b86e8f9c558cfb7c83d18928f775535b59,9a9f091bae2f0248e8bfdd657b17559e98c29a6fef449fe09767dc8c91fb2e2a,未知,未知,未取得
source-identity-field-evidence-20260807T182456+0800-44d9871dc3b2,ZI-285a4482ac5802699bf8a1ea,DS-000112,候选数据文件,BTC,未知,未知,未知,未知,未知,未知,未知,未知,未知,无法判定,白名单普通文件stat与冻结输入一致,未读取文件正文；字段语义和授权边界未证明,提供当前版本字段级身份、Schema和授权边界证据后新建不可变批次,290fec9c99843ff43e2fa44b0685ae754abd94ccb79d11168effc2e257574e21,cb93824f4ddb117a067e61faa18d9e5d082480cbf406a978bddea9995c8b6644,0e9b73fa8c4412ca2854ea3d0784442167887ad5bbcd0a436ecf15acff0eb2d9,未知,未知,未取得
source-identity-field-evidence-20260807T182456+0800-44d9871dc3b2,ZI-c368ec0a8284d3c172eda1a2,DS-000113,候选数据文件,BTC,未知,未知,未知,未知,未知,未知,未知,未知,未知,无法判定,白名单普通文件stat与冻结输入一致,未读取文件正文；字段语义和授权边界未证明,提供当前版本字段级身份、Schema和授权边界证据后新建不可变批次,74f98b20f89a154b201438a140d3bf675ce8d06104663b525a9e689aa2eb0630,066da0764504386ba36ca6937b1ac8edc2433b9de91f129e1af919baf697722a,4164c9f4758a5bca79bb548fe5a087ee9e0287b2ba43d06da1df35cffa845b50,未知,未知,未取得
source-identity-field-evidence-20260807T182456+0800-44d9871dc3b2,ZI-f8745dbb71ac15767ca8d9c1,DS-000114,候选数据文件,BTC,未知,未知,未知,未知,未知,未知,未知,未知,未知,无法判定,白名单普通文件stat与冻结输入一致,未读取文件正文；字段语义和授权边界未证明,提供当前版本字段级身份、Schema和授权边界证据后新建不可变批次,3e3fec896b931f582dddfe469e0dbe6e470535c77e3f7299e94f387b505d440c,c823ec846a206e4958d7c386cd9a68a6ce3e2103c2cd96a27d9cd26c3ae7995c,083b99fee7b36742cf5dfb69f306a8a8c6ae3dedf80af9b0333140e5f46b86a1,未知,未知,未取得
source-identity-field-evidence-20260807T182456+0800-44d9871dc3b2,ZI-31961eda688bb5aee6575300,DS-000115,候选数据文件,BTC,未知,未知,未知,未知,未知,未知,未知,未知,未知,无法判定,白名单普通文件stat与冻结输入一致,未读取文件正文；字段语义和授权边界未证明,提供当前版本字段级身份、Schema和授权边界证据后新建不可变批次,afe961774296dd8e04a4684cc5642629f080a957493c1cf954cf485a7e5763ed,a9c9d0fb3ef305cc5a4b8e89472b34fca38efc75740e0b3b8c40bf1e484e0b64,4a0e3cd4445659a60a597d29f7b116d2ed1d20dba814f886872b589c5f8b3367,未知,未知,未取得
source-identity-field-evidence-20260807T182456+0800-44d9871dc3b2,ZI-b38d3520cb51796d72c37eb0,DS-000116,候选数据文件,BTC,未知,未知,未知,未知,未知,未知,未知,未知,未知,无法判定,白名单普通文件stat与冻结输入一致,未读取文件正文；字段语义和授权边界未证明,提供当前版本字段级身份、Schema和授权边界证据后新建不可变批次,95fa942c0d61a4c0c67ab8892ee22b19e0375cf22f45b301d85fc2f861b76c4d,933d8c72c8e1c760d8895e629f6953735bd5d8551bd3b90f193b6fb70f336c07,5f627ee84a4e003604b23cdae9ac3bffdd2606ab11ab1b5e34f5b62e5918200d,未知,未知,未取得
source-identity-field-evidence-20260807T182456+0800-44d9871dc3b2,ZI-5ea466fcde39bb4c70c5a187,DS-000117,候选数据文件,BTC,未知,未知,未知,未知,未知,未知,未知,未知,未知,无法判定,白名单普通文件stat与冻结输入一致,未读取文件正文；字段语义和授权边界未证明,提供当前版本字段级身份、Schema和授权边界证据后新建不可变批次,2618c38b7b3a4ced21d2f84d5249058929b44abacaed04c3d7145c62a9f2bed0,ab549e81f92782716f06ca9db8d8b3518f1aef298ee1057577900f94ddc5dbd4,1adf31726e29a1e271dac70d444f45ca658dc622d26c0e844c4645f90d251a5c,未知,未知,未取得
source-identity-field-evidence-20260807T182456+0800-44d9871dc3b2,ZI-2840b60ae29f6da1116b00b7,DS-000118,候选数据文件,BTC,未知,未知,未知,未知,未知,未知,未知,未知,未知,无法判定,白名单普通文件stat与冻结输入一致,未读取文件正文；字段语义和授权边界未证明,提供当前版本字段级身份、Schema和授权边界证据后新建不可变批次,2629abb375ff39ff81b4461aa7d5fc4b83971f1ffc8a8bab00958e8be26497cd,6bfcb365bca86add80de661d9589ba5a5f3092f72abf5de68312de236616ac56,0f67f9618128d32f121287560f39a3b5154fa0ef6445ed081133616657101abc,未知,未知,未取得
source-identity-field-evidence-20260807T182456+0800-44d9871dc3b2,ZI-d598b1a2b5c702f7087d23b1,DS-000119,候选数据文件,BTC,未知,未知,未知,未知,未知,未知,未知,未知,未知,无法判定,白名单普通文件stat与冻结输入一致,未读取文件正文；字段语义和授权边界未证明,提供当前版本字段级身份、Schema和授权边界证据后新建不可变批次,f69bb9fd69717fc62e973fd0f57005c2efdfa818a0c96a38198a12dc11340bf3,b7be915dbf1b4560bf4facc027a1769c2db2cae6e25bc768efce9c98fb60794a,ab6c2e11c09dee872cbdb087fdf456b8c2c9845cf0683c8f7dd6cd7548fb437c,未知,未知,未取得
source-identity-field-evidence-20260807T182456+0800-44d9871dc3b2,ZI-3070d81b75f66c2b727c4439,DS-000120,候选数据文件,BTC,未知,未知,未知,未知,未知,未知,未知,未知,未知,无法判定,白名单普通文件stat与冻结输入一致,未读取文件正文；字段语义和授权边界未证明,提供当前版本字段级身份、Schema和授权边界证据后新建不可变批次,6609c14cb9bb0288b24cb453d942c7508aab48529570a4aaf23dd54ab7dcf43a,863c3cd9eb0628145b880f2d5d0035f93a647a37c79c101a0a4b05018223a2f3,df72b7d09cab1f352afa2754c194af6e2defabb6ae5f72d064139ea8250dfb58,未知,未知,未取得
source-identity-field-evidence-20260807T182456+0800-44d9871dc3b2,ZI-8413f0e6afa6b3430372a713,DS-000121,候选数据文件,BTC,未知,未知,未知,未知,未知,未知,未知,未知,未知,无法判定,白名单普通文件stat与冻结输入一致,未读取文件正文；字段语义和授权边界未证明,提供当前版本字段级身份、Schema和授权边界证据后新建不可变批次,6f11f05c8807a0f784213dce4eb03969122dc0a62e00b3d53e6bc473e342e278,b2210e94ec02fc57c3d1fefbb65694709f020c35bc59ad6aef84b5f79619f9bc,c53bf50d2a711127b6583cdaa625e4dc405bc57d6cfc1ddc9a7cf02ae8ead571,未知,未知,未取得
source-identity-field-evidence-20260807T182456+0800-44d9871dc3b2,ZI-ee6f15f9e39a4d9fcfce0cf5,DS-000122,候选数据文件,BTC,未知,未知,未知,未知,未知,未知,未知,未知,未知,拒绝,冻结文件元数据漂移,未读取文件正文；字段语义和授权边界未证明,提供当前版本字段级身份、Schema和授权边界证据后新建不可变批次,dc6c4dd4e242874a6da8334f67590790f72bb66e1b5ab6d94aeec5b53ed494be,330aa816034ac16e8ef87692ce9d9492d9e981ba09d0cfca738b2d9ddc53368e,2e1952da8ba12e1a533d3ab0c65d69e0e990ef6c7896a9cdb311ae39b1f98370,未知,未知,未取得
source-identity-field-evidence-20260807T182456+0800-44d9871dc3b2,ZI-0437f9b494a20cb05341af1e,DS-000123,候选数据文件,BTC,未知,未知,未知,未知,未知,未知,未知,未知,未知,无法判定,白名单普通文件stat与冻结输入一致,未读取文件正文；字段语义和授权边界未证明,提供当前版本字段级身份、Schema和授权边界证据后新建不可变批次,b544e385d3e89d4bc872b681fb7b43c8c29c35cf1a2255fb1eb792ab42e092e7,a2b054297205e36318ad22e4001f942d78a8b3984be262b9bdf50a3b60e4702e,2f27a00ffa82195592a46b541ed4a5ad5d767587936d1fb97d244ae33ee37f57,未知,未知,未取得
source-identity-field-evidence-20260807T182456+0800-44d9871dc3b2,ZI-ee00f9dd25503d2600ed08e3,DS-000124,候选数据文件,BTC,未知,未知,未知,未知,未知,未知,未知,未知,未知,无法判定,白名单普通文件stat与冻结输入一致,未读取文件正文；字段语义和授权边界未证明,提供当前版本字段级身份、Schema和授权边界证据后新建不可变批次,d7ef1e10d9720d76b7d47a520b7439f7ef8aa78a7560836f22971cf752ef3294,f500d8be707768464058a8c7a3eb117950a8b4f990f41ae4e4ca01aff296f48c,c6c351a0662def9313d2e65e357541c3c88b3f4a5a43d9f4b54409dc11d9e4ac,未知,未知,未取得
source-identity-field-evidence-20260807T182456+0800-44d9871dc3b2,ZI-e98fd2a2d5d0df09bc9937cb,DS-000125,候选数据文件,BTC,未知,未知,未知,未知,未知,未知,未知,未知,未知,无法判定,白名单普通文件stat与冻结输入一致,未读取文件正文；字段语义和授权边界未证明,提供当前版本字段级身份、Schema和授权边界证据后新建不可变批次,933516055a642714098755bbe9c599785c999703fbef73dc81e13069d74aa18f,b38c18461a1d9ef867310973e381bcf14aa41ee863a441713a8739b007df7ed7,63b43415444edcb9ed61fd343716f40785694ae471a11902a626bcc3cf5408ca,未知,未知,未取得
source-identity-field-evidence-20260807T182456+0800-44d9871dc3b2,ZI-57350b8f0db900711ed2488f,DS-000126,候选数据文件,BTC,未知,未知,未知,未知,未知,未知,未知,未知,未知,无法判定,白名单普通文件stat与冻结输入一致,未读取文件正文；字段语义和授权边界未证明,提供当前版本字段级身份、Schema和授权边界证据后新建不可变批次,9499e61c0227984474b6b7c023dc310fcae06907a46958e429501d3e6b006798,92a9a2523175cbb1eb78f50bf415670e7fdec7215032855d78976cc84afbb367,ee27ee9ac92124e5f90c5888541ffb1e36aaca69b440da597e8608abba14a2ba,未知,未知,未取得
source-identity-field-evidence-20260807T182456+0800-44d9871dc3b2,ZI-50d94b0de1efc730b9122af3,DS-000127,候选数据文件,BTC,未知,未知,未知,未知,未知,未知,未知,未知,未知,无法判定,白名单普通文件stat与冻结输入一致,未读取文件正文；字段语义和授权边界未证明,提供当前版本字段级身份、Schema和授权边界证据后新建不可变批次,7498b9a041f4b609fbd9b5447119d9522ae1aaf59ff427378718c2833bf39af8,91fc692bff688f57b3aba95f945e2961212aadcbebef09734aa6dd41209b1a00,9fa3fcc0730714582859b0d882d61e7de5ba19473adeb89947af0eafb5aa2191,未知,未知,未取得
source-identity-field-evidence-20260807T182456+0800-44d9871dc3b2,ZI-66345af7f29b369463667940,DS-000128,候选数据文件,BTC,未知,未知,未知,未知,未知,未知,未知,未知,未知,无法判定,白名单普通文件stat与冻结输入一致,未读取文件正文；字段语义和授权边界未证明,提供当前版本字段级身份、Schema和授权边界证据后新建不可变批次,8784b44479961e1fc5e62e73d76c8f43f5274c03f210a3417d777a7b86f3c045,39e2f6eb6f558f8e9aa3626c2c393af0c1f578c9ba59603213de1f363aa3a5a6,8f8c846f3046ac8afbd94ffe2278b2692488d28eba45794daa6a351b723a6fb2,未知,未知,未取得
source-identity-field-evidence-20260807T182456+0800-44d9871dc3b2,ZI-f0b6b298cfe3ce3a7d56b8eb,DS-000129,候选数据文件,BTC,未知,未知,未知,未知,未知,未知,未知,未知,未知,无法判定,白名单普通文件stat与冻结输入一致,未读取文件正文；字段语义和授权边界未证明,提供当前版本字段级身份、Schema和授权边界证据后新建不可变批次,6ec29ab16a61a9874de644237ea1f88b4281182c44ec3b7aabeceff905c3c1fe,139c43fb9ddff0c976b42f592815299731e50b6a6ec9661edda732c5b6cdbb7b,edaed4c1719f88bec76ae9936f2b3b8774ba605240cf73e6007dafc4eff117aa,未知,未知,未取得
source-identity-field-evidence-20260807T182456+0800-44d9871dc3b2,ZI-5a7245a9c0cc69252b3df5d1,DS-000130,候选数据文件,BTC,未知,未知,未知,未知,未知,未知,未知,未知,未知,无法判定,白名单普通文件stat与冻结输入一致,未读取文件正文；字段语义和授权边界未证明,提供当前版本字段级身份、Schema和授权边界证据后新建不可变批次,31a5fa38e253ae35bbd283a09e22b12ae2d20072cacd4fec29ddc407fc7c2c5a,a1f91ec2e42044cdaaa7ec91483b9e815a68044155b673334557aaf2b9f78db8,f1a6864131f144cffa2cf2c18d3d5ae4a378ddacfcdb22481654ff76a5da0c21,未知,未知,未取得
source-identity-field-evidence-20260807T182456+0800-44d9871dc3b2,ZI-25447cea628f3920f050dbd5,DS-000131,候选数据文件,BTC,未知,未知,未知,未知,未知,未知,未知,未知,未知,无法判定,白名单普通文件stat与冻结输入一致,未读取文件正文；字段语义和授权边界未证明,提供当前版本字段级身份、Schema和授权边界证据后新建不可变批次,596462ea846e3b15707b59be416da11412b9e52c6d94c741ad5be0a70d1dfffe,90ad1104e6ddd41bd5283caaeb526d477443ef178aa87b979bceaf353f3ae598,9e23c4fb2acc16c764a1fd9c8b1952ed837719ccb02142129ff1babfd80232fe,未知,未知,未取得
source-identity-field-evidence-20260807T182456+0800-44d9871dc3b2,ZI-17f2298039c37a648fbd5908,DS-000132,候选数据文件,BTC,未知,未知,未知,未知,未知,未知,未知,未知,未知,无法判定,白名单普通文件stat与冻结输入一致,未读取文件正文；字段语义和授权边界未证明,提供当前版本字段级身份、Schema和授权边界证据后新建不可变批次,b92d68f0c6a28fd076fc8affb08361f7b721d840be639dd0fdcd9e4063f945e2,5d1b8b7dc63060f1566f086434ec58fca0e832dfa93ca8af792bc56cfaee1766,92928f453355ca634a0fb6dd11c6dc4e53070e03da260ddcf0e06c51faf97920,未知,未知,未取得
source-identity-field-evidence-20260807T182456+0800-44d9871dc3b2,ZI-e5f5afbaaf19d3151683dc0c,DS-000133,候选数据文件,BTC,未知,未知,未知,未知,未知,未知,未知,未知,未知,无法判定,白名单普通文件stat与冻结输入一致,未读取文件正文；字段语义和授权边界未证明,提供当前版本字段级身份、Schema和授权边界证据后新建不可变批次,d49b3cdefe936c41685bf10613de132b9f5d9198120e45aae55859f797788158,9973edc00f5937e216dda44a067d045910a4edf225c29a7b19c62b681935039b,7575ee9cef24b2211eef41e5bf7d861e609d53df2ca93a057b4b9cd80b4e4b03,未知,未知,未取得
source-identity-field-evidence-20260807T182456+0800-44d9871dc3b2,ZI-67ed5354e433ec425cf10220,DS-000134,候选数据文件,BTC,未知,未知,未知,未知,未知,未知,未知,未知,未知,无法判定,白名单普通文件stat与冻结输入一致,未读取文件正文；字段语义和授权边界未证明,提供当前版本字段级身份、Schema和授权边界证据后新建不可变批次,0e6fc6a736706f9c8311f0bcd6cac49d78a213f394e2feafda517cd5a5854e7d,5c6e77ed794104f2da7f905be45f0f71e86a9615509970bebdf8531163c99637,0466999480d29935c9149055af6093a7a6793831ce4d7a74edf0f69364516fa2,未知,未知,未取得
source-identity-field-evidence-20260807T182456+0800-44d9871dc3b2,ZI-9959cefd6da7ea4c9bc8a26a,DS-000135,候选数据文件,BTC,未知,未知,未知,未知,未知,未知,未知,未知,未知,无法判定,白名单普通文件stat与冻结输入一致,未读取文件正文；字段语义和授权边界未证明,提供当前版本字段级身份、Schema和授权边界证据后新建不可变批次,6ed4afcb16dadb13cea1399f219a898bff5d238791ebd03cea6a0bd7d98b1ff5,191b20bb3195e99e627577a43b9e7ac4ae60504080b98794d8fd64878503650f,35f52c00bb4caf65ca9392e44c651bd069c8742bb45a39d5af1a3435f0970193,未知,未知,未取得
source-identity-field-evidence-20260807T182456+0800-44d9871dc3b2,ZI-729914ef0d7b46aa2dc0dc05,DS-000136,候选数据文件,BTC,未知,未知,未知,未知,未知,未知,未知,未知,未知,无法判定,白名单普通文件stat与冻结输入一致,未读取文件正文；字段语义和授权边界未证明,提供当前版本字段级身份、Schema和授权边界证据后新建不可变批次,c642096c5b9e47e8fb6d3af1ce33b6503b701f275d986dc3c80518fafa656b62,3c7c5d467e62875a4533154ee194cc1cf3405bbf733661a3889dbdf6817d338d,0c55f71d7c0b1c6cde7b4fef5010d8b571f0200b033708f1faaf789828f8f9ba,未知,未知,未取得
source-identity-field-evidence-20260807T182456+0800-44d9871dc3b2,ZI-5072f6e3c58e96622c5d5a39,DS-000137,候选数据文件,BTC,未知,未知,未知,未知,未知,未知,未知,未知,未知,无法判定,白名单普通文件stat与冻结输入一致,未读取文件正文；字段语义和授权边界未证明,提供当前版本字段级身份、Schema和授权边界证据后新建不可变批次,85fd815ad566ecce9ab78d9848bdc57c2a3a789413ea3fae7ede25ed0d770f0f,5cf54b7dda7b49ab8c0871a1bbc4a038ea5afecdeabbcdc49bdec0e4f0933a84,ec7a42ef406e12fab5a38d2172a8a8e4af2ed4a6a255bbc938f2873b5fa72c0c,未知,未知,未取得
source-identity-field-evidence-20260807T182456+0800-44d9871dc3b2,ZI-c561cdc026374378e8a7e1ed,DS-000138,候选数据文件,BTC,未知,未知,未知,未知,未知,未知,未知,未知,未知,无法判定,白名单普通文件stat与冻结输入一致,未读取文件正文；字段语义和授权边界未证明,提供当前版本字段级身份、Schema和授权边界证据后新建不可变批次,91cc4ad9a33161955c014a7f07d248bcafc3f5be08813d91e27a18d6a42f55c4,d125c6a6be90c884d798c1463c4a75b18776b9df697e47e8ad17ba2950e9041c,5a25f70c22feb93ddf13db7412751716b752f3df975dcd872b91483fff1673b1,未知,未知,未取得
source-identity-field-evidence-20260807T182456+0800-44d9871dc3b2,ZI-cbdce8e325cdea9138ef0d4e,DS-000139,候选数据文件,BTC,未知,未知,未知,未知,未知,未知,未知,未知,未知,无法判定,白名单普通文件stat与冻结输入一致,未读取文件正文；字段语义和授权边界未证明,提供当前版本字段级身份、Schema和授权边界证据后新建不可变批次,fe64d848475c7415a5eb6c92b24f0b9a75641d0388cb76d8ab63008be5e3a74a,02aa34a5782c6475090b08d09f56492e5aca5f90d6a6c04892b76eb6c2693100,ba248a6975c5009c45a7e72795088a5e5092bf5dd0819f2d00e7f085aa06178d,未知,未知,未取得
source-identity-field-evidence-20260807T182456+0800-44d9871dc3b2,ZI-6e09551ca827697625cb6b3c,DS-000140,候选数据文件,BTC,未知,未知,未知,未知,未知,未知,未知,未知,未知,无法判定,白名单普通文件stat与冻结输入一致,未读取文件正文；字段语义和授权边界未证明,提供当前版本字段级身份、Schema和授权边界证据后新建不可变批次,009afddc569c187b643514b715c578f909c030480467dad3f80f258b9e5dba7d,b6c82d5425a8cdf88495463d890490b44b81d53e14c5518a8a9075005caa0322,cb0194a65ca8648d1632564ada44b5ce4e139050efe53630b2da861b5f83de1d,未知,未知,未取得
source-identity-field-evidence-20260807T182456+0800-44d9871dc3b2,ZI-6a81a9eab1027b343b73215a,DS-000141,候选数据文件,BTC,未知,未知,未知,未知,未知,未知,未知,未知,未知,无法判定,白名单普通文件stat与冻结输入一致,未读取文件正文；字段语义和授权边界未证明,提供当前版本字段级身份、Schema和授权边界证据后新建不可变批次,27f7235cee2d01a99bf0f9f1109e9272501fdb8df65e8befd348f081a6e8a5b8,b91d8a03a13e40c260c661474056c937d86044892e1b996abc9f63b2f4b6ae22,34df1c688232abaf7ccbcb292be24e16dc27d1b22ae19f5abf969b3f4478a5bb,未知,未知,未取得
source-identity-field-evidence-20260807T182456+0800-44d9871dc3b2,ZI-009128c1d44092db64fb50b2,DS-000142,候选数据文件,BTC,未知,未知,未知,未知,未知,未知,未知,未知,未知,无法判定,白名单普通文件stat与冻结输入一致,未读取文件正文；字段语义和授权边界未证明,提供当前版本字段级身份、Schema和授权边界证据后新建不可变批次,80fa1bd6e7005895cf660e56647c09e7daa74e86af408dd82f83ee4d04c6f8b5,860236248e7aea69da97f6194ff9759aba898bea600199d78895d5ee127b4dc3,8a80c7ada77e71235c8469779744ca176a7ff3dfa719d573abe409c6b5777441,未知,未知,未取得
source-identity-field-evidence-20260807T182456+0800-44d9871dc3b2,ZI-d98242a5fa6a990de942165a,DS-000143,候选数据文件,BTC,未知,未知,未知,未知,未知,未知,未知,未知,未知,无法判定,白名单普通文件stat与冻结输入一致,未读取文件正文；字段语义和授权边界未证明,提供当前版本字段级身份、Schema和授权边界证据后新建不可变批次,4d297614b41f56e3ac145165007736d4e5d0fc857ba98d3ee2525ae214f66bb1,4cbe2044617773f15480f56846eefcc06f9283a0df0b2ea2848863b5c55ecec3,5c8e695e819c8c4310c167716bd28bebd6757788b6ebe596ac9bbd91c72d9b43,未知,未知,未取得
source-identity-field-evidence-20260807T182456+0800-44d9871dc3b2,ZI-656064ee5ebd05df9e1d1d0b,DS-000144,候选数据文件,BTC,未知,未知,未知,未知,未知,未知,未知,未知,未知,无法判定,白名单普通文件stat与冻结输入一致,未读取文件正文；字段语义和授权边界未证明,提供当前版本字段级身份、Schema和授权边界证据后新建不可变批次,a37f1429695718fc7f7e8f2425da19674e90d6a02d7bb8ff8ce85e66a4f07074,5d1ab5d44f1de1ad4fbc785b6ea424eb709ea3b0c86823b3e5017f48344525f5,255f11efeb2a76369240fd728afca89af398054bdaa8d496e52ceadf6a18ed2b,未知,未知,未取得
source-identity-field-evidence-20260807T182456+0800-44d9871dc3b2,ZI-1c10301302ee0cd7a93b0689,DS-000145,候选数据文件,BTC,未知,未知,未知,未知,未知,未知,未知,未知,未知,无法判定,白名单普通文件stat与冻结输入一致,未读取文件正文；字段语义和授权边界未证明,提供当前版本字段级身份、Schema和授权边界证据后新建不可变批次,12ba9cb4812d9b25d1ce7250ee24a6ecbad7c3e14871b3b350b5ff102581369a,57ce5756d544470c071f99ac28596e3a353fc24f97dbb5ae7253523ff81dc231,88bdfe669d8f83375f143924861c71f403f2da93abd6def7d8acc9886504f23e,未知,未知,未取得
source-identity-field-evidence-20260807T182456+0800-44d9871dc3b2,ZI-65304f632d8f816f8c997e85,DS-000146,候选数据文件,BTC,未知,未知,未知,未知,未知,未知,未知,未知,未知,无法判定,白名单普通文件stat与冻结输入一致,未读取文件正文；字段语义和授权边界未证明,提供当前版本字段级身份、Schema和授权边界证据后新建不可变批次,c3cc5610c7e0e33b392b2bdea0167adef56d57f070b3e427f342c684b3ea0688,e61058a41811c8636ff9890643f009c578f560fd96a66af88692e5241b1757f7,f4de49558ddb65268ec161ab8b38c37166acf98ec6a90476441faf1737a8acb7,未知,未知,未取得
source-identity-field-evidence-20260807T182456+0800-44d9871dc3b2,ZI-16acf3cdbbc6cb6240495c7b,DS-000147,候选数据文件,BTC,未知,未知,未知,未知,未知,未知,未知,未知,未知,无法判定,白名单普通文件stat与冻结输入一致,未读取文件正文；字段语义和授权边界未证明,提供当前版本字段级身份、Schema和授权边界证据后新建不可变批次,ffc57781fb71aec9cd924574bd3fbe2cedfaba4f4cb581fe866c9a9d0dbed1a9,f82e14523d77605ccfd9a22bd70248156967c38995a33369ba86782563e90c1f,9b87e92b38e7b4d94316e35100c11d859168e7011151826a125e9159fa585771,未知,未知,未取得
source-identity-field-evidence-20260807T182456+0800-44d9871dc3b2,ZI-5dfc284725b608d6c0455773,DS-000148,候选数据文件,BTC,未知,未知,未知,未知,未知,未知,未知,未知,未知,无法判定,白名单普通文件stat与冻结输入一致,未读取文件正文；字段语义和授权边界未证明,提供当前版本字段级身份、Schema和授权边界证据后新建不可变批次,3a02343642236a2a3e657efef9c7518e0c47343c29a0fed06dac9abe93d62260,f4edcccaed59232dbb7cf8d2dfaf04e79553a7ac8e2078187b10457d67519149,86426ab119d6e6066709cc196e619e6306679bb9073ba665a8342e3815c21de8,未知,未知,未取得
source-identity-field-evidence-20260807T182456+0800-44d9871dc3b2,ZI-fb04e2b97b0709831aeef170,DS-000149,候选数据文件,BTC,未知,未知,未知,未知,未知,未知,未知,未知,未知,无法判定,白名单普通文件stat与冻结输入一致,未读取文件正文；字段语义和授权边界未证明,提供当前版本字段级身份、Schema和授权边界证据后新建不可变批次,a873240ba93a952953aa11ac5f6f40fac71db86b7055f9b2d8541c48f40d345b,4e6d23c011426dae5c6320f9252a9a98d9acacf9b6dbf6367b468b2f3fcdd933,a658f77b7557f36417adbf967954925bbb4d6f4f6516b15da11bae1308ff69f0,未知,未知,未取得
source-identity-field-evidence-20260807T182456+0800-44d9871dc3b2,ZI-5e9e4d83ac97e26370280732,DS-000150,候选数据文件,BTC,未知,未知,未知,未知,未知,未知,未知,未知,未知,无法判定,白名单普通文件stat与冻结输入一致,未读取文件正文；字段语义和授权边界未证明,提供当前版本字段级身份、Schema和授权边界证据后新建不可变批次,40939ad30387a7158ed57b306fe0d71798f08cbe52327025d40af30da47e9dc6,74cc08153372fee7e1341f90333deff6499160fd8b0c2892d07ef7617eff297b,e73953d67abd8d057b74fadaaa147dc0e9d678c03c9ca3bbfd9fdd452b888053,未知,未知,未取得
source-identity-field-evidence-20260807T182456+0800-44d9871dc3b2,ZI-0424adadee4f47a70743fdba,DS-000151,候选数据文件,BTC,未知,未知,未知,未知,未知,未知,未知,未知,未知,无法判定,白名单普通文件stat与冻结输入一致,未读取文件正文；字段语义和授权边界未证明,提供当前版本字段级身份、Schema和授权边界证据后新建不可变批次,576e8c8e6487f15c636a679f4a040797e58715ed5fcaeaa34cc9be2b42fc0bd9,cd88a8f621a0299230477e4d92b8ba19239afcf37ceb7334c47378212014e789,bb63c46d3fbf925b4ad9f5fee71ec8b38e2a215e39e068c8fc9650d9fc2811c7,未知,未知,未取得
source-identity-field-evidence-20260807T182456+0800-44d9871dc3b2,ZI-0c07e377a75105645df6b291,DS-000152,候选数据文件,BTC,未知,未知,未知,未知,未知,未知,未知,未知,未知,无法判定,白名单普通文件stat与冻结输入一致,未读取文件正文；字段语义和授权边界未证明,提供当前版本字段级身份、Schema和授权边界证据后新建不可变批次,72c373f523c68c010f48416824dc922cc7bdcb6a7af086a80aff26503846cc1f,48078a1e230726b0547e72ddee411183136d2c72294936e080fdd3af63d83bae,58003de1fb0e4701a54630597c088dd7ed13db533e7c4d6b80897ae5271d0f78,未知,未知,未取得
source-identity-field-evidence-20260807T182456+0800-44d9871dc3b2,ZI-640d37576121e3a650ac0d2e,DS-000153,候选数据文件,BTC,未知,未知,未知,未知,未知,未知,未知,未知,未知,无法判定,白名单普通文件stat与冻结输入一致,未读取文件正文；字段语义和授权边界未证明,提供当前版本字段级身份、Schema和授权边界证据后新建不可变批次,546a99b7d0834c6f48dec4b7ae8905dcf109bb0225eadb4e316d5042925f9656,4cbea391e9d71674db6cc122cc717ddf4b9bfe1530f34fd3452e806826813e40,67c6636743950151c37ef661ba25c31514078bbfddacff209c65d8cebd47cb07,未知,未知,未取得
source-identity-field-evidence-20260807T182456+0800-44d9871dc3b2,ZI-21ac823fa28df5c1e70a4664,DS-000154,候选数据文件,BTC,未知,未知,未知,未知,未知,未知,未知,未知,未知,无法判定,白名单普通文件stat与冻结输入一致,未读取文件正文；字段语义和授权边界未证明,提供当前版本字段级身份、Schema和授权边界证据后新建不可变批次,ee9e0ae362a297ec3bf7aa435152701795b513a1aff9467f7d54516156653425,94b3554528a3be49bcebdc6c462fa808267c26f8caf85d3cecf38f996d7b1fca,05766b4e52ea2244d09ecba16752b54881d102cdad4ffd255e15cd3a8bfbc777,未知,未知,未取得
source-identity-field-evidence-20260807T182456+0800-44d9871dc3b2,ZI-cdad1cc147a20a41f7f2ee26,DS-000155,候选数据文件,BTC,未知,未知,未知,未知,未知,未知,未知,未知,未知,无法判定,白名单普通文件stat与冻结输入一致,未读取文件正文；字段语义和授权边界未证明,提供当前版本字段级身份、Schema和授权边界证据后新建不可变批次,6f2aca25eaf8f6fd1197fd066869629e61faf4077b6408d812252f2149ddc42f,9f292f14d0438e87bb16e11cae60e2a289518c94e549252a5dfa0c4e59febc79,48bdc19fa9ed8a48a619afd145dd0162a9fc11e56713699543db7b374556a266,未知,未知,未取得
source-identity-field-evidence-20260807T182456+0800-44d9871dc3b2,ZI-6939ba155854862e518e6009,DS-000156,候选数据文件,BTC,未知,未知,未知,未知,未知,未知,未知,未知,未知,无法判定,白名单普通文件stat与冻结输入一致,未读取文件正文；字段语义和授权边界未证明,提供当前版本字段级身份、Schema和授权边界证据后新建不可变批次,a72715813de459c323b00c15154ac684ead7ae93d24f420a1fafec5468fa83e7,5aa2b1f86525f98438b8263ff6be8440883747977470ff042da53d6d4a5d67fb,b6e19149fd7d0352939c4e165395214c13fc8fd136d10e60f4b57dc9418bd39a,未知,未知,未取得
source-identity-field-evidence-20260807T182456+0800-44d9871dc3b2,ZI-94557927f00d78aaf5722db0,DS-000157,候选数据文件,BTC,未知,未知,未知,未知,未知,未知,未知,未知,未知,无法判定,白名单普通文件stat与冻结输入一致,未读取文件正文；字段语义和授权边界未证明,提供当前版本字段级身份、Schema和授权边界证据后新建不可变批次,6eda5591fc0c247a607d37e4cdf6c45a53d77565384aa87932c05f3fdc45535c,68a86114742d9f2dff7ab7c6041f3cf093c68bfff4bc6cd974a6725b999f5bc5,349faf356b03b35913e3e5cebbfdaf06f91c54cdb4d0a01fcc277c226476f1c3,未知,未知,未取得
source-identity-field-evidence-20260807T182456+0800-44d9871dc3b2,ZI-7617512dc642e8f9c0fc1dfc,DS-000158,候选数据文件,BTC,未知,未知,未知,未知,未知,未知,未知,未知,未知,无法判定,白名单普通文件stat与冻结输入一致,未读取文件正文；字段语义和授权边界未证明,提供当前版本字段级身份、Schema和授权边界证据后新建不可变批次,72f486a70d9704d448d87595639e86f5186ef95992b2c4885e6b2b8b853a9d1a,2b5d3a51ae75781a79bec31a5a7713b163027a5b9cf0827e56402b4d3ea40176,7e1207ac757a341acdef339a37b5fd02081af58271ddbda790a403cad77beaf8,未知,未知,未取得
source-identity-field-evidence-20260807T182456+0800-44d9871dc3b2,ZI-e4239ea33b886b3a8126a033,DS-000159,候选数据文件,BTC,未知,未知,未知,未知,未知,未知,未知,未知,未知,无法判定,白名单普通文件stat与冻结输入一致,未读取文件正文；字段语义和授权边界未证明,提供当前版本字段级身份、Schema和授权边界证据后新建不可变批次,3542d314315b3e35751cb209f4c796189b505af0f86578c853de6478c418adba,c0095820ae15562bb2ea6b710ac5e22e65a401ddce44689b7c0fe7ef51bc6826,58a5b324c261a03e6ab1b9a49fa98acbb1d6e3112d0d05d2b515a574c9f58a05,未知,未知,未取得
source-identity-field-evidence-20260807T182456+0800-44d9871dc3b2,ZI-f6ab3dfe71d4fa1f19c5dc34,DS-000160,候选数据文件,BTC,未知,未知,未知,未知,未知,未知,未知,未知,未知,无法判定,白名单普通文件stat与冻结输入一致,未读取文件正文；字段语义和授权边界未证明,提供当前版本字段级身份、Schema和授权边界证据后新建不可变批次,d7aa39396e7a11768826401789432108e5ab65f5340646b4925cc6bb9bf83dfb,f487cca97965a201879b642fc5cc465c77ec5c4fdbadb78a701e95e2c30ff691,cde24c8a9600f35e0394f85eb1d50cc1597608caeae467d5ff2b32e7471ccef3,未知,未知,未取得
source-identity-field-evidence-20260807T182456+0800-44d9871dc3b2,ZI-d9887ba0784f6c2473f97059,DS-000161,候选数据文件,BTC,未知,未知,未知,未知,未知,未知,未知,未知,未知,无法判定,白名单普通文件stat与冻结输入一致,未读取文件正文；字段语义和授权边界未证明,提供当前版本字段级身份、Schema和授权边界证据后新建不可变批次,ec01d645a01d99926ec9405f77b33b2cb182ca4135cfdfeeadee39f80bdbeab5,85152bae85f3a8c85dd1664b5eacdd01a717a145829fbdaf5ed7a7d08bf87fc3,23184a251a0f50ff95e43a561d47aa75732cdd6ee61ba6cfaa3e12b128fc2bba,未知,未知,未取得
source-identity-field-evidence-20260807T182456+0800-44d9871dc3b2,ZI-455991cb8b0b7e308ee383e8,DS-000162,候选数据文件,BTC,未知,未知,未知,未知,未知,未知,未知,未知,未知,无法判定,白名单普通文件stat与冻结输入一致,未读取文件正文；字段语义和授权边界未证明,提供当前版本字段级身份、Schema和授权边界证据后新建不可变批次,8bcd4a1f32df538b6b79746044da34ee5f0dd05800d6484cd0ba9601ce36ca5e,dbe53d134e307d16878f5370acb398f1ee7128de69aa52a79ac07ca78f495682,c2fe940c5e5dd57e6571420f97869c07f2c68aa1089b103c1ba4c63893514272,未知,未知,未取得
source-identity-field-evidence-20260807T182456+0800-44d9871dc3b2,ZI-d66eff48ef4c87b84424c5f3,DS-000163,候选数据文件,BTC,未知,未知,未知,未知,未知,未知,未知,未知,未知,无法判定,白名单普通文件stat与冻结输入一致,未读取文件正文；字段语义和授权边界未证明,提供当前版本字段级身份、Schema和授权边界证据后新建不可变批次,752b82b872a799d4af7a2c30cdbe801cc698881ef471389e897662c027aa4d11,28a9b922b58ae6e090bebafbfc349e66df581a9205db093a0a3f8ff2fa572d4e,1308ba5edf48e53075a901216103796eaf0049060ca430a1ee78db469d270870,未知,未知,未取得
source-identity-field-evidence-20260807T182456+0800-44d9871dc3b2,ZI-17947f8323f81e7134b3ea1c,DS-000164,候选数据文件,BTC,未知,未知,未知,未知,未知,未知,未知,未知,未知,拒绝,冻结文件元数据漂移,未读取文件正文；字段语义和授权边界未证明,提供当前版本字段级身份、Schema和授权边界证据后新建不可变批次,cb3f2cfa1431a5e9847c70b5630e69fb57a0b38a928b2348486398c485d9bae6,516d5eb55dd0987b7930e7c5bef4a540c3225006c62894d0639b3a4b2304144e,0c8d71502120ba93fb206dcb5bd110614bf5690ac0087c5076f050cc43263d18,未知,未知,未取得
source-identity-field-evidence-20260807T182456+0800-44d9871dc3b2,ZI-f26abf407f8b04d24370113f,DS-000165,候选数据文件,BTC,未知,未知,未知,未知,未知,未知,未知,未知,未知,无法判定,白名单普通文件stat与冻结输入一致,未读取文件正文；字段语义和授权边界未证明,提供当前版本字段级身份、Schema和授权边界证据后新建不可变批次,c3e43bdaf00cb3c1f31558af9d95c281dcf7b02f513783e1b2d81801c988131b,f8443e4b26eacf3b9610b1319c4f8463fd03116bf5970e7630ab077339ea4b8c,ba0bb2e1b9962f53ae672bde5cd4be3fb1a677e334c672ed465031dd5e05a455,未知,未知,未取得
source-identity-field-evidence-20260807T182456+0800-44d9871dc3b2,ZI-4b9d46c03dd6f781351926e4,DS-000166,候选数据文件,BTC,未知,未知,未知,未知,未知,未知,未知,未知,未知,无法判定,白名单普通文件stat与冻结输入一致,未读取文件正文；字段语义和授权边界未证明,提供当前版本字段级身份、Schema和授权边界证据后新建不可变批次,124c9805ad883e81114457ba70e09538f6482e40db071620d525d646cc62ca8e,51c7ee24b8b28cd70f2f107113da7b0b9dca37123b1420f57e18fad238e7b54a,409f90fe7a37a27be712e338bf0838e95f3f7098e3147015d0a816bce5ffc8da,未知,未知,未取得
source-identity-field-evidence-20260807T182456+0800-44d9871dc3b2,ZI-34dff9049f1d369afb466555,DS-000167,候选数据文件,BTC,未知,未知,未知,未知,未知,未知,未知,未知,未知,无法判定,白名单普通文件stat与冻结输入一致,未读取文件正文；字段语义和授权边界未证明,提供当前版本字段级身份、Schema和授权边界证据后新建不可变批次,21e4a941e92f073fd4e7b87229f307e3ce1d789f3cfef3dadf9038462b8a8c68,a367d8081bdf2f6cdc7a8c1024b4f9301526a44d15b9f800f2148a54f93f6c3b,eea0ec8549def4c81696b45096ad5212be3614a7eb20d7a6562f3c1ebf9d495a,未知,未知,未取得
source-identity-field-evidence-20260807T182456+0800-44d9871dc3b2,ZI-e55942224685f7d269286e18,DS-000168,候选数据文件,BTC,未知,未知,未知,未知,未知,未知,未知,未知,未知,无法判定,白名单普通文件stat与冻结输入一致,未读取文件正文；字段语义和授权边界未证明,提供当前版本字段级身份、Schema和授权边界证据后新建不可变批次,f8a62a522dbf19d9f77ac41019b29e0d5926d40fae094dc88dac45931309b6fa,63316eb0fed55cf8b6a3b729c493cdab69768557f142802b0dcff21e04275013,f49a3246301fb71f95839445f4b3e710be2ca7477f7b66ce7380d7f290f72c71,未知,未知,未取得
source-identity-field-evidence-20260807T182456+0800-44d9871dc3b2,ZI-5a84cfbc430a960cd28000ec,DS-000169,候选数据文件,BTC,未知,未知,未知,未知,未知,未知,未知,未知,未知,无法判定,白名单普通文件stat与冻结输入一致,未读取文件正文；字段语义和授权边界未证明,提供当前版本字段级身份、Schema和授权边界证据后新建不可变批次,671abd7b1989a86c583e552837880726ae9a67b0aab16e05de13612a73d4ecdf,67bf5dd6fd5fb33f7583a1a2f3bb582d599b9fe7e3aa96d83eae6b8150904903,e8477d9efb4b4c1b35e2c08e3062cefdb88a64c1620a60dd88b38dfc636bf40f,未知,未知,未取得
source-identity-field-evidence-20260807T182456+0800-44d9871dc3b2,ZI-fb526a38ae5fd3aa09ae64ae,DS-000170,候选数据文件,BTC,未知,未知,未知,未知,未知,未知,未知,未知,未知,无法判定,白名单普通文件stat与冻结输入一致,未读取文件正文；字段语义和授权边界未证明,提供当前版本字段级身份、Schema和授权边界证据后新建不可变批次,9880223dc66afea86d19de7288fac597977eb9007513637dd141df6bbb558cf1,1ca2fad71ee5e299bd9eb4c92fc5268d9c94846df7224a5847baff22269ac485,b9c6445ab3bd9a1dedca60476ee714c2940edd77155ed5f9d9767bbbc165cdd4,未知,未知,未取得
source-identity-field-evidence-20260807T182456+0800-44d9871dc3b2,ZI-7d429d1f623c63bbc6f1ef8e,DS-000171,候选数据文件,BTC,未知,未知,未知,未知,未知,未知,未知,未知,未知,无法判定,白名单普通文件stat与冻结输入一致,未读取文件正文；字段语义和授权边界未证明,提供当前版本字段级身份、Schema和授权边界证据后新建不可变批次,bafa83fba181792f378cb580dcfa6120abaf40fd3a0e15b52ee8bb9850b1d7c1,e20d7ce4b70f3653732488f2e4fa6a5733a3d5ccf59716ac036d7e3792b860e7,ab240c906cc51030f7743f77f2f1ae848c91137f6125973c33e679540b62c9a1,未知,未知,未取得
source-identity-field-evidence-20260807T182456+0800-44d9871dc3b2,ZI-aac1bb06a6b99207067ded53,DS-000172,候选数据文件,BTC,未知,未知,未知,未知,未知,未知,未知,未知,未知,无法判定,白名单普通文件stat与冻结输入一致,未读取文件正文；字段语义和授权边界未证明,提供当前版本字段级身份、Schema和授权边界证据后新建不可变批次,eb688bbf8774884808324cb917637b38b808edcce9636716f36c0c73a0bb1a70,e667c30d0bfca80519230e6883c08752d4caff0bd9cc1431f710eb4e5148ade4,c0b46775b54160988d1e7fbeaa238cc355d073638595d10f9efa7a72ab8c26aa,未知,未知,未取得
source-identity-field-evidence-20260807T182456+0800-44d9871dc3b2,ZI-fa106fa26030d60d8965c34b,DS-000173,候选数据文件,BTC,未知,未知,未知,未知,未知,未知,未知,未知,未知,无法判定,白名单普通文件stat与冻结输入一致,未读取文件正文；字段语义和授权边界未证明,提供当前版本字段级身份、Schema和授权边界证据后新建不可变批次,a06211053ef3792fd50827071a13e367103be5199d7b34c0e41b19e742bec238,bf37f1e15db3ed614c5585819102061079560e462ec602da143584883583bc93,f6ab3c3907604164bae75190323cf14565252c742fa81d6e11cbce60ce00d35e,未知,未知,未取得
source-identity-field-evidence-20260807T182456+0800-44d9871dc3b2,ZI-a395eafdee634d105fbc037f,DS-000174,候选数据文件,BTC,未知,未知,未知,未知,未知,未知,未知,未知,未知,无法判定,白名单普通文件stat与冻结输入一致,未读取文件正文；字段语义和授权边界未证明,提供当前版本字段级身份、Schema和授权边界证据后新建不可变批次,24bff6b100446afade335ff88ab048b5c675d812f75e01549793cae7f257d97f,c07f7180ae7e02816e66deb01bcb4f1ee30b564436f12ab21ca7543268470d3c,0bf60354caeadc951cf9d32fd241087b40169d03b5988b74f0d7a3747d2b8d2d,未知,未知,未取得
source-identity-field-evidence-20260807T182456+0800-44d9871dc3b2,ZI-1152bffa2435f07af09dc124,DS-000175,候选数据文件,BTC,未知,未知,未知,未知,未知,未知,未知,未知,未知,无法判定,白名单普通文件stat与冻结输入一致,未读取文件正文；字段语义和授权边界未证明,提供当前版本字段级身份、Schema和授权边界证据后新建不可变批次,e69a513ac7621ea835192801bdc3809e04d75239d3d02150790c2b4feb89c14f,e00d8e0622b69839356da70a6d5f9627b923bd9747d783c91524230b052c4ebd,a54444e6451dfda6ce0ab9d5953a6a47b23c3ad162c920847fe7f505c8c751f4,未知,未知,未取得
source-identity-field-evidence-20260807T182456+0800-44d9871dc3b2,ZI-a9f305697de0c752d67de6f9,DS-000176,候选数据文件,BTC,未知,未知,未知,未知,未知,未知,未知,未知,未知,无法判定,白名单普通文件stat与冻结输入一致,未读取文件正文；字段语义和授权边界未证明,提供当前版本字段级身份、Schema和授权边界证据后新建不可变批次,90ebfb0f32228dabe4d3c3d6fffddbe5c46cd9db2008dc26dc4e6f6040d4413c,9a7d1afa4cbf4d2d97074d86221d177171420ee4d31809c6bc398cfbd66474fe,29520916e7ea2217c6396843a04b344228df03e343e44b0c9513ac7b196dbd83,未知,未知,未取得
source-identity-field-evidence-20260807T182456+0800-44d9871dc3b2,ZI-3738394efd413b3002a00a2c,DS-000177,候选数据文件,BTC,未知,未知,未知,未知,未知,未知,未知,未知,未知,无法判定,白名单普通文件stat与冻结输入一致,未读取文件正文；字段语义和授权边界未证明,提供当前版本字段级身份、Schema和授权边界证据后新建不可变批次,2f8df68ac997b3bf050617e476702d5c601fa659f1895ee84cfbf15371917e1d,278f87388b2a98d85729ff811e0427d4c4b1defe8d138e56af2cf0235ba47a00,7ae87b2f9a4ad8f887b2caebaa42c571d4434860db65910555c37abcadd6fd6d,未知,未知,未取得
source-identity-field-evidence-20260807T182456+0800-44d9871dc3b2,ZI-46362304247211436445a671,DS-000178,候选数据文件,BTC,未知,未知,未知,未知,未知,未知,未知,未知,未知,无法判定,白名单普通文件stat与冻结输入一致,未读取文件正文；字段语义和授权边界未证明,提供当前版本字段级身份、Schema和授权边界证据后新建不可变批次,2be772033a825d5db28b7b4ec5e1ea9930f0b1b0b4d08440e6d7ea2e764aad5b,1bffcaae5b91bb44474d63d592c1c9e68448e306fac3285af10f6c945c865719,32b3a276886da889fc329601661d5e74410377ca7bdb6b7da06ee681422a0a14,未知,未知,未取得
source-identity-field-evidence-20260807T182456+0800-44d9871dc3b2,ZI-b69c1e9048e918566ceefa22,DS-000179,候选数据文件,BTC,未知,未知,未知,未知,未知,未知,未知,未知,未知,无法判定,白名单普通文件stat与冻结输入一致,未读取文件正文；字段语义和授权边界未证明,提供当前版本字段级身份、Schema和授权边界证据后新建不可变批次,6bc774ebf31ea4bc26f9986dd2196dd92683949fa9b59523e75b9a8d0ed2bf93,62a08d2f8751a13775a250998eef57673892d024d28cd620584da884903097df,1e27c9e09c1c9c758b6f809b91b41417665dbc9e483d82f0699f6654f5aa5c0f,未知,未知,未取得
source-identity-field-evidence-20260807T182456+0800-44d9871dc3b2,ZI-d64a2f2a8cd520c712ce9c8f,DS-000180,候选数据文件,BTC,未知,未知,未知,未知,未知,未知,未知,未知,未知,无法判定,白名单普通文件stat与冻结输入一致,未读取文件正文；字段语义和授权边界未证明,提供当前版本字段级身份、Schema和授权边界证据后新建不可变批次,b6118ed137c406348410af6e4eaeb8261a9eb3235fe2ad89f4ca2a4bea3b0a27,c7ac3d744459bf26cd65c97fca99f57611a77a408bf5ef6c6cf9d89c842ef88f,bf590b9670f8e01799bc70e7ac14e048cadcbdd5c6c8c7f1201e7ebcc7df673c,未知,未知,未取得
source-identity-field-evidence-20260807T182456+0800-44d9871dc3b2,ZI-bce9dfb54e2ed9b7f18d9b14,DS-000181,候选数据文件,BTC,未知,未知,未知,未知,未知,未知,未知,未知,未知,无法判定,白名单普通文件stat与冻结输入一致,未读取文件正文；字段语义和授权边界未证明,提供当前版本字段级身份、Schema和授权边界证据后新建不可变批次,1fe6ac4a775c05280ed26b8f8853a6ac1a22125ef106286be954feedba32abf5,c68feee4be2993d8b8a73e279b6195f81f7cdedada212e84cd6c756714742edb,d2c3100c9eb08851d556bf9a451d81a17bc3d74f85375576e476eac2d7ded84b,未知,未知,未取得
source-identity-field-evidence-20260807T182456+0800-44d9871dc3b2,ZI-2f48d5457582bdd23668ba24,DS-000182,候选数据文件,BTC,未知,未知,未知,未知,未知,未知,未知,未知,未知,无法判定,白名单普通文件stat与冻结输入一致,未读取文件正文；字段语义和授权边界未证明,提供当前版本字段级身份、Schema和授权边界证据后新建不可变批次,a74ec65bcc7369875747ed975605f401086ff589062f54356d0d9950115c7de9,f09fc8a6f5b1539a1b3cf887e0977fee1282c6c16f76db9cbc3068d839c25bb4,918eee01edda5807452edecd4da6c2064c55c397ee24da3636ba86510de2503b,未知,未知,未取得
source-identity-field-evidence-20260807T182456+0800-44d9871dc3b2,ZI-7c30f1c32268b00fa252bf6c,DS-000183,候选数据文件,BTC,未知,未知,未知,未知,未知,未知,未知,未知,未知,无法判定,白名单普通文件stat与冻结输入一致,未读取文件正文；字段语义和授权边界未证明,提供当前版本字段级身份、Schema和授权边界证据后新建不可变批次,5bd5cdb50b22e563541c34884cc493910fe803c5d4b9545de146de4b4433eedb,09ca5d365a96989a9b5ccc68b43d14c9894017529a209cc4d112451ff50bac6c,7a4f8013b67000ade4b675609a41ca0c69f3f5cb84a4b806c7778c10e0ab01f7,未知,未知,未取得
source-identity-field-evidence-20260807T182456+0800-44d9871dc3b2,ZI-c39244d5fbd3833d648c5a53,DS-000184,候选数据文件,BTC,未知,未知,未知,未知,未知,未知,未知,未知,未知,无法判定,白名单普通文件stat与冻结输入一致,未读取文件正文；字段语义和授权边界未证明,提供当前版本字段级身份、Schema和授权边界证据后新建不可变批次,ae7b53abea94ebb15ee07ac54328eacafce104a7821261b0f92cdc259136945c,ae8583e9e5cb1dbbec303e39d149d0e2e1751c998f8efd5f2021d3ecd0bd2837,362ce344df7a4cffe1d929def71bcfc6ca3acdcd63e193cef1655dc40a0063ae,未知,未知,未取得
source-identity-field-evidence-20260807T182456+0800-44d9871dc3b2,ZI-f7a557013982647b609cab63,DS-000185,候选数据文件,BTC,未知,未知,未知,未知,未知,未知,未知,未知,未知,无法判定,白名单普通文件stat与冻结输入一致,未读取文件正文；字段语义和授权边界未证明,提供当前版本字段级身份、Schema和授权边界证据后新建不可变批次,fd66279f71275b9153fd72c7881ea8d8650bb18480b5b4455a1235907ffb7471,71087d6618e22464f61017d3eaba78394a1d99770dca087b997c1cc77028ef14,3e8a9fa0f9b822d0e6515c34b8dc771127061b16e1cdc35c58d748dfd36b29be,未知,未知,未取得
source-identity-field-evidence-20260807T182456+0800-44d9871dc3b2,ZI-d846161ae6efc2de26747270,DS-000186,候选数据文件,BTC,未知,未知,未知,未知,未知,未知,未知,未知,未知,无法判定,白名单普通文件stat与冻结输入一致,未读取文件正文；字段语义和授权边界未证明,提供当前版本字段级身份、Schema和授权边界证据后新建不可变批次,b4d26c095ff3d7f2930ff2f9f61bb4c04c391bcc99501cadca68b3425f4cdb7b,455d25cc3f054709e38d5a204be89a8187f1381130e5e4eddb5c2beffe428a12,2212269622ceda0f44157e8aaf43580ea540f748da410720dc2000fe4d8faa9c,未知,未知,未取得
source-identity-field-evidence-20260807T182456+0800-44d9871dc3b2,ZI-60958eebfb01826209cad45d,DS-000187,候选数据文件,BTC,未知,未知,未知,未知,未知,未知,未知,未知,未知,无法判定,白名单普通文件stat与冻结输入一致,未读取文件正文；字段语义和授权边界未证明,提供当前版本字段级身份、Schema和授权边界证据后新建不可变批次,cd6f8b4d93a9e695c2be3af8f0481d412bf7bf2d88fea5ee90dbb3af5a1f185b,359696415b0ac257deb93469523c69d0f2af36451055b2dca1c07e083ed5161e,f00ee1897e89e2d7aa934613b73b03e9b80704139d6f8490bbc6ae5cf5978d64,未知,未知,未取得
source-identity-field-evidence-20260807T182456+0800-44d9871dc3b2,ZI-fa2a4d25532ebea9a058b0dc,DS-000188,候选数据文件,BTC,未知,未知,未知,未知,未知,未知,未知,未知,未知,无法判定,白名单普通文件stat与冻结输入一致,未读取文件正文；字段语义和授权边界未证明,提供当前版本字段级身份、Schema和授权边界证据后新建不可变批次,7fd19c744dac05cbd7e434c721348638379f2dea6df0fc204c2eb68a78236231,11306827a908e9ff994d5dd1c7f85c22c8df50191d02dd527cea0b8c82fd4e58,941c9f469c5545a54152e5729912e1515e81e788dfc0cd2ccd1341d5cac42804,未知,未知,未取得
source-identity-field-evidence-20260807T182456+0800-44d9871dc3b2,ZI-a0614455fb843de8768c8d5b,DS-000189,候选数据文件,BTC,未知,未知,未知,未知,未知,未知,未知,未知,未知,无法判定,白名单普通文件stat与冻结输入一致,未读取文件正文；字段语义和授权边界未证明,提供当前版本字段级身份、Schema和授权边界证据后新建不可变批次,339770b4561a39f6d7d39db2fb133c36bbde7bfa98b6314ed23504c848d49222,84393fbbb6150c684420f721229ce9119167b9f12129ca420cf0693188440608,c6318d49577000dea5ad5f3f9172d1038d87c43d4633f7297229ca27cf445759,未知,未知,未取得
source-identity-field-evidence-20260807T182456+0800-44d9871dc3b2,ZI-d3c96884df707ae67f114610,DS-000190,候选数据文件,BTC,未知,未知,未知,未知,未知,未知,未知,未知,未知,无法判定,白名单普通文件stat与冻结输入一致,未读取文件正文；字段语义和授权边界未证明,提供当前版本字段级身份、Schema和授权边界证据后新建不可变批次,d7136de17556a28b492a1af141d73c1758727a591f4bba3dc8153365fa742189,46f46dc666afb32c7c3ddc58ac7f024b9e8c64afd385cb67242d7278dff80862,dedc9f8d207aab23e0b597eb05bb6df6f574173badc9242f5b9dc9d67022282d,未知,未知,未取得
source-identity-field-evidence-20260807T182456+0800-44d9871dc3b2,ZI-6a10e79eb7d5e07aace7b208,DS-000191,候选数据文件,BTC,未知,未知,未知,未知,未知,未知,未知,未知,未知,无法判定,白名单普通文件stat与冻结输入一致,未读取文件正文；字段语义和授权边界未证明,提供当前版本字段级身份、Schema和授权边界证据后新建不可变批次,42e7dc84abcc5f0ad802d574fa1a6f66ab422df94f2e029e4500a429f58a7366,759705646ce3b8adbb2d04b43eb1c9dccf4f1a4bfdd3c8781114b0636c20230a,a4999a73d536ab58e1290b9dc068664691028cf426d402034a66707be52ec63a,未知,未知,未取得
source-identity-field-evidence-20260807T182456+0800-44d9871dc3b2,ZI-2ee965d6fd9df70cb6157fd0,DS-000192,候选数据文件,BTC,未知,未知,未知,未知,未知,未知,未知,未知,未知,拒绝,冻结文件元数据漂移,未读取文件正文；字段语义和授权边界未证明,提供当前版本字段级身份、Schema和授权边界证据后新建不可变批次,0b63bbb25476f3c1a13d3453831e1a313715dd619c895cf6ee0995cac04a71b7,de6a2daa997f5baec435a0e0f1b8b31f2684dabffa03416105518d0875e9629b,d14e5e6cb0632e0ad2c191ae45efbf35ca08ac959d8c7e3f0761f9e5d187249e,未知,未知,未取得
source-identity-field-evidence-20260807T182456+0800-44d9871dc3b2,ZI-ab40d64be94e1c0a4b624ee5,DS-000193,候选数据文件,BTC,未知,未知,未知,未知,未知,未知,未知,未知,未知,无法判定,白名单普通文件stat与冻结输入一致,未读取文件正文；字段语义和授权边界未证明,提供当前版本字段级身份、Schema和授权边界证据后新建不可变批次,c7f0e941a62184b5da31ad822c95d8912302c67a9b7954a1cc0b890d47bdf708,a75364157eb1bd64de5e929223e29cb0918e3bbd0599fc67347c69305e2d2aaf,8d2404e2761ea657afa50bb1642c9858ee88d544b8a85d4b456b513b83a5fcfd,未知,未知,未取得
source-identity-field-evidence-20260807T182456+0800-44d9871dc3b2,ZI-67958b820749ffb359809e24,DS-000194,候选数据文件,BTC,未知,未知,未知,未知,未知,未知,未知,未知,未知,拒绝,冻结文件元数据漂移,未读取文件正文；字段语义和授权边界未证明,提供当前版本字段级身份、Schema和授权边界证据后新建不可变批次,62a9e8386448401b0df0012d85c2a2bee4cf6abfa56d187620f9414875fd792c,878b2c4e5e205dbc8a5861100934b3de51d1dccc69cfcbab0a469930ca91f569,c8909e79617207af096688bcda40c81656658b8d8befcf6f045262a97b9f1129,未知,未知,未取得
source-identity-field-evidence-20260807T182456+0800-44d9871dc3b2,ZI-b7ae7ad9140ec01e272d90ef,DS-000195,候选数据文件,BTC,未知,未知,未知,未知,未知,未知,未知,未知,未知,无法判定,白名单普通文件stat与冻结输入一致,未读取文件正文；字段语义和授权边界未证明,提供当前版本字段级身份、Schema和授权边界证据后新建不可变批次,9e8f5648706c28594bb13be22bf74a43c6685db3eb0af8963881d94c1fb33090,434afc7e3a89f42c5022d38e7282b221285cc9bd078de532de6b9ebe70e01f39,45b8b97c6350b373467198ae07c3ecf3325bcd478d02047594d768caa33cfb32,未知,未知,未取得
source-identity-field-evidence-20260807T182456+0800-44d9871dc3b2,ZI-32aaa116eb12c90702c94041,DS-000196,候选数据文件,BTC,未知,未知,未知,未知,未知,未知,未知,未知,未知,无法判定,白名单普通文件stat与冻结输入一致,未读取文件正文；字段语义和授权边界未证明,提供当前版本字段级身份、Schema和授权边界证据后新建不可变批次,3302ef2c1af90e5188fec4871d9bc2a0b2f9649c1b92196be6c3cd882676ce67,f68f660712914a5c50984af4eb003b3c86399b2e2a3fbe74b7c95490c79eb6cc,bba85f9603306003ca8ca7cefe9389d4f00283bc2a257f0558cc13756b682fe2,未知,未知,未取得
source-identity-field-evidence-20260807T182456+0800-44d9871dc3b2,ZI-0f24107cd7aff0b489c551c4,DS-000197,候选数据文件,BTC,未知,未知,未知,未知,未知,未知,未知,未知,未知,无法判定,白名单普通文件stat与冻结输入一致,未读取文件正文；字段语义和授权边界未证明,提供当前版本字段级身份、Schema和授权边界证据后新建不可变批次,bfc42bc0d8152ba416024f1c92821247641bfebdacf6b68020d7b23caf8bcf1d,538e790d0eadb1bff65270e61dcea937c9070a0285aa74db0126bdd3ee1d7a81,af9d200dcfc48cfa96c2f12756e2f32bd75e5492ff0e7b909a05316c106cb70e,未知,未知,未取得
source-identity-field-evidence-20260807T182456+0800-44d9871dc3b2,ZI-3183d1c30b7007a7db1dca31,DS-000198,候选数据文件,BTC,未知,未知,未知,未知,未知,未知,未知,未知,未知,无法判定,白名单普通文件stat与冻结输入一致,未读取文件正文；字段语义和授权边界未证明,提供当前版本字段级身份、Schema和授权边界证据后新建不可变批次,e91a693c10215586182fb841338a4f6446ac050e791e472e1cf048244d99abd4,214c511368f358e1bbb1fbe0a7a9606dd34bb99cc15ae273084845db85c4c0ce,96478a728739083b8cc9866cc316ff35ff75d25e98fd2b7aaf662f66b44d8fe9,未知,未知,未取得
source-identity-field-evidence-20260807T182456+0800-44d9871dc3b2,ZI-2886bbdc88afa40c39dbb408,DS-000199,候选数据文件,BTC,未知,未知,未知,未知,未知,未知,未知,未知,未知,无法判定,白名单普通文件stat与冻结输入一致,未读取文件正文；字段语义和授权边界未证明,提供当前版本字段级身份、Schema和授权边界证据后新建不可变批次,9b483598e61c912f16425f2781345539481dc82d607aac2cba73462d89bd674b,ccb03aea15f0f7d4d3364bf79c9a12b38223f5db65211c5f7ee7dc8d7d502cc6,e63dc2689278ac65028c97435123c5773b73437e860a79b32ff7906d10b8392d,未知,未知,未取得
source-identity-field-evidence-20260807T182456+0800-44d9871dc3b2,ZI-5dbdf00041b1706d7ba8abab,DS-000200,候选数据文件,BTC,未知,未知,未知,未知,未知,未知,未知,未知,未知,无法判定,白名单普通文件stat与冻结输入一致,未读取文件正文；字段语义和授权边界未证明,提供当前版本字段级身份、Schema和授权边界证据后新建不可变批次,e80dcd17c2945c774e10bbdd99ee8807d9c0889a7aa945dff67b835761d325e1,004a83d0fc693a97b4c3d8b754abebb5219578b7d655a0b5b9fcda5fab56cd91,f2fd2a937c6b89d94e52522a265bd0a6b5d7ce9c1bd33240a5be144cbd3b9c16,未知,未知,未取得
source-identity-field-evidence-20260807T182456+0800-44d9871dc3b2,ZI-be0372cc2ca2127e6ad7faa5,DS-000201,候选数据文件,BTC,未知,未知,未知,未知,未知,未知,未知,未知,未知,无法判定,白名单普通文件stat与冻结输入一致,未读取文件正文；字段语义和授权边界未证明,提供当前版本字段级身份、Schema和授权边界证据后新建不可变批次,49981dce25f37ed42652b06b919f6933838ff3f5dde0c19b596d799b6865cebd,04c60e07d8cc1acf2890b95806acb864ed62ba840485926883b94ad01132919b,99e18c99018c8b5b907ccc7e114aee4a5ae19d38e1f2081a610da9d2682e39de,未知,未知,未取得
source-identity-field-evidence-20260807T182456+0800-44d9871dc3b2,ZI-78c8c25a0d917108a2b7f08a,DS-000202,候选数据文件,BTC,未知,未知,未知,未知,未知,未知,未知,未知,未知,无法判定,白名单普通文件stat与冻结输入一致,未读取文件正文；字段语义和授权边界未证明,提供当前版本字段级身份、Schema和授权边界证据后新建不可变批次,af6c149cc7e8aff483d571b31555d0d079734bd55eb11d9cf2e19fa32a765aca,7e1ff3292bcac4967d1c6ca1688b5c29fb458454d6a69e8a120ab33ceb5db186,a3b74c94c7c8274b52577863fe02905e7765dc078b69193aa69a1a91cae2338b,未知,未知,未取得
source-identity-field-evidence-20260807T182456+0800-44d9871dc3b2,ZI-29c6f02cefeb649da045cd55,DS-000203,候选数据文件,BTC,未知,未知,未知,未知,未知,未知,未知,未知,未知,无法判定,白名单普通文件stat与冻结输入一致,未读取文件正文；字段语义和授权边界未证明,提供当前版本字段级身份、Schema和授权边界证据后新建不可变批次,4dcd4726cf5e37a543aed51c650186f864a264324396a79ba6fc6702b04aca60,022353d8a7cecd21b2c5a112041b94165c23e975bc0879f9b7259985a4cc1efb,814adadf6fada1fa5038e451b0b829498dd2bf7325d0a78d28a188d8c1cee1c7,未知,未知,未取得
source-identity-field-evidence-20260807T182456+0800-44d9871dc3b2,ZI-71520330f24bde8ccfb46d61,DS-000204,候选数据文件,BTC,未知,未知,未知,未知,未知,未知,未知,未知,未知,无法判定,白名单普通文件stat与冻结输入一致,未读取文件正文；字段语义和授权边界未证明,提供当前版本字段级身份、Schema和授权边界证据后新建不可变批次,60e872660b08823c99e2e04926f5c739275e934bce8e6799ed48f867fc114da3,50ff3452ba2a9ba3d573f775ffd68c1f2fb690e9abcfcd7d6a6cd73045db380b,01106f262e9864d50eb36744676bc20e54379a97cd9eebbee6a35e66c6bbc09e,未知,未知,未取得
source-identity-field-evidence-20260807T182456+0800-44d9871dc3b2,ZI-d01d78d324c4bc33eb8369e0,DS-000205,候选数据文件,BTC,未知,未知,未知,未知,未知,未知,未知,未知,未知,无法判定,白名单普通文件stat与冻结输入一致,未读取文件正文；字段语义和授权边界未证明,提供当前版本字段级身份、Schema和授权边界证据后新建不可变批次,357e287ee3ae9a9b3f35b6b4e036478848a3cb3659bc68f18d20dfc26f7fd580,49712cdae92835b44ed2eb37cf51a78eefcbe7421d3b2a7d953bcccf56046d8a,523d91869f1e5e577a59bbf2f5101efc234a587e5f145b88aa515d84b9ffe891,未知,未知,未取得
source-identity-field-evidence-20260807T182456+0800-44d9871dc3b2,ZI-5e7172f6c1ca86bab358f51e,DS-000206,候选数据文件,BTC,未知,未知,未知,未知,未知,未知,未知,未知,未知,无法判定,白名单普通文件stat与冻结输入一致,未读取文件正文；字段语义和授权边界未证明,提供当前版本字段级身份、Schema和授权边界证据后新建不可变批次,4cd28c8e4c99a20a90332d2c80d3b371450fd362414938588e0d0de5ad3840d2,dbd2db4cbe0a65ae4350d31ec18a656b6605a3ad17e4cdbe4621593603ae9047,6d16d9f0a4730b34df56823f4b4dae1294af78b745540646dcecbe9fd22b1ae7,未知,未知,未取得
source-identity-field-evidence-20260807T182456+0800-44d9871dc3b2,ZI-2a1b37d562bd57047005c01a,DS-000207,候选数据文件,BTC,未知,未知,未知,未知,未知,未知,未知,未知,未知,无法判定,白名单普通文件stat与冻结输入一致,未读取文件正文；字段语义和授权边界未证明,提供当前版本字段级身份、Schema和授权边界证据后新建不可变批次,2862c9267898c9d6737d4fc1b5ced6613c04c9e243fb77d4d93db30b2e8f8ad8,1f39426b20e2c0814c553d774aed62e6221c91fdc74365174d52f308f8238303,f9af0ca106d6cc849a387437d96e4d9556cfe7367df6040f1b6b289f4c5a0f22,未知,未知,未取得
source-identity-field-evidence-20260807T182456+0800-44d9871dc3b2,ZI-d7e573a8a3db8ebee466ccf6,DS-000208,候选数据文件,BTC,未知,未知,未知,未知,未知,未知,未知,未知,未知,无法判定,白名单普通文件stat与冻结输入一致,未读取文件正文；字段语义和授权边界未证明,提供当前版本字段级身份、Schema和授权边界证据后新建不可变批次,fe9e7608a4eb061f5652be539fe800c731c30c5e369f84a49850cf73b997ae50,dda0f96d9461b05f6e850f87749fe3380486c31c34298320fa8651e170bb694c,d41cf64744df98dab14b7cc8be99491e1d9571e4404edce75e24e36ee1ca1113,未知,未知,未取得
source-identity-field-evidence-20260807T182456+0800-44d9871dc3b2,ZI-3e2be17d98778a0ad036cfad,DS-000209,候选数据文件,BTC,未知,未知,未知,未知,未知,未知,未知,未知,未知,无法判定,白名单普通文件stat与冻结输入一致,未读取文件正文；字段语义和授权边界未证明,提供当前版本字段级身份、Schema和授权边界证据后新建不可变批次,2d90d65ec9a02a4e23e09313281406cd378c2eaadb3a19a9f1c4ba89d57b523a,e57f12914fac62b377bf4e359b7c2cf61c422f6b001cd76c48072ff465657bef,326bfc877818ea6185db96ef4abdf9a7a58411b67fdd08af77af51cd5af68af4,未知,未知,未取得
source-identity-field-evidence-20260807T182456+0800-44d9871dc3b2,ZI-3286667a2cfe079a913c7c30,DS-000210,候选数据文件,BTC,未知,未知,未知,未知,未知,未知,未知,未知,未知,无法判定,白名单普通文件stat与冻结输入一致,未读取文件正文；字段语义和授权边界未证明,提供当前版本字段级身份、Schema和授权边界证据后新建不可变批次,1673f3d2d5e26882002c3ff908463abce1fdfb4a795443a152f6b85a43fb3f07,17f598522d8130df94b62176cdc6a8189721fa9b3f49722fd220e9cbadc9741c,682cacbf87e665c586722e8cc33337311e6371ef39310f2451be75582e4fda56,未知,未知,未取得
source-identity-field-evidence-20260807T182456+0800-44d9871dc3b2,ZI-9a9b77f14347b2cb48fa88e7,DS-000211,候选数据文件,BTC,未知,未知,未知,未知,未知,未知,未知,未知,未知,无法判定,白名单普通文件stat与冻结输入一致,未读取文件正文；字段语义和授权边界未证明,提供当前版本字段级身份、Schema和授权边界证据后新建不可变批次,1f7e7cf555344a7206d8962dde3c7fb9c95f36713b307b7c1e758ad6556bd5a8,362fa3b77310c6c48372710ad5000594be4f6c9ee63a8d8e5e67928a563df143,c738b01208f3b8fd78b3c5e60c1222ddbce2dccf263329a9ef6732c8633e714a,未知,未知,未取得
source-identity-field-evidence-20260807T182456+0800-44d9871dc3b2,ZI-072c6e5f9b428b87bb907797,DS-000212,候选数据文件,BTC,未知,未知,未知,未知,未知,未知,未知,未知,未知,无法判定,白名单普通文件stat与冻结输入一致,未读取文件正文；字段语义和授权边界未证明,提供当前版本字段级身份、Schema和授权边界证据后新建不可变批次,d8c78a0148f6abdd19f4a621d6c52ca485dd38012b2c028f70904050efa3275d,58e84a2acd05f870f7bf1783e7bf87456c2f6248b250fb94dbfc26b7bd57a151,0efdb16e9c31b9ac95dc214fb8db994a2d476ea3aeb5ca577f8cea94536d79e6,未知,未知,未取得
source-identity-field-evidence-20260807T182456+0800-44d9871dc3b2,ZI-c6103a96caf69285c99ebf1c,DS-000213,候选数据文件,BTC,未知,未知,未知,未知,未知,未知,未知,未知,未知,无法判定,白名单普通文件stat与冻结输入一致,未读取文件正文；字段语义和授权边界未证明,提供当前版本字段级身份、Schema和授权边界证据后新建不可变批次,49da7771a94025e16bceaf06d99d368bb69fc9f0b30773ef78fd195b2647f3cc,56a2eac9a16cbb949a0bf1f16d726dd98115eea6e136f4a03d7be23970ce8a77,b62fafae8f86cdba030727dfbdf2c3636408bc92aefc386516403aabe16ca7d1,未知,未知,未取得
source-identity-field-evidence-20260807T182456+0800-44d9871dc3b2,ZI-8304253d2ed20332e30ebcca,DS-000214,候选数据文件,BTC,未知,未知,未知,未知,未知,未知,未知,未知,未知,无法判定,白名单普通文件stat与冻结输入一致,未读取文件正文；字段语义和授权边界未证明,提供当前版本字段级身份、Schema和授权边界证据后新建不可变批次,4b7ef458a831e58978149d25819f70ca44d5a7ab56c24620e2b5e199ddfa8457,2cb1a5190ffb4630b2ec35f223f5c992df7ab2e71050dcb23fc54cb1a9aedf7c,0ba328ea18a89c095337d79206a278a8d3b646d771c667041757bc9b6eabec55,未知,未知,未取得
source-identity-field-evidence-20260807T182456+0800-44d9871dc3b2,ZI-ec81510cd0a232ac9b5cc4f3,DS-000215,候选数据文件,BTC,未知,未知,未知,未知,未知,未知,未知,未知,未知,无法判定,白名单普通文件stat与冻结输入一致,未读取文件正文；字段语义和授权边界未证明,提供当前版本字段级身份、Schema和授权边界证据后新建不可变批次,c8e071231ebbdfc3fd675eb141e1efc29ba7a13e91e9254f9c3cc1ef9495c2c2,9abb1231f268e50e3396640af274f8052cd715428012b8a0084afcbe17931baa,fdfa79848731df49aab786685ba77082fa364e0ed938b018c9853ca7eb5b2003,未知,未知,未取得
source-identity-field-evidence-20260807T182456+0800-44d9871dc3b2,ZI-7d904efd7dbc8083ae534633,DS-000216,候选数据文件,BTC,未知,未知,未知,未知,未知,未知,未知,未知,未知,无法判定,白名单普通文件stat与冻结输入一致,未读取文件正文；字段语义和授权边界未证明,提供当前版本字段级身份、Schema和授权边界证据后新建不可变批次,17cb50cc3c65f508fb921ef26b8f5306a43dab9610337cf613631b5df89e8e5d,ee6df5d430026d71ed88c6973dccfd6ff518113034e687c7810604b4dea3866e,ff95d0508864e7b43053e0405ce5709a537734747e9e1fcbaa5dc10d3e4ebaa9,未知,未知,未取得
source-identity-field-evidence-20260807T182456+0800-44d9871dc3b2,ZI-74ee466762e9b1869eeab68c,DS-000217,候选数据文件,BTC,未知,未知,未知,未知,未知,未知,未知,未知,未知,无法判定,白名单普通文件stat与冻结输入一致,未读取文件正文；字段语义和授权边界未证明,提供当前版本字段级身份、Schema和授权边界证据后新建不可变批次,0bdc7a67f1bbd727ffffcd809c382cb521892eb214a2a1049dd5fd9704b3ce31,0db40ebbd97b8589a96899c72139abcc5ddfe317498545c4e5cb85ae6cac1f11,cc9c26e63ee0a905222b3d83b59020638668c3fffb886332f2399546bfe46d22,未知,未知,未取得
source-identity-field-evidence-20260807T182456+0800-44d9871dc3b2,ZI-29c36adb3ea8aab9775a3a1a,DS-000218,候选数据文件,BTC,未知,未知,未知,未知,未知,未知,未知,未知,未知,无法判定,白名单普通文件stat与冻结输入一致,未读取文件正文；字段语义和授权边界未证明,提供当前版本字段级身份、Schema和授权边界证据后新建不可变批次,23d79df12719a18f66ce20b5e7348fd6e2f6c701cfaa07957b0acc9b4b4b3c5d,afbe28922f866201c6c62a482f4a80c0ac198dcf47b1cce82c2806d1c35ffc4f,18058304a5ef2b8ed2f5112c08a37ef6308ae810eb6c412c5823d6a14de5505f,未知,未知,未取得
source-identity-field-evidence-20260807T182456+0800-44d9871dc3b2,ZI-e2ba4b054e7cdaf4c747c964,DS-000219,候选数据文件,BTC,未知,未知,未知,未知,未知,未知,未知,未知,未知,无法判定,白名单普通文件stat与冻结输入一致,未读取文件正文；字段语义和授权边界未证明,提供当前版本字段级身份、Schema和授权边界证据后新建不可变批次,21165349456518961030378083fea5551ab855e98f18bb276a7180f52b3d1f7d,f599cff6ebac13065c5d328fec1fbb1f15e9ade4e2165458daa34cd29a69954f,90b026d6e30e23295f2e458534bd1a34be72953ffec0d06d1d204789d08e32ce,未知,未知,未取得
source-identity-field-evidence-20260807T182456+0800-44d9871dc3b2,ZI-16b6d5bd373c2fbb92c71411,DS-000220,候选数据文件,BTC,未知,未知,未知,未知,未知,未知,未知,未知,未知,无法判定,白名单普通文件stat与冻结输入一致,未读取文件正文；字段语义和授权边界未证明,提供当前版本字段级身份、Schema和授权边界证据后新建不可变批次,7de5a82ae4458f844affdcfc96bb58bd683630348ddf7b03231730efa11bf7dc,36508b297208143e27afcd44cc4fcd2ee750e3e9e193da162e3de577d1aaa5cf,82248d13fd0889cd5e26cb1b8ccbdaeb782f7062533b2c7f6ee610cf0ccad7c0,未知,未知,未取得
source-identity-field-evidence-20260807T182456+0800-44d9871dc3b2,ZI-e8b50f0e23b5a2aadfe713a0,DS-000221,候选数据文件,BTC,未知,未知,未知,未知,未知,未知,未知,未知,未知,无法判定,白名单普通文件stat与冻结输入一致,未读取文件正文；字段语义和授权边界未证明,提供当前版本字段级身份、Schema和授权边界证据后新建不可变批次,6980edd049f750c69d7e7ae20e5aa6cc1657e9d95673ca38293e252e1af793e9,343de01a9c6aa0e8f32a3214f72642fc5913ee72f9c3d1eb356757b42d434cbe,729a024668a02ab6a3d7958d13ba35271a24ad1f8fdd559e1de0397c4f270077,未知,未知,未取得
source-identity-field-evidence-20260807T182456+0800-44d9871dc3b2,ZI-34a2fe963d2ab9822f260ad3,DS-000222,候选数据文件,BTC,未知,未知,未知,未知,未知,未知,未知,未知,未知,无法判定,白名单普通文件stat与冻结输入一致,未读取文件正文；字段语义和授权边界未证明,提供当前版本字段级身份、Schema和授权边界证据后新建不可变批次,3e539388481b9fa19a3c40b0e3aa8d79677f6c36cfe63f2ca87828ac92b88df2,774744634547314c6817ca955113b31f10519f40ef851f40084033389fac2bfd,992c7f3f03f467183d8b37c20f2634b04d0391d756eb7ba512c184d79fe820cc,未知,未知,未取得
source-identity-field-evidence-20260807T182456+0800-44d9871dc3b2,ZI-19d32f1ee8316f8b358988a0,DS-000223,候选数据文件,BTC,未知,未知,未知,未知,未知,未知,未知,未知,未知,无法判定,白名单普通文件stat与冻结输入一致,未读取文件正文；字段语义和授权边界未证明,提供当前版本字段级身份、Schema和授权边界证据后新建不可变批次,e9c7915b1f0185fd3199344770ef2c5020c6bc27def3a3c1755994699e69cf58,92cdb2996067d2c1431bbcfa79cf7489a4eb6d6501eba3f067a89ebfe0638611,d3b250be74d9da310391aecd03222f75d220e4af4e5df48c36f2362b66ba81ff,未知,未知,未取得
source-identity-field-evidence-20260807T182456+0800-44d9871dc3b2,ZI-0694ca8ffce7194a5edb1a0f,DS-000225,数据库元数据,BTC,未知,未知,未知,未知,未知,未知,未知,未知,未知,无法判定,数据库对象字段级摘要未取得,未读取数据库业务记录,提供当前版本字段级身份、Schema和授权边界证据后新建不可变批次,31c46439848b2efd4dd25f0894f6ce7296e53e7d983b81530451c4d4879bc220,未知,59993d282a63729146739dd76d4d5b71adb3f81fe8199c7bf635251c87268b40,未知,未知,未取得
source-identity-field-evidence-20260807T182456+0800-44d9871dc3b2,ZI-b14dc6c9a93cf52c6c414771,DS-000226,数据库元数据,BTC,未知,未知,未知,未知,未知,未知,未知,未知,未知,无法判定,数据库对象字段级摘要未取得,未读取数据库业务记录,提供当前版本字段级身份、Schema和授权边界证据后新建不可变批次,6a81bb21010d297d98dd3ec7d464e7118f4b2d9fe881e05831f744f092a7bb21,未知,9694a55e6fbf528f4133499c29c4ee3145954b0428b3ae0c626b3184c8d5f06c,未知,未知,未取得
source-identity-field-evidence-20260807T182456+0800-44d9871dc3b2,ZI-bb74646c795efd1568463fd5,DS-000227,数据库元数据,BTC,未知,未知,未知,未知,未知,未知,未知,未知,未知,无法判定,数据库对象字段级摘要未取得,未读取数据库业务记录,提供当前版本字段级身份、Schema和授权边界证据后新建不可变批次,2ac0c84203efd9c2735cdb91f464d07bc39ee71c28da7cdc8cf4b0a2c0c359f7,未知,3436e79a86320c7b2a3128795ffecf227d95049099cb2b177309bb9f81448968,未知,未知,未取得
source-identity-field-evidence-20260807T182456+0800-44d9871dc3b2,ZI-e5230a52ad3a08cbc1de9499,DS-000228,数据库元数据,BTC,未知,未知,未知,未知,未知,未知,未知,未知,未知,无法判定,数据库对象字段级摘要未取得,未读取数据库业务记录,提供当前版本字段级身份、Schema和授权边界证据后新建不可变批次,ded39db7f820476590ee31689b0e683dd170115a1af80b15191867fc8cfc2848,未知,264a13ee57cc139ae3d526f68ef1686fb3138d8d6927174f262b4f8e1a5abb82,未知,未知,未取得
source-identity-field-evidence-20260807T182456+0800-44d9871dc3b2,ZI-3fd360a6acc4e7dc0e4d25aa,DS-000229,数据库元数据,BTC,未知,未知,未知,未知,未知,未知,未知,未知,未知,无法判定,数据库对象字段级摘要未取得,未读取数据库业务记录,提供当前版本字段级身份、Schema和授权边界证据后新建不可变批次,f92abe1336fcf2463981b9bf09595da91c6642688d884b9321950c809461e668,未知,dfb4a4bf2a6df3a018c699a061da5b714c7c092b452b125fc066048bed744813,未知,未知,未取得
source-identity-field-evidence-20260807T182456+0800-44d9871dc3b2,ZI-84932a2cb8d1dbb102b157bc,DS-000230,数据库元数据,BTC,未知,未知,未知,未知,未知,未知,未知,未知,未知,无法判定,数据库对象字段级摘要未取得,未读取数据库业务记录,提供当前版本字段级身份、Schema和授权边界证据后新建不可变批次,696fc7c4311abe694bffc605e03c287a75b809028054b2796902f493ea776b60,未知,9ecb5d05353fc212bb967bed1685c48cbafb9b08aa57d071405e4c05b77de89a,未知,未知,未取得
source-identity-field-evidence-20260807T182456+0800-44d9871dc3b2,ZI-931fd13d49e7871a65721be5,DS-000231,数据库元数据,BTC,未知,未知,未知,未知,未知,未知,未知,未知,未知,无法判定,数据库对象字段级摘要未取得,未读取数据库业务记录,提供当前版本字段级身份、Schema和授权边界证据后新建不可变批次,1ddffa1f0f31556fe0d2dc68a47c93c046bfcfab4dcad6b6413e954c85a567ce,未知,8177d4d65970c2d93b7c7786d997da55c7accedfcbc1f774909d16b212864944,未知,未知,未取得
source-identity-field-evidence-20260807T182456+0800-44d9871dc3b2,ZI-0db81498191dada0dd3edbeb,DS-000232,数据库元数据,BTC,未知,未知,未知,未知,未知,未知,未知,未知,未知,无法判定,数据库对象字段级摘要未取得,未读取数据库业务记录,提供当前版本字段级身份、Schema和授权边界证据后新建不可变批次,d5e98969dd30d95cf796e35f21a830b2e8ab6decb9c18e07dba58527efbd0f89,未知,a1fc81f5353fadcd9cdc19b309c66f93ceb8c632b46cd3fcccaf1ac18e15a444,未知,未知,未取得
source-identity-field-evidence-20260807T182456+0800-44d9871dc3b2,ZI-40e1501e3846b2cfea5a7abc,DS-000233,数据库元数据,BTC,未知,未知,未知,未知,未知,未知,未知,未知,未知,无法判定,数据库对象字段级摘要未取得,未读取数据库业务记录,提供当前版本字段级身份、Schema和授权边界证据后新建不可变批次,72e7313ef8e524b350b1ace10c8d6b8626b5188e0d1dd969dfa6e1b8fcbd5739,未知,5438c9a436bfd69f9c7549e77afdd4b674334d81662793d6dbfd6e8ff1a80277,未知,未知,未取得
source-identity-field-evidence-20260807T182456+0800-44d9871dc3b2,ZI-180e97d2bf1963cdbc241452,DS-000234,数据库元数据,BTC,未知,未知,未知,未知,未知,未知,未知,未知,未知,无法判定,数据库对象字段级摘要未取得,未读取数据库业务记录,提供当前版本字段级身份、Schema和授权边界证据后新建不可变批次,32b66f7841fcfd1a8692bb0602413683c771ac914082faa7548d5a3cd7b46044,未知,acc948fe8ce1fa425e23edb89fc0026a2b1125f5e2970d912db8e1bd25a71da5,未知,未知,未取得
source-identity-field-evidence-20260807T182456+0800-44d9871dc3b2,ZI-82ca837cfd12f3b03f7ca932,DS-000235,数据库元数据,BTC,未知,未知,未知,未知,未知,未知,未知,未知,未知,无法判定,数据库对象字段级摘要未取得,未读取数据库业务记录,提供当前版本字段级身份、Schema和授权边界证据后新建不可变批次,f1c5147a2e34f6ba05d99991d7e96b60372cf8f3587d7274a6e8f0c390e7197f,未知,2519dcee6313c4778b7e8a1805f34f15ae81eead34e9029e30decc863cc44ad6,未知,未知,未取得
source-identity-field-evidence-20260807T182456+0800-44d9871dc3b2,ZI-f8f3b3ccb51bd499cc0a7a90,DS-000236,数据库元数据,BTC,未知,未知,未知,未知,未知,未知,未知,未知,未知,无法判定,数据库对象字段级摘要未取得,未读取数据库业务记录,提供当前版本字段级身份、Schema和授权边界证据后新建不可变批次,98b039adcd5656df11f65ee44b7131ebc40f5750a04b7327545e42606758bd44,未知,2934265ee1cd3475f936cdb88eb0f4b6cee1c440760686c6883cec925b4d4c39,未知,未知,未取得
source-identity-field-evidence-20260807T182456+0800-44d9871dc3b2,ZI-909e04049eca4a3356195dcc,DS-000237,数据库元数据,BTC,未知,未知,未知,未知,未知,未知,未知,未知,未知,无法判定,数据库对象字段级摘要未取得,未读取数据库业务记录,提供当前版本字段级身份、Schema和授权边界证据后新建不可变批次,3726607d3f48f439672a2470687cbdc27e1513ae4716fbfd7ecfe895db4d10f7,未知,eb284414c7b88ad447d01cbb593b3ced52e3f19acd490749cacbcde1436b03c6,未知,未知,未取得
source-identity-field-evidence-20260807T182456+0800-44d9871dc3b2,ZI-c4350e8eb898e37acd11c607,DS-000238,数据库元数据,BTC,未知,未知,未知,未知,未知,未知,未知,未知,未知,无法判定,数据库对象字段级摘要未取得,未读取数据库业务记录,提供当前版本字段级身份、Schema和授权边界证据后新建不可变批次,270b961e9a166bcdca4fcdee14c4cd7f0f1ad86a75cdc3960672ad622cba43ea,未知,baa05cdacde0ccc8f482e235994ca80bbf354e7515485869effc3cc4c4b109fe,未知,未知,未取得
source-identity-field-evidence-20260807T182456+0800-44d9871dc3b2,ZI-70ff9820b675a6fb1dadcb63,DS-000239,数据库元数据,BTC,未知,未知,未知,未知,未知,未知,未知,未知,未知,无法判定,数据库对象字段级摘要未取得,未读取数据库业务记录,提供当前版本字段级身份、Schema和授权边界证据后新建不可变批次,117aa34fd7e4061134b2f25dd7f0a2b0d1efa63bd4819c4778a897f004e66d14,未知,93ace7c137df3b3b45a43da1ae17ae7a202d3200d8e6ba21a63f58a32db0cca7,未知,未知,未取得
source-identity-field-evidence-20260807T182456+0800-44d9871dc3b2,ZI-a3518b5c91cfcb0ddebabc49,DS-000240,数据库元数据,BTC,未知,未知,未知,未知,未知,未知,未知,未知,未知,无法判定,数据库对象字段级摘要未取得,未读取数据库业务记录,提供当前版本字段级身份、Schema和授权边界证据后新建不可变批次,a9f656490ddb8a2c0687c98bf185161c1ff4e8545620daade42c31f3b709cd45,未知,b37a7e25fc24ac3cae033fba8f281e57b192f592a0d95793f0840a8dd0995f0d,未知,未知,未取得
source-identity-field-evidence-20260807T182456+0800-44d9871dc3b2,ZI-2d19f035d654c628059e34b8,DS-000241,数据库元数据,BTC,未知,未知,未知,未知,未知,未知,未知,未知,未知,无法判定,数据库对象字段级摘要未取得,未读取数据库业务记录,提供当前版本字段级身份、Schema和授权边界证据后新建不可变批次,a3b0dc868567565fbc694d34c2bfbe290d8bce78d7aa8020914d094b03202ca2,未知,6b50229c3addb7800e7ad0c88b2f5ce93b9e4a2d381fb00830bded2d7f54b128,未知,未知,未取得
source-identity-field-evidence-20260807T182456+0800-44d9871dc3b2,ZI-2aacde99b3989717dca21e4a,DS-000242,数据库元数据,BTC,未知,未知,未知,未知,未知,未知,未知,未知,未知,无法判定,数据库对象字段级摘要未取得,未读取数据库业务记录,提供当前版本字段级身份、Schema和授权边界证据后新建不可变批次,f06d1d1e6c27a45590fca5ee63f74b8db5c230132951c25768af2fdb002dade8,未知,20da6a0f91c95e21176d897cb27e7224cfa2c9e2b0f509adacf3bfcdc8a18e48,未知,未知,未取得
source-identity-field-evidence-20260807T182456+0800-44d9871dc3b2,ZI-ec7ec383b739a0789e262abf,DS-000243,数据库元数据,BTC,未知,未知,未知,未知,未知,未知,未知,未知,未知,无法判定,数据库对象字段级摘要未取得,未读取数据库业务记录,提供当前版本字段级身份、Schema和授权边界证据后新建不可变批次,8f2d433fc50cdb27ebcc8696c2f8aae7aee08cdc738e7e73e2445894e0b6429e,未知,36efc7c83a8b4f60a89f9a9c3ead0e2d8d78b71f334d802ac1b3a46f39501305,未知,未知,未取得
source-identity-field-evidence-20260807T182456+0800-44d9871dc3b2,ZI-a141d598481257020e4c6917,DS-000244,数据库元数据,BTC,未知,未知,未知,未知,未知,未知,未知,未知,未知,无法判定,数据库对象字段级摘要未取得,未读取数据库业务记录,提供当前版本字段级身份、Schema和授权边界证据后新建不可变批次,d9ccf842fc989b8040673df44f01abefc569defc18f83e6d9c5d50fe594be145,未知,7d9c1786bc0666ae940de9caccc5c424f1f35edf50446e5df33699e5b2a39d75,未知,未知,未取得
source-identity-field-evidence-20260807T182456+0800-44d9871dc3b2,ZI-0a136a28fb73960969c8e5ab,DS-000245,数据库元数据,BTC,未知,未知,未知,未知,未知,未知,未知,未知,未知,无法判定,数据库对象字段级摘要未取得,未读取数据库业务记录,提供当前版本字段级身份、Schema和授权边界证据后新建不可变批次,4a802128b530c664d2cce4467dc90608e80c54df2148a9807f2f73c198908494,未知,134f5e289b236658bcaa0a5a437a6aa0c4660a37ba19f791e6497c3bc4b17acd,未知,未知,未取得
source-identity-field-evidence-20260807T182456+0800-44d9871dc3b2,ZI-58ac48c83dce3eff098110c3,DS-000246,数据库元数据,BTC,未知,未知,未知,未知,未知,未知,未知,未知,未知,无法判定,数据库对象字段级摘要未取得,未读取数据库业务记录,提供当前版本字段级身份、Schema和授权边界证据后新建不可变批次,7d64dde1f25c3737f64198c66faf0e6ab439a60473cdaa8f3b366cc1220a7b34,未知,8c1063918b109fa3a2cd045f89d028ed32ba4391b9741d811f5341b0c88f056a,未知,未知,未取得
source-identity-field-evidence-20260807T182456+0800-44d9871dc3b2,ZI-6e29ccb46c945b51b7439ea2,DS-000247,数据库元数据,BTC,未知,未知,未知,未知,未知,未知,未知,未知,未知,无法判定,数据库对象字段级摘要未取得,未读取数据库业务记录,提供当前版本字段级身份、Schema和授权边界证据后新建不可变批次,87e80f8fb7aa338d10f9ea15efd48b34ebc42084728e9ba9869fa6a7eb4ca114,未知,3c6e8b81b20408d00115bf5aaa34c45e391f65182d075de7a23f9218eaed0fd3,未知,未知,未取得
source-identity-field-evidence-20260807T182456+0800-44d9871dc3b2,ZI-380bca61b30402d70b587e35,DS-000248,数据库元数据,BTC,未知,未知,未知,未知,未知,未知,未知,未知,未知,无法判定,数据库对象字段级摘要未取得,未读取数据库业务记录,提供当前版本字段级身份、Schema和授权边界证据后新建不可变批次,65611c0f1bf5e4f18dfc700ed64ff077d3d9c24f54cb2862a98fe7bafda25358,未知,cd25370ef97514cc5465055276d1c7c6cb556c900d0cbfa61e335c8c9d6f0cca,未知,未知,未取得
source-identity-field-evidence-20260807T182456+0800-44d9871dc3b2,ZI-22c7bc4bbe06ea5b6678e8ed,DS-000249,数据库元数据,BTC,未知,未知,未知,未知,未知,未知,未知,未知,未知,无法判定,数据库对象字段级摘要未取得,未读取数据库业务记录,提供当前版本字段级身份、Schema和授权边界证据后新建不可变批次,aca809161e20675328dc217edad64dd8dba9342aab44d915bd0e824c22863f5e,未知,3d0379884125b0e82aba3e2358ac66990475054c06d68fc71fc9fb452e03b097,未知,未知,未取得
source-identity-field-evidence-20260807T182456+0800-44d9871dc3b2,ZI-8c2a4928629aa827cfab0bbe,DS-000250,数据库元数据,BTC,未知,未知,未知,未知,未知,未知,未知,未知,未知,无法判定,数据库对象字段级摘要未取得,未读取数据库业务记录,提供当前版本字段级身份、Schema和授权边界证据后新建不可变批次,ecb0dcb61e3f9dae7d3cae5c9d7891232f850e3a93e93c3a61f67948dbb25d6e,未知,db83962b4dcb61b9cce2db9b74efc2f8447adad912b12adce429491a9a2b2ed6,未知,未知,未取得
source-identity-field-evidence-20260807T182456+0800-44d9871dc3b2,ZI-5102df4ca999fece2c974d9f,DS-000251,数据库元数据,BTC,未知,未知,未知,未知,未知,未知,未知,未知,未知,无法判定,数据库对象字段级摘要未取得,未读取数据库业务记录,提供当前版本字段级身份、Schema和授权边界证据后新建不可变批次,b816107fcd9458244e66909d10efec6cd8e2accda1bfe58a8fbf9a0669c0dd53,未知,653781f7931f15f483f1bd498aeec35fd3abd59ef9e908779d4148b06fa683e4,未知,未知,未取得
source-identity-field-evidence-20260807T182456+0800-44d9871dc3b2,ZI-0c93b208498bfc5ca89f17bd,DS-000252,数据库元数据,BTC,未知,未知,未知,未知,未知,未知,未知,未知,未知,无法判定,数据库对象字段级摘要未取得,未读取数据库业务记录,提供当前版本字段级身份、Schema和授权边界证据后新建不可变批次,98ba0e71e4eea4203f58a3df83e1469c57532861305d2639da67bd3bb490d481,未知,692d78d2ffe04e414826b97c8cbfabd839be64f2f2b13c8ade9cd2623eec3355,未知,未知,未取得
source-identity-field-evidence-20260807T182456+0800-44d9871dc3b2,ZI-a22bc6b5465780acab6f4202,DS-000253,数据库元数据,BTC,未知,未知,未知,未知,未知,未知,未知,未知,未知,无法判定,数据库对象字段级摘要未取得,未读取数据库业务记录,提供当前版本字段级身份、Schema和授权边界证据后新建不可变批次,6218f5ae411a9a1c1d8031e34c1091dea2dc3f9d8700a756d1665b4011c480c1,未知,da784d9b53c90b6001620982b321f719970152d81da3c8175db8d61b479c0ac1,未知,未知,未取得
source-identity-field-evidence-20260807T182456+0800-44d9871dc3b2,ZI-85c1a57db43cc467bba8305c,DS-000254,数据库元数据,BTC,未知,未知,未知,未知,未知,未知,未知,未知,未知,无法判定,数据库对象字段级摘要未取得,未读取数据库业务记录,提供当前版本字段级身份、Schema和授权边界证据后新建不可变批次,8fb55f44c4dc05cd2f2f0afb77a649faa69a0513e90690925d91bf432e4f30ff,未知,171705f49b8403220c10061ad8ee7de5ab9c9fd6442b31bf2fa2fc371f0b80f6,未知,未知,未取得
source-identity-field-evidence-20260807T182456+0800-44d9871dc3b2,ZI-73b33d25621fcec938082f43,DS-000255,数据库元数据,BTC,未知,未知,未知,未知,未知,未知,未知,未知,未知,无法判定,数据库对象字段级摘要未取得,未读取数据库业务记录,提供当前版本字段级身份、Schema和授权边界证据后新建不可变批次,97c901f301044a2160dd66a1a1f59d8d5958ae46cc18f7590c0234c39322f194,未知,d3cf5b0c772bc286fbdf507d54533fd14f6dd7649914f2c292d4928607d0d137,未知,未知,未取得
source-identity-field-evidence-20260807T182456+0800-44d9871dc3b2,ZI-efd31016c93ebe09d210630e,DS-000256,数据库元数据,BTC,未知,未知,未知,未知,未知,未知,未知,未知,未知,无法判定,数据库对象字段级摘要未取得,未读取数据库业务记录,提供当前版本字段级身份、Schema和授权边界证据后新建不可变批次,72946cce48d978d6b90942bd0f99bd012a999fc767a59eaeb63b097815d707a9,未知,fa17c7a3da1a693398742b0e98639876576b4958e494be830473995683b9b75e,未知,未知,未取得
source-identity-field-evidence-20260807T182456+0800-44d9871dc3b2,ZI-953e551841d548cda858ff70,DS-000257,数据库元数据,BTC,未知,未知,未知,未知,未知,未知,未知,未知,未知,无法判定,数据库对象字段级摘要未取得,未读取数据库业务记录,提供当前版本字段级身份、Schema和授权边界证据后新建不可变批次,e9a1adbad68c8e4f0b3f88a4c1d5f5e59207297fe7eb4ea9a6f3e91690974ffb,未知,70e3a73f21627a2147cba44e2d848822e144ff3e1c9fe0f31cf885af9aab5b11,未知,未知,未取得
source-identity-field-evidence-20260807T182456+0800-44d9871dc3b2,ZI-d37f2efffb57d6f5ffb06d2d,DS-000258,数据库元数据,BTC,未知,未知,未知,未知,未知,未知,未知,未知,未知,无法判定,数据库对象字段级摘要未取得,未读取数据库业务记录,提供当前版本字段级身份、Schema和授权边界证据后新建不可变批次,05dc2fcb434d0937800d8432001eafe73e3969f23c72e4e6dccfa8d10a464e89,未知,8888292efd8fa838247f755dd4ac52328f721d99f55de0cd5af572ba943573ab,未知,未知,未取得
source-identity-field-evidence-20260807T182456+0800-44d9871dc3b2,ZI-28bd91890e197979dbe3d557,DS-000259,数据库元数据,BTC,未知,未知,未知,未知,未知,未知,未知,未知,未知,无法判定,数据库对象字段级摘要未取得,未读取数据库业务记录,提供当前版本字段级身份、Schema和授权边界证据后新建不可变批次,1cd773853ef33cb8f6d7c1280729bf82e0b795d62cb20a76d636135bcdf110fc,未知,486f2f3e8e9dec1af4f98652899ca39772ce056ad613118d72b82b60db7c7a22,未知,未知,未取得
source-identity-field-evidence-20260807T182456+0800-44d9871dc3b2,ZI-8adfeb2ba520a08a1239da21,DS-000260,数据库元数据,BTC,未知,未知,未知,未知,未知,未知,未知,未知,未知,无法判定,数据库对象字段级摘要未取得,未读取数据库业务记录,提供当前版本字段级身份、Schema和授权边界证据后新建不可变批次,401f3e557d030bd2429821a0c387907103f5a6996eed7ad975e0b5013f0313e6,未知,f76d28085686a594ccbc32193f3db7bc418fe762a61d7cfa64f2513847fd9656,未知,未知,未取得
source-identity-field-evidence-20260807T182456+0800-44d9871dc3b2,ZI-4d56ade81bc7c6b89f3f4919,DS-000261,数据库元数据,BTC,未知,未知,未知,未知,未知,未知,未知,未知,未知,无法判定,数据库对象字段级摘要未取得,未读取数据库业务记录,提供当前版本字段级身份、Schema和授权边界证据后新建不可变批次,a9f85bb1dc0b933fe331584b1457e01f02ef7ff90e431451c038e26336977746,未知,73646e761fb6a4bbc3c9250fc03938b41e03262e0ac3df3573e658ad7f0060b6,未知,未知,未取得
source-identity-field-evidence-20260807T182456+0800-44d9871dc3b2,ZI-2575b474caa6b55a94f14d0a,DS-000262,数据库元数据,BTC,未知,未知,未知,未知,未知,未知,未知,未知,未知,无法判定,数据库对象字段级摘要未取得,未读取数据库业务记录,提供当前版本字段级身份、Schema和授权边界证据后新建不可变批次,b8a6749e0560113c220e491aa3837fbbc46a199eea8b154ba402234b3fe136c3,未知,23b7add7de0c235f8a3ab39e52d67fd90859c60520e11d8916c54dda261d4d45,未知,未知,未取得
source-identity-field-evidence-20260807T182456+0800-44d9871dc3b2,ZI-3a9cc5175040973510b7a981,DS-000263,数据库元数据,BTC,未知,未知,未知,未知,未知,未知,未知,未知,未知,无法判定,数据库对象字段级摘要未取得,未读取数据库业务记录,提供当前版本字段级身份、Schema和授权边界证据后新建不可变批次,88da7335bdb9dec72ed997ca4fa5e1dfa14b14965380d3de3b4d82bafa7ba8e6,未知,c8d4c4f7ad2acba3730515d0b2023d679b4942ad337044b48cd3fb046e1f0c13,未知,未知,未取得
source-identity-field-evidence-20260807T182456+0800-44d9871dc3b2,ZI-7a7a75b0b1cbfcb9417167f5,DS-000264,数据库元数据,BTC,未知,未知,未知,未知,未知,未知,未知,未知,未知,无法判定,数据库对象字段级摘要未取得,未读取数据库业务记录,提供当前版本字段级身份、Schema和授权边界证据后新建不可变批次,474ef8452df7b494b2e90829b34983df559699b8d2cf94b36731bfcedb517544,未知,a518a7da51a4ddbe20932b8322082d6596a9643399bd135b764322e1050c1754,未知,未知,未取得
source-identity-field-evidence-20260807T182456+0800-44d9871dc3b2,ZI-03657fc4a6aca5c9bb15a181,DS-000265,数据库元数据,BTC,未知,未知,未知,未知,未知,未知,未知,未知,未知,无法判定,数据库对象字段级摘要未取得,未读取数据库业务记录,提供当前版本字段级身份、Schema和授权边界证据后新建不可变批次,5e24f63ab8f417987a50c39d32718c38ba94e1de57ac2745a718cc5ec794238a,未知,0904778bc510d93d392d8887e41c2d7bb47ec559c1c66e6556d7757eb610d718,未知,未知,未取得
source-identity-field-evidence-20260807T182456+0800-44d9871dc3b2,ZI-19c4ddf189f5c49d48d5eb86,DS-000266,数据库元数据,BTC,未知,未知,未知,未知,未知,未知,未知,未知,未知,无法判定,数据库对象字段级摘要未取得,未读取数据库业务记录,提供当前版本字段级身份、Schema和授权边界证据后新建不可变批次,9ec4dbfaf5336e4c4d9f5ce4ad4098db90b8baac6f44296a4b7aa43839353d19,未知,315911adbd63bbe6f6605d0b02d8140275aa85338bf290adcbcc20b15d159c37,未知,未知,未取得
source-identity-field-evidence-20260807T182456+0800-44d9871dc3b2,ZI-c1a07615c0e7fb104e27c6f8,DS-000267,数据库元数据,BTC,未知,未知,未知,未知,未知,未知,未知,未知,未知,无法判定,数据库对象字段级摘要未取得,未读取数据库业务记录,提供当前版本字段级身份、Schema和授权边界证据后新建不可变批次,e7f6d4ff14fbb9aee41d9c66f271b8ce269ce023dbdbbce5c6f48152b31da3ef,未知,99bedfe1100cc5e7e0851adb1c6b2b4ce7f2d128962c1d2474c76990a373f529,未知,未知,未取得
source-identity-field-evidence-20260807T182456+0800-44d9871dc3b2,ZI-efac29c1e378c8a730565981,DS-000268,数据库元数据,BTC,未知,未知,未知,未知,未知,未知,未知,未知,未知,无法判定,数据库对象字段级摘要未取得,未读取数据库业务记录,提供当前版本字段级身份、Schema和授权边界证据后新建不可变批次,4803e9627f705d300d20509eaf83377393d2e5744750aedc6e586f6548fca8cf,未知,b37e640634f32585deba60179d131e2683b502fa3c7152b618d7e78955acdc97,未知,未知,未取得
source-identity-field-evidence-20260807T182456+0800-44d9871dc3b2,ZI-4fb67a12a52433fb048d937b,DS-000269,数据库元数据,BTC,未知,未知,未知,未知,未知,未知,未知,未知,未知,无法判定,数据库对象字段级摘要未取得,未读取数据库业务记录,提供当前版本字段级身份、Schema和授权边界证据后新建不可变批次,306e9d1ebd248b8aaea8e6db506482b6fb9679820c694bb23bc5d54912fe5e05,未知,4eef9a0705b16187e14863683bf3defe603d24e2def87e40889f3b052b020d26,未知,未知,未取得
source-identity-field-evidence-20260807T182456+0800-44d9871dc3b2,ZI-2f51fb90c462b515962a8a75,DS-000270,数据库元数据,BTC,未知,未知,未知,未知,未知,未知,未知,未知,未知,无法判定,数据库对象字段级摘要未取得,未读取数据库业务记录,提供当前版本字段级身份、Schema和授权边界证据后新建不可变批次,95f8505a488937ebddda6f0e9846dfdf89d1295922aaa46fa86f783e28904115,未知,eeb82bd6e627c5d73fe55edc0694ba275ba2f0ba917ec54022f3f336c3640f60,未知,未知,未取得
source-identity-field-evidence-20260807T182456+0800-44d9871dc3b2,ZI-3edb6b3e4170969b74673238,DS-000271,数据库元数据,BTC,未知,未知,未知,未知,未知,未知,未知,未知,未知,无法判定,数据库对象字段级摘要未取得,未读取数据库业务记录,提供当前版本字段级身份、Schema和授权边界证据后新建不可变批次,f604d30fca95af10cef6f2d1d42f0a77ca097a72e2a4892d7695ea06b814087e,未知,635928abf863e6f5b3dfdd3f4905e58c19f89e06c94b6c2d46f94185ff706306,未知,未知,未取得
source-identity-field-evidence-20260807T182456+0800-44d9871dc3b2,ZI-9a7966ad0c01a9ec001f8d58,DS-000272,数据库元数据,BTC,未知,未知,未知,未知,未知,未知,未知,未知,未知,无法判定,数据库对象字段级摘要未取得,未读取数据库业务记录,提供当前版本字段级身份、Schema和授权边界证据后新建不可变批次,7790a7096a82194b8ce40632577b34f15029864f0d73ca67f2309a4a5771c546,未知,36453305fd27d5572d3c12385da4ec6fa7c41764f6be100e18eb9daee804501f,未知,未知,未取得
source-identity-field-evidence-20260807T182456+0800-44d9871dc3b2,ZI-eb2c5c93c282316b61a4ff30,DS-000273,数据库元数据,BTC,未知,未知,未知,未知,未知,未知,未知,未知,未知,无法判定,数据库对象字段级摘要未取得,未读取数据库业务记录,提供当前版本字段级身份、Schema和授权边界证据后新建不可变批次,a644234938a03b68cc0be912f99fd12eecc36270251217d470225f7047a900e1,未知,817d594986d4a52ba67dadc79f14d4340b755339d0fb4ce5baef8fb0455656e2,未知,未知,未取得
source-identity-field-evidence-20260807T182456+0800-44d9871dc3b2,ZI-c005be10dde98908c70e6d5b,DS-000274,数据库元数据,BTC,未知,未知,未知,未知,未知,未知,未知,未知,未知,无法判定,数据库对象字段级摘要未取得,未读取数据库业务记录,提供当前版本字段级身份、Schema和授权边界证据后新建不可变批次,56318299b0d280227cabfa2f1672b2c87315c5e40fbfae0740be47ade1d1af81,未知,bbc05258d68992d88286afdbd75c8e5fff2d976a9aa49ad348c93b6599f02f91,未知,未知,未取得
source-identity-field-evidence-20260807T182456+0800-44d9871dc3b2,ZI-e764442e3e2fb3921a8a3d6c,DS-000275,数据库元数据,BTC,未知,未知,未知,未知,未知,未知,未知,未知,未知,无法判定,数据库对象字段级摘要未取得,未读取数据库业务记录,提供当前版本字段级身份、Schema和授权边界证据后新建不可变批次,73610ec234845390268c10b094aaa11475cbf536d943f9b58d68fb3b943ab020,未知,8e72e2a30964a7049381e94a83df8eb8760571c9147f7ca8a728f07bc85a5f72,未知,未知,未取得
source-identity-field-evidence-20260807T182456+0800-44d9871dc3b2,ZI-5fede2bc330f560e5f877502,DS-000276,数据库元数据,BTC,未知,未知,未知,未知,未知,未知,未知,未知,未知,无法判定,数据库对象字段级摘要未取得,未读取数据库业务记录,提供当前版本字段级身份、Schema和授权边界证据后新建不可变批次,63d1274ea3fb1103b26995399caac6aa6b1ff7dc21c80113d3c7a5ee47a9c26b,未知,863602b88d79fa0c88d67aff7bede8e624a3d2faa0304ed92dc4c36850cc5f8a,未知,未知,未取得
source-identity-field-evidence-20260807T182456+0800-44d9871dc3b2,ZI-502d6291fb7602ba575b4506,DS-000277,数据库元数据,BTC,未知,未知,未知,未知,未知,未知,未知,未知,未知,无法判定,数据库对象字段级摘要未取得,未读取数据库业务记录,提供当前版本字段级身份、Schema和授权边界证据后新建不可变批次,e503bb6f17a82b37b897771791caaa1e29e80668c0428f0681b923834b9065f5,未知,05cf340d4d87493e38dbbbe34921cdb57d5e15b20a45ef610c447748ff3d41b1,未知,未知,未取得
source-identity-field-evidence-20260807T182456+0800-44d9871dc3b2,ZI-32008303cccdd6eb958789ce,DS-000278,数据库元数据,BTC,未知,未知,未知,未知,未知,未知,未知,未知,未知,无法判定,数据库对象字段级摘要未取得,未读取数据库业务记录,提供当前版本字段级身份、Schema和授权边界证据后新建不可变批次,fa4552653682a5a645abc7d003707a2b955e9f15d42bfe64289d2fb28e2a191b,未知,97d67e3bba912decd4555e84489b2102811382637f153163e10db5dfe6ec45b9,未知,未知,未取得
source-identity-field-evidence-20260807T182456+0800-44d9871dc3b2,ZI-d901d9e5d0e680855139a4e7,DS-000279,数据库元数据,BTC,未知,未知,未知,未知,未知,未知,未知,未知,未知,无法判定,数据库对象字段级摘要未取得,未读取数据库业务记录,提供当前版本字段级身份、Schema和授权边界证据后新建不可变批次,2d111721e4691350f2689d5218c339e609ff789ab1ffd957cf1e86f6c2e28de6,未知,f8f2602ef51395e15b927995503ed28f3af165a44bfb99425ee5cdb970bbc59f,未知,未知,未取得
source-identity-field-evidence-20260807T182456+0800-44d9871dc3b2,ZI-9310dae99e845f2c611ff84d,DS-000280,数据库元数据,BTC,未知,未知,未知,未知,未知,未知,未知,未知,未知,无法判定,数据库对象字段级摘要未取得,未读取数据库业务记录,提供当前版本字段级身份、Schema和授权边界证据后新建不可变批次,cac55077234265c74dafb73c9f43c185891c7807117d29f5189237391804df69,未知,4b8b108d454a91fca559aa1b13692367eb992f2f3b478cf534b2946a6427bf23,未知,未知,未取得
source-identity-field-evidence-20260807T182456+0800-44d9871dc3b2,ZI-25c83899a04421177c29eae2,DS-000281,数据库元数据,BTC,未知,未知,未知,未知,未知,未知,未知,未知,未知,无法判定,数据库对象字段级摘要未取得,未读取数据库业务记录,提供当前版本字段级身份、Schema和授权边界证据后新建不可变批次,741c6415aff8d57d93fa7fc8db0f4bb0ff4bbf74847310eda08d9494ab0c9d11,未知,4eec6065fd04a6fd34906e70b445966cfa1a951e91edb3348cfec5ebb5044dd5,未知,未知,未取得
source-identity-field-evidence-20260807T182456+0800-44d9871dc3b2,ZI-5863cb2f07c35ad0b6171bf6,DS-000282,数据库元数据,BTC,未知,未知,未知,未知,未知,未知,未知,未知,未知,无法判定,数据库对象字段级摘要未取得,未读取数据库业务记录,提供当前版本字段级身份、Schema和授权边界证据后新建不可变批次,cc517e52dad87d6b0eb540fd207279b11705531034a2728e4ef4b5a54557fd22,未知,ace485bb99aa8aa7fcfb9ea02319987560574a3b20e96d9f573aa5afd571a365,未知,未知,未取得
source-identity-field-evidence-20260807T182456+0800-44d9871dc3b2,ZI-115332fe0b53164582e6b5c9,DS-000283,数据库元数据,BTC,未知,未知,未知,未知,未知,未知,未知,未知,未知,无法判定,数据库对象字段级摘要未取得,未读取数据库业务记录,提供当前版本字段级身份、Schema和授权边界证据后新建不可变批次,7588ce35230cdca962b93d28bc9de83f177f830d6bb53403b474a03a29596210,未知,64a3804e8c0f109b5ee27c63f01cf8fac192bdc649a45091d196f8009ca66c30,未知,未知,未取得
source-identity-field-evidence-20260807T182456+0800-44d9871dc3b2,ZI-e9e8a22d61190954369afd29,DS-000284,数据库元数据,BTC,未知,未知,未知,未知,未知,未知,未知,未知,未知,无法判定,数据库对象字段级摘要未取得,未读取数据库业务记录,提供当前版本字段级身份、Schema和授权边界证据后新建不可变批次,0809927212405ebae149f168b347d25ea15f080cd46ffe4f4dcf4e78c2021a92,未知,7f5fe122799e2bc9a0bf34598f59492a89248f301d3d7db2831be2c88fc5d0d8,未知,未知,未取得
source-identity-field-evidence-20260807T182456+0800-44d9871dc3b2,ZI-f4460123dbdc8005765d844b,DS-000285,数据库元数据,BTC,未知,未知,未知,未知,未知,未知,未知,未知,未知,无法判定,数据库对象字段级摘要未取得,未读取数据库业务记录,提供当前版本字段级身份、Schema和授权边界证据后新建不可变批次,59f4b36536bca90c9ccbe3ed41c85a0edc295a6957a22310fb2e2dbacb47bd59,未知,d7a8842f1052fa6c616bc74e2ce33c1c2d88c8ca706e614efdc03bee1838cf20,未知,未知,未取得
source-identity-field-evidence-20260807T182456+0800-44d9871dc3b2,ZI-9abd2b7851beeadcb2c4eec1,DS-000286,数据库元数据,BTC,未知,未知,未知,未知,未知,未知,未知,未知,未知,无法判定,数据库对象字段级摘要未取得,未读取数据库业务记录,提供当前版本字段级身份、Schema和授权边界证据后新建不可变批次,845babdf7e1c3899916b9ca2f8a07abca6ea658ee7c99bc5a8581722420e6866,未知,159659a6686b85910826418c634936afef2ebad9766562f946fafeb233661096,未知,未知,未取得
source-identity-field-evidence-20260807T182456+0800-44d9871dc3b2,ZI-ff3fcd7da6180c64854b80a6,DS-000287,数据库元数据,BTC,未知,未知,未知,未知,未知,未知,未知,未知,未知,无法判定,数据库对象字段级摘要未取得,未读取数据库业务记录,提供当前版本字段级身份、Schema和授权边界证据后新建不可变批次,098c9d16ac6b41d35e97a530549ca546b60c896225a4fb6c961fd5040621acdd,未知,eb6a715d65f178652df36b9c2283428833f29a165502345dd10cce57e875179a,未知,未知,未取得
source-identity-field-evidence-20260807T182456+0800-44d9871dc3b2,ZI-712b0653c83774f12ef222e8,DS-000288,数据库元数据,BTC,未知,未知,未知,未知,未知,未知,未知,未知,未知,无法判定,数据库对象字段级摘要未取得,未读取数据库业务记录,提供当前版本字段级身份、Schema和授权边界证据后新建不可变批次,0ce0fdb691110e99627216dcd51afe9a507bfdb7bddb9a15e93a834ce1b6bbba,未知,abac89fada4ce9e26dfd235b31ca55b94da71867c8fde42bc8a0a7d8e16f5dab,未知,未知,未取得
source-identity-field-evidence-20260807T182456+0800-44d9871dc3b2,ZI-a9f770566ce153816b6eae2d,DS-000289,数据库元数据,BTC,未知,未知,未知,未知,未知,未知,未知,未知,未知,无法判定,数据库对象字段级摘要未取得,未读取数据库业务记录,提供当前版本字段级身份、Schema和授权边界证据后新建不可变批次,facb3f58201be1d0111803a0969dfc2571e3fb220f2550a6773c2c5ec9e6704b,未知,68a48bf152354a0c9fa42562025fded27ea099a0d137b940f20e1043d68a5f2e,未知,未知,未取得
source-identity-field-evidence-20260807T182456+0800-44d9871dc3b2,ZI-f8568713cc6d51a30e325957,DS-000290,数据库元数据,BTC,未知,未知,未知,未知,未知,未知,未知,未知,未知,无法判定,数据库对象字段级摘要未取得,未读取数据库业务记录,提供当前版本字段级身份、Schema和授权边界证据后新建不可变批次,0161ed81721e89e4a3e6e49b017ca55645bd50ed66c63efb03184e7edd6322fa,未知,973646eba20fed6a4a4d5ce955660b5b237df78f59a160c356865086043c3bfb,未知,未知,未取得
source-identity-field-evidence-20260807T182456+0800-44d9871dc3b2,ZI-c58e3b4f411f7705310fe747,DS-000291,数据库元数据,BTC,未知,未知,未知,未知,未知,未知,未知,未知,未知,无法判定,数据库对象字段级摘要未取得,未读取数据库业务记录,提供当前版本字段级身份、Schema和授权边界证据后新建不可变批次,741fe59e6e2697d5dd227a7490ee195cc6895ce04818fde2fb5fbe2034a2ce81,未知,d06300b9908db4ffeab1ac75e8f0de1ee9390e7a3a12578518031de686c670b7,未知,未知,未取得
source-identity-field-evidence-20260807T182456+0800-44d9871dc3b2,ZI-9b5462a670f4c5122146997d,DS-000292,数据库元数据,BTC,未知,未知,未知,未知,未知,未知,未知,未知,未知,无法判定,数据库对象字段级摘要未取得,未读取数据库业务记录,提供当前版本字段级身份、Schema和授权边界证据后新建不可变批次,d27b1f879c69916fdbbaa57607231145c16481c1e44a97e1b215aecb1cf8560a,未知,c4c87bacf9bc1d8710ea9d4a1c38f1b3a5bcd5e8a13426c72dc12247dc98398d,未知,未知,未取得
source-identity-field-evidence-20260807T182456+0800-44d9871dc3b2,ZI-a35ba0b952b56083fc01c172,DS-000293,数据库元数据,BTC,未知,未知,未知,未知,未知,未知,未知,未知,未知,无法判定,数据库对象字段级摘要未取得,未读取数据库业务记录,提供当前版本字段级身份、Schema和授权边界证据后新建不可变批次,905b8dcd9947a77fdc3bbd98eb8e21ae6935385a23c6b59bc3a9a9bf490a11ee,未知,2c12838a33a7d6491373a1fdf7bd91642f17cb4ff359af468583a802859b149a,未知,未知,未取得
source-identity-field-evidence-20260807T182456+0800-44d9871dc3b2,ZI-a8105ace966421a941b8339b,DS-000294,数据库元数据,BTC,未知,未知,未知,未知,未知,未知,未知,未知,未知,无法判定,数据库对象字段级摘要未取得,未读取数据库业务记录,提供当前版本字段级身份、Schema和授权边界证据后新建不可变批次,6e0cb2f1b1667a8715c214ba9ec6ae7deec4b615f5f7be131aa817f0a8ad2f6f,未知,485c70ace3c5b5d713ae2a5b13b231814edea9a9329d5849105997017ceb1d1d,未知,未知,未取得
source-identity-field-evidence-20260807T182456+0800-44d9871dc3b2,ZI-6a960fa71172c7a9afb936ec,DS-000295,数据库元数据,BTC,未知,未知,未知,未知,未知,未知,未知,未知,未知,无法判定,数据库对象字段级摘要未取得,未读取数据库业务记录,提供当前版本字段级身份、Schema和授权边界证据后新建不可变批次,00b0e1303584f388a94ca8df6de78fd456403f5a27f9d9f3973b249efb0429a3,未知,0e13e0fc6001f5de668800b68983cbb3c262e67ba6057695f226a53008d784e5,未知,未知,未取得
source-identity-field-evidence-20260807T182456+0800-44d9871dc3b2,ZI-7ca528ace2904d6333d9ac25,DS-000296,数据库元数据,BTC,未知,未知,未知,未知,未知,未知,未知,未知,未知,无法判定,数据库对象字段级摘要未取得,未读取数据库业务记录,提供当前版本字段级身份、Schema和授权边界证据后新建不可变批次,840669cb99560c36aaa3d535c5e9358708208a5e91f514d4ff9ab0aed933b359,未知,abbd5ed7f522f656d707b54d27f32b8f43a6e86cf8c73ae5bb87ded8b1eac2b6,未知,未知,未取得
source-identity-field-evidence-20260807T182456+0800-44d9871dc3b2,ZI-b0b1be153e2c74bbc58931fe,DS-000297,数据库元数据,BTC,未知,未知,未知,未知,未知,未知,未知,未知,未知,无法判定,数据库对象字段级摘要未取得,未读取数据库业务记录,提供当前版本字段级身份、Schema和授权边界证据后新建不可变批次,519fe32d9d7992508e1eb36adb1f37154c6813e2e5c04f9a5dfe2cdffcf5cfde,未知,62216fbaeab2072f8ac92003f6489efa68f92f8f091aceb03a3057f7faefe28b,未知,未知,未取得
source-identity-field-evidence-20260807T182456+0800-44d9871dc3b2,ZI-cceb0119d76a845091d90313,DS-000298,数据库元数据,BTC,未知,未知,未知,未知,未知,未知,未知,未知,未知,无法判定,数据库对象字段级摘要未取得,未读取数据库业务记录,提供当前版本字段级身份、Schema和授权边界证据后新建不可变批次,64eb968ce0af5c19dc13ae90b7b806bd0d73999377991bbb47f2975459c7adde,未知,16179c242559aadb48f3af60fabe33f40d0efcc87550d1681b759b9e3d937d3b,未知,未知,未取得
source-identity-field-evidence-20260807T182456+0800-44d9871dc3b2,ZI-79efc93262b446e9d98b76ba,DS-000299,数据库元数据,BTC,未知,未知,未知,未知,未知,未知,未知,未知,未知,无法判定,数据库对象字段级摘要未取得,未读取数据库业务记录,提供当前版本字段级身份、Schema和授权边界证据后新建不可变批次,7572c0a41b5a2a39c80656f400dbe60f8ab0bd79c0fb5c3e7b44fee53f730755,未知,f17a9c1cb412e77f1f8121cd70781f193afed57acc641eeb70e2a199a3e25de8,未知,未知,未取得
source-identity-field-evidence-20260807T182456+0800-44d9871dc3b2,ZI-e76d2134142142ad4b8f28cb,DS-000300,数据库元数据,BTC,未知,未知,未知,未知,未知,未知,未知,未知,未知,无法判定,数据库对象字段级摘要未取得,未读取数据库业务记录,提供当前版本字段级身份、Schema和授权边界证据后新建不可变批次,2e8a058057540064073e8868839e18fe0dcf848fcecc872fe0f732e40796d068,未知,86c7915005e986f7e0d919497987be205087b6473b9cf9112a6778eb29908b0a,未知,未知,未取得
source-identity-field-evidence-20260807T182456+0800-44d9871dc3b2,ZI-6b9507c0f667730b1c25338d,DS-000301,数据库元数据,BTC,未知,未知,未知,未知,未知,未知,未知,未知,未知,无法判定,数据库对象字段级摘要未取得,未读取数据库业务记录,提供当前版本字段级身份、Schema和授权边界证据后新建不可变批次,68f2f1d195a17ce77287aa8d9a2fddb75a21fdd657b03eaab6484f64e3fa61e6,未知,54f86b28e2935a9003f3050a68f457b9c7cbf6814b9b366ba90c8694326ec791,未知,未知,未取得
source-identity-field-evidence-20260807T182456+0800-44d9871dc3b2,ZI-a3de4220ce194e2c0f75e45d,DS-000302,数据库元数据,BTC,未知,未知,未知,未知,未知,未知,未知,未知,未知,无法判定,数据库对象字段级摘要未取得,未读取数据库业务记录,提供当前版本字段级身份、Schema和授权边界证据后新建不可变批次,e8d81d71207f009298d9aa62cd4ca70df93f6bd9915064653ce32f4250ba9119,未知,297a59a8b9039f8d2b8418b352ace07ade5d1dd285b5b168024b7b2e8336bbc8,未知,未知,未取得
source-identity-field-evidence-20260807T182456+0800-44d9871dc3b2,ZI-63a4a8191f5338c21eac18d2,DS-000303,数据库元数据,BTC,未知,未知,未知,未知,未知,未知,未知,未知,未知,无法判定,数据库对象字段级摘要未取得,未读取数据库业务记录,提供当前版本字段级身份、Schema和授权边界证据后新建不可变批次,2fc35c9965af5ebfd8dc154f1e3abc90aab6452dcabcb63be6c0ba42b99b66ae,未知,da9efccc47a5ba1cbb9b0a6cab1dd9ce8b51f5c33d36f6c10abe59666bbbf7fd,未知,未知,未取得
source-identity-field-evidence-20260807T182456+0800-44d9871dc3b2,ZI-96f78e47a4eb937919a7a7e9,DS-000304,数据库元数据,BTC,未知,未知,未知,未知,未知,未知,未知,未知,未知,无法判定,数据库对象字段级摘要未取得,未读取数据库业务记录,提供当前版本字段级身份、Schema和授权边界证据后新建不可变批次,c2c9fa3961b41e9e259be6490ed521b9165aadf0b1b4b1916440fb67cae1c923,未知,85a65f85db761faf5652c10cf8d5462f1014523c54973e9361d0587096f0630c,未知,未知,未取得
source-identity-field-evidence-20260807T182456+0800-44d9871dc3b2,ZI-99e036f2b1093b4f286f64a5,DS-000305,数据库元数据,BTC,未知,未知,未知,未知,未知,未知,未知,未知,未知,无法判定,数据库对象字段级摘要未取得,未读取数据库业务记录,提供当前版本字段级身份、Schema和授权边界证据后新建不可变批次,64f87095fb4955a4cfbe2e6f8e643fa38d859fef411eb73741cdd2be79d23468,未知,77801bce5fc773887f2d46e184a63df7e6f3ae68a5f64a8a2e947b27bc49583a,未知,未知,未取得
source-identity-field-evidence-20260807T182456+0800-44d9871dc3b2,ZI-835a741c0f97b5c8b8f58b9a,DS-000306,数据库元数据,BTC,未知,未知,未知,未知,未知,未知,未知,未知,未知,无法判定,数据库对象字段级摘要未取得,未读取数据库业务记录,提供当前版本字段级身份、Schema和授权边界证据后新建不可变批次,93e7c4e4eac3841772d4795c85297a7e79c010b12b8cf30b7a3ff8517f7146e9,未知,e006dc77f7d59dad65e694fcf1ae659cb468c878727fbd7d4e3f2b37d0551a69,未知,未知,未取得
source-identity-field-evidence-20260807T182456+0800-44d9871dc3b2,ZI-0658842d2088ed09b24efc97,DS-000307,数据库元数据,BTC,未知,未知,未知,未知,未知,未知,未知,未知,未知,无法判定,数据库对象字段级摘要未取得,未读取数据库业务记录,提供当前版本字段级身份、Schema和授权边界证据后新建不可变批次,f951a13aeb2596cef4686717db03149070ba793813ddb720dac7f5c236b8dccd,未知,fbb2339e00d3c088129f9a6af083711ceb44b8de84cf843e9cfb54357c72bf29,未知,未知,未取得
source-identity-field-evidence-20260807T182456+0800-44d9871dc3b2,ZI-535216234191be483b87ed88,DS-000308,数据库元数据,BTC,未知,未知,未知,未知,未知,未知,未知,未知,未知,无法判定,数据库对象字段级摘要未取得,未读取数据库业务记录,提供当前版本字段级身份、Schema和授权边界证据后新建不可变批次,8325e80640f1b6415b025ce8839ede1edf84d7984d84e0e4a7de7cae12f2fdfc,未知,336bdf56da71957613741a9a0ea571e8a5cfc56216e07dd20e8c72920d99f26d,未知,未知,未取得
source-identity-field-evidence-20260807T182456+0800-44d9871dc3b2,ZI-1113435211180071dee9be25,DS-000309,数据库元数据,BTC,未知,未知,未知,未知,未知,未知,未知,未知,未知,无法判定,数据库对象字段级摘要未取得,未读取数据库业务记录,提供当前版本字段级身份、Schema和授权边界证据后新建不可变批次,31401b834ceb9f05e15f20aead63529cec7ac915394e5e58399ff7267639644e,未知,3b8c82fbacceed97d00706ab87204ca9f6d6d1a1ff3fd317e2ddd3aa54c47210,未知,未知,未取得
source-identity-field-evidence-20260807T182456+0800-44d9871dc3b2,ZI-5a402a12be02ee6d7c30eec4,DS-000310,数据库元数据,BTC,未知,未知,未知,未知,未知,未知,未知,未知,未知,无法判定,数据库对象字段级摘要未取得,未读取数据库业务记录,提供当前版本字段级身份、Schema和授权边界证据后新建不可变批次,ac10b24605fd1b3d106ccfff94457604218999ca63a55631072e36d168a1244b,未知,ae223f82cdd6ed9049301ab18369ae2509be9a9f49333a2fdea6e4fc9a20fa2c,未知,未知,未取得
source-identity-field-evidence-20260807T182456+0800-44d9871dc3b2,ZI-9a6ab07c6edbc9b483925bf6,DS-000311,数据库元数据,BTC,未知,未知,未知,未知,未知,未知,未知,未知,未知,无法判定,数据库对象字段级摘要未取得,未读取数据库业务记录,提供当前版本字段级身份、Schema和授权边界证据后新建不可变批次,57408a49d126b606bdaf83ab4bb7bd02b4710b2376040c3190ae1bd4473d4d85,未知,cd32bfa3053a0602b50c67365df69b4373a8541bed6943eb8e0bb523748a6a17,未知,未知,未取得
source-identity-field-evidence-20260807T182456+0800-44d9871dc3b2,ZI-f934f2266c1453fb0bed28d8,DS-000312,数据库元数据,BTC,未知,未知,未知,未知,未知,未知,未知,未知,未知,无法判定,数据库对象字段级摘要未取得,未读取数据库业务记录,提供当前版本字段级身份、Schema和授权边界证据后新建不可变批次,24985dde3d2f6f5a945237e33c528ce0e95350fb8b3217ef26e40ffd00f660b3,未知,ba405ece33802747e4530f7b3f4c8a8c372fea5b5c9f24bcee08e2c26700ffb7,未知,未知,未取得
source-identity-field-evidence-20260807T182456+0800-44d9871dc3b2,ZI-4f781c46c7f513f3e293caf1,DS-000313,数据库元数据,BTC,未知,未知,未知,未知,未知,未知,未知,未知,未知,无法判定,数据库对象字段级摘要未取得,未读取数据库业务记录,提供当前版本字段级身份、Schema和授权边界证据后新建不可变批次,fbf6a194337eeb0d40c519c90f46b6442593773512e0e365faa6d9c1d6f562cf,未知,d4607c0efa399bc1d19eefa967490d80f9c5265d586183176ca65cfaeb4a6f43,未知,未知,未取得
source-identity-field-evidence-20260807T182456+0800-44d9871dc3b2,ZI-664d2574f8ab01163a25d595,DS-000314,数据库元数据,BTC,未知,未知,未知,未知,未知,未知,未知,未知,未知,无法判定,数据库对象字段级摘要未取得,未读取数据库业务记录,提供当前版本字段级身份、Schema和授权边界证据后新建不可变批次,9db3a44ee859910c7b18a87c166d510b153a770c91474a6c557219b2815719be,未知,7a979e0fe0e0b78e8c2faee737a105a5e5406d1e763df57adc0fce59358ea371,未知,未知,未取得
source-identity-field-evidence-20260807T182456+0800-44d9871dc3b2,ZI-6c7b1beec974abfd29a0e66e,DS-000315,数据库元数据,BTC,未知,未知,未知,未知,未知,未知,未知,未知,未知,无法判定,数据库对象字段级摘要未取得,未读取数据库业务记录,提供当前版本字段级身份、Schema和授权边界证据后新建不可变批次,28745a43fd92afac3d70cee4ddad3491844d97472d4dda22369d8ad811b9cb19,未知,9036690003bb5a78b8947c2bbb3db3c7fa38ce8739f96bfdb2fe55becccedf6f,未知,未知,未取得
source-identity-field-evidence-20260807T182456+0800-44d9871dc3b2,ZI-92c90a90bbc0841d7e48f8d6,DS-000316,数据库元数据,BTC,未知,未知,未知,未知,未知,未知,未知,未知,未知,无法判定,数据库对象字段级摘要未取得,未读取数据库业务记录,提供当前版本字段级身份、Schema和授权边界证据后新建不可变批次,993ed72bd9aee1183676bb2ffb712c4bb01996d8dc0f601b657d49e62b1cc37c,未知,137562dd2a26939a015df9b3d653dc80e9a94bcd63033b15e844a668e134df12,未知,未知,未取得
source-identity-field-evidence-20260807T182456+0800-44d9871dc3b2,ZI-c5c903e8e1925632a9160c98,DS-000001,候选数据文件,ETH,未知,未知,未知,未知,未知,未知,未知,未知,未知,拒绝,冻结文件元数据漂移,未读取文件正文；字段语义和授权边界未证明,提供当前版本字段级身份、Schema和授权边界证据后新建不可变批次,6f210f5cac4068efe59c05ccd83b4aa2dd366ae73b635fbc253611e4e60c34bb,7d3e73ab67b4763c2b9bd56d29947275b30a04a3ca8279ac06cb65b174aff3b2,60c6c4b1cecb3f5059f3aba832f43b6ffb62c276d0ba662f0a0f502fb86020c1,未知,未知,未取得
source-identity-field-evidence-20260807T182456+0800-44d9871dc3b2,ZI-279894722b92c663c0dd6dab,DS-000002,候选数据文件,ETH,未知,未知,未知,未知,未知,未知,未知,未知,未知,无法判定,白名单普通文件stat与冻结输入一致,未读取文件正文；字段语义和授权边界未证明,提供当前版本字段级身份、Schema和授权边界证据后新建不可变批次,6b54cfaecaba756425d105f3eb174d67dda343b196c6d4d553b4ccf22dac9a4b,6aab59f422c456e37143292f6d54aa86695d65cdfdfbebc85a530babd65479e4,3dc576c1dc53f45260ddeaa3a805c6e59e1a53a2b6110426d473da2befbc3731,未知,未知,未取得
source-identity-field-evidence-20260807T182456+0800-44d9871dc3b2,ZI-bdc11e9d61341a2c9190bedb,DS-000003,候选数据文件,ETH,未知,未知,未知,未知,未知,未知,未知,未知,未知,无法判定,白名单普通文件stat与冻结输入一致,未读取文件正文；字段语义和授权边界未证明,提供当前版本字段级身份、Schema和授权边界证据后新建不可变批次,eed06d83a64889d174bf4470b7f403841c1b8cbef394fdcd7d26373548bc330a,d061fcb16fb6777f446e22452fd1da9150447236466055559677dc5ff9b99acf,aa2a6ef38d6049cd976553c991d8f283a3d90ebbcbba051b0d19b72b73c998c1,未知,未知,未取得
source-identity-field-evidence-20260807T182456+0800-44d9871dc3b2,ZI-f48b5e18e673871688598192,DS-000004,候选数据文件,ETH,未知,未知,未知,未知,未知,未知,未知,未知,未知,无法判定,白名单普通文件stat与冻结输入一致,未读取文件正文；字段语义和授权边界未证明,提供当前版本字段级身份、Schema和授权边界证据后新建不可变批次,f294fc879772804fde50e9093715f6f79193e34ec200003d39435c80c660dc0f,720b0a0ec07b2423c49fa77a2ad1206369e4947202f682a8f3bbf81fcf9f539f,a6abefe57ee8196b11cd2fbf1bf46d589005f8416297b44d918d8d651b8485f7,未知,未知,未取得
source-identity-field-evidence-20260807T182456+0800-44d9871dc3b2,ZI-8353e10a871d52c975353c3f,DS-000005,候选数据文件,ETH,未知,未知,未知,未知,未知,未知,未知,未知,未知,无法判定,白名单普通文件stat与冻结输入一致,未读取文件正文；字段语义和授权边界未证明,提供当前版本字段级身份、Schema和授权边界证据后新建不可变批次,c3a0b74beeb3a1728b5565c3f43d47d2233ef0001367bb8588714e9f0f4d5adc,3aacc067076bb4212d38867f851fe72665f8d3e84d052a4b6be4bd52ef0b9a7e,ce490998bf978c6115f5aeab1e0fa8a434a6ce5ea0b03b25972a8d4dff79b1bf,未知,未知,未取得
source-identity-field-evidence-20260807T182456+0800-44d9871dc3b2,ZI-02bb55334ca878f1e490d263,DS-000006,候选数据文件,ETH,未知,未知,未知,未知,未知,未知,未知,未知,未知,无法判定,白名单普通文件stat与冻结输入一致,未读取文件正文；字段语义和授权边界未证明,提供当前版本字段级身份、Schema和授权边界证据后新建不可变批次,078e5f02252ebb65f8c728bc0c504e3a3d3e783ebbd2641e58b3841ea530fb97,77dbe614a8f2bc92e467e5ab83e152a5fcede5f87cc8d94361a07fc2b6af7ab3,e6408d7977915b6fd2c6394d7957f0780402651cd69de3bf50dbe50fd4d6a37f,未知,未知,未取得
source-identity-field-evidence-20260807T182456+0800-44d9871dc3b2,ZI-ab8649c928c32ab7bfff8287,DS-000007,候选数据文件,ETH,未知,未知,未知,未知,未知,未知,未知,未知,未知,无法判定,白名单普通文件stat与冻结输入一致,未读取文件正文；字段语义和授权边界未证明,提供当前版本字段级身份、Schema和授权边界证据后新建不可变批次,3d27809f20371a08ed176c677aaefe132b6a4fc3c9b9acf202f0e6982c17d731,49daf128eb6893d3be242aacd0327c3422b6ec16340e56008adfb8297eab75a4,32c05fc2893d129b2a2fcacd92f393a4f560b3c8a6175ef6e6236fa88efdb5a1,未知,未知,未取得
source-identity-field-evidence-20260807T182456+0800-44d9871dc3b2,ZI-803cad160ec9877f5950adb0,DS-000008,候选数据文件,ETH,未知,未知,未知,未知,未知,未知,未知,未知,未知,无法判定,白名单普通文件stat与冻结输入一致,未读取文件正文；字段语义和授权边界未证明,提供当前版本字段级身份、Schema和授权边界证据后新建不可变批次,c41e435f351a0e89dcf979f9d54f0c4bf6732364a3fa041800b57b48d68dcad2,fcdcc52fab696ec5166872c3d167d6e1d98e5835ed7779c1f8b58bbc0bbad138,eb2b4be197d0218230241f92eece01a2c0594a7b04c3936ed6f5f6af32db6be7,未知,未知,未取得
source-identity-field-evidence-20260807T182456+0800-44d9871dc3b2,ZI-cb3f201795dbfc35bf020cc4,DS-000009,候选数据文件,ETH,未知,未知,未知,未知,未知,未知,未知,未知,未知,无法判定,白名单普通文件stat与冻结输入一致,未读取文件正文；字段语义和授权边界未证明,提供当前版本字段级身份、Schema和授权边界证据后新建不可变批次,57f0db998d6317598e4c7335c89cb4bd04ec0e20592158cfc71f6fc34aa5ad44,09e18ef2878876ea6db89a0f7b2c7c3eb12d93a8abfb0ef65c6e87190284698d,122518df27f0837d557444420ea7b10e77fd08659e31a02d3cb33dfebc9557d2,未知,未知,未取得
source-identity-field-evidence-20260807T182456+0800-44d9871dc3b2,ZI-a0bd838ee633afa643f72fdb,DS-000010,候选数据文件,ETH,未知,未知,未知,未知,未知,未知,未知,未知,未知,无法判定,白名单普通文件stat与冻结输入一致,未读取文件正文；字段语义和授权边界未证明,提供当前版本字段级身份、Schema和授权边界证据后新建不可变批次,60a868b7ba10f0aef5db99fd373934b8abcce84661ec2ad1ccee966866bbb502,8e7dbe75a1caa269391456657f6fd17f34ff249e7efab2d2d69148c483fef998,140dab5092793bae1454e9b51bfeb8863b0ce8f70ac74153b51255d7f8c1ef30,未知,未知,未取得
source-identity-field-evidence-20260807T182456+0800-44d9871dc3b2,ZI-c18845ce5953be525fba9e98,DS-000011,候选数据文件,ETH,未知,未知,未知,未知,未知,未知,未知,未知,未知,无法判定,白名单普通文件stat与冻结输入一致,未读取文件正文；字段语义和授权边界未证明,提供当前版本字段级身份、Schema和授权边界证据后新建不可变批次,0ec6f6d6ec4c9b002bb715c2ae5793b70a41ece49bc4ab71ab962b1ea26e6c10,26789b5d20dbae0f16135ef140b42709ae8ccaecf050afe135217e49376e0b25,31e2ad031e9530dd016b5a225b9c81517b5a8669847279e449ab3db0b00ba70f,未知,未知,未取得
source-identity-field-evidence-20260807T182456+0800-44d9871dc3b2,ZI-6755e3ebe9d9a3e83f13a4a9,DS-000012,候选数据文件,ETH,未知,未知,未知,未知,未知,未知,未知,未知,未知,无法判定,白名单普通文件stat与冻结输入一致,未读取文件正文；字段语义和授权边界未证明,提供当前版本字段级身份、Schema和授权边界证据后新建不可变批次,4029ce33cae96639a00b1f2934304f04d9204e36e7d06ee59efff58dc5e0082a,fdc496a04037c2928a7c825a0b74c05b6df3010d22d6942bf91e0770821ddbd7,becdf69f5c87dbd51511506d82373c4726818dc13842284d17ddbe6cf536a6cf,未知,未知,未取得
source-identity-field-evidence-20260807T182456+0800-44d9871dc3b2,ZI-95764bb9d0fab4a919eda519,DS-000013,候选数据文件,ETH,未知,未知,未知,未知,未知,未知,未知,未知,未知,无法判定,白名单普通文件stat与冻结输入一致,未读取文件正文；字段语义和授权边界未证明,提供当前版本字段级身份、Schema和授权边界证据后新建不可变批次,4b5998ebc81851afafa4abf90abf85ad6f259b9415055592ade9dfafdb51f0d3,c2a10ddf86d7c07d00b256d2247e0ca3da7ae96acc5f0acbb4714e8bc3177107,3c8af22e709b5863faf505a909dde87cafbb2ef1c6309dcd45c7cf0033f9e2cd,未知,未知,未取得
source-identity-field-evidence-20260807T182456+0800-44d9871dc3b2,ZI-3b9c54566bc10a3e90b3766c,DS-000014,候选数据文件,ETH,未知,未知,未知,未知,未知,未知,未知,未知,未知,无法判定,白名单普通文件stat与冻结输入一致,未读取文件正文；字段语义和授权边界未证明,提供当前版本字段级身份、Schema和授权边界证据后新建不可变批次,a2913685c4ef3199de4ac1910f6c1bd45e3a521e39fad3c5475e0071673b8a28,26ce393d592408b8b90a63a956d01597dbfc20754d740bee55233bce52e4f526,8c25e2311227633eb583c3b348a4f22069daf5d72ae5b50949c2737e5349f5d1,未知,未知,未取得
source-identity-field-evidence-20260807T182456+0800-44d9871dc3b2,ZI-4f294e47780b8d95f28c6c55,DS-000015,候选数据文件,ETH,未知,未知,未知,未知,未知,未知,未知,未知,未知,无法判定,白名单普通文件stat与冻结输入一致,未读取文件正文；字段语义和授权边界未证明,提供当前版本字段级身份、Schema和授权边界证据后新建不可变批次,0954b82bf7f57e01d704dbddc6046326d1d248a34af7095367bb8eca340f6dcf,a7ce0a68e8361608d00d1a9f0d2c004df7b348790ac40a7d2662ac5e9104aa4a,d6a29786f5d40710cd97a62fd0dd231e2461f64984d60831ea9f05f636f0ab6b,未知,未知,未取得
source-identity-field-evidence-20260807T182456+0800-44d9871dc3b2,ZI-aee0aa011ef421beb877e180,DS-000016,候选数据文件,ETH,未知,未知,未知,未知,未知,未知,未知,未知,未知,无法判定,白名单普通文件stat与冻结输入一致,未读取文件正文；字段语义和授权边界未证明,提供当前版本字段级身份、Schema和授权边界证据后新建不可变批次,d541c1aa39ca532bc63001a37820a93db5822824a913980ff6e6492016cd8c06,d77de365071de3a0468f14d5bed403edb15607a04f12dfa034e3dc3987928b94,594665e5c4a94e46a1324174aa5c263d63596bb53eba56d7fd565304970b345d,未知,未知,未取得
source-identity-field-evidence-20260807T182456+0800-44d9871dc3b2,ZI-7e0cdf9830865f043bda9ce4,DS-000017,候选数据文件,ETH,未知,未知,未知,未知,未知,未知,未知,未知,未知,无法判定,白名单普通文件stat与冻结输入一致,未读取文件正文；字段语义和授权边界未证明,提供当前版本字段级身份、Schema和授权边界证据后新建不可变批次,724331ff5fb4ae5702e299c4ab592929e83424f81741ca15f49f79f17bb48302,64905395a8164cd3e90cd89b4554837d1eac1d8fe62ed161461790465b1cf814,015ca2d238fc22f719252d65d52c90873f7340382e7891b0f5fd0879a6fccf40,未知,未知,未取得
source-identity-field-evidence-20260807T182456+0800-44d9871dc3b2,ZI-f26a91d704b8153b3b13bcab,DS-000018,候选数据文件,ETH,未知,未知,未知,未知,未知,未知,未知,未知,未知,无法判定,白名单普通文件stat与冻结输入一致,未读取文件正文；字段语义和授权边界未证明,提供当前版本字段级身份、Schema和授权边界证据后新建不可变批次,8ac6e149c9aa2f85191b075fe19ae6ab08e0241833b5e33f84b0a42f76e71509,a0ebb89c7c71f844d01ca0a4aa1d5e9d88b71ca31d06c164bbb31ea7d7d4f93c,ca54e5db7c714992ca90a1237e61180d876d984a16c3b3439b0a1b3909d638af,未知,未知,未取得
source-identity-field-evidence-20260807T182456+0800-44d9871dc3b2,ZI-033ce08ef691bdde9d29398b,DS-000019,候选数据文件,ETH,未知,未知,未知,未知,未知,未知,未知,未知,未知,无法判定,白名单普通文件stat与冻结输入一致,未读取文件正文；字段语义和授权边界未证明,提供当前版本字段级身份、Schema和授权边界证据后新建不可变批次,9fe44aeeec52824c44f64f54bd209145b51e04d8a6e4a281d96b9d9c9c5adc3d,af70aa82df3122012ddcf6ee61c849166c2753331d4aa5c8af4a5ea11b72e49b,cf98945e1698073a070db8de125439d3dea6723fa26b0634a1fc6bcc18998b70,未知,未知,未取得
source-identity-field-evidence-20260807T182456+0800-44d9871dc3b2,ZI-77e33436a724310dfdbb45ff,DS-000020,候选数据文件,ETH,未知,未知,未知,未知,未知,未知,未知,未知,未知,无法判定,白名单普通文件stat与冻结输入一致,未读取文件正文；字段语义和授权边界未证明,提供当前版本字段级身份、Schema和授权边界证据后新建不可变批次,1c5ab3f968edb2a20de6de92fb10feb8d2736c0dbd5b1cc743a178c603b79e8b,22cbc2ea35ae12b0993e0d6f1353934b96936d0634ba963d8ec572e27de6e8bc,73f89059a48378a1b6117d6b0b4e2a18a5ccb35fab47a567b1404c038f668d60,未知,未知,未取得
source-identity-field-evidence-20260807T182456+0800-44d9871dc3b2,ZI-04ca2b6ded2abaa7a64050a6,DS-000021,候选数据文件,ETH,未知,未知,未知,未知,未知,未知,未知,未知,未知,无法判定,白名单普通文件stat与冻结输入一致,未读取文件正文；字段语义和授权边界未证明,提供当前版本字段级身份、Schema和授权边界证据后新建不可变批次,64628c57337149fa715a32c92112d28beb11ea157cc51cbef8d8fb2ac089af2d,a52f57c741fddad5f1b4927d98100ef3c839e6d3a2876e053def12dccc7d272e,7da902e64f32350531e30ed5c7f6775ce55c7c9f7baf96f66f9ee0306da5ca02,未知,未知,未取得
source-identity-field-evidence-20260807T182456+0800-44d9871dc3b2,ZI-2570062f645b43ce27a0487c,DS-000022,候选数据文件,ETH,未知,未知,未知,未知,未知,未知,未知,未知,未知,无法判定,白名单普通文件stat与冻结输入一致,未读取文件正文；字段语义和授权边界未证明,提供当前版本字段级身份、Schema和授权边界证据后新建不可变批次,cb0f988b4041dfe60459b092dd3d8713a68e767cffe3cea694725d3b12df3874,c07d3e3ef22e96dd0a304141642dc089cc8d582eecf17f1bea2c290a6895975a,f0ab8f1d227b22e5f3d3fbf4be5ce3574968c2e433debfbf4d36a567a127f40c,未知,未知,未取得
source-identity-field-evidence-20260807T182456+0800-44d9871dc3b2,ZI-be30400ad91dda28af131417,DS-000023,候选数据文件,ETH,未知,未知,未知,未知,未知,未知,未知,未知,未知,无法判定,白名单普通文件stat与冻结输入一致,未读取文件正文；字段语义和授权边界未证明,提供当前版本字段级身份、Schema和授权边界证据后新建不可变批次,7f5828afd16eeb5023d1e7c3d6abf2f23c149f3225a3e53e1078c8e613a07332,1ade9c2915f781106ff0e562315042be2a291d85a69d7cc5e8495a2fcabc951d,3b1d4044f841b7251dce8579b87a0cbced0dd01d105d1535c82114e073ab6319,未知,未知,未取得
source-identity-field-evidence-20260807T182456+0800-44d9871dc3b2,ZI-a0d4e3f46f73962f77ebd7c5,DS-000024,候选数据文件,ETH,未知,未知,未知,未知,未知,未知,未知,未知,未知,无法判定,白名单普通文件stat与冻结输入一致,未读取文件正文；字段语义和授权边界未证明,提供当前版本字段级身份、Schema和授权边界证据后新建不可变批次,1a5501c145cb78341a0bdc4a0d62283d57d8158db9cee6a6f6b9300451cfb669,8236e7ea3a34e0ae2daf2d18a743e111badbd72abf31bb752b99055bf687fdb6,18a4e08500fb6eabbb436c9f6501b2860758a0548a1ef6460a83ce05cb967494,未知,未知,未取得
source-identity-field-evidence-20260807T182456+0800-44d9871dc3b2,ZI-0b664412f41ac3e18fc48be7,DS-000025,候选数据文件,ETH,未知,未知,未知,未知,未知,未知,未知,未知,未知,无法判定,白名单普通文件stat与冻结输入一致,未读取文件正文；字段语义和授权边界未证明,提供当前版本字段级身份、Schema和授权边界证据后新建不可变批次,90a66897075859e1d9c9e335f1e6bf8caa40126b5af49abd6f7dd08c1c62ab7b,4ee70a80e4c8e753dca5559d3b9b245b8fae7d634b25d3308a447cbf7c412208,44c4d26acf8f588d595ab70dff2681cdc19faf5238c577586bd73ade22a08b33,未知,未知,未取得
source-identity-field-evidence-20260807T182456+0800-44d9871dc3b2,ZI-0fe134d0066f7b835eaba2f2,DS-000026,候选数据文件,ETH,未知,未知,未知,未知,未知,未知,未知,未知,未知,无法判定,白名单普通文件stat与冻结输入一致,未读取文件正文；字段语义和授权边界未证明,提供当前版本字段级身份、Schema和授权边界证据后新建不可变批次,d0f705abea8912f989edaccb9cf08cd41eda84e652f74e68a9312e843e842f77,8f4500666c01ddd03143b5487f8e2ea4d36a66c119c11c2a44b12111c4bbc572,e5c07fcc449ce49c388756c3b53a7745ef1e712b22cfe04d16c5ff5a743a4e28,未知,未知,未取得
source-identity-field-evidence-20260807T182456+0800-44d9871dc3b2,ZI-089f0c0ebeeb9e87f76c31ff,DS-000027,候选数据文件,ETH,未知,未知,未知,未知,未知,未知,未知,未知,未知,无法判定,白名单普通文件stat与冻结输入一致,未读取文件正文；字段语义和授权边界未证明,提供当前版本字段级身份、Schema和授权边界证据后新建不可变批次,e25a817f99d52e3d90fb7614939eebcaf57d0bc0f82ee9b42e562f78d2066f9d,0cc41b70e4dfaf9e82ad12b9c05321d788f59bfe4af7e4f480db156d7c5cdef3,031ee4e2f9e155abfcba4aa4e67d5b785b07046e0c736303abea8b2c64551d0d,未知,未知,未取得
source-identity-field-evidence-20260807T182456+0800-44d9871dc3b2,ZI-9281ed93ca15f2fdc9ea24d8,DS-000028,候选数据文件,ETH,未知,未知,未知,未知,未知,未知,未知,未知,未知,无法判定,白名单普通文件stat与冻结输入一致,未读取文件正文；字段语义和授权边界未证明,提供当前版本字段级身份、Schema和授权边界证据后新建不可变批次,47294cc8ccff44581c75aa5d3c70bc29e9916391a25182dc2645263835aa4c55,63683567324ab80d8e563dbd07a4077ff36851cab22589074b3bfffcb9069345,e311a89436e21c9b240f8950b33a165dd8607ada2f98718285bae8f7988c58d4,未知,未知,未取得
source-identity-field-evidence-20260807T182456+0800-44d9871dc3b2,ZI-8cc6ec85cad87703abaaeba8,DS-000029,候选数据文件,ETH,未知,未知,未知,未知,未知,未知,未知,未知,未知,无法判定,白名单普通文件stat与冻结输入一致,未读取文件正文；字段语义和授权边界未证明,提供当前版本字段级身份、Schema和授权边界证据后新建不可变批次,7dd9f501d01b088e7ff2286b3f33fd8431fdbab3aea1cdb36bd41099a798703e,9266c6ed9369afacfacf97fd800248563ab61ea38f455267684e651d1d1f689f,8c68f0ecb74a324d10c99e7fb4631b5311209bcbafe6c769149d792d22bf5fc8,未知,未知,未取得
source-identity-field-evidence-20260807T182456+0800-44d9871dc3b2,ZI-d9c1e236f123c75e588d2059,DS-000030,候选数据文件,ETH,未知,未知,未知,未知,未知,未知,未知,未知,未知,无法判定,白名单普通文件stat与冻结输入一致,未读取文件正文；字段语义和授权边界未证明,提供当前版本字段级身份、Schema和授权边界证据后新建不可变批次,7feaf8dbf2a33227bce6c15a332add2a8df5958d70cd20dde169159beffeafd8,c53ff544e009eed9360a600067d56c9443d8f7cd43c80a15926fe76c8ecb4796,1c9b751b8e841efc8890687ba515073e81174b0e355d4f442830fd281fb91c2f,未知,未知,未取得
source-identity-field-evidence-20260807T182456+0800-44d9871dc3b2,ZI-c169483e7e35bbdae6c6bc04,DS-000031,候选数据文件,ETH,未知,未知,未知,未知,未知,未知,未知,未知,未知,无法判定,白名单普通文件stat与冻结输入一致,未读取文件正文；字段语义和授权边界未证明,提供当前版本字段级身份、Schema和授权边界证据后新建不可变批次,7e617ea65285053e80e850b1a42685e97f1dc11f8a21b09b7a1ddeec481c8607,19bb35a7ca3cb3b93bcfdb5976238ddd4fed4b812969e4a010885b27b782a63f,399233a03ab53e1cc867169ff72ce2db1d5bd059a0e663727eff221197f164af,未知,未知,未取得
source-identity-field-evidence-20260807T182456+0800-44d9871dc3b2,ZI-a21ccbe20389643ee308b69f,DS-000032,候选数据文件,ETH,未知,未知,未知,未知,未知,未知,未知,未知,未知,无法判定,白名单普通文件stat与冻结输入一致,未读取文件正文；字段语义和授权边界未证明,提供当前版本字段级身份、Schema和授权边界证据后新建不可变批次,2ce15b1930aad50b11f350398a0b450644e98b842f7ef2acedf4bee77e77db57,a358ba2f990830cf8e65b3aa9dc4a4f1110e77cf569b2cae43abd906558b4ed4,3626f76a962a96b9222dab1175cf6811067cf173f84cadd63d852922597888f9,未知,未知,未取得
source-identity-field-evidence-20260807T182456+0800-44d9871dc3b2,ZI-065c781df7752f8f461475e9,DS-000033,候选数据文件,ETH,未知,未知,未知,未知,未知,未知,未知,未知,未知,无法判定,白名单普通文件stat与冻结输入一致,未读取文件正文；字段语义和授权边界未证明,提供当前版本字段级身份、Schema和授权边界证据后新建不可变批次,6c383d50d95f4de8a57eed3f877bf95e02d1617101a25d532b17bf06f1520432,1fa767005339f459ee30a79771d3fec65b80a13db234caf120891d7d0873d2ff,039d72cd38ae616496aa2754e8f447485af4fe143f12d5d3bfc90317fb418409,未知,未知,未取得
source-identity-field-evidence-20260807T182456+0800-44d9871dc3b2,ZI-5d61fc5d919fc31f69eb6247,DS-000034,候选数据文件,ETH,未知,未知,未知,未知,未知,未知,未知,未知,未知,无法判定,白名单普通文件stat与冻结输入一致,未读取文件正文；字段语义和授权边界未证明,提供当前版本字段级身份、Schema和授权边界证据后新建不可变批次,620ec0b6af2da2ee08cf1e41e20fb6206dec2fe11c489115b4686ab4d470868b,84ec48d387df85f860832866a3e8ae00450078dcc18b76dde38b7d7b4cf895f0,c21f5dd940fd6461285db7e5a2e601a0656a5c35ceb7720b80f5058fa075e552,未知,未知,未取得
source-identity-field-evidence-20260807T182456+0800-44d9871dc3b2,ZI-cc518c78335b4566ab3ba1b7,DS-000035,候选数据文件,ETH,未知,未知,未知,未知,未知,未知,未知,未知,未知,无法判定,白名单普通文件stat与冻结输入一致,未读取文件正文；字段语义和授权边界未证明,提供当前版本字段级身份、Schema和授权边界证据后新建不可变批次,c8052ba5f3ee15d405a6a41853edafb8cc7df932629aa95e77ecbbf0cf89d0c9,4c2df098636680671642068ce30ed18948a3f11fda06bbeeb9c37dae46dc45d3,c9515bca8683272de1cd0aae299601cb7e08fcec60ac985d2aa683200f02c900,未知,未知,未取得
source-identity-field-evidence-20260807T182456+0800-44d9871dc3b2,ZI-8494e07bc3f0426de16a8b6d,DS-000036,候选数据文件,ETH,未知,未知,未知,未知,未知,未知,未知,未知,未知,无法判定,白名单普通文件stat与冻结输入一致,未读取文件正文；字段语义和授权边界未证明,提供当前版本字段级身份、Schema和授权边界证据后新建不可变批次,831dbef09d5e1df0dc41e48ab9504365e6e18a12807ca94e1c805c8181299249,ed319e1d5d71914cfa14a292721d57ed5b339f57e7330f688113ad2936541f58,12241b053a897271e29d008dfaed113a60edddd3fae4e5f8406d2d94dafe820c,未知,未知,未取得
source-identity-field-evidence-20260807T182456+0800-44d9871dc3b2,ZI-33fe8b0ddda1dd1d88720875,DS-000037,候选数据文件,ETH,未知,未知,未知,未知,未知,未知,未知,未知,未知,无法判定,白名单普通文件stat与冻结输入一致,未读取文件正文；字段语义和授权边界未证明,提供当前版本字段级身份、Schema和授权边界证据后新建不可变批次,c6a61887a923c5a8e4ba052c9fa91d7c255b03f4bcc5c28d53deafc5f40d8e2b,c8bfcfb0b7c920a4e615d62d293b3d5daf0f3fd21848db7ed39e984cbd51d518,9a4b0e47143e5c670a75568bee67fd2520e6e202f7f5cd24c00573c2efb58cfc,未知,未知,未取得
source-identity-field-evidence-20260807T182456+0800-44d9871dc3b2,ZI-165cfc2a30a597ce932c236b,DS-000038,候选数据文件,ETH,未知,未知,未知,未知,未知,未知,未知,未知,未知,无法判定,白名单普通文件stat与冻结输入一致,未读取文件正文；字段语义和授权边界未证明,提供当前版本字段级身份、Schema和授权边界证据后新建不可变批次,fa4631a27e1710a2adac5e18f14fba4d3ac7985b62a900a8a32921c0f616b5e6,64409f8c417dd8ccd1c625f02c545d00e018f681bf69d537b41af8cddfb0830c,fa39f2b16e88f0977c03921dd7127f129de27dbafa33ffb89741913d6c1b2291,未知,未知,未取得
source-identity-field-evidence-20260807T182456+0800-44d9871dc3b2,ZI-68e34c7b43bcb72873389cfb,DS-000039,候选数据文件,ETH,未知,未知,未知,未知,未知,未知,未知,未知,未知,无法判定,白名单普通文件stat与冻结输入一致,未读取文件正文；字段语义和授权边界未证明,提供当前版本字段级身份、Schema和授权边界证据后新建不可变批次,87a8b34d0a521a1b81b170b9eadc51933b3582c7ff859894e05f962bbaa7b31a,e90e81e29b4bfab81993aa1376ad5458b1ea5858217c54b4ee6546ef0cabcc49,4b9c493b61c4295e7dd38f62dc48f96ae9e631df6ee8d9581c0df3ab6b89c5a8,未知,未知,未取得
source-identity-field-evidence-20260807T182456+0800-44d9871dc3b2,ZI-09c306558c21b551a473e8d3,DS-000040,候选数据文件,ETH,未知,未知,未知,未知,未知,未知,未知,未知,未知,无法判定,白名单普通文件stat与冻结输入一致,未读取文件正文；字段语义和授权边界未证明,提供当前版本字段级身份、Schema和授权边界证据后新建不可变批次,4790bac68af16a75efca855b27de95148a8f7d869a8eb4d8366de3015c759626,7e4f731838286d6b16c18131779d77b2ee9e04d755e0cf82dae2cd7a5a64ceec,820f8de116b941cfda1d0f23931e2124e680442157672975f6b99d842c7354b1,未知,未知,未取得
source-identity-field-evidence-20260807T182456+0800-44d9871dc3b2,ZI-8a28b9cbda14361fea3e0d08,DS-000041,候选数据文件,ETH,未知,未知,未知,未知,未知,未知,未知,未知,未知,无法判定,白名单普通文件stat与冻结输入一致,未读取文件正文；字段语义和授权边界未证明,提供当前版本字段级身份、Schema和授权边界证据后新建不可变批次,286620d7066b28b8ed933077901ecb9ff8a5c8e40df6514ff7c3ba5ecac9abe8,509c5d71c5a4af2ff28fa46cb896c17925c8133312b9c7e5a7314bd695a37275,ea747396003ba6a9b45867137ec033351d244b6190be7baf71fa1f43d431de75,未知,未知,未取得
source-identity-field-evidence-20260807T182456+0800-44d9871dc3b2,ZI-7c080a0c72e43d3f2e78e7f0,DS-000042,候选数据文件,ETH,未知,未知,未知,未知,未知,未知,未知,未知,未知,拒绝,冻结文件元数据漂移,未读取文件正文；字段语义和授权边界未证明,提供当前版本字段级身份、Schema和授权边界证据后新建不可变批次,9481f1a90753f8379ea69a4aa88f1289d5bb48cf515812dd34aca6a32ed0708f,76de7eb71668d1d8ca6a1934d353fc0a4bf1cad667276e2a944e4c5eab6fe2c9,e48eba9710ee79dac842699f0a3db6b1daf66f2548ddc5a0c703ab3c70899002,未知,未知,未取得
source-identity-field-evidence-20260807T182456+0800-44d9871dc3b2,ZI-bd4b5404dcd732978b2b6d5b,DS-000043,候选数据文件,ETH,未知,未知,未知,未知,未知,未知,未知,未知,未知,无法判定,白名单普通文件stat与冻结输入一致,未读取文件正文；字段语义和授权边界未证明,提供当前版本字段级身份、Schema和授权边界证据后新建不可变批次,ab6e9c5b122b709541147d45af09142fa48c4c8a57e5fd6e14d93cbfe55942f2,1ab3582894b224eff3fb2fa63fbeadd2e5a751bb42f0e980811d4bcabf3e0afa,a1876bc8f4d238cb2274d837b07d334a269daa5bb7772e6d284b0dd4e089d571,未知,未知,未取得
source-identity-field-evidence-20260807T182456+0800-44d9871dc3b2,ZI-28ce816b33b79c38ccfb22e7,DS-000044,候选数据文件,ETH,未知,未知,未知,未知,未知,未知,未知,未知,未知,无法判定,白名单普通文件stat与冻结输入一致,未读取文件正文；字段语义和授权边界未证明,提供当前版本字段级身份、Schema和授权边界证据后新建不可变批次,4b351da245a5729653e1e8695950bb4ec677aa15b29af4adcaea6d6c4773688a,ca65d64d4b35602c57b5c2e317ad25d1d367b9815862bb342b5c290df31ca4b0,a2c37d7dd21f134b685205f19a7be55a2851f356ffdda28769f9e9f62ab960fb,未知,未知,未取得
source-identity-field-evidence-20260807T182456+0800-44d9871dc3b2,ZI-9bbd7613dc89967112ed4afb,DS-000045,候选数据文件,ETH,未知,未知,未知,未知,未知,未知,未知,未知,未知,无法判定,白名单普通文件stat与冻结输入一致,未读取文件正文；字段语义和授权边界未证明,提供当前版本字段级身份、Schema和授权边界证据后新建不可变批次,7969b3cc256f4b649caaa29cb58c697653c15965c89907fd86f2e98016eff342,a1d2cfff6b7597708171712722a401a5bfa33abef6ed4c7e17a032cac48069e0,3036f32ce79d9f8e9fa665f2b6e5d071749dac5b5f4916baac547aba8acbbea1,未知,未知,未取得
source-identity-field-evidence-20260807T182456+0800-44d9871dc3b2,ZI-1a42e8b6c1eb0f32fd83f0db,DS-000046,候选数据文件,ETH,未知,未知,未知,未知,未知,未知,未知,未知,未知,无法判定,白名单普通文件stat与冻结输入一致,未读取文件正文；字段语义和授权边界未证明,提供当前版本字段级身份、Schema和授权边界证据后新建不可变批次,d2c16595af2ff812b9699afbac5821cee73e4c3f6842fa3a5a109853626e6c4d,ac21ad0160347ce7759d07f5ec375fb47e763ab6d6a4b05687b2c90453b8a727,5b5fd48ec0b99d8b0159123ab36de77ad736a9500dd865b79d5e273469ef16e5,未知,未知,未取得
source-identity-field-evidence-20260807T182456+0800-44d9871dc3b2,ZI-9af7501cfbf2c81be74cc00a,DS-000047,候选数据文件,ETH,未知,未知,未知,未知,未知,未知,未知,未知,未知,无法判定,白名单普通文件stat与冻结输入一致,未读取文件正文；字段语义和授权边界未证明,提供当前版本字段级身份、Schema和授权边界证据后新建不可变批次,bef8b79e0bee8d3d15ff6d609fb35f08d45972b26fe4f024fbeee00416ef25a9,faa18bd5824935b766c127ec196d42d6aa9818b34e082263f7ac7e97f55a34ee,cdc096cb54204fecfee0ce04141b7d7085550d7cdcf6b184886164b0540079f6,未知,未知,未取得
source-identity-field-evidence-20260807T182456+0800-44d9871dc3b2,ZI-e630e48726c8833e33f1b77b,DS-000048,候选数据文件,ETH,未知,未知,未知,未知,未知,未知,未知,未知,未知,无法判定,白名单普通文件stat与冻结输入一致,未读取文件正文；字段语义和授权边界未证明,提供当前版本字段级身份、Schema和授权边界证据后新建不可变批次,27c0d7523fd027e4594aaaebc9fd2b4c9853db367233c9469ddddb6909841121,986476d44f7d193274195c9c819155e0a07dcf635b32c62559ce3e08f872fe37,467335b7c1fde181f563564c59320d471559c14d714ab54e26d8096cda2f299c,未知,未知,未取得
source-identity-field-evidence-20260807T182456+0800-44d9871dc3b2,ZI-f2615789012d4d55f670c11d,DS-000049,候选数据文件,ETH,未知,未知,未知,未知,未知,未知,未知,未知,未知,无法判定,白名单普通文件stat与冻结输入一致,未读取文件正文；字段语义和授权边界未证明,提供当前版本字段级身份、Schema和授权边界证据后新建不可变批次,4fe0f84c8d96411a88be702c038c1a07e59990872b4f40ea4c994bc83ed839a3,3635259cb082d206bab390fbfdc271ced7a32fb52d3871095a38b4e7ca14fb3f,ccfa84b49cb026e72f710b48263f189b3391bdae9ef2d3c4319fd7ceeaf905cc,未知,未知,未取得
source-identity-field-evidence-20260807T182456+0800-44d9871dc3b2,ZI-3877c0fbfe23b34834d8eadb,DS-000050,候选数据文件,ETH,未知,未知,未知,未知,未知,未知,未知,未知,未知,无法判定,白名单普通文件stat与冻结输入一致,未读取文件正文；字段语义和授权边界未证明,提供当前版本字段级身份、Schema和授权边界证据后新建不可变批次,dbba04adf9e0ed6082031b7d3b413eec7ec31a70b2e28e729c73ec97d3a920c4,cf0c495f5e98d0482a1e85c64c9da89ce2a74143e0009e4b426fffa1d1bb6c2a,1cbee505a288d36ecc5bc9453d92714396fa4454fb40127ce3acf5856d9f2fdb,未知,未知,未取得
source-identity-field-evidence-20260807T182456+0800-44d9871dc3b2,ZI-f00603909f873d076d99eb9e,DS-000051,候选数据文件,ETH,未知,未知,未知,未知,未知,未知,未知,未知,未知,无法判定,白名单普通文件stat与冻结输入一致,未读取文件正文；字段语义和授权边界未证明,提供当前版本字段级身份、Schema和授权边界证据后新建不可变批次,a7632909fefcd410f99ea46b0ca9e8c6c0a75f845b8499b8f0e2a6438275e2d2,7ba836819467b949a8f5e418f5248aa9a18513f6f4c3e32ade8c6a830e003571,83b54a13dd881d62fef76b69b21435f4016ab05b114c1f34fa936ffb520bf0b7,未知,未知,未取得
source-identity-field-evidence-20260807T182456+0800-44d9871dc3b2,ZI-e5632d1560b416fda6b4ca83,DS-000052,候选数据文件,ETH,未知,未知,未知,未知,未知,未知,未知,未知,未知,无法判定,白名单普通文件stat与冻结输入一致,未读取文件正文；字段语义和授权边界未证明,提供当前版本字段级身份、Schema和授权边界证据后新建不可变批次,04143c6927d1275ecc2e6a7ad519ea36c53154683aee2d5e619e273dfbd2c3a5,f0289dc5d1d8b1add7ba153c1d6997cca21573191f766742252ab2222fd46d0a,574ec385498535d1df621499036353a81d667776123e88eae5ca716bdc3c65a9,未知,未知,未取得
source-identity-field-evidence-20260807T182456+0800-44d9871dc3b2,ZI-36613e8a21711c7f665cdceb,DS-000053,候选数据文件,ETH,未知,未知,未知,未知,未知,未知,未知,未知,未知,无法判定,白名单普通文件stat与冻结输入一致,未读取文件正文；字段语义和授权边界未证明,提供当前版本字段级身份、Schema和授权边界证据后新建不可变批次,727c4cd15bbd1028cdcf0542f546b79bdf0b6cf5848a5c9875880c0c1d118d34,303eba9553258b74ad9dca5381d172e8a62eccec812de2a3f5646266ccb12c69,2ed35a742f3227da0808b7ca8d2965ec31513c494a5b4966f8e56a34c50fdd5d,未知,未知,未取得
source-identity-field-evidence-20260807T182456+0800-44d9871dc3b2,ZI-f4c629efd5d8316c21f8c678,DS-000054,候选数据文件,ETH,未知,未知,未知,未知,未知,未知,未知,未知,未知,无法判定,白名单普通文件stat与冻结输入一致,未读取文件正文；字段语义和授权边界未证明,提供当前版本字段级身份、Schema和授权边界证据后新建不可变批次,4eca34b92987b0f4628fe992c99d93e94d8dda2644da3ff72acf419a06dd10dc,544134e56ab1d5ac959b5051c607fe9200ba8631b242d124287b52c7049003dd,109106236a53edddad1c1c4a3185f2c41e30a7fef36d9a3c01bd0a73af5b1867,未知,未知,未取得
source-identity-field-evidence-20260807T182456+0800-44d9871dc3b2,ZI-e4634a748fc7b2b6cc02f3e9,DS-000055,候选数据文件,ETH,未知,未知,未知,未知,未知,未知,未知,未知,未知,无法判定,白名单普通文件stat与冻结输入一致,未读取文件正文；字段语义和授权边界未证明,提供当前版本字段级身份、Schema和授权边界证据后新建不可变批次,d7a56bb2b3f2d1353ae1bdb490dd50f66b9a721e38cbd5d20c71732b5afae1f2,11d2954c11bfc7446cfa362aed838264eb368c212fdf684f670ba9d6017ec386,b673ff9e8757323e65531fe9b9a8a31f2d785f3d7e4a144f55899c0285d45930,未知,未知,未取得
source-identity-field-evidence-20260807T182456+0800-44d9871dc3b2,ZI-125d0435a6188786951e37bd,DS-000056,候选数据文件,ETH,未知,未知,未知,未知,未知,未知,未知,未知,未知,无法判定,白名单普通文件stat与冻结输入一致,未读取文件正文；字段语义和授权边界未证明,提供当前版本字段级身份、Schema和授权边界证据后新建不可变批次,664065d8bcbfde6ce83948e226f424c3f8c73c2aa7a808c48ca3483bbcfdd2d2,70925ae9d926420ec16c949e99ada3d5f0fdb5b6f1eb6d5c25e11f9e4840f751,cc74419b10b391f00ec3f28dd4bbcb8ee15ed22b401cd227e6992aa098473afd,未知,未知,未取得
source-identity-field-evidence-20260807T182456+0800-44d9871dc3b2,ZI-6ac98ad98d740090a661a47d,DS-000057,候选数据文件,ETH,未知,未知,未知,未知,未知,未知,未知,未知,未知,无法判定,白名单普通文件stat与冻结输入一致,未读取文件正文；字段语义和授权边界未证明,提供当前版本字段级身份、Schema和授权边界证据后新建不可变批次,ae21fda5c0653f332e55a07d8845e164909d455385ec75880755b67592ab6e08,8a574281fb274b31941f56d7e0ed06d285922184ee83942b66f3d5f1d8da48fc,8ccc5e98f15ff3d0fc9c63d1ae1c28d0f16e63a94a3d3078ef614e7ab6f1e7ac,未知,未知,未取得
source-identity-field-evidence-20260807T182456+0800-44d9871dc3b2,ZI-d09b0bb4a95fd5e64f650483,DS-000058,候选数据文件,ETH,未知,未知,未知,未知,未知,未知,未知,未知,未知,无法判定,白名单普通文件stat与冻结输入一致,未读取文件正文；字段语义和授权边界未证明,提供当前版本字段级身份、Schema和授权边界证据后新建不可变批次,c660829578896811167b8d845c14d303efa2e3f8b50e904d73e411784995991a,5355aad5c72613ad863671ecc4d21f8518f1b5d3ceacaa0a8868b9b2fe00aa65,8cc098af02ef0c757423a5db77d28dd0adb02e7212f06ffde84f52b972db4ef3,未知,未知,未取得
source-identity-field-evidence-20260807T182456+0800-44d9871dc3b2,ZI-167d01818b56710ddbafb446,DS-000059,候选数据文件,ETH,未知,未知,未知,未知,未知,未知,未知,未知,未知,无法判定,白名单普通文件stat与冻结输入一致,未读取文件正文；字段语义和授权边界未证明,提供当前版本字段级身份、Schema和授权边界证据后新建不可变批次,6ab67b288358b14fec04f0192375baa6f051a76cf8cbe96f4f6da90007923591,22954c40815b5b5c5c294cf44bcafdc481900b7855490baa6effd7487eabcc4e,686822266a8d9844b120912260ce2d7bd44f0af30c2ae6dbf3cd3d159d5cb04e,未知,未知,未取得
source-identity-field-evidence-20260807T182456+0800-44d9871dc3b2,ZI-3d63384c465a5614a4b1b48e,DS-000060,候选数据文件,ETH,未知,未知,未知,未知,未知,未知,未知,未知,未知,无法判定,白名单普通文件stat与冻结输入一致,未读取文件正文；字段语义和授权边界未证明,提供当前版本字段级身份、Schema和授权边界证据后新建不可变批次,adf7fdba5eb0d647d00287e9447a608eb8c49dc7152886e47ac7594111d44ddd,b0b01f2447cea6fb8c39684557cb05176c73c4417c656278dc53925794078ec3,5d3dc4ec7317aa25869ae760c26eaf4910714aad8aab5a929f6da733c07d83fc,未知,未知,未取得
source-identity-field-evidence-20260807T182456+0800-44d9871dc3b2,ZI-8d3158324830bcdf98c9179e,DS-000061,候选数据文件,ETH,未知,未知,未知,未知,未知,未知,未知,未知,未知,无法判定,白名单普通文件stat与冻结输入一致,未读取文件正文；字段语义和授权边界未证明,提供当前版本字段级身份、Schema和授权边界证据后新建不可变批次,3a5d875afbc06a8c4e2c1bfabdef47e60bab08f23564741f433dc66b18ada1f9,78add932069d9cb7dc25e318a4177c8ffd63c1d3a2528fb9b33fac16ecb46488,2a831582b6592ce698cc112a9dce3fed048071f4ad9b9c1dc6d41b46276e0f0b,未知,未知,未取得
source-identity-field-evidence-20260807T182456+0800-44d9871dc3b2,ZI-14f914d1a3448c90648032d9,DS-000062,候选数据文件,ETH,未知,未知,未知,未知,未知,未知,未知,未知,未知,无法判定,白名单普通文件stat与冻结输入一致,未读取文件正文；字段语义和授权边界未证明,提供当前版本字段级身份、Schema和授权边界证据后新建不可变批次,5710a895d201ba1fbc94beb00d9e2422377065f1fd515e16b50be19199c8a5ec,f535f95e1151771d3a7ee809e0a4071295c3970ea3b5141d36e8d884304bbabf,478afa785cb162ffca850bf1ad2f013152087d3d799fbc3365314d04821e183b,未知,未知,未取得
source-identity-field-evidence-20260807T182456+0800-44d9871dc3b2,ZI-f5bddcb87511d45ac7c5987a,DS-000063,候选数据文件,ETH,未知,未知,未知,未知,未知,未知,未知,未知,未知,无法判定,白名单普通文件stat与冻结输入一致,未读取文件正文；字段语义和授权边界未证明,提供当前版本字段级身份、Schema和授权边界证据后新建不可变批次,26a4dec78e9ebed059e05fe413141f5a5cc7f1dfcb2dd638b319e4006f4ae6b7,a2ab5a0b3f6041379a35419a360de8ff9bb8c290cc73117b6b85c8842f310bda,11df9355ea4b904c28e7114530a5f39a60c658dc54bfdff2b1ae422bf6fb798a,未知,未知,未取得
source-identity-field-evidence-20260807T182456+0800-44d9871dc3b2,ZI-fd3d75813aed695a0688a269,DS-000064,候选数据文件,ETH,未知,未知,未知,未知,未知,未知,未知,未知,未知,无法判定,白名单普通文件stat与冻结输入一致,未读取文件正文；字段语义和授权边界未证明,提供当前版本字段级身份、Schema和授权边界证据后新建不可变批次,f1f6b00f8921b2167b1f004ba0cb0abd4ef1f7fa7f4123aa449bed5a319e5b47,8dbaa55e74e72634f75fc6db93f4ea9bb24028d0c4c112b551a303e220119435,3fd0878c19d159db65b55bd08ae55a2a226237ca9f10e924064399656da0d99c,未知,未知,未取得
source-identity-field-evidence-20260807T182456+0800-44d9871dc3b2,ZI-6d753e7102fc438113a8a225,DS-000065,候选数据文件,ETH,未知,未知,未知,未知,未知,未知,未知,未知,未知,无法判定,白名单普通文件stat与冻结输入一致,未读取文件正文；字段语义和授权边界未证明,提供当前版本字段级身份、Schema和授权边界证据后新建不可变批次,eab3d84b522308f2ae60c693e4d4eaa4a5821cd91eba8b0d32793da5476732a3,6387c962d137903b08ebb9b120edf7282b1f0e1be374a94e2a082ff0e17584fb,3328ef6df19c06fc3968cec9557c82ddcbec9e695cf92c614c7b7c31bad028bf,未知,未知,未取得
source-identity-field-evidence-20260807T182456+0800-44d9871dc3b2,ZI-cdc9825ab05b1fb6098704fa,DS-000066,候选数据文件,ETH,未知,未知,未知,未知,未知,未知,未知,未知,未知,无法判定,白名单普通文件stat与冻结输入一致,未读取文件正文；字段语义和授权边界未证明,提供当前版本字段级身份、Schema和授权边界证据后新建不可变批次,b4c1118b099f8af0e0124bcd8ab32c7080e4c77c9db562d06a2ddfb0aaef470f,57c4235455d4808409fdc2278426e38182c6c3c3827203db762f589cd079530e,b74dba6a0be630fa54c33c42beda67a3a897525a909a41e017ba6f890ce1c60d,未知,未知,未取得
source-identity-field-evidence-20260807T182456+0800-44d9871dc3b2,ZI-debdc43209a47ad26d2b1bd3,DS-000067,候选数据文件,ETH,未知,未知,未知,未知,未知,未知,未知,未知,未知,无法判定,白名单普通文件stat与冻结输入一致,未读取文件正文；字段语义和授权边界未证明,提供当前版本字段级身份、Schema和授权边界证据后新建不可变批次,0aacf650e5c210dc3a2f861d8ec121819cbf065be98ebffdaefac4f009fe321b,83f8c6caaf440c8814a607fde4e813ca84cd2e0da37e07e652d32795cd62ab74,23218e309fc135f93f585cef714bd837583e3b070079180e3a98a56c931eaf33,未知,未知,未取得
source-identity-field-evidence-20260807T182456+0800-44d9871dc3b2,ZI-7d00e7e8b9a85ec6bb065156,DS-000068,候选数据文件,ETH,未知,未知,未知,未知,未知,未知,未知,未知,未知,无法判定,白名单普通文件stat与冻结输入一致,未读取文件正文；字段语义和授权边界未证明,提供当前版本字段级身份、Schema和授权边界证据后新建不可变批次,db30c154a1919ffb0c2c0e6029d2f69014247f83417003c9f872c26cf0a21977,39464a8c409c377dc4b79887f29ac50c130ffb25a0ebe0047bc259bbd40b189f,90a5ab8ee8d158b211202fc4ae249bdc1f542daf627f0405ed6f96035773185a,未知,未知,未取得
source-identity-field-evidence-20260807T182456+0800-44d9871dc3b2,ZI-130612ec6f518786293a81bb,DS-000069,候选数据文件,ETH,未知,未知,未知,未知,未知,未知,未知,未知,未知,无法判定,白名单普通文件stat与冻结输入一致,未读取文件正文；字段语义和授权边界未证明,提供当前版本字段级身份、Schema和授权边界证据后新建不可变批次,94ab5dc58dcd90b5be0cd9c24412f3966fe4b99eb33d8a5f3620a6854ac8143e,7118c13d82522e2144003b26e3bf5ffcd56b10839c904f0ee6595877300ad810,d684b4883cb520ee53e7ca3fc851234b6468af7ee4550291c5521e9a3b299df3,未知,未知,未取得
source-identity-field-evidence-20260807T182456+0800-44d9871dc3b2,ZI-65b40787d4fc73554e42a24e,DS-000070,候选数据文件,ETH,未知,未知,未知,未知,未知,未知,未知,未知,未知,无法判定,白名单普通文件stat与冻结输入一致,未读取文件正文；字段语义和授权边界未证明,提供当前版本字段级身份、Schema和授权边界证据后新建不可变批次,b04d9cf5f0550dd3b100f17db6b09f4e9755f27bc2dfb80444837b7bdeece9f7,260547bdd88ddc589669bc68f9ef207f77ef6167aa43a77a29edc8129a726484,f1829565b045c27c91458e124d5edb14fbfff418502baa09b3c7d29bf50f5bdb,未知,未知,未取得
source-identity-field-evidence-20260807T182456+0800-44d9871dc3b2,ZI-2e5b11987f0893e154b4a226,DS-000071,候选数据文件,ETH,未知,未知,未知,未知,未知,未知,未知,未知,未知,无法判定,白名单普通文件stat与冻结输入一致,未读取文件正文；字段语义和授权边界未证明,提供当前版本字段级身份、Schema和授权边界证据后新建不可变批次,0862e2f5ee203957cf6bdf9e0cccea6c1bd224b6343746e2c26cb9d1aefecc2a,40efbd0d502ac58cece4ad0eca0ba850d7b0b29c27d3b76b4e4a2f5c7e3c3468,90d1ad534b364585893fa44428dab3b0ed3b438f8673acf3e888eb86c7f85824,未知,未知,未取得
source-identity-field-evidence-20260807T182456+0800-44d9871dc3b2,ZI-8a724c2b2b2310e8ea456a6c,DS-000072,候选数据文件,ETH,未知,未知,未知,未知,未知,未知,未知,未知,未知,无法判定,白名单普通文件stat与冻结输入一致,未读取文件正文；字段语义和授权边界未证明,提供当前版本字段级身份、Schema和授权边界证据后新建不可变批次,15027222020681861caf23abd321393fbb4237b3f83100c4b4534386b40b95c7,f6e0f8eab71e6d97b7396243d80a59af21a70edd72fc324bcb8f8bb248c73cb7,3b7c3efe51452de768eb0d74e4b5443efcd0c3fc55e16ab617db327af0a96f78,未知,未知,未取得
source-identity-field-evidence-20260807T182456+0800-44d9871dc3b2,ZI-8ff34b76a144e3416ff2ba0a,DS-000073,候选数据文件,ETH,未知,未知,未知,未知,未知,未知,未知,未知,未知,无法判定,白名单普通文件stat与冻结输入一致,未读取文件正文；字段语义和授权边界未证明,提供当前版本字段级身份、Schema和授权边界证据后新建不可变批次,2deca25c4bce98ed07321e7eac5d762f307f7f056c5ce4b08ebd7b4b8f4c7364,826199c8dcdf88fe5bd8f94499e5ed3e390bba7f2defc44194b48a71ac369aad,881592122417e2584d3ea9d056f50c1f4b4020af3a915c1d62521889fb725f1a,未知,未知,未取得
source-identity-field-evidence-20260807T182456+0800-44d9871dc3b2,ZI-2dab989667e2e000a36be458,DS-000074,候选数据文件,ETH,未知,未知,未知,未知,未知,未知,未知,未知,未知,无法判定,白名单普通文件stat与冻结输入一致,未读取文件正文；字段语义和授权边界未证明,提供当前版本字段级身份、Schema和授权边界证据后新建不可变批次,ac5b354c4a5253401a4abe672fd70623e5d2f3a6022e2de9dfe19e3d64c073bb,bdd7c3a343cc29003be15c75d115f08008758666888cea8e08d62f4c328269ab,dfa11fd801611dfca0444f80a86541ef1d959f9911e7e5b1aa307878b672584c,未知,未知,未取得
source-identity-field-evidence-20260807T182456+0800-44d9871dc3b2,ZI-34c79640d21e2dca7bd200b8,DS-000075,候选数据文件,ETH,未知,未知,未知,未知,未知,未知,未知,未知,未知,无法判定,白名单普通文件stat与冻结输入一致,未读取文件正文；字段语义和授权边界未证明,提供当前版本字段级身份、Schema和授权边界证据后新建不可变批次,e5adabe624a278724b6ce1f97aeb2e7478b7ef0b117219951e3dd57b9a70dab7,97686a91de67ce2031e10fccecf16ccf9571e149dc532e0b7263f279d4d5102c,563480efc11a926d91d83211a5a171929c01a78d1f047033818d329b4cf25e3b,未知,未知,未取得
source-identity-field-evidence-20260807T182456+0800-44d9871dc3b2,ZI-71226df9ffc076a6def96779,DS-000076,候选数据文件,ETH,未知,未知,未知,未知,未知,未知,未知,未知,未知,无法判定,白名单普通文件stat与冻结输入一致,未读取文件正文；字段语义和授权边界未证明,提供当前版本字段级身份、Schema和授权边界证据后新建不可变批次,e8f121115255b3f336495618342f8a1f0e4377727cdcd8fbf7e7f6007899d3c1,79cbf0a566d3199a656ca9e5c521edf31628a1c9ef09fe25c1ecd9cdf6b31ba9,1a5bc1331debe607cad9e800dc1305cc508839aa27459eab0a9c5a94f742d5fc,未知,未知,未取得
source-identity-field-evidence-20260807T182456+0800-44d9871dc3b2,ZI-b211253f6cb6a849fbcb8b9b,DS-000077,候选数据文件,ETH,未知,未知,未知,未知,未知,未知,未知,未知,未知,无法判定,白名单普通文件stat与冻结输入一致,未读取文件正文；字段语义和授权边界未证明,提供当前版本字段级身份、Schema和授权边界证据后新建不可变批次,b93cbc4a97f28e776414cc96ef1c9b6d33baf46dedf6542fc40b5f24ebb90aab,61df4a74979d22c8386e96f10d0a553bd24e73235e25e1580b0cc8cf9a897868,da6b7cc07f9f76cd9dd73bcc17865e751a6f9c070178dd345a248feab3b9f3cb,未知,未知,未取得
source-identity-field-evidence-20260807T182456+0800-44d9871dc3b2,ZI-3be31e2ad7066adca6b49b55,DS-000078,候选数据文件,ETH,未知,未知,未知,未知,未知,未知,未知,未知,未知,无法判定,白名单普通文件stat与冻结输入一致,未读取文件正文；字段语义和授权边界未证明,提供当前版本字段级身份、Schema和授权边界证据后新建不可变批次,9ff25aec656063d50358c451f21569aac06eaec60abb7eb1209d023004fcd058,115d4008ce6ea5c90d85d11abeae957d5a671964d81f974d5a992177243f779a,d76a8f01d746656e65b284d22ac20301aca4ffae108338a4efaa927adfc0264d,未知,未知,未取得
source-identity-field-evidence-20260807T182456+0800-44d9871dc3b2,ZI-f028549bbcd5063bf447769f,DS-000079,候选数据文件,ETH,未知,未知,未知,未知,未知,未知,未知,未知,未知,无法判定,白名单普通文件stat与冻结输入一致,未读取文件正文；字段语义和授权边界未证明,提供当前版本字段级身份、Schema和授权边界证据后新建不可变批次,2b9634a627f69599a77aa29fa4a7056feb846f6a024ecdb8f55a1c04aa95fea2,c5cd3bce5007ac92933e60d378593116723a4b800561f913510e8091e8e7fe30,88053deed64f7f345c02ad467c2fe1a6cad7d73a30dab20eb767a64147161707,未知,未知,未取得
source-identity-field-evidence-20260807T182456+0800-44d9871dc3b2,ZI-5cb1f0e0a0d3ea04cec7f2db,DS-000080,候选数据文件,ETH,未知,未知,未知,未知,未知,未知,未知,未知,未知,无法判定,白名单普通文件stat与冻结输入一致,未读取文件正文；字段语义和授权边界未证明,提供当前版本字段级身份、Schema和授权边界证据后新建不可变批次,3af20a52811a89980b8cf09252253e548c5f6c7fe76c96012651febe29bb1e22,4d077d5da0d3e9c9f67d2992973f2760e6b98525131c5ab0624810e51c39a022,41b260919f9e390b14e5090b30cf0ff453cd7082e5f1c7915f8390d0b314d7e5,未知,未知,未取得
source-identity-field-evidence-20260807T182456+0800-44d9871dc3b2,ZI-c554be2524b6ac56420322df,DS-000081,候选数据文件,ETH,未知,未知,未知,未知,未知,未知,未知,未知,未知,无法判定,白名单普通文件stat与冻结输入一致,未读取文件正文；字段语义和授权边界未证明,提供当前版本字段级身份、Schema和授权边界证据后新建不可变批次,b20c3eb4b0ee8495a9cdc66b7a345404f395cee265413ff67af9890cc47ff5f5,54422d4909a4960a4d7331e391fbbcc83777712dfc4737ff27277d0948eedb1b,11696f0fe40f6fcd5f7f9c6cfb564665c4477f53c89d031eb362bfce014c4229,未知,未知,未取得
source-identity-field-evidence-20260807T182456+0800-44d9871dc3b2,ZI-4436ad9b42c6f806385bd6b4,DS-000082,候选数据文件,ETH,未知,未知,未知,未知,未知,未知,未知,未知,未知,无法判定,白名单普通文件stat与冻结输入一致,未读取文件正文；字段语义和授权边界未证明,提供当前版本字段级身份、Schema和授权边界证据后新建不可变批次,a3c34f7777e1788e6f6a999275acf640777e31dfb5589bc25492af521c3e994a,0435ede7c5472da3d5936b146a657b5d68efe00ac527b58dc338b3dba49fbc07,f415cd79381feaaa2a7122f033d16e222b0d3920c004d976806d0f0c3fc9b638,未知,未知,未取得
source-identity-field-evidence-20260807T182456+0800-44d9871dc3b2,ZI-dc802620a1660401748ba4f1,DS-000083,候选数据文件,ETH,未知,未知,未知,未知,未知,未知,未知,未知,未知,无法判定,白名单普通文件stat与冻结输入一致,未读取文件正文；字段语义和授权边界未证明,提供当前版本字段级身份、Schema和授权边界证据后新建不可变批次,2451e8638c8430d0a501abd81a4c6d6bf80512a1dab2010897c17132c0c7480e,e3deb136ba4e956c481fceb790593ade1914e7107ac07805e49161a472645ac7,45da707993d3a5953cef573960bffca5e1c43c455ca502ba31b1de9977b6ef19,未知,未知,未取得
source-identity-field-evidence-20260807T182456+0800-44d9871dc3b2,ZI-3f209003d99517aaa9d196de,DS-000084,候选数据文件,ETH,未知,未知,未知,未知,未知,未知,未知,未知,未知,无法判定,白名单普通文件stat与冻结输入一致,未读取文件正文；字段语义和授权边界未证明,提供当前版本字段级身份、Schema和授权边界证据后新建不可变批次,445c3db6bd19d4f5548639c800454f126f0076372a493802613cf5800bcfd8e3,49e3f63d12972a141e57d1ff1c817704540ad8a4c86cc40fbfc48500cd91bafd,1627d2ce3931222d9950f7b39987401a1abd6972be4c0bcba4f9db725567fd40,未知,未知,未取得
source-identity-field-evidence-20260807T182456+0800-44d9871dc3b2,ZI-1e587b9ca43b8ecb01a08a67,DS-000085,候选数据文件,ETH,未知,未知,未知,未知,未知,未知,未知,未知,未知,无法判定,白名单普通文件stat与冻结输入一致,未读取文件正文；字段语义和授权边界未证明,提供当前版本字段级身份、Schema和授权边界证据后新建不可变批次,0c7eaabb88f378576b9d9ce30a667c481c9cbc99a6f7eb7d7d491544477e4ffe,bd04559568e7b5854350fc6bf1aa17365616fd160bbb17b54414b4e78964e43a,759b9ce82b4b17bd9c20fba7124dbd019154e73a262d64ed8af2b603ccb09479,未知,未知,未取得
source-identity-field-evidence-20260807T182456+0800-44d9871dc3b2,ZI-bba6b24de803c01632b44a91,DS-000086,候选数据文件,ETH,未知,未知,未知,未知,未知,未知,未知,未知,未知,无法判定,白名单普通文件stat与冻结输入一致,未读取文件正文；字段语义和授权边界未证明,提供当前版本字段级身份、Schema和授权边界证据后新建不可变批次,0eb4a4f4f4e4a1068ec372fdf0f11c08153f6b1bc3cd56a5c0c94960d1e62b09,6659a8631b946c064283da398de002a1b33ab7efa13b15bc636cdab72a9cecf3,86dfb0e0691ab5ff23c625dc229b635d3a7747eafd093b5f3339ca42e7b293ee,未知,未知,未取得
source-identity-field-evidence-20260807T182456+0800-44d9871dc3b2,ZI-baea0c9ad86775e8eca92410,DS-000087,候选数据文件,ETH,未知,未知,未知,未知,未知,未知,未知,未知,未知,无法判定,白名单普通文件stat与冻结输入一致,未读取文件正文；字段语义和授权边界未证明,提供当前版本字段级身份、Schema和授权边界证据后新建不可变批次,cb5a9125a33ceff9a40988e72821717f085ad2c21526cf39088cb344195f21c1,07cddb4bb4af5450ed5f9a54f6ed4bbd0e88b471444f94459bda49a04d2a2741,86119e2c16a8fb85464f99ed8c30edafb30ce1bd07eb3353dcbe4d5d3b21be96,未知,未知,未取得
source-identity-field-evidence-20260807T182456+0800-44d9871dc3b2,ZI-e900cf4aa30a969caaffd8a6,DS-000088,候选数据文件,ETH,未知,未知,未知,未知,未知,未知,未知,未知,未知,无法判定,白名单普通文件stat与冻结输入一致,未读取文件正文；字段语义和授权边界未证明,提供当前版本字段级身份、Schema和授权边界证据后新建不可变批次,bdf4657f0758c3c4568e041dea286a8841995e2061be6660ddc80d52cb73fd57,cf36779fea0940aaf600eb4f3b74207fcbde01a02fa27acda4edd3bfb42017b0,3bfdf951b7306a452f18e67c79679ff92b997b6731cadbc88b8bbf3322d81d97,未知,未知,未取得
source-identity-field-evidence-20260807T182456+0800-44d9871dc3b2,ZI-fdc48fd4c41a97f34f51f46e,DS-000089,候选数据文件,ETH,未知,未知,未知,未知,未知,未知,未知,未知,未知,无法判定,白名单普通文件stat与冻结输入一致,未读取文件正文；字段语义和授权边界未证明,提供当前版本字段级身份、Schema和授权边界证据后新建不可变批次,c17e9de0d77f02429c2bf544f7e87a0be9fbf10f1ca0309af848cab64647df44,de6048e7e361019ddb11dbe1907806fa5e2c80d683dd3cfcb2104e201189d76a,8ed8e67c4071c8844498390f83c2b1e815a37d12f9b09cd33f7f3c57de8eaab2,未知,未知,未取得
source-identity-field-evidence-20260807T182456+0800-44d9871dc3b2,ZI-cfde254fa2f17eff06fd22c0,DS-000090,候选数据文件,ETH,未知,未知,未知,未知,未知,未知,未知,未知,未知,无法判定,白名单普通文件stat与冻结输入一致,未读取文件正文；字段语义和授权边界未证明,提供当前版本字段级身份、Schema和授权边界证据后新建不可变批次,7455cb004fd8f92bf11aba3294a88df82c2f66ca25872225ffb0d58a6c649e95,b28e58392fd16f646c815a58cb6b11fc8d5c2850efa90fbcb9c52d5bf37129e6,1d17fe08037da06dd4543c12da35b5d379159cf8ea94d04334aabb456d6f9f7d,未知,未知,未取得
source-identity-field-evidence-20260807T182456+0800-44d9871dc3b2,ZI-e753f977d37bf709ca92ee4e,DS-000091,候选数据文件,ETH,未知,未知,未知,未知,未知,未知,未知,未知,未知,无法判定,白名单普通文件stat与冻结输入一致,未读取文件正文；字段语义和授权边界未证明,提供当前版本字段级身份、Schema和授权边界证据后新建不可变批次,0c82b4ff49875c233adadf63c84b19abc1ddf2bd99291782e3aaaea7ddb51ca4,551533c298a6ded30ef5518148310f288cee37ad4bfad06d1c68c7f0a8f40d39,7c98dbb5c83052ae8179f60e6dc17d6f35ae970d5974d94c8d93dd16895c2b04,未知,未知,未取得
source-identity-field-evidence-20260807T182456+0800-44d9871dc3b2,ZI-711cc9b300fc5737cb6a1fe0,DS-000092,候选数据文件,ETH,未知,未知,未知,未知,未知,未知,未知,未知,未知,无法判定,白名单普通文件stat与冻结输入一致,未读取文件正文；字段语义和授权边界未证明,提供当前版本字段级身份、Schema和授权边界证据后新建不可变批次,310f779c52d0802aa60fb5bcd2f1f07defbd477d6b7f609c42dd252100540981,79b7b9d80cedc778e036637a34929083739aeec12a8118e5216870e498fb450f,d91d9f3fad50852f36481b5f9b5d3b8d57881dbc04c3f652b8cd99969ba36917,未知,未知,未取得
source-identity-field-evidence-20260807T182456+0800-44d9871dc3b2,ZI-3b1ff874ffa2b6e111f84a57,DS-000093,候选数据文件,ETH,未知,未知,未知,未知,未知,未知,未知,未知,未知,无法判定,白名单普通文件stat与冻结输入一致,未读取文件正文；字段语义和授权边界未证明,提供当前版本字段级身份、Schema和授权边界证据后新建不可变批次,a283d773fa26d2d545695ee035f7474a83e0e8dd4bd32d0f6c12c203d554e5c0,69ed92142bb286714c6c72b0b0121e5e33f9d3f6442d93d9154e72fecd78f7d0,71e9715e5e7b307ae2e7f64a15ab7ee518dc94ee5a608a8933450fc323cafef7,未知,未知,未取得
source-identity-field-evidence-20260807T182456+0800-44d9871dc3b2,ZI-5dd1eab4bb5048a6948ebba2,DS-000094,候选数据文件,ETH,未知,未知,未知,未知,未知,未知,未知,未知,未知,无法判定,白名单普通文件stat与冻结输入一致,未读取文件正文；字段语义和授权边界未证明,提供当前版本字段级身份、Schema和授权边界证据后新建不可变批次,5723e42924486a24e269f2e46f3642ec86fbf87cd739ce95b2730238c768c4a8,6224c51f1c823f161837838caaad036d05bcbf811e74c8d42e25579426e84628,dae82d706038bc1daca573d4bbb211cc4930aeb310bc3e224391c62b3ca8978e,未知,未知,未取得
source-identity-field-evidence-20260807T182456+0800-44d9871dc3b2,ZI-0f98b4ccb582f8d46f4bde26,DS-000095,候选数据文件,ETH,未知,未知,未知,未知,未知,未知,未知,未知,未知,无法判定,白名单普通文件stat与冻结输入一致,未读取文件正文；字段语义和授权边界未证明,提供当前版本字段级身份、Schema和授权边界证据后新建不可变批次,e5df3b09a4f4f2fbc001e29f4f2ed9625f6b62ea788160f56763679ae5a7fd21,b5eeaf20a43d6b057df6fef3b7d0ae1650684305318322d9995c9ba4f231ed78,089022a554163840d61a0e3a2b06c919bb8a998c9e5f5eb3d6397c8b6becbf95,未知,未知,未取得
source-identity-field-evidence-20260807T182456+0800-44d9871dc3b2,ZI-95e4aaf87cde52b43836becd,DS-000096,候选数据文件,ETH,未知,未知,未知,未知,未知,未知,未知,未知,未知,无法判定,白名单普通文件stat与冻结输入一致,未读取文件正文；字段语义和授权边界未证明,提供当前版本字段级身份、Schema和授权边界证据后新建不可变批次,ba6d3ff4ffef24004405e028478940e5ab58886fe03296e15653487d2a406dee,fa4fbfc78fa22a6018b3696481b44652fbb975ab8601b3e46c11b7ba77a99eef,9fa8efd169bfd518caa112dc530dd861cd63b0fb5ed71594e5688d3b66dc9602,未知,未知,未取得
source-identity-field-evidence-20260807T182456+0800-44d9871dc3b2,ZI-742fac6725a335ceef60c1cd,DS-000097,候选数据文件,ETH,未知,未知,未知,未知,未知,未知,未知,未知,未知,无法判定,白名单普通文件stat与冻结输入一致,未读取文件正文；字段语义和授权边界未证明,提供当前版本字段级身份、Schema和授权边界证据后新建不可变批次,8228c63ea9d98b795581957c34ac1ce53475f0d389e891c8c45f6a90e39e5f52,221a879dd66cda48ce4c86281d8ce054b31a50da14eb9c663214abd157976c65,69466ca4cef48ccb114c5b39ea12f952f0e12c3b4e32775fdfef09ec30639333,未知,未知,未取得
source-identity-field-evidence-20260807T182456+0800-44d9871dc3b2,ZI-ecec677fbed31df69a769cbd,DS-000098,候选数据文件,ETH,未知,未知,未知,未知,未知,未知,未知,未知,未知,无法判定,白名单普通文件stat与冻结输入一致,未读取文件正文；字段语义和授权边界未证明,提供当前版本字段级身份、Schema和授权边界证据后新建不可变批次,b36b9fceb03833c0e0d70c168c701624f3141e4ed9eff163a784fd829f7e31d7,68a71caa3607d95d00ca99095961cc8ff6cbc57fe06c654533d7171b232b271e,8c4f9615ddb565bcf07587afebdbe4e7bdd459447c9c24ee65ca62939654cb79,未知,未知,未取得
source-identity-field-evidence-20260807T182456+0800-44d9871dc3b2,ZI-3001a9d0489e5be46b832a12,DS-000099,候选数据文件,ETH,未知,未知,未知,未知,未知,未知,未知,未知,未知,无法判定,白名单普通文件stat与冻结输入一致,未读取文件正文；字段语义和授权边界未证明,提供当前版本字段级身份、Schema和授权边界证据后新建不可变批次,406902f70179ec4296dab8c11df609ebd2db5dba4451dedd8e129a2be9025ef0,2db718362d7c8d9fad308040714d944633f02af768db676c12c1d797875d79df,8c95682e938e76b5629751893f2dd02e8adf03d75161f321839192777a05d993,未知,未知,未取得
source-identity-field-evidence-20260807T182456+0800-44d9871dc3b2,ZI-743a833f1fa4bc66ed849c8d,DS-000100,候选数据文件,ETH,未知,未知,未知,未知,未知,未知,未知,未知,未知,无法判定,白名单普通文件stat与冻结输入一致,未读取文件正文；字段语义和授权边界未证明,提供当前版本字段级身份、Schema和授权边界证据后新建不可变批次,fe048a02588b3cc749889b703140b2600f164dd21a8297092b0703089ac5e81e,f2fefe955ddeb2a95173277492cc1ecd136cb5ff5ae61f7ea09310e6180c3801,cdcd53ec9d3ef7dfdd72ead46f2c02a4ff00c998a33acb50c401650d85c3a9b9,未知,未知,未取得
source-identity-field-evidence-20260807T182456+0800-44d9871dc3b2,ZI-dd87780399e2768f46489851,DS-000101,候选数据文件,ETH,未知,未知,未知,未知,未知,未知,未知,未知,未知,无法判定,白名单普通文件stat与冻结输入一致,未读取文件正文；字段语义和授权边界未证明,提供当前版本字段级身份、Schema和授权边界证据后新建不可变批次,ea8e64d81a49f583be20253df94bb10447a84f34924a81ea484985df8de14bc5,b2f24335a54368d7f18e325e33b3d31303b48887e9b936a2d37b906458d429f2,f8b136c11bb5a84bb4dca9c95cd8d64bff6eda1f00b5dcee3b604bbd0ff13297,未知,未知,未取得
source-identity-field-evidence-20260807T182456+0800-44d9871dc3b2,ZI-7deee960deaf332a7fb18c84,DS-000102,候选数据文件,ETH,未知,未知,未知,未知,未知,未知,未知,未知,未知,无法判定,白名单普通文件stat与冻结输入一致,未读取文件正文；字段语义和授权边界未证明,提供当前版本字段级身份、Schema和授权边界证据后新建不可变批次,abfb99f6151387ef4ff78a22a9fd233763a7a49d18bf50e5df9ba77c6b3c3f00,62ea4be90b6faf8dcef548ece10034af7541faf80e2328a8d6db43b17350f0a1,a272e92dd2b0f797ac0c630fc09237016b8efedb8c6602c179a83d5d35212016,未知,未知,未取得
source-identity-field-evidence-20260807T182456+0800-44d9871dc3b2,ZI-a493b07d62fd443bdd97d178,DS-000103,候选数据文件,ETH,未知,未知,未知,未知,未知,未知,未知,未知,未知,无法判定,白名单普通文件stat与冻结输入一致,未读取文件正文；字段语义和授权边界未证明,提供当前版本字段级身份、Schema和授权边界证据后新建不可变批次,eb07628cb6a921195379d64475122a7143d0631cf42e25bfa01dcd7daaceb638,1db53b61d32c8c549f51a67b0ae8d1d57d0ce795dbc41a08682eda0d2aa7901a,ab0ca04577aabc320b9c8b4ace3730560e7b0bceaaa1c4d0b7f6a78ec7a0f7bb,未知,未知,未取得
source-identity-field-evidence-20260807T182456+0800-44d9871dc3b2,ZI-e84f5005324efc7b720a762c,DS-000104,候选数据文件,ETH,未知,未知,未知,未知,未知,未知,未知,未知,未知,无法判定,白名单普通文件stat与冻结输入一致,未读取文件正文；字段语义和授权边界未证明,提供当前版本字段级身份、Schema和授权边界证据后新建不可变批次,ef28cdf12ca8827b2378c7e1e803ead3e3cf993ed1c368426155024fdc6c8959,5958d99101d30ff11115a26a83dd21621991ea336a3b782e00e110fc22348ff2,3b513c4967d9ebb3f01305843c39607a1182038a1ef5d35aa4df73c71ebb8d2c,未知,未知,未取得
source-identity-field-evidence-20260807T182456+0800-44d9871dc3b2,ZI-19e19ce30e7439b2c988cfa6,DS-000105,候选数据文件,ETH,未知,未知,未知,未知,未知,未知,未知,未知,未知,无法判定,白名单普通文件stat与冻结输入一致,未读取文件正文；字段语义和授权边界未证明,提供当前版本字段级身份、Schema和授权边界证据后新建不可变批次,6ebf6d7a8a93d298f90f71a5732fabad965efedd59ad24025ceef2bff1413bc0,e380377d40e5ec5c931d4b45978ab47c26ae8e1ab61818007fb34d2d930000ba,e3454090cb30f9221f8e57a2a002ee2d535cde61d577be765593c8aafa21b875,未知,未知,未取得
source-identity-field-evidence-20260807T182456+0800-44d9871dc3b2,ZI-291baf907867fa7c649cb7b1,DS-000106,候选数据文件,ETH,未知,未知,未知,未知,未知,未知,未知,未知,未知,无法判定,白名单普通文件stat与冻结输入一致,未读取文件正文；字段语义和授权边界未证明,提供当前版本字段级身份、Schema和授权边界证据后新建不可变批次,7d452e0b77d3aca62618b2d4f776cb3ea7dd8bbc606f9df2cbaf4074a6486b29,6ceeab54f876facdd576efd11f634acf582c673630f79e97b1f25fd5ce7bb8fa,622fbaa30ddaf656a9e4f7629ff4a7a5ce037910995eb33bbe25ffed855658f0,未知,未知,未取得
source-identity-field-evidence-20260807T182456+0800-44d9871dc3b2,ZI-6f787d1796ce9df86089ddcc,DS-000107,候选数据文件,ETH,未知,未知,未知,未知,未知,未知,未知,未知,未知,无法判定,白名单普通文件stat与冻结输入一致,未读取文件正文；字段语义和授权边界未证明,提供当前版本字段级身份、Schema和授权边界证据后新建不可变批次,1c779a884c12e4f411a9bc59ae6b87246c2b0b62333aded6984e1b65fb366d58,4872f31d11e294cda7ea74c1a3350f0e509cdef6755a85bf2165ca9644841ac2,a05355c3369fc45ca923a7f4ac385add43aaea514dbf3e9b7b16408b67a85266,未知,未知,未取得
source-identity-field-evidence-20260807T182456+0800-44d9871dc3b2,ZI-b00286467d2ee7ccd3b8f3ba,DS-000108,候选数据文件,ETH,未知,未知,未知,未知,未知,未知,未知,未知,未知,无法判定,白名单普通文件stat与冻结输入一致,未读取文件正文；字段语义和授权边界未证明,提供当前版本字段级身份、Schema和授权边界证据后新建不可变批次,d97b0d962760ad3eb6a51747d90bfdd9e3b6bf31767c9aba88aff9714b5456bc,573719416fe84a1b01d298333b96c93edbccb8a8a7821f797c3cd399f08c6285,83b21609abc9ce0c3c39bbc3059e6edccb0ba9f8c5231f20f56746ad6d41d18a,未知,未知,未取得
source-identity-field-evidence-20260807T182456+0800-44d9871dc3b2,ZI-3fd7398488e745c2955a3082,DS-000109,候选数据文件,ETH,未知,未知,未知,未知,未知,未知,未知,未知,未知,无法判定,白名单普通文件stat与冻结输入一致,未读取文件正文；字段语义和授权边界未证明,提供当前版本字段级身份、Schema和授权边界证据后新建不可变批次,33906bd2fcfd7bb1f16e12c0fbcf5a32d3eb963960a0412d88b1a5531531d280,9cbfa00c5a5b24e2eff5fc46e1937569fd7d65ddf23ce88aa82d2b6904e29cd0,8dfb5cb9f9640aef6354b072b9d1aa1f613b0db099614ed6c4261f4055f91b2c,未知,未知,未取得
source-identity-field-evidence-20260807T182456+0800-44d9871dc3b2,ZI-522f5f18a2c43298e44a26a4,DS-000110,候选数据文件,ETH,未知,未知,未知,未知,未知,未知,未知,未知,未知,无法判定,白名单普通文件stat与冻结输入一致,未读取文件正文；字段语义和授权边界未证明,提供当前版本字段级身份、Schema和授权边界证据后新建不可变批次,0d59d080eb816bb6a7d5088cc871bec5cdc058074ced8ee38b7ac5e06efec7ea,37bd0442a6b034cce7e3cbedcfe9e11769f91c60864d783ee7d33fb70d69e111,615a350c41a960abd5405dd1031dbb4db4d11d24ce8dc44e53ecd9266133379e,未知,未知,未取得
source-identity-field-evidence-20260807T182456+0800-44d9871dc3b2,ZI-948caf7a69652dd732dcf038,DS-000111,候选数据文件,ETH,未知,未知,未知,未知,未知,未知,未知,未知,未知,无法判定,白名单普通文件stat与冻结输入一致,未读取文件正文；字段语义和授权边界未证明,提供当前版本字段级身份、Schema和授权边界证据后新建不可变批次,ecd8dfcecf158d395dac3a1c91df7786242adf9d0122c34ec458be58d766663f,e74f9e72cf7defd6cba05a434e4885b86e8f9c558cfb7c83d18928f775535b59,5e024944489810a16b0253031319d58fb66647e7cc74c73001ae84093230fb51,未知,未知,未取得
source-identity-field-evidence-20260807T182456+0800-44d9871dc3b2,ZI-124ef7ebc1f1526ac48dfd87,DS-000112,候选数据文件,ETH,未知,未知,未知,未知,未知,未知,未知,未知,未知,无法判定,白名单普通文件stat与冻结输入一致,未读取文件正文；字段语义和授权边界未证明,提供当前版本字段级身份、Schema和授权边界证据后新建不可变批次,290fec9c99843ff43e2fa44b0685ae754abd94ccb79d11168effc2e257574e21,cb93824f4ddb117a067e61faa18d9e5d082480cbf406a978bddea9995c8b6644,18c1b7ccb3c2e9545a1a5365a1d3706e6d062daa0db9beb9ead3482774bd564e,未知,未知,未取得
source-identity-field-evidence-20260807T182456+0800-44d9871dc3b2,ZI-b71a6fbf1eb839e99aabcaa0,DS-000113,候选数据文件,ETH,未知,未知,未知,未知,未知,未知,未知,未知,未知,无法判定,白名单普通文件stat与冻结输入一致,未读取文件正文；字段语义和授权边界未证明,提供当前版本字段级身份、Schema和授权边界证据后新建不可变批次,74f98b20f89a154b201438a140d3bf675ce8d06104663b525a9e689aa2eb0630,066da0764504386ba36ca6937b1ac8edc2433b9de91f129e1af919baf697722a,be170e8089f54990de271f4e619381caf7036960c8e6da08c5492ee4696e3a6a,未知,未知,未取得
source-identity-field-evidence-20260807T182456+0800-44d9871dc3b2,ZI-fb8eceb7174d542153f29b96,DS-000114,候选数据文件,ETH,未知,未知,未知,未知,未知,未知,未知,未知,未知,无法判定,白名单普通文件stat与冻结输入一致,未读取文件正文；字段语义和授权边界未证明,提供当前版本字段级身份、Schema和授权边界证据后新建不可变批次,3e3fec896b931f582dddfe469e0dbe6e470535c77e3f7299e94f387b505d440c,c823ec846a206e4958d7c386cd9a68a6ce3e2103c2cd96a27d9cd26c3ae7995c,904b25084373456dd5b57e0ce25286c78261d93c90feb9b6a7f3400b01758794,未知,未知,未取得
source-identity-field-evidence-20260807T182456+0800-44d9871dc3b2,ZI-6cadad29dd1db87bcef7f5c6,DS-000115,候选数据文件,ETH,未知,未知,未知,未知,未知,未知,未知,未知,未知,无法判定,白名单普通文件stat与冻结输入一致,未读取文件正文；字段语义和授权边界未证明,提供当前版本字段级身份、Schema和授权边界证据后新建不可变批次,afe961774296dd8e04a4684cc5642629f080a957493c1cf954cf485a7e5763ed,a9c9d0fb3ef305cc5a4b8e89472b34fca38efc75740e0b3b8c40bf1e484e0b64,732c424998a4fc825c5240ae027e06cb1288cbeadb4bf5f1a7c0c054074fe5b5,未知,未知,未取得
source-identity-field-evidence-20260807T182456+0800-44d9871dc3b2,ZI-a43c980922ba474cc2a6b934,DS-000116,候选数据文件,ETH,未知,未知,未知,未知,未知,未知,未知,未知,未知,无法判定,白名单普通文件stat与冻结输入一致,未读取文件正文；字段语义和授权边界未证明,提供当前版本字段级身份、Schema和授权边界证据后新建不可变批次,95fa942c0d61a4c0c67ab8892ee22b19e0375cf22f45b301d85fc2f861b76c4d,933d8c72c8e1c760d8895e629f6953735bd5d8551bd3b90f193b6fb70f336c07,70ae4056d295346eabfd9c063ba115bfe70403f8a15d9f62fa0c3db2557b00de,未知,未知,未取得
source-identity-field-evidence-20260807T182456+0800-44d9871dc3b2,ZI-d95e5bea4bd8595d0a07f87d,DS-000117,候选数据文件,ETH,未知,未知,未知,未知,未知,未知,未知,未知,未知,无法判定,白名单普通文件stat与冻结输入一致,未读取文件正文；字段语义和授权边界未证明,提供当前版本字段级身份、Schema和授权边界证据后新建不可变批次,2618c38b7b3a4ced21d2f84d5249058929b44abacaed04c3d7145c62a9f2bed0,ab549e81f92782716f06ca9db8d8b3518f1aef298ee1057577900f94ddc5dbd4,28082804751a0c6f23ce4913aca02249374ca766849a72ebcb9889767feff28a,未知,未知,未取得
source-identity-field-evidence-20260807T182456+0800-44d9871dc3b2,ZI-a39e4477353ef09703296a10,DS-000118,候选数据文件,ETH,未知,未知,未知,未知,未知,未知,未知,未知,未知,无法判定,白名单普通文件stat与冻结输入一致,未读取文件正文；字段语义和授权边界未证明,提供当前版本字段级身份、Schema和授权边界证据后新建不可变批次,2629abb375ff39ff81b4461aa7d5fc4b83971f1ffc8a8bab00958e8be26497cd,6bfcb365bca86add80de661d9589ba5a5f3092f72abf5de68312de236616ac56,5ec553de1ce452d3e36df4a0eecd90bff4193a6549fa4158a22d0f2485815a42,未知,未知,未取得
source-identity-field-evidence-20260807T182456+0800-44d9871dc3b2,ZI-32308f1509c687cf0f344da5,DS-000119,候选数据文件,ETH,未知,未知,未知,未知,未知,未知,未知,未知,未知,无法判定,白名单普通文件stat与冻结输入一致,未读取文件正文；字段语义和授权边界未证明,提供当前版本字段级身份、Schema和授权边界证据后新建不可变批次,f69bb9fd69717fc62e973fd0f57005c2efdfa818a0c96a38198a12dc11340bf3,b7be915dbf1b4560bf4facc027a1769c2db2cae6e25bc768efce9c98fb60794a,0e7d021b77d574e99d52c2a2b28e96ee0483cee6af359b319cb33244cc2be82f,未知,未知,未取得
source-identity-field-evidence-20260807T182456+0800-44d9871dc3b2,ZI-c8b657067197415203a4d0ab,DS-000120,候选数据文件,ETH,未知,未知,未知,未知,未知,未知,未知,未知,未知,无法判定,白名单普通文件stat与冻结输入一致,未读取文件正文；字段语义和授权边界未证明,提供当前版本字段级身份、Schema和授权边界证据后新建不可变批次,6609c14cb9bb0288b24cb453d942c7508aab48529570a4aaf23dd54ab7dcf43a,863c3cd9eb0628145b880f2d5d0035f93a647a37c79c101a0a4b05018223a2f3,d5400f7d665dc5663a74888d20c927683c3abd0f84d1009e3efa0f366cf1da20,未知,未知,未取得
source-identity-field-evidence-20260807T182456+0800-44d9871dc3b2,ZI-96e03b8dfd1417cc62d2f5c8,DS-000121,候选数据文件,ETH,未知,未知,未知,未知,未知,未知,未知,未知,未知,无法判定,白名单普通文件stat与冻结输入一致,未读取文件正文；字段语义和授权边界未证明,提供当前版本字段级身份、Schema和授权边界证据后新建不可变批次,6f11f05c8807a0f784213dce4eb03969122dc0a62e00b3d53e6bc473e342e278,b2210e94ec02fc57c3d1fefbb65694709f020c35bc59ad6aef84b5f79619f9bc,6f8de015eb865528f0c84ddbd0d812f16137669e8c67803f04ad350904f7fccc,未知,未知,未取得
source-identity-field-evidence-20260807T182456+0800-44d9871dc3b2,ZI-9b6a6435fd0e4e93fdddcd4b,DS-000122,候选数据文件,ETH,未知,未知,未知,未知,未知,未知,未知,未知,未知,拒绝,冻结文件元数据漂移,未读取文件正文；字段语义和授权边界未证明,提供当前版本字段级身份、Schema和授权边界证据后新建不可变批次,dc6c4dd4e242874a6da8334f67590790f72bb66e1b5ab6d94aeec5b53ed494be,330aa816034ac16e8ef87692ce9d9492d9e981ba09d0cfca738b2d9ddc53368e,f76321d71746290e476ab7708c351be4085e127a38165ef0e6c962ac17183a00,未知,未知,未取得
source-identity-field-evidence-20260807T182456+0800-44d9871dc3b2,ZI-d916726616ac733d0fe5c86b,DS-000123,候选数据文件,ETH,未知,未知,未知,未知,未知,未知,未知,未知,未知,无法判定,白名单普通文件stat与冻结输入一致,未读取文件正文；字段语义和授权边界未证明,提供当前版本字段级身份、Schema和授权边界证据后新建不可变批次,b544e385d3e89d4bc872b681fb7b43c8c29c35cf1a2255fb1eb792ab42e092e7,a2b054297205e36318ad22e4001f942d78a8b3984be262b9bdf50a3b60e4702e,faf00ca9d6c905b72a221f1a8b11d4c655b33d175214f0dac41bea53b0de9266,未知,未知,未取得
source-identity-field-evidence-20260807T182456+0800-44d9871dc3b2,ZI-ae71724e7b86bd2429dfecb6,DS-000124,候选数据文件,ETH,未知,未知,未知,未知,未知,未知,未知,未知,未知,无法判定,白名单普通文件stat与冻结输入一致,未读取文件正文；字段语义和授权边界未证明,提供当前版本字段级身份、Schema和授权边界证据后新建不可变批次,d7ef1e10d9720d76b7d47a520b7439f7ef8aa78a7560836f22971cf752ef3294,f500d8be707768464058a8c7a3eb117950a8b4f990f41ae4e4ca01aff296f48c,835ab57787cb99ecf89b5a9e9a47e8deb8fad4a1821e98aca29ce6e816a559f1,未知,未知,未取得
source-identity-field-evidence-20260807T182456+0800-44d9871dc3b2,ZI-a1c2af0e2150cb725d7922b3,DS-000125,候选数据文件,ETH,未知,未知,未知,未知,未知,未知,未知,未知,未知,无法判定,白名单普通文件stat与冻结输入一致,未读取文件正文；字段语义和授权边界未证明,提供当前版本字段级身份、Schema和授权边界证据后新建不可变批次,933516055a642714098755bbe9c599785c999703fbef73dc81e13069d74aa18f,b38c18461a1d9ef867310973e381bcf14aa41ee863a441713a8739b007df7ed7,883904081e58b256951d9bd3f05dd5a709e1f16beb12ba30224c80ed228d26ab,未知,未知,未取得
source-identity-field-evidence-20260807T182456+0800-44d9871dc3b2,ZI-29d969a16e11f4bd31de81b7,DS-000126,候选数据文件,ETH,未知,未知,未知,未知,未知,未知,未知,未知,未知,无法判定,白名单普通文件stat与冻结输入一致,未读取文件正文；字段语义和授权边界未证明,提供当前版本字段级身份、Schema和授权边界证据后新建不可变批次,9499e61c0227984474b6b7c023dc310fcae06907a46958e429501d3e6b006798,92a9a2523175cbb1eb78f50bf415670e7fdec7215032855d78976cc84afbb367,73d8ec1309b34c39fff46f2d1f226d41d7a3e5e94d8d0cab22f4b9ec26b04d3e,未知,未知,未取得
source-identity-field-evidence-20260807T182456+0800-44d9871dc3b2,ZI-aa7eaed70207def65a665413,DS-000127,候选数据文件,ETH,未知,未知,未知,未知,未知,未知,未知,未知,未知,无法判定,白名单普通文件stat与冻结输入一致,未读取文件正文；字段语义和授权边界未证明,提供当前版本字段级身份、Schema和授权边界证据后新建不可变批次,7498b9a041f4b609fbd9b5447119d9522ae1aaf59ff427378718c2833bf39af8,91fc692bff688f57b3aba95f945e2961212aadcbebef09734aa6dd41209b1a00,582d42bbbc72705119a4120ead2d41ba5cafc8fc0c527a83e2fd837d391ce013,未知,未知,未取得
source-identity-field-evidence-20260807T182456+0800-44d9871dc3b2,ZI-78306459bee5126083d5ca1b,DS-000128,候选数据文件,ETH,未知,未知,未知,未知,未知,未知,未知,未知,未知,无法判定,白名单普通文件stat与冻结输入一致,未读取文件正文；字段语义和授权边界未证明,提供当前版本字段级身份、Schema和授权边界证据后新建不可变批次,8784b44479961e1fc5e62e73d76c8f43f5274c03f210a3417d777a7b86f3c045,39e2f6eb6f558f8e9aa3626c2c393af0c1f578c9ba59603213de1f363aa3a5a6,98681aa3927a6cc945e212f8a5e242e40b4706a604afe3577a902d9a1d4cea4c,未知,未知,未取得
source-identity-field-evidence-20260807T182456+0800-44d9871dc3b2,ZI-15e8fafad806d350e4ebb681,DS-000129,候选数据文件,ETH,未知,未知,未知,未知,未知,未知,未知,未知,未知,无法判定,白名单普通文件stat与冻结输入一致,未读取文件正文；字段语义和授权边界未证明,提供当前版本字段级身份、Schema和授权边界证据后新建不可变批次,6ec29ab16a61a9874de644237ea1f88b4281182c44ec3b7aabeceff905c3c1fe,139c43fb9ddff0c976b42f592815299731e50b6a6ec9661edda732c5b6cdbb7b,4f93009b1adcdb06a25875cfb7754c9ca7ab82b441a78eab7b97b35f8d227f1e,未知,未知,未取得
source-identity-field-evidence-20260807T182456+0800-44d9871dc3b2,ZI-e50bece42ff511d1e0d48550,DS-000130,候选数据文件,ETH,未知,未知,未知,未知,未知,未知,未知,未知,未知,无法判定,白名单普通文件stat与冻结输入一致,未读取文件正文；字段语义和授权边界未证明,提供当前版本字段级身份、Schema和授权边界证据后新建不可变批次,31a5fa38e253ae35bbd283a09e22b12ae2d20072cacd4fec29ddc407fc7c2c5a,a1f91ec2e42044cdaaa7ec91483b9e815a68044155b673334557aaf2b9f78db8,933a3bfe9d861b46b7d3acc355302d00efadcbb1e43b5e9249a8dff2ca2696cf,未知,未知,未取得
source-identity-field-evidence-20260807T182456+0800-44d9871dc3b2,ZI-c6ca120312806c1468e1741f,DS-000131,候选数据文件,ETH,未知,未知,未知,未知,未知,未知,未知,未知,未知,无法判定,白名单普通文件stat与冻结输入一致,未读取文件正文；字段语义和授权边界未证明,提供当前版本字段级身份、Schema和授权边界证据后新建不可变批次,596462ea846e3b15707b59be416da11412b9e52c6d94c741ad5be0a70d1dfffe,90ad1104e6ddd41bd5283caaeb526d477443ef178aa87b979bceaf353f3ae598,6c35551e6b6edb7d9eef4dc756052031d92c49224c2be85a91fd45ad9b3dde71,未知,未知,未取得
source-identity-field-evidence-20260807T182456+0800-44d9871dc3b2,ZI-fa50ac0aca694ec35ea7d49d,DS-000132,候选数据文件,ETH,未知,未知,未知,未知,未知,未知,未知,未知,未知,无法判定,白名单普通文件stat与冻结输入一致,未读取文件正文；字段语义和授权边界未证明,提供当前版本字段级身份、Schema和授权边界证据后新建不可变批次,b92d68f0c6a28fd076fc8affb08361f7b721d840be639dd0fdcd9e4063f945e2,5d1b8b7dc63060f1566f086434ec58fca0e832dfa93ca8af792bc56cfaee1766,ab53348b648f57e9c8c1ea068008d148632856eedac5386a33dedacada2f2500,未知,未知,未取得
source-identity-field-evidence-20260807T182456+0800-44d9871dc3b2,ZI-f544842772244a2c3b3b1523,DS-000133,候选数据文件,ETH,未知,未知,未知,未知,未知,未知,未知,未知,未知,无法判定,白名单普通文件stat与冻结输入一致,未读取文件正文；字段语义和授权边界未证明,提供当前版本字段级身份、Schema和授权边界证据后新建不可变批次,d49b3cdefe936c41685bf10613de132b9f5d9198120e45aae55859f797788158,9973edc00f5937e216dda44a067d045910a4edf225c29a7b19c62b681935039b,05576f7e653d1827d45f851837278cb0bb04368d2bf3650ba5ff9da46ab3f604,未知,未知,未取得
source-identity-field-evidence-20260807T182456+0800-44d9871dc3b2,ZI-f50adb5a90eeb1431aaf8e6f,DS-000134,候选数据文件,ETH,未知,未知,未知,未知,未知,未知,未知,未知,未知,无法判定,白名单普通文件stat与冻结输入一致,未读取文件正文；字段语义和授权边界未证明,提供当前版本字段级身份、Schema和授权边界证据后新建不可变批次,0e6fc6a736706f9c8311f0bcd6cac49d78a213f394e2feafda517cd5a5854e7d,5c6e77ed794104f2da7f905be45f0f71e86a9615509970bebdf8531163c99637,25a609a3ab53e454efbbda3103efc0c112f9e3a71dc9d0f1ea71e138c67304ea,未知,未知,未取得
source-identity-field-evidence-20260807T182456+0800-44d9871dc3b2,ZI-ac125017000539cbb186e9e0,DS-000135,候选数据文件,ETH,未知,未知,未知,未知,未知,未知,未知,未知,未知,无法判定,白名单普通文件stat与冻结输入一致,未读取文件正文；字段语义和授权边界未证明,提供当前版本字段级身份、Schema和授权边界证据后新建不可变批次,6ed4afcb16dadb13cea1399f219a898bff5d238791ebd03cea6a0bd7d98b1ff5,191b20bb3195e99e627577a43b9e7ac4ae60504080b98794d8fd64878503650f,b76a3373d93bf04bcef4177c52869a67f5aa6c75a2f11e9d87e474d9cd8225f0,未知,未知,未取得
source-identity-field-evidence-20260807T182456+0800-44d9871dc3b2,ZI-8a4556082f31195079e25714,DS-000136,候选数据文件,ETH,未知,未知,未知,未知,未知,未知,未知,未知,未知,无法判定,白名单普通文件stat与冻结输入一致,未读取文件正文；字段语义和授权边界未证明,提供当前版本字段级身份、Schema和授权边界证据后新建不可变批次,c642096c5b9e47e8fb6d3af1ce33b6503b701f275d986dc3c80518fafa656b62,3c7c5d467e62875a4533154ee194cc1cf3405bbf733661a3889dbdf6817d338d,6c01734ee28e701b56ca95ccaafe7fa5e1a898702bac6014ef105c1bc2767ddb,未知,未知,未取得
source-identity-field-evidence-20260807T182456+0800-44d9871dc3b2,ZI-7fbd50767008b59c67c6188b,DS-000137,候选数据文件,ETH,未知,未知,未知,未知,未知,未知,未知,未知,未知,无法判定,白名单普通文件stat与冻结输入一致,未读取文件正文；字段语义和授权边界未证明,提供当前版本字段级身份、Schema和授权边界证据后新建不可变批次,85fd815ad566ecce9ab78d9848bdc57c2a3a789413ea3fae7ede25ed0d770f0f,5cf54b7dda7b49ab8c0871a1bbc4a038ea5afecdeabbcdc49bdec0e4f0933a84,0c8c510f2df13dba0891ab7dee7c795e624a825507774cd2b0bf91d84aee0496,未知,未知,未取得
source-identity-field-evidence-20260807T182456+0800-44d9871dc3b2,ZI-d42dfffaf1e7325a9791ebb0,DS-000138,候选数据文件,ETH,未知,未知,未知,未知,未知,未知,未知,未知,未知,无法判定,白名单普通文件stat与冻结输入一致,未读取文件正文；字段语义和授权边界未证明,提供当前版本字段级身份、Schema和授权边界证据后新建不可变批次,91cc4ad9a33161955c014a7f07d248bcafc3f5be08813d91e27a18d6a42f55c4,d125c6a6be90c884d798c1463c4a75b18776b9df697e47e8ad17ba2950e9041c,96261954eb13ef257ae5bd5dde869116c4c482ce6e745cdf6869de8ae81702fb,未知,未知,未取得
source-identity-field-evidence-20260807T182456+0800-44d9871dc3b2,ZI-6f1fa6a3669f54977b46b883,DS-000139,候选数据文件,ETH,未知,未知,未知,未知,未知,未知,未知,未知,未知,无法判定,白名单普通文件stat与冻结输入一致,未读取文件正文；字段语义和授权边界未证明,提供当前版本字段级身份、Schema和授权边界证据后新建不可变批次,fe64d848475c7415a5eb6c92b24f0b9a75641d0388cb76d8ab63008be5e3a74a,02aa34a5782c6475090b08d09f56492e5aca5f90d6a6c04892b76eb6c2693100,53330a8a05bded98f5c55df9088f5d10cbe2e5b2657eb9456e5f50daf5231838,未知,未知,未取得
source-identity-field-evidence-20260807T182456+0800-44d9871dc3b2,ZI-9ae4aebc405506a01a9d8535,DS-000140,候选数据文件,ETH,未知,未知,未知,未知,未知,未知,未知,未知,未知,无法判定,白名单普通文件stat与冻结输入一致,未读取文件正文；字段语义和授权边界未证明,提供当前版本字段级身份、Schema和授权边界证据后新建不可变批次,009afddc569c187b643514b715c578f909c030480467dad3f80f258b9e5dba7d,b6c82d5425a8cdf88495463d890490b44b81d53e14c5518a8a9075005caa0322,b5511cefb4d23af734a09777354df7ee32f4ca54d80dd26394d1549f9aa10594,未知,未知,未取得
source-identity-field-evidence-20260807T182456+0800-44d9871dc3b2,ZI-c4e271ec601f60ae22ae68de,DS-000141,候选数据文件,ETH,未知,未知,未知,未知,未知,未知,未知,未知,未知,无法判定,白名单普通文件stat与冻结输入一致,未读取文件正文；字段语义和授权边界未证明,提供当前版本字段级身份、Schema和授权边界证据后新建不可变批次,27f7235cee2d01a99bf0f9f1109e9272501fdb8df65e8befd348f081a6e8a5b8,b91d8a03a13e40c260c661474056c937d86044892e1b996abc9f63b2f4b6ae22,1dee46a0afeb53ddd77a9acef8d0c4b21d90ff95542e6e211cfcd888aaa28e86,未知,未知,未取得
source-identity-field-evidence-20260807T182456+0800-44d9871dc3b2,ZI-6342bb9c8d59867fd7bda81e,DS-000142,候选数据文件,ETH,未知,未知,未知,未知,未知,未知,未知,未知,未知,无法判定,白名单普通文件stat与冻结输入一致,未读取文件正文；字段语义和授权边界未证明,提供当前版本字段级身份、Schema和授权边界证据后新建不可变批次,80fa1bd6e7005895cf660e56647c09e7daa74e86af408dd82f83ee4d04c6f8b5,860236248e7aea69da97f6194ff9759aba898bea600199d78895d5ee127b4dc3,81c05bb2217f54f3e9ed96d6fa4f5ae2e6bf24efab47fffecac06c114039a011,未知,未知,未取得
source-identity-field-evidence-20260807T182456+0800-44d9871dc3b2,ZI-489d5d8588e9630edc50e1b1,DS-000143,候选数据文件,ETH,未知,未知,未知,未知,未知,未知,未知,未知,未知,无法判定,白名单普通文件stat与冻结输入一致,未读取文件正文；字段语义和授权边界未证明,提供当前版本字段级身份、Schema和授权边界证据后新建不可变批次,4d297614b41f56e3ac145165007736d4e5d0fc857ba98d3ee2525ae214f66bb1,4cbe2044617773f15480f56846eefcc06f9283a0df0b2ea2848863b5c55ecec3,c9e8f511e660b8b6292974c0df8e8ecc8f666f074753219fa08de1bbfaad5f34,未知,未知,未取得
source-identity-field-evidence-20260807T182456+0800-44d9871dc3b2,ZI-eeabae9bad9c7be33d76a591,DS-000144,候选数据文件,ETH,未知,未知,未知,未知,未知,未知,未知,未知,未知,无法判定,白名单普通文件stat与冻结输入一致,未读取文件正文；字段语义和授权边界未证明,提供当前版本字段级身份、Schema和授权边界证据后新建不可变批次,a37f1429695718fc7f7e8f2425da19674e90d6a02d7bb8ff8ce85e66a4f07074,5d1ab5d44f1de1ad4fbc785b6ea424eb709ea3b0c86823b3e5017f48344525f5,f28677b0e2f1ac219fe121bd9ddbf571332112de99cbbae69bafefc2e2f20926,未知,未知,未取得
source-identity-field-evidence-20260807T182456+0800-44d9871dc3b2,ZI-8879fe92abceecb6a371d5c7,DS-000145,候选数据文件,ETH,未知,未知,未知,未知,未知,未知,未知,未知,未知,无法判定,白名单普通文件stat与冻结输入一致,未读取文件正文；字段语义和授权边界未证明,提供当前版本字段级身份、Schema和授权边界证据后新建不可变批次,12ba9cb4812d9b25d1ce7250ee24a6ecbad7c3e14871b3b350b5ff102581369a,57ce5756d544470c071f99ac28596e3a353fc24f97dbb5ae7253523ff81dc231,0fc1e7755df155698d18a9080ee4e29dba4b80d0aa8bf556196c4adfcf37cf49,未知,未知,未取得
source-identity-field-evidence-20260807T182456+0800-44d9871dc3b2,ZI-9e34c2cb88810c462910e30d,DS-000146,候选数据文件,ETH,未知,未知,未知,未知,未知,未知,未知,未知,未知,无法判定,白名单普通文件stat与冻结输入一致,未读取文件正文；字段语义和授权边界未证明,提供当前版本字段级身份、Schema和授权边界证据后新建不可变批次,c3cc5610c7e0e33b392b2bdea0167adef56d57f070b3e427f342c684b3ea0688,e61058a41811c8636ff9890643f009c578f560fd96a66af88692e5241b1757f7,51d673d712109f714c67290284ccebb611c856e631b1888bb4f26eb257885109,未知,未知,未取得
source-identity-field-evidence-20260807T182456+0800-44d9871dc3b2,ZI-8461f08f625565257213a23c,DS-000147,候选数据文件,ETH,未知,未知,未知,未知,未知,未知,未知,未知,未知,无法判定,白名单普通文件stat与冻结输入一致,未读取文件正文；字段语义和授权边界未证明,提供当前版本字段级身份、Schema和授权边界证据后新建不可变批次,ffc57781fb71aec9cd924574bd3fbe2cedfaba4f4cb581fe866c9a9d0dbed1a9,f82e14523d77605ccfd9a22bd70248156967c38995a33369ba86782563e90c1f,db5b2c18ceed75b15a45e97b890f687379fd39e2137f021bfadf74bd53b77cb3,未知,未知,未取得
source-identity-field-evidence-20260807T182456+0800-44d9871dc3b2,ZI-2ce49af2946877d7f4f7ea4b,DS-000148,候选数据文件,ETH,未知,未知,未知,未知,未知,未知,未知,未知,未知,无法判定,白名单普通文件stat与冻结输入一致,未读取文件正文；字段语义和授权边界未证明,提供当前版本字段级身份、Schema和授权边界证据后新建不可变批次,3a02343642236a2a3e657efef9c7518e0c47343c29a0fed06dac9abe93d62260,f4edcccaed59232dbb7cf8d2dfaf04e79553a7ac8e2078187b10457d67519149,3e00dd6748670d012ab632f718eb143da46c45cf868415b1f6a6ac724e174153,未知,未知,未取得
source-identity-field-evidence-20260807T182456+0800-44d9871dc3b2,ZI-52ce2e32211b7fe8ae9f82c6,DS-000149,候选数据文件,ETH,未知,未知,未知,未知,未知,未知,未知,未知,未知,无法判定,白名单普通文件stat与冻结输入一致,未读取文件正文；字段语义和授权边界未证明,提供当前版本字段级身份、Schema和授权边界证据后新建不可变批次,a873240ba93a952953aa11ac5f6f40fac71db86b7055f9b2d8541c48f40d345b,4e6d23c011426dae5c6320f9252a9a98d9acacf9b6dbf6367b468b2f3fcdd933,3459333a791944442d760581f227e79acd1f1731ba935ef72735efb6086909d0,未知,未知,未取得
source-identity-field-evidence-20260807T182456+0800-44d9871dc3b2,ZI-49395e6c68a237ad8cf076ee,DS-000150,候选数据文件,ETH,未知,未知,未知,未知,未知,未知,未知,未知,未知,无法判定,白名单普通文件stat与冻结输入一致,未读取文件正文；字段语义和授权边界未证明,提供当前版本字段级身份、Schema和授权边界证据后新建不可变批次,40939ad30387a7158ed57b306fe0d71798f08cbe52327025d40af30da47e9dc6,74cc08153372fee7e1341f90333deff6499160fd8b0c2892d07ef7617eff297b,80efff50aa86aff86994231d005fa61fd1cba13751c75593242526154ec7b4a0,未知,未知,未取得
source-identity-field-evidence-20260807T182456+0800-44d9871dc3b2,ZI-5c9ff569ed602db0d19a25b4,DS-000151,候选数据文件,ETH,未知,未知,未知,未知,未知,未知,未知,未知,未知,无法判定,白名单普通文件stat与冻结输入一致,未读取文件正文；字段语义和授权边界未证明,提供当前版本字段级身份、Schema和授权边界证据后新建不可变批次,576e8c8e6487f15c636a679f4a040797e58715ed5fcaeaa34cc9be2b42fc0bd9,cd88a8f621a0299230477e4d92b8ba19239afcf37ceb7334c47378212014e789,0f530b37fa9f533a5e34cfc97d0fdeb7512c51c39081219259eae702fa4ec949,未知,未知,未取得
source-identity-field-evidence-20260807T182456+0800-44d9871dc3b2,ZI-eb6b36437e73935e6892948b,DS-000152,候选数据文件,ETH,未知,未知,未知,未知,未知,未知,未知,未知,未知,无法判定,白名单普通文件stat与冻结输入一致,未读取文件正文；字段语义和授权边界未证明,提供当前版本字段级身份、Schema和授权边界证据后新建不可变批次,72c373f523c68c010f48416824dc922cc7bdcb6a7af086a80aff26503846cc1f,48078a1e230726b0547e72ddee411183136d2c72294936e080fdd3af63d83bae,e88e63907d663e6ef99fe2f55ba26f649cf5505ea00191ecde1758de790a9e8c,未知,未知,未取得
source-identity-field-evidence-20260807T182456+0800-44d9871dc3b2,ZI-7d0eac7d55708c645db23f34,DS-000153,候选数据文件,ETH,未知,未知,未知,未知,未知,未知,未知,未知,未知,无法判定,白名单普通文件stat与冻结输入一致,未读取文件正文；字段语义和授权边界未证明,提供当前版本字段级身份、Schema和授权边界证据后新建不可变批次,546a99b7d0834c6f48dec4b7ae8905dcf109bb0225eadb4e316d5042925f9656,4cbea391e9d71674db6cc122cc717ddf4b9bfe1530f34fd3452e806826813e40,23a2b8fea9a2e1e00f83b0ab9190bee5ee1dca8da30d668bccc724bcb32da271,未知,未知,未取得
source-identity-field-evidence-20260807T182456+0800-44d9871dc3b2,ZI-881ed8dfa8b5bd2659a6c1a3,DS-000154,候选数据文件,ETH,未知,未知,未知,未知,未知,未知,未知,未知,未知,无法判定,白名单普通文件stat与冻结输入一致,未读取文件正文；字段语义和授权边界未证明,提供当前版本字段级身份、Schema和授权边界证据后新建不可变批次,ee9e0ae362a297ec3bf7aa435152701795b513a1aff9467f7d54516156653425,94b3554528a3be49bcebdc6c462fa808267c26f8caf85d3cecf38f996d7b1fca,e1a1e65561b15178a69ad3c8dc47df79877c115677200acc6355f139fc366472,未知,未知,未取得
source-identity-field-evidence-20260807T182456+0800-44d9871dc3b2,ZI-f73068a8f2789ebf663e39a2,DS-000155,候选数据文件,ETH,未知,未知,未知,未知,未知,未知,未知,未知,未知,无法判定,白名单普通文件stat与冻结输入一致,未读取文件正文；字段语义和授权边界未证明,提供当前版本字段级身份、Schema和授权边界证据后新建不可变批次,6f2aca25eaf8f6fd1197fd066869629e61faf4077b6408d812252f2149ddc42f,9f292f14d0438e87bb16e11cae60e2a289518c94e549252a5dfa0c4e59febc79,058de9d1fdf43c1618c81470ae35677f521ca2517ed8ad355f82227349db2243,未知,未知,未取得
source-identity-field-evidence-20260807T182456+0800-44d9871dc3b2,ZI-ea32ed6152cd1b5d242e9e24,DS-000156,候选数据文件,ETH,未知,未知,未知,未知,未知,未知,未知,未知,未知,无法判定,白名单普通文件stat与冻结输入一致,未读取文件正文；字段语义和授权边界未证明,提供当前版本字段级身份、Schema和授权边界证据后新建不可变批次,a72715813de459c323b00c15154ac684ead7ae93d24f420a1fafec5468fa83e7,5aa2b1f86525f98438b8263ff6be8440883747977470ff042da53d6d4a5d67fb,d46e9ee168bdc76b25cdd0dfe4322a02f868bc0a5b091ec8cd7893b431c6a7bc,未知,未知,未取得
source-identity-field-evidence-20260807T182456+0800-44d9871dc3b2,ZI-981a8cf3dd538295a0a64b3f,DS-000157,候选数据文件,ETH,未知,未知,未知,未知,未知,未知,未知,未知,未知,无法判定,白名单普通文件stat与冻结输入一致,未读取文件正文；字段语义和授权边界未证明,提供当前版本字段级身份、Schema和授权边界证据后新建不可变批次,6eda5591fc0c247a607d37e4cdf6c45a53d77565384aa87932c05f3fdc45535c,68a86114742d9f2dff7ab7c6041f3cf093c68bfff4bc6cd974a6725b999f5bc5,3eb325c1a4b625860bfe3a96378fb0f893a503aa96ffdfd1072eac1b1b1fb87e,未知,未知,未取得
source-identity-field-evidence-20260807T182456+0800-44d9871dc3b2,ZI-e138d2140805838d1a7c0162,DS-000158,候选数据文件,ETH,未知,未知,未知,未知,未知,未知,未知,未知,未知,无法判定,白名单普通文件stat与冻结输入一致,未读取文件正文；字段语义和授权边界未证明,提供当前版本字段级身份、Schema和授权边界证据后新建不可变批次,72f486a70d9704d448d87595639e86f5186ef95992b2c4885e6b2b8b853a9d1a,2b5d3a51ae75781a79bec31a5a7713b163027a5b9cf0827e56402b4d3ea40176,e0d8d4258ded44417a812ccceef8175c523d0f6664c1e9c6333230c47c2f6878,未知,未知,未取得
source-identity-field-evidence-20260807T182456+0800-44d9871dc3b2,ZI-389611b782028a821d4fd2fd,DS-000159,候选数据文件,ETH,未知,未知,未知,未知,未知,未知,未知,未知,未知,无法判定,白名单普通文件stat与冻结输入一致,未读取文件正文；字段语义和授权边界未证明,提供当前版本字段级身份、Schema和授权边界证据后新建不可变批次,3542d314315b3e35751cb209f4c796189b505af0f86578c853de6478c418adba,c0095820ae15562bb2ea6b710ac5e22e65a401ddce44689b7c0fe7ef51bc6826,58e928404d338d9eed3949b2ac6bc9dee893901798936b16272210844df1bc6a,未知,未知,未取得
source-identity-field-evidence-20260807T182456+0800-44d9871dc3b2,ZI-ff9e46ee8a8d96eb44d5bf39,DS-000160,候选数据文件,ETH,未知,未知,未知,未知,未知,未知,未知,未知,未知,无法判定,白名单普通文件stat与冻结输入一致,未读取文件正文；字段语义和授权边界未证明,提供当前版本字段级身份、Schema和授权边界证据后新建不可变批次,d7aa39396e7a11768826401789432108e5ab65f5340646b4925cc6bb9bf83dfb,f487cca97965a201879b642fc5cc465c77ec5c4fdbadb78a701e95e2c30ff691,8a360a72bf02d539cdce86f4b642d897869d9261320fca35e61c0c1783178115,未知,未知,未取得
source-identity-field-evidence-20260807T182456+0800-44d9871dc3b2,ZI-f9d8ea08ef193804ac5c2d24,DS-000161,候选数据文件,ETH,未知,未知,未知,未知,未知,未知,未知,未知,未知,无法判定,白名单普通文件stat与冻结输入一致,未读取文件正文；字段语义和授权边界未证明,提供当前版本字段级身份、Schema和授权边界证据后新建不可变批次,ec01d645a01d99926ec9405f77b33b2cb182ca4135cfdfeeadee39f80bdbeab5,85152bae85f3a8c85dd1664b5eacdd01a717a145829fbdaf5ed7a7d08bf87fc3,4d76d341af25f0d55595bf7a4782916697cb6400d2430f6ce5547158869c733b,未知,未知,未取得
source-identity-field-evidence-20260807T182456+0800-44d9871dc3b2,ZI-e6288ec06bff9cdf648b4042,DS-000162,候选数据文件,ETH,未知,未知,未知,未知,未知,未知,未知,未知,未知,无法判定,白名单普通文件stat与冻结输入一致,未读取文件正文；字段语义和授权边界未证明,提供当前版本字段级身份、Schema和授权边界证据后新建不可变批次,8bcd4a1f32df538b6b79746044da34ee5f0dd05800d6484cd0ba9601ce36ca5e,dbe53d134e307d16878f5370acb398f1ee7128de69aa52a79ac07ca78f495682,bc78f30b8854655764edd96eee5fa4ce3d8158cd2d30e0ca53e8bc8a6ddf8499,未知,未知,未取得
source-identity-field-evidence-20260807T182456+0800-44d9871dc3b2,ZI-80b98789c86787fb429ef2e3,DS-000163,候选数据文件,ETH,未知,未知,未知,未知,未知,未知,未知,未知,未知,无法判定,白名单普通文件stat与冻结输入一致,未读取文件正文；字段语义和授权边界未证明,提供当前版本字段级身份、Schema和授权边界证据后新建不可变批次,752b82b872a799d4af7a2c30cdbe801cc698881ef471389e897662c027aa4d11,28a9b922b58ae6e090bebafbfc349e66df581a9205db093a0a3f8ff2fa572d4e,a4473a1d926d6841693f68efb3f0e03db8776046a77928fb21a566d07a938d4b,未知,未知,未取得
source-identity-field-evidence-20260807T182456+0800-44d9871dc3b2,ZI-1a15f6cb7a7b389c7ce47d98,DS-000164,候选数据文件,ETH,未知,未知,未知,未知,未知,未知,未知,未知,未知,拒绝,冻结文件元数据漂移,未读取文件正文；字段语义和授权边界未证明,提供当前版本字段级身份、Schema和授权边界证据后新建不可变批次,cb3f2cfa1431a5e9847c70b5630e69fb57a0b38a928b2348486398c485d9bae6,516d5eb55dd0987b7930e7c5bef4a540c3225006c62894d0639b3a4b2304144e,9c3af05540fa00a8f1b75df025bf551d84c733d02f4851eb387183f5cbfbccbd,未知,未知,未取得
source-identity-field-evidence-20260807T182456+0800-44d9871dc3b2,ZI-1941dc115ef30ebc9b56f4af,DS-000165,候选数据文件,ETH,未知,未知,未知,未知,未知,未知,未知,未知,未知,无法判定,白名单普通文件stat与冻结输入一致,未读取文件正文；字段语义和授权边界未证明,提供当前版本字段级身份、Schema和授权边界证据后新建不可变批次,c3e43bdaf00cb3c1f31558af9d95c281dcf7b02f513783e1b2d81801c988131b,f8443e4b26eacf3b9610b1319c4f8463fd03116bf5970e7630ab077339ea4b8c,f715a1c396fd8b7e8e1528408b895e6470070163e3564a8eb76f245437d3ee2e,未知,未知,未取得
source-identity-field-evidence-20260807T182456+0800-44d9871dc3b2,ZI-314e1e22c6f8101d223a88b5,DS-000166,候选数据文件,ETH,未知,未知,未知,未知,未知,未知,未知,未知,未知,无法判定,白名单普通文件stat与冻结输入一致,未读取文件正文；字段语义和授权边界未证明,提供当前版本字段级身份、Schema和授权边界证据后新建不可变批次,124c9805ad883e81114457ba70e09538f6482e40db071620d525d646cc62ca8e,51c7ee24b8b28cd70f2f107113da7b0b9dca37123b1420f57e18fad238e7b54a,315e10863d819706cf2973be097b7443e7e6b50398fc724ea1ef8afd303a51b4,未知,未知,未取得
source-identity-field-evidence-20260807T182456+0800-44d9871dc3b2,ZI-5fd2b1e41bc22cd80f22c222,DS-000167,候选数据文件,ETH,未知,未知,未知,未知,未知,未知,未知,未知,未知,无法判定,白名单普通文件stat与冻结输入一致,未读取文件正文；字段语义和授权边界未证明,提供当前版本字段级身份、Schema和授权边界证据后新建不可变批次,21e4a941e92f073fd4e7b87229f307e3ce1d789f3cfef3dadf9038462b8a8c68,a367d8081bdf2f6cdc7a8c1024b4f9301526a44d15b9f800f2148a54f93f6c3b,bf1d1621ea93c74b97eeb25a41ef61516c5839e73f9d544014ab7ec7720b096d,未知,未知,未取得
source-identity-field-evidence-20260807T182456+0800-44d9871dc3b2,ZI-89c2b7f24c75afde7f33de90,DS-000168,候选数据文件,ETH,未知,未知,未知,未知,未知,未知,未知,未知,未知,无法判定,白名单普通文件stat与冻结输入一致,未读取文件正文；字段语义和授权边界未证明,提供当前版本字段级身份、Schema和授权边界证据后新建不可变批次,f8a62a522dbf19d9f77ac41019b29e0d5926d40fae094dc88dac45931309b6fa,63316eb0fed55cf8b6a3b729c493cdab69768557f142802b0dcff21e04275013,2c66436c3e2fe4e809a398e53f6155e93cc551a109026c1e6d47f6c870e341b8,未知,未知,未取得
source-identity-field-evidence-20260807T182456+0800-44d9871dc3b2,ZI-be12db97204165cc34d89468,DS-000169,候选数据文件,ETH,未知,未知,未知,未知,未知,未知,未知,未知,未知,无法判定,白名单普通文件stat与冻结输入一致,未读取文件正文；字段语义和授权边界未证明,提供当前版本字段级身份、Schema和授权边界证据后新建不可变批次,671abd7b1989a86c583e552837880726ae9a67b0aab16e05de13612a73d4ecdf,67bf5dd6fd5fb33f7583a1a2f3bb582d599b9fe7e3aa96d83eae6b8150904903,bb1d3c2010b35c16753f11a08f732348723e748a539ff89d311d31edba131689,未知,未知,未取得
source-identity-field-evidence-20260807T182456+0800-44d9871dc3b2,ZI-7975e6ac233ceb6fe112822a,DS-000170,候选数据文件,ETH,未知,未知,未知,未知,未知,未知,未知,未知,未知,无法判定,白名单普通文件stat与冻结输入一致,未读取文件正文；字段语义和授权边界未证明,提供当前版本字段级身份、Schema和授权边界证据后新建不可变批次,9880223dc66afea86d19de7288fac597977eb9007513637dd141df6bbb558cf1,1ca2fad71ee5e299bd9eb4c92fc5268d9c94846df7224a5847baff22269ac485,462229887ad8f864eb89832405233fddf0ce0a5424a91a38179f6df1e170d3d6,未知,未知,未取得
source-identity-field-evidence-20260807T182456+0800-44d9871dc3b2,ZI-8e1e251ad2644c622fe3251d,DS-000171,候选数据文件,ETH,未知,未知,未知,未知,未知,未知,未知,未知,未知,无法判定,白名单普通文件stat与冻结输入一致,未读取文件正文；字段语义和授权边界未证明,提供当前版本字段级身份、Schema和授权边界证据后新建不可变批次,bafa83fba181792f378cb580dcfa6120abaf40fd3a0e15b52ee8bb9850b1d7c1,e20d7ce4b70f3653732488f2e4fa6a5733a3d5ccf59716ac036d7e3792b860e7,90c21e1fc6aae6a954a90bc485a48bb5c3ff94f283cf8d5051e6de54da1440c8,未知,未知,未取得
source-identity-field-evidence-20260807T182456+0800-44d9871dc3b2,ZI-aa4e4e76bfed966005c708d6,DS-000172,候选数据文件,ETH,未知,未知,未知,未知,未知,未知,未知,未知,未知,无法判定,白名单普通文件stat与冻结输入一致,未读取文件正文；字段语义和授权边界未证明,提供当前版本字段级身份、Schema和授权边界证据后新建不可变批次,eb688bbf8774884808324cb917637b38b808edcce9636716f36c0c73a0bb1a70,e667c30d0bfca80519230e6883c08752d4caff0bd9cc1431f710eb4e5148ade4,77901b925d39014798582bd895f53cda125007065af76d4175235f452a7181e7,未知,未知,未取得
source-identity-field-evidence-20260807T182456+0800-44d9871dc3b2,ZI-69c85807fb109670f590ba46,DS-000173,候选数据文件,ETH,未知,未知,未知,未知,未知,未知,未知,未知,未知,无法判定,白名单普通文件stat与冻结输入一致,未读取文件正文；字段语义和授权边界未证明,提供当前版本字段级身份、Schema和授权边界证据后新建不可变批次,a06211053ef3792fd50827071a13e367103be5199d7b34c0e41b19e742bec238,bf37f1e15db3ed614c5585819102061079560e462ec602da143584883583bc93,d3335c66beb78b5d589ecd1f30e6986e5bf0dede2c0f53ff3c8533df08a70b55,未知,未知,未取得
source-identity-field-evidence-20260807T182456+0800-44d9871dc3b2,ZI-0cb93df8f9f6ba3feaff5d8c,DS-000174,候选数据文件,ETH,未知,未知,未知,未知,未知,未知,未知,未知,未知,无法判定,白名单普通文件stat与冻结输入一致,未读取文件正文；字段语义和授权边界未证明,提供当前版本字段级身份、Schema和授权边界证据后新建不可变批次,24bff6b100446afade335ff88ab048b5c675d812f75e01549793cae7f257d97f,c07f7180ae7e02816e66deb01bcb4f1ee30b564436f12ab21ca7543268470d3c,9cbc070b3555edc9f578ae7dc5592c83fe743006ceb70f974a8db3459082a29a,未知,未知,未取得
source-identity-field-evidence-20260807T182456+0800-44d9871dc3b2,ZI-1e894fa6ac9c4d524bbba0ff,DS-000175,候选数据文件,ETH,未知,未知,未知,未知,未知,未知,未知,未知,未知,无法判定,白名单普通文件stat与冻结输入一致,未读取文件正文；字段语义和授权边界未证明,提供当前版本字段级身份、Schema和授权边界证据后新建不可变批次,e69a513ac7621ea835192801bdc3809e04d75239d3d02150790c2b4feb89c14f,e00d8e0622b69839356da70a6d5f9627b923bd9747d783c91524230b052c4ebd,10228d1b5e29ceee5d2d4fd62615202986dc16e843888c5a5991e985794aeb3a,未知,未知,未取得
source-identity-field-evidence-20260807T182456+0800-44d9871dc3b2,ZI-af99d154928fc1735d41f307,DS-000176,候选数据文件,ETH,未知,未知,未知,未知,未知,未知,未知,未知,未知,无法判定,白名单普通文件stat与冻结输入一致,未读取文件正文；字段语义和授权边界未证明,提供当前版本字段级身份、Schema和授权边界证据后新建不可变批次,90ebfb0f32228dabe4d3c3d6fffddbe5c46cd9db2008dc26dc4e6f6040d4413c,9a7d1afa4cbf4d2d97074d86221d177171420ee4d31809c6bc398cfbd66474fe,46aeb36e9500653cf4c4ae72728c43f92f623ba72181a6026e05f579e59a3c7e,未知,未知,未取得
source-identity-field-evidence-20260807T182456+0800-44d9871dc3b2,ZI-e1863b4de9f4c6fe5fbefacd,DS-000177,候选数据文件,ETH,未知,未知,未知,未知,未知,未知,未知,未知,未知,无法判定,白名单普通文件stat与冻结输入一致,未读取文件正文；字段语义和授权边界未证明,提供当前版本字段级身份、Schema和授权边界证据后新建不可变批次,2f8df68ac997b3bf050617e476702d5c601fa659f1895ee84cfbf15371917e1d,278f87388b2a98d85729ff811e0427d4c4b1defe8d138e56af2cf0235ba47a00,a65a59355df9cc689fc4c616c488257745e05183e14555ef03ffcf044db789a7,未知,未知,未取得
source-identity-field-evidence-20260807T182456+0800-44d9871dc3b2,ZI-a286800bd49b9fd96217a223,DS-000178,候选数据文件,ETH,未知,未知,未知,未知,未知,未知,未知,未知,未知,无法判定,白名单普通文件stat与冻结输入一致,未读取文件正文；字段语义和授权边界未证明,提供当前版本字段级身份、Schema和授权边界证据后新建不可变批次,2be772033a825d5db28b7b4ec5e1ea9930f0b1b0b4d08440e6d7ea2e764aad5b,1bffcaae5b91bb44474d63d592c1c9e68448e306fac3285af10f6c945c865719,cceb0e376820466bf36b0e3fa7c4e272858bfbe46115b4d419e99bbb4ff18304,未知,未知,未取得
source-identity-field-evidence-20260807T182456+0800-44d9871dc3b2,ZI-01df71cf5d15618f09165f09,DS-000179,候选数据文件,ETH,未知,未知,未知,未知,未知,未知,未知,未知,未知,无法判定,白名单普通文件stat与冻结输入一致,未读取文件正文；字段语义和授权边界未证明,提供当前版本字段级身份、Schema和授权边界证据后新建不可变批次,6bc774ebf31ea4bc26f9986dd2196dd92683949fa9b59523e75b9a8d0ed2bf93,62a08d2f8751a13775a250998eef57673892d024d28cd620584da884903097df,8533180ea9bbd88c0c5035c2670be9bd8c3a93361eaa7609db8ab49699de4a14,未知,未知,未取得
source-identity-field-evidence-20260807T182456+0800-44d9871dc3b2,ZI-c994f122c5cb41e53208de1b,DS-000180,候选数据文件,ETH,未知,未知,未知,未知,未知,未知,未知,未知,未知,无法判定,白名单普通文件stat与冻结输入一致,未读取文件正文；字段语义和授权边界未证明,提供当前版本字段级身份、Schema和授权边界证据后新建不可变批次,b6118ed137c406348410af6e4eaeb8261a9eb3235fe2ad89f4ca2a4bea3b0a27,c7ac3d744459bf26cd65c97fca99f57611a77a408bf5ef6c6cf9d89c842ef88f,b08a61185ec39f488f1afef59c7dc4fa832c63f75e15c954516eb72dc036272a,未知,未知,未取得
source-identity-field-evidence-20260807T182456+0800-44d9871dc3b2,ZI-340aadc6892b72580d560fcc,DS-000181,候选数据文件,ETH,未知,未知,未知,未知,未知,未知,未知,未知,未知,无法判定,白名单普通文件stat与冻结输入一致,未读取文件正文；字段语义和授权边界未证明,提供当前版本字段级身份、Schema和授权边界证据后新建不可变批次,1fe6ac4a775c05280ed26b8f8853a6ac1a22125ef106286be954feedba32abf5,c68feee4be2993d8b8a73e279b6195f81f7cdedada212e84cd6c756714742edb,1bcd60e6ef2852b3a2f37b1f2c5250e8dde43c1bc1dcec41e19d8c1ee5a65ff0,未知,未知,未取得
source-identity-field-evidence-20260807T182456+0800-44d9871dc3b2,ZI-27719327ee321959786a64cc,DS-000182,候选数据文件,ETH,未知,未知,未知,未知,未知,未知,未知,未知,未知,无法判定,白名单普通文件stat与冻结输入一致,未读取文件正文；字段语义和授权边界未证明,提供当前版本字段级身份、Schema和授权边界证据后新建不可变批次,a74ec65bcc7369875747ed975605f401086ff589062f54356d0d9950115c7de9,f09fc8a6f5b1539a1b3cf887e0977fee1282c6c16f76db9cbc3068d839c25bb4,9704de67270d01549cb4536596f824738726150815d5a2228f8625560be37538,未知,未知,未取得
source-identity-field-evidence-20260807T182456+0800-44d9871dc3b2,ZI-66c7634266889e821b64a714,DS-000183,候选数据文件,ETH,未知,未知,未知,未知,未知,未知,未知,未知,未知,无法判定,白名单普通文件stat与冻结输入一致,未读取文件正文；字段语义和授权边界未证明,提供当前版本字段级身份、Schema和授权边界证据后新建不可变批次,5bd5cdb50b22e563541c34884cc493910fe803c5d4b9545de146de4b4433eedb,09ca5d365a96989a9b5ccc68b43d14c9894017529a209cc4d112451ff50bac6c,200f951ea3c5dcd63ef541c1e7d75d6bb3c3c67387c47ce9b6ccb9d18bacc70c,未知,未知,未取得
source-identity-field-evidence-20260807T182456+0800-44d9871dc3b2,ZI-706a0d8698d18a257e6cf972,DS-000184,候选数据文件,ETH,未知,未知,未知,未知,未知,未知,未知,未知,未知,无法判定,白名单普通文件stat与冻结输入一致,未读取文件正文；字段语义和授权边界未证明,提供当前版本字段级身份、Schema和授权边界证据后新建不可变批次,ae7b53abea94ebb15ee07ac54328eacafce104a7821261b0f92cdc259136945c,ae8583e9e5cb1dbbec303e39d149d0e2e1751c998f8efd5f2021d3ecd0bd2837,b1ad2c58f21715bdae3ae90aa3447704b5454d05cbe2f50648982e63c4c88f6b,未知,未知,未取得
source-identity-field-evidence-20260807T182456+0800-44d9871dc3b2,ZI-eed15514154813dbfce747b0,DS-000185,候选数据文件,ETH,未知,未知,未知,未知,未知,未知,未知,未知,未知,无法判定,白名单普通文件stat与冻结输入一致,未读取文件正文；字段语义和授权边界未证明,提供当前版本字段级身份、Schema和授权边界证据后新建不可变批次,fd66279f71275b9153fd72c7881ea8d8650bb18480b5b4455a1235907ffb7471,71087d6618e22464f61017d3eaba78394a1d99770dca087b997c1cc77028ef14,b09b9bdf526f2a86412915bfba56403f78dfe2090f6d3f62a65c65bc7a3b2d46,未知,未知,未取得
source-identity-field-evidence-20260807T182456+0800-44d9871dc3b2,ZI-b47b73f341ea052859c4a130,DS-000186,候选数据文件,ETH,未知,未知,未知,未知,未知,未知,未知,未知,未知,无法判定,白名单普通文件stat与冻结输入一致,未读取文件正文；字段语义和授权边界未证明,提供当前版本字段级身份、Schema和授权边界证据后新建不可变批次,b4d26c095ff3d7f2930ff2f9f61bb4c04c391bcc99501cadca68b3425f4cdb7b,455d25cc3f054709e38d5a204be89a8187f1381130e5e4eddb5c2beffe428a12,7992173936c58d2ba1cc9684829e23f7e4af2ba3e86cf1db105b249a64fdeb84,未知,未知,未取得
source-identity-field-evidence-20260807T182456+0800-44d9871dc3b2,ZI-91b43df8a264ef34dad28279,DS-000187,候选数据文件,ETH,未知,未知,未知,未知,未知,未知,未知,未知,未知,无法判定,白名单普通文件stat与冻结输入一致,未读取文件正文；字段语义和授权边界未证明,提供当前版本字段级身份、Schema和授权边界证据后新建不可变批次,cd6f8b4d93a9e695c2be3af8f0481d412bf7bf2d88fea5ee90dbb3af5a1f185b,359696415b0ac257deb93469523c69d0f2af36451055b2dca1c07e083ed5161e,1182e048300a92e564d72db2f620fd757fc3cd5c87df1c2a001c63e1476db0b1,未知,未知,未取得
source-identity-field-evidence-20260807T182456+0800-44d9871dc3b2,ZI-332d56aec4fb1f76945921fe,DS-000188,候选数据文件,ETH,未知,未知,未知,未知,未知,未知,未知,未知,未知,无法判定,白名单普通文件stat与冻结输入一致,未读取文件正文；字段语义和授权边界未证明,提供当前版本字段级身份、Schema和授权边界证据后新建不可变批次,7fd19c744dac05cbd7e434c721348638379f2dea6df0fc204c2eb68a78236231,11306827a908e9ff994d5dd1c7f85c22c8df50191d02dd527cea0b8c82fd4e58,1362be7277b00e9a3ec2ca47027b8260a13bef11e389eafb46e5cceeb063a5b7,未知,未知,未取得
source-identity-field-evidence-20260807T182456+0800-44d9871dc3b2,ZI-7a08962d936d8d7723ae46e3,DS-000189,候选数据文件,ETH,未知,未知,未知,未知,未知,未知,未知,未知,未知,无法判定,白名单普通文件stat与冻结输入一致,未读取文件正文；字段语义和授权边界未证明,提供当前版本字段级身份、Schema和授权边界证据后新建不可变批次,339770b4561a39f6d7d39db2fb133c36bbde7bfa98b6314ed23504c848d49222,84393fbbb6150c684420f721229ce9119167b9f12129ca420cf0693188440608,af0792915cf4c4591127e58632cf744dc7b9380ade9cfd47239a07cc323a42de,未知,未知,未取得
source-identity-field-evidence-20260807T182456+0800-44d9871dc3b2,ZI-d471c3e2f14e8b04a88d102b,DS-000190,候选数据文件,ETH,未知,未知,未知,未知,未知,未知,未知,未知,未知,无法判定,白名单普通文件stat与冻结输入一致,未读取文件正文；字段语义和授权边界未证明,提供当前版本字段级身份、Schema和授权边界证据后新建不可变批次,d7136de17556a28b492a1af141d73c1758727a591f4bba3dc8153365fa742189,46f46dc666afb32c7c3ddc58ac7f024b9e8c64afd385cb67242d7278dff80862,7ca6f3563ae0db2c1c7b0b7412b3bbff566a7fc7788c1a0205042a4d58dbf08a,未知,未知,未取得
source-identity-field-evidence-20260807T182456+0800-44d9871dc3b2,ZI-ca5f657cedbd2e1b8fd02244,DS-000191,候选数据文件,ETH,未知,未知,未知,未知,未知,未知,未知,未知,未知,无法判定,白名单普通文件stat与冻结输入一致,未读取文件正文；字段语义和授权边界未证明,提供当前版本字段级身份、Schema和授权边界证据后新建不可变批次,42e7dc84abcc5f0ad802d574fa1a6f66ab422df94f2e029e4500a429f58a7366,759705646ce3b8adbb2d04b43eb1c9dccf4f1a4bfdd3c8781114b0636c20230a,04547996da8298d179135ca1311d48b578f20bdcf2f36f3a62374b3ed644e213,未知,未知,未取得
source-identity-field-evidence-20260807T182456+0800-44d9871dc3b2,ZI-354ae6c4905e3db448577187,DS-000192,候选数据文件,ETH,未知,未知,未知,未知,未知,未知,未知,未知,未知,拒绝,冻结文件元数据漂移,未读取文件正文；字段语义和授权边界未证明,提供当前版本字段级身份、Schema和授权边界证据后新建不可变批次,0b63bbb25476f3c1a13d3453831e1a313715dd619c895cf6ee0995cac04a71b7,de6a2daa997f5baec435a0e0f1b8b31f2684dabffa03416105518d0875e9629b,799312d8272780f8a592127a26fa0f4ed0fc926fb08ce5bbfd611060bb5ea0f5,未知,未知,未取得
source-identity-field-evidence-20260807T182456+0800-44d9871dc3b2,ZI-d1bb187785d14529961e7f3f,DS-000193,候选数据文件,ETH,未知,未知,未知,未知,未知,未知,未知,未知,未知,无法判定,白名单普通文件stat与冻结输入一致,未读取文件正文；字段语义和授权边界未证明,提供当前版本字段级身份、Schema和授权边界证据后新建不可变批次,c7f0e941a62184b5da31ad822c95d8912302c67a9b7954a1cc0b890d47bdf708,a75364157eb1bd64de5e929223e29cb0918e3bbd0599fc67347c69305e2d2aaf,36b4fa529acd341651aa3d36b2aae8334974b2242e041d17f6ddd44afaf65a4d,未知,未知,未取得
source-identity-field-evidence-20260807T182456+0800-44d9871dc3b2,ZI-6f3802d826442d0412d2aa81,DS-000194,候选数据文件,ETH,未知,未知,未知,未知,未知,未知,未知,未知,未知,拒绝,冻结文件元数据漂移,未读取文件正文；字段语义和授权边界未证明,提供当前版本字段级身份、Schema和授权边界证据后新建不可变批次,62a9e8386448401b0df0012d85c2a2bee4cf6abfa56d187620f9414875fd792c,878b2c4e5e205dbc8a5861100934b3de51d1dccc69cfcbab0a469930ca91f569,02fb528a342a0be47a92f4913dfe02aa2f3a2efdcd53395bef78a8c85c79fd39,未知,未知,未取得
source-identity-field-evidence-20260807T182456+0800-44d9871dc3b2,ZI-e1794e82c705701b73c83cb1,DS-000195,候选数据文件,ETH,未知,未知,未知,未知,未知,未知,未知,未知,未知,无法判定,白名单普通文件stat与冻结输入一致,未读取文件正文；字段语义和授权边界未证明,提供当前版本字段级身份、Schema和授权边界证据后新建不可变批次,9e8f5648706c28594bb13be22bf74a43c6685db3eb0af8963881d94c1fb33090,434afc7e3a89f42c5022d38e7282b221285cc9bd078de532de6b9ebe70e01f39,af25809fcfc3f1b60761b6a592c677c103c63e7e455758aa9eb3fde3524deede,未知,未知,未取得
source-identity-field-evidence-20260807T182456+0800-44d9871dc3b2,ZI-3f3df114d327035876c6e2c5,DS-000196,候选数据文件,ETH,未知,未知,未知,未知,未知,未知,未知,未知,未知,无法判定,白名单普通文件stat与冻结输入一致,未读取文件正文；字段语义和授权边界未证明,提供当前版本字段级身份、Schema和授权边界证据后新建不可变批次,3302ef2c1af90e5188fec4871d9bc2a0b2f9649c1b92196be6c3cd882676ce67,f68f660712914a5c50984af4eb003b3c86399b2e2a3fbe74b7c95490c79eb6cc,f05a1884e557cd9177991093b94472ee3cdbb25016cce23d2ba3fc0fb9819a40,未知,未知,未取得
source-identity-field-evidence-20260807T182456+0800-44d9871dc3b2,ZI-19137f1f87be3d200089316b,DS-000197,候选数据文件,ETH,未知,未知,未知,未知,未知,未知,未知,未知,未知,无法判定,白名单普通文件stat与冻结输入一致,未读取文件正文；字段语义和授权边界未证明,提供当前版本字段级身份、Schema和授权边界证据后新建不可变批次,bfc42bc0d8152ba416024f1c92821247641bfebdacf6b68020d7b23caf8bcf1d,538e790d0eadb1bff65270e61dcea937c9070a0285aa74db0126bdd3ee1d7a81,447a7cec83aa441add12a492417f80db7878261605dbb6d3a87b0d432986b9ba,未知,未知,未取得
source-identity-field-evidence-20260807T182456+0800-44d9871dc3b2,ZI-80af384d1f7e36ec07c65427,DS-000198,候选数据文件,ETH,未知,未知,未知,未知,未知,未知,未知,未知,未知,无法判定,白名单普通文件stat与冻结输入一致,未读取文件正文；字段语义和授权边界未证明,提供当前版本字段级身份、Schema和授权边界证据后新建不可变批次,e91a693c10215586182fb841338a4f6446ac050e791e472e1cf048244d99abd4,214c511368f358e1bbb1fbe0a7a9606dd34bb99cc15ae273084845db85c4c0ce,d13223be824d9b160ef751785988501dc0d36204c613793ff94c7255a4b7a4c0,未知,未知,未取得
source-identity-field-evidence-20260807T182456+0800-44d9871dc3b2,ZI-5b12f1080c2c2012be1a896a,DS-000199,候选数据文件,ETH,未知,未知,未知,未知,未知,未知,未知,未知,未知,无法判定,白名单普通文件stat与冻结输入一致,未读取文件正文；字段语义和授权边界未证明,提供当前版本字段级身份、Schema和授权边界证据后新建不可变批次,9b483598e61c912f16425f2781345539481dc82d607aac2cba73462d89bd674b,ccb03aea15f0f7d4d3364bf79c9a12b38223f5db65211c5f7ee7dc8d7d502cc6,87b7f16e77d19c5086666951ec0189ca814e70e1412086f149324df98bdb9f8f,未知,未知,未取得
source-identity-field-evidence-20260807T182456+0800-44d9871dc3b2,ZI-e77ad70ccd2cdeb42c394004,DS-000200,候选数据文件,ETH,未知,未知,未知,未知,未知,未知,未知,未知,未知,无法判定,白名单普通文件stat与冻结输入一致,未读取文件正文；字段语义和授权边界未证明,提供当前版本字段级身份、Schema和授权边界证据后新建不可变批次,e80dcd17c2945c774e10bbdd99ee8807d9c0889a7aa945dff67b835761d325e1,004a83d0fc693a97b4c3d8b754abebb5219578b7d655a0b5b9fcda5fab56cd91,cd231de38acf8e0d93269e0350579422471c6ac94a41b1fec84bf2b7b6abba0b,未知,未知,未取得
source-identity-field-evidence-20260807T182456+0800-44d9871dc3b2,ZI-e5c1417e81aca9c453033647,DS-000201,候选数据文件,ETH,未知,未知,未知,未知,未知,未知,未知,未知,未知,无法判定,白名单普通文件stat与冻结输入一致,未读取文件正文；字段语义和授权边界未证明,提供当前版本字段级身份、Schema和授权边界证据后新建不可变批次,49981dce25f37ed42652b06b919f6933838ff3f5dde0c19b596d799b6865cebd,04c60e07d8cc1acf2890b95806acb864ed62ba840485926883b94ad01132919b,90b9ceefcf515578c8a0a63175bf6b413a8ee1f8fdae86731d41a52d33e33258,未知,未知,未取得
source-identity-field-evidence-20260807T182456+0800-44d9871dc3b2,ZI-d66834912672a4e2529dbcd7,DS-000202,候选数据文件,ETH,未知,未知,未知,未知,未知,未知,未知,未知,未知,无法判定,白名单普通文件stat与冻结输入一致,未读取文件正文；字段语义和授权边界未证明,提供当前版本字段级身份、Schema和授权边界证据后新建不可变批次,af6c149cc7e8aff483d571b31555d0d079734bd55eb11d9cf2e19fa32a765aca,7e1ff3292bcac4967d1c6ca1688b5c29fb458454d6a69e8a120ab33ceb5db186,0202658871ffec9dd8b48f72ebde6bf80014e1ef8e7d55974b0cd989e6ac9c00,未知,未知,未取得
source-identity-field-evidence-20260807T182456+0800-44d9871dc3b2,ZI-0ac78046b4728bc089499fc7,DS-000203,候选数据文件,ETH,未知,未知,未知,未知,未知,未知,未知,未知,未知,无法判定,白名单普通文件stat与冻结输入一致,未读取文件正文；字段语义和授权边界未证明,提供当前版本字段级身份、Schema和授权边界证据后新建不可变批次,4dcd4726cf5e37a543aed51c650186f864a264324396a79ba6fc6702b04aca60,022353d8a7cecd21b2c5a112041b94165c23e975bc0879f9b7259985a4cc1efb,06127ff3f32986d41ee77e6e3d3ed2c867cddf6b831a60e85029e46505054b52,未知,未知,未取得
source-identity-field-evidence-20260807T182456+0800-44d9871dc3b2,ZI-e3f8d3f88205af4edaf439ef,DS-000204,候选数据文件,ETH,未知,未知,未知,未知,未知,未知,未知,未知,未知,无法判定,白名单普通文件stat与冻结输入一致,未读取文件正文；字段语义和授权边界未证明,提供当前版本字段级身份、Schema和授权边界证据后新建不可变批次,60e872660b08823c99e2e04926f5c739275e934bce8e6799ed48f867fc114da3,50ff3452ba2a9ba3d573f775ffd68c1f2fb690e9abcfcd7d6a6cd73045db380b,02ae44d75c14b8040fb560372f3cc18386dd84c8af2ce30580363ea0816902ff,未知,未知,未取得
source-identity-field-evidence-20260807T182456+0800-44d9871dc3b2,ZI-dc9e6a5027261094522801f5,DS-000205,候选数据文件,ETH,未知,未知,未知,未知,未知,未知,未知,未知,未知,无法判定,白名单普通文件stat与冻结输入一致,未读取文件正文；字段语义和授权边界未证明,提供当前版本字段级身份、Schema和授权边界证据后新建不可变批次,357e287ee3ae9a9b3f35b6b4e036478848a3cb3659bc68f18d20dfc26f7fd580,49712cdae92835b44ed2eb37cf51a78eefcbe7421d3b2a7d953bcccf56046d8a,d50fae8da5ea170ddca8b565e478f46ecccf8a4152e756db02393f5b39acab0c,未知,未知,未取得
source-identity-field-evidence-20260807T182456+0800-44d9871dc3b2,ZI-39e668d49c271470ea63fde5,DS-000206,候选数据文件,ETH,未知,未知,未知,未知,未知,未知,未知,未知,未知,无法判定,白名单普通文件stat与冻结输入一致,未读取文件正文；字段语义和授权边界未证明,提供当前版本字段级身份、Schema和授权边界证据后新建不可变批次,4cd28c8e4c99a20a90332d2c80d3b371450fd362414938588e0d0de5ad3840d2,dbd2db4cbe0a65ae4350d31ec18a656b6605a3ad17e4cdbe4621593603ae9047,1abbf569ddce93b4c2ff21a02aa37eaa5fd7bb5ef8c9eca557db850f92ec23a1,未知,未知,未取得
source-identity-field-evidence-20260807T182456+0800-44d9871dc3b2,ZI-e6336b5c74a9200b20bce7e1,DS-000207,候选数据文件,ETH,未知,未知,未知,未知,未知,未知,未知,未知,未知,无法判定,白名单普通文件stat与冻结输入一致,未读取文件正文；字段语义和授权边界未证明,提供当前版本字段级身份、Schema和授权边界证据后新建不可变批次,2862c9267898c9d6737d4fc1b5ced6613c04c9e243fb77d4d93db30b2e8f8ad8,1f39426b20e2c0814c553d774aed62e6221c91fdc74365174d52f308f8238303,37c090116da89d81eaba508d0a5702b22ae4cfb20f96c7728790ace52c54c78b,未知,未知,未取得
source-identity-field-evidence-20260807T182456+0800-44d9871dc3b2,ZI-67bf3674d8c4e2d9f884e729,DS-000208,候选数据文件,ETH,未知,未知,未知,未知,未知,未知,未知,未知,未知,无法判定,白名单普通文件stat与冻结输入一致,未读取文件正文；字段语义和授权边界未证明,提供当前版本字段级身份、Schema和授权边界证据后新建不可变批次,fe9e7608a4eb061f5652be539fe800c731c30c5e369f84a49850cf73b997ae50,dda0f96d9461b05f6e850f87749fe3380486c31c34298320fa8651e170bb694c,aeae2fcb461a969c560084af97b8f8161052f1ede82b725fa2733c073c5d995e,未知,未知,未取得
source-identity-field-evidence-20260807T182456+0800-44d9871dc3b2,ZI-bf318ff33e056cae7780888f,DS-000209,候选数据文件,ETH,未知,未知,未知,未知,未知,未知,未知,未知,未知,无法判定,白名单普通文件stat与冻结输入一致,未读取文件正文；字段语义和授权边界未证明,提供当前版本字段级身份、Schema和授权边界证据后新建不可变批次,2d90d65ec9a02a4e23e09313281406cd378c2eaadb3a19a9f1c4ba89d57b523a,e57f12914fac62b377bf4e359b7c2cf61c422f6b001cd76c48072ff465657bef,d1ad09f1e7f3638fc8e80969bb4373e07fdf776617f5afd345011a2194f5fe91,未知,未知,未取得
source-identity-field-evidence-20260807T182456+0800-44d9871dc3b2,ZI-9bf3456766012c7fa289b73a,DS-000210,候选数据文件,ETH,未知,未知,未知,未知,未知,未知,未知,未知,未知,无法判定,白名单普通文件stat与冻结输入一致,未读取文件正文；字段语义和授权边界未证明,提供当前版本字段级身份、Schema和授权边界证据后新建不可变批次,1673f3d2d5e26882002c3ff908463abce1fdfb4a795443a152f6b85a43fb3f07,17f598522d8130df94b62176cdc6a8189721fa9b3f49722fd220e9cbadc9741c,b410577fc14df8d877d2538a44cdcc0b233e95f14570d6daf4194d44a035b5e1,未知,未知,未取得
source-identity-field-evidence-20260807T182456+0800-44d9871dc3b2,ZI-bf36c5f09b92ec27587054c0,DS-000211,候选数据文件,ETH,未知,未知,未知,未知,未知,未知,未知,未知,未知,无法判定,白名单普通文件stat与冻结输入一致,未读取文件正文；字段语义和授权边界未证明,提供当前版本字段级身份、Schema和授权边界证据后新建不可变批次,1f7e7cf555344a7206d8962dde3c7fb9c95f36713b307b7c1e758ad6556bd5a8,362fa3b77310c6c48372710ad5000594be4f6c9ee63a8d8e5e67928a563df143,2b40c7369c78487306068cd85d2c93ebeaa91bf3a697c1f9fbc509df6fe9fa10,未知,未知,未取得
source-identity-field-evidence-20260807T182456+0800-44d9871dc3b2,ZI-3e5b6d24bf74d09e00f206d2,DS-000212,候选数据文件,ETH,未知,未知,未知,未知,未知,未知,未知,未知,未知,无法判定,白名单普通文件stat与冻结输入一致,未读取文件正文；字段语义和授权边界未证明,提供当前版本字段级身份、Schema和授权边界证据后新建不可变批次,d8c78a0148f6abdd19f4a621d6c52ca485dd38012b2c028f70904050efa3275d,58e84a2acd05f870f7bf1783e7bf87456c2f6248b250fb94dbfc26b7bd57a151,98ee49edeca78356d8ac9fa87059ab4502c297e3a9466d662ee5fd2096156de0,未知,未知,未取得
source-identity-field-evidence-20260807T182456+0800-44d9871dc3b2,ZI-a63d16fb4ec4d09959677754,DS-000213,候选数据文件,ETH,未知,未知,未知,未知,未知,未知,未知,未知,未知,无法判定,白名单普通文件stat与冻结输入一致,未读取文件正文；字段语义和授权边界未证明,提供当前版本字段级身份、Schema和授权边界证据后新建不可变批次,49da7771a94025e16bceaf06d99d368bb69fc9f0b30773ef78fd195b2647f3cc,56a2eac9a16cbb949a0bf1f16d726dd98115eea6e136f4a03d7be23970ce8a77,154cc2457996b8aa393f20743edb738e4586a1021e5edd809f5bd15ce084d256,未知,未知,未取得
source-identity-field-evidence-20260807T182456+0800-44d9871dc3b2,ZI-46ace9e7b562d73bf90102ac,DS-000214,候选数据文件,ETH,未知,未知,未知,未知,未知,未知,未知,未知,未知,无法判定,白名单普通文件stat与冻结输入一致,未读取文件正文；字段语义和授权边界未证明,提供当前版本字段级身份、Schema和授权边界证据后新建不可变批次,4b7ef458a831e58978149d25819f70ca44d5a7ab56c24620e2b5e199ddfa8457,2cb1a5190ffb4630b2ec35f223f5c992df7ab2e71050dcb23fc54cb1a9aedf7c,a4c8d689ec8bcc30b6497790697a27936642cd251f625234946ff0b480ae35b0,未知,未知,未取得
source-identity-field-evidence-20260807T182456+0800-44d9871dc3b2,ZI-4bf648fae65088717c965e1f,DS-000215,候选数据文件,ETH,未知,未知,未知,未知,未知,未知,未知,未知,未知,无法判定,白名单普通文件stat与冻结输入一致,未读取文件正文；字段语义和授权边界未证明,提供当前版本字段级身份、Schema和授权边界证据后新建不可变批次,c8e071231ebbdfc3fd675eb141e1efc29ba7a13e91e9254f9c3cc1ef9495c2c2,9abb1231f268e50e3396640af274f8052cd715428012b8a0084afcbe17931baa,98245f2fa78cffdfec00c0d0ed033c8572fa8f8aff6f4eb3936362bacfc6cb59,未知,未知,未取得
source-identity-field-evidence-20260807T182456+0800-44d9871dc3b2,ZI-aa7e8af4e975d61b2ca3fb4f,DS-000216,候选数据文件,ETH,未知,未知,未知,未知,未知,未知,未知,未知,未知,无法判定,白名单普通文件stat与冻结输入一致,未读取文件正文；字段语义和授权边界未证明,提供当前版本字段级身份、Schema和授权边界证据后新建不可变批次,17cb50cc3c65f508fb921ef26b8f5306a43dab9610337cf613631b5df89e8e5d,ee6df5d430026d71ed88c6973dccfd6ff518113034e687c7810604b4dea3866e,be9523dc8af494a852cb48a6b8752a3b90441330642c99b9bc8f9921cfee4b32,未知,未知,未取得
source-identity-field-evidence-20260807T182456+0800-44d9871dc3b2,ZI-87449cb81b7b3a3b8f7d3eab,DS-000217,候选数据文件,ETH,未知,未知,未知,未知,未知,未知,未知,未知,未知,无法判定,白名单普通文件stat与冻结输入一致,未读取文件正文；字段语义和授权边界未证明,提供当前版本字段级身份、Schema和授权边界证据后新建不可变批次,0bdc7a67f1bbd727ffffcd809c382cb521892eb214a2a1049dd5fd9704b3ce31,0db40ebbd97b8589a96899c72139abcc5ddfe317498545c4e5cb85ae6cac1f11,cb6ca896c6881487347503d83181b53d660562a6714959454ffdceb86d6d332f,未知,未知,未取得
source-identity-field-evidence-20260807T182456+0800-44d9871dc3b2,ZI-36c092c73b65708fcdd38ad4,DS-000218,候选数据文件,ETH,未知,未知,未知,未知,未知,未知,未知,未知,未知,无法判定,白名单普通文件stat与冻结输入一致,未读取文件正文；字段语义和授权边界未证明,提供当前版本字段级身份、Schema和授权边界证据后新建不可变批次,23d79df12719a18f66ce20b5e7348fd6e2f6c701cfaa07957b0acc9b4b4b3c5d,afbe28922f866201c6c62a482f4a80c0ac198dcf47b1cce82c2806d1c35ffc4f,13302256ba476e018f5ec68c16d2759f276443d4d5c71cfcee3f1616a838db23,未知,未知,未取得
source-identity-field-evidence-20260807T182456+0800-44d9871dc3b2,ZI-12c289eff1be0bf2e1d20fb5,DS-000219,候选数据文件,ETH,未知,未知,未知,未知,未知,未知,未知,未知,未知,无法判定,白名单普通文件stat与冻结输入一致,未读取文件正文；字段语义和授权边界未证明,提供当前版本字段级身份、Schema和授权边界证据后新建不可变批次,21165349456518961030378083fea5551ab855e98f18bb276a7180f52b3d1f7d,f599cff6ebac13065c5d328fec1fbb1f15e9ade4e2165458daa34cd29a69954f,7fd9bb5c1514bb88b8c280382d4d16c6c41a69ecd2c39f54400d43663e34eac1,未知,未知,未取得
source-identity-field-evidence-20260807T182456+0800-44d9871dc3b2,ZI-f31616fc75ad8bef6735c9f9,DS-000220,候选数据文件,ETH,未知,未知,未知,未知,未知,未知,未知,未知,未知,无法判定,白名单普通文件stat与冻结输入一致,未读取文件正文；字段语义和授权边界未证明,提供当前版本字段级身份、Schema和授权边界证据后新建不可变批次,7de5a82ae4458f844affdcfc96bb58bd683630348ddf7b03231730efa11bf7dc,36508b297208143e27afcd44cc4fcd2ee750e3e9e193da162e3de577d1aaa5cf,750175a000e3718ee3289905476b96468f3cd7c9c91f74cc67ad5261ee7e8442,未知,未知,未取得
source-identity-field-evidence-20260807T182456+0800-44d9871dc3b2,ZI-cd249e493d073e54d19874b0,DS-000221,候选数据文件,ETH,未知,未知,未知,未知,未知,未知,未知,未知,未知,无法判定,白名单普通文件stat与冻结输入一致,未读取文件正文；字段语义和授权边界未证明,提供当前版本字段级身份、Schema和授权边界证据后新建不可变批次,6980edd049f750c69d7e7ae20e5aa6cc1657e9d95673ca38293e252e1af793e9,343de01a9c6aa0e8f32a3214f72642fc5913ee72f9c3d1eb356757b42d434cbe,ed1f89ddc0a5f7b9bb9b16da1fd51cbd47da3f100f88187594a543a38f5743be,未知,未知,未取得
source-identity-field-evidence-20260807T182456+0800-44d9871dc3b2,ZI-745c8f0cc6ded6fb507acbb1,DS-000222,候选数据文件,ETH,未知,未知,未知,未知,未知,未知,未知,未知,未知,无法判定,白名单普通文件stat与冻结输入一致,未读取文件正文；字段语义和授权边界未证明,提供当前版本字段级身份、Schema和授权边界证据后新建不可变批次,3e539388481b9fa19a3c40b0e3aa8d79677f6c36cfe63f2ca87828ac92b88df2,774744634547314c6817ca955113b31f10519f40ef851f40084033389fac2bfd,cdd61685271bc157510025fedea7847ef1db49f9b10f644e1500677955a6fc38,未知,未知,未取得
source-identity-field-evidence-20260807T182456+0800-44d9871dc3b2,ZI-eb81ef33f15cce2bf5a3ea90,DS-000223,候选数据文件,ETH,未知,未知,未知,未知,未知,未知,未知,未知,未知,无法判定,白名单普通文件stat与冻结输入一致,未读取文件正文；字段语义和授权边界未证明,提供当前版本字段级身份、Schema和授权边界证据后新建不可变批次,e9c7915b1f0185fd3199344770ef2c5020c6bc27def3a3c1755994699e69cf58,92cdb2996067d2c1431bbcfa79cf7489a4eb6d6501eba3f067a89ebfe0638611,a6eb6d88fe9bde69d129b9ee91779dc65edf4c3d5fbaf8aab97b644b27132c1f,未知,未知,未取得
source-identity-field-evidence-20260807T182456+0800-44d9871dc3b2,ZI-27b8a9edb40a15d5c5340edf,DS-000225,数据库元数据,ETH,未知,未知,未知,未知,未知,未知,未知,未知,未知,无法判定,数据库对象字段级摘要未取得,未读取数据库业务记录,提供当前版本字段级身份、Schema和授权边界证据后新建不可变批次,31c46439848b2efd4dd25f0894f6ce7296e53e7d983b81530451c4d4879bc220,未知,1a34cdec32069679f2d15789125dc3bf3c3c7c50a8e5ab185e2204b274948650,未知,未知,未取得
source-identity-field-evidence-20260807T182456+0800-44d9871dc3b2,ZI-ad198a04fff4d73bef09be27,DS-000226,数据库元数据,ETH,未知,未知,未知,未知,未知,未知,未知,未知,未知,无法判定,数据库对象字段级摘要未取得,未读取数据库业务记录,提供当前版本字段级身份、Schema和授权边界证据后新建不可变批次,6a81bb21010d297d98dd3ec7d464e7118f4b2d9fe881e05831f744f092a7bb21,未知,1a684ca2c6a60a8e1de847d047c817429c1dbe3a46fb74f722afb6ac9b1b2143,未知,未知,未取得
source-identity-field-evidence-20260807T182456+0800-44d9871dc3b2,ZI-4b36343f1d86304b4e4f560c,DS-000227,数据库元数据,ETH,未知,未知,未知,未知,未知,未知,未知,未知,未知,无法判定,数据库对象字段级摘要未取得,未读取数据库业务记录,提供当前版本字段级身份、Schema和授权边界证据后新建不可变批次,2ac0c84203efd9c2735cdb91f464d07bc39ee71c28da7cdc8cf4b0a2c0c359f7,未知,ec841a62d25e37a38f72f72359d7c39c05c92083fc86fa95d12feda183fd1224,未知,未知,未取得
source-identity-field-evidence-20260807T182456+0800-44d9871dc3b2,ZI-14ef909ee974f036bc532048,DS-000228,数据库元数据,ETH,未知,未知,未知,未知,未知,未知,未知,未知,未知,无法判定,数据库对象字段级摘要未取得,未读取数据库业务记录,提供当前版本字段级身份、Schema和授权边界证据后新建不可变批次,ded39db7f820476590ee31689b0e683dd170115a1af80b15191867fc8cfc2848,未知,c3f1ad7455f053dddc3f261090f7992d3b1071135e7d9a5534801da08f812b8e,未知,未知,未取得
source-identity-field-evidence-20260807T182456+0800-44d9871dc3b2,ZI-66a219ffac06bb9ab7fa2300,DS-000229,数据库元数据,ETH,未知,未知,未知,未知,未知,未知,未知,未知,未知,无法判定,数据库对象字段级摘要未取得,未读取数据库业务记录,提供当前版本字段级身份、Schema和授权边界证据后新建不可变批次,f92abe1336fcf2463981b9bf09595da91c6642688d884b9321950c809461e668,未知,e50aa8a61bce0ff8d3e3549b5142aa9290aa194cc88fca4c8857dc3fdab6c4e6,未知,未知,未取得
source-identity-field-evidence-20260807T182456+0800-44d9871dc3b2,ZI-79977c0de5fa10baeb4e2036,DS-000230,数据库元数据,ETH,未知,未知,未知,未知,未知,未知,未知,未知,未知,无法判定,数据库对象字段级摘要未取得,未读取数据库业务记录,提供当前版本字段级身份、Schema和授权边界证据后新建不可变批次,696fc7c4311abe694bffc605e03c287a75b809028054b2796902f493ea776b60,未知,2edbea5b9351ad8db3fab3b17513c32480cad17fb5aebd26927e0cc47b42fa34,未知,未知,未取得
source-identity-field-evidence-20260807T182456+0800-44d9871dc3b2,ZI-c0029613c3870423b45b1788,DS-000231,数据库元数据,ETH,未知,未知,未知,未知,未知,未知,未知,未知,未知,无法判定,数据库对象字段级摘要未取得,未读取数据库业务记录,提供当前版本字段级身份、Schema和授权边界证据后新建不可变批次,1ddffa1f0f31556fe0d2dc68a47c93c046bfcfab4dcad6b6413e954c85a567ce,未知,e8034e6d51ec1736370f8c4b7eeff0f759bda9a1458a2297668e03bae408d356,未知,未知,未取得
source-identity-field-evidence-20260807T182456+0800-44d9871dc3b2,ZI-cf8e84baeb622787ac41dc30,DS-000232,数据库元数据,ETH,未知,未知,未知,未知,未知,未知,未知,未知,未知,无法判定,数据库对象字段级摘要未取得,未读取数据库业务记录,提供当前版本字段级身份、Schema和授权边界证据后新建不可变批次,d5e98969dd30d95cf796e35f21a830b2e8ab6decb9c18e07dba58527efbd0f89,未知,134728fc7caaa4fecba7e6638caa4eb35f55084f7910b6af7dd647c9cd62733e,未知,未知,未取得
source-identity-field-evidence-20260807T182456+0800-44d9871dc3b2,ZI-6e16822db392394cabe67d99,DS-000233,数据库元数据,ETH,未知,未知,未知,未知,未知,未知,未知,未知,未知,无法判定,数据库对象字段级摘要未取得,未读取数据库业务记录,提供当前版本字段级身份、Schema和授权边界证据后新建不可变批次,72e7313ef8e524b350b1ace10c8d6b8626b5188e0d1dd969dfa6e1b8fcbd5739,未知,63b409518bcb8c589ba684bf960353b961b643763609f995af5ca20409461458,未知,未知,未取得
source-identity-field-evidence-20260807T182456+0800-44d9871dc3b2,ZI-8bf3b7f49e84f911829251ed,DS-000234,数据库元数据,ETH,未知,未知,未知,未知,未知,未知,未知,未知,未知,无法判定,数据库对象字段级摘要未取得,未读取数据库业务记录,提供当前版本字段级身份、Schema和授权边界证据后新建不可变批次,32b66f7841fcfd1a8692bb0602413683c771ac914082faa7548d5a3cd7b46044,未知,3868df66356e2fd15a9174e6eac20d2889751b7014fcd6895aa6b6973caafe05,未知,未知,未取得
source-identity-field-evidence-20260807T182456+0800-44d9871dc3b2,ZI-d1584d0aeceda26db63c8b11,DS-000235,数据库元数据,ETH,未知,未知,未知,未知,未知,未知,未知,未知,未知,无法判定,数据库对象字段级摘要未取得,未读取数据库业务记录,提供当前版本字段级身份、Schema和授权边界证据后新建不可变批次,f1c5147a2e34f6ba05d99991d7e96b60372cf8f3587d7274a6e8f0c390e7197f,未知,10fbacd9198654689fb7eec3f800466b866866f94ec0db36f5d211731b8d30ef,未知,未知,未取得
source-identity-field-evidence-20260807T182456+0800-44d9871dc3b2,ZI-5e6e454a508063ea931295ff,DS-000236,数据库元数据,ETH,未知,未知,未知,未知,未知,未知,未知,未知,未知,无法判定,数据库对象字段级摘要未取得,未读取数据库业务记录,提供当前版本字段级身份、Schema和授权边界证据后新建不可变批次,98b039adcd5656df11f65ee44b7131ebc40f5750a04b7327545e42606758bd44,未知,cf469b2acfdd0f671895be84d52192eb0d8c4e7f110a03746a8a8bb7fbe2286d,未知,未知,未取得
source-identity-field-evidence-20260807T182456+0800-44d9871dc3b2,ZI-df85df71f25df1fb06f98422,DS-000237,数据库元数据,ETH,未知,未知,未知,未知,未知,未知,未知,未知,未知,无法判定,数据库对象字段级摘要未取得,未读取数据库业务记录,提供当前版本字段级身份、Schema和授权边界证据后新建不可变批次,3726607d3f48f439672a2470687cbdc27e1513ae4716fbfd7ecfe895db4d10f7,未知,88844f393d02c0b4f18273ce604fda097d2fe2f5aba72c69d6a32ce360941036,未知,未知,未取得
source-identity-field-evidence-20260807T182456+0800-44d9871dc3b2,ZI-1194b87b58ecebc3c28008ce,DS-000238,数据库元数据,ETH,未知,未知,未知,未知,未知,未知,未知,未知,未知,无法判定,数据库对象字段级摘要未取得,未读取数据库业务记录,提供当前版本字段级身份、Schema和授权边界证据后新建不可变批次,270b961e9a166bcdca4fcdee14c4cd7f0f1ad86a75cdc3960672ad622cba43ea,未知,dc615ac3105fe36704fc780a3148f8abd75b81818e076700558ac13e68e96fb6,未知,未知,未取得
source-identity-field-evidence-20260807T182456+0800-44d9871dc3b2,ZI-2cfe46f1735ab9707d4c09ab,DS-000239,数据库元数据,ETH,未知,未知,未知,未知,未知,未知,未知,未知,未知,无法判定,数据库对象字段级摘要未取得,未读取数据库业务记录,提供当前版本字段级身份、Schema和授权边界证据后新建不可变批次,117aa34fd7e4061134b2f25dd7f0a2b0d1efa63bd4819c4778a897f004e66d14,未知,045ab591ad223ea79e48b1d3876640b1d45a57f66df91d45bc0de764b09884eb,未知,未知,未取得
source-identity-field-evidence-20260807T182456+0800-44d9871dc3b2,ZI-c2a1b190eb6f6e39d8e7307b,DS-000240,数据库元数据,ETH,未知,未知,未知,未知,未知,未知,未知,未知,未知,无法判定,数据库对象字段级摘要未取得,未读取数据库业务记录,提供当前版本字段级身份、Schema和授权边界证据后新建不可变批次,a9f656490ddb8a2c0687c98bf185161c1ff4e8545620daade42c31f3b709cd45,未知,8916fa4c26e0a5adc484d1fe964885a95b0d4cfdf623a897ad97028704770319,未知,未知,未取得
source-identity-field-evidence-20260807T182456+0800-44d9871dc3b2,ZI-ae83f52ffad4d799cef96c15,DS-000241,数据库元数据,ETH,未知,未知,未知,未知,未知,未知,未知,未知,未知,无法判定,数据库对象字段级摘要未取得,未读取数据库业务记录,提供当前版本字段级身份、Schema和授权边界证据后新建不可变批次,a3b0dc868567565fbc694d34c2bfbe290d8bce78d7aa8020914d094b03202ca2,未知,1c8ae73f15111deb4f7afb80c05a8f9cec261f4d4f5bb4e555471eb2b78563f0,未知,未知,未取得
source-identity-field-evidence-20260807T182456+0800-44d9871dc3b2,ZI-c0132a1ecf9a90f96d882e21,DS-000242,数据库元数据,ETH,未知,未知,未知,未知,未知,未知,未知,未知,未知,无法判定,数据库对象字段级摘要未取得,未读取数据库业务记录,提供当前版本字段级身份、Schema和授权边界证据后新建不可变批次,f06d1d1e6c27a45590fca5ee63f74b8db5c230132951c25768af2fdb002dade8,未知,9147e6e5ba042659d26623216143b93b3ef63c8e4a44ca5129ac15983b54f40a,未知,未知,未取得
source-identity-field-evidence-20260807T182456+0800-44d9871dc3b2,ZI-3df61827b10e5aad02eaefeb,DS-000243,数据库元数据,ETH,未知,未知,未知,未知,未知,未知,未知,未知,未知,无法判定,数据库对象字段级摘要未取得,未读取数据库业务记录,提供当前版本字段级身份、Schema和授权边界证据后新建不可变批次,8f2d433fc50cdb27ebcc8696c2f8aae7aee08cdc738e7e73e2445894e0b6429e,未知,52937d90f1db37caf442f0c28a4ae90fb5114ea3e20778d01b6b122afbf3bc7f,未知,未知,未取得
source-identity-field-evidence-20260807T182456+0800-44d9871dc3b2,ZI-6ce4484efa53e7ff44eb2c25,DS-000244,数据库元数据,ETH,未知,未知,未知,未知,未知,未知,未知,未知,未知,无法判定,数据库对象字段级摘要未取得,未读取数据库业务记录,提供当前版本字段级身份、Schema和授权边界证据后新建不可变批次,d9ccf842fc989b8040673df44f01abefc569defc18f83e6d9c5d50fe594be145,未知,71552739142e86d9d6697476396e87d647bfd988628ae3d47309506ac61ea377,未知,未知,未取得
source-identity-field-evidence-20260807T182456+0800-44d9871dc3b2,ZI-087e7743eeecff587810b73c,DS-000245,数据库元数据,ETH,未知,未知,未知,未知,未知,未知,未知,未知,未知,无法判定,数据库对象字段级摘要未取得,未读取数据库业务记录,提供当前版本字段级身份、Schema和授权边界证据后新建不可变批次,4a802128b530c664d2cce4467dc90608e80c54df2148a9807f2f73c198908494,未知,a296f9d5ae2d699bf114441880a67ff15fa06909025c9a80619904cf35732db7,未知,未知,未取得
source-identity-field-evidence-20260807T182456+0800-44d9871dc3b2,ZI-eaa396b6b41356431fa8c73f,DS-000246,数据库元数据,ETH,未知,未知,未知,未知,未知,未知,未知,未知,未知,无法判定,数据库对象字段级摘要未取得,未读取数据库业务记录,提供当前版本字段级身份、Schema和授权边界证据后新建不可变批次,7d64dde1f25c3737f64198c66faf0e6ab439a60473cdaa8f3b366cc1220a7b34,未知,5e84d9ce9142684f5a44d323e5ba18abb0ec7815e7e8d080cdf4f26af76eb8d8,未知,未知,未取得
source-identity-field-evidence-20260807T182456+0800-44d9871dc3b2,ZI-a5d529e526179f5aab36b504,DS-000247,数据库元数据,ETH,未知,未知,未知,未知,未知,未知,未知,未知,未知,无法判定,数据库对象字段级摘要未取得,未读取数据库业务记录,提供当前版本字段级身份、Schema和授权边界证据后新建不可变批次,87e80f8fb7aa338d10f9ea15efd48b34ebc42084728e9ba9869fa6a7eb4ca114,未知,94ba44016e33da44d750db2a052aa62f25fd3857aac4ddb1883f032dc3331f4f,未知,未知,未取得
source-identity-field-evidence-20260807T182456+0800-44d9871dc3b2,ZI-f72d093effc7a5df77a24e15,DS-000248,数据库元数据,ETH,未知,未知,未知,未知,未知,未知,未知,未知,未知,无法判定,数据库对象字段级摘要未取得,未读取数据库业务记录,提供当前版本字段级身份、Schema和授权边界证据后新建不可变批次,65611c0f1bf5e4f18dfc700ed64ff077d3d9c24f54cb2862a98fe7bafda25358,未知,44796c18866f4d658868f45700488adba152530bc34f315bbfe18b40dbde31a1,未知,未知,未取得
source-identity-field-evidence-20260807T182456+0800-44d9871dc3b2,ZI-3a704542de2b0358f6385dd1,DS-000249,数据库元数据,ETH,未知,未知,未知,未知,未知,未知,未知,未知,未知,无法判定,数据库对象字段级摘要未取得,未读取数据库业务记录,提供当前版本字段级身份、Schema和授权边界证据后新建不可变批次,aca809161e20675328dc217edad64dd8dba9342aab44d915bd0e824c22863f5e,未知,9a499066dd09780a243a5e41bdaaafd3f2ad23c29ddae93d246a8da452046c0a,未知,未知,未取得
source-identity-field-evidence-20260807T182456+0800-44d9871dc3b2,ZI-f218e1c853f5de10621f560f,DS-000250,数据库元数据,ETH,未知,未知,未知,未知,未知,未知,未知,未知,未知,无法判定,数据库对象字段级摘要未取得,未读取数据库业务记录,提供当前版本字段级身份、Schema和授权边界证据后新建不可变批次,ecb0dcb61e3f9dae7d3cae5c9d7891232f850e3a93e93c3a61f67948dbb25d6e,未知,5191c66153370ea815b3cbb07b00902eff249a2d2cc9437b4f4b1d1b3c3bfd83,未知,未知,未取得
source-identity-field-evidence-20260807T182456+0800-44d9871dc3b2,ZI-40198d2754da97536a9ad6ce,DS-000251,数据库元数据,ETH,未知,未知,未知,未知,未知,未知,未知,未知,未知,无法判定,数据库对象字段级摘要未取得,未读取数据库业务记录,提供当前版本字段级身份、Schema和授权边界证据后新建不可变批次,b816107fcd9458244e66909d10efec6cd8e2accda1bfe58a8fbf9a0669c0dd53,未知,9c109109073bf110bb0a8bcb80e89604fbc0d19b4acd6e5f0986f4f96f74a9c3,未知,未知,未取得
source-identity-field-evidence-20260807T182456+0800-44d9871dc3b2,ZI-33f93e20269b5fc9790af097,DS-000252,数据库元数据,ETH,未知,未知,未知,未知,未知,未知,未知,未知,未知,无法判定,数据库对象字段级摘要未取得,未读取数据库业务记录,提供当前版本字段级身份、Schema和授权边界证据后新建不可变批次,98ba0e71e4eea4203f58a3df83e1469c57532861305d2639da67bd3bb490d481,未知,dbfdae7c92307f3c6beae11602386a03667e75e59cc265dbfa47faa4f084a9ea,未知,未知,未取得
source-identity-field-evidence-20260807T182456+0800-44d9871dc3b2,ZI-323348d30ce7bec199813155,DS-000253,数据库元数据,ETH,未知,未知,未知,未知,未知,未知,未知,未知,未知,无法判定,数据库对象字段级摘要未取得,未读取数据库业务记录,提供当前版本字段级身份、Schema和授权边界证据后新建不可变批次,6218f5ae411a9a1c1d8031e34c1091dea2dc3f9d8700a756d1665b4011c480c1,未知,c31001362b7e183db4351068aa1d8e541434b9c5f5a93882b34f812b1c59d82d,未知,未知,未取得
source-identity-field-evidence-20260807T182456+0800-44d9871dc3b2,ZI-d041bd8293d10482fe6e3302,DS-000254,数据库元数据,ETH,未知,未知,未知,未知,未知,未知,未知,未知,未知,无法判定,数据库对象字段级摘要未取得,未读取数据库业务记录,提供当前版本字段级身份、Schema和授权边界证据后新建不可变批次,8fb55f44c4dc05cd2f2f0afb77a649faa69a0513e90690925d91bf432e4f30ff,未知,9dab1e19a52a042d1f006bf02ebf4d0238caecf142d35d56ef08dc9babedee40,未知,未知,未取得
source-identity-field-evidence-20260807T182456+0800-44d9871dc3b2,ZI-3a7f47e5cb0b222a091588ca,DS-000255,数据库元数据,ETH,未知,未知,未知,未知,未知,未知,未知,未知,未知,无法判定,数据库对象字段级摘要未取得,未读取数据库业务记录,提供当前版本字段级身份、Schema和授权边界证据后新建不可变批次,97c901f301044a2160dd66a1a1f59d8d5958ae46cc18f7590c0234c39322f194,未知,12829f6a9de1655bd9f758df1e6604938e9d1a88f363bdbace9a1fbdce9f91f6,未知,未知,未取得
source-identity-field-evidence-20260807T182456+0800-44d9871dc3b2,ZI-319a17a33bc9e78d08ed5c4a,DS-000256,数据库元数据,ETH,未知,未知,未知,未知,未知,未知,未知,未知,未知,无法判定,数据库对象字段级摘要未取得,未读取数据库业务记录,提供当前版本字段级身份、Schema和授权边界证据后新建不可变批次,72946cce48d978d6b90942bd0f99bd012a999fc767a59eaeb63b097815d707a9,未知,6ecb51ce1b11fe3ef4605a04e82f38084e8091ea8e20c555dac71160f23a1e45,未知,未知,未取得
source-identity-field-evidence-20260807T182456+0800-44d9871dc3b2,ZI-a7faef667815d04984e9f416,DS-000257,数据库元数据,ETH,未知,未知,未知,未知,未知,未知,未知,未知,未知,无法判定,数据库对象字段级摘要未取得,未读取数据库业务记录,提供当前版本字段级身份、Schema和授权边界证据后新建不可变批次,e9a1adbad68c8e4f0b3f88a4c1d5f5e59207297fe7eb4ea9a6f3e91690974ffb,未知,bfc3e13d138569f1492b54f31e47e1a92e30eb32e119d7dc6ddf2ed81cc4ab1f,未知,未知,未取得
source-identity-field-evidence-20260807T182456+0800-44d9871dc3b2,ZI-8525784cda6abfa9ae3bebd3,DS-000258,数据库元数据,ETH,未知,未知,未知,未知,未知,未知,未知,未知,未知,无法判定,数据库对象字段级摘要未取得,未读取数据库业务记录,提供当前版本字段级身份、Schema和授权边界证据后新建不可变批次,05dc2fcb434d0937800d8432001eafe73e3969f23c72e4e6dccfa8d10a464e89,未知,cdde104c9afbff1019e53187a00c5023a2cf9f76594cde755bb83374a803d31f,未知,未知,未取得
source-identity-field-evidence-20260807T182456+0800-44d9871dc3b2,ZI-aa4a3912b3b8cdfe15e16046,DS-000259,数据库元数据,ETH,未知,未知,未知,未知,未知,未知,未知,未知,未知,无法判定,数据库对象字段级摘要未取得,未读取数据库业务记录,提供当前版本字段级身份、Schema和授权边界证据后新建不可变批次,1cd773853ef33cb8f6d7c1280729bf82e0b795d62cb20a76d636135bcdf110fc,未知,903abad25af7cf321c17140cb478c7babd62047a87400322f37c956cc532562b,未知,未知,未取得
source-identity-field-evidence-20260807T182456+0800-44d9871dc3b2,ZI-9eca828c7abfb00211600ef2,DS-000260,数据库元数据,ETH,未知,未知,未知,未知,未知,未知,未知,未知,未知,无法判定,数据库对象字段级摘要未取得,未读取数据库业务记录,提供当前版本字段级身份、Schema和授权边界证据后新建不可变批次,401f3e557d030bd2429821a0c387907103f5a6996eed7ad975e0b5013f0313e6,未知,1b4ee0102bceb3cefb28f6cd1511b1dcd3effab2dddcca764859204d4ac262b7,未知,未知,未取得
source-identity-field-evidence-20260807T182456+0800-44d9871dc3b2,ZI-a9478e827e537a4e6878eb2f,DS-000261,数据库元数据,ETH,未知,未知,未知,未知,未知,未知,未知,未知,未知,无法判定,数据库对象字段级摘要未取得,未读取数据库业务记录,提供当前版本字段级身份、Schema和授权边界证据后新建不可变批次,a9f85bb1dc0b933fe331584b1457e01f02ef7ff90e431451c038e26336977746,未知,621792d8e213c5b1fac69e776f9a21a100862ebffdfd1d7f504b406d1467d8e0,未知,未知,未取得
source-identity-field-evidence-20260807T182456+0800-44d9871dc3b2,ZI-f29bed3f0a71e254b51c83b3,DS-000262,数据库元数据,ETH,未知,未知,未知,未知,未知,未知,未知,未知,未知,无法判定,数据库对象字段级摘要未取得,未读取数据库业务记录,提供当前版本字段级身份、Schema和授权边界证据后新建不可变批次,b8a6749e0560113c220e491aa3837fbbc46a199eea8b154ba402234b3fe136c3,未知,eb343dfbf2074351da097b4f0876035706cdbac1e1e864aa51b1f1ad2eb3aab0,未知,未知,未取得
source-identity-field-evidence-20260807T182456+0800-44d9871dc3b2,ZI-6aa7f974b25be7596f63688e,DS-000263,数据库元数据,ETH,未知,未知,未知,未知,未知,未知,未知,未知,未知,无法判定,数据库对象字段级摘要未取得,未读取数据库业务记录,提供当前版本字段级身份、Schema和授权边界证据后新建不可变批次,88da7335bdb9dec72ed997ca4fa5e1dfa14b14965380d3de3b4d82bafa7ba8e6,未知,4c73e5bcf68867727fff7b6a0723607ab6b676c8850c2a83599cbc97e0b432ac,未知,未知,未取得
source-identity-field-evidence-20260807T182456+0800-44d9871dc3b2,ZI-e39661473025820c2f3936e3,DS-000264,数据库元数据,ETH,未知,未知,未知,未知,未知,未知,未知,未知,未知,无法判定,数据库对象字段级摘要未取得,未读取数据库业务记录,提供当前版本字段级身份、Schema和授权边界证据后新建不可变批次,474ef8452df7b494b2e90829b34983df559699b8d2cf94b36731bfcedb517544,未知,351bd7aaf47ed63f50e225c22c02bb750b0ba67849f3cb4d6b9ed90bcbc53575,未知,未知,未取得
source-identity-field-evidence-20260807T182456+0800-44d9871dc3b2,ZI-f83c61b1c7dab956125c37c7,DS-000265,数据库元数据,ETH,未知,未知,未知,未知,未知,未知,未知,未知,未知,无法判定,数据库对象字段级摘要未取得,未读取数据库业务记录,提供当前版本字段级身份、Schema和授权边界证据后新建不可变批次,5e24f63ab8f417987a50c39d32718c38ba94e1de57ac2745a718cc5ec794238a,未知,9a9a570a59197705c447706932c63eae1466e683418683c96f72103cb11b3d3a,未知,未知,未取得
source-identity-field-evidence-20260807T182456+0800-44d9871dc3b2,ZI-93016c2f08434388c8be5de9,DS-000266,数据库元数据,ETH,未知,未知,未知,未知,未知,未知,未知,未知,未知,无法判定,数据库对象字段级摘要未取得,未读取数据库业务记录,提供当前版本字段级身份、Schema和授权边界证据后新建不可变批次,9ec4dbfaf5336e4c4d9f5ce4ad4098db90b8baac6f44296a4b7aa43839353d19,未知,81a15475de0d3c8ccbcb4fe83fb6f08bffdbe89f42968c95cdf2dbc98c6fc188,未知,未知,未取得
source-identity-field-evidence-20260807T182456+0800-44d9871dc3b2,ZI-4dc005cfa35f65f4ae1ad906,DS-000267,数据库元数据,ETH,未知,未知,未知,未知,未知,未知,未知,未知,未知,无法判定,数据库对象字段级摘要未取得,未读取数据库业务记录,提供当前版本字段级身份、Schema和授权边界证据后新建不可变批次,e7f6d4ff14fbb9aee41d9c66f271b8ce269ce023dbdbbce5c6f48152b31da3ef,未知,b1961f5cad5bf2a859672f59337b951c25e1b634bbd4498ba51369379208530f,未知,未知,未取得
source-identity-field-evidence-20260807T182456+0800-44d9871dc3b2,ZI-827070ff91d17f4ef1f978bb,DS-000268,数据库元数据,ETH,未知,未知,未知,未知,未知,未知,未知,未知,未知,无法判定,数据库对象字段级摘要未取得,未读取数据库业务记录,提供当前版本字段级身份、Schema和授权边界证据后新建不可变批次,4803e9627f705d300d20509eaf83377393d2e5744750aedc6e586f6548fca8cf,未知,0029870291061ee7122786ae9d558972666ea593a47c9e5ba93fb71fd2609586,未知,未知,未取得
source-identity-field-evidence-20260807T182456+0800-44d9871dc3b2,ZI-d8ee305d7e2a2eaae8afc53b,DS-000269,数据库元数据,ETH,未知,未知,未知,未知,未知,未知,未知,未知,未知,无法判定,数据库对象字段级摘要未取得,未读取数据库业务记录,提供当前版本字段级身份、Schema和授权边界证据后新建不可变批次,306e9d1ebd248b8aaea8e6db506482b6fb9679820c694bb23bc5d54912fe5e05,未知,ec6ef27f2e56d82ce4073b3eca3a42d7d30e88e25576b7a5c6b527838a0f1333,未知,未知,未取得
source-identity-field-evidence-20260807T182456+0800-44d9871dc3b2,ZI-bb10b091e630f2c5f8d067dc,DS-000270,数据库元数据,ETH,未知,未知,未知,未知,未知,未知,未知,未知,未知,无法判定,数据库对象字段级摘要未取得,未读取数据库业务记录,提供当前版本字段级身份、Schema和授权边界证据后新建不可变批次,95f8505a488937ebddda6f0e9846dfdf89d1295922aaa46fa86f783e28904115,未知,eaa7287405c92089e518e76925f114a9065fcf7b599bbb2848ae70dbca6b02e1,未知,未知,未取得
source-identity-field-evidence-20260807T182456+0800-44d9871dc3b2,ZI-17ba1f1ac29398cf97340b28,DS-000271,数据库元数据,ETH,未知,未知,未知,未知,未知,未知,未知,未知,未知,无法判定,数据库对象字段级摘要未取得,未读取数据库业务记录,提供当前版本字段级身份、Schema和授权边界证据后新建不可变批次,f604d30fca95af10cef6f2d1d42f0a77ca097a72e2a4892d7695ea06b814087e,未知,01f1ae622a075767d1b629d1f55fc69d0997f8fdc5dcbef8dc1468e96813a937,未知,未知,未取得
source-identity-field-evidence-20260807T182456+0800-44d9871dc3b2,ZI-eebaaf0844841bd1a3649f6c,DS-000272,数据库元数据,ETH,未知,未知,未知,未知,未知,未知,未知,未知,未知,无法判定,数据库对象字段级摘要未取得,未读取数据库业务记录,提供当前版本字段级身份、Schema和授权边界证据后新建不可变批次,7790a7096a82194b8ce40632577b34f15029864f0d73ca67f2309a4a5771c546,未知,6594b952f9204f0fb2a7df501929127f14372ef281913e60fff1c4e0a2173d2e,未知,未知,未取得
source-identity-field-evidence-20260807T182456+0800-44d9871dc3b2,ZI-a80e072df8f612821d6e6d49,DS-000273,数据库元数据,ETH,未知,未知,未知,未知,未知,未知,未知,未知,未知,无法判定,数据库对象字段级摘要未取得,未读取数据库业务记录,提供当前版本字段级身份、Schema和授权边界证据后新建不可变批次,a644234938a03b68cc0be912f99fd12eecc36270251217d470225f7047a900e1,未知,ca7c5de1c2e49b1c788ecd1ebc691826611755a3c83d44aa05145e0c38b70035,未知,未知,未取得
source-identity-field-evidence-20260807T182456+0800-44d9871dc3b2,ZI-3f44a87d788d10b95a30c249,DS-000274,数据库元数据,ETH,未知,未知,未知,未知,未知,未知,未知,未知,未知,无法判定,数据库对象字段级摘要未取得,未读取数据库业务记录,提供当前版本字段级身份、Schema和授权边界证据后新建不可变批次,56318299b0d280227cabfa2f1672b2c87315c5e40fbfae0740be47ade1d1af81,未知,b9d8d48afb74fc29d02f50f72adffc22e76421959d76a815a3d2a39b6312b935,未知,未知,未取得
source-identity-field-evidence-20260807T182456+0800-44d9871dc3b2,ZI-62772b32407692854e1b95ac,DS-000275,数据库元数据,ETH,未知,未知,未知,未知,未知,未知,未知,未知,未知,无法判定,数据库对象字段级摘要未取得,未读取数据库业务记录,提供当前版本字段级身份、Schema和授权边界证据后新建不可变批次,73610ec234845390268c10b094aaa11475cbf536d943f9b58d68fb3b943ab020,未知,f7e13de5b55b79e78735ece79eaa9249ace3e3a7ade32d03876b3df975c7bfcc,未知,未知,未取得
source-identity-field-evidence-20260807T182456+0800-44d9871dc3b2,ZI-4a98d425a04a5267f443db5e,DS-000276,数据库元数据,ETH,未知,未知,未知,未知,未知,未知,未知,未知,未知,无法判定,数据库对象字段级摘要未取得,未读取数据库业务记录,提供当前版本字段级身份、Schema和授权边界证据后新建不可变批次,63d1274ea3fb1103b26995399caac6aa6b1ff7dc21c80113d3c7a5ee47a9c26b,未知,9277cf8182670c59be2d8a80429946c15a1baf8d154ca3cf6ebd6bda19d3f126,未知,未知,未取得
source-identity-field-evidence-20260807T182456+0800-44d9871dc3b2,ZI-8c6daa7a9cd03f72c0bb230c,DS-000277,数据库元数据,ETH,未知,未知,未知,未知,未知,未知,未知,未知,未知,无法判定,数据库对象字段级摘要未取得,未读取数据库业务记录,提供当前版本字段级身份、Schema和授权边界证据后新建不可变批次,e503bb6f17a82b37b897771791caaa1e29e80668c0428f0681b923834b9065f5,未知,09dc7bb537643fc5f1a8af704b96cf3831d75327045ea52a84bd16edbc9d3336,未知,未知,未取得
source-identity-field-evidence-20260807T182456+0800-44d9871dc3b2,ZI-f5038d3566b0a032bcaf46c3,DS-000278,数据库元数据,ETH,未知,未知,未知,未知,未知,未知,未知,未知,未知,无法判定,数据库对象字段级摘要未取得,未读取数据库业务记录,提供当前版本字段级身份、Schema和授权边界证据后新建不可变批次,fa4552653682a5a645abc7d003707a2b955e9f15d42bfe64289d2fb28e2a191b,未知,982a1013b6e90153aca999a49bcdf5e1f67e160e9bbc7a4bc9cf5b10a1030656,未知,未知,未取得
source-identity-field-evidence-20260807T182456+0800-44d9871dc3b2,ZI-99863edc37bbc5802f2709fe,DS-000279,数据库元数据,ETH,未知,未知,未知,未知,未知,未知,未知,未知,未知,无法判定,数据库对象字段级摘要未取得,未读取数据库业务记录,提供当前版本字段级身份、Schema和授权边界证据后新建不可变批次,2d111721e4691350f2689d5218c339e609ff789ab1ffd957cf1e86f6c2e28de6,未知,8632f39269d08b5e29e98162b591ef97c5bb616796f6feb295c4c3b958fa45be,未知,未知,未取得
source-identity-field-evidence-20260807T182456+0800-44d9871dc3b2,ZI-4838a8566ae6f1897291aaa8,DS-000280,数据库元数据,ETH,未知,未知,未知,未知,未知,未知,未知,未知,未知,无法判定,数据库对象字段级摘要未取得,未读取数据库业务记录,提供当前版本字段级身份、Schema和授权边界证据后新建不可变批次,cac55077234265c74dafb73c9f43c185891c7807117d29f5189237391804df69,未知,bf1894bd1d5fe1df83dd5876a3bc4afe303c43a890d70f0a9650501b11755223,未知,未知,未取得
source-identity-field-evidence-20260807T182456+0800-44d9871dc3b2,ZI-ac1a52eb589873b5de99bc78,DS-000281,数据库元数据,ETH,未知,未知,未知,未知,未知,未知,未知,未知,未知,无法判定,数据库对象字段级摘要未取得,未读取数据库业务记录,提供当前版本字段级身份、Schema和授权边界证据后新建不可变批次,741c6415aff8d57d93fa7fc8db0f4bb0ff4bbf74847310eda08d9494ab0c9d11,未知,42069b47317ab86d1841871c7620d56c9ebe8c0c0f6d00d4fc4b06ee89746524,未知,未知,未取得
source-identity-field-evidence-20260807T182456+0800-44d9871dc3b2,ZI-bb8a6e82da48e6ac96cf106f,DS-000282,数据库元数据,ETH,未知,未知,未知,未知,未知,未知,未知,未知,未知,无法判定,数据库对象字段级摘要未取得,未读取数据库业务记录,提供当前版本字段级身份、Schema和授权边界证据后新建不可变批次,cc517e52dad87d6b0eb540fd207279b11705531034a2728e4ef4b5a54557fd22,未知,68f81480a1bcafdf1b2e614c5c69cc8839e057d17891487e232b593adcfe5727,未知,未知,未取得
source-identity-field-evidence-20260807T182456+0800-44d9871dc3b2,ZI-b6f9c3dac81cba3b88c55ccc,DS-000283,数据库元数据,ETH,未知,未知,未知,未知,未知,未知,未知,未知,未知,无法判定,数据库对象字段级摘要未取得,未读取数据库业务记录,提供当前版本字段级身份、Schema和授权边界证据后新建不可变批次,7588ce35230cdca962b93d28bc9de83f177f830d6bb53403b474a03a29596210,未知,aced5572ab673714954dfd6baf13f0cccd2b7facfb165f6822ce093cd9b061f6,未知,未知,未取得
source-identity-field-evidence-20260807T182456+0800-44d9871dc3b2,ZI-33515fc4212b910c8704867b,DS-000284,数据库元数据,ETH,未知,未知,未知,未知,未知,未知,未知,未知,未知,无法判定,数据库对象字段级摘要未取得,未读取数据库业务记录,提供当前版本字段级身份、Schema和授权边界证据后新建不可变批次,0809927212405ebae149f168b347d25ea15f080cd46ffe4f4dcf4e78c2021a92,未知,6540f67d6e537e1740c59a74f18982b763632b5e05dd9665977ec3d6492ab8cb,未知,未知,未取得
source-identity-field-evidence-20260807T182456+0800-44d9871dc3b2,ZI-f9dd85c76eb8176d00956078,DS-000285,数据库元数据,ETH,未知,未知,未知,未知,未知,未知,未知,未知,未知,无法判定,数据库对象字段级摘要未取得,未读取数据库业务记录,提供当前版本字段级身份、Schema和授权边界证据后新建不可变批次,59f4b36536bca90c9ccbe3ed41c85a0edc295a6957a22310fb2e2dbacb47bd59,未知,fe6e089161933711741e04838d1644020c3da01f9105fc555b52920ea59554c2,未知,未知,未取得
source-identity-field-evidence-20260807T182456+0800-44d9871dc3b2,ZI-2405f3bbc3b633e85a083048,DS-000286,数据库元数据,ETH,未知,未知,未知,未知,未知,未知,未知,未知,未知,无法判定,数据库对象字段级摘要未取得,未读取数据库业务记录,提供当前版本字段级身份、Schema和授权边界证据后新建不可变批次,845babdf7e1c3899916b9ca2f8a07abca6ea658ee7c99bc5a8581722420e6866,未知,820297554c8ba1d2725632c058cb7298b13fdce80f90b1418c1ec4215d9a68c9,未知,未知,未取得
source-identity-field-evidence-20260807T182456+0800-44d9871dc3b2,ZI-4a3a0907e7d9408d9324f32f,DS-000287,数据库元数据,ETH,未知,未知,未知,未知,未知,未知,未知,未知,未知,无法判定,数据库对象字段级摘要未取得,未读取数据库业务记录,提供当前版本字段级身份、Schema和授权边界证据后新建不可变批次,098c9d16ac6b41d35e97a530549ca546b60c896225a4fb6c961fd5040621acdd,未知,bee4d7a820b316b73e9defdcdf17d771131122a89f00d921100127c8d77776ce,未知,未知,未取得
source-identity-field-evidence-20260807T182456+0800-44d9871dc3b2,ZI-5a9a391a9e494adad93ed2a1,DS-000288,数据库元数据,ETH,未知,未知,未知,未知,未知,未知,未知,未知,未知,无法判定,数据库对象字段级摘要未取得,未读取数据库业务记录,提供当前版本字段级身份、Schema和授权边界证据后新建不可变批次,0ce0fdb691110e99627216dcd51afe9a507bfdb7bddb9a15e93a834ce1b6bbba,未知,812dfcce21614435653520b797241c22235f7f4e75d50f2fd22fb1413e8afc9e,未知,未知,未取得
source-identity-field-evidence-20260807T182456+0800-44d9871dc3b2,ZI-c69fb4ea6efa32472592021e,DS-000289,数据库元数据,ETH,未知,未知,未知,未知,未知,未知,未知,未知,未知,无法判定,数据库对象字段级摘要未取得,未读取数据库业务记录,提供当前版本字段级身份、Schema和授权边界证据后新建不可变批次,facb3f58201be1d0111803a0969dfc2571e3fb220f2550a6773c2c5ec9e6704b,未知,bd9bbd543f9b4f3ad10170d3b896b5350413875359cf982a864abe40c9a18760,未知,未知,未取得
source-identity-field-evidence-20260807T182456+0800-44d9871dc3b2,ZI-e83b0ea0cb4edb6fa92ef211,DS-000290,数据库元数据,ETH,未知,未知,未知,未知,未知,未知,未知,未知,未知,无法判定,数据库对象字段级摘要未取得,未读取数据库业务记录,提供当前版本字段级身份、Schema和授权边界证据后新建不可变批次,0161ed81721e89e4a3e6e49b017ca55645bd50ed66c63efb03184e7edd6322fa,未知,3d0e96dcee849612d9dd78f6faa20c7d5001a395556cde995da6200fffd31489,未知,未知,未取得
source-identity-field-evidence-20260807T182456+0800-44d9871dc3b2,ZI-d8011c433ebd2138a2305438,DS-000291,数据库元数据,ETH,未知,未知,未知,未知,未知,未知,未知,未知,未知,无法判定,数据库对象字段级摘要未取得,未读取数据库业务记录,提供当前版本字段级身份、Schema和授权边界证据后新建不可变批次,741fe59e6e2697d5dd227a7490ee195cc6895ce04818fde2fb5fbe2034a2ce81,未知,9e7e9d205d35e061f767a80ef17edcc4d2f535735d5882d12859269187d32998,未知,未知,未取得
source-identity-field-evidence-20260807T182456+0800-44d9871dc3b2,ZI-8fbd9976355cbb8be5048b7f,DS-000292,数据库元数据,ETH,未知,未知,未知,未知,未知,未知,未知,未知,未知,无法判定,数据库对象字段级摘要未取得,未读取数据库业务记录,提供当前版本字段级身份、Schema和授权边界证据后新建不可变批次,d27b1f879c69916fdbbaa57607231145c16481c1e44a97e1b215aecb1cf8560a,未知,35bdb814edea75a8250ecb4b3833b039a49b87f19f3d658ecc5f5b56df60683e,未知,未知,未取得
source-identity-field-evidence-20260807T182456+0800-44d9871dc3b2,ZI-4063df41f07d941306cf1d83,DS-000293,数据库元数据,ETH,未知,未知,未知,未知,未知,未知,未知,未知,未知,无法判定,数据库对象字段级摘要未取得,未读取数据库业务记录,提供当前版本字段级身份、Schema和授权边界证据后新建不可变批次,905b8dcd9947a77fdc3bbd98eb8e21ae6935385a23c6b59bc3a9a9bf490a11ee,未知,46243f52501b56a21d66af9f1c2eae284599d71b51853f7ae4f6105bafd6b9f6,未知,未知,未取得
source-identity-field-evidence-20260807T182456+0800-44d9871dc3b2,ZI-4cc05befd7c25420d6616745,DS-000294,数据库元数据,ETH,未知,未知,未知,未知,未知,未知,未知,未知,未知,无法判定,数据库对象字段级摘要未取得,未读取数据库业务记录,提供当前版本字段级身份、Schema和授权边界证据后新建不可变批次,6e0cb2f1b1667a8715c214ba9ec6ae7deec4b615f5f7be131aa817f0a8ad2f6f,未知,f3f8f09085eed6aee0c5656b834d8baec6555e1055db20ae038a7f79e0df4d68,未知,未知,未取得
source-identity-field-evidence-20260807T182456+0800-44d9871dc3b2,ZI-144ccc0a1a75fb0a53e5d6a3,DS-000295,数据库元数据,ETH,未知,未知,未知,未知,未知,未知,未知,未知,未知,无法判定,数据库对象字段级摘要未取得,未读取数据库业务记录,提供当前版本字段级身份、Schema和授权边界证据后新建不可变批次,00b0e1303584f388a94ca8df6de78fd456403f5a27f9d9f3973b249efb0429a3,未知,0d7414d9350df1f0442268320486c00984b9bbdbad283d35eba2764b55d8412a,未知,未知,未取得
source-identity-field-evidence-20260807T182456+0800-44d9871dc3b2,ZI-1978e354b3d643de7ef83426,DS-000296,数据库元数据,ETH,未知,未知,未知,未知,未知,未知,未知,未知,未知,无法判定,数据库对象字段级摘要未取得,未读取数据库业务记录,提供当前版本字段级身份、Schema和授权边界证据后新建不可变批次,840669cb99560c36aaa3d535c5e9358708208a5e91f514d4ff9ab0aed933b359,未知,dfa38f1a940f0f827441ebf7ea141eafe6fd59dbcf487882978f7c1461ba7c59,未知,未知,未取得
source-identity-field-evidence-20260807T182456+0800-44d9871dc3b2,ZI-3eac98ecd7d3ac093f446c61,DS-000297,数据库元数据,ETH,未知,未知,未知,未知,未知,未知,未知,未知,未知,无法判定,数据库对象字段级摘要未取得,未读取数据库业务记录,提供当前版本字段级身份、Schema和授权边界证据后新建不可变批次,519fe32d9d7992508e1eb36adb1f37154c6813e2e5c04f9a5dfe2cdffcf5cfde,未知,3de99f1ef2e0b2d3e9c10367d06704b807ea17dc30d88098bf7ec3dce7ab1dee,未知,未知,未取得
source-identity-field-evidence-20260807T182456+0800-44d9871dc3b2,ZI-8ba1d56866fa54799303bdc1,DS-000298,数据库元数据,ETH,未知,未知,未知,未知,未知,未知,未知,未知,未知,无法判定,数据库对象字段级摘要未取得,未读取数据库业务记录,提供当前版本字段级身份、Schema和授权边界证据后新建不可变批次,64eb968ce0af5c19dc13ae90b7b806bd0d73999377991bbb47f2975459c7adde,未知,95f7174396e09535db484796180fdabeaf14c87f163d5b0e38599a389a9bb243,未知,未知,未取得
source-identity-field-evidence-20260807T182456+0800-44d9871dc3b2,ZI-3bf85e0f2ad7b5ac22b13df9,DS-000299,数据库元数据,ETH,未知,未知,未知,未知,未知,未知,未知,未知,未知,无法判定,数据库对象字段级摘要未取得,未读取数据库业务记录,提供当前版本字段级身份、Schema和授权边界证据后新建不可变批次,7572c0a41b5a2a39c80656f400dbe60f8ab0bd79c0fb5c3e7b44fee53f730755,未知,9e756a329255269ba8bf27506dfa2370c6ad65e0af76797f5eb0b077a485c91e,未知,未知,未取得
source-identity-field-evidence-20260807T182456+0800-44d9871dc3b2,ZI-e99571832236a361ee30db4d,DS-000300,数据库元数据,ETH,未知,未知,未知,未知,未知,未知,未知,未知,未知,无法判定,数据库对象字段级摘要未取得,未读取数据库业务记录,提供当前版本字段级身份、Schema和授权边界证据后新建不可变批次,2e8a058057540064073e8868839e18fe0dcf848fcecc872fe0f732e40796d068,未知,d5e5889271c321f4571e6e33022e76574a1a0cec10326ac4c0615d17b0fedf00,未知,未知,未取得
source-identity-field-evidence-20260807T182456+0800-44d9871dc3b2,ZI-ad9a2f4d9b2c7b77cf51ff68,DS-000301,数据库元数据,ETH,未知,未知,未知,未知,未知,未知,未知,未知,未知,无法判定,数据库对象字段级摘要未取得,未读取数据库业务记录,提供当前版本字段级身份、Schema和授权边界证据后新建不可变批次,68f2f1d195a17ce77287aa8d9a2fddb75a21fdd657b03eaab6484f64e3fa61e6,未知,4113a0d9a2929d92c4e50f4313f912527191126e44b3812cd1af2e5c60879c53,未知,未知,未取得
source-identity-field-evidence-20260807T182456+0800-44d9871dc3b2,ZI-761cbb729e42b90656bd3f8e,DS-000302,数据库元数据,ETH,未知,未知,未知,未知,未知,未知,未知,未知,未知,无法判定,数据库对象字段级摘要未取得,未读取数据库业务记录,提供当前版本字段级身份、Schema和授权边界证据后新建不可变批次,e8d81d71207f009298d9aa62cd4ca70df93f6bd9915064653ce32f4250ba9119,未知,2cc8c41cd9ab3d63d02b3662b94ec2b8b8bdf1a839ee1c8a9d722e34a48398a4,未知,未知,未取得
source-identity-field-evidence-20260807T182456+0800-44d9871dc3b2,ZI-ba2b9396a30a8158da23a396,DS-000303,数据库元数据,ETH,未知,未知,未知,未知,未知,未知,未知,未知,未知,无法判定,数据库对象字段级摘要未取得,未读取数据库业务记录,提供当前版本字段级身份、Schema和授权边界证据后新建不可变批次,2fc35c9965af5ebfd8dc154f1e3abc90aab6452dcabcb63be6c0ba42b99b66ae,未知,d70ca67baf097078cff49bbb7ad4137de304cfd1c2d5e9b2e6e4f26c1a374489,未知,未知,未取得
source-identity-field-evidence-20260807T182456+0800-44d9871dc3b2,ZI-e1e37aa8d03d6a4717ac26cd,DS-000304,数据库元数据,ETH,未知,未知,未知,未知,未知,未知,未知,未知,未知,无法判定,数据库对象字段级摘要未取得,未读取数据库业务记录,提供当前版本字段级身份、Schema和授权边界证据后新建不可变批次,c2c9fa3961b41e9e259be6490ed521b9165aadf0b1b4b1916440fb67cae1c923,未知,773140af2ec2e2f5382904126d943a228d614378177aeebd3e07130db9987d0d,未知,未知,未取得
source-identity-field-evidence-20260807T182456+0800-44d9871dc3b2,ZI-69da4a00e49aba44ff106904,DS-000305,数据库元数据,ETH,未知,未知,未知,未知,未知,未知,未知,未知,未知,无法判定,数据库对象字段级摘要未取得,未读取数据库业务记录,提供当前版本字段级身份、Schema和授权边界证据后新建不可变批次,64f87095fb4955a4cfbe2e6f8e643fa38d859fef411eb73741cdd2be79d23468,未知,465705c907291dada8a3d149dc2cc971e1e659d7452295f70d8985eea33e6ce3,未知,未知,未取得
source-identity-field-evidence-20260807T182456+0800-44d9871dc3b2,ZI-68075d8d85399614caa868f9,DS-000306,数据库元数据,ETH,未知,未知,未知,未知,未知,未知,未知,未知,未知,无法判定,数据库对象字段级摘要未取得,未读取数据库业务记录,提供当前版本字段级身份、Schema和授权边界证据后新建不可变批次,93e7c4e4eac3841772d4795c85297a7e79c010b12b8cf30b7a3ff8517f7146e9,未知,d3ed62aa384e3609bd84e2aa8053d170498aa6023d129fce54aab2cdf45d1304,未知,未知,未取得
source-identity-field-evidence-20260807T182456+0800-44d9871dc3b2,ZI-84d1575654e50459998a6d2c,DS-000307,数据库元数据,ETH,未知,未知,未知,未知,未知,未知,未知,未知,未知,无法判定,数据库对象字段级摘要未取得,未读取数据库业务记录,提供当前版本字段级身份、Schema和授权边界证据后新建不可变批次,f951a13aeb2596cef4686717db03149070ba793813ddb720dac7f5c236b8dccd,未知,b9aa088f4fd335a31ec185e086581268bd979debc921d3172e744041dc060ab7,未知,未知,未取得
source-identity-field-evidence-20260807T182456+0800-44d9871dc3b2,ZI-4a88ba0259b171e49f43b735,DS-000308,数据库元数据,ETH,未知,未知,未知,未知,未知,未知,未知,未知,未知,无法判定,数据库对象字段级摘要未取得,未读取数据库业务记录,提供当前版本字段级身份、Schema和授权边界证据后新建不可变批次,8325e80640f1b6415b025ce8839ede1edf84d7984d84e0e4a7de7cae12f2fdfc,未知,6fb8da2d2c695474a2676e946b431264d4669416ff338bdeb447be7717ea608a,未知,未知,未取得
source-identity-field-evidence-20260807T182456+0800-44d9871dc3b2,ZI-9e3ac8b171f4d5c0d23aaf96,DS-000309,数据库元数据,ETH,未知,未知,未知,未知,未知,未知,未知,未知,未知,无法判定,数据库对象字段级摘要未取得,未读取数据库业务记录,提供当前版本字段级身份、Schema和授权边界证据后新建不可变批次,31401b834ceb9f05e15f20aead63529cec7ac915394e5e58399ff7267639644e,未知,9f6d31035a7df0cc7ada1b83713f45fc77d7cc271be4fe36a696661f976f2acf,未知,未知,未取得
source-identity-field-evidence-20260807T182456+0800-44d9871dc3b2,ZI-102e25a0c8a2236a75003318,DS-000310,数据库元数据,ETH,未知,未知,未知,未知,未知,未知,未知,未知,未知,无法判定,数据库对象字段级摘要未取得,未读取数据库业务记录,提供当前版本字段级身份、Schema和授权边界证据后新建不可变批次,ac10b24605fd1b3d106ccfff94457604218999ca63a55631072e36d168a1244b,未知,4fddf9ad1019364f6b968c8d84f80157decd54163ec492aaccb4377abe2fec2e,未知,未知,未取得
source-identity-field-evidence-20260807T182456+0800-44d9871dc3b2,ZI-62d623e701e08ace29bb1ac9,DS-000311,数据库元数据,ETH,未知,未知,未知,未知,未知,未知,未知,未知,未知,无法判定,数据库对象字段级摘要未取得,未读取数据库业务记录,提供当前版本字段级身份、Schema和授权边界证据后新建不可变批次,57408a49d126b606bdaf83ab4bb7bd02b4710b2376040c3190ae1bd4473d4d85,未知,5b8fa8e953a1de31ef288c254e1a2da0d3ae16fcf2471c8057165087c49b14cc,未知,未知,未取得
source-identity-field-evidence-20260807T182456+0800-44d9871dc3b2,ZI-5144341657b9fb567646104a,DS-000312,数据库元数据,ETH,未知,未知,未知,未知,未知,未知,未知,未知,未知,无法判定,数据库对象字段级摘要未取得,未读取数据库业务记录,提供当前版本字段级身份、Schema和授权边界证据后新建不可变批次,24985dde3d2f6f5a945237e33c528ce0e95350fb8b3217ef26e40ffd00f660b3,未知,1c2c71016f01408d9e033d2c1d679863341e5defb8efeb9060096942fb0318c3,未知,未知,未取得
source-identity-field-evidence-20260807T182456+0800-44d9871dc3b2,ZI-881152f96d8e9e4844ae24e9,DS-000313,数据库元数据,ETH,未知,未知,未知,未知,未知,未知,未知,未知,未知,无法判定,数据库对象字段级摘要未取得,未读取数据库业务记录,提供当前版本字段级身份、Schema和授权边界证据后新建不可变批次,fbf6a194337eeb0d40c519c90f46b6442593773512e0e365faa6d9c1d6f562cf,未知,d891490ba30650d08cb9f967895effc43c8a0a06f10b508cf78e87fa82eda77c,未知,未知,未取得
source-identity-field-evidence-20260807T182456+0800-44d9871dc3b2,ZI-147c7f9873fd47a2fa435551,DS-000314,数据库元数据,ETH,未知,未知,未知,未知,未知,未知,未知,未知,未知,无法判定,数据库对象字段级摘要未取得,未读取数据库业务记录,提供当前版本字段级身份、Schema和授权边界证据后新建不可变批次,9db3a44ee859910c7b18a87c166d510b153a770c91474a6c557219b2815719be,未知,0fc3a1be265549d36b64ecf298f912342e13f8f7a1bf778fa95416982ae70723,未知,未知,未取得
source-identity-field-evidence-20260807T182456+0800-44d9871dc3b2,ZI-c724dd65f9c74cf7dbb14cf6,DS-000315,数据库元数据,ETH,未知,未知,未知,未知,未知,未知,未知,未知,未知,无法判定,数据库对象字段级摘要未取得,未读取数据库业务记录,提供当前版本字段级身份、Schema和授权边界证据后新建不可变批次,28745a43fd92afac3d70cee4ddad3491844d97472d4dda22369d8ad811b9cb19,未知,0a5254f0bcdd07c7e44f09d4af8da9d2e724e81c6dcfa8f9fbc78d6803218269,未知,未知,未取得
source-identity-field-evidence-20260807T182456+0800-44d9871dc3b2,ZI-c9eec3c9abb8d328fed09cf7,DS-000316,数据库元数据,ETH,未知,未知,未知,未知,未知,未知,未知,未知,未知,无法判定,数据库对象字段级摘要未取得,未读取数据库业务记录,提供当前版本字段级身份、Schema和授权边界证据后新建不可变批次,993ed72bd9aee1183676bb2ffb712c4bb01996d8dc0f601b657d49e62b1cc37c,未知,007a03d16a17549180c302ef98f369445a9daa5ff90b25f31d6f55dce7211821,未知,未知,未取得
