验证批次,资产编号,标的,来源成员编号,来源身份状态,来源身份版本,来源成员指纹,质量审计批次,质量扫描状态,质量扫描完整性,质量证据指纹,来源提供者,交易场所,市场类型,精确合约,数据对象,Schema确切版本,主研究尺度,决策记录编号,决策时间,数据截止时间,事件时间字段,到达时间字段,采集时间字段,可见性合同状态,输入数据版本,输入数据哈希,输入资产集合指纹,规则版本,代码版本,输入清单指纹,输出指纹,第一门状态,确定性状态,未来数据拒绝状态,重放结论,不可重放原因代码,依据,解除条件
replay-20260805T012335+0800-3156feb21c31,DS-000001,BTC,ZI-bf37564aac87c9161a93ff81,拒绝,source-identity-1.0,dcb440a9d611881f9fe5345a5f475b1c44a99e3ff1ec4243510f548e1abdb392,audit-20260805T005824+0800,输入漂移,未执行,046a54781fc55977c31825b647f9bbcca541288ce74a893f56bf6f312ab0a260,未知,未知,未知,未知,未知,未知,未判定（缺少确切研究尺度合同）,未登记,无法判定,无法判定,无法判定,无法判定,无法判定,未判定（未登记到达时间合同）,无法判定,无法判定,717d3a2fd3bae60ec6485365211ee579c49778a4ed9985a2688fb0b288e48214,dq-rules-1.0,e87a78a94478584293d9fb3922bbb91882f48c58a8684db89186175facf03cc2,019010d64fe47d89c81bfaedafd458f1d886025bb34292c0c32eafcfa4392657,a136f65b85b66c3a6184d3d9c0a9d054fb2f83e9f0919cb13b01678582aa98db,拒绝,未执行（第一门未通过）,未执行（无决策记录）,拒绝,input_identity_drift,来源身份成员或质量批次显示输入身份漂移，禁止载入历史现场,登记带来源证据的决策编号、决策时点、数据截止时间及三类时间合同；重新生成不可变批次
replay-20260805T012335+0800-3156feb21c31,DS-000001,ETH,ZI-c5c903e8e1925632a9160c98,拒绝,source-identity-1.0,b33e617515ae9e9e3e6a1443efdb1ada13705e65a55387170fe30fa6b8b016b5,audit-20260805T005824+0800,输入漂移,未执行,046a54781fc55977c31825b647f9bbcca541288ce74a893f56bf6f312ab0a260,未知,未知,未知,未知,未知,未知,未判定（缺少确切研究尺度合同）,未登记,无法判定,无法判定,无法判定,无法判定,无法判定,未判定（未登记到达时间合同）,无法判定,无法判定,717d3a2fd3bae60ec6485365211ee579c49778a4ed9985a2688fb0b288e48214,dq-rules-1.0,e87a78a94478584293d9fb3922bbb91882f48c58a8684db89186175facf03cc2,019010d64fe47d89c81bfaedafd458f1d886025bb34292c0c32eafcfa4392657,b4ed449a81a446420dd6c25a1c469811864c99dfe40e61fcd34bb716b3d91acc,拒绝,未执行（第一门未通过）,未执行（无决策记录）,拒绝,input_identity_drift,来源身份成员或质量批次显示输入身份漂移，禁止载入历史现场,登记带来源证据的决策编号、决策时点、数据截止时间及三类时间合同；重新生成不可变批次
replay-20260805T012335+0800-3156feb21c31,DS-000002,BTC,ZI-3846d7813100d3d883f9e584,无法判定,source-identity-1.0,440a9fda3bea832344824f3e2a411c54b017e1f82d438b2b36a6d77367f8fedc,audit-20260805T005824+0800,完成,完整,f6e54b68223688ca922713d348b92d03bdeff1c63cca0a0441206e5a26550abd,未知,未知,未知,未知,未知,未知,未判定（缺少确切研究尺度合同）,未登记,无法判定,无法判定,无法判定,无法判定,无法判定,未判定（未登记到达时间合同）,无法判定,无法判定,717d3a2fd3bae60ec6485365211ee579c49778a4ed9985a2688fb0b288e48214,dq-rules-1.0,e87a78a94478584293d9fb3922bbb91882f48c58a8684db89186175facf03cc2,019010d64fe47d89c81bfaedafd458f1d886025bb34292c0c32eafcfa4392657,1d4feffbc4ffe04211d1f61733722300f293c0d059a75762867a9ff8842e418c,无法判定,未执行（第一门未通过）,未执行（无决策记录）,无法判定,decision_record_missing,来源身份已登记但没有获批历史决策记录登记；不读取候选正文，不构造样例记录,登记带来源证据的决策编号、决策时点、数据截止时间及三类时间合同；重新生成不可变批次
replay-20260805T012335+0800-3156feb21c31,DS-000002,ETH,ZI-279894722b92c663c0dd6dab,无法判定,source-identity-1.0,616b805ecb9c5f1503f584673009b582db559ab9dcd2c2b74a979649ae7d3cfc,audit-20260805T005824+0800,完成,完整,f6e54b68223688ca922713d348b92d03bdeff1c63cca0a0441206e5a26550abd,未知,未知,未知,未知,未知,未知,未判定（缺少确切研究尺度合同）,未登记,无法判定,无法判定,无法判定,无法判定,无法判定,未判定（未登记到达时间合同）,无法判定,无法判定,717d3a2fd3bae60ec6485365211ee579c49778a4ed9985a2688fb0b288e48214,dq-rules-1.0,e87a78a94478584293d9fb3922bbb91882f48c58a8684db89186175facf03cc2,019010d64fe47d89c81bfaedafd458f1d886025bb34292c0c32eafcfa4392657,c755269e01603bbd9e6e932998f95b756875291c10a213d5597ebf2101cf611b,无法判定,未执行（第一门未通过）,未执行（无决策记录）,无法判定,decision_record_missing,来源身份已登记但没有获批历史决策记录登记；不读取候选正文，不构造样例记录,登记带来源证据的决策编号、决策时点、数据截止时间及三类时间合同；重新生成不可变批次
replay-20260805T012335+0800-3156feb21c31,DS-000003,BTC,ZI-bad7fbdd2fd2ed50c31757ed,无法判定,source-identity-1.0,6c99794ef8750aac5e869898e0d23cd92fd1e50620cfa6d6f76a0287599521c6,audit-20260805T005824+0800,完成,完整,0e4188ffe34b567096be81d5993750ba3f951bd256cb6ed7fee8f02cc953a05f,未知,未知,未知,未知,未知,未知,未判定（缺少确切研究尺度合同）,未登记,无法判定,无法判定,无法判定,无法判定,无法判定,未判定（未登记到达时间合同）,无法判定,无法判定,717d3a2fd3bae60ec6485365211ee579c49778a4ed9985a2688fb0b288e48214,dq-rules-1.0,e87a78a94478584293d9fb3922bbb91882f48c58a8684db89186175facf03cc2,019010d64fe47d89c81bfaedafd458f1d886025bb34292c0c32eafcfa4392657,804f4103ea416692ce09e47104404c7179de119ef357edc81a26fcb6e3590d9e,无法判定,未执行（第一门未通过）,未执行（无决策记录）,无法判定,decision_record_missing,来源身份已登记但没有获批历史决策记录登记；不读取候选正文，不构造样例记录,登记带来源证据的决策编号、决策时点、数据截止时间及三类时间合同；重新生成不可变批次
replay-20260805T012335+0800-3156feb21c31,DS-000003,ETH,ZI-bdc11e9d61341a2c9190bedb,无法判定,source-identity-1.0,d92cdb04c25d8ad7703fb4ce2738df70b4a58a3e49a1e6d27a5d8cccf30a9b8b,audit-20260805T005824+0800,完成,完整,0e4188ffe34b567096be81d5993750ba3f951bd256cb6ed7fee8f02cc953a05f,未知,未知,未知,未知,未知,未知,未判定（缺少确切研究尺度合同）,未登记,无法判定,无法判定,无法判定,无法判定,无法判定,未判定（未登记到达时间合同）,无法判定,无法判定,717d3a2fd3bae60ec6485365211ee579c49778a4ed9985a2688fb0b288e48214,dq-rules-1.0,e87a78a94478584293d9fb3922bbb91882f48c58a8684db89186175facf03cc2,019010d64fe47d89c81bfaedafd458f1d886025bb34292c0c32eafcfa4392657,ce9f2858a174bbf3287b6087de369eb89889cd0f572ac99f0f911ebd7eeada73,无法判定,未执行（第一门未通过）,未执行（无决策记录）,无法判定,decision_record_missing,来源身份已登记但没有获批历史决策记录登记；不读取候选正文，不构造样例记录,登记带来源证据的决策编号、决策时点、数据截止时间及三类时间合同；重新生成不可变批次
replay-20260805T012335+0800-3156feb21c31,DS-000004,BTC,ZI-4dee483dff86ed829a01f96f,无法判定,source-identity-1.0,4ee47e0e18caab96f5623705f1d3204d2dee1d1bd16b0260d46a5fe5dc7c2958,audit-20260805T005824+0800,完成,完整,7557ce484a65ecb909698ad0becf91b66f88030f1b8e9a3457866c4f58eafa9d,未知,未知,未知,未知,未知,未知,未判定（缺少确切研究尺度合同）,未登记,无法判定,无法判定,无法判定,无法判定,无法判定,未判定（未登记到达时间合同）,无法判定,无法判定,717d3a2fd3bae60ec6485365211ee579c49778a4ed9985a2688fb0b288e48214,dq-rules-1.0,e87a78a94478584293d9fb3922bbb91882f48c58a8684db89186175facf03cc2,019010d64fe47d89c81bfaedafd458f1d886025bb34292c0c32eafcfa4392657,67ed61772fca55970e3263e8110d07c2f3a8e6bb1c3b9343b9aa5cc9871f4c34,无法判定,未执行（第一门未通过）,未执行（无决策记录）,无法判定,decision_record_missing,来源身份已登记但没有获批历史决策记录登记；不读取候选正文，不构造样例记录,登记带来源证据的决策编号、决策时点、数据截止时间及三类时间合同；重新生成不可变批次
replay-20260805T012335+0800-3156feb21c31,DS-000004,ETH,ZI-f48b5e18e673871688598192,无法判定,source-identity-1.0,533b46098cef383899b2e383817ffb87f333a94f982be4e1afd8f36044d58ba7,audit-20260805T005824+0800,完成,完整,7557ce484a65ecb909698ad0becf91b66f88030f1b8e9a3457866c4f58eafa9d,未知,未知,未知,未知,未知,未知,未判定（缺少确切研究尺度合同）,未登记,无法判定,无法判定,无法判定,无法判定,无法判定,未判定（未登记到达时间合同）,无法判定,无法判定,717d3a2fd3bae60ec6485365211ee579c49778a4ed9985a2688fb0b288e48214,dq-rules-1.0,e87a78a94478584293d9fb3922bbb91882f48c58a8684db89186175facf03cc2,019010d64fe47d89c81bfaedafd458f1d886025bb34292c0c32eafcfa4392657,831b7e269aa9e238f8985eef8cde0f33396423e372eb9bddc39c3351c1e4f539,无法判定,未执行（第一门未通过）,未执行（无决策记录）,无法判定,decision_record_missing,来源身份已登记但没有获批历史决策记录登记；不读取候选正文，不构造样例记录,登记带来源证据的决策编号、决策时点、数据截止时间及三类时间合同；重新生成不可变批次
replay-20260805T012335+0800-3156feb21c31,DS-000005,BTC,ZI-afe25106735b4aef36d7615a,无法判定,source-identity-1.0,191b80b2d8f55d320ccc742ddf90f5843a7e5da4e97c5f80bf8e8583d8718df0,audit-20260805T005824+0800,完成,完整,614d6abf61e43e94b9eb025a4442dacf86d40a56170c4c205a77e53d39e390eb,未知,未知,未知,未知,未知,未知,未判定（缺少确切研究尺度合同）,未登记,无法判定,无法判定,无法判定,无法判定,无法判定,未判定（未登记到达时间合同）,无法判定,无法判定,717d3a2fd3bae60ec6485365211ee579c49778a4ed9985a2688fb0b288e48214,dq-rules-1.0,e87a78a94478584293d9fb3922bbb91882f48c58a8684db89186175facf03cc2,019010d64fe47d89c81bfaedafd458f1d886025bb34292c0c32eafcfa4392657,7f9128c7419d88638786651655ba5102cc49c6c7967378aa31c727ff10ab93d9,无法判定,未执行（第一门未通过）,未执行（无决策记录）,无法判定,decision_record_missing,来源身份已登记但没有获批历史决策记录登记；不读取候选正文，不构造样例记录,登记带来源证据的决策编号、决策时点、数据截止时间及三类时间合同；重新生成不可变批次
replay-20260805T012335+0800-3156feb21c31,DS-000005,ETH,ZI-8353e10a871d52c975353c3f,无法判定,source-identity-1.0,76e598b0430409ec36136d32f5ba6d0571a77cf2b11b52006f31c025c2036433,audit-20260805T005824+0800,完成,完整,614d6abf61e43e94b9eb025a4442dacf86d40a56170c4c205a77e53d39e390eb,未知,未知,未知,未知,未知,未知,未判定（缺少确切研究尺度合同）,未登记,无法判定,无法判定,无法判定,无法判定,无法判定,未判定（未登记到达时间合同）,无法判定,无法判定,717d3a2fd3bae60ec6485365211ee579c49778a4ed9985a2688fb0b288e48214,dq-rules-1.0,e87a78a94478584293d9fb3922bbb91882f48c58a8684db89186175facf03cc2,019010d64fe47d89c81bfaedafd458f1d886025bb34292c0c32eafcfa4392657,a70923b0337c59b25d37effac2793ff61f03ff903780313d40de979d06168bd9,无法判定,未执行（第一门未通过）,未执行（无决策记录）,无法判定,decision_record_missing,来源身份已登记但没有获批历史决策记录登记；不读取候选正文，不构造样例记录,登记带来源证据的决策编号、决策时点、数据截止时间及三类时间合同；重新生成不可变批次
replay-20260805T012335+0800-3156feb21c31,DS-000006,BTC,ZI-14965a0a91aae741bc36b74b,无法判定,source-identity-1.0,56d36f11bb130afe2428908a892f1a73ac79503fc923d86ed3dbd8e3d7039957,audit-20260805T005824+0800,完成,完整,418fe03efd0e3a3dd11dd86e92f4b1794ce4b82420e79f4216e37fd0b2d9bcb3,未知,未知,未知,未知,未知,未知,未判定（缺少确切研究尺度合同）,未登记,无法判定,无法判定,无法判定,无法判定,无法判定,未判定（未登记到达时间合同）,无法判定,无法判定,717d3a2fd3bae60ec6485365211ee579c49778a4ed9985a2688fb0b288e48214,dq-rules-1.0,e87a78a94478584293d9fb3922bbb91882f48c58a8684db89186175facf03cc2,019010d64fe47d89c81bfaedafd458f1d886025bb34292c0c32eafcfa4392657,4d607d64d76c02dffc05fa496c2198ffdb0ddde717e6fa23b8d61333600bb6aa,无法判定,未执行（第一门未通过）,未执行（无决策记录）,无法判定,decision_record_missing,来源身份已登记但没有获批历史决策记录登记；不读取候选正文，不构造样例记录,登记带来源证据的决策编号、决策时点、数据截止时间及三类时间合同；重新生成不可变批次
replay-20260805T012335+0800-3156feb21c31,DS-000006,ETH,ZI-02bb55334ca878f1e490d263,无法判定,source-identity-1.0,7ab4dfa710a3a8fac84c29f0976eea06c4e1dc9deffa7431266d56c8eae4b58b,audit-20260805T005824+0800,完成,完整,418fe03efd0e3a3dd11dd86e92f4b1794ce4b82420e79f4216e37fd0b2d9bcb3,未知,未知,未知,未知,未知,未知,未判定（缺少确切研究尺度合同）,未登记,无法判定,无法判定,无法判定,无法判定,无法判定,未判定（未登记到达时间合同）,无法判定,无法判定,717d3a2fd3bae60ec6485365211ee579c49778a4ed9985a2688fb0b288e48214,dq-rules-1.0,e87a78a94478584293d9fb3922bbb91882f48c58a8684db89186175facf03cc2,019010d64fe47d89c81bfaedafd458f1d886025bb34292c0c32eafcfa4392657,cbc8525430b462f0bdf27ebf1cbbc9f406fbc9f13180ac59d996963aca14fb2e,无法判定,未执行（第一门未通过）,未执行（无决策记录）,无法判定,decision_record_missing,来源身份已登记但没有获批历史决策记录登记；不读取候选正文，不构造样例记录,登记带来源证据的决策编号、决策时点、数据截止时间及三类时间合同；重新生成不可变批次
replay-20260805T012335+0800-3156feb21c31,DS-000007,BTC,ZI-63b0e2c2062f1a2d08892d31,无法判定,source-identity-1.0,2c381ed5c39b92a8de37bca395699e7560e95916e2cc7e80b053d2b9710eb2fc,audit-20260805T005824+0800,完成,完整,3ebf3dc4893f4dfe26a6e7d3c987ef0bd9f5a1ec4cf267a949b6d455471a2bc2,未知,未知,未知,未知,未知,未知,未判定（缺少确切研究尺度合同）,未登记,无法判定,无法判定,无法判定,无法判定,无法判定,未判定（未登记到达时间合同）,无法判定,无法判定,717d3a2fd3bae60ec6485365211ee579c49778a4ed9985a2688fb0b288e48214,dq-rules-1.0,e87a78a94478584293d9fb3922bbb91882f48c58a8684db89186175facf03cc2,019010d64fe47d89c81bfaedafd458f1d886025bb34292c0c32eafcfa4392657,f63dd4a937ce94468dcb3bf2315ac14cc0c4e29535a8310e6967dc246a0c14cf,无法判定,未执行（第一门未通过）,未执行（无决策记录）,无法判定,decision_record_missing,来源身份已登记但没有获批历史决策记录登记；不读取候选正文，不构造样例记录,登记带来源证据的决策编号、决策时点、数据截止时间及三类时间合同；重新生成不可变批次
replay-20260805T012335+0800-3156feb21c31,DS-000007,ETH,ZI-ab8649c928c32ab7bfff8287,无法判定,source-identity-1.0,8fdd41ad8c027d8a8898fc02631695daa419c79ac675a4c73e77c617dd57be87,audit-20260805T005824+0800,完成,完整,3ebf3dc4893f4dfe26a6e7d3c987ef0bd9f5a1ec4cf267a949b6d455471a2bc2,未知,未知,未知,未知,未知,未知,未判定（缺少确切研究尺度合同）,未登记,无法判定,无法判定,无法判定,无法判定,无法判定,未判定（未登记到达时间合同）,无法判定,无法判定,717d3a2fd3bae60ec6485365211ee579c49778a4ed9985a2688fb0b288e48214,dq-rules-1.0,e87a78a94478584293d9fb3922bbb91882f48c58a8684db89186175facf03cc2,019010d64fe47d89c81bfaedafd458f1d886025bb34292c0c32eafcfa4392657,fa14cd0f55615e17d1b5b5f22f71fe8b8e245ed1e29c17a811c79456bc76b277,无法判定,未执行（第一门未通过）,未执行（无决策记录）,无法判定,decision_record_missing,来源身份已登记但没有获批历史决策记录登记；不读取候选正文，不构造样例记录,登记带来源证据的决策编号、决策时点、数据截止时间及三类时间合同；重新生成不可变批次
replay-20260805T012335+0800-3156feb21c31,DS-000008,BTC,ZI-a3275f1ead9140426d316fda,无法判定,source-identity-1.0,2d21dc8ef12f4449110209a3b5c9e57078e34bc68227bbcd052da3c9bb4e627d,audit-20260805T005824+0800,完成,完整,ab4be389833c28e68da7c53b750567acb9357d09662dbf801bb0a4958f33b6ce,未知,未知,未知,未知,未知,未知,未判定（缺少确切研究尺度合同）,未登记,无法判定,无法判定,无法判定,无法判定,无法判定,未判定（未登记到达时间合同）,无法判定,无法判定,717d3a2fd3bae60ec6485365211ee579c49778a4ed9985a2688fb0b288e48214,dq-rules-1.0,e87a78a94478584293d9fb3922bbb91882f48c58a8684db89186175facf03cc2,019010d64fe47d89c81bfaedafd458f1d886025bb34292c0c32eafcfa4392657,54832b86b4e4062d1608efb449566808df37ee7161453afb9ce1dec7d7a258f0,无法判定,未执行（第一门未通过）,未执行（无决策记录）,无法判定,decision_record_missing,来源身份已登记但没有获批历史决策记录登记；不读取候选正文，不构造样例记录,登记带来源证据的决策编号、决策时点、数据截止时间及三类时间合同；重新生成不可变批次
replay-20260805T012335+0800-3156feb21c31,DS-000008,ETH,ZI-803cad160ec9877f5950adb0,无法判定,source-identity-1.0,14244e359fc47d65d7e6c9fc2e9cd02ae0acfc468786665960fff71615bc7f02,audit-20260805T005824+0800,完成,完整,ab4be389833c28e68da7c53b750567acb9357d09662dbf801bb0a4958f33b6ce,未知,未知,未知,未知,未知,未知,未判定（缺少确切研究尺度合同）,未登记,无法判定,无法判定,无法判定,无法判定,无法判定,未判定（未登记到达时间合同）,无法判定,无法判定,717d3a2fd3bae60ec6485365211ee579c49778a4ed9985a2688fb0b288e48214,dq-rules-1.0,e87a78a94478584293d9fb3922bbb91882f48c58a8684db89186175facf03cc2,019010d64fe47d89c81bfaedafd458f1d886025bb34292c0c32eafcfa4392657,4f0c23c4620edfc7bfb46cea3e807a79a2929ee1a60589337f3a5fbc58a20339,无法判定,未执行（第一门未通过）,未执行（无决策记录）,无法判定,decision_record_missing,来源身份已登记但没有获批历史决策记录登记；不读取候选正文，不构造样例记录,登记带来源证据的决策编号、决策时点、数据截止时间及三类时间合同；重新生成不可变批次
replay-20260805T012335+0800-3156feb21c31,DS-000009,BTC,ZI-24037d8a714b80d1f447c8ca,无法判定,source-identity-1.0,6a66f3d0e7d9834bc9839306075b0f68b909df501082e4041416c64ea260ff83,audit-20260805T005824+0800,完成,完整,4849ea5fcc8e131b34e0a1f869cf3091991dd7599d96c208da1663e4dfc52235,未知,未知,未知,未知,未知,未知,未判定（缺少确切研究尺度合同）,未登记,无法判定,无法判定,无法判定,无法判定,无法判定,未判定（未登记到达时间合同）,无法判定,无法判定,717d3a2fd3bae60ec6485365211ee579c49778a4ed9985a2688fb0b288e48214,dq-rules-1.0,e87a78a94478584293d9fb3922bbb91882f48c58a8684db89186175facf03cc2,019010d64fe47d89c81bfaedafd458f1d886025bb34292c0c32eafcfa4392657,fe5e1f7711ebb1e49fadd0e6b8894ff11e9c21ad499155f89845b29f18df8dc3,无法判定,未执行（第一门未通过）,未执行（无决策记录）,无法判定,decision_record_missing,来源身份已登记但没有获批历史决策记录登记；不读取候选正文，不构造样例记录,登记带来源证据的决策编号、决策时点、数据截止时间及三类时间合同；重新生成不可变批次
replay-20260805T012335+0800-3156feb21c31,DS-000009,ETH,ZI-cb3f201795dbfc35bf020cc4,无法判定,source-identity-1.0,1aafad5f69ef0fe52e948f3e85f0bcfeb850830122958af4d7d60e2b834a371e,audit-20260805T005824+0800,完成,完整,4849ea5fcc8e131b34e0a1f869cf3091991dd7599d96c208da1663e4dfc52235,未知,未知,未知,未知,未知,未知,未判定（缺少确切研究尺度合同）,未登记,无法判定,无法判定,无法判定,无法判定,无法判定,未判定（未登记到达时间合同）,无法判定,无法判定,717d3a2fd3bae60ec6485365211ee579c49778a4ed9985a2688fb0b288e48214,dq-rules-1.0,e87a78a94478584293d9fb3922bbb91882f48c58a8684db89186175facf03cc2,019010d64fe47d89c81bfaedafd458f1d886025bb34292c0c32eafcfa4392657,23a271f9418b9ec4662fd04f5862360d9b287081d35181ed2164b077dc528c75,无法判定,未执行（第一门未通过）,未执行（无决策记录）,无法判定,decision_record_missing,来源身份已登记但没有获批历史决策记录登记；不读取候选正文，不构造样例记录,登记带来源证据的决策编号、决策时点、数据截止时间及三类时间合同；重新生成不可变批次
replay-20260805T012335+0800-3156feb21c31,DS-000010,BTC,ZI-8f0cd7b99b1e374adc146a4a,无法判定,source-identity-1.0,688e8671b8a03fd7f9d089ca42a55dc9e382dc2c152e07d3a44da0add0972340,audit-20260805T005824+0800,完成,完整,8562243991398d91135b1772abbc3ac55944daadb403bff7c09173a62c9c9c77,未知,未知,未知,未知,未知,未知,未判定（缺少确切研究尺度合同）,未登记,无法判定,无法判定,无法判定,无法判定,无法判定,未判定（未登记到达时间合同）,无法判定,无法判定,717d3a2fd3bae60ec6485365211ee579c49778a4ed9985a2688fb0b288e48214,dq-rules-1.0,e87a78a94478584293d9fb3922bbb91882f48c58a8684db89186175facf03cc2,019010d64fe47d89c81bfaedafd458f1d886025bb34292c0c32eafcfa4392657,e068a0ad7cb79b2074864d374fe634c4f1193f4ad437d18806489fc187757a88,无法判定,未执行（第一门未通过）,未执行（无决策记录）,无法判定,decision_record_missing,来源身份已登记但没有获批历史决策记录登记；不读取候选正文，不构造样例记录,登记带来源证据的决策编号、决策时点、数据截止时间及三类时间合同；重新生成不可变批次
replay-20260805T012335+0800-3156feb21c31,DS-000010,ETH,ZI-a0bd838ee633afa643f72fdb,无法判定,source-identity-1.0,ee7b255996d10223cb8251b275c960f79144e2b1dda53a764120a7aa5bf98b0c,audit-20260805T005824+0800,完成,完整,8562243991398d91135b1772abbc3ac55944daadb403bff7c09173a62c9c9c77,未知,未知,未知,未知,未知,未知,未判定（缺少确切研究尺度合同）,未登记,无法判定,无法判定,无法判定,无法判定,无法判定,未判定（未登记到达时间合同）,无法判定,无法判定,717d3a2fd3bae60ec6485365211ee579c49778a4ed9985a2688fb0b288e48214,dq-rules-1.0,e87a78a94478584293d9fb3922bbb91882f48c58a8684db89186175facf03cc2,019010d64fe47d89c81bfaedafd458f1d886025bb34292c0c32eafcfa4392657,ca0ca8997205afc7783e663be59dbfbe8ac68b437b808a58f606d8f568b3d944,无法判定,未执行（第一门未通过）,未执行（无决策记录）,无法判定,decision_record_missing,来源身份已登记但没有获批历史决策记录登记；不读取候选正文，不构造样例记录,登记带来源证据的决策编号、决策时点、数据截止时间及三类时间合同；重新生成不可变批次
replay-20260805T012335+0800-3156feb21c31,DS-000011,BTC,ZI-d7cbdc706bf9497b3c98b3eb,无法判定,source-identity-1.0,77260415ff89284babe988cccd5141bffa944981854729723fc59ac96bc28f16,audit-20260805T005824+0800,完成,完整,c0edb4a3d5641a215aa25b1d924287d6937846044948a073e9548f36e4662d66,未知,未知,未知,未知,未知,未知,未判定（缺少确切研究尺度合同）,未登记,无法判定,无法判定,无法判定,无法判定,无法判定,未判定（未登记到达时间合同）,无法判定,无法判定,717d3a2fd3bae60ec6485365211ee579c49778a4ed9985a2688fb0b288e48214,dq-rules-1.0,e87a78a94478584293d9fb3922bbb91882f48c58a8684db89186175facf03cc2,019010d64fe47d89c81bfaedafd458f1d886025bb34292c0c32eafcfa4392657,3d2281587034b5496d1c212f61df94f0a02be1ae130464ab08422a5d21dd3da3,无法判定,未执行（第一门未通过）,未执行（无决策记录）,无法判定,decision_record_missing,来源身份已登记但没有获批历史决策记录登记；不读取候选正文，不构造样例记录,登记带来源证据的决策编号、决策时点、数据截止时间及三类时间合同；重新生成不可变批次
replay-20260805T012335+0800-3156feb21c31,DS-000011,ETH,ZI-c18845ce5953be525fba9e98,无法判定,source-identity-1.0,0993033ef8f6bc3001b5518f8a55d7248f3c2f52184a872adda088a959d813b3,audit-20260805T005824+0800,完成,完整,c0edb4a3d5641a215aa25b1d924287d6937846044948a073e9548f36e4662d66,未知,未知,未知,未知,未知,未知,未判定（缺少确切研究尺度合同）,未登记,无法判定,无法判定,无法判定,无法判定,无法判定,未判定（未登记到达时间合同）,无法判定,无法判定,717d3a2fd3bae60ec6485365211ee579c49778a4ed9985a2688fb0b288e48214,dq-rules-1.0,e87a78a94478584293d9fb3922bbb91882f48c58a8684db89186175facf03cc2,019010d64fe47d89c81bfaedafd458f1d886025bb34292c0c32eafcfa4392657,cad546aab17c337407b2bd4143d5da88157123f67f57b5d3585ad54fdfabb418,无法判定,未执行（第一门未通过）,未执行（无决策记录）,无法判定,decision_record_missing,来源身份已登记但没有获批历史决策记录登记；不读取候选正文，不构造样例记录,登记带来源证据的决策编号、决策时点、数据截止时间及三类时间合同；重新生成不可变批次
replay-20260805T012335+0800-3156feb21c31,DS-000012,BTC,ZI-bb992f68b3613e9c75ad8102,无法判定,source-identity-1.0,45a4e4ae0388c782ad125a2fb787871f0042f894787bf1d809f8a873bd4cad77,audit-20260805T005824+0800,完成,完整,6488d3a76db1480fe664736699f8d127dfe2b6991f8ef7d637bf289ed684f603,未知,未知,未知,未知,未知,未知,未判定（缺少确切研究尺度合同）,未登记,无法判定,无法判定,无法判定,无法判定,无法判定,未判定（未登记到达时间合同）,无法判定,无法判定,717d3a2fd3bae60ec6485365211ee579c49778a4ed9985a2688fb0b288e48214,dq-rules-1.0,e87a78a94478584293d9fb3922bbb91882f48c58a8684db89186175facf03cc2,019010d64fe47d89c81bfaedafd458f1d886025bb34292c0c32eafcfa4392657,d39ceaf4d45793e2efa4fbb4640fb6907c868a9837c3d351329b8a29b6404d2e,无法判定,未执行（第一门未通过）,未执行（无决策记录）,无法判定,decision_record_missing,来源身份已登记但没有获批历史决策记录登记；不读取候选正文，不构造样例记录,登记带来源证据的决策编号、决策时点、数据截止时间及三类时间合同；重新生成不可变批次
replay-20260805T012335+0800-3156feb21c31,DS-000012,ETH,ZI-6755e3ebe9d9a3e83f13a4a9,无法判定,source-identity-1.0,a89f03cde10192b332e755d776727bd7f98341ecbab5571611d576f02608ccc0,audit-20260805T005824+0800,完成,完整,6488d3a76db1480fe664736699f8d127dfe2b6991f8ef7d637bf289ed684f603,未知,未知,未知,未知,未知,未知,未判定（缺少确切研究尺度合同）,未登记,无法判定,无法判定,无法判定,无法判定,无法判定,未判定（未登记到达时间合同）,无法判定,无法判定,717d3a2fd3bae60ec6485365211ee579c49778a4ed9985a2688fb0b288e48214,dq-rules-1.0,e87a78a94478584293d9fb3922bbb91882f48c58a8684db89186175facf03cc2,019010d64fe47d89c81bfaedafd458f1d886025bb34292c0c32eafcfa4392657,b640b252b5978172a8e14684f6d479cb53f282be94b57ff63f6bf168ca1c2572,无法判定,未执行（第一门未通过）,未执行（无决策记录）,无法判定,decision_record_missing,来源身份已登记但没有获批历史决策记录登记；不读取候选正文，不构造样例记录,登记带来源证据的决策编号、决策时点、数据截止时间及三类时间合同；重新生成不可变批次
replay-20260805T012335+0800-3156feb21c31,DS-000013,BTC,ZI-22947f2c8da15aea945c5d37,无法判定,source-identity-1.0,ab7bd6fa7fd6d6baa096c1fe07174c374048f253201ece21b93833b505f4bc1f,audit-20260805T005824+0800,完成,完整,d752aa1613734dda0aec6607232464e2d8979adc3031013d4b5ec053121a018e,未知,未知,未知,未知,未知,未知,未判定（缺少确切研究尺度合同）,未登记,无法判定,无法判定,无法判定,无法判定,无法判定,未判定（未登记到达时间合同）,无法判定,无法判定,717d3a2fd3bae60ec6485365211ee579c49778a4ed9985a2688fb0b288e48214,dq-rules-1.0,e87a78a94478584293d9fb3922bbb91882f48c58a8684db89186175facf03cc2,019010d64fe47d89c81bfaedafd458f1d886025bb34292c0c32eafcfa4392657,ce5e3968ecec3507889e8acff836daad8a545f769417c20a34fc441df333e6fd,无法判定,未执行（第一门未通过）,未执行（无决策记录）,无法判定,decision_record_missing,来源身份已登记但没有获批历史决策记录登记；不读取候选正文，不构造样例记录,登记带来源证据的决策编号、决策时点、数据截止时间及三类时间合同；重新生成不可变批次
replay-20260805T012335+0800-3156feb21c31,DS-000013,ETH,ZI-95764bb9d0fab4a919eda519,无法判定,source-identity-1.0,42b63f9bda805deb5cf7d6a7f1fee786849968283848f6194387f60f8d20388e,audit-20260805T005824+0800,完成,完整,d752aa1613734dda0aec6607232464e2d8979adc3031013d4b5ec053121a018e,未知,未知,未知,未知,未知,未知,未判定（缺少确切研究尺度合同）,未登记,无法判定,无法判定,无法判定,无法判定,无法判定,未判定（未登记到达时间合同）,无法判定,无法判定,717d3a2fd3bae60ec6485365211ee579c49778a4ed9985a2688fb0b288e48214,dq-rules-1.0,e87a78a94478584293d9fb3922bbb91882f48c58a8684db89186175facf03cc2,019010d64fe47d89c81bfaedafd458f1d886025bb34292c0c32eafcfa4392657,fd0374f0b697144589df2c9ce3253ba068182a486ec4644b501bf52d412e89c5,无法判定,未执行（第一门未通过）,未执行（无决策记录）,无法判定,decision_record_missing,来源身份已登记但没有获批历史决策记录登记；不读取候选正文，不构造样例记录,登记带来源证据的决策编号、决策时点、数据截止时间及三类时间合同；重新生成不可变批次
replay-20260805T012335+0800-3156feb21c31,DS-000014,BTC,ZI-6fe292c785aa3707aa7bae85,无法判定,source-identity-1.0,e58b4dc1daaa9617296d79025e409c2dd38e6786a10b5705c990978753c1cf46,audit-20260805T005824+0800,完成,完整,08fb581aa6458f82f20d564ff8c227ed10aac67d94df4aa913b6032537d5aee4,未知,未知,未知,未知,未知,未知,未判定（缺少确切研究尺度合同）,未登记,无法判定,无法判定,无法判定,无法判定,无法判定,未判定（未登记到达时间合同）,无法判定,无法判定,717d3a2fd3bae60ec6485365211ee579c49778a4ed9985a2688fb0b288e48214,dq-rules-1.0,e87a78a94478584293d9fb3922bbb91882f48c58a8684db89186175facf03cc2,019010d64fe47d89c81bfaedafd458f1d886025bb34292c0c32eafcfa4392657,6c7600145a22f18e15e83131009d16d9c0eedd0bd0ea2d94348371f300c812c0,无法判定,未执行（第一门未通过）,未执行（无决策记录）,无法判定,decision_record_missing,来源身份已登记但没有获批历史决策记录登记；不读取候选正文，不构造样例记录,登记带来源证据的决策编号、决策时点、数据截止时间及三类时间合同；重新生成不可变批次
replay-20260805T012335+0800-3156feb21c31,DS-000014,ETH,ZI-3b9c54566bc10a3e90b3766c,无法判定,source-identity-1.0,14c92d84b87fa15c17f5b71411831b4b8c5a2a9d8d487218c57a4f3a32b817e6,audit-20260805T005824+0800,完成,完整,08fb581aa6458f82f20d564ff8c227ed10aac67d94df4aa913b6032537d5aee4,未知,未知,未知,未知,未知,未知,未判定（缺少确切研究尺度合同）,未登记,无法判定,无法判定,无法判定,无法判定,无法判定,未判定（未登记到达时间合同）,无法判定,无法判定,717d3a2fd3bae60ec6485365211ee579c49778a4ed9985a2688fb0b288e48214,dq-rules-1.0,e87a78a94478584293d9fb3922bbb91882f48c58a8684db89186175facf03cc2,019010d64fe47d89c81bfaedafd458f1d886025bb34292c0c32eafcfa4392657,60add2e3a60ed538969255595ea39c4a7084bb54325a9f2cff548c1dfa318599,无法判定,未执行（第一门未通过）,未执行（无决策记录）,无法判定,decision_record_missing,来源身份已登记但没有获批历史决策记录登记；不读取候选正文，不构造样例记录,登记带来源证据的决策编号、决策时点、数据截止时间及三类时间合同；重新生成不可变批次
replay-20260805T012335+0800-3156feb21c31,DS-000015,BTC,ZI-ebacff58193ae9067a1b085a,无法判定,source-identity-1.0,fe2b64b6726046ddfe0676ec654daa889850821a56127bde11c55f1a324224df,audit-20260805T005824+0800,完成,完整,9272106f97f6d6b4c3f908c8d87e67eab0fc85f2ef6bc68642d69f30959ca173,未知,未知,未知,未知,未知,未知,未判定（缺少确切研究尺度合同）,未登记,无法判定,无法判定,无法判定,无法判定,无法判定,未判定（未登记到达时间合同）,无法判定,无法判定,717d3a2fd3bae60ec6485365211ee579c49778a4ed9985a2688fb0b288e48214,dq-rules-1.0,e87a78a94478584293d9fb3922bbb91882f48c58a8684db89186175facf03cc2,019010d64fe47d89c81bfaedafd458f1d886025bb34292c0c32eafcfa4392657,64e5bb41afcf469245ce9705dc203fe6fbe8856221826e551a6ab4ad0760a68e,无法判定,未执行（第一门未通过）,未执行（无决策记录）,无法判定,decision_record_missing,来源身份已登记但没有获批历史决策记录登记；不读取候选正文，不构造样例记录,登记带来源证据的决策编号、决策时点、数据截止时间及三类时间合同；重新生成不可变批次
replay-20260805T012335+0800-3156feb21c31,DS-000015,ETH,ZI-4f294e47780b8d95f28c6c55,无法判定,source-identity-1.0,d1719fbdb6e9f12ba7bb10b52c7e8b73f81c0c7382105f10932745c5dc5ea652,audit-20260805T005824+0800,完成,完整,9272106f97f6d6b4c3f908c8d87e67eab0fc85f2ef6bc68642d69f30959ca173,未知,未知,未知,未知,未知,未知,未判定（缺少确切研究尺度合同）,未登记,无法判定,无法判定,无法判定,无法判定,无法判定,未判定（未登记到达时间合同）,无法判定,无法判定,717d3a2fd3bae60ec6485365211ee579c49778a4ed9985a2688fb0b288e48214,dq-rules-1.0,e87a78a94478584293d9fb3922bbb91882f48c58a8684db89186175facf03cc2,019010d64fe47d89c81bfaedafd458f1d886025bb34292c0c32eafcfa4392657,cd18b5b1163544f36da6af597c063b1f17556e0bdf962984927f135aec97ced2,无法判定,未执行（第一门未通过）,未执行（无决策记录）,无法判定,decision_record_missing,来源身份已登记但没有获批历史决策记录登记；不读取候选正文，不构造样例记录,登记带来源证据的决策编号、决策时点、数据截止时间及三类时间合同；重新生成不可变批次
replay-20260805T012335+0800-3156feb21c31,DS-000016,BTC,ZI-c7222ddc077a12706bc85a0e,无法判定,source-identity-1.0,167b09bf04716a1bd8174132a7d8db0e68b83e64ffe61366b462b8165870fc4b,audit-20260805T005824+0800,完成,完整,4cdf7edc970df6bab295fc28978736bd2363c1ab8a956858de8d54f846d01882,未知,未知,未知,未知,未知,未知,未判定（缺少确切研究尺度合同）,未登记,无法判定,无法判定,无法判定,无法判定,无法判定,未判定（未登记到达时间合同）,无法判定,无法判定,717d3a2fd3bae60ec6485365211ee579c49778a4ed9985a2688fb0b288e48214,dq-rules-1.0,e87a78a94478584293d9fb3922bbb91882f48c58a8684db89186175facf03cc2,019010d64fe47d89c81bfaedafd458f1d886025bb34292c0c32eafcfa4392657,1ba5d033a26b817f8f922d852843dfbf89f97e03eeb3a853e4d0c068063e8e34,无法判定,未执行（第一门未通过）,未执行（无决策记录）,无法判定,decision_record_missing,来源身份已登记但没有获批历史决策记录登记；不读取候选正文，不构造样例记录,登记带来源证据的决策编号、决策时点、数据截止时间及三类时间合同；重新生成不可变批次
replay-20260805T012335+0800-3156feb21c31,DS-000016,ETH,ZI-aee0aa011ef421beb877e180,无法判定,source-identity-1.0,01abd63d82b56cbe4e552ce8389889d03aeea133fa9ea5f74b7714938acc19e7,audit-20260805T005824+0800,完成,完整,4cdf7edc970df6bab295fc28978736bd2363c1ab8a956858de8d54f846d01882,未知,未知,未知,未知,未知,未知,未判定（缺少确切研究尺度合同）,未登记,无法判定,无法判定,无法判定,无法判定,无法判定,未判定（未登记到达时间合同）,无法判定,无法判定,717d3a2fd3bae60ec6485365211ee579c49778a4ed9985a2688fb0b288e48214,dq-rules-1.0,e87a78a94478584293d9fb3922bbb91882f48c58a8684db89186175facf03cc2,019010d64fe47d89c81bfaedafd458f1d886025bb34292c0c32eafcfa4392657,f2f6ee97afdf363557f685de0bad97912dc9c80d53326dc4cee9d2c1f389411c,无法判定,未执行（第一门未通过）,未执行（无决策记录）,无法判定,decision_record_missing,来源身份已登记但没有获批历史决策记录登记；不读取候选正文，不构造样例记录,登记带来源证据的决策编号、决策时点、数据截止时间及三类时间合同；重新生成不可变批次
replay-20260805T012335+0800-3156feb21c31,DS-000017,BTC,ZI-b662cded17c8b415bc18d325,无法判定,source-identity-1.0,cc24d5784d159c2b7bedac82066e39ceb3d9700fef4e02542e5abfb47afa2f20,audit-20260805T005824+0800,完成,完整,c235b7a916bac68c83d767cf7956c8f93a8f4da73e360a403818f7733340c404,未知,未知,未知,未知,未知,未知,未判定（缺少确切研究尺度合同）,未登记,无法判定,无法判定,无法判定,无法判定,无法判定,未判定（未登记到达时间合同）,无法判定,无法判定,717d3a2fd3bae60ec6485365211ee579c49778a4ed9985a2688fb0b288e48214,dq-rules-1.0,e87a78a94478584293d9fb3922bbb91882f48c58a8684db89186175facf03cc2,019010d64fe47d89c81bfaedafd458f1d886025bb34292c0c32eafcfa4392657,eb0ae0066808e71b4ebd8926dd160cdc74f895210982951f4873d3716a38d268,无法判定,未执行（第一门未通过）,未执行（无决策记录）,无法判定,decision_record_missing,来源身份已登记但没有获批历史决策记录登记；不读取候选正文，不构造样例记录,登记带来源证据的决策编号、决策时点、数据截止时间及三类时间合同；重新生成不可变批次
replay-20260805T012335+0800-3156feb21c31,DS-000017,ETH,ZI-7e0cdf9830865f043bda9ce4,无法判定,source-identity-1.0,190fc507bcf4074e9b7427eee0b0ab4f65652dda09fad9242e60e2d460a5fec3,audit-20260805T005824+0800,完成,完整,c235b7a916bac68c83d767cf7956c8f93a8f4da73e360a403818f7733340c404,未知,未知,未知,未知,未知,未知,未判定（缺少确切研究尺度合同）,未登记,无法判定,无法判定,无法判定,无法判定,无法判定,未判定（未登记到达时间合同）,无法判定,无法判定,717d3a2fd3bae60ec6485365211ee579c49778a4ed9985a2688fb0b288e48214,dq-rules-1.0,e87a78a94478584293d9fb3922bbb91882f48c58a8684db89186175facf03cc2,019010d64fe47d89c81bfaedafd458f1d886025bb34292c0c32eafcfa4392657,5a7d5d6bbc00ff73d61a7a15869b6a794f5672b22b6b23e6656487400bb485cc,无法判定,未执行（第一门未通过）,未执行（无决策记录）,无法判定,decision_record_missing,来源身份已登记但没有获批历史决策记录登记；不读取候选正文，不构造样例记录,登记带来源证据的决策编号、决策时点、数据截止时间及三类时间合同；重新生成不可变批次
replay-20260805T012335+0800-3156feb21c31,DS-000018,BTC,ZI-8c0a2a61096b2a4424356b89,无法判定,source-identity-1.0,f1d4803f35cf8a7bf5b5da85bc4f690290345ae0950866ca0b135ea090f508be,audit-20260805T005824+0800,完成,完整,4fe953729deb69b10c708535cb14a4ae9068ff1ac224cf1f0328b175c81180da,未知,未知,未知,未知,未知,未知,未判定（缺少确切研究尺度合同）,未登记,无法判定,无法判定,无法判定,无法判定,无法判定,未判定（未登记到达时间合同）,无法判定,无法判定,717d3a2fd3bae60ec6485365211ee579c49778a4ed9985a2688fb0b288e48214,dq-rules-1.0,e87a78a94478584293d9fb3922bbb91882f48c58a8684db89186175facf03cc2,019010d64fe47d89c81bfaedafd458f1d886025bb34292c0c32eafcfa4392657,d76b1b6acaecfc3c03b0d33c5c78ed927c51f6cfdf5c348870b20cff78062e22,无法判定,未执行（第一门未通过）,未执行（无决策记录）,无法判定,decision_record_missing,来源身份已登记但没有获批历史决策记录登记；不读取候选正文，不构造样例记录,登记带来源证据的决策编号、决策时点、数据截止时间及三类时间合同；重新生成不可变批次
replay-20260805T012335+0800-3156feb21c31,DS-000018,ETH,ZI-f26a91d704b8153b3b13bcab,无法判定,source-identity-1.0,70ed6ae3ccb425531e8a656c7ac714b9b34639dab76db7f0b09c811ce42ba055,audit-20260805T005824+0800,完成,完整,4fe953729deb69b10c708535cb14a4ae9068ff1ac224cf1f0328b175c81180da,未知,未知,未知,未知,未知,未知,未判定（缺少确切研究尺度合同）,未登记,无法判定,无法判定,无法判定,无法判定,无法判定,未判定（未登记到达时间合同）,无法判定,无法判定,717d3a2fd3bae60ec6485365211ee579c49778a4ed9985a2688fb0b288e48214,dq-rules-1.0,e87a78a94478584293d9fb3922bbb91882f48c58a8684db89186175facf03cc2,019010d64fe47d89c81bfaedafd458f1d886025bb34292c0c32eafcfa4392657,e795dc30fcf23de52fb23d55b52c1fc5d4276f200ff611de9b23aae8149b72df,无法判定,未执行（第一门未通过）,未执行（无决策记录）,无法判定,decision_record_missing,来源身份已登记但没有获批历史决策记录登记；不读取候选正文，不构造样例记录,登记带来源证据的决策编号、决策时点、数据截止时间及三类时间合同；重新生成不可变批次
replay-20260805T012335+0800-3156feb21c31,DS-000019,BTC,ZI-b8918337d2edc573b5335acf,无法判定,source-identity-1.0,331a5fa990e41ad5987cff8682713cabfc23c6e48140d958c5c1a1c526ca5f7e,audit-20260805T005824+0800,完成,完整,ad3c8db3371b655441773d858d0d8122a3855100b619db1d30db4bdebf1fdc04,未知,未知,未知,未知,未知,未知,未判定（缺少确切研究尺度合同）,未登记,无法判定,无法判定,无法判定,无法判定,无法判定,未判定（未登记到达时间合同）,无法判定,无法判定,717d3a2fd3bae60ec6485365211ee579c49778a4ed9985a2688fb0b288e48214,dq-rules-1.0,e87a78a94478584293d9fb3922bbb91882f48c58a8684db89186175facf03cc2,019010d64fe47d89c81bfaedafd458f1d886025bb34292c0c32eafcfa4392657,7edf3c9620771947cda6a21eccaa56a347addde5d796ec6721d1848d2a3742fc,无法判定,未执行（第一门未通过）,未执行（无决策记录）,无法判定,decision_record_missing,来源身份已登记但没有获批历史决策记录登记；不读取候选正文，不构造样例记录,登记带来源证据的决策编号、决策时点、数据截止时间及三类时间合同；重新生成不可变批次
replay-20260805T012335+0800-3156feb21c31,DS-000019,ETH,ZI-033ce08ef691bdde9d29398b,无法判定,source-identity-1.0,7b62364730d646643702b775edc49e5d640b3f83f2379a1664e15141dc94b1c8,audit-20260805T005824+0800,完成,完整,ad3c8db3371b655441773d858d0d8122a3855100b619db1d30db4bdebf1fdc04,未知,未知,未知,未知,未知,未知,未判定（缺少确切研究尺度合同）,未登记,无法判定,无法判定,无法判定,无法判定,无法判定,未判定（未登记到达时间合同）,无法判定,无法判定,717d3a2fd3bae60ec6485365211ee579c49778a4ed9985a2688fb0b288e48214,dq-rules-1.0,e87a78a94478584293d9fb3922bbb91882f48c58a8684db89186175facf03cc2,019010d64fe47d89c81bfaedafd458f1d886025bb34292c0c32eafcfa4392657,c426f87615cb2765fc142a4421b399b7b07bf580b58d7c2af31b6d2edbbdf698,无法判定,未执行（第一门未通过）,未执行（无决策记录）,无法判定,decision_record_missing,来源身份已登记但没有获批历史决策记录登记；不读取候选正文，不构造样例记录,登记带来源证据的决策编号、决策时点、数据截止时间及三类时间合同；重新生成不可变批次
replay-20260805T012335+0800-3156feb21c31,DS-000020,BTC,ZI-a74fe50809407c65c35e27b6,无法判定,source-identity-1.0,caa3d620c9309ebbd7227af3f03b0d69d972092b3d30640426cd6623f0947447,audit-20260805T005824+0800,完成,完整,a526a8242c642070d0abfa09c29c4f2cd120a90d0e2f37509203c630d72e138a,未知,未知,未知,未知,未知,未知,未判定（缺少确切研究尺度合同）,未登记,无法判定,无法判定,无法判定,无法判定,无法判定,未判定（未登记到达时间合同）,无法判定,无法判定,717d3a2fd3bae60ec6485365211ee579c49778a4ed9985a2688fb0b288e48214,dq-rules-1.0,e87a78a94478584293d9fb3922bbb91882f48c58a8684db89186175facf03cc2,019010d64fe47d89c81bfaedafd458f1d886025bb34292c0c32eafcfa4392657,87780e8ec9be5772d00cff8a713a5b2f2b04ddb55d1edb7329a4ebf084c7530a,无法判定,未执行（第一门未通过）,未执行（无决策记录）,无法判定,decision_record_missing,来源身份已登记但没有获批历史决策记录登记；不读取候选正文，不构造样例记录,登记带来源证据的决策编号、决策时点、数据截止时间及三类时间合同；重新生成不可变批次
replay-20260805T012335+0800-3156feb21c31,DS-000020,ETH,ZI-77e33436a724310dfdbb45ff,无法判定,source-identity-1.0,5abfc8f7fe6f8ab3e2dfb2d92e2224d88e85e7bc72fddbb80cc7d6fc09dfef8f,audit-20260805T005824+0800,完成,完整,a526a8242c642070d0abfa09c29c4f2cd120a90d0e2f37509203c630d72e138a,未知,未知,未知,未知,未知,未知,未判定（缺少确切研究尺度合同）,未登记,无法判定,无法判定,无法判定,无法判定,无法判定,未判定（未登记到达时间合同）,无法判定,无法判定,717d3a2fd3bae60ec6485365211ee579c49778a4ed9985a2688fb0b288e48214,dq-rules-1.0,e87a78a94478584293d9fb3922bbb91882f48c58a8684db89186175facf03cc2,019010d64fe47d89c81bfaedafd458f1d886025bb34292c0c32eafcfa4392657,2ba927d29e981d92d33c72b05b7188dab9be3cdd85ed93cfbad8ae4c2fd7e0f2,无法判定,未执行（第一门未通过）,未执行（无决策记录）,无法判定,decision_record_missing,来源身份已登记但没有获批历史决策记录登记；不读取候选正文，不构造样例记录,登记带来源证据的决策编号、决策时点、数据截止时间及三类时间合同；重新生成不可变批次
replay-20260805T012335+0800-3156feb21c31,DS-000021,BTC,ZI-37ca6c4114c93bb8aabfdb40,无法判定,source-identity-1.0,a772c5b425479ba877711840b59f27e512685b982067a1cbb1943e22c055791f,audit-20260805T005824+0800,完成,完整,b29ec832a9ec21512d2b069bc43c606b1d5708b1b540daf89543fe0ccef55651,未知,未知,未知,未知,未知,未知,未判定（缺少确切研究尺度合同）,未登记,无法判定,无法判定,无法判定,无法判定,无法判定,未判定（未登记到达时间合同）,无法判定,无法判定,717d3a2fd3bae60ec6485365211ee579c49778a4ed9985a2688fb0b288e48214,dq-rules-1.0,e87a78a94478584293d9fb3922bbb91882f48c58a8684db89186175facf03cc2,019010d64fe47d89c81bfaedafd458f1d886025bb34292c0c32eafcfa4392657,8c24730d40d84e3e576068078590c84b78e805c2c51c2301126760fd2e9e65e4,无法判定,未执行（第一门未通过）,未执行（无决策记录）,无法判定,decision_record_missing,来源身份已登记但没有获批历史决策记录登记；不读取候选正文，不构造样例记录,登记带来源证据的决策编号、决策时点、数据截止时间及三类时间合同；重新生成不可变批次
replay-20260805T012335+0800-3156feb21c31,DS-000021,ETH,ZI-04ca2b6ded2abaa7a64050a6,无法判定,source-identity-1.0,f0cb8eba9f5854b50308a55b7a1522f4b265d720dbb8f23dde2e2bf6847e21c1,audit-20260805T005824+0800,完成,完整,b29ec832a9ec21512d2b069bc43c606b1d5708b1b540daf89543fe0ccef55651,未知,未知,未知,未知,未知,未知,未判定（缺少确切研究尺度合同）,未登记,无法判定,无法判定,无法判定,无法判定,无法判定,未判定（未登记到达时间合同）,无法判定,无法判定,717d3a2fd3bae60ec6485365211ee579c49778a4ed9985a2688fb0b288e48214,dq-rules-1.0,e87a78a94478584293d9fb3922bbb91882f48c58a8684db89186175facf03cc2,019010d64fe47d89c81bfaedafd458f1d886025bb34292c0c32eafcfa4392657,66d8ffb3a34beb4c95d372298c810f8d5d2f64744a03e2d4b88d1577610f4b38,无法判定,未执行（第一门未通过）,未执行（无决策记录）,无法判定,decision_record_missing,来源身份已登记但没有获批历史决策记录登记；不读取候选正文，不构造样例记录,登记带来源证据的决策编号、决策时点、数据截止时间及三类时间合同；重新生成不可变批次
replay-20260805T012335+0800-3156feb21c31,DS-000022,BTC,ZI-d51a63844fdefcea96fdae6d,无法判定,source-identity-1.0,ab94c4ebee1b014e2a21796eb2d42c3ea8c6b4191eaec5156cfe5b129285d47e,audit-20260805T005824+0800,完成,完整,c0ab5228d78396d1740e56042fa1de132bedcae60f75760079bfc60ab4b1b4d8,未知,未知,未知,未知,未知,未知,未判定（缺少确切研究尺度合同）,未登记,无法判定,无法判定,无法判定,无法判定,无法判定,未判定（未登记到达时间合同）,无法判定,无法判定,717d3a2fd3bae60ec6485365211ee579c49778a4ed9985a2688fb0b288e48214,dq-rules-1.0,e87a78a94478584293d9fb3922bbb91882f48c58a8684db89186175facf03cc2,019010d64fe47d89c81bfaedafd458f1d886025bb34292c0c32eafcfa4392657,c096fe76baa17bb57254d39f44eccabffa058cf8af88bf312866d52e6d1f932c,无法判定,未执行（第一门未通过）,未执行（无决策记录）,无法判定,decision_record_missing,来源身份已登记但没有获批历史决策记录登记；不读取候选正文，不构造样例记录,登记带来源证据的决策编号、决策时点、数据截止时间及三类时间合同；重新生成不可变批次
replay-20260805T012335+0800-3156feb21c31,DS-000022,ETH,ZI-2570062f645b43ce27a0487c,无法判定,source-identity-1.0,7fcca71ce2752cb0d6c8ef6d4b93091f56216a4819ee1427118cda82721d9e87,audit-20260805T005824+0800,完成,完整,c0ab5228d78396d1740e56042fa1de132bedcae60f75760079bfc60ab4b1b4d8,未知,未知,未知,未知,未知,未知,未判定（缺少确切研究尺度合同）,未登记,无法判定,无法判定,无法判定,无法判定,无法判定,未判定（未登记到达时间合同）,无法判定,无法判定,717d3a2fd3bae60ec6485365211ee579c49778a4ed9985a2688fb0b288e48214,dq-rules-1.0,e87a78a94478584293d9fb3922bbb91882f48c58a8684db89186175facf03cc2,019010d64fe47d89c81bfaedafd458f1d886025bb34292c0c32eafcfa4392657,fd1f30c21854d91b3b1e1bc5204ec909a1c6de9d9c847d7b390cf381e9d5f2ec,无法判定,未执行（第一门未通过）,未执行（无决策记录）,无法判定,decision_record_missing,来源身份已登记但没有获批历史决策记录登记；不读取候选正文，不构造样例记录,登记带来源证据的决策编号、决策时点、数据截止时间及三类时间合同；重新生成不可变批次
replay-20260805T012335+0800-3156feb21c31,DS-000023,BTC,ZI-62a663fd96baa6d2befc3bf2,无法判定,source-identity-1.0,ccc8a40ba83dd186d4050324d81a32ab3d2d33a6d66371ad9a2eb528a56d81e9,audit-20260805T005824+0800,完成,完整,81f2feafeecec4652c8bfb0f947957b8b90cf235662b37cb659d65b91d1a551f,未知,未知,未知,未知,未知,未知,未判定（缺少确切研究尺度合同）,未登记,无法判定,无法判定,无法判定,无法判定,无法判定,未判定（未登记到达时间合同）,无法判定,无法判定,717d3a2fd3bae60ec6485365211ee579c49778a4ed9985a2688fb0b288e48214,dq-rules-1.0,e87a78a94478584293d9fb3922bbb91882f48c58a8684db89186175facf03cc2,019010d64fe47d89c81bfaedafd458f1d886025bb34292c0c32eafcfa4392657,b768f40ae400388b46e8d444be39072f9ee7e7296a41ced30481ea6b81fd06a4,无法判定,未执行（第一门未通过）,未执行（无决策记录）,无法判定,decision_record_missing,来源身份已登记但没有获批历史决策记录登记；不读取候选正文，不构造样例记录,登记带来源证据的决策编号、决策时点、数据截止时间及三类时间合同；重新生成不可变批次
replay-20260805T012335+0800-3156feb21c31,DS-000023,ETH,ZI-be30400ad91dda28af131417,无法判定,source-identity-1.0,93777db421f51f9df51e9dcbc476015b3046682cd31ca3521914b37fa439d0f5,audit-20260805T005824+0800,完成,完整,81f2feafeecec4652c8bfb0f947957b8b90cf235662b37cb659d65b91d1a551f,未知,未知,未知,未知,未知,未知,未判定（缺少确切研究尺度合同）,未登记,无法判定,无法判定,无法判定,无法判定,无法判定,未判定（未登记到达时间合同）,无法判定,无法判定,717d3a2fd3bae60ec6485365211ee579c49778a4ed9985a2688fb0b288e48214,dq-rules-1.0,e87a78a94478584293d9fb3922bbb91882f48c58a8684db89186175facf03cc2,019010d64fe47d89c81bfaedafd458f1d886025bb34292c0c32eafcfa4392657,e9b5cee1cce521e5448d1df11e4b3a307d5f78687563faf777b00241ebd787f9,无法判定,未执行（第一门未通过）,未执行（无决策记录）,无法判定,decision_record_missing,来源身份已登记但没有获批历史决策记录登记；不读取候选正文，不构造样例记录,登记带来源证据的决策编号、决策时点、数据截止时间及三类时间合同；重新生成不可变批次
replay-20260805T012335+0800-3156feb21c31,DS-000024,BTC,ZI-3e04430d183f37d5f6f412c6,无法判定,source-identity-1.0,a473d3a17ba5a802b34dea96f5d02387c32e0c7e0fdf2f7be37371585cc58a88,audit-20260805T005824+0800,完成,完整,817fea4d3681e30048d653c65ad6ca0c2546d7cdbc7e492e5f1a8049a62808f4,未知,未知,未知,未知,未知,未知,未判定（缺少确切研究尺度合同）,未登记,无法判定,无法判定,无法判定,无法判定,无法判定,未判定（未登记到达时间合同）,无法判定,无法判定,717d3a2fd3bae60ec6485365211ee579c49778a4ed9985a2688fb0b288e48214,dq-rules-1.0,e87a78a94478584293d9fb3922bbb91882f48c58a8684db89186175facf03cc2,019010d64fe47d89c81bfaedafd458f1d886025bb34292c0c32eafcfa4392657,205331680220c093538587fa834e61d7eaebe102e17726bf180784573d1b9a2c,无法判定,未执行（第一门未通过）,未执行（无决策记录）,无法判定,decision_record_missing,来源身份已登记但没有获批历史决策记录登记；不读取候选正文，不构造样例记录,登记带来源证据的决策编号、决策时点、数据截止时间及三类时间合同；重新生成不可变批次
replay-20260805T012335+0800-3156feb21c31,DS-000024,ETH,ZI-a0d4e3f46f73962f77ebd7c5,无法判定,source-identity-1.0,2774f15f244fe6bec3fe8a3db061c89672291a4ed26fcb39a8ad988b184db459,audit-20260805T005824+0800,完成,完整,817fea4d3681e30048d653c65ad6ca0c2546d7cdbc7e492e5f1a8049a62808f4,未知,未知,未知,未知,未知,未知,未判定（缺少确切研究尺度合同）,未登记,无法判定,无法判定,无法判定,无法判定,无法判定,未判定（未登记到达时间合同）,无法判定,无法判定,717d3a2fd3bae60ec6485365211ee579c49778a4ed9985a2688fb0b288e48214,dq-rules-1.0,e87a78a94478584293d9fb3922bbb91882f48c58a8684db89186175facf03cc2,019010d64fe47d89c81bfaedafd458f1d886025bb34292c0c32eafcfa4392657,e46c2d42f8f97096335f65290fa5509dcf4b345f10c8e77814210d182827ac89,无法判定,未执行（第一门未通过）,未执行（无决策记录）,无法判定,decision_record_missing,来源身份已登记但没有获批历史决策记录登记；不读取候选正文，不构造样例记录,登记带来源证据的决策编号、决策时点、数据截止时间及三类时间合同；重新生成不可变批次
replay-20260805T012335+0800-3156feb21c31,DS-000025,BTC,ZI-d09e19cfdcbed9a7fdc593be,无法判定,source-identity-1.0,abb969f5c5c8d3f887c65c291b89b16e404fa588ca719e6dcdb8bd80e8f2e732,audit-20260805T005824+0800,完成,完整,3bc979743acf753ab091e2b16be32addf942716fd7e657c27b13bac32a837788,未知,未知,未知,未知,未知,未知,未判定（缺少确切研究尺度合同）,未登记,无法判定,无法判定,无法判定,无法判定,无法判定,未判定（未登记到达时间合同）,无法判定,无法判定,717d3a2fd3bae60ec6485365211ee579c49778a4ed9985a2688fb0b288e48214,dq-rules-1.0,e87a78a94478584293d9fb3922bbb91882f48c58a8684db89186175facf03cc2,019010d64fe47d89c81bfaedafd458f1d886025bb34292c0c32eafcfa4392657,22002a61ff349c0a1541a3eec3c9dafb7021fcd81a7310608cfee2b5267fd472,无法判定,未执行（第一门未通过）,未执行（无决策记录）,无法判定,decision_record_missing,来源身份已登记但没有获批历史决策记录登记；不读取候选正文，不构造样例记录,登记带来源证据的决策编号、决策时点、数据截止时间及三类时间合同；重新生成不可变批次
replay-20260805T012335+0800-3156feb21c31,DS-000025,ETH,ZI-0b664412f41ac3e18fc48be7,无法判定,source-identity-1.0,338a7f36ed22e348476852845aff34960804eecd805994569bb4049654f57ff6,audit-20260805T005824+0800,完成,完整,3bc979743acf753ab091e2b16be32addf942716fd7e657c27b13bac32a837788,未知,未知,未知,未知,未知,未知,未判定（缺少确切研究尺度合同）,未登记,无法判定,无法判定,无法判定,无法判定,无法判定,未判定（未登记到达时间合同）,无法判定,无法判定,717d3a2fd3bae60ec6485365211ee579c49778a4ed9985a2688fb0b288e48214,dq-rules-1.0,e87a78a94478584293d9fb3922bbb91882f48c58a8684db89186175facf03cc2,019010d64fe47d89c81bfaedafd458f1d886025bb34292c0c32eafcfa4392657,83c7254cc8b3a1fa1bb0d59a8e2dac94358caee25d5d95b513d8bf54d4f8cc18,无法判定,未执行（第一门未通过）,未执行（无决策记录）,无法判定,decision_record_missing,来源身份已登记但没有获批历史决策记录登记；不读取候选正文，不构造样例记录,登记带来源证据的决策编号、决策时点、数据截止时间及三类时间合同；重新生成不可变批次
replay-20260805T012335+0800-3156feb21c31,DS-000026,BTC,ZI-9a5034b379b436117dafdeb9,无法判定,source-identity-1.0,a84793d79d61108b2fe33aef3ceffc3e8a62dcb6babbd31f233ecd8d4986edb6,audit-20260805T005824+0800,完成,完整,af325ce0a6435c011438b5090332db3c62842d9cbfd1e61b155bf4082b3263ea,未知,未知,未知,未知,未知,未知,未判定（缺少确切研究尺度合同）,未登记,无法判定,无法判定,无法判定,无法判定,无法判定,未判定（未登记到达时间合同）,无法判定,无法判定,717d3a2fd3bae60ec6485365211ee579c49778a4ed9985a2688fb0b288e48214,dq-rules-1.0,e87a78a94478584293d9fb3922bbb91882f48c58a8684db89186175facf03cc2,019010d64fe47d89c81bfaedafd458f1d886025bb34292c0c32eafcfa4392657,833f039226c29ad7d8570d28f2f2e02bcc0da80149dcf6b001f44a38b69a2a12,无法判定,未执行（第一门未通过）,未执行（无决策记录）,无法判定,decision_record_missing,来源身份已登记但没有获批历史决策记录登记；不读取候选正文，不构造样例记录,登记带来源证据的决策编号、决策时点、数据截止时间及三类时间合同；重新生成不可变批次
replay-20260805T012335+0800-3156feb21c31,DS-000026,ETH,ZI-0fe134d0066f7b835eaba2f2,无法判定,source-identity-1.0,865e710da21a05e6539c9f44f9757b7bb885cb50eeb9ff181752d70ee9451c43,audit-20260805T005824+0800,完成,完整,af325ce0a6435c011438b5090332db3c62842d9cbfd1e61b155bf4082b3263ea,未知,未知,未知,未知,未知,未知,未判定（缺少确切研究尺度合同）,未登记,无法判定,无法判定,无法判定,无法判定,无法判定,未判定（未登记到达时间合同）,无法判定,无法判定,717d3a2fd3bae60ec6485365211ee579c49778a4ed9985a2688fb0b288e48214,dq-rules-1.0,e87a78a94478584293d9fb3922bbb91882f48c58a8684db89186175facf03cc2,019010d64fe47d89c81bfaedafd458f1d886025bb34292c0c32eafcfa4392657,82ae544175666cf802e8baa2e717042b45a5b6872cba0034d65bd5b37aa7d4df,无法判定,未执行（第一门未通过）,未执行（无决策记录）,无法判定,decision_record_missing,来源身份已登记但没有获批历史决策记录登记；不读取候选正文，不构造样例记录,登记带来源证据的决策编号、决策时点、数据截止时间及三类时间合同；重新生成不可变批次
replay-20260805T012335+0800-3156feb21c31,DS-000027,BTC,ZI-50bc11d42d88870ce48d3c15,无法判定,source-identity-1.0,eb6270c82488a701b9eec44da665c938c0d0cd7b97ef77c8f736a1f599bc992c,audit-20260805T005824+0800,完成,完整,8e43ec058900af155d532895144b8698b1cc8c14831c3426a54ee316792980d5,未知,未知,未知,未知,未知,未知,未判定（缺少确切研究尺度合同）,未登记,无法判定,无法判定,无法判定,无法判定,无法判定,未判定（未登记到达时间合同）,无法判定,无法判定,717d3a2fd3bae60ec6485365211ee579c49778a4ed9985a2688fb0b288e48214,dq-rules-1.0,e87a78a94478584293d9fb3922bbb91882f48c58a8684db89186175facf03cc2,019010d64fe47d89c81bfaedafd458f1d886025bb34292c0c32eafcfa4392657,3ee899bc76c479ee98c243091d6e9dac12e3a93024fef2adf77dac0d11deba4c,无法判定,未执行（第一门未通过）,未执行（无决策记录）,无法判定,decision_record_missing,来源身份已登记但没有获批历史决策记录登记；不读取候选正文，不构造样例记录,登记带来源证据的决策编号、决策时点、数据截止时间及三类时间合同；重新生成不可变批次
replay-20260805T012335+0800-3156feb21c31,DS-000027,ETH,ZI-089f0c0ebeeb9e87f76c31ff,无法判定,source-identity-1.0,61bf3a66ec0676e7ebbfe26d0ade5ff965bb460475eac2a0ab649316a41e856c,audit-20260805T005824+0800,完成,完整,8e43ec058900af155d532895144b8698b1cc8c14831c3426a54ee316792980d5,未知,未知,未知,未知,未知,未知,未判定（缺少确切研究尺度合同）,未登记,无法判定,无法判定,无法判定,无法判定,无法判定,未判定（未登记到达时间合同）,无法判定,无法判定,717d3a2fd3bae60ec6485365211ee579c49778a4ed9985a2688fb0b288e48214,dq-rules-1.0,e87a78a94478584293d9fb3922bbb91882f48c58a8684db89186175facf03cc2,019010d64fe47d89c81bfaedafd458f1d886025bb34292c0c32eafcfa4392657,08916ea9f1db550c9b56070f5cb51f2847d2f1dec5c286d3e7a5adc8577ee7ad,无法判定,未执行（第一门未通过）,未执行（无决策记录）,无法判定,decision_record_missing,来源身份已登记但没有获批历史决策记录登记；不读取候选正文，不构造样例记录,登记带来源证据的决策编号、决策时点、数据截止时间及三类时间合同；重新生成不可变批次
replay-20260805T012335+0800-3156feb21c31,DS-000028,BTC,ZI-f94898b1902c73c7204f68f4,无法判定,source-identity-1.0,a43c5a1609c15d12e64c43b0c0ef92078c585769c98b2dedd633f964b8c3f70e,audit-20260805T005824+0800,完成,完整,6deaeaf291caa062edb87f6870e1eacf4e624850847d1f1e486b4c4f364b85b1,未知,未知,未知,未知,未知,未知,未判定（缺少确切研究尺度合同）,未登记,无法判定,无法判定,无法判定,无法判定,无法判定,未判定（未登记到达时间合同）,无法判定,无法判定,717d3a2fd3bae60ec6485365211ee579c49778a4ed9985a2688fb0b288e48214,dq-rules-1.0,e87a78a94478584293d9fb3922bbb91882f48c58a8684db89186175facf03cc2,019010d64fe47d89c81bfaedafd458f1d886025bb34292c0c32eafcfa4392657,d8b0371b794ed17e722573c1cd352265a53d54e803a659aa73043e299126c5fc,无法判定,未执行（第一门未通过）,未执行（无决策记录）,无法判定,decision_record_missing,来源身份已登记但没有获批历史决策记录登记；不读取候选正文，不构造样例记录,登记带来源证据的决策编号、决策时点、数据截止时间及三类时间合同；重新生成不可变批次
replay-20260805T012335+0800-3156feb21c31,DS-000028,ETH,ZI-9281ed93ca15f2fdc9ea24d8,无法判定,source-identity-1.0,490cae22d988c3ac2b04f1f6d4f688e3b707e68482bc7b6a84f20027a73f0375,audit-20260805T005824+0800,完成,完整,6deaeaf291caa062edb87f6870e1eacf4e624850847d1f1e486b4c4f364b85b1,未知,未知,未知,未知,未知,未知,未判定（缺少确切研究尺度合同）,未登记,无法判定,无法判定,无法判定,无法判定,无法判定,未判定（未登记到达时间合同）,无法判定,无法判定,717d3a2fd3bae60ec6485365211ee579c49778a4ed9985a2688fb0b288e48214,dq-rules-1.0,e87a78a94478584293d9fb3922bbb91882f48c58a8684db89186175facf03cc2,019010d64fe47d89c81bfaedafd458f1d886025bb34292c0c32eafcfa4392657,21211a445ed3b95e940358f4465ed64d2ecf123ea32429dcf5e2d2ce431ebbfe,无法判定,未执行（第一门未通过）,未执行（无决策记录）,无法判定,decision_record_missing,来源身份已登记但没有获批历史决策记录登记；不读取候选正文，不构造样例记录,登记带来源证据的决策编号、决策时点、数据截止时间及三类时间合同；重新生成不可变批次
replay-20260805T012335+0800-3156feb21c31,DS-000029,BTC,ZI-de37a154d339d6ea9dd24636,无法判定,source-identity-1.0,67cfa0af6d762040ac5d215fd775611546b59055eb3a0392a7825eb087750659,audit-20260805T005824+0800,完成,完整,92f4991c2748c52a460a9401f0a11eb1734299040fc7506ce9306bd6479ffe7a,未知,未知,未知,未知,未知,未知,未判定（缺少确切研究尺度合同）,未登记,无法判定,无法判定,无法判定,无法判定,无法判定,未判定（未登记到达时间合同）,无法判定,无法判定,717d3a2fd3bae60ec6485365211ee579c49778a4ed9985a2688fb0b288e48214,dq-rules-1.0,e87a78a94478584293d9fb3922bbb91882f48c58a8684db89186175facf03cc2,019010d64fe47d89c81bfaedafd458f1d886025bb34292c0c32eafcfa4392657,242eb7ecfca69af71fe302cc8f4444499d90ed7c40d464919c121da4af8749e8,无法判定,未执行（第一门未通过）,未执行（无决策记录）,无法判定,decision_record_missing,来源身份已登记但没有获批历史决策记录登记；不读取候选正文，不构造样例记录,登记带来源证据的决策编号、决策时点、数据截止时间及三类时间合同；重新生成不可变批次
replay-20260805T012335+0800-3156feb21c31,DS-000029,ETH,ZI-8cc6ec85cad87703abaaeba8,无法判定,source-identity-1.0,aead3b6f8cc3601dbe6a5e9ca4103698783036ee48aa68d2485a0890e61ae2c4,audit-20260805T005824+0800,完成,完整,92f4991c2748c52a460a9401f0a11eb1734299040fc7506ce9306bd6479ffe7a,未知,未知,未知,未知,未知,未知,未判定（缺少确切研究尺度合同）,未登记,无法判定,无法判定,无法判定,无法判定,无法判定,未判定（未登记到达时间合同）,无法判定,无法判定,717d3a2fd3bae60ec6485365211ee579c49778a4ed9985a2688fb0b288e48214,dq-rules-1.0,e87a78a94478584293d9fb3922bbb91882f48c58a8684db89186175facf03cc2,019010d64fe47d89c81bfaedafd458f1d886025bb34292c0c32eafcfa4392657,fd7d77cb5fb01eb6b3c17303d8f55a113eb86732076b0705a5196f2f327b3567,无法判定,未执行（第一门未通过）,未执行（无决策记录）,无法判定,decision_record_missing,来源身份已登记但没有获批历史决策记录登记；不读取候选正文，不构造样例记录,登记带来源证据的决策编号、决策时点、数据截止时间及三类时间合同；重新生成不可变批次
replay-20260805T012335+0800-3156feb21c31,DS-000030,BTC,ZI-1d36a0c340d1ef902e9b9d9e,无法判定,source-identity-1.0,adc87dce0764da52eafa4d4dcc1782757fe47e64e3de886fd5bf3c2cd318a078,audit-20260805T005824+0800,完成,完整,4b28bed00a9971cbf5c8e1152602dea85ac1a430eddcd736f05d37e3aa84d858,未知,未知,未知,未知,未知,未知,未判定（缺少确切研究尺度合同）,未登记,无法判定,无法判定,无法判定,无法判定,无法判定,未判定（未登记到达时间合同）,无法判定,无法判定,717d3a2fd3bae60ec6485365211ee579c49778a4ed9985a2688fb0b288e48214,dq-rules-1.0,e87a78a94478584293d9fb3922bbb91882f48c58a8684db89186175facf03cc2,019010d64fe47d89c81bfaedafd458f1d886025bb34292c0c32eafcfa4392657,e023bf7ca0e0fec5c3db4424d0699ae8a8e61bebdc8e34d9befb294b0d6d5eeb,无法判定,未执行（第一门未通过）,未执行（无决策记录）,无法判定,decision_record_missing,来源身份已登记但没有获批历史决策记录登记；不读取候选正文，不构造样例记录,登记带来源证据的决策编号、决策时点、数据截止时间及三类时间合同；重新生成不可变批次
replay-20260805T012335+0800-3156feb21c31,DS-000030,ETH,ZI-d9c1e236f123c75e588d2059,无法判定,source-identity-1.0,acf50dd8d079cc3ab93d099f1e320ac279ebc30466e157b499593e195b39cebd,audit-20260805T005824+0800,完成,完整,4b28bed00a9971cbf5c8e1152602dea85ac1a430eddcd736f05d37e3aa84d858,未知,未知,未知,未知,未知,未知,未判定（缺少确切研究尺度合同）,未登记,无法判定,无法判定,无法判定,无法判定,无法判定,未判定（未登记到达时间合同）,无法判定,无法判定,717d3a2fd3bae60ec6485365211ee579c49778a4ed9985a2688fb0b288e48214,dq-rules-1.0,e87a78a94478584293d9fb3922bbb91882f48c58a8684db89186175facf03cc2,019010d64fe47d89c81bfaedafd458f1d886025bb34292c0c32eafcfa4392657,968e19cfd8c0cfddd2fb236a9ffec7a81a8b04d4c27b0cdc08d9e8ff812126d2,无法判定,未执行（第一门未通过）,未执行（无决策记录）,无法判定,decision_record_missing,来源身份已登记但没有获批历史决策记录登记；不读取候选正文，不构造样例记录,登记带来源证据的决策编号、决策时点、数据截止时间及三类时间合同；重新生成不可变批次
replay-20260805T012335+0800-3156feb21c31,DS-000031,BTC,ZI-90a7b0ede5d1cf41ca54fe0d,无法判定,source-identity-1.0,3436e3365ee1e5e819e90c8ae6ea10d85dbaf925c388539570d7fbc6011b2bb4,audit-20260805T005824+0800,完成,完整,29d323c124c390f10f2c24b5eae0c458885a7eedee01a516b498e26f7062df5b,未知,未知,未知,未知,未知,未知,未判定（缺少确切研究尺度合同）,未登记,无法判定,无法判定,无法判定,无法判定,无法判定,未判定（未登记到达时间合同）,无法判定,无法判定,717d3a2fd3bae60ec6485365211ee579c49778a4ed9985a2688fb0b288e48214,dq-rules-1.0,e87a78a94478584293d9fb3922bbb91882f48c58a8684db89186175facf03cc2,019010d64fe47d89c81bfaedafd458f1d886025bb34292c0c32eafcfa4392657,95df1077d0a91e742728e192b6ea8f12ad9bcaa99672a96473d6061c9fadfa66,无法判定,未执行（第一门未通过）,未执行（无决策记录）,无法判定,decision_record_missing,来源身份已登记但没有获批历史决策记录登记；不读取候选正文，不构造样例记录,登记带来源证据的决策编号、决策时点、数据截止时间及三类时间合同；重新生成不可变批次
replay-20260805T012335+0800-3156feb21c31,DS-000031,ETH,ZI-c169483e7e35bbdae6c6bc04,无法判定,source-identity-1.0,8b34598937e2d4986f0af50662a036fb3151262f0529826aaa0ae708d0910d13,audit-20260805T005824+0800,完成,完整,29d323c124c390f10f2c24b5eae0c458885a7eedee01a516b498e26f7062df5b,未知,未知,未知,未知,未知,未知,未判定（缺少确切研究尺度合同）,未登记,无法判定,无法判定,无法判定,无法判定,无法判定,未判定（未登记到达时间合同）,无法判定,无法判定,717d3a2fd3bae60ec6485365211ee579c49778a4ed9985a2688fb0b288e48214,dq-rules-1.0,e87a78a94478584293d9fb3922bbb91882f48c58a8684db89186175facf03cc2,019010d64fe47d89c81bfaedafd458f1d886025bb34292c0c32eafcfa4392657,420d14263ca5dbde0b58f1b036e59c5f8781e81798b6a86ac587c7c30b14a6ca,无法判定,未执行（第一门未通过）,未执行（无决策记录）,无法判定,decision_record_missing,来源身份已登记但没有获批历史决策记录登记；不读取候选正文，不构造样例记录,登记带来源证据的决策编号、决策时点、数据截止时间及三类时间合同；重新生成不可变批次
replay-20260805T012335+0800-3156feb21c31,DS-000032,BTC,ZI-af8bf19f503a5a5f7dd6543f,无法判定,source-identity-1.0,ee580f19efc88a7b7114ec6638af6eeb125e2aa64661d8caf375c2943e17da6a,audit-20260805T005824+0800,完成,完整,b5c0629a43ecc99fd7cf68bbd7325501ed954114deeb933f4bc776e395d961fc,未知,未知,未知,未知,未知,未知,未判定（缺少确切研究尺度合同）,未登记,无法判定,无法判定,无法判定,无法判定,无法判定,未判定（未登记到达时间合同）,无法判定,无法判定,717d3a2fd3bae60ec6485365211ee579c49778a4ed9985a2688fb0b288e48214,dq-rules-1.0,e87a78a94478584293d9fb3922bbb91882f48c58a8684db89186175facf03cc2,019010d64fe47d89c81bfaedafd458f1d886025bb34292c0c32eafcfa4392657,f3623e5231fab4cfa86b27b11acca854bdb2ae402157e24c59381f1f837db3a9,无法判定,未执行（第一门未通过）,未执行（无决策记录）,无法判定,decision_record_missing,来源身份已登记但没有获批历史决策记录登记；不读取候选正文，不构造样例记录,登记带来源证据的决策编号、决策时点、数据截止时间及三类时间合同；重新生成不可变批次
replay-20260805T012335+0800-3156feb21c31,DS-000032,ETH,ZI-a21ccbe20389643ee308b69f,无法判定,source-identity-1.0,7df6783777e6b94b271d9e46bf47522ff6aeec932f67678a2a74453d4e3da251,audit-20260805T005824+0800,完成,完整,b5c0629a43ecc99fd7cf68bbd7325501ed954114deeb933f4bc776e395d961fc,未知,未知,未知,未知,未知,未知,未判定（缺少确切研究尺度合同）,未登记,无法判定,无法判定,无法判定,无法判定,无法判定,未判定（未登记到达时间合同）,无法判定,无法判定,717d3a2fd3bae60ec6485365211ee579c49778a4ed9985a2688fb0b288e48214,dq-rules-1.0,e87a78a94478584293d9fb3922bbb91882f48c58a8684db89186175facf03cc2,019010d64fe47d89c81bfaedafd458f1d886025bb34292c0c32eafcfa4392657,cdaa0a433091a1df6665eddfdddc25640eb1ac6c9de04ad13900d64fab3614de,无法判定,未执行（第一门未通过）,未执行（无决策记录）,无法判定,decision_record_missing,来源身份已登记但没有获批历史决策记录登记；不读取候选正文，不构造样例记录,登记带来源证据的决策编号、决策时点、数据截止时间及三类时间合同；重新生成不可变批次
replay-20260805T012335+0800-3156feb21c31,DS-000033,BTC,ZI-0e19e886b80de5aa05aaf456,无法判定,source-identity-1.0,6557d1b6c82a3b234517fd415b8720acb5fb29af0bed886e90078c17c1ef6c51,audit-20260805T005824+0800,完成,完整,9f544a7263232e8c2afc6bd732c53e8c348f34bfa90196c6e1f5627972e9dac2,未知,未知,未知,未知,未知,未知,未判定（缺少确切研究尺度合同）,未登记,无法判定,无法判定,无法判定,无法判定,无法判定,未判定（未登记到达时间合同）,无法判定,无法判定,717d3a2fd3bae60ec6485365211ee579c49778a4ed9985a2688fb0b288e48214,dq-rules-1.0,e87a78a94478584293d9fb3922bbb91882f48c58a8684db89186175facf03cc2,019010d64fe47d89c81bfaedafd458f1d886025bb34292c0c32eafcfa4392657,70e339ad498f5323c41ba06d2d999d29769b5cd8098a96f71f6bafab8cbeafbe,无法判定,未执行（第一门未通过）,未执行（无决策记录）,无法判定,decision_record_missing,来源身份已登记但没有获批历史决策记录登记；不读取候选正文，不构造样例记录,登记带来源证据的决策编号、决策时点、数据截止时间及三类时间合同；重新生成不可变批次
replay-20260805T012335+0800-3156feb21c31,DS-000033,ETH,ZI-065c781df7752f8f461475e9,无法判定,source-identity-1.0,f14af3e16cd71886fa774ad474f533a1693f9b02930f4ad32ad3ff1738149cbd,audit-20260805T005824+0800,完成,完整,9f544a7263232e8c2afc6bd732c53e8c348f34bfa90196c6e1f5627972e9dac2,未知,未知,未知,未知,未知,未知,未判定（缺少确切研究尺度合同）,未登记,无法判定,无法判定,无法判定,无法判定,无法判定,未判定（未登记到达时间合同）,无法判定,无法判定,717d3a2fd3bae60ec6485365211ee579c49778a4ed9985a2688fb0b288e48214,dq-rules-1.0,e87a78a94478584293d9fb3922bbb91882f48c58a8684db89186175facf03cc2,019010d64fe47d89c81bfaedafd458f1d886025bb34292c0c32eafcfa4392657,25bf868e3c6b203d852de4f801a655c6db4518c29ad2ecfe7d08d47d838f9940,无法判定,未执行（第一门未通过）,未执行（无决策记录）,无法判定,decision_record_missing,来源身份已登记但没有获批历史决策记录登记；不读取候选正文，不构造样例记录,登记带来源证据的决策编号、决策时点、数据截止时间及三类时间合同；重新生成不可变批次
replay-20260805T012335+0800-3156feb21c31,DS-000034,BTC,ZI-d0e75a2e82e0873897d28939,无法判定,source-identity-1.0,5dc639b6e8a588a37e396ab9eb46d3dc97310ca908c7c07c9d60ad65e7364242,audit-20260805T005824+0800,完成,完整,b32a37364932d1c7c753a7cc5988dfe162e2ab9199cc645f5bbfc4ab907dfd7a,未知,未知,未知,未知,未知,未知,未判定（缺少确切研究尺度合同）,未登记,无法判定,无法判定,无法判定,无法判定,无法判定,未判定（未登记到达时间合同）,无法判定,无法判定,717d3a2fd3bae60ec6485365211ee579c49778a4ed9985a2688fb0b288e48214,dq-rules-1.0,e87a78a94478584293d9fb3922bbb91882f48c58a8684db89186175facf03cc2,019010d64fe47d89c81bfaedafd458f1d886025bb34292c0c32eafcfa4392657,eed51c06a71552d5eeeb66cd8cfdc8128a7b3f19c1364186d0691ad9ece01c16,无法判定,未执行（第一门未通过）,未执行（无决策记录）,无法判定,decision_record_missing,来源身份已登记但没有获批历史决策记录登记；不读取候选正文，不构造样例记录,登记带来源证据的决策编号、决策时点、数据截止时间及三类时间合同；重新生成不可变批次
replay-20260805T012335+0800-3156feb21c31,DS-000034,ETH,ZI-5d61fc5d919fc31f69eb6247,无法判定,source-identity-1.0,e5d50d1a56d0e342cc9455a2b771dc7d17d8999eacbc05e540d28d960ddf5063,audit-20260805T005824+0800,完成,完整,b32a37364932d1c7c753a7cc5988dfe162e2ab9199cc645f5bbfc4ab907dfd7a,未知,未知,未知,未知,未知,未知,未判定（缺少确切研究尺度合同）,未登记,无法判定,无法判定,无法判定,无法判定,无法判定,未判定（未登记到达时间合同）,无法判定,无法判定,717d3a2fd3bae60ec6485365211ee579c49778a4ed9985a2688fb0b288e48214,dq-rules-1.0,e87a78a94478584293d9fb3922bbb91882f48c58a8684db89186175facf03cc2,019010d64fe47d89c81bfaedafd458f1d886025bb34292c0c32eafcfa4392657,88f0bba969d12e247441a565c6e9f2bd1ae3fc679272cacddf44d50d55d34e0f,无法判定,未执行（第一门未通过）,未执行（无决策记录）,无法判定,decision_record_missing,来源身份已登记但没有获批历史决策记录登记；不读取候选正文，不构造样例记录,登记带来源证据的决策编号、决策时点、数据截止时间及三类时间合同；重新生成不可变批次
replay-20260805T012335+0800-3156feb21c31,DS-000035,BTC,ZI-9f4947e6d2fa71654647194e,无法判定,source-identity-1.0,e2f0eb6168021914572f71be9e7ec4ab2e8780014f3a4d23317c17cd28ead428,audit-20260805T005824+0800,完成,完整,f9bf6090ae64efd9d1b7de7ceca2200217ba833b04887786884cb8f6dbf501cc,未知,未知,未知,未知,未知,未知,未判定（缺少确切研究尺度合同）,未登记,无法判定,无法判定,无法判定,无法判定,无法判定,未判定（未登记到达时间合同）,无法判定,无法判定,717d3a2fd3bae60ec6485365211ee579c49778a4ed9985a2688fb0b288e48214,dq-rules-1.0,e87a78a94478584293d9fb3922bbb91882f48c58a8684db89186175facf03cc2,019010d64fe47d89c81bfaedafd458f1d886025bb34292c0c32eafcfa4392657,b8920a8c2923b37075f4bb3df82fbb59c8da593877c6a5e630c16f6b6c2612dc,无法判定,未执行（第一门未通过）,未执行（无决策记录）,无法判定,decision_record_missing,来源身份已登记但没有获批历史决策记录登记；不读取候选正文，不构造样例记录,登记带来源证据的决策编号、决策时点、数据截止时间及三类时间合同；重新生成不可变批次
replay-20260805T012335+0800-3156feb21c31,DS-000035,ETH,ZI-cc518c78335b4566ab3ba1b7,无法判定,source-identity-1.0,d5263959fea70616edec8071ef5489fc612a8df76ece0ff590a095c80fceca13,audit-20260805T005824+0800,完成,完整,f9bf6090ae64efd9d1b7de7ceca2200217ba833b04887786884cb8f6dbf501cc,未知,未知,未知,未知,未知,未知,未判定（缺少确切研究尺度合同）,未登记,无法判定,无法判定,无法判定,无法判定,无法判定,未判定（未登记到达时间合同）,无法判定,无法判定,717d3a2fd3bae60ec6485365211ee579c49778a4ed9985a2688fb0b288e48214,dq-rules-1.0,e87a78a94478584293d9fb3922bbb91882f48c58a8684db89186175facf03cc2,019010d64fe47d89c81bfaedafd458f1d886025bb34292c0c32eafcfa4392657,1106c97d6c33aa2eb5dfcce348d3771a4de373e62d003c83ea3f64ff4d7138c7,无法判定,未执行（第一门未通过）,未执行（无决策记录）,无法判定,decision_record_missing,来源身份已登记但没有获批历史决策记录登记；不读取候选正文，不构造样例记录,登记带来源证据的决策编号、决策时点、数据截止时间及三类时间合同；重新生成不可变批次
replay-20260805T012335+0800-3156feb21c31,DS-000036,BTC,ZI-71dc83b38b1a5a4983d0c730,无法判定,source-identity-1.0,87816a4f66ba696e118c3123fb1249b1ac61042ee3f7472546c5ef38e5ab971d,audit-20260805T005824+0800,完成,完整,69e7f18d7c10be2efd314c8d54685d3135a52de6b2768abf9d9507c1a5194697,未知,未知,未知,未知,未知,未知,未判定（缺少确切研究尺度合同）,未登记,无法判定,无法判定,无法判定,无法判定,无法判定,未判定（未登记到达时间合同）,无法判定,无法判定,717d3a2fd3bae60ec6485365211ee579c49778a4ed9985a2688fb0b288e48214,dq-rules-1.0,e87a78a94478584293d9fb3922bbb91882f48c58a8684db89186175facf03cc2,019010d64fe47d89c81bfaedafd458f1d886025bb34292c0c32eafcfa4392657,ba668786b0dab9014bc07bdc13ebefd7e32976119f7d8bd80f0d83553425e9c8,无法判定,未执行（第一门未通过）,未执行（无决策记录）,无法判定,decision_record_missing,来源身份已登记但没有获批历史决策记录登记；不读取候选正文，不构造样例记录,登记带来源证据的决策编号、决策时点、数据截止时间及三类时间合同；重新生成不可变批次
replay-20260805T012335+0800-3156feb21c31,DS-000036,ETH,ZI-8494e07bc3f0426de16a8b6d,无法判定,source-identity-1.0,7ea28347f5a46648579de1c00782b55425defaea46252716a395cb9856e24f03,audit-20260805T005824+0800,完成,完整,69e7f18d7c10be2efd314c8d54685d3135a52de6b2768abf9d9507c1a5194697,未知,未知,未知,未知,未知,未知,未判定（缺少确切研究尺度合同）,未登记,无法判定,无法判定,无法判定,无法判定,无法判定,未判定（未登记到达时间合同）,无法判定,无法判定,717d3a2fd3bae60ec6485365211ee579c49778a4ed9985a2688fb0b288e48214,dq-rules-1.0,e87a78a94478584293d9fb3922bbb91882f48c58a8684db89186175facf03cc2,019010d64fe47d89c81bfaedafd458f1d886025bb34292c0c32eafcfa4392657,2a038369b59d61e716dab9c01aceea2185df1fccd536514c54c000716e066bd8,无法判定,未执行（第一门未通过）,未执行（无决策记录）,无法判定,decision_record_missing,来源身份已登记但没有获批历史决策记录登记；不读取候选正文，不构造样例记录,登记带来源证据的决策编号、决策时点、数据截止时间及三类时间合同；重新生成不可变批次
replay-20260805T012335+0800-3156feb21c31,DS-000037,BTC,ZI-6f99492a5fbd85c183f61d8e,无法判定,source-identity-1.0,211f29768fe0a8fed62dc81ba891366ba7b2ec783865f36bcc29adb2247cbf43,audit-20260805T005824+0800,完成,完整,2a66facc94e60581b396d8368c9fe36d9b085081eafc9da248d09534239a9204,未知,未知,未知,未知,未知,未知,未判定（缺少确切研究尺度合同）,未登记,无法判定,无法判定,无法判定,无法判定,无法判定,未判定（未登记到达时间合同）,无法判定,无法判定,717d3a2fd3bae60ec6485365211ee579c49778a4ed9985a2688fb0b288e48214,dq-rules-1.0,e87a78a94478584293d9fb3922bbb91882f48c58a8684db89186175facf03cc2,019010d64fe47d89c81bfaedafd458f1d886025bb34292c0c32eafcfa4392657,d4889418795c8a1abbc02ac9248049f00e6565999d71a7521a39cfb5970c78d6,无法判定,未执行（第一门未通过）,未执行（无决策记录）,无法判定,decision_record_missing,来源身份已登记但没有获批历史决策记录登记；不读取候选正文，不构造样例记录,登记带来源证据的决策编号、决策时点、数据截止时间及三类时间合同；重新生成不可变批次
replay-20260805T012335+0800-3156feb21c31,DS-000037,ETH,ZI-33fe8b0ddda1dd1d88720875,无法判定,source-identity-1.0,841412b00f2e804397d07e7959ce2c1c428f832bd8eb4734c0ba0ac9be7e63f9,audit-20260805T005824+0800,完成,完整,2a66facc94e60581b396d8368c9fe36d9b085081eafc9da248d09534239a9204,未知,未知,未知,未知,未知,未知,未判定（缺少确切研究尺度合同）,未登记,无法判定,无法判定,无法判定,无法判定,无法判定,未判定（未登记到达时间合同）,无法判定,无法判定,717d3a2fd3bae60ec6485365211ee579c49778a4ed9985a2688fb0b288e48214,dq-rules-1.0,e87a78a94478584293d9fb3922bbb91882f48c58a8684db89186175facf03cc2,019010d64fe47d89c81bfaedafd458f1d886025bb34292c0c32eafcfa4392657,da9df740eb4ed5bd0af4119c08fa00337349130a179a49a3239f33136025dd18,无法判定,未执行（第一门未通过）,未执行（无决策记录）,无法判定,decision_record_missing,来源身份已登记但没有获批历史决策记录登记；不读取候选正文，不构造样例记录,登记带来源证据的决策编号、决策时点、数据截止时间及三类时间合同；重新生成不可变批次
replay-20260805T012335+0800-3156feb21c31,DS-000038,BTC,ZI-9d505f466a534d4c682806e4,无法判定,source-identity-1.0,0f835eefa797b466d4d498986c52b071868f1596653abda21d39ebde37aa6262,audit-20260805T005824+0800,完成,完整,58d81af6f0a7f8cc159010f90837811ae65178339d1b28dae429589933013386,未知,未知,未知,未知,未知,未知,未判定（缺少确切研究尺度合同）,未登记,无法判定,无法判定,无法判定,无法判定,无法判定,未判定（未登记到达时间合同）,无法判定,无法判定,717d3a2fd3bae60ec6485365211ee579c49778a4ed9985a2688fb0b288e48214,dq-rules-1.0,e87a78a94478584293d9fb3922bbb91882f48c58a8684db89186175facf03cc2,019010d64fe47d89c81bfaedafd458f1d886025bb34292c0c32eafcfa4392657,96026e8ded9d53aedf9faec3efda1ad18df63e2a849852cde7a8115c0cbeea17,无法判定,未执行（第一门未通过）,未执行（无决策记录）,无法判定,decision_record_missing,来源身份已登记但没有获批历史决策记录登记；不读取候选正文，不构造样例记录,登记带来源证据的决策编号、决策时点、数据截止时间及三类时间合同；重新生成不可变批次
replay-20260805T012335+0800-3156feb21c31,DS-000038,ETH,ZI-165cfc2a30a597ce932c236b,无法判定,source-identity-1.0,184b357c4d2f9c34d98d6c398d9f8c8a352c26e979be3875a8e5ae10a296fa92,audit-20260805T005824+0800,完成,完整,58d81af6f0a7f8cc159010f90837811ae65178339d1b28dae429589933013386,未知,未知,未知,未知,未知,未知,未判定（缺少确切研究尺度合同）,未登记,无法判定,无法判定,无法判定,无法判定,无法判定,未判定（未登记到达时间合同）,无法判定,无法判定,717d3a2fd3bae60ec6485365211ee579c49778a4ed9985a2688fb0b288e48214,dq-rules-1.0,e87a78a94478584293d9fb3922bbb91882f48c58a8684db89186175facf03cc2,019010d64fe47d89c81bfaedafd458f1d886025bb34292c0c32eafcfa4392657,0629d8e9369cc3a8a45fdc30d61e3db35f577e81e6b9c91330ce8cedb5f4b7ff,无法判定,未执行（第一门未通过）,未执行（无决策记录）,无法判定,decision_record_missing,来源身份已登记但没有获批历史决策记录登记；不读取候选正文，不构造样例记录,登记带来源证据的决策编号、决策时点、数据截止时间及三类时间合同；重新生成不可变批次
replay-20260805T012335+0800-3156feb21c31,DS-000039,BTC,ZI-5202b33cd76d35c9b4da14bf,无法判定,source-identity-1.0,7168075e1021a448265c7a47b2c604eec86a2c3d2a32ddc8eea143d9b7dc20f0,audit-20260805T005824+0800,完成,完整,ef0f2cde75a85836f18dd3d1394248ea7a41a67e10977dda8262b58fb27e3c88,未知,未知,未知,未知,未知,未知,未判定（缺少确切研究尺度合同）,未登记,无法判定,无法判定,无法判定,无法判定,无法判定,未判定（未登记到达时间合同）,无法判定,无法判定,717d3a2fd3bae60ec6485365211ee579c49778a4ed9985a2688fb0b288e48214,dq-rules-1.0,e87a78a94478584293d9fb3922bbb91882f48c58a8684db89186175facf03cc2,019010d64fe47d89c81bfaedafd458f1d886025bb34292c0c32eafcfa4392657,150f297fef66345a8d8ccf5b15080d90d03ae709b28b9a6397554ef139cce5cd,无法判定,未执行（第一门未通过）,未执行（无决策记录）,无法判定,decision_record_missing,来源身份已登记但没有获批历史决策记录登记；不读取候选正文，不构造样例记录,登记带来源证据的决策编号、决策时点、数据截止时间及三类时间合同；重新生成不可变批次
replay-20260805T012335+0800-3156feb21c31,DS-000039,ETH,ZI-68e34c7b43bcb72873389cfb,无法判定,source-identity-1.0,f0b061e9bb420550e7c0f7906278cf86013c8a3c8f51f2f55d51d42cc0e7bb9d,audit-20260805T005824+0800,完成,完整,ef0f2cde75a85836f18dd3d1394248ea7a41a67e10977dda8262b58fb27e3c88,未知,未知,未知,未知,未知,未知,未判定（缺少确切研究尺度合同）,未登记,无法判定,无法判定,无法判定,无法判定,无法判定,未判定（未登记到达时间合同）,无法判定,无法判定,717d3a2fd3bae60ec6485365211ee579c49778a4ed9985a2688fb0b288e48214,dq-rules-1.0,e87a78a94478584293d9fb3922bbb91882f48c58a8684db89186175facf03cc2,019010d64fe47d89c81bfaedafd458f1d886025bb34292c0c32eafcfa4392657,b237164ee712a10cdff22821344b35e5c19dd93c529afb4b4e022ace95c168cf,无法判定,未执行（第一门未通过）,未执行（无决策记录）,无法判定,decision_record_missing,来源身份已登记但没有获批历史决策记录登记；不读取候选正文，不构造样例记录,登记带来源证据的决策编号、决策时点、数据截止时间及三类时间合同；重新生成不可变批次
replay-20260805T012335+0800-3156feb21c31,DS-000040,BTC,ZI-eb360ff1fbdbe74db1aaedae,无法判定,source-identity-1.0,e276889aab57211932bb9097fea2e5111b21bb8c540540c7e545519193ad00d8,audit-20260805T005824+0800,完成,完整,3af5834830cb70a15b6d9cdeaa761ace696b226e3fd06d9c4810b5cd199e0df0,未知,未知,未知,未知,未知,未知,未判定（缺少确切研究尺度合同）,未登记,无法判定,无法判定,无法判定,无法判定,无法判定,未判定（未登记到达时间合同）,无法判定,无法判定,717d3a2fd3bae60ec6485365211ee579c49778a4ed9985a2688fb0b288e48214,dq-rules-1.0,e87a78a94478584293d9fb3922bbb91882f48c58a8684db89186175facf03cc2,019010d64fe47d89c81bfaedafd458f1d886025bb34292c0c32eafcfa4392657,4022a1d7bc21c357eab007173fc2a9bbb1a03375b54e541f8eeb7d3610c4f5b1,无法判定,未执行（第一门未通过）,未执行（无决策记录）,无法判定,decision_record_missing,来源身份已登记但没有获批历史决策记录登记；不读取候选正文，不构造样例记录,登记带来源证据的决策编号、决策时点、数据截止时间及三类时间合同；重新生成不可变批次
replay-20260805T012335+0800-3156feb21c31,DS-000040,ETH,ZI-09c306558c21b551a473e8d3,无法判定,source-identity-1.0,27ed60f1764f3b31d398e4d5c0a399c0b2402c751c9c92db9f75bff9250b009b,audit-20260805T005824+0800,完成,完整,3af5834830cb70a15b6d9cdeaa761ace696b226e3fd06d9c4810b5cd199e0df0,未知,未知,未知,未知,未知,未知,未判定（缺少确切研究尺度合同）,未登记,无法判定,无法判定,无法判定,无法判定,无法判定,未判定（未登记到达时间合同）,无法判定,无法判定,717d3a2fd3bae60ec6485365211ee579c49778a4ed9985a2688fb0b288e48214,dq-rules-1.0,e87a78a94478584293d9fb3922bbb91882f48c58a8684db89186175facf03cc2,019010d64fe47d89c81bfaedafd458f1d886025bb34292c0c32eafcfa4392657,9f0a15f915a5f688e284b35f8299a14c05ec7569bf0408568029ec718bff1584,无法判定,未执行（第一门未通过）,未执行（无决策记录）,无法判定,decision_record_missing,来源身份已登记但没有获批历史决策记录登记；不读取候选正文，不构造样例记录,登记带来源证据的决策编号、决策时点、数据截止时间及三类时间合同；重新生成不可变批次
replay-20260805T012335+0800-3156feb21c31,DS-000041,BTC,ZI-59cd4def5a80d4b7162c7401,无法判定,source-identity-1.0,f5e5759060e27435b08f5215bcfe0f91df8c677089054ab19e61d130c24646b3,audit-20260805T005824+0800,完成,完整,4223d5d0637bd88ed7579bdf2d7ec2314128c6b591e42c3d6161eeac0a924a92,未知,未知,未知,未知,未知,未知,未判定（缺少确切研究尺度合同）,未登记,无法判定,无法判定,无法判定,无法判定,无法判定,未判定（未登记到达时间合同）,无法判定,无法判定,717d3a2fd3bae60ec6485365211ee579c49778a4ed9985a2688fb0b288e48214,dq-rules-1.0,e87a78a94478584293d9fb3922bbb91882f48c58a8684db89186175facf03cc2,019010d64fe47d89c81bfaedafd458f1d886025bb34292c0c32eafcfa4392657,4ccef11caf05fc859e3ad9f790fdf75766cfad21a044d41c13e9a3f22f1490de,无法判定,未执行（第一门未通过）,未执行（无决策记录）,无法判定,decision_record_missing,来源身份已登记但没有获批历史决策记录登记；不读取候选正文，不构造样例记录,登记带来源证据的决策编号、决策时点、数据截止时间及三类时间合同；重新生成不可变批次
replay-20260805T012335+0800-3156feb21c31,DS-000041,ETH,ZI-8a28b9cbda14361fea3e0d08,无法判定,source-identity-1.0,4868fa308efa6f671dba073ae57bc899274b65efe91f52f4bb7ec760140a834b,audit-20260805T005824+0800,完成,完整,4223d5d0637bd88ed7579bdf2d7ec2314128c6b591e42c3d6161eeac0a924a92,未知,未知,未知,未知,未知,未知,未判定（缺少确切研究尺度合同）,未登记,无法判定,无法判定,无法判定,无法判定,无法判定,未判定（未登记到达时间合同）,无法判定,无法判定,717d3a2fd3bae60ec6485365211ee579c49778a4ed9985a2688fb0b288e48214,dq-rules-1.0,e87a78a94478584293d9fb3922bbb91882f48c58a8684db89186175facf03cc2,019010d64fe47d89c81bfaedafd458f1d886025bb34292c0c32eafcfa4392657,05c9b170939afa1c5791acf9ea1a452031745c2aa958f59fb3dfab26dbd25755,无法判定,未执行（第一门未通过）,未执行（无决策记录）,无法判定,decision_record_missing,来源身份已登记但没有获批历史决策记录登记；不读取候选正文，不构造样例记录,登记带来源证据的决策编号、决策时点、数据截止时间及三类时间合同；重新生成不可变批次
replay-20260805T012335+0800-3156feb21c31,DS-000042,BTC,ZI-28b27eba60391c882e91fe7c,拒绝,source-identity-1.0,49cead8e5326e7a9b9012f891849415ecb7ed726ab8f4dd6cf721e107f0bee69,audit-20260805T005824+0800,完成,完整,fc4ca33f634a8db7f6b3c7ef347b1ae8c293953df2cb071886afb8a1a1407c43,未知,未知,未知,未知,未知,未知,未判定（缺少确切研究尺度合同）,未登记,无法判定,无法判定,无法判定,无法判定,无法判定,未判定（未登记到达时间合同）,无法判定,无法判定,717d3a2fd3bae60ec6485365211ee579c49778a4ed9985a2688fb0b288e48214,dq-rules-1.0,e87a78a94478584293d9fb3922bbb91882f48c58a8684db89186175facf03cc2,019010d64fe47d89c81bfaedafd458f1d886025bb34292c0c32eafcfa4392657,c5268162cba45f896deff8a4791d86e0cee5a0f20e86d6fb7e57fe8ae3758e86,拒绝,未执行（第一门未通过）,未执行（无决策记录）,拒绝,input_identity_drift,来源身份成员或质量批次显示输入身份漂移，禁止载入历史现场,登记带来源证据的决策编号、决策时点、数据截止时间及三类时间合同；重新生成不可变批次
replay-20260805T012335+0800-3156feb21c31,DS-000042,ETH,ZI-7c080a0c72e43d3f2e78e7f0,拒绝,source-identity-1.0,7ebf8e07df58520e41c16fd3197290a1834afe28d328b652bebd051885a3414f,audit-20260805T005824+0800,完成,完整,fc4ca33f634a8db7f6b3c7ef347b1ae8c293953df2cb071886afb8a1a1407c43,未知,未知,未知,未知,未知,未知,未判定（缺少确切研究尺度合同）,未登记,无法判定,无法判定,无法判定,无法判定,无法判定,未判定（未登记到达时间合同）,无法判定,无法判定,717d3a2fd3bae60ec6485365211ee579c49778a4ed9985a2688fb0b288e48214,dq-rules-1.0,e87a78a94478584293d9fb3922bbb91882f48c58a8684db89186175facf03cc2,019010d64fe47d89c81bfaedafd458f1d886025bb34292c0c32eafcfa4392657,66ebd8370a82e28148912bda9d4786d586230c76a4916b3d8315e33e7d8dd91e,拒绝,未执行（第一门未通过）,未执行（无决策记录）,拒绝,input_identity_drift,来源身份成员或质量批次显示输入身份漂移，禁止载入历史现场,登记带来源证据的决策编号、决策时点、数据截止时间及三类时间合同；重新生成不可变批次
replay-20260805T012335+0800-3156feb21c31,DS-000043,BTC,ZI-1cf476188f922d17399cba47,无法判定,source-identity-1.0,1b58fa9656d601d6bd128008e87923d5f826246c916942ceabe8ab8d0d52ec51,audit-20260805T005824+0800,完成,完整,75f245bccf92c2bb37055bce06cbbfbeadf7e17a8193d9cb23949ce996aa6305,未知,未知,未知,未知,未知,未知,未判定（缺少确切研究尺度合同）,未登记,无法判定,无法判定,无法判定,无法判定,无法判定,未判定（未登记到达时间合同）,无法判定,无法判定,717d3a2fd3bae60ec6485365211ee579c49778a4ed9985a2688fb0b288e48214,dq-rules-1.0,e87a78a94478584293d9fb3922bbb91882f48c58a8684db89186175facf03cc2,019010d64fe47d89c81bfaedafd458f1d886025bb34292c0c32eafcfa4392657,d919cc68d353815df3520866a8a606b06e50d7b59ae7ab4665510079b34d5b8e,无法判定,未执行（第一门未通过）,未执行（无决策记录）,无法判定,decision_record_missing,来源身份已登记但没有获批历史决策记录登记；不读取候选正文，不构造样例记录,登记带来源证据的决策编号、决策时点、数据截止时间及三类时间合同；重新生成不可变批次
replay-20260805T012335+0800-3156feb21c31,DS-000043,ETH,ZI-bd4b5404dcd732978b2b6d5b,无法判定,source-identity-1.0,70fe785d45c17f5897b698a0361529bb6284d61004baee11d27604910ce149de,audit-20260805T005824+0800,完成,完整,75f245bccf92c2bb37055bce06cbbfbeadf7e17a8193d9cb23949ce996aa6305,未知,未知,未知,未知,未知,未知,未判定（缺少确切研究尺度合同）,未登记,无法判定,无法判定,无法判定,无法判定,无法判定,未判定（未登记到达时间合同）,无法判定,无法判定,717d3a2fd3bae60ec6485365211ee579c49778a4ed9985a2688fb0b288e48214,dq-rules-1.0,e87a78a94478584293d9fb3922bbb91882f48c58a8684db89186175facf03cc2,019010d64fe47d89c81bfaedafd458f1d886025bb34292c0c32eafcfa4392657,f07f98496b3547c07dc9686f02a4ee176cdbd0d807847e6137b420d0e7a79726,无法判定,未执行（第一门未通过）,未执行（无决策记录）,无法判定,decision_record_missing,来源身份已登记但没有获批历史决策记录登记；不读取候选正文，不构造样例记录,登记带来源证据的决策编号、决策时点、数据截止时间及三类时间合同；重新生成不可变批次
replay-20260805T012335+0800-3156feb21c31,DS-000044,BTC,ZI-3f0f96416ab0e94e0fb49698,无法判定,source-identity-1.0,d29306453ca0a64ca88868a4b3bf94e08e95d32aca42995e0736cfaa0d0975e6,audit-20260805T005824+0800,完成,完整,d6e36c914fcb9d0001ac10204211ccd6f91c365c107baafb2c8a36c1b81ff6ad,未知,未知,未知,未知,未知,未知,未判定（缺少确切研究尺度合同）,未登记,无法判定,无法判定,无法判定,无法判定,无法判定,未判定（未登记到达时间合同）,无法判定,无法判定,717d3a2fd3bae60ec6485365211ee579c49778a4ed9985a2688fb0b288e48214,dq-rules-1.0,e87a78a94478584293d9fb3922bbb91882f48c58a8684db89186175facf03cc2,019010d64fe47d89c81bfaedafd458f1d886025bb34292c0c32eafcfa4392657,55b70b1d548af09c2813f5b97d32828b64a95c86985986ab4a48613663b22901,无法判定,未执行（第一门未通过）,未执行（无决策记录）,无法判定,decision_record_missing,来源身份已登记但没有获批历史决策记录登记；不读取候选正文，不构造样例记录,登记带来源证据的决策编号、决策时点、数据截止时间及三类时间合同；重新生成不可变批次
replay-20260805T012335+0800-3156feb21c31,DS-000044,ETH,ZI-28ce816b33b79c38ccfb22e7,无法判定,source-identity-1.0,dbb608788033d29c26ee3af7af02935f3dcbd807133b259e9e12d9856ac86f11,audit-20260805T005824+0800,完成,完整,d6e36c914fcb9d0001ac10204211ccd6f91c365c107baafb2c8a36c1b81ff6ad,未知,未知,未知,未知,未知,未知,未判定（缺少确切研究尺度合同）,未登记,无法判定,无法判定,无法判定,无法判定,无法判定,未判定（未登记到达时间合同）,无法判定,无法判定,717d3a2fd3bae60ec6485365211ee579c49778a4ed9985a2688fb0b288e48214,dq-rules-1.0,e87a78a94478584293d9fb3922bbb91882f48c58a8684db89186175facf03cc2,019010d64fe47d89c81bfaedafd458f1d886025bb34292c0c32eafcfa4392657,56d387dc4835106c952be675f616e9e7e98be8900b9a5565b977989a09d1a51f,无法判定,未执行（第一门未通过）,未执行（无决策记录）,无法判定,decision_record_missing,来源身份已登记但没有获批历史决策记录登记；不读取候选正文，不构造样例记录,登记带来源证据的决策编号、决策时点、数据截止时间及三类时间合同；重新生成不可变批次
replay-20260805T012335+0800-3156feb21c31,DS-000045,BTC,ZI-e95abca6578fd05efc1e15f3,无法判定,source-identity-1.0,da96598408bcdc57afcf3116a01a64f1ae6859db8f945b5d8da7acd58501010d,audit-20260805T005824+0800,完成,完整,cb93ef221ebebe9fe73f134adddf0ce25c1f034f3e530542bb184108ce7b8424,未知,未知,未知,未知,未知,未知,未判定（缺少确切研究尺度合同）,未登记,无法判定,无法判定,无法判定,无法判定,无法判定,未判定（未登记到达时间合同）,无法判定,无法判定,717d3a2fd3bae60ec6485365211ee579c49778a4ed9985a2688fb0b288e48214,dq-rules-1.0,e87a78a94478584293d9fb3922bbb91882f48c58a8684db89186175facf03cc2,019010d64fe47d89c81bfaedafd458f1d886025bb34292c0c32eafcfa4392657,f29c2faf13efb4fb7850a143f4f0e165a4a929840b8efa6175823f0f406b550c,无法判定,未执行（第一门未通过）,未执行（无决策记录）,无法判定,decision_record_missing,来源身份已登记但没有获批历史决策记录登记；不读取候选正文，不构造样例记录,登记带来源证据的决策编号、决策时点、数据截止时间及三类时间合同；重新生成不可变批次
replay-20260805T012335+0800-3156feb21c31,DS-000045,ETH,ZI-9bbd7613dc89967112ed4afb,无法判定,source-identity-1.0,fbbaf694849e76c6e3a0e05933d4bff25cf82d3355fd830144563b2e2dfec29a,audit-20260805T005824+0800,完成,完整,cb93ef221ebebe9fe73f134adddf0ce25c1f034f3e530542bb184108ce7b8424,未知,未知,未知,未知,未知,未知,未判定（缺少确切研究尺度合同）,未登记,无法判定,无法判定,无法判定,无法判定,无法判定,未判定（未登记到达时间合同）,无法判定,无法判定,717d3a2fd3bae60ec6485365211ee579c49778a4ed9985a2688fb0b288e48214,dq-rules-1.0,e87a78a94478584293d9fb3922bbb91882f48c58a8684db89186175facf03cc2,019010d64fe47d89c81bfaedafd458f1d886025bb34292c0c32eafcfa4392657,bbabe54c107aaf1e032789267eacc35e726e427bfaf3b892faf1a4c7da3f9b22,无法判定,未执行（第一门未通过）,未执行（无决策记录）,无法判定,decision_record_missing,来源身份已登记但没有获批历史决策记录登记；不读取候选正文，不构造样例记录,登记带来源证据的决策编号、决策时点、数据截止时间及三类时间合同；重新生成不可变批次
replay-20260805T012335+0800-3156feb21c31,DS-000046,BTC,ZI-3379bd8636483e94be99ec24,无法判定,source-identity-1.0,02f3672100d532a91a66a0a952ce150ce0ac907d7743c47d82e0a3e7cab2d97e,audit-20260805T005824+0800,完成,完整,99039eff07a4dc123f6022c7e88f37eb3c8cf34e5fc5a172c50ea0acae1ca533,未知,未知,未知,未知,未知,未知,未判定（缺少确切研究尺度合同）,未登记,无法判定,无法判定,无法判定,无法判定,无法判定,未判定（未登记到达时间合同）,无法判定,无法判定,717d3a2fd3bae60ec6485365211ee579c49778a4ed9985a2688fb0b288e48214,dq-rules-1.0,e87a78a94478584293d9fb3922bbb91882f48c58a8684db89186175facf03cc2,019010d64fe47d89c81bfaedafd458f1d886025bb34292c0c32eafcfa4392657,86afc708f048dd2361483879c75b09d530706d1d544ae5ecdc1ca96569083b7d,无法判定,未执行（第一门未通过）,未执行（无决策记录）,无法判定,decision_record_missing,来源身份已登记但没有获批历史决策记录登记；不读取候选正文，不构造样例记录,登记带来源证据的决策编号、决策时点、数据截止时间及三类时间合同；重新生成不可变批次
replay-20260805T012335+0800-3156feb21c31,DS-000046,ETH,ZI-1a42e8b6c1eb0f32fd83f0db,无法判定,source-identity-1.0,0666a7fa88721a31777c6004d8c7b779e858d093a5b60c8a7ffb7c33ea946f40,audit-20260805T005824+0800,完成,完整,99039eff07a4dc123f6022c7e88f37eb3c8cf34e5fc5a172c50ea0acae1ca533,未知,未知,未知,未知,未知,未知,未判定（缺少确切研究尺度合同）,未登记,无法判定,无法判定,无法判定,无法判定,无法判定,未判定（未登记到达时间合同）,无法判定,无法判定,717d3a2fd3bae60ec6485365211ee579c49778a4ed9985a2688fb0b288e48214,dq-rules-1.0,e87a78a94478584293d9fb3922bbb91882f48c58a8684db89186175facf03cc2,019010d64fe47d89c81bfaedafd458f1d886025bb34292c0c32eafcfa4392657,b2484f63e629c1a37dda2b97bc2beef7d1f2091fafc1cbddeacababb852341b0,无法判定,未执行（第一门未通过）,未执行（无决策记录）,无法判定,decision_record_missing,来源身份已登记但没有获批历史决策记录登记；不读取候选正文，不构造样例记录,登记带来源证据的决策编号、决策时点、数据截止时间及三类时间合同；重新生成不可变批次
replay-20260805T012335+0800-3156feb21c31,DS-000047,BTC,ZI-e9c04e44e219308250fcfba3,无法判定,source-identity-1.0,d6ed8d7809a197f25769315eb220919e0ed6ed6e392296e6bc966ccca940173b,audit-20260805T005824+0800,完成,完整,15edc4e3d875b550d4930c41b95d34ef522d72b60b96ecc28383c221649bb5f0,未知,未知,未知,未知,未知,未知,未判定（缺少确切研究尺度合同）,未登记,无法判定,无法判定,无法判定,无法判定,无法判定,未判定（未登记到达时间合同）,无法判定,无法判定,717d3a2fd3bae60ec6485365211ee579c49778a4ed9985a2688fb0b288e48214,dq-rules-1.0,e87a78a94478584293d9fb3922bbb91882f48c58a8684db89186175facf03cc2,019010d64fe47d89c81bfaedafd458f1d886025bb34292c0c32eafcfa4392657,aafe004d5848f848856f2bd0338704c4f3edde0b8c1179c34ec21c6d0f7e28d4,无法判定,未执行（第一门未通过）,未执行（无决策记录）,无法判定,decision_record_missing,来源身份已登记但没有获批历史决策记录登记；不读取候选正文，不构造样例记录,登记带来源证据的决策编号、决策时点、数据截止时间及三类时间合同；重新生成不可变批次
replay-20260805T012335+0800-3156feb21c31,DS-000047,ETH,ZI-9af7501cfbf2c81be74cc00a,无法判定,source-identity-1.0,5d06f4ed8e7b31ee80e3658c15626878a83ad9eed2f4f01e3313e74b527fae1f,audit-20260805T005824+0800,完成,完整,15edc4e3d875b550d4930c41b95d34ef522d72b60b96ecc28383c221649bb5f0,未知,未知,未知,未知,未知,未知,未判定（缺少确切研究尺度合同）,未登记,无法判定,无法判定,无法判定,无法判定,无法判定,未判定（未登记到达时间合同）,无法判定,无法判定,717d3a2fd3bae60ec6485365211ee579c49778a4ed9985a2688fb0b288e48214,dq-rules-1.0,e87a78a94478584293d9fb3922bbb91882f48c58a8684db89186175facf03cc2,019010d64fe47d89c81bfaedafd458f1d886025bb34292c0c32eafcfa4392657,c3fba7f00d583ca52f582962986a16ed6868539f770003e5ed8f4cce90501009,无法判定,未执行（第一门未通过）,未执行（无决策记录）,无法判定,decision_record_missing,来源身份已登记但没有获批历史决策记录登记；不读取候选正文，不构造样例记录,登记带来源证据的决策编号、决策时点、数据截止时间及三类时间合同；重新生成不可变批次
replay-20260805T012335+0800-3156feb21c31,DS-000048,BTC,ZI-99675e73612aefac9625cff4,无法判定,source-identity-1.0,3551fe63700673fe6e64aecff57a3122ad2db07ec86f878364572dff08140de0,audit-20260805T005824+0800,完成,完整,338309708480a8d1e0eae9964ce9066dd1b4898dbf21bca6ffef5faebdf145c7,未知,未知,未知,未知,未知,未知,未判定（缺少确切研究尺度合同）,未登记,无法判定,无法判定,无法判定,无法判定,无法判定,未判定（未登记到达时间合同）,无法判定,无法判定,717d3a2fd3bae60ec6485365211ee579c49778a4ed9985a2688fb0b288e48214,dq-rules-1.0,e87a78a94478584293d9fb3922bbb91882f48c58a8684db89186175facf03cc2,019010d64fe47d89c81bfaedafd458f1d886025bb34292c0c32eafcfa4392657,e0cc000fd429e496c9ea162e06cb1595f860938eb9969741e34b262fe05fb837,无法判定,未执行（第一门未通过）,未执行（无决策记录）,无法判定,decision_record_missing,来源身份已登记但没有获批历史决策记录登记；不读取候选正文，不构造样例记录,登记带来源证据的决策编号、决策时点、数据截止时间及三类时间合同；重新生成不可变批次
replay-20260805T012335+0800-3156feb21c31,DS-000048,ETH,ZI-e630e48726c8833e33f1b77b,无法判定,source-identity-1.0,1b8f8e511646459a697c58dcbf8545bf8358bf712cf6909f27eb7d868f4cf2cc,audit-20260805T005824+0800,完成,完整,338309708480a8d1e0eae9964ce9066dd1b4898dbf21bca6ffef5faebdf145c7,未知,未知,未知,未知,未知,未知,未判定（缺少确切研究尺度合同）,未登记,无法判定,无法判定,无法判定,无法判定,无法判定,未判定（未登记到达时间合同）,无法判定,无法判定,717d3a2fd3bae60ec6485365211ee579c49778a4ed9985a2688fb0b288e48214,dq-rules-1.0,e87a78a94478584293d9fb3922bbb91882f48c58a8684db89186175facf03cc2,019010d64fe47d89c81bfaedafd458f1d886025bb34292c0c32eafcfa4392657,b2975a1dff13b648625c826e2dbb40dd630b13ce45577a123674af4759106011,无法判定,未执行（第一门未通过）,未执行（无决策记录）,无法判定,decision_record_missing,来源身份已登记但没有获批历史决策记录登记；不读取候选正文，不构造样例记录,登记带来源证据的决策编号、决策时点、数据截止时间及三类时间合同；重新生成不可变批次
replay-20260805T012335+0800-3156feb21c31,DS-000049,BTC,ZI-feaa0f97c21b956a87e42395,无法判定,source-identity-1.0,02198a19b33d381db603b1d975f8ffc4bfa4e0d4615f19406a495d899d44ee9a,audit-20260805T005824+0800,完成,完整,aabd52941c167cc9f0b1aa19a96e51c7f8472411e19d5d10b0c0a17fd5e1f90a,未知,未知,未知,未知,未知,未知,未判定（缺少确切研究尺度合同）,未登记,无法判定,无法判定,无法判定,无法判定,无法判定,未判定（未登记到达时间合同）,无法判定,无法判定,717d3a2fd3bae60ec6485365211ee579c49778a4ed9985a2688fb0b288e48214,dq-rules-1.0,e87a78a94478584293d9fb3922bbb91882f48c58a8684db89186175facf03cc2,019010d64fe47d89c81bfaedafd458f1d886025bb34292c0c32eafcfa4392657,ec19e755b9dc18718b4f76d8c67182dc1b69bd6411a1e26e117f6211fc999886,无法判定,未执行（第一门未通过）,未执行（无决策记录）,无法判定,decision_record_missing,来源身份已登记但没有获批历史决策记录登记；不读取候选正文，不构造样例记录,登记带来源证据的决策编号、决策时点、数据截止时间及三类时间合同；重新生成不可变批次
replay-20260805T012335+0800-3156feb21c31,DS-000049,ETH,ZI-f2615789012d4d55f670c11d,无法判定,source-identity-1.0,1ada0c237e33b4417586a213371975abee251918574de46416844761a4cd5167,audit-20260805T005824+0800,完成,完整,aabd52941c167cc9f0b1aa19a96e51c7f8472411e19d5d10b0c0a17fd5e1f90a,未知,未知,未知,未知,未知,未知,未判定（缺少确切研究尺度合同）,未登记,无法判定,无法判定,无法判定,无法判定,无法判定,未判定（未登记到达时间合同）,无法判定,无法判定,717d3a2fd3bae60ec6485365211ee579c49778a4ed9985a2688fb0b288e48214,dq-rules-1.0,e87a78a94478584293d9fb3922bbb91882f48c58a8684db89186175facf03cc2,019010d64fe47d89c81bfaedafd458f1d886025bb34292c0c32eafcfa4392657,ef5856aa4f3df6c00f36364dca02c6efbf8735ebdf58e38dfbdcafa3ffd6d109,无法判定,未执行（第一门未通过）,未执行（无决策记录）,无法判定,decision_record_missing,来源身份已登记但没有获批历史决策记录登记；不读取候选正文，不构造样例记录,登记带来源证据的决策编号、决策时点、数据截止时间及三类时间合同；重新生成不可变批次
replay-20260805T012335+0800-3156feb21c31,DS-000050,BTC,ZI-833060375f085d1b0f2b75c7,无法判定,source-identity-1.0,8b7560cdf2058276b468c0ca2390c2ebb84068093fcc4b26314278edef22cc0b,audit-20260805T005824+0800,完成,完整,ba1fa4d9ad02ca4c0878fe15b319fc8225e61f652145014ed417ae16f6a83472,未知,未知,未知,未知,未知,未知,未判定（缺少确切研究尺度合同）,未登记,无法判定,无法判定,无法判定,无法判定,无法判定,未判定（未登记到达时间合同）,无法判定,无法判定,717d3a2fd3bae60ec6485365211ee579c49778a4ed9985a2688fb0b288e48214,dq-rules-1.0,e87a78a94478584293d9fb3922bbb91882f48c58a8684db89186175facf03cc2,019010d64fe47d89c81bfaedafd458f1d886025bb34292c0c32eafcfa4392657,567dc0f9344a1de29b8acb56e56533beb98af14016df0a73c582d6d6fcab312c,无法判定,未执行（第一门未通过）,未执行（无决策记录）,无法判定,decision_record_missing,来源身份已登记但没有获批历史决策记录登记；不读取候选正文，不构造样例记录,登记带来源证据的决策编号、决策时点、数据截止时间及三类时间合同；重新生成不可变批次
replay-20260805T012335+0800-3156feb21c31,DS-000050,ETH,ZI-3877c0fbfe23b34834d8eadb,无法判定,source-identity-1.0,1615ee34905545e5ee66873a44d2722f6d66089f9632c0efbcdae3fb8312e1aa,audit-20260805T005824+0800,完成,完整,ba1fa4d9ad02ca4c0878fe15b319fc8225e61f652145014ed417ae16f6a83472,未知,未知,未知,未知,未知,未知,未判定（缺少确切研究尺度合同）,未登记,无法判定,无法判定,无法判定,无法判定,无法判定,未判定（未登记到达时间合同）,无法判定,无法判定,717d3a2fd3bae60ec6485365211ee579c49778a4ed9985a2688fb0b288e48214,dq-rules-1.0,e87a78a94478584293d9fb3922bbb91882f48c58a8684db89186175facf03cc2,019010d64fe47d89c81bfaedafd458f1d886025bb34292c0c32eafcfa4392657,df93b679b27441c8bcc60cf3e21ac4f3b92252fddcc0980df703789d1be7ff3e,无法判定,未执行（第一门未通过）,未执行（无决策记录）,无法判定,decision_record_missing,来源身份已登记但没有获批历史决策记录登记；不读取候选正文，不构造样例记录,登记带来源证据的决策编号、决策时点、数据截止时间及三类时间合同；重新生成不可变批次
replay-20260805T012335+0800-3156feb21c31,DS-000051,BTC,ZI-97f8dcaf6e0dc9d1a0e4bbdb,无法判定,source-identity-1.0,b66a3ea6c91b0ad42bf331bd78b414fa677756494c4b23e690fdacf9f2c804e0,audit-20260805T005824+0800,完成,完整,9a361a80271fc2ee4832ac3557b4f23a41820f7d317f0322d98f4c56d9904d06,未知,未知,未知,未知,未知,未知,未判定（缺少确切研究尺度合同）,未登记,无法判定,无法判定,无法判定,无法判定,无法判定,未判定（未登记到达时间合同）,无法判定,无法判定,717d3a2fd3bae60ec6485365211ee579c49778a4ed9985a2688fb0b288e48214,dq-rules-1.0,e87a78a94478584293d9fb3922bbb91882f48c58a8684db89186175facf03cc2,019010d64fe47d89c81bfaedafd458f1d886025bb34292c0c32eafcfa4392657,a284ebb2b2619763259f3b5574d0c442077982428d3a669172138b76355c245b,无法判定,未执行（第一门未通过）,未执行（无决策记录）,无法判定,decision_record_missing,来源身份已登记但没有获批历史决策记录登记；不读取候选正文，不构造样例记录,登记带来源证据的决策编号、决策时点、数据截止时间及三类时间合同；重新生成不可变批次
replay-20260805T012335+0800-3156feb21c31,DS-000051,ETH,ZI-f00603909f873d076d99eb9e,无法判定,source-identity-1.0,049aefa81f7ea861abeb035ccc750e63e424249d0a46e840c504f78191259e98,audit-20260805T005824+0800,完成,完整,9a361a80271fc2ee4832ac3557b4f23a41820f7d317f0322d98f4c56d9904d06,未知,未知,未知,未知,未知,未知,未判定（缺少确切研究尺度合同）,未登记,无法判定,无法判定,无法判定,无法判定,无法判定,未判定（未登记到达时间合同）,无法判定,无法判定,717d3a2fd3bae60ec6485365211ee579c49778a4ed9985a2688fb0b288e48214,dq-rules-1.0,e87a78a94478584293d9fb3922bbb91882f48c58a8684db89186175facf03cc2,019010d64fe47d89c81bfaedafd458f1d886025bb34292c0c32eafcfa4392657,072639ed6323973c5651430c5c066f95707d8d0436a48af940b347f11c2ed808,无法判定,未执行（第一门未通过）,未执行（无决策记录）,无法判定,decision_record_missing,来源身份已登记但没有获批历史决策记录登记；不读取候选正文，不构造样例记录,登记带来源证据的决策编号、决策时点、数据截止时间及三类时间合同；重新生成不可变批次
replay-20260805T012335+0800-3156feb21c31,DS-000052,BTC,ZI-f0e8c66b07d04a1be38b27dd,无法判定,source-identity-1.0,256e7ac31a595d5580b53eae938eb1ab757651fcbc07bceec9baa4372a26049c,audit-20260805T005824+0800,完成,完整,ae256bbb4c24766ce0b1ff3bf22dcbdb3d8ee9a5a05063a2e123d1b7e4dde5c1,未知,未知,未知,未知,未知,未知,未判定（缺少确切研究尺度合同）,未登记,无法判定,无法判定,无法判定,无法判定,无法判定,未判定（未登记到达时间合同）,无法判定,无法判定,717d3a2fd3bae60ec6485365211ee579c49778a4ed9985a2688fb0b288e48214,dq-rules-1.0,e87a78a94478584293d9fb3922bbb91882f48c58a8684db89186175facf03cc2,019010d64fe47d89c81bfaedafd458f1d886025bb34292c0c32eafcfa4392657,216eabfb8302a8c0039a297714ae74cf58c23d6d90c0194f0261626cbfc2c3f2,无法判定,未执行（第一门未通过）,未执行（无决策记录）,无法判定,decision_record_missing,来源身份已登记但没有获批历史决策记录登记；不读取候选正文，不构造样例记录,登记带来源证据的决策编号、决策时点、数据截止时间及三类时间合同；重新生成不可变批次
replay-20260805T012335+0800-3156feb21c31,DS-000052,ETH,ZI-e5632d1560b416fda6b4ca83,无法判定,source-identity-1.0,b69b072c9ec01261069334a60d23c6f12186d0cddb7b5d79b38f792d941667a9,audit-20260805T005824+0800,完成,完整,ae256bbb4c24766ce0b1ff3bf22dcbdb3d8ee9a5a05063a2e123d1b7e4dde5c1,未知,未知,未知,未知,未知,未知,未判定（缺少确切研究尺度合同）,未登记,无法判定,无法判定,无法判定,无法判定,无法判定,未判定（未登记到达时间合同）,无法判定,无法判定,717d3a2fd3bae60ec6485365211ee579c49778a4ed9985a2688fb0b288e48214,dq-rules-1.0,e87a78a94478584293d9fb3922bbb91882f48c58a8684db89186175facf03cc2,019010d64fe47d89c81bfaedafd458f1d886025bb34292c0c32eafcfa4392657,2d5ad21785e6a71433221cd938a9c015f75dcba1615bcca89e4b56099f35d913,无法判定,未执行（第一门未通过）,未执行（无决策记录）,无法判定,decision_record_missing,来源身份已登记但没有获批历史决策记录登记；不读取候选正文，不构造样例记录,登记带来源证据的决策编号、决策时点、数据截止时间及三类时间合同；重新生成不可变批次
replay-20260805T012335+0800-3156feb21c31,DS-000053,BTC,ZI-3b5d3d5f111d5d79a85d29b4,无法判定,source-identity-1.0,eff4e7681a2f07d94af4856bbad7a13e51b00353736df7293495448fd178e97b,audit-20260805T005824+0800,完成,完整,fc979e705fa12a80e65bbfecd4305ff7c90a7152f10c9801a7db7a60cab5b88f,未知,未知,未知,未知,未知,未知,未判定（缺少确切研究尺度合同）,未登记,无法判定,无法判定,无法判定,无法判定,无法判定,未判定（未登记到达时间合同）,无法判定,无法判定,717d3a2fd3bae60ec6485365211ee579c49778a4ed9985a2688fb0b288e48214,dq-rules-1.0,e87a78a94478584293d9fb3922bbb91882f48c58a8684db89186175facf03cc2,019010d64fe47d89c81bfaedafd458f1d886025bb34292c0c32eafcfa4392657,5bc6ff0ac1e1f4115b8eb5a29d1b19a3c90cabd16e6f7c52766860fa198c8d7f,无法判定,未执行（第一门未通过）,未执行（无决策记录）,无法判定,decision_record_missing,来源身份已登记但没有获批历史决策记录登记；不读取候选正文，不构造样例记录,登记带来源证据的决策编号、决策时点、数据截止时间及三类时间合同；重新生成不可变批次
replay-20260805T012335+0800-3156feb21c31,DS-000053,ETH,ZI-36613e8a21711c7f665cdceb,无法判定,source-identity-1.0,f581be58e7dd3aa5bd07a4ff2b8195faf734a3445cbb49f7bc5482bdc126e499,audit-20260805T005824+0800,完成,完整,fc979e705fa12a80e65bbfecd4305ff7c90a7152f10c9801a7db7a60cab5b88f,未知,未知,未知,未知,未知,未知,未判定（缺少确切研究尺度合同）,未登记,无法判定,无法判定,无法判定,无法判定,无法判定,未判定（未登记到达时间合同）,无法判定,无法判定,717d3a2fd3bae60ec6485365211ee579c49778a4ed9985a2688fb0b288e48214,dq-rules-1.0,e87a78a94478584293d9fb3922bbb91882f48c58a8684db89186175facf03cc2,019010d64fe47d89c81bfaedafd458f1d886025bb34292c0c32eafcfa4392657,8ec5789c9a94eb7a3904bae359c4a6a4861544f3253d44bd85d438ea9ec1b016,无法判定,未执行（第一门未通过）,未执行（无决策记录）,无法判定,decision_record_missing,来源身份已登记但没有获批历史决策记录登记；不读取候选正文，不构造样例记录,登记带来源证据的决策编号、决策时点、数据截止时间及三类时间合同；重新生成不可变批次
replay-20260805T012335+0800-3156feb21c31,DS-000054,BTC,ZI-87c2a233404d1351a0c1614a,无法判定,source-identity-1.0,cc2fbaaab68071a7df36be356a2db3ae146d0862fc2ee233226102590a551816,audit-20260805T005824+0800,完成,完整,fed080b95f499184e054bc3e589fc9a02519a3350b40ece335580cdc2685b666,未知,未知,未知,未知,未知,未知,未判定（缺少确切研究尺度合同）,未登记,无法判定,无法判定,无法判定,无法判定,无法判定,未判定（未登记到达时间合同）,无法判定,无法判定,717d3a2fd3bae60ec6485365211ee579c49778a4ed9985a2688fb0b288e48214,dq-rules-1.0,e87a78a94478584293d9fb3922bbb91882f48c58a8684db89186175facf03cc2,019010d64fe47d89c81bfaedafd458f1d886025bb34292c0c32eafcfa4392657,527745cb66f57c0e23fc780d10e5d9820d5a6c5a93d37a2d6e5fca13eeed9d8a,无法判定,未执行（第一门未通过）,未执行（无决策记录）,无法判定,decision_record_missing,来源身份已登记但没有获批历史决策记录登记；不读取候选正文，不构造样例记录,登记带来源证据的决策编号、决策时点、数据截止时间及三类时间合同；重新生成不可变批次
replay-20260805T012335+0800-3156feb21c31,DS-000054,ETH,ZI-f4c629efd5d8316c21f8c678,无法判定,source-identity-1.0,f11a76c87ad6b8f44c809a0dc9ceec1465aaf602a3c0ab306a7c8ef971f9268c,audit-20260805T005824+0800,完成,完整,fed080b95f499184e054bc3e589fc9a02519a3350b40ece335580cdc2685b666,未知,未知,未知,未知,未知,未知,未判定（缺少确切研究尺度合同）,未登记,无法判定,无法判定,无法判定,无法判定,无法判定,未判定（未登记到达时间合同）,无法判定,无法判定,717d3a2fd3bae60ec6485365211ee579c49778a4ed9985a2688fb0b288e48214,dq-rules-1.0,e87a78a94478584293d9fb3922bbb91882f48c58a8684db89186175facf03cc2,019010d64fe47d89c81bfaedafd458f1d886025bb34292c0c32eafcfa4392657,d5e4cbe62b3b45a8da0b57e638490de0e2dba5e4e6f7df35da12570fa597e9e4,无法判定,未执行（第一门未通过）,未执行（无决策记录）,无法判定,decision_record_missing,来源身份已登记但没有获批历史决策记录登记；不读取候选正文，不构造样例记录,登记带来源证据的决策编号、决策时点、数据截止时间及三类时间合同；重新生成不可变批次
replay-20260805T012335+0800-3156feb21c31,DS-000055,BTC,ZI-a0e8958994c3e7cc60444105,无法判定,source-identity-1.0,9245f742eddffec0bd92241d60b54058b7bc6f793f3cf9de97a7b15650674db4,audit-20260805T005824+0800,完成,完整,9b9ed40358c10c4754269ab2a4622d49ad7816979902269f58fd9de87ecd3847,未知,未知,未知,未知,未知,未知,未判定（缺少确切研究尺度合同）,未登记,无法判定,无法判定,无法判定,无法判定,无法判定,未判定（未登记到达时间合同）,无法判定,无法判定,717d3a2fd3bae60ec6485365211ee579c49778a4ed9985a2688fb0b288e48214,dq-rules-1.0,e87a78a94478584293d9fb3922bbb91882f48c58a8684db89186175facf03cc2,019010d64fe47d89c81bfaedafd458f1d886025bb34292c0c32eafcfa4392657,86ab1c42c045f6d71e3b15a525979e2dc93ef1d4121d61759bd3b289c7aa6961,无法判定,未执行（第一门未通过）,未执行（无决策记录）,无法判定,decision_record_missing,来源身份已登记但没有获批历史决策记录登记；不读取候选正文，不构造样例记录,登记带来源证据的决策编号、决策时点、数据截止时间及三类时间合同；重新生成不可变批次
replay-20260805T012335+0800-3156feb21c31,DS-000055,ETH,ZI-e4634a748fc7b2b6cc02f3e9,无法判定,source-identity-1.0,fea20defc98a359faca92be546677db4fa5f7c99a08ed6cbcae8f278ff3fe645,audit-20260805T005824+0800,完成,完整,9b9ed40358c10c4754269ab2a4622d49ad7816979902269f58fd9de87ecd3847,未知,未知,未知,未知,未知,未知,未判定（缺少确切研究尺度合同）,未登记,无法判定,无法判定,无法判定,无法判定,无法判定,未判定（未登记到达时间合同）,无法判定,无法判定,717d3a2fd3bae60ec6485365211ee579c49778a4ed9985a2688fb0b288e48214,dq-rules-1.0,e87a78a94478584293d9fb3922bbb91882f48c58a8684db89186175facf03cc2,019010d64fe47d89c81bfaedafd458f1d886025bb34292c0c32eafcfa4392657,78de473f36dec75faa7e30cdf1b27060cb31e89c3ab40d316ca3e14229dab2cc,无法判定,未执行（第一门未通过）,未执行（无决策记录）,无法判定,decision_record_missing,来源身份已登记但没有获批历史决策记录登记；不读取候选正文，不构造样例记录,登记带来源证据的决策编号、决策时点、数据截止时间及三类时间合同；重新生成不可变批次
replay-20260805T012335+0800-3156feb21c31,DS-000056,BTC,ZI-54e62d810981feeba9196e8d,无法判定,source-identity-1.0,878bca9cd953531d7a9e9ed0483150105486193e342d3d556aaebc774883794b,audit-20260805T005824+0800,完成,完整,c2fa41776d6bc94e99762cbb8088f3232162bc375efcbd0cfbd22e7a71680381,未知,未知,未知,未知,未知,未知,未判定（缺少确切研究尺度合同）,未登记,无法判定,无法判定,无法判定,无法判定,无法判定,未判定（未登记到达时间合同）,无法判定,无法判定,717d3a2fd3bae60ec6485365211ee579c49778a4ed9985a2688fb0b288e48214,dq-rules-1.0,e87a78a94478584293d9fb3922bbb91882f48c58a8684db89186175facf03cc2,019010d64fe47d89c81bfaedafd458f1d886025bb34292c0c32eafcfa4392657,5382ce6de1c68e3e1a77fdb8675279df5170611690afa10bbfb50be56dd03ab9,无法判定,未执行（第一门未通过）,未执行（无决策记录）,无法判定,decision_record_missing,来源身份已登记但没有获批历史决策记录登记；不读取候选正文，不构造样例记录,登记带来源证据的决策编号、决策时点、数据截止时间及三类时间合同；重新生成不可变批次
replay-20260805T012335+0800-3156feb21c31,DS-000056,ETH,ZI-125d0435a6188786951e37bd,无法判定,source-identity-1.0,03e60531a7292a6e2048fb348dbd686d0c92c34271ea1b44f409944ea2221702,audit-20260805T005824+0800,完成,完整,c2fa41776d6bc94e99762cbb8088f3232162bc375efcbd0cfbd22e7a71680381,未知,未知,未知,未知,未知,未知,未判定（缺少确切研究尺度合同）,未登记,无法判定,无法判定,无法判定,无法判定,无法判定,未判定（未登记到达时间合同）,无法判定,无法判定,717d3a2fd3bae60ec6485365211ee579c49778a4ed9985a2688fb0b288e48214,dq-rules-1.0,e87a78a94478584293d9fb3922bbb91882f48c58a8684db89186175facf03cc2,019010d64fe47d89c81bfaedafd458f1d886025bb34292c0c32eafcfa4392657,fe114092ad613b2acb0d2388390169f8122ed1ca17589e747375a354ecd93133,无法判定,未执行（第一门未通过）,未执行（无决策记录）,无法判定,decision_record_missing,来源身份已登记但没有获批历史决策记录登记；不读取候选正文，不构造样例记录,登记带来源证据的决策编号、决策时点、数据截止时间及三类时间合同；重新生成不可变批次
replay-20260805T012335+0800-3156feb21c31,DS-000057,BTC,ZI-1ffb29f3c048f7f9c99afb68,无法判定,source-identity-1.0,5f6b9d740626e75b823b08d81c303041d94cbc0b4abebff06d45d0ad2c2bde92,audit-20260805T005824+0800,完成,完整,bd4fe561bc7e04d067ee2675ab8cc66b820c65b14477be0e0f3f8e9a61147949,未知,未知,未知,未知,未知,未知,未判定（缺少确切研究尺度合同）,未登记,无法判定,无法判定,无法判定,无法判定,无法判定,未判定（未登记到达时间合同）,无法判定,无法判定,717d3a2fd3bae60ec6485365211ee579c49778a4ed9985a2688fb0b288e48214,dq-rules-1.0,e87a78a94478584293d9fb3922bbb91882f48c58a8684db89186175facf03cc2,019010d64fe47d89c81bfaedafd458f1d886025bb34292c0c32eafcfa4392657,85b8ab76b2c8e3a6c0b695ef59267dde7dac965cd4512bffefe9f01915e2dcde,无法判定,未执行（第一门未通过）,未执行（无决策记录）,无法判定,decision_record_missing,来源身份已登记但没有获批历史决策记录登记；不读取候选正文，不构造样例记录,登记带来源证据的决策编号、决策时点、数据截止时间及三类时间合同；重新生成不可变批次
replay-20260805T012335+0800-3156feb21c31,DS-000057,ETH,ZI-6ac98ad98d740090a661a47d,无法判定,source-identity-1.0,0a0c32015396956d6be66bd7d66b63b6209a082f7b4ef88d337c59bf1aa5a67e,audit-20260805T005824+0800,完成,完整,bd4fe561bc7e04d067ee2675ab8cc66b820c65b14477be0e0f3f8e9a61147949,未知,未知,未知,未知,未知,未知,未判定（缺少确切研究尺度合同）,未登记,无法判定,无法判定,无法判定,无法判定,无法判定,未判定（未登记到达时间合同）,无法判定,无法判定,717d3a2fd3bae60ec6485365211ee579c49778a4ed9985a2688fb0b288e48214,dq-rules-1.0,e87a78a94478584293d9fb3922bbb91882f48c58a8684db89186175facf03cc2,019010d64fe47d89c81bfaedafd458f1d886025bb34292c0c32eafcfa4392657,00f403ed40d57c2eab4effd48e95fdb7a6d3d517cffb0aa509f98b934a04f497,无法判定,未执行（第一门未通过）,未执行（无决策记录）,无法判定,decision_record_missing,来源身份已登记但没有获批历史决策记录登记；不读取候选正文，不构造样例记录,登记带来源证据的决策编号、决策时点、数据截止时间及三类时间合同；重新生成不可变批次
replay-20260805T012335+0800-3156feb21c31,DS-000058,BTC,ZI-6a4189c6cb894961a396d1b1,无法判定,source-identity-1.0,33d3ea7360d51deb0e8396179e69e1c1a59605a06f2466011f57fe93eb59fcab,audit-20260805T005824+0800,完成,完整,04a9d203c0d92ebe669b115a96694d3601b25ceb4b37033babea1f22e2f81b86,未知,未知,未知,未知,未知,未知,未判定（缺少确切研究尺度合同）,未登记,无法判定,无法判定,无法判定,无法判定,无法判定,未判定（未登记到达时间合同）,无法判定,无法判定,717d3a2fd3bae60ec6485365211ee579c49778a4ed9985a2688fb0b288e48214,dq-rules-1.0,e87a78a94478584293d9fb3922bbb91882f48c58a8684db89186175facf03cc2,019010d64fe47d89c81bfaedafd458f1d886025bb34292c0c32eafcfa4392657,66b96f3a6ea1cc00780ebb81b6dffdf06f9b771dde1fc8cde5783a1d9134232e,无法判定,未执行（第一门未通过）,未执行（无决策记录）,无法判定,decision_record_missing,来源身份已登记但没有获批历史决策记录登记；不读取候选正文，不构造样例记录,登记带来源证据的决策编号、决策时点、数据截止时间及三类时间合同；重新生成不可变批次
replay-20260805T012335+0800-3156feb21c31,DS-000058,ETH,ZI-d09b0bb4a95fd5e64f650483,无法判定,source-identity-1.0,0b00b3bd762e9d505ee34567a023089ced641baf67dfbf553e75f4adfa01cbac,audit-20260805T005824+0800,完成,完整,04a9d203c0d92ebe669b115a96694d3601b25ceb4b37033babea1f22e2f81b86,未知,未知,未知,未知,未知,未知,未判定（缺少确切研究尺度合同）,未登记,无法判定,无法判定,无法判定,无法判定,无法判定,未判定（未登记到达时间合同）,无法判定,无法判定,717d3a2fd3bae60ec6485365211ee579c49778a4ed9985a2688fb0b288e48214,dq-rules-1.0,e87a78a94478584293d9fb3922bbb91882f48c58a8684db89186175facf03cc2,019010d64fe47d89c81bfaedafd458f1d886025bb34292c0c32eafcfa4392657,8969260f5e79ed131fd1214a0a31bdaf2f971917bdea1de9d1ba03d0851b50b6,无法判定,未执行（第一门未通过）,未执行（无决策记录）,无法判定,decision_record_missing,来源身份已登记但没有获批历史决策记录登记；不读取候选正文，不构造样例记录,登记带来源证据的决策编号、决策时点、数据截止时间及三类时间合同；重新生成不可变批次
replay-20260805T012335+0800-3156feb21c31,DS-000059,BTC,ZI-00eda622e78ef39a01015ba9,无法判定,source-identity-1.0,8accceb725155d8dd42d0763111250532e7d2c08a5651f5521ac8a991a46cff3,audit-20260805T005824+0800,完成,完整,5c62f69347fa50983fc9f522a908442faf81b372decefa5e52a234a8f3065c7f,未知,未知,未知,未知,未知,未知,未判定（缺少确切研究尺度合同）,未登记,无法判定,无法判定,无法判定,无法判定,无法判定,未判定（未登记到达时间合同）,无法判定,无法判定,717d3a2fd3bae60ec6485365211ee579c49778a4ed9985a2688fb0b288e48214,dq-rules-1.0,e87a78a94478584293d9fb3922bbb91882f48c58a8684db89186175facf03cc2,019010d64fe47d89c81bfaedafd458f1d886025bb34292c0c32eafcfa4392657,d97b8209e5c1086053650677030d76934426f9e4d16afd65c2979f28811cbc4e,无法判定,未执行（第一门未通过）,未执行（无决策记录）,无法判定,decision_record_missing,来源身份已登记但没有获批历史决策记录登记；不读取候选正文，不构造样例记录,登记带来源证据的决策编号、决策时点、数据截止时间及三类时间合同；重新生成不可变批次
replay-20260805T012335+0800-3156feb21c31,DS-000059,ETH,ZI-167d01818b56710ddbafb446,无法判定,source-identity-1.0,3627269bc30ba13c2d5a6f52398c39f77e84503bee1e30c362434c44c8979258,audit-20260805T005824+0800,完成,完整,5c62f69347fa50983fc9f522a908442faf81b372decefa5e52a234a8f3065c7f,未知,未知,未知,未知,未知,未知,未判定（缺少确切研究尺度合同）,未登记,无法判定,无法判定,无法判定,无法判定,无法判定,未判定（未登记到达时间合同）,无法判定,无法判定,717d3a2fd3bae60ec6485365211ee579c49778a4ed9985a2688fb0b288e48214,dq-rules-1.0,e87a78a94478584293d9fb3922bbb91882f48c58a8684db89186175facf03cc2,019010d64fe47d89c81bfaedafd458f1d886025bb34292c0c32eafcfa4392657,5ae0f91930dad9c8e89f37c8e4d759e0a6053b8f39887db689cd4b952f58b40b,无法判定,未执行（第一门未通过）,未执行（无决策记录）,无法判定,decision_record_missing,来源身份已登记但没有获批历史决策记录登记；不读取候选正文，不构造样例记录,登记带来源证据的决策编号、决策时点、数据截止时间及三类时间合同；重新生成不可变批次
replay-20260805T012335+0800-3156feb21c31,DS-000060,BTC,ZI-53b60db8e4a05b06d7a4c2fc,无法判定,source-identity-1.0,9238a443829f13cf2c8979066f9c90b9eea12cde3f217f1133fd3e5f82f0d869,audit-20260805T005824+0800,完成,完整,accc9e1474be2455eca28585ccd68e45de957c793613cea11c418fe1c3d6b17a,未知,未知,未知,未知,未知,未知,未判定（缺少确切研究尺度合同）,未登记,无法判定,无法判定,无法判定,无法判定,无法判定,未判定（未登记到达时间合同）,无法判定,无法判定,717d3a2fd3bae60ec6485365211ee579c49778a4ed9985a2688fb0b288e48214,dq-rules-1.0,e87a78a94478584293d9fb3922bbb91882f48c58a8684db89186175facf03cc2,019010d64fe47d89c81bfaedafd458f1d886025bb34292c0c32eafcfa4392657,f02f75872270217014b784afba523a9426dc59fbd46216e3d776c905ced88232,无法判定,未执行（第一门未通过）,未执行（无决策记录）,无法判定,decision_record_missing,来源身份已登记但没有获批历史决策记录登记；不读取候选正文，不构造样例记录,登记带来源证据的决策编号、决策时点、数据截止时间及三类时间合同；重新生成不可变批次
replay-20260805T012335+0800-3156feb21c31,DS-000060,ETH,ZI-3d63384c465a5614a4b1b48e,无法判定,source-identity-1.0,d93a30a57ab2d23aeb65a933364d168416ed36e6de11d2bde852ac23a6151c6a,audit-20260805T005824+0800,完成,完整,accc9e1474be2455eca28585ccd68e45de957c793613cea11c418fe1c3d6b17a,未知,未知,未知,未知,未知,未知,未判定（缺少确切研究尺度合同）,未登记,无法判定,无法判定,无法判定,无法判定,无法判定,未判定（未登记到达时间合同）,无法判定,无法判定,717d3a2fd3bae60ec6485365211ee579c49778a4ed9985a2688fb0b288e48214,dq-rules-1.0,e87a78a94478584293d9fb3922bbb91882f48c58a8684db89186175facf03cc2,019010d64fe47d89c81bfaedafd458f1d886025bb34292c0c32eafcfa4392657,a55ee6bbe8ade27ab23cffcb1f17628c0fce7caaf2e00c5ebb4280abf0b3304f,无法判定,未执行（第一门未通过）,未执行（无决策记录）,无法判定,decision_record_missing,来源身份已登记但没有获批历史决策记录登记；不读取候选正文，不构造样例记录,登记带来源证据的决策编号、决策时点、数据截止时间及三类时间合同；重新生成不可变批次
replay-20260805T012335+0800-3156feb21c31,DS-000061,BTC,ZI-3bf1600f7a490d1c0e92c629,无法判定,source-identity-1.0,e1fef448b8535799a2d8d1167002069947866d601aa1ba4fedf9fa38f4e6528b,audit-20260805T005824+0800,完成,完整,1d2a0eeb226bf1aac83a812ca413796ad8940718910669df2898ffe1fc174fe2,未知,未知,未知,未知,未知,未知,未判定（缺少确切研究尺度合同）,未登记,无法判定,无法判定,无法判定,无法判定,无法判定,未判定（未登记到达时间合同）,无法判定,无法判定,717d3a2fd3bae60ec6485365211ee579c49778a4ed9985a2688fb0b288e48214,dq-rules-1.0,e87a78a94478584293d9fb3922bbb91882f48c58a8684db89186175facf03cc2,019010d64fe47d89c81bfaedafd458f1d886025bb34292c0c32eafcfa4392657,c02ac3f54c8f06e9e4d1dbe70fd58659038992ae098a95fac0f926c0bbf1281a,无法判定,未执行（第一门未通过）,未执行（无决策记录）,无法判定,decision_record_missing,来源身份已登记但没有获批历史决策记录登记；不读取候选正文，不构造样例记录,登记带来源证据的决策编号、决策时点、数据截止时间及三类时间合同；重新生成不可变批次
replay-20260805T012335+0800-3156feb21c31,DS-000061,ETH,ZI-8d3158324830bcdf98c9179e,无法判定,source-identity-1.0,a219d2e21d52d9a9f18a8a925ee4c6942039d5b9c5987bc0cd1f1d7bfedf9528,audit-20260805T005824+0800,完成,完整,1d2a0eeb226bf1aac83a812ca413796ad8940718910669df2898ffe1fc174fe2,未知,未知,未知,未知,未知,未知,未判定（缺少确切研究尺度合同）,未登记,无法判定,无法判定,无法判定,无法判定,无法判定,未判定（未登记到达时间合同）,无法判定,无法判定,717d3a2fd3bae60ec6485365211ee579c49778a4ed9985a2688fb0b288e48214,dq-rules-1.0,e87a78a94478584293d9fb3922bbb91882f48c58a8684db89186175facf03cc2,019010d64fe47d89c81bfaedafd458f1d886025bb34292c0c32eafcfa4392657,41f01d8bd2c8e33a234eb236cd85e7518e03db235a60a79d60933a0d03ec5db4,无法判定,未执行（第一门未通过）,未执行（无决策记录）,无法判定,decision_record_missing,来源身份已登记但没有获批历史决策记录登记；不读取候选正文，不构造样例记录,登记带来源证据的决策编号、决策时点、数据截止时间及三类时间合同；重新生成不可变批次
replay-20260805T012335+0800-3156feb21c31,DS-000062,BTC,ZI-5997c1cab5104ea92a74dd2e,无法判定,source-identity-1.0,2bee6c87399b40831d1ecef60cef80916d3a705f2e5420c5669a2774230534de,audit-20260805T005824+0800,完成,完整,c5ecced8f2b9d7dcabc822c67cff2e00bddf59eafe451220733cca719d2f7f4c,未知,未知,未知,未知,未知,未知,未判定（缺少确切研究尺度合同）,未登记,无法判定,无法判定,无法判定,无法判定,无法判定,未判定（未登记到达时间合同）,无法判定,无法判定,717d3a2fd3bae60ec6485365211ee579c49778a4ed9985a2688fb0b288e48214,dq-rules-1.0,e87a78a94478584293d9fb3922bbb91882f48c58a8684db89186175facf03cc2,019010d64fe47d89c81bfaedafd458f1d886025bb34292c0c32eafcfa4392657,a04e0d2e1a58d6923d5b4f952f02f9ed511657bff2acb31363c312cb5399ec9c,无法判定,未执行（第一门未通过）,未执行（无决策记录）,无法判定,decision_record_missing,来源身份已登记但没有获批历史决策记录登记；不读取候选正文，不构造样例记录,登记带来源证据的决策编号、决策时点、数据截止时间及三类时间合同；重新生成不可变批次
replay-20260805T012335+0800-3156feb21c31,DS-000062,ETH,ZI-14f914d1a3448c90648032d9,无法判定,source-identity-1.0,333df753a89fd42e9730c17bce3119d75663c952f859c09fc9ab5b3f3ab39057,audit-20260805T005824+0800,完成,完整,c5ecced8f2b9d7dcabc822c67cff2e00bddf59eafe451220733cca719d2f7f4c,未知,未知,未知,未知,未知,未知,未判定（缺少确切研究尺度合同）,未登记,无法判定,无法判定,无法判定,无法判定,无法判定,未判定（未登记到达时间合同）,无法判定,无法判定,717d3a2fd3bae60ec6485365211ee579c49778a4ed9985a2688fb0b288e48214,dq-rules-1.0,e87a78a94478584293d9fb3922bbb91882f48c58a8684db89186175facf03cc2,019010d64fe47d89c81bfaedafd458f1d886025bb34292c0c32eafcfa4392657,373421d6c8eb848a45d6fe116a53b1ed30be7ec7ba55632d6c68c2052a8532f2,无法判定,未执行（第一门未通过）,未执行（无决策记录）,无法判定,decision_record_missing,来源身份已登记但没有获批历史决策记录登记；不读取候选正文，不构造样例记录,登记带来源证据的决策编号、决策时点、数据截止时间及三类时间合同；重新生成不可变批次
replay-20260805T012335+0800-3156feb21c31,DS-000063,BTC,ZI-04475b7c457ff1d625fa1904,无法判定,source-identity-1.0,e4504058ac03b33b06b8d3b3d17f8a797d699ece3214565d3df5d2dfc7529796,audit-20260805T005824+0800,完成,完整,15c7279b67a7467ef5074bebb0e87423c481060e569513bf88b9ed07b5feef6e,未知,未知,未知,未知,未知,未知,未判定（缺少确切研究尺度合同）,未登记,无法判定,无法判定,无法判定,无法判定,无法判定,未判定（未登记到达时间合同）,无法判定,无法判定,717d3a2fd3bae60ec6485365211ee579c49778a4ed9985a2688fb0b288e48214,dq-rules-1.0,e87a78a94478584293d9fb3922bbb91882f48c58a8684db89186175facf03cc2,019010d64fe47d89c81bfaedafd458f1d886025bb34292c0c32eafcfa4392657,ad4daeabd7bb05719f8dd94f1db9f1cae2f73a5e2d2eaf3eb58ca6c36aa97dde,无法判定,未执行（第一门未通过）,未执行（无决策记录）,无法判定,decision_record_missing,来源身份已登记但没有获批历史决策记录登记；不读取候选正文，不构造样例记录,登记带来源证据的决策编号、决策时点、数据截止时间及三类时间合同；重新生成不可变批次
replay-20260805T012335+0800-3156feb21c31,DS-000063,ETH,ZI-f5bddcb87511d45ac7c5987a,无法判定,source-identity-1.0,9025519671c367be26c0caf482e65e42c56add37d6be291b8a62dc9073bcdb00,audit-20260805T005824+0800,完成,完整,15c7279b67a7467ef5074bebb0e87423c481060e569513bf88b9ed07b5feef6e,未知,未知,未知,未知,未知,未知,未判定（缺少确切研究尺度合同）,未登记,无法判定,无法判定,无法判定,无法判定,无法判定,未判定（未登记到达时间合同）,无法判定,无法判定,717d3a2fd3bae60ec6485365211ee579c49778a4ed9985a2688fb0b288e48214,dq-rules-1.0,e87a78a94478584293d9fb3922bbb91882f48c58a8684db89186175facf03cc2,019010d64fe47d89c81bfaedafd458f1d886025bb34292c0c32eafcfa4392657,5cd7359df7e419af5e1135ee523a9a0e78004fbb6f81c43b36ab743832e3acd2,无法判定,未执行（第一门未通过）,未执行（无决策记录）,无法判定,decision_record_missing,来源身份已登记但没有获批历史决策记录登记；不读取候选正文，不构造样例记录,登记带来源证据的决策编号、决策时点、数据截止时间及三类时间合同；重新生成不可变批次
replay-20260805T012335+0800-3156feb21c31,DS-000064,BTC,ZI-13ef7d5e793b0e8f61f9f6b4,无法判定,source-identity-1.0,cc3bf06d8b9f9c64c5aa2c195b7582e0caeb8beae7e74102a494bc07b5502502,audit-20260805T005824+0800,完成,完整,8e5534e51cbc03538c8871527b20f6bebe3912a08723f2b9ac9e2c3239c4504c,未知,未知,未知,未知,未知,未知,未判定（缺少确切研究尺度合同）,未登记,无法判定,无法判定,无法判定,无法判定,无法判定,未判定（未登记到达时间合同）,无法判定,无法判定,717d3a2fd3bae60ec6485365211ee579c49778a4ed9985a2688fb0b288e48214,dq-rules-1.0,e87a78a94478584293d9fb3922bbb91882f48c58a8684db89186175facf03cc2,019010d64fe47d89c81bfaedafd458f1d886025bb34292c0c32eafcfa4392657,f45ee97f35d8875b68575346b2d723851c0f6f2dec6e81916b7a60f2923a40c0,无法判定,未执行（第一门未通过）,未执行（无决策记录）,无法判定,decision_record_missing,来源身份已登记但没有获批历史决策记录登记；不读取候选正文，不构造样例记录,登记带来源证据的决策编号、决策时点、数据截止时间及三类时间合同；重新生成不可变批次
replay-20260805T012335+0800-3156feb21c31,DS-000064,ETH,ZI-fd3d75813aed695a0688a269,无法判定,source-identity-1.0,6f05016403f85618298cb43c62e162de21d786cefecfddfb1d98c4fc963d4ff4,audit-20260805T005824+0800,完成,完整,8e5534e51cbc03538c8871527b20f6bebe3912a08723f2b9ac9e2c3239c4504c,未知,未知,未知,未知,未知,未知,未判定（缺少确切研究尺度合同）,未登记,无法判定,无法判定,无法判定,无法判定,无法判定,未判定（未登记到达时间合同）,无法判定,无法判定,717d3a2fd3bae60ec6485365211ee579c49778a4ed9985a2688fb0b288e48214,dq-rules-1.0,e87a78a94478584293d9fb3922bbb91882f48c58a8684db89186175facf03cc2,019010d64fe47d89c81bfaedafd458f1d886025bb34292c0c32eafcfa4392657,a9af5cd9515faff20f35a20e8bce50b4636af05de56c79ef479ac96a8c80c5e8,无法判定,未执行（第一门未通过）,未执行（无决策记录）,无法判定,decision_record_missing,来源身份已登记但没有获批历史决策记录登记；不读取候选正文，不构造样例记录,登记带来源证据的决策编号、决策时点、数据截止时间及三类时间合同；重新生成不可变批次
replay-20260805T012335+0800-3156feb21c31,DS-000065,BTC,ZI-0c25fa7b259d916e8b019c93,无法判定,source-identity-1.0,dd2075b43374ea459620d96d6ffaed433dd499892f497b12f4c470a9623b5247,audit-20260805T005824+0800,完成,完整,ada1cf643ccba68d3a73114de3d3abe85dfd2da5f2af3e5e6fd04e828152b906,未知,未知,未知,未知,未知,未知,未判定（缺少确切研究尺度合同）,未登记,无法判定,无法判定,无法判定,无法判定,无法判定,未判定（未登记到达时间合同）,无法判定,无法判定,717d3a2fd3bae60ec6485365211ee579c49778a4ed9985a2688fb0b288e48214,dq-rules-1.0,e87a78a94478584293d9fb3922bbb91882f48c58a8684db89186175facf03cc2,019010d64fe47d89c81bfaedafd458f1d886025bb34292c0c32eafcfa4392657,bdd5c7d874830539df00d086a7cd9d915345b19d2e09873855aded46e9c56cd5,无法判定,未执行（第一门未通过）,未执行（无决策记录）,无法判定,decision_record_missing,来源身份已登记但没有获批历史决策记录登记；不读取候选正文，不构造样例记录,登记带来源证据的决策编号、决策时点、数据截止时间及三类时间合同；重新生成不可变批次
replay-20260805T012335+0800-3156feb21c31,DS-000065,ETH,ZI-6d753e7102fc438113a8a225,无法判定,source-identity-1.0,ab9588b1a62f8d1456920aa6a1b64b554a852ad76cccf7907f87bd5d1cd2a4d7,audit-20260805T005824+0800,完成,完整,ada1cf643ccba68d3a73114de3d3abe85dfd2da5f2af3e5e6fd04e828152b906,未知,未知,未知,未知,未知,未知,未判定（缺少确切研究尺度合同）,未登记,无法判定,无法判定,无法判定,无法判定,无法判定,未判定（未登记到达时间合同）,无法判定,无法判定,717d3a2fd3bae60ec6485365211ee579c49778a4ed9985a2688fb0b288e48214,dq-rules-1.0,e87a78a94478584293d9fb3922bbb91882f48c58a8684db89186175facf03cc2,019010d64fe47d89c81bfaedafd458f1d886025bb34292c0c32eafcfa4392657,b92d7c60439fa0ec1c359df2dc98be72911f94bd6be9460856a49f755fa2678f,无法判定,未执行（第一门未通过）,未执行（无决策记录）,无法判定,decision_record_missing,来源身份已登记但没有获批历史决策记录登记；不读取候选正文，不构造样例记录,登记带来源证据的决策编号、决策时点、数据截止时间及三类时间合同；重新生成不可变批次
replay-20260805T012335+0800-3156feb21c31,DS-000066,BTC,ZI-b71f8ba08a9ed0ebaf0eb354,无法判定,source-identity-1.0,8a61e2c2f920e648b464fc4b4bab8bee5c0a8f9bf53b946c9770c1040db425c5,audit-20260805T005824+0800,完成,完整,45f01ac6fc08d221d6edcc5c278b6361476447c1da8854d0ae4d1692f64d473f,未知,未知,未知,未知,未知,未知,未判定（缺少确切研究尺度合同）,未登记,无法判定,无法判定,无法判定,无法判定,无法判定,未判定（未登记到达时间合同）,无法判定,无法判定,717d3a2fd3bae60ec6485365211ee579c49778a4ed9985a2688fb0b288e48214,dq-rules-1.0,e87a78a94478584293d9fb3922bbb91882f48c58a8684db89186175facf03cc2,019010d64fe47d89c81bfaedafd458f1d886025bb34292c0c32eafcfa4392657,3bf81302bb5f8a1e3954c06634e3be2bd58c76b72605428a2cb7535e5183d334,无法判定,未执行（第一门未通过）,未执行（无决策记录）,无法判定,decision_record_missing,来源身份已登记但没有获批历史决策记录登记；不读取候选正文，不构造样例记录,登记带来源证据的决策编号、决策时点、数据截止时间及三类时间合同；重新生成不可变批次
replay-20260805T012335+0800-3156feb21c31,DS-000066,ETH,ZI-cdc9825ab05b1fb6098704fa,无法判定,source-identity-1.0,6f0c73553e6220e5133da5b279f941e380e247af403e39ad482e28301ab1389a,audit-20260805T005824+0800,完成,完整,45f01ac6fc08d221d6edcc5c278b6361476447c1da8854d0ae4d1692f64d473f,未知,未知,未知,未知,未知,未知,未判定（缺少确切研究尺度合同）,未登记,无法判定,无法判定,无法判定,无法判定,无法判定,未判定（未登记到达时间合同）,无法判定,无法判定,717d3a2fd3bae60ec6485365211ee579c49778a4ed9985a2688fb0b288e48214,dq-rules-1.0,e87a78a94478584293d9fb3922bbb91882f48c58a8684db89186175facf03cc2,019010d64fe47d89c81bfaedafd458f1d886025bb34292c0c32eafcfa4392657,e8d77b16222de2b00d95d4eda8c586c2b77dc898e7d83f5c30ed6634d1137e6c,无法判定,未执行（第一门未通过）,未执行（无决策记录）,无法判定,decision_record_missing,来源身份已登记但没有获批历史决策记录登记；不读取候选正文，不构造样例记录,登记带来源证据的决策编号、决策时点、数据截止时间及三类时间合同；重新生成不可变批次
replay-20260805T012335+0800-3156feb21c31,DS-000067,BTC,ZI-a299ddfd734c4ab74af0b3e2,无法判定,source-identity-1.0,0e1f7b77c0b67941cd4e74c73ce79e53eb017cb454abeb6cc6708edea396e0f8,audit-20260805T005824+0800,完成,完整,9f2696c1ee63681e10700755c4d5acd820e4aa62f415dd9f4ecc61f411fe776a,未知,未知,未知,未知,未知,未知,未判定（缺少确切研究尺度合同）,未登记,无法判定,无法判定,无法判定,无法判定,无法判定,未判定（未登记到达时间合同）,无法判定,无法判定,717d3a2fd3bae60ec6485365211ee579c49778a4ed9985a2688fb0b288e48214,dq-rules-1.0,e87a78a94478584293d9fb3922bbb91882f48c58a8684db89186175facf03cc2,019010d64fe47d89c81bfaedafd458f1d886025bb34292c0c32eafcfa4392657,409e0d961d13ddf7a3f84af753e48c84882a5f1c024d722fe42de290302b2349,无法判定,未执行（第一门未通过）,未执行（无决策记录）,无法判定,decision_record_missing,来源身份已登记但没有获批历史决策记录登记；不读取候选正文，不构造样例记录,登记带来源证据的决策编号、决策时点、数据截止时间及三类时间合同；重新生成不可变批次
replay-20260805T012335+0800-3156feb21c31,DS-000067,ETH,ZI-debdc43209a47ad26d2b1bd3,无法判定,source-identity-1.0,9109c2b6c5c75198063d31f13bda14e13da7660af096d4269445c20d152e429e,audit-20260805T005824+0800,完成,完整,9f2696c1ee63681e10700755c4d5acd820e4aa62f415dd9f4ecc61f411fe776a,未知,未知,未知,未知,未知,未知,未判定（缺少确切研究尺度合同）,未登记,无法判定,无法判定,无法判定,无法判定,无法判定,未判定（未登记到达时间合同）,无法判定,无法判定,717d3a2fd3bae60ec6485365211ee579c49778a4ed9985a2688fb0b288e48214,dq-rules-1.0,e87a78a94478584293d9fb3922bbb91882f48c58a8684db89186175facf03cc2,019010d64fe47d89c81bfaedafd458f1d886025bb34292c0c32eafcfa4392657,f34e876b76d1b1c2b312420979fadab902070b526e36947b04acd03e5f2a7b58,无法判定,未执行（第一门未通过）,未执行（无决策记录）,无法判定,decision_record_missing,来源身份已登记但没有获批历史决策记录登记；不读取候选正文，不构造样例记录,登记带来源证据的决策编号、决策时点、数据截止时间及三类时间合同；重新生成不可变批次
replay-20260805T012335+0800-3156feb21c31,DS-000068,BTC,ZI-542e5737b0c583e4ba78c4d8,无法判定,source-identity-1.0,499140dee0e5bddde55b6ec2c2d981386228c8af41e7eba9658853d67de1f4ad,audit-20260805T005824+0800,完成,完整,c543772dda5044097e01bd635d80b214f26413b76084c470d74063b2f828bdc9,未知,未知,未知,未知,未知,未知,未判定（缺少确切研究尺度合同）,未登记,无法判定,无法判定,无法判定,无法判定,无法判定,未判定（未登记到达时间合同）,无法判定,无法判定,717d3a2fd3bae60ec6485365211ee579c49778a4ed9985a2688fb0b288e48214,dq-rules-1.0,e87a78a94478584293d9fb3922bbb91882f48c58a8684db89186175facf03cc2,019010d64fe47d89c81bfaedafd458f1d886025bb34292c0c32eafcfa4392657,a2b81e803a48713f15eba7f691b601df3b3aedc3ac8639428ebc411c7e3972d5,无法判定,未执行（第一门未通过）,未执行（无决策记录）,无法判定,decision_record_missing,来源身份已登记但没有获批历史决策记录登记；不读取候选正文，不构造样例记录,登记带来源证据的决策编号、决策时点、数据截止时间及三类时间合同；重新生成不可变批次
replay-20260805T012335+0800-3156feb21c31,DS-000068,ETH,ZI-7d00e7e8b9a85ec6bb065156,无法判定,source-identity-1.0,2437f3fd79700cb0cf5c7c5c03c779251432ff22348495094857b2a5b5080ff6,audit-20260805T005824+0800,完成,完整,c543772dda5044097e01bd635d80b214f26413b76084c470d74063b2f828bdc9,未知,未知,未知,未知,未知,未知,未判定（缺少确切研究尺度合同）,未登记,无法判定,无法判定,无法判定,无法判定,无法判定,未判定（未登记到达时间合同）,无法判定,无法判定,717d3a2fd3bae60ec6485365211ee579c49778a4ed9985a2688fb0b288e48214,dq-rules-1.0,e87a78a94478584293d9fb3922bbb91882f48c58a8684db89186175facf03cc2,019010d64fe47d89c81bfaedafd458f1d886025bb34292c0c32eafcfa4392657,6999a74af2e28a7ddef4163e0d11dbbefccfad4bf19e5a854a252b79886e2ad7,无法判定,未执行（第一门未通过）,未执行（无决策记录）,无法判定,decision_record_missing,来源身份已登记但没有获批历史决策记录登记；不读取候选正文，不构造样例记录,登记带来源证据的决策编号、决策时点、数据截止时间及三类时间合同；重新生成不可变批次
replay-20260805T012335+0800-3156feb21c31,DS-000069,BTC,ZI-48f77e4e45c16d6e82eafb9d,无法判定,source-identity-1.0,af6beca70d6f567c1f907471815dd28c7a34822a81f3d5392e3e5d77513e8899,audit-20260805T005824+0800,完成,完整,6d22005610bf9922320543a9e5703b24a8c1b5e5779383345533a5cc73e3e328,未知,未知,未知,未知,未知,未知,未判定（缺少确切研究尺度合同）,未登记,无法判定,无法判定,无法判定,无法判定,无法判定,未判定（未登记到达时间合同）,无法判定,无法判定,717d3a2fd3bae60ec6485365211ee579c49778a4ed9985a2688fb0b288e48214,dq-rules-1.0,e87a78a94478584293d9fb3922bbb91882f48c58a8684db89186175facf03cc2,019010d64fe47d89c81bfaedafd458f1d886025bb34292c0c32eafcfa4392657,090a15a59f54f8fddd4ed32a1cc112b2a4f7211e1bba3231b0b0435db02ade1e,无法判定,未执行（第一门未通过）,未执行（无决策记录）,无法判定,decision_record_missing,来源身份已登记但没有获批历史决策记录登记；不读取候选正文，不构造样例记录,登记带来源证据的决策编号、决策时点、数据截止时间及三类时间合同；重新生成不可变批次
replay-20260805T012335+0800-3156feb21c31,DS-000069,ETH,ZI-130612ec6f518786293a81bb,无法判定,source-identity-1.0,b16043f687e09e7a7f875c7f120ef4c302751c936c38953f6654da606585315f,audit-20260805T005824+0800,完成,完整,6d22005610bf9922320543a9e5703b24a8c1b5e5779383345533a5cc73e3e328,未知,未知,未知,未知,未知,未知,未判定（缺少确切研究尺度合同）,未登记,无法判定,无法判定,无法判定,无法判定,无法判定,未判定（未登记到达时间合同）,无法判定,无法判定,717d3a2fd3bae60ec6485365211ee579c49778a4ed9985a2688fb0b288e48214,dq-rules-1.0,e87a78a94478584293d9fb3922bbb91882f48c58a8684db89186175facf03cc2,019010d64fe47d89c81bfaedafd458f1d886025bb34292c0c32eafcfa4392657,75cdb0649dd53fd722408f5ccaf343b04c0d06b2cf27da3cdb7f1a54d1b5561e,无法判定,未执行（第一门未通过）,未执行（无决策记录）,无法判定,decision_record_missing,来源身份已登记但没有获批历史决策记录登记；不读取候选正文，不构造样例记录,登记带来源证据的决策编号、决策时点、数据截止时间及三类时间合同；重新生成不可变批次
replay-20260805T012335+0800-3156feb21c31,DS-000070,BTC,ZI-3c25a7ab173319e547e57556,无法判定,source-identity-1.0,8522383f378cd17b8dbcaae45093cb5e70c7701d10df64d33eda248f7f894491,audit-20260805T005824+0800,完成,完整,4e6637a6f50f56174a736bfdcdd139468bfde2090b878f07b96b639d135dd241,未知,未知,未知,未知,未知,未知,未判定（缺少确切研究尺度合同）,未登记,无法判定,无法判定,无法判定,无法判定,无法判定,未判定（未登记到达时间合同）,无法判定,无法判定,717d3a2fd3bae60ec6485365211ee579c49778a4ed9985a2688fb0b288e48214,dq-rules-1.0,e87a78a94478584293d9fb3922bbb91882f48c58a8684db89186175facf03cc2,019010d64fe47d89c81bfaedafd458f1d886025bb34292c0c32eafcfa4392657,73d8879c1afdbd7c5f5ff02b5dbc3ec1046232bb6de80a309526a485050e4121,无法判定,未执行（第一门未通过）,未执行（无决策记录）,无法判定,decision_record_missing,来源身份已登记但没有获批历史决策记录登记；不读取候选正文，不构造样例记录,登记带来源证据的决策编号、决策时点、数据截止时间及三类时间合同；重新生成不可变批次
replay-20260805T012335+0800-3156feb21c31,DS-000070,ETH,ZI-65b40787d4fc73554e42a24e,无法判定,source-identity-1.0,4868e4a9aa5c26be08e033a8258b81c435599869e2e579b0a722557b4f23cdfc,audit-20260805T005824+0800,完成,完整,4e6637a6f50f56174a736bfdcdd139468bfde2090b878f07b96b639d135dd241,未知,未知,未知,未知,未知,未知,未判定（缺少确切研究尺度合同）,未登记,无法判定,无法判定,无法判定,无法判定,无法判定,未判定（未登记到达时间合同）,无法判定,无法判定,717d3a2fd3bae60ec6485365211ee579c49778a4ed9985a2688fb0b288e48214,dq-rules-1.0,e87a78a94478584293d9fb3922bbb91882f48c58a8684db89186175facf03cc2,019010d64fe47d89c81bfaedafd458f1d886025bb34292c0c32eafcfa4392657,5e15f577e6b8f65859272de3cc9525d64ada322ef193af78a2bc82471dcaa20a,无法判定,未执行（第一门未通过）,未执行（无决策记录）,无法判定,decision_record_missing,来源身份已登记但没有获批历史决策记录登记；不读取候选正文，不构造样例记录,登记带来源证据的决策编号、决策时点、数据截止时间及三类时间合同；重新生成不可变批次
replay-20260805T012335+0800-3156feb21c31,DS-000071,BTC,ZI-c5110b7d8549897e8abdd7e5,无法判定,source-identity-1.0,5fa6a4c22f854f7d2731562c120144944a6afa9dc861b1ebab44f23e3af01e6e,audit-20260805T005824+0800,完成,完整,9779cbbb0ff92bb25f82081081d7e21980c9b9ca724d0afeba1f81621a540bc0,未知,未知,未知,未知,未知,未知,未判定（缺少确切研究尺度合同）,未登记,无法判定,无法判定,无法判定,无法判定,无法判定,未判定（未登记到达时间合同）,无法判定,无法判定,717d3a2fd3bae60ec6485365211ee579c49778a4ed9985a2688fb0b288e48214,dq-rules-1.0,e87a78a94478584293d9fb3922bbb91882f48c58a8684db89186175facf03cc2,019010d64fe47d89c81bfaedafd458f1d886025bb34292c0c32eafcfa4392657,5c6a02f58eada5495b9e3244a560d12af59e3e772a81fa3fb50fef3d149c592c,无法判定,未执行（第一门未通过）,未执行（无决策记录）,无法判定,decision_record_missing,来源身份已登记但没有获批历史决策记录登记；不读取候选正文，不构造样例记录,登记带来源证据的决策编号、决策时点、数据截止时间及三类时间合同；重新生成不可变批次
replay-20260805T012335+0800-3156feb21c31,DS-000071,ETH,ZI-2e5b11987f0893e154b4a226,无法判定,source-identity-1.0,63bee64dd5e1349eb3b75300e860290d279f6ed094a6aa8fc1c4f044e6a0d6f6,audit-20260805T005824+0800,完成,完整,9779cbbb0ff92bb25f82081081d7e21980c9b9ca724d0afeba1f81621a540bc0,未知,未知,未知,未知,未知,未知,未判定（缺少确切研究尺度合同）,未登记,无法判定,无法判定,无法判定,无法判定,无法判定,未判定（未登记到达时间合同）,无法判定,无法判定,717d3a2fd3bae60ec6485365211ee579c49778a4ed9985a2688fb0b288e48214,dq-rules-1.0,e87a78a94478584293d9fb3922bbb91882f48c58a8684db89186175facf03cc2,019010d64fe47d89c81bfaedafd458f1d886025bb34292c0c32eafcfa4392657,3e27a188ad79563ac7bc35d2f447e8d29e0da4c694932f55db1599b6cd39311d,无法判定,未执行（第一门未通过）,未执行（无决策记录）,无法判定,decision_record_missing,来源身份已登记但没有获批历史决策记录登记；不读取候选正文，不构造样例记录,登记带来源证据的决策编号、决策时点、数据截止时间及三类时间合同；重新生成不可变批次
replay-20260805T012335+0800-3156feb21c31,DS-000072,BTC,ZI-6f2bfe54fc6b3bc0ee2bd29a,无法判定,source-identity-1.0,9765c79f6760259e01552738b57a68f4350c73a9bf98a9c90f8fc8bb8394f8dc,audit-20260805T005824+0800,完成,完整,bf5ea0ecbbc1aecf5bcae4e5d0312b6ab72b71fbbb49cb14bcf9095d09bee9af,未知,未知,未知,未知,未知,未知,未判定（缺少确切研究尺度合同）,未登记,无法判定,无法判定,无法判定,无法判定,无法判定,未判定（未登记到达时间合同）,无法判定,无法判定,717d3a2fd3bae60ec6485365211ee579c49778a4ed9985a2688fb0b288e48214,dq-rules-1.0,e87a78a94478584293d9fb3922bbb91882f48c58a8684db89186175facf03cc2,019010d64fe47d89c81bfaedafd458f1d886025bb34292c0c32eafcfa4392657,7a8c9be285eb8628e477f03ac513487bde2e940e68a92e1d093b1064b8f07bc1,无法判定,未执行（第一门未通过）,未执行（无决策记录）,无法判定,decision_record_missing,来源身份已登记但没有获批历史决策记录登记；不读取候选正文，不构造样例记录,登记带来源证据的决策编号、决策时点、数据截止时间及三类时间合同；重新生成不可变批次
replay-20260805T012335+0800-3156feb21c31,DS-000072,ETH,ZI-8a724c2b2b2310e8ea456a6c,无法判定,source-identity-1.0,225f64203588c294d94462bcfc284fcc33f9752d8af3adc77c9259f62a655e7f,audit-20260805T005824+0800,完成,完整,bf5ea0ecbbc1aecf5bcae4e5d0312b6ab72b71fbbb49cb14bcf9095d09bee9af,未知,未知,未知,未知,未知,未知,未判定（缺少确切研究尺度合同）,未登记,无法判定,无法判定,无法判定,无法判定,无法判定,未判定（未登记到达时间合同）,无法判定,无法判定,717d3a2fd3bae60ec6485365211ee579c49778a4ed9985a2688fb0b288e48214,dq-rules-1.0,e87a78a94478584293d9fb3922bbb91882f48c58a8684db89186175facf03cc2,019010d64fe47d89c81bfaedafd458f1d886025bb34292c0c32eafcfa4392657,5a0470bd129e29609e62be0850e573d74d5cabace9935a0bab716249189f98be,无法判定,未执行（第一门未通过）,未执行（无决策记录）,无法判定,decision_record_missing,来源身份已登记但没有获批历史决策记录登记；不读取候选正文，不构造样例记录,登记带来源证据的决策编号、决策时点、数据截止时间及三类时间合同；重新生成不可变批次
replay-20260805T012335+0800-3156feb21c31,DS-000073,BTC,ZI-b82975cefd7452a08a009414,无法判定,source-identity-1.0,ebe69b459c15b451d8fdaf6b9e54eb3de3e0e81073bb3a743ae6bd2e1f6530a3,audit-20260805T005824+0800,完成,完整,c738135a1e3989347bf80335e41ea210e0a1f0b1b81d0a89cd4e15ce3d0a956b,未知,未知,未知,未知,未知,未知,未判定（缺少确切研究尺度合同）,未登记,无法判定,无法判定,无法判定,无法判定,无法判定,未判定（未登记到达时间合同）,无法判定,无法判定,717d3a2fd3bae60ec6485365211ee579c49778a4ed9985a2688fb0b288e48214,dq-rules-1.0,e87a78a94478584293d9fb3922bbb91882f48c58a8684db89186175facf03cc2,019010d64fe47d89c81bfaedafd458f1d886025bb34292c0c32eafcfa4392657,baf29781a517092b0f4949a5d96efd44c2332b0a058fe0c3228d74965c9a4d29,无法判定,未执行（第一门未通过）,未执行（无决策记录）,无法判定,decision_record_missing,来源身份已登记但没有获批历史决策记录登记；不读取候选正文，不构造样例记录,登记带来源证据的决策编号、决策时点、数据截止时间及三类时间合同；重新生成不可变批次
replay-20260805T012335+0800-3156feb21c31,DS-000073,ETH,ZI-8ff34b76a144e3416ff2ba0a,无法判定,source-identity-1.0,748037ecc70c0dc4a742cab0900cbdac2dd20095507f228e4ad634b4a3785874,audit-20260805T005824+0800,完成,完整,c738135a1e3989347bf80335e41ea210e0a1f0b1b81d0a89cd4e15ce3d0a956b,未知,未知,未知,未知,未知,未知,未判定（缺少确切研究尺度合同）,未登记,无法判定,无法判定,无法判定,无法判定,无法判定,未判定（未登记到达时间合同）,无法判定,无法判定,717d3a2fd3bae60ec6485365211ee579c49778a4ed9985a2688fb0b288e48214,dq-rules-1.0,e87a78a94478584293d9fb3922bbb91882f48c58a8684db89186175facf03cc2,019010d64fe47d89c81bfaedafd458f1d886025bb34292c0c32eafcfa4392657,de300c73b6929abf6e96cc63e63cd481aa7a23f7b1972d917d87debe0d232837,无法判定,未执行（第一门未通过）,未执行（无决策记录）,无法判定,decision_record_missing,来源身份已登记但没有获批历史决策记录登记；不读取候选正文，不构造样例记录,登记带来源证据的决策编号、决策时点、数据截止时间及三类时间合同；重新生成不可变批次
replay-20260805T012335+0800-3156feb21c31,DS-000074,BTC,ZI-58f7d32e980dbb401fc80a90,无法判定,source-identity-1.0,fc7ea9221b9c7a38310aed308b07d523ca3214b5752ad05663b7eab65d1dcedb,audit-20260805T005824+0800,完成,完整,7148fab62ff3a0ed0a62dfb81c325a1f01f05db02a04062f3d12bbf65baa667c,未知,未知,未知,未知,未知,未知,未判定（缺少确切研究尺度合同）,未登记,无法判定,无法判定,无法判定,无法判定,无法判定,未判定（未登记到达时间合同）,无法判定,无法判定,717d3a2fd3bae60ec6485365211ee579c49778a4ed9985a2688fb0b288e48214,dq-rules-1.0,e87a78a94478584293d9fb3922bbb91882f48c58a8684db89186175facf03cc2,019010d64fe47d89c81bfaedafd458f1d886025bb34292c0c32eafcfa4392657,7a9ce61c0f0ec3042d14a30a26b18298596a07a67f0f1ed47ff26433a495e079,无法判定,未执行（第一门未通过）,未执行（无决策记录）,无法判定,decision_record_missing,来源身份已登记但没有获批历史决策记录登记；不读取候选正文，不构造样例记录,登记带来源证据的决策编号、决策时点、数据截止时间及三类时间合同；重新生成不可变批次
replay-20260805T012335+0800-3156feb21c31,DS-000074,ETH,ZI-2dab989667e2e000a36be458,无法判定,source-identity-1.0,17a141822170caf648d471960cad5e89d07a9dae1216db85d1279f4d2288ec06,audit-20260805T005824+0800,完成,完整,7148fab62ff3a0ed0a62dfb81c325a1f01f05db02a04062f3d12bbf65baa667c,未知,未知,未知,未知,未知,未知,未判定（缺少确切研究尺度合同）,未登记,无法判定,无法判定,无法判定,无法判定,无法判定,未判定（未登记到达时间合同）,无法判定,无法判定,717d3a2fd3bae60ec6485365211ee579c49778a4ed9985a2688fb0b288e48214,dq-rules-1.0,e87a78a94478584293d9fb3922bbb91882f48c58a8684db89186175facf03cc2,019010d64fe47d89c81bfaedafd458f1d886025bb34292c0c32eafcfa4392657,bb7308a4278a69705138b56a4e02dd7cc228443421007df6a7886e444b59902f,无法判定,未执行（第一门未通过）,未执行（无决策记录）,无法判定,decision_record_missing,来源身份已登记但没有获批历史决策记录登记；不读取候选正文，不构造样例记录,登记带来源证据的决策编号、决策时点、数据截止时间及三类时间合同；重新生成不可变批次
replay-20260805T012335+0800-3156feb21c31,DS-000075,BTC,ZI-702ab124ec1d6104a18682cc,无法判定,source-identity-1.0,e9a9061acc7872f3b70fcbb605b5d503c17bfcf4927a0c8889455a01a3846996,audit-20260805T005824+0800,完成,完整,677d30b13983d4ebdf12c4415e5bdefddef2e68cb59d9a75970eebc284ed3404,未知,未知,未知,未知,未知,未知,未判定（缺少确切研究尺度合同）,未登记,无法判定,无法判定,无法判定,无法判定,无法判定,未判定（未登记到达时间合同）,无法判定,无法判定,717d3a2fd3bae60ec6485365211ee579c49778a4ed9985a2688fb0b288e48214,dq-rules-1.0,e87a78a94478584293d9fb3922bbb91882f48c58a8684db89186175facf03cc2,019010d64fe47d89c81bfaedafd458f1d886025bb34292c0c32eafcfa4392657,1ae43e8b5cd861437615038b6f623851798f5844391a1bea4cc0c3a9150797a0,无法判定,未执行（第一门未通过）,未执行（无决策记录）,无法判定,decision_record_missing,来源身份已登记但没有获批历史决策记录登记；不读取候选正文，不构造样例记录,登记带来源证据的决策编号、决策时点、数据截止时间及三类时间合同；重新生成不可变批次
replay-20260805T012335+0800-3156feb21c31,DS-000075,ETH,ZI-34c79640d21e2dca7bd200b8,无法判定,source-identity-1.0,25264ebe69eff16876ed83119295c9d97c427c76a723136ba85b6020631bbd67,audit-20260805T005824+0800,完成,完整,677d30b13983d4ebdf12c4415e5bdefddef2e68cb59d9a75970eebc284ed3404,未知,未知,未知,未知,未知,未知,未判定（缺少确切研究尺度合同）,未登记,无法判定,无法判定,无法判定,无法判定,无法判定,未判定（未登记到达时间合同）,无法判定,无法判定,717d3a2fd3bae60ec6485365211ee579c49778a4ed9985a2688fb0b288e48214,dq-rules-1.0,e87a78a94478584293d9fb3922bbb91882f48c58a8684db89186175facf03cc2,019010d64fe47d89c81bfaedafd458f1d886025bb34292c0c32eafcfa4392657,c91e027d34e253d2984bb3d15d3310249b2df4bd3b5dd27ff3ca445937067fa5,无法判定,未执行（第一门未通过）,未执行（无决策记录）,无法判定,decision_record_missing,来源身份已登记但没有获批历史决策记录登记；不读取候选正文，不构造样例记录,登记带来源证据的决策编号、决策时点、数据截止时间及三类时间合同；重新生成不可变批次
replay-20260805T012335+0800-3156feb21c31,DS-000076,BTC,ZI-eb4f39de309ba813696327df,无法判定,source-identity-1.0,8bfb49f095549c0f34d63123b8a9309d4abcef08a51c02a38ee27b69919f7c2c,audit-20260805T005824+0800,完成,完整,c4e33eac1101f2f09495f2823aa3dcdaf7646fb34e5e278fefe34a8ca5e419a3,未知,未知,未知,未知,未知,未知,未判定（缺少确切研究尺度合同）,未登记,无法判定,无法判定,无法判定,无法判定,无法判定,未判定（未登记到达时间合同）,无法判定,无法判定,717d3a2fd3bae60ec6485365211ee579c49778a4ed9985a2688fb0b288e48214,dq-rules-1.0,e87a78a94478584293d9fb3922bbb91882f48c58a8684db89186175facf03cc2,019010d64fe47d89c81bfaedafd458f1d886025bb34292c0c32eafcfa4392657,da657e208ce8d13634b8cd7d7520d30f06fad5c0ac201de844ceb3d4d802dc67,无法判定,未执行（第一门未通过）,未执行（无决策记录）,无法判定,decision_record_missing,来源身份已登记但没有获批历史决策记录登记；不读取候选正文，不构造样例记录,登记带来源证据的决策编号、决策时点、数据截止时间及三类时间合同；重新生成不可变批次
replay-20260805T012335+0800-3156feb21c31,DS-000076,ETH,ZI-71226df9ffc076a6def96779,无法判定,source-identity-1.0,7b643b4ca27ca0994bc20ba7dea802ec1a2b81a93ea1e520103e1894d5a63a3d,audit-20260805T005824+0800,完成,完整,c4e33eac1101f2f09495f2823aa3dcdaf7646fb34e5e278fefe34a8ca5e419a3,未知,未知,未知,未知,未知,未知,未判定（缺少确切研究尺度合同）,未登记,无法判定,无法判定,无法判定,无法判定,无法判定,未判定（未登记到达时间合同）,无法判定,无法判定,717d3a2fd3bae60ec6485365211ee579c49778a4ed9985a2688fb0b288e48214,dq-rules-1.0,e87a78a94478584293d9fb3922bbb91882f48c58a8684db89186175facf03cc2,019010d64fe47d89c81bfaedafd458f1d886025bb34292c0c32eafcfa4392657,6f05995a7f6b73b1e436a6e38fbc068aa6259913463679accbff3c04a93e68f3,无法判定,未执行（第一门未通过）,未执行（无决策记录）,无法判定,decision_record_missing,来源身份已登记但没有获批历史决策记录登记；不读取候选正文，不构造样例记录,登记带来源证据的决策编号、决策时点、数据截止时间及三类时间合同；重新生成不可变批次
replay-20260805T012335+0800-3156feb21c31,DS-000077,BTC,ZI-a2a17d00e18d8270c3da40b2,无法判定,source-identity-1.0,3992e05d63a19099f820539204f5b5c389abc5c9a66fd834c1911b9e0fef8154,audit-20260805T005824+0800,完成,完整,2b91b93ac39dcb2846eb87dd7f12376d295ddee1e77eb81b1eaf54f50bb88b81,未知,未知,未知,未知,未知,未知,未判定（缺少确切研究尺度合同）,未登记,无法判定,无法判定,无法判定,无法判定,无法判定,未判定（未登记到达时间合同）,无法判定,无法判定,717d3a2fd3bae60ec6485365211ee579c49778a4ed9985a2688fb0b288e48214,dq-rules-1.0,e87a78a94478584293d9fb3922bbb91882f48c58a8684db89186175facf03cc2,019010d64fe47d89c81bfaedafd458f1d886025bb34292c0c32eafcfa4392657,4b71d9a33a0d6b3759812d427aff3b688886d650cb12f9ff01c57ae557d2996b,无法判定,未执行（第一门未通过）,未执行（无决策记录）,无法判定,decision_record_missing,来源身份已登记但没有获批历史决策记录登记；不读取候选正文，不构造样例记录,登记带来源证据的决策编号、决策时点、数据截止时间及三类时间合同；重新生成不可变批次
replay-20260805T012335+0800-3156feb21c31,DS-000077,ETH,ZI-b211253f6cb6a849fbcb8b9b,无法判定,source-identity-1.0,df7fbaa928235cf3a02bfd98420a8c2705457caa4ff598806ec0fbbd8f3e5a3a,audit-20260805T005824+0800,完成,完整,2b91b93ac39dcb2846eb87dd7f12376d295ddee1e77eb81b1eaf54f50bb88b81,未知,未知,未知,未知,未知,未知,未判定（缺少确切研究尺度合同）,未登记,无法判定,无法判定,无法判定,无法判定,无法判定,未判定（未登记到达时间合同）,无法判定,无法判定,717d3a2fd3bae60ec6485365211ee579c49778a4ed9985a2688fb0b288e48214,dq-rules-1.0,e87a78a94478584293d9fb3922bbb91882f48c58a8684db89186175facf03cc2,019010d64fe47d89c81bfaedafd458f1d886025bb34292c0c32eafcfa4392657,769eb9af50fe58cfa6a6333429713d13d1338e5afeb0797e826533303d20d1f3,无法判定,未执行（第一门未通过）,未执行（无决策记录）,无法判定,decision_record_missing,来源身份已登记但没有获批历史决策记录登记；不读取候选正文，不构造样例记录,登记带来源证据的决策编号、决策时点、数据截止时间及三类时间合同；重新生成不可变批次
replay-20260805T012335+0800-3156feb21c31,DS-000078,BTC,ZI-348f6f63e47eaafea3ee9552,无法判定,source-identity-1.0,a81841ba24f0d1c44bf2d87ad70988e493d02140cf2b3bf65edc97e488bce215,audit-20260805T005824+0800,完成,完整,4a531251338eef575d7727c2450e7011419547de3a4337428c7a485ce15cd5a5,未知,未知,未知,未知,未知,未知,未判定（缺少确切研究尺度合同）,未登记,无法判定,无法判定,无法判定,无法判定,无法判定,未判定（未登记到达时间合同）,无法判定,无法判定,717d3a2fd3bae60ec6485365211ee579c49778a4ed9985a2688fb0b288e48214,dq-rules-1.0,e87a78a94478584293d9fb3922bbb91882f48c58a8684db89186175facf03cc2,019010d64fe47d89c81bfaedafd458f1d886025bb34292c0c32eafcfa4392657,5e354a14c131681eaa58079dd335830c4e6af8d3e654707ea6c01dd96a563990,无法判定,未执行（第一门未通过）,未执行（无决策记录）,无法判定,decision_record_missing,来源身份已登记但没有获批历史决策记录登记；不读取候选正文，不构造样例记录,登记带来源证据的决策编号、决策时点、数据截止时间及三类时间合同；重新生成不可变批次
replay-20260805T012335+0800-3156feb21c31,DS-000078,ETH,ZI-3be31e2ad7066adca6b49b55,无法判定,source-identity-1.0,ba3d22c361bced696625ce61bcecbe640c85609f7c3c240493afb8d5671ab820,audit-20260805T005824+0800,完成,完整,4a531251338eef575d7727c2450e7011419547de3a4337428c7a485ce15cd5a5,未知,未知,未知,未知,未知,未知,未判定（缺少确切研究尺度合同）,未登记,无法判定,无法判定,无法判定,无法判定,无法判定,未判定（未登记到达时间合同）,无法判定,无法判定,717d3a2fd3bae60ec6485365211ee579c49778a4ed9985a2688fb0b288e48214,dq-rules-1.0,e87a78a94478584293d9fb3922bbb91882f48c58a8684db89186175facf03cc2,019010d64fe47d89c81bfaedafd458f1d886025bb34292c0c32eafcfa4392657,9eada7499b4619bd1349594c66d774c6b3774f873706b07f21c5dc2a4b762be0,无法判定,未执行（第一门未通过）,未执行（无决策记录）,无法判定,decision_record_missing,来源身份已登记但没有获批历史决策记录登记；不读取候选正文，不构造样例记录,登记带来源证据的决策编号、决策时点、数据截止时间及三类时间合同；重新生成不可变批次
replay-20260805T012335+0800-3156feb21c31,DS-000079,BTC,ZI-502eb39d03727e04069cd747,无法判定,source-identity-1.0,62d0a6b70bf6a9866f7f998a0d77f3386fe365616240deeee3bbbc7d77f79cbe,audit-20260805T005824+0800,完成,完整,5f1b9a7626e9c50637f11600b083502815521aeaff1c01e481c24f6e9172559e,未知,未知,未知,未知,未知,未知,未判定（缺少确切研究尺度合同）,未登记,无法判定,无法判定,无法判定,无法判定,无法判定,未判定（未登记到达时间合同）,无法判定,无法判定,717d3a2fd3bae60ec6485365211ee579c49778a4ed9985a2688fb0b288e48214,dq-rules-1.0,e87a78a94478584293d9fb3922bbb91882f48c58a8684db89186175facf03cc2,019010d64fe47d89c81bfaedafd458f1d886025bb34292c0c32eafcfa4392657,48a80e1596f52a390932c3ec4bf0cdde42fb89e0c7991a4e82f83ddf4ce6a7a6,无法判定,未执行（第一门未通过）,未执行（无决策记录）,无法判定,decision_record_missing,来源身份已登记但没有获批历史决策记录登记；不读取候选正文，不构造样例记录,登记带来源证据的决策编号、决策时点、数据截止时间及三类时间合同；重新生成不可变批次
replay-20260805T012335+0800-3156feb21c31,DS-000079,ETH,ZI-f028549bbcd5063bf447769f,无法判定,source-identity-1.0,7707f902eab328569598c6d3f64256e47e4c03e66922160b1d6d7aa70a8ec0f2,audit-20260805T005824+0800,完成,完整,5f1b9a7626e9c50637f11600b083502815521aeaff1c01e481c24f6e9172559e,未知,未知,未知,未知,未知,未知,未判定（缺少确切研究尺度合同）,未登记,无法判定,无法判定,无法判定,无法判定,无法判定,未判定（未登记到达时间合同）,无法判定,无法判定,717d3a2fd3bae60ec6485365211ee579c49778a4ed9985a2688fb0b288e48214,dq-rules-1.0,e87a78a94478584293d9fb3922bbb91882f48c58a8684db89186175facf03cc2,019010d64fe47d89c81bfaedafd458f1d886025bb34292c0c32eafcfa4392657,faa80139b559971249c9f666200d224b0a1b9c3c9444d014a83309494566185a,无法判定,未执行（第一门未通过）,未执行（无决策记录）,无法判定,decision_record_missing,来源身份已登记但没有获批历史决策记录登记；不读取候选正文，不构造样例记录,登记带来源证据的决策编号、决策时点、数据截止时间及三类时间合同；重新生成不可变批次
replay-20260805T012335+0800-3156feb21c31,DS-000080,BTC,ZI-b8df3b3e536accc3b80b8066,无法判定,source-identity-1.0,67711a92ddb9bf670ae364bfb8394928771ee37dddd2dd4d6775772d94b27e87,audit-20260805T005824+0800,输入漂移,未执行,2ca9662d9443f1ea98a8453916907b082e760825f55285a2a65cf523222b13ee,未知,未知,未知,未知,未知,未知,未判定（缺少确切研究尺度合同）,未登记,无法判定,无法判定,无法判定,无法判定,无法判定,未判定（未登记到达时间合同）,无法判定,无法判定,717d3a2fd3bae60ec6485365211ee579c49778a4ed9985a2688fb0b288e48214,dq-rules-1.0,e87a78a94478584293d9fb3922bbb91882f48c58a8684db89186175facf03cc2,019010d64fe47d89c81bfaedafd458f1d886025bb34292c0c32eafcfa4392657,d046f5e0dd98ad550d0bfdfe8ed6710c6604c92dc8d0f67b732ca3ca6c0976e5,拒绝,未执行（第一门未通过）,未执行（无决策记录）,拒绝,input_identity_drift,来源身份成员或质量批次显示输入身份漂移，禁止载入历史现场,登记带来源证据的决策编号、决策时点、数据截止时间及三类时间合同；重新生成不可变批次
replay-20260805T012335+0800-3156feb21c31,DS-000080,ETH,ZI-5cb1f0e0a0d3ea04cec7f2db,无法判定,source-identity-1.0,959fdb48a4b38a6df96fbb25a64773d50437dc61595d62edd61b4ce61d5919cf,audit-20260805T005824+0800,输入漂移,未执行,2ca9662d9443f1ea98a8453916907b082e760825f55285a2a65cf523222b13ee,未知,未知,未知,未知,未知,未知,未判定（缺少确切研究尺度合同）,未登记,无法判定,无法判定,无法判定,无法判定,无法判定,未判定（未登记到达时间合同）,无法判定,无法判定,717d3a2fd3bae60ec6485365211ee579c49778a4ed9985a2688fb0b288e48214,dq-rules-1.0,e87a78a94478584293d9fb3922bbb91882f48c58a8684db89186175facf03cc2,019010d64fe47d89c81bfaedafd458f1d886025bb34292c0c32eafcfa4392657,b7644abd1149c25db01d58da68caac219058b10e07260d5628ebe7fd7d40dace,拒绝,未执行（第一门未通过）,未执行（无决策记录）,拒绝,input_identity_drift,来源身份成员或质量批次显示输入身份漂移，禁止载入历史现场,登记带来源证据的决策编号、决策时点、数据截止时间及三类时间合同；重新生成不可变批次
replay-20260805T012335+0800-3156feb21c31,DS-000081,BTC,ZI-988e7988699ea375ef999f36,无法判定,source-identity-1.0,1b7ab6341bbcbf3787b11969e0f84452ac2d9653d457aa503768de0923551459,audit-20260805T005824+0800,完成,完整,a2792143e03a2cb6ca25dd11e01ffad12313eb6fff5ab50030912e25bef96753,未知,未知,未知,未知,未知,未知,未判定（缺少确切研究尺度合同）,未登记,无法判定,无法判定,无法判定,无法判定,无法判定,未判定（未登记到达时间合同）,无法判定,无法判定,717d3a2fd3bae60ec6485365211ee579c49778a4ed9985a2688fb0b288e48214,dq-rules-1.0,e87a78a94478584293d9fb3922bbb91882f48c58a8684db89186175facf03cc2,019010d64fe47d89c81bfaedafd458f1d886025bb34292c0c32eafcfa4392657,7b2b21e4d7a2e585af95d43f771eca6de43ec44b72900739963cc0d99c94b2f6,无法判定,未执行（第一门未通过）,未执行（无决策记录）,无法判定,decision_record_missing,来源身份已登记但没有获批历史决策记录登记；不读取候选正文，不构造样例记录,登记带来源证据的决策编号、决策时点、数据截止时间及三类时间合同；重新生成不可变批次
replay-20260805T012335+0800-3156feb21c31,DS-000081,ETH,ZI-c554be2524b6ac56420322df,无法判定,source-identity-1.0,4a5b134c1b74db86fce17e963c98699b40b2dd11cdeab26bf66c848fa6a43104,audit-20260805T005824+0800,完成,完整,a2792143e03a2cb6ca25dd11e01ffad12313eb6fff5ab50030912e25bef96753,未知,未知,未知,未知,未知,未知,未判定（缺少确切研究尺度合同）,未登记,无法判定,无法判定,无法判定,无法判定,无法判定,未判定（未登记到达时间合同）,无法判定,无法判定,717d3a2fd3bae60ec6485365211ee579c49778a4ed9985a2688fb0b288e48214,dq-rules-1.0,e87a78a94478584293d9fb3922bbb91882f48c58a8684db89186175facf03cc2,019010d64fe47d89c81bfaedafd458f1d886025bb34292c0c32eafcfa4392657,39ea5177e2b56d80ec69d6927148d64b0216f9e725e92f7a218a447d43567b34,无法判定,未执行（第一门未通过）,未执行（无决策记录）,无法判定,decision_record_missing,来源身份已登记但没有获批历史决策记录登记；不读取候选正文，不构造样例记录,登记带来源证据的决策编号、决策时点、数据截止时间及三类时间合同；重新生成不可变批次
replay-20260805T012335+0800-3156feb21c31,DS-000082,BTC,ZI-e157f9d0fcdfc3a8e2bc8c70,无法判定,source-identity-1.0,2582f90e62f1c694a2613ede51634d3323d517ff7953aca4b6eb7e72cda7629f,audit-20260805T005824+0800,完成,完整,26729e609b23e8ec4e4345940d9d2c6fe8cb682c3b4f5ae188a8e32f9b517efc,未知,未知,未知,未知,未知,未知,未判定（缺少确切研究尺度合同）,未登记,无法判定,无法判定,无法判定,无法判定,无法判定,未判定（未登记到达时间合同）,无法判定,无法判定,717d3a2fd3bae60ec6485365211ee579c49778a4ed9985a2688fb0b288e48214,dq-rules-1.0,e87a78a94478584293d9fb3922bbb91882f48c58a8684db89186175facf03cc2,019010d64fe47d89c81bfaedafd458f1d886025bb34292c0c32eafcfa4392657,dfc17e536da90ec4175af71809d8dcf40ec71293d587837ff264a0fe3a4d172c,无法判定,未执行（第一门未通过）,未执行（无决策记录）,无法判定,decision_record_missing,来源身份已登记但没有获批历史决策记录登记；不读取候选正文，不构造样例记录,登记带来源证据的决策编号、决策时点、数据截止时间及三类时间合同；重新生成不可变批次
replay-20260805T012335+0800-3156feb21c31,DS-000082,ETH,ZI-4436ad9b42c6f806385bd6b4,无法判定,source-identity-1.0,9edcfe6977b1881ff3b97314248b36d5dca8d2b80ea7cc750bb95acb901bad21,audit-20260805T005824+0800,完成,完整,26729e609b23e8ec4e4345940d9d2c6fe8cb682c3b4f5ae188a8e32f9b517efc,未知,未知,未知,未知,未知,未知,未判定（缺少确切研究尺度合同）,未登记,无法判定,无法判定,无法判定,无法判定,无法判定,未判定（未登记到达时间合同）,无法判定,无法判定,717d3a2fd3bae60ec6485365211ee579c49778a4ed9985a2688fb0b288e48214,dq-rules-1.0,e87a78a94478584293d9fb3922bbb91882f48c58a8684db89186175facf03cc2,019010d64fe47d89c81bfaedafd458f1d886025bb34292c0c32eafcfa4392657,807923823cbec8eb84ef6bd7ea037760e96f07e32c1f51b7d65e3f5a4ed2dca6,无法判定,未执行（第一门未通过）,未执行（无决策记录）,无法判定,decision_record_missing,来源身份已登记但没有获批历史决策记录登记；不读取候选正文，不构造样例记录,登记带来源证据的决策编号、决策时点、数据截止时间及三类时间合同；重新生成不可变批次
replay-20260805T012335+0800-3156feb21c31,DS-000083,BTC,ZI-606826edf27ebb1d7ce3c168,无法判定,source-identity-1.0,66e131229afd652cdf4bfb43b683076ddb5fdd0729ad4660676ce3855110557e,audit-20260805T005824+0800,完成,完整,71ac66dedef59f66f532dec36668e7189bd34fd63dc852b0670352d76860bd2c,未知,未知,未知,未知,未知,未知,未判定（缺少确切研究尺度合同）,未登记,无法判定,无法判定,无法判定,无法判定,无法判定,未判定（未登记到达时间合同）,无法判定,无法判定,717d3a2fd3bae60ec6485365211ee579c49778a4ed9985a2688fb0b288e48214,dq-rules-1.0,e87a78a94478584293d9fb3922bbb91882f48c58a8684db89186175facf03cc2,019010d64fe47d89c81bfaedafd458f1d886025bb34292c0c32eafcfa4392657,e048fae2dfe1e8048d3300d0bac8be5f2d1453b7fddd5ebecaaa9902a1717243,无法判定,未执行（第一门未通过）,未执行（无决策记录）,无法判定,decision_record_missing,来源身份已登记但没有获批历史决策记录登记；不读取候选正文，不构造样例记录,登记带来源证据的决策编号、决策时点、数据截止时间及三类时间合同；重新生成不可变批次
replay-20260805T012335+0800-3156feb21c31,DS-000083,ETH,ZI-dc802620a1660401748ba4f1,无法判定,source-identity-1.0,834c89ae1f27f100acf901f7455fba2d5f211fabf579d1be7ab307b26bf21a5f,audit-20260805T005824+0800,完成,完整,71ac66dedef59f66f532dec36668e7189bd34fd63dc852b0670352d76860bd2c,未知,未知,未知,未知,未知,未知,未判定（缺少确切研究尺度合同）,未登记,无法判定,无法判定,无法判定,无法判定,无法判定,未判定（未登记到达时间合同）,无法判定,无法判定,717d3a2fd3bae60ec6485365211ee579c49778a4ed9985a2688fb0b288e48214,dq-rules-1.0,e87a78a94478584293d9fb3922bbb91882f48c58a8684db89186175facf03cc2,019010d64fe47d89c81bfaedafd458f1d886025bb34292c0c32eafcfa4392657,eba9986dbef1cbcbf283ce74e0068c9c88046c759bd7411e6c770e6f10d493e9,无法判定,未执行（第一门未通过）,未执行（无决策记录）,无法判定,decision_record_missing,来源身份已登记但没有获批历史决策记录登记；不读取候选正文，不构造样例记录,登记带来源证据的决策编号、决策时点、数据截止时间及三类时间合同；重新生成不可变批次
replay-20260805T012335+0800-3156feb21c31,DS-000084,BTC,ZI-2cf1c33ec5d03375f4ea30ab,无法判定,source-identity-1.0,7de95993b67c3399376685aed618da6c921ec6c374938e9d3640fcca7da281c4,audit-20260805T005824+0800,完成,完整,eaf48da1bfc940e3ac2e9e61fbd915d410a684dcfdd7961a133befda1a9e3197,未知,未知,未知,未知,未知,未知,未判定（缺少确切研究尺度合同）,未登记,无法判定,无法判定,无法判定,无法判定,无法判定,未判定（未登记到达时间合同）,无法判定,无法判定,717d3a2fd3bae60ec6485365211ee579c49778a4ed9985a2688fb0b288e48214,dq-rules-1.0,e87a78a94478584293d9fb3922bbb91882f48c58a8684db89186175facf03cc2,019010d64fe47d89c81bfaedafd458f1d886025bb34292c0c32eafcfa4392657,057a7b10d792f08fc339bfef39a32829fe9306b279df2a8a1cb5eb711c6f0823,无法判定,未执行（第一门未通过）,未执行（无决策记录）,无法判定,decision_record_missing,来源身份已登记但没有获批历史决策记录登记；不读取候选正文，不构造样例记录,登记带来源证据的决策编号、决策时点、数据截止时间及三类时间合同；重新生成不可变批次
replay-20260805T012335+0800-3156feb21c31,DS-000084,ETH,ZI-3f209003d99517aaa9d196de,无法判定,source-identity-1.0,6542482b96faebfd16f90774c550636b6a8aa39c41bd0edcc895818a40d66e27,audit-20260805T005824+0800,完成,完整,eaf48da1bfc940e3ac2e9e61fbd915d410a684dcfdd7961a133befda1a9e3197,未知,未知,未知,未知,未知,未知,未判定（缺少确切研究尺度合同）,未登记,无法判定,无法判定,无法判定,无法判定,无法判定,未判定（未登记到达时间合同）,无法判定,无法判定,717d3a2fd3bae60ec6485365211ee579c49778a4ed9985a2688fb0b288e48214,dq-rules-1.0,e87a78a94478584293d9fb3922bbb91882f48c58a8684db89186175facf03cc2,019010d64fe47d89c81bfaedafd458f1d886025bb34292c0c32eafcfa4392657,58333d125e42cda8a81fde388e0d8568232a61def57ba87ee4b695ff3761ec50,无法判定,未执行（第一门未通过）,未执行（无决策记录）,无法判定,decision_record_missing,来源身份已登记但没有获批历史决策记录登记；不读取候选正文，不构造样例记录,登记带来源证据的决策编号、决策时点、数据截止时间及三类时间合同；重新生成不可变批次
replay-20260805T012335+0800-3156feb21c31,DS-000085,BTC,ZI-6660a9981b4c038dfec654e0,无法判定,source-identity-1.0,41de689be5a0f2ab20281ab98da138e6661003b594ae906859dd3de18a3711ea,audit-20260805T005824+0800,完成,完整,8e149c28200d6c407f82b23bbf56e0f74adf78ccacc53e97cddd69fa8c266cef,未知,未知,未知,未知,未知,未知,未判定（缺少确切研究尺度合同）,未登记,无法判定,无法判定,无法判定,无法判定,无法判定,未判定（未登记到达时间合同）,无法判定,无法判定,717d3a2fd3bae60ec6485365211ee579c49778a4ed9985a2688fb0b288e48214,dq-rules-1.0,e87a78a94478584293d9fb3922bbb91882f48c58a8684db89186175facf03cc2,019010d64fe47d89c81bfaedafd458f1d886025bb34292c0c32eafcfa4392657,d4611fd2e65b4c6ec8eec03cf624740eb552c8e674d31bb3d88cd0758d75df63,无法判定,未执行（第一门未通过）,未执行（无决策记录）,无法判定,decision_record_missing,来源身份已登记但没有获批历史决策记录登记；不读取候选正文，不构造样例记录,登记带来源证据的决策编号、决策时点、数据截止时间及三类时间合同；重新生成不可变批次
replay-20260805T012335+0800-3156feb21c31,DS-000085,ETH,ZI-1e587b9ca43b8ecb01a08a67,无法判定,source-identity-1.0,5da3a5a9467bf68ddbbd130f63e6d66f82e0257cda9dc7064c501bca3c8c637e,audit-20260805T005824+0800,完成,完整,8e149c28200d6c407f82b23bbf56e0f74adf78ccacc53e97cddd69fa8c266cef,未知,未知,未知,未知,未知,未知,未判定（缺少确切研究尺度合同）,未登记,无法判定,无法判定,无法判定,无法判定,无法判定,未判定（未登记到达时间合同）,无法判定,无法判定,717d3a2fd3bae60ec6485365211ee579c49778a4ed9985a2688fb0b288e48214,dq-rules-1.0,e87a78a94478584293d9fb3922bbb91882f48c58a8684db89186175facf03cc2,019010d64fe47d89c81bfaedafd458f1d886025bb34292c0c32eafcfa4392657,82adc4daace57bc044a7172e7f6c8fde5bc412b00e540439e35732292f26c517,无法判定,未执行（第一门未通过）,未执行（无决策记录）,无法判定,decision_record_missing,来源身份已登记但没有获批历史决策记录登记；不读取候选正文，不构造样例记录,登记带来源证据的决策编号、决策时点、数据截止时间及三类时间合同；重新生成不可变批次
replay-20260805T012335+0800-3156feb21c31,DS-000086,BTC,ZI-540f8f5763c8c25b47283449,无法判定,source-identity-1.0,a127af52a3b91bdf9ab9347d11bf9fdfe102f83bcffb62b14f82cfbbc1713b79,audit-20260805T005824+0800,完成,完整,ea2e1163702cfc733f8ff1e1d381eccbb870b4ef264c3ce1f581dfbac86c7b87,未知,未知,未知,未知,未知,未知,未判定（缺少确切研究尺度合同）,未登记,无法判定,无法判定,无法判定,无法判定,无法判定,未判定（未登记到达时间合同）,无法判定,无法判定,717d3a2fd3bae60ec6485365211ee579c49778a4ed9985a2688fb0b288e48214,dq-rules-1.0,e87a78a94478584293d9fb3922bbb91882f48c58a8684db89186175facf03cc2,019010d64fe47d89c81bfaedafd458f1d886025bb34292c0c32eafcfa4392657,f5df16dd6b6d6d47f8b8fa25ae3d264a77fba786d5f4e1619895dc80c06aba96,无法判定,未执行（第一门未通过）,未执行（无决策记录）,无法判定,decision_record_missing,来源身份已登记但没有获批历史决策记录登记；不读取候选正文，不构造样例记录,登记带来源证据的决策编号、决策时点、数据截止时间及三类时间合同；重新生成不可变批次
replay-20260805T012335+0800-3156feb21c31,DS-000086,ETH,ZI-bba6b24de803c01632b44a91,无法判定,source-identity-1.0,0c4c242213f63fce98a612cf6e4f69cb0fd4a6615d5c98eab3d651da0ffa41f6,audit-20260805T005824+0800,完成,完整,ea2e1163702cfc733f8ff1e1d381eccbb870b4ef264c3ce1f581dfbac86c7b87,未知,未知,未知,未知,未知,未知,未判定（缺少确切研究尺度合同）,未登记,无法判定,无法判定,无法判定,无法判定,无法判定,未判定（未登记到达时间合同）,无法判定,无法判定,717d3a2fd3bae60ec6485365211ee579c49778a4ed9985a2688fb0b288e48214,dq-rules-1.0,e87a78a94478584293d9fb3922bbb91882f48c58a8684db89186175facf03cc2,019010d64fe47d89c81bfaedafd458f1d886025bb34292c0c32eafcfa4392657,1d27c8ae5a3fd8662c1f3c8d90379429ce0e5e8991ba4677d33c7f85f010d1ee,无法判定,未执行（第一门未通过）,未执行（无决策记录）,无法判定,decision_record_missing,来源身份已登记但没有获批历史决策记录登记；不读取候选正文，不构造样例记录,登记带来源证据的决策编号、决策时点、数据截止时间及三类时间合同；重新生成不可变批次
replay-20260805T012335+0800-3156feb21c31,DS-000087,BTC,ZI-563d8a435062e95a3eb06fe9,无法判定,source-identity-1.0,6477d66cd25bef19250ca8c37d06682e39aa36c3bd131ff9a57e829437b0cde5,audit-20260805T005824+0800,完成,完整,6baf47a6b565537accf1ecf507bdea80f9d0d9e925aca061d8bc0d05fdf9e31b,未知,未知,未知,未知,未知,未知,未判定（缺少确切研究尺度合同）,未登记,无法判定,无法判定,无法判定,无法判定,无法判定,未判定（未登记到达时间合同）,无法判定,无法判定,717d3a2fd3bae60ec6485365211ee579c49778a4ed9985a2688fb0b288e48214,dq-rules-1.0,e87a78a94478584293d9fb3922bbb91882f48c58a8684db89186175facf03cc2,019010d64fe47d89c81bfaedafd458f1d886025bb34292c0c32eafcfa4392657,62d35c2ad0fd87f44c79ee48d91186c9a173f4f03a7e327f5e737d1157fb2bc7,无法判定,未执行（第一门未通过）,未执行（无决策记录）,无法判定,decision_record_missing,来源身份已登记但没有获批历史决策记录登记；不读取候选正文，不构造样例记录,登记带来源证据的决策编号、决策时点、数据截止时间及三类时间合同；重新生成不可变批次
replay-20260805T012335+0800-3156feb21c31,DS-000087,ETH,ZI-baea0c9ad86775e8eca92410,无法判定,source-identity-1.0,33f94ec0f517a49250da3564198bb017150ca2ef8274cf7315262e8031ce3e0b,audit-20260805T005824+0800,完成,完整,6baf47a6b565537accf1ecf507bdea80f9d0d9e925aca061d8bc0d05fdf9e31b,未知,未知,未知,未知,未知,未知,未判定（缺少确切研究尺度合同）,未登记,无法判定,无法判定,无法判定,无法判定,无法判定,未判定（未登记到达时间合同）,无法判定,无法判定,717d3a2fd3bae60ec6485365211ee579c49778a4ed9985a2688fb0b288e48214,dq-rules-1.0,e87a78a94478584293d9fb3922bbb91882f48c58a8684db89186175facf03cc2,019010d64fe47d89c81bfaedafd458f1d886025bb34292c0c32eafcfa4392657,112906adec11508b9346224e4b26018e279038afc1f5049ae80c2f3edd44b4f0,无法判定,未执行（第一门未通过）,未执行（无决策记录）,无法判定,decision_record_missing,来源身份已登记但没有获批历史决策记录登记；不读取候选正文，不构造样例记录,登记带来源证据的决策编号、决策时点、数据截止时间及三类时间合同；重新生成不可变批次
replay-20260805T012335+0800-3156feb21c31,DS-000088,BTC,ZI-1644f2c09acf5ac64c1c5a84,无法判定,source-identity-1.0,89ea59efad955604fa97cadf86f54c914d047714d2043b611e2823bd99e6fbd0,audit-20260805T005824+0800,完成,完整,154708028e45268f83ba93beb2ac848addbbb4f3f40a6d1b4b5354a4b79d3b4d,未知,未知,未知,未知,未知,未知,未判定（缺少确切研究尺度合同）,未登记,无法判定,无法判定,无法判定,无法判定,无法判定,未判定（未登记到达时间合同）,无法判定,无法判定,717d3a2fd3bae60ec6485365211ee579c49778a4ed9985a2688fb0b288e48214,dq-rules-1.0,e87a78a94478584293d9fb3922bbb91882f48c58a8684db89186175facf03cc2,019010d64fe47d89c81bfaedafd458f1d886025bb34292c0c32eafcfa4392657,bcfe9609dadc91e66849b5fab8fad77edc819b782e345768a5bbb9843ba9f80b,无法判定,未执行（第一门未通过）,未执行（无决策记录）,无法判定,decision_record_missing,来源身份已登记但没有获批历史决策记录登记；不读取候选正文，不构造样例记录,登记带来源证据的决策编号、决策时点、数据截止时间及三类时间合同；重新生成不可变批次
replay-20260805T012335+0800-3156feb21c31,DS-000088,ETH,ZI-e900cf4aa30a969caaffd8a6,无法判定,source-identity-1.0,3e4f46ec30c2feeaf2d4f22e15ab35c371e0a720d964ced8a72df1a8a992a331,audit-20260805T005824+0800,完成,完整,154708028e45268f83ba93beb2ac848addbbb4f3f40a6d1b4b5354a4b79d3b4d,未知,未知,未知,未知,未知,未知,未判定（缺少确切研究尺度合同）,未登记,无法判定,无法判定,无法判定,无法判定,无法判定,未判定（未登记到达时间合同）,无法判定,无法判定,717d3a2fd3bae60ec6485365211ee579c49778a4ed9985a2688fb0b288e48214,dq-rules-1.0,e87a78a94478584293d9fb3922bbb91882f48c58a8684db89186175facf03cc2,019010d64fe47d89c81bfaedafd458f1d886025bb34292c0c32eafcfa4392657,6a94dfeb552c7998e445a5716ae69cb82783d0aa503e87e35eb716e7e1c085f5,无法判定,未执行（第一门未通过）,未执行（无决策记录）,无法判定,decision_record_missing,来源身份已登记但没有获批历史决策记录登记；不读取候选正文，不构造样例记录,登记带来源证据的决策编号、决策时点、数据截止时间及三类时间合同；重新生成不可变批次
replay-20260805T012335+0800-3156feb21c31,DS-000089,BTC,ZI-a06218992d1a90d5362b2b06,无法判定,source-identity-1.0,86d6ae5d25b2df3f5400b27873eb7931f878a40ba6334f687c5bb30bd96c4702,audit-20260805T005824+0800,完成,完整,6f24c5abcb3c85e848f2095f0f1993ce2fdd8c58d695437a6963b9682bfe628d,未知,未知,未知,未知,未知,未知,未判定（缺少确切研究尺度合同）,未登记,无法判定,无法判定,无法判定,无法判定,无法判定,未判定（未登记到达时间合同）,无法判定,无法判定,717d3a2fd3bae60ec6485365211ee579c49778a4ed9985a2688fb0b288e48214,dq-rules-1.0,e87a78a94478584293d9fb3922bbb91882f48c58a8684db89186175facf03cc2,019010d64fe47d89c81bfaedafd458f1d886025bb34292c0c32eafcfa4392657,2d471486d873c9b45ef83bd255a49270b23306885d7c606df5b7191614481c07,无法判定,未执行（第一门未通过）,未执行（无决策记录）,无法判定,decision_record_missing,来源身份已登记但没有获批历史决策记录登记；不读取候选正文，不构造样例记录,登记带来源证据的决策编号、决策时点、数据截止时间及三类时间合同；重新生成不可变批次
replay-20260805T012335+0800-3156feb21c31,DS-000089,ETH,ZI-fdc48fd4c41a97f34f51f46e,无法判定,source-identity-1.0,c9264d78e6e8ad055d3c23a57f29514d3b33d333873887183eeb5af4fe54c391,audit-20260805T005824+0800,完成,完整,6f24c5abcb3c85e848f2095f0f1993ce2fdd8c58d695437a6963b9682bfe628d,未知,未知,未知,未知,未知,未知,未判定（缺少确切研究尺度合同）,未登记,无法判定,无法判定,无法判定,无法判定,无法判定,未判定（未登记到达时间合同）,无法判定,无法判定,717d3a2fd3bae60ec6485365211ee579c49778a4ed9985a2688fb0b288e48214,dq-rules-1.0,e87a78a94478584293d9fb3922bbb91882f48c58a8684db89186175facf03cc2,019010d64fe47d89c81bfaedafd458f1d886025bb34292c0c32eafcfa4392657,202aea3b0bc2c355e1c218bb6dcdde15d6651ee5d9d406de5df7a8027035f36f,无法判定,未执行（第一门未通过）,未执行（无决策记录）,无法判定,decision_record_missing,来源身份已登记但没有获批历史决策记录登记；不读取候选正文，不构造样例记录,登记带来源证据的决策编号、决策时点、数据截止时间及三类时间合同；重新生成不可变批次
replay-20260805T012335+0800-3156feb21c31,DS-000090,BTC,ZI-9db5ea58aed603182d0b7ac5,无法判定,source-identity-1.0,0df1de46487829a1b8ea7af3290572ac1210addb294cc1aadbfa317a96444299,audit-20260805T005824+0800,完成,完整,f9539572bc69b0fd43ee663f92e29fe25732f15eec3630af727261238358195c,未知,未知,未知,未知,未知,未知,未判定（缺少确切研究尺度合同）,未登记,无法判定,无法判定,无法判定,无法判定,无法判定,未判定（未登记到达时间合同）,无法判定,无法判定,717d3a2fd3bae60ec6485365211ee579c49778a4ed9985a2688fb0b288e48214,dq-rules-1.0,e87a78a94478584293d9fb3922bbb91882f48c58a8684db89186175facf03cc2,019010d64fe47d89c81bfaedafd458f1d886025bb34292c0c32eafcfa4392657,6894c7c759e152e0885e5143efdf4e5da8925bda184aea5b887da5c2413fdfbd,无法判定,未执行（第一门未通过）,未执行（无决策记录）,无法判定,decision_record_missing,来源身份已登记但没有获批历史决策记录登记；不读取候选正文，不构造样例记录,登记带来源证据的决策编号、决策时点、数据截止时间及三类时间合同；重新生成不可变批次
replay-20260805T012335+0800-3156feb21c31,DS-000090,ETH,ZI-cfde254fa2f17eff06fd22c0,无法判定,source-identity-1.0,af173eee1344f1db9d6d18796a8a5a06d0597d8f98474df18b5474ba3a50743f,audit-20260805T005824+0800,完成,完整,f9539572bc69b0fd43ee663f92e29fe25732f15eec3630af727261238358195c,未知,未知,未知,未知,未知,未知,未判定（缺少确切研究尺度合同）,未登记,无法判定,无法判定,无法判定,无法判定,无法判定,未判定（未登记到达时间合同）,无法判定,无法判定,717d3a2fd3bae60ec6485365211ee579c49778a4ed9985a2688fb0b288e48214,dq-rules-1.0,e87a78a94478584293d9fb3922bbb91882f48c58a8684db89186175facf03cc2,019010d64fe47d89c81bfaedafd458f1d886025bb34292c0c32eafcfa4392657,797fdc3dd0d43adaa93c6447fb2fe576f4a529e4e284ebdb2c753cf42079c196,无法判定,未执行（第一门未通过）,未执行（无决策记录）,无法判定,decision_record_missing,来源身份已登记但没有获批历史决策记录登记；不读取候选正文，不构造样例记录,登记带来源证据的决策编号、决策时点、数据截止时间及三类时间合同；重新生成不可变批次
replay-20260805T012335+0800-3156feb21c31,DS-000091,BTC,ZI-c1325d8ffbc6677ee8c86497,无法判定,source-identity-1.0,f555cfa86481d05b7c39ea62b2c4d2f42a21b1d70c84c176702c500ca755b69d,audit-20260805T005824+0800,完成,完整,28a3bb940a193ebb4c039656648b990dfc9d3f94c1628c12790d9f06cd23d8a3,未知,未知,未知,未知,未知,未知,未判定（缺少确切研究尺度合同）,未登记,无法判定,无法判定,无法判定,无法判定,无法判定,未判定（未登记到达时间合同）,无法判定,无法判定,717d3a2fd3bae60ec6485365211ee579c49778a4ed9985a2688fb0b288e48214,dq-rules-1.0,e87a78a94478584293d9fb3922bbb91882f48c58a8684db89186175facf03cc2,019010d64fe47d89c81bfaedafd458f1d886025bb34292c0c32eafcfa4392657,46464e5b7eef9309e32dcfe08fc42e85138a7e3d0a3c85a76be5f67a4ca69aba,无法判定,未执行（第一门未通过）,未执行（无决策记录）,无法判定,decision_record_missing,来源身份已登记但没有获批历史决策记录登记；不读取候选正文，不构造样例记录,登记带来源证据的决策编号、决策时点、数据截止时间及三类时间合同；重新生成不可变批次
replay-20260805T012335+0800-3156feb21c31,DS-000091,ETH,ZI-e753f977d37bf709ca92ee4e,无法判定,source-identity-1.0,fa88558d55113cd2514df3176ad3bd66e795ab6b64ef994581df87a3e2bc0711,audit-20260805T005824+0800,完成,完整,28a3bb940a193ebb4c039656648b990dfc9d3f94c1628c12790d9f06cd23d8a3,未知,未知,未知,未知,未知,未知,未判定（缺少确切研究尺度合同）,未登记,无法判定,无法判定,无法判定,无法判定,无法判定,未判定（未登记到达时间合同）,无法判定,无法判定,717d3a2fd3bae60ec6485365211ee579c49778a4ed9985a2688fb0b288e48214,dq-rules-1.0,e87a78a94478584293d9fb3922bbb91882f48c58a8684db89186175facf03cc2,019010d64fe47d89c81bfaedafd458f1d886025bb34292c0c32eafcfa4392657,296915cba97ced22f829e136db560ad2a55f820f7d60cfcf6cc78d3ad2fb77de,无法判定,未执行（第一门未通过）,未执行（无决策记录）,无法判定,decision_record_missing,来源身份已登记但没有获批历史决策记录登记；不读取候选正文，不构造样例记录,登记带来源证据的决策编号、决策时点、数据截止时间及三类时间合同；重新生成不可变批次
replay-20260805T012335+0800-3156feb21c31,DS-000092,BTC,ZI-809e979581c6c01829dbc939,无法判定,source-identity-1.0,847a2cff818747a344c8cfe4ab3e45e747b6f433dc3ea4819948daa895e6cbfd,audit-20260805T005824+0800,完成,完整,1ea3d54d31a05819ea9d25cec1f31c19f726cf3bc9e55f4bdcebde9c64b18cc0,未知,未知,未知,未知,未知,未知,未判定（缺少确切研究尺度合同）,未登记,无法判定,无法判定,无法判定,无法判定,无法判定,未判定（未登记到达时间合同）,无法判定,无法判定,717d3a2fd3bae60ec6485365211ee579c49778a4ed9985a2688fb0b288e48214,dq-rules-1.0,e87a78a94478584293d9fb3922bbb91882f48c58a8684db89186175facf03cc2,019010d64fe47d89c81bfaedafd458f1d886025bb34292c0c32eafcfa4392657,4f6c7ba96d196617f824ae2a37b27377fa2f33fc555f95e440c04834f218ad06,无法判定,未执行（第一门未通过）,未执行（无决策记录）,无法判定,decision_record_missing,来源身份已登记但没有获批历史决策记录登记；不读取候选正文，不构造样例记录,登记带来源证据的决策编号、决策时点、数据截止时间及三类时间合同；重新生成不可变批次
replay-20260805T012335+0800-3156feb21c31,DS-000092,ETH,ZI-711cc9b300fc5737cb6a1fe0,无法判定,source-identity-1.0,400af47d37b32563d4c7d668eda7133f5debc27ebd81dce2951aeb2de465a3af,audit-20260805T005824+0800,完成,完整,1ea3d54d31a05819ea9d25cec1f31c19f726cf3bc9e55f4bdcebde9c64b18cc0,未知,未知,未知,未知,未知,未知,未判定（缺少确切研究尺度合同）,未登记,无法判定,无法判定,无法判定,无法判定,无法判定,未判定（未登记到达时间合同）,无法判定,无法判定,717d3a2fd3bae60ec6485365211ee579c49778a4ed9985a2688fb0b288e48214,dq-rules-1.0,e87a78a94478584293d9fb3922bbb91882f48c58a8684db89186175facf03cc2,019010d64fe47d89c81bfaedafd458f1d886025bb34292c0c32eafcfa4392657,a3af5d98cf982cdb1aa0ff39a37493a4c0d2e9c0dc4d73702f1c0895855fbd12,无法判定,未执行（第一门未通过）,未执行（无决策记录）,无法判定,decision_record_missing,来源身份已登记但没有获批历史决策记录登记；不读取候选正文，不构造样例记录,登记带来源证据的决策编号、决策时点、数据截止时间及三类时间合同；重新生成不可变批次
replay-20260805T012335+0800-3156feb21c31,DS-000093,BTC,ZI-8a55ecf7d5c701f9bfe01347,无法判定,source-identity-1.0,4577b12ea8c79a30aa4a4c9b2c8b3bb7219376686a3d93b9c60353dfb583b9a7,audit-20260805T005824+0800,完成,完整,52362fa18e8eaa9f9d6caa7b9f37371b35ae20ba7086ece836a31c1b25b2ed14,未知,未知,未知,未知,未知,未知,未判定（缺少确切研究尺度合同）,未登记,无法判定,无法判定,无法判定,无法判定,无法判定,未判定（未登记到达时间合同）,无法判定,无法判定,717d3a2fd3bae60ec6485365211ee579c49778a4ed9985a2688fb0b288e48214,dq-rules-1.0,e87a78a94478584293d9fb3922bbb91882f48c58a8684db89186175facf03cc2,019010d64fe47d89c81bfaedafd458f1d886025bb34292c0c32eafcfa4392657,2d985fca028c0624921e18123a89cd1b5f4d91394b65227af76b8283ce09cf48,无法判定,未执行（第一门未通过）,未执行（无决策记录）,无法判定,decision_record_missing,来源身份已登记但没有获批历史决策记录登记；不读取候选正文，不构造样例记录,登记带来源证据的决策编号、决策时点、数据截止时间及三类时间合同；重新生成不可变批次
replay-20260805T012335+0800-3156feb21c31,DS-000093,ETH,ZI-3b1ff874ffa2b6e111f84a57,无法判定,source-identity-1.0,f39a1230ade0e2c650ea6cfd0a56d94b8aa3f5845a15d331f0ad1bc243f620d7,audit-20260805T005824+0800,完成,完整,52362fa18e8eaa9f9d6caa7b9f37371b35ae20ba7086ece836a31c1b25b2ed14,未知,未知,未知,未知,未知,未知,未判定（缺少确切研究尺度合同）,未登记,无法判定,无法判定,无法判定,无法判定,无法判定,未判定（未登记到达时间合同）,无法判定,无法判定,717d3a2fd3bae60ec6485365211ee579c49778a4ed9985a2688fb0b288e48214,dq-rules-1.0,e87a78a94478584293d9fb3922bbb91882f48c58a8684db89186175facf03cc2,019010d64fe47d89c81bfaedafd458f1d886025bb34292c0c32eafcfa4392657,d570908dedb3eaa1afb5593f12cd311ca1f263fe7e238c4786b7f491c8ef723e,无法判定,未执行（第一门未通过）,未执行（无决策记录）,无法判定,decision_record_missing,来源身份已登记但没有获批历史决策记录登记；不读取候选正文，不构造样例记录,登记带来源证据的决策编号、决策时点、数据截止时间及三类时间合同；重新生成不可变批次
replay-20260805T012335+0800-3156feb21c31,DS-000094,BTC,ZI-c4e34cac634b85bce06fba88,无法判定,source-identity-1.0,c9ff80ab1e406d9f77557a02bbf937153514f8472b36be7e9da2c2a52f37a82c,audit-20260805T005824+0800,完成,完整,a0deb718d15d22a41a2dd3e16107112e6e76365cf449dd050636f90b807bfe96,未知,未知,未知,未知,未知,未知,未判定（缺少确切研究尺度合同）,未登记,无法判定,无法判定,无法判定,无法判定,无法判定,未判定（未登记到达时间合同）,无法判定,无法判定,717d3a2fd3bae60ec6485365211ee579c49778a4ed9985a2688fb0b288e48214,dq-rules-1.0,e87a78a94478584293d9fb3922bbb91882f48c58a8684db89186175facf03cc2,019010d64fe47d89c81bfaedafd458f1d886025bb34292c0c32eafcfa4392657,34415a1aa90161f6e607629d5e87854fcf8cdee87943bec5b6cb1a55a222262b,无法判定,未执行（第一门未通过）,未执行（无决策记录）,无法判定,decision_record_missing,来源身份已登记但没有获批历史决策记录登记；不读取候选正文，不构造样例记录,登记带来源证据的决策编号、决策时点、数据截止时间及三类时间合同；重新生成不可变批次
replay-20260805T012335+0800-3156feb21c31,DS-000094,ETH,ZI-5dd1eab4bb5048a6948ebba2,无法判定,source-identity-1.0,58c51dac4d609da998ad4d6694866a1911fa44c259e68211935628570f180bba,audit-20260805T005824+0800,完成,完整,a0deb718d15d22a41a2dd3e16107112e6e76365cf449dd050636f90b807bfe96,未知,未知,未知,未知,未知,未知,未判定（缺少确切研究尺度合同）,未登记,无法判定,无法判定,无法判定,无法判定,无法判定,未判定（未登记到达时间合同）,无法判定,无法判定,717d3a2fd3bae60ec6485365211ee579c49778a4ed9985a2688fb0b288e48214,dq-rules-1.0,e87a78a94478584293d9fb3922bbb91882f48c58a8684db89186175facf03cc2,019010d64fe47d89c81bfaedafd458f1d886025bb34292c0c32eafcfa4392657,1dbe2e921eb8374308fd55999e2e4c5fea4aa0a673cce77c83bfec77e474778b,无法判定,未执行（第一门未通过）,未执行（无决策记录）,无法判定,decision_record_missing,来源身份已登记但没有获批历史决策记录登记；不读取候选正文，不构造样例记录,登记带来源证据的决策编号、决策时点、数据截止时间及三类时间合同；重新生成不可变批次
replay-20260805T012335+0800-3156feb21c31,DS-000095,BTC,ZI-d9e2d56ec838f36a9286bb3a,无法判定,source-identity-1.0,916aa6a72f573fd8903f7aa522d34bc2e5d42bbc9cbafed33b1f39e7d495f11b,audit-20260805T005824+0800,完成,完整,926111c34c700809dfbd255cbf8791b7179c4be30e6b41a5fccce30a429ed2a4,未知,未知,未知,未知,未知,未知,未判定（缺少确切研究尺度合同）,未登记,无法判定,无法判定,无法判定,无法判定,无法判定,未判定（未登记到达时间合同）,无法判定,无法判定,717d3a2fd3bae60ec6485365211ee579c49778a4ed9985a2688fb0b288e48214,dq-rules-1.0,e87a78a94478584293d9fb3922bbb91882f48c58a8684db89186175facf03cc2,019010d64fe47d89c81bfaedafd458f1d886025bb34292c0c32eafcfa4392657,91bec271d286e3e7bc46f7b0839a0995e72b05931ac6279e79545d6ab0bea567,无法判定,未执行（第一门未通过）,未执行（无决策记录）,无法判定,decision_record_missing,来源身份已登记但没有获批历史决策记录登记；不读取候选正文，不构造样例记录,登记带来源证据的决策编号、决策时点、数据截止时间及三类时间合同；重新生成不可变批次
replay-20260805T012335+0800-3156feb21c31,DS-000095,ETH,ZI-0f98b4ccb582f8d46f4bde26,无法判定,source-identity-1.0,15e812aacf219a8e658b1b5e5ae2e494b706400814f20cba18e6e2c3d5a4836e,audit-20260805T005824+0800,完成,完整,926111c34c700809dfbd255cbf8791b7179c4be30e6b41a5fccce30a429ed2a4,未知,未知,未知,未知,未知,未知,未判定（缺少确切研究尺度合同）,未登记,无法判定,无法判定,无法判定,无法判定,无法判定,未判定（未登记到达时间合同）,无法判定,无法判定,717d3a2fd3bae60ec6485365211ee579c49778a4ed9985a2688fb0b288e48214,dq-rules-1.0,e87a78a94478584293d9fb3922bbb91882f48c58a8684db89186175facf03cc2,019010d64fe47d89c81bfaedafd458f1d886025bb34292c0c32eafcfa4392657,2a757bdc8d4a4776685985addca9ec300f4b283ad6a5b5c40cbe0c503ba1413e,无法判定,未执行（第一门未通过）,未执行（无决策记录）,无法判定,decision_record_missing,来源身份已登记但没有获批历史决策记录登记；不读取候选正文，不构造样例记录,登记带来源证据的决策编号、决策时点、数据截止时间及三类时间合同；重新生成不可变批次
replay-20260805T012335+0800-3156feb21c31,DS-000096,BTC,ZI-3bfe74a5e3377c8f48575d33,无法判定,source-identity-1.0,f98848c610b7f6e81a4f42d73fc255c1ddbe488cf76c0e2ca04ea0077d0be439,audit-20260805T005824+0800,完成,完整,c2007d6e39f41a0029163476d58ee77bb304d416ddce50062a62253fcf1d0e3a,未知,未知,未知,未知,未知,未知,未判定（缺少确切研究尺度合同）,未登记,无法判定,无法判定,无法判定,无法判定,无法判定,未判定（未登记到达时间合同）,无法判定,无法判定,717d3a2fd3bae60ec6485365211ee579c49778a4ed9985a2688fb0b288e48214,dq-rules-1.0,e87a78a94478584293d9fb3922bbb91882f48c58a8684db89186175facf03cc2,019010d64fe47d89c81bfaedafd458f1d886025bb34292c0c32eafcfa4392657,397fcbe848ccf5f4b4d88fae8f1ff5ad2984e54ab00dda443adb76a0b2bf1b2d,无法判定,未执行（第一门未通过）,未执行（无决策记录）,无法判定,decision_record_missing,来源身份已登记但没有获批历史决策记录登记；不读取候选正文，不构造样例记录,登记带来源证据的决策编号、决策时点、数据截止时间及三类时间合同；重新生成不可变批次
replay-20260805T012335+0800-3156feb21c31,DS-000096,ETH,ZI-95e4aaf87cde52b43836becd,无法判定,source-identity-1.0,f060c57c39c4f997d51715b3df1ddc4e63a24d36b471029b105413b08828f6d0,audit-20260805T005824+0800,完成,完整,c2007d6e39f41a0029163476d58ee77bb304d416ddce50062a62253fcf1d0e3a,未知,未知,未知,未知,未知,未知,未判定（缺少确切研究尺度合同）,未登记,无法判定,无法判定,无法判定,无法判定,无法判定,未判定（未登记到达时间合同）,无法判定,无法判定,717d3a2fd3bae60ec6485365211ee579c49778a4ed9985a2688fb0b288e48214,dq-rules-1.0,e87a78a94478584293d9fb3922bbb91882f48c58a8684db89186175facf03cc2,019010d64fe47d89c81bfaedafd458f1d886025bb34292c0c32eafcfa4392657,67af07884c2f1ccbe1238afe3d635ee3312b3771a8d95d46bea9623e576d8b7d,无法判定,未执行（第一门未通过）,未执行（无决策记录）,无法判定,decision_record_missing,来源身份已登记但没有获批历史决策记录登记；不读取候选正文，不构造样例记录,登记带来源证据的决策编号、决策时点、数据截止时间及三类时间合同；重新生成不可变批次
replay-20260805T012335+0800-3156feb21c31,DS-000097,BTC,ZI-5242fd5a16f73078c0178d46,无法判定,source-identity-1.0,9c337034e4e6c6820b289bfaf1306c9bc23cc6460ca81441cfcf809118a1e3a5,audit-20260805T005824+0800,完成,完整,0d7701df2c4e9ae2d00551e1fec7dbfffc5617715ceff00e660a647fbb18e8b0,未知,未知,未知,未知,未知,未知,未判定（缺少确切研究尺度合同）,未登记,无法判定,无法判定,无法判定,无法判定,无法判定,未判定（未登记到达时间合同）,无法判定,无法判定,717d3a2fd3bae60ec6485365211ee579c49778a4ed9985a2688fb0b288e48214,dq-rules-1.0,e87a78a94478584293d9fb3922bbb91882f48c58a8684db89186175facf03cc2,019010d64fe47d89c81bfaedafd458f1d886025bb34292c0c32eafcfa4392657,8772312746cd9c7c981634149cc43056f2960aaf88e169768d2ec1f70f17fcba,无法判定,未执行（第一门未通过）,未执行（无决策记录）,无法判定,decision_record_missing,来源身份已登记但没有获批历史决策记录登记；不读取候选正文，不构造样例记录,登记带来源证据的决策编号、决策时点、数据截止时间及三类时间合同；重新生成不可变批次
replay-20260805T012335+0800-3156feb21c31,DS-000097,ETH,ZI-742fac6725a335ceef60c1cd,无法判定,source-identity-1.0,45d417579f1f85196567142d7f908075056b5a2024eab6a16ffc400767a294c2,audit-20260805T005824+0800,完成,完整,0d7701df2c4e9ae2d00551e1fec7dbfffc5617715ceff00e660a647fbb18e8b0,未知,未知,未知,未知,未知,未知,未判定（缺少确切研究尺度合同）,未登记,无法判定,无法判定,无法判定,无法判定,无法判定,未判定（未登记到达时间合同）,无法判定,无法判定,717d3a2fd3bae60ec6485365211ee579c49778a4ed9985a2688fb0b288e48214,dq-rules-1.0,e87a78a94478584293d9fb3922bbb91882f48c58a8684db89186175facf03cc2,019010d64fe47d89c81bfaedafd458f1d886025bb34292c0c32eafcfa4392657,e42509cf242b7690d0fa2d99439d8d164588769a0cc6e1735a7fe92439b85281,无法判定,未执行（第一门未通过）,未执行（无决策记录）,无法判定,decision_record_missing,来源身份已登记但没有获批历史决策记录登记；不读取候选正文，不构造样例记录,登记带来源证据的决策编号、决策时点、数据截止时间及三类时间合同；重新生成不可变批次
replay-20260805T012335+0800-3156feb21c31,DS-000098,BTC,ZI-5b71193a5de7dc8af188547b,无法判定,source-identity-1.0,39b8059f8985923fc9ebf0b364e39be0e6b8bb52c83ed202a899222c69bfe09e,audit-20260805T005824+0800,完成,完整,177e783e33769ac7e5871b15d805d37b7eea13596c134a31d6e4da1b4fbc861a,未知,未知,未知,未知,未知,未知,未判定（缺少确切研究尺度合同）,未登记,无法判定,无法判定,无法判定,无法判定,无法判定,未判定（未登记到达时间合同）,无法判定,无法判定,717d3a2fd3bae60ec6485365211ee579c49778a4ed9985a2688fb0b288e48214,dq-rules-1.0,e87a78a94478584293d9fb3922bbb91882f48c58a8684db89186175facf03cc2,019010d64fe47d89c81bfaedafd458f1d886025bb34292c0c32eafcfa4392657,fa364c4739ff6bc75155376157d2d274c5e0856d47f053c7be00fba94d462270,无法判定,未执行（第一门未通过）,未执行（无决策记录）,无法判定,decision_record_missing,来源身份已登记但没有获批历史决策记录登记；不读取候选正文，不构造样例记录,登记带来源证据的决策编号、决策时点、数据截止时间及三类时间合同；重新生成不可变批次
replay-20260805T012335+0800-3156feb21c31,DS-000098,ETH,ZI-ecec677fbed31df69a769cbd,无法判定,source-identity-1.0,30a1a117075277864bce6b7fc3da4ae1fb13f95040e86c770c77379324f79bcb,audit-20260805T005824+0800,完成,完整,177e783e33769ac7e5871b15d805d37b7eea13596c134a31d6e4da1b4fbc861a,未知,未知,未知,未知,未知,未知,未判定（缺少确切研究尺度合同）,未登记,无法判定,无法判定,无法判定,无法判定,无法判定,未判定（未登记到达时间合同）,无法判定,无法判定,717d3a2fd3bae60ec6485365211ee579c49778a4ed9985a2688fb0b288e48214,dq-rules-1.0,e87a78a94478584293d9fb3922bbb91882f48c58a8684db89186175facf03cc2,019010d64fe47d89c81bfaedafd458f1d886025bb34292c0c32eafcfa4392657,0a362a3fee1486419002b7e00fd2d863507859b4fde54da4157b045827cc57c3,无法判定,未执行（第一门未通过）,未执行（无决策记录）,无法判定,decision_record_missing,来源身份已登记但没有获批历史决策记录登记；不读取候选正文，不构造样例记录,登记带来源证据的决策编号、决策时点、数据截止时间及三类时间合同；重新生成不可变批次
replay-20260805T012335+0800-3156feb21c31,DS-000099,BTC,ZI-8f9ae27bb3a3a27be851a19e,无法判定,source-identity-1.0,1d8a77b40a185d5deab1b220c7e4f0155e62c8652aac7f7ac7d1a47a35cac860,audit-20260805T005824+0800,完成,完整,f054ac8944d3e6cf1fdd8fd1ff96a5f9a19966ecea733e37fd8667cf5f7ae87c,未知,未知,未知,未知,未知,未知,未判定（缺少确切研究尺度合同）,未登记,无法判定,无法判定,无法判定,无法判定,无法判定,未判定（未登记到达时间合同）,无法判定,无法判定,717d3a2fd3bae60ec6485365211ee579c49778a4ed9985a2688fb0b288e48214,dq-rules-1.0,e87a78a94478584293d9fb3922bbb91882f48c58a8684db89186175facf03cc2,019010d64fe47d89c81bfaedafd458f1d886025bb34292c0c32eafcfa4392657,a8088ff36cd79d037b37d38332b404f71d9a47333828dc27f280cd8e1a6d7a63,无法判定,未执行（第一门未通过）,未执行（无决策记录）,无法判定,decision_record_missing,来源身份已登记但没有获批历史决策记录登记；不读取候选正文，不构造样例记录,登记带来源证据的决策编号、决策时点、数据截止时间及三类时间合同；重新生成不可变批次
replay-20260805T012335+0800-3156feb21c31,DS-000099,ETH,ZI-3001a9d0489e5be46b832a12,无法判定,source-identity-1.0,744156d1920181c0f6bb29173680d5fc42421612cacc317ac3b4f1cf09752078,audit-20260805T005824+0800,完成,完整,f054ac8944d3e6cf1fdd8fd1ff96a5f9a19966ecea733e37fd8667cf5f7ae87c,未知,未知,未知,未知,未知,未知,未判定（缺少确切研究尺度合同）,未登记,无法判定,无法判定,无法判定,无法判定,无法判定,未判定（未登记到达时间合同）,无法判定,无法判定,717d3a2fd3bae60ec6485365211ee579c49778a4ed9985a2688fb0b288e48214,dq-rules-1.0,e87a78a94478584293d9fb3922bbb91882f48c58a8684db89186175facf03cc2,019010d64fe47d89c81bfaedafd458f1d886025bb34292c0c32eafcfa4392657,34873965353928c4cb24ee6a7aaa82c1ccb41bab8a148252ad9491b46dc9c41c,无法判定,未执行（第一门未通过）,未执行（无决策记录）,无法判定,decision_record_missing,来源身份已登记但没有获批历史决策记录登记；不读取候选正文，不构造样例记录,登记带来源证据的决策编号、决策时点、数据截止时间及三类时间合同；重新生成不可变批次
replay-20260805T012335+0800-3156feb21c31,DS-000100,BTC,ZI-7e5cb2ff02459507aea17fad,无法判定,source-identity-1.0,3252bd75f03bfeef33d5d0da67c2ce02378253062006d23ede7ae58819868d95,audit-20260805T005824+0800,完成,完整,c192f838b494bab5124e14d240bb40b26e5f8d47d09ed7293868709b0445edd7,未知,未知,未知,未知,未知,未知,未判定（缺少确切研究尺度合同）,未登记,无法判定,无法判定,无法判定,无法判定,无法判定,未判定（未登记到达时间合同）,无法判定,无法判定,717d3a2fd3bae60ec6485365211ee579c49778a4ed9985a2688fb0b288e48214,dq-rules-1.0,e87a78a94478584293d9fb3922bbb91882f48c58a8684db89186175facf03cc2,019010d64fe47d89c81bfaedafd458f1d886025bb34292c0c32eafcfa4392657,74514c2641cb1f0f08aaf748e109294fe83e88db59d4a0defb11f67c5d210ed3,无法判定,未执行（第一门未通过）,未执行（无决策记录）,无法判定,decision_record_missing,来源身份已登记但没有获批历史决策记录登记；不读取候选正文，不构造样例记录,登记带来源证据的决策编号、决策时点、数据截止时间及三类时间合同；重新生成不可变批次
replay-20260805T012335+0800-3156feb21c31,DS-000100,ETH,ZI-743a833f1fa4bc66ed849c8d,无法判定,source-identity-1.0,6dbbb2847b068eac7c49299c1e4f5e3282e016087177598c049003c5a29ad383,audit-20260805T005824+0800,完成,完整,c192f838b494bab5124e14d240bb40b26e5f8d47d09ed7293868709b0445edd7,未知,未知,未知,未知,未知,未知,未判定（缺少确切研究尺度合同）,未登记,无法判定,无法判定,无法判定,无法判定,无法判定,未判定（未登记到达时间合同）,无法判定,无法判定,717d3a2fd3bae60ec6485365211ee579c49778a4ed9985a2688fb0b288e48214,dq-rules-1.0,e87a78a94478584293d9fb3922bbb91882f48c58a8684db89186175facf03cc2,019010d64fe47d89c81bfaedafd458f1d886025bb34292c0c32eafcfa4392657,2128549c128eb437dbfccc831f3e7b91f6be7778dbd34f573a310c98e95c6b1c,无法判定,未执行（第一门未通过）,未执行（无决策记录）,无法判定,decision_record_missing,来源身份已登记但没有获批历史决策记录登记；不读取候选正文，不构造样例记录,登记带来源证据的决策编号、决策时点、数据截止时间及三类时间合同；重新生成不可变批次
replay-20260805T012335+0800-3156feb21c31,DS-000101,BTC,ZI-ca9e45ea48cbd23828cbf7c1,无法判定,source-identity-1.0,53d66d29f6a984cc98c43f457af6ce147a56c331461f0a4a4bd8588ee8309737,audit-20260805T005824+0800,完成,完整,e6ed1e6552be15779460f4bb25a3466114d3d5f79e9ed53efe4eb95efc687856,未知,未知,未知,未知,未知,未知,未判定（缺少确切研究尺度合同）,未登记,无法判定,无法判定,无法判定,无法判定,无法判定,未判定（未登记到达时间合同）,无法判定,无法判定,717d3a2fd3bae60ec6485365211ee579c49778a4ed9985a2688fb0b288e48214,dq-rules-1.0,e87a78a94478584293d9fb3922bbb91882f48c58a8684db89186175facf03cc2,019010d64fe47d89c81bfaedafd458f1d886025bb34292c0c32eafcfa4392657,3e2011ade2c172014a3418e88b97db907f57915848d9dbd6b63afe1519ee3b93,无法判定,未执行（第一门未通过）,未执行（无决策记录）,无法判定,decision_record_missing,来源身份已登记但没有获批历史决策记录登记；不读取候选正文，不构造样例记录,登记带来源证据的决策编号、决策时点、数据截止时间及三类时间合同；重新生成不可变批次
replay-20260805T012335+0800-3156feb21c31,DS-000101,ETH,ZI-dd87780399e2768f46489851,无法判定,source-identity-1.0,d2cf2de9891dd12401004abbe6839c28434c80f42f5ec798fe768384899a0550,audit-20260805T005824+0800,完成,完整,e6ed1e6552be15779460f4bb25a3466114d3d5f79e9ed53efe4eb95efc687856,未知,未知,未知,未知,未知,未知,未判定（缺少确切研究尺度合同）,未登记,无法判定,无法判定,无法判定,无法判定,无法判定,未判定（未登记到达时间合同）,无法判定,无法判定,717d3a2fd3bae60ec6485365211ee579c49778a4ed9985a2688fb0b288e48214,dq-rules-1.0,e87a78a94478584293d9fb3922bbb91882f48c58a8684db89186175facf03cc2,019010d64fe47d89c81bfaedafd458f1d886025bb34292c0c32eafcfa4392657,a64fb118e38be1457665b501ca317395a6496dce291ccde50414a12a173e8ff0,无法判定,未执行（第一门未通过）,未执行（无决策记录）,无法判定,decision_record_missing,来源身份已登记但没有获批历史决策记录登记；不读取候选正文，不构造样例记录,登记带来源证据的决策编号、决策时点、数据截止时间及三类时间合同；重新生成不可变批次
replay-20260805T012335+0800-3156feb21c31,DS-000102,BTC,ZI-83194da27e2588c646f0c067,无法判定,source-identity-1.0,91677a501a75e0dd2171afe6651ccfca46a075cb3c86e0c2bf4d170a5c512a2e,audit-20260805T005824+0800,完成,完整,c31c2946531c715f26ff4b30d2db07f2f4eff9dc1ebba01e1bde6466bea5808c,未知,未知,未知,未知,未知,未知,未判定（缺少确切研究尺度合同）,未登记,无法判定,无法判定,无法判定,无法判定,无法判定,未判定（未登记到达时间合同）,无法判定,无法判定,717d3a2fd3bae60ec6485365211ee579c49778a4ed9985a2688fb0b288e48214,dq-rules-1.0,e87a78a94478584293d9fb3922bbb91882f48c58a8684db89186175facf03cc2,019010d64fe47d89c81bfaedafd458f1d886025bb34292c0c32eafcfa4392657,c13cf08ecc7209e42055e59a1b3215a532f956fe2442ac5db4d97905f4ec62fb,无法判定,未执行（第一门未通过）,未执行（无决策记录）,无法判定,decision_record_missing,来源身份已登记但没有获批历史决策记录登记；不读取候选正文，不构造样例记录,登记带来源证据的决策编号、决策时点、数据截止时间及三类时间合同；重新生成不可变批次
replay-20260805T012335+0800-3156feb21c31,DS-000102,ETH,ZI-7deee960deaf332a7fb18c84,无法判定,source-identity-1.0,3bf78846b5e98426289cc43bad1845303ce6ca1bbb0654d9a64d8e1466756538,audit-20260805T005824+0800,完成,完整,c31c2946531c715f26ff4b30d2db07f2f4eff9dc1ebba01e1bde6466bea5808c,未知,未知,未知,未知,未知,未知,未判定（缺少确切研究尺度合同）,未登记,无法判定,无法判定,无法判定,无法判定,无法判定,未判定（未登记到达时间合同）,无法判定,无法判定,717d3a2fd3bae60ec6485365211ee579c49778a4ed9985a2688fb0b288e48214,dq-rules-1.0,e87a78a94478584293d9fb3922bbb91882f48c58a8684db89186175facf03cc2,019010d64fe47d89c81bfaedafd458f1d886025bb34292c0c32eafcfa4392657,d935012fed2b6b0304887d33c3e891b7baad3f9e3f9789eab7fb59e8153b6796,无法判定,未执行（第一门未通过）,未执行（无决策记录）,无法判定,decision_record_missing,来源身份已登记但没有获批历史决策记录登记；不读取候选正文，不构造样例记录,登记带来源证据的决策编号、决策时点、数据截止时间及三类时间合同；重新生成不可变批次
replay-20260805T012335+0800-3156feb21c31,DS-000103,BTC,ZI-79e649e4f49291fd4b439afc,无法判定,source-identity-1.0,d7092c13a59b06238f25492e449a5869588765a98ad6cd8a32992f1b8e9840e6,audit-20260805T005824+0800,完成,完整,4e66c8a93f27452253e9eb3aa3938c5bba6d1cc37e5726e3406593e373e159ef,未知,未知,未知,未知,未知,未知,未判定（缺少确切研究尺度合同）,未登记,无法判定,无法判定,无法判定,无法判定,无法判定,未判定（未登记到达时间合同）,无法判定,无法判定,717d3a2fd3bae60ec6485365211ee579c49778a4ed9985a2688fb0b288e48214,dq-rules-1.0,e87a78a94478584293d9fb3922bbb91882f48c58a8684db89186175facf03cc2,019010d64fe47d89c81bfaedafd458f1d886025bb34292c0c32eafcfa4392657,713c2fedd89895ed75b15900d77501f232040b2e821bf1cc8c4f78e1c5d1d6e6,无法判定,未执行（第一门未通过）,未执行（无决策记录）,无法判定,decision_record_missing,来源身份已登记但没有获批历史决策记录登记；不读取候选正文，不构造样例记录,登记带来源证据的决策编号、决策时点、数据截止时间及三类时间合同；重新生成不可变批次
replay-20260805T012335+0800-3156feb21c31,DS-000103,ETH,ZI-a493b07d62fd443bdd97d178,无法判定,source-identity-1.0,f4821ec1cf40605de9815e2659508808b41752f21a69d35677b91a2a223e10ca,audit-20260805T005824+0800,完成,完整,4e66c8a93f27452253e9eb3aa3938c5bba6d1cc37e5726e3406593e373e159ef,未知,未知,未知,未知,未知,未知,未判定（缺少确切研究尺度合同）,未登记,无法判定,无法判定,无法判定,无法判定,无法判定,未判定（未登记到达时间合同）,无法判定,无法判定,717d3a2fd3bae60ec6485365211ee579c49778a4ed9985a2688fb0b288e48214,dq-rules-1.0,e87a78a94478584293d9fb3922bbb91882f48c58a8684db89186175facf03cc2,019010d64fe47d89c81bfaedafd458f1d886025bb34292c0c32eafcfa4392657,0ded5c6d3b48952e1bc6aace905e17bf7902672cc656289c8478cb340c9e2dfd,无法判定,未执行（第一门未通过）,未执行（无决策记录）,无法判定,decision_record_missing,来源身份已登记但没有获批历史决策记录登记；不读取候选正文，不构造样例记录,登记带来源证据的决策编号、决策时点、数据截止时间及三类时间合同；重新生成不可变批次
replay-20260805T012335+0800-3156feb21c31,DS-000104,BTC,ZI-d4cca3ff9c910b0cb170853b,无法判定,source-identity-1.0,ff13d823df74092f9b5f749f7ca61267fe046937571527abc4e1e99dc4d0eea4,audit-20260805T005824+0800,完成,完整,9409a99b56efdeda6cc778a358e0bf504b53a51ba982fc7c2bb89836b4b5a42e,未知,未知,未知,未知,未知,未知,未判定（缺少确切研究尺度合同）,未登记,无法判定,无法判定,无法判定,无法判定,无法判定,未判定（未登记到达时间合同）,无法判定,无法判定,717d3a2fd3bae60ec6485365211ee579c49778a4ed9985a2688fb0b288e48214,dq-rules-1.0,e87a78a94478584293d9fb3922bbb91882f48c58a8684db89186175facf03cc2,019010d64fe47d89c81bfaedafd458f1d886025bb34292c0c32eafcfa4392657,2a8b1407e841f7ffb6f6bfc5d31788256df96f8487cbe655493f2931dda7a17b,无法判定,未执行（第一门未通过）,未执行（无决策记录）,无法判定,decision_record_missing,来源身份已登记但没有获批历史决策记录登记；不读取候选正文，不构造样例记录,登记带来源证据的决策编号、决策时点、数据截止时间及三类时间合同；重新生成不可变批次
replay-20260805T012335+0800-3156feb21c31,DS-000104,ETH,ZI-e84f5005324efc7b720a762c,无法判定,source-identity-1.0,0fa6113ff79c608abce9e11deb1a93b59ec4856017de8048a0fe20fff93287ee,audit-20260805T005824+0800,完成,完整,9409a99b56efdeda6cc778a358e0bf504b53a51ba982fc7c2bb89836b4b5a42e,未知,未知,未知,未知,未知,未知,未判定（缺少确切研究尺度合同）,未登记,无法判定,无法判定,无法判定,无法判定,无法判定,未判定（未登记到达时间合同）,无法判定,无法判定,717d3a2fd3bae60ec6485365211ee579c49778a4ed9985a2688fb0b288e48214,dq-rules-1.0,e87a78a94478584293d9fb3922bbb91882f48c58a8684db89186175facf03cc2,019010d64fe47d89c81bfaedafd458f1d886025bb34292c0c32eafcfa4392657,e1c0da12d19e164fa2e8a898299dd8db13a474ce281ac9a36cb3557650df1790,无法判定,未执行（第一门未通过）,未执行（无决策记录）,无法判定,decision_record_missing,来源身份已登记但没有获批历史决策记录登记；不读取候选正文，不构造样例记录,登记带来源证据的决策编号、决策时点、数据截止时间及三类时间合同；重新生成不可变批次
replay-20260805T012335+0800-3156feb21c31,DS-000105,BTC,ZI-d4c476126bfea2ff99705d12,无法判定,source-identity-1.0,245fd357c57c822fb736530ee0d09e2c7dcb823b8a91e9d6944a0cec8b393868,audit-20260805T005824+0800,完成,完整,592b7720e08c02dc97dd87485e2ddcf40c393047696dcd3d75441041c9398f54,未知,未知,未知,未知,未知,未知,未判定（缺少确切研究尺度合同）,未登记,无法判定,无法判定,无法判定,无法判定,无法判定,未判定（未登记到达时间合同）,无法判定,无法判定,717d3a2fd3bae60ec6485365211ee579c49778a4ed9985a2688fb0b288e48214,dq-rules-1.0,e87a78a94478584293d9fb3922bbb91882f48c58a8684db89186175facf03cc2,019010d64fe47d89c81bfaedafd458f1d886025bb34292c0c32eafcfa4392657,9d93465e5562bb1914ffdf144a12e8fa5476254b242b3498be887939c5c75769,无法判定,未执行（第一门未通过）,未执行（无决策记录）,无法判定,decision_record_missing,来源身份已登记但没有获批历史决策记录登记；不读取候选正文，不构造样例记录,登记带来源证据的决策编号、决策时点、数据截止时间及三类时间合同；重新生成不可变批次
replay-20260805T012335+0800-3156feb21c31,DS-000105,ETH,ZI-19e19ce30e7439b2c988cfa6,无法判定,source-identity-1.0,de5ed152fc601ce27c035050e56ccb6264bcdb22ee52e179b08e0c81d0e2111b,audit-20260805T005824+0800,完成,完整,592b7720e08c02dc97dd87485e2ddcf40c393047696dcd3d75441041c9398f54,未知,未知,未知,未知,未知,未知,未判定（缺少确切研究尺度合同）,未登记,无法判定,无法判定,无法判定,无法判定,无法判定,未判定（未登记到达时间合同）,无法判定,无法判定,717d3a2fd3bae60ec6485365211ee579c49778a4ed9985a2688fb0b288e48214,dq-rules-1.0,e87a78a94478584293d9fb3922bbb91882f48c58a8684db89186175facf03cc2,019010d64fe47d89c81bfaedafd458f1d886025bb34292c0c32eafcfa4392657,3f2b85e23a5b202a3dbe0b405d9e7a93e497d32a3506892b3e1a5dc884c19ca4,无法判定,未执行（第一门未通过）,未执行（无决策记录）,无法判定,decision_record_missing,来源身份已登记但没有获批历史决策记录登记；不读取候选正文，不构造样例记录,登记带来源证据的决策编号、决策时点、数据截止时间及三类时间合同；重新生成不可变批次
replay-20260805T012335+0800-3156feb21c31,DS-000106,BTC,ZI-9caa14db165dab9ae3f80a1b,无法判定,source-identity-1.0,8cf80354e7448deff148cac89d7c9c3f9d461b26b1ae5e1dfe18b979422a9f02,audit-20260805T005824+0800,完成,完整,933e22fd9616ea4d20fcb9fe05d82a287425d9280be2e8c743948c64858b4c92,未知,未知,未知,未知,未知,未知,未判定（缺少确切研究尺度合同）,未登记,无法判定,无法判定,无法判定,无法判定,无法判定,未判定（未登记到达时间合同）,无法判定,无法判定,717d3a2fd3bae60ec6485365211ee579c49778a4ed9985a2688fb0b288e48214,dq-rules-1.0,e87a78a94478584293d9fb3922bbb91882f48c58a8684db89186175facf03cc2,019010d64fe47d89c81bfaedafd458f1d886025bb34292c0c32eafcfa4392657,dd5df3889a428cbd6bad6c1a9d57b254c5750c37260c3e97f188a1bca961adfb,无法判定,未执行（第一门未通过）,未执行（无决策记录）,无法判定,decision_record_missing,来源身份已登记但没有获批历史决策记录登记；不读取候选正文，不构造样例记录,登记带来源证据的决策编号、决策时点、数据截止时间及三类时间合同；重新生成不可变批次
replay-20260805T012335+0800-3156feb21c31,DS-000106,ETH,ZI-291baf907867fa7c649cb7b1,无法判定,source-identity-1.0,36adf3e881c9ea971e5d16f4fafdbfb187c264fad7d495f715bb8a706645db18,audit-20260805T005824+0800,完成,完整,933e22fd9616ea4d20fcb9fe05d82a287425d9280be2e8c743948c64858b4c92,未知,未知,未知,未知,未知,未知,未判定（缺少确切研究尺度合同）,未登记,无法判定,无法判定,无法判定,无法判定,无法判定,未判定（未登记到达时间合同）,无法判定,无法判定,717d3a2fd3bae60ec6485365211ee579c49778a4ed9985a2688fb0b288e48214,dq-rules-1.0,e87a78a94478584293d9fb3922bbb91882f48c58a8684db89186175facf03cc2,019010d64fe47d89c81bfaedafd458f1d886025bb34292c0c32eafcfa4392657,c835084cd3abeb4348f317393b2cb3d77d5cc7a883c02945a91e439de1435f23,无法判定,未执行（第一门未通过）,未执行（无决策记录）,无法判定,decision_record_missing,来源身份已登记但没有获批历史决策记录登记；不读取候选正文，不构造样例记录,登记带来源证据的决策编号、决策时点、数据截止时间及三类时间合同；重新生成不可变批次
replay-20260805T012335+0800-3156feb21c31,DS-000107,BTC,ZI-9d8ef07dfb35083bea918b61,无法判定,source-identity-1.0,f7abde63e5d5ba8bfd0bc6fe57772559241d3fe84d2940112323d96256f17d27,audit-20260805T005824+0800,完成,完整,aec1f5ea97c5827edb89d40f8ae04f9ba1209b07f33d0c234b7554f10797a3e9,未知,未知,未知,未知,未知,未知,未判定（缺少确切研究尺度合同）,未登记,无法判定,无法判定,无法判定,无法判定,无法判定,未判定（未登记到达时间合同）,无法判定,无法判定,717d3a2fd3bae60ec6485365211ee579c49778a4ed9985a2688fb0b288e48214,dq-rules-1.0,e87a78a94478584293d9fb3922bbb91882f48c58a8684db89186175facf03cc2,019010d64fe47d89c81bfaedafd458f1d886025bb34292c0c32eafcfa4392657,d35f6c35aa2fbc756fa32f72c45c9ebab3ced05459cd488c5fce4c1f003fb211,无法判定,未执行（第一门未通过）,未执行（无决策记录）,无法判定,decision_record_missing,来源身份已登记但没有获批历史决策记录登记；不读取候选正文，不构造样例记录,登记带来源证据的决策编号、决策时点、数据截止时间及三类时间合同；重新生成不可变批次
replay-20260805T012335+0800-3156feb21c31,DS-000107,ETH,ZI-6f787d1796ce9df86089ddcc,无法判定,source-identity-1.0,8f29de264aa958470ebe43933f3f11ae861457d8da159014a8aaa82e98c0d643,audit-20260805T005824+0800,完成,完整,aec1f5ea97c5827edb89d40f8ae04f9ba1209b07f33d0c234b7554f10797a3e9,未知,未知,未知,未知,未知,未知,未判定（缺少确切研究尺度合同）,未登记,无法判定,无法判定,无法判定,无法判定,无法判定,未判定（未登记到达时间合同）,无法判定,无法判定,717d3a2fd3bae60ec6485365211ee579c49778a4ed9985a2688fb0b288e48214,dq-rules-1.0,e87a78a94478584293d9fb3922bbb91882f48c58a8684db89186175facf03cc2,019010d64fe47d89c81bfaedafd458f1d886025bb34292c0c32eafcfa4392657,7cff020bf0e49935e341480140222b6a64b7d9cfa614dee908ca76ffcc3e1e0f,无法判定,未执行（第一门未通过）,未执行（无决策记录）,无法判定,decision_record_missing,来源身份已登记但没有获批历史决策记录登记；不读取候选正文，不构造样例记录,登记带来源证据的决策编号、决策时点、数据截止时间及三类时间合同；重新生成不可变批次
replay-20260805T012335+0800-3156feb21c31,DS-000108,BTC,ZI-60e1d87f679840a6bcbfd6c7,无法判定,source-identity-1.0,daef247398a8342e9550f14153216624b3dbb790a3f8c24ba072ea725559c8fb,audit-20260805T005824+0800,完成,完整,9a423fba853a64847fea334498a2dc8dc2fa1332588f69995ffc7fe0562d57d8,未知,未知,未知,未知,未知,未知,未判定（缺少确切研究尺度合同）,未登记,无法判定,无法判定,无法判定,无法判定,无法判定,未判定（未登记到达时间合同）,无法判定,无法判定,717d3a2fd3bae60ec6485365211ee579c49778a4ed9985a2688fb0b288e48214,dq-rules-1.0,e87a78a94478584293d9fb3922bbb91882f48c58a8684db89186175facf03cc2,019010d64fe47d89c81bfaedafd458f1d886025bb34292c0c32eafcfa4392657,1bd22055de35c25541faa50ce6295b8fa20bb0a54fa56f5af9fb396e3f2d7b4f,无法判定,未执行（第一门未通过）,未执行（无决策记录）,无法判定,decision_record_missing,来源身份已登记但没有获批历史决策记录登记；不读取候选正文，不构造样例记录,登记带来源证据的决策编号、决策时点、数据截止时间及三类时间合同；重新生成不可变批次
replay-20260805T012335+0800-3156feb21c31,DS-000108,ETH,ZI-b00286467d2ee7ccd3b8f3ba,无法判定,source-identity-1.0,2e45993abbfd4954033194e5300781914669b9f2a488106ae727e76d173045ee,audit-20260805T005824+0800,完成,完整,9a423fba853a64847fea334498a2dc8dc2fa1332588f69995ffc7fe0562d57d8,未知,未知,未知,未知,未知,未知,未判定（缺少确切研究尺度合同）,未登记,无法判定,无法判定,无法判定,无法判定,无法判定,未判定（未登记到达时间合同）,无法判定,无法判定,717d3a2fd3bae60ec6485365211ee579c49778a4ed9985a2688fb0b288e48214,dq-rules-1.0,e87a78a94478584293d9fb3922bbb91882f48c58a8684db89186175facf03cc2,019010d64fe47d89c81bfaedafd458f1d886025bb34292c0c32eafcfa4392657,a8efc8aa9f439e5dc05a16670bb3af779cf53213a6da791448e29023e3ae23dd,无法判定,未执行（第一门未通过）,未执行（无决策记录）,无法判定,decision_record_missing,来源身份已登记但没有获批历史决策记录登记；不读取候选正文，不构造样例记录,登记带来源证据的决策编号、决策时点、数据截止时间及三类时间合同；重新生成不可变批次
replay-20260805T012335+0800-3156feb21c31,DS-000109,BTC,ZI-23a62a21a44ede3557e3b62c,无法判定,source-identity-1.0,05646b5af8332cd3ad1a24e061f54f42a8948d80a20bda4cd0eac2685636f822,audit-20260805T005824+0800,完成,完整,d388c406f12027a44b6a4b0905633d3abf0063b3f00f6c5f8026c9032e31c093,未知,未知,未知,未知,未知,未知,未判定（缺少确切研究尺度合同）,未登记,无法判定,无法判定,无法判定,无法判定,无法判定,未判定（未登记到达时间合同）,无法判定,无法判定,717d3a2fd3bae60ec6485365211ee579c49778a4ed9985a2688fb0b288e48214,dq-rules-1.0,e87a78a94478584293d9fb3922bbb91882f48c58a8684db89186175facf03cc2,019010d64fe47d89c81bfaedafd458f1d886025bb34292c0c32eafcfa4392657,fbef9c95cb8ac58a2c4aa1b3036137b30809a05f3b7d11f6c3bbd937d6b53276,无法判定,未执行（第一门未通过）,未执行（无决策记录）,无法判定,decision_record_missing,来源身份已登记但没有获批历史决策记录登记；不读取候选正文，不构造样例记录,登记带来源证据的决策编号、决策时点、数据截止时间及三类时间合同；重新生成不可变批次
replay-20260805T012335+0800-3156feb21c31,DS-000109,ETH,ZI-3fd7398488e745c2955a3082,无法判定,source-identity-1.0,520d8529b16a6f59871c906f6fbe0890cf0e47624f197f4af8712d21531b0db8,audit-20260805T005824+0800,完成,完整,d388c406f12027a44b6a4b0905633d3abf0063b3f00f6c5f8026c9032e31c093,未知,未知,未知,未知,未知,未知,未判定（缺少确切研究尺度合同）,未登记,无法判定,无法判定,无法判定,无法判定,无法判定,未判定（未登记到达时间合同）,无法判定,无法判定,717d3a2fd3bae60ec6485365211ee579c49778a4ed9985a2688fb0b288e48214,dq-rules-1.0,e87a78a94478584293d9fb3922bbb91882f48c58a8684db89186175facf03cc2,019010d64fe47d89c81bfaedafd458f1d886025bb34292c0c32eafcfa4392657,c592c126e6f302de3eb7888a78372d67500529ab748eec96f3ac6407699e96a0,无法判定,未执行（第一门未通过）,未执行（无决策记录）,无法判定,decision_record_missing,来源身份已登记但没有获批历史决策记录登记；不读取候选正文，不构造样例记录,登记带来源证据的决策编号、决策时点、数据截止时间及三类时间合同；重新生成不可变批次
replay-20260805T012335+0800-3156feb21c31,DS-000110,BTC,ZI-4a5363d41dd3d54d7864611d,无法判定,source-identity-1.0,91be96ff3446f346523832cf641572d8501961044688223411b1fded44121cf7,audit-20260805T005824+0800,完成,完整,b9acf0a522716f5ed0e6ecd48ad51b2d9a3626edac922103ac5c2746f84cc2be,未知,未知,未知,未知,未知,未知,未判定（缺少确切研究尺度合同）,未登记,无法判定,无法判定,无法判定,无法判定,无法判定,未判定（未登记到达时间合同）,无法判定,无法判定,717d3a2fd3bae60ec6485365211ee579c49778a4ed9985a2688fb0b288e48214,dq-rules-1.0,e87a78a94478584293d9fb3922bbb91882f48c58a8684db89186175facf03cc2,019010d64fe47d89c81bfaedafd458f1d886025bb34292c0c32eafcfa4392657,54705d9600b4d3df2f680af0f9e7118cffc4fa4a2d0415ce94a8ccdce911a599,无法判定,未执行（第一门未通过）,未执行（无决策记录）,无法判定,decision_record_missing,来源身份已登记但没有获批历史决策记录登记；不读取候选正文，不构造样例记录,登记带来源证据的决策编号、决策时点、数据截止时间及三类时间合同；重新生成不可变批次
replay-20260805T012335+0800-3156feb21c31,DS-000110,ETH,ZI-522f5f18a2c43298e44a26a4,无法判定,source-identity-1.0,4f86a61588a0c0d17fa97ea0ea3d41fadfb6c3b20c6c0d71def985e94835773d,audit-20260805T005824+0800,完成,完整,b9acf0a522716f5ed0e6ecd48ad51b2d9a3626edac922103ac5c2746f84cc2be,未知,未知,未知,未知,未知,未知,未判定（缺少确切研究尺度合同）,未登记,无法判定,无法判定,无法判定,无法判定,无法判定,未判定（未登记到达时间合同）,无法判定,无法判定,717d3a2fd3bae60ec6485365211ee579c49778a4ed9985a2688fb0b288e48214,dq-rules-1.0,e87a78a94478584293d9fb3922bbb91882f48c58a8684db89186175facf03cc2,019010d64fe47d89c81bfaedafd458f1d886025bb34292c0c32eafcfa4392657,90bcb5635eeb55acb042d15741f8f14d670dd18a07b9571ca4158dddc604ce7d,无法判定,未执行（第一门未通过）,未执行（无决策记录）,无法判定,decision_record_missing,来源身份已登记但没有获批历史决策记录登记；不读取候选正文，不构造样例记录,登记带来源证据的决策编号、决策时点、数据截止时间及三类时间合同；重新生成不可变批次
replay-20260805T012335+0800-3156feb21c31,DS-000111,BTC,ZI-a56a5bf3335401e617db60ab,无法判定,source-identity-1.0,1d7edae373582bc9070daf1f3ed8894e142f8c685d62015b89329b3404e60ab8,audit-20260805T005824+0800,完成,完整,73e243ab87a3c261d56f4d2c2ba5428550c5b73f898a46526637671db3d52985,未知,未知,未知,未知,未知,未知,未判定（缺少确切研究尺度合同）,未登记,无法判定,无法判定,无法判定,无法判定,无法判定,未判定（未登记到达时间合同）,无法判定,无法判定,717d3a2fd3bae60ec6485365211ee579c49778a4ed9985a2688fb0b288e48214,dq-rules-1.0,e87a78a94478584293d9fb3922bbb91882f48c58a8684db89186175facf03cc2,019010d64fe47d89c81bfaedafd458f1d886025bb34292c0c32eafcfa4392657,5204af8175f18b96381f8dff37a74c7dd1f2a68f14049699c4070b06d52258af,无法判定,未执行（第一门未通过）,未执行（无决策记录）,无法判定,decision_record_missing,来源身份已登记但没有获批历史决策记录登记；不读取候选正文，不构造样例记录,登记带来源证据的决策编号、决策时点、数据截止时间及三类时间合同；重新生成不可变批次
replay-20260805T012335+0800-3156feb21c31,DS-000111,ETH,ZI-948caf7a69652dd732dcf038,无法判定,source-identity-1.0,b7a82d4d7a07d0dd529de71971c848875474498cb1d88b8d309d267a88370ce5,audit-20260805T005824+0800,完成,完整,73e243ab87a3c261d56f4d2c2ba5428550c5b73f898a46526637671db3d52985,未知,未知,未知,未知,未知,未知,未判定（缺少确切研究尺度合同）,未登记,无法判定,无法判定,无法判定,无法判定,无法判定,未判定（未登记到达时间合同）,无法判定,无法判定,717d3a2fd3bae60ec6485365211ee579c49778a4ed9985a2688fb0b288e48214,dq-rules-1.0,e87a78a94478584293d9fb3922bbb91882f48c58a8684db89186175facf03cc2,019010d64fe47d89c81bfaedafd458f1d886025bb34292c0c32eafcfa4392657,c2e93217f7df6333798333ca1b130fdebceb8ecb82208ac013c2941df00b4f3f,无法判定,未执行（第一门未通过）,未执行（无决策记录）,无法判定,decision_record_missing,来源身份已登记但没有获批历史决策记录登记；不读取候选正文，不构造样例记录,登记带来源证据的决策编号、决策时点、数据截止时间及三类时间合同；重新生成不可变批次
replay-20260805T012335+0800-3156feb21c31,DS-000112,BTC,ZI-285a4482ac5802699bf8a1ea,无法判定,source-identity-1.0,c5fc96cbec34c35a8fceecce25d04c7f01eefa48b970f8a1380fcf3daab839fa,audit-20260805T005824+0800,完成,完整,2182f95108dad5bbfe66558fe2c60073ec3afc3ab4e9aaf6bc37757ae15370b6,未知,未知,未知,未知,未知,未知,未判定（缺少确切研究尺度合同）,未登记,无法判定,无法判定,无法判定,无法判定,无法判定,未判定（未登记到达时间合同）,无法判定,无法判定,717d3a2fd3bae60ec6485365211ee579c49778a4ed9985a2688fb0b288e48214,dq-rules-1.0,e87a78a94478584293d9fb3922bbb91882f48c58a8684db89186175facf03cc2,019010d64fe47d89c81bfaedafd458f1d886025bb34292c0c32eafcfa4392657,726991657a2a49c243e424787cd335c27b8d900f9dfe10243aca546aba96f115,无法判定,未执行（第一门未通过）,未执行（无决策记录）,无法判定,decision_record_missing,来源身份已登记但没有获批历史决策记录登记；不读取候选正文，不构造样例记录,登记带来源证据的决策编号、决策时点、数据截止时间及三类时间合同；重新生成不可变批次
replay-20260805T012335+0800-3156feb21c31,DS-000112,ETH,ZI-124ef7ebc1f1526ac48dfd87,无法判定,source-identity-1.0,003d77e70b7654a3d3109c4ff8bc5d94c90832c914c28894909002ec6ef81fa6,audit-20260805T005824+0800,完成,完整,2182f95108dad5bbfe66558fe2c60073ec3afc3ab4e9aaf6bc37757ae15370b6,未知,未知,未知,未知,未知,未知,未判定（缺少确切研究尺度合同）,未登记,无法判定,无法判定,无法判定,无法判定,无法判定,未判定（未登记到达时间合同）,无法判定,无法判定,717d3a2fd3bae60ec6485365211ee579c49778a4ed9985a2688fb0b288e48214,dq-rules-1.0,e87a78a94478584293d9fb3922bbb91882f48c58a8684db89186175facf03cc2,019010d64fe47d89c81bfaedafd458f1d886025bb34292c0c32eafcfa4392657,38a34c36e594ee4c4ae1c6a8b0c52ab7c871e150b71eaa397c04262602addf41,无法判定,未执行（第一门未通过）,未执行（无决策记录）,无法判定,decision_record_missing,来源身份已登记但没有获批历史决策记录登记；不读取候选正文，不构造样例记录,登记带来源证据的决策编号、决策时点、数据截止时间及三类时间合同；重新生成不可变批次
replay-20260805T012335+0800-3156feb21c31,DS-000113,BTC,ZI-c368ec0a8284d3c172eda1a2,无法判定,source-identity-1.0,c26602e9641df06efd485baf675e969b39805f1623e12519c401de3115becc95,audit-20260805T005824+0800,完成,完整,7d9e56b0c4d2beccc1706ffae8f8224a698693ad3a7121e684f5f542793b53fd,未知,未知,未知,未知,未知,未知,未判定（缺少确切研究尺度合同）,未登记,无法判定,无法判定,无法判定,无法判定,无法判定,未判定（未登记到达时间合同）,无法判定,无法判定,717d3a2fd3bae60ec6485365211ee579c49778a4ed9985a2688fb0b288e48214,dq-rules-1.0,e87a78a94478584293d9fb3922bbb91882f48c58a8684db89186175facf03cc2,019010d64fe47d89c81bfaedafd458f1d886025bb34292c0c32eafcfa4392657,ec9d1acda06d7eb453594db64b3757f427f603b8219ee01c96c9ddc2f85db328,无法判定,未执行（第一门未通过）,未执行（无决策记录）,无法判定,decision_record_missing,来源身份已登记但没有获批历史决策记录登记；不读取候选正文，不构造样例记录,登记带来源证据的决策编号、决策时点、数据截止时间及三类时间合同；重新生成不可变批次
replay-20260805T012335+0800-3156feb21c31,DS-000113,ETH,ZI-b71a6fbf1eb839e99aabcaa0,无法判定,source-identity-1.0,45ddfc39804cc000e1785cc6cf93d36d99492c0cc84c8abe82542cf1d2ce6292,audit-20260805T005824+0800,完成,完整,7d9e56b0c4d2beccc1706ffae8f8224a698693ad3a7121e684f5f542793b53fd,未知,未知,未知,未知,未知,未知,未判定（缺少确切研究尺度合同）,未登记,无法判定,无法判定,无法判定,无法判定,无法判定,未判定（未登记到达时间合同）,无法判定,无法判定,717d3a2fd3bae60ec6485365211ee579c49778a4ed9985a2688fb0b288e48214,dq-rules-1.0,e87a78a94478584293d9fb3922bbb91882f48c58a8684db89186175facf03cc2,019010d64fe47d89c81bfaedafd458f1d886025bb34292c0c32eafcfa4392657,eb4c59d84e3bc2914468ace1c2a68b833ca520a413e2902a871e678618ae7216,无法判定,未执行（第一门未通过）,未执行（无决策记录）,无法判定,decision_record_missing,来源身份已登记但没有获批历史决策记录登记；不读取候选正文，不构造样例记录,登记带来源证据的决策编号、决策时点、数据截止时间及三类时间合同；重新生成不可变批次
replay-20260805T012335+0800-3156feb21c31,DS-000114,BTC,ZI-f8745dbb71ac15767ca8d9c1,无法判定,source-identity-1.0,4c29d9aeb4aa1716625e630e5dcd4de29bbe52272e6d18ec23f739adea00abf5,audit-20260805T005824+0800,完成,完整,eb59743f934519f97b7213250d4b700866640f15a9fa00872384a8c020ab91a4,未知,未知,未知,未知,未知,未知,未判定（缺少确切研究尺度合同）,未登记,无法判定,无法判定,无法判定,无法判定,无法判定,未判定（未登记到达时间合同）,无法判定,无法判定,717d3a2fd3bae60ec6485365211ee579c49778a4ed9985a2688fb0b288e48214,dq-rules-1.0,e87a78a94478584293d9fb3922bbb91882f48c58a8684db89186175facf03cc2,019010d64fe47d89c81bfaedafd458f1d886025bb34292c0c32eafcfa4392657,e7f3879d41c1666df7a6577275e2835178a8aa20e65ba1983ba6adbc6cbb4c1c,无法判定,未执行（第一门未通过）,未执行（无决策记录）,无法判定,decision_record_missing,来源身份已登记但没有获批历史决策记录登记；不读取候选正文，不构造样例记录,登记带来源证据的决策编号、决策时点、数据截止时间及三类时间合同；重新生成不可变批次
replay-20260805T012335+0800-3156feb21c31,DS-000114,ETH,ZI-fb8eceb7174d542153f29b96,无法判定,source-identity-1.0,7c033f03f3dc13e0b1ac450d16f1555e626d677ed092fbe4020cf62c04d67be4,audit-20260805T005824+0800,完成,完整,eb59743f934519f97b7213250d4b700866640f15a9fa00872384a8c020ab91a4,未知,未知,未知,未知,未知,未知,未判定（缺少确切研究尺度合同）,未登记,无法判定,无法判定,无法判定,无法判定,无法判定,未判定（未登记到达时间合同）,无法判定,无法判定,717d3a2fd3bae60ec6485365211ee579c49778a4ed9985a2688fb0b288e48214,dq-rules-1.0,e87a78a94478584293d9fb3922bbb91882f48c58a8684db89186175facf03cc2,019010d64fe47d89c81bfaedafd458f1d886025bb34292c0c32eafcfa4392657,04aef5eca635520bd697e4528a43cae64cfa10b0ed73f407a5de769559105608,无法判定,未执行（第一门未通过）,未执行（无决策记录）,无法判定,decision_record_missing,来源身份已登记但没有获批历史决策记录登记；不读取候选正文，不构造样例记录,登记带来源证据的决策编号、决策时点、数据截止时间及三类时间合同；重新生成不可变批次
replay-20260805T012335+0800-3156feb21c31,DS-000115,BTC,ZI-31961eda688bb5aee6575300,无法判定,source-identity-1.0,60535f78aefc5cc6a5389f061125a2863c4b273cd595ac2f3575e5245def1808,audit-20260805T005824+0800,完成,完整,46ab5b6e57296b36db8525043000f9cc3c73e9fd02f12053829c2297d6a2b29c,未知,未知,未知,未知,未知,未知,未判定（缺少确切研究尺度合同）,未登记,无法判定,无法判定,无法判定,无法判定,无法判定,未判定（未登记到达时间合同）,无法判定,无法判定,717d3a2fd3bae60ec6485365211ee579c49778a4ed9985a2688fb0b288e48214,dq-rules-1.0,e87a78a94478584293d9fb3922bbb91882f48c58a8684db89186175facf03cc2,019010d64fe47d89c81bfaedafd458f1d886025bb34292c0c32eafcfa4392657,d91eaa3ee96b24b4a6b99f095b30c4188f2fc33bea3805808ef9eb53b5fcd50d,无法判定,未执行（第一门未通过）,未执行（无决策记录）,无法判定,decision_record_missing,来源身份已登记但没有获批历史决策记录登记；不读取候选正文，不构造样例记录,登记带来源证据的决策编号、决策时点、数据截止时间及三类时间合同；重新生成不可变批次
replay-20260805T012335+0800-3156feb21c31,DS-000115,ETH,ZI-6cadad29dd1db87bcef7f5c6,无法判定,source-identity-1.0,4f5ee5bcaa237ccd833e33f202970693dfb89c8f346cca8576ee01f0509e5c44,audit-20260805T005824+0800,完成,完整,46ab5b6e57296b36db8525043000f9cc3c73e9fd02f12053829c2297d6a2b29c,未知,未知,未知,未知,未知,未知,未判定（缺少确切研究尺度合同）,未登记,无法判定,无法判定,无法判定,无法判定,无法判定,未判定（未登记到达时间合同）,无法判定,无法判定,717d3a2fd3bae60ec6485365211ee579c49778a4ed9985a2688fb0b288e48214,dq-rules-1.0,e87a78a94478584293d9fb3922bbb91882f48c58a8684db89186175facf03cc2,019010d64fe47d89c81bfaedafd458f1d886025bb34292c0c32eafcfa4392657,90644f9575d27f123a026990aae1214bc8fdba6d69be1f81459908398f799c0c,无法判定,未执行（第一门未通过）,未执行（无决策记录）,无法判定,decision_record_missing,来源身份已登记但没有获批历史决策记录登记；不读取候选正文，不构造样例记录,登记带来源证据的决策编号、决策时点、数据截止时间及三类时间合同；重新生成不可变批次
replay-20260805T012335+0800-3156feb21c31,DS-000116,BTC,ZI-b38d3520cb51796d72c37eb0,无法判定,source-identity-1.0,37a539029a26fe3e4aff778230cbc44c6df843be6ff2d4eced54670eea0b7820,audit-20260805T005824+0800,完成,完整,ad7d5b1e585878a19a6ed7756a624a4d632d3cab39026069988a7d6140a23959,未知,未知,未知,未知,未知,未知,未判定（缺少确切研究尺度合同）,未登记,无法判定,无法判定,无法判定,无法判定,无法判定,未判定（未登记到达时间合同）,无法判定,无法判定,717d3a2fd3bae60ec6485365211ee579c49778a4ed9985a2688fb0b288e48214,dq-rules-1.0,e87a78a94478584293d9fb3922bbb91882f48c58a8684db89186175facf03cc2,019010d64fe47d89c81bfaedafd458f1d886025bb34292c0c32eafcfa4392657,10fc17236b5a241e39c1390f1b290a1d332bd3f9ac4531018de20d19cafd0b03,无法判定,未执行（第一门未通过）,未执行（无决策记录）,无法判定,decision_record_missing,来源身份已登记但没有获批历史决策记录登记；不读取候选正文，不构造样例记录,登记带来源证据的决策编号、决策时点、数据截止时间及三类时间合同；重新生成不可变批次
replay-20260805T012335+0800-3156feb21c31,DS-000116,ETH,ZI-a43c980922ba474cc2a6b934,无法判定,source-identity-1.0,583a1ebf28c476a0064bd0d63a609833b9b9e51c94b3fd1cd722acdedd7bbad4,audit-20260805T005824+0800,完成,完整,ad7d5b1e585878a19a6ed7756a624a4d632d3cab39026069988a7d6140a23959,未知,未知,未知,未知,未知,未知,未判定（缺少确切研究尺度合同）,未登记,无法判定,无法判定,无法判定,无法判定,无法判定,未判定（未登记到达时间合同）,无法判定,无法判定,717d3a2fd3bae60ec6485365211ee579c49778a4ed9985a2688fb0b288e48214,dq-rules-1.0,e87a78a94478584293d9fb3922bbb91882f48c58a8684db89186175facf03cc2,019010d64fe47d89c81bfaedafd458f1d886025bb34292c0c32eafcfa4392657,d5a97e7012d1753f3f6e33fd7828f69b70cf7abbcdb6074311c27f4107e5383d,无法判定,未执行（第一门未通过）,未执行（无决策记录）,无法判定,decision_record_missing,来源身份已登记但没有获批历史决策记录登记；不读取候选正文，不构造样例记录,登记带来源证据的决策编号、决策时点、数据截止时间及三类时间合同；重新生成不可变批次
replay-20260805T012335+0800-3156feb21c31,DS-000117,BTC,ZI-5ea466fcde39bb4c70c5a187,无法判定,source-identity-1.0,fc2b0257a8346f638a1b76e53e6f50d90d54a16cef1c70ee88a1d0130c8dbcb6,audit-20260805T005824+0800,完成,完整,e9f2431389c0c305a32a0f3498bb487bc9fb313e768e466ebe60053edcf30197,未知,未知,未知,未知,未知,未知,未判定（缺少确切研究尺度合同）,未登记,无法判定,无法判定,无法判定,无法判定,无法判定,未判定（未登记到达时间合同）,无法判定,无法判定,717d3a2fd3bae60ec6485365211ee579c49778a4ed9985a2688fb0b288e48214,dq-rules-1.0,e87a78a94478584293d9fb3922bbb91882f48c58a8684db89186175facf03cc2,019010d64fe47d89c81bfaedafd458f1d886025bb34292c0c32eafcfa4392657,42f10bf9cf3be8d1fb6a1c507eab94cfb9f8d477c63e053935ab21989717ed1c,无法判定,未执行（第一门未通过）,未执行（无决策记录）,无法判定,decision_record_missing,来源身份已登记但没有获批历史决策记录登记；不读取候选正文，不构造样例记录,登记带来源证据的决策编号、决策时点、数据截止时间及三类时间合同；重新生成不可变批次
replay-20260805T012335+0800-3156feb21c31,DS-000117,ETH,ZI-d95e5bea4bd8595d0a07f87d,无法判定,source-identity-1.0,0be98c4552170b27ff0183658f49dea556bdd42a193d55e3105c71a36a38e6cd,audit-20260805T005824+0800,完成,完整,e9f2431389c0c305a32a0f3498bb487bc9fb313e768e466ebe60053edcf30197,未知,未知,未知,未知,未知,未知,未判定（缺少确切研究尺度合同）,未登记,无法判定,无法判定,无法判定,无法判定,无法判定,未判定（未登记到达时间合同）,无法判定,无法判定,717d3a2fd3bae60ec6485365211ee579c49778a4ed9985a2688fb0b288e48214,dq-rules-1.0,e87a78a94478584293d9fb3922bbb91882f48c58a8684db89186175facf03cc2,019010d64fe47d89c81bfaedafd458f1d886025bb34292c0c32eafcfa4392657,427cdc621a38e007f39d7bdd1432a183b079fb0e7cc52630d44b7bd6d76ccf72,无法判定,未执行（第一门未通过）,未执行（无决策记录）,无法判定,decision_record_missing,来源身份已登记但没有获批历史决策记录登记；不读取候选正文，不构造样例记录,登记带来源证据的决策编号、决策时点、数据截止时间及三类时间合同；重新生成不可变批次
replay-20260805T012335+0800-3156feb21c31,DS-000118,BTC,ZI-2840b60ae29f6da1116b00b7,无法判定,source-identity-1.0,62a43aef20928e96d909c97ac451467ca8a40b69bafd007930114b0e02b7757d,audit-20260805T005824+0800,完成,完整,39f56e4a53066c1b120c0df76fc66c1e18aa1d332e9ee7c719f22bf27a0180f9,未知,未知,未知,未知,未知,未知,未判定（缺少确切研究尺度合同）,未登记,无法判定,无法判定,无法判定,无法判定,无法判定,未判定（未登记到达时间合同）,无法判定,无法判定,717d3a2fd3bae60ec6485365211ee579c49778a4ed9985a2688fb0b288e48214,dq-rules-1.0,e87a78a94478584293d9fb3922bbb91882f48c58a8684db89186175facf03cc2,019010d64fe47d89c81bfaedafd458f1d886025bb34292c0c32eafcfa4392657,2ce1d82dcf8020fdfc40a75d896a3c0862b8607d7fe82e4a4ea882f1290b3588,无法判定,未执行（第一门未通过）,未执行（无决策记录）,无法判定,decision_record_missing,来源身份已登记但没有获批历史决策记录登记；不读取候选正文，不构造样例记录,登记带来源证据的决策编号、决策时点、数据截止时间及三类时间合同；重新生成不可变批次
replay-20260805T012335+0800-3156feb21c31,DS-000118,ETH,ZI-a39e4477353ef09703296a10,无法判定,source-identity-1.0,18b86c40bf624319e417c8db9df0a0075e4df8d4e75e3dec875a9d7597b3d8e9,audit-20260805T005824+0800,完成,完整,39f56e4a53066c1b120c0df76fc66c1e18aa1d332e9ee7c719f22bf27a0180f9,未知,未知,未知,未知,未知,未知,未判定（缺少确切研究尺度合同）,未登记,无法判定,无法判定,无法判定,无法判定,无法判定,未判定（未登记到达时间合同）,无法判定,无法判定,717d3a2fd3bae60ec6485365211ee579c49778a4ed9985a2688fb0b288e48214,dq-rules-1.0,e87a78a94478584293d9fb3922bbb91882f48c58a8684db89186175facf03cc2,019010d64fe47d89c81bfaedafd458f1d886025bb34292c0c32eafcfa4392657,49d856f0f33ba4088ffa301c07110b97a2e029a5064217cf31b1454dd5a17d45,无法判定,未执行（第一门未通过）,未执行（无决策记录）,无法判定,decision_record_missing,来源身份已登记但没有获批历史决策记录登记；不读取候选正文，不构造样例记录,登记带来源证据的决策编号、决策时点、数据截止时间及三类时间合同；重新生成不可变批次
replay-20260805T012335+0800-3156feb21c31,DS-000119,BTC,ZI-d598b1a2b5c702f7087d23b1,无法判定,source-identity-1.0,181dc99ff09850b74bf2459870dce69a785f4d585e74db002b0f1b944797893e,audit-20260805T005824+0800,完成,完整,d87982a5eb5adcb77df6bb280eb498c078dc08d589a06289601a061d263cc680,未知,未知,未知,未知,未知,未知,未判定（缺少确切研究尺度合同）,未登记,无法判定,无法判定,无法判定,无法判定,无法判定,未判定（未登记到达时间合同）,无法判定,无法判定,717d3a2fd3bae60ec6485365211ee579c49778a4ed9985a2688fb0b288e48214,dq-rules-1.0,e87a78a94478584293d9fb3922bbb91882f48c58a8684db89186175facf03cc2,019010d64fe47d89c81bfaedafd458f1d886025bb34292c0c32eafcfa4392657,b26f628a1a826cc6366790eff91737c348d30ea73dc23344a499c54fb745fdbb,无法判定,未执行（第一门未通过）,未执行（无决策记录）,无法判定,decision_record_missing,来源身份已登记但没有获批历史决策记录登记；不读取候选正文，不构造样例记录,登记带来源证据的决策编号、决策时点、数据截止时间及三类时间合同；重新生成不可变批次
replay-20260805T012335+0800-3156feb21c31,DS-000119,ETH,ZI-32308f1509c687cf0f344da5,无法判定,source-identity-1.0,a84afe7e1c4de1bb74082658451ab735fbf0bddb15e2fe98dcd2bd0207e5e5fb,audit-20260805T005824+0800,完成,完整,d87982a5eb5adcb77df6bb280eb498c078dc08d589a06289601a061d263cc680,未知,未知,未知,未知,未知,未知,未判定（缺少确切研究尺度合同）,未登记,无法判定,无法判定,无法判定,无法判定,无法判定,未判定（未登记到达时间合同）,无法判定,无法判定,717d3a2fd3bae60ec6485365211ee579c49778a4ed9985a2688fb0b288e48214,dq-rules-1.0,e87a78a94478584293d9fb3922bbb91882f48c58a8684db89186175facf03cc2,019010d64fe47d89c81bfaedafd458f1d886025bb34292c0c32eafcfa4392657,75935557cba8a0eaf900dd2d50b3762fc0b69b6a3e0f6ee5fc78105696ecbb84,无法判定,未执行（第一门未通过）,未执行（无决策记录）,无法判定,decision_record_missing,来源身份已登记但没有获批历史决策记录登记；不读取候选正文，不构造样例记录,登记带来源证据的决策编号、决策时点、数据截止时间及三类时间合同；重新生成不可变批次
replay-20260805T012335+0800-3156feb21c31,DS-000120,BTC,ZI-3070d81b75f66c2b727c4439,无法判定,source-identity-1.0,a4a03a79adec3593c369bd4ff6447ea451a850c038dc4ea28fe020759b7eaaf6,audit-20260805T005824+0800,完成,完整,70eabc01c64c2b3a075bf19718d0c1418ba7ba91055afb6c3259d313b55ed18c,未知,未知,未知,未知,未知,未知,未判定（缺少确切研究尺度合同）,未登记,无法判定,无法判定,无法判定,无法判定,无法判定,未判定（未登记到达时间合同）,无法判定,无法判定,717d3a2fd3bae60ec6485365211ee579c49778a4ed9985a2688fb0b288e48214,dq-rules-1.0,e87a78a94478584293d9fb3922bbb91882f48c58a8684db89186175facf03cc2,019010d64fe47d89c81bfaedafd458f1d886025bb34292c0c32eafcfa4392657,02ad6dad5e61bdf1ac73349c4dee4d4fe8b05e0652f12533458d928cd2b4828b,无法判定,未执行（第一门未通过）,未执行（无决策记录）,无法判定,decision_record_missing,来源身份已登记但没有获批历史决策记录登记；不读取候选正文，不构造样例记录,登记带来源证据的决策编号、决策时点、数据截止时间及三类时间合同；重新生成不可变批次
replay-20260805T012335+0800-3156feb21c31,DS-000120,ETH,ZI-c8b657067197415203a4d0ab,无法判定,source-identity-1.0,a0ae9d98805cdcb13a275ea76bd4b62fdffb2ec9942227723c17bb5566b1c523,audit-20260805T005824+0800,完成,完整,70eabc01c64c2b3a075bf19718d0c1418ba7ba91055afb6c3259d313b55ed18c,未知,未知,未知,未知,未知,未知,未判定（缺少确切研究尺度合同）,未登记,无法判定,无法判定,无法判定,无法判定,无法判定,未判定（未登记到达时间合同）,无法判定,无法判定,717d3a2fd3bae60ec6485365211ee579c49778a4ed9985a2688fb0b288e48214,dq-rules-1.0,e87a78a94478584293d9fb3922bbb91882f48c58a8684db89186175facf03cc2,019010d64fe47d89c81bfaedafd458f1d886025bb34292c0c32eafcfa4392657,4432ad40f4f1e19fb73eaf57cd24a7b055f6c838fb85b852955d9a111a201461,无法判定,未执行（第一门未通过）,未执行（无决策记录）,无法判定,decision_record_missing,来源身份已登记但没有获批历史决策记录登记；不读取候选正文，不构造样例记录,登记带来源证据的决策编号、决策时点、数据截止时间及三类时间合同；重新生成不可变批次
replay-20260805T012335+0800-3156feb21c31,DS-000121,BTC,ZI-8413f0e6afa6b3430372a713,无法判定,source-identity-1.0,8eb01de274548323cd09585d3a79f287ecf645f4ddf710b72dea83acf1430f1e,audit-20260805T005824+0800,完成,完整,16350a5a55ce1a48bf67b1b1951dc1c60c1ee00f9a405c90f6bb89b718d4d638,未知,未知,未知,未知,未知,未知,未判定（缺少确切研究尺度合同）,未登记,无法判定,无法判定,无法判定,无法判定,无法判定,未判定（未登记到达时间合同）,无法判定,无法判定,717d3a2fd3bae60ec6485365211ee579c49778a4ed9985a2688fb0b288e48214,dq-rules-1.0,e87a78a94478584293d9fb3922bbb91882f48c58a8684db89186175facf03cc2,019010d64fe47d89c81bfaedafd458f1d886025bb34292c0c32eafcfa4392657,5538b729d95672d28c8516ea9984ae409f0c45136af2ec418d8f038fbd87fd48,无法判定,未执行（第一门未通过）,未执行（无决策记录）,无法判定,decision_record_missing,来源身份已登记但没有获批历史决策记录登记；不读取候选正文，不构造样例记录,登记带来源证据的决策编号、决策时点、数据截止时间及三类时间合同；重新生成不可变批次
replay-20260805T012335+0800-3156feb21c31,DS-000121,ETH,ZI-96e03b8dfd1417cc62d2f5c8,无法判定,source-identity-1.0,0fcab08d77e975021409090dc086196cdd60a9f5dfd8aede3b484996476fe066,audit-20260805T005824+0800,完成,完整,16350a5a55ce1a48bf67b1b1951dc1c60c1ee00f9a405c90f6bb89b718d4d638,未知,未知,未知,未知,未知,未知,未判定（缺少确切研究尺度合同）,未登记,无法判定,无法判定,无法判定,无法判定,无法判定,未判定（未登记到达时间合同）,无法判定,无法判定,717d3a2fd3bae60ec6485365211ee579c49778a4ed9985a2688fb0b288e48214,dq-rules-1.0,e87a78a94478584293d9fb3922bbb91882f48c58a8684db89186175facf03cc2,019010d64fe47d89c81bfaedafd458f1d886025bb34292c0c32eafcfa4392657,6588b1845fc264f202ca1e5bcc19f05d46eba7654c440d987911072095f8b847,无法判定,未执行（第一门未通过）,未执行（无决策记录）,无法判定,decision_record_missing,来源身份已登记但没有获批历史决策记录登记；不读取候选正文，不构造样例记录,登记带来源证据的决策编号、决策时点、数据截止时间及三类时间合同；重新生成不可变批次
replay-20260805T012335+0800-3156feb21c31,DS-000122,BTC,ZI-ee6f15f9e39a4d9fcfce0cf5,拒绝,source-identity-1.0,f3ef768228033d5b7b9bf5ba2a1f645dd7e4f10cc7b6a3de87532f096d4cd423,audit-20260805T005824+0800,完成,完整,a4ec6028234f44908e24848a08fdc8c7ec174be2be205954c0e8cb283f267684,未知,未知,未知,未知,未知,未知,未判定（缺少确切研究尺度合同）,未登记,无法判定,无法判定,无法判定,无法判定,无法判定,未判定（未登记到达时间合同）,无法判定,无法判定,717d3a2fd3bae60ec6485365211ee579c49778a4ed9985a2688fb0b288e48214,dq-rules-1.0,e87a78a94478584293d9fb3922bbb91882f48c58a8684db89186175facf03cc2,019010d64fe47d89c81bfaedafd458f1d886025bb34292c0c32eafcfa4392657,e3bde8f7dcd4b6aa3c5240c54de5f5aff28b5b8306b78eaa51fd0ff830bd05f8,拒绝,未执行（第一门未通过）,未执行（无决策记录）,拒绝,input_identity_drift,来源身份成员或质量批次显示输入身份漂移，禁止载入历史现场,登记带来源证据的决策编号、决策时点、数据截止时间及三类时间合同；重新生成不可变批次
replay-20260805T012335+0800-3156feb21c31,DS-000122,ETH,ZI-9b6a6435fd0e4e93fdddcd4b,拒绝,source-identity-1.0,ae58d1db7f6818060ad47f2219ebdf4e07351e05b01835a433d5fd528d84f445,audit-20260805T005824+0800,完成,完整,a4ec6028234f44908e24848a08fdc8c7ec174be2be205954c0e8cb283f267684,未知,未知,未知,未知,未知,未知,未判定（缺少确切研究尺度合同）,未登记,无法判定,无法判定,无法判定,无法判定,无法判定,未判定（未登记到达时间合同）,无法判定,无法判定,717d3a2fd3bae60ec6485365211ee579c49778a4ed9985a2688fb0b288e48214,dq-rules-1.0,e87a78a94478584293d9fb3922bbb91882f48c58a8684db89186175facf03cc2,019010d64fe47d89c81bfaedafd458f1d886025bb34292c0c32eafcfa4392657,7114a85843eef42aad6a4a730423c1ee14e65cd6bcbe64916aa53685f81f59a3,拒绝,未执行（第一门未通过）,未执行（无决策记录）,拒绝,input_identity_drift,来源身份成员或质量批次显示输入身份漂移，禁止载入历史现场,登记带来源证据的决策编号、决策时点、数据截止时间及三类时间合同；重新生成不可变批次
replay-20260805T012335+0800-3156feb21c31,DS-000123,BTC,ZI-0437f9b494a20cb05341af1e,无法判定,source-identity-1.0,bdcd0bd8e0aad9ae04d980e92c52f4ab14fda4a3348bc0e426743ee82238d9cc,audit-20260805T005824+0800,完成,完整,45059faa5fd87e03be27b185600616e0231c3b82d43fc9fd639eddb9515bc7d0,未知,未知,未知,未知,未知,未知,未判定（缺少确切研究尺度合同）,未登记,无法判定,无法判定,无法判定,无法判定,无法判定,未判定（未登记到达时间合同）,无法判定,无法判定,717d3a2fd3bae60ec6485365211ee579c49778a4ed9985a2688fb0b288e48214,dq-rules-1.0,e87a78a94478584293d9fb3922bbb91882f48c58a8684db89186175facf03cc2,019010d64fe47d89c81bfaedafd458f1d886025bb34292c0c32eafcfa4392657,83fa603b4c249c427b5c6517d4d1fb9aa862e2df7561518592907739ff226808,无法判定,未执行（第一门未通过）,未执行（无决策记录）,无法判定,decision_record_missing,来源身份已登记但没有获批历史决策记录登记；不读取候选正文，不构造样例记录,登记带来源证据的决策编号、决策时点、数据截止时间及三类时间合同；重新生成不可变批次
replay-20260805T012335+0800-3156feb21c31,DS-000123,ETH,ZI-d916726616ac733d0fe5c86b,无法判定,source-identity-1.0,71220a3ac809f547c9433f32cfef669b9a857cfc590cf6a55337aab9f558cd47,audit-20260805T005824+0800,完成,完整,45059faa5fd87e03be27b185600616e0231c3b82d43fc9fd639eddb9515bc7d0,未知,未知,未知,未知,未知,未知,未判定（缺少确切研究尺度合同）,未登记,无法判定,无法判定,无法判定,无法判定,无法判定,未判定（未登记到达时间合同）,无法判定,无法判定,717d3a2fd3bae60ec6485365211ee579c49778a4ed9985a2688fb0b288e48214,dq-rules-1.0,e87a78a94478584293d9fb3922bbb91882f48c58a8684db89186175facf03cc2,019010d64fe47d89c81bfaedafd458f1d886025bb34292c0c32eafcfa4392657,0f7a18947d63e86ff5d316c6b31ed85f6ce6ca937b61985093d4ed808261aeac,无法判定,未执行（第一门未通过）,未执行（无决策记录）,无法判定,decision_record_missing,来源身份已登记但没有获批历史决策记录登记；不读取候选正文，不构造样例记录,登记带来源证据的决策编号、决策时点、数据截止时间及三类时间合同；重新生成不可变批次
replay-20260805T012335+0800-3156feb21c31,DS-000124,BTC,ZI-ee00f9dd25503d2600ed08e3,无法判定,source-identity-1.0,36545c23ce4e9290e6e79737c65a8ca83754937c0333d55f5fb3aaaaaa822c76,audit-20260805T005824+0800,完成,完整,64bdea92833049d782bb527c2701f6f7003636aca578257b9db25d0a239d7756,未知,未知,未知,未知,未知,未知,未判定（缺少确切研究尺度合同）,未登记,无法判定,无法判定,无法判定,无法判定,无法判定,未判定（未登记到达时间合同）,无法判定,无法判定,717d3a2fd3bae60ec6485365211ee579c49778a4ed9985a2688fb0b288e48214,dq-rules-1.0,e87a78a94478584293d9fb3922bbb91882f48c58a8684db89186175facf03cc2,019010d64fe47d89c81bfaedafd458f1d886025bb34292c0c32eafcfa4392657,24c4b3cbc1509ab50ae3c68b4b255b0600757dc1a437318a525bf1c819878c83,无法判定,未执行（第一门未通过）,未执行（无决策记录）,无法判定,decision_record_missing,来源身份已登记但没有获批历史决策记录登记；不读取候选正文，不构造样例记录,登记带来源证据的决策编号、决策时点、数据截止时间及三类时间合同；重新生成不可变批次
replay-20260805T012335+0800-3156feb21c31,DS-000124,ETH,ZI-ae71724e7b86bd2429dfecb6,无法判定,source-identity-1.0,c790e6305ae445e34b76f4550c6def43d79dbf9f6e6e2699ad77fda94ca63b8b,audit-20260805T005824+0800,完成,完整,64bdea92833049d782bb527c2701f6f7003636aca578257b9db25d0a239d7756,未知,未知,未知,未知,未知,未知,未判定（缺少确切研究尺度合同）,未登记,无法判定,无法判定,无法判定,无法判定,无法判定,未判定（未登记到达时间合同）,无法判定,无法判定,717d3a2fd3bae60ec6485365211ee579c49778a4ed9985a2688fb0b288e48214,dq-rules-1.0,e87a78a94478584293d9fb3922bbb91882f48c58a8684db89186175facf03cc2,019010d64fe47d89c81bfaedafd458f1d886025bb34292c0c32eafcfa4392657,f0f590c9aee4f41a58206e89330a884ada2a5eca9e1ec9725d374bfb406617fd,无法判定,未执行（第一门未通过）,未执行（无决策记录）,无法判定,decision_record_missing,来源身份已登记但没有获批历史决策记录登记；不读取候选正文，不构造样例记录,登记带来源证据的决策编号、决策时点、数据截止时间及三类时间合同；重新生成不可变批次
replay-20260805T012335+0800-3156feb21c31,DS-000125,BTC,ZI-e98fd2a2d5d0df09bc9937cb,无法判定,source-identity-1.0,e221c05d0875782c1cd50cd03ab0b5099e83c047530a72f1ee2f028ab6312df9,audit-20260805T005824+0800,完成,完整,d23e9ca8611b42a995823b686e23de7d2cb67575fac39a80f86c7f4c9b910c07,未知,未知,未知,未知,未知,未知,未判定（缺少确切研究尺度合同）,未登记,无法判定,无法判定,无法判定,无法判定,无法判定,未判定（未登记到达时间合同）,无法判定,无法判定,717d3a2fd3bae60ec6485365211ee579c49778a4ed9985a2688fb0b288e48214,dq-rules-1.0,e87a78a94478584293d9fb3922bbb91882f48c58a8684db89186175facf03cc2,019010d64fe47d89c81bfaedafd458f1d886025bb34292c0c32eafcfa4392657,71dc6b82fef72e0e4e44e3d1fdf6617e6b83a4afea7e11c52eaa14b8aa4c6a0c,无法判定,未执行（第一门未通过）,未执行（无决策记录）,无法判定,decision_record_missing,来源身份已登记但没有获批历史决策记录登记；不读取候选正文，不构造样例记录,登记带来源证据的决策编号、决策时点、数据截止时间及三类时间合同；重新生成不可变批次
replay-20260805T012335+0800-3156feb21c31,DS-000125,ETH,ZI-a1c2af0e2150cb725d7922b3,无法判定,source-identity-1.0,5985fb8fd23c007d7dd5de870c9dedd8273e523facca5b1f917d50ee835f5b27,audit-20260805T005824+0800,完成,完整,d23e9ca8611b42a995823b686e23de7d2cb67575fac39a80f86c7f4c9b910c07,未知,未知,未知,未知,未知,未知,未判定（缺少确切研究尺度合同）,未登记,无法判定,无法判定,无法判定,无法判定,无法判定,未判定（未登记到达时间合同）,无法判定,无法判定,717d3a2fd3bae60ec6485365211ee579c49778a4ed9985a2688fb0b288e48214,dq-rules-1.0,e87a78a94478584293d9fb3922bbb91882f48c58a8684db89186175facf03cc2,019010d64fe47d89c81bfaedafd458f1d886025bb34292c0c32eafcfa4392657,af2e708b36d82b5386a6afa8e0c95260708f43b6ae24bf08a4e322ee2bf9b01e,无法判定,未执行（第一门未通过）,未执行（无决策记录）,无法判定,decision_record_missing,来源身份已登记但没有获批历史决策记录登记；不读取候选正文，不构造样例记录,登记带来源证据的决策编号、决策时点、数据截止时间及三类时间合同；重新生成不可变批次
replay-20260805T012335+0800-3156feb21c31,DS-000126,BTC,ZI-57350b8f0db900711ed2488f,无法判定,source-identity-1.0,065bd3de15379e7c7e6fa721569244cb49746c5fb0f0492eb92d87ab1c1c1ef5,audit-20260805T005824+0800,完成,完整,fdc92231d3e915cb0b50819c090bdbed62a97e3f1b0ac8387e36bf262825a312,未知,未知,未知,未知,未知,未知,未判定（缺少确切研究尺度合同）,未登记,无法判定,无法判定,无法判定,无法判定,无法判定,未判定（未登记到达时间合同）,无法判定,无法判定,717d3a2fd3bae60ec6485365211ee579c49778a4ed9985a2688fb0b288e48214,dq-rules-1.0,e87a78a94478584293d9fb3922bbb91882f48c58a8684db89186175facf03cc2,019010d64fe47d89c81bfaedafd458f1d886025bb34292c0c32eafcfa4392657,a96380c9d586053466c97d854102328ca47e6a02787e13a984a114b6e9b8ac8d,无法判定,未执行（第一门未通过）,未执行（无决策记录）,无法判定,decision_record_missing,来源身份已登记但没有获批历史决策记录登记；不读取候选正文，不构造样例记录,登记带来源证据的决策编号、决策时点、数据截止时间及三类时间合同；重新生成不可变批次
replay-20260805T012335+0800-3156feb21c31,DS-000126,ETH,ZI-29d969a16e11f4bd31de81b7,无法判定,source-identity-1.0,8614f1edfbd228b040e94fcb4ef25ac71a5052bb1ee02546ce909addd68456d7,audit-20260805T005824+0800,完成,完整,fdc92231d3e915cb0b50819c090bdbed62a97e3f1b0ac8387e36bf262825a312,未知,未知,未知,未知,未知,未知,未判定（缺少确切研究尺度合同）,未登记,无法判定,无法判定,无法判定,无法判定,无法判定,未判定（未登记到达时间合同）,无法判定,无法判定,717d3a2fd3bae60ec6485365211ee579c49778a4ed9985a2688fb0b288e48214,dq-rules-1.0,e87a78a94478584293d9fb3922bbb91882f48c58a8684db89186175facf03cc2,019010d64fe47d89c81bfaedafd458f1d886025bb34292c0c32eafcfa4392657,4a09398fcf9851cbcbee908e5f3a85f1f55b9df136b84ed3ef8108abdcdac615,无法判定,未执行（第一门未通过）,未执行（无决策记录）,无法判定,decision_record_missing,来源身份已登记但没有获批历史决策记录登记；不读取候选正文，不构造样例记录,登记带来源证据的决策编号、决策时点、数据截止时间及三类时间合同；重新生成不可变批次
replay-20260805T012335+0800-3156feb21c31,DS-000127,BTC,ZI-50d94b0de1efc730b9122af3,无法判定,source-identity-1.0,c665147f5597eea0e1b65924905bf9d1e8d66d2224ea0891ae0968e7a34b6666,audit-20260805T005824+0800,完成,完整,99aaeffe23fb94a11fb2733463c4d24dffec0af7902ab1e24d24eb89489fd345,未知,未知,未知,未知,未知,未知,未判定（缺少确切研究尺度合同）,未登记,无法判定,无法判定,无法判定,无法判定,无法判定,未判定（未登记到达时间合同）,无法判定,无法判定,717d3a2fd3bae60ec6485365211ee579c49778a4ed9985a2688fb0b288e48214,dq-rules-1.0,e87a78a94478584293d9fb3922bbb91882f48c58a8684db89186175facf03cc2,019010d64fe47d89c81bfaedafd458f1d886025bb34292c0c32eafcfa4392657,68a6436163283239ab3c3be4d84377c20766524bd4f071c9605c14aad9aab02e,无法判定,未执行（第一门未通过）,未执行（无决策记录）,无法判定,decision_record_missing,来源身份已登记但没有获批历史决策记录登记；不读取候选正文，不构造样例记录,登记带来源证据的决策编号、决策时点、数据截止时间及三类时间合同；重新生成不可变批次
replay-20260805T012335+0800-3156feb21c31,DS-000127,ETH,ZI-aa7eaed70207def65a665413,无法判定,source-identity-1.0,af0d3ffa4358a8760a76d796456c830385d8a6894cbd7a7d37d33cae5f89037a,audit-20260805T005824+0800,完成,完整,99aaeffe23fb94a11fb2733463c4d24dffec0af7902ab1e24d24eb89489fd345,未知,未知,未知,未知,未知,未知,未判定（缺少确切研究尺度合同）,未登记,无法判定,无法判定,无法判定,无法判定,无法判定,未判定（未登记到达时间合同）,无法判定,无法判定,717d3a2fd3bae60ec6485365211ee579c49778a4ed9985a2688fb0b288e48214,dq-rules-1.0,e87a78a94478584293d9fb3922bbb91882f48c58a8684db89186175facf03cc2,019010d64fe47d89c81bfaedafd458f1d886025bb34292c0c32eafcfa4392657,3d668a31dc87de737f9b7007f389441e2fb56cb6e54e6ce6004ca003fabcdb57,无法判定,未执行（第一门未通过）,未执行（无决策记录）,无法判定,decision_record_missing,来源身份已登记但没有获批历史决策记录登记；不读取候选正文，不构造样例记录,登记带来源证据的决策编号、决策时点、数据截止时间及三类时间合同；重新生成不可变批次
replay-20260805T012335+0800-3156feb21c31,DS-000128,BTC,ZI-66345af7f29b369463667940,无法判定,source-identity-1.0,a8c1f05bbdb5028295ed548a01ec0d86f5173d5279434bddf548fd64b0d287b4,audit-20260805T005824+0800,完成,完整,7cbb1ad3644f73a3df5af10be995eb68bedefafe05a6dd045b45c6a2c1c189df,未知,未知,未知,未知,未知,未知,未判定（缺少确切研究尺度合同）,未登记,无法判定,无法判定,无法判定,无法判定,无法判定,未判定（未登记到达时间合同）,无法判定,无法判定,717d3a2fd3bae60ec6485365211ee579c49778a4ed9985a2688fb0b288e48214,dq-rules-1.0,e87a78a94478584293d9fb3922bbb91882f48c58a8684db89186175facf03cc2,019010d64fe47d89c81bfaedafd458f1d886025bb34292c0c32eafcfa4392657,7a9f80bad5f61dafe86aa333a4bcfa5995fdd05ee4881ec7de5eddbccad16804,无法判定,未执行（第一门未通过）,未执行（无决策记录）,无法判定,decision_record_missing,来源身份已登记但没有获批历史决策记录登记；不读取候选正文，不构造样例记录,登记带来源证据的决策编号、决策时点、数据截止时间及三类时间合同；重新生成不可变批次
replay-20260805T012335+0800-3156feb21c31,DS-000128,ETH,ZI-78306459bee5126083d5ca1b,无法判定,source-identity-1.0,52140c020722baf0f2a258b43de3c365cd96e72ee7a3c543d0e70bc71a1e252b,audit-20260805T005824+0800,完成,完整,7cbb1ad3644f73a3df5af10be995eb68bedefafe05a6dd045b45c6a2c1c189df,未知,未知,未知,未知,未知,未知,未判定（缺少确切研究尺度合同）,未登记,无法判定,无法判定,无法判定,无法判定,无法判定,未判定（未登记到达时间合同）,无法判定,无法判定,717d3a2fd3bae60ec6485365211ee579c49778a4ed9985a2688fb0b288e48214,dq-rules-1.0,e87a78a94478584293d9fb3922bbb91882f48c58a8684db89186175facf03cc2,019010d64fe47d89c81bfaedafd458f1d886025bb34292c0c32eafcfa4392657,3fc7facbbf1bbb9d1ba6e13bb6085372fa797806245d52be9f7215dd8d0c0db2,无法判定,未执行（第一门未通过）,未执行（无决策记录）,无法判定,decision_record_missing,来源身份已登记但没有获批历史决策记录登记；不读取候选正文，不构造样例记录,登记带来源证据的决策编号、决策时点、数据截止时间及三类时间合同；重新生成不可变批次
replay-20260805T012335+0800-3156feb21c31,DS-000129,BTC,ZI-f0b6b298cfe3ce3a7d56b8eb,无法判定,source-identity-1.0,2c3da81742c4a96b03b5c1960c4aa39425fddb2540395a178ff30ff73d60171b,audit-20260805T005824+0800,完成,完整,e7b33702e3872588430891ffcf8825ccf89310c68bed237cdf52cd52ccc52da9,未知,未知,未知,未知,未知,未知,未判定（缺少确切研究尺度合同）,未登记,无法判定,无法判定,无法判定,无法判定,无法判定,未判定（未登记到达时间合同）,无法判定,无法判定,717d3a2fd3bae60ec6485365211ee579c49778a4ed9985a2688fb0b288e48214,dq-rules-1.0,e87a78a94478584293d9fb3922bbb91882f48c58a8684db89186175facf03cc2,019010d64fe47d89c81bfaedafd458f1d886025bb34292c0c32eafcfa4392657,0990c31a75eb88febe039b91b8e7e04f644c170e88817f1a0e02442570dbe540,无法判定,未执行（第一门未通过）,未执行（无决策记录）,无法判定,decision_record_missing,来源身份已登记但没有获批历史决策记录登记；不读取候选正文，不构造样例记录,登记带来源证据的决策编号、决策时点、数据截止时间及三类时间合同；重新生成不可变批次
replay-20260805T012335+0800-3156feb21c31,DS-000129,ETH,ZI-15e8fafad806d350e4ebb681,无法判定,source-identity-1.0,35b0c44709e20860e7ec91be8d0e8f1ebc52d9d1d6bf619545ffc06345f55a29,audit-20260805T005824+0800,完成,完整,e7b33702e3872588430891ffcf8825ccf89310c68bed237cdf52cd52ccc52da9,未知,未知,未知,未知,未知,未知,未判定（缺少确切研究尺度合同）,未登记,无法判定,无法判定,无法判定,无法判定,无法判定,未判定（未登记到达时间合同）,无法判定,无法判定,717d3a2fd3bae60ec6485365211ee579c49778a4ed9985a2688fb0b288e48214,dq-rules-1.0,e87a78a94478584293d9fb3922bbb91882f48c58a8684db89186175facf03cc2,019010d64fe47d89c81bfaedafd458f1d886025bb34292c0c32eafcfa4392657,6abb3440bbefeaaa50c8305859a59e76f827fbdd24b0ce011f465bf7140adc94,无法判定,未执行（第一门未通过）,未执行（无决策记录）,无法判定,decision_record_missing,来源身份已登记但没有获批历史决策记录登记；不读取候选正文，不构造样例记录,登记带来源证据的决策编号、决策时点、数据截止时间及三类时间合同；重新生成不可变批次
replay-20260805T012335+0800-3156feb21c31,DS-000130,BTC,ZI-5a7245a9c0cc69252b3df5d1,无法判定,source-identity-1.0,5c6320280868a2c6ba30a67b0a64dbe94ab8b02f9df6e15ab97b1c60df8009fb,audit-20260805T005824+0800,完成,完整,b51a3690279627f61c45a2bd637bed32930e8c496b1a2efd7917d8516866b562,未知,未知,未知,未知,未知,未知,未判定（缺少确切研究尺度合同）,未登记,无法判定,无法判定,无法判定,无法判定,无法判定,未判定（未登记到达时间合同）,无法判定,无法判定,717d3a2fd3bae60ec6485365211ee579c49778a4ed9985a2688fb0b288e48214,dq-rules-1.0,e87a78a94478584293d9fb3922bbb91882f48c58a8684db89186175facf03cc2,019010d64fe47d89c81bfaedafd458f1d886025bb34292c0c32eafcfa4392657,b65ea3667da694af8f5784d2e3990becbd3092bfa6006145f93e61fab98becb4,无法判定,未执行（第一门未通过）,未执行（无决策记录）,无法判定,decision_record_missing,来源身份已登记但没有获批历史决策记录登记；不读取候选正文，不构造样例记录,登记带来源证据的决策编号、决策时点、数据截止时间及三类时间合同；重新生成不可变批次
replay-20260805T012335+0800-3156feb21c31,DS-000130,ETH,ZI-e50bece42ff511d1e0d48550,无法判定,source-identity-1.0,d4df3aab21e01042aab759f0ab3f96ce5d180bfaf705489dc9a43f5a0c5b5826,audit-20260805T005824+0800,完成,完整,b51a3690279627f61c45a2bd637bed32930e8c496b1a2efd7917d8516866b562,未知,未知,未知,未知,未知,未知,未判定（缺少确切研究尺度合同）,未登记,无法判定,无法判定,无法判定,无法判定,无法判定,未判定（未登记到达时间合同）,无法判定,无法判定,717d3a2fd3bae60ec6485365211ee579c49778a4ed9985a2688fb0b288e48214,dq-rules-1.0,e87a78a94478584293d9fb3922bbb91882f48c58a8684db89186175facf03cc2,019010d64fe47d89c81bfaedafd458f1d886025bb34292c0c32eafcfa4392657,397189229608bb1e2a380f50cfee64e983512f323a94d9def2735353fd3870a0,无法判定,未执行（第一门未通过）,未执行（无决策记录）,无法判定,decision_record_missing,来源身份已登记但没有获批历史决策记录登记；不读取候选正文，不构造样例记录,登记带来源证据的决策编号、决策时点、数据截止时间及三类时间合同；重新生成不可变批次
replay-20260805T012335+0800-3156feb21c31,DS-000131,BTC,ZI-25447cea628f3920f050dbd5,无法判定,source-identity-1.0,e9f7d84ab7098068848c1d543da44ae8954b587d6d853744f830fc012e6c9f17,audit-20260805T005824+0800,完成,完整,75862fa2881db8a5a015bf48ae30d4b761557df1b610842d038a8f7e4864fd9b,未知,未知,未知,未知,未知,未知,未判定（缺少确切研究尺度合同）,未登记,无法判定,无法判定,无法判定,无法判定,无法判定,未判定（未登记到达时间合同）,无法判定,无法判定,717d3a2fd3bae60ec6485365211ee579c49778a4ed9985a2688fb0b288e48214,dq-rules-1.0,e87a78a94478584293d9fb3922bbb91882f48c58a8684db89186175facf03cc2,019010d64fe47d89c81bfaedafd458f1d886025bb34292c0c32eafcfa4392657,a218860473119430bcd91ca7164c3e38197bce1e855e7702e9b06d8b6c7bf83d,无法判定,未执行（第一门未通过）,未执行（无决策记录）,无法判定,decision_record_missing,来源身份已登记但没有获批历史决策记录登记；不读取候选正文，不构造样例记录,登记带来源证据的决策编号、决策时点、数据截止时间及三类时间合同；重新生成不可变批次
replay-20260805T012335+0800-3156feb21c31,DS-000131,ETH,ZI-c6ca120312806c1468e1741f,无法判定,source-identity-1.0,3cbbe01d4964c8a97792c701b5ed357df007bb08f2b1fc1f0e457a22ad32f4f5,audit-20260805T005824+0800,完成,完整,75862fa2881db8a5a015bf48ae30d4b761557df1b610842d038a8f7e4864fd9b,未知,未知,未知,未知,未知,未知,未判定（缺少确切研究尺度合同）,未登记,无法判定,无法判定,无法判定,无法判定,无法判定,未判定（未登记到达时间合同）,无法判定,无法判定,717d3a2fd3bae60ec6485365211ee579c49778a4ed9985a2688fb0b288e48214,dq-rules-1.0,e87a78a94478584293d9fb3922bbb91882f48c58a8684db89186175facf03cc2,019010d64fe47d89c81bfaedafd458f1d886025bb34292c0c32eafcfa4392657,f661849d6c30f211e8a8e11cc265073445f3c443adb604f1277df107d8c0f0ae,无法判定,未执行（第一门未通过）,未执行（无决策记录）,无法判定,decision_record_missing,来源身份已登记但没有获批历史决策记录登记；不读取候选正文，不构造样例记录,登记带来源证据的决策编号、决策时点、数据截止时间及三类时间合同；重新生成不可变批次
replay-20260805T012335+0800-3156feb21c31,DS-000132,BTC,ZI-17f2298039c37a648fbd5908,无法判定,source-identity-1.0,a6aed2c469187c0120669e07333ddebf6e7586e82c5d0bb4edc94b0592e87d37,audit-20260805T005824+0800,完成,完整,8538148f78a65be823e47c70496d931496d3bd30749f915492f2a7a9b0255f03,未知,未知,未知,未知,未知,未知,未判定（缺少确切研究尺度合同）,未登记,无法判定,无法判定,无法判定,无法判定,无法判定,未判定（未登记到达时间合同）,无法判定,无法判定,717d3a2fd3bae60ec6485365211ee579c49778a4ed9985a2688fb0b288e48214,dq-rules-1.0,e87a78a94478584293d9fb3922bbb91882f48c58a8684db89186175facf03cc2,019010d64fe47d89c81bfaedafd458f1d886025bb34292c0c32eafcfa4392657,b9ed52876f2bb4aaf9397092b8d36c8358044fdb28c0e0084cf96523509c931a,无法判定,未执行（第一门未通过）,未执行（无决策记录）,无法判定,decision_record_missing,来源身份已登记但没有获批历史决策记录登记；不读取候选正文，不构造样例记录,登记带来源证据的决策编号、决策时点、数据截止时间及三类时间合同；重新生成不可变批次
replay-20260805T012335+0800-3156feb21c31,DS-000132,ETH,ZI-fa50ac0aca694ec35ea7d49d,无法判定,source-identity-1.0,b64421929d4c1af5395ae58fac77a291b8a306b0b3eac060c523813c3383cffc,audit-20260805T005824+0800,完成,完整,8538148f78a65be823e47c70496d931496d3bd30749f915492f2a7a9b0255f03,未知,未知,未知,未知,未知,未知,未判定（缺少确切研究尺度合同）,未登记,无法判定,无法判定,无法判定,无法判定,无法判定,未判定（未登记到达时间合同）,无法判定,无法判定,717d3a2fd3bae60ec6485365211ee579c49778a4ed9985a2688fb0b288e48214,dq-rules-1.0,e87a78a94478584293d9fb3922bbb91882f48c58a8684db89186175facf03cc2,019010d64fe47d89c81bfaedafd458f1d886025bb34292c0c32eafcfa4392657,12dda4bb057d3c88946c6b54a60082e8240ccb4e30774e86d169edd62c26618d,无法判定,未执行（第一门未通过）,未执行（无决策记录）,无法判定,decision_record_missing,来源身份已登记但没有获批历史决策记录登记；不读取候选正文，不构造样例记录,登记带来源证据的决策编号、决策时点、数据截止时间及三类时间合同；重新生成不可变批次
replay-20260805T012335+0800-3156feb21c31,DS-000133,BTC,ZI-e5f5afbaaf19d3151683dc0c,无法判定,source-identity-1.0,0d739df0e51c5a44e410b1de40541dfa5116eb38fcb4a3c35db2c829ff557284,audit-20260805T005824+0800,完成,完整,b8280873340ff04eeb58d4fcabcdb849925839b553703795397001301a49f25d,未知,未知,未知,未知,未知,未知,未判定（缺少确切研究尺度合同）,未登记,无法判定,无法判定,无法判定,无法判定,无法判定,未判定（未登记到达时间合同）,无法判定,无法判定,717d3a2fd3bae60ec6485365211ee579c49778a4ed9985a2688fb0b288e48214,dq-rules-1.0,e87a78a94478584293d9fb3922bbb91882f48c58a8684db89186175facf03cc2,019010d64fe47d89c81bfaedafd458f1d886025bb34292c0c32eafcfa4392657,828284cee6fb885fe73c1edaf1b93ca63bb368d6c318a0dfb7421625a39a3f5b,无法判定,未执行（第一门未通过）,未执行（无决策记录）,无法判定,decision_record_missing,来源身份已登记但没有获批历史决策记录登记；不读取候选正文，不构造样例记录,登记带来源证据的决策编号、决策时点、数据截止时间及三类时间合同；重新生成不可变批次
replay-20260805T012335+0800-3156feb21c31,DS-000133,ETH,ZI-f544842772244a2c3b3b1523,无法判定,source-identity-1.0,8a5526bc629e2ace280fde1934511defc2d3e66e406635e114e9d68e769e282f,audit-20260805T005824+0800,完成,完整,b8280873340ff04eeb58d4fcabcdb849925839b553703795397001301a49f25d,未知,未知,未知,未知,未知,未知,未判定（缺少确切研究尺度合同）,未登记,无法判定,无法判定,无法判定,无法判定,无法判定,未判定（未登记到达时间合同）,无法判定,无法判定,717d3a2fd3bae60ec6485365211ee579c49778a4ed9985a2688fb0b288e48214,dq-rules-1.0,e87a78a94478584293d9fb3922bbb91882f48c58a8684db89186175facf03cc2,019010d64fe47d89c81bfaedafd458f1d886025bb34292c0c32eafcfa4392657,46ecdd81f415e60c36efd90991b5754beea956348551b0dde1e4e68a7b0b8f51,无法判定,未执行（第一门未通过）,未执行（无决策记录）,无法判定,decision_record_missing,来源身份已登记但没有获批历史决策记录登记；不读取候选正文，不构造样例记录,登记带来源证据的决策编号、决策时点、数据截止时间及三类时间合同；重新生成不可变批次
replay-20260805T012335+0800-3156feb21c31,DS-000134,BTC,ZI-67ed5354e433ec425cf10220,无法判定,source-identity-1.0,b3b83a9bae905fb85227993752f0fb9b6a8f4bb061597926cdce52dfa7b66a40,audit-20260805T005824+0800,完成,完整,9d82dac8c5cecb71fb51041f929b38d2c7fe9b15ebaeea0a0026ca4d3c4ea7f8,未知,未知,未知,未知,未知,未知,未判定（缺少确切研究尺度合同）,未登记,无法判定,无法判定,无法判定,无法判定,无法判定,未判定（未登记到达时间合同）,无法判定,无法判定,717d3a2fd3bae60ec6485365211ee579c49778a4ed9985a2688fb0b288e48214,dq-rules-1.0,e87a78a94478584293d9fb3922bbb91882f48c58a8684db89186175facf03cc2,019010d64fe47d89c81bfaedafd458f1d886025bb34292c0c32eafcfa4392657,3cef33900991b79f2cc2c64ae758507cdac87448ffaedcacfa24791318411e39,无法判定,未执行（第一门未通过）,未执行（无决策记录）,无法判定,decision_record_missing,来源身份已登记但没有获批历史决策记录登记；不读取候选正文，不构造样例记录,登记带来源证据的决策编号、决策时点、数据截止时间及三类时间合同；重新生成不可变批次
replay-20260805T012335+0800-3156feb21c31,DS-000134,ETH,ZI-f50adb5a90eeb1431aaf8e6f,无法判定,source-identity-1.0,f0872e7a51e8ec4ba4323fb0f7e129dfe73c241cf027bdf60924034a10ac472d,audit-20260805T005824+0800,完成,完整,9d82dac8c5cecb71fb51041f929b38d2c7fe9b15ebaeea0a0026ca4d3c4ea7f8,未知,未知,未知,未知,未知,未知,未判定（缺少确切研究尺度合同）,未登记,无法判定,无法判定,无法判定,无法判定,无法判定,未判定（未登记到达时间合同）,无法判定,无法判定,717d3a2fd3bae60ec6485365211ee579c49778a4ed9985a2688fb0b288e48214,dq-rules-1.0,e87a78a94478584293d9fb3922bbb91882f48c58a8684db89186175facf03cc2,019010d64fe47d89c81bfaedafd458f1d886025bb34292c0c32eafcfa4392657,88d317707b38417764eeb471c479453b7415a437201cb6d54c5a036b115392d1,无法判定,未执行（第一门未通过）,未执行（无决策记录）,无法判定,decision_record_missing,来源身份已登记但没有获批历史决策记录登记；不读取候选正文，不构造样例记录,登记带来源证据的决策编号、决策时点、数据截止时间及三类时间合同；重新生成不可变批次
replay-20260805T012335+0800-3156feb21c31,DS-000135,BTC,ZI-9959cefd6da7ea4c9bc8a26a,无法判定,source-identity-1.0,a4f9bb9ad0be83fce27c34fddde439722a34b02a81a378da16d99c833db6bc4f,audit-20260805T005824+0800,完成,完整,29d91b9784f89c8e9b6a5dcf5e98b759a29bb9b45d152de5f18fd09f34034a2e,未知,未知,未知,未知,未知,未知,未判定（缺少确切研究尺度合同）,未登记,无法判定,无法判定,无法判定,无法判定,无法判定,未判定（未登记到达时间合同）,无法判定,无法判定,717d3a2fd3bae60ec6485365211ee579c49778a4ed9985a2688fb0b288e48214,dq-rules-1.0,e87a78a94478584293d9fb3922bbb91882f48c58a8684db89186175facf03cc2,019010d64fe47d89c81bfaedafd458f1d886025bb34292c0c32eafcfa4392657,f658b1080b58ae8f1e4b79be9cca3b1e4959a732efae5f58c77dc8686c92a51e,无法判定,未执行（第一门未通过）,未执行（无决策记录）,无法判定,decision_record_missing,来源身份已登记但没有获批历史决策记录登记；不读取候选正文，不构造样例记录,登记带来源证据的决策编号、决策时点、数据截止时间及三类时间合同；重新生成不可变批次
replay-20260805T012335+0800-3156feb21c31,DS-000135,ETH,ZI-ac125017000539cbb186e9e0,无法判定,source-identity-1.0,3cbd7a7006ad9c9812e07dbd5409586d238967686ede8ee51981afc69b240d67,audit-20260805T005824+0800,完成,完整,29d91b9784f89c8e9b6a5dcf5e98b759a29bb9b45d152de5f18fd09f34034a2e,未知,未知,未知,未知,未知,未知,未判定（缺少确切研究尺度合同）,未登记,无法判定,无法判定,无法判定,无法判定,无法判定,未判定（未登记到达时间合同）,无法判定,无法判定,717d3a2fd3bae60ec6485365211ee579c49778a4ed9985a2688fb0b288e48214,dq-rules-1.0,e87a78a94478584293d9fb3922bbb91882f48c58a8684db89186175facf03cc2,019010d64fe47d89c81bfaedafd458f1d886025bb34292c0c32eafcfa4392657,caf677f8e71cf2e2bb1df6f5f13d5f0e26f34bf5312b3c226fd319dbf42b379c,无法判定,未执行（第一门未通过）,未执行（无决策记录）,无法判定,decision_record_missing,来源身份已登记但没有获批历史决策记录登记；不读取候选正文，不构造样例记录,登记带来源证据的决策编号、决策时点、数据截止时间及三类时间合同；重新生成不可变批次
replay-20260805T012335+0800-3156feb21c31,DS-000136,BTC,ZI-729914ef0d7b46aa2dc0dc05,无法判定,source-identity-1.0,50fb69f4c9eaf0418e36ef616069c2e1ff02282ba278e9c4b5807942acb2f7de,audit-20260805T005824+0800,完成,完整,26936fda3734b4f8ea42cea6188c533aeb26473a5dd6d7cd15cf53a592c5114a,未知,未知,未知,未知,未知,未知,未判定（缺少确切研究尺度合同）,未登记,无法判定,无法判定,无法判定,无法判定,无法判定,未判定（未登记到达时间合同）,无法判定,无法判定,717d3a2fd3bae60ec6485365211ee579c49778a4ed9985a2688fb0b288e48214,dq-rules-1.0,e87a78a94478584293d9fb3922bbb91882f48c58a8684db89186175facf03cc2,019010d64fe47d89c81bfaedafd458f1d886025bb34292c0c32eafcfa4392657,2b7230743bf9d6ae644921b1b131f15bf7c14adc4a03d163240014a26b20f12c,无法判定,未执行（第一门未通过）,未执行（无决策记录）,无法判定,decision_record_missing,来源身份已登记但没有获批历史决策记录登记；不读取候选正文，不构造样例记录,登记带来源证据的决策编号、决策时点、数据截止时间及三类时间合同；重新生成不可变批次
replay-20260805T012335+0800-3156feb21c31,DS-000136,ETH,ZI-8a4556082f31195079e25714,无法判定,source-identity-1.0,5c2fa22639306d5c0c2c11c0123336e44ec20870f1a26497c432dca05330ee6b,audit-20260805T005824+0800,完成,完整,26936fda3734b4f8ea42cea6188c533aeb26473a5dd6d7cd15cf53a592c5114a,未知,未知,未知,未知,未知,未知,未判定（缺少确切研究尺度合同）,未登记,无法判定,无法判定,无法判定,无法判定,无法判定,未判定（未登记到达时间合同）,无法判定,无法判定,717d3a2fd3bae60ec6485365211ee579c49778a4ed9985a2688fb0b288e48214,dq-rules-1.0,e87a78a94478584293d9fb3922bbb91882f48c58a8684db89186175facf03cc2,019010d64fe47d89c81bfaedafd458f1d886025bb34292c0c32eafcfa4392657,57f75d6855c52708eec3d1c7307717696cbf286843d6b639c1d87bb4f20c38d6,无法判定,未执行（第一门未通过）,未执行（无决策记录）,无法判定,decision_record_missing,来源身份已登记但没有获批历史决策记录登记；不读取候选正文，不构造样例记录,登记带来源证据的决策编号、决策时点、数据截止时间及三类时间合同；重新生成不可变批次
replay-20260805T012335+0800-3156feb21c31,DS-000137,BTC,ZI-5072f6e3c58e96622c5d5a39,无法判定,source-identity-1.0,3f71c1905f6fa3a9825907195be740ef7baa1e2e12715df823527fad5ad12a54,audit-20260805T005824+0800,完成,完整,23ffa8c8350e83fd09417c884746f8c6abf125661552c9906b79a37fe842ab48,未知,未知,未知,未知,未知,未知,未判定（缺少确切研究尺度合同）,未登记,无法判定,无法判定,无法判定,无法判定,无法判定,未判定（未登记到达时间合同）,无法判定,无法判定,717d3a2fd3bae60ec6485365211ee579c49778a4ed9985a2688fb0b288e48214,dq-rules-1.0,e87a78a94478584293d9fb3922bbb91882f48c58a8684db89186175facf03cc2,019010d64fe47d89c81bfaedafd458f1d886025bb34292c0c32eafcfa4392657,23b694b25bfc61fff9a7411b092f601d0c051b65bb01666b2d8d9e26cad29156,无法判定,未执行（第一门未通过）,未执行（无决策记录）,无法判定,decision_record_missing,来源身份已登记但没有获批历史决策记录登记；不读取候选正文，不构造样例记录,登记带来源证据的决策编号、决策时点、数据截止时间及三类时间合同；重新生成不可变批次
replay-20260805T012335+0800-3156feb21c31,DS-000137,ETH,ZI-7fbd50767008b59c67c6188b,无法判定,source-identity-1.0,da8888293225e1e1e8b29c79024f03812c449fe12961459079df1921dbe21813,audit-20260805T005824+0800,完成,完整,23ffa8c8350e83fd09417c884746f8c6abf125661552c9906b79a37fe842ab48,未知,未知,未知,未知,未知,未知,未判定（缺少确切研究尺度合同）,未登记,无法判定,无法判定,无法判定,无法判定,无法判定,未判定（未登记到达时间合同）,无法判定,无法判定,717d3a2fd3bae60ec6485365211ee579c49778a4ed9985a2688fb0b288e48214,dq-rules-1.0,e87a78a94478584293d9fb3922bbb91882f48c58a8684db89186175facf03cc2,019010d64fe47d89c81bfaedafd458f1d886025bb34292c0c32eafcfa4392657,821066c9d3af0d97c379e713c2c78c49ec4e780fb9425f17edb52553a445e5d4,无法判定,未执行（第一门未通过）,未执行（无决策记录）,无法判定,decision_record_missing,来源身份已登记但没有获批历史决策记录登记；不读取候选正文，不构造样例记录,登记带来源证据的决策编号、决策时点、数据截止时间及三类时间合同；重新生成不可变批次
replay-20260805T012335+0800-3156feb21c31,DS-000138,BTC,ZI-c561cdc026374378e8a7e1ed,无法判定,source-identity-1.0,ed516cbf59bb9f4c2b3aca1d84fabe32a9f86673b2c02f73d7d07c4f784ab410,audit-20260805T005824+0800,完成,完整,620f99905ab2cdb8f31644fba4765a6b077e5e0a1f66dab0924c0dce8cbb001d,未知,未知,未知,未知,未知,未知,未判定（缺少确切研究尺度合同）,未登记,无法判定,无法判定,无法判定,无法判定,无法判定,未判定（未登记到达时间合同）,无法判定,无法判定,717d3a2fd3bae60ec6485365211ee579c49778a4ed9985a2688fb0b288e48214,dq-rules-1.0,e87a78a94478584293d9fb3922bbb91882f48c58a8684db89186175facf03cc2,019010d64fe47d89c81bfaedafd458f1d886025bb34292c0c32eafcfa4392657,1f0d006b98f0b52b65a7f3dc4dae03453bd83a938e733b56c7009b0638064674,无法判定,未执行（第一门未通过）,未执行（无决策记录）,无法判定,decision_record_missing,来源身份已登记但没有获批历史决策记录登记；不读取候选正文，不构造样例记录,登记带来源证据的决策编号、决策时点、数据截止时间及三类时间合同；重新生成不可变批次
replay-20260805T012335+0800-3156feb21c31,DS-000138,ETH,ZI-d42dfffaf1e7325a9791ebb0,无法判定,source-identity-1.0,a5396c69befd1d5ea0ed059dd6ccf2d4ade2b8fee24c3ce574c57babc97b63d0,audit-20260805T005824+0800,完成,完整,620f99905ab2cdb8f31644fba4765a6b077e5e0a1f66dab0924c0dce8cbb001d,未知,未知,未知,未知,未知,未知,未判定（缺少确切研究尺度合同）,未登记,无法判定,无法判定,无法判定,无法判定,无法判定,未判定（未登记到达时间合同）,无法判定,无法判定,717d3a2fd3bae60ec6485365211ee579c49778a4ed9985a2688fb0b288e48214,dq-rules-1.0,e87a78a94478584293d9fb3922bbb91882f48c58a8684db89186175facf03cc2,019010d64fe47d89c81bfaedafd458f1d886025bb34292c0c32eafcfa4392657,71fcb724000494125d6f1547f1d784069ea3a36f53e18ea63267346d1077bf2b,无法判定,未执行（第一门未通过）,未执行（无决策记录）,无法判定,decision_record_missing,来源身份已登记但没有获批历史决策记录登记；不读取候选正文，不构造样例记录,登记带来源证据的决策编号、决策时点、数据截止时间及三类时间合同；重新生成不可变批次
replay-20260805T012335+0800-3156feb21c31,DS-000139,BTC,ZI-cbdce8e325cdea9138ef0d4e,无法判定,source-identity-1.0,abb14a1c50fd685c551ade6593df95921714507b2097d26c33aec3c58ad6a015,audit-20260805T005824+0800,完成,完整,2d4720067f665776816848f7b0fc9f512f29f31218e3036491c5a16511767724,未知,未知,未知,未知,未知,未知,未判定（缺少确切研究尺度合同）,未登记,无法判定,无法判定,无法判定,无法判定,无法判定,未判定（未登记到达时间合同）,无法判定,无法判定,717d3a2fd3bae60ec6485365211ee579c49778a4ed9985a2688fb0b288e48214,dq-rules-1.0,e87a78a94478584293d9fb3922bbb91882f48c58a8684db89186175facf03cc2,019010d64fe47d89c81bfaedafd458f1d886025bb34292c0c32eafcfa4392657,6ba7fb76a14fcea744bea75dc1354d907f9560ab60b8343bcf76807dd7be115b,无法判定,未执行（第一门未通过）,未执行（无决策记录）,无法判定,decision_record_missing,来源身份已登记但没有获批历史决策记录登记；不读取候选正文，不构造样例记录,登记带来源证据的决策编号、决策时点、数据截止时间及三类时间合同；重新生成不可变批次
replay-20260805T012335+0800-3156feb21c31,DS-000139,ETH,ZI-6f1fa6a3669f54977b46b883,无法判定,source-identity-1.0,5c93d1d880f58f5c203ecc0b27eff2e6cd500af38b9d0bc9e298226a74c1ae62,audit-20260805T005824+0800,完成,完整,2d4720067f665776816848f7b0fc9f512f29f31218e3036491c5a16511767724,未知,未知,未知,未知,未知,未知,未判定（缺少确切研究尺度合同）,未登记,无法判定,无法判定,无法判定,无法判定,无法判定,未判定（未登记到达时间合同）,无法判定,无法判定,717d3a2fd3bae60ec6485365211ee579c49778a4ed9985a2688fb0b288e48214,dq-rules-1.0,e87a78a94478584293d9fb3922bbb91882f48c58a8684db89186175facf03cc2,019010d64fe47d89c81bfaedafd458f1d886025bb34292c0c32eafcfa4392657,29f2e8c58c949d84162e96e880c43e225177b9c211105f94ed52c5f5d62975b2,无法判定,未执行（第一门未通过）,未执行（无决策记录）,无法判定,decision_record_missing,来源身份已登记但没有获批历史决策记录登记；不读取候选正文，不构造样例记录,登记带来源证据的决策编号、决策时点、数据截止时间及三类时间合同；重新生成不可变批次
replay-20260805T012335+0800-3156feb21c31,DS-000140,BTC,ZI-6e09551ca827697625cb6b3c,无法判定,source-identity-1.0,3c99061eb1e1d4b8ea8a2b83323823ba50f52f52f1a43b2c8eb0a0a77d55a6e4,audit-20260805T005824+0800,完成,完整,14196f73ba03e4665bfc3c62797c84cf2f86b31745815d8364dda517d4cf9dd5,未知,未知,未知,未知,未知,未知,未判定（缺少确切研究尺度合同）,未登记,无法判定,无法判定,无法判定,无法判定,无法判定,未判定（未登记到达时间合同）,无法判定,无法判定,717d3a2fd3bae60ec6485365211ee579c49778a4ed9985a2688fb0b288e48214,dq-rules-1.0,e87a78a94478584293d9fb3922bbb91882f48c58a8684db89186175facf03cc2,019010d64fe47d89c81bfaedafd458f1d886025bb34292c0c32eafcfa4392657,26a58ddbc44d54182f9df1c357eb6ac0ed0efdb0edc294087180f4bbec8fa455,无法判定,未执行（第一门未通过）,未执行（无决策记录）,无法判定,decision_record_missing,来源身份已登记但没有获批历史决策记录登记；不读取候选正文，不构造样例记录,登记带来源证据的决策编号、决策时点、数据截止时间及三类时间合同；重新生成不可变批次
replay-20260805T012335+0800-3156feb21c31,DS-000140,ETH,ZI-9ae4aebc405506a01a9d8535,无法判定,source-identity-1.0,6b254fc682fc1373551026ca36465a8e2b24b5d8c82181e829506a9a503bf7a7,audit-20260805T005824+0800,完成,完整,14196f73ba03e4665bfc3c62797c84cf2f86b31745815d8364dda517d4cf9dd5,未知,未知,未知,未知,未知,未知,未判定（缺少确切研究尺度合同）,未登记,无法判定,无法判定,无法判定,无法判定,无法判定,未判定（未登记到达时间合同）,无法判定,无法判定,717d3a2fd3bae60ec6485365211ee579c49778a4ed9985a2688fb0b288e48214,dq-rules-1.0,e87a78a94478584293d9fb3922bbb91882f48c58a8684db89186175facf03cc2,019010d64fe47d89c81bfaedafd458f1d886025bb34292c0c32eafcfa4392657,fb622bdb4b0a90fe7abcd5004fbe1bee95fb1d954b7deb6be47c8b9e17b20062,无法判定,未执行（第一门未通过）,未执行（无决策记录）,无法判定,decision_record_missing,来源身份已登记但没有获批历史决策记录登记；不读取候选正文，不构造样例记录,登记带来源证据的决策编号、决策时点、数据截止时间及三类时间合同；重新生成不可变批次
replay-20260805T012335+0800-3156feb21c31,DS-000141,BTC,ZI-6a81a9eab1027b343b73215a,无法判定,source-identity-1.0,29dc8df763c0708548e068beb31056416ebe0492e5f04be6c3cc9ed050547439,audit-20260805T005824+0800,完成,完整,a4e8c832289e1bd42f53b5a09494e9ce6967a2b9053c7c7163218f026d4ceded,未知,未知,未知,未知,未知,未知,未判定（缺少确切研究尺度合同）,未登记,无法判定,无法判定,无法判定,无法判定,无法判定,未判定（未登记到达时间合同）,无法判定,无法判定,717d3a2fd3bae60ec6485365211ee579c49778a4ed9985a2688fb0b288e48214,dq-rules-1.0,e87a78a94478584293d9fb3922bbb91882f48c58a8684db89186175facf03cc2,019010d64fe47d89c81bfaedafd458f1d886025bb34292c0c32eafcfa4392657,081e47c07348abd362483425444608f9b6850da490829df8aee348724ace78b4,无法判定,未执行（第一门未通过）,未执行（无决策记录）,无法判定,decision_record_missing,来源身份已登记但没有获批历史决策记录登记；不读取候选正文，不构造样例记录,登记带来源证据的决策编号、决策时点、数据截止时间及三类时间合同；重新生成不可变批次
replay-20260805T012335+0800-3156feb21c31,DS-000141,ETH,ZI-c4e271ec601f60ae22ae68de,无法判定,source-identity-1.0,b84e1096879c0b0d5393caf2eda43b9fa5afd0586c23ad82cf4af9ca2cfb624d,audit-20260805T005824+0800,完成,完整,a4e8c832289e1bd42f53b5a09494e9ce6967a2b9053c7c7163218f026d4ceded,未知,未知,未知,未知,未知,未知,未判定（缺少确切研究尺度合同）,未登记,无法判定,无法判定,无法判定,无法判定,无法判定,未判定（未登记到达时间合同）,无法判定,无法判定,717d3a2fd3bae60ec6485365211ee579c49778a4ed9985a2688fb0b288e48214,dq-rules-1.0,e87a78a94478584293d9fb3922bbb91882f48c58a8684db89186175facf03cc2,019010d64fe47d89c81bfaedafd458f1d886025bb34292c0c32eafcfa4392657,9d10b7742a8c9bc1cf9ee3c584effca85c5c710785b79233792d0dcc75d840ed,无法判定,未执行（第一门未通过）,未执行（无决策记录）,无法判定,decision_record_missing,来源身份已登记但没有获批历史决策记录登记；不读取候选正文，不构造样例记录,登记带来源证据的决策编号、决策时点、数据截止时间及三类时间合同；重新生成不可变批次
replay-20260805T012335+0800-3156feb21c31,DS-000142,BTC,ZI-009128c1d44092db64fb50b2,无法判定,source-identity-1.0,71dc7994d6bffde2dab2d9d7adf975c13f165fa62a2fd1306f0c5e3b71b82c5a,audit-20260805T005824+0800,完成,完整,e312fa066275c38aa00cc25ec9610e3dbbc49cfa5581095dfae79cf3463851cc,未知,未知,未知,未知,未知,未知,未判定（缺少确切研究尺度合同）,未登记,无法判定,无法判定,无法判定,无法判定,无法判定,未判定（未登记到达时间合同）,无法判定,无法判定,717d3a2fd3bae60ec6485365211ee579c49778a4ed9985a2688fb0b288e48214,dq-rules-1.0,e87a78a94478584293d9fb3922bbb91882f48c58a8684db89186175facf03cc2,019010d64fe47d89c81bfaedafd458f1d886025bb34292c0c32eafcfa4392657,fa2865a97132ec45ea429c01784e8a24e77606aaf9272cd6f94772a43a9216a4,无法判定,未执行（第一门未通过）,未执行（无决策记录）,无法判定,decision_record_missing,来源身份已登记但没有获批历史决策记录登记；不读取候选正文，不构造样例记录,登记带来源证据的决策编号、决策时点、数据截止时间及三类时间合同；重新生成不可变批次
replay-20260805T012335+0800-3156feb21c31,DS-000142,ETH,ZI-6342bb9c8d59867fd7bda81e,无法判定,source-identity-1.0,a12fd77e91f8faab4503df792f587c3e316afab0b8a2f8ab446f0850de5de8fa,audit-20260805T005824+0800,完成,完整,e312fa066275c38aa00cc25ec9610e3dbbc49cfa5581095dfae79cf3463851cc,未知,未知,未知,未知,未知,未知,未判定（缺少确切研究尺度合同）,未登记,无法判定,无法判定,无法判定,无法判定,无法判定,未判定（未登记到达时间合同）,无法判定,无法判定,717d3a2fd3bae60ec6485365211ee579c49778a4ed9985a2688fb0b288e48214,dq-rules-1.0,e87a78a94478584293d9fb3922bbb91882f48c58a8684db89186175facf03cc2,019010d64fe47d89c81bfaedafd458f1d886025bb34292c0c32eafcfa4392657,e0696c1bca643477f49bbdaca0aa3d79cf14a1588f8d82cc16263f7f699fcb29,无法判定,未执行（第一门未通过）,未执行（无决策记录）,无法判定,decision_record_missing,来源身份已登记但没有获批历史决策记录登记；不读取候选正文，不构造样例记录,登记带来源证据的决策编号、决策时点、数据截止时间及三类时间合同；重新生成不可变批次
replay-20260805T012335+0800-3156feb21c31,DS-000143,BTC,ZI-d98242a5fa6a990de942165a,无法判定,source-identity-1.0,c338d2b92269d74c4c9ee8610bfbab5a8ccb0f61a32c5b9c49807587962ae61d,audit-20260805T005824+0800,完成,完整,f2aae6640ebc7f76b8348c555393631da32aaeae5f8c1a34050ae2239fe9c35f,未知,未知,未知,未知,未知,未知,未判定（缺少确切研究尺度合同）,未登记,无法判定,无法判定,无法判定,无法判定,无法判定,未判定（未登记到达时间合同）,无法判定,无法判定,717d3a2fd3bae60ec6485365211ee579c49778a4ed9985a2688fb0b288e48214,dq-rules-1.0,e87a78a94478584293d9fb3922bbb91882f48c58a8684db89186175facf03cc2,019010d64fe47d89c81bfaedafd458f1d886025bb34292c0c32eafcfa4392657,07f632e24b66da9076188d62b7021f506d416d193fefdd1d6ae5178848f008f1,无法判定,未执行（第一门未通过）,未执行（无决策记录）,无法判定,decision_record_missing,来源身份已登记但没有获批历史决策记录登记；不读取候选正文，不构造样例记录,登记带来源证据的决策编号、决策时点、数据截止时间及三类时间合同；重新生成不可变批次
replay-20260805T012335+0800-3156feb21c31,DS-000143,ETH,ZI-489d5d8588e9630edc50e1b1,无法判定,source-identity-1.0,3fbd2862d1acbe3483974d1ddef701a8be08ff34db30c2aa2fafe95077355d29,audit-20260805T005824+0800,完成,完整,f2aae6640ebc7f76b8348c555393631da32aaeae5f8c1a34050ae2239fe9c35f,未知,未知,未知,未知,未知,未知,未判定（缺少确切研究尺度合同）,未登记,无法判定,无法判定,无法判定,无法判定,无法判定,未判定（未登记到达时间合同）,无法判定,无法判定,717d3a2fd3bae60ec6485365211ee579c49778a4ed9985a2688fb0b288e48214,dq-rules-1.0,e87a78a94478584293d9fb3922bbb91882f48c58a8684db89186175facf03cc2,019010d64fe47d89c81bfaedafd458f1d886025bb34292c0c32eafcfa4392657,ad6e99176ddb1f91e2cdbb6bd5e05150543a4e1a9224095cf9fa98b4bd84d1e7,无法判定,未执行（第一门未通过）,未执行（无决策记录）,无法判定,decision_record_missing,来源身份已登记但没有获批历史决策记录登记；不读取候选正文，不构造样例记录,登记带来源证据的决策编号、决策时点、数据截止时间及三类时间合同；重新生成不可变批次
replay-20260805T012335+0800-3156feb21c31,DS-000144,BTC,ZI-656064ee5ebd05df9e1d1d0b,无法判定,source-identity-1.0,c4aa73c2d092bb5878ae6625fd9981b40e90abe2ce788a85c7c7ee8e594f6075,audit-20260805T005824+0800,完成,完整,b190ddcabae51f177f7f68978d63b65a2f623c00d71f9b269a41f8cd89bce81c,未知,未知,未知,未知,未知,未知,未判定（缺少确切研究尺度合同）,未登记,无法判定,无法判定,无法判定,无法判定,无法判定,未判定（未登记到达时间合同）,无法判定,无法判定,717d3a2fd3bae60ec6485365211ee579c49778a4ed9985a2688fb0b288e48214,dq-rules-1.0,e87a78a94478584293d9fb3922bbb91882f48c58a8684db89186175facf03cc2,019010d64fe47d89c81bfaedafd458f1d886025bb34292c0c32eafcfa4392657,e1807dc9d889b783cb663d3fe828441e007c217eadfd61f20a2975fab78e4337,无法判定,未执行（第一门未通过）,未执行（无决策记录）,无法判定,decision_record_missing,来源身份已登记但没有获批历史决策记录登记；不读取候选正文，不构造样例记录,登记带来源证据的决策编号、决策时点、数据截止时间及三类时间合同；重新生成不可变批次
replay-20260805T012335+0800-3156feb21c31,DS-000144,ETH,ZI-eeabae9bad9c7be33d76a591,无法判定,source-identity-1.0,f9b426c3865bbadf2613c80df99bd4326488b2917963f82f571ca7c8d69e8359,audit-20260805T005824+0800,完成,完整,b190ddcabae51f177f7f68978d63b65a2f623c00d71f9b269a41f8cd89bce81c,未知,未知,未知,未知,未知,未知,未判定（缺少确切研究尺度合同）,未登记,无法判定,无法判定,无法判定,无法判定,无法判定,未判定（未登记到达时间合同）,无法判定,无法判定,717d3a2fd3bae60ec6485365211ee579c49778a4ed9985a2688fb0b288e48214,dq-rules-1.0,e87a78a94478584293d9fb3922bbb91882f48c58a8684db89186175facf03cc2,019010d64fe47d89c81bfaedafd458f1d886025bb34292c0c32eafcfa4392657,221c5572f3cdf5ca1276cd86847e8455d40cd75bc21147f8e104a589b152a04d,无法判定,未执行（第一门未通过）,未执行（无决策记录）,无法判定,decision_record_missing,来源身份已登记但没有获批历史决策记录登记；不读取候选正文，不构造样例记录,登记带来源证据的决策编号、决策时点、数据截止时间及三类时间合同；重新生成不可变批次
replay-20260805T012335+0800-3156feb21c31,DS-000145,BTC,ZI-1c10301302ee0cd7a93b0689,无法判定,source-identity-1.0,920a6b8175565836d914b31ab97aa782b26fdceea844d6c62827e5a48e484835,audit-20260805T005824+0800,完成,完整,a5199c2df6504f14ca71d6c87a28f73554fb769a0c6277e095a958054f46c2a3,未知,未知,未知,未知,未知,未知,未判定（缺少确切研究尺度合同）,未登记,无法判定,无法判定,无法判定,无法判定,无法判定,未判定（未登记到达时间合同）,无法判定,无法判定,717d3a2fd3bae60ec6485365211ee579c49778a4ed9985a2688fb0b288e48214,dq-rules-1.0,e87a78a94478584293d9fb3922bbb91882f48c58a8684db89186175facf03cc2,019010d64fe47d89c81bfaedafd458f1d886025bb34292c0c32eafcfa4392657,bff73fda4713af52688449290280fcca396cb8c53fbab87d00e2d92e04338b06,无法判定,未执行（第一门未通过）,未执行（无决策记录）,无法判定,decision_record_missing,来源身份已登记但没有获批历史决策记录登记；不读取候选正文，不构造样例记录,登记带来源证据的决策编号、决策时点、数据截止时间及三类时间合同；重新生成不可变批次
replay-20260805T012335+0800-3156feb21c31,DS-000145,ETH,ZI-8879fe92abceecb6a371d5c7,无法判定,source-identity-1.0,a162d99112fe4db0383b67febddb8805aa63be3c89ef150febdb5fb99cfe059f,audit-20260805T005824+0800,完成,完整,a5199c2df6504f14ca71d6c87a28f73554fb769a0c6277e095a958054f46c2a3,未知,未知,未知,未知,未知,未知,未判定（缺少确切研究尺度合同）,未登记,无法判定,无法判定,无法判定,无法判定,无法判定,未判定（未登记到达时间合同）,无法判定,无法判定,717d3a2fd3bae60ec6485365211ee579c49778a4ed9985a2688fb0b288e48214,dq-rules-1.0,e87a78a94478584293d9fb3922bbb91882f48c58a8684db89186175facf03cc2,019010d64fe47d89c81bfaedafd458f1d886025bb34292c0c32eafcfa4392657,a47ee1157fc40ee0cb99125c67f894ad1611a9bee2ef804384339a78b81defa1,无法判定,未执行（第一门未通过）,未执行（无决策记录）,无法判定,decision_record_missing,来源身份已登记但没有获批历史决策记录登记；不读取候选正文，不构造样例记录,登记带来源证据的决策编号、决策时点、数据截止时间及三类时间合同；重新生成不可变批次
replay-20260805T012335+0800-3156feb21c31,DS-000146,BTC,ZI-65304f632d8f816f8c997e85,无法判定,source-identity-1.0,938c6ab781ac401e487c7960bdbb2719e3abeceee69aa34c0387f5f368f1509c,audit-20260805T005824+0800,完成,完整,095c96e03c3c9029fa4735e3d785397f7c94db0023f7af686cdce03c9c19a9c6,未知,未知,未知,未知,未知,未知,未判定（缺少确切研究尺度合同）,未登记,无法判定,无法判定,无法判定,无法判定,无法判定,未判定（未登记到达时间合同）,无法判定,无法判定,717d3a2fd3bae60ec6485365211ee579c49778a4ed9985a2688fb0b288e48214,dq-rules-1.0,e87a78a94478584293d9fb3922bbb91882f48c58a8684db89186175facf03cc2,019010d64fe47d89c81bfaedafd458f1d886025bb34292c0c32eafcfa4392657,22b6d6fed0f0067ea9405a5dc4e84375dc9c211eee9c2de60bbd854aae071756,无法判定,未执行（第一门未通过）,未执行（无决策记录）,无法判定,decision_record_missing,来源身份已登记但没有获批历史决策记录登记；不读取候选正文，不构造样例记录,登记带来源证据的决策编号、决策时点、数据截止时间及三类时间合同；重新生成不可变批次
replay-20260805T012335+0800-3156feb21c31,DS-000146,ETH,ZI-9e34c2cb88810c462910e30d,无法判定,source-identity-1.0,daecc741d24c3dd96c1598f3b7debfacddf705913afa8e1695973a83bb90facb,audit-20260805T005824+0800,完成,完整,095c96e03c3c9029fa4735e3d785397f7c94db0023f7af686cdce03c9c19a9c6,未知,未知,未知,未知,未知,未知,未判定（缺少确切研究尺度合同）,未登记,无法判定,无法判定,无法判定,无法判定,无法判定,未判定（未登记到达时间合同）,无法判定,无法判定,717d3a2fd3bae60ec6485365211ee579c49778a4ed9985a2688fb0b288e48214,dq-rules-1.0,e87a78a94478584293d9fb3922bbb91882f48c58a8684db89186175facf03cc2,019010d64fe47d89c81bfaedafd458f1d886025bb34292c0c32eafcfa4392657,91584e3d05e27d74f557b31142fb56ccef6c07b37b88aa3bc50b96a52e03de3c,无法判定,未执行（第一门未通过）,未执行（无决策记录）,无法判定,decision_record_missing,来源身份已登记但没有获批历史决策记录登记；不读取候选正文，不构造样例记录,登记带来源证据的决策编号、决策时点、数据截止时间及三类时间合同；重新生成不可变批次
replay-20260805T012335+0800-3156feb21c31,DS-000147,BTC,ZI-16acf3cdbbc6cb6240495c7b,无法判定,source-identity-1.0,01b180c69b08085854614620f4649f06c89380959f80e92dec967896ca2c256f,audit-20260805T005824+0800,完成,完整,9dd4b4599f1e5ce92ec784f7ffcc54393a3c2d4498cc7a0a644e72a6534c780d,未知,未知,未知,未知,未知,未知,未判定（缺少确切研究尺度合同）,未登记,无法判定,无法判定,无法判定,无法判定,无法判定,未判定（未登记到达时间合同）,无法判定,无法判定,717d3a2fd3bae60ec6485365211ee579c49778a4ed9985a2688fb0b288e48214,dq-rules-1.0,e87a78a94478584293d9fb3922bbb91882f48c58a8684db89186175facf03cc2,019010d64fe47d89c81bfaedafd458f1d886025bb34292c0c32eafcfa4392657,6925b540ac9f1e1b131592323f839900c9de0897eb0874a06bb8b69c0bf1c5b5,无法判定,未执行（第一门未通过）,未执行（无决策记录）,无法判定,decision_record_missing,来源身份已登记但没有获批历史决策记录登记；不读取候选正文，不构造样例记录,登记带来源证据的决策编号、决策时点、数据截止时间及三类时间合同；重新生成不可变批次
replay-20260805T012335+0800-3156feb21c31,DS-000147,ETH,ZI-8461f08f625565257213a23c,无法判定,source-identity-1.0,0b06573c6497936165a12ed1a3beabe5a56452c3c68813c8e4aa4da8301dcf91,audit-20260805T005824+0800,完成,完整,9dd4b4599f1e5ce92ec784f7ffcc54393a3c2d4498cc7a0a644e72a6534c780d,未知,未知,未知,未知,未知,未知,未判定（缺少确切研究尺度合同）,未登记,无法判定,无法判定,无法判定,无法判定,无法判定,未判定（未登记到达时间合同）,无法判定,无法判定,717d3a2fd3bae60ec6485365211ee579c49778a4ed9985a2688fb0b288e48214,dq-rules-1.0,e87a78a94478584293d9fb3922bbb91882f48c58a8684db89186175facf03cc2,019010d64fe47d89c81bfaedafd458f1d886025bb34292c0c32eafcfa4392657,2fc150f9a77c19cae8b8d7d5c2dd1d13cdfd295b9f3543b5809859f915954c01,无法判定,未执行（第一门未通过）,未执行（无决策记录）,无法判定,decision_record_missing,来源身份已登记但没有获批历史决策记录登记；不读取候选正文，不构造样例记录,登记带来源证据的决策编号、决策时点、数据截止时间及三类时间合同；重新生成不可变批次
replay-20260805T012335+0800-3156feb21c31,DS-000148,BTC,ZI-5dfc284725b608d6c0455773,无法判定,source-identity-1.0,7ab0983e3e479d9bdf153765846001ff7498e4a7424fd4beaeb0ce5ac5dfdd15,audit-20260805T005824+0800,完成,完整,ebcfd7ecbfcebfe3bd36f6be321d4d5be1ce07fe641524ef28261b964abe1bd9,未知,未知,未知,未知,未知,未知,未判定（缺少确切研究尺度合同）,未登记,无法判定,无法判定,无法判定,无法判定,无法判定,未判定（未登记到达时间合同）,无法判定,无法判定,717d3a2fd3bae60ec6485365211ee579c49778a4ed9985a2688fb0b288e48214,dq-rules-1.0,e87a78a94478584293d9fb3922bbb91882f48c58a8684db89186175facf03cc2,019010d64fe47d89c81bfaedafd458f1d886025bb34292c0c32eafcfa4392657,fc0e1246bec0b123cb0f97944cff1e2250015e70415a945175fb585fa5295e58,无法判定,未执行（第一门未通过）,未执行（无决策记录）,无法判定,decision_record_missing,来源身份已登记但没有获批历史决策记录登记；不读取候选正文，不构造样例记录,登记带来源证据的决策编号、决策时点、数据截止时间及三类时间合同；重新生成不可变批次
replay-20260805T012335+0800-3156feb21c31,DS-000148,ETH,ZI-2ce49af2946877d7f4f7ea4b,无法判定,source-identity-1.0,78c8bcd24240f3e2f1234a7efdc1e5bde647753263c1403543abfd53e904e95f,audit-20260805T005824+0800,完成,完整,ebcfd7ecbfcebfe3bd36f6be321d4d5be1ce07fe641524ef28261b964abe1bd9,未知,未知,未知,未知,未知,未知,未判定（缺少确切研究尺度合同）,未登记,无法判定,无法判定,无法判定,无法判定,无法判定,未判定（未登记到达时间合同）,无法判定,无法判定,717d3a2fd3bae60ec6485365211ee579c49778a4ed9985a2688fb0b288e48214,dq-rules-1.0,e87a78a94478584293d9fb3922bbb91882f48c58a8684db89186175facf03cc2,019010d64fe47d89c81bfaedafd458f1d886025bb34292c0c32eafcfa4392657,3c15ae8be7115ce38234618f22d77f62cf7ea0b018b68402bd8c4b5566b9ec10,无法判定,未执行（第一门未通过）,未执行（无决策记录）,无法判定,decision_record_missing,来源身份已登记但没有获批历史决策记录登记；不读取候选正文，不构造样例记录,登记带来源证据的决策编号、决策时点、数据截止时间及三类时间合同；重新生成不可变批次
replay-20260805T012335+0800-3156feb21c31,DS-000149,BTC,ZI-fb04e2b97b0709831aeef170,无法判定,source-identity-1.0,8322ae44df71890f0a70e94bff25e8873789c3c93a7fc4332c20f5bd28e655cc,audit-20260805T005824+0800,完成,完整,353d4b94d532000de24c899bd9b399ba18755066c1eac1fbca4413c1d2402f95,未知,未知,未知,未知,未知,未知,未判定（缺少确切研究尺度合同）,未登记,无法判定,无法判定,无法判定,无法判定,无法判定,未判定（未登记到达时间合同）,无法判定,无法判定,717d3a2fd3bae60ec6485365211ee579c49778a4ed9985a2688fb0b288e48214,dq-rules-1.0,e87a78a94478584293d9fb3922bbb91882f48c58a8684db89186175facf03cc2,019010d64fe47d89c81bfaedafd458f1d886025bb34292c0c32eafcfa4392657,15aef8288be15b23acad7dfc6b00cfb99d2a10ee9dd467628e44dcf2a92af20b,无法判定,未执行（第一门未通过）,未执行（无决策记录）,无法判定,decision_record_missing,来源身份已登记但没有获批历史决策记录登记；不读取候选正文，不构造样例记录,登记带来源证据的决策编号、决策时点、数据截止时间及三类时间合同；重新生成不可变批次
replay-20260805T012335+0800-3156feb21c31,DS-000149,ETH,ZI-52ce2e32211b7fe8ae9f82c6,无法判定,source-identity-1.0,34056c1a38d233523eb6c4da7cc7f28c07851469b280c2807fc9f657fd1dad13,audit-20260805T005824+0800,完成,完整,353d4b94d532000de24c899bd9b399ba18755066c1eac1fbca4413c1d2402f95,未知,未知,未知,未知,未知,未知,未判定（缺少确切研究尺度合同）,未登记,无法判定,无法判定,无法判定,无法判定,无法判定,未判定（未登记到达时间合同）,无法判定,无法判定,717d3a2fd3bae60ec6485365211ee579c49778a4ed9985a2688fb0b288e48214,dq-rules-1.0,e87a78a94478584293d9fb3922bbb91882f48c58a8684db89186175facf03cc2,019010d64fe47d89c81bfaedafd458f1d886025bb34292c0c32eafcfa4392657,61449bede75e29fd24cd75b47dc6372d4defd279b7d3a44ca9ec0af2262e68be,无法判定,未执行（第一门未通过）,未执行（无决策记录）,无法判定,decision_record_missing,来源身份已登记但没有获批历史决策记录登记；不读取候选正文，不构造样例记录,登记带来源证据的决策编号、决策时点、数据截止时间及三类时间合同；重新生成不可变批次
replay-20260805T012335+0800-3156feb21c31,DS-000150,BTC,ZI-5e9e4d83ac97e26370280732,无法判定,source-identity-1.0,4d1e5c7bb3cb8d387b6860c4440c6ce631dd28f769d50f63ad7b1a685c349000,audit-20260805T005824+0800,完成,完整,d6631bfda65d69a4eca5a35030a5a228ee6129d7947b9faf4f44a593071044f1,未知,未知,未知,未知,未知,未知,未判定（缺少确切研究尺度合同）,未登记,无法判定,无法判定,无法判定,无法判定,无法判定,未判定（未登记到达时间合同）,无法判定,无法判定,717d3a2fd3bae60ec6485365211ee579c49778a4ed9985a2688fb0b288e48214,dq-rules-1.0,e87a78a94478584293d9fb3922bbb91882f48c58a8684db89186175facf03cc2,019010d64fe47d89c81bfaedafd458f1d886025bb34292c0c32eafcfa4392657,342e2a85cd83de518bfb2993885e0c7ae77febea3735dfcba32c10ff844ece8f,无法判定,未执行（第一门未通过）,未执行（无决策记录）,无法判定,decision_record_missing,来源身份已登记但没有获批历史决策记录登记；不读取候选正文，不构造样例记录,登记带来源证据的决策编号、决策时点、数据截止时间及三类时间合同；重新生成不可变批次
replay-20260805T012335+0800-3156feb21c31,DS-000150,ETH,ZI-49395e6c68a237ad8cf076ee,无法判定,source-identity-1.0,a513f755788dda9697c0c2012d18e9e5102e6f89642434afd18445bd1c9aaa0d,audit-20260805T005824+0800,完成,完整,d6631bfda65d69a4eca5a35030a5a228ee6129d7947b9faf4f44a593071044f1,未知,未知,未知,未知,未知,未知,未判定（缺少确切研究尺度合同）,未登记,无法判定,无法判定,无法判定,无法判定,无法判定,未判定（未登记到达时间合同）,无法判定,无法判定,717d3a2fd3bae60ec6485365211ee579c49778a4ed9985a2688fb0b288e48214,dq-rules-1.0,e87a78a94478584293d9fb3922bbb91882f48c58a8684db89186175facf03cc2,019010d64fe47d89c81bfaedafd458f1d886025bb34292c0c32eafcfa4392657,d7d6779d20930f8e403a5e7eeeb070ac8989cfc991061cce4442dbc447e4993d,无法判定,未执行（第一门未通过）,未执行（无决策记录）,无法判定,decision_record_missing,来源身份已登记但没有获批历史决策记录登记；不读取候选正文，不构造样例记录,登记带来源证据的决策编号、决策时点、数据截止时间及三类时间合同；重新生成不可变批次
replay-20260805T012335+0800-3156feb21c31,DS-000151,BTC,ZI-0424adadee4f47a70743fdba,无法判定,source-identity-1.0,39c0b5afff77b1efc1a86dbef4b16770c80b7c47f68d14736c22a31866d76afa,audit-20260805T005824+0800,完成,完整,343335a5eeee861ec5e6081cbd9dff82559abd61a0034c19c1a42f4ea3f01a3b,未知,未知,未知,未知,未知,未知,未判定（缺少确切研究尺度合同）,未登记,无法判定,无法判定,无法判定,无法判定,无法判定,未判定（未登记到达时间合同）,无法判定,无法判定,717d3a2fd3bae60ec6485365211ee579c49778a4ed9985a2688fb0b288e48214,dq-rules-1.0,e87a78a94478584293d9fb3922bbb91882f48c58a8684db89186175facf03cc2,019010d64fe47d89c81bfaedafd458f1d886025bb34292c0c32eafcfa4392657,c0667f9df827585f0d3ca8d4f6a8c9fc219892fe5c3d5933d6262a0def2d25b8,无法判定,未执行（第一门未通过）,未执行（无决策记录）,无法判定,decision_record_missing,来源身份已登记但没有获批历史决策记录登记；不读取候选正文，不构造样例记录,登记带来源证据的决策编号、决策时点、数据截止时间及三类时间合同；重新生成不可变批次
replay-20260805T012335+0800-3156feb21c31,DS-000151,ETH,ZI-5c9ff569ed602db0d19a25b4,无法判定,source-identity-1.0,71609e3b2a77b8d4da24440ac9770812dbb685f23bfe6c80804d33c18fd2ac84,audit-20260805T005824+0800,完成,完整,343335a5eeee861ec5e6081cbd9dff82559abd61a0034c19c1a42f4ea3f01a3b,未知,未知,未知,未知,未知,未知,未判定（缺少确切研究尺度合同）,未登记,无法判定,无法判定,无法判定,无法判定,无法判定,未判定（未登记到达时间合同）,无法判定,无法判定,717d3a2fd3bae60ec6485365211ee579c49778a4ed9985a2688fb0b288e48214,dq-rules-1.0,e87a78a94478584293d9fb3922bbb91882f48c58a8684db89186175facf03cc2,019010d64fe47d89c81bfaedafd458f1d886025bb34292c0c32eafcfa4392657,a0495409e634c1521fbac89c83f2cde953dcb5ea2bf575bb05c948a8e6379f58,无法判定,未执行（第一门未通过）,未执行（无决策记录）,无法判定,decision_record_missing,来源身份已登记但没有获批历史决策记录登记；不读取候选正文，不构造样例记录,登记带来源证据的决策编号、决策时点、数据截止时间及三类时间合同；重新生成不可变批次
replay-20260805T012335+0800-3156feb21c31,DS-000152,BTC,ZI-0c07e377a75105645df6b291,无法判定,source-identity-1.0,173f8238316b0c226f93962950d81f8a0636567626c356b74f13adf05eb1f568,audit-20260805T005824+0800,完成,完整,0e95871a22cad1478c89d5f511a82fe137f0985ab2021a9ae7d6ade0caee1182,未知,未知,未知,未知,未知,未知,未判定（缺少确切研究尺度合同）,未登记,无法判定,无法判定,无法判定,无法判定,无法判定,未判定（未登记到达时间合同）,无法判定,无法判定,717d3a2fd3bae60ec6485365211ee579c49778a4ed9985a2688fb0b288e48214,dq-rules-1.0,e87a78a94478584293d9fb3922bbb91882f48c58a8684db89186175facf03cc2,019010d64fe47d89c81bfaedafd458f1d886025bb34292c0c32eafcfa4392657,78de0926e82584dccaf175ded9f852384190e1174e7dc6330d985da76ef4ee80,无法判定,未执行（第一门未通过）,未执行（无决策记录）,无法判定,decision_record_missing,来源身份已登记但没有获批历史决策记录登记；不读取候选正文，不构造样例记录,登记带来源证据的决策编号、决策时点、数据截止时间及三类时间合同；重新生成不可变批次
replay-20260805T012335+0800-3156feb21c31,DS-000152,ETH,ZI-eb6b36437e73935e6892948b,无法判定,source-identity-1.0,2042596c88490763b9384d4e97fe8233dc690d6ee87de2045af9c0dd49153748,audit-20260805T005824+0800,完成,完整,0e95871a22cad1478c89d5f511a82fe137f0985ab2021a9ae7d6ade0caee1182,未知,未知,未知,未知,未知,未知,未判定（缺少确切研究尺度合同）,未登记,无法判定,无法判定,无法判定,无法判定,无法判定,未判定（未登记到达时间合同）,无法判定,无法判定,717d3a2fd3bae60ec6485365211ee579c49778a4ed9985a2688fb0b288e48214,dq-rules-1.0,e87a78a94478584293d9fb3922bbb91882f48c58a8684db89186175facf03cc2,019010d64fe47d89c81bfaedafd458f1d886025bb34292c0c32eafcfa4392657,7da2c8463debd9b3085b13a287e5b6f5e832ccf0d874d4f28ae867e8e7dd2272,无法判定,未执行（第一门未通过）,未执行（无决策记录）,无法判定,decision_record_missing,来源身份已登记但没有获批历史决策记录登记；不读取候选正文，不构造样例记录,登记带来源证据的决策编号、决策时点、数据截止时间及三类时间合同；重新生成不可变批次
replay-20260805T012335+0800-3156feb21c31,DS-000153,BTC,ZI-640d37576121e3a650ac0d2e,无法判定,source-identity-1.0,6906e878d5aeb97e5da079470fd2a3ca051ed10586084bf357be3e9d14b490d6,audit-20260805T005824+0800,完成,完整,58f293cea2cca05de3bec8caf98c4c1c1d71426fd14e11bb99321c10b8594c2e,未知,未知,未知,未知,未知,未知,未判定（缺少确切研究尺度合同）,未登记,无法判定,无法判定,无法判定,无法判定,无法判定,未判定（未登记到达时间合同）,无法判定,无法判定,717d3a2fd3bae60ec6485365211ee579c49778a4ed9985a2688fb0b288e48214,dq-rules-1.0,e87a78a94478584293d9fb3922bbb91882f48c58a8684db89186175facf03cc2,019010d64fe47d89c81bfaedafd458f1d886025bb34292c0c32eafcfa4392657,a95eb0011b248b98b216429a90574ad15f9d8271c787e2c37548f0abd8dc9669,无法判定,未执行（第一门未通过）,未执行（无决策记录）,无法判定,decision_record_missing,来源身份已登记但没有获批历史决策记录登记；不读取候选正文，不构造样例记录,登记带来源证据的决策编号、决策时点、数据截止时间及三类时间合同；重新生成不可变批次
replay-20260805T012335+0800-3156feb21c31,DS-000153,ETH,ZI-7d0eac7d55708c645db23f34,无法判定,source-identity-1.0,b14551a9439a0b90f618ba9a3586b3c8e164693afd2785891d62a4106ae27b2e,audit-20260805T005824+0800,完成,完整,58f293cea2cca05de3bec8caf98c4c1c1d71426fd14e11bb99321c10b8594c2e,未知,未知,未知,未知,未知,未知,未判定（缺少确切研究尺度合同）,未登记,无法判定,无法判定,无法判定,无法判定,无法判定,未判定（未登记到达时间合同）,无法判定,无法判定,717d3a2fd3bae60ec6485365211ee579c49778a4ed9985a2688fb0b288e48214,dq-rules-1.0,e87a78a94478584293d9fb3922bbb91882f48c58a8684db89186175facf03cc2,019010d64fe47d89c81bfaedafd458f1d886025bb34292c0c32eafcfa4392657,d210bf392c753c6e2f91626532c6ef3361964639ec212d0e24767789b1f720a5,无法判定,未执行（第一门未通过）,未执行（无决策记录）,无法判定,decision_record_missing,来源身份已登记但没有获批历史决策记录登记；不读取候选正文，不构造样例记录,登记带来源证据的决策编号、决策时点、数据截止时间及三类时间合同；重新生成不可变批次
replay-20260805T012335+0800-3156feb21c31,DS-000154,BTC,ZI-21ac823fa28df5c1e70a4664,无法判定,source-identity-1.0,2706cd198b5c57444505259f63a58a4f6ea5db4744578668bb23cd44601a1d85,audit-20260805T005824+0800,完成,完整,e9c459ed8687d8085d68bb80cb3ce3d8ffad8a36ea076e1737f38edc26b9d05f,未知,未知,未知,未知,未知,未知,未判定（缺少确切研究尺度合同）,未登记,无法判定,无法判定,无法判定,无法判定,无法判定,未判定（未登记到达时间合同）,无法判定,无法判定,717d3a2fd3bae60ec6485365211ee579c49778a4ed9985a2688fb0b288e48214,dq-rules-1.0,e87a78a94478584293d9fb3922bbb91882f48c58a8684db89186175facf03cc2,019010d64fe47d89c81bfaedafd458f1d886025bb34292c0c32eafcfa4392657,6e57d6e7ec1fcf9db37356230c0284b859166f2d21be6071a934ed6faf478b1a,无法判定,未执行（第一门未通过）,未执行（无决策记录）,无法判定,decision_record_missing,来源身份已登记但没有获批历史决策记录登记；不读取候选正文，不构造样例记录,登记带来源证据的决策编号、决策时点、数据截止时间及三类时间合同；重新生成不可变批次
replay-20260805T012335+0800-3156feb21c31,DS-000154,ETH,ZI-881ed8dfa8b5bd2659a6c1a3,无法判定,source-identity-1.0,d1d95058fa88fa1054746227888d6e1551f6c710bf4acdf89e2c17aa296e2eaf,audit-20260805T005824+0800,完成,完整,e9c459ed8687d8085d68bb80cb3ce3d8ffad8a36ea076e1737f38edc26b9d05f,未知,未知,未知,未知,未知,未知,未判定（缺少确切研究尺度合同）,未登记,无法判定,无法判定,无法判定,无法判定,无法判定,未判定（未登记到达时间合同）,无法判定,无法判定,717d3a2fd3bae60ec6485365211ee579c49778a4ed9985a2688fb0b288e48214,dq-rules-1.0,e87a78a94478584293d9fb3922bbb91882f48c58a8684db89186175facf03cc2,019010d64fe47d89c81bfaedafd458f1d886025bb34292c0c32eafcfa4392657,9e9c89b550e177dac7df28485745115cfd9b64042003563c6cd8cd3f0bae11a1,无法判定,未执行（第一门未通过）,未执行（无决策记录）,无法判定,decision_record_missing,来源身份已登记但没有获批历史决策记录登记；不读取候选正文，不构造样例记录,登记带来源证据的决策编号、决策时点、数据截止时间及三类时间合同；重新生成不可变批次
replay-20260805T012335+0800-3156feb21c31,DS-000155,BTC,ZI-cdad1cc147a20a41f7f2ee26,无法判定,source-identity-1.0,e589dc975dfc2308ab41a93d9be76d7f250eff1cf767cb828ca582b3a1cf1924,audit-20260805T005824+0800,完成,完整,9dd20ffd129fbe1c058f213d73686f1818e3b4e9792417559fac4443a94569c6,未知,未知,未知,未知,未知,未知,未判定（缺少确切研究尺度合同）,未登记,无法判定,无法判定,无法判定,无法判定,无法判定,未判定（未登记到达时间合同）,无法判定,无法判定,717d3a2fd3bae60ec6485365211ee579c49778a4ed9985a2688fb0b288e48214,dq-rules-1.0,e87a78a94478584293d9fb3922bbb91882f48c58a8684db89186175facf03cc2,019010d64fe47d89c81bfaedafd458f1d886025bb34292c0c32eafcfa4392657,f2596a6191b9e5ac336c8df4ec0274c0de03ab3bea61de656aa7e61a9bcb1b4d,无法判定,未执行（第一门未通过）,未执行（无决策记录）,无法判定,decision_record_missing,来源身份已登记但没有获批历史决策记录登记；不读取候选正文，不构造样例记录,登记带来源证据的决策编号、决策时点、数据截止时间及三类时间合同；重新生成不可变批次
replay-20260805T012335+0800-3156feb21c31,DS-000155,ETH,ZI-f73068a8f2789ebf663e39a2,无法判定,source-identity-1.0,9d8907eed2f6a6d046ca5cb0cb5c5041e3dd89721df3c8f58c97e5f6991c101a,audit-20260805T005824+0800,完成,完整,9dd20ffd129fbe1c058f213d73686f1818e3b4e9792417559fac4443a94569c6,未知,未知,未知,未知,未知,未知,未判定（缺少确切研究尺度合同）,未登记,无法判定,无法判定,无法判定,无法判定,无法判定,未判定（未登记到达时间合同）,无法判定,无法判定,717d3a2fd3bae60ec6485365211ee579c49778a4ed9985a2688fb0b288e48214,dq-rules-1.0,e87a78a94478584293d9fb3922bbb91882f48c58a8684db89186175facf03cc2,019010d64fe47d89c81bfaedafd458f1d886025bb34292c0c32eafcfa4392657,b9709967031db1636e8252f21ec9fe537f5c852da6d406bdb3f058fa831cbfd4,无法判定,未执行（第一门未通过）,未执行（无决策记录）,无法判定,decision_record_missing,来源身份已登记但没有获批历史决策记录登记；不读取候选正文，不构造样例记录,登记带来源证据的决策编号、决策时点、数据截止时间及三类时间合同；重新生成不可变批次
replay-20260805T012335+0800-3156feb21c31,DS-000156,BTC,ZI-6939ba155854862e518e6009,无法判定,source-identity-1.0,b61eda18f256c7b11bbc5fbeaf45b0c79ebdf10c340d4ac25c61f2f967305082,audit-20260805T005824+0800,完成,完整,55c06c205e344251bd43f2db660d616cc39c02b0b419ee0cc4b054880b9f374b,未知,未知,未知,未知,未知,未知,未判定（缺少确切研究尺度合同）,未登记,无法判定,无法判定,无法判定,无法判定,无法判定,未判定（未登记到达时间合同）,无法判定,无法判定,717d3a2fd3bae60ec6485365211ee579c49778a4ed9985a2688fb0b288e48214,dq-rules-1.0,e87a78a94478584293d9fb3922bbb91882f48c58a8684db89186175facf03cc2,019010d64fe47d89c81bfaedafd458f1d886025bb34292c0c32eafcfa4392657,4c2bb2bccb26812b5ecfb9d217f9a4ae43b40e76308ba3a7fa5116503ba2ead1,无法判定,未执行（第一门未通过）,未执行（无决策记录）,无法判定,decision_record_missing,来源身份已登记但没有获批历史决策记录登记；不读取候选正文，不构造样例记录,登记带来源证据的决策编号、决策时点、数据截止时间及三类时间合同；重新生成不可变批次
replay-20260805T012335+0800-3156feb21c31,DS-000156,ETH,ZI-ea32ed6152cd1b5d242e9e24,无法判定,source-identity-1.0,1dc1a677c438640de1958614b9ea635cd6e565e20e68771928eb27d22c133f92,audit-20260805T005824+0800,完成,完整,55c06c205e344251bd43f2db660d616cc39c02b0b419ee0cc4b054880b9f374b,未知,未知,未知,未知,未知,未知,未判定（缺少确切研究尺度合同）,未登记,无法判定,无法判定,无法判定,无法判定,无法判定,未判定（未登记到达时间合同）,无法判定,无法判定,717d3a2fd3bae60ec6485365211ee579c49778a4ed9985a2688fb0b288e48214,dq-rules-1.0,e87a78a94478584293d9fb3922bbb91882f48c58a8684db89186175facf03cc2,019010d64fe47d89c81bfaedafd458f1d886025bb34292c0c32eafcfa4392657,96ff541d077c62e4f624c39dac781d1e90258d939e00717004427696b14a7bfa,无法判定,未执行（第一门未通过）,未执行（无决策记录）,无法判定,decision_record_missing,来源身份已登记但没有获批历史决策记录登记；不读取候选正文，不构造样例记录,登记带来源证据的决策编号、决策时点、数据截止时间及三类时间合同；重新生成不可变批次
replay-20260805T012335+0800-3156feb21c31,DS-000157,BTC,ZI-94557927f00d78aaf5722db0,无法判定,source-identity-1.0,e5b9404cbbe0670da4cdcb3b8c24a48d4b73d91a812e5f681fcc1efb85dd910f,audit-20260805T005824+0800,完成,完整,537559a8a77752d025ea6840fb3b2f481a9c6ba68b725d17238b0d9b8737998e,未知,未知,未知,未知,未知,未知,未判定（缺少确切研究尺度合同）,未登记,无法判定,无法判定,无法判定,无法判定,无法判定,未判定（未登记到达时间合同）,无法判定,无法判定,717d3a2fd3bae60ec6485365211ee579c49778a4ed9985a2688fb0b288e48214,dq-rules-1.0,e87a78a94478584293d9fb3922bbb91882f48c58a8684db89186175facf03cc2,019010d64fe47d89c81bfaedafd458f1d886025bb34292c0c32eafcfa4392657,fd2152062cbeb2cfc75c505504090fb59fca6e4071e844ddd88dd333f0c58f22,无法判定,未执行（第一门未通过）,未执行（无决策记录）,无法判定,decision_record_missing,来源身份已登记但没有获批历史决策记录登记；不读取候选正文，不构造样例记录,登记带来源证据的决策编号、决策时点、数据截止时间及三类时间合同；重新生成不可变批次
replay-20260805T012335+0800-3156feb21c31,DS-000157,ETH,ZI-981a8cf3dd538295a0a64b3f,无法判定,source-identity-1.0,e7df5f418a98beb826af39ca80fc7b8791986928eca19495e6b4d28a454e3148,audit-20260805T005824+0800,完成,完整,537559a8a77752d025ea6840fb3b2f481a9c6ba68b725d17238b0d9b8737998e,未知,未知,未知,未知,未知,未知,未判定（缺少确切研究尺度合同）,未登记,无法判定,无法判定,无法判定,无法判定,无法判定,未判定（未登记到达时间合同）,无法判定,无法判定,717d3a2fd3bae60ec6485365211ee579c49778a4ed9985a2688fb0b288e48214,dq-rules-1.0,e87a78a94478584293d9fb3922bbb91882f48c58a8684db89186175facf03cc2,019010d64fe47d89c81bfaedafd458f1d886025bb34292c0c32eafcfa4392657,1cd2089c377e1cc390452a62d61d08614272e2dea7051a8f3176bdc07b7f89ea,无法判定,未执行（第一门未通过）,未执行（无决策记录）,无法判定,decision_record_missing,来源身份已登记但没有获批历史决策记录登记；不读取候选正文，不构造样例记录,登记带来源证据的决策编号、决策时点、数据截止时间及三类时间合同；重新生成不可变批次
replay-20260805T012335+0800-3156feb21c31,DS-000158,BTC,ZI-7617512dc642e8f9c0fc1dfc,无法判定,source-identity-1.0,d32181487583a41c881efbdfe2bd63e2d89f4e7a03b15ac43a9900616edb5925,audit-20260805T005824+0800,完成,完整,d6deef12c10cbafb827bbc9eefacdb7c95ff5b90db53ac6821dada6ef2233971,未知,未知,未知,未知,未知,未知,未判定（缺少确切研究尺度合同）,未登记,无法判定,无法判定,无法判定,无法判定,无法判定,未判定（未登记到达时间合同）,无法判定,无法判定,717d3a2fd3bae60ec6485365211ee579c49778a4ed9985a2688fb0b288e48214,dq-rules-1.0,e87a78a94478584293d9fb3922bbb91882f48c58a8684db89186175facf03cc2,019010d64fe47d89c81bfaedafd458f1d886025bb34292c0c32eafcfa4392657,76571e7be58cbe4c0e8b65dc1217ba00747b06baa668d84beb920ea557dd9d44,无法判定,未执行（第一门未通过）,未执行（无决策记录）,无法判定,decision_record_missing,来源身份已登记但没有获批历史决策记录登记；不读取候选正文，不构造样例记录,登记带来源证据的决策编号、决策时点、数据截止时间及三类时间合同；重新生成不可变批次
replay-20260805T012335+0800-3156feb21c31,DS-000158,ETH,ZI-e138d2140805838d1a7c0162,无法判定,source-identity-1.0,472c13fc2eccd738bbc67b1482a82f2807852f549f0eb9e6c8a5615c708256c8,audit-20260805T005824+0800,完成,完整,d6deef12c10cbafb827bbc9eefacdb7c95ff5b90db53ac6821dada6ef2233971,未知,未知,未知,未知,未知,未知,未判定（缺少确切研究尺度合同）,未登记,无法判定,无法判定,无法判定,无法判定,无法判定,未判定（未登记到达时间合同）,无法判定,无法判定,717d3a2fd3bae60ec6485365211ee579c49778a4ed9985a2688fb0b288e48214,dq-rules-1.0,e87a78a94478584293d9fb3922bbb91882f48c58a8684db89186175facf03cc2,019010d64fe47d89c81bfaedafd458f1d886025bb34292c0c32eafcfa4392657,fb6827236fa35535aa0e13e97423f5a448dfe3fa9fdfaeb88680c5edcc122c25,无法判定,未执行（第一门未通过）,未执行（无决策记录）,无法判定,decision_record_missing,来源身份已登记但没有获批历史决策记录登记；不读取候选正文，不构造样例记录,登记带来源证据的决策编号、决策时点、数据截止时间及三类时间合同；重新生成不可变批次
replay-20260805T012335+0800-3156feb21c31,DS-000159,BTC,ZI-e4239ea33b886b3a8126a033,无法判定,source-identity-1.0,2b90283e88cf5f25e8bfc551c9c7b837cae6ebc074d00cff911488f491276875,audit-20260805T005824+0800,完成,完整,40d5d77f1bdb009eb2923d75e72c63cf8bb833f67526c3ad19bc870f1a584d65,未知,未知,未知,未知,未知,未知,未判定（缺少确切研究尺度合同）,未登记,无法判定,无法判定,无法判定,无法判定,无法判定,未判定（未登记到达时间合同）,无法判定,无法判定,717d3a2fd3bae60ec6485365211ee579c49778a4ed9985a2688fb0b288e48214,dq-rules-1.0,e87a78a94478584293d9fb3922bbb91882f48c58a8684db89186175facf03cc2,019010d64fe47d89c81bfaedafd458f1d886025bb34292c0c32eafcfa4392657,91d54132e62379df4b2affe96b25a78fe0d64d4bf1e52e0a9b558ac9e7a442f2,无法判定,未执行（第一门未通过）,未执行（无决策记录）,无法判定,decision_record_missing,来源身份已登记但没有获批历史决策记录登记；不读取候选正文，不构造样例记录,登记带来源证据的决策编号、决策时点、数据截止时间及三类时间合同；重新生成不可变批次
replay-20260805T012335+0800-3156feb21c31,DS-000159,ETH,ZI-389611b782028a821d4fd2fd,无法判定,source-identity-1.0,6306b63cd5fe96f67432cc94d274b40eaf3f93a43e35a641c6f3d4db037b5dfd,audit-20260805T005824+0800,完成,完整,40d5d77f1bdb009eb2923d75e72c63cf8bb833f67526c3ad19bc870f1a584d65,未知,未知,未知,未知,未知,未知,未判定（缺少确切研究尺度合同）,未登记,无法判定,无法判定,无法判定,无法判定,无法判定,未判定（未登记到达时间合同）,无法判定,无法判定,717d3a2fd3bae60ec6485365211ee579c49778a4ed9985a2688fb0b288e48214,dq-rules-1.0,e87a78a94478584293d9fb3922bbb91882f48c58a8684db89186175facf03cc2,019010d64fe47d89c81bfaedafd458f1d886025bb34292c0c32eafcfa4392657,4dac46330a613744addd601372d6173f0e6293d0babca4e6b260e41281deed93,无法判定,未执行（第一门未通过）,未执行（无决策记录）,无法判定,decision_record_missing,来源身份已登记但没有获批历史决策记录登记；不读取候选正文，不构造样例记录,登记带来源证据的决策编号、决策时点、数据截止时间及三类时间合同；重新生成不可变批次
replay-20260805T012335+0800-3156feb21c31,DS-000160,BTC,ZI-f6ab3dfe71d4fa1f19c5dc34,无法判定,source-identity-1.0,5bd2a69ad0ae866a4139872327d72ca6ed2d79f9c96f86679e93ea7e9e74853d,audit-20260805T005824+0800,完成,完整,538484ed2754643ebd0cbc454be3fd0e6b4a23b9ba09a4777b71d69ea56e4094,未知,未知,未知,未知,未知,未知,未判定（缺少确切研究尺度合同）,未登记,无法判定,无法判定,无法判定,无法判定,无法判定,未判定（未登记到达时间合同）,无法判定,无法判定,717d3a2fd3bae60ec6485365211ee579c49778a4ed9985a2688fb0b288e48214,dq-rules-1.0,e87a78a94478584293d9fb3922bbb91882f48c58a8684db89186175facf03cc2,019010d64fe47d89c81bfaedafd458f1d886025bb34292c0c32eafcfa4392657,d7669d06cadd38e0c7d28dad598b8b1f40e181e77e07e583ba9b12329a3d2f07,无法判定,未执行（第一门未通过）,未执行（无决策记录）,无法判定,decision_record_missing,来源身份已登记但没有获批历史决策记录登记；不读取候选正文，不构造样例记录,登记带来源证据的决策编号、决策时点、数据截止时间及三类时间合同；重新生成不可变批次
replay-20260805T012335+0800-3156feb21c31,DS-000160,ETH,ZI-ff9e46ee8a8d96eb44d5bf39,无法判定,source-identity-1.0,c30d4f7eba832ed6a4a289d80d2af8a10dea08af79023d1df89ecd5413f19b79,audit-20260805T005824+0800,完成,完整,538484ed2754643ebd0cbc454be3fd0e6b4a23b9ba09a4777b71d69ea56e4094,未知,未知,未知,未知,未知,未知,未判定（缺少确切研究尺度合同）,未登记,无法判定,无法判定,无法判定,无法判定,无法判定,未判定（未登记到达时间合同）,无法判定,无法判定,717d3a2fd3bae60ec6485365211ee579c49778a4ed9985a2688fb0b288e48214,dq-rules-1.0,e87a78a94478584293d9fb3922bbb91882f48c58a8684db89186175facf03cc2,019010d64fe47d89c81bfaedafd458f1d886025bb34292c0c32eafcfa4392657,331d35d9143df7adf20c587d59c4aaf0e37dc74b074f6999589471bfecf3ab68,无法判定,未执行（第一门未通过）,未执行（无决策记录）,无法判定,decision_record_missing,来源身份已登记但没有获批历史决策记录登记；不读取候选正文，不构造样例记录,登记带来源证据的决策编号、决策时点、数据截止时间及三类时间合同；重新生成不可变批次
replay-20260805T012335+0800-3156feb21c31,DS-000161,BTC,ZI-d9887ba0784f6c2473f97059,无法判定,source-identity-1.0,a99d4de3c68db9f1619426ea477a14ee012a3d886cd907fdbed009e1eb8767f5,audit-20260805T005824+0800,完成,完整,2a923b09bd452ab6e16ee90cd1d34c6a58d4d8066f39e20f0e9294d70d4c79a3,未知,未知,未知,未知,未知,未知,未判定（缺少确切研究尺度合同）,未登记,无法判定,无法判定,无法判定,无法判定,无法判定,未判定（未登记到达时间合同）,无法判定,无法判定,717d3a2fd3bae60ec6485365211ee579c49778a4ed9985a2688fb0b288e48214,dq-rules-1.0,e87a78a94478584293d9fb3922bbb91882f48c58a8684db89186175facf03cc2,019010d64fe47d89c81bfaedafd458f1d886025bb34292c0c32eafcfa4392657,3f66e0229ef1093a693ae0113daa0c97ea30104ea7804a6c107097385c01458a,无法判定,未执行（第一门未通过）,未执行（无决策记录）,无法判定,decision_record_missing,来源身份已登记但没有获批历史决策记录登记；不读取候选正文，不构造样例记录,登记带来源证据的决策编号、决策时点、数据截止时间及三类时间合同；重新生成不可变批次
replay-20260805T012335+0800-3156feb21c31,DS-000161,ETH,ZI-f9d8ea08ef193804ac5c2d24,无法判定,source-identity-1.0,f6ec81cc6169700d7b5017ed232446b73aa5a2fb7118f4157ce30c8eb563e4ed,audit-20260805T005824+0800,完成,完整,2a923b09bd452ab6e16ee90cd1d34c6a58d4d8066f39e20f0e9294d70d4c79a3,未知,未知,未知,未知,未知,未知,未判定（缺少确切研究尺度合同）,未登记,无法判定,无法判定,无法判定,无法判定,无法判定,未判定（未登记到达时间合同）,无法判定,无法判定,717d3a2fd3bae60ec6485365211ee579c49778a4ed9985a2688fb0b288e48214,dq-rules-1.0,e87a78a94478584293d9fb3922bbb91882f48c58a8684db89186175facf03cc2,019010d64fe47d89c81bfaedafd458f1d886025bb34292c0c32eafcfa4392657,8cc01cccbd379b0eb30614d578889c8f2afb11ba84c67d374b20d442eeb76d24,无法判定,未执行（第一门未通过）,未执行（无决策记录）,无法判定,decision_record_missing,来源身份已登记但没有获批历史决策记录登记；不读取候选正文，不构造样例记录,登记带来源证据的决策编号、决策时点、数据截止时间及三类时间合同；重新生成不可变批次
replay-20260805T012335+0800-3156feb21c31,DS-000162,BTC,ZI-455991cb8b0b7e308ee383e8,无法判定,source-identity-1.0,3f98a4a2c4da233be3262ea0cbcc5a9324fd41af3e7d717f0ce665e25216e42c,audit-20260805T005824+0800,完成,完整,678f0ea1393ca3ccdbdf891962ff269a0c660234fb8219b531888e92a2e25dbd,未知,未知,未知,未知,未知,未知,未判定（缺少确切研究尺度合同）,未登记,无法判定,无法判定,无法判定,无法判定,无法判定,未判定（未登记到达时间合同）,无法判定,无法判定,717d3a2fd3bae60ec6485365211ee579c49778a4ed9985a2688fb0b288e48214,dq-rules-1.0,e87a78a94478584293d9fb3922bbb91882f48c58a8684db89186175facf03cc2,019010d64fe47d89c81bfaedafd458f1d886025bb34292c0c32eafcfa4392657,4d7543fde45b5922a817a00265d4ac69ee802dc1ab8da55f3ee775b606ceb2fa,无法判定,未执行（第一门未通过）,未执行（无决策记录）,无法判定,decision_record_missing,来源身份已登记但没有获批历史决策记录登记；不读取候选正文，不构造样例记录,登记带来源证据的决策编号、决策时点、数据截止时间及三类时间合同；重新生成不可变批次
replay-20260805T012335+0800-3156feb21c31,DS-000162,ETH,ZI-e6288ec06bff9cdf648b4042,无法判定,source-identity-1.0,c1642885ff36209dec26b8a0f9b3143ac79bb6be8dd66c1f6c264b4be79469fe,audit-20260805T005824+0800,完成,完整,678f0ea1393ca3ccdbdf891962ff269a0c660234fb8219b531888e92a2e25dbd,未知,未知,未知,未知,未知,未知,未判定（缺少确切研究尺度合同）,未登记,无法判定,无法判定,无法判定,无法判定,无法判定,未判定（未登记到达时间合同）,无法判定,无法判定,717d3a2fd3bae60ec6485365211ee579c49778a4ed9985a2688fb0b288e48214,dq-rules-1.0,e87a78a94478584293d9fb3922bbb91882f48c58a8684db89186175facf03cc2,019010d64fe47d89c81bfaedafd458f1d886025bb34292c0c32eafcfa4392657,1dd99f86bc793f833927988d1857f983254adbfde2c875428f6ad125bc12edae,无法判定,未执行（第一门未通过）,未执行（无决策记录）,无法判定,decision_record_missing,来源身份已登记但没有获批历史决策记录登记；不读取候选正文，不构造样例记录,登记带来源证据的决策编号、决策时点、数据截止时间及三类时间合同；重新生成不可变批次
replay-20260805T012335+0800-3156feb21c31,DS-000163,BTC,ZI-d66eff48ef4c87b84424c5f3,无法判定,source-identity-1.0,7dccf758508a8295f6da162ad5ffc816cf064cfca01117f8d5410b9abc39fd63,audit-20260805T005824+0800,完成,完整,d4847849db81fa1cbd47b75af714d99c76940421361c279ed8d915be879ef5f4,未知,未知,未知,未知,未知,未知,未判定（缺少确切研究尺度合同）,未登记,无法判定,无法判定,无法判定,无法判定,无法判定,未判定（未登记到达时间合同）,无法判定,无法判定,717d3a2fd3bae60ec6485365211ee579c49778a4ed9985a2688fb0b288e48214,dq-rules-1.0,e87a78a94478584293d9fb3922bbb91882f48c58a8684db89186175facf03cc2,019010d64fe47d89c81bfaedafd458f1d886025bb34292c0c32eafcfa4392657,a8a53a56a9f226d18839d50bcaa4ff0caee7f5db3cf6eb7bf1ecf5a72b932f99,无法判定,未执行（第一门未通过）,未执行（无决策记录）,无法判定,decision_record_missing,来源身份已登记但没有获批历史决策记录登记；不读取候选正文，不构造样例记录,登记带来源证据的决策编号、决策时点、数据截止时间及三类时间合同；重新生成不可变批次
replay-20260805T012335+0800-3156feb21c31,DS-000163,ETH,ZI-80b98789c86787fb429ef2e3,无法判定,source-identity-1.0,35b2ff09da2841dfea511415f367fcc71f2a367a257c6e67d5c031e6fd609564,audit-20260805T005824+0800,完成,完整,d4847849db81fa1cbd47b75af714d99c76940421361c279ed8d915be879ef5f4,未知,未知,未知,未知,未知,未知,未判定（缺少确切研究尺度合同）,未登记,无法判定,无法判定,无法判定,无法判定,无法判定,未判定（未登记到达时间合同）,无法判定,无法判定,717d3a2fd3bae60ec6485365211ee579c49778a4ed9985a2688fb0b288e48214,dq-rules-1.0,e87a78a94478584293d9fb3922bbb91882f48c58a8684db89186175facf03cc2,019010d64fe47d89c81bfaedafd458f1d886025bb34292c0c32eafcfa4392657,0a609920a4a87a0e2598e0930f6bbee38c063d4a512857315a471010461898f6,无法判定,未执行（第一门未通过）,未执行（无决策记录）,无法判定,decision_record_missing,来源身份已登记但没有获批历史决策记录登记；不读取候选正文，不构造样例记录,登记带来源证据的决策编号、决策时点、数据截止时间及三类时间合同；重新生成不可变批次
replay-20260805T012335+0800-3156feb21c31,DS-000164,BTC,ZI-17947f8323f81e7134b3ea1c,拒绝,source-identity-1.0,485586f00838de7b34fcd5512c6c078c3eda558fb1d4e10e5894910fb55a9158,audit-20260805T005824+0800,完成,完整,71feee0f20fd99a73533e69cdf2ad5221bc861e15fa147169ecdaa02719f2ed4,未知,未知,未知,未知,未知,未知,未判定（缺少确切研究尺度合同）,未登记,无法判定,无法判定,无法判定,无法判定,无法判定,未判定（未登记到达时间合同）,无法判定,无法判定,717d3a2fd3bae60ec6485365211ee579c49778a4ed9985a2688fb0b288e48214,dq-rules-1.0,e87a78a94478584293d9fb3922bbb91882f48c58a8684db89186175facf03cc2,019010d64fe47d89c81bfaedafd458f1d886025bb34292c0c32eafcfa4392657,686fe6ba0e056ccefcdf72e8534fa7fd4b026ec2e5f08dacb7e307ed76b3cced,拒绝,未执行（第一门未通过）,未执行（无决策记录）,拒绝,input_identity_drift,来源身份成员或质量批次显示输入身份漂移，禁止载入历史现场,登记带来源证据的决策编号、决策时点、数据截止时间及三类时间合同；重新生成不可变批次
replay-20260805T012335+0800-3156feb21c31,DS-000164,ETH,ZI-1a15f6cb7a7b389c7ce47d98,拒绝,source-identity-1.0,5b5294cae6023b16cfcf7d0cb207f7f637fc520f9b274b8bac0f52cfa676585a,audit-20260805T005824+0800,完成,完整,71feee0f20fd99a73533e69cdf2ad5221bc861e15fa147169ecdaa02719f2ed4,未知,未知,未知,未知,未知,未知,未判定（缺少确切研究尺度合同）,未登记,无法判定,无法判定,无法判定,无法判定,无法判定,未判定（未登记到达时间合同）,无法判定,无法判定,717d3a2fd3bae60ec6485365211ee579c49778a4ed9985a2688fb0b288e48214,dq-rules-1.0,e87a78a94478584293d9fb3922bbb91882f48c58a8684db89186175facf03cc2,019010d64fe47d89c81bfaedafd458f1d886025bb34292c0c32eafcfa4392657,19a52a3f4a2a50b6816d6e733db4e0ec6363c831728c7bd8de7e744ad6ce0e8e,拒绝,未执行（第一门未通过）,未执行（无决策记录）,拒绝,input_identity_drift,来源身份成员或质量批次显示输入身份漂移，禁止载入历史现场,登记带来源证据的决策编号、决策时点、数据截止时间及三类时间合同；重新生成不可变批次
replay-20260805T012335+0800-3156feb21c31,DS-000165,BTC,ZI-f26abf407f8b04d24370113f,无法判定,source-identity-1.0,075ed1c85f1a64862814c9e29c101aa3c417cfb90a868d95c269cde11c81beb7,audit-20260805T005824+0800,完成,完整,f48786adda8248082d28114245df4bf5c5f3bb02670090e81d6611d46524532b,未知,未知,未知,未知,未知,未知,未判定（缺少确切研究尺度合同）,未登记,无法判定,无法判定,无法判定,无法判定,无法判定,未判定（未登记到达时间合同）,无法判定,无法判定,717d3a2fd3bae60ec6485365211ee579c49778a4ed9985a2688fb0b288e48214,dq-rules-1.0,e87a78a94478584293d9fb3922bbb91882f48c58a8684db89186175facf03cc2,019010d64fe47d89c81bfaedafd458f1d886025bb34292c0c32eafcfa4392657,619cf09c7417b49d857eee77c210287008827a4b56dc982462e18910419a92f0,无法判定,未执行（第一门未通过）,未执行（无决策记录）,无法判定,decision_record_missing,来源身份已登记但没有获批历史决策记录登记；不读取候选正文，不构造样例记录,登记带来源证据的决策编号、决策时点、数据截止时间及三类时间合同；重新生成不可变批次
replay-20260805T012335+0800-3156feb21c31,DS-000165,ETH,ZI-1941dc115ef30ebc9b56f4af,无法判定,source-identity-1.0,b6b6b9d5f81c92a6c80dc94593fd538383986cb5a488117977358c5b6c72f9ad,audit-20260805T005824+0800,完成,完整,f48786adda8248082d28114245df4bf5c5f3bb02670090e81d6611d46524532b,未知,未知,未知,未知,未知,未知,未判定（缺少确切研究尺度合同）,未登记,无法判定,无法判定,无法判定,无法判定,无法判定,未判定（未登记到达时间合同）,无法判定,无法判定,717d3a2fd3bae60ec6485365211ee579c49778a4ed9985a2688fb0b288e48214,dq-rules-1.0,e87a78a94478584293d9fb3922bbb91882f48c58a8684db89186175facf03cc2,019010d64fe47d89c81bfaedafd458f1d886025bb34292c0c32eafcfa4392657,8e5d0bb32a646ae4ae3e3c56d973c03c5d79caa78464e6e315ba15839d04ef92,无法判定,未执行（第一门未通过）,未执行（无决策记录）,无法判定,decision_record_missing,来源身份已登记但没有获批历史决策记录登记；不读取候选正文，不构造样例记录,登记带来源证据的决策编号、决策时点、数据截止时间及三类时间合同；重新生成不可变批次
replay-20260805T012335+0800-3156feb21c31,DS-000166,BTC,ZI-4b9d46c03dd6f781351926e4,无法判定,source-identity-1.0,abb05696f05f5fa1cccab7d74bf570573d8a162d883b290961fef56354d9f3a9,audit-20260805T005824+0800,完成,完整,56c6a7575cb5086cc0cdd6648f38323799d3791fcef57472e9c262f8354f4e59,未知,未知,未知,未知,未知,未知,未判定（缺少确切研究尺度合同）,未登记,无法判定,无法判定,无法判定,无法判定,无法判定,未判定（未登记到达时间合同）,无法判定,无法判定,717d3a2fd3bae60ec6485365211ee579c49778a4ed9985a2688fb0b288e48214,dq-rules-1.0,e87a78a94478584293d9fb3922bbb91882f48c58a8684db89186175facf03cc2,019010d64fe47d89c81bfaedafd458f1d886025bb34292c0c32eafcfa4392657,26e06e12320f4d4e1ca382d457b4a61324c98855ccc32982702ba7688a6027ac,无法判定,未执行（第一门未通过）,未执行（无决策记录）,无法判定,decision_record_missing,来源身份已登记但没有获批历史决策记录登记；不读取候选正文，不构造样例记录,登记带来源证据的决策编号、决策时点、数据截止时间及三类时间合同；重新生成不可变批次
replay-20260805T012335+0800-3156feb21c31,DS-000166,ETH,ZI-314e1e22c6f8101d223a88b5,无法判定,source-identity-1.0,25077cb1b0313b1edfbc085e8c52173e8aaaee2becc67bf4ea8454e632fbd0d4,audit-20260805T005824+0800,完成,完整,56c6a7575cb5086cc0cdd6648f38323799d3791fcef57472e9c262f8354f4e59,未知,未知,未知,未知,未知,未知,未判定（缺少确切研究尺度合同）,未登记,无法判定,无法判定,无法判定,无法判定,无法判定,未判定（未登记到达时间合同）,无法判定,无法判定,717d3a2fd3bae60ec6485365211ee579c49778a4ed9985a2688fb0b288e48214,dq-rules-1.0,e87a78a94478584293d9fb3922bbb91882f48c58a8684db89186175facf03cc2,019010d64fe47d89c81bfaedafd458f1d886025bb34292c0c32eafcfa4392657,cedad7629e4f2ec2f286d5ff5228eeb5cb087e6f29e3c3159b3746fea9fcef19,无法判定,未执行（第一门未通过）,未执行（无决策记录）,无法判定,decision_record_missing,来源身份已登记但没有获批历史决策记录登记；不读取候选正文，不构造样例记录,登记带来源证据的决策编号、决策时点、数据截止时间及三类时间合同；重新生成不可变批次
replay-20260805T012335+0800-3156feb21c31,DS-000167,BTC,ZI-34dff9049f1d369afb466555,无法判定,source-identity-1.0,f876cece82130a8219818a752dca8807584a81ac6c7f0df24bad803bed711ba2,audit-20260805T005824+0800,完成,完整,8836dd28036240c35b6c3e9808ea7740467dcb164f61aba97230b0e6b9843c09,未知,未知,未知,未知,未知,未知,未判定（缺少确切研究尺度合同）,未登记,无法判定,无法判定,无法判定,无法判定,无法判定,未判定（未登记到达时间合同）,无法判定,无法判定,717d3a2fd3bae60ec6485365211ee579c49778a4ed9985a2688fb0b288e48214,dq-rules-1.0,e87a78a94478584293d9fb3922bbb91882f48c58a8684db89186175facf03cc2,019010d64fe47d89c81bfaedafd458f1d886025bb34292c0c32eafcfa4392657,1f777f1e5a7296f262f015af1c6a39d5ba94798270fd2cbe0f67c1e920ad2ca2,无法判定,未执行（第一门未通过）,未执行（无决策记录）,无法判定,decision_record_missing,来源身份已登记但没有获批历史决策记录登记；不读取候选正文，不构造样例记录,登记带来源证据的决策编号、决策时点、数据截止时间及三类时间合同；重新生成不可变批次
replay-20260805T012335+0800-3156feb21c31,DS-000167,ETH,ZI-5fd2b1e41bc22cd80f22c222,无法判定,source-identity-1.0,3c312c2553dc58ef26befa5ad9f20d020013ad44975a2837e45792da6686f693,audit-20260805T005824+0800,完成,完整,8836dd28036240c35b6c3e9808ea7740467dcb164f61aba97230b0e6b9843c09,未知,未知,未知,未知,未知,未知,未判定（缺少确切研究尺度合同）,未登记,无法判定,无法判定,无法判定,无法判定,无法判定,未判定（未登记到达时间合同）,无法判定,无法判定,717d3a2fd3bae60ec6485365211ee579c49778a4ed9985a2688fb0b288e48214,dq-rules-1.0,e87a78a94478584293d9fb3922bbb91882f48c58a8684db89186175facf03cc2,019010d64fe47d89c81bfaedafd458f1d886025bb34292c0c32eafcfa4392657,d59b202b4f6d12c6545ff09433fb05f89aba6bc93720bb62b62968e70dd9fffb,无法判定,未执行（第一门未通过）,未执行（无决策记录）,无法判定,decision_record_missing,来源身份已登记但没有获批历史决策记录登记；不读取候选正文，不构造样例记录,登记带来源证据的决策编号、决策时点、数据截止时间及三类时间合同；重新生成不可变批次
replay-20260805T012335+0800-3156feb21c31,DS-000168,BTC,ZI-e55942224685f7d269286e18,无法判定,source-identity-1.0,9c9ea69886588f8f23ed8db2dc76e7d402e7aee18d61a7531c2ca64bc6b45698,audit-20260805T005824+0800,完成,完整,7e45df5d6d7bf251b7477db4e79d73fc9d82d14110a27d55e17380c05e2be8e3,未知,未知,未知,未知,未知,未知,未判定（缺少确切研究尺度合同）,未登记,无法判定,无法判定,无法判定,无法判定,无法判定,未判定（未登记到达时间合同）,无法判定,无法判定,717d3a2fd3bae60ec6485365211ee579c49778a4ed9985a2688fb0b288e48214,dq-rules-1.0,e87a78a94478584293d9fb3922bbb91882f48c58a8684db89186175facf03cc2,019010d64fe47d89c81bfaedafd458f1d886025bb34292c0c32eafcfa4392657,3bae4224df1beb248e175b895d8e86dac4696a7cd30a0b703fb896b292d4d08f,无法判定,未执行（第一门未通过）,未执行（无决策记录）,无法判定,decision_record_missing,来源身份已登记但没有获批历史决策记录登记；不读取候选正文，不构造样例记录,登记带来源证据的决策编号、决策时点、数据截止时间及三类时间合同；重新生成不可变批次
replay-20260805T012335+0800-3156feb21c31,DS-000168,ETH,ZI-89c2b7f24c75afde7f33de90,无法判定,source-identity-1.0,ef014e5e9a97c75b33e925f3b5f3aa2d6f0482f31ede3340d13d7ff6ec7fd516,audit-20260805T005824+0800,完成,完整,7e45df5d6d7bf251b7477db4e79d73fc9d82d14110a27d55e17380c05e2be8e3,未知,未知,未知,未知,未知,未知,未判定（缺少确切研究尺度合同）,未登记,无法判定,无法判定,无法判定,无法判定,无法判定,未判定（未登记到达时间合同）,无法判定,无法判定,717d3a2fd3bae60ec6485365211ee579c49778a4ed9985a2688fb0b288e48214,dq-rules-1.0,e87a78a94478584293d9fb3922bbb91882f48c58a8684db89186175facf03cc2,019010d64fe47d89c81bfaedafd458f1d886025bb34292c0c32eafcfa4392657,feed789ac65eb5b3a4533550f526e83a6dfe2580a11b956ac8cf3f32d146bac7,无法判定,未执行（第一门未通过）,未执行（无决策记录）,无法判定,decision_record_missing,来源身份已登记但没有获批历史决策记录登记；不读取候选正文，不构造样例记录,登记带来源证据的决策编号、决策时点、数据截止时间及三类时间合同；重新生成不可变批次
replay-20260805T012335+0800-3156feb21c31,DS-000169,BTC,ZI-5a84cfbc430a960cd28000ec,无法判定,source-identity-1.0,a20defaeaf0aa7cd93ff2987e743cf7899df8ed78964a429fc139fdbd3f887b1,audit-20260805T005824+0800,完成,完整,3613bca8cb78f7a4bc131b6acd7b201234e3af8e7094e5c378dfdfb473c0af8a,未知,未知,未知,未知,未知,未知,未判定（缺少确切研究尺度合同）,未登记,无法判定,无法判定,无法判定,无法判定,无法判定,未判定（未登记到达时间合同）,无法判定,无法判定,717d3a2fd3bae60ec6485365211ee579c49778a4ed9985a2688fb0b288e48214,dq-rules-1.0,e87a78a94478584293d9fb3922bbb91882f48c58a8684db89186175facf03cc2,019010d64fe47d89c81bfaedafd458f1d886025bb34292c0c32eafcfa4392657,86121b752905eb98e12d58ea22e399d81e6286d493f8e52fa99f5f9bf8b80a4c,无法判定,未执行（第一门未通过）,未执行（无决策记录）,无法判定,decision_record_missing,来源身份已登记但没有获批历史决策记录登记；不读取候选正文，不构造样例记录,登记带来源证据的决策编号、决策时点、数据截止时间及三类时间合同；重新生成不可变批次
replay-20260805T012335+0800-3156feb21c31,DS-000169,ETH,ZI-be12db97204165cc34d89468,无法判定,source-identity-1.0,c286ff47b30852e94ad1b5bc3812ddcb3120f704f9b77eab9bd758293e40dae3,audit-20260805T005824+0800,完成,完整,3613bca8cb78f7a4bc131b6acd7b201234e3af8e7094e5c378dfdfb473c0af8a,未知,未知,未知,未知,未知,未知,未判定（缺少确切研究尺度合同）,未登记,无法判定,无法判定,无法判定,无法判定,无法判定,未判定（未登记到达时间合同）,无法判定,无法判定,717d3a2fd3bae60ec6485365211ee579c49778a4ed9985a2688fb0b288e48214,dq-rules-1.0,e87a78a94478584293d9fb3922bbb91882f48c58a8684db89186175facf03cc2,019010d64fe47d89c81bfaedafd458f1d886025bb34292c0c32eafcfa4392657,84e2d1c311938ad7710f1a0ea932532a33fa8e688f59ab4e9e5fda99c7171bbd,无法判定,未执行（第一门未通过）,未执行（无决策记录）,无法判定,decision_record_missing,来源身份已登记但没有获批历史决策记录登记；不读取候选正文，不构造样例记录,登记带来源证据的决策编号、决策时点、数据截止时间及三类时间合同；重新生成不可变批次
replay-20260805T012335+0800-3156feb21c31,DS-000170,BTC,ZI-fb526a38ae5fd3aa09ae64ae,无法判定,source-identity-1.0,93e78b1f256348a8c302518acfe6caab5dac34de05ad92d365bfac2549850914,audit-20260805T005824+0800,完成,完整,c3db3d0e55c48e7b6204d2132febbb5dff266ca71bf6b427d144f9575a8f4afd,未知,未知,未知,未知,未知,未知,未判定（缺少确切研究尺度合同）,未登记,无法判定,无法判定,无法判定,无法判定,无法判定,未判定（未登记到达时间合同）,无法判定,无法判定,717d3a2fd3bae60ec6485365211ee579c49778a4ed9985a2688fb0b288e48214,dq-rules-1.0,e87a78a94478584293d9fb3922bbb91882f48c58a8684db89186175facf03cc2,019010d64fe47d89c81bfaedafd458f1d886025bb34292c0c32eafcfa4392657,bf64745c9e512d3c753b0dc72a630ca657b03ecefafe59f743ee7c7cc1330da5,无法判定,未执行（第一门未通过）,未执行（无决策记录）,无法判定,decision_record_missing,来源身份已登记但没有获批历史决策记录登记；不读取候选正文，不构造样例记录,登记带来源证据的决策编号、决策时点、数据截止时间及三类时间合同；重新生成不可变批次
replay-20260805T012335+0800-3156feb21c31,DS-000170,ETH,ZI-7975e6ac233ceb6fe112822a,无法判定,source-identity-1.0,5bb1a2e45a65a77073e3a59dcf8740a49b2eb2c307e9bac4e5007b5fcd587c74,audit-20260805T005824+0800,完成,完整,c3db3d0e55c48e7b6204d2132febbb5dff266ca71bf6b427d144f9575a8f4afd,未知,未知,未知,未知,未知,未知,未判定（缺少确切研究尺度合同）,未登记,无法判定,无法判定,无法判定,无法判定,无法判定,未判定（未登记到达时间合同）,无法判定,无法判定,717d3a2fd3bae60ec6485365211ee579c49778a4ed9985a2688fb0b288e48214,dq-rules-1.0,e87a78a94478584293d9fb3922bbb91882f48c58a8684db89186175facf03cc2,019010d64fe47d89c81bfaedafd458f1d886025bb34292c0c32eafcfa4392657,1c47833918a3f7e11b41f86d2ca3365424110ef8ea3bb90cdd7bbe4bd9d481ee,无法判定,未执行（第一门未通过）,未执行（无决策记录）,无法判定,decision_record_missing,来源身份已登记但没有获批历史决策记录登记；不读取候选正文，不构造样例记录,登记带来源证据的决策编号、决策时点、数据截止时间及三类时间合同；重新生成不可变批次
replay-20260805T012335+0800-3156feb21c31,DS-000171,BTC,ZI-7d429d1f623c63bbc6f1ef8e,无法判定,source-identity-1.0,5366e0d8dc4881df7ff0383464a1bf99d49eff11aac676081bda9ce13379db77,audit-20260805T005824+0800,完成,完整,5dd219b17189dab00e7aca20d74b23f98711b2ca6eb619d46b4fdd023e3165dd,未知,未知,未知,未知,未知,未知,未判定（缺少确切研究尺度合同）,未登记,无法判定,无法判定,无法判定,无法判定,无法判定,未判定（未登记到达时间合同）,无法判定,无法判定,717d3a2fd3bae60ec6485365211ee579c49778a4ed9985a2688fb0b288e48214,dq-rules-1.0,e87a78a94478584293d9fb3922bbb91882f48c58a8684db89186175facf03cc2,019010d64fe47d89c81bfaedafd458f1d886025bb34292c0c32eafcfa4392657,ac876a4641ab3d33afc0871e5652883b671e57421f0d363bcbb9b5737c376ddb,无法判定,未执行（第一门未通过）,未执行（无决策记录）,无法判定,decision_record_missing,来源身份已登记但没有获批历史决策记录登记；不读取候选正文，不构造样例记录,登记带来源证据的决策编号、决策时点、数据截止时间及三类时间合同；重新生成不可变批次
replay-20260805T012335+0800-3156feb21c31,DS-000171,ETH,ZI-8e1e251ad2644c622fe3251d,无法判定,source-identity-1.0,f4a3699f3d0eaccf1921ceb0a0de635968da1d5296857d4498bfd1aa84cce11e,audit-20260805T005824+0800,完成,完整,5dd219b17189dab00e7aca20d74b23f98711b2ca6eb619d46b4fdd023e3165dd,未知,未知,未知,未知,未知,未知,未判定（缺少确切研究尺度合同）,未登记,无法判定,无法判定,无法判定,无法判定,无法判定,未判定（未登记到达时间合同）,无法判定,无法判定,717d3a2fd3bae60ec6485365211ee579c49778a4ed9985a2688fb0b288e48214,dq-rules-1.0,e87a78a94478584293d9fb3922bbb91882f48c58a8684db89186175facf03cc2,019010d64fe47d89c81bfaedafd458f1d886025bb34292c0c32eafcfa4392657,36464a2e14d5911a11a62b95341004f22e67b9640f520e9ebb112ecd61bc76eb,无法判定,未执行（第一门未通过）,未执行（无决策记录）,无法判定,decision_record_missing,来源身份已登记但没有获批历史决策记录登记；不读取候选正文，不构造样例记录,登记带来源证据的决策编号、决策时点、数据截止时间及三类时间合同；重新生成不可变批次
replay-20260805T012335+0800-3156feb21c31,DS-000172,BTC,ZI-aac1bb06a6b99207067ded53,无法判定,source-identity-1.0,c3d343e674eb3e19eb9874da999ebce7736ba98e95fd010df8912035921f4348,audit-20260805T005824+0800,完成,完整,347009a02e72f7232a2662f3f48726eb1f86ed7478861190b6e32293fb020201,未知,未知,未知,未知,未知,未知,未判定（缺少确切研究尺度合同）,未登记,无法判定,无法判定,无法判定,无法判定,无法判定,未判定（未登记到达时间合同）,无法判定,无法判定,717d3a2fd3bae60ec6485365211ee579c49778a4ed9985a2688fb0b288e48214,dq-rules-1.0,e87a78a94478584293d9fb3922bbb91882f48c58a8684db89186175facf03cc2,019010d64fe47d89c81bfaedafd458f1d886025bb34292c0c32eafcfa4392657,df3e51294d938006e96a1dea3ad2fdd52a75dbfc0762d0fc17153cb468513812,无法判定,未执行（第一门未通过）,未执行（无决策记录）,无法判定,decision_record_missing,来源身份已登记但没有获批历史决策记录登记；不读取候选正文，不构造样例记录,登记带来源证据的决策编号、决策时点、数据截止时间及三类时间合同；重新生成不可变批次
replay-20260805T012335+0800-3156feb21c31,DS-000172,ETH,ZI-aa4e4e76bfed966005c708d6,无法判定,source-identity-1.0,fa61690c6954a8116b70b957a6fae6a45a4c1aed099745d847f51100c66afcee,audit-20260805T005824+0800,完成,完整,347009a02e72f7232a2662f3f48726eb1f86ed7478861190b6e32293fb020201,未知,未知,未知,未知,未知,未知,未判定（缺少确切研究尺度合同）,未登记,无法判定,无法判定,无法判定,无法判定,无法判定,未判定（未登记到达时间合同）,无法判定,无法判定,717d3a2fd3bae60ec6485365211ee579c49778a4ed9985a2688fb0b288e48214,dq-rules-1.0,e87a78a94478584293d9fb3922bbb91882f48c58a8684db89186175facf03cc2,019010d64fe47d89c81bfaedafd458f1d886025bb34292c0c32eafcfa4392657,8cb309371f0cdc0c761cfe8872f24b45aaae42be199e45b8ad99f63cb4b8edab,无法判定,未执行（第一门未通过）,未执行（无决策记录）,无法判定,decision_record_missing,来源身份已登记但没有获批历史决策记录登记；不读取候选正文，不构造样例记录,登记带来源证据的决策编号、决策时点、数据截止时间及三类时间合同；重新生成不可变批次
replay-20260805T012335+0800-3156feb21c31,DS-000173,BTC,ZI-fa106fa26030d60d8965c34b,无法判定,source-identity-1.0,86f0af7c81915f6eb93ac63c5d2a9393f09f1d9cdf32cb440cc55419b5bc942d,audit-20260805T005824+0800,完成,完整,9acc9578573999b8914f6e270326ff74faf0baf6ba0d36ad33701f1ec03d32d3,未知,未知,未知,未知,未知,未知,未判定（缺少确切研究尺度合同）,未登记,无法判定,无法判定,无法判定,无法判定,无法判定,未判定（未登记到达时间合同）,无法判定,无法判定,717d3a2fd3bae60ec6485365211ee579c49778a4ed9985a2688fb0b288e48214,dq-rules-1.0,e87a78a94478584293d9fb3922bbb91882f48c58a8684db89186175facf03cc2,019010d64fe47d89c81bfaedafd458f1d886025bb34292c0c32eafcfa4392657,1a892db47e6d1b6ed66437a58cd0b3ae3a36c41cace85c60427c4d6d95e02cf4,无法判定,未执行（第一门未通过）,未执行（无决策记录）,无法判定,decision_record_missing,来源身份已登记但没有获批历史决策记录登记；不读取候选正文，不构造样例记录,登记带来源证据的决策编号、决策时点、数据截止时间及三类时间合同；重新生成不可变批次
replay-20260805T012335+0800-3156feb21c31,DS-000173,ETH,ZI-69c85807fb109670f590ba46,无法判定,source-identity-1.0,4895d163f597bac2800189e8196eff7640785512808cc8c387f9a9862ceb44f3,audit-20260805T005824+0800,完成,完整,9acc9578573999b8914f6e270326ff74faf0baf6ba0d36ad33701f1ec03d32d3,未知,未知,未知,未知,未知,未知,未判定（缺少确切研究尺度合同）,未登记,无法判定,无法判定,无法判定,无法判定,无法判定,未判定（未登记到达时间合同）,无法判定,无法判定,717d3a2fd3bae60ec6485365211ee579c49778a4ed9985a2688fb0b288e48214,dq-rules-1.0,e87a78a94478584293d9fb3922bbb91882f48c58a8684db89186175facf03cc2,019010d64fe47d89c81bfaedafd458f1d886025bb34292c0c32eafcfa4392657,9bf6ae29c05255ffc5481431eb18d4d1fd5a98bd1cdcda332b6789e4b9255451,无法判定,未执行（第一门未通过）,未执行（无决策记录）,无法判定,decision_record_missing,来源身份已登记但没有获批历史决策记录登记；不读取候选正文，不构造样例记录,登记带来源证据的决策编号、决策时点、数据截止时间及三类时间合同；重新生成不可变批次
replay-20260805T012335+0800-3156feb21c31,DS-000174,BTC,ZI-a395eafdee634d105fbc037f,无法判定,source-identity-1.0,5033fcf492f87f6859858427c4024273a5c221c7ce52abc1cb5b3433c2432756,audit-20260805T005824+0800,完成,完整,2c40dd9fdfc936546c69482135498a6c590697a96916defa80fc5db8ed5512b9,未知,未知,未知,未知,未知,未知,未判定（缺少确切研究尺度合同）,未登记,无法判定,无法判定,无法判定,无法判定,无法判定,未判定（未登记到达时间合同）,无法判定,无法判定,717d3a2fd3bae60ec6485365211ee579c49778a4ed9985a2688fb0b288e48214,dq-rules-1.0,e87a78a94478584293d9fb3922bbb91882f48c58a8684db89186175facf03cc2,019010d64fe47d89c81bfaedafd458f1d886025bb34292c0c32eafcfa4392657,1826f0df50581845a649274afc213a4087886f20581d8adb59aae9c0e9b27ade,无法判定,未执行（第一门未通过）,未执行（无决策记录）,无法判定,decision_record_missing,来源身份已登记但没有获批历史决策记录登记；不读取候选正文，不构造样例记录,登记带来源证据的决策编号、决策时点、数据截止时间及三类时间合同；重新生成不可变批次
replay-20260805T012335+0800-3156feb21c31,DS-000174,ETH,ZI-0cb93df8f9f6ba3feaff5d8c,无法判定,source-identity-1.0,0e9513622a5c5ae600511c56bf83905e3b8343080b3e1895504bcae0a9e9fc98,audit-20260805T005824+0800,完成,完整,2c40dd9fdfc936546c69482135498a6c590697a96916defa80fc5db8ed5512b9,未知,未知,未知,未知,未知,未知,未判定（缺少确切研究尺度合同）,未登记,无法判定,无法判定,无法判定,无法判定,无法判定,未判定（未登记到达时间合同）,无法判定,无法判定,717d3a2fd3bae60ec6485365211ee579c49778a4ed9985a2688fb0b288e48214,dq-rules-1.0,e87a78a94478584293d9fb3922bbb91882f48c58a8684db89186175facf03cc2,019010d64fe47d89c81bfaedafd458f1d886025bb34292c0c32eafcfa4392657,7966647a57ee6983c67a8527628429a62c5844ec186ffe972b92f19ae043ff46,无法判定,未执行（第一门未通过）,未执行（无决策记录）,无法判定,decision_record_missing,来源身份已登记但没有获批历史决策记录登记；不读取候选正文，不构造样例记录,登记带来源证据的决策编号、决策时点、数据截止时间及三类时间合同；重新生成不可变批次
replay-20260805T012335+0800-3156feb21c31,DS-000175,BTC,ZI-1152bffa2435f07af09dc124,无法判定,source-identity-1.0,765a61f1347caa352056b01cc29dfd9be3fec73bedfa0c005f314fc00bc2ca90,audit-20260805T005824+0800,完成,完整,d61ed493188b73c4be1153b8fa0fe4d6aa3575e9253aebb67873ccee85f9bca9,未知,未知,未知,未知,未知,未知,未判定（缺少确切研究尺度合同）,未登记,无法判定,无法判定,无法判定,无法判定,无法判定,未判定（未登记到达时间合同）,无法判定,无法判定,717d3a2fd3bae60ec6485365211ee579c49778a4ed9985a2688fb0b288e48214,dq-rules-1.0,e87a78a94478584293d9fb3922bbb91882f48c58a8684db89186175facf03cc2,019010d64fe47d89c81bfaedafd458f1d886025bb34292c0c32eafcfa4392657,61b857eccb25ca64eadee708044b4b754b5e614fdadeac6d13ef08666f688241,无法判定,未执行（第一门未通过）,未执行（无决策记录）,无法判定,decision_record_missing,来源身份已登记但没有获批历史决策记录登记；不读取候选正文，不构造样例记录,登记带来源证据的决策编号、决策时点、数据截止时间及三类时间合同；重新生成不可变批次
replay-20260805T012335+0800-3156feb21c31,DS-000175,ETH,ZI-1e894fa6ac9c4d524bbba0ff,无法判定,source-identity-1.0,22e623fb082258cbe289fc6c1790aa5721ecc29079fcffceb78f130c0e276062,audit-20260805T005824+0800,完成,完整,d61ed493188b73c4be1153b8fa0fe4d6aa3575e9253aebb67873ccee85f9bca9,未知,未知,未知,未知,未知,未知,未判定（缺少确切研究尺度合同）,未登记,无法判定,无法判定,无法判定,无法判定,无法判定,未判定（未登记到达时间合同）,无法判定,无法判定,717d3a2fd3bae60ec6485365211ee579c49778a4ed9985a2688fb0b288e48214,dq-rules-1.0,e87a78a94478584293d9fb3922bbb91882f48c58a8684db89186175facf03cc2,019010d64fe47d89c81bfaedafd458f1d886025bb34292c0c32eafcfa4392657,56e231386d46e9481b48cae3cfb3ebfa95f586ef8850fa49567f5907ed08cdc7,无法判定,未执行（第一门未通过）,未执行（无决策记录）,无法判定,decision_record_missing,来源身份已登记但没有获批历史决策记录登记；不读取候选正文，不构造样例记录,登记带来源证据的决策编号、决策时点、数据截止时间及三类时间合同；重新生成不可变批次
replay-20260805T012335+0800-3156feb21c31,DS-000176,BTC,ZI-a9f305697de0c752d67de6f9,无法判定,source-identity-1.0,867bc370ac0409bd0182e30a309d5e7fa82d083cf5d00b60e807acf0910edfbf,audit-20260805T005824+0800,完成,完整,8babdb8bf0cc77e04c249348ad482e2f9c1d761ee00283354c90519ba4fa917d,未知,未知,未知,未知,未知,未知,未判定（缺少确切研究尺度合同）,未登记,无法判定,无法判定,无法判定,无法判定,无法判定,未判定（未登记到达时间合同）,无法判定,无法判定,717d3a2fd3bae60ec6485365211ee579c49778a4ed9985a2688fb0b288e48214,dq-rules-1.0,e87a78a94478584293d9fb3922bbb91882f48c58a8684db89186175facf03cc2,019010d64fe47d89c81bfaedafd458f1d886025bb34292c0c32eafcfa4392657,081f19011c56aaa1dc07a69bee9c07d7de13a488f7e8d6089804d8d21247aa53,无法判定,未执行（第一门未通过）,未执行（无决策记录）,无法判定,decision_record_missing,来源身份已登记但没有获批历史决策记录登记；不读取候选正文，不构造样例记录,登记带来源证据的决策编号、决策时点、数据截止时间及三类时间合同；重新生成不可变批次
replay-20260805T012335+0800-3156feb21c31,DS-000176,ETH,ZI-af99d154928fc1735d41f307,无法判定,source-identity-1.0,b9928c1cda060b77174a3eace51f3e450a6082a5078c29e5bf7cb569d9573e7a,audit-20260805T005824+0800,完成,完整,8babdb8bf0cc77e04c249348ad482e2f9c1d761ee00283354c90519ba4fa917d,未知,未知,未知,未知,未知,未知,未判定（缺少确切研究尺度合同）,未登记,无法判定,无法判定,无法判定,无法判定,无法判定,未判定（未登记到达时间合同）,无法判定,无法判定,717d3a2fd3bae60ec6485365211ee579c49778a4ed9985a2688fb0b288e48214,dq-rules-1.0,e87a78a94478584293d9fb3922bbb91882f48c58a8684db89186175facf03cc2,019010d64fe47d89c81bfaedafd458f1d886025bb34292c0c32eafcfa4392657,c6e0792b7f9c7a1a13e59505918784f639d102bd27741f82f487410a4f826dff,无法判定,未执行（第一门未通过）,未执行（无决策记录）,无法判定,decision_record_missing,来源身份已登记但没有获批历史决策记录登记；不读取候选正文，不构造样例记录,登记带来源证据的决策编号、决策时点、数据截止时间及三类时间合同；重新生成不可变批次
replay-20260805T012335+0800-3156feb21c31,DS-000177,BTC,ZI-3738394efd413b3002a00a2c,无法判定,source-identity-1.0,d4e74b4488866ec9de313d437bf167770ba73a67998509295c5f38a6b5527981,audit-20260805T005824+0800,完成,完整,43e025712ced61fd582333ec1ca8ba8e5bc9bca60dfe060800eb9f1680319b68,未知,未知,未知,未知,未知,未知,未判定（缺少确切研究尺度合同）,未登记,无法判定,无法判定,无法判定,无法判定,无法判定,未判定（未登记到达时间合同）,无法判定,无法判定,717d3a2fd3bae60ec6485365211ee579c49778a4ed9985a2688fb0b288e48214,dq-rules-1.0,e87a78a94478584293d9fb3922bbb91882f48c58a8684db89186175facf03cc2,019010d64fe47d89c81bfaedafd458f1d886025bb34292c0c32eafcfa4392657,fcfef18efd17e897f544890b7d5b1c1d39dc7326b289dd0b67982a5783ec8a2c,无法判定,未执行（第一门未通过）,未执行（无决策记录）,无法判定,decision_record_missing,来源身份已登记但没有获批历史决策记录登记；不读取候选正文，不构造样例记录,登记带来源证据的决策编号、决策时点、数据截止时间及三类时间合同；重新生成不可变批次
replay-20260805T012335+0800-3156feb21c31,DS-000177,ETH,ZI-e1863b4de9f4c6fe5fbefacd,无法判定,source-identity-1.0,09ecfe183fd93aba537c84afc7188f47c2bb23aff3af3793cfcbf114d2759ab4,audit-20260805T005824+0800,完成,完整,43e025712ced61fd582333ec1ca8ba8e5bc9bca60dfe060800eb9f1680319b68,未知,未知,未知,未知,未知,未知,未判定（缺少确切研究尺度合同）,未登记,无法判定,无法判定,无法判定,无法判定,无法判定,未判定（未登记到达时间合同）,无法判定,无法判定,717d3a2fd3bae60ec6485365211ee579c49778a4ed9985a2688fb0b288e48214,dq-rules-1.0,e87a78a94478584293d9fb3922bbb91882f48c58a8684db89186175facf03cc2,019010d64fe47d89c81bfaedafd458f1d886025bb34292c0c32eafcfa4392657,7c0381dbc8b099c120480c7d6ad8a52ec0adff66fe2144d6c8dd49983e1299f5,无法判定,未执行（第一门未通过）,未执行（无决策记录）,无法判定,decision_record_missing,来源身份已登记但没有获批历史决策记录登记；不读取候选正文，不构造样例记录,登记带来源证据的决策编号、决策时点、数据截止时间及三类时间合同；重新生成不可变批次
replay-20260805T012335+0800-3156feb21c31,DS-000178,BTC,ZI-46362304247211436445a671,无法判定,source-identity-1.0,6a8b841b7232bdeaf739d6ab75606484c0cfd2d87998d77a7c05f5f7a17d31a6,audit-20260805T005824+0800,完成,完整,fc466ffbf36dcba2a8b014b330227c6c36da1742a3248b617b77673737a85d6d,未知,未知,未知,未知,未知,未知,未判定（缺少确切研究尺度合同）,未登记,无法判定,无法判定,无法判定,无法判定,无法判定,未判定（未登记到达时间合同）,无法判定,无法判定,717d3a2fd3bae60ec6485365211ee579c49778a4ed9985a2688fb0b288e48214,dq-rules-1.0,e87a78a94478584293d9fb3922bbb91882f48c58a8684db89186175facf03cc2,019010d64fe47d89c81bfaedafd458f1d886025bb34292c0c32eafcfa4392657,c0629fd47463fcfc518c3f54feda83250438f2d4b0675a92af27edb893161faf,无法判定,未执行（第一门未通过）,未执行（无决策记录）,无法判定,decision_record_missing,来源身份已登记但没有获批历史决策记录登记；不读取候选正文，不构造样例记录,登记带来源证据的决策编号、决策时点、数据截止时间及三类时间合同；重新生成不可变批次
replay-20260805T012335+0800-3156feb21c31,DS-000178,ETH,ZI-a286800bd49b9fd96217a223,无法判定,source-identity-1.0,a09546427bcc5ba7b69677c531dc076f9678c0138d86f51ed30052f7a7e8edee,audit-20260805T005824+0800,完成,完整,fc466ffbf36dcba2a8b014b330227c6c36da1742a3248b617b77673737a85d6d,未知,未知,未知,未知,未知,未知,未判定（缺少确切研究尺度合同）,未登记,无法判定,无法判定,无法判定,无法判定,无法判定,未判定（未登记到达时间合同）,无法判定,无法判定,717d3a2fd3bae60ec6485365211ee579c49778a4ed9985a2688fb0b288e48214,dq-rules-1.0,e87a78a94478584293d9fb3922bbb91882f48c58a8684db89186175facf03cc2,019010d64fe47d89c81bfaedafd458f1d886025bb34292c0c32eafcfa4392657,c881624a406920609865125aa1ceeec1ade2d1f484aedf9d4ae2455c629cd3f3,无法判定,未执行（第一门未通过）,未执行（无决策记录）,无法判定,decision_record_missing,来源身份已登记但没有获批历史决策记录登记；不读取候选正文，不构造样例记录,登记带来源证据的决策编号、决策时点、数据截止时间及三类时间合同；重新生成不可变批次
replay-20260805T012335+0800-3156feb21c31,DS-000179,BTC,ZI-b69c1e9048e918566ceefa22,无法判定,source-identity-1.0,58b3f300280e41f9ff300af661572a00a17aae5a65e43c62607103ff6e36d11c,audit-20260805T005824+0800,完成,完整,88cf1341c49f8db646907f7ac6ab1b743c23b9db5f2735e35eafb069aa3454e3,未知,未知,未知,未知,未知,未知,未判定（缺少确切研究尺度合同）,未登记,无法判定,无法判定,无法判定,无法判定,无法判定,未判定（未登记到达时间合同）,无法判定,无法判定,717d3a2fd3bae60ec6485365211ee579c49778a4ed9985a2688fb0b288e48214,dq-rules-1.0,e87a78a94478584293d9fb3922bbb91882f48c58a8684db89186175facf03cc2,019010d64fe47d89c81bfaedafd458f1d886025bb34292c0c32eafcfa4392657,56293daab397be1bf1495fe7e976f9f42d79aeea227209236d526e7580b9571e,无法判定,未执行（第一门未通过）,未执行（无决策记录）,无法判定,decision_record_missing,来源身份已登记但没有获批历史决策记录登记；不读取候选正文，不构造样例记录,登记带来源证据的决策编号、决策时点、数据截止时间及三类时间合同；重新生成不可变批次
replay-20260805T012335+0800-3156feb21c31,DS-000179,ETH,ZI-01df71cf5d15618f09165f09,无法判定,source-identity-1.0,9ca688301d95e82a8281413a598139c57ee4ffd4a2ad38a10c166883a3b5c598,audit-20260805T005824+0800,完成,完整,88cf1341c49f8db646907f7ac6ab1b743c23b9db5f2735e35eafb069aa3454e3,未知,未知,未知,未知,未知,未知,未判定（缺少确切研究尺度合同）,未登记,无法判定,无法判定,无法判定,无法判定,无法判定,未判定（未登记到达时间合同）,无法判定,无法判定,717d3a2fd3bae60ec6485365211ee579c49778a4ed9985a2688fb0b288e48214,dq-rules-1.0,e87a78a94478584293d9fb3922bbb91882f48c58a8684db89186175facf03cc2,019010d64fe47d89c81bfaedafd458f1d886025bb34292c0c32eafcfa4392657,6a424c4a0f3d2f2c97d2cf843a7d3f24a8d650e8093050f34b38883401662971,无法判定,未执行（第一门未通过）,未执行（无决策记录）,无法判定,decision_record_missing,来源身份已登记但没有获批历史决策记录登记；不读取候选正文，不构造样例记录,登记带来源证据的决策编号、决策时点、数据截止时间及三类时间合同；重新生成不可变批次
replay-20260805T012335+0800-3156feb21c31,DS-000180,BTC,ZI-d64a2f2a8cd520c712ce9c8f,无法判定,source-identity-1.0,dd3f81fc66bc1a370090b264496d1941e4a951da523c56b5bc229c02439cf88f,audit-20260805T005824+0800,完成,完整,16238d0e7b233ada91bb5345e95f021b530a7597b339a1985e0a4d7d91a442fc,未知,未知,未知,未知,未知,未知,未判定（缺少确切研究尺度合同）,未登记,无法判定,无法判定,无法判定,无法判定,无法判定,未判定（未登记到达时间合同）,无法判定,无法判定,717d3a2fd3bae60ec6485365211ee579c49778a4ed9985a2688fb0b288e48214,dq-rules-1.0,e87a78a94478584293d9fb3922bbb91882f48c58a8684db89186175facf03cc2,019010d64fe47d89c81bfaedafd458f1d886025bb34292c0c32eafcfa4392657,8fb0cd265e0c83eafab77bbf1214df806faf8fd6914e25f8b6c41bc5d71e2117,无法判定,未执行（第一门未通过）,未执行（无决策记录）,无法判定,decision_record_missing,来源身份已登记但没有获批历史决策记录登记；不读取候选正文，不构造样例记录,登记带来源证据的决策编号、决策时点、数据截止时间及三类时间合同；重新生成不可变批次
replay-20260805T012335+0800-3156feb21c31,DS-000180,ETH,ZI-c994f122c5cb41e53208de1b,无法判定,source-identity-1.0,f4e645b7e428a541cad710aab61d8a6a9ba0b2138b581a01cd20dd72f3820233,audit-20260805T005824+0800,完成,完整,16238d0e7b233ada91bb5345e95f021b530a7597b339a1985e0a4d7d91a442fc,未知,未知,未知,未知,未知,未知,未判定（缺少确切研究尺度合同）,未登记,无法判定,无法判定,无法判定,无法判定,无法判定,未判定（未登记到达时间合同）,无法判定,无法判定,717d3a2fd3bae60ec6485365211ee579c49778a4ed9985a2688fb0b288e48214,dq-rules-1.0,e87a78a94478584293d9fb3922bbb91882f48c58a8684db89186175facf03cc2,019010d64fe47d89c81bfaedafd458f1d886025bb34292c0c32eafcfa4392657,f1bfe501319a234fbf0128eaba209e09dc92a17019b50db02d9ff28606eb2a93,无法判定,未执行（第一门未通过）,未执行（无决策记录）,无法判定,decision_record_missing,来源身份已登记但没有获批历史决策记录登记；不读取候选正文，不构造样例记录,登记带来源证据的决策编号、决策时点、数据截止时间及三类时间合同；重新生成不可变批次
replay-20260805T012335+0800-3156feb21c31,DS-000181,BTC,ZI-bce9dfb54e2ed9b7f18d9b14,无法判定,source-identity-1.0,acb0ca61ec3caa8cb0eec4451499772d2217a17d0a3e446dd98a11481a4c0141,audit-20260805T005824+0800,完成,完整,79a75913664768517647a9c780c3d491cca0cf9e418db21494649e9c58237fdf,未知,未知,未知,未知,未知,未知,未判定（缺少确切研究尺度合同）,未登记,无法判定,无法判定,无法判定,无法判定,无法判定,未判定（未登记到达时间合同）,无法判定,无法判定,717d3a2fd3bae60ec6485365211ee579c49778a4ed9985a2688fb0b288e48214,dq-rules-1.0,e87a78a94478584293d9fb3922bbb91882f48c58a8684db89186175facf03cc2,019010d64fe47d89c81bfaedafd458f1d886025bb34292c0c32eafcfa4392657,fd3cda54e4d97e72f614e746858f70c292550f0be8c1a9e084d893c0f2b418ec,无法判定,未执行（第一门未通过）,未执行（无决策记录）,无法判定,decision_record_missing,来源身份已登记但没有获批历史决策记录登记；不读取候选正文，不构造样例记录,登记带来源证据的决策编号、决策时点、数据截止时间及三类时间合同；重新生成不可变批次
replay-20260805T012335+0800-3156feb21c31,DS-000181,ETH,ZI-340aadc6892b72580d560fcc,无法判定,source-identity-1.0,444fb28e5188a21eed9d57046c300426686ad7293d801564f3316fbefd75e7d1,audit-20260805T005824+0800,完成,完整,79a75913664768517647a9c780c3d491cca0cf9e418db21494649e9c58237fdf,未知,未知,未知,未知,未知,未知,未判定（缺少确切研究尺度合同）,未登记,无法判定,无法判定,无法判定,无法判定,无法判定,未判定（未登记到达时间合同）,无法判定,无法判定,717d3a2fd3bae60ec6485365211ee579c49778a4ed9985a2688fb0b288e48214,dq-rules-1.0,e87a78a94478584293d9fb3922bbb91882f48c58a8684db89186175facf03cc2,019010d64fe47d89c81bfaedafd458f1d886025bb34292c0c32eafcfa4392657,cb5f6b2ca4a50b9e1da21f3973cfcee660fe2697ffc7c6c641545c2e6949da4b,无法判定,未执行（第一门未通过）,未执行（无决策记录）,无法判定,decision_record_missing,来源身份已登记但没有获批历史决策记录登记；不读取候选正文，不构造样例记录,登记带来源证据的决策编号、决策时点、数据截止时间及三类时间合同；重新生成不可变批次
replay-20260805T012335+0800-3156feb21c31,DS-000182,BTC,ZI-2f48d5457582bdd23668ba24,无法判定,source-identity-1.0,e19cd1d5f9fa6988f256af75c06df58016eb9260a992405eaf4786e27d92a661,audit-20260805T005824+0800,完成,完整,eafac4e4cfbf3b99c296db454bfd46db0e2fe1b6f08007b6818c14ce73672a59,未知,未知,未知,未知,未知,未知,未判定（缺少确切研究尺度合同）,未登记,无法判定,无法判定,无法判定,无法判定,无法判定,未判定（未登记到达时间合同）,无法判定,无法判定,717d3a2fd3bae60ec6485365211ee579c49778a4ed9985a2688fb0b288e48214,dq-rules-1.0,e87a78a94478584293d9fb3922bbb91882f48c58a8684db89186175facf03cc2,019010d64fe47d89c81bfaedafd458f1d886025bb34292c0c32eafcfa4392657,312a0c5a91c92da280fb552d0c1b55d5424a9a5fbb3cb060fe53c48de018200e,无法判定,未执行（第一门未通过）,未执行（无决策记录）,无法判定,decision_record_missing,来源身份已登记但没有获批历史决策记录登记；不读取候选正文，不构造样例记录,登记带来源证据的决策编号、决策时点、数据截止时间及三类时间合同；重新生成不可变批次
replay-20260805T012335+0800-3156feb21c31,DS-000182,ETH,ZI-27719327ee321959786a64cc,无法判定,source-identity-1.0,80a165e561e2d12ee10d6c583a636230639b45124e8d7b894bf1a50b8ee247d6,audit-20260805T005824+0800,完成,完整,eafac4e4cfbf3b99c296db454bfd46db0e2fe1b6f08007b6818c14ce73672a59,未知,未知,未知,未知,未知,未知,未判定（缺少确切研究尺度合同）,未登记,无法判定,无法判定,无法判定,无法判定,无法判定,未判定（未登记到达时间合同）,无法判定,无法判定,717d3a2fd3bae60ec6485365211ee579c49778a4ed9985a2688fb0b288e48214,dq-rules-1.0,e87a78a94478584293d9fb3922bbb91882f48c58a8684db89186175facf03cc2,019010d64fe47d89c81bfaedafd458f1d886025bb34292c0c32eafcfa4392657,b78e98a63913a7ab1bb111e63a7130fd9399ab4f666b7f85280a56edf96ec426,无法判定,未执行（第一门未通过）,未执行（无决策记录）,无法判定,decision_record_missing,来源身份已登记但没有获批历史决策记录登记；不读取候选正文，不构造样例记录,登记带来源证据的决策编号、决策时点、数据截止时间及三类时间合同；重新生成不可变批次
replay-20260805T012335+0800-3156feb21c31,DS-000183,BTC,ZI-7c30f1c32268b00fa252bf6c,无法判定,source-identity-1.0,24635f87b43a2243ea649b0385378094e6e732598b5ae861cfaec0b43e5be35c,audit-20260805T005824+0800,完成,完整,15f20c0962561f1abbcf55790651b5bc48cab06cda418fa250785ba74bcbf889,未知,未知,未知,未知,未知,未知,未判定（缺少确切研究尺度合同）,未登记,无法判定,无法判定,无法判定,无法判定,无法判定,未判定（未登记到达时间合同）,无法判定,无法判定,717d3a2fd3bae60ec6485365211ee579c49778a4ed9985a2688fb0b288e48214,dq-rules-1.0,e87a78a94478584293d9fb3922bbb91882f48c58a8684db89186175facf03cc2,019010d64fe47d89c81bfaedafd458f1d886025bb34292c0c32eafcfa4392657,ddca11db7af500f8e91f32ca0807caf2dac1f842bc34cadd524b7c8ddfd6b71d,无法判定,未执行（第一门未通过）,未执行（无决策记录）,无法判定,decision_record_missing,来源身份已登记但没有获批历史决策记录登记；不读取候选正文，不构造样例记录,登记带来源证据的决策编号、决策时点、数据截止时间及三类时间合同；重新生成不可变批次
replay-20260805T012335+0800-3156feb21c31,DS-000183,ETH,ZI-66c7634266889e821b64a714,无法判定,source-identity-1.0,7f4d223a3171a49a1413a8dab1fe6891c8131bd49f700a4da37dafad93b41392,audit-20260805T005824+0800,完成,完整,15f20c0962561f1abbcf55790651b5bc48cab06cda418fa250785ba74bcbf889,未知,未知,未知,未知,未知,未知,未判定（缺少确切研究尺度合同）,未登记,无法判定,无法判定,无法判定,无法判定,无法判定,未判定（未登记到达时间合同）,无法判定,无法判定,717d3a2fd3bae60ec6485365211ee579c49778a4ed9985a2688fb0b288e48214,dq-rules-1.0,e87a78a94478584293d9fb3922bbb91882f48c58a8684db89186175facf03cc2,019010d64fe47d89c81bfaedafd458f1d886025bb34292c0c32eafcfa4392657,ac72c11ed6064a5b4b5b25d2ce7e9ce4dd8cf4e5a9048ecdc416c73d572a2dda,无法判定,未执行（第一门未通过）,未执行（无决策记录）,无法判定,decision_record_missing,来源身份已登记但没有获批历史决策记录登记；不读取候选正文，不构造样例记录,登记带来源证据的决策编号、决策时点、数据截止时间及三类时间合同；重新生成不可变批次
replay-20260805T012335+0800-3156feb21c31,DS-000184,BTC,ZI-c39244d5fbd3833d648c5a53,无法判定,source-identity-1.0,2b7d58d898246feef1467863f7f7ec3dbdecdf4adafd04752df9f4d5b0e246d8,audit-20260805T005824+0800,完成,完整,e83cae6a1ad4fba4fd374207348f53df89f431520ab4998122584be8eb238f06,未知,未知,未知,未知,未知,未知,未判定（缺少确切研究尺度合同）,未登记,无法判定,无法判定,无法判定,无法判定,无法判定,未判定（未登记到达时间合同）,无法判定,无法判定,717d3a2fd3bae60ec6485365211ee579c49778a4ed9985a2688fb0b288e48214,dq-rules-1.0,e87a78a94478584293d9fb3922bbb91882f48c58a8684db89186175facf03cc2,019010d64fe47d89c81bfaedafd458f1d886025bb34292c0c32eafcfa4392657,612e8cd8321ee2976bd18c444d562ca153286c5f66a40765e1e2a31779a040b0,无法判定,未执行（第一门未通过）,未执行（无决策记录）,无法判定,decision_record_missing,来源身份已登记但没有获批历史决策记录登记；不读取候选正文，不构造样例记录,登记带来源证据的决策编号、决策时点、数据截止时间及三类时间合同；重新生成不可变批次
replay-20260805T012335+0800-3156feb21c31,DS-000184,ETH,ZI-706a0d8698d18a257e6cf972,无法判定,source-identity-1.0,1c315493da678e22830d31784cdf9c17a7417cd3e2e407f517afbc93885a7f82,audit-20260805T005824+0800,完成,完整,e83cae6a1ad4fba4fd374207348f53df89f431520ab4998122584be8eb238f06,未知,未知,未知,未知,未知,未知,未判定（缺少确切研究尺度合同）,未登记,无法判定,无法判定,无法判定,无法判定,无法判定,未判定（未登记到达时间合同）,无法判定,无法判定,717d3a2fd3bae60ec6485365211ee579c49778a4ed9985a2688fb0b288e48214,dq-rules-1.0,e87a78a94478584293d9fb3922bbb91882f48c58a8684db89186175facf03cc2,019010d64fe47d89c81bfaedafd458f1d886025bb34292c0c32eafcfa4392657,9e874f5ab2d6607f7cca8446efa8fae00668556f81a51a3d3a649a1c0a111906,无法判定,未执行（第一门未通过）,未执行（无决策记录）,无法判定,decision_record_missing,来源身份已登记但没有获批历史决策记录登记；不读取候选正文，不构造样例记录,登记带来源证据的决策编号、决策时点、数据截止时间及三类时间合同；重新生成不可变批次
replay-20260805T012335+0800-3156feb21c31,DS-000185,BTC,ZI-f7a557013982647b609cab63,无法判定,source-identity-1.0,09b0b0a338a768b75e2e3d2ea5a17451a6bf31ffa079510e7cae1fee6ccd4b13,audit-20260805T005824+0800,完成,完整,9b4503940ad431e462d1c569e3c674c27bc10659b9d4c2ece61d705e3de3afd4,未知,未知,未知,未知,未知,未知,未判定（缺少确切研究尺度合同）,未登记,无法判定,无法判定,无法判定,无法判定,无法判定,未判定（未登记到达时间合同）,无法判定,无法判定,717d3a2fd3bae60ec6485365211ee579c49778a4ed9985a2688fb0b288e48214,dq-rules-1.0,e87a78a94478584293d9fb3922bbb91882f48c58a8684db89186175facf03cc2,019010d64fe47d89c81bfaedafd458f1d886025bb34292c0c32eafcfa4392657,1ba1adb210245e275784caa46b86c0286de7f0a642e9e806c8503b5d90638915,无法判定,未执行（第一门未通过）,未执行（无决策记录）,无法判定,decision_record_missing,来源身份已登记但没有获批历史决策记录登记；不读取候选正文，不构造样例记录,登记带来源证据的决策编号、决策时点、数据截止时间及三类时间合同；重新生成不可变批次
replay-20260805T012335+0800-3156feb21c31,DS-000185,ETH,ZI-eed15514154813dbfce747b0,无法判定,source-identity-1.0,3b14ab6420485b28f3ef522d9895f699481f9170ab2a601f2a463e75bd9b25bb,audit-20260805T005824+0800,完成,完整,9b4503940ad431e462d1c569e3c674c27bc10659b9d4c2ece61d705e3de3afd4,未知,未知,未知,未知,未知,未知,未判定（缺少确切研究尺度合同）,未登记,无法判定,无法判定,无法判定,无法判定,无法判定,未判定（未登记到达时间合同）,无法判定,无法判定,717d3a2fd3bae60ec6485365211ee579c49778a4ed9985a2688fb0b288e48214,dq-rules-1.0,e87a78a94478584293d9fb3922bbb91882f48c58a8684db89186175facf03cc2,019010d64fe47d89c81bfaedafd458f1d886025bb34292c0c32eafcfa4392657,bd8c8919fdd1379882d707683f0eaacf0b5d890cb36d04985df23d5c167f7c7f,无法判定,未执行（第一门未通过）,未执行（无决策记录）,无法判定,decision_record_missing,来源身份已登记但没有获批历史决策记录登记；不读取候选正文，不构造样例记录,登记带来源证据的决策编号、决策时点、数据截止时间及三类时间合同；重新生成不可变批次
replay-20260805T012335+0800-3156feb21c31,DS-000186,BTC,ZI-d846161ae6efc2de26747270,无法判定,source-identity-1.0,e22983b175357581fbc511fe41ac1f7094d1a896ee32971ff5e99f4cf3970a29,audit-20260805T005824+0800,完成,完整,0037f0e4b97caca2e12ba78498150ef3d80786a1968bc3df4e7f727e8f2396e0,未知,未知,未知,未知,未知,未知,未判定（缺少确切研究尺度合同）,未登记,无法判定,无法判定,无法判定,无法判定,无法判定,未判定（未登记到达时间合同）,无法判定,无法判定,717d3a2fd3bae60ec6485365211ee579c49778a4ed9985a2688fb0b288e48214,dq-rules-1.0,e87a78a94478584293d9fb3922bbb91882f48c58a8684db89186175facf03cc2,019010d64fe47d89c81bfaedafd458f1d886025bb34292c0c32eafcfa4392657,6399ed8510021878a935d716a2d9c14bfb98cc36e090590d460c3aa6c1b155fa,无法判定,未执行（第一门未通过）,未执行（无决策记录）,无法判定,decision_record_missing,来源身份已登记但没有获批历史决策记录登记；不读取候选正文，不构造样例记录,登记带来源证据的决策编号、决策时点、数据截止时间及三类时间合同；重新生成不可变批次
replay-20260805T012335+0800-3156feb21c31,DS-000186,ETH,ZI-b47b73f341ea052859c4a130,无法判定,source-identity-1.0,bce9cc53e0b1bc6a049dcdf9a9b6f1772d443db50141c2f94391e3097651da0b,audit-20260805T005824+0800,完成,完整,0037f0e4b97caca2e12ba78498150ef3d80786a1968bc3df4e7f727e8f2396e0,未知,未知,未知,未知,未知,未知,未判定（缺少确切研究尺度合同）,未登记,无法判定,无法判定,无法判定,无法判定,无法判定,未判定（未登记到达时间合同）,无法判定,无法判定,717d3a2fd3bae60ec6485365211ee579c49778a4ed9985a2688fb0b288e48214,dq-rules-1.0,e87a78a94478584293d9fb3922bbb91882f48c58a8684db89186175facf03cc2,019010d64fe47d89c81bfaedafd458f1d886025bb34292c0c32eafcfa4392657,7293aeb7a21f5a648a01f23a0a0804ac0e7a84e68e8ecdeac833082244678c25,无法判定,未执行（第一门未通过）,未执行（无决策记录）,无法判定,decision_record_missing,来源身份已登记但没有获批历史决策记录登记；不读取候选正文，不构造样例记录,登记带来源证据的决策编号、决策时点、数据截止时间及三类时间合同；重新生成不可变批次
replay-20260805T012335+0800-3156feb21c31,DS-000187,BTC,ZI-60958eebfb01826209cad45d,无法判定,source-identity-1.0,11f8780cf5f553dcd51bcf83265130b2329b2b2dd19e36935d92ec0bfcc6a354,audit-20260805T005824+0800,完成,完整,6563971e1bab3b0aabc0be6a643b3e88585b21e270f9580c5536f8ed8cdb698e,未知,未知,未知,未知,未知,未知,未判定（缺少确切研究尺度合同）,未登记,无法判定,无法判定,无法判定,无法判定,无法判定,未判定（未登记到达时间合同）,无法判定,无法判定,717d3a2fd3bae60ec6485365211ee579c49778a4ed9985a2688fb0b288e48214,dq-rules-1.0,e87a78a94478584293d9fb3922bbb91882f48c58a8684db89186175facf03cc2,019010d64fe47d89c81bfaedafd458f1d886025bb34292c0c32eafcfa4392657,f2d3e5896833c0ac9f781586e86e0c0eb4430d6581bbd3eef0a5153a610fae8c,无法判定,未执行（第一门未通过）,未执行（无决策记录）,无法判定,decision_record_missing,来源身份已登记但没有获批历史决策记录登记；不读取候选正文，不构造样例记录,登记带来源证据的决策编号、决策时点、数据截止时间及三类时间合同；重新生成不可变批次
replay-20260805T012335+0800-3156feb21c31,DS-000187,ETH,ZI-91b43df8a264ef34dad28279,无法判定,source-identity-1.0,40f62e440aa8217de5b884530262d2f5d5ccc6a92cdf6c0d56524bc47a008f18,audit-20260805T005824+0800,完成,完整,6563971e1bab3b0aabc0be6a643b3e88585b21e270f9580c5536f8ed8cdb698e,未知,未知,未知,未知,未知,未知,未判定（缺少确切研究尺度合同）,未登记,无法判定,无法判定,无法判定,无法判定,无法判定,未判定（未登记到达时间合同）,无法判定,无法判定,717d3a2fd3bae60ec6485365211ee579c49778a4ed9985a2688fb0b288e48214,dq-rules-1.0,e87a78a94478584293d9fb3922bbb91882f48c58a8684db89186175facf03cc2,019010d64fe47d89c81bfaedafd458f1d886025bb34292c0c32eafcfa4392657,5f15de35e8c47d302f14acd685fc0ec9e6e0f3a7f3363e1c75f3f51fde992c06,无法判定,未执行（第一门未通过）,未执行（无决策记录）,无法判定,decision_record_missing,来源身份已登记但没有获批历史决策记录登记；不读取候选正文，不构造样例记录,登记带来源证据的决策编号、决策时点、数据截止时间及三类时间合同；重新生成不可变批次
replay-20260805T012335+0800-3156feb21c31,DS-000188,BTC,ZI-fa2a4d25532ebea9a058b0dc,无法判定,source-identity-1.0,8cc6341f920e5432ae42c672f71b9835bdae3fc1cb0894aa5a5da40806a0054d,audit-20260805T005824+0800,完成,完整,8742ed8b65e70ca2ea6b44dfd4449f9a823ff6373591ae21d1075d3b6a590699,未知,未知,未知,未知,未知,未知,未判定（缺少确切研究尺度合同）,未登记,无法判定,无法判定,无法判定,无法判定,无法判定,未判定（未登记到达时间合同）,无法判定,无法判定,717d3a2fd3bae60ec6485365211ee579c49778a4ed9985a2688fb0b288e48214,dq-rules-1.0,e87a78a94478584293d9fb3922bbb91882f48c58a8684db89186175facf03cc2,019010d64fe47d89c81bfaedafd458f1d886025bb34292c0c32eafcfa4392657,3a4f9e413970d06fe5346ae8623fc1c3b64df7e61e7fbcef4291deba475db105,无法判定,未执行（第一门未通过）,未执行（无决策记录）,无法判定,decision_record_missing,来源身份已登记但没有获批历史决策记录登记；不读取候选正文，不构造样例记录,登记带来源证据的决策编号、决策时点、数据截止时间及三类时间合同；重新生成不可变批次
replay-20260805T012335+0800-3156feb21c31,DS-000188,ETH,ZI-332d56aec4fb1f76945921fe,无法判定,source-identity-1.0,ffecc23b8dfefc0fae971197cdf448d5d383ecdf10abbb692e2b17f6e8fc0710,audit-20260805T005824+0800,完成,完整,8742ed8b65e70ca2ea6b44dfd4449f9a823ff6373591ae21d1075d3b6a590699,未知,未知,未知,未知,未知,未知,未判定（缺少确切研究尺度合同）,未登记,无法判定,无法判定,无法判定,无法判定,无法判定,未判定（未登记到达时间合同）,无法判定,无法判定,717d3a2fd3bae60ec6485365211ee579c49778a4ed9985a2688fb0b288e48214,dq-rules-1.0,e87a78a94478584293d9fb3922bbb91882f48c58a8684db89186175facf03cc2,019010d64fe47d89c81bfaedafd458f1d886025bb34292c0c32eafcfa4392657,7d03c3df9f910ae8ac4e225f8bcfaa98b1129569db3c2e3b5c9dd630ed65a8f7,无法判定,未执行（第一门未通过）,未执行（无决策记录）,无法判定,decision_record_missing,来源身份已登记但没有获批历史决策记录登记；不读取候选正文，不构造样例记录,登记带来源证据的决策编号、决策时点、数据截止时间及三类时间合同；重新生成不可变批次
replay-20260805T012335+0800-3156feb21c31,DS-000189,BTC,ZI-a0614455fb843de8768c8d5b,无法判定,source-identity-1.0,d44f809662709946919209e01dad4658e77515cc052bc4eb88e7be5633f5b00e,audit-20260805T005824+0800,完成,完整,b320586b75d45680d9b44feef3142aa66b7d8dda7a71dcb7fb7fbc1a59edecde,未知,未知,未知,未知,未知,未知,未判定（缺少确切研究尺度合同）,未登记,无法判定,无法判定,无法判定,无法判定,无法判定,未判定（未登记到达时间合同）,无法判定,无法判定,717d3a2fd3bae60ec6485365211ee579c49778a4ed9985a2688fb0b288e48214,dq-rules-1.0,e87a78a94478584293d9fb3922bbb91882f48c58a8684db89186175facf03cc2,019010d64fe47d89c81bfaedafd458f1d886025bb34292c0c32eafcfa4392657,4ef02863bd8e1923da1d1c031f869768f28ffb5a36bd30a44c418d8b4b43b27e,无法判定,未执行（第一门未通过）,未执行（无决策记录）,无法判定,decision_record_missing,来源身份已登记但没有获批历史决策记录登记；不读取候选正文，不构造样例记录,登记带来源证据的决策编号、决策时点、数据截止时间及三类时间合同；重新生成不可变批次
replay-20260805T012335+0800-3156feb21c31,DS-000189,ETH,ZI-7a08962d936d8d7723ae46e3,无法判定,source-identity-1.0,d539cf577dcc7063bba1da91e307cbf8e06c2103b89100e063283f618597c01f,audit-20260805T005824+0800,完成,完整,b320586b75d45680d9b44feef3142aa66b7d8dda7a71dcb7fb7fbc1a59edecde,未知,未知,未知,未知,未知,未知,未判定（缺少确切研究尺度合同）,未登记,无法判定,无法判定,无法判定,无法判定,无法判定,未判定（未登记到达时间合同）,无法判定,无法判定,717d3a2fd3bae60ec6485365211ee579c49778a4ed9985a2688fb0b288e48214,dq-rules-1.0,e87a78a94478584293d9fb3922bbb91882f48c58a8684db89186175facf03cc2,019010d64fe47d89c81bfaedafd458f1d886025bb34292c0c32eafcfa4392657,82cbea4b3907b885ee812319f8988b2ad880754b0f24cbc18a83f6c645e7e873,无法判定,未执行（第一门未通过）,未执行（无决策记录）,无法判定,decision_record_missing,来源身份已登记但没有获批历史决策记录登记；不读取候选正文，不构造样例记录,登记带来源证据的决策编号、决策时点、数据截止时间及三类时间合同；重新生成不可变批次
replay-20260805T012335+0800-3156feb21c31,DS-000190,BTC,ZI-d3c96884df707ae67f114610,无法判定,source-identity-1.0,b07237bff3628b238cc1f859afcf958c73fa1816eec21837f86059e3f23e46ec,audit-20260805T005824+0800,完成,完整,853b70dceed277f9158a8b33a34b47a3218ea4ddb81001d3c0c748efa95aac16,未知,未知,未知,未知,未知,未知,未判定（缺少确切研究尺度合同）,未登记,无法判定,无法判定,无法判定,无法判定,无法判定,未判定（未登记到达时间合同）,无法判定,无法判定,717d3a2fd3bae60ec6485365211ee579c49778a4ed9985a2688fb0b288e48214,dq-rules-1.0,e87a78a94478584293d9fb3922bbb91882f48c58a8684db89186175facf03cc2,019010d64fe47d89c81bfaedafd458f1d886025bb34292c0c32eafcfa4392657,30bcbba7a5047dd004d9534d4b5953738b3c2a5edcd9c0a1f33db55646fefae5,无法判定,未执行（第一门未通过）,未执行（无决策记录）,无法判定,decision_record_missing,来源身份已登记但没有获批历史决策记录登记；不读取候选正文，不构造样例记录,登记带来源证据的决策编号、决策时点、数据截止时间及三类时间合同；重新生成不可变批次
replay-20260805T012335+0800-3156feb21c31,DS-000190,ETH,ZI-d471c3e2f14e8b04a88d102b,无法判定,source-identity-1.0,66432b2040580736a4fe768cb522cf14e406a1ca1cde9cb542833d428bda7ce7,audit-20260805T005824+0800,完成,完整,853b70dceed277f9158a8b33a34b47a3218ea4ddb81001d3c0c748efa95aac16,未知,未知,未知,未知,未知,未知,未判定（缺少确切研究尺度合同）,未登记,无法判定,无法判定,无法判定,无法判定,无法判定,未判定（未登记到达时间合同）,无法判定,无法判定,717d3a2fd3bae60ec6485365211ee579c49778a4ed9985a2688fb0b288e48214,dq-rules-1.0,e87a78a94478584293d9fb3922bbb91882f48c58a8684db89186175facf03cc2,019010d64fe47d89c81bfaedafd458f1d886025bb34292c0c32eafcfa4392657,312f6754c9b54562a2b883e320103fd9e5d9c33268c8116ded8552c12a35adf7,无法判定,未执行（第一门未通过）,未执行（无决策记录）,无法判定,decision_record_missing,来源身份已登记但没有获批历史决策记录登记；不读取候选正文，不构造样例记录,登记带来源证据的决策编号、决策时点、数据截止时间及三类时间合同；重新生成不可变批次
replay-20260805T012335+0800-3156feb21c31,DS-000191,BTC,ZI-6a10e79eb7d5e07aace7b208,无法判定,source-identity-1.0,42d5a786506efdbbdf86072e43fffb733588336d245484ffe0808c703234d863,audit-20260805T005824+0800,完成,完整,fccd359c62deacedc53e8e3b77c52e11aa95d12d78b54f911fe758686798c8bb,未知,未知,未知,未知,未知,未知,未判定（缺少确切研究尺度合同）,未登记,无法判定,无法判定,无法判定,无法判定,无法判定,未判定（未登记到达时间合同）,无法判定,无法判定,717d3a2fd3bae60ec6485365211ee579c49778a4ed9985a2688fb0b288e48214,dq-rules-1.0,e87a78a94478584293d9fb3922bbb91882f48c58a8684db89186175facf03cc2,019010d64fe47d89c81bfaedafd458f1d886025bb34292c0c32eafcfa4392657,fd91afd60428cca7f081c237c98dfd4c46a321563e0dbfb2abf3b7710e056793,无法判定,未执行（第一门未通过）,未执行（无决策记录）,无法判定,decision_record_missing,来源身份已登记但没有获批历史决策记录登记；不读取候选正文，不构造样例记录,登记带来源证据的决策编号、决策时点、数据截止时间及三类时间合同；重新生成不可变批次
replay-20260805T012335+0800-3156feb21c31,DS-000191,ETH,ZI-ca5f657cedbd2e1b8fd02244,无法判定,source-identity-1.0,b9a544ef841bd307d39ae2699a9654d0f3d9e0d6be6ec19d9d7e68acc68868bf,audit-20260805T005824+0800,完成,完整,fccd359c62deacedc53e8e3b77c52e11aa95d12d78b54f911fe758686798c8bb,未知,未知,未知,未知,未知,未知,未判定（缺少确切研究尺度合同）,未登记,无法判定,无法判定,无法判定,无法判定,无法判定,未判定（未登记到达时间合同）,无法判定,无法判定,717d3a2fd3bae60ec6485365211ee579c49778a4ed9985a2688fb0b288e48214,dq-rules-1.0,e87a78a94478584293d9fb3922bbb91882f48c58a8684db89186175facf03cc2,019010d64fe47d89c81bfaedafd458f1d886025bb34292c0c32eafcfa4392657,19f16d43123d2452100ead715bb15d000c7c9fa2b91979fbb3e5c8449551fa77,无法判定,未执行（第一门未通过）,未执行（无决策记录）,无法判定,decision_record_missing,来源身份已登记但没有获批历史决策记录登记；不读取候选正文，不构造样例记录,登记带来源证据的决策编号、决策时点、数据截止时间及三类时间合同；重新生成不可变批次
replay-20260805T012335+0800-3156feb21c31,DS-000192,BTC,ZI-2ee965d6fd9df70cb6157fd0,拒绝,source-identity-1.0,9e530541edbd1c3f4172cba8407f3d0173f805e6609f7331b7896aa6e3ccf683,audit-20260805T005824+0800,完成,完整,8c15957ab006e03cfe60b471675e42abf1ec12a4f90d10a356c962d782a840c2,未知,未知,未知,未知,未知,未知,未判定（缺少确切研究尺度合同）,未登记,无法判定,无法判定,无法判定,无法判定,无法判定,未判定（未登记到达时间合同）,无法判定,无法判定,717d3a2fd3bae60ec6485365211ee579c49778a4ed9985a2688fb0b288e48214,dq-rules-1.0,e87a78a94478584293d9fb3922bbb91882f48c58a8684db89186175facf03cc2,019010d64fe47d89c81bfaedafd458f1d886025bb34292c0c32eafcfa4392657,c3c9fcc81878839a882ccd013ef14f3562f38ebaf525ed0a5c37801ac1212989,拒绝,未执行（第一门未通过）,未执行（无决策记录）,拒绝,input_identity_drift,来源身份成员或质量批次显示输入身份漂移，禁止载入历史现场,登记带来源证据的决策编号、决策时点、数据截止时间及三类时间合同；重新生成不可变批次
replay-20260805T012335+0800-3156feb21c31,DS-000192,ETH,ZI-354ae6c4905e3db448577187,拒绝,source-identity-1.0,54e9a4e338a484b6f2fe5d97a3822eac771e1dd45ba68e25e036dee73a883d30,audit-20260805T005824+0800,完成,完整,8c15957ab006e03cfe60b471675e42abf1ec12a4f90d10a356c962d782a840c2,未知,未知,未知,未知,未知,未知,未判定（缺少确切研究尺度合同）,未登记,无法判定,无法判定,无法判定,无法判定,无法判定,未判定（未登记到达时间合同）,无法判定,无法判定,717d3a2fd3bae60ec6485365211ee579c49778a4ed9985a2688fb0b288e48214,dq-rules-1.0,e87a78a94478584293d9fb3922bbb91882f48c58a8684db89186175facf03cc2,019010d64fe47d89c81bfaedafd458f1d886025bb34292c0c32eafcfa4392657,eeaae4fc3f9e18e9015fdd716445be44b57538add1c2839f4f908f49780065c1,拒绝,未执行（第一门未通过）,未执行（无决策记录）,拒绝,input_identity_drift,来源身份成员或质量批次显示输入身份漂移，禁止载入历史现场,登记带来源证据的决策编号、决策时点、数据截止时间及三类时间合同；重新生成不可变批次
replay-20260805T012335+0800-3156feb21c31,DS-000193,BTC,ZI-ab40d64be94e1c0a4b624ee5,无法判定,source-identity-1.0,d7c23b0296ff2ff1c4d1fe39f33c7ea55364cdf6769dca550482b494e7916f81,audit-20260805T005824+0800,完成,完整,def09224714a48cd4f0ac4d2a35851746b46def695b377048819d176dff1c2dd,未知,未知,未知,未知,未知,未知,未判定（缺少确切研究尺度合同）,未登记,无法判定,无法判定,无法判定,无法判定,无法判定,未判定（未登记到达时间合同）,无法判定,无法判定,717d3a2fd3bae60ec6485365211ee579c49778a4ed9985a2688fb0b288e48214,dq-rules-1.0,e87a78a94478584293d9fb3922bbb91882f48c58a8684db89186175facf03cc2,019010d64fe47d89c81bfaedafd458f1d886025bb34292c0c32eafcfa4392657,6b76a37cda07f33fc6b2ea279562275508cec4954c4bf18d9ba434b027ce19c8,无法判定,未执行（第一门未通过）,未执行（无决策记录）,无法判定,decision_record_missing,来源身份已登记但没有获批历史决策记录登记；不读取候选正文，不构造样例记录,登记带来源证据的决策编号、决策时点、数据截止时间及三类时间合同；重新生成不可变批次
replay-20260805T012335+0800-3156feb21c31,DS-000193,ETH,ZI-d1bb187785d14529961e7f3f,无法判定,source-identity-1.0,899b544de0b1751b43d0052c1fb6bd188ce4b4c288c25bb4daa04d4a31c6a3db,audit-20260805T005824+0800,完成,完整,def09224714a48cd4f0ac4d2a35851746b46def695b377048819d176dff1c2dd,未知,未知,未知,未知,未知,未知,未判定（缺少确切研究尺度合同）,未登记,无法判定,无法判定,无法判定,无法判定,无法判定,未判定（未登记到达时间合同）,无法判定,无法判定,717d3a2fd3bae60ec6485365211ee579c49778a4ed9985a2688fb0b288e48214,dq-rules-1.0,e87a78a94478584293d9fb3922bbb91882f48c58a8684db89186175facf03cc2,019010d64fe47d89c81bfaedafd458f1d886025bb34292c0c32eafcfa4392657,0fb566db284a5368883235bf3a6c3c786b52bdf43f63eb8562c507eed5e8c38b,无法判定,未执行（第一门未通过）,未执行（无决策记录）,无法判定,decision_record_missing,来源身份已登记但没有获批历史决策记录登记；不读取候选正文，不构造样例记录,登记带来源证据的决策编号、决策时点、数据截止时间及三类时间合同；重新生成不可变批次
replay-20260805T012335+0800-3156feb21c31,DS-000194,BTC,ZI-67958b820749ffb359809e24,拒绝,source-identity-1.0,82b62511f48e8c266268db64d197cbb629667942b8baf7ca58b154466579f706,audit-20260805T005824+0800,输入漂移,未执行,e5124ac419f53385231601878c47f7cee660d102b38f3936346745c43fa47d55,未知,未知,未知,未知,未知,未知,未判定（缺少确切研究尺度合同）,未登记,无法判定,无法判定,无法判定,无法判定,无法判定,未判定（未登记到达时间合同）,无法判定,无法判定,717d3a2fd3bae60ec6485365211ee579c49778a4ed9985a2688fb0b288e48214,dq-rules-1.0,e87a78a94478584293d9fb3922bbb91882f48c58a8684db89186175facf03cc2,019010d64fe47d89c81bfaedafd458f1d886025bb34292c0c32eafcfa4392657,566004ec0ed5d2ee91a13d7f46c8bc3dbe8e0811cee77bb9fa67fa1f3606534f,拒绝,未执行（第一门未通过）,未执行（无决策记录）,拒绝,input_identity_drift,来源身份成员或质量批次显示输入身份漂移，禁止载入历史现场,登记带来源证据的决策编号、决策时点、数据截止时间及三类时间合同；重新生成不可变批次
replay-20260805T012335+0800-3156feb21c31,DS-000194,ETH,ZI-6f3802d826442d0412d2aa81,拒绝,source-identity-1.0,4a1e0dc61693c225200cd68a42578ee8cf88d0ecc2875f19118b1431c10c4596,audit-20260805T005824+0800,输入漂移,未执行,e5124ac419f53385231601878c47f7cee660d102b38f3936346745c43fa47d55,未知,未知,未知,未知,未知,未知,未判定（缺少确切研究尺度合同）,未登记,无法判定,无法判定,无法判定,无法判定,无法判定,未判定（未登记到达时间合同）,无法判定,无法判定,717d3a2fd3bae60ec6485365211ee579c49778a4ed9985a2688fb0b288e48214,dq-rules-1.0,e87a78a94478584293d9fb3922bbb91882f48c58a8684db89186175facf03cc2,019010d64fe47d89c81bfaedafd458f1d886025bb34292c0c32eafcfa4392657,d11898c474bd13008d4d78c190ce3049799e7dd3aec36394f189ecb502a0f93c,拒绝,未执行（第一门未通过）,未执行（无决策记录）,拒绝,input_identity_drift,来源身份成员或质量批次显示输入身份漂移，禁止载入历史现场,登记带来源证据的决策编号、决策时点、数据截止时间及三类时间合同；重新生成不可变批次
replay-20260805T012335+0800-3156feb21c31,DS-000195,BTC,ZI-b7ae7ad9140ec01e272d90ef,无法判定,source-identity-1.0,c8f6143a6a5762d6d5bff692c8b476154a13049d90e8a647bc255a4b12931ba1,audit-20260805T005824+0800,完成,完整,9b1f2b59bfd1d875ae36f5dc84a009c49bde9aea0b64f5274ee2891fef6f787d,未知,未知,未知,未知,未知,未知,未判定（缺少确切研究尺度合同）,未登记,无法判定,无法判定,无法判定,无法判定,无法判定,未判定（未登记到达时间合同）,无法判定,无法判定,717d3a2fd3bae60ec6485365211ee579c49778a4ed9985a2688fb0b288e48214,dq-rules-1.0,e87a78a94478584293d9fb3922bbb91882f48c58a8684db89186175facf03cc2,019010d64fe47d89c81bfaedafd458f1d886025bb34292c0c32eafcfa4392657,cbc7b14f16514570c38304b6d64f6ebb74502ca56486c2724405691e5da3a6af,无法判定,未执行（第一门未通过）,未执行（无决策记录）,无法判定,decision_record_missing,来源身份已登记但没有获批历史决策记录登记；不读取候选正文，不构造样例记录,登记带来源证据的决策编号、决策时点、数据截止时间及三类时间合同；重新生成不可变批次
replay-20260805T012335+0800-3156feb21c31,DS-000195,ETH,ZI-e1794e82c705701b73c83cb1,无法判定,source-identity-1.0,9292c17c4e22084ba43dfd80c7329df7785b4d99b0a2d49c5ae2a3d66307a3c5,audit-20260805T005824+0800,完成,完整,9b1f2b59bfd1d875ae36f5dc84a009c49bde9aea0b64f5274ee2891fef6f787d,未知,未知,未知,未知,未知,未知,未判定（缺少确切研究尺度合同）,未登记,无法判定,无法判定,无法判定,无法判定,无法判定,未判定（未登记到达时间合同）,无法判定,无法判定,717d3a2fd3bae60ec6485365211ee579c49778a4ed9985a2688fb0b288e48214,dq-rules-1.0,e87a78a94478584293d9fb3922bbb91882f48c58a8684db89186175facf03cc2,019010d64fe47d89c81bfaedafd458f1d886025bb34292c0c32eafcfa4392657,c1b361474124d0352daa10097c568663e240e8d9aa355185f4f7c68707bc02ea,无法判定,未执行（第一门未通过）,未执行（无决策记录）,无法判定,decision_record_missing,来源身份已登记但没有获批历史决策记录登记；不读取候选正文，不构造样例记录,登记带来源证据的决策编号、决策时点、数据截止时间及三类时间合同；重新生成不可变批次
replay-20260805T012335+0800-3156feb21c31,DS-000196,BTC,ZI-32aaa116eb12c90702c94041,无法判定,source-identity-1.0,7373158ff59cb86d18a15b8435232269ea850c01be23a9b4c1f84cbcb130facd,audit-20260805T005824+0800,完成,完整,dd1d271cb81fa700ab3ef66ff52086dc8a15f0136d6756f9f1bbc30180c98bf1,未知,未知,未知,未知,未知,未知,未判定（缺少确切研究尺度合同）,未登记,无法判定,无法判定,无法判定,无法判定,无法判定,未判定（未登记到达时间合同）,无法判定,无法判定,717d3a2fd3bae60ec6485365211ee579c49778a4ed9985a2688fb0b288e48214,dq-rules-1.0,e87a78a94478584293d9fb3922bbb91882f48c58a8684db89186175facf03cc2,019010d64fe47d89c81bfaedafd458f1d886025bb34292c0c32eafcfa4392657,957e01adeb86b7a8c1615cd211f92e09466ba96f9fbe0c51447fd4ba9fad0d3a,无法判定,未执行（第一门未通过）,未执行（无决策记录）,无法判定,decision_record_missing,来源身份已登记但没有获批历史决策记录登记；不读取候选正文，不构造样例记录,登记带来源证据的决策编号、决策时点、数据截止时间及三类时间合同；重新生成不可变批次
replay-20260805T012335+0800-3156feb21c31,DS-000196,ETH,ZI-3f3df114d327035876c6e2c5,无法判定,source-identity-1.0,39e9fb4649eb086cde9a3a62e002406bfec66277359dd90efef0376b4df88f21,audit-20260805T005824+0800,完成,完整,dd1d271cb81fa700ab3ef66ff52086dc8a15f0136d6756f9f1bbc30180c98bf1,未知,未知,未知,未知,未知,未知,未判定（缺少确切研究尺度合同）,未登记,无法判定,无法判定,无法判定,无法判定,无法判定,未判定（未登记到达时间合同）,无法判定,无法判定,717d3a2fd3bae60ec6485365211ee579c49778a4ed9985a2688fb0b288e48214,dq-rules-1.0,e87a78a94478584293d9fb3922bbb91882f48c58a8684db89186175facf03cc2,019010d64fe47d89c81bfaedafd458f1d886025bb34292c0c32eafcfa4392657,3990d4ea6908198765e923782d7b60a7ba182bfa1d6773b2258e16ffa7901404,无法判定,未执行（第一门未通过）,未执行（无决策记录）,无法判定,decision_record_missing,来源身份已登记但没有获批历史决策记录登记；不读取候选正文，不构造样例记录,登记带来源证据的决策编号、决策时点、数据截止时间及三类时间合同；重新生成不可变批次
replay-20260805T012335+0800-3156feb21c31,DS-000197,BTC,ZI-0f24107cd7aff0b489c551c4,无法判定,source-identity-1.0,185f35f5939b8362782a779635c85e9a1af2885056622587f9a642a824a67009,audit-20260805T005824+0800,完成,完整,021378ffeef0c3afe2457175671ac88272f2971484e4076d512551162cfec7b3,未知,未知,未知,未知,未知,未知,未判定（缺少确切研究尺度合同）,未登记,无法判定,无法判定,无法判定,无法判定,无法判定,未判定（未登记到达时间合同）,无法判定,无法判定,717d3a2fd3bae60ec6485365211ee579c49778a4ed9985a2688fb0b288e48214,dq-rules-1.0,e87a78a94478584293d9fb3922bbb91882f48c58a8684db89186175facf03cc2,019010d64fe47d89c81bfaedafd458f1d886025bb34292c0c32eafcfa4392657,94530c76d5cac54e211c89789a3fe4c788f57e4edc37f6c4c3f1458c9d1151b7,无法判定,未执行（第一门未通过）,未执行（无决策记录）,无法判定,decision_record_missing,来源身份已登记但没有获批历史决策记录登记；不读取候选正文，不构造样例记录,登记带来源证据的决策编号、决策时点、数据截止时间及三类时间合同；重新生成不可变批次
replay-20260805T012335+0800-3156feb21c31,DS-000197,ETH,ZI-19137f1f87be3d200089316b,无法判定,source-identity-1.0,a40eec5a14dd4abf73737f531b7f02d1634293fc68981771f051dd63b54d43d1,audit-20260805T005824+0800,完成,完整,021378ffeef0c3afe2457175671ac88272f2971484e4076d512551162cfec7b3,未知,未知,未知,未知,未知,未知,未判定（缺少确切研究尺度合同）,未登记,无法判定,无法判定,无法判定,无法判定,无法判定,未判定（未登记到达时间合同）,无法判定,无法判定,717d3a2fd3bae60ec6485365211ee579c49778a4ed9985a2688fb0b288e48214,dq-rules-1.0,e87a78a94478584293d9fb3922bbb91882f48c58a8684db89186175facf03cc2,019010d64fe47d89c81bfaedafd458f1d886025bb34292c0c32eafcfa4392657,25ce804ebb8358d49ae3c86f34e88daa71167b7e16639ba6d80eca0eea91264e,无法判定,未执行（第一门未通过）,未执行（无决策记录）,无法判定,decision_record_missing,来源身份已登记但没有获批历史决策记录登记；不读取候选正文，不构造样例记录,登记带来源证据的决策编号、决策时点、数据截止时间及三类时间合同；重新生成不可变批次
replay-20260805T012335+0800-3156feb21c31,DS-000198,BTC,ZI-3183d1c30b7007a7db1dca31,无法判定,source-identity-1.0,210b4275cb5a243447a3fff43d6ba7c3fd3e6b8d04a4c2aef2c611a8470ae2fe,audit-20260805T005824+0800,完成,完整,1af34f1aebd661c1a0f8de7de80b94f0955234cc07d45a6d556e525a39056d21,未知,未知,未知,未知,未知,未知,未判定（缺少确切研究尺度合同）,未登记,无法判定,无法判定,无法判定,无法判定,无法判定,未判定（未登记到达时间合同）,无法判定,无法判定,717d3a2fd3bae60ec6485365211ee579c49778a4ed9985a2688fb0b288e48214,dq-rules-1.0,e87a78a94478584293d9fb3922bbb91882f48c58a8684db89186175facf03cc2,019010d64fe47d89c81bfaedafd458f1d886025bb34292c0c32eafcfa4392657,e06d9b985557207e41a0af244034eeea4864f064665c55f85f540641815920c8,无法判定,未执行（第一门未通过）,未执行（无决策记录）,无法判定,decision_record_missing,来源身份已登记但没有获批历史决策记录登记；不读取候选正文，不构造样例记录,登记带来源证据的决策编号、决策时点、数据截止时间及三类时间合同；重新生成不可变批次
replay-20260805T012335+0800-3156feb21c31,DS-000198,ETH,ZI-80af384d1f7e36ec07c65427,无法判定,source-identity-1.0,fde61badf542fdf25886ee36aad2f37eec4fe0c54a7b7a53af8375804799edc5,audit-20260805T005824+0800,完成,完整,1af34f1aebd661c1a0f8de7de80b94f0955234cc07d45a6d556e525a39056d21,未知,未知,未知,未知,未知,未知,未判定（缺少确切研究尺度合同）,未登记,无法判定,无法判定,无法判定,无法判定,无法判定,未判定（未登记到达时间合同）,无法判定,无法判定,717d3a2fd3bae60ec6485365211ee579c49778a4ed9985a2688fb0b288e48214,dq-rules-1.0,e87a78a94478584293d9fb3922bbb91882f48c58a8684db89186175facf03cc2,019010d64fe47d89c81bfaedafd458f1d886025bb34292c0c32eafcfa4392657,985a8f69aaea5f263faa5fd4f495ddbc147a3941ec20868c2feb7d70e71f14e5,无法判定,未执行（第一门未通过）,未执行（无决策记录）,无法判定,decision_record_missing,来源身份已登记但没有获批历史决策记录登记；不读取候选正文，不构造样例记录,登记带来源证据的决策编号、决策时点、数据截止时间及三类时间合同；重新生成不可变批次
replay-20260805T012335+0800-3156feb21c31,DS-000199,BTC,ZI-2886bbdc88afa40c39dbb408,无法判定,source-identity-1.0,a6aa7e7c9fcd619e8d621dd14849187ae32cb78f22b22098e4724299faa5b5aa,audit-20260805T005824+0800,完成,完整,220d7605169cd12e1131ca97abf5d62c04face85a7ceb3c97e865ccc80739011,未知,未知,未知,未知,未知,未知,未判定（缺少确切研究尺度合同）,未登记,无法判定,无法判定,无法判定,无法判定,无法判定,未判定（未登记到达时间合同）,无法判定,无法判定,717d3a2fd3bae60ec6485365211ee579c49778a4ed9985a2688fb0b288e48214,dq-rules-1.0,e87a78a94478584293d9fb3922bbb91882f48c58a8684db89186175facf03cc2,019010d64fe47d89c81bfaedafd458f1d886025bb34292c0c32eafcfa4392657,8c99fff2b31c969d1ba99086bcbc3d1cae366f422ebf9524fe0bc2fcf76d8544,无法判定,未执行（第一门未通过）,未执行（无决策记录）,无法判定,decision_record_missing,来源身份已登记但没有获批历史决策记录登记；不读取候选正文，不构造样例记录,登记带来源证据的决策编号、决策时点、数据截止时间及三类时间合同；重新生成不可变批次
replay-20260805T012335+0800-3156feb21c31,DS-000199,ETH,ZI-5b12f1080c2c2012be1a896a,无法判定,source-identity-1.0,7c1fe2f65dc2041ddf5cf6276602ca43b85a43082374f61f8ec190307b415bab,audit-20260805T005824+0800,完成,完整,220d7605169cd12e1131ca97abf5d62c04face85a7ceb3c97e865ccc80739011,未知,未知,未知,未知,未知,未知,未判定（缺少确切研究尺度合同）,未登记,无法判定,无法判定,无法判定,无法判定,无法判定,未判定（未登记到达时间合同）,无法判定,无法判定,717d3a2fd3bae60ec6485365211ee579c49778a4ed9985a2688fb0b288e48214,dq-rules-1.0,e87a78a94478584293d9fb3922bbb91882f48c58a8684db89186175facf03cc2,019010d64fe47d89c81bfaedafd458f1d886025bb34292c0c32eafcfa4392657,b6a5ba4df1c6b04c7f6efb527f1aa7322d5fb59981a4fddc748ec2852eca8bb8,无法判定,未执行（第一门未通过）,未执行（无决策记录）,无法判定,decision_record_missing,来源身份已登记但没有获批历史决策记录登记；不读取候选正文，不构造样例记录,登记带来源证据的决策编号、决策时点、数据截止时间及三类时间合同；重新生成不可变批次
replay-20260805T012335+0800-3156feb21c31,DS-000200,BTC,ZI-5dbdf00041b1706d7ba8abab,无法判定,source-identity-1.0,79b10ee504ddef238a0b7fdb3739ff33da814e9611b99cce7b179084af45fdae,audit-20260805T005824+0800,完成,完整,b3ed967adc718d06756a54c492983aac3dde39e8c411b30f3123cc021d4a4bf7,未知,未知,未知,未知,未知,未知,未判定（缺少确切研究尺度合同）,未登记,无法判定,无法判定,无法判定,无法判定,无法判定,未判定（未登记到达时间合同）,无法判定,无法判定,717d3a2fd3bae60ec6485365211ee579c49778a4ed9985a2688fb0b288e48214,dq-rules-1.0,e87a78a94478584293d9fb3922bbb91882f48c58a8684db89186175facf03cc2,019010d64fe47d89c81bfaedafd458f1d886025bb34292c0c32eafcfa4392657,4822e031e33427ec365576435df87b89beba15eedb7b2808ac1035c303672b48,无法判定,未执行（第一门未通过）,未执行（无决策记录）,无法判定,decision_record_missing,来源身份已登记但没有获批历史决策记录登记；不读取候选正文，不构造样例记录,登记带来源证据的决策编号、决策时点、数据截止时间及三类时间合同；重新生成不可变批次
replay-20260805T012335+0800-3156feb21c31,DS-000200,ETH,ZI-e77ad70ccd2cdeb42c394004,无法判定,source-identity-1.0,69159cd332ff978d6e3095167323a7a1032eb9cc0f0b61132cdb8fe3605bf715,audit-20260805T005824+0800,完成,完整,b3ed967adc718d06756a54c492983aac3dde39e8c411b30f3123cc021d4a4bf7,未知,未知,未知,未知,未知,未知,未判定（缺少确切研究尺度合同）,未登记,无法判定,无法判定,无法判定,无法判定,无法判定,未判定（未登记到达时间合同）,无法判定,无法判定,717d3a2fd3bae60ec6485365211ee579c49778a4ed9985a2688fb0b288e48214,dq-rules-1.0,e87a78a94478584293d9fb3922bbb91882f48c58a8684db89186175facf03cc2,019010d64fe47d89c81bfaedafd458f1d886025bb34292c0c32eafcfa4392657,639fd1e7d7cd66ae3c6de1978f3cfdeeafbc91970c71d3fc7447b60f32a90459,无法判定,未执行（第一门未通过）,未执行（无决策记录）,无法判定,decision_record_missing,来源身份已登记但没有获批历史决策记录登记；不读取候选正文，不构造样例记录,登记带来源证据的决策编号、决策时点、数据截止时间及三类时间合同；重新生成不可变批次
replay-20260805T012335+0800-3156feb21c31,DS-000201,BTC,ZI-be0372cc2ca2127e6ad7faa5,无法判定,source-identity-1.0,d4228f7393ef957fd744d9ace486a3d35943f25e22277d787c0779a13b08b24d,audit-20260805T005824+0800,完成,完整,c5324278d03a3495aeedaa82304a410faebb0b996bf7b82623267bae8d37f3b0,未知,未知,未知,未知,未知,未知,未判定（缺少确切研究尺度合同）,未登记,无法判定,无法判定,无法判定,无法判定,无法判定,未判定（未登记到达时间合同）,无法判定,无法判定,717d3a2fd3bae60ec6485365211ee579c49778a4ed9985a2688fb0b288e48214,dq-rules-1.0,e87a78a94478584293d9fb3922bbb91882f48c58a8684db89186175facf03cc2,019010d64fe47d89c81bfaedafd458f1d886025bb34292c0c32eafcfa4392657,77136bea836af50d25181153be7dba89e515d86e65a9f7e9141c8a8a3c9ff2d6,无法判定,未执行（第一门未通过）,未执行（无决策记录）,无法判定,decision_record_missing,来源身份已登记但没有获批历史决策记录登记；不读取候选正文，不构造样例记录,登记带来源证据的决策编号、决策时点、数据截止时间及三类时间合同；重新生成不可变批次
replay-20260805T012335+0800-3156feb21c31,DS-000201,ETH,ZI-e5c1417e81aca9c453033647,无法判定,source-identity-1.0,77ef3653b0cf9f563651988c2020a6e086dfe162b3723b4888ed22d825ac6a09,audit-20260805T005824+0800,完成,完整,c5324278d03a3495aeedaa82304a410faebb0b996bf7b82623267bae8d37f3b0,未知,未知,未知,未知,未知,未知,未判定（缺少确切研究尺度合同）,未登记,无法判定,无法判定,无法判定,无法判定,无法判定,未判定（未登记到达时间合同）,无法判定,无法判定,717d3a2fd3bae60ec6485365211ee579c49778a4ed9985a2688fb0b288e48214,dq-rules-1.0,e87a78a94478584293d9fb3922bbb91882f48c58a8684db89186175facf03cc2,019010d64fe47d89c81bfaedafd458f1d886025bb34292c0c32eafcfa4392657,775325300df4d70c4dd0c4f7cfa58c8df6dcbc4d412dee92df263707e48bc974,无法判定,未执行（第一门未通过）,未执行（无决策记录）,无法判定,decision_record_missing,来源身份已登记但没有获批历史决策记录登记；不读取候选正文，不构造样例记录,登记带来源证据的决策编号、决策时点、数据截止时间及三类时间合同；重新生成不可变批次
replay-20260805T012335+0800-3156feb21c31,DS-000202,BTC,ZI-78c8c25a0d917108a2b7f08a,无法判定,source-identity-1.0,d58ff66e8df5d2f58291a7c3a42a60b64bf0bf2802ec054bf0018dd878d32101,audit-20260805T005824+0800,完成,完整,0c6fdb8bd7c2fa79661ba8a16331c6d2a7d899e34c97965d0806fcc186ef6211,未知,未知,未知,未知,未知,未知,未判定（缺少确切研究尺度合同）,未登记,无法判定,无法判定,无法判定,无法判定,无法判定,未判定（未登记到达时间合同）,无法判定,无法判定,717d3a2fd3bae60ec6485365211ee579c49778a4ed9985a2688fb0b288e48214,dq-rules-1.0,e87a78a94478584293d9fb3922bbb91882f48c58a8684db89186175facf03cc2,019010d64fe47d89c81bfaedafd458f1d886025bb34292c0c32eafcfa4392657,0c635cadc2b6afb66e0cbc845989305a2e931a737bee9c280b4cac1293a0d62a,无法判定,未执行（第一门未通过）,未执行（无决策记录）,无法判定,decision_record_missing,来源身份已登记但没有获批历史决策记录登记；不读取候选正文，不构造样例记录,登记带来源证据的决策编号、决策时点、数据截止时间及三类时间合同；重新生成不可变批次
replay-20260805T012335+0800-3156feb21c31,DS-000202,ETH,ZI-d66834912672a4e2529dbcd7,无法判定,source-identity-1.0,fe3e49b1eddb4986577654f163af51c38a3b4df447bd1d7780b1a35bd3bbf234,audit-20260805T005824+0800,完成,完整,0c6fdb8bd7c2fa79661ba8a16331c6d2a7d899e34c97965d0806fcc186ef6211,未知,未知,未知,未知,未知,未知,未判定（缺少确切研究尺度合同）,未登记,无法判定,无法判定,无法判定,无法判定,无法判定,未判定（未登记到达时间合同）,无法判定,无法判定,717d3a2fd3bae60ec6485365211ee579c49778a4ed9985a2688fb0b288e48214,dq-rules-1.0,e87a78a94478584293d9fb3922bbb91882f48c58a8684db89186175facf03cc2,019010d64fe47d89c81bfaedafd458f1d886025bb34292c0c32eafcfa4392657,43427a56ea875f5b554c919150be671c96ba73352e63f33c026680a127a85526,无法判定,未执行（第一门未通过）,未执行（无决策记录）,无法判定,decision_record_missing,来源身份已登记但没有获批历史决策记录登记；不读取候选正文，不构造样例记录,登记带来源证据的决策编号、决策时点、数据截止时间及三类时间合同；重新生成不可变批次
replay-20260805T012335+0800-3156feb21c31,DS-000203,BTC,ZI-29c6f02cefeb649da045cd55,无法判定,source-identity-1.0,d9269cbdbc3788c492b460eec2d55360fb933f95776f7efbc258f7a0240c5b48,audit-20260805T005824+0800,完成,完整,96696d99d3d7bceafef546d8a5c949522df894c83577b6f0f2c207f1e004396c,未知,未知,未知,未知,未知,未知,未判定（缺少确切研究尺度合同）,未登记,无法判定,无法判定,无法判定,无法判定,无法判定,未判定（未登记到达时间合同）,无法判定,无法判定,717d3a2fd3bae60ec6485365211ee579c49778a4ed9985a2688fb0b288e48214,dq-rules-1.0,e87a78a94478584293d9fb3922bbb91882f48c58a8684db89186175facf03cc2,019010d64fe47d89c81bfaedafd458f1d886025bb34292c0c32eafcfa4392657,2ee8c15f22481bdb8bfb75465e72631b1e05df0172eb9d4ceb36be1c4a9a5f49,无法判定,未执行（第一门未通过）,未执行（无决策记录）,无法判定,decision_record_missing,来源身份已登记但没有获批历史决策记录登记；不读取候选正文，不构造样例记录,登记带来源证据的决策编号、决策时点、数据截止时间及三类时间合同；重新生成不可变批次
replay-20260805T012335+0800-3156feb21c31,DS-000203,ETH,ZI-0ac78046b4728bc089499fc7,无法判定,source-identity-1.0,d554f6d4e9ba72b04b5429e01692eadbdb917306752d30bd25f1e8efb9830a40,audit-20260805T005824+0800,完成,完整,96696d99d3d7bceafef546d8a5c949522df894c83577b6f0f2c207f1e004396c,未知,未知,未知,未知,未知,未知,未判定（缺少确切研究尺度合同）,未登记,无法判定,无法判定,无法判定,无法判定,无法判定,未判定（未登记到达时间合同）,无法判定,无法判定,717d3a2fd3bae60ec6485365211ee579c49778a4ed9985a2688fb0b288e48214,dq-rules-1.0,e87a78a94478584293d9fb3922bbb91882f48c58a8684db89186175facf03cc2,019010d64fe47d89c81bfaedafd458f1d886025bb34292c0c32eafcfa4392657,4dc86f0ed531e7bbd20aeee59fa77e89299fe1637bd4a2701de8c69aded123ed,无法判定,未执行（第一门未通过）,未执行（无决策记录）,无法判定,decision_record_missing,来源身份已登记但没有获批历史决策记录登记；不读取候选正文，不构造样例记录,登记带来源证据的决策编号、决策时点、数据截止时间及三类时间合同；重新生成不可变批次
replay-20260805T012335+0800-3156feb21c31,DS-000204,BTC,ZI-71520330f24bde8ccfb46d61,无法判定,source-identity-1.0,1c0cd1be9ffd0b7959db7d098374bb2412237d0be953ba11ec9363ff049c91fc,audit-20260805T005824+0800,完成,完整,18c5f3322078ac60f3465e667ab8201710672c8b87ae34c192e07dbf5da6b442,未知,未知,未知,未知,未知,未知,未判定（缺少确切研究尺度合同）,未登记,无法判定,无法判定,无法判定,无法判定,无法判定,未判定（未登记到达时间合同）,无法判定,无法判定,717d3a2fd3bae60ec6485365211ee579c49778a4ed9985a2688fb0b288e48214,dq-rules-1.0,e87a78a94478584293d9fb3922bbb91882f48c58a8684db89186175facf03cc2,019010d64fe47d89c81bfaedafd458f1d886025bb34292c0c32eafcfa4392657,f0c639d908cdb60e0085bb2fb43b9d205cf77b1ee32ca8470669893e7a37cabe,无法判定,未执行（第一门未通过）,未执行（无决策记录）,无法判定,decision_record_missing,来源身份已登记但没有获批历史决策记录登记；不读取候选正文，不构造样例记录,登记带来源证据的决策编号、决策时点、数据截止时间及三类时间合同；重新生成不可变批次
replay-20260805T012335+0800-3156feb21c31,DS-000204,ETH,ZI-e3f8d3f88205af4edaf439ef,无法判定,source-identity-1.0,b766387106cc02ac97e9da16b9b74e5b9a6db12dc66f0e82ff7c2e0c129c334c,audit-20260805T005824+0800,完成,完整,18c5f3322078ac60f3465e667ab8201710672c8b87ae34c192e07dbf5da6b442,未知,未知,未知,未知,未知,未知,未判定（缺少确切研究尺度合同）,未登记,无法判定,无法判定,无法判定,无法判定,无法判定,未判定（未登记到达时间合同）,无法判定,无法判定,717d3a2fd3bae60ec6485365211ee579c49778a4ed9985a2688fb0b288e48214,dq-rules-1.0,e87a78a94478584293d9fb3922bbb91882f48c58a8684db89186175facf03cc2,019010d64fe47d89c81bfaedafd458f1d886025bb34292c0c32eafcfa4392657,bf9bf0f4cbf86a7b833a63c86ca0cfe31a986c99743b6c5a2748d206a883b228,无法判定,未执行（第一门未通过）,未执行（无决策记录）,无法判定,decision_record_missing,来源身份已登记但没有获批历史决策记录登记；不读取候选正文，不构造样例记录,登记带来源证据的决策编号、决策时点、数据截止时间及三类时间合同；重新生成不可变批次
replay-20260805T012335+0800-3156feb21c31,DS-000205,BTC,ZI-d01d78d324c4bc33eb8369e0,无法判定,source-identity-1.0,5c26c88b1937282da8705f17db0c3ce8cc7c391649b459ba7b4e1185ccd2a5b0,audit-20260805T005824+0800,完成,完整,61954546e927e051d56401d8651a5a61933bf046477d91f7d2b36b05aef565ee,未知,未知,未知,未知,未知,未知,未判定（缺少确切研究尺度合同）,未登记,无法判定,无法判定,无法判定,无法判定,无法判定,未判定（未登记到达时间合同）,无法判定,无法判定,717d3a2fd3bae60ec6485365211ee579c49778a4ed9985a2688fb0b288e48214,dq-rules-1.0,e87a78a94478584293d9fb3922bbb91882f48c58a8684db89186175facf03cc2,019010d64fe47d89c81bfaedafd458f1d886025bb34292c0c32eafcfa4392657,51859c5a65af40b019421fd29bed2f850b71a2d8780ebf2df065c9b07b6fc5f1,无法判定,未执行（第一门未通过）,未执行（无决策记录）,无法判定,decision_record_missing,来源身份已登记但没有获批历史决策记录登记；不读取候选正文，不构造样例记录,登记带来源证据的决策编号、决策时点、数据截止时间及三类时间合同；重新生成不可变批次
replay-20260805T012335+0800-3156feb21c31,DS-000205,ETH,ZI-dc9e6a5027261094522801f5,无法判定,source-identity-1.0,ddaa133a8108151cf3fbc8d789c03735e73dc83b97c2b271fd06259c0ed37038,audit-20260805T005824+0800,完成,完整,61954546e927e051d56401d8651a5a61933bf046477d91f7d2b36b05aef565ee,未知,未知,未知,未知,未知,未知,未判定（缺少确切研究尺度合同）,未登记,无法判定,无法判定,无法判定,无法判定,无法判定,未判定（未登记到达时间合同）,无法判定,无法判定,717d3a2fd3bae60ec6485365211ee579c49778a4ed9985a2688fb0b288e48214,dq-rules-1.0,e87a78a94478584293d9fb3922bbb91882f48c58a8684db89186175facf03cc2,019010d64fe47d89c81bfaedafd458f1d886025bb34292c0c32eafcfa4392657,9470f26944625b3d6e61d13e51b9c008f96c4903d2b4103e56267e495c681f3d,无法判定,未执行（第一门未通过）,未执行（无决策记录）,无法判定,decision_record_missing,来源身份已登记但没有获批历史决策记录登记；不读取候选正文，不构造样例记录,登记带来源证据的决策编号、决策时点、数据截止时间及三类时间合同；重新生成不可变批次
replay-20260805T012335+0800-3156feb21c31,DS-000206,BTC,ZI-5e7172f6c1ca86bab358f51e,无法判定,source-identity-1.0,ebbcf726ffe02daf54de27375ebe370504be9fb860f7fae0a805d88e9ca74045,audit-20260805T005824+0800,完成,完整,c2b86a65fb63178b1059c062fa21f10b57c4d09c9419c900825476132c4bcd4e,未知,未知,未知,未知,未知,未知,未判定（缺少确切研究尺度合同）,未登记,无法判定,无法判定,无法判定,无法判定,无法判定,未判定（未登记到达时间合同）,无法判定,无法判定,717d3a2fd3bae60ec6485365211ee579c49778a4ed9985a2688fb0b288e48214,dq-rules-1.0,e87a78a94478584293d9fb3922bbb91882f48c58a8684db89186175facf03cc2,019010d64fe47d89c81bfaedafd458f1d886025bb34292c0c32eafcfa4392657,a1976167894d592df41b4f1b81095de21a047cbf0430e841e94c59605fbcf156,无法判定,未执行（第一门未通过）,未执行（无决策记录）,无法判定,decision_record_missing,来源身份已登记但没有获批历史决策记录登记；不读取候选正文，不构造样例记录,登记带来源证据的决策编号、决策时点、数据截止时间及三类时间合同；重新生成不可变批次
replay-20260805T012335+0800-3156feb21c31,DS-000206,ETH,ZI-39e668d49c271470ea63fde5,无法判定,source-identity-1.0,a4e0fdddf593812c6e2487e69a9d3eb2331d7c9aa245342fb1a21991b208a576,audit-20260805T005824+0800,完成,完整,c2b86a65fb63178b1059c062fa21f10b57c4d09c9419c900825476132c4bcd4e,未知,未知,未知,未知,未知,未知,未判定（缺少确切研究尺度合同）,未登记,无法判定,无法判定,无法判定,无法判定,无法判定,未判定（未登记到达时间合同）,无法判定,无法判定,717d3a2fd3bae60ec6485365211ee579c49778a4ed9985a2688fb0b288e48214,dq-rules-1.0,e87a78a94478584293d9fb3922bbb91882f48c58a8684db89186175facf03cc2,019010d64fe47d89c81bfaedafd458f1d886025bb34292c0c32eafcfa4392657,10464540ec13b2d8abde8a1ad4c659178268a60910bc4d420da72118eef1568d,无法判定,未执行（第一门未通过）,未执行（无决策记录）,无法判定,decision_record_missing,来源身份已登记但没有获批历史决策记录登记；不读取候选正文，不构造样例记录,登记带来源证据的决策编号、决策时点、数据截止时间及三类时间合同；重新生成不可变批次
replay-20260805T012335+0800-3156feb21c31,DS-000207,BTC,ZI-2a1b37d562bd57047005c01a,无法判定,source-identity-1.0,36ea2e36b4af3ebf5d082ee0ab8b17700b254af98afe407c6ae8d71afc947dd6,audit-20260805T005824+0800,完成,完整,3b613a948643e789d9a7980ee7b67743e8816c90214423bc22b83e0cf860188f,未知,未知,未知,未知,未知,未知,未判定（缺少确切研究尺度合同）,未登记,无法判定,无法判定,无法判定,无法判定,无法判定,未判定（未登记到达时间合同）,无法判定,无法判定,717d3a2fd3bae60ec6485365211ee579c49778a4ed9985a2688fb0b288e48214,dq-rules-1.0,e87a78a94478584293d9fb3922bbb91882f48c58a8684db89186175facf03cc2,019010d64fe47d89c81bfaedafd458f1d886025bb34292c0c32eafcfa4392657,e6fd20e008798070c0f3b9b78ad6e1dd1f222f20fa117d81872d62c7d277712d,无法判定,未执行（第一门未通过）,未执行（无决策记录）,无法判定,decision_record_missing,来源身份已登记但没有获批历史决策记录登记；不读取候选正文，不构造样例记录,登记带来源证据的决策编号、决策时点、数据截止时间及三类时间合同；重新生成不可变批次
replay-20260805T012335+0800-3156feb21c31,DS-000207,ETH,ZI-e6336b5c74a9200b20bce7e1,无法判定,source-identity-1.0,d4a51d575b9cd6a0ae3c05ec8857f4ecdeb37a2001d63a0e785b0bc4d547c88f,audit-20260805T005824+0800,完成,完整,3b613a948643e789d9a7980ee7b67743e8816c90214423bc22b83e0cf860188f,未知,未知,未知,未知,未知,未知,未判定（缺少确切研究尺度合同）,未登记,无法判定,无法判定,无法判定,无法判定,无法判定,未判定（未登记到达时间合同）,无法判定,无法判定,717d3a2fd3bae60ec6485365211ee579c49778a4ed9985a2688fb0b288e48214,dq-rules-1.0,e87a78a94478584293d9fb3922bbb91882f48c58a8684db89186175facf03cc2,019010d64fe47d89c81bfaedafd458f1d886025bb34292c0c32eafcfa4392657,bfaf377a65c8908b3c6b948ef5954f3c6febe6e11ea0e91deb643784c7ae6b45,无法判定,未执行（第一门未通过）,未执行（无决策记录）,无法判定,decision_record_missing,来源身份已登记但没有获批历史决策记录登记；不读取候选正文，不构造样例记录,登记带来源证据的决策编号、决策时点、数据截止时间及三类时间合同；重新生成不可变批次
replay-20260805T012335+0800-3156feb21c31,DS-000208,BTC,ZI-d7e573a8a3db8ebee466ccf6,无法判定,source-identity-1.0,c05ee58b1c9fa61f0d231a3822a2895d3824726f8cfe19e29b30a86b14257f9d,audit-20260805T005824+0800,完成,完整,0a9221881c705231aa1e15435d3c9be3d1d869d11d2db5b769302fa174d1952d,未知,未知,未知,未知,未知,未知,未判定（缺少确切研究尺度合同）,未登记,无法判定,无法判定,无法判定,无法判定,无法判定,未判定（未登记到达时间合同）,无法判定,无法判定,717d3a2fd3bae60ec6485365211ee579c49778a4ed9985a2688fb0b288e48214,dq-rules-1.0,e87a78a94478584293d9fb3922bbb91882f48c58a8684db89186175facf03cc2,019010d64fe47d89c81bfaedafd458f1d886025bb34292c0c32eafcfa4392657,8beff5cd6ba0d15f8bdef0c548011fae85645e54ac5592afecbd631c98f490ff,无法判定,未执行（第一门未通过）,未执行（无决策记录）,无法判定,decision_record_missing,来源身份已登记但没有获批历史决策记录登记；不读取候选正文，不构造样例记录,登记带来源证据的决策编号、决策时点、数据截止时间及三类时间合同；重新生成不可变批次
replay-20260805T012335+0800-3156feb21c31,DS-000208,ETH,ZI-67bf3674d8c4e2d9f884e729,无法判定,source-identity-1.0,f58ec82182fca96cf726c997ce28b1dfd6917bb3b46f5fa4fffafbfab51ec362,audit-20260805T005824+0800,完成,完整,0a9221881c705231aa1e15435d3c9be3d1d869d11d2db5b769302fa174d1952d,未知,未知,未知,未知,未知,未知,未判定（缺少确切研究尺度合同）,未登记,无法判定,无法判定,无法判定,无法判定,无法判定,未判定（未登记到达时间合同）,无法判定,无法判定,717d3a2fd3bae60ec6485365211ee579c49778a4ed9985a2688fb0b288e48214,dq-rules-1.0,e87a78a94478584293d9fb3922bbb91882f48c58a8684db89186175facf03cc2,019010d64fe47d89c81bfaedafd458f1d886025bb34292c0c32eafcfa4392657,9e5a998f6994c047c595b71a7eb82bff764f9017d7b484ac005b55a1800edd38,无法判定,未执行（第一门未通过）,未执行（无决策记录）,无法判定,decision_record_missing,来源身份已登记但没有获批历史决策记录登记；不读取候选正文，不构造样例记录,登记带来源证据的决策编号、决策时点、数据截止时间及三类时间合同；重新生成不可变批次
replay-20260805T012335+0800-3156feb21c31,DS-000209,BTC,ZI-3e2be17d98778a0ad036cfad,无法判定,source-identity-1.0,9c58e7c316af515db9d50cc407ed302fab99beb73d1774c317baf73a46f445f6,audit-20260805T005824+0800,完成,完整,4fb854b92be309b7be047b1169a4a79e8d8af250d22130dd1fdb641533721ed6,未知,未知,未知,未知,未知,未知,未判定（缺少确切研究尺度合同）,未登记,无法判定,无法判定,无法判定,无法判定,无法判定,未判定（未登记到达时间合同）,无法判定,无法判定,717d3a2fd3bae60ec6485365211ee579c49778a4ed9985a2688fb0b288e48214,dq-rules-1.0,e87a78a94478584293d9fb3922bbb91882f48c58a8684db89186175facf03cc2,019010d64fe47d89c81bfaedafd458f1d886025bb34292c0c32eafcfa4392657,8272d5051936ee87c1116af9e9f56389916934741c0cea66b91882daadfefd84,无法判定,未执行（第一门未通过）,未执行（无决策记录）,无法判定,decision_record_missing,来源身份已登记但没有获批历史决策记录登记；不读取候选正文，不构造样例记录,登记带来源证据的决策编号、决策时点、数据截止时间及三类时间合同；重新生成不可变批次
replay-20260805T012335+0800-3156feb21c31,DS-000209,ETH,ZI-bf318ff33e056cae7780888f,无法判定,source-identity-1.0,970d7a0be9c1b6ff46c2efc8b7b8331693039b97b7f569d0a8f8c0c8f2679e4e,audit-20260805T005824+0800,完成,完整,4fb854b92be309b7be047b1169a4a79e8d8af250d22130dd1fdb641533721ed6,未知,未知,未知,未知,未知,未知,未判定（缺少确切研究尺度合同）,未登记,无法判定,无法判定,无法判定,无法判定,无法判定,未判定（未登记到达时间合同）,无法判定,无法判定,717d3a2fd3bae60ec6485365211ee579c49778a4ed9985a2688fb0b288e48214,dq-rules-1.0,e87a78a94478584293d9fb3922bbb91882f48c58a8684db89186175facf03cc2,019010d64fe47d89c81bfaedafd458f1d886025bb34292c0c32eafcfa4392657,2ba1d981248bf7b3f10e33b5d0138accfbd273a4963b398b68ac2d73a5f01333,无法判定,未执行（第一门未通过）,未执行（无决策记录）,无法判定,decision_record_missing,来源身份已登记但没有获批历史决策记录登记；不读取候选正文，不构造样例记录,登记带来源证据的决策编号、决策时点、数据截止时间及三类时间合同；重新生成不可变批次
replay-20260805T012335+0800-3156feb21c31,DS-000210,BTC,ZI-3286667a2cfe079a913c7c30,无法判定,source-identity-1.0,6bdee6b8cbe0e99443543f4256b5866df7d617e69423cb12dbbcba29d5d463fe,audit-20260805T005824+0800,完成,完整,b39ade722427294df6baf5c786d4dfc3ee4ac5843843017d9993dd03a842226a,未知,未知,未知,未知,未知,未知,未判定（缺少确切研究尺度合同）,未登记,无法判定,无法判定,无法判定,无法判定,无法判定,未判定（未登记到达时间合同）,无法判定,无法判定,717d3a2fd3bae60ec6485365211ee579c49778a4ed9985a2688fb0b288e48214,dq-rules-1.0,e87a78a94478584293d9fb3922bbb91882f48c58a8684db89186175facf03cc2,019010d64fe47d89c81bfaedafd458f1d886025bb34292c0c32eafcfa4392657,2832e54b0653b7e83dffe8f081a82ad6b58a38e6090e5906f5baffbd30277aaf,无法判定,未执行（第一门未通过）,未执行（无决策记录）,无法判定,decision_record_missing,来源身份已登记但没有获批历史决策记录登记；不读取候选正文，不构造样例记录,登记带来源证据的决策编号、决策时点、数据截止时间及三类时间合同；重新生成不可变批次
replay-20260805T012335+0800-3156feb21c31,DS-000210,ETH,ZI-9bf3456766012c7fa289b73a,无法判定,source-identity-1.0,7dfb89c1fb89ffd211403c915cd021c5050203ba9385f981b27b8622db9b1dcc,audit-20260805T005824+0800,完成,完整,b39ade722427294df6baf5c786d4dfc3ee4ac5843843017d9993dd03a842226a,未知,未知,未知,未知,未知,未知,未判定（缺少确切研究尺度合同）,未登记,无法判定,无法判定,无法判定,无法判定,无法判定,未判定（未登记到达时间合同）,无法判定,无法判定,717d3a2fd3bae60ec6485365211ee579c49778a4ed9985a2688fb0b288e48214,dq-rules-1.0,e87a78a94478584293d9fb3922bbb91882f48c58a8684db89186175facf03cc2,019010d64fe47d89c81bfaedafd458f1d886025bb34292c0c32eafcfa4392657,f0a11b931e64c0431820ea956b35111819039a311e415e95be8980a9d9c59bfa,无法判定,未执行（第一门未通过）,未执行（无决策记录）,无法判定,decision_record_missing,来源身份已登记但没有获批历史决策记录登记；不读取候选正文，不构造样例记录,登记带来源证据的决策编号、决策时点、数据截止时间及三类时间合同；重新生成不可变批次
replay-20260805T012335+0800-3156feb21c31,DS-000211,BTC,ZI-9a9b77f14347b2cb48fa88e7,无法判定,source-identity-1.0,d148c9bc1a44d3c7e0d72f93041ea6dde07152f54fbe2d76d7bd20f0316ef031,audit-20260805T005824+0800,完成,完整,23db400f8e1894f7553938dab8303c4ba51dd7315a0aea11c18c23a9ecc3f58b,未知,未知,未知,未知,未知,未知,未判定（缺少确切研究尺度合同）,未登记,无法判定,无法判定,无法判定,无法判定,无法判定,未判定（未登记到达时间合同）,无法判定,无法判定,717d3a2fd3bae60ec6485365211ee579c49778a4ed9985a2688fb0b288e48214,dq-rules-1.0,e87a78a94478584293d9fb3922bbb91882f48c58a8684db89186175facf03cc2,019010d64fe47d89c81bfaedafd458f1d886025bb34292c0c32eafcfa4392657,2475655a9fd76704021f36dd888b6e2d21f6fea34a451998e7333eaaf7278f59,无法判定,未执行（第一门未通过）,未执行（无决策记录）,无法判定,decision_record_missing,来源身份已登记但没有获批历史决策记录登记；不读取候选正文，不构造样例记录,登记带来源证据的决策编号、决策时点、数据截止时间及三类时间合同；重新生成不可变批次
replay-20260805T012335+0800-3156feb21c31,DS-000211,ETH,ZI-bf36c5f09b92ec27587054c0,无法判定,source-identity-1.0,acedc310a4b34fd5eef56f685de8c891c875268a7f405a9025d447fe43133cf1,audit-20260805T005824+0800,完成,完整,23db400f8e1894f7553938dab8303c4ba51dd7315a0aea11c18c23a9ecc3f58b,未知,未知,未知,未知,未知,未知,未判定（缺少确切研究尺度合同）,未登记,无法判定,无法判定,无法判定,无法判定,无法判定,未判定（未登记到达时间合同）,无法判定,无法判定,717d3a2fd3bae60ec6485365211ee579c49778a4ed9985a2688fb0b288e48214,dq-rules-1.0,e87a78a94478584293d9fb3922bbb91882f48c58a8684db89186175facf03cc2,019010d64fe47d89c81bfaedafd458f1d886025bb34292c0c32eafcfa4392657,8a8625ba4e762bdbeb4653bb58e9ba9a72958a35d4622ad5d976f752334bc4fd,无法判定,未执行（第一门未通过）,未执行（无决策记录）,无法判定,decision_record_missing,来源身份已登记但没有获批历史决策记录登记；不读取候选正文，不构造样例记录,登记带来源证据的决策编号、决策时点、数据截止时间及三类时间合同；重新生成不可变批次
replay-20260805T012335+0800-3156feb21c31,DS-000212,BTC,ZI-072c6e5f9b428b87bb907797,无法判定,source-identity-1.0,179662c416932b96edd242addf0232a7806114bef69edb23692577df344faa28,audit-20260805T005824+0800,完成,完整,fa7cb70f0757afa1008a2741f25b66cdd94fbd38e104c5ea9bce88329d2df96a,未知,未知,未知,未知,未知,未知,未判定（缺少确切研究尺度合同）,未登记,无法判定,无法判定,无法判定,无法判定,无法判定,未判定（未登记到达时间合同）,无法判定,无法判定,717d3a2fd3bae60ec6485365211ee579c49778a4ed9985a2688fb0b288e48214,dq-rules-1.0,e87a78a94478584293d9fb3922bbb91882f48c58a8684db89186175facf03cc2,019010d64fe47d89c81bfaedafd458f1d886025bb34292c0c32eafcfa4392657,f1bd8d99ec477767d6a9db072c1aa5a3d1fabb62b2bc60d71a1f36d5db8ceff2,无法判定,未执行（第一门未通过）,未执行（无决策记录）,无法判定,decision_record_missing,来源身份已登记但没有获批历史决策记录登记；不读取候选正文，不构造样例记录,登记带来源证据的决策编号、决策时点、数据截止时间及三类时间合同；重新生成不可变批次
replay-20260805T012335+0800-3156feb21c31,DS-000212,ETH,ZI-3e5b6d24bf74d09e00f206d2,无法判定,source-identity-1.0,19b8ea9d8f7069d1625c2553037d9b76b311ff7eb8b6c5e7769a810a37ff90bc,audit-20260805T005824+0800,完成,完整,fa7cb70f0757afa1008a2741f25b66cdd94fbd38e104c5ea9bce88329d2df96a,未知,未知,未知,未知,未知,未知,未判定（缺少确切研究尺度合同）,未登记,无法判定,无法判定,无法判定,无法判定,无法判定,未判定（未登记到达时间合同）,无法判定,无法判定,717d3a2fd3bae60ec6485365211ee579c49778a4ed9985a2688fb0b288e48214,dq-rules-1.0,e87a78a94478584293d9fb3922bbb91882f48c58a8684db89186175facf03cc2,019010d64fe47d89c81bfaedafd458f1d886025bb34292c0c32eafcfa4392657,4c13cd691267ddee641d07df613f1c7e29df3c1f3d7a38de4f55ef984691c96e,无法判定,未执行（第一门未通过）,未执行（无决策记录）,无法判定,decision_record_missing,来源身份已登记但没有获批历史决策记录登记；不读取候选正文，不构造样例记录,登记带来源证据的决策编号、决策时点、数据截止时间及三类时间合同；重新生成不可变批次
replay-20260805T012335+0800-3156feb21c31,DS-000213,BTC,ZI-c6103a96caf69285c99ebf1c,无法判定,source-identity-1.0,53bddf302f2aaa926c9a71820bf7606aaea730eaa65eb0c6c978f929fff18f71,audit-20260805T005824+0800,完成,完整,45cf425993b46d12cacb4fe8239ce9eccf2ab072deace94f480767aade5f8164,未知,未知,未知,未知,未知,未知,未判定（缺少确切研究尺度合同）,未登记,无法判定,无法判定,无法判定,无法判定,无法判定,未判定（未登记到达时间合同）,无法判定,无法判定,717d3a2fd3bae60ec6485365211ee579c49778a4ed9985a2688fb0b288e48214,dq-rules-1.0,e87a78a94478584293d9fb3922bbb91882f48c58a8684db89186175facf03cc2,019010d64fe47d89c81bfaedafd458f1d886025bb34292c0c32eafcfa4392657,407f6c0318cf219f698fa10ecf2b343bdd99eb47e86059c8ebc77426043983e5,无法判定,未执行（第一门未通过）,未执行（无决策记录）,无法判定,decision_record_missing,来源身份已登记但没有获批历史决策记录登记；不读取候选正文，不构造样例记录,登记带来源证据的决策编号、决策时点、数据截止时间及三类时间合同；重新生成不可变批次
replay-20260805T012335+0800-3156feb21c31,DS-000213,ETH,ZI-a63d16fb4ec4d09959677754,无法判定,source-identity-1.0,2698ac3493a281165f258300ae84b0a613c5c6b67560edf5cf0e0c422eee9f4c,audit-20260805T005824+0800,完成,完整,45cf425993b46d12cacb4fe8239ce9eccf2ab072deace94f480767aade5f8164,未知,未知,未知,未知,未知,未知,未判定（缺少确切研究尺度合同）,未登记,无法判定,无法判定,无法判定,无法判定,无法判定,未判定（未登记到达时间合同）,无法判定,无法判定,717d3a2fd3bae60ec6485365211ee579c49778a4ed9985a2688fb0b288e48214,dq-rules-1.0,e87a78a94478584293d9fb3922bbb91882f48c58a8684db89186175facf03cc2,019010d64fe47d89c81bfaedafd458f1d886025bb34292c0c32eafcfa4392657,e32bde9e3ac8abb7e7b4a1e8821e242f0b1ac0d11fafac32814cc1fc1b946fd2,无法判定,未执行（第一门未通过）,未执行（无决策记录）,无法判定,decision_record_missing,来源身份已登记但没有获批历史决策记录登记；不读取候选正文，不构造样例记录,登记带来源证据的决策编号、决策时点、数据截止时间及三类时间合同；重新生成不可变批次
replay-20260805T012335+0800-3156feb21c31,DS-000214,BTC,ZI-8304253d2ed20332e30ebcca,无法判定,source-identity-1.0,79fef76636c9610e4024f91126c6b8cebb5b471b6b392e07118fd454fcb90a6f,audit-20260805T005824+0800,完成,完整,c4ff5721068214f5a5b132c7f6f0c6cc43bd129ec66ba178e08c8538941c4dd1,未知,未知,未知,未知,未知,未知,未判定（缺少确切研究尺度合同）,未登记,无法判定,无法判定,无法判定,无法判定,无法判定,未判定（未登记到达时间合同）,无法判定,无法判定,717d3a2fd3bae60ec6485365211ee579c49778a4ed9985a2688fb0b288e48214,dq-rules-1.0,e87a78a94478584293d9fb3922bbb91882f48c58a8684db89186175facf03cc2,019010d64fe47d89c81bfaedafd458f1d886025bb34292c0c32eafcfa4392657,5800185ba3eb4e83a497e9fd17780f4d8805fb97fc4fc24caf16613681a9c175,无法判定,未执行（第一门未通过）,未执行（无决策记录）,无法判定,decision_record_missing,来源身份已登记但没有获批历史决策记录登记；不读取候选正文，不构造样例记录,登记带来源证据的决策编号、决策时点、数据截止时间及三类时间合同；重新生成不可变批次
replay-20260805T012335+0800-3156feb21c31,DS-000214,ETH,ZI-46ace9e7b562d73bf90102ac,无法判定,source-identity-1.0,3505f67cba61f4ff9007b6dbb365069bbb1bff5c22a5bc30878945c7e8788fee,audit-20260805T005824+0800,完成,完整,c4ff5721068214f5a5b132c7f6f0c6cc43bd129ec66ba178e08c8538941c4dd1,未知,未知,未知,未知,未知,未知,未判定（缺少确切研究尺度合同）,未登记,无法判定,无法判定,无法判定,无法判定,无法判定,未判定（未登记到达时间合同）,无法判定,无法判定,717d3a2fd3bae60ec6485365211ee579c49778a4ed9985a2688fb0b288e48214,dq-rules-1.0,e87a78a94478584293d9fb3922bbb91882f48c58a8684db89186175facf03cc2,019010d64fe47d89c81bfaedafd458f1d886025bb34292c0c32eafcfa4392657,b50d5da4ed196fe28a5a7b85864dadb420490b616ceaba9f395195dfa3f15f94,无法判定,未执行（第一门未通过）,未执行（无决策记录）,无法判定,decision_record_missing,来源身份已登记但没有获批历史决策记录登记；不读取候选正文，不构造样例记录,登记带来源证据的决策编号、决策时点、数据截止时间及三类时间合同；重新生成不可变批次
replay-20260805T012335+0800-3156feb21c31,DS-000215,BTC,ZI-ec81510cd0a232ac9b5cc4f3,无法判定,source-identity-1.0,db10d1d263eda0b1c86b353b94ada857451267554064fd865773c6d9ac7f8682,audit-20260805T005824+0800,完成,完整,a307d1c24f8c7f312b989f40d77a1580607c37df7f69fe3461f60907e299aaa5,未知,未知,未知,未知,未知,未知,未判定（缺少确切研究尺度合同）,未登记,无法判定,无法判定,无法判定,无法判定,无法判定,未判定（未登记到达时间合同）,无法判定,无法判定,717d3a2fd3bae60ec6485365211ee579c49778a4ed9985a2688fb0b288e48214,dq-rules-1.0,e87a78a94478584293d9fb3922bbb91882f48c58a8684db89186175facf03cc2,019010d64fe47d89c81bfaedafd458f1d886025bb34292c0c32eafcfa4392657,4e3cc8b199243cb42e794dc294d80cec0a6aa2f6e989f22d9ef5832b782fc2d6,无法判定,未执行（第一门未通过）,未执行（无决策记录）,无法判定,decision_record_missing,来源身份已登记但没有获批历史决策记录登记；不读取候选正文，不构造样例记录,登记带来源证据的决策编号、决策时点、数据截止时间及三类时间合同；重新生成不可变批次
replay-20260805T012335+0800-3156feb21c31,DS-000215,ETH,ZI-4bf648fae65088717c965e1f,无法判定,source-identity-1.0,a33b7db178ce4b386cb6bbd81164528c252879863f9563d35afd36161e03c36f,audit-20260805T005824+0800,完成,完整,a307d1c24f8c7f312b989f40d77a1580607c37df7f69fe3461f60907e299aaa5,未知,未知,未知,未知,未知,未知,未判定（缺少确切研究尺度合同）,未登记,无法判定,无法判定,无法判定,无法判定,无法判定,未判定（未登记到达时间合同）,无法判定,无法判定,717d3a2fd3bae60ec6485365211ee579c49778a4ed9985a2688fb0b288e48214,dq-rules-1.0,e87a78a94478584293d9fb3922bbb91882f48c58a8684db89186175facf03cc2,019010d64fe47d89c81bfaedafd458f1d886025bb34292c0c32eafcfa4392657,adf26585d239f36ce63776f0e9b326755fc26195d201b36c10d23cc70c2091c9,无法判定,未执行（第一门未通过）,未执行（无决策记录）,无法判定,decision_record_missing,来源身份已登记但没有获批历史决策记录登记；不读取候选正文，不构造样例记录,登记带来源证据的决策编号、决策时点、数据截止时间及三类时间合同；重新生成不可变批次
replay-20260805T012335+0800-3156feb21c31,DS-000216,BTC,ZI-7d904efd7dbc8083ae534633,无法判定,source-identity-1.0,e1f47e07ef7d87cb24bee0119fba10cba34a6a19d270de8d728dc46715c36c96,audit-20260805T005824+0800,完成,完整,4c1f90d25c34b5ff0676f9f69f7d72f0abb614a491d7ae328cd18e6be90e5a18,未知,未知,未知,未知,未知,未知,未判定（缺少确切研究尺度合同）,未登记,无法判定,无法判定,无法判定,无法判定,无法判定,未判定（未登记到达时间合同）,无法判定,无法判定,717d3a2fd3bae60ec6485365211ee579c49778a4ed9985a2688fb0b288e48214,dq-rules-1.0,e87a78a94478584293d9fb3922bbb91882f48c58a8684db89186175facf03cc2,019010d64fe47d89c81bfaedafd458f1d886025bb34292c0c32eafcfa4392657,521b61c25bd646863aee419ce50ff83e674338a3c6d4a47309b7d9356a40fa30,无法判定,未执行（第一门未通过）,未执行（无决策记录）,无法判定,decision_record_missing,来源身份已登记但没有获批历史决策记录登记；不读取候选正文，不构造样例记录,登记带来源证据的决策编号、决策时点、数据截止时间及三类时间合同；重新生成不可变批次
replay-20260805T012335+0800-3156feb21c31,DS-000216,ETH,ZI-aa7e8af4e975d61b2ca3fb4f,无法判定,source-identity-1.0,eb7d8188a0f5800e35f3056bb37b0027c61854a26609405e06b5e807959984fb,audit-20260805T005824+0800,完成,完整,4c1f90d25c34b5ff0676f9f69f7d72f0abb614a491d7ae328cd18e6be90e5a18,未知,未知,未知,未知,未知,未知,未判定（缺少确切研究尺度合同）,未登记,无法判定,无法判定,无法判定,无法判定,无法判定,未判定（未登记到达时间合同）,无法判定,无法判定,717d3a2fd3bae60ec6485365211ee579c49778a4ed9985a2688fb0b288e48214,dq-rules-1.0,e87a78a94478584293d9fb3922bbb91882f48c58a8684db89186175facf03cc2,019010d64fe47d89c81bfaedafd458f1d886025bb34292c0c32eafcfa4392657,a05b97d22a8f80a54f348f8e10471a5fcbbe6c946f91fc9f65a0e60a89d6eb1f,无法判定,未执行（第一门未通过）,未执行（无决策记录）,无法判定,decision_record_missing,来源身份已登记但没有获批历史决策记录登记；不读取候选正文，不构造样例记录,登记带来源证据的决策编号、决策时点、数据截止时间及三类时间合同；重新生成不可变批次
replay-20260805T012335+0800-3156feb21c31,DS-000217,BTC,ZI-74ee466762e9b1869eeab68c,无法判定,source-identity-1.0,a5bf654b3256b380cd5e646b72f3bd09dd4fee54c46791c70fd36c8d9795b04a,audit-20260805T005824+0800,完成,完整,75705804018fe7922066618779a83703b727b299dec059467a77538562a14dee,未知,未知,未知,未知,未知,未知,未判定（缺少确切研究尺度合同）,未登记,无法判定,无法判定,无法判定,无法判定,无法判定,未判定（未登记到达时间合同）,无法判定,无法判定,717d3a2fd3bae60ec6485365211ee579c49778a4ed9985a2688fb0b288e48214,dq-rules-1.0,e87a78a94478584293d9fb3922bbb91882f48c58a8684db89186175facf03cc2,019010d64fe47d89c81bfaedafd458f1d886025bb34292c0c32eafcfa4392657,c482a8dedfa33a5d3fa34dcd4d77bd7e190f502f6247a06c5205f25cd8159955,无法判定,未执行（第一门未通过）,未执行（无决策记录）,无法判定,decision_record_missing,来源身份已登记但没有获批历史决策记录登记；不读取候选正文，不构造样例记录,登记带来源证据的决策编号、决策时点、数据截止时间及三类时间合同；重新生成不可变批次
replay-20260805T012335+0800-3156feb21c31,DS-000217,ETH,ZI-87449cb81b7b3a3b8f7d3eab,无法判定,source-identity-1.0,19012c7f087c1f08fec5ae7fbc2fd23f6e4d1343026241e9e7dce076e1360c0f,audit-20260805T005824+0800,完成,完整,75705804018fe7922066618779a83703b727b299dec059467a77538562a14dee,未知,未知,未知,未知,未知,未知,未判定（缺少确切研究尺度合同）,未登记,无法判定,无法判定,无法判定,无法判定,无法判定,未判定（未登记到达时间合同）,无法判定,无法判定,717d3a2fd3bae60ec6485365211ee579c49778a4ed9985a2688fb0b288e48214,dq-rules-1.0,e87a78a94478584293d9fb3922bbb91882f48c58a8684db89186175facf03cc2,019010d64fe47d89c81bfaedafd458f1d886025bb34292c0c32eafcfa4392657,9b6322cb9de6590fab7c62527e99e5420adadfe23564795d08db7ed0393e6820,无法判定,未执行（第一门未通过）,未执行（无决策记录）,无法判定,decision_record_missing,来源身份已登记但没有获批历史决策记录登记；不读取候选正文，不构造样例记录,登记带来源证据的决策编号、决策时点、数据截止时间及三类时间合同；重新生成不可变批次
replay-20260805T012335+0800-3156feb21c31,DS-000218,BTC,ZI-29c36adb3ea8aab9775a3a1a,无法判定,source-identity-1.0,ecfb52f0dd981262d1d6cfb56b64dababad7f971a973c3d59be930f3ad644e4f,audit-20260805T005824+0800,完成,完整,5bff8241f264eaa56cb0cc9babee4eb3ea0f05ce3d0e00996803cdd06afc05bb,未知,未知,未知,未知,未知,未知,未判定（缺少确切研究尺度合同）,未登记,无法判定,无法判定,无法判定,无法判定,无法判定,未判定（未登记到达时间合同）,无法判定,无法判定,717d3a2fd3bae60ec6485365211ee579c49778a4ed9985a2688fb0b288e48214,dq-rules-1.0,e87a78a94478584293d9fb3922bbb91882f48c58a8684db89186175facf03cc2,019010d64fe47d89c81bfaedafd458f1d886025bb34292c0c32eafcfa4392657,5ea0417038c7e23178e809d5335a18a9486bdbc92fe32a964385a7dcfbaef718,无法判定,未执行（第一门未通过）,未执行（无决策记录）,无法判定,decision_record_missing,来源身份已登记但没有获批历史决策记录登记；不读取候选正文，不构造样例记录,登记带来源证据的决策编号、决策时点、数据截止时间及三类时间合同；重新生成不可变批次
replay-20260805T012335+0800-3156feb21c31,DS-000218,ETH,ZI-36c092c73b65708fcdd38ad4,无法判定,source-identity-1.0,842c01ab5729be46366ce619cda373dc91a7302f46db9f3da5dcbde3894ee687,audit-20260805T005824+0800,完成,完整,5bff8241f264eaa56cb0cc9babee4eb3ea0f05ce3d0e00996803cdd06afc05bb,未知,未知,未知,未知,未知,未知,未判定（缺少确切研究尺度合同）,未登记,无法判定,无法判定,无法判定,无法判定,无法判定,未判定（未登记到达时间合同）,无法判定,无法判定,717d3a2fd3bae60ec6485365211ee579c49778a4ed9985a2688fb0b288e48214,dq-rules-1.0,e87a78a94478584293d9fb3922bbb91882f48c58a8684db89186175facf03cc2,019010d64fe47d89c81bfaedafd458f1d886025bb34292c0c32eafcfa4392657,db0d4834d069b0b7f35d1c12c6f5620d0986efaec8019b7a3d2f3032926ed59e,无法判定,未执行（第一门未通过）,未执行（无决策记录）,无法判定,decision_record_missing,来源身份已登记但没有获批历史决策记录登记；不读取候选正文，不构造样例记录,登记带来源证据的决策编号、决策时点、数据截止时间及三类时间合同；重新生成不可变批次
replay-20260805T012335+0800-3156feb21c31,DS-000219,BTC,ZI-e2ba4b054e7cdaf4c747c964,无法判定,source-identity-1.0,a8a598fbe51b189eb738a22c8e6b0390cd7c1c8f813a45a99fc2a93171a9015d,audit-20260805T005824+0800,完成,完整,a73a3b9ce8afb3bb24ffd84e8ff206e0b8f4caab52bf16b70a23e6311b8f17d1,未知,未知,未知,未知,未知,未知,未判定（缺少确切研究尺度合同）,未登记,无法判定,无法判定,无法判定,无法判定,无法判定,未判定（未登记到达时间合同）,无法判定,无法判定,717d3a2fd3bae60ec6485365211ee579c49778a4ed9985a2688fb0b288e48214,dq-rules-1.0,e87a78a94478584293d9fb3922bbb91882f48c58a8684db89186175facf03cc2,019010d64fe47d89c81bfaedafd458f1d886025bb34292c0c32eafcfa4392657,b962798d0313801c59f0e087050cc0eddc9b6e6c7b33c626e8c28a73b3855cd8,无法判定,未执行（第一门未通过）,未执行（无决策记录）,无法判定,decision_record_missing,来源身份已登记但没有获批历史决策记录登记；不读取候选正文，不构造样例记录,登记带来源证据的决策编号、决策时点、数据截止时间及三类时间合同；重新生成不可变批次
replay-20260805T012335+0800-3156feb21c31,DS-000219,ETH,ZI-12c289eff1be0bf2e1d20fb5,无法判定,source-identity-1.0,1c3c486aa9c33170ca709b1daf31cc13aa02dbcd484c10b9df8223302c5e9a04,audit-20260805T005824+0800,完成,完整,a73a3b9ce8afb3bb24ffd84e8ff206e0b8f4caab52bf16b70a23e6311b8f17d1,未知,未知,未知,未知,未知,未知,未判定（缺少确切研究尺度合同）,未登记,无法判定,无法判定,无法判定,无法判定,无法判定,未判定（未登记到达时间合同）,无法判定,无法判定,717d3a2fd3bae60ec6485365211ee579c49778a4ed9985a2688fb0b288e48214,dq-rules-1.0,e87a78a94478584293d9fb3922bbb91882f48c58a8684db89186175facf03cc2,019010d64fe47d89c81bfaedafd458f1d886025bb34292c0c32eafcfa4392657,40b8b2e99808be121c6e46441e811841cc3c3381d42107d44cd80a408b71b50d,无法判定,未执行（第一门未通过）,未执行（无决策记录）,无法判定,decision_record_missing,来源身份已登记但没有获批历史决策记录登记；不读取候选正文，不构造样例记录,登记带来源证据的决策编号、决策时点、数据截止时间及三类时间合同；重新生成不可变批次
replay-20260805T012335+0800-3156feb21c31,DS-000220,BTC,ZI-16b6d5bd373c2fbb92c71411,无法判定,source-identity-1.0,955f52ec7199a42cd2574af0b5498d37eaefe2e997fe5d5427400b2b27ab3bb9,audit-20260805T005824+0800,完成,完整,79a4ad2a5b8173caac9e006a3057e86ec55d1d3e215fc3638c3d8f080bf235b9,未知,未知,未知,未知,未知,未知,未判定（缺少确切研究尺度合同）,未登记,无法判定,无法判定,无法判定,无法判定,无法判定,未判定（未登记到达时间合同）,无法判定,无法判定,717d3a2fd3bae60ec6485365211ee579c49778a4ed9985a2688fb0b288e48214,dq-rules-1.0,e87a78a94478584293d9fb3922bbb91882f48c58a8684db89186175facf03cc2,019010d64fe47d89c81bfaedafd458f1d886025bb34292c0c32eafcfa4392657,a17428fcf27e165d4639c11b4b5d55c284de0075b9d460fc3471c23550feef95,无法判定,未执行（第一门未通过）,未执行（无决策记录）,无法判定,decision_record_missing,来源身份已登记但没有获批历史决策记录登记；不读取候选正文，不构造样例记录,登记带来源证据的决策编号、决策时点、数据截止时间及三类时间合同；重新生成不可变批次
replay-20260805T012335+0800-3156feb21c31,DS-000220,ETH,ZI-f31616fc75ad8bef6735c9f9,无法判定,source-identity-1.0,98d6d6e57597abb97bce4631a786e3b636a482a42dcb6e93b26dbca0cd5ea1b5,audit-20260805T005824+0800,完成,完整,79a4ad2a5b8173caac9e006a3057e86ec55d1d3e215fc3638c3d8f080bf235b9,未知,未知,未知,未知,未知,未知,未判定（缺少确切研究尺度合同）,未登记,无法判定,无法判定,无法判定,无法判定,无法判定,未判定（未登记到达时间合同）,无法判定,无法判定,717d3a2fd3bae60ec6485365211ee579c49778a4ed9985a2688fb0b288e48214,dq-rules-1.0,e87a78a94478584293d9fb3922bbb91882f48c58a8684db89186175facf03cc2,019010d64fe47d89c81bfaedafd458f1d886025bb34292c0c32eafcfa4392657,4d9bda17b6ce9fbc44d3bfe74353118c0807bb957a077810b1ee43ac2b9734f1,无法判定,未执行（第一门未通过）,未执行（无决策记录）,无法判定,decision_record_missing,来源身份已登记但没有获批历史决策记录登记；不读取候选正文，不构造样例记录,登记带来源证据的决策编号、决策时点、数据截止时间及三类时间合同；重新生成不可变批次
replay-20260805T012335+0800-3156feb21c31,DS-000221,BTC,ZI-e8b50f0e23b5a2aadfe713a0,无法判定,source-identity-1.0,3163d3f1faa9045ad770227a942531ccc95e2c2c0761300d31871a93489d7304,audit-20260805T005824+0800,完成,完整,0a449597d23a32d1b181bab6dd25533140ae876f6037c4d86ad868b493fbb370,未知,未知,未知,未知,未知,未知,未判定（缺少确切研究尺度合同）,未登记,无法判定,无法判定,无法判定,无法判定,无法判定,未判定（未登记到达时间合同）,无法判定,无法判定,717d3a2fd3bae60ec6485365211ee579c49778a4ed9985a2688fb0b288e48214,dq-rules-1.0,e87a78a94478584293d9fb3922bbb91882f48c58a8684db89186175facf03cc2,019010d64fe47d89c81bfaedafd458f1d886025bb34292c0c32eafcfa4392657,1c4d86887895d5486be4e7d243601ff26cf8b3e9047715b99235d2d604e4a506,无法判定,未执行（第一门未通过）,未执行（无决策记录）,无法判定,decision_record_missing,来源身份已登记但没有获批历史决策记录登记；不读取候选正文，不构造样例记录,登记带来源证据的决策编号、决策时点、数据截止时间及三类时间合同；重新生成不可变批次
replay-20260805T012335+0800-3156feb21c31,DS-000221,ETH,ZI-cd249e493d073e54d19874b0,无法判定,source-identity-1.0,f96065ba39e756ffa472f8a1f0d08cb55beff27e658230f363d51f9f8aabc545,audit-20260805T005824+0800,完成,完整,0a449597d23a32d1b181bab6dd25533140ae876f6037c4d86ad868b493fbb370,未知,未知,未知,未知,未知,未知,未判定（缺少确切研究尺度合同）,未登记,无法判定,无法判定,无法判定,无法判定,无法判定,未判定（未登记到达时间合同）,无法判定,无法判定,717d3a2fd3bae60ec6485365211ee579c49778a4ed9985a2688fb0b288e48214,dq-rules-1.0,e87a78a94478584293d9fb3922bbb91882f48c58a8684db89186175facf03cc2,019010d64fe47d89c81bfaedafd458f1d886025bb34292c0c32eafcfa4392657,c35df53e4175b2f8fe2ee08d662b49a6743d3f8b89b8cd2819a23fc91479abeb,无法判定,未执行（第一门未通过）,未执行（无决策记录）,无法判定,decision_record_missing,来源身份已登记但没有获批历史决策记录登记；不读取候选正文，不构造样例记录,登记带来源证据的决策编号、决策时点、数据截止时间及三类时间合同；重新生成不可变批次
replay-20260805T012335+0800-3156feb21c31,DS-000222,BTC,ZI-34a2fe963d2ab9822f260ad3,无法判定,source-identity-1.0,0d901da5fe5e264e26dba92b665ba0baccaa71809ecab249c0d9c3c9e4dd6e37,audit-20260805T005824+0800,未执行,未执行,f7de371d476b707c8202b201962d7faede6395eeb79f0f9add0938dab549c854,未知,未知,未知,未知,未知,未知,未判定（缺少确切研究尺度合同）,未登记,无法判定,无法判定,无法判定,无法判定,无法判定,未判定（未登记到达时间合同）,无法判定,无法判定,717d3a2fd3bae60ec6485365211ee579c49778a4ed9985a2688fb0b288e48214,dq-rules-1.0,e87a78a94478584293d9fb3922bbb91882f48c58a8684db89186175facf03cc2,019010d64fe47d89c81bfaedafd458f1d886025bb34292c0c32eafcfa4392657,6dad4539c235c34c7d3e243f069a579330baef9b176a7f94b8bce124d5303d82,无法判定,未执行（第一门未通过）,未执行（无决策记录）,无法判定,decision_record_missing,来源身份已登记但没有获批历史决策记录登记；不读取候选正文，不构造样例记录,登记带来源证据的决策编号、决策时点、数据截止时间及三类时间合同；重新生成不可变批次
replay-20260805T012335+0800-3156feb21c31,DS-000222,ETH,ZI-745c8f0cc6ded6fb507acbb1,无法判定,source-identity-1.0,e8e93016cdc4cd545eec8c60886fa9acad66f89ec83da60f9ddb9ea5ba61ff94,audit-20260805T005824+0800,未执行,未执行,f7de371d476b707c8202b201962d7faede6395eeb79f0f9add0938dab549c854,未知,未知,未知,未知,未知,未知,未判定（缺少确切研究尺度合同）,未登记,无法判定,无法判定,无法判定,无法判定,无法判定,未判定（未登记到达时间合同）,无法判定,无法判定,717d3a2fd3bae60ec6485365211ee579c49778a4ed9985a2688fb0b288e48214,dq-rules-1.0,e87a78a94478584293d9fb3922bbb91882f48c58a8684db89186175facf03cc2,019010d64fe47d89c81bfaedafd458f1d886025bb34292c0c32eafcfa4392657,5b46ce556e8aa73e3591c626ccedcf8c6da3062c2154742e227b149dfdc8a181,无法判定,未执行（第一门未通过）,未执行（无决策记录）,无法判定,decision_record_missing,来源身份已登记但没有获批历史决策记录登记；不读取候选正文，不构造样例记录,登记带来源证据的决策编号、决策时点、数据截止时间及三类时间合同；重新生成不可变批次
replay-20260805T012335+0800-3156feb21c31,DS-000223,BTC,ZI-19d32f1ee8316f8b358988a0,无法判定,source-identity-1.0,bb60417cc7dbf0dffb53f7d4c630b20e1256ddab93080a5e3bb822573e23925f,audit-20260805T005824+0800,未执行,未执行,56099bb0cf9a30a88bc31a85eefe1149f235d50ec3febbe6b08a1875e5682241,未知,未知,未知,未知,未知,未知,未判定（缺少确切研究尺度合同）,未登记,无法判定,无法判定,无法判定,无法判定,无法判定,未判定（未登记到达时间合同）,无法判定,无法判定,717d3a2fd3bae60ec6485365211ee579c49778a4ed9985a2688fb0b288e48214,dq-rules-1.0,e87a78a94478584293d9fb3922bbb91882f48c58a8684db89186175facf03cc2,019010d64fe47d89c81bfaedafd458f1d886025bb34292c0c32eafcfa4392657,b42754bcac4daa7bf2944030842c96dd0654f213f098284644b8d280b2c45457,无法判定,未执行（第一门未通过）,未执行（无决策记录）,无法判定,decision_record_missing,来源身份已登记但没有获批历史决策记录登记；不读取候选正文，不构造样例记录,登记带来源证据的决策编号、决策时点、数据截止时间及三类时间合同；重新生成不可变批次
replay-20260805T012335+0800-3156feb21c31,DS-000223,ETH,ZI-eb81ef33f15cce2bf5a3ea90,无法判定,source-identity-1.0,c9390331054a7b37da4a174c52b282981248e6711d31f9757a892204f95b4e63,audit-20260805T005824+0800,未执行,未执行,56099bb0cf9a30a88bc31a85eefe1149f235d50ec3febbe6b08a1875e5682241,未知,未知,未知,未知,未知,未知,未判定（缺少确切研究尺度合同）,未登记,无法判定,无法判定,无法判定,无法判定,无法判定,未判定（未登记到达时间合同）,无法判定,无法判定,717d3a2fd3bae60ec6485365211ee579c49778a4ed9985a2688fb0b288e48214,dq-rules-1.0,e87a78a94478584293d9fb3922bbb91882f48c58a8684db89186175facf03cc2,019010d64fe47d89c81bfaedafd458f1d886025bb34292c0c32eafcfa4392657,577924fede81d0fba9b0aa6dec8365c2ef3f2ab8b757940b30411aea6757bca9,无法判定,未执行（第一门未通过）,未执行（无决策记录）,无法判定,decision_record_missing,来源身份已登记但没有获批历史决策记录登记；不读取候选正文，不构造样例记录,登记带来源证据的决策编号、决策时点、数据截止时间及三类时间合同；重新生成不可变批次
replay-20260805T012335+0800-3156feb21c31,DS-000225,BTC,ZI-0694ca8ffce7194a5edb1a0f,无法判定,source-identity-1.0,0f7234b4088aa17e08c3d3acae6095fa5a7ccb61c2ebabb3ceae67ea82a13a2a,audit-20260805T005824+0800,仅元数据,元数据范围,f5c7f6c2a35b2df07de5b605264b04a4fbeec21c533be3cd41670a4ee0f01dee,未知,未知,未知,未知,未知,未知,未判定（缺少确切研究尺度合同）,未登记,无法判定,无法判定,无法判定,无法判定,无法判定,未判定（未登记到达时间合同）,无法判定,无法判定,717d3a2fd3bae60ec6485365211ee579c49778a4ed9985a2688fb0b288e48214,dq-rules-1.0,e87a78a94478584293d9fb3922bbb91882f48c58a8684db89186175facf03cc2,019010d64fe47d89c81bfaedafd458f1d886025bb34292c0c32eafcfa4392657,047da7eacbde34e086ee798cd438b3c82be9a265ec90c518ff33ffffd8aec05a,无法判定,未执行（第一门未通过）,未执行（无决策记录）,无法判定,decision_record_missing,来源身份已登记但没有获批历史决策记录登记；不读取候选正文，不构造样例记录,登记带来源证据的决策编号、决策时点、数据截止时间及三类时间合同；重新生成不可变批次
replay-20260805T012335+0800-3156feb21c31,DS-000225,ETH,ZI-27b8a9edb40a15d5c5340edf,无法判定,source-identity-1.0,999d25f26b66204ff87cb2bcfc087184ba46483b01b45c92e8425acdd53fd2fa,audit-20260805T005824+0800,仅元数据,元数据范围,f5c7f6c2a35b2df07de5b605264b04a4fbeec21c533be3cd41670a4ee0f01dee,未知,未知,未知,未知,未知,未知,未判定（缺少确切研究尺度合同）,未登记,无法判定,无法判定,无法判定,无法判定,无法判定,未判定（未登记到达时间合同）,无法判定,无法判定,717d3a2fd3bae60ec6485365211ee579c49778a4ed9985a2688fb0b288e48214,dq-rules-1.0,e87a78a94478584293d9fb3922bbb91882f48c58a8684db89186175facf03cc2,019010d64fe47d89c81bfaedafd458f1d886025bb34292c0c32eafcfa4392657,c0c23773487f5c2d8147308f1f77a449ef1350c716e2b25829c7ef84317f2073,无法判定,未执行（第一门未通过）,未执行（无决策记录）,无法判定,decision_record_missing,来源身份已登记但没有获批历史决策记录登记；不读取候选正文，不构造样例记录,登记带来源证据的决策编号、决策时点、数据截止时间及三类时间合同；重新生成不可变批次
replay-20260805T012335+0800-3156feb21c31,DS-000226,BTC,ZI-b14dc6c9a93cf52c6c414771,无法判定,source-identity-1.0,9414211d4b91beced733b496bb1ba8f953fdd769d0cf24674ebbd5a650afe883,audit-20260805T005824+0800,仅元数据,元数据范围,a601f6af7f8c3ad75a6f1c61c4072a796fb32a694bab1376bfb703b1452ee633,未知,未知,未知,未知,未知,未知,未判定（缺少确切研究尺度合同）,未登记,无法判定,无法判定,无法判定,无法判定,无法判定,未判定（未登记到达时间合同）,无法判定,无法判定,717d3a2fd3bae60ec6485365211ee579c49778a4ed9985a2688fb0b288e48214,dq-rules-1.0,e87a78a94478584293d9fb3922bbb91882f48c58a8684db89186175facf03cc2,019010d64fe47d89c81bfaedafd458f1d886025bb34292c0c32eafcfa4392657,64970cec81066ea317494eeb81a305196d9c3dca14cd49fbba3d2a12703b6bba,无法判定,未执行（第一门未通过）,未执行（无决策记录）,无法判定,decision_record_missing,来源身份已登记但没有获批历史决策记录登记；不读取候选正文，不构造样例记录,登记带来源证据的决策编号、决策时点、数据截止时间及三类时间合同；重新生成不可变批次
replay-20260805T012335+0800-3156feb21c31,DS-000226,ETH,ZI-ad198a04fff4d73bef09be27,无法判定,source-identity-1.0,c9dfdee7e9ea9d84e3184f51d60b08f5f2397f59f8856f128ae2f8cf71a03b85,audit-20260805T005824+0800,仅元数据,元数据范围,a601f6af7f8c3ad75a6f1c61c4072a796fb32a694bab1376bfb703b1452ee633,未知,未知,未知,未知,未知,未知,未判定（缺少确切研究尺度合同）,未登记,无法判定,无法判定,无法判定,无法判定,无法判定,未判定（未登记到达时间合同）,无法判定,无法判定,717d3a2fd3bae60ec6485365211ee579c49778a4ed9985a2688fb0b288e48214,dq-rules-1.0,e87a78a94478584293d9fb3922bbb91882f48c58a8684db89186175facf03cc2,019010d64fe47d89c81bfaedafd458f1d886025bb34292c0c32eafcfa4392657,5fc6c4af1f96e70792ef3daf2f1dd35b827dea4a54c5e1ef063e3f7a35d45a32,无法判定,未执行（第一门未通过）,未执行（无决策记录）,无法判定,decision_record_missing,来源身份已登记但没有获批历史决策记录登记；不读取候选正文，不构造样例记录,登记带来源证据的决策编号、决策时点、数据截止时间及三类时间合同；重新生成不可变批次
replay-20260805T012335+0800-3156feb21c31,DS-000227,BTC,ZI-bb74646c795efd1568463fd5,无法判定,source-identity-1.0,26470ad9003c996d15382a26b3fad9a9108e7b142cefded19cc684c4985b40dc,audit-20260805T005824+0800,仅元数据,元数据范围,80fb11181d6f4b5fe5c84269d408ba41c4112ff1540be92d75c7d03a132a6df1,未知,未知,未知,未知,未知,未知,未判定（缺少确切研究尺度合同）,未登记,无法判定,无法判定,无法判定,无法判定,无法判定,未判定（未登记到达时间合同）,无法判定,无法判定,717d3a2fd3bae60ec6485365211ee579c49778a4ed9985a2688fb0b288e48214,dq-rules-1.0,e87a78a94478584293d9fb3922bbb91882f48c58a8684db89186175facf03cc2,019010d64fe47d89c81bfaedafd458f1d886025bb34292c0c32eafcfa4392657,e6b3dedfacfaf4791d7a076d99092e66857800b03e99a750e9bf3c2b9a41fce7,无法判定,未执行（第一门未通过）,未执行（无决策记录）,无法判定,decision_record_missing,来源身份已登记但没有获批历史决策记录登记；不读取候选正文，不构造样例记录,登记带来源证据的决策编号、决策时点、数据截止时间及三类时间合同；重新生成不可变批次
replay-20260805T012335+0800-3156feb21c31,DS-000227,ETH,ZI-4b36343f1d86304b4e4f560c,无法判定,source-identity-1.0,d18b6bfa1da96be32eff1905286cf71ded4857eca9c7f2c965cb227cbdeb65ae,audit-20260805T005824+0800,仅元数据,元数据范围,80fb11181d6f4b5fe5c84269d408ba41c4112ff1540be92d75c7d03a132a6df1,未知,未知,未知,未知,未知,未知,未判定（缺少确切研究尺度合同）,未登记,无法判定,无法判定,无法判定,无法判定,无法判定,未判定（未登记到达时间合同）,无法判定,无法判定,717d3a2fd3bae60ec6485365211ee579c49778a4ed9985a2688fb0b288e48214,dq-rules-1.0,e87a78a94478584293d9fb3922bbb91882f48c58a8684db89186175facf03cc2,019010d64fe47d89c81bfaedafd458f1d886025bb34292c0c32eafcfa4392657,6010681853133cc075b5c08c2f7f1839ba8c03f76ba6e0f1aafbc4acf0ce0218,无法判定,未执行（第一门未通过）,未执行（无决策记录）,无法判定,decision_record_missing,来源身份已登记但没有获批历史决策记录登记；不读取候选正文，不构造样例记录,登记带来源证据的决策编号、决策时点、数据截止时间及三类时间合同；重新生成不可变批次
replay-20260805T012335+0800-3156feb21c31,DS-000228,BTC,ZI-e5230a52ad3a08cbc1de9499,无法判定,source-identity-1.0,20971aad1ad6ee5974c005059dfb85a469d1f499b29c7b58f7262b16183bbc4f,audit-20260805T005824+0800,仅元数据,元数据范围,9199ed67b754bde9f5e75c429198cf7fafe044383f19df8fc657c814bbe5301a,未知,未知,未知,未知,未知,未知,未判定（缺少确切研究尺度合同）,未登记,无法判定,无法判定,无法判定,无法判定,无法判定,未判定（未登记到达时间合同）,无法判定,无法判定,717d3a2fd3bae60ec6485365211ee579c49778a4ed9985a2688fb0b288e48214,dq-rules-1.0,e87a78a94478584293d9fb3922bbb91882f48c58a8684db89186175facf03cc2,019010d64fe47d89c81bfaedafd458f1d886025bb34292c0c32eafcfa4392657,151d75af5d1c907d9943f29ea3e06bbc9e727c2e040c3f9c1e6dfb535cdbb2a0,无法判定,未执行（第一门未通过）,未执行（无决策记录）,无法判定,decision_record_missing,来源身份已登记但没有获批历史决策记录登记；不读取候选正文，不构造样例记录,登记带来源证据的决策编号、决策时点、数据截止时间及三类时间合同；重新生成不可变批次
replay-20260805T012335+0800-3156feb21c31,DS-000228,ETH,ZI-14ef909ee974f036bc532048,无法判定,source-identity-1.0,e0219118c4080435b66a2ceee69afac27d93d78ac2ae6664a3924e5b9b4ffb28,audit-20260805T005824+0800,仅元数据,元数据范围,9199ed67b754bde9f5e75c429198cf7fafe044383f19df8fc657c814bbe5301a,未知,未知,未知,未知,未知,未知,未判定（缺少确切研究尺度合同）,未登记,无法判定,无法判定,无法判定,无法判定,无法判定,未判定（未登记到达时间合同）,无法判定,无法判定,717d3a2fd3bae60ec6485365211ee579c49778a4ed9985a2688fb0b288e48214,dq-rules-1.0,e87a78a94478584293d9fb3922bbb91882f48c58a8684db89186175facf03cc2,019010d64fe47d89c81bfaedafd458f1d886025bb34292c0c32eafcfa4392657,c0dd6af0f3271a16ed0416ee3401c29e98d068971e84fe68b847c8e69ee9c1d5,无法判定,未执行（第一门未通过）,未执行（无决策记录）,无法判定,decision_record_missing,来源身份已登记但没有获批历史决策记录登记；不读取候选正文，不构造样例记录,登记带来源证据的决策编号、决策时点、数据截止时间及三类时间合同；重新生成不可变批次
replay-20260805T012335+0800-3156feb21c31,DS-000229,BTC,ZI-3fd360a6acc4e7dc0e4d25aa,无法判定,source-identity-1.0,f936820d097bf2d1234e9e854ef4812fabefcf30e587c863eecf3b320238e75c,audit-20260805T005824+0800,仅元数据,元数据范围,84e09004e532198f62e1e9b1b461ed9fef7132784e6bfa9d9e8c12fcd9bea2fc,未知,未知,未知,未知,未知,未知,未判定（缺少确切研究尺度合同）,未登记,无法判定,无法判定,无法判定,无法判定,无法判定,未判定（未登记到达时间合同）,无法判定,无法判定,717d3a2fd3bae60ec6485365211ee579c49778a4ed9985a2688fb0b288e48214,dq-rules-1.0,e87a78a94478584293d9fb3922bbb91882f48c58a8684db89186175facf03cc2,019010d64fe47d89c81bfaedafd458f1d886025bb34292c0c32eafcfa4392657,c67b2d9fa0d7265cdfa5c47624703040825b6ea9ad72f9c5bcd67e0b66be5b20,无法判定,未执行（第一门未通过）,未执行（无决策记录）,无法判定,decision_record_missing,来源身份已登记但没有获批历史决策记录登记；不读取候选正文，不构造样例记录,登记带来源证据的决策编号、决策时点、数据截止时间及三类时间合同；重新生成不可变批次
replay-20260805T012335+0800-3156feb21c31,DS-000229,ETH,ZI-66a219ffac06bb9ab7fa2300,无法判定,source-identity-1.0,a40c825cd017fa29176fffeaca5284eabfde4691a693963c8f6b27988e37282d,audit-20260805T005824+0800,仅元数据,元数据范围,84e09004e532198f62e1e9b1b461ed9fef7132784e6bfa9d9e8c12fcd9bea2fc,未知,未知,未知,未知,未知,未知,未判定（缺少确切研究尺度合同）,未登记,无法判定,无法判定,无法判定,无法判定,无法判定,未判定（未登记到达时间合同）,无法判定,无法判定,717d3a2fd3bae60ec6485365211ee579c49778a4ed9985a2688fb0b288e48214,dq-rules-1.0,e87a78a94478584293d9fb3922bbb91882f48c58a8684db89186175facf03cc2,019010d64fe47d89c81bfaedafd458f1d886025bb34292c0c32eafcfa4392657,fb6c07745f1909021fe9c9eca406a0ad553ec269d2c629ccb4e47aeac203dd2e,无法判定,未执行（第一门未通过）,未执行（无决策记录）,无法判定,decision_record_missing,来源身份已登记但没有获批历史决策记录登记；不读取候选正文，不构造样例记录,登记带来源证据的决策编号、决策时点、数据截止时间及三类时间合同；重新生成不可变批次
replay-20260805T012335+0800-3156feb21c31,DS-000230,BTC,ZI-84932a2cb8d1dbb102b157bc,无法判定,source-identity-1.0,0a197a75cd03f3413706df1795714842f437c4fb55cd9ccc45a07009eae6f764,audit-20260805T005824+0800,仅元数据,元数据范围,d683c8280a2b9bdebf13853ddbe692fc0ef95614746fd34cbec264f6242232ce,未知,未知,未知,未知,未知,未知,未判定（缺少确切研究尺度合同）,未登记,无法判定,无法判定,无法判定,无法判定,无法判定,未判定（未登记到达时间合同）,无法判定,无法判定,717d3a2fd3bae60ec6485365211ee579c49778a4ed9985a2688fb0b288e48214,dq-rules-1.0,e87a78a94478584293d9fb3922bbb91882f48c58a8684db89186175facf03cc2,019010d64fe47d89c81bfaedafd458f1d886025bb34292c0c32eafcfa4392657,64cb0fca09b7b47894c81bcdd3e11a54e4c3a8db41b4297a50e03c2ec12290ec,无法判定,未执行（第一门未通过）,未执行（无决策记录）,无法判定,decision_record_missing,来源身份已登记但没有获批历史决策记录登记；不读取候选正文，不构造样例记录,登记带来源证据的决策编号、决策时点、数据截止时间及三类时间合同；重新生成不可变批次
replay-20260805T012335+0800-3156feb21c31,DS-000230,ETH,ZI-79977c0de5fa10baeb4e2036,无法判定,source-identity-1.0,88473f40e5beac51949600af945ee5396621bf5e69ddc8230c136df052dd9942,audit-20260805T005824+0800,仅元数据,元数据范围,d683c8280a2b9bdebf13853ddbe692fc0ef95614746fd34cbec264f6242232ce,未知,未知,未知,未知,未知,未知,未判定（缺少确切研究尺度合同）,未登记,无法判定,无法判定,无法判定,无法判定,无法判定,未判定（未登记到达时间合同）,无法判定,无法判定,717d3a2fd3bae60ec6485365211ee579c49778a4ed9985a2688fb0b288e48214,dq-rules-1.0,e87a78a94478584293d9fb3922bbb91882f48c58a8684db89186175facf03cc2,019010d64fe47d89c81bfaedafd458f1d886025bb34292c0c32eafcfa4392657,9418ecae541610af41cfe68070c23d2a850d1f93b52b2d36b45f5a688bc83a25,无法判定,未执行（第一门未通过）,未执行（无决策记录）,无法判定,decision_record_missing,来源身份已登记但没有获批历史决策记录登记；不读取候选正文，不构造样例记录,登记带来源证据的决策编号、决策时点、数据截止时间及三类时间合同；重新生成不可变批次
replay-20260805T012335+0800-3156feb21c31,DS-000231,BTC,ZI-931fd13d49e7871a65721be5,无法判定,source-identity-1.0,532dc359ee99e0d0a5cdb70ac0b2df409326930962e6822860b492740ff70aa1,audit-20260805T005824+0800,仅元数据,元数据范围,1f31e26ac0acbb2349054fe33bf0a95cf677c780c32d0e9d1bc521fbe6cc5869,未知,未知,未知,未知,未知,未知,未判定（缺少确切研究尺度合同）,未登记,无法判定,无法判定,无法判定,无法判定,无法判定,未判定（未登记到达时间合同）,无法判定,无法判定,717d3a2fd3bae60ec6485365211ee579c49778a4ed9985a2688fb0b288e48214,dq-rules-1.0,e87a78a94478584293d9fb3922bbb91882f48c58a8684db89186175facf03cc2,019010d64fe47d89c81bfaedafd458f1d886025bb34292c0c32eafcfa4392657,f52e00ea60ab2b5c7d03155be16b99f8a642d7611956ae6dd9c57b7d695832fb,无法判定,未执行（第一门未通过）,未执行（无决策记录）,无法判定,decision_record_missing,来源身份已登记但没有获批历史决策记录登记；不读取候选正文，不构造样例记录,登记带来源证据的决策编号、决策时点、数据截止时间及三类时间合同；重新生成不可变批次
replay-20260805T012335+0800-3156feb21c31,DS-000231,ETH,ZI-c0029613c3870423b45b1788,无法判定,source-identity-1.0,d6bb67b02e3b26ebe01e9c93ff9a715f8b35cf52d6cf9a0f57cf1a9aecc55672,audit-20260805T005824+0800,仅元数据,元数据范围,1f31e26ac0acbb2349054fe33bf0a95cf677c780c32d0e9d1bc521fbe6cc5869,未知,未知,未知,未知,未知,未知,未判定（缺少确切研究尺度合同）,未登记,无法判定,无法判定,无法判定,无法判定,无法判定,未判定（未登记到达时间合同）,无法判定,无法判定,717d3a2fd3bae60ec6485365211ee579c49778a4ed9985a2688fb0b288e48214,dq-rules-1.0,e87a78a94478584293d9fb3922bbb91882f48c58a8684db89186175facf03cc2,019010d64fe47d89c81bfaedafd458f1d886025bb34292c0c32eafcfa4392657,d7d77c75697126c3e27d8b03887cecf27e6ee8c1ce38184b2a4862b99572d4c2,无法判定,未执行（第一门未通过）,未执行（无决策记录）,无法判定,decision_record_missing,来源身份已登记但没有获批历史决策记录登记；不读取候选正文，不构造样例记录,登记带来源证据的决策编号、决策时点、数据截止时间及三类时间合同；重新生成不可变批次
replay-20260805T012335+0800-3156feb21c31,DS-000232,BTC,ZI-0db81498191dada0dd3edbeb,无法判定,source-identity-1.0,3687f79cf3651f28b21a4f95b8b68952e3b09deeacba27ca04b96f09bdeb9adf,audit-20260805T005824+0800,仅元数据,元数据范围,5c1d248439c44101bf5eb2dae263ba8534d68d9ad552835cba636a60655f9e08,未知,未知,未知,未知,未知,未知,未判定（缺少确切研究尺度合同）,未登记,无法判定,无法判定,无法判定,无法判定,无法判定,未判定（未登记到达时间合同）,无法判定,无法判定,717d3a2fd3bae60ec6485365211ee579c49778a4ed9985a2688fb0b288e48214,dq-rules-1.0,e87a78a94478584293d9fb3922bbb91882f48c58a8684db89186175facf03cc2,019010d64fe47d89c81bfaedafd458f1d886025bb34292c0c32eafcfa4392657,933698c9ddcd2d84240d0664f72a356df4434a9dc9e51253460de0045c851e67,无法判定,未执行（第一门未通过）,未执行（无决策记录）,无法判定,decision_record_missing,来源身份已登记但没有获批历史决策记录登记；不读取候选正文，不构造样例记录,登记带来源证据的决策编号、决策时点、数据截止时间及三类时间合同；重新生成不可变批次
replay-20260805T012335+0800-3156feb21c31,DS-000232,ETH,ZI-cf8e84baeb622787ac41dc30,无法判定,source-identity-1.0,9bf06d015b7af95cc3b0c78c5eade9b8780d0898f53558c9cb52f7f0559a6da1,audit-20260805T005824+0800,仅元数据,元数据范围,5c1d248439c44101bf5eb2dae263ba8534d68d9ad552835cba636a60655f9e08,未知,未知,未知,未知,未知,未知,未判定（缺少确切研究尺度合同）,未登记,无法判定,无法判定,无法判定,无法判定,无法判定,未判定（未登记到达时间合同）,无法判定,无法判定,717d3a2fd3bae60ec6485365211ee579c49778a4ed9985a2688fb0b288e48214,dq-rules-1.0,e87a78a94478584293d9fb3922bbb91882f48c58a8684db89186175facf03cc2,019010d64fe47d89c81bfaedafd458f1d886025bb34292c0c32eafcfa4392657,37a09a28ff38ad356c95593f0aa15c11d406750056a1eba4ea0d9acff3e1caf4,无法判定,未执行（第一门未通过）,未执行（无决策记录）,无法判定,decision_record_missing,来源身份已登记但没有获批历史决策记录登记；不读取候选正文，不构造样例记录,登记带来源证据的决策编号、决策时点、数据截止时间及三类时间合同；重新生成不可变批次
replay-20260805T012335+0800-3156feb21c31,DS-000233,BTC,ZI-40e1501e3846b2cfea5a7abc,无法判定,source-identity-1.0,2f77a8d3449a7d55fdb5c60b538240056c20445821cfcdd4da16c46c3e8f75b7,audit-20260805T005824+0800,仅元数据,元数据范围,79df52ea9bd94ae357d8159fd17abc8bf92f5e249256ffe4b919bbe1f4d3e72a,未知,未知,未知,未知,未知,未知,未判定（缺少确切研究尺度合同）,未登记,无法判定,无法判定,无法判定,无法判定,无法判定,未判定（未登记到达时间合同）,无法判定,无法判定,717d3a2fd3bae60ec6485365211ee579c49778a4ed9985a2688fb0b288e48214,dq-rules-1.0,e87a78a94478584293d9fb3922bbb91882f48c58a8684db89186175facf03cc2,019010d64fe47d89c81bfaedafd458f1d886025bb34292c0c32eafcfa4392657,20f73e8bfee050cca755e5fa3689b2f22fbc63edf162f4a160ea58380eb4073d,无法判定,未执行（第一门未通过）,未执行（无决策记录）,无法判定,decision_record_missing,来源身份已登记但没有获批历史决策记录登记；不读取候选正文，不构造样例记录,登记带来源证据的决策编号、决策时点、数据截止时间及三类时间合同；重新生成不可变批次
replay-20260805T012335+0800-3156feb21c31,DS-000233,ETH,ZI-6e16822db392394cabe67d99,无法判定,source-identity-1.0,097aef189de44b46712e958f0bcde88939cf57cbba4270416fe32ddb59ceb47f,audit-20260805T005824+0800,仅元数据,元数据范围,79df52ea9bd94ae357d8159fd17abc8bf92f5e249256ffe4b919bbe1f4d3e72a,未知,未知,未知,未知,未知,未知,未判定（缺少确切研究尺度合同）,未登记,无法判定,无法判定,无法判定,无法判定,无法判定,未判定（未登记到达时间合同）,无法判定,无法判定,717d3a2fd3bae60ec6485365211ee579c49778a4ed9985a2688fb0b288e48214,dq-rules-1.0,e87a78a94478584293d9fb3922bbb91882f48c58a8684db89186175facf03cc2,019010d64fe47d89c81bfaedafd458f1d886025bb34292c0c32eafcfa4392657,6a3969099ca054b913ccdb561dfcfb191eb2166529d636fccc8ed22caebcec13,无法判定,未执行（第一门未通过）,未执行（无决策记录）,无法判定,decision_record_missing,来源身份已登记但没有获批历史决策记录登记；不读取候选正文，不构造样例记录,登记带来源证据的决策编号、决策时点、数据截止时间及三类时间合同；重新生成不可变批次
replay-20260805T012335+0800-3156feb21c31,DS-000234,BTC,ZI-180e97d2bf1963cdbc241452,无法判定,source-identity-1.0,6a1ec194b50fdecfc453fb4c54320535e4f3925a9695a55154247741986db1d1,audit-20260805T005824+0800,仅元数据,元数据范围,04bc0e168782c4ab1fcb23212fa018f63bf84897e7233d50e6a08da03bb3579c,未知,未知,未知,未知,未知,未知,未判定（缺少确切研究尺度合同）,未登记,无法判定,无法判定,无法判定,无法判定,无法判定,未判定（未登记到达时间合同）,无法判定,无法判定,717d3a2fd3bae60ec6485365211ee579c49778a4ed9985a2688fb0b288e48214,dq-rules-1.0,e87a78a94478584293d9fb3922bbb91882f48c58a8684db89186175facf03cc2,019010d64fe47d89c81bfaedafd458f1d886025bb34292c0c32eafcfa4392657,8af45e6daef1b7a73366362122125eb85e710f8fbbb7def9553da6f929b8b00f,无法判定,未执行（第一门未通过）,未执行（无决策记录）,无法判定,decision_record_missing,来源身份已登记但没有获批历史决策记录登记；不读取候选正文，不构造样例记录,登记带来源证据的决策编号、决策时点、数据截止时间及三类时间合同；重新生成不可变批次
replay-20260805T012335+0800-3156feb21c31,DS-000234,ETH,ZI-8bf3b7f49e84f911829251ed,无法判定,source-identity-1.0,2eafa00889e23499da2f38635cd31bbca171db82b862a844ddd8ed94fa3cc6b0,audit-20260805T005824+0800,仅元数据,元数据范围,04bc0e168782c4ab1fcb23212fa018f63bf84897e7233d50e6a08da03bb3579c,未知,未知,未知,未知,未知,未知,未判定（缺少确切研究尺度合同）,未登记,无法判定,无法判定,无法判定,无法判定,无法判定,未判定（未登记到达时间合同）,无法判定,无法判定,717d3a2fd3bae60ec6485365211ee579c49778a4ed9985a2688fb0b288e48214,dq-rules-1.0,e87a78a94478584293d9fb3922bbb91882f48c58a8684db89186175facf03cc2,019010d64fe47d89c81bfaedafd458f1d886025bb34292c0c32eafcfa4392657,637d6bce50f22dfbeab9cb75fb1780e3752bc73c55fe04e74f04fe5d324b2622,无法判定,未执行（第一门未通过）,未执行（无决策记录）,无法判定,decision_record_missing,来源身份已登记但没有获批历史决策记录登记；不读取候选正文，不构造样例记录,登记带来源证据的决策编号、决策时点、数据截止时间及三类时间合同；重新生成不可变批次
replay-20260805T012335+0800-3156feb21c31,DS-000235,BTC,ZI-82ca837cfd12f3b03f7ca932,无法判定,source-identity-1.0,af2d1faa8b7d6d994acfe08261ac79af10e9791753133b3c380ac7440f495704,audit-20260805T005824+0800,仅元数据,元数据范围,6fbe08a26abfb0a79e9b058edbd379ab22d60909fdb7c76e9ff0ad558e24384d,未知,未知,未知,未知,未知,未知,未判定（缺少确切研究尺度合同）,未登记,无法判定,无法判定,无法判定,无法判定,无法判定,未判定（未登记到达时间合同）,无法判定,无法判定,717d3a2fd3bae60ec6485365211ee579c49778a4ed9985a2688fb0b288e48214,dq-rules-1.0,e87a78a94478584293d9fb3922bbb91882f48c58a8684db89186175facf03cc2,019010d64fe47d89c81bfaedafd458f1d886025bb34292c0c32eafcfa4392657,375ce9031250854d0167fa3a3c2abe282f99b35b43d732f6f0b32653e3f0e282,无法判定,未执行（第一门未通过）,未执行（无决策记录）,无法判定,decision_record_missing,来源身份已登记但没有获批历史决策记录登记；不读取候选正文，不构造样例记录,登记带来源证据的决策编号、决策时点、数据截止时间及三类时间合同；重新生成不可变批次
replay-20260805T012335+0800-3156feb21c31,DS-000235,ETH,ZI-d1584d0aeceda26db63c8b11,无法判定,source-identity-1.0,3970fa12adc2d4d032a4122a108c49f37c8408f6fa56f6c29b7b217d2fdb2518,audit-20260805T005824+0800,仅元数据,元数据范围,6fbe08a26abfb0a79e9b058edbd379ab22d60909fdb7c76e9ff0ad558e24384d,未知,未知,未知,未知,未知,未知,未判定（缺少确切研究尺度合同）,未登记,无法判定,无法判定,无法判定,无法判定,无法判定,未判定（未登记到达时间合同）,无法判定,无法判定,717d3a2fd3bae60ec6485365211ee579c49778a4ed9985a2688fb0b288e48214,dq-rules-1.0,e87a78a94478584293d9fb3922bbb91882f48c58a8684db89186175facf03cc2,019010d64fe47d89c81bfaedafd458f1d886025bb34292c0c32eafcfa4392657,374e03d054e4df717d1f69416e634536c365ab9dc1b4a6e1e735cfb6799c5d68,无法判定,未执行（第一门未通过）,未执行（无决策记录）,无法判定,decision_record_missing,来源身份已登记但没有获批历史决策记录登记；不读取候选正文，不构造样例记录,登记带来源证据的决策编号、决策时点、数据截止时间及三类时间合同；重新生成不可变批次
replay-20260805T012335+0800-3156feb21c31,DS-000236,BTC,ZI-f8f3b3ccb51bd499cc0a7a90,无法判定,source-identity-1.0,23496e09d03efcff19b93d22f95988c3809f55dd413cb1aa379b563ea750dc87,audit-20260805T005824+0800,仅元数据,元数据范围,fabcc536ecdaed2f1086af9a2c10b86e6b2c7466a9c564d40a21a9fc46f7b21d,未知,未知,未知,未知,未知,未知,未判定（缺少确切研究尺度合同）,未登记,无法判定,无法判定,无法判定,无法判定,无法判定,未判定（未登记到达时间合同）,无法判定,无法判定,717d3a2fd3bae60ec6485365211ee579c49778a4ed9985a2688fb0b288e48214,dq-rules-1.0,e87a78a94478584293d9fb3922bbb91882f48c58a8684db89186175facf03cc2,019010d64fe47d89c81bfaedafd458f1d886025bb34292c0c32eafcfa4392657,e6d1de189b4c1d1b639dc6ceaff573264d7c20f13b9e94083859798e25a21832,无法判定,未执行（第一门未通过）,未执行（无决策记录）,无法判定,decision_record_missing,来源身份已登记但没有获批历史决策记录登记；不读取候选正文，不构造样例记录,登记带来源证据的决策编号、决策时点、数据截止时间及三类时间合同；重新生成不可变批次
replay-20260805T012335+0800-3156feb21c31,DS-000236,ETH,ZI-5e6e454a508063ea931295ff,无法判定,source-identity-1.0,eaa2a25e50a130a49f7e9f8ba1cb65e6f0da2ee98fd5d7f631b01d1381624187,audit-20260805T005824+0800,仅元数据,元数据范围,fabcc536ecdaed2f1086af9a2c10b86e6b2c7466a9c564d40a21a9fc46f7b21d,未知,未知,未知,未知,未知,未知,未判定（缺少确切研究尺度合同）,未登记,无法判定,无法判定,无法判定,无法判定,无法判定,未判定（未登记到达时间合同）,无法判定,无法判定,717d3a2fd3bae60ec6485365211ee579c49778a4ed9985a2688fb0b288e48214,dq-rules-1.0,e87a78a94478584293d9fb3922bbb91882f48c58a8684db89186175facf03cc2,019010d64fe47d89c81bfaedafd458f1d886025bb34292c0c32eafcfa4392657,3087a67bd62089ea5d5a5fa579cfc37007a61dbc4ec223427ab7658ed660f3b6,无法判定,未执行（第一门未通过）,未执行（无决策记录）,无法判定,decision_record_missing,来源身份已登记但没有获批历史决策记录登记；不读取候选正文，不构造样例记录,登记带来源证据的决策编号、决策时点、数据截止时间及三类时间合同；重新生成不可变批次
replay-20260805T012335+0800-3156feb21c31,DS-000237,BTC,ZI-909e04049eca4a3356195dcc,无法判定,source-identity-1.0,1fda1160535b25880b4ea54cd65090e35d63e6898f1c14eb289a9b39d34144aa,audit-20260805T005824+0800,仅元数据,元数据范围,05bc15ce0be8480c412cc726d0665e9a842189ea65b03d7a018ecfe440e48aba,未知,未知,未知,未知,未知,未知,未判定（缺少确切研究尺度合同）,未登记,无法判定,无法判定,无法判定,无法判定,无法判定,未判定（未登记到达时间合同）,无法判定,无法判定,717d3a2fd3bae60ec6485365211ee579c49778a4ed9985a2688fb0b288e48214,dq-rules-1.0,e87a78a94478584293d9fb3922bbb91882f48c58a8684db89186175facf03cc2,019010d64fe47d89c81bfaedafd458f1d886025bb34292c0c32eafcfa4392657,f6d48b97ab91278e994ddd3d5ce86c9e705314856a6307a8d3d7bfde746bd1c3,无法判定,未执行（第一门未通过）,未执行（无决策记录）,无法判定,decision_record_missing,来源身份已登记但没有获批历史决策记录登记；不读取候选正文，不构造样例记录,登记带来源证据的决策编号、决策时点、数据截止时间及三类时间合同；重新生成不可变批次
replay-20260805T012335+0800-3156feb21c31,DS-000237,ETH,ZI-df85df71f25df1fb06f98422,无法判定,source-identity-1.0,efb11514f9d70714376e69a1ba5f1fdc50ded77c856ac564e94ca00a2d681b0f,audit-20260805T005824+0800,仅元数据,元数据范围,05bc15ce0be8480c412cc726d0665e9a842189ea65b03d7a018ecfe440e48aba,未知,未知,未知,未知,未知,未知,未判定（缺少确切研究尺度合同）,未登记,无法判定,无法判定,无法判定,无法判定,无法判定,未判定（未登记到达时间合同）,无法判定,无法判定,717d3a2fd3bae60ec6485365211ee579c49778a4ed9985a2688fb0b288e48214,dq-rules-1.0,e87a78a94478584293d9fb3922bbb91882f48c58a8684db89186175facf03cc2,019010d64fe47d89c81bfaedafd458f1d886025bb34292c0c32eafcfa4392657,354bfb315ac8ca152bea2ba6ec779dfee6e19d82ec08f68b6976ffc013957a52,无法判定,未执行（第一门未通过）,未执行（无决策记录）,无法判定,decision_record_missing,来源身份已登记但没有获批历史决策记录登记；不读取候选正文，不构造样例记录,登记带来源证据的决策编号、决策时点、数据截止时间及三类时间合同；重新生成不可变批次
replay-20260805T012335+0800-3156feb21c31,DS-000238,BTC,ZI-c4350e8eb898e37acd11c607,无法判定,source-identity-1.0,3776dffc6431490182cd4f2323bcba08c57aef96cae71448141a23212841c785,audit-20260805T005824+0800,仅元数据,元数据范围,2fe9a74528ac5b498bc66eccdab5a19f61b44cf987869044293203754aa93c2b,未知,未知,未知,未知,未知,未知,未判定（缺少确切研究尺度合同）,未登记,无法判定,无法判定,无法判定,无法判定,无法判定,未判定（未登记到达时间合同）,无法判定,无法判定,717d3a2fd3bae60ec6485365211ee579c49778a4ed9985a2688fb0b288e48214,dq-rules-1.0,e87a78a94478584293d9fb3922bbb91882f48c58a8684db89186175facf03cc2,019010d64fe47d89c81bfaedafd458f1d886025bb34292c0c32eafcfa4392657,751858918d2de87a9160dea58d7a3545c5cfdc4f7a494265d051619e4beaebac,无法判定,未执行（第一门未通过）,未执行（无决策记录）,无法判定,decision_record_missing,来源身份已登记但没有获批历史决策记录登记；不读取候选正文，不构造样例记录,登记带来源证据的决策编号、决策时点、数据截止时间及三类时间合同；重新生成不可变批次
replay-20260805T012335+0800-3156feb21c31,DS-000238,ETH,ZI-1194b87b58ecebc3c28008ce,无法判定,source-identity-1.0,8a5eba63997a68d5a46c93f4e3439c43a209173f4a0e2c9be6e8bd13cdef2b25,audit-20260805T005824+0800,仅元数据,元数据范围,2fe9a74528ac5b498bc66eccdab5a19f61b44cf987869044293203754aa93c2b,未知,未知,未知,未知,未知,未知,未判定（缺少确切研究尺度合同）,未登记,无法判定,无法判定,无法判定,无法判定,无法判定,未判定（未登记到达时间合同）,无法判定,无法判定,717d3a2fd3bae60ec6485365211ee579c49778a4ed9985a2688fb0b288e48214,dq-rules-1.0,e87a78a94478584293d9fb3922bbb91882f48c58a8684db89186175facf03cc2,019010d64fe47d89c81bfaedafd458f1d886025bb34292c0c32eafcfa4392657,39e1083b0bf4093e5b4ba6c54737cd46c2344d8c66ca18ccb263e0d58330e4f1,无法判定,未执行（第一门未通过）,未执行（无决策记录）,无法判定,decision_record_missing,来源身份已登记但没有获批历史决策记录登记；不读取候选正文，不构造样例记录,登记带来源证据的决策编号、决策时点、数据截止时间及三类时间合同；重新生成不可变批次
replay-20260805T012335+0800-3156feb21c31,DS-000239,BTC,ZI-70ff9820b675a6fb1dadcb63,无法判定,source-identity-1.0,2f7d068a16161b3d5f383c1f79eb0a61dfe55e7cfc540e6b86fd759acfe8b8de,audit-20260805T005824+0800,仅元数据,元数据范围,4d646f25ca3011dbae427743f5d0bdc92b4666ee5bb14c6567df11ab497d388f,未知,未知,未知,未知,未知,未知,未判定（缺少确切研究尺度合同）,未登记,无法判定,无法判定,无法判定,无法判定,无法判定,未判定（未登记到达时间合同）,无法判定,无法判定,717d3a2fd3bae60ec6485365211ee579c49778a4ed9985a2688fb0b288e48214,dq-rules-1.0,e87a78a94478584293d9fb3922bbb91882f48c58a8684db89186175facf03cc2,019010d64fe47d89c81bfaedafd458f1d886025bb34292c0c32eafcfa4392657,85553add3dfa2feaae793a0d8edda43ec65141bcef07871b312a455453c86fea,无法判定,未执行（第一门未通过）,未执行（无决策记录）,无法判定,decision_record_missing,来源身份已登记但没有获批历史决策记录登记；不读取候选正文，不构造样例记录,登记带来源证据的决策编号、决策时点、数据截止时间及三类时间合同；重新生成不可变批次
replay-20260805T012335+0800-3156feb21c31,DS-000239,ETH,ZI-2cfe46f1735ab9707d4c09ab,无法判定,source-identity-1.0,f09dd237d9990dd50f32af44dce0648c921f0bfe66fc061bec5e62531e944aa8,audit-20260805T005824+0800,仅元数据,元数据范围,4d646f25ca3011dbae427743f5d0bdc92b4666ee5bb14c6567df11ab497d388f,未知,未知,未知,未知,未知,未知,未判定（缺少确切研究尺度合同）,未登记,无法判定,无法判定,无法判定,无法判定,无法判定,未判定（未登记到达时间合同）,无法判定,无法判定,717d3a2fd3bae60ec6485365211ee579c49778a4ed9985a2688fb0b288e48214,dq-rules-1.0,e87a78a94478584293d9fb3922bbb91882f48c58a8684db89186175facf03cc2,019010d64fe47d89c81bfaedafd458f1d886025bb34292c0c32eafcfa4392657,ce26f77358daf93ffd1bd32a120206fa269db8df9463154aed3c98a29ac724d5,无法判定,未执行（第一门未通过）,未执行（无决策记录）,无法判定,decision_record_missing,来源身份已登记但没有获批历史决策记录登记；不读取候选正文，不构造样例记录,登记带来源证据的决策编号、决策时点、数据截止时间及三类时间合同；重新生成不可变批次
replay-20260805T012335+0800-3156feb21c31,DS-000240,BTC,ZI-a3518b5c91cfcb0ddebabc49,无法判定,source-identity-1.0,4a006360781410755617f78794dd443b009d9eb4094d13c8dde6178417e691b0,audit-20260805T005824+0800,仅元数据,元数据范围,932e92d42db1e6e18781af10cf786f6236bfec9c4e2c4c5e030cd161df58b37c,未知,未知,未知,未知,未知,未知,未判定（缺少确切研究尺度合同）,未登记,无法判定,无法判定,无法判定,无法判定,无法判定,未判定（未登记到达时间合同）,无法判定,无法判定,717d3a2fd3bae60ec6485365211ee579c49778a4ed9985a2688fb0b288e48214,dq-rules-1.0,e87a78a94478584293d9fb3922bbb91882f48c58a8684db89186175facf03cc2,019010d64fe47d89c81bfaedafd458f1d886025bb34292c0c32eafcfa4392657,784ea458601389626de9b9e0b74b78a79cef039cf7d0e9bcc77986b1f13c91aa,无法判定,未执行（第一门未通过）,未执行（无决策记录）,无法判定,decision_record_missing,来源身份已登记但没有获批历史决策记录登记；不读取候选正文，不构造样例记录,登记带来源证据的决策编号、决策时点、数据截止时间及三类时间合同；重新生成不可变批次
replay-20260805T012335+0800-3156feb21c31,DS-000240,ETH,ZI-c2a1b190eb6f6e39d8e7307b,无法判定,source-identity-1.0,bd87ce51971d6dd49b90d7e4547428a678ed737b38bbdd51ed6361bcd7f37bb1,audit-20260805T005824+0800,仅元数据,元数据范围,932e92d42db1e6e18781af10cf786f6236bfec9c4e2c4c5e030cd161df58b37c,未知,未知,未知,未知,未知,未知,未判定（缺少确切研究尺度合同）,未登记,无法判定,无法判定,无法判定,无法判定,无法判定,未判定（未登记到达时间合同）,无法判定,无法判定,717d3a2fd3bae60ec6485365211ee579c49778a4ed9985a2688fb0b288e48214,dq-rules-1.0,e87a78a94478584293d9fb3922bbb91882f48c58a8684db89186175facf03cc2,019010d64fe47d89c81bfaedafd458f1d886025bb34292c0c32eafcfa4392657,17121b8e663b5f1103cc830638f51d3583fd82e5d0a1ed08bba37567bab27ed8,无法判定,未执行（第一门未通过）,未执行（无决策记录）,无法判定,decision_record_missing,来源身份已登记但没有获批历史决策记录登记；不读取候选正文，不构造样例记录,登记带来源证据的决策编号、决策时点、数据截止时间及三类时间合同；重新生成不可变批次
replay-20260805T012335+0800-3156feb21c31,DS-000241,BTC,ZI-2d19f035d654c628059e34b8,无法判定,source-identity-1.0,ae93699c821c5a1d98d32e1f6b00912a0865ea4e8c2a6eb180e4ed0d60819365,audit-20260805T005824+0800,仅元数据,元数据范围,f8911588843d63a0c0202cbc07732bd1493afd8294398197b640f714f6ae935c,未知,未知,未知,未知,未知,未知,未判定（缺少确切研究尺度合同）,未登记,无法判定,无法判定,无法判定,无法判定,无法判定,未判定（未登记到达时间合同）,无法判定,无法判定,717d3a2fd3bae60ec6485365211ee579c49778a4ed9985a2688fb0b288e48214,dq-rules-1.0,e87a78a94478584293d9fb3922bbb91882f48c58a8684db89186175facf03cc2,019010d64fe47d89c81bfaedafd458f1d886025bb34292c0c32eafcfa4392657,6f57fc059e02076418e5bde33d76fc71d4e15b8b3c89fc65a922465eb93cda46,无法判定,未执行（第一门未通过）,未执行（无决策记录）,无法判定,decision_record_missing,来源身份已登记但没有获批历史决策记录登记；不读取候选正文，不构造样例记录,登记带来源证据的决策编号、决策时点、数据截止时间及三类时间合同；重新生成不可变批次
replay-20260805T012335+0800-3156feb21c31,DS-000241,ETH,ZI-ae83f52ffad4d799cef96c15,无法判定,source-identity-1.0,2bafe443842f0b2a8dc050ae7a8ab723d936e88340be1140a97b3bb8444bb20b,audit-20260805T005824+0800,仅元数据,元数据范围,f8911588843d63a0c0202cbc07732bd1493afd8294398197b640f714f6ae935c,未知,未知,未知,未知,未知,未知,未判定（缺少确切研究尺度合同）,未登记,无法判定,无法判定,无法判定,无法判定,无法判定,未判定（未登记到达时间合同）,无法判定,无法判定,717d3a2fd3bae60ec6485365211ee579c49778a4ed9985a2688fb0b288e48214,dq-rules-1.0,e87a78a94478584293d9fb3922bbb91882f48c58a8684db89186175facf03cc2,019010d64fe47d89c81bfaedafd458f1d886025bb34292c0c32eafcfa4392657,c6da519975e8286a0e189e08db86606142d2412e8f318d118271aacb7b42ecd2,无法判定,未执行（第一门未通过）,未执行（无决策记录）,无法判定,decision_record_missing,来源身份已登记但没有获批历史决策记录登记；不读取候选正文，不构造样例记录,登记带来源证据的决策编号、决策时点、数据截止时间及三类时间合同；重新生成不可变批次
replay-20260805T012335+0800-3156feb21c31,DS-000242,BTC,ZI-2aacde99b3989717dca21e4a,无法判定,source-identity-1.0,fdec56647e237a3e9ea0e9d5bb1df5a12a8507c92747811d0491c1f9cdc1cc23,audit-20260805T005824+0800,仅元数据,元数据范围,2a94a981983b61c892164739f9f33e71b7ee2925cedc5e016a0d49876670bf5b,未知,未知,未知,未知,未知,未知,未判定（缺少确切研究尺度合同）,未登记,无法判定,无法判定,无法判定,无法判定,无法判定,未判定（未登记到达时间合同）,无法判定,无法判定,717d3a2fd3bae60ec6485365211ee579c49778a4ed9985a2688fb0b288e48214,dq-rules-1.0,e87a78a94478584293d9fb3922bbb91882f48c58a8684db89186175facf03cc2,019010d64fe47d89c81bfaedafd458f1d886025bb34292c0c32eafcfa4392657,1fc222fea2bd8a1505de57325e59a5f98c4548009bd5f8cdf4a0488d5f524811,无法判定,未执行（第一门未通过）,未执行（无决策记录）,无法判定,decision_record_missing,来源身份已登记但没有获批历史决策记录登记；不读取候选正文，不构造样例记录,登记带来源证据的决策编号、决策时点、数据截止时间及三类时间合同；重新生成不可变批次
replay-20260805T012335+0800-3156feb21c31,DS-000242,ETH,ZI-c0132a1ecf9a90f96d882e21,无法判定,source-identity-1.0,49fdc0784b9df875943abcf8c6e46e5f5fbc211893ed1c77c9f1b79f14a475c2,audit-20260805T005824+0800,仅元数据,元数据范围,2a94a981983b61c892164739f9f33e71b7ee2925cedc5e016a0d49876670bf5b,未知,未知,未知,未知,未知,未知,未判定（缺少确切研究尺度合同）,未登记,无法判定,无法判定,无法判定,无法判定,无法判定,未判定（未登记到达时间合同）,无法判定,无法判定,717d3a2fd3bae60ec6485365211ee579c49778a4ed9985a2688fb0b288e48214,dq-rules-1.0,e87a78a94478584293d9fb3922bbb91882f48c58a8684db89186175facf03cc2,019010d64fe47d89c81bfaedafd458f1d886025bb34292c0c32eafcfa4392657,627729594c3c3bf3a5c7f9a803c1c1650bdf5e038dbfcc027c0b2d04c7f50949,无法判定,未执行（第一门未通过）,未执行（无决策记录）,无法判定,decision_record_missing,来源身份已登记但没有获批历史决策记录登记；不读取候选正文，不构造样例记录,登记带来源证据的决策编号、决策时点、数据截止时间及三类时间合同；重新生成不可变批次
replay-20260805T012335+0800-3156feb21c31,DS-000243,BTC,ZI-ec7ec383b739a0789e262abf,无法判定,source-identity-1.0,b295c5c37eb93216429e3e64d05ab29b2c0ede022667bbeb56def6c57ac4adff,audit-20260805T005824+0800,仅元数据,元数据范围,2eccdc97e783a7dfcc17802facd31b4df2a6452e5fd63a4c0fc85d0cf2dc3573,未知,未知,未知,未知,未知,未知,未判定（缺少确切研究尺度合同）,未登记,无法判定,无法判定,无法判定,无法判定,无法判定,未判定（未登记到达时间合同）,无法判定,无法判定,717d3a2fd3bae60ec6485365211ee579c49778a4ed9985a2688fb0b288e48214,dq-rules-1.0,e87a78a94478584293d9fb3922bbb91882f48c58a8684db89186175facf03cc2,019010d64fe47d89c81bfaedafd458f1d886025bb34292c0c32eafcfa4392657,024445350e7045854f081a6e48badbe86574f0b185c1e1c4717935247d2569ed,无法判定,未执行（第一门未通过）,未执行（无决策记录）,无法判定,decision_record_missing,来源身份已登记但没有获批历史决策记录登记；不读取候选正文，不构造样例记录,登记带来源证据的决策编号、决策时点、数据截止时间及三类时间合同；重新生成不可变批次
replay-20260805T012335+0800-3156feb21c31,DS-000243,ETH,ZI-3df61827b10e5aad02eaefeb,无法判定,source-identity-1.0,8ec0a22c3ba533ec22407bc007adc36b7415ff81277b8a15d60369cc3250f5e3,audit-20260805T005824+0800,仅元数据,元数据范围,2eccdc97e783a7dfcc17802facd31b4df2a6452e5fd63a4c0fc85d0cf2dc3573,未知,未知,未知,未知,未知,未知,未判定（缺少确切研究尺度合同）,未登记,无法判定,无法判定,无法判定,无法判定,无法判定,未判定（未登记到达时间合同）,无法判定,无法判定,717d3a2fd3bae60ec6485365211ee579c49778a4ed9985a2688fb0b288e48214,dq-rules-1.0,e87a78a94478584293d9fb3922bbb91882f48c58a8684db89186175facf03cc2,019010d64fe47d89c81bfaedafd458f1d886025bb34292c0c32eafcfa4392657,e3d3d9d1d2ba1cc73aa6c3cbef4a0ce975b21549de6137cd0e3cafa072addf12,无法判定,未执行（第一门未通过）,未执行（无决策记录）,无法判定,decision_record_missing,来源身份已登记但没有获批历史决策记录登记；不读取候选正文，不构造样例记录,登记带来源证据的决策编号、决策时点、数据截止时间及三类时间合同；重新生成不可变批次
replay-20260805T012335+0800-3156feb21c31,DS-000244,BTC,ZI-a141d598481257020e4c6917,无法判定,source-identity-1.0,68c2fe7b74c1a148037fbf3baa54e12bbcc00106d7a4f1b804c9b799c270c5a7,audit-20260805T005824+0800,仅元数据,元数据范围,9feb9e2e9fa24318f9d1244e773a8934fb17964995dae6ff9b80bd2c6288d6de,未知,未知,未知,未知,未知,未知,未判定（缺少确切研究尺度合同）,未登记,无法判定,无法判定,无法判定,无法判定,无法判定,未判定（未登记到达时间合同）,无法判定,无法判定,717d3a2fd3bae60ec6485365211ee579c49778a4ed9985a2688fb0b288e48214,dq-rules-1.0,e87a78a94478584293d9fb3922bbb91882f48c58a8684db89186175facf03cc2,019010d64fe47d89c81bfaedafd458f1d886025bb34292c0c32eafcfa4392657,566ae3937c0a0beca2607e4f12c860f7bab0c8938ae8b814a079c0e3430142a6,无法判定,未执行（第一门未通过）,未执行（无决策记录）,无法判定,decision_record_missing,来源身份已登记但没有获批历史决策记录登记；不读取候选正文，不构造样例记录,登记带来源证据的决策编号、决策时点、数据截止时间及三类时间合同；重新生成不可变批次
replay-20260805T012335+0800-3156feb21c31,DS-000244,ETH,ZI-6ce4484efa53e7ff44eb2c25,无法判定,source-identity-1.0,00a8f220bf1b2b66df481ed9d64d552d2b8db7734351dba43b4cfabb33b30caa,audit-20260805T005824+0800,仅元数据,元数据范围,9feb9e2e9fa24318f9d1244e773a8934fb17964995dae6ff9b80bd2c6288d6de,未知,未知,未知,未知,未知,未知,未判定（缺少确切研究尺度合同）,未登记,无法判定,无法判定,无法判定,无法判定,无法判定,未判定（未登记到达时间合同）,无法判定,无法判定,717d3a2fd3bae60ec6485365211ee579c49778a4ed9985a2688fb0b288e48214,dq-rules-1.0,e87a78a94478584293d9fb3922bbb91882f48c58a8684db89186175facf03cc2,019010d64fe47d89c81bfaedafd458f1d886025bb34292c0c32eafcfa4392657,0a1268367fe0802a211d34b6470b3b9d580b4d5b49f6fd346396b601657cbe1c,无法判定,未执行（第一门未通过）,未执行（无决策记录）,无法判定,decision_record_missing,来源身份已登记但没有获批历史决策记录登记；不读取候选正文，不构造样例记录,登记带来源证据的决策编号、决策时点、数据截止时间及三类时间合同；重新生成不可变批次
replay-20260805T012335+0800-3156feb21c31,DS-000245,BTC,ZI-0a136a28fb73960969c8e5ab,无法判定,source-identity-1.0,9a4d7da61ee133e457ca9c00713e58ca6d5a3c691e7a8607ffe4010207987b82,audit-20260805T005824+0800,仅元数据,元数据范围,bb8e21d070e56203df056dd080543a3048030a637fe4068da99ad8f8ba59c2e9,未知,未知,未知,未知,未知,未知,未判定（缺少确切研究尺度合同）,未登记,无法判定,无法判定,无法判定,无法判定,无法判定,未判定（未登记到达时间合同）,无法判定,无法判定,717d3a2fd3bae60ec6485365211ee579c49778a4ed9985a2688fb0b288e48214,dq-rules-1.0,e87a78a94478584293d9fb3922bbb91882f48c58a8684db89186175facf03cc2,019010d64fe47d89c81bfaedafd458f1d886025bb34292c0c32eafcfa4392657,819a0528c1785612e43c143a444b5ca878d50b500fce308a0a45f6396e022328,无法判定,未执行（第一门未通过）,未执行（无决策记录）,无法判定,decision_record_missing,来源身份已登记但没有获批历史决策记录登记；不读取候选正文，不构造样例记录,登记带来源证据的决策编号、决策时点、数据截止时间及三类时间合同；重新生成不可变批次
replay-20260805T012335+0800-3156feb21c31,DS-000245,ETH,ZI-087e7743eeecff587810b73c,无法判定,source-identity-1.0,094e5164787d7ce392b33b44607e9bfc589ffd6a8292292b921374ed3635b49c,audit-20260805T005824+0800,仅元数据,元数据范围,bb8e21d070e56203df056dd080543a3048030a637fe4068da99ad8f8ba59c2e9,未知,未知,未知,未知,未知,未知,未判定（缺少确切研究尺度合同）,未登记,无法判定,无法判定,无法判定,无法判定,无法判定,未判定（未登记到达时间合同）,无法判定,无法判定,717d3a2fd3bae60ec6485365211ee579c49778a4ed9985a2688fb0b288e48214,dq-rules-1.0,e87a78a94478584293d9fb3922bbb91882f48c58a8684db89186175facf03cc2,019010d64fe47d89c81bfaedafd458f1d886025bb34292c0c32eafcfa4392657,4053f2d670fad9da2cb95dcf38b5c6f93a6b31bd172501a57d3255419fc7894e,无法判定,未执行（第一门未通过）,未执行（无决策记录）,无法判定,decision_record_missing,来源身份已登记但没有获批历史决策记录登记；不读取候选正文，不构造样例记录,登记带来源证据的决策编号、决策时点、数据截止时间及三类时间合同；重新生成不可变批次
replay-20260805T012335+0800-3156feb21c31,DS-000246,BTC,ZI-58ac48c83dce3eff098110c3,无法判定,source-identity-1.0,b7ddd37f641792b0d9668f2e96c8050fd3daff0b829f47d5b127db2b79c45a3e,audit-20260805T005824+0800,仅元数据,元数据范围,d4f2f91acdca0f0a9117235e4e33e3a32c2206148dbe62e0b472c699a161d834,未知,未知,未知,未知,未知,未知,未判定（缺少确切研究尺度合同）,未登记,无法判定,无法判定,无法判定,无法判定,无法判定,未判定（未登记到达时间合同）,无法判定,无法判定,717d3a2fd3bae60ec6485365211ee579c49778a4ed9985a2688fb0b288e48214,dq-rules-1.0,e87a78a94478584293d9fb3922bbb91882f48c58a8684db89186175facf03cc2,019010d64fe47d89c81bfaedafd458f1d886025bb34292c0c32eafcfa4392657,f174b4f73965078b4483a7e6401169474ac09472eb555fb21b149ed3071d00e0,无法判定,未执行（第一门未通过）,未执行（无决策记录）,无法判定,decision_record_missing,来源身份已登记但没有获批历史决策记录登记；不读取候选正文，不构造样例记录,登记带来源证据的决策编号、决策时点、数据截止时间及三类时间合同；重新生成不可变批次
replay-20260805T012335+0800-3156feb21c31,DS-000246,ETH,ZI-eaa396b6b41356431fa8c73f,无法判定,source-identity-1.0,e3a29c8db6b0ae1dd6a5148f54a2d24e19a4aaf01b32fae6764674e4f75dee6d,audit-20260805T005824+0800,仅元数据,元数据范围,d4f2f91acdca0f0a9117235e4e33e3a32c2206148dbe62e0b472c699a161d834,未知,未知,未知,未知,未知,未知,未判定（缺少确切研究尺度合同）,未登记,无法判定,无法判定,无法判定,无法判定,无法判定,未判定（未登记到达时间合同）,无法判定,无法判定,717d3a2fd3bae60ec6485365211ee579c49778a4ed9985a2688fb0b288e48214,dq-rules-1.0,e87a78a94478584293d9fb3922bbb91882f48c58a8684db89186175facf03cc2,019010d64fe47d89c81bfaedafd458f1d886025bb34292c0c32eafcfa4392657,ff4c614faf27e46167892e8ab856aeaddf4a7ef56752090ad9abeb7d1ae26151,无法判定,未执行（第一门未通过）,未执行（无决策记录）,无法判定,decision_record_missing,来源身份已登记但没有获批历史决策记录登记；不读取候选正文，不构造样例记录,登记带来源证据的决策编号、决策时点、数据截止时间及三类时间合同；重新生成不可变批次
replay-20260805T012335+0800-3156feb21c31,DS-000247,BTC,ZI-6e29ccb46c945b51b7439ea2,无法判定,source-identity-1.0,124b41db5c51ea0c3830cd12d64cda6af1045417aa82aa1c0fc8fbf41a3cf101,audit-20260805T005824+0800,仅元数据,元数据范围,9203430dfd9868519fea2287c28c4e5944cc3b934f1f83a8a3692d6297b9e574,未知,未知,未知,未知,未知,未知,未判定（缺少确切研究尺度合同）,未登记,无法判定,无法判定,无法判定,无法判定,无法判定,未判定（未登记到达时间合同）,无法判定,无法判定,717d3a2fd3bae60ec6485365211ee579c49778a4ed9985a2688fb0b288e48214,dq-rules-1.0,e87a78a94478584293d9fb3922bbb91882f48c58a8684db89186175facf03cc2,019010d64fe47d89c81bfaedafd458f1d886025bb34292c0c32eafcfa4392657,2c9b89e879a7df1ad0e77b4c0d54241b697789f1c6f7664461331e3ef4ce40a7,无法判定,未执行（第一门未通过）,未执行（无决策记录）,无法判定,decision_record_missing,来源身份已登记但没有获批历史决策记录登记；不读取候选正文，不构造样例记录,登记带来源证据的决策编号、决策时点、数据截止时间及三类时间合同；重新生成不可变批次
replay-20260805T012335+0800-3156feb21c31,DS-000247,ETH,ZI-a5d529e526179f5aab36b504,无法判定,source-identity-1.0,c7ddad6e8c50fc6e969b2945429214227e154d921185b865c79d5ff5aace183c,audit-20260805T005824+0800,仅元数据,元数据范围,9203430dfd9868519fea2287c28c4e5944cc3b934f1f83a8a3692d6297b9e574,未知,未知,未知,未知,未知,未知,未判定（缺少确切研究尺度合同）,未登记,无法判定,无法判定,无法判定,无法判定,无法判定,未判定（未登记到达时间合同）,无法判定,无法判定,717d3a2fd3bae60ec6485365211ee579c49778a4ed9985a2688fb0b288e48214,dq-rules-1.0,e87a78a94478584293d9fb3922bbb91882f48c58a8684db89186175facf03cc2,019010d64fe47d89c81bfaedafd458f1d886025bb34292c0c32eafcfa4392657,63f8316372859e130bf4c70de06d8f23a09bb16968741e20abe37c6d10f140f8,无法判定,未执行（第一门未通过）,未执行（无决策记录）,无法判定,decision_record_missing,来源身份已登记但没有获批历史决策记录登记；不读取候选正文，不构造样例记录,登记带来源证据的决策编号、决策时点、数据截止时间及三类时间合同；重新生成不可变批次
replay-20260805T012335+0800-3156feb21c31,DS-000248,BTC,ZI-380bca61b30402d70b587e35,无法判定,source-identity-1.0,6ffccfca0e3d7dec8c30d41748093b0a5b051ff92162840d72ea49919bc71c2f,audit-20260805T005824+0800,仅元数据,元数据范围,7bbd70bffbc301dac5507fe4c308d498dfc654c8c776abf171e5aada9db65989,未知,未知,未知,未知,未知,未知,未判定（缺少确切研究尺度合同）,未登记,无法判定,无法判定,无法判定,无法判定,无法判定,未判定（未登记到达时间合同）,无法判定,无法判定,717d3a2fd3bae60ec6485365211ee579c49778a4ed9985a2688fb0b288e48214,dq-rules-1.0,e87a78a94478584293d9fb3922bbb91882f48c58a8684db89186175facf03cc2,019010d64fe47d89c81bfaedafd458f1d886025bb34292c0c32eafcfa4392657,68d5129a26dbe0d0898be6215c98cc1419eef07ad4544a6daac8186dc12cb54c,无法判定,未执行（第一门未通过）,未执行（无决策记录）,无法判定,decision_record_missing,来源身份已登记但没有获批历史决策记录登记；不读取候选正文，不构造样例记录,登记带来源证据的决策编号、决策时点、数据截止时间及三类时间合同；重新生成不可变批次
replay-20260805T012335+0800-3156feb21c31,DS-000248,ETH,ZI-f72d093effc7a5df77a24e15,无法判定,source-identity-1.0,28f03a53a6e361b011af96b4223ff87f70951dc018ca14e92eab7cc438039be8,audit-20260805T005824+0800,仅元数据,元数据范围,7bbd70bffbc301dac5507fe4c308d498dfc654c8c776abf171e5aada9db65989,未知,未知,未知,未知,未知,未知,未判定（缺少确切研究尺度合同）,未登记,无法判定,无法判定,无法判定,无法判定,无法判定,未判定（未登记到达时间合同）,无法判定,无法判定,717d3a2fd3bae60ec6485365211ee579c49778a4ed9985a2688fb0b288e48214,dq-rules-1.0,e87a78a94478584293d9fb3922bbb91882f48c58a8684db89186175facf03cc2,019010d64fe47d89c81bfaedafd458f1d886025bb34292c0c32eafcfa4392657,bdd2701bcc627037cefb73fd47e72df047ddd0ce5fb1ed1d925cce7e15abb6d7,无法判定,未执行（第一门未通过）,未执行（无决策记录）,无法判定,decision_record_missing,来源身份已登记但没有获批历史决策记录登记；不读取候选正文，不构造样例记录,登记带来源证据的决策编号、决策时点、数据截止时间及三类时间合同；重新生成不可变批次
replay-20260805T012335+0800-3156feb21c31,DS-000249,BTC,ZI-22c7bc4bbe06ea5b6678e8ed,无法判定,source-identity-1.0,e65edbe6f46de1ff9d2c3f31b4e118e6ca729cea36fc16cadac27a2a1ed508b5,audit-20260805T005824+0800,仅元数据,元数据范围,f4089120390e09c95b123e45870e74f8e64996fb91e06ba12cf8d391d56d08f3,未知,未知,未知,未知,未知,未知,未判定（缺少确切研究尺度合同）,未登记,无法判定,无法判定,无法判定,无法判定,无法判定,未判定（未登记到达时间合同）,无法判定,无法判定,717d3a2fd3bae60ec6485365211ee579c49778a4ed9985a2688fb0b288e48214,dq-rules-1.0,e87a78a94478584293d9fb3922bbb91882f48c58a8684db89186175facf03cc2,019010d64fe47d89c81bfaedafd458f1d886025bb34292c0c32eafcfa4392657,0bbcfc71a771e74f9be5569c3497242c92fc6d3514694f0e22cd8af748f69542,无法判定,未执行（第一门未通过）,未执行（无决策记录）,无法判定,decision_record_missing,来源身份已登记但没有获批历史决策记录登记；不读取候选正文，不构造样例记录,登记带来源证据的决策编号、决策时点、数据截止时间及三类时间合同；重新生成不可变批次
replay-20260805T012335+0800-3156feb21c31,DS-000249,ETH,ZI-3a704542de2b0358f6385dd1,无法判定,source-identity-1.0,fff7367cdb712fbf221ec694b95c216ccd5d4a5dd40e00bd18f1d331c696942a,audit-20260805T005824+0800,仅元数据,元数据范围,f4089120390e09c95b123e45870e74f8e64996fb91e06ba12cf8d391d56d08f3,未知,未知,未知,未知,未知,未知,未判定（缺少确切研究尺度合同）,未登记,无法判定,无法判定,无法判定,无法判定,无法判定,未判定（未登记到达时间合同）,无法判定,无法判定,717d3a2fd3bae60ec6485365211ee579c49778a4ed9985a2688fb0b288e48214,dq-rules-1.0,e87a78a94478584293d9fb3922bbb91882f48c58a8684db89186175facf03cc2,019010d64fe47d89c81bfaedafd458f1d886025bb34292c0c32eafcfa4392657,18a4cc75884aec1fa28b55d498b097a3a5732e7b7a576acab7d8a61f5fb630ce,无法判定,未执行（第一门未通过）,未执行（无决策记录）,无法判定,decision_record_missing,来源身份已登记但没有获批历史决策记录登记；不读取候选正文，不构造样例记录,登记带来源证据的决策编号、决策时点、数据截止时间及三类时间合同；重新生成不可变批次
replay-20260805T012335+0800-3156feb21c31,DS-000250,BTC,ZI-8c2a4928629aa827cfab0bbe,无法判定,source-identity-1.0,300afeb750581a42f25b70befb1e82a23203a07e2560cb7ad9a017613a90a449,audit-20260805T005824+0800,仅元数据,元数据范围,5e941a012b369e872daa117d2176f33b396b47a77dd4bda9c58fd3e259a69edf,未知,未知,未知,未知,未知,未知,未判定（缺少确切研究尺度合同）,未登记,无法判定,无法判定,无法判定,无法判定,无法判定,未判定（未登记到达时间合同）,无法判定,无法判定,717d3a2fd3bae60ec6485365211ee579c49778a4ed9985a2688fb0b288e48214,dq-rules-1.0,e87a78a94478584293d9fb3922bbb91882f48c58a8684db89186175facf03cc2,019010d64fe47d89c81bfaedafd458f1d886025bb34292c0c32eafcfa4392657,58f6d60206d2dae379be79d319c7332b531726f151b17ff0f5828878e53b7f31,无法判定,未执行（第一门未通过）,未执行（无决策记录）,无法判定,decision_record_missing,来源身份已登记但没有获批历史决策记录登记；不读取候选正文，不构造样例记录,登记带来源证据的决策编号、决策时点、数据截止时间及三类时间合同；重新生成不可变批次
replay-20260805T012335+0800-3156feb21c31,DS-000250,ETH,ZI-f218e1c853f5de10621f560f,无法判定,source-identity-1.0,5021b9603560d306ec0c14db0f62949eebc2fb0d42d3feb6faafed204c942f41,audit-20260805T005824+0800,仅元数据,元数据范围,5e941a012b369e872daa117d2176f33b396b47a77dd4bda9c58fd3e259a69edf,未知,未知,未知,未知,未知,未知,未判定（缺少确切研究尺度合同）,未登记,无法判定,无法判定,无法判定,无法判定,无法判定,未判定（未登记到达时间合同）,无法判定,无法判定,717d3a2fd3bae60ec6485365211ee579c49778a4ed9985a2688fb0b288e48214,dq-rules-1.0,e87a78a94478584293d9fb3922bbb91882f48c58a8684db89186175facf03cc2,019010d64fe47d89c81bfaedafd458f1d886025bb34292c0c32eafcfa4392657,691f66f7467eb99897005be8613fd0f148634617c7536cf054e4ede85834d90e,无法判定,未执行（第一门未通过）,未执行（无决策记录）,无法判定,decision_record_missing,来源身份已登记但没有获批历史决策记录登记；不读取候选正文，不构造样例记录,登记带来源证据的决策编号、决策时点、数据截止时间及三类时间合同；重新生成不可变批次
replay-20260805T012335+0800-3156feb21c31,DS-000251,BTC,ZI-5102df4ca999fece2c974d9f,无法判定,source-identity-1.0,3e3966cd5726845d16f354010f104ceab03f294d9ed858a609dd63d253b0b1a3,audit-20260805T005824+0800,仅元数据,元数据范围,a1005dc629067260e9e26ee71cd78453fa57ef6cf45fc5c43fc89fcff1e6fcf0,未知,未知,未知,未知,未知,未知,未判定（缺少确切研究尺度合同）,未登记,无法判定,无法判定,无法判定,无法判定,无法判定,未判定（未登记到达时间合同）,无法判定,无法判定,717d3a2fd3bae60ec6485365211ee579c49778a4ed9985a2688fb0b288e48214,dq-rules-1.0,e87a78a94478584293d9fb3922bbb91882f48c58a8684db89186175facf03cc2,019010d64fe47d89c81bfaedafd458f1d886025bb34292c0c32eafcfa4392657,c43293594fbb8778c99256457d1242f1c9e1f796e04d9d9815e2626531f3ae96,无法判定,未执行（第一门未通过）,未执行（无决策记录）,无法判定,decision_record_missing,来源身份已登记但没有获批历史决策记录登记；不读取候选正文，不构造样例记录,登记带来源证据的决策编号、决策时点、数据截止时间及三类时间合同；重新生成不可变批次
replay-20260805T012335+0800-3156feb21c31,DS-000251,ETH,ZI-40198d2754da97536a9ad6ce,无法判定,source-identity-1.0,33b7fb8880e877159138eb1a54cc05e2e821bbfa920d84510940f6fc99ffbcdd,audit-20260805T005824+0800,仅元数据,元数据范围,a1005dc629067260e9e26ee71cd78453fa57ef6cf45fc5c43fc89fcff1e6fcf0,未知,未知,未知,未知,未知,未知,未判定（缺少确切研究尺度合同）,未登记,无法判定,无法判定,无法判定,无法判定,无法判定,未判定（未登记到达时间合同）,无法判定,无法判定,717d3a2fd3bae60ec6485365211ee579c49778a4ed9985a2688fb0b288e48214,dq-rules-1.0,e87a78a94478584293d9fb3922bbb91882f48c58a8684db89186175facf03cc2,019010d64fe47d89c81bfaedafd458f1d886025bb34292c0c32eafcfa4392657,ee16750b13539662afda5f6f64bacb125aa62d48a2d670eedeb644a363842575,无法判定,未执行（第一门未通过）,未执行（无决策记录）,无法判定,decision_record_missing,来源身份已登记但没有获批历史决策记录登记；不读取候选正文，不构造样例记录,登记带来源证据的决策编号、决策时点、数据截止时间及三类时间合同；重新生成不可变批次
replay-20260805T012335+0800-3156feb21c31,DS-000252,BTC,ZI-0c93b208498bfc5ca89f17bd,无法判定,source-identity-1.0,9578eda4dc24bd993723df82dc2be47136a3fd5e69c2d1488cc994127cc019a3,audit-20260805T005824+0800,仅元数据,元数据范围,eef04099fe69350b85cb6eb95af68852dc847e9184c92b18f268f9e93a1a09b9,未知,未知,未知,未知,未知,未知,未判定（缺少确切研究尺度合同）,未登记,无法判定,无法判定,无法判定,无法判定,无法判定,未判定（未登记到达时间合同）,无法判定,无法判定,717d3a2fd3bae60ec6485365211ee579c49778a4ed9985a2688fb0b288e48214,dq-rules-1.0,e87a78a94478584293d9fb3922bbb91882f48c58a8684db89186175facf03cc2,019010d64fe47d89c81bfaedafd458f1d886025bb34292c0c32eafcfa4392657,9cb30ba7d3e86e1905982ef8e1f470f8e66094ec65c2e39d4a3f229e258e1581,无法判定,未执行（第一门未通过）,未执行（无决策记录）,无法判定,decision_record_missing,来源身份已登记但没有获批历史决策记录登记；不读取候选正文，不构造样例记录,登记带来源证据的决策编号、决策时点、数据截止时间及三类时间合同；重新生成不可变批次
replay-20260805T012335+0800-3156feb21c31,DS-000252,ETH,ZI-33f93e20269b5fc9790af097,无法判定,source-identity-1.0,c9481ff5be04cbbd14ec23b41036c30c2cdb4b390ea0f9be85712ebd67075c89,audit-20260805T005824+0800,仅元数据,元数据范围,eef04099fe69350b85cb6eb95af68852dc847e9184c92b18f268f9e93a1a09b9,未知,未知,未知,未知,未知,未知,未判定（缺少确切研究尺度合同）,未登记,无法判定,无法判定,无法判定,无法判定,无法判定,未判定（未登记到达时间合同）,无法判定,无法判定,717d3a2fd3bae60ec6485365211ee579c49778a4ed9985a2688fb0b288e48214,dq-rules-1.0,e87a78a94478584293d9fb3922bbb91882f48c58a8684db89186175facf03cc2,019010d64fe47d89c81bfaedafd458f1d886025bb34292c0c32eafcfa4392657,072a4935d1e8b7e589f5931f52d4c277a529da1cbb8e169086b986f73fc8f8fe,无法判定,未执行（第一门未通过）,未执行（无决策记录）,无法判定,decision_record_missing,来源身份已登记但没有获批历史决策记录登记；不读取候选正文，不构造样例记录,登记带来源证据的决策编号、决策时点、数据截止时间及三类时间合同；重新生成不可变批次
replay-20260805T012335+0800-3156feb21c31,DS-000253,BTC,ZI-a22bc6b5465780acab6f4202,无法判定,source-identity-1.0,e1c541a01147572fa914c7ed6897058226ad980a515231efdb606c51c484f27c,audit-20260805T005824+0800,仅元数据,元数据范围,2751c53e02d81af636dcbf04fc716bf171af8e4705c02204ffb0532c7e8ead1d,未知,未知,未知,未知,未知,未知,未判定（缺少确切研究尺度合同）,未登记,无法判定,无法判定,无法判定,无法判定,无法判定,未判定（未登记到达时间合同）,无法判定,无法判定,717d3a2fd3bae60ec6485365211ee579c49778a4ed9985a2688fb0b288e48214,dq-rules-1.0,e87a78a94478584293d9fb3922bbb91882f48c58a8684db89186175facf03cc2,019010d64fe47d89c81bfaedafd458f1d886025bb34292c0c32eafcfa4392657,70373e56b2257a8823df72b64a218415f6d80c102980227ce6a8bae6533fc6a7,无法判定,未执行（第一门未通过）,未执行（无决策记录）,无法判定,decision_record_missing,来源身份已登记但没有获批历史决策记录登记；不读取候选正文，不构造样例记录,登记带来源证据的决策编号、决策时点、数据截止时间及三类时间合同；重新生成不可变批次
replay-20260805T012335+0800-3156feb21c31,DS-000253,ETH,ZI-323348d30ce7bec199813155,无法判定,source-identity-1.0,a3f08dbc5fe217583a1ec73ba598a3dfd2587422ee5a6ce5ca4533d636b1774c,audit-20260805T005824+0800,仅元数据,元数据范围,2751c53e02d81af636dcbf04fc716bf171af8e4705c02204ffb0532c7e8ead1d,未知,未知,未知,未知,未知,未知,未判定（缺少确切研究尺度合同）,未登记,无法判定,无法判定,无法判定,无法判定,无法判定,未判定（未登记到达时间合同）,无法判定,无法判定,717d3a2fd3bae60ec6485365211ee579c49778a4ed9985a2688fb0b288e48214,dq-rules-1.0,e87a78a94478584293d9fb3922bbb91882f48c58a8684db89186175facf03cc2,019010d64fe47d89c81bfaedafd458f1d886025bb34292c0c32eafcfa4392657,45d3a43f7223bbc81c5399f24f574b54f2825a6eaa8faa21afbf046d44063c8b,无法判定,未执行（第一门未通过）,未执行（无决策记录）,无法判定,decision_record_missing,来源身份已登记但没有获批历史决策记录登记；不读取候选正文，不构造样例记录,登记带来源证据的决策编号、决策时点、数据截止时间及三类时间合同；重新生成不可变批次
replay-20260805T012335+0800-3156feb21c31,DS-000254,BTC,ZI-85c1a57db43cc467bba8305c,无法判定,source-identity-1.0,9cfaeb776f5648eada45ddd5de608e99d155fe2cff9385708e598a8f7b9c46e0,audit-20260805T005824+0800,仅元数据,元数据范围,6e76f09265c344ee8a45c4d7698b791b3d95af0a22be6444bfe16201371240a6,未知,未知,未知,未知,未知,未知,未判定（缺少确切研究尺度合同）,未登记,无法判定,无法判定,无法判定,无法判定,无法判定,未判定（未登记到达时间合同）,无法判定,无法判定,717d3a2fd3bae60ec6485365211ee579c49778a4ed9985a2688fb0b288e48214,dq-rules-1.0,e87a78a94478584293d9fb3922bbb91882f48c58a8684db89186175facf03cc2,019010d64fe47d89c81bfaedafd458f1d886025bb34292c0c32eafcfa4392657,530e61700390dc22fc2e7de3385cbd29ae435981cb87d9afa427f24c4402cb59,无法判定,未执行（第一门未通过）,未执行（无决策记录）,无法判定,decision_record_missing,来源身份已登记但没有获批历史决策记录登记；不读取候选正文，不构造样例记录,登记带来源证据的决策编号、决策时点、数据截止时间及三类时间合同；重新生成不可变批次
replay-20260805T012335+0800-3156feb21c31,DS-000254,ETH,ZI-d041bd8293d10482fe6e3302,无法判定,source-identity-1.0,2be7db9a6e768682641f46c4780e7c07d92cf20caa678f2d557b53b90a65a305,audit-20260805T005824+0800,仅元数据,元数据范围,6e76f09265c344ee8a45c4d7698b791b3d95af0a22be6444bfe16201371240a6,未知,未知,未知,未知,未知,未知,未判定（缺少确切研究尺度合同）,未登记,无法判定,无法判定,无法判定,无法判定,无法判定,未判定（未登记到达时间合同）,无法判定,无法判定,717d3a2fd3bae60ec6485365211ee579c49778a4ed9985a2688fb0b288e48214,dq-rules-1.0,e87a78a94478584293d9fb3922bbb91882f48c58a8684db89186175facf03cc2,019010d64fe47d89c81bfaedafd458f1d886025bb34292c0c32eafcfa4392657,8734825e4566f264e6395163a9ce8b8d0e4e43e09bca9bc1f8ab2b0b698f8b7a,无法判定,未执行（第一门未通过）,未执行（无决策记录）,无法判定,decision_record_missing,来源身份已登记但没有获批历史决策记录登记；不读取候选正文，不构造样例记录,登记带来源证据的决策编号、决策时点、数据截止时间及三类时间合同；重新生成不可变批次
replay-20260805T012335+0800-3156feb21c31,DS-000255,BTC,ZI-73b33d25621fcec938082f43,无法判定,source-identity-1.0,24abb3ef32fb289a344a46f3576683ef0147a92c94f94a629cd3b6c539c3e28c,audit-20260805T005824+0800,仅元数据,元数据范围,d7ef825afc97cd015fb23b5b83f234fdf802a9f781d34b9345defa6350637436,未知,未知,未知,未知,未知,未知,未判定（缺少确切研究尺度合同）,未登记,无法判定,无法判定,无法判定,无法判定,无法判定,未判定（未登记到达时间合同）,无法判定,无法判定,717d3a2fd3bae60ec6485365211ee579c49778a4ed9985a2688fb0b288e48214,dq-rules-1.0,e87a78a94478584293d9fb3922bbb91882f48c58a8684db89186175facf03cc2,019010d64fe47d89c81bfaedafd458f1d886025bb34292c0c32eafcfa4392657,fa3ac6b60ff7e3c0357fc384aa6219708837124fcf4982c8f14f944fc0524c3b,无法判定,未执行（第一门未通过）,未执行（无决策记录）,无法判定,decision_record_missing,来源身份已登记但没有获批历史决策记录登记；不读取候选正文，不构造样例记录,登记带来源证据的决策编号、决策时点、数据截止时间及三类时间合同；重新生成不可变批次
replay-20260805T012335+0800-3156feb21c31,DS-000255,ETH,ZI-3a7f47e5cb0b222a091588ca,无法判定,source-identity-1.0,a3fb139ae132ed9ad92177d1357aad31d7d49b81d92412c99ba60ae2405fb8f1,audit-20260805T005824+0800,仅元数据,元数据范围,d7ef825afc97cd015fb23b5b83f234fdf802a9f781d34b9345defa6350637436,未知,未知,未知,未知,未知,未知,未判定（缺少确切研究尺度合同）,未登记,无法判定,无法判定,无法判定,无法判定,无法判定,未判定（未登记到达时间合同）,无法判定,无法判定,717d3a2fd3bae60ec6485365211ee579c49778a4ed9985a2688fb0b288e48214,dq-rules-1.0,e87a78a94478584293d9fb3922bbb91882f48c58a8684db89186175facf03cc2,019010d64fe47d89c81bfaedafd458f1d886025bb34292c0c32eafcfa4392657,5f90ed8928577b175c7679483ecdde00ae6ff0d30d6497d51ba543798bad7f0b,无法判定,未执行（第一门未通过）,未执行（无决策记录）,无法判定,decision_record_missing,来源身份已登记但没有获批历史决策记录登记；不读取候选正文，不构造样例记录,登记带来源证据的决策编号、决策时点、数据截止时间及三类时间合同；重新生成不可变批次
replay-20260805T012335+0800-3156feb21c31,DS-000256,BTC,ZI-efd31016c93ebe09d210630e,无法判定,source-identity-1.0,bfc14176741cda7eca5942d1434ea8d7e9cff5ab0c2fa9f19d29492a282f2e9e,audit-20260805T005824+0800,仅元数据,元数据范围,a45383952bec8930c5896c008b258cb283f095c1b350338cdb484bef96321e7f,未知,未知,未知,未知,未知,未知,未判定（缺少确切研究尺度合同）,未登记,无法判定,无法判定,无法判定,无法判定,无法判定,未判定（未登记到达时间合同）,无法判定,无法判定,717d3a2fd3bae60ec6485365211ee579c49778a4ed9985a2688fb0b288e48214,dq-rules-1.0,e87a78a94478584293d9fb3922bbb91882f48c58a8684db89186175facf03cc2,019010d64fe47d89c81bfaedafd458f1d886025bb34292c0c32eafcfa4392657,d8d9a564b98f36408bf9d76fc7278645e9f5381e5dd0ab8e6e769a5dbd22ae83,无法判定,未执行（第一门未通过）,未执行（无决策记录）,无法判定,decision_record_missing,来源身份已登记但没有获批历史决策记录登记；不读取候选正文，不构造样例记录,登记带来源证据的决策编号、决策时点、数据截止时间及三类时间合同；重新生成不可变批次
replay-20260805T012335+0800-3156feb21c31,DS-000256,ETH,ZI-319a17a33bc9e78d08ed5c4a,无法判定,source-identity-1.0,d12c9a40a169ba34ba900fcc6171e6b72c32442346c58f17c75d4e71085eb94b,audit-20260805T005824+0800,仅元数据,元数据范围,a45383952bec8930c5896c008b258cb283f095c1b350338cdb484bef96321e7f,未知,未知,未知,未知,未知,未知,未判定（缺少确切研究尺度合同）,未登记,无法判定,无法判定,无法判定,无法判定,无法判定,未判定（未登记到达时间合同）,无法判定,无法判定,717d3a2fd3bae60ec6485365211ee579c49778a4ed9985a2688fb0b288e48214,dq-rules-1.0,e87a78a94478584293d9fb3922bbb91882f48c58a8684db89186175facf03cc2,019010d64fe47d89c81bfaedafd458f1d886025bb34292c0c32eafcfa4392657,5b741a4644dd4a6c9deaf8dd62066c6936c7239cd74794330531cb36bddf7171,无法判定,未执行（第一门未通过）,未执行（无决策记录）,无法判定,decision_record_missing,来源身份已登记但没有获批历史决策记录登记；不读取候选正文，不构造样例记录,登记带来源证据的决策编号、决策时点、数据截止时间及三类时间合同；重新生成不可变批次
replay-20260805T012335+0800-3156feb21c31,DS-000257,BTC,ZI-953e551841d548cda858ff70,无法判定,source-identity-1.0,e4caccdf932d31b1054c03ff286ccc0313e473d6af77ec4d658efe29b8d43419,audit-20260805T005824+0800,仅元数据,元数据范围,dcac5828309e952b8e1a86bd53a3dd3f47eed792a9f9fbd81dd1b8d4d15f0a21,未知,未知,未知,未知,未知,未知,未判定（缺少确切研究尺度合同）,未登记,无法判定,无法判定,无法判定,无法判定,无法判定,未判定（未登记到达时间合同）,无法判定,无法判定,717d3a2fd3bae60ec6485365211ee579c49778a4ed9985a2688fb0b288e48214,dq-rules-1.0,e87a78a94478584293d9fb3922bbb91882f48c58a8684db89186175facf03cc2,019010d64fe47d89c81bfaedafd458f1d886025bb34292c0c32eafcfa4392657,e89f375fb65e7bcc469dfa93c28066e059c58d556c99855d038200d18d4cf8ba,无法判定,未执行（第一门未通过）,未执行（无决策记录）,无法判定,decision_record_missing,来源身份已登记但没有获批历史决策记录登记；不读取候选正文，不构造样例记录,登记带来源证据的决策编号、决策时点、数据截止时间及三类时间合同；重新生成不可变批次
replay-20260805T012335+0800-3156feb21c31,DS-000257,ETH,ZI-a7faef667815d04984e9f416,无法判定,source-identity-1.0,296ee89ab25a9a86943c0c4079fb26ad8c8ab7c660999c4b5be2e36eccf0862b,audit-20260805T005824+0800,仅元数据,元数据范围,dcac5828309e952b8e1a86bd53a3dd3f47eed792a9f9fbd81dd1b8d4d15f0a21,未知,未知,未知,未知,未知,未知,未判定（缺少确切研究尺度合同）,未登记,无法判定,无法判定,无法判定,无法判定,无法判定,未判定（未登记到达时间合同）,无法判定,无法判定,717d3a2fd3bae60ec6485365211ee579c49778a4ed9985a2688fb0b288e48214,dq-rules-1.0,e87a78a94478584293d9fb3922bbb91882f48c58a8684db89186175facf03cc2,019010d64fe47d89c81bfaedafd458f1d886025bb34292c0c32eafcfa4392657,8a44fac2823e7e49e51999b40d91c6f05c463ee17638f5d6054fe95eee7aa476,无法判定,未执行（第一门未通过）,未执行（无决策记录）,无法判定,decision_record_missing,来源身份已登记但没有获批历史决策记录登记；不读取候选正文，不构造样例记录,登记带来源证据的决策编号、决策时点、数据截止时间及三类时间合同；重新生成不可变批次
replay-20260805T012335+0800-3156feb21c31,DS-000258,BTC,ZI-d37f2efffb57d6f5ffb06d2d,无法判定,source-identity-1.0,fead1a171dfe857e57e521439a11c4713ecfcfc5efa011eaad7b6caede1fc89e,audit-20260805T005824+0800,仅元数据,元数据范围,13c935a9313c955096dac5900937a0d74e25a59be457eb2e1ed071369d2e8bb2,未知,未知,未知,未知,未知,未知,未判定（缺少确切研究尺度合同）,未登记,无法判定,无法判定,无法判定,无法判定,无法判定,未判定（未登记到达时间合同）,无法判定,无法判定,717d3a2fd3bae60ec6485365211ee579c49778a4ed9985a2688fb0b288e48214,dq-rules-1.0,e87a78a94478584293d9fb3922bbb91882f48c58a8684db89186175facf03cc2,019010d64fe47d89c81bfaedafd458f1d886025bb34292c0c32eafcfa4392657,e2dfbc3981b6278ebd75d7b6afe5ede0e847fa33d95610fd5be04ba3cb87c8a8,无法判定,未执行（第一门未通过）,未执行（无决策记录）,无法判定,decision_record_missing,来源身份已登记但没有获批历史决策记录登记；不读取候选正文，不构造样例记录,登记带来源证据的决策编号、决策时点、数据截止时间及三类时间合同；重新生成不可变批次
replay-20260805T012335+0800-3156feb21c31,DS-000258,ETH,ZI-8525784cda6abfa9ae3bebd3,无法判定,source-identity-1.0,4dc58ef07d2d57cebf0aadf91446a312b77b77a6fbcd62aab6ada4d3a1a49a90,audit-20260805T005824+0800,仅元数据,元数据范围,13c935a9313c955096dac5900937a0d74e25a59be457eb2e1ed071369d2e8bb2,未知,未知,未知,未知,未知,未知,未判定（缺少确切研究尺度合同）,未登记,无法判定,无法判定,无法判定,无法判定,无法判定,未判定（未登记到达时间合同）,无法判定,无法判定,717d3a2fd3bae60ec6485365211ee579c49778a4ed9985a2688fb0b288e48214,dq-rules-1.0,e87a78a94478584293d9fb3922bbb91882f48c58a8684db89186175facf03cc2,019010d64fe47d89c81bfaedafd458f1d886025bb34292c0c32eafcfa4392657,7d8fe919ed4b71b4d655559813872a5a8c746531cc97ac52631da636de00551a,无法判定,未执行（第一门未通过）,未执行（无决策记录）,无法判定,decision_record_missing,来源身份已登记但没有获批历史决策记录登记；不读取候选正文，不构造样例记录,登记带来源证据的决策编号、决策时点、数据截止时间及三类时间合同；重新生成不可变批次
replay-20260805T012335+0800-3156feb21c31,DS-000259,BTC,ZI-28bd91890e197979dbe3d557,无法判定,source-identity-1.0,80065f3a6620e24599f6bf59d37a1539cd235dce898b5edd4dd0ee0a418ec6d9,audit-20260805T005824+0800,仅元数据,元数据范围,a272e90948a86955391c79bfea2b7b162905655ae08f9e7de4497b2f04906f73,未知,未知,未知,未知,未知,未知,未判定（缺少确切研究尺度合同）,未登记,无法判定,无法判定,无法判定,无法判定,无法判定,未判定（未登记到达时间合同）,无法判定,无法判定,717d3a2fd3bae60ec6485365211ee579c49778a4ed9985a2688fb0b288e48214,dq-rules-1.0,e87a78a94478584293d9fb3922bbb91882f48c58a8684db89186175facf03cc2,019010d64fe47d89c81bfaedafd458f1d886025bb34292c0c32eafcfa4392657,c32bbbc81f1b1fcd97b486a280e24b633d88237a805a50490466624d964f59c1,无法判定,未执行（第一门未通过）,未执行（无决策记录）,无法判定,decision_record_missing,来源身份已登记但没有获批历史决策记录登记；不读取候选正文，不构造样例记录,登记带来源证据的决策编号、决策时点、数据截止时间及三类时间合同；重新生成不可变批次
replay-20260805T012335+0800-3156feb21c31,DS-000259,ETH,ZI-aa4a3912b3b8cdfe15e16046,无法判定,source-identity-1.0,3b04a9f124ebae686af139ade53336b34007869cbc553fb81179e8281e434ac8,audit-20260805T005824+0800,仅元数据,元数据范围,a272e90948a86955391c79bfea2b7b162905655ae08f9e7de4497b2f04906f73,未知,未知,未知,未知,未知,未知,未判定（缺少确切研究尺度合同）,未登记,无法判定,无法判定,无法判定,无法判定,无法判定,未判定（未登记到达时间合同）,无法判定,无法判定,717d3a2fd3bae60ec6485365211ee579c49778a4ed9985a2688fb0b288e48214,dq-rules-1.0,e87a78a94478584293d9fb3922bbb91882f48c58a8684db89186175facf03cc2,019010d64fe47d89c81bfaedafd458f1d886025bb34292c0c32eafcfa4392657,ed41fe7ae7bcc7c754bbae2b8564c4460de77eb702845e2ed9efa05cc3383f59,无法判定,未执行（第一门未通过）,未执行（无决策记录）,无法判定,decision_record_missing,来源身份已登记但没有获批历史决策记录登记；不读取候选正文，不构造样例记录,登记带来源证据的决策编号、决策时点、数据截止时间及三类时间合同；重新生成不可变批次
replay-20260805T012335+0800-3156feb21c31,DS-000260,BTC,ZI-8adfeb2ba520a08a1239da21,无法判定,source-identity-1.0,8d67787a2021f40abba87233c072899884542751399dfeac6677b5a883ddd342,audit-20260805T005824+0800,仅元数据,元数据范围,06b949274405b4734abae8339881247676f73d7f27184e990784f300dfe71de2,未知,未知,未知,未知,未知,未知,未判定（缺少确切研究尺度合同）,未登记,无法判定,无法判定,无法判定,无法判定,无法判定,未判定（未登记到达时间合同）,无法判定,无法判定,717d3a2fd3bae60ec6485365211ee579c49778a4ed9985a2688fb0b288e48214,dq-rules-1.0,e87a78a94478584293d9fb3922bbb91882f48c58a8684db89186175facf03cc2,019010d64fe47d89c81bfaedafd458f1d886025bb34292c0c32eafcfa4392657,33e83a8e3348c42398491a7fe903bde2d195b24312a1b313e72477a32bdc7751,无法判定,未执行（第一门未通过）,未执行（无决策记录）,无法判定,decision_record_missing,来源身份已登记但没有获批历史决策记录登记；不读取候选正文，不构造样例记录,登记带来源证据的决策编号、决策时点、数据截止时间及三类时间合同；重新生成不可变批次
replay-20260805T012335+0800-3156feb21c31,DS-000260,ETH,ZI-9eca828c7abfb00211600ef2,无法判定,source-identity-1.0,6e72c3f61d036d6b9a46605601d249b61816f19db081c6bf09a3d40e1517e09e,audit-20260805T005824+0800,仅元数据,元数据范围,06b949274405b4734abae8339881247676f73d7f27184e990784f300dfe71de2,未知,未知,未知,未知,未知,未知,未判定（缺少确切研究尺度合同）,未登记,无法判定,无法判定,无法判定,无法判定,无法判定,未判定（未登记到达时间合同）,无法判定,无法判定,717d3a2fd3bae60ec6485365211ee579c49778a4ed9985a2688fb0b288e48214,dq-rules-1.0,e87a78a94478584293d9fb3922bbb91882f48c58a8684db89186175facf03cc2,019010d64fe47d89c81bfaedafd458f1d886025bb34292c0c32eafcfa4392657,a38b5b471eb99923ff3a1e5ae50d582efd27fc0b7994fc835ce2bcbda352340b,无法判定,未执行（第一门未通过）,未执行（无决策记录）,无法判定,decision_record_missing,来源身份已登记但没有获批历史决策记录登记；不读取候选正文，不构造样例记录,登记带来源证据的决策编号、决策时点、数据截止时间及三类时间合同；重新生成不可变批次
replay-20260805T012335+0800-3156feb21c31,DS-000261,BTC,ZI-4d56ade81bc7c6b89f3f4919,无法判定,source-identity-1.0,aba4b33c1e8845c499f042c330ee74bc2bfe81bb6886ad99631889967fc050b7,audit-20260805T005824+0800,仅元数据,元数据范围,c3ba5b05d8b04759de18f292edeadd9e676e239529dc36bab30fdf66f8ffabcb,未知,未知,未知,未知,未知,未知,未判定（缺少确切研究尺度合同）,未登记,无法判定,无法判定,无法判定,无法判定,无法判定,未判定（未登记到达时间合同）,无法判定,无法判定,717d3a2fd3bae60ec6485365211ee579c49778a4ed9985a2688fb0b288e48214,dq-rules-1.0,e87a78a94478584293d9fb3922bbb91882f48c58a8684db89186175facf03cc2,019010d64fe47d89c81bfaedafd458f1d886025bb34292c0c32eafcfa4392657,000e2270f71c7dd63710759f7ed0f56a8c08241a70075d6489c5f59fe2814efe,无法判定,未执行（第一门未通过）,未执行（无决策记录）,无法判定,decision_record_missing,来源身份已登记但没有获批历史决策记录登记；不读取候选正文，不构造样例记录,登记带来源证据的决策编号、决策时点、数据截止时间及三类时间合同；重新生成不可变批次
replay-20260805T012335+0800-3156feb21c31,DS-000261,ETH,ZI-a9478e827e537a4e6878eb2f,无法判定,source-identity-1.0,d0a8f3a28bd9c1231f722e93f8630ac858baf18631249c7ae64511aa0c994c35,audit-20260805T005824+0800,仅元数据,元数据范围,c3ba5b05d8b04759de18f292edeadd9e676e239529dc36bab30fdf66f8ffabcb,未知,未知,未知,未知,未知,未知,未判定（缺少确切研究尺度合同）,未登记,无法判定,无法判定,无法判定,无法判定,无法判定,未判定（未登记到达时间合同）,无法判定,无法判定,717d3a2fd3bae60ec6485365211ee579c49778a4ed9985a2688fb0b288e48214,dq-rules-1.0,e87a78a94478584293d9fb3922bbb91882f48c58a8684db89186175facf03cc2,019010d64fe47d89c81bfaedafd458f1d886025bb34292c0c32eafcfa4392657,42885673fec32897b30449e8bf7b76c62a55da9613ee5e49d9b4b83a1fed13cc,无法判定,未执行（第一门未通过）,未执行（无决策记录）,无法判定,decision_record_missing,来源身份已登记但没有获批历史决策记录登记；不读取候选正文，不构造样例记录,登记带来源证据的决策编号、决策时点、数据截止时间及三类时间合同；重新生成不可变批次
replay-20260805T012335+0800-3156feb21c31,DS-000262,BTC,ZI-2575b474caa6b55a94f14d0a,无法判定,source-identity-1.0,7fc6a47be152433ceabe68755cc1f79d1a7f5a34645223c1a44fe94b3e3d5514,audit-20260805T005824+0800,仅元数据,元数据范围,a7f08ca272de9dcb7234332b0131d6378aa503d4bb9695cc09bd6a91f407cea8,未知,未知,未知,未知,未知,未知,未判定（缺少确切研究尺度合同）,未登记,无法判定,无法判定,无法判定,无法判定,无法判定,未判定（未登记到达时间合同）,无法判定,无法判定,717d3a2fd3bae60ec6485365211ee579c49778a4ed9985a2688fb0b288e48214,dq-rules-1.0,e87a78a94478584293d9fb3922bbb91882f48c58a8684db89186175facf03cc2,019010d64fe47d89c81bfaedafd458f1d886025bb34292c0c32eafcfa4392657,fa674b011e888359f8980f2f12fc91e2468bfbe01b72d3da7fd231600befa04d,无法判定,未执行（第一门未通过）,未执行（无决策记录）,无法判定,decision_record_missing,来源身份已登记但没有获批历史决策记录登记；不读取候选正文，不构造样例记录,登记带来源证据的决策编号、决策时点、数据截止时间及三类时间合同；重新生成不可变批次
replay-20260805T012335+0800-3156feb21c31,DS-000262,ETH,ZI-f29bed3f0a71e254b51c83b3,无法判定,source-identity-1.0,4c6a9333f5f522c95ad18edfe5ed00cf55717ed20a4c503e11c6509bbb9c5c35,audit-20260805T005824+0800,仅元数据,元数据范围,a7f08ca272de9dcb7234332b0131d6378aa503d4bb9695cc09bd6a91f407cea8,未知,未知,未知,未知,未知,未知,未判定（缺少确切研究尺度合同）,未登记,无法判定,无法判定,无法判定,无法判定,无法判定,未判定（未登记到达时间合同）,无法判定,无法判定,717d3a2fd3bae60ec6485365211ee579c49778a4ed9985a2688fb0b288e48214,dq-rules-1.0,e87a78a94478584293d9fb3922bbb91882f48c58a8684db89186175facf03cc2,019010d64fe47d89c81bfaedafd458f1d886025bb34292c0c32eafcfa4392657,efb2f65bdebe435a22a5ff34c0c6f9386c4caee9e497932ab00b218eba116dc1,无法判定,未执行（第一门未通过）,未执行（无决策记录）,无法判定,decision_record_missing,来源身份已登记但没有获批历史决策记录登记；不读取候选正文，不构造样例记录,登记带来源证据的决策编号、决策时点、数据截止时间及三类时间合同；重新生成不可变批次
replay-20260805T012335+0800-3156feb21c31,DS-000263,BTC,ZI-3a9cc5175040973510b7a981,无法判定,source-identity-1.0,c6fc6d2d93ad71039d53bdfac59eba0112b8864c510ee4eeb5c4fd59faf0f107,audit-20260805T005824+0800,仅元数据,元数据范围,a03fee02862c711835aae06c49c1fc7669172955fdd916c51c82c9ad9906b508,未知,未知,未知,未知,未知,未知,未判定（缺少确切研究尺度合同）,未登记,无法判定,无法判定,无法判定,无法判定,无法判定,未判定（未登记到达时间合同）,无法判定,无法判定,717d3a2fd3bae60ec6485365211ee579c49778a4ed9985a2688fb0b288e48214,dq-rules-1.0,e87a78a94478584293d9fb3922bbb91882f48c58a8684db89186175facf03cc2,019010d64fe47d89c81bfaedafd458f1d886025bb34292c0c32eafcfa4392657,4540fd7c7b285c47101b87bc33a19a54b5d05c8fd9e747491159168d1c0baead,无法判定,未执行（第一门未通过）,未执行（无决策记录）,无法判定,decision_record_missing,来源身份已登记但没有获批历史决策记录登记；不读取候选正文，不构造样例记录,登记带来源证据的决策编号、决策时点、数据截止时间及三类时间合同；重新生成不可变批次
replay-20260805T012335+0800-3156feb21c31,DS-000263,ETH,ZI-6aa7f974b25be7596f63688e,无法判定,source-identity-1.0,3ee35d587e6df858c8323ad3244505dc5e80f65cfac5cccb9a8a0e3f191d87af,audit-20260805T005824+0800,仅元数据,元数据范围,a03fee02862c711835aae06c49c1fc7669172955fdd916c51c82c9ad9906b508,未知,未知,未知,未知,未知,未知,未判定（缺少确切研究尺度合同）,未登记,无法判定,无法判定,无法判定,无法判定,无法判定,未判定（未登记到达时间合同）,无法判定,无法判定,717d3a2fd3bae60ec6485365211ee579c49778a4ed9985a2688fb0b288e48214,dq-rules-1.0,e87a78a94478584293d9fb3922bbb91882f48c58a8684db89186175facf03cc2,019010d64fe47d89c81bfaedafd458f1d886025bb34292c0c32eafcfa4392657,5d053ea3d23e2ea4631ac05007ecf0341a827b966200b9a72e1312c82a0a1d4d,无法判定,未执行（第一门未通过）,未执行（无决策记录）,无法判定,decision_record_missing,来源身份已登记但没有获批历史决策记录登记；不读取候选正文，不构造样例记录,登记带来源证据的决策编号、决策时点、数据截止时间及三类时间合同；重新生成不可变批次
replay-20260805T012335+0800-3156feb21c31,DS-000264,BTC,ZI-7a7a75b0b1cbfcb9417167f5,无法判定,source-identity-1.0,f188926ed9477cfd18a77e99b485dfeeee6b2e92533866ee761b9123c7d098f8,audit-20260805T005824+0800,仅元数据,元数据范围,8cb9fb0cdee510da242af15124b2dc6ed6e1b9320e9986561b6e71078918660b,未知,未知,未知,未知,未知,未知,未判定（缺少确切研究尺度合同）,未登记,无法判定,无法判定,无法判定,无法判定,无法判定,未判定（未登记到达时间合同）,无法判定,无法判定,717d3a2fd3bae60ec6485365211ee579c49778a4ed9985a2688fb0b288e48214,dq-rules-1.0,e87a78a94478584293d9fb3922bbb91882f48c58a8684db89186175facf03cc2,019010d64fe47d89c81bfaedafd458f1d886025bb34292c0c32eafcfa4392657,3cc2a656372531dc5f73c961578ad8c8b657f238fd371a148d31328c13dd0685,无法判定,未执行（第一门未通过）,未执行（无决策记录）,无法判定,decision_record_missing,来源身份已登记但没有获批历史决策记录登记；不读取候选正文，不构造样例记录,登记带来源证据的决策编号、决策时点、数据截止时间及三类时间合同；重新生成不可变批次
replay-20260805T012335+0800-3156feb21c31,DS-000264,ETH,ZI-e39661473025820c2f3936e3,无法判定,source-identity-1.0,893c696aac2c23ad79d067227fd1250725fdcd62c867eb42428f16c579bb7d3c,audit-20260805T005824+0800,仅元数据,元数据范围,8cb9fb0cdee510da242af15124b2dc6ed6e1b9320e9986561b6e71078918660b,未知,未知,未知,未知,未知,未知,未判定（缺少确切研究尺度合同）,未登记,无法判定,无法判定,无法判定,无法判定,无法判定,未判定（未登记到达时间合同）,无法判定,无法判定,717d3a2fd3bae60ec6485365211ee579c49778a4ed9985a2688fb0b288e48214,dq-rules-1.0,e87a78a94478584293d9fb3922bbb91882f48c58a8684db89186175facf03cc2,019010d64fe47d89c81bfaedafd458f1d886025bb34292c0c32eafcfa4392657,995a8b6306b23187d3b118c006d0f569a69bdedfe54ed1b4f9ff567585fc98d1,无法判定,未执行（第一门未通过）,未执行（无决策记录）,无法判定,decision_record_missing,来源身份已登记但没有获批历史决策记录登记；不读取候选正文，不构造样例记录,登记带来源证据的决策编号、决策时点、数据截止时间及三类时间合同；重新生成不可变批次
replay-20260805T012335+0800-3156feb21c31,DS-000265,BTC,ZI-03657fc4a6aca5c9bb15a181,无法判定,source-identity-1.0,9a191953c96b61115d56cc5035f3fcc53525a89c6beae4346a2742a8646b43dd,audit-20260805T005824+0800,仅元数据,元数据范围,2cc211286d203f20f591ec1d55ef697aa840af110d0e9a55867a9280c9069ed5,未知,未知,未知,未知,未知,未知,未判定（缺少确切研究尺度合同）,未登记,无法判定,无法判定,无法判定,无法判定,无法判定,未判定（未登记到达时间合同）,无法判定,无法判定,717d3a2fd3bae60ec6485365211ee579c49778a4ed9985a2688fb0b288e48214,dq-rules-1.0,e87a78a94478584293d9fb3922bbb91882f48c58a8684db89186175facf03cc2,019010d64fe47d89c81bfaedafd458f1d886025bb34292c0c32eafcfa4392657,27c97cc3789f315fdff7493f5f8a7ed09f24b0f901846ccef6983038827bd9ac,无法判定,未执行（第一门未通过）,未执行（无决策记录）,无法判定,decision_record_missing,来源身份已登记但没有获批历史决策记录登记；不读取候选正文，不构造样例记录,登记带来源证据的决策编号、决策时点、数据截止时间及三类时间合同；重新生成不可变批次
replay-20260805T012335+0800-3156feb21c31,DS-000265,ETH,ZI-f83c61b1c7dab956125c37c7,无法判定,source-identity-1.0,3355f783e29d7144ee0582bea2bfed802132fe38e2ac69e03479899804ee100d,audit-20260805T005824+0800,仅元数据,元数据范围,2cc211286d203f20f591ec1d55ef697aa840af110d0e9a55867a9280c9069ed5,未知,未知,未知,未知,未知,未知,未判定（缺少确切研究尺度合同）,未登记,无法判定,无法判定,无法判定,无法判定,无法判定,未判定（未登记到达时间合同）,无法判定,无法判定,717d3a2fd3bae60ec6485365211ee579c49778a4ed9985a2688fb0b288e48214,dq-rules-1.0,e87a78a94478584293d9fb3922bbb91882f48c58a8684db89186175facf03cc2,019010d64fe47d89c81bfaedafd458f1d886025bb34292c0c32eafcfa4392657,06aa3e64bace95016cf338d9b987aa1630625b96728e110723cc1ad4dd846a53,无法判定,未执行（第一门未通过）,未执行（无决策记录）,无法判定,decision_record_missing,来源身份已登记但没有获批历史决策记录登记；不读取候选正文，不构造样例记录,登记带来源证据的决策编号、决策时点、数据截止时间及三类时间合同；重新生成不可变批次
replay-20260805T012335+0800-3156feb21c31,DS-000266,BTC,ZI-19c4ddf189f5c49d48d5eb86,无法判定,source-identity-1.0,0303b3aa36870d3c807d6fbf163eb2eef3f2dd6b961ac0abf20d802b1ce7ba73,audit-20260805T005824+0800,仅元数据,元数据范围,95630dbf791578b49cc5b181d774fc9537ee4d74f4796168f330fb7e25a5e0a2,未知,未知,未知,未知,未知,未知,未判定（缺少确切研究尺度合同）,未登记,无法判定,无法判定,无法判定,无法判定,无法判定,未判定（未登记到达时间合同）,无法判定,无法判定,717d3a2fd3bae60ec6485365211ee579c49778a4ed9985a2688fb0b288e48214,dq-rules-1.0,e87a78a94478584293d9fb3922bbb91882f48c58a8684db89186175facf03cc2,019010d64fe47d89c81bfaedafd458f1d886025bb34292c0c32eafcfa4392657,314ec62e57bfa134baf02462dc493e7e26c2f2fcd2ee7d98faff329a7e9e7712,无法判定,未执行（第一门未通过）,未执行（无决策记录）,无法判定,decision_record_missing,来源身份已登记但没有获批历史决策记录登记；不读取候选正文，不构造样例记录,登记带来源证据的决策编号、决策时点、数据截止时间及三类时间合同；重新生成不可变批次
replay-20260805T012335+0800-3156feb21c31,DS-000266,ETH,ZI-93016c2f08434388c8be5de9,无法判定,source-identity-1.0,d5436abdaabe851f16486d5443df93967f663a409ee73b693b08c10fcea50287,audit-20260805T005824+0800,仅元数据,元数据范围,95630dbf791578b49cc5b181d774fc9537ee4d74f4796168f330fb7e25a5e0a2,未知,未知,未知,未知,未知,未知,未判定（缺少确切研究尺度合同）,未登记,无法判定,无法判定,无法判定,无法判定,无法判定,未判定（未登记到达时间合同）,无法判定,无法判定,717d3a2fd3bae60ec6485365211ee579c49778a4ed9985a2688fb0b288e48214,dq-rules-1.0,e87a78a94478584293d9fb3922bbb91882f48c58a8684db89186175facf03cc2,019010d64fe47d89c81bfaedafd458f1d886025bb34292c0c32eafcfa4392657,b0ca51b084beb859a9e769dd2dcde7bfeb564650e1f7cb6368946a1d49fa5a9b,无法判定,未执行（第一门未通过）,未执行（无决策记录）,无法判定,decision_record_missing,来源身份已登记但没有获批历史决策记录登记；不读取候选正文，不构造样例记录,登记带来源证据的决策编号、决策时点、数据截止时间及三类时间合同；重新生成不可变批次
replay-20260805T012335+0800-3156feb21c31,DS-000267,BTC,ZI-c1a07615c0e7fb104e27c6f8,无法判定,source-identity-1.0,11fa89549fdcee7cb80ed7c2e2e5a76d08aa525f766c3f00e7f779c78d0fae64,audit-20260805T005824+0800,仅元数据,元数据范围,c7bbba9f5d59d98587098a2d20dd86b57a57285177bd58f4378074202af21615,未知,未知,未知,未知,未知,未知,未判定（缺少确切研究尺度合同）,未登记,无法判定,无法判定,无法判定,无法判定,无法判定,未判定（未登记到达时间合同）,无法判定,无法判定,717d3a2fd3bae60ec6485365211ee579c49778a4ed9985a2688fb0b288e48214,dq-rules-1.0,e87a78a94478584293d9fb3922bbb91882f48c58a8684db89186175facf03cc2,019010d64fe47d89c81bfaedafd458f1d886025bb34292c0c32eafcfa4392657,09d6c179cc78c8625bc7507f865b170be8010f830be989d6a97d9306227981d8,无法判定,未执行（第一门未通过）,未执行（无决策记录）,无法判定,decision_record_missing,来源身份已登记但没有获批历史决策记录登记；不读取候选正文，不构造样例记录,登记带来源证据的决策编号、决策时点、数据截止时间及三类时间合同；重新生成不可变批次
replay-20260805T012335+0800-3156feb21c31,DS-000267,ETH,ZI-4dc005cfa35f65f4ae1ad906,无法判定,source-identity-1.0,7eae6db79c72e86aa8a5798ee05518cf8f871efceb7c395d0ae6d9d76aebfbbd,audit-20260805T005824+0800,仅元数据,元数据范围,c7bbba9f5d59d98587098a2d20dd86b57a57285177bd58f4378074202af21615,未知,未知,未知,未知,未知,未知,未判定（缺少确切研究尺度合同）,未登记,无法判定,无法判定,无法判定,无法判定,无法判定,未判定（未登记到达时间合同）,无法判定,无法判定,717d3a2fd3bae60ec6485365211ee579c49778a4ed9985a2688fb0b288e48214,dq-rules-1.0,e87a78a94478584293d9fb3922bbb91882f48c58a8684db89186175facf03cc2,019010d64fe47d89c81bfaedafd458f1d886025bb34292c0c32eafcfa4392657,352b6a6365a6c4c93e647418c0bdfb98d65a24e6caf17915d7806547749a1a9b,无法判定,未执行（第一门未通过）,未执行（无决策记录）,无法判定,decision_record_missing,来源身份已登记但没有获批历史决策记录登记；不读取候选正文，不构造样例记录,登记带来源证据的决策编号、决策时点、数据截止时间及三类时间合同；重新生成不可变批次
replay-20260805T012335+0800-3156feb21c31,DS-000268,BTC,ZI-efac29c1e378c8a730565981,无法判定,source-identity-1.0,56d547c28540d04494d2fb847b983acaf0d8dbc89eaa9c6fdccda836ffda70de,audit-20260805T005824+0800,仅元数据,元数据范围,e98599e46bf5525b3da041ec105e5d5b4fdce88b3f47ed345552beadd2567137,未知,未知,未知,未知,未知,未知,未判定（缺少确切研究尺度合同）,未登记,无法判定,无法判定,无法判定,无法判定,无法判定,未判定（未登记到达时间合同）,无法判定,无法判定,717d3a2fd3bae60ec6485365211ee579c49778a4ed9985a2688fb0b288e48214,dq-rules-1.0,e87a78a94478584293d9fb3922bbb91882f48c58a8684db89186175facf03cc2,019010d64fe47d89c81bfaedafd458f1d886025bb34292c0c32eafcfa4392657,155ae3edcd0fcde1033833149abf0d723eae8b2624e62373126ce104f1821e6e,无法判定,未执行（第一门未通过）,未执行（无决策记录）,无法判定,decision_record_missing,来源身份已登记但没有获批历史决策记录登记；不读取候选正文，不构造样例记录,登记带来源证据的决策编号、决策时点、数据截止时间及三类时间合同；重新生成不可变批次
replay-20260805T012335+0800-3156feb21c31,DS-000268,ETH,ZI-827070ff91d17f4ef1f978bb,无法判定,source-identity-1.0,8b9cf338ac60ac69542462c5265a768eee5250bf555e87c823bff07f989c3b68,audit-20260805T005824+0800,仅元数据,元数据范围,e98599e46bf5525b3da041ec105e5d5b4fdce88b3f47ed345552beadd2567137,未知,未知,未知,未知,未知,未知,未判定（缺少确切研究尺度合同）,未登记,无法判定,无法判定,无法判定,无法判定,无法判定,未判定（未登记到达时间合同）,无法判定,无法判定,717d3a2fd3bae60ec6485365211ee579c49778a4ed9985a2688fb0b288e48214,dq-rules-1.0,e87a78a94478584293d9fb3922bbb91882f48c58a8684db89186175facf03cc2,019010d64fe47d89c81bfaedafd458f1d886025bb34292c0c32eafcfa4392657,c0bf17fd5cf2efb8fc899b3b8c39a99f0a3463882130e7c02f6ef3a205c45885,无法判定,未执行（第一门未通过）,未执行（无决策记录）,无法判定,decision_record_missing,来源身份已登记但没有获批历史决策记录登记；不读取候选正文，不构造样例记录,登记带来源证据的决策编号、决策时点、数据截止时间及三类时间合同；重新生成不可变批次
replay-20260805T012335+0800-3156feb21c31,DS-000269,BTC,ZI-4fb67a12a52433fb048d937b,无法判定,source-identity-1.0,5d6c2d1cf129f0396cd900ff5543f37153eef9c3a7e5a3377a97689cf8b95b30,audit-20260805T005824+0800,仅元数据,元数据范围,1111fb81bce6f39f84d944f1c3d4554aaa23383c4683c4ba0d02f2a9f350d154,未知,未知,未知,未知,未知,未知,未判定（缺少确切研究尺度合同）,未登记,无法判定,无法判定,无法判定,无法判定,无法判定,未判定（未登记到达时间合同）,无法判定,无法判定,717d3a2fd3bae60ec6485365211ee579c49778a4ed9985a2688fb0b288e48214,dq-rules-1.0,e87a78a94478584293d9fb3922bbb91882f48c58a8684db89186175facf03cc2,019010d64fe47d89c81bfaedafd458f1d886025bb34292c0c32eafcfa4392657,0b810972eb978b02b1383f43c40940372e0fb53c2fdc630b70a4619a2c6db084,无法判定,未执行（第一门未通过）,未执行（无决策记录）,无法判定,decision_record_missing,来源身份已登记但没有获批历史决策记录登记；不读取候选正文，不构造样例记录,登记带来源证据的决策编号、决策时点、数据截止时间及三类时间合同；重新生成不可变批次
replay-20260805T012335+0800-3156feb21c31,DS-000269,ETH,ZI-d8ee305d7e2a2eaae8afc53b,无法判定,source-identity-1.0,c51c9690bf77c344b698af53d2bb6db5a383582a6ec039cce456139bcfe8dac5,audit-20260805T005824+0800,仅元数据,元数据范围,1111fb81bce6f39f84d944f1c3d4554aaa23383c4683c4ba0d02f2a9f350d154,未知,未知,未知,未知,未知,未知,未判定（缺少确切研究尺度合同）,未登记,无法判定,无法判定,无法判定,无法判定,无法判定,未判定（未登记到达时间合同）,无法判定,无法判定,717d3a2fd3bae60ec6485365211ee579c49778a4ed9985a2688fb0b288e48214,dq-rules-1.0,e87a78a94478584293d9fb3922bbb91882f48c58a8684db89186175facf03cc2,019010d64fe47d89c81bfaedafd458f1d886025bb34292c0c32eafcfa4392657,7d23bb71cbab82891c3a95224f349776d6391e767e62b65d0a5015012dcda4c2,无法判定,未执行（第一门未通过）,未执行（无决策记录）,无法判定,decision_record_missing,来源身份已登记但没有获批历史决策记录登记；不读取候选正文，不构造样例记录,登记带来源证据的决策编号、决策时点、数据截止时间及三类时间合同；重新生成不可变批次
replay-20260805T012335+0800-3156feb21c31,DS-000270,BTC,ZI-2f51fb90c462b515962a8a75,无法判定,source-identity-1.0,ec30650de673bfbe84f470f8e5edc03df0cc6e20cbe454f2278b52c37ff2d655,audit-20260805T005824+0800,仅元数据,元数据范围,9e2374c9fb8d8bf9944da60290ee01df59e85b45710e36850f8a9700b96c1264,未知,未知,未知,未知,未知,未知,未判定（缺少确切研究尺度合同）,未登记,无法判定,无法判定,无法判定,无法判定,无法判定,未判定（未登记到达时间合同）,无法判定,无法判定,717d3a2fd3bae60ec6485365211ee579c49778a4ed9985a2688fb0b288e48214,dq-rules-1.0,e87a78a94478584293d9fb3922bbb91882f48c58a8684db89186175facf03cc2,019010d64fe47d89c81bfaedafd458f1d886025bb34292c0c32eafcfa4392657,8b6e9d05d57a841b84162bc2cf8dc62517d5585875eed23d6fe603558fd13897,无法判定,未执行（第一门未通过）,未执行（无决策记录）,无法判定,decision_record_missing,来源身份已登记但没有获批历史决策记录登记；不读取候选正文，不构造样例记录,登记带来源证据的决策编号、决策时点、数据截止时间及三类时间合同；重新生成不可变批次
replay-20260805T012335+0800-3156feb21c31,DS-000270,ETH,ZI-bb10b091e630f2c5f8d067dc,无法判定,source-identity-1.0,0407f25941eb04e752f5b6039245c92a70573a3a8f3b7cbc14f6e43c13c60806,audit-20260805T005824+0800,仅元数据,元数据范围,9e2374c9fb8d8bf9944da60290ee01df59e85b45710e36850f8a9700b96c1264,未知,未知,未知,未知,未知,未知,未判定（缺少确切研究尺度合同）,未登记,无法判定,无法判定,无法判定,无法判定,无法判定,未判定（未登记到达时间合同）,无法判定,无法判定,717d3a2fd3bae60ec6485365211ee579c49778a4ed9985a2688fb0b288e48214,dq-rules-1.0,e87a78a94478584293d9fb3922bbb91882f48c58a8684db89186175facf03cc2,019010d64fe47d89c81bfaedafd458f1d886025bb34292c0c32eafcfa4392657,a1fff0e0fe033e5c4429604696220df081750e9896b6c6c6e4962158923e314a,无法判定,未执行（第一门未通过）,未执行（无决策记录）,无法判定,decision_record_missing,来源身份已登记但没有获批历史决策记录登记；不读取候选正文，不构造样例记录,登记带来源证据的决策编号、决策时点、数据截止时间及三类时间合同；重新生成不可变批次
replay-20260805T012335+0800-3156feb21c31,DS-000271,BTC,ZI-3edb6b3e4170969b74673238,无法判定,source-identity-1.0,1a87063f66cdc5e440f4d8443b8932ecd11df4ec152dbde73cbfa9f4fe423e42,audit-20260805T005824+0800,仅元数据,元数据范围,36625a4d529a45177ca3de38b66441248641c0f8c46da12f6aa52be896e05e89,未知,未知,未知,未知,未知,未知,未判定（缺少确切研究尺度合同）,未登记,无法判定,无法判定,无法判定,无法判定,无法判定,未判定（未登记到达时间合同）,无法判定,无法判定,717d3a2fd3bae60ec6485365211ee579c49778a4ed9985a2688fb0b288e48214,dq-rules-1.0,e87a78a94478584293d9fb3922bbb91882f48c58a8684db89186175facf03cc2,019010d64fe47d89c81bfaedafd458f1d886025bb34292c0c32eafcfa4392657,20f6052b79731eba8fa28eca9f9be41c3dd2bd1d179bdecea53252bb792691aa,无法判定,未执行（第一门未通过）,未执行（无决策记录）,无法判定,decision_record_missing,来源身份已登记但没有获批历史决策记录登记；不读取候选正文，不构造样例记录,登记带来源证据的决策编号、决策时点、数据截止时间及三类时间合同；重新生成不可变批次
replay-20260805T012335+0800-3156feb21c31,DS-000271,ETH,ZI-17ba1f1ac29398cf97340b28,无法判定,source-identity-1.0,81c639952a3705bd1d39e776655738e98563366c1439476c73f3c0de2bb2f757,audit-20260805T005824+0800,仅元数据,元数据范围,36625a4d529a45177ca3de38b66441248641c0f8c46da12f6aa52be896e05e89,未知,未知,未知,未知,未知,未知,未判定（缺少确切研究尺度合同）,未登记,无法判定,无法判定,无法判定,无法判定,无法判定,未判定（未登记到达时间合同）,无法判定,无法判定,717d3a2fd3bae60ec6485365211ee579c49778a4ed9985a2688fb0b288e48214,dq-rules-1.0,e87a78a94478584293d9fb3922bbb91882f48c58a8684db89186175facf03cc2,019010d64fe47d89c81bfaedafd458f1d886025bb34292c0c32eafcfa4392657,f0fe10b433bf73f2a9996d498761f1c8b8c036605e1ca969322c957a39a67c7d,无法判定,未执行（第一门未通过）,未执行（无决策记录）,无法判定,decision_record_missing,来源身份已登记但没有获批历史决策记录登记；不读取候选正文，不构造样例记录,登记带来源证据的决策编号、决策时点、数据截止时间及三类时间合同；重新生成不可变批次
replay-20260805T012335+0800-3156feb21c31,DS-000272,BTC,ZI-9a7966ad0c01a9ec001f8d58,无法判定,source-identity-1.0,1c76586622c831d0cdb729ec40fdac2472267b6e2068774fd6bf0a031625a13b,audit-20260805T005824+0800,仅元数据,元数据范围,8ed200c07147689e9cc590affdfef7e9b3182e147da031ea7043117746c4ea6c,未知,未知,未知,未知,未知,未知,未判定（缺少确切研究尺度合同）,未登记,无法判定,无法判定,无法判定,无法判定,无法判定,未判定（未登记到达时间合同）,无法判定,无法判定,717d3a2fd3bae60ec6485365211ee579c49778a4ed9985a2688fb0b288e48214,dq-rules-1.0,e87a78a94478584293d9fb3922bbb91882f48c58a8684db89186175facf03cc2,019010d64fe47d89c81bfaedafd458f1d886025bb34292c0c32eafcfa4392657,4d131510c80055ee1168326ced70dbc83c0c166fbc941e09da8596988837110c,无法判定,未执行（第一门未通过）,未执行（无决策记录）,无法判定,decision_record_missing,来源身份已登记但没有获批历史决策记录登记；不读取候选正文，不构造样例记录,登记带来源证据的决策编号、决策时点、数据截止时间及三类时间合同；重新生成不可变批次
replay-20260805T012335+0800-3156feb21c31,DS-000272,ETH,ZI-eebaaf0844841bd1a3649f6c,无法判定,source-identity-1.0,377c772e9339e122a9e9c10b92dd4339169a124e6166d9ce27d2a1a57606c16c,audit-20260805T005824+0800,仅元数据,元数据范围,8ed200c07147689e9cc590affdfef7e9b3182e147da031ea7043117746c4ea6c,未知,未知,未知,未知,未知,未知,未判定（缺少确切研究尺度合同）,未登记,无法判定,无法判定,无法判定,无法判定,无法判定,未判定（未登记到达时间合同）,无法判定,无法判定,717d3a2fd3bae60ec6485365211ee579c49778a4ed9985a2688fb0b288e48214,dq-rules-1.0,e87a78a94478584293d9fb3922bbb91882f48c58a8684db89186175facf03cc2,019010d64fe47d89c81bfaedafd458f1d886025bb34292c0c32eafcfa4392657,aa00f726e68aa5e632c57ef095f4fa39942a475e05bb6d261d64deb21fd77d88,无法判定,未执行（第一门未通过）,未执行（无决策记录）,无法判定,decision_record_missing,来源身份已登记但没有获批历史决策记录登记；不读取候选正文，不构造样例记录,登记带来源证据的决策编号、决策时点、数据截止时间及三类时间合同；重新生成不可变批次
replay-20260805T012335+0800-3156feb21c31,DS-000273,BTC,ZI-eb2c5c93c282316b61a4ff30,无法判定,source-identity-1.0,f1b63075a21a1ff59d975ab08badba68253dc6cd50b83a0763a1a4bd7ddcfbea,audit-20260805T005824+0800,仅元数据,元数据范围,3cff26d4769bffb2f4d77540092d08402c18d7fa9a11e8ba21c6b22b030502e3,未知,未知,未知,未知,未知,未知,未判定（缺少确切研究尺度合同）,未登记,无法判定,无法判定,无法判定,无法判定,无法判定,未判定（未登记到达时间合同）,无法判定,无法判定,717d3a2fd3bae60ec6485365211ee579c49778a4ed9985a2688fb0b288e48214,dq-rules-1.0,e87a78a94478584293d9fb3922bbb91882f48c58a8684db89186175facf03cc2,019010d64fe47d89c81bfaedafd458f1d886025bb34292c0c32eafcfa4392657,28a95f7d892b29ddf36c9bcbf27cb23b98c1b53a22bab582bfa8c58b59f1e013,无法判定,未执行（第一门未通过）,未执行（无决策记录）,无法判定,decision_record_missing,来源身份已登记但没有获批历史决策记录登记；不读取候选正文，不构造样例记录,登记带来源证据的决策编号、决策时点、数据截止时间及三类时间合同；重新生成不可变批次
replay-20260805T012335+0800-3156feb21c31,DS-000273,ETH,ZI-a80e072df8f612821d6e6d49,无法判定,source-identity-1.0,b3ec22965dd28616dea0a8250386cef291e96d222f1439323d98a46b46a45cc7,audit-20260805T005824+0800,仅元数据,元数据范围,3cff26d4769bffb2f4d77540092d08402c18d7fa9a11e8ba21c6b22b030502e3,未知,未知,未知,未知,未知,未知,未判定（缺少确切研究尺度合同）,未登记,无法判定,无法判定,无法判定,无法判定,无法判定,未判定（未登记到达时间合同）,无法判定,无法判定,717d3a2fd3bae60ec6485365211ee579c49778a4ed9985a2688fb0b288e48214,dq-rules-1.0,e87a78a94478584293d9fb3922bbb91882f48c58a8684db89186175facf03cc2,019010d64fe47d89c81bfaedafd458f1d886025bb34292c0c32eafcfa4392657,58881ff05718c9208008137521f3f2006fc21143b2b7f8d0b4a126907c38af27,无法判定,未执行（第一门未通过）,未执行（无决策记录）,无法判定,decision_record_missing,来源身份已登记但没有获批历史决策记录登记；不读取候选正文，不构造样例记录,登记带来源证据的决策编号、决策时点、数据截止时间及三类时间合同；重新生成不可变批次
replay-20260805T012335+0800-3156feb21c31,DS-000274,BTC,ZI-c005be10dde98908c70e6d5b,无法判定,source-identity-1.0,8a93ae670a9ff59de2ce1c53357b2e84e881251d015dd3d11706f571ce54e3b8,audit-20260805T005824+0800,仅元数据,元数据范围,dc72e02f3d5025b24b22b64823625d97300834696ace954d7cdb3a68e26a1e81,未知,未知,未知,未知,未知,未知,未判定（缺少确切研究尺度合同）,未登记,无法判定,无法判定,无法判定,无法判定,无法判定,未判定（未登记到达时间合同）,无法判定,无法判定,717d3a2fd3bae60ec6485365211ee579c49778a4ed9985a2688fb0b288e48214,dq-rules-1.0,e87a78a94478584293d9fb3922bbb91882f48c58a8684db89186175facf03cc2,019010d64fe47d89c81bfaedafd458f1d886025bb34292c0c32eafcfa4392657,dbb88b97b4586d054fff8e8da56135a317d9bcd4e9f64c9d108d726008be9be3,无法判定,未执行（第一门未通过）,未执行（无决策记录）,无法判定,decision_record_missing,来源身份已登记但没有获批历史决策记录登记；不读取候选正文，不构造样例记录,登记带来源证据的决策编号、决策时点、数据截止时间及三类时间合同；重新生成不可变批次
replay-20260805T012335+0800-3156feb21c31,DS-000274,ETH,ZI-3f44a87d788d10b95a30c249,无法判定,source-identity-1.0,9530955b68b71a06fd6e5dfcc8dc6b066b2034ff34e02db414e36f4b7b0b9ee0,audit-20260805T005824+0800,仅元数据,元数据范围,dc72e02f3d5025b24b22b64823625d97300834696ace954d7cdb3a68e26a1e81,未知,未知,未知,未知,未知,未知,未判定（缺少确切研究尺度合同）,未登记,无法判定,无法判定,无法判定,无法判定,无法判定,未判定（未登记到达时间合同）,无法判定,无法判定,717d3a2fd3bae60ec6485365211ee579c49778a4ed9985a2688fb0b288e48214,dq-rules-1.0,e87a78a94478584293d9fb3922bbb91882f48c58a8684db89186175facf03cc2,019010d64fe47d89c81bfaedafd458f1d886025bb34292c0c32eafcfa4392657,3b7aee231c203ce9efd7c892323ff792442e3478cb38045c33d415ca7b4302e4,无法判定,未执行（第一门未通过）,未执行（无决策记录）,无法判定,decision_record_missing,来源身份已登记但没有获批历史决策记录登记；不读取候选正文，不构造样例记录,登记带来源证据的决策编号、决策时点、数据截止时间及三类时间合同；重新生成不可变批次
replay-20260805T012335+0800-3156feb21c31,DS-000275,BTC,ZI-e764442e3e2fb3921a8a3d6c,无法判定,source-identity-1.0,370429a8d284ba377b55571aba89ec424a0e31354ecce8582a6ee2947d9e5c24,audit-20260805T005824+0800,仅元数据,元数据范围,dd966674608f6f7269d19aba82ac692e11ff958b486119411b8a2482182493f1,未知,未知,未知,未知,未知,未知,未判定（缺少确切研究尺度合同）,未登记,无法判定,无法判定,无法判定,无法判定,无法判定,未判定（未登记到达时间合同）,无法判定,无法判定,717d3a2fd3bae60ec6485365211ee579c49778a4ed9985a2688fb0b288e48214,dq-rules-1.0,e87a78a94478584293d9fb3922bbb91882f48c58a8684db89186175facf03cc2,019010d64fe47d89c81bfaedafd458f1d886025bb34292c0c32eafcfa4392657,9800d361107e43a1bcae9f0851f8a5a1fd57aaeac04f1f2ba9df860359fc45f3,无法判定,未执行（第一门未通过）,未执行（无决策记录）,无法判定,decision_record_missing,来源身份已登记但没有获批历史决策记录登记；不读取候选正文，不构造样例记录,登记带来源证据的决策编号、决策时点、数据截止时间及三类时间合同；重新生成不可变批次
replay-20260805T012335+0800-3156feb21c31,DS-000275,ETH,ZI-62772b32407692854e1b95ac,无法判定,source-identity-1.0,d84adfdbe2ce0374c11d68236265b31f589ba30dee9a5fc646916b145fa83ec6,audit-20260805T005824+0800,仅元数据,元数据范围,dd966674608f6f7269d19aba82ac692e11ff958b486119411b8a2482182493f1,未知,未知,未知,未知,未知,未知,未判定（缺少确切研究尺度合同）,未登记,无法判定,无法判定,无法判定,无法判定,无法判定,未判定（未登记到达时间合同）,无法判定,无法判定,717d3a2fd3bae60ec6485365211ee579c49778a4ed9985a2688fb0b288e48214,dq-rules-1.0,e87a78a94478584293d9fb3922bbb91882f48c58a8684db89186175facf03cc2,019010d64fe47d89c81bfaedafd458f1d886025bb34292c0c32eafcfa4392657,4889903bdfd8df12f56c69c8ab77b47bf9041e1f9347654fb2bac2017a890c24,无法判定,未执行（第一门未通过）,未执行（无决策记录）,无法判定,decision_record_missing,来源身份已登记但没有获批历史决策记录登记；不读取候选正文，不构造样例记录,登记带来源证据的决策编号、决策时点、数据截止时间及三类时间合同；重新生成不可变批次
replay-20260805T012335+0800-3156feb21c31,DS-000276,BTC,ZI-5fede2bc330f560e5f877502,无法判定,source-identity-1.0,4f13dbcbb66777b0258f94d616935384d48c756ac327553d3dd2ba812aa9dfd7,audit-20260805T005824+0800,仅元数据,元数据范围,f2fc34f541659f442b46ed1600d644c39ad12b9094773c717210460a5ca0d361,未知,未知,未知,未知,未知,未知,未判定（缺少确切研究尺度合同）,未登记,无法判定,无法判定,无法判定,无法判定,无法判定,未判定（未登记到达时间合同）,无法判定,无法判定,717d3a2fd3bae60ec6485365211ee579c49778a4ed9985a2688fb0b288e48214,dq-rules-1.0,e87a78a94478584293d9fb3922bbb91882f48c58a8684db89186175facf03cc2,019010d64fe47d89c81bfaedafd458f1d886025bb34292c0c32eafcfa4392657,27a3e39505fb3135b2e9989039782b9217766063850b08d56c00d0cd81f20c75,无法判定,未执行（第一门未通过）,未执行（无决策记录）,无法判定,decision_record_missing,来源身份已登记但没有获批历史决策记录登记；不读取候选正文，不构造样例记录,登记带来源证据的决策编号、决策时点、数据截止时间及三类时间合同；重新生成不可变批次
replay-20260805T012335+0800-3156feb21c31,DS-000276,ETH,ZI-4a98d425a04a5267f443db5e,无法判定,source-identity-1.0,212a06dc9fecd5025b9a7142361dbd8087ed0f56a5682337b3ea9ee1a0587be9,audit-20260805T005824+0800,仅元数据,元数据范围,f2fc34f541659f442b46ed1600d644c39ad12b9094773c717210460a5ca0d361,未知,未知,未知,未知,未知,未知,未判定（缺少确切研究尺度合同）,未登记,无法判定,无法判定,无法判定,无法判定,无法判定,未判定（未登记到达时间合同）,无法判定,无法判定,717d3a2fd3bae60ec6485365211ee579c49778a4ed9985a2688fb0b288e48214,dq-rules-1.0,e87a78a94478584293d9fb3922bbb91882f48c58a8684db89186175facf03cc2,019010d64fe47d89c81bfaedafd458f1d886025bb34292c0c32eafcfa4392657,7bd8351c9231c73a6c8e6717f5ed863b5486c4085a5aacef5ab08db4b13f946f,无法判定,未执行（第一门未通过）,未执行（无决策记录）,无法判定,decision_record_missing,来源身份已登记但没有获批历史决策记录登记；不读取候选正文，不构造样例记录,登记带来源证据的决策编号、决策时点、数据截止时间及三类时间合同；重新生成不可变批次
replay-20260805T012335+0800-3156feb21c31,DS-000277,BTC,ZI-502d6291fb7602ba575b4506,无法判定,source-identity-1.0,09ffe02f7a66f3eb7ea3b650fdb2634a507b1e1b512c445460de4d7cfbfd3f19,audit-20260805T005824+0800,仅元数据,元数据范围,ea85a50faf5a44f67ce299672321ab1bd37424909ef5827754fe7719463bdb75,未知,未知,未知,未知,未知,未知,未判定（缺少确切研究尺度合同）,未登记,无法判定,无法判定,无法判定,无法判定,无法判定,未判定（未登记到达时间合同）,无法判定,无法判定,717d3a2fd3bae60ec6485365211ee579c49778a4ed9985a2688fb0b288e48214,dq-rules-1.0,e87a78a94478584293d9fb3922bbb91882f48c58a8684db89186175facf03cc2,019010d64fe47d89c81bfaedafd458f1d886025bb34292c0c32eafcfa4392657,45b9faaf66cd45ec5f6be9af07e5691fb8244aacf1476266fff51f07a3119fd0,无法判定,未执行（第一门未通过）,未执行（无决策记录）,无法判定,decision_record_missing,来源身份已登记但没有获批历史决策记录登记；不读取候选正文，不构造样例记录,登记带来源证据的决策编号、决策时点、数据截止时间及三类时间合同；重新生成不可变批次
replay-20260805T012335+0800-3156feb21c31,DS-000277,ETH,ZI-8c6daa7a9cd03f72c0bb230c,无法判定,source-identity-1.0,67ea423fd0e1c578bcb909493aeb0ee0f0a56f3830225a76d00e2923d257319b,audit-20260805T005824+0800,仅元数据,元数据范围,ea85a50faf5a44f67ce299672321ab1bd37424909ef5827754fe7719463bdb75,未知,未知,未知,未知,未知,未知,未判定（缺少确切研究尺度合同）,未登记,无法判定,无法判定,无法判定,无法判定,无法判定,未判定（未登记到达时间合同）,无法判定,无法判定,717d3a2fd3bae60ec6485365211ee579c49778a4ed9985a2688fb0b288e48214,dq-rules-1.0,e87a78a94478584293d9fb3922bbb91882f48c58a8684db89186175facf03cc2,019010d64fe47d89c81bfaedafd458f1d886025bb34292c0c32eafcfa4392657,498ef33b9b72f94f561cd3d64543faeb6ff762b9e0b9980354a285db6b105852,无法判定,未执行（第一门未通过）,未执行（无决策记录）,无法判定,decision_record_missing,来源身份已登记但没有获批历史决策记录登记；不读取候选正文，不构造样例记录,登记带来源证据的决策编号、决策时点、数据截止时间及三类时间合同；重新生成不可变批次
replay-20260805T012335+0800-3156feb21c31,DS-000278,BTC,ZI-32008303cccdd6eb958789ce,无法判定,source-identity-1.0,d8043c006a36d307c3aa6703bfbbde089b6841ec411a2ce3ca8e549932244bd9,audit-20260805T005824+0800,仅元数据,元数据范围,b54880254a8423695f01059b38e78078773bda9d41db1804b9288a8251b542e2,未知,未知,未知,未知,未知,未知,未判定（缺少确切研究尺度合同）,未登记,无法判定,无法判定,无法判定,无法判定,无法判定,未判定（未登记到达时间合同）,无法判定,无法判定,717d3a2fd3bae60ec6485365211ee579c49778a4ed9985a2688fb0b288e48214,dq-rules-1.0,e87a78a94478584293d9fb3922bbb91882f48c58a8684db89186175facf03cc2,019010d64fe47d89c81bfaedafd458f1d886025bb34292c0c32eafcfa4392657,2ba9549747acf3442da5de261fdcefc46500a2727883b8d4080d9b8b87f5c190,无法判定,未执行（第一门未通过）,未执行（无决策记录）,无法判定,decision_record_missing,来源身份已登记但没有获批历史决策记录登记；不读取候选正文，不构造样例记录,登记带来源证据的决策编号、决策时点、数据截止时间及三类时间合同；重新生成不可变批次
replay-20260805T012335+0800-3156feb21c31,DS-000278,ETH,ZI-f5038d3566b0a032bcaf46c3,无法判定,source-identity-1.0,4c0ac3b2d5865cb77db168573cbf164bb4cf6af895daad895bf97530c558b626,audit-20260805T005824+0800,仅元数据,元数据范围,b54880254a8423695f01059b38e78078773bda9d41db1804b9288a8251b542e2,未知,未知,未知,未知,未知,未知,未判定（缺少确切研究尺度合同）,未登记,无法判定,无法判定,无法判定,无法判定,无法判定,未判定（未登记到达时间合同）,无法判定,无法判定,717d3a2fd3bae60ec6485365211ee579c49778a4ed9985a2688fb0b288e48214,dq-rules-1.0,e87a78a94478584293d9fb3922bbb91882f48c58a8684db89186175facf03cc2,019010d64fe47d89c81bfaedafd458f1d886025bb34292c0c32eafcfa4392657,e86c779ed40b18f6680b4553be32f958ee57971d2c834de26b6d06ea4631e281,无法判定,未执行（第一门未通过）,未执行（无决策记录）,无法判定,decision_record_missing,来源身份已登记但没有获批历史决策记录登记；不读取候选正文，不构造样例记录,登记带来源证据的决策编号、决策时点、数据截止时间及三类时间合同；重新生成不可变批次
replay-20260805T012335+0800-3156feb21c31,DS-000279,BTC,ZI-d901d9e5d0e680855139a4e7,无法判定,source-identity-1.0,a74fc57a2840678d32951a4595182aa4eb5c598504bd9168eca9b98ccd4a0e67,audit-20260805T005824+0800,仅元数据,元数据范围,fe671f889511eec098a6c171953449101ab9a9ca6434460953b43b3a80039c01,未知,未知,未知,未知,未知,未知,未判定（缺少确切研究尺度合同）,未登记,无法判定,无法判定,无法判定,无法判定,无法判定,未判定（未登记到达时间合同）,无法判定,无法判定,717d3a2fd3bae60ec6485365211ee579c49778a4ed9985a2688fb0b288e48214,dq-rules-1.0,e87a78a94478584293d9fb3922bbb91882f48c58a8684db89186175facf03cc2,019010d64fe47d89c81bfaedafd458f1d886025bb34292c0c32eafcfa4392657,23e2ae15167c592219822732cf4d5123c68933a056ba6ab5018c34de8f917427,无法判定,未执行（第一门未通过）,未执行（无决策记录）,无法判定,decision_record_missing,来源身份已登记但没有获批历史决策记录登记；不读取候选正文，不构造样例记录,登记带来源证据的决策编号、决策时点、数据截止时间及三类时间合同；重新生成不可变批次
replay-20260805T012335+0800-3156feb21c31,DS-000279,ETH,ZI-99863edc37bbc5802f2709fe,无法判定,source-identity-1.0,bba6a19349a5d2f0c349a460302a578ea419fd5ffb68f4cadc16bccbd2d17e56,audit-20260805T005824+0800,仅元数据,元数据范围,fe671f889511eec098a6c171953449101ab9a9ca6434460953b43b3a80039c01,未知,未知,未知,未知,未知,未知,未判定（缺少确切研究尺度合同）,未登记,无法判定,无法判定,无法判定,无法判定,无法判定,未判定（未登记到达时间合同）,无法判定,无法判定,717d3a2fd3bae60ec6485365211ee579c49778a4ed9985a2688fb0b288e48214,dq-rules-1.0,e87a78a94478584293d9fb3922bbb91882f48c58a8684db89186175facf03cc2,019010d64fe47d89c81bfaedafd458f1d886025bb34292c0c32eafcfa4392657,96ec72532abbf71301ee473a7c469fcf21d6304792d3d7720c5ccec82a8e584c,无法判定,未执行（第一门未通过）,未执行（无决策记录）,无法判定,decision_record_missing,来源身份已登记但没有获批历史决策记录登记；不读取候选正文，不构造样例记录,登记带来源证据的决策编号、决策时点、数据截止时间及三类时间合同；重新生成不可变批次
replay-20260805T012335+0800-3156feb21c31,DS-000280,BTC,ZI-9310dae99e845f2c611ff84d,无法判定,source-identity-1.0,dd3c678a829ca9923275f571a0204b5d5aab7fd5d6f3115576ed28bc0fae3173,audit-20260805T005824+0800,仅元数据,元数据范围,aba5da11ddd3701d02d3623da4a55953826babfc8e26ed826a1c8542c7d44242,未知,未知,未知,未知,未知,未知,未判定（缺少确切研究尺度合同）,未登记,无法判定,无法判定,无法判定,无法判定,无法判定,未判定（未登记到达时间合同）,无法判定,无法判定,717d3a2fd3bae60ec6485365211ee579c49778a4ed9985a2688fb0b288e48214,dq-rules-1.0,e87a78a94478584293d9fb3922bbb91882f48c58a8684db89186175facf03cc2,019010d64fe47d89c81bfaedafd458f1d886025bb34292c0c32eafcfa4392657,b82bf607afa16a88434985777379c36668ba7000184cc205cc375e74c139280c,无法判定,未执行（第一门未通过）,未执行（无决策记录）,无法判定,decision_record_missing,来源身份已登记但没有获批历史决策记录登记；不读取候选正文，不构造样例记录,登记带来源证据的决策编号、决策时点、数据截止时间及三类时间合同；重新生成不可变批次
replay-20260805T012335+0800-3156feb21c31,DS-000280,ETH,ZI-4838a8566ae6f1897291aaa8,无法判定,source-identity-1.0,2fae953d5b61c109e50becea59e23e6e439fa4ed3a6fdc563d10b2e2efe7c63a,audit-20260805T005824+0800,仅元数据,元数据范围,aba5da11ddd3701d02d3623da4a55953826babfc8e26ed826a1c8542c7d44242,未知,未知,未知,未知,未知,未知,未判定（缺少确切研究尺度合同）,未登记,无法判定,无法判定,无法判定,无法判定,无法判定,未判定（未登记到达时间合同）,无法判定,无法判定,717d3a2fd3bae60ec6485365211ee579c49778a4ed9985a2688fb0b288e48214,dq-rules-1.0,e87a78a94478584293d9fb3922bbb91882f48c58a8684db89186175facf03cc2,019010d64fe47d89c81bfaedafd458f1d886025bb34292c0c32eafcfa4392657,a9257f3ab8aceb91187b4d10c12aa3bb11bbc971fccd5a2beb85ddfdaa8de420,无法判定,未执行（第一门未通过）,未执行（无决策记录）,无法判定,decision_record_missing,来源身份已登记但没有获批历史决策记录登记；不读取候选正文，不构造样例记录,登记带来源证据的决策编号、决策时点、数据截止时间及三类时间合同；重新生成不可变批次
replay-20260805T012335+0800-3156feb21c31,DS-000281,BTC,ZI-25c83899a04421177c29eae2,无法判定,source-identity-1.0,4ab558b8dd1be52d0fea3c71384a269c147e21c0a8cd4fe1bc875d616ee58ee6,audit-20260805T005824+0800,仅元数据,元数据范围,aa0a4d01b527068e6622a760c2b5291057357115534804cc3f7f460a7da0113e,未知,未知,未知,未知,未知,未知,未判定（缺少确切研究尺度合同）,未登记,无法判定,无法判定,无法判定,无法判定,无法判定,未判定（未登记到达时间合同）,无法判定,无法判定,717d3a2fd3bae60ec6485365211ee579c49778a4ed9985a2688fb0b288e48214,dq-rules-1.0,e87a78a94478584293d9fb3922bbb91882f48c58a8684db89186175facf03cc2,019010d64fe47d89c81bfaedafd458f1d886025bb34292c0c32eafcfa4392657,694b75a375fc082e28ed4ce97493fd8c6ee3ca406c2af970c8fd5ab2a6e14a5e,无法判定,未执行（第一门未通过）,未执行（无决策记录）,无法判定,decision_record_missing,来源身份已登记但没有获批历史决策记录登记；不读取候选正文，不构造样例记录,登记带来源证据的决策编号、决策时点、数据截止时间及三类时间合同；重新生成不可变批次
replay-20260805T012335+0800-3156feb21c31,DS-000281,ETH,ZI-ac1a52eb589873b5de99bc78,无法判定,source-identity-1.0,983a97966f3eebddadaa75c0936ab5645fd625acf3cd0b8f98af4d4023dd638c,audit-20260805T005824+0800,仅元数据,元数据范围,aa0a4d01b527068e6622a760c2b5291057357115534804cc3f7f460a7da0113e,未知,未知,未知,未知,未知,未知,未判定（缺少确切研究尺度合同）,未登记,无法判定,无法判定,无法判定,无法判定,无法判定,未判定（未登记到达时间合同）,无法判定,无法判定,717d3a2fd3bae60ec6485365211ee579c49778a4ed9985a2688fb0b288e48214,dq-rules-1.0,e87a78a94478584293d9fb3922bbb91882f48c58a8684db89186175facf03cc2,019010d64fe47d89c81bfaedafd458f1d886025bb34292c0c32eafcfa4392657,bfe5294ae47ece9cde19623e6bd3efc586630b8c984a1aeb13a3e227a2bb5121,无法判定,未执行（第一门未通过）,未执行（无决策记录）,无法判定,decision_record_missing,来源身份已登记但没有获批历史决策记录登记；不读取候选正文，不构造样例记录,登记带来源证据的决策编号、决策时点、数据截止时间及三类时间合同；重新生成不可变批次
replay-20260805T012335+0800-3156feb21c31,DS-000282,BTC,ZI-5863cb2f07c35ad0b6171bf6,无法判定,source-identity-1.0,dca27a4df6b980326bf4c883e890d4786ef2046408716f29b78266ac4f69829b,audit-20260805T005824+0800,仅元数据,元数据范围,594bdce2df6892524ee9095f7fff0922b5fd40ca82623bb8f90aa29fdd4b0733,未知,未知,未知,未知,未知,未知,未判定（缺少确切研究尺度合同）,未登记,无法判定,无法判定,无法判定,无法判定,无法判定,未判定（未登记到达时间合同）,无法判定,无法判定,717d3a2fd3bae60ec6485365211ee579c49778a4ed9985a2688fb0b288e48214,dq-rules-1.0,e87a78a94478584293d9fb3922bbb91882f48c58a8684db89186175facf03cc2,019010d64fe47d89c81bfaedafd458f1d886025bb34292c0c32eafcfa4392657,ceaae30ab85921b6e0f4e48a62526ba77f787c632182200798058b7bec5cf05d,无法判定,未执行（第一门未通过）,未执行（无决策记录）,无法判定,decision_record_missing,来源身份已登记但没有获批历史决策记录登记；不读取候选正文，不构造样例记录,登记带来源证据的决策编号、决策时点、数据截止时间及三类时间合同；重新生成不可变批次
replay-20260805T012335+0800-3156feb21c31,DS-000282,ETH,ZI-bb8a6e82da48e6ac96cf106f,无法判定,source-identity-1.0,e02fc97ebf31c64e2189aa651bd7e6d3c974fa3cbe9259bfd52e82f9f764d278,audit-20260805T005824+0800,仅元数据,元数据范围,594bdce2df6892524ee9095f7fff0922b5fd40ca82623bb8f90aa29fdd4b0733,未知,未知,未知,未知,未知,未知,未判定（缺少确切研究尺度合同）,未登记,无法判定,无法判定,无法判定,无法判定,无法判定,未判定（未登记到达时间合同）,无法判定,无法判定,717d3a2fd3bae60ec6485365211ee579c49778a4ed9985a2688fb0b288e48214,dq-rules-1.0,e87a78a94478584293d9fb3922bbb91882f48c58a8684db89186175facf03cc2,019010d64fe47d89c81bfaedafd458f1d886025bb34292c0c32eafcfa4392657,821ca4297362657f4db43f8b31c7349eb8c769432dd2bd8e6a9fc305d7b3d9a6,无法判定,未执行（第一门未通过）,未执行（无决策记录）,无法判定,decision_record_missing,来源身份已登记但没有获批历史决策记录登记；不读取候选正文，不构造样例记录,登记带来源证据的决策编号、决策时点、数据截止时间及三类时间合同；重新生成不可变批次
replay-20260805T012335+0800-3156feb21c31,DS-000283,BTC,ZI-115332fe0b53164582e6b5c9,无法判定,source-identity-1.0,f8e8aa5fc2cf3a7aad86ddb081c63e3ee94f1a9b47d7bb4b8ef9b9333128f4bb,audit-20260805T005824+0800,仅元数据,元数据范围,40d9b504ed9aa25f35a56686d899bfa51b10bd38c1c4772b143f37adc6de87ae,未知,未知,未知,未知,未知,未知,未判定（缺少确切研究尺度合同）,未登记,无法判定,无法判定,无法判定,无法判定,无法判定,未判定（未登记到达时间合同）,无法判定,无法判定,717d3a2fd3bae60ec6485365211ee579c49778a4ed9985a2688fb0b288e48214,dq-rules-1.0,e87a78a94478584293d9fb3922bbb91882f48c58a8684db89186175facf03cc2,019010d64fe47d89c81bfaedafd458f1d886025bb34292c0c32eafcfa4392657,d222c94ca7340ee88bae3f5e400cd5a890994d353dd89480a062d85115b40cbb,无法判定,未执行（第一门未通过）,未执行（无决策记录）,无法判定,decision_record_missing,来源身份已登记但没有获批历史决策记录登记；不读取候选正文，不构造样例记录,登记带来源证据的决策编号、决策时点、数据截止时间及三类时间合同；重新生成不可变批次
replay-20260805T012335+0800-3156feb21c31,DS-000283,ETH,ZI-b6f9c3dac81cba3b88c55ccc,无法判定,source-identity-1.0,07dfd1a9c5bfbba834136c233e1d6859c61bdf3e41dcc9208db1b18b12b97734,audit-20260805T005824+0800,仅元数据,元数据范围,40d9b504ed9aa25f35a56686d899bfa51b10bd38c1c4772b143f37adc6de87ae,未知,未知,未知,未知,未知,未知,未判定（缺少确切研究尺度合同）,未登记,无法判定,无法判定,无法判定,无法判定,无法判定,未判定（未登记到达时间合同）,无法判定,无法判定,717d3a2fd3bae60ec6485365211ee579c49778a4ed9985a2688fb0b288e48214,dq-rules-1.0,e87a78a94478584293d9fb3922bbb91882f48c58a8684db89186175facf03cc2,019010d64fe47d89c81bfaedafd458f1d886025bb34292c0c32eafcfa4392657,4571ce2f19fd18645ddd789a23cf28ab457acb984aa333d7a00c495e8ae93c90,无法判定,未执行（第一门未通过）,未执行（无决策记录）,无法判定,decision_record_missing,来源身份已登记但没有获批历史决策记录登记；不读取候选正文，不构造样例记录,登记带来源证据的决策编号、决策时点、数据截止时间及三类时间合同；重新生成不可变批次
replay-20260805T012335+0800-3156feb21c31,DS-000284,BTC,ZI-e9e8a22d61190954369afd29,无法判定,source-identity-1.0,4a4773334ed465cb28e844505682033524ca6636f67ab408e0f758017cc16c86,audit-20260805T005824+0800,仅元数据,元数据范围,77d31e19568d9699b5151ab47f0c1265d31eadfe8a8fb01e7896f1a43142062b,未知,未知,未知,未知,未知,未知,未判定（缺少确切研究尺度合同）,未登记,无法判定,无法判定,无法判定,无法判定,无法判定,未判定（未登记到达时间合同）,无法判定,无法判定,717d3a2fd3bae60ec6485365211ee579c49778a4ed9985a2688fb0b288e48214,dq-rules-1.0,e87a78a94478584293d9fb3922bbb91882f48c58a8684db89186175facf03cc2,019010d64fe47d89c81bfaedafd458f1d886025bb34292c0c32eafcfa4392657,75ab1e5c28fd688d80668212f91dbf69452671b4278794e8b85d48333c8b7b03,无法判定,未执行（第一门未通过）,未执行（无决策记录）,无法判定,decision_record_missing,来源身份已登记但没有获批历史决策记录登记；不读取候选正文，不构造样例记录,登记带来源证据的决策编号、决策时点、数据截止时间及三类时间合同；重新生成不可变批次
replay-20260805T012335+0800-3156feb21c31,DS-000284,ETH,ZI-33515fc4212b910c8704867b,无法判定,source-identity-1.0,074922784af18cf47e776876e3ebb5860fbb83f5cfe5035f4fe69da78c056a73,audit-20260805T005824+0800,仅元数据,元数据范围,77d31e19568d9699b5151ab47f0c1265d31eadfe8a8fb01e7896f1a43142062b,未知,未知,未知,未知,未知,未知,未判定（缺少确切研究尺度合同）,未登记,无法判定,无法判定,无法判定,无法判定,无法判定,未判定（未登记到达时间合同）,无法判定,无法判定,717d3a2fd3bae60ec6485365211ee579c49778a4ed9985a2688fb0b288e48214,dq-rules-1.0,e87a78a94478584293d9fb3922bbb91882f48c58a8684db89186175facf03cc2,019010d64fe47d89c81bfaedafd458f1d886025bb34292c0c32eafcfa4392657,cbfc956775813163dd5b9604324f2949bbf9fd0610074a4493bfc77e2f2c28e2,无法判定,未执行（第一门未通过）,未执行（无决策记录）,无法判定,decision_record_missing,来源身份已登记但没有获批历史决策记录登记；不读取候选正文，不构造样例记录,登记带来源证据的决策编号、决策时点、数据截止时间及三类时间合同；重新生成不可变批次
replay-20260805T012335+0800-3156feb21c31,DS-000285,BTC,ZI-f4460123dbdc8005765d844b,无法判定,source-identity-1.0,6a23412ad54704864ead5a9ed0c34b8709b4f6fd550b42d54e4b480ddddf0d6a,audit-20260805T005824+0800,仅元数据,元数据范围,c48d77f3c8bb8e491a84c7ce4cce16e1bf4af7a4c0325188ff76a5fcc1d8c796,未知,未知,未知,未知,未知,未知,未判定（缺少确切研究尺度合同）,未登记,无法判定,无法判定,无法判定,无法判定,无法判定,未判定（未登记到达时间合同）,无法判定,无法判定,717d3a2fd3bae60ec6485365211ee579c49778a4ed9985a2688fb0b288e48214,dq-rules-1.0,e87a78a94478584293d9fb3922bbb91882f48c58a8684db89186175facf03cc2,019010d64fe47d89c81bfaedafd458f1d886025bb34292c0c32eafcfa4392657,4e0f846c564475b0ec77f4a675e3ec020808548e1c38da20e87f9adc5b74a563,无法判定,未执行（第一门未通过）,未执行（无决策记录）,无法判定,decision_record_missing,来源身份已登记但没有获批历史决策记录登记；不读取候选正文，不构造样例记录,登记带来源证据的决策编号、决策时点、数据截止时间及三类时间合同；重新生成不可变批次
replay-20260805T012335+0800-3156feb21c31,DS-000285,ETH,ZI-f9dd85c76eb8176d00956078,无法判定,source-identity-1.0,1468375cf8c658e4edf3116bf06c5f63776dd85113bed87d33ea44ad18ded179,audit-20260805T005824+0800,仅元数据,元数据范围,c48d77f3c8bb8e491a84c7ce4cce16e1bf4af7a4c0325188ff76a5fcc1d8c796,未知,未知,未知,未知,未知,未知,未判定（缺少确切研究尺度合同）,未登记,无法判定,无法判定,无法判定,无法判定,无法判定,未判定（未登记到达时间合同）,无法判定,无法判定,717d3a2fd3bae60ec6485365211ee579c49778a4ed9985a2688fb0b288e48214,dq-rules-1.0,e87a78a94478584293d9fb3922bbb91882f48c58a8684db89186175facf03cc2,019010d64fe47d89c81bfaedafd458f1d886025bb34292c0c32eafcfa4392657,eb8012eb67689d40a8c295a484b0f6d99687ea08d4d76fff210f4cdbd6e80c08,无法判定,未执行（第一门未通过）,未执行（无决策记录）,无法判定,decision_record_missing,来源身份已登记但没有获批历史决策记录登记；不读取候选正文，不构造样例记录,登记带来源证据的决策编号、决策时点、数据截止时间及三类时间合同；重新生成不可变批次
replay-20260805T012335+0800-3156feb21c31,DS-000286,BTC,ZI-9abd2b7851beeadcb2c4eec1,无法判定,source-identity-1.0,a52a4db365bf9b28df1e8a4ef2747fd28d0bc739edf6adaaf32add9e1d84456d,audit-20260805T005824+0800,仅元数据,元数据范围,68ea3a017e5eab6b96184dd35f6c304bcffcd0f25bd866c0a9e5ccafdf8d0c39,未知,未知,未知,未知,未知,未知,未判定（缺少确切研究尺度合同）,未登记,无法判定,无法判定,无法判定,无法判定,无法判定,未判定（未登记到达时间合同）,无法判定,无法判定,717d3a2fd3bae60ec6485365211ee579c49778a4ed9985a2688fb0b288e48214,dq-rules-1.0,e87a78a94478584293d9fb3922bbb91882f48c58a8684db89186175facf03cc2,019010d64fe47d89c81bfaedafd458f1d886025bb34292c0c32eafcfa4392657,e8953ae9a3a1c03207c25fa399a11913c3d575350f2d889d2b3d195a21655e65,无法判定,未执行（第一门未通过）,未执行（无决策记录）,无法判定,decision_record_missing,来源身份已登记但没有获批历史决策记录登记；不读取候选正文，不构造样例记录,登记带来源证据的决策编号、决策时点、数据截止时间及三类时间合同；重新生成不可变批次
replay-20260805T012335+0800-3156feb21c31,DS-000286,ETH,ZI-2405f3bbc3b633e85a083048,无法判定,source-identity-1.0,0785bcd172ff49562ad8beb6d50337eec19089085207abcabe782b1af431ac07,audit-20260805T005824+0800,仅元数据,元数据范围,68ea3a017e5eab6b96184dd35f6c304bcffcd0f25bd866c0a9e5ccafdf8d0c39,未知,未知,未知,未知,未知,未知,未判定（缺少确切研究尺度合同）,未登记,无法判定,无法判定,无法判定,无法判定,无法判定,未判定（未登记到达时间合同）,无法判定,无法判定,717d3a2fd3bae60ec6485365211ee579c49778a4ed9985a2688fb0b288e48214,dq-rules-1.0,e87a78a94478584293d9fb3922bbb91882f48c58a8684db89186175facf03cc2,019010d64fe47d89c81bfaedafd458f1d886025bb34292c0c32eafcfa4392657,ce4546899e96b5278661d31016fd4a324646b870ca3f889138400d322ddf67f5,无法判定,未执行（第一门未通过）,未执行（无决策记录）,无法判定,decision_record_missing,来源身份已登记但没有获批历史决策记录登记；不读取候选正文，不构造样例记录,登记带来源证据的决策编号、决策时点、数据截止时间及三类时间合同；重新生成不可变批次
replay-20260805T012335+0800-3156feb21c31,DS-000287,BTC,ZI-ff3fcd7da6180c64854b80a6,无法判定,source-identity-1.0,45d5718d87f6f7f9b6407187c46ba180483968bed43ccb9c4a30c73c198d3472,audit-20260805T005824+0800,仅元数据,元数据范围,7c21c5e7b12b7858992605fc59607c0e4cf2d5a156b314d89732900118da3a4c,未知,未知,未知,未知,未知,未知,未判定（缺少确切研究尺度合同）,未登记,无法判定,无法判定,无法判定,无法判定,无法判定,未判定（未登记到达时间合同）,无法判定,无法判定,717d3a2fd3bae60ec6485365211ee579c49778a4ed9985a2688fb0b288e48214,dq-rules-1.0,e87a78a94478584293d9fb3922bbb91882f48c58a8684db89186175facf03cc2,019010d64fe47d89c81bfaedafd458f1d886025bb34292c0c32eafcfa4392657,e810ef2cbd860e8f2020bf1e3c0afa9f2de867f11b27ac6d48f93f119b84e95e,无法判定,未执行（第一门未通过）,未执行（无决策记录）,无法判定,decision_record_missing,来源身份已登记但没有获批历史决策记录登记；不读取候选正文，不构造样例记录,登记带来源证据的决策编号、决策时点、数据截止时间及三类时间合同；重新生成不可变批次
replay-20260805T012335+0800-3156feb21c31,DS-000287,ETH,ZI-4a3a0907e7d9408d9324f32f,无法判定,source-identity-1.0,966a222c5fba7e864afeeef7f0c30f065a9cb11de9a57e19d1c4523628bc01c6,audit-20260805T005824+0800,仅元数据,元数据范围,7c21c5e7b12b7858992605fc59607c0e4cf2d5a156b314d89732900118da3a4c,未知,未知,未知,未知,未知,未知,未判定（缺少确切研究尺度合同）,未登记,无法判定,无法判定,无法判定,无法判定,无法判定,未判定（未登记到达时间合同）,无法判定,无法判定,717d3a2fd3bae60ec6485365211ee579c49778a4ed9985a2688fb0b288e48214,dq-rules-1.0,e87a78a94478584293d9fb3922bbb91882f48c58a8684db89186175facf03cc2,019010d64fe47d89c81bfaedafd458f1d886025bb34292c0c32eafcfa4392657,c3958e29de1b2f755250d5aefb7f52691372bcaa14b08aa0a8a877de29ae1244,无法判定,未执行（第一门未通过）,未执行（无决策记录）,无法判定,decision_record_missing,来源身份已登记但没有获批历史决策记录登记；不读取候选正文，不构造样例记录,登记带来源证据的决策编号、决策时点、数据截止时间及三类时间合同；重新生成不可变批次
replay-20260805T012335+0800-3156feb21c31,DS-000288,BTC,ZI-712b0653c83774f12ef222e8,无法判定,source-identity-1.0,e6bb1a01fce86614275a64942e9efe6065697f7752bb7f773d527353fe210fb8,audit-20260805T005824+0800,仅元数据,元数据范围,829841dd429f7cf1268e4b71761627eadc439a3437a2a100510fdf209a7881c8,未知,未知,未知,未知,未知,未知,未判定（缺少确切研究尺度合同）,未登记,无法判定,无法判定,无法判定,无法判定,无法判定,未判定（未登记到达时间合同）,无法判定,无法判定,717d3a2fd3bae60ec6485365211ee579c49778a4ed9985a2688fb0b288e48214,dq-rules-1.0,e87a78a94478584293d9fb3922bbb91882f48c58a8684db89186175facf03cc2,019010d64fe47d89c81bfaedafd458f1d886025bb34292c0c32eafcfa4392657,5635d74c2f5add19eb6a1a62f7d59cf727cacafa5ee9ff7023052391a961a9e8,无法判定,未执行（第一门未通过）,未执行（无决策记录）,无法判定,decision_record_missing,来源身份已登记但没有获批历史决策记录登记；不读取候选正文，不构造样例记录,登记带来源证据的决策编号、决策时点、数据截止时间及三类时间合同；重新生成不可变批次
replay-20260805T012335+0800-3156feb21c31,DS-000288,ETH,ZI-5a9a391a9e494adad93ed2a1,无法判定,source-identity-1.0,c8713b976e82ee44c91867be20a8b52c412391889d6afa7f253e7040fc1fab79,audit-20260805T005824+0800,仅元数据,元数据范围,829841dd429f7cf1268e4b71761627eadc439a3437a2a100510fdf209a7881c8,未知,未知,未知,未知,未知,未知,未判定（缺少确切研究尺度合同）,未登记,无法判定,无法判定,无法判定,无法判定,无法判定,未判定（未登记到达时间合同）,无法判定,无法判定,717d3a2fd3bae60ec6485365211ee579c49778a4ed9985a2688fb0b288e48214,dq-rules-1.0,e87a78a94478584293d9fb3922bbb91882f48c58a8684db89186175facf03cc2,019010d64fe47d89c81bfaedafd458f1d886025bb34292c0c32eafcfa4392657,052566197493f181ae47e3ded5197332601901ee2fe453b281220ec5f4c3442e,无法判定,未执行（第一门未通过）,未执行（无决策记录）,无法判定,decision_record_missing,来源身份已登记但没有获批历史决策记录登记；不读取候选正文，不构造样例记录,登记带来源证据的决策编号、决策时点、数据截止时间及三类时间合同；重新生成不可变批次
replay-20260805T012335+0800-3156feb21c31,DS-000289,BTC,ZI-a9f770566ce153816b6eae2d,无法判定,source-identity-1.0,fb4e9d2e9ccc19668f3573b6948b2cc250d59820d7f1039398f3673340918f33,audit-20260805T005824+0800,仅元数据,元数据范围,d0ce3569ab10dfe0e5abe0976dfa320b7d87f6d0a5c61d8e09a9f9c433ea724e,未知,未知,未知,未知,未知,未知,未判定（缺少确切研究尺度合同）,未登记,无法判定,无法判定,无法判定,无法判定,无法判定,未判定（未登记到达时间合同）,无法判定,无法判定,717d3a2fd3bae60ec6485365211ee579c49778a4ed9985a2688fb0b288e48214,dq-rules-1.0,e87a78a94478584293d9fb3922bbb91882f48c58a8684db89186175facf03cc2,019010d64fe47d89c81bfaedafd458f1d886025bb34292c0c32eafcfa4392657,01e6f822ee48aa852ecf1e6ad8ef847feed2e2f2d1369eefb7595400bdcb4661,无法判定,未执行（第一门未通过）,未执行（无决策记录）,无法判定,decision_record_missing,来源身份已登记但没有获批历史决策记录登记；不读取候选正文，不构造样例记录,登记带来源证据的决策编号、决策时点、数据截止时间及三类时间合同；重新生成不可变批次
replay-20260805T012335+0800-3156feb21c31,DS-000289,ETH,ZI-c69fb4ea6efa32472592021e,无法判定,source-identity-1.0,5ddf973424533451e81f3bebf8725072754285d58418723f29f1b3377f9b8392,audit-20260805T005824+0800,仅元数据,元数据范围,d0ce3569ab10dfe0e5abe0976dfa320b7d87f6d0a5c61d8e09a9f9c433ea724e,未知,未知,未知,未知,未知,未知,未判定（缺少确切研究尺度合同）,未登记,无法判定,无法判定,无法判定,无法判定,无法判定,未判定（未登记到达时间合同）,无法判定,无法判定,717d3a2fd3bae60ec6485365211ee579c49778a4ed9985a2688fb0b288e48214,dq-rules-1.0,e87a78a94478584293d9fb3922bbb91882f48c58a8684db89186175facf03cc2,019010d64fe47d89c81bfaedafd458f1d886025bb34292c0c32eafcfa4392657,d15873827ca685a3eb567879c02c92aa482f9c123a85e73d92a34c0b058dc104,无法判定,未执行（第一门未通过）,未执行（无决策记录）,无法判定,decision_record_missing,来源身份已登记但没有获批历史决策记录登记；不读取候选正文，不构造样例记录,登记带来源证据的决策编号、决策时点、数据截止时间及三类时间合同；重新生成不可变批次
replay-20260805T012335+0800-3156feb21c31,DS-000290,BTC,ZI-f8568713cc6d51a30e325957,无法判定,source-identity-1.0,fa8a2bd673c636cf1e1312e34d4e8d4c0ff3ccc10d3390888781c766f156c001,audit-20260805T005824+0800,仅元数据,元数据范围,7375712bc446e21f4905ff55466339a93658000514f8e54e52adc4e47836f84a,未知,未知,未知,未知,未知,未知,未判定（缺少确切研究尺度合同）,未登记,无法判定,无法判定,无法判定,无法判定,无法判定,未判定（未登记到达时间合同）,无法判定,无法判定,717d3a2fd3bae60ec6485365211ee579c49778a4ed9985a2688fb0b288e48214,dq-rules-1.0,e87a78a94478584293d9fb3922bbb91882f48c58a8684db89186175facf03cc2,019010d64fe47d89c81bfaedafd458f1d886025bb34292c0c32eafcfa4392657,23fac8a0be5d07307298c4badc5c7a0a69d5084ac7b70a84125e93d4993e9d90,无法判定,未执行（第一门未通过）,未执行（无决策记录）,无法判定,decision_record_missing,来源身份已登记但没有获批历史决策记录登记；不读取候选正文，不构造样例记录,登记带来源证据的决策编号、决策时点、数据截止时间及三类时间合同；重新生成不可变批次
replay-20260805T012335+0800-3156feb21c31,DS-000290,ETH,ZI-e83b0ea0cb4edb6fa92ef211,无法判定,source-identity-1.0,8ea03b68bdc5ba174dab4cba8bf505d178e2a096ad00a358bab0dce47740fda3,audit-20260805T005824+0800,仅元数据,元数据范围,7375712bc446e21f4905ff55466339a93658000514f8e54e52adc4e47836f84a,未知,未知,未知,未知,未知,未知,未判定（缺少确切研究尺度合同）,未登记,无法判定,无法判定,无法判定,无法判定,无法判定,未判定（未登记到达时间合同）,无法判定,无法判定,717d3a2fd3bae60ec6485365211ee579c49778a4ed9985a2688fb0b288e48214,dq-rules-1.0,e87a78a94478584293d9fb3922bbb91882f48c58a8684db89186175facf03cc2,019010d64fe47d89c81bfaedafd458f1d886025bb34292c0c32eafcfa4392657,56464c0c65284a94e2e3609ddde34eb2a61e17d67202546c0129432d1cace0c2,无法判定,未执行（第一门未通过）,未执行（无决策记录）,无法判定,decision_record_missing,来源身份已登记但没有获批历史决策记录登记；不读取候选正文，不构造样例记录,登记带来源证据的决策编号、决策时点、数据截止时间及三类时间合同；重新生成不可变批次
replay-20260805T012335+0800-3156feb21c31,DS-000291,BTC,ZI-c58e3b4f411f7705310fe747,无法判定,source-identity-1.0,98ae6854a7c45a4063f71dd1e51587d3a4a055a3b021e7098369830305eedacd,audit-20260805T005824+0800,仅元数据,元数据范围,a084279f6cd60dec1a9807251f9f26ce4a48943f2c9a85a1ca15f758235c0217,未知,未知,未知,未知,未知,未知,未判定（缺少确切研究尺度合同）,未登记,无法判定,无法判定,无法判定,无法判定,无法判定,未判定（未登记到达时间合同）,无法判定,无法判定,717d3a2fd3bae60ec6485365211ee579c49778a4ed9985a2688fb0b288e48214,dq-rules-1.0,e87a78a94478584293d9fb3922bbb91882f48c58a8684db89186175facf03cc2,019010d64fe47d89c81bfaedafd458f1d886025bb34292c0c32eafcfa4392657,6237a4514d58a9fa6a55d8b71e5393810c6d9011ad0b67bab9486c266931d69e,无法判定,未执行（第一门未通过）,未执行（无决策记录）,无法判定,decision_record_missing,来源身份已登记但没有获批历史决策记录登记；不读取候选正文，不构造样例记录,登记带来源证据的决策编号、决策时点、数据截止时间及三类时间合同；重新生成不可变批次
replay-20260805T012335+0800-3156feb21c31,DS-000291,ETH,ZI-d8011c433ebd2138a2305438,无法判定,source-identity-1.0,248f4dc4e0658e9f5f33b16b49ecd4b3e241820fbcf3c90e7ae77ad87213f387,audit-20260805T005824+0800,仅元数据,元数据范围,a084279f6cd60dec1a9807251f9f26ce4a48943f2c9a85a1ca15f758235c0217,未知,未知,未知,未知,未知,未知,未判定（缺少确切研究尺度合同）,未登记,无法判定,无法判定,无法判定,无法判定,无法判定,未判定（未登记到达时间合同）,无法判定,无法判定,717d3a2fd3bae60ec6485365211ee579c49778a4ed9985a2688fb0b288e48214,dq-rules-1.0,e87a78a94478584293d9fb3922bbb91882f48c58a8684db89186175facf03cc2,019010d64fe47d89c81bfaedafd458f1d886025bb34292c0c32eafcfa4392657,6ae77457047a662ca94f9e76f6aa8f5e3433f3bce9341b6d609e464aa828587c,无法判定,未执行（第一门未通过）,未执行（无决策记录）,无法判定,decision_record_missing,来源身份已登记但没有获批历史决策记录登记；不读取候选正文，不构造样例记录,登记带来源证据的决策编号、决策时点、数据截止时间及三类时间合同；重新生成不可变批次
replay-20260805T012335+0800-3156feb21c31,DS-000292,BTC,ZI-9b5462a670f4c5122146997d,无法判定,source-identity-1.0,6d080921503fab88dba973be6dc641f9c50efc0faabd981cd842c166f53d571d,audit-20260805T005824+0800,仅元数据,元数据范围,6a482fbb36ef79feb509f8d1a27f055f3ea4366fe52e5750febd0f05fa3c662b,未知,未知,未知,未知,未知,未知,未判定（缺少确切研究尺度合同）,未登记,无法判定,无法判定,无法判定,无法判定,无法判定,未判定（未登记到达时间合同）,无法判定,无法判定,717d3a2fd3bae60ec6485365211ee579c49778a4ed9985a2688fb0b288e48214,dq-rules-1.0,e87a78a94478584293d9fb3922bbb91882f48c58a8684db89186175facf03cc2,019010d64fe47d89c81bfaedafd458f1d886025bb34292c0c32eafcfa4392657,9339ecf50b0300a8581001a37e8b0f8afc77025cbd5950ad0c8f9ab3b4a94091,无法判定,未执行（第一门未通过）,未执行（无决策记录）,无法判定,decision_record_missing,来源身份已登记但没有获批历史决策记录登记；不读取候选正文，不构造样例记录,登记带来源证据的决策编号、决策时点、数据截止时间及三类时间合同；重新生成不可变批次
replay-20260805T012335+0800-3156feb21c31,DS-000292,ETH,ZI-8fbd9976355cbb8be5048b7f,无法判定,source-identity-1.0,883599f86a1b1fac41a60130f7a1b56e95304b42c7006f24c10e97ea66f7ee1c,audit-20260805T005824+0800,仅元数据,元数据范围,6a482fbb36ef79feb509f8d1a27f055f3ea4366fe52e5750febd0f05fa3c662b,未知,未知,未知,未知,未知,未知,未判定（缺少确切研究尺度合同）,未登记,无法判定,无法判定,无法判定,无法判定,无法判定,未判定（未登记到达时间合同）,无法判定,无法判定,717d3a2fd3bae60ec6485365211ee579c49778a4ed9985a2688fb0b288e48214,dq-rules-1.0,e87a78a94478584293d9fb3922bbb91882f48c58a8684db89186175facf03cc2,019010d64fe47d89c81bfaedafd458f1d886025bb34292c0c32eafcfa4392657,1a1d9684ed37810e340276800d318930020ae0126366190f3d0b7c7a1a022c58,无法判定,未执行（第一门未通过）,未执行（无决策记录）,无法判定,decision_record_missing,来源身份已登记但没有获批历史决策记录登记；不读取候选正文，不构造样例记录,登记带来源证据的决策编号、决策时点、数据截止时间及三类时间合同；重新生成不可变批次
replay-20260805T012335+0800-3156feb21c31,DS-000293,BTC,ZI-a35ba0b952b56083fc01c172,无法判定,source-identity-1.0,4d200e70449f267c9f00f0c1111e115b1c90eb6ab348df25a6984fbd5fb5005b,audit-20260805T005824+0800,仅元数据,元数据范围,bb01f17db2903a1949c5f6b7a85e82dbd96a46a743c14a5b476448aeb7357939,未知,未知,未知,未知,未知,未知,未判定（缺少确切研究尺度合同）,未登记,无法判定,无法判定,无法判定,无法判定,无法判定,未判定（未登记到达时间合同）,无法判定,无法判定,717d3a2fd3bae60ec6485365211ee579c49778a4ed9985a2688fb0b288e48214,dq-rules-1.0,e87a78a94478584293d9fb3922bbb91882f48c58a8684db89186175facf03cc2,019010d64fe47d89c81bfaedafd458f1d886025bb34292c0c32eafcfa4392657,e71a6eb609b3a097d7a169005e124a1857de44a39cdcdc6c6c7a4e7e8e385c7d,无法判定,未执行（第一门未通过）,未执行（无决策记录）,无法判定,decision_record_missing,来源身份已登记但没有获批历史决策记录登记；不读取候选正文，不构造样例记录,登记带来源证据的决策编号、决策时点、数据截止时间及三类时间合同；重新生成不可变批次
replay-20260805T012335+0800-3156feb21c31,DS-000293,ETH,ZI-4063df41f07d941306cf1d83,无法判定,source-identity-1.0,9f5da1973c6ddb4a79cdca3cea141ca2f958c308923a2582ff7fff2e89cbf36c,audit-20260805T005824+0800,仅元数据,元数据范围,bb01f17db2903a1949c5f6b7a85e82dbd96a46a743c14a5b476448aeb7357939,未知,未知,未知,未知,未知,未知,未判定（缺少确切研究尺度合同）,未登记,无法判定,无法判定,无法判定,无法判定,无法判定,未判定（未登记到达时间合同）,无法判定,无法判定,717d3a2fd3bae60ec6485365211ee579c49778a4ed9985a2688fb0b288e48214,dq-rules-1.0,e87a78a94478584293d9fb3922bbb91882f48c58a8684db89186175facf03cc2,019010d64fe47d89c81bfaedafd458f1d886025bb34292c0c32eafcfa4392657,c8c295a2c00fedb80b0648bba30aaa1555608c808776a47d52c321be53783991,无法判定,未执行（第一门未通过）,未执行（无决策记录）,无法判定,decision_record_missing,来源身份已登记但没有获批历史决策记录登记；不读取候选正文，不构造样例记录,登记带来源证据的决策编号、决策时点、数据截止时间及三类时间合同；重新生成不可变批次
replay-20260805T012335+0800-3156feb21c31,DS-000294,BTC,ZI-a8105ace966421a941b8339b,无法判定,source-identity-1.0,edcd3909335684f1dd633ab13f05813e76c0ad23acaf891251f6284dca4b69ee,audit-20260805T005824+0800,仅元数据,元数据范围,c885689e6a42a6ef712e3c5ad95f718abdab2a719c9cac37c42e9f054fb6e430,未知,未知,未知,未知,未知,未知,未判定（缺少确切研究尺度合同）,未登记,无法判定,无法判定,无法判定,无法判定,无法判定,未判定（未登记到达时间合同）,无法判定,无法判定,717d3a2fd3bae60ec6485365211ee579c49778a4ed9985a2688fb0b288e48214,dq-rules-1.0,e87a78a94478584293d9fb3922bbb91882f48c58a8684db89186175facf03cc2,019010d64fe47d89c81bfaedafd458f1d886025bb34292c0c32eafcfa4392657,a88d14c8603a3f875627a5f834f20b5193ef247a9134b327eb4e00ef011af84a,无法判定,未执行（第一门未通过）,未执行（无决策记录）,无法判定,decision_record_missing,来源身份已登记但没有获批历史决策记录登记；不读取候选正文，不构造样例记录,登记带来源证据的决策编号、决策时点、数据截止时间及三类时间合同；重新生成不可变批次
replay-20260805T012335+0800-3156feb21c31,DS-000294,ETH,ZI-4cc05befd7c25420d6616745,无法判定,source-identity-1.0,a1f6b9632fb4bdc489abc9bbe7d5e4cd869e0e4b17d095c93565f258e1a11fa1,audit-20260805T005824+0800,仅元数据,元数据范围,c885689e6a42a6ef712e3c5ad95f718abdab2a719c9cac37c42e9f054fb6e430,未知,未知,未知,未知,未知,未知,未判定（缺少确切研究尺度合同）,未登记,无法判定,无法判定,无法判定,无法判定,无法判定,未判定（未登记到达时间合同）,无法判定,无法判定,717d3a2fd3bae60ec6485365211ee579c49778a4ed9985a2688fb0b288e48214,dq-rules-1.0,e87a78a94478584293d9fb3922bbb91882f48c58a8684db89186175facf03cc2,019010d64fe47d89c81bfaedafd458f1d886025bb34292c0c32eafcfa4392657,35ff56a110f03fb16f9f145e5549cd9b2ca4a1b404bd865a7503e923137b6363,无法判定,未执行（第一门未通过）,未执行（无决策记录）,无法判定,decision_record_missing,来源身份已登记但没有获批历史决策记录登记；不读取候选正文，不构造样例记录,登记带来源证据的决策编号、决策时点、数据截止时间及三类时间合同；重新生成不可变批次
replay-20260805T012335+0800-3156feb21c31,DS-000295,BTC,ZI-6a960fa71172c7a9afb936ec,无法判定,source-identity-1.0,dd988bb9d687dc57c9ddedef0df540786a2a15bcc0bbc8513166f6720e79d612,audit-20260805T005824+0800,仅元数据,元数据范围,73aeeb4294f5031ad0e7a054ad17321aa055050b1be4170343ec27a672746853,未知,未知,未知,未知,未知,未知,未判定（缺少确切研究尺度合同）,未登记,无法判定,无法判定,无法判定,无法判定,无法判定,未判定（未登记到达时间合同）,无法判定,无法判定,717d3a2fd3bae60ec6485365211ee579c49778a4ed9985a2688fb0b288e48214,dq-rules-1.0,e87a78a94478584293d9fb3922bbb91882f48c58a8684db89186175facf03cc2,019010d64fe47d89c81bfaedafd458f1d886025bb34292c0c32eafcfa4392657,531d7605d8c560d4a93026278b460d5e54213b495c143c280b1ef8da39de29c4,无法判定,未执行（第一门未通过）,未执行（无决策记录）,无法判定,decision_record_missing,来源身份已登记但没有获批历史决策记录登记；不读取候选正文，不构造样例记录,登记带来源证据的决策编号、决策时点、数据截止时间及三类时间合同；重新生成不可变批次
replay-20260805T012335+0800-3156feb21c31,DS-000295,ETH,ZI-144ccc0a1a75fb0a53e5d6a3,无法判定,source-identity-1.0,40d08ef2f9f7c3279a59a2ecc5dc734c7f570942008cd8da303b817dd48ad86e,audit-20260805T005824+0800,仅元数据,元数据范围,73aeeb4294f5031ad0e7a054ad17321aa055050b1be4170343ec27a672746853,未知,未知,未知,未知,未知,未知,未判定（缺少确切研究尺度合同）,未登记,无法判定,无法判定,无法判定,无法判定,无法判定,未判定（未登记到达时间合同）,无法判定,无法判定,717d3a2fd3bae60ec6485365211ee579c49778a4ed9985a2688fb0b288e48214,dq-rules-1.0,e87a78a94478584293d9fb3922bbb91882f48c58a8684db89186175facf03cc2,019010d64fe47d89c81bfaedafd458f1d886025bb34292c0c32eafcfa4392657,50739c9e6426bdd094d314fe38d90444c3ce4707a088ad118a26764c6af1f278,无法判定,未执行（第一门未通过）,未执行（无决策记录）,无法判定,decision_record_missing,来源身份已登记但没有获批历史决策记录登记；不读取候选正文，不构造样例记录,登记带来源证据的决策编号、决策时点、数据截止时间及三类时间合同；重新生成不可变批次
replay-20260805T012335+0800-3156feb21c31,DS-000296,BTC,ZI-7ca528ace2904d6333d9ac25,无法判定,source-identity-1.0,d43f55750415c93103b86aea30cebab906927bd286ef88427cf099643f4190ca,audit-20260805T005824+0800,仅元数据,元数据范围,61aecf76e37827bcaa3e7bbff79e5603379ce7329c0b2d4ce4d0fa71a35f2234,未知,未知,未知,未知,未知,未知,未判定（缺少确切研究尺度合同）,未登记,无法判定,无法判定,无法判定,无法判定,无法判定,未判定（未登记到达时间合同）,无法判定,无法判定,717d3a2fd3bae60ec6485365211ee579c49778a4ed9985a2688fb0b288e48214,dq-rules-1.0,e87a78a94478584293d9fb3922bbb91882f48c58a8684db89186175facf03cc2,019010d64fe47d89c81bfaedafd458f1d886025bb34292c0c32eafcfa4392657,e156e7b379e96f752762fb24b5d79b45e6770a709e979f0fb550c785168c245e,无法判定,未执行（第一门未通过）,未执行（无决策记录）,无法判定,decision_record_missing,来源身份已登记但没有获批历史决策记录登记；不读取候选正文，不构造样例记录,登记带来源证据的决策编号、决策时点、数据截止时间及三类时间合同；重新生成不可变批次
replay-20260805T012335+0800-3156feb21c31,DS-000296,ETH,ZI-1978e354b3d643de7ef83426,无法判定,source-identity-1.0,7526538241df75919f107e610a7c2f72a646db16db0e4fa5531ef682a832e21e,audit-20260805T005824+0800,仅元数据,元数据范围,61aecf76e37827bcaa3e7bbff79e5603379ce7329c0b2d4ce4d0fa71a35f2234,未知,未知,未知,未知,未知,未知,未判定（缺少确切研究尺度合同）,未登记,无法判定,无法判定,无法判定,无法判定,无法判定,未判定（未登记到达时间合同）,无法判定,无法判定,717d3a2fd3bae60ec6485365211ee579c49778a4ed9985a2688fb0b288e48214,dq-rules-1.0,e87a78a94478584293d9fb3922bbb91882f48c58a8684db89186175facf03cc2,019010d64fe47d89c81bfaedafd458f1d886025bb34292c0c32eafcfa4392657,789e31d56f22eefa4bda3d0064d46823ae802d226ab8be65ac6e34557c4b0768,无法判定,未执行（第一门未通过）,未执行（无决策记录）,无法判定,decision_record_missing,来源身份已登记但没有获批历史决策记录登记；不读取候选正文，不构造样例记录,登记带来源证据的决策编号、决策时点、数据截止时间及三类时间合同；重新生成不可变批次
replay-20260805T012335+0800-3156feb21c31,DS-000297,BTC,ZI-b0b1be153e2c74bbc58931fe,无法判定,source-identity-1.0,05c516957ab073a081152685ba4a2ca84d5475ad6fc824733b53494fe059d132,audit-20260805T005824+0800,仅元数据,元数据范围,29ca0356cf31ae3f37061e95bb7a534162447f4b9d17278ec2e4f7d6c7ab9b61,未知,未知,未知,未知,未知,未知,未判定（缺少确切研究尺度合同）,未登记,无法判定,无法判定,无法判定,无法判定,无法判定,未判定（未登记到达时间合同）,无法判定,无法判定,717d3a2fd3bae60ec6485365211ee579c49778a4ed9985a2688fb0b288e48214,dq-rules-1.0,e87a78a94478584293d9fb3922bbb91882f48c58a8684db89186175facf03cc2,019010d64fe47d89c81bfaedafd458f1d886025bb34292c0c32eafcfa4392657,8afffa07840e8cf8cdbac5fc075a35277399f6491d9cdc631fc9c4c44e495f3e,无法判定,未执行（第一门未通过）,未执行（无决策记录）,无法判定,decision_record_missing,来源身份已登记但没有获批历史决策记录登记；不读取候选正文，不构造样例记录,登记带来源证据的决策编号、决策时点、数据截止时间及三类时间合同；重新生成不可变批次
replay-20260805T012335+0800-3156feb21c31,DS-000297,ETH,ZI-3eac98ecd7d3ac093f446c61,无法判定,source-identity-1.0,fb4de261451bd964b2127d647b39b5f04bd2a9630f7a2c58649445a64c0c101b,audit-20260805T005824+0800,仅元数据,元数据范围,29ca0356cf31ae3f37061e95bb7a534162447f4b9d17278ec2e4f7d6c7ab9b61,未知,未知,未知,未知,未知,未知,未判定（缺少确切研究尺度合同）,未登记,无法判定,无法判定,无法判定,无法判定,无法判定,未判定（未登记到达时间合同）,无法判定,无法判定,717d3a2fd3bae60ec6485365211ee579c49778a4ed9985a2688fb0b288e48214,dq-rules-1.0,e87a78a94478584293d9fb3922bbb91882f48c58a8684db89186175facf03cc2,019010d64fe47d89c81bfaedafd458f1d886025bb34292c0c32eafcfa4392657,d4d604faf254adb56deb1df78f358b46570034842e7e6aa56611e6102f7040ac,无法判定,未执行（第一门未通过）,未执行（无决策记录）,无法判定,decision_record_missing,来源身份已登记但没有获批历史决策记录登记；不读取候选正文，不构造样例记录,登记带来源证据的决策编号、决策时点、数据截止时间及三类时间合同；重新生成不可变批次
replay-20260805T012335+0800-3156feb21c31,DS-000298,BTC,ZI-cceb0119d76a845091d90313,无法判定,source-identity-1.0,b814a87702e1814bc3aa8353416cd6d6b4c99b97a82e95bb0328c82ef482be1a,audit-20260805T005824+0800,仅元数据,元数据范围,b1234d59bb80f3054aeba06e0a39451fd2d9af3974ab3b753be05730b6ba5b98,未知,未知,未知,未知,未知,未知,未判定（缺少确切研究尺度合同）,未登记,无法判定,无法判定,无法判定,无法判定,无法判定,未判定（未登记到达时间合同）,无法判定,无法判定,717d3a2fd3bae60ec6485365211ee579c49778a4ed9985a2688fb0b288e48214,dq-rules-1.0,e87a78a94478584293d9fb3922bbb91882f48c58a8684db89186175facf03cc2,019010d64fe47d89c81bfaedafd458f1d886025bb34292c0c32eafcfa4392657,c95637d7c5883e3cb0f391b636261728c2ab5b2d52a57e1c761e6c0edb917ca2,无法判定,未执行（第一门未通过）,未执行（无决策记录）,无法判定,decision_record_missing,来源身份已登记但没有获批历史决策记录登记；不读取候选正文，不构造样例记录,登记带来源证据的决策编号、决策时点、数据截止时间及三类时间合同；重新生成不可变批次
replay-20260805T012335+0800-3156feb21c31,DS-000298,ETH,ZI-8ba1d56866fa54799303bdc1,无法判定,source-identity-1.0,5e095a80b3bf45963321791e2887b4f8fc61a67e1462a57aa7de29d302289f18,audit-20260805T005824+0800,仅元数据,元数据范围,b1234d59bb80f3054aeba06e0a39451fd2d9af3974ab3b753be05730b6ba5b98,未知,未知,未知,未知,未知,未知,未判定（缺少确切研究尺度合同）,未登记,无法判定,无法判定,无法判定,无法判定,无法判定,未判定（未登记到达时间合同）,无法判定,无法判定,717d3a2fd3bae60ec6485365211ee579c49778a4ed9985a2688fb0b288e48214,dq-rules-1.0,e87a78a94478584293d9fb3922bbb91882f48c58a8684db89186175facf03cc2,019010d64fe47d89c81bfaedafd458f1d886025bb34292c0c32eafcfa4392657,7975c5aa647f6b4e7b2cc0a8b370a6403858387b0e829f6846616a31baf9bd0c,无法判定,未执行（第一门未通过）,未执行（无决策记录）,无法判定,decision_record_missing,来源身份已登记但没有获批历史决策记录登记；不读取候选正文，不构造样例记录,登记带来源证据的决策编号、决策时点、数据截止时间及三类时间合同；重新生成不可变批次
replay-20260805T012335+0800-3156feb21c31,DS-000299,BTC,ZI-79efc93262b446e9d98b76ba,无法判定,source-identity-1.0,f884a9f707dac5bd5ad6e2437e629614fa189c51dbc06d12f118dda3d1a54be0,audit-20260805T005824+0800,仅元数据,元数据范围,58e6b6e1c897fb6ff99d58e13d94e6300344657d585010e35fe2e457feab22a6,未知,未知,未知,未知,未知,未知,未判定（缺少确切研究尺度合同）,未登记,无法判定,无法判定,无法判定,无法判定,无法判定,未判定（未登记到达时间合同）,无法判定,无法判定,717d3a2fd3bae60ec6485365211ee579c49778a4ed9985a2688fb0b288e48214,dq-rules-1.0,e87a78a94478584293d9fb3922bbb91882f48c58a8684db89186175facf03cc2,019010d64fe47d89c81bfaedafd458f1d886025bb34292c0c32eafcfa4392657,8dbafd805055f6e56c2b9d1a898544109c5ec238be25b6cda4d1dac782847197,无法判定,未执行（第一门未通过）,未执行（无决策记录）,无法判定,decision_record_missing,来源身份已登记但没有获批历史决策记录登记；不读取候选正文，不构造样例记录,登记带来源证据的决策编号、决策时点、数据截止时间及三类时间合同；重新生成不可变批次
replay-20260805T012335+0800-3156feb21c31,DS-000299,ETH,ZI-3bf85e0f2ad7b5ac22b13df9,无法判定,source-identity-1.0,20cd06513646351fecfbe7414bd503297b27d61552980888f10411f82b43f551,audit-20260805T005824+0800,仅元数据,元数据范围,58e6b6e1c897fb6ff99d58e13d94e6300344657d585010e35fe2e457feab22a6,未知,未知,未知,未知,未知,未知,未判定（缺少确切研究尺度合同）,未登记,无法判定,无法判定,无法判定,无法判定,无法判定,未判定（未登记到达时间合同）,无法判定,无法判定,717d3a2fd3bae60ec6485365211ee579c49778a4ed9985a2688fb0b288e48214,dq-rules-1.0,e87a78a94478584293d9fb3922bbb91882f48c58a8684db89186175facf03cc2,019010d64fe47d89c81bfaedafd458f1d886025bb34292c0c32eafcfa4392657,69adcdfb5553c91dd60f98771c8bbfd2fc08ad20ef2a50fa7bb83f7163386e2b,无法判定,未执行（第一门未通过）,未执行（无决策记录）,无法判定,decision_record_missing,来源身份已登记但没有获批历史决策记录登记；不读取候选正文，不构造样例记录,登记带来源证据的决策编号、决策时点、数据截止时间及三类时间合同；重新生成不可变批次
replay-20260805T012335+0800-3156feb21c31,DS-000300,BTC,ZI-e76d2134142142ad4b8f28cb,无法判定,source-identity-1.0,cba4e1299759d46707f9628824930f97bf5ecdb1ec5a9204540886426b4ff586,audit-20260805T005824+0800,仅元数据,元数据范围,5d684ca53fa5f0152296349d5d7ca57faf18255058db0001a65051f7f1b3b459,未知,未知,未知,未知,未知,未知,未判定（缺少确切研究尺度合同）,未登记,无法判定,无法判定,无法判定,无法判定,无法判定,未判定（未登记到达时间合同）,无法判定,无法判定,717d3a2fd3bae60ec6485365211ee579c49778a4ed9985a2688fb0b288e48214,dq-rules-1.0,e87a78a94478584293d9fb3922bbb91882f48c58a8684db89186175facf03cc2,019010d64fe47d89c81bfaedafd458f1d886025bb34292c0c32eafcfa4392657,7ee9f350c197f2bb738dc98be0d205d40318ad4fbd2187e57005b9985a1d4c55,无法判定,未执行（第一门未通过）,未执行（无决策记录）,无法判定,decision_record_missing,来源身份已登记但没有获批历史决策记录登记；不读取候选正文，不构造样例记录,登记带来源证据的决策编号、决策时点、数据截止时间及三类时间合同；重新生成不可变批次
replay-20260805T012335+0800-3156feb21c31,DS-000300,ETH,ZI-e99571832236a361ee30db4d,无法判定,source-identity-1.0,47486cbb8aa0b7c9227e4bf60b19bd76889d9906e6b5115775333c75fb856cf5,audit-20260805T005824+0800,仅元数据,元数据范围,5d684ca53fa5f0152296349d5d7ca57faf18255058db0001a65051f7f1b3b459,未知,未知,未知,未知,未知,未知,未判定（缺少确切研究尺度合同）,未登记,无法判定,无法判定,无法判定,无法判定,无法判定,未判定（未登记到达时间合同）,无法判定,无法判定,717d3a2fd3bae60ec6485365211ee579c49778a4ed9985a2688fb0b288e48214,dq-rules-1.0,e87a78a94478584293d9fb3922bbb91882f48c58a8684db89186175facf03cc2,019010d64fe47d89c81bfaedafd458f1d886025bb34292c0c32eafcfa4392657,93425fe565e954a2fbcfa905218144d32ba0c4a2bb1f6a114d144e491cf07bf4,无法判定,未执行（第一门未通过）,未执行（无决策记录）,无法判定,decision_record_missing,来源身份已登记但没有获批历史决策记录登记；不读取候选正文，不构造样例记录,登记带来源证据的决策编号、决策时点、数据截止时间及三类时间合同；重新生成不可变批次
replay-20260805T012335+0800-3156feb21c31,DS-000301,BTC,ZI-6b9507c0f667730b1c25338d,无法判定,source-identity-1.0,3ea802d75e87cec55d0bd4ee37807d5a6d60157dddd7e77bf48991614667dc2e,audit-20260805T005824+0800,仅元数据,元数据范围,c3822d911bed513e149da2a79e948ee5019e17a7ef71838642e17dedb3f6b269,未知,未知,未知,未知,未知,未知,未判定（缺少确切研究尺度合同）,未登记,无法判定,无法判定,无法判定,无法判定,无法判定,未判定（未登记到达时间合同）,无法判定,无法判定,717d3a2fd3bae60ec6485365211ee579c49778a4ed9985a2688fb0b288e48214,dq-rules-1.0,e87a78a94478584293d9fb3922bbb91882f48c58a8684db89186175facf03cc2,019010d64fe47d89c81bfaedafd458f1d886025bb34292c0c32eafcfa4392657,fb3b74bd0d57d99e081debd9201a9c8053c5d9118c744ad349997e6fa01fc75b,无法判定,未执行（第一门未通过）,未执行（无决策记录）,无法判定,decision_record_missing,来源身份已登记但没有获批历史决策记录登记；不读取候选正文，不构造样例记录,登记带来源证据的决策编号、决策时点、数据截止时间及三类时间合同；重新生成不可变批次
replay-20260805T012335+0800-3156feb21c31,DS-000301,ETH,ZI-ad9a2f4d9b2c7b77cf51ff68,无法判定,source-identity-1.0,bad23f3a6b347d472352892439e10db041b2aa4f9da425b1f6f1353fa497db9e,audit-20260805T005824+0800,仅元数据,元数据范围,c3822d911bed513e149da2a79e948ee5019e17a7ef71838642e17dedb3f6b269,未知,未知,未知,未知,未知,未知,未判定（缺少确切研究尺度合同）,未登记,无法判定,无法判定,无法判定,无法判定,无法判定,未判定（未登记到达时间合同）,无法判定,无法判定,717d3a2fd3bae60ec6485365211ee579c49778a4ed9985a2688fb0b288e48214,dq-rules-1.0,e87a78a94478584293d9fb3922bbb91882f48c58a8684db89186175facf03cc2,019010d64fe47d89c81bfaedafd458f1d886025bb34292c0c32eafcfa4392657,07883c2b9f270e6db03787c49c7824a288c8c856ddbea10d47e66b11f304abfe,无法判定,未执行（第一门未通过）,未执行（无决策记录）,无法判定,decision_record_missing,来源身份已登记但没有获批历史决策记录登记；不读取候选正文，不构造样例记录,登记带来源证据的决策编号、决策时点、数据截止时间及三类时间合同；重新生成不可变批次
replay-20260805T012335+0800-3156feb21c31,DS-000302,BTC,ZI-a3de4220ce194e2c0f75e45d,无法判定,source-identity-1.0,e95023c17c6b8c7997455258f868b82cd63e9bde5b648b56e5dc23bc910cdd13,audit-20260805T005824+0800,仅元数据,元数据范围,c827a639157e495b6992c1ccf6f094aeeb8d7445fe689e40b018235e476d7977,未知,未知,未知,未知,未知,未知,未判定（缺少确切研究尺度合同）,未登记,无法判定,无法判定,无法判定,无法判定,无法判定,未判定（未登记到达时间合同）,无法判定,无法判定,717d3a2fd3bae60ec6485365211ee579c49778a4ed9985a2688fb0b288e48214,dq-rules-1.0,e87a78a94478584293d9fb3922bbb91882f48c58a8684db89186175facf03cc2,019010d64fe47d89c81bfaedafd458f1d886025bb34292c0c32eafcfa4392657,bc98d39b2263cb3fb24bc6d1b349526a2d529e61d1df46586541864eaae71ec7,无法判定,未执行（第一门未通过）,未执行（无决策记录）,无法判定,decision_record_missing,来源身份已登记但没有获批历史决策记录登记；不读取候选正文，不构造样例记录,登记带来源证据的决策编号、决策时点、数据截止时间及三类时间合同；重新生成不可变批次
replay-20260805T012335+0800-3156feb21c31,DS-000302,ETH,ZI-761cbb729e42b90656bd3f8e,无法判定,source-identity-1.0,0c205b8fdb01fa84a8ba3ca4470f6771d177db890ac6e8453c47f9dd5ea7b881,audit-20260805T005824+0800,仅元数据,元数据范围,c827a639157e495b6992c1ccf6f094aeeb8d7445fe689e40b018235e476d7977,未知,未知,未知,未知,未知,未知,未判定（缺少确切研究尺度合同）,未登记,无法判定,无法判定,无法判定,无法判定,无法判定,未判定（未登记到达时间合同）,无法判定,无法判定,717d3a2fd3bae60ec6485365211ee579c49778a4ed9985a2688fb0b288e48214,dq-rules-1.0,e87a78a94478584293d9fb3922bbb91882f48c58a8684db89186175facf03cc2,019010d64fe47d89c81bfaedafd458f1d886025bb34292c0c32eafcfa4392657,44e78b8a7496e864a1f5d95f18fa9a32e1755951bc320f0f3026ee04680fdd3e,无法判定,未执行（第一门未通过）,未执行（无决策记录）,无法判定,decision_record_missing,来源身份已登记但没有获批历史决策记录登记；不读取候选正文，不构造样例记录,登记带来源证据的决策编号、决策时点、数据截止时间及三类时间合同；重新生成不可变批次
replay-20260805T012335+0800-3156feb21c31,DS-000303,BTC,ZI-63a4a8191f5338c21eac18d2,无法判定,source-identity-1.0,9a5c5e67dbf6ae12aed75c55416e9414644589e24c9f374fdf9b43dfcbb5314e,audit-20260805T005824+0800,仅元数据,元数据范围,2cb83b0cd3d24b2067162ebc33367dc2004e23f9afa27b4017fb357864e42e2e,未知,未知,未知,未知,未知,未知,未判定（缺少确切研究尺度合同）,未登记,无法判定,无法判定,无法判定,无法判定,无法判定,未判定（未登记到达时间合同）,无法判定,无法判定,717d3a2fd3bae60ec6485365211ee579c49778a4ed9985a2688fb0b288e48214,dq-rules-1.0,e87a78a94478584293d9fb3922bbb91882f48c58a8684db89186175facf03cc2,019010d64fe47d89c81bfaedafd458f1d886025bb34292c0c32eafcfa4392657,ecf65b27d684e5e545f80c580e83554e9059d2c6bc9dc53f8ece0a57f94b32c0,无法判定,未执行（第一门未通过）,未执行（无决策记录）,无法判定,decision_record_missing,来源身份已登记但没有获批历史决策记录登记；不读取候选正文，不构造样例记录,登记带来源证据的决策编号、决策时点、数据截止时间及三类时间合同；重新生成不可变批次
replay-20260805T012335+0800-3156feb21c31,DS-000303,ETH,ZI-ba2b9396a30a8158da23a396,无法判定,source-identity-1.0,0eb02fad79db6d4db96b2efa41645968ccc8d3b2e16bc4c0b98d2455d835d6ee,audit-20260805T005824+0800,仅元数据,元数据范围,2cb83b0cd3d24b2067162ebc33367dc2004e23f9afa27b4017fb357864e42e2e,未知,未知,未知,未知,未知,未知,未判定（缺少确切研究尺度合同）,未登记,无法判定,无法判定,无法判定,无法判定,无法判定,未判定（未登记到达时间合同）,无法判定,无法判定,717d3a2fd3bae60ec6485365211ee579c49778a4ed9985a2688fb0b288e48214,dq-rules-1.0,e87a78a94478584293d9fb3922bbb91882f48c58a8684db89186175facf03cc2,019010d64fe47d89c81bfaedafd458f1d886025bb34292c0c32eafcfa4392657,7bb161b4b63077fbf65b5857e2b1665223583f408247872913d4f9bdf74fb130,无法判定,未执行（第一门未通过）,未执行（无决策记录）,无法判定,decision_record_missing,来源身份已登记但没有获批历史决策记录登记；不读取候选正文，不构造样例记录,登记带来源证据的决策编号、决策时点、数据截止时间及三类时间合同；重新生成不可变批次
replay-20260805T012335+0800-3156feb21c31,DS-000304,BTC,ZI-96f78e47a4eb937919a7a7e9,无法判定,source-identity-1.0,1109bd12e127e87460257ed9d4a19b410f156ed746ae9407e96906a8912f4693,audit-20260805T005824+0800,仅元数据,元数据范围,c7860c8f7bd9c9313b99464b5e16b8992707c62cd8aa33425cbd6cd7a6f663ad,未知,未知,未知,未知,未知,未知,未判定（缺少确切研究尺度合同）,未登记,无法判定,无法判定,无法判定,无法判定,无法判定,未判定（未登记到达时间合同）,无法判定,无法判定,717d3a2fd3bae60ec6485365211ee579c49778a4ed9985a2688fb0b288e48214,dq-rules-1.0,e87a78a94478584293d9fb3922bbb91882f48c58a8684db89186175facf03cc2,019010d64fe47d89c81bfaedafd458f1d886025bb34292c0c32eafcfa4392657,5f11e9dde9a857a3aa762e6b6ac8ceee53d048df9eca64907fa57f9e7564b5fd,无法判定,未执行（第一门未通过）,未执行（无决策记录）,无法判定,decision_record_missing,来源身份已登记但没有获批历史决策记录登记；不读取候选正文，不构造样例记录,登记带来源证据的决策编号、决策时点、数据截止时间及三类时间合同；重新生成不可变批次
replay-20260805T012335+0800-3156feb21c31,DS-000304,ETH,ZI-e1e37aa8d03d6a4717ac26cd,无法判定,source-identity-1.0,45fdc3243b7f1a66a90e599a195d03f67c05c92faa044d297b24f0c5f2816448,audit-20260805T005824+0800,仅元数据,元数据范围,c7860c8f7bd9c9313b99464b5e16b8992707c62cd8aa33425cbd6cd7a6f663ad,未知,未知,未知,未知,未知,未知,未判定（缺少确切研究尺度合同）,未登记,无法判定,无法判定,无法判定,无法判定,无法判定,未判定（未登记到达时间合同）,无法判定,无法判定,717d3a2fd3bae60ec6485365211ee579c49778a4ed9985a2688fb0b288e48214,dq-rules-1.0,e87a78a94478584293d9fb3922bbb91882f48c58a8684db89186175facf03cc2,019010d64fe47d89c81bfaedafd458f1d886025bb34292c0c32eafcfa4392657,c1bb91b44a5bab3453da43a3099b29bf63ca5d5f4bbdd8b51fdbc366cb2a9dcd,无法判定,未执行（第一门未通过）,未执行（无决策记录）,无法判定,decision_record_missing,来源身份已登记但没有获批历史决策记录登记；不读取候选正文，不构造样例记录,登记带来源证据的决策编号、决策时点、数据截止时间及三类时间合同；重新生成不可变批次
replay-20260805T012335+0800-3156feb21c31,DS-000305,BTC,ZI-99e036f2b1093b4f286f64a5,无法判定,source-identity-1.0,bd7da75addcda975032c5e4e3ddb3d66a1a298e96aa9aebd57e7c58ad7025feb,audit-20260805T005824+0800,仅元数据,元数据范围,d82eece068c68469f94027c0323565c21e50b96514e1ba837135a29dddf9f8a5,未知,未知,未知,未知,未知,未知,未判定（缺少确切研究尺度合同）,未登记,无法判定,无法判定,无法判定,无法判定,无法判定,未判定（未登记到达时间合同）,无法判定,无法判定,717d3a2fd3bae60ec6485365211ee579c49778a4ed9985a2688fb0b288e48214,dq-rules-1.0,e87a78a94478584293d9fb3922bbb91882f48c58a8684db89186175facf03cc2,019010d64fe47d89c81bfaedafd458f1d886025bb34292c0c32eafcfa4392657,086f5665e46ec294baac10267465183415d3e238515415fc0f42703caf664e9c,无法判定,未执行（第一门未通过）,未执行（无决策记录）,无法判定,decision_record_missing,来源身份已登记但没有获批历史决策记录登记；不读取候选正文，不构造样例记录,登记带来源证据的决策编号、决策时点、数据截止时间及三类时间合同；重新生成不可变批次
replay-20260805T012335+0800-3156feb21c31,DS-000305,ETH,ZI-69da4a00e49aba44ff106904,无法判定,source-identity-1.0,5a76de02d689a05a76d1e5864ad27c2a4e04f3f7fb105ef407619483300da888,audit-20260805T005824+0800,仅元数据,元数据范围,d82eece068c68469f94027c0323565c21e50b96514e1ba837135a29dddf9f8a5,未知,未知,未知,未知,未知,未知,未判定（缺少确切研究尺度合同）,未登记,无法判定,无法判定,无法判定,无法判定,无法判定,未判定（未登记到达时间合同）,无法判定,无法判定,717d3a2fd3bae60ec6485365211ee579c49778a4ed9985a2688fb0b288e48214,dq-rules-1.0,e87a78a94478584293d9fb3922bbb91882f48c58a8684db89186175facf03cc2,019010d64fe47d89c81bfaedafd458f1d886025bb34292c0c32eafcfa4392657,29b5c4ee669b9788b38cf2b4d805cd71a9e8c6fae2f38c378dd230b389dde47e,无法判定,未执行（第一门未通过）,未执行（无决策记录）,无法判定,decision_record_missing,来源身份已登记但没有获批历史决策记录登记；不读取候选正文，不构造样例记录,登记带来源证据的决策编号、决策时点、数据截止时间及三类时间合同；重新生成不可变批次
replay-20260805T012335+0800-3156feb21c31,DS-000306,BTC,ZI-835a741c0f97b5c8b8f58b9a,无法判定,source-identity-1.0,1897731b5f21fe526c9b04dce339cde4d1b1e901ee492815cdebc672ba3f16e8,audit-20260805T005824+0800,仅元数据,元数据范围,7f6f1492895e837e1c68efe977990a16371b2ae4e24bd8994a309a133c2de646,未知,未知,未知,未知,未知,未知,未判定（缺少确切研究尺度合同）,未登记,无法判定,无法判定,无法判定,无法判定,无法判定,未判定（未登记到达时间合同）,无法判定,无法判定,717d3a2fd3bae60ec6485365211ee579c49778a4ed9985a2688fb0b288e48214,dq-rules-1.0,e87a78a94478584293d9fb3922bbb91882f48c58a8684db89186175facf03cc2,019010d64fe47d89c81bfaedafd458f1d886025bb34292c0c32eafcfa4392657,45215051cf3067b42850a0111a608971e92be9a44f76251a23dc3886a3b5811d,无法判定,未执行（第一门未通过）,未执行（无决策记录）,无法判定,decision_record_missing,来源身份已登记但没有获批历史决策记录登记；不读取候选正文，不构造样例记录,登记带来源证据的决策编号、决策时点、数据截止时间及三类时间合同；重新生成不可变批次
replay-20260805T012335+0800-3156feb21c31,DS-000306,ETH,ZI-68075d8d85399614caa868f9,无法判定,source-identity-1.0,787a3f2725bb97d51c2a608721ebad08023ac2d3fea7f852081f464a18f80295,audit-20260805T005824+0800,仅元数据,元数据范围,7f6f1492895e837e1c68efe977990a16371b2ae4e24bd8994a309a133c2de646,未知,未知,未知,未知,未知,未知,未判定（缺少确切研究尺度合同）,未登记,无法判定,无法判定,无法判定,无法判定,无法判定,未判定（未登记到达时间合同）,无法判定,无法判定,717d3a2fd3bae60ec6485365211ee579c49778a4ed9985a2688fb0b288e48214,dq-rules-1.0,e87a78a94478584293d9fb3922bbb91882f48c58a8684db89186175facf03cc2,019010d64fe47d89c81bfaedafd458f1d886025bb34292c0c32eafcfa4392657,b6bfa6989e5343357d21af3387f53ceef5bfa6a02e10fa6173bfb7a753024323,无法判定,未执行（第一门未通过）,未执行（无决策记录）,无法判定,decision_record_missing,来源身份已登记但没有获批历史决策记录登记；不读取候选正文，不构造样例记录,登记带来源证据的决策编号、决策时点、数据截止时间及三类时间合同；重新生成不可变批次
replay-20260805T012335+0800-3156feb21c31,DS-000307,BTC,ZI-0658842d2088ed09b24efc97,无法判定,source-identity-1.0,4aa30c4f58c755226ace21e137881674470445391809783a147f9bebe4a1888d,audit-20260805T005824+0800,仅元数据,元数据范围,9d0dfbf851c154298dfbe472b97373f48109d65dc9c81fb4c9a9a4ccb9bcfd29,未知,未知,未知,未知,未知,未知,未判定（缺少确切研究尺度合同）,未登记,无法判定,无法判定,无法判定,无法判定,无法判定,未判定（未登记到达时间合同）,无法判定,无法判定,717d3a2fd3bae60ec6485365211ee579c49778a4ed9985a2688fb0b288e48214,dq-rules-1.0,e87a78a94478584293d9fb3922bbb91882f48c58a8684db89186175facf03cc2,019010d64fe47d89c81bfaedafd458f1d886025bb34292c0c32eafcfa4392657,25d5e100e45e1dfce2d3e904174f291fe0a69c7871e273b924c8a18558a2cb96,无法判定,未执行（第一门未通过）,未执行（无决策记录）,无法判定,decision_record_missing,来源身份已登记但没有获批历史决策记录登记；不读取候选正文，不构造样例记录,登记带来源证据的决策编号、决策时点、数据截止时间及三类时间合同；重新生成不可变批次
replay-20260805T012335+0800-3156feb21c31,DS-000307,ETH,ZI-84d1575654e50459998a6d2c,无法判定,source-identity-1.0,d520766081a65bcc99119bf28e88556461a23130ab3011b05770f8c0fc9d0d23,audit-20260805T005824+0800,仅元数据,元数据范围,9d0dfbf851c154298dfbe472b97373f48109d65dc9c81fb4c9a9a4ccb9bcfd29,未知,未知,未知,未知,未知,未知,未判定（缺少确切研究尺度合同）,未登记,无法判定,无法判定,无法判定,无法判定,无法判定,未判定（未登记到达时间合同）,无法判定,无法判定,717d3a2fd3bae60ec6485365211ee579c49778a4ed9985a2688fb0b288e48214,dq-rules-1.0,e87a78a94478584293d9fb3922bbb91882f48c58a8684db89186175facf03cc2,019010d64fe47d89c81bfaedafd458f1d886025bb34292c0c32eafcfa4392657,7c70e3fb8159aa82ac1ff166705cd0462f737be8cfd19c351b74e9c13ae72afd,无法判定,未执行（第一门未通过）,未执行（无决策记录）,无法判定,decision_record_missing,来源身份已登记但没有获批历史决策记录登记；不读取候选正文，不构造样例记录,登记带来源证据的决策编号、决策时点、数据截止时间及三类时间合同；重新生成不可变批次
replay-20260805T012335+0800-3156feb21c31,DS-000308,BTC,ZI-535216234191be483b87ed88,无法判定,source-identity-1.0,71d38a93f051ef1551cc156bdfc9a324a5e2b6f061246b678449761325c79d09,audit-20260805T005824+0800,仅元数据,元数据范围,d4aa040c75391e3bb700cde2dd7ec0b619c454b305ac0cc43faeb716395655d0,未知,未知,未知,未知,未知,未知,未判定（缺少确切研究尺度合同）,未登记,无法判定,无法判定,无法判定,无法判定,无法判定,未判定（未登记到达时间合同）,无法判定,无法判定,717d3a2fd3bae60ec6485365211ee579c49778a4ed9985a2688fb0b288e48214,dq-rules-1.0,e87a78a94478584293d9fb3922bbb91882f48c58a8684db89186175facf03cc2,019010d64fe47d89c81bfaedafd458f1d886025bb34292c0c32eafcfa4392657,9756e00e9c8ec55225d20f4d6cc28a64d37e6a558359e139df50d13ef31d33fd,无法判定,未执行（第一门未通过）,未执行（无决策记录）,无法判定,decision_record_missing,来源身份已登记但没有获批历史决策记录登记；不读取候选正文，不构造样例记录,登记带来源证据的决策编号、决策时点、数据截止时间及三类时间合同；重新生成不可变批次
replay-20260805T012335+0800-3156feb21c31,DS-000308,ETH,ZI-4a88ba0259b171e49f43b735,无法判定,source-identity-1.0,bf56f9643a2bc457983401555f06020bf679bba9bd5dc3fac19cb627c68105b4,audit-20260805T005824+0800,仅元数据,元数据范围,d4aa040c75391e3bb700cde2dd7ec0b619c454b305ac0cc43faeb716395655d0,未知,未知,未知,未知,未知,未知,未判定（缺少确切研究尺度合同）,未登记,无法判定,无法判定,无法判定,无法判定,无法判定,未判定（未登记到达时间合同）,无法判定,无法判定,717d3a2fd3bae60ec6485365211ee579c49778a4ed9985a2688fb0b288e48214,dq-rules-1.0,e87a78a94478584293d9fb3922bbb91882f48c58a8684db89186175facf03cc2,019010d64fe47d89c81bfaedafd458f1d886025bb34292c0c32eafcfa4392657,e925608fbd34f0f5c40eb1d91c7215bcf077ba9e38628372869aaa4158e0546a,无法判定,未执行（第一门未通过）,未执行（无决策记录）,无法判定,decision_record_missing,来源身份已登记但没有获批历史决策记录登记；不读取候选正文，不构造样例记录,登记带来源证据的决策编号、决策时点、数据截止时间及三类时间合同；重新生成不可变批次
replay-20260805T012335+0800-3156feb21c31,DS-000309,BTC,ZI-1113435211180071dee9be25,无法判定,source-identity-1.0,93c39290123204ccb80b5aa5663a94de340f0882fa6ef504aeae862870ccb073,audit-20260805T005824+0800,仅元数据,元数据范围,717c8aecef35cd70c2ff8c463a4c6a971ce0b964a5fdb76d7e7c3ca044f904fc,未知,未知,未知,未知,未知,未知,未判定（缺少确切研究尺度合同）,未登记,无法判定,无法判定,无法判定,无法判定,无法判定,未判定（未登记到达时间合同）,无法判定,无法判定,717d3a2fd3bae60ec6485365211ee579c49778a4ed9985a2688fb0b288e48214,dq-rules-1.0,e87a78a94478584293d9fb3922bbb91882f48c58a8684db89186175facf03cc2,019010d64fe47d89c81bfaedafd458f1d886025bb34292c0c32eafcfa4392657,a44890a9ba0e796c81265a4cdbd926983775f7cbb45f2c478eef6b71376c26fd,无法判定,未执行（第一门未通过）,未执行（无决策记录）,无法判定,decision_record_missing,来源身份已登记但没有获批历史决策记录登记；不读取候选正文，不构造样例记录,登记带来源证据的决策编号、决策时点、数据截止时间及三类时间合同；重新生成不可变批次
replay-20260805T012335+0800-3156feb21c31,DS-000309,ETH,ZI-9e3ac8b171f4d5c0d23aaf96,无法判定,source-identity-1.0,cbb78dc4525a298ee4081824f9c494d9729e9b1d7ac4c0d50acf39e5a18526dd,audit-20260805T005824+0800,仅元数据,元数据范围,717c8aecef35cd70c2ff8c463a4c6a971ce0b964a5fdb76d7e7c3ca044f904fc,未知,未知,未知,未知,未知,未知,未判定（缺少确切研究尺度合同）,未登记,无法判定,无法判定,无法判定,无法判定,无法判定,未判定（未登记到达时间合同）,无法判定,无法判定,717d3a2fd3bae60ec6485365211ee579c49778a4ed9985a2688fb0b288e48214,dq-rules-1.0,e87a78a94478584293d9fb3922bbb91882f48c58a8684db89186175facf03cc2,019010d64fe47d89c81bfaedafd458f1d886025bb34292c0c32eafcfa4392657,fbda3e72726e001c4d69ef9b731f3254d0b657bd58bd3246ad7cb013e78b9c9c,无法判定,未执行（第一门未通过）,未执行（无决策记录）,无法判定,decision_record_missing,来源身份已登记但没有获批历史决策记录登记；不读取候选正文，不构造样例记录,登记带来源证据的决策编号、决策时点、数据截止时间及三类时间合同；重新生成不可变批次
replay-20260805T012335+0800-3156feb21c31,DS-000310,BTC,ZI-5a402a12be02ee6d7c30eec4,无法判定,source-identity-1.0,49fe8dba523968841bb7bade9793ac2667fe18608fd5accfa27e569133cffd66,audit-20260805T005824+0800,仅元数据,元数据范围,05b541bdf6079180c9358b5f7754af355d6fa22fcae89472044013428ec1d7e5,未知,未知,未知,未知,未知,未知,未判定（缺少确切研究尺度合同）,未登记,无法判定,无法判定,无法判定,无法判定,无法判定,未判定（未登记到达时间合同）,无法判定,无法判定,717d3a2fd3bae60ec6485365211ee579c49778a4ed9985a2688fb0b288e48214,dq-rules-1.0,e87a78a94478584293d9fb3922bbb91882f48c58a8684db89186175facf03cc2,019010d64fe47d89c81bfaedafd458f1d886025bb34292c0c32eafcfa4392657,bb52b1f900811cd1d3e06b98f959a776544b1354827809d36c0fbd0b129dc3f5,无法判定,未执行（第一门未通过）,未执行（无决策记录）,无法判定,decision_record_missing,来源身份已登记但没有获批历史决策记录登记；不读取候选正文，不构造样例记录,登记带来源证据的决策编号、决策时点、数据截止时间及三类时间合同；重新生成不可变批次
replay-20260805T012335+0800-3156feb21c31,DS-000310,ETH,ZI-102e25a0c8a2236a75003318,无法判定,source-identity-1.0,f69a0eda2769b0f655bb011b222e1d9d2d51a02972aae3f68b97a26734bf681d,audit-20260805T005824+0800,仅元数据,元数据范围,05b541bdf6079180c9358b5f7754af355d6fa22fcae89472044013428ec1d7e5,未知,未知,未知,未知,未知,未知,未判定（缺少确切研究尺度合同）,未登记,无法判定,无法判定,无法判定,无法判定,无法判定,未判定（未登记到达时间合同）,无法判定,无法判定,717d3a2fd3bae60ec6485365211ee579c49778a4ed9985a2688fb0b288e48214,dq-rules-1.0,e87a78a94478584293d9fb3922bbb91882f48c58a8684db89186175facf03cc2,019010d64fe47d89c81bfaedafd458f1d886025bb34292c0c32eafcfa4392657,cf1402d85d41ff1646611e8fdbf4638cc9f2d5e57474b1ff9da6c01a2ede7044,无法判定,未执行（第一门未通过）,未执行（无决策记录）,无法判定,decision_record_missing,来源身份已登记但没有获批历史决策记录登记；不读取候选正文，不构造样例记录,登记带来源证据的决策编号、决策时点、数据截止时间及三类时间合同；重新生成不可变批次
replay-20260805T012335+0800-3156feb21c31,DS-000311,BTC,ZI-9a6ab07c6edbc9b483925bf6,无法判定,source-identity-1.0,18ca3751368428688a0f9f8dd92d0bcc123cc7d96cb8ce70d209f55e97a2ec92,audit-20260805T005824+0800,仅元数据,元数据范围,50d761fe1bc55fea4e5af5515a1437e0feabc362f42478feada3b729e44e171e,未知,未知,未知,未知,未知,未知,未判定（缺少确切研究尺度合同）,未登记,无法判定,无法判定,无法判定,无法判定,无法判定,未判定（未登记到达时间合同）,无法判定,无法判定,717d3a2fd3bae60ec6485365211ee579c49778a4ed9985a2688fb0b288e48214,dq-rules-1.0,e87a78a94478584293d9fb3922bbb91882f48c58a8684db89186175facf03cc2,019010d64fe47d89c81bfaedafd458f1d886025bb34292c0c32eafcfa4392657,a83be902c7a5fdf8c03e23857f52c6e3bd572459c1d4387f75e76e685576140c,无法判定,未执行（第一门未通过）,未执行（无决策记录）,无法判定,decision_record_missing,来源身份已登记但没有获批历史决策记录登记；不读取候选正文，不构造样例记录,登记带来源证据的决策编号、决策时点、数据截止时间及三类时间合同；重新生成不可变批次
replay-20260805T012335+0800-3156feb21c31,DS-000311,ETH,ZI-62d623e701e08ace29bb1ac9,无法判定,source-identity-1.0,e81fdf0ff4cf25f638ba1270661746b211e0a98ae865d34e68c9367a99e25f08,audit-20260805T005824+0800,仅元数据,元数据范围,50d761fe1bc55fea4e5af5515a1437e0feabc362f42478feada3b729e44e171e,未知,未知,未知,未知,未知,未知,未判定（缺少确切研究尺度合同）,未登记,无法判定,无法判定,无法判定,无法判定,无法判定,未判定（未登记到达时间合同）,无法判定,无法判定,717d3a2fd3bae60ec6485365211ee579c49778a4ed9985a2688fb0b288e48214,dq-rules-1.0,e87a78a94478584293d9fb3922bbb91882f48c58a8684db89186175facf03cc2,019010d64fe47d89c81bfaedafd458f1d886025bb34292c0c32eafcfa4392657,e1d10175ceb0daf3c8909e3ed1f668b16da6403df4e2c40eb3cdc7eba9076c8d,无法判定,未执行（第一门未通过）,未执行（无决策记录）,无法判定,decision_record_missing,来源身份已登记但没有获批历史决策记录登记；不读取候选正文，不构造样例记录,登记带来源证据的决策编号、决策时点、数据截止时间及三类时间合同；重新生成不可变批次
replay-20260805T012335+0800-3156feb21c31,DS-000312,BTC,ZI-f934f2266c1453fb0bed28d8,无法判定,source-identity-1.0,3ca9d23da201d90c3ee4a7be93ec04f89979858c2ef101382f2296e782fcc118,audit-20260805T005824+0800,仅元数据,元数据范围,35de1f119fb80f1014c86aa36a8e45bf2f0f15ea1672b6dc0aed5cf0b7ff58d6,未知,未知,未知,未知,未知,未知,未判定（缺少确切研究尺度合同）,未登记,无法判定,无法判定,无法判定,无法判定,无法判定,未判定（未登记到达时间合同）,无法判定,无法判定,717d3a2fd3bae60ec6485365211ee579c49778a4ed9985a2688fb0b288e48214,dq-rules-1.0,e87a78a94478584293d9fb3922bbb91882f48c58a8684db89186175facf03cc2,019010d64fe47d89c81bfaedafd458f1d886025bb34292c0c32eafcfa4392657,bc56d9cd63a87c42cdcc60eb39f4b79789a407d372245093196e6b628ca2cf73,无法判定,未执行（第一门未通过）,未执行（无决策记录）,无法判定,decision_record_missing,来源身份已登记但没有获批历史决策记录登记；不读取候选正文，不构造样例记录,登记带来源证据的决策编号、决策时点、数据截止时间及三类时间合同；重新生成不可变批次
replay-20260805T012335+0800-3156feb21c31,DS-000312,ETH,ZI-5144341657b9fb567646104a,无法判定,source-identity-1.0,882275a40498bfe49c98a921e9de8e3f1c95cc96dffd0839b6fb875620e450d0,audit-20260805T005824+0800,仅元数据,元数据范围,35de1f119fb80f1014c86aa36a8e45bf2f0f15ea1672b6dc0aed5cf0b7ff58d6,未知,未知,未知,未知,未知,未知,未判定（缺少确切研究尺度合同）,未登记,无法判定,无法判定,无法判定,无法判定,无法判定,未判定（未登记到达时间合同）,无法判定,无法判定,717d3a2fd3bae60ec6485365211ee579c49778a4ed9985a2688fb0b288e48214,dq-rules-1.0,e87a78a94478584293d9fb3922bbb91882f48c58a8684db89186175facf03cc2,019010d64fe47d89c81bfaedafd458f1d886025bb34292c0c32eafcfa4392657,a4acd8f123983ee9bb98fdd6c8bd8fd20b82b637774c1f14b9b6d0a58fe9d601,无法判定,未执行（第一门未通过）,未执行（无决策记录）,无法判定,decision_record_missing,来源身份已登记但没有获批历史决策记录登记；不读取候选正文，不构造样例记录,登记带来源证据的决策编号、决策时点、数据截止时间及三类时间合同；重新生成不可变批次
replay-20260805T012335+0800-3156feb21c31,DS-000313,BTC,ZI-4f781c46c7f513f3e293caf1,无法判定,source-identity-1.0,9bc87a0f7ab825b8c39edfe154631b0f81bf154c38624c16797da9e151e81f1d,audit-20260805T005824+0800,仅元数据,元数据范围,bc374d77eb0ffeb41462ea5c82742bd56d554f0914b718c53153f2db18b189a9,未知,未知,未知,未知,未知,未知,未判定（缺少确切研究尺度合同）,未登记,无法判定,无法判定,无法判定,无法判定,无法判定,未判定（未登记到达时间合同）,无法判定,无法判定,717d3a2fd3bae60ec6485365211ee579c49778a4ed9985a2688fb0b288e48214,dq-rules-1.0,e87a78a94478584293d9fb3922bbb91882f48c58a8684db89186175facf03cc2,019010d64fe47d89c81bfaedafd458f1d886025bb34292c0c32eafcfa4392657,4d90b5384c42399f33c19e90e5d236d5978d09145620e6e199b788e873adbe0e,无法判定,未执行（第一门未通过）,未执行（无决策记录）,无法判定,decision_record_missing,来源身份已登记但没有获批历史决策记录登记；不读取候选正文，不构造样例记录,登记带来源证据的决策编号、决策时点、数据截止时间及三类时间合同；重新生成不可变批次
replay-20260805T012335+0800-3156feb21c31,DS-000313,ETH,ZI-881152f96d8e9e4844ae24e9,无法判定,source-identity-1.0,3504d8d197dc2eee0cfc494294ecb4d3634662174b461280a17a6f3b11988e15,audit-20260805T005824+0800,仅元数据,元数据范围,bc374d77eb0ffeb41462ea5c82742bd56d554f0914b718c53153f2db18b189a9,未知,未知,未知,未知,未知,未知,未判定（缺少确切研究尺度合同）,未登记,无法判定,无法判定,无法判定,无法判定,无法判定,未判定（未登记到达时间合同）,无法判定,无法判定,717d3a2fd3bae60ec6485365211ee579c49778a4ed9985a2688fb0b288e48214,dq-rules-1.0,e87a78a94478584293d9fb3922bbb91882f48c58a8684db89186175facf03cc2,019010d64fe47d89c81bfaedafd458f1d886025bb34292c0c32eafcfa4392657,00917b10c724d6c0ee09a79f5f7a5c8ddbfa5e7a5ffdc8c9322310d8e3b5acb7,无法判定,未执行（第一门未通过）,未执行（无决策记录）,无法判定,decision_record_missing,来源身份已登记但没有获批历史决策记录登记；不读取候选正文，不构造样例记录,登记带来源证据的决策编号、决策时点、数据截止时间及三类时间合同；重新生成不可变批次
replay-20260805T012335+0800-3156feb21c31,DS-000314,BTC,ZI-664d2574f8ab01163a25d595,无法判定,source-identity-1.0,d1fc6d66a40b17411aeb03f3e622bcfb5c561ef1f07d092d34cdd3de4b79e584,audit-20260805T005824+0800,仅元数据,元数据范围,595c85f468341c6d39005724eaff225a15d7366111e7df563a4defaa920b2394,未知,未知,未知,未知,未知,未知,未判定（缺少确切研究尺度合同）,未登记,无法判定,无法判定,无法判定,无法判定,无法判定,未判定（未登记到达时间合同）,无法判定,无法判定,717d3a2fd3bae60ec6485365211ee579c49778a4ed9985a2688fb0b288e48214,dq-rules-1.0,e87a78a94478584293d9fb3922bbb91882f48c58a8684db89186175facf03cc2,019010d64fe47d89c81bfaedafd458f1d886025bb34292c0c32eafcfa4392657,d6beecf20cf770f177f5dae7e9948d4d04274cb663a1016c04058ddf22562385,无法判定,未执行（第一门未通过）,未执行（无决策记录）,无法判定,decision_record_missing,来源身份已登记但没有获批历史决策记录登记；不读取候选正文，不构造样例记录,登记带来源证据的决策编号、决策时点、数据截止时间及三类时间合同；重新生成不可变批次
replay-20260805T012335+0800-3156feb21c31,DS-000314,ETH,ZI-147c7f9873fd47a2fa435551,无法判定,source-identity-1.0,51f7350eaadbd11b164261a6de3cce8707ab03012b79a51fa811bfde250f2029,audit-20260805T005824+0800,仅元数据,元数据范围,595c85f468341c6d39005724eaff225a15d7366111e7df563a4defaa920b2394,未知,未知,未知,未知,未知,未知,未判定（缺少确切研究尺度合同）,未登记,无法判定,无法判定,无法判定,无法判定,无法判定,未判定（未登记到达时间合同）,无法判定,无法判定,717d3a2fd3bae60ec6485365211ee579c49778a4ed9985a2688fb0b288e48214,dq-rules-1.0,e87a78a94478584293d9fb3922bbb91882f48c58a8684db89186175facf03cc2,019010d64fe47d89c81bfaedafd458f1d886025bb34292c0c32eafcfa4392657,323693d98bc472ad5d552cfc10853c528e686886f39fe3421b89096820f246cf,无法判定,未执行（第一门未通过）,未执行（无决策记录）,无法判定,decision_record_missing,来源身份已登记但没有获批历史决策记录登记；不读取候选正文，不构造样例记录,登记带来源证据的决策编号、决策时点、数据截止时间及三类时间合同；重新生成不可变批次
replay-20260805T012335+0800-3156feb21c31,DS-000315,BTC,ZI-6c7b1beec974abfd29a0e66e,无法判定,source-identity-1.0,e4c237d7d683bfb12f510e1d995afbecd4f60fa40d29ae0979fc8ebaa815fe2f,audit-20260805T005824+0800,仅元数据,元数据范围,aa2a36f038d4c05db416aa1bdbd4d2261f1ddefb9d1bb8434986bcc26efed03e,未知,未知,未知,未知,未知,未知,未判定（缺少确切研究尺度合同）,未登记,无法判定,无法判定,无法判定,无法判定,无法判定,未判定（未登记到达时间合同）,无法判定,无法判定,717d3a2fd3bae60ec6485365211ee579c49778a4ed9985a2688fb0b288e48214,dq-rules-1.0,e87a78a94478584293d9fb3922bbb91882f48c58a8684db89186175facf03cc2,019010d64fe47d89c81bfaedafd458f1d886025bb34292c0c32eafcfa4392657,a1be78445fe89fa69f646e30698a63cd77a5c0f502ea6b15032b04f3fdf42ef7,无法判定,未执行（第一门未通过）,未执行（无决策记录）,无法判定,decision_record_missing,来源身份已登记但没有获批历史决策记录登记；不读取候选正文，不构造样例记录,登记带来源证据的决策编号、决策时点、数据截止时间及三类时间合同；重新生成不可变批次
replay-20260805T012335+0800-3156feb21c31,DS-000315,ETH,ZI-c724dd65f9c74cf7dbb14cf6,无法判定,source-identity-1.0,75ec1f4864bc9d8ec6e341791b6d6bc1d5e6e50ae04324176a1ea357c50d6d7a,audit-20260805T005824+0800,仅元数据,元数据范围,aa2a36f038d4c05db416aa1bdbd4d2261f1ddefb9d1bb8434986bcc26efed03e,未知,未知,未知,未知,未知,未知,未判定（缺少确切研究尺度合同）,未登记,无法判定,无法判定,无法判定,无法判定,无法判定,未判定（未登记到达时间合同）,无法判定,无法判定,717d3a2fd3bae60ec6485365211ee579c49778a4ed9985a2688fb0b288e48214,dq-rules-1.0,e87a78a94478584293d9fb3922bbb91882f48c58a8684db89186175facf03cc2,019010d64fe47d89c81bfaedafd458f1d886025bb34292c0c32eafcfa4392657,5930b4a78d033b4c92e04e42b6a21afd409b892ab63ac2fe0dc4248a44038ae7,无法判定,未执行（第一门未通过）,未执行（无决策记录）,无法判定,decision_record_missing,来源身份已登记但没有获批历史决策记录登记；不读取候选正文，不构造样例记录,登记带来源证据的决策编号、决策时点、数据截止时间及三类时间合同；重新生成不可变批次
replay-20260805T012335+0800-3156feb21c31,DS-000316,BTC,ZI-92c90a90bbc0841d7e48f8d6,无法判定,source-identity-1.0,5e3049ebde25e0261283f3e563042ba23dbce753162c7e12f991eda8d346a2b7,audit-20260805T005824+0800,仅元数据,元数据范围,3e70d2ce6b455106f5f4aa70c0b629ea73acd1603b58fd4bc8887bf82c0f2a8d,未知,未知,未知,未知,未知,未知,未判定（缺少确切研究尺度合同）,未登记,无法判定,无法判定,无法判定,无法判定,无法判定,未判定（未登记到达时间合同）,无法判定,无法判定,717d3a2fd3bae60ec6485365211ee579c49778a4ed9985a2688fb0b288e48214,dq-rules-1.0,e87a78a94478584293d9fb3922bbb91882f48c58a8684db89186175facf03cc2,019010d64fe47d89c81bfaedafd458f1d886025bb34292c0c32eafcfa4392657,219ff7dfbffb38c673a50d5f073978ea446d70bc22e9051f6424075442edcfc2,无法判定,未执行（第一门未通过）,未执行（无决策记录）,无法判定,decision_record_missing,来源身份已登记但没有获批历史决策记录登记；不读取候选正文，不构造样例记录,登记带来源证据的决策编号、决策时点、数据截止时间及三类时间合同；重新生成不可变批次
replay-20260805T012335+0800-3156feb21c31,DS-000316,ETH,ZI-c9eec3c9abb8d328fed09cf7,无法判定,source-identity-1.0,be5f5bb2fa37a5a8b679bf7d67051bb6f05bab403fa7ba9e073c50dfc5f4d378,audit-20260805T005824+0800,仅元数据,元数据范围,3e70d2ce6b455106f5f4aa70c0b629ea73acd1603b58fd4bc8887bf82c0f2a8d,未知,未知,未知,未知,未知,未知,未判定（缺少确切研究尺度合同）,未登记,无法判定,无法判定,无法判定,无法判定,无法判定,未判定（未登记到达时间合同）,无法判定,无法判定,717d3a2fd3bae60ec6485365211ee579c49778a4ed9985a2688fb0b288e48214,dq-rules-1.0,e87a78a94478584293d9fb3922bbb91882f48c58a8684db89186175facf03cc2,019010d64fe47d89c81bfaedafd458f1d886025bb34292c0c32eafcfa4392657,cb617728e0673ce4bb3befc4e61a8ad886fa8d5346b8a84431bb512c1544aef6,无法判定,未执行（第一门未通过）,未执行（无决策记录）,无法判定,decision_record_missing,来源身份已登记但没有获批历史决策记录登记；不读取候选正文，不构造样例记录,登记带来源证据的决策编号、决策时点、数据截止时间及三类时间合同；重新生成不可变批次
