来源身份声明批次,成员编号,资产编号,资产类型,标的,主研究尺度,结果观察窗口,来源提供者,交易场所,市场类型,标的身份,精确合约,数据对象,Schema确切版本,授权边界,字段中文映射,声明来源,声明版本,证据定位,证据文件SHA-256,输入成员SHA-256,远端元数据SHA-256,Schema指纹,授权快照SHA-256,状态,原因代码,撤销事实,限制,解除条件,规则SHA-256,执行器SHA-256,成员记录SHA-256
source-identity-declaration-20260808T051455+0800-c59753ae5b8f,ZI-bf37564aac87c9161a93ff81,DS-000001,候选数据文件,BTC,4小时;8小时;24小时;48小时,15分钟;1小时,未知,未知,未知,未知,未知,未知,未知,未知,未知,未登记,无,config/数据/来源身份声明补采.json#身份声明[],a2b503bee22e558d2a12983346f4c7750b97234e9839b5dd9f80db0bd3e4c3b1,6f210f5cac4068efe59c05ccd83b4aa2dd366ae73b635fbc253611e4e60c34bb,571b9003352a06af5aa07db2b5b1b6be2ab316ee4863d1539a9ff9a1b820eaf1,未知,b3a1fc5ec72ad95e258b584f936ad46befab951e0ee9e43eaa18179e34974387,拒绝,INPUT_MEMBER_REJECTED,本批次只读；若声明、输入、Schema或授权漂移，既有结论自动失效并须追加新批次,未读取业务正文、价格、成交、订单簿、账户或凭据；身份字段不完整,为该成员提供当前版本九字段声明及逐字段Schema、授权和唯一证据定位后追加不可变批次,2d50c1344a835ceeb832796935182aeff80bb03cecc5465c8cf3aaccbd446acd,86129966e4bc55fac18f2d7602a2309d4403f85861102128a56a80a5a0ccc1ea,03c5a15ca35782aed1d8e3af9b438c15d63c4393bef59745a536984c49b2d9dd
source-identity-declaration-20260808T051455+0800-c59753ae5b8f,ZI-3846d7813100d3d883f9e584,DS-000002,候选数据文件,BTC,4小时;8小时;24小时;48小时,15分钟;1小时,未知,未知,未知,未知,未知,未知,未知,未知,未知,未登记,无,config/数据/来源身份声明补采.json#身份声明[],a2b503bee22e558d2a12983346f4c7750b97234e9839b5dd9f80db0bd3e4c3b1,6b54cfaecaba756425d105f3eb174d67dda343b196c6d4d553b4ccf22dac9a4b,c1fca4bfb6236fbcc08d28c45d10a7c574d6bd84136ec84c1da40ed53f97d4de,未知,b3a1fc5ec72ad95e258b584f936ad46befab951e0ee9e43eaa18179e34974387,无法判定,FILE_STAT_OBSERVED_IDENTITY_UNPROVEN,本批次只读；若声明、输入、Schema或授权漂移，既有结论自动失效并须追加新批次,未读取业务正文、价格、成交、订单簿、账户或凭据；身份字段不完整,为该成员提供当前版本九字段声明及逐字段Schema、授权和唯一证据定位后追加不可变批次,2d50c1344a835ceeb832796935182aeff80bb03cecc5465c8cf3aaccbd446acd,86129966e4bc55fac18f2d7602a2309d4403f85861102128a56a80a5a0ccc1ea,67b9431096374845b429aabd6611fa26debabac47e81c34a9f8ea859c974452f
source-identity-declaration-20260808T051455+0800-c59753ae5b8f,ZI-bad7fbdd2fd2ed50c31757ed,DS-000003,候选数据文件,BTC,4小时;8小时;24小时;48小时,15分钟;1小时,未知,未知,未知,未知,未知,未知,未知,未知,未知,未登记,无,config/数据/来源身份声明补采.json#身份声明[],a2b503bee22e558d2a12983346f4c7750b97234e9839b5dd9f80db0bd3e4c3b1,eed06d83a64889d174bf4470b7f403841c1b8cbef394fdcd7d26373548bc330a,5e5bb8ec43c73120c4a424eaed68bbb10c9e9070e8420761d724e1829b18f01c,未知,b3a1fc5ec72ad95e258b584f936ad46befab951e0ee9e43eaa18179e34974387,无法判定,FILE_STAT_OBSERVED_IDENTITY_UNPROVEN,本批次只读；若声明、输入、Schema或授权漂移，既有结论自动失效并须追加新批次,未读取业务正文、价格、成交、订单簿、账户或凭据；身份字段不完整,为该成员提供当前版本九字段声明及逐字段Schema、授权和唯一证据定位后追加不可变批次,2d50c1344a835ceeb832796935182aeff80bb03cecc5465c8cf3aaccbd446acd,86129966e4bc55fac18f2d7602a2309d4403f85861102128a56a80a5a0ccc1ea,8a33f3d8cfb537536ac197e7eb562f778a0e837e80b0e2815af667ba3e3eca81
source-identity-declaration-20260808T051455+0800-c59753ae5b8f,ZI-4dee483dff86ed829a01f96f,DS-000004,候选数据文件,BTC,4小时;8小时;24小时;48小时,15分钟;1小时,未知,未知,未知,未知,未知,未知,未知,未知,未知,未登记,无,config/数据/来源身份声明补采.json#身份声明[],a2b503bee22e558d2a12983346f4c7750b97234e9839b5dd9f80db0bd3e4c3b1,f294fc879772804fde50e9093715f6f79193e34ec200003d39435c80c660dc0f,3287b26322b71db0be85d5072577cd04be5b75d46310013bd7fcb182d2050e05,未知,b3a1fc5ec72ad95e258b584f936ad46befab951e0ee9e43eaa18179e34974387,无法判定,FILE_STAT_OBSERVED_IDENTITY_UNPROVEN,本批次只读；若声明、输入、Schema或授权漂移，既有结论自动失效并须追加新批次,未读取业务正文、价格、成交、订单簿、账户或凭据；身份字段不完整,为该成员提供当前版本九字段声明及逐字段Schema、授权和唯一证据定位后追加不可变批次,2d50c1344a835ceeb832796935182aeff80bb03cecc5465c8cf3aaccbd446acd,86129966e4bc55fac18f2d7602a2309d4403f85861102128a56a80a5a0ccc1ea,054a3ed17a4b6ca325715e7c2e316c4419c301a322f3f0cb4c98e61ac6c44ea4
source-identity-declaration-20260808T051455+0800-c59753ae5b8f,ZI-afe25106735b4aef36d7615a,DS-000005,候选数据文件,BTC,4小时;8小时;24小时;48小时,15分钟;1小时,未知,未知,未知,未知,未知,未知,未知,未知,未知,未登记,无,config/数据/来源身份声明补采.json#身份声明[],a2b503bee22e558d2a12983346f4c7750b97234e9839b5dd9f80db0bd3e4c3b1,c3a0b74beeb3a1728b5565c3f43d47d2233ef0001367bb8588714e9f0f4d5adc,630ba5fb9aeda873efd55e45da5e941b0e4b31e4e024c2e9a7b8832a869f88d6,未知,b3a1fc5ec72ad95e258b584f936ad46befab951e0ee9e43eaa18179e34974387,无法判定,FILE_STAT_OBSERVED_IDENTITY_UNPROVEN,本批次只读；若声明、输入、Schema或授权漂移，既有结论自动失效并须追加新批次,未读取业务正文、价格、成交、订单簿、账户或凭据；身份字段不完整,为该成员提供当前版本九字段声明及逐字段Schema、授权和唯一证据定位后追加不可变批次,2d50c1344a835ceeb832796935182aeff80bb03cecc5465c8cf3aaccbd446acd,86129966e4bc55fac18f2d7602a2309d4403f85861102128a56a80a5a0ccc1ea,92dc3f74f2f72cee5ab72d9570347e391e0562b162a448c470bf74539166bcab
source-identity-declaration-20260808T051455+0800-c59753ae5b8f,ZI-14965a0a91aae741bc36b74b,DS-000006,候选数据文件,BTC,4小时;8小时;24小时;48小时,15分钟;1小时,未知,未知,未知,未知,未知,未知,未知,未知,未知,未登记,无,config/数据/来源身份声明补采.json#身份声明[],a2b503bee22e558d2a12983346f4c7750b97234e9839b5dd9f80db0bd3e4c3b1,078e5f02252ebb65f8c728bc0c504e3a3d3e783ebbd2641e58b3841ea530fb97,08fac2370d4c7bd7117f20502bdb0224fd890d3c9be37d9c73c02d75297322f4,未知,b3a1fc5ec72ad95e258b584f936ad46befab951e0ee9e43eaa18179e34974387,无法判定,FILE_STAT_OBSERVED_IDENTITY_UNPROVEN,本批次只读；若声明、输入、Schema或授权漂移，既有结论自动失效并须追加新批次,未读取业务正文、价格、成交、订单簿、账户或凭据；身份字段不完整,为该成员提供当前版本九字段声明及逐字段Schema、授权和唯一证据定位后追加不可变批次,2d50c1344a835ceeb832796935182aeff80bb03cecc5465c8cf3aaccbd446acd,86129966e4bc55fac18f2d7602a2309d4403f85861102128a56a80a5a0ccc1ea,148adfc27027318d70b53b11caabe572b610834afadd1651558e4d872999994f
source-identity-declaration-20260808T051455+0800-c59753ae5b8f,ZI-63b0e2c2062f1a2d08892d31,DS-000007,候选数据文件,BTC,4小时;8小时;24小时;48小时,15分钟;1小时,未知,未知,未知,未知,未知,未知,未知,未知,未知,未登记,无,config/数据/来源身份声明补采.json#身份声明[],a2b503bee22e558d2a12983346f4c7750b97234e9839b5dd9f80db0bd3e4c3b1,3d27809f20371a08ed176c677aaefe132b6a4fc3c9b9acf202f0e6982c17d731,05d74030c6aaf7fa78598833ba5f3c46562fea5b6c7527e83222db699a0f7405,未知,b3a1fc5ec72ad95e258b584f936ad46befab951e0ee9e43eaa18179e34974387,无法判定,FILE_STAT_OBSERVED_IDENTITY_UNPROVEN,本批次只读；若声明、输入、Schema或授权漂移，既有结论自动失效并须追加新批次,未读取业务正文、价格、成交、订单簿、账户或凭据；身份字段不完整,为该成员提供当前版本九字段声明及逐字段Schema、授权和唯一证据定位后追加不可变批次,2d50c1344a835ceeb832796935182aeff80bb03cecc5465c8cf3aaccbd446acd,86129966e4bc55fac18f2d7602a2309d4403f85861102128a56a80a5a0ccc1ea,998159f1ab065d9d23b75e29760d900764ec75d12ba2abfcd18f67f9f81f05c2
source-identity-declaration-20260808T051455+0800-c59753ae5b8f,ZI-a3275f1ead9140426d316fda,DS-000008,候选数据文件,BTC,4小时;8小时;24小时;48小时,15分钟;1小时,未知,未知,未知,未知,未知,未知,未知,未知,未知,未登记,无,config/数据/来源身份声明补采.json#身份声明[],a2b503bee22e558d2a12983346f4c7750b97234e9839b5dd9f80db0bd3e4c3b1,c41e435f351a0e89dcf979f9d54f0c4bf6732364a3fa041800b57b48d68dcad2,da0b82ebabe316093f40d07627662bfa6a1f3dda512b3233bda02699bf31741a,未知,b3a1fc5ec72ad95e258b584f936ad46befab951e0ee9e43eaa18179e34974387,无法判定,FILE_STAT_OBSERVED_IDENTITY_UNPROVEN,本批次只读；若声明、输入、Schema或授权漂移，既有结论自动失效并须追加新批次,未读取业务正文、价格、成交、订单簿、账户或凭据；身份字段不完整,为该成员提供当前版本九字段声明及逐字段Schema、授权和唯一证据定位后追加不可变批次,2d50c1344a835ceeb832796935182aeff80bb03cecc5465c8cf3aaccbd446acd,86129966e4bc55fac18f2d7602a2309d4403f85861102128a56a80a5a0ccc1ea,e0fb62d9363a00c0dee9f14771e160af9e5255359f50b77ed05499f5d7d1c919
source-identity-declaration-20260808T051455+0800-c59753ae5b8f,ZI-24037d8a714b80d1f447c8ca,DS-000009,候选数据文件,BTC,4小时;8小时;24小时;48小时,15分钟;1小时,未知,未知,未知,未知,未知,未知,未知,未知,未知,未登记,无,config/数据/来源身份声明补采.json#身份声明[],a2b503bee22e558d2a12983346f4c7750b97234e9839b5dd9f80db0bd3e4c3b1,57f0db998d6317598e4c7335c89cb4bd04ec0e20592158cfc71f6fc34aa5ad44,1c84e71b28c261da9b2ee0e2a3c8b1068b142a85cd360a8ad0fd9b59f66bfac4,未知,b3a1fc5ec72ad95e258b584f936ad46befab951e0ee9e43eaa18179e34974387,无法判定,FILE_STAT_OBSERVED_IDENTITY_UNPROVEN,本批次只读；若声明、输入、Schema或授权漂移，既有结论自动失效并须追加新批次,未读取业务正文、价格、成交、订单簿、账户或凭据；身份字段不完整,为该成员提供当前版本九字段声明及逐字段Schema、授权和唯一证据定位后追加不可变批次,2d50c1344a835ceeb832796935182aeff80bb03cecc5465c8cf3aaccbd446acd,86129966e4bc55fac18f2d7602a2309d4403f85861102128a56a80a5a0ccc1ea,61d7f624d033e2c02a6fae3cb575bc0e414069cb988d84d139fb84d7624da0dd
source-identity-declaration-20260808T051455+0800-c59753ae5b8f,ZI-8f0cd7b99b1e374adc146a4a,DS-000010,候选数据文件,BTC,4小时;8小时;24小时;48小时,15分钟;1小时,未知,未知,未知,未知,未知,未知,未知,未知,未知,未登记,无,config/数据/来源身份声明补采.json#身份声明[],a2b503bee22e558d2a12983346f4c7750b97234e9839b5dd9f80db0bd3e4c3b1,60a868b7ba10f0aef5db99fd373934b8abcce84661ec2ad1ccee966866bbb502,ab6eb25ffb4fb546071545c7cea0ef9922b71cb58974ee30cd6b2388460fea43,未知,b3a1fc5ec72ad95e258b584f936ad46befab951e0ee9e43eaa18179e34974387,无法判定,FILE_STAT_OBSERVED_IDENTITY_UNPROVEN,本批次只读；若声明、输入、Schema或授权漂移，既有结论自动失效并须追加新批次,未读取业务正文、价格、成交、订单簿、账户或凭据；身份字段不完整,为该成员提供当前版本九字段声明及逐字段Schema、授权和唯一证据定位后追加不可变批次,2d50c1344a835ceeb832796935182aeff80bb03cecc5465c8cf3aaccbd446acd,86129966e4bc55fac18f2d7602a2309d4403f85861102128a56a80a5a0ccc1ea,9a9a61ecde5ebf5e07091e4ddac8d7cd33ebe9bdeaaf3cc335794fc4401a6708
source-identity-declaration-20260808T051455+0800-c59753ae5b8f,ZI-d7cbdc706bf9497b3c98b3eb,DS-000011,候选数据文件,BTC,4小时;8小时;24小时;48小时,15分钟;1小时,未知,未知,未知,未知,未知,未知,未知,未知,未知,未登记,无,config/数据/来源身份声明补采.json#身份声明[],a2b503bee22e558d2a12983346f4c7750b97234e9839b5dd9f80db0bd3e4c3b1,0ec6f6d6ec4c9b002bb715c2ae5793b70a41ece49bc4ab71ab962b1ea26e6c10,70223776d5c33043cba58e4cf9078a5341971889a7ae24af3e8cb7ad8d37c003,未知,b3a1fc5ec72ad95e258b584f936ad46befab951e0ee9e43eaa18179e34974387,无法判定,FILE_STAT_OBSERVED_IDENTITY_UNPROVEN,本批次只读；若声明、输入、Schema或授权漂移，既有结论自动失效并须追加新批次,未读取业务正文、价格、成交、订单簿、账户或凭据；身份字段不完整,为该成员提供当前版本九字段声明及逐字段Schema、授权和唯一证据定位后追加不可变批次,2d50c1344a835ceeb832796935182aeff80bb03cecc5465c8cf3aaccbd446acd,86129966e4bc55fac18f2d7602a2309d4403f85861102128a56a80a5a0ccc1ea,7e93613df90028eeee8cef529530480916dda9fd77b756d43cb3708ea8a71daa
source-identity-declaration-20260808T051455+0800-c59753ae5b8f,ZI-bb992f68b3613e9c75ad8102,DS-000012,候选数据文件,BTC,4小时;8小时;24小时;48小时,15分钟;1小时,未知,未知,未知,未知,未知,未知,未知,未知,未知,未登记,无,config/数据/来源身份声明补采.json#身份声明[],a2b503bee22e558d2a12983346f4c7750b97234e9839b5dd9f80db0bd3e4c3b1,4029ce33cae96639a00b1f2934304f04d9204e36e7d06ee59efff58dc5e0082a,4dd0cfe504269f3a89737cc92ba0aa81c09cfa787c7c6a8fc0e299dee6613bec,未知,b3a1fc5ec72ad95e258b584f936ad46befab951e0ee9e43eaa18179e34974387,无法判定,FILE_STAT_OBSERVED_IDENTITY_UNPROVEN,本批次只读；若声明、输入、Schema或授权漂移，既有结论自动失效并须追加新批次,未读取业务正文、价格、成交、订单簿、账户或凭据；身份字段不完整,为该成员提供当前版本九字段声明及逐字段Schema、授权和唯一证据定位后追加不可变批次,2d50c1344a835ceeb832796935182aeff80bb03cecc5465c8cf3aaccbd446acd,86129966e4bc55fac18f2d7602a2309d4403f85861102128a56a80a5a0ccc1ea,759253b93bad77884d202c5bfcf0453c71be26d851d522b2eca7d218c4c2332a
source-identity-declaration-20260808T051455+0800-c59753ae5b8f,ZI-22947f2c8da15aea945c5d37,DS-000013,候选数据文件,BTC,4小时;8小时;24小时;48小时,15分钟;1小时,未知,未知,未知,未知,未知,未知,未知,未知,未知,未登记,无,config/数据/来源身份声明补采.json#身份声明[],a2b503bee22e558d2a12983346f4c7750b97234e9839b5dd9f80db0bd3e4c3b1,4b5998ebc81851afafa4abf90abf85ad6f259b9415055592ade9dfafdb51f0d3,338fd5e2bb1bb18b5373b6c742c9475a5c2f79b46ba831482bcc85cee7e4a7ee,未知,b3a1fc5ec72ad95e258b584f936ad46befab951e0ee9e43eaa18179e34974387,无法判定,FILE_STAT_OBSERVED_IDENTITY_UNPROVEN,本批次只读；若声明、输入、Schema或授权漂移，既有结论自动失效并须追加新批次,未读取业务正文、价格、成交、订单簿、账户或凭据；身份字段不完整,为该成员提供当前版本九字段声明及逐字段Schema、授权和唯一证据定位后追加不可变批次,2d50c1344a835ceeb832796935182aeff80bb03cecc5465c8cf3aaccbd446acd,86129966e4bc55fac18f2d7602a2309d4403f85861102128a56a80a5a0ccc1ea,529991b43cad9820ce71fdc6414353f4c2e376424a0a153cc8258bc8fa558df6
source-identity-declaration-20260808T051455+0800-c59753ae5b8f,ZI-6fe292c785aa3707aa7bae85,DS-000014,候选数据文件,BTC,4小时;8小时;24小时;48小时,15分钟;1小时,未知,未知,未知,未知,未知,未知,未知,未知,未知,未登记,无,config/数据/来源身份声明补采.json#身份声明[],a2b503bee22e558d2a12983346f4c7750b97234e9839b5dd9f80db0bd3e4c3b1,a2913685c4ef3199de4ac1910f6c1bd45e3a521e39fad3c5475e0071673b8a28,94b33236e77a53ad18d46d30ca3117a6c7a4f4089b5fb75eaf51eb9abdb22ac3,未知,b3a1fc5ec72ad95e258b584f936ad46befab951e0ee9e43eaa18179e34974387,无法判定,FILE_STAT_OBSERVED_IDENTITY_UNPROVEN,本批次只读；若声明、输入、Schema或授权漂移，既有结论自动失效并须追加新批次,未读取业务正文、价格、成交、订单簿、账户或凭据；身份字段不完整,为该成员提供当前版本九字段声明及逐字段Schema、授权和唯一证据定位后追加不可变批次,2d50c1344a835ceeb832796935182aeff80bb03cecc5465c8cf3aaccbd446acd,86129966e4bc55fac18f2d7602a2309d4403f85861102128a56a80a5a0ccc1ea,1496092441355570401605585652d2b15436af23cd27e0288e6b1f36264619d1
source-identity-declaration-20260808T051455+0800-c59753ae5b8f,ZI-ebacff58193ae9067a1b085a,DS-000015,候选数据文件,BTC,4小时;8小时;24小时;48小时,15分钟;1小时,未知,未知,未知,未知,未知,未知,未知,未知,未知,未登记,无,config/数据/来源身份声明补采.json#身份声明[],a2b503bee22e558d2a12983346f4c7750b97234e9839b5dd9f80db0bd3e4c3b1,0954b82bf7f57e01d704dbddc6046326d1d248a34af7095367bb8eca340f6dcf,ba196e8b46d3bb1255ad35d0d96c6caca1d91473ece1ffc3d93e940ea9f6509c,未知,b3a1fc5ec72ad95e258b584f936ad46befab951e0ee9e43eaa18179e34974387,无法判定,FILE_STAT_OBSERVED_IDENTITY_UNPROVEN,本批次只读；若声明、输入、Schema或授权漂移，既有结论自动失效并须追加新批次,未读取业务正文、价格、成交、订单簿、账户或凭据；身份字段不完整,为该成员提供当前版本九字段声明及逐字段Schema、授权和唯一证据定位后追加不可变批次,2d50c1344a835ceeb832796935182aeff80bb03cecc5465c8cf3aaccbd446acd,86129966e4bc55fac18f2d7602a2309d4403f85861102128a56a80a5a0ccc1ea,03b83e77f4fd881293c1300577d897b930ddfeb69d058cf3f8de48a94727d0ed
source-identity-declaration-20260808T051455+0800-c59753ae5b8f,ZI-c7222ddc077a12706bc85a0e,DS-000016,候选数据文件,BTC,4小时;8小时;24小时;48小时,15分钟;1小时,未知,未知,未知,未知,未知,未知,未知,未知,未知,未登记,无,config/数据/来源身份声明补采.json#身份声明[],a2b503bee22e558d2a12983346f4c7750b97234e9839b5dd9f80db0bd3e4c3b1,d541c1aa39ca532bc63001a37820a93db5822824a913980ff6e6492016cd8c06,cf8dee8e990c70063ddac945720f2e7f2045996723bbefdb6f6aa71d447540d5,未知,b3a1fc5ec72ad95e258b584f936ad46befab951e0ee9e43eaa18179e34974387,无法判定,FILE_STAT_OBSERVED_IDENTITY_UNPROVEN,本批次只读；若声明、输入、Schema或授权漂移，既有结论自动失效并须追加新批次,未读取业务正文、价格、成交、订单簿、账户或凭据；身份字段不完整,为该成员提供当前版本九字段声明及逐字段Schema、授权和唯一证据定位后追加不可变批次,2d50c1344a835ceeb832796935182aeff80bb03cecc5465c8cf3aaccbd446acd,86129966e4bc55fac18f2d7602a2309d4403f85861102128a56a80a5a0ccc1ea,deb910e00ac9781729a2ccc946624fa3836b33671ffad53dd21be81be9af56ed
source-identity-declaration-20260808T051455+0800-c59753ae5b8f,ZI-b662cded17c8b415bc18d325,DS-000017,候选数据文件,BTC,4小时;8小时;24小时;48小时,15分钟;1小时,未知,未知,未知,未知,未知,未知,未知,未知,未知,未登记,无,config/数据/来源身份声明补采.json#身份声明[],a2b503bee22e558d2a12983346f4c7750b97234e9839b5dd9f80db0bd3e4c3b1,724331ff5fb4ae5702e299c4ab592929e83424f81741ca15f49f79f17bb48302,d1cb4a02b7b4f0ac7f9deb9aa016893a5d62c9075c5341685fa804dcea8b5cf6,未知,b3a1fc5ec72ad95e258b584f936ad46befab951e0ee9e43eaa18179e34974387,无法判定,FILE_STAT_OBSERVED_IDENTITY_UNPROVEN,本批次只读；若声明、输入、Schema或授权漂移，既有结论自动失效并须追加新批次,未读取业务正文、价格、成交、订单簿、账户或凭据；身份字段不完整,为该成员提供当前版本九字段声明及逐字段Schema、授权和唯一证据定位后追加不可变批次,2d50c1344a835ceeb832796935182aeff80bb03cecc5465c8cf3aaccbd446acd,86129966e4bc55fac18f2d7602a2309d4403f85861102128a56a80a5a0ccc1ea,c4b4bbe5660f756d490126d0eefafbca920795eac80d952f3dbb95508e2132f1
source-identity-declaration-20260808T051455+0800-c59753ae5b8f,ZI-8c0a2a61096b2a4424356b89,DS-000018,候选数据文件,BTC,4小时;8小时;24小时;48小时,15分钟;1小时,未知,未知,未知,未知,未知,未知,未知,未知,未知,未登记,无,config/数据/来源身份声明补采.json#身份声明[],a2b503bee22e558d2a12983346f4c7750b97234e9839b5dd9f80db0bd3e4c3b1,8ac6e149c9aa2f85191b075fe19ae6ab08e0241833b5e33f84b0a42f76e71509,ccfce573e1509c4ce6639e2a67cbce82dbd9a0fef3bec3aed5601bba4a8db09f,未知,b3a1fc5ec72ad95e258b584f936ad46befab951e0ee9e43eaa18179e34974387,无法判定,FILE_STAT_OBSERVED_IDENTITY_UNPROVEN,本批次只读；若声明、输入、Schema或授权漂移，既有结论自动失效并须追加新批次,未读取业务正文、价格、成交、订单簿、账户或凭据；身份字段不完整,为该成员提供当前版本九字段声明及逐字段Schema、授权和唯一证据定位后追加不可变批次,2d50c1344a835ceeb832796935182aeff80bb03cecc5465c8cf3aaccbd446acd,86129966e4bc55fac18f2d7602a2309d4403f85861102128a56a80a5a0ccc1ea,58737a97325fc9617f2150f1d596359a4315ea2cf2adf89550e302849d8843d6
source-identity-declaration-20260808T051455+0800-c59753ae5b8f,ZI-b8918337d2edc573b5335acf,DS-000019,候选数据文件,BTC,4小时;8小时;24小时;48小时,15分钟;1小时,未知,未知,未知,未知,未知,未知,未知,未知,未知,未登记,无,config/数据/来源身份声明补采.json#身份声明[],a2b503bee22e558d2a12983346f4c7750b97234e9839b5dd9f80db0bd3e4c3b1,9fe44aeeec52824c44f64f54bd209145b51e04d8a6e4a281d96b9d9c9c5adc3d,e9f3497108c4ef7faa17c1d0ab180ed70c665f3736320e659ff6fd5949dde51c,未知,b3a1fc5ec72ad95e258b584f936ad46befab951e0ee9e43eaa18179e34974387,无法判定,FILE_STAT_OBSERVED_IDENTITY_UNPROVEN,本批次只读；若声明、输入、Schema或授权漂移，既有结论自动失效并须追加新批次,未读取业务正文、价格、成交、订单簿、账户或凭据；身份字段不完整,为该成员提供当前版本九字段声明及逐字段Schema、授权和唯一证据定位后追加不可变批次,2d50c1344a835ceeb832796935182aeff80bb03cecc5465c8cf3aaccbd446acd,86129966e4bc55fac18f2d7602a2309d4403f85861102128a56a80a5a0ccc1ea,a0a9bb7ccb8de4a6033312cbedfaf425daa14635bfe679b00355ffcf7d79fcf2
source-identity-declaration-20260808T051455+0800-c59753ae5b8f,ZI-a74fe50809407c65c35e27b6,DS-000020,候选数据文件,BTC,4小时;8小时;24小时;48小时,15分钟;1小时,未知,未知,未知,未知,未知,未知,未知,未知,未知,未登记,无,config/数据/来源身份声明补采.json#身份声明[],a2b503bee22e558d2a12983346f4c7750b97234e9839b5dd9f80db0bd3e4c3b1,1c5ab3f968edb2a20de6de92fb10feb8d2736c0dbd5b1cc743a178c603b79e8b,d04c0741957705e73c7006b50c19c45038bc4c0f2d0ac6ff4177f5b123a2fd30,未知,b3a1fc5ec72ad95e258b584f936ad46befab951e0ee9e43eaa18179e34974387,无法判定,FILE_STAT_OBSERVED_IDENTITY_UNPROVEN,本批次只读；若声明、输入、Schema或授权漂移，既有结论自动失效并须追加新批次,未读取业务正文、价格、成交、订单簿、账户或凭据；身份字段不完整,为该成员提供当前版本九字段声明及逐字段Schema、授权和唯一证据定位后追加不可变批次,2d50c1344a835ceeb832796935182aeff80bb03cecc5465c8cf3aaccbd446acd,86129966e4bc55fac18f2d7602a2309d4403f85861102128a56a80a5a0ccc1ea,ce4319dcda9bf2e618decc92dfb4795927f2cb32157ead3b381ff22a225d8400
source-identity-declaration-20260808T051455+0800-c59753ae5b8f,ZI-37ca6c4114c93bb8aabfdb40,DS-000021,候选数据文件,BTC,4小时;8小时;24小时;48小时,15分钟;1小时,未知,未知,未知,未知,未知,未知,未知,未知,未知,未登记,无,config/数据/来源身份声明补采.json#身份声明[],a2b503bee22e558d2a12983346f4c7750b97234e9839b5dd9f80db0bd3e4c3b1,64628c57337149fa715a32c92112d28beb11ea157cc51cbef8d8fb2ac089af2d,bb7d52ffab4c620216335093ec95b8123196dd669e9376a13554b64171223064,未知,b3a1fc5ec72ad95e258b584f936ad46befab951e0ee9e43eaa18179e34974387,无法判定,FILE_STAT_OBSERVED_IDENTITY_UNPROVEN,本批次只读；若声明、输入、Schema或授权漂移，既有结论自动失效并须追加新批次,未读取业务正文、价格、成交、订单簿、账户或凭据；身份字段不完整,为该成员提供当前版本九字段声明及逐字段Schema、授权和唯一证据定位后追加不可变批次,2d50c1344a835ceeb832796935182aeff80bb03cecc5465c8cf3aaccbd446acd,86129966e4bc55fac18f2d7602a2309d4403f85861102128a56a80a5a0ccc1ea,6823dbcf076b59542ba362acb909a2c26f7851b8a1dd164e16b6d2f20028393d
source-identity-declaration-20260808T051455+0800-c59753ae5b8f,ZI-d51a63844fdefcea96fdae6d,DS-000022,候选数据文件,BTC,4小时;8小时;24小时;48小时,15分钟;1小时,未知,未知,未知,未知,未知,未知,未知,未知,未知,未登记,无,config/数据/来源身份声明补采.json#身份声明[],a2b503bee22e558d2a12983346f4c7750b97234e9839b5dd9f80db0bd3e4c3b1,cb0f988b4041dfe60459b092dd3d8713a68e767cffe3cea694725d3b12df3874,2996e1baed6afd98549937bcfb68e08635a23cd1c2d53f3cf66c083845112d84,未知,b3a1fc5ec72ad95e258b584f936ad46befab951e0ee9e43eaa18179e34974387,无法判定,FILE_STAT_OBSERVED_IDENTITY_UNPROVEN,本批次只读；若声明、输入、Schema或授权漂移，既有结论自动失效并须追加新批次,未读取业务正文、价格、成交、订单簿、账户或凭据；身份字段不完整,为该成员提供当前版本九字段声明及逐字段Schema、授权和唯一证据定位后追加不可变批次,2d50c1344a835ceeb832796935182aeff80bb03cecc5465c8cf3aaccbd446acd,86129966e4bc55fac18f2d7602a2309d4403f85861102128a56a80a5a0ccc1ea,82f7375c47789c8a2e373061fbfaea8bf09d6ae2c04a3338ccb6bd8c88a6920f
source-identity-declaration-20260808T051455+0800-c59753ae5b8f,ZI-62a663fd96baa6d2befc3bf2,DS-000023,候选数据文件,BTC,4小时;8小时;24小时;48小时,15分钟;1小时,未知,未知,未知,未知,未知,未知,未知,未知,未知,未登记,无,config/数据/来源身份声明补采.json#身份声明[],a2b503bee22e558d2a12983346f4c7750b97234e9839b5dd9f80db0bd3e4c3b1,7f5828afd16eeb5023d1e7c3d6abf2f23c149f3225a3e53e1078c8e613a07332,8aed83070f51a10889aa2ad427b5fdd393e54dedc790048f7640537e26884244,未知,b3a1fc5ec72ad95e258b584f936ad46befab951e0ee9e43eaa18179e34974387,无法判定,FILE_STAT_OBSERVED_IDENTITY_UNPROVEN,本批次只读；若声明、输入、Schema或授权漂移，既有结论自动失效并须追加新批次,未读取业务正文、价格、成交、订单簿、账户或凭据；身份字段不完整,为该成员提供当前版本九字段声明及逐字段Schema、授权和唯一证据定位后追加不可变批次,2d50c1344a835ceeb832796935182aeff80bb03cecc5465c8cf3aaccbd446acd,86129966e4bc55fac18f2d7602a2309d4403f85861102128a56a80a5a0ccc1ea,e59157a663c8aac69385bd3158020f0df303abc4a78c13f5472e70ccec2b98a6
source-identity-declaration-20260808T051455+0800-c59753ae5b8f,ZI-3e04430d183f37d5f6f412c6,DS-000024,候选数据文件,BTC,4小时;8小时;24小时;48小时,15分钟;1小时,未知,未知,未知,未知,未知,未知,未知,未知,未知,未登记,无,config/数据/来源身份声明补采.json#身份声明[],a2b503bee22e558d2a12983346f4c7750b97234e9839b5dd9f80db0bd3e4c3b1,1a5501c145cb78341a0bdc4a0d62283d57d8158db9cee6a6f6b9300451cfb669,a16243c93228dbf06273dcce7ed16e994d6ed320c1821791566d9bcce0b1fe3a,未知,b3a1fc5ec72ad95e258b584f936ad46befab951e0ee9e43eaa18179e34974387,无法判定,FILE_STAT_OBSERVED_IDENTITY_UNPROVEN,本批次只读；若声明、输入、Schema或授权漂移，既有结论自动失效并须追加新批次,未读取业务正文、价格、成交、订单簿、账户或凭据；身份字段不完整,为该成员提供当前版本九字段声明及逐字段Schema、授权和唯一证据定位后追加不可变批次,2d50c1344a835ceeb832796935182aeff80bb03cecc5465c8cf3aaccbd446acd,86129966e4bc55fac18f2d7602a2309d4403f85861102128a56a80a5a0ccc1ea,2e3c2e115aaaf71af81bb265a149ff7500bf6eae01fb8f18290132463e5537b4
source-identity-declaration-20260808T051455+0800-c59753ae5b8f,ZI-d09e19cfdcbed9a7fdc593be,DS-000025,候选数据文件,BTC,4小时;8小时;24小时;48小时,15分钟;1小时,未知,未知,未知,未知,未知,未知,未知,未知,未知,未登记,无,config/数据/来源身份声明补采.json#身份声明[],a2b503bee22e558d2a12983346f4c7750b97234e9839b5dd9f80db0bd3e4c3b1,90a66897075859e1d9c9e335f1e6bf8caa40126b5af49abd6f7dd08c1c62ab7b,d02b2be6d2d0f29f21065db7d30e94e983e5abee74280e1cddd82f2a5fc46e1a,未知,b3a1fc5ec72ad95e258b584f936ad46befab951e0ee9e43eaa18179e34974387,无法判定,FILE_STAT_OBSERVED_IDENTITY_UNPROVEN,本批次只读；若声明、输入、Schema或授权漂移，既有结论自动失效并须追加新批次,未读取业务正文、价格、成交、订单簿、账户或凭据；身份字段不完整,为该成员提供当前版本九字段声明及逐字段Schema、授权和唯一证据定位后追加不可变批次,2d50c1344a835ceeb832796935182aeff80bb03cecc5465c8cf3aaccbd446acd,86129966e4bc55fac18f2d7602a2309d4403f85861102128a56a80a5a0ccc1ea,5be48a9b154a2440833eb89fa29e73c6136841dd4731107c49e8e79929ca9903
source-identity-declaration-20260808T051455+0800-c59753ae5b8f,ZI-9a5034b379b436117dafdeb9,DS-000026,候选数据文件,BTC,4小时;8小时;24小时;48小时,15分钟;1小时,未知,未知,未知,未知,未知,未知,未知,未知,未知,未登记,无,config/数据/来源身份声明补采.json#身份声明[],a2b503bee22e558d2a12983346f4c7750b97234e9839b5dd9f80db0bd3e4c3b1,d0f705abea8912f989edaccb9cf08cd41eda84e652f74e68a9312e843e842f77,1b9cbb633782c7b249cb4169195daf3317a29c99aec153704282bf945fa3d791,未知,b3a1fc5ec72ad95e258b584f936ad46befab951e0ee9e43eaa18179e34974387,无法判定,FILE_STAT_OBSERVED_IDENTITY_UNPROVEN,本批次只读；若声明、输入、Schema或授权漂移，既有结论自动失效并须追加新批次,未读取业务正文、价格、成交、订单簿、账户或凭据；身份字段不完整,为该成员提供当前版本九字段声明及逐字段Schema、授权和唯一证据定位后追加不可变批次,2d50c1344a835ceeb832796935182aeff80bb03cecc5465c8cf3aaccbd446acd,86129966e4bc55fac18f2d7602a2309d4403f85861102128a56a80a5a0ccc1ea,c5b273ad9c297b6a3ef185868c7219dbf37a112663e74bf3191a2a78cb4adcf5
source-identity-declaration-20260808T051455+0800-c59753ae5b8f,ZI-50bc11d42d88870ce48d3c15,DS-000027,候选数据文件,BTC,4小时;8小时;24小时;48小时,15分钟;1小时,未知,未知,未知,未知,未知,未知,未知,未知,未知,未登记,无,config/数据/来源身份声明补采.json#身份声明[],a2b503bee22e558d2a12983346f4c7750b97234e9839b5dd9f80db0bd3e4c3b1,e25a817f99d52e3d90fb7614939eebcaf57d0bc0f82ee9b42e562f78d2066f9d,b8714618b6412853dba3a92862402c9b3972f7061507a0e26408f6dc357db88f,未知,b3a1fc5ec72ad95e258b584f936ad46befab951e0ee9e43eaa18179e34974387,无法判定,FILE_STAT_OBSERVED_IDENTITY_UNPROVEN,本批次只读；若声明、输入、Schema或授权漂移，既有结论自动失效并须追加新批次,未读取业务正文、价格、成交、订单簿、账户或凭据；身份字段不完整,为该成员提供当前版本九字段声明及逐字段Schema、授权和唯一证据定位后追加不可变批次,2d50c1344a835ceeb832796935182aeff80bb03cecc5465c8cf3aaccbd446acd,86129966e4bc55fac18f2d7602a2309d4403f85861102128a56a80a5a0ccc1ea,5d0e13427cc88e6a4170a16d9ad00d29f3a9fa214633dd7f9b767ddcf6f7e6c6
source-identity-declaration-20260808T051455+0800-c59753ae5b8f,ZI-f94898b1902c73c7204f68f4,DS-000028,候选数据文件,BTC,4小时;8小时;24小时;48小时,15分钟;1小时,未知,未知,未知,未知,未知,未知,未知,未知,未知,未登记,无,config/数据/来源身份声明补采.json#身份声明[],a2b503bee22e558d2a12983346f4c7750b97234e9839b5dd9f80db0bd3e4c3b1,47294cc8ccff44581c75aa5d3c70bc29e9916391a25182dc2645263835aa4c55,ca61ac6dfbc8685ad69ec28ce2fe954546b8bbeb10944b952a6082215f1aece5,未知,b3a1fc5ec72ad95e258b584f936ad46befab951e0ee9e43eaa18179e34974387,无法判定,FILE_STAT_OBSERVED_IDENTITY_UNPROVEN,本批次只读；若声明、输入、Schema或授权漂移，既有结论自动失效并须追加新批次,未读取业务正文、价格、成交、订单簿、账户或凭据；身份字段不完整,为该成员提供当前版本九字段声明及逐字段Schema、授权和唯一证据定位后追加不可变批次,2d50c1344a835ceeb832796935182aeff80bb03cecc5465c8cf3aaccbd446acd,86129966e4bc55fac18f2d7602a2309d4403f85861102128a56a80a5a0ccc1ea,5b30fba48f8c2a668e06e02dab845cab69632c728643475dcf07322bd0dd0773
source-identity-declaration-20260808T051455+0800-c59753ae5b8f,ZI-de37a154d339d6ea9dd24636,DS-000029,候选数据文件,BTC,4小时;8小时;24小时;48小时,15分钟;1小时,未知,未知,未知,未知,未知,未知,未知,未知,未知,未登记,无,config/数据/来源身份声明补采.json#身份声明[],a2b503bee22e558d2a12983346f4c7750b97234e9839b5dd9f80db0bd3e4c3b1,7dd9f501d01b088e7ff2286b3f33fd8431fdbab3aea1cdb36bd41099a798703e,55c62d437482e770422f660443c8bb3e1bd1f8fd84f2c37eae172f4ef5c82861,未知,b3a1fc5ec72ad95e258b584f936ad46befab951e0ee9e43eaa18179e34974387,无法判定,FILE_STAT_OBSERVED_IDENTITY_UNPROVEN,本批次只读；若声明、输入、Schema或授权漂移，既有结论自动失效并须追加新批次,未读取业务正文、价格、成交、订单簿、账户或凭据；身份字段不完整,为该成员提供当前版本九字段声明及逐字段Schema、授权和唯一证据定位后追加不可变批次,2d50c1344a835ceeb832796935182aeff80bb03cecc5465c8cf3aaccbd446acd,86129966e4bc55fac18f2d7602a2309d4403f85861102128a56a80a5a0ccc1ea,2dc00974959d81bc1cf78d22f267d120df493fc446b9c2e4276154c4c94d2e97
source-identity-declaration-20260808T051455+0800-c59753ae5b8f,ZI-1d36a0c340d1ef902e9b9d9e,DS-000030,候选数据文件,BTC,4小时;8小时;24小时;48小时,15分钟;1小时,未知,未知,未知,未知,未知,未知,未知,未知,未知,未登记,无,config/数据/来源身份声明补采.json#身份声明[],a2b503bee22e558d2a12983346f4c7750b97234e9839b5dd9f80db0bd3e4c3b1,7feaf8dbf2a33227bce6c15a332add2a8df5958d70cd20dde169159beffeafd8,5e939c64cae9f29f391d8578713f08f2352b42e4b6a5b0d84b70f171f2232476,未知,b3a1fc5ec72ad95e258b584f936ad46befab951e0ee9e43eaa18179e34974387,无法判定,FILE_STAT_OBSERVED_IDENTITY_UNPROVEN,本批次只读；若声明、输入、Schema或授权漂移，既有结论自动失效并须追加新批次,未读取业务正文、价格、成交、订单簿、账户或凭据；身份字段不完整,为该成员提供当前版本九字段声明及逐字段Schema、授权和唯一证据定位后追加不可变批次,2d50c1344a835ceeb832796935182aeff80bb03cecc5465c8cf3aaccbd446acd,86129966e4bc55fac18f2d7602a2309d4403f85861102128a56a80a5a0ccc1ea,5ff389b291f9b2e03ddb5e488be9499b5c543a950e4f6bf2623adfe51718c67d
source-identity-declaration-20260808T051455+0800-c59753ae5b8f,ZI-90a7b0ede5d1cf41ca54fe0d,DS-000031,候选数据文件,BTC,4小时;8小时;24小时;48小时,15分钟;1小时,未知,未知,未知,未知,未知,未知,未知,未知,未知,未登记,无,config/数据/来源身份声明补采.json#身份声明[],a2b503bee22e558d2a12983346f4c7750b97234e9839b5dd9f80db0bd3e4c3b1,7e617ea65285053e80e850b1a42685e97f1dc11f8a21b09b7a1ddeec481c8607,03ab59e8e774cb766e2fb88000ffb3984a777b0efa71469703eb9d3483184ca5,未知,b3a1fc5ec72ad95e258b584f936ad46befab951e0ee9e43eaa18179e34974387,无法判定,FILE_STAT_OBSERVED_IDENTITY_UNPROVEN,本批次只读；若声明、输入、Schema或授权漂移，既有结论自动失效并须追加新批次,未读取业务正文、价格、成交、订单簿、账户或凭据；身份字段不完整,为该成员提供当前版本九字段声明及逐字段Schema、授权和唯一证据定位后追加不可变批次,2d50c1344a835ceeb832796935182aeff80bb03cecc5465c8cf3aaccbd446acd,86129966e4bc55fac18f2d7602a2309d4403f85861102128a56a80a5a0ccc1ea,c06d131fea924579d9d42d503d2ec6e86dcd0c9c881c46998f27685cf43d7637
source-identity-declaration-20260808T051455+0800-c59753ae5b8f,ZI-af8bf19f503a5a5f7dd6543f,DS-000032,候选数据文件,BTC,4小时;8小时;24小时;48小时,15分钟;1小时,未知,未知,未知,未知,未知,未知,未知,未知,未知,未登记,无,config/数据/来源身份声明补采.json#身份声明[],a2b503bee22e558d2a12983346f4c7750b97234e9839b5dd9f80db0bd3e4c3b1,2ce15b1930aad50b11f350398a0b450644e98b842f7ef2acedf4bee77e77db57,d4f0454fb81a9c29f899f9445d661e3f29161be0e20e0339e9a3bb9b947cc022,未知,b3a1fc5ec72ad95e258b584f936ad46befab951e0ee9e43eaa18179e34974387,无法判定,FILE_STAT_OBSERVED_IDENTITY_UNPROVEN,本批次只读；若声明、输入、Schema或授权漂移，既有结论自动失效并须追加新批次,未读取业务正文、价格、成交、订单簿、账户或凭据；身份字段不完整,为该成员提供当前版本九字段声明及逐字段Schema、授权和唯一证据定位后追加不可变批次,2d50c1344a835ceeb832796935182aeff80bb03cecc5465c8cf3aaccbd446acd,86129966e4bc55fac18f2d7602a2309d4403f85861102128a56a80a5a0ccc1ea,aea56fbd8c24c8d27ea7f25e18036eb8401388d42fe818fbf17e940fc3acdec0
source-identity-declaration-20260808T051455+0800-c59753ae5b8f,ZI-0e19e886b80de5aa05aaf456,DS-000033,候选数据文件,BTC,4小时;8小时;24小时;48小时,15分钟;1小时,未知,未知,未知,未知,未知,未知,未知,未知,未知,未登记,无,config/数据/来源身份声明补采.json#身份声明[],a2b503bee22e558d2a12983346f4c7750b97234e9839b5dd9f80db0bd3e4c3b1,6c383d50d95f4de8a57eed3f877bf95e02d1617101a25d532b17bf06f1520432,aaaa223c6f21891dd45561d9c42e7cbff0a7c4773594b6b9edb5e0098ff0b40e,未知,b3a1fc5ec72ad95e258b584f936ad46befab951e0ee9e43eaa18179e34974387,无法判定,FILE_STAT_OBSERVED_IDENTITY_UNPROVEN,本批次只读；若声明、输入、Schema或授权漂移，既有结论自动失效并须追加新批次,未读取业务正文、价格、成交、订单簿、账户或凭据；身份字段不完整,为该成员提供当前版本九字段声明及逐字段Schema、授权和唯一证据定位后追加不可变批次,2d50c1344a835ceeb832796935182aeff80bb03cecc5465c8cf3aaccbd446acd,86129966e4bc55fac18f2d7602a2309d4403f85861102128a56a80a5a0ccc1ea,138e2aa8df146feed3fadfec42d967e39562afc3f3b53fd84565e351cf5640ae
source-identity-declaration-20260808T051455+0800-c59753ae5b8f,ZI-d0e75a2e82e0873897d28939,DS-000034,候选数据文件,BTC,4小时;8小时;24小时;48小时,15分钟;1小时,未知,未知,未知,未知,未知,未知,未知,未知,未知,未登记,无,config/数据/来源身份声明补采.json#身份声明[],a2b503bee22e558d2a12983346f4c7750b97234e9839b5dd9f80db0bd3e4c3b1,620ec0b6af2da2ee08cf1e41e20fb6206dec2fe11c489115b4686ab4d470868b,a01637dd420036d7350e638e74f3446d7bb6eab8c381e617cb8a151b13d187e2,未知,b3a1fc5ec72ad95e258b584f936ad46befab951e0ee9e43eaa18179e34974387,无法判定,FILE_STAT_OBSERVED_IDENTITY_UNPROVEN,本批次只读；若声明、输入、Schema或授权漂移，既有结论自动失效并须追加新批次,未读取业务正文、价格、成交、订单簿、账户或凭据；身份字段不完整,为该成员提供当前版本九字段声明及逐字段Schema、授权和唯一证据定位后追加不可变批次,2d50c1344a835ceeb832796935182aeff80bb03cecc5465c8cf3aaccbd446acd,86129966e4bc55fac18f2d7602a2309d4403f85861102128a56a80a5a0ccc1ea,b51dcd1153715522abc66835d7cdc4021daa7f63817a4d02d17678c1b9cfc22b
source-identity-declaration-20260808T051455+0800-c59753ae5b8f,ZI-9f4947e6d2fa71654647194e,DS-000035,候选数据文件,BTC,4小时;8小时;24小时;48小时,15分钟;1小时,未知,未知,未知,未知,未知,未知,未知,未知,未知,未登记,无,config/数据/来源身份声明补采.json#身份声明[],a2b503bee22e558d2a12983346f4c7750b97234e9839b5dd9f80db0bd3e4c3b1,c8052ba5f3ee15d405a6a41853edafb8cc7df932629aa95e77ecbbf0cf89d0c9,7eb455130bf984a8fcdb908e3cf4afcfe777dd54303cbefcfd031147206fbd8e,未知,b3a1fc5ec72ad95e258b584f936ad46befab951e0ee9e43eaa18179e34974387,无法判定,FILE_STAT_OBSERVED_IDENTITY_UNPROVEN,本批次只读；若声明、输入、Schema或授权漂移，既有结论自动失效并须追加新批次,未读取业务正文、价格、成交、订单簿、账户或凭据；身份字段不完整,为该成员提供当前版本九字段声明及逐字段Schema、授权和唯一证据定位后追加不可变批次,2d50c1344a835ceeb832796935182aeff80bb03cecc5465c8cf3aaccbd446acd,86129966e4bc55fac18f2d7602a2309d4403f85861102128a56a80a5a0ccc1ea,79523f354c3877eecbd388085d78ec2dddadcc7356e475981de17d3b9ca60ddf
source-identity-declaration-20260808T051455+0800-c59753ae5b8f,ZI-71dc83b38b1a5a4983d0c730,DS-000036,候选数据文件,BTC,4小时;8小时;24小时;48小时,15分钟;1小时,未知,未知,未知,未知,未知,未知,未知,未知,未知,未登记,无,config/数据/来源身份声明补采.json#身份声明[],a2b503bee22e558d2a12983346f4c7750b97234e9839b5dd9f80db0bd3e4c3b1,831dbef09d5e1df0dc41e48ab9504365e6e18a12807ca94e1c805c8181299249,c4f22a85750bb0304abb271618e0b591819a12749f5f1fc70594e81094ee0c66,未知,b3a1fc5ec72ad95e258b584f936ad46befab951e0ee9e43eaa18179e34974387,无法判定,FILE_STAT_OBSERVED_IDENTITY_UNPROVEN,本批次只读；若声明、输入、Schema或授权漂移，既有结论自动失效并须追加新批次,未读取业务正文、价格、成交、订单簿、账户或凭据；身份字段不完整,为该成员提供当前版本九字段声明及逐字段Schema、授权和唯一证据定位后追加不可变批次,2d50c1344a835ceeb832796935182aeff80bb03cecc5465c8cf3aaccbd446acd,86129966e4bc55fac18f2d7602a2309d4403f85861102128a56a80a5a0ccc1ea,db3999c094d3936b3788b37f85922aa38377ce92a0f672a8ed2f3c9d4fabe42d
source-identity-declaration-20260808T051455+0800-c59753ae5b8f,ZI-6f99492a5fbd85c183f61d8e,DS-000037,候选数据文件,BTC,4小时;8小时;24小时;48小时,15分钟;1小时,未知,未知,未知,未知,未知,未知,未知,未知,未知,未登记,无,config/数据/来源身份声明补采.json#身份声明[],a2b503bee22e558d2a12983346f4c7750b97234e9839b5dd9f80db0bd3e4c3b1,c6a61887a923c5a8e4ba052c9fa91d7c255b03f4bcc5c28d53deafc5f40d8e2b,17626b9fd43c49af70347bca70733764ac11853c03bc46cf4079a555eebd20a4,未知,b3a1fc5ec72ad95e258b584f936ad46befab951e0ee9e43eaa18179e34974387,无法判定,FILE_STAT_OBSERVED_IDENTITY_UNPROVEN,本批次只读；若声明、输入、Schema或授权漂移，既有结论自动失效并须追加新批次,未读取业务正文、价格、成交、订单簿、账户或凭据；身份字段不完整,为该成员提供当前版本九字段声明及逐字段Schema、授权和唯一证据定位后追加不可变批次,2d50c1344a835ceeb832796935182aeff80bb03cecc5465c8cf3aaccbd446acd,86129966e4bc55fac18f2d7602a2309d4403f85861102128a56a80a5a0ccc1ea,84a2aff4e690709d07fe7eee371258c9d5577fb80127865822bd0451c8eed92c
source-identity-declaration-20260808T051455+0800-c59753ae5b8f,ZI-9d505f466a534d4c682806e4,DS-000038,候选数据文件,BTC,4小时;8小时;24小时;48小时,15分钟;1小时,未知,未知,未知,未知,未知,未知,未知,未知,未知,未登记,无,config/数据/来源身份声明补采.json#身份声明[],a2b503bee22e558d2a12983346f4c7750b97234e9839b5dd9f80db0bd3e4c3b1,fa4631a27e1710a2adac5e18f14fba4d3ac7985b62a900a8a32921c0f616b5e6,559ad5a118a39b34f6f5214d20e9e851eddf34b0a4078ecef8416070fc140c2d,未知,b3a1fc5ec72ad95e258b584f936ad46befab951e0ee9e43eaa18179e34974387,无法判定,FILE_STAT_OBSERVED_IDENTITY_UNPROVEN,本批次只读；若声明、输入、Schema或授权漂移，既有结论自动失效并须追加新批次,未读取业务正文、价格、成交、订单簿、账户或凭据；身份字段不完整,为该成员提供当前版本九字段声明及逐字段Schema、授权和唯一证据定位后追加不可变批次,2d50c1344a835ceeb832796935182aeff80bb03cecc5465c8cf3aaccbd446acd,86129966e4bc55fac18f2d7602a2309d4403f85861102128a56a80a5a0ccc1ea,9a47467d5c962075150f552c0c1765a1e728dcfd694489eefc2503820523a12f
source-identity-declaration-20260808T051455+0800-c59753ae5b8f,ZI-5202b33cd76d35c9b4da14bf,DS-000039,候选数据文件,BTC,4小时;8小时;24小时;48小时,15分钟;1小时,未知,未知,未知,未知,未知,未知,未知,未知,未知,未登记,无,config/数据/来源身份声明补采.json#身份声明[],a2b503bee22e558d2a12983346f4c7750b97234e9839b5dd9f80db0bd3e4c3b1,87a8b34d0a521a1b81b170b9eadc51933b3582c7ff859894e05f962bbaa7b31a,e8acbd649d723c9047cb103361a9631b834d7e8ad72442860661999aeb32eddc,未知,b3a1fc5ec72ad95e258b584f936ad46befab951e0ee9e43eaa18179e34974387,无法判定,FILE_STAT_OBSERVED_IDENTITY_UNPROVEN,本批次只读；若声明、输入、Schema或授权漂移，既有结论自动失效并须追加新批次,未读取业务正文、价格、成交、订单簿、账户或凭据；身份字段不完整,为该成员提供当前版本九字段声明及逐字段Schema、授权和唯一证据定位后追加不可变批次,2d50c1344a835ceeb832796935182aeff80bb03cecc5465c8cf3aaccbd446acd,86129966e4bc55fac18f2d7602a2309d4403f85861102128a56a80a5a0ccc1ea,845724f91ba2f10bf3ea02a8f7247f50f0514848d643041a45f7f2a4e4cb5079
source-identity-declaration-20260808T051455+0800-c59753ae5b8f,ZI-eb360ff1fbdbe74db1aaedae,DS-000040,候选数据文件,BTC,4小时;8小时;24小时;48小时,15分钟;1小时,未知,未知,未知,未知,未知,未知,未知,未知,未知,未登记,无,config/数据/来源身份声明补采.json#身份声明[],a2b503bee22e558d2a12983346f4c7750b97234e9839b5dd9f80db0bd3e4c3b1,4790bac68af16a75efca855b27de95148a8f7d869a8eb4d8366de3015c759626,d4f4f0be34c615ad02899b56af3613910cdb752ce3004315c045c92c382d4567,未知,b3a1fc5ec72ad95e258b584f936ad46befab951e0ee9e43eaa18179e34974387,无法判定,FILE_STAT_OBSERVED_IDENTITY_UNPROVEN,本批次只读；若声明、输入、Schema或授权漂移，既有结论自动失效并须追加新批次,未读取业务正文、价格、成交、订单簿、账户或凭据；身份字段不完整,为该成员提供当前版本九字段声明及逐字段Schema、授权和唯一证据定位后追加不可变批次,2d50c1344a835ceeb832796935182aeff80bb03cecc5465c8cf3aaccbd446acd,86129966e4bc55fac18f2d7602a2309d4403f85861102128a56a80a5a0ccc1ea,3112b7e976d5d035fd81194e31d91bbd06020e19957a774602c36adae1e57ad9
source-identity-declaration-20260808T051455+0800-c59753ae5b8f,ZI-59cd4def5a80d4b7162c7401,DS-000041,候选数据文件,BTC,4小时;8小时;24小时;48小时,15分钟;1小时,未知,未知,未知,未知,未知,未知,未知,未知,未知,未登记,无,config/数据/来源身份声明补采.json#身份声明[],a2b503bee22e558d2a12983346f4c7750b97234e9839b5dd9f80db0bd3e4c3b1,286620d7066b28b8ed933077901ecb9ff8a5c8e40df6514ff7c3ba5ecac9abe8,6466d27c4cacb1b44340701a0f9953f1044a436672e0ab6b229502c56183e6df,未知,b3a1fc5ec72ad95e258b584f936ad46befab951e0ee9e43eaa18179e34974387,无法判定,FILE_STAT_OBSERVED_IDENTITY_UNPROVEN,本批次只读；若声明、输入、Schema或授权漂移，既有结论自动失效并须追加新批次,未读取业务正文、价格、成交、订单簿、账户或凭据；身份字段不完整,为该成员提供当前版本九字段声明及逐字段Schema、授权和唯一证据定位后追加不可变批次,2d50c1344a835ceeb832796935182aeff80bb03cecc5465c8cf3aaccbd446acd,86129966e4bc55fac18f2d7602a2309d4403f85861102128a56a80a5a0ccc1ea,c67867c6441e182691300b67207d4f0fe754294dc768dd540daa4e98a300f5ca
source-identity-declaration-20260808T051455+0800-c59753ae5b8f,ZI-28b27eba60391c882e91fe7c,DS-000042,候选数据文件,BTC,4小时;8小时;24小时;48小时,15分钟;1小时,未知,未知,未知,未知,未知,未知,未知,未知,未知,未登记,无,config/数据/来源身份声明补采.json#身份声明[],a2b503bee22e558d2a12983346f4c7750b97234e9839b5dd9f80db0bd3e4c3b1,9481f1a90753f8379ea69a4aa88f1289d5bb48cf515812dd34aca6a32ed0708f,5a5b0d58f6e34a58ddc18dd810ece30e36250221a82d0f308d3fd5aa1c139400,未知,b3a1fc5ec72ad95e258b584f936ad46befab951e0ee9e43eaa18179e34974387,拒绝,INPUT_MEMBER_REJECTED,本批次只读；若声明、输入、Schema或授权漂移，既有结论自动失效并须追加新批次,未读取业务正文、价格、成交、订单簿、账户或凭据；身份字段不完整,为该成员提供当前版本九字段声明及逐字段Schema、授权和唯一证据定位后追加不可变批次,2d50c1344a835ceeb832796935182aeff80bb03cecc5465c8cf3aaccbd446acd,86129966e4bc55fac18f2d7602a2309d4403f85861102128a56a80a5a0ccc1ea,77f7b32b7d2104dce918064c14d09be889c4be49150611d0360464ee621cbe84
source-identity-declaration-20260808T051455+0800-c59753ae5b8f,ZI-1cf476188f922d17399cba47,DS-000043,候选数据文件,BTC,4小时;8小时;24小时;48小时,15分钟;1小时,未知,未知,未知,未知,未知,未知,未知,未知,未知,未登记,无,config/数据/来源身份声明补采.json#身份声明[],a2b503bee22e558d2a12983346f4c7750b97234e9839b5dd9f80db0bd3e4c3b1,ab6e9c5b122b709541147d45af09142fa48c4c8a57e5fd6e14d93cbfe55942f2,f1af5c27aab013187cc6332f83885a31036557bb1cd4001d5390487a5f39e216,未知,b3a1fc5ec72ad95e258b584f936ad46befab951e0ee9e43eaa18179e34974387,无法判定,FILE_STAT_OBSERVED_IDENTITY_UNPROVEN,本批次只读；若声明、输入、Schema或授权漂移，既有结论自动失效并须追加新批次,未读取业务正文、价格、成交、订单簿、账户或凭据；身份字段不完整,为该成员提供当前版本九字段声明及逐字段Schema、授权和唯一证据定位后追加不可变批次,2d50c1344a835ceeb832796935182aeff80bb03cecc5465c8cf3aaccbd446acd,86129966e4bc55fac18f2d7602a2309d4403f85861102128a56a80a5a0ccc1ea,de38c365d000ff80592f3818ebb2ad553de15447667fb22b81c02a40ffb08b63
source-identity-declaration-20260808T051455+0800-c59753ae5b8f,ZI-3f0f96416ab0e94e0fb49698,DS-000044,候选数据文件,BTC,4小时;8小时;24小时;48小时,15分钟;1小时,未知,未知,未知,未知,未知,未知,未知,未知,未知,未登记,无,config/数据/来源身份声明补采.json#身份声明[],a2b503bee22e558d2a12983346f4c7750b97234e9839b5dd9f80db0bd3e4c3b1,4b351da245a5729653e1e8695950bb4ec677aa15b29af4adcaea6d6c4773688a,5990fc9f777f3a08f3a03f46f067ee00ec5826ede9a27082c1a57ba0ccd0e345,未知,b3a1fc5ec72ad95e258b584f936ad46befab951e0ee9e43eaa18179e34974387,无法判定,FILE_STAT_OBSERVED_IDENTITY_UNPROVEN,本批次只读；若声明、输入、Schema或授权漂移，既有结论自动失效并须追加新批次,未读取业务正文、价格、成交、订单簿、账户或凭据；身份字段不完整,为该成员提供当前版本九字段声明及逐字段Schema、授权和唯一证据定位后追加不可变批次,2d50c1344a835ceeb832796935182aeff80bb03cecc5465c8cf3aaccbd446acd,86129966e4bc55fac18f2d7602a2309d4403f85861102128a56a80a5a0ccc1ea,25fb9e9700785f17853edbbb518eca4ab7c8fc0d92fca704b4a1b3992f61c8e7
source-identity-declaration-20260808T051455+0800-c59753ae5b8f,ZI-e95abca6578fd05efc1e15f3,DS-000045,候选数据文件,BTC,4小时;8小时;24小时;48小时,15分钟;1小时,未知,未知,未知,未知,未知,未知,未知,未知,未知,未登记,无,config/数据/来源身份声明补采.json#身份声明[],a2b503bee22e558d2a12983346f4c7750b97234e9839b5dd9f80db0bd3e4c3b1,7969b3cc256f4b649caaa29cb58c697653c15965c89907fd86f2e98016eff342,4a672bbf789d8418ab929419c221e3ea11a5d4886b4df96d1cc466617293a28c,未知,b3a1fc5ec72ad95e258b584f936ad46befab951e0ee9e43eaa18179e34974387,无法判定,FILE_STAT_OBSERVED_IDENTITY_UNPROVEN,本批次只读；若声明、输入、Schema或授权漂移，既有结论自动失效并须追加新批次,未读取业务正文、价格、成交、订单簿、账户或凭据；身份字段不完整,为该成员提供当前版本九字段声明及逐字段Schema、授权和唯一证据定位后追加不可变批次,2d50c1344a835ceeb832796935182aeff80bb03cecc5465c8cf3aaccbd446acd,86129966e4bc55fac18f2d7602a2309d4403f85861102128a56a80a5a0ccc1ea,a23b97c89febcda3a7a504da1a9c61ec444fdab68a32cddc432a545f237a546e
source-identity-declaration-20260808T051455+0800-c59753ae5b8f,ZI-3379bd8636483e94be99ec24,DS-000046,候选数据文件,BTC,4小时;8小时;24小时;48小时,15分钟;1小时,未知,未知,未知,未知,未知,未知,未知,未知,未知,未登记,无,config/数据/来源身份声明补采.json#身份声明[],a2b503bee22e558d2a12983346f4c7750b97234e9839b5dd9f80db0bd3e4c3b1,d2c16595af2ff812b9699afbac5821cee73e4c3f6842fa3a5a109853626e6c4d,4d70a250b389eb733f5144e8845ac7cf47b4af915a0ae8ca11265a6e2d4d066f,未知,b3a1fc5ec72ad95e258b584f936ad46befab951e0ee9e43eaa18179e34974387,无法判定,FILE_STAT_OBSERVED_IDENTITY_UNPROVEN,本批次只读；若声明、输入、Schema或授权漂移，既有结论自动失效并须追加新批次,未读取业务正文、价格、成交、订单簿、账户或凭据；身份字段不完整,为该成员提供当前版本九字段声明及逐字段Schema、授权和唯一证据定位后追加不可变批次,2d50c1344a835ceeb832796935182aeff80bb03cecc5465c8cf3aaccbd446acd,86129966e4bc55fac18f2d7602a2309d4403f85861102128a56a80a5a0ccc1ea,af7f52deee3c8e10f536fc3bd5c3a4022356e98b5f9586c49f06f3ed386c4a8e
source-identity-declaration-20260808T051455+0800-c59753ae5b8f,ZI-e9c04e44e219308250fcfba3,DS-000047,候选数据文件,BTC,4小时;8小时;24小时;48小时,15分钟;1小时,未知,未知,未知,未知,未知,未知,未知,未知,未知,未登记,无,config/数据/来源身份声明补采.json#身份声明[],a2b503bee22e558d2a12983346f4c7750b97234e9839b5dd9f80db0bd3e4c3b1,bef8b79e0bee8d3d15ff6d609fb35f08d45972b26fe4f024fbeee00416ef25a9,46b1a39ec8b38aa5a4c52cda15baa63de901bc1a6ec17e421876bd8aa4e7b6c9,未知,b3a1fc5ec72ad95e258b584f936ad46befab951e0ee9e43eaa18179e34974387,无法判定,FILE_STAT_OBSERVED_IDENTITY_UNPROVEN,本批次只读；若声明、输入、Schema或授权漂移，既有结论自动失效并须追加新批次,未读取业务正文、价格、成交、订单簿、账户或凭据；身份字段不完整,为该成员提供当前版本九字段声明及逐字段Schema、授权和唯一证据定位后追加不可变批次,2d50c1344a835ceeb832796935182aeff80bb03cecc5465c8cf3aaccbd446acd,86129966e4bc55fac18f2d7602a2309d4403f85861102128a56a80a5a0ccc1ea,b8eba85cfc0897ef821e4f95c1ec930a2b8c2efba13a39a99021903eb7d276fe
source-identity-declaration-20260808T051455+0800-c59753ae5b8f,ZI-99675e73612aefac9625cff4,DS-000048,候选数据文件,BTC,4小时;8小时;24小时;48小时,15分钟;1小时,未知,未知,未知,未知,未知,未知,未知,未知,未知,未登记,无,config/数据/来源身份声明补采.json#身份声明[],a2b503bee22e558d2a12983346f4c7750b97234e9839b5dd9f80db0bd3e4c3b1,27c0d7523fd027e4594aaaebc9fd2b4c9853db367233c9469ddddb6909841121,b130c943a71f5e8f7eeda223021569da1e0b67b02216504de601bda39a375860,未知,b3a1fc5ec72ad95e258b584f936ad46befab951e0ee9e43eaa18179e34974387,无法判定,FILE_STAT_OBSERVED_IDENTITY_UNPROVEN,本批次只读；若声明、输入、Schema或授权漂移，既有结论自动失效并须追加新批次,未读取业务正文、价格、成交、订单簿、账户或凭据；身份字段不完整,为该成员提供当前版本九字段声明及逐字段Schema、授权和唯一证据定位后追加不可变批次,2d50c1344a835ceeb832796935182aeff80bb03cecc5465c8cf3aaccbd446acd,86129966e4bc55fac18f2d7602a2309d4403f85861102128a56a80a5a0ccc1ea,25a47024322371125a566a9a05a160218568f44efb8f392b9d60af303646d638
source-identity-declaration-20260808T051455+0800-c59753ae5b8f,ZI-feaa0f97c21b956a87e42395,DS-000049,候选数据文件,BTC,4小时;8小时;24小时;48小时,15分钟;1小时,未知,未知,未知,未知,未知,未知,未知,未知,未知,未登记,无,config/数据/来源身份声明补采.json#身份声明[],a2b503bee22e558d2a12983346f4c7750b97234e9839b5dd9f80db0bd3e4c3b1,4fe0f84c8d96411a88be702c038c1a07e59990872b4f40ea4c994bc83ed839a3,cbec9eccd0ff91df26387ee379b364634312b6b2bc4a236cda20de94fceda7c7,未知,b3a1fc5ec72ad95e258b584f936ad46befab951e0ee9e43eaa18179e34974387,无法判定,FILE_STAT_OBSERVED_IDENTITY_UNPROVEN,本批次只读；若声明、输入、Schema或授权漂移，既有结论自动失效并须追加新批次,未读取业务正文、价格、成交、订单簿、账户或凭据；身份字段不完整,为该成员提供当前版本九字段声明及逐字段Schema、授权和唯一证据定位后追加不可变批次,2d50c1344a835ceeb832796935182aeff80bb03cecc5465c8cf3aaccbd446acd,86129966e4bc55fac18f2d7602a2309d4403f85861102128a56a80a5a0ccc1ea,32793853b7981eff1315f58de5f11b414c28b485cab14daa481a6fcb754c0ddd
source-identity-declaration-20260808T051455+0800-c59753ae5b8f,ZI-833060375f085d1b0f2b75c7,DS-000050,候选数据文件,BTC,4小时;8小时;24小时;48小时,15分钟;1小时,未知,未知,未知,未知,未知,未知,未知,未知,未知,未登记,无,config/数据/来源身份声明补采.json#身份声明[],a2b503bee22e558d2a12983346f4c7750b97234e9839b5dd9f80db0bd3e4c3b1,dbba04adf9e0ed6082031b7d3b413eec7ec31a70b2e28e729c73ec97d3a920c4,e15aa3f757d94453fbbb03dbdafb0ada84fa6a63d3e852250fccf88237d587b9,未知,b3a1fc5ec72ad95e258b584f936ad46befab951e0ee9e43eaa18179e34974387,无法判定,FILE_STAT_OBSERVED_IDENTITY_UNPROVEN,本批次只读；若声明、输入、Schema或授权漂移，既有结论自动失效并须追加新批次,未读取业务正文、价格、成交、订单簿、账户或凭据；身份字段不完整,为该成员提供当前版本九字段声明及逐字段Schema、授权和唯一证据定位后追加不可变批次,2d50c1344a835ceeb832796935182aeff80bb03cecc5465c8cf3aaccbd446acd,86129966e4bc55fac18f2d7602a2309d4403f85861102128a56a80a5a0ccc1ea,1e4755eb4085f4ba790da4df944e8dc52e2b0abe457a07ea0b62d1bc730ed92b
source-identity-declaration-20260808T051455+0800-c59753ae5b8f,ZI-97f8dcaf6e0dc9d1a0e4bbdb,DS-000051,候选数据文件,BTC,4小时;8小时;24小时;48小时,15分钟;1小时,未知,未知,未知,未知,未知,未知,未知,未知,未知,未登记,无,config/数据/来源身份声明补采.json#身份声明[],a2b503bee22e558d2a12983346f4c7750b97234e9839b5dd9f80db0bd3e4c3b1,a7632909fefcd410f99ea46b0ca9e8c6c0a75f845b8499b8f0e2a6438275e2d2,47720c6b67b3bfe9b9aa4e696ff944726ae1eb7706b3766b52f7b8463eb618e4,未知,b3a1fc5ec72ad95e258b584f936ad46befab951e0ee9e43eaa18179e34974387,无法判定,FILE_STAT_OBSERVED_IDENTITY_UNPROVEN,本批次只读；若声明、输入、Schema或授权漂移，既有结论自动失效并须追加新批次,未读取业务正文、价格、成交、订单簿、账户或凭据；身份字段不完整,为该成员提供当前版本九字段声明及逐字段Schema、授权和唯一证据定位后追加不可变批次,2d50c1344a835ceeb832796935182aeff80bb03cecc5465c8cf3aaccbd446acd,86129966e4bc55fac18f2d7602a2309d4403f85861102128a56a80a5a0ccc1ea,f15863508e10ffd0771d9ca86900ca131b4e3551bccf1e6aba3629c99f72df0c
source-identity-declaration-20260808T051455+0800-c59753ae5b8f,ZI-f0e8c66b07d04a1be38b27dd,DS-000052,候选数据文件,BTC,4小时;8小时;24小时;48小时,15分钟;1小时,未知,未知,未知,未知,未知,未知,未知,未知,未知,未登记,无,config/数据/来源身份声明补采.json#身份声明[],a2b503bee22e558d2a12983346f4c7750b97234e9839b5dd9f80db0bd3e4c3b1,04143c6927d1275ecc2e6a7ad519ea36c53154683aee2d5e619e273dfbd2c3a5,cd7c6b01d898b9462f4f3346ebb39e1b25ec39b8f5628981628c8786641cd225,未知,b3a1fc5ec72ad95e258b584f936ad46befab951e0ee9e43eaa18179e34974387,无法判定,FILE_STAT_OBSERVED_IDENTITY_UNPROVEN,本批次只读；若声明、输入、Schema或授权漂移，既有结论自动失效并须追加新批次,未读取业务正文、价格、成交、订单簿、账户或凭据；身份字段不完整,为该成员提供当前版本九字段声明及逐字段Schema、授权和唯一证据定位后追加不可变批次,2d50c1344a835ceeb832796935182aeff80bb03cecc5465c8cf3aaccbd446acd,86129966e4bc55fac18f2d7602a2309d4403f85861102128a56a80a5a0ccc1ea,1d0cac4b92de03bfa536906f980c819777c041af6dea08bfd69d36990beddd40
source-identity-declaration-20260808T051455+0800-c59753ae5b8f,ZI-3b5d3d5f111d5d79a85d29b4,DS-000053,候选数据文件,BTC,4小时;8小时;24小时;48小时,15分钟;1小时,未知,未知,未知,未知,未知,未知,未知,未知,未知,未登记,无,config/数据/来源身份声明补采.json#身份声明[],a2b503bee22e558d2a12983346f4c7750b97234e9839b5dd9f80db0bd3e4c3b1,727c4cd15bbd1028cdcf0542f546b79bdf0b6cf5848a5c9875880c0c1d118d34,9b62144dbc2b5b3f18e34c440a441032ef7e0d4e059dbd6d62c5d13f9a0927b9,未知,b3a1fc5ec72ad95e258b584f936ad46befab951e0ee9e43eaa18179e34974387,无法判定,FILE_STAT_OBSERVED_IDENTITY_UNPROVEN,本批次只读；若声明、输入、Schema或授权漂移，既有结论自动失效并须追加新批次,未读取业务正文、价格、成交、订单簿、账户或凭据；身份字段不完整,为该成员提供当前版本九字段声明及逐字段Schema、授权和唯一证据定位后追加不可变批次,2d50c1344a835ceeb832796935182aeff80bb03cecc5465c8cf3aaccbd446acd,86129966e4bc55fac18f2d7602a2309d4403f85861102128a56a80a5a0ccc1ea,462af1c83b22f8cfba3d646da83f4300cff4cb706d9c2fc827975415d0d808ef
source-identity-declaration-20260808T051455+0800-c59753ae5b8f,ZI-87c2a233404d1351a0c1614a,DS-000054,候选数据文件,BTC,4小时;8小时;24小时;48小时,15分钟;1小时,未知,未知,未知,未知,未知,未知,未知,未知,未知,未登记,无,config/数据/来源身份声明补采.json#身份声明[],a2b503bee22e558d2a12983346f4c7750b97234e9839b5dd9f80db0bd3e4c3b1,4eca34b92987b0f4628fe992c99d93e94d8dda2644da3ff72acf419a06dd10dc,bf4db291e24ce003a29e8b49a1bf8ee1ae69eab1811226ac1b31e92813a61408,未知,b3a1fc5ec72ad95e258b584f936ad46befab951e0ee9e43eaa18179e34974387,无法判定,FILE_STAT_OBSERVED_IDENTITY_UNPROVEN,本批次只读；若声明、输入、Schema或授权漂移，既有结论自动失效并须追加新批次,未读取业务正文、价格、成交、订单簿、账户或凭据；身份字段不完整,为该成员提供当前版本九字段声明及逐字段Schema、授权和唯一证据定位后追加不可变批次,2d50c1344a835ceeb832796935182aeff80bb03cecc5465c8cf3aaccbd446acd,86129966e4bc55fac18f2d7602a2309d4403f85861102128a56a80a5a0ccc1ea,d777d8290c84ea9a13e53206d1dc122fba59e37646a26a165621b11b2cd17bf4
source-identity-declaration-20260808T051455+0800-c59753ae5b8f,ZI-a0e8958994c3e7cc60444105,DS-000055,候选数据文件,BTC,4小时;8小时;24小时;48小时,15分钟;1小时,未知,未知,未知,未知,未知,未知,未知,未知,未知,未登记,无,config/数据/来源身份声明补采.json#身份声明[],a2b503bee22e558d2a12983346f4c7750b97234e9839b5dd9f80db0bd3e4c3b1,d7a56bb2b3f2d1353ae1bdb490dd50f66b9a721e38cbd5d20c71732b5afae1f2,df27138421e3a2345115444ed48245433486494c8dd1a65fbc0e56d46527c892,未知,b3a1fc5ec72ad95e258b584f936ad46befab951e0ee9e43eaa18179e34974387,无法判定,FILE_STAT_OBSERVED_IDENTITY_UNPROVEN,本批次只读；若声明、输入、Schema或授权漂移，既有结论自动失效并须追加新批次,未读取业务正文、价格、成交、订单簿、账户或凭据；身份字段不完整,为该成员提供当前版本九字段声明及逐字段Schema、授权和唯一证据定位后追加不可变批次,2d50c1344a835ceeb832796935182aeff80bb03cecc5465c8cf3aaccbd446acd,86129966e4bc55fac18f2d7602a2309d4403f85861102128a56a80a5a0ccc1ea,db7a95d5de3a0461371c0a3b55ece73580fd79919d683b4d78f27b1ecf955d84
source-identity-declaration-20260808T051455+0800-c59753ae5b8f,ZI-54e62d810981feeba9196e8d,DS-000056,候选数据文件,BTC,4小时;8小时;24小时;48小时,15分钟;1小时,未知,未知,未知,未知,未知,未知,未知,未知,未知,未登记,无,config/数据/来源身份声明补采.json#身份声明[],a2b503bee22e558d2a12983346f4c7750b97234e9839b5dd9f80db0bd3e4c3b1,664065d8bcbfde6ce83948e226f424c3f8c73c2aa7a808c48ca3483bbcfdd2d2,9f6e9e7cd3d9267eb45db30dff92330cb57c087ee00809fe19c775f72c394d14,未知,b3a1fc5ec72ad95e258b584f936ad46befab951e0ee9e43eaa18179e34974387,无法判定,FILE_STAT_OBSERVED_IDENTITY_UNPROVEN,本批次只读；若声明、输入、Schema或授权漂移，既有结论自动失效并须追加新批次,未读取业务正文、价格、成交、订单簿、账户或凭据；身份字段不完整,为该成员提供当前版本九字段声明及逐字段Schema、授权和唯一证据定位后追加不可变批次,2d50c1344a835ceeb832796935182aeff80bb03cecc5465c8cf3aaccbd446acd,86129966e4bc55fac18f2d7602a2309d4403f85861102128a56a80a5a0ccc1ea,30a070bf9b105e55beb20e5c5378f53288f1ca22ef9da4474767cbad78e33668
source-identity-declaration-20260808T051455+0800-c59753ae5b8f,ZI-1ffb29f3c048f7f9c99afb68,DS-000057,候选数据文件,BTC,4小时;8小时;24小时;48小时,15分钟;1小时,未知,未知,未知,未知,未知,未知,未知,未知,未知,未登记,无,config/数据/来源身份声明补采.json#身份声明[],a2b503bee22e558d2a12983346f4c7750b97234e9839b5dd9f80db0bd3e4c3b1,ae21fda5c0653f332e55a07d8845e164909d455385ec75880755b67592ab6e08,f1c65e289e7ab884b423d6b5ae24ba9ed0fdfe199fecae78e66d80c06d5673a1,未知,b3a1fc5ec72ad95e258b584f936ad46befab951e0ee9e43eaa18179e34974387,无法判定,FILE_STAT_OBSERVED_IDENTITY_UNPROVEN,本批次只读；若声明、输入、Schema或授权漂移，既有结论自动失效并须追加新批次,未读取业务正文、价格、成交、订单簿、账户或凭据；身份字段不完整,为该成员提供当前版本九字段声明及逐字段Schema、授权和唯一证据定位后追加不可变批次,2d50c1344a835ceeb832796935182aeff80bb03cecc5465c8cf3aaccbd446acd,86129966e4bc55fac18f2d7602a2309d4403f85861102128a56a80a5a0ccc1ea,55a2abe4541e5b7547b5c75015e05dfd58b7fd8a4403db2ce7adefaff5fa3c57
source-identity-declaration-20260808T051455+0800-c59753ae5b8f,ZI-6a4189c6cb894961a396d1b1,DS-000058,候选数据文件,BTC,4小时;8小时;24小时;48小时,15分钟;1小时,未知,未知,未知,未知,未知,未知,未知,未知,未知,未登记,无,config/数据/来源身份声明补采.json#身份声明[],a2b503bee22e558d2a12983346f4c7750b97234e9839b5dd9f80db0bd3e4c3b1,c660829578896811167b8d845c14d303efa2e3f8b50e904d73e411784995991a,f882f850239191016d3502bd7499952230046fff74428985aabf221d9ff6c12e,未知,b3a1fc5ec72ad95e258b584f936ad46befab951e0ee9e43eaa18179e34974387,无法判定,FILE_STAT_OBSERVED_IDENTITY_UNPROVEN,本批次只读；若声明、输入、Schema或授权漂移，既有结论自动失效并须追加新批次,未读取业务正文、价格、成交、订单簿、账户或凭据；身份字段不完整,为该成员提供当前版本九字段声明及逐字段Schema、授权和唯一证据定位后追加不可变批次,2d50c1344a835ceeb832796935182aeff80bb03cecc5465c8cf3aaccbd446acd,86129966e4bc55fac18f2d7602a2309d4403f85861102128a56a80a5a0ccc1ea,3642a9f907968f50bda71393cdcdc6bb2569231783f3c44abc60c710fc475c21
source-identity-declaration-20260808T051455+0800-c59753ae5b8f,ZI-00eda622e78ef39a01015ba9,DS-000059,候选数据文件,BTC,4小时;8小时;24小时;48小时,15分钟;1小时,未知,未知,未知,未知,未知,未知,未知,未知,未知,未登记,无,config/数据/来源身份声明补采.json#身份声明[],a2b503bee22e558d2a12983346f4c7750b97234e9839b5dd9f80db0bd3e4c3b1,6ab67b288358b14fec04f0192375baa6f051a76cf8cbe96f4f6da90007923591,651365605a3eeecc7b84153ab291e031b5e5a0da9eeed4d927f115422ae1bcf5,未知,b3a1fc5ec72ad95e258b584f936ad46befab951e0ee9e43eaa18179e34974387,无法判定,FILE_STAT_OBSERVED_IDENTITY_UNPROVEN,本批次只读；若声明、输入、Schema或授权漂移，既有结论自动失效并须追加新批次,未读取业务正文、价格、成交、订单簿、账户或凭据；身份字段不完整,为该成员提供当前版本九字段声明及逐字段Schema、授权和唯一证据定位后追加不可变批次,2d50c1344a835ceeb832796935182aeff80bb03cecc5465c8cf3aaccbd446acd,86129966e4bc55fac18f2d7602a2309d4403f85861102128a56a80a5a0ccc1ea,554d3d98997654955552d61add4f9a7080786df2fde235b87fb18a2ff949bae5
source-identity-declaration-20260808T051455+0800-c59753ae5b8f,ZI-53b60db8e4a05b06d7a4c2fc,DS-000060,候选数据文件,BTC,4小时;8小时;24小时;48小时,15分钟;1小时,未知,未知,未知,未知,未知,未知,未知,未知,未知,未登记,无,config/数据/来源身份声明补采.json#身份声明[],a2b503bee22e558d2a12983346f4c7750b97234e9839b5dd9f80db0bd3e4c3b1,adf7fdba5eb0d647d00287e9447a608eb8c49dc7152886e47ac7594111d44ddd,12c351038dc469e958fe4100d546c89d5d63a0eb2f8e198c1775b1975c890a4a,未知,b3a1fc5ec72ad95e258b584f936ad46befab951e0ee9e43eaa18179e34974387,无法判定,FILE_STAT_OBSERVED_IDENTITY_UNPROVEN,本批次只读；若声明、输入、Schema或授权漂移，既有结论自动失效并须追加新批次,未读取业务正文、价格、成交、订单簿、账户或凭据；身份字段不完整,为该成员提供当前版本九字段声明及逐字段Schema、授权和唯一证据定位后追加不可变批次,2d50c1344a835ceeb832796935182aeff80bb03cecc5465c8cf3aaccbd446acd,86129966e4bc55fac18f2d7602a2309d4403f85861102128a56a80a5a0ccc1ea,a2417d737eafc38b85057a94468baf552d1c1ae5fc97355c61478e74d368d0e2
source-identity-declaration-20260808T051455+0800-c59753ae5b8f,ZI-3bf1600f7a490d1c0e92c629,DS-000061,候选数据文件,BTC,4小时;8小时;24小时;48小时,15分钟;1小时,未知,未知,未知,未知,未知,未知,未知,未知,未知,未登记,无,config/数据/来源身份声明补采.json#身份声明[],a2b503bee22e558d2a12983346f4c7750b97234e9839b5dd9f80db0bd3e4c3b1,3a5d875afbc06a8c4e2c1bfabdef47e60bab08f23564741f433dc66b18ada1f9,8a9ab8deaabae43a111b9a2b5357e0ea3cb35d73eafade080a2863a7233c89ea,未知,b3a1fc5ec72ad95e258b584f936ad46befab951e0ee9e43eaa18179e34974387,无法判定,FILE_STAT_OBSERVED_IDENTITY_UNPROVEN,本批次只读；若声明、输入、Schema或授权漂移，既有结论自动失效并须追加新批次,未读取业务正文、价格、成交、订单簿、账户或凭据；身份字段不完整,为该成员提供当前版本九字段声明及逐字段Schema、授权和唯一证据定位后追加不可变批次,2d50c1344a835ceeb832796935182aeff80bb03cecc5465c8cf3aaccbd446acd,86129966e4bc55fac18f2d7602a2309d4403f85861102128a56a80a5a0ccc1ea,39bd30d7701ab1ba619ee67ce7cce65168728c999950f8b90b287375358ea02f
source-identity-declaration-20260808T051455+0800-c59753ae5b8f,ZI-5997c1cab5104ea92a74dd2e,DS-000062,候选数据文件,BTC,4小时;8小时;24小时;48小时,15分钟;1小时,未知,未知,未知,未知,未知,未知,未知,未知,未知,未登记,无,config/数据/来源身份声明补采.json#身份声明[],a2b503bee22e558d2a12983346f4c7750b97234e9839b5dd9f80db0bd3e4c3b1,5710a895d201ba1fbc94beb00d9e2422377065f1fd515e16b50be19199c8a5ec,4aaea957203bce27943d23d9579770bc8aa08256bce1cc1826a27b2c2036a581,未知,b3a1fc5ec72ad95e258b584f936ad46befab951e0ee9e43eaa18179e34974387,无法判定,FILE_STAT_OBSERVED_IDENTITY_UNPROVEN,本批次只读；若声明、输入、Schema或授权漂移，既有结论自动失效并须追加新批次,未读取业务正文、价格、成交、订单簿、账户或凭据；身份字段不完整,为该成员提供当前版本九字段声明及逐字段Schema、授权和唯一证据定位后追加不可变批次,2d50c1344a835ceeb832796935182aeff80bb03cecc5465c8cf3aaccbd446acd,86129966e4bc55fac18f2d7602a2309d4403f85861102128a56a80a5a0ccc1ea,4758f283ea2e1541e23259cee72603704b57b8e6a4c3a713eb0b88ab5c623a6c
source-identity-declaration-20260808T051455+0800-c59753ae5b8f,ZI-04475b7c457ff1d625fa1904,DS-000063,候选数据文件,BTC,4小时;8小时;24小时;48小时,15分钟;1小时,未知,未知,未知,未知,未知,未知,未知,未知,未知,未登记,无,config/数据/来源身份声明补采.json#身份声明[],a2b503bee22e558d2a12983346f4c7750b97234e9839b5dd9f80db0bd3e4c3b1,26a4dec78e9ebed059e05fe413141f5a5cc7f1dfcb2dd638b319e4006f4ae6b7,5c1cf040b1f2cad7e44808ba948ec78a0f4f306cac1d8458eba84fa3d88e9b6b,未知,b3a1fc5ec72ad95e258b584f936ad46befab951e0ee9e43eaa18179e34974387,无法判定,FILE_STAT_OBSERVED_IDENTITY_UNPROVEN,本批次只读；若声明、输入、Schema或授权漂移，既有结论自动失效并须追加新批次,未读取业务正文、价格、成交、订单簿、账户或凭据；身份字段不完整,为该成员提供当前版本九字段声明及逐字段Schema、授权和唯一证据定位后追加不可变批次,2d50c1344a835ceeb832796935182aeff80bb03cecc5465c8cf3aaccbd446acd,86129966e4bc55fac18f2d7602a2309d4403f85861102128a56a80a5a0ccc1ea,f908b0f64aad165a9329ce8cec52ac3184ab1f237cf412302067680e86966523
source-identity-declaration-20260808T051455+0800-c59753ae5b8f,ZI-13ef7d5e793b0e8f61f9f6b4,DS-000064,候选数据文件,BTC,4小时;8小时;24小时;48小时,15分钟;1小时,未知,未知,未知,未知,未知,未知,未知,未知,未知,未登记,无,config/数据/来源身份声明补采.json#身份声明[],a2b503bee22e558d2a12983346f4c7750b97234e9839b5dd9f80db0bd3e4c3b1,f1f6b00f8921b2167b1f004ba0cb0abd4ef1f7fa7f4123aa449bed5a319e5b47,975b0d7f3e49e42e2ecb879a4d0560bc4e1d7306bfcdd58dae2ea078299254b7,未知,b3a1fc5ec72ad95e258b584f936ad46befab951e0ee9e43eaa18179e34974387,无法判定,FILE_STAT_OBSERVED_IDENTITY_UNPROVEN,本批次只读；若声明、输入、Schema或授权漂移，既有结论自动失效并须追加新批次,未读取业务正文、价格、成交、订单簿、账户或凭据；身份字段不完整,为该成员提供当前版本九字段声明及逐字段Schema、授权和唯一证据定位后追加不可变批次,2d50c1344a835ceeb832796935182aeff80bb03cecc5465c8cf3aaccbd446acd,86129966e4bc55fac18f2d7602a2309d4403f85861102128a56a80a5a0ccc1ea,0dc4efd03740b39623035858762efda2dcffae1a35acedffd8e935b4490af9e5
source-identity-declaration-20260808T051455+0800-c59753ae5b8f,ZI-0c25fa7b259d916e8b019c93,DS-000065,候选数据文件,BTC,4小时;8小时;24小时;48小时,15分钟;1小时,未知,未知,未知,未知,未知,未知,未知,未知,未知,未登记,无,config/数据/来源身份声明补采.json#身份声明[],a2b503bee22e558d2a12983346f4c7750b97234e9839b5dd9f80db0bd3e4c3b1,eab3d84b522308f2ae60c693e4d4eaa4a5821cd91eba8b0d32793da5476732a3,5ced6eac771c906b451a359360e493fc08647e63e8371e0d892fef33c893c5b2,未知,b3a1fc5ec72ad95e258b584f936ad46befab951e0ee9e43eaa18179e34974387,无法判定,FILE_STAT_OBSERVED_IDENTITY_UNPROVEN,本批次只读；若声明、输入、Schema或授权漂移，既有结论自动失效并须追加新批次,未读取业务正文、价格、成交、订单簿、账户或凭据；身份字段不完整,为该成员提供当前版本九字段声明及逐字段Schema、授权和唯一证据定位后追加不可变批次,2d50c1344a835ceeb832796935182aeff80bb03cecc5465c8cf3aaccbd446acd,86129966e4bc55fac18f2d7602a2309d4403f85861102128a56a80a5a0ccc1ea,28c7b930fdac7866c6c1a992f96f19c6c4aeaf5e213a039dec23539fb7d8a0da
source-identity-declaration-20260808T051455+0800-c59753ae5b8f,ZI-b71f8ba08a9ed0ebaf0eb354,DS-000066,候选数据文件,BTC,4小时;8小时;24小时;48小时,15分钟;1小时,未知,未知,未知,未知,未知,未知,未知,未知,未知,未登记,无,config/数据/来源身份声明补采.json#身份声明[],a2b503bee22e558d2a12983346f4c7750b97234e9839b5dd9f80db0bd3e4c3b1,b4c1118b099f8af0e0124bcd8ab32c7080e4c77c9db562d06a2ddfb0aaef470f,49627c89939cf1eb48174bba004dd948506e0e9dd8acadbaefa3f59ae850ff66,未知,b3a1fc5ec72ad95e258b584f936ad46befab951e0ee9e43eaa18179e34974387,无法判定,FILE_STAT_OBSERVED_IDENTITY_UNPROVEN,本批次只读；若声明、输入、Schema或授权漂移，既有结论自动失效并须追加新批次,未读取业务正文、价格、成交、订单簿、账户或凭据；身份字段不完整,为该成员提供当前版本九字段声明及逐字段Schema、授权和唯一证据定位后追加不可变批次,2d50c1344a835ceeb832796935182aeff80bb03cecc5465c8cf3aaccbd446acd,86129966e4bc55fac18f2d7602a2309d4403f85861102128a56a80a5a0ccc1ea,56c0c2dc4cc923487cd20f6b4d6b248f3c4a57a321bb4174c7499d1ff75105bd
source-identity-declaration-20260808T051455+0800-c59753ae5b8f,ZI-a299ddfd734c4ab74af0b3e2,DS-000067,候选数据文件,BTC,4小时;8小时;24小时;48小时,15分钟;1小时,未知,未知,未知,未知,未知,未知,未知,未知,未知,未登记,无,config/数据/来源身份声明补采.json#身份声明[],a2b503bee22e558d2a12983346f4c7750b97234e9839b5dd9f80db0bd3e4c3b1,0aacf650e5c210dc3a2f861d8ec121819cbf065be98ebffdaefac4f009fe321b,23b9038a85ed14a2a54b16059f5894baa282799241d5f16565a7ac1f5285bc89,未知,b3a1fc5ec72ad95e258b584f936ad46befab951e0ee9e43eaa18179e34974387,无法判定,FILE_STAT_OBSERVED_IDENTITY_UNPROVEN,本批次只读；若声明、输入、Schema或授权漂移，既有结论自动失效并须追加新批次,未读取业务正文、价格、成交、订单簿、账户或凭据；身份字段不完整,为该成员提供当前版本九字段声明及逐字段Schema、授权和唯一证据定位后追加不可变批次,2d50c1344a835ceeb832796935182aeff80bb03cecc5465c8cf3aaccbd446acd,86129966e4bc55fac18f2d7602a2309d4403f85861102128a56a80a5a0ccc1ea,36d446e20b5845a93d7c9f74b5f87301c046c7d99dc1e5db1fa694fc7036c59c
source-identity-declaration-20260808T051455+0800-c59753ae5b8f,ZI-542e5737b0c583e4ba78c4d8,DS-000068,候选数据文件,BTC,4小时;8小时;24小时;48小时,15分钟;1小时,未知,未知,未知,未知,未知,未知,未知,未知,未知,未登记,无,config/数据/来源身份声明补采.json#身份声明[],a2b503bee22e558d2a12983346f4c7750b97234e9839b5dd9f80db0bd3e4c3b1,db30c154a1919ffb0c2c0e6029d2f69014247f83417003c9f872c26cf0a21977,77f7447a7e0aa38f0d517728fdaabe180eef0cb7550aaa9ffa57596bca31fdab,未知,b3a1fc5ec72ad95e258b584f936ad46befab951e0ee9e43eaa18179e34974387,无法判定,FILE_STAT_OBSERVED_IDENTITY_UNPROVEN,本批次只读；若声明、输入、Schema或授权漂移，既有结论自动失效并须追加新批次,未读取业务正文、价格、成交、订单簿、账户或凭据；身份字段不完整,为该成员提供当前版本九字段声明及逐字段Schema、授权和唯一证据定位后追加不可变批次,2d50c1344a835ceeb832796935182aeff80bb03cecc5465c8cf3aaccbd446acd,86129966e4bc55fac18f2d7602a2309d4403f85861102128a56a80a5a0ccc1ea,7ec0d06c377a4d62100c327f6b2662ab7bf13dd662c28048e68dbe8f1cc3c623
source-identity-declaration-20260808T051455+0800-c59753ae5b8f,ZI-48f77e4e45c16d6e82eafb9d,DS-000069,候选数据文件,BTC,4小时;8小时;24小时;48小时,15分钟;1小时,未知,未知,未知,未知,未知,未知,未知,未知,未知,未登记,无,config/数据/来源身份声明补采.json#身份声明[],a2b503bee22e558d2a12983346f4c7750b97234e9839b5dd9f80db0bd3e4c3b1,94ab5dc58dcd90b5be0cd9c24412f3966fe4b99eb33d8a5f3620a6854ac8143e,b045ee151128a0e814864af57377feb4ccfe9e9357117747cf18850b84ba6244,未知,b3a1fc5ec72ad95e258b584f936ad46befab951e0ee9e43eaa18179e34974387,无法判定,FILE_STAT_OBSERVED_IDENTITY_UNPROVEN,本批次只读；若声明、输入、Schema或授权漂移，既有结论自动失效并须追加新批次,未读取业务正文、价格、成交、订单簿、账户或凭据；身份字段不完整,为该成员提供当前版本九字段声明及逐字段Schema、授权和唯一证据定位后追加不可变批次,2d50c1344a835ceeb832796935182aeff80bb03cecc5465c8cf3aaccbd446acd,86129966e4bc55fac18f2d7602a2309d4403f85861102128a56a80a5a0ccc1ea,ab1cc989ee98a1bea66d30aedaa012c0d8ca5e2dbced4e743aab819ac081f2ac
source-identity-declaration-20260808T051455+0800-c59753ae5b8f,ZI-3c25a7ab173319e547e57556,DS-000070,候选数据文件,BTC,4小时;8小时;24小时;48小时,15分钟;1小时,未知,未知,未知,未知,未知,未知,未知,未知,未知,未登记,无,config/数据/来源身份声明补采.json#身份声明[],a2b503bee22e558d2a12983346f4c7750b97234e9839b5dd9f80db0bd3e4c3b1,b04d9cf5f0550dd3b100f17db6b09f4e9755f27bc2dfb80444837b7bdeece9f7,4fb4e8aa84094c1c0360c4ec1ea4dec37d83ca8f1617872a4b121e925efebd50,未知,b3a1fc5ec72ad95e258b584f936ad46befab951e0ee9e43eaa18179e34974387,无法判定,FILE_STAT_OBSERVED_IDENTITY_UNPROVEN,本批次只读；若声明、输入、Schema或授权漂移，既有结论自动失效并须追加新批次,未读取业务正文、价格、成交、订单簿、账户或凭据；身份字段不完整,为该成员提供当前版本九字段声明及逐字段Schema、授权和唯一证据定位后追加不可变批次,2d50c1344a835ceeb832796935182aeff80bb03cecc5465c8cf3aaccbd446acd,86129966e4bc55fac18f2d7602a2309d4403f85861102128a56a80a5a0ccc1ea,79346761b304799e0c4e764655daf8ff30e4b554ddc3541184a43a6ebebfa5c8
source-identity-declaration-20260808T051455+0800-c59753ae5b8f,ZI-c5110b7d8549897e8abdd7e5,DS-000071,候选数据文件,BTC,4小时;8小时;24小时;48小时,15分钟;1小时,未知,未知,未知,未知,未知,未知,未知,未知,未知,未登记,无,config/数据/来源身份声明补采.json#身份声明[],a2b503bee22e558d2a12983346f4c7750b97234e9839b5dd9f80db0bd3e4c3b1,0862e2f5ee203957cf6bdf9e0cccea6c1bd224b6343746e2c26cb9d1aefecc2a,1f91c6c4858ae0a9f46ad48d03d5521794abed19ca22b082afb898f8baa5ba6a,未知,b3a1fc5ec72ad95e258b584f936ad46befab951e0ee9e43eaa18179e34974387,无法判定,FILE_STAT_OBSERVED_IDENTITY_UNPROVEN,本批次只读；若声明、输入、Schema或授权漂移，既有结论自动失效并须追加新批次,未读取业务正文、价格、成交、订单簿、账户或凭据；身份字段不完整,为该成员提供当前版本九字段声明及逐字段Schema、授权和唯一证据定位后追加不可变批次,2d50c1344a835ceeb832796935182aeff80bb03cecc5465c8cf3aaccbd446acd,86129966e4bc55fac18f2d7602a2309d4403f85861102128a56a80a5a0ccc1ea,57aa52ee8ef2e24f7534ca51eb9c97b0eef6af6856e6c4cf73c385788cd103ac
source-identity-declaration-20260808T051455+0800-c59753ae5b8f,ZI-6f2bfe54fc6b3bc0ee2bd29a,DS-000072,候选数据文件,BTC,4小时;8小时;24小时;48小时,15分钟;1小时,未知,未知,未知,未知,未知,未知,未知,未知,未知,未登记,无,config/数据/来源身份声明补采.json#身份声明[],a2b503bee22e558d2a12983346f4c7750b97234e9839b5dd9f80db0bd3e4c3b1,15027222020681861caf23abd321393fbb4237b3f83100c4b4534386b40b95c7,e89f0dbf2a77cb25cfdf1e62bb610f580026a50d99098816120bc4fd61a82e7c,未知,b3a1fc5ec72ad95e258b584f936ad46befab951e0ee9e43eaa18179e34974387,无法判定,FILE_STAT_OBSERVED_IDENTITY_UNPROVEN,本批次只读；若声明、输入、Schema或授权漂移，既有结论自动失效并须追加新批次,未读取业务正文、价格、成交、订单簿、账户或凭据；身份字段不完整,为该成员提供当前版本九字段声明及逐字段Schema、授权和唯一证据定位后追加不可变批次,2d50c1344a835ceeb832796935182aeff80bb03cecc5465c8cf3aaccbd446acd,86129966e4bc55fac18f2d7602a2309d4403f85861102128a56a80a5a0ccc1ea,5b12250d1db83fa232ced821fa84fd0f2171925ddf5567656b67b60bcbe745f3
source-identity-declaration-20260808T051455+0800-c59753ae5b8f,ZI-b82975cefd7452a08a009414,DS-000073,候选数据文件,BTC,4小时;8小时;24小时;48小时,15分钟;1小时,未知,未知,未知,未知,未知,未知,未知,未知,未知,未登记,无,config/数据/来源身份声明补采.json#身份声明[],a2b503bee22e558d2a12983346f4c7750b97234e9839b5dd9f80db0bd3e4c3b1,2deca25c4bce98ed07321e7eac5d762f307f7f056c5ce4b08ebd7b4b8f4c7364,d995bf7886e7749af0ae9972de012ed7b4d3be3d3c4d15039da26dc2abbacc64,未知,b3a1fc5ec72ad95e258b584f936ad46befab951e0ee9e43eaa18179e34974387,无法判定,FILE_STAT_OBSERVED_IDENTITY_UNPROVEN,本批次只读；若声明、输入、Schema或授权漂移，既有结论自动失效并须追加新批次,未读取业务正文、价格、成交、订单簿、账户或凭据；身份字段不完整,为该成员提供当前版本九字段声明及逐字段Schema、授权和唯一证据定位后追加不可变批次,2d50c1344a835ceeb832796935182aeff80bb03cecc5465c8cf3aaccbd446acd,86129966e4bc55fac18f2d7602a2309d4403f85861102128a56a80a5a0ccc1ea,9d16dc3918c417f894f6eabf85724d493f53416e6a2eeeb290a0921ad5baa5e7
source-identity-declaration-20260808T051455+0800-c59753ae5b8f,ZI-58f7d32e980dbb401fc80a90,DS-000074,候选数据文件,BTC,4小时;8小时;24小时;48小时,15分钟;1小时,未知,未知,未知,未知,未知,未知,未知,未知,未知,未登记,无,config/数据/来源身份声明补采.json#身份声明[],a2b503bee22e558d2a12983346f4c7750b97234e9839b5dd9f80db0bd3e4c3b1,ac5b354c4a5253401a4abe672fd70623e5d2f3a6022e2de9dfe19e3d64c073bb,f80740ee978711f811d73f02f9b88ed3f22242e7bd5feead25976c28f905907a,未知,b3a1fc5ec72ad95e258b584f936ad46befab951e0ee9e43eaa18179e34974387,无法判定,FILE_STAT_OBSERVED_IDENTITY_UNPROVEN,本批次只读；若声明、输入、Schema或授权漂移，既有结论自动失效并须追加新批次,未读取业务正文、价格、成交、订单簿、账户或凭据；身份字段不完整,为该成员提供当前版本九字段声明及逐字段Schema、授权和唯一证据定位后追加不可变批次,2d50c1344a835ceeb832796935182aeff80bb03cecc5465c8cf3aaccbd446acd,86129966e4bc55fac18f2d7602a2309d4403f85861102128a56a80a5a0ccc1ea,4d66e0fe2822b779854bc3d1c2f6850b05f53ac69e68f804fc5a7f276091de14
source-identity-declaration-20260808T051455+0800-c59753ae5b8f,ZI-702ab124ec1d6104a18682cc,DS-000075,候选数据文件,BTC,4小时;8小时;24小时;48小时,15分钟;1小时,未知,未知,未知,未知,未知,未知,未知,未知,未知,未登记,无,config/数据/来源身份声明补采.json#身份声明[],a2b503bee22e558d2a12983346f4c7750b97234e9839b5dd9f80db0bd3e4c3b1,e5adabe624a278724b6ce1f97aeb2e7478b7ef0b117219951e3dd57b9a70dab7,1aa23fb2b5b219ee2ddaa27d5cc1038b4ef3a1ec97d8e7314871c30944d2da2a,未知,b3a1fc5ec72ad95e258b584f936ad46befab951e0ee9e43eaa18179e34974387,无法判定,FILE_STAT_OBSERVED_IDENTITY_UNPROVEN,本批次只读；若声明、输入、Schema或授权漂移，既有结论自动失效并须追加新批次,未读取业务正文、价格、成交、订单簿、账户或凭据；身份字段不完整,为该成员提供当前版本九字段声明及逐字段Schema、授权和唯一证据定位后追加不可变批次,2d50c1344a835ceeb832796935182aeff80bb03cecc5465c8cf3aaccbd446acd,86129966e4bc55fac18f2d7602a2309d4403f85861102128a56a80a5a0ccc1ea,122bdbeff3dfa118c161192261a314efec05634d36fa1db33281764a13fe7d67
source-identity-declaration-20260808T051455+0800-c59753ae5b8f,ZI-eb4f39de309ba813696327df,DS-000076,候选数据文件,BTC,4小时;8小时;24小时;48小时,15分钟;1小时,未知,未知,未知,未知,未知,未知,未知,未知,未知,未登记,无,config/数据/来源身份声明补采.json#身份声明[],a2b503bee22e558d2a12983346f4c7750b97234e9839b5dd9f80db0bd3e4c3b1,e8f121115255b3f336495618342f8a1f0e4377727cdcd8fbf7e7f6007899d3c1,111cb89424ead72cf3aa0cd5a8dc8301bd6f361a01bb006c2c971e67a0756aa3,未知,b3a1fc5ec72ad95e258b584f936ad46befab951e0ee9e43eaa18179e34974387,无法判定,FILE_STAT_OBSERVED_IDENTITY_UNPROVEN,本批次只读；若声明、输入、Schema或授权漂移，既有结论自动失效并须追加新批次,未读取业务正文、价格、成交、订单簿、账户或凭据；身份字段不完整,为该成员提供当前版本九字段声明及逐字段Schema、授权和唯一证据定位后追加不可变批次,2d50c1344a835ceeb832796935182aeff80bb03cecc5465c8cf3aaccbd446acd,86129966e4bc55fac18f2d7602a2309d4403f85861102128a56a80a5a0ccc1ea,f3cf5905a09b2ee3993cf8b95bd5e7d2063cb94ce90f166b6bc4e3e72df6e585
source-identity-declaration-20260808T051455+0800-c59753ae5b8f,ZI-a2a17d00e18d8270c3da40b2,DS-000077,候选数据文件,BTC,4小时;8小时;24小时;48小时,15分钟;1小时,未知,未知,未知,未知,未知,未知,未知,未知,未知,未登记,无,config/数据/来源身份声明补采.json#身份声明[],a2b503bee22e558d2a12983346f4c7750b97234e9839b5dd9f80db0bd3e4c3b1,b93cbc4a97f28e776414cc96ef1c9b6d33baf46dedf6542fc40b5f24ebb90aab,baa29331850ab27315c0a93930f539cb5502f423fedd98cb2e86e267f2b045a6,未知,b3a1fc5ec72ad95e258b584f936ad46befab951e0ee9e43eaa18179e34974387,无法判定,FILE_STAT_OBSERVED_IDENTITY_UNPROVEN,本批次只读；若声明、输入、Schema或授权漂移，既有结论自动失效并须追加新批次,未读取业务正文、价格、成交、订单簿、账户或凭据；身份字段不完整,为该成员提供当前版本九字段声明及逐字段Schema、授权和唯一证据定位后追加不可变批次,2d50c1344a835ceeb832796935182aeff80bb03cecc5465c8cf3aaccbd446acd,86129966e4bc55fac18f2d7602a2309d4403f85861102128a56a80a5a0ccc1ea,70db724dfc57aede881057a8499af7b0ae3b82cf464f8fe4bb4b181defa845b0
source-identity-declaration-20260808T051455+0800-c59753ae5b8f,ZI-348f6f63e47eaafea3ee9552,DS-000078,候选数据文件,BTC,4小时;8小时;24小时;48小时,15分钟;1小时,未知,未知,未知,未知,未知,未知,未知,未知,未知,未登记,无,config/数据/来源身份声明补采.json#身份声明[],a2b503bee22e558d2a12983346f4c7750b97234e9839b5dd9f80db0bd3e4c3b1,9ff25aec656063d50358c451f21569aac06eaec60abb7eb1209d023004fcd058,e212d846a0d4288bbedde644fcd626ba447695af79074e263214faace9780adf,未知,b3a1fc5ec72ad95e258b584f936ad46befab951e0ee9e43eaa18179e34974387,无法判定,FILE_STAT_OBSERVED_IDENTITY_UNPROVEN,本批次只读；若声明、输入、Schema或授权漂移，既有结论自动失效并须追加新批次,未读取业务正文、价格、成交、订单簿、账户或凭据；身份字段不完整,为该成员提供当前版本九字段声明及逐字段Schema、授权和唯一证据定位后追加不可变批次,2d50c1344a835ceeb832796935182aeff80bb03cecc5465c8cf3aaccbd446acd,86129966e4bc55fac18f2d7602a2309d4403f85861102128a56a80a5a0ccc1ea,982fd02d52f84046a16a14b208e66dd4e7785cadccd5f9e78563bafa462743f3
source-identity-declaration-20260808T051455+0800-c59753ae5b8f,ZI-502eb39d03727e04069cd747,DS-000079,候选数据文件,BTC,4小时;8小时;24小时;48小时,15分钟;1小时,未知,未知,未知,未知,未知,未知,未知,未知,未知,未登记,无,config/数据/来源身份声明补采.json#身份声明[],a2b503bee22e558d2a12983346f4c7750b97234e9839b5dd9f80db0bd3e4c3b1,2b9634a627f69599a77aa29fa4a7056feb846f6a024ecdb8f55a1c04aa95fea2,91f169f714c690456138cdf589d5e8a7b5456f6053d1cdc94e2b724fdbfa42b1,未知,b3a1fc5ec72ad95e258b584f936ad46befab951e0ee9e43eaa18179e34974387,无法判定,FILE_STAT_OBSERVED_IDENTITY_UNPROVEN,本批次只读；若声明、输入、Schema或授权漂移，既有结论自动失效并须追加新批次,未读取业务正文、价格、成交、订单簿、账户或凭据；身份字段不完整,为该成员提供当前版本九字段声明及逐字段Schema、授权和唯一证据定位后追加不可变批次,2d50c1344a835ceeb832796935182aeff80bb03cecc5465c8cf3aaccbd446acd,86129966e4bc55fac18f2d7602a2309d4403f85861102128a56a80a5a0ccc1ea,159e125895b9958620b0e3d84dd2f37f9308b95b4c505c020df06ed5796b1c72
source-identity-declaration-20260808T051455+0800-c59753ae5b8f,ZI-b8df3b3e536accc3b80b8066,DS-000080,候选数据文件,BTC,4小时;8小时;24小时;48小时,15分钟;1小时,未知,未知,未知,未知,未知,未知,未知,未知,未知,未登记,无,config/数据/来源身份声明补采.json#身份声明[],a2b503bee22e558d2a12983346f4c7750b97234e9839b5dd9f80db0bd3e4c3b1,3af20a52811a89980b8cf09252253e548c5f6c7fe76c96012651febe29bb1e22,29a9822b3c83726c46e27f624ea982eb5b39d1b28b9c7f58154f864cdaa29623,未知,b3a1fc5ec72ad95e258b584f936ad46befab951e0ee9e43eaa18179e34974387,无法判定,FILE_STAT_OBSERVED_IDENTITY_UNPROVEN,本批次只读；若声明、输入、Schema或授权漂移，既有结论自动失效并须追加新批次,未读取业务正文、价格、成交、订单簿、账户或凭据；身份字段不完整,为该成员提供当前版本九字段声明及逐字段Schema、授权和唯一证据定位后追加不可变批次,2d50c1344a835ceeb832796935182aeff80bb03cecc5465c8cf3aaccbd446acd,86129966e4bc55fac18f2d7602a2309d4403f85861102128a56a80a5a0ccc1ea,9730ec4c90849cef9d4961ef77b5a3e62c4721bb485824d2ef7cc0908d0d162b
source-identity-declaration-20260808T051455+0800-c59753ae5b8f,ZI-988e7988699ea375ef999f36,DS-000081,候选数据文件,BTC,4小时;8小时;24小时;48小时,15分钟;1小时,未知,未知,未知,未知,未知,未知,未知,未知,未知,未登记,无,config/数据/来源身份声明补采.json#身份声明[],a2b503bee22e558d2a12983346f4c7750b97234e9839b5dd9f80db0bd3e4c3b1,b20c3eb4b0ee8495a9cdc66b7a345404f395cee265413ff67af9890cc47ff5f5,d1db93d691c78fd916ed92552469c918d03cee922044d79f33cf6a69eb698258,未知,b3a1fc5ec72ad95e258b584f936ad46befab951e0ee9e43eaa18179e34974387,无法判定,FILE_STAT_OBSERVED_IDENTITY_UNPROVEN,本批次只读；若声明、输入、Schema或授权漂移，既有结论自动失效并须追加新批次,未读取业务正文、价格、成交、订单簿、账户或凭据；身份字段不完整,为该成员提供当前版本九字段声明及逐字段Schema、授权和唯一证据定位后追加不可变批次,2d50c1344a835ceeb832796935182aeff80bb03cecc5465c8cf3aaccbd446acd,86129966e4bc55fac18f2d7602a2309d4403f85861102128a56a80a5a0ccc1ea,2d269d8928ff5e35fb80c0ffc1c934a6f722be76a63649d1a38eb3ab912a0c4c
source-identity-declaration-20260808T051455+0800-c59753ae5b8f,ZI-e157f9d0fcdfc3a8e2bc8c70,DS-000082,候选数据文件,BTC,4小时;8小时;24小时;48小时,15分钟;1小时,未知,未知,未知,未知,未知,未知,未知,未知,未知,未登记,无,config/数据/来源身份声明补采.json#身份声明[],a2b503bee22e558d2a12983346f4c7750b97234e9839b5dd9f80db0bd3e4c3b1,a3c34f7777e1788e6f6a999275acf640777e31dfb5589bc25492af521c3e994a,fede02311f74fb634858a416f0f4dd18126f465e01fbc1100acbf10d1200a663,未知,b3a1fc5ec72ad95e258b584f936ad46befab951e0ee9e43eaa18179e34974387,无法判定,FILE_STAT_OBSERVED_IDENTITY_UNPROVEN,本批次只读；若声明、输入、Schema或授权漂移，既有结论自动失效并须追加新批次,未读取业务正文、价格、成交、订单簿、账户或凭据；身份字段不完整,为该成员提供当前版本九字段声明及逐字段Schema、授权和唯一证据定位后追加不可变批次,2d50c1344a835ceeb832796935182aeff80bb03cecc5465c8cf3aaccbd446acd,86129966e4bc55fac18f2d7602a2309d4403f85861102128a56a80a5a0ccc1ea,d6a0259633bdddc64d48671ff29321372859f9eb1653ad027434d6dd84639d45
source-identity-declaration-20260808T051455+0800-c59753ae5b8f,ZI-606826edf27ebb1d7ce3c168,DS-000083,候选数据文件,BTC,4小时;8小时;24小时;48小时,15分钟;1小时,未知,未知,未知,未知,未知,未知,未知,未知,未知,未登记,无,config/数据/来源身份声明补采.json#身份声明[],a2b503bee22e558d2a12983346f4c7750b97234e9839b5dd9f80db0bd3e4c3b1,2451e8638c8430d0a501abd81a4c6d6bf80512a1dab2010897c17132c0c7480e,7b4a4a43ce8d31d83beac8dd9485d3c99d65763572b420fe5c40d7aff5a2ddc0,未知,b3a1fc5ec72ad95e258b584f936ad46befab951e0ee9e43eaa18179e34974387,无法判定,FILE_STAT_OBSERVED_IDENTITY_UNPROVEN,本批次只读；若声明、输入、Schema或授权漂移，既有结论自动失效并须追加新批次,未读取业务正文、价格、成交、订单簿、账户或凭据；身份字段不完整,为该成员提供当前版本九字段声明及逐字段Schema、授权和唯一证据定位后追加不可变批次,2d50c1344a835ceeb832796935182aeff80bb03cecc5465c8cf3aaccbd446acd,86129966e4bc55fac18f2d7602a2309d4403f85861102128a56a80a5a0ccc1ea,92d4142e321b3e6854fcc04c302ff5699666ba5ff66d221fd9edefe619d7a8b7
source-identity-declaration-20260808T051455+0800-c59753ae5b8f,ZI-2cf1c33ec5d03375f4ea30ab,DS-000084,候选数据文件,BTC,4小时;8小时;24小时;48小时,15分钟;1小时,未知,未知,未知,未知,未知,未知,未知,未知,未知,未登记,无,config/数据/来源身份声明补采.json#身份声明[],a2b503bee22e558d2a12983346f4c7750b97234e9839b5dd9f80db0bd3e4c3b1,445c3db6bd19d4f5548639c800454f126f0076372a493802613cf5800bcfd8e3,605a5eb860a53c866c176f9377d1e2fbb5052a77234ea73731df9aa2573861af,未知,b3a1fc5ec72ad95e258b584f936ad46befab951e0ee9e43eaa18179e34974387,无法判定,FILE_STAT_OBSERVED_IDENTITY_UNPROVEN,本批次只读；若声明、输入、Schema或授权漂移，既有结论自动失效并须追加新批次,未读取业务正文、价格、成交、订单簿、账户或凭据；身份字段不完整,为该成员提供当前版本九字段声明及逐字段Schema、授权和唯一证据定位后追加不可变批次,2d50c1344a835ceeb832796935182aeff80bb03cecc5465c8cf3aaccbd446acd,86129966e4bc55fac18f2d7602a2309d4403f85861102128a56a80a5a0ccc1ea,ceb2f0fdf0f373e7564298f448b9233369a3a85d125663dacb9698a8973b359d
source-identity-declaration-20260808T051455+0800-c59753ae5b8f,ZI-6660a9981b4c038dfec654e0,DS-000085,候选数据文件,BTC,4小时;8小时;24小时;48小时,15分钟;1小时,未知,未知,未知,未知,未知,未知,未知,未知,未知,未登记,无,config/数据/来源身份声明补采.json#身份声明[],a2b503bee22e558d2a12983346f4c7750b97234e9839b5dd9f80db0bd3e4c3b1,0c7eaabb88f378576b9d9ce30a667c481c9cbc99a6f7eb7d7d491544477e4ffe,0fedf9c7d3d0b989a7b875084ed71e07cdebe1bb2dcb6342a19dfc9a576d79f6,未知,b3a1fc5ec72ad95e258b584f936ad46befab951e0ee9e43eaa18179e34974387,无法判定,FILE_STAT_OBSERVED_IDENTITY_UNPROVEN,本批次只读；若声明、输入、Schema或授权漂移，既有结论自动失效并须追加新批次,未读取业务正文、价格、成交、订单簿、账户或凭据；身份字段不完整,为该成员提供当前版本九字段声明及逐字段Schema、授权和唯一证据定位后追加不可变批次,2d50c1344a835ceeb832796935182aeff80bb03cecc5465c8cf3aaccbd446acd,86129966e4bc55fac18f2d7602a2309d4403f85861102128a56a80a5a0ccc1ea,21328f4abf3e1c99d7b093109df8182b22a83174041303a50edfab6508aaf6a2
source-identity-declaration-20260808T051455+0800-c59753ae5b8f,ZI-540f8f5763c8c25b47283449,DS-000086,候选数据文件,BTC,4小时;8小时;24小时;48小时,15分钟;1小时,未知,未知,未知,未知,未知,未知,未知,未知,未知,未登记,无,config/数据/来源身份声明补采.json#身份声明[],a2b503bee22e558d2a12983346f4c7750b97234e9839b5dd9f80db0bd3e4c3b1,0eb4a4f4f4e4a1068ec372fdf0f11c08153f6b1bc3cd56a5c0c94960d1e62b09,01f93941e985130de91b35ffe8c58ad67717e498a3ce1aa05fc6c302bd2e295d,未知,b3a1fc5ec72ad95e258b584f936ad46befab951e0ee9e43eaa18179e34974387,无法判定,FILE_STAT_OBSERVED_IDENTITY_UNPROVEN,本批次只读；若声明、输入、Schema或授权漂移，既有结论自动失效并须追加新批次,未读取业务正文、价格、成交、订单簿、账户或凭据；身份字段不完整,为该成员提供当前版本九字段声明及逐字段Schema、授权和唯一证据定位后追加不可变批次,2d50c1344a835ceeb832796935182aeff80bb03cecc5465c8cf3aaccbd446acd,86129966e4bc55fac18f2d7602a2309d4403f85861102128a56a80a5a0ccc1ea,c1e1eeb1b8d977ee1ecbfdb1f5ffc0aaaca155361f4e7c721b3d1f3b247ebd8a
source-identity-declaration-20260808T051455+0800-c59753ae5b8f,ZI-563d8a435062e95a3eb06fe9,DS-000087,候选数据文件,BTC,4小时;8小时;24小时;48小时,15分钟;1小时,未知,未知,未知,未知,未知,未知,未知,未知,未知,未登记,无,config/数据/来源身份声明补采.json#身份声明[],a2b503bee22e558d2a12983346f4c7750b97234e9839b5dd9f80db0bd3e4c3b1,cb5a9125a33ceff9a40988e72821717f085ad2c21526cf39088cb344195f21c1,251b795b56d9aa547185015d4a5a0dcec33763011e38c6999b85d5ac3c45834f,未知,b3a1fc5ec72ad95e258b584f936ad46befab951e0ee9e43eaa18179e34974387,无法判定,FILE_STAT_OBSERVED_IDENTITY_UNPROVEN,本批次只读；若声明、输入、Schema或授权漂移，既有结论自动失效并须追加新批次,未读取业务正文、价格、成交、订单簿、账户或凭据；身份字段不完整,为该成员提供当前版本九字段声明及逐字段Schema、授权和唯一证据定位后追加不可变批次,2d50c1344a835ceeb832796935182aeff80bb03cecc5465c8cf3aaccbd446acd,86129966e4bc55fac18f2d7602a2309d4403f85861102128a56a80a5a0ccc1ea,a99037eb83b27b11be52f6ae2ec0fa0de13bd4b36faffc0246f4807cc303078b
source-identity-declaration-20260808T051455+0800-c59753ae5b8f,ZI-1644f2c09acf5ac64c1c5a84,DS-000088,候选数据文件,BTC,4小时;8小时;24小时;48小时,15分钟;1小时,未知,未知,未知,未知,未知,未知,未知,未知,未知,未登记,无,config/数据/来源身份声明补采.json#身份声明[],a2b503bee22e558d2a12983346f4c7750b97234e9839b5dd9f80db0bd3e4c3b1,bdf4657f0758c3c4568e041dea286a8841995e2061be6660ddc80d52cb73fd57,86b4f6c6711e419eb64b65468f33c7b013594aec40ccf4bd6b11fe08ad060d5b,未知,b3a1fc5ec72ad95e258b584f936ad46befab951e0ee9e43eaa18179e34974387,无法判定,FILE_STAT_OBSERVED_IDENTITY_UNPROVEN,本批次只读；若声明、输入、Schema或授权漂移，既有结论自动失效并须追加新批次,未读取业务正文、价格、成交、订单簿、账户或凭据；身份字段不完整,为该成员提供当前版本九字段声明及逐字段Schema、授权和唯一证据定位后追加不可变批次,2d50c1344a835ceeb832796935182aeff80bb03cecc5465c8cf3aaccbd446acd,86129966e4bc55fac18f2d7602a2309d4403f85861102128a56a80a5a0ccc1ea,251d9669702bccc8ae605b10b03d89b2b9d2e9636f35847283565ebdc44a0adc
source-identity-declaration-20260808T051455+0800-c59753ae5b8f,ZI-a06218992d1a90d5362b2b06,DS-000089,候选数据文件,BTC,4小时;8小时;24小时;48小时,15分钟;1小时,未知,未知,未知,未知,未知,未知,未知,未知,未知,未登记,无,config/数据/来源身份声明补采.json#身份声明[],a2b503bee22e558d2a12983346f4c7750b97234e9839b5dd9f80db0bd3e4c3b1,c17e9de0d77f02429c2bf544f7e87a0be9fbf10f1ca0309af848cab64647df44,4ed8b8cc81cb8fb63ca76d450cbc525819c194a1da99c22db6bc82feab0ae550,未知,b3a1fc5ec72ad95e258b584f936ad46befab951e0ee9e43eaa18179e34974387,无法判定,FILE_STAT_OBSERVED_IDENTITY_UNPROVEN,本批次只读；若声明、输入、Schema或授权漂移，既有结论自动失效并须追加新批次,未读取业务正文、价格、成交、订单簿、账户或凭据；身份字段不完整,为该成员提供当前版本九字段声明及逐字段Schema、授权和唯一证据定位后追加不可变批次,2d50c1344a835ceeb832796935182aeff80bb03cecc5465c8cf3aaccbd446acd,86129966e4bc55fac18f2d7602a2309d4403f85861102128a56a80a5a0ccc1ea,053293109b8a1de2483e54f5befe02aeb6b2635099ec266761c2a23be18efbfd
source-identity-declaration-20260808T051455+0800-c59753ae5b8f,ZI-9db5ea58aed603182d0b7ac5,DS-000090,候选数据文件,BTC,4小时;8小时;24小时;48小时,15分钟;1小时,未知,未知,未知,未知,未知,未知,未知,未知,未知,未登记,无,config/数据/来源身份声明补采.json#身份声明[],a2b503bee22e558d2a12983346f4c7750b97234e9839b5dd9f80db0bd3e4c3b1,7455cb004fd8f92bf11aba3294a88df82c2f66ca25872225ffb0d58a6c649e95,a4aa975040979ed8bdf47abeb06339fd4c8047e3db8961b85925d1f4db1d8f18,未知,b3a1fc5ec72ad95e258b584f936ad46befab951e0ee9e43eaa18179e34974387,无法判定,FILE_STAT_OBSERVED_IDENTITY_UNPROVEN,本批次只读；若声明、输入、Schema或授权漂移，既有结论自动失效并须追加新批次,未读取业务正文、价格、成交、订单簿、账户或凭据；身份字段不完整,为该成员提供当前版本九字段声明及逐字段Schema、授权和唯一证据定位后追加不可变批次,2d50c1344a835ceeb832796935182aeff80bb03cecc5465c8cf3aaccbd446acd,86129966e4bc55fac18f2d7602a2309d4403f85861102128a56a80a5a0ccc1ea,4f8f16764e7401969c303a5124f48e87953b2068840cac0551e295f531ad77e7
source-identity-declaration-20260808T051455+0800-c59753ae5b8f,ZI-c1325d8ffbc6677ee8c86497,DS-000091,候选数据文件,BTC,4小时;8小时;24小时;48小时,15分钟;1小时,未知,未知,未知,未知,未知,未知,未知,未知,未知,未登记,无,config/数据/来源身份声明补采.json#身份声明[],a2b503bee22e558d2a12983346f4c7750b97234e9839b5dd9f80db0bd3e4c3b1,0c82b4ff49875c233adadf63c84b19abc1ddf2bd99291782e3aaaea7ddb51ca4,14572374be8a915091e335ea2f58a59818e7d1ad356619f4bdd9b95f4c3147b9,未知,b3a1fc5ec72ad95e258b584f936ad46befab951e0ee9e43eaa18179e34974387,无法判定,FILE_STAT_OBSERVED_IDENTITY_UNPROVEN,本批次只读；若声明、输入、Schema或授权漂移，既有结论自动失效并须追加新批次,未读取业务正文、价格、成交、订单簿、账户或凭据；身份字段不完整,为该成员提供当前版本九字段声明及逐字段Schema、授权和唯一证据定位后追加不可变批次,2d50c1344a835ceeb832796935182aeff80bb03cecc5465c8cf3aaccbd446acd,86129966e4bc55fac18f2d7602a2309d4403f85861102128a56a80a5a0ccc1ea,3a258408a0b167ae3c74af552b679846693bfd9f997c517b997759bd6817234f
source-identity-declaration-20260808T051455+0800-c59753ae5b8f,ZI-809e979581c6c01829dbc939,DS-000092,候选数据文件,BTC,4小时;8小时;24小时;48小时,15分钟;1小时,未知,未知,未知,未知,未知,未知,未知,未知,未知,未登记,无,config/数据/来源身份声明补采.json#身份声明[],a2b503bee22e558d2a12983346f4c7750b97234e9839b5dd9f80db0bd3e4c3b1,310f779c52d0802aa60fb5bcd2f1f07defbd477d6b7f609c42dd252100540981,36e383047a54db511b2d6e7fd23dc6ac447aa522467d74c631ec96cc5ce304cc,未知,b3a1fc5ec72ad95e258b584f936ad46befab951e0ee9e43eaa18179e34974387,无法判定,FILE_STAT_OBSERVED_IDENTITY_UNPROVEN,本批次只读；若声明、输入、Schema或授权漂移，既有结论自动失效并须追加新批次,未读取业务正文、价格、成交、订单簿、账户或凭据；身份字段不完整,为该成员提供当前版本九字段声明及逐字段Schema、授权和唯一证据定位后追加不可变批次,2d50c1344a835ceeb832796935182aeff80bb03cecc5465c8cf3aaccbd446acd,86129966e4bc55fac18f2d7602a2309d4403f85861102128a56a80a5a0ccc1ea,dd6620e8c99bd54ac07ae9b5f417dc46afce426b1a7b7620e310a7c577ac7b82
source-identity-declaration-20260808T051455+0800-c59753ae5b8f,ZI-8a55ecf7d5c701f9bfe01347,DS-000093,候选数据文件,BTC,4小时;8小时;24小时;48小时,15分钟;1小时,未知,未知,未知,未知,未知,未知,未知,未知,未知,未登记,无,config/数据/来源身份声明补采.json#身份声明[],a2b503bee22e558d2a12983346f4c7750b97234e9839b5dd9f80db0bd3e4c3b1,a283d773fa26d2d545695ee035f7474a83e0e8dd4bd32d0f6c12c203d554e5c0,cffb4bf5c2c68fb4c145856b53348278f7d48351229f466d01a3bac4c481d538,未知,b3a1fc5ec72ad95e258b584f936ad46befab951e0ee9e43eaa18179e34974387,无法判定,FILE_STAT_OBSERVED_IDENTITY_UNPROVEN,本批次只读；若声明、输入、Schema或授权漂移，既有结论自动失效并须追加新批次,未读取业务正文、价格、成交、订单簿、账户或凭据；身份字段不完整,为该成员提供当前版本九字段声明及逐字段Schema、授权和唯一证据定位后追加不可变批次,2d50c1344a835ceeb832796935182aeff80bb03cecc5465c8cf3aaccbd446acd,86129966e4bc55fac18f2d7602a2309d4403f85861102128a56a80a5a0ccc1ea,fbddca8e4fca4cb87768501f00601011d5d271e41478bc71421d6d3f35bf7b35
source-identity-declaration-20260808T051455+0800-c59753ae5b8f,ZI-c4e34cac634b85bce06fba88,DS-000094,候选数据文件,BTC,4小时;8小时;24小时;48小时,15分钟;1小时,未知,未知,未知,未知,未知,未知,未知,未知,未知,未登记,无,config/数据/来源身份声明补采.json#身份声明[],a2b503bee22e558d2a12983346f4c7750b97234e9839b5dd9f80db0bd3e4c3b1,5723e42924486a24e269f2e46f3642ec86fbf87cd739ce95b2730238c768c4a8,478a23ecc0cb5bfd585574dd56dcb6029ca0d8be9a8dd1716fc63c8058e8653e,未知,b3a1fc5ec72ad95e258b584f936ad46befab951e0ee9e43eaa18179e34974387,无法判定,FILE_STAT_OBSERVED_IDENTITY_UNPROVEN,本批次只读；若声明、输入、Schema或授权漂移，既有结论自动失效并须追加新批次,未读取业务正文、价格、成交、订单簿、账户或凭据；身份字段不完整,为该成员提供当前版本九字段声明及逐字段Schema、授权和唯一证据定位后追加不可变批次,2d50c1344a835ceeb832796935182aeff80bb03cecc5465c8cf3aaccbd446acd,86129966e4bc55fac18f2d7602a2309d4403f85861102128a56a80a5a0ccc1ea,00d2cc711f1f926ac86d6babdeb593b6b4b5f0715f7df39eb439aac79f59fcb0
source-identity-declaration-20260808T051455+0800-c59753ae5b8f,ZI-d9e2d56ec838f36a9286bb3a,DS-000095,候选数据文件,BTC,4小时;8小时;24小时;48小时,15分钟;1小时,未知,未知,未知,未知,未知,未知,未知,未知,未知,未登记,无,config/数据/来源身份声明补采.json#身份声明[],a2b503bee22e558d2a12983346f4c7750b97234e9839b5dd9f80db0bd3e4c3b1,e5df3b09a4f4f2fbc001e29f4f2ed9625f6b62ea788160f56763679ae5a7fd21,736c38357d72779bfd64a024b7e6ca2a781c5d7802287968dc884508738f6588,未知,b3a1fc5ec72ad95e258b584f936ad46befab951e0ee9e43eaa18179e34974387,无法判定,FILE_STAT_OBSERVED_IDENTITY_UNPROVEN,本批次只读；若声明、输入、Schema或授权漂移，既有结论自动失效并须追加新批次,未读取业务正文、价格、成交、订单簿、账户或凭据；身份字段不完整,为该成员提供当前版本九字段声明及逐字段Schema、授权和唯一证据定位后追加不可变批次,2d50c1344a835ceeb832796935182aeff80bb03cecc5465c8cf3aaccbd446acd,86129966e4bc55fac18f2d7602a2309d4403f85861102128a56a80a5a0ccc1ea,24de686d4b6c3020b174e752ea27d1edf9c91cef0b92a564387c2cff086cdd59
source-identity-declaration-20260808T051455+0800-c59753ae5b8f,ZI-3bfe74a5e3377c8f48575d33,DS-000096,候选数据文件,BTC,4小时;8小时;24小时;48小时,15分钟;1小时,未知,未知,未知,未知,未知,未知,未知,未知,未知,未登记,无,config/数据/来源身份声明补采.json#身份声明[],a2b503bee22e558d2a12983346f4c7750b97234e9839b5dd9f80db0bd3e4c3b1,ba6d3ff4ffef24004405e028478940e5ab58886fe03296e15653487d2a406dee,88ce272dc64a0f211fae4e644c2dfdb2eef243e1d31b323320a0aadaf3a1ef17,未知,b3a1fc5ec72ad95e258b584f936ad46befab951e0ee9e43eaa18179e34974387,无法判定,FILE_STAT_OBSERVED_IDENTITY_UNPROVEN,本批次只读；若声明、输入、Schema或授权漂移，既有结论自动失效并须追加新批次,未读取业务正文、价格、成交、订单簿、账户或凭据；身份字段不完整,为该成员提供当前版本九字段声明及逐字段Schema、授权和唯一证据定位后追加不可变批次,2d50c1344a835ceeb832796935182aeff80bb03cecc5465c8cf3aaccbd446acd,86129966e4bc55fac18f2d7602a2309d4403f85861102128a56a80a5a0ccc1ea,3a9aa6852d03fb6160f2cd7f795c4065cbe7a6ad4933e8b8c8838955f599d3e7
source-identity-declaration-20260808T051455+0800-c59753ae5b8f,ZI-5242fd5a16f73078c0178d46,DS-000097,候选数据文件,BTC,4小时;8小时;24小时;48小时,15分钟;1小时,未知,未知,未知,未知,未知,未知,未知,未知,未知,未登记,无,config/数据/来源身份声明补采.json#身份声明[],a2b503bee22e558d2a12983346f4c7750b97234e9839b5dd9f80db0bd3e4c3b1,8228c63ea9d98b795581957c34ac1ce53475f0d389e891c8c45f6a90e39e5f52,730674d7e6f71729da00454c5e39bb2eacbd5f280c8bef503e041c8b545c06c6,未知,b3a1fc5ec72ad95e258b584f936ad46befab951e0ee9e43eaa18179e34974387,无法判定,FILE_STAT_OBSERVED_IDENTITY_UNPROVEN,本批次只读；若声明、输入、Schema或授权漂移，既有结论自动失效并须追加新批次,未读取业务正文、价格、成交、订单簿、账户或凭据；身份字段不完整,为该成员提供当前版本九字段声明及逐字段Schema、授权和唯一证据定位后追加不可变批次,2d50c1344a835ceeb832796935182aeff80bb03cecc5465c8cf3aaccbd446acd,86129966e4bc55fac18f2d7602a2309d4403f85861102128a56a80a5a0ccc1ea,9744d3d6b4bce6033edaf7d0c1b9889fdb73b2fa1187e16ab90b6b06d2fbfc08
source-identity-declaration-20260808T051455+0800-c59753ae5b8f,ZI-5b71193a5de7dc8af188547b,DS-000098,候选数据文件,BTC,4小时;8小时;24小时;48小时,15分钟;1小时,未知,未知,未知,未知,未知,未知,未知,未知,未知,未登记,无,config/数据/来源身份声明补采.json#身份声明[],a2b503bee22e558d2a12983346f4c7750b97234e9839b5dd9f80db0bd3e4c3b1,b36b9fceb03833c0e0d70c168c701624f3141e4ed9eff163a784fd829f7e31d7,0ad498d8ae12e923e3b733bf512bc7d0e881cf6a9be921bff52c479975238bb1,未知,b3a1fc5ec72ad95e258b584f936ad46befab951e0ee9e43eaa18179e34974387,无法判定,FILE_STAT_OBSERVED_IDENTITY_UNPROVEN,本批次只读；若声明、输入、Schema或授权漂移，既有结论自动失效并须追加新批次,未读取业务正文、价格、成交、订单簿、账户或凭据；身份字段不完整,为该成员提供当前版本九字段声明及逐字段Schema、授权和唯一证据定位后追加不可变批次,2d50c1344a835ceeb832796935182aeff80bb03cecc5465c8cf3aaccbd446acd,86129966e4bc55fac18f2d7602a2309d4403f85861102128a56a80a5a0ccc1ea,723358b1c136610a5fc8a1a044122ee6d4d7dc7abd5e585ee0bcdec49a3e6f8e
source-identity-declaration-20260808T051455+0800-c59753ae5b8f,ZI-8f9ae27bb3a3a27be851a19e,DS-000099,候选数据文件,BTC,4小时;8小时;24小时;48小时,15分钟;1小时,未知,未知,未知,未知,未知,未知,未知,未知,未知,未登记,无,config/数据/来源身份声明补采.json#身份声明[],a2b503bee22e558d2a12983346f4c7750b97234e9839b5dd9f80db0bd3e4c3b1,406902f70179ec4296dab8c11df609ebd2db5dba4451dedd8e129a2be9025ef0,4041976c52c5255b1c61b1cccd72cf836a4594f195f58b39efc5f4789e5f35ad,未知,b3a1fc5ec72ad95e258b584f936ad46befab951e0ee9e43eaa18179e34974387,无法判定,FILE_STAT_OBSERVED_IDENTITY_UNPROVEN,本批次只读；若声明、输入、Schema或授权漂移，既有结论自动失效并须追加新批次,未读取业务正文、价格、成交、订单簿、账户或凭据；身份字段不完整,为该成员提供当前版本九字段声明及逐字段Schema、授权和唯一证据定位后追加不可变批次,2d50c1344a835ceeb832796935182aeff80bb03cecc5465c8cf3aaccbd446acd,86129966e4bc55fac18f2d7602a2309d4403f85861102128a56a80a5a0ccc1ea,ae621d9caaef773111da995442cdc362a4476b9641cf76961e10df13f0b28cda
source-identity-declaration-20260808T051455+0800-c59753ae5b8f,ZI-7e5cb2ff02459507aea17fad,DS-000100,候选数据文件,BTC,4小时;8小时;24小时;48小时,15分钟;1小时,未知,未知,未知,未知,未知,未知,未知,未知,未知,未登记,无,config/数据/来源身份声明补采.json#身份声明[],a2b503bee22e558d2a12983346f4c7750b97234e9839b5dd9f80db0bd3e4c3b1,fe048a02588b3cc749889b703140b2600f164dd21a8297092b0703089ac5e81e,10bc1e9edaf2c0ce7b10a3e884d9e49db31b51fc1969bff9576bdac99b3abee0,未知,b3a1fc5ec72ad95e258b584f936ad46befab951e0ee9e43eaa18179e34974387,无法判定,FILE_STAT_OBSERVED_IDENTITY_UNPROVEN,本批次只读；若声明、输入、Schema或授权漂移，既有结论自动失效并须追加新批次,未读取业务正文、价格、成交、订单簿、账户或凭据；身份字段不完整,为该成员提供当前版本九字段声明及逐字段Schema、授权和唯一证据定位后追加不可变批次,2d50c1344a835ceeb832796935182aeff80bb03cecc5465c8cf3aaccbd446acd,86129966e4bc55fac18f2d7602a2309d4403f85861102128a56a80a5a0ccc1ea,8fbc96101d35b394af041807b4507d580567751f978d6f330ee697b8a51e18c2
source-identity-declaration-20260808T051455+0800-c59753ae5b8f,ZI-ca9e45ea48cbd23828cbf7c1,DS-000101,候选数据文件,BTC,4小时;8小时;24小时;48小时,15分钟;1小时,未知,未知,未知,未知,未知,未知,未知,未知,未知,未登记,无,config/数据/来源身份声明补采.json#身份声明[],a2b503bee22e558d2a12983346f4c7750b97234e9839b5dd9f80db0bd3e4c3b1,ea8e64d81a49f583be20253df94bb10447a84f34924a81ea484985df8de14bc5,0a91d48bdaabe373cfd71d515e923c5a04884bb57f109185e614c1b39499754e,未知,b3a1fc5ec72ad95e258b584f936ad46befab951e0ee9e43eaa18179e34974387,无法判定,FILE_STAT_OBSERVED_IDENTITY_UNPROVEN,本批次只读；若声明、输入、Schema或授权漂移，既有结论自动失效并须追加新批次,未读取业务正文、价格、成交、订单簿、账户或凭据；身份字段不完整,为该成员提供当前版本九字段声明及逐字段Schema、授权和唯一证据定位后追加不可变批次,2d50c1344a835ceeb832796935182aeff80bb03cecc5465c8cf3aaccbd446acd,86129966e4bc55fac18f2d7602a2309d4403f85861102128a56a80a5a0ccc1ea,18f6609f764ce1d7a55a95bf1e528d92e94dab609cfc2c7966ca95782fd1b78b
source-identity-declaration-20260808T051455+0800-c59753ae5b8f,ZI-83194da27e2588c646f0c067,DS-000102,候选数据文件,BTC,4小时;8小时;24小时;48小时,15分钟;1小时,未知,未知,未知,未知,未知,未知,未知,未知,未知,未登记,无,config/数据/来源身份声明补采.json#身份声明[],a2b503bee22e558d2a12983346f4c7750b97234e9839b5dd9f80db0bd3e4c3b1,abfb99f6151387ef4ff78a22a9fd233763a7a49d18bf50e5df9ba77c6b3c3f00,b386d1119735318462e2139b9e347bffa3dc4cc1cbd024fa3649d64f974fd023,未知,b3a1fc5ec72ad95e258b584f936ad46befab951e0ee9e43eaa18179e34974387,无法判定,FILE_STAT_OBSERVED_IDENTITY_UNPROVEN,本批次只读；若声明、输入、Schema或授权漂移，既有结论自动失效并须追加新批次,未读取业务正文、价格、成交、订单簿、账户或凭据；身份字段不完整,为该成员提供当前版本九字段声明及逐字段Schema、授权和唯一证据定位后追加不可变批次,2d50c1344a835ceeb832796935182aeff80bb03cecc5465c8cf3aaccbd446acd,86129966e4bc55fac18f2d7602a2309d4403f85861102128a56a80a5a0ccc1ea,c7711af44edbb2def4ceda9c562d19cd8c4f1920439014024a69ac76d2d7c030
source-identity-declaration-20260808T051455+0800-c59753ae5b8f,ZI-79e649e4f49291fd4b439afc,DS-000103,候选数据文件,BTC,4小时;8小时;24小时;48小时,15分钟;1小时,未知,未知,未知,未知,未知,未知,未知,未知,未知,未登记,无,config/数据/来源身份声明补采.json#身份声明[],a2b503bee22e558d2a12983346f4c7750b97234e9839b5dd9f80db0bd3e4c3b1,eb07628cb6a921195379d64475122a7143d0631cf42e25bfa01dcd7daaceb638,23f20b89610e2c1a33de449993d37f883d5c01487dfdba1dcf19c75060bdfc08,未知,b3a1fc5ec72ad95e258b584f936ad46befab951e0ee9e43eaa18179e34974387,无法判定,FILE_STAT_OBSERVED_IDENTITY_UNPROVEN,本批次只读；若声明、输入、Schema或授权漂移，既有结论自动失效并须追加新批次,未读取业务正文、价格、成交、订单簿、账户或凭据；身份字段不完整,为该成员提供当前版本九字段声明及逐字段Schema、授权和唯一证据定位后追加不可变批次,2d50c1344a835ceeb832796935182aeff80bb03cecc5465c8cf3aaccbd446acd,86129966e4bc55fac18f2d7602a2309d4403f85861102128a56a80a5a0ccc1ea,e176d05e7c384155bececd97391a8d1f88551e79d77086076461f8e3928f2417
source-identity-declaration-20260808T051455+0800-c59753ae5b8f,ZI-d4cca3ff9c910b0cb170853b,DS-000104,候选数据文件,BTC,4小时;8小时;24小时;48小时,15分钟;1小时,未知,未知,未知,未知,未知,未知,未知,未知,未知,未登记,无,config/数据/来源身份声明补采.json#身份声明[],a2b503bee22e558d2a12983346f4c7750b97234e9839b5dd9f80db0bd3e4c3b1,ef28cdf12ca8827b2378c7e1e803ead3e3cf993ed1c368426155024fdc6c8959,c8aaa84129d33e87c4a177f961793252aa3f724efbb8b8b92789a5626bc0ea11,未知,b3a1fc5ec72ad95e258b584f936ad46befab951e0ee9e43eaa18179e34974387,无法判定,FILE_STAT_OBSERVED_IDENTITY_UNPROVEN,本批次只读；若声明、输入、Schema或授权漂移，既有结论自动失效并须追加新批次,未读取业务正文、价格、成交、订单簿、账户或凭据；身份字段不完整,为该成员提供当前版本九字段声明及逐字段Schema、授权和唯一证据定位后追加不可变批次,2d50c1344a835ceeb832796935182aeff80bb03cecc5465c8cf3aaccbd446acd,86129966e4bc55fac18f2d7602a2309d4403f85861102128a56a80a5a0ccc1ea,08444191d777213a2dfcda7318d17b903a0bf3be1cab2b70bcfa7a134e28b188
source-identity-declaration-20260808T051455+0800-c59753ae5b8f,ZI-d4c476126bfea2ff99705d12,DS-000105,候选数据文件,BTC,4小时;8小时;24小时;48小时,15分钟;1小时,未知,未知,未知,未知,未知,未知,未知,未知,未知,未登记,无,config/数据/来源身份声明补采.json#身份声明[],a2b503bee22e558d2a12983346f4c7750b97234e9839b5dd9f80db0bd3e4c3b1,6ebf6d7a8a93d298f90f71a5732fabad965efedd59ad24025ceef2bff1413bc0,dce42c947587d840b35b6dc148798594d2cdfae0826496f1a95e47620a343be0,未知,b3a1fc5ec72ad95e258b584f936ad46befab951e0ee9e43eaa18179e34974387,无法判定,FILE_STAT_OBSERVED_IDENTITY_UNPROVEN,本批次只读；若声明、输入、Schema或授权漂移，既有结论自动失效并须追加新批次,未读取业务正文、价格、成交、订单簿、账户或凭据；身份字段不完整,为该成员提供当前版本九字段声明及逐字段Schema、授权和唯一证据定位后追加不可变批次,2d50c1344a835ceeb832796935182aeff80bb03cecc5465c8cf3aaccbd446acd,86129966e4bc55fac18f2d7602a2309d4403f85861102128a56a80a5a0ccc1ea,0686d10c1494b365b53fd980d4af1bd4034c220dabec0c7bbc4eb11b502c4f3e
source-identity-declaration-20260808T051455+0800-c59753ae5b8f,ZI-9caa14db165dab9ae3f80a1b,DS-000106,候选数据文件,BTC,4小时;8小时;24小时;48小时,15分钟;1小时,未知,未知,未知,未知,未知,未知,未知,未知,未知,未登记,无,config/数据/来源身份声明补采.json#身份声明[],a2b503bee22e558d2a12983346f4c7750b97234e9839b5dd9f80db0bd3e4c3b1,7d452e0b77d3aca62618b2d4f776cb3ea7dd8bbc606f9df2cbaf4074a6486b29,b38fad67cc9e37b015c2de9a89d44de8aaefeb7633e89a0044901b6ef82204d6,未知,b3a1fc5ec72ad95e258b584f936ad46befab951e0ee9e43eaa18179e34974387,无法判定,FILE_STAT_OBSERVED_IDENTITY_UNPROVEN,本批次只读；若声明、输入、Schema或授权漂移，既有结论自动失效并须追加新批次,未读取业务正文、价格、成交、订单簿、账户或凭据；身份字段不完整,为该成员提供当前版本九字段声明及逐字段Schema、授权和唯一证据定位后追加不可变批次,2d50c1344a835ceeb832796935182aeff80bb03cecc5465c8cf3aaccbd446acd,86129966e4bc55fac18f2d7602a2309d4403f85861102128a56a80a5a0ccc1ea,9c86258acd91909b93d7df51bff588b1c00821132d1b0299f662d5561999c03b
source-identity-declaration-20260808T051455+0800-c59753ae5b8f,ZI-9d8ef07dfb35083bea918b61,DS-000107,候选数据文件,BTC,4小时;8小时;24小时;48小时,15分钟;1小时,未知,未知,未知,未知,未知,未知,未知,未知,未知,未登记,无,config/数据/来源身份声明补采.json#身份声明[],a2b503bee22e558d2a12983346f4c7750b97234e9839b5dd9f80db0bd3e4c3b1,1c779a884c12e4f411a9bc59ae6b87246c2b0b62333aded6984e1b65fb366d58,f57ae7adc6a21ab1f07f375520a27a8cc89841277281823327f09adfec1f2dc1,未知,b3a1fc5ec72ad95e258b584f936ad46befab951e0ee9e43eaa18179e34974387,无法判定,FILE_STAT_OBSERVED_IDENTITY_UNPROVEN,本批次只读；若声明、输入、Schema或授权漂移，既有结论自动失效并须追加新批次,未读取业务正文、价格、成交、订单簿、账户或凭据；身份字段不完整,为该成员提供当前版本九字段声明及逐字段Schema、授权和唯一证据定位后追加不可变批次,2d50c1344a835ceeb832796935182aeff80bb03cecc5465c8cf3aaccbd446acd,86129966e4bc55fac18f2d7602a2309d4403f85861102128a56a80a5a0ccc1ea,42a52b994f094df2485af0a287ea27005f524d5f67e4c953a24f6ac86a648b92
source-identity-declaration-20260808T051455+0800-c59753ae5b8f,ZI-60e1d87f679840a6bcbfd6c7,DS-000108,候选数据文件,BTC,4小时;8小时;24小时;48小时,15分钟;1小时,未知,未知,未知,未知,未知,未知,未知,未知,未知,未登记,无,config/数据/来源身份声明补采.json#身份声明[],a2b503bee22e558d2a12983346f4c7750b97234e9839b5dd9f80db0bd3e4c3b1,d97b0d962760ad3eb6a51747d90bfdd9e3b6bf31767c9aba88aff9714b5456bc,af76ec353b0dd0b6a5acf63c72cc41d009b25652aff7dcf89e60b411d94f9998,未知,b3a1fc5ec72ad95e258b584f936ad46befab951e0ee9e43eaa18179e34974387,无法判定,FILE_STAT_OBSERVED_IDENTITY_UNPROVEN,本批次只读；若声明、输入、Schema或授权漂移，既有结论自动失效并须追加新批次,未读取业务正文、价格、成交、订单簿、账户或凭据；身份字段不完整,为该成员提供当前版本九字段声明及逐字段Schema、授权和唯一证据定位后追加不可变批次,2d50c1344a835ceeb832796935182aeff80bb03cecc5465c8cf3aaccbd446acd,86129966e4bc55fac18f2d7602a2309d4403f85861102128a56a80a5a0ccc1ea,f6570f7b253986e48c99bef896fb214077b0a30ee7e3fe4a8652a4020929649e
source-identity-declaration-20260808T051455+0800-c59753ae5b8f,ZI-23a62a21a44ede3557e3b62c,DS-000109,候选数据文件,BTC,4小时;8小时;24小时;48小时,15分钟;1小时,未知,未知,未知,未知,未知,未知,未知,未知,未知,未登记,无,config/数据/来源身份声明补采.json#身份声明[],a2b503bee22e558d2a12983346f4c7750b97234e9839b5dd9f80db0bd3e4c3b1,33906bd2fcfd7bb1f16e12c0fbcf5a32d3eb963960a0412d88b1a5531531d280,b72b27e0618d3ee8901192b5a6fea8cbe28fc39a67c1c5f4022d3fa90e981598,未知,b3a1fc5ec72ad95e258b584f936ad46befab951e0ee9e43eaa18179e34974387,无法判定,FILE_STAT_OBSERVED_IDENTITY_UNPROVEN,本批次只读；若声明、输入、Schema或授权漂移，既有结论自动失效并须追加新批次,未读取业务正文、价格、成交、订单簿、账户或凭据；身份字段不完整,为该成员提供当前版本九字段声明及逐字段Schema、授权和唯一证据定位后追加不可变批次,2d50c1344a835ceeb832796935182aeff80bb03cecc5465c8cf3aaccbd446acd,86129966e4bc55fac18f2d7602a2309d4403f85861102128a56a80a5a0ccc1ea,5d9e2c2bbd5c6812893228610b55ecf40c6c7c0c5607e84350457a3c0a72fbea
source-identity-declaration-20260808T051455+0800-c59753ae5b8f,ZI-4a5363d41dd3d54d7864611d,DS-000110,候选数据文件,BTC,4小时;8小时;24小时;48小时,15分钟;1小时,未知,未知,未知,未知,未知,未知,未知,未知,未知,未登记,无,config/数据/来源身份声明补采.json#身份声明[],a2b503bee22e558d2a12983346f4c7750b97234e9839b5dd9f80db0bd3e4c3b1,0d59d080eb816bb6a7d5088cc871bec5cdc058074ced8ee38b7ac5e06efec7ea,186faeec98127cdb57c08f6b074402bf856678d6547dcdcf57f1f50bbcdaf750,未知,b3a1fc5ec72ad95e258b584f936ad46befab951e0ee9e43eaa18179e34974387,无法判定,FILE_STAT_OBSERVED_IDENTITY_UNPROVEN,本批次只读；若声明、输入、Schema或授权漂移，既有结论自动失效并须追加新批次,未读取业务正文、价格、成交、订单簿、账户或凭据；身份字段不完整,为该成员提供当前版本九字段声明及逐字段Schema、授权和唯一证据定位后追加不可变批次,2d50c1344a835ceeb832796935182aeff80bb03cecc5465c8cf3aaccbd446acd,86129966e4bc55fac18f2d7602a2309d4403f85861102128a56a80a5a0ccc1ea,6ec9c42744e5048ca5a7306aea23407d7bd5edfcb9a832920b8dd540fc899ff7
source-identity-declaration-20260808T051455+0800-c59753ae5b8f,ZI-a56a5bf3335401e617db60ab,DS-000111,候选数据文件,BTC,4小时;8小时;24小时;48小时,15分钟;1小时,未知,未知,未知,未知,未知,未知,未知,未知,未知,未登记,无,config/数据/来源身份声明补采.json#身份声明[],a2b503bee22e558d2a12983346f4c7750b97234e9839b5dd9f80db0bd3e4c3b1,ecd8dfcecf158d395dac3a1c91df7786242adf9d0122c34ec458be58d766663f,abce5c0ce247279b37414ae6fa80a514eac7113552d74f3b3e5903541a232f67,未知,b3a1fc5ec72ad95e258b584f936ad46befab951e0ee9e43eaa18179e34974387,无法判定,FILE_STAT_OBSERVED_IDENTITY_UNPROVEN,本批次只读；若声明、输入、Schema或授权漂移，既有结论自动失效并须追加新批次,未读取业务正文、价格、成交、订单簿、账户或凭据；身份字段不完整,为该成员提供当前版本九字段声明及逐字段Schema、授权和唯一证据定位后追加不可变批次,2d50c1344a835ceeb832796935182aeff80bb03cecc5465c8cf3aaccbd446acd,86129966e4bc55fac18f2d7602a2309d4403f85861102128a56a80a5a0ccc1ea,e9fd3a80972ab396bb3d460cc23fabb2940633d80bbb521de497630490cdd861
source-identity-declaration-20260808T051455+0800-c59753ae5b8f,ZI-285a4482ac5802699bf8a1ea,DS-000112,候选数据文件,BTC,4小时;8小时;24小时;48小时,15分钟;1小时,未知,未知,未知,未知,未知,未知,未知,未知,未知,未登记,无,config/数据/来源身份声明补采.json#身份声明[],a2b503bee22e558d2a12983346f4c7750b97234e9839b5dd9f80db0bd3e4c3b1,290fec9c99843ff43e2fa44b0685ae754abd94ccb79d11168effc2e257574e21,0e1be86dcb8f9564eada1e205e7c649eaa2fcb4b5a796399474ab14653fba1bb,未知,b3a1fc5ec72ad95e258b584f936ad46befab951e0ee9e43eaa18179e34974387,无法判定,FILE_STAT_OBSERVED_IDENTITY_UNPROVEN,本批次只读；若声明、输入、Schema或授权漂移，既有结论自动失效并须追加新批次,未读取业务正文、价格、成交、订单簿、账户或凭据；身份字段不完整,为该成员提供当前版本九字段声明及逐字段Schema、授权和唯一证据定位后追加不可变批次,2d50c1344a835ceeb832796935182aeff80bb03cecc5465c8cf3aaccbd446acd,86129966e4bc55fac18f2d7602a2309d4403f85861102128a56a80a5a0ccc1ea,aa29d0f4782d3b169096a2f819615aaf45cc6e7ad67b0b667b03b5d69e220436
source-identity-declaration-20260808T051455+0800-c59753ae5b8f,ZI-c368ec0a8284d3c172eda1a2,DS-000113,候选数据文件,BTC,4小时;8小时;24小时;48小时,15分钟;1小时,未知,未知,未知,未知,未知,未知,未知,未知,未知,未登记,无,config/数据/来源身份声明补采.json#身份声明[],a2b503bee22e558d2a12983346f4c7750b97234e9839b5dd9f80db0bd3e4c3b1,74f98b20f89a154b201438a140d3bf675ce8d06104663b525a9e689aa2eb0630,72cb58ae12ca003a8d29e7696a909f56cc2fc3510f34f17f6633c3ebdd16271d,未知,b3a1fc5ec72ad95e258b584f936ad46befab951e0ee9e43eaa18179e34974387,无法判定,FILE_STAT_OBSERVED_IDENTITY_UNPROVEN,本批次只读；若声明、输入、Schema或授权漂移，既有结论自动失效并须追加新批次,未读取业务正文、价格、成交、订单簿、账户或凭据；身份字段不完整,为该成员提供当前版本九字段声明及逐字段Schema、授权和唯一证据定位后追加不可变批次,2d50c1344a835ceeb832796935182aeff80bb03cecc5465c8cf3aaccbd446acd,86129966e4bc55fac18f2d7602a2309d4403f85861102128a56a80a5a0ccc1ea,92f4b32a51156f01753477bf36dca0dd301a558e4b4497f8f9ce7a47400cfd26
source-identity-declaration-20260808T051455+0800-c59753ae5b8f,ZI-f8745dbb71ac15767ca8d9c1,DS-000114,候选数据文件,BTC,4小时;8小时;24小时;48小时,15分钟;1小时,未知,未知,未知,未知,未知,未知,未知,未知,未知,未登记,无,config/数据/来源身份声明补采.json#身份声明[],a2b503bee22e558d2a12983346f4c7750b97234e9839b5dd9f80db0bd3e4c3b1,3e3fec896b931f582dddfe469e0dbe6e470535c77e3f7299e94f387b505d440c,cd8bd0bf961ed5ce3c2172a56ecd4ff74e43f63dd21c54c9f68830fc78260675,未知,b3a1fc5ec72ad95e258b584f936ad46befab951e0ee9e43eaa18179e34974387,无法判定,FILE_STAT_OBSERVED_IDENTITY_UNPROVEN,本批次只读；若声明、输入、Schema或授权漂移，既有结论自动失效并须追加新批次,未读取业务正文、价格、成交、订单簿、账户或凭据；身份字段不完整,为该成员提供当前版本九字段声明及逐字段Schema、授权和唯一证据定位后追加不可变批次,2d50c1344a835ceeb832796935182aeff80bb03cecc5465c8cf3aaccbd446acd,86129966e4bc55fac18f2d7602a2309d4403f85861102128a56a80a5a0ccc1ea,1dfb441b44ea61d830aab4f382e55c3794148e0e36552ca95a73533a55e2a839
source-identity-declaration-20260808T051455+0800-c59753ae5b8f,ZI-31961eda688bb5aee6575300,DS-000115,候选数据文件,BTC,4小时;8小时;24小时;48小时,15分钟;1小时,未知,未知,未知,未知,未知,未知,未知,未知,未知,未登记,无,config/数据/来源身份声明补采.json#身份声明[],a2b503bee22e558d2a12983346f4c7750b97234e9839b5dd9f80db0bd3e4c3b1,afe961774296dd8e04a4684cc5642629f080a957493c1cf954cf485a7e5763ed,dc00bf8a1426e1173a6a82c9ff91d646ecf18f5d79fc177f791bb09fa83fb0a3,未知,b3a1fc5ec72ad95e258b584f936ad46befab951e0ee9e43eaa18179e34974387,无法判定,FILE_STAT_OBSERVED_IDENTITY_UNPROVEN,本批次只读；若声明、输入、Schema或授权漂移，既有结论自动失效并须追加新批次,未读取业务正文、价格、成交、订单簿、账户或凭据；身份字段不完整,为该成员提供当前版本九字段声明及逐字段Schema、授权和唯一证据定位后追加不可变批次,2d50c1344a835ceeb832796935182aeff80bb03cecc5465c8cf3aaccbd446acd,86129966e4bc55fac18f2d7602a2309d4403f85861102128a56a80a5a0ccc1ea,03408d5600396985ddb8d92ffa0d82fe38eef27bc4aa26eea0d073152ba82866
source-identity-declaration-20260808T051455+0800-c59753ae5b8f,ZI-b38d3520cb51796d72c37eb0,DS-000116,候选数据文件,BTC,4小时;8小时;24小时;48小时,15分钟;1小时,未知,未知,未知,未知,未知,未知,未知,未知,未知,未登记,无,config/数据/来源身份声明补采.json#身份声明[],a2b503bee22e558d2a12983346f4c7750b97234e9839b5dd9f80db0bd3e4c3b1,95fa942c0d61a4c0c67ab8892ee22b19e0375cf22f45b301d85fc2f861b76c4d,a9d20e61faa875734fc6c5c9a390b6a7c9bb31a6a855ed2e71d8b416a0c6cc31,未知,b3a1fc5ec72ad95e258b584f936ad46befab951e0ee9e43eaa18179e34974387,无法判定,FILE_STAT_OBSERVED_IDENTITY_UNPROVEN,本批次只读；若声明、输入、Schema或授权漂移，既有结论自动失效并须追加新批次,未读取业务正文、价格、成交、订单簿、账户或凭据；身份字段不完整,为该成员提供当前版本九字段声明及逐字段Schema、授权和唯一证据定位后追加不可变批次,2d50c1344a835ceeb832796935182aeff80bb03cecc5465c8cf3aaccbd446acd,86129966e4bc55fac18f2d7602a2309d4403f85861102128a56a80a5a0ccc1ea,a8defc3a4063a3160781692f9e4b889eae355b1e682b01873b220695477a505a
source-identity-declaration-20260808T051455+0800-c59753ae5b8f,ZI-5ea466fcde39bb4c70c5a187,DS-000117,候选数据文件,BTC,4小时;8小时;24小时;48小时,15分钟;1小时,未知,未知,未知,未知,未知,未知,未知,未知,未知,未登记,无,config/数据/来源身份声明补采.json#身份声明[],a2b503bee22e558d2a12983346f4c7750b97234e9839b5dd9f80db0bd3e4c3b1,2618c38b7b3a4ced21d2f84d5249058929b44abacaed04c3d7145c62a9f2bed0,d0a8d864eea303ec7255229b7983bab2160f3d2900754f9e68b42a37f451df39,未知,b3a1fc5ec72ad95e258b584f936ad46befab951e0ee9e43eaa18179e34974387,无法判定,FILE_STAT_OBSERVED_IDENTITY_UNPROVEN,本批次只读；若声明、输入、Schema或授权漂移，既有结论自动失效并须追加新批次,未读取业务正文、价格、成交、订单簿、账户或凭据；身份字段不完整,为该成员提供当前版本九字段声明及逐字段Schema、授权和唯一证据定位后追加不可变批次,2d50c1344a835ceeb832796935182aeff80bb03cecc5465c8cf3aaccbd446acd,86129966e4bc55fac18f2d7602a2309d4403f85861102128a56a80a5a0ccc1ea,afb9c495cd66f24da81d39bfc080c20ebd9061173b680d3404a0fbaefa2c60b0
source-identity-declaration-20260808T051455+0800-c59753ae5b8f,ZI-2840b60ae29f6da1116b00b7,DS-000118,候选数据文件,BTC,4小时;8小时;24小时;48小时,15分钟;1小时,未知,未知,未知,未知,未知,未知,未知,未知,未知,未登记,无,config/数据/来源身份声明补采.json#身份声明[],a2b503bee22e558d2a12983346f4c7750b97234e9839b5dd9f80db0bd3e4c3b1,2629abb375ff39ff81b4461aa7d5fc4b83971f1ffc8a8bab00958e8be26497cd,a89068d18bdc3031167387767fc39e4900d4aaa08e7f740b4acc85e167a6cc52,未知,b3a1fc5ec72ad95e258b584f936ad46befab951e0ee9e43eaa18179e34974387,无法判定,FILE_STAT_OBSERVED_IDENTITY_UNPROVEN,本批次只读；若声明、输入、Schema或授权漂移，既有结论自动失效并须追加新批次,未读取业务正文、价格、成交、订单簿、账户或凭据；身份字段不完整,为该成员提供当前版本九字段声明及逐字段Schema、授权和唯一证据定位后追加不可变批次,2d50c1344a835ceeb832796935182aeff80bb03cecc5465c8cf3aaccbd446acd,86129966e4bc55fac18f2d7602a2309d4403f85861102128a56a80a5a0ccc1ea,1312a52ff39a5805820aa49ad35a8aca98bc8611254032cd0311a9da08c87e75
source-identity-declaration-20260808T051455+0800-c59753ae5b8f,ZI-d598b1a2b5c702f7087d23b1,DS-000119,候选数据文件,BTC,4小时;8小时;24小时;48小时,15分钟;1小时,未知,未知,未知,未知,未知,未知,未知,未知,未知,未登记,无,config/数据/来源身份声明补采.json#身份声明[],a2b503bee22e558d2a12983346f4c7750b97234e9839b5dd9f80db0bd3e4c3b1,f69bb9fd69717fc62e973fd0f57005c2efdfa818a0c96a38198a12dc11340bf3,201c24234fdb0a4b82ff7c3e1ac7720c60a94739884be74ea71e0fec2c01b3f4,未知,b3a1fc5ec72ad95e258b584f936ad46befab951e0ee9e43eaa18179e34974387,无法判定,FILE_STAT_OBSERVED_IDENTITY_UNPROVEN,本批次只读；若声明、输入、Schema或授权漂移，既有结论自动失效并须追加新批次,未读取业务正文、价格、成交、订单簿、账户或凭据；身份字段不完整,为该成员提供当前版本九字段声明及逐字段Schema、授权和唯一证据定位后追加不可变批次,2d50c1344a835ceeb832796935182aeff80bb03cecc5465c8cf3aaccbd446acd,86129966e4bc55fac18f2d7602a2309d4403f85861102128a56a80a5a0ccc1ea,8334f24173f9b1ca6a503640365353ec15434b896c0181d1817ba955a4d1f28c
source-identity-declaration-20260808T051455+0800-c59753ae5b8f,ZI-3070d81b75f66c2b727c4439,DS-000120,候选数据文件,BTC,4小时;8小时;24小时;48小时,15分钟;1小时,未知,未知,未知,未知,未知,未知,未知,未知,未知,未登记,无,config/数据/来源身份声明补采.json#身份声明[],a2b503bee22e558d2a12983346f4c7750b97234e9839b5dd9f80db0bd3e4c3b1,6609c14cb9bb0288b24cb453d942c7508aab48529570a4aaf23dd54ab7dcf43a,92d878d4d42f0b5c171f596ebdd3cb6795536cb7f481022b3a152a3ef9d9088c,未知,b3a1fc5ec72ad95e258b584f936ad46befab951e0ee9e43eaa18179e34974387,无法判定,FILE_STAT_OBSERVED_IDENTITY_UNPROVEN,本批次只读；若声明、输入、Schema或授权漂移，既有结论自动失效并须追加新批次,未读取业务正文、价格、成交、订单簿、账户或凭据；身份字段不完整,为该成员提供当前版本九字段声明及逐字段Schema、授权和唯一证据定位后追加不可变批次,2d50c1344a835ceeb832796935182aeff80bb03cecc5465c8cf3aaccbd446acd,86129966e4bc55fac18f2d7602a2309d4403f85861102128a56a80a5a0ccc1ea,e73fe3301db9954448b2ade667d7c6bab5165a38c070f95629448ef311f6b514
source-identity-declaration-20260808T051455+0800-c59753ae5b8f,ZI-8413f0e6afa6b3430372a713,DS-000121,候选数据文件,BTC,4小时;8小时;24小时;48小时,15分钟;1小时,未知,未知,未知,未知,未知,未知,未知,未知,未知,未登记,无,config/数据/来源身份声明补采.json#身份声明[],a2b503bee22e558d2a12983346f4c7750b97234e9839b5dd9f80db0bd3e4c3b1,6f11f05c8807a0f784213dce4eb03969122dc0a62e00b3d53e6bc473e342e278,bb047892a379b7419784df0d9cedd7e13bd29bc92dc6d96d34b7dbb3d7fe5cdf,未知,b3a1fc5ec72ad95e258b584f936ad46befab951e0ee9e43eaa18179e34974387,无法判定,FILE_STAT_OBSERVED_IDENTITY_UNPROVEN,本批次只读；若声明、输入、Schema或授权漂移，既有结论自动失效并须追加新批次,未读取业务正文、价格、成交、订单簿、账户或凭据；身份字段不完整,为该成员提供当前版本九字段声明及逐字段Schema、授权和唯一证据定位后追加不可变批次,2d50c1344a835ceeb832796935182aeff80bb03cecc5465c8cf3aaccbd446acd,86129966e4bc55fac18f2d7602a2309d4403f85861102128a56a80a5a0ccc1ea,c3e5e12fb011d990093e19fe5835c357f3b49cdbe8421ad41a9e463e41409642
source-identity-declaration-20260808T051455+0800-c59753ae5b8f,ZI-ee6f15f9e39a4d9fcfce0cf5,DS-000122,候选数据文件,BTC,4小时;8小时;24小时;48小时,15分钟;1小时,未知,未知,未知,未知,未知,未知,未知,未知,未知,未登记,无,config/数据/来源身份声明补采.json#身份声明[],a2b503bee22e558d2a12983346f4c7750b97234e9839b5dd9f80db0bd3e4c3b1,dc6c4dd4e242874a6da8334f67590790f72bb66e1b5ab6d94aeec5b53ed494be,53843d761732812258f146c1b81e787cfa6ea85b783bc115247d0e92889eba34,未知,b3a1fc5ec72ad95e258b584f936ad46befab951e0ee9e43eaa18179e34974387,拒绝,INPUT_MEMBER_REJECTED,本批次只读；若声明、输入、Schema或授权漂移，既有结论自动失效并须追加新批次,未读取业务正文、价格、成交、订单簿、账户或凭据；身份字段不完整,为该成员提供当前版本九字段声明及逐字段Schema、授权和唯一证据定位后追加不可变批次,2d50c1344a835ceeb832796935182aeff80bb03cecc5465c8cf3aaccbd446acd,86129966e4bc55fac18f2d7602a2309d4403f85861102128a56a80a5a0ccc1ea,d5ec2b1b43fab2e1df6f38e6ab00c8af98e6d535e5f98c3bf92a6b9425601e38
source-identity-declaration-20260808T051455+0800-c59753ae5b8f,ZI-0437f9b494a20cb05341af1e,DS-000123,候选数据文件,BTC,4小时;8小时;24小时;48小时,15分钟;1小时,未知,未知,未知,未知,未知,未知,未知,未知,未知,未登记,无,config/数据/来源身份声明补采.json#身份声明[],a2b503bee22e558d2a12983346f4c7750b97234e9839b5dd9f80db0bd3e4c3b1,b544e385d3e89d4bc872b681fb7b43c8c29c35cf1a2255fb1eb792ab42e092e7,13670b327c3ce0d3e355441dc6d99ac6734dda910217dd7f4731c23bc8375d31,未知,b3a1fc5ec72ad95e258b584f936ad46befab951e0ee9e43eaa18179e34974387,无法判定,FILE_STAT_OBSERVED_IDENTITY_UNPROVEN,本批次只读；若声明、输入、Schema或授权漂移，既有结论自动失效并须追加新批次,未读取业务正文、价格、成交、订单簿、账户或凭据；身份字段不完整,为该成员提供当前版本九字段声明及逐字段Schema、授权和唯一证据定位后追加不可变批次,2d50c1344a835ceeb832796935182aeff80bb03cecc5465c8cf3aaccbd446acd,86129966e4bc55fac18f2d7602a2309d4403f85861102128a56a80a5a0ccc1ea,9dfad65b9b5dd8bdfd53c4696c4322580ad9b2daafad013528483e919bc172c2
source-identity-declaration-20260808T051455+0800-c59753ae5b8f,ZI-ee00f9dd25503d2600ed08e3,DS-000124,候选数据文件,BTC,4小时;8小时;24小时;48小时,15分钟;1小时,未知,未知,未知,未知,未知,未知,未知,未知,未知,未登记,无,config/数据/来源身份声明补采.json#身份声明[],a2b503bee22e558d2a12983346f4c7750b97234e9839b5dd9f80db0bd3e4c3b1,d7ef1e10d9720d76b7d47a520b7439f7ef8aa78a7560836f22971cf752ef3294,62fc33658b158f02bfe3de01b5eedca81e9c8ac93e348916fa9458a8ffacd315,未知,b3a1fc5ec72ad95e258b584f936ad46befab951e0ee9e43eaa18179e34974387,无法判定,FILE_STAT_OBSERVED_IDENTITY_UNPROVEN,本批次只读；若声明、输入、Schema或授权漂移，既有结论自动失效并须追加新批次,未读取业务正文、价格、成交、订单簿、账户或凭据；身份字段不完整,为该成员提供当前版本九字段声明及逐字段Schema、授权和唯一证据定位后追加不可变批次,2d50c1344a835ceeb832796935182aeff80bb03cecc5465c8cf3aaccbd446acd,86129966e4bc55fac18f2d7602a2309d4403f85861102128a56a80a5a0ccc1ea,2740a9a1061db89c5ddef973b4987fe775ae4c1f4915c2fda097f756c5d2392c
source-identity-declaration-20260808T051455+0800-c59753ae5b8f,ZI-e98fd2a2d5d0df09bc9937cb,DS-000125,候选数据文件,BTC,4小时;8小时;24小时;48小时,15分钟;1小时,未知,未知,未知,未知,未知,未知,未知,未知,未知,未登记,无,config/数据/来源身份声明补采.json#身份声明[],a2b503bee22e558d2a12983346f4c7750b97234e9839b5dd9f80db0bd3e4c3b1,933516055a642714098755bbe9c599785c999703fbef73dc81e13069d74aa18f,ec513f8c058cb105f4032d6fa7282c197e5a78cf4c151b0571d00dd8dc4f7dd2,未知,b3a1fc5ec72ad95e258b584f936ad46befab951e0ee9e43eaa18179e34974387,无法判定,FILE_STAT_OBSERVED_IDENTITY_UNPROVEN,本批次只读；若声明、输入、Schema或授权漂移，既有结论自动失效并须追加新批次,未读取业务正文、价格、成交、订单簿、账户或凭据；身份字段不完整,为该成员提供当前版本九字段声明及逐字段Schema、授权和唯一证据定位后追加不可变批次,2d50c1344a835ceeb832796935182aeff80bb03cecc5465c8cf3aaccbd446acd,86129966e4bc55fac18f2d7602a2309d4403f85861102128a56a80a5a0ccc1ea,1abbb1a35510fcbb1f4874d92034dc441f9dc8a5746584ff7f724accc972d9df
source-identity-declaration-20260808T051455+0800-c59753ae5b8f,ZI-57350b8f0db900711ed2488f,DS-000126,候选数据文件,BTC,4小时;8小时;24小时;48小时,15分钟;1小时,未知,未知,未知,未知,未知,未知,未知,未知,未知,未登记,无,config/数据/来源身份声明补采.json#身份声明[],a2b503bee22e558d2a12983346f4c7750b97234e9839b5dd9f80db0bd3e4c3b1,9499e61c0227984474b6b7c023dc310fcae06907a46958e429501d3e6b006798,f8cc85fd88b4d152c3a85acf0e6f5ad15e2df327db073f7f1078063e5e4389df,未知,b3a1fc5ec72ad95e258b584f936ad46befab951e0ee9e43eaa18179e34974387,无法判定,FILE_STAT_OBSERVED_IDENTITY_UNPROVEN,本批次只读；若声明、输入、Schema或授权漂移，既有结论自动失效并须追加新批次,未读取业务正文、价格、成交、订单簿、账户或凭据；身份字段不完整,为该成员提供当前版本九字段声明及逐字段Schema、授权和唯一证据定位后追加不可变批次,2d50c1344a835ceeb832796935182aeff80bb03cecc5465c8cf3aaccbd446acd,86129966e4bc55fac18f2d7602a2309d4403f85861102128a56a80a5a0ccc1ea,34c6810b0c2ed516273c707e7f903bef2bc2e46b2200cee07f019b76611dd118
source-identity-declaration-20260808T051455+0800-c59753ae5b8f,ZI-50d94b0de1efc730b9122af3,DS-000127,候选数据文件,BTC,4小时;8小时;24小时;48小时,15分钟;1小时,未知,未知,未知,未知,未知,未知,未知,未知,未知,未登记,无,config/数据/来源身份声明补采.json#身份声明[],a2b503bee22e558d2a12983346f4c7750b97234e9839b5dd9f80db0bd3e4c3b1,7498b9a041f4b609fbd9b5447119d9522ae1aaf59ff427378718c2833bf39af8,6876393fb377a2dddbdd0f3704f2a6600684cd6c4f20a91ee5c598a91896511a,未知,b3a1fc5ec72ad95e258b584f936ad46befab951e0ee9e43eaa18179e34974387,无法判定,FILE_STAT_OBSERVED_IDENTITY_UNPROVEN,本批次只读；若声明、输入、Schema或授权漂移，既有结论自动失效并须追加新批次,未读取业务正文、价格、成交、订单簿、账户或凭据；身份字段不完整,为该成员提供当前版本九字段声明及逐字段Schema、授权和唯一证据定位后追加不可变批次,2d50c1344a835ceeb832796935182aeff80bb03cecc5465c8cf3aaccbd446acd,86129966e4bc55fac18f2d7602a2309d4403f85861102128a56a80a5a0ccc1ea,b0351f9e8b2bf760ec22635c9aacc3e39a2bb6a714185a8ba0d7eb6eb2ce09e7
source-identity-declaration-20260808T051455+0800-c59753ae5b8f,ZI-66345af7f29b369463667940,DS-000128,候选数据文件,BTC,4小时;8小时;24小时;48小时,15分钟;1小时,未知,未知,未知,未知,未知,未知,未知,未知,未知,未登记,无,config/数据/来源身份声明补采.json#身份声明[],a2b503bee22e558d2a12983346f4c7750b97234e9839b5dd9f80db0bd3e4c3b1,8784b44479961e1fc5e62e73d76c8f43f5274c03f210a3417d777a7b86f3c045,3778f5a272bf10f74727c3c30bcea740586d7993016b625b605c66a82dcac354,未知,b3a1fc5ec72ad95e258b584f936ad46befab951e0ee9e43eaa18179e34974387,无法判定,FILE_STAT_OBSERVED_IDENTITY_UNPROVEN,本批次只读；若声明、输入、Schema或授权漂移，既有结论自动失效并须追加新批次,未读取业务正文、价格、成交、订单簿、账户或凭据；身份字段不完整,为该成员提供当前版本九字段声明及逐字段Schema、授权和唯一证据定位后追加不可变批次,2d50c1344a835ceeb832796935182aeff80bb03cecc5465c8cf3aaccbd446acd,86129966e4bc55fac18f2d7602a2309d4403f85861102128a56a80a5a0ccc1ea,737789077ec5ac884095e5a0089d2afd35beacab444d26a1e3a5c385863403f1
source-identity-declaration-20260808T051455+0800-c59753ae5b8f,ZI-f0b6b298cfe3ce3a7d56b8eb,DS-000129,候选数据文件,BTC,4小时;8小时;24小时;48小时,15分钟;1小时,未知,未知,未知,未知,未知,未知,未知,未知,未知,未登记,无,config/数据/来源身份声明补采.json#身份声明[],a2b503bee22e558d2a12983346f4c7750b97234e9839b5dd9f80db0bd3e4c3b1,6ec29ab16a61a9874de644237ea1f88b4281182c44ec3b7aabeceff905c3c1fe,b9fe115bbe71bc2df097758de5421c48df29bb6dece7319e86e3b4f4104d7ba3,未知,b3a1fc5ec72ad95e258b584f936ad46befab951e0ee9e43eaa18179e34974387,无法判定,FILE_STAT_OBSERVED_IDENTITY_UNPROVEN,本批次只读；若声明、输入、Schema或授权漂移，既有结论自动失效并须追加新批次,未读取业务正文、价格、成交、订单簿、账户或凭据；身份字段不完整,为该成员提供当前版本九字段声明及逐字段Schema、授权和唯一证据定位后追加不可变批次,2d50c1344a835ceeb832796935182aeff80bb03cecc5465c8cf3aaccbd446acd,86129966e4bc55fac18f2d7602a2309d4403f85861102128a56a80a5a0ccc1ea,c35f436824bd50b9dc719dc989839d0c3cb28e901291ecb27062eb7c59bb25de
source-identity-declaration-20260808T051455+0800-c59753ae5b8f,ZI-5a7245a9c0cc69252b3df5d1,DS-000130,候选数据文件,BTC,4小时;8小时;24小时;48小时,15分钟;1小时,未知,未知,未知,未知,未知,未知,未知,未知,未知,未登记,无,config/数据/来源身份声明补采.json#身份声明[],a2b503bee22e558d2a12983346f4c7750b97234e9839b5dd9f80db0bd3e4c3b1,31a5fa38e253ae35bbd283a09e22b12ae2d20072cacd4fec29ddc407fc7c2c5a,ab1fa132bb5dedae2aee599d307ef6afbd15ef8e10247d61d8c83173266e0a23,未知,b3a1fc5ec72ad95e258b584f936ad46befab951e0ee9e43eaa18179e34974387,无法判定,FILE_STAT_OBSERVED_IDENTITY_UNPROVEN,本批次只读；若声明、输入、Schema或授权漂移，既有结论自动失效并须追加新批次,未读取业务正文、价格、成交、订单簿、账户或凭据；身份字段不完整,为该成员提供当前版本九字段声明及逐字段Schema、授权和唯一证据定位后追加不可变批次,2d50c1344a835ceeb832796935182aeff80bb03cecc5465c8cf3aaccbd446acd,86129966e4bc55fac18f2d7602a2309d4403f85861102128a56a80a5a0ccc1ea,521b14b15c7822109401187f4575ea2e27cb1cfa901b7d7ed318a1e2f7a5bbb5
source-identity-declaration-20260808T051455+0800-c59753ae5b8f,ZI-25447cea628f3920f050dbd5,DS-000131,候选数据文件,BTC,4小时;8小时;24小时;48小时,15分钟;1小时,未知,未知,未知,未知,未知,未知,未知,未知,未知,未登记,无,config/数据/来源身份声明补采.json#身份声明[],a2b503bee22e558d2a12983346f4c7750b97234e9839b5dd9f80db0bd3e4c3b1,596462ea846e3b15707b59be416da11412b9e52c6d94c741ad5be0a70d1dfffe,849871286b1f3a7bb36005a3c4170984f7a55ddeda2e82f3720e21c78af7536d,未知,b3a1fc5ec72ad95e258b584f936ad46befab951e0ee9e43eaa18179e34974387,无法判定,FILE_STAT_OBSERVED_IDENTITY_UNPROVEN,本批次只读；若声明、输入、Schema或授权漂移，既有结论自动失效并须追加新批次,未读取业务正文、价格、成交、订单簿、账户或凭据；身份字段不完整,为该成员提供当前版本九字段声明及逐字段Schema、授权和唯一证据定位后追加不可变批次,2d50c1344a835ceeb832796935182aeff80bb03cecc5465c8cf3aaccbd446acd,86129966e4bc55fac18f2d7602a2309d4403f85861102128a56a80a5a0ccc1ea,10d858696777f0540eddedda2a9c534e32199cb7c2a40c9529da3828b44dcc33
source-identity-declaration-20260808T051455+0800-c59753ae5b8f,ZI-17f2298039c37a648fbd5908,DS-000132,候选数据文件,BTC,4小时;8小时;24小时;48小时,15分钟;1小时,未知,未知,未知,未知,未知,未知,未知,未知,未知,未登记,无,config/数据/来源身份声明补采.json#身份声明[],a2b503bee22e558d2a12983346f4c7750b97234e9839b5dd9f80db0bd3e4c3b1,b92d68f0c6a28fd076fc8affb08361f7b721d840be639dd0fdcd9e4063f945e2,0e07540ee3310c57505f2e3e874b1df4f26fc44746b94ed2025d1b60856d53a3,未知,b3a1fc5ec72ad95e258b584f936ad46befab951e0ee9e43eaa18179e34974387,无法判定,FILE_STAT_OBSERVED_IDENTITY_UNPROVEN,本批次只读；若声明、输入、Schema或授权漂移，既有结论自动失效并须追加新批次,未读取业务正文、价格、成交、订单簿、账户或凭据；身份字段不完整,为该成员提供当前版本九字段声明及逐字段Schema、授权和唯一证据定位后追加不可变批次,2d50c1344a835ceeb832796935182aeff80bb03cecc5465c8cf3aaccbd446acd,86129966e4bc55fac18f2d7602a2309d4403f85861102128a56a80a5a0ccc1ea,868561599542a35117fe16f51e0a32cd17435f708af4fbabce295eb7e0dc10f2
source-identity-declaration-20260808T051455+0800-c59753ae5b8f,ZI-e5f5afbaaf19d3151683dc0c,DS-000133,候选数据文件,BTC,4小时;8小时;24小时;48小时,15分钟;1小时,未知,未知,未知,未知,未知,未知,未知,未知,未知,未登记,无,config/数据/来源身份声明补采.json#身份声明[],a2b503bee22e558d2a12983346f4c7750b97234e9839b5dd9f80db0bd3e4c3b1,d49b3cdefe936c41685bf10613de132b9f5d9198120e45aae55859f797788158,70e1444628d1622cd802bd2ee74a014e8a620cff9fd655e3880e74a7d3c8b8b7,未知,b3a1fc5ec72ad95e258b584f936ad46befab951e0ee9e43eaa18179e34974387,无法判定,FILE_STAT_OBSERVED_IDENTITY_UNPROVEN,本批次只读；若声明、输入、Schema或授权漂移，既有结论自动失效并须追加新批次,未读取业务正文、价格、成交、订单簿、账户或凭据；身份字段不完整,为该成员提供当前版本九字段声明及逐字段Schema、授权和唯一证据定位后追加不可变批次,2d50c1344a835ceeb832796935182aeff80bb03cecc5465c8cf3aaccbd446acd,86129966e4bc55fac18f2d7602a2309d4403f85861102128a56a80a5a0ccc1ea,125751c36afee452ae6d6c8115c8d6c77e1259da985f55f53e33aba0ccdfea4e
source-identity-declaration-20260808T051455+0800-c59753ae5b8f,ZI-67ed5354e433ec425cf10220,DS-000134,候选数据文件,BTC,4小时;8小时;24小时;48小时,15分钟;1小时,未知,未知,未知,未知,未知,未知,未知,未知,未知,未登记,无,config/数据/来源身份声明补采.json#身份声明[],a2b503bee22e558d2a12983346f4c7750b97234e9839b5dd9f80db0bd3e4c3b1,0e6fc6a736706f9c8311f0bcd6cac49d78a213f394e2feafda517cd5a5854e7d,99f1d24909a2843e1fcd95fc876654a847ae45806c4adae55c444399995f0ec8,未知,b3a1fc5ec72ad95e258b584f936ad46befab951e0ee9e43eaa18179e34974387,无法判定,FILE_STAT_OBSERVED_IDENTITY_UNPROVEN,本批次只读；若声明、输入、Schema或授权漂移，既有结论自动失效并须追加新批次,未读取业务正文、价格、成交、订单簿、账户或凭据；身份字段不完整,为该成员提供当前版本九字段声明及逐字段Schema、授权和唯一证据定位后追加不可变批次,2d50c1344a835ceeb832796935182aeff80bb03cecc5465c8cf3aaccbd446acd,86129966e4bc55fac18f2d7602a2309d4403f85861102128a56a80a5a0ccc1ea,d9f0a88e380090a5393bf365ebb110032e4d470b5513f4c78f880fc6881c37b0
source-identity-declaration-20260808T051455+0800-c59753ae5b8f,ZI-9959cefd6da7ea4c9bc8a26a,DS-000135,候选数据文件,BTC,4小时;8小时;24小时;48小时,15分钟;1小时,未知,未知,未知,未知,未知,未知,未知,未知,未知,未登记,无,config/数据/来源身份声明补采.json#身份声明[],a2b503bee22e558d2a12983346f4c7750b97234e9839b5dd9f80db0bd3e4c3b1,6ed4afcb16dadb13cea1399f219a898bff5d238791ebd03cea6a0bd7d98b1ff5,e3d98fa985e8b77d96cab83fffc66cfc094f5d9dcffcba011bab1d69029e238b,未知,b3a1fc5ec72ad95e258b584f936ad46befab951e0ee9e43eaa18179e34974387,无法判定,FILE_STAT_OBSERVED_IDENTITY_UNPROVEN,本批次只读；若声明、输入、Schema或授权漂移，既有结论自动失效并须追加新批次,未读取业务正文、价格、成交、订单簿、账户或凭据；身份字段不完整,为该成员提供当前版本九字段声明及逐字段Schema、授权和唯一证据定位后追加不可变批次,2d50c1344a835ceeb832796935182aeff80bb03cecc5465c8cf3aaccbd446acd,86129966e4bc55fac18f2d7602a2309d4403f85861102128a56a80a5a0ccc1ea,06689d0c665606243118a6a287bb0ab9f1c19a934042c35f9906391f646e61c0
source-identity-declaration-20260808T051455+0800-c59753ae5b8f,ZI-729914ef0d7b46aa2dc0dc05,DS-000136,候选数据文件,BTC,4小时;8小时;24小时;48小时,15分钟;1小时,未知,未知,未知,未知,未知,未知,未知,未知,未知,未登记,无,config/数据/来源身份声明补采.json#身份声明[],a2b503bee22e558d2a12983346f4c7750b97234e9839b5dd9f80db0bd3e4c3b1,c642096c5b9e47e8fb6d3af1ce33b6503b701f275d986dc3c80518fafa656b62,f891c3fe3008bfa69c81d678ef19f93b5031d32dc4999017e03a2b18febebf1c,未知,b3a1fc5ec72ad95e258b584f936ad46befab951e0ee9e43eaa18179e34974387,无法判定,FILE_STAT_OBSERVED_IDENTITY_UNPROVEN,本批次只读；若声明、输入、Schema或授权漂移，既有结论自动失效并须追加新批次,未读取业务正文、价格、成交、订单簿、账户或凭据；身份字段不完整,为该成员提供当前版本九字段声明及逐字段Schema、授权和唯一证据定位后追加不可变批次,2d50c1344a835ceeb832796935182aeff80bb03cecc5465c8cf3aaccbd446acd,86129966e4bc55fac18f2d7602a2309d4403f85861102128a56a80a5a0ccc1ea,30c8964b2cf5f0880da0d6460892d8ece785e8d43710ee8b0d8caff6e5ec8b1a
source-identity-declaration-20260808T051455+0800-c59753ae5b8f,ZI-5072f6e3c58e96622c5d5a39,DS-000137,候选数据文件,BTC,4小时;8小时;24小时;48小时,15分钟;1小时,未知,未知,未知,未知,未知,未知,未知,未知,未知,未登记,无,config/数据/来源身份声明补采.json#身份声明[],a2b503bee22e558d2a12983346f4c7750b97234e9839b5dd9f80db0bd3e4c3b1,85fd815ad566ecce9ab78d9848bdc57c2a3a789413ea3fae7ede25ed0d770f0f,d0b76e2f60f07725e40956ca4ac492da69b0acd4cfbfd313e30bc0ff90fcbec5,未知,b3a1fc5ec72ad95e258b584f936ad46befab951e0ee9e43eaa18179e34974387,无法判定,FILE_STAT_OBSERVED_IDENTITY_UNPROVEN,本批次只读；若声明、输入、Schema或授权漂移，既有结论自动失效并须追加新批次,未读取业务正文、价格、成交、订单簿、账户或凭据；身份字段不完整,为该成员提供当前版本九字段声明及逐字段Schema、授权和唯一证据定位后追加不可变批次,2d50c1344a835ceeb832796935182aeff80bb03cecc5465c8cf3aaccbd446acd,86129966e4bc55fac18f2d7602a2309d4403f85861102128a56a80a5a0ccc1ea,0ed86933a5e7662eeef30e391ff81be9b977632988d1367f765ffb97f1af9c8a
source-identity-declaration-20260808T051455+0800-c59753ae5b8f,ZI-c561cdc026374378e8a7e1ed,DS-000138,候选数据文件,BTC,4小时;8小时;24小时;48小时,15分钟;1小时,未知,未知,未知,未知,未知,未知,未知,未知,未知,未登记,无,config/数据/来源身份声明补采.json#身份声明[],a2b503bee22e558d2a12983346f4c7750b97234e9839b5dd9f80db0bd3e4c3b1,91cc4ad9a33161955c014a7f07d248bcafc3f5be08813d91e27a18d6a42f55c4,2b9a094e824f1ebadf6f57ffe303e6b9b512da431b40899c361a87df2ebfcf54,未知,b3a1fc5ec72ad95e258b584f936ad46befab951e0ee9e43eaa18179e34974387,无法判定,FILE_STAT_OBSERVED_IDENTITY_UNPROVEN,本批次只读；若声明、输入、Schema或授权漂移，既有结论自动失效并须追加新批次,未读取业务正文、价格、成交、订单簿、账户或凭据；身份字段不完整,为该成员提供当前版本九字段声明及逐字段Schema、授权和唯一证据定位后追加不可变批次,2d50c1344a835ceeb832796935182aeff80bb03cecc5465c8cf3aaccbd446acd,86129966e4bc55fac18f2d7602a2309d4403f85861102128a56a80a5a0ccc1ea,de2af300423e2fac3311ab4fa6463a268bb425c2fd24e5d689fb991a89eff5ae
source-identity-declaration-20260808T051455+0800-c59753ae5b8f,ZI-cbdce8e325cdea9138ef0d4e,DS-000139,候选数据文件,BTC,4小时;8小时;24小时;48小时,15分钟;1小时,未知,未知,未知,未知,未知,未知,未知,未知,未知,未登记,无,config/数据/来源身份声明补采.json#身份声明[],a2b503bee22e558d2a12983346f4c7750b97234e9839b5dd9f80db0bd3e4c3b1,fe64d848475c7415a5eb6c92b24f0b9a75641d0388cb76d8ab63008be5e3a74a,163076bb1877110a64910e904e645ef22820486d7d9509fb3d2acc194731aebf,未知,b3a1fc5ec72ad95e258b584f936ad46befab951e0ee9e43eaa18179e34974387,无法判定,FILE_STAT_OBSERVED_IDENTITY_UNPROVEN,本批次只读；若声明、输入、Schema或授权漂移，既有结论自动失效并须追加新批次,未读取业务正文、价格、成交、订单簿、账户或凭据；身份字段不完整,为该成员提供当前版本九字段声明及逐字段Schema、授权和唯一证据定位后追加不可变批次,2d50c1344a835ceeb832796935182aeff80bb03cecc5465c8cf3aaccbd446acd,86129966e4bc55fac18f2d7602a2309d4403f85861102128a56a80a5a0ccc1ea,cd371f3cf717aaff3e738b26aa2ebcb0176233a73cfb4ee2f5d6dea23e95ec29
source-identity-declaration-20260808T051455+0800-c59753ae5b8f,ZI-6e09551ca827697625cb6b3c,DS-000140,候选数据文件,BTC,4小时;8小时;24小时;48小时,15分钟;1小时,未知,未知,未知,未知,未知,未知,未知,未知,未知,未登记,无,config/数据/来源身份声明补采.json#身份声明[],a2b503bee22e558d2a12983346f4c7750b97234e9839b5dd9f80db0bd3e4c3b1,009afddc569c187b643514b715c578f909c030480467dad3f80f258b9e5dba7d,b5d559a5d3cdd08a4788c563af9e2198fe71cf31cfce29cd5e6d06dc6baaf1f4,未知,b3a1fc5ec72ad95e258b584f936ad46befab951e0ee9e43eaa18179e34974387,无法判定,FILE_STAT_OBSERVED_IDENTITY_UNPROVEN,本批次只读；若声明、输入、Schema或授权漂移，既有结论自动失效并须追加新批次,未读取业务正文、价格、成交、订单簿、账户或凭据；身份字段不完整,为该成员提供当前版本九字段声明及逐字段Schema、授权和唯一证据定位后追加不可变批次,2d50c1344a835ceeb832796935182aeff80bb03cecc5465c8cf3aaccbd446acd,86129966e4bc55fac18f2d7602a2309d4403f85861102128a56a80a5a0ccc1ea,be67a0756f77965fd940b79707ad666f6cbcec3389a239b73c2dfdec74e97771
source-identity-declaration-20260808T051455+0800-c59753ae5b8f,ZI-6a81a9eab1027b343b73215a,DS-000141,候选数据文件,BTC,4小时;8小时;24小时;48小时,15分钟;1小时,未知,未知,未知,未知,未知,未知,未知,未知,未知,未登记,无,config/数据/来源身份声明补采.json#身份声明[],a2b503bee22e558d2a12983346f4c7750b97234e9839b5dd9f80db0bd3e4c3b1,27f7235cee2d01a99bf0f9f1109e9272501fdb8df65e8befd348f081a6e8a5b8,0c126a0aaaabe4b976e650584466e255c22e869e8792738629f422ecbf58dda1,未知,b3a1fc5ec72ad95e258b584f936ad46befab951e0ee9e43eaa18179e34974387,无法判定,FILE_STAT_OBSERVED_IDENTITY_UNPROVEN,本批次只读；若声明、输入、Schema或授权漂移，既有结论自动失效并须追加新批次,未读取业务正文、价格、成交、订单簿、账户或凭据；身份字段不完整,为该成员提供当前版本九字段声明及逐字段Schema、授权和唯一证据定位后追加不可变批次,2d50c1344a835ceeb832796935182aeff80bb03cecc5465c8cf3aaccbd446acd,86129966e4bc55fac18f2d7602a2309d4403f85861102128a56a80a5a0ccc1ea,658a833bdf7f53240d07d47bbbe9ec69840dd5471f868400a154c5dbdb063398
source-identity-declaration-20260808T051455+0800-c59753ae5b8f,ZI-009128c1d44092db64fb50b2,DS-000142,候选数据文件,BTC,4小时;8小时;24小时;48小时,15分钟;1小时,未知,未知,未知,未知,未知,未知,未知,未知,未知,未登记,无,config/数据/来源身份声明补采.json#身份声明[],a2b503bee22e558d2a12983346f4c7750b97234e9839b5dd9f80db0bd3e4c3b1,80fa1bd6e7005895cf660e56647c09e7daa74e86af408dd82f83ee4d04c6f8b5,ac346df94f38428a491d9033ce3ef6903ce1e2ac4a7c2d04dfde3d4668a39b68,未知,b3a1fc5ec72ad95e258b584f936ad46befab951e0ee9e43eaa18179e34974387,无法判定,FILE_STAT_OBSERVED_IDENTITY_UNPROVEN,本批次只读；若声明、输入、Schema或授权漂移，既有结论自动失效并须追加新批次,未读取业务正文、价格、成交、订单簿、账户或凭据；身份字段不完整,为该成员提供当前版本九字段声明及逐字段Schema、授权和唯一证据定位后追加不可变批次,2d50c1344a835ceeb832796935182aeff80bb03cecc5465c8cf3aaccbd446acd,86129966e4bc55fac18f2d7602a2309d4403f85861102128a56a80a5a0ccc1ea,78af02fce5d865f8c1c77d1393d42b2020ffeb032382c9bb7f4c02e603ebe2d9
source-identity-declaration-20260808T051455+0800-c59753ae5b8f,ZI-d98242a5fa6a990de942165a,DS-000143,候选数据文件,BTC,4小时;8小时;24小时;48小时,15分钟;1小时,未知,未知,未知,未知,未知,未知,未知,未知,未知,未登记,无,config/数据/来源身份声明补采.json#身份声明[],a2b503bee22e558d2a12983346f4c7750b97234e9839b5dd9f80db0bd3e4c3b1,4d297614b41f56e3ac145165007736d4e5d0fc857ba98d3ee2525ae214f66bb1,516aacef531681e029560d1d5f4698e55ef8938d65a28b8bb7b53affef0090b5,未知,b3a1fc5ec72ad95e258b584f936ad46befab951e0ee9e43eaa18179e34974387,无法判定,FILE_STAT_OBSERVED_IDENTITY_UNPROVEN,本批次只读；若声明、输入、Schema或授权漂移，既有结论自动失效并须追加新批次,未读取业务正文、价格、成交、订单簿、账户或凭据；身份字段不完整,为该成员提供当前版本九字段声明及逐字段Schema、授权和唯一证据定位后追加不可变批次,2d50c1344a835ceeb832796935182aeff80bb03cecc5465c8cf3aaccbd446acd,86129966e4bc55fac18f2d7602a2309d4403f85861102128a56a80a5a0ccc1ea,a258915e742ccc8c1ce4bc0c3f5e593ce35a6ccf0376199406c8d820aa4b574b
source-identity-declaration-20260808T051455+0800-c59753ae5b8f,ZI-656064ee5ebd05df9e1d1d0b,DS-000144,候选数据文件,BTC,4小时;8小时;24小时;48小时,15分钟;1小时,未知,未知,未知,未知,未知,未知,未知,未知,未知,未登记,无,config/数据/来源身份声明补采.json#身份声明[],a2b503bee22e558d2a12983346f4c7750b97234e9839b5dd9f80db0bd3e4c3b1,a37f1429695718fc7f7e8f2425da19674e90d6a02d7bb8ff8ce85e66a4f07074,13e2fdb5315ff33a190ad958df8d0df9bcb268f39b696634df5d1e3c89bb0de0,未知,b3a1fc5ec72ad95e258b584f936ad46befab951e0ee9e43eaa18179e34974387,无法判定,FILE_STAT_OBSERVED_IDENTITY_UNPROVEN,本批次只读；若声明、输入、Schema或授权漂移，既有结论自动失效并须追加新批次,未读取业务正文、价格、成交、订单簿、账户或凭据；身份字段不完整,为该成员提供当前版本九字段声明及逐字段Schema、授权和唯一证据定位后追加不可变批次,2d50c1344a835ceeb832796935182aeff80bb03cecc5465c8cf3aaccbd446acd,86129966e4bc55fac18f2d7602a2309d4403f85861102128a56a80a5a0ccc1ea,8be93814b34277bf6f1192feb52e3f7bcec0d32b7eaec80ad80190fe166c5adc
source-identity-declaration-20260808T051455+0800-c59753ae5b8f,ZI-1c10301302ee0cd7a93b0689,DS-000145,候选数据文件,BTC,4小时;8小时;24小时;48小时,15分钟;1小时,未知,未知,未知,未知,未知,未知,未知,未知,未知,未登记,无,config/数据/来源身份声明补采.json#身份声明[],a2b503bee22e558d2a12983346f4c7750b97234e9839b5dd9f80db0bd3e4c3b1,12ba9cb4812d9b25d1ce7250ee24a6ecbad7c3e14871b3b350b5ff102581369a,7b852f78154c999774fe501679b321784ddb2a060a3be071fb854db79d271fd2,未知,b3a1fc5ec72ad95e258b584f936ad46befab951e0ee9e43eaa18179e34974387,无法判定,FILE_STAT_OBSERVED_IDENTITY_UNPROVEN,本批次只读；若声明、输入、Schema或授权漂移，既有结论自动失效并须追加新批次,未读取业务正文、价格、成交、订单簿、账户或凭据；身份字段不完整,为该成员提供当前版本九字段声明及逐字段Schema、授权和唯一证据定位后追加不可变批次,2d50c1344a835ceeb832796935182aeff80bb03cecc5465c8cf3aaccbd446acd,86129966e4bc55fac18f2d7602a2309d4403f85861102128a56a80a5a0ccc1ea,1026e9aaa03da5c1fb4e36ce2ef9635e3bab552ee5d30f75ac4463b114074ccd
source-identity-declaration-20260808T051455+0800-c59753ae5b8f,ZI-65304f632d8f816f8c997e85,DS-000146,候选数据文件,BTC,4小时;8小时;24小时;48小时,15分钟;1小时,未知,未知,未知,未知,未知,未知,未知,未知,未知,未登记,无,config/数据/来源身份声明补采.json#身份声明[],a2b503bee22e558d2a12983346f4c7750b97234e9839b5dd9f80db0bd3e4c3b1,c3cc5610c7e0e33b392b2bdea0167adef56d57f070b3e427f342c684b3ea0688,de03c4896cda37c0c66563807be46f38b891f742ad98e9ed0984cec1b6bae1d9,未知,b3a1fc5ec72ad95e258b584f936ad46befab951e0ee9e43eaa18179e34974387,无法判定,FILE_STAT_OBSERVED_IDENTITY_UNPROVEN,本批次只读；若声明、输入、Schema或授权漂移，既有结论自动失效并须追加新批次,未读取业务正文、价格、成交、订单簿、账户或凭据；身份字段不完整,为该成员提供当前版本九字段声明及逐字段Schema、授权和唯一证据定位后追加不可变批次,2d50c1344a835ceeb832796935182aeff80bb03cecc5465c8cf3aaccbd446acd,86129966e4bc55fac18f2d7602a2309d4403f85861102128a56a80a5a0ccc1ea,c960ba1652ceb9960ff7d67884575e09fff86dc3ec0ad5692a2d31ab1027de3d
source-identity-declaration-20260808T051455+0800-c59753ae5b8f,ZI-16acf3cdbbc6cb6240495c7b,DS-000147,候选数据文件,BTC,4小时;8小时;24小时;48小时,15分钟;1小时,未知,未知,未知,未知,未知,未知,未知,未知,未知,未登记,无,config/数据/来源身份声明补采.json#身份声明[],a2b503bee22e558d2a12983346f4c7750b97234e9839b5dd9f80db0bd3e4c3b1,ffc57781fb71aec9cd924574bd3fbe2cedfaba4f4cb581fe866c9a9d0dbed1a9,ac590d7eabfb3ee19d164f71da201c86851f75b04b934a01c301489ffce903d5,未知,b3a1fc5ec72ad95e258b584f936ad46befab951e0ee9e43eaa18179e34974387,无法判定,FILE_STAT_OBSERVED_IDENTITY_UNPROVEN,本批次只读；若声明、输入、Schema或授权漂移，既有结论自动失效并须追加新批次,未读取业务正文、价格、成交、订单簿、账户或凭据；身份字段不完整,为该成员提供当前版本九字段声明及逐字段Schema、授权和唯一证据定位后追加不可变批次,2d50c1344a835ceeb832796935182aeff80bb03cecc5465c8cf3aaccbd446acd,86129966e4bc55fac18f2d7602a2309d4403f85861102128a56a80a5a0ccc1ea,3290859c64b42299882406b794baf372d4e8f239d78ef6a5aa3c78e0d0987a63
source-identity-declaration-20260808T051455+0800-c59753ae5b8f,ZI-5dfc284725b608d6c0455773,DS-000148,候选数据文件,BTC,4小时;8小时;24小时;48小时,15分钟;1小时,未知,未知,未知,未知,未知,未知,未知,未知,未知,未登记,无,config/数据/来源身份声明补采.json#身份声明[],a2b503bee22e558d2a12983346f4c7750b97234e9839b5dd9f80db0bd3e4c3b1,3a02343642236a2a3e657efef9c7518e0c47343c29a0fed06dac9abe93d62260,9b15026508f4301f1e2aefcc4d22d64380b8d8e581f3955d41c11761606ac24f,未知,b3a1fc5ec72ad95e258b584f936ad46befab951e0ee9e43eaa18179e34974387,无法判定,FILE_STAT_OBSERVED_IDENTITY_UNPROVEN,本批次只读；若声明、输入、Schema或授权漂移，既有结论自动失效并须追加新批次,未读取业务正文、价格、成交、订单簿、账户或凭据；身份字段不完整,为该成员提供当前版本九字段声明及逐字段Schema、授权和唯一证据定位后追加不可变批次,2d50c1344a835ceeb832796935182aeff80bb03cecc5465c8cf3aaccbd446acd,86129966e4bc55fac18f2d7602a2309d4403f85861102128a56a80a5a0ccc1ea,d159e49e395789fdf5665f9aeec0f6efb67485e8f1dcacdb3489917d352c38e7
source-identity-declaration-20260808T051455+0800-c59753ae5b8f,ZI-fb04e2b97b0709831aeef170,DS-000149,候选数据文件,BTC,4小时;8小时;24小时;48小时,15分钟;1小时,未知,未知,未知,未知,未知,未知,未知,未知,未知,未登记,无,config/数据/来源身份声明补采.json#身份声明[],a2b503bee22e558d2a12983346f4c7750b97234e9839b5dd9f80db0bd3e4c3b1,a873240ba93a952953aa11ac5f6f40fac71db86b7055f9b2d8541c48f40d345b,c4c0fa8bfefc782ab8963b781ae8b3bd00c5081026ed977dc8a039084b1b3a25,未知,b3a1fc5ec72ad95e258b584f936ad46befab951e0ee9e43eaa18179e34974387,无法判定,FILE_STAT_OBSERVED_IDENTITY_UNPROVEN,本批次只读；若声明、输入、Schema或授权漂移，既有结论自动失效并须追加新批次,未读取业务正文、价格、成交、订单簿、账户或凭据；身份字段不完整,为该成员提供当前版本九字段声明及逐字段Schema、授权和唯一证据定位后追加不可变批次,2d50c1344a835ceeb832796935182aeff80bb03cecc5465c8cf3aaccbd446acd,86129966e4bc55fac18f2d7602a2309d4403f85861102128a56a80a5a0ccc1ea,017b1be7dba4676da5f1d1a9c23a2cae8eaf8b93d8be4f0ef09022c96178bc46
source-identity-declaration-20260808T051455+0800-c59753ae5b8f,ZI-5e9e4d83ac97e26370280732,DS-000150,候选数据文件,BTC,4小时;8小时;24小时;48小时,15分钟;1小时,未知,未知,未知,未知,未知,未知,未知,未知,未知,未登记,无,config/数据/来源身份声明补采.json#身份声明[],a2b503bee22e558d2a12983346f4c7750b97234e9839b5dd9f80db0bd3e4c3b1,40939ad30387a7158ed57b306fe0d71798f08cbe52327025d40af30da47e9dc6,d707f1184ffd684db0b8c690dcefebd30e65310386a337a9481373f277d913da,未知,b3a1fc5ec72ad95e258b584f936ad46befab951e0ee9e43eaa18179e34974387,无法判定,FILE_STAT_OBSERVED_IDENTITY_UNPROVEN,本批次只读；若声明、输入、Schema或授权漂移，既有结论自动失效并须追加新批次,未读取业务正文、价格、成交、订单簿、账户或凭据；身份字段不完整,为该成员提供当前版本九字段声明及逐字段Schema、授权和唯一证据定位后追加不可变批次,2d50c1344a835ceeb832796935182aeff80bb03cecc5465c8cf3aaccbd446acd,86129966e4bc55fac18f2d7602a2309d4403f85861102128a56a80a5a0ccc1ea,f949ee6499b281e055549c08a84724451b671600bb553ea215b58503bcefd10e
source-identity-declaration-20260808T051455+0800-c59753ae5b8f,ZI-0424adadee4f47a70743fdba,DS-000151,候选数据文件,BTC,4小时;8小时;24小时;48小时,15分钟;1小时,未知,未知,未知,未知,未知,未知,未知,未知,未知,未登记,无,config/数据/来源身份声明补采.json#身份声明[],a2b503bee22e558d2a12983346f4c7750b97234e9839b5dd9f80db0bd3e4c3b1,576e8c8e6487f15c636a679f4a040797e58715ed5fcaeaa34cc9be2b42fc0bd9,4430b05213f8fb6e099218b623736ef4a90c76a53846aa74227f9be1b4c02472,未知,b3a1fc5ec72ad95e258b584f936ad46befab951e0ee9e43eaa18179e34974387,无法判定,FILE_STAT_OBSERVED_IDENTITY_UNPROVEN,本批次只读；若声明、输入、Schema或授权漂移，既有结论自动失效并须追加新批次,未读取业务正文、价格、成交、订单簿、账户或凭据；身份字段不完整,为该成员提供当前版本九字段声明及逐字段Schema、授权和唯一证据定位后追加不可变批次,2d50c1344a835ceeb832796935182aeff80bb03cecc5465c8cf3aaccbd446acd,86129966e4bc55fac18f2d7602a2309d4403f85861102128a56a80a5a0ccc1ea,09370906c4f04d0cd7f61a07c40af0d857a87a4c8d3be5ced92b6d75769b0993
source-identity-declaration-20260808T051455+0800-c59753ae5b8f,ZI-0c07e377a75105645df6b291,DS-000152,候选数据文件,BTC,4小时;8小时;24小时;48小时,15分钟;1小时,未知,未知,未知,未知,未知,未知,未知,未知,未知,未登记,无,config/数据/来源身份声明补采.json#身份声明[],a2b503bee22e558d2a12983346f4c7750b97234e9839b5dd9f80db0bd3e4c3b1,72c373f523c68c010f48416824dc922cc7bdcb6a7af086a80aff26503846cc1f,108b6fbb555b3a70e9ee67cd5d1014f7d8fe2e5589151961829d64c52378056e,未知,b3a1fc5ec72ad95e258b584f936ad46befab951e0ee9e43eaa18179e34974387,无法判定,FILE_STAT_OBSERVED_IDENTITY_UNPROVEN,本批次只读；若声明、输入、Schema或授权漂移，既有结论自动失效并须追加新批次,未读取业务正文、价格、成交、订单簿、账户或凭据；身份字段不完整,为该成员提供当前版本九字段声明及逐字段Schema、授权和唯一证据定位后追加不可变批次,2d50c1344a835ceeb832796935182aeff80bb03cecc5465c8cf3aaccbd446acd,86129966e4bc55fac18f2d7602a2309d4403f85861102128a56a80a5a0ccc1ea,0a8ca618e2840db162cb4132b0fe14d0b769672ebe482958325021ef3260020b
source-identity-declaration-20260808T051455+0800-c59753ae5b8f,ZI-640d37576121e3a650ac0d2e,DS-000153,候选数据文件,BTC,4小时;8小时;24小时;48小时,15分钟;1小时,未知,未知,未知,未知,未知,未知,未知,未知,未知,未登记,无,config/数据/来源身份声明补采.json#身份声明[],a2b503bee22e558d2a12983346f4c7750b97234e9839b5dd9f80db0bd3e4c3b1,546a99b7d0834c6f48dec4b7ae8905dcf109bb0225eadb4e316d5042925f9656,0533d8e0b6d12c6b9ede3c937d4b10662e237dc6a3bad54eeb885580a8af4179,未知,b3a1fc5ec72ad95e258b584f936ad46befab951e0ee9e43eaa18179e34974387,无法判定,FILE_STAT_OBSERVED_IDENTITY_UNPROVEN,本批次只读；若声明、输入、Schema或授权漂移，既有结论自动失效并须追加新批次,未读取业务正文、价格、成交、订单簿、账户或凭据；身份字段不完整,为该成员提供当前版本九字段声明及逐字段Schema、授权和唯一证据定位后追加不可变批次,2d50c1344a835ceeb832796935182aeff80bb03cecc5465c8cf3aaccbd446acd,86129966e4bc55fac18f2d7602a2309d4403f85861102128a56a80a5a0ccc1ea,5d87aef6ca8516b81feadf33819f9226294ab9c4799bb0178d14348153461242
source-identity-declaration-20260808T051455+0800-c59753ae5b8f,ZI-21ac823fa28df5c1e70a4664,DS-000154,候选数据文件,BTC,4小时;8小时;24小时;48小时,15分钟;1小时,未知,未知,未知,未知,未知,未知,未知,未知,未知,未登记,无,config/数据/来源身份声明补采.json#身份声明[],a2b503bee22e558d2a12983346f4c7750b97234e9839b5dd9f80db0bd3e4c3b1,ee9e0ae362a297ec3bf7aa435152701795b513a1aff9467f7d54516156653425,9e9aeb1cd8dae51e446f83370f344a25cea9e53fd13366073c03d249cc438238,未知,b3a1fc5ec72ad95e258b584f936ad46befab951e0ee9e43eaa18179e34974387,无法判定,FILE_STAT_OBSERVED_IDENTITY_UNPROVEN,本批次只读；若声明、输入、Schema或授权漂移，既有结论自动失效并须追加新批次,未读取业务正文、价格、成交、订单簿、账户或凭据；身份字段不完整,为该成员提供当前版本九字段声明及逐字段Schema、授权和唯一证据定位后追加不可变批次,2d50c1344a835ceeb832796935182aeff80bb03cecc5465c8cf3aaccbd446acd,86129966e4bc55fac18f2d7602a2309d4403f85861102128a56a80a5a0ccc1ea,8286c8fc239bfcac21ac25dd8a881ce461fc86b8c767ad263a14de15d1c93d30
source-identity-declaration-20260808T051455+0800-c59753ae5b8f,ZI-cdad1cc147a20a41f7f2ee26,DS-000155,候选数据文件,BTC,4小时;8小时;24小时;48小时,15分钟;1小时,未知,未知,未知,未知,未知,未知,未知,未知,未知,未登记,无,config/数据/来源身份声明补采.json#身份声明[],a2b503bee22e558d2a12983346f4c7750b97234e9839b5dd9f80db0bd3e4c3b1,6f2aca25eaf8f6fd1197fd066869629e61faf4077b6408d812252f2149ddc42f,1e6c230a58eaa438dcb3e183f507aa42230a73c7df9d67f784d606bb4ec6f622,未知,b3a1fc5ec72ad95e258b584f936ad46befab951e0ee9e43eaa18179e34974387,无法判定,FILE_STAT_OBSERVED_IDENTITY_UNPROVEN,本批次只读；若声明、输入、Schema或授权漂移，既有结论自动失效并须追加新批次,未读取业务正文、价格、成交、订单簿、账户或凭据；身份字段不完整,为该成员提供当前版本九字段声明及逐字段Schema、授权和唯一证据定位后追加不可变批次,2d50c1344a835ceeb832796935182aeff80bb03cecc5465c8cf3aaccbd446acd,86129966e4bc55fac18f2d7602a2309d4403f85861102128a56a80a5a0ccc1ea,c4050f7df1896287a332d73da5a7429865d6090105804778a292dc17ed3dd5eb
source-identity-declaration-20260808T051455+0800-c59753ae5b8f,ZI-6939ba155854862e518e6009,DS-000156,候选数据文件,BTC,4小时;8小时;24小时;48小时,15分钟;1小时,未知,未知,未知,未知,未知,未知,未知,未知,未知,未登记,无,config/数据/来源身份声明补采.json#身份声明[],a2b503bee22e558d2a12983346f4c7750b97234e9839b5dd9f80db0bd3e4c3b1,a72715813de459c323b00c15154ac684ead7ae93d24f420a1fafec5468fa83e7,dcce43d13d18d38acf10f20158a8f39618013cbe1cf5d78e28d03985bb4f5c9c,未知,b3a1fc5ec72ad95e258b584f936ad46befab951e0ee9e43eaa18179e34974387,无法判定,FILE_STAT_OBSERVED_IDENTITY_UNPROVEN,本批次只读；若声明、输入、Schema或授权漂移，既有结论自动失效并须追加新批次,未读取业务正文、价格、成交、订单簿、账户或凭据；身份字段不完整,为该成员提供当前版本九字段声明及逐字段Schema、授权和唯一证据定位后追加不可变批次,2d50c1344a835ceeb832796935182aeff80bb03cecc5465c8cf3aaccbd446acd,86129966e4bc55fac18f2d7602a2309d4403f85861102128a56a80a5a0ccc1ea,381b1a92e6cf59dd1b675d2f0e62117263756b8272494759b922a111354db9a4
source-identity-declaration-20260808T051455+0800-c59753ae5b8f,ZI-94557927f00d78aaf5722db0,DS-000157,候选数据文件,BTC,4小时;8小时;24小时;48小时,15分钟;1小时,未知,未知,未知,未知,未知,未知,未知,未知,未知,未登记,无,config/数据/来源身份声明补采.json#身份声明[],a2b503bee22e558d2a12983346f4c7750b97234e9839b5dd9f80db0bd3e4c3b1,6eda5591fc0c247a607d37e4cdf6c45a53d77565384aa87932c05f3fdc45535c,cfc50dbc800e42763d228a343b77b0a46832ab7484088a47d1d00652d6679489,未知,b3a1fc5ec72ad95e258b584f936ad46befab951e0ee9e43eaa18179e34974387,无法判定,FILE_STAT_OBSERVED_IDENTITY_UNPROVEN,本批次只读；若声明、输入、Schema或授权漂移，既有结论自动失效并须追加新批次,未读取业务正文、价格、成交、订单簿、账户或凭据；身份字段不完整,为该成员提供当前版本九字段声明及逐字段Schema、授权和唯一证据定位后追加不可变批次,2d50c1344a835ceeb832796935182aeff80bb03cecc5465c8cf3aaccbd446acd,86129966e4bc55fac18f2d7602a2309d4403f85861102128a56a80a5a0ccc1ea,18ad5ebb63b4ebeb6f2598510bd8b8ab3be91e6e63aa59f30c98f3539e52b34b
source-identity-declaration-20260808T051455+0800-c59753ae5b8f,ZI-7617512dc642e8f9c0fc1dfc,DS-000158,候选数据文件,BTC,4小时;8小时;24小时;48小时,15分钟;1小时,未知,未知,未知,未知,未知,未知,未知,未知,未知,未登记,无,config/数据/来源身份声明补采.json#身份声明[],a2b503bee22e558d2a12983346f4c7750b97234e9839b5dd9f80db0bd3e4c3b1,72f486a70d9704d448d87595639e86f5186ef95992b2c4885e6b2b8b853a9d1a,c0d56db7a8cd51b714c2ccf5a2917efb4ba24594d0ec056d883eba7335c1fde4,未知,b3a1fc5ec72ad95e258b584f936ad46befab951e0ee9e43eaa18179e34974387,无法判定,FILE_STAT_OBSERVED_IDENTITY_UNPROVEN,本批次只读；若声明、输入、Schema或授权漂移，既有结论自动失效并须追加新批次,未读取业务正文、价格、成交、订单簿、账户或凭据；身份字段不完整,为该成员提供当前版本九字段声明及逐字段Schema、授权和唯一证据定位后追加不可变批次,2d50c1344a835ceeb832796935182aeff80bb03cecc5465c8cf3aaccbd446acd,86129966e4bc55fac18f2d7602a2309d4403f85861102128a56a80a5a0ccc1ea,b8bcaf6c01dd9d4f8adf5abab132cea29a783a86a3a9c845fbbde7c0bec540f1
source-identity-declaration-20260808T051455+0800-c59753ae5b8f,ZI-e4239ea33b886b3a8126a033,DS-000159,候选数据文件,BTC,4小时;8小时;24小时;48小时,15分钟;1小时,未知,未知,未知,未知,未知,未知,未知,未知,未知,未登记,无,config/数据/来源身份声明补采.json#身份声明[],a2b503bee22e558d2a12983346f4c7750b97234e9839b5dd9f80db0bd3e4c3b1,3542d314315b3e35751cb209f4c796189b505af0f86578c853de6478c418adba,c0d294afed3dc4f62621cdf0991d928a09464de5948ca639d064da170ed873ca,未知,b3a1fc5ec72ad95e258b584f936ad46befab951e0ee9e43eaa18179e34974387,无法判定,FILE_STAT_OBSERVED_IDENTITY_UNPROVEN,本批次只读；若声明、输入、Schema或授权漂移，既有结论自动失效并须追加新批次,未读取业务正文、价格、成交、订单簿、账户或凭据；身份字段不完整,为该成员提供当前版本九字段声明及逐字段Schema、授权和唯一证据定位后追加不可变批次,2d50c1344a835ceeb832796935182aeff80bb03cecc5465c8cf3aaccbd446acd,86129966e4bc55fac18f2d7602a2309d4403f85861102128a56a80a5a0ccc1ea,7807289e91dc0c385484a4fdca3491f325e7cf2558803464b5c7a3d38dde42c6
source-identity-declaration-20260808T051455+0800-c59753ae5b8f,ZI-f6ab3dfe71d4fa1f19c5dc34,DS-000160,候选数据文件,BTC,4小时;8小时;24小时;48小时,15分钟;1小时,未知,未知,未知,未知,未知,未知,未知,未知,未知,未登记,无,config/数据/来源身份声明补采.json#身份声明[],a2b503bee22e558d2a12983346f4c7750b97234e9839b5dd9f80db0bd3e4c3b1,d7aa39396e7a11768826401789432108e5ab65f5340646b4925cc6bb9bf83dfb,a0ad347af77aa82e8e07e314c8c6719f2d02e94150ab18124b7aa81a425c5d45,未知,b3a1fc5ec72ad95e258b584f936ad46befab951e0ee9e43eaa18179e34974387,无法判定,FILE_STAT_OBSERVED_IDENTITY_UNPROVEN,本批次只读；若声明、输入、Schema或授权漂移，既有结论自动失效并须追加新批次,未读取业务正文、价格、成交、订单簿、账户或凭据；身份字段不完整,为该成员提供当前版本九字段声明及逐字段Schema、授权和唯一证据定位后追加不可变批次,2d50c1344a835ceeb832796935182aeff80bb03cecc5465c8cf3aaccbd446acd,86129966e4bc55fac18f2d7602a2309d4403f85861102128a56a80a5a0ccc1ea,cb52d359bb32c173de225094d26df72835f5dc077efee547d758cf6430dce70b
source-identity-declaration-20260808T051455+0800-c59753ae5b8f,ZI-d9887ba0784f6c2473f97059,DS-000161,候选数据文件,BTC,4小时;8小时;24小时;48小时,15分钟;1小时,未知,未知,未知,未知,未知,未知,未知,未知,未知,未登记,无,config/数据/来源身份声明补采.json#身份声明[],a2b503bee22e558d2a12983346f4c7750b97234e9839b5dd9f80db0bd3e4c3b1,ec01d645a01d99926ec9405f77b33b2cb182ca4135cfdfeeadee39f80bdbeab5,dc9ac80131204fdaf9eb80e86b459252b4ccadd49e3233c98d0932a0a8d3b3a0,未知,b3a1fc5ec72ad95e258b584f936ad46befab951e0ee9e43eaa18179e34974387,无法判定,FILE_STAT_OBSERVED_IDENTITY_UNPROVEN,本批次只读；若声明、输入、Schema或授权漂移，既有结论自动失效并须追加新批次,未读取业务正文、价格、成交、订单簿、账户或凭据；身份字段不完整,为该成员提供当前版本九字段声明及逐字段Schema、授权和唯一证据定位后追加不可变批次,2d50c1344a835ceeb832796935182aeff80bb03cecc5465c8cf3aaccbd446acd,86129966e4bc55fac18f2d7602a2309d4403f85861102128a56a80a5a0ccc1ea,dd855310aaab9787c2bd9fd02eabce433db28e3204829f79b672f1f3c990c8ac
source-identity-declaration-20260808T051455+0800-c59753ae5b8f,ZI-455991cb8b0b7e308ee383e8,DS-000162,候选数据文件,BTC,4小时;8小时;24小时;48小时,15分钟;1小时,未知,未知,未知,未知,未知,未知,未知,未知,未知,未登记,无,config/数据/来源身份声明补采.json#身份声明[],a2b503bee22e558d2a12983346f4c7750b97234e9839b5dd9f80db0bd3e4c3b1,8bcd4a1f32df538b6b79746044da34ee5f0dd05800d6484cd0ba9601ce36ca5e,4539a9b5b7b96a6535417bdb1e909c2339da59b04d9c3eb84a59ed1b72a6e46d,未知,b3a1fc5ec72ad95e258b584f936ad46befab951e0ee9e43eaa18179e34974387,无法判定,FILE_STAT_OBSERVED_IDENTITY_UNPROVEN,本批次只读；若声明、输入、Schema或授权漂移，既有结论自动失效并须追加新批次,未读取业务正文、价格、成交、订单簿、账户或凭据；身份字段不完整,为该成员提供当前版本九字段声明及逐字段Schema、授权和唯一证据定位后追加不可变批次,2d50c1344a835ceeb832796935182aeff80bb03cecc5465c8cf3aaccbd446acd,86129966e4bc55fac18f2d7602a2309d4403f85861102128a56a80a5a0ccc1ea,32a49998bd03c7cebf4264b9eeddde58361137c83ce1b98f72ba1ad6d2a076c7
source-identity-declaration-20260808T051455+0800-c59753ae5b8f,ZI-d66eff48ef4c87b84424c5f3,DS-000163,候选数据文件,BTC,4小时;8小时;24小时;48小时,15分钟;1小时,未知,未知,未知,未知,未知,未知,未知,未知,未知,未登记,无,config/数据/来源身份声明补采.json#身份声明[],a2b503bee22e558d2a12983346f4c7750b97234e9839b5dd9f80db0bd3e4c3b1,752b82b872a799d4af7a2c30cdbe801cc698881ef471389e897662c027aa4d11,5122f735e57d5cdbf919ac937da2bdf1d073a6e477fea5f07c16807ef62ce290,未知,b3a1fc5ec72ad95e258b584f936ad46befab951e0ee9e43eaa18179e34974387,无法判定,FILE_STAT_OBSERVED_IDENTITY_UNPROVEN,本批次只读；若声明、输入、Schema或授权漂移，既有结论自动失效并须追加新批次,未读取业务正文、价格、成交、订单簿、账户或凭据；身份字段不完整,为该成员提供当前版本九字段声明及逐字段Schema、授权和唯一证据定位后追加不可变批次,2d50c1344a835ceeb832796935182aeff80bb03cecc5465c8cf3aaccbd446acd,86129966e4bc55fac18f2d7602a2309d4403f85861102128a56a80a5a0ccc1ea,391b6eceffa5ad80083362141e7f740b81d239a7f006881fb621f8287507c975
source-identity-declaration-20260808T051455+0800-c59753ae5b8f,ZI-17947f8323f81e7134b3ea1c,DS-000164,候选数据文件,BTC,4小时;8小时;24小时;48小时,15分钟;1小时,未知,未知,未知,未知,未知,未知,未知,未知,未知,未登记,无,config/数据/来源身份声明补采.json#身份声明[],a2b503bee22e558d2a12983346f4c7750b97234e9839b5dd9f80db0bd3e4c3b1,cb3f2cfa1431a5e9847c70b5630e69fb57a0b38a928b2348486398c485d9bae6,3cb00e451782a8e18c8fa701abca54261b37770aa105bfbfc49de70477a8c519,未知,b3a1fc5ec72ad95e258b584f936ad46befab951e0ee9e43eaa18179e34974387,拒绝,INPUT_MEMBER_REJECTED,本批次只读；若声明、输入、Schema或授权漂移，既有结论自动失效并须追加新批次,未读取业务正文、价格、成交、订单簿、账户或凭据；身份字段不完整,为该成员提供当前版本九字段声明及逐字段Schema、授权和唯一证据定位后追加不可变批次,2d50c1344a835ceeb832796935182aeff80bb03cecc5465c8cf3aaccbd446acd,86129966e4bc55fac18f2d7602a2309d4403f85861102128a56a80a5a0ccc1ea,1f17b27ac347e25bffc7eba80b5b0434becdf61182d403464655ab801eae6df6
source-identity-declaration-20260808T051455+0800-c59753ae5b8f,ZI-f26abf407f8b04d24370113f,DS-000165,候选数据文件,BTC,4小时;8小时;24小时;48小时,15分钟;1小时,未知,未知,未知,未知,未知,未知,未知,未知,未知,未登记,无,config/数据/来源身份声明补采.json#身份声明[],a2b503bee22e558d2a12983346f4c7750b97234e9839b5dd9f80db0bd3e4c3b1,c3e43bdaf00cb3c1f31558af9d95c281dcf7b02f513783e1b2d81801c988131b,5ab2d649df5401c8fae6ad9c39cc82b2e883477d2cbaa9e60c4cb5254c47d82e,未知,b3a1fc5ec72ad95e258b584f936ad46befab951e0ee9e43eaa18179e34974387,无法判定,FILE_STAT_OBSERVED_IDENTITY_UNPROVEN,本批次只读；若声明、输入、Schema或授权漂移，既有结论自动失效并须追加新批次,未读取业务正文、价格、成交、订单簿、账户或凭据；身份字段不完整,为该成员提供当前版本九字段声明及逐字段Schema、授权和唯一证据定位后追加不可变批次,2d50c1344a835ceeb832796935182aeff80bb03cecc5465c8cf3aaccbd446acd,86129966e4bc55fac18f2d7602a2309d4403f85861102128a56a80a5a0ccc1ea,ab2aca60c75d5fa2567486e19142f9d931d9c32797af8c3c62d4e310d7a6e561
source-identity-declaration-20260808T051455+0800-c59753ae5b8f,ZI-4b9d46c03dd6f781351926e4,DS-000166,候选数据文件,BTC,4小时;8小时;24小时;48小时,15分钟;1小时,未知,未知,未知,未知,未知,未知,未知,未知,未知,未登记,无,config/数据/来源身份声明补采.json#身份声明[],a2b503bee22e558d2a12983346f4c7750b97234e9839b5dd9f80db0bd3e4c3b1,124c9805ad883e81114457ba70e09538f6482e40db071620d525d646cc62ca8e,425ef1f0e14d676b95f9708c9615aaf6c370601ce408f92ba11f2c193f0a3b6a,未知,b3a1fc5ec72ad95e258b584f936ad46befab951e0ee9e43eaa18179e34974387,无法判定,FILE_STAT_OBSERVED_IDENTITY_UNPROVEN,本批次只读；若声明、输入、Schema或授权漂移，既有结论自动失效并须追加新批次,未读取业务正文、价格、成交、订单簿、账户或凭据；身份字段不完整,为该成员提供当前版本九字段声明及逐字段Schema、授权和唯一证据定位后追加不可变批次,2d50c1344a835ceeb832796935182aeff80bb03cecc5465c8cf3aaccbd446acd,86129966e4bc55fac18f2d7602a2309d4403f85861102128a56a80a5a0ccc1ea,0425783537d4bc13c57774652537b6e05fcc2287ab5e5db7f3f7dbcdec860823
source-identity-declaration-20260808T051455+0800-c59753ae5b8f,ZI-34dff9049f1d369afb466555,DS-000167,候选数据文件,BTC,4小时;8小时;24小时;48小时,15分钟;1小时,未知,未知,未知,未知,未知,未知,未知,未知,未知,未登记,无,config/数据/来源身份声明补采.json#身份声明[],a2b503bee22e558d2a12983346f4c7750b97234e9839b5dd9f80db0bd3e4c3b1,21e4a941e92f073fd4e7b87229f307e3ce1d789f3cfef3dadf9038462b8a8c68,b32ca4def24cbf80869b56a463f100afc4c4670d4009b9a2d371aa974b0ffc46,未知,b3a1fc5ec72ad95e258b584f936ad46befab951e0ee9e43eaa18179e34974387,无法判定,FILE_STAT_OBSERVED_IDENTITY_UNPROVEN,本批次只读；若声明、输入、Schema或授权漂移，既有结论自动失效并须追加新批次,未读取业务正文、价格、成交、订单簿、账户或凭据；身份字段不完整,为该成员提供当前版本九字段声明及逐字段Schema、授权和唯一证据定位后追加不可变批次,2d50c1344a835ceeb832796935182aeff80bb03cecc5465c8cf3aaccbd446acd,86129966e4bc55fac18f2d7602a2309d4403f85861102128a56a80a5a0ccc1ea,548f34cd205dac8fd8730fd29dfd08dbd9780f13f5ef961e28b31444486b761b
source-identity-declaration-20260808T051455+0800-c59753ae5b8f,ZI-e55942224685f7d269286e18,DS-000168,候选数据文件,BTC,4小时;8小时;24小时;48小时,15分钟;1小时,未知,未知,未知,未知,未知,未知,未知,未知,未知,未登记,无,config/数据/来源身份声明补采.json#身份声明[],a2b503bee22e558d2a12983346f4c7750b97234e9839b5dd9f80db0bd3e4c3b1,f8a62a522dbf19d9f77ac41019b29e0d5926d40fae094dc88dac45931309b6fa,42a7765fe79270f5d9d9041bee0173687625331f6828a396ba51a9e0c7bd7a64,未知,b3a1fc5ec72ad95e258b584f936ad46befab951e0ee9e43eaa18179e34974387,无法判定,FILE_STAT_OBSERVED_IDENTITY_UNPROVEN,本批次只读；若声明、输入、Schema或授权漂移，既有结论自动失效并须追加新批次,未读取业务正文、价格、成交、订单簿、账户或凭据；身份字段不完整,为该成员提供当前版本九字段声明及逐字段Schema、授权和唯一证据定位后追加不可变批次,2d50c1344a835ceeb832796935182aeff80bb03cecc5465c8cf3aaccbd446acd,86129966e4bc55fac18f2d7602a2309d4403f85861102128a56a80a5a0ccc1ea,5cc7ca04856813eaa413a29fa31a1e0e4332270f87ceaab59ea548a4a0134a09
source-identity-declaration-20260808T051455+0800-c59753ae5b8f,ZI-5a84cfbc430a960cd28000ec,DS-000169,候选数据文件,BTC,4小时;8小时;24小时;48小时,15分钟;1小时,未知,未知,未知,未知,未知,未知,未知,未知,未知,未登记,无,config/数据/来源身份声明补采.json#身份声明[],a2b503bee22e558d2a12983346f4c7750b97234e9839b5dd9f80db0bd3e4c3b1,671abd7b1989a86c583e552837880726ae9a67b0aab16e05de13612a73d4ecdf,64140a4d03c3f2ce133bafa03730e3251680d29831565a5e34fb88aa4dbb47bd,未知,b3a1fc5ec72ad95e258b584f936ad46befab951e0ee9e43eaa18179e34974387,无法判定,FILE_STAT_OBSERVED_IDENTITY_UNPROVEN,本批次只读；若声明、输入、Schema或授权漂移，既有结论自动失效并须追加新批次,未读取业务正文、价格、成交、订单簿、账户或凭据；身份字段不完整,为该成员提供当前版本九字段声明及逐字段Schema、授权和唯一证据定位后追加不可变批次,2d50c1344a835ceeb832796935182aeff80bb03cecc5465c8cf3aaccbd446acd,86129966e4bc55fac18f2d7602a2309d4403f85861102128a56a80a5a0ccc1ea,63150ad584b5f099fa411f5c9ed766fa2b528c6ec90e541f6bf9e0c04e7bf2e6
source-identity-declaration-20260808T051455+0800-c59753ae5b8f,ZI-fb526a38ae5fd3aa09ae64ae,DS-000170,候选数据文件,BTC,4小时;8小时;24小时;48小时,15分钟;1小时,未知,未知,未知,未知,未知,未知,未知,未知,未知,未登记,无,config/数据/来源身份声明补采.json#身份声明[],a2b503bee22e558d2a12983346f4c7750b97234e9839b5dd9f80db0bd3e4c3b1,9880223dc66afea86d19de7288fac597977eb9007513637dd141df6bbb558cf1,06c11f3ab701a0a19c9cabcb319024670f0e5b7b29d0f92693f2b4753cda4a41,未知,b3a1fc5ec72ad95e258b584f936ad46befab951e0ee9e43eaa18179e34974387,无法判定,FILE_STAT_OBSERVED_IDENTITY_UNPROVEN,本批次只读；若声明、输入、Schema或授权漂移，既有结论自动失效并须追加新批次,未读取业务正文、价格、成交、订单簿、账户或凭据；身份字段不完整,为该成员提供当前版本九字段声明及逐字段Schema、授权和唯一证据定位后追加不可变批次,2d50c1344a835ceeb832796935182aeff80bb03cecc5465c8cf3aaccbd446acd,86129966e4bc55fac18f2d7602a2309d4403f85861102128a56a80a5a0ccc1ea,287cb36119d906866e0f29ca8bdcdea65822bb6e49b781f97c4f3d4ef02e7b93
source-identity-declaration-20260808T051455+0800-c59753ae5b8f,ZI-7d429d1f623c63bbc6f1ef8e,DS-000171,候选数据文件,BTC,4小时;8小时;24小时;48小时,15分钟;1小时,未知,未知,未知,未知,未知,未知,未知,未知,未知,未登记,无,config/数据/来源身份声明补采.json#身份声明[],a2b503bee22e558d2a12983346f4c7750b97234e9839b5dd9f80db0bd3e4c3b1,bafa83fba181792f378cb580dcfa6120abaf40fd3a0e15b52ee8bb9850b1d7c1,67422e259cca1b04fc2e9b955c788220d84b86ba4a9a45f4535eb0ff03cdd0be,未知,b3a1fc5ec72ad95e258b584f936ad46befab951e0ee9e43eaa18179e34974387,无法判定,FILE_STAT_OBSERVED_IDENTITY_UNPROVEN,本批次只读；若声明、输入、Schema或授权漂移，既有结论自动失效并须追加新批次,未读取业务正文、价格、成交、订单簿、账户或凭据；身份字段不完整,为该成员提供当前版本九字段声明及逐字段Schema、授权和唯一证据定位后追加不可变批次,2d50c1344a835ceeb832796935182aeff80bb03cecc5465c8cf3aaccbd446acd,86129966e4bc55fac18f2d7602a2309d4403f85861102128a56a80a5a0ccc1ea,c5ccd287ff3080714bbd6d2079ca072e54b7f103d7e997bf0a5e779cbc8337dc
source-identity-declaration-20260808T051455+0800-c59753ae5b8f,ZI-aac1bb06a6b99207067ded53,DS-000172,候选数据文件,BTC,4小时;8小时;24小时;48小时,15分钟;1小时,未知,未知,未知,未知,未知,未知,未知,未知,未知,未登记,无,config/数据/来源身份声明补采.json#身份声明[],a2b503bee22e558d2a12983346f4c7750b97234e9839b5dd9f80db0bd3e4c3b1,eb688bbf8774884808324cb917637b38b808edcce9636716f36c0c73a0bb1a70,d07e0a7ee6d5042ac739192da37870e05d496f400febfcedf4ebd8c4cf0d8d9f,未知,b3a1fc5ec72ad95e258b584f936ad46befab951e0ee9e43eaa18179e34974387,无法判定,FILE_STAT_OBSERVED_IDENTITY_UNPROVEN,本批次只读；若声明、输入、Schema或授权漂移，既有结论自动失效并须追加新批次,未读取业务正文、价格、成交、订单簿、账户或凭据；身份字段不完整,为该成员提供当前版本九字段声明及逐字段Schema、授权和唯一证据定位后追加不可变批次,2d50c1344a835ceeb832796935182aeff80bb03cecc5465c8cf3aaccbd446acd,86129966e4bc55fac18f2d7602a2309d4403f85861102128a56a80a5a0ccc1ea,2f3cabaf65b7b3a06f5bd92f4f1a8497513e97dfb8a96b022966cbf5a584978c
source-identity-declaration-20260808T051455+0800-c59753ae5b8f,ZI-fa106fa26030d60d8965c34b,DS-000173,候选数据文件,BTC,4小时;8小时;24小时;48小时,15分钟;1小时,未知,未知,未知,未知,未知,未知,未知,未知,未知,未登记,无,config/数据/来源身份声明补采.json#身份声明[],a2b503bee22e558d2a12983346f4c7750b97234e9839b5dd9f80db0bd3e4c3b1,a06211053ef3792fd50827071a13e367103be5199d7b34c0e41b19e742bec238,57453db45728268e6923997ba51f41f2f867983d59daa2cf1670e949dfd12cf1,未知,b3a1fc5ec72ad95e258b584f936ad46befab951e0ee9e43eaa18179e34974387,无法判定,FILE_STAT_OBSERVED_IDENTITY_UNPROVEN,本批次只读；若声明、输入、Schema或授权漂移，既有结论自动失效并须追加新批次,未读取业务正文、价格、成交、订单簿、账户或凭据；身份字段不完整,为该成员提供当前版本九字段声明及逐字段Schema、授权和唯一证据定位后追加不可变批次,2d50c1344a835ceeb832796935182aeff80bb03cecc5465c8cf3aaccbd446acd,86129966e4bc55fac18f2d7602a2309d4403f85861102128a56a80a5a0ccc1ea,7ed29eeab6c8690c73375ae245d435af5323d8c36adfda5b10fe7674866964dd
source-identity-declaration-20260808T051455+0800-c59753ae5b8f,ZI-a395eafdee634d105fbc037f,DS-000174,候选数据文件,BTC,4小时;8小时;24小时;48小时,15分钟;1小时,未知,未知,未知,未知,未知,未知,未知,未知,未知,未登记,无,config/数据/来源身份声明补采.json#身份声明[],a2b503bee22e558d2a12983346f4c7750b97234e9839b5dd9f80db0bd3e4c3b1,24bff6b100446afade335ff88ab048b5c675d812f75e01549793cae7f257d97f,d4ed36abec68f8d6a67d789033c5008ec8584efd7056db02d58414f52cbaf72e,未知,b3a1fc5ec72ad95e258b584f936ad46befab951e0ee9e43eaa18179e34974387,无法判定,FILE_STAT_OBSERVED_IDENTITY_UNPROVEN,本批次只读；若声明、输入、Schema或授权漂移，既有结论自动失效并须追加新批次,未读取业务正文、价格、成交、订单簿、账户或凭据；身份字段不完整,为该成员提供当前版本九字段声明及逐字段Schema、授权和唯一证据定位后追加不可变批次,2d50c1344a835ceeb832796935182aeff80bb03cecc5465c8cf3aaccbd446acd,86129966e4bc55fac18f2d7602a2309d4403f85861102128a56a80a5a0ccc1ea,7c82fe1767869ab98eac00edf1b9adf88ea5e139a5e97942bc4f235cf47499da
source-identity-declaration-20260808T051455+0800-c59753ae5b8f,ZI-1152bffa2435f07af09dc124,DS-000175,候选数据文件,BTC,4小时;8小时;24小时;48小时,15分钟;1小时,未知,未知,未知,未知,未知,未知,未知,未知,未知,未登记,无,config/数据/来源身份声明补采.json#身份声明[],a2b503bee22e558d2a12983346f4c7750b97234e9839b5dd9f80db0bd3e4c3b1,e69a513ac7621ea835192801bdc3809e04d75239d3d02150790c2b4feb89c14f,c8ba328fe34ff33535d3e5978355d5522fa520e33a49751b7e6f92c955992068,未知,b3a1fc5ec72ad95e258b584f936ad46befab951e0ee9e43eaa18179e34974387,无法判定,FILE_STAT_OBSERVED_IDENTITY_UNPROVEN,本批次只读；若声明、输入、Schema或授权漂移，既有结论自动失效并须追加新批次,未读取业务正文、价格、成交、订单簿、账户或凭据；身份字段不完整,为该成员提供当前版本九字段声明及逐字段Schema、授权和唯一证据定位后追加不可变批次,2d50c1344a835ceeb832796935182aeff80bb03cecc5465c8cf3aaccbd446acd,86129966e4bc55fac18f2d7602a2309d4403f85861102128a56a80a5a0ccc1ea,818f894e98e2e702f22adaafb890be42d04c6976275bb15b2e73dee0c8b297c3
source-identity-declaration-20260808T051455+0800-c59753ae5b8f,ZI-a9f305697de0c752d67de6f9,DS-000176,候选数据文件,BTC,4小时;8小时;24小时;48小时,15分钟;1小时,未知,未知,未知,未知,未知,未知,未知,未知,未知,未登记,无,config/数据/来源身份声明补采.json#身份声明[],a2b503bee22e558d2a12983346f4c7750b97234e9839b5dd9f80db0bd3e4c3b1,90ebfb0f32228dabe4d3c3d6fffddbe5c46cd9db2008dc26dc4e6f6040d4413c,729406489518efc8a2e6bbe9d0e47b963e7efe3b72bf6ef8f768bc2937feab33,未知,b3a1fc5ec72ad95e258b584f936ad46befab951e0ee9e43eaa18179e34974387,无法判定,FILE_STAT_OBSERVED_IDENTITY_UNPROVEN,本批次只读；若声明、输入、Schema或授权漂移，既有结论自动失效并须追加新批次,未读取业务正文、价格、成交、订单簿、账户或凭据；身份字段不完整,为该成员提供当前版本九字段声明及逐字段Schema、授权和唯一证据定位后追加不可变批次,2d50c1344a835ceeb832796935182aeff80bb03cecc5465c8cf3aaccbd446acd,86129966e4bc55fac18f2d7602a2309d4403f85861102128a56a80a5a0ccc1ea,8908695139aa52be3985bb3c7b62f0714f346cda59ef6e666460693434141c70
source-identity-declaration-20260808T051455+0800-c59753ae5b8f,ZI-3738394efd413b3002a00a2c,DS-000177,候选数据文件,BTC,4小时;8小时;24小时;48小时,15分钟;1小时,未知,未知,未知,未知,未知,未知,未知,未知,未知,未登记,无,config/数据/来源身份声明补采.json#身份声明[],a2b503bee22e558d2a12983346f4c7750b97234e9839b5dd9f80db0bd3e4c3b1,2f8df68ac997b3bf050617e476702d5c601fa659f1895ee84cfbf15371917e1d,c88b1c298da866175fb79b2194cec184630dc74a610af3dd76130301feebf889,未知,b3a1fc5ec72ad95e258b584f936ad46befab951e0ee9e43eaa18179e34974387,无法判定,FILE_STAT_OBSERVED_IDENTITY_UNPROVEN,本批次只读；若声明、输入、Schema或授权漂移，既有结论自动失效并须追加新批次,未读取业务正文、价格、成交、订单簿、账户或凭据；身份字段不完整,为该成员提供当前版本九字段声明及逐字段Schema、授权和唯一证据定位后追加不可变批次,2d50c1344a835ceeb832796935182aeff80bb03cecc5465c8cf3aaccbd446acd,86129966e4bc55fac18f2d7602a2309d4403f85861102128a56a80a5a0ccc1ea,c1b8a51083ffd82a17a32387d64935125307b25173f0737c30708dc4cfe8741a
source-identity-declaration-20260808T051455+0800-c59753ae5b8f,ZI-46362304247211436445a671,DS-000178,候选数据文件,BTC,4小时;8小时;24小时;48小时,15分钟;1小时,未知,未知,未知,未知,未知,未知,未知,未知,未知,未登记,无,config/数据/来源身份声明补采.json#身份声明[],a2b503bee22e558d2a12983346f4c7750b97234e9839b5dd9f80db0bd3e4c3b1,2be772033a825d5db28b7b4ec5e1ea9930f0b1b0b4d08440e6d7ea2e764aad5b,868cc6255be207b50f3bef0d42ed58c5b1b0b7238ad0b894444b9f915960ad72,未知,b3a1fc5ec72ad95e258b584f936ad46befab951e0ee9e43eaa18179e34974387,无法判定,FILE_STAT_OBSERVED_IDENTITY_UNPROVEN,本批次只读；若声明、输入、Schema或授权漂移，既有结论自动失效并须追加新批次,未读取业务正文、价格、成交、订单簿、账户或凭据；身份字段不完整,为该成员提供当前版本九字段声明及逐字段Schema、授权和唯一证据定位后追加不可变批次,2d50c1344a835ceeb832796935182aeff80bb03cecc5465c8cf3aaccbd446acd,86129966e4bc55fac18f2d7602a2309d4403f85861102128a56a80a5a0ccc1ea,f788c124a9ebacf7d528b5f11793480d870468d2dfdc5d95765508368a6f1b02
source-identity-declaration-20260808T051455+0800-c59753ae5b8f,ZI-b69c1e9048e918566ceefa22,DS-000179,候选数据文件,BTC,4小时;8小时;24小时;48小时,15分钟;1小时,未知,未知,未知,未知,未知,未知,未知,未知,未知,未登记,无,config/数据/来源身份声明补采.json#身份声明[],a2b503bee22e558d2a12983346f4c7750b97234e9839b5dd9f80db0bd3e4c3b1,6bc774ebf31ea4bc26f9986dd2196dd92683949fa9b59523e75b9a8d0ed2bf93,ae134fd87eb325ff1438510798ed1539980091594d41393e5108d6130774c51f,未知,b3a1fc5ec72ad95e258b584f936ad46befab951e0ee9e43eaa18179e34974387,无法判定,FILE_STAT_OBSERVED_IDENTITY_UNPROVEN,本批次只读；若声明、输入、Schema或授权漂移，既有结论自动失效并须追加新批次,未读取业务正文、价格、成交、订单簿、账户或凭据；身份字段不完整,为该成员提供当前版本九字段声明及逐字段Schema、授权和唯一证据定位后追加不可变批次,2d50c1344a835ceeb832796935182aeff80bb03cecc5465c8cf3aaccbd446acd,86129966e4bc55fac18f2d7602a2309d4403f85861102128a56a80a5a0ccc1ea,0d44a1f55a4cb47707a2def518995527ffed84955b06110f9c1cd87d8c1a5901
source-identity-declaration-20260808T051455+0800-c59753ae5b8f,ZI-d64a2f2a8cd520c712ce9c8f,DS-000180,候选数据文件,BTC,4小时;8小时;24小时;48小时,15分钟;1小时,未知,未知,未知,未知,未知,未知,未知,未知,未知,未登记,无,config/数据/来源身份声明补采.json#身份声明[],a2b503bee22e558d2a12983346f4c7750b97234e9839b5dd9f80db0bd3e4c3b1,b6118ed137c406348410af6e4eaeb8261a9eb3235fe2ad89f4ca2a4bea3b0a27,d0b28f9cd3ddf5e79fd34d751e829201730b794b2382c06b43f2f9472e56c758,未知,b3a1fc5ec72ad95e258b584f936ad46befab951e0ee9e43eaa18179e34974387,无法判定,FILE_STAT_OBSERVED_IDENTITY_UNPROVEN,本批次只读；若声明、输入、Schema或授权漂移，既有结论自动失效并须追加新批次,未读取业务正文、价格、成交、订单簿、账户或凭据；身份字段不完整,为该成员提供当前版本九字段声明及逐字段Schema、授权和唯一证据定位后追加不可变批次,2d50c1344a835ceeb832796935182aeff80bb03cecc5465c8cf3aaccbd446acd,86129966e4bc55fac18f2d7602a2309d4403f85861102128a56a80a5a0ccc1ea,1a29183f264377f2434e57e406608ccb8aeb60ac2c146f600e1427fed072d245
source-identity-declaration-20260808T051455+0800-c59753ae5b8f,ZI-bce9dfb54e2ed9b7f18d9b14,DS-000181,候选数据文件,BTC,4小时;8小时;24小时;48小时,15分钟;1小时,未知,未知,未知,未知,未知,未知,未知,未知,未知,未登记,无,config/数据/来源身份声明补采.json#身份声明[],a2b503bee22e558d2a12983346f4c7750b97234e9839b5dd9f80db0bd3e4c3b1,1fe6ac4a775c05280ed26b8f8853a6ac1a22125ef106286be954feedba32abf5,98cdcabb4d1ed830512e11ce47502ddfc451e75fc72e85453cc9675e01da5d66,未知,b3a1fc5ec72ad95e258b584f936ad46befab951e0ee9e43eaa18179e34974387,无法判定,FILE_STAT_OBSERVED_IDENTITY_UNPROVEN,本批次只读；若声明、输入、Schema或授权漂移，既有结论自动失效并须追加新批次,未读取业务正文、价格、成交、订单簿、账户或凭据；身份字段不完整,为该成员提供当前版本九字段声明及逐字段Schema、授权和唯一证据定位后追加不可变批次,2d50c1344a835ceeb832796935182aeff80bb03cecc5465c8cf3aaccbd446acd,86129966e4bc55fac18f2d7602a2309d4403f85861102128a56a80a5a0ccc1ea,0927d0312f49fee4d36e3c429e305ef5dbd08ad228bc7b031f6a9f87f4e87864
source-identity-declaration-20260808T051455+0800-c59753ae5b8f,ZI-2f48d5457582bdd23668ba24,DS-000182,候选数据文件,BTC,4小时;8小时;24小时;48小时,15分钟;1小时,未知,未知,未知,未知,未知,未知,未知,未知,未知,未登记,无,config/数据/来源身份声明补采.json#身份声明[],a2b503bee22e558d2a12983346f4c7750b97234e9839b5dd9f80db0bd3e4c3b1,a74ec65bcc7369875747ed975605f401086ff589062f54356d0d9950115c7de9,7113513395262e2987cab046620a1c487f95326b909b339facca75cc82a403e0,未知,b3a1fc5ec72ad95e258b584f936ad46befab951e0ee9e43eaa18179e34974387,无法判定,FILE_STAT_OBSERVED_IDENTITY_UNPROVEN,本批次只读；若声明、输入、Schema或授权漂移，既有结论自动失效并须追加新批次,未读取业务正文、价格、成交、订单簿、账户或凭据；身份字段不完整,为该成员提供当前版本九字段声明及逐字段Schema、授权和唯一证据定位后追加不可变批次,2d50c1344a835ceeb832796935182aeff80bb03cecc5465c8cf3aaccbd446acd,86129966e4bc55fac18f2d7602a2309d4403f85861102128a56a80a5a0ccc1ea,806e54b88c4f83463e4ea40d30d389f795a8ee5a59925d6fc1dc37af37437344
source-identity-declaration-20260808T051455+0800-c59753ae5b8f,ZI-7c30f1c32268b00fa252bf6c,DS-000183,候选数据文件,BTC,4小时;8小时;24小时;48小时,15分钟;1小时,未知,未知,未知,未知,未知,未知,未知,未知,未知,未登记,无,config/数据/来源身份声明补采.json#身份声明[],a2b503bee22e558d2a12983346f4c7750b97234e9839b5dd9f80db0bd3e4c3b1,5bd5cdb50b22e563541c34884cc493910fe803c5d4b9545de146de4b4433eedb,f139a1df28d33333f0b39af9df014fe4cb5dd89214d2c48a3c23b25ae134670e,未知,b3a1fc5ec72ad95e258b584f936ad46befab951e0ee9e43eaa18179e34974387,无法判定,FILE_STAT_OBSERVED_IDENTITY_UNPROVEN,本批次只读；若声明、输入、Schema或授权漂移，既有结论自动失效并须追加新批次,未读取业务正文、价格、成交、订单簿、账户或凭据；身份字段不完整,为该成员提供当前版本九字段声明及逐字段Schema、授权和唯一证据定位后追加不可变批次,2d50c1344a835ceeb832796935182aeff80bb03cecc5465c8cf3aaccbd446acd,86129966e4bc55fac18f2d7602a2309d4403f85861102128a56a80a5a0ccc1ea,ad429cb512ea4747efbcdd8cb01d396834bd363a0d55fd3300c702b0dc5fca95
source-identity-declaration-20260808T051455+0800-c59753ae5b8f,ZI-c39244d5fbd3833d648c5a53,DS-000184,候选数据文件,BTC,4小时;8小时;24小时;48小时,15分钟;1小时,未知,未知,未知,未知,未知,未知,未知,未知,未知,未登记,无,config/数据/来源身份声明补采.json#身份声明[],a2b503bee22e558d2a12983346f4c7750b97234e9839b5dd9f80db0bd3e4c3b1,ae7b53abea94ebb15ee07ac54328eacafce104a7821261b0f92cdc259136945c,5ed710c89dfdbcf20bfcf66dcfb0e5e218596b25f14526eb25ff80338b384b56,未知,b3a1fc5ec72ad95e258b584f936ad46befab951e0ee9e43eaa18179e34974387,无法判定,FILE_STAT_OBSERVED_IDENTITY_UNPROVEN,本批次只读；若声明、输入、Schema或授权漂移，既有结论自动失效并须追加新批次,未读取业务正文、价格、成交、订单簿、账户或凭据；身份字段不完整,为该成员提供当前版本九字段声明及逐字段Schema、授权和唯一证据定位后追加不可变批次,2d50c1344a835ceeb832796935182aeff80bb03cecc5465c8cf3aaccbd446acd,86129966e4bc55fac18f2d7602a2309d4403f85861102128a56a80a5a0ccc1ea,5372ccb6b6bdd442f24e65e61edddd5cf1d885aeeac640d1314bee2265f82918
source-identity-declaration-20260808T051455+0800-c59753ae5b8f,ZI-f7a557013982647b609cab63,DS-000185,候选数据文件,BTC,4小时;8小时;24小时;48小时,15分钟;1小时,未知,未知,未知,未知,未知,未知,未知,未知,未知,未登记,无,config/数据/来源身份声明补采.json#身份声明[],a2b503bee22e558d2a12983346f4c7750b97234e9839b5dd9f80db0bd3e4c3b1,fd66279f71275b9153fd72c7881ea8d8650bb18480b5b4455a1235907ffb7471,570eb1e78de5bd0018fc4de98f569482218371cb55641c1905836f5e63ceaab0,未知,b3a1fc5ec72ad95e258b584f936ad46befab951e0ee9e43eaa18179e34974387,无法判定,FILE_STAT_OBSERVED_IDENTITY_UNPROVEN,本批次只读；若声明、输入、Schema或授权漂移，既有结论自动失效并须追加新批次,未读取业务正文、价格、成交、订单簿、账户或凭据；身份字段不完整,为该成员提供当前版本九字段声明及逐字段Schema、授权和唯一证据定位后追加不可变批次,2d50c1344a835ceeb832796935182aeff80bb03cecc5465c8cf3aaccbd446acd,86129966e4bc55fac18f2d7602a2309d4403f85861102128a56a80a5a0ccc1ea,002a42828606a961f2cc04ebdfe18fc308dd6ca41afbb20fc16e04f205629977
source-identity-declaration-20260808T051455+0800-c59753ae5b8f,ZI-d846161ae6efc2de26747270,DS-000186,候选数据文件,BTC,4小时;8小时;24小时;48小时,15分钟;1小时,未知,未知,未知,未知,未知,未知,未知,未知,未知,未登记,无,config/数据/来源身份声明补采.json#身份声明[],a2b503bee22e558d2a12983346f4c7750b97234e9839b5dd9f80db0bd3e4c3b1,b4d26c095ff3d7f2930ff2f9f61bb4c04c391bcc99501cadca68b3425f4cdb7b,bb1f5fcda00f6189c36164789480d9330bc6d0949a8660a41de850818eb76f14,未知,b3a1fc5ec72ad95e258b584f936ad46befab951e0ee9e43eaa18179e34974387,无法判定,FILE_STAT_OBSERVED_IDENTITY_UNPROVEN,本批次只读；若声明、输入、Schema或授权漂移，既有结论自动失效并须追加新批次,未读取业务正文、价格、成交、订单簿、账户或凭据；身份字段不完整,为该成员提供当前版本九字段声明及逐字段Schema、授权和唯一证据定位后追加不可变批次,2d50c1344a835ceeb832796935182aeff80bb03cecc5465c8cf3aaccbd446acd,86129966e4bc55fac18f2d7602a2309d4403f85861102128a56a80a5a0ccc1ea,f622f9584b5f2efb54af8c379f0f75c07b20f4a1d767dd016a6664e5a431bb84
source-identity-declaration-20260808T051455+0800-c59753ae5b8f,ZI-60958eebfb01826209cad45d,DS-000187,候选数据文件,BTC,4小时;8小时;24小时;48小时,15分钟;1小时,未知,未知,未知,未知,未知,未知,未知,未知,未知,未登记,无,config/数据/来源身份声明补采.json#身份声明[],a2b503bee22e558d2a12983346f4c7750b97234e9839b5dd9f80db0bd3e4c3b1,cd6f8b4d93a9e695c2be3af8f0481d412bf7bf2d88fea5ee90dbb3af5a1f185b,9ea6fe96398c6ec81d1318a8520bcf506671a9b78acfe62bb2137d256fdc931d,未知,b3a1fc5ec72ad95e258b584f936ad46befab951e0ee9e43eaa18179e34974387,无法判定,FILE_STAT_OBSERVED_IDENTITY_UNPROVEN,本批次只读；若声明、输入、Schema或授权漂移，既有结论自动失效并须追加新批次,未读取业务正文、价格、成交、订单簿、账户或凭据；身份字段不完整,为该成员提供当前版本九字段声明及逐字段Schema、授权和唯一证据定位后追加不可变批次,2d50c1344a835ceeb832796935182aeff80bb03cecc5465c8cf3aaccbd446acd,86129966e4bc55fac18f2d7602a2309d4403f85861102128a56a80a5a0ccc1ea,c56f2d84a8340835157547ca45c59140f2d29a85d91151b4eeda4e98c3b63f23
source-identity-declaration-20260808T051455+0800-c59753ae5b8f,ZI-fa2a4d25532ebea9a058b0dc,DS-000188,候选数据文件,BTC,4小时;8小时;24小时;48小时,15分钟;1小时,未知,未知,未知,未知,未知,未知,未知,未知,未知,未登记,无,config/数据/来源身份声明补采.json#身份声明[],a2b503bee22e558d2a12983346f4c7750b97234e9839b5dd9f80db0bd3e4c3b1,7fd19c744dac05cbd7e434c721348638379f2dea6df0fc204c2eb68a78236231,a6ef6c13e5dfa6e533d59587d672c23b4cb334b2dd320fec2b6806f18f7aee8a,未知,b3a1fc5ec72ad95e258b584f936ad46befab951e0ee9e43eaa18179e34974387,无法判定,FILE_STAT_OBSERVED_IDENTITY_UNPROVEN,本批次只读；若声明、输入、Schema或授权漂移，既有结论自动失效并须追加新批次,未读取业务正文、价格、成交、订单簿、账户或凭据；身份字段不完整,为该成员提供当前版本九字段声明及逐字段Schema、授权和唯一证据定位后追加不可变批次,2d50c1344a835ceeb832796935182aeff80bb03cecc5465c8cf3aaccbd446acd,86129966e4bc55fac18f2d7602a2309d4403f85861102128a56a80a5a0ccc1ea,a3f9b868ce6554444091751f2f05ba76662501bba843915e528dd4d9af7f9b7d
source-identity-declaration-20260808T051455+0800-c59753ae5b8f,ZI-a0614455fb843de8768c8d5b,DS-000189,候选数据文件,BTC,4小时;8小时;24小时;48小时,15分钟;1小时,未知,未知,未知,未知,未知,未知,未知,未知,未知,未登记,无,config/数据/来源身份声明补采.json#身份声明[],a2b503bee22e558d2a12983346f4c7750b97234e9839b5dd9f80db0bd3e4c3b1,339770b4561a39f6d7d39db2fb133c36bbde7bfa98b6314ed23504c848d49222,ba8c322723debba8f08e024821aa4c9a1bdc5bb11601148bcf19f8d6d20a1694,未知,b3a1fc5ec72ad95e258b584f936ad46befab951e0ee9e43eaa18179e34974387,无法判定,FILE_STAT_OBSERVED_IDENTITY_UNPROVEN,本批次只读；若声明、输入、Schema或授权漂移，既有结论自动失效并须追加新批次,未读取业务正文、价格、成交、订单簿、账户或凭据；身份字段不完整,为该成员提供当前版本九字段声明及逐字段Schema、授权和唯一证据定位后追加不可变批次,2d50c1344a835ceeb832796935182aeff80bb03cecc5465c8cf3aaccbd446acd,86129966e4bc55fac18f2d7602a2309d4403f85861102128a56a80a5a0ccc1ea,11e33ebbd5b58751e36db1904c694dc88ac235bbda9924421cf4cc1d054f8f88
source-identity-declaration-20260808T051455+0800-c59753ae5b8f,ZI-d3c96884df707ae67f114610,DS-000190,候选数据文件,BTC,4小时;8小时;24小时;48小时,15分钟;1小时,未知,未知,未知,未知,未知,未知,未知,未知,未知,未登记,无,config/数据/来源身份声明补采.json#身份声明[],a2b503bee22e558d2a12983346f4c7750b97234e9839b5dd9f80db0bd3e4c3b1,d7136de17556a28b492a1af141d73c1758727a591f4bba3dc8153365fa742189,6910d8fb9d715d62d971c1cfa077b9d9fa6878068e36a51383cf7ea8b1029893,未知,b3a1fc5ec72ad95e258b584f936ad46befab951e0ee9e43eaa18179e34974387,无法判定,FILE_STAT_OBSERVED_IDENTITY_UNPROVEN,本批次只读；若声明、输入、Schema或授权漂移，既有结论自动失效并须追加新批次,未读取业务正文、价格、成交、订单簿、账户或凭据；身份字段不完整,为该成员提供当前版本九字段声明及逐字段Schema、授权和唯一证据定位后追加不可变批次,2d50c1344a835ceeb832796935182aeff80bb03cecc5465c8cf3aaccbd446acd,86129966e4bc55fac18f2d7602a2309d4403f85861102128a56a80a5a0ccc1ea,4162d4446a68bde1897fb58c5f741cf58194e620869a1b3420506c3035e45fab
source-identity-declaration-20260808T051455+0800-c59753ae5b8f,ZI-6a10e79eb7d5e07aace7b208,DS-000191,候选数据文件,BTC,4小时;8小时;24小时;48小时,15分钟;1小时,未知,未知,未知,未知,未知,未知,未知,未知,未知,未登记,无,config/数据/来源身份声明补采.json#身份声明[],a2b503bee22e558d2a12983346f4c7750b97234e9839b5dd9f80db0bd3e4c3b1,42e7dc84abcc5f0ad802d574fa1a6f66ab422df94f2e029e4500a429f58a7366,a6b1dc47dda80db635f0f368ac3187369b5d0284fe23effd561bbd0676e3d10d,未知,b3a1fc5ec72ad95e258b584f936ad46befab951e0ee9e43eaa18179e34974387,无法判定,FILE_STAT_OBSERVED_IDENTITY_UNPROVEN,本批次只读；若声明、输入、Schema或授权漂移，既有结论自动失效并须追加新批次,未读取业务正文、价格、成交、订单簿、账户或凭据；身份字段不完整,为该成员提供当前版本九字段声明及逐字段Schema、授权和唯一证据定位后追加不可变批次,2d50c1344a835ceeb832796935182aeff80bb03cecc5465c8cf3aaccbd446acd,86129966e4bc55fac18f2d7602a2309d4403f85861102128a56a80a5a0ccc1ea,21ad46542b1dcc19311cefae5ef7dbf22eff6424e2e3e596530f6bd531f84ab2
source-identity-declaration-20260808T051455+0800-c59753ae5b8f,ZI-2ee965d6fd9df70cb6157fd0,DS-000192,候选数据文件,BTC,4小时;8小时;24小时;48小时,15分钟;1小时,未知,未知,未知,未知,未知,未知,未知,未知,未知,未登记,无,config/数据/来源身份声明补采.json#身份声明[],a2b503bee22e558d2a12983346f4c7750b97234e9839b5dd9f80db0bd3e4c3b1,0b63bbb25476f3c1a13d3453831e1a313715dd619c895cf6ee0995cac04a71b7,77ad296a05d96b45f6631486ce323785d01df717cae592199cc3e92b769d66cf,未知,b3a1fc5ec72ad95e258b584f936ad46befab951e0ee9e43eaa18179e34974387,拒绝,INPUT_MEMBER_REJECTED,本批次只读；若声明、输入、Schema或授权漂移，既有结论自动失效并须追加新批次,未读取业务正文、价格、成交、订单簿、账户或凭据；身份字段不完整,为该成员提供当前版本九字段声明及逐字段Schema、授权和唯一证据定位后追加不可变批次,2d50c1344a835ceeb832796935182aeff80bb03cecc5465c8cf3aaccbd446acd,86129966e4bc55fac18f2d7602a2309d4403f85861102128a56a80a5a0ccc1ea,6e9a2bcb3b5f05524336e3a2fcd74c09e0a26e9a91426c063a282ff1db08afeb
source-identity-declaration-20260808T051455+0800-c59753ae5b8f,ZI-ab40d64be94e1c0a4b624ee5,DS-000193,候选数据文件,BTC,4小时;8小时;24小时;48小时,15分钟;1小时,未知,未知,未知,未知,未知,未知,未知,未知,未知,未登记,无,config/数据/来源身份声明补采.json#身份声明[],a2b503bee22e558d2a12983346f4c7750b97234e9839b5dd9f80db0bd3e4c3b1,c7f0e941a62184b5da31ad822c95d8912302c67a9b7954a1cc0b890d47bdf708,ddc66db46b0a617e4c1399838801946648a6dfefbf0fa0906ff6e87d2b06898d,未知,b3a1fc5ec72ad95e258b584f936ad46befab951e0ee9e43eaa18179e34974387,无法判定,FILE_STAT_OBSERVED_IDENTITY_UNPROVEN,本批次只读；若声明、输入、Schema或授权漂移，既有结论自动失效并须追加新批次,未读取业务正文、价格、成交、订单簿、账户或凭据；身份字段不完整,为该成员提供当前版本九字段声明及逐字段Schema、授权和唯一证据定位后追加不可变批次,2d50c1344a835ceeb832796935182aeff80bb03cecc5465c8cf3aaccbd446acd,86129966e4bc55fac18f2d7602a2309d4403f85861102128a56a80a5a0ccc1ea,a98e6cf06416dac089ba11d72a34180e255eaa88920c31d9ce69826661ea1024
source-identity-declaration-20260808T051455+0800-c59753ae5b8f,ZI-67958b820749ffb359809e24,DS-000194,候选数据文件,BTC,4小时;8小时;24小时;48小时,15分钟;1小时,未知,未知,未知,未知,未知,未知,未知,未知,未知,未登记,无,config/数据/来源身份声明补采.json#身份声明[],a2b503bee22e558d2a12983346f4c7750b97234e9839b5dd9f80db0bd3e4c3b1,62a9e8386448401b0df0012d85c2a2bee4cf6abfa56d187620f9414875fd792c,68eb28dee87640862574de295a45d8a098337bb45802223b841553864359bb56,未知,b3a1fc5ec72ad95e258b584f936ad46befab951e0ee9e43eaa18179e34974387,拒绝,INPUT_MEMBER_REJECTED,本批次只读；若声明、输入、Schema或授权漂移，既有结论自动失效并须追加新批次,未读取业务正文、价格、成交、订单簿、账户或凭据；身份字段不完整,为该成员提供当前版本九字段声明及逐字段Schema、授权和唯一证据定位后追加不可变批次,2d50c1344a835ceeb832796935182aeff80bb03cecc5465c8cf3aaccbd446acd,86129966e4bc55fac18f2d7602a2309d4403f85861102128a56a80a5a0ccc1ea,cc7e132f14fe64428a3b401772ee75c72765f24de8e30ede28341f91201d20c4
source-identity-declaration-20260808T051455+0800-c59753ae5b8f,ZI-b7ae7ad9140ec01e272d90ef,DS-000195,候选数据文件,BTC,4小时;8小时;24小时;48小时,15分钟;1小时,未知,未知,未知,未知,未知,未知,未知,未知,未知,未登记,无,config/数据/来源身份声明补采.json#身份声明[],a2b503bee22e558d2a12983346f4c7750b97234e9839b5dd9f80db0bd3e4c3b1,9e8f5648706c28594bb13be22bf74a43c6685db3eb0af8963881d94c1fb33090,9e3df7fcde6a416c14ad2f3385cc8a95fb4a60267d036f9a4e620d68bff6d10f,未知,b3a1fc5ec72ad95e258b584f936ad46befab951e0ee9e43eaa18179e34974387,无法判定,FILE_STAT_OBSERVED_IDENTITY_UNPROVEN,本批次只读；若声明、输入、Schema或授权漂移，既有结论自动失效并须追加新批次,未读取业务正文、价格、成交、订单簿、账户或凭据；身份字段不完整,为该成员提供当前版本九字段声明及逐字段Schema、授权和唯一证据定位后追加不可变批次,2d50c1344a835ceeb832796935182aeff80bb03cecc5465c8cf3aaccbd446acd,86129966e4bc55fac18f2d7602a2309d4403f85861102128a56a80a5a0ccc1ea,94ab2568d5ce9a78e0fbd0c7e1044d1d7c6bebd2739832217905d67b4fd3ae57
source-identity-declaration-20260808T051455+0800-c59753ae5b8f,ZI-32aaa116eb12c90702c94041,DS-000196,候选数据文件,BTC,4小时;8小时;24小时;48小时,15分钟;1小时,未知,未知,未知,未知,未知,未知,未知,未知,未知,未登记,无,config/数据/来源身份声明补采.json#身份声明[],a2b503bee22e558d2a12983346f4c7750b97234e9839b5dd9f80db0bd3e4c3b1,3302ef2c1af90e5188fec4871d9bc2a0b2f9649c1b92196be6c3cd882676ce67,e6157d59b9196789cd25c9701501043bb00ef014649356a10e16259596fb4709,未知,b3a1fc5ec72ad95e258b584f936ad46befab951e0ee9e43eaa18179e34974387,无法判定,FILE_STAT_OBSERVED_IDENTITY_UNPROVEN,本批次只读；若声明、输入、Schema或授权漂移，既有结论自动失效并须追加新批次,未读取业务正文、价格、成交、订单簿、账户或凭据；身份字段不完整,为该成员提供当前版本九字段声明及逐字段Schema、授权和唯一证据定位后追加不可变批次,2d50c1344a835ceeb832796935182aeff80bb03cecc5465c8cf3aaccbd446acd,86129966e4bc55fac18f2d7602a2309d4403f85861102128a56a80a5a0ccc1ea,9bd5dd90f512d4e803e65efc8b595bce468df670b16e2dc865e43908367590e7
source-identity-declaration-20260808T051455+0800-c59753ae5b8f,ZI-0f24107cd7aff0b489c551c4,DS-000197,候选数据文件,BTC,4小时;8小时;24小时;48小时,15分钟;1小时,未知,未知,未知,未知,未知,未知,未知,未知,未知,未登记,无,config/数据/来源身份声明补采.json#身份声明[],a2b503bee22e558d2a12983346f4c7750b97234e9839b5dd9f80db0bd3e4c3b1,bfc42bc0d8152ba416024f1c92821247641bfebdacf6b68020d7b23caf8bcf1d,a8a1fedf04743df7d4306f8ab802cc9f585ad95bb3a1859b581b08e07f21b491,未知,b3a1fc5ec72ad95e258b584f936ad46befab951e0ee9e43eaa18179e34974387,无法判定,FILE_STAT_OBSERVED_IDENTITY_UNPROVEN,本批次只读；若声明、输入、Schema或授权漂移，既有结论自动失效并须追加新批次,未读取业务正文、价格、成交、订单簿、账户或凭据；身份字段不完整,为该成员提供当前版本九字段声明及逐字段Schema、授权和唯一证据定位后追加不可变批次,2d50c1344a835ceeb832796935182aeff80bb03cecc5465c8cf3aaccbd446acd,86129966e4bc55fac18f2d7602a2309d4403f85861102128a56a80a5a0ccc1ea,e8e74397154eaa1063b24c305749aeb792eceffec23a92e2f498e7d45b13cfaa
source-identity-declaration-20260808T051455+0800-c59753ae5b8f,ZI-3183d1c30b7007a7db1dca31,DS-000198,候选数据文件,BTC,4小时;8小时;24小时;48小时,15分钟;1小时,未知,未知,未知,未知,未知,未知,未知,未知,未知,未登记,无,config/数据/来源身份声明补采.json#身份声明[],a2b503bee22e558d2a12983346f4c7750b97234e9839b5dd9f80db0bd3e4c3b1,e91a693c10215586182fb841338a4f6446ac050e791e472e1cf048244d99abd4,8dcbf3ed5b60fa730bdf830643d41a04e45e08e42af3c50b780c3bff6cf54e55,未知,b3a1fc5ec72ad95e258b584f936ad46befab951e0ee9e43eaa18179e34974387,无法判定,FILE_STAT_OBSERVED_IDENTITY_UNPROVEN,本批次只读；若声明、输入、Schema或授权漂移，既有结论自动失效并须追加新批次,未读取业务正文、价格、成交、订单簿、账户或凭据；身份字段不完整,为该成员提供当前版本九字段声明及逐字段Schema、授权和唯一证据定位后追加不可变批次,2d50c1344a835ceeb832796935182aeff80bb03cecc5465c8cf3aaccbd446acd,86129966e4bc55fac18f2d7602a2309d4403f85861102128a56a80a5a0ccc1ea,b3fd8398309f2fa0c4a5c395b2023c9a7ca2958f0c437844abeafd856b0b931f
source-identity-declaration-20260808T051455+0800-c59753ae5b8f,ZI-2886bbdc88afa40c39dbb408,DS-000199,候选数据文件,BTC,4小时;8小时;24小时;48小时,15分钟;1小时,未知,未知,未知,未知,未知,未知,未知,未知,未知,未登记,无,config/数据/来源身份声明补采.json#身份声明[],a2b503bee22e558d2a12983346f4c7750b97234e9839b5dd9f80db0bd3e4c3b1,9b483598e61c912f16425f2781345539481dc82d607aac2cba73462d89bd674b,72b527c4562ab1d34e9c9be2a4cfceffb42758e4fbf892ad7e8c0a54baab42de,未知,b3a1fc5ec72ad95e258b584f936ad46befab951e0ee9e43eaa18179e34974387,无法判定,FILE_STAT_OBSERVED_IDENTITY_UNPROVEN,本批次只读；若声明、输入、Schema或授权漂移，既有结论自动失效并须追加新批次,未读取业务正文、价格、成交、订单簿、账户或凭据；身份字段不完整,为该成员提供当前版本九字段声明及逐字段Schema、授权和唯一证据定位后追加不可变批次,2d50c1344a835ceeb832796935182aeff80bb03cecc5465c8cf3aaccbd446acd,86129966e4bc55fac18f2d7602a2309d4403f85861102128a56a80a5a0ccc1ea,339cdc998782670f745530b79b3d43ee3980ac09b04a8e4d57d5f4049522344d
source-identity-declaration-20260808T051455+0800-c59753ae5b8f,ZI-5dbdf00041b1706d7ba8abab,DS-000200,候选数据文件,BTC,4小时;8小时;24小时;48小时,15分钟;1小时,未知,未知,未知,未知,未知,未知,未知,未知,未知,未登记,无,config/数据/来源身份声明补采.json#身份声明[],a2b503bee22e558d2a12983346f4c7750b97234e9839b5dd9f80db0bd3e4c3b1,e80dcd17c2945c774e10bbdd99ee8807d9c0889a7aa945dff67b835761d325e1,4aa53dfec9df9610da8d7bfc3d66440053ecefc2015c01103d66bb3378abc3c8,未知,b3a1fc5ec72ad95e258b584f936ad46befab951e0ee9e43eaa18179e34974387,无法判定,FILE_STAT_OBSERVED_IDENTITY_UNPROVEN,本批次只读；若声明、输入、Schema或授权漂移，既有结论自动失效并须追加新批次,未读取业务正文、价格、成交、订单簿、账户或凭据；身份字段不完整,为该成员提供当前版本九字段声明及逐字段Schema、授权和唯一证据定位后追加不可变批次,2d50c1344a835ceeb832796935182aeff80bb03cecc5465c8cf3aaccbd446acd,86129966e4bc55fac18f2d7602a2309d4403f85861102128a56a80a5a0ccc1ea,244d9e612b645e3cdec1e70291607e509db37380fa753e75adaa879d154fe7bc
source-identity-declaration-20260808T051455+0800-c59753ae5b8f,ZI-be0372cc2ca2127e6ad7faa5,DS-000201,候选数据文件,BTC,4小时;8小时;24小时;48小时,15分钟;1小时,未知,未知,未知,未知,未知,未知,未知,未知,未知,未登记,无,config/数据/来源身份声明补采.json#身份声明[],a2b503bee22e558d2a12983346f4c7750b97234e9839b5dd9f80db0bd3e4c3b1,49981dce25f37ed42652b06b919f6933838ff3f5dde0c19b596d799b6865cebd,3891e003c78725e69f75c68b81d1f532b40cf91154ae84eb4f5284cf56ba3099,未知,b3a1fc5ec72ad95e258b584f936ad46befab951e0ee9e43eaa18179e34974387,无法判定,FILE_STAT_OBSERVED_IDENTITY_UNPROVEN,本批次只读；若声明、输入、Schema或授权漂移，既有结论自动失效并须追加新批次,未读取业务正文、价格、成交、订单簿、账户或凭据；身份字段不完整,为该成员提供当前版本九字段声明及逐字段Schema、授权和唯一证据定位后追加不可变批次,2d50c1344a835ceeb832796935182aeff80bb03cecc5465c8cf3aaccbd446acd,86129966e4bc55fac18f2d7602a2309d4403f85861102128a56a80a5a0ccc1ea,7a626c611fdbb11d09f76eb50f92999c835c4364353a8eb9b91d28bf27ed333c
source-identity-declaration-20260808T051455+0800-c59753ae5b8f,ZI-78c8c25a0d917108a2b7f08a,DS-000202,候选数据文件,BTC,4小时;8小时;24小时;48小时,15分钟;1小时,未知,未知,未知,未知,未知,未知,未知,未知,未知,未登记,无,config/数据/来源身份声明补采.json#身份声明[],a2b503bee22e558d2a12983346f4c7750b97234e9839b5dd9f80db0bd3e4c3b1,af6c149cc7e8aff483d571b31555d0d079734bd55eb11d9cf2e19fa32a765aca,a7e41a97d340e7df672e7bb9bfcd0e7d0a623cb69e7afd0812205373ddd5899d,未知,b3a1fc5ec72ad95e258b584f936ad46befab951e0ee9e43eaa18179e34974387,无法判定,FILE_STAT_OBSERVED_IDENTITY_UNPROVEN,本批次只读；若声明、输入、Schema或授权漂移，既有结论自动失效并须追加新批次,未读取业务正文、价格、成交、订单簿、账户或凭据；身份字段不完整,为该成员提供当前版本九字段声明及逐字段Schema、授权和唯一证据定位后追加不可变批次,2d50c1344a835ceeb832796935182aeff80bb03cecc5465c8cf3aaccbd446acd,86129966e4bc55fac18f2d7602a2309d4403f85861102128a56a80a5a0ccc1ea,5b71dd17ced138ef637d08e6eccdb153683b7a050b75e7c71fb5265314c95b45
source-identity-declaration-20260808T051455+0800-c59753ae5b8f,ZI-29c6f02cefeb649da045cd55,DS-000203,候选数据文件,BTC,4小时;8小时;24小时;48小时,15分钟;1小时,未知,未知,未知,未知,未知,未知,未知,未知,未知,未登记,无,config/数据/来源身份声明补采.json#身份声明[],a2b503bee22e558d2a12983346f4c7750b97234e9839b5dd9f80db0bd3e4c3b1,4dcd4726cf5e37a543aed51c650186f864a264324396a79ba6fc6702b04aca60,47c0fd0e195494b87d8be0540fbe1d2a7d7acc231f4b421c98d23d7b224c315d,未知,b3a1fc5ec72ad95e258b584f936ad46befab951e0ee9e43eaa18179e34974387,无法判定,FILE_STAT_OBSERVED_IDENTITY_UNPROVEN,本批次只读；若声明、输入、Schema或授权漂移，既有结论自动失效并须追加新批次,未读取业务正文、价格、成交、订单簿、账户或凭据；身份字段不完整,为该成员提供当前版本九字段声明及逐字段Schema、授权和唯一证据定位后追加不可变批次,2d50c1344a835ceeb832796935182aeff80bb03cecc5465c8cf3aaccbd446acd,86129966e4bc55fac18f2d7602a2309d4403f85861102128a56a80a5a0ccc1ea,e50b3ef8a857120a8b3e2fa4f8530bb5ad7cad58de82d6665c59efa5ce38381f
source-identity-declaration-20260808T051455+0800-c59753ae5b8f,ZI-71520330f24bde8ccfb46d61,DS-000204,候选数据文件,BTC,4小时;8小时;24小时;48小时,15分钟;1小时,未知,未知,未知,未知,未知,未知,未知,未知,未知,未登记,无,config/数据/来源身份声明补采.json#身份声明[],a2b503bee22e558d2a12983346f4c7750b97234e9839b5dd9f80db0bd3e4c3b1,60e872660b08823c99e2e04926f5c739275e934bce8e6799ed48f867fc114da3,d78f1937dcd6fe7103be51d4bff7c53a455ad468113fde974e5b718883ef45f3,未知,b3a1fc5ec72ad95e258b584f936ad46befab951e0ee9e43eaa18179e34974387,无法判定,FILE_STAT_OBSERVED_IDENTITY_UNPROVEN,本批次只读；若声明、输入、Schema或授权漂移，既有结论自动失效并须追加新批次,未读取业务正文、价格、成交、订单簿、账户或凭据；身份字段不完整,为该成员提供当前版本九字段声明及逐字段Schema、授权和唯一证据定位后追加不可变批次,2d50c1344a835ceeb832796935182aeff80bb03cecc5465c8cf3aaccbd446acd,86129966e4bc55fac18f2d7602a2309d4403f85861102128a56a80a5a0ccc1ea,1dbcbaf2eb61aef73c150cf6a14942cd4c2aeff0882a8753e4d3e4b204f0a42f
source-identity-declaration-20260808T051455+0800-c59753ae5b8f,ZI-d01d78d324c4bc33eb8369e0,DS-000205,候选数据文件,BTC,4小时;8小时;24小时;48小时,15分钟;1小时,未知,未知,未知,未知,未知,未知,未知,未知,未知,未登记,无,config/数据/来源身份声明补采.json#身份声明[],a2b503bee22e558d2a12983346f4c7750b97234e9839b5dd9f80db0bd3e4c3b1,357e287ee3ae9a9b3f35b6b4e036478848a3cb3659bc68f18d20dfc26f7fd580,d22196b16c3edaa28138846ff39a68c88f5c0c40804d6f69d0f0652d9b0963d8,未知,b3a1fc5ec72ad95e258b584f936ad46befab951e0ee9e43eaa18179e34974387,无法判定,FILE_STAT_OBSERVED_IDENTITY_UNPROVEN,本批次只读；若声明、输入、Schema或授权漂移，既有结论自动失效并须追加新批次,未读取业务正文、价格、成交、订单簿、账户或凭据；身份字段不完整,为该成员提供当前版本九字段声明及逐字段Schema、授权和唯一证据定位后追加不可变批次,2d50c1344a835ceeb832796935182aeff80bb03cecc5465c8cf3aaccbd446acd,86129966e4bc55fac18f2d7602a2309d4403f85861102128a56a80a5a0ccc1ea,018cd17d0bc5b88f27ad90c6d793d39d3b986110794c25403ef7ae46b861e067
source-identity-declaration-20260808T051455+0800-c59753ae5b8f,ZI-5e7172f6c1ca86bab358f51e,DS-000206,候选数据文件,BTC,4小时;8小时;24小时;48小时,15分钟;1小时,未知,未知,未知,未知,未知,未知,未知,未知,未知,未登记,无,config/数据/来源身份声明补采.json#身份声明[],a2b503bee22e558d2a12983346f4c7750b97234e9839b5dd9f80db0bd3e4c3b1,4cd28c8e4c99a20a90332d2c80d3b371450fd362414938588e0d0de5ad3840d2,acfd9a96ff1bb4381dbfeccf8158f1936393dc5173ba8038529e3364f7c7a171,未知,b3a1fc5ec72ad95e258b584f936ad46befab951e0ee9e43eaa18179e34974387,无法判定,FILE_STAT_OBSERVED_IDENTITY_UNPROVEN,本批次只读；若声明、输入、Schema或授权漂移，既有结论自动失效并须追加新批次,未读取业务正文、价格、成交、订单簿、账户或凭据；身份字段不完整,为该成员提供当前版本九字段声明及逐字段Schema、授权和唯一证据定位后追加不可变批次,2d50c1344a835ceeb832796935182aeff80bb03cecc5465c8cf3aaccbd446acd,86129966e4bc55fac18f2d7602a2309d4403f85861102128a56a80a5a0ccc1ea,02814317157f4d218c03680801ea478defa3a66cd671a99501b7321666cac246
source-identity-declaration-20260808T051455+0800-c59753ae5b8f,ZI-2a1b37d562bd57047005c01a,DS-000207,候选数据文件,BTC,4小时;8小时;24小时;48小时,15分钟;1小时,未知,未知,未知,未知,未知,未知,未知,未知,未知,未登记,无,config/数据/来源身份声明补采.json#身份声明[],a2b503bee22e558d2a12983346f4c7750b97234e9839b5dd9f80db0bd3e4c3b1,2862c9267898c9d6737d4fc1b5ced6613c04c9e243fb77d4d93db30b2e8f8ad8,81ed54bcab59ed60f0262b4a4365e8bbb4c5475811bcb229bedb2e58498d371d,未知,b3a1fc5ec72ad95e258b584f936ad46befab951e0ee9e43eaa18179e34974387,无法判定,FILE_STAT_OBSERVED_IDENTITY_UNPROVEN,本批次只读；若声明、输入、Schema或授权漂移，既有结论自动失效并须追加新批次,未读取业务正文、价格、成交、订单簿、账户或凭据；身份字段不完整,为该成员提供当前版本九字段声明及逐字段Schema、授权和唯一证据定位后追加不可变批次,2d50c1344a835ceeb832796935182aeff80bb03cecc5465c8cf3aaccbd446acd,86129966e4bc55fac18f2d7602a2309d4403f85861102128a56a80a5a0ccc1ea,0a4b978ab35ca4b97473ea58e03511bdae8353206e8dd831689ce2e439d13f1a
source-identity-declaration-20260808T051455+0800-c59753ae5b8f,ZI-d7e573a8a3db8ebee466ccf6,DS-000208,候选数据文件,BTC,4小时;8小时;24小时;48小时,15分钟;1小时,未知,未知,未知,未知,未知,未知,未知,未知,未知,未登记,无,config/数据/来源身份声明补采.json#身份声明[],a2b503bee22e558d2a12983346f4c7750b97234e9839b5dd9f80db0bd3e4c3b1,fe9e7608a4eb061f5652be539fe800c731c30c5e369f84a49850cf73b997ae50,9b84f87a1dedc394f11562511ac0593d3698ba920f79e13b925545e9b7477423,未知,b3a1fc5ec72ad95e258b584f936ad46befab951e0ee9e43eaa18179e34974387,无法判定,FILE_STAT_OBSERVED_IDENTITY_UNPROVEN,本批次只读；若声明、输入、Schema或授权漂移，既有结论自动失效并须追加新批次,未读取业务正文、价格、成交、订单簿、账户或凭据；身份字段不完整,为该成员提供当前版本九字段声明及逐字段Schema、授权和唯一证据定位后追加不可变批次,2d50c1344a835ceeb832796935182aeff80bb03cecc5465c8cf3aaccbd446acd,86129966e4bc55fac18f2d7602a2309d4403f85861102128a56a80a5a0ccc1ea,d7409cf7108f5e6d097657742110ffe44191d57625c7b47ded0b88226031c1ad
source-identity-declaration-20260808T051455+0800-c59753ae5b8f,ZI-3e2be17d98778a0ad036cfad,DS-000209,候选数据文件,BTC,4小时;8小时;24小时;48小时,15分钟;1小时,未知,未知,未知,未知,未知,未知,未知,未知,未知,未登记,无,config/数据/来源身份声明补采.json#身份声明[],a2b503bee22e558d2a12983346f4c7750b97234e9839b5dd9f80db0bd3e4c3b1,2d90d65ec9a02a4e23e09313281406cd378c2eaadb3a19a9f1c4ba89d57b523a,16a1140e39ad3c51a489be6106c8ba9593779ed971fa88b4d8aceb3f4623b45a,未知,b3a1fc5ec72ad95e258b584f936ad46befab951e0ee9e43eaa18179e34974387,无法判定,FILE_STAT_OBSERVED_IDENTITY_UNPROVEN,本批次只读；若声明、输入、Schema或授权漂移，既有结论自动失效并须追加新批次,未读取业务正文、价格、成交、订单簿、账户或凭据；身份字段不完整,为该成员提供当前版本九字段声明及逐字段Schema、授权和唯一证据定位后追加不可变批次,2d50c1344a835ceeb832796935182aeff80bb03cecc5465c8cf3aaccbd446acd,86129966e4bc55fac18f2d7602a2309d4403f85861102128a56a80a5a0ccc1ea,10d0f135d82cf6416fec3068a323d25b3190d63dd7d50e9794179a951bec997d
source-identity-declaration-20260808T051455+0800-c59753ae5b8f,ZI-3286667a2cfe079a913c7c30,DS-000210,候选数据文件,BTC,4小时;8小时;24小时;48小时,15分钟;1小时,未知,未知,未知,未知,未知,未知,未知,未知,未知,未登记,无,config/数据/来源身份声明补采.json#身份声明[],a2b503bee22e558d2a12983346f4c7750b97234e9839b5dd9f80db0bd3e4c3b1,1673f3d2d5e26882002c3ff908463abce1fdfb4a795443a152f6b85a43fb3f07,e4628d31187ff75bd98b22dd5047c3aea0e8e096324d40cda8f35094b30c9013,未知,b3a1fc5ec72ad95e258b584f936ad46befab951e0ee9e43eaa18179e34974387,无法判定,FILE_STAT_OBSERVED_IDENTITY_UNPROVEN,本批次只读；若声明、输入、Schema或授权漂移，既有结论自动失效并须追加新批次,未读取业务正文、价格、成交、订单簿、账户或凭据；身份字段不完整,为该成员提供当前版本九字段声明及逐字段Schema、授权和唯一证据定位后追加不可变批次,2d50c1344a835ceeb832796935182aeff80bb03cecc5465c8cf3aaccbd446acd,86129966e4bc55fac18f2d7602a2309d4403f85861102128a56a80a5a0ccc1ea,e6c5d3fbde45db2938d9006fdc60b13050a53221aea9a8a66aa1aa79d518666b
source-identity-declaration-20260808T051455+0800-c59753ae5b8f,ZI-9a9b77f14347b2cb48fa88e7,DS-000211,候选数据文件,BTC,4小时;8小时;24小时;48小时,15分钟;1小时,未知,未知,未知,未知,未知,未知,未知,未知,未知,未登记,无,config/数据/来源身份声明补采.json#身份声明[],a2b503bee22e558d2a12983346f4c7750b97234e9839b5dd9f80db0bd3e4c3b1,1f7e7cf555344a7206d8962dde3c7fb9c95f36713b307b7c1e758ad6556bd5a8,a1c268d08407573cface32bceab6379292b01d0579981f5df06ccede609d20a1,未知,b3a1fc5ec72ad95e258b584f936ad46befab951e0ee9e43eaa18179e34974387,无法判定,FILE_STAT_OBSERVED_IDENTITY_UNPROVEN,本批次只读；若声明、输入、Schema或授权漂移，既有结论自动失效并须追加新批次,未读取业务正文、价格、成交、订单簿、账户或凭据；身份字段不完整,为该成员提供当前版本九字段声明及逐字段Schema、授权和唯一证据定位后追加不可变批次,2d50c1344a835ceeb832796935182aeff80bb03cecc5465c8cf3aaccbd446acd,86129966e4bc55fac18f2d7602a2309d4403f85861102128a56a80a5a0ccc1ea,ee260451f0e17401dca2f77f95f9beda9ffc216e11eddc10786fbaecedd45f49
source-identity-declaration-20260808T051455+0800-c59753ae5b8f,ZI-072c6e5f9b428b87bb907797,DS-000212,候选数据文件,BTC,4小时;8小时;24小时;48小时,15分钟;1小时,未知,未知,未知,未知,未知,未知,未知,未知,未知,未登记,无,config/数据/来源身份声明补采.json#身份声明[],a2b503bee22e558d2a12983346f4c7750b97234e9839b5dd9f80db0bd3e4c3b1,d8c78a0148f6abdd19f4a621d6c52ca485dd38012b2c028f70904050efa3275d,37596e6844008a9aa7ff046e5fbdcb00e924cf146b6fe95fbb2822dda3b97dd0,未知,b3a1fc5ec72ad95e258b584f936ad46befab951e0ee9e43eaa18179e34974387,无法判定,FILE_STAT_OBSERVED_IDENTITY_UNPROVEN,本批次只读；若声明、输入、Schema或授权漂移，既有结论自动失效并须追加新批次,未读取业务正文、价格、成交、订单簿、账户或凭据；身份字段不完整,为该成员提供当前版本九字段声明及逐字段Schema、授权和唯一证据定位后追加不可变批次,2d50c1344a835ceeb832796935182aeff80bb03cecc5465c8cf3aaccbd446acd,86129966e4bc55fac18f2d7602a2309d4403f85861102128a56a80a5a0ccc1ea,2f884c5101fa88221a8b6136cf786e374d8626871525a47bd6831bfff52a8fae
source-identity-declaration-20260808T051455+0800-c59753ae5b8f,ZI-c6103a96caf69285c99ebf1c,DS-000213,候选数据文件,BTC,4小时;8小时;24小时;48小时,15分钟;1小时,未知,未知,未知,未知,未知,未知,未知,未知,未知,未登记,无,config/数据/来源身份声明补采.json#身份声明[],a2b503bee22e558d2a12983346f4c7750b97234e9839b5dd9f80db0bd3e4c3b1,49da7771a94025e16bceaf06d99d368bb69fc9f0b30773ef78fd195b2647f3cc,d89240428d281b5dfce7b304dbee0ea74ded4f6e36cfa826a995d02f960d1345,未知,b3a1fc5ec72ad95e258b584f936ad46befab951e0ee9e43eaa18179e34974387,无法判定,FILE_STAT_OBSERVED_IDENTITY_UNPROVEN,本批次只读；若声明、输入、Schema或授权漂移，既有结论自动失效并须追加新批次,未读取业务正文、价格、成交、订单簿、账户或凭据；身份字段不完整,为该成员提供当前版本九字段声明及逐字段Schema、授权和唯一证据定位后追加不可变批次,2d50c1344a835ceeb832796935182aeff80bb03cecc5465c8cf3aaccbd446acd,86129966e4bc55fac18f2d7602a2309d4403f85861102128a56a80a5a0ccc1ea,b12698115b83b28d27b290e5500d43fb7fc006082c4ef87afd991093d64b19c8
source-identity-declaration-20260808T051455+0800-c59753ae5b8f,ZI-8304253d2ed20332e30ebcca,DS-000214,候选数据文件,BTC,4小时;8小时;24小时;48小时,15分钟;1小时,未知,未知,未知,未知,未知,未知,未知,未知,未知,未登记,无,config/数据/来源身份声明补采.json#身份声明[],a2b503bee22e558d2a12983346f4c7750b97234e9839b5dd9f80db0bd3e4c3b1,4b7ef458a831e58978149d25819f70ca44d5a7ab56c24620e2b5e199ddfa8457,138c8152fe7932c04516a7547f92731a5d1a3889fa6a5f2311da04ff6aa7b016,未知,b3a1fc5ec72ad95e258b584f936ad46befab951e0ee9e43eaa18179e34974387,无法判定,FILE_STAT_OBSERVED_IDENTITY_UNPROVEN,本批次只读；若声明、输入、Schema或授权漂移，既有结论自动失效并须追加新批次,未读取业务正文、价格、成交、订单簿、账户或凭据；身份字段不完整,为该成员提供当前版本九字段声明及逐字段Schema、授权和唯一证据定位后追加不可变批次,2d50c1344a835ceeb832796935182aeff80bb03cecc5465c8cf3aaccbd446acd,86129966e4bc55fac18f2d7602a2309d4403f85861102128a56a80a5a0ccc1ea,921bb165d6306ba254ea6885c9a863339a0ed94073ea776276e375ced50db31a
source-identity-declaration-20260808T051455+0800-c59753ae5b8f,ZI-ec81510cd0a232ac9b5cc4f3,DS-000215,候选数据文件,BTC,4小时;8小时;24小时;48小时,15分钟;1小时,未知,未知,未知,未知,未知,未知,未知,未知,未知,未登记,无,config/数据/来源身份声明补采.json#身份声明[],a2b503bee22e558d2a12983346f4c7750b97234e9839b5dd9f80db0bd3e4c3b1,c8e071231ebbdfc3fd675eb141e1efc29ba7a13e91e9254f9c3cc1ef9495c2c2,7230b1aa75860eaded6c148481fe00881d2ec25cc8ba7a9a50d7cbc899a4985a,未知,b3a1fc5ec72ad95e258b584f936ad46befab951e0ee9e43eaa18179e34974387,无法判定,FILE_STAT_OBSERVED_IDENTITY_UNPROVEN,本批次只读；若声明、输入、Schema或授权漂移，既有结论自动失效并须追加新批次,未读取业务正文、价格、成交、订单簿、账户或凭据；身份字段不完整,为该成员提供当前版本九字段声明及逐字段Schema、授权和唯一证据定位后追加不可变批次,2d50c1344a835ceeb832796935182aeff80bb03cecc5465c8cf3aaccbd446acd,86129966e4bc55fac18f2d7602a2309d4403f85861102128a56a80a5a0ccc1ea,7d39616e4e950f5cdb2d37434662e156da31a7327e8f0a24ecb85fce24980c04
source-identity-declaration-20260808T051455+0800-c59753ae5b8f,ZI-7d904efd7dbc8083ae534633,DS-000216,候选数据文件,BTC,4小时;8小时;24小时;48小时,15分钟;1小时,未知,未知,未知,未知,未知,未知,未知,未知,未知,未登记,无,config/数据/来源身份声明补采.json#身份声明[],a2b503bee22e558d2a12983346f4c7750b97234e9839b5dd9f80db0bd3e4c3b1,17cb50cc3c65f508fb921ef26b8f5306a43dab9610337cf613631b5df89e8e5d,6627553473a3965b483ccc0f8839a72133b53c3c91b720d46d5d7031c81fe67c,未知,b3a1fc5ec72ad95e258b584f936ad46befab951e0ee9e43eaa18179e34974387,无法判定,FILE_STAT_OBSERVED_IDENTITY_UNPROVEN,本批次只读；若声明、输入、Schema或授权漂移，既有结论自动失效并须追加新批次,未读取业务正文、价格、成交、订单簿、账户或凭据；身份字段不完整,为该成员提供当前版本九字段声明及逐字段Schema、授权和唯一证据定位后追加不可变批次,2d50c1344a835ceeb832796935182aeff80bb03cecc5465c8cf3aaccbd446acd,86129966e4bc55fac18f2d7602a2309d4403f85861102128a56a80a5a0ccc1ea,acfb5ce65e646f5d03f1df555687916706f0dcf30374413c3cea39338759c576
source-identity-declaration-20260808T051455+0800-c59753ae5b8f,ZI-74ee466762e9b1869eeab68c,DS-000217,候选数据文件,BTC,4小时;8小时;24小时;48小时,15分钟;1小时,未知,未知,未知,未知,未知,未知,未知,未知,未知,未登记,无,config/数据/来源身份声明补采.json#身份声明[],a2b503bee22e558d2a12983346f4c7750b97234e9839b5dd9f80db0bd3e4c3b1,0bdc7a67f1bbd727ffffcd809c382cb521892eb214a2a1049dd5fd9704b3ce31,9e3df7fcde6a416c14ad2f3385cc8a95fb4a60267d036f9a4e620d68bff6d10f,未知,b3a1fc5ec72ad95e258b584f936ad46befab951e0ee9e43eaa18179e34974387,无法判定,FILE_STAT_OBSERVED_IDENTITY_UNPROVEN,本批次只读；若声明、输入、Schema或授权漂移，既有结论自动失效并须追加新批次,未读取业务正文、价格、成交、订单簿、账户或凭据；身份字段不完整,为该成员提供当前版本九字段声明及逐字段Schema、授权和唯一证据定位后追加不可变批次,2d50c1344a835ceeb832796935182aeff80bb03cecc5465c8cf3aaccbd446acd,86129966e4bc55fac18f2d7602a2309d4403f85861102128a56a80a5a0ccc1ea,851dff807f0cdd19cea859431f0223747c883f51d893e33e58b103acb6c7dd84
source-identity-declaration-20260808T051455+0800-c59753ae5b8f,ZI-29c36adb3ea8aab9775a3a1a,DS-000218,候选数据文件,BTC,4小时;8小时;24小时;48小时,15分钟;1小时,未知,未知,未知,未知,未知,未知,未知,未知,未知,未登记,无,config/数据/来源身份声明补采.json#身份声明[],a2b503bee22e558d2a12983346f4c7750b97234e9839b5dd9f80db0bd3e4c3b1,23d79df12719a18f66ce20b5e7348fd6e2f6c701cfaa07957b0acc9b4b4b3c5d,e6157d59b9196789cd25c9701501043bb00ef014649356a10e16259596fb4709,未知,b3a1fc5ec72ad95e258b584f936ad46befab951e0ee9e43eaa18179e34974387,无法判定,FILE_STAT_OBSERVED_IDENTITY_UNPROVEN,本批次只读；若声明、输入、Schema或授权漂移，既有结论自动失效并须追加新批次,未读取业务正文、价格、成交、订单簿、账户或凭据；身份字段不完整,为该成员提供当前版本九字段声明及逐字段Schema、授权和唯一证据定位后追加不可变批次,2d50c1344a835ceeb832796935182aeff80bb03cecc5465c8cf3aaccbd446acd,86129966e4bc55fac18f2d7602a2309d4403f85861102128a56a80a5a0ccc1ea,6f069c25bbfdd643e7a9f37bab832b7396faa86ab817c57141e2eb8af3619379
source-identity-declaration-20260808T051455+0800-c59753ae5b8f,ZI-e2ba4b054e7cdaf4c747c964,DS-000219,候选数据文件,BTC,4小时;8小时;24小时;48小时,15分钟;1小时,未知,未知,未知,未知,未知,未知,未知,未知,未知,未登记,无,config/数据/来源身份声明补采.json#身份声明[],a2b503bee22e558d2a12983346f4c7750b97234e9839b5dd9f80db0bd3e4c3b1,21165349456518961030378083fea5551ab855e98f18bb276a7180f52b3d1f7d,a8a1fedf04743df7d4306f8ab802cc9f585ad95bb3a1859b581b08e07f21b491,未知,b3a1fc5ec72ad95e258b584f936ad46befab951e0ee9e43eaa18179e34974387,无法判定,FILE_STAT_OBSERVED_IDENTITY_UNPROVEN,本批次只读；若声明、输入、Schema或授权漂移，既有结论自动失效并须追加新批次,未读取业务正文、价格、成交、订单簿、账户或凭据；身份字段不完整,为该成员提供当前版本九字段声明及逐字段Schema、授权和唯一证据定位后追加不可变批次,2d50c1344a835ceeb832796935182aeff80bb03cecc5465c8cf3aaccbd446acd,86129966e4bc55fac18f2d7602a2309d4403f85861102128a56a80a5a0ccc1ea,8882470f8eefd183611c1b6d3c5213bf10ad703ad5ece6698c0a0a94a936918e
source-identity-declaration-20260808T051455+0800-c59753ae5b8f,ZI-16b6d5bd373c2fbb92c71411,DS-000220,候选数据文件,BTC,4小时;8小时;24小时;48小时,15分钟;1小时,未知,未知,未知,未知,未知,未知,未知,未知,未知,未登记,无,config/数据/来源身份声明补采.json#身份声明[],a2b503bee22e558d2a12983346f4c7750b97234e9839b5dd9f80db0bd3e4c3b1,7de5a82ae4458f844affdcfc96bb58bd683630348ddf7b03231730efa11bf7dc,8dcbf3ed5b60fa730bdf830643d41a04e45e08e42af3c50b780c3bff6cf54e55,未知,b3a1fc5ec72ad95e258b584f936ad46befab951e0ee9e43eaa18179e34974387,无法判定,FILE_STAT_OBSERVED_IDENTITY_UNPROVEN,本批次只读；若声明、输入、Schema或授权漂移，既有结论自动失效并须追加新批次,未读取业务正文、价格、成交、订单簿、账户或凭据；身份字段不完整,为该成员提供当前版本九字段声明及逐字段Schema、授权和唯一证据定位后追加不可变批次,2d50c1344a835ceeb832796935182aeff80bb03cecc5465c8cf3aaccbd446acd,86129966e4bc55fac18f2d7602a2309d4403f85861102128a56a80a5a0ccc1ea,e28122f7cbbd9eb7f11e6624b2daa3b3e159f54db3aa9ad9a6236439ad3572b9
source-identity-declaration-20260808T051455+0800-c59753ae5b8f,ZI-e8b50f0e23b5a2aadfe713a0,DS-000221,候选数据文件,BTC,4小时;8小时;24小时;48小时,15分钟;1小时,未知,未知,未知,未知,未知,未知,未知,未知,未知,未登记,无,config/数据/来源身份声明补采.json#身份声明[],a2b503bee22e558d2a12983346f4c7750b97234e9839b5dd9f80db0bd3e4c3b1,6980edd049f750c69d7e7ae20e5aa6cc1657e9d95673ca38293e252e1af793e9,72b527c4562ab1d34e9c9be2a4cfceffb42758e4fbf892ad7e8c0a54baab42de,未知,b3a1fc5ec72ad95e258b584f936ad46befab951e0ee9e43eaa18179e34974387,无法判定,FILE_STAT_OBSERVED_IDENTITY_UNPROVEN,本批次只读；若声明、输入、Schema或授权漂移，既有结论自动失效并须追加新批次,未读取业务正文、价格、成交、订单簿、账户或凭据；身份字段不完整,为该成员提供当前版本九字段声明及逐字段Schema、授权和唯一证据定位后追加不可变批次,2d50c1344a835ceeb832796935182aeff80bb03cecc5465c8cf3aaccbd446acd,86129966e4bc55fac18f2d7602a2309d4403f85861102128a56a80a5a0ccc1ea,6ae841a3d9e528900e9387f5e0c36a3e9e9f540f16ffc8cfe06cb523fa71174a
source-identity-declaration-20260808T051455+0800-c59753ae5b8f,ZI-34a2fe963d2ab9822f260ad3,DS-000222,候选数据文件,BTC,4小时;8小时;24小时;48小时,15分钟;1小时,未知,未知,未知,未知,未知,未知,未知,未知,未知,未登记,无,config/数据/来源身份声明补采.json#身份声明[],a2b503bee22e558d2a12983346f4c7750b97234e9839b5dd9f80db0bd3e4c3b1,3e539388481b9fa19a3c40b0e3aa8d79677f6c36cfe63f2ca87828ac92b88df2,087e1e310fcd0e97232d7b0afd702de2d5cfe3ddab9d622e8ee6b7853cb46b62,未知,b3a1fc5ec72ad95e258b584f936ad46befab951e0ee9e43eaa18179e34974387,无法判定,FILE_STAT_OBSERVED_IDENTITY_UNPROVEN,本批次只读；若声明、输入、Schema或授权漂移，既有结论自动失效并须追加新批次,未读取业务正文、价格、成交、订单簿、账户或凭据；身份字段不完整,为该成员提供当前版本九字段声明及逐字段Schema、授权和唯一证据定位后追加不可变批次,2d50c1344a835ceeb832796935182aeff80bb03cecc5465c8cf3aaccbd446acd,86129966e4bc55fac18f2d7602a2309d4403f85861102128a56a80a5a0ccc1ea,26488e0fbdc6b628da07fa97a7b3c29eae6f00d7bebb58b4fb5c4bbf11aed0fa
source-identity-declaration-20260808T051455+0800-c59753ae5b8f,ZI-19d32f1ee8316f8b358988a0,DS-000223,候选数据文件,BTC,4小时;8小时;24小时;48小时,15分钟;1小时,未知,未知,未知,未知,未知,未知,未知,未知,未知,未登记,无,config/数据/来源身份声明补采.json#身份声明[],a2b503bee22e558d2a12983346f4c7750b97234e9839b5dd9f80db0bd3e4c3b1,e9c7915b1f0185fd3199344770ef2c5020c6bc27def3a3c1755994699e69cf58,a08373d4984da5498b6bd1555a2d393e541e809346565c9d8058fbd1cd369e5d,未知,b3a1fc5ec72ad95e258b584f936ad46befab951e0ee9e43eaa18179e34974387,无法判定,FILE_STAT_OBSERVED_IDENTITY_UNPROVEN,本批次只读；若声明、输入、Schema或授权漂移，既有结论自动失效并须追加新批次,未读取业务正文、价格、成交、订单簿、账户或凭据；身份字段不完整,为该成员提供当前版本九字段声明及逐字段Schema、授权和唯一证据定位后追加不可变批次,2d50c1344a835ceeb832796935182aeff80bb03cecc5465c8cf3aaccbd446acd,86129966e4bc55fac18f2d7602a2309d4403f85861102128a56a80a5a0ccc1ea,d983439e3709f6ba24d8b20a9931b9b465a2b6f9234d54ed43899d54f8dba61a
source-identity-declaration-20260808T051455+0800-c59753ae5b8f,ZI-0694ca8ffce7194a5edb1a0f,DS-000225,数据库元数据,BTC,4小时;8小时;24小时;48小时,15分钟;1小时,未知,未知,未知,未知,未知,未知,未知,未知,未知,未登记,无,config/数据/来源身份声明补采.json#身份声明[],a2b503bee22e558d2a12983346f4c7750b97234e9839b5dd9f80db0bd3e4c3b1,31c46439848b2efd4dd25f0894f6ce7296e53e7d983b81530451c4d4879bc220,未知,未知,b3a1fc5ec72ad95e258b584f936ad46befab951e0ee9e43eaa18179e34974387,无法判定,DATABASE_METADATA_IDENTITY_UNPROVEN,本批次只读；若声明、输入、Schema或授权漂移，既有结论自动失效并须追加新批次,未读取业务正文、价格、成交、订单簿、账户或凭据；身份字段不完整,为该成员提供当前版本九字段声明及逐字段Schema、授权和唯一证据定位后追加不可变批次,2d50c1344a835ceeb832796935182aeff80bb03cecc5465c8cf3aaccbd446acd,86129966e4bc55fac18f2d7602a2309d4403f85861102128a56a80a5a0ccc1ea,20ab1c6cde41d3ec537645b8f596c7bd4c9000ca355feaf4a7f1a878d7045eb7
source-identity-declaration-20260808T051455+0800-c59753ae5b8f,ZI-b14dc6c9a93cf52c6c414771,DS-000226,数据库元数据,BTC,4小时;8小时;24小时;48小时,15分钟;1小时,未知,未知,未知,未知,未知,未知,未知,未知,未知,未登记,无,config/数据/来源身份声明补采.json#身份声明[],a2b503bee22e558d2a12983346f4c7750b97234e9839b5dd9f80db0bd3e4c3b1,6a81bb21010d297d98dd3ec7d464e7118f4b2d9fe881e05831f744f092a7bb21,未知,未知,b3a1fc5ec72ad95e258b584f936ad46befab951e0ee9e43eaa18179e34974387,无法判定,DATABASE_METADATA_IDENTITY_UNPROVEN,本批次只读；若声明、输入、Schema或授权漂移，既有结论自动失效并须追加新批次,未读取业务正文、价格、成交、订单簿、账户或凭据；身份字段不完整,为该成员提供当前版本九字段声明及逐字段Schema、授权和唯一证据定位后追加不可变批次,2d50c1344a835ceeb832796935182aeff80bb03cecc5465c8cf3aaccbd446acd,86129966e4bc55fac18f2d7602a2309d4403f85861102128a56a80a5a0ccc1ea,f9f24fde2990daa06279d992269cf0fd651e88fb0ee6cbc3eb9fb5a6bdd18de9
source-identity-declaration-20260808T051455+0800-c59753ae5b8f,ZI-bb74646c795efd1568463fd5,DS-000227,数据库元数据,BTC,4小时;8小时;24小时;48小时,15分钟;1小时,未知,未知,未知,未知,未知,未知,未知,未知,未知,未登记,无,config/数据/来源身份声明补采.json#身份声明[],a2b503bee22e558d2a12983346f4c7750b97234e9839b5dd9f80db0bd3e4c3b1,2ac0c84203efd9c2735cdb91f464d07bc39ee71c28da7cdc8cf4b0a2c0c359f7,未知,未知,b3a1fc5ec72ad95e258b584f936ad46befab951e0ee9e43eaa18179e34974387,无法判定,DATABASE_METADATA_IDENTITY_UNPROVEN,本批次只读；若声明、输入、Schema或授权漂移，既有结论自动失效并须追加新批次,未读取业务正文、价格、成交、订单簿、账户或凭据；身份字段不完整,为该成员提供当前版本九字段声明及逐字段Schema、授权和唯一证据定位后追加不可变批次,2d50c1344a835ceeb832796935182aeff80bb03cecc5465c8cf3aaccbd446acd,86129966e4bc55fac18f2d7602a2309d4403f85861102128a56a80a5a0ccc1ea,1d3838cf0b7f5de0cb61e34ca14f53069f8fd3962bb08dff5aaa336d20f132fc
source-identity-declaration-20260808T051455+0800-c59753ae5b8f,ZI-e5230a52ad3a08cbc1de9499,DS-000228,数据库元数据,BTC,4小时;8小时;24小时;48小时,15分钟;1小时,未知,未知,未知,未知,未知,未知,未知,未知,未知,未登记,无,config/数据/来源身份声明补采.json#身份声明[],a2b503bee22e558d2a12983346f4c7750b97234e9839b5dd9f80db0bd3e4c3b1,ded39db7f820476590ee31689b0e683dd170115a1af80b15191867fc8cfc2848,未知,未知,b3a1fc5ec72ad95e258b584f936ad46befab951e0ee9e43eaa18179e34974387,无法判定,DATABASE_METADATA_IDENTITY_UNPROVEN,本批次只读；若声明、输入、Schema或授权漂移，既有结论自动失效并须追加新批次,未读取业务正文、价格、成交、订单簿、账户或凭据；身份字段不完整,为该成员提供当前版本九字段声明及逐字段Schema、授权和唯一证据定位后追加不可变批次,2d50c1344a835ceeb832796935182aeff80bb03cecc5465c8cf3aaccbd446acd,86129966e4bc55fac18f2d7602a2309d4403f85861102128a56a80a5a0ccc1ea,1dc84890ea76681e03eccf059f4eafc0831cd1915323c16a50d9b4f04d139793
source-identity-declaration-20260808T051455+0800-c59753ae5b8f,ZI-3fd360a6acc4e7dc0e4d25aa,DS-000229,数据库元数据,BTC,4小时;8小时;24小时;48小时,15分钟;1小时,未知,未知,未知,未知,未知,未知,未知,未知,未知,未登记,无,config/数据/来源身份声明补采.json#身份声明[],a2b503bee22e558d2a12983346f4c7750b97234e9839b5dd9f80db0bd3e4c3b1,f92abe1336fcf2463981b9bf09595da91c6642688d884b9321950c809461e668,未知,未知,b3a1fc5ec72ad95e258b584f936ad46befab951e0ee9e43eaa18179e34974387,无法判定,DATABASE_METADATA_IDENTITY_UNPROVEN,本批次只读；若声明、输入、Schema或授权漂移，既有结论自动失效并须追加新批次,未读取业务正文、价格、成交、订单簿、账户或凭据；身份字段不完整,为该成员提供当前版本九字段声明及逐字段Schema、授权和唯一证据定位后追加不可变批次,2d50c1344a835ceeb832796935182aeff80bb03cecc5465c8cf3aaccbd446acd,86129966e4bc55fac18f2d7602a2309d4403f85861102128a56a80a5a0ccc1ea,55269f5234ee71da22f308992fd41a2dc7cf45f652775a126500b70d7d89bd60
source-identity-declaration-20260808T051455+0800-c59753ae5b8f,ZI-84932a2cb8d1dbb102b157bc,DS-000230,数据库元数据,BTC,4小时;8小时;24小时;48小时,15分钟;1小时,未知,未知,未知,未知,未知,未知,未知,未知,未知,未登记,无,config/数据/来源身份声明补采.json#身份声明[],a2b503bee22e558d2a12983346f4c7750b97234e9839b5dd9f80db0bd3e4c3b1,696fc7c4311abe694bffc605e03c287a75b809028054b2796902f493ea776b60,未知,未知,b3a1fc5ec72ad95e258b584f936ad46befab951e0ee9e43eaa18179e34974387,无法判定,DATABASE_METADATA_IDENTITY_UNPROVEN,本批次只读；若声明、输入、Schema或授权漂移，既有结论自动失效并须追加新批次,未读取业务正文、价格、成交、订单簿、账户或凭据；身份字段不完整,为该成员提供当前版本九字段声明及逐字段Schema、授权和唯一证据定位后追加不可变批次,2d50c1344a835ceeb832796935182aeff80bb03cecc5465c8cf3aaccbd446acd,86129966e4bc55fac18f2d7602a2309d4403f85861102128a56a80a5a0ccc1ea,71f6adf71b3180120ed50539919e66bbaf48dc8acf287b390a953e2ca2cc7edb
source-identity-declaration-20260808T051455+0800-c59753ae5b8f,ZI-931fd13d49e7871a65721be5,DS-000231,数据库元数据,BTC,4小时;8小时;24小时;48小时,15分钟;1小时,未知,未知,未知,未知,未知,未知,未知,未知,未知,未登记,无,config/数据/来源身份声明补采.json#身份声明[],a2b503bee22e558d2a12983346f4c7750b97234e9839b5dd9f80db0bd3e4c3b1,1ddffa1f0f31556fe0d2dc68a47c93c046bfcfab4dcad6b6413e954c85a567ce,未知,未知,b3a1fc5ec72ad95e258b584f936ad46befab951e0ee9e43eaa18179e34974387,无法判定,DATABASE_METADATA_IDENTITY_UNPROVEN,本批次只读；若声明、输入、Schema或授权漂移，既有结论自动失效并须追加新批次,未读取业务正文、价格、成交、订单簿、账户或凭据；身份字段不完整,为该成员提供当前版本九字段声明及逐字段Schema、授权和唯一证据定位后追加不可变批次,2d50c1344a835ceeb832796935182aeff80bb03cecc5465c8cf3aaccbd446acd,86129966e4bc55fac18f2d7602a2309d4403f85861102128a56a80a5a0ccc1ea,5b2aec07d93c9c4e29863b9701de8026c6fb04c160776fdd447243d44a08f418
source-identity-declaration-20260808T051455+0800-c59753ae5b8f,ZI-0db81498191dada0dd3edbeb,DS-000232,数据库元数据,BTC,4小时;8小时;24小时;48小时,15分钟;1小时,未知,未知,未知,未知,未知,未知,未知,未知,未知,未登记,无,config/数据/来源身份声明补采.json#身份声明[],a2b503bee22e558d2a12983346f4c7750b97234e9839b5dd9f80db0bd3e4c3b1,d5e98969dd30d95cf796e35f21a830b2e8ab6decb9c18e07dba58527efbd0f89,未知,未知,b3a1fc5ec72ad95e258b584f936ad46befab951e0ee9e43eaa18179e34974387,无法判定,DATABASE_METADATA_IDENTITY_UNPROVEN,本批次只读；若声明、输入、Schema或授权漂移，既有结论自动失效并须追加新批次,未读取业务正文、价格、成交、订单簿、账户或凭据；身份字段不完整,为该成员提供当前版本九字段声明及逐字段Schema、授权和唯一证据定位后追加不可变批次,2d50c1344a835ceeb832796935182aeff80bb03cecc5465c8cf3aaccbd446acd,86129966e4bc55fac18f2d7602a2309d4403f85861102128a56a80a5a0ccc1ea,12188ae116a7fabbb1f30b42a6b8638150a9db6f252ac029dfc61ae56e3ca0a0
source-identity-declaration-20260808T051455+0800-c59753ae5b8f,ZI-40e1501e3846b2cfea5a7abc,DS-000233,数据库元数据,BTC,4小时;8小时;24小时;48小时,15分钟;1小时,未知,未知,未知,未知,未知,未知,未知,未知,未知,未登记,无,config/数据/来源身份声明补采.json#身份声明[],a2b503bee22e558d2a12983346f4c7750b97234e9839b5dd9f80db0bd3e4c3b1,72e7313ef8e524b350b1ace10c8d6b8626b5188e0d1dd969dfa6e1b8fcbd5739,未知,未知,b3a1fc5ec72ad95e258b584f936ad46befab951e0ee9e43eaa18179e34974387,无法判定,DATABASE_METADATA_IDENTITY_UNPROVEN,本批次只读；若声明、输入、Schema或授权漂移，既有结论自动失效并须追加新批次,未读取业务正文、价格、成交、订单簿、账户或凭据；身份字段不完整,为该成员提供当前版本九字段声明及逐字段Schema、授权和唯一证据定位后追加不可变批次,2d50c1344a835ceeb832796935182aeff80bb03cecc5465c8cf3aaccbd446acd,86129966e4bc55fac18f2d7602a2309d4403f85861102128a56a80a5a0ccc1ea,5f9491d7e9016029b97a345a2e3e1a4b134cbb3909713cdcd5bf1c1f26365e2f
source-identity-declaration-20260808T051455+0800-c59753ae5b8f,ZI-180e97d2bf1963cdbc241452,DS-000234,数据库元数据,BTC,4小时;8小时;24小时;48小时,15分钟;1小时,未知,未知,未知,未知,未知,未知,未知,未知,未知,未登记,无,config/数据/来源身份声明补采.json#身份声明[],a2b503bee22e558d2a12983346f4c7750b97234e9839b5dd9f80db0bd3e4c3b1,32b66f7841fcfd1a8692bb0602413683c771ac914082faa7548d5a3cd7b46044,未知,未知,b3a1fc5ec72ad95e258b584f936ad46befab951e0ee9e43eaa18179e34974387,无法判定,DATABASE_METADATA_IDENTITY_UNPROVEN,本批次只读；若声明、输入、Schema或授权漂移，既有结论自动失效并须追加新批次,未读取业务正文、价格、成交、订单簿、账户或凭据；身份字段不完整,为该成员提供当前版本九字段声明及逐字段Schema、授权和唯一证据定位后追加不可变批次,2d50c1344a835ceeb832796935182aeff80bb03cecc5465c8cf3aaccbd446acd,86129966e4bc55fac18f2d7602a2309d4403f85861102128a56a80a5a0ccc1ea,2434cfb5cc561b4683e76dcd7ddc3c0e1a5c3d0a194e528e3dad276afe4625f2
source-identity-declaration-20260808T051455+0800-c59753ae5b8f,ZI-82ca837cfd12f3b03f7ca932,DS-000235,数据库元数据,BTC,4小时;8小时;24小时;48小时,15分钟;1小时,未知,未知,未知,未知,未知,未知,未知,未知,未知,未登记,无,config/数据/来源身份声明补采.json#身份声明[],a2b503bee22e558d2a12983346f4c7750b97234e9839b5dd9f80db0bd3e4c3b1,f1c5147a2e34f6ba05d99991d7e96b60372cf8f3587d7274a6e8f0c390e7197f,未知,未知,b3a1fc5ec72ad95e258b584f936ad46befab951e0ee9e43eaa18179e34974387,无法判定,DATABASE_METADATA_IDENTITY_UNPROVEN,本批次只读；若声明、输入、Schema或授权漂移，既有结论自动失效并须追加新批次,未读取业务正文、价格、成交、订单簿、账户或凭据；身份字段不完整,为该成员提供当前版本九字段声明及逐字段Schema、授权和唯一证据定位后追加不可变批次,2d50c1344a835ceeb832796935182aeff80bb03cecc5465c8cf3aaccbd446acd,86129966e4bc55fac18f2d7602a2309d4403f85861102128a56a80a5a0ccc1ea,6c2269522373baf2ef2d5d05861cd1a39ddf8f8d8192156c8dc3c2a617cc6c2e
source-identity-declaration-20260808T051455+0800-c59753ae5b8f,ZI-f8f3b3ccb51bd499cc0a7a90,DS-000236,数据库元数据,BTC,4小时;8小时;24小时;48小时,15分钟;1小时,未知,未知,未知,未知,未知,未知,未知,未知,未知,未登记,无,config/数据/来源身份声明补采.json#身份声明[],a2b503bee22e558d2a12983346f4c7750b97234e9839b5dd9f80db0bd3e4c3b1,98b039adcd5656df11f65ee44b7131ebc40f5750a04b7327545e42606758bd44,未知,未知,b3a1fc5ec72ad95e258b584f936ad46befab951e0ee9e43eaa18179e34974387,无法判定,DATABASE_METADATA_IDENTITY_UNPROVEN,本批次只读；若声明、输入、Schema或授权漂移，既有结论自动失效并须追加新批次,未读取业务正文、价格、成交、订单簿、账户或凭据；身份字段不完整,为该成员提供当前版本九字段声明及逐字段Schema、授权和唯一证据定位后追加不可变批次,2d50c1344a835ceeb832796935182aeff80bb03cecc5465c8cf3aaccbd446acd,86129966e4bc55fac18f2d7602a2309d4403f85861102128a56a80a5a0ccc1ea,58ab08d96dd366fe6fb52688a1c7f92a255f62616a436a0dcd64db4bee0b1d2b
source-identity-declaration-20260808T051455+0800-c59753ae5b8f,ZI-909e04049eca4a3356195dcc,DS-000237,数据库元数据,BTC,4小时;8小时;24小时;48小时,15分钟;1小时,未知,未知,未知,未知,未知,未知,未知,未知,未知,未登记,无,config/数据/来源身份声明补采.json#身份声明[],a2b503bee22e558d2a12983346f4c7750b97234e9839b5dd9f80db0bd3e4c3b1,3726607d3f48f439672a2470687cbdc27e1513ae4716fbfd7ecfe895db4d10f7,未知,未知,b3a1fc5ec72ad95e258b584f936ad46befab951e0ee9e43eaa18179e34974387,无法判定,DATABASE_METADATA_IDENTITY_UNPROVEN,本批次只读；若声明、输入、Schema或授权漂移，既有结论自动失效并须追加新批次,未读取业务正文、价格、成交、订单簿、账户或凭据；身份字段不完整,为该成员提供当前版本九字段声明及逐字段Schema、授权和唯一证据定位后追加不可变批次,2d50c1344a835ceeb832796935182aeff80bb03cecc5465c8cf3aaccbd446acd,86129966e4bc55fac18f2d7602a2309d4403f85861102128a56a80a5a0ccc1ea,430158317e8e5b72dc207c1859f2071e6922b412b87c9e112e287791d37899ea
source-identity-declaration-20260808T051455+0800-c59753ae5b8f,ZI-c4350e8eb898e37acd11c607,DS-000238,数据库元数据,BTC,4小时;8小时;24小时;48小时,15分钟;1小时,未知,未知,未知,未知,未知,未知,未知,未知,未知,未登记,无,config/数据/来源身份声明补采.json#身份声明[],a2b503bee22e558d2a12983346f4c7750b97234e9839b5dd9f80db0bd3e4c3b1,270b961e9a166bcdca4fcdee14c4cd7f0f1ad86a75cdc3960672ad622cba43ea,未知,未知,b3a1fc5ec72ad95e258b584f936ad46befab951e0ee9e43eaa18179e34974387,无法判定,DATABASE_METADATA_IDENTITY_UNPROVEN,本批次只读；若声明、输入、Schema或授权漂移，既有结论自动失效并须追加新批次,未读取业务正文、价格、成交、订单簿、账户或凭据；身份字段不完整,为该成员提供当前版本九字段声明及逐字段Schema、授权和唯一证据定位后追加不可变批次,2d50c1344a835ceeb832796935182aeff80bb03cecc5465c8cf3aaccbd446acd,86129966e4bc55fac18f2d7602a2309d4403f85861102128a56a80a5a0ccc1ea,b6716a3d2ecf7a980b740cbbf79d086efd3e11e21a51b4f2bdbd35146b9c9aae
source-identity-declaration-20260808T051455+0800-c59753ae5b8f,ZI-70ff9820b675a6fb1dadcb63,DS-000239,数据库元数据,BTC,4小时;8小时;24小时;48小时,15分钟;1小时,未知,未知,未知,未知,未知,未知,未知,未知,未知,未登记,无,config/数据/来源身份声明补采.json#身份声明[],a2b503bee22e558d2a12983346f4c7750b97234e9839b5dd9f80db0bd3e4c3b1,117aa34fd7e4061134b2f25dd7f0a2b0d1efa63bd4819c4778a897f004e66d14,未知,未知,b3a1fc5ec72ad95e258b584f936ad46befab951e0ee9e43eaa18179e34974387,无法判定,DATABASE_METADATA_IDENTITY_UNPROVEN,本批次只读；若声明、输入、Schema或授权漂移，既有结论自动失效并须追加新批次,未读取业务正文、价格、成交、订单簿、账户或凭据；身份字段不完整,为该成员提供当前版本九字段声明及逐字段Schema、授权和唯一证据定位后追加不可变批次,2d50c1344a835ceeb832796935182aeff80bb03cecc5465c8cf3aaccbd446acd,86129966e4bc55fac18f2d7602a2309d4403f85861102128a56a80a5a0ccc1ea,2ffcc57aff208390d0a1441ca5ee5d290f85067d5e2c61c9de4ae5cb60d530d9
source-identity-declaration-20260808T051455+0800-c59753ae5b8f,ZI-a3518b5c91cfcb0ddebabc49,DS-000240,数据库元数据,BTC,4小时;8小时;24小时;48小时,15分钟;1小时,未知,未知,未知,未知,未知,未知,未知,未知,未知,未登记,无,config/数据/来源身份声明补采.json#身份声明[],a2b503bee22e558d2a12983346f4c7750b97234e9839b5dd9f80db0bd3e4c3b1,a9f656490ddb8a2c0687c98bf185161c1ff4e8545620daade42c31f3b709cd45,未知,未知,b3a1fc5ec72ad95e258b584f936ad46befab951e0ee9e43eaa18179e34974387,无法判定,DATABASE_METADATA_IDENTITY_UNPROVEN,本批次只读；若声明、输入、Schema或授权漂移，既有结论自动失效并须追加新批次,未读取业务正文、价格、成交、订单簿、账户或凭据；身份字段不完整,为该成员提供当前版本九字段声明及逐字段Schema、授权和唯一证据定位后追加不可变批次,2d50c1344a835ceeb832796935182aeff80bb03cecc5465c8cf3aaccbd446acd,86129966e4bc55fac18f2d7602a2309d4403f85861102128a56a80a5a0ccc1ea,127b3b7dfcafd141b1557738b90e909ea7021e1249ddefe6a6789b02f5efce7e
source-identity-declaration-20260808T051455+0800-c59753ae5b8f,ZI-2d19f035d654c628059e34b8,DS-000241,数据库元数据,BTC,4小时;8小时;24小时;48小时,15分钟;1小时,未知,未知,未知,未知,未知,未知,未知,未知,未知,未登记,无,config/数据/来源身份声明补采.json#身份声明[],a2b503bee22e558d2a12983346f4c7750b97234e9839b5dd9f80db0bd3e4c3b1,a3b0dc868567565fbc694d34c2bfbe290d8bce78d7aa8020914d094b03202ca2,未知,未知,b3a1fc5ec72ad95e258b584f936ad46befab951e0ee9e43eaa18179e34974387,无法判定,DATABASE_METADATA_IDENTITY_UNPROVEN,本批次只读；若声明、输入、Schema或授权漂移，既有结论自动失效并须追加新批次,未读取业务正文、价格、成交、订单簿、账户或凭据；身份字段不完整,为该成员提供当前版本九字段声明及逐字段Schema、授权和唯一证据定位后追加不可变批次,2d50c1344a835ceeb832796935182aeff80bb03cecc5465c8cf3aaccbd446acd,86129966e4bc55fac18f2d7602a2309d4403f85861102128a56a80a5a0ccc1ea,dc1f237fd1f2f99084ee118886581901ba57ecfd40ad268e9dd73e60028a90bc
source-identity-declaration-20260808T051455+0800-c59753ae5b8f,ZI-2aacde99b3989717dca21e4a,DS-000242,数据库元数据,BTC,4小时;8小时;24小时;48小时,15分钟;1小时,未知,未知,未知,未知,未知,未知,未知,未知,未知,未登记,无,config/数据/来源身份声明补采.json#身份声明[],a2b503bee22e558d2a12983346f4c7750b97234e9839b5dd9f80db0bd3e4c3b1,f06d1d1e6c27a45590fca5ee63f74b8db5c230132951c25768af2fdb002dade8,未知,未知,b3a1fc5ec72ad95e258b584f936ad46befab951e0ee9e43eaa18179e34974387,无法判定,DATABASE_METADATA_IDENTITY_UNPROVEN,本批次只读；若声明、输入、Schema或授权漂移，既有结论自动失效并须追加新批次,未读取业务正文、价格、成交、订单簿、账户或凭据；身份字段不完整,为该成员提供当前版本九字段声明及逐字段Schema、授权和唯一证据定位后追加不可变批次,2d50c1344a835ceeb832796935182aeff80bb03cecc5465c8cf3aaccbd446acd,86129966e4bc55fac18f2d7602a2309d4403f85861102128a56a80a5a0ccc1ea,8322a629a9e3a2e3c0b9426d396a023a43f09d0fb4601e28388e3ea2e88ac87b
source-identity-declaration-20260808T051455+0800-c59753ae5b8f,ZI-ec7ec383b739a0789e262abf,DS-000243,数据库元数据,BTC,4小时;8小时;24小时;48小时,15分钟;1小时,未知,未知,未知,未知,未知,未知,未知,未知,未知,未登记,无,config/数据/来源身份声明补采.json#身份声明[],a2b503bee22e558d2a12983346f4c7750b97234e9839b5dd9f80db0bd3e4c3b1,8f2d433fc50cdb27ebcc8696c2f8aae7aee08cdc738e7e73e2445894e0b6429e,未知,未知,b3a1fc5ec72ad95e258b584f936ad46befab951e0ee9e43eaa18179e34974387,无法判定,DATABASE_METADATA_IDENTITY_UNPROVEN,本批次只读；若声明、输入、Schema或授权漂移，既有结论自动失效并须追加新批次,未读取业务正文、价格、成交、订单簿、账户或凭据；身份字段不完整,为该成员提供当前版本九字段声明及逐字段Schema、授权和唯一证据定位后追加不可变批次,2d50c1344a835ceeb832796935182aeff80bb03cecc5465c8cf3aaccbd446acd,86129966e4bc55fac18f2d7602a2309d4403f85861102128a56a80a5a0ccc1ea,e8c293cb7fb99ab10229e4c120825df8cc83f3dc559d6f36f65cf085acbfcaf2
source-identity-declaration-20260808T051455+0800-c59753ae5b8f,ZI-a141d598481257020e4c6917,DS-000244,数据库元数据,BTC,4小时;8小时;24小时;48小时,15分钟;1小时,未知,未知,未知,未知,未知,未知,未知,未知,未知,未登记,无,config/数据/来源身份声明补采.json#身份声明[],a2b503bee22e558d2a12983346f4c7750b97234e9839b5dd9f80db0bd3e4c3b1,d9ccf842fc989b8040673df44f01abefc569defc18f83e6d9c5d50fe594be145,未知,未知,b3a1fc5ec72ad95e258b584f936ad46befab951e0ee9e43eaa18179e34974387,无法判定,DATABASE_METADATA_IDENTITY_UNPROVEN,本批次只读；若声明、输入、Schema或授权漂移，既有结论自动失效并须追加新批次,未读取业务正文、价格、成交、订单簿、账户或凭据；身份字段不完整,为该成员提供当前版本九字段声明及逐字段Schema、授权和唯一证据定位后追加不可变批次,2d50c1344a835ceeb832796935182aeff80bb03cecc5465c8cf3aaccbd446acd,86129966e4bc55fac18f2d7602a2309d4403f85861102128a56a80a5a0ccc1ea,f716c6ff1b721e1f372bbc90355934ead0448ff913ef33cee651d8d67f5ead02
source-identity-declaration-20260808T051455+0800-c59753ae5b8f,ZI-0a136a28fb73960969c8e5ab,DS-000245,数据库元数据,BTC,4小时;8小时;24小时;48小时,15分钟;1小时,未知,未知,未知,未知,未知,未知,未知,未知,未知,未登记,无,config/数据/来源身份声明补采.json#身份声明[],a2b503bee22e558d2a12983346f4c7750b97234e9839b5dd9f80db0bd3e4c3b1,4a802128b530c664d2cce4467dc90608e80c54df2148a9807f2f73c198908494,未知,未知,b3a1fc5ec72ad95e258b584f936ad46befab951e0ee9e43eaa18179e34974387,无法判定,DATABASE_METADATA_IDENTITY_UNPROVEN,本批次只读；若声明、输入、Schema或授权漂移，既有结论自动失效并须追加新批次,未读取业务正文、价格、成交、订单簿、账户或凭据；身份字段不完整,为该成员提供当前版本九字段声明及逐字段Schema、授权和唯一证据定位后追加不可变批次,2d50c1344a835ceeb832796935182aeff80bb03cecc5465c8cf3aaccbd446acd,86129966e4bc55fac18f2d7602a2309d4403f85861102128a56a80a5a0ccc1ea,d8e1868178441d52fe7a5393e539229b32cc502259ac635f32fa8fba123d5502
source-identity-declaration-20260808T051455+0800-c59753ae5b8f,ZI-58ac48c83dce3eff098110c3,DS-000246,数据库元数据,BTC,4小时;8小时;24小时;48小时,15分钟;1小时,未知,未知,未知,未知,未知,未知,未知,未知,未知,未登记,无,config/数据/来源身份声明补采.json#身份声明[],a2b503bee22e558d2a12983346f4c7750b97234e9839b5dd9f80db0bd3e4c3b1,7d64dde1f25c3737f64198c66faf0e6ab439a60473cdaa8f3b366cc1220a7b34,未知,未知,b3a1fc5ec72ad95e258b584f936ad46befab951e0ee9e43eaa18179e34974387,无法判定,DATABASE_METADATA_IDENTITY_UNPROVEN,本批次只读；若声明、输入、Schema或授权漂移，既有结论自动失效并须追加新批次,未读取业务正文、价格、成交、订单簿、账户或凭据；身份字段不完整,为该成员提供当前版本九字段声明及逐字段Schema、授权和唯一证据定位后追加不可变批次,2d50c1344a835ceeb832796935182aeff80bb03cecc5465c8cf3aaccbd446acd,86129966e4bc55fac18f2d7602a2309d4403f85861102128a56a80a5a0ccc1ea,b2c445714e38a6993ed44532bc7d7dac77257d84563af9c77d42dad32d8d10ca
source-identity-declaration-20260808T051455+0800-c59753ae5b8f,ZI-6e29ccb46c945b51b7439ea2,DS-000247,数据库元数据,BTC,4小时;8小时;24小时;48小时,15分钟;1小时,未知,未知,未知,未知,未知,未知,未知,未知,未知,未登记,无,config/数据/来源身份声明补采.json#身份声明[],a2b503bee22e558d2a12983346f4c7750b97234e9839b5dd9f80db0bd3e4c3b1,87e80f8fb7aa338d10f9ea15efd48b34ebc42084728e9ba9869fa6a7eb4ca114,未知,未知,b3a1fc5ec72ad95e258b584f936ad46befab951e0ee9e43eaa18179e34974387,无法判定,DATABASE_METADATA_IDENTITY_UNPROVEN,本批次只读；若声明、输入、Schema或授权漂移，既有结论自动失效并须追加新批次,未读取业务正文、价格、成交、订单簿、账户或凭据；身份字段不完整,为该成员提供当前版本九字段声明及逐字段Schema、授权和唯一证据定位后追加不可变批次,2d50c1344a835ceeb832796935182aeff80bb03cecc5465c8cf3aaccbd446acd,86129966e4bc55fac18f2d7602a2309d4403f85861102128a56a80a5a0ccc1ea,b49f0c5f7c332b476d2bad3671118d3fc4fa2b071da1afed2dc7e274edb842f8
source-identity-declaration-20260808T051455+0800-c59753ae5b8f,ZI-380bca61b30402d70b587e35,DS-000248,数据库元数据,BTC,4小时;8小时;24小时;48小时,15分钟;1小时,未知,未知,未知,未知,未知,未知,未知,未知,未知,未登记,无,config/数据/来源身份声明补采.json#身份声明[],a2b503bee22e558d2a12983346f4c7750b97234e9839b5dd9f80db0bd3e4c3b1,65611c0f1bf5e4f18dfc700ed64ff077d3d9c24f54cb2862a98fe7bafda25358,未知,未知,b3a1fc5ec72ad95e258b584f936ad46befab951e0ee9e43eaa18179e34974387,无法判定,DATABASE_METADATA_IDENTITY_UNPROVEN,本批次只读；若声明、输入、Schema或授权漂移，既有结论自动失效并须追加新批次,未读取业务正文、价格、成交、订单簿、账户或凭据；身份字段不完整,为该成员提供当前版本九字段声明及逐字段Schema、授权和唯一证据定位后追加不可变批次,2d50c1344a835ceeb832796935182aeff80bb03cecc5465c8cf3aaccbd446acd,86129966e4bc55fac18f2d7602a2309d4403f85861102128a56a80a5a0ccc1ea,23b4d3dc9cf2e5a57372f03a4612632a41baccda8ce0c33dfd7730c22de89e94
source-identity-declaration-20260808T051455+0800-c59753ae5b8f,ZI-22c7bc4bbe06ea5b6678e8ed,DS-000249,数据库元数据,BTC,4小时;8小时;24小时;48小时,15分钟;1小时,未知,未知,未知,未知,未知,未知,未知,未知,未知,未登记,无,config/数据/来源身份声明补采.json#身份声明[],a2b503bee22e558d2a12983346f4c7750b97234e9839b5dd9f80db0bd3e4c3b1,aca809161e20675328dc217edad64dd8dba9342aab44d915bd0e824c22863f5e,未知,未知,b3a1fc5ec72ad95e258b584f936ad46befab951e0ee9e43eaa18179e34974387,无法判定,DATABASE_METADATA_IDENTITY_UNPROVEN,本批次只读；若声明、输入、Schema或授权漂移，既有结论自动失效并须追加新批次,未读取业务正文、价格、成交、订单簿、账户或凭据；身份字段不完整,为该成员提供当前版本九字段声明及逐字段Schema、授权和唯一证据定位后追加不可变批次,2d50c1344a835ceeb832796935182aeff80bb03cecc5465c8cf3aaccbd446acd,86129966e4bc55fac18f2d7602a2309d4403f85861102128a56a80a5a0ccc1ea,2b8e9b012ee89cb051ba183ba7f90fbc3fd6f5c3efff1583dc059e7b36bca709
source-identity-declaration-20260808T051455+0800-c59753ae5b8f,ZI-8c2a4928629aa827cfab0bbe,DS-000250,数据库元数据,BTC,4小时;8小时;24小时;48小时,15分钟;1小时,未知,未知,未知,未知,未知,未知,未知,未知,未知,未登记,无,config/数据/来源身份声明补采.json#身份声明[],a2b503bee22e558d2a12983346f4c7750b97234e9839b5dd9f80db0bd3e4c3b1,ecb0dcb61e3f9dae7d3cae5c9d7891232f850e3a93e93c3a61f67948dbb25d6e,未知,未知,b3a1fc5ec72ad95e258b584f936ad46befab951e0ee9e43eaa18179e34974387,无法判定,DATABASE_METADATA_IDENTITY_UNPROVEN,本批次只读；若声明、输入、Schema或授权漂移，既有结论自动失效并须追加新批次,未读取业务正文、价格、成交、订单簿、账户或凭据；身份字段不完整,为该成员提供当前版本九字段声明及逐字段Schema、授权和唯一证据定位后追加不可变批次,2d50c1344a835ceeb832796935182aeff80bb03cecc5465c8cf3aaccbd446acd,86129966e4bc55fac18f2d7602a2309d4403f85861102128a56a80a5a0ccc1ea,39387b90f81a5a429ebb31f6a6407a0ef377c1a22177451677ee7cfe96cf3144
source-identity-declaration-20260808T051455+0800-c59753ae5b8f,ZI-5102df4ca999fece2c974d9f,DS-000251,数据库元数据,BTC,4小时;8小时;24小时;48小时,15分钟;1小时,未知,未知,未知,未知,未知,未知,未知,未知,未知,未登记,无,config/数据/来源身份声明补采.json#身份声明[],a2b503bee22e558d2a12983346f4c7750b97234e9839b5dd9f80db0bd3e4c3b1,b816107fcd9458244e66909d10efec6cd8e2accda1bfe58a8fbf9a0669c0dd53,未知,未知,b3a1fc5ec72ad95e258b584f936ad46befab951e0ee9e43eaa18179e34974387,无法判定,DATABASE_METADATA_IDENTITY_UNPROVEN,本批次只读；若声明、输入、Schema或授权漂移，既有结论自动失效并须追加新批次,未读取业务正文、价格、成交、订单簿、账户或凭据；身份字段不完整,为该成员提供当前版本九字段声明及逐字段Schema、授权和唯一证据定位后追加不可变批次,2d50c1344a835ceeb832796935182aeff80bb03cecc5465c8cf3aaccbd446acd,86129966e4bc55fac18f2d7602a2309d4403f85861102128a56a80a5a0ccc1ea,dbe32da1e2786a89fc2791b396c38c3d49ced5281c4fb558bed3fbe9478f1644
source-identity-declaration-20260808T051455+0800-c59753ae5b8f,ZI-0c93b208498bfc5ca89f17bd,DS-000252,数据库元数据,BTC,4小时;8小时;24小时;48小时,15分钟;1小时,未知,未知,未知,未知,未知,未知,未知,未知,未知,未登记,无,config/数据/来源身份声明补采.json#身份声明[],a2b503bee22e558d2a12983346f4c7750b97234e9839b5dd9f80db0bd3e4c3b1,98ba0e71e4eea4203f58a3df83e1469c57532861305d2639da67bd3bb490d481,未知,未知,b3a1fc5ec72ad95e258b584f936ad46befab951e0ee9e43eaa18179e34974387,无法判定,DATABASE_METADATA_IDENTITY_UNPROVEN,本批次只读；若声明、输入、Schema或授权漂移，既有结论自动失效并须追加新批次,未读取业务正文、价格、成交、订单簿、账户或凭据；身份字段不完整,为该成员提供当前版本九字段声明及逐字段Schema、授权和唯一证据定位后追加不可变批次,2d50c1344a835ceeb832796935182aeff80bb03cecc5465c8cf3aaccbd446acd,86129966e4bc55fac18f2d7602a2309d4403f85861102128a56a80a5a0ccc1ea,59ab3fec3891b4a48c7b9906cf9c729c1688637cfe7cca13b083af287a27327c
source-identity-declaration-20260808T051455+0800-c59753ae5b8f,ZI-a22bc6b5465780acab6f4202,DS-000253,数据库元数据,BTC,4小时;8小时;24小时;48小时,15分钟;1小时,未知,未知,未知,未知,未知,未知,未知,未知,未知,未登记,无,config/数据/来源身份声明补采.json#身份声明[],a2b503bee22e558d2a12983346f4c7750b97234e9839b5dd9f80db0bd3e4c3b1,6218f5ae411a9a1c1d8031e34c1091dea2dc3f9d8700a756d1665b4011c480c1,未知,未知,b3a1fc5ec72ad95e258b584f936ad46befab951e0ee9e43eaa18179e34974387,无法判定,DATABASE_METADATA_IDENTITY_UNPROVEN,本批次只读；若声明、输入、Schema或授权漂移，既有结论自动失效并须追加新批次,未读取业务正文、价格、成交、订单簿、账户或凭据；身份字段不完整,为该成员提供当前版本九字段声明及逐字段Schema、授权和唯一证据定位后追加不可变批次,2d50c1344a835ceeb832796935182aeff80bb03cecc5465c8cf3aaccbd446acd,86129966e4bc55fac18f2d7602a2309d4403f85861102128a56a80a5a0ccc1ea,f2962e9ee8e837c4615bb39a201fb102df260c80f03ddea640f1beaf81fe1a07
source-identity-declaration-20260808T051455+0800-c59753ae5b8f,ZI-85c1a57db43cc467bba8305c,DS-000254,数据库元数据,BTC,4小时;8小时;24小时;48小时,15分钟;1小时,未知,未知,未知,未知,未知,未知,未知,未知,未知,未登记,无,config/数据/来源身份声明补采.json#身份声明[],a2b503bee22e558d2a12983346f4c7750b97234e9839b5dd9f80db0bd3e4c3b1,8fb55f44c4dc05cd2f2f0afb77a649faa69a0513e90690925d91bf432e4f30ff,未知,未知,b3a1fc5ec72ad95e258b584f936ad46befab951e0ee9e43eaa18179e34974387,无法判定,DATABASE_METADATA_IDENTITY_UNPROVEN,本批次只读；若声明、输入、Schema或授权漂移，既有结论自动失效并须追加新批次,未读取业务正文、价格、成交、订单簿、账户或凭据；身份字段不完整,为该成员提供当前版本九字段声明及逐字段Schema、授权和唯一证据定位后追加不可变批次,2d50c1344a835ceeb832796935182aeff80bb03cecc5465c8cf3aaccbd446acd,86129966e4bc55fac18f2d7602a2309d4403f85861102128a56a80a5a0ccc1ea,23b9fa99ecc8478e39aa01f364ea15752c7d3b35d6f6e5adf8bf57d5c2dd0753
source-identity-declaration-20260808T051455+0800-c59753ae5b8f,ZI-73b33d25621fcec938082f43,DS-000255,数据库元数据,BTC,4小时;8小时;24小时;48小时,15分钟;1小时,未知,未知,未知,未知,未知,未知,未知,未知,未知,未登记,无,config/数据/来源身份声明补采.json#身份声明[],a2b503bee22e558d2a12983346f4c7750b97234e9839b5dd9f80db0bd3e4c3b1,97c901f301044a2160dd66a1a1f59d8d5958ae46cc18f7590c0234c39322f194,未知,未知,b3a1fc5ec72ad95e258b584f936ad46befab951e0ee9e43eaa18179e34974387,无法判定,DATABASE_METADATA_IDENTITY_UNPROVEN,本批次只读；若声明、输入、Schema或授权漂移，既有结论自动失效并须追加新批次,未读取业务正文、价格、成交、订单簿、账户或凭据；身份字段不完整,为该成员提供当前版本九字段声明及逐字段Schema、授权和唯一证据定位后追加不可变批次,2d50c1344a835ceeb832796935182aeff80bb03cecc5465c8cf3aaccbd446acd,86129966e4bc55fac18f2d7602a2309d4403f85861102128a56a80a5a0ccc1ea,baadc994ec07db8bd556a05ec3774c5b3c8a64057aa66ff0e906ac43fa6f091c
source-identity-declaration-20260808T051455+0800-c59753ae5b8f,ZI-efd31016c93ebe09d210630e,DS-000256,数据库元数据,BTC,4小时;8小时;24小时;48小时,15分钟;1小时,未知,未知,未知,未知,未知,未知,未知,未知,未知,未登记,无,config/数据/来源身份声明补采.json#身份声明[],a2b503bee22e558d2a12983346f4c7750b97234e9839b5dd9f80db0bd3e4c3b1,72946cce48d978d6b90942bd0f99bd012a999fc767a59eaeb63b097815d707a9,未知,未知,b3a1fc5ec72ad95e258b584f936ad46befab951e0ee9e43eaa18179e34974387,无法判定,DATABASE_METADATA_IDENTITY_UNPROVEN,本批次只读；若声明、输入、Schema或授权漂移，既有结论自动失效并须追加新批次,未读取业务正文、价格、成交、订单簿、账户或凭据；身份字段不完整,为该成员提供当前版本九字段声明及逐字段Schema、授权和唯一证据定位后追加不可变批次,2d50c1344a835ceeb832796935182aeff80bb03cecc5465c8cf3aaccbd446acd,86129966e4bc55fac18f2d7602a2309d4403f85861102128a56a80a5a0ccc1ea,cb86425c1a55c9a31005dcc4b49a1ecbbf9d77a117405e77165e60ee04633d1d
source-identity-declaration-20260808T051455+0800-c59753ae5b8f,ZI-953e551841d548cda858ff70,DS-000257,数据库元数据,BTC,4小时;8小时;24小时;48小时,15分钟;1小时,未知,未知,未知,未知,未知,未知,未知,未知,未知,未登记,无,config/数据/来源身份声明补采.json#身份声明[],a2b503bee22e558d2a12983346f4c7750b97234e9839b5dd9f80db0bd3e4c3b1,e9a1adbad68c8e4f0b3f88a4c1d5f5e59207297fe7eb4ea9a6f3e91690974ffb,未知,未知,b3a1fc5ec72ad95e258b584f936ad46befab951e0ee9e43eaa18179e34974387,无法判定,DATABASE_METADATA_IDENTITY_UNPROVEN,本批次只读；若声明、输入、Schema或授权漂移，既有结论自动失效并须追加新批次,未读取业务正文、价格、成交、订单簿、账户或凭据；身份字段不完整,为该成员提供当前版本九字段声明及逐字段Schema、授权和唯一证据定位后追加不可变批次,2d50c1344a835ceeb832796935182aeff80bb03cecc5465c8cf3aaccbd446acd,86129966e4bc55fac18f2d7602a2309d4403f85861102128a56a80a5a0ccc1ea,d0a2715bcc46a2a985b4bb498ebc1b57d873d03f24722a4cfd8a41faf561d036
source-identity-declaration-20260808T051455+0800-c59753ae5b8f,ZI-d37f2efffb57d6f5ffb06d2d,DS-000258,数据库元数据,BTC,4小时;8小时;24小时;48小时,15分钟;1小时,未知,未知,未知,未知,未知,未知,未知,未知,未知,未登记,无,config/数据/来源身份声明补采.json#身份声明[],a2b503bee22e558d2a12983346f4c7750b97234e9839b5dd9f80db0bd3e4c3b1,05dc2fcb434d0937800d8432001eafe73e3969f23c72e4e6dccfa8d10a464e89,未知,未知,b3a1fc5ec72ad95e258b584f936ad46befab951e0ee9e43eaa18179e34974387,无法判定,DATABASE_METADATA_IDENTITY_UNPROVEN,本批次只读；若声明、输入、Schema或授权漂移，既有结论自动失效并须追加新批次,未读取业务正文、价格、成交、订单簿、账户或凭据；身份字段不完整,为该成员提供当前版本九字段声明及逐字段Schema、授权和唯一证据定位后追加不可变批次,2d50c1344a835ceeb832796935182aeff80bb03cecc5465c8cf3aaccbd446acd,86129966e4bc55fac18f2d7602a2309d4403f85861102128a56a80a5a0ccc1ea,442195ac9bb08f89479a80547200b05707bbe82368946b435b0dea99c9e52f5f
source-identity-declaration-20260808T051455+0800-c59753ae5b8f,ZI-28bd91890e197979dbe3d557,DS-000259,数据库元数据,BTC,4小时;8小时;24小时;48小时,15分钟;1小时,未知,未知,未知,未知,未知,未知,未知,未知,未知,未登记,无,config/数据/来源身份声明补采.json#身份声明[],a2b503bee22e558d2a12983346f4c7750b97234e9839b5dd9f80db0bd3e4c3b1,1cd773853ef33cb8f6d7c1280729bf82e0b795d62cb20a76d636135bcdf110fc,未知,未知,b3a1fc5ec72ad95e258b584f936ad46befab951e0ee9e43eaa18179e34974387,无法判定,DATABASE_METADATA_IDENTITY_UNPROVEN,本批次只读；若声明、输入、Schema或授权漂移，既有结论自动失效并须追加新批次,未读取业务正文、价格、成交、订单簿、账户或凭据；身份字段不完整,为该成员提供当前版本九字段声明及逐字段Schema、授权和唯一证据定位后追加不可变批次,2d50c1344a835ceeb832796935182aeff80bb03cecc5465c8cf3aaccbd446acd,86129966e4bc55fac18f2d7602a2309d4403f85861102128a56a80a5a0ccc1ea,6bd86dc48d1cf4dbc31dfa458a9998da10ea8beed75215738fb440b78320674f
source-identity-declaration-20260808T051455+0800-c59753ae5b8f,ZI-8adfeb2ba520a08a1239da21,DS-000260,数据库元数据,BTC,4小时;8小时;24小时;48小时,15分钟;1小时,未知,未知,未知,未知,未知,未知,未知,未知,未知,未登记,无,config/数据/来源身份声明补采.json#身份声明[],a2b503bee22e558d2a12983346f4c7750b97234e9839b5dd9f80db0bd3e4c3b1,401f3e557d030bd2429821a0c387907103f5a6996eed7ad975e0b5013f0313e6,未知,未知,b3a1fc5ec72ad95e258b584f936ad46befab951e0ee9e43eaa18179e34974387,无法判定,DATABASE_METADATA_IDENTITY_UNPROVEN,本批次只读；若声明、输入、Schema或授权漂移，既有结论自动失效并须追加新批次,未读取业务正文、价格、成交、订单簿、账户或凭据；身份字段不完整,为该成员提供当前版本九字段声明及逐字段Schema、授权和唯一证据定位后追加不可变批次,2d50c1344a835ceeb832796935182aeff80bb03cecc5465c8cf3aaccbd446acd,86129966e4bc55fac18f2d7602a2309d4403f85861102128a56a80a5a0ccc1ea,4c90301df45f070b46743325f588980abe3748d9068f89fd5ec4818842e31a5d
source-identity-declaration-20260808T051455+0800-c59753ae5b8f,ZI-4d56ade81bc7c6b89f3f4919,DS-000261,数据库元数据,BTC,4小时;8小时;24小时;48小时,15分钟;1小时,未知,未知,未知,未知,未知,未知,未知,未知,未知,未登记,无,config/数据/来源身份声明补采.json#身份声明[],a2b503bee22e558d2a12983346f4c7750b97234e9839b5dd9f80db0bd3e4c3b1,a9f85bb1dc0b933fe331584b1457e01f02ef7ff90e431451c038e26336977746,未知,未知,b3a1fc5ec72ad95e258b584f936ad46befab951e0ee9e43eaa18179e34974387,无法判定,DATABASE_METADATA_IDENTITY_UNPROVEN,本批次只读；若声明、输入、Schema或授权漂移，既有结论自动失效并须追加新批次,未读取业务正文、价格、成交、订单簿、账户或凭据；身份字段不完整,为该成员提供当前版本九字段声明及逐字段Schema、授权和唯一证据定位后追加不可变批次,2d50c1344a835ceeb832796935182aeff80bb03cecc5465c8cf3aaccbd446acd,86129966e4bc55fac18f2d7602a2309d4403f85861102128a56a80a5a0ccc1ea,af1b04bea228859a998d3c92a95efe9884d1b5337899c53178c77c2d341c9adc
source-identity-declaration-20260808T051455+0800-c59753ae5b8f,ZI-2575b474caa6b55a94f14d0a,DS-000262,数据库元数据,BTC,4小时;8小时;24小时;48小时,15分钟;1小时,未知,未知,未知,未知,未知,未知,未知,未知,未知,未登记,无,config/数据/来源身份声明补采.json#身份声明[],a2b503bee22e558d2a12983346f4c7750b97234e9839b5dd9f80db0bd3e4c3b1,b8a6749e0560113c220e491aa3837fbbc46a199eea8b154ba402234b3fe136c3,未知,未知,b3a1fc5ec72ad95e258b584f936ad46befab951e0ee9e43eaa18179e34974387,无法判定,DATABASE_METADATA_IDENTITY_UNPROVEN,本批次只读；若声明、输入、Schema或授权漂移，既有结论自动失效并须追加新批次,未读取业务正文、价格、成交、订单簿、账户或凭据；身份字段不完整,为该成员提供当前版本九字段声明及逐字段Schema、授权和唯一证据定位后追加不可变批次,2d50c1344a835ceeb832796935182aeff80bb03cecc5465c8cf3aaccbd446acd,86129966e4bc55fac18f2d7602a2309d4403f85861102128a56a80a5a0ccc1ea,2727adb63902aeefeb99b35de15f07a6640d964538eb15c7d80095dbca730418
source-identity-declaration-20260808T051455+0800-c59753ae5b8f,ZI-3a9cc5175040973510b7a981,DS-000263,数据库元数据,BTC,4小时;8小时;24小时;48小时,15分钟;1小时,未知,未知,未知,未知,未知,未知,未知,未知,未知,未登记,无,config/数据/来源身份声明补采.json#身份声明[],a2b503bee22e558d2a12983346f4c7750b97234e9839b5dd9f80db0bd3e4c3b1,88da7335bdb9dec72ed997ca4fa5e1dfa14b14965380d3de3b4d82bafa7ba8e6,未知,未知,b3a1fc5ec72ad95e258b584f936ad46befab951e0ee9e43eaa18179e34974387,无法判定,DATABASE_METADATA_IDENTITY_UNPROVEN,本批次只读；若声明、输入、Schema或授权漂移，既有结论自动失效并须追加新批次,未读取业务正文、价格、成交、订单簿、账户或凭据；身份字段不完整,为该成员提供当前版本九字段声明及逐字段Schema、授权和唯一证据定位后追加不可变批次,2d50c1344a835ceeb832796935182aeff80bb03cecc5465c8cf3aaccbd446acd,86129966e4bc55fac18f2d7602a2309d4403f85861102128a56a80a5a0ccc1ea,0214f3a94ff7a632c80d97751c38f136b8ce9de3a2e43c2582913a6300fdb50a
source-identity-declaration-20260808T051455+0800-c59753ae5b8f,ZI-7a7a75b0b1cbfcb9417167f5,DS-000264,数据库元数据,BTC,4小时;8小时;24小时;48小时,15分钟;1小时,未知,未知,未知,未知,未知,未知,未知,未知,未知,未登记,无,config/数据/来源身份声明补采.json#身份声明[],a2b503bee22e558d2a12983346f4c7750b97234e9839b5dd9f80db0bd3e4c3b1,474ef8452df7b494b2e90829b34983df559699b8d2cf94b36731bfcedb517544,未知,未知,b3a1fc5ec72ad95e258b584f936ad46befab951e0ee9e43eaa18179e34974387,无法判定,DATABASE_METADATA_IDENTITY_UNPROVEN,本批次只读；若声明、输入、Schema或授权漂移，既有结论自动失效并须追加新批次,未读取业务正文、价格、成交、订单簿、账户或凭据；身份字段不完整,为该成员提供当前版本九字段声明及逐字段Schema、授权和唯一证据定位后追加不可变批次,2d50c1344a835ceeb832796935182aeff80bb03cecc5465c8cf3aaccbd446acd,86129966e4bc55fac18f2d7602a2309d4403f85861102128a56a80a5a0ccc1ea,033f50a663ff2bcced163cc1734e026bca049ab88537e50b3c22db8e59dbb676
source-identity-declaration-20260808T051455+0800-c59753ae5b8f,ZI-03657fc4a6aca5c9bb15a181,DS-000265,数据库元数据,BTC,4小时;8小时;24小时;48小时,15分钟;1小时,未知,未知,未知,未知,未知,未知,未知,未知,未知,未登记,无,config/数据/来源身份声明补采.json#身份声明[],a2b503bee22e558d2a12983346f4c7750b97234e9839b5dd9f80db0bd3e4c3b1,5e24f63ab8f417987a50c39d32718c38ba94e1de57ac2745a718cc5ec794238a,未知,未知,b3a1fc5ec72ad95e258b584f936ad46befab951e0ee9e43eaa18179e34974387,无法判定,DATABASE_METADATA_IDENTITY_UNPROVEN,本批次只读；若声明、输入、Schema或授权漂移，既有结论自动失效并须追加新批次,未读取业务正文、价格、成交、订单簿、账户或凭据；身份字段不完整,为该成员提供当前版本九字段声明及逐字段Schema、授权和唯一证据定位后追加不可变批次,2d50c1344a835ceeb832796935182aeff80bb03cecc5465c8cf3aaccbd446acd,86129966e4bc55fac18f2d7602a2309d4403f85861102128a56a80a5a0ccc1ea,7b11622b0718279714b1bc454ebc20b481cf8c4ed4edc33e305ba254a0fbac73
source-identity-declaration-20260808T051455+0800-c59753ae5b8f,ZI-19c4ddf189f5c49d48d5eb86,DS-000266,数据库元数据,BTC,4小时;8小时;24小时;48小时,15分钟;1小时,未知,未知,未知,未知,未知,未知,未知,未知,未知,未登记,无,config/数据/来源身份声明补采.json#身份声明[],a2b503bee22e558d2a12983346f4c7750b97234e9839b5dd9f80db0bd3e4c3b1,9ec4dbfaf5336e4c4d9f5ce4ad4098db90b8baac6f44296a4b7aa43839353d19,未知,未知,b3a1fc5ec72ad95e258b584f936ad46befab951e0ee9e43eaa18179e34974387,无法判定,DATABASE_METADATA_IDENTITY_UNPROVEN,本批次只读；若声明、输入、Schema或授权漂移，既有结论自动失效并须追加新批次,未读取业务正文、价格、成交、订单簿、账户或凭据；身份字段不完整,为该成员提供当前版本九字段声明及逐字段Schema、授权和唯一证据定位后追加不可变批次,2d50c1344a835ceeb832796935182aeff80bb03cecc5465c8cf3aaccbd446acd,86129966e4bc55fac18f2d7602a2309d4403f85861102128a56a80a5a0ccc1ea,47c50aa7b652718846bccd02e951f43d623f9eb86f847b890bd160e7a550943e
source-identity-declaration-20260808T051455+0800-c59753ae5b8f,ZI-c1a07615c0e7fb104e27c6f8,DS-000267,数据库元数据,BTC,4小时;8小时;24小时;48小时,15分钟;1小时,未知,未知,未知,未知,未知,未知,未知,未知,未知,未登记,无,config/数据/来源身份声明补采.json#身份声明[],a2b503bee22e558d2a12983346f4c7750b97234e9839b5dd9f80db0bd3e4c3b1,e7f6d4ff14fbb9aee41d9c66f271b8ce269ce023dbdbbce5c6f48152b31da3ef,未知,未知,b3a1fc5ec72ad95e258b584f936ad46befab951e0ee9e43eaa18179e34974387,无法判定,DATABASE_METADATA_IDENTITY_UNPROVEN,本批次只读；若声明、输入、Schema或授权漂移，既有结论自动失效并须追加新批次,未读取业务正文、价格、成交、订单簿、账户或凭据；身份字段不完整,为该成员提供当前版本九字段声明及逐字段Schema、授权和唯一证据定位后追加不可变批次,2d50c1344a835ceeb832796935182aeff80bb03cecc5465c8cf3aaccbd446acd,86129966e4bc55fac18f2d7602a2309d4403f85861102128a56a80a5a0ccc1ea,f726880988aed758c8db6bb29418f40b01789ce5fc5d864c8d64d5ceaf930f5d
source-identity-declaration-20260808T051455+0800-c59753ae5b8f,ZI-efac29c1e378c8a730565981,DS-000268,数据库元数据,BTC,4小时;8小时;24小时;48小时,15分钟;1小时,未知,未知,未知,未知,未知,未知,未知,未知,未知,未登记,无,config/数据/来源身份声明补采.json#身份声明[],a2b503bee22e558d2a12983346f4c7750b97234e9839b5dd9f80db0bd3e4c3b1,4803e9627f705d300d20509eaf83377393d2e5744750aedc6e586f6548fca8cf,未知,未知,b3a1fc5ec72ad95e258b584f936ad46befab951e0ee9e43eaa18179e34974387,无法判定,DATABASE_METADATA_IDENTITY_UNPROVEN,本批次只读；若声明、输入、Schema或授权漂移，既有结论自动失效并须追加新批次,未读取业务正文、价格、成交、订单簿、账户或凭据；身份字段不完整,为该成员提供当前版本九字段声明及逐字段Schema、授权和唯一证据定位后追加不可变批次,2d50c1344a835ceeb832796935182aeff80bb03cecc5465c8cf3aaccbd446acd,86129966e4bc55fac18f2d7602a2309d4403f85861102128a56a80a5a0ccc1ea,3f86af14b187a523bb9388309c076740e826a579fad4b4f4e57b603b0f5600c2
source-identity-declaration-20260808T051455+0800-c59753ae5b8f,ZI-4fb67a12a52433fb048d937b,DS-000269,数据库元数据,BTC,4小时;8小时;24小时;48小时,15分钟;1小时,未知,未知,未知,未知,未知,未知,未知,未知,未知,未登记,无,config/数据/来源身份声明补采.json#身份声明[],a2b503bee22e558d2a12983346f4c7750b97234e9839b5dd9f80db0bd3e4c3b1,306e9d1ebd248b8aaea8e6db506482b6fb9679820c694bb23bc5d54912fe5e05,未知,未知,b3a1fc5ec72ad95e258b584f936ad46befab951e0ee9e43eaa18179e34974387,无法判定,DATABASE_METADATA_IDENTITY_UNPROVEN,本批次只读；若声明、输入、Schema或授权漂移，既有结论自动失效并须追加新批次,未读取业务正文、价格、成交、订单簿、账户或凭据；身份字段不完整,为该成员提供当前版本九字段声明及逐字段Schema、授权和唯一证据定位后追加不可变批次,2d50c1344a835ceeb832796935182aeff80bb03cecc5465c8cf3aaccbd446acd,86129966e4bc55fac18f2d7602a2309d4403f85861102128a56a80a5a0ccc1ea,b24d3b005afbbd628a09d682a2a034428c398cfc9ee1854f1c54380266557e73
source-identity-declaration-20260808T051455+0800-c59753ae5b8f,ZI-2f51fb90c462b515962a8a75,DS-000270,数据库元数据,BTC,4小时;8小时;24小时;48小时,15分钟;1小时,未知,未知,未知,未知,未知,未知,未知,未知,未知,未登记,无,config/数据/来源身份声明补采.json#身份声明[],a2b503bee22e558d2a12983346f4c7750b97234e9839b5dd9f80db0bd3e4c3b1,95f8505a488937ebddda6f0e9846dfdf89d1295922aaa46fa86f783e28904115,未知,未知,b3a1fc5ec72ad95e258b584f936ad46befab951e0ee9e43eaa18179e34974387,无法判定,DATABASE_METADATA_IDENTITY_UNPROVEN,本批次只读；若声明、输入、Schema或授权漂移，既有结论自动失效并须追加新批次,未读取业务正文、价格、成交、订单簿、账户或凭据；身份字段不完整,为该成员提供当前版本九字段声明及逐字段Schema、授权和唯一证据定位后追加不可变批次,2d50c1344a835ceeb832796935182aeff80bb03cecc5465c8cf3aaccbd446acd,86129966e4bc55fac18f2d7602a2309d4403f85861102128a56a80a5a0ccc1ea,5d66de57b3d6aa6e3033fbdcfeaf07ffda60f15a67b29f56bafb42d868bb9260
source-identity-declaration-20260808T051455+0800-c59753ae5b8f,ZI-3edb6b3e4170969b74673238,DS-000271,数据库元数据,BTC,4小时;8小时;24小时;48小时,15分钟;1小时,未知,未知,未知,未知,未知,未知,未知,未知,未知,未登记,无,config/数据/来源身份声明补采.json#身份声明[],a2b503bee22e558d2a12983346f4c7750b97234e9839b5dd9f80db0bd3e4c3b1,f604d30fca95af10cef6f2d1d42f0a77ca097a72e2a4892d7695ea06b814087e,未知,未知,b3a1fc5ec72ad95e258b584f936ad46befab951e0ee9e43eaa18179e34974387,无法判定,DATABASE_METADATA_IDENTITY_UNPROVEN,本批次只读；若声明、输入、Schema或授权漂移，既有结论自动失效并须追加新批次,未读取业务正文、价格、成交、订单簿、账户或凭据；身份字段不完整,为该成员提供当前版本九字段声明及逐字段Schema、授权和唯一证据定位后追加不可变批次,2d50c1344a835ceeb832796935182aeff80bb03cecc5465c8cf3aaccbd446acd,86129966e4bc55fac18f2d7602a2309d4403f85861102128a56a80a5a0ccc1ea,34be689445204c94e03ac43be2c7b1099a594d9bc14de02dd63b0c38a212e231
source-identity-declaration-20260808T051455+0800-c59753ae5b8f,ZI-9a7966ad0c01a9ec001f8d58,DS-000272,数据库元数据,BTC,4小时;8小时;24小时;48小时,15分钟;1小时,未知,未知,未知,未知,未知,未知,未知,未知,未知,未登记,无,config/数据/来源身份声明补采.json#身份声明[],a2b503bee22e558d2a12983346f4c7750b97234e9839b5dd9f80db0bd3e4c3b1,7790a7096a82194b8ce40632577b34f15029864f0d73ca67f2309a4a5771c546,未知,未知,b3a1fc5ec72ad95e258b584f936ad46befab951e0ee9e43eaa18179e34974387,无法判定,DATABASE_METADATA_IDENTITY_UNPROVEN,本批次只读；若声明、输入、Schema或授权漂移，既有结论自动失效并须追加新批次,未读取业务正文、价格、成交、订单簿、账户或凭据；身份字段不完整,为该成员提供当前版本九字段声明及逐字段Schema、授权和唯一证据定位后追加不可变批次,2d50c1344a835ceeb832796935182aeff80bb03cecc5465c8cf3aaccbd446acd,86129966e4bc55fac18f2d7602a2309d4403f85861102128a56a80a5a0ccc1ea,151ede5d2e9ca4c510478a88d8c3400ece7586f53a365a24b7746227b3fff9ba
source-identity-declaration-20260808T051455+0800-c59753ae5b8f,ZI-eb2c5c93c282316b61a4ff30,DS-000273,数据库元数据,BTC,4小时;8小时;24小时;48小时,15分钟;1小时,未知,未知,未知,未知,未知,未知,未知,未知,未知,未登记,无,config/数据/来源身份声明补采.json#身份声明[],a2b503bee22e558d2a12983346f4c7750b97234e9839b5dd9f80db0bd3e4c3b1,a644234938a03b68cc0be912f99fd12eecc36270251217d470225f7047a900e1,未知,未知,b3a1fc5ec72ad95e258b584f936ad46befab951e0ee9e43eaa18179e34974387,无法判定,DATABASE_METADATA_IDENTITY_UNPROVEN,本批次只读；若声明、输入、Schema或授权漂移，既有结论自动失效并须追加新批次,未读取业务正文、价格、成交、订单簿、账户或凭据；身份字段不完整,为该成员提供当前版本九字段声明及逐字段Schema、授权和唯一证据定位后追加不可变批次,2d50c1344a835ceeb832796935182aeff80bb03cecc5465c8cf3aaccbd446acd,86129966e4bc55fac18f2d7602a2309d4403f85861102128a56a80a5a0ccc1ea,075c8c7fd57d33a3f92209d095fffab8da5138f08ccd0f2a5508d570f1845e9e
source-identity-declaration-20260808T051455+0800-c59753ae5b8f,ZI-c005be10dde98908c70e6d5b,DS-000274,数据库元数据,BTC,4小时;8小时;24小时;48小时,15分钟;1小时,未知,未知,未知,未知,未知,未知,未知,未知,未知,未登记,无,config/数据/来源身份声明补采.json#身份声明[],a2b503bee22e558d2a12983346f4c7750b97234e9839b5dd9f80db0bd3e4c3b1,56318299b0d280227cabfa2f1672b2c87315c5e40fbfae0740be47ade1d1af81,未知,未知,b3a1fc5ec72ad95e258b584f936ad46befab951e0ee9e43eaa18179e34974387,无法判定,DATABASE_METADATA_IDENTITY_UNPROVEN,本批次只读；若声明、输入、Schema或授权漂移，既有结论自动失效并须追加新批次,未读取业务正文、价格、成交、订单簿、账户或凭据；身份字段不完整,为该成员提供当前版本九字段声明及逐字段Schema、授权和唯一证据定位后追加不可变批次,2d50c1344a835ceeb832796935182aeff80bb03cecc5465c8cf3aaccbd446acd,86129966e4bc55fac18f2d7602a2309d4403f85861102128a56a80a5a0ccc1ea,ae812b03093a93e5357c9961fcd811d1665d8cfdeba89a8f73c3bc6e9d5e17cb
source-identity-declaration-20260808T051455+0800-c59753ae5b8f,ZI-e764442e3e2fb3921a8a3d6c,DS-000275,数据库元数据,BTC,4小时;8小时;24小时;48小时,15分钟;1小时,未知,未知,未知,未知,未知,未知,未知,未知,未知,未登记,无,config/数据/来源身份声明补采.json#身份声明[],a2b503bee22e558d2a12983346f4c7750b97234e9839b5dd9f80db0bd3e4c3b1,73610ec234845390268c10b094aaa11475cbf536d943f9b58d68fb3b943ab020,未知,未知,b3a1fc5ec72ad95e258b584f936ad46befab951e0ee9e43eaa18179e34974387,无法判定,DATABASE_METADATA_IDENTITY_UNPROVEN,本批次只读；若声明、输入、Schema或授权漂移，既有结论自动失效并须追加新批次,未读取业务正文、价格、成交、订单簿、账户或凭据；身份字段不完整,为该成员提供当前版本九字段声明及逐字段Schema、授权和唯一证据定位后追加不可变批次,2d50c1344a835ceeb832796935182aeff80bb03cecc5465c8cf3aaccbd446acd,86129966e4bc55fac18f2d7602a2309d4403f85861102128a56a80a5a0ccc1ea,9ac7460d61bd18744b1f5061036695d3f1076c3689190a835ae2b4006b06a3a5
source-identity-declaration-20260808T051455+0800-c59753ae5b8f,ZI-5fede2bc330f560e5f877502,DS-000276,数据库元数据,BTC,4小时;8小时;24小时;48小时,15分钟;1小时,未知,未知,未知,未知,未知,未知,未知,未知,未知,未登记,无,config/数据/来源身份声明补采.json#身份声明[],a2b503bee22e558d2a12983346f4c7750b97234e9839b5dd9f80db0bd3e4c3b1,63d1274ea3fb1103b26995399caac6aa6b1ff7dc21c80113d3c7a5ee47a9c26b,未知,未知,b3a1fc5ec72ad95e258b584f936ad46befab951e0ee9e43eaa18179e34974387,无法判定,DATABASE_METADATA_IDENTITY_UNPROVEN,本批次只读；若声明、输入、Schema或授权漂移，既有结论自动失效并须追加新批次,未读取业务正文、价格、成交、订单簿、账户或凭据；身份字段不完整,为该成员提供当前版本九字段声明及逐字段Schema、授权和唯一证据定位后追加不可变批次,2d50c1344a835ceeb832796935182aeff80bb03cecc5465c8cf3aaccbd446acd,86129966e4bc55fac18f2d7602a2309d4403f85861102128a56a80a5a0ccc1ea,754c50075df88f5c6238918be6ca3189f978567b37dd67b3f43ae8bc3e6639f4
source-identity-declaration-20260808T051455+0800-c59753ae5b8f,ZI-502d6291fb7602ba575b4506,DS-000277,数据库元数据,BTC,4小时;8小时;24小时;48小时,15分钟;1小时,未知,未知,未知,未知,未知,未知,未知,未知,未知,未登记,无,config/数据/来源身份声明补采.json#身份声明[],a2b503bee22e558d2a12983346f4c7750b97234e9839b5dd9f80db0bd3e4c3b1,e503bb6f17a82b37b897771791caaa1e29e80668c0428f0681b923834b9065f5,未知,未知,b3a1fc5ec72ad95e258b584f936ad46befab951e0ee9e43eaa18179e34974387,无法判定,DATABASE_METADATA_IDENTITY_UNPROVEN,本批次只读；若声明、输入、Schema或授权漂移，既有结论自动失效并须追加新批次,未读取业务正文、价格、成交、订单簿、账户或凭据；身份字段不完整,为该成员提供当前版本九字段声明及逐字段Schema、授权和唯一证据定位后追加不可变批次,2d50c1344a835ceeb832796935182aeff80bb03cecc5465c8cf3aaccbd446acd,86129966e4bc55fac18f2d7602a2309d4403f85861102128a56a80a5a0ccc1ea,f3f210bf38dbc7b7f9711db0ee9e3df8875679023949d70054d5499ad2f6808b
source-identity-declaration-20260808T051455+0800-c59753ae5b8f,ZI-32008303cccdd6eb958789ce,DS-000278,数据库元数据,BTC,4小时;8小时;24小时;48小时,15分钟;1小时,未知,未知,未知,未知,未知,未知,未知,未知,未知,未登记,无,config/数据/来源身份声明补采.json#身份声明[],a2b503bee22e558d2a12983346f4c7750b97234e9839b5dd9f80db0bd3e4c3b1,fa4552653682a5a645abc7d003707a2b955e9f15d42bfe64289d2fb28e2a191b,未知,未知,b3a1fc5ec72ad95e258b584f936ad46befab951e0ee9e43eaa18179e34974387,无法判定,DATABASE_METADATA_IDENTITY_UNPROVEN,本批次只读；若声明、输入、Schema或授权漂移，既有结论自动失效并须追加新批次,未读取业务正文、价格、成交、订单簿、账户或凭据；身份字段不完整,为该成员提供当前版本九字段声明及逐字段Schema、授权和唯一证据定位后追加不可变批次,2d50c1344a835ceeb832796935182aeff80bb03cecc5465c8cf3aaccbd446acd,86129966e4bc55fac18f2d7602a2309d4403f85861102128a56a80a5a0ccc1ea,da7719683b61cdaf75f9350d5157c1f29ebe123e629634fff11dc56a151e0af0
source-identity-declaration-20260808T051455+0800-c59753ae5b8f,ZI-d901d9e5d0e680855139a4e7,DS-000279,数据库元数据,BTC,4小时;8小时;24小时;48小时,15分钟;1小时,未知,未知,未知,未知,未知,未知,未知,未知,未知,未登记,无,config/数据/来源身份声明补采.json#身份声明[],a2b503bee22e558d2a12983346f4c7750b97234e9839b5dd9f80db0bd3e4c3b1,2d111721e4691350f2689d5218c339e609ff789ab1ffd957cf1e86f6c2e28de6,未知,未知,b3a1fc5ec72ad95e258b584f936ad46befab951e0ee9e43eaa18179e34974387,无法判定,DATABASE_METADATA_IDENTITY_UNPROVEN,本批次只读；若声明、输入、Schema或授权漂移，既有结论自动失效并须追加新批次,未读取业务正文、价格、成交、订单簿、账户或凭据；身份字段不完整,为该成员提供当前版本九字段声明及逐字段Schema、授权和唯一证据定位后追加不可变批次,2d50c1344a835ceeb832796935182aeff80bb03cecc5465c8cf3aaccbd446acd,86129966e4bc55fac18f2d7602a2309d4403f85861102128a56a80a5a0ccc1ea,45c36d8b7a5120ed928afefaffab5eb36523a44430943fd82ebc068d19ef7eb4
source-identity-declaration-20260808T051455+0800-c59753ae5b8f,ZI-9310dae99e845f2c611ff84d,DS-000280,数据库元数据,BTC,4小时;8小时;24小时;48小时,15分钟;1小时,未知,未知,未知,未知,未知,未知,未知,未知,未知,未登记,无,config/数据/来源身份声明补采.json#身份声明[],a2b503bee22e558d2a12983346f4c7750b97234e9839b5dd9f80db0bd3e4c3b1,cac55077234265c74dafb73c9f43c185891c7807117d29f5189237391804df69,未知,未知,b3a1fc5ec72ad95e258b584f936ad46befab951e0ee9e43eaa18179e34974387,无法判定,DATABASE_METADATA_IDENTITY_UNPROVEN,本批次只读；若声明、输入、Schema或授权漂移，既有结论自动失效并须追加新批次,未读取业务正文、价格、成交、订单簿、账户或凭据；身份字段不完整,为该成员提供当前版本九字段声明及逐字段Schema、授权和唯一证据定位后追加不可变批次,2d50c1344a835ceeb832796935182aeff80bb03cecc5465c8cf3aaccbd446acd,86129966e4bc55fac18f2d7602a2309d4403f85861102128a56a80a5a0ccc1ea,9a59da3c1c4301bf8092af7dea79367ca2d5c42b087d3032aa641bc1c9791968
source-identity-declaration-20260808T051455+0800-c59753ae5b8f,ZI-25c83899a04421177c29eae2,DS-000281,数据库元数据,BTC,4小时;8小时;24小时;48小时,15分钟;1小时,未知,未知,未知,未知,未知,未知,未知,未知,未知,未登记,无,config/数据/来源身份声明补采.json#身份声明[],a2b503bee22e558d2a12983346f4c7750b97234e9839b5dd9f80db0bd3e4c3b1,741c6415aff8d57d93fa7fc8db0f4bb0ff4bbf74847310eda08d9494ab0c9d11,未知,未知,b3a1fc5ec72ad95e258b584f936ad46befab951e0ee9e43eaa18179e34974387,无法判定,DATABASE_METADATA_IDENTITY_UNPROVEN,本批次只读；若声明、输入、Schema或授权漂移，既有结论自动失效并须追加新批次,未读取业务正文、价格、成交、订单簿、账户或凭据；身份字段不完整,为该成员提供当前版本九字段声明及逐字段Schema、授权和唯一证据定位后追加不可变批次,2d50c1344a835ceeb832796935182aeff80bb03cecc5465c8cf3aaccbd446acd,86129966e4bc55fac18f2d7602a2309d4403f85861102128a56a80a5a0ccc1ea,0d3d3e6a2eb75a212404aeaaf98cffabe36edf3141481e7a2d451cc60b8efc77
source-identity-declaration-20260808T051455+0800-c59753ae5b8f,ZI-5863cb2f07c35ad0b6171bf6,DS-000282,数据库元数据,BTC,4小时;8小时;24小时;48小时,15分钟;1小时,未知,未知,未知,未知,未知,未知,未知,未知,未知,未登记,无,config/数据/来源身份声明补采.json#身份声明[],a2b503bee22e558d2a12983346f4c7750b97234e9839b5dd9f80db0bd3e4c3b1,cc517e52dad87d6b0eb540fd207279b11705531034a2728e4ef4b5a54557fd22,未知,未知,b3a1fc5ec72ad95e258b584f936ad46befab951e0ee9e43eaa18179e34974387,无法判定,DATABASE_METADATA_IDENTITY_UNPROVEN,本批次只读；若声明、输入、Schema或授权漂移，既有结论自动失效并须追加新批次,未读取业务正文、价格、成交、订单簿、账户或凭据；身份字段不完整,为该成员提供当前版本九字段声明及逐字段Schema、授权和唯一证据定位后追加不可变批次,2d50c1344a835ceeb832796935182aeff80bb03cecc5465c8cf3aaccbd446acd,86129966e4bc55fac18f2d7602a2309d4403f85861102128a56a80a5a0ccc1ea,b27bf661524b43d6385099107acd9d3eaedef0d8f625cb9ba7a04e812f7a3783
source-identity-declaration-20260808T051455+0800-c59753ae5b8f,ZI-115332fe0b53164582e6b5c9,DS-000283,数据库元数据,BTC,4小时;8小时;24小时;48小时,15分钟;1小时,未知,未知,未知,未知,未知,未知,未知,未知,未知,未登记,无,config/数据/来源身份声明补采.json#身份声明[],a2b503bee22e558d2a12983346f4c7750b97234e9839b5dd9f80db0bd3e4c3b1,7588ce35230cdca962b93d28bc9de83f177f830d6bb53403b474a03a29596210,未知,未知,b3a1fc5ec72ad95e258b584f936ad46befab951e0ee9e43eaa18179e34974387,无法判定,DATABASE_METADATA_IDENTITY_UNPROVEN,本批次只读；若声明、输入、Schema或授权漂移，既有结论自动失效并须追加新批次,未读取业务正文、价格、成交、订单簿、账户或凭据；身份字段不完整,为该成员提供当前版本九字段声明及逐字段Schema、授权和唯一证据定位后追加不可变批次,2d50c1344a835ceeb832796935182aeff80bb03cecc5465c8cf3aaccbd446acd,86129966e4bc55fac18f2d7602a2309d4403f85861102128a56a80a5a0ccc1ea,d7f17e09d3ceb8d2c22dbbb044bf350bac4d15d05efe0a8d5a9dbcdf0c91c373
source-identity-declaration-20260808T051455+0800-c59753ae5b8f,ZI-e9e8a22d61190954369afd29,DS-000284,数据库元数据,BTC,4小时;8小时;24小时;48小时,15分钟;1小时,未知,未知,未知,未知,未知,未知,未知,未知,未知,未登记,无,config/数据/来源身份声明补采.json#身份声明[],a2b503bee22e558d2a12983346f4c7750b97234e9839b5dd9f80db0bd3e4c3b1,0809927212405ebae149f168b347d25ea15f080cd46ffe4f4dcf4e78c2021a92,未知,未知,b3a1fc5ec72ad95e258b584f936ad46befab951e0ee9e43eaa18179e34974387,无法判定,DATABASE_METADATA_IDENTITY_UNPROVEN,本批次只读；若声明、输入、Schema或授权漂移，既有结论自动失效并须追加新批次,未读取业务正文、价格、成交、订单簿、账户或凭据；身份字段不完整,为该成员提供当前版本九字段声明及逐字段Schema、授权和唯一证据定位后追加不可变批次,2d50c1344a835ceeb832796935182aeff80bb03cecc5465c8cf3aaccbd446acd,86129966e4bc55fac18f2d7602a2309d4403f85861102128a56a80a5a0ccc1ea,d4aa076799685a3713df1c34dfdb89d061ee596e7a19ccd7ccaef0f5f158d0a1
source-identity-declaration-20260808T051455+0800-c59753ae5b8f,ZI-f4460123dbdc8005765d844b,DS-000285,数据库元数据,BTC,4小时;8小时;24小时;48小时,15分钟;1小时,未知,未知,未知,未知,未知,未知,未知,未知,未知,未登记,无,config/数据/来源身份声明补采.json#身份声明[],a2b503bee22e558d2a12983346f4c7750b97234e9839b5dd9f80db0bd3e4c3b1,59f4b36536bca90c9ccbe3ed41c85a0edc295a6957a22310fb2e2dbacb47bd59,未知,未知,b3a1fc5ec72ad95e258b584f936ad46befab951e0ee9e43eaa18179e34974387,无法判定,DATABASE_METADATA_IDENTITY_UNPROVEN,本批次只读；若声明、输入、Schema或授权漂移，既有结论自动失效并须追加新批次,未读取业务正文、价格、成交、订单簿、账户或凭据；身份字段不完整,为该成员提供当前版本九字段声明及逐字段Schema、授权和唯一证据定位后追加不可变批次,2d50c1344a835ceeb832796935182aeff80bb03cecc5465c8cf3aaccbd446acd,86129966e4bc55fac18f2d7602a2309d4403f85861102128a56a80a5a0ccc1ea,2005eacfe07252e2af626ce49fddce652a876d87974a2b2aa19ec3bb03e92f11
source-identity-declaration-20260808T051455+0800-c59753ae5b8f,ZI-9abd2b7851beeadcb2c4eec1,DS-000286,数据库元数据,BTC,4小时;8小时;24小时;48小时,15分钟;1小时,未知,未知,未知,未知,未知,未知,未知,未知,未知,未登记,无,config/数据/来源身份声明补采.json#身份声明[],a2b503bee22e558d2a12983346f4c7750b97234e9839b5dd9f80db0bd3e4c3b1,845babdf7e1c3899916b9ca2f8a07abca6ea658ee7c99bc5a8581722420e6866,未知,未知,b3a1fc5ec72ad95e258b584f936ad46befab951e0ee9e43eaa18179e34974387,无法判定,DATABASE_METADATA_IDENTITY_UNPROVEN,本批次只读；若声明、输入、Schema或授权漂移，既有结论自动失效并须追加新批次,未读取业务正文、价格、成交、订单簿、账户或凭据；身份字段不完整,为该成员提供当前版本九字段声明及逐字段Schema、授权和唯一证据定位后追加不可变批次,2d50c1344a835ceeb832796935182aeff80bb03cecc5465c8cf3aaccbd446acd,86129966e4bc55fac18f2d7602a2309d4403f85861102128a56a80a5a0ccc1ea,4d2d49d0a21be1470f12df9c58f3378ecc61ee992bf6e88ba8ae79ce704d56c7
source-identity-declaration-20260808T051455+0800-c59753ae5b8f,ZI-ff3fcd7da6180c64854b80a6,DS-000287,数据库元数据,BTC,4小时;8小时;24小时;48小时,15分钟;1小时,未知,未知,未知,未知,未知,未知,未知,未知,未知,未登记,无,config/数据/来源身份声明补采.json#身份声明[],a2b503bee22e558d2a12983346f4c7750b97234e9839b5dd9f80db0bd3e4c3b1,098c9d16ac6b41d35e97a530549ca546b60c896225a4fb6c961fd5040621acdd,未知,未知,b3a1fc5ec72ad95e258b584f936ad46befab951e0ee9e43eaa18179e34974387,无法判定,DATABASE_METADATA_IDENTITY_UNPROVEN,本批次只读；若声明、输入、Schema或授权漂移，既有结论自动失效并须追加新批次,未读取业务正文、价格、成交、订单簿、账户或凭据；身份字段不完整,为该成员提供当前版本九字段声明及逐字段Schema、授权和唯一证据定位后追加不可变批次,2d50c1344a835ceeb832796935182aeff80bb03cecc5465c8cf3aaccbd446acd,86129966e4bc55fac18f2d7602a2309d4403f85861102128a56a80a5a0ccc1ea,295789a08d350add683bc69030784d407faa9e98545095bcb1185523eacae038
source-identity-declaration-20260808T051455+0800-c59753ae5b8f,ZI-712b0653c83774f12ef222e8,DS-000288,数据库元数据,BTC,4小时;8小时;24小时;48小时,15分钟;1小时,未知,未知,未知,未知,未知,未知,未知,未知,未知,未登记,无,config/数据/来源身份声明补采.json#身份声明[],a2b503bee22e558d2a12983346f4c7750b97234e9839b5dd9f80db0bd3e4c3b1,0ce0fdb691110e99627216dcd51afe9a507bfdb7bddb9a15e93a834ce1b6bbba,未知,未知,b3a1fc5ec72ad95e258b584f936ad46befab951e0ee9e43eaa18179e34974387,无法判定,DATABASE_METADATA_IDENTITY_UNPROVEN,本批次只读；若声明、输入、Schema或授权漂移，既有结论自动失效并须追加新批次,未读取业务正文、价格、成交、订单簿、账户或凭据；身份字段不完整,为该成员提供当前版本九字段声明及逐字段Schema、授权和唯一证据定位后追加不可变批次,2d50c1344a835ceeb832796935182aeff80bb03cecc5465c8cf3aaccbd446acd,86129966e4bc55fac18f2d7602a2309d4403f85861102128a56a80a5a0ccc1ea,dcce38c5a35faf41e5f72e619cf5bb0f929febf01e8247eb36dc5154c235f659
source-identity-declaration-20260808T051455+0800-c59753ae5b8f,ZI-a9f770566ce153816b6eae2d,DS-000289,数据库元数据,BTC,4小时;8小时;24小时;48小时,15分钟;1小时,未知,未知,未知,未知,未知,未知,未知,未知,未知,未登记,无,config/数据/来源身份声明补采.json#身份声明[],a2b503bee22e558d2a12983346f4c7750b97234e9839b5dd9f80db0bd3e4c3b1,facb3f58201be1d0111803a0969dfc2571e3fb220f2550a6773c2c5ec9e6704b,未知,未知,b3a1fc5ec72ad95e258b584f936ad46befab951e0ee9e43eaa18179e34974387,无法判定,DATABASE_METADATA_IDENTITY_UNPROVEN,本批次只读；若声明、输入、Schema或授权漂移，既有结论自动失效并须追加新批次,未读取业务正文、价格、成交、订单簿、账户或凭据；身份字段不完整,为该成员提供当前版本九字段声明及逐字段Schema、授权和唯一证据定位后追加不可变批次,2d50c1344a835ceeb832796935182aeff80bb03cecc5465c8cf3aaccbd446acd,86129966e4bc55fac18f2d7602a2309d4403f85861102128a56a80a5a0ccc1ea,b6833ee6aec8cd994bca5dbd125034433fe33ccce3caa6f84a8274fafd94d88d
source-identity-declaration-20260808T051455+0800-c59753ae5b8f,ZI-f8568713cc6d51a30e325957,DS-000290,数据库元数据,BTC,4小时;8小时;24小时;48小时,15分钟;1小时,未知,未知,未知,未知,未知,未知,未知,未知,未知,未登记,无,config/数据/来源身份声明补采.json#身份声明[],a2b503bee22e558d2a12983346f4c7750b97234e9839b5dd9f80db0bd3e4c3b1,0161ed81721e89e4a3e6e49b017ca55645bd50ed66c63efb03184e7edd6322fa,未知,未知,b3a1fc5ec72ad95e258b584f936ad46befab951e0ee9e43eaa18179e34974387,无法判定,DATABASE_METADATA_IDENTITY_UNPROVEN,本批次只读；若声明、输入、Schema或授权漂移，既有结论自动失效并须追加新批次,未读取业务正文、价格、成交、订单簿、账户或凭据；身份字段不完整,为该成员提供当前版本九字段声明及逐字段Schema、授权和唯一证据定位后追加不可变批次,2d50c1344a835ceeb832796935182aeff80bb03cecc5465c8cf3aaccbd446acd,86129966e4bc55fac18f2d7602a2309d4403f85861102128a56a80a5a0ccc1ea,ee0b4c44a1495f8468e7c785544ef2b2d6216ab1493a1d461f084445c38951f3
source-identity-declaration-20260808T051455+0800-c59753ae5b8f,ZI-c58e3b4f411f7705310fe747,DS-000291,数据库元数据,BTC,4小时;8小时;24小时;48小时,15分钟;1小时,未知,未知,未知,未知,未知,未知,未知,未知,未知,未登记,无,config/数据/来源身份声明补采.json#身份声明[],a2b503bee22e558d2a12983346f4c7750b97234e9839b5dd9f80db0bd3e4c3b1,741fe59e6e2697d5dd227a7490ee195cc6895ce04818fde2fb5fbe2034a2ce81,未知,未知,b3a1fc5ec72ad95e258b584f936ad46befab951e0ee9e43eaa18179e34974387,无法判定,DATABASE_METADATA_IDENTITY_UNPROVEN,本批次只读；若声明、输入、Schema或授权漂移，既有结论自动失效并须追加新批次,未读取业务正文、价格、成交、订单簿、账户或凭据；身份字段不完整,为该成员提供当前版本九字段声明及逐字段Schema、授权和唯一证据定位后追加不可变批次,2d50c1344a835ceeb832796935182aeff80bb03cecc5465c8cf3aaccbd446acd,86129966e4bc55fac18f2d7602a2309d4403f85861102128a56a80a5a0ccc1ea,8333a7a4fd7cff8d8fe2968c4ba723836371cb2061419d435542c29ba22fc491
source-identity-declaration-20260808T051455+0800-c59753ae5b8f,ZI-9b5462a670f4c5122146997d,DS-000292,数据库元数据,BTC,4小时;8小时;24小时;48小时,15分钟;1小时,未知,未知,未知,未知,未知,未知,未知,未知,未知,未登记,无,config/数据/来源身份声明补采.json#身份声明[],a2b503bee22e558d2a12983346f4c7750b97234e9839b5dd9f80db0bd3e4c3b1,d27b1f879c69916fdbbaa57607231145c16481c1e44a97e1b215aecb1cf8560a,未知,未知,b3a1fc5ec72ad95e258b584f936ad46befab951e0ee9e43eaa18179e34974387,无法判定,DATABASE_METADATA_IDENTITY_UNPROVEN,本批次只读；若声明、输入、Schema或授权漂移，既有结论自动失效并须追加新批次,未读取业务正文、价格、成交、订单簿、账户或凭据；身份字段不完整,为该成员提供当前版本九字段声明及逐字段Schema、授权和唯一证据定位后追加不可变批次,2d50c1344a835ceeb832796935182aeff80bb03cecc5465c8cf3aaccbd446acd,86129966e4bc55fac18f2d7602a2309d4403f85861102128a56a80a5a0ccc1ea,59a0fb95354fc27b3363f6981bf5c234c7d876b81ebc9cbc7ddd695d2a2e78b0
source-identity-declaration-20260808T051455+0800-c59753ae5b8f,ZI-a35ba0b952b56083fc01c172,DS-000293,数据库元数据,BTC,4小时;8小时;24小时;48小时,15分钟;1小时,未知,未知,未知,未知,未知,未知,未知,未知,未知,未登记,无,config/数据/来源身份声明补采.json#身份声明[],a2b503bee22e558d2a12983346f4c7750b97234e9839b5dd9f80db0bd3e4c3b1,905b8dcd9947a77fdc3bbd98eb8e21ae6935385a23c6b59bc3a9a9bf490a11ee,未知,未知,b3a1fc5ec72ad95e258b584f936ad46befab951e0ee9e43eaa18179e34974387,无法判定,DATABASE_METADATA_IDENTITY_UNPROVEN,本批次只读；若声明、输入、Schema或授权漂移，既有结论自动失效并须追加新批次,未读取业务正文、价格、成交、订单簿、账户或凭据；身份字段不完整,为该成员提供当前版本九字段声明及逐字段Schema、授权和唯一证据定位后追加不可变批次,2d50c1344a835ceeb832796935182aeff80bb03cecc5465c8cf3aaccbd446acd,86129966e4bc55fac18f2d7602a2309d4403f85861102128a56a80a5a0ccc1ea,8d95900c8f7d2db61a6435d7caa4f68be19eb3016ed23b9dee4acc3ec69e6c71
source-identity-declaration-20260808T051455+0800-c59753ae5b8f,ZI-a8105ace966421a941b8339b,DS-000294,数据库元数据,BTC,4小时;8小时;24小时;48小时,15分钟;1小时,未知,未知,未知,未知,未知,未知,未知,未知,未知,未登记,无,config/数据/来源身份声明补采.json#身份声明[],a2b503bee22e558d2a12983346f4c7750b97234e9839b5dd9f80db0bd3e4c3b1,6e0cb2f1b1667a8715c214ba9ec6ae7deec4b615f5f7be131aa817f0a8ad2f6f,未知,未知,b3a1fc5ec72ad95e258b584f936ad46befab951e0ee9e43eaa18179e34974387,无法判定,DATABASE_METADATA_IDENTITY_UNPROVEN,本批次只读；若声明、输入、Schema或授权漂移，既有结论自动失效并须追加新批次,未读取业务正文、价格、成交、订单簿、账户或凭据；身份字段不完整,为该成员提供当前版本九字段声明及逐字段Schema、授权和唯一证据定位后追加不可变批次,2d50c1344a835ceeb832796935182aeff80bb03cecc5465c8cf3aaccbd446acd,86129966e4bc55fac18f2d7602a2309d4403f85861102128a56a80a5a0ccc1ea,8e59a5e1709a95fca7a7d4d31d0909d86233ba92896b09df310a4373dc630474
source-identity-declaration-20260808T051455+0800-c59753ae5b8f,ZI-6a960fa71172c7a9afb936ec,DS-000295,数据库元数据,BTC,4小时;8小时;24小时;48小时,15分钟;1小时,未知,未知,未知,未知,未知,未知,未知,未知,未知,未登记,无,config/数据/来源身份声明补采.json#身份声明[],a2b503bee22e558d2a12983346f4c7750b97234e9839b5dd9f80db0bd3e4c3b1,00b0e1303584f388a94ca8df6de78fd456403f5a27f9d9f3973b249efb0429a3,未知,未知,b3a1fc5ec72ad95e258b584f936ad46befab951e0ee9e43eaa18179e34974387,无法判定,DATABASE_METADATA_IDENTITY_UNPROVEN,本批次只读；若声明、输入、Schema或授权漂移，既有结论自动失效并须追加新批次,未读取业务正文、价格、成交、订单簿、账户或凭据；身份字段不完整,为该成员提供当前版本九字段声明及逐字段Schema、授权和唯一证据定位后追加不可变批次,2d50c1344a835ceeb832796935182aeff80bb03cecc5465c8cf3aaccbd446acd,86129966e4bc55fac18f2d7602a2309d4403f85861102128a56a80a5a0ccc1ea,a3a41591c894b06aa44b7c9324dc130f1ed8a2b0d5983aa7e8d9780d3dcec44e
source-identity-declaration-20260808T051455+0800-c59753ae5b8f,ZI-7ca528ace2904d6333d9ac25,DS-000296,数据库元数据,BTC,4小时;8小时;24小时;48小时,15分钟;1小时,未知,未知,未知,未知,未知,未知,未知,未知,未知,未登记,无,config/数据/来源身份声明补采.json#身份声明[],a2b503bee22e558d2a12983346f4c7750b97234e9839b5dd9f80db0bd3e4c3b1,840669cb99560c36aaa3d535c5e9358708208a5e91f514d4ff9ab0aed933b359,未知,未知,b3a1fc5ec72ad95e258b584f936ad46befab951e0ee9e43eaa18179e34974387,无法判定,DATABASE_METADATA_IDENTITY_UNPROVEN,本批次只读；若声明、输入、Schema或授权漂移，既有结论自动失效并须追加新批次,未读取业务正文、价格、成交、订单簿、账户或凭据；身份字段不完整,为该成员提供当前版本九字段声明及逐字段Schema、授权和唯一证据定位后追加不可变批次,2d50c1344a835ceeb832796935182aeff80bb03cecc5465c8cf3aaccbd446acd,86129966e4bc55fac18f2d7602a2309d4403f85861102128a56a80a5a0ccc1ea,8ff67e9ffe0262142d40cfd209fca6c30e487a429b5d04c095d30671deda0d02
source-identity-declaration-20260808T051455+0800-c59753ae5b8f,ZI-b0b1be153e2c74bbc58931fe,DS-000297,数据库元数据,BTC,4小时;8小时;24小时;48小时,15分钟;1小时,未知,未知,未知,未知,未知,未知,未知,未知,未知,未登记,无,config/数据/来源身份声明补采.json#身份声明[],a2b503bee22e558d2a12983346f4c7750b97234e9839b5dd9f80db0bd3e4c3b1,519fe32d9d7992508e1eb36adb1f37154c6813e2e5c04f9a5dfe2cdffcf5cfde,未知,未知,b3a1fc5ec72ad95e258b584f936ad46befab951e0ee9e43eaa18179e34974387,无法判定,DATABASE_METADATA_IDENTITY_UNPROVEN,本批次只读；若声明、输入、Schema或授权漂移，既有结论自动失效并须追加新批次,未读取业务正文、价格、成交、订单簿、账户或凭据；身份字段不完整,为该成员提供当前版本九字段声明及逐字段Schema、授权和唯一证据定位后追加不可变批次,2d50c1344a835ceeb832796935182aeff80bb03cecc5465c8cf3aaccbd446acd,86129966e4bc55fac18f2d7602a2309d4403f85861102128a56a80a5a0ccc1ea,cf19e3c0edfe9f832fbeb4e07399fe1547e34207e99bf4bf37d5402232c48515
source-identity-declaration-20260808T051455+0800-c59753ae5b8f,ZI-cceb0119d76a845091d90313,DS-000298,数据库元数据,BTC,4小时;8小时;24小时;48小时,15分钟;1小时,未知,未知,未知,未知,未知,未知,未知,未知,未知,未登记,无,config/数据/来源身份声明补采.json#身份声明[],a2b503bee22e558d2a12983346f4c7750b97234e9839b5dd9f80db0bd3e4c3b1,64eb968ce0af5c19dc13ae90b7b806bd0d73999377991bbb47f2975459c7adde,未知,未知,b3a1fc5ec72ad95e258b584f936ad46befab951e0ee9e43eaa18179e34974387,无法判定,DATABASE_METADATA_IDENTITY_UNPROVEN,本批次只读；若声明、输入、Schema或授权漂移，既有结论自动失效并须追加新批次,未读取业务正文、价格、成交、订单簿、账户或凭据；身份字段不完整,为该成员提供当前版本九字段声明及逐字段Schema、授权和唯一证据定位后追加不可变批次,2d50c1344a835ceeb832796935182aeff80bb03cecc5465c8cf3aaccbd446acd,86129966e4bc55fac18f2d7602a2309d4403f85861102128a56a80a5a0ccc1ea,35a15b7b6cb6a70afb1ae63b076f97ed5ac9876ef28782ccd868b5f420374be3
source-identity-declaration-20260808T051455+0800-c59753ae5b8f,ZI-79efc93262b446e9d98b76ba,DS-000299,数据库元数据,BTC,4小时;8小时;24小时;48小时,15分钟;1小时,未知,未知,未知,未知,未知,未知,未知,未知,未知,未登记,无,config/数据/来源身份声明补采.json#身份声明[],a2b503bee22e558d2a12983346f4c7750b97234e9839b5dd9f80db0bd3e4c3b1,7572c0a41b5a2a39c80656f400dbe60f8ab0bd79c0fb5c3e7b44fee53f730755,未知,未知,b3a1fc5ec72ad95e258b584f936ad46befab951e0ee9e43eaa18179e34974387,无法判定,DATABASE_METADATA_IDENTITY_UNPROVEN,本批次只读；若声明、输入、Schema或授权漂移，既有结论自动失效并须追加新批次,未读取业务正文、价格、成交、订单簿、账户或凭据；身份字段不完整,为该成员提供当前版本九字段声明及逐字段Schema、授权和唯一证据定位后追加不可变批次,2d50c1344a835ceeb832796935182aeff80bb03cecc5465c8cf3aaccbd446acd,86129966e4bc55fac18f2d7602a2309d4403f85861102128a56a80a5a0ccc1ea,f13aa44b10b471afeeb1d27d9b03e1d50fbddde9ff46cdea3ff5b7e21a92d51f
source-identity-declaration-20260808T051455+0800-c59753ae5b8f,ZI-e76d2134142142ad4b8f28cb,DS-000300,数据库元数据,BTC,4小时;8小时;24小时;48小时,15分钟;1小时,未知,未知,未知,未知,未知,未知,未知,未知,未知,未登记,无,config/数据/来源身份声明补采.json#身份声明[],a2b503bee22e558d2a12983346f4c7750b97234e9839b5dd9f80db0bd3e4c3b1,2e8a058057540064073e8868839e18fe0dcf848fcecc872fe0f732e40796d068,未知,未知,b3a1fc5ec72ad95e258b584f936ad46befab951e0ee9e43eaa18179e34974387,无法判定,DATABASE_METADATA_IDENTITY_UNPROVEN,本批次只读；若声明、输入、Schema或授权漂移，既有结论自动失效并须追加新批次,未读取业务正文、价格、成交、订单簿、账户或凭据；身份字段不完整,为该成员提供当前版本九字段声明及逐字段Schema、授权和唯一证据定位后追加不可变批次,2d50c1344a835ceeb832796935182aeff80bb03cecc5465c8cf3aaccbd446acd,86129966e4bc55fac18f2d7602a2309d4403f85861102128a56a80a5a0ccc1ea,dab86ef856d662eeff78ba0ac78ec333341505858074ab90292b4fbea6c33e37
source-identity-declaration-20260808T051455+0800-c59753ae5b8f,ZI-6b9507c0f667730b1c25338d,DS-000301,数据库元数据,BTC,4小时;8小时;24小时;48小时,15分钟;1小时,未知,未知,未知,未知,未知,未知,未知,未知,未知,未登记,无,config/数据/来源身份声明补采.json#身份声明[],a2b503bee22e558d2a12983346f4c7750b97234e9839b5dd9f80db0bd3e4c3b1,68f2f1d195a17ce77287aa8d9a2fddb75a21fdd657b03eaab6484f64e3fa61e6,未知,未知,b3a1fc5ec72ad95e258b584f936ad46befab951e0ee9e43eaa18179e34974387,无法判定,DATABASE_METADATA_IDENTITY_UNPROVEN,本批次只读；若声明、输入、Schema或授权漂移，既有结论自动失效并须追加新批次,未读取业务正文、价格、成交、订单簿、账户或凭据；身份字段不完整,为该成员提供当前版本九字段声明及逐字段Schema、授权和唯一证据定位后追加不可变批次,2d50c1344a835ceeb832796935182aeff80bb03cecc5465c8cf3aaccbd446acd,86129966e4bc55fac18f2d7602a2309d4403f85861102128a56a80a5a0ccc1ea,31368f0e8d5d11162ae74b9af1666fe67daabe89fc9328cc6e1bb01ad7fda9dd
source-identity-declaration-20260808T051455+0800-c59753ae5b8f,ZI-a3de4220ce194e2c0f75e45d,DS-000302,数据库元数据,BTC,4小时;8小时;24小时;48小时,15分钟;1小时,未知,未知,未知,未知,未知,未知,未知,未知,未知,未登记,无,config/数据/来源身份声明补采.json#身份声明[],a2b503bee22e558d2a12983346f4c7750b97234e9839b5dd9f80db0bd3e4c3b1,e8d81d71207f009298d9aa62cd4ca70df93f6bd9915064653ce32f4250ba9119,未知,未知,b3a1fc5ec72ad95e258b584f936ad46befab951e0ee9e43eaa18179e34974387,无法判定,DATABASE_METADATA_IDENTITY_UNPROVEN,本批次只读；若声明、输入、Schema或授权漂移，既有结论自动失效并须追加新批次,未读取业务正文、价格、成交、订单簿、账户或凭据；身份字段不完整,为该成员提供当前版本九字段声明及逐字段Schema、授权和唯一证据定位后追加不可变批次,2d50c1344a835ceeb832796935182aeff80bb03cecc5465c8cf3aaccbd446acd,86129966e4bc55fac18f2d7602a2309d4403f85861102128a56a80a5a0ccc1ea,6f22204da51aae9be2649f98bd55bb54cdb6a814405b39901be677d812240d46
source-identity-declaration-20260808T051455+0800-c59753ae5b8f,ZI-63a4a8191f5338c21eac18d2,DS-000303,数据库元数据,BTC,4小时;8小时;24小时;48小时,15分钟;1小时,未知,未知,未知,未知,未知,未知,未知,未知,未知,未登记,无,config/数据/来源身份声明补采.json#身份声明[],a2b503bee22e558d2a12983346f4c7750b97234e9839b5dd9f80db0bd3e4c3b1,2fc35c9965af5ebfd8dc154f1e3abc90aab6452dcabcb63be6c0ba42b99b66ae,未知,未知,b3a1fc5ec72ad95e258b584f936ad46befab951e0ee9e43eaa18179e34974387,无法判定,DATABASE_METADATA_IDENTITY_UNPROVEN,本批次只读；若声明、输入、Schema或授权漂移，既有结论自动失效并须追加新批次,未读取业务正文、价格、成交、订单簿、账户或凭据；身份字段不完整,为该成员提供当前版本九字段声明及逐字段Schema、授权和唯一证据定位后追加不可变批次,2d50c1344a835ceeb832796935182aeff80bb03cecc5465c8cf3aaccbd446acd,86129966e4bc55fac18f2d7602a2309d4403f85861102128a56a80a5a0ccc1ea,c8fd0cee8faeaddcdcb71f543286fe271d4a996e741c54a1b2bc9bb13c221e1d
source-identity-declaration-20260808T051455+0800-c59753ae5b8f,ZI-96f78e47a4eb937919a7a7e9,DS-000304,数据库元数据,BTC,4小时;8小时;24小时;48小时,15分钟;1小时,未知,未知,未知,未知,未知,未知,未知,未知,未知,未登记,无,config/数据/来源身份声明补采.json#身份声明[],a2b503bee22e558d2a12983346f4c7750b97234e9839b5dd9f80db0bd3e4c3b1,c2c9fa3961b41e9e259be6490ed521b9165aadf0b1b4b1916440fb67cae1c923,未知,未知,b3a1fc5ec72ad95e258b584f936ad46befab951e0ee9e43eaa18179e34974387,无法判定,DATABASE_METADATA_IDENTITY_UNPROVEN,本批次只读；若声明、输入、Schema或授权漂移，既有结论自动失效并须追加新批次,未读取业务正文、价格、成交、订单簿、账户或凭据；身份字段不完整,为该成员提供当前版本九字段声明及逐字段Schema、授权和唯一证据定位后追加不可变批次,2d50c1344a835ceeb832796935182aeff80bb03cecc5465c8cf3aaccbd446acd,86129966e4bc55fac18f2d7602a2309d4403f85861102128a56a80a5a0ccc1ea,94de815dca8dd6575bf4d3cb8d07474c7d638eb60606c30a0aecc953dc565b67
source-identity-declaration-20260808T051455+0800-c59753ae5b8f,ZI-99e036f2b1093b4f286f64a5,DS-000305,数据库元数据,BTC,4小时;8小时;24小时;48小时,15分钟;1小时,未知,未知,未知,未知,未知,未知,未知,未知,未知,未登记,无,config/数据/来源身份声明补采.json#身份声明[],a2b503bee22e558d2a12983346f4c7750b97234e9839b5dd9f80db0bd3e4c3b1,64f87095fb4955a4cfbe2e6f8e643fa38d859fef411eb73741cdd2be79d23468,未知,未知,b3a1fc5ec72ad95e258b584f936ad46befab951e0ee9e43eaa18179e34974387,无法判定,DATABASE_METADATA_IDENTITY_UNPROVEN,本批次只读；若声明、输入、Schema或授权漂移，既有结论自动失效并须追加新批次,未读取业务正文、价格、成交、订单簿、账户或凭据；身份字段不完整,为该成员提供当前版本九字段声明及逐字段Schema、授权和唯一证据定位后追加不可变批次,2d50c1344a835ceeb832796935182aeff80bb03cecc5465c8cf3aaccbd446acd,86129966e4bc55fac18f2d7602a2309d4403f85861102128a56a80a5a0ccc1ea,3d8f8d063ff64a237c5c4a0fb476d6b1f222491e36af7624a42f6ce827aa6912
source-identity-declaration-20260808T051455+0800-c59753ae5b8f,ZI-835a741c0f97b5c8b8f58b9a,DS-000306,数据库元数据,BTC,4小时;8小时;24小时;48小时,15分钟;1小时,未知,未知,未知,未知,未知,未知,未知,未知,未知,未登记,无,config/数据/来源身份声明补采.json#身份声明[],a2b503bee22e558d2a12983346f4c7750b97234e9839b5dd9f80db0bd3e4c3b1,93e7c4e4eac3841772d4795c85297a7e79c010b12b8cf30b7a3ff8517f7146e9,未知,未知,b3a1fc5ec72ad95e258b584f936ad46befab951e0ee9e43eaa18179e34974387,无法判定,DATABASE_METADATA_IDENTITY_UNPROVEN,本批次只读；若声明、输入、Schema或授权漂移，既有结论自动失效并须追加新批次,未读取业务正文、价格、成交、订单簿、账户或凭据；身份字段不完整,为该成员提供当前版本九字段声明及逐字段Schema、授权和唯一证据定位后追加不可变批次,2d50c1344a835ceeb832796935182aeff80bb03cecc5465c8cf3aaccbd446acd,86129966e4bc55fac18f2d7602a2309d4403f85861102128a56a80a5a0ccc1ea,f779df21ad97e6773ae0907f951be607a59a58afe0abbaa57b58f8e9ede11489
source-identity-declaration-20260808T051455+0800-c59753ae5b8f,ZI-0658842d2088ed09b24efc97,DS-000307,数据库元数据,BTC,4小时;8小时;24小时;48小时,15分钟;1小时,未知,未知,未知,未知,未知,未知,未知,未知,未知,未登记,无,config/数据/来源身份声明补采.json#身份声明[],a2b503bee22e558d2a12983346f4c7750b97234e9839b5dd9f80db0bd3e4c3b1,f951a13aeb2596cef4686717db03149070ba793813ddb720dac7f5c236b8dccd,未知,未知,b3a1fc5ec72ad95e258b584f936ad46befab951e0ee9e43eaa18179e34974387,无法判定,DATABASE_METADATA_IDENTITY_UNPROVEN,本批次只读；若声明、输入、Schema或授权漂移，既有结论自动失效并须追加新批次,未读取业务正文、价格、成交、订单簿、账户或凭据；身份字段不完整,为该成员提供当前版本九字段声明及逐字段Schema、授权和唯一证据定位后追加不可变批次,2d50c1344a835ceeb832796935182aeff80bb03cecc5465c8cf3aaccbd446acd,86129966e4bc55fac18f2d7602a2309d4403f85861102128a56a80a5a0ccc1ea,8c9f3c57dfd53e99d0bdbc51800f90579a2bc4a00ced002a9b93c9e55041a385
source-identity-declaration-20260808T051455+0800-c59753ae5b8f,ZI-535216234191be483b87ed88,DS-000308,数据库元数据,BTC,4小时;8小时;24小时;48小时,15分钟;1小时,未知,未知,未知,未知,未知,未知,未知,未知,未知,未登记,无,config/数据/来源身份声明补采.json#身份声明[],a2b503bee22e558d2a12983346f4c7750b97234e9839b5dd9f80db0bd3e4c3b1,8325e80640f1b6415b025ce8839ede1edf84d7984d84e0e4a7de7cae12f2fdfc,未知,未知,b3a1fc5ec72ad95e258b584f936ad46befab951e0ee9e43eaa18179e34974387,无法判定,DATABASE_METADATA_IDENTITY_UNPROVEN,本批次只读；若声明、输入、Schema或授权漂移，既有结论自动失效并须追加新批次,未读取业务正文、价格、成交、订单簿、账户或凭据；身份字段不完整,为该成员提供当前版本九字段声明及逐字段Schema、授权和唯一证据定位后追加不可变批次,2d50c1344a835ceeb832796935182aeff80bb03cecc5465c8cf3aaccbd446acd,86129966e4bc55fac18f2d7602a2309d4403f85861102128a56a80a5a0ccc1ea,201de14480f8a29edea93a3fbfa8e144aa4d728e2372009fe18d06d3f41ae46e
source-identity-declaration-20260808T051455+0800-c59753ae5b8f,ZI-1113435211180071dee9be25,DS-000309,数据库元数据,BTC,4小时;8小时;24小时;48小时,15分钟;1小时,未知,未知,未知,未知,未知,未知,未知,未知,未知,未登记,无,config/数据/来源身份声明补采.json#身份声明[],a2b503bee22e558d2a12983346f4c7750b97234e9839b5dd9f80db0bd3e4c3b1,31401b834ceb9f05e15f20aead63529cec7ac915394e5e58399ff7267639644e,未知,未知,b3a1fc5ec72ad95e258b584f936ad46befab951e0ee9e43eaa18179e34974387,无法判定,DATABASE_METADATA_IDENTITY_UNPROVEN,本批次只读；若声明、输入、Schema或授权漂移，既有结论自动失效并须追加新批次,未读取业务正文、价格、成交、订单簿、账户或凭据；身份字段不完整,为该成员提供当前版本九字段声明及逐字段Schema、授权和唯一证据定位后追加不可变批次,2d50c1344a835ceeb832796935182aeff80bb03cecc5465c8cf3aaccbd446acd,86129966e4bc55fac18f2d7602a2309d4403f85861102128a56a80a5a0ccc1ea,4e122e034f51d7906e2e2ccea4abf487b26e123140b290ca88b724cad269eb0c
source-identity-declaration-20260808T051455+0800-c59753ae5b8f,ZI-5a402a12be02ee6d7c30eec4,DS-000310,数据库元数据,BTC,4小时;8小时;24小时;48小时,15分钟;1小时,未知,未知,未知,未知,未知,未知,未知,未知,未知,未登记,无,config/数据/来源身份声明补采.json#身份声明[],a2b503bee22e558d2a12983346f4c7750b97234e9839b5dd9f80db0bd3e4c3b1,ac10b24605fd1b3d106ccfff94457604218999ca63a55631072e36d168a1244b,未知,未知,b3a1fc5ec72ad95e258b584f936ad46befab951e0ee9e43eaa18179e34974387,无法判定,DATABASE_METADATA_IDENTITY_UNPROVEN,本批次只读；若声明、输入、Schema或授权漂移，既有结论自动失效并须追加新批次,未读取业务正文、价格、成交、订单簿、账户或凭据；身份字段不完整,为该成员提供当前版本九字段声明及逐字段Schema、授权和唯一证据定位后追加不可变批次,2d50c1344a835ceeb832796935182aeff80bb03cecc5465c8cf3aaccbd446acd,86129966e4bc55fac18f2d7602a2309d4403f85861102128a56a80a5a0ccc1ea,133cde26fd33d13dbbe22ff03f371be0ff2705b3ad3f9c06a553f311e5359dae
source-identity-declaration-20260808T051455+0800-c59753ae5b8f,ZI-9a6ab07c6edbc9b483925bf6,DS-000311,数据库元数据,BTC,4小时;8小时;24小时;48小时,15分钟;1小时,未知,未知,未知,未知,未知,未知,未知,未知,未知,未登记,无,config/数据/来源身份声明补采.json#身份声明[],a2b503bee22e558d2a12983346f4c7750b97234e9839b5dd9f80db0bd3e4c3b1,57408a49d126b606bdaf83ab4bb7bd02b4710b2376040c3190ae1bd4473d4d85,未知,未知,b3a1fc5ec72ad95e258b584f936ad46befab951e0ee9e43eaa18179e34974387,无法判定,DATABASE_METADATA_IDENTITY_UNPROVEN,本批次只读；若声明、输入、Schema或授权漂移，既有结论自动失效并须追加新批次,未读取业务正文、价格、成交、订单簿、账户或凭据；身份字段不完整,为该成员提供当前版本九字段声明及逐字段Schema、授权和唯一证据定位后追加不可变批次,2d50c1344a835ceeb832796935182aeff80bb03cecc5465c8cf3aaccbd446acd,86129966e4bc55fac18f2d7602a2309d4403f85861102128a56a80a5a0ccc1ea,0940a854134d56286b0c3501dfe9cd5c7b9dc07c9082565ee5ed07ef7743fc65
source-identity-declaration-20260808T051455+0800-c59753ae5b8f,ZI-f934f2266c1453fb0bed28d8,DS-000312,数据库元数据,BTC,4小时;8小时;24小时;48小时,15分钟;1小时,未知,未知,未知,未知,未知,未知,未知,未知,未知,未登记,无,config/数据/来源身份声明补采.json#身份声明[],a2b503bee22e558d2a12983346f4c7750b97234e9839b5dd9f80db0bd3e4c3b1,24985dde3d2f6f5a945237e33c528ce0e95350fb8b3217ef26e40ffd00f660b3,未知,未知,b3a1fc5ec72ad95e258b584f936ad46befab951e0ee9e43eaa18179e34974387,无法判定,DATABASE_METADATA_IDENTITY_UNPROVEN,本批次只读；若声明、输入、Schema或授权漂移，既有结论自动失效并须追加新批次,未读取业务正文、价格、成交、订单簿、账户或凭据；身份字段不完整,为该成员提供当前版本九字段声明及逐字段Schema、授权和唯一证据定位后追加不可变批次,2d50c1344a835ceeb832796935182aeff80bb03cecc5465c8cf3aaccbd446acd,86129966e4bc55fac18f2d7602a2309d4403f85861102128a56a80a5a0ccc1ea,48c13410a7f090b14861d8e0c62705660d5ed3039523b2acddc9568c4ac56517
source-identity-declaration-20260808T051455+0800-c59753ae5b8f,ZI-4f781c46c7f513f3e293caf1,DS-000313,数据库元数据,BTC,4小时;8小时;24小时;48小时,15分钟;1小时,未知,未知,未知,未知,未知,未知,未知,未知,未知,未登记,无,config/数据/来源身份声明补采.json#身份声明[],a2b503bee22e558d2a12983346f4c7750b97234e9839b5dd9f80db0bd3e4c3b1,fbf6a194337eeb0d40c519c90f46b6442593773512e0e365faa6d9c1d6f562cf,未知,未知,b3a1fc5ec72ad95e258b584f936ad46befab951e0ee9e43eaa18179e34974387,无法判定,DATABASE_METADATA_IDENTITY_UNPROVEN,本批次只读；若声明、输入、Schema或授权漂移，既有结论自动失效并须追加新批次,未读取业务正文、价格、成交、订单簿、账户或凭据；身份字段不完整,为该成员提供当前版本九字段声明及逐字段Schema、授权和唯一证据定位后追加不可变批次,2d50c1344a835ceeb832796935182aeff80bb03cecc5465c8cf3aaccbd446acd,86129966e4bc55fac18f2d7602a2309d4403f85861102128a56a80a5a0ccc1ea,2f81d4125b67170a62c69dba3b92e9328fecd117afa281bab2e3d7c16605315a
source-identity-declaration-20260808T051455+0800-c59753ae5b8f,ZI-664d2574f8ab01163a25d595,DS-000314,数据库元数据,BTC,4小时;8小时;24小时;48小时,15分钟;1小时,未知,未知,未知,未知,未知,未知,未知,未知,未知,未登记,无,config/数据/来源身份声明补采.json#身份声明[],a2b503bee22e558d2a12983346f4c7750b97234e9839b5dd9f80db0bd3e4c3b1,9db3a44ee859910c7b18a87c166d510b153a770c91474a6c557219b2815719be,未知,未知,b3a1fc5ec72ad95e258b584f936ad46befab951e0ee9e43eaa18179e34974387,无法判定,DATABASE_METADATA_IDENTITY_UNPROVEN,本批次只读；若声明、输入、Schema或授权漂移，既有结论自动失效并须追加新批次,未读取业务正文、价格、成交、订单簿、账户或凭据；身份字段不完整,为该成员提供当前版本九字段声明及逐字段Schema、授权和唯一证据定位后追加不可变批次,2d50c1344a835ceeb832796935182aeff80bb03cecc5465c8cf3aaccbd446acd,86129966e4bc55fac18f2d7602a2309d4403f85861102128a56a80a5a0ccc1ea,de550682949cfc3e14853bdd74f948760a102ffc87ba9d36b7ac9e58dc73fbc9
source-identity-declaration-20260808T051455+0800-c59753ae5b8f,ZI-6c7b1beec974abfd29a0e66e,DS-000315,数据库元数据,BTC,4小时;8小时;24小时;48小时,15分钟;1小时,未知,未知,未知,未知,未知,未知,未知,未知,未知,未登记,无,config/数据/来源身份声明补采.json#身份声明[],a2b503bee22e558d2a12983346f4c7750b97234e9839b5dd9f80db0bd3e4c3b1,28745a43fd92afac3d70cee4ddad3491844d97472d4dda22369d8ad811b9cb19,未知,未知,b3a1fc5ec72ad95e258b584f936ad46befab951e0ee9e43eaa18179e34974387,无法判定,DATABASE_METADATA_IDENTITY_UNPROVEN,本批次只读；若声明、输入、Schema或授权漂移，既有结论自动失效并须追加新批次,未读取业务正文、价格、成交、订单簿、账户或凭据；身份字段不完整,为该成员提供当前版本九字段声明及逐字段Schema、授权和唯一证据定位后追加不可变批次,2d50c1344a835ceeb832796935182aeff80bb03cecc5465c8cf3aaccbd446acd,86129966e4bc55fac18f2d7602a2309d4403f85861102128a56a80a5a0ccc1ea,9cac7962eb2f33babe4cbbda5ab4c4a2ed8c96d2fe6afdcf30a3f5e6cdc1118c
source-identity-declaration-20260808T051455+0800-c59753ae5b8f,ZI-92c90a90bbc0841d7e48f8d6,DS-000316,数据库元数据,BTC,4小时;8小时;24小时;48小时,15分钟;1小时,未知,未知,未知,未知,未知,未知,未知,未知,未知,未登记,无,config/数据/来源身份声明补采.json#身份声明[],a2b503bee22e558d2a12983346f4c7750b97234e9839b5dd9f80db0bd3e4c3b1,993ed72bd9aee1183676bb2ffb712c4bb01996d8dc0f601b657d49e62b1cc37c,未知,未知,b3a1fc5ec72ad95e258b584f936ad46befab951e0ee9e43eaa18179e34974387,无法判定,DATABASE_METADATA_IDENTITY_UNPROVEN,本批次只读；若声明、输入、Schema或授权漂移，既有结论自动失效并须追加新批次,未读取业务正文、价格、成交、订单簿、账户或凭据；身份字段不完整,为该成员提供当前版本九字段声明及逐字段Schema、授权和唯一证据定位后追加不可变批次,2d50c1344a835ceeb832796935182aeff80bb03cecc5465c8cf3aaccbd446acd,86129966e4bc55fac18f2d7602a2309d4403f85861102128a56a80a5a0ccc1ea,393285c2c1aeefde02c61facd5e660f2b05d976561cac1fc6d99c301d5028ca2
source-identity-declaration-20260808T051455+0800-c59753ae5b8f,ZI-c5c903e8e1925632a9160c98,DS-000001,候选数据文件,ETH,4小时;8小时;24小时;48小时,15分钟;1小时,未知,未知,未知,未知,未知,未知,未知,未知,未知,未登记,无,config/数据/来源身份声明补采.json#身份声明[],a2b503bee22e558d2a12983346f4c7750b97234e9839b5dd9f80db0bd3e4c3b1,6f210f5cac4068efe59c05ccd83b4aa2dd366ae73b635fbc253611e4e60c34bb,571b9003352a06af5aa07db2b5b1b6be2ab316ee4863d1539a9ff9a1b820eaf1,未知,b3a1fc5ec72ad95e258b584f936ad46befab951e0ee9e43eaa18179e34974387,拒绝,INPUT_MEMBER_REJECTED,本批次只读；若声明、输入、Schema或授权漂移，既有结论自动失效并须追加新批次,未读取业务正文、价格、成交、订单簿、账户或凭据；身份字段不完整,为该成员提供当前版本九字段声明及逐字段Schema、授权和唯一证据定位后追加不可变批次,2d50c1344a835ceeb832796935182aeff80bb03cecc5465c8cf3aaccbd446acd,86129966e4bc55fac18f2d7602a2309d4403f85861102128a56a80a5a0ccc1ea,decf2a58fdb4d655927c40ca205c18668feb8eabf420632a51c08240fef96061
source-identity-declaration-20260808T051455+0800-c59753ae5b8f,ZI-279894722b92c663c0dd6dab,DS-000002,候选数据文件,ETH,4小时;8小时;24小时;48小时,15分钟;1小时,未知,未知,未知,未知,未知,未知,未知,未知,未知,未登记,无,config/数据/来源身份声明补采.json#身份声明[],a2b503bee22e558d2a12983346f4c7750b97234e9839b5dd9f80db0bd3e4c3b1,6b54cfaecaba756425d105f3eb174d67dda343b196c6d4d553b4ccf22dac9a4b,c1fca4bfb6236fbcc08d28c45d10a7c574d6bd84136ec84c1da40ed53f97d4de,未知,b3a1fc5ec72ad95e258b584f936ad46befab951e0ee9e43eaa18179e34974387,无法判定,FILE_STAT_OBSERVED_IDENTITY_UNPROVEN,本批次只读；若声明、输入、Schema或授权漂移，既有结论自动失效并须追加新批次,未读取业务正文、价格、成交、订单簿、账户或凭据；身份字段不完整,为该成员提供当前版本九字段声明及逐字段Schema、授权和唯一证据定位后追加不可变批次,2d50c1344a835ceeb832796935182aeff80bb03cecc5465c8cf3aaccbd446acd,86129966e4bc55fac18f2d7602a2309d4403f85861102128a56a80a5a0ccc1ea,894bb8ec001db5890dc1d544372ff448512cccdd6a8f1d403aaa44bbe79c0b44
source-identity-declaration-20260808T051455+0800-c59753ae5b8f,ZI-bdc11e9d61341a2c9190bedb,DS-000003,候选数据文件,ETH,4小时;8小时;24小时;48小时,15分钟;1小时,未知,未知,未知,未知,未知,未知,未知,未知,未知,未登记,无,config/数据/来源身份声明补采.json#身份声明[],a2b503bee22e558d2a12983346f4c7750b97234e9839b5dd9f80db0bd3e4c3b1,eed06d83a64889d174bf4470b7f403841c1b8cbef394fdcd7d26373548bc330a,5e5bb8ec43c73120c4a424eaed68bbb10c9e9070e8420761d724e1829b18f01c,未知,b3a1fc5ec72ad95e258b584f936ad46befab951e0ee9e43eaa18179e34974387,无法判定,FILE_STAT_OBSERVED_IDENTITY_UNPROVEN,本批次只读；若声明、输入、Schema或授权漂移，既有结论自动失效并须追加新批次,未读取业务正文、价格、成交、订单簿、账户或凭据；身份字段不完整,为该成员提供当前版本九字段声明及逐字段Schema、授权和唯一证据定位后追加不可变批次,2d50c1344a835ceeb832796935182aeff80bb03cecc5465c8cf3aaccbd446acd,86129966e4bc55fac18f2d7602a2309d4403f85861102128a56a80a5a0ccc1ea,951a38bd4d16a4bc66b24300fd7de0805faea77f4d69070d4acee00f3cf3339a
source-identity-declaration-20260808T051455+0800-c59753ae5b8f,ZI-f48b5e18e673871688598192,DS-000004,候选数据文件,ETH,4小时;8小时;24小时;48小时,15分钟;1小时,未知,未知,未知,未知,未知,未知,未知,未知,未知,未登记,无,config/数据/来源身份声明补采.json#身份声明[],a2b503bee22e558d2a12983346f4c7750b97234e9839b5dd9f80db0bd3e4c3b1,f294fc879772804fde50e9093715f6f79193e34ec200003d39435c80c660dc0f,3287b26322b71db0be85d5072577cd04be5b75d46310013bd7fcb182d2050e05,未知,b3a1fc5ec72ad95e258b584f936ad46befab951e0ee9e43eaa18179e34974387,无法判定,FILE_STAT_OBSERVED_IDENTITY_UNPROVEN,本批次只读；若声明、输入、Schema或授权漂移，既有结论自动失效并须追加新批次,未读取业务正文、价格、成交、订单簿、账户或凭据；身份字段不完整,为该成员提供当前版本九字段声明及逐字段Schema、授权和唯一证据定位后追加不可变批次,2d50c1344a835ceeb832796935182aeff80bb03cecc5465c8cf3aaccbd446acd,86129966e4bc55fac18f2d7602a2309d4403f85861102128a56a80a5a0ccc1ea,447d168630733b4a5fa63054681c393b90950a69d639d897054eefec5bbf8285
source-identity-declaration-20260808T051455+0800-c59753ae5b8f,ZI-8353e10a871d52c975353c3f,DS-000005,候选数据文件,ETH,4小时;8小时;24小时;48小时,15分钟;1小时,未知,未知,未知,未知,未知,未知,未知,未知,未知,未登记,无,config/数据/来源身份声明补采.json#身份声明[],a2b503bee22e558d2a12983346f4c7750b97234e9839b5dd9f80db0bd3e4c3b1,c3a0b74beeb3a1728b5565c3f43d47d2233ef0001367bb8588714e9f0f4d5adc,630ba5fb9aeda873efd55e45da5e941b0e4b31e4e024c2e9a7b8832a869f88d6,未知,b3a1fc5ec72ad95e258b584f936ad46befab951e0ee9e43eaa18179e34974387,无法判定,FILE_STAT_OBSERVED_IDENTITY_UNPROVEN,本批次只读；若声明、输入、Schema或授权漂移，既有结论自动失效并须追加新批次,未读取业务正文、价格、成交、订单簿、账户或凭据；身份字段不完整,为该成员提供当前版本九字段声明及逐字段Schema、授权和唯一证据定位后追加不可变批次,2d50c1344a835ceeb832796935182aeff80bb03cecc5465c8cf3aaccbd446acd,86129966e4bc55fac18f2d7602a2309d4403f85861102128a56a80a5a0ccc1ea,9a753c15b1840498269a142b72e3cdc234b1f59c675a00636a5c67854b820be1
source-identity-declaration-20260808T051455+0800-c59753ae5b8f,ZI-02bb55334ca878f1e490d263,DS-000006,候选数据文件,ETH,4小时;8小时;24小时;48小时,15分钟;1小时,未知,未知,未知,未知,未知,未知,未知,未知,未知,未登记,无,config/数据/来源身份声明补采.json#身份声明[],a2b503bee22e558d2a12983346f4c7750b97234e9839b5dd9f80db0bd3e4c3b1,078e5f02252ebb65f8c728bc0c504e3a3d3e783ebbd2641e58b3841ea530fb97,08fac2370d4c7bd7117f20502bdb0224fd890d3c9be37d9c73c02d75297322f4,未知,b3a1fc5ec72ad95e258b584f936ad46befab951e0ee9e43eaa18179e34974387,无法判定,FILE_STAT_OBSERVED_IDENTITY_UNPROVEN,本批次只读；若声明、输入、Schema或授权漂移，既有结论自动失效并须追加新批次,未读取业务正文、价格、成交、订单簿、账户或凭据；身份字段不完整,为该成员提供当前版本九字段声明及逐字段Schema、授权和唯一证据定位后追加不可变批次,2d50c1344a835ceeb832796935182aeff80bb03cecc5465c8cf3aaccbd446acd,86129966e4bc55fac18f2d7602a2309d4403f85861102128a56a80a5a0ccc1ea,602fc93059121285db01c8fe9f0ea92d36785d0dcde151b2212e8079a8c8efc0
source-identity-declaration-20260808T051455+0800-c59753ae5b8f,ZI-ab8649c928c32ab7bfff8287,DS-000007,候选数据文件,ETH,4小时;8小时;24小时;48小时,15分钟;1小时,未知,未知,未知,未知,未知,未知,未知,未知,未知,未登记,无,config/数据/来源身份声明补采.json#身份声明[],a2b503bee22e558d2a12983346f4c7750b97234e9839b5dd9f80db0bd3e4c3b1,3d27809f20371a08ed176c677aaefe132b6a4fc3c9b9acf202f0e6982c17d731,05d74030c6aaf7fa78598833ba5f3c46562fea5b6c7527e83222db699a0f7405,未知,b3a1fc5ec72ad95e258b584f936ad46befab951e0ee9e43eaa18179e34974387,无法判定,FILE_STAT_OBSERVED_IDENTITY_UNPROVEN,本批次只读；若声明、输入、Schema或授权漂移，既有结论自动失效并须追加新批次,未读取业务正文、价格、成交、订单簿、账户或凭据；身份字段不完整,为该成员提供当前版本九字段声明及逐字段Schema、授权和唯一证据定位后追加不可变批次,2d50c1344a835ceeb832796935182aeff80bb03cecc5465c8cf3aaccbd446acd,86129966e4bc55fac18f2d7602a2309d4403f85861102128a56a80a5a0ccc1ea,13fde66ea8de27ef77429e008bf53606e1b36662ed82939ef046aa24b084a2ae
source-identity-declaration-20260808T051455+0800-c59753ae5b8f,ZI-803cad160ec9877f5950adb0,DS-000008,候选数据文件,ETH,4小时;8小时;24小时;48小时,15分钟;1小时,未知,未知,未知,未知,未知,未知,未知,未知,未知,未登记,无,config/数据/来源身份声明补采.json#身份声明[],a2b503bee22e558d2a12983346f4c7750b97234e9839b5dd9f80db0bd3e4c3b1,c41e435f351a0e89dcf979f9d54f0c4bf6732364a3fa041800b57b48d68dcad2,da0b82ebabe316093f40d07627662bfa6a1f3dda512b3233bda02699bf31741a,未知,b3a1fc5ec72ad95e258b584f936ad46befab951e0ee9e43eaa18179e34974387,无法判定,FILE_STAT_OBSERVED_IDENTITY_UNPROVEN,本批次只读；若声明、输入、Schema或授权漂移，既有结论自动失效并须追加新批次,未读取业务正文、价格、成交、订单簿、账户或凭据；身份字段不完整,为该成员提供当前版本九字段声明及逐字段Schema、授权和唯一证据定位后追加不可变批次,2d50c1344a835ceeb832796935182aeff80bb03cecc5465c8cf3aaccbd446acd,86129966e4bc55fac18f2d7602a2309d4403f85861102128a56a80a5a0ccc1ea,262f8a823ca305bcb90eb2ab270102516b8f4d839cab8c506febae40b6cf7955
source-identity-declaration-20260808T051455+0800-c59753ae5b8f,ZI-cb3f201795dbfc35bf020cc4,DS-000009,候选数据文件,ETH,4小时;8小时;24小时;48小时,15分钟;1小时,未知,未知,未知,未知,未知,未知,未知,未知,未知,未登记,无,config/数据/来源身份声明补采.json#身份声明[],a2b503bee22e558d2a12983346f4c7750b97234e9839b5dd9f80db0bd3e4c3b1,57f0db998d6317598e4c7335c89cb4bd04ec0e20592158cfc71f6fc34aa5ad44,1c84e71b28c261da9b2ee0e2a3c8b1068b142a85cd360a8ad0fd9b59f66bfac4,未知,b3a1fc5ec72ad95e258b584f936ad46befab951e0ee9e43eaa18179e34974387,无法判定,FILE_STAT_OBSERVED_IDENTITY_UNPROVEN,本批次只读；若声明、输入、Schema或授权漂移，既有结论自动失效并须追加新批次,未读取业务正文、价格、成交、订单簿、账户或凭据；身份字段不完整,为该成员提供当前版本九字段声明及逐字段Schema、授权和唯一证据定位后追加不可变批次,2d50c1344a835ceeb832796935182aeff80bb03cecc5465c8cf3aaccbd446acd,86129966e4bc55fac18f2d7602a2309d4403f85861102128a56a80a5a0ccc1ea,d840b77f629c09fd406c2edd448af50c319ecf48877df7fb7797a34a3baba9e7
source-identity-declaration-20260808T051455+0800-c59753ae5b8f,ZI-a0bd838ee633afa643f72fdb,DS-000010,候选数据文件,ETH,4小时;8小时;24小时;48小时,15分钟;1小时,未知,未知,未知,未知,未知,未知,未知,未知,未知,未登记,无,config/数据/来源身份声明补采.json#身份声明[],a2b503bee22e558d2a12983346f4c7750b97234e9839b5dd9f80db0bd3e4c3b1,60a868b7ba10f0aef5db99fd373934b8abcce84661ec2ad1ccee966866bbb502,ab6eb25ffb4fb546071545c7cea0ef9922b71cb58974ee30cd6b2388460fea43,未知,b3a1fc5ec72ad95e258b584f936ad46befab951e0ee9e43eaa18179e34974387,无法判定,FILE_STAT_OBSERVED_IDENTITY_UNPROVEN,本批次只读；若声明、输入、Schema或授权漂移，既有结论自动失效并须追加新批次,未读取业务正文、价格、成交、订单簿、账户或凭据；身份字段不完整,为该成员提供当前版本九字段声明及逐字段Schema、授权和唯一证据定位后追加不可变批次,2d50c1344a835ceeb832796935182aeff80bb03cecc5465c8cf3aaccbd446acd,86129966e4bc55fac18f2d7602a2309d4403f85861102128a56a80a5a0ccc1ea,3460e48bb70f64f1745487e56779fb4b1c09e2c6716c299bff9bec023d41bdfb
source-identity-declaration-20260808T051455+0800-c59753ae5b8f,ZI-c18845ce5953be525fba9e98,DS-000011,候选数据文件,ETH,4小时;8小时;24小时;48小时,15分钟;1小时,未知,未知,未知,未知,未知,未知,未知,未知,未知,未登记,无,config/数据/来源身份声明补采.json#身份声明[],a2b503bee22e558d2a12983346f4c7750b97234e9839b5dd9f80db0bd3e4c3b1,0ec6f6d6ec4c9b002bb715c2ae5793b70a41ece49bc4ab71ab962b1ea26e6c10,70223776d5c33043cba58e4cf9078a5341971889a7ae24af3e8cb7ad8d37c003,未知,b3a1fc5ec72ad95e258b584f936ad46befab951e0ee9e43eaa18179e34974387,无法判定,FILE_STAT_OBSERVED_IDENTITY_UNPROVEN,本批次只读；若声明、输入、Schema或授权漂移，既有结论自动失效并须追加新批次,未读取业务正文、价格、成交、订单簿、账户或凭据；身份字段不完整,为该成员提供当前版本九字段声明及逐字段Schema、授权和唯一证据定位后追加不可变批次,2d50c1344a835ceeb832796935182aeff80bb03cecc5465c8cf3aaccbd446acd,86129966e4bc55fac18f2d7602a2309d4403f85861102128a56a80a5a0ccc1ea,6605ebdb317fdfa8fc893a9b8076f28665e91a85bbdea87a73fd9debf31713a9
source-identity-declaration-20260808T051455+0800-c59753ae5b8f,ZI-6755e3ebe9d9a3e83f13a4a9,DS-000012,候选数据文件,ETH,4小时;8小时;24小时;48小时,15分钟;1小时,未知,未知,未知,未知,未知,未知,未知,未知,未知,未登记,无,config/数据/来源身份声明补采.json#身份声明[],a2b503bee22e558d2a12983346f4c7750b97234e9839b5dd9f80db0bd3e4c3b1,4029ce33cae96639a00b1f2934304f04d9204e36e7d06ee59efff58dc5e0082a,4dd0cfe504269f3a89737cc92ba0aa81c09cfa787c7c6a8fc0e299dee6613bec,未知,b3a1fc5ec72ad95e258b584f936ad46befab951e0ee9e43eaa18179e34974387,无法判定,FILE_STAT_OBSERVED_IDENTITY_UNPROVEN,本批次只读；若声明、输入、Schema或授权漂移，既有结论自动失效并须追加新批次,未读取业务正文、价格、成交、订单簿、账户或凭据；身份字段不完整,为该成员提供当前版本九字段声明及逐字段Schema、授权和唯一证据定位后追加不可变批次,2d50c1344a835ceeb832796935182aeff80bb03cecc5465c8cf3aaccbd446acd,86129966e4bc55fac18f2d7602a2309d4403f85861102128a56a80a5a0ccc1ea,b2e00d3ba3b43f6d409ed6615624008bae9355a4e673f2fbd6f2f6a92d3a29f8
source-identity-declaration-20260808T051455+0800-c59753ae5b8f,ZI-95764bb9d0fab4a919eda519,DS-000013,候选数据文件,ETH,4小时;8小时;24小时;48小时,15分钟;1小时,未知,未知,未知,未知,未知,未知,未知,未知,未知,未登记,无,config/数据/来源身份声明补采.json#身份声明[],a2b503bee22e558d2a12983346f4c7750b97234e9839b5dd9f80db0bd3e4c3b1,4b5998ebc81851afafa4abf90abf85ad6f259b9415055592ade9dfafdb51f0d3,338fd5e2bb1bb18b5373b6c742c9475a5c2f79b46ba831482bcc85cee7e4a7ee,未知,b3a1fc5ec72ad95e258b584f936ad46befab951e0ee9e43eaa18179e34974387,无法判定,FILE_STAT_OBSERVED_IDENTITY_UNPROVEN,本批次只读；若声明、输入、Schema或授权漂移，既有结论自动失效并须追加新批次,未读取业务正文、价格、成交、订单簿、账户或凭据；身份字段不完整,为该成员提供当前版本九字段声明及逐字段Schema、授权和唯一证据定位后追加不可变批次,2d50c1344a835ceeb832796935182aeff80bb03cecc5465c8cf3aaccbd446acd,86129966e4bc55fac18f2d7602a2309d4403f85861102128a56a80a5a0ccc1ea,7f42f33e9b867b2c1ad7b4e7a679a488ce76e4061d45ef064c46a69a6261692a
source-identity-declaration-20260808T051455+0800-c59753ae5b8f,ZI-3b9c54566bc10a3e90b3766c,DS-000014,候选数据文件,ETH,4小时;8小时;24小时;48小时,15分钟;1小时,未知,未知,未知,未知,未知,未知,未知,未知,未知,未登记,无,config/数据/来源身份声明补采.json#身份声明[],a2b503bee22e558d2a12983346f4c7750b97234e9839b5dd9f80db0bd3e4c3b1,a2913685c4ef3199de4ac1910f6c1bd45e3a521e39fad3c5475e0071673b8a28,94b33236e77a53ad18d46d30ca3117a6c7a4f4089b5fb75eaf51eb9abdb22ac3,未知,b3a1fc5ec72ad95e258b584f936ad46befab951e0ee9e43eaa18179e34974387,无法判定,FILE_STAT_OBSERVED_IDENTITY_UNPROVEN,本批次只读；若声明、输入、Schema或授权漂移，既有结论自动失效并须追加新批次,未读取业务正文、价格、成交、订单簿、账户或凭据；身份字段不完整,为该成员提供当前版本九字段声明及逐字段Schema、授权和唯一证据定位后追加不可变批次,2d50c1344a835ceeb832796935182aeff80bb03cecc5465c8cf3aaccbd446acd,86129966e4bc55fac18f2d7602a2309d4403f85861102128a56a80a5a0ccc1ea,a7de6a0b7b00ce23fa7141f18fe49ea985e310b2dab8a2235677275c0f93ceb4
source-identity-declaration-20260808T051455+0800-c59753ae5b8f,ZI-4f294e47780b8d95f28c6c55,DS-000015,候选数据文件,ETH,4小时;8小时;24小时;48小时,15分钟;1小时,未知,未知,未知,未知,未知,未知,未知,未知,未知,未登记,无,config/数据/来源身份声明补采.json#身份声明[],a2b503bee22e558d2a12983346f4c7750b97234e9839b5dd9f80db0bd3e4c3b1,0954b82bf7f57e01d704dbddc6046326d1d248a34af7095367bb8eca340f6dcf,ba196e8b46d3bb1255ad35d0d96c6caca1d91473ece1ffc3d93e940ea9f6509c,未知,b3a1fc5ec72ad95e258b584f936ad46befab951e0ee9e43eaa18179e34974387,无法判定,FILE_STAT_OBSERVED_IDENTITY_UNPROVEN,本批次只读；若声明、输入、Schema或授权漂移，既有结论自动失效并须追加新批次,未读取业务正文、价格、成交、订单簿、账户或凭据；身份字段不完整,为该成员提供当前版本九字段声明及逐字段Schema、授权和唯一证据定位后追加不可变批次,2d50c1344a835ceeb832796935182aeff80bb03cecc5465c8cf3aaccbd446acd,86129966e4bc55fac18f2d7602a2309d4403f85861102128a56a80a5a0ccc1ea,0a804557497acbcc29f3021fea7f350b50848493d922c35c23d150dfdef2db63
source-identity-declaration-20260808T051455+0800-c59753ae5b8f,ZI-aee0aa011ef421beb877e180,DS-000016,候选数据文件,ETH,4小时;8小时;24小时;48小时,15分钟;1小时,未知,未知,未知,未知,未知,未知,未知,未知,未知,未登记,无,config/数据/来源身份声明补采.json#身份声明[],a2b503bee22e558d2a12983346f4c7750b97234e9839b5dd9f80db0bd3e4c3b1,d541c1aa39ca532bc63001a37820a93db5822824a913980ff6e6492016cd8c06,cf8dee8e990c70063ddac945720f2e7f2045996723bbefdb6f6aa71d447540d5,未知,b3a1fc5ec72ad95e258b584f936ad46befab951e0ee9e43eaa18179e34974387,无法判定,FILE_STAT_OBSERVED_IDENTITY_UNPROVEN,本批次只读；若声明、输入、Schema或授权漂移，既有结论自动失效并须追加新批次,未读取业务正文、价格、成交、订单簿、账户或凭据；身份字段不完整,为该成员提供当前版本九字段声明及逐字段Schema、授权和唯一证据定位后追加不可变批次,2d50c1344a835ceeb832796935182aeff80bb03cecc5465c8cf3aaccbd446acd,86129966e4bc55fac18f2d7602a2309d4403f85861102128a56a80a5a0ccc1ea,848cd93750d9f4fc8948a31f54a7f977d29d389778c056228b217434d0af2f5c
source-identity-declaration-20260808T051455+0800-c59753ae5b8f,ZI-7e0cdf9830865f043bda9ce4,DS-000017,候选数据文件,ETH,4小时;8小时;24小时;48小时,15分钟;1小时,未知,未知,未知,未知,未知,未知,未知,未知,未知,未登记,无,config/数据/来源身份声明补采.json#身份声明[],a2b503bee22e558d2a12983346f4c7750b97234e9839b5dd9f80db0bd3e4c3b1,724331ff5fb4ae5702e299c4ab592929e83424f81741ca15f49f79f17bb48302,d1cb4a02b7b4f0ac7f9deb9aa016893a5d62c9075c5341685fa804dcea8b5cf6,未知,b3a1fc5ec72ad95e258b584f936ad46befab951e0ee9e43eaa18179e34974387,无法判定,FILE_STAT_OBSERVED_IDENTITY_UNPROVEN,本批次只读；若声明、输入、Schema或授权漂移，既有结论自动失效并须追加新批次,未读取业务正文、价格、成交、订单簿、账户或凭据；身份字段不完整,为该成员提供当前版本九字段声明及逐字段Schema、授权和唯一证据定位后追加不可变批次,2d50c1344a835ceeb832796935182aeff80bb03cecc5465c8cf3aaccbd446acd,86129966e4bc55fac18f2d7602a2309d4403f85861102128a56a80a5a0ccc1ea,6488d30bfcd7ea10c057a655bb2537521c4193cd405cfa5e57baf019b8645ace
source-identity-declaration-20260808T051455+0800-c59753ae5b8f,ZI-f26a91d704b8153b3b13bcab,DS-000018,候选数据文件,ETH,4小时;8小时;24小时;48小时,15分钟;1小时,未知,未知,未知,未知,未知,未知,未知,未知,未知,未登记,无,config/数据/来源身份声明补采.json#身份声明[],a2b503bee22e558d2a12983346f4c7750b97234e9839b5dd9f80db0bd3e4c3b1,8ac6e149c9aa2f85191b075fe19ae6ab08e0241833b5e33f84b0a42f76e71509,ccfce573e1509c4ce6639e2a67cbce82dbd9a0fef3bec3aed5601bba4a8db09f,未知,b3a1fc5ec72ad95e258b584f936ad46befab951e0ee9e43eaa18179e34974387,无法判定,FILE_STAT_OBSERVED_IDENTITY_UNPROVEN,本批次只读；若声明、输入、Schema或授权漂移，既有结论自动失效并须追加新批次,未读取业务正文、价格、成交、订单簿、账户或凭据；身份字段不完整,为该成员提供当前版本九字段声明及逐字段Schema、授权和唯一证据定位后追加不可变批次,2d50c1344a835ceeb832796935182aeff80bb03cecc5465c8cf3aaccbd446acd,86129966e4bc55fac18f2d7602a2309d4403f85861102128a56a80a5a0ccc1ea,cec4cdaae25be52da2ff0a20ca3ee9ce5561afcba97ab3cdbfab7288bb76bb6b
source-identity-declaration-20260808T051455+0800-c59753ae5b8f,ZI-033ce08ef691bdde9d29398b,DS-000019,候选数据文件,ETH,4小时;8小时;24小时;48小时,15分钟;1小时,未知,未知,未知,未知,未知,未知,未知,未知,未知,未登记,无,config/数据/来源身份声明补采.json#身份声明[],a2b503bee22e558d2a12983346f4c7750b97234e9839b5dd9f80db0bd3e4c3b1,9fe44aeeec52824c44f64f54bd209145b51e04d8a6e4a281d96b9d9c9c5adc3d,e9f3497108c4ef7faa17c1d0ab180ed70c665f3736320e659ff6fd5949dde51c,未知,b3a1fc5ec72ad95e258b584f936ad46befab951e0ee9e43eaa18179e34974387,无法判定,FILE_STAT_OBSERVED_IDENTITY_UNPROVEN,本批次只读；若声明、输入、Schema或授权漂移，既有结论自动失效并须追加新批次,未读取业务正文、价格、成交、订单簿、账户或凭据；身份字段不完整,为该成员提供当前版本九字段声明及逐字段Schema、授权和唯一证据定位后追加不可变批次,2d50c1344a835ceeb832796935182aeff80bb03cecc5465c8cf3aaccbd446acd,86129966e4bc55fac18f2d7602a2309d4403f85861102128a56a80a5a0ccc1ea,d9c443d31a70234be3a2b0e26f898de06948e8ab8bec22cdb6866f909197378a
source-identity-declaration-20260808T051455+0800-c59753ae5b8f,ZI-77e33436a724310dfdbb45ff,DS-000020,候选数据文件,ETH,4小时;8小时;24小时;48小时,15分钟;1小时,未知,未知,未知,未知,未知,未知,未知,未知,未知,未登记,无,config/数据/来源身份声明补采.json#身份声明[],a2b503bee22e558d2a12983346f4c7750b97234e9839b5dd9f80db0bd3e4c3b1,1c5ab3f968edb2a20de6de92fb10feb8d2736c0dbd5b1cc743a178c603b79e8b,d04c0741957705e73c7006b50c19c45038bc4c0f2d0ac6ff4177f5b123a2fd30,未知,b3a1fc5ec72ad95e258b584f936ad46befab951e0ee9e43eaa18179e34974387,无法判定,FILE_STAT_OBSERVED_IDENTITY_UNPROVEN,本批次只读；若声明、输入、Schema或授权漂移，既有结论自动失效并须追加新批次,未读取业务正文、价格、成交、订单簿、账户或凭据；身份字段不完整,为该成员提供当前版本九字段声明及逐字段Schema、授权和唯一证据定位后追加不可变批次,2d50c1344a835ceeb832796935182aeff80bb03cecc5465c8cf3aaccbd446acd,86129966e4bc55fac18f2d7602a2309d4403f85861102128a56a80a5a0ccc1ea,d1d143eea1298e3c523469fcbb3b9a5037c642309abb47bafe569508701fe8e8
source-identity-declaration-20260808T051455+0800-c59753ae5b8f,ZI-04ca2b6ded2abaa7a64050a6,DS-000021,候选数据文件,ETH,4小时;8小时;24小时;48小时,15分钟;1小时,未知,未知,未知,未知,未知,未知,未知,未知,未知,未登记,无,config/数据/来源身份声明补采.json#身份声明[],a2b503bee22e558d2a12983346f4c7750b97234e9839b5dd9f80db0bd3e4c3b1,64628c57337149fa715a32c92112d28beb11ea157cc51cbef8d8fb2ac089af2d,bb7d52ffab4c620216335093ec95b8123196dd669e9376a13554b64171223064,未知,b3a1fc5ec72ad95e258b584f936ad46befab951e0ee9e43eaa18179e34974387,无法判定,FILE_STAT_OBSERVED_IDENTITY_UNPROVEN,本批次只读；若声明、输入、Schema或授权漂移，既有结论自动失效并须追加新批次,未读取业务正文、价格、成交、订单簿、账户或凭据；身份字段不完整,为该成员提供当前版本九字段声明及逐字段Schema、授权和唯一证据定位后追加不可变批次,2d50c1344a835ceeb832796935182aeff80bb03cecc5465c8cf3aaccbd446acd,86129966e4bc55fac18f2d7602a2309d4403f85861102128a56a80a5a0ccc1ea,b7e8bb5a242219f414ce99181e3723f6ed4a35c02f1ab623ca364b85ef8efb21
source-identity-declaration-20260808T051455+0800-c59753ae5b8f,ZI-2570062f645b43ce27a0487c,DS-000022,候选数据文件,ETH,4小时;8小时;24小时;48小时,15分钟;1小时,未知,未知,未知,未知,未知,未知,未知,未知,未知,未登记,无,config/数据/来源身份声明补采.json#身份声明[],a2b503bee22e558d2a12983346f4c7750b97234e9839b5dd9f80db0bd3e4c3b1,cb0f988b4041dfe60459b092dd3d8713a68e767cffe3cea694725d3b12df3874,2996e1baed6afd98549937bcfb68e08635a23cd1c2d53f3cf66c083845112d84,未知,b3a1fc5ec72ad95e258b584f936ad46befab951e0ee9e43eaa18179e34974387,无法判定,FILE_STAT_OBSERVED_IDENTITY_UNPROVEN,本批次只读；若声明、输入、Schema或授权漂移，既有结论自动失效并须追加新批次,未读取业务正文、价格、成交、订单簿、账户或凭据；身份字段不完整,为该成员提供当前版本九字段声明及逐字段Schema、授权和唯一证据定位后追加不可变批次,2d50c1344a835ceeb832796935182aeff80bb03cecc5465c8cf3aaccbd446acd,86129966e4bc55fac18f2d7602a2309d4403f85861102128a56a80a5a0ccc1ea,67e8c650c8df2c27830d165008de74ead44e906fa16b65d2028d5d48a09bc401
source-identity-declaration-20260808T051455+0800-c59753ae5b8f,ZI-be30400ad91dda28af131417,DS-000023,候选数据文件,ETH,4小时;8小时;24小时;48小时,15分钟;1小时,未知,未知,未知,未知,未知,未知,未知,未知,未知,未登记,无,config/数据/来源身份声明补采.json#身份声明[],a2b503bee22e558d2a12983346f4c7750b97234e9839b5dd9f80db0bd3e4c3b1,7f5828afd16eeb5023d1e7c3d6abf2f23c149f3225a3e53e1078c8e613a07332,8aed83070f51a10889aa2ad427b5fdd393e54dedc790048f7640537e26884244,未知,b3a1fc5ec72ad95e258b584f936ad46befab951e0ee9e43eaa18179e34974387,无法判定,FILE_STAT_OBSERVED_IDENTITY_UNPROVEN,本批次只读；若声明、输入、Schema或授权漂移，既有结论自动失效并须追加新批次,未读取业务正文、价格、成交、订单簿、账户或凭据；身份字段不完整,为该成员提供当前版本九字段声明及逐字段Schema、授权和唯一证据定位后追加不可变批次,2d50c1344a835ceeb832796935182aeff80bb03cecc5465c8cf3aaccbd446acd,86129966e4bc55fac18f2d7602a2309d4403f85861102128a56a80a5a0ccc1ea,cc03b48542ef8097267f0abdbff5cde80670ad33e6998ce9523793fed4a01faf
source-identity-declaration-20260808T051455+0800-c59753ae5b8f,ZI-a0d4e3f46f73962f77ebd7c5,DS-000024,候选数据文件,ETH,4小时;8小时;24小时;48小时,15分钟;1小时,未知,未知,未知,未知,未知,未知,未知,未知,未知,未登记,无,config/数据/来源身份声明补采.json#身份声明[],a2b503bee22e558d2a12983346f4c7750b97234e9839b5dd9f80db0bd3e4c3b1,1a5501c145cb78341a0bdc4a0d62283d57d8158db9cee6a6f6b9300451cfb669,a16243c93228dbf06273dcce7ed16e994d6ed320c1821791566d9bcce0b1fe3a,未知,b3a1fc5ec72ad95e258b584f936ad46befab951e0ee9e43eaa18179e34974387,无法判定,FILE_STAT_OBSERVED_IDENTITY_UNPROVEN,本批次只读；若声明、输入、Schema或授权漂移，既有结论自动失效并须追加新批次,未读取业务正文、价格、成交、订单簿、账户或凭据；身份字段不完整,为该成员提供当前版本九字段声明及逐字段Schema、授权和唯一证据定位后追加不可变批次,2d50c1344a835ceeb832796935182aeff80bb03cecc5465c8cf3aaccbd446acd,86129966e4bc55fac18f2d7602a2309d4403f85861102128a56a80a5a0ccc1ea,7003d9c8f8a92e4504ca8ddf27cd21f299155bc05959124aac9ad0bb342bb6b0
source-identity-declaration-20260808T051455+0800-c59753ae5b8f,ZI-0b664412f41ac3e18fc48be7,DS-000025,候选数据文件,ETH,4小时;8小时;24小时;48小时,15分钟;1小时,未知,未知,未知,未知,未知,未知,未知,未知,未知,未登记,无,config/数据/来源身份声明补采.json#身份声明[],a2b503bee22e558d2a12983346f4c7750b97234e9839b5dd9f80db0bd3e4c3b1,90a66897075859e1d9c9e335f1e6bf8caa40126b5af49abd6f7dd08c1c62ab7b,d02b2be6d2d0f29f21065db7d30e94e983e5abee74280e1cddd82f2a5fc46e1a,未知,b3a1fc5ec72ad95e258b584f936ad46befab951e0ee9e43eaa18179e34974387,无法判定,FILE_STAT_OBSERVED_IDENTITY_UNPROVEN,本批次只读；若声明、输入、Schema或授权漂移，既有结论自动失效并须追加新批次,未读取业务正文、价格、成交、订单簿、账户或凭据；身份字段不完整,为该成员提供当前版本九字段声明及逐字段Schema、授权和唯一证据定位后追加不可变批次,2d50c1344a835ceeb832796935182aeff80bb03cecc5465c8cf3aaccbd446acd,86129966e4bc55fac18f2d7602a2309d4403f85861102128a56a80a5a0ccc1ea,e88f53c545f9f8c211961ed491310d9f112aaa2e1c58a24a2359464d1044e989
source-identity-declaration-20260808T051455+0800-c59753ae5b8f,ZI-0fe134d0066f7b835eaba2f2,DS-000026,候选数据文件,ETH,4小时;8小时;24小时;48小时,15分钟;1小时,未知,未知,未知,未知,未知,未知,未知,未知,未知,未登记,无,config/数据/来源身份声明补采.json#身份声明[],a2b503bee22e558d2a12983346f4c7750b97234e9839b5dd9f80db0bd3e4c3b1,d0f705abea8912f989edaccb9cf08cd41eda84e652f74e68a9312e843e842f77,1b9cbb633782c7b249cb4169195daf3317a29c99aec153704282bf945fa3d791,未知,b3a1fc5ec72ad95e258b584f936ad46befab951e0ee9e43eaa18179e34974387,无法判定,FILE_STAT_OBSERVED_IDENTITY_UNPROVEN,本批次只读；若声明、输入、Schema或授权漂移，既有结论自动失效并须追加新批次,未读取业务正文、价格、成交、订单簿、账户或凭据；身份字段不完整,为该成员提供当前版本九字段声明及逐字段Schema、授权和唯一证据定位后追加不可变批次,2d50c1344a835ceeb832796935182aeff80bb03cecc5465c8cf3aaccbd446acd,86129966e4bc55fac18f2d7602a2309d4403f85861102128a56a80a5a0ccc1ea,bb08379512ef230c24a4ad53d685a3c7aae0f77bed18cc5f907e43f1b4a5d528
source-identity-declaration-20260808T051455+0800-c59753ae5b8f,ZI-089f0c0ebeeb9e87f76c31ff,DS-000027,候选数据文件,ETH,4小时;8小时;24小时;48小时,15分钟;1小时,未知,未知,未知,未知,未知,未知,未知,未知,未知,未登记,无,config/数据/来源身份声明补采.json#身份声明[],a2b503bee22e558d2a12983346f4c7750b97234e9839b5dd9f80db0bd3e4c3b1,e25a817f99d52e3d90fb7614939eebcaf57d0bc0f82ee9b42e562f78d2066f9d,b8714618b6412853dba3a92862402c9b3972f7061507a0e26408f6dc357db88f,未知,b3a1fc5ec72ad95e258b584f936ad46befab951e0ee9e43eaa18179e34974387,无法判定,FILE_STAT_OBSERVED_IDENTITY_UNPROVEN,本批次只读；若声明、输入、Schema或授权漂移，既有结论自动失效并须追加新批次,未读取业务正文、价格、成交、订单簿、账户或凭据；身份字段不完整,为该成员提供当前版本九字段声明及逐字段Schema、授权和唯一证据定位后追加不可变批次,2d50c1344a835ceeb832796935182aeff80bb03cecc5465c8cf3aaccbd446acd,86129966e4bc55fac18f2d7602a2309d4403f85861102128a56a80a5a0ccc1ea,dbaa461a438607c2cc98070c6ba0f20ad18d6192edf4464c3ad246ed74ff6fa6
source-identity-declaration-20260808T051455+0800-c59753ae5b8f,ZI-9281ed93ca15f2fdc9ea24d8,DS-000028,候选数据文件,ETH,4小时;8小时;24小时;48小时,15分钟;1小时,未知,未知,未知,未知,未知,未知,未知,未知,未知,未登记,无,config/数据/来源身份声明补采.json#身份声明[],a2b503bee22e558d2a12983346f4c7750b97234e9839b5dd9f80db0bd3e4c3b1,47294cc8ccff44581c75aa5d3c70bc29e9916391a25182dc2645263835aa4c55,ca61ac6dfbc8685ad69ec28ce2fe954546b8bbeb10944b952a6082215f1aece5,未知,b3a1fc5ec72ad95e258b584f936ad46befab951e0ee9e43eaa18179e34974387,无法判定,FILE_STAT_OBSERVED_IDENTITY_UNPROVEN,本批次只读；若声明、输入、Schema或授权漂移，既有结论自动失效并须追加新批次,未读取业务正文、价格、成交、订单簿、账户或凭据；身份字段不完整,为该成员提供当前版本九字段声明及逐字段Schema、授权和唯一证据定位后追加不可变批次,2d50c1344a835ceeb832796935182aeff80bb03cecc5465c8cf3aaccbd446acd,86129966e4bc55fac18f2d7602a2309d4403f85861102128a56a80a5a0ccc1ea,e2e0f939b3be0f1391071e8c664c0d3ae8316fd31411892a4c4af2a87dc4184a
source-identity-declaration-20260808T051455+0800-c59753ae5b8f,ZI-8cc6ec85cad87703abaaeba8,DS-000029,候选数据文件,ETH,4小时;8小时;24小时;48小时,15分钟;1小时,未知,未知,未知,未知,未知,未知,未知,未知,未知,未登记,无,config/数据/来源身份声明补采.json#身份声明[],a2b503bee22e558d2a12983346f4c7750b97234e9839b5dd9f80db0bd3e4c3b1,7dd9f501d01b088e7ff2286b3f33fd8431fdbab3aea1cdb36bd41099a798703e,55c62d437482e770422f660443c8bb3e1bd1f8fd84f2c37eae172f4ef5c82861,未知,b3a1fc5ec72ad95e258b584f936ad46befab951e0ee9e43eaa18179e34974387,无法判定,FILE_STAT_OBSERVED_IDENTITY_UNPROVEN,本批次只读；若声明、输入、Schema或授权漂移，既有结论自动失效并须追加新批次,未读取业务正文、价格、成交、订单簿、账户或凭据；身份字段不完整,为该成员提供当前版本九字段声明及逐字段Schema、授权和唯一证据定位后追加不可变批次,2d50c1344a835ceeb832796935182aeff80bb03cecc5465c8cf3aaccbd446acd,86129966e4bc55fac18f2d7602a2309d4403f85861102128a56a80a5a0ccc1ea,403036b3b88d574e8a236953fdeb4283b857b8d4d72ae377d596140b5d70f344
source-identity-declaration-20260808T051455+0800-c59753ae5b8f,ZI-d9c1e236f123c75e588d2059,DS-000030,候选数据文件,ETH,4小时;8小时;24小时;48小时,15分钟;1小时,未知,未知,未知,未知,未知,未知,未知,未知,未知,未登记,无,config/数据/来源身份声明补采.json#身份声明[],a2b503bee22e558d2a12983346f4c7750b97234e9839b5dd9f80db0bd3e4c3b1,7feaf8dbf2a33227bce6c15a332add2a8df5958d70cd20dde169159beffeafd8,5e939c64cae9f29f391d8578713f08f2352b42e4b6a5b0d84b70f171f2232476,未知,b3a1fc5ec72ad95e258b584f936ad46befab951e0ee9e43eaa18179e34974387,无法判定,FILE_STAT_OBSERVED_IDENTITY_UNPROVEN,本批次只读；若声明、输入、Schema或授权漂移，既有结论自动失效并须追加新批次,未读取业务正文、价格、成交、订单簿、账户或凭据；身份字段不完整,为该成员提供当前版本九字段声明及逐字段Schema、授权和唯一证据定位后追加不可变批次,2d50c1344a835ceeb832796935182aeff80bb03cecc5465c8cf3aaccbd446acd,86129966e4bc55fac18f2d7602a2309d4403f85861102128a56a80a5a0ccc1ea,1019ce15c2e11cacf7a80d02a6a95a7ee336c904ac061e10f1111e53486bf58c
source-identity-declaration-20260808T051455+0800-c59753ae5b8f,ZI-c169483e7e35bbdae6c6bc04,DS-000031,候选数据文件,ETH,4小时;8小时;24小时;48小时,15分钟;1小时,未知,未知,未知,未知,未知,未知,未知,未知,未知,未登记,无,config/数据/来源身份声明补采.json#身份声明[],a2b503bee22e558d2a12983346f4c7750b97234e9839b5dd9f80db0bd3e4c3b1,7e617ea65285053e80e850b1a42685e97f1dc11f8a21b09b7a1ddeec481c8607,03ab59e8e774cb766e2fb88000ffb3984a777b0efa71469703eb9d3483184ca5,未知,b3a1fc5ec72ad95e258b584f936ad46befab951e0ee9e43eaa18179e34974387,无法判定,FILE_STAT_OBSERVED_IDENTITY_UNPROVEN,本批次只读；若声明、输入、Schema或授权漂移，既有结论自动失效并须追加新批次,未读取业务正文、价格、成交、订单簿、账户或凭据；身份字段不完整,为该成员提供当前版本九字段声明及逐字段Schema、授权和唯一证据定位后追加不可变批次,2d50c1344a835ceeb832796935182aeff80bb03cecc5465c8cf3aaccbd446acd,86129966e4bc55fac18f2d7602a2309d4403f85861102128a56a80a5a0ccc1ea,8cf8b3cbd205832c60afd8dfe8885e9f5347cbf1d3b67b0ca59a5bc0f42aa83d
source-identity-declaration-20260808T051455+0800-c59753ae5b8f,ZI-a21ccbe20389643ee308b69f,DS-000032,候选数据文件,ETH,4小时;8小时;24小时;48小时,15分钟;1小时,未知,未知,未知,未知,未知,未知,未知,未知,未知,未登记,无,config/数据/来源身份声明补采.json#身份声明[],a2b503bee22e558d2a12983346f4c7750b97234e9839b5dd9f80db0bd3e4c3b1,2ce15b1930aad50b11f350398a0b450644e98b842f7ef2acedf4bee77e77db57,d4f0454fb81a9c29f899f9445d661e3f29161be0e20e0339e9a3bb9b947cc022,未知,b3a1fc5ec72ad95e258b584f936ad46befab951e0ee9e43eaa18179e34974387,无法判定,FILE_STAT_OBSERVED_IDENTITY_UNPROVEN,本批次只读；若声明、输入、Schema或授权漂移，既有结论自动失效并须追加新批次,未读取业务正文、价格、成交、订单簿、账户或凭据；身份字段不完整,为该成员提供当前版本九字段声明及逐字段Schema、授权和唯一证据定位后追加不可变批次,2d50c1344a835ceeb832796935182aeff80bb03cecc5465c8cf3aaccbd446acd,86129966e4bc55fac18f2d7602a2309d4403f85861102128a56a80a5a0ccc1ea,ea73b93c1ba8ccc7379befb57d080e5413af094c4eceb5a2f553abf9f1428076
source-identity-declaration-20260808T051455+0800-c59753ae5b8f,ZI-065c781df7752f8f461475e9,DS-000033,候选数据文件,ETH,4小时;8小时;24小时;48小时,15分钟;1小时,未知,未知,未知,未知,未知,未知,未知,未知,未知,未登记,无,config/数据/来源身份声明补采.json#身份声明[],a2b503bee22e558d2a12983346f4c7750b97234e9839b5dd9f80db0bd3e4c3b1,6c383d50d95f4de8a57eed3f877bf95e02d1617101a25d532b17bf06f1520432,aaaa223c6f21891dd45561d9c42e7cbff0a7c4773594b6b9edb5e0098ff0b40e,未知,b3a1fc5ec72ad95e258b584f936ad46befab951e0ee9e43eaa18179e34974387,无法判定,FILE_STAT_OBSERVED_IDENTITY_UNPROVEN,本批次只读；若声明、输入、Schema或授权漂移，既有结论自动失效并须追加新批次,未读取业务正文、价格、成交、订单簿、账户或凭据；身份字段不完整,为该成员提供当前版本九字段声明及逐字段Schema、授权和唯一证据定位后追加不可变批次,2d50c1344a835ceeb832796935182aeff80bb03cecc5465c8cf3aaccbd446acd,86129966e4bc55fac18f2d7602a2309d4403f85861102128a56a80a5a0ccc1ea,f67c93df2f8bf5f920d4600a96a7157bd1d47aef4aedd1bb1ee2c76e63cabb30
source-identity-declaration-20260808T051455+0800-c59753ae5b8f,ZI-5d61fc5d919fc31f69eb6247,DS-000034,候选数据文件,ETH,4小时;8小时;24小时;48小时,15分钟;1小时,未知,未知,未知,未知,未知,未知,未知,未知,未知,未登记,无,config/数据/来源身份声明补采.json#身份声明[],a2b503bee22e558d2a12983346f4c7750b97234e9839b5dd9f80db0bd3e4c3b1,620ec0b6af2da2ee08cf1e41e20fb6206dec2fe11c489115b4686ab4d470868b,a01637dd420036d7350e638e74f3446d7bb6eab8c381e617cb8a151b13d187e2,未知,b3a1fc5ec72ad95e258b584f936ad46befab951e0ee9e43eaa18179e34974387,无法判定,FILE_STAT_OBSERVED_IDENTITY_UNPROVEN,本批次只读；若声明、输入、Schema或授权漂移，既有结论自动失效并须追加新批次,未读取业务正文、价格、成交、订单簿、账户或凭据；身份字段不完整,为该成员提供当前版本九字段声明及逐字段Schema、授权和唯一证据定位后追加不可变批次,2d50c1344a835ceeb832796935182aeff80bb03cecc5465c8cf3aaccbd446acd,86129966e4bc55fac18f2d7602a2309d4403f85861102128a56a80a5a0ccc1ea,0ad2812e991ee9a678c900d43243fadf92f89e0d7f1c78768416d2a10d250d37
source-identity-declaration-20260808T051455+0800-c59753ae5b8f,ZI-cc518c78335b4566ab3ba1b7,DS-000035,候选数据文件,ETH,4小时;8小时;24小时;48小时,15分钟;1小时,未知,未知,未知,未知,未知,未知,未知,未知,未知,未登记,无,config/数据/来源身份声明补采.json#身份声明[],a2b503bee22e558d2a12983346f4c7750b97234e9839b5dd9f80db0bd3e4c3b1,c8052ba5f3ee15d405a6a41853edafb8cc7df932629aa95e77ecbbf0cf89d0c9,7eb455130bf984a8fcdb908e3cf4afcfe777dd54303cbefcfd031147206fbd8e,未知,b3a1fc5ec72ad95e258b584f936ad46befab951e0ee9e43eaa18179e34974387,无法判定,FILE_STAT_OBSERVED_IDENTITY_UNPROVEN,本批次只读；若声明、输入、Schema或授权漂移，既有结论自动失效并须追加新批次,未读取业务正文、价格、成交、订单簿、账户或凭据；身份字段不完整,为该成员提供当前版本九字段声明及逐字段Schema、授权和唯一证据定位后追加不可变批次,2d50c1344a835ceeb832796935182aeff80bb03cecc5465c8cf3aaccbd446acd,86129966e4bc55fac18f2d7602a2309d4403f85861102128a56a80a5a0ccc1ea,71a821f42c8bccfa5d9ca8283978d40e47a2b2a7d05a405d233fc32513e2f5e0
source-identity-declaration-20260808T051455+0800-c59753ae5b8f,ZI-8494e07bc3f0426de16a8b6d,DS-000036,候选数据文件,ETH,4小时;8小时;24小时;48小时,15分钟;1小时,未知,未知,未知,未知,未知,未知,未知,未知,未知,未登记,无,config/数据/来源身份声明补采.json#身份声明[],a2b503bee22e558d2a12983346f4c7750b97234e9839b5dd9f80db0bd3e4c3b1,831dbef09d5e1df0dc41e48ab9504365e6e18a12807ca94e1c805c8181299249,c4f22a85750bb0304abb271618e0b591819a12749f5f1fc70594e81094ee0c66,未知,b3a1fc5ec72ad95e258b584f936ad46befab951e0ee9e43eaa18179e34974387,无法判定,FILE_STAT_OBSERVED_IDENTITY_UNPROVEN,本批次只读；若声明、输入、Schema或授权漂移，既有结论自动失效并须追加新批次,未读取业务正文、价格、成交、订单簿、账户或凭据；身份字段不完整,为该成员提供当前版本九字段声明及逐字段Schema、授权和唯一证据定位后追加不可变批次,2d50c1344a835ceeb832796935182aeff80bb03cecc5465c8cf3aaccbd446acd,86129966e4bc55fac18f2d7602a2309d4403f85861102128a56a80a5a0ccc1ea,1eccc227368b9ad5b9d661ee7b7a13f96c6a9e022e4776cdaec2ea9764acaa48
source-identity-declaration-20260808T051455+0800-c59753ae5b8f,ZI-33fe8b0ddda1dd1d88720875,DS-000037,候选数据文件,ETH,4小时;8小时;24小时;48小时,15分钟;1小时,未知,未知,未知,未知,未知,未知,未知,未知,未知,未登记,无,config/数据/来源身份声明补采.json#身份声明[],a2b503bee22e558d2a12983346f4c7750b97234e9839b5dd9f80db0bd3e4c3b1,c6a61887a923c5a8e4ba052c9fa91d7c255b03f4bcc5c28d53deafc5f40d8e2b,17626b9fd43c49af70347bca70733764ac11853c03bc46cf4079a555eebd20a4,未知,b3a1fc5ec72ad95e258b584f936ad46befab951e0ee9e43eaa18179e34974387,无法判定,FILE_STAT_OBSERVED_IDENTITY_UNPROVEN,本批次只读；若声明、输入、Schema或授权漂移，既有结论自动失效并须追加新批次,未读取业务正文、价格、成交、订单簿、账户或凭据；身份字段不完整,为该成员提供当前版本九字段声明及逐字段Schema、授权和唯一证据定位后追加不可变批次,2d50c1344a835ceeb832796935182aeff80bb03cecc5465c8cf3aaccbd446acd,86129966e4bc55fac18f2d7602a2309d4403f85861102128a56a80a5a0ccc1ea,d6cbfe7c3f0e0a6c9d580ca757d22f8361a905fac9facfd77bd64b8b0122ae10
source-identity-declaration-20260808T051455+0800-c59753ae5b8f,ZI-165cfc2a30a597ce932c236b,DS-000038,候选数据文件,ETH,4小时;8小时;24小时;48小时,15分钟;1小时,未知,未知,未知,未知,未知,未知,未知,未知,未知,未登记,无,config/数据/来源身份声明补采.json#身份声明[],a2b503bee22e558d2a12983346f4c7750b97234e9839b5dd9f80db0bd3e4c3b1,fa4631a27e1710a2adac5e18f14fba4d3ac7985b62a900a8a32921c0f616b5e6,559ad5a118a39b34f6f5214d20e9e851eddf34b0a4078ecef8416070fc140c2d,未知,b3a1fc5ec72ad95e258b584f936ad46befab951e0ee9e43eaa18179e34974387,无法判定,FILE_STAT_OBSERVED_IDENTITY_UNPROVEN,本批次只读；若声明、输入、Schema或授权漂移，既有结论自动失效并须追加新批次,未读取业务正文、价格、成交、订单簿、账户或凭据；身份字段不完整,为该成员提供当前版本九字段声明及逐字段Schema、授权和唯一证据定位后追加不可变批次,2d50c1344a835ceeb832796935182aeff80bb03cecc5465c8cf3aaccbd446acd,86129966e4bc55fac18f2d7602a2309d4403f85861102128a56a80a5a0ccc1ea,3449a99b646474c46195a5e1f1a5aad33029728244ebe268390289bbeeffc9d4
source-identity-declaration-20260808T051455+0800-c59753ae5b8f,ZI-68e34c7b43bcb72873389cfb,DS-000039,候选数据文件,ETH,4小时;8小时;24小时;48小时,15分钟;1小时,未知,未知,未知,未知,未知,未知,未知,未知,未知,未登记,无,config/数据/来源身份声明补采.json#身份声明[],a2b503bee22e558d2a12983346f4c7750b97234e9839b5dd9f80db0bd3e4c3b1,87a8b34d0a521a1b81b170b9eadc51933b3582c7ff859894e05f962bbaa7b31a,e8acbd649d723c9047cb103361a9631b834d7e8ad72442860661999aeb32eddc,未知,b3a1fc5ec72ad95e258b584f936ad46befab951e0ee9e43eaa18179e34974387,无法判定,FILE_STAT_OBSERVED_IDENTITY_UNPROVEN,本批次只读；若声明、输入、Schema或授权漂移，既有结论自动失效并须追加新批次,未读取业务正文、价格、成交、订单簿、账户或凭据；身份字段不完整,为该成员提供当前版本九字段声明及逐字段Schema、授权和唯一证据定位后追加不可变批次,2d50c1344a835ceeb832796935182aeff80bb03cecc5465c8cf3aaccbd446acd,86129966e4bc55fac18f2d7602a2309d4403f85861102128a56a80a5a0ccc1ea,f341c3635dd31f359f07a16efd27a0015ab7162149730b7f8b7b53f11742d647
source-identity-declaration-20260808T051455+0800-c59753ae5b8f,ZI-09c306558c21b551a473e8d3,DS-000040,候选数据文件,ETH,4小时;8小时;24小时;48小时,15分钟;1小时,未知,未知,未知,未知,未知,未知,未知,未知,未知,未登记,无,config/数据/来源身份声明补采.json#身份声明[],a2b503bee22e558d2a12983346f4c7750b97234e9839b5dd9f80db0bd3e4c3b1,4790bac68af16a75efca855b27de95148a8f7d869a8eb4d8366de3015c759626,d4f4f0be34c615ad02899b56af3613910cdb752ce3004315c045c92c382d4567,未知,b3a1fc5ec72ad95e258b584f936ad46befab951e0ee9e43eaa18179e34974387,无法判定,FILE_STAT_OBSERVED_IDENTITY_UNPROVEN,本批次只读；若声明、输入、Schema或授权漂移，既有结论自动失效并须追加新批次,未读取业务正文、价格、成交、订单簿、账户或凭据；身份字段不完整,为该成员提供当前版本九字段声明及逐字段Schema、授权和唯一证据定位后追加不可变批次,2d50c1344a835ceeb832796935182aeff80bb03cecc5465c8cf3aaccbd446acd,86129966e4bc55fac18f2d7602a2309d4403f85861102128a56a80a5a0ccc1ea,9c06f97d9cedc8b776e19c2fce55e2dc0bab81833b6233f0d6107a0c55ac6f4e
source-identity-declaration-20260808T051455+0800-c59753ae5b8f,ZI-8a28b9cbda14361fea3e0d08,DS-000041,候选数据文件,ETH,4小时;8小时;24小时;48小时,15分钟;1小时,未知,未知,未知,未知,未知,未知,未知,未知,未知,未登记,无,config/数据/来源身份声明补采.json#身份声明[],a2b503bee22e558d2a12983346f4c7750b97234e9839b5dd9f80db0bd3e4c3b1,286620d7066b28b8ed933077901ecb9ff8a5c8e40df6514ff7c3ba5ecac9abe8,6466d27c4cacb1b44340701a0f9953f1044a436672e0ab6b229502c56183e6df,未知,b3a1fc5ec72ad95e258b584f936ad46befab951e0ee9e43eaa18179e34974387,无法判定,FILE_STAT_OBSERVED_IDENTITY_UNPROVEN,本批次只读；若声明、输入、Schema或授权漂移，既有结论自动失效并须追加新批次,未读取业务正文、价格、成交、订单簿、账户或凭据；身份字段不完整,为该成员提供当前版本九字段声明及逐字段Schema、授权和唯一证据定位后追加不可变批次,2d50c1344a835ceeb832796935182aeff80bb03cecc5465c8cf3aaccbd446acd,86129966e4bc55fac18f2d7602a2309d4403f85861102128a56a80a5a0ccc1ea,7671009871e3517e34328f162b554032e00dd1ccd039a078b6ac4a435aa5c773
source-identity-declaration-20260808T051455+0800-c59753ae5b8f,ZI-7c080a0c72e43d3f2e78e7f0,DS-000042,候选数据文件,ETH,4小时;8小时;24小时;48小时,15分钟;1小时,未知,未知,未知,未知,未知,未知,未知,未知,未知,未登记,无,config/数据/来源身份声明补采.json#身份声明[],a2b503bee22e558d2a12983346f4c7750b97234e9839b5dd9f80db0bd3e4c3b1,9481f1a90753f8379ea69a4aa88f1289d5bb48cf515812dd34aca6a32ed0708f,5a5b0d58f6e34a58ddc18dd810ece30e36250221a82d0f308d3fd5aa1c139400,未知,b3a1fc5ec72ad95e258b584f936ad46befab951e0ee9e43eaa18179e34974387,拒绝,INPUT_MEMBER_REJECTED,本批次只读；若声明、输入、Schema或授权漂移，既有结论自动失效并须追加新批次,未读取业务正文、价格、成交、订单簿、账户或凭据；身份字段不完整,为该成员提供当前版本九字段声明及逐字段Schema、授权和唯一证据定位后追加不可变批次,2d50c1344a835ceeb832796935182aeff80bb03cecc5465c8cf3aaccbd446acd,86129966e4bc55fac18f2d7602a2309d4403f85861102128a56a80a5a0ccc1ea,5b51e60c0ec9a582c831c8b341b9a2153b3f9fc131ff40e19c18081014abbbcd
source-identity-declaration-20260808T051455+0800-c59753ae5b8f,ZI-bd4b5404dcd732978b2b6d5b,DS-000043,候选数据文件,ETH,4小时;8小时;24小时;48小时,15分钟;1小时,未知,未知,未知,未知,未知,未知,未知,未知,未知,未登记,无,config/数据/来源身份声明补采.json#身份声明[],a2b503bee22e558d2a12983346f4c7750b97234e9839b5dd9f80db0bd3e4c3b1,ab6e9c5b122b709541147d45af09142fa48c4c8a57e5fd6e14d93cbfe55942f2,f1af5c27aab013187cc6332f83885a31036557bb1cd4001d5390487a5f39e216,未知,b3a1fc5ec72ad95e258b584f936ad46befab951e0ee9e43eaa18179e34974387,无法判定,FILE_STAT_OBSERVED_IDENTITY_UNPROVEN,本批次只读；若声明、输入、Schema或授权漂移，既有结论自动失效并须追加新批次,未读取业务正文、价格、成交、订单簿、账户或凭据；身份字段不完整,为该成员提供当前版本九字段声明及逐字段Schema、授权和唯一证据定位后追加不可变批次,2d50c1344a835ceeb832796935182aeff80bb03cecc5465c8cf3aaccbd446acd,86129966e4bc55fac18f2d7602a2309d4403f85861102128a56a80a5a0ccc1ea,829dce3aa9d269e39bf89f3bdc6f1795947d5ae0191b545a65d03bf3916f2ef9
source-identity-declaration-20260808T051455+0800-c59753ae5b8f,ZI-28ce816b33b79c38ccfb22e7,DS-000044,候选数据文件,ETH,4小时;8小时;24小时;48小时,15分钟;1小时,未知,未知,未知,未知,未知,未知,未知,未知,未知,未登记,无,config/数据/来源身份声明补采.json#身份声明[],a2b503bee22e558d2a12983346f4c7750b97234e9839b5dd9f80db0bd3e4c3b1,4b351da245a5729653e1e8695950bb4ec677aa15b29af4adcaea6d6c4773688a,5990fc9f777f3a08f3a03f46f067ee00ec5826ede9a27082c1a57ba0ccd0e345,未知,b3a1fc5ec72ad95e258b584f936ad46befab951e0ee9e43eaa18179e34974387,无法判定,FILE_STAT_OBSERVED_IDENTITY_UNPROVEN,本批次只读；若声明、输入、Schema或授权漂移，既有结论自动失效并须追加新批次,未读取业务正文、价格、成交、订单簿、账户或凭据；身份字段不完整,为该成员提供当前版本九字段声明及逐字段Schema、授权和唯一证据定位后追加不可变批次,2d50c1344a835ceeb832796935182aeff80bb03cecc5465c8cf3aaccbd446acd,86129966e4bc55fac18f2d7602a2309d4403f85861102128a56a80a5a0ccc1ea,36848f19f9a058bffe3c8875a0f069c36d2e85850b256c90f66275a9ea930ea0
source-identity-declaration-20260808T051455+0800-c59753ae5b8f,ZI-9bbd7613dc89967112ed4afb,DS-000045,候选数据文件,ETH,4小时;8小时;24小时;48小时,15分钟;1小时,未知,未知,未知,未知,未知,未知,未知,未知,未知,未登记,无,config/数据/来源身份声明补采.json#身份声明[],a2b503bee22e558d2a12983346f4c7750b97234e9839b5dd9f80db0bd3e4c3b1,7969b3cc256f4b649caaa29cb58c697653c15965c89907fd86f2e98016eff342,4a672bbf789d8418ab929419c221e3ea11a5d4886b4df96d1cc466617293a28c,未知,b3a1fc5ec72ad95e258b584f936ad46befab951e0ee9e43eaa18179e34974387,无法判定,FILE_STAT_OBSERVED_IDENTITY_UNPROVEN,本批次只读；若声明、输入、Schema或授权漂移，既有结论自动失效并须追加新批次,未读取业务正文、价格、成交、订单簿、账户或凭据；身份字段不完整,为该成员提供当前版本九字段声明及逐字段Schema、授权和唯一证据定位后追加不可变批次,2d50c1344a835ceeb832796935182aeff80bb03cecc5465c8cf3aaccbd446acd,86129966e4bc55fac18f2d7602a2309d4403f85861102128a56a80a5a0ccc1ea,c7b27b41ebaf6dd63b3ff525b60dbd3916c4e57f38d69307b83f39efa72a1e0d
source-identity-declaration-20260808T051455+0800-c59753ae5b8f,ZI-1a42e8b6c1eb0f32fd83f0db,DS-000046,候选数据文件,ETH,4小时;8小时;24小时;48小时,15分钟;1小时,未知,未知,未知,未知,未知,未知,未知,未知,未知,未登记,无,config/数据/来源身份声明补采.json#身份声明[],a2b503bee22e558d2a12983346f4c7750b97234e9839b5dd9f80db0bd3e4c3b1,d2c16595af2ff812b9699afbac5821cee73e4c3f6842fa3a5a109853626e6c4d,4d70a250b389eb733f5144e8845ac7cf47b4af915a0ae8ca11265a6e2d4d066f,未知,b3a1fc5ec72ad95e258b584f936ad46befab951e0ee9e43eaa18179e34974387,无法判定,FILE_STAT_OBSERVED_IDENTITY_UNPROVEN,本批次只读；若声明、输入、Schema或授权漂移，既有结论自动失效并须追加新批次,未读取业务正文、价格、成交、订单簿、账户或凭据；身份字段不完整,为该成员提供当前版本九字段声明及逐字段Schema、授权和唯一证据定位后追加不可变批次,2d50c1344a835ceeb832796935182aeff80bb03cecc5465c8cf3aaccbd446acd,86129966e4bc55fac18f2d7602a2309d4403f85861102128a56a80a5a0ccc1ea,1beaeec00d214cf3f723227275aa355a9a6401e4d97cd2eada4d745986329f63
source-identity-declaration-20260808T051455+0800-c59753ae5b8f,ZI-9af7501cfbf2c81be74cc00a,DS-000047,候选数据文件,ETH,4小时;8小时;24小时;48小时,15分钟;1小时,未知,未知,未知,未知,未知,未知,未知,未知,未知,未登记,无,config/数据/来源身份声明补采.json#身份声明[],a2b503bee22e558d2a12983346f4c7750b97234e9839b5dd9f80db0bd3e4c3b1,bef8b79e0bee8d3d15ff6d609fb35f08d45972b26fe4f024fbeee00416ef25a9,46b1a39ec8b38aa5a4c52cda15baa63de901bc1a6ec17e421876bd8aa4e7b6c9,未知,b3a1fc5ec72ad95e258b584f936ad46befab951e0ee9e43eaa18179e34974387,无法判定,FILE_STAT_OBSERVED_IDENTITY_UNPROVEN,本批次只读；若声明、输入、Schema或授权漂移，既有结论自动失效并须追加新批次,未读取业务正文、价格、成交、订单簿、账户或凭据；身份字段不完整,为该成员提供当前版本九字段声明及逐字段Schema、授权和唯一证据定位后追加不可变批次,2d50c1344a835ceeb832796935182aeff80bb03cecc5465c8cf3aaccbd446acd,86129966e4bc55fac18f2d7602a2309d4403f85861102128a56a80a5a0ccc1ea,ecf67d4739234b5733abe13e45e178231001e582de125793ffb0d5f67fd508fa
source-identity-declaration-20260808T051455+0800-c59753ae5b8f,ZI-e630e48726c8833e33f1b77b,DS-000048,候选数据文件,ETH,4小时;8小时;24小时;48小时,15分钟;1小时,未知,未知,未知,未知,未知,未知,未知,未知,未知,未登记,无,config/数据/来源身份声明补采.json#身份声明[],a2b503bee22e558d2a12983346f4c7750b97234e9839b5dd9f80db0bd3e4c3b1,27c0d7523fd027e4594aaaebc9fd2b4c9853db367233c9469ddddb6909841121,b130c943a71f5e8f7eeda223021569da1e0b67b02216504de601bda39a375860,未知,b3a1fc5ec72ad95e258b584f936ad46befab951e0ee9e43eaa18179e34974387,无法判定,FILE_STAT_OBSERVED_IDENTITY_UNPROVEN,本批次只读；若声明、输入、Schema或授权漂移，既有结论自动失效并须追加新批次,未读取业务正文、价格、成交、订单簿、账户或凭据；身份字段不完整,为该成员提供当前版本九字段声明及逐字段Schema、授权和唯一证据定位后追加不可变批次,2d50c1344a835ceeb832796935182aeff80bb03cecc5465c8cf3aaccbd446acd,86129966e4bc55fac18f2d7602a2309d4403f85861102128a56a80a5a0ccc1ea,60dcf59fcc2020d24c3b25e864a8b4189a969f3bf63e61e322ddd92633101fdd
source-identity-declaration-20260808T051455+0800-c59753ae5b8f,ZI-f2615789012d4d55f670c11d,DS-000049,候选数据文件,ETH,4小时;8小时;24小时;48小时,15分钟;1小时,未知,未知,未知,未知,未知,未知,未知,未知,未知,未登记,无,config/数据/来源身份声明补采.json#身份声明[],a2b503bee22e558d2a12983346f4c7750b97234e9839b5dd9f80db0bd3e4c3b1,4fe0f84c8d96411a88be702c038c1a07e59990872b4f40ea4c994bc83ed839a3,cbec9eccd0ff91df26387ee379b364634312b6b2bc4a236cda20de94fceda7c7,未知,b3a1fc5ec72ad95e258b584f936ad46befab951e0ee9e43eaa18179e34974387,无法判定,FILE_STAT_OBSERVED_IDENTITY_UNPROVEN,本批次只读；若声明、输入、Schema或授权漂移，既有结论自动失效并须追加新批次,未读取业务正文、价格、成交、订单簿、账户或凭据；身份字段不完整,为该成员提供当前版本九字段声明及逐字段Schema、授权和唯一证据定位后追加不可变批次,2d50c1344a835ceeb832796935182aeff80bb03cecc5465c8cf3aaccbd446acd,86129966e4bc55fac18f2d7602a2309d4403f85861102128a56a80a5a0ccc1ea,b66ba488784b521f8172574ef050150021a64d84aed2b21a00f3d0c775e56b0f
source-identity-declaration-20260808T051455+0800-c59753ae5b8f,ZI-3877c0fbfe23b34834d8eadb,DS-000050,候选数据文件,ETH,4小时;8小时;24小时;48小时,15分钟;1小时,未知,未知,未知,未知,未知,未知,未知,未知,未知,未登记,无,config/数据/来源身份声明补采.json#身份声明[],a2b503bee22e558d2a12983346f4c7750b97234e9839b5dd9f80db0bd3e4c3b1,dbba04adf9e0ed6082031b7d3b413eec7ec31a70b2e28e729c73ec97d3a920c4,e15aa3f757d94453fbbb03dbdafb0ada84fa6a63d3e852250fccf88237d587b9,未知,b3a1fc5ec72ad95e258b584f936ad46befab951e0ee9e43eaa18179e34974387,无法判定,FILE_STAT_OBSERVED_IDENTITY_UNPROVEN,本批次只读；若声明、输入、Schema或授权漂移，既有结论自动失效并须追加新批次,未读取业务正文、价格、成交、订单簿、账户或凭据；身份字段不完整,为该成员提供当前版本九字段声明及逐字段Schema、授权和唯一证据定位后追加不可变批次,2d50c1344a835ceeb832796935182aeff80bb03cecc5465c8cf3aaccbd446acd,86129966e4bc55fac18f2d7602a2309d4403f85861102128a56a80a5a0ccc1ea,10012eabaa47f250134d5fceb22974f70b8d7f446e53a592f074ff4ef1751a8d
source-identity-declaration-20260808T051455+0800-c59753ae5b8f,ZI-f00603909f873d076d99eb9e,DS-000051,候选数据文件,ETH,4小时;8小时;24小时;48小时,15分钟;1小时,未知,未知,未知,未知,未知,未知,未知,未知,未知,未登记,无,config/数据/来源身份声明补采.json#身份声明[],a2b503bee22e558d2a12983346f4c7750b97234e9839b5dd9f80db0bd3e4c3b1,a7632909fefcd410f99ea46b0ca9e8c6c0a75f845b8499b8f0e2a6438275e2d2,47720c6b67b3bfe9b9aa4e696ff944726ae1eb7706b3766b52f7b8463eb618e4,未知,b3a1fc5ec72ad95e258b584f936ad46befab951e0ee9e43eaa18179e34974387,无法判定,FILE_STAT_OBSERVED_IDENTITY_UNPROVEN,本批次只读；若声明、输入、Schema或授权漂移，既有结论自动失效并须追加新批次,未读取业务正文、价格、成交、订单簿、账户或凭据；身份字段不完整,为该成员提供当前版本九字段声明及逐字段Schema、授权和唯一证据定位后追加不可变批次,2d50c1344a835ceeb832796935182aeff80bb03cecc5465c8cf3aaccbd446acd,86129966e4bc55fac18f2d7602a2309d4403f85861102128a56a80a5a0ccc1ea,08a13aecc238fbc03b59b3d90323fdb55168cd80546da8ade4cdadfd9c177ebd
source-identity-declaration-20260808T051455+0800-c59753ae5b8f,ZI-e5632d1560b416fda6b4ca83,DS-000052,候选数据文件,ETH,4小时;8小时;24小时;48小时,15分钟;1小时,未知,未知,未知,未知,未知,未知,未知,未知,未知,未登记,无,config/数据/来源身份声明补采.json#身份声明[],a2b503bee22e558d2a12983346f4c7750b97234e9839b5dd9f80db0bd3e4c3b1,04143c6927d1275ecc2e6a7ad519ea36c53154683aee2d5e619e273dfbd2c3a5,cd7c6b01d898b9462f4f3346ebb39e1b25ec39b8f5628981628c8786641cd225,未知,b3a1fc5ec72ad95e258b584f936ad46befab951e0ee9e43eaa18179e34974387,无法判定,FILE_STAT_OBSERVED_IDENTITY_UNPROVEN,本批次只读；若声明、输入、Schema或授权漂移，既有结论自动失效并须追加新批次,未读取业务正文、价格、成交、订单簿、账户或凭据；身份字段不完整,为该成员提供当前版本九字段声明及逐字段Schema、授权和唯一证据定位后追加不可变批次,2d50c1344a835ceeb832796935182aeff80bb03cecc5465c8cf3aaccbd446acd,86129966e4bc55fac18f2d7602a2309d4403f85861102128a56a80a5a0ccc1ea,5013b2772dcbcc4c833cd9f62cdea5d0bf2915ecb6b7bcd066459498cece0751
source-identity-declaration-20260808T051455+0800-c59753ae5b8f,ZI-36613e8a21711c7f665cdceb,DS-000053,候选数据文件,ETH,4小时;8小时;24小时;48小时,15分钟;1小时,未知,未知,未知,未知,未知,未知,未知,未知,未知,未登记,无,config/数据/来源身份声明补采.json#身份声明[],a2b503bee22e558d2a12983346f4c7750b97234e9839b5dd9f80db0bd3e4c3b1,727c4cd15bbd1028cdcf0542f546b79bdf0b6cf5848a5c9875880c0c1d118d34,9b62144dbc2b5b3f18e34c440a441032ef7e0d4e059dbd6d62c5d13f9a0927b9,未知,b3a1fc5ec72ad95e258b584f936ad46befab951e0ee9e43eaa18179e34974387,无法判定,FILE_STAT_OBSERVED_IDENTITY_UNPROVEN,本批次只读；若声明、输入、Schema或授权漂移，既有结论自动失效并须追加新批次,未读取业务正文、价格、成交、订单簿、账户或凭据；身份字段不完整,为该成员提供当前版本九字段声明及逐字段Schema、授权和唯一证据定位后追加不可变批次,2d50c1344a835ceeb832796935182aeff80bb03cecc5465c8cf3aaccbd446acd,86129966e4bc55fac18f2d7602a2309d4403f85861102128a56a80a5a0ccc1ea,2e01e29d3293f336192a9d90952db26adb394b520d716d08e66cc799ccbc7b57
source-identity-declaration-20260808T051455+0800-c59753ae5b8f,ZI-f4c629efd5d8316c21f8c678,DS-000054,候选数据文件,ETH,4小时;8小时;24小时;48小时,15分钟;1小时,未知,未知,未知,未知,未知,未知,未知,未知,未知,未登记,无,config/数据/来源身份声明补采.json#身份声明[],a2b503bee22e558d2a12983346f4c7750b97234e9839b5dd9f80db0bd3e4c3b1,4eca34b92987b0f4628fe992c99d93e94d8dda2644da3ff72acf419a06dd10dc,bf4db291e24ce003a29e8b49a1bf8ee1ae69eab1811226ac1b31e92813a61408,未知,b3a1fc5ec72ad95e258b584f936ad46befab951e0ee9e43eaa18179e34974387,无法判定,FILE_STAT_OBSERVED_IDENTITY_UNPROVEN,本批次只读；若声明、输入、Schema或授权漂移，既有结论自动失效并须追加新批次,未读取业务正文、价格、成交、订单簿、账户或凭据；身份字段不完整,为该成员提供当前版本九字段声明及逐字段Schema、授权和唯一证据定位后追加不可变批次,2d50c1344a835ceeb832796935182aeff80bb03cecc5465c8cf3aaccbd446acd,86129966e4bc55fac18f2d7602a2309d4403f85861102128a56a80a5a0ccc1ea,879160ece2087df330432137f7940650632353f5d77613258da019e5ea4a46d9
source-identity-declaration-20260808T051455+0800-c59753ae5b8f,ZI-e4634a748fc7b2b6cc02f3e9,DS-000055,候选数据文件,ETH,4小时;8小时;24小时;48小时,15分钟;1小时,未知,未知,未知,未知,未知,未知,未知,未知,未知,未登记,无,config/数据/来源身份声明补采.json#身份声明[],a2b503bee22e558d2a12983346f4c7750b97234e9839b5dd9f80db0bd3e4c3b1,d7a56bb2b3f2d1353ae1bdb490dd50f66b9a721e38cbd5d20c71732b5afae1f2,df27138421e3a2345115444ed48245433486494c8dd1a65fbc0e56d46527c892,未知,b3a1fc5ec72ad95e258b584f936ad46befab951e0ee9e43eaa18179e34974387,无法判定,FILE_STAT_OBSERVED_IDENTITY_UNPROVEN,本批次只读；若声明、输入、Schema或授权漂移，既有结论自动失效并须追加新批次,未读取业务正文、价格、成交、订单簿、账户或凭据；身份字段不完整,为该成员提供当前版本九字段声明及逐字段Schema、授权和唯一证据定位后追加不可变批次,2d50c1344a835ceeb832796935182aeff80bb03cecc5465c8cf3aaccbd446acd,86129966e4bc55fac18f2d7602a2309d4403f85861102128a56a80a5a0ccc1ea,25f209c0354a9d3018cb418d46b6251f8c55ee98d599f201f1baffa00c1fc0b5
source-identity-declaration-20260808T051455+0800-c59753ae5b8f,ZI-125d0435a6188786951e37bd,DS-000056,候选数据文件,ETH,4小时;8小时;24小时;48小时,15分钟;1小时,未知,未知,未知,未知,未知,未知,未知,未知,未知,未登记,无,config/数据/来源身份声明补采.json#身份声明[],a2b503bee22e558d2a12983346f4c7750b97234e9839b5dd9f80db0bd3e4c3b1,664065d8bcbfde6ce83948e226f424c3f8c73c2aa7a808c48ca3483bbcfdd2d2,9f6e9e7cd3d9267eb45db30dff92330cb57c087ee00809fe19c775f72c394d14,未知,b3a1fc5ec72ad95e258b584f936ad46befab951e0ee9e43eaa18179e34974387,无法判定,FILE_STAT_OBSERVED_IDENTITY_UNPROVEN,本批次只读；若声明、输入、Schema或授权漂移，既有结论自动失效并须追加新批次,未读取业务正文、价格、成交、订单簿、账户或凭据；身份字段不完整,为该成员提供当前版本九字段声明及逐字段Schema、授权和唯一证据定位后追加不可变批次,2d50c1344a835ceeb832796935182aeff80bb03cecc5465c8cf3aaccbd446acd,86129966e4bc55fac18f2d7602a2309d4403f85861102128a56a80a5a0ccc1ea,b6339bb4b88b5edcbf89dac0fa4ca361552690062bb347b5a519192760069ef3
source-identity-declaration-20260808T051455+0800-c59753ae5b8f,ZI-6ac98ad98d740090a661a47d,DS-000057,候选数据文件,ETH,4小时;8小时;24小时;48小时,15分钟;1小时,未知,未知,未知,未知,未知,未知,未知,未知,未知,未登记,无,config/数据/来源身份声明补采.json#身份声明[],a2b503bee22e558d2a12983346f4c7750b97234e9839b5dd9f80db0bd3e4c3b1,ae21fda5c0653f332e55a07d8845e164909d455385ec75880755b67592ab6e08,f1c65e289e7ab884b423d6b5ae24ba9ed0fdfe199fecae78e66d80c06d5673a1,未知,b3a1fc5ec72ad95e258b584f936ad46befab951e0ee9e43eaa18179e34974387,无法判定,FILE_STAT_OBSERVED_IDENTITY_UNPROVEN,本批次只读；若声明、输入、Schema或授权漂移，既有结论自动失效并须追加新批次,未读取业务正文、价格、成交、订单簿、账户或凭据；身份字段不完整,为该成员提供当前版本九字段声明及逐字段Schema、授权和唯一证据定位后追加不可变批次,2d50c1344a835ceeb832796935182aeff80bb03cecc5465c8cf3aaccbd446acd,86129966e4bc55fac18f2d7602a2309d4403f85861102128a56a80a5a0ccc1ea,cbd4e72509ea5bdf34da25451ac886f0929a1f7365a863e56f4c809efaac9e60
source-identity-declaration-20260808T051455+0800-c59753ae5b8f,ZI-d09b0bb4a95fd5e64f650483,DS-000058,候选数据文件,ETH,4小时;8小时;24小时;48小时,15分钟;1小时,未知,未知,未知,未知,未知,未知,未知,未知,未知,未登记,无,config/数据/来源身份声明补采.json#身份声明[],a2b503bee22e558d2a12983346f4c7750b97234e9839b5dd9f80db0bd3e4c3b1,c660829578896811167b8d845c14d303efa2e3f8b50e904d73e411784995991a,f882f850239191016d3502bd7499952230046fff74428985aabf221d9ff6c12e,未知,b3a1fc5ec72ad95e258b584f936ad46befab951e0ee9e43eaa18179e34974387,无法判定,FILE_STAT_OBSERVED_IDENTITY_UNPROVEN,本批次只读；若声明、输入、Schema或授权漂移，既有结论自动失效并须追加新批次,未读取业务正文、价格、成交、订单簿、账户或凭据；身份字段不完整,为该成员提供当前版本九字段声明及逐字段Schema、授权和唯一证据定位后追加不可变批次,2d50c1344a835ceeb832796935182aeff80bb03cecc5465c8cf3aaccbd446acd,86129966e4bc55fac18f2d7602a2309d4403f85861102128a56a80a5a0ccc1ea,00e958fadbdb51bdba0a93bb7c665df0b85a17a9728a24dd1f53972efea6476d
source-identity-declaration-20260808T051455+0800-c59753ae5b8f,ZI-167d01818b56710ddbafb446,DS-000059,候选数据文件,ETH,4小时;8小时;24小时;48小时,15分钟;1小时,未知,未知,未知,未知,未知,未知,未知,未知,未知,未登记,无,config/数据/来源身份声明补采.json#身份声明[],a2b503bee22e558d2a12983346f4c7750b97234e9839b5dd9f80db0bd3e4c3b1,6ab67b288358b14fec04f0192375baa6f051a76cf8cbe96f4f6da90007923591,651365605a3eeecc7b84153ab291e031b5e5a0da9eeed4d927f115422ae1bcf5,未知,b3a1fc5ec72ad95e258b584f936ad46befab951e0ee9e43eaa18179e34974387,无法判定,FILE_STAT_OBSERVED_IDENTITY_UNPROVEN,本批次只读；若声明、输入、Schema或授权漂移，既有结论自动失效并须追加新批次,未读取业务正文、价格、成交、订单簿、账户或凭据；身份字段不完整,为该成员提供当前版本九字段声明及逐字段Schema、授权和唯一证据定位后追加不可变批次,2d50c1344a835ceeb832796935182aeff80bb03cecc5465c8cf3aaccbd446acd,86129966e4bc55fac18f2d7602a2309d4403f85861102128a56a80a5a0ccc1ea,0d98b666c443e6b893e116579b9396a5b8ec48699f8e296211a625edce1e484a
source-identity-declaration-20260808T051455+0800-c59753ae5b8f,ZI-3d63384c465a5614a4b1b48e,DS-000060,候选数据文件,ETH,4小时;8小时;24小时;48小时,15分钟;1小时,未知,未知,未知,未知,未知,未知,未知,未知,未知,未登记,无,config/数据/来源身份声明补采.json#身份声明[],a2b503bee22e558d2a12983346f4c7750b97234e9839b5dd9f80db0bd3e4c3b1,adf7fdba5eb0d647d00287e9447a608eb8c49dc7152886e47ac7594111d44ddd,12c351038dc469e958fe4100d546c89d5d63a0eb2f8e198c1775b1975c890a4a,未知,b3a1fc5ec72ad95e258b584f936ad46befab951e0ee9e43eaa18179e34974387,无法判定,FILE_STAT_OBSERVED_IDENTITY_UNPROVEN,本批次只读；若声明、输入、Schema或授权漂移，既有结论自动失效并须追加新批次,未读取业务正文、价格、成交、订单簿、账户或凭据；身份字段不完整,为该成员提供当前版本九字段声明及逐字段Schema、授权和唯一证据定位后追加不可变批次,2d50c1344a835ceeb832796935182aeff80bb03cecc5465c8cf3aaccbd446acd,86129966e4bc55fac18f2d7602a2309d4403f85861102128a56a80a5a0ccc1ea,7f8e434e6dc24c2c63294a073043c2ea47c7685d87ffc6f58e8cd4000a651ec3
source-identity-declaration-20260808T051455+0800-c59753ae5b8f,ZI-8d3158324830bcdf98c9179e,DS-000061,候选数据文件,ETH,4小时;8小时;24小时;48小时,15分钟;1小时,未知,未知,未知,未知,未知,未知,未知,未知,未知,未登记,无,config/数据/来源身份声明补采.json#身份声明[],a2b503bee22e558d2a12983346f4c7750b97234e9839b5dd9f80db0bd3e4c3b1,3a5d875afbc06a8c4e2c1bfabdef47e60bab08f23564741f433dc66b18ada1f9,8a9ab8deaabae43a111b9a2b5357e0ea3cb35d73eafade080a2863a7233c89ea,未知,b3a1fc5ec72ad95e258b584f936ad46befab951e0ee9e43eaa18179e34974387,无法判定,FILE_STAT_OBSERVED_IDENTITY_UNPROVEN,本批次只读；若声明、输入、Schema或授权漂移，既有结论自动失效并须追加新批次,未读取业务正文、价格、成交、订单簿、账户或凭据；身份字段不完整,为该成员提供当前版本九字段声明及逐字段Schema、授权和唯一证据定位后追加不可变批次,2d50c1344a835ceeb832796935182aeff80bb03cecc5465c8cf3aaccbd446acd,86129966e4bc55fac18f2d7602a2309d4403f85861102128a56a80a5a0ccc1ea,3530856cccf1739d0c1fcfff8f449d60c8dc577e3ba51d6c48a8747782bc3d00
source-identity-declaration-20260808T051455+0800-c59753ae5b8f,ZI-14f914d1a3448c90648032d9,DS-000062,候选数据文件,ETH,4小时;8小时;24小时;48小时,15分钟;1小时,未知,未知,未知,未知,未知,未知,未知,未知,未知,未登记,无,config/数据/来源身份声明补采.json#身份声明[],a2b503bee22e558d2a12983346f4c7750b97234e9839b5dd9f80db0bd3e4c3b1,5710a895d201ba1fbc94beb00d9e2422377065f1fd515e16b50be19199c8a5ec,4aaea957203bce27943d23d9579770bc8aa08256bce1cc1826a27b2c2036a581,未知,b3a1fc5ec72ad95e258b584f936ad46befab951e0ee9e43eaa18179e34974387,无法判定,FILE_STAT_OBSERVED_IDENTITY_UNPROVEN,本批次只读；若声明、输入、Schema或授权漂移，既有结论自动失效并须追加新批次,未读取业务正文、价格、成交、订单簿、账户或凭据；身份字段不完整,为该成员提供当前版本九字段声明及逐字段Schema、授权和唯一证据定位后追加不可变批次,2d50c1344a835ceeb832796935182aeff80bb03cecc5465c8cf3aaccbd446acd,86129966e4bc55fac18f2d7602a2309d4403f85861102128a56a80a5a0ccc1ea,86b2c9efcb2ca4d43784b5f764950521b73ebaacd6e003326e716b68d82f461d
source-identity-declaration-20260808T051455+0800-c59753ae5b8f,ZI-f5bddcb87511d45ac7c5987a,DS-000063,候选数据文件,ETH,4小时;8小时;24小时;48小时,15分钟;1小时,未知,未知,未知,未知,未知,未知,未知,未知,未知,未登记,无,config/数据/来源身份声明补采.json#身份声明[],a2b503bee22e558d2a12983346f4c7750b97234e9839b5dd9f80db0bd3e4c3b1,26a4dec78e9ebed059e05fe413141f5a5cc7f1dfcb2dd638b319e4006f4ae6b7,5c1cf040b1f2cad7e44808ba948ec78a0f4f306cac1d8458eba84fa3d88e9b6b,未知,b3a1fc5ec72ad95e258b584f936ad46befab951e0ee9e43eaa18179e34974387,无法判定,FILE_STAT_OBSERVED_IDENTITY_UNPROVEN,本批次只读；若声明、输入、Schema或授权漂移，既有结论自动失效并须追加新批次,未读取业务正文、价格、成交、订单簿、账户或凭据；身份字段不完整,为该成员提供当前版本九字段声明及逐字段Schema、授权和唯一证据定位后追加不可变批次,2d50c1344a835ceeb832796935182aeff80bb03cecc5465c8cf3aaccbd446acd,86129966e4bc55fac18f2d7602a2309d4403f85861102128a56a80a5a0ccc1ea,92ef3b8485b33a289f772ca9d1dbbe4872f24e15d49bd3502f7803522d9306ea
source-identity-declaration-20260808T051455+0800-c59753ae5b8f,ZI-fd3d75813aed695a0688a269,DS-000064,候选数据文件,ETH,4小时;8小时;24小时;48小时,15分钟;1小时,未知,未知,未知,未知,未知,未知,未知,未知,未知,未登记,无,config/数据/来源身份声明补采.json#身份声明[],a2b503bee22e558d2a12983346f4c7750b97234e9839b5dd9f80db0bd3e4c3b1,f1f6b00f8921b2167b1f004ba0cb0abd4ef1f7fa7f4123aa449bed5a319e5b47,975b0d7f3e49e42e2ecb879a4d0560bc4e1d7306bfcdd58dae2ea078299254b7,未知,b3a1fc5ec72ad95e258b584f936ad46befab951e0ee9e43eaa18179e34974387,无法判定,FILE_STAT_OBSERVED_IDENTITY_UNPROVEN,本批次只读；若声明、输入、Schema或授权漂移，既有结论自动失效并须追加新批次,未读取业务正文、价格、成交、订单簿、账户或凭据；身份字段不完整,为该成员提供当前版本九字段声明及逐字段Schema、授权和唯一证据定位后追加不可变批次,2d50c1344a835ceeb832796935182aeff80bb03cecc5465c8cf3aaccbd446acd,86129966e4bc55fac18f2d7602a2309d4403f85861102128a56a80a5a0ccc1ea,c2830871b766284c36a4b2d88c50eae8691520951c455d1c5c830ad275a0e6cc
source-identity-declaration-20260808T051455+0800-c59753ae5b8f,ZI-6d753e7102fc438113a8a225,DS-000065,候选数据文件,ETH,4小时;8小时;24小时;48小时,15分钟;1小时,未知,未知,未知,未知,未知,未知,未知,未知,未知,未登记,无,config/数据/来源身份声明补采.json#身份声明[],a2b503bee22e558d2a12983346f4c7750b97234e9839b5dd9f80db0bd3e4c3b1,eab3d84b522308f2ae60c693e4d4eaa4a5821cd91eba8b0d32793da5476732a3,5ced6eac771c906b451a359360e493fc08647e63e8371e0d892fef33c893c5b2,未知,b3a1fc5ec72ad95e258b584f936ad46befab951e0ee9e43eaa18179e34974387,无法判定,FILE_STAT_OBSERVED_IDENTITY_UNPROVEN,本批次只读；若声明、输入、Schema或授权漂移，既有结论自动失效并须追加新批次,未读取业务正文、价格、成交、订单簿、账户或凭据；身份字段不完整,为该成员提供当前版本九字段声明及逐字段Schema、授权和唯一证据定位后追加不可变批次,2d50c1344a835ceeb832796935182aeff80bb03cecc5465c8cf3aaccbd446acd,86129966e4bc55fac18f2d7602a2309d4403f85861102128a56a80a5a0ccc1ea,4cb67f3f4d6a84266d0f5ff0e34276b7c82f92a435c8771b06e985aafb363559
source-identity-declaration-20260808T051455+0800-c59753ae5b8f,ZI-cdc9825ab05b1fb6098704fa,DS-000066,候选数据文件,ETH,4小时;8小时;24小时;48小时,15分钟;1小时,未知,未知,未知,未知,未知,未知,未知,未知,未知,未登记,无,config/数据/来源身份声明补采.json#身份声明[],a2b503bee22e558d2a12983346f4c7750b97234e9839b5dd9f80db0bd3e4c3b1,b4c1118b099f8af0e0124bcd8ab32c7080e4c77c9db562d06a2ddfb0aaef470f,49627c89939cf1eb48174bba004dd948506e0e9dd8acadbaefa3f59ae850ff66,未知,b3a1fc5ec72ad95e258b584f936ad46befab951e0ee9e43eaa18179e34974387,无法判定,FILE_STAT_OBSERVED_IDENTITY_UNPROVEN,本批次只读；若声明、输入、Schema或授权漂移，既有结论自动失效并须追加新批次,未读取业务正文、价格、成交、订单簿、账户或凭据；身份字段不完整,为该成员提供当前版本九字段声明及逐字段Schema、授权和唯一证据定位后追加不可变批次,2d50c1344a835ceeb832796935182aeff80bb03cecc5465c8cf3aaccbd446acd,86129966e4bc55fac18f2d7602a2309d4403f85861102128a56a80a5a0ccc1ea,f9f693a8b56c63c9eb34900b27e6bb5e954020bac161648e28dc49ab04c0ebb8
source-identity-declaration-20260808T051455+0800-c59753ae5b8f,ZI-debdc43209a47ad26d2b1bd3,DS-000067,候选数据文件,ETH,4小时;8小时;24小时;48小时,15分钟;1小时,未知,未知,未知,未知,未知,未知,未知,未知,未知,未登记,无,config/数据/来源身份声明补采.json#身份声明[],a2b503bee22e558d2a12983346f4c7750b97234e9839b5dd9f80db0bd3e4c3b1,0aacf650e5c210dc3a2f861d8ec121819cbf065be98ebffdaefac4f009fe321b,23b9038a85ed14a2a54b16059f5894baa282799241d5f16565a7ac1f5285bc89,未知,b3a1fc5ec72ad95e258b584f936ad46befab951e0ee9e43eaa18179e34974387,无法判定,FILE_STAT_OBSERVED_IDENTITY_UNPROVEN,本批次只读；若声明、输入、Schema或授权漂移，既有结论自动失效并须追加新批次,未读取业务正文、价格、成交、订单簿、账户或凭据；身份字段不完整,为该成员提供当前版本九字段声明及逐字段Schema、授权和唯一证据定位后追加不可变批次,2d50c1344a835ceeb832796935182aeff80bb03cecc5465c8cf3aaccbd446acd,86129966e4bc55fac18f2d7602a2309d4403f85861102128a56a80a5a0ccc1ea,1bcae541b683b8dfa086d9cf4992ca1679e3deaf979ce88e80f38eca64da7465
source-identity-declaration-20260808T051455+0800-c59753ae5b8f,ZI-7d00e7e8b9a85ec6bb065156,DS-000068,候选数据文件,ETH,4小时;8小时;24小时;48小时,15分钟;1小时,未知,未知,未知,未知,未知,未知,未知,未知,未知,未登记,无,config/数据/来源身份声明补采.json#身份声明[],a2b503bee22e558d2a12983346f4c7750b97234e9839b5dd9f80db0bd3e4c3b1,db30c154a1919ffb0c2c0e6029d2f69014247f83417003c9f872c26cf0a21977,77f7447a7e0aa38f0d517728fdaabe180eef0cb7550aaa9ffa57596bca31fdab,未知,b3a1fc5ec72ad95e258b584f936ad46befab951e0ee9e43eaa18179e34974387,无法判定,FILE_STAT_OBSERVED_IDENTITY_UNPROVEN,本批次只读；若声明、输入、Schema或授权漂移，既有结论自动失效并须追加新批次,未读取业务正文、价格、成交、订单簿、账户或凭据；身份字段不完整,为该成员提供当前版本九字段声明及逐字段Schema、授权和唯一证据定位后追加不可变批次,2d50c1344a835ceeb832796935182aeff80bb03cecc5465c8cf3aaccbd446acd,86129966e4bc55fac18f2d7602a2309d4403f85861102128a56a80a5a0ccc1ea,eba008e824e9efb861010061b72f139ac7d19ad09c10fbeaad18a92a9798df9b
source-identity-declaration-20260808T051455+0800-c59753ae5b8f,ZI-130612ec6f518786293a81bb,DS-000069,候选数据文件,ETH,4小时;8小时;24小时;48小时,15分钟;1小时,未知,未知,未知,未知,未知,未知,未知,未知,未知,未登记,无,config/数据/来源身份声明补采.json#身份声明[],a2b503bee22e558d2a12983346f4c7750b97234e9839b5dd9f80db0bd3e4c3b1,94ab5dc58dcd90b5be0cd9c24412f3966fe4b99eb33d8a5f3620a6854ac8143e,b045ee151128a0e814864af57377feb4ccfe9e9357117747cf18850b84ba6244,未知,b3a1fc5ec72ad95e258b584f936ad46befab951e0ee9e43eaa18179e34974387,无法判定,FILE_STAT_OBSERVED_IDENTITY_UNPROVEN,本批次只读；若声明、输入、Schema或授权漂移，既有结论自动失效并须追加新批次,未读取业务正文、价格、成交、订单簿、账户或凭据；身份字段不完整,为该成员提供当前版本九字段声明及逐字段Schema、授权和唯一证据定位后追加不可变批次,2d50c1344a835ceeb832796935182aeff80bb03cecc5465c8cf3aaccbd446acd,86129966e4bc55fac18f2d7602a2309d4403f85861102128a56a80a5a0ccc1ea,0d40fe5f8e46d4674a6f37960207e5fb5f4683fc560fc6388a00d4fa9af7a228
source-identity-declaration-20260808T051455+0800-c59753ae5b8f,ZI-65b40787d4fc73554e42a24e,DS-000070,候选数据文件,ETH,4小时;8小时;24小时;48小时,15分钟;1小时,未知,未知,未知,未知,未知,未知,未知,未知,未知,未登记,无,config/数据/来源身份声明补采.json#身份声明[],a2b503bee22e558d2a12983346f4c7750b97234e9839b5dd9f80db0bd3e4c3b1,b04d9cf5f0550dd3b100f17db6b09f4e9755f27bc2dfb80444837b7bdeece9f7,4fb4e8aa84094c1c0360c4ec1ea4dec37d83ca8f1617872a4b121e925efebd50,未知,b3a1fc5ec72ad95e258b584f936ad46befab951e0ee9e43eaa18179e34974387,无法判定,FILE_STAT_OBSERVED_IDENTITY_UNPROVEN,本批次只读；若声明、输入、Schema或授权漂移，既有结论自动失效并须追加新批次,未读取业务正文、价格、成交、订单簿、账户或凭据；身份字段不完整,为该成员提供当前版本九字段声明及逐字段Schema、授权和唯一证据定位后追加不可变批次,2d50c1344a835ceeb832796935182aeff80bb03cecc5465c8cf3aaccbd446acd,86129966e4bc55fac18f2d7602a2309d4403f85861102128a56a80a5a0ccc1ea,eb258895c0571ba670a8c6eae4425bda109e954162b1edb91b64c73db0056a02
source-identity-declaration-20260808T051455+0800-c59753ae5b8f,ZI-2e5b11987f0893e154b4a226,DS-000071,候选数据文件,ETH,4小时;8小时;24小时;48小时,15分钟;1小时,未知,未知,未知,未知,未知,未知,未知,未知,未知,未登记,无,config/数据/来源身份声明补采.json#身份声明[],a2b503bee22e558d2a12983346f4c7750b97234e9839b5dd9f80db0bd3e4c3b1,0862e2f5ee203957cf6bdf9e0cccea6c1bd224b6343746e2c26cb9d1aefecc2a,1f91c6c4858ae0a9f46ad48d03d5521794abed19ca22b082afb898f8baa5ba6a,未知,b3a1fc5ec72ad95e258b584f936ad46befab951e0ee9e43eaa18179e34974387,无法判定,FILE_STAT_OBSERVED_IDENTITY_UNPROVEN,本批次只读；若声明、输入、Schema或授权漂移，既有结论自动失效并须追加新批次,未读取业务正文、价格、成交、订单簿、账户或凭据；身份字段不完整,为该成员提供当前版本九字段声明及逐字段Schema、授权和唯一证据定位后追加不可变批次,2d50c1344a835ceeb832796935182aeff80bb03cecc5465c8cf3aaccbd446acd,86129966e4bc55fac18f2d7602a2309d4403f85861102128a56a80a5a0ccc1ea,3c94b946017d8014029fa4eb9d1d3f1ff07390de13e387d3d70283b707a5225d
source-identity-declaration-20260808T051455+0800-c59753ae5b8f,ZI-8a724c2b2b2310e8ea456a6c,DS-000072,候选数据文件,ETH,4小时;8小时;24小时;48小时,15分钟;1小时,未知,未知,未知,未知,未知,未知,未知,未知,未知,未登记,无,config/数据/来源身份声明补采.json#身份声明[],a2b503bee22e558d2a12983346f4c7750b97234e9839b5dd9f80db0bd3e4c3b1,15027222020681861caf23abd321393fbb4237b3f83100c4b4534386b40b95c7,e89f0dbf2a77cb25cfdf1e62bb610f580026a50d99098816120bc4fd61a82e7c,未知,b3a1fc5ec72ad95e258b584f936ad46befab951e0ee9e43eaa18179e34974387,无法判定,FILE_STAT_OBSERVED_IDENTITY_UNPROVEN,本批次只读；若声明、输入、Schema或授权漂移，既有结论自动失效并须追加新批次,未读取业务正文、价格、成交、订单簿、账户或凭据；身份字段不完整,为该成员提供当前版本九字段声明及逐字段Schema、授权和唯一证据定位后追加不可变批次,2d50c1344a835ceeb832796935182aeff80bb03cecc5465c8cf3aaccbd446acd,86129966e4bc55fac18f2d7602a2309d4403f85861102128a56a80a5a0ccc1ea,6660f817b50caa9cd4a1433c1dbb04dac71e05cc482f5ad53b0707fa3b628cba
source-identity-declaration-20260808T051455+0800-c59753ae5b8f,ZI-8ff34b76a144e3416ff2ba0a,DS-000073,候选数据文件,ETH,4小时;8小时;24小时;48小时,15分钟;1小时,未知,未知,未知,未知,未知,未知,未知,未知,未知,未登记,无,config/数据/来源身份声明补采.json#身份声明[],a2b503bee22e558d2a12983346f4c7750b97234e9839b5dd9f80db0bd3e4c3b1,2deca25c4bce98ed07321e7eac5d762f307f7f056c5ce4b08ebd7b4b8f4c7364,d995bf7886e7749af0ae9972de012ed7b4d3be3d3c4d15039da26dc2abbacc64,未知,b3a1fc5ec72ad95e258b584f936ad46befab951e0ee9e43eaa18179e34974387,无法判定,FILE_STAT_OBSERVED_IDENTITY_UNPROVEN,本批次只读；若声明、输入、Schema或授权漂移，既有结论自动失效并须追加新批次,未读取业务正文、价格、成交、订单簿、账户或凭据；身份字段不完整,为该成员提供当前版本九字段声明及逐字段Schema、授权和唯一证据定位后追加不可变批次,2d50c1344a835ceeb832796935182aeff80bb03cecc5465c8cf3aaccbd446acd,86129966e4bc55fac18f2d7602a2309d4403f85861102128a56a80a5a0ccc1ea,d8987ef158ea364b99dbf1f0c006438a3931cc2f686fbd0043135dae15039522
source-identity-declaration-20260808T051455+0800-c59753ae5b8f,ZI-2dab989667e2e000a36be458,DS-000074,候选数据文件,ETH,4小时;8小时;24小时;48小时,15分钟;1小时,未知,未知,未知,未知,未知,未知,未知,未知,未知,未登记,无,config/数据/来源身份声明补采.json#身份声明[],a2b503bee22e558d2a12983346f4c7750b97234e9839b5dd9f80db0bd3e4c3b1,ac5b354c4a5253401a4abe672fd70623e5d2f3a6022e2de9dfe19e3d64c073bb,f80740ee978711f811d73f02f9b88ed3f22242e7bd5feead25976c28f905907a,未知,b3a1fc5ec72ad95e258b584f936ad46befab951e0ee9e43eaa18179e34974387,无法判定,FILE_STAT_OBSERVED_IDENTITY_UNPROVEN,本批次只读；若声明、输入、Schema或授权漂移，既有结论自动失效并须追加新批次,未读取业务正文、价格、成交、订单簿、账户或凭据；身份字段不完整,为该成员提供当前版本九字段声明及逐字段Schema、授权和唯一证据定位后追加不可变批次,2d50c1344a835ceeb832796935182aeff80bb03cecc5465c8cf3aaccbd446acd,86129966e4bc55fac18f2d7602a2309d4403f85861102128a56a80a5a0ccc1ea,e0eeda79e2f802177179ce7df8b6bbc5d301da00ad030bb9f1cd7b067e0f5f26
source-identity-declaration-20260808T051455+0800-c59753ae5b8f,ZI-34c79640d21e2dca7bd200b8,DS-000075,候选数据文件,ETH,4小时;8小时;24小时;48小时,15分钟;1小时,未知,未知,未知,未知,未知,未知,未知,未知,未知,未登记,无,config/数据/来源身份声明补采.json#身份声明[],a2b503bee22e558d2a12983346f4c7750b97234e9839b5dd9f80db0bd3e4c3b1,e5adabe624a278724b6ce1f97aeb2e7478b7ef0b117219951e3dd57b9a70dab7,1aa23fb2b5b219ee2ddaa27d5cc1038b4ef3a1ec97d8e7314871c30944d2da2a,未知,b3a1fc5ec72ad95e258b584f936ad46befab951e0ee9e43eaa18179e34974387,无法判定,FILE_STAT_OBSERVED_IDENTITY_UNPROVEN,本批次只读；若声明、输入、Schema或授权漂移，既有结论自动失效并须追加新批次,未读取业务正文、价格、成交、订单簿、账户或凭据；身份字段不完整,为该成员提供当前版本九字段声明及逐字段Schema、授权和唯一证据定位后追加不可变批次,2d50c1344a835ceeb832796935182aeff80bb03cecc5465c8cf3aaccbd446acd,86129966e4bc55fac18f2d7602a2309d4403f85861102128a56a80a5a0ccc1ea,8f7e18c770f75d181c746b1cd8f7bb2946c2ead4ff05e34d1cfd8d23dfd0ddf3
source-identity-declaration-20260808T051455+0800-c59753ae5b8f,ZI-71226df9ffc076a6def96779,DS-000076,候选数据文件,ETH,4小时;8小时;24小时;48小时,15分钟;1小时,未知,未知,未知,未知,未知,未知,未知,未知,未知,未登记,无,config/数据/来源身份声明补采.json#身份声明[],a2b503bee22e558d2a12983346f4c7750b97234e9839b5dd9f80db0bd3e4c3b1,e8f121115255b3f336495618342f8a1f0e4377727cdcd8fbf7e7f6007899d3c1,111cb89424ead72cf3aa0cd5a8dc8301bd6f361a01bb006c2c971e67a0756aa3,未知,b3a1fc5ec72ad95e258b584f936ad46befab951e0ee9e43eaa18179e34974387,无法判定,FILE_STAT_OBSERVED_IDENTITY_UNPROVEN,本批次只读；若声明、输入、Schema或授权漂移，既有结论自动失效并须追加新批次,未读取业务正文、价格、成交、订单簿、账户或凭据；身份字段不完整,为该成员提供当前版本九字段声明及逐字段Schema、授权和唯一证据定位后追加不可变批次,2d50c1344a835ceeb832796935182aeff80bb03cecc5465c8cf3aaccbd446acd,86129966e4bc55fac18f2d7602a2309d4403f85861102128a56a80a5a0ccc1ea,d83d616eb5535163a1539adfbae4acb754ab643b749a4db88e59315309fda453
source-identity-declaration-20260808T051455+0800-c59753ae5b8f,ZI-b211253f6cb6a849fbcb8b9b,DS-000077,候选数据文件,ETH,4小时;8小时;24小时;48小时,15分钟;1小时,未知,未知,未知,未知,未知,未知,未知,未知,未知,未登记,无,config/数据/来源身份声明补采.json#身份声明[],a2b503bee22e558d2a12983346f4c7750b97234e9839b5dd9f80db0bd3e4c3b1,b93cbc4a97f28e776414cc96ef1c9b6d33baf46dedf6542fc40b5f24ebb90aab,baa29331850ab27315c0a93930f539cb5502f423fedd98cb2e86e267f2b045a6,未知,b3a1fc5ec72ad95e258b584f936ad46befab951e0ee9e43eaa18179e34974387,无法判定,FILE_STAT_OBSERVED_IDENTITY_UNPROVEN,本批次只读；若声明、输入、Schema或授权漂移，既有结论自动失效并须追加新批次,未读取业务正文、价格、成交、订单簿、账户或凭据；身份字段不完整,为该成员提供当前版本九字段声明及逐字段Schema、授权和唯一证据定位后追加不可变批次,2d50c1344a835ceeb832796935182aeff80bb03cecc5465c8cf3aaccbd446acd,86129966e4bc55fac18f2d7602a2309d4403f85861102128a56a80a5a0ccc1ea,38b34bb56ce8d0d5837516a766220e3505131c96a3503790510d8c92893acba8
source-identity-declaration-20260808T051455+0800-c59753ae5b8f,ZI-3be31e2ad7066adca6b49b55,DS-000078,候选数据文件,ETH,4小时;8小时;24小时;48小时,15分钟;1小时,未知,未知,未知,未知,未知,未知,未知,未知,未知,未登记,无,config/数据/来源身份声明补采.json#身份声明[],a2b503bee22e558d2a12983346f4c7750b97234e9839b5dd9f80db0bd3e4c3b1,9ff25aec656063d50358c451f21569aac06eaec60abb7eb1209d023004fcd058,e212d846a0d4288bbedde644fcd626ba447695af79074e263214faace9780adf,未知,b3a1fc5ec72ad95e258b584f936ad46befab951e0ee9e43eaa18179e34974387,无法判定,FILE_STAT_OBSERVED_IDENTITY_UNPROVEN,本批次只读；若声明、输入、Schema或授权漂移，既有结论自动失效并须追加新批次,未读取业务正文、价格、成交、订单簿、账户或凭据；身份字段不完整,为该成员提供当前版本九字段声明及逐字段Schema、授权和唯一证据定位后追加不可变批次,2d50c1344a835ceeb832796935182aeff80bb03cecc5465c8cf3aaccbd446acd,86129966e4bc55fac18f2d7602a2309d4403f85861102128a56a80a5a0ccc1ea,7348d4cb2f66a9604530514b4ec022cb1449e703706b52ac6e0d770176bd3d8f
source-identity-declaration-20260808T051455+0800-c59753ae5b8f,ZI-f028549bbcd5063bf447769f,DS-000079,候选数据文件,ETH,4小时;8小时;24小时;48小时,15分钟;1小时,未知,未知,未知,未知,未知,未知,未知,未知,未知,未登记,无,config/数据/来源身份声明补采.json#身份声明[],a2b503bee22e558d2a12983346f4c7750b97234e9839b5dd9f80db0bd3e4c3b1,2b9634a627f69599a77aa29fa4a7056feb846f6a024ecdb8f55a1c04aa95fea2,91f169f714c690456138cdf589d5e8a7b5456f6053d1cdc94e2b724fdbfa42b1,未知,b3a1fc5ec72ad95e258b584f936ad46befab951e0ee9e43eaa18179e34974387,无法判定,FILE_STAT_OBSERVED_IDENTITY_UNPROVEN,本批次只读；若声明、输入、Schema或授权漂移，既有结论自动失效并须追加新批次,未读取业务正文、价格、成交、订单簿、账户或凭据；身份字段不完整,为该成员提供当前版本九字段声明及逐字段Schema、授权和唯一证据定位后追加不可变批次,2d50c1344a835ceeb832796935182aeff80bb03cecc5465c8cf3aaccbd446acd,86129966e4bc55fac18f2d7602a2309d4403f85861102128a56a80a5a0ccc1ea,3ba19e9be16696873415fea705b1d398bdaca97adc9645791671c10fdfc3ae82
source-identity-declaration-20260808T051455+0800-c59753ae5b8f,ZI-5cb1f0e0a0d3ea04cec7f2db,DS-000080,候选数据文件,ETH,4小时;8小时;24小时;48小时,15分钟;1小时,未知,未知,未知,未知,未知,未知,未知,未知,未知,未登记,无,config/数据/来源身份声明补采.json#身份声明[],a2b503bee22e558d2a12983346f4c7750b97234e9839b5dd9f80db0bd3e4c3b1,3af20a52811a89980b8cf09252253e548c5f6c7fe76c96012651febe29bb1e22,29a9822b3c83726c46e27f624ea982eb5b39d1b28b9c7f58154f864cdaa29623,未知,b3a1fc5ec72ad95e258b584f936ad46befab951e0ee9e43eaa18179e34974387,无法判定,FILE_STAT_OBSERVED_IDENTITY_UNPROVEN,本批次只读；若声明、输入、Schema或授权漂移，既有结论自动失效并须追加新批次,未读取业务正文、价格、成交、订单簿、账户或凭据；身份字段不完整,为该成员提供当前版本九字段声明及逐字段Schema、授权和唯一证据定位后追加不可变批次,2d50c1344a835ceeb832796935182aeff80bb03cecc5465c8cf3aaccbd446acd,86129966e4bc55fac18f2d7602a2309d4403f85861102128a56a80a5a0ccc1ea,6455e365735c654b222a03a5b8485cd226fefaa777c49c93dff85612f1cc9c2d
source-identity-declaration-20260808T051455+0800-c59753ae5b8f,ZI-c554be2524b6ac56420322df,DS-000081,候选数据文件,ETH,4小时;8小时;24小时;48小时,15分钟;1小时,未知,未知,未知,未知,未知,未知,未知,未知,未知,未登记,无,config/数据/来源身份声明补采.json#身份声明[],a2b503bee22e558d2a12983346f4c7750b97234e9839b5dd9f80db0bd3e4c3b1,b20c3eb4b0ee8495a9cdc66b7a345404f395cee265413ff67af9890cc47ff5f5,d1db93d691c78fd916ed92552469c918d03cee922044d79f33cf6a69eb698258,未知,b3a1fc5ec72ad95e258b584f936ad46befab951e0ee9e43eaa18179e34974387,无法判定,FILE_STAT_OBSERVED_IDENTITY_UNPROVEN,本批次只读；若声明、输入、Schema或授权漂移，既有结论自动失效并须追加新批次,未读取业务正文、价格、成交、订单簿、账户或凭据；身份字段不完整,为该成员提供当前版本九字段声明及逐字段Schema、授权和唯一证据定位后追加不可变批次,2d50c1344a835ceeb832796935182aeff80bb03cecc5465c8cf3aaccbd446acd,86129966e4bc55fac18f2d7602a2309d4403f85861102128a56a80a5a0ccc1ea,5a4afbd12178d747cf0604ba99db56f82a6ef1c1a39cc8948a65ee27b3e00ad3
source-identity-declaration-20260808T051455+0800-c59753ae5b8f,ZI-4436ad9b42c6f806385bd6b4,DS-000082,候选数据文件,ETH,4小时;8小时;24小时;48小时,15分钟;1小时,未知,未知,未知,未知,未知,未知,未知,未知,未知,未登记,无,config/数据/来源身份声明补采.json#身份声明[],a2b503bee22e558d2a12983346f4c7750b97234e9839b5dd9f80db0bd3e4c3b1,a3c34f7777e1788e6f6a999275acf640777e31dfb5589bc25492af521c3e994a,fede02311f74fb634858a416f0f4dd18126f465e01fbc1100acbf10d1200a663,未知,b3a1fc5ec72ad95e258b584f936ad46befab951e0ee9e43eaa18179e34974387,无法判定,FILE_STAT_OBSERVED_IDENTITY_UNPROVEN,本批次只读；若声明、输入、Schema或授权漂移，既有结论自动失效并须追加新批次,未读取业务正文、价格、成交、订单簿、账户或凭据；身份字段不完整,为该成员提供当前版本九字段声明及逐字段Schema、授权和唯一证据定位后追加不可变批次,2d50c1344a835ceeb832796935182aeff80bb03cecc5465c8cf3aaccbd446acd,86129966e4bc55fac18f2d7602a2309d4403f85861102128a56a80a5a0ccc1ea,03ae05e63b1bbb746b74017f9468f6bc3bbd9d34958aa8e922cc9019c4fc039c
source-identity-declaration-20260808T051455+0800-c59753ae5b8f,ZI-dc802620a1660401748ba4f1,DS-000083,候选数据文件,ETH,4小时;8小时;24小时;48小时,15分钟;1小时,未知,未知,未知,未知,未知,未知,未知,未知,未知,未登记,无,config/数据/来源身份声明补采.json#身份声明[],a2b503bee22e558d2a12983346f4c7750b97234e9839b5dd9f80db0bd3e4c3b1,2451e8638c8430d0a501abd81a4c6d6bf80512a1dab2010897c17132c0c7480e,7b4a4a43ce8d31d83beac8dd9485d3c99d65763572b420fe5c40d7aff5a2ddc0,未知,b3a1fc5ec72ad95e258b584f936ad46befab951e0ee9e43eaa18179e34974387,无法判定,FILE_STAT_OBSERVED_IDENTITY_UNPROVEN,本批次只读；若声明、输入、Schema或授权漂移，既有结论自动失效并须追加新批次,未读取业务正文、价格、成交、订单簿、账户或凭据；身份字段不完整,为该成员提供当前版本九字段声明及逐字段Schema、授权和唯一证据定位后追加不可变批次,2d50c1344a835ceeb832796935182aeff80bb03cecc5465c8cf3aaccbd446acd,86129966e4bc55fac18f2d7602a2309d4403f85861102128a56a80a5a0ccc1ea,f8ef7d491527f6f94391b03d54b8883fb7ce03ee69f533dd74f32bf4e5260c04
source-identity-declaration-20260808T051455+0800-c59753ae5b8f,ZI-3f209003d99517aaa9d196de,DS-000084,候选数据文件,ETH,4小时;8小时;24小时;48小时,15分钟;1小时,未知,未知,未知,未知,未知,未知,未知,未知,未知,未登记,无,config/数据/来源身份声明补采.json#身份声明[],a2b503bee22e558d2a12983346f4c7750b97234e9839b5dd9f80db0bd3e4c3b1,445c3db6bd19d4f5548639c800454f126f0076372a493802613cf5800bcfd8e3,605a5eb860a53c866c176f9377d1e2fbb5052a77234ea73731df9aa2573861af,未知,b3a1fc5ec72ad95e258b584f936ad46befab951e0ee9e43eaa18179e34974387,无法判定,FILE_STAT_OBSERVED_IDENTITY_UNPROVEN,本批次只读；若声明、输入、Schema或授权漂移，既有结论自动失效并须追加新批次,未读取业务正文、价格、成交、订单簿、账户或凭据；身份字段不完整,为该成员提供当前版本九字段声明及逐字段Schema、授权和唯一证据定位后追加不可变批次,2d50c1344a835ceeb832796935182aeff80bb03cecc5465c8cf3aaccbd446acd,86129966e4bc55fac18f2d7602a2309d4403f85861102128a56a80a5a0ccc1ea,e05e065122eec430a7bbf45904b6019689a945fe4ddcdb8eb116f3a339621ad1
source-identity-declaration-20260808T051455+0800-c59753ae5b8f,ZI-1e587b9ca43b8ecb01a08a67,DS-000085,候选数据文件,ETH,4小时;8小时;24小时;48小时,15分钟;1小时,未知,未知,未知,未知,未知,未知,未知,未知,未知,未登记,无,config/数据/来源身份声明补采.json#身份声明[],a2b503bee22e558d2a12983346f4c7750b97234e9839b5dd9f80db0bd3e4c3b1,0c7eaabb88f378576b9d9ce30a667c481c9cbc99a6f7eb7d7d491544477e4ffe,0fedf9c7d3d0b989a7b875084ed71e07cdebe1bb2dcb6342a19dfc9a576d79f6,未知,b3a1fc5ec72ad95e258b584f936ad46befab951e0ee9e43eaa18179e34974387,无法判定,FILE_STAT_OBSERVED_IDENTITY_UNPROVEN,本批次只读；若声明、输入、Schema或授权漂移，既有结论自动失效并须追加新批次,未读取业务正文、价格、成交、订单簿、账户或凭据；身份字段不完整,为该成员提供当前版本九字段声明及逐字段Schema、授权和唯一证据定位后追加不可变批次,2d50c1344a835ceeb832796935182aeff80bb03cecc5465c8cf3aaccbd446acd,86129966e4bc55fac18f2d7602a2309d4403f85861102128a56a80a5a0ccc1ea,6cad45fef012e17e9f32660d5dbd15e5d0e9bdeb6d0bf51d7dd921486136f3f5
source-identity-declaration-20260808T051455+0800-c59753ae5b8f,ZI-bba6b24de803c01632b44a91,DS-000086,候选数据文件,ETH,4小时;8小时;24小时;48小时,15分钟;1小时,未知,未知,未知,未知,未知,未知,未知,未知,未知,未登记,无,config/数据/来源身份声明补采.json#身份声明[],a2b503bee22e558d2a12983346f4c7750b97234e9839b5dd9f80db0bd3e4c3b1,0eb4a4f4f4e4a1068ec372fdf0f11c08153f6b1bc3cd56a5c0c94960d1e62b09,01f93941e985130de91b35ffe8c58ad67717e498a3ce1aa05fc6c302bd2e295d,未知,b3a1fc5ec72ad95e258b584f936ad46befab951e0ee9e43eaa18179e34974387,无法判定,FILE_STAT_OBSERVED_IDENTITY_UNPROVEN,本批次只读；若声明、输入、Schema或授权漂移，既有结论自动失效并须追加新批次,未读取业务正文、价格、成交、订单簿、账户或凭据；身份字段不完整,为该成员提供当前版本九字段声明及逐字段Schema、授权和唯一证据定位后追加不可变批次,2d50c1344a835ceeb832796935182aeff80bb03cecc5465c8cf3aaccbd446acd,86129966e4bc55fac18f2d7602a2309d4403f85861102128a56a80a5a0ccc1ea,09ec1eea43b225cdc622819259938fdcd9fe859cc15f46825f2ac34a7a07071a
source-identity-declaration-20260808T051455+0800-c59753ae5b8f,ZI-baea0c9ad86775e8eca92410,DS-000087,候选数据文件,ETH,4小时;8小时;24小时;48小时,15分钟;1小时,未知,未知,未知,未知,未知,未知,未知,未知,未知,未登记,无,config/数据/来源身份声明补采.json#身份声明[],a2b503bee22e558d2a12983346f4c7750b97234e9839b5dd9f80db0bd3e4c3b1,cb5a9125a33ceff9a40988e72821717f085ad2c21526cf39088cb344195f21c1,251b795b56d9aa547185015d4a5a0dcec33763011e38c6999b85d5ac3c45834f,未知,b3a1fc5ec72ad95e258b584f936ad46befab951e0ee9e43eaa18179e34974387,无法判定,FILE_STAT_OBSERVED_IDENTITY_UNPROVEN,本批次只读；若声明、输入、Schema或授权漂移，既有结论自动失效并须追加新批次,未读取业务正文、价格、成交、订单簿、账户或凭据；身份字段不完整,为该成员提供当前版本九字段声明及逐字段Schema、授权和唯一证据定位后追加不可变批次,2d50c1344a835ceeb832796935182aeff80bb03cecc5465c8cf3aaccbd446acd,86129966e4bc55fac18f2d7602a2309d4403f85861102128a56a80a5a0ccc1ea,f2a1cc69c44bb0365128428df279d277b7da7539f56152d753b361d83dba25ae
source-identity-declaration-20260808T051455+0800-c59753ae5b8f,ZI-e900cf4aa30a969caaffd8a6,DS-000088,候选数据文件,ETH,4小时;8小时;24小时;48小时,15分钟;1小时,未知,未知,未知,未知,未知,未知,未知,未知,未知,未登记,无,config/数据/来源身份声明补采.json#身份声明[],a2b503bee22e558d2a12983346f4c7750b97234e9839b5dd9f80db0bd3e4c3b1,bdf4657f0758c3c4568e041dea286a8841995e2061be6660ddc80d52cb73fd57,86b4f6c6711e419eb64b65468f33c7b013594aec40ccf4bd6b11fe08ad060d5b,未知,b3a1fc5ec72ad95e258b584f936ad46befab951e0ee9e43eaa18179e34974387,无法判定,FILE_STAT_OBSERVED_IDENTITY_UNPROVEN,本批次只读；若声明、输入、Schema或授权漂移，既有结论自动失效并须追加新批次,未读取业务正文、价格、成交、订单簿、账户或凭据；身份字段不完整,为该成员提供当前版本九字段声明及逐字段Schema、授权和唯一证据定位后追加不可变批次,2d50c1344a835ceeb832796935182aeff80bb03cecc5465c8cf3aaccbd446acd,86129966e4bc55fac18f2d7602a2309d4403f85861102128a56a80a5a0ccc1ea,7f7193992d05b42e044745bdc15fed4ce45c78d82a72654e609b7ab5c948b49e
source-identity-declaration-20260808T051455+0800-c59753ae5b8f,ZI-fdc48fd4c41a97f34f51f46e,DS-000089,候选数据文件,ETH,4小时;8小时;24小时;48小时,15分钟;1小时,未知,未知,未知,未知,未知,未知,未知,未知,未知,未登记,无,config/数据/来源身份声明补采.json#身份声明[],a2b503bee22e558d2a12983346f4c7750b97234e9839b5dd9f80db0bd3e4c3b1,c17e9de0d77f02429c2bf544f7e87a0be9fbf10f1ca0309af848cab64647df44,4ed8b8cc81cb8fb63ca76d450cbc525819c194a1da99c22db6bc82feab0ae550,未知,b3a1fc5ec72ad95e258b584f936ad46befab951e0ee9e43eaa18179e34974387,无法判定,FILE_STAT_OBSERVED_IDENTITY_UNPROVEN,本批次只读；若声明、输入、Schema或授权漂移，既有结论自动失效并须追加新批次,未读取业务正文、价格、成交、订单簿、账户或凭据；身份字段不完整,为该成员提供当前版本九字段声明及逐字段Schema、授权和唯一证据定位后追加不可变批次,2d50c1344a835ceeb832796935182aeff80bb03cecc5465c8cf3aaccbd446acd,86129966e4bc55fac18f2d7602a2309d4403f85861102128a56a80a5a0ccc1ea,0343bd0a57e4791f997246b984e62e16012cc13b13bcbe8dcbcb923b196e44b8
source-identity-declaration-20260808T051455+0800-c59753ae5b8f,ZI-cfde254fa2f17eff06fd22c0,DS-000090,候选数据文件,ETH,4小时;8小时;24小时;48小时,15分钟;1小时,未知,未知,未知,未知,未知,未知,未知,未知,未知,未登记,无,config/数据/来源身份声明补采.json#身份声明[],a2b503bee22e558d2a12983346f4c7750b97234e9839b5dd9f80db0bd3e4c3b1,7455cb004fd8f92bf11aba3294a88df82c2f66ca25872225ffb0d58a6c649e95,a4aa975040979ed8bdf47abeb06339fd4c8047e3db8961b85925d1f4db1d8f18,未知,b3a1fc5ec72ad95e258b584f936ad46befab951e0ee9e43eaa18179e34974387,无法判定,FILE_STAT_OBSERVED_IDENTITY_UNPROVEN,本批次只读；若声明、输入、Schema或授权漂移，既有结论自动失效并须追加新批次,未读取业务正文、价格、成交、订单簿、账户或凭据；身份字段不完整,为该成员提供当前版本九字段声明及逐字段Schema、授权和唯一证据定位后追加不可变批次,2d50c1344a835ceeb832796935182aeff80bb03cecc5465c8cf3aaccbd446acd,86129966e4bc55fac18f2d7602a2309d4403f85861102128a56a80a5a0ccc1ea,580d1bea0e78dff2bed7a16253508837d53c83d4e5e1530ad45042f7366ed9aa
source-identity-declaration-20260808T051455+0800-c59753ae5b8f,ZI-e753f977d37bf709ca92ee4e,DS-000091,候选数据文件,ETH,4小时;8小时;24小时;48小时,15分钟;1小时,未知,未知,未知,未知,未知,未知,未知,未知,未知,未登记,无,config/数据/来源身份声明补采.json#身份声明[],a2b503bee22e558d2a12983346f4c7750b97234e9839b5dd9f80db0bd3e4c3b1,0c82b4ff49875c233adadf63c84b19abc1ddf2bd99291782e3aaaea7ddb51ca4,14572374be8a915091e335ea2f58a59818e7d1ad356619f4bdd9b95f4c3147b9,未知,b3a1fc5ec72ad95e258b584f936ad46befab951e0ee9e43eaa18179e34974387,无法判定,FILE_STAT_OBSERVED_IDENTITY_UNPROVEN,本批次只读；若声明、输入、Schema或授权漂移，既有结论自动失效并须追加新批次,未读取业务正文、价格、成交、订单簿、账户或凭据；身份字段不完整,为该成员提供当前版本九字段声明及逐字段Schema、授权和唯一证据定位后追加不可变批次,2d50c1344a835ceeb832796935182aeff80bb03cecc5465c8cf3aaccbd446acd,86129966e4bc55fac18f2d7602a2309d4403f85861102128a56a80a5a0ccc1ea,97febe6a0bc81d3608824f334804b8c7ddfc36aac8b04a71a35fc411b34db1ec
source-identity-declaration-20260808T051455+0800-c59753ae5b8f,ZI-711cc9b300fc5737cb6a1fe0,DS-000092,候选数据文件,ETH,4小时;8小时;24小时;48小时,15分钟;1小时,未知,未知,未知,未知,未知,未知,未知,未知,未知,未登记,无,config/数据/来源身份声明补采.json#身份声明[],a2b503bee22e558d2a12983346f4c7750b97234e9839b5dd9f80db0bd3e4c3b1,310f779c52d0802aa60fb5bcd2f1f07defbd477d6b7f609c42dd252100540981,36e383047a54db511b2d6e7fd23dc6ac447aa522467d74c631ec96cc5ce304cc,未知,b3a1fc5ec72ad95e258b584f936ad46befab951e0ee9e43eaa18179e34974387,无法判定,FILE_STAT_OBSERVED_IDENTITY_UNPROVEN,本批次只读；若声明、输入、Schema或授权漂移，既有结论自动失效并须追加新批次,未读取业务正文、价格、成交、订单簿、账户或凭据；身份字段不完整,为该成员提供当前版本九字段声明及逐字段Schema、授权和唯一证据定位后追加不可变批次,2d50c1344a835ceeb832796935182aeff80bb03cecc5465c8cf3aaccbd446acd,86129966e4bc55fac18f2d7602a2309d4403f85861102128a56a80a5a0ccc1ea,b748d55b9bf52a462c36afc8ec27fe22694cef0f3923ffad070eb07e4573ebe2
source-identity-declaration-20260808T051455+0800-c59753ae5b8f,ZI-3b1ff874ffa2b6e111f84a57,DS-000093,候选数据文件,ETH,4小时;8小时;24小时;48小时,15分钟;1小时,未知,未知,未知,未知,未知,未知,未知,未知,未知,未登记,无,config/数据/来源身份声明补采.json#身份声明[],a2b503bee22e558d2a12983346f4c7750b97234e9839b5dd9f80db0bd3e4c3b1,a283d773fa26d2d545695ee035f7474a83e0e8dd4bd32d0f6c12c203d554e5c0,cffb4bf5c2c68fb4c145856b53348278f7d48351229f466d01a3bac4c481d538,未知,b3a1fc5ec72ad95e258b584f936ad46befab951e0ee9e43eaa18179e34974387,无法判定,FILE_STAT_OBSERVED_IDENTITY_UNPROVEN,本批次只读；若声明、输入、Schema或授权漂移，既有结论自动失效并须追加新批次,未读取业务正文、价格、成交、订单簿、账户或凭据；身份字段不完整,为该成员提供当前版本九字段声明及逐字段Schema、授权和唯一证据定位后追加不可变批次,2d50c1344a835ceeb832796935182aeff80bb03cecc5465c8cf3aaccbd446acd,86129966e4bc55fac18f2d7602a2309d4403f85861102128a56a80a5a0ccc1ea,f1cf26e3a3bc901a4a5573350713aac87a5e0b77bd685f036fd9a08e516fd0f4
source-identity-declaration-20260808T051455+0800-c59753ae5b8f,ZI-5dd1eab4bb5048a6948ebba2,DS-000094,候选数据文件,ETH,4小时;8小时;24小时;48小时,15分钟;1小时,未知,未知,未知,未知,未知,未知,未知,未知,未知,未登记,无,config/数据/来源身份声明补采.json#身份声明[],a2b503bee22e558d2a12983346f4c7750b97234e9839b5dd9f80db0bd3e4c3b1,5723e42924486a24e269f2e46f3642ec86fbf87cd739ce95b2730238c768c4a8,478a23ecc0cb5bfd585574dd56dcb6029ca0d8be9a8dd1716fc63c8058e8653e,未知,b3a1fc5ec72ad95e258b584f936ad46befab951e0ee9e43eaa18179e34974387,无法判定,FILE_STAT_OBSERVED_IDENTITY_UNPROVEN,本批次只读；若声明、输入、Schema或授权漂移，既有结论自动失效并须追加新批次,未读取业务正文、价格、成交、订单簿、账户或凭据；身份字段不完整,为该成员提供当前版本九字段声明及逐字段Schema、授权和唯一证据定位后追加不可变批次,2d50c1344a835ceeb832796935182aeff80bb03cecc5465c8cf3aaccbd446acd,86129966e4bc55fac18f2d7602a2309d4403f85861102128a56a80a5a0ccc1ea,1b7c5b895216998abf8aac7f3b9cf5d64f9ccbacbb8117c89387765d783582e7
source-identity-declaration-20260808T051455+0800-c59753ae5b8f,ZI-0f98b4ccb582f8d46f4bde26,DS-000095,候选数据文件,ETH,4小时;8小时;24小时;48小时,15分钟;1小时,未知,未知,未知,未知,未知,未知,未知,未知,未知,未登记,无,config/数据/来源身份声明补采.json#身份声明[],a2b503bee22e558d2a12983346f4c7750b97234e9839b5dd9f80db0bd3e4c3b1,e5df3b09a4f4f2fbc001e29f4f2ed9625f6b62ea788160f56763679ae5a7fd21,736c38357d72779bfd64a024b7e6ca2a781c5d7802287968dc884508738f6588,未知,b3a1fc5ec72ad95e258b584f936ad46befab951e0ee9e43eaa18179e34974387,无法判定,FILE_STAT_OBSERVED_IDENTITY_UNPROVEN,本批次只读；若声明、输入、Schema或授权漂移，既有结论自动失效并须追加新批次,未读取业务正文、价格、成交、订单簿、账户或凭据；身份字段不完整,为该成员提供当前版本九字段声明及逐字段Schema、授权和唯一证据定位后追加不可变批次,2d50c1344a835ceeb832796935182aeff80bb03cecc5465c8cf3aaccbd446acd,86129966e4bc55fac18f2d7602a2309d4403f85861102128a56a80a5a0ccc1ea,fe570b246cccb1905af3045a9fbfba4443b9e9686148bcc7b7bfd0c9924b5339
source-identity-declaration-20260808T051455+0800-c59753ae5b8f,ZI-95e4aaf87cde52b43836becd,DS-000096,候选数据文件,ETH,4小时;8小时;24小时;48小时,15分钟;1小时,未知,未知,未知,未知,未知,未知,未知,未知,未知,未登记,无,config/数据/来源身份声明补采.json#身份声明[],a2b503bee22e558d2a12983346f4c7750b97234e9839b5dd9f80db0bd3e4c3b1,ba6d3ff4ffef24004405e028478940e5ab58886fe03296e15653487d2a406dee,88ce272dc64a0f211fae4e644c2dfdb2eef243e1d31b323320a0aadaf3a1ef17,未知,b3a1fc5ec72ad95e258b584f936ad46befab951e0ee9e43eaa18179e34974387,无法判定,FILE_STAT_OBSERVED_IDENTITY_UNPROVEN,本批次只读；若声明、输入、Schema或授权漂移，既有结论自动失效并须追加新批次,未读取业务正文、价格、成交、订单簿、账户或凭据；身份字段不完整,为该成员提供当前版本九字段声明及逐字段Schema、授权和唯一证据定位后追加不可变批次,2d50c1344a835ceeb832796935182aeff80bb03cecc5465c8cf3aaccbd446acd,86129966e4bc55fac18f2d7602a2309d4403f85861102128a56a80a5a0ccc1ea,fb8a7a271a1ffce0a1af700ef975ecb89afa8c75a9ef8717e5f173b46b90411f
source-identity-declaration-20260808T051455+0800-c59753ae5b8f,ZI-742fac6725a335ceef60c1cd,DS-000097,候选数据文件,ETH,4小时;8小时;24小时;48小时,15分钟;1小时,未知,未知,未知,未知,未知,未知,未知,未知,未知,未登记,无,config/数据/来源身份声明补采.json#身份声明[],a2b503bee22e558d2a12983346f4c7750b97234e9839b5dd9f80db0bd3e4c3b1,8228c63ea9d98b795581957c34ac1ce53475f0d389e891c8c45f6a90e39e5f52,730674d7e6f71729da00454c5e39bb2eacbd5f280c8bef503e041c8b545c06c6,未知,b3a1fc5ec72ad95e258b584f936ad46befab951e0ee9e43eaa18179e34974387,无法判定,FILE_STAT_OBSERVED_IDENTITY_UNPROVEN,本批次只读；若声明、输入、Schema或授权漂移，既有结论自动失效并须追加新批次,未读取业务正文、价格、成交、订单簿、账户或凭据；身份字段不完整,为该成员提供当前版本九字段声明及逐字段Schema、授权和唯一证据定位后追加不可变批次,2d50c1344a835ceeb832796935182aeff80bb03cecc5465c8cf3aaccbd446acd,86129966e4bc55fac18f2d7602a2309d4403f85861102128a56a80a5a0ccc1ea,67185de678c8e5f13223cfc12644fedbe88d9eefec0bfac8036c6a9b7713f7b4
source-identity-declaration-20260808T051455+0800-c59753ae5b8f,ZI-ecec677fbed31df69a769cbd,DS-000098,候选数据文件,ETH,4小时;8小时;24小时;48小时,15分钟;1小时,未知,未知,未知,未知,未知,未知,未知,未知,未知,未登记,无,config/数据/来源身份声明补采.json#身份声明[],a2b503bee22e558d2a12983346f4c7750b97234e9839b5dd9f80db0bd3e4c3b1,b36b9fceb03833c0e0d70c168c701624f3141e4ed9eff163a784fd829f7e31d7,0ad498d8ae12e923e3b733bf512bc7d0e881cf6a9be921bff52c479975238bb1,未知,b3a1fc5ec72ad95e258b584f936ad46befab951e0ee9e43eaa18179e34974387,无法判定,FILE_STAT_OBSERVED_IDENTITY_UNPROVEN,本批次只读；若声明、输入、Schema或授权漂移，既有结论自动失效并须追加新批次,未读取业务正文、价格、成交、订单簿、账户或凭据；身份字段不完整,为该成员提供当前版本九字段声明及逐字段Schema、授权和唯一证据定位后追加不可变批次,2d50c1344a835ceeb832796935182aeff80bb03cecc5465c8cf3aaccbd446acd,86129966e4bc55fac18f2d7602a2309d4403f85861102128a56a80a5a0ccc1ea,16aeb8af3c6f15a7f1a48f79b0307a32e46f734dd23e31cee10a5637a28dea37
source-identity-declaration-20260808T051455+0800-c59753ae5b8f,ZI-3001a9d0489e5be46b832a12,DS-000099,候选数据文件,ETH,4小时;8小时;24小时;48小时,15分钟;1小时,未知,未知,未知,未知,未知,未知,未知,未知,未知,未登记,无,config/数据/来源身份声明补采.json#身份声明[],a2b503bee22e558d2a12983346f4c7750b97234e9839b5dd9f80db0bd3e4c3b1,406902f70179ec4296dab8c11df609ebd2db5dba4451dedd8e129a2be9025ef0,4041976c52c5255b1c61b1cccd72cf836a4594f195f58b39efc5f4789e5f35ad,未知,b3a1fc5ec72ad95e258b584f936ad46befab951e0ee9e43eaa18179e34974387,无法判定,FILE_STAT_OBSERVED_IDENTITY_UNPROVEN,本批次只读；若声明、输入、Schema或授权漂移，既有结论自动失效并须追加新批次,未读取业务正文、价格、成交、订单簿、账户或凭据；身份字段不完整,为该成员提供当前版本九字段声明及逐字段Schema、授权和唯一证据定位后追加不可变批次,2d50c1344a835ceeb832796935182aeff80bb03cecc5465c8cf3aaccbd446acd,86129966e4bc55fac18f2d7602a2309d4403f85861102128a56a80a5a0ccc1ea,320ace79ecd2fbff661918fecd765496252afffef5c9d1939c9b60471a7550d1
source-identity-declaration-20260808T051455+0800-c59753ae5b8f,ZI-743a833f1fa4bc66ed849c8d,DS-000100,候选数据文件,ETH,4小时;8小时;24小时;48小时,15分钟;1小时,未知,未知,未知,未知,未知,未知,未知,未知,未知,未登记,无,config/数据/来源身份声明补采.json#身份声明[],a2b503bee22e558d2a12983346f4c7750b97234e9839b5dd9f80db0bd3e4c3b1,fe048a02588b3cc749889b703140b2600f164dd21a8297092b0703089ac5e81e,10bc1e9edaf2c0ce7b10a3e884d9e49db31b51fc1969bff9576bdac99b3abee0,未知,b3a1fc5ec72ad95e258b584f936ad46befab951e0ee9e43eaa18179e34974387,无法判定,FILE_STAT_OBSERVED_IDENTITY_UNPROVEN,本批次只读；若声明、输入、Schema或授权漂移，既有结论自动失效并须追加新批次,未读取业务正文、价格、成交、订单簿、账户或凭据；身份字段不完整,为该成员提供当前版本九字段声明及逐字段Schema、授权和唯一证据定位后追加不可变批次,2d50c1344a835ceeb832796935182aeff80bb03cecc5465c8cf3aaccbd446acd,86129966e4bc55fac18f2d7602a2309d4403f85861102128a56a80a5a0ccc1ea,c28a09301d2b0346f85570396990b44dd32ebc1ffb9b9c44e05b076f55d0b7fd
source-identity-declaration-20260808T051455+0800-c59753ae5b8f,ZI-dd87780399e2768f46489851,DS-000101,候选数据文件,ETH,4小时;8小时;24小时;48小时,15分钟;1小时,未知,未知,未知,未知,未知,未知,未知,未知,未知,未登记,无,config/数据/来源身份声明补采.json#身份声明[],a2b503bee22e558d2a12983346f4c7750b97234e9839b5dd9f80db0bd3e4c3b1,ea8e64d81a49f583be20253df94bb10447a84f34924a81ea484985df8de14bc5,0a91d48bdaabe373cfd71d515e923c5a04884bb57f109185e614c1b39499754e,未知,b3a1fc5ec72ad95e258b584f936ad46befab951e0ee9e43eaa18179e34974387,无法判定,FILE_STAT_OBSERVED_IDENTITY_UNPROVEN,本批次只读；若声明、输入、Schema或授权漂移，既有结论自动失效并须追加新批次,未读取业务正文、价格、成交、订单簿、账户或凭据；身份字段不完整,为该成员提供当前版本九字段声明及逐字段Schema、授权和唯一证据定位后追加不可变批次,2d50c1344a835ceeb832796935182aeff80bb03cecc5465c8cf3aaccbd446acd,86129966e4bc55fac18f2d7602a2309d4403f85861102128a56a80a5a0ccc1ea,1216c79426a9b627f0915e8f4cad4d8f05d7318a3999584bd3f7a1fe5ea454ec
source-identity-declaration-20260808T051455+0800-c59753ae5b8f,ZI-7deee960deaf332a7fb18c84,DS-000102,候选数据文件,ETH,4小时;8小时;24小时;48小时,15分钟;1小时,未知,未知,未知,未知,未知,未知,未知,未知,未知,未登记,无,config/数据/来源身份声明补采.json#身份声明[],a2b503bee22e558d2a12983346f4c7750b97234e9839b5dd9f80db0bd3e4c3b1,abfb99f6151387ef4ff78a22a9fd233763a7a49d18bf50e5df9ba77c6b3c3f00,b386d1119735318462e2139b9e347bffa3dc4cc1cbd024fa3649d64f974fd023,未知,b3a1fc5ec72ad95e258b584f936ad46befab951e0ee9e43eaa18179e34974387,无法判定,FILE_STAT_OBSERVED_IDENTITY_UNPROVEN,本批次只读；若声明、输入、Schema或授权漂移，既有结论自动失效并须追加新批次,未读取业务正文、价格、成交、订单簿、账户或凭据；身份字段不完整,为该成员提供当前版本九字段声明及逐字段Schema、授权和唯一证据定位后追加不可变批次,2d50c1344a835ceeb832796935182aeff80bb03cecc5465c8cf3aaccbd446acd,86129966e4bc55fac18f2d7602a2309d4403f85861102128a56a80a5a0ccc1ea,83d8a5ce0632c20783cd5ab32ceab01a0559971d684d3fba1cb7552d94dde09a
source-identity-declaration-20260808T051455+0800-c59753ae5b8f,ZI-a493b07d62fd443bdd97d178,DS-000103,候选数据文件,ETH,4小时;8小时;24小时;48小时,15分钟;1小时,未知,未知,未知,未知,未知,未知,未知,未知,未知,未登记,无,config/数据/来源身份声明补采.json#身份声明[],a2b503bee22e558d2a12983346f4c7750b97234e9839b5dd9f80db0bd3e4c3b1,eb07628cb6a921195379d64475122a7143d0631cf42e25bfa01dcd7daaceb638,23f20b89610e2c1a33de449993d37f883d5c01487dfdba1dcf19c75060bdfc08,未知,b3a1fc5ec72ad95e258b584f936ad46befab951e0ee9e43eaa18179e34974387,无法判定,FILE_STAT_OBSERVED_IDENTITY_UNPROVEN,本批次只读；若声明、输入、Schema或授权漂移，既有结论自动失效并须追加新批次,未读取业务正文、价格、成交、订单簿、账户或凭据；身份字段不完整,为该成员提供当前版本九字段声明及逐字段Schema、授权和唯一证据定位后追加不可变批次,2d50c1344a835ceeb832796935182aeff80bb03cecc5465c8cf3aaccbd446acd,86129966e4bc55fac18f2d7602a2309d4403f85861102128a56a80a5a0ccc1ea,e259d3e78758f229097c8105a11e3c45c9a2bf6001f99e914d7de354cca18772
source-identity-declaration-20260808T051455+0800-c59753ae5b8f,ZI-e84f5005324efc7b720a762c,DS-000104,候选数据文件,ETH,4小时;8小时;24小时;48小时,15分钟;1小时,未知,未知,未知,未知,未知,未知,未知,未知,未知,未登记,无,config/数据/来源身份声明补采.json#身份声明[],a2b503bee22e558d2a12983346f4c7750b97234e9839b5dd9f80db0bd3e4c3b1,ef28cdf12ca8827b2378c7e1e803ead3e3cf993ed1c368426155024fdc6c8959,c8aaa84129d33e87c4a177f961793252aa3f724efbb8b8b92789a5626bc0ea11,未知,b3a1fc5ec72ad95e258b584f936ad46befab951e0ee9e43eaa18179e34974387,无法判定,FILE_STAT_OBSERVED_IDENTITY_UNPROVEN,本批次只读；若声明、输入、Schema或授权漂移，既有结论自动失效并须追加新批次,未读取业务正文、价格、成交、订单簿、账户或凭据；身份字段不完整,为该成员提供当前版本九字段声明及逐字段Schema、授权和唯一证据定位后追加不可变批次,2d50c1344a835ceeb832796935182aeff80bb03cecc5465c8cf3aaccbd446acd,86129966e4bc55fac18f2d7602a2309d4403f85861102128a56a80a5a0ccc1ea,7558eb6c45206aa86a1eaafa32a3c94114ba2d712d737f842941d7d176d028fa
source-identity-declaration-20260808T051455+0800-c59753ae5b8f,ZI-19e19ce30e7439b2c988cfa6,DS-000105,候选数据文件,ETH,4小时;8小时;24小时;48小时,15分钟;1小时,未知,未知,未知,未知,未知,未知,未知,未知,未知,未登记,无,config/数据/来源身份声明补采.json#身份声明[],a2b503bee22e558d2a12983346f4c7750b97234e9839b5dd9f80db0bd3e4c3b1,6ebf6d7a8a93d298f90f71a5732fabad965efedd59ad24025ceef2bff1413bc0,dce42c947587d840b35b6dc148798594d2cdfae0826496f1a95e47620a343be0,未知,b3a1fc5ec72ad95e258b584f936ad46befab951e0ee9e43eaa18179e34974387,无法判定,FILE_STAT_OBSERVED_IDENTITY_UNPROVEN,本批次只读；若声明、输入、Schema或授权漂移，既有结论自动失效并须追加新批次,未读取业务正文、价格、成交、订单簿、账户或凭据；身份字段不完整,为该成员提供当前版本九字段声明及逐字段Schema、授权和唯一证据定位后追加不可变批次,2d50c1344a835ceeb832796935182aeff80bb03cecc5465c8cf3aaccbd446acd,86129966e4bc55fac18f2d7602a2309d4403f85861102128a56a80a5a0ccc1ea,c3ddc1a5b9124604fa6ebe2eba41c644d91ad98cfda32b09ce546876603c21b9
source-identity-declaration-20260808T051455+0800-c59753ae5b8f,ZI-291baf907867fa7c649cb7b1,DS-000106,候选数据文件,ETH,4小时;8小时;24小时;48小时,15分钟;1小时,未知,未知,未知,未知,未知,未知,未知,未知,未知,未登记,无,config/数据/来源身份声明补采.json#身份声明[],a2b503bee22e558d2a12983346f4c7750b97234e9839b5dd9f80db0bd3e4c3b1,7d452e0b77d3aca62618b2d4f776cb3ea7dd8bbc606f9df2cbaf4074a6486b29,b38fad67cc9e37b015c2de9a89d44de8aaefeb7633e89a0044901b6ef82204d6,未知,b3a1fc5ec72ad95e258b584f936ad46befab951e0ee9e43eaa18179e34974387,无法判定,FILE_STAT_OBSERVED_IDENTITY_UNPROVEN,本批次只读；若声明、输入、Schema或授权漂移，既有结论自动失效并须追加新批次,未读取业务正文、价格、成交、订单簿、账户或凭据；身份字段不完整,为该成员提供当前版本九字段声明及逐字段Schema、授权和唯一证据定位后追加不可变批次,2d50c1344a835ceeb832796935182aeff80bb03cecc5465c8cf3aaccbd446acd,86129966e4bc55fac18f2d7602a2309d4403f85861102128a56a80a5a0ccc1ea,98a90902307a1a0a3d0a6de96eda38bfea1e79f39b5ee80445448665dcc8ce41
source-identity-declaration-20260808T051455+0800-c59753ae5b8f,ZI-6f787d1796ce9df86089ddcc,DS-000107,候选数据文件,ETH,4小时;8小时;24小时;48小时,15分钟;1小时,未知,未知,未知,未知,未知,未知,未知,未知,未知,未登记,无,config/数据/来源身份声明补采.json#身份声明[],a2b503bee22e558d2a12983346f4c7750b97234e9839b5dd9f80db0bd3e4c3b1,1c779a884c12e4f411a9bc59ae6b87246c2b0b62333aded6984e1b65fb366d58,f57ae7adc6a21ab1f07f375520a27a8cc89841277281823327f09adfec1f2dc1,未知,b3a1fc5ec72ad95e258b584f936ad46befab951e0ee9e43eaa18179e34974387,无法判定,FILE_STAT_OBSERVED_IDENTITY_UNPROVEN,本批次只读；若声明、输入、Schema或授权漂移，既有结论自动失效并须追加新批次,未读取业务正文、价格、成交、订单簿、账户或凭据；身份字段不完整,为该成员提供当前版本九字段声明及逐字段Schema、授权和唯一证据定位后追加不可变批次,2d50c1344a835ceeb832796935182aeff80bb03cecc5465c8cf3aaccbd446acd,86129966e4bc55fac18f2d7602a2309d4403f85861102128a56a80a5a0ccc1ea,5e44a17a01abb9754abde9496d652e59711617b97f807b399dbbc7750077a42b
source-identity-declaration-20260808T051455+0800-c59753ae5b8f,ZI-b00286467d2ee7ccd3b8f3ba,DS-000108,候选数据文件,ETH,4小时;8小时;24小时;48小时,15分钟;1小时,未知,未知,未知,未知,未知,未知,未知,未知,未知,未登记,无,config/数据/来源身份声明补采.json#身份声明[],a2b503bee22e558d2a12983346f4c7750b97234e9839b5dd9f80db0bd3e4c3b1,d97b0d962760ad3eb6a51747d90bfdd9e3b6bf31767c9aba88aff9714b5456bc,af76ec353b0dd0b6a5acf63c72cc41d009b25652aff7dcf89e60b411d94f9998,未知,b3a1fc5ec72ad95e258b584f936ad46befab951e0ee9e43eaa18179e34974387,无法判定,FILE_STAT_OBSERVED_IDENTITY_UNPROVEN,本批次只读；若声明、输入、Schema或授权漂移，既有结论自动失效并须追加新批次,未读取业务正文、价格、成交、订单簿、账户或凭据；身份字段不完整,为该成员提供当前版本九字段声明及逐字段Schema、授权和唯一证据定位后追加不可变批次,2d50c1344a835ceeb832796935182aeff80bb03cecc5465c8cf3aaccbd446acd,86129966e4bc55fac18f2d7602a2309d4403f85861102128a56a80a5a0ccc1ea,abcdf03be659f3737c2dd57939466f25be3b4fbf6fc76c9c4edf8b4dc9ebed38
source-identity-declaration-20260808T051455+0800-c59753ae5b8f,ZI-3fd7398488e745c2955a3082,DS-000109,候选数据文件,ETH,4小时;8小时;24小时;48小时,15分钟;1小时,未知,未知,未知,未知,未知,未知,未知,未知,未知,未登记,无,config/数据/来源身份声明补采.json#身份声明[],a2b503bee22e558d2a12983346f4c7750b97234e9839b5dd9f80db0bd3e4c3b1,33906bd2fcfd7bb1f16e12c0fbcf5a32d3eb963960a0412d88b1a5531531d280,b72b27e0618d3ee8901192b5a6fea8cbe28fc39a67c1c5f4022d3fa90e981598,未知,b3a1fc5ec72ad95e258b584f936ad46befab951e0ee9e43eaa18179e34974387,无法判定,FILE_STAT_OBSERVED_IDENTITY_UNPROVEN,本批次只读；若声明、输入、Schema或授权漂移，既有结论自动失效并须追加新批次,未读取业务正文、价格、成交、订单簿、账户或凭据；身份字段不完整,为该成员提供当前版本九字段声明及逐字段Schema、授权和唯一证据定位后追加不可变批次,2d50c1344a835ceeb832796935182aeff80bb03cecc5465c8cf3aaccbd446acd,86129966e4bc55fac18f2d7602a2309d4403f85861102128a56a80a5a0ccc1ea,05b245fe732f871850521de82a4bfd6c12dd443cbc7ad3cb62c391c90c9f2ab6
source-identity-declaration-20260808T051455+0800-c59753ae5b8f,ZI-522f5f18a2c43298e44a26a4,DS-000110,候选数据文件,ETH,4小时;8小时;24小时;48小时,15分钟;1小时,未知,未知,未知,未知,未知,未知,未知,未知,未知,未登记,无,config/数据/来源身份声明补采.json#身份声明[],a2b503bee22e558d2a12983346f4c7750b97234e9839b5dd9f80db0bd3e4c3b1,0d59d080eb816bb6a7d5088cc871bec5cdc058074ced8ee38b7ac5e06efec7ea,186faeec98127cdb57c08f6b074402bf856678d6547dcdcf57f1f50bbcdaf750,未知,b3a1fc5ec72ad95e258b584f936ad46befab951e0ee9e43eaa18179e34974387,无法判定,FILE_STAT_OBSERVED_IDENTITY_UNPROVEN,本批次只读；若声明、输入、Schema或授权漂移，既有结论自动失效并须追加新批次,未读取业务正文、价格、成交、订单簿、账户或凭据；身份字段不完整,为该成员提供当前版本九字段声明及逐字段Schema、授权和唯一证据定位后追加不可变批次,2d50c1344a835ceeb832796935182aeff80bb03cecc5465c8cf3aaccbd446acd,86129966e4bc55fac18f2d7602a2309d4403f85861102128a56a80a5a0ccc1ea,8b7593daa127085e36425910dd6d46b1c250f7c866abdd2f42f9a314d75f9e48
source-identity-declaration-20260808T051455+0800-c59753ae5b8f,ZI-948caf7a69652dd732dcf038,DS-000111,候选数据文件,ETH,4小时;8小时;24小时;48小时,15分钟;1小时,未知,未知,未知,未知,未知,未知,未知,未知,未知,未登记,无,config/数据/来源身份声明补采.json#身份声明[],a2b503bee22e558d2a12983346f4c7750b97234e9839b5dd9f80db0bd3e4c3b1,ecd8dfcecf158d395dac3a1c91df7786242adf9d0122c34ec458be58d766663f,abce5c0ce247279b37414ae6fa80a514eac7113552d74f3b3e5903541a232f67,未知,b3a1fc5ec72ad95e258b584f936ad46befab951e0ee9e43eaa18179e34974387,无法判定,FILE_STAT_OBSERVED_IDENTITY_UNPROVEN,本批次只读；若声明、输入、Schema或授权漂移，既有结论自动失效并须追加新批次,未读取业务正文、价格、成交、订单簿、账户或凭据；身份字段不完整,为该成员提供当前版本九字段声明及逐字段Schema、授权和唯一证据定位后追加不可变批次,2d50c1344a835ceeb832796935182aeff80bb03cecc5465c8cf3aaccbd446acd,86129966e4bc55fac18f2d7602a2309d4403f85861102128a56a80a5a0ccc1ea,732d2b81bdb0c064c445b415d315e47cf2ab743023ed5afbd9aa3230cc26062d
source-identity-declaration-20260808T051455+0800-c59753ae5b8f,ZI-124ef7ebc1f1526ac48dfd87,DS-000112,候选数据文件,ETH,4小时;8小时;24小时;48小时,15分钟;1小时,未知,未知,未知,未知,未知,未知,未知,未知,未知,未登记,无,config/数据/来源身份声明补采.json#身份声明[],a2b503bee22e558d2a12983346f4c7750b97234e9839b5dd9f80db0bd3e4c3b1,290fec9c99843ff43e2fa44b0685ae754abd94ccb79d11168effc2e257574e21,0e1be86dcb8f9564eada1e205e7c649eaa2fcb4b5a796399474ab14653fba1bb,未知,b3a1fc5ec72ad95e258b584f936ad46befab951e0ee9e43eaa18179e34974387,无法判定,FILE_STAT_OBSERVED_IDENTITY_UNPROVEN,本批次只读；若声明、输入、Schema或授权漂移，既有结论自动失效并须追加新批次,未读取业务正文、价格、成交、订单簿、账户或凭据；身份字段不完整,为该成员提供当前版本九字段声明及逐字段Schema、授权和唯一证据定位后追加不可变批次,2d50c1344a835ceeb832796935182aeff80bb03cecc5465c8cf3aaccbd446acd,86129966e4bc55fac18f2d7602a2309d4403f85861102128a56a80a5a0ccc1ea,66915ddd4180140a07639cd470354666e1e3cc8c3325930a11eb95b6921078e2
source-identity-declaration-20260808T051455+0800-c59753ae5b8f,ZI-b71a6fbf1eb839e99aabcaa0,DS-000113,候选数据文件,ETH,4小时;8小时;24小时;48小时,15分钟;1小时,未知,未知,未知,未知,未知,未知,未知,未知,未知,未登记,无,config/数据/来源身份声明补采.json#身份声明[],a2b503bee22e558d2a12983346f4c7750b97234e9839b5dd9f80db0bd3e4c3b1,74f98b20f89a154b201438a140d3bf675ce8d06104663b525a9e689aa2eb0630,72cb58ae12ca003a8d29e7696a909f56cc2fc3510f34f17f6633c3ebdd16271d,未知,b3a1fc5ec72ad95e258b584f936ad46befab951e0ee9e43eaa18179e34974387,无法判定,FILE_STAT_OBSERVED_IDENTITY_UNPROVEN,本批次只读；若声明、输入、Schema或授权漂移，既有结论自动失效并须追加新批次,未读取业务正文、价格、成交、订单簿、账户或凭据；身份字段不完整,为该成员提供当前版本九字段声明及逐字段Schema、授权和唯一证据定位后追加不可变批次,2d50c1344a835ceeb832796935182aeff80bb03cecc5465c8cf3aaccbd446acd,86129966e4bc55fac18f2d7602a2309d4403f85861102128a56a80a5a0ccc1ea,9cd52bb87351dc527daca71c7a7139c3bcae29d2a6a7e57af398d72e7d95de20
source-identity-declaration-20260808T051455+0800-c59753ae5b8f,ZI-fb8eceb7174d542153f29b96,DS-000114,候选数据文件,ETH,4小时;8小时;24小时;48小时,15分钟;1小时,未知,未知,未知,未知,未知,未知,未知,未知,未知,未登记,无,config/数据/来源身份声明补采.json#身份声明[],a2b503bee22e558d2a12983346f4c7750b97234e9839b5dd9f80db0bd3e4c3b1,3e3fec896b931f582dddfe469e0dbe6e470535c77e3f7299e94f387b505d440c,cd8bd0bf961ed5ce3c2172a56ecd4ff74e43f63dd21c54c9f68830fc78260675,未知,b3a1fc5ec72ad95e258b584f936ad46befab951e0ee9e43eaa18179e34974387,无法判定,FILE_STAT_OBSERVED_IDENTITY_UNPROVEN,本批次只读；若声明、输入、Schema或授权漂移，既有结论自动失效并须追加新批次,未读取业务正文、价格、成交、订单簿、账户或凭据；身份字段不完整,为该成员提供当前版本九字段声明及逐字段Schema、授权和唯一证据定位后追加不可变批次,2d50c1344a835ceeb832796935182aeff80bb03cecc5465c8cf3aaccbd446acd,86129966e4bc55fac18f2d7602a2309d4403f85861102128a56a80a5a0ccc1ea,6aa527df53e856efd281a11cf7a02fae38bb03cdba7610c9d796b5359858c7f1
source-identity-declaration-20260808T051455+0800-c59753ae5b8f,ZI-6cadad29dd1db87bcef7f5c6,DS-000115,候选数据文件,ETH,4小时;8小时;24小时;48小时,15分钟;1小时,未知,未知,未知,未知,未知,未知,未知,未知,未知,未登记,无,config/数据/来源身份声明补采.json#身份声明[],a2b503bee22e558d2a12983346f4c7750b97234e9839b5dd9f80db0bd3e4c3b1,afe961774296dd8e04a4684cc5642629f080a957493c1cf954cf485a7e5763ed,dc00bf8a1426e1173a6a82c9ff91d646ecf18f5d79fc177f791bb09fa83fb0a3,未知,b3a1fc5ec72ad95e258b584f936ad46befab951e0ee9e43eaa18179e34974387,无法判定,FILE_STAT_OBSERVED_IDENTITY_UNPROVEN,本批次只读；若声明、输入、Schema或授权漂移，既有结论自动失效并须追加新批次,未读取业务正文、价格、成交、订单簿、账户或凭据；身份字段不完整,为该成员提供当前版本九字段声明及逐字段Schema、授权和唯一证据定位后追加不可变批次,2d50c1344a835ceeb832796935182aeff80bb03cecc5465c8cf3aaccbd446acd,86129966e4bc55fac18f2d7602a2309d4403f85861102128a56a80a5a0ccc1ea,f32a4d1b8ab178ec0ea43301264ca1abefd3ef0ccc96e85ab7878204706cac3f
source-identity-declaration-20260808T051455+0800-c59753ae5b8f,ZI-a43c980922ba474cc2a6b934,DS-000116,候选数据文件,ETH,4小时;8小时;24小时;48小时,15分钟;1小时,未知,未知,未知,未知,未知,未知,未知,未知,未知,未登记,无,config/数据/来源身份声明补采.json#身份声明[],a2b503bee22e558d2a12983346f4c7750b97234e9839b5dd9f80db0bd3e4c3b1,95fa942c0d61a4c0c67ab8892ee22b19e0375cf22f45b301d85fc2f861b76c4d,a9d20e61faa875734fc6c5c9a390b6a7c9bb31a6a855ed2e71d8b416a0c6cc31,未知,b3a1fc5ec72ad95e258b584f936ad46befab951e0ee9e43eaa18179e34974387,无法判定,FILE_STAT_OBSERVED_IDENTITY_UNPROVEN,本批次只读；若声明、输入、Schema或授权漂移，既有结论自动失效并须追加新批次,未读取业务正文、价格、成交、订单簿、账户或凭据；身份字段不完整,为该成员提供当前版本九字段声明及逐字段Schema、授权和唯一证据定位后追加不可变批次,2d50c1344a835ceeb832796935182aeff80bb03cecc5465c8cf3aaccbd446acd,86129966e4bc55fac18f2d7602a2309d4403f85861102128a56a80a5a0ccc1ea,c991ea2b42428273b773d4653a0a47aa8bde3cb922b88eee32e14da3f4700a41
source-identity-declaration-20260808T051455+0800-c59753ae5b8f,ZI-d95e5bea4bd8595d0a07f87d,DS-000117,候选数据文件,ETH,4小时;8小时;24小时;48小时,15分钟;1小时,未知,未知,未知,未知,未知,未知,未知,未知,未知,未登记,无,config/数据/来源身份声明补采.json#身份声明[],a2b503bee22e558d2a12983346f4c7750b97234e9839b5dd9f80db0bd3e4c3b1,2618c38b7b3a4ced21d2f84d5249058929b44abacaed04c3d7145c62a9f2bed0,d0a8d864eea303ec7255229b7983bab2160f3d2900754f9e68b42a37f451df39,未知,b3a1fc5ec72ad95e258b584f936ad46befab951e0ee9e43eaa18179e34974387,无法判定,FILE_STAT_OBSERVED_IDENTITY_UNPROVEN,本批次只读；若声明、输入、Schema或授权漂移，既有结论自动失效并须追加新批次,未读取业务正文、价格、成交、订单簿、账户或凭据；身份字段不完整,为该成员提供当前版本九字段声明及逐字段Schema、授权和唯一证据定位后追加不可变批次,2d50c1344a835ceeb832796935182aeff80bb03cecc5465c8cf3aaccbd446acd,86129966e4bc55fac18f2d7602a2309d4403f85861102128a56a80a5a0ccc1ea,da4e6fd3a90fe356f261f36e0a63df75cde16ae771a7ed59f03efab25ac7958a
source-identity-declaration-20260808T051455+0800-c59753ae5b8f,ZI-a39e4477353ef09703296a10,DS-000118,候选数据文件,ETH,4小时;8小时;24小时;48小时,15分钟;1小时,未知,未知,未知,未知,未知,未知,未知,未知,未知,未登记,无,config/数据/来源身份声明补采.json#身份声明[],a2b503bee22e558d2a12983346f4c7750b97234e9839b5dd9f80db0bd3e4c3b1,2629abb375ff39ff81b4461aa7d5fc4b83971f1ffc8a8bab00958e8be26497cd,a89068d18bdc3031167387767fc39e4900d4aaa08e7f740b4acc85e167a6cc52,未知,b3a1fc5ec72ad95e258b584f936ad46befab951e0ee9e43eaa18179e34974387,无法判定,FILE_STAT_OBSERVED_IDENTITY_UNPROVEN,本批次只读；若声明、输入、Schema或授权漂移，既有结论自动失效并须追加新批次,未读取业务正文、价格、成交、订单簿、账户或凭据；身份字段不完整,为该成员提供当前版本九字段声明及逐字段Schema、授权和唯一证据定位后追加不可变批次,2d50c1344a835ceeb832796935182aeff80bb03cecc5465c8cf3aaccbd446acd,86129966e4bc55fac18f2d7602a2309d4403f85861102128a56a80a5a0ccc1ea,10600eb6a930b5f586d1924b078ed6b7da983f432befd59449a223aafbda8b1e
source-identity-declaration-20260808T051455+0800-c59753ae5b8f,ZI-32308f1509c687cf0f344da5,DS-000119,候选数据文件,ETH,4小时;8小时;24小时;48小时,15分钟;1小时,未知,未知,未知,未知,未知,未知,未知,未知,未知,未登记,无,config/数据/来源身份声明补采.json#身份声明[],a2b503bee22e558d2a12983346f4c7750b97234e9839b5dd9f80db0bd3e4c3b1,f69bb9fd69717fc62e973fd0f57005c2efdfa818a0c96a38198a12dc11340bf3,201c24234fdb0a4b82ff7c3e1ac7720c60a94739884be74ea71e0fec2c01b3f4,未知,b3a1fc5ec72ad95e258b584f936ad46befab951e0ee9e43eaa18179e34974387,无法判定,FILE_STAT_OBSERVED_IDENTITY_UNPROVEN,本批次只读；若声明、输入、Schema或授权漂移，既有结论自动失效并须追加新批次,未读取业务正文、价格、成交、订单簿、账户或凭据；身份字段不完整,为该成员提供当前版本九字段声明及逐字段Schema、授权和唯一证据定位后追加不可变批次,2d50c1344a835ceeb832796935182aeff80bb03cecc5465c8cf3aaccbd446acd,86129966e4bc55fac18f2d7602a2309d4403f85861102128a56a80a5a0ccc1ea,b772b359e320a6197a514720ab72e45ff212d06b6afec893d42eafc3db12a7a6
source-identity-declaration-20260808T051455+0800-c59753ae5b8f,ZI-c8b657067197415203a4d0ab,DS-000120,候选数据文件,ETH,4小时;8小时;24小时;48小时,15分钟;1小时,未知,未知,未知,未知,未知,未知,未知,未知,未知,未登记,无,config/数据/来源身份声明补采.json#身份声明[],a2b503bee22e558d2a12983346f4c7750b97234e9839b5dd9f80db0bd3e4c3b1,6609c14cb9bb0288b24cb453d942c7508aab48529570a4aaf23dd54ab7dcf43a,92d878d4d42f0b5c171f596ebdd3cb6795536cb7f481022b3a152a3ef9d9088c,未知,b3a1fc5ec72ad95e258b584f936ad46befab951e0ee9e43eaa18179e34974387,无法判定,FILE_STAT_OBSERVED_IDENTITY_UNPROVEN,本批次只读；若声明、输入、Schema或授权漂移，既有结论自动失效并须追加新批次,未读取业务正文、价格、成交、订单簿、账户或凭据；身份字段不完整,为该成员提供当前版本九字段声明及逐字段Schema、授权和唯一证据定位后追加不可变批次,2d50c1344a835ceeb832796935182aeff80bb03cecc5465c8cf3aaccbd446acd,86129966e4bc55fac18f2d7602a2309d4403f85861102128a56a80a5a0ccc1ea,069b3313deaa9baadb05ecad64d4c428b0a3d43640ddb464107bc68b806f6296
source-identity-declaration-20260808T051455+0800-c59753ae5b8f,ZI-96e03b8dfd1417cc62d2f5c8,DS-000121,候选数据文件,ETH,4小时;8小时;24小时;48小时,15分钟;1小时,未知,未知,未知,未知,未知,未知,未知,未知,未知,未登记,无,config/数据/来源身份声明补采.json#身份声明[],a2b503bee22e558d2a12983346f4c7750b97234e9839b5dd9f80db0bd3e4c3b1,6f11f05c8807a0f784213dce4eb03969122dc0a62e00b3d53e6bc473e342e278,bb047892a379b7419784df0d9cedd7e13bd29bc92dc6d96d34b7dbb3d7fe5cdf,未知,b3a1fc5ec72ad95e258b584f936ad46befab951e0ee9e43eaa18179e34974387,无法判定,FILE_STAT_OBSERVED_IDENTITY_UNPROVEN,本批次只读；若声明、输入、Schema或授权漂移，既有结论自动失效并须追加新批次,未读取业务正文、价格、成交、订单簿、账户或凭据；身份字段不完整,为该成员提供当前版本九字段声明及逐字段Schema、授权和唯一证据定位后追加不可变批次,2d50c1344a835ceeb832796935182aeff80bb03cecc5465c8cf3aaccbd446acd,86129966e4bc55fac18f2d7602a2309d4403f85861102128a56a80a5a0ccc1ea,581af464527312bff305952f576df065c6467f346adf46f319cc1ac317776be2
source-identity-declaration-20260808T051455+0800-c59753ae5b8f,ZI-9b6a6435fd0e4e93fdddcd4b,DS-000122,候选数据文件,ETH,4小时;8小时;24小时;48小时,15分钟;1小时,未知,未知,未知,未知,未知,未知,未知,未知,未知,未登记,无,config/数据/来源身份声明补采.json#身份声明[],a2b503bee22e558d2a12983346f4c7750b97234e9839b5dd9f80db0bd3e4c3b1,dc6c4dd4e242874a6da8334f67590790f72bb66e1b5ab6d94aeec5b53ed494be,53843d761732812258f146c1b81e787cfa6ea85b783bc115247d0e92889eba34,未知,b3a1fc5ec72ad95e258b584f936ad46befab951e0ee9e43eaa18179e34974387,拒绝,INPUT_MEMBER_REJECTED,本批次只读；若声明、输入、Schema或授权漂移，既有结论自动失效并须追加新批次,未读取业务正文、价格、成交、订单簿、账户或凭据；身份字段不完整,为该成员提供当前版本九字段声明及逐字段Schema、授权和唯一证据定位后追加不可变批次,2d50c1344a835ceeb832796935182aeff80bb03cecc5465c8cf3aaccbd446acd,86129966e4bc55fac18f2d7602a2309d4403f85861102128a56a80a5a0ccc1ea,3eabe40570334fce640e6d46f0589ec5e760616b43753b0744a162766e4579ac
source-identity-declaration-20260808T051455+0800-c59753ae5b8f,ZI-d916726616ac733d0fe5c86b,DS-000123,候选数据文件,ETH,4小时;8小时;24小时;48小时,15分钟;1小时,未知,未知,未知,未知,未知,未知,未知,未知,未知,未登记,无,config/数据/来源身份声明补采.json#身份声明[],a2b503bee22e558d2a12983346f4c7750b97234e9839b5dd9f80db0bd3e4c3b1,b544e385d3e89d4bc872b681fb7b43c8c29c35cf1a2255fb1eb792ab42e092e7,13670b327c3ce0d3e355441dc6d99ac6734dda910217dd7f4731c23bc8375d31,未知,b3a1fc5ec72ad95e258b584f936ad46befab951e0ee9e43eaa18179e34974387,无法判定,FILE_STAT_OBSERVED_IDENTITY_UNPROVEN,本批次只读；若声明、输入、Schema或授权漂移，既有结论自动失效并须追加新批次,未读取业务正文、价格、成交、订单簿、账户或凭据；身份字段不完整,为该成员提供当前版本九字段声明及逐字段Schema、授权和唯一证据定位后追加不可变批次,2d50c1344a835ceeb832796935182aeff80bb03cecc5465c8cf3aaccbd446acd,86129966e4bc55fac18f2d7602a2309d4403f85861102128a56a80a5a0ccc1ea,f812998a172d381e0516a2cfbcdd6fcf9c1feb28b1ea909b10323c82214d9c8a
source-identity-declaration-20260808T051455+0800-c59753ae5b8f,ZI-ae71724e7b86bd2429dfecb6,DS-000124,候选数据文件,ETH,4小时;8小时;24小时;48小时,15分钟;1小时,未知,未知,未知,未知,未知,未知,未知,未知,未知,未登记,无,config/数据/来源身份声明补采.json#身份声明[],a2b503bee22e558d2a12983346f4c7750b97234e9839b5dd9f80db0bd3e4c3b1,d7ef1e10d9720d76b7d47a520b7439f7ef8aa78a7560836f22971cf752ef3294,62fc33658b158f02bfe3de01b5eedca81e9c8ac93e348916fa9458a8ffacd315,未知,b3a1fc5ec72ad95e258b584f936ad46befab951e0ee9e43eaa18179e34974387,无法判定,FILE_STAT_OBSERVED_IDENTITY_UNPROVEN,本批次只读；若声明、输入、Schema或授权漂移，既有结论自动失效并须追加新批次,未读取业务正文、价格、成交、订单簿、账户或凭据；身份字段不完整,为该成员提供当前版本九字段声明及逐字段Schema、授权和唯一证据定位后追加不可变批次,2d50c1344a835ceeb832796935182aeff80bb03cecc5465c8cf3aaccbd446acd,86129966e4bc55fac18f2d7602a2309d4403f85861102128a56a80a5a0ccc1ea,32469b44b4d63026e7abddb4cc71b4c4ae71f1624d0e8b186cdb066672ae32dd
source-identity-declaration-20260808T051455+0800-c59753ae5b8f,ZI-a1c2af0e2150cb725d7922b3,DS-000125,候选数据文件,ETH,4小时;8小时;24小时;48小时,15分钟;1小时,未知,未知,未知,未知,未知,未知,未知,未知,未知,未登记,无,config/数据/来源身份声明补采.json#身份声明[],a2b503bee22e558d2a12983346f4c7750b97234e9839b5dd9f80db0bd3e4c3b1,933516055a642714098755bbe9c599785c999703fbef73dc81e13069d74aa18f,ec513f8c058cb105f4032d6fa7282c197e5a78cf4c151b0571d00dd8dc4f7dd2,未知,b3a1fc5ec72ad95e258b584f936ad46befab951e0ee9e43eaa18179e34974387,无法判定,FILE_STAT_OBSERVED_IDENTITY_UNPROVEN,本批次只读；若声明、输入、Schema或授权漂移，既有结论自动失效并须追加新批次,未读取业务正文、价格、成交、订单簿、账户或凭据；身份字段不完整,为该成员提供当前版本九字段声明及逐字段Schema、授权和唯一证据定位后追加不可变批次,2d50c1344a835ceeb832796935182aeff80bb03cecc5465c8cf3aaccbd446acd,86129966e4bc55fac18f2d7602a2309d4403f85861102128a56a80a5a0ccc1ea,197976adb9333436d751716154ccfd28c84e24df5195cd601a2e935a83638ab4
source-identity-declaration-20260808T051455+0800-c59753ae5b8f,ZI-29d969a16e11f4bd31de81b7,DS-000126,候选数据文件,ETH,4小时;8小时;24小时;48小时,15分钟;1小时,未知,未知,未知,未知,未知,未知,未知,未知,未知,未登记,无,config/数据/来源身份声明补采.json#身份声明[],a2b503bee22e558d2a12983346f4c7750b97234e9839b5dd9f80db0bd3e4c3b1,9499e61c0227984474b6b7c023dc310fcae06907a46958e429501d3e6b006798,f8cc85fd88b4d152c3a85acf0e6f5ad15e2df327db073f7f1078063e5e4389df,未知,b3a1fc5ec72ad95e258b584f936ad46befab951e0ee9e43eaa18179e34974387,无法判定,FILE_STAT_OBSERVED_IDENTITY_UNPROVEN,本批次只读；若声明、输入、Schema或授权漂移，既有结论自动失效并须追加新批次,未读取业务正文、价格、成交、订单簿、账户或凭据；身份字段不完整,为该成员提供当前版本九字段声明及逐字段Schema、授权和唯一证据定位后追加不可变批次,2d50c1344a835ceeb832796935182aeff80bb03cecc5465c8cf3aaccbd446acd,86129966e4bc55fac18f2d7602a2309d4403f85861102128a56a80a5a0ccc1ea,9348ed386d9f59752df1a4d3cc6648d0b44a4e545681b87bbd652f2cc2ac04ba
source-identity-declaration-20260808T051455+0800-c59753ae5b8f,ZI-aa7eaed70207def65a665413,DS-000127,候选数据文件,ETH,4小时;8小时;24小时;48小时,15分钟;1小时,未知,未知,未知,未知,未知,未知,未知,未知,未知,未登记,无,config/数据/来源身份声明补采.json#身份声明[],a2b503bee22e558d2a12983346f4c7750b97234e9839b5dd9f80db0bd3e4c3b1,7498b9a041f4b609fbd9b5447119d9522ae1aaf59ff427378718c2833bf39af8,6876393fb377a2dddbdd0f3704f2a6600684cd6c4f20a91ee5c598a91896511a,未知,b3a1fc5ec72ad95e258b584f936ad46befab951e0ee9e43eaa18179e34974387,无法判定,FILE_STAT_OBSERVED_IDENTITY_UNPROVEN,本批次只读；若声明、输入、Schema或授权漂移，既有结论自动失效并须追加新批次,未读取业务正文、价格、成交、订单簿、账户或凭据；身份字段不完整,为该成员提供当前版本九字段声明及逐字段Schema、授权和唯一证据定位后追加不可变批次,2d50c1344a835ceeb832796935182aeff80bb03cecc5465c8cf3aaccbd446acd,86129966e4bc55fac18f2d7602a2309d4403f85861102128a56a80a5a0ccc1ea,9db0fe9a70df611dbdf698c10e4f74b70a68adc520e4390b235498d820ba301c
source-identity-declaration-20260808T051455+0800-c59753ae5b8f,ZI-78306459bee5126083d5ca1b,DS-000128,候选数据文件,ETH,4小时;8小时;24小时;48小时,15分钟;1小时,未知,未知,未知,未知,未知,未知,未知,未知,未知,未登记,无,config/数据/来源身份声明补采.json#身份声明[],a2b503bee22e558d2a12983346f4c7750b97234e9839b5dd9f80db0bd3e4c3b1,8784b44479961e1fc5e62e73d76c8f43f5274c03f210a3417d777a7b86f3c045,3778f5a272bf10f74727c3c30bcea740586d7993016b625b605c66a82dcac354,未知,b3a1fc5ec72ad95e258b584f936ad46befab951e0ee9e43eaa18179e34974387,无法判定,FILE_STAT_OBSERVED_IDENTITY_UNPROVEN,本批次只读；若声明、输入、Schema或授权漂移，既有结论自动失效并须追加新批次,未读取业务正文、价格、成交、订单簿、账户或凭据；身份字段不完整,为该成员提供当前版本九字段声明及逐字段Schema、授权和唯一证据定位后追加不可变批次,2d50c1344a835ceeb832796935182aeff80bb03cecc5465c8cf3aaccbd446acd,86129966e4bc55fac18f2d7602a2309d4403f85861102128a56a80a5a0ccc1ea,7d0a862975b4d3356124e8f2a3a611b6d00a3baf416bd3afd96203fc735cdcc9
source-identity-declaration-20260808T051455+0800-c59753ae5b8f,ZI-15e8fafad806d350e4ebb681,DS-000129,候选数据文件,ETH,4小时;8小时;24小时;48小时,15分钟;1小时,未知,未知,未知,未知,未知,未知,未知,未知,未知,未登记,无,config/数据/来源身份声明补采.json#身份声明[],a2b503bee22e558d2a12983346f4c7750b97234e9839b5dd9f80db0bd3e4c3b1,6ec29ab16a61a9874de644237ea1f88b4281182c44ec3b7aabeceff905c3c1fe,b9fe115bbe71bc2df097758de5421c48df29bb6dece7319e86e3b4f4104d7ba3,未知,b3a1fc5ec72ad95e258b584f936ad46befab951e0ee9e43eaa18179e34974387,无法判定,FILE_STAT_OBSERVED_IDENTITY_UNPROVEN,本批次只读；若声明、输入、Schema或授权漂移，既有结论自动失效并须追加新批次,未读取业务正文、价格、成交、订单簿、账户或凭据；身份字段不完整,为该成员提供当前版本九字段声明及逐字段Schema、授权和唯一证据定位后追加不可变批次,2d50c1344a835ceeb832796935182aeff80bb03cecc5465c8cf3aaccbd446acd,86129966e4bc55fac18f2d7602a2309d4403f85861102128a56a80a5a0ccc1ea,d8f8eaecd3c8d304378c38906a57993225f59a1d189b84f45fbf02c21187e21c
source-identity-declaration-20260808T051455+0800-c59753ae5b8f,ZI-e50bece42ff511d1e0d48550,DS-000130,候选数据文件,ETH,4小时;8小时;24小时;48小时,15分钟;1小时,未知,未知,未知,未知,未知,未知,未知,未知,未知,未登记,无,config/数据/来源身份声明补采.json#身份声明[],a2b503bee22e558d2a12983346f4c7750b97234e9839b5dd9f80db0bd3e4c3b1,31a5fa38e253ae35bbd283a09e22b12ae2d20072cacd4fec29ddc407fc7c2c5a,ab1fa132bb5dedae2aee599d307ef6afbd15ef8e10247d61d8c83173266e0a23,未知,b3a1fc5ec72ad95e258b584f936ad46befab951e0ee9e43eaa18179e34974387,无法判定,FILE_STAT_OBSERVED_IDENTITY_UNPROVEN,本批次只读；若声明、输入、Schema或授权漂移，既有结论自动失效并须追加新批次,未读取业务正文、价格、成交、订单簿、账户或凭据；身份字段不完整,为该成员提供当前版本九字段声明及逐字段Schema、授权和唯一证据定位后追加不可变批次,2d50c1344a835ceeb832796935182aeff80bb03cecc5465c8cf3aaccbd446acd,86129966e4bc55fac18f2d7602a2309d4403f85861102128a56a80a5a0ccc1ea,28e18066895aa8c175f3173bbfe3b761e11ef4b1e2196e80ef4d7d65b31f2c0f
source-identity-declaration-20260808T051455+0800-c59753ae5b8f,ZI-c6ca120312806c1468e1741f,DS-000131,候选数据文件,ETH,4小时;8小时;24小时;48小时,15分钟;1小时,未知,未知,未知,未知,未知,未知,未知,未知,未知,未登记,无,config/数据/来源身份声明补采.json#身份声明[],a2b503bee22e558d2a12983346f4c7750b97234e9839b5dd9f80db0bd3e4c3b1,596462ea846e3b15707b59be416da11412b9e52c6d94c741ad5be0a70d1dfffe,849871286b1f3a7bb36005a3c4170984f7a55ddeda2e82f3720e21c78af7536d,未知,b3a1fc5ec72ad95e258b584f936ad46befab951e0ee9e43eaa18179e34974387,无法判定,FILE_STAT_OBSERVED_IDENTITY_UNPROVEN,本批次只读；若声明、输入、Schema或授权漂移，既有结论自动失效并须追加新批次,未读取业务正文、价格、成交、订单簿、账户或凭据；身份字段不完整,为该成员提供当前版本九字段声明及逐字段Schema、授权和唯一证据定位后追加不可变批次,2d50c1344a835ceeb832796935182aeff80bb03cecc5465c8cf3aaccbd446acd,86129966e4bc55fac18f2d7602a2309d4403f85861102128a56a80a5a0ccc1ea,edd53772c8c0746db03bcfb6a3acb9cfcaa7d00ce24b5c87c710a5887c6e82d7
source-identity-declaration-20260808T051455+0800-c59753ae5b8f,ZI-fa50ac0aca694ec35ea7d49d,DS-000132,候选数据文件,ETH,4小时;8小时;24小时;48小时,15分钟;1小时,未知,未知,未知,未知,未知,未知,未知,未知,未知,未登记,无,config/数据/来源身份声明补采.json#身份声明[],a2b503bee22e558d2a12983346f4c7750b97234e9839b5dd9f80db0bd3e4c3b1,b92d68f0c6a28fd076fc8affb08361f7b721d840be639dd0fdcd9e4063f945e2,0e07540ee3310c57505f2e3e874b1df4f26fc44746b94ed2025d1b60856d53a3,未知,b3a1fc5ec72ad95e258b584f936ad46befab951e0ee9e43eaa18179e34974387,无法判定,FILE_STAT_OBSERVED_IDENTITY_UNPROVEN,本批次只读；若声明、输入、Schema或授权漂移，既有结论自动失效并须追加新批次,未读取业务正文、价格、成交、订单簿、账户或凭据；身份字段不完整,为该成员提供当前版本九字段声明及逐字段Schema、授权和唯一证据定位后追加不可变批次,2d50c1344a835ceeb832796935182aeff80bb03cecc5465c8cf3aaccbd446acd,86129966e4bc55fac18f2d7602a2309d4403f85861102128a56a80a5a0ccc1ea,5cf6147a25d5e70b4bff61989def1a0c7eea787fbd6390dab0c88d1dd3c0a357
source-identity-declaration-20260808T051455+0800-c59753ae5b8f,ZI-f544842772244a2c3b3b1523,DS-000133,候选数据文件,ETH,4小时;8小时;24小时;48小时,15分钟;1小时,未知,未知,未知,未知,未知,未知,未知,未知,未知,未登记,无,config/数据/来源身份声明补采.json#身份声明[],a2b503bee22e558d2a12983346f4c7750b97234e9839b5dd9f80db0bd3e4c3b1,d49b3cdefe936c41685bf10613de132b9f5d9198120e45aae55859f797788158,70e1444628d1622cd802bd2ee74a014e8a620cff9fd655e3880e74a7d3c8b8b7,未知,b3a1fc5ec72ad95e258b584f936ad46befab951e0ee9e43eaa18179e34974387,无法判定,FILE_STAT_OBSERVED_IDENTITY_UNPROVEN,本批次只读；若声明、输入、Schema或授权漂移，既有结论自动失效并须追加新批次,未读取业务正文、价格、成交、订单簿、账户或凭据；身份字段不完整,为该成员提供当前版本九字段声明及逐字段Schema、授权和唯一证据定位后追加不可变批次,2d50c1344a835ceeb832796935182aeff80bb03cecc5465c8cf3aaccbd446acd,86129966e4bc55fac18f2d7602a2309d4403f85861102128a56a80a5a0ccc1ea,a881b11ea0de6ac227e7a98a3425ff5693830a9ca2c42ba93a74e2f16a72ff17
source-identity-declaration-20260808T051455+0800-c59753ae5b8f,ZI-f50adb5a90eeb1431aaf8e6f,DS-000134,候选数据文件,ETH,4小时;8小时;24小时;48小时,15分钟;1小时,未知,未知,未知,未知,未知,未知,未知,未知,未知,未登记,无,config/数据/来源身份声明补采.json#身份声明[],a2b503bee22e558d2a12983346f4c7750b97234e9839b5dd9f80db0bd3e4c3b1,0e6fc6a736706f9c8311f0bcd6cac49d78a213f394e2feafda517cd5a5854e7d,99f1d24909a2843e1fcd95fc876654a847ae45806c4adae55c444399995f0ec8,未知,b3a1fc5ec72ad95e258b584f936ad46befab951e0ee9e43eaa18179e34974387,无法判定,FILE_STAT_OBSERVED_IDENTITY_UNPROVEN,本批次只读；若声明、输入、Schema或授权漂移，既有结论自动失效并须追加新批次,未读取业务正文、价格、成交、订单簿、账户或凭据；身份字段不完整,为该成员提供当前版本九字段声明及逐字段Schema、授权和唯一证据定位后追加不可变批次,2d50c1344a835ceeb832796935182aeff80bb03cecc5465c8cf3aaccbd446acd,86129966e4bc55fac18f2d7602a2309d4403f85861102128a56a80a5a0ccc1ea,94c89ab4e887f7a9013f3fe9c98b20d382ce15d5d4b64982dbcecc4079b13d8c
source-identity-declaration-20260808T051455+0800-c59753ae5b8f,ZI-ac125017000539cbb186e9e0,DS-000135,候选数据文件,ETH,4小时;8小时;24小时;48小时,15分钟;1小时,未知,未知,未知,未知,未知,未知,未知,未知,未知,未登记,无,config/数据/来源身份声明补采.json#身份声明[],a2b503bee22e558d2a12983346f4c7750b97234e9839b5dd9f80db0bd3e4c3b1,6ed4afcb16dadb13cea1399f219a898bff5d238791ebd03cea6a0bd7d98b1ff5,e3d98fa985e8b77d96cab83fffc66cfc094f5d9dcffcba011bab1d69029e238b,未知,b3a1fc5ec72ad95e258b584f936ad46befab951e0ee9e43eaa18179e34974387,无法判定,FILE_STAT_OBSERVED_IDENTITY_UNPROVEN,本批次只读；若声明、输入、Schema或授权漂移，既有结论自动失效并须追加新批次,未读取业务正文、价格、成交、订单簿、账户或凭据；身份字段不完整,为该成员提供当前版本九字段声明及逐字段Schema、授权和唯一证据定位后追加不可变批次,2d50c1344a835ceeb832796935182aeff80bb03cecc5465c8cf3aaccbd446acd,86129966e4bc55fac18f2d7602a2309d4403f85861102128a56a80a5a0ccc1ea,8321f5c02397f0b51ec6d752cc867de7541f5d27a0ab101d368c377a03b81448
source-identity-declaration-20260808T051455+0800-c59753ae5b8f,ZI-8a4556082f31195079e25714,DS-000136,候选数据文件,ETH,4小时;8小时;24小时;48小时,15分钟;1小时,未知,未知,未知,未知,未知,未知,未知,未知,未知,未登记,无,config/数据/来源身份声明补采.json#身份声明[],a2b503bee22e558d2a12983346f4c7750b97234e9839b5dd9f80db0bd3e4c3b1,c642096c5b9e47e8fb6d3af1ce33b6503b701f275d986dc3c80518fafa656b62,f891c3fe3008bfa69c81d678ef19f93b5031d32dc4999017e03a2b18febebf1c,未知,b3a1fc5ec72ad95e258b584f936ad46befab951e0ee9e43eaa18179e34974387,无法判定,FILE_STAT_OBSERVED_IDENTITY_UNPROVEN,本批次只读；若声明、输入、Schema或授权漂移，既有结论自动失效并须追加新批次,未读取业务正文、价格、成交、订单簿、账户或凭据；身份字段不完整,为该成员提供当前版本九字段声明及逐字段Schema、授权和唯一证据定位后追加不可变批次,2d50c1344a835ceeb832796935182aeff80bb03cecc5465c8cf3aaccbd446acd,86129966e4bc55fac18f2d7602a2309d4403f85861102128a56a80a5a0ccc1ea,41baad3ebc3691866775240c09cf48fd8b346f58506933c69541ca8b44a59e0f
source-identity-declaration-20260808T051455+0800-c59753ae5b8f,ZI-7fbd50767008b59c67c6188b,DS-000137,候选数据文件,ETH,4小时;8小时;24小时;48小时,15分钟;1小时,未知,未知,未知,未知,未知,未知,未知,未知,未知,未登记,无,config/数据/来源身份声明补采.json#身份声明[],a2b503bee22e558d2a12983346f4c7750b97234e9839b5dd9f80db0bd3e4c3b1,85fd815ad566ecce9ab78d9848bdc57c2a3a789413ea3fae7ede25ed0d770f0f,d0b76e2f60f07725e40956ca4ac492da69b0acd4cfbfd313e30bc0ff90fcbec5,未知,b3a1fc5ec72ad95e258b584f936ad46befab951e0ee9e43eaa18179e34974387,无法判定,FILE_STAT_OBSERVED_IDENTITY_UNPROVEN,本批次只读；若声明、输入、Schema或授权漂移，既有结论自动失效并须追加新批次,未读取业务正文、价格、成交、订单簿、账户或凭据；身份字段不完整,为该成员提供当前版本九字段声明及逐字段Schema、授权和唯一证据定位后追加不可变批次,2d50c1344a835ceeb832796935182aeff80bb03cecc5465c8cf3aaccbd446acd,86129966e4bc55fac18f2d7602a2309d4403f85861102128a56a80a5a0ccc1ea,0d42930a47a27b9ab04a9dec158a3bc592ae85edb62071811ed77e2bca404fd7
source-identity-declaration-20260808T051455+0800-c59753ae5b8f,ZI-d42dfffaf1e7325a9791ebb0,DS-000138,候选数据文件,ETH,4小时;8小时;24小时;48小时,15分钟;1小时,未知,未知,未知,未知,未知,未知,未知,未知,未知,未登记,无,config/数据/来源身份声明补采.json#身份声明[],a2b503bee22e558d2a12983346f4c7750b97234e9839b5dd9f80db0bd3e4c3b1,91cc4ad9a33161955c014a7f07d248bcafc3f5be08813d91e27a18d6a42f55c4,2b9a094e824f1ebadf6f57ffe303e6b9b512da431b40899c361a87df2ebfcf54,未知,b3a1fc5ec72ad95e258b584f936ad46befab951e0ee9e43eaa18179e34974387,无法判定,FILE_STAT_OBSERVED_IDENTITY_UNPROVEN,本批次只读；若声明、输入、Schema或授权漂移，既有结论自动失效并须追加新批次,未读取业务正文、价格、成交、订单簿、账户或凭据；身份字段不完整,为该成员提供当前版本九字段声明及逐字段Schema、授权和唯一证据定位后追加不可变批次,2d50c1344a835ceeb832796935182aeff80bb03cecc5465c8cf3aaccbd446acd,86129966e4bc55fac18f2d7602a2309d4403f85861102128a56a80a5a0ccc1ea,8184439ca61b439f8a09d40e4d9bbb8a31a76187fbb42109427544699601a570
source-identity-declaration-20260808T051455+0800-c59753ae5b8f,ZI-6f1fa6a3669f54977b46b883,DS-000139,候选数据文件,ETH,4小时;8小时;24小时;48小时,15分钟;1小时,未知,未知,未知,未知,未知,未知,未知,未知,未知,未登记,无,config/数据/来源身份声明补采.json#身份声明[],a2b503bee22e558d2a12983346f4c7750b97234e9839b5dd9f80db0bd3e4c3b1,fe64d848475c7415a5eb6c92b24f0b9a75641d0388cb76d8ab63008be5e3a74a,163076bb1877110a64910e904e645ef22820486d7d9509fb3d2acc194731aebf,未知,b3a1fc5ec72ad95e258b584f936ad46befab951e0ee9e43eaa18179e34974387,无法判定,FILE_STAT_OBSERVED_IDENTITY_UNPROVEN,本批次只读；若声明、输入、Schema或授权漂移，既有结论自动失效并须追加新批次,未读取业务正文、价格、成交、订单簿、账户或凭据；身份字段不完整,为该成员提供当前版本九字段声明及逐字段Schema、授权和唯一证据定位后追加不可变批次,2d50c1344a835ceeb832796935182aeff80bb03cecc5465c8cf3aaccbd446acd,86129966e4bc55fac18f2d7602a2309d4403f85861102128a56a80a5a0ccc1ea,6cf1b8a1b20fc0686723ca63521ed691079c0c3f845df3d62c0ec6dedca619f5
source-identity-declaration-20260808T051455+0800-c59753ae5b8f,ZI-9ae4aebc405506a01a9d8535,DS-000140,候选数据文件,ETH,4小时;8小时;24小时;48小时,15分钟;1小时,未知,未知,未知,未知,未知,未知,未知,未知,未知,未登记,无,config/数据/来源身份声明补采.json#身份声明[],a2b503bee22e558d2a12983346f4c7750b97234e9839b5dd9f80db0bd3e4c3b1,009afddc569c187b643514b715c578f909c030480467dad3f80f258b9e5dba7d,b5d559a5d3cdd08a4788c563af9e2198fe71cf31cfce29cd5e6d06dc6baaf1f4,未知,b3a1fc5ec72ad95e258b584f936ad46befab951e0ee9e43eaa18179e34974387,无法判定,FILE_STAT_OBSERVED_IDENTITY_UNPROVEN,本批次只读；若声明、输入、Schema或授权漂移，既有结论自动失效并须追加新批次,未读取业务正文、价格、成交、订单簿、账户或凭据；身份字段不完整,为该成员提供当前版本九字段声明及逐字段Schema、授权和唯一证据定位后追加不可变批次,2d50c1344a835ceeb832796935182aeff80bb03cecc5465c8cf3aaccbd446acd,86129966e4bc55fac18f2d7602a2309d4403f85861102128a56a80a5a0ccc1ea,fc59130b22ae0ebe6ea2cc64b40a5abbf8a284e0aa48eabd70ec4f5f69f15635
source-identity-declaration-20260808T051455+0800-c59753ae5b8f,ZI-c4e271ec601f60ae22ae68de,DS-000141,候选数据文件,ETH,4小时;8小时;24小时;48小时,15分钟;1小时,未知,未知,未知,未知,未知,未知,未知,未知,未知,未登记,无,config/数据/来源身份声明补采.json#身份声明[],a2b503bee22e558d2a12983346f4c7750b97234e9839b5dd9f80db0bd3e4c3b1,27f7235cee2d01a99bf0f9f1109e9272501fdb8df65e8befd348f081a6e8a5b8,0c126a0aaaabe4b976e650584466e255c22e869e8792738629f422ecbf58dda1,未知,b3a1fc5ec72ad95e258b584f936ad46befab951e0ee9e43eaa18179e34974387,无法判定,FILE_STAT_OBSERVED_IDENTITY_UNPROVEN,本批次只读；若声明、输入、Schema或授权漂移，既有结论自动失效并须追加新批次,未读取业务正文、价格、成交、订单簿、账户或凭据；身份字段不完整,为该成员提供当前版本九字段声明及逐字段Schema、授权和唯一证据定位后追加不可变批次,2d50c1344a835ceeb832796935182aeff80bb03cecc5465c8cf3aaccbd446acd,86129966e4bc55fac18f2d7602a2309d4403f85861102128a56a80a5a0ccc1ea,46564230caff13b89e6681f147893ed8532b849316ccd6110d3890196ea1baea
source-identity-declaration-20260808T051455+0800-c59753ae5b8f,ZI-6342bb9c8d59867fd7bda81e,DS-000142,候选数据文件,ETH,4小时;8小时;24小时;48小时,15分钟;1小时,未知,未知,未知,未知,未知,未知,未知,未知,未知,未登记,无,config/数据/来源身份声明补采.json#身份声明[],a2b503bee22e558d2a12983346f4c7750b97234e9839b5dd9f80db0bd3e4c3b1,80fa1bd6e7005895cf660e56647c09e7daa74e86af408dd82f83ee4d04c6f8b5,ac346df94f38428a491d9033ce3ef6903ce1e2ac4a7c2d04dfde3d4668a39b68,未知,b3a1fc5ec72ad95e258b584f936ad46befab951e0ee9e43eaa18179e34974387,无法判定,FILE_STAT_OBSERVED_IDENTITY_UNPROVEN,本批次只读；若声明、输入、Schema或授权漂移，既有结论自动失效并须追加新批次,未读取业务正文、价格、成交、订单簿、账户或凭据；身份字段不完整,为该成员提供当前版本九字段声明及逐字段Schema、授权和唯一证据定位后追加不可变批次,2d50c1344a835ceeb832796935182aeff80bb03cecc5465c8cf3aaccbd446acd,86129966e4bc55fac18f2d7602a2309d4403f85861102128a56a80a5a0ccc1ea,25c42835164f0a1fbf9d6d69f1f45c01a27f7256a1be554fc82d43bba2a06d00
source-identity-declaration-20260808T051455+0800-c59753ae5b8f,ZI-489d5d8588e9630edc50e1b1,DS-000143,候选数据文件,ETH,4小时;8小时;24小时;48小时,15分钟;1小时,未知,未知,未知,未知,未知,未知,未知,未知,未知,未登记,无,config/数据/来源身份声明补采.json#身份声明[],a2b503bee22e558d2a12983346f4c7750b97234e9839b5dd9f80db0bd3e4c3b1,4d297614b41f56e3ac145165007736d4e5d0fc857ba98d3ee2525ae214f66bb1,516aacef531681e029560d1d5f4698e55ef8938d65a28b8bb7b53affef0090b5,未知,b3a1fc5ec72ad95e258b584f936ad46befab951e0ee9e43eaa18179e34974387,无法判定,FILE_STAT_OBSERVED_IDENTITY_UNPROVEN,本批次只读；若声明、输入、Schema或授权漂移，既有结论自动失效并须追加新批次,未读取业务正文、价格、成交、订单簿、账户或凭据；身份字段不完整,为该成员提供当前版本九字段声明及逐字段Schema、授权和唯一证据定位后追加不可变批次,2d50c1344a835ceeb832796935182aeff80bb03cecc5465c8cf3aaccbd446acd,86129966e4bc55fac18f2d7602a2309d4403f85861102128a56a80a5a0ccc1ea,21e6e345db56e1c33938ac00c20ef4e0b9851cbe767f4f3146d86fde6adc6757
source-identity-declaration-20260808T051455+0800-c59753ae5b8f,ZI-eeabae9bad9c7be33d76a591,DS-000144,候选数据文件,ETH,4小时;8小时;24小时;48小时,15分钟;1小时,未知,未知,未知,未知,未知,未知,未知,未知,未知,未登记,无,config/数据/来源身份声明补采.json#身份声明[],a2b503bee22e558d2a12983346f4c7750b97234e9839b5dd9f80db0bd3e4c3b1,a37f1429695718fc7f7e8f2425da19674e90d6a02d7bb8ff8ce85e66a4f07074,13e2fdb5315ff33a190ad958df8d0df9bcb268f39b696634df5d1e3c89bb0de0,未知,b3a1fc5ec72ad95e258b584f936ad46befab951e0ee9e43eaa18179e34974387,无法判定,FILE_STAT_OBSERVED_IDENTITY_UNPROVEN,本批次只读；若声明、输入、Schema或授权漂移，既有结论自动失效并须追加新批次,未读取业务正文、价格、成交、订单簿、账户或凭据；身份字段不完整,为该成员提供当前版本九字段声明及逐字段Schema、授权和唯一证据定位后追加不可变批次,2d50c1344a835ceeb832796935182aeff80bb03cecc5465c8cf3aaccbd446acd,86129966e4bc55fac18f2d7602a2309d4403f85861102128a56a80a5a0ccc1ea,2f57d2a4f93f0fdc4455f9c6f9e37d4babc9e56f279cbe7d4c39e67fc5248796
source-identity-declaration-20260808T051455+0800-c59753ae5b8f,ZI-8879fe92abceecb6a371d5c7,DS-000145,候选数据文件,ETH,4小时;8小时;24小时;48小时,15分钟;1小时,未知,未知,未知,未知,未知,未知,未知,未知,未知,未登记,无,config/数据/来源身份声明补采.json#身份声明[],a2b503bee22e558d2a12983346f4c7750b97234e9839b5dd9f80db0bd3e4c3b1,12ba9cb4812d9b25d1ce7250ee24a6ecbad7c3e14871b3b350b5ff102581369a,7b852f78154c999774fe501679b321784ddb2a060a3be071fb854db79d271fd2,未知,b3a1fc5ec72ad95e258b584f936ad46befab951e0ee9e43eaa18179e34974387,无法判定,FILE_STAT_OBSERVED_IDENTITY_UNPROVEN,本批次只读；若声明、输入、Schema或授权漂移，既有结论自动失效并须追加新批次,未读取业务正文、价格、成交、订单簿、账户或凭据；身份字段不完整,为该成员提供当前版本九字段声明及逐字段Schema、授权和唯一证据定位后追加不可变批次,2d50c1344a835ceeb832796935182aeff80bb03cecc5465c8cf3aaccbd446acd,86129966e4bc55fac18f2d7602a2309d4403f85861102128a56a80a5a0ccc1ea,dea5fc0f55c9c3b746da5375e2d0ffde1afab83b4904051d9e7fb3db26e83226
source-identity-declaration-20260808T051455+0800-c59753ae5b8f,ZI-9e34c2cb88810c462910e30d,DS-000146,候选数据文件,ETH,4小时;8小时;24小时;48小时,15分钟;1小时,未知,未知,未知,未知,未知,未知,未知,未知,未知,未登记,无,config/数据/来源身份声明补采.json#身份声明[],a2b503bee22e558d2a12983346f4c7750b97234e9839b5dd9f80db0bd3e4c3b1,c3cc5610c7e0e33b392b2bdea0167adef56d57f070b3e427f342c684b3ea0688,de03c4896cda37c0c66563807be46f38b891f742ad98e9ed0984cec1b6bae1d9,未知,b3a1fc5ec72ad95e258b584f936ad46befab951e0ee9e43eaa18179e34974387,无法判定,FILE_STAT_OBSERVED_IDENTITY_UNPROVEN,本批次只读；若声明、输入、Schema或授权漂移，既有结论自动失效并须追加新批次,未读取业务正文、价格、成交、订单簿、账户或凭据；身份字段不完整,为该成员提供当前版本九字段声明及逐字段Schema、授权和唯一证据定位后追加不可变批次,2d50c1344a835ceeb832796935182aeff80bb03cecc5465c8cf3aaccbd446acd,86129966e4bc55fac18f2d7602a2309d4403f85861102128a56a80a5a0ccc1ea,cbc6b261d2a24d9f7e15adc2131fd3c5d33126bc72c249e97eb308a21fbdd76f
source-identity-declaration-20260808T051455+0800-c59753ae5b8f,ZI-8461f08f625565257213a23c,DS-000147,候选数据文件,ETH,4小时;8小时;24小时;48小时,15分钟;1小时,未知,未知,未知,未知,未知,未知,未知,未知,未知,未登记,无,config/数据/来源身份声明补采.json#身份声明[],a2b503bee22e558d2a12983346f4c7750b97234e9839b5dd9f80db0bd3e4c3b1,ffc57781fb71aec9cd924574bd3fbe2cedfaba4f4cb581fe866c9a9d0dbed1a9,ac590d7eabfb3ee19d164f71da201c86851f75b04b934a01c301489ffce903d5,未知,b3a1fc5ec72ad95e258b584f936ad46befab951e0ee9e43eaa18179e34974387,无法判定,FILE_STAT_OBSERVED_IDENTITY_UNPROVEN,本批次只读；若声明、输入、Schema或授权漂移，既有结论自动失效并须追加新批次,未读取业务正文、价格、成交、订单簿、账户或凭据；身份字段不完整,为该成员提供当前版本九字段声明及逐字段Schema、授权和唯一证据定位后追加不可变批次,2d50c1344a835ceeb832796935182aeff80bb03cecc5465c8cf3aaccbd446acd,86129966e4bc55fac18f2d7602a2309d4403f85861102128a56a80a5a0ccc1ea,21ff9f0ff3e349bd3592dcf24623c27c66fd8837dba0fcc52f696cfe9e51defc
source-identity-declaration-20260808T051455+0800-c59753ae5b8f,ZI-2ce49af2946877d7f4f7ea4b,DS-000148,候选数据文件,ETH,4小时;8小时;24小时;48小时,15分钟;1小时,未知,未知,未知,未知,未知,未知,未知,未知,未知,未登记,无,config/数据/来源身份声明补采.json#身份声明[],a2b503bee22e558d2a12983346f4c7750b97234e9839b5dd9f80db0bd3e4c3b1,3a02343642236a2a3e657efef9c7518e0c47343c29a0fed06dac9abe93d62260,9b15026508f4301f1e2aefcc4d22d64380b8d8e581f3955d41c11761606ac24f,未知,b3a1fc5ec72ad95e258b584f936ad46befab951e0ee9e43eaa18179e34974387,无法判定,FILE_STAT_OBSERVED_IDENTITY_UNPROVEN,本批次只读；若声明、输入、Schema或授权漂移，既有结论自动失效并须追加新批次,未读取业务正文、价格、成交、订单簿、账户或凭据；身份字段不完整,为该成员提供当前版本九字段声明及逐字段Schema、授权和唯一证据定位后追加不可变批次,2d50c1344a835ceeb832796935182aeff80bb03cecc5465c8cf3aaccbd446acd,86129966e4bc55fac18f2d7602a2309d4403f85861102128a56a80a5a0ccc1ea,25f90f0bcfe300c78a485d908f806320e088d00925aca07797016b0fdbf84cff
source-identity-declaration-20260808T051455+0800-c59753ae5b8f,ZI-52ce2e32211b7fe8ae9f82c6,DS-000149,候选数据文件,ETH,4小时;8小时;24小时;48小时,15分钟;1小时,未知,未知,未知,未知,未知,未知,未知,未知,未知,未登记,无,config/数据/来源身份声明补采.json#身份声明[],a2b503bee22e558d2a12983346f4c7750b97234e9839b5dd9f80db0bd3e4c3b1,a873240ba93a952953aa11ac5f6f40fac71db86b7055f9b2d8541c48f40d345b,c4c0fa8bfefc782ab8963b781ae8b3bd00c5081026ed977dc8a039084b1b3a25,未知,b3a1fc5ec72ad95e258b584f936ad46befab951e0ee9e43eaa18179e34974387,无法判定,FILE_STAT_OBSERVED_IDENTITY_UNPROVEN,本批次只读；若声明、输入、Schema或授权漂移，既有结论自动失效并须追加新批次,未读取业务正文、价格、成交、订单簿、账户或凭据；身份字段不完整,为该成员提供当前版本九字段声明及逐字段Schema、授权和唯一证据定位后追加不可变批次,2d50c1344a835ceeb832796935182aeff80bb03cecc5465c8cf3aaccbd446acd,86129966e4bc55fac18f2d7602a2309d4403f85861102128a56a80a5a0ccc1ea,fb218e9006d86293a408fa81985460ebabe27a0cb2225dd3617edbc6894e189b
source-identity-declaration-20260808T051455+0800-c59753ae5b8f,ZI-49395e6c68a237ad8cf076ee,DS-000150,候选数据文件,ETH,4小时;8小时;24小时;48小时,15分钟;1小时,未知,未知,未知,未知,未知,未知,未知,未知,未知,未登记,无,config/数据/来源身份声明补采.json#身份声明[],a2b503bee22e558d2a12983346f4c7750b97234e9839b5dd9f80db0bd3e4c3b1,40939ad30387a7158ed57b306fe0d71798f08cbe52327025d40af30da47e9dc6,d707f1184ffd684db0b8c690dcefebd30e65310386a337a9481373f277d913da,未知,b3a1fc5ec72ad95e258b584f936ad46befab951e0ee9e43eaa18179e34974387,无法判定,FILE_STAT_OBSERVED_IDENTITY_UNPROVEN,本批次只读；若声明、输入、Schema或授权漂移，既有结论自动失效并须追加新批次,未读取业务正文、价格、成交、订单簿、账户或凭据；身份字段不完整,为该成员提供当前版本九字段声明及逐字段Schema、授权和唯一证据定位后追加不可变批次,2d50c1344a835ceeb832796935182aeff80bb03cecc5465c8cf3aaccbd446acd,86129966e4bc55fac18f2d7602a2309d4403f85861102128a56a80a5a0ccc1ea,27c1234fe74eaceb3222109d616046d2691d855c9cb7fdac59af0a84126e58a3
source-identity-declaration-20260808T051455+0800-c59753ae5b8f,ZI-5c9ff569ed602db0d19a25b4,DS-000151,候选数据文件,ETH,4小时;8小时;24小时;48小时,15分钟;1小时,未知,未知,未知,未知,未知,未知,未知,未知,未知,未登记,无,config/数据/来源身份声明补采.json#身份声明[],a2b503bee22e558d2a12983346f4c7750b97234e9839b5dd9f80db0bd3e4c3b1,576e8c8e6487f15c636a679f4a040797e58715ed5fcaeaa34cc9be2b42fc0bd9,4430b05213f8fb6e099218b623736ef4a90c76a53846aa74227f9be1b4c02472,未知,b3a1fc5ec72ad95e258b584f936ad46befab951e0ee9e43eaa18179e34974387,无法判定,FILE_STAT_OBSERVED_IDENTITY_UNPROVEN,本批次只读；若声明、输入、Schema或授权漂移，既有结论自动失效并须追加新批次,未读取业务正文、价格、成交、订单簿、账户或凭据；身份字段不完整,为该成员提供当前版本九字段声明及逐字段Schema、授权和唯一证据定位后追加不可变批次,2d50c1344a835ceeb832796935182aeff80bb03cecc5465c8cf3aaccbd446acd,86129966e4bc55fac18f2d7602a2309d4403f85861102128a56a80a5a0ccc1ea,09796ee0421b51d69bfb0947be3e8df30a6fff0b4e8a9d853f6a5bc5a2e09694
source-identity-declaration-20260808T051455+0800-c59753ae5b8f,ZI-eb6b36437e73935e6892948b,DS-000152,候选数据文件,ETH,4小时;8小时;24小时;48小时,15分钟;1小时,未知,未知,未知,未知,未知,未知,未知,未知,未知,未登记,无,config/数据/来源身份声明补采.json#身份声明[],a2b503bee22e558d2a12983346f4c7750b97234e9839b5dd9f80db0bd3e4c3b1,72c373f523c68c010f48416824dc922cc7bdcb6a7af086a80aff26503846cc1f,108b6fbb555b3a70e9ee67cd5d1014f7d8fe2e5589151961829d64c52378056e,未知,b3a1fc5ec72ad95e258b584f936ad46befab951e0ee9e43eaa18179e34974387,无法判定,FILE_STAT_OBSERVED_IDENTITY_UNPROVEN,本批次只读；若声明、输入、Schema或授权漂移，既有结论自动失效并须追加新批次,未读取业务正文、价格、成交、订单簿、账户或凭据；身份字段不完整,为该成员提供当前版本九字段声明及逐字段Schema、授权和唯一证据定位后追加不可变批次,2d50c1344a835ceeb832796935182aeff80bb03cecc5465c8cf3aaccbd446acd,86129966e4bc55fac18f2d7602a2309d4403f85861102128a56a80a5a0ccc1ea,35e77317458ac9e1675ee93dfe6451c29880445999ea6ffb3622e94d0dcc2648
source-identity-declaration-20260808T051455+0800-c59753ae5b8f,ZI-7d0eac7d55708c645db23f34,DS-000153,候选数据文件,ETH,4小时;8小时;24小时;48小时,15分钟;1小时,未知,未知,未知,未知,未知,未知,未知,未知,未知,未登记,无,config/数据/来源身份声明补采.json#身份声明[],a2b503bee22e558d2a12983346f4c7750b97234e9839b5dd9f80db0bd3e4c3b1,546a99b7d0834c6f48dec4b7ae8905dcf109bb0225eadb4e316d5042925f9656,0533d8e0b6d12c6b9ede3c937d4b10662e237dc6a3bad54eeb885580a8af4179,未知,b3a1fc5ec72ad95e258b584f936ad46befab951e0ee9e43eaa18179e34974387,无法判定,FILE_STAT_OBSERVED_IDENTITY_UNPROVEN,本批次只读；若声明、输入、Schema或授权漂移，既有结论自动失效并须追加新批次,未读取业务正文、价格、成交、订单簿、账户或凭据；身份字段不完整,为该成员提供当前版本九字段声明及逐字段Schema、授权和唯一证据定位后追加不可变批次,2d50c1344a835ceeb832796935182aeff80bb03cecc5465c8cf3aaccbd446acd,86129966e4bc55fac18f2d7602a2309d4403f85861102128a56a80a5a0ccc1ea,d46d84afd532ec2eb2c4570007f0d6642b34a51c44e13d5a37980adfbc5657de
source-identity-declaration-20260808T051455+0800-c59753ae5b8f,ZI-881ed8dfa8b5bd2659a6c1a3,DS-000154,候选数据文件,ETH,4小时;8小时;24小时;48小时,15分钟;1小时,未知,未知,未知,未知,未知,未知,未知,未知,未知,未登记,无,config/数据/来源身份声明补采.json#身份声明[],a2b503bee22e558d2a12983346f4c7750b97234e9839b5dd9f80db0bd3e4c3b1,ee9e0ae362a297ec3bf7aa435152701795b513a1aff9467f7d54516156653425,9e9aeb1cd8dae51e446f83370f344a25cea9e53fd13366073c03d249cc438238,未知,b3a1fc5ec72ad95e258b584f936ad46befab951e0ee9e43eaa18179e34974387,无法判定,FILE_STAT_OBSERVED_IDENTITY_UNPROVEN,本批次只读；若声明、输入、Schema或授权漂移，既有结论自动失效并须追加新批次,未读取业务正文、价格、成交、订单簿、账户或凭据；身份字段不完整,为该成员提供当前版本九字段声明及逐字段Schema、授权和唯一证据定位后追加不可变批次,2d50c1344a835ceeb832796935182aeff80bb03cecc5465c8cf3aaccbd446acd,86129966e4bc55fac18f2d7602a2309d4403f85861102128a56a80a5a0ccc1ea,601b4058848d735239a4da8fea2c5919f5cc6831d1f0f0e8ee930b05bee42979
source-identity-declaration-20260808T051455+0800-c59753ae5b8f,ZI-f73068a8f2789ebf663e39a2,DS-000155,候选数据文件,ETH,4小时;8小时;24小时;48小时,15分钟;1小时,未知,未知,未知,未知,未知,未知,未知,未知,未知,未登记,无,config/数据/来源身份声明补采.json#身份声明[],a2b503bee22e558d2a12983346f4c7750b97234e9839b5dd9f80db0bd3e4c3b1,6f2aca25eaf8f6fd1197fd066869629e61faf4077b6408d812252f2149ddc42f,1e6c230a58eaa438dcb3e183f507aa42230a73c7df9d67f784d606bb4ec6f622,未知,b3a1fc5ec72ad95e258b584f936ad46befab951e0ee9e43eaa18179e34974387,无法判定,FILE_STAT_OBSERVED_IDENTITY_UNPROVEN,本批次只读；若声明、输入、Schema或授权漂移，既有结论自动失效并须追加新批次,未读取业务正文、价格、成交、订单簿、账户或凭据；身份字段不完整,为该成员提供当前版本九字段声明及逐字段Schema、授权和唯一证据定位后追加不可变批次,2d50c1344a835ceeb832796935182aeff80bb03cecc5465c8cf3aaccbd446acd,86129966e4bc55fac18f2d7602a2309d4403f85861102128a56a80a5a0ccc1ea,dbb8639861584b080ee3bbe3c1b9c3791b682dc98ef9208f781ff4c797ade4e7
source-identity-declaration-20260808T051455+0800-c59753ae5b8f,ZI-ea32ed6152cd1b5d242e9e24,DS-000156,候选数据文件,ETH,4小时;8小时;24小时;48小时,15分钟;1小时,未知,未知,未知,未知,未知,未知,未知,未知,未知,未登记,无,config/数据/来源身份声明补采.json#身份声明[],a2b503bee22e558d2a12983346f4c7750b97234e9839b5dd9f80db0bd3e4c3b1,a72715813de459c323b00c15154ac684ead7ae93d24f420a1fafec5468fa83e7,dcce43d13d18d38acf10f20158a8f39618013cbe1cf5d78e28d03985bb4f5c9c,未知,b3a1fc5ec72ad95e258b584f936ad46befab951e0ee9e43eaa18179e34974387,无法判定,FILE_STAT_OBSERVED_IDENTITY_UNPROVEN,本批次只读；若声明、输入、Schema或授权漂移，既有结论自动失效并须追加新批次,未读取业务正文、价格、成交、订单簿、账户或凭据；身份字段不完整,为该成员提供当前版本九字段声明及逐字段Schema、授权和唯一证据定位后追加不可变批次,2d50c1344a835ceeb832796935182aeff80bb03cecc5465c8cf3aaccbd446acd,86129966e4bc55fac18f2d7602a2309d4403f85861102128a56a80a5a0ccc1ea,ba3463e27a389dcae16725bac0725cd96c839d37074e0e2565c26d95cd515529
source-identity-declaration-20260808T051455+0800-c59753ae5b8f,ZI-981a8cf3dd538295a0a64b3f,DS-000157,候选数据文件,ETH,4小时;8小时;24小时;48小时,15分钟;1小时,未知,未知,未知,未知,未知,未知,未知,未知,未知,未登记,无,config/数据/来源身份声明补采.json#身份声明[],a2b503bee22e558d2a12983346f4c7750b97234e9839b5dd9f80db0bd3e4c3b1,6eda5591fc0c247a607d37e4cdf6c45a53d77565384aa87932c05f3fdc45535c,cfc50dbc800e42763d228a343b77b0a46832ab7484088a47d1d00652d6679489,未知,b3a1fc5ec72ad95e258b584f936ad46befab951e0ee9e43eaa18179e34974387,无法判定,FILE_STAT_OBSERVED_IDENTITY_UNPROVEN,本批次只读；若声明、输入、Schema或授权漂移，既有结论自动失效并须追加新批次,未读取业务正文、价格、成交、订单簿、账户或凭据；身份字段不完整,为该成员提供当前版本九字段声明及逐字段Schema、授权和唯一证据定位后追加不可变批次,2d50c1344a835ceeb832796935182aeff80bb03cecc5465c8cf3aaccbd446acd,86129966e4bc55fac18f2d7602a2309d4403f85861102128a56a80a5a0ccc1ea,20dec30de6340e39d0a309707cacbacddd836625fe58346119c9d8acaae00314
source-identity-declaration-20260808T051455+0800-c59753ae5b8f,ZI-e138d2140805838d1a7c0162,DS-000158,候选数据文件,ETH,4小时;8小时;24小时;48小时,15分钟;1小时,未知,未知,未知,未知,未知,未知,未知,未知,未知,未登记,无,config/数据/来源身份声明补采.json#身份声明[],a2b503bee22e558d2a12983346f4c7750b97234e9839b5dd9f80db0bd3e4c3b1,72f486a70d9704d448d87595639e86f5186ef95992b2c4885e6b2b8b853a9d1a,c0d56db7a8cd51b714c2ccf5a2917efb4ba24594d0ec056d883eba7335c1fde4,未知,b3a1fc5ec72ad95e258b584f936ad46befab951e0ee9e43eaa18179e34974387,无法判定,FILE_STAT_OBSERVED_IDENTITY_UNPROVEN,本批次只读；若声明、输入、Schema或授权漂移，既有结论自动失效并须追加新批次,未读取业务正文、价格、成交、订单簿、账户或凭据；身份字段不完整,为该成员提供当前版本九字段声明及逐字段Schema、授权和唯一证据定位后追加不可变批次,2d50c1344a835ceeb832796935182aeff80bb03cecc5465c8cf3aaccbd446acd,86129966e4bc55fac18f2d7602a2309d4403f85861102128a56a80a5a0ccc1ea,b5bf2808bce92b5d44d3ee5ab543647c4b0595bf4293953cbcfc09d51ac4eb4f
source-identity-declaration-20260808T051455+0800-c59753ae5b8f,ZI-389611b782028a821d4fd2fd,DS-000159,候选数据文件,ETH,4小时;8小时;24小时;48小时,15分钟;1小时,未知,未知,未知,未知,未知,未知,未知,未知,未知,未登记,无,config/数据/来源身份声明补采.json#身份声明[],a2b503bee22e558d2a12983346f4c7750b97234e9839b5dd9f80db0bd3e4c3b1,3542d314315b3e35751cb209f4c796189b505af0f86578c853de6478c418adba,c0d294afed3dc4f62621cdf0991d928a09464de5948ca639d064da170ed873ca,未知,b3a1fc5ec72ad95e258b584f936ad46befab951e0ee9e43eaa18179e34974387,无法判定,FILE_STAT_OBSERVED_IDENTITY_UNPROVEN,本批次只读；若声明、输入、Schema或授权漂移，既有结论自动失效并须追加新批次,未读取业务正文、价格、成交、订单簿、账户或凭据；身份字段不完整,为该成员提供当前版本九字段声明及逐字段Schema、授权和唯一证据定位后追加不可变批次,2d50c1344a835ceeb832796935182aeff80bb03cecc5465c8cf3aaccbd446acd,86129966e4bc55fac18f2d7602a2309d4403f85861102128a56a80a5a0ccc1ea,d331c46574e9091167bb3ef00625c048ae9bd02928b9b5a1192b429bc390ffe2
source-identity-declaration-20260808T051455+0800-c59753ae5b8f,ZI-ff9e46ee8a8d96eb44d5bf39,DS-000160,候选数据文件,ETH,4小时;8小时;24小时;48小时,15分钟;1小时,未知,未知,未知,未知,未知,未知,未知,未知,未知,未登记,无,config/数据/来源身份声明补采.json#身份声明[],a2b503bee22e558d2a12983346f4c7750b97234e9839b5dd9f80db0bd3e4c3b1,d7aa39396e7a11768826401789432108e5ab65f5340646b4925cc6bb9bf83dfb,a0ad347af77aa82e8e07e314c8c6719f2d02e94150ab18124b7aa81a425c5d45,未知,b3a1fc5ec72ad95e258b584f936ad46befab951e0ee9e43eaa18179e34974387,无法判定,FILE_STAT_OBSERVED_IDENTITY_UNPROVEN,本批次只读；若声明、输入、Schema或授权漂移，既有结论自动失效并须追加新批次,未读取业务正文、价格、成交、订单簿、账户或凭据；身份字段不完整,为该成员提供当前版本九字段声明及逐字段Schema、授权和唯一证据定位后追加不可变批次,2d50c1344a835ceeb832796935182aeff80bb03cecc5465c8cf3aaccbd446acd,86129966e4bc55fac18f2d7602a2309d4403f85861102128a56a80a5a0ccc1ea,c3de433c7df0a31e9cc760cddd1892d795d2d435e915c7ae5e2e36409a9911ef
source-identity-declaration-20260808T051455+0800-c59753ae5b8f,ZI-f9d8ea08ef193804ac5c2d24,DS-000161,候选数据文件,ETH,4小时;8小时;24小时;48小时,15分钟;1小时,未知,未知,未知,未知,未知,未知,未知,未知,未知,未登记,无,config/数据/来源身份声明补采.json#身份声明[],a2b503bee22e558d2a12983346f4c7750b97234e9839b5dd9f80db0bd3e4c3b1,ec01d645a01d99926ec9405f77b33b2cb182ca4135cfdfeeadee39f80bdbeab5,dc9ac80131204fdaf9eb80e86b459252b4ccadd49e3233c98d0932a0a8d3b3a0,未知,b3a1fc5ec72ad95e258b584f936ad46befab951e0ee9e43eaa18179e34974387,无法判定,FILE_STAT_OBSERVED_IDENTITY_UNPROVEN,本批次只读；若声明、输入、Schema或授权漂移，既有结论自动失效并须追加新批次,未读取业务正文、价格、成交、订单簿、账户或凭据；身份字段不完整,为该成员提供当前版本九字段声明及逐字段Schema、授权和唯一证据定位后追加不可变批次,2d50c1344a835ceeb832796935182aeff80bb03cecc5465c8cf3aaccbd446acd,86129966e4bc55fac18f2d7602a2309d4403f85861102128a56a80a5a0ccc1ea,062722d93546ec255b12899756ebb33633b226b8dcab518b172d6a05965f40fe
source-identity-declaration-20260808T051455+0800-c59753ae5b8f,ZI-e6288ec06bff9cdf648b4042,DS-000162,候选数据文件,ETH,4小时;8小时;24小时;48小时,15分钟;1小时,未知,未知,未知,未知,未知,未知,未知,未知,未知,未登记,无,config/数据/来源身份声明补采.json#身份声明[],a2b503bee22e558d2a12983346f4c7750b97234e9839b5dd9f80db0bd3e4c3b1,8bcd4a1f32df538b6b79746044da34ee5f0dd05800d6484cd0ba9601ce36ca5e,4539a9b5b7b96a6535417bdb1e909c2339da59b04d9c3eb84a59ed1b72a6e46d,未知,b3a1fc5ec72ad95e258b584f936ad46befab951e0ee9e43eaa18179e34974387,无法判定,FILE_STAT_OBSERVED_IDENTITY_UNPROVEN,本批次只读；若声明、输入、Schema或授权漂移，既有结论自动失效并须追加新批次,未读取业务正文、价格、成交、订单簿、账户或凭据；身份字段不完整,为该成员提供当前版本九字段声明及逐字段Schema、授权和唯一证据定位后追加不可变批次,2d50c1344a835ceeb832796935182aeff80bb03cecc5465c8cf3aaccbd446acd,86129966e4bc55fac18f2d7602a2309d4403f85861102128a56a80a5a0ccc1ea,4f2297b8677029c5ad6af1067311c28b7555fb56bf4756fb6adf648ab802a7de
source-identity-declaration-20260808T051455+0800-c59753ae5b8f,ZI-80b98789c86787fb429ef2e3,DS-000163,候选数据文件,ETH,4小时;8小时;24小时;48小时,15分钟;1小时,未知,未知,未知,未知,未知,未知,未知,未知,未知,未登记,无,config/数据/来源身份声明补采.json#身份声明[],a2b503bee22e558d2a12983346f4c7750b97234e9839b5dd9f80db0bd3e4c3b1,752b82b872a799d4af7a2c30cdbe801cc698881ef471389e897662c027aa4d11,5122f735e57d5cdbf919ac937da2bdf1d073a6e477fea5f07c16807ef62ce290,未知,b3a1fc5ec72ad95e258b584f936ad46befab951e0ee9e43eaa18179e34974387,无法判定,FILE_STAT_OBSERVED_IDENTITY_UNPROVEN,本批次只读；若声明、输入、Schema或授权漂移，既有结论自动失效并须追加新批次,未读取业务正文、价格、成交、订单簿、账户或凭据；身份字段不完整,为该成员提供当前版本九字段声明及逐字段Schema、授权和唯一证据定位后追加不可变批次,2d50c1344a835ceeb832796935182aeff80bb03cecc5465c8cf3aaccbd446acd,86129966e4bc55fac18f2d7602a2309d4403f85861102128a56a80a5a0ccc1ea,a7f1fad414a14feb7b44c03c7f8881cf307966b364e5d6e5ed62dc75c2dd920b
source-identity-declaration-20260808T051455+0800-c59753ae5b8f,ZI-1a15f6cb7a7b389c7ce47d98,DS-000164,候选数据文件,ETH,4小时;8小时;24小时;48小时,15分钟;1小时,未知,未知,未知,未知,未知,未知,未知,未知,未知,未登记,无,config/数据/来源身份声明补采.json#身份声明[],a2b503bee22e558d2a12983346f4c7750b97234e9839b5dd9f80db0bd3e4c3b1,cb3f2cfa1431a5e9847c70b5630e69fb57a0b38a928b2348486398c485d9bae6,3cb00e451782a8e18c8fa701abca54261b37770aa105bfbfc49de70477a8c519,未知,b3a1fc5ec72ad95e258b584f936ad46befab951e0ee9e43eaa18179e34974387,拒绝,INPUT_MEMBER_REJECTED,本批次只读；若声明、输入、Schema或授权漂移，既有结论自动失效并须追加新批次,未读取业务正文、价格、成交、订单簿、账户或凭据；身份字段不完整,为该成员提供当前版本九字段声明及逐字段Schema、授权和唯一证据定位后追加不可变批次,2d50c1344a835ceeb832796935182aeff80bb03cecc5465c8cf3aaccbd446acd,86129966e4bc55fac18f2d7602a2309d4403f85861102128a56a80a5a0ccc1ea,b4c577481b3a469297f18cd45b15862c3bd70fcca4ac6311bcb1b064eb7be0e8
source-identity-declaration-20260808T051455+0800-c59753ae5b8f,ZI-1941dc115ef30ebc9b56f4af,DS-000165,候选数据文件,ETH,4小时;8小时;24小时;48小时,15分钟;1小时,未知,未知,未知,未知,未知,未知,未知,未知,未知,未登记,无,config/数据/来源身份声明补采.json#身份声明[],a2b503bee22e558d2a12983346f4c7750b97234e9839b5dd9f80db0bd3e4c3b1,c3e43bdaf00cb3c1f31558af9d95c281dcf7b02f513783e1b2d81801c988131b,5ab2d649df5401c8fae6ad9c39cc82b2e883477d2cbaa9e60c4cb5254c47d82e,未知,b3a1fc5ec72ad95e258b584f936ad46befab951e0ee9e43eaa18179e34974387,无法判定,FILE_STAT_OBSERVED_IDENTITY_UNPROVEN,本批次只读；若声明、输入、Schema或授权漂移，既有结论自动失效并须追加新批次,未读取业务正文、价格、成交、订单簿、账户或凭据；身份字段不完整,为该成员提供当前版本九字段声明及逐字段Schema、授权和唯一证据定位后追加不可变批次,2d50c1344a835ceeb832796935182aeff80bb03cecc5465c8cf3aaccbd446acd,86129966e4bc55fac18f2d7602a2309d4403f85861102128a56a80a5a0ccc1ea,7476228a4e11aae3b60b36e4462dd1a83949364ef08a00cb8ff33ced865b0366
source-identity-declaration-20260808T051455+0800-c59753ae5b8f,ZI-314e1e22c6f8101d223a88b5,DS-000166,候选数据文件,ETH,4小时;8小时;24小时;48小时,15分钟;1小时,未知,未知,未知,未知,未知,未知,未知,未知,未知,未登记,无,config/数据/来源身份声明补采.json#身份声明[],a2b503bee22e558d2a12983346f4c7750b97234e9839b5dd9f80db0bd3e4c3b1,124c9805ad883e81114457ba70e09538f6482e40db071620d525d646cc62ca8e,425ef1f0e14d676b95f9708c9615aaf6c370601ce408f92ba11f2c193f0a3b6a,未知,b3a1fc5ec72ad95e258b584f936ad46befab951e0ee9e43eaa18179e34974387,无法判定,FILE_STAT_OBSERVED_IDENTITY_UNPROVEN,本批次只读；若声明、输入、Schema或授权漂移，既有结论自动失效并须追加新批次,未读取业务正文、价格、成交、订单簿、账户或凭据；身份字段不完整,为该成员提供当前版本九字段声明及逐字段Schema、授权和唯一证据定位后追加不可变批次,2d50c1344a835ceeb832796935182aeff80bb03cecc5465c8cf3aaccbd446acd,86129966e4bc55fac18f2d7602a2309d4403f85861102128a56a80a5a0ccc1ea,68ccf38dab0069ce9575e0c8a5a76a3b64f53eabbd2de0643ec2a173ceca605b
source-identity-declaration-20260808T051455+0800-c59753ae5b8f,ZI-5fd2b1e41bc22cd80f22c222,DS-000167,候选数据文件,ETH,4小时;8小时;24小时;48小时,15分钟;1小时,未知,未知,未知,未知,未知,未知,未知,未知,未知,未登记,无,config/数据/来源身份声明补采.json#身份声明[],a2b503bee22e558d2a12983346f4c7750b97234e9839b5dd9f80db0bd3e4c3b1,21e4a941e92f073fd4e7b87229f307e3ce1d789f3cfef3dadf9038462b8a8c68,b32ca4def24cbf80869b56a463f100afc4c4670d4009b9a2d371aa974b0ffc46,未知,b3a1fc5ec72ad95e258b584f936ad46befab951e0ee9e43eaa18179e34974387,无法判定,FILE_STAT_OBSERVED_IDENTITY_UNPROVEN,本批次只读；若声明、输入、Schema或授权漂移，既有结论自动失效并须追加新批次,未读取业务正文、价格、成交、订单簿、账户或凭据；身份字段不完整,为该成员提供当前版本九字段声明及逐字段Schema、授权和唯一证据定位后追加不可变批次,2d50c1344a835ceeb832796935182aeff80bb03cecc5465c8cf3aaccbd446acd,86129966e4bc55fac18f2d7602a2309d4403f85861102128a56a80a5a0ccc1ea,451af2cd0764f66bcf754cdaf1a976fdb36bcbccee557d78f975eb6bd3b09ace
source-identity-declaration-20260808T051455+0800-c59753ae5b8f,ZI-89c2b7f24c75afde7f33de90,DS-000168,候选数据文件,ETH,4小时;8小时;24小时;48小时,15分钟;1小时,未知,未知,未知,未知,未知,未知,未知,未知,未知,未登记,无,config/数据/来源身份声明补采.json#身份声明[],a2b503bee22e558d2a12983346f4c7750b97234e9839b5dd9f80db0bd3e4c3b1,f8a62a522dbf19d9f77ac41019b29e0d5926d40fae094dc88dac45931309b6fa,42a7765fe79270f5d9d9041bee0173687625331f6828a396ba51a9e0c7bd7a64,未知,b3a1fc5ec72ad95e258b584f936ad46befab951e0ee9e43eaa18179e34974387,无法判定,FILE_STAT_OBSERVED_IDENTITY_UNPROVEN,本批次只读；若声明、输入、Schema或授权漂移，既有结论自动失效并须追加新批次,未读取业务正文、价格、成交、订单簿、账户或凭据；身份字段不完整,为该成员提供当前版本九字段声明及逐字段Schema、授权和唯一证据定位后追加不可变批次,2d50c1344a835ceeb832796935182aeff80bb03cecc5465c8cf3aaccbd446acd,86129966e4bc55fac18f2d7602a2309d4403f85861102128a56a80a5a0ccc1ea,638db253b73b6aa5d80714cb77da86cb10af868817cfb1cc516bad09ecbf5cf8
source-identity-declaration-20260808T051455+0800-c59753ae5b8f,ZI-be12db97204165cc34d89468,DS-000169,候选数据文件,ETH,4小时;8小时;24小时;48小时,15分钟;1小时,未知,未知,未知,未知,未知,未知,未知,未知,未知,未登记,无,config/数据/来源身份声明补采.json#身份声明[],a2b503bee22e558d2a12983346f4c7750b97234e9839b5dd9f80db0bd3e4c3b1,671abd7b1989a86c583e552837880726ae9a67b0aab16e05de13612a73d4ecdf,64140a4d03c3f2ce133bafa03730e3251680d29831565a5e34fb88aa4dbb47bd,未知,b3a1fc5ec72ad95e258b584f936ad46befab951e0ee9e43eaa18179e34974387,无法判定,FILE_STAT_OBSERVED_IDENTITY_UNPROVEN,本批次只读；若声明、输入、Schema或授权漂移，既有结论自动失效并须追加新批次,未读取业务正文、价格、成交、订单簿、账户或凭据；身份字段不完整,为该成员提供当前版本九字段声明及逐字段Schema、授权和唯一证据定位后追加不可变批次,2d50c1344a835ceeb832796935182aeff80bb03cecc5465c8cf3aaccbd446acd,86129966e4bc55fac18f2d7602a2309d4403f85861102128a56a80a5a0ccc1ea,4ca7ac56a512261b3f431dc6934d891bf366c396057dcc9b7b5e1c4e1803f5a1
source-identity-declaration-20260808T051455+0800-c59753ae5b8f,ZI-7975e6ac233ceb6fe112822a,DS-000170,候选数据文件,ETH,4小时;8小时;24小时;48小时,15分钟;1小时,未知,未知,未知,未知,未知,未知,未知,未知,未知,未登记,无,config/数据/来源身份声明补采.json#身份声明[],a2b503bee22e558d2a12983346f4c7750b97234e9839b5dd9f80db0bd3e4c3b1,9880223dc66afea86d19de7288fac597977eb9007513637dd141df6bbb558cf1,06c11f3ab701a0a19c9cabcb319024670f0e5b7b29d0f92693f2b4753cda4a41,未知,b3a1fc5ec72ad95e258b584f936ad46befab951e0ee9e43eaa18179e34974387,无法判定,FILE_STAT_OBSERVED_IDENTITY_UNPROVEN,本批次只读；若声明、输入、Schema或授权漂移，既有结论自动失效并须追加新批次,未读取业务正文、价格、成交、订单簿、账户或凭据；身份字段不完整,为该成员提供当前版本九字段声明及逐字段Schema、授权和唯一证据定位后追加不可变批次,2d50c1344a835ceeb832796935182aeff80bb03cecc5465c8cf3aaccbd446acd,86129966e4bc55fac18f2d7602a2309d4403f85861102128a56a80a5a0ccc1ea,e3d13ad840541b6f7d0776d06df12cd2569de69d52cf10f0304fa0b8f1f53dbb
source-identity-declaration-20260808T051455+0800-c59753ae5b8f,ZI-8e1e251ad2644c622fe3251d,DS-000171,候选数据文件,ETH,4小时;8小时;24小时;48小时,15分钟;1小时,未知,未知,未知,未知,未知,未知,未知,未知,未知,未登记,无,config/数据/来源身份声明补采.json#身份声明[],a2b503bee22e558d2a12983346f4c7750b97234e9839b5dd9f80db0bd3e4c3b1,bafa83fba181792f378cb580dcfa6120abaf40fd3a0e15b52ee8bb9850b1d7c1,67422e259cca1b04fc2e9b955c788220d84b86ba4a9a45f4535eb0ff03cdd0be,未知,b3a1fc5ec72ad95e258b584f936ad46befab951e0ee9e43eaa18179e34974387,无法判定,FILE_STAT_OBSERVED_IDENTITY_UNPROVEN,本批次只读；若声明、输入、Schema或授权漂移，既有结论自动失效并须追加新批次,未读取业务正文、价格、成交、订单簿、账户或凭据；身份字段不完整,为该成员提供当前版本九字段声明及逐字段Schema、授权和唯一证据定位后追加不可变批次,2d50c1344a835ceeb832796935182aeff80bb03cecc5465c8cf3aaccbd446acd,86129966e4bc55fac18f2d7602a2309d4403f85861102128a56a80a5a0ccc1ea,f936d590c43d92aff85527f8c5f2452303454f12ce1531a11ca8fdb092f2791d
source-identity-declaration-20260808T051455+0800-c59753ae5b8f,ZI-aa4e4e76bfed966005c708d6,DS-000172,候选数据文件,ETH,4小时;8小时;24小时;48小时,15分钟;1小时,未知,未知,未知,未知,未知,未知,未知,未知,未知,未登记,无,config/数据/来源身份声明补采.json#身份声明[],a2b503bee22e558d2a12983346f4c7750b97234e9839b5dd9f80db0bd3e4c3b1,eb688bbf8774884808324cb917637b38b808edcce9636716f36c0c73a0bb1a70,d07e0a7ee6d5042ac739192da37870e05d496f400febfcedf4ebd8c4cf0d8d9f,未知,b3a1fc5ec72ad95e258b584f936ad46befab951e0ee9e43eaa18179e34974387,无法判定,FILE_STAT_OBSERVED_IDENTITY_UNPROVEN,本批次只读；若声明、输入、Schema或授权漂移，既有结论自动失效并须追加新批次,未读取业务正文、价格、成交、订单簿、账户或凭据；身份字段不完整,为该成员提供当前版本九字段声明及逐字段Schema、授权和唯一证据定位后追加不可变批次,2d50c1344a835ceeb832796935182aeff80bb03cecc5465c8cf3aaccbd446acd,86129966e4bc55fac18f2d7602a2309d4403f85861102128a56a80a5a0ccc1ea,c3c9e98f4263bcccdc4ae84dc3399708208ed4014e5f6d66676c9277d33c9b8e
source-identity-declaration-20260808T051455+0800-c59753ae5b8f,ZI-69c85807fb109670f590ba46,DS-000173,候选数据文件,ETH,4小时;8小时;24小时;48小时,15分钟;1小时,未知,未知,未知,未知,未知,未知,未知,未知,未知,未登记,无,config/数据/来源身份声明补采.json#身份声明[],a2b503bee22e558d2a12983346f4c7750b97234e9839b5dd9f80db0bd3e4c3b1,a06211053ef3792fd50827071a13e367103be5199d7b34c0e41b19e742bec238,57453db45728268e6923997ba51f41f2f867983d59daa2cf1670e949dfd12cf1,未知,b3a1fc5ec72ad95e258b584f936ad46befab951e0ee9e43eaa18179e34974387,无法判定,FILE_STAT_OBSERVED_IDENTITY_UNPROVEN,本批次只读；若声明、输入、Schema或授权漂移，既有结论自动失效并须追加新批次,未读取业务正文、价格、成交、订单簿、账户或凭据；身份字段不完整,为该成员提供当前版本九字段声明及逐字段Schema、授权和唯一证据定位后追加不可变批次,2d50c1344a835ceeb832796935182aeff80bb03cecc5465c8cf3aaccbd446acd,86129966e4bc55fac18f2d7602a2309d4403f85861102128a56a80a5a0ccc1ea,447f54b06f6e1c1ee14258cee9e36be68fa9721d438a2b050c558ae9a802626f
source-identity-declaration-20260808T051455+0800-c59753ae5b8f,ZI-0cb93df8f9f6ba3feaff5d8c,DS-000174,候选数据文件,ETH,4小时;8小时;24小时;48小时,15分钟;1小时,未知,未知,未知,未知,未知,未知,未知,未知,未知,未登记,无,config/数据/来源身份声明补采.json#身份声明[],a2b503bee22e558d2a12983346f4c7750b97234e9839b5dd9f80db0bd3e4c3b1,24bff6b100446afade335ff88ab048b5c675d812f75e01549793cae7f257d97f,d4ed36abec68f8d6a67d789033c5008ec8584efd7056db02d58414f52cbaf72e,未知,b3a1fc5ec72ad95e258b584f936ad46befab951e0ee9e43eaa18179e34974387,无法判定,FILE_STAT_OBSERVED_IDENTITY_UNPROVEN,本批次只读；若声明、输入、Schema或授权漂移，既有结论自动失效并须追加新批次,未读取业务正文、价格、成交、订单簿、账户或凭据；身份字段不完整,为该成员提供当前版本九字段声明及逐字段Schema、授权和唯一证据定位后追加不可变批次,2d50c1344a835ceeb832796935182aeff80bb03cecc5465c8cf3aaccbd446acd,86129966e4bc55fac18f2d7602a2309d4403f85861102128a56a80a5a0ccc1ea,3599dfb1de1ac7594a9b25f26713598283bca981a580f75340928cafdc561023
source-identity-declaration-20260808T051455+0800-c59753ae5b8f,ZI-1e894fa6ac9c4d524bbba0ff,DS-000175,候选数据文件,ETH,4小时;8小时;24小时;48小时,15分钟;1小时,未知,未知,未知,未知,未知,未知,未知,未知,未知,未登记,无,config/数据/来源身份声明补采.json#身份声明[],a2b503bee22e558d2a12983346f4c7750b97234e9839b5dd9f80db0bd3e4c3b1,e69a513ac7621ea835192801bdc3809e04d75239d3d02150790c2b4feb89c14f,c8ba328fe34ff33535d3e5978355d5522fa520e33a49751b7e6f92c955992068,未知,b3a1fc5ec72ad95e258b584f936ad46befab951e0ee9e43eaa18179e34974387,无法判定,FILE_STAT_OBSERVED_IDENTITY_UNPROVEN,本批次只读；若声明、输入、Schema或授权漂移，既有结论自动失效并须追加新批次,未读取业务正文、价格、成交、订单簿、账户或凭据；身份字段不完整,为该成员提供当前版本九字段声明及逐字段Schema、授权和唯一证据定位后追加不可变批次,2d50c1344a835ceeb832796935182aeff80bb03cecc5465c8cf3aaccbd446acd,86129966e4bc55fac18f2d7602a2309d4403f85861102128a56a80a5a0ccc1ea,37b8b68f821b322f3dd124a766a01bece7e089f0753f20d80e5878d03c5076fc
source-identity-declaration-20260808T051455+0800-c59753ae5b8f,ZI-af99d154928fc1735d41f307,DS-000176,候选数据文件,ETH,4小时;8小时;24小时;48小时,15分钟;1小时,未知,未知,未知,未知,未知,未知,未知,未知,未知,未登记,无,config/数据/来源身份声明补采.json#身份声明[],a2b503bee22e558d2a12983346f4c7750b97234e9839b5dd9f80db0bd3e4c3b1,90ebfb0f32228dabe4d3c3d6fffddbe5c46cd9db2008dc26dc4e6f6040d4413c,729406489518efc8a2e6bbe9d0e47b963e7efe3b72bf6ef8f768bc2937feab33,未知,b3a1fc5ec72ad95e258b584f936ad46befab951e0ee9e43eaa18179e34974387,无法判定,FILE_STAT_OBSERVED_IDENTITY_UNPROVEN,本批次只读；若声明、输入、Schema或授权漂移，既有结论自动失效并须追加新批次,未读取业务正文、价格、成交、订单簿、账户或凭据；身份字段不完整,为该成员提供当前版本九字段声明及逐字段Schema、授权和唯一证据定位后追加不可变批次,2d50c1344a835ceeb832796935182aeff80bb03cecc5465c8cf3aaccbd446acd,86129966e4bc55fac18f2d7602a2309d4403f85861102128a56a80a5a0ccc1ea,272d27868c7b6c9329df07f8a15014ebbc3a59a89a18914e64574f8b66658278
source-identity-declaration-20260808T051455+0800-c59753ae5b8f,ZI-e1863b4de9f4c6fe5fbefacd,DS-000177,候选数据文件,ETH,4小时;8小时;24小时;48小时,15分钟;1小时,未知,未知,未知,未知,未知,未知,未知,未知,未知,未登记,无,config/数据/来源身份声明补采.json#身份声明[],a2b503bee22e558d2a12983346f4c7750b97234e9839b5dd9f80db0bd3e4c3b1,2f8df68ac997b3bf050617e476702d5c601fa659f1895ee84cfbf15371917e1d,c88b1c298da866175fb79b2194cec184630dc74a610af3dd76130301feebf889,未知,b3a1fc5ec72ad95e258b584f936ad46befab951e0ee9e43eaa18179e34974387,无法判定,FILE_STAT_OBSERVED_IDENTITY_UNPROVEN,本批次只读；若声明、输入、Schema或授权漂移，既有结论自动失效并须追加新批次,未读取业务正文、价格、成交、订单簿、账户或凭据；身份字段不完整,为该成员提供当前版本九字段声明及逐字段Schema、授权和唯一证据定位后追加不可变批次,2d50c1344a835ceeb832796935182aeff80bb03cecc5465c8cf3aaccbd446acd,86129966e4bc55fac18f2d7602a2309d4403f85861102128a56a80a5a0ccc1ea,966388dd98e7dcf5695c529c41dcee87cdea26160cb9a832f70627cd1528428b
source-identity-declaration-20260808T051455+0800-c59753ae5b8f,ZI-a286800bd49b9fd96217a223,DS-000178,候选数据文件,ETH,4小时;8小时;24小时;48小时,15分钟;1小时,未知,未知,未知,未知,未知,未知,未知,未知,未知,未登记,无,config/数据/来源身份声明补采.json#身份声明[],a2b503bee22e558d2a12983346f4c7750b97234e9839b5dd9f80db0bd3e4c3b1,2be772033a825d5db28b7b4ec5e1ea9930f0b1b0b4d08440e6d7ea2e764aad5b,868cc6255be207b50f3bef0d42ed58c5b1b0b7238ad0b894444b9f915960ad72,未知,b3a1fc5ec72ad95e258b584f936ad46befab951e0ee9e43eaa18179e34974387,无法判定,FILE_STAT_OBSERVED_IDENTITY_UNPROVEN,本批次只读；若声明、输入、Schema或授权漂移，既有结论自动失效并须追加新批次,未读取业务正文、价格、成交、订单簿、账户或凭据；身份字段不完整,为该成员提供当前版本九字段声明及逐字段Schema、授权和唯一证据定位后追加不可变批次,2d50c1344a835ceeb832796935182aeff80bb03cecc5465c8cf3aaccbd446acd,86129966e4bc55fac18f2d7602a2309d4403f85861102128a56a80a5a0ccc1ea,bc9d1ed6c66924f6efcd8cd9afed493e0a7491186a00f6870c52d7b044080b98
source-identity-declaration-20260808T051455+0800-c59753ae5b8f,ZI-01df71cf5d15618f09165f09,DS-000179,候选数据文件,ETH,4小时;8小时;24小时;48小时,15分钟;1小时,未知,未知,未知,未知,未知,未知,未知,未知,未知,未登记,无,config/数据/来源身份声明补采.json#身份声明[],a2b503bee22e558d2a12983346f4c7750b97234e9839b5dd9f80db0bd3e4c3b1,6bc774ebf31ea4bc26f9986dd2196dd92683949fa9b59523e75b9a8d0ed2bf93,ae134fd87eb325ff1438510798ed1539980091594d41393e5108d6130774c51f,未知,b3a1fc5ec72ad95e258b584f936ad46befab951e0ee9e43eaa18179e34974387,无法判定,FILE_STAT_OBSERVED_IDENTITY_UNPROVEN,本批次只读；若声明、输入、Schema或授权漂移，既有结论自动失效并须追加新批次,未读取业务正文、价格、成交、订单簿、账户或凭据；身份字段不完整,为该成员提供当前版本九字段声明及逐字段Schema、授权和唯一证据定位后追加不可变批次,2d50c1344a835ceeb832796935182aeff80bb03cecc5465c8cf3aaccbd446acd,86129966e4bc55fac18f2d7602a2309d4403f85861102128a56a80a5a0ccc1ea,1d1710c66562469ee7713c16f53bc146dc3a45e2e84bc31fba2670588befab9a
source-identity-declaration-20260808T051455+0800-c59753ae5b8f,ZI-c994f122c5cb41e53208de1b,DS-000180,候选数据文件,ETH,4小时;8小时;24小时;48小时,15分钟;1小时,未知,未知,未知,未知,未知,未知,未知,未知,未知,未登记,无,config/数据/来源身份声明补采.json#身份声明[],a2b503bee22e558d2a12983346f4c7750b97234e9839b5dd9f80db0bd3e4c3b1,b6118ed137c406348410af6e4eaeb8261a9eb3235fe2ad89f4ca2a4bea3b0a27,d0b28f9cd3ddf5e79fd34d751e829201730b794b2382c06b43f2f9472e56c758,未知,b3a1fc5ec72ad95e258b584f936ad46befab951e0ee9e43eaa18179e34974387,无法判定,FILE_STAT_OBSERVED_IDENTITY_UNPROVEN,本批次只读；若声明、输入、Schema或授权漂移，既有结论自动失效并须追加新批次,未读取业务正文、价格、成交、订单簿、账户或凭据；身份字段不完整,为该成员提供当前版本九字段声明及逐字段Schema、授权和唯一证据定位后追加不可变批次,2d50c1344a835ceeb832796935182aeff80bb03cecc5465c8cf3aaccbd446acd,86129966e4bc55fac18f2d7602a2309d4403f85861102128a56a80a5a0ccc1ea,69e2f99464e7672cf7310a13fb961439aaa0e2c169205a0a5c3896cb1300e5db
source-identity-declaration-20260808T051455+0800-c59753ae5b8f,ZI-340aadc6892b72580d560fcc,DS-000181,候选数据文件,ETH,4小时;8小时;24小时;48小时,15分钟;1小时,未知,未知,未知,未知,未知,未知,未知,未知,未知,未登记,无,config/数据/来源身份声明补采.json#身份声明[],a2b503bee22e558d2a12983346f4c7750b97234e9839b5dd9f80db0bd3e4c3b1,1fe6ac4a775c05280ed26b8f8853a6ac1a22125ef106286be954feedba32abf5,98cdcabb4d1ed830512e11ce47502ddfc451e75fc72e85453cc9675e01da5d66,未知,b3a1fc5ec72ad95e258b584f936ad46befab951e0ee9e43eaa18179e34974387,无法判定,FILE_STAT_OBSERVED_IDENTITY_UNPROVEN,本批次只读；若声明、输入、Schema或授权漂移，既有结论自动失效并须追加新批次,未读取业务正文、价格、成交、订单簿、账户或凭据；身份字段不完整,为该成员提供当前版本九字段声明及逐字段Schema、授权和唯一证据定位后追加不可变批次,2d50c1344a835ceeb832796935182aeff80bb03cecc5465c8cf3aaccbd446acd,86129966e4bc55fac18f2d7602a2309d4403f85861102128a56a80a5a0ccc1ea,d5836013990d1d4442fed617a2fcb9c6bafdd32bfecdb72fcdf349da742dd209
source-identity-declaration-20260808T051455+0800-c59753ae5b8f,ZI-27719327ee321959786a64cc,DS-000182,候选数据文件,ETH,4小时;8小时;24小时;48小时,15分钟;1小时,未知,未知,未知,未知,未知,未知,未知,未知,未知,未登记,无,config/数据/来源身份声明补采.json#身份声明[],a2b503bee22e558d2a12983346f4c7750b97234e9839b5dd9f80db0bd3e4c3b1,a74ec65bcc7369875747ed975605f401086ff589062f54356d0d9950115c7de9,7113513395262e2987cab046620a1c487f95326b909b339facca75cc82a403e0,未知,b3a1fc5ec72ad95e258b584f936ad46befab951e0ee9e43eaa18179e34974387,无法判定,FILE_STAT_OBSERVED_IDENTITY_UNPROVEN,本批次只读；若声明、输入、Schema或授权漂移，既有结论自动失效并须追加新批次,未读取业务正文、价格、成交、订单簿、账户或凭据；身份字段不完整,为该成员提供当前版本九字段声明及逐字段Schema、授权和唯一证据定位后追加不可变批次,2d50c1344a835ceeb832796935182aeff80bb03cecc5465c8cf3aaccbd446acd,86129966e4bc55fac18f2d7602a2309d4403f85861102128a56a80a5a0ccc1ea,76568ce7aa613c6a5f99462b6a7b5cab20d06d94ced52325517777ad36fa205a
source-identity-declaration-20260808T051455+0800-c59753ae5b8f,ZI-66c7634266889e821b64a714,DS-000183,候选数据文件,ETH,4小时;8小时;24小时;48小时,15分钟;1小时,未知,未知,未知,未知,未知,未知,未知,未知,未知,未登记,无,config/数据/来源身份声明补采.json#身份声明[],a2b503bee22e558d2a12983346f4c7750b97234e9839b5dd9f80db0bd3e4c3b1,5bd5cdb50b22e563541c34884cc493910fe803c5d4b9545de146de4b4433eedb,f139a1df28d33333f0b39af9df014fe4cb5dd89214d2c48a3c23b25ae134670e,未知,b3a1fc5ec72ad95e258b584f936ad46befab951e0ee9e43eaa18179e34974387,无法判定,FILE_STAT_OBSERVED_IDENTITY_UNPROVEN,本批次只读；若声明、输入、Schema或授权漂移，既有结论自动失效并须追加新批次,未读取业务正文、价格、成交、订单簿、账户或凭据；身份字段不完整,为该成员提供当前版本九字段声明及逐字段Schema、授权和唯一证据定位后追加不可变批次,2d50c1344a835ceeb832796935182aeff80bb03cecc5465c8cf3aaccbd446acd,86129966e4bc55fac18f2d7602a2309d4403f85861102128a56a80a5a0ccc1ea,3a46b84fc6300dfd3025e50d1d96802bfe7a80b0435bd2ffdf4b73371974dcf0
source-identity-declaration-20260808T051455+0800-c59753ae5b8f,ZI-706a0d8698d18a257e6cf972,DS-000184,候选数据文件,ETH,4小时;8小时;24小时;48小时,15分钟;1小时,未知,未知,未知,未知,未知,未知,未知,未知,未知,未登记,无,config/数据/来源身份声明补采.json#身份声明[],a2b503bee22e558d2a12983346f4c7750b97234e9839b5dd9f80db0bd3e4c3b1,ae7b53abea94ebb15ee07ac54328eacafce104a7821261b0f92cdc259136945c,5ed710c89dfdbcf20bfcf66dcfb0e5e218596b25f14526eb25ff80338b384b56,未知,b3a1fc5ec72ad95e258b584f936ad46befab951e0ee9e43eaa18179e34974387,无法判定,FILE_STAT_OBSERVED_IDENTITY_UNPROVEN,本批次只读；若声明、输入、Schema或授权漂移，既有结论自动失效并须追加新批次,未读取业务正文、价格、成交、订单簿、账户或凭据；身份字段不完整,为该成员提供当前版本九字段声明及逐字段Schema、授权和唯一证据定位后追加不可变批次,2d50c1344a835ceeb832796935182aeff80bb03cecc5465c8cf3aaccbd446acd,86129966e4bc55fac18f2d7602a2309d4403f85861102128a56a80a5a0ccc1ea,31df2659e38af1158c719878426c3e9f23d03d9acb28d93030fc5a73fbee5e7d
source-identity-declaration-20260808T051455+0800-c59753ae5b8f,ZI-eed15514154813dbfce747b0,DS-000185,候选数据文件,ETH,4小时;8小时;24小时;48小时,15分钟;1小时,未知,未知,未知,未知,未知,未知,未知,未知,未知,未登记,无,config/数据/来源身份声明补采.json#身份声明[],a2b503bee22e558d2a12983346f4c7750b97234e9839b5dd9f80db0bd3e4c3b1,fd66279f71275b9153fd72c7881ea8d8650bb18480b5b4455a1235907ffb7471,570eb1e78de5bd0018fc4de98f569482218371cb55641c1905836f5e63ceaab0,未知,b3a1fc5ec72ad95e258b584f936ad46befab951e0ee9e43eaa18179e34974387,无法判定,FILE_STAT_OBSERVED_IDENTITY_UNPROVEN,本批次只读；若声明、输入、Schema或授权漂移，既有结论自动失效并须追加新批次,未读取业务正文、价格、成交、订单簿、账户或凭据；身份字段不完整,为该成员提供当前版本九字段声明及逐字段Schema、授权和唯一证据定位后追加不可变批次,2d50c1344a835ceeb832796935182aeff80bb03cecc5465c8cf3aaccbd446acd,86129966e4bc55fac18f2d7602a2309d4403f85861102128a56a80a5a0ccc1ea,30d1e3033783f36da179e9b6cf979e302632d1cca933ce40d029c127444240fb
source-identity-declaration-20260808T051455+0800-c59753ae5b8f,ZI-b47b73f341ea052859c4a130,DS-000186,候选数据文件,ETH,4小时;8小时;24小时;48小时,15分钟;1小时,未知,未知,未知,未知,未知,未知,未知,未知,未知,未登记,无,config/数据/来源身份声明补采.json#身份声明[],a2b503bee22e558d2a12983346f4c7750b97234e9839b5dd9f80db0bd3e4c3b1,b4d26c095ff3d7f2930ff2f9f61bb4c04c391bcc99501cadca68b3425f4cdb7b,bb1f5fcda00f6189c36164789480d9330bc6d0949a8660a41de850818eb76f14,未知,b3a1fc5ec72ad95e258b584f936ad46befab951e0ee9e43eaa18179e34974387,无法判定,FILE_STAT_OBSERVED_IDENTITY_UNPROVEN,本批次只读；若声明、输入、Schema或授权漂移，既有结论自动失效并须追加新批次,未读取业务正文、价格、成交、订单簿、账户或凭据；身份字段不完整,为该成员提供当前版本九字段声明及逐字段Schema、授权和唯一证据定位后追加不可变批次,2d50c1344a835ceeb832796935182aeff80bb03cecc5465c8cf3aaccbd446acd,86129966e4bc55fac18f2d7602a2309d4403f85861102128a56a80a5a0ccc1ea,cb416ba76979de09783838b00c0562a5afafb0f49614f1e9a647f00dd5d072a3
source-identity-declaration-20260808T051455+0800-c59753ae5b8f,ZI-91b43df8a264ef34dad28279,DS-000187,候选数据文件,ETH,4小时;8小时;24小时;48小时,15分钟;1小时,未知,未知,未知,未知,未知,未知,未知,未知,未知,未登记,无,config/数据/来源身份声明补采.json#身份声明[],a2b503bee22e558d2a12983346f4c7750b97234e9839b5dd9f80db0bd3e4c3b1,cd6f8b4d93a9e695c2be3af8f0481d412bf7bf2d88fea5ee90dbb3af5a1f185b,9ea6fe96398c6ec81d1318a8520bcf506671a9b78acfe62bb2137d256fdc931d,未知,b3a1fc5ec72ad95e258b584f936ad46befab951e0ee9e43eaa18179e34974387,无法判定,FILE_STAT_OBSERVED_IDENTITY_UNPROVEN,本批次只读；若声明、输入、Schema或授权漂移，既有结论自动失效并须追加新批次,未读取业务正文、价格、成交、订单簿、账户或凭据；身份字段不完整,为该成员提供当前版本九字段声明及逐字段Schema、授权和唯一证据定位后追加不可变批次,2d50c1344a835ceeb832796935182aeff80bb03cecc5465c8cf3aaccbd446acd,86129966e4bc55fac18f2d7602a2309d4403f85861102128a56a80a5a0ccc1ea,df4f939557f409642d81ea8386d14506a2e3973153852d8521dc4b6985e52a99
source-identity-declaration-20260808T051455+0800-c59753ae5b8f,ZI-332d56aec4fb1f76945921fe,DS-000188,候选数据文件,ETH,4小时;8小时;24小时;48小时,15分钟;1小时,未知,未知,未知,未知,未知,未知,未知,未知,未知,未登记,无,config/数据/来源身份声明补采.json#身份声明[],a2b503bee22e558d2a12983346f4c7750b97234e9839b5dd9f80db0bd3e4c3b1,7fd19c744dac05cbd7e434c721348638379f2dea6df0fc204c2eb68a78236231,a6ef6c13e5dfa6e533d59587d672c23b4cb334b2dd320fec2b6806f18f7aee8a,未知,b3a1fc5ec72ad95e258b584f936ad46befab951e0ee9e43eaa18179e34974387,无法判定,FILE_STAT_OBSERVED_IDENTITY_UNPROVEN,本批次只读；若声明、输入、Schema或授权漂移，既有结论自动失效并须追加新批次,未读取业务正文、价格、成交、订单簿、账户或凭据；身份字段不完整,为该成员提供当前版本九字段声明及逐字段Schema、授权和唯一证据定位后追加不可变批次,2d50c1344a835ceeb832796935182aeff80bb03cecc5465c8cf3aaccbd446acd,86129966e4bc55fac18f2d7602a2309d4403f85861102128a56a80a5a0ccc1ea,e30c0abc24b5fced865ad4335bf3dbd10ac389a2f5097b7c75594152cbf59d23
source-identity-declaration-20260808T051455+0800-c59753ae5b8f,ZI-7a08962d936d8d7723ae46e3,DS-000189,候选数据文件,ETH,4小时;8小时;24小时;48小时,15分钟;1小时,未知,未知,未知,未知,未知,未知,未知,未知,未知,未登记,无,config/数据/来源身份声明补采.json#身份声明[],a2b503bee22e558d2a12983346f4c7750b97234e9839b5dd9f80db0bd3e4c3b1,339770b4561a39f6d7d39db2fb133c36bbde7bfa98b6314ed23504c848d49222,ba8c322723debba8f08e024821aa4c9a1bdc5bb11601148bcf19f8d6d20a1694,未知,b3a1fc5ec72ad95e258b584f936ad46befab951e0ee9e43eaa18179e34974387,无法判定,FILE_STAT_OBSERVED_IDENTITY_UNPROVEN,本批次只读；若声明、输入、Schema或授权漂移，既有结论自动失效并须追加新批次,未读取业务正文、价格、成交、订单簿、账户或凭据；身份字段不完整,为该成员提供当前版本九字段声明及逐字段Schema、授权和唯一证据定位后追加不可变批次,2d50c1344a835ceeb832796935182aeff80bb03cecc5465c8cf3aaccbd446acd,86129966e4bc55fac18f2d7602a2309d4403f85861102128a56a80a5a0ccc1ea,50b9f0d41b950693bec140da1e513ce2404be65f55d19a88d1a9a2e95213bca9
source-identity-declaration-20260808T051455+0800-c59753ae5b8f,ZI-d471c3e2f14e8b04a88d102b,DS-000190,候选数据文件,ETH,4小时;8小时;24小时;48小时,15分钟;1小时,未知,未知,未知,未知,未知,未知,未知,未知,未知,未登记,无,config/数据/来源身份声明补采.json#身份声明[],a2b503bee22e558d2a12983346f4c7750b97234e9839b5dd9f80db0bd3e4c3b1,d7136de17556a28b492a1af141d73c1758727a591f4bba3dc8153365fa742189,6910d8fb9d715d62d971c1cfa077b9d9fa6878068e36a51383cf7ea8b1029893,未知,b3a1fc5ec72ad95e258b584f936ad46befab951e0ee9e43eaa18179e34974387,无法判定,FILE_STAT_OBSERVED_IDENTITY_UNPROVEN,本批次只读；若声明、输入、Schema或授权漂移，既有结论自动失效并须追加新批次,未读取业务正文、价格、成交、订单簿、账户或凭据；身份字段不完整,为该成员提供当前版本九字段声明及逐字段Schema、授权和唯一证据定位后追加不可变批次,2d50c1344a835ceeb832796935182aeff80bb03cecc5465c8cf3aaccbd446acd,86129966e4bc55fac18f2d7602a2309d4403f85861102128a56a80a5a0ccc1ea,cc55c085c5758baa2d08da08eed7106fa8cbf9590896055208a3641c43be0161
source-identity-declaration-20260808T051455+0800-c59753ae5b8f,ZI-ca5f657cedbd2e1b8fd02244,DS-000191,候选数据文件,ETH,4小时;8小时;24小时;48小时,15分钟;1小时,未知,未知,未知,未知,未知,未知,未知,未知,未知,未登记,无,config/数据/来源身份声明补采.json#身份声明[],a2b503bee22e558d2a12983346f4c7750b97234e9839b5dd9f80db0bd3e4c3b1,42e7dc84abcc5f0ad802d574fa1a6f66ab422df94f2e029e4500a429f58a7366,a6b1dc47dda80db635f0f368ac3187369b5d0284fe23effd561bbd0676e3d10d,未知,b3a1fc5ec72ad95e258b584f936ad46befab951e0ee9e43eaa18179e34974387,无法判定,FILE_STAT_OBSERVED_IDENTITY_UNPROVEN,本批次只读；若声明、输入、Schema或授权漂移，既有结论自动失效并须追加新批次,未读取业务正文、价格、成交、订单簿、账户或凭据；身份字段不完整,为该成员提供当前版本九字段声明及逐字段Schema、授权和唯一证据定位后追加不可变批次,2d50c1344a835ceeb832796935182aeff80bb03cecc5465c8cf3aaccbd446acd,86129966e4bc55fac18f2d7602a2309d4403f85861102128a56a80a5a0ccc1ea,d561fdb49eca543f3f0e6253b66829a4476800fb508da6066f019b001b3eb1d8
source-identity-declaration-20260808T051455+0800-c59753ae5b8f,ZI-354ae6c4905e3db448577187,DS-000192,候选数据文件,ETH,4小时;8小时;24小时;48小时,15分钟;1小时,未知,未知,未知,未知,未知,未知,未知,未知,未知,未登记,无,config/数据/来源身份声明补采.json#身份声明[],a2b503bee22e558d2a12983346f4c7750b97234e9839b5dd9f80db0bd3e4c3b1,0b63bbb25476f3c1a13d3453831e1a313715dd619c895cf6ee0995cac04a71b7,77ad296a05d96b45f6631486ce323785d01df717cae592199cc3e92b769d66cf,未知,b3a1fc5ec72ad95e258b584f936ad46befab951e0ee9e43eaa18179e34974387,拒绝,INPUT_MEMBER_REJECTED,本批次只读；若声明、输入、Schema或授权漂移，既有结论自动失效并须追加新批次,未读取业务正文、价格、成交、订单簿、账户或凭据；身份字段不完整,为该成员提供当前版本九字段声明及逐字段Schema、授权和唯一证据定位后追加不可变批次,2d50c1344a835ceeb832796935182aeff80bb03cecc5465c8cf3aaccbd446acd,86129966e4bc55fac18f2d7602a2309d4403f85861102128a56a80a5a0ccc1ea,572941d524d4a2b0a4648962fa56bca4ca2b15889d2a4a4c460ca6736fa65d9f
source-identity-declaration-20260808T051455+0800-c59753ae5b8f,ZI-d1bb187785d14529961e7f3f,DS-000193,候选数据文件,ETH,4小时;8小时;24小时;48小时,15分钟;1小时,未知,未知,未知,未知,未知,未知,未知,未知,未知,未登记,无,config/数据/来源身份声明补采.json#身份声明[],a2b503bee22e558d2a12983346f4c7750b97234e9839b5dd9f80db0bd3e4c3b1,c7f0e941a62184b5da31ad822c95d8912302c67a9b7954a1cc0b890d47bdf708,ddc66db46b0a617e4c1399838801946648a6dfefbf0fa0906ff6e87d2b06898d,未知,b3a1fc5ec72ad95e258b584f936ad46befab951e0ee9e43eaa18179e34974387,无法判定,FILE_STAT_OBSERVED_IDENTITY_UNPROVEN,本批次只读；若声明、输入、Schema或授权漂移，既有结论自动失效并须追加新批次,未读取业务正文、价格、成交、订单簿、账户或凭据；身份字段不完整,为该成员提供当前版本九字段声明及逐字段Schema、授权和唯一证据定位后追加不可变批次,2d50c1344a835ceeb832796935182aeff80bb03cecc5465c8cf3aaccbd446acd,86129966e4bc55fac18f2d7602a2309d4403f85861102128a56a80a5a0ccc1ea,7e58f5950152307bc9d33f875fc01a38329a54f57eca0ff9683bbea109f21bab
source-identity-declaration-20260808T051455+0800-c59753ae5b8f,ZI-6f3802d826442d0412d2aa81,DS-000194,候选数据文件,ETH,4小时;8小时;24小时;48小时,15分钟;1小时,未知,未知,未知,未知,未知,未知,未知,未知,未知,未登记,无,config/数据/来源身份声明补采.json#身份声明[],a2b503bee22e558d2a12983346f4c7750b97234e9839b5dd9f80db0bd3e4c3b1,62a9e8386448401b0df0012d85c2a2bee4cf6abfa56d187620f9414875fd792c,68eb28dee87640862574de295a45d8a098337bb45802223b841553864359bb56,未知,b3a1fc5ec72ad95e258b584f936ad46befab951e0ee9e43eaa18179e34974387,拒绝,INPUT_MEMBER_REJECTED,本批次只读；若声明、输入、Schema或授权漂移，既有结论自动失效并须追加新批次,未读取业务正文、价格、成交、订单簿、账户或凭据；身份字段不完整,为该成员提供当前版本九字段声明及逐字段Schema、授权和唯一证据定位后追加不可变批次,2d50c1344a835ceeb832796935182aeff80bb03cecc5465c8cf3aaccbd446acd,86129966e4bc55fac18f2d7602a2309d4403f85861102128a56a80a5a0ccc1ea,55cce9a9392b22f387c4f0cb96cd00f61cea943d797d6e3bab07f498c06f1657
source-identity-declaration-20260808T051455+0800-c59753ae5b8f,ZI-e1794e82c705701b73c83cb1,DS-000195,候选数据文件,ETH,4小时;8小时;24小时;48小时,15分钟;1小时,未知,未知,未知,未知,未知,未知,未知,未知,未知,未登记,无,config/数据/来源身份声明补采.json#身份声明[],a2b503bee22e558d2a12983346f4c7750b97234e9839b5dd9f80db0bd3e4c3b1,9e8f5648706c28594bb13be22bf74a43c6685db3eb0af8963881d94c1fb33090,9e3df7fcde6a416c14ad2f3385cc8a95fb4a60267d036f9a4e620d68bff6d10f,未知,b3a1fc5ec72ad95e258b584f936ad46befab951e0ee9e43eaa18179e34974387,无法判定,FILE_STAT_OBSERVED_IDENTITY_UNPROVEN,本批次只读；若声明、输入、Schema或授权漂移，既有结论自动失效并须追加新批次,未读取业务正文、价格、成交、订单簿、账户或凭据；身份字段不完整,为该成员提供当前版本九字段声明及逐字段Schema、授权和唯一证据定位后追加不可变批次,2d50c1344a835ceeb832796935182aeff80bb03cecc5465c8cf3aaccbd446acd,86129966e4bc55fac18f2d7602a2309d4403f85861102128a56a80a5a0ccc1ea,07b5c7b83fbe9f9a65fa1f487bbdeafc42f320c6b8a7816aac24718fb61033d2
source-identity-declaration-20260808T051455+0800-c59753ae5b8f,ZI-3f3df114d327035876c6e2c5,DS-000196,候选数据文件,ETH,4小时;8小时;24小时;48小时,15分钟;1小时,未知,未知,未知,未知,未知,未知,未知,未知,未知,未登记,无,config/数据/来源身份声明补采.json#身份声明[],a2b503bee22e558d2a12983346f4c7750b97234e9839b5dd9f80db0bd3e4c3b1,3302ef2c1af90e5188fec4871d9bc2a0b2f9649c1b92196be6c3cd882676ce67,e6157d59b9196789cd25c9701501043bb00ef014649356a10e16259596fb4709,未知,b3a1fc5ec72ad95e258b584f936ad46befab951e0ee9e43eaa18179e34974387,无法判定,FILE_STAT_OBSERVED_IDENTITY_UNPROVEN,本批次只读；若声明、输入、Schema或授权漂移，既有结论自动失效并须追加新批次,未读取业务正文、价格、成交、订单簿、账户或凭据；身份字段不完整,为该成员提供当前版本九字段声明及逐字段Schema、授权和唯一证据定位后追加不可变批次,2d50c1344a835ceeb832796935182aeff80bb03cecc5465c8cf3aaccbd446acd,86129966e4bc55fac18f2d7602a2309d4403f85861102128a56a80a5a0ccc1ea,40940c37e101e3ea6358d2f58922c58c14961ff7e577907e1e1e74b14616144b
source-identity-declaration-20260808T051455+0800-c59753ae5b8f,ZI-19137f1f87be3d200089316b,DS-000197,候选数据文件,ETH,4小时;8小时;24小时;48小时,15分钟;1小时,未知,未知,未知,未知,未知,未知,未知,未知,未知,未登记,无,config/数据/来源身份声明补采.json#身份声明[],a2b503bee22e558d2a12983346f4c7750b97234e9839b5dd9f80db0bd3e4c3b1,bfc42bc0d8152ba416024f1c92821247641bfebdacf6b68020d7b23caf8bcf1d,a8a1fedf04743df7d4306f8ab802cc9f585ad95bb3a1859b581b08e07f21b491,未知,b3a1fc5ec72ad95e258b584f936ad46befab951e0ee9e43eaa18179e34974387,无法判定,FILE_STAT_OBSERVED_IDENTITY_UNPROVEN,本批次只读；若声明、输入、Schema或授权漂移，既有结论自动失效并须追加新批次,未读取业务正文、价格、成交、订单簿、账户或凭据；身份字段不完整,为该成员提供当前版本九字段声明及逐字段Schema、授权和唯一证据定位后追加不可变批次,2d50c1344a835ceeb832796935182aeff80bb03cecc5465c8cf3aaccbd446acd,86129966e4bc55fac18f2d7602a2309d4403f85861102128a56a80a5a0ccc1ea,49765843d5c7a0f80a3b1d873d011cd91029b431deaeb532c69b514165f670de
source-identity-declaration-20260808T051455+0800-c59753ae5b8f,ZI-80af384d1f7e36ec07c65427,DS-000198,候选数据文件,ETH,4小时;8小时;24小时;48小时,15分钟;1小时,未知,未知,未知,未知,未知,未知,未知,未知,未知,未登记,无,config/数据/来源身份声明补采.json#身份声明[],a2b503bee22e558d2a12983346f4c7750b97234e9839b5dd9f80db0bd3e4c3b1,e91a693c10215586182fb841338a4f6446ac050e791e472e1cf048244d99abd4,8dcbf3ed5b60fa730bdf830643d41a04e45e08e42af3c50b780c3bff6cf54e55,未知,b3a1fc5ec72ad95e258b584f936ad46befab951e0ee9e43eaa18179e34974387,无法判定,FILE_STAT_OBSERVED_IDENTITY_UNPROVEN,本批次只读；若声明、输入、Schema或授权漂移，既有结论自动失效并须追加新批次,未读取业务正文、价格、成交、订单簿、账户或凭据；身份字段不完整,为该成员提供当前版本九字段声明及逐字段Schema、授权和唯一证据定位后追加不可变批次,2d50c1344a835ceeb832796935182aeff80bb03cecc5465c8cf3aaccbd446acd,86129966e4bc55fac18f2d7602a2309d4403f85861102128a56a80a5a0ccc1ea,f4a741defd49fb5eeb594dab593520bf9658eddbfe7fe0c5713b4b115ec09e16
source-identity-declaration-20260808T051455+0800-c59753ae5b8f,ZI-5b12f1080c2c2012be1a896a,DS-000199,候选数据文件,ETH,4小时;8小时;24小时;48小时,15分钟;1小时,未知,未知,未知,未知,未知,未知,未知,未知,未知,未登记,无,config/数据/来源身份声明补采.json#身份声明[],a2b503bee22e558d2a12983346f4c7750b97234e9839b5dd9f80db0bd3e4c3b1,9b483598e61c912f16425f2781345539481dc82d607aac2cba73462d89bd674b,72b527c4562ab1d34e9c9be2a4cfceffb42758e4fbf892ad7e8c0a54baab42de,未知,b3a1fc5ec72ad95e258b584f936ad46befab951e0ee9e43eaa18179e34974387,无法判定,FILE_STAT_OBSERVED_IDENTITY_UNPROVEN,本批次只读；若声明、输入、Schema或授权漂移，既有结论自动失效并须追加新批次,未读取业务正文、价格、成交、订单簿、账户或凭据；身份字段不完整,为该成员提供当前版本九字段声明及逐字段Schema、授权和唯一证据定位后追加不可变批次,2d50c1344a835ceeb832796935182aeff80bb03cecc5465c8cf3aaccbd446acd,86129966e4bc55fac18f2d7602a2309d4403f85861102128a56a80a5a0ccc1ea,959b3693947f42575418a6d0b4c359ddc1114ad9f01b3a2a815a4e715fbaaf0d
source-identity-declaration-20260808T051455+0800-c59753ae5b8f,ZI-e77ad70ccd2cdeb42c394004,DS-000200,候选数据文件,ETH,4小时;8小时;24小时;48小时,15分钟;1小时,未知,未知,未知,未知,未知,未知,未知,未知,未知,未登记,无,config/数据/来源身份声明补采.json#身份声明[],a2b503bee22e558d2a12983346f4c7750b97234e9839b5dd9f80db0bd3e4c3b1,e80dcd17c2945c774e10bbdd99ee8807d9c0889a7aa945dff67b835761d325e1,4aa53dfec9df9610da8d7bfc3d66440053ecefc2015c01103d66bb3378abc3c8,未知,b3a1fc5ec72ad95e258b584f936ad46befab951e0ee9e43eaa18179e34974387,无法判定,FILE_STAT_OBSERVED_IDENTITY_UNPROVEN,本批次只读；若声明、输入、Schema或授权漂移，既有结论自动失效并须追加新批次,未读取业务正文、价格、成交、订单簿、账户或凭据；身份字段不完整,为该成员提供当前版本九字段声明及逐字段Schema、授权和唯一证据定位后追加不可变批次,2d50c1344a835ceeb832796935182aeff80bb03cecc5465c8cf3aaccbd446acd,86129966e4bc55fac18f2d7602a2309d4403f85861102128a56a80a5a0ccc1ea,9548d05c2a17ac8bea041c647c0c1e556a4aaf89cda859a33f2b61598d7edbfe
source-identity-declaration-20260808T051455+0800-c59753ae5b8f,ZI-e5c1417e81aca9c453033647,DS-000201,候选数据文件,ETH,4小时;8小时;24小时;48小时,15分钟;1小时,未知,未知,未知,未知,未知,未知,未知,未知,未知,未登记,无,config/数据/来源身份声明补采.json#身份声明[],a2b503bee22e558d2a12983346f4c7750b97234e9839b5dd9f80db0bd3e4c3b1,49981dce25f37ed42652b06b919f6933838ff3f5dde0c19b596d799b6865cebd,3891e003c78725e69f75c68b81d1f532b40cf91154ae84eb4f5284cf56ba3099,未知,b3a1fc5ec72ad95e258b584f936ad46befab951e0ee9e43eaa18179e34974387,无法判定,FILE_STAT_OBSERVED_IDENTITY_UNPROVEN,本批次只读；若声明、输入、Schema或授权漂移，既有结论自动失效并须追加新批次,未读取业务正文、价格、成交、订单簿、账户或凭据；身份字段不完整,为该成员提供当前版本九字段声明及逐字段Schema、授权和唯一证据定位后追加不可变批次,2d50c1344a835ceeb832796935182aeff80bb03cecc5465c8cf3aaccbd446acd,86129966e4bc55fac18f2d7602a2309d4403f85861102128a56a80a5a0ccc1ea,3dc52bad3136af9866accaaca739694917f88e04a6160967aaed37953ad3203d
source-identity-declaration-20260808T051455+0800-c59753ae5b8f,ZI-d66834912672a4e2529dbcd7,DS-000202,候选数据文件,ETH,4小时;8小时;24小时;48小时,15分钟;1小时,未知,未知,未知,未知,未知,未知,未知,未知,未知,未登记,无,config/数据/来源身份声明补采.json#身份声明[],a2b503bee22e558d2a12983346f4c7750b97234e9839b5dd9f80db0bd3e4c3b1,af6c149cc7e8aff483d571b31555d0d079734bd55eb11d9cf2e19fa32a765aca,a7e41a97d340e7df672e7bb9bfcd0e7d0a623cb69e7afd0812205373ddd5899d,未知,b3a1fc5ec72ad95e258b584f936ad46befab951e0ee9e43eaa18179e34974387,无法判定,FILE_STAT_OBSERVED_IDENTITY_UNPROVEN,本批次只读；若声明、输入、Schema或授权漂移，既有结论自动失效并须追加新批次,未读取业务正文、价格、成交、订单簿、账户或凭据；身份字段不完整,为该成员提供当前版本九字段声明及逐字段Schema、授权和唯一证据定位后追加不可变批次,2d50c1344a835ceeb832796935182aeff80bb03cecc5465c8cf3aaccbd446acd,86129966e4bc55fac18f2d7602a2309d4403f85861102128a56a80a5a0ccc1ea,dfc55b971175c7466a313d634ca95e7280ee62235984f1fb0df393032aaf7f8a
source-identity-declaration-20260808T051455+0800-c59753ae5b8f,ZI-0ac78046b4728bc089499fc7,DS-000203,候选数据文件,ETH,4小时;8小时;24小时;48小时,15分钟;1小时,未知,未知,未知,未知,未知,未知,未知,未知,未知,未登记,无,config/数据/来源身份声明补采.json#身份声明[],a2b503bee22e558d2a12983346f4c7750b97234e9839b5dd9f80db0bd3e4c3b1,4dcd4726cf5e37a543aed51c650186f864a264324396a79ba6fc6702b04aca60,47c0fd0e195494b87d8be0540fbe1d2a7d7acc231f4b421c98d23d7b224c315d,未知,b3a1fc5ec72ad95e258b584f936ad46befab951e0ee9e43eaa18179e34974387,无法判定,FILE_STAT_OBSERVED_IDENTITY_UNPROVEN,本批次只读；若声明、输入、Schema或授权漂移，既有结论自动失效并须追加新批次,未读取业务正文、价格、成交、订单簿、账户或凭据；身份字段不完整,为该成员提供当前版本九字段声明及逐字段Schema、授权和唯一证据定位后追加不可变批次,2d50c1344a835ceeb832796935182aeff80bb03cecc5465c8cf3aaccbd446acd,86129966e4bc55fac18f2d7602a2309d4403f85861102128a56a80a5a0ccc1ea,854a97d3878a0552a8b27f35e81a0898445f3da4c632af2590beaa740394bd83
source-identity-declaration-20260808T051455+0800-c59753ae5b8f,ZI-e3f8d3f88205af4edaf439ef,DS-000204,候选数据文件,ETH,4小时;8小时;24小时;48小时,15分钟;1小时,未知,未知,未知,未知,未知,未知,未知,未知,未知,未登记,无,config/数据/来源身份声明补采.json#身份声明[],a2b503bee22e558d2a12983346f4c7750b97234e9839b5dd9f80db0bd3e4c3b1,60e872660b08823c99e2e04926f5c739275e934bce8e6799ed48f867fc114da3,d78f1937dcd6fe7103be51d4bff7c53a455ad468113fde974e5b718883ef45f3,未知,b3a1fc5ec72ad95e258b584f936ad46befab951e0ee9e43eaa18179e34974387,无法判定,FILE_STAT_OBSERVED_IDENTITY_UNPROVEN,本批次只读；若声明、输入、Schema或授权漂移，既有结论自动失效并须追加新批次,未读取业务正文、价格、成交、订单簿、账户或凭据；身份字段不完整,为该成员提供当前版本九字段声明及逐字段Schema、授权和唯一证据定位后追加不可变批次,2d50c1344a835ceeb832796935182aeff80bb03cecc5465c8cf3aaccbd446acd,86129966e4bc55fac18f2d7602a2309d4403f85861102128a56a80a5a0ccc1ea,5d6b57427ff069501d59c2397d8c6d828b481382c9dab31a4e7a37c879ec0a41
source-identity-declaration-20260808T051455+0800-c59753ae5b8f,ZI-dc9e6a5027261094522801f5,DS-000205,候选数据文件,ETH,4小时;8小时;24小时;48小时,15分钟;1小时,未知,未知,未知,未知,未知,未知,未知,未知,未知,未登记,无,config/数据/来源身份声明补采.json#身份声明[],a2b503bee22e558d2a12983346f4c7750b97234e9839b5dd9f80db0bd3e4c3b1,357e287ee3ae9a9b3f35b6b4e036478848a3cb3659bc68f18d20dfc26f7fd580,d22196b16c3edaa28138846ff39a68c88f5c0c40804d6f69d0f0652d9b0963d8,未知,b3a1fc5ec72ad95e258b584f936ad46befab951e0ee9e43eaa18179e34974387,无法判定,FILE_STAT_OBSERVED_IDENTITY_UNPROVEN,本批次只读；若声明、输入、Schema或授权漂移，既有结论自动失效并须追加新批次,未读取业务正文、价格、成交、订单簿、账户或凭据；身份字段不完整,为该成员提供当前版本九字段声明及逐字段Schema、授权和唯一证据定位后追加不可变批次,2d50c1344a835ceeb832796935182aeff80bb03cecc5465c8cf3aaccbd446acd,86129966e4bc55fac18f2d7602a2309d4403f85861102128a56a80a5a0ccc1ea,fd7836368d1cc6cc5e5f3c4c91604ba9ebce999b5e4928237ca25cd6e9b2ea29
source-identity-declaration-20260808T051455+0800-c59753ae5b8f,ZI-39e668d49c271470ea63fde5,DS-000206,候选数据文件,ETH,4小时;8小时;24小时;48小时,15分钟;1小时,未知,未知,未知,未知,未知,未知,未知,未知,未知,未登记,无,config/数据/来源身份声明补采.json#身份声明[],a2b503bee22e558d2a12983346f4c7750b97234e9839b5dd9f80db0bd3e4c3b1,4cd28c8e4c99a20a90332d2c80d3b371450fd362414938588e0d0de5ad3840d2,acfd9a96ff1bb4381dbfeccf8158f1936393dc5173ba8038529e3364f7c7a171,未知,b3a1fc5ec72ad95e258b584f936ad46befab951e0ee9e43eaa18179e34974387,无法判定,FILE_STAT_OBSERVED_IDENTITY_UNPROVEN,本批次只读；若声明、输入、Schema或授权漂移，既有结论自动失效并须追加新批次,未读取业务正文、价格、成交、订单簿、账户或凭据；身份字段不完整,为该成员提供当前版本九字段声明及逐字段Schema、授权和唯一证据定位后追加不可变批次,2d50c1344a835ceeb832796935182aeff80bb03cecc5465c8cf3aaccbd446acd,86129966e4bc55fac18f2d7602a2309d4403f85861102128a56a80a5a0ccc1ea,791edafd6a3bc54cb49de6cc5ff1c8ba6f864b1c807a123e155e05cdf6efcfd8
source-identity-declaration-20260808T051455+0800-c59753ae5b8f,ZI-e6336b5c74a9200b20bce7e1,DS-000207,候选数据文件,ETH,4小时;8小时;24小时;48小时,15分钟;1小时,未知,未知,未知,未知,未知,未知,未知,未知,未知,未登记,无,config/数据/来源身份声明补采.json#身份声明[],a2b503bee22e558d2a12983346f4c7750b97234e9839b5dd9f80db0bd3e4c3b1,2862c9267898c9d6737d4fc1b5ced6613c04c9e243fb77d4d93db30b2e8f8ad8,81ed54bcab59ed60f0262b4a4365e8bbb4c5475811bcb229bedb2e58498d371d,未知,b3a1fc5ec72ad95e258b584f936ad46befab951e0ee9e43eaa18179e34974387,无法判定,FILE_STAT_OBSERVED_IDENTITY_UNPROVEN,本批次只读；若声明、输入、Schema或授权漂移，既有结论自动失效并须追加新批次,未读取业务正文、价格、成交、订单簿、账户或凭据；身份字段不完整,为该成员提供当前版本九字段声明及逐字段Schema、授权和唯一证据定位后追加不可变批次,2d50c1344a835ceeb832796935182aeff80bb03cecc5465c8cf3aaccbd446acd,86129966e4bc55fac18f2d7602a2309d4403f85861102128a56a80a5a0ccc1ea,fe796ff4eaf16a2623b1b91cf70a54c4aa092eb3d57f70fd578466fac3bb0558
source-identity-declaration-20260808T051455+0800-c59753ae5b8f,ZI-67bf3674d8c4e2d9f884e729,DS-000208,候选数据文件,ETH,4小时;8小时;24小时;48小时,15分钟;1小时,未知,未知,未知,未知,未知,未知,未知,未知,未知,未登记,无,config/数据/来源身份声明补采.json#身份声明[],a2b503bee22e558d2a12983346f4c7750b97234e9839b5dd9f80db0bd3e4c3b1,fe9e7608a4eb061f5652be539fe800c731c30c5e369f84a49850cf73b997ae50,9b84f87a1dedc394f11562511ac0593d3698ba920f79e13b925545e9b7477423,未知,b3a1fc5ec72ad95e258b584f936ad46befab951e0ee9e43eaa18179e34974387,无法判定,FILE_STAT_OBSERVED_IDENTITY_UNPROVEN,本批次只读；若声明、输入、Schema或授权漂移，既有结论自动失效并须追加新批次,未读取业务正文、价格、成交、订单簿、账户或凭据；身份字段不完整,为该成员提供当前版本九字段声明及逐字段Schema、授权和唯一证据定位后追加不可变批次,2d50c1344a835ceeb832796935182aeff80bb03cecc5465c8cf3aaccbd446acd,86129966e4bc55fac18f2d7602a2309d4403f85861102128a56a80a5a0ccc1ea,86736494783f712c13174634a5703a24dd564fad36c852e8014889e61efd21d4
source-identity-declaration-20260808T051455+0800-c59753ae5b8f,ZI-bf318ff33e056cae7780888f,DS-000209,候选数据文件,ETH,4小时;8小时;24小时;48小时,15分钟;1小时,未知,未知,未知,未知,未知,未知,未知,未知,未知,未登记,无,config/数据/来源身份声明补采.json#身份声明[],a2b503bee22e558d2a12983346f4c7750b97234e9839b5dd9f80db0bd3e4c3b1,2d90d65ec9a02a4e23e09313281406cd378c2eaadb3a19a9f1c4ba89d57b523a,16a1140e39ad3c51a489be6106c8ba9593779ed971fa88b4d8aceb3f4623b45a,未知,b3a1fc5ec72ad95e258b584f936ad46befab951e0ee9e43eaa18179e34974387,无法判定,FILE_STAT_OBSERVED_IDENTITY_UNPROVEN,本批次只读；若声明、输入、Schema或授权漂移，既有结论自动失效并须追加新批次,未读取业务正文、价格、成交、订单簿、账户或凭据；身份字段不完整,为该成员提供当前版本九字段声明及逐字段Schema、授权和唯一证据定位后追加不可变批次,2d50c1344a835ceeb832796935182aeff80bb03cecc5465c8cf3aaccbd446acd,86129966e4bc55fac18f2d7602a2309d4403f85861102128a56a80a5a0ccc1ea,a0faa3f4fbd508b5b2863d33bb39b22b7bc006c4d18781d46e061cc30a8d208a
source-identity-declaration-20260808T051455+0800-c59753ae5b8f,ZI-9bf3456766012c7fa289b73a,DS-000210,候选数据文件,ETH,4小时;8小时;24小时;48小时,15分钟;1小时,未知,未知,未知,未知,未知,未知,未知,未知,未知,未登记,无,config/数据/来源身份声明补采.json#身份声明[],a2b503bee22e558d2a12983346f4c7750b97234e9839b5dd9f80db0bd3e4c3b1,1673f3d2d5e26882002c3ff908463abce1fdfb4a795443a152f6b85a43fb3f07,e4628d31187ff75bd98b22dd5047c3aea0e8e096324d40cda8f35094b30c9013,未知,b3a1fc5ec72ad95e258b584f936ad46befab951e0ee9e43eaa18179e34974387,无法判定,FILE_STAT_OBSERVED_IDENTITY_UNPROVEN,本批次只读；若声明、输入、Schema或授权漂移，既有结论自动失效并须追加新批次,未读取业务正文、价格、成交、订单簿、账户或凭据；身份字段不完整,为该成员提供当前版本九字段声明及逐字段Schema、授权和唯一证据定位后追加不可变批次,2d50c1344a835ceeb832796935182aeff80bb03cecc5465c8cf3aaccbd446acd,86129966e4bc55fac18f2d7602a2309d4403f85861102128a56a80a5a0ccc1ea,65747095612120b937e5d5147e6e62840df94c1694af4925c6039d287959980c
source-identity-declaration-20260808T051455+0800-c59753ae5b8f,ZI-bf36c5f09b92ec27587054c0,DS-000211,候选数据文件,ETH,4小时;8小时;24小时;48小时,15分钟;1小时,未知,未知,未知,未知,未知,未知,未知,未知,未知,未登记,无,config/数据/来源身份声明补采.json#身份声明[],a2b503bee22e558d2a12983346f4c7750b97234e9839b5dd9f80db0bd3e4c3b1,1f7e7cf555344a7206d8962dde3c7fb9c95f36713b307b7c1e758ad6556bd5a8,a1c268d08407573cface32bceab6379292b01d0579981f5df06ccede609d20a1,未知,b3a1fc5ec72ad95e258b584f936ad46befab951e0ee9e43eaa18179e34974387,无法判定,FILE_STAT_OBSERVED_IDENTITY_UNPROVEN,本批次只读；若声明、输入、Schema或授权漂移，既有结论自动失效并须追加新批次,未读取业务正文、价格、成交、订单簿、账户或凭据；身份字段不完整,为该成员提供当前版本九字段声明及逐字段Schema、授权和唯一证据定位后追加不可变批次,2d50c1344a835ceeb832796935182aeff80bb03cecc5465c8cf3aaccbd446acd,86129966e4bc55fac18f2d7602a2309d4403f85861102128a56a80a5a0ccc1ea,760c7554ee3547ae559851ce0862e1adf35f5e1ab8d37f602bd77ef69f54e1aa
source-identity-declaration-20260808T051455+0800-c59753ae5b8f,ZI-3e5b6d24bf74d09e00f206d2,DS-000212,候选数据文件,ETH,4小时;8小时;24小时;48小时,15分钟;1小时,未知,未知,未知,未知,未知,未知,未知,未知,未知,未登记,无,config/数据/来源身份声明补采.json#身份声明[],a2b503bee22e558d2a12983346f4c7750b97234e9839b5dd9f80db0bd3e4c3b1,d8c78a0148f6abdd19f4a621d6c52ca485dd38012b2c028f70904050efa3275d,37596e6844008a9aa7ff046e5fbdcb00e924cf146b6fe95fbb2822dda3b97dd0,未知,b3a1fc5ec72ad95e258b584f936ad46befab951e0ee9e43eaa18179e34974387,无法判定,FILE_STAT_OBSERVED_IDENTITY_UNPROVEN,本批次只读；若声明、输入、Schema或授权漂移，既有结论自动失效并须追加新批次,未读取业务正文、价格、成交、订单簿、账户或凭据；身份字段不完整,为该成员提供当前版本九字段声明及逐字段Schema、授权和唯一证据定位后追加不可变批次,2d50c1344a835ceeb832796935182aeff80bb03cecc5465c8cf3aaccbd446acd,86129966e4bc55fac18f2d7602a2309d4403f85861102128a56a80a5a0ccc1ea,9f955c478e748405c3b2b4d507bf65e3ef342d8f8f50c839962ac1337d852c33
source-identity-declaration-20260808T051455+0800-c59753ae5b8f,ZI-a63d16fb4ec4d09959677754,DS-000213,候选数据文件,ETH,4小时;8小时;24小时;48小时,15分钟;1小时,未知,未知,未知,未知,未知,未知,未知,未知,未知,未登记,无,config/数据/来源身份声明补采.json#身份声明[],a2b503bee22e558d2a12983346f4c7750b97234e9839b5dd9f80db0bd3e4c3b1,49da7771a94025e16bceaf06d99d368bb69fc9f0b30773ef78fd195b2647f3cc,d89240428d281b5dfce7b304dbee0ea74ded4f6e36cfa826a995d02f960d1345,未知,b3a1fc5ec72ad95e258b584f936ad46befab951e0ee9e43eaa18179e34974387,无法判定,FILE_STAT_OBSERVED_IDENTITY_UNPROVEN,本批次只读；若声明、输入、Schema或授权漂移，既有结论自动失效并须追加新批次,未读取业务正文、价格、成交、订单簿、账户或凭据；身份字段不完整,为该成员提供当前版本九字段声明及逐字段Schema、授权和唯一证据定位后追加不可变批次,2d50c1344a835ceeb832796935182aeff80bb03cecc5465c8cf3aaccbd446acd,86129966e4bc55fac18f2d7602a2309d4403f85861102128a56a80a5a0ccc1ea,755e6446d7fcaaa5eca9baec8c6053783c527a9d212f0daf0df9bfc5cc85b9cd
source-identity-declaration-20260808T051455+0800-c59753ae5b8f,ZI-46ace9e7b562d73bf90102ac,DS-000214,候选数据文件,ETH,4小时;8小时;24小时;48小时,15分钟;1小时,未知,未知,未知,未知,未知,未知,未知,未知,未知,未登记,无,config/数据/来源身份声明补采.json#身份声明[],a2b503bee22e558d2a12983346f4c7750b97234e9839b5dd9f80db0bd3e4c3b1,4b7ef458a831e58978149d25819f70ca44d5a7ab56c24620e2b5e199ddfa8457,138c8152fe7932c04516a7547f92731a5d1a3889fa6a5f2311da04ff6aa7b016,未知,b3a1fc5ec72ad95e258b584f936ad46befab951e0ee9e43eaa18179e34974387,无法判定,FILE_STAT_OBSERVED_IDENTITY_UNPROVEN,本批次只读；若声明、输入、Schema或授权漂移，既有结论自动失效并须追加新批次,未读取业务正文、价格、成交、订单簿、账户或凭据；身份字段不完整,为该成员提供当前版本九字段声明及逐字段Schema、授权和唯一证据定位后追加不可变批次,2d50c1344a835ceeb832796935182aeff80bb03cecc5465c8cf3aaccbd446acd,86129966e4bc55fac18f2d7602a2309d4403f85861102128a56a80a5a0ccc1ea,e517f3d5134ac5d69e8148337c8b11215d77c08440951be4c1c8d2f4ba80aa26
source-identity-declaration-20260808T051455+0800-c59753ae5b8f,ZI-4bf648fae65088717c965e1f,DS-000215,候选数据文件,ETH,4小时;8小时;24小时;48小时,15分钟;1小时,未知,未知,未知,未知,未知,未知,未知,未知,未知,未登记,无,config/数据/来源身份声明补采.json#身份声明[],a2b503bee22e558d2a12983346f4c7750b97234e9839b5dd9f80db0bd3e4c3b1,c8e071231ebbdfc3fd675eb141e1efc29ba7a13e91e9254f9c3cc1ef9495c2c2,7230b1aa75860eaded6c148481fe00881d2ec25cc8ba7a9a50d7cbc899a4985a,未知,b3a1fc5ec72ad95e258b584f936ad46befab951e0ee9e43eaa18179e34974387,无法判定,FILE_STAT_OBSERVED_IDENTITY_UNPROVEN,本批次只读；若声明、输入、Schema或授权漂移，既有结论自动失效并须追加新批次,未读取业务正文、价格、成交、订单簿、账户或凭据；身份字段不完整,为该成员提供当前版本九字段声明及逐字段Schema、授权和唯一证据定位后追加不可变批次,2d50c1344a835ceeb832796935182aeff80bb03cecc5465c8cf3aaccbd446acd,86129966e4bc55fac18f2d7602a2309d4403f85861102128a56a80a5a0ccc1ea,0ccaee3e996a71fddc5d8ff559ffa05f7416b49e8b03aa1bb8f2b7fd295d2a57
source-identity-declaration-20260808T051455+0800-c59753ae5b8f,ZI-aa7e8af4e975d61b2ca3fb4f,DS-000216,候选数据文件,ETH,4小时;8小时;24小时;48小时,15分钟;1小时,未知,未知,未知,未知,未知,未知,未知,未知,未知,未登记,无,config/数据/来源身份声明补采.json#身份声明[],a2b503bee22e558d2a12983346f4c7750b97234e9839b5dd9f80db0bd3e4c3b1,17cb50cc3c65f508fb921ef26b8f5306a43dab9610337cf613631b5df89e8e5d,6627553473a3965b483ccc0f8839a72133b53c3c91b720d46d5d7031c81fe67c,未知,b3a1fc5ec72ad95e258b584f936ad46befab951e0ee9e43eaa18179e34974387,无法判定,FILE_STAT_OBSERVED_IDENTITY_UNPROVEN,本批次只读；若声明、输入、Schema或授权漂移，既有结论自动失效并须追加新批次,未读取业务正文、价格、成交、订单簿、账户或凭据；身份字段不完整,为该成员提供当前版本九字段声明及逐字段Schema、授权和唯一证据定位后追加不可变批次,2d50c1344a835ceeb832796935182aeff80bb03cecc5465c8cf3aaccbd446acd,86129966e4bc55fac18f2d7602a2309d4403f85861102128a56a80a5a0ccc1ea,bc21e9c4447bca9439a7776687224bac090769c0bae73556e387f0306d49243c
source-identity-declaration-20260808T051455+0800-c59753ae5b8f,ZI-87449cb81b7b3a3b8f7d3eab,DS-000217,候选数据文件,ETH,4小时;8小时;24小时;48小时,15分钟;1小时,未知,未知,未知,未知,未知,未知,未知,未知,未知,未登记,无,config/数据/来源身份声明补采.json#身份声明[],a2b503bee22e558d2a12983346f4c7750b97234e9839b5dd9f80db0bd3e4c3b1,0bdc7a67f1bbd727ffffcd809c382cb521892eb214a2a1049dd5fd9704b3ce31,9e3df7fcde6a416c14ad2f3385cc8a95fb4a60267d036f9a4e620d68bff6d10f,未知,b3a1fc5ec72ad95e258b584f936ad46befab951e0ee9e43eaa18179e34974387,无法判定,FILE_STAT_OBSERVED_IDENTITY_UNPROVEN,本批次只读；若声明、输入、Schema或授权漂移，既有结论自动失效并须追加新批次,未读取业务正文、价格、成交、订单簿、账户或凭据；身份字段不完整,为该成员提供当前版本九字段声明及逐字段Schema、授权和唯一证据定位后追加不可变批次,2d50c1344a835ceeb832796935182aeff80bb03cecc5465c8cf3aaccbd446acd,86129966e4bc55fac18f2d7602a2309d4403f85861102128a56a80a5a0ccc1ea,10e685cf39d5433240db1934ea7976ea949ce2f42367bc7224a14e076a6b6daf
source-identity-declaration-20260808T051455+0800-c59753ae5b8f,ZI-36c092c73b65708fcdd38ad4,DS-000218,候选数据文件,ETH,4小时;8小时;24小时;48小时,15分钟;1小时,未知,未知,未知,未知,未知,未知,未知,未知,未知,未登记,无,config/数据/来源身份声明补采.json#身份声明[],a2b503bee22e558d2a12983346f4c7750b97234e9839b5dd9f80db0bd3e4c3b1,23d79df12719a18f66ce20b5e7348fd6e2f6c701cfaa07957b0acc9b4b4b3c5d,e6157d59b9196789cd25c9701501043bb00ef014649356a10e16259596fb4709,未知,b3a1fc5ec72ad95e258b584f936ad46befab951e0ee9e43eaa18179e34974387,无法判定,FILE_STAT_OBSERVED_IDENTITY_UNPROVEN,本批次只读；若声明、输入、Schema或授权漂移，既有结论自动失效并须追加新批次,未读取业务正文、价格、成交、订单簿、账户或凭据；身份字段不完整,为该成员提供当前版本九字段声明及逐字段Schema、授权和唯一证据定位后追加不可变批次,2d50c1344a835ceeb832796935182aeff80bb03cecc5465c8cf3aaccbd446acd,86129966e4bc55fac18f2d7602a2309d4403f85861102128a56a80a5a0ccc1ea,9a44fdc69466b16b75eb13d9c1a07f205fc12d589998328d2c1b0dc1558e3b31
source-identity-declaration-20260808T051455+0800-c59753ae5b8f,ZI-12c289eff1be0bf2e1d20fb5,DS-000219,候选数据文件,ETH,4小时;8小时;24小时;48小时,15分钟;1小时,未知,未知,未知,未知,未知,未知,未知,未知,未知,未登记,无,config/数据/来源身份声明补采.json#身份声明[],a2b503bee22e558d2a12983346f4c7750b97234e9839b5dd9f80db0bd3e4c3b1,21165349456518961030378083fea5551ab855e98f18bb276a7180f52b3d1f7d,a8a1fedf04743df7d4306f8ab802cc9f585ad95bb3a1859b581b08e07f21b491,未知,b3a1fc5ec72ad95e258b584f936ad46befab951e0ee9e43eaa18179e34974387,无法判定,FILE_STAT_OBSERVED_IDENTITY_UNPROVEN,本批次只读；若声明、输入、Schema或授权漂移，既有结论自动失效并须追加新批次,未读取业务正文、价格、成交、订单簿、账户或凭据；身份字段不完整,为该成员提供当前版本九字段声明及逐字段Schema、授权和唯一证据定位后追加不可变批次,2d50c1344a835ceeb832796935182aeff80bb03cecc5465c8cf3aaccbd446acd,86129966e4bc55fac18f2d7602a2309d4403f85861102128a56a80a5a0ccc1ea,106a5b9fbe6b4541cc13aed085fe70d132a472c1ce91900e301f0b20fcda3143
source-identity-declaration-20260808T051455+0800-c59753ae5b8f,ZI-f31616fc75ad8bef6735c9f9,DS-000220,候选数据文件,ETH,4小时;8小时;24小时;48小时,15分钟;1小时,未知,未知,未知,未知,未知,未知,未知,未知,未知,未登记,无,config/数据/来源身份声明补采.json#身份声明[],a2b503bee22e558d2a12983346f4c7750b97234e9839b5dd9f80db0bd3e4c3b1,7de5a82ae4458f844affdcfc96bb58bd683630348ddf7b03231730efa11bf7dc,8dcbf3ed5b60fa730bdf830643d41a04e45e08e42af3c50b780c3bff6cf54e55,未知,b3a1fc5ec72ad95e258b584f936ad46befab951e0ee9e43eaa18179e34974387,无法判定,FILE_STAT_OBSERVED_IDENTITY_UNPROVEN,本批次只读；若声明、输入、Schema或授权漂移，既有结论自动失效并须追加新批次,未读取业务正文、价格、成交、订单簿、账户或凭据；身份字段不完整,为该成员提供当前版本九字段声明及逐字段Schema、授权和唯一证据定位后追加不可变批次,2d50c1344a835ceeb832796935182aeff80bb03cecc5465c8cf3aaccbd446acd,86129966e4bc55fac18f2d7602a2309d4403f85861102128a56a80a5a0ccc1ea,af2a3520d6acf02e35f49193b3bceed319b777cdf4e8a385a240c194aec9ae1e
source-identity-declaration-20260808T051455+0800-c59753ae5b8f,ZI-cd249e493d073e54d19874b0,DS-000221,候选数据文件,ETH,4小时;8小时;24小时;48小时,15分钟;1小时,未知,未知,未知,未知,未知,未知,未知,未知,未知,未登记,无,config/数据/来源身份声明补采.json#身份声明[],a2b503bee22e558d2a12983346f4c7750b97234e9839b5dd9f80db0bd3e4c3b1,6980edd049f750c69d7e7ae20e5aa6cc1657e9d95673ca38293e252e1af793e9,72b527c4562ab1d34e9c9be2a4cfceffb42758e4fbf892ad7e8c0a54baab42de,未知,b3a1fc5ec72ad95e258b584f936ad46befab951e0ee9e43eaa18179e34974387,无法判定,FILE_STAT_OBSERVED_IDENTITY_UNPROVEN,本批次只读；若声明、输入、Schema或授权漂移，既有结论自动失效并须追加新批次,未读取业务正文、价格、成交、订单簿、账户或凭据；身份字段不完整,为该成员提供当前版本九字段声明及逐字段Schema、授权和唯一证据定位后追加不可变批次,2d50c1344a835ceeb832796935182aeff80bb03cecc5465c8cf3aaccbd446acd,86129966e4bc55fac18f2d7602a2309d4403f85861102128a56a80a5a0ccc1ea,5cd9f2aa5e0e1f8657717c20de18e590157661a4998cd0ab46d64235a9ba0822
source-identity-declaration-20260808T051455+0800-c59753ae5b8f,ZI-745c8f0cc6ded6fb507acbb1,DS-000222,候选数据文件,ETH,4小时;8小时;24小时;48小时,15分钟;1小时,未知,未知,未知,未知,未知,未知,未知,未知,未知,未登记,无,config/数据/来源身份声明补采.json#身份声明[],a2b503bee22e558d2a12983346f4c7750b97234e9839b5dd9f80db0bd3e4c3b1,3e539388481b9fa19a3c40b0e3aa8d79677f6c36cfe63f2ca87828ac92b88df2,087e1e310fcd0e97232d7b0afd702de2d5cfe3ddab9d622e8ee6b7853cb46b62,未知,b3a1fc5ec72ad95e258b584f936ad46befab951e0ee9e43eaa18179e34974387,无法判定,FILE_STAT_OBSERVED_IDENTITY_UNPROVEN,本批次只读；若声明、输入、Schema或授权漂移，既有结论自动失效并须追加新批次,未读取业务正文、价格、成交、订单簿、账户或凭据；身份字段不完整,为该成员提供当前版本九字段声明及逐字段Schema、授权和唯一证据定位后追加不可变批次,2d50c1344a835ceeb832796935182aeff80bb03cecc5465c8cf3aaccbd446acd,86129966e4bc55fac18f2d7602a2309d4403f85861102128a56a80a5a0ccc1ea,1bea59014bd4ba842829deeb28ab7b997b9cf3ad769d065418628ed3d03285c4
source-identity-declaration-20260808T051455+0800-c59753ae5b8f,ZI-eb81ef33f15cce2bf5a3ea90,DS-000223,候选数据文件,ETH,4小时;8小时;24小时;48小时,15分钟;1小时,未知,未知,未知,未知,未知,未知,未知,未知,未知,未登记,无,config/数据/来源身份声明补采.json#身份声明[],a2b503bee22e558d2a12983346f4c7750b97234e9839b5dd9f80db0bd3e4c3b1,e9c7915b1f0185fd3199344770ef2c5020c6bc27def3a3c1755994699e69cf58,a08373d4984da5498b6bd1555a2d393e541e809346565c9d8058fbd1cd369e5d,未知,b3a1fc5ec72ad95e258b584f936ad46befab951e0ee9e43eaa18179e34974387,无法判定,FILE_STAT_OBSERVED_IDENTITY_UNPROVEN,本批次只读；若声明、输入、Schema或授权漂移，既有结论自动失效并须追加新批次,未读取业务正文、价格、成交、订单簿、账户或凭据；身份字段不完整,为该成员提供当前版本九字段声明及逐字段Schema、授权和唯一证据定位后追加不可变批次,2d50c1344a835ceeb832796935182aeff80bb03cecc5465c8cf3aaccbd446acd,86129966e4bc55fac18f2d7602a2309d4403f85861102128a56a80a5a0ccc1ea,53660e56c7eaf2a2a1c6752affcacd81558aed4c18ec315ed771caf6a58db1b1
source-identity-declaration-20260808T051455+0800-c59753ae5b8f,ZI-27b8a9edb40a15d5c5340edf,DS-000225,数据库元数据,ETH,4小时;8小时;24小时;48小时,15分钟;1小时,未知,未知,未知,未知,未知,未知,未知,未知,未知,未登记,无,config/数据/来源身份声明补采.json#身份声明[],a2b503bee22e558d2a12983346f4c7750b97234e9839b5dd9f80db0bd3e4c3b1,31c46439848b2efd4dd25f0894f6ce7296e53e7d983b81530451c4d4879bc220,未知,未知,b3a1fc5ec72ad95e258b584f936ad46befab951e0ee9e43eaa18179e34974387,无法判定,DATABASE_METADATA_IDENTITY_UNPROVEN,本批次只读；若声明、输入、Schema或授权漂移，既有结论自动失效并须追加新批次,未读取业务正文、价格、成交、订单簿、账户或凭据；身份字段不完整,为该成员提供当前版本九字段声明及逐字段Schema、授权和唯一证据定位后追加不可变批次,2d50c1344a835ceeb832796935182aeff80bb03cecc5465c8cf3aaccbd446acd,86129966e4bc55fac18f2d7602a2309d4403f85861102128a56a80a5a0ccc1ea,feadd384e420a9aa13f13cf381c65be60e4b3d9bcc0615f92c746a9627e32da1
source-identity-declaration-20260808T051455+0800-c59753ae5b8f,ZI-ad198a04fff4d73bef09be27,DS-000226,数据库元数据,ETH,4小时;8小时;24小时;48小时,15分钟;1小时,未知,未知,未知,未知,未知,未知,未知,未知,未知,未登记,无,config/数据/来源身份声明补采.json#身份声明[],a2b503bee22e558d2a12983346f4c7750b97234e9839b5dd9f80db0bd3e4c3b1,6a81bb21010d297d98dd3ec7d464e7118f4b2d9fe881e05831f744f092a7bb21,未知,未知,b3a1fc5ec72ad95e258b584f936ad46befab951e0ee9e43eaa18179e34974387,无法判定,DATABASE_METADATA_IDENTITY_UNPROVEN,本批次只读；若声明、输入、Schema或授权漂移，既有结论自动失效并须追加新批次,未读取业务正文、价格、成交、订单簿、账户或凭据；身份字段不完整,为该成员提供当前版本九字段声明及逐字段Schema、授权和唯一证据定位后追加不可变批次,2d50c1344a835ceeb832796935182aeff80bb03cecc5465c8cf3aaccbd446acd,86129966e4bc55fac18f2d7602a2309d4403f85861102128a56a80a5a0ccc1ea,8edab518fe4debaed1c9caf74d8d6ddb79ae979c517732efac4b4053a998efae
source-identity-declaration-20260808T051455+0800-c59753ae5b8f,ZI-4b36343f1d86304b4e4f560c,DS-000227,数据库元数据,ETH,4小时;8小时;24小时;48小时,15分钟;1小时,未知,未知,未知,未知,未知,未知,未知,未知,未知,未登记,无,config/数据/来源身份声明补采.json#身份声明[],a2b503bee22e558d2a12983346f4c7750b97234e9839b5dd9f80db0bd3e4c3b1,2ac0c84203efd9c2735cdb91f464d07bc39ee71c28da7cdc8cf4b0a2c0c359f7,未知,未知,b3a1fc5ec72ad95e258b584f936ad46befab951e0ee9e43eaa18179e34974387,无法判定,DATABASE_METADATA_IDENTITY_UNPROVEN,本批次只读；若声明、输入、Schema或授权漂移，既有结论自动失效并须追加新批次,未读取业务正文、价格、成交、订单簿、账户或凭据；身份字段不完整,为该成员提供当前版本九字段声明及逐字段Schema、授权和唯一证据定位后追加不可变批次,2d50c1344a835ceeb832796935182aeff80bb03cecc5465c8cf3aaccbd446acd,86129966e4bc55fac18f2d7602a2309d4403f85861102128a56a80a5a0ccc1ea,32c15f05485d8c7daef7532fb25e8e96262b4d75dc384d9bd3b138a7a11c4aa7
source-identity-declaration-20260808T051455+0800-c59753ae5b8f,ZI-14ef909ee974f036bc532048,DS-000228,数据库元数据,ETH,4小时;8小时;24小时;48小时,15分钟;1小时,未知,未知,未知,未知,未知,未知,未知,未知,未知,未登记,无,config/数据/来源身份声明补采.json#身份声明[],a2b503bee22e558d2a12983346f4c7750b97234e9839b5dd9f80db0bd3e4c3b1,ded39db7f820476590ee31689b0e683dd170115a1af80b15191867fc8cfc2848,未知,未知,b3a1fc5ec72ad95e258b584f936ad46befab951e0ee9e43eaa18179e34974387,无法判定,DATABASE_METADATA_IDENTITY_UNPROVEN,本批次只读；若声明、输入、Schema或授权漂移，既有结论自动失效并须追加新批次,未读取业务正文、价格、成交、订单簿、账户或凭据；身份字段不完整,为该成员提供当前版本九字段声明及逐字段Schema、授权和唯一证据定位后追加不可变批次,2d50c1344a835ceeb832796935182aeff80bb03cecc5465c8cf3aaccbd446acd,86129966e4bc55fac18f2d7602a2309d4403f85861102128a56a80a5a0ccc1ea,d59367a00ed20884386b68df567b5db8ff318867807227c59394af578a682b14
source-identity-declaration-20260808T051455+0800-c59753ae5b8f,ZI-66a219ffac06bb9ab7fa2300,DS-000229,数据库元数据,ETH,4小时;8小时;24小时;48小时,15分钟;1小时,未知,未知,未知,未知,未知,未知,未知,未知,未知,未登记,无,config/数据/来源身份声明补采.json#身份声明[],a2b503bee22e558d2a12983346f4c7750b97234e9839b5dd9f80db0bd3e4c3b1,f92abe1336fcf2463981b9bf09595da91c6642688d884b9321950c809461e668,未知,未知,b3a1fc5ec72ad95e258b584f936ad46befab951e0ee9e43eaa18179e34974387,无法判定,DATABASE_METADATA_IDENTITY_UNPROVEN,本批次只读；若声明、输入、Schema或授权漂移，既有结论自动失效并须追加新批次,未读取业务正文、价格、成交、订单簿、账户或凭据；身份字段不完整,为该成员提供当前版本九字段声明及逐字段Schema、授权和唯一证据定位后追加不可变批次,2d50c1344a835ceeb832796935182aeff80bb03cecc5465c8cf3aaccbd446acd,86129966e4bc55fac18f2d7602a2309d4403f85861102128a56a80a5a0ccc1ea,e8aa6039500b4353b2f15a5f1dbd1736c7fecb2f03a03f5b59ac211f749614c7
source-identity-declaration-20260808T051455+0800-c59753ae5b8f,ZI-79977c0de5fa10baeb4e2036,DS-000230,数据库元数据,ETH,4小时;8小时;24小时;48小时,15分钟;1小时,未知,未知,未知,未知,未知,未知,未知,未知,未知,未登记,无,config/数据/来源身份声明补采.json#身份声明[],a2b503bee22e558d2a12983346f4c7750b97234e9839b5dd9f80db0bd3e4c3b1,696fc7c4311abe694bffc605e03c287a75b809028054b2796902f493ea776b60,未知,未知,b3a1fc5ec72ad95e258b584f936ad46befab951e0ee9e43eaa18179e34974387,无法判定,DATABASE_METADATA_IDENTITY_UNPROVEN,本批次只读；若声明、输入、Schema或授权漂移，既有结论自动失效并须追加新批次,未读取业务正文、价格、成交、订单簿、账户或凭据；身份字段不完整,为该成员提供当前版本九字段声明及逐字段Schema、授权和唯一证据定位后追加不可变批次,2d50c1344a835ceeb832796935182aeff80bb03cecc5465c8cf3aaccbd446acd,86129966e4bc55fac18f2d7602a2309d4403f85861102128a56a80a5a0ccc1ea,8328e60e02f7c270440e03eeaa24e40c9c41e787e87024562103f6eed5ab1852
source-identity-declaration-20260808T051455+0800-c59753ae5b8f,ZI-c0029613c3870423b45b1788,DS-000231,数据库元数据,ETH,4小时;8小时;24小时;48小时,15分钟;1小时,未知,未知,未知,未知,未知,未知,未知,未知,未知,未登记,无,config/数据/来源身份声明补采.json#身份声明[],a2b503bee22e558d2a12983346f4c7750b97234e9839b5dd9f80db0bd3e4c3b1,1ddffa1f0f31556fe0d2dc68a47c93c046bfcfab4dcad6b6413e954c85a567ce,未知,未知,b3a1fc5ec72ad95e258b584f936ad46befab951e0ee9e43eaa18179e34974387,无法判定,DATABASE_METADATA_IDENTITY_UNPROVEN,本批次只读；若声明、输入、Schema或授权漂移，既有结论自动失效并须追加新批次,未读取业务正文、价格、成交、订单簿、账户或凭据；身份字段不完整,为该成员提供当前版本九字段声明及逐字段Schema、授权和唯一证据定位后追加不可变批次,2d50c1344a835ceeb832796935182aeff80bb03cecc5465c8cf3aaccbd446acd,86129966e4bc55fac18f2d7602a2309d4403f85861102128a56a80a5a0ccc1ea,219433c7658f3e5cb1ff9804d469247b76d787eef4ec9ffba54ddd72e4e71a5a
source-identity-declaration-20260808T051455+0800-c59753ae5b8f,ZI-cf8e84baeb622787ac41dc30,DS-000232,数据库元数据,ETH,4小时;8小时;24小时;48小时,15分钟;1小时,未知,未知,未知,未知,未知,未知,未知,未知,未知,未登记,无,config/数据/来源身份声明补采.json#身份声明[],a2b503bee22e558d2a12983346f4c7750b97234e9839b5dd9f80db0bd3e4c3b1,d5e98969dd30d95cf796e35f21a830b2e8ab6decb9c18e07dba58527efbd0f89,未知,未知,b3a1fc5ec72ad95e258b584f936ad46befab951e0ee9e43eaa18179e34974387,无法判定,DATABASE_METADATA_IDENTITY_UNPROVEN,本批次只读；若声明、输入、Schema或授权漂移，既有结论自动失效并须追加新批次,未读取业务正文、价格、成交、订单簿、账户或凭据；身份字段不完整,为该成员提供当前版本九字段声明及逐字段Schema、授权和唯一证据定位后追加不可变批次,2d50c1344a835ceeb832796935182aeff80bb03cecc5465c8cf3aaccbd446acd,86129966e4bc55fac18f2d7602a2309d4403f85861102128a56a80a5a0ccc1ea,2c48267d2f7559a86ccc57d313959842b567f514320d1ed1b1c999d2601e13d5
source-identity-declaration-20260808T051455+0800-c59753ae5b8f,ZI-6e16822db392394cabe67d99,DS-000233,数据库元数据,ETH,4小时;8小时;24小时;48小时,15分钟;1小时,未知,未知,未知,未知,未知,未知,未知,未知,未知,未登记,无,config/数据/来源身份声明补采.json#身份声明[],a2b503bee22e558d2a12983346f4c7750b97234e9839b5dd9f80db0bd3e4c3b1,72e7313ef8e524b350b1ace10c8d6b8626b5188e0d1dd969dfa6e1b8fcbd5739,未知,未知,b3a1fc5ec72ad95e258b584f936ad46befab951e0ee9e43eaa18179e34974387,无法判定,DATABASE_METADATA_IDENTITY_UNPROVEN,本批次只读；若声明、输入、Schema或授权漂移，既有结论自动失效并须追加新批次,未读取业务正文、价格、成交、订单簿、账户或凭据；身份字段不完整,为该成员提供当前版本九字段声明及逐字段Schema、授权和唯一证据定位后追加不可变批次,2d50c1344a835ceeb832796935182aeff80bb03cecc5465c8cf3aaccbd446acd,86129966e4bc55fac18f2d7602a2309d4403f85861102128a56a80a5a0ccc1ea,6f58ca523711eb1237430dba40955498aea1b3152bfa6016ea4f735003f1b134
source-identity-declaration-20260808T051455+0800-c59753ae5b8f,ZI-8bf3b7f49e84f911829251ed,DS-000234,数据库元数据,ETH,4小时;8小时;24小时;48小时,15分钟;1小时,未知,未知,未知,未知,未知,未知,未知,未知,未知,未登记,无,config/数据/来源身份声明补采.json#身份声明[],a2b503bee22e558d2a12983346f4c7750b97234e9839b5dd9f80db0bd3e4c3b1,32b66f7841fcfd1a8692bb0602413683c771ac914082faa7548d5a3cd7b46044,未知,未知,b3a1fc5ec72ad95e258b584f936ad46befab951e0ee9e43eaa18179e34974387,无法判定,DATABASE_METADATA_IDENTITY_UNPROVEN,本批次只读；若声明、输入、Schema或授权漂移，既有结论自动失效并须追加新批次,未读取业务正文、价格、成交、订单簿、账户或凭据；身份字段不完整,为该成员提供当前版本九字段声明及逐字段Schema、授权和唯一证据定位后追加不可变批次,2d50c1344a835ceeb832796935182aeff80bb03cecc5465c8cf3aaccbd446acd,86129966e4bc55fac18f2d7602a2309d4403f85861102128a56a80a5a0ccc1ea,a5dcc542cecd65df3ac54c0ecdcd15ef3f3ab8e919cee623b4a0a2c1a0e41671
source-identity-declaration-20260808T051455+0800-c59753ae5b8f,ZI-d1584d0aeceda26db63c8b11,DS-000235,数据库元数据,ETH,4小时;8小时;24小时;48小时,15分钟;1小时,未知,未知,未知,未知,未知,未知,未知,未知,未知,未登记,无,config/数据/来源身份声明补采.json#身份声明[],a2b503bee22e558d2a12983346f4c7750b97234e9839b5dd9f80db0bd3e4c3b1,f1c5147a2e34f6ba05d99991d7e96b60372cf8f3587d7274a6e8f0c390e7197f,未知,未知,b3a1fc5ec72ad95e258b584f936ad46befab951e0ee9e43eaa18179e34974387,无法判定,DATABASE_METADATA_IDENTITY_UNPROVEN,本批次只读；若声明、输入、Schema或授权漂移，既有结论自动失效并须追加新批次,未读取业务正文、价格、成交、订单簿、账户或凭据；身份字段不完整,为该成员提供当前版本九字段声明及逐字段Schema、授权和唯一证据定位后追加不可变批次,2d50c1344a835ceeb832796935182aeff80bb03cecc5465c8cf3aaccbd446acd,86129966e4bc55fac18f2d7602a2309d4403f85861102128a56a80a5a0ccc1ea,ea78ddb1065262ee125aeb1e4eae064ffa1cae61b1afd58eb7aa48ee6aa9362a
source-identity-declaration-20260808T051455+0800-c59753ae5b8f,ZI-5e6e454a508063ea931295ff,DS-000236,数据库元数据,ETH,4小时;8小时;24小时;48小时,15分钟;1小时,未知,未知,未知,未知,未知,未知,未知,未知,未知,未登记,无,config/数据/来源身份声明补采.json#身份声明[],a2b503bee22e558d2a12983346f4c7750b97234e9839b5dd9f80db0bd3e4c3b1,98b039adcd5656df11f65ee44b7131ebc40f5750a04b7327545e42606758bd44,未知,未知,b3a1fc5ec72ad95e258b584f936ad46befab951e0ee9e43eaa18179e34974387,无法判定,DATABASE_METADATA_IDENTITY_UNPROVEN,本批次只读；若声明、输入、Schema或授权漂移，既有结论自动失效并须追加新批次,未读取业务正文、价格、成交、订单簿、账户或凭据；身份字段不完整,为该成员提供当前版本九字段声明及逐字段Schema、授权和唯一证据定位后追加不可变批次,2d50c1344a835ceeb832796935182aeff80bb03cecc5465c8cf3aaccbd446acd,86129966e4bc55fac18f2d7602a2309d4403f85861102128a56a80a5a0ccc1ea,2e48fd847850f23e6bc65ff701fb6d2b7faf830b4c8603b3ab3a4c45ab417537
source-identity-declaration-20260808T051455+0800-c59753ae5b8f,ZI-df85df71f25df1fb06f98422,DS-000237,数据库元数据,ETH,4小时;8小时;24小时;48小时,15分钟;1小时,未知,未知,未知,未知,未知,未知,未知,未知,未知,未登记,无,config/数据/来源身份声明补采.json#身份声明[],a2b503bee22e558d2a12983346f4c7750b97234e9839b5dd9f80db0bd3e4c3b1,3726607d3f48f439672a2470687cbdc27e1513ae4716fbfd7ecfe895db4d10f7,未知,未知,b3a1fc5ec72ad95e258b584f936ad46befab951e0ee9e43eaa18179e34974387,无法判定,DATABASE_METADATA_IDENTITY_UNPROVEN,本批次只读；若声明、输入、Schema或授权漂移，既有结论自动失效并须追加新批次,未读取业务正文、价格、成交、订单簿、账户或凭据；身份字段不完整,为该成员提供当前版本九字段声明及逐字段Schema、授权和唯一证据定位后追加不可变批次,2d50c1344a835ceeb832796935182aeff80bb03cecc5465c8cf3aaccbd446acd,86129966e4bc55fac18f2d7602a2309d4403f85861102128a56a80a5a0ccc1ea,43464614d6037c46aa36d1f9b5bcdd39e434e7b0586dec223cf2581190c1f390
source-identity-declaration-20260808T051455+0800-c59753ae5b8f,ZI-1194b87b58ecebc3c28008ce,DS-000238,数据库元数据,ETH,4小时;8小时;24小时;48小时,15分钟;1小时,未知,未知,未知,未知,未知,未知,未知,未知,未知,未登记,无,config/数据/来源身份声明补采.json#身份声明[],a2b503bee22e558d2a12983346f4c7750b97234e9839b5dd9f80db0bd3e4c3b1,270b961e9a166bcdca4fcdee14c4cd7f0f1ad86a75cdc3960672ad622cba43ea,未知,未知,b3a1fc5ec72ad95e258b584f936ad46befab951e0ee9e43eaa18179e34974387,无法判定,DATABASE_METADATA_IDENTITY_UNPROVEN,本批次只读；若声明、输入、Schema或授权漂移，既有结论自动失效并须追加新批次,未读取业务正文、价格、成交、订单簿、账户或凭据；身份字段不完整,为该成员提供当前版本九字段声明及逐字段Schema、授权和唯一证据定位后追加不可变批次,2d50c1344a835ceeb832796935182aeff80bb03cecc5465c8cf3aaccbd446acd,86129966e4bc55fac18f2d7602a2309d4403f85861102128a56a80a5a0ccc1ea,0ef5e20cafd861f49fa70c2a2fd49d64b4c0ea62c54ff1058b12734ffaa6f05e
source-identity-declaration-20260808T051455+0800-c59753ae5b8f,ZI-2cfe46f1735ab9707d4c09ab,DS-000239,数据库元数据,ETH,4小时;8小时;24小时;48小时,15分钟;1小时,未知,未知,未知,未知,未知,未知,未知,未知,未知,未登记,无,config/数据/来源身份声明补采.json#身份声明[],a2b503bee22e558d2a12983346f4c7750b97234e9839b5dd9f80db0bd3e4c3b1,117aa34fd7e4061134b2f25dd7f0a2b0d1efa63bd4819c4778a897f004e66d14,未知,未知,b3a1fc5ec72ad95e258b584f936ad46befab951e0ee9e43eaa18179e34974387,无法判定,DATABASE_METADATA_IDENTITY_UNPROVEN,本批次只读；若声明、输入、Schema或授权漂移，既有结论自动失效并须追加新批次,未读取业务正文、价格、成交、订单簿、账户或凭据；身份字段不完整,为该成员提供当前版本九字段声明及逐字段Schema、授权和唯一证据定位后追加不可变批次,2d50c1344a835ceeb832796935182aeff80bb03cecc5465c8cf3aaccbd446acd,86129966e4bc55fac18f2d7602a2309d4403f85861102128a56a80a5a0ccc1ea,d85eedab91e443a65cb25ef6acc126aa60c1a8a40b9ca98621ea1cca09f02972
source-identity-declaration-20260808T051455+0800-c59753ae5b8f,ZI-c2a1b190eb6f6e39d8e7307b,DS-000240,数据库元数据,ETH,4小时;8小时;24小时;48小时,15分钟;1小时,未知,未知,未知,未知,未知,未知,未知,未知,未知,未登记,无,config/数据/来源身份声明补采.json#身份声明[],a2b503bee22e558d2a12983346f4c7750b97234e9839b5dd9f80db0bd3e4c3b1,a9f656490ddb8a2c0687c98bf185161c1ff4e8545620daade42c31f3b709cd45,未知,未知,b3a1fc5ec72ad95e258b584f936ad46befab951e0ee9e43eaa18179e34974387,无法判定,DATABASE_METADATA_IDENTITY_UNPROVEN,本批次只读；若声明、输入、Schema或授权漂移，既有结论自动失效并须追加新批次,未读取业务正文、价格、成交、订单簿、账户或凭据；身份字段不完整,为该成员提供当前版本九字段声明及逐字段Schema、授权和唯一证据定位后追加不可变批次,2d50c1344a835ceeb832796935182aeff80bb03cecc5465c8cf3aaccbd446acd,86129966e4bc55fac18f2d7602a2309d4403f85861102128a56a80a5a0ccc1ea,d500dcbedd1e1405310445b79853b77f2bb2861665e5c52cc2a92c6e00941d7a
source-identity-declaration-20260808T051455+0800-c59753ae5b8f,ZI-ae83f52ffad4d799cef96c15,DS-000241,数据库元数据,ETH,4小时;8小时;24小时;48小时,15分钟;1小时,未知,未知,未知,未知,未知,未知,未知,未知,未知,未登记,无,config/数据/来源身份声明补采.json#身份声明[],a2b503bee22e558d2a12983346f4c7750b97234e9839b5dd9f80db0bd3e4c3b1,a3b0dc868567565fbc694d34c2bfbe290d8bce78d7aa8020914d094b03202ca2,未知,未知,b3a1fc5ec72ad95e258b584f936ad46befab951e0ee9e43eaa18179e34974387,无法判定,DATABASE_METADATA_IDENTITY_UNPROVEN,本批次只读；若声明、输入、Schema或授权漂移，既有结论自动失效并须追加新批次,未读取业务正文、价格、成交、订单簿、账户或凭据；身份字段不完整,为该成员提供当前版本九字段声明及逐字段Schema、授权和唯一证据定位后追加不可变批次,2d50c1344a835ceeb832796935182aeff80bb03cecc5465c8cf3aaccbd446acd,86129966e4bc55fac18f2d7602a2309d4403f85861102128a56a80a5a0ccc1ea,643a2d810887a393148f93b76dda4aa3c9b947cf9daa1fdabc1b11f55bbb5390
source-identity-declaration-20260808T051455+0800-c59753ae5b8f,ZI-c0132a1ecf9a90f96d882e21,DS-000242,数据库元数据,ETH,4小时;8小时;24小时;48小时,15分钟;1小时,未知,未知,未知,未知,未知,未知,未知,未知,未知,未登记,无,config/数据/来源身份声明补采.json#身份声明[],a2b503bee22e558d2a12983346f4c7750b97234e9839b5dd9f80db0bd3e4c3b1,f06d1d1e6c27a45590fca5ee63f74b8db5c230132951c25768af2fdb002dade8,未知,未知,b3a1fc5ec72ad95e258b584f936ad46befab951e0ee9e43eaa18179e34974387,无法判定,DATABASE_METADATA_IDENTITY_UNPROVEN,本批次只读；若声明、输入、Schema或授权漂移，既有结论自动失效并须追加新批次,未读取业务正文、价格、成交、订单簿、账户或凭据；身份字段不完整,为该成员提供当前版本九字段声明及逐字段Schema、授权和唯一证据定位后追加不可变批次,2d50c1344a835ceeb832796935182aeff80bb03cecc5465c8cf3aaccbd446acd,86129966e4bc55fac18f2d7602a2309d4403f85861102128a56a80a5a0ccc1ea,415b8e2fba9931a9310d03df542a721c744ac5a8ae73c912f5d12ead44f6c0ac
source-identity-declaration-20260808T051455+0800-c59753ae5b8f,ZI-3df61827b10e5aad02eaefeb,DS-000243,数据库元数据,ETH,4小时;8小时;24小时;48小时,15分钟;1小时,未知,未知,未知,未知,未知,未知,未知,未知,未知,未登记,无,config/数据/来源身份声明补采.json#身份声明[],a2b503bee22e558d2a12983346f4c7750b97234e9839b5dd9f80db0bd3e4c3b1,8f2d433fc50cdb27ebcc8696c2f8aae7aee08cdc738e7e73e2445894e0b6429e,未知,未知,b3a1fc5ec72ad95e258b584f936ad46befab951e0ee9e43eaa18179e34974387,无法判定,DATABASE_METADATA_IDENTITY_UNPROVEN,本批次只读；若声明、输入、Schema或授权漂移，既有结论自动失效并须追加新批次,未读取业务正文、价格、成交、订单簿、账户或凭据；身份字段不完整,为该成员提供当前版本九字段声明及逐字段Schema、授权和唯一证据定位后追加不可变批次,2d50c1344a835ceeb832796935182aeff80bb03cecc5465c8cf3aaccbd446acd,86129966e4bc55fac18f2d7602a2309d4403f85861102128a56a80a5a0ccc1ea,ca1635055b7742005a6087f1c86afe9fd095dd6a95687c781d7108e696c9765b
source-identity-declaration-20260808T051455+0800-c59753ae5b8f,ZI-6ce4484efa53e7ff44eb2c25,DS-000244,数据库元数据,ETH,4小时;8小时;24小时;48小时,15分钟;1小时,未知,未知,未知,未知,未知,未知,未知,未知,未知,未登记,无,config/数据/来源身份声明补采.json#身份声明[],a2b503bee22e558d2a12983346f4c7750b97234e9839b5dd9f80db0bd3e4c3b1,d9ccf842fc989b8040673df44f01abefc569defc18f83e6d9c5d50fe594be145,未知,未知,b3a1fc5ec72ad95e258b584f936ad46befab951e0ee9e43eaa18179e34974387,无法判定,DATABASE_METADATA_IDENTITY_UNPROVEN,本批次只读；若声明、输入、Schema或授权漂移，既有结论自动失效并须追加新批次,未读取业务正文、价格、成交、订单簿、账户或凭据；身份字段不完整,为该成员提供当前版本九字段声明及逐字段Schema、授权和唯一证据定位后追加不可变批次,2d50c1344a835ceeb832796935182aeff80bb03cecc5465c8cf3aaccbd446acd,86129966e4bc55fac18f2d7602a2309d4403f85861102128a56a80a5a0ccc1ea,951fb7d429c201c3212eabd18203009cfca0d629d2cab30612b6b27ad991e0a8
source-identity-declaration-20260808T051455+0800-c59753ae5b8f,ZI-087e7743eeecff587810b73c,DS-000245,数据库元数据,ETH,4小时;8小时;24小时;48小时,15分钟;1小时,未知,未知,未知,未知,未知,未知,未知,未知,未知,未登记,无,config/数据/来源身份声明补采.json#身份声明[],a2b503bee22e558d2a12983346f4c7750b97234e9839b5dd9f80db0bd3e4c3b1,4a802128b530c664d2cce4467dc90608e80c54df2148a9807f2f73c198908494,未知,未知,b3a1fc5ec72ad95e258b584f936ad46befab951e0ee9e43eaa18179e34974387,无法判定,DATABASE_METADATA_IDENTITY_UNPROVEN,本批次只读；若声明、输入、Schema或授权漂移，既有结论自动失效并须追加新批次,未读取业务正文、价格、成交、订单簿、账户或凭据；身份字段不完整,为该成员提供当前版本九字段声明及逐字段Schema、授权和唯一证据定位后追加不可变批次,2d50c1344a835ceeb832796935182aeff80bb03cecc5465c8cf3aaccbd446acd,86129966e4bc55fac18f2d7602a2309d4403f85861102128a56a80a5a0ccc1ea,49b79cda3a595ef7be1378cf997c5c2e19251026fe8b37077de0ea21396f7257
source-identity-declaration-20260808T051455+0800-c59753ae5b8f,ZI-eaa396b6b41356431fa8c73f,DS-000246,数据库元数据,ETH,4小时;8小时;24小时;48小时,15分钟;1小时,未知,未知,未知,未知,未知,未知,未知,未知,未知,未登记,无,config/数据/来源身份声明补采.json#身份声明[],a2b503bee22e558d2a12983346f4c7750b97234e9839b5dd9f80db0bd3e4c3b1,7d64dde1f25c3737f64198c66faf0e6ab439a60473cdaa8f3b366cc1220a7b34,未知,未知,b3a1fc5ec72ad95e258b584f936ad46befab951e0ee9e43eaa18179e34974387,无法判定,DATABASE_METADATA_IDENTITY_UNPROVEN,本批次只读；若声明、输入、Schema或授权漂移，既有结论自动失效并须追加新批次,未读取业务正文、价格、成交、订单簿、账户或凭据；身份字段不完整,为该成员提供当前版本九字段声明及逐字段Schema、授权和唯一证据定位后追加不可变批次,2d50c1344a835ceeb832796935182aeff80bb03cecc5465c8cf3aaccbd446acd,86129966e4bc55fac18f2d7602a2309d4403f85861102128a56a80a5a0ccc1ea,cdc7b9e728e69590ea76da0c2096a6cb1e04bb5cc8caf88c162e08a125786099
source-identity-declaration-20260808T051455+0800-c59753ae5b8f,ZI-a5d529e526179f5aab36b504,DS-000247,数据库元数据,ETH,4小时;8小时;24小时;48小时,15分钟;1小时,未知,未知,未知,未知,未知,未知,未知,未知,未知,未登记,无,config/数据/来源身份声明补采.json#身份声明[],a2b503bee22e558d2a12983346f4c7750b97234e9839b5dd9f80db0bd3e4c3b1,87e80f8fb7aa338d10f9ea15efd48b34ebc42084728e9ba9869fa6a7eb4ca114,未知,未知,b3a1fc5ec72ad95e258b584f936ad46befab951e0ee9e43eaa18179e34974387,无法判定,DATABASE_METADATA_IDENTITY_UNPROVEN,本批次只读；若声明、输入、Schema或授权漂移，既有结论自动失效并须追加新批次,未读取业务正文、价格、成交、订单簿、账户或凭据；身份字段不完整,为该成员提供当前版本九字段声明及逐字段Schema、授权和唯一证据定位后追加不可变批次,2d50c1344a835ceeb832796935182aeff80bb03cecc5465c8cf3aaccbd446acd,86129966e4bc55fac18f2d7602a2309d4403f85861102128a56a80a5a0ccc1ea,9371c09bdee34f69965700a8dd612e86721d2000aaf4d7dd305a308291e72f24
source-identity-declaration-20260808T051455+0800-c59753ae5b8f,ZI-f72d093effc7a5df77a24e15,DS-000248,数据库元数据,ETH,4小时;8小时;24小时;48小时,15分钟;1小时,未知,未知,未知,未知,未知,未知,未知,未知,未知,未登记,无,config/数据/来源身份声明补采.json#身份声明[],a2b503bee22e558d2a12983346f4c7750b97234e9839b5dd9f80db0bd3e4c3b1,65611c0f1bf5e4f18dfc700ed64ff077d3d9c24f54cb2862a98fe7bafda25358,未知,未知,b3a1fc5ec72ad95e258b584f936ad46befab951e0ee9e43eaa18179e34974387,无法判定,DATABASE_METADATA_IDENTITY_UNPROVEN,本批次只读；若声明、输入、Schema或授权漂移，既有结论自动失效并须追加新批次,未读取业务正文、价格、成交、订单簿、账户或凭据；身份字段不完整,为该成员提供当前版本九字段声明及逐字段Schema、授权和唯一证据定位后追加不可变批次,2d50c1344a835ceeb832796935182aeff80bb03cecc5465c8cf3aaccbd446acd,86129966e4bc55fac18f2d7602a2309d4403f85861102128a56a80a5a0ccc1ea,df821beefd98671bd66accfb31c3fcbe60910e2c75361977983381dba779bcb0
source-identity-declaration-20260808T051455+0800-c59753ae5b8f,ZI-3a704542de2b0358f6385dd1,DS-000249,数据库元数据,ETH,4小时;8小时;24小时;48小时,15分钟;1小时,未知,未知,未知,未知,未知,未知,未知,未知,未知,未登记,无,config/数据/来源身份声明补采.json#身份声明[],a2b503bee22e558d2a12983346f4c7750b97234e9839b5dd9f80db0bd3e4c3b1,aca809161e20675328dc217edad64dd8dba9342aab44d915bd0e824c22863f5e,未知,未知,b3a1fc5ec72ad95e258b584f936ad46befab951e0ee9e43eaa18179e34974387,无法判定,DATABASE_METADATA_IDENTITY_UNPROVEN,本批次只读；若声明、输入、Schema或授权漂移，既有结论自动失效并须追加新批次,未读取业务正文、价格、成交、订单簿、账户或凭据；身份字段不完整,为该成员提供当前版本九字段声明及逐字段Schema、授权和唯一证据定位后追加不可变批次,2d50c1344a835ceeb832796935182aeff80bb03cecc5465c8cf3aaccbd446acd,86129966e4bc55fac18f2d7602a2309d4403f85861102128a56a80a5a0ccc1ea,3a32d441234368b392429dbe007e683661f5ee38bc35243053acf35fb2711dab
source-identity-declaration-20260808T051455+0800-c59753ae5b8f,ZI-f218e1c853f5de10621f560f,DS-000250,数据库元数据,ETH,4小时;8小时;24小时;48小时,15分钟;1小时,未知,未知,未知,未知,未知,未知,未知,未知,未知,未登记,无,config/数据/来源身份声明补采.json#身份声明[],a2b503bee22e558d2a12983346f4c7750b97234e9839b5dd9f80db0bd3e4c3b1,ecb0dcb61e3f9dae7d3cae5c9d7891232f850e3a93e93c3a61f67948dbb25d6e,未知,未知,b3a1fc5ec72ad95e258b584f936ad46befab951e0ee9e43eaa18179e34974387,无法判定,DATABASE_METADATA_IDENTITY_UNPROVEN,本批次只读；若声明、输入、Schema或授权漂移，既有结论自动失效并须追加新批次,未读取业务正文、价格、成交、订单簿、账户或凭据；身份字段不完整,为该成员提供当前版本九字段声明及逐字段Schema、授权和唯一证据定位后追加不可变批次,2d50c1344a835ceeb832796935182aeff80bb03cecc5465c8cf3aaccbd446acd,86129966e4bc55fac18f2d7602a2309d4403f85861102128a56a80a5a0ccc1ea,3a2b380c536319972914eba8c798b00b17c4041b7ce37e360e6467bf00168e5b
source-identity-declaration-20260808T051455+0800-c59753ae5b8f,ZI-40198d2754da97536a9ad6ce,DS-000251,数据库元数据,ETH,4小时;8小时;24小时;48小时,15分钟;1小时,未知,未知,未知,未知,未知,未知,未知,未知,未知,未登记,无,config/数据/来源身份声明补采.json#身份声明[],a2b503bee22e558d2a12983346f4c7750b97234e9839b5dd9f80db0bd3e4c3b1,b816107fcd9458244e66909d10efec6cd8e2accda1bfe58a8fbf9a0669c0dd53,未知,未知,b3a1fc5ec72ad95e258b584f936ad46befab951e0ee9e43eaa18179e34974387,无法判定,DATABASE_METADATA_IDENTITY_UNPROVEN,本批次只读；若声明、输入、Schema或授权漂移，既有结论自动失效并须追加新批次,未读取业务正文、价格、成交、订单簿、账户或凭据；身份字段不完整,为该成员提供当前版本九字段声明及逐字段Schema、授权和唯一证据定位后追加不可变批次,2d50c1344a835ceeb832796935182aeff80bb03cecc5465c8cf3aaccbd446acd,86129966e4bc55fac18f2d7602a2309d4403f85861102128a56a80a5a0ccc1ea,973ef54f4cff6e838b76af46cfe9451d4865bc60b67fc4944d88e30f9f66f9fd
source-identity-declaration-20260808T051455+0800-c59753ae5b8f,ZI-33f93e20269b5fc9790af097,DS-000252,数据库元数据,ETH,4小时;8小时;24小时;48小时,15分钟;1小时,未知,未知,未知,未知,未知,未知,未知,未知,未知,未登记,无,config/数据/来源身份声明补采.json#身份声明[],a2b503bee22e558d2a12983346f4c7750b97234e9839b5dd9f80db0bd3e4c3b1,98ba0e71e4eea4203f58a3df83e1469c57532861305d2639da67bd3bb490d481,未知,未知,b3a1fc5ec72ad95e258b584f936ad46befab951e0ee9e43eaa18179e34974387,无法判定,DATABASE_METADATA_IDENTITY_UNPROVEN,本批次只读；若声明、输入、Schema或授权漂移，既有结论自动失效并须追加新批次,未读取业务正文、价格、成交、订单簿、账户或凭据；身份字段不完整,为该成员提供当前版本九字段声明及逐字段Schema、授权和唯一证据定位后追加不可变批次,2d50c1344a835ceeb832796935182aeff80bb03cecc5465c8cf3aaccbd446acd,86129966e4bc55fac18f2d7602a2309d4403f85861102128a56a80a5a0ccc1ea,61bb6a1e2bf28d7ad69197f0f5a0e3be07cdd205ec93c8bb2a3a4a41baefc2af
source-identity-declaration-20260808T051455+0800-c59753ae5b8f,ZI-323348d30ce7bec199813155,DS-000253,数据库元数据,ETH,4小时;8小时;24小时;48小时,15分钟;1小时,未知,未知,未知,未知,未知,未知,未知,未知,未知,未登记,无,config/数据/来源身份声明补采.json#身份声明[],a2b503bee22e558d2a12983346f4c7750b97234e9839b5dd9f80db0bd3e4c3b1,6218f5ae411a9a1c1d8031e34c1091dea2dc3f9d8700a756d1665b4011c480c1,未知,未知,b3a1fc5ec72ad95e258b584f936ad46befab951e0ee9e43eaa18179e34974387,无法判定,DATABASE_METADATA_IDENTITY_UNPROVEN,本批次只读；若声明、输入、Schema或授权漂移，既有结论自动失效并须追加新批次,未读取业务正文、价格、成交、订单簿、账户或凭据；身份字段不完整,为该成员提供当前版本九字段声明及逐字段Schema、授权和唯一证据定位后追加不可变批次,2d50c1344a835ceeb832796935182aeff80bb03cecc5465c8cf3aaccbd446acd,86129966e4bc55fac18f2d7602a2309d4403f85861102128a56a80a5a0ccc1ea,fe36997da602be6cdc6387d3d58d00e813bef9f8f77b435603628ffc531c0916
source-identity-declaration-20260808T051455+0800-c59753ae5b8f,ZI-d041bd8293d10482fe6e3302,DS-000254,数据库元数据,ETH,4小时;8小时;24小时;48小时,15分钟;1小时,未知,未知,未知,未知,未知,未知,未知,未知,未知,未登记,无,config/数据/来源身份声明补采.json#身份声明[],a2b503bee22e558d2a12983346f4c7750b97234e9839b5dd9f80db0bd3e4c3b1,8fb55f44c4dc05cd2f2f0afb77a649faa69a0513e90690925d91bf432e4f30ff,未知,未知,b3a1fc5ec72ad95e258b584f936ad46befab951e0ee9e43eaa18179e34974387,无法判定,DATABASE_METADATA_IDENTITY_UNPROVEN,本批次只读；若声明、输入、Schema或授权漂移，既有结论自动失效并须追加新批次,未读取业务正文、价格、成交、订单簿、账户或凭据；身份字段不完整,为该成员提供当前版本九字段声明及逐字段Schema、授权和唯一证据定位后追加不可变批次,2d50c1344a835ceeb832796935182aeff80bb03cecc5465c8cf3aaccbd446acd,86129966e4bc55fac18f2d7602a2309d4403f85861102128a56a80a5a0ccc1ea,6788ad89b0d981eb6b270d43456d682f57bcf3165bc6c223eb1a1ef7aaa79a7f
source-identity-declaration-20260808T051455+0800-c59753ae5b8f,ZI-3a7f47e5cb0b222a091588ca,DS-000255,数据库元数据,ETH,4小时;8小时;24小时;48小时,15分钟;1小时,未知,未知,未知,未知,未知,未知,未知,未知,未知,未登记,无,config/数据/来源身份声明补采.json#身份声明[],a2b503bee22e558d2a12983346f4c7750b97234e9839b5dd9f80db0bd3e4c3b1,97c901f301044a2160dd66a1a1f59d8d5958ae46cc18f7590c0234c39322f194,未知,未知,b3a1fc5ec72ad95e258b584f936ad46befab951e0ee9e43eaa18179e34974387,无法判定,DATABASE_METADATA_IDENTITY_UNPROVEN,本批次只读；若声明、输入、Schema或授权漂移，既有结论自动失效并须追加新批次,未读取业务正文、价格、成交、订单簿、账户或凭据；身份字段不完整,为该成员提供当前版本九字段声明及逐字段Schema、授权和唯一证据定位后追加不可变批次,2d50c1344a835ceeb832796935182aeff80bb03cecc5465c8cf3aaccbd446acd,86129966e4bc55fac18f2d7602a2309d4403f85861102128a56a80a5a0ccc1ea,01d367393a75f309a451b3c7a159de641f14839332a473e5b9f2eafdb94c7422
source-identity-declaration-20260808T051455+0800-c59753ae5b8f,ZI-319a17a33bc9e78d08ed5c4a,DS-000256,数据库元数据,ETH,4小时;8小时;24小时;48小时,15分钟;1小时,未知,未知,未知,未知,未知,未知,未知,未知,未知,未登记,无,config/数据/来源身份声明补采.json#身份声明[],a2b503bee22e558d2a12983346f4c7750b97234e9839b5dd9f80db0bd3e4c3b1,72946cce48d978d6b90942bd0f99bd012a999fc767a59eaeb63b097815d707a9,未知,未知,b3a1fc5ec72ad95e258b584f936ad46befab951e0ee9e43eaa18179e34974387,无法判定,DATABASE_METADATA_IDENTITY_UNPROVEN,本批次只读；若声明、输入、Schema或授权漂移，既有结论自动失效并须追加新批次,未读取业务正文、价格、成交、订单簿、账户或凭据；身份字段不完整,为该成员提供当前版本九字段声明及逐字段Schema、授权和唯一证据定位后追加不可变批次,2d50c1344a835ceeb832796935182aeff80bb03cecc5465c8cf3aaccbd446acd,86129966e4bc55fac18f2d7602a2309d4403f85861102128a56a80a5a0ccc1ea,c29ad8551e0dfe25e866bbe5336abb5bfb8ce80e7f5969a0b176dcb5279eaeed
source-identity-declaration-20260808T051455+0800-c59753ae5b8f,ZI-a7faef667815d04984e9f416,DS-000257,数据库元数据,ETH,4小时;8小时;24小时;48小时,15分钟;1小时,未知,未知,未知,未知,未知,未知,未知,未知,未知,未登记,无,config/数据/来源身份声明补采.json#身份声明[],a2b503bee22e558d2a12983346f4c7750b97234e9839b5dd9f80db0bd3e4c3b1,e9a1adbad68c8e4f0b3f88a4c1d5f5e59207297fe7eb4ea9a6f3e91690974ffb,未知,未知,b3a1fc5ec72ad95e258b584f936ad46befab951e0ee9e43eaa18179e34974387,无法判定,DATABASE_METADATA_IDENTITY_UNPROVEN,本批次只读；若声明、输入、Schema或授权漂移，既有结论自动失效并须追加新批次,未读取业务正文、价格、成交、订单簿、账户或凭据；身份字段不完整,为该成员提供当前版本九字段声明及逐字段Schema、授权和唯一证据定位后追加不可变批次,2d50c1344a835ceeb832796935182aeff80bb03cecc5465c8cf3aaccbd446acd,86129966e4bc55fac18f2d7602a2309d4403f85861102128a56a80a5a0ccc1ea,c36468f115772914f43e646e45aa4d0ae49dd37d11861606dbcffc8d7bbfd97a
source-identity-declaration-20260808T051455+0800-c59753ae5b8f,ZI-8525784cda6abfa9ae3bebd3,DS-000258,数据库元数据,ETH,4小时;8小时;24小时;48小时,15分钟;1小时,未知,未知,未知,未知,未知,未知,未知,未知,未知,未登记,无,config/数据/来源身份声明补采.json#身份声明[],a2b503bee22e558d2a12983346f4c7750b97234e9839b5dd9f80db0bd3e4c3b1,05dc2fcb434d0937800d8432001eafe73e3969f23c72e4e6dccfa8d10a464e89,未知,未知,b3a1fc5ec72ad95e258b584f936ad46befab951e0ee9e43eaa18179e34974387,无法判定,DATABASE_METADATA_IDENTITY_UNPROVEN,本批次只读；若声明、输入、Schema或授权漂移，既有结论自动失效并须追加新批次,未读取业务正文、价格、成交、订单簿、账户或凭据；身份字段不完整,为该成员提供当前版本九字段声明及逐字段Schema、授权和唯一证据定位后追加不可变批次,2d50c1344a835ceeb832796935182aeff80bb03cecc5465c8cf3aaccbd446acd,86129966e4bc55fac18f2d7602a2309d4403f85861102128a56a80a5a0ccc1ea,5b045b983ff3fb46611d7ed6fac654f328e4b3e21a08c7f197c8307a06b74fde
source-identity-declaration-20260808T051455+0800-c59753ae5b8f,ZI-aa4a3912b3b8cdfe15e16046,DS-000259,数据库元数据,ETH,4小时;8小时;24小时;48小时,15分钟;1小时,未知,未知,未知,未知,未知,未知,未知,未知,未知,未登记,无,config/数据/来源身份声明补采.json#身份声明[],a2b503bee22e558d2a12983346f4c7750b97234e9839b5dd9f80db0bd3e4c3b1,1cd773853ef33cb8f6d7c1280729bf82e0b795d62cb20a76d636135bcdf110fc,未知,未知,b3a1fc5ec72ad95e258b584f936ad46befab951e0ee9e43eaa18179e34974387,无法判定,DATABASE_METADATA_IDENTITY_UNPROVEN,本批次只读；若声明、输入、Schema或授权漂移，既有结论自动失效并须追加新批次,未读取业务正文、价格、成交、订单簿、账户或凭据；身份字段不完整,为该成员提供当前版本九字段声明及逐字段Schema、授权和唯一证据定位后追加不可变批次,2d50c1344a835ceeb832796935182aeff80bb03cecc5465c8cf3aaccbd446acd,86129966e4bc55fac18f2d7602a2309d4403f85861102128a56a80a5a0ccc1ea,842b4af8fa45e39eece7b3ef8b748ae44543285ab66f98857625461e9fd5d135
source-identity-declaration-20260808T051455+0800-c59753ae5b8f,ZI-9eca828c7abfb00211600ef2,DS-000260,数据库元数据,ETH,4小时;8小时;24小时;48小时,15分钟;1小时,未知,未知,未知,未知,未知,未知,未知,未知,未知,未登记,无,config/数据/来源身份声明补采.json#身份声明[],a2b503bee22e558d2a12983346f4c7750b97234e9839b5dd9f80db0bd3e4c3b1,401f3e557d030bd2429821a0c387907103f5a6996eed7ad975e0b5013f0313e6,未知,未知,b3a1fc5ec72ad95e258b584f936ad46befab951e0ee9e43eaa18179e34974387,无法判定,DATABASE_METADATA_IDENTITY_UNPROVEN,本批次只读；若声明、输入、Schema或授权漂移，既有结论自动失效并须追加新批次,未读取业务正文、价格、成交、订单簿、账户或凭据；身份字段不完整,为该成员提供当前版本九字段声明及逐字段Schema、授权和唯一证据定位后追加不可变批次,2d50c1344a835ceeb832796935182aeff80bb03cecc5465c8cf3aaccbd446acd,86129966e4bc55fac18f2d7602a2309d4403f85861102128a56a80a5a0ccc1ea,8f429adfc6f8c677f075e9d29724eca02f80592169e37b6465081ea64d9b9039
source-identity-declaration-20260808T051455+0800-c59753ae5b8f,ZI-a9478e827e537a4e6878eb2f,DS-000261,数据库元数据,ETH,4小时;8小时;24小时;48小时,15分钟;1小时,未知,未知,未知,未知,未知,未知,未知,未知,未知,未登记,无,config/数据/来源身份声明补采.json#身份声明[],a2b503bee22e558d2a12983346f4c7750b97234e9839b5dd9f80db0bd3e4c3b1,a9f85bb1dc0b933fe331584b1457e01f02ef7ff90e431451c038e26336977746,未知,未知,b3a1fc5ec72ad95e258b584f936ad46befab951e0ee9e43eaa18179e34974387,无法判定,DATABASE_METADATA_IDENTITY_UNPROVEN,本批次只读；若声明、输入、Schema或授权漂移，既有结论自动失效并须追加新批次,未读取业务正文、价格、成交、订单簿、账户或凭据；身份字段不完整,为该成员提供当前版本九字段声明及逐字段Schema、授权和唯一证据定位后追加不可变批次,2d50c1344a835ceeb832796935182aeff80bb03cecc5465c8cf3aaccbd446acd,86129966e4bc55fac18f2d7602a2309d4403f85861102128a56a80a5a0ccc1ea,19eb98f7b404068529f3d899e4d55ab5af8e18f72e6ad609d7f667b3eda036b0
source-identity-declaration-20260808T051455+0800-c59753ae5b8f,ZI-f29bed3f0a71e254b51c83b3,DS-000262,数据库元数据,ETH,4小时;8小时;24小时;48小时,15分钟;1小时,未知,未知,未知,未知,未知,未知,未知,未知,未知,未登记,无,config/数据/来源身份声明补采.json#身份声明[],a2b503bee22e558d2a12983346f4c7750b97234e9839b5dd9f80db0bd3e4c3b1,b8a6749e0560113c220e491aa3837fbbc46a199eea8b154ba402234b3fe136c3,未知,未知,b3a1fc5ec72ad95e258b584f936ad46befab951e0ee9e43eaa18179e34974387,无法判定,DATABASE_METADATA_IDENTITY_UNPROVEN,本批次只读；若声明、输入、Schema或授权漂移，既有结论自动失效并须追加新批次,未读取业务正文、价格、成交、订单簿、账户或凭据；身份字段不完整,为该成员提供当前版本九字段声明及逐字段Schema、授权和唯一证据定位后追加不可变批次,2d50c1344a835ceeb832796935182aeff80bb03cecc5465c8cf3aaccbd446acd,86129966e4bc55fac18f2d7602a2309d4403f85861102128a56a80a5a0ccc1ea,711cab92f1a0ad444712bbd722aa085f95832e80e654f26683d87099b41f2077
source-identity-declaration-20260808T051455+0800-c59753ae5b8f,ZI-6aa7f974b25be7596f63688e,DS-000263,数据库元数据,ETH,4小时;8小时;24小时;48小时,15分钟;1小时,未知,未知,未知,未知,未知,未知,未知,未知,未知,未登记,无,config/数据/来源身份声明补采.json#身份声明[],a2b503bee22e558d2a12983346f4c7750b97234e9839b5dd9f80db0bd3e4c3b1,88da7335bdb9dec72ed997ca4fa5e1dfa14b14965380d3de3b4d82bafa7ba8e6,未知,未知,b3a1fc5ec72ad95e258b584f936ad46befab951e0ee9e43eaa18179e34974387,无法判定,DATABASE_METADATA_IDENTITY_UNPROVEN,本批次只读；若声明、输入、Schema或授权漂移，既有结论自动失效并须追加新批次,未读取业务正文、价格、成交、订单簿、账户或凭据；身份字段不完整,为该成员提供当前版本九字段声明及逐字段Schema、授权和唯一证据定位后追加不可变批次,2d50c1344a835ceeb832796935182aeff80bb03cecc5465c8cf3aaccbd446acd,86129966e4bc55fac18f2d7602a2309d4403f85861102128a56a80a5a0ccc1ea,bb163a94d4e9cb7a30cee2d950f6f04825ca81054eb1ba97fd5ad40d584f151c
source-identity-declaration-20260808T051455+0800-c59753ae5b8f,ZI-e39661473025820c2f3936e3,DS-000264,数据库元数据,ETH,4小时;8小时;24小时;48小时,15分钟;1小时,未知,未知,未知,未知,未知,未知,未知,未知,未知,未登记,无,config/数据/来源身份声明补采.json#身份声明[],a2b503bee22e558d2a12983346f4c7750b97234e9839b5dd9f80db0bd3e4c3b1,474ef8452df7b494b2e90829b34983df559699b8d2cf94b36731bfcedb517544,未知,未知,b3a1fc5ec72ad95e258b584f936ad46befab951e0ee9e43eaa18179e34974387,无法判定,DATABASE_METADATA_IDENTITY_UNPROVEN,本批次只读；若声明、输入、Schema或授权漂移，既有结论自动失效并须追加新批次,未读取业务正文、价格、成交、订单簿、账户或凭据；身份字段不完整,为该成员提供当前版本九字段声明及逐字段Schema、授权和唯一证据定位后追加不可变批次,2d50c1344a835ceeb832796935182aeff80bb03cecc5465c8cf3aaccbd446acd,86129966e4bc55fac18f2d7602a2309d4403f85861102128a56a80a5a0ccc1ea,7afdedf1d8c57ae92b28e345b06856c5abd01674256074ecff7606106761154e
source-identity-declaration-20260808T051455+0800-c59753ae5b8f,ZI-f83c61b1c7dab956125c37c7,DS-000265,数据库元数据,ETH,4小时;8小时;24小时;48小时,15分钟;1小时,未知,未知,未知,未知,未知,未知,未知,未知,未知,未登记,无,config/数据/来源身份声明补采.json#身份声明[],a2b503bee22e558d2a12983346f4c7750b97234e9839b5dd9f80db0bd3e4c3b1,5e24f63ab8f417987a50c39d32718c38ba94e1de57ac2745a718cc5ec794238a,未知,未知,b3a1fc5ec72ad95e258b584f936ad46befab951e0ee9e43eaa18179e34974387,无法判定,DATABASE_METADATA_IDENTITY_UNPROVEN,本批次只读；若声明、输入、Schema或授权漂移，既有结论自动失效并须追加新批次,未读取业务正文、价格、成交、订单簿、账户或凭据；身份字段不完整,为该成员提供当前版本九字段声明及逐字段Schema、授权和唯一证据定位后追加不可变批次,2d50c1344a835ceeb832796935182aeff80bb03cecc5465c8cf3aaccbd446acd,86129966e4bc55fac18f2d7602a2309d4403f85861102128a56a80a5a0ccc1ea,fb53fada2bfdb7bc2b2a914093231fd0da158fbdc95448adbf0cf2790ce46deb
source-identity-declaration-20260808T051455+0800-c59753ae5b8f,ZI-93016c2f08434388c8be5de9,DS-000266,数据库元数据,ETH,4小时;8小时;24小时;48小时,15分钟;1小时,未知,未知,未知,未知,未知,未知,未知,未知,未知,未登记,无,config/数据/来源身份声明补采.json#身份声明[],a2b503bee22e558d2a12983346f4c7750b97234e9839b5dd9f80db0bd3e4c3b1,9ec4dbfaf5336e4c4d9f5ce4ad4098db90b8baac6f44296a4b7aa43839353d19,未知,未知,b3a1fc5ec72ad95e258b584f936ad46befab951e0ee9e43eaa18179e34974387,无法判定,DATABASE_METADATA_IDENTITY_UNPROVEN,本批次只读；若声明、输入、Schema或授权漂移，既有结论自动失效并须追加新批次,未读取业务正文、价格、成交、订单簿、账户或凭据；身份字段不完整,为该成员提供当前版本九字段声明及逐字段Schema、授权和唯一证据定位后追加不可变批次,2d50c1344a835ceeb832796935182aeff80bb03cecc5465c8cf3aaccbd446acd,86129966e4bc55fac18f2d7602a2309d4403f85861102128a56a80a5a0ccc1ea,dcd8594982a87d395377404c1f019febcc0069428b6ffe476945825c3de7d4a6
source-identity-declaration-20260808T051455+0800-c59753ae5b8f,ZI-4dc005cfa35f65f4ae1ad906,DS-000267,数据库元数据,ETH,4小时;8小时;24小时;48小时,15分钟;1小时,未知,未知,未知,未知,未知,未知,未知,未知,未知,未登记,无,config/数据/来源身份声明补采.json#身份声明[],a2b503bee22e558d2a12983346f4c7750b97234e9839b5dd9f80db0bd3e4c3b1,e7f6d4ff14fbb9aee41d9c66f271b8ce269ce023dbdbbce5c6f48152b31da3ef,未知,未知,b3a1fc5ec72ad95e258b584f936ad46befab951e0ee9e43eaa18179e34974387,无法判定,DATABASE_METADATA_IDENTITY_UNPROVEN,本批次只读；若声明、输入、Schema或授权漂移，既有结论自动失效并须追加新批次,未读取业务正文、价格、成交、订单簿、账户或凭据；身份字段不完整,为该成员提供当前版本九字段声明及逐字段Schema、授权和唯一证据定位后追加不可变批次,2d50c1344a835ceeb832796935182aeff80bb03cecc5465c8cf3aaccbd446acd,86129966e4bc55fac18f2d7602a2309d4403f85861102128a56a80a5a0ccc1ea,55ab371c2a4704373db460ec6bdfdca0261c6d57a2bdf8d61a882fee904013af
source-identity-declaration-20260808T051455+0800-c59753ae5b8f,ZI-827070ff91d17f4ef1f978bb,DS-000268,数据库元数据,ETH,4小时;8小时;24小时;48小时,15分钟;1小时,未知,未知,未知,未知,未知,未知,未知,未知,未知,未登记,无,config/数据/来源身份声明补采.json#身份声明[],a2b503bee22e558d2a12983346f4c7750b97234e9839b5dd9f80db0bd3e4c3b1,4803e9627f705d300d20509eaf83377393d2e5744750aedc6e586f6548fca8cf,未知,未知,b3a1fc5ec72ad95e258b584f936ad46befab951e0ee9e43eaa18179e34974387,无法判定,DATABASE_METADATA_IDENTITY_UNPROVEN,本批次只读；若声明、输入、Schema或授权漂移，既有结论自动失效并须追加新批次,未读取业务正文、价格、成交、订单簿、账户或凭据；身份字段不完整,为该成员提供当前版本九字段声明及逐字段Schema、授权和唯一证据定位后追加不可变批次,2d50c1344a835ceeb832796935182aeff80bb03cecc5465c8cf3aaccbd446acd,86129966e4bc55fac18f2d7602a2309d4403f85861102128a56a80a5a0ccc1ea,a68fa99675ed8c0b9dcd04f3c1896303b1774990d450c2cf5074bf6bd042dd85
source-identity-declaration-20260808T051455+0800-c59753ae5b8f,ZI-d8ee305d7e2a2eaae8afc53b,DS-000269,数据库元数据,ETH,4小时;8小时;24小时;48小时,15分钟;1小时,未知,未知,未知,未知,未知,未知,未知,未知,未知,未登记,无,config/数据/来源身份声明补采.json#身份声明[],a2b503bee22e558d2a12983346f4c7750b97234e9839b5dd9f80db0bd3e4c3b1,306e9d1ebd248b8aaea8e6db506482b6fb9679820c694bb23bc5d54912fe5e05,未知,未知,b3a1fc5ec72ad95e258b584f936ad46befab951e0ee9e43eaa18179e34974387,无法判定,DATABASE_METADATA_IDENTITY_UNPROVEN,本批次只读；若声明、输入、Schema或授权漂移，既有结论自动失效并须追加新批次,未读取业务正文、价格、成交、订单簿、账户或凭据；身份字段不完整,为该成员提供当前版本九字段声明及逐字段Schema、授权和唯一证据定位后追加不可变批次,2d50c1344a835ceeb832796935182aeff80bb03cecc5465c8cf3aaccbd446acd,86129966e4bc55fac18f2d7602a2309d4403f85861102128a56a80a5a0ccc1ea,734bc831eee90f90e0d58fe9c1a85f5bd4a363d6e30c3fcdf9d0e99bde01dbd6
source-identity-declaration-20260808T051455+0800-c59753ae5b8f,ZI-bb10b091e630f2c5f8d067dc,DS-000270,数据库元数据,ETH,4小时;8小时;24小时;48小时,15分钟;1小时,未知,未知,未知,未知,未知,未知,未知,未知,未知,未登记,无,config/数据/来源身份声明补采.json#身份声明[],a2b503bee22e558d2a12983346f4c7750b97234e9839b5dd9f80db0bd3e4c3b1,95f8505a488937ebddda6f0e9846dfdf89d1295922aaa46fa86f783e28904115,未知,未知,b3a1fc5ec72ad95e258b584f936ad46befab951e0ee9e43eaa18179e34974387,无法判定,DATABASE_METADATA_IDENTITY_UNPROVEN,本批次只读；若声明、输入、Schema或授权漂移，既有结论自动失效并须追加新批次,未读取业务正文、价格、成交、订单簿、账户或凭据；身份字段不完整,为该成员提供当前版本九字段声明及逐字段Schema、授权和唯一证据定位后追加不可变批次,2d50c1344a835ceeb832796935182aeff80bb03cecc5465c8cf3aaccbd446acd,86129966e4bc55fac18f2d7602a2309d4403f85861102128a56a80a5a0ccc1ea,029e95ce5eec49b211fde25bc5bfaa13512edd9d3ae70f894ceb0dfcea896e58
source-identity-declaration-20260808T051455+0800-c59753ae5b8f,ZI-17ba1f1ac29398cf97340b28,DS-000271,数据库元数据,ETH,4小时;8小时;24小时;48小时,15分钟;1小时,未知,未知,未知,未知,未知,未知,未知,未知,未知,未登记,无,config/数据/来源身份声明补采.json#身份声明[],a2b503bee22e558d2a12983346f4c7750b97234e9839b5dd9f80db0bd3e4c3b1,f604d30fca95af10cef6f2d1d42f0a77ca097a72e2a4892d7695ea06b814087e,未知,未知,b3a1fc5ec72ad95e258b584f936ad46befab951e0ee9e43eaa18179e34974387,无法判定,DATABASE_METADATA_IDENTITY_UNPROVEN,本批次只读；若声明、输入、Schema或授权漂移，既有结论自动失效并须追加新批次,未读取业务正文、价格、成交、订单簿、账户或凭据；身份字段不完整,为该成员提供当前版本九字段声明及逐字段Schema、授权和唯一证据定位后追加不可变批次,2d50c1344a835ceeb832796935182aeff80bb03cecc5465c8cf3aaccbd446acd,86129966e4bc55fac18f2d7602a2309d4403f85861102128a56a80a5a0ccc1ea,a3b223a7b60bc30d0ed3292930cafedfaf4030ef77a9ae12c2d35a81c006274f
source-identity-declaration-20260808T051455+0800-c59753ae5b8f,ZI-eebaaf0844841bd1a3649f6c,DS-000272,数据库元数据,ETH,4小时;8小时;24小时;48小时,15分钟;1小时,未知,未知,未知,未知,未知,未知,未知,未知,未知,未登记,无,config/数据/来源身份声明补采.json#身份声明[],a2b503bee22e558d2a12983346f4c7750b97234e9839b5dd9f80db0bd3e4c3b1,7790a7096a82194b8ce40632577b34f15029864f0d73ca67f2309a4a5771c546,未知,未知,b3a1fc5ec72ad95e258b584f936ad46befab951e0ee9e43eaa18179e34974387,无法判定,DATABASE_METADATA_IDENTITY_UNPROVEN,本批次只读；若声明、输入、Schema或授权漂移，既有结论自动失效并须追加新批次,未读取业务正文、价格、成交、订单簿、账户或凭据；身份字段不完整,为该成员提供当前版本九字段声明及逐字段Schema、授权和唯一证据定位后追加不可变批次,2d50c1344a835ceeb832796935182aeff80bb03cecc5465c8cf3aaccbd446acd,86129966e4bc55fac18f2d7602a2309d4403f85861102128a56a80a5a0ccc1ea,b0792065161e088487ed2e2a95648ca340244a0857fb86a6534f1123fac83407
source-identity-declaration-20260808T051455+0800-c59753ae5b8f,ZI-a80e072df8f612821d6e6d49,DS-000273,数据库元数据,ETH,4小时;8小时;24小时;48小时,15分钟;1小时,未知,未知,未知,未知,未知,未知,未知,未知,未知,未登记,无,config/数据/来源身份声明补采.json#身份声明[],a2b503bee22e558d2a12983346f4c7750b97234e9839b5dd9f80db0bd3e4c3b1,a644234938a03b68cc0be912f99fd12eecc36270251217d470225f7047a900e1,未知,未知,b3a1fc5ec72ad95e258b584f936ad46befab951e0ee9e43eaa18179e34974387,无法判定,DATABASE_METADATA_IDENTITY_UNPROVEN,本批次只读；若声明、输入、Schema或授权漂移，既有结论自动失效并须追加新批次,未读取业务正文、价格、成交、订单簿、账户或凭据；身份字段不完整,为该成员提供当前版本九字段声明及逐字段Schema、授权和唯一证据定位后追加不可变批次,2d50c1344a835ceeb832796935182aeff80bb03cecc5465c8cf3aaccbd446acd,86129966e4bc55fac18f2d7602a2309d4403f85861102128a56a80a5a0ccc1ea,2f06fc2e3e7be7c536cad831d79aa71891ba9a776b9ad0caee03a1a94b8f7399
source-identity-declaration-20260808T051455+0800-c59753ae5b8f,ZI-3f44a87d788d10b95a30c249,DS-000274,数据库元数据,ETH,4小时;8小时;24小时;48小时,15分钟;1小时,未知,未知,未知,未知,未知,未知,未知,未知,未知,未登记,无,config/数据/来源身份声明补采.json#身份声明[],a2b503bee22e558d2a12983346f4c7750b97234e9839b5dd9f80db0bd3e4c3b1,56318299b0d280227cabfa2f1672b2c87315c5e40fbfae0740be47ade1d1af81,未知,未知,b3a1fc5ec72ad95e258b584f936ad46befab951e0ee9e43eaa18179e34974387,无法判定,DATABASE_METADATA_IDENTITY_UNPROVEN,本批次只读；若声明、输入、Schema或授权漂移，既有结论自动失效并须追加新批次,未读取业务正文、价格、成交、订单簿、账户或凭据；身份字段不完整,为该成员提供当前版本九字段声明及逐字段Schema、授权和唯一证据定位后追加不可变批次,2d50c1344a835ceeb832796935182aeff80bb03cecc5465c8cf3aaccbd446acd,86129966e4bc55fac18f2d7602a2309d4403f85861102128a56a80a5a0ccc1ea,2ae7e7cc33102a3f88638f39a8a44da662c9b76f7a9f3dd0fb0aaff01354661c
source-identity-declaration-20260808T051455+0800-c59753ae5b8f,ZI-62772b32407692854e1b95ac,DS-000275,数据库元数据,ETH,4小时;8小时;24小时;48小时,15分钟;1小时,未知,未知,未知,未知,未知,未知,未知,未知,未知,未登记,无,config/数据/来源身份声明补采.json#身份声明[],a2b503bee22e558d2a12983346f4c7750b97234e9839b5dd9f80db0bd3e4c3b1,73610ec234845390268c10b094aaa11475cbf536d943f9b58d68fb3b943ab020,未知,未知,b3a1fc5ec72ad95e258b584f936ad46befab951e0ee9e43eaa18179e34974387,无法判定,DATABASE_METADATA_IDENTITY_UNPROVEN,本批次只读；若声明、输入、Schema或授权漂移，既有结论自动失效并须追加新批次,未读取业务正文、价格、成交、订单簿、账户或凭据；身份字段不完整,为该成员提供当前版本九字段声明及逐字段Schema、授权和唯一证据定位后追加不可变批次,2d50c1344a835ceeb832796935182aeff80bb03cecc5465c8cf3aaccbd446acd,86129966e4bc55fac18f2d7602a2309d4403f85861102128a56a80a5a0ccc1ea,31a34239ea5fc838d2110a9278d40267232f562b889d82b4e50f6fbe406ac765
source-identity-declaration-20260808T051455+0800-c59753ae5b8f,ZI-4a98d425a04a5267f443db5e,DS-000276,数据库元数据,ETH,4小时;8小时;24小时;48小时,15分钟;1小时,未知,未知,未知,未知,未知,未知,未知,未知,未知,未登记,无,config/数据/来源身份声明补采.json#身份声明[],a2b503bee22e558d2a12983346f4c7750b97234e9839b5dd9f80db0bd3e4c3b1,63d1274ea3fb1103b26995399caac6aa6b1ff7dc21c80113d3c7a5ee47a9c26b,未知,未知,b3a1fc5ec72ad95e258b584f936ad46befab951e0ee9e43eaa18179e34974387,无法判定,DATABASE_METADATA_IDENTITY_UNPROVEN,本批次只读；若声明、输入、Schema或授权漂移，既有结论自动失效并须追加新批次,未读取业务正文、价格、成交、订单簿、账户或凭据；身份字段不完整,为该成员提供当前版本九字段声明及逐字段Schema、授权和唯一证据定位后追加不可变批次,2d50c1344a835ceeb832796935182aeff80bb03cecc5465c8cf3aaccbd446acd,86129966e4bc55fac18f2d7602a2309d4403f85861102128a56a80a5a0ccc1ea,153eddb1cc5ac3a18bcb47929e563d8bf8949442be8da719a76fb0564c26fd92
source-identity-declaration-20260808T051455+0800-c59753ae5b8f,ZI-8c6daa7a9cd03f72c0bb230c,DS-000277,数据库元数据,ETH,4小时;8小时;24小时;48小时,15分钟;1小时,未知,未知,未知,未知,未知,未知,未知,未知,未知,未登记,无,config/数据/来源身份声明补采.json#身份声明[],a2b503bee22e558d2a12983346f4c7750b97234e9839b5dd9f80db0bd3e4c3b1,e503bb6f17a82b37b897771791caaa1e29e80668c0428f0681b923834b9065f5,未知,未知,b3a1fc5ec72ad95e258b584f936ad46befab951e0ee9e43eaa18179e34974387,无法判定,DATABASE_METADATA_IDENTITY_UNPROVEN,本批次只读；若声明、输入、Schema或授权漂移，既有结论自动失效并须追加新批次,未读取业务正文、价格、成交、订单簿、账户或凭据；身份字段不完整,为该成员提供当前版本九字段声明及逐字段Schema、授权和唯一证据定位后追加不可变批次,2d50c1344a835ceeb832796935182aeff80bb03cecc5465c8cf3aaccbd446acd,86129966e4bc55fac18f2d7602a2309d4403f85861102128a56a80a5a0ccc1ea,9152e461a24e3ac9833850e51e9d957d89c4f2069ee0a64786333fefa9bf4948
source-identity-declaration-20260808T051455+0800-c59753ae5b8f,ZI-f5038d3566b0a032bcaf46c3,DS-000278,数据库元数据,ETH,4小时;8小时;24小时;48小时,15分钟;1小时,未知,未知,未知,未知,未知,未知,未知,未知,未知,未登记,无,config/数据/来源身份声明补采.json#身份声明[],a2b503bee22e558d2a12983346f4c7750b97234e9839b5dd9f80db0bd3e4c3b1,fa4552653682a5a645abc7d003707a2b955e9f15d42bfe64289d2fb28e2a191b,未知,未知,b3a1fc5ec72ad95e258b584f936ad46befab951e0ee9e43eaa18179e34974387,无法判定,DATABASE_METADATA_IDENTITY_UNPROVEN,本批次只读；若声明、输入、Schema或授权漂移，既有结论自动失效并须追加新批次,未读取业务正文、价格、成交、订单簿、账户或凭据；身份字段不完整,为该成员提供当前版本九字段声明及逐字段Schema、授权和唯一证据定位后追加不可变批次,2d50c1344a835ceeb832796935182aeff80bb03cecc5465c8cf3aaccbd446acd,86129966e4bc55fac18f2d7602a2309d4403f85861102128a56a80a5a0ccc1ea,b9fb90b74d0a8ffa14f759ea9d68d95e02a58fe5690fb72fffd3898bd4063d1a
source-identity-declaration-20260808T051455+0800-c59753ae5b8f,ZI-99863edc37bbc5802f2709fe,DS-000279,数据库元数据,ETH,4小时;8小时;24小时;48小时,15分钟;1小时,未知,未知,未知,未知,未知,未知,未知,未知,未知,未登记,无,config/数据/来源身份声明补采.json#身份声明[],a2b503bee22e558d2a12983346f4c7750b97234e9839b5dd9f80db0bd3e4c3b1,2d111721e4691350f2689d5218c339e609ff789ab1ffd957cf1e86f6c2e28de6,未知,未知,b3a1fc5ec72ad95e258b584f936ad46befab951e0ee9e43eaa18179e34974387,无法判定,DATABASE_METADATA_IDENTITY_UNPROVEN,本批次只读；若声明、输入、Schema或授权漂移，既有结论自动失效并须追加新批次,未读取业务正文、价格、成交、订单簿、账户或凭据；身份字段不完整,为该成员提供当前版本九字段声明及逐字段Schema、授权和唯一证据定位后追加不可变批次,2d50c1344a835ceeb832796935182aeff80bb03cecc5465c8cf3aaccbd446acd,86129966e4bc55fac18f2d7602a2309d4403f85861102128a56a80a5a0ccc1ea,702fd6c322919a96a2092f59afc4d11ba3d3e0a35021c783132f66639b870311
source-identity-declaration-20260808T051455+0800-c59753ae5b8f,ZI-4838a8566ae6f1897291aaa8,DS-000280,数据库元数据,ETH,4小时;8小时;24小时;48小时,15分钟;1小时,未知,未知,未知,未知,未知,未知,未知,未知,未知,未登记,无,config/数据/来源身份声明补采.json#身份声明[],a2b503bee22e558d2a12983346f4c7750b97234e9839b5dd9f80db0bd3e4c3b1,cac55077234265c74dafb73c9f43c185891c7807117d29f5189237391804df69,未知,未知,b3a1fc5ec72ad95e258b584f936ad46befab951e0ee9e43eaa18179e34974387,无法判定,DATABASE_METADATA_IDENTITY_UNPROVEN,本批次只读；若声明、输入、Schema或授权漂移，既有结论自动失效并须追加新批次,未读取业务正文、价格、成交、订单簿、账户或凭据；身份字段不完整,为该成员提供当前版本九字段声明及逐字段Schema、授权和唯一证据定位后追加不可变批次,2d50c1344a835ceeb832796935182aeff80bb03cecc5465c8cf3aaccbd446acd,86129966e4bc55fac18f2d7602a2309d4403f85861102128a56a80a5a0ccc1ea,a00f202ea04033fe759d4760c0181f2d863292615f4be958fa2ebca3733e4c9b
source-identity-declaration-20260808T051455+0800-c59753ae5b8f,ZI-ac1a52eb589873b5de99bc78,DS-000281,数据库元数据,ETH,4小时;8小时;24小时;48小时,15分钟;1小时,未知,未知,未知,未知,未知,未知,未知,未知,未知,未登记,无,config/数据/来源身份声明补采.json#身份声明[],a2b503bee22e558d2a12983346f4c7750b97234e9839b5dd9f80db0bd3e4c3b1,741c6415aff8d57d93fa7fc8db0f4bb0ff4bbf74847310eda08d9494ab0c9d11,未知,未知,b3a1fc5ec72ad95e258b584f936ad46befab951e0ee9e43eaa18179e34974387,无法判定,DATABASE_METADATA_IDENTITY_UNPROVEN,本批次只读；若声明、输入、Schema或授权漂移，既有结论自动失效并须追加新批次,未读取业务正文、价格、成交、订单簿、账户或凭据；身份字段不完整,为该成员提供当前版本九字段声明及逐字段Schema、授权和唯一证据定位后追加不可变批次,2d50c1344a835ceeb832796935182aeff80bb03cecc5465c8cf3aaccbd446acd,86129966e4bc55fac18f2d7602a2309d4403f85861102128a56a80a5a0ccc1ea,2b770321332e8615b86f9bc294a0271beed14f502fd1db87a728cf8a1e96738b
source-identity-declaration-20260808T051455+0800-c59753ae5b8f,ZI-bb8a6e82da48e6ac96cf106f,DS-000282,数据库元数据,ETH,4小时;8小时;24小时;48小时,15分钟;1小时,未知,未知,未知,未知,未知,未知,未知,未知,未知,未登记,无,config/数据/来源身份声明补采.json#身份声明[],a2b503bee22e558d2a12983346f4c7750b97234e9839b5dd9f80db0bd3e4c3b1,cc517e52dad87d6b0eb540fd207279b11705531034a2728e4ef4b5a54557fd22,未知,未知,b3a1fc5ec72ad95e258b584f936ad46befab951e0ee9e43eaa18179e34974387,无法判定,DATABASE_METADATA_IDENTITY_UNPROVEN,本批次只读；若声明、输入、Schema或授权漂移，既有结论自动失效并须追加新批次,未读取业务正文、价格、成交、订单簿、账户或凭据；身份字段不完整,为该成员提供当前版本九字段声明及逐字段Schema、授权和唯一证据定位后追加不可变批次,2d50c1344a835ceeb832796935182aeff80bb03cecc5465c8cf3aaccbd446acd,86129966e4bc55fac18f2d7602a2309d4403f85861102128a56a80a5a0ccc1ea,f5736f424db719d76b9d47a27d071f75f9431742e9898a3ca863e7ae512fcc8e
source-identity-declaration-20260808T051455+0800-c59753ae5b8f,ZI-b6f9c3dac81cba3b88c55ccc,DS-000283,数据库元数据,ETH,4小时;8小时;24小时;48小时,15分钟;1小时,未知,未知,未知,未知,未知,未知,未知,未知,未知,未登记,无,config/数据/来源身份声明补采.json#身份声明[],a2b503bee22e558d2a12983346f4c7750b97234e9839b5dd9f80db0bd3e4c3b1,7588ce35230cdca962b93d28bc9de83f177f830d6bb53403b474a03a29596210,未知,未知,b3a1fc5ec72ad95e258b584f936ad46befab951e0ee9e43eaa18179e34974387,无法判定,DATABASE_METADATA_IDENTITY_UNPROVEN,本批次只读；若声明、输入、Schema或授权漂移，既有结论自动失效并须追加新批次,未读取业务正文、价格、成交、订单簿、账户或凭据；身份字段不完整,为该成员提供当前版本九字段声明及逐字段Schema、授权和唯一证据定位后追加不可变批次,2d50c1344a835ceeb832796935182aeff80bb03cecc5465c8cf3aaccbd446acd,86129966e4bc55fac18f2d7602a2309d4403f85861102128a56a80a5a0ccc1ea,b027ca2c17921e6bc952db2554b2acd5df98fbb415d2f65528a0d20ac73844cf
source-identity-declaration-20260808T051455+0800-c59753ae5b8f,ZI-33515fc4212b910c8704867b,DS-000284,数据库元数据,ETH,4小时;8小时;24小时;48小时,15分钟;1小时,未知,未知,未知,未知,未知,未知,未知,未知,未知,未登记,无,config/数据/来源身份声明补采.json#身份声明[],a2b503bee22e558d2a12983346f4c7750b97234e9839b5dd9f80db0bd3e4c3b1,0809927212405ebae149f168b347d25ea15f080cd46ffe4f4dcf4e78c2021a92,未知,未知,b3a1fc5ec72ad95e258b584f936ad46befab951e0ee9e43eaa18179e34974387,无法判定,DATABASE_METADATA_IDENTITY_UNPROVEN,本批次只读；若声明、输入、Schema或授权漂移，既有结论自动失效并须追加新批次,未读取业务正文、价格、成交、订单簿、账户或凭据；身份字段不完整,为该成员提供当前版本九字段声明及逐字段Schema、授权和唯一证据定位后追加不可变批次,2d50c1344a835ceeb832796935182aeff80bb03cecc5465c8cf3aaccbd446acd,86129966e4bc55fac18f2d7602a2309d4403f85861102128a56a80a5a0ccc1ea,6ef135408eb7584b73f189cbe6ab5a3524c4f703764b05fd6ba4f0fecba332d3
source-identity-declaration-20260808T051455+0800-c59753ae5b8f,ZI-f9dd85c76eb8176d00956078,DS-000285,数据库元数据,ETH,4小时;8小时;24小时;48小时,15分钟;1小时,未知,未知,未知,未知,未知,未知,未知,未知,未知,未登记,无,config/数据/来源身份声明补采.json#身份声明[],a2b503bee22e558d2a12983346f4c7750b97234e9839b5dd9f80db0bd3e4c3b1,59f4b36536bca90c9ccbe3ed41c85a0edc295a6957a22310fb2e2dbacb47bd59,未知,未知,b3a1fc5ec72ad95e258b584f936ad46befab951e0ee9e43eaa18179e34974387,无法判定,DATABASE_METADATA_IDENTITY_UNPROVEN,本批次只读；若声明、输入、Schema或授权漂移，既有结论自动失效并须追加新批次,未读取业务正文、价格、成交、订单簿、账户或凭据；身份字段不完整,为该成员提供当前版本九字段声明及逐字段Schema、授权和唯一证据定位后追加不可变批次,2d50c1344a835ceeb832796935182aeff80bb03cecc5465c8cf3aaccbd446acd,86129966e4bc55fac18f2d7602a2309d4403f85861102128a56a80a5a0ccc1ea,70c2f9220edb00a2333ff1e722727754fa68f037612a2aacd59b4f879740e463
source-identity-declaration-20260808T051455+0800-c59753ae5b8f,ZI-2405f3bbc3b633e85a083048,DS-000286,数据库元数据,ETH,4小时;8小时;24小时;48小时,15分钟;1小时,未知,未知,未知,未知,未知,未知,未知,未知,未知,未登记,无,config/数据/来源身份声明补采.json#身份声明[],a2b503bee22e558d2a12983346f4c7750b97234e9839b5dd9f80db0bd3e4c3b1,845babdf7e1c3899916b9ca2f8a07abca6ea658ee7c99bc5a8581722420e6866,未知,未知,b3a1fc5ec72ad95e258b584f936ad46befab951e0ee9e43eaa18179e34974387,无法判定,DATABASE_METADATA_IDENTITY_UNPROVEN,本批次只读；若声明、输入、Schema或授权漂移，既有结论自动失效并须追加新批次,未读取业务正文、价格、成交、订单簿、账户或凭据；身份字段不完整,为该成员提供当前版本九字段声明及逐字段Schema、授权和唯一证据定位后追加不可变批次,2d50c1344a835ceeb832796935182aeff80bb03cecc5465c8cf3aaccbd446acd,86129966e4bc55fac18f2d7602a2309d4403f85861102128a56a80a5a0ccc1ea,aa3c9bef7bcddefed6ebceed4dd8072a97268e1f0ec417a90566e877bc9bb9f6
source-identity-declaration-20260808T051455+0800-c59753ae5b8f,ZI-4a3a0907e7d9408d9324f32f,DS-000287,数据库元数据,ETH,4小时;8小时;24小时;48小时,15分钟;1小时,未知,未知,未知,未知,未知,未知,未知,未知,未知,未登记,无,config/数据/来源身份声明补采.json#身份声明[],a2b503bee22e558d2a12983346f4c7750b97234e9839b5dd9f80db0bd3e4c3b1,098c9d16ac6b41d35e97a530549ca546b60c896225a4fb6c961fd5040621acdd,未知,未知,b3a1fc5ec72ad95e258b584f936ad46befab951e0ee9e43eaa18179e34974387,无法判定,DATABASE_METADATA_IDENTITY_UNPROVEN,本批次只读；若声明、输入、Schema或授权漂移，既有结论自动失效并须追加新批次,未读取业务正文、价格、成交、订单簿、账户或凭据；身份字段不完整,为该成员提供当前版本九字段声明及逐字段Schema、授权和唯一证据定位后追加不可变批次,2d50c1344a835ceeb832796935182aeff80bb03cecc5465c8cf3aaccbd446acd,86129966e4bc55fac18f2d7602a2309d4403f85861102128a56a80a5a0ccc1ea,a637baafe8d68f553ac376a1526790b1f09ee8e2d2e5d59fd27f9427c0220f7d
source-identity-declaration-20260808T051455+0800-c59753ae5b8f,ZI-5a9a391a9e494adad93ed2a1,DS-000288,数据库元数据,ETH,4小时;8小时;24小时;48小时,15分钟;1小时,未知,未知,未知,未知,未知,未知,未知,未知,未知,未登记,无,config/数据/来源身份声明补采.json#身份声明[],a2b503bee22e558d2a12983346f4c7750b97234e9839b5dd9f80db0bd3e4c3b1,0ce0fdb691110e99627216dcd51afe9a507bfdb7bddb9a15e93a834ce1b6bbba,未知,未知,b3a1fc5ec72ad95e258b584f936ad46befab951e0ee9e43eaa18179e34974387,无法判定,DATABASE_METADATA_IDENTITY_UNPROVEN,本批次只读；若声明、输入、Schema或授权漂移，既有结论自动失效并须追加新批次,未读取业务正文、价格、成交、订单簿、账户或凭据；身份字段不完整,为该成员提供当前版本九字段声明及逐字段Schema、授权和唯一证据定位后追加不可变批次,2d50c1344a835ceeb832796935182aeff80bb03cecc5465c8cf3aaccbd446acd,86129966e4bc55fac18f2d7602a2309d4403f85861102128a56a80a5a0ccc1ea,cf93482e5d489b26f6777ff4daf026085c38a356e5c6dad2511426a3626562b7
source-identity-declaration-20260808T051455+0800-c59753ae5b8f,ZI-c69fb4ea6efa32472592021e,DS-000289,数据库元数据,ETH,4小时;8小时;24小时;48小时,15分钟;1小时,未知,未知,未知,未知,未知,未知,未知,未知,未知,未登记,无,config/数据/来源身份声明补采.json#身份声明[],a2b503bee22e558d2a12983346f4c7750b97234e9839b5dd9f80db0bd3e4c3b1,facb3f58201be1d0111803a0969dfc2571e3fb220f2550a6773c2c5ec9e6704b,未知,未知,b3a1fc5ec72ad95e258b584f936ad46befab951e0ee9e43eaa18179e34974387,无法判定,DATABASE_METADATA_IDENTITY_UNPROVEN,本批次只读；若声明、输入、Schema或授权漂移，既有结论自动失效并须追加新批次,未读取业务正文、价格、成交、订单簿、账户或凭据；身份字段不完整,为该成员提供当前版本九字段声明及逐字段Schema、授权和唯一证据定位后追加不可变批次,2d50c1344a835ceeb832796935182aeff80bb03cecc5465c8cf3aaccbd446acd,86129966e4bc55fac18f2d7602a2309d4403f85861102128a56a80a5a0ccc1ea,194c7880ee7e660cd0fb140d1ba8a4852bf501bd8b1a9b886d5aa82ee08d08cf
source-identity-declaration-20260808T051455+0800-c59753ae5b8f,ZI-e83b0ea0cb4edb6fa92ef211,DS-000290,数据库元数据,ETH,4小时;8小时;24小时;48小时,15分钟;1小时,未知,未知,未知,未知,未知,未知,未知,未知,未知,未登记,无,config/数据/来源身份声明补采.json#身份声明[],a2b503bee22e558d2a12983346f4c7750b97234e9839b5dd9f80db0bd3e4c3b1,0161ed81721e89e4a3e6e49b017ca55645bd50ed66c63efb03184e7edd6322fa,未知,未知,b3a1fc5ec72ad95e258b584f936ad46befab951e0ee9e43eaa18179e34974387,无法判定,DATABASE_METADATA_IDENTITY_UNPROVEN,本批次只读；若声明、输入、Schema或授权漂移，既有结论自动失效并须追加新批次,未读取业务正文、价格、成交、订单簿、账户或凭据；身份字段不完整,为该成员提供当前版本九字段声明及逐字段Schema、授权和唯一证据定位后追加不可变批次,2d50c1344a835ceeb832796935182aeff80bb03cecc5465c8cf3aaccbd446acd,86129966e4bc55fac18f2d7602a2309d4403f85861102128a56a80a5a0ccc1ea,e3a37b95548c256a3cc4c44795450d016fefe224dce59e1fbb84a833ea92c17e
source-identity-declaration-20260808T051455+0800-c59753ae5b8f,ZI-d8011c433ebd2138a2305438,DS-000291,数据库元数据,ETH,4小时;8小时;24小时;48小时,15分钟;1小时,未知,未知,未知,未知,未知,未知,未知,未知,未知,未登记,无,config/数据/来源身份声明补采.json#身份声明[],a2b503bee22e558d2a12983346f4c7750b97234e9839b5dd9f80db0bd3e4c3b1,741fe59e6e2697d5dd227a7490ee195cc6895ce04818fde2fb5fbe2034a2ce81,未知,未知,b3a1fc5ec72ad95e258b584f936ad46befab951e0ee9e43eaa18179e34974387,无法判定,DATABASE_METADATA_IDENTITY_UNPROVEN,本批次只读；若声明、输入、Schema或授权漂移，既有结论自动失效并须追加新批次,未读取业务正文、价格、成交、订单簿、账户或凭据；身份字段不完整,为该成员提供当前版本九字段声明及逐字段Schema、授权和唯一证据定位后追加不可变批次,2d50c1344a835ceeb832796935182aeff80bb03cecc5465c8cf3aaccbd446acd,86129966e4bc55fac18f2d7602a2309d4403f85861102128a56a80a5a0ccc1ea,d1b0f954e327efca6b7eb82ee2f75f254da7fca5241d5295d5f65b7d121a116a
source-identity-declaration-20260808T051455+0800-c59753ae5b8f,ZI-8fbd9976355cbb8be5048b7f,DS-000292,数据库元数据,ETH,4小时;8小时;24小时;48小时,15分钟;1小时,未知,未知,未知,未知,未知,未知,未知,未知,未知,未登记,无,config/数据/来源身份声明补采.json#身份声明[],a2b503bee22e558d2a12983346f4c7750b97234e9839b5dd9f80db0bd3e4c3b1,d27b1f879c69916fdbbaa57607231145c16481c1e44a97e1b215aecb1cf8560a,未知,未知,b3a1fc5ec72ad95e258b584f936ad46befab951e0ee9e43eaa18179e34974387,无法判定,DATABASE_METADATA_IDENTITY_UNPROVEN,本批次只读；若声明、输入、Schema或授权漂移，既有结论自动失效并须追加新批次,未读取业务正文、价格、成交、订单簿、账户或凭据；身份字段不完整,为该成员提供当前版本九字段声明及逐字段Schema、授权和唯一证据定位后追加不可变批次,2d50c1344a835ceeb832796935182aeff80bb03cecc5465c8cf3aaccbd446acd,86129966e4bc55fac18f2d7602a2309d4403f85861102128a56a80a5a0ccc1ea,30d52b53dc066c2d4d03d6f2437c7c9e77d800981af522125ee9266bab6d80b6
source-identity-declaration-20260808T051455+0800-c59753ae5b8f,ZI-4063df41f07d941306cf1d83,DS-000293,数据库元数据,ETH,4小时;8小时;24小时;48小时,15分钟;1小时,未知,未知,未知,未知,未知,未知,未知,未知,未知,未登记,无,config/数据/来源身份声明补采.json#身份声明[],a2b503bee22e558d2a12983346f4c7750b97234e9839b5dd9f80db0bd3e4c3b1,905b8dcd9947a77fdc3bbd98eb8e21ae6935385a23c6b59bc3a9a9bf490a11ee,未知,未知,b3a1fc5ec72ad95e258b584f936ad46befab951e0ee9e43eaa18179e34974387,无法判定,DATABASE_METADATA_IDENTITY_UNPROVEN,本批次只读；若声明、输入、Schema或授权漂移，既有结论自动失效并须追加新批次,未读取业务正文、价格、成交、订单簿、账户或凭据；身份字段不完整,为该成员提供当前版本九字段声明及逐字段Schema、授权和唯一证据定位后追加不可变批次,2d50c1344a835ceeb832796935182aeff80bb03cecc5465c8cf3aaccbd446acd,86129966e4bc55fac18f2d7602a2309d4403f85861102128a56a80a5a0ccc1ea,c095133fdb7b51d98c81130fbf2585c88659c4e64ef4d255db29c67c9633f72e
source-identity-declaration-20260808T051455+0800-c59753ae5b8f,ZI-4cc05befd7c25420d6616745,DS-000294,数据库元数据,ETH,4小时;8小时;24小时;48小时,15分钟;1小时,未知,未知,未知,未知,未知,未知,未知,未知,未知,未登记,无,config/数据/来源身份声明补采.json#身份声明[],a2b503bee22e558d2a12983346f4c7750b97234e9839b5dd9f80db0bd3e4c3b1,6e0cb2f1b1667a8715c214ba9ec6ae7deec4b615f5f7be131aa817f0a8ad2f6f,未知,未知,b3a1fc5ec72ad95e258b584f936ad46befab951e0ee9e43eaa18179e34974387,无法判定,DATABASE_METADATA_IDENTITY_UNPROVEN,本批次只读；若声明、输入、Schema或授权漂移，既有结论自动失效并须追加新批次,未读取业务正文、价格、成交、订单簿、账户或凭据；身份字段不完整,为该成员提供当前版本九字段声明及逐字段Schema、授权和唯一证据定位后追加不可变批次,2d50c1344a835ceeb832796935182aeff80bb03cecc5465c8cf3aaccbd446acd,86129966e4bc55fac18f2d7602a2309d4403f85861102128a56a80a5a0ccc1ea,00a1a05b039165e921ede06c4157b16756ef180db93cf9631f4e3cf00b16312a
source-identity-declaration-20260808T051455+0800-c59753ae5b8f,ZI-144ccc0a1a75fb0a53e5d6a3,DS-000295,数据库元数据,ETH,4小时;8小时;24小时;48小时,15分钟;1小时,未知,未知,未知,未知,未知,未知,未知,未知,未知,未登记,无,config/数据/来源身份声明补采.json#身份声明[],a2b503bee22e558d2a12983346f4c7750b97234e9839b5dd9f80db0bd3e4c3b1,00b0e1303584f388a94ca8df6de78fd456403f5a27f9d9f3973b249efb0429a3,未知,未知,b3a1fc5ec72ad95e258b584f936ad46befab951e0ee9e43eaa18179e34974387,无法判定,DATABASE_METADATA_IDENTITY_UNPROVEN,本批次只读；若声明、输入、Schema或授权漂移，既有结论自动失效并须追加新批次,未读取业务正文、价格、成交、订单簿、账户或凭据；身份字段不完整,为该成员提供当前版本九字段声明及逐字段Schema、授权和唯一证据定位后追加不可变批次,2d50c1344a835ceeb832796935182aeff80bb03cecc5465c8cf3aaccbd446acd,86129966e4bc55fac18f2d7602a2309d4403f85861102128a56a80a5a0ccc1ea,5b8bbb79d282cbea5a6d689f338e4aa91abf6c04f5f9ca312d77421fd94d0ad4
source-identity-declaration-20260808T051455+0800-c59753ae5b8f,ZI-1978e354b3d643de7ef83426,DS-000296,数据库元数据,ETH,4小时;8小时;24小时;48小时,15分钟;1小时,未知,未知,未知,未知,未知,未知,未知,未知,未知,未登记,无,config/数据/来源身份声明补采.json#身份声明[],a2b503bee22e558d2a12983346f4c7750b97234e9839b5dd9f80db0bd3e4c3b1,840669cb99560c36aaa3d535c5e9358708208a5e91f514d4ff9ab0aed933b359,未知,未知,b3a1fc5ec72ad95e258b584f936ad46befab951e0ee9e43eaa18179e34974387,无法判定,DATABASE_METADATA_IDENTITY_UNPROVEN,本批次只读；若声明、输入、Schema或授权漂移，既有结论自动失效并须追加新批次,未读取业务正文、价格、成交、订单簿、账户或凭据；身份字段不完整,为该成员提供当前版本九字段声明及逐字段Schema、授权和唯一证据定位后追加不可变批次,2d50c1344a835ceeb832796935182aeff80bb03cecc5465c8cf3aaccbd446acd,86129966e4bc55fac18f2d7602a2309d4403f85861102128a56a80a5a0ccc1ea,b6c2d1f18dc909fcb404507661d5247e4423e16444aad75dab549e3d9aa60889
source-identity-declaration-20260808T051455+0800-c59753ae5b8f,ZI-3eac98ecd7d3ac093f446c61,DS-000297,数据库元数据,ETH,4小时;8小时;24小时;48小时,15分钟;1小时,未知,未知,未知,未知,未知,未知,未知,未知,未知,未登记,无,config/数据/来源身份声明补采.json#身份声明[],a2b503bee22e558d2a12983346f4c7750b97234e9839b5dd9f80db0bd3e4c3b1,519fe32d9d7992508e1eb36adb1f37154c6813e2e5c04f9a5dfe2cdffcf5cfde,未知,未知,b3a1fc5ec72ad95e258b584f936ad46befab951e0ee9e43eaa18179e34974387,无法判定,DATABASE_METADATA_IDENTITY_UNPROVEN,本批次只读；若声明、输入、Schema或授权漂移，既有结论自动失效并须追加新批次,未读取业务正文、价格、成交、订单簿、账户或凭据；身份字段不完整,为该成员提供当前版本九字段声明及逐字段Schema、授权和唯一证据定位后追加不可变批次,2d50c1344a835ceeb832796935182aeff80bb03cecc5465c8cf3aaccbd446acd,86129966e4bc55fac18f2d7602a2309d4403f85861102128a56a80a5a0ccc1ea,846665ae83b1849c892b92bc21b600547d2fc078ffc0a861ddce9650c52bf5de
source-identity-declaration-20260808T051455+0800-c59753ae5b8f,ZI-8ba1d56866fa54799303bdc1,DS-000298,数据库元数据,ETH,4小时;8小时;24小时;48小时,15分钟;1小时,未知,未知,未知,未知,未知,未知,未知,未知,未知,未登记,无,config/数据/来源身份声明补采.json#身份声明[],a2b503bee22e558d2a12983346f4c7750b97234e9839b5dd9f80db0bd3e4c3b1,64eb968ce0af5c19dc13ae90b7b806bd0d73999377991bbb47f2975459c7adde,未知,未知,b3a1fc5ec72ad95e258b584f936ad46befab951e0ee9e43eaa18179e34974387,无法判定,DATABASE_METADATA_IDENTITY_UNPROVEN,本批次只读；若声明、输入、Schema或授权漂移，既有结论自动失效并须追加新批次,未读取业务正文、价格、成交、订单簿、账户或凭据；身份字段不完整,为该成员提供当前版本九字段声明及逐字段Schema、授权和唯一证据定位后追加不可变批次,2d50c1344a835ceeb832796935182aeff80bb03cecc5465c8cf3aaccbd446acd,86129966e4bc55fac18f2d7602a2309d4403f85861102128a56a80a5a0ccc1ea,cf1b9ed6a8a8598d73c08764d918cbc2c11138dec996b26388359e310c0d67d2
source-identity-declaration-20260808T051455+0800-c59753ae5b8f,ZI-3bf85e0f2ad7b5ac22b13df9,DS-000299,数据库元数据,ETH,4小时;8小时;24小时;48小时,15分钟;1小时,未知,未知,未知,未知,未知,未知,未知,未知,未知,未登记,无,config/数据/来源身份声明补采.json#身份声明[],a2b503bee22e558d2a12983346f4c7750b97234e9839b5dd9f80db0bd3e4c3b1,7572c0a41b5a2a39c80656f400dbe60f8ab0bd79c0fb5c3e7b44fee53f730755,未知,未知,b3a1fc5ec72ad95e258b584f936ad46befab951e0ee9e43eaa18179e34974387,无法判定,DATABASE_METADATA_IDENTITY_UNPROVEN,本批次只读；若声明、输入、Schema或授权漂移，既有结论自动失效并须追加新批次,未读取业务正文、价格、成交、订单簿、账户或凭据；身份字段不完整,为该成员提供当前版本九字段声明及逐字段Schema、授权和唯一证据定位后追加不可变批次,2d50c1344a835ceeb832796935182aeff80bb03cecc5465c8cf3aaccbd446acd,86129966e4bc55fac18f2d7602a2309d4403f85861102128a56a80a5a0ccc1ea,3e3201eb63cbab0f06be5742927af24db30291d2bb7bc37deacf32499588c4ed
source-identity-declaration-20260808T051455+0800-c59753ae5b8f,ZI-e99571832236a361ee30db4d,DS-000300,数据库元数据,ETH,4小时;8小时;24小时;48小时,15分钟;1小时,未知,未知,未知,未知,未知,未知,未知,未知,未知,未登记,无,config/数据/来源身份声明补采.json#身份声明[],a2b503bee22e558d2a12983346f4c7750b97234e9839b5dd9f80db0bd3e4c3b1,2e8a058057540064073e8868839e18fe0dcf848fcecc872fe0f732e40796d068,未知,未知,b3a1fc5ec72ad95e258b584f936ad46befab951e0ee9e43eaa18179e34974387,无法判定,DATABASE_METADATA_IDENTITY_UNPROVEN,本批次只读；若声明、输入、Schema或授权漂移，既有结论自动失效并须追加新批次,未读取业务正文、价格、成交、订单簿、账户或凭据；身份字段不完整,为该成员提供当前版本九字段声明及逐字段Schema、授权和唯一证据定位后追加不可变批次,2d50c1344a835ceeb832796935182aeff80bb03cecc5465c8cf3aaccbd446acd,86129966e4bc55fac18f2d7602a2309d4403f85861102128a56a80a5a0ccc1ea,e9255c1037e2a30f378c0cc4050f5a850c45d2972e95d136597e715979802741
source-identity-declaration-20260808T051455+0800-c59753ae5b8f,ZI-ad9a2f4d9b2c7b77cf51ff68,DS-000301,数据库元数据,ETH,4小时;8小时;24小时;48小时,15分钟;1小时,未知,未知,未知,未知,未知,未知,未知,未知,未知,未登记,无,config/数据/来源身份声明补采.json#身份声明[],a2b503bee22e558d2a12983346f4c7750b97234e9839b5dd9f80db0bd3e4c3b1,68f2f1d195a17ce77287aa8d9a2fddb75a21fdd657b03eaab6484f64e3fa61e6,未知,未知,b3a1fc5ec72ad95e258b584f936ad46befab951e0ee9e43eaa18179e34974387,无法判定,DATABASE_METADATA_IDENTITY_UNPROVEN,本批次只读；若声明、输入、Schema或授权漂移，既有结论自动失效并须追加新批次,未读取业务正文、价格、成交、订单簿、账户或凭据；身份字段不完整,为该成员提供当前版本九字段声明及逐字段Schema、授权和唯一证据定位后追加不可变批次,2d50c1344a835ceeb832796935182aeff80bb03cecc5465c8cf3aaccbd446acd,86129966e4bc55fac18f2d7602a2309d4403f85861102128a56a80a5a0ccc1ea,88722670bcca451387f28f81e204bd69f4b0498a7405671d71dce5e868277077
source-identity-declaration-20260808T051455+0800-c59753ae5b8f,ZI-761cbb729e42b90656bd3f8e,DS-000302,数据库元数据,ETH,4小时;8小时;24小时;48小时,15分钟;1小时,未知,未知,未知,未知,未知,未知,未知,未知,未知,未登记,无,config/数据/来源身份声明补采.json#身份声明[],a2b503bee22e558d2a12983346f4c7750b97234e9839b5dd9f80db0bd3e4c3b1,e8d81d71207f009298d9aa62cd4ca70df93f6bd9915064653ce32f4250ba9119,未知,未知,b3a1fc5ec72ad95e258b584f936ad46befab951e0ee9e43eaa18179e34974387,无法判定,DATABASE_METADATA_IDENTITY_UNPROVEN,本批次只读；若声明、输入、Schema或授权漂移，既有结论自动失效并须追加新批次,未读取业务正文、价格、成交、订单簿、账户或凭据；身份字段不完整,为该成员提供当前版本九字段声明及逐字段Schema、授权和唯一证据定位后追加不可变批次,2d50c1344a835ceeb832796935182aeff80bb03cecc5465c8cf3aaccbd446acd,86129966e4bc55fac18f2d7602a2309d4403f85861102128a56a80a5a0ccc1ea,a2ce742cd69716e9276c4ee2110d210975a2d0657d66642b35e3c5894d20ff31
source-identity-declaration-20260808T051455+0800-c59753ae5b8f,ZI-ba2b9396a30a8158da23a396,DS-000303,数据库元数据,ETH,4小时;8小时;24小时;48小时,15分钟;1小时,未知,未知,未知,未知,未知,未知,未知,未知,未知,未登记,无,config/数据/来源身份声明补采.json#身份声明[],a2b503bee22e558d2a12983346f4c7750b97234e9839b5dd9f80db0bd3e4c3b1,2fc35c9965af5ebfd8dc154f1e3abc90aab6452dcabcb63be6c0ba42b99b66ae,未知,未知,b3a1fc5ec72ad95e258b584f936ad46befab951e0ee9e43eaa18179e34974387,无法判定,DATABASE_METADATA_IDENTITY_UNPROVEN,本批次只读；若声明、输入、Schema或授权漂移，既有结论自动失效并须追加新批次,未读取业务正文、价格、成交、订单簿、账户或凭据；身份字段不完整,为该成员提供当前版本九字段声明及逐字段Schema、授权和唯一证据定位后追加不可变批次,2d50c1344a835ceeb832796935182aeff80bb03cecc5465c8cf3aaccbd446acd,86129966e4bc55fac18f2d7602a2309d4403f85861102128a56a80a5a0ccc1ea,add48fec5fd86f7261c61045acf3e52ef8ab3b31b28e9307ca323e36a8038f82
source-identity-declaration-20260808T051455+0800-c59753ae5b8f,ZI-e1e37aa8d03d6a4717ac26cd,DS-000304,数据库元数据,ETH,4小时;8小时;24小时;48小时,15分钟;1小时,未知,未知,未知,未知,未知,未知,未知,未知,未知,未登记,无,config/数据/来源身份声明补采.json#身份声明[],a2b503bee22e558d2a12983346f4c7750b97234e9839b5dd9f80db0bd3e4c3b1,c2c9fa3961b41e9e259be6490ed521b9165aadf0b1b4b1916440fb67cae1c923,未知,未知,b3a1fc5ec72ad95e258b584f936ad46befab951e0ee9e43eaa18179e34974387,无法判定,DATABASE_METADATA_IDENTITY_UNPROVEN,本批次只读；若声明、输入、Schema或授权漂移，既有结论自动失效并须追加新批次,未读取业务正文、价格、成交、订单簿、账户或凭据；身份字段不完整,为该成员提供当前版本九字段声明及逐字段Schema、授权和唯一证据定位后追加不可变批次,2d50c1344a835ceeb832796935182aeff80bb03cecc5465c8cf3aaccbd446acd,86129966e4bc55fac18f2d7602a2309d4403f85861102128a56a80a5a0ccc1ea,a1add50b0e768ec99d7339d8776d36127a8eca92055ab3ff8c24bd7fea78daee
source-identity-declaration-20260808T051455+0800-c59753ae5b8f,ZI-69da4a00e49aba44ff106904,DS-000305,数据库元数据,ETH,4小时;8小时;24小时;48小时,15分钟;1小时,未知,未知,未知,未知,未知,未知,未知,未知,未知,未登记,无,config/数据/来源身份声明补采.json#身份声明[],a2b503bee22e558d2a12983346f4c7750b97234e9839b5dd9f80db0bd3e4c3b1,64f87095fb4955a4cfbe2e6f8e643fa38d859fef411eb73741cdd2be79d23468,未知,未知,b3a1fc5ec72ad95e258b584f936ad46befab951e0ee9e43eaa18179e34974387,无法判定,DATABASE_METADATA_IDENTITY_UNPROVEN,本批次只读；若声明、输入、Schema或授权漂移，既有结论自动失效并须追加新批次,未读取业务正文、价格、成交、订单簿、账户或凭据；身份字段不完整,为该成员提供当前版本九字段声明及逐字段Schema、授权和唯一证据定位后追加不可变批次,2d50c1344a835ceeb832796935182aeff80bb03cecc5465c8cf3aaccbd446acd,86129966e4bc55fac18f2d7602a2309d4403f85861102128a56a80a5a0ccc1ea,39fede57245a81c96fd35fb101191f24fa4d0246a38afaf4e46208dab5b1974d
source-identity-declaration-20260808T051455+0800-c59753ae5b8f,ZI-68075d8d85399614caa868f9,DS-000306,数据库元数据,ETH,4小时;8小时;24小时;48小时,15分钟;1小时,未知,未知,未知,未知,未知,未知,未知,未知,未知,未登记,无,config/数据/来源身份声明补采.json#身份声明[],a2b503bee22e558d2a12983346f4c7750b97234e9839b5dd9f80db0bd3e4c3b1,93e7c4e4eac3841772d4795c85297a7e79c010b12b8cf30b7a3ff8517f7146e9,未知,未知,b3a1fc5ec72ad95e258b584f936ad46befab951e0ee9e43eaa18179e34974387,无法判定,DATABASE_METADATA_IDENTITY_UNPROVEN,本批次只读；若声明、输入、Schema或授权漂移，既有结论自动失效并须追加新批次,未读取业务正文、价格、成交、订单簿、账户或凭据；身份字段不完整,为该成员提供当前版本九字段声明及逐字段Schema、授权和唯一证据定位后追加不可变批次,2d50c1344a835ceeb832796935182aeff80bb03cecc5465c8cf3aaccbd446acd,86129966e4bc55fac18f2d7602a2309d4403f85861102128a56a80a5a0ccc1ea,fdd4ecff05c0e6825c391e4d6b2b373e3de9a1efca9d16a5543da26bf3e77f57
source-identity-declaration-20260808T051455+0800-c59753ae5b8f,ZI-84d1575654e50459998a6d2c,DS-000307,数据库元数据,ETH,4小时;8小时;24小时;48小时,15分钟;1小时,未知,未知,未知,未知,未知,未知,未知,未知,未知,未登记,无,config/数据/来源身份声明补采.json#身份声明[],a2b503bee22e558d2a12983346f4c7750b97234e9839b5dd9f80db0bd3e4c3b1,f951a13aeb2596cef4686717db03149070ba793813ddb720dac7f5c236b8dccd,未知,未知,b3a1fc5ec72ad95e258b584f936ad46befab951e0ee9e43eaa18179e34974387,无法判定,DATABASE_METADATA_IDENTITY_UNPROVEN,本批次只读；若声明、输入、Schema或授权漂移，既有结论自动失效并须追加新批次,未读取业务正文、价格、成交、订单簿、账户或凭据；身份字段不完整,为该成员提供当前版本九字段声明及逐字段Schema、授权和唯一证据定位后追加不可变批次,2d50c1344a835ceeb832796935182aeff80bb03cecc5465c8cf3aaccbd446acd,86129966e4bc55fac18f2d7602a2309d4403f85861102128a56a80a5a0ccc1ea,76ce805b06ac46d7185b7f9fe1c23f98889e63e4b85dbdb99bae8d3f9df026c3
source-identity-declaration-20260808T051455+0800-c59753ae5b8f,ZI-4a88ba0259b171e49f43b735,DS-000308,数据库元数据,ETH,4小时;8小时;24小时;48小时,15分钟;1小时,未知,未知,未知,未知,未知,未知,未知,未知,未知,未登记,无,config/数据/来源身份声明补采.json#身份声明[],a2b503bee22e558d2a12983346f4c7750b97234e9839b5dd9f80db0bd3e4c3b1,8325e80640f1b6415b025ce8839ede1edf84d7984d84e0e4a7de7cae12f2fdfc,未知,未知,b3a1fc5ec72ad95e258b584f936ad46befab951e0ee9e43eaa18179e34974387,无法判定,DATABASE_METADATA_IDENTITY_UNPROVEN,本批次只读；若声明、输入、Schema或授权漂移，既有结论自动失效并须追加新批次,未读取业务正文、价格、成交、订单簿、账户或凭据；身份字段不完整,为该成员提供当前版本九字段声明及逐字段Schema、授权和唯一证据定位后追加不可变批次,2d50c1344a835ceeb832796935182aeff80bb03cecc5465c8cf3aaccbd446acd,86129966e4bc55fac18f2d7602a2309d4403f85861102128a56a80a5a0ccc1ea,6ab603730166bec05973fdeb24cab08570d43a87310c98059da0aeb6fe1c5983
source-identity-declaration-20260808T051455+0800-c59753ae5b8f,ZI-9e3ac8b171f4d5c0d23aaf96,DS-000309,数据库元数据,ETH,4小时;8小时;24小时;48小时,15分钟;1小时,未知,未知,未知,未知,未知,未知,未知,未知,未知,未登记,无,config/数据/来源身份声明补采.json#身份声明[],a2b503bee22e558d2a12983346f4c7750b97234e9839b5dd9f80db0bd3e4c3b1,31401b834ceb9f05e15f20aead63529cec7ac915394e5e58399ff7267639644e,未知,未知,b3a1fc5ec72ad95e258b584f936ad46befab951e0ee9e43eaa18179e34974387,无法判定,DATABASE_METADATA_IDENTITY_UNPROVEN,本批次只读；若声明、输入、Schema或授权漂移，既有结论自动失效并须追加新批次,未读取业务正文、价格、成交、订单簿、账户或凭据；身份字段不完整,为该成员提供当前版本九字段声明及逐字段Schema、授权和唯一证据定位后追加不可变批次,2d50c1344a835ceeb832796935182aeff80bb03cecc5465c8cf3aaccbd446acd,86129966e4bc55fac18f2d7602a2309d4403f85861102128a56a80a5a0ccc1ea,aea4b1e8141e6c5c43d80e9cc1de0bf046fddc70dbc319c48691a586f170e77b
source-identity-declaration-20260808T051455+0800-c59753ae5b8f,ZI-102e25a0c8a2236a75003318,DS-000310,数据库元数据,ETH,4小时;8小时;24小时;48小时,15分钟;1小时,未知,未知,未知,未知,未知,未知,未知,未知,未知,未登记,无,config/数据/来源身份声明补采.json#身份声明[],a2b503bee22e558d2a12983346f4c7750b97234e9839b5dd9f80db0bd3e4c3b1,ac10b24605fd1b3d106ccfff94457604218999ca63a55631072e36d168a1244b,未知,未知,b3a1fc5ec72ad95e258b584f936ad46befab951e0ee9e43eaa18179e34974387,无法判定,DATABASE_METADATA_IDENTITY_UNPROVEN,本批次只读；若声明、输入、Schema或授权漂移，既有结论自动失效并须追加新批次,未读取业务正文、价格、成交、订单簿、账户或凭据；身份字段不完整,为该成员提供当前版本九字段声明及逐字段Schema、授权和唯一证据定位后追加不可变批次,2d50c1344a835ceeb832796935182aeff80bb03cecc5465c8cf3aaccbd446acd,86129966e4bc55fac18f2d7602a2309d4403f85861102128a56a80a5a0ccc1ea,43b389e415ec1b86981d12458bbd02f61d996200210de9c8086046c9249d70f0
source-identity-declaration-20260808T051455+0800-c59753ae5b8f,ZI-62d623e701e08ace29bb1ac9,DS-000311,数据库元数据,ETH,4小时;8小时;24小时;48小时,15分钟;1小时,未知,未知,未知,未知,未知,未知,未知,未知,未知,未登记,无,config/数据/来源身份声明补采.json#身份声明[],a2b503bee22e558d2a12983346f4c7750b97234e9839b5dd9f80db0bd3e4c3b1,57408a49d126b606bdaf83ab4bb7bd02b4710b2376040c3190ae1bd4473d4d85,未知,未知,b3a1fc5ec72ad95e258b584f936ad46befab951e0ee9e43eaa18179e34974387,无法判定,DATABASE_METADATA_IDENTITY_UNPROVEN,本批次只读；若声明、输入、Schema或授权漂移，既有结论自动失效并须追加新批次,未读取业务正文、价格、成交、订单簿、账户或凭据；身份字段不完整,为该成员提供当前版本九字段声明及逐字段Schema、授权和唯一证据定位后追加不可变批次,2d50c1344a835ceeb832796935182aeff80bb03cecc5465c8cf3aaccbd446acd,86129966e4bc55fac18f2d7602a2309d4403f85861102128a56a80a5a0ccc1ea,21439fe9c51e836c11fce687731277788e4a5941980519debd08fede520a37c0
source-identity-declaration-20260808T051455+0800-c59753ae5b8f,ZI-5144341657b9fb567646104a,DS-000312,数据库元数据,ETH,4小时;8小时;24小时;48小时,15分钟;1小时,未知,未知,未知,未知,未知,未知,未知,未知,未知,未登记,无,config/数据/来源身份声明补采.json#身份声明[],a2b503bee22e558d2a12983346f4c7750b97234e9839b5dd9f80db0bd3e4c3b1,24985dde3d2f6f5a945237e33c528ce0e95350fb8b3217ef26e40ffd00f660b3,未知,未知,b3a1fc5ec72ad95e258b584f936ad46befab951e0ee9e43eaa18179e34974387,无法判定,DATABASE_METADATA_IDENTITY_UNPROVEN,本批次只读；若声明、输入、Schema或授权漂移，既有结论自动失效并须追加新批次,未读取业务正文、价格、成交、订单簿、账户或凭据；身份字段不完整,为该成员提供当前版本九字段声明及逐字段Schema、授权和唯一证据定位后追加不可变批次,2d50c1344a835ceeb832796935182aeff80bb03cecc5465c8cf3aaccbd446acd,86129966e4bc55fac18f2d7602a2309d4403f85861102128a56a80a5a0ccc1ea,d2bb602453288698382c32183633b4d1bcf7adf8d7145d5216a8a4514ee5d8f3
source-identity-declaration-20260808T051455+0800-c59753ae5b8f,ZI-881152f96d8e9e4844ae24e9,DS-000313,数据库元数据,ETH,4小时;8小时;24小时;48小时,15分钟;1小时,未知,未知,未知,未知,未知,未知,未知,未知,未知,未登记,无,config/数据/来源身份声明补采.json#身份声明[],a2b503bee22e558d2a12983346f4c7750b97234e9839b5dd9f80db0bd3e4c3b1,fbf6a194337eeb0d40c519c90f46b6442593773512e0e365faa6d9c1d6f562cf,未知,未知,b3a1fc5ec72ad95e258b584f936ad46befab951e0ee9e43eaa18179e34974387,无法判定,DATABASE_METADATA_IDENTITY_UNPROVEN,本批次只读；若声明、输入、Schema或授权漂移，既有结论自动失效并须追加新批次,未读取业务正文、价格、成交、订单簿、账户或凭据；身份字段不完整,为该成员提供当前版本九字段声明及逐字段Schema、授权和唯一证据定位后追加不可变批次,2d50c1344a835ceeb832796935182aeff80bb03cecc5465c8cf3aaccbd446acd,86129966e4bc55fac18f2d7602a2309d4403f85861102128a56a80a5a0ccc1ea,17dc54d1230e4c626c09d90d19631df7967853a822841605ecf2b1b8f8fec12a
source-identity-declaration-20260808T051455+0800-c59753ae5b8f,ZI-147c7f9873fd47a2fa435551,DS-000314,数据库元数据,ETH,4小时;8小时;24小时;48小时,15分钟;1小时,未知,未知,未知,未知,未知,未知,未知,未知,未知,未登记,无,config/数据/来源身份声明补采.json#身份声明[],a2b503bee22e558d2a12983346f4c7750b97234e9839b5dd9f80db0bd3e4c3b1,9db3a44ee859910c7b18a87c166d510b153a770c91474a6c557219b2815719be,未知,未知,b3a1fc5ec72ad95e258b584f936ad46befab951e0ee9e43eaa18179e34974387,无法判定,DATABASE_METADATA_IDENTITY_UNPROVEN,本批次只读；若声明、输入、Schema或授权漂移，既有结论自动失效并须追加新批次,未读取业务正文、价格、成交、订单簿、账户或凭据；身份字段不完整,为该成员提供当前版本九字段声明及逐字段Schema、授权和唯一证据定位后追加不可变批次,2d50c1344a835ceeb832796935182aeff80bb03cecc5465c8cf3aaccbd446acd,86129966e4bc55fac18f2d7602a2309d4403f85861102128a56a80a5a0ccc1ea,b8ba48b3bb9adf5943919eb4665e94bd5c1db5bb9ee2bea64d4f7f6869ab2518
source-identity-declaration-20260808T051455+0800-c59753ae5b8f,ZI-c724dd65f9c74cf7dbb14cf6,DS-000315,数据库元数据,ETH,4小时;8小时;24小时;48小时,15分钟;1小时,未知,未知,未知,未知,未知,未知,未知,未知,未知,未登记,无,config/数据/来源身份声明补采.json#身份声明[],a2b503bee22e558d2a12983346f4c7750b97234e9839b5dd9f80db0bd3e4c3b1,28745a43fd92afac3d70cee4ddad3491844d97472d4dda22369d8ad811b9cb19,未知,未知,b3a1fc5ec72ad95e258b584f936ad46befab951e0ee9e43eaa18179e34974387,无法判定,DATABASE_METADATA_IDENTITY_UNPROVEN,本批次只读；若声明、输入、Schema或授权漂移，既有结论自动失效并须追加新批次,未读取业务正文、价格、成交、订单簿、账户或凭据；身份字段不完整,为该成员提供当前版本九字段声明及逐字段Schema、授权和唯一证据定位后追加不可变批次,2d50c1344a835ceeb832796935182aeff80bb03cecc5465c8cf3aaccbd446acd,86129966e4bc55fac18f2d7602a2309d4403f85861102128a56a80a5a0ccc1ea,c68fce5d39b73853b54ffce7a491d7406adb236065b76ce00487db107869dc48
source-identity-declaration-20260808T051455+0800-c59753ae5b8f,ZI-c9eec3c9abb8d328fed09cf7,DS-000316,数据库元数据,ETH,4小时;8小时;24小时;48小时,15分钟;1小时,未知,未知,未知,未知,未知,未知,未知,未知,未知,未登记,无,config/数据/来源身份声明补采.json#身份声明[],a2b503bee22e558d2a12983346f4c7750b97234e9839b5dd9f80db0bd3e4c3b1,993ed72bd9aee1183676bb2ffb712c4bb01996d8dc0f601b657d49e62b1cc37c,未知,未知,b3a1fc5ec72ad95e258b584f936ad46befab951e0ee9e43eaa18179e34974387,无法判定,DATABASE_METADATA_IDENTITY_UNPROVEN,本批次只读；若声明、输入、Schema或授权漂移，既有结论自动失效并须追加新批次,未读取业务正文、价格、成交、订单簿、账户或凭据；身份字段不完整,为该成员提供当前版本九字段声明及逐字段Schema、授权和唯一证据定位后追加不可变批次,2d50c1344a835ceeb832796935182aeff80bb03cecc5465c8cf3aaccbd446acd,86129966e4bc55fac18f2d7602a2309d4403f85861102128a56a80a5a0ccc1ea,698c539e8c16c3579562c6393c89be780414abc10ccc2d7822e1f1d7d6bf1dc2
