来源身份声明批次,成员编号,资产编号,资产类型,标的,主研究尺度,结果观察窗口,来源提供者,交易场所,市场类型,标的身份,精确合约,数据对象,Schema确切版本,授权边界,字段中文映射,声明来源,声明版本,证据定位,证据文件SHA-256,输入成员SHA-256,远端元数据SHA-256,Schema指纹,授权快照SHA-256,状态,原因代码,撤销事实,限制,解除条件,规则SHA-256,执行器SHA-256,成员记录SHA-256
source-identity-declaration-20260808T051008+0800-7cf99a5ed6b9,ZI-bf37564aac87c9161a93ff81,DS-000001,候选数据文件,BTC,4小时;8小时;24小时;48小时,15分钟;1小时,未知,未知,未知,未知,未知,未知,未知,未知,未知,未登记,无,config/数据/来源身份声明补采.json#身份声明[],f9cf6f2a34762867a443c0a0366a7fd63f6eb254ce171133707efd3aa521c683,6f210f5cac4068efe59c05ccd83b4aa2dd366ae73b635fbc253611e4e60c34bb,320a1c78a4cd74b9b8d156bc1a01b4f3c66f4b314c9970a906a75760fc24d391,未知,b3a1fc5ec72ad95e258b584f936ad46befab951e0ee9e43eaa18179e34974387,拒绝,INPUT_MEMBER_REJECTED,本批次只读；若声明、输入、Schema或授权漂移，既有结论自动失效并须追加新批次,未读取业务正文、价格、成交、订单簿、账户或凭据；身份字段不完整,为该成员提供当前版本九字段声明及逐字段Schema、授权和唯一证据定位后追加不可变批次,2d50c1344a835ceeb832796935182aeff80bb03cecc5465c8cf3aaccbd446acd,86129966e4bc55fac18f2d7602a2309d4403f85861102128a56a80a5a0ccc1ea,500c42b9fc51d3ae5379df9a13a03307a4c143d0b2c8f2f1b40ebeb9fd4dfa07
source-identity-declaration-20260808T051008+0800-7cf99a5ed6b9,ZI-3846d7813100d3d883f9e584,DS-000002,候选数据文件,BTC,4小时;8小时;24小时;48小时,15分钟;1小时,未知,未知,未知,未知,未知,未知,未知,未知,未知,未登记,无,config/数据/来源身份声明补采.json#身份声明[],f9cf6f2a34762867a443c0a0366a7fd63f6eb254ce171133707efd3aa521c683,6b54cfaecaba756425d105f3eb174d67dda343b196c6d4d553b4ccf22dac9a4b,c1fca4bfb6236fbcc08d28c45d10a7c574d6bd84136ec84c1da40ed53f97d4de,未知,b3a1fc5ec72ad95e258b584f936ad46befab951e0ee9e43eaa18179e34974387,无法判定,FILE_STAT_OBSERVED_IDENTITY_UNPROVEN,本批次只读；若声明、输入、Schema或授权漂移，既有结论自动失效并须追加新批次,未读取业务正文、价格、成交、订单簿、账户或凭据；身份字段不完整,为该成员提供当前版本九字段声明及逐字段Schema、授权和唯一证据定位后追加不可变批次,2d50c1344a835ceeb832796935182aeff80bb03cecc5465c8cf3aaccbd446acd,86129966e4bc55fac18f2d7602a2309d4403f85861102128a56a80a5a0ccc1ea,d46e53cad2b802aa172e170016a22d312603d2961ea1be309ac0ad4904925c39
source-identity-declaration-20260808T051008+0800-7cf99a5ed6b9,ZI-bad7fbdd2fd2ed50c31757ed,DS-000003,候选数据文件,BTC,4小时;8小时;24小时;48小时,15分钟;1小时,未知,未知,未知,未知,未知,未知,未知,未知,未知,未登记,无,config/数据/来源身份声明补采.json#身份声明[],f9cf6f2a34762867a443c0a0366a7fd63f6eb254ce171133707efd3aa521c683,eed06d83a64889d174bf4470b7f403841c1b8cbef394fdcd7d26373548bc330a,5e5bb8ec43c73120c4a424eaed68bbb10c9e9070e8420761d724e1829b18f01c,未知,b3a1fc5ec72ad95e258b584f936ad46befab951e0ee9e43eaa18179e34974387,无法判定,FILE_STAT_OBSERVED_IDENTITY_UNPROVEN,本批次只读；若声明、输入、Schema或授权漂移，既有结论自动失效并须追加新批次,未读取业务正文、价格、成交、订单簿、账户或凭据；身份字段不完整,为该成员提供当前版本九字段声明及逐字段Schema、授权和唯一证据定位后追加不可变批次,2d50c1344a835ceeb832796935182aeff80bb03cecc5465c8cf3aaccbd446acd,86129966e4bc55fac18f2d7602a2309d4403f85861102128a56a80a5a0ccc1ea,82daedc1efbdddca63013be0312c9b6144d4aefd04af4dfefb52e1450f72ff10
source-identity-declaration-20260808T051008+0800-7cf99a5ed6b9,ZI-4dee483dff86ed829a01f96f,DS-000004,候选数据文件,BTC,4小时;8小时;24小时;48小时,15分钟;1小时,未知,未知,未知,未知,未知,未知,未知,未知,未知,未登记,无,config/数据/来源身份声明补采.json#身份声明[],f9cf6f2a34762867a443c0a0366a7fd63f6eb254ce171133707efd3aa521c683,f294fc879772804fde50e9093715f6f79193e34ec200003d39435c80c660dc0f,3287b26322b71db0be85d5072577cd04be5b75d46310013bd7fcb182d2050e05,未知,b3a1fc5ec72ad95e258b584f936ad46befab951e0ee9e43eaa18179e34974387,无法判定,FILE_STAT_OBSERVED_IDENTITY_UNPROVEN,本批次只读；若声明、输入、Schema或授权漂移，既有结论自动失效并须追加新批次,未读取业务正文、价格、成交、订单簿、账户或凭据；身份字段不完整,为该成员提供当前版本九字段声明及逐字段Schema、授权和唯一证据定位后追加不可变批次,2d50c1344a835ceeb832796935182aeff80bb03cecc5465c8cf3aaccbd446acd,86129966e4bc55fac18f2d7602a2309d4403f85861102128a56a80a5a0ccc1ea,45718cfa6c5b16c784571d35cab3bb89d6445827418555ff0c9433ca55110b72
source-identity-declaration-20260808T051008+0800-7cf99a5ed6b9,ZI-afe25106735b4aef36d7615a,DS-000005,候选数据文件,BTC,4小时;8小时;24小时;48小时,15分钟;1小时,未知,未知,未知,未知,未知,未知,未知,未知,未知,未登记,无,config/数据/来源身份声明补采.json#身份声明[],f9cf6f2a34762867a443c0a0366a7fd63f6eb254ce171133707efd3aa521c683,c3a0b74beeb3a1728b5565c3f43d47d2233ef0001367bb8588714e9f0f4d5adc,630ba5fb9aeda873efd55e45da5e941b0e4b31e4e024c2e9a7b8832a869f88d6,未知,b3a1fc5ec72ad95e258b584f936ad46befab951e0ee9e43eaa18179e34974387,无法判定,FILE_STAT_OBSERVED_IDENTITY_UNPROVEN,本批次只读；若声明、输入、Schema或授权漂移，既有结论自动失效并须追加新批次,未读取业务正文、价格、成交、订单簿、账户或凭据；身份字段不完整,为该成员提供当前版本九字段声明及逐字段Schema、授权和唯一证据定位后追加不可变批次,2d50c1344a835ceeb832796935182aeff80bb03cecc5465c8cf3aaccbd446acd,86129966e4bc55fac18f2d7602a2309d4403f85861102128a56a80a5a0ccc1ea,4ab2c586812d084ab3aa0f1d3411f34bc3fd656b7cceb12ba3adac7082af4997
source-identity-declaration-20260808T051008+0800-7cf99a5ed6b9,ZI-14965a0a91aae741bc36b74b,DS-000006,候选数据文件,BTC,4小时;8小时;24小时;48小时,15分钟;1小时,未知,未知,未知,未知,未知,未知,未知,未知,未知,未登记,无,config/数据/来源身份声明补采.json#身份声明[],f9cf6f2a34762867a443c0a0366a7fd63f6eb254ce171133707efd3aa521c683,078e5f02252ebb65f8c728bc0c504e3a3d3e783ebbd2641e58b3841ea530fb97,08fac2370d4c7bd7117f20502bdb0224fd890d3c9be37d9c73c02d75297322f4,未知,b3a1fc5ec72ad95e258b584f936ad46befab951e0ee9e43eaa18179e34974387,无法判定,FILE_STAT_OBSERVED_IDENTITY_UNPROVEN,本批次只读；若声明、输入、Schema或授权漂移，既有结论自动失效并须追加新批次,未读取业务正文、价格、成交、订单簿、账户或凭据；身份字段不完整,为该成员提供当前版本九字段声明及逐字段Schema、授权和唯一证据定位后追加不可变批次,2d50c1344a835ceeb832796935182aeff80bb03cecc5465c8cf3aaccbd446acd,86129966e4bc55fac18f2d7602a2309d4403f85861102128a56a80a5a0ccc1ea,5c3b636f51e2fc095dc73242e751f0267ca28267f47e77ef359e7d42d622cf7e
source-identity-declaration-20260808T051008+0800-7cf99a5ed6b9,ZI-63b0e2c2062f1a2d08892d31,DS-000007,候选数据文件,BTC,4小时;8小时;24小时;48小时,15分钟;1小时,未知,未知,未知,未知,未知,未知,未知,未知,未知,未登记,无,config/数据/来源身份声明补采.json#身份声明[],f9cf6f2a34762867a443c0a0366a7fd63f6eb254ce171133707efd3aa521c683,3d27809f20371a08ed176c677aaefe132b6a4fc3c9b9acf202f0e6982c17d731,05d74030c6aaf7fa78598833ba5f3c46562fea5b6c7527e83222db699a0f7405,未知,b3a1fc5ec72ad95e258b584f936ad46befab951e0ee9e43eaa18179e34974387,无法判定,FILE_STAT_OBSERVED_IDENTITY_UNPROVEN,本批次只读；若声明、输入、Schema或授权漂移，既有结论自动失效并须追加新批次,未读取业务正文、价格、成交、订单簿、账户或凭据；身份字段不完整,为该成员提供当前版本九字段声明及逐字段Schema、授权和唯一证据定位后追加不可变批次,2d50c1344a835ceeb832796935182aeff80bb03cecc5465c8cf3aaccbd446acd,86129966e4bc55fac18f2d7602a2309d4403f85861102128a56a80a5a0ccc1ea,a293305ac6ec7f968da76dc86cb1ea60498227cdf686f9933499944c159fd54f
source-identity-declaration-20260808T051008+0800-7cf99a5ed6b9,ZI-a3275f1ead9140426d316fda,DS-000008,候选数据文件,BTC,4小时;8小时;24小时;48小时,15分钟;1小时,未知,未知,未知,未知,未知,未知,未知,未知,未知,未登记,无,config/数据/来源身份声明补采.json#身份声明[],f9cf6f2a34762867a443c0a0366a7fd63f6eb254ce171133707efd3aa521c683,c41e435f351a0e89dcf979f9d54f0c4bf6732364a3fa041800b57b48d68dcad2,da0b82ebabe316093f40d07627662bfa6a1f3dda512b3233bda02699bf31741a,未知,b3a1fc5ec72ad95e258b584f936ad46befab951e0ee9e43eaa18179e34974387,无法判定,FILE_STAT_OBSERVED_IDENTITY_UNPROVEN,本批次只读；若声明、输入、Schema或授权漂移，既有结论自动失效并须追加新批次,未读取业务正文、价格、成交、订单簿、账户或凭据；身份字段不完整,为该成员提供当前版本九字段声明及逐字段Schema、授权和唯一证据定位后追加不可变批次,2d50c1344a835ceeb832796935182aeff80bb03cecc5465c8cf3aaccbd446acd,86129966e4bc55fac18f2d7602a2309d4403f85861102128a56a80a5a0ccc1ea,af49b6c7e1afeaf3f7b4f4c811d1af48b8f9b387358737bb1627363d41dc33e4
source-identity-declaration-20260808T051008+0800-7cf99a5ed6b9,ZI-24037d8a714b80d1f447c8ca,DS-000009,候选数据文件,BTC,4小时;8小时;24小时;48小时,15分钟;1小时,未知,未知,未知,未知,未知,未知,未知,未知,未知,未登记,无,config/数据/来源身份声明补采.json#身份声明[],f9cf6f2a34762867a443c0a0366a7fd63f6eb254ce171133707efd3aa521c683,57f0db998d6317598e4c7335c89cb4bd04ec0e20592158cfc71f6fc34aa5ad44,1c84e71b28c261da9b2ee0e2a3c8b1068b142a85cd360a8ad0fd9b59f66bfac4,未知,b3a1fc5ec72ad95e258b584f936ad46befab951e0ee9e43eaa18179e34974387,无法判定,FILE_STAT_OBSERVED_IDENTITY_UNPROVEN,本批次只读；若声明、输入、Schema或授权漂移，既有结论自动失效并须追加新批次,未读取业务正文、价格、成交、订单簿、账户或凭据；身份字段不完整,为该成员提供当前版本九字段声明及逐字段Schema、授权和唯一证据定位后追加不可变批次,2d50c1344a835ceeb832796935182aeff80bb03cecc5465c8cf3aaccbd446acd,86129966e4bc55fac18f2d7602a2309d4403f85861102128a56a80a5a0ccc1ea,77b9a72303250f8ef614c2f04fae9683f918a23f20e63e37cf6f850a47c3ce65
source-identity-declaration-20260808T051008+0800-7cf99a5ed6b9,ZI-8f0cd7b99b1e374adc146a4a,DS-000010,候选数据文件,BTC,4小时;8小时;24小时;48小时,15分钟;1小时,未知,未知,未知,未知,未知,未知,未知,未知,未知,未登记,无,config/数据/来源身份声明补采.json#身份声明[],f9cf6f2a34762867a443c0a0366a7fd63f6eb254ce171133707efd3aa521c683,60a868b7ba10f0aef5db99fd373934b8abcce84661ec2ad1ccee966866bbb502,ab6eb25ffb4fb546071545c7cea0ef9922b71cb58974ee30cd6b2388460fea43,未知,b3a1fc5ec72ad95e258b584f936ad46befab951e0ee9e43eaa18179e34974387,无法判定,FILE_STAT_OBSERVED_IDENTITY_UNPROVEN,本批次只读；若声明、输入、Schema或授权漂移，既有结论自动失效并须追加新批次,未读取业务正文、价格、成交、订单簿、账户或凭据；身份字段不完整,为该成员提供当前版本九字段声明及逐字段Schema、授权和唯一证据定位后追加不可变批次,2d50c1344a835ceeb832796935182aeff80bb03cecc5465c8cf3aaccbd446acd,86129966e4bc55fac18f2d7602a2309d4403f85861102128a56a80a5a0ccc1ea,800667495ffc1d2344390e88f5248c112a7e9b38ff16c58a0fb9ab09443aab9c
source-identity-declaration-20260808T051008+0800-7cf99a5ed6b9,ZI-d7cbdc706bf9497b3c98b3eb,DS-000011,候选数据文件,BTC,4小时;8小时;24小时;48小时,15分钟;1小时,未知,未知,未知,未知,未知,未知,未知,未知,未知,未登记,无,config/数据/来源身份声明补采.json#身份声明[],f9cf6f2a34762867a443c0a0366a7fd63f6eb254ce171133707efd3aa521c683,0ec6f6d6ec4c9b002bb715c2ae5793b70a41ece49bc4ab71ab962b1ea26e6c10,70223776d5c33043cba58e4cf9078a5341971889a7ae24af3e8cb7ad8d37c003,未知,b3a1fc5ec72ad95e258b584f936ad46befab951e0ee9e43eaa18179e34974387,无法判定,FILE_STAT_OBSERVED_IDENTITY_UNPROVEN,本批次只读；若声明、输入、Schema或授权漂移，既有结论自动失效并须追加新批次,未读取业务正文、价格、成交、订单簿、账户或凭据；身份字段不完整,为该成员提供当前版本九字段声明及逐字段Schema、授权和唯一证据定位后追加不可变批次,2d50c1344a835ceeb832796935182aeff80bb03cecc5465c8cf3aaccbd446acd,86129966e4bc55fac18f2d7602a2309d4403f85861102128a56a80a5a0ccc1ea,882050fa92e72105e1a7d31fa4e96b28e39928b2343950c9f167c0f60ab1d8c8
source-identity-declaration-20260808T051008+0800-7cf99a5ed6b9,ZI-bb992f68b3613e9c75ad8102,DS-000012,候选数据文件,BTC,4小时;8小时;24小时;48小时,15分钟;1小时,未知,未知,未知,未知,未知,未知,未知,未知,未知,未登记,无,config/数据/来源身份声明补采.json#身份声明[],f9cf6f2a34762867a443c0a0366a7fd63f6eb254ce171133707efd3aa521c683,4029ce33cae96639a00b1f2934304f04d9204e36e7d06ee59efff58dc5e0082a,4dd0cfe504269f3a89737cc92ba0aa81c09cfa787c7c6a8fc0e299dee6613bec,未知,b3a1fc5ec72ad95e258b584f936ad46befab951e0ee9e43eaa18179e34974387,无法判定,FILE_STAT_OBSERVED_IDENTITY_UNPROVEN,本批次只读；若声明、输入、Schema或授权漂移，既有结论自动失效并须追加新批次,未读取业务正文、价格、成交、订单簿、账户或凭据；身份字段不完整,为该成员提供当前版本九字段声明及逐字段Schema、授权和唯一证据定位后追加不可变批次,2d50c1344a835ceeb832796935182aeff80bb03cecc5465c8cf3aaccbd446acd,86129966e4bc55fac18f2d7602a2309d4403f85861102128a56a80a5a0ccc1ea,1e81ed863c04a82634d6b09686430fc7c68fd8c7accf23c636c33ad117f337fc
source-identity-declaration-20260808T051008+0800-7cf99a5ed6b9,ZI-22947f2c8da15aea945c5d37,DS-000013,候选数据文件,BTC,4小时;8小时;24小时;48小时,15分钟;1小时,未知,未知,未知,未知,未知,未知,未知,未知,未知,未登记,无,config/数据/来源身份声明补采.json#身份声明[],f9cf6f2a34762867a443c0a0366a7fd63f6eb254ce171133707efd3aa521c683,4b5998ebc81851afafa4abf90abf85ad6f259b9415055592ade9dfafdb51f0d3,338fd5e2bb1bb18b5373b6c742c9475a5c2f79b46ba831482bcc85cee7e4a7ee,未知,b3a1fc5ec72ad95e258b584f936ad46befab951e0ee9e43eaa18179e34974387,无法判定,FILE_STAT_OBSERVED_IDENTITY_UNPROVEN,本批次只读；若声明、输入、Schema或授权漂移，既有结论自动失效并须追加新批次,未读取业务正文、价格、成交、订单簿、账户或凭据；身份字段不完整,为该成员提供当前版本九字段声明及逐字段Schema、授权和唯一证据定位后追加不可变批次,2d50c1344a835ceeb832796935182aeff80bb03cecc5465c8cf3aaccbd446acd,86129966e4bc55fac18f2d7602a2309d4403f85861102128a56a80a5a0ccc1ea,f0cebf40b46104274ddacd7e602a8484041f81b9b94305dae13b869bf90c10fd
source-identity-declaration-20260808T051008+0800-7cf99a5ed6b9,ZI-6fe292c785aa3707aa7bae85,DS-000014,候选数据文件,BTC,4小时;8小时;24小时;48小时,15分钟;1小时,未知,未知,未知,未知,未知,未知,未知,未知,未知,未登记,无,config/数据/来源身份声明补采.json#身份声明[],f9cf6f2a34762867a443c0a0366a7fd63f6eb254ce171133707efd3aa521c683,a2913685c4ef3199de4ac1910f6c1bd45e3a521e39fad3c5475e0071673b8a28,94b33236e77a53ad18d46d30ca3117a6c7a4f4089b5fb75eaf51eb9abdb22ac3,未知,b3a1fc5ec72ad95e258b584f936ad46befab951e0ee9e43eaa18179e34974387,无法判定,FILE_STAT_OBSERVED_IDENTITY_UNPROVEN,本批次只读；若声明、输入、Schema或授权漂移，既有结论自动失效并须追加新批次,未读取业务正文、价格、成交、订单簿、账户或凭据；身份字段不完整,为该成员提供当前版本九字段声明及逐字段Schema、授权和唯一证据定位后追加不可变批次,2d50c1344a835ceeb832796935182aeff80bb03cecc5465c8cf3aaccbd446acd,86129966e4bc55fac18f2d7602a2309d4403f85861102128a56a80a5a0ccc1ea,af378951fa01bbb443f2568a6b461bd169474b2769f75cb759446ba566f90604
source-identity-declaration-20260808T051008+0800-7cf99a5ed6b9,ZI-ebacff58193ae9067a1b085a,DS-000015,候选数据文件,BTC,4小时;8小时;24小时;48小时,15分钟;1小时,未知,未知,未知,未知,未知,未知,未知,未知,未知,未登记,无,config/数据/来源身份声明补采.json#身份声明[],f9cf6f2a34762867a443c0a0366a7fd63f6eb254ce171133707efd3aa521c683,0954b82bf7f57e01d704dbddc6046326d1d248a34af7095367bb8eca340f6dcf,ba196e8b46d3bb1255ad35d0d96c6caca1d91473ece1ffc3d93e940ea9f6509c,未知,b3a1fc5ec72ad95e258b584f936ad46befab951e0ee9e43eaa18179e34974387,无法判定,FILE_STAT_OBSERVED_IDENTITY_UNPROVEN,本批次只读；若声明、输入、Schema或授权漂移，既有结论自动失效并须追加新批次,未读取业务正文、价格、成交、订单簿、账户或凭据；身份字段不完整,为该成员提供当前版本九字段声明及逐字段Schema、授权和唯一证据定位后追加不可变批次,2d50c1344a835ceeb832796935182aeff80bb03cecc5465c8cf3aaccbd446acd,86129966e4bc55fac18f2d7602a2309d4403f85861102128a56a80a5a0ccc1ea,38a71c33c1f90173dbabb9ee11300b5570ca3d51cead333ebb3e08c39c239e2e
source-identity-declaration-20260808T051008+0800-7cf99a5ed6b9,ZI-c7222ddc077a12706bc85a0e,DS-000016,候选数据文件,BTC,4小时;8小时;24小时;48小时,15分钟;1小时,未知,未知,未知,未知,未知,未知,未知,未知,未知,未登记,无,config/数据/来源身份声明补采.json#身份声明[],f9cf6f2a34762867a443c0a0366a7fd63f6eb254ce171133707efd3aa521c683,d541c1aa39ca532bc63001a37820a93db5822824a913980ff6e6492016cd8c06,cf8dee8e990c70063ddac945720f2e7f2045996723bbefdb6f6aa71d447540d5,未知,b3a1fc5ec72ad95e258b584f936ad46befab951e0ee9e43eaa18179e34974387,无法判定,FILE_STAT_OBSERVED_IDENTITY_UNPROVEN,本批次只读；若声明、输入、Schema或授权漂移，既有结论自动失效并须追加新批次,未读取业务正文、价格、成交、订单簿、账户或凭据；身份字段不完整,为该成员提供当前版本九字段声明及逐字段Schema、授权和唯一证据定位后追加不可变批次,2d50c1344a835ceeb832796935182aeff80bb03cecc5465c8cf3aaccbd446acd,86129966e4bc55fac18f2d7602a2309d4403f85861102128a56a80a5a0ccc1ea,acf1608ab43d6ef0247f15ea10cfac024cf0267eaf7c0782c3098b3998c5b4cb
source-identity-declaration-20260808T051008+0800-7cf99a5ed6b9,ZI-b662cded17c8b415bc18d325,DS-000017,候选数据文件,BTC,4小时;8小时;24小时;48小时,15分钟;1小时,未知,未知,未知,未知,未知,未知,未知,未知,未知,未登记,无,config/数据/来源身份声明补采.json#身份声明[],f9cf6f2a34762867a443c0a0366a7fd63f6eb254ce171133707efd3aa521c683,724331ff5fb4ae5702e299c4ab592929e83424f81741ca15f49f79f17bb48302,d1cb4a02b7b4f0ac7f9deb9aa016893a5d62c9075c5341685fa804dcea8b5cf6,未知,b3a1fc5ec72ad95e258b584f936ad46befab951e0ee9e43eaa18179e34974387,无法判定,FILE_STAT_OBSERVED_IDENTITY_UNPROVEN,本批次只读；若声明、输入、Schema或授权漂移，既有结论自动失效并须追加新批次,未读取业务正文、价格、成交、订单簿、账户或凭据；身份字段不完整,为该成员提供当前版本九字段声明及逐字段Schema、授权和唯一证据定位后追加不可变批次,2d50c1344a835ceeb832796935182aeff80bb03cecc5465c8cf3aaccbd446acd,86129966e4bc55fac18f2d7602a2309d4403f85861102128a56a80a5a0ccc1ea,b23238b20ad92b9df52afc7d73a2885ab44bc857fde9fbe980c5e1537b1a6204
source-identity-declaration-20260808T051008+0800-7cf99a5ed6b9,ZI-8c0a2a61096b2a4424356b89,DS-000018,候选数据文件,BTC,4小时;8小时;24小时;48小时,15分钟;1小时,未知,未知,未知,未知,未知,未知,未知,未知,未知,未登记,无,config/数据/来源身份声明补采.json#身份声明[],f9cf6f2a34762867a443c0a0366a7fd63f6eb254ce171133707efd3aa521c683,8ac6e149c9aa2f85191b075fe19ae6ab08e0241833b5e33f84b0a42f76e71509,ccfce573e1509c4ce6639e2a67cbce82dbd9a0fef3bec3aed5601bba4a8db09f,未知,b3a1fc5ec72ad95e258b584f936ad46befab951e0ee9e43eaa18179e34974387,无法判定,FILE_STAT_OBSERVED_IDENTITY_UNPROVEN,本批次只读；若声明、输入、Schema或授权漂移，既有结论自动失效并须追加新批次,未读取业务正文、价格、成交、订单簿、账户或凭据；身份字段不完整,为该成员提供当前版本九字段声明及逐字段Schema、授权和唯一证据定位后追加不可变批次,2d50c1344a835ceeb832796935182aeff80bb03cecc5465c8cf3aaccbd446acd,86129966e4bc55fac18f2d7602a2309d4403f85861102128a56a80a5a0ccc1ea,1aefd306062347c4d3454a1c9ec6a70e3990a1e5057c4d2bb32a48477164c909
source-identity-declaration-20260808T051008+0800-7cf99a5ed6b9,ZI-b8918337d2edc573b5335acf,DS-000019,候选数据文件,BTC,4小时;8小时;24小时;48小时,15分钟;1小时,未知,未知,未知,未知,未知,未知,未知,未知,未知,未登记,无,config/数据/来源身份声明补采.json#身份声明[],f9cf6f2a34762867a443c0a0366a7fd63f6eb254ce171133707efd3aa521c683,9fe44aeeec52824c44f64f54bd209145b51e04d8a6e4a281d96b9d9c9c5adc3d,e9f3497108c4ef7faa17c1d0ab180ed70c665f3736320e659ff6fd5949dde51c,未知,b3a1fc5ec72ad95e258b584f936ad46befab951e0ee9e43eaa18179e34974387,无法判定,FILE_STAT_OBSERVED_IDENTITY_UNPROVEN,本批次只读；若声明、输入、Schema或授权漂移，既有结论自动失效并须追加新批次,未读取业务正文、价格、成交、订单簿、账户或凭据；身份字段不完整,为该成员提供当前版本九字段声明及逐字段Schema、授权和唯一证据定位后追加不可变批次,2d50c1344a835ceeb832796935182aeff80bb03cecc5465c8cf3aaccbd446acd,86129966e4bc55fac18f2d7602a2309d4403f85861102128a56a80a5a0ccc1ea,2fbe560a4b0d782d5fe78cb29d9037fd0ed7abe79a1db4e015445abb4b4b3926
source-identity-declaration-20260808T051008+0800-7cf99a5ed6b9,ZI-a74fe50809407c65c35e27b6,DS-000020,候选数据文件,BTC,4小时;8小时;24小时;48小时,15分钟;1小时,未知,未知,未知,未知,未知,未知,未知,未知,未知,未登记,无,config/数据/来源身份声明补采.json#身份声明[],f9cf6f2a34762867a443c0a0366a7fd63f6eb254ce171133707efd3aa521c683,1c5ab3f968edb2a20de6de92fb10feb8d2736c0dbd5b1cc743a178c603b79e8b,d04c0741957705e73c7006b50c19c45038bc4c0f2d0ac6ff4177f5b123a2fd30,未知,b3a1fc5ec72ad95e258b584f936ad46befab951e0ee9e43eaa18179e34974387,无法判定,FILE_STAT_OBSERVED_IDENTITY_UNPROVEN,本批次只读；若声明、输入、Schema或授权漂移，既有结论自动失效并须追加新批次,未读取业务正文、价格、成交、订单簿、账户或凭据；身份字段不完整,为该成员提供当前版本九字段声明及逐字段Schema、授权和唯一证据定位后追加不可变批次,2d50c1344a835ceeb832796935182aeff80bb03cecc5465c8cf3aaccbd446acd,86129966e4bc55fac18f2d7602a2309d4403f85861102128a56a80a5a0ccc1ea,5778d164817d04170ed61c813e0ee134df35d3ac02ad3e71320c360478e1c669
source-identity-declaration-20260808T051008+0800-7cf99a5ed6b9,ZI-37ca6c4114c93bb8aabfdb40,DS-000021,候选数据文件,BTC,4小时;8小时;24小时;48小时,15分钟;1小时,未知,未知,未知,未知,未知,未知,未知,未知,未知,未登记,无,config/数据/来源身份声明补采.json#身份声明[],f9cf6f2a34762867a443c0a0366a7fd63f6eb254ce171133707efd3aa521c683,64628c57337149fa715a32c92112d28beb11ea157cc51cbef8d8fb2ac089af2d,bb7d52ffab4c620216335093ec95b8123196dd669e9376a13554b64171223064,未知,b3a1fc5ec72ad95e258b584f936ad46befab951e0ee9e43eaa18179e34974387,无法判定,FILE_STAT_OBSERVED_IDENTITY_UNPROVEN,本批次只读；若声明、输入、Schema或授权漂移，既有结论自动失效并须追加新批次,未读取业务正文、价格、成交、订单簿、账户或凭据；身份字段不完整,为该成员提供当前版本九字段声明及逐字段Schema、授权和唯一证据定位后追加不可变批次,2d50c1344a835ceeb832796935182aeff80bb03cecc5465c8cf3aaccbd446acd,86129966e4bc55fac18f2d7602a2309d4403f85861102128a56a80a5a0ccc1ea,1e6201414023a454b4d86863c7fc04597d01aefd16de3de9ee177c5d10fb4b02
source-identity-declaration-20260808T051008+0800-7cf99a5ed6b9,ZI-d51a63844fdefcea96fdae6d,DS-000022,候选数据文件,BTC,4小时;8小时;24小时;48小时,15分钟;1小时,未知,未知,未知,未知,未知,未知,未知,未知,未知,未登记,无,config/数据/来源身份声明补采.json#身份声明[],f9cf6f2a34762867a443c0a0366a7fd63f6eb254ce171133707efd3aa521c683,cb0f988b4041dfe60459b092dd3d8713a68e767cffe3cea694725d3b12df3874,2996e1baed6afd98549937bcfb68e08635a23cd1c2d53f3cf66c083845112d84,未知,b3a1fc5ec72ad95e258b584f936ad46befab951e0ee9e43eaa18179e34974387,无法判定,FILE_STAT_OBSERVED_IDENTITY_UNPROVEN,本批次只读；若声明、输入、Schema或授权漂移，既有结论自动失效并须追加新批次,未读取业务正文、价格、成交、订单簿、账户或凭据；身份字段不完整,为该成员提供当前版本九字段声明及逐字段Schema、授权和唯一证据定位后追加不可变批次,2d50c1344a835ceeb832796935182aeff80bb03cecc5465c8cf3aaccbd446acd,86129966e4bc55fac18f2d7602a2309d4403f85861102128a56a80a5a0ccc1ea,dc3b40ce49f211a02cd11d2c11db321b58daae6b43dcb7fea788c6761ca3b145
source-identity-declaration-20260808T051008+0800-7cf99a5ed6b9,ZI-62a663fd96baa6d2befc3bf2,DS-000023,候选数据文件,BTC,4小时;8小时;24小时;48小时,15分钟;1小时,未知,未知,未知,未知,未知,未知,未知,未知,未知,未登记,无,config/数据/来源身份声明补采.json#身份声明[],f9cf6f2a34762867a443c0a0366a7fd63f6eb254ce171133707efd3aa521c683,7f5828afd16eeb5023d1e7c3d6abf2f23c149f3225a3e53e1078c8e613a07332,8aed83070f51a10889aa2ad427b5fdd393e54dedc790048f7640537e26884244,未知,b3a1fc5ec72ad95e258b584f936ad46befab951e0ee9e43eaa18179e34974387,无法判定,FILE_STAT_OBSERVED_IDENTITY_UNPROVEN,本批次只读；若声明、输入、Schema或授权漂移，既有结论自动失效并须追加新批次,未读取业务正文、价格、成交、订单簿、账户或凭据；身份字段不完整,为该成员提供当前版本九字段声明及逐字段Schema、授权和唯一证据定位后追加不可变批次,2d50c1344a835ceeb832796935182aeff80bb03cecc5465c8cf3aaccbd446acd,86129966e4bc55fac18f2d7602a2309d4403f85861102128a56a80a5a0ccc1ea,565573c9e8e2e97895ac35297fb93a1639f14599802a1668ff85a883a4549ced
source-identity-declaration-20260808T051008+0800-7cf99a5ed6b9,ZI-3e04430d183f37d5f6f412c6,DS-000024,候选数据文件,BTC,4小时;8小时;24小时;48小时,15分钟;1小时,未知,未知,未知,未知,未知,未知,未知,未知,未知,未登记,无,config/数据/来源身份声明补采.json#身份声明[],f9cf6f2a34762867a443c0a0366a7fd63f6eb254ce171133707efd3aa521c683,1a5501c145cb78341a0bdc4a0d62283d57d8158db9cee6a6f6b9300451cfb669,a16243c93228dbf06273dcce7ed16e994d6ed320c1821791566d9bcce0b1fe3a,未知,b3a1fc5ec72ad95e258b584f936ad46befab951e0ee9e43eaa18179e34974387,无法判定,FILE_STAT_OBSERVED_IDENTITY_UNPROVEN,本批次只读；若声明、输入、Schema或授权漂移，既有结论自动失效并须追加新批次,未读取业务正文、价格、成交、订单簿、账户或凭据；身份字段不完整,为该成员提供当前版本九字段声明及逐字段Schema、授权和唯一证据定位后追加不可变批次,2d50c1344a835ceeb832796935182aeff80bb03cecc5465c8cf3aaccbd446acd,86129966e4bc55fac18f2d7602a2309d4403f85861102128a56a80a5a0ccc1ea,2d18705ae63c1ba1737dc620803986322b00e4680349b191ba516a778aa76f81
source-identity-declaration-20260808T051008+0800-7cf99a5ed6b9,ZI-d09e19cfdcbed9a7fdc593be,DS-000025,候选数据文件,BTC,4小时;8小时;24小时;48小时,15分钟;1小时,未知,未知,未知,未知,未知,未知,未知,未知,未知,未登记,无,config/数据/来源身份声明补采.json#身份声明[],f9cf6f2a34762867a443c0a0366a7fd63f6eb254ce171133707efd3aa521c683,90a66897075859e1d9c9e335f1e6bf8caa40126b5af49abd6f7dd08c1c62ab7b,d02b2be6d2d0f29f21065db7d30e94e983e5abee74280e1cddd82f2a5fc46e1a,未知,b3a1fc5ec72ad95e258b584f936ad46befab951e0ee9e43eaa18179e34974387,无法判定,FILE_STAT_OBSERVED_IDENTITY_UNPROVEN,本批次只读；若声明、输入、Schema或授权漂移，既有结论自动失效并须追加新批次,未读取业务正文、价格、成交、订单簿、账户或凭据；身份字段不完整,为该成员提供当前版本九字段声明及逐字段Schema、授权和唯一证据定位后追加不可变批次,2d50c1344a835ceeb832796935182aeff80bb03cecc5465c8cf3aaccbd446acd,86129966e4bc55fac18f2d7602a2309d4403f85861102128a56a80a5a0ccc1ea,19f6d12c6eb4de25623bf4edf698c8f33a13a9ab3c3723d235c63879a74862e5
source-identity-declaration-20260808T051008+0800-7cf99a5ed6b9,ZI-9a5034b379b436117dafdeb9,DS-000026,候选数据文件,BTC,4小时;8小时;24小时;48小时,15分钟;1小时,未知,未知,未知,未知,未知,未知,未知,未知,未知,未登记,无,config/数据/来源身份声明补采.json#身份声明[],f9cf6f2a34762867a443c0a0366a7fd63f6eb254ce171133707efd3aa521c683,d0f705abea8912f989edaccb9cf08cd41eda84e652f74e68a9312e843e842f77,1b9cbb633782c7b249cb4169195daf3317a29c99aec153704282bf945fa3d791,未知,b3a1fc5ec72ad95e258b584f936ad46befab951e0ee9e43eaa18179e34974387,无法判定,FILE_STAT_OBSERVED_IDENTITY_UNPROVEN,本批次只读；若声明、输入、Schema或授权漂移，既有结论自动失效并须追加新批次,未读取业务正文、价格、成交、订单簿、账户或凭据；身份字段不完整,为该成员提供当前版本九字段声明及逐字段Schema、授权和唯一证据定位后追加不可变批次,2d50c1344a835ceeb832796935182aeff80bb03cecc5465c8cf3aaccbd446acd,86129966e4bc55fac18f2d7602a2309d4403f85861102128a56a80a5a0ccc1ea,26c8109ca8b11e95abc2ae7845f736dd1968a09b7b31e5d0f9cfd7f5ab4c1395
source-identity-declaration-20260808T051008+0800-7cf99a5ed6b9,ZI-50bc11d42d88870ce48d3c15,DS-000027,候选数据文件,BTC,4小时;8小时;24小时;48小时,15分钟;1小时,未知,未知,未知,未知,未知,未知,未知,未知,未知,未登记,无,config/数据/来源身份声明补采.json#身份声明[],f9cf6f2a34762867a443c0a0366a7fd63f6eb254ce171133707efd3aa521c683,e25a817f99d52e3d90fb7614939eebcaf57d0bc0f82ee9b42e562f78d2066f9d,b8714618b6412853dba3a92862402c9b3972f7061507a0e26408f6dc357db88f,未知,b3a1fc5ec72ad95e258b584f936ad46befab951e0ee9e43eaa18179e34974387,无法判定,FILE_STAT_OBSERVED_IDENTITY_UNPROVEN,本批次只读；若声明、输入、Schema或授权漂移，既有结论自动失效并须追加新批次,未读取业务正文、价格、成交、订单簿、账户或凭据；身份字段不完整,为该成员提供当前版本九字段声明及逐字段Schema、授权和唯一证据定位后追加不可变批次,2d50c1344a835ceeb832796935182aeff80bb03cecc5465c8cf3aaccbd446acd,86129966e4bc55fac18f2d7602a2309d4403f85861102128a56a80a5a0ccc1ea,6767ac378fde103a0e07f9d3a957de7031c3afcd606b1fa47b4b965fa7914489
source-identity-declaration-20260808T051008+0800-7cf99a5ed6b9,ZI-f94898b1902c73c7204f68f4,DS-000028,候选数据文件,BTC,4小时;8小时;24小时;48小时,15分钟;1小时,未知,未知,未知,未知,未知,未知,未知,未知,未知,未登记,无,config/数据/来源身份声明补采.json#身份声明[],f9cf6f2a34762867a443c0a0366a7fd63f6eb254ce171133707efd3aa521c683,47294cc8ccff44581c75aa5d3c70bc29e9916391a25182dc2645263835aa4c55,ca61ac6dfbc8685ad69ec28ce2fe954546b8bbeb10944b952a6082215f1aece5,未知,b3a1fc5ec72ad95e258b584f936ad46befab951e0ee9e43eaa18179e34974387,无法判定,FILE_STAT_OBSERVED_IDENTITY_UNPROVEN,本批次只读；若声明、输入、Schema或授权漂移，既有结论自动失效并须追加新批次,未读取业务正文、价格、成交、订单簿、账户或凭据；身份字段不完整,为该成员提供当前版本九字段声明及逐字段Schema、授权和唯一证据定位后追加不可变批次,2d50c1344a835ceeb832796935182aeff80bb03cecc5465c8cf3aaccbd446acd,86129966e4bc55fac18f2d7602a2309d4403f85861102128a56a80a5a0ccc1ea,60945ca6c608532664ba6b7db88e4bb25e7cc9d4b5e1e1f19e750999973d4078
source-identity-declaration-20260808T051008+0800-7cf99a5ed6b9,ZI-de37a154d339d6ea9dd24636,DS-000029,候选数据文件,BTC,4小时;8小时;24小时;48小时,15分钟;1小时,未知,未知,未知,未知,未知,未知,未知,未知,未知,未登记,无,config/数据/来源身份声明补采.json#身份声明[],f9cf6f2a34762867a443c0a0366a7fd63f6eb254ce171133707efd3aa521c683,7dd9f501d01b088e7ff2286b3f33fd8431fdbab3aea1cdb36bd41099a798703e,55c62d437482e770422f660443c8bb3e1bd1f8fd84f2c37eae172f4ef5c82861,未知,b3a1fc5ec72ad95e258b584f936ad46befab951e0ee9e43eaa18179e34974387,无法判定,FILE_STAT_OBSERVED_IDENTITY_UNPROVEN,本批次只读；若声明、输入、Schema或授权漂移，既有结论自动失效并须追加新批次,未读取业务正文、价格、成交、订单簿、账户或凭据；身份字段不完整,为该成员提供当前版本九字段声明及逐字段Schema、授权和唯一证据定位后追加不可变批次,2d50c1344a835ceeb832796935182aeff80bb03cecc5465c8cf3aaccbd446acd,86129966e4bc55fac18f2d7602a2309d4403f85861102128a56a80a5a0ccc1ea,f78820619aad53fd0196ef73a7fd7d74b71a4b837cde86e2ea256f49bd197282
source-identity-declaration-20260808T051008+0800-7cf99a5ed6b9,ZI-1d36a0c340d1ef902e9b9d9e,DS-000030,候选数据文件,BTC,4小时;8小时;24小时;48小时,15分钟;1小时,未知,未知,未知,未知,未知,未知,未知,未知,未知,未登记,无,config/数据/来源身份声明补采.json#身份声明[],f9cf6f2a34762867a443c0a0366a7fd63f6eb254ce171133707efd3aa521c683,7feaf8dbf2a33227bce6c15a332add2a8df5958d70cd20dde169159beffeafd8,5e939c64cae9f29f391d8578713f08f2352b42e4b6a5b0d84b70f171f2232476,未知,b3a1fc5ec72ad95e258b584f936ad46befab951e0ee9e43eaa18179e34974387,无法判定,FILE_STAT_OBSERVED_IDENTITY_UNPROVEN,本批次只读；若声明、输入、Schema或授权漂移，既有结论自动失效并须追加新批次,未读取业务正文、价格、成交、订单簿、账户或凭据；身份字段不完整,为该成员提供当前版本九字段声明及逐字段Schema、授权和唯一证据定位后追加不可变批次,2d50c1344a835ceeb832796935182aeff80bb03cecc5465c8cf3aaccbd446acd,86129966e4bc55fac18f2d7602a2309d4403f85861102128a56a80a5a0ccc1ea,329855080b34572c935f1f7fb8d69ba18ddb83b015feaf5bf629f3c032b0feac
source-identity-declaration-20260808T051008+0800-7cf99a5ed6b9,ZI-90a7b0ede5d1cf41ca54fe0d,DS-000031,候选数据文件,BTC,4小时;8小时;24小时;48小时,15分钟;1小时,未知,未知,未知,未知,未知,未知,未知,未知,未知,未登记,无,config/数据/来源身份声明补采.json#身份声明[],f9cf6f2a34762867a443c0a0366a7fd63f6eb254ce171133707efd3aa521c683,7e617ea65285053e80e850b1a42685e97f1dc11f8a21b09b7a1ddeec481c8607,03ab59e8e774cb766e2fb88000ffb3984a777b0efa71469703eb9d3483184ca5,未知,b3a1fc5ec72ad95e258b584f936ad46befab951e0ee9e43eaa18179e34974387,无法判定,FILE_STAT_OBSERVED_IDENTITY_UNPROVEN,本批次只读；若声明、输入、Schema或授权漂移，既有结论自动失效并须追加新批次,未读取业务正文、价格、成交、订单簿、账户或凭据；身份字段不完整,为该成员提供当前版本九字段声明及逐字段Schema、授权和唯一证据定位后追加不可变批次,2d50c1344a835ceeb832796935182aeff80bb03cecc5465c8cf3aaccbd446acd,86129966e4bc55fac18f2d7602a2309d4403f85861102128a56a80a5a0ccc1ea,8226b5849f3d98a68f1eb9c3f4305dd6caba67fcdb23766901643a4c063ad2e3
source-identity-declaration-20260808T051008+0800-7cf99a5ed6b9,ZI-af8bf19f503a5a5f7dd6543f,DS-000032,候选数据文件,BTC,4小时;8小时;24小时;48小时,15分钟;1小时,未知,未知,未知,未知,未知,未知,未知,未知,未知,未登记,无,config/数据/来源身份声明补采.json#身份声明[],f9cf6f2a34762867a443c0a0366a7fd63f6eb254ce171133707efd3aa521c683,2ce15b1930aad50b11f350398a0b450644e98b842f7ef2acedf4bee77e77db57,d4f0454fb81a9c29f899f9445d661e3f29161be0e20e0339e9a3bb9b947cc022,未知,b3a1fc5ec72ad95e258b584f936ad46befab951e0ee9e43eaa18179e34974387,无法判定,FILE_STAT_OBSERVED_IDENTITY_UNPROVEN,本批次只读；若声明、输入、Schema或授权漂移，既有结论自动失效并须追加新批次,未读取业务正文、价格、成交、订单簿、账户或凭据；身份字段不完整,为该成员提供当前版本九字段声明及逐字段Schema、授权和唯一证据定位后追加不可变批次,2d50c1344a835ceeb832796935182aeff80bb03cecc5465c8cf3aaccbd446acd,86129966e4bc55fac18f2d7602a2309d4403f85861102128a56a80a5a0ccc1ea,96121384ed18e6492e097bc064f04938ae283a63a0d46f3564248ba7daef29b5
source-identity-declaration-20260808T051008+0800-7cf99a5ed6b9,ZI-0e19e886b80de5aa05aaf456,DS-000033,候选数据文件,BTC,4小时;8小时;24小时;48小时,15分钟;1小时,未知,未知,未知,未知,未知,未知,未知,未知,未知,未登记,无,config/数据/来源身份声明补采.json#身份声明[],f9cf6f2a34762867a443c0a0366a7fd63f6eb254ce171133707efd3aa521c683,6c383d50d95f4de8a57eed3f877bf95e02d1617101a25d532b17bf06f1520432,aaaa223c6f21891dd45561d9c42e7cbff0a7c4773594b6b9edb5e0098ff0b40e,未知,b3a1fc5ec72ad95e258b584f936ad46befab951e0ee9e43eaa18179e34974387,无法判定,FILE_STAT_OBSERVED_IDENTITY_UNPROVEN,本批次只读；若声明、输入、Schema或授权漂移，既有结论自动失效并须追加新批次,未读取业务正文、价格、成交、订单簿、账户或凭据；身份字段不完整,为该成员提供当前版本九字段声明及逐字段Schema、授权和唯一证据定位后追加不可变批次,2d50c1344a835ceeb832796935182aeff80bb03cecc5465c8cf3aaccbd446acd,86129966e4bc55fac18f2d7602a2309d4403f85861102128a56a80a5a0ccc1ea,cc98d18028b8aad73c940f708364e5a19e9926c5ec27d4e0c0a8da831042e437
source-identity-declaration-20260808T051008+0800-7cf99a5ed6b9,ZI-d0e75a2e82e0873897d28939,DS-000034,候选数据文件,BTC,4小时;8小时;24小时;48小时,15分钟;1小时,未知,未知,未知,未知,未知,未知,未知,未知,未知,未登记,无,config/数据/来源身份声明补采.json#身份声明[],f9cf6f2a34762867a443c0a0366a7fd63f6eb254ce171133707efd3aa521c683,620ec0b6af2da2ee08cf1e41e20fb6206dec2fe11c489115b4686ab4d470868b,a01637dd420036d7350e638e74f3446d7bb6eab8c381e617cb8a151b13d187e2,未知,b3a1fc5ec72ad95e258b584f936ad46befab951e0ee9e43eaa18179e34974387,无法判定,FILE_STAT_OBSERVED_IDENTITY_UNPROVEN,本批次只读；若声明、输入、Schema或授权漂移，既有结论自动失效并须追加新批次,未读取业务正文、价格、成交、订单簿、账户或凭据；身份字段不完整,为该成员提供当前版本九字段声明及逐字段Schema、授权和唯一证据定位后追加不可变批次,2d50c1344a835ceeb832796935182aeff80bb03cecc5465c8cf3aaccbd446acd,86129966e4bc55fac18f2d7602a2309d4403f85861102128a56a80a5a0ccc1ea,6c1136854c377a160729e0857f0fbead9659b1cc3700110ce15a07464cf0e3db
source-identity-declaration-20260808T051008+0800-7cf99a5ed6b9,ZI-9f4947e6d2fa71654647194e,DS-000035,候选数据文件,BTC,4小时;8小时;24小时;48小时,15分钟;1小时,未知,未知,未知,未知,未知,未知,未知,未知,未知,未登记,无,config/数据/来源身份声明补采.json#身份声明[],f9cf6f2a34762867a443c0a0366a7fd63f6eb254ce171133707efd3aa521c683,c8052ba5f3ee15d405a6a41853edafb8cc7df932629aa95e77ecbbf0cf89d0c9,7eb455130bf984a8fcdb908e3cf4afcfe777dd54303cbefcfd031147206fbd8e,未知,b3a1fc5ec72ad95e258b584f936ad46befab951e0ee9e43eaa18179e34974387,无法判定,FILE_STAT_OBSERVED_IDENTITY_UNPROVEN,本批次只读；若声明、输入、Schema或授权漂移，既有结论自动失效并须追加新批次,未读取业务正文、价格、成交、订单簿、账户或凭据；身份字段不完整,为该成员提供当前版本九字段声明及逐字段Schema、授权和唯一证据定位后追加不可变批次,2d50c1344a835ceeb832796935182aeff80bb03cecc5465c8cf3aaccbd446acd,86129966e4bc55fac18f2d7602a2309d4403f85861102128a56a80a5a0ccc1ea,feda3ca461f4cc8f4470476469b3410983e61c476bb875b5571db433c79e02a6
source-identity-declaration-20260808T051008+0800-7cf99a5ed6b9,ZI-71dc83b38b1a5a4983d0c730,DS-000036,候选数据文件,BTC,4小时;8小时;24小时;48小时,15分钟;1小时,未知,未知,未知,未知,未知,未知,未知,未知,未知,未登记,无,config/数据/来源身份声明补采.json#身份声明[],f9cf6f2a34762867a443c0a0366a7fd63f6eb254ce171133707efd3aa521c683,831dbef09d5e1df0dc41e48ab9504365e6e18a12807ca94e1c805c8181299249,c4f22a85750bb0304abb271618e0b591819a12749f5f1fc70594e81094ee0c66,未知,b3a1fc5ec72ad95e258b584f936ad46befab951e0ee9e43eaa18179e34974387,无法判定,FILE_STAT_OBSERVED_IDENTITY_UNPROVEN,本批次只读；若声明、输入、Schema或授权漂移，既有结论自动失效并须追加新批次,未读取业务正文、价格、成交、订单簿、账户或凭据；身份字段不完整,为该成员提供当前版本九字段声明及逐字段Schema、授权和唯一证据定位后追加不可变批次,2d50c1344a835ceeb832796935182aeff80bb03cecc5465c8cf3aaccbd446acd,86129966e4bc55fac18f2d7602a2309d4403f85861102128a56a80a5a0ccc1ea,aeed449ec76b4bede401c566ed33bf8bfc31fa070514c86d34f9a453b3c9ab5b
source-identity-declaration-20260808T051008+0800-7cf99a5ed6b9,ZI-6f99492a5fbd85c183f61d8e,DS-000037,候选数据文件,BTC,4小时;8小时;24小时;48小时,15分钟;1小时,未知,未知,未知,未知,未知,未知,未知,未知,未知,未登记,无,config/数据/来源身份声明补采.json#身份声明[],f9cf6f2a34762867a443c0a0366a7fd63f6eb254ce171133707efd3aa521c683,c6a61887a923c5a8e4ba052c9fa91d7c255b03f4bcc5c28d53deafc5f40d8e2b,17626b9fd43c49af70347bca70733764ac11853c03bc46cf4079a555eebd20a4,未知,b3a1fc5ec72ad95e258b584f936ad46befab951e0ee9e43eaa18179e34974387,无法判定,FILE_STAT_OBSERVED_IDENTITY_UNPROVEN,本批次只读；若声明、输入、Schema或授权漂移，既有结论自动失效并须追加新批次,未读取业务正文、价格、成交、订单簿、账户或凭据；身份字段不完整,为该成员提供当前版本九字段声明及逐字段Schema、授权和唯一证据定位后追加不可变批次,2d50c1344a835ceeb832796935182aeff80bb03cecc5465c8cf3aaccbd446acd,86129966e4bc55fac18f2d7602a2309d4403f85861102128a56a80a5a0ccc1ea,08d272229f3f5c255ed8016435ff3ba480bd5751c81dfdb3e58abda142b72507
source-identity-declaration-20260808T051008+0800-7cf99a5ed6b9,ZI-9d505f466a534d4c682806e4,DS-000038,候选数据文件,BTC,4小时;8小时;24小时;48小时,15分钟;1小时,未知,未知,未知,未知,未知,未知,未知,未知,未知,未登记,无,config/数据/来源身份声明补采.json#身份声明[],f9cf6f2a34762867a443c0a0366a7fd63f6eb254ce171133707efd3aa521c683,fa4631a27e1710a2adac5e18f14fba4d3ac7985b62a900a8a32921c0f616b5e6,559ad5a118a39b34f6f5214d20e9e851eddf34b0a4078ecef8416070fc140c2d,未知,b3a1fc5ec72ad95e258b584f936ad46befab951e0ee9e43eaa18179e34974387,无法判定,FILE_STAT_OBSERVED_IDENTITY_UNPROVEN,本批次只读；若声明、输入、Schema或授权漂移，既有结论自动失效并须追加新批次,未读取业务正文、价格、成交、订单簿、账户或凭据；身份字段不完整,为该成员提供当前版本九字段声明及逐字段Schema、授权和唯一证据定位后追加不可变批次,2d50c1344a835ceeb832796935182aeff80bb03cecc5465c8cf3aaccbd446acd,86129966e4bc55fac18f2d7602a2309d4403f85861102128a56a80a5a0ccc1ea,d8f7e79fcf6fb3541f990657d79269bdc4e40aa4425fe598a8387bbf1be891e6
source-identity-declaration-20260808T051008+0800-7cf99a5ed6b9,ZI-5202b33cd76d35c9b4da14bf,DS-000039,候选数据文件,BTC,4小时;8小时;24小时;48小时,15分钟;1小时,未知,未知,未知,未知,未知,未知,未知,未知,未知,未登记,无,config/数据/来源身份声明补采.json#身份声明[],f9cf6f2a34762867a443c0a0366a7fd63f6eb254ce171133707efd3aa521c683,87a8b34d0a521a1b81b170b9eadc51933b3582c7ff859894e05f962bbaa7b31a,e8acbd649d723c9047cb103361a9631b834d7e8ad72442860661999aeb32eddc,未知,b3a1fc5ec72ad95e258b584f936ad46befab951e0ee9e43eaa18179e34974387,无法判定,FILE_STAT_OBSERVED_IDENTITY_UNPROVEN,本批次只读；若声明、输入、Schema或授权漂移，既有结论自动失效并须追加新批次,未读取业务正文、价格、成交、订单簿、账户或凭据；身份字段不完整,为该成员提供当前版本九字段声明及逐字段Schema、授权和唯一证据定位后追加不可变批次,2d50c1344a835ceeb832796935182aeff80bb03cecc5465c8cf3aaccbd446acd,86129966e4bc55fac18f2d7602a2309d4403f85861102128a56a80a5a0ccc1ea,0950209ef47c1202a8f3aa7e76071e74970061d78f87b714b3ede943f6078e03
source-identity-declaration-20260808T051008+0800-7cf99a5ed6b9,ZI-eb360ff1fbdbe74db1aaedae,DS-000040,候选数据文件,BTC,4小时;8小时;24小时;48小时,15分钟;1小时,未知,未知,未知,未知,未知,未知,未知,未知,未知,未登记,无,config/数据/来源身份声明补采.json#身份声明[],f9cf6f2a34762867a443c0a0366a7fd63f6eb254ce171133707efd3aa521c683,4790bac68af16a75efca855b27de95148a8f7d869a8eb4d8366de3015c759626,d4f4f0be34c615ad02899b56af3613910cdb752ce3004315c045c92c382d4567,未知,b3a1fc5ec72ad95e258b584f936ad46befab951e0ee9e43eaa18179e34974387,无法判定,FILE_STAT_OBSERVED_IDENTITY_UNPROVEN,本批次只读；若声明、输入、Schema或授权漂移，既有结论自动失效并须追加新批次,未读取业务正文、价格、成交、订单簿、账户或凭据；身份字段不完整,为该成员提供当前版本九字段声明及逐字段Schema、授权和唯一证据定位后追加不可变批次,2d50c1344a835ceeb832796935182aeff80bb03cecc5465c8cf3aaccbd446acd,86129966e4bc55fac18f2d7602a2309d4403f85861102128a56a80a5a0ccc1ea,39708ed5f96fd6d46a7b05ac47d0b398f6d2c8c1587dbfd99a529844ba2a0659
source-identity-declaration-20260808T051008+0800-7cf99a5ed6b9,ZI-59cd4def5a80d4b7162c7401,DS-000041,候选数据文件,BTC,4小时;8小时;24小时;48小时,15分钟;1小时,未知,未知,未知,未知,未知,未知,未知,未知,未知,未登记,无,config/数据/来源身份声明补采.json#身份声明[],f9cf6f2a34762867a443c0a0366a7fd63f6eb254ce171133707efd3aa521c683,286620d7066b28b8ed933077901ecb9ff8a5c8e40df6514ff7c3ba5ecac9abe8,6466d27c4cacb1b44340701a0f9953f1044a436672e0ab6b229502c56183e6df,未知,b3a1fc5ec72ad95e258b584f936ad46befab951e0ee9e43eaa18179e34974387,无法判定,FILE_STAT_OBSERVED_IDENTITY_UNPROVEN,本批次只读；若声明、输入、Schema或授权漂移，既有结论自动失效并须追加新批次,未读取业务正文、价格、成交、订单簿、账户或凭据；身份字段不完整,为该成员提供当前版本九字段声明及逐字段Schema、授权和唯一证据定位后追加不可变批次,2d50c1344a835ceeb832796935182aeff80bb03cecc5465c8cf3aaccbd446acd,86129966e4bc55fac18f2d7602a2309d4403f85861102128a56a80a5a0ccc1ea,40c59a15730261b98064cac661260844887a87a5bb30f90cb8d38aafed593357
source-identity-declaration-20260808T051008+0800-7cf99a5ed6b9,ZI-28b27eba60391c882e91fe7c,DS-000042,候选数据文件,BTC,4小时;8小时;24小时;48小时,15分钟;1小时,未知,未知,未知,未知,未知,未知,未知,未知,未知,未登记,无,config/数据/来源身份声明补采.json#身份声明[],f9cf6f2a34762867a443c0a0366a7fd63f6eb254ce171133707efd3aa521c683,9481f1a90753f8379ea69a4aa88f1289d5bb48cf515812dd34aca6a32ed0708f,5a5b0d58f6e34a58ddc18dd810ece30e36250221a82d0f308d3fd5aa1c139400,未知,b3a1fc5ec72ad95e258b584f936ad46befab951e0ee9e43eaa18179e34974387,拒绝,INPUT_MEMBER_REJECTED,本批次只读；若声明、输入、Schema或授权漂移，既有结论自动失效并须追加新批次,未读取业务正文、价格、成交、订单簿、账户或凭据；身份字段不完整,为该成员提供当前版本九字段声明及逐字段Schema、授权和唯一证据定位后追加不可变批次,2d50c1344a835ceeb832796935182aeff80bb03cecc5465c8cf3aaccbd446acd,86129966e4bc55fac18f2d7602a2309d4403f85861102128a56a80a5a0ccc1ea,2ec3229c4a2e723d67b05470b84f9e232aff336a18a7a9ec18cc6ef744aca121
source-identity-declaration-20260808T051008+0800-7cf99a5ed6b9,ZI-1cf476188f922d17399cba47,DS-000043,候选数据文件,BTC,4小时;8小时;24小时;48小时,15分钟;1小时,未知,未知,未知,未知,未知,未知,未知,未知,未知,未登记,无,config/数据/来源身份声明补采.json#身份声明[],f9cf6f2a34762867a443c0a0366a7fd63f6eb254ce171133707efd3aa521c683,ab6e9c5b122b709541147d45af09142fa48c4c8a57e5fd6e14d93cbfe55942f2,f1af5c27aab013187cc6332f83885a31036557bb1cd4001d5390487a5f39e216,未知,b3a1fc5ec72ad95e258b584f936ad46befab951e0ee9e43eaa18179e34974387,无法判定,FILE_STAT_OBSERVED_IDENTITY_UNPROVEN,本批次只读；若声明、输入、Schema或授权漂移，既有结论自动失效并须追加新批次,未读取业务正文、价格、成交、订单簿、账户或凭据；身份字段不完整,为该成员提供当前版本九字段声明及逐字段Schema、授权和唯一证据定位后追加不可变批次,2d50c1344a835ceeb832796935182aeff80bb03cecc5465c8cf3aaccbd446acd,86129966e4bc55fac18f2d7602a2309d4403f85861102128a56a80a5a0ccc1ea,d833fe8ab453f0071c945dc520c473049ed999f26cdb2f061cb994843466ffa5
source-identity-declaration-20260808T051008+0800-7cf99a5ed6b9,ZI-3f0f96416ab0e94e0fb49698,DS-000044,候选数据文件,BTC,4小时;8小时;24小时;48小时,15分钟;1小时,未知,未知,未知,未知,未知,未知,未知,未知,未知,未登记,无,config/数据/来源身份声明补采.json#身份声明[],f9cf6f2a34762867a443c0a0366a7fd63f6eb254ce171133707efd3aa521c683,4b351da245a5729653e1e8695950bb4ec677aa15b29af4adcaea6d6c4773688a,5990fc9f777f3a08f3a03f46f067ee00ec5826ede9a27082c1a57ba0ccd0e345,未知,b3a1fc5ec72ad95e258b584f936ad46befab951e0ee9e43eaa18179e34974387,无法判定,FILE_STAT_OBSERVED_IDENTITY_UNPROVEN,本批次只读；若声明、输入、Schema或授权漂移，既有结论自动失效并须追加新批次,未读取业务正文、价格、成交、订单簿、账户或凭据；身份字段不完整,为该成员提供当前版本九字段声明及逐字段Schema、授权和唯一证据定位后追加不可变批次,2d50c1344a835ceeb832796935182aeff80bb03cecc5465c8cf3aaccbd446acd,86129966e4bc55fac18f2d7602a2309d4403f85861102128a56a80a5a0ccc1ea,df2ddca13d1a3b094477f45991f82e535bfed3ebeaad25d0bac9afe2090052a3
source-identity-declaration-20260808T051008+0800-7cf99a5ed6b9,ZI-e95abca6578fd05efc1e15f3,DS-000045,候选数据文件,BTC,4小时;8小时;24小时;48小时,15分钟;1小时,未知,未知,未知,未知,未知,未知,未知,未知,未知,未登记,无,config/数据/来源身份声明补采.json#身份声明[],f9cf6f2a34762867a443c0a0366a7fd63f6eb254ce171133707efd3aa521c683,7969b3cc256f4b649caaa29cb58c697653c15965c89907fd86f2e98016eff342,4a672bbf789d8418ab929419c221e3ea11a5d4886b4df96d1cc466617293a28c,未知,b3a1fc5ec72ad95e258b584f936ad46befab951e0ee9e43eaa18179e34974387,无法判定,FILE_STAT_OBSERVED_IDENTITY_UNPROVEN,本批次只读；若声明、输入、Schema或授权漂移，既有结论自动失效并须追加新批次,未读取业务正文、价格、成交、订单簿、账户或凭据；身份字段不完整,为该成员提供当前版本九字段声明及逐字段Schema、授权和唯一证据定位后追加不可变批次,2d50c1344a835ceeb832796935182aeff80bb03cecc5465c8cf3aaccbd446acd,86129966e4bc55fac18f2d7602a2309d4403f85861102128a56a80a5a0ccc1ea,939ec45f20f7a18ca9df6d62cdfaa33ce8d0e7f44825d656a7d0e06102c8a0c5
source-identity-declaration-20260808T051008+0800-7cf99a5ed6b9,ZI-3379bd8636483e94be99ec24,DS-000046,候选数据文件,BTC,4小时;8小时;24小时;48小时,15分钟;1小时,未知,未知,未知,未知,未知,未知,未知,未知,未知,未登记,无,config/数据/来源身份声明补采.json#身份声明[],f9cf6f2a34762867a443c0a0366a7fd63f6eb254ce171133707efd3aa521c683,d2c16595af2ff812b9699afbac5821cee73e4c3f6842fa3a5a109853626e6c4d,4d70a250b389eb733f5144e8845ac7cf47b4af915a0ae8ca11265a6e2d4d066f,未知,b3a1fc5ec72ad95e258b584f936ad46befab951e0ee9e43eaa18179e34974387,无法判定,FILE_STAT_OBSERVED_IDENTITY_UNPROVEN,本批次只读；若声明、输入、Schema或授权漂移，既有结论自动失效并须追加新批次,未读取业务正文、价格、成交、订单簿、账户或凭据；身份字段不完整,为该成员提供当前版本九字段声明及逐字段Schema、授权和唯一证据定位后追加不可变批次,2d50c1344a835ceeb832796935182aeff80bb03cecc5465c8cf3aaccbd446acd,86129966e4bc55fac18f2d7602a2309d4403f85861102128a56a80a5a0ccc1ea,16f4a80d51c171bc411fe4beb4e71820a0429a592c263ac5117b605537c63a2a
source-identity-declaration-20260808T051008+0800-7cf99a5ed6b9,ZI-e9c04e44e219308250fcfba3,DS-000047,候选数据文件,BTC,4小时;8小时;24小时;48小时,15分钟;1小时,未知,未知,未知,未知,未知,未知,未知,未知,未知,未登记,无,config/数据/来源身份声明补采.json#身份声明[],f9cf6f2a34762867a443c0a0366a7fd63f6eb254ce171133707efd3aa521c683,bef8b79e0bee8d3d15ff6d609fb35f08d45972b26fe4f024fbeee00416ef25a9,46b1a39ec8b38aa5a4c52cda15baa63de901bc1a6ec17e421876bd8aa4e7b6c9,未知,b3a1fc5ec72ad95e258b584f936ad46befab951e0ee9e43eaa18179e34974387,无法判定,FILE_STAT_OBSERVED_IDENTITY_UNPROVEN,本批次只读；若声明、输入、Schema或授权漂移，既有结论自动失效并须追加新批次,未读取业务正文、价格、成交、订单簿、账户或凭据；身份字段不完整,为该成员提供当前版本九字段声明及逐字段Schema、授权和唯一证据定位后追加不可变批次,2d50c1344a835ceeb832796935182aeff80bb03cecc5465c8cf3aaccbd446acd,86129966e4bc55fac18f2d7602a2309d4403f85861102128a56a80a5a0ccc1ea,c866a23306d899ca80fce40d405a1831ff14c4342bdd79ea9d007cb1fa20cd62
source-identity-declaration-20260808T051008+0800-7cf99a5ed6b9,ZI-99675e73612aefac9625cff4,DS-000048,候选数据文件,BTC,4小时;8小时;24小时;48小时,15分钟;1小时,未知,未知,未知,未知,未知,未知,未知,未知,未知,未登记,无,config/数据/来源身份声明补采.json#身份声明[],f9cf6f2a34762867a443c0a0366a7fd63f6eb254ce171133707efd3aa521c683,27c0d7523fd027e4594aaaebc9fd2b4c9853db367233c9469ddddb6909841121,b130c943a71f5e8f7eeda223021569da1e0b67b02216504de601bda39a375860,未知,b3a1fc5ec72ad95e258b584f936ad46befab951e0ee9e43eaa18179e34974387,无法判定,FILE_STAT_OBSERVED_IDENTITY_UNPROVEN,本批次只读；若声明、输入、Schema或授权漂移，既有结论自动失效并须追加新批次,未读取业务正文、价格、成交、订单簿、账户或凭据；身份字段不完整,为该成员提供当前版本九字段声明及逐字段Schema、授权和唯一证据定位后追加不可变批次,2d50c1344a835ceeb832796935182aeff80bb03cecc5465c8cf3aaccbd446acd,86129966e4bc55fac18f2d7602a2309d4403f85861102128a56a80a5a0ccc1ea,ca4e6ce75f267dbf52b8ad8e83252eb9e805365b70ff4b4cc0d13d45831839a0
source-identity-declaration-20260808T051008+0800-7cf99a5ed6b9,ZI-feaa0f97c21b956a87e42395,DS-000049,候选数据文件,BTC,4小时;8小时;24小时;48小时,15分钟;1小时,未知,未知,未知,未知,未知,未知,未知,未知,未知,未登记,无,config/数据/来源身份声明补采.json#身份声明[],f9cf6f2a34762867a443c0a0366a7fd63f6eb254ce171133707efd3aa521c683,4fe0f84c8d96411a88be702c038c1a07e59990872b4f40ea4c994bc83ed839a3,cbec9eccd0ff91df26387ee379b364634312b6b2bc4a236cda20de94fceda7c7,未知,b3a1fc5ec72ad95e258b584f936ad46befab951e0ee9e43eaa18179e34974387,无法判定,FILE_STAT_OBSERVED_IDENTITY_UNPROVEN,本批次只读；若声明、输入、Schema或授权漂移，既有结论自动失效并须追加新批次,未读取业务正文、价格、成交、订单簿、账户或凭据；身份字段不完整,为该成员提供当前版本九字段声明及逐字段Schema、授权和唯一证据定位后追加不可变批次,2d50c1344a835ceeb832796935182aeff80bb03cecc5465c8cf3aaccbd446acd,86129966e4bc55fac18f2d7602a2309d4403f85861102128a56a80a5a0ccc1ea,df485cec714870393fcefff1a26ecfc6dd448d912dceee2fc718e3d0c155c257
source-identity-declaration-20260808T051008+0800-7cf99a5ed6b9,ZI-833060375f085d1b0f2b75c7,DS-000050,候选数据文件,BTC,4小时;8小时;24小时;48小时,15分钟;1小时,未知,未知,未知,未知,未知,未知,未知,未知,未知,未登记,无,config/数据/来源身份声明补采.json#身份声明[],f9cf6f2a34762867a443c0a0366a7fd63f6eb254ce171133707efd3aa521c683,dbba04adf9e0ed6082031b7d3b413eec7ec31a70b2e28e729c73ec97d3a920c4,e15aa3f757d94453fbbb03dbdafb0ada84fa6a63d3e852250fccf88237d587b9,未知,b3a1fc5ec72ad95e258b584f936ad46befab951e0ee9e43eaa18179e34974387,无法判定,FILE_STAT_OBSERVED_IDENTITY_UNPROVEN,本批次只读；若声明、输入、Schema或授权漂移，既有结论自动失效并须追加新批次,未读取业务正文、价格、成交、订单簿、账户或凭据；身份字段不完整,为该成员提供当前版本九字段声明及逐字段Schema、授权和唯一证据定位后追加不可变批次,2d50c1344a835ceeb832796935182aeff80bb03cecc5465c8cf3aaccbd446acd,86129966e4bc55fac18f2d7602a2309d4403f85861102128a56a80a5a0ccc1ea,5681a03a89a86f4d5f7f87cb1dc1218a033c46c00f37a5a11f84fd0f03f57ef2
source-identity-declaration-20260808T051008+0800-7cf99a5ed6b9,ZI-97f8dcaf6e0dc9d1a0e4bbdb,DS-000051,候选数据文件,BTC,4小时;8小时;24小时;48小时,15分钟;1小时,未知,未知,未知,未知,未知,未知,未知,未知,未知,未登记,无,config/数据/来源身份声明补采.json#身份声明[],f9cf6f2a34762867a443c0a0366a7fd63f6eb254ce171133707efd3aa521c683,a7632909fefcd410f99ea46b0ca9e8c6c0a75f845b8499b8f0e2a6438275e2d2,47720c6b67b3bfe9b9aa4e696ff944726ae1eb7706b3766b52f7b8463eb618e4,未知,b3a1fc5ec72ad95e258b584f936ad46befab951e0ee9e43eaa18179e34974387,无法判定,FILE_STAT_OBSERVED_IDENTITY_UNPROVEN,本批次只读；若声明、输入、Schema或授权漂移，既有结论自动失效并须追加新批次,未读取业务正文、价格、成交、订单簿、账户或凭据；身份字段不完整,为该成员提供当前版本九字段声明及逐字段Schema、授权和唯一证据定位后追加不可变批次,2d50c1344a835ceeb832796935182aeff80bb03cecc5465c8cf3aaccbd446acd,86129966e4bc55fac18f2d7602a2309d4403f85861102128a56a80a5a0ccc1ea,18f1c332c4bd5b218ce5f17dc49dcd3bb39b395bd42492d88af2368d088e81c1
source-identity-declaration-20260808T051008+0800-7cf99a5ed6b9,ZI-f0e8c66b07d04a1be38b27dd,DS-000052,候选数据文件,BTC,4小时;8小时;24小时;48小时,15分钟;1小时,未知,未知,未知,未知,未知,未知,未知,未知,未知,未登记,无,config/数据/来源身份声明补采.json#身份声明[],f9cf6f2a34762867a443c0a0366a7fd63f6eb254ce171133707efd3aa521c683,04143c6927d1275ecc2e6a7ad519ea36c53154683aee2d5e619e273dfbd2c3a5,cd7c6b01d898b9462f4f3346ebb39e1b25ec39b8f5628981628c8786641cd225,未知,b3a1fc5ec72ad95e258b584f936ad46befab951e0ee9e43eaa18179e34974387,无法判定,FILE_STAT_OBSERVED_IDENTITY_UNPROVEN,本批次只读；若声明、输入、Schema或授权漂移，既有结论自动失效并须追加新批次,未读取业务正文、价格、成交、订单簿、账户或凭据；身份字段不完整,为该成员提供当前版本九字段声明及逐字段Schema、授权和唯一证据定位后追加不可变批次,2d50c1344a835ceeb832796935182aeff80bb03cecc5465c8cf3aaccbd446acd,86129966e4bc55fac18f2d7602a2309d4403f85861102128a56a80a5a0ccc1ea,6c3ad36600551cb6b44bc2a387b1e056009b0c578bc4d82ceff4c86012d2bc85
source-identity-declaration-20260808T051008+0800-7cf99a5ed6b9,ZI-3b5d3d5f111d5d79a85d29b4,DS-000053,候选数据文件,BTC,4小时;8小时;24小时;48小时,15分钟;1小时,未知,未知,未知,未知,未知,未知,未知,未知,未知,未登记,无,config/数据/来源身份声明补采.json#身份声明[],f9cf6f2a34762867a443c0a0366a7fd63f6eb254ce171133707efd3aa521c683,727c4cd15bbd1028cdcf0542f546b79bdf0b6cf5848a5c9875880c0c1d118d34,9b62144dbc2b5b3f18e34c440a441032ef7e0d4e059dbd6d62c5d13f9a0927b9,未知,b3a1fc5ec72ad95e258b584f936ad46befab951e0ee9e43eaa18179e34974387,无法判定,FILE_STAT_OBSERVED_IDENTITY_UNPROVEN,本批次只读；若声明、输入、Schema或授权漂移，既有结论自动失效并须追加新批次,未读取业务正文、价格、成交、订单簿、账户或凭据；身份字段不完整,为该成员提供当前版本九字段声明及逐字段Schema、授权和唯一证据定位后追加不可变批次,2d50c1344a835ceeb832796935182aeff80bb03cecc5465c8cf3aaccbd446acd,86129966e4bc55fac18f2d7602a2309d4403f85861102128a56a80a5a0ccc1ea,864cc5adb5f2339f5135a2a8871f7ae334cc0604556d551e9f8d6c0daf0592ef
source-identity-declaration-20260808T051008+0800-7cf99a5ed6b9,ZI-87c2a233404d1351a0c1614a,DS-000054,候选数据文件,BTC,4小时;8小时;24小时;48小时,15分钟;1小时,未知,未知,未知,未知,未知,未知,未知,未知,未知,未登记,无,config/数据/来源身份声明补采.json#身份声明[],f9cf6f2a34762867a443c0a0366a7fd63f6eb254ce171133707efd3aa521c683,4eca34b92987b0f4628fe992c99d93e94d8dda2644da3ff72acf419a06dd10dc,bf4db291e24ce003a29e8b49a1bf8ee1ae69eab1811226ac1b31e92813a61408,未知,b3a1fc5ec72ad95e258b584f936ad46befab951e0ee9e43eaa18179e34974387,无法判定,FILE_STAT_OBSERVED_IDENTITY_UNPROVEN,本批次只读；若声明、输入、Schema或授权漂移，既有结论自动失效并须追加新批次,未读取业务正文、价格、成交、订单簿、账户或凭据；身份字段不完整,为该成员提供当前版本九字段声明及逐字段Schema、授权和唯一证据定位后追加不可变批次,2d50c1344a835ceeb832796935182aeff80bb03cecc5465c8cf3aaccbd446acd,86129966e4bc55fac18f2d7602a2309d4403f85861102128a56a80a5a0ccc1ea,406a201794ed3afa41877b649405303daed846ec60b97a80c16af62ff54b294a
source-identity-declaration-20260808T051008+0800-7cf99a5ed6b9,ZI-a0e8958994c3e7cc60444105,DS-000055,候选数据文件,BTC,4小时;8小时;24小时;48小时,15分钟;1小时,未知,未知,未知,未知,未知,未知,未知,未知,未知,未登记,无,config/数据/来源身份声明补采.json#身份声明[],f9cf6f2a34762867a443c0a0366a7fd63f6eb254ce171133707efd3aa521c683,d7a56bb2b3f2d1353ae1bdb490dd50f66b9a721e38cbd5d20c71732b5afae1f2,df27138421e3a2345115444ed48245433486494c8dd1a65fbc0e56d46527c892,未知,b3a1fc5ec72ad95e258b584f936ad46befab951e0ee9e43eaa18179e34974387,无法判定,FILE_STAT_OBSERVED_IDENTITY_UNPROVEN,本批次只读；若声明、输入、Schema或授权漂移，既有结论自动失效并须追加新批次,未读取业务正文、价格、成交、订单簿、账户或凭据；身份字段不完整,为该成员提供当前版本九字段声明及逐字段Schema、授权和唯一证据定位后追加不可变批次,2d50c1344a835ceeb832796935182aeff80bb03cecc5465c8cf3aaccbd446acd,86129966e4bc55fac18f2d7602a2309d4403f85861102128a56a80a5a0ccc1ea,d660ecafaec5c6daaed44130ec7e35cee67ca8008ba6e78a5bf5ef6e056b2c38
source-identity-declaration-20260808T051008+0800-7cf99a5ed6b9,ZI-54e62d810981feeba9196e8d,DS-000056,候选数据文件,BTC,4小时;8小时;24小时;48小时,15分钟;1小时,未知,未知,未知,未知,未知,未知,未知,未知,未知,未登记,无,config/数据/来源身份声明补采.json#身份声明[],f9cf6f2a34762867a443c0a0366a7fd63f6eb254ce171133707efd3aa521c683,664065d8bcbfde6ce83948e226f424c3f8c73c2aa7a808c48ca3483bbcfdd2d2,9f6e9e7cd3d9267eb45db30dff92330cb57c087ee00809fe19c775f72c394d14,未知,b3a1fc5ec72ad95e258b584f936ad46befab951e0ee9e43eaa18179e34974387,无法判定,FILE_STAT_OBSERVED_IDENTITY_UNPROVEN,本批次只读；若声明、输入、Schema或授权漂移，既有结论自动失效并须追加新批次,未读取业务正文、价格、成交、订单簿、账户或凭据；身份字段不完整,为该成员提供当前版本九字段声明及逐字段Schema、授权和唯一证据定位后追加不可变批次,2d50c1344a835ceeb832796935182aeff80bb03cecc5465c8cf3aaccbd446acd,86129966e4bc55fac18f2d7602a2309d4403f85861102128a56a80a5a0ccc1ea,10c48b734cb44ee3eb1463df87fb8caabe186419889bdfc544eab63223d7f120
source-identity-declaration-20260808T051008+0800-7cf99a5ed6b9,ZI-1ffb29f3c048f7f9c99afb68,DS-000057,候选数据文件,BTC,4小时;8小时;24小时;48小时,15分钟;1小时,未知,未知,未知,未知,未知,未知,未知,未知,未知,未登记,无,config/数据/来源身份声明补采.json#身份声明[],f9cf6f2a34762867a443c0a0366a7fd63f6eb254ce171133707efd3aa521c683,ae21fda5c0653f332e55a07d8845e164909d455385ec75880755b67592ab6e08,f1c65e289e7ab884b423d6b5ae24ba9ed0fdfe199fecae78e66d80c06d5673a1,未知,b3a1fc5ec72ad95e258b584f936ad46befab951e0ee9e43eaa18179e34974387,无法判定,FILE_STAT_OBSERVED_IDENTITY_UNPROVEN,本批次只读；若声明、输入、Schema或授权漂移，既有结论自动失效并须追加新批次,未读取业务正文、价格、成交、订单簿、账户或凭据；身份字段不完整,为该成员提供当前版本九字段声明及逐字段Schema、授权和唯一证据定位后追加不可变批次,2d50c1344a835ceeb832796935182aeff80bb03cecc5465c8cf3aaccbd446acd,86129966e4bc55fac18f2d7602a2309d4403f85861102128a56a80a5a0ccc1ea,8685de69b8fcc6919d8a5ce9e9db2afca43f984cf7d9a6d870829dbc0f0318e8
source-identity-declaration-20260808T051008+0800-7cf99a5ed6b9,ZI-6a4189c6cb894961a396d1b1,DS-000058,候选数据文件,BTC,4小时;8小时;24小时;48小时,15分钟;1小时,未知,未知,未知,未知,未知,未知,未知,未知,未知,未登记,无,config/数据/来源身份声明补采.json#身份声明[],f9cf6f2a34762867a443c0a0366a7fd63f6eb254ce171133707efd3aa521c683,c660829578896811167b8d845c14d303efa2e3f8b50e904d73e411784995991a,f882f850239191016d3502bd7499952230046fff74428985aabf221d9ff6c12e,未知,b3a1fc5ec72ad95e258b584f936ad46befab951e0ee9e43eaa18179e34974387,无法判定,FILE_STAT_OBSERVED_IDENTITY_UNPROVEN,本批次只读；若声明、输入、Schema或授权漂移，既有结论自动失效并须追加新批次,未读取业务正文、价格、成交、订单簿、账户或凭据；身份字段不完整,为该成员提供当前版本九字段声明及逐字段Schema、授权和唯一证据定位后追加不可变批次,2d50c1344a835ceeb832796935182aeff80bb03cecc5465c8cf3aaccbd446acd,86129966e4bc55fac18f2d7602a2309d4403f85861102128a56a80a5a0ccc1ea,8972a53be0785df584a4f29435849f8a4d88b435c2ee14cef0d2e406a90f6f6c
source-identity-declaration-20260808T051008+0800-7cf99a5ed6b9,ZI-00eda622e78ef39a01015ba9,DS-000059,候选数据文件,BTC,4小时;8小时;24小时;48小时,15分钟;1小时,未知,未知,未知,未知,未知,未知,未知,未知,未知,未登记,无,config/数据/来源身份声明补采.json#身份声明[],f9cf6f2a34762867a443c0a0366a7fd63f6eb254ce171133707efd3aa521c683,6ab67b288358b14fec04f0192375baa6f051a76cf8cbe96f4f6da90007923591,651365605a3eeecc7b84153ab291e031b5e5a0da9eeed4d927f115422ae1bcf5,未知,b3a1fc5ec72ad95e258b584f936ad46befab951e0ee9e43eaa18179e34974387,无法判定,FILE_STAT_OBSERVED_IDENTITY_UNPROVEN,本批次只读；若声明、输入、Schema或授权漂移，既有结论自动失效并须追加新批次,未读取业务正文、价格、成交、订单簿、账户或凭据；身份字段不完整,为该成员提供当前版本九字段声明及逐字段Schema、授权和唯一证据定位后追加不可变批次,2d50c1344a835ceeb832796935182aeff80bb03cecc5465c8cf3aaccbd446acd,86129966e4bc55fac18f2d7602a2309d4403f85861102128a56a80a5a0ccc1ea,9c8984806b23a6d1a204776ff2295a7f5fb9461871391d28e8b04af8d97ccf23
source-identity-declaration-20260808T051008+0800-7cf99a5ed6b9,ZI-53b60db8e4a05b06d7a4c2fc,DS-000060,候选数据文件,BTC,4小时;8小时;24小时;48小时,15分钟;1小时,未知,未知,未知,未知,未知,未知,未知,未知,未知,未登记,无,config/数据/来源身份声明补采.json#身份声明[],f9cf6f2a34762867a443c0a0366a7fd63f6eb254ce171133707efd3aa521c683,adf7fdba5eb0d647d00287e9447a608eb8c49dc7152886e47ac7594111d44ddd,12c351038dc469e958fe4100d546c89d5d63a0eb2f8e198c1775b1975c890a4a,未知,b3a1fc5ec72ad95e258b584f936ad46befab951e0ee9e43eaa18179e34974387,无法判定,FILE_STAT_OBSERVED_IDENTITY_UNPROVEN,本批次只读；若声明、输入、Schema或授权漂移，既有结论自动失效并须追加新批次,未读取业务正文、价格、成交、订单簿、账户或凭据；身份字段不完整,为该成员提供当前版本九字段声明及逐字段Schema、授权和唯一证据定位后追加不可变批次,2d50c1344a835ceeb832796935182aeff80bb03cecc5465c8cf3aaccbd446acd,86129966e4bc55fac18f2d7602a2309d4403f85861102128a56a80a5a0ccc1ea,4c8a9dd57dd89a018dab9a52b0f0136766db375067da9431442ccabec55e6383
source-identity-declaration-20260808T051008+0800-7cf99a5ed6b9,ZI-3bf1600f7a490d1c0e92c629,DS-000061,候选数据文件,BTC,4小时;8小时;24小时;48小时,15分钟;1小时,未知,未知,未知,未知,未知,未知,未知,未知,未知,未登记,无,config/数据/来源身份声明补采.json#身份声明[],f9cf6f2a34762867a443c0a0366a7fd63f6eb254ce171133707efd3aa521c683,3a5d875afbc06a8c4e2c1bfabdef47e60bab08f23564741f433dc66b18ada1f9,8a9ab8deaabae43a111b9a2b5357e0ea3cb35d73eafade080a2863a7233c89ea,未知,b3a1fc5ec72ad95e258b584f936ad46befab951e0ee9e43eaa18179e34974387,无法判定,FILE_STAT_OBSERVED_IDENTITY_UNPROVEN,本批次只读；若声明、输入、Schema或授权漂移，既有结论自动失效并须追加新批次,未读取业务正文、价格、成交、订单簿、账户或凭据；身份字段不完整,为该成员提供当前版本九字段声明及逐字段Schema、授权和唯一证据定位后追加不可变批次,2d50c1344a835ceeb832796935182aeff80bb03cecc5465c8cf3aaccbd446acd,86129966e4bc55fac18f2d7602a2309d4403f85861102128a56a80a5a0ccc1ea,b0d16ea2821ee4f05ebdc95b794fbd267db7d6c8677a7363955e3f006fc5df90
source-identity-declaration-20260808T051008+0800-7cf99a5ed6b9,ZI-5997c1cab5104ea92a74dd2e,DS-000062,候选数据文件,BTC,4小时;8小时;24小时;48小时,15分钟;1小时,未知,未知,未知,未知,未知,未知,未知,未知,未知,未登记,无,config/数据/来源身份声明补采.json#身份声明[],f9cf6f2a34762867a443c0a0366a7fd63f6eb254ce171133707efd3aa521c683,5710a895d201ba1fbc94beb00d9e2422377065f1fd515e16b50be19199c8a5ec,4aaea957203bce27943d23d9579770bc8aa08256bce1cc1826a27b2c2036a581,未知,b3a1fc5ec72ad95e258b584f936ad46befab951e0ee9e43eaa18179e34974387,无法判定,FILE_STAT_OBSERVED_IDENTITY_UNPROVEN,本批次只读；若声明、输入、Schema或授权漂移，既有结论自动失效并须追加新批次,未读取业务正文、价格、成交、订单簿、账户或凭据；身份字段不完整,为该成员提供当前版本九字段声明及逐字段Schema、授权和唯一证据定位后追加不可变批次,2d50c1344a835ceeb832796935182aeff80bb03cecc5465c8cf3aaccbd446acd,86129966e4bc55fac18f2d7602a2309d4403f85861102128a56a80a5a0ccc1ea,aa1253d2bd10deccf196a2d2533797bf53be3fd1d624cf7f99df385634158d14
source-identity-declaration-20260808T051008+0800-7cf99a5ed6b9,ZI-04475b7c457ff1d625fa1904,DS-000063,候选数据文件,BTC,4小时;8小时;24小时;48小时,15分钟;1小时,未知,未知,未知,未知,未知,未知,未知,未知,未知,未登记,无,config/数据/来源身份声明补采.json#身份声明[],f9cf6f2a34762867a443c0a0366a7fd63f6eb254ce171133707efd3aa521c683,26a4dec78e9ebed059e05fe413141f5a5cc7f1dfcb2dd638b319e4006f4ae6b7,5c1cf040b1f2cad7e44808ba948ec78a0f4f306cac1d8458eba84fa3d88e9b6b,未知,b3a1fc5ec72ad95e258b584f936ad46befab951e0ee9e43eaa18179e34974387,无法判定,FILE_STAT_OBSERVED_IDENTITY_UNPROVEN,本批次只读；若声明、输入、Schema或授权漂移，既有结论自动失效并须追加新批次,未读取业务正文、价格、成交、订单簿、账户或凭据；身份字段不完整,为该成员提供当前版本九字段声明及逐字段Schema、授权和唯一证据定位后追加不可变批次,2d50c1344a835ceeb832796935182aeff80bb03cecc5465c8cf3aaccbd446acd,86129966e4bc55fac18f2d7602a2309d4403f85861102128a56a80a5a0ccc1ea,2552ec914e576550bf07957b67b6b9ed2302bb0d78271b0a3f587fa329e04bf1
source-identity-declaration-20260808T051008+0800-7cf99a5ed6b9,ZI-13ef7d5e793b0e8f61f9f6b4,DS-000064,候选数据文件,BTC,4小时;8小时;24小时;48小时,15分钟;1小时,未知,未知,未知,未知,未知,未知,未知,未知,未知,未登记,无,config/数据/来源身份声明补采.json#身份声明[],f9cf6f2a34762867a443c0a0366a7fd63f6eb254ce171133707efd3aa521c683,f1f6b00f8921b2167b1f004ba0cb0abd4ef1f7fa7f4123aa449bed5a319e5b47,975b0d7f3e49e42e2ecb879a4d0560bc4e1d7306bfcdd58dae2ea078299254b7,未知,b3a1fc5ec72ad95e258b584f936ad46befab951e0ee9e43eaa18179e34974387,无法判定,FILE_STAT_OBSERVED_IDENTITY_UNPROVEN,本批次只读；若声明、输入、Schema或授权漂移，既有结论自动失效并须追加新批次,未读取业务正文、价格、成交、订单簿、账户或凭据；身份字段不完整,为该成员提供当前版本九字段声明及逐字段Schema、授权和唯一证据定位后追加不可变批次,2d50c1344a835ceeb832796935182aeff80bb03cecc5465c8cf3aaccbd446acd,86129966e4bc55fac18f2d7602a2309d4403f85861102128a56a80a5a0ccc1ea,3a5fb5c971b382cde85bff67d3618599ba0ba2da7bba08758e0a37a8127ee1e7
source-identity-declaration-20260808T051008+0800-7cf99a5ed6b9,ZI-0c25fa7b259d916e8b019c93,DS-000065,候选数据文件,BTC,4小时;8小时;24小时;48小时,15分钟;1小时,未知,未知,未知,未知,未知,未知,未知,未知,未知,未登记,无,config/数据/来源身份声明补采.json#身份声明[],f9cf6f2a34762867a443c0a0366a7fd63f6eb254ce171133707efd3aa521c683,eab3d84b522308f2ae60c693e4d4eaa4a5821cd91eba8b0d32793da5476732a3,5ced6eac771c906b451a359360e493fc08647e63e8371e0d892fef33c893c5b2,未知,b3a1fc5ec72ad95e258b584f936ad46befab951e0ee9e43eaa18179e34974387,无法判定,FILE_STAT_OBSERVED_IDENTITY_UNPROVEN,本批次只读；若声明、输入、Schema或授权漂移，既有结论自动失效并须追加新批次,未读取业务正文、价格、成交、订单簿、账户或凭据；身份字段不完整,为该成员提供当前版本九字段声明及逐字段Schema、授权和唯一证据定位后追加不可变批次,2d50c1344a835ceeb832796935182aeff80bb03cecc5465c8cf3aaccbd446acd,86129966e4bc55fac18f2d7602a2309d4403f85861102128a56a80a5a0ccc1ea,d899b8815aba2a7f67025dedb23349bcafec602d66c6e84114268bddcf07be26
source-identity-declaration-20260808T051008+0800-7cf99a5ed6b9,ZI-b71f8ba08a9ed0ebaf0eb354,DS-000066,候选数据文件,BTC,4小时;8小时;24小时;48小时,15分钟;1小时,未知,未知,未知,未知,未知,未知,未知,未知,未知,未登记,无,config/数据/来源身份声明补采.json#身份声明[],f9cf6f2a34762867a443c0a0366a7fd63f6eb254ce171133707efd3aa521c683,b4c1118b099f8af0e0124bcd8ab32c7080e4c77c9db562d06a2ddfb0aaef470f,49627c89939cf1eb48174bba004dd948506e0e9dd8acadbaefa3f59ae850ff66,未知,b3a1fc5ec72ad95e258b584f936ad46befab951e0ee9e43eaa18179e34974387,无法判定,FILE_STAT_OBSERVED_IDENTITY_UNPROVEN,本批次只读；若声明、输入、Schema或授权漂移，既有结论自动失效并须追加新批次,未读取业务正文、价格、成交、订单簿、账户或凭据；身份字段不完整,为该成员提供当前版本九字段声明及逐字段Schema、授权和唯一证据定位后追加不可变批次,2d50c1344a835ceeb832796935182aeff80bb03cecc5465c8cf3aaccbd446acd,86129966e4bc55fac18f2d7602a2309d4403f85861102128a56a80a5a0ccc1ea,0d47762b510d6f9f3e6175635aed589d72176b9f03e41b0f1cbbbf7d3ca4a689
source-identity-declaration-20260808T051008+0800-7cf99a5ed6b9,ZI-a299ddfd734c4ab74af0b3e2,DS-000067,候选数据文件,BTC,4小时;8小时;24小时;48小时,15分钟;1小时,未知,未知,未知,未知,未知,未知,未知,未知,未知,未登记,无,config/数据/来源身份声明补采.json#身份声明[],f9cf6f2a34762867a443c0a0366a7fd63f6eb254ce171133707efd3aa521c683,0aacf650e5c210dc3a2f861d8ec121819cbf065be98ebffdaefac4f009fe321b,23b9038a85ed14a2a54b16059f5894baa282799241d5f16565a7ac1f5285bc89,未知,b3a1fc5ec72ad95e258b584f936ad46befab951e0ee9e43eaa18179e34974387,无法判定,FILE_STAT_OBSERVED_IDENTITY_UNPROVEN,本批次只读；若声明、输入、Schema或授权漂移，既有结论自动失效并须追加新批次,未读取业务正文、价格、成交、订单簿、账户或凭据；身份字段不完整,为该成员提供当前版本九字段声明及逐字段Schema、授权和唯一证据定位后追加不可变批次,2d50c1344a835ceeb832796935182aeff80bb03cecc5465c8cf3aaccbd446acd,86129966e4bc55fac18f2d7602a2309d4403f85861102128a56a80a5a0ccc1ea,3e5143b627c8c0c2eaa03f481daab99d34709b228524ad89b0fc400d61b051c7
source-identity-declaration-20260808T051008+0800-7cf99a5ed6b9,ZI-542e5737b0c583e4ba78c4d8,DS-000068,候选数据文件,BTC,4小时;8小时;24小时;48小时,15分钟;1小时,未知,未知,未知,未知,未知,未知,未知,未知,未知,未登记,无,config/数据/来源身份声明补采.json#身份声明[],f9cf6f2a34762867a443c0a0366a7fd63f6eb254ce171133707efd3aa521c683,db30c154a1919ffb0c2c0e6029d2f69014247f83417003c9f872c26cf0a21977,77f7447a7e0aa38f0d517728fdaabe180eef0cb7550aaa9ffa57596bca31fdab,未知,b3a1fc5ec72ad95e258b584f936ad46befab951e0ee9e43eaa18179e34974387,无法判定,FILE_STAT_OBSERVED_IDENTITY_UNPROVEN,本批次只读；若声明、输入、Schema或授权漂移，既有结论自动失效并须追加新批次,未读取业务正文、价格、成交、订单簿、账户或凭据；身份字段不完整,为该成员提供当前版本九字段声明及逐字段Schema、授权和唯一证据定位后追加不可变批次,2d50c1344a835ceeb832796935182aeff80bb03cecc5465c8cf3aaccbd446acd,86129966e4bc55fac18f2d7602a2309d4403f85861102128a56a80a5a0ccc1ea,4584f7973351fab2051ef8c7058f8839b99fb38a145245812e4a9dc7f0d77959
source-identity-declaration-20260808T051008+0800-7cf99a5ed6b9,ZI-48f77e4e45c16d6e82eafb9d,DS-000069,候选数据文件,BTC,4小时;8小时;24小时;48小时,15分钟;1小时,未知,未知,未知,未知,未知,未知,未知,未知,未知,未登记,无,config/数据/来源身份声明补采.json#身份声明[],f9cf6f2a34762867a443c0a0366a7fd63f6eb254ce171133707efd3aa521c683,94ab5dc58dcd90b5be0cd9c24412f3966fe4b99eb33d8a5f3620a6854ac8143e,b045ee151128a0e814864af57377feb4ccfe9e9357117747cf18850b84ba6244,未知,b3a1fc5ec72ad95e258b584f936ad46befab951e0ee9e43eaa18179e34974387,无法判定,FILE_STAT_OBSERVED_IDENTITY_UNPROVEN,本批次只读；若声明、输入、Schema或授权漂移，既有结论自动失效并须追加新批次,未读取业务正文、价格、成交、订单簿、账户或凭据；身份字段不完整,为该成员提供当前版本九字段声明及逐字段Schema、授权和唯一证据定位后追加不可变批次,2d50c1344a835ceeb832796935182aeff80bb03cecc5465c8cf3aaccbd446acd,86129966e4bc55fac18f2d7602a2309d4403f85861102128a56a80a5a0ccc1ea,2cd5138281d4ec1fffe3dad7db690f149a3b3344a477a5737d7cc89493e9f0fb
source-identity-declaration-20260808T051008+0800-7cf99a5ed6b9,ZI-3c25a7ab173319e547e57556,DS-000070,候选数据文件,BTC,4小时;8小时;24小时;48小时,15分钟;1小时,未知,未知,未知,未知,未知,未知,未知,未知,未知,未登记,无,config/数据/来源身份声明补采.json#身份声明[],f9cf6f2a34762867a443c0a0366a7fd63f6eb254ce171133707efd3aa521c683,b04d9cf5f0550dd3b100f17db6b09f4e9755f27bc2dfb80444837b7bdeece9f7,4fb4e8aa84094c1c0360c4ec1ea4dec37d83ca8f1617872a4b121e925efebd50,未知,b3a1fc5ec72ad95e258b584f936ad46befab951e0ee9e43eaa18179e34974387,无法判定,FILE_STAT_OBSERVED_IDENTITY_UNPROVEN,本批次只读；若声明、输入、Schema或授权漂移，既有结论自动失效并须追加新批次,未读取业务正文、价格、成交、订单簿、账户或凭据；身份字段不完整,为该成员提供当前版本九字段声明及逐字段Schema、授权和唯一证据定位后追加不可变批次,2d50c1344a835ceeb832796935182aeff80bb03cecc5465c8cf3aaccbd446acd,86129966e4bc55fac18f2d7602a2309d4403f85861102128a56a80a5a0ccc1ea,e6a3c3a2aa3f9a1e4d1207cf81827e7a143d1cd964556a2fea12f310a6deaea7
source-identity-declaration-20260808T051008+0800-7cf99a5ed6b9,ZI-c5110b7d8549897e8abdd7e5,DS-000071,候选数据文件,BTC,4小时;8小时;24小时;48小时,15分钟;1小时,未知,未知,未知,未知,未知,未知,未知,未知,未知,未登记,无,config/数据/来源身份声明补采.json#身份声明[],f9cf6f2a34762867a443c0a0366a7fd63f6eb254ce171133707efd3aa521c683,0862e2f5ee203957cf6bdf9e0cccea6c1bd224b6343746e2c26cb9d1aefecc2a,1f91c6c4858ae0a9f46ad48d03d5521794abed19ca22b082afb898f8baa5ba6a,未知,b3a1fc5ec72ad95e258b584f936ad46befab951e0ee9e43eaa18179e34974387,无法判定,FILE_STAT_OBSERVED_IDENTITY_UNPROVEN,本批次只读；若声明、输入、Schema或授权漂移，既有结论自动失效并须追加新批次,未读取业务正文、价格、成交、订单簿、账户或凭据；身份字段不完整,为该成员提供当前版本九字段声明及逐字段Schema、授权和唯一证据定位后追加不可变批次,2d50c1344a835ceeb832796935182aeff80bb03cecc5465c8cf3aaccbd446acd,86129966e4bc55fac18f2d7602a2309d4403f85861102128a56a80a5a0ccc1ea,39b682a2245705250ae10a6ecadbbb1f96a3168a068339305bd45535909d3ff5
source-identity-declaration-20260808T051008+0800-7cf99a5ed6b9,ZI-6f2bfe54fc6b3bc0ee2bd29a,DS-000072,候选数据文件,BTC,4小时;8小时;24小时;48小时,15分钟;1小时,未知,未知,未知,未知,未知,未知,未知,未知,未知,未登记,无,config/数据/来源身份声明补采.json#身份声明[],f9cf6f2a34762867a443c0a0366a7fd63f6eb254ce171133707efd3aa521c683,15027222020681861caf23abd321393fbb4237b3f83100c4b4534386b40b95c7,e89f0dbf2a77cb25cfdf1e62bb610f580026a50d99098816120bc4fd61a82e7c,未知,b3a1fc5ec72ad95e258b584f936ad46befab951e0ee9e43eaa18179e34974387,无法判定,FILE_STAT_OBSERVED_IDENTITY_UNPROVEN,本批次只读；若声明、输入、Schema或授权漂移，既有结论自动失效并须追加新批次,未读取业务正文、价格、成交、订单簿、账户或凭据；身份字段不完整,为该成员提供当前版本九字段声明及逐字段Schema、授权和唯一证据定位后追加不可变批次,2d50c1344a835ceeb832796935182aeff80bb03cecc5465c8cf3aaccbd446acd,86129966e4bc55fac18f2d7602a2309d4403f85861102128a56a80a5a0ccc1ea,46c873ebd42a6504c70db9e1e815136716fe9cf23b55b1ca1bd921c5e4d4c447
source-identity-declaration-20260808T051008+0800-7cf99a5ed6b9,ZI-b82975cefd7452a08a009414,DS-000073,候选数据文件,BTC,4小时;8小时;24小时;48小时,15分钟;1小时,未知,未知,未知,未知,未知,未知,未知,未知,未知,未登记,无,config/数据/来源身份声明补采.json#身份声明[],f9cf6f2a34762867a443c0a0366a7fd63f6eb254ce171133707efd3aa521c683,2deca25c4bce98ed07321e7eac5d762f307f7f056c5ce4b08ebd7b4b8f4c7364,d995bf7886e7749af0ae9972de012ed7b4d3be3d3c4d15039da26dc2abbacc64,未知,b3a1fc5ec72ad95e258b584f936ad46befab951e0ee9e43eaa18179e34974387,无法判定,FILE_STAT_OBSERVED_IDENTITY_UNPROVEN,本批次只读；若声明、输入、Schema或授权漂移，既有结论自动失效并须追加新批次,未读取业务正文、价格、成交、订单簿、账户或凭据；身份字段不完整,为该成员提供当前版本九字段声明及逐字段Schema、授权和唯一证据定位后追加不可变批次,2d50c1344a835ceeb832796935182aeff80bb03cecc5465c8cf3aaccbd446acd,86129966e4bc55fac18f2d7602a2309d4403f85861102128a56a80a5a0ccc1ea,364acbb4f2c4a5db13b318bf2aadc43437089a35ea90858a569b1671db87a7b5
source-identity-declaration-20260808T051008+0800-7cf99a5ed6b9,ZI-58f7d32e980dbb401fc80a90,DS-000074,候选数据文件,BTC,4小时;8小时;24小时;48小时,15分钟;1小时,未知,未知,未知,未知,未知,未知,未知,未知,未知,未登记,无,config/数据/来源身份声明补采.json#身份声明[],f9cf6f2a34762867a443c0a0366a7fd63f6eb254ce171133707efd3aa521c683,ac5b354c4a5253401a4abe672fd70623e5d2f3a6022e2de9dfe19e3d64c073bb,f80740ee978711f811d73f02f9b88ed3f22242e7bd5feead25976c28f905907a,未知,b3a1fc5ec72ad95e258b584f936ad46befab951e0ee9e43eaa18179e34974387,无法判定,FILE_STAT_OBSERVED_IDENTITY_UNPROVEN,本批次只读；若声明、输入、Schema或授权漂移，既有结论自动失效并须追加新批次,未读取业务正文、价格、成交、订单簿、账户或凭据；身份字段不完整,为该成员提供当前版本九字段声明及逐字段Schema、授权和唯一证据定位后追加不可变批次,2d50c1344a835ceeb832796935182aeff80bb03cecc5465c8cf3aaccbd446acd,86129966e4bc55fac18f2d7602a2309d4403f85861102128a56a80a5a0ccc1ea,194d914fd987c98fb5c32ea73725fe145d5bb2eaaee152d05510a39702719477
source-identity-declaration-20260808T051008+0800-7cf99a5ed6b9,ZI-702ab124ec1d6104a18682cc,DS-000075,候选数据文件,BTC,4小时;8小时;24小时;48小时,15分钟;1小时,未知,未知,未知,未知,未知,未知,未知,未知,未知,未登记,无,config/数据/来源身份声明补采.json#身份声明[],f9cf6f2a34762867a443c0a0366a7fd63f6eb254ce171133707efd3aa521c683,e5adabe624a278724b6ce1f97aeb2e7478b7ef0b117219951e3dd57b9a70dab7,1aa23fb2b5b219ee2ddaa27d5cc1038b4ef3a1ec97d8e7314871c30944d2da2a,未知,b3a1fc5ec72ad95e258b584f936ad46befab951e0ee9e43eaa18179e34974387,无法判定,FILE_STAT_OBSERVED_IDENTITY_UNPROVEN,本批次只读；若声明、输入、Schema或授权漂移，既有结论自动失效并须追加新批次,未读取业务正文、价格、成交、订单簿、账户或凭据；身份字段不完整,为该成员提供当前版本九字段声明及逐字段Schema、授权和唯一证据定位后追加不可变批次,2d50c1344a835ceeb832796935182aeff80bb03cecc5465c8cf3aaccbd446acd,86129966e4bc55fac18f2d7602a2309d4403f85861102128a56a80a5a0ccc1ea,1e60c9f2547c9352e466ddf9d6b436bfa7d12cf1d7418103c3c1feb841c926de
source-identity-declaration-20260808T051008+0800-7cf99a5ed6b9,ZI-eb4f39de309ba813696327df,DS-000076,候选数据文件,BTC,4小时;8小时;24小时;48小时,15分钟;1小时,未知,未知,未知,未知,未知,未知,未知,未知,未知,未登记,无,config/数据/来源身份声明补采.json#身份声明[],f9cf6f2a34762867a443c0a0366a7fd63f6eb254ce171133707efd3aa521c683,e8f121115255b3f336495618342f8a1f0e4377727cdcd8fbf7e7f6007899d3c1,111cb89424ead72cf3aa0cd5a8dc8301bd6f361a01bb006c2c971e67a0756aa3,未知,b3a1fc5ec72ad95e258b584f936ad46befab951e0ee9e43eaa18179e34974387,无法判定,FILE_STAT_OBSERVED_IDENTITY_UNPROVEN,本批次只读；若声明、输入、Schema或授权漂移，既有结论自动失效并须追加新批次,未读取业务正文、价格、成交、订单簿、账户或凭据；身份字段不完整,为该成员提供当前版本九字段声明及逐字段Schema、授权和唯一证据定位后追加不可变批次,2d50c1344a835ceeb832796935182aeff80bb03cecc5465c8cf3aaccbd446acd,86129966e4bc55fac18f2d7602a2309d4403f85861102128a56a80a5a0ccc1ea,b4174064247f200c42fd2ea4a6776bd0a6709e4cfced55fab7f8984592bb2318
source-identity-declaration-20260808T051008+0800-7cf99a5ed6b9,ZI-a2a17d00e18d8270c3da40b2,DS-000077,候选数据文件,BTC,4小时;8小时;24小时;48小时,15分钟;1小时,未知,未知,未知,未知,未知,未知,未知,未知,未知,未登记,无,config/数据/来源身份声明补采.json#身份声明[],f9cf6f2a34762867a443c0a0366a7fd63f6eb254ce171133707efd3aa521c683,b93cbc4a97f28e776414cc96ef1c9b6d33baf46dedf6542fc40b5f24ebb90aab,baa29331850ab27315c0a93930f539cb5502f423fedd98cb2e86e267f2b045a6,未知,b3a1fc5ec72ad95e258b584f936ad46befab951e0ee9e43eaa18179e34974387,无法判定,FILE_STAT_OBSERVED_IDENTITY_UNPROVEN,本批次只读；若声明、输入、Schema或授权漂移，既有结论自动失效并须追加新批次,未读取业务正文、价格、成交、订单簿、账户或凭据；身份字段不完整,为该成员提供当前版本九字段声明及逐字段Schema、授权和唯一证据定位后追加不可变批次,2d50c1344a835ceeb832796935182aeff80bb03cecc5465c8cf3aaccbd446acd,86129966e4bc55fac18f2d7602a2309d4403f85861102128a56a80a5a0ccc1ea,72769fde03b7a6445099d5616e1f1c07f8f1d9cf6d7f387e4c00185e1bb73c9a
source-identity-declaration-20260808T051008+0800-7cf99a5ed6b9,ZI-348f6f63e47eaafea3ee9552,DS-000078,候选数据文件,BTC,4小时;8小时;24小时;48小时,15分钟;1小时,未知,未知,未知,未知,未知,未知,未知,未知,未知,未登记,无,config/数据/来源身份声明补采.json#身份声明[],f9cf6f2a34762867a443c0a0366a7fd63f6eb254ce171133707efd3aa521c683,9ff25aec656063d50358c451f21569aac06eaec60abb7eb1209d023004fcd058,e212d846a0d4288bbedde644fcd626ba447695af79074e263214faace9780adf,未知,b3a1fc5ec72ad95e258b584f936ad46befab951e0ee9e43eaa18179e34974387,无法判定,FILE_STAT_OBSERVED_IDENTITY_UNPROVEN,本批次只读；若声明、输入、Schema或授权漂移，既有结论自动失效并须追加新批次,未读取业务正文、价格、成交、订单簿、账户或凭据；身份字段不完整,为该成员提供当前版本九字段声明及逐字段Schema、授权和唯一证据定位后追加不可变批次,2d50c1344a835ceeb832796935182aeff80bb03cecc5465c8cf3aaccbd446acd,86129966e4bc55fac18f2d7602a2309d4403f85861102128a56a80a5a0ccc1ea,a4399d4d9f6b850a187dc97ee88963bc6c828e2020ea2d102f15740e600943da
source-identity-declaration-20260808T051008+0800-7cf99a5ed6b9,ZI-502eb39d03727e04069cd747,DS-000079,候选数据文件,BTC,4小时;8小时;24小时;48小时,15分钟;1小时,未知,未知,未知,未知,未知,未知,未知,未知,未知,未登记,无,config/数据/来源身份声明补采.json#身份声明[],f9cf6f2a34762867a443c0a0366a7fd63f6eb254ce171133707efd3aa521c683,2b9634a627f69599a77aa29fa4a7056feb846f6a024ecdb8f55a1c04aa95fea2,91f169f714c690456138cdf589d5e8a7b5456f6053d1cdc94e2b724fdbfa42b1,未知,b3a1fc5ec72ad95e258b584f936ad46befab951e0ee9e43eaa18179e34974387,无法判定,FILE_STAT_OBSERVED_IDENTITY_UNPROVEN,本批次只读；若声明、输入、Schema或授权漂移，既有结论自动失效并须追加新批次,未读取业务正文、价格、成交、订单簿、账户或凭据；身份字段不完整,为该成员提供当前版本九字段声明及逐字段Schema、授权和唯一证据定位后追加不可变批次,2d50c1344a835ceeb832796935182aeff80bb03cecc5465c8cf3aaccbd446acd,86129966e4bc55fac18f2d7602a2309d4403f85861102128a56a80a5a0ccc1ea,329b152c8a383eba1ed870dd37c075c7b3dd4e0dc05896dcd3554cd5843921b0
source-identity-declaration-20260808T051008+0800-7cf99a5ed6b9,ZI-b8df3b3e536accc3b80b8066,DS-000080,候选数据文件,BTC,4小时;8小时;24小时;48小时,15分钟;1小时,未知,未知,未知,未知,未知,未知,未知,未知,未知,未登记,无,config/数据/来源身份声明补采.json#身份声明[],f9cf6f2a34762867a443c0a0366a7fd63f6eb254ce171133707efd3aa521c683,3af20a52811a89980b8cf09252253e548c5f6c7fe76c96012651febe29bb1e22,29a9822b3c83726c46e27f624ea982eb5b39d1b28b9c7f58154f864cdaa29623,未知,b3a1fc5ec72ad95e258b584f936ad46befab951e0ee9e43eaa18179e34974387,无法判定,FILE_STAT_OBSERVED_IDENTITY_UNPROVEN,本批次只读；若声明、输入、Schema或授权漂移，既有结论自动失效并须追加新批次,未读取业务正文、价格、成交、订单簿、账户或凭据；身份字段不完整,为该成员提供当前版本九字段声明及逐字段Schema、授权和唯一证据定位后追加不可变批次,2d50c1344a835ceeb832796935182aeff80bb03cecc5465c8cf3aaccbd446acd,86129966e4bc55fac18f2d7602a2309d4403f85861102128a56a80a5a0ccc1ea,b62dddf829a441033d03ea057d62307806b8f95864b1944764fd3fad4c826cd8
source-identity-declaration-20260808T051008+0800-7cf99a5ed6b9,ZI-988e7988699ea375ef999f36,DS-000081,候选数据文件,BTC,4小时;8小时;24小时;48小时,15分钟;1小时,未知,未知,未知,未知,未知,未知,未知,未知,未知,未登记,无,config/数据/来源身份声明补采.json#身份声明[],f9cf6f2a34762867a443c0a0366a7fd63f6eb254ce171133707efd3aa521c683,b20c3eb4b0ee8495a9cdc66b7a345404f395cee265413ff67af9890cc47ff5f5,d1db93d691c78fd916ed92552469c918d03cee922044d79f33cf6a69eb698258,未知,b3a1fc5ec72ad95e258b584f936ad46befab951e0ee9e43eaa18179e34974387,无法判定,FILE_STAT_OBSERVED_IDENTITY_UNPROVEN,本批次只读；若声明、输入、Schema或授权漂移，既有结论自动失效并须追加新批次,未读取业务正文、价格、成交、订单簿、账户或凭据；身份字段不完整,为该成员提供当前版本九字段声明及逐字段Schema、授权和唯一证据定位后追加不可变批次,2d50c1344a835ceeb832796935182aeff80bb03cecc5465c8cf3aaccbd446acd,86129966e4bc55fac18f2d7602a2309d4403f85861102128a56a80a5a0ccc1ea,bc80456e9a06a040886ac8e0f39e271ac32d1ca1ce8c31ed5254d99794c1855c
source-identity-declaration-20260808T051008+0800-7cf99a5ed6b9,ZI-e157f9d0fcdfc3a8e2bc8c70,DS-000082,候选数据文件,BTC,4小时;8小时;24小时;48小时,15分钟;1小时,未知,未知,未知,未知,未知,未知,未知,未知,未知,未登记,无,config/数据/来源身份声明补采.json#身份声明[],f9cf6f2a34762867a443c0a0366a7fd63f6eb254ce171133707efd3aa521c683,a3c34f7777e1788e6f6a999275acf640777e31dfb5589bc25492af521c3e994a,fede02311f74fb634858a416f0f4dd18126f465e01fbc1100acbf10d1200a663,未知,b3a1fc5ec72ad95e258b584f936ad46befab951e0ee9e43eaa18179e34974387,无法判定,FILE_STAT_OBSERVED_IDENTITY_UNPROVEN,本批次只读；若声明、输入、Schema或授权漂移，既有结论自动失效并须追加新批次,未读取业务正文、价格、成交、订单簿、账户或凭据；身份字段不完整,为该成员提供当前版本九字段声明及逐字段Schema、授权和唯一证据定位后追加不可变批次,2d50c1344a835ceeb832796935182aeff80bb03cecc5465c8cf3aaccbd446acd,86129966e4bc55fac18f2d7602a2309d4403f85861102128a56a80a5a0ccc1ea,8838072bdd89bfd0c92cbad56e5b18d25c51d4ff132695b93ab0e9c23ee217e8
source-identity-declaration-20260808T051008+0800-7cf99a5ed6b9,ZI-606826edf27ebb1d7ce3c168,DS-000083,候选数据文件,BTC,4小时;8小时;24小时;48小时,15分钟;1小时,未知,未知,未知,未知,未知,未知,未知,未知,未知,未登记,无,config/数据/来源身份声明补采.json#身份声明[],f9cf6f2a34762867a443c0a0366a7fd63f6eb254ce171133707efd3aa521c683,2451e8638c8430d0a501abd81a4c6d6bf80512a1dab2010897c17132c0c7480e,7b4a4a43ce8d31d83beac8dd9485d3c99d65763572b420fe5c40d7aff5a2ddc0,未知,b3a1fc5ec72ad95e258b584f936ad46befab951e0ee9e43eaa18179e34974387,无法判定,FILE_STAT_OBSERVED_IDENTITY_UNPROVEN,本批次只读；若声明、输入、Schema或授权漂移，既有结论自动失效并须追加新批次,未读取业务正文、价格、成交、订单簿、账户或凭据；身份字段不完整,为该成员提供当前版本九字段声明及逐字段Schema、授权和唯一证据定位后追加不可变批次,2d50c1344a835ceeb832796935182aeff80bb03cecc5465c8cf3aaccbd446acd,86129966e4bc55fac18f2d7602a2309d4403f85861102128a56a80a5a0ccc1ea,9853c8b12e8a65284f63730778ac24fac10ba1bbee7d08c091adc2fc843efb2d
source-identity-declaration-20260808T051008+0800-7cf99a5ed6b9,ZI-2cf1c33ec5d03375f4ea30ab,DS-000084,候选数据文件,BTC,4小时;8小时;24小时;48小时,15分钟;1小时,未知,未知,未知,未知,未知,未知,未知,未知,未知,未登记,无,config/数据/来源身份声明补采.json#身份声明[],f9cf6f2a34762867a443c0a0366a7fd63f6eb254ce171133707efd3aa521c683,445c3db6bd19d4f5548639c800454f126f0076372a493802613cf5800bcfd8e3,605a5eb860a53c866c176f9377d1e2fbb5052a77234ea73731df9aa2573861af,未知,b3a1fc5ec72ad95e258b584f936ad46befab951e0ee9e43eaa18179e34974387,无法判定,FILE_STAT_OBSERVED_IDENTITY_UNPROVEN,本批次只读；若声明、输入、Schema或授权漂移，既有结论自动失效并须追加新批次,未读取业务正文、价格、成交、订单簿、账户或凭据；身份字段不完整,为该成员提供当前版本九字段声明及逐字段Schema、授权和唯一证据定位后追加不可变批次,2d50c1344a835ceeb832796935182aeff80bb03cecc5465c8cf3aaccbd446acd,86129966e4bc55fac18f2d7602a2309d4403f85861102128a56a80a5a0ccc1ea,10d2ce18149df615bc2560e3a8ae399f0c381de859aef2e44e25407c2e51238b
source-identity-declaration-20260808T051008+0800-7cf99a5ed6b9,ZI-6660a9981b4c038dfec654e0,DS-000085,候选数据文件,BTC,4小时;8小时;24小时;48小时,15分钟;1小时,未知,未知,未知,未知,未知,未知,未知,未知,未知,未登记,无,config/数据/来源身份声明补采.json#身份声明[],f9cf6f2a34762867a443c0a0366a7fd63f6eb254ce171133707efd3aa521c683,0c7eaabb88f378576b9d9ce30a667c481c9cbc99a6f7eb7d7d491544477e4ffe,0fedf9c7d3d0b989a7b875084ed71e07cdebe1bb2dcb6342a19dfc9a576d79f6,未知,b3a1fc5ec72ad95e258b584f936ad46befab951e0ee9e43eaa18179e34974387,无法判定,FILE_STAT_OBSERVED_IDENTITY_UNPROVEN,本批次只读；若声明、输入、Schema或授权漂移，既有结论自动失效并须追加新批次,未读取业务正文、价格、成交、订单簿、账户或凭据；身份字段不完整,为该成员提供当前版本九字段声明及逐字段Schema、授权和唯一证据定位后追加不可变批次,2d50c1344a835ceeb832796935182aeff80bb03cecc5465c8cf3aaccbd446acd,86129966e4bc55fac18f2d7602a2309d4403f85861102128a56a80a5a0ccc1ea,7b61e7159d1d3d789226f4326cdb78cbf6411d906645eac24a1050b117e2b2e6
source-identity-declaration-20260808T051008+0800-7cf99a5ed6b9,ZI-540f8f5763c8c25b47283449,DS-000086,候选数据文件,BTC,4小时;8小时;24小时;48小时,15分钟;1小时,未知,未知,未知,未知,未知,未知,未知,未知,未知,未登记,无,config/数据/来源身份声明补采.json#身份声明[],f9cf6f2a34762867a443c0a0366a7fd63f6eb254ce171133707efd3aa521c683,0eb4a4f4f4e4a1068ec372fdf0f11c08153f6b1bc3cd56a5c0c94960d1e62b09,01f93941e985130de91b35ffe8c58ad67717e498a3ce1aa05fc6c302bd2e295d,未知,b3a1fc5ec72ad95e258b584f936ad46befab951e0ee9e43eaa18179e34974387,无法判定,FILE_STAT_OBSERVED_IDENTITY_UNPROVEN,本批次只读；若声明、输入、Schema或授权漂移，既有结论自动失效并须追加新批次,未读取业务正文、价格、成交、订单簿、账户或凭据；身份字段不完整,为该成员提供当前版本九字段声明及逐字段Schema、授权和唯一证据定位后追加不可变批次,2d50c1344a835ceeb832796935182aeff80bb03cecc5465c8cf3aaccbd446acd,86129966e4bc55fac18f2d7602a2309d4403f85861102128a56a80a5a0ccc1ea,9a985ea384d2cfef8b2eff45bd29c272dee7df405413d182d2973bb59460c2d2
source-identity-declaration-20260808T051008+0800-7cf99a5ed6b9,ZI-563d8a435062e95a3eb06fe9,DS-000087,候选数据文件,BTC,4小时;8小时;24小时;48小时,15分钟;1小时,未知,未知,未知,未知,未知,未知,未知,未知,未知,未登记,无,config/数据/来源身份声明补采.json#身份声明[],f9cf6f2a34762867a443c0a0366a7fd63f6eb254ce171133707efd3aa521c683,cb5a9125a33ceff9a40988e72821717f085ad2c21526cf39088cb344195f21c1,251b795b56d9aa547185015d4a5a0dcec33763011e38c6999b85d5ac3c45834f,未知,b3a1fc5ec72ad95e258b584f936ad46befab951e0ee9e43eaa18179e34974387,无法判定,FILE_STAT_OBSERVED_IDENTITY_UNPROVEN,本批次只读；若声明、输入、Schema或授权漂移，既有结论自动失效并须追加新批次,未读取业务正文、价格、成交、订单簿、账户或凭据；身份字段不完整,为该成员提供当前版本九字段声明及逐字段Schema、授权和唯一证据定位后追加不可变批次,2d50c1344a835ceeb832796935182aeff80bb03cecc5465c8cf3aaccbd446acd,86129966e4bc55fac18f2d7602a2309d4403f85861102128a56a80a5a0ccc1ea,32f41416cead7c8634e890164a94d89b63673089778f7559786f3df2062c3267
source-identity-declaration-20260808T051008+0800-7cf99a5ed6b9,ZI-1644f2c09acf5ac64c1c5a84,DS-000088,候选数据文件,BTC,4小时;8小时;24小时;48小时,15分钟;1小时,未知,未知,未知,未知,未知,未知,未知,未知,未知,未登记,无,config/数据/来源身份声明补采.json#身份声明[],f9cf6f2a34762867a443c0a0366a7fd63f6eb254ce171133707efd3aa521c683,bdf4657f0758c3c4568e041dea286a8841995e2061be6660ddc80d52cb73fd57,86b4f6c6711e419eb64b65468f33c7b013594aec40ccf4bd6b11fe08ad060d5b,未知,b3a1fc5ec72ad95e258b584f936ad46befab951e0ee9e43eaa18179e34974387,无法判定,FILE_STAT_OBSERVED_IDENTITY_UNPROVEN,本批次只读；若声明、输入、Schema或授权漂移，既有结论自动失效并须追加新批次,未读取业务正文、价格、成交、订单簿、账户或凭据；身份字段不完整,为该成员提供当前版本九字段声明及逐字段Schema、授权和唯一证据定位后追加不可变批次,2d50c1344a835ceeb832796935182aeff80bb03cecc5465c8cf3aaccbd446acd,86129966e4bc55fac18f2d7602a2309d4403f85861102128a56a80a5a0ccc1ea,b2a581bbda32142b7de5a84897b5522019bff8bd5086e232a16f8251237e6496
source-identity-declaration-20260808T051008+0800-7cf99a5ed6b9,ZI-a06218992d1a90d5362b2b06,DS-000089,候选数据文件,BTC,4小时;8小时;24小时;48小时,15分钟;1小时,未知,未知,未知,未知,未知,未知,未知,未知,未知,未登记,无,config/数据/来源身份声明补采.json#身份声明[],f9cf6f2a34762867a443c0a0366a7fd63f6eb254ce171133707efd3aa521c683,c17e9de0d77f02429c2bf544f7e87a0be9fbf10f1ca0309af848cab64647df44,4ed8b8cc81cb8fb63ca76d450cbc525819c194a1da99c22db6bc82feab0ae550,未知,b3a1fc5ec72ad95e258b584f936ad46befab951e0ee9e43eaa18179e34974387,无法判定,FILE_STAT_OBSERVED_IDENTITY_UNPROVEN,本批次只读；若声明、输入、Schema或授权漂移，既有结论自动失效并须追加新批次,未读取业务正文、价格、成交、订单簿、账户或凭据；身份字段不完整,为该成员提供当前版本九字段声明及逐字段Schema、授权和唯一证据定位后追加不可变批次,2d50c1344a835ceeb832796935182aeff80bb03cecc5465c8cf3aaccbd446acd,86129966e4bc55fac18f2d7602a2309d4403f85861102128a56a80a5a0ccc1ea,a1026f71753a2bd41e21e5f364809bd1f4cb1210c98c9ecce1956b79f017c6b2
source-identity-declaration-20260808T051008+0800-7cf99a5ed6b9,ZI-9db5ea58aed603182d0b7ac5,DS-000090,候选数据文件,BTC,4小时;8小时;24小时;48小时,15分钟;1小时,未知,未知,未知,未知,未知,未知,未知,未知,未知,未登记,无,config/数据/来源身份声明补采.json#身份声明[],f9cf6f2a34762867a443c0a0366a7fd63f6eb254ce171133707efd3aa521c683,7455cb004fd8f92bf11aba3294a88df82c2f66ca25872225ffb0d58a6c649e95,a4aa975040979ed8bdf47abeb06339fd4c8047e3db8961b85925d1f4db1d8f18,未知,b3a1fc5ec72ad95e258b584f936ad46befab951e0ee9e43eaa18179e34974387,无法判定,FILE_STAT_OBSERVED_IDENTITY_UNPROVEN,本批次只读；若声明、输入、Schema或授权漂移，既有结论自动失效并须追加新批次,未读取业务正文、价格、成交、订单簿、账户或凭据；身份字段不完整,为该成员提供当前版本九字段声明及逐字段Schema、授权和唯一证据定位后追加不可变批次,2d50c1344a835ceeb832796935182aeff80bb03cecc5465c8cf3aaccbd446acd,86129966e4bc55fac18f2d7602a2309d4403f85861102128a56a80a5a0ccc1ea,cfee45bb86cabe65a46a2e2eb4dae5b23db084bdf58c27ad1461b3b22af18523
source-identity-declaration-20260808T051008+0800-7cf99a5ed6b9,ZI-c1325d8ffbc6677ee8c86497,DS-000091,候选数据文件,BTC,4小时;8小时;24小时;48小时,15分钟;1小时,未知,未知,未知,未知,未知,未知,未知,未知,未知,未登记,无,config/数据/来源身份声明补采.json#身份声明[],f9cf6f2a34762867a443c0a0366a7fd63f6eb254ce171133707efd3aa521c683,0c82b4ff49875c233adadf63c84b19abc1ddf2bd99291782e3aaaea7ddb51ca4,14572374be8a915091e335ea2f58a59818e7d1ad356619f4bdd9b95f4c3147b9,未知,b3a1fc5ec72ad95e258b584f936ad46befab951e0ee9e43eaa18179e34974387,无法判定,FILE_STAT_OBSERVED_IDENTITY_UNPROVEN,本批次只读；若声明、输入、Schema或授权漂移，既有结论自动失效并须追加新批次,未读取业务正文、价格、成交、订单簿、账户或凭据；身份字段不完整,为该成员提供当前版本九字段声明及逐字段Schema、授权和唯一证据定位后追加不可变批次,2d50c1344a835ceeb832796935182aeff80bb03cecc5465c8cf3aaccbd446acd,86129966e4bc55fac18f2d7602a2309d4403f85861102128a56a80a5a0ccc1ea,98f88922b1f84385ab363ad9560221a9c55730993247cf3b3f7a48a066e40b63
source-identity-declaration-20260808T051008+0800-7cf99a5ed6b9,ZI-809e979581c6c01829dbc939,DS-000092,候选数据文件,BTC,4小时;8小时;24小时;48小时,15分钟;1小时,未知,未知,未知,未知,未知,未知,未知,未知,未知,未登记,无,config/数据/来源身份声明补采.json#身份声明[],f9cf6f2a34762867a443c0a0366a7fd63f6eb254ce171133707efd3aa521c683,310f779c52d0802aa60fb5bcd2f1f07defbd477d6b7f609c42dd252100540981,36e383047a54db511b2d6e7fd23dc6ac447aa522467d74c631ec96cc5ce304cc,未知,b3a1fc5ec72ad95e258b584f936ad46befab951e0ee9e43eaa18179e34974387,无法判定,FILE_STAT_OBSERVED_IDENTITY_UNPROVEN,本批次只读；若声明、输入、Schema或授权漂移，既有结论自动失效并须追加新批次,未读取业务正文、价格、成交、订单簿、账户或凭据；身份字段不完整,为该成员提供当前版本九字段声明及逐字段Schema、授权和唯一证据定位后追加不可变批次,2d50c1344a835ceeb832796935182aeff80bb03cecc5465c8cf3aaccbd446acd,86129966e4bc55fac18f2d7602a2309d4403f85861102128a56a80a5a0ccc1ea,50236ec7ba8ce0c7b99fabed202b030749f3a3a66b08b6d922dc93f7f322521e
source-identity-declaration-20260808T051008+0800-7cf99a5ed6b9,ZI-8a55ecf7d5c701f9bfe01347,DS-000093,候选数据文件,BTC,4小时;8小时;24小时;48小时,15分钟;1小时,未知,未知,未知,未知,未知,未知,未知,未知,未知,未登记,无,config/数据/来源身份声明补采.json#身份声明[],f9cf6f2a34762867a443c0a0366a7fd63f6eb254ce171133707efd3aa521c683,a283d773fa26d2d545695ee035f7474a83e0e8dd4bd32d0f6c12c203d554e5c0,cffb4bf5c2c68fb4c145856b53348278f7d48351229f466d01a3bac4c481d538,未知,b3a1fc5ec72ad95e258b584f936ad46befab951e0ee9e43eaa18179e34974387,无法判定,FILE_STAT_OBSERVED_IDENTITY_UNPROVEN,本批次只读；若声明、输入、Schema或授权漂移，既有结论自动失效并须追加新批次,未读取业务正文、价格、成交、订单簿、账户或凭据；身份字段不完整,为该成员提供当前版本九字段声明及逐字段Schema、授权和唯一证据定位后追加不可变批次,2d50c1344a835ceeb832796935182aeff80bb03cecc5465c8cf3aaccbd446acd,86129966e4bc55fac18f2d7602a2309d4403f85861102128a56a80a5a0ccc1ea,a629eb5d0b318c73e6a618aef790e1e8c3dfa445ced29555aabe6ff647280487
source-identity-declaration-20260808T051008+0800-7cf99a5ed6b9,ZI-c4e34cac634b85bce06fba88,DS-000094,候选数据文件,BTC,4小时;8小时;24小时;48小时,15分钟;1小时,未知,未知,未知,未知,未知,未知,未知,未知,未知,未登记,无,config/数据/来源身份声明补采.json#身份声明[],f9cf6f2a34762867a443c0a0366a7fd63f6eb254ce171133707efd3aa521c683,5723e42924486a24e269f2e46f3642ec86fbf87cd739ce95b2730238c768c4a8,478a23ecc0cb5bfd585574dd56dcb6029ca0d8be9a8dd1716fc63c8058e8653e,未知,b3a1fc5ec72ad95e258b584f936ad46befab951e0ee9e43eaa18179e34974387,无法判定,FILE_STAT_OBSERVED_IDENTITY_UNPROVEN,本批次只读；若声明、输入、Schema或授权漂移，既有结论自动失效并须追加新批次,未读取业务正文、价格、成交、订单簿、账户或凭据；身份字段不完整,为该成员提供当前版本九字段声明及逐字段Schema、授权和唯一证据定位后追加不可变批次,2d50c1344a835ceeb832796935182aeff80bb03cecc5465c8cf3aaccbd446acd,86129966e4bc55fac18f2d7602a2309d4403f85861102128a56a80a5a0ccc1ea,a8f084930a6097625e56a46991f2d3d432090e266fdfa4a715fa7fe585e49445
source-identity-declaration-20260808T051008+0800-7cf99a5ed6b9,ZI-d9e2d56ec838f36a9286bb3a,DS-000095,候选数据文件,BTC,4小时;8小时;24小时;48小时,15分钟;1小时,未知,未知,未知,未知,未知,未知,未知,未知,未知,未登记,无,config/数据/来源身份声明补采.json#身份声明[],f9cf6f2a34762867a443c0a0366a7fd63f6eb254ce171133707efd3aa521c683,e5df3b09a4f4f2fbc001e29f4f2ed9625f6b62ea788160f56763679ae5a7fd21,736c38357d72779bfd64a024b7e6ca2a781c5d7802287968dc884508738f6588,未知,b3a1fc5ec72ad95e258b584f936ad46befab951e0ee9e43eaa18179e34974387,无法判定,FILE_STAT_OBSERVED_IDENTITY_UNPROVEN,本批次只读；若声明、输入、Schema或授权漂移，既有结论自动失效并须追加新批次,未读取业务正文、价格、成交、订单簿、账户或凭据；身份字段不完整,为该成员提供当前版本九字段声明及逐字段Schema、授权和唯一证据定位后追加不可变批次,2d50c1344a835ceeb832796935182aeff80bb03cecc5465c8cf3aaccbd446acd,86129966e4bc55fac18f2d7602a2309d4403f85861102128a56a80a5a0ccc1ea,fd95825e272c53ad35421da9358651864ce9529bad9808943ef20a72d12737c6
source-identity-declaration-20260808T051008+0800-7cf99a5ed6b9,ZI-3bfe74a5e3377c8f48575d33,DS-000096,候选数据文件,BTC,4小时;8小时;24小时;48小时,15分钟;1小时,未知,未知,未知,未知,未知,未知,未知,未知,未知,未登记,无,config/数据/来源身份声明补采.json#身份声明[],f9cf6f2a34762867a443c0a0366a7fd63f6eb254ce171133707efd3aa521c683,ba6d3ff4ffef24004405e028478940e5ab58886fe03296e15653487d2a406dee,88ce272dc64a0f211fae4e644c2dfdb2eef243e1d31b323320a0aadaf3a1ef17,未知,b3a1fc5ec72ad95e258b584f936ad46befab951e0ee9e43eaa18179e34974387,无法判定,FILE_STAT_OBSERVED_IDENTITY_UNPROVEN,本批次只读；若声明、输入、Schema或授权漂移，既有结论自动失效并须追加新批次,未读取业务正文、价格、成交、订单簿、账户或凭据；身份字段不完整,为该成员提供当前版本九字段声明及逐字段Schema、授权和唯一证据定位后追加不可变批次,2d50c1344a835ceeb832796935182aeff80bb03cecc5465c8cf3aaccbd446acd,86129966e4bc55fac18f2d7602a2309d4403f85861102128a56a80a5a0ccc1ea,db1827e73476278fef61077113fa13fa8bb43f7d52024afd8430feb359b424ce
source-identity-declaration-20260808T051008+0800-7cf99a5ed6b9,ZI-5242fd5a16f73078c0178d46,DS-000097,候选数据文件,BTC,4小时;8小时;24小时;48小时,15分钟;1小时,未知,未知,未知,未知,未知,未知,未知,未知,未知,未登记,无,config/数据/来源身份声明补采.json#身份声明[],f9cf6f2a34762867a443c0a0366a7fd63f6eb254ce171133707efd3aa521c683,8228c63ea9d98b795581957c34ac1ce53475f0d389e891c8c45f6a90e39e5f52,730674d7e6f71729da00454c5e39bb2eacbd5f280c8bef503e041c8b545c06c6,未知,b3a1fc5ec72ad95e258b584f936ad46befab951e0ee9e43eaa18179e34974387,无法判定,FILE_STAT_OBSERVED_IDENTITY_UNPROVEN,本批次只读；若声明、输入、Schema或授权漂移，既有结论自动失效并须追加新批次,未读取业务正文、价格、成交、订单簿、账户或凭据；身份字段不完整,为该成员提供当前版本九字段声明及逐字段Schema、授权和唯一证据定位后追加不可变批次,2d50c1344a835ceeb832796935182aeff80bb03cecc5465c8cf3aaccbd446acd,86129966e4bc55fac18f2d7602a2309d4403f85861102128a56a80a5a0ccc1ea,22ccf23f8011bdcf923161503ac84e3d4695121f4ee012f873aae6ee64a0ee63
source-identity-declaration-20260808T051008+0800-7cf99a5ed6b9,ZI-5b71193a5de7dc8af188547b,DS-000098,候选数据文件,BTC,4小时;8小时;24小时;48小时,15分钟;1小时,未知,未知,未知,未知,未知,未知,未知,未知,未知,未登记,无,config/数据/来源身份声明补采.json#身份声明[],f9cf6f2a34762867a443c0a0366a7fd63f6eb254ce171133707efd3aa521c683,b36b9fceb03833c0e0d70c168c701624f3141e4ed9eff163a784fd829f7e31d7,0ad498d8ae12e923e3b733bf512bc7d0e881cf6a9be921bff52c479975238bb1,未知,b3a1fc5ec72ad95e258b584f936ad46befab951e0ee9e43eaa18179e34974387,无法判定,FILE_STAT_OBSERVED_IDENTITY_UNPROVEN,本批次只读；若声明、输入、Schema或授权漂移，既有结论自动失效并须追加新批次,未读取业务正文、价格、成交、订单簿、账户或凭据；身份字段不完整,为该成员提供当前版本九字段声明及逐字段Schema、授权和唯一证据定位后追加不可变批次,2d50c1344a835ceeb832796935182aeff80bb03cecc5465c8cf3aaccbd446acd,86129966e4bc55fac18f2d7602a2309d4403f85861102128a56a80a5a0ccc1ea,670f7b0ff95b69bcbbf97431c0c81f024930bec7990f7b8ab579cc62866d1675
source-identity-declaration-20260808T051008+0800-7cf99a5ed6b9,ZI-8f9ae27bb3a3a27be851a19e,DS-000099,候选数据文件,BTC,4小时;8小时;24小时;48小时,15分钟;1小时,未知,未知,未知,未知,未知,未知,未知,未知,未知,未登记,无,config/数据/来源身份声明补采.json#身份声明[],f9cf6f2a34762867a443c0a0366a7fd63f6eb254ce171133707efd3aa521c683,406902f70179ec4296dab8c11df609ebd2db5dba4451dedd8e129a2be9025ef0,4041976c52c5255b1c61b1cccd72cf836a4594f195f58b39efc5f4789e5f35ad,未知,b3a1fc5ec72ad95e258b584f936ad46befab951e0ee9e43eaa18179e34974387,无法判定,FILE_STAT_OBSERVED_IDENTITY_UNPROVEN,本批次只读；若声明、输入、Schema或授权漂移，既有结论自动失效并须追加新批次,未读取业务正文、价格、成交、订单簿、账户或凭据；身份字段不完整,为该成员提供当前版本九字段声明及逐字段Schema、授权和唯一证据定位后追加不可变批次,2d50c1344a835ceeb832796935182aeff80bb03cecc5465c8cf3aaccbd446acd,86129966e4bc55fac18f2d7602a2309d4403f85861102128a56a80a5a0ccc1ea,88ad4d57d97b60839887aa6f385b8e73cbd95a296eb55f5b594c41d2ac315f40
source-identity-declaration-20260808T051008+0800-7cf99a5ed6b9,ZI-7e5cb2ff02459507aea17fad,DS-000100,候选数据文件,BTC,4小时;8小时;24小时;48小时,15分钟;1小时,未知,未知,未知,未知,未知,未知,未知,未知,未知,未登记,无,config/数据/来源身份声明补采.json#身份声明[],f9cf6f2a34762867a443c0a0366a7fd63f6eb254ce171133707efd3aa521c683,fe048a02588b3cc749889b703140b2600f164dd21a8297092b0703089ac5e81e,10bc1e9edaf2c0ce7b10a3e884d9e49db31b51fc1969bff9576bdac99b3abee0,未知,b3a1fc5ec72ad95e258b584f936ad46befab951e0ee9e43eaa18179e34974387,无法判定,FILE_STAT_OBSERVED_IDENTITY_UNPROVEN,本批次只读；若声明、输入、Schema或授权漂移，既有结论自动失效并须追加新批次,未读取业务正文、价格、成交、订单簿、账户或凭据；身份字段不完整,为该成员提供当前版本九字段声明及逐字段Schema、授权和唯一证据定位后追加不可变批次,2d50c1344a835ceeb832796935182aeff80bb03cecc5465c8cf3aaccbd446acd,86129966e4bc55fac18f2d7602a2309d4403f85861102128a56a80a5a0ccc1ea,2fbeadeb85653c944dc09e958d35eb5df3d9b7730e5e7b9786cbf44ade425405
source-identity-declaration-20260808T051008+0800-7cf99a5ed6b9,ZI-ca9e45ea48cbd23828cbf7c1,DS-000101,候选数据文件,BTC,4小时;8小时;24小时;48小时,15分钟;1小时,未知,未知,未知,未知,未知,未知,未知,未知,未知,未登记,无,config/数据/来源身份声明补采.json#身份声明[],f9cf6f2a34762867a443c0a0366a7fd63f6eb254ce171133707efd3aa521c683,ea8e64d81a49f583be20253df94bb10447a84f34924a81ea484985df8de14bc5,0a91d48bdaabe373cfd71d515e923c5a04884bb57f109185e614c1b39499754e,未知,b3a1fc5ec72ad95e258b584f936ad46befab951e0ee9e43eaa18179e34974387,无法判定,FILE_STAT_OBSERVED_IDENTITY_UNPROVEN,本批次只读；若声明、输入、Schema或授权漂移，既有结论自动失效并须追加新批次,未读取业务正文、价格、成交、订单簿、账户或凭据；身份字段不完整,为该成员提供当前版本九字段声明及逐字段Schema、授权和唯一证据定位后追加不可变批次,2d50c1344a835ceeb832796935182aeff80bb03cecc5465c8cf3aaccbd446acd,86129966e4bc55fac18f2d7602a2309d4403f85861102128a56a80a5a0ccc1ea,ee181c1f4cd10c0a708b30aa1055ab0429f21b37bc5dfd3922e6c579d230043b
source-identity-declaration-20260808T051008+0800-7cf99a5ed6b9,ZI-83194da27e2588c646f0c067,DS-000102,候选数据文件,BTC,4小时;8小时;24小时;48小时,15分钟;1小时,未知,未知,未知,未知,未知,未知,未知,未知,未知,未登记,无,config/数据/来源身份声明补采.json#身份声明[],f9cf6f2a34762867a443c0a0366a7fd63f6eb254ce171133707efd3aa521c683,abfb99f6151387ef4ff78a22a9fd233763a7a49d18bf50e5df9ba77c6b3c3f00,b386d1119735318462e2139b9e347bffa3dc4cc1cbd024fa3649d64f974fd023,未知,b3a1fc5ec72ad95e258b584f936ad46befab951e0ee9e43eaa18179e34974387,无法判定,FILE_STAT_OBSERVED_IDENTITY_UNPROVEN,本批次只读；若声明、输入、Schema或授权漂移，既有结论自动失效并须追加新批次,未读取业务正文、价格、成交、订单簿、账户或凭据；身份字段不完整,为该成员提供当前版本九字段声明及逐字段Schema、授权和唯一证据定位后追加不可变批次,2d50c1344a835ceeb832796935182aeff80bb03cecc5465c8cf3aaccbd446acd,86129966e4bc55fac18f2d7602a2309d4403f85861102128a56a80a5a0ccc1ea,c2736e293ca16cdfdaeed9c35025ce4fd3ccc4ed248c5cac699d7526abd9e212
source-identity-declaration-20260808T051008+0800-7cf99a5ed6b9,ZI-79e649e4f49291fd4b439afc,DS-000103,候选数据文件,BTC,4小时;8小时;24小时;48小时,15分钟;1小时,未知,未知,未知,未知,未知,未知,未知,未知,未知,未登记,无,config/数据/来源身份声明补采.json#身份声明[],f9cf6f2a34762867a443c0a0366a7fd63f6eb254ce171133707efd3aa521c683,eb07628cb6a921195379d64475122a7143d0631cf42e25bfa01dcd7daaceb638,23f20b89610e2c1a33de449993d37f883d5c01487dfdba1dcf19c75060bdfc08,未知,b3a1fc5ec72ad95e258b584f936ad46befab951e0ee9e43eaa18179e34974387,无法判定,FILE_STAT_OBSERVED_IDENTITY_UNPROVEN,本批次只读；若声明、输入、Schema或授权漂移，既有结论自动失效并须追加新批次,未读取业务正文、价格、成交、订单簿、账户或凭据；身份字段不完整,为该成员提供当前版本九字段声明及逐字段Schema、授权和唯一证据定位后追加不可变批次,2d50c1344a835ceeb832796935182aeff80bb03cecc5465c8cf3aaccbd446acd,86129966e4bc55fac18f2d7602a2309d4403f85861102128a56a80a5a0ccc1ea,ec8b0545c8c374578301931355aadd39a1fc091f8c347b5381a3cd7991ee6d2f
source-identity-declaration-20260808T051008+0800-7cf99a5ed6b9,ZI-d4cca3ff9c910b0cb170853b,DS-000104,候选数据文件,BTC,4小时;8小时;24小时;48小时,15分钟;1小时,未知,未知,未知,未知,未知,未知,未知,未知,未知,未登记,无,config/数据/来源身份声明补采.json#身份声明[],f9cf6f2a34762867a443c0a0366a7fd63f6eb254ce171133707efd3aa521c683,ef28cdf12ca8827b2378c7e1e803ead3e3cf993ed1c368426155024fdc6c8959,c8aaa84129d33e87c4a177f961793252aa3f724efbb8b8b92789a5626bc0ea11,未知,b3a1fc5ec72ad95e258b584f936ad46befab951e0ee9e43eaa18179e34974387,无法判定,FILE_STAT_OBSERVED_IDENTITY_UNPROVEN,本批次只读；若声明、输入、Schema或授权漂移，既有结论自动失效并须追加新批次,未读取业务正文、价格、成交、订单簿、账户或凭据；身份字段不完整,为该成员提供当前版本九字段声明及逐字段Schema、授权和唯一证据定位后追加不可变批次,2d50c1344a835ceeb832796935182aeff80bb03cecc5465c8cf3aaccbd446acd,86129966e4bc55fac18f2d7602a2309d4403f85861102128a56a80a5a0ccc1ea,32b752b8636e9c4eba840deadb85d219407d4f2ee7ef885c5c0a0e6bd7bbd2d2
source-identity-declaration-20260808T051008+0800-7cf99a5ed6b9,ZI-d4c476126bfea2ff99705d12,DS-000105,候选数据文件,BTC,4小时;8小时;24小时;48小时,15分钟;1小时,未知,未知,未知,未知,未知,未知,未知,未知,未知,未登记,无,config/数据/来源身份声明补采.json#身份声明[],f9cf6f2a34762867a443c0a0366a7fd63f6eb254ce171133707efd3aa521c683,6ebf6d7a8a93d298f90f71a5732fabad965efedd59ad24025ceef2bff1413bc0,dce42c947587d840b35b6dc148798594d2cdfae0826496f1a95e47620a343be0,未知,b3a1fc5ec72ad95e258b584f936ad46befab951e0ee9e43eaa18179e34974387,无法判定,FILE_STAT_OBSERVED_IDENTITY_UNPROVEN,本批次只读；若声明、输入、Schema或授权漂移，既有结论自动失效并须追加新批次,未读取业务正文、价格、成交、订单簿、账户或凭据；身份字段不完整,为该成员提供当前版本九字段声明及逐字段Schema、授权和唯一证据定位后追加不可变批次,2d50c1344a835ceeb832796935182aeff80bb03cecc5465c8cf3aaccbd446acd,86129966e4bc55fac18f2d7602a2309d4403f85861102128a56a80a5a0ccc1ea,01d57f39c3577801130f0a42fe817b5445ccad2d1336eccaf84a442f40837a14
source-identity-declaration-20260808T051008+0800-7cf99a5ed6b9,ZI-9caa14db165dab9ae3f80a1b,DS-000106,候选数据文件,BTC,4小时;8小时;24小时;48小时,15分钟;1小时,未知,未知,未知,未知,未知,未知,未知,未知,未知,未登记,无,config/数据/来源身份声明补采.json#身份声明[],f9cf6f2a34762867a443c0a0366a7fd63f6eb254ce171133707efd3aa521c683,7d452e0b77d3aca62618b2d4f776cb3ea7dd8bbc606f9df2cbaf4074a6486b29,b38fad67cc9e37b015c2de9a89d44de8aaefeb7633e89a0044901b6ef82204d6,未知,b3a1fc5ec72ad95e258b584f936ad46befab951e0ee9e43eaa18179e34974387,无法判定,FILE_STAT_OBSERVED_IDENTITY_UNPROVEN,本批次只读；若声明、输入、Schema或授权漂移，既有结论自动失效并须追加新批次,未读取业务正文、价格、成交、订单簿、账户或凭据；身份字段不完整,为该成员提供当前版本九字段声明及逐字段Schema、授权和唯一证据定位后追加不可变批次,2d50c1344a835ceeb832796935182aeff80bb03cecc5465c8cf3aaccbd446acd,86129966e4bc55fac18f2d7602a2309d4403f85861102128a56a80a5a0ccc1ea,87b51c24fd310ed143539847be3f34a756288a90a469d621c1561af86e856a67
source-identity-declaration-20260808T051008+0800-7cf99a5ed6b9,ZI-9d8ef07dfb35083bea918b61,DS-000107,候选数据文件,BTC,4小时;8小时;24小时;48小时,15分钟;1小时,未知,未知,未知,未知,未知,未知,未知,未知,未知,未登记,无,config/数据/来源身份声明补采.json#身份声明[],f9cf6f2a34762867a443c0a0366a7fd63f6eb254ce171133707efd3aa521c683,1c779a884c12e4f411a9bc59ae6b87246c2b0b62333aded6984e1b65fb366d58,f57ae7adc6a21ab1f07f375520a27a8cc89841277281823327f09adfec1f2dc1,未知,b3a1fc5ec72ad95e258b584f936ad46befab951e0ee9e43eaa18179e34974387,无法判定,FILE_STAT_OBSERVED_IDENTITY_UNPROVEN,本批次只读；若声明、输入、Schema或授权漂移，既有结论自动失效并须追加新批次,未读取业务正文、价格、成交、订单簿、账户或凭据；身份字段不完整,为该成员提供当前版本九字段声明及逐字段Schema、授权和唯一证据定位后追加不可变批次,2d50c1344a835ceeb832796935182aeff80bb03cecc5465c8cf3aaccbd446acd,86129966e4bc55fac18f2d7602a2309d4403f85861102128a56a80a5a0ccc1ea,7c4680527e8f044a2558585a974c8f23f4530f3bad7d42452a91a718fae6b1bd
source-identity-declaration-20260808T051008+0800-7cf99a5ed6b9,ZI-60e1d87f679840a6bcbfd6c7,DS-000108,候选数据文件,BTC,4小时;8小时;24小时;48小时,15分钟;1小时,未知,未知,未知,未知,未知,未知,未知,未知,未知,未登记,无,config/数据/来源身份声明补采.json#身份声明[],f9cf6f2a34762867a443c0a0366a7fd63f6eb254ce171133707efd3aa521c683,d97b0d962760ad3eb6a51747d90bfdd9e3b6bf31767c9aba88aff9714b5456bc,af76ec353b0dd0b6a5acf63c72cc41d009b25652aff7dcf89e60b411d94f9998,未知,b3a1fc5ec72ad95e258b584f936ad46befab951e0ee9e43eaa18179e34974387,无法判定,FILE_STAT_OBSERVED_IDENTITY_UNPROVEN,本批次只读；若声明、输入、Schema或授权漂移，既有结论自动失效并须追加新批次,未读取业务正文、价格、成交、订单簿、账户或凭据；身份字段不完整,为该成员提供当前版本九字段声明及逐字段Schema、授权和唯一证据定位后追加不可变批次,2d50c1344a835ceeb832796935182aeff80bb03cecc5465c8cf3aaccbd446acd,86129966e4bc55fac18f2d7602a2309d4403f85861102128a56a80a5a0ccc1ea,2d6a89bdf6ca6094aa38216d79098961543c397a2914ec1566b5252e1ffcfa1f
source-identity-declaration-20260808T051008+0800-7cf99a5ed6b9,ZI-23a62a21a44ede3557e3b62c,DS-000109,候选数据文件,BTC,4小时;8小时;24小时;48小时,15分钟;1小时,未知,未知,未知,未知,未知,未知,未知,未知,未知,未登记,无,config/数据/来源身份声明补采.json#身份声明[],f9cf6f2a34762867a443c0a0366a7fd63f6eb254ce171133707efd3aa521c683,33906bd2fcfd7bb1f16e12c0fbcf5a32d3eb963960a0412d88b1a5531531d280,b72b27e0618d3ee8901192b5a6fea8cbe28fc39a67c1c5f4022d3fa90e981598,未知,b3a1fc5ec72ad95e258b584f936ad46befab951e0ee9e43eaa18179e34974387,无法判定,FILE_STAT_OBSERVED_IDENTITY_UNPROVEN,本批次只读；若声明、输入、Schema或授权漂移，既有结论自动失效并须追加新批次,未读取业务正文、价格、成交、订单簿、账户或凭据；身份字段不完整,为该成员提供当前版本九字段声明及逐字段Schema、授权和唯一证据定位后追加不可变批次,2d50c1344a835ceeb832796935182aeff80bb03cecc5465c8cf3aaccbd446acd,86129966e4bc55fac18f2d7602a2309d4403f85861102128a56a80a5a0ccc1ea,dbed0afcf8436d4f93bd66e109d15ce1ee76e58240f8bf58ead191fc755e5806
source-identity-declaration-20260808T051008+0800-7cf99a5ed6b9,ZI-4a5363d41dd3d54d7864611d,DS-000110,候选数据文件,BTC,4小时;8小时;24小时;48小时,15分钟;1小时,未知,未知,未知,未知,未知,未知,未知,未知,未知,未登记,无,config/数据/来源身份声明补采.json#身份声明[],f9cf6f2a34762867a443c0a0366a7fd63f6eb254ce171133707efd3aa521c683,0d59d080eb816bb6a7d5088cc871bec5cdc058074ced8ee38b7ac5e06efec7ea,186faeec98127cdb57c08f6b074402bf856678d6547dcdcf57f1f50bbcdaf750,未知,b3a1fc5ec72ad95e258b584f936ad46befab951e0ee9e43eaa18179e34974387,无法判定,FILE_STAT_OBSERVED_IDENTITY_UNPROVEN,本批次只读；若声明、输入、Schema或授权漂移，既有结论自动失效并须追加新批次,未读取业务正文、价格、成交、订单簿、账户或凭据；身份字段不完整,为该成员提供当前版本九字段声明及逐字段Schema、授权和唯一证据定位后追加不可变批次,2d50c1344a835ceeb832796935182aeff80bb03cecc5465c8cf3aaccbd446acd,86129966e4bc55fac18f2d7602a2309d4403f85861102128a56a80a5a0ccc1ea,6781704cc5232ff8482298c77dcb65b6e7d21d32401ba6bfb440398c7e88a0bf
source-identity-declaration-20260808T051008+0800-7cf99a5ed6b9,ZI-a56a5bf3335401e617db60ab,DS-000111,候选数据文件,BTC,4小时;8小时;24小时;48小时,15分钟;1小时,未知,未知,未知,未知,未知,未知,未知,未知,未知,未登记,无,config/数据/来源身份声明补采.json#身份声明[],f9cf6f2a34762867a443c0a0366a7fd63f6eb254ce171133707efd3aa521c683,ecd8dfcecf158d395dac3a1c91df7786242adf9d0122c34ec458be58d766663f,abce5c0ce247279b37414ae6fa80a514eac7113552d74f3b3e5903541a232f67,未知,b3a1fc5ec72ad95e258b584f936ad46befab951e0ee9e43eaa18179e34974387,无法判定,FILE_STAT_OBSERVED_IDENTITY_UNPROVEN,本批次只读；若声明、输入、Schema或授权漂移，既有结论自动失效并须追加新批次,未读取业务正文、价格、成交、订单簿、账户或凭据；身份字段不完整,为该成员提供当前版本九字段声明及逐字段Schema、授权和唯一证据定位后追加不可变批次,2d50c1344a835ceeb832796935182aeff80bb03cecc5465c8cf3aaccbd446acd,86129966e4bc55fac18f2d7602a2309d4403f85861102128a56a80a5a0ccc1ea,1bdc0c668498bc4144c10c8df2ab12ab8b5aefad32cd5a1aa23dc5f78f6f411a
source-identity-declaration-20260808T051008+0800-7cf99a5ed6b9,ZI-285a4482ac5802699bf8a1ea,DS-000112,候选数据文件,BTC,4小时;8小时;24小时;48小时,15分钟;1小时,未知,未知,未知,未知,未知,未知,未知,未知,未知,未登记,无,config/数据/来源身份声明补采.json#身份声明[],f9cf6f2a34762867a443c0a0366a7fd63f6eb254ce171133707efd3aa521c683,290fec9c99843ff43e2fa44b0685ae754abd94ccb79d11168effc2e257574e21,0e1be86dcb8f9564eada1e205e7c649eaa2fcb4b5a796399474ab14653fba1bb,未知,b3a1fc5ec72ad95e258b584f936ad46befab951e0ee9e43eaa18179e34974387,无法判定,FILE_STAT_OBSERVED_IDENTITY_UNPROVEN,本批次只读；若声明、输入、Schema或授权漂移，既有结论自动失效并须追加新批次,未读取业务正文、价格、成交、订单簿、账户或凭据；身份字段不完整,为该成员提供当前版本九字段声明及逐字段Schema、授权和唯一证据定位后追加不可变批次,2d50c1344a835ceeb832796935182aeff80bb03cecc5465c8cf3aaccbd446acd,86129966e4bc55fac18f2d7602a2309d4403f85861102128a56a80a5a0ccc1ea,8b9a4df3357f6039e67da951fc48fd11de752fa9706f148ded008fc04a297929
source-identity-declaration-20260808T051008+0800-7cf99a5ed6b9,ZI-c368ec0a8284d3c172eda1a2,DS-000113,候选数据文件,BTC,4小时;8小时;24小时;48小时,15分钟;1小时,未知,未知,未知,未知,未知,未知,未知,未知,未知,未登记,无,config/数据/来源身份声明补采.json#身份声明[],f9cf6f2a34762867a443c0a0366a7fd63f6eb254ce171133707efd3aa521c683,74f98b20f89a154b201438a140d3bf675ce8d06104663b525a9e689aa2eb0630,72cb58ae12ca003a8d29e7696a909f56cc2fc3510f34f17f6633c3ebdd16271d,未知,b3a1fc5ec72ad95e258b584f936ad46befab951e0ee9e43eaa18179e34974387,无法判定,FILE_STAT_OBSERVED_IDENTITY_UNPROVEN,本批次只读；若声明、输入、Schema或授权漂移，既有结论自动失效并须追加新批次,未读取业务正文、价格、成交、订单簿、账户或凭据；身份字段不完整,为该成员提供当前版本九字段声明及逐字段Schema、授权和唯一证据定位后追加不可变批次,2d50c1344a835ceeb832796935182aeff80bb03cecc5465c8cf3aaccbd446acd,86129966e4bc55fac18f2d7602a2309d4403f85861102128a56a80a5a0ccc1ea,bd25a6dcc606f333440aff3f5b2087ae2a595ce4c0e1aa5af8f4712dd342505e
source-identity-declaration-20260808T051008+0800-7cf99a5ed6b9,ZI-f8745dbb71ac15767ca8d9c1,DS-000114,候选数据文件,BTC,4小时;8小时;24小时;48小时,15分钟;1小时,未知,未知,未知,未知,未知,未知,未知,未知,未知,未登记,无,config/数据/来源身份声明补采.json#身份声明[],f9cf6f2a34762867a443c0a0366a7fd63f6eb254ce171133707efd3aa521c683,3e3fec896b931f582dddfe469e0dbe6e470535c77e3f7299e94f387b505d440c,cd8bd0bf961ed5ce3c2172a56ecd4ff74e43f63dd21c54c9f68830fc78260675,未知,b3a1fc5ec72ad95e258b584f936ad46befab951e0ee9e43eaa18179e34974387,无法判定,FILE_STAT_OBSERVED_IDENTITY_UNPROVEN,本批次只读；若声明、输入、Schema或授权漂移，既有结论自动失效并须追加新批次,未读取业务正文、价格、成交、订单簿、账户或凭据；身份字段不完整,为该成员提供当前版本九字段声明及逐字段Schema、授权和唯一证据定位后追加不可变批次,2d50c1344a835ceeb832796935182aeff80bb03cecc5465c8cf3aaccbd446acd,86129966e4bc55fac18f2d7602a2309d4403f85861102128a56a80a5a0ccc1ea,c0ae07337650c593fc3c890427c960726e6093adfa6ecb48d6fa14b1d4456ed9
source-identity-declaration-20260808T051008+0800-7cf99a5ed6b9,ZI-31961eda688bb5aee6575300,DS-000115,候选数据文件,BTC,4小时;8小时;24小时;48小时,15分钟;1小时,未知,未知,未知,未知,未知,未知,未知,未知,未知,未登记,无,config/数据/来源身份声明补采.json#身份声明[],f9cf6f2a34762867a443c0a0366a7fd63f6eb254ce171133707efd3aa521c683,afe961774296dd8e04a4684cc5642629f080a957493c1cf954cf485a7e5763ed,dc00bf8a1426e1173a6a82c9ff91d646ecf18f5d79fc177f791bb09fa83fb0a3,未知,b3a1fc5ec72ad95e258b584f936ad46befab951e0ee9e43eaa18179e34974387,无法判定,FILE_STAT_OBSERVED_IDENTITY_UNPROVEN,本批次只读；若声明、输入、Schema或授权漂移，既有结论自动失效并须追加新批次,未读取业务正文、价格、成交、订单簿、账户或凭据；身份字段不完整,为该成员提供当前版本九字段声明及逐字段Schema、授权和唯一证据定位后追加不可变批次,2d50c1344a835ceeb832796935182aeff80bb03cecc5465c8cf3aaccbd446acd,86129966e4bc55fac18f2d7602a2309d4403f85861102128a56a80a5a0ccc1ea,7f1fdf77cd32cabc071808662e6999b168a8958086f88655bf7cdcc5a2f4869f
source-identity-declaration-20260808T051008+0800-7cf99a5ed6b9,ZI-b38d3520cb51796d72c37eb0,DS-000116,候选数据文件,BTC,4小时;8小时;24小时;48小时,15分钟;1小时,未知,未知,未知,未知,未知,未知,未知,未知,未知,未登记,无,config/数据/来源身份声明补采.json#身份声明[],f9cf6f2a34762867a443c0a0366a7fd63f6eb254ce171133707efd3aa521c683,95fa942c0d61a4c0c67ab8892ee22b19e0375cf22f45b301d85fc2f861b76c4d,a9d20e61faa875734fc6c5c9a390b6a7c9bb31a6a855ed2e71d8b416a0c6cc31,未知,b3a1fc5ec72ad95e258b584f936ad46befab951e0ee9e43eaa18179e34974387,无法判定,FILE_STAT_OBSERVED_IDENTITY_UNPROVEN,本批次只读；若声明、输入、Schema或授权漂移，既有结论自动失效并须追加新批次,未读取业务正文、价格、成交、订单簿、账户或凭据；身份字段不完整,为该成员提供当前版本九字段声明及逐字段Schema、授权和唯一证据定位后追加不可变批次,2d50c1344a835ceeb832796935182aeff80bb03cecc5465c8cf3aaccbd446acd,86129966e4bc55fac18f2d7602a2309d4403f85861102128a56a80a5a0ccc1ea,6b37e02ed2c38b8f93f144d9f641fae22893114309bc6506e8fb4ec45a0f1826
source-identity-declaration-20260808T051008+0800-7cf99a5ed6b9,ZI-5ea466fcde39bb4c70c5a187,DS-000117,候选数据文件,BTC,4小时;8小时;24小时;48小时,15分钟;1小时,未知,未知,未知,未知,未知,未知,未知,未知,未知,未登记,无,config/数据/来源身份声明补采.json#身份声明[],f9cf6f2a34762867a443c0a0366a7fd63f6eb254ce171133707efd3aa521c683,2618c38b7b3a4ced21d2f84d5249058929b44abacaed04c3d7145c62a9f2bed0,d0a8d864eea303ec7255229b7983bab2160f3d2900754f9e68b42a37f451df39,未知,b3a1fc5ec72ad95e258b584f936ad46befab951e0ee9e43eaa18179e34974387,无法判定,FILE_STAT_OBSERVED_IDENTITY_UNPROVEN,本批次只读；若声明、输入、Schema或授权漂移，既有结论自动失效并须追加新批次,未读取业务正文、价格、成交、订单簿、账户或凭据；身份字段不完整,为该成员提供当前版本九字段声明及逐字段Schema、授权和唯一证据定位后追加不可变批次,2d50c1344a835ceeb832796935182aeff80bb03cecc5465c8cf3aaccbd446acd,86129966e4bc55fac18f2d7602a2309d4403f85861102128a56a80a5a0ccc1ea,825c389b948afa9b33fbbca6ca507cd9ccdbf41793099cd712716cf499a24afc
source-identity-declaration-20260808T051008+0800-7cf99a5ed6b9,ZI-2840b60ae29f6da1116b00b7,DS-000118,候选数据文件,BTC,4小时;8小时;24小时;48小时,15分钟;1小时,未知,未知,未知,未知,未知,未知,未知,未知,未知,未登记,无,config/数据/来源身份声明补采.json#身份声明[],f9cf6f2a34762867a443c0a0366a7fd63f6eb254ce171133707efd3aa521c683,2629abb375ff39ff81b4461aa7d5fc4b83971f1ffc8a8bab00958e8be26497cd,a89068d18bdc3031167387767fc39e4900d4aaa08e7f740b4acc85e167a6cc52,未知,b3a1fc5ec72ad95e258b584f936ad46befab951e0ee9e43eaa18179e34974387,无法判定,FILE_STAT_OBSERVED_IDENTITY_UNPROVEN,本批次只读；若声明、输入、Schema或授权漂移，既有结论自动失效并须追加新批次,未读取业务正文、价格、成交、订单簿、账户或凭据；身份字段不完整,为该成员提供当前版本九字段声明及逐字段Schema、授权和唯一证据定位后追加不可变批次,2d50c1344a835ceeb832796935182aeff80bb03cecc5465c8cf3aaccbd446acd,86129966e4bc55fac18f2d7602a2309d4403f85861102128a56a80a5a0ccc1ea,bd0a47577ad49717c11c380576961f533ff73fc2d59a75b7478dcd7e3e7a181c
source-identity-declaration-20260808T051008+0800-7cf99a5ed6b9,ZI-d598b1a2b5c702f7087d23b1,DS-000119,候选数据文件,BTC,4小时;8小时;24小时;48小时,15分钟;1小时,未知,未知,未知,未知,未知,未知,未知,未知,未知,未登记,无,config/数据/来源身份声明补采.json#身份声明[],f9cf6f2a34762867a443c0a0366a7fd63f6eb254ce171133707efd3aa521c683,f69bb9fd69717fc62e973fd0f57005c2efdfa818a0c96a38198a12dc11340bf3,201c24234fdb0a4b82ff7c3e1ac7720c60a94739884be74ea71e0fec2c01b3f4,未知,b3a1fc5ec72ad95e258b584f936ad46befab951e0ee9e43eaa18179e34974387,无法判定,FILE_STAT_OBSERVED_IDENTITY_UNPROVEN,本批次只读；若声明、输入、Schema或授权漂移，既有结论自动失效并须追加新批次,未读取业务正文、价格、成交、订单簿、账户或凭据；身份字段不完整,为该成员提供当前版本九字段声明及逐字段Schema、授权和唯一证据定位后追加不可变批次,2d50c1344a835ceeb832796935182aeff80bb03cecc5465c8cf3aaccbd446acd,86129966e4bc55fac18f2d7602a2309d4403f85861102128a56a80a5a0ccc1ea,5c6dd085f7e57a645e8dc8d92861ad49299d2db77c7eb6c2ae6cec77f8efd02d
source-identity-declaration-20260808T051008+0800-7cf99a5ed6b9,ZI-3070d81b75f66c2b727c4439,DS-000120,候选数据文件,BTC,4小时;8小时;24小时;48小时,15分钟;1小时,未知,未知,未知,未知,未知,未知,未知,未知,未知,未登记,无,config/数据/来源身份声明补采.json#身份声明[],f9cf6f2a34762867a443c0a0366a7fd63f6eb254ce171133707efd3aa521c683,6609c14cb9bb0288b24cb453d942c7508aab48529570a4aaf23dd54ab7dcf43a,92d878d4d42f0b5c171f596ebdd3cb6795536cb7f481022b3a152a3ef9d9088c,未知,b3a1fc5ec72ad95e258b584f936ad46befab951e0ee9e43eaa18179e34974387,无法判定,FILE_STAT_OBSERVED_IDENTITY_UNPROVEN,本批次只读；若声明、输入、Schema或授权漂移，既有结论自动失效并须追加新批次,未读取业务正文、价格、成交、订单簿、账户或凭据；身份字段不完整,为该成员提供当前版本九字段声明及逐字段Schema、授权和唯一证据定位后追加不可变批次,2d50c1344a835ceeb832796935182aeff80bb03cecc5465c8cf3aaccbd446acd,86129966e4bc55fac18f2d7602a2309d4403f85861102128a56a80a5a0ccc1ea,8f79efb8f631d6d77713e0c7c423f8f500cf5ffaa8ceb0682ea355f182a1ef32
source-identity-declaration-20260808T051008+0800-7cf99a5ed6b9,ZI-8413f0e6afa6b3430372a713,DS-000121,候选数据文件,BTC,4小时;8小时;24小时;48小时,15分钟;1小时,未知,未知,未知,未知,未知,未知,未知,未知,未知,未登记,无,config/数据/来源身份声明补采.json#身份声明[],f9cf6f2a34762867a443c0a0366a7fd63f6eb254ce171133707efd3aa521c683,6f11f05c8807a0f784213dce4eb03969122dc0a62e00b3d53e6bc473e342e278,bb047892a379b7419784df0d9cedd7e13bd29bc92dc6d96d34b7dbb3d7fe5cdf,未知,b3a1fc5ec72ad95e258b584f936ad46befab951e0ee9e43eaa18179e34974387,无法判定,FILE_STAT_OBSERVED_IDENTITY_UNPROVEN,本批次只读；若声明、输入、Schema或授权漂移，既有结论自动失效并须追加新批次,未读取业务正文、价格、成交、订单簿、账户或凭据；身份字段不完整,为该成员提供当前版本九字段声明及逐字段Schema、授权和唯一证据定位后追加不可变批次,2d50c1344a835ceeb832796935182aeff80bb03cecc5465c8cf3aaccbd446acd,86129966e4bc55fac18f2d7602a2309d4403f85861102128a56a80a5a0ccc1ea,3dc70b1c0c3273b46da024da59d59271d3a6fc1b96d44a2d8bec2dc8348ebd66
source-identity-declaration-20260808T051008+0800-7cf99a5ed6b9,ZI-ee6f15f9e39a4d9fcfce0cf5,DS-000122,候选数据文件,BTC,4小时;8小时;24小时;48小时,15分钟;1小时,未知,未知,未知,未知,未知,未知,未知,未知,未知,未登记,无,config/数据/来源身份声明补采.json#身份声明[],f9cf6f2a34762867a443c0a0366a7fd63f6eb254ce171133707efd3aa521c683,dc6c4dd4e242874a6da8334f67590790f72bb66e1b5ab6d94aeec5b53ed494be,53843d761732812258f146c1b81e787cfa6ea85b783bc115247d0e92889eba34,未知,b3a1fc5ec72ad95e258b584f936ad46befab951e0ee9e43eaa18179e34974387,拒绝,INPUT_MEMBER_REJECTED,本批次只读；若声明、输入、Schema或授权漂移，既有结论自动失效并须追加新批次,未读取业务正文、价格、成交、订单簿、账户或凭据；身份字段不完整,为该成员提供当前版本九字段声明及逐字段Schema、授权和唯一证据定位后追加不可变批次,2d50c1344a835ceeb832796935182aeff80bb03cecc5465c8cf3aaccbd446acd,86129966e4bc55fac18f2d7602a2309d4403f85861102128a56a80a5a0ccc1ea,32469ab4bfd49b7a1e9817615749eccc52a17fd4df283710d95686fdeac70233
source-identity-declaration-20260808T051008+0800-7cf99a5ed6b9,ZI-0437f9b494a20cb05341af1e,DS-000123,候选数据文件,BTC,4小时;8小时;24小时;48小时,15分钟;1小时,未知,未知,未知,未知,未知,未知,未知,未知,未知,未登记,无,config/数据/来源身份声明补采.json#身份声明[],f9cf6f2a34762867a443c0a0366a7fd63f6eb254ce171133707efd3aa521c683,b544e385d3e89d4bc872b681fb7b43c8c29c35cf1a2255fb1eb792ab42e092e7,13670b327c3ce0d3e355441dc6d99ac6734dda910217dd7f4731c23bc8375d31,未知,b3a1fc5ec72ad95e258b584f936ad46befab951e0ee9e43eaa18179e34974387,无法判定,FILE_STAT_OBSERVED_IDENTITY_UNPROVEN,本批次只读；若声明、输入、Schema或授权漂移，既有结论自动失效并须追加新批次,未读取业务正文、价格、成交、订单簿、账户或凭据；身份字段不完整,为该成员提供当前版本九字段声明及逐字段Schema、授权和唯一证据定位后追加不可变批次,2d50c1344a835ceeb832796935182aeff80bb03cecc5465c8cf3aaccbd446acd,86129966e4bc55fac18f2d7602a2309d4403f85861102128a56a80a5a0ccc1ea,4102d04fb4cb0571757f42d197b9c5a538fe9b617fee039927f10569d962c9c7
source-identity-declaration-20260808T051008+0800-7cf99a5ed6b9,ZI-ee00f9dd25503d2600ed08e3,DS-000124,候选数据文件,BTC,4小时;8小时;24小时;48小时,15分钟;1小时,未知,未知,未知,未知,未知,未知,未知,未知,未知,未登记,无,config/数据/来源身份声明补采.json#身份声明[],f9cf6f2a34762867a443c0a0366a7fd63f6eb254ce171133707efd3aa521c683,d7ef1e10d9720d76b7d47a520b7439f7ef8aa78a7560836f22971cf752ef3294,62fc33658b158f02bfe3de01b5eedca81e9c8ac93e348916fa9458a8ffacd315,未知,b3a1fc5ec72ad95e258b584f936ad46befab951e0ee9e43eaa18179e34974387,无法判定,FILE_STAT_OBSERVED_IDENTITY_UNPROVEN,本批次只读；若声明、输入、Schema或授权漂移，既有结论自动失效并须追加新批次,未读取业务正文、价格、成交、订单簿、账户或凭据；身份字段不完整,为该成员提供当前版本九字段声明及逐字段Schema、授权和唯一证据定位后追加不可变批次,2d50c1344a835ceeb832796935182aeff80bb03cecc5465c8cf3aaccbd446acd,86129966e4bc55fac18f2d7602a2309d4403f85861102128a56a80a5a0ccc1ea,26581ed4d995d7bdb6037d7b33b690002071836baf1f53d94e110729de2e2440
source-identity-declaration-20260808T051008+0800-7cf99a5ed6b9,ZI-e98fd2a2d5d0df09bc9937cb,DS-000125,候选数据文件,BTC,4小时;8小时;24小时;48小时,15分钟;1小时,未知,未知,未知,未知,未知,未知,未知,未知,未知,未登记,无,config/数据/来源身份声明补采.json#身份声明[],f9cf6f2a34762867a443c0a0366a7fd63f6eb254ce171133707efd3aa521c683,933516055a642714098755bbe9c599785c999703fbef73dc81e13069d74aa18f,ec513f8c058cb105f4032d6fa7282c197e5a78cf4c151b0571d00dd8dc4f7dd2,未知,b3a1fc5ec72ad95e258b584f936ad46befab951e0ee9e43eaa18179e34974387,无法判定,FILE_STAT_OBSERVED_IDENTITY_UNPROVEN,本批次只读；若声明、输入、Schema或授权漂移，既有结论自动失效并须追加新批次,未读取业务正文、价格、成交、订单簿、账户或凭据；身份字段不完整,为该成员提供当前版本九字段声明及逐字段Schema、授权和唯一证据定位后追加不可变批次,2d50c1344a835ceeb832796935182aeff80bb03cecc5465c8cf3aaccbd446acd,86129966e4bc55fac18f2d7602a2309d4403f85861102128a56a80a5a0ccc1ea,d87236ff3c1ccc1eec9e24d41ca6637776da1ebef59cf8863193ca86896f62fe
source-identity-declaration-20260808T051008+0800-7cf99a5ed6b9,ZI-57350b8f0db900711ed2488f,DS-000126,候选数据文件,BTC,4小时;8小时;24小时;48小时,15分钟;1小时,未知,未知,未知,未知,未知,未知,未知,未知,未知,未登记,无,config/数据/来源身份声明补采.json#身份声明[],f9cf6f2a34762867a443c0a0366a7fd63f6eb254ce171133707efd3aa521c683,9499e61c0227984474b6b7c023dc310fcae06907a46958e429501d3e6b006798,f8cc85fd88b4d152c3a85acf0e6f5ad15e2df327db073f7f1078063e5e4389df,未知,b3a1fc5ec72ad95e258b584f936ad46befab951e0ee9e43eaa18179e34974387,无法判定,FILE_STAT_OBSERVED_IDENTITY_UNPROVEN,本批次只读；若声明、输入、Schema或授权漂移，既有结论自动失效并须追加新批次,未读取业务正文、价格、成交、订单簿、账户或凭据；身份字段不完整,为该成员提供当前版本九字段声明及逐字段Schema、授权和唯一证据定位后追加不可变批次,2d50c1344a835ceeb832796935182aeff80bb03cecc5465c8cf3aaccbd446acd,86129966e4bc55fac18f2d7602a2309d4403f85861102128a56a80a5a0ccc1ea,b6957611d7294ee34a7a26fece2b3ccaa72b08051a69fcffc9600ffd9e02d7bf
source-identity-declaration-20260808T051008+0800-7cf99a5ed6b9,ZI-50d94b0de1efc730b9122af3,DS-000127,候选数据文件,BTC,4小时;8小时;24小时;48小时,15分钟;1小时,未知,未知,未知,未知,未知,未知,未知,未知,未知,未登记,无,config/数据/来源身份声明补采.json#身份声明[],f9cf6f2a34762867a443c0a0366a7fd63f6eb254ce171133707efd3aa521c683,7498b9a041f4b609fbd9b5447119d9522ae1aaf59ff427378718c2833bf39af8,6876393fb377a2dddbdd0f3704f2a6600684cd6c4f20a91ee5c598a91896511a,未知,b3a1fc5ec72ad95e258b584f936ad46befab951e0ee9e43eaa18179e34974387,无法判定,FILE_STAT_OBSERVED_IDENTITY_UNPROVEN,本批次只读；若声明、输入、Schema或授权漂移，既有结论自动失效并须追加新批次,未读取业务正文、价格、成交、订单簿、账户或凭据；身份字段不完整,为该成员提供当前版本九字段声明及逐字段Schema、授权和唯一证据定位后追加不可变批次,2d50c1344a835ceeb832796935182aeff80bb03cecc5465c8cf3aaccbd446acd,86129966e4bc55fac18f2d7602a2309d4403f85861102128a56a80a5a0ccc1ea,55e30bb94ac64e294bd49ef02051ed5b7fb1408296c29db2fb11726ece586894
source-identity-declaration-20260808T051008+0800-7cf99a5ed6b9,ZI-66345af7f29b369463667940,DS-000128,候选数据文件,BTC,4小时;8小时;24小时;48小时,15分钟;1小时,未知,未知,未知,未知,未知,未知,未知,未知,未知,未登记,无,config/数据/来源身份声明补采.json#身份声明[],f9cf6f2a34762867a443c0a0366a7fd63f6eb254ce171133707efd3aa521c683,8784b44479961e1fc5e62e73d76c8f43f5274c03f210a3417d777a7b86f3c045,3778f5a272bf10f74727c3c30bcea740586d7993016b625b605c66a82dcac354,未知,b3a1fc5ec72ad95e258b584f936ad46befab951e0ee9e43eaa18179e34974387,无法判定,FILE_STAT_OBSERVED_IDENTITY_UNPROVEN,本批次只读；若声明、输入、Schema或授权漂移，既有结论自动失效并须追加新批次,未读取业务正文、价格、成交、订单簿、账户或凭据；身份字段不完整,为该成员提供当前版本九字段声明及逐字段Schema、授权和唯一证据定位后追加不可变批次,2d50c1344a835ceeb832796935182aeff80bb03cecc5465c8cf3aaccbd446acd,86129966e4bc55fac18f2d7602a2309d4403f85861102128a56a80a5a0ccc1ea,39ae74ae0f289fe6ca15c922ca677df4aae576aa132c1c6f916a8b7f5419040a
source-identity-declaration-20260808T051008+0800-7cf99a5ed6b9,ZI-f0b6b298cfe3ce3a7d56b8eb,DS-000129,候选数据文件,BTC,4小时;8小时;24小时;48小时,15分钟;1小时,未知,未知,未知,未知,未知,未知,未知,未知,未知,未登记,无,config/数据/来源身份声明补采.json#身份声明[],f9cf6f2a34762867a443c0a0366a7fd63f6eb254ce171133707efd3aa521c683,6ec29ab16a61a9874de644237ea1f88b4281182c44ec3b7aabeceff905c3c1fe,b9fe115bbe71bc2df097758de5421c48df29bb6dece7319e86e3b4f4104d7ba3,未知,b3a1fc5ec72ad95e258b584f936ad46befab951e0ee9e43eaa18179e34974387,无法判定,FILE_STAT_OBSERVED_IDENTITY_UNPROVEN,本批次只读；若声明、输入、Schema或授权漂移，既有结论自动失效并须追加新批次,未读取业务正文、价格、成交、订单簿、账户或凭据；身份字段不完整,为该成员提供当前版本九字段声明及逐字段Schema、授权和唯一证据定位后追加不可变批次,2d50c1344a835ceeb832796935182aeff80bb03cecc5465c8cf3aaccbd446acd,86129966e4bc55fac18f2d7602a2309d4403f85861102128a56a80a5a0ccc1ea,2f55068fb12cffa3bbfe0be949f576c7f0955478b04b8b8924a78310b6cefc40
source-identity-declaration-20260808T051008+0800-7cf99a5ed6b9,ZI-5a7245a9c0cc69252b3df5d1,DS-000130,候选数据文件,BTC,4小时;8小时;24小时;48小时,15分钟;1小时,未知,未知,未知,未知,未知,未知,未知,未知,未知,未登记,无,config/数据/来源身份声明补采.json#身份声明[],f9cf6f2a34762867a443c0a0366a7fd63f6eb254ce171133707efd3aa521c683,31a5fa38e253ae35bbd283a09e22b12ae2d20072cacd4fec29ddc407fc7c2c5a,ab1fa132bb5dedae2aee599d307ef6afbd15ef8e10247d61d8c83173266e0a23,未知,b3a1fc5ec72ad95e258b584f936ad46befab951e0ee9e43eaa18179e34974387,无法判定,FILE_STAT_OBSERVED_IDENTITY_UNPROVEN,本批次只读；若声明、输入、Schema或授权漂移，既有结论自动失效并须追加新批次,未读取业务正文、价格、成交、订单簿、账户或凭据；身份字段不完整,为该成员提供当前版本九字段声明及逐字段Schema、授权和唯一证据定位后追加不可变批次,2d50c1344a835ceeb832796935182aeff80bb03cecc5465c8cf3aaccbd446acd,86129966e4bc55fac18f2d7602a2309d4403f85861102128a56a80a5a0ccc1ea,8428eb718a934fb275461080e1a4a674481c7728a5bd4df22867495bee42ac23
source-identity-declaration-20260808T051008+0800-7cf99a5ed6b9,ZI-25447cea628f3920f050dbd5,DS-000131,候选数据文件,BTC,4小时;8小时;24小时;48小时,15分钟;1小时,未知,未知,未知,未知,未知,未知,未知,未知,未知,未登记,无,config/数据/来源身份声明补采.json#身份声明[],f9cf6f2a34762867a443c0a0366a7fd63f6eb254ce171133707efd3aa521c683,596462ea846e3b15707b59be416da11412b9e52c6d94c741ad5be0a70d1dfffe,849871286b1f3a7bb36005a3c4170984f7a55ddeda2e82f3720e21c78af7536d,未知,b3a1fc5ec72ad95e258b584f936ad46befab951e0ee9e43eaa18179e34974387,无法判定,FILE_STAT_OBSERVED_IDENTITY_UNPROVEN,本批次只读；若声明、输入、Schema或授权漂移，既有结论自动失效并须追加新批次,未读取业务正文、价格、成交、订单簿、账户或凭据；身份字段不完整,为该成员提供当前版本九字段声明及逐字段Schema、授权和唯一证据定位后追加不可变批次,2d50c1344a835ceeb832796935182aeff80bb03cecc5465c8cf3aaccbd446acd,86129966e4bc55fac18f2d7602a2309d4403f85861102128a56a80a5a0ccc1ea,662bed08dcd2d91a0384622ac9fc0bab39f64931f1e3bb80589fe5f854b55fe4
source-identity-declaration-20260808T051008+0800-7cf99a5ed6b9,ZI-17f2298039c37a648fbd5908,DS-000132,候选数据文件,BTC,4小时;8小时;24小时;48小时,15分钟;1小时,未知,未知,未知,未知,未知,未知,未知,未知,未知,未登记,无,config/数据/来源身份声明补采.json#身份声明[],f9cf6f2a34762867a443c0a0366a7fd63f6eb254ce171133707efd3aa521c683,b92d68f0c6a28fd076fc8affb08361f7b721d840be639dd0fdcd9e4063f945e2,0e07540ee3310c57505f2e3e874b1df4f26fc44746b94ed2025d1b60856d53a3,未知,b3a1fc5ec72ad95e258b584f936ad46befab951e0ee9e43eaa18179e34974387,无法判定,FILE_STAT_OBSERVED_IDENTITY_UNPROVEN,本批次只读；若声明、输入、Schema或授权漂移，既有结论自动失效并须追加新批次,未读取业务正文、价格、成交、订单簿、账户或凭据；身份字段不完整,为该成员提供当前版本九字段声明及逐字段Schema、授权和唯一证据定位后追加不可变批次,2d50c1344a835ceeb832796935182aeff80bb03cecc5465c8cf3aaccbd446acd,86129966e4bc55fac18f2d7602a2309d4403f85861102128a56a80a5a0ccc1ea,eeff4edac970a9e091135ddf9db0187df4b4fb70635770be7e493b6d60eec11f
source-identity-declaration-20260808T051008+0800-7cf99a5ed6b9,ZI-e5f5afbaaf19d3151683dc0c,DS-000133,候选数据文件,BTC,4小时;8小时;24小时;48小时,15分钟;1小时,未知,未知,未知,未知,未知,未知,未知,未知,未知,未登记,无,config/数据/来源身份声明补采.json#身份声明[],f9cf6f2a34762867a443c0a0366a7fd63f6eb254ce171133707efd3aa521c683,d49b3cdefe936c41685bf10613de132b9f5d9198120e45aae55859f797788158,70e1444628d1622cd802bd2ee74a014e8a620cff9fd655e3880e74a7d3c8b8b7,未知,b3a1fc5ec72ad95e258b584f936ad46befab951e0ee9e43eaa18179e34974387,无法判定,FILE_STAT_OBSERVED_IDENTITY_UNPROVEN,本批次只读；若声明、输入、Schema或授权漂移，既有结论自动失效并须追加新批次,未读取业务正文、价格、成交、订单簿、账户或凭据；身份字段不完整,为该成员提供当前版本九字段声明及逐字段Schema、授权和唯一证据定位后追加不可变批次,2d50c1344a835ceeb832796935182aeff80bb03cecc5465c8cf3aaccbd446acd,86129966e4bc55fac18f2d7602a2309d4403f85861102128a56a80a5a0ccc1ea,3aa8d6085879ccef314f895fc00542762669d76b973b34524877792baa8e78e3
source-identity-declaration-20260808T051008+0800-7cf99a5ed6b9,ZI-67ed5354e433ec425cf10220,DS-000134,候选数据文件,BTC,4小时;8小时;24小时;48小时,15分钟;1小时,未知,未知,未知,未知,未知,未知,未知,未知,未知,未登记,无,config/数据/来源身份声明补采.json#身份声明[],f9cf6f2a34762867a443c0a0366a7fd63f6eb254ce171133707efd3aa521c683,0e6fc6a736706f9c8311f0bcd6cac49d78a213f394e2feafda517cd5a5854e7d,99f1d24909a2843e1fcd95fc876654a847ae45806c4adae55c444399995f0ec8,未知,b3a1fc5ec72ad95e258b584f936ad46befab951e0ee9e43eaa18179e34974387,无法判定,FILE_STAT_OBSERVED_IDENTITY_UNPROVEN,本批次只读；若声明、输入、Schema或授权漂移，既有结论自动失效并须追加新批次,未读取业务正文、价格、成交、订单簿、账户或凭据；身份字段不完整,为该成员提供当前版本九字段声明及逐字段Schema、授权和唯一证据定位后追加不可变批次,2d50c1344a835ceeb832796935182aeff80bb03cecc5465c8cf3aaccbd446acd,86129966e4bc55fac18f2d7602a2309d4403f85861102128a56a80a5a0ccc1ea,3396f0222662f963e7c7a8a67e85417a0feb12a3cbbce84077ed3a910abedfe9
source-identity-declaration-20260808T051008+0800-7cf99a5ed6b9,ZI-9959cefd6da7ea4c9bc8a26a,DS-000135,候选数据文件,BTC,4小时;8小时;24小时;48小时,15分钟;1小时,未知,未知,未知,未知,未知,未知,未知,未知,未知,未登记,无,config/数据/来源身份声明补采.json#身份声明[],f9cf6f2a34762867a443c0a0366a7fd63f6eb254ce171133707efd3aa521c683,6ed4afcb16dadb13cea1399f219a898bff5d238791ebd03cea6a0bd7d98b1ff5,e3d98fa985e8b77d96cab83fffc66cfc094f5d9dcffcba011bab1d69029e238b,未知,b3a1fc5ec72ad95e258b584f936ad46befab951e0ee9e43eaa18179e34974387,无法判定,FILE_STAT_OBSERVED_IDENTITY_UNPROVEN,本批次只读；若声明、输入、Schema或授权漂移，既有结论自动失效并须追加新批次,未读取业务正文、价格、成交、订单簿、账户或凭据；身份字段不完整,为该成员提供当前版本九字段声明及逐字段Schema、授权和唯一证据定位后追加不可变批次,2d50c1344a835ceeb832796935182aeff80bb03cecc5465c8cf3aaccbd446acd,86129966e4bc55fac18f2d7602a2309d4403f85861102128a56a80a5a0ccc1ea,55d75f7b10f599ba55a7b8674a23bca0de02ad37c7369ddbe4847ad758b03743
source-identity-declaration-20260808T051008+0800-7cf99a5ed6b9,ZI-729914ef0d7b46aa2dc0dc05,DS-000136,候选数据文件,BTC,4小时;8小时;24小时;48小时,15分钟;1小时,未知,未知,未知,未知,未知,未知,未知,未知,未知,未登记,无,config/数据/来源身份声明补采.json#身份声明[],f9cf6f2a34762867a443c0a0366a7fd63f6eb254ce171133707efd3aa521c683,c642096c5b9e47e8fb6d3af1ce33b6503b701f275d986dc3c80518fafa656b62,f891c3fe3008bfa69c81d678ef19f93b5031d32dc4999017e03a2b18febebf1c,未知,b3a1fc5ec72ad95e258b584f936ad46befab951e0ee9e43eaa18179e34974387,无法判定,FILE_STAT_OBSERVED_IDENTITY_UNPROVEN,本批次只读；若声明、输入、Schema或授权漂移，既有结论自动失效并须追加新批次,未读取业务正文、价格、成交、订单簿、账户或凭据；身份字段不完整,为该成员提供当前版本九字段声明及逐字段Schema、授权和唯一证据定位后追加不可变批次,2d50c1344a835ceeb832796935182aeff80bb03cecc5465c8cf3aaccbd446acd,86129966e4bc55fac18f2d7602a2309d4403f85861102128a56a80a5a0ccc1ea,39c2aa338c9a58d9da20dd04e926417f42ecda7a0bbe8c5d476000f5ca8b5c4e
source-identity-declaration-20260808T051008+0800-7cf99a5ed6b9,ZI-5072f6e3c58e96622c5d5a39,DS-000137,候选数据文件,BTC,4小时;8小时;24小时;48小时,15分钟;1小时,未知,未知,未知,未知,未知,未知,未知,未知,未知,未登记,无,config/数据/来源身份声明补采.json#身份声明[],f9cf6f2a34762867a443c0a0366a7fd63f6eb254ce171133707efd3aa521c683,85fd815ad566ecce9ab78d9848bdc57c2a3a789413ea3fae7ede25ed0d770f0f,d0b76e2f60f07725e40956ca4ac492da69b0acd4cfbfd313e30bc0ff90fcbec5,未知,b3a1fc5ec72ad95e258b584f936ad46befab951e0ee9e43eaa18179e34974387,无法判定,FILE_STAT_OBSERVED_IDENTITY_UNPROVEN,本批次只读；若声明、输入、Schema或授权漂移，既有结论自动失效并须追加新批次,未读取业务正文、价格、成交、订单簿、账户或凭据；身份字段不完整,为该成员提供当前版本九字段声明及逐字段Schema、授权和唯一证据定位后追加不可变批次,2d50c1344a835ceeb832796935182aeff80bb03cecc5465c8cf3aaccbd446acd,86129966e4bc55fac18f2d7602a2309d4403f85861102128a56a80a5a0ccc1ea,1fdcd036b167017e448ba4f446e6fb693cc2a1329425e85a8caed4d4a044d358
source-identity-declaration-20260808T051008+0800-7cf99a5ed6b9,ZI-c561cdc026374378e8a7e1ed,DS-000138,候选数据文件,BTC,4小时;8小时;24小时;48小时,15分钟;1小时,未知,未知,未知,未知,未知,未知,未知,未知,未知,未登记,无,config/数据/来源身份声明补采.json#身份声明[],f9cf6f2a34762867a443c0a0366a7fd63f6eb254ce171133707efd3aa521c683,91cc4ad9a33161955c014a7f07d248bcafc3f5be08813d91e27a18d6a42f55c4,2b9a094e824f1ebadf6f57ffe303e6b9b512da431b40899c361a87df2ebfcf54,未知,b3a1fc5ec72ad95e258b584f936ad46befab951e0ee9e43eaa18179e34974387,无法判定,FILE_STAT_OBSERVED_IDENTITY_UNPROVEN,本批次只读；若声明、输入、Schema或授权漂移，既有结论自动失效并须追加新批次,未读取业务正文、价格、成交、订单簿、账户或凭据；身份字段不完整,为该成员提供当前版本九字段声明及逐字段Schema、授权和唯一证据定位后追加不可变批次,2d50c1344a835ceeb832796935182aeff80bb03cecc5465c8cf3aaccbd446acd,86129966e4bc55fac18f2d7602a2309d4403f85861102128a56a80a5a0ccc1ea,f5dd19bb07d3e0784367c6a6b27808e0483f6366f39c9b3c843a785132223d8a
source-identity-declaration-20260808T051008+0800-7cf99a5ed6b9,ZI-cbdce8e325cdea9138ef0d4e,DS-000139,候选数据文件,BTC,4小时;8小时;24小时;48小时,15分钟;1小时,未知,未知,未知,未知,未知,未知,未知,未知,未知,未登记,无,config/数据/来源身份声明补采.json#身份声明[],f9cf6f2a34762867a443c0a0366a7fd63f6eb254ce171133707efd3aa521c683,fe64d848475c7415a5eb6c92b24f0b9a75641d0388cb76d8ab63008be5e3a74a,163076bb1877110a64910e904e645ef22820486d7d9509fb3d2acc194731aebf,未知,b3a1fc5ec72ad95e258b584f936ad46befab951e0ee9e43eaa18179e34974387,无法判定,FILE_STAT_OBSERVED_IDENTITY_UNPROVEN,本批次只读；若声明、输入、Schema或授权漂移，既有结论自动失效并须追加新批次,未读取业务正文、价格、成交、订单簿、账户或凭据；身份字段不完整,为该成员提供当前版本九字段声明及逐字段Schema、授权和唯一证据定位后追加不可变批次,2d50c1344a835ceeb832796935182aeff80bb03cecc5465c8cf3aaccbd446acd,86129966e4bc55fac18f2d7602a2309d4403f85861102128a56a80a5a0ccc1ea,5b5f514f2174ad9efb5f52714433b02e6c2c5d53e573c06d24c0126e2c40fbd5
source-identity-declaration-20260808T051008+0800-7cf99a5ed6b9,ZI-6e09551ca827697625cb6b3c,DS-000140,候选数据文件,BTC,4小时;8小时;24小时;48小时,15分钟;1小时,未知,未知,未知,未知,未知,未知,未知,未知,未知,未登记,无,config/数据/来源身份声明补采.json#身份声明[],f9cf6f2a34762867a443c0a0366a7fd63f6eb254ce171133707efd3aa521c683,009afddc569c187b643514b715c578f909c030480467dad3f80f258b9e5dba7d,b5d559a5d3cdd08a4788c563af9e2198fe71cf31cfce29cd5e6d06dc6baaf1f4,未知,b3a1fc5ec72ad95e258b584f936ad46befab951e0ee9e43eaa18179e34974387,无法判定,FILE_STAT_OBSERVED_IDENTITY_UNPROVEN,本批次只读；若声明、输入、Schema或授权漂移，既有结论自动失效并须追加新批次,未读取业务正文、价格、成交、订单簿、账户或凭据；身份字段不完整,为该成员提供当前版本九字段声明及逐字段Schema、授权和唯一证据定位后追加不可变批次,2d50c1344a835ceeb832796935182aeff80bb03cecc5465c8cf3aaccbd446acd,86129966e4bc55fac18f2d7602a2309d4403f85861102128a56a80a5a0ccc1ea,dcfa683ca7bd9afa206c453fc0e08182ec818fe1f4e00284d7c0ec9e9e1dbf29
source-identity-declaration-20260808T051008+0800-7cf99a5ed6b9,ZI-6a81a9eab1027b343b73215a,DS-000141,候选数据文件,BTC,4小时;8小时;24小时;48小时,15分钟;1小时,未知,未知,未知,未知,未知,未知,未知,未知,未知,未登记,无,config/数据/来源身份声明补采.json#身份声明[],f9cf6f2a34762867a443c0a0366a7fd63f6eb254ce171133707efd3aa521c683,27f7235cee2d01a99bf0f9f1109e9272501fdb8df65e8befd348f081a6e8a5b8,0c126a0aaaabe4b976e650584466e255c22e869e8792738629f422ecbf58dda1,未知,b3a1fc5ec72ad95e258b584f936ad46befab951e0ee9e43eaa18179e34974387,无法判定,FILE_STAT_OBSERVED_IDENTITY_UNPROVEN,本批次只读；若声明、输入、Schema或授权漂移，既有结论自动失效并须追加新批次,未读取业务正文、价格、成交、订单簿、账户或凭据；身份字段不完整,为该成员提供当前版本九字段声明及逐字段Schema、授权和唯一证据定位后追加不可变批次,2d50c1344a835ceeb832796935182aeff80bb03cecc5465c8cf3aaccbd446acd,86129966e4bc55fac18f2d7602a2309d4403f85861102128a56a80a5a0ccc1ea,ed3c3259a0288e614f085102972a7a8b1dc5ec36e69b282354b69a3dd96e409f
source-identity-declaration-20260808T051008+0800-7cf99a5ed6b9,ZI-009128c1d44092db64fb50b2,DS-000142,候选数据文件,BTC,4小时;8小时;24小时;48小时,15分钟;1小时,未知,未知,未知,未知,未知,未知,未知,未知,未知,未登记,无,config/数据/来源身份声明补采.json#身份声明[],f9cf6f2a34762867a443c0a0366a7fd63f6eb254ce171133707efd3aa521c683,80fa1bd6e7005895cf660e56647c09e7daa74e86af408dd82f83ee4d04c6f8b5,ac346df94f38428a491d9033ce3ef6903ce1e2ac4a7c2d04dfde3d4668a39b68,未知,b3a1fc5ec72ad95e258b584f936ad46befab951e0ee9e43eaa18179e34974387,无法判定,FILE_STAT_OBSERVED_IDENTITY_UNPROVEN,本批次只读；若声明、输入、Schema或授权漂移，既有结论自动失效并须追加新批次,未读取业务正文、价格、成交、订单簿、账户或凭据；身份字段不完整,为该成员提供当前版本九字段声明及逐字段Schema、授权和唯一证据定位后追加不可变批次,2d50c1344a835ceeb832796935182aeff80bb03cecc5465c8cf3aaccbd446acd,86129966e4bc55fac18f2d7602a2309d4403f85861102128a56a80a5a0ccc1ea,0e5ba17f2a70fe2e2ccf7f302bdda617f946c4c93d8e35861a6ac506cc5e29c9
source-identity-declaration-20260808T051008+0800-7cf99a5ed6b9,ZI-d98242a5fa6a990de942165a,DS-000143,候选数据文件,BTC,4小时;8小时;24小时;48小时,15分钟;1小时,未知,未知,未知,未知,未知,未知,未知,未知,未知,未登记,无,config/数据/来源身份声明补采.json#身份声明[],f9cf6f2a34762867a443c0a0366a7fd63f6eb254ce171133707efd3aa521c683,4d297614b41f56e3ac145165007736d4e5d0fc857ba98d3ee2525ae214f66bb1,516aacef531681e029560d1d5f4698e55ef8938d65a28b8bb7b53affef0090b5,未知,b3a1fc5ec72ad95e258b584f936ad46befab951e0ee9e43eaa18179e34974387,无法判定,FILE_STAT_OBSERVED_IDENTITY_UNPROVEN,本批次只读；若声明、输入、Schema或授权漂移，既有结论自动失效并须追加新批次,未读取业务正文、价格、成交、订单簿、账户或凭据；身份字段不完整,为该成员提供当前版本九字段声明及逐字段Schema、授权和唯一证据定位后追加不可变批次,2d50c1344a835ceeb832796935182aeff80bb03cecc5465c8cf3aaccbd446acd,86129966e4bc55fac18f2d7602a2309d4403f85861102128a56a80a5a0ccc1ea,15d33304e3820aa49d3b81eb9ccac38a2243368e68c83dc0476c7775da9b957a
source-identity-declaration-20260808T051008+0800-7cf99a5ed6b9,ZI-656064ee5ebd05df9e1d1d0b,DS-000144,候选数据文件,BTC,4小时;8小时;24小时;48小时,15分钟;1小时,未知,未知,未知,未知,未知,未知,未知,未知,未知,未登记,无,config/数据/来源身份声明补采.json#身份声明[],f9cf6f2a34762867a443c0a0366a7fd63f6eb254ce171133707efd3aa521c683,a37f1429695718fc7f7e8f2425da19674e90d6a02d7bb8ff8ce85e66a4f07074,13e2fdb5315ff33a190ad958df8d0df9bcb268f39b696634df5d1e3c89bb0de0,未知,b3a1fc5ec72ad95e258b584f936ad46befab951e0ee9e43eaa18179e34974387,无法判定,FILE_STAT_OBSERVED_IDENTITY_UNPROVEN,本批次只读；若声明、输入、Schema或授权漂移，既有结论自动失效并须追加新批次,未读取业务正文、价格、成交、订单簿、账户或凭据；身份字段不完整,为该成员提供当前版本九字段声明及逐字段Schema、授权和唯一证据定位后追加不可变批次,2d50c1344a835ceeb832796935182aeff80bb03cecc5465c8cf3aaccbd446acd,86129966e4bc55fac18f2d7602a2309d4403f85861102128a56a80a5a0ccc1ea,f2f0fce8e39fa74d30b66a95f4191bbfb306728d8cb572d1ec4afae62ef77ded
source-identity-declaration-20260808T051008+0800-7cf99a5ed6b9,ZI-1c10301302ee0cd7a93b0689,DS-000145,候选数据文件,BTC,4小时;8小时;24小时;48小时,15分钟;1小时,未知,未知,未知,未知,未知,未知,未知,未知,未知,未登记,无,config/数据/来源身份声明补采.json#身份声明[],f9cf6f2a34762867a443c0a0366a7fd63f6eb254ce171133707efd3aa521c683,12ba9cb4812d9b25d1ce7250ee24a6ecbad7c3e14871b3b350b5ff102581369a,7b852f78154c999774fe501679b321784ddb2a060a3be071fb854db79d271fd2,未知,b3a1fc5ec72ad95e258b584f936ad46befab951e0ee9e43eaa18179e34974387,无法判定,FILE_STAT_OBSERVED_IDENTITY_UNPROVEN,本批次只读；若声明、输入、Schema或授权漂移，既有结论自动失效并须追加新批次,未读取业务正文、价格、成交、订单簿、账户或凭据；身份字段不完整,为该成员提供当前版本九字段声明及逐字段Schema、授权和唯一证据定位后追加不可变批次,2d50c1344a835ceeb832796935182aeff80bb03cecc5465c8cf3aaccbd446acd,86129966e4bc55fac18f2d7602a2309d4403f85861102128a56a80a5a0ccc1ea,14be0134d590094c220af2dd889a927f922a9cde24458ea7da78af3f5a0c9b78
source-identity-declaration-20260808T051008+0800-7cf99a5ed6b9,ZI-65304f632d8f816f8c997e85,DS-000146,候选数据文件,BTC,4小时;8小时;24小时;48小时,15分钟;1小时,未知,未知,未知,未知,未知,未知,未知,未知,未知,未登记,无,config/数据/来源身份声明补采.json#身份声明[],f9cf6f2a34762867a443c0a0366a7fd63f6eb254ce171133707efd3aa521c683,c3cc5610c7e0e33b392b2bdea0167adef56d57f070b3e427f342c684b3ea0688,de03c4896cda37c0c66563807be46f38b891f742ad98e9ed0984cec1b6bae1d9,未知,b3a1fc5ec72ad95e258b584f936ad46befab951e0ee9e43eaa18179e34974387,无法判定,FILE_STAT_OBSERVED_IDENTITY_UNPROVEN,本批次只读；若声明、输入、Schema或授权漂移，既有结论自动失效并须追加新批次,未读取业务正文、价格、成交、订单簿、账户或凭据；身份字段不完整,为该成员提供当前版本九字段声明及逐字段Schema、授权和唯一证据定位后追加不可变批次,2d50c1344a835ceeb832796935182aeff80bb03cecc5465c8cf3aaccbd446acd,86129966e4bc55fac18f2d7602a2309d4403f85861102128a56a80a5a0ccc1ea,840606f7b99599f0e84f32b9958620a57007fcec1967e1f06434009e91bb4b81
source-identity-declaration-20260808T051008+0800-7cf99a5ed6b9,ZI-16acf3cdbbc6cb6240495c7b,DS-000147,候选数据文件,BTC,4小时;8小时;24小时;48小时,15分钟;1小时,未知,未知,未知,未知,未知,未知,未知,未知,未知,未登记,无,config/数据/来源身份声明补采.json#身份声明[],f9cf6f2a34762867a443c0a0366a7fd63f6eb254ce171133707efd3aa521c683,ffc57781fb71aec9cd924574bd3fbe2cedfaba4f4cb581fe866c9a9d0dbed1a9,ac590d7eabfb3ee19d164f71da201c86851f75b04b934a01c301489ffce903d5,未知,b3a1fc5ec72ad95e258b584f936ad46befab951e0ee9e43eaa18179e34974387,无法判定,FILE_STAT_OBSERVED_IDENTITY_UNPROVEN,本批次只读；若声明、输入、Schema或授权漂移，既有结论自动失效并须追加新批次,未读取业务正文、价格、成交、订单簿、账户或凭据；身份字段不完整,为该成员提供当前版本九字段声明及逐字段Schema、授权和唯一证据定位后追加不可变批次,2d50c1344a835ceeb832796935182aeff80bb03cecc5465c8cf3aaccbd446acd,86129966e4bc55fac18f2d7602a2309d4403f85861102128a56a80a5a0ccc1ea,d55032d81bfe509106e1e10b8f10d5e7f1c87b012e310f35303c19a46fe7b18e
source-identity-declaration-20260808T051008+0800-7cf99a5ed6b9,ZI-5dfc284725b608d6c0455773,DS-000148,候选数据文件,BTC,4小时;8小时;24小时;48小时,15分钟;1小时,未知,未知,未知,未知,未知,未知,未知,未知,未知,未登记,无,config/数据/来源身份声明补采.json#身份声明[],f9cf6f2a34762867a443c0a0366a7fd63f6eb254ce171133707efd3aa521c683,3a02343642236a2a3e657efef9c7518e0c47343c29a0fed06dac9abe93d62260,9b15026508f4301f1e2aefcc4d22d64380b8d8e581f3955d41c11761606ac24f,未知,b3a1fc5ec72ad95e258b584f936ad46befab951e0ee9e43eaa18179e34974387,无法判定,FILE_STAT_OBSERVED_IDENTITY_UNPROVEN,本批次只读；若声明、输入、Schema或授权漂移，既有结论自动失效并须追加新批次,未读取业务正文、价格、成交、订单簿、账户或凭据；身份字段不完整,为该成员提供当前版本九字段声明及逐字段Schema、授权和唯一证据定位后追加不可变批次,2d50c1344a835ceeb832796935182aeff80bb03cecc5465c8cf3aaccbd446acd,86129966e4bc55fac18f2d7602a2309d4403f85861102128a56a80a5a0ccc1ea,31da878010733fee8eb74cd4010f560134b8f8ae2cde05685ffaba751ffd1b4e
source-identity-declaration-20260808T051008+0800-7cf99a5ed6b9,ZI-fb04e2b97b0709831aeef170,DS-000149,候选数据文件,BTC,4小时;8小时;24小时;48小时,15分钟;1小时,未知,未知,未知,未知,未知,未知,未知,未知,未知,未登记,无,config/数据/来源身份声明补采.json#身份声明[],f9cf6f2a34762867a443c0a0366a7fd63f6eb254ce171133707efd3aa521c683,a873240ba93a952953aa11ac5f6f40fac71db86b7055f9b2d8541c48f40d345b,c4c0fa8bfefc782ab8963b781ae8b3bd00c5081026ed977dc8a039084b1b3a25,未知,b3a1fc5ec72ad95e258b584f936ad46befab951e0ee9e43eaa18179e34974387,无法判定,FILE_STAT_OBSERVED_IDENTITY_UNPROVEN,本批次只读；若声明、输入、Schema或授权漂移，既有结论自动失效并须追加新批次,未读取业务正文、价格、成交、订单簿、账户或凭据；身份字段不完整,为该成员提供当前版本九字段声明及逐字段Schema、授权和唯一证据定位后追加不可变批次,2d50c1344a835ceeb832796935182aeff80bb03cecc5465c8cf3aaccbd446acd,86129966e4bc55fac18f2d7602a2309d4403f85861102128a56a80a5a0ccc1ea,bb3cd42df7840f2d40b43ec3005db13bb844b8abac6ec57a124a06d567d71564
source-identity-declaration-20260808T051008+0800-7cf99a5ed6b9,ZI-5e9e4d83ac97e26370280732,DS-000150,候选数据文件,BTC,4小时;8小时;24小时;48小时,15分钟;1小时,未知,未知,未知,未知,未知,未知,未知,未知,未知,未登记,无,config/数据/来源身份声明补采.json#身份声明[],f9cf6f2a34762867a443c0a0366a7fd63f6eb254ce171133707efd3aa521c683,40939ad30387a7158ed57b306fe0d71798f08cbe52327025d40af30da47e9dc6,d707f1184ffd684db0b8c690dcefebd30e65310386a337a9481373f277d913da,未知,b3a1fc5ec72ad95e258b584f936ad46befab951e0ee9e43eaa18179e34974387,无法判定,FILE_STAT_OBSERVED_IDENTITY_UNPROVEN,本批次只读；若声明、输入、Schema或授权漂移，既有结论自动失效并须追加新批次,未读取业务正文、价格、成交、订单簿、账户或凭据；身份字段不完整,为该成员提供当前版本九字段声明及逐字段Schema、授权和唯一证据定位后追加不可变批次,2d50c1344a835ceeb832796935182aeff80bb03cecc5465c8cf3aaccbd446acd,86129966e4bc55fac18f2d7602a2309d4403f85861102128a56a80a5a0ccc1ea,71196f88b2c6d8d18a8379355d1ce787623a331275cc47fc7c551fbdf2b25127
source-identity-declaration-20260808T051008+0800-7cf99a5ed6b9,ZI-0424adadee4f47a70743fdba,DS-000151,候选数据文件,BTC,4小时;8小时;24小时;48小时,15分钟;1小时,未知,未知,未知,未知,未知,未知,未知,未知,未知,未登记,无,config/数据/来源身份声明补采.json#身份声明[],f9cf6f2a34762867a443c0a0366a7fd63f6eb254ce171133707efd3aa521c683,576e8c8e6487f15c636a679f4a040797e58715ed5fcaeaa34cc9be2b42fc0bd9,4430b05213f8fb6e099218b623736ef4a90c76a53846aa74227f9be1b4c02472,未知,b3a1fc5ec72ad95e258b584f936ad46befab951e0ee9e43eaa18179e34974387,无法判定,FILE_STAT_OBSERVED_IDENTITY_UNPROVEN,本批次只读；若声明、输入、Schema或授权漂移，既有结论自动失效并须追加新批次,未读取业务正文、价格、成交、订单簿、账户或凭据；身份字段不完整,为该成员提供当前版本九字段声明及逐字段Schema、授权和唯一证据定位后追加不可变批次,2d50c1344a835ceeb832796935182aeff80bb03cecc5465c8cf3aaccbd446acd,86129966e4bc55fac18f2d7602a2309d4403f85861102128a56a80a5a0ccc1ea,5ad3f3058a6141ab2e82adf3843a6b44ef1b20cf29f086163a54ed40cdf587f4
source-identity-declaration-20260808T051008+0800-7cf99a5ed6b9,ZI-0c07e377a75105645df6b291,DS-000152,候选数据文件,BTC,4小时;8小时;24小时;48小时,15分钟;1小时,未知,未知,未知,未知,未知,未知,未知,未知,未知,未登记,无,config/数据/来源身份声明补采.json#身份声明[],f9cf6f2a34762867a443c0a0366a7fd63f6eb254ce171133707efd3aa521c683,72c373f523c68c010f48416824dc922cc7bdcb6a7af086a80aff26503846cc1f,108b6fbb555b3a70e9ee67cd5d1014f7d8fe2e5589151961829d64c52378056e,未知,b3a1fc5ec72ad95e258b584f936ad46befab951e0ee9e43eaa18179e34974387,无法判定,FILE_STAT_OBSERVED_IDENTITY_UNPROVEN,本批次只读；若声明、输入、Schema或授权漂移，既有结论自动失效并须追加新批次,未读取业务正文、价格、成交、订单簿、账户或凭据；身份字段不完整,为该成员提供当前版本九字段声明及逐字段Schema、授权和唯一证据定位后追加不可变批次,2d50c1344a835ceeb832796935182aeff80bb03cecc5465c8cf3aaccbd446acd,86129966e4bc55fac18f2d7602a2309d4403f85861102128a56a80a5a0ccc1ea,6ae46ba13bcdf36fbb4b91b797022bf611c1acff9ab7f241719af7e6ac8ef30f
source-identity-declaration-20260808T051008+0800-7cf99a5ed6b9,ZI-640d37576121e3a650ac0d2e,DS-000153,候选数据文件,BTC,4小时;8小时;24小时;48小时,15分钟;1小时,未知,未知,未知,未知,未知,未知,未知,未知,未知,未登记,无,config/数据/来源身份声明补采.json#身份声明[],f9cf6f2a34762867a443c0a0366a7fd63f6eb254ce171133707efd3aa521c683,546a99b7d0834c6f48dec4b7ae8905dcf109bb0225eadb4e316d5042925f9656,0533d8e0b6d12c6b9ede3c937d4b10662e237dc6a3bad54eeb885580a8af4179,未知,b3a1fc5ec72ad95e258b584f936ad46befab951e0ee9e43eaa18179e34974387,无法判定,FILE_STAT_OBSERVED_IDENTITY_UNPROVEN,本批次只读；若声明、输入、Schema或授权漂移，既有结论自动失效并须追加新批次,未读取业务正文、价格、成交、订单簿、账户或凭据；身份字段不完整,为该成员提供当前版本九字段声明及逐字段Schema、授权和唯一证据定位后追加不可变批次,2d50c1344a835ceeb832796935182aeff80bb03cecc5465c8cf3aaccbd446acd,86129966e4bc55fac18f2d7602a2309d4403f85861102128a56a80a5a0ccc1ea,657ce807e02b189737f27e35ff09a78753d5cd63eaeea6355b0c0e6e3b855bf8
source-identity-declaration-20260808T051008+0800-7cf99a5ed6b9,ZI-21ac823fa28df5c1e70a4664,DS-000154,候选数据文件,BTC,4小时;8小时;24小时;48小时,15分钟;1小时,未知,未知,未知,未知,未知,未知,未知,未知,未知,未登记,无,config/数据/来源身份声明补采.json#身份声明[],f9cf6f2a34762867a443c0a0366a7fd63f6eb254ce171133707efd3aa521c683,ee9e0ae362a297ec3bf7aa435152701795b513a1aff9467f7d54516156653425,9e9aeb1cd8dae51e446f83370f344a25cea9e53fd13366073c03d249cc438238,未知,b3a1fc5ec72ad95e258b584f936ad46befab951e0ee9e43eaa18179e34974387,无法判定,FILE_STAT_OBSERVED_IDENTITY_UNPROVEN,本批次只读；若声明、输入、Schema或授权漂移，既有结论自动失效并须追加新批次,未读取业务正文、价格、成交、订单簿、账户或凭据；身份字段不完整,为该成员提供当前版本九字段声明及逐字段Schema、授权和唯一证据定位后追加不可变批次,2d50c1344a835ceeb832796935182aeff80bb03cecc5465c8cf3aaccbd446acd,86129966e4bc55fac18f2d7602a2309d4403f85861102128a56a80a5a0ccc1ea,603f5abba589910d7a83405b0d1852e4da640c13b20fa6de718abc7ce3374ad5
source-identity-declaration-20260808T051008+0800-7cf99a5ed6b9,ZI-cdad1cc147a20a41f7f2ee26,DS-000155,候选数据文件,BTC,4小时;8小时;24小时;48小时,15分钟;1小时,未知,未知,未知,未知,未知,未知,未知,未知,未知,未登记,无,config/数据/来源身份声明补采.json#身份声明[],f9cf6f2a34762867a443c0a0366a7fd63f6eb254ce171133707efd3aa521c683,6f2aca25eaf8f6fd1197fd066869629e61faf4077b6408d812252f2149ddc42f,1e6c230a58eaa438dcb3e183f507aa42230a73c7df9d67f784d606bb4ec6f622,未知,b3a1fc5ec72ad95e258b584f936ad46befab951e0ee9e43eaa18179e34974387,无法判定,FILE_STAT_OBSERVED_IDENTITY_UNPROVEN,本批次只读；若声明、输入、Schema或授权漂移，既有结论自动失效并须追加新批次,未读取业务正文、价格、成交、订单簿、账户或凭据；身份字段不完整,为该成员提供当前版本九字段声明及逐字段Schema、授权和唯一证据定位后追加不可变批次,2d50c1344a835ceeb832796935182aeff80bb03cecc5465c8cf3aaccbd446acd,86129966e4bc55fac18f2d7602a2309d4403f85861102128a56a80a5a0ccc1ea,ad25ca42308460b368520c11c63c70ca5676845f3bade75b0df9b82e84631493
source-identity-declaration-20260808T051008+0800-7cf99a5ed6b9,ZI-6939ba155854862e518e6009,DS-000156,候选数据文件,BTC,4小时;8小时;24小时;48小时,15分钟;1小时,未知,未知,未知,未知,未知,未知,未知,未知,未知,未登记,无,config/数据/来源身份声明补采.json#身份声明[],f9cf6f2a34762867a443c0a0366a7fd63f6eb254ce171133707efd3aa521c683,a72715813de459c323b00c15154ac684ead7ae93d24f420a1fafec5468fa83e7,dcce43d13d18d38acf10f20158a8f39618013cbe1cf5d78e28d03985bb4f5c9c,未知,b3a1fc5ec72ad95e258b584f936ad46befab951e0ee9e43eaa18179e34974387,无法判定,FILE_STAT_OBSERVED_IDENTITY_UNPROVEN,本批次只读；若声明、输入、Schema或授权漂移，既有结论自动失效并须追加新批次,未读取业务正文、价格、成交、订单簿、账户或凭据；身份字段不完整,为该成员提供当前版本九字段声明及逐字段Schema、授权和唯一证据定位后追加不可变批次,2d50c1344a835ceeb832796935182aeff80bb03cecc5465c8cf3aaccbd446acd,86129966e4bc55fac18f2d7602a2309d4403f85861102128a56a80a5a0ccc1ea,81bfc7db307d4d8eccc0d98fd4d0a9f09054d8799a3c87bfa981a74103b83927
source-identity-declaration-20260808T051008+0800-7cf99a5ed6b9,ZI-94557927f00d78aaf5722db0,DS-000157,候选数据文件,BTC,4小时;8小时;24小时;48小时,15分钟;1小时,未知,未知,未知,未知,未知,未知,未知,未知,未知,未登记,无,config/数据/来源身份声明补采.json#身份声明[],f9cf6f2a34762867a443c0a0366a7fd63f6eb254ce171133707efd3aa521c683,6eda5591fc0c247a607d37e4cdf6c45a53d77565384aa87932c05f3fdc45535c,cfc50dbc800e42763d228a343b77b0a46832ab7484088a47d1d00652d6679489,未知,b3a1fc5ec72ad95e258b584f936ad46befab951e0ee9e43eaa18179e34974387,无法判定,FILE_STAT_OBSERVED_IDENTITY_UNPROVEN,本批次只读；若声明、输入、Schema或授权漂移，既有结论自动失效并须追加新批次,未读取业务正文、价格、成交、订单簿、账户或凭据；身份字段不完整,为该成员提供当前版本九字段声明及逐字段Schema、授权和唯一证据定位后追加不可变批次,2d50c1344a835ceeb832796935182aeff80bb03cecc5465c8cf3aaccbd446acd,86129966e4bc55fac18f2d7602a2309d4403f85861102128a56a80a5a0ccc1ea,b44820a209eff64832ac91d3097f168e6d2dc0cb6ade9a951747659faa527b5b
source-identity-declaration-20260808T051008+0800-7cf99a5ed6b9,ZI-7617512dc642e8f9c0fc1dfc,DS-000158,候选数据文件,BTC,4小时;8小时;24小时;48小时,15分钟;1小时,未知,未知,未知,未知,未知,未知,未知,未知,未知,未登记,无,config/数据/来源身份声明补采.json#身份声明[],f9cf6f2a34762867a443c0a0366a7fd63f6eb254ce171133707efd3aa521c683,72f486a70d9704d448d87595639e86f5186ef95992b2c4885e6b2b8b853a9d1a,c0d56db7a8cd51b714c2ccf5a2917efb4ba24594d0ec056d883eba7335c1fde4,未知,b3a1fc5ec72ad95e258b584f936ad46befab951e0ee9e43eaa18179e34974387,无法判定,FILE_STAT_OBSERVED_IDENTITY_UNPROVEN,本批次只读；若声明、输入、Schema或授权漂移，既有结论自动失效并须追加新批次,未读取业务正文、价格、成交、订单簿、账户或凭据；身份字段不完整,为该成员提供当前版本九字段声明及逐字段Schema、授权和唯一证据定位后追加不可变批次,2d50c1344a835ceeb832796935182aeff80bb03cecc5465c8cf3aaccbd446acd,86129966e4bc55fac18f2d7602a2309d4403f85861102128a56a80a5a0ccc1ea,bf336bae46db3b468b6ebd1c5a3c78686c7b43a8ef6b418d4c4e304069df95f6
source-identity-declaration-20260808T051008+0800-7cf99a5ed6b9,ZI-e4239ea33b886b3a8126a033,DS-000159,候选数据文件,BTC,4小时;8小时;24小时;48小时,15分钟;1小时,未知,未知,未知,未知,未知,未知,未知,未知,未知,未登记,无,config/数据/来源身份声明补采.json#身份声明[],f9cf6f2a34762867a443c0a0366a7fd63f6eb254ce171133707efd3aa521c683,3542d314315b3e35751cb209f4c796189b505af0f86578c853de6478c418adba,c0d294afed3dc4f62621cdf0991d928a09464de5948ca639d064da170ed873ca,未知,b3a1fc5ec72ad95e258b584f936ad46befab951e0ee9e43eaa18179e34974387,无法判定,FILE_STAT_OBSERVED_IDENTITY_UNPROVEN,本批次只读；若声明、输入、Schema或授权漂移，既有结论自动失效并须追加新批次,未读取业务正文、价格、成交、订单簿、账户或凭据；身份字段不完整,为该成员提供当前版本九字段声明及逐字段Schema、授权和唯一证据定位后追加不可变批次,2d50c1344a835ceeb832796935182aeff80bb03cecc5465c8cf3aaccbd446acd,86129966e4bc55fac18f2d7602a2309d4403f85861102128a56a80a5a0ccc1ea,898e22e5da7bf48076428f46404a96ee114ab5617b38b8dc31bf0abc1739b5c0
source-identity-declaration-20260808T051008+0800-7cf99a5ed6b9,ZI-f6ab3dfe71d4fa1f19c5dc34,DS-000160,候选数据文件,BTC,4小时;8小时;24小时;48小时,15分钟;1小时,未知,未知,未知,未知,未知,未知,未知,未知,未知,未登记,无,config/数据/来源身份声明补采.json#身份声明[],f9cf6f2a34762867a443c0a0366a7fd63f6eb254ce171133707efd3aa521c683,d7aa39396e7a11768826401789432108e5ab65f5340646b4925cc6bb9bf83dfb,a0ad347af77aa82e8e07e314c8c6719f2d02e94150ab18124b7aa81a425c5d45,未知,b3a1fc5ec72ad95e258b584f936ad46befab951e0ee9e43eaa18179e34974387,无法判定,FILE_STAT_OBSERVED_IDENTITY_UNPROVEN,本批次只读；若声明、输入、Schema或授权漂移，既有结论自动失效并须追加新批次,未读取业务正文、价格、成交、订单簿、账户或凭据；身份字段不完整,为该成员提供当前版本九字段声明及逐字段Schema、授权和唯一证据定位后追加不可变批次,2d50c1344a835ceeb832796935182aeff80bb03cecc5465c8cf3aaccbd446acd,86129966e4bc55fac18f2d7602a2309d4403f85861102128a56a80a5a0ccc1ea,df1ad3b6e7365b828d4aad8b865874e1b1410b02e5c277512ff6c0b912a5b721
source-identity-declaration-20260808T051008+0800-7cf99a5ed6b9,ZI-d9887ba0784f6c2473f97059,DS-000161,候选数据文件,BTC,4小时;8小时;24小时;48小时,15分钟;1小时,未知,未知,未知,未知,未知,未知,未知,未知,未知,未登记,无,config/数据/来源身份声明补采.json#身份声明[],f9cf6f2a34762867a443c0a0366a7fd63f6eb254ce171133707efd3aa521c683,ec01d645a01d99926ec9405f77b33b2cb182ca4135cfdfeeadee39f80bdbeab5,dc9ac80131204fdaf9eb80e86b459252b4ccadd49e3233c98d0932a0a8d3b3a0,未知,b3a1fc5ec72ad95e258b584f936ad46befab951e0ee9e43eaa18179e34974387,无法判定,FILE_STAT_OBSERVED_IDENTITY_UNPROVEN,本批次只读；若声明、输入、Schema或授权漂移，既有结论自动失效并须追加新批次,未读取业务正文、价格、成交、订单簿、账户或凭据；身份字段不完整,为该成员提供当前版本九字段声明及逐字段Schema、授权和唯一证据定位后追加不可变批次,2d50c1344a835ceeb832796935182aeff80bb03cecc5465c8cf3aaccbd446acd,86129966e4bc55fac18f2d7602a2309d4403f85861102128a56a80a5a0ccc1ea,619d32647a7667693b517a92ef27166f56135be23cac95bcdd96f67eadd85224
source-identity-declaration-20260808T051008+0800-7cf99a5ed6b9,ZI-455991cb8b0b7e308ee383e8,DS-000162,候选数据文件,BTC,4小时;8小时;24小时;48小时,15分钟;1小时,未知,未知,未知,未知,未知,未知,未知,未知,未知,未登记,无,config/数据/来源身份声明补采.json#身份声明[],f9cf6f2a34762867a443c0a0366a7fd63f6eb254ce171133707efd3aa521c683,8bcd4a1f32df538b6b79746044da34ee5f0dd05800d6484cd0ba9601ce36ca5e,4539a9b5b7b96a6535417bdb1e909c2339da59b04d9c3eb84a59ed1b72a6e46d,未知,b3a1fc5ec72ad95e258b584f936ad46befab951e0ee9e43eaa18179e34974387,无法判定,FILE_STAT_OBSERVED_IDENTITY_UNPROVEN,本批次只读；若声明、输入、Schema或授权漂移，既有结论自动失效并须追加新批次,未读取业务正文、价格、成交、订单簿、账户或凭据；身份字段不完整,为该成员提供当前版本九字段声明及逐字段Schema、授权和唯一证据定位后追加不可变批次,2d50c1344a835ceeb832796935182aeff80bb03cecc5465c8cf3aaccbd446acd,86129966e4bc55fac18f2d7602a2309d4403f85861102128a56a80a5a0ccc1ea,5b1d2dddfa81cff48f1ffe571e02a804697ac65e296999990cab956fe83c8edd
source-identity-declaration-20260808T051008+0800-7cf99a5ed6b9,ZI-d66eff48ef4c87b84424c5f3,DS-000163,候选数据文件,BTC,4小时;8小时;24小时;48小时,15分钟;1小时,未知,未知,未知,未知,未知,未知,未知,未知,未知,未登记,无,config/数据/来源身份声明补采.json#身份声明[],f9cf6f2a34762867a443c0a0366a7fd63f6eb254ce171133707efd3aa521c683,752b82b872a799d4af7a2c30cdbe801cc698881ef471389e897662c027aa4d11,5122f735e57d5cdbf919ac937da2bdf1d073a6e477fea5f07c16807ef62ce290,未知,b3a1fc5ec72ad95e258b584f936ad46befab951e0ee9e43eaa18179e34974387,无法判定,FILE_STAT_OBSERVED_IDENTITY_UNPROVEN,本批次只读；若声明、输入、Schema或授权漂移，既有结论自动失效并须追加新批次,未读取业务正文、价格、成交、订单簿、账户或凭据；身份字段不完整,为该成员提供当前版本九字段声明及逐字段Schema、授权和唯一证据定位后追加不可变批次,2d50c1344a835ceeb832796935182aeff80bb03cecc5465c8cf3aaccbd446acd,86129966e4bc55fac18f2d7602a2309d4403f85861102128a56a80a5a0ccc1ea,ac673365f2ff72b9fd4d0f60403186a9166b6b509b9079b12ab202709560e780
source-identity-declaration-20260808T051008+0800-7cf99a5ed6b9,ZI-17947f8323f81e7134b3ea1c,DS-000164,候选数据文件,BTC,4小时;8小时;24小时;48小时,15分钟;1小时,未知,未知,未知,未知,未知,未知,未知,未知,未知,未登记,无,config/数据/来源身份声明补采.json#身份声明[],f9cf6f2a34762867a443c0a0366a7fd63f6eb254ce171133707efd3aa521c683,cb3f2cfa1431a5e9847c70b5630e69fb57a0b38a928b2348486398c485d9bae6,3cb00e451782a8e18c8fa701abca54261b37770aa105bfbfc49de70477a8c519,未知,b3a1fc5ec72ad95e258b584f936ad46befab951e0ee9e43eaa18179e34974387,拒绝,INPUT_MEMBER_REJECTED,本批次只读；若声明、输入、Schema或授权漂移，既有结论自动失效并须追加新批次,未读取业务正文、价格、成交、订单簿、账户或凭据；身份字段不完整,为该成员提供当前版本九字段声明及逐字段Schema、授权和唯一证据定位后追加不可变批次,2d50c1344a835ceeb832796935182aeff80bb03cecc5465c8cf3aaccbd446acd,86129966e4bc55fac18f2d7602a2309d4403f85861102128a56a80a5a0ccc1ea,2af62ff7b888e694cfc02f566cc2af0d4c33efb0af05fbcdb5f77f3cf573aa7f
source-identity-declaration-20260808T051008+0800-7cf99a5ed6b9,ZI-f26abf407f8b04d24370113f,DS-000165,候选数据文件,BTC,4小时;8小时;24小时;48小时,15分钟;1小时,未知,未知,未知,未知,未知,未知,未知,未知,未知,未登记,无,config/数据/来源身份声明补采.json#身份声明[],f9cf6f2a34762867a443c0a0366a7fd63f6eb254ce171133707efd3aa521c683,c3e43bdaf00cb3c1f31558af9d95c281dcf7b02f513783e1b2d81801c988131b,5ab2d649df5401c8fae6ad9c39cc82b2e883477d2cbaa9e60c4cb5254c47d82e,未知,b3a1fc5ec72ad95e258b584f936ad46befab951e0ee9e43eaa18179e34974387,无法判定,FILE_STAT_OBSERVED_IDENTITY_UNPROVEN,本批次只读；若声明、输入、Schema或授权漂移，既有结论自动失效并须追加新批次,未读取业务正文、价格、成交、订单簿、账户或凭据；身份字段不完整,为该成员提供当前版本九字段声明及逐字段Schema、授权和唯一证据定位后追加不可变批次,2d50c1344a835ceeb832796935182aeff80bb03cecc5465c8cf3aaccbd446acd,86129966e4bc55fac18f2d7602a2309d4403f85861102128a56a80a5a0ccc1ea,0882f221eaae54272d50e2ba47f30dc386b5c283ce00d7c5b975be66d307e9b5
source-identity-declaration-20260808T051008+0800-7cf99a5ed6b9,ZI-4b9d46c03dd6f781351926e4,DS-000166,候选数据文件,BTC,4小时;8小时;24小时;48小时,15分钟;1小时,未知,未知,未知,未知,未知,未知,未知,未知,未知,未登记,无,config/数据/来源身份声明补采.json#身份声明[],f9cf6f2a34762867a443c0a0366a7fd63f6eb254ce171133707efd3aa521c683,124c9805ad883e81114457ba70e09538f6482e40db071620d525d646cc62ca8e,425ef1f0e14d676b95f9708c9615aaf6c370601ce408f92ba11f2c193f0a3b6a,未知,b3a1fc5ec72ad95e258b584f936ad46befab951e0ee9e43eaa18179e34974387,无法判定,FILE_STAT_OBSERVED_IDENTITY_UNPROVEN,本批次只读；若声明、输入、Schema或授权漂移，既有结论自动失效并须追加新批次,未读取业务正文、价格、成交、订单簿、账户或凭据；身份字段不完整,为该成员提供当前版本九字段声明及逐字段Schema、授权和唯一证据定位后追加不可变批次,2d50c1344a835ceeb832796935182aeff80bb03cecc5465c8cf3aaccbd446acd,86129966e4bc55fac18f2d7602a2309d4403f85861102128a56a80a5a0ccc1ea,a9fadca3663f3ae1b85f33919b312adb5682b8b864bd036153fb54daa9e31ed6
source-identity-declaration-20260808T051008+0800-7cf99a5ed6b9,ZI-34dff9049f1d369afb466555,DS-000167,候选数据文件,BTC,4小时;8小时;24小时;48小时,15分钟;1小时,未知,未知,未知,未知,未知,未知,未知,未知,未知,未登记,无,config/数据/来源身份声明补采.json#身份声明[],f9cf6f2a34762867a443c0a0366a7fd63f6eb254ce171133707efd3aa521c683,21e4a941e92f073fd4e7b87229f307e3ce1d789f3cfef3dadf9038462b8a8c68,b32ca4def24cbf80869b56a463f100afc4c4670d4009b9a2d371aa974b0ffc46,未知,b3a1fc5ec72ad95e258b584f936ad46befab951e0ee9e43eaa18179e34974387,无法判定,FILE_STAT_OBSERVED_IDENTITY_UNPROVEN,本批次只读；若声明、输入、Schema或授权漂移，既有结论自动失效并须追加新批次,未读取业务正文、价格、成交、订单簿、账户或凭据；身份字段不完整,为该成员提供当前版本九字段声明及逐字段Schema、授权和唯一证据定位后追加不可变批次,2d50c1344a835ceeb832796935182aeff80bb03cecc5465c8cf3aaccbd446acd,86129966e4bc55fac18f2d7602a2309d4403f85861102128a56a80a5a0ccc1ea,4f56873d7ee1c9d3c1e0198679930d4f7386b6e4ec8a914ad65e5a02541409ca
source-identity-declaration-20260808T051008+0800-7cf99a5ed6b9,ZI-e55942224685f7d269286e18,DS-000168,候选数据文件,BTC,4小时;8小时;24小时;48小时,15分钟;1小时,未知,未知,未知,未知,未知,未知,未知,未知,未知,未登记,无,config/数据/来源身份声明补采.json#身份声明[],f9cf6f2a34762867a443c0a0366a7fd63f6eb254ce171133707efd3aa521c683,f8a62a522dbf19d9f77ac41019b29e0d5926d40fae094dc88dac45931309b6fa,42a7765fe79270f5d9d9041bee0173687625331f6828a396ba51a9e0c7bd7a64,未知,b3a1fc5ec72ad95e258b584f936ad46befab951e0ee9e43eaa18179e34974387,无法判定,FILE_STAT_OBSERVED_IDENTITY_UNPROVEN,本批次只读；若声明、输入、Schema或授权漂移，既有结论自动失效并须追加新批次,未读取业务正文、价格、成交、订单簿、账户或凭据；身份字段不完整,为该成员提供当前版本九字段声明及逐字段Schema、授权和唯一证据定位后追加不可变批次,2d50c1344a835ceeb832796935182aeff80bb03cecc5465c8cf3aaccbd446acd,86129966e4bc55fac18f2d7602a2309d4403f85861102128a56a80a5a0ccc1ea,23ea5fdd2efb7a1717fc3f2539ffc13fb59c52178742fee396532de6cd802bfb
source-identity-declaration-20260808T051008+0800-7cf99a5ed6b9,ZI-5a84cfbc430a960cd28000ec,DS-000169,候选数据文件,BTC,4小时;8小时;24小时;48小时,15分钟;1小时,未知,未知,未知,未知,未知,未知,未知,未知,未知,未登记,无,config/数据/来源身份声明补采.json#身份声明[],f9cf6f2a34762867a443c0a0366a7fd63f6eb254ce171133707efd3aa521c683,671abd7b1989a86c583e552837880726ae9a67b0aab16e05de13612a73d4ecdf,64140a4d03c3f2ce133bafa03730e3251680d29831565a5e34fb88aa4dbb47bd,未知,b3a1fc5ec72ad95e258b584f936ad46befab951e0ee9e43eaa18179e34974387,无法判定,FILE_STAT_OBSERVED_IDENTITY_UNPROVEN,本批次只读；若声明、输入、Schema或授权漂移，既有结论自动失效并须追加新批次,未读取业务正文、价格、成交、订单簿、账户或凭据；身份字段不完整,为该成员提供当前版本九字段声明及逐字段Schema、授权和唯一证据定位后追加不可变批次,2d50c1344a835ceeb832796935182aeff80bb03cecc5465c8cf3aaccbd446acd,86129966e4bc55fac18f2d7602a2309d4403f85861102128a56a80a5a0ccc1ea,321de75979955ad5480b18466be19ae1983ab39ccd71570fbf752b44c6f92254
source-identity-declaration-20260808T051008+0800-7cf99a5ed6b9,ZI-fb526a38ae5fd3aa09ae64ae,DS-000170,候选数据文件,BTC,4小时;8小时;24小时;48小时,15分钟;1小时,未知,未知,未知,未知,未知,未知,未知,未知,未知,未登记,无,config/数据/来源身份声明补采.json#身份声明[],f9cf6f2a34762867a443c0a0366a7fd63f6eb254ce171133707efd3aa521c683,9880223dc66afea86d19de7288fac597977eb9007513637dd141df6bbb558cf1,06c11f3ab701a0a19c9cabcb319024670f0e5b7b29d0f92693f2b4753cda4a41,未知,b3a1fc5ec72ad95e258b584f936ad46befab951e0ee9e43eaa18179e34974387,无法判定,FILE_STAT_OBSERVED_IDENTITY_UNPROVEN,本批次只读；若声明、输入、Schema或授权漂移，既有结论自动失效并须追加新批次,未读取业务正文、价格、成交、订单簿、账户或凭据；身份字段不完整,为该成员提供当前版本九字段声明及逐字段Schema、授权和唯一证据定位后追加不可变批次,2d50c1344a835ceeb832796935182aeff80bb03cecc5465c8cf3aaccbd446acd,86129966e4bc55fac18f2d7602a2309d4403f85861102128a56a80a5a0ccc1ea,c5610f5ebfbad1c00828edebb883c907f061004357cd16e42b2d988043aabe3c
source-identity-declaration-20260808T051008+0800-7cf99a5ed6b9,ZI-7d429d1f623c63bbc6f1ef8e,DS-000171,候选数据文件,BTC,4小时;8小时;24小时;48小时,15分钟;1小时,未知,未知,未知,未知,未知,未知,未知,未知,未知,未登记,无,config/数据/来源身份声明补采.json#身份声明[],f9cf6f2a34762867a443c0a0366a7fd63f6eb254ce171133707efd3aa521c683,bafa83fba181792f378cb580dcfa6120abaf40fd3a0e15b52ee8bb9850b1d7c1,67422e259cca1b04fc2e9b955c788220d84b86ba4a9a45f4535eb0ff03cdd0be,未知,b3a1fc5ec72ad95e258b584f936ad46befab951e0ee9e43eaa18179e34974387,无法判定,FILE_STAT_OBSERVED_IDENTITY_UNPROVEN,本批次只读；若声明、输入、Schema或授权漂移，既有结论自动失效并须追加新批次,未读取业务正文、价格、成交、订单簿、账户或凭据；身份字段不完整,为该成员提供当前版本九字段声明及逐字段Schema、授权和唯一证据定位后追加不可变批次,2d50c1344a835ceeb832796935182aeff80bb03cecc5465c8cf3aaccbd446acd,86129966e4bc55fac18f2d7602a2309d4403f85861102128a56a80a5a0ccc1ea,ce717f32450a739a6d03d5fade83278d2228229dc6b174dcbeb0ae15e0d9bccf
source-identity-declaration-20260808T051008+0800-7cf99a5ed6b9,ZI-aac1bb06a6b99207067ded53,DS-000172,候选数据文件,BTC,4小时;8小时;24小时;48小时,15分钟;1小时,未知,未知,未知,未知,未知,未知,未知,未知,未知,未登记,无,config/数据/来源身份声明补采.json#身份声明[],f9cf6f2a34762867a443c0a0366a7fd63f6eb254ce171133707efd3aa521c683,eb688bbf8774884808324cb917637b38b808edcce9636716f36c0c73a0bb1a70,d07e0a7ee6d5042ac739192da37870e05d496f400febfcedf4ebd8c4cf0d8d9f,未知,b3a1fc5ec72ad95e258b584f936ad46befab951e0ee9e43eaa18179e34974387,无法判定,FILE_STAT_OBSERVED_IDENTITY_UNPROVEN,本批次只读；若声明、输入、Schema或授权漂移，既有结论自动失效并须追加新批次,未读取业务正文、价格、成交、订单簿、账户或凭据；身份字段不完整,为该成员提供当前版本九字段声明及逐字段Schema、授权和唯一证据定位后追加不可变批次,2d50c1344a835ceeb832796935182aeff80bb03cecc5465c8cf3aaccbd446acd,86129966e4bc55fac18f2d7602a2309d4403f85861102128a56a80a5a0ccc1ea,4a5ac8a0012ecdf2dd02340f280770d1a3a5631cc867384c1423015fd2c09713
source-identity-declaration-20260808T051008+0800-7cf99a5ed6b9,ZI-fa106fa26030d60d8965c34b,DS-000173,候选数据文件,BTC,4小时;8小时;24小时;48小时,15分钟;1小时,未知,未知,未知,未知,未知,未知,未知,未知,未知,未登记,无,config/数据/来源身份声明补采.json#身份声明[],f9cf6f2a34762867a443c0a0366a7fd63f6eb254ce171133707efd3aa521c683,a06211053ef3792fd50827071a13e367103be5199d7b34c0e41b19e742bec238,57453db45728268e6923997ba51f41f2f867983d59daa2cf1670e949dfd12cf1,未知,b3a1fc5ec72ad95e258b584f936ad46befab951e0ee9e43eaa18179e34974387,无法判定,FILE_STAT_OBSERVED_IDENTITY_UNPROVEN,本批次只读；若声明、输入、Schema或授权漂移，既有结论自动失效并须追加新批次,未读取业务正文、价格、成交、订单簿、账户或凭据；身份字段不完整,为该成员提供当前版本九字段声明及逐字段Schema、授权和唯一证据定位后追加不可变批次,2d50c1344a835ceeb832796935182aeff80bb03cecc5465c8cf3aaccbd446acd,86129966e4bc55fac18f2d7602a2309d4403f85861102128a56a80a5a0ccc1ea,15b004e558ddd3b6681bf3591b06707a5e9ebf7584ccd5c13e340885514114e0
source-identity-declaration-20260808T051008+0800-7cf99a5ed6b9,ZI-a395eafdee634d105fbc037f,DS-000174,候选数据文件,BTC,4小时;8小时;24小时;48小时,15分钟;1小时,未知,未知,未知,未知,未知,未知,未知,未知,未知,未登记,无,config/数据/来源身份声明补采.json#身份声明[],f9cf6f2a34762867a443c0a0366a7fd63f6eb254ce171133707efd3aa521c683,24bff6b100446afade335ff88ab048b5c675d812f75e01549793cae7f257d97f,d4ed36abec68f8d6a67d789033c5008ec8584efd7056db02d58414f52cbaf72e,未知,b3a1fc5ec72ad95e258b584f936ad46befab951e0ee9e43eaa18179e34974387,无法判定,FILE_STAT_OBSERVED_IDENTITY_UNPROVEN,本批次只读；若声明、输入、Schema或授权漂移，既有结论自动失效并须追加新批次,未读取业务正文、价格、成交、订单簿、账户或凭据；身份字段不完整,为该成员提供当前版本九字段声明及逐字段Schema、授权和唯一证据定位后追加不可变批次,2d50c1344a835ceeb832796935182aeff80bb03cecc5465c8cf3aaccbd446acd,86129966e4bc55fac18f2d7602a2309d4403f85861102128a56a80a5a0ccc1ea,0719cebab5f187203674b95b7b2e3b02f02fd7e3f35dccf41db34cfa63ffd525
source-identity-declaration-20260808T051008+0800-7cf99a5ed6b9,ZI-1152bffa2435f07af09dc124,DS-000175,候选数据文件,BTC,4小时;8小时;24小时;48小时,15分钟;1小时,未知,未知,未知,未知,未知,未知,未知,未知,未知,未登记,无,config/数据/来源身份声明补采.json#身份声明[],f9cf6f2a34762867a443c0a0366a7fd63f6eb254ce171133707efd3aa521c683,e69a513ac7621ea835192801bdc3809e04d75239d3d02150790c2b4feb89c14f,c8ba328fe34ff33535d3e5978355d5522fa520e33a49751b7e6f92c955992068,未知,b3a1fc5ec72ad95e258b584f936ad46befab951e0ee9e43eaa18179e34974387,无法判定,FILE_STAT_OBSERVED_IDENTITY_UNPROVEN,本批次只读；若声明、输入、Schema或授权漂移，既有结论自动失效并须追加新批次,未读取业务正文、价格、成交、订单簿、账户或凭据；身份字段不完整,为该成员提供当前版本九字段声明及逐字段Schema、授权和唯一证据定位后追加不可变批次,2d50c1344a835ceeb832796935182aeff80bb03cecc5465c8cf3aaccbd446acd,86129966e4bc55fac18f2d7602a2309d4403f85861102128a56a80a5a0ccc1ea,c53940ef329be86a3512781c29c69528cc3dc861393591fd79dac1f91cccbe45
source-identity-declaration-20260808T051008+0800-7cf99a5ed6b9,ZI-a9f305697de0c752d67de6f9,DS-000176,候选数据文件,BTC,4小时;8小时;24小时;48小时,15分钟;1小时,未知,未知,未知,未知,未知,未知,未知,未知,未知,未登记,无,config/数据/来源身份声明补采.json#身份声明[],f9cf6f2a34762867a443c0a0366a7fd63f6eb254ce171133707efd3aa521c683,90ebfb0f32228dabe4d3c3d6fffddbe5c46cd9db2008dc26dc4e6f6040d4413c,729406489518efc8a2e6bbe9d0e47b963e7efe3b72bf6ef8f768bc2937feab33,未知,b3a1fc5ec72ad95e258b584f936ad46befab951e0ee9e43eaa18179e34974387,无法判定,FILE_STAT_OBSERVED_IDENTITY_UNPROVEN,本批次只读；若声明、输入、Schema或授权漂移，既有结论自动失效并须追加新批次,未读取业务正文、价格、成交、订单簿、账户或凭据；身份字段不完整,为该成员提供当前版本九字段声明及逐字段Schema、授权和唯一证据定位后追加不可变批次,2d50c1344a835ceeb832796935182aeff80bb03cecc5465c8cf3aaccbd446acd,86129966e4bc55fac18f2d7602a2309d4403f85861102128a56a80a5a0ccc1ea,0c55468b90f882ae520ac9d885e6ded49a642a03f29028145cf5b29a503a9f02
source-identity-declaration-20260808T051008+0800-7cf99a5ed6b9,ZI-3738394efd413b3002a00a2c,DS-000177,候选数据文件,BTC,4小时;8小时;24小时;48小时,15分钟;1小时,未知,未知,未知,未知,未知,未知,未知,未知,未知,未登记,无,config/数据/来源身份声明补采.json#身份声明[],f9cf6f2a34762867a443c0a0366a7fd63f6eb254ce171133707efd3aa521c683,2f8df68ac997b3bf050617e476702d5c601fa659f1895ee84cfbf15371917e1d,c88b1c298da866175fb79b2194cec184630dc74a610af3dd76130301feebf889,未知,b3a1fc5ec72ad95e258b584f936ad46befab951e0ee9e43eaa18179e34974387,无法判定,FILE_STAT_OBSERVED_IDENTITY_UNPROVEN,本批次只读；若声明、输入、Schema或授权漂移，既有结论自动失效并须追加新批次,未读取业务正文、价格、成交、订单簿、账户或凭据；身份字段不完整,为该成员提供当前版本九字段声明及逐字段Schema、授权和唯一证据定位后追加不可变批次,2d50c1344a835ceeb832796935182aeff80bb03cecc5465c8cf3aaccbd446acd,86129966e4bc55fac18f2d7602a2309d4403f85861102128a56a80a5a0ccc1ea,8fa0fb0894edd5abe1a5b8f1bab9afcfae617554e4d47cfb0bf9ac93d7db0da2
source-identity-declaration-20260808T051008+0800-7cf99a5ed6b9,ZI-46362304247211436445a671,DS-000178,候选数据文件,BTC,4小时;8小时;24小时;48小时,15分钟;1小时,未知,未知,未知,未知,未知,未知,未知,未知,未知,未登记,无,config/数据/来源身份声明补采.json#身份声明[],f9cf6f2a34762867a443c0a0366a7fd63f6eb254ce171133707efd3aa521c683,2be772033a825d5db28b7b4ec5e1ea9930f0b1b0b4d08440e6d7ea2e764aad5b,868cc6255be207b50f3bef0d42ed58c5b1b0b7238ad0b894444b9f915960ad72,未知,b3a1fc5ec72ad95e258b584f936ad46befab951e0ee9e43eaa18179e34974387,无法判定,FILE_STAT_OBSERVED_IDENTITY_UNPROVEN,本批次只读；若声明、输入、Schema或授权漂移，既有结论自动失效并须追加新批次,未读取业务正文、价格、成交、订单簿、账户或凭据；身份字段不完整,为该成员提供当前版本九字段声明及逐字段Schema、授权和唯一证据定位后追加不可变批次,2d50c1344a835ceeb832796935182aeff80bb03cecc5465c8cf3aaccbd446acd,86129966e4bc55fac18f2d7602a2309d4403f85861102128a56a80a5a0ccc1ea,56a8cb82557ed96ddbdd5a5f50421bed5e56cf33928dd739a5ce2d2a38624701
source-identity-declaration-20260808T051008+0800-7cf99a5ed6b9,ZI-b69c1e9048e918566ceefa22,DS-000179,候选数据文件,BTC,4小时;8小时;24小时;48小时,15分钟;1小时,未知,未知,未知,未知,未知,未知,未知,未知,未知,未登记,无,config/数据/来源身份声明补采.json#身份声明[],f9cf6f2a34762867a443c0a0366a7fd63f6eb254ce171133707efd3aa521c683,6bc774ebf31ea4bc26f9986dd2196dd92683949fa9b59523e75b9a8d0ed2bf93,ae134fd87eb325ff1438510798ed1539980091594d41393e5108d6130774c51f,未知,b3a1fc5ec72ad95e258b584f936ad46befab951e0ee9e43eaa18179e34974387,无法判定,FILE_STAT_OBSERVED_IDENTITY_UNPROVEN,本批次只读；若声明、输入、Schema或授权漂移，既有结论自动失效并须追加新批次,未读取业务正文、价格、成交、订单簿、账户或凭据；身份字段不完整,为该成员提供当前版本九字段声明及逐字段Schema、授权和唯一证据定位后追加不可变批次,2d50c1344a835ceeb832796935182aeff80bb03cecc5465c8cf3aaccbd446acd,86129966e4bc55fac18f2d7602a2309d4403f85861102128a56a80a5a0ccc1ea,3cf243fc896c557af364407c99203a86d40b218cbd3a497d460de64d88c8c111
source-identity-declaration-20260808T051008+0800-7cf99a5ed6b9,ZI-d64a2f2a8cd520c712ce9c8f,DS-000180,候选数据文件,BTC,4小时;8小时;24小时;48小时,15分钟;1小时,未知,未知,未知,未知,未知,未知,未知,未知,未知,未登记,无,config/数据/来源身份声明补采.json#身份声明[],f9cf6f2a34762867a443c0a0366a7fd63f6eb254ce171133707efd3aa521c683,b6118ed137c406348410af6e4eaeb8261a9eb3235fe2ad89f4ca2a4bea3b0a27,d0b28f9cd3ddf5e79fd34d751e829201730b794b2382c06b43f2f9472e56c758,未知,b3a1fc5ec72ad95e258b584f936ad46befab951e0ee9e43eaa18179e34974387,无法判定,FILE_STAT_OBSERVED_IDENTITY_UNPROVEN,本批次只读；若声明、输入、Schema或授权漂移，既有结论自动失效并须追加新批次,未读取业务正文、价格、成交、订单簿、账户或凭据；身份字段不完整,为该成员提供当前版本九字段声明及逐字段Schema、授权和唯一证据定位后追加不可变批次,2d50c1344a835ceeb832796935182aeff80bb03cecc5465c8cf3aaccbd446acd,86129966e4bc55fac18f2d7602a2309d4403f85861102128a56a80a5a0ccc1ea,3bc45f5c7bdae29b9283f4bb46cf7c565d63b2c95b6c916932c197a3225fcf57
source-identity-declaration-20260808T051008+0800-7cf99a5ed6b9,ZI-bce9dfb54e2ed9b7f18d9b14,DS-000181,候选数据文件,BTC,4小时;8小时;24小时;48小时,15分钟;1小时,未知,未知,未知,未知,未知,未知,未知,未知,未知,未登记,无,config/数据/来源身份声明补采.json#身份声明[],f9cf6f2a34762867a443c0a0366a7fd63f6eb254ce171133707efd3aa521c683,1fe6ac4a775c05280ed26b8f8853a6ac1a22125ef106286be954feedba32abf5,98cdcabb4d1ed830512e11ce47502ddfc451e75fc72e85453cc9675e01da5d66,未知,b3a1fc5ec72ad95e258b584f936ad46befab951e0ee9e43eaa18179e34974387,无法判定,FILE_STAT_OBSERVED_IDENTITY_UNPROVEN,本批次只读；若声明、输入、Schema或授权漂移，既有结论自动失效并须追加新批次,未读取业务正文、价格、成交、订单簿、账户或凭据；身份字段不完整,为该成员提供当前版本九字段声明及逐字段Schema、授权和唯一证据定位后追加不可变批次,2d50c1344a835ceeb832796935182aeff80bb03cecc5465c8cf3aaccbd446acd,86129966e4bc55fac18f2d7602a2309d4403f85861102128a56a80a5a0ccc1ea,3e914cd6947c749354232d50b323dd4b76a2e35df4c7419488b5036c1037ff07
source-identity-declaration-20260808T051008+0800-7cf99a5ed6b9,ZI-2f48d5457582bdd23668ba24,DS-000182,候选数据文件,BTC,4小时;8小时;24小时;48小时,15分钟;1小时,未知,未知,未知,未知,未知,未知,未知,未知,未知,未登记,无,config/数据/来源身份声明补采.json#身份声明[],f9cf6f2a34762867a443c0a0366a7fd63f6eb254ce171133707efd3aa521c683,a74ec65bcc7369875747ed975605f401086ff589062f54356d0d9950115c7de9,7113513395262e2987cab046620a1c487f95326b909b339facca75cc82a403e0,未知,b3a1fc5ec72ad95e258b584f936ad46befab951e0ee9e43eaa18179e34974387,无法判定,FILE_STAT_OBSERVED_IDENTITY_UNPROVEN,本批次只读；若声明、输入、Schema或授权漂移，既有结论自动失效并须追加新批次,未读取业务正文、价格、成交、订单簿、账户或凭据；身份字段不完整,为该成员提供当前版本九字段声明及逐字段Schema、授权和唯一证据定位后追加不可变批次,2d50c1344a835ceeb832796935182aeff80bb03cecc5465c8cf3aaccbd446acd,86129966e4bc55fac18f2d7602a2309d4403f85861102128a56a80a5a0ccc1ea,4999577bfcf1c4796c5913347f8d4466fcbb81eac5d5efbf5897f323ed28f08b
source-identity-declaration-20260808T051008+0800-7cf99a5ed6b9,ZI-7c30f1c32268b00fa252bf6c,DS-000183,候选数据文件,BTC,4小时;8小时;24小时;48小时,15分钟;1小时,未知,未知,未知,未知,未知,未知,未知,未知,未知,未登记,无,config/数据/来源身份声明补采.json#身份声明[],f9cf6f2a34762867a443c0a0366a7fd63f6eb254ce171133707efd3aa521c683,5bd5cdb50b22e563541c34884cc493910fe803c5d4b9545de146de4b4433eedb,f139a1df28d33333f0b39af9df014fe4cb5dd89214d2c48a3c23b25ae134670e,未知,b3a1fc5ec72ad95e258b584f936ad46befab951e0ee9e43eaa18179e34974387,无法判定,FILE_STAT_OBSERVED_IDENTITY_UNPROVEN,本批次只读；若声明、输入、Schema或授权漂移，既有结论自动失效并须追加新批次,未读取业务正文、价格、成交、订单簿、账户或凭据；身份字段不完整,为该成员提供当前版本九字段声明及逐字段Schema、授权和唯一证据定位后追加不可变批次,2d50c1344a835ceeb832796935182aeff80bb03cecc5465c8cf3aaccbd446acd,86129966e4bc55fac18f2d7602a2309d4403f85861102128a56a80a5a0ccc1ea,064b37807dcd5ae562ec23966e290c652ce658fe27204c1f7e81b73fb6c08f1c
source-identity-declaration-20260808T051008+0800-7cf99a5ed6b9,ZI-c39244d5fbd3833d648c5a53,DS-000184,候选数据文件,BTC,4小时;8小时;24小时;48小时,15分钟;1小时,未知,未知,未知,未知,未知,未知,未知,未知,未知,未登记,无,config/数据/来源身份声明补采.json#身份声明[],f9cf6f2a34762867a443c0a0366a7fd63f6eb254ce171133707efd3aa521c683,ae7b53abea94ebb15ee07ac54328eacafce104a7821261b0f92cdc259136945c,5ed710c89dfdbcf20bfcf66dcfb0e5e218596b25f14526eb25ff80338b384b56,未知,b3a1fc5ec72ad95e258b584f936ad46befab951e0ee9e43eaa18179e34974387,无法判定,FILE_STAT_OBSERVED_IDENTITY_UNPROVEN,本批次只读；若声明、输入、Schema或授权漂移，既有结论自动失效并须追加新批次,未读取业务正文、价格、成交、订单簿、账户或凭据；身份字段不完整,为该成员提供当前版本九字段声明及逐字段Schema、授权和唯一证据定位后追加不可变批次,2d50c1344a835ceeb832796935182aeff80bb03cecc5465c8cf3aaccbd446acd,86129966e4bc55fac18f2d7602a2309d4403f85861102128a56a80a5a0ccc1ea,51346f4fac33007b394bd707975388bb1fdbe31b43bd34ab566bd3e7f1ae8643
source-identity-declaration-20260808T051008+0800-7cf99a5ed6b9,ZI-f7a557013982647b609cab63,DS-000185,候选数据文件,BTC,4小时;8小时;24小时;48小时,15分钟;1小时,未知,未知,未知,未知,未知,未知,未知,未知,未知,未登记,无,config/数据/来源身份声明补采.json#身份声明[],f9cf6f2a34762867a443c0a0366a7fd63f6eb254ce171133707efd3aa521c683,fd66279f71275b9153fd72c7881ea8d8650bb18480b5b4455a1235907ffb7471,570eb1e78de5bd0018fc4de98f569482218371cb55641c1905836f5e63ceaab0,未知,b3a1fc5ec72ad95e258b584f936ad46befab951e0ee9e43eaa18179e34974387,无法判定,FILE_STAT_OBSERVED_IDENTITY_UNPROVEN,本批次只读；若声明、输入、Schema或授权漂移，既有结论自动失效并须追加新批次,未读取业务正文、价格、成交、订单簿、账户或凭据；身份字段不完整,为该成员提供当前版本九字段声明及逐字段Schema、授权和唯一证据定位后追加不可变批次,2d50c1344a835ceeb832796935182aeff80bb03cecc5465c8cf3aaccbd446acd,86129966e4bc55fac18f2d7602a2309d4403f85861102128a56a80a5a0ccc1ea,f9a6b85821f4e6158435b64f79a4d59fe281e63203c1a07779a88a5d7dee2776
source-identity-declaration-20260808T051008+0800-7cf99a5ed6b9,ZI-d846161ae6efc2de26747270,DS-000186,候选数据文件,BTC,4小时;8小时;24小时;48小时,15分钟;1小时,未知,未知,未知,未知,未知,未知,未知,未知,未知,未登记,无,config/数据/来源身份声明补采.json#身份声明[],f9cf6f2a34762867a443c0a0366a7fd63f6eb254ce171133707efd3aa521c683,b4d26c095ff3d7f2930ff2f9f61bb4c04c391bcc99501cadca68b3425f4cdb7b,bb1f5fcda00f6189c36164789480d9330bc6d0949a8660a41de850818eb76f14,未知,b3a1fc5ec72ad95e258b584f936ad46befab951e0ee9e43eaa18179e34974387,无法判定,FILE_STAT_OBSERVED_IDENTITY_UNPROVEN,本批次只读；若声明、输入、Schema或授权漂移，既有结论自动失效并须追加新批次,未读取业务正文、价格、成交、订单簿、账户或凭据；身份字段不完整,为该成员提供当前版本九字段声明及逐字段Schema、授权和唯一证据定位后追加不可变批次,2d50c1344a835ceeb832796935182aeff80bb03cecc5465c8cf3aaccbd446acd,86129966e4bc55fac18f2d7602a2309d4403f85861102128a56a80a5a0ccc1ea,55416baf622e90a969d5c7f60c3b49093257b0d135c6570da2f22ac3852ef9c2
source-identity-declaration-20260808T051008+0800-7cf99a5ed6b9,ZI-60958eebfb01826209cad45d,DS-000187,候选数据文件,BTC,4小时;8小时;24小时;48小时,15分钟;1小时,未知,未知,未知,未知,未知,未知,未知,未知,未知,未登记,无,config/数据/来源身份声明补采.json#身份声明[],f9cf6f2a34762867a443c0a0366a7fd63f6eb254ce171133707efd3aa521c683,cd6f8b4d93a9e695c2be3af8f0481d412bf7bf2d88fea5ee90dbb3af5a1f185b,9ea6fe96398c6ec81d1318a8520bcf506671a9b78acfe62bb2137d256fdc931d,未知,b3a1fc5ec72ad95e258b584f936ad46befab951e0ee9e43eaa18179e34974387,无法判定,FILE_STAT_OBSERVED_IDENTITY_UNPROVEN,本批次只读；若声明、输入、Schema或授权漂移，既有结论自动失效并须追加新批次,未读取业务正文、价格、成交、订单簿、账户或凭据；身份字段不完整,为该成员提供当前版本九字段声明及逐字段Schema、授权和唯一证据定位后追加不可变批次,2d50c1344a835ceeb832796935182aeff80bb03cecc5465c8cf3aaccbd446acd,86129966e4bc55fac18f2d7602a2309d4403f85861102128a56a80a5a0ccc1ea,97921a67fc96f6d6ee32bd369d56c4b543a316ce595ff2e321c0e34c64e462dd
source-identity-declaration-20260808T051008+0800-7cf99a5ed6b9,ZI-fa2a4d25532ebea9a058b0dc,DS-000188,候选数据文件,BTC,4小时;8小时;24小时;48小时,15分钟;1小时,未知,未知,未知,未知,未知,未知,未知,未知,未知,未登记,无,config/数据/来源身份声明补采.json#身份声明[],f9cf6f2a34762867a443c0a0366a7fd63f6eb254ce171133707efd3aa521c683,7fd19c744dac05cbd7e434c721348638379f2dea6df0fc204c2eb68a78236231,a6ef6c13e5dfa6e533d59587d672c23b4cb334b2dd320fec2b6806f18f7aee8a,未知,b3a1fc5ec72ad95e258b584f936ad46befab951e0ee9e43eaa18179e34974387,无法判定,FILE_STAT_OBSERVED_IDENTITY_UNPROVEN,本批次只读；若声明、输入、Schema或授权漂移，既有结论自动失效并须追加新批次,未读取业务正文、价格、成交、订单簿、账户或凭据；身份字段不完整,为该成员提供当前版本九字段声明及逐字段Schema、授权和唯一证据定位后追加不可变批次,2d50c1344a835ceeb832796935182aeff80bb03cecc5465c8cf3aaccbd446acd,86129966e4bc55fac18f2d7602a2309d4403f85861102128a56a80a5a0ccc1ea,10c3cecf132bd79750e1d0bc7d8efe549d738654f7e816c7222e47f183011484
source-identity-declaration-20260808T051008+0800-7cf99a5ed6b9,ZI-a0614455fb843de8768c8d5b,DS-000189,候选数据文件,BTC,4小时;8小时;24小时;48小时,15分钟;1小时,未知,未知,未知,未知,未知,未知,未知,未知,未知,未登记,无,config/数据/来源身份声明补采.json#身份声明[],f9cf6f2a34762867a443c0a0366a7fd63f6eb254ce171133707efd3aa521c683,339770b4561a39f6d7d39db2fb133c36bbde7bfa98b6314ed23504c848d49222,ba8c322723debba8f08e024821aa4c9a1bdc5bb11601148bcf19f8d6d20a1694,未知,b3a1fc5ec72ad95e258b584f936ad46befab951e0ee9e43eaa18179e34974387,无法判定,FILE_STAT_OBSERVED_IDENTITY_UNPROVEN,本批次只读；若声明、输入、Schema或授权漂移，既有结论自动失效并须追加新批次,未读取业务正文、价格、成交、订单簿、账户或凭据；身份字段不完整,为该成员提供当前版本九字段声明及逐字段Schema、授权和唯一证据定位后追加不可变批次,2d50c1344a835ceeb832796935182aeff80bb03cecc5465c8cf3aaccbd446acd,86129966e4bc55fac18f2d7602a2309d4403f85861102128a56a80a5a0ccc1ea,94f535544a0a100ab2b6786d9d5e1401c7888ddf4d9ef3c5b1c68a19eb286ea6
source-identity-declaration-20260808T051008+0800-7cf99a5ed6b9,ZI-d3c96884df707ae67f114610,DS-000190,候选数据文件,BTC,4小时;8小时;24小时;48小时,15分钟;1小时,未知,未知,未知,未知,未知,未知,未知,未知,未知,未登记,无,config/数据/来源身份声明补采.json#身份声明[],f9cf6f2a34762867a443c0a0366a7fd63f6eb254ce171133707efd3aa521c683,d7136de17556a28b492a1af141d73c1758727a591f4bba3dc8153365fa742189,6910d8fb9d715d62d971c1cfa077b9d9fa6878068e36a51383cf7ea8b1029893,未知,b3a1fc5ec72ad95e258b584f936ad46befab951e0ee9e43eaa18179e34974387,无法判定,FILE_STAT_OBSERVED_IDENTITY_UNPROVEN,本批次只读；若声明、输入、Schema或授权漂移，既有结论自动失效并须追加新批次,未读取业务正文、价格、成交、订单簿、账户或凭据；身份字段不完整,为该成员提供当前版本九字段声明及逐字段Schema、授权和唯一证据定位后追加不可变批次,2d50c1344a835ceeb832796935182aeff80bb03cecc5465c8cf3aaccbd446acd,86129966e4bc55fac18f2d7602a2309d4403f85861102128a56a80a5a0ccc1ea,bc44b5d624f1fb7c3bc85d6f12a55c03856e3a394169bc3681f8dc31030ff91e
source-identity-declaration-20260808T051008+0800-7cf99a5ed6b9,ZI-6a10e79eb7d5e07aace7b208,DS-000191,候选数据文件,BTC,4小时;8小时;24小时;48小时,15分钟;1小时,未知,未知,未知,未知,未知,未知,未知,未知,未知,未登记,无,config/数据/来源身份声明补采.json#身份声明[],f9cf6f2a34762867a443c0a0366a7fd63f6eb254ce171133707efd3aa521c683,42e7dc84abcc5f0ad802d574fa1a6f66ab422df94f2e029e4500a429f58a7366,a6b1dc47dda80db635f0f368ac3187369b5d0284fe23effd561bbd0676e3d10d,未知,b3a1fc5ec72ad95e258b584f936ad46befab951e0ee9e43eaa18179e34974387,无法判定,FILE_STAT_OBSERVED_IDENTITY_UNPROVEN,本批次只读；若声明、输入、Schema或授权漂移，既有结论自动失效并须追加新批次,未读取业务正文、价格、成交、订单簿、账户或凭据；身份字段不完整,为该成员提供当前版本九字段声明及逐字段Schema、授权和唯一证据定位后追加不可变批次,2d50c1344a835ceeb832796935182aeff80bb03cecc5465c8cf3aaccbd446acd,86129966e4bc55fac18f2d7602a2309d4403f85861102128a56a80a5a0ccc1ea,67f927199e76d1e3e98853970028945d178cdf5f0e9016c98c50827659c5d64b
source-identity-declaration-20260808T051008+0800-7cf99a5ed6b9,ZI-2ee965d6fd9df70cb6157fd0,DS-000192,候选数据文件,BTC,4小时;8小时;24小时;48小时,15分钟;1小时,未知,未知,未知,未知,未知,未知,未知,未知,未知,未登记,无,config/数据/来源身份声明补采.json#身份声明[],f9cf6f2a34762867a443c0a0366a7fd63f6eb254ce171133707efd3aa521c683,0b63bbb25476f3c1a13d3453831e1a313715dd619c895cf6ee0995cac04a71b7,77ad296a05d96b45f6631486ce323785d01df717cae592199cc3e92b769d66cf,未知,b3a1fc5ec72ad95e258b584f936ad46befab951e0ee9e43eaa18179e34974387,拒绝,INPUT_MEMBER_REJECTED,本批次只读；若声明、输入、Schema或授权漂移，既有结论自动失效并须追加新批次,未读取业务正文、价格、成交、订单簿、账户或凭据；身份字段不完整,为该成员提供当前版本九字段声明及逐字段Schema、授权和唯一证据定位后追加不可变批次,2d50c1344a835ceeb832796935182aeff80bb03cecc5465c8cf3aaccbd446acd,86129966e4bc55fac18f2d7602a2309d4403f85861102128a56a80a5a0ccc1ea,add8675f84373d1aefa29b237999903a0575d9f123bcd13a8a6a277897c1618e
source-identity-declaration-20260808T051008+0800-7cf99a5ed6b9,ZI-ab40d64be94e1c0a4b624ee5,DS-000193,候选数据文件,BTC,4小时;8小时;24小时;48小时,15分钟;1小时,未知,未知,未知,未知,未知,未知,未知,未知,未知,未登记,无,config/数据/来源身份声明补采.json#身份声明[],f9cf6f2a34762867a443c0a0366a7fd63f6eb254ce171133707efd3aa521c683,c7f0e941a62184b5da31ad822c95d8912302c67a9b7954a1cc0b890d47bdf708,ddc66db46b0a617e4c1399838801946648a6dfefbf0fa0906ff6e87d2b06898d,未知,b3a1fc5ec72ad95e258b584f936ad46befab951e0ee9e43eaa18179e34974387,无法判定,FILE_STAT_OBSERVED_IDENTITY_UNPROVEN,本批次只读；若声明、输入、Schema或授权漂移，既有结论自动失效并须追加新批次,未读取业务正文、价格、成交、订单簿、账户或凭据；身份字段不完整,为该成员提供当前版本九字段声明及逐字段Schema、授权和唯一证据定位后追加不可变批次,2d50c1344a835ceeb832796935182aeff80bb03cecc5465c8cf3aaccbd446acd,86129966e4bc55fac18f2d7602a2309d4403f85861102128a56a80a5a0ccc1ea,42423bf037fe2b9fc245a0583536b6aef8dd7f01df7c0442d2f0ca41061ae206
source-identity-declaration-20260808T051008+0800-7cf99a5ed6b9,ZI-67958b820749ffb359809e24,DS-000194,候选数据文件,BTC,4小时;8小时;24小时;48小时,15分钟;1小时,未知,未知,未知,未知,未知,未知,未知,未知,未知,未登记,无,config/数据/来源身份声明补采.json#身份声明[],f9cf6f2a34762867a443c0a0366a7fd63f6eb254ce171133707efd3aa521c683,62a9e8386448401b0df0012d85c2a2bee4cf6abfa56d187620f9414875fd792c,68eb28dee87640862574de295a45d8a098337bb45802223b841553864359bb56,未知,b3a1fc5ec72ad95e258b584f936ad46befab951e0ee9e43eaa18179e34974387,拒绝,INPUT_MEMBER_REJECTED,本批次只读；若声明、输入、Schema或授权漂移，既有结论自动失效并须追加新批次,未读取业务正文、价格、成交、订单簿、账户或凭据；身份字段不完整,为该成员提供当前版本九字段声明及逐字段Schema、授权和唯一证据定位后追加不可变批次,2d50c1344a835ceeb832796935182aeff80bb03cecc5465c8cf3aaccbd446acd,86129966e4bc55fac18f2d7602a2309d4403f85861102128a56a80a5a0ccc1ea,b6a96863a360a4a87752effac93ae110649e7ed0249b1152a3df76610268eabb
source-identity-declaration-20260808T051008+0800-7cf99a5ed6b9,ZI-b7ae7ad9140ec01e272d90ef,DS-000195,候选数据文件,BTC,4小时;8小时;24小时;48小时,15分钟;1小时,未知,未知,未知,未知,未知,未知,未知,未知,未知,未登记,无,config/数据/来源身份声明补采.json#身份声明[],f9cf6f2a34762867a443c0a0366a7fd63f6eb254ce171133707efd3aa521c683,9e8f5648706c28594bb13be22bf74a43c6685db3eb0af8963881d94c1fb33090,9e3df7fcde6a416c14ad2f3385cc8a95fb4a60267d036f9a4e620d68bff6d10f,未知,b3a1fc5ec72ad95e258b584f936ad46befab951e0ee9e43eaa18179e34974387,无法判定,FILE_STAT_OBSERVED_IDENTITY_UNPROVEN,本批次只读；若声明、输入、Schema或授权漂移，既有结论自动失效并须追加新批次,未读取业务正文、价格、成交、订单簿、账户或凭据；身份字段不完整,为该成员提供当前版本九字段声明及逐字段Schema、授权和唯一证据定位后追加不可变批次,2d50c1344a835ceeb832796935182aeff80bb03cecc5465c8cf3aaccbd446acd,86129966e4bc55fac18f2d7602a2309d4403f85861102128a56a80a5a0ccc1ea,438f815b971846fc339002631692e8bb5ca0d1f67a5eea559fc787b2aa002a68
source-identity-declaration-20260808T051008+0800-7cf99a5ed6b9,ZI-32aaa116eb12c90702c94041,DS-000196,候选数据文件,BTC,4小时;8小时;24小时;48小时,15分钟;1小时,未知,未知,未知,未知,未知,未知,未知,未知,未知,未登记,无,config/数据/来源身份声明补采.json#身份声明[],f9cf6f2a34762867a443c0a0366a7fd63f6eb254ce171133707efd3aa521c683,3302ef2c1af90e5188fec4871d9bc2a0b2f9649c1b92196be6c3cd882676ce67,e6157d59b9196789cd25c9701501043bb00ef014649356a10e16259596fb4709,未知,b3a1fc5ec72ad95e258b584f936ad46befab951e0ee9e43eaa18179e34974387,无法判定,FILE_STAT_OBSERVED_IDENTITY_UNPROVEN,本批次只读；若声明、输入、Schema或授权漂移，既有结论自动失效并须追加新批次,未读取业务正文、价格、成交、订单簿、账户或凭据；身份字段不完整,为该成员提供当前版本九字段声明及逐字段Schema、授权和唯一证据定位后追加不可变批次,2d50c1344a835ceeb832796935182aeff80bb03cecc5465c8cf3aaccbd446acd,86129966e4bc55fac18f2d7602a2309d4403f85861102128a56a80a5a0ccc1ea,3e17cc4c59427d0828f022c2b306387ad471d3d68e5ae0b59b4d86057507127d
source-identity-declaration-20260808T051008+0800-7cf99a5ed6b9,ZI-0f24107cd7aff0b489c551c4,DS-000197,候选数据文件,BTC,4小时;8小时;24小时;48小时,15分钟;1小时,未知,未知,未知,未知,未知,未知,未知,未知,未知,未登记,无,config/数据/来源身份声明补采.json#身份声明[],f9cf6f2a34762867a443c0a0366a7fd63f6eb254ce171133707efd3aa521c683,bfc42bc0d8152ba416024f1c92821247641bfebdacf6b68020d7b23caf8bcf1d,a8a1fedf04743df7d4306f8ab802cc9f585ad95bb3a1859b581b08e07f21b491,未知,b3a1fc5ec72ad95e258b584f936ad46befab951e0ee9e43eaa18179e34974387,无法判定,FILE_STAT_OBSERVED_IDENTITY_UNPROVEN,本批次只读；若声明、输入、Schema或授权漂移，既有结论自动失效并须追加新批次,未读取业务正文、价格、成交、订单簿、账户或凭据；身份字段不完整,为该成员提供当前版本九字段声明及逐字段Schema、授权和唯一证据定位后追加不可变批次,2d50c1344a835ceeb832796935182aeff80bb03cecc5465c8cf3aaccbd446acd,86129966e4bc55fac18f2d7602a2309d4403f85861102128a56a80a5a0ccc1ea,a8d041f6ea49b81ba00baf71025a1cd5a81a6e570258a4c967db34c989f57981
source-identity-declaration-20260808T051008+0800-7cf99a5ed6b9,ZI-3183d1c30b7007a7db1dca31,DS-000198,候选数据文件,BTC,4小时;8小时;24小时;48小时,15分钟;1小时,未知,未知,未知,未知,未知,未知,未知,未知,未知,未登记,无,config/数据/来源身份声明补采.json#身份声明[],f9cf6f2a34762867a443c0a0366a7fd63f6eb254ce171133707efd3aa521c683,e91a693c10215586182fb841338a4f6446ac050e791e472e1cf048244d99abd4,8dcbf3ed5b60fa730bdf830643d41a04e45e08e42af3c50b780c3bff6cf54e55,未知,b3a1fc5ec72ad95e258b584f936ad46befab951e0ee9e43eaa18179e34974387,无法判定,FILE_STAT_OBSERVED_IDENTITY_UNPROVEN,本批次只读；若声明、输入、Schema或授权漂移，既有结论自动失效并须追加新批次,未读取业务正文、价格、成交、订单簿、账户或凭据；身份字段不完整,为该成员提供当前版本九字段声明及逐字段Schema、授权和唯一证据定位后追加不可变批次,2d50c1344a835ceeb832796935182aeff80bb03cecc5465c8cf3aaccbd446acd,86129966e4bc55fac18f2d7602a2309d4403f85861102128a56a80a5a0ccc1ea,195b99f6c0d9466fb2b1af10971f7fdfc1c6038dfd52bacef7a97f4826605fcc
source-identity-declaration-20260808T051008+0800-7cf99a5ed6b9,ZI-2886bbdc88afa40c39dbb408,DS-000199,候选数据文件,BTC,4小时;8小时;24小时;48小时,15分钟;1小时,未知,未知,未知,未知,未知,未知,未知,未知,未知,未登记,无,config/数据/来源身份声明补采.json#身份声明[],f9cf6f2a34762867a443c0a0366a7fd63f6eb254ce171133707efd3aa521c683,9b483598e61c912f16425f2781345539481dc82d607aac2cba73462d89bd674b,72b527c4562ab1d34e9c9be2a4cfceffb42758e4fbf892ad7e8c0a54baab42de,未知,b3a1fc5ec72ad95e258b584f936ad46befab951e0ee9e43eaa18179e34974387,无法判定,FILE_STAT_OBSERVED_IDENTITY_UNPROVEN,本批次只读；若声明、输入、Schema或授权漂移，既有结论自动失效并须追加新批次,未读取业务正文、价格、成交、订单簿、账户或凭据；身份字段不完整,为该成员提供当前版本九字段声明及逐字段Schema、授权和唯一证据定位后追加不可变批次,2d50c1344a835ceeb832796935182aeff80bb03cecc5465c8cf3aaccbd446acd,86129966e4bc55fac18f2d7602a2309d4403f85861102128a56a80a5a0ccc1ea,83c2bf2d4da08f4d3724243646c87d0e72db85be0c3521f308391e14cb02af12
source-identity-declaration-20260808T051008+0800-7cf99a5ed6b9,ZI-5dbdf00041b1706d7ba8abab,DS-000200,候选数据文件,BTC,4小时;8小时;24小时;48小时,15分钟;1小时,未知,未知,未知,未知,未知,未知,未知,未知,未知,未登记,无,config/数据/来源身份声明补采.json#身份声明[],f9cf6f2a34762867a443c0a0366a7fd63f6eb254ce171133707efd3aa521c683,e80dcd17c2945c774e10bbdd99ee8807d9c0889a7aa945dff67b835761d325e1,4aa53dfec9df9610da8d7bfc3d66440053ecefc2015c01103d66bb3378abc3c8,未知,b3a1fc5ec72ad95e258b584f936ad46befab951e0ee9e43eaa18179e34974387,无法判定,FILE_STAT_OBSERVED_IDENTITY_UNPROVEN,本批次只读；若声明、输入、Schema或授权漂移，既有结论自动失效并须追加新批次,未读取业务正文、价格、成交、订单簿、账户或凭据；身份字段不完整,为该成员提供当前版本九字段声明及逐字段Schema、授权和唯一证据定位后追加不可变批次,2d50c1344a835ceeb832796935182aeff80bb03cecc5465c8cf3aaccbd446acd,86129966e4bc55fac18f2d7602a2309d4403f85861102128a56a80a5a0ccc1ea,2380c6654af0d951449ff668e89170b4fbe1b64266815541d598730a4c020184
source-identity-declaration-20260808T051008+0800-7cf99a5ed6b9,ZI-be0372cc2ca2127e6ad7faa5,DS-000201,候选数据文件,BTC,4小时;8小时;24小时;48小时,15分钟;1小时,未知,未知,未知,未知,未知,未知,未知,未知,未知,未登记,无,config/数据/来源身份声明补采.json#身份声明[],f9cf6f2a34762867a443c0a0366a7fd63f6eb254ce171133707efd3aa521c683,49981dce25f37ed42652b06b919f6933838ff3f5dde0c19b596d799b6865cebd,3891e003c78725e69f75c68b81d1f532b40cf91154ae84eb4f5284cf56ba3099,未知,b3a1fc5ec72ad95e258b584f936ad46befab951e0ee9e43eaa18179e34974387,无法判定,FILE_STAT_OBSERVED_IDENTITY_UNPROVEN,本批次只读；若声明、输入、Schema或授权漂移，既有结论自动失效并须追加新批次,未读取业务正文、价格、成交、订单簿、账户或凭据；身份字段不完整,为该成员提供当前版本九字段声明及逐字段Schema、授权和唯一证据定位后追加不可变批次,2d50c1344a835ceeb832796935182aeff80bb03cecc5465c8cf3aaccbd446acd,86129966e4bc55fac18f2d7602a2309d4403f85861102128a56a80a5a0ccc1ea,c5b6b919e000a247d9ad94e8df7d7c9d39c066e126c6ce3af786e78bc2b7dee3
source-identity-declaration-20260808T051008+0800-7cf99a5ed6b9,ZI-78c8c25a0d917108a2b7f08a,DS-000202,候选数据文件,BTC,4小时;8小时;24小时;48小时,15分钟;1小时,未知,未知,未知,未知,未知,未知,未知,未知,未知,未登记,无,config/数据/来源身份声明补采.json#身份声明[],f9cf6f2a34762867a443c0a0366a7fd63f6eb254ce171133707efd3aa521c683,af6c149cc7e8aff483d571b31555d0d079734bd55eb11d9cf2e19fa32a765aca,a7e41a97d340e7df672e7bb9bfcd0e7d0a623cb69e7afd0812205373ddd5899d,未知,b3a1fc5ec72ad95e258b584f936ad46befab951e0ee9e43eaa18179e34974387,无法判定,FILE_STAT_OBSERVED_IDENTITY_UNPROVEN,本批次只读；若声明、输入、Schema或授权漂移，既有结论自动失效并须追加新批次,未读取业务正文、价格、成交、订单簿、账户或凭据；身份字段不完整,为该成员提供当前版本九字段声明及逐字段Schema、授权和唯一证据定位后追加不可变批次,2d50c1344a835ceeb832796935182aeff80bb03cecc5465c8cf3aaccbd446acd,86129966e4bc55fac18f2d7602a2309d4403f85861102128a56a80a5a0ccc1ea,bb8d2d4afeb9569344aacdf4fc8012636b2de2e32353813fe13b1a7e6fc451e4
source-identity-declaration-20260808T051008+0800-7cf99a5ed6b9,ZI-29c6f02cefeb649da045cd55,DS-000203,候选数据文件,BTC,4小时;8小时;24小时;48小时,15分钟;1小时,未知,未知,未知,未知,未知,未知,未知,未知,未知,未登记,无,config/数据/来源身份声明补采.json#身份声明[],f9cf6f2a34762867a443c0a0366a7fd63f6eb254ce171133707efd3aa521c683,4dcd4726cf5e37a543aed51c650186f864a264324396a79ba6fc6702b04aca60,47c0fd0e195494b87d8be0540fbe1d2a7d7acc231f4b421c98d23d7b224c315d,未知,b3a1fc5ec72ad95e258b584f936ad46befab951e0ee9e43eaa18179e34974387,无法判定,FILE_STAT_OBSERVED_IDENTITY_UNPROVEN,本批次只读；若声明、输入、Schema或授权漂移，既有结论自动失效并须追加新批次,未读取业务正文、价格、成交、订单簿、账户或凭据；身份字段不完整,为该成员提供当前版本九字段声明及逐字段Schema、授权和唯一证据定位后追加不可变批次,2d50c1344a835ceeb832796935182aeff80bb03cecc5465c8cf3aaccbd446acd,86129966e4bc55fac18f2d7602a2309d4403f85861102128a56a80a5a0ccc1ea,5fc174213d0b5669ff8666e135a6138ff27b9553e4d1598eca7278e65a94272e
source-identity-declaration-20260808T051008+0800-7cf99a5ed6b9,ZI-71520330f24bde8ccfb46d61,DS-000204,候选数据文件,BTC,4小时;8小时;24小时;48小时,15分钟;1小时,未知,未知,未知,未知,未知,未知,未知,未知,未知,未登记,无,config/数据/来源身份声明补采.json#身份声明[],f9cf6f2a34762867a443c0a0366a7fd63f6eb254ce171133707efd3aa521c683,60e872660b08823c99e2e04926f5c739275e934bce8e6799ed48f867fc114da3,d78f1937dcd6fe7103be51d4bff7c53a455ad468113fde974e5b718883ef45f3,未知,b3a1fc5ec72ad95e258b584f936ad46befab951e0ee9e43eaa18179e34974387,无法判定,FILE_STAT_OBSERVED_IDENTITY_UNPROVEN,本批次只读；若声明、输入、Schema或授权漂移，既有结论自动失效并须追加新批次,未读取业务正文、价格、成交、订单簿、账户或凭据；身份字段不完整,为该成员提供当前版本九字段声明及逐字段Schema、授权和唯一证据定位后追加不可变批次,2d50c1344a835ceeb832796935182aeff80bb03cecc5465c8cf3aaccbd446acd,86129966e4bc55fac18f2d7602a2309d4403f85861102128a56a80a5a0ccc1ea,26dfde1cf70dca7b44f265ff65569b7de4d9b0453ffa126596a6c1115ede073f
source-identity-declaration-20260808T051008+0800-7cf99a5ed6b9,ZI-d01d78d324c4bc33eb8369e0,DS-000205,候选数据文件,BTC,4小时;8小时;24小时;48小时,15分钟;1小时,未知,未知,未知,未知,未知,未知,未知,未知,未知,未登记,无,config/数据/来源身份声明补采.json#身份声明[],f9cf6f2a34762867a443c0a0366a7fd63f6eb254ce171133707efd3aa521c683,357e287ee3ae9a9b3f35b6b4e036478848a3cb3659bc68f18d20dfc26f7fd580,d22196b16c3edaa28138846ff39a68c88f5c0c40804d6f69d0f0652d9b0963d8,未知,b3a1fc5ec72ad95e258b584f936ad46befab951e0ee9e43eaa18179e34974387,无法判定,FILE_STAT_OBSERVED_IDENTITY_UNPROVEN,本批次只读；若声明、输入、Schema或授权漂移，既有结论自动失效并须追加新批次,未读取业务正文、价格、成交、订单簿、账户或凭据；身份字段不完整,为该成员提供当前版本九字段声明及逐字段Schema、授权和唯一证据定位后追加不可变批次,2d50c1344a835ceeb832796935182aeff80bb03cecc5465c8cf3aaccbd446acd,86129966e4bc55fac18f2d7602a2309d4403f85861102128a56a80a5a0ccc1ea,735635abdc983b6fe436891cbafa0f41b7668a7e28e3dd6853c6b977d795e651
source-identity-declaration-20260808T051008+0800-7cf99a5ed6b9,ZI-5e7172f6c1ca86bab358f51e,DS-000206,候选数据文件,BTC,4小时;8小时;24小时;48小时,15分钟;1小时,未知,未知,未知,未知,未知,未知,未知,未知,未知,未登记,无,config/数据/来源身份声明补采.json#身份声明[],f9cf6f2a34762867a443c0a0366a7fd63f6eb254ce171133707efd3aa521c683,4cd28c8e4c99a20a90332d2c80d3b371450fd362414938588e0d0de5ad3840d2,acfd9a96ff1bb4381dbfeccf8158f1936393dc5173ba8038529e3364f7c7a171,未知,b3a1fc5ec72ad95e258b584f936ad46befab951e0ee9e43eaa18179e34974387,无法判定,FILE_STAT_OBSERVED_IDENTITY_UNPROVEN,本批次只读；若声明、输入、Schema或授权漂移，既有结论自动失效并须追加新批次,未读取业务正文、价格、成交、订单簿、账户或凭据；身份字段不完整,为该成员提供当前版本九字段声明及逐字段Schema、授权和唯一证据定位后追加不可变批次,2d50c1344a835ceeb832796935182aeff80bb03cecc5465c8cf3aaccbd446acd,86129966e4bc55fac18f2d7602a2309d4403f85861102128a56a80a5a0ccc1ea,687ac4cc79dbbb215a8630cba9043d848deb11a3b8ad335cad505ce30ff8012a
source-identity-declaration-20260808T051008+0800-7cf99a5ed6b9,ZI-2a1b37d562bd57047005c01a,DS-000207,候选数据文件,BTC,4小时;8小时;24小时;48小时,15分钟;1小时,未知,未知,未知,未知,未知,未知,未知,未知,未知,未登记,无,config/数据/来源身份声明补采.json#身份声明[],f9cf6f2a34762867a443c0a0366a7fd63f6eb254ce171133707efd3aa521c683,2862c9267898c9d6737d4fc1b5ced6613c04c9e243fb77d4d93db30b2e8f8ad8,81ed54bcab59ed60f0262b4a4365e8bbb4c5475811bcb229bedb2e58498d371d,未知,b3a1fc5ec72ad95e258b584f936ad46befab951e0ee9e43eaa18179e34974387,无法判定,FILE_STAT_OBSERVED_IDENTITY_UNPROVEN,本批次只读；若声明、输入、Schema或授权漂移，既有结论自动失效并须追加新批次,未读取业务正文、价格、成交、订单簿、账户或凭据；身份字段不完整,为该成员提供当前版本九字段声明及逐字段Schema、授权和唯一证据定位后追加不可变批次,2d50c1344a835ceeb832796935182aeff80bb03cecc5465c8cf3aaccbd446acd,86129966e4bc55fac18f2d7602a2309d4403f85861102128a56a80a5a0ccc1ea,5c7b80b89fec37d58bc3c9291d072f8a710031833acdb95b4dbd422427c9edc9
source-identity-declaration-20260808T051008+0800-7cf99a5ed6b9,ZI-d7e573a8a3db8ebee466ccf6,DS-000208,候选数据文件,BTC,4小时;8小时;24小时;48小时,15分钟;1小时,未知,未知,未知,未知,未知,未知,未知,未知,未知,未登记,无,config/数据/来源身份声明补采.json#身份声明[],f9cf6f2a34762867a443c0a0366a7fd63f6eb254ce171133707efd3aa521c683,fe9e7608a4eb061f5652be539fe800c731c30c5e369f84a49850cf73b997ae50,9b84f87a1dedc394f11562511ac0593d3698ba920f79e13b925545e9b7477423,未知,b3a1fc5ec72ad95e258b584f936ad46befab951e0ee9e43eaa18179e34974387,无法判定,FILE_STAT_OBSERVED_IDENTITY_UNPROVEN,本批次只读；若声明、输入、Schema或授权漂移，既有结论自动失效并须追加新批次,未读取业务正文、价格、成交、订单簿、账户或凭据；身份字段不完整,为该成员提供当前版本九字段声明及逐字段Schema、授权和唯一证据定位后追加不可变批次,2d50c1344a835ceeb832796935182aeff80bb03cecc5465c8cf3aaccbd446acd,86129966e4bc55fac18f2d7602a2309d4403f85861102128a56a80a5a0ccc1ea,7d1a51204e4048fd5c4d272afea581f8eaeedbd1753ce81b8a328a67e48eb06f
source-identity-declaration-20260808T051008+0800-7cf99a5ed6b9,ZI-3e2be17d98778a0ad036cfad,DS-000209,候选数据文件,BTC,4小时;8小时;24小时;48小时,15分钟;1小时,未知,未知,未知,未知,未知,未知,未知,未知,未知,未登记,无,config/数据/来源身份声明补采.json#身份声明[],f9cf6f2a34762867a443c0a0366a7fd63f6eb254ce171133707efd3aa521c683,2d90d65ec9a02a4e23e09313281406cd378c2eaadb3a19a9f1c4ba89d57b523a,16a1140e39ad3c51a489be6106c8ba9593779ed971fa88b4d8aceb3f4623b45a,未知,b3a1fc5ec72ad95e258b584f936ad46befab951e0ee9e43eaa18179e34974387,无法判定,FILE_STAT_OBSERVED_IDENTITY_UNPROVEN,本批次只读；若声明、输入、Schema或授权漂移，既有结论自动失效并须追加新批次,未读取业务正文、价格、成交、订单簿、账户或凭据；身份字段不完整,为该成员提供当前版本九字段声明及逐字段Schema、授权和唯一证据定位后追加不可变批次,2d50c1344a835ceeb832796935182aeff80bb03cecc5465c8cf3aaccbd446acd,86129966e4bc55fac18f2d7602a2309d4403f85861102128a56a80a5a0ccc1ea,18b1c922b33fc922207d8c9c93a0338e9b7b51fa51daafddbefd7ebc7763a9e2
source-identity-declaration-20260808T051008+0800-7cf99a5ed6b9,ZI-3286667a2cfe079a913c7c30,DS-000210,候选数据文件,BTC,4小时;8小时;24小时;48小时,15分钟;1小时,未知,未知,未知,未知,未知,未知,未知,未知,未知,未登记,无,config/数据/来源身份声明补采.json#身份声明[],f9cf6f2a34762867a443c0a0366a7fd63f6eb254ce171133707efd3aa521c683,1673f3d2d5e26882002c3ff908463abce1fdfb4a795443a152f6b85a43fb3f07,e4628d31187ff75bd98b22dd5047c3aea0e8e096324d40cda8f35094b30c9013,未知,b3a1fc5ec72ad95e258b584f936ad46befab951e0ee9e43eaa18179e34974387,无法判定,FILE_STAT_OBSERVED_IDENTITY_UNPROVEN,本批次只读；若声明、输入、Schema或授权漂移，既有结论自动失效并须追加新批次,未读取业务正文、价格、成交、订单簿、账户或凭据；身份字段不完整,为该成员提供当前版本九字段声明及逐字段Schema、授权和唯一证据定位后追加不可变批次,2d50c1344a835ceeb832796935182aeff80bb03cecc5465c8cf3aaccbd446acd,86129966e4bc55fac18f2d7602a2309d4403f85861102128a56a80a5a0ccc1ea,3d70fcc3712b1194ff7c4e0ef605fdd395a04dcda947014185fd6f59e6d11bed
source-identity-declaration-20260808T051008+0800-7cf99a5ed6b9,ZI-9a9b77f14347b2cb48fa88e7,DS-000211,候选数据文件,BTC,4小时;8小时;24小时;48小时,15分钟;1小时,未知,未知,未知,未知,未知,未知,未知,未知,未知,未登记,无,config/数据/来源身份声明补采.json#身份声明[],f9cf6f2a34762867a443c0a0366a7fd63f6eb254ce171133707efd3aa521c683,1f7e7cf555344a7206d8962dde3c7fb9c95f36713b307b7c1e758ad6556bd5a8,a1c268d08407573cface32bceab6379292b01d0579981f5df06ccede609d20a1,未知,b3a1fc5ec72ad95e258b584f936ad46befab951e0ee9e43eaa18179e34974387,无法判定,FILE_STAT_OBSERVED_IDENTITY_UNPROVEN,本批次只读；若声明、输入、Schema或授权漂移，既有结论自动失效并须追加新批次,未读取业务正文、价格、成交、订单簿、账户或凭据；身份字段不完整,为该成员提供当前版本九字段声明及逐字段Schema、授权和唯一证据定位后追加不可变批次,2d50c1344a835ceeb832796935182aeff80bb03cecc5465c8cf3aaccbd446acd,86129966e4bc55fac18f2d7602a2309d4403f85861102128a56a80a5a0ccc1ea,a72e84afd29655a68abb78d7fb111a9b2499995b5b8d9736faf72e4b6ef81c3c
source-identity-declaration-20260808T051008+0800-7cf99a5ed6b9,ZI-072c6e5f9b428b87bb907797,DS-000212,候选数据文件,BTC,4小时;8小时;24小时;48小时,15分钟;1小时,未知,未知,未知,未知,未知,未知,未知,未知,未知,未登记,无,config/数据/来源身份声明补采.json#身份声明[],f9cf6f2a34762867a443c0a0366a7fd63f6eb254ce171133707efd3aa521c683,d8c78a0148f6abdd19f4a621d6c52ca485dd38012b2c028f70904050efa3275d,37596e6844008a9aa7ff046e5fbdcb00e924cf146b6fe95fbb2822dda3b97dd0,未知,b3a1fc5ec72ad95e258b584f936ad46befab951e0ee9e43eaa18179e34974387,无法判定,FILE_STAT_OBSERVED_IDENTITY_UNPROVEN,本批次只读；若声明、输入、Schema或授权漂移，既有结论自动失效并须追加新批次,未读取业务正文、价格、成交、订单簿、账户或凭据；身份字段不完整,为该成员提供当前版本九字段声明及逐字段Schema、授权和唯一证据定位后追加不可变批次,2d50c1344a835ceeb832796935182aeff80bb03cecc5465c8cf3aaccbd446acd,86129966e4bc55fac18f2d7602a2309d4403f85861102128a56a80a5a0ccc1ea,e0752c5a6be2c56f6d10335b9f7571b149e59cdb2035d4bc3001c87a3b6528bb
source-identity-declaration-20260808T051008+0800-7cf99a5ed6b9,ZI-c6103a96caf69285c99ebf1c,DS-000213,候选数据文件,BTC,4小时;8小时;24小时;48小时,15分钟;1小时,未知,未知,未知,未知,未知,未知,未知,未知,未知,未登记,无,config/数据/来源身份声明补采.json#身份声明[],f9cf6f2a34762867a443c0a0366a7fd63f6eb254ce171133707efd3aa521c683,49da7771a94025e16bceaf06d99d368bb69fc9f0b30773ef78fd195b2647f3cc,d89240428d281b5dfce7b304dbee0ea74ded4f6e36cfa826a995d02f960d1345,未知,b3a1fc5ec72ad95e258b584f936ad46befab951e0ee9e43eaa18179e34974387,无法判定,FILE_STAT_OBSERVED_IDENTITY_UNPROVEN,本批次只读；若声明、输入、Schema或授权漂移，既有结论自动失效并须追加新批次,未读取业务正文、价格、成交、订单簿、账户或凭据；身份字段不完整,为该成员提供当前版本九字段声明及逐字段Schema、授权和唯一证据定位后追加不可变批次,2d50c1344a835ceeb832796935182aeff80bb03cecc5465c8cf3aaccbd446acd,86129966e4bc55fac18f2d7602a2309d4403f85861102128a56a80a5a0ccc1ea,00237e8e35e1968e07a0c91788263a318724cf96b6d76a6400f551af1a5b3249
source-identity-declaration-20260808T051008+0800-7cf99a5ed6b9,ZI-8304253d2ed20332e30ebcca,DS-000214,候选数据文件,BTC,4小时;8小时;24小时;48小时,15分钟;1小时,未知,未知,未知,未知,未知,未知,未知,未知,未知,未登记,无,config/数据/来源身份声明补采.json#身份声明[],f9cf6f2a34762867a443c0a0366a7fd63f6eb254ce171133707efd3aa521c683,4b7ef458a831e58978149d25819f70ca44d5a7ab56c24620e2b5e199ddfa8457,138c8152fe7932c04516a7547f92731a5d1a3889fa6a5f2311da04ff6aa7b016,未知,b3a1fc5ec72ad95e258b584f936ad46befab951e0ee9e43eaa18179e34974387,无法判定,FILE_STAT_OBSERVED_IDENTITY_UNPROVEN,本批次只读；若声明、输入、Schema或授权漂移，既有结论自动失效并须追加新批次,未读取业务正文、价格、成交、订单簿、账户或凭据；身份字段不完整,为该成员提供当前版本九字段声明及逐字段Schema、授权和唯一证据定位后追加不可变批次,2d50c1344a835ceeb832796935182aeff80bb03cecc5465c8cf3aaccbd446acd,86129966e4bc55fac18f2d7602a2309d4403f85861102128a56a80a5a0ccc1ea,806ebc27a54f479c658fb5cf52d742775779ea6877b98d6d00b12593a9bc080f
source-identity-declaration-20260808T051008+0800-7cf99a5ed6b9,ZI-ec81510cd0a232ac9b5cc4f3,DS-000215,候选数据文件,BTC,4小时;8小时;24小时;48小时,15分钟;1小时,未知,未知,未知,未知,未知,未知,未知,未知,未知,未登记,无,config/数据/来源身份声明补采.json#身份声明[],f9cf6f2a34762867a443c0a0366a7fd63f6eb254ce171133707efd3aa521c683,c8e071231ebbdfc3fd675eb141e1efc29ba7a13e91e9254f9c3cc1ef9495c2c2,7230b1aa75860eaded6c148481fe00881d2ec25cc8ba7a9a50d7cbc899a4985a,未知,b3a1fc5ec72ad95e258b584f936ad46befab951e0ee9e43eaa18179e34974387,无法判定,FILE_STAT_OBSERVED_IDENTITY_UNPROVEN,本批次只读；若声明、输入、Schema或授权漂移，既有结论自动失效并须追加新批次,未读取业务正文、价格、成交、订单簿、账户或凭据；身份字段不完整,为该成员提供当前版本九字段声明及逐字段Schema、授权和唯一证据定位后追加不可变批次,2d50c1344a835ceeb832796935182aeff80bb03cecc5465c8cf3aaccbd446acd,86129966e4bc55fac18f2d7602a2309d4403f85861102128a56a80a5a0ccc1ea,6c329b8741f1abcd0b6bb14cb5970123cdb1c9b63990011a6ca3fd01cb4a71c4
source-identity-declaration-20260808T051008+0800-7cf99a5ed6b9,ZI-7d904efd7dbc8083ae534633,DS-000216,候选数据文件,BTC,4小时;8小时;24小时;48小时,15分钟;1小时,未知,未知,未知,未知,未知,未知,未知,未知,未知,未登记,无,config/数据/来源身份声明补采.json#身份声明[],f9cf6f2a34762867a443c0a0366a7fd63f6eb254ce171133707efd3aa521c683,17cb50cc3c65f508fb921ef26b8f5306a43dab9610337cf613631b5df89e8e5d,6627553473a3965b483ccc0f8839a72133b53c3c91b720d46d5d7031c81fe67c,未知,b3a1fc5ec72ad95e258b584f936ad46befab951e0ee9e43eaa18179e34974387,无法判定,FILE_STAT_OBSERVED_IDENTITY_UNPROVEN,本批次只读；若声明、输入、Schema或授权漂移，既有结论自动失效并须追加新批次,未读取业务正文、价格、成交、订单簿、账户或凭据；身份字段不完整,为该成员提供当前版本九字段声明及逐字段Schema、授权和唯一证据定位后追加不可变批次,2d50c1344a835ceeb832796935182aeff80bb03cecc5465c8cf3aaccbd446acd,86129966e4bc55fac18f2d7602a2309d4403f85861102128a56a80a5a0ccc1ea,03ecf7d963d8ee0af84fbd2bebc2db5220c29b875e7d884043a18f74958dd299
source-identity-declaration-20260808T051008+0800-7cf99a5ed6b9,ZI-74ee466762e9b1869eeab68c,DS-000217,候选数据文件,BTC,4小时;8小时;24小时;48小时,15分钟;1小时,未知,未知,未知,未知,未知,未知,未知,未知,未知,未登记,无,config/数据/来源身份声明补采.json#身份声明[],f9cf6f2a34762867a443c0a0366a7fd63f6eb254ce171133707efd3aa521c683,0bdc7a67f1bbd727ffffcd809c382cb521892eb214a2a1049dd5fd9704b3ce31,9e3df7fcde6a416c14ad2f3385cc8a95fb4a60267d036f9a4e620d68bff6d10f,未知,b3a1fc5ec72ad95e258b584f936ad46befab951e0ee9e43eaa18179e34974387,无法判定,FILE_STAT_OBSERVED_IDENTITY_UNPROVEN,本批次只读；若声明、输入、Schema或授权漂移，既有结论自动失效并须追加新批次,未读取业务正文、价格、成交、订单簿、账户或凭据；身份字段不完整,为该成员提供当前版本九字段声明及逐字段Schema、授权和唯一证据定位后追加不可变批次,2d50c1344a835ceeb832796935182aeff80bb03cecc5465c8cf3aaccbd446acd,86129966e4bc55fac18f2d7602a2309d4403f85861102128a56a80a5a0ccc1ea,79052405753e262a8f3bf146f9a83967535e670465255f6bbb129e558992104b
source-identity-declaration-20260808T051008+0800-7cf99a5ed6b9,ZI-29c36adb3ea8aab9775a3a1a,DS-000218,候选数据文件,BTC,4小时;8小时;24小时;48小时,15分钟;1小时,未知,未知,未知,未知,未知,未知,未知,未知,未知,未登记,无,config/数据/来源身份声明补采.json#身份声明[],f9cf6f2a34762867a443c0a0366a7fd63f6eb254ce171133707efd3aa521c683,23d79df12719a18f66ce20b5e7348fd6e2f6c701cfaa07957b0acc9b4b4b3c5d,e6157d59b9196789cd25c9701501043bb00ef014649356a10e16259596fb4709,未知,b3a1fc5ec72ad95e258b584f936ad46befab951e0ee9e43eaa18179e34974387,无法判定,FILE_STAT_OBSERVED_IDENTITY_UNPROVEN,本批次只读；若声明、输入、Schema或授权漂移，既有结论自动失效并须追加新批次,未读取业务正文、价格、成交、订单簿、账户或凭据；身份字段不完整,为该成员提供当前版本九字段声明及逐字段Schema、授权和唯一证据定位后追加不可变批次,2d50c1344a835ceeb832796935182aeff80bb03cecc5465c8cf3aaccbd446acd,86129966e4bc55fac18f2d7602a2309d4403f85861102128a56a80a5a0ccc1ea,c457364af78f7bd84c0965d2ede99c69d0cbac667608acae5f8edd1680db65c1
source-identity-declaration-20260808T051008+0800-7cf99a5ed6b9,ZI-e2ba4b054e7cdaf4c747c964,DS-000219,候选数据文件,BTC,4小时;8小时;24小时;48小时,15分钟;1小时,未知,未知,未知,未知,未知,未知,未知,未知,未知,未登记,无,config/数据/来源身份声明补采.json#身份声明[],f9cf6f2a34762867a443c0a0366a7fd63f6eb254ce171133707efd3aa521c683,21165349456518961030378083fea5551ab855e98f18bb276a7180f52b3d1f7d,a8a1fedf04743df7d4306f8ab802cc9f585ad95bb3a1859b581b08e07f21b491,未知,b3a1fc5ec72ad95e258b584f936ad46befab951e0ee9e43eaa18179e34974387,无法判定,FILE_STAT_OBSERVED_IDENTITY_UNPROVEN,本批次只读；若声明、输入、Schema或授权漂移，既有结论自动失效并须追加新批次,未读取业务正文、价格、成交、订单簿、账户或凭据；身份字段不完整,为该成员提供当前版本九字段声明及逐字段Schema、授权和唯一证据定位后追加不可变批次,2d50c1344a835ceeb832796935182aeff80bb03cecc5465c8cf3aaccbd446acd,86129966e4bc55fac18f2d7602a2309d4403f85861102128a56a80a5a0ccc1ea,38e06d3439da119bad2fbf662582d6d1da0871339ccd21bee75b4685e1ca5669
source-identity-declaration-20260808T051008+0800-7cf99a5ed6b9,ZI-16b6d5bd373c2fbb92c71411,DS-000220,候选数据文件,BTC,4小时;8小时;24小时;48小时,15分钟;1小时,未知,未知,未知,未知,未知,未知,未知,未知,未知,未登记,无,config/数据/来源身份声明补采.json#身份声明[],f9cf6f2a34762867a443c0a0366a7fd63f6eb254ce171133707efd3aa521c683,7de5a82ae4458f844affdcfc96bb58bd683630348ddf7b03231730efa11bf7dc,8dcbf3ed5b60fa730bdf830643d41a04e45e08e42af3c50b780c3bff6cf54e55,未知,b3a1fc5ec72ad95e258b584f936ad46befab951e0ee9e43eaa18179e34974387,无法判定,FILE_STAT_OBSERVED_IDENTITY_UNPROVEN,本批次只读；若声明、输入、Schema或授权漂移，既有结论自动失效并须追加新批次,未读取业务正文、价格、成交、订单簿、账户或凭据；身份字段不完整,为该成员提供当前版本九字段声明及逐字段Schema、授权和唯一证据定位后追加不可变批次,2d50c1344a835ceeb832796935182aeff80bb03cecc5465c8cf3aaccbd446acd,86129966e4bc55fac18f2d7602a2309d4403f85861102128a56a80a5a0ccc1ea,ac2f5c3530fb27eb62a87ed09e20c7544dae4d188827e4d76b807fc2bb134379
source-identity-declaration-20260808T051008+0800-7cf99a5ed6b9,ZI-e8b50f0e23b5a2aadfe713a0,DS-000221,候选数据文件,BTC,4小时;8小时;24小时;48小时,15分钟;1小时,未知,未知,未知,未知,未知,未知,未知,未知,未知,未登记,无,config/数据/来源身份声明补采.json#身份声明[],f9cf6f2a34762867a443c0a0366a7fd63f6eb254ce171133707efd3aa521c683,6980edd049f750c69d7e7ae20e5aa6cc1657e9d95673ca38293e252e1af793e9,72b527c4562ab1d34e9c9be2a4cfceffb42758e4fbf892ad7e8c0a54baab42de,未知,b3a1fc5ec72ad95e258b584f936ad46befab951e0ee9e43eaa18179e34974387,无法判定,FILE_STAT_OBSERVED_IDENTITY_UNPROVEN,本批次只读；若声明、输入、Schema或授权漂移，既有结论自动失效并须追加新批次,未读取业务正文、价格、成交、订单簿、账户或凭据；身份字段不完整,为该成员提供当前版本九字段声明及逐字段Schema、授权和唯一证据定位后追加不可变批次,2d50c1344a835ceeb832796935182aeff80bb03cecc5465c8cf3aaccbd446acd,86129966e4bc55fac18f2d7602a2309d4403f85861102128a56a80a5a0ccc1ea,53c76c967628974e0b03686ce5e680a961f9f520067729f3d06ad137f924221d
source-identity-declaration-20260808T051008+0800-7cf99a5ed6b9,ZI-34a2fe963d2ab9822f260ad3,DS-000222,候选数据文件,BTC,4小时;8小时;24小时;48小时,15分钟;1小时,未知,未知,未知,未知,未知,未知,未知,未知,未知,未登记,无,config/数据/来源身份声明补采.json#身份声明[],f9cf6f2a34762867a443c0a0366a7fd63f6eb254ce171133707efd3aa521c683,3e539388481b9fa19a3c40b0e3aa8d79677f6c36cfe63f2ca87828ac92b88df2,087e1e310fcd0e97232d7b0afd702de2d5cfe3ddab9d622e8ee6b7853cb46b62,未知,b3a1fc5ec72ad95e258b584f936ad46befab951e0ee9e43eaa18179e34974387,无法判定,FILE_STAT_OBSERVED_IDENTITY_UNPROVEN,本批次只读；若声明、输入、Schema或授权漂移，既有结论自动失效并须追加新批次,未读取业务正文、价格、成交、订单簿、账户或凭据；身份字段不完整,为该成员提供当前版本九字段声明及逐字段Schema、授权和唯一证据定位后追加不可变批次,2d50c1344a835ceeb832796935182aeff80bb03cecc5465c8cf3aaccbd446acd,86129966e4bc55fac18f2d7602a2309d4403f85861102128a56a80a5a0ccc1ea,f6ebe0b4c8b56283f91a8cef39b32fe47e758bef6bd26a298f0fc30a37273f77
source-identity-declaration-20260808T051008+0800-7cf99a5ed6b9,ZI-19d32f1ee8316f8b358988a0,DS-000223,候选数据文件,BTC,4小时;8小时;24小时;48小时,15分钟;1小时,未知,未知,未知,未知,未知,未知,未知,未知,未知,未登记,无,config/数据/来源身份声明补采.json#身份声明[],f9cf6f2a34762867a443c0a0366a7fd63f6eb254ce171133707efd3aa521c683,e9c7915b1f0185fd3199344770ef2c5020c6bc27def3a3c1755994699e69cf58,a08373d4984da5498b6bd1555a2d393e541e809346565c9d8058fbd1cd369e5d,未知,b3a1fc5ec72ad95e258b584f936ad46befab951e0ee9e43eaa18179e34974387,无法判定,FILE_STAT_OBSERVED_IDENTITY_UNPROVEN,本批次只读；若声明、输入、Schema或授权漂移，既有结论自动失效并须追加新批次,未读取业务正文、价格、成交、订单簿、账户或凭据；身份字段不完整,为该成员提供当前版本九字段声明及逐字段Schema、授权和唯一证据定位后追加不可变批次,2d50c1344a835ceeb832796935182aeff80bb03cecc5465c8cf3aaccbd446acd,86129966e4bc55fac18f2d7602a2309d4403f85861102128a56a80a5a0ccc1ea,a5ab1234e91fa5f56a41375450d7c193630b5d07933f86d20d74ea58215843bb
source-identity-declaration-20260808T051008+0800-7cf99a5ed6b9,ZI-0694ca8ffce7194a5edb1a0f,DS-000225,数据库元数据,BTC,4小时;8小时;24小时;48小时,15分钟;1小时,未知,未知,未知,未知,未知,未知,未知,未知,未知,未登记,无,config/数据/来源身份声明补采.json#身份声明[],f9cf6f2a34762867a443c0a0366a7fd63f6eb254ce171133707efd3aa521c683,31c46439848b2efd4dd25f0894f6ce7296e53e7d983b81530451c4d4879bc220,未知,未知,b3a1fc5ec72ad95e258b584f936ad46befab951e0ee9e43eaa18179e34974387,无法判定,DATABASE_METADATA_IDENTITY_UNPROVEN,本批次只读；若声明、输入、Schema或授权漂移，既有结论自动失效并须追加新批次,未读取业务正文、价格、成交、订单簿、账户或凭据；身份字段不完整,为该成员提供当前版本九字段声明及逐字段Schema、授权和唯一证据定位后追加不可变批次,2d50c1344a835ceeb832796935182aeff80bb03cecc5465c8cf3aaccbd446acd,86129966e4bc55fac18f2d7602a2309d4403f85861102128a56a80a5a0ccc1ea,7f5ba023aceb36285e306cac648821db181abf61438cc94ba89be99252ef048a
source-identity-declaration-20260808T051008+0800-7cf99a5ed6b9,ZI-b14dc6c9a93cf52c6c414771,DS-000226,数据库元数据,BTC,4小时;8小时;24小时;48小时,15分钟;1小时,未知,未知,未知,未知,未知,未知,未知,未知,未知,未登记,无,config/数据/来源身份声明补采.json#身份声明[],f9cf6f2a34762867a443c0a0366a7fd63f6eb254ce171133707efd3aa521c683,6a81bb21010d297d98dd3ec7d464e7118f4b2d9fe881e05831f744f092a7bb21,未知,未知,b3a1fc5ec72ad95e258b584f936ad46befab951e0ee9e43eaa18179e34974387,无法判定,DATABASE_METADATA_IDENTITY_UNPROVEN,本批次只读；若声明、输入、Schema或授权漂移，既有结论自动失效并须追加新批次,未读取业务正文、价格、成交、订单簿、账户或凭据；身份字段不完整,为该成员提供当前版本九字段声明及逐字段Schema、授权和唯一证据定位后追加不可变批次,2d50c1344a835ceeb832796935182aeff80bb03cecc5465c8cf3aaccbd446acd,86129966e4bc55fac18f2d7602a2309d4403f85861102128a56a80a5a0ccc1ea,4eba3a45c9e381b3233c6bca4889b036f791a3d15d148b7993469befa0313585
source-identity-declaration-20260808T051008+0800-7cf99a5ed6b9,ZI-bb74646c795efd1568463fd5,DS-000227,数据库元数据,BTC,4小时;8小时;24小时;48小时,15分钟;1小时,未知,未知,未知,未知,未知,未知,未知,未知,未知,未登记,无,config/数据/来源身份声明补采.json#身份声明[],f9cf6f2a34762867a443c0a0366a7fd63f6eb254ce171133707efd3aa521c683,2ac0c84203efd9c2735cdb91f464d07bc39ee71c28da7cdc8cf4b0a2c0c359f7,未知,未知,b3a1fc5ec72ad95e258b584f936ad46befab951e0ee9e43eaa18179e34974387,无法判定,DATABASE_METADATA_IDENTITY_UNPROVEN,本批次只读；若声明、输入、Schema或授权漂移，既有结论自动失效并须追加新批次,未读取业务正文、价格、成交、订单簿、账户或凭据；身份字段不完整,为该成员提供当前版本九字段声明及逐字段Schema、授权和唯一证据定位后追加不可变批次,2d50c1344a835ceeb832796935182aeff80bb03cecc5465c8cf3aaccbd446acd,86129966e4bc55fac18f2d7602a2309d4403f85861102128a56a80a5a0ccc1ea,5cb6cfe834872b1657798a5131429c0120e28f6dd9cdbdb51e3d4531f931d011
source-identity-declaration-20260808T051008+0800-7cf99a5ed6b9,ZI-e5230a52ad3a08cbc1de9499,DS-000228,数据库元数据,BTC,4小时;8小时;24小时;48小时,15分钟;1小时,未知,未知,未知,未知,未知,未知,未知,未知,未知,未登记,无,config/数据/来源身份声明补采.json#身份声明[],f9cf6f2a34762867a443c0a0366a7fd63f6eb254ce171133707efd3aa521c683,ded39db7f820476590ee31689b0e683dd170115a1af80b15191867fc8cfc2848,未知,未知,b3a1fc5ec72ad95e258b584f936ad46befab951e0ee9e43eaa18179e34974387,无法判定,DATABASE_METADATA_IDENTITY_UNPROVEN,本批次只读；若声明、输入、Schema或授权漂移，既有结论自动失效并须追加新批次,未读取业务正文、价格、成交、订单簿、账户或凭据；身份字段不完整,为该成员提供当前版本九字段声明及逐字段Schema、授权和唯一证据定位后追加不可变批次,2d50c1344a835ceeb832796935182aeff80bb03cecc5465c8cf3aaccbd446acd,86129966e4bc55fac18f2d7602a2309d4403f85861102128a56a80a5a0ccc1ea,82115f1d7caf6ba829d4fe46d0c44d2ebe4a5a5633ce54f91e1be26636550785
source-identity-declaration-20260808T051008+0800-7cf99a5ed6b9,ZI-3fd360a6acc4e7dc0e4d25aa,DS-000229,数据库元数据,BTC,4小时;8小时;24小时;48小时,15分钟;1小时,未知,未知,未知,未知,未知,未知,未知,未知,未知,未登记,无,config/数据/来源身份声明补采.json#身份声明[],f9cf6f2a34762867a443c0a0366a7fd63f6eb254ce171133707efd3aa521c683,f92abe1336fcf2463981b9bf09595da91c6642688d884b9321950c809461e668,未知,未知,b3a1fc5ec72ad95e258b584f936ad46befab951e0ee9e43eaa18179e34974387,无法判定,DATABASE_METADATA_IDENTITY_UNPROVEN,本批次只读；若声明、输入、Schema或授权漂移，既有结论自动失效并须追加新批次,未读取业务正文、价格、成交、订单簿、账户或凭据；身份字段不完整,为该成员提供当前版本九字段声明及逐字段Schema、授权和唯一证据定位后追加不可变批次,2d50c1344a835ceeb832796935182aeff80bb03cecc5465c8cf3aaccbd446acd,86129966e4bc55fac18f2d7602a2309d4403f85861102128a56a80a5a0ccc1ea,d14cd361bbd383e624ce084299c78af6aa6cca63d232f27e265ce1058e48c161
source-identity-declaration-20260808T051008+0800-7cf99a5ed6b9,ZI-84932a2cb8d1dbb102b157bc,DS-000230,数据库元数据,BTC,4小时;8小时;24小时;48小时,15分钟;1小时,未知,未知,未知,未知,未知,未知,未知,未知,未知,未登记,无,config/数据/来源身份声明补采.json#身份声明[],f9cf6f2a34762867a443c0a0366a7fd63f6eb254ce171133707efd3aa521c683,696fc7c4311abe694bffc605e03c287a75b809028054b2796902f493ea776b60,未知,未知,b3a1fc5ec72ad95e258b584f936ad46befab951e0ee9e43eaa18179e34974387,无法判定,DATABASE_METADATA_IDENTITY_UNPROVEN,本批次只读；若声明、输入、Schema或授权漂移，既有结论自动失效并须追加新批次,未读取业务正文、价格、成交、订单簿、账户或凭据；身份字段不完整,为该成员提供当前版本九字段声明及逐字段Schema、授权和唯一证据定位后追加不可变批次,2d50c1344a835ceeb832796935182aeff80bb03cecc5465c8cf3aaccbd446acd,86129966e4bc55fac18f2d7602a2309d4403f85861102128a56a80a5a0ccc1ea,46231fc84ffc45d16ed54e8e2be2638d747310f662beed7f0fd75732ff098490
source-identity-declaration-20260808T051008+0800-7cf99a5ed6b9,ZI-931fd13d49e7871a65721be5,DS-000231,数据库元数据,BTC,4小时;8小时;24小时;48小时,15分钟;1小时,未知,未知,未知,未知,未知,未知,未知,未知,未知,未登记,无,config/数据/来源身份声明补采.json#身份声明[],f9cf6f2a34762867a443c0a0366a7fd63f6eb254ce171133707efd3aa521c683,1ddffa1f0f31556fe0d2dc68a47c93c046bfcfab4dcad6b6413e954c85a567ce,未知,未知,b3a1fc5ec72ad95e258b584f936ad46befab951e0ee9e43eaa18179e34974387,无法判定,DATABASE_METADATA_IDENTITY_UNPROVEN,本批次只读；若声明、输入、Schema或授权漂移，既有结论自动失效并须追加新批次,未读取业务正文、价格、成交、订单簿、账户或凭据；身份字段不完整,为该成员提供当前版本九字段声明及逐字段Schema、授权和唯一证据定位后追加不可变批次,2d50c1344a835ceeb832796935182aeff80bb03cecc5465c8cf3aaccbd446acd,86129966e4bc55fac18f2d7602a2309d4403f85861102128a56a80a5a0ccc1ea,3cb732dd8f2fec9ffd50f74956e4c67fe57b6a33ed34969541f4f7641b3aa17e
source-identity-declaration-20260808T051008+0800-7cf99a5ed6b9,ZI-0db81498191dada0dd3edbeb,DS-000232,数据库元数据,BTC,4小时;8小时;24小时;48小时,15分钟;1小时,未知,未知,未知,未知,未知,未知,未知,未知,未知,未登记,无,config/数据/来源身份声明补采.json#身份声明[],f9cf6f2a34762867a443c0a0366a7fd63f6eb254ce171133707efd3aa521c683,d5e98969dd30d95cf796e35f21a830b2e8ab6decb9c18e07dba58527efbd0f89,未知,未知,b3a1fc5ec72ad95e258b584f936ad46befab951e0ee9e43eaa18179e34974387,无法判定,DATABASE_METADATA_IDENTITY_UNPROVEN,本批次只读；若声明、输入、Schema或授权漂移，既有结论自动失效并须追加新批次,未读取业务正文、价格、成交、订单簿、账户或凭据；身份字段不完整,为该成员提供当前版本九字段声明及逐字段Schema、授权和唯一证据定位后追加不可变批次,2d50c1344a835ceeb832796935182aeff80bb03cecc5465c8cf3aaccbd446acd,86129966e4bc55fac18f2d7602a2309d4403f85861102128a56a80a5a0ccc1ea,a31a40e97c78fbad59f08cf0308e6500f6699e8ef539974e710db5718114a7f1
source-identity-declaration-20260808T051008+0800-7cf99a5ed6b9,ZI-40e1501e3846b2cfea5a7abc,DS-000233,数据库元数据,BTC,4小时;8小时;24小时;48小时,15分钟;1小时,未知,未知,未知,未知,未知,未知,未知,未知,未知,未登记,无,config/数据/来源身份声明补采.json#身份声明[],f9cf6f2a34762867a443c0a0366a7fd63f6eb254ce171133707efd3aa521c683,72e7313ef8e524b350b1ace10c8d6b8626b5188e0d1dd969dfa6e1b8fcbd5739,未知,未知,b3a1fc5ec72ad95e258b584f936ad46befab951e0ee9e43eaa18179e34974387,无法判定,DATABASE_METADATA_IDENTITY_UNPROVEN,本批次只读；若声明、输入、Schema或授权漂移，既有结论自动失效并须追加新批次,未读取业务正文、价格、成交、订单簿、账户或凭据；身份字段不完整,为该成员提供当前版本九字段声明及逐字段Schema、授权和唯一证据定位后追加不可变批次,2d50c1344a835ceeb832796935182aeff80bb03cecc5465c8cf3aaccbd446acd,86129966e4bc55fac18f2d7602a2309d4403f85861102128a56a80a5a0ccc1ea,995ea75dbf751595bae8459630f1f84fb5d62ae8d53f31baaa01da3b86671b7e
source-identity-declaration-20260808T051008+0800-7cf99a5ed6b9,ZI-180e97d2bf1963cdbc241452,DS-000234,数据库元数据,BTC,4小时;8小时;24小时;48小时,15分钟;1小时,未知,未知,未知,未知,未知,未知,未知,未知,未知,未登记,无,config/数据/来源身份声明补采.json#身份声明[],f9cf6f2a34762867a443c0a0366a7fd63f6eb254ce171133707efd3aa521c683,32b66f7841fcfd1a8692bb0602413683c771ac914082faa7548d5a3cd7b46044,未知,未知,b3a1fc5ec72ad95e258b584f936ad46befab951e0ee9e43eaa18179e34974387,无法判定,DATABASE_METADATA_IDENTITY_UNPROVEN,本批次只读；若声明、输入、Schema或授权漂移，既有结论自动失效并须追加新批次,未读取业务正文、价格、成交、订单簿、账户或凭据；身份字段不完整,为该成员提供当前版本九字段声明及逐字段Schema、授权和唯一证据定位后追加不可变批次,2d50c1344a835ceeb832796935182aeff80bb03cecc5465c8cf3aaccbd446acd,86129966e4bc55fac18f2d7602a2309d4403f85861102128a56a80a5a0ccc1ea,9062c1adf0a7b481377ab402a7757dbdb3e85c41a29aa9e6ff80b8069c526454
source-identity-declaration-20260808T051008+0800-7cf99a5ed6b9,ZI-82ca837cfd12f3b03f7ca932,DS-000235,数据库元数据,BTC,4小时;8小时;24小时;48小时,15分钟;1小时,未知,未知,未知,未知,未知,未知,未知,未知,未知,未登记,无,config/数据/来源身份声明补采.json#身份声明[],f9cf6f2a34762867a443c0a0366a7fd63f6eb254ce171133707efd3aa521c683,f1c5147a2e34f6ba05d99991d7e96b60372cf8f3587d7274a6e8f0c390e7197f,未知,未知,b3a1fc5ec72ad95e258b584f936ad46befab951e0ee9e43eaa18179e34974387,无法判定,DATABASE_METADATA_IDENTITY_UNPROVEN,本批次只读；若声明、输入、Schema或授权漂移，既有结论自动失效并须追加新批次,未读取业务正文、价格、成交、订单簿、账户或凭据；身份字段不完整,为该成员提供当前版本九字段声明及逐字段Schema、授权和唯一证据定位后追加不可变批次,2d50c1344a835ceeb832796935182aeff80bb03cecc5465c8cf3aaccbd446acd,86129966e4bc55fac18f2d7602a2309d4403f85861102128a56a80a5a0ccc1ea,85642dc93a0ce268c9eb2ed4ead54e2cc3ea497b120545ba2d85abeabb8cbea3
source-identity-declaration-20260808T051008+0800-7cf99a5ed6b9,ZI-f8f3b3ccb51bd499cc0a7a90,DS-000236,数据库元数据,BTC,4小时;8小时;24小时;48小时,15分钟;1小时,未知,未知,未知,未知,未知,未知,未知,未知,未知,未登记,无,config/数据/来源身份声明补采.json#身份声明[],f9cf6f2a34762867a443c0a0366a7fd63f6eb254ce171133707efd3aa521c683,98b039adcd5656df11f65ee44b7131ebc40f5750a04b7327545e42606758bd44,未知,未知,b3a1fc5ec72ad95e258b584f936ad46befab951e0ee9e43eaa18179e34974387,无法判定,DATABASE_METADATA_IDENTITY_UNPROVEN,本批次只读；若声明、输入、Schema或授权漂移，既有结论自动失效并须追加新批次,未读取业务正文、价格、成交、订单簿、账户或凭据；身份字段不完整,为该成员提供当前版本九字段声明及逐字段Schema、授权和唯一证据定位后追加不可变批次,2d50c1344a835ceeb832796935182aeff80bb03cecc5465c8cf3aaccbd446acd,86129966e4bc55fac18f2d7602a2309d4403f85861102128a56a80a5a0ccc1ea,69fcfd26442da210fc2dbd20f064aa85da0ea4e169cccc273190e66fb223e612
source-identity-declaration-20260808T051008+0800-7cf99a5ed6b9,ZI-909e04049eca4a3356195dcc,DS-000237,数据库元数据,BTC,4小时;8小时;24小时;48小时,15分钟;1小时,未知,未知,未知,未知,未知,未知,未知,未知,未知,未登记,无,config/数据/来源身份声明补采.json#身份声明[],f9cf6f2a34762867a443c0a0366a7fd63f6eb254ce171133707efd3aa521c683,3726607d3f48f439672a2470687cbdc27e1513ae4716fbfd7ecfe895db4d10f7,未知,未知,b3a1fc5ec72ad95e258b584f936ad46befab951e0ee9e43eaa18179e34974387,无法判定,DATABASE_METADATA_IDENTITY_UNPROVEN,本批次只读；若声明、输入、Schema或授权漂移，既有结论自动失效并须追加新批次,未读取业务正文、价格、成交、订单簿、账户或凭据；身份字段不完整,为该成员提供当前版本九字段声明及逐字段Schema、授权和唯一证据定位后追加不可变批次,2d50c1344a835ceeb832796935182aeff80bb03cecc5465c8cf3aaccbd446acd,86129966e4bc55fac18f2d7602a2309d4403f85861102128a56a80a5a0ccc1ea,fa10bae6befae105364f840ea1e1206b501f0d468db754ce7b1064de0d39b0b8
source-identity-declaration-20260808T051008+0800-7cf99a5ed6b9,ZI-c4350e8eb898e37acd11c607,DS-000238,数据库元数据,BTC,4小时;8小时;24小时;48小时,15分钟;1小时,未知,未知,未知,未知,未知,未知,未知,未知,未知,未登记,无,config/数据/来源身份声明补采.json#身份声明[],f9cf6f2a34762867a443c0a0366a7fd63f6eb254ce171133707efd3aa521c683,270b961e9a166bcdca4fcdee14c4cd7f0f1ad86a75cdc3960672ad622cba43ea,未知,未知,b3a1fc5ec72ad95e258b584f936ad46befab951e0ee9e43eaa18179e34974387,无法判定,DATABASE_METADATA_IDENTITY_UNPROVEN,本批次只读；若声明、输入、Schema或授权漂移，既有结论自动失效并须追加新批次,未读取业务正文、价格、成交、订单簿、账户或凭据；身份字段不完整,为该成员提供当前版本九字段声明及逐字段Schema、授权和唯一证据定位后追加不可变批次,2d50c1344a835ceeb832796935182aeff80bb03cecc5465c8cf3aaccbd446acd,86129966e4bc55fac18f2d7602a2309d4403f85861102128a56a80a5a0ccc1ea,5da2691231bc3cd37b49ed5a194fde92345e6c5e45981086a7e2f36d2ad6ea3e
source-identity-declaration-20260808T051008+0800-7cf99a5ed6b9,ZI-70ff9820b675a6fb1dadcb63,DS-000239,数据库元数据,BTC,4小时;8小时;24小时;48小时,15分钟;1小时,未知,未知,未知,未知,未知,未知,未知,未知,未知,未登记,无,config/数据/来源身份声明补采.json#身份声明[],f9cf6f2a34762867a443c0a0366a7fd63f6eb254ce171133707efd3aa521c683,117aa34fd7e4061134b2f25dd7f0a2b0d1efa63bd4819c4778a897f004e66d14,未知,未知,b3a1fc5ec72ad95e258b584f936ad46befab951e0ee9e43eaa18179e34974387,无法判定,DATABASE_METADATA_IDENTITY_UNPROVEN,本批次只读；若声明、输入、Schema或授权漂移，既有结论自动失效并须追加新批次,未读取业务正文、价格、成交、订单簿、账户或凭据；身份字段不完整,为该成员提供当前版本九字段声明及逐字段Schema、授权和唯一证据定位后追加不可变批次,2d50c1344a835ceeb832796935182aeff80bb03cecc5465c8cf3aaccbd446acd,86129966e4bc55fac18f2d7602a2309d4403f85861102128a56a80a5a0ccc1ea,0808e96f722bf0f0a5ebbf9b2744d0e9550b83807296d00604766fb1981025d7
source-identity-declaration-20260808T051008+0800-7cf99a5ed6b9,ZI-a3518b5c91cfcb0ddebabc49,DS-000240,数据库元数据,BTC,4小时;8小时;24小时;48小时,15分钟;1小时,未知,未知,未知,未知,未知,未知,未知,未知,未知,未登记,无,config/数据/来源身份声明补采.json#身份声明[],f9cf6f2a34762867a443c0a0366a7fd63f6eb254ce171133707efd3aa521c683,a9f656490ddb8a2c0687c98bf185161c1ff4e8545620daade42c31f3b709cd45,未知,未知,b3a1fc5ec72ad95e258b584f936ad46befab951e0ee9e43eaa18179e34974387,无法判定,DATABASE_METADATA_IDENTITY_UNPROVEN,本批次只读；若声明、输入、Schema或授权漂移，既有结论自动失效并须追加新批次,未读取业务正文、价格、成交、订单簿、账户或凭据；身份字段不完整,为该成员提供当前版本九字段声明及逐字段Schema、授权和唯一证据定位后追加不可变批次,2d50c1344a835ceeb832796935182aeff80bb03cecc5465c8cf3aaccbd446acd,86129966e4bc55fac18f2d7602a2309d4403f85861102128a56a80a5a0ccc1ea,8912a57df388f62b2eb164f982d89863373caa7a7beb71af6786067c4d9271b6
source-identity-declaration-20260808T051008+0800-7cf99a5ed6b9,ZI-2d19f035d654c628059e34b8,DS-000241,数据库元数据,BTC,4小时;8小时;24小时;48小时,15分钟;1小时,未知,未知,未知,未知,未知,未知,未知,未知,未知,未登记,无,config/数据/来源身份声明补采.json#身份声明[],f9cf6f2a34762867a443c0a0366a7fd63f6eb254ce171133707efd3aa521c683,a3b0dc868567565fbc694d34c2bfbe290d8bce78d7aa8020914d094b03202ca2,未知,未知,b3a1fc5ec72ad95e258b584f936ad46befab951e0ee9e43eaa18179e34974387,无法判定,DATABASE_METADATA_IDENTITY_UNPROVEN,本批次只读；若声明、输入、Schema或授权漂移，既有结论自动失效并须追加新批次,未读取业务正文、价格、成交、订单簿、账户或凭据；身份字段不完整,为该成员提供当前版本九字段声明及逐字段Schema、授权和唯一证据定位后追加不可变批次,2d50c1344a835ceeb832796935182aeff80bb03cecc5465c8cf3aaccbd446acd,86129966e4bc55fac18f2d7602a2309d4403f85861102128a56a80a5a0ccc1ea,b948639530a4a9dce757a7a07d9bbfed07eb7fa30c293b43e27f9fc266193e6e
source-identity-declaration-20260808T051008+0800-7cf99a5ed6b9,ZI-2aacde99b3989717dca21e4a,DS-000242,数据库元数据,BTC,4小时;8小时;24小时;48小时,15分钟;1小时,未知,未知,未知,未知,未知,未知,未知,未知,未知,未登记,无,config/数据/来源身份声明补采.json#身份声明[],f9cf6f2a34762867a443c0a0366a7fd63f6eb254ce171133707efd3aa521c683,f06d1d1e6c27a45590fca5ee63f74b8db5c230132951c25768af2fdb002dade8,未知,未知,b3a1fc5ec72ad95e258b584f936ad46befab951e0ee9e43eaa18179e34974387,无法判定,DATABASE_METADATA_IDENTITY_UNPROVEN,本批次只读；若声明、输入、Schema或授权漂移，既有结论自动失效并须追加新批次,未读取业务正文、价格、成交、订单簿、账户或凭据；身份字段不完整,为该成员提供当前版本九字段声明及逐字段Schema、授权和唯一证据定位后追加不可变批次,2d50c1344a835ceeb832796935182aeff80bb03cecc5465c8cf3aaccbd446acd,86129966e4bc55fac18f2d7602a2309d4403f85861102128a56a80a5a0ccc1ea,3cda36f95b1b4da860c1feb1fcd6328d0f9e4191b7732bc685e0ef149febc37b
source-identity-declaration-20260808T051008+0800-7cf99a5ed6b9,ZI-ec7ec383b739a0789e262abf,DS-000243,数据库元数据,BTC,4小时;8小时;24小时;48小时,15分钟;1小时,未知,未知,未知,未知,未知,未知,未知,未知,未知,未登记,无,config/数据/来源身份声明补采.json#身份声明[],f9cf6f2a34762867a443c0a0366a7fd63f6eb254ce171133707efd3aa521c683,8f2d433fc50cdb27ebcc8696c2f8aae7aee08cdc738e7e73e2445894e0b6429e,未知,未知,b3a1fc5ec72ad95e258b584f936ad46befab951e0ee9e43eaa18179e34974387,无法判定,DATABASE_METADATA_IDENTITY_UNPROVEN,本批次只读；若声明、输入、Schema或授权漂移，既有结论自动失效并须追加新批次,未读取业务正文、价格、成交、订单簿、账户或凭据；身份字段不完整,为该成员提供当前版本九字段声明及逐字段Schema、授权和唯一证据定位后追加不可变批次,2d50c1344a835ceeb832796935182aeff80bb03cecc5465c8cf3aaccbd446acd,86129966e4bc55fac18f2d7602a2309d4403f85861102128a56a80a5a0ccc1ea,fe94e7e4b69743de7fa78bfc31a174fc2f7b4d688e7f51bf8deb5ccf7623981c
source-identity-declaration-20260808T051008+0800-7cf99a5ed6b9,ZI-a141d598481257020e4c6917,DS-000244,数据库元数据,BTC,4小时;8小时;24小时;48小时,15分钟;1小时,未知,未知,未知,未知,未知,未知,未知,未知,未知,未登记,无,config/数据/来源身份声明补采.json#身份声明[],f9cf6f2a34762867a443c0a0366a7fd63f6eb254ce171133707efd3aa521c683,d9ccf842fc989b8040673df44f01abefc569defc18f83e6d9c5d50fe594be145,未知,未知,b3a1fc5ec72ad95e258b584f936ad46befab951e0ee9e43eaa18179e34974387,无法判定,DATABASE_METADATA_IDENTITY_UNPROVEN,本批次只读；若声明、输入、Schema或授权漂移，既有结论自动失效并须追加新批次,未读取业务正文、价格、成交、订单簿、账户或凭据；身份字段不完整,为该成员提供当前版本九字段声明及逐字段Schema、授权和唯一证据定位后追加不可变批次,2d50c1344a835ceeb832796935182aeff80bb03cecc5465c8cf3aaccbd446acd,86129966e4bc55fac18f2d7602a2309d4403f85861102128a56a80a5a0ccc1ea,21b548f1b4d3de14b340e7f2c9a843650b4ac9122a0b1ae379ab57c508160809
source-identity-declaration-20260808T051008+0800-7cf99a5ed6b9,ZI-0a136a28fb73960969c8e5ab,DS-000245,数据库元数据,BTC,4小时;8小时;24小时;48小时,15分钟;1小时,未知,未知,未知,未知,未知,未知,未知,未知,未知,未登记,无,config/数据/来源身份声明补采.json#身份声明[],f9cf6f2a34762867a443c0a0366a7fd63f6eb254ce171133707efd3aa521c683,4a802128b530c664d2cce4467dc90608e80c54df2148a9807f2f73c198908494,未知,未知,b3a1fc5ec72ad95e258b584f936ad46befab951e0ee9e43eaa18179e34974387,无法判定,DATABASE_METADATA_IDENTITY_UNPROVEN,本批次只读；若声明、输入、Schema或授权漂移，既有结论自动失效并须追加新批次,未读取业务正文、价格、成交、订单簿、账户或凭据；身份字段不完整,为该成员提供当前版本九字段声明及逐字段Schema、授权和唯一证据定位后追加不可变批次,2d50c1344a835ceeb832796935182aeff80bb03cecc5465c8cf3aaccbd446acd,86129966e4bc55fac18f2d7602a2309d4403f85861102128a56a80a5a0ccc1ea,b83f11f8adf0a3b11266e15cc2cfbfee561644f02e093b453e54b805cdae9603
source-identity-declaration-20260808T051008+0800-7cf99a5ed6b9,ZI-58ac48c83dce3eff098110c3,DS-000246,数据库元数据,BTC,4小时;8小时;24小时;48小时,15分钟;1小时,未知,未知,未知,未知,未知,未知,未知,未知,未知,未登记,无,config/数据/来源身份声明补采.json#身份声明[],f9cf6f2a34762867a443c0a0366a7fd63f6eb254ce171133707efd3aa521c683,7d64dde1f25c3737f64198c66faf0e6ab439a60473cdaa8f3b366cc1220a7b34,未知,未知,b3a1fc5ec72ad95e258b584f936ad46befab951e0ee9e43eaa18179e34974387,无法判定,DATABASE_METADATA_IDENTITY_UNPROVEN,本批次只读；若声明、输入、Schema或授权漂移，既有结论自动失效并须追加新批次,未读取业务正文、价格、成交、订单簿、账户或凭据；身份字段不完整,为该成员提供当前版本九字段声明及逐字段Schema、授权和唯一证据定位后追加不可变批次,2d50c1344a835ceeb832796935182aeff80bb03cecc5465c8cf3aaccbd446acd,86129966e4bc55fac18f2d7602a2309d4403f85861102128a56a80a5a0ccc1ea,619a5fb196f7c332f3ff31b56c82ca58c91640e35f980cc1d77c234906f022b3
source-identity-declaration-20260808T051008+0800-7cf99a5ed6b9,ZI-6e29ccb46c945b51b7439ea2,DS-000247,数据库元数据,BTC,4小时;8小时;24小时;48小时,15分钟;1小时,未知,未知,未知,未知,未知,未知,未知,未知,未知,未登记,无,config/数据/来源身份声明补采.json#身份声明[],f9cf6f2a34762867a443c0a0366a7fd63f6eb254ce171133707efd3aa521c683,87e80f8fb7aa338d10f9ea15efd48b34ebc42084728e9ba9869fa6a7eb4ca114,未知,未知,b3a1fc5ec72ad95e258b584f936ad46befab951e0ee9e43eaa18179e34974387,无法判定,DATABASE_METADATA_IDENTITY_UNPROVEN,本批次只读；若声明、输入、Schema或授权漂移，既有结论自动失效并须追加新批次,未读取业务正文、价格、成交、订单簿、账户或凭据；身份字段不完整,为该成员提供当前版本九字段声明及逐字段Schema、授权和唯一证据定位后追加不可变批次,2d50c1344a835ceeb832796935182aeff80bb03cecc5465c8cf3aaccbd446acd,86129966e4bc55fac18f2d7602a2309d4403f85861102128a56a80a5a0ccc1ea,3ecd6ce57200d0fd743024c7045d48468c83c5348ae5bf77c71452b238e9aa57
source-identity-declaration-20260808T051008+0800-7cf99a5ed6b9,ZI-380bca61b30402d70b587e35,DS-000248,数据库元数据,BTC,4小时;8小时;24小时;48小时,15分钟;1小时,未知,未知,未知,未知,未知,未知,未知,未知,未知,未登记,无,config/数据/来源身份声明补采.json#身份声明[],f9cf6f2a34762867a443c0a0366a7fd63f6eb254ce171133707efd3aa521c683,65611c0f1bf5e4f18dfc700ed64ff077d3d9c24f54cb2862a98fe7bafda25358,未知,未知,b3a1fc5ec72ad95e258b584f936ad46befab951e0ee9e43eaa18179e34974387,无法判定,DATABASE_METADATA_IDENTITY_UNPROVEN,本批次只读；若声明、输入、Schema或授权漂移，既有结论自动失效并须追加新批次,未读取业务正文、价格、成交、订单簿、账户或凭据；身份字段不完整,为该成员提供当前版本九字段声明及逐字段Schema、授权和唯一证据定位后追加不可变批次,2d50c1344a835ceeb832796935182aeff80bb03cecc5465c8cf3aaccbd446acd,86129966e4bc55fac18f2d7602a2309d4403f85861102128a56a80a5a0ccc1ea,d10b87ef8b018ecaf63159061761475d8ef795829f0d90386d2448ad512752d2
source-identity-declaration-20260808T051008+0800-7cf99a5ed6b9,ZI-22c7bc4bbe06ea5b6678e8ed,DS-000249,数据库元数据,BTC,4小时;8小时;24小时;48小时,15分钟;1小时,未知,未知,未知,未知,未知,未知,未知,未知,未知,未登记,无,config/数据/来源身份声明补采.json#身份声明[],f9cf6f2a34762867a443c0a0366a7fd63f6eb254ce171133707efd3aa521c683,aca809161e20675328dc217edad64dd8dba9342aab44d915bd0e824c22863f5e,未知,未知,b3a1fc5ec72ad95e258b584f936ad46befab951e0ee9e43eaa18179e34974387,无法判定,DATABASE_METADATA_IDENTITY_UNPROVEN,本批次只读；若声明、输入、Schema或授权漂移，既有结论自动失效并须追加新批次,未读取业务正文、价格、成交、订单簿、账户或凭据；身份字段不完整,为该成员提供当前版本九字段声明及逐字段Schema、授权和唯一证据定位后追加不可变批次,2d50c1344a835ceeb832796935182aeff80bb03cecc5465c8cf3aaccbd446acd,86129966e4bc55fac18f2d7602a2309d4403f85861102128a56a80a5a0ccc1ea,f66376c049c4ec77e87eec0ad7ec7403643959c6be6e3f5b44922bbf2ded59ab
source-identity-declaration-20260808T051008+0800-7cf99a5ed6b9,ZI-8c2a4928629aa827cfab0bbe,DS-000250,数据库元数据,BTC,4小时;8小时;24小时;48小时,15分钟;1小时,未知,未知,未知,未知,未知,未知,未知,未知,未知,未登记,无,config/数据/来源身份声明补采.json#身份声明[],f9cf6f2a34762867a443c0a0366a7fd63f6eb254ce171133707efd3aa521c683,ecb0dcb61e3f9dae7d3cae5c9d7891232f850e3a93e93c3a61f67948dbb25d6e,未知,未知,b3a1fc5ec72ad95e258b584f936ad46befab951e0ee9e43eaa18179e34974387,无法判定,DATABASE_METADATA_IDENTITY_UNPROVEN,本批次只读；若声明、输入、Schema或授权漂移，既有结论自动失效并须追加新批次,未读取业务正文、价格、成交、订单簿、账户或凭据；身份字段不完整,为该成员提供当前版本九字段声明及逐字段Schema、授权和唯一证据定位后追加不可变批次,2d50c1344a835ceeb832796935182aeff80bb03cecc5465c8cf3aaccbd446acd,86129966e4bc55fac18f2d7602a2309d4403f85861102128a56a80a5a0ccc1ea,7d2d9d6c0a2a2d4df66df9a10f645ecd944d3e486f4c18aed36970535a8cfc38
source-identity-declaration-20260808T051008+0800-7cf99a5ed6b9,ZI-5102df4ca999fece2c974d9f,DS-000251,数据库元数据,BTC,4小时;8小时;24小时;48小时,15分钟;1小时,未知,未知,未知,未知,未知,未知,未知,未知,未知,未登记,无,config/数据/来源身份声明补采.json#身份声明[],f9cf6f2a34762867a443c0a0366a7fd63f6eb254ce171133707efd3aa521c683,b816107fcd9458244e66909d10efec6cd8e2accda1bfe58a8fbf9a0669c0dd53,未知,未知,b3a1fc5ec72ad95e258b584f936ad46befab951e0ee9e43eaa18179e34974387,无法判定,DATABASE_METADATA_IDENTITY_UNPROVEN,本批次只读；若声明、输入、Schema或授权漂移，既有结论自动失效并须追加新批次,未读取业务正文、价格、成交、订单簿、账户或凭据；身份字段不完整,为该成员提供当前版本九字段声明及逐字段Schema、授权和唯一证据定位后追加不可变批次,2d50c1344a835ceeb832796935182aeff80bb03cecc5465c8cf3aaccbd446acd,86129966e4bc55fac18f2d7602a2309d4403f85861102128a56a80a5a0ccc1ea,e89a343f9267fdd809a90d8468fc4291bdad1d7c75894593ff9576e3f1a5ed75
source-identity-declaration-20260808T051008+0800-7cf99a5ed6b9,ZI-0c93b208498bfc5ca89f17bd,DS-000252,数据库元数据,BTC,4小时;8小时;24小时;48小时,15分钟;1小时,未知,未知,未知,未知,未知,未知,未知,未知,未知,未登记,无,config/数据/来源身份声明补采.json#身份声明[],f9cf6f2a34762867a443c0a0366a7fd63f6eb254ce171133707efd3aa521c683,98ba0e71e4eea4203f58a3df83e1469c57532861305d2639da67bd3bb490d481,未知,未知,b3a1fc5ec72ad95e258b584f936ad46befab951e0ee9e43eaa18179e34974387,无法判定,DATABASE_METADATA_IDENTITY_UNPROVEN,本批次只读；若声明、输入、Schema或授权漂移，既有结论自动失效并须追加新批次,未读取业务正文、价格、成交、订单簿、账户或凭据；身份字段不完整,为该成员提供当前版本九字段声明及逐字段Schema、授权和唯一证据定位后追加不可变批次,2d50c1344a835ceeb832796935182aeff80bb03cecc5465c8cf3aaccbd446acd,86129966e4bc55fac18f2d7602a2309d4403f85861102128a56a80a5a0ccc1ea,861c5631948d69a696c57adf7407978712b579a1fcb3cda4e6d2cc4724a1cd45
source-identity-declaration-20260808T051008+0800-7cf99a5ed6b9,ZI-a22bc6b5465780acab6f4202,DS-000253,数据库元数据,BTC,4小时;8小时;24小时;48小时,15分钟;1小时,未知,未知,未知,未知,未知,未知,未知,未知,未知,未登记,无,config/数据/来源身份声明补采.json#身份声明[],f9cf6f2a34762867a443c0a0366a7fd63f6eb254ce171133707efd3aa521c683,6218f5ae411a9a1c1d8031e34c1091dea2dc3f9d8700a756d1665b4011c480c1,未知,未知,b3a1fc5ec72ad95e258b584f936ad46befab951e0ee9e43eaa18179e34974387,无法判定,DATABASE_METADATA_IDENTITY_UNPROVEN,本批次只读；若声明、输入、Schema或授权漂移，既有结论自动失效并须追加新批次,未读取业务正文、价格、成交、订单簿、账户或凭据；身份字段不完整,为该成员提供当前版本九字段声明及逐字段Schema、授权和唯一证据定位后追加不可变批次,2d50c1344a835ceeb832796935182aeff80bb03cecc5465c8cf3aaccbd446acd,86129966e4bc55fac18f2d7602a2309d4403f85861102128a56a80a5a0ccc1ea,5ec657d490ee340a2431d42c21019406ccd657c8da2adb535d95d0d3248db206
source-identity-declaration-20260808T051008+0800-7cf99a5ed6b9,ZI-85c1a57db43cc467bba8305c,DS-000254,数据库元数据,BTC,4小时;8小时;24小时;48小时,15分钟;1小时,未知,未知,未知,未知,未知,未知,未知,未知,未知,未登记,无,config/数据/来源身份声明补采.json#身份声明[],f9cf6f2a34762867a443c0a0366a7fd63f6eb254ce171133707efd3aa521c683,8fb55f44c4dc05cd2f2f0afb77a649faa69a0513e90690925d91bf432e4f30ff,未知,未知,b3a1fc5ec72ad95e258b584f936ad46befab951e0ee9e43eaa18179e34974387,无法判定,DATABASE_METADATA_IDENTITY_UNPROVEN,本批次只读；若声明、输入、Schema或授权漂移，既有结论自动失效并须追加新批次,未读取业务正文、价格、成交、订单簿、账户或凭据；身份字段不完整,为该成员提供当前版本九字段声明及逐字段Schema、授权和唯一证据定位后追加不可变批次,2d50c1344a835ceeb832796935182aeff80bb03cecc5465c8cf3aaccbd446acd,86129966e4bc55fac18f2d7602a2309d4403f85861102128a56a80a5a0ccc1ea,123deeb0d32572723ce07922f80e745e3832c083fc16fac62dff7526a73eb3d8
source-identity-declaration-20260808T051008+0800-7cf99a5ed6b9,ZI-73b33d25621fcec938082f43,DS-000255,数据库元数据,BTC,4小时;8小时;24小时;48小时,15分钟;1小时,未知,未知,未知,未知,未知,未知,未知,未知,未知,未登记,无,config/数据/来源身份声明补采.json#身份声明[],f9cf6f2a34762867a443c0a0366a7fd63f6eb254ce171133707efd3aa521c683,97c901f301044a2160dd66a1a1f59d8d5958ae46cc18f7590c0234c39322f194,未知,未知,b3a1fc5ec72ad95e258b584f936ad46befab951e0ee9e43eaa18179e34974387,无法判定,DATABASE_METADATA_IDENTITY_UNPROVEN,本批次只读；若声明、输入、Schema或授权漂移，既有结论自动失效并须追加新批次,未读取业务正文、价格、成交、订单簿、账户或凭据；身份字段不完整,为该成员提供当前版本九字段声明及逐字段Schema、授权和唯一证据定位后追加不可变批次,2d50c1344a835ceeb832796935182aeff80bb03cecc5465c8cf3aaccbd446acd,86129966e4bc55fac18f2d7602a2309d4403f85861102128a56a80a5a0ccc1ea,896ddd22a9c75eebe281144d4e9b49a6e8f5910a944ae9c26ba8961a7ca21d8e
source-identity-declaration-20260808T051008+0800-7cf99a5ed6b9,ZI-efd31016c93ebe09d210630e,DS-000256,数据库元数据,BTC,4小时;8小时;24小时;48小时,15分钟;1小时,未知,未知,未知,未知,未知,未知,未知,未知,未知,未登记,无,config/数据/来源身份声明补采.json#身份声明[],f9cf6f2a34762867a443c0a0366a7fd63f6eb254ce171133707efd3aa521c683,72946cce48d978d6b90942bd0f99bd012a999fc767a59eaeb63b097815d707a9,未知,未知,b3a1fc5ec72ad95e258b584f936ad46befab951e0ee9e43eaa18179e34974387,无法判定,DATABASE_METADATA_IDENTITY_UNPROVEN,本批次只读；若声明、输入、Schema或授权漂移，既有结论自动失效并须追加新批次,未读取业务正文、价格、成交、订单簿、账户或凭据；身份字段不完整,为该成员提供当前版本九字段声明及逐字段Schema、授权和唯一证据定位后追加不可变批次,2d50c1344a835ceeb832796935182aeff80bb03cecc5465c8cf3aaccbd446acd,86129966e4bc55fac18f2d7602a2309d4403f85861102128a56a80a5a0ccc1ea,af335a7710be0e7c6e5b404f1e878c427259b2f0684bad617740aa0a06c4c6af
source-identity-declaration-20260808T051008+0800-7cf99a5ed6b9,ZI-953e551841d548cda858ff70,DS-000257,数据库元数据,BTC,4小时;8小时;24小时;48小时,15分钟;1小时,未知,未知,未知,未知,未知,未知,未知,未知,未知,未登记,无,config/数据/来源身份声明补采.json#身份声明[],f9cf6f2a34762867a443c0a0366a7fd63f6eb254ce171133707efd3aa521c683,e9a1adbad68c8e4f0b3f88a4c1d5f5e59207297fe7eb4ea9a6f3e91690974ffb,未知,未知,b3a1fc5ec72ad95e258b584f936ad46befab951e0ee9e43eaa18179e34974387,无法判定,DATABASE_METADATA_IDENTITY_UNPROVEN,本批次只读；若声明、输入、Schema或授权漂移，既有结论自动失效并须追加新批次,未读取业务正文、价格、成交、订单簿、账户或凭据；身份字段不完整,为该成员提供当前版本九字段声明及逐字段Schema、授权和唯一证据定位后追加不可变批次,2d50c1344a835ceeb832796935182aeff80bb03cecc5465c8cf3aaccbd446acd,86129966e4bc55fac18f2d7602a2309d4403f85861102128a56a80a5a0ccc1ea,8c05d6b2c2dbe35845e1b9c014cd2999bc93d40d0c18d6a6c6a4f8341e105210
source-identity-declaration-20260808T051008+0800-7cf99a5ed6b9,ZI-d37f2efffb57d6f5ffb06d2d,DS-000258,数据库元数据,BTC,4小时;8小时;24小时;48小时,15分钟;1小时,未知,未知,未知,未知,未知,未知,未知,未知,未知,未登记,无,config/数据/来源身份声明补采.json#身份声明[],f9cf6f2a34762867a443c0a0366a7fd63f6eb254ce171133707efd3aa521c683,05dc2fcb434d0937800d8432001eafe73e3969f23c72e4e6dccfa8d10a464e89,未知,未知,b3a1fc5ec72ad95e258b584f936ad46befab951e0ee9e43eaa18179e34974387,无法判定,DATABASE_METADATA_IDENTITY_UNPROVEN,本批次只读；若声明、输入、Schema或授权漂移，既有结论自动失效并须追加新批次,未读取业务正文、价格、成交、订单簿、账户或凭据；身份字段不完整,为该成员提供当前版本九字段声明及逐字段Schema、授权和唯一证据定位后追加不可变批次,2d50c1344a835ceeb832796935182aeff80bb03cecc5465c8cf3aaccbd446acd,86129966e4bc55fac18f2d7602a2309d4403f85861102128a56a80a5a0ccc1ea,88e5705faf972b0126b8f325c1f5600b73125c3fdbb41951b64b74e60708a02d
source-identity-declaration-20260808T051008+0800-7cf99a5ed6b9,ZI-28bd91890e197979dbe3d557,DS-000259,数据库元数据,BTC,4小时;8小时;24小时;48小时,15分钟;1小时,未知,未知,未知,未知,未知,未知,未知,未知,未知,未登记,无,config/数据/来源身份声明补采.json#身份声明[],f9cf6f2a34762867a443c0a0366a7fd63f6eb254ce171133707efd3aa521c683,1cd773853ef33cb8f6d7c1280729bf82e0b795d62cb20a76d636135bcdf110fc,未知,未知,b3a1fc5ec72ad95e258b584f936ad46befab951e0ee9e43eaa18179e34974387,无法判定,DATABASE_METADATA_IDENTITY_UNPROVEN,本批次只读；若声明、输入、Schema或授权漂移，既有结论自动失效并须追加新批次,未读取业务正文、价格、成交、订单簿、账户或凭据；身份字段不完整,为该成员提供当前版本九字段声明及逐字段Schema、授权和唯一证据定位后追加不可变批次,2d50c1344a835ceeb832796935182aeff80bb03cecc5465c8cf3aaccbd446acd,86129966e4bc55fac18f2d7602a2309d4403f85861102128a56a80a5a0ccc1ea,b3bc079fff2b6d0c0ae0b4b856dc104e6cbe0d44695a8093a7a6ba749e144acb
source-identity-declaration-20260808T051008+0800-7cf99a5ed6b9,ZI-8adfeb2ba520a08a1239da21,DS-000260,数据库元数据,BTC,4小时;8小时;24小时;48小时,15分钟;1小时,未知,未知,未知,未知,未知,未知,未知,未知,未知,未登记,无,config/数据/来源身份声明补采.json#身份声明[],f9cf6f2a34762867a443c0a0366a7fd63f6eb254ce171133707efd3aa521c683,401f3e557d030bd2429821a0c387907103f5a6996eed7ad975e0b5013f0313e6,未知,未知,b3a1fc5ec72ad95e258b584f936ad46befab951e0ee9e43eaa18179e34974387,无法判定,DATABASE_METADATA_IDENTITY_UNPROVEN,本批次只读；若声明、输入、Schema或授权漂移，既有结论自动失效并须追加新批次,未读取业务正文、价格、成交、订单簿、账户或凭据；身份字段不完整,为该成员提供当前版本九字段声明及逐字段Schema、授权和唯一证据定位后追加不可变批次,2d50c1344a835ceeb832796935182aeff80bb03cecc5465c8cf3aaccbd446acd,86129966e4bc55fac18f2d7602a2309d4403f85861102128a56a80a5a0ccc1ea,d54f7bb4a45ebc4e84566170ef9e164695364786e08d477929bf468d3cc51f54
source-identity-declaration-20260808T051008+0800-7cf99a5ed6b9,ZI-4d56ade81bc7c6b89f3f4919,DS-000261,数据库元数据,BTC,4小时;8小时;24小时;48小时,15分钟;1小时,未知,未知,未知,未知,未知,未知,未知,未知,未知,未登记,无,config/数据/来源身份声明补采.json#身份声明[],f9cf6f2a34762867a443c0a0366a7fd63f6eb254ce171133707efd3aa521c683,a9f85bb1dc0b933fe331584b1457e01f02ef7ff90e431451c038e26336977746,未知,未知,b3a1fc5ec72ad95e258b584f936ad46befab951e0ee9e43eaa18179e34974387,无法判定,DATABASE_METADATA_IDENTITY_UNPROVEN,本批次只读；若声明、输入、Schema或授权漂移，既有结论自动失效并须追加新批次,未读取业务正文、价格、成交、订单簿、账户或凭据；身份字段不完整,为该成员提供当前版本九字段声明及逐字段Schema、授权和唯一证据定位后追加不可变批次,2d50c1344a835ceeb832796935182aeff80bb03cecc5465c8cf3aaccbd446acd,86129966e4bc55fac18f2d7602a2309d4403f85861102128a56a80a5a0ccc1ea,0054c4c6d5729cb9a2ece5034c3a0e0e182f40476c1bfb946fd9f331430f3128
source-identity-declaration-20260808T051008+0800-7cf99a5ed6b9,ZI-2575b474caa6b55a94f14d0a,DS-000262,数据库元数据,BTC,4小时;8小时;24小时;48小时,15分钟;1小时,未知,未知,未知,未知,未知,未知,未知,未知,未知,未登记,无,config/数据/来源身份声明补采.json#身份声明[],f9cf6f2a34762867a443c0a0366a7fd63f6eb254ce171133707efd3aa521c683,b8a6749e0560113c220e491aa3837fbbc46a199eea8b154ba402234b3fe136c3,未知,未知,b3a1fc5ec72ad95e258b584f936ad46befab951e0ee9e43eaa18179e34974387,无法判定,DATABASE_METADATA_IDENTITY_UNPROVEN,本批次只读；若声明、输入、Schema或授权漂移，既有结论自动失效并须追加新批次,未读取业务正文、价格、成交、订单簿、账户或凭据；身份字段不完整,为该成员提供当前版本九字段声明及逐字段Schema、授权和唯一证据定位后追加不可变批次,2d50c1344a835ceeb832796935182aeff80bb03cecc5465c8cf3aaccbd446acd,86129966e4bc55fac18f2d7602a2309d4403f85861102128a56a80a5a0ccc1ea,7b5e7c63cc03d40e244fc3844d44ec47eac8396eb422aa3c03e08f58bc708985
source-identity-declaration-20260808T051008+0800-7cf99a5ed6b9,ZI-3a9cc5175040973510b7a981,DS-000263,数据库元数据,BTC,4小时;8小时;24小时;48小时,15分钟;1小时,未知,未知,未知,未知,未知,未知,未知,未知,未知,未登记,无,config/数据/来源身份声明补采.json#身份声明[],f9cf6f2a34762867a443c0a0366a7fd63f6eb254ce171133707efd3aa521c683,88da7335bdb9dec72ed997ca4fa5e1dfa14b14965380d3de3b4d82bafa7ba8e6,未知,未知,b3a1fc5ec72ad95e258b584f936ad46befab951e0ee9e43eaa18179e34974387,无法判定,DATABASE_METADATA_IDENTITY_UNPROVEN,本批次只读；若声明、输入、Schema或授权漂移，既有结论自动失效并须追加新批次,未读取业务正文、价格、成交、订单簿、账户或凭据；身份字段不完整,为该成员提供当前版本九字段声明及逐字段Schema、授权和唯一证据定位后追加不可变批次,2d50c1344a835ceeb832796935182aeff80bb03cecc5465c8cf3aaccbd446acd,86129966e4bc55fac18f2d7602a2309d4403f85861102128a56a80a5a0ccc1ea,9c0922cc84002df5b80ec484a2be1b40abc67bea78fe64aafceef77ad732580b
source-identity-declaration-20260808T051008+0800-7cf99a5ed6b9,ZI-7a7a75b0b1cbfcb9417167f5,DS-000264,数据库元数据,BTC,4小时;8小时;24小时;48小时,15分钟;1小时,未知,未知,未知,未知,未知,未知,未知,未知,未知,未登记,无,config/数据/来源身份声明补采.json#身份声明[],f9cf6f2a34762867a443c0a0366a7fd63f6eb254ce171133707efd3aa521c683,474ef8452df7b494b2e90829b34983df559699b8d2cf94b36731bfcedb517544,未知,未知,b3a1fc5ec72ad95e258b584f936ad46befab951e0ee9e43eaa18179e34974387,无法判定,DATABASE_METADATA_IDENTITY_UNPROVEN,本批次只读；若声明、输入、Schema或授权漂移，既有结论自动失效并须追加新批次,未读取业务正文、价格、成交、订单簿、账户或凭据；身份字段不完整,为该成员提供当前版本九字段声明及逐字段Schema、授权和唯一证据定位后追加不可变批次,2d50c1344a835ceeb832796935182aeff80bb03cecc5465c8cf3aaccbd446acd,86129966e4bc55fac18f2d7602a2309d4403f85861102128a56a80a5a0ccc1ea,6115f4b7a2fcfb76d2bcd5bcf0782f077711c427c87bc85f84315b79d25d6c38
source-identity-declaration-20260808T051008+0800-7cf99a5ed6b9,ZI-03657fc4a6aca5c9bb15a181,DS-000265,数据库元数据,BTC,4小时;8小时;24小时;48小时,15分钟;1小时,未知,未知,未知,未知,未知,未知,未知,未知,未知,未登记,无,config/数据/来源身份声明补采.json#身份声明[],f9cf6f2a34762867a443c0a0366a7fd63f6eb254ce171133707efd3aa521c683,5e24f63ab8f417987a50c39d32718c38ba94e1de57ac2745a718cc5ec794238a,未知,未知,b3a1fc5ec72ad95e258b584f936ad46befab951e0ee9e43eaa18179e34974387,无法判定,DATABASE_METADATA_IDENTITY_UNPROVEN,本批次只读；若声明、输入、Schema或授权漂移，既有结论自动失效并须追加新批次,未读取业务正文、价格、成交、订单簿、账户或凭据；身份字段不完整,为该成员提供当前版本九字段声明及逐字段Schema、授权和唯一证据定位后追加不可变批次,2d50c1344a835ceeb832796935182aeff80bb03cecc5465c8cf3aaccbd446acd,86129966e4bc55fac18f2d7602a2309d4403f85861102128a56a80a5a0ccc1ea,44ab7006845148267cd0dee419e1f2cb405c886547b203cf1bb73a0b4dbae103
source-identity-declaration-20260808T051008+0800-7cf99a5ed6b9,ZI-19c4ddf189f5c49d48d5eb86,DS-000266,数据库元数据,BTC,4小时;8小时;24小时;48小时,15分钟;1小时,未知,未知,未知,未知,未知,未知,未知,未知,未知,未登记,无,config/数据/来源身份声明补采.json#身份声明[],f9cf6f2a34762867a443c0a0366a7fd63f6eb254ce171133707efd3aa521c683,9ec4dbfaf5336e4c4d9f5ce4ad4098db90b8baac6f44296a4b7aa43839353d19,未知,未知,b3a1fc5ec72ad95e258b584f936ad46befab951e0ee9e43eaa18179e34974387,无法判定,DATABASE_METADATA_IDENTITY_UNPROVEN,本批次只读；若声明、输入、Schema或授权漂移，既有结论自动失效并须追加新批次,未读取业务正文、价格、成交、订单簿、账户或凭据；身份字段不完整,为该成员提供当前版本九字段声明及逐字段Schema、授权和唯一证据定位后追加不可变批次,2d50c1344a835ceeb832796935182aeff80bb03cecc5465c8cf3aaccbd446acd,86129966e4bc55fac18f2d7602a2309d4403f85861102128a56a80a5a0ccc1ea,426210e65943457541de5decba2020199026dccb3f35f798a43d677b51f2b39a
source-identity-declaration-20260808T051008+0800-7cf99a5ed6b9,ZI-c1a07615c0e7fb104e27c6f8,DS-000267,数据库元数据,BTC,4小时;8小时;24小时;48小时,15分钟;1小时,未知,未知,未知,未知,未知,未知,未知,未知,未知,未登记,无,config/数据/来源身份声明补采.json#身份声明[],f9cf6f2a34762867a443c0a0366a7fd63f6eb254ce171133707efd3aa521c683,e7f6d4ff14fbb9aee41d9c66f271b8ce269ce023dbdbbce5c6f48152b31da3ef,未知,未知,b3a1fc5ec72ad95e258b584f936ad46befab951e0ee9e43eaa18179e34974387,无法判定,DATABASE_METADATA_IDENTITY_UNPROVEN,本批次只读；若声明、输入、Schema或授权漂移，既有结论自动失效并须追加新批次,未读取业务正文、价格、成交、订单簿、账户或凭据；身份字段不完整,为该成员提供当前版本九字段声明及逐字段Schema、授权和唯一证据定位后追加不可变批次,2d50c1344a835ceeb832796935182aeff80bb03cecc5465c8cf3aaccbd446acd,86129966e4bc55fac18f2d7602a2309d4403f85861102128a56a80a5a0ccc1ea,64fd2026e9d088c9a7a36dfdf637bdf34be4e3a72f4a2ca48e1795279dd5f6bd
source-identity-declaration-20260808T051008+0800-7cf99a5ed6b9,ZI-efac29c1e378c8a730565981,DS-000268,数据库元数据,BTC,4小时;8小时;24小时;48小时,15分钟;1小时,未知,未知,未知,未知,未知,未知,未知,未知,未知,未登记,无,config/数据/来源身份声明补采.json#身份声明[],f9cf6f2a34762867a443c0a0366a7fd63f6eb254ce171133707efd3aa521c683,4803e9627f705d300d20509eaf83377393d2e5744750aedc6e586f6548fca8cf,未知,未知,b3a1fc5ec72ad95e258b584f936ad46befab951e0ee9e43eaa18179e34974387,无法判定,DATABASE_METADATA_IDENTITY_UNPROVEN,本批次只读；若声明、输入、Schema或授权漂移，既有结论自动失效并须追加新批次,未读取业务正文、价格、成交、订单簿、账户或凭据；身份字段不完整,为该成员提供当前版本九字段声明及逐字段Schema、授权和唯一证据定位后追加不可变批次,2d50c1344a835ceeb832796935182aeff80bb03cecc5465c8cf3aaccbd446acd,86129966e4bc55fac18f2d7602a2309d4403f85861102128a56a80a5a0ccc1ea,03fc65a194ed1fc1fec0e3864461c7eec87d3be18cdb538fb596a1119d099029
source-identity-declaration-20260808T051008+0800-7cf99a5ed6b9,ZI-4fb67a12a52433fb048d937b,DS-000269,数据库元数据,BTC,4小时;8小时;24小时;48小时,15分钟;1小时,未知,未知,未知,未知,未知,未知,未知,未知,未知,未登记,无,config/数据/来源身份声明补采.json#身份声明[],f9cf6f2a34762867a443c0a0366a7fd63f6eb254ce171133707efd3aa521c683,306e9d1ebd248b8aaea8e6db506482b6fb9679820c694bb23bc5d54912fe5e05,未知,未知,b3a1fc5ec72ad95e258b584f936ad46befab951e0ee9e43eaa18179e34974387,无法判定,DATABASE_METADATA_IDENTITY_UNPROVEN,本批次只读；若声明、输入、Schema或授权漂移，既有结论自动失效并须追加新批次,未读取业务正文、价格、成交、订单簿、账户或凭据；身份字段不完整,为该成员提供当前版本九字段声明及逐字段Schema、授权和唯一证据定位后追加不可变批次,2d50c1344a835ceeb832796935182aeff80bb03cecc5465c8cf3aaccbd446acd,86129966e4bc55fac18f2d7602a2309d4403f85861102128a56a80a5a0ccc1ea,81d8843d6e1c0bb1bad90cb7794bd4a2ed86a598eff5616a4e34970ce9dd75cc
source-identity-declaration-20260808T051008+0800-7cf99a5ed6b9,ZI-2f51fb90c462b515962a8a75,DS-000270,数据库元数据,BTC,4小时;8小时;24小时;48小时,15分钟;1小时,未知,未知,未知,未知,未知,未知,未知,未知,未知,未登记,无,config/数据/来源身份声明补采.json#身份声明[],f9cf6f2a34762867a443c0a0366a7fd63f6eb254ce171133707efd3aa521c683,95f8505a488937ebddda6f0e9846dfdf89d1295922aaa46fa86f783e28904115,未知,未知,b3a1fc5ec72ad95e258b584f936ad46befab951e0ee9e43eaa18179e34974387,无法判定,DATABASE_METADATA_IDENTITY_UNPROVEN,本批次只读；若声明、输入、Schema或授权漂移，既有结论自动失效并须追加新批次,未读取业务正文、价格、成交、订单簿、账户或凭据；身份字段不完整,为该成员提供当前版本九字段声明及逐字段Schema、授权和唯一证据定位后追加不可变批次,2d50c1344a835ceeb832796935182aeff80bb03cecc5465c8cf3aaccbd446acd,86129966e4bc55fac18f2d7602a2309d4403f85861102128a56a80a5a0ccc1ea,6824d3f6fda32e3bb8e6fa3f37cf4518ea41301e2d6c3024a54601beffe788dd
source-identity-declaration-20260808T051008+0800-7cf99a5ed6b9,ZI-3edb6b3e4170969b74673238,DS-000271,数据库元数据,BTC,4小时;8小时;24小时;48小时,15分钟;1小时,未知,未知,未知,未知,未知,未知,未知,未知,未知,未登记,无,config/数据/来源身份声明补采.json#身份声明[],f9cf6f2a34762867a443c0a0366a7fd63f6eb254ce171133707efd3aa521c683,f604d30fca95af10cef6f2d1d42f0a77ca097a72e2a4892d7695ea06b814087e,未知,未知,b3a1fc5ec72ad95e258b584f936ad46befab951e0ee9e43eaa18179e34974387,无法判定,DATABASE_METADATA_IDENTITY_UNPROVEN,本批次只读；若声明、输入、Schema或授权漂移，既有结论自动失效并须追加新批次,未读取业务正文、价格、成交、订单簿、账户或凭据；身份字段不完整,为该成员提供当前版本九字段声明及逐字段Schema、授权和唯一证据定位后追加不可变批次,2d50c1344a835ceeb832796935182aeff80bb03cecc5465c8cf3aaccbd446acd,86129966e4bc55fac18f2d7602a2309d4403f85861102128a56a80a5a0ccc1ea,f8ef2264d226445e6f4984943825dec9b275e7db7e472f5c12603d4cee0a7731
source-identity-declaration-20260808T051008+0800-7cf99a5ed6b9,ZI-9a7966ad0c01a9ec001f8d58,DS-000272,数据库元数据,BTC,4小时;8小时;24小时;48小时,15分钟;1小时,未知,未知,未知,未知,未知,未知,未知,未知,未知,未登记,无,config/数据/来源身份声明补采.json#身份声明[],f9cf6f2a34762867a443c0a0366a7fd63f6eb254ce171133707efd3aa521c683,7790a7096a82194b8ce40632577b34f15029864f0d73ca67f2309a4a5771c546,未知,未知,b3a1fc5ec72ad95e258b584f936ad46befab951e0ee9e43eaa18179e34974387,无法判定,DATABASE_METADATA_IDENTITY_UNPROVEN,本批次只读；若声明、输入、Schema或授权漂移，既有结论自动失效并须追加新批次,未读取业务正文、价格、成交、订单簿、账户或凭据；身份字段不完整,为该成员提供当前版本九字段声明及逐字段Schema、授权和唯一证据定位后追加不可变批次,2d50c1344a835ceeb832796935182aeff80bb03cecc5465c8cf3aaccbd446acd,86129966e4bc55fac18f2d7602a2309d4403f85861102128a56a80a5a0ccc1ea,40e012e00f1b37c1e9a0438557b5d26bca68ab321b188f2e81a078a41a5f92a3
source-identity-declaration-20260808T051008+0800-7cf99a5ed6b9,ZI-eb2c5c93c282316b61a4ff30,DS-000273,数据库元数据,BTC,4小时;8小时;24小时;48小时,15分钟;1小时,未知,未知,未知,未知,未知,未知,未知,未知,未知,未登记,无,config/数据/来源身份声明补采.json#身份声明[],f9cf6f2a34762867a443c0a0366a7fd63f6eb254ce171133707efd3aa521c683,a644234938a03b68cc0be912f99fd12eecc36270251217d470225f7047a900e1,未知,未知,b3a1fc5ec72ad95e258b584f936ad46befab951e0ee9e43eaa18179e34974387,无法判定,DATABASE_METADATA_IDENTITY_UNPROVEN,本批次只读；若声明、输入、Schema或授权漂移，既有结论自动失效并须追加新批次,未读取业务正文、价格、成交、订单簿、账户或凭据；身份字段不完整,为该成员提供当前版本九字段声明及逐字段Schema、授权和唯一证据定位后追加不可变批次,2d50c1344a835ceeb832796935182aeff80bb03cecc5465c8cf3aaccbd446acd,86129966e4bc55fac18f2d7602a2309d4403f85861102128a56a80a5a0ccc1ea,0c3b736a9a6adc302cd3ff4de61b665ede7543a2a1097927b00ecb9ecb7013ac
source-identity-declaration-20260808T051008+0800-7cf99a5ed6b9,ZI-c005be10dde98908c70e6d5b,DS-000274,数据库元数据,BTC,4小时;8小时;24小时;48小时,15分钟;1小时,未知,未知,未知,未知,未知,未知,未知,未知,未知,未登记,无,config/数据/来源身份声明补采.json#身份声明[],f9cf6f2a34762867a443c0a0366a7fd63f6eb254ce171133707efd3aa521c683,56318299b0d280227cabfa2f1672b2c87315c5e40fbfae0740be47ade1d1af81,未知,未知,b3a1fc5ec72ad95e258b584f936ad46befab951e0ee9e43eaa18179e34974387,无法判定,DATABASE_METADATA_IDENTITY_UNPROVEN,本批次只读；若声明、输入、Schema或授权漂移，既有结论自动失效并须追加新批次,未读取业务正文、价格、成交、订单簿、账户或凭据；身份字段不完整,为该成员提供当前版本九字段声明及逐字段Schema、授权和唯一证据定位后追加不可变批次,2d50c1344a835ceeb832796935182aeff80bb03cecc5465c8cf3aaccbd446acd,86129966e4bc55fac18f2d7602a2309d4403f85861102128a56a80a5a0ccc1ea,c0a21a7fe6af37df5b4523aeb071b54b44f5a2356628d3373fc2715220b49e6f
source-identity-declaration-20260808T051008+0800-7cf99a5ed6b9,ZI-e764442e3e2fb3921a8a3d6c,DS-000275,数据库元数据,BTC,4小时;8小时;24小时;48小时,15分钟;1小时,未知,未知,未知,未知,未知,未知,未知,未知,未知,未登记,无,config/数据/来源身份声明补采.json#身份声明[],f9cf6f2a34762867a443c0a0366a7fd63f6eb254ce171133707efd3aa521c683,73610ec234845390268c10b094aaa11475cbf536d943f9b58d68fb3b943ab020,未知,未知,b3a1fc5ec72ad95e258b584f936ad46befab951e0ee9e43eaa18179e34974387,无法判定,DATABASE_METADATA_IDENTITY_UNPROVEN,本批次只读；若声明、输入、Schema或授权漂移，既有结论自动失效并须追加新批次,未读取业务正文、价格、成交、订单簿、账户或凭据；身份字段不完整,为该成员提供当前版本九字段声明及逐字段Schema、授权和唯一证据定位后追加不可变批次,2d50c1344a835ceeb832796935182aeff80bb03cecc5465c8cf3aaccbd446acd,86129966e4bc55fac18f2d7602a2309d4403f85861102128a56a80a5a0ccc1ea,58412772f2fff8aa80172db1e42c3b04b93fd1cfc50fa9bc0b288985e3b2ce09
source-identity-declaration-20260808T051008+0800-7cf99a5ed6b9,ZI-5fede2bc330f560e5f877502,DS-000276,数据库元数据,BTC,4小时;8小时;24小时;48小时,15分钟;1小时,未知,未知,未知,未知,未知,未知,未知,未知,未知,未登记,无,config/数据/来源身份声明补采.json#身份声明[],f9cf6f2a34762867a443c0a0366a7fd63f6eb254ce171133707efd3aa521c683,63d1274ea3fb1103b26995399caac6aa6b1ff7dc21c80113d3c7a5ee47a9c26b,未知,未知,b3a1fc5ec72ad95e258b584f936ad46befab951e0ee9e43eaa18179e34974387,无法判定,DATABASE_METADATA_IDENTITY_UNPROVEN,本批次只读；若声明、输入、Schema或授权漂移，既有结论自动失效并须追加新批次,未读取业务正文、价格、成交、订单簿、账户或凭据；身份字段不完整,为该成员提供当前版本九字段声明及逐字段Schema、授权和唯一证据定位后追加不可变批次,2d50c1344a835ceeb832796935182aeff80bb03cecc5465c8cf3aaccbd446acd,86129966e4bc55fac18f2d7602a2309d4403f85861102128a56a80a5a0ccc1ea,d103e58fcb2483a2d5b6b408627846ac22e938d0e689072a161d9d7dc07e8cbc
source-identity-declaration-20260808T051008+0800-7cf99a5ed6b9,ZI-502d6291fb7602ba575b4506,DS-000277,数据库元数据,BTC,4小时;8小时;24小时;48小时,15分钟;1小时,未知,未知,未知,未知,未知,未知,未知,未知,未知,未登记,无,config/数据/来源身份声明补采.json#身份声明[],f9cf6f2a34762867a443c0a0366a7fd63f6eb254ce171133707efd3aa521c683,e503bb6f17a82b37b897771791caaa1e29e80668c0428f0681b923834b9065f5,未知,未知,b3a1fc5ec72ad95e258b584f936ad46befab951e0ee9e43eaa18179e34974387,无法判定,DATABASE_METADATA_IDENTITY_UNPROVEN,本批次只读；若声明、输入、Schema或授权漂移，既有结论自动失效并须追加新批次,未读取业务正文、价格、成交、订单簿、账户或凭据；身份字段不完整,为该成员提供当前版本九字段声明及逐字段Schema、授权和唯一证据定位后追加不可变批次,2d50c1344a835ceeb832796935182aeff80bb03cecc5465c8cf3aaccbd446acd,86129966e4bc55fac18f2d7602a2309d4403f85861102128a56a80a5a0ccc1ea,5f16124ae39a93bbb7d9086c175f351f53f2daf158a7ddbb39ab0d74704c82fc
source-identity-declaration-20260808T051008+0800-7cf99a5ed6b9,ZI-32008303cccdd6eb958789ce,DS-000278,数据库元数据,BTC,4小时;8小时;24小时;48小时,15分钟;1小时,未知,未知,未知,未知,未知,未知,未知,未知,未知,未登记,无,config/数据/来源身份声明补采.json#身份声明[],f9cf6f2a34762867a443c0a0366a7fd63f6eb254ce171133707efd3aa521c683,fa4552653682a5a645abc7d003707a2b955e9f15d42bfe64289d2fb28e2a191b,未知,未知,b3a1fc5ec72ad95e258b584f936ad46befab951e0ee9e43eaa18179e34974387,无法判定,DATABASE_METADATA_IDENTITY_UNPROVEN,本批次只读；若声明、输入、Schema或授权漂移，既有结论自动失效并须追加新批次,未读取业务正文、价格、成交、订单簿、账户或凭据；身份字段不完整,为该成员提供当前版本九字段声明及逐字段Schema、授权和唯一证据定位后追加不可变批次,2d50c1344a835ceeb832796935182aeff80bb03cecc5465c8cf3aaccbd446acd,86129966e4bc55fac18f2d7602a2309d4403f85861102128a56a80a5a0ccc1ea,d4117cfb6c95553643f8b5840e0c4e9ed059ec59a45d10a6d6d476797408b9a0
source-identity-declaration-20260808T051008+0800-7cf99a5ed6b9,ZI-d901d9e5d0e680855139a4e7,DS-000279,数据库元数据,BTC,4小时;8小时;24小时;48小时,15分钟;1小时,未知,未知,未知,未知,未知,未知,未知,未知,未知,未登记,无,config/数据/来源身份声明补采.json#身份声明[],f9cf6f2a34762867a443c0a0366a7fd63f6eb254ce171133707efd3aa521c683,2d111721e4691350f2689d5218c339e609ff789ab1ffd957cf1e86f6c2e28de6,未知,未知,b3a1fc5ec72ad95e258b584f936ad46befab951e0ee9e43eaa18179e34974387,无法判定,DATABASE_METADATA_IDENTITY_UNPROVEN,本批次只读；若声明、输入、Schema或授权漂移，既有结论自动失效并须追加新批次,未读取业务正文、价格、成交、订单簿、账户或凭据；身份字段不完整,为该成员提供当前版本九字段声明及逐字段Schema、授权和唯一证据定位后追加不可变批次,2d50c1344a835ceeb832796935182aeff80bb03cecc5465c8cf3aaccbd446acd,86129966e4bc55fac18f2d7602a2309d4403f85861102128a56a80a5a0ccc1ea,ccea05d9c2272afdc0818f43e80c98a5d53f4972edc8f5aab625f14e6e85faf1
source-identity-declaration-20260808T051008+0800-7cf99a5ed6b9,ZI-9310dae99e845f2c611ff84d,DS-000280,数据库元数据,BTC,4小时;8小时;24小时;48小时,15分钟;1小时,未知,未知,未知,未知,未知,未知,未知,未知,未知,未登记,无,config/数据/来源身份声明补采.json#身份声明[],f9cf6f2a34762867a443c0a0366a7fd63f6eb254ce171133707efd3aa521c683,cac55077234265c74dafb73c9f43c185891c7807117d29f5189237391804df69,未知,未知,b3a1fc5ec72ad95e258b584f936ad46befab951e0ee9e43eaa18179e34974387,无法判定,DATABASE_METADATA_IDENTITY_UNPROVEN,本批次只读；若声明、输入、Schema或授权漂移，既有结论自动失效并须追加新批次,未读取业务正文、价格、成交、订单簿、账户或凭据；身份字段不完整,为该成员提供当前版本九字段声明及逐字段Schema、授权和唯一证据定位后追加不可变批次,2d50c1344a835ceeb832796935182aeff80bb03cecc5465c8cf3aaccbd446acd,86129966e4bc55fac18f2d7602a2309d4403f85861102128a56a80a5a0ccc1ea,ff88aa53420bf0e407cb500a85bd1189f3265c463b43b16d56f822d1992ea135
source-identity-declaration-20260808T051008+0800-7cf99a5ed6b9,ZI-25c83899a04421177c29eae2,DS-000281,数据库元数据,BTC,4小时;8小时;24小时;48小时,15分钟;1小时,未知,未知,未知,未知,未知,未知,未知,未知,未知,未登记,无,config/数据/来源身份声明补采.json#身份声明[],f9cf6f2a34762867a443c0a0366a7fd63f6eb254ce171133707efd3aa521c683,741c6415aff8d57d93fa7fc8db0f4bb0ff4bbf74847310eda08d9494ab0c9d11,未知,未知,b3a1fc5ec72ad95e258b584f936ad46befab951e0ee9e43eaa18179e34974387,无法判定,DATABASE_METADATA_IDENTITY_UNPROVEN,本批次只读；若声明、输入、Schema或授权漂移，既有结论自动失效并须追加新批次,未读取业务正文、价格、成交、订单簿、账户或凭据；身份字段不完整,为该成员提供当前版本九字段声明及逐字段Schema、授权和唯一证据定位后追加不可变批次,2d50c1344a835ceeb832796935182aeff80bb03cecc5465c8cf3aaccbd446acd,86129966e4bc55fac18f2d7602a2309d4403f85861102128a56a80a5a0ccc1ea,c7500939da0aa6fb520c11c39bbffe5dc967676fb489c121f1dd3a14da59c9fd
source-identity-declaration-20260808T051008+0800-7cf99a5ed6b9,ZI-5863cb2f07c35ad0b6171bf6,DS-000282,数据库元数据,BTC,4小时;8小时;24小时;48小时,15分钟;1小时,未知,未知,未知,未知,未知,未知,未知,未知,未知,未登记,无,config/数据/来源身份声明补采.json#身份声明[],f9cf6f2a34762867a443c0a0366a7fd63f6eb254ce171133707efd3aa521c683,cc517e52dad87d6b0eb540fd207279b11705531034a2728e4ef4b5a54557fd22,未知,未知,b3a1fc5ec72ad95e258b584f936ad46befab951e0ee9e43eaa18179e34974387,无法判定,DATABASE_METADATA_IDENTITY_UNPROVEN,本批次只读；若声明、输入、Schema或授权漂移，既有结论自动失效并须追加新批次,未读取业务正文、价格、成交、订单簿、账户或凭据；身份字段不完整,为该成员提供当前版本九字段声明及逐字段Schema、授权和唯一证据定位后追加不可变批次,2d50c1344a835ceeb832796935182aeff80bb03cecc5465c8cf3aaccbd446acd,86129966e4bc55fac18f2d7602a2309d4403f85861102128a56a80a5a0ccc1ea,29970bd3345f4e1586ccdd00b08354e94fea2f53f06fadd276cf0a193b739b89
source-identity-declaration-20260808T051008+0800-7cf99a5ed6b9,ZI-115332fe0b53164582e6b5c9,DS-000283,数据库元数据,BTC,4小时;8小时;24小时;48小时,15分钟;1小时,未知,未知,未知,未知,未知,未知,未知,未知,未知,未登记,无,config/数据/来源身份声明补采.json#身份声明[],f9cf6f2a34762867a443c0a0366a7fd63f6eb254ce171133707efd3aa521c683,7588ce35230cdca962b93d28bc9de83f177f830d6bb53403b474a03a29596210,未知,未知,b3a1fc5ec72ad95e258b584f936ad46befab951e0ee9e43eaa18179e34974387,无法判定,DATABASE_METADATA_IDENTITY_UNPROVEN,本批次只读；若声明、输入、Schema或授权漂移，既有结论自动失效并须追加新批次,未读取业务正文、价格、成交、订单簿、账户或凭据；身份字段不完整,为该成员提供当前版本九字段声明及逐字段Schema、授权和唯一证据定位后追加不可变批次,2d50c1344a835ceeb832796935182aeff80bb03cecc5465c8cf3aaccbd446acd,86129966e4bc55fac18f2d7602a2309d4403f85861102128a56a80a5a0ccc1ea,20181035e7283b053168fc3678b36cc661d33ac368fac4d895b482a5b2788af3
source-identity-declaration-20260808T051008+0800-7cf99a5ed6b9,ZI-e9e8a22d61190954369afd29,DS-000284,数据库元数据,BTC,4小时;8小时;24小时;48小时,15分钟;1小时,未知,未知,未知,未知,未知,未知,未知,未知,未知,未登记,无,config/数据/来源身份声明补采.json#身份声明[],f9cf6f2a34762867a443c0a0366a7fd63f6eb254ce171133707efd3aa521c683,0809927212405ebae149f168b347d25ea15f080cd46ffe4f4dcf4e78c2021a92,未知,未知,b3a1fc5ec72ad95e258b584f936ad46befab951e0ee9e43eaa18179e34974387,无法判定,DATABASE_METADATA_IDENTITY_UNPROVEN,本批次只读；若声明、输入、Schema或授权漂移，既有结论自动失效并须追加新批次,未读取业务正文、价格、成交、订单簿、账户或凭据；身份字段不完整,为该成员提供当前版本九字段声明及逐字段Schema、授权和唯一证据定位后追加不可变批次,2d50c1344a835ceeb832796935182aeff80bb03cecc5465c8cf3aaccbd446acd,86129966e4bc55fac18f2d7602a2309d4403f85861102128a56a80a5a0ccc1ea,d3e6a6bd934a5b809afabb5f9f97bed6eeff54ba6bec639d4c836a62001f168e
source-identity-declaration-20260808T051008+0800-7cf99a5ed6b9,ZI-f4460123dbdc8005765d844b,DS-000285,数据库元数据,BTC,4小时;8小时;24小时;48小时,15分钟;1小时,未知,未知,未知,未知,未知,未知,未知,未知,未知,未登记,无,config/数据/来源身份声明补采.json#身份声明[],f9cf6f2a34762867a443c0a0366a7fd63f6eb254ce171133707efd3aa521c683,59f4b36536bca90c9ccbe3ed41c85a0edc295a6957a22310fb2e2dbacb47bd59,未知,未知,b3a1fc5ec72ad95e258b584f936ad46befab951e0ee9e43eaa18179e34974387,无法判定,DATABASE_METADATA_IDENTITY_UNPROVEN,本批次只读；若声明、输入、Schema或授权漂移，既有结论自动失效并须追加新批次,未读取业务正文、价格、成交、订单簿、账户或凭据；身份字段不完整,为该成员提供当前版本九字段声明及逐字段Schema、授权和唯一证据定位后追加不可变批次,2d50c1344a835ceeb832796935182aeff80bb03cecc5465c8cf3aaccbd446acd,86129966e4bc55fac18f2d7602a2309d4403f85861102128a56a80a5a0ccc1ea,047367cac3b68070363674961b610011bbf45541937857d57d66a2c95854ecbf
source-identity-declaration-20260808T051008+0800-7cf99a5ed6b9,ZI-9abd2b7851beeadcb2c4eec1,DS-000286,数据库元数据,BTC,4小时;8小时;24小时;48小时,15分钟;1小时,未知,未知,未知,未知,未知,未知,未知,未知,未知,未登记,无,config/数据/来源身份声明补采.json#身份声明[],f9cf6f2a34762867a443c0a0366a7fd63f6eb254ce171133707efd3aa521c683,845babdf7e1c3899916b9ca2f8a07abca6ea658ee7c99bc5a8581722420e6866,未知,未知,b3a1fc5ec72ad95e258b584f936ad46befab951e0ee9e43eaa18179e34974387,无法判定,DATABASE_METADATA_IDENTITY_UNPROVEN,本批次只读；若声明、输入、Schema或授权漂移，既有结论自动失效并须追加新批次,未读取业务正文、价格、成交、订单簿、账户或凭据；身份字段不完整,为该成员提供当前版本九字段声明及逐字段Schema、授权和唯一证据定位后追加不可变批次,2d50c1344a835ceeb832796935182aeff80bb03cecc5465c8cf3aaccbd446acd,86129966e4bc55fac18f2d7602a2309d4403f85861102128a56a80a5a0ccc1ea,a468c43f95909a8093a51f705c1d40088544810d3c32baccb75d819cd896cda5
source-identity-declaration-20260808T051008+0800-7cf99a5ed6b9,ZI-ff3fcd7da6180c64854b80a6,DS-000287,数据库元数据,BTC,4小时;8小时;24小时;48小时,15分钟;1小时,未知,未知,未知,未知,未知,未知,未知,未知,未知,未登记,无,config/数据/来源身份声明补采.json#身份声明[],f9cf6f2a34762867a443c0a0366a7fd63f6eb254ce171133707efd3aa521c683,098c9d16ac6b41d35e97a530549ca546b60c896225a4fb6c961fd5040621acdd,未知,未知,b3a1fc5ec72ad95e258b584f936ad46befab951e0ee9e43eaa18179e34974387,无法判定,DATABASE_METADATA_IDENTITY_UNPROVEN,本批次只读；若声明、输入、Schema或授权漂移，既有结论自动失效并须追加新批次,未读取业务正文、价格、成交、订单簿、账户或凭据；身份字段不完整,为该成员提供当前版本九字段声明及逐字段Schema、授权和唯一证据定位后追加不可变批次,2d50c1344a835ceeb832796935182aeff80bb03cecc5465c8cf3aaccbd446acd,86129966e4bc55fac18f2d7602a2309d4403f85861102128a56a80a5a0ccc1ea,cdae851fa968d2c9ee2b9327c2d34d7acf33be5b7d4fb06b21733c149e91e9e5
source-identity-declaration-20260808T051008+0800-7cf99a5ed6b9,ZI-712b0653c83774f12ef222e8,DS-000288,数据库元数据,BTC,4小时;8小时;24小时;48小时,15分钟;1小时,未知,未知,未知,未知,未知,未知,未知,未知,未知,未登记,无,config/数据/来源身份声明补采.json#身份声明[],f9cf6f2a34762867a443c0a0366a7fd63f6eb254ce171133707efd3aa521c683,0ce0fdb691110e99627216dcd51afe9a507bfdb7bddb9a15e93a834ce1b6bbba,未知,未知,b3a1fc5ec72ad95e258b584f936ad46befab951e0ee9e43eaa18179e34974387,无法判定,DATABASE_METADATA_IDENTITY_UNPROVEN,本批次只读；若声明、输入、Schema或授权漂移，既有结论自动失效并须追加新批次,未读取业务正文、价格、成交、订单簿、账户或凭据；身份字段不完整,为该成员提供当前版本九字段声明及逐字段Schema、授权和唯一证据定位后追加不可变批次,2d50c1344a835ceeb832796935182aeff80bb03cecc5465c8cf3aaccbd446acd,86129966e4bc55fac18f2d7602a2309d4403f85861102128a56a80a5a0ccc1ea,dc59a33a33048428b2ea5500c048386df68a32c54aa02be569fc99103bd9c488
source-identity-declaration-20260808T051008+0800-7cf99a5ed6b9,ZI-a9f770566ce153816b6eae2d,DS-000289,数据库元数据,BTC,4小时;8小时;24小时;48小时,15分钟;1小时,未知,未知,未知,未知,未知,未知,未知,未知,未知,未登记,无,config/数据/来源身份声明补采.json#身份声明[],f9cf6f2a34762867a443c0a0366a7fd63f6eb254ce171133707efd3aa521c683,facb3f58201be1d0111803a0969dfc2571e3fb220f2550a6773c2c5ec9e6704b,未知,未知,b3a1fc5ec72ad95e258b584f936ad46befab951e0ee9e43eaa18179e34974387,无法判定,DATABASE_METADATA_IDENTITY_UNPROVEN,本批次只读；若声明、输入、Schema或授权漂移，既有结论自动失效并须追加新批次,未读取业务正文、价格、成交、订单簿、账户或凭据；身份字段不完整,为该成员提供当前版本九字段声明及逐字段Schema、授权和唯一证据定位后追加不可变批次,2d50c1344a835ceeb832796935182aeff80bb03cecc5465c8cf3aaccbd446acd,86129966e4bc55fac18f2d7602a2309d4403f85861102128a56a80a5a0ccc1ea,b8bab2d09748282b443f044ab78509e492602c1fd850ff685a4c49a773875025
source-identity-declaration-20260808T051008+0800-7cf99a5ed6b9,ZI-f8568713cc6d51a30e325957,DS-000290,数据库元数据,BTC,4小时;8小时;24小时;48小时,15分钟;1小时,未知,未知,未知,未知,未知,未知,未知,未知,未知,未登记,无,config/数据/来源身份声明补采.json#身份声明[],f9cf6f2a34762867a443c0a0366a7fd63f6eb254ce171133707efd3aa521c683,0161ed81721e89e4a3e6e49b017ca55645bd50ed66c63efb03184e7edd6322fa,未知,未知,b3a1fc5ec72ad95e258b584f936ad46befab951e0ee9e43eaa18179e34974387,无法判定,DATABASE_METADATA_IDENTITY_UNPROVEN,本批次只读；若声明、输入、Schema或授权漂移，既有结论自动失效并须追加新批次,未读取业务正文、价格、成交、订单簿、账户或凭据；身份字段不完整,为该成员提供当前版本九字段声明及逐字段Schema、授权和唯一证据定位后追加不可变批次,2d50c1344a835ceeb832796935182aeff80bb03cecc5465c8cf3aaccbd446acd,86129966e4bc55fac18f2d7602a2309d4403f85861102128a56a80a5a0ccc1ea,a50b1236a9fb1b2f2fdf4d4f430f2dfd251480d2298ee9ee336451228c80bf13
source-identity-declaration-20260808T051008+0800-7cf99a5ed6b9,ZI-c58e3b4f411f7705310fe747,DS-000291,数据库元数据,BTC,4小时;8小时;24小时;48小时,15分钟;1小时,未知,未知,未知,未知,未知,未知,未知,未知,未知,未登记,无,config/数据/来源身份声明补采.json#身份声明[],f9cf6f2a34762867a443c0a0366a7fd63f6eb254ce171133707efd3aa521c683,741fe59e6e2697d5dd227a7490ee195cc6895ce04818fde2fb5fbe2034a2ce81,未知,未知,b3a1fc5ec72ad95e258b584f936ad46befab951e0ee9e43eaa18179e34974387,无法判定,DATABASE_METADATA_IDENTITY_UNPROVEN,本批次只读；若声明、输入、Schema或授权漂移，既有结论自动失效并须追加新批次,未读取业务正文、价格、成交、订单簿、账户或凭据；身份字段不完整,为该成员提供当前版本九字段声明及逐字段Schema、授权和唯一证据定位后追加不可变批次,2d50c1344a835ceeb832796935182aeff80bb03cecc5465c8cf3aaccbd446acd,86129966e4bc55fac18f2d7602a2309d4403f85861102128a56a80a5a0ccc1ea,363e468b757baafb6b2443910f26795fa454a9805d087a6173cfb32efd5e00ae
source-identity-declaration-20260808T051008+0800-7cf99a5ed6b9,ZI-9b5462a670f4c5122146997d,DS-000292,数据库元数据,BTC,4小时;8小时;24小时;48小时,15分钟;1小时,未知,未知,未知,未知,未知,未知,未知,未知,未知,未登记,无,config/数据/来源身份声明补采.json#身份声明[],f9cf6f2a34762867a443c0a0366a7fd63f6eb254ce171133707efd3aa521c683,d27b1f879c69916fdbbaa57607231145c16481c1e44a97e1b215aecb1cf8560a,未知,未知,b3a1fc5ec72ad95e258b584f936ad46befab951e0ee9e43eaa18179e34974387,无法判定,DATABASE_METADATA_IDENTITY_UNPROVEN,本批次只读；若声明、输入、Schema或授权漂移，既有结论自动失效并须追加新批次,未读取业务正文、价格、成交、订单簿、账户或凭据；身份字段不完整,为该成员提供当前版本九字段声明及逐字段Schema、授权和唯一证据定位后追加不可变批次,2d50c1344a835ceeb832796935182aeff80bb03cecc5465c8cf3aaccbd446acd,86129966e4bc55fac18f2d7602a2309d4403f85861102128a56a80a5a0ccc1ea,84d30fdc3eecc4085c5727653b0234f2a4b2f883a7aa4221127ab87d5b2b0955
source-identity-declaration-20260808T051008+0800-7cf99a5ed6b9,ZI-a35ba0b952b56083fc01c172,DS-000293,数据库元数据,BTC,4小时;8小时;24小时;48小时,15分钟;1小时,未知,未知,未知,未知,未知,未知,未知,未知,未知,未登记,无,config/数据/来源身份声明补采.json#身份声明[],f9cf6f2a34762867a443c0a0366a7fd63f6eb254ce171133707efd3aa521c683,905b8dcd9947a77fdc3bbd98eb8e21ae6935385a23c6b59bc3a9a9bf490a11ee,未知,未知,b3a1fc5ec72ad95e258b584f936ad46befab951e0ee9e43eaa18179e34974387,无法判定,DATABASE_METADATA_IDENTITY_UNPROVEN,本批次只读；若声明、输入、Schema或授权漂移，既有结论自动失效并须追加新批次,未读取业务正文、价格、成交、订单簿、账户或凭据；身份字段不完整,为该成员提供当前版本九字段声明及逐字段Schema、授权和唯一证据定位后追加不可变批次,2d50c1344a835ceeb832796935182aeff80bb03cecc5465c8cf3aaccbd446acd,86129966e4bc55fac18f2d7602a2309d4403f85861102128a56a80a5a0ccc1ea,a4d3b65ab0c6783a1b145b94700ae45663bd188ea0e2e6faab693a8b3e61381e
source-identity-declaration-20260808T051008+0800-7cf99a5ed6b9,ZI-a8105ace966421a941b8339b,DS-000294,数据库元数据,BTC,4小时;8小时;24小时;48小时,15分钟;1小时,未知,未知,未知,未知,未知,未知,未知,未知,未知,未登记,无,config/数据/来源身份声明补采.json#身份声明[],f9cf6f2a34762867a443c0a0366a7fd63f6eb254ce171133707efd3aa521c683,6e0cb2f1b1667a8715c214ba9ec6ae7deec4b615f5f7be131aa817f0a8ad2f6f,未知,未知,b3a1fc5ec72ad95e258b584f936ad46befab951e0ee9e43eaa18179e34974387,无法判定,DATABASE_METADATA_IDENTITY_UNPROVEN,本批次只读；若声明、输入、Schema或授权漂移，既有结论自动失效并须追加新批次,未读取业务正文、价格、成交、订单簿、账户或凭据；身份字段不完整,为该成员提供当前版本九字段声明及逐字段Schema、授权和唯一证据定位后追加不可变批次,2d50c1344a835ceeb832796935182aeff80bb03cecc5465c8cf3aaccbd446acd,86129966e4bc55fac18f2d7602a2309d4403f85861102128a56a80a5a0ccc1ea,6b2e30c269f3de6b3be5c7616c6ff9c2b26edd5f1f414dc3a17d325d061b06c4
source-identity-declaration-20260808T051008+0800-7cf99a5ed6b9,ZI-6a960fa71172c7a9afb936ec,DS-000295,数据库元数据,BTC,4小时;8小时;24小时;48小时,15分钟;1小时,未知,未知,未知,未知,未知,未知,未知,未知,未知,未登记,无,config/数据/来源身份声明补采.json#身份声明[],f9cf6f2a34762867a443c0a0366a7fd63f6eb254ce171133707efd3aa521c683,00b0e1303584f388a94ca8df6de78fd456403f5a27f9d9f3973b249efb0429a3,未知,未知,b3a1fc5ec72ad95e258b584f936ad46befab951e0ee9e43eaa18179e34974387,无法判定,DATABASE_METADATA_IDENTITY_UNPROVEN,本批次只读；若声明、输入、Schema或授权漂移，既有结论自动失效并须追加新批次,未读取业务正文、价格、成交、订单簿、账户或凭据；身份字段不完整,为该成员提供当前版本九字段声明及逐字段Schema、授权和唯一证据定位后追加不可变批次,2d50c1344a835ceeb832796935182aeff80bb03cecc5465c8cf3aaccbd446acd,86129966e4bc55fac18f2d7602a2309d4403f85861102128a56a80a5a0ccc1ea,64e1c048ccac1439f59557dc4ef5ad7a56d06aeb5ac8cd7f993c090b0fce0360
source-identity-declaration-20260808T051008+0800-7cf99a5ed6b9,ZI-7ca528ace2904d6333d9ac25,DS-000296,数据库元数据,BTC,4小时;8小时;24小时;48小时,15分钟;1小时,未知,未知,未知,未知,未知,未知,未知,未知,未知,未登记,无,config/数据/来源身份声明补采.json#身份声明[],f9cf6f2a34762867a443c0a0366a7fd63f6eb254ce171133707efd3aa521c683,840669cb99560c36aaa3d535c5e9358708208a5e91f514d4ff9ab0aed933b359,未知,未知,b3a1fc5ec72ad95e258b584f936ad46befab951e0ee9e43eaa18179e34974387,无法判定,DATABASE_METADATA_IDENTITY_UNPROVEN,本批次只读；若声明、输入、Schema或授权漂移，既有结论自动失效并须追加新批次,未读取业务正文、价格、成交、订单簿、账户或凭据；身份字段不完整,为该成员提供当前版本九字段声明及逐字段Schema、授权和唯一证据定位后追加不可变批次,2d50c1344a835ceeb832796935182aeff80bb03cecc5465c8cf3aaccbd446acd,86129966e4bc55fac18f2d7602a2309d4403f85861102128a56a80a5a0ccc1ea,dda35bf10597149f2a63a4ee1956cc469e4f5ded736fa0dc9848c9bdcbbd3baa
source-identity-declaration-20260808T051008+0800-7cf99a5ed6b9,ZI-b0b1be153e2c74bbc58931fe,DS-000297,数据库元数据,BTC,4小时;8小时;24小时;48小时,15分钟;1小时,未知,未知,未知,未知,未知,未知,未知,未知,未知,未登记,无,config/数据/来源身份声明补采.json#身份声明[],f9cf6f2a34762867a443c0a0366a7fd63f6eb254ce171133707efd3aa521c683,519fe32d9d7992508e1eb36adb1f37154c6813e2e5c04f9a5dfe2cdffcf5cfde,未知,未知,b3a1fc5ec72ad95e258b584f936ad46befab951e0ee9e43eaa18179e34974387,无法判定,DATABASE_METADATA_IDENTITY_UNPROVEN,本批次只读；若声明、输入、Schema或授权漂移，既有结论自动失效并须追加新批次,未读取业务正文、价格、成交、订单簿、账户或凭据；身份字段不完整,为该成员提供当前版本九字段声明及逐字段Schema、授权和唯一证据定位后追加不可变批次,2d50c1344a835ceeb832796935182aeff80bb03cecc5465c8cf3aaccbd446acd,86129966e4bc55fac18f2d7602a2309d4403f85861102128a56a80a5a0ccc1ea,b0f397fb3eb2a5bbb60d3d446d7ef2f47740f58232b0989c3f6c2d73b5752347
source-identity-declaration-20260808T051008+0800-7cf99a5ed6b9,ZI-cceb0119d76a845091d90313,DS-000298,数据库元数据,BTC,4小时;8小时;24小时;48小时,15分钟;1小时,未知,未知,未知,未知,未知,未知,未知,未知,未知,未登记,无,config/数据/来源身份声明补采.json#身份声明[],f9cf6f2a34762867a443c0a0366a7fd63f6eb254ce171133707efd3aa521c683,64eb968ce0af5c19dc13ae90b7b806bd0d73999377991bbb47f2975459c7adde,未知,未知,b3a1fc5ec72ad95e258b584f936ad46befab951e0ee9e43eaa18179e34974387,无法判定,DATABASE_METADATA_IDENTITY_UNPROVEN,本批次只读；若声明、输入、Schema或授权漂移，既有结论自动失效并须追加新批次,未读取业务正文、价格、成交、订单簿、账户或凭据；身份字段不完整,为该成员提供当前版本九字段声明及逐字段Schema、授权和唯一证据定位后追加不可变批次,2d50c1344a835ceeb832796935182aeff80bb03cecc5465c8cf3aaccbd446acd,86129966e4bc55fac18f2d7602a2309d4403f85861102128a56a80a5a0ccc1ea,5777f02fef5b11cb2d13bd7fa42831e9973bbfa38db5929c1501580ee06d2043
source-identity-declaration-20260808T051008+0800-7cf99a5ed6b9,ZI-79efc93262b446e9d98b76ba,DS-000299,数据库元数据,BTC,4小时;8小时;24小时;48小时,15分钟;1小时,未知,未知,未知,未知,未知,未知,未知,未知,未知,未登记,无,config/数据/来源身份声明补采.json#身份声明[],f9cf6f2a34762867a443c0a0366a7fd63f6eb254ce171133707efd3aa521c683,7572c0a41b5a2a39c80656f400dbe60f8ab0bd79c0fb5c3e7b44fee53f730755,未知,未知,b3a1fc5ec72ad95e258b584f936ad46befab951e0ee9e43eaa18179e34974387,无法判定,DATABASE_METADATA_IDENTITY_UNPROVEN,本批次只读；若声明、输入、Schema或授权漂移，既有结论自动失效并须追加新批次,未读取业务正文、价格、成交、订单簿、账户或凭据；身份字段不完整,为该成员提供当前版本九字段声明及逐字段Schema、授权和唯一证据定位后追加不可变批次,2d50c1344a835ceeb832796935182aeff80bb03cecc5465c8cf3aaccbd446acd,86129966e4bc55fac18f2d7602a2309d4403f85861102128a56a80a5a0ccc1ea,774a10141aa2c5b602914e0bdcba4f0c2baf3112ae7212219971f1eb250e0d6c
source-identity-declaration-20260808T051008+0800-7cf99a5ed6b9,ZI-e76d2134142142ad4b8f28cb,DS-000300,数据库元数据,BTC,4小时;8小时;24小时;48小时,15分钟;1小时,未知,未知,未知,未知,未知,未知,未知,未知,未知,未登记,无,config/数据/来源身份声明补采.json#身份声明[],f9cf6f2a34762867a443c0a0366a7fd63f6eb254ce171133707efd3aa521c683,2e8a058057540064073e8868839e18fe0dcf848fcecc872fe0f732e40796d068,未知,未知,b3a1fc5ec72ad95e258b584f936ad46befab951e0ee9e43eaa18179e34974387,无法判定,DATABASE_METADATA_IDENTITY_UNPROVEN,本批次只读；若声明、输入、Schema或授权漂移，既有结论自动失效并须追加新批次,未读取业务正文、价格、成交、订单簿、账户或凭据；身份字段不完整,为该成员提供当前版本九字段声明及逐字段Schema、授权和唯一证据定位后追加不可变批次,2d50c1344a835ceeb832796935182aeff80bb03cecc5465c8cf3aaccbd446acd,86129966e4bc55fac18f2d7602a2309d4403f85861102128a56a80a5a0ccc1ea,3532ae1fbcc3d112fe7e2c920584f48c2018898074892131d12ef902a4f1332c
source-identity-declaration-20260808T051008+0800-7cf99a5ed6b9,ZI-6b9507c0f667730b1c25338d,DS-000301,数据库元数据,BTC,4小时;8小时;24小时;48小时,15分钟;1小时,未知,未知,未知,未知,未知,未知,未知,未知,未知,未登记,无,config/数据/来源身份声明补采.json#身份声明[],f9cf6f2a34762867a443c0a0366a7fd63f6eb254ce171133707efd3aa521c683,68f2f1d195a17ce77287aa8d9a2fddb75a21fdd657b03eaab6484f64e3fa61e6,未知,未知,b3a1fc5ec72ad95e258b584f936ad46befab951e0ee9e43eaa18179e34974387,无法判定,DATABASE_METADATA_IDENTITY_UNPROVEN,本批次只读；若声明、输入、Schema或授权漂移，既有结论自动失效并须追加新批次,未读取业务正文、价格、成交、订单簿、账户或凭据；身份字段不完整,为该成员提供当前版本九字段声明及逐字段Schema、授权和唯一证据定位后追加不可变批次,2d50c1344a835ceeb832796935182aeff80bb03cecc5465c8cf3aaccbd446acd,86129966e4bc55fac18f2d7602a2309d4403f85861102128a56a80a5a0ccc1ea,32d1a3b57af9169e901000cd2a00d8c166214c3810aa4c5be0eeb5e6b4c688c6
source-identity-declaration-20260808T051008+0800-7cf99a5ed6b9,ZI-a3de4220ce194e2c0f75e45d,DS-000302,数据库元数据,BTC,4小时;8小时;24小时;48小时,15分钟;1小时,未知,未知,未知,未知,未知,未知,未知,未知,未知,未登记,无,config/数据/来源身份声明补采.json#身份声明[],f9cf6f2a34762867a443c0a0366a7fd63f6eb254ce171133707efd3aa521c683,e8d81d71207f009298d9aa62cd4ca70df93f6bd9915064653ce32f4250ba9119,未知,未知,b3a1fc5ec72ad95e258b584f936ad46befab951e0ee9e43eaa18179e34974387,无法判定,DATABASE_METADATA_IDENTITY_UNPROVEN,本批次只读；若声明、输入、Schema或授权漂移，既有结论自动失效并须追加新批次,未读取业务正文、价格、成交、订单簿、账户或凭据；身份字段不完整,为该成员提供当前版本九字段声明及逐字段Schema、授权和唯一证据定位后追加不可变批次,2d50c1344a835ceeb832796935182aeff80bb03cecc5465c8cf3aaccbd446acd,86129966e4bc55fac18f2d7602a2309d4403f85861102128a56a80a5a0ccc1ea,91a61d60df5b2cca55f78fc9986e60cad6d41e04701660aeadec1f325ff6d84b
source-identity-declaration-20260808T051008+0800-7cf99a5ed6b9,ZI-63a4a8191f5338c21eac18d2,DS-000303,数据库元数据,BTC,4小时;8小时;24小时;48小时,15分钟;1小时,未知,未知,未知,未知,未知,未知,未知,未知,未知,未登记,无,config/数据/来源身份声明补采.json#身份声明[],f9cf6f2a34762867a443c0a0366a7fd63f6eb254ce171133707efd3aa521c683,2fc35c9965af5ebfd8dc154f1e3abc90aab6452dcabcb63be6c0ba42b99b66ae,未知,未知,b3a1fc5ec72ad95e258b584f936ad46befab951e0ee9e43eaa18179e34974387,无法判定,DATABASE_METADATA_IDENTITY_UNPROVEN,本批次只读；若声明、输入、Schema或授权漂移，既有结论自动失效并须追加新批次,未读取业务正文、价格、成交、订单簿、账户或凭据；身份字段不完整,为该成员提供当前版本九字段声明及逐字段Schema、授权和唯一证据定位后追加不可变批次,2d50c1344a835ceeb832796935182aeff80bb03cecc5465c8cf3aaccbd446acd,86129966e4bc55fac18f2d7602a2309d4403f85861102128a56a80a5a0ccc1ea,3aed3a74149d56efe732cb7d3f1be4c9bd4ada3ba410e17c61b4ea7239257e37
source-identity-declaration-20260808T051008+0800-7cf99a5ed6b9,ZI-96f78e47a4eb937919a7a7e9,DS-000304,数据库元数据,BTC,4小时;8小时;24小时;48小时,15分钟;1小时,未知,未知,未知,未知,未知,未知,未知,未知,未知,未登记,无,config/数据/来源身份声明补采.json#身份声明[],f9cf6f2a34762867a443c0a0366a7fd63f6eb254ce171133707efd3aa521c683,c2c9fa3961b41e9e259be6490ed521b9165aadf0b1b4b1916440fb67cae1c923,未知,未知,b3a1fc5ec72ad95e258b584f936ad46befab951e0ee9e43eaa18179e34974387,无法判定,DATABASE_METADATA_IDENTITY_UNPROVEN,本批次只读；若声明、输入、Schema或授权漂移，既有结论自动失效并须追加新批次,未读取业务正文、价格、成交、订单簿、账户或凭据；身份字段不完整,为该成员提供当前版本九字段声明及逐字段Schema、授权和唯一证据定位后追加不可变批次,2d50c1344a835ceeb832796935182aeff80bb03cecc5465c8cf3aaccbd446acd,86129966e4bc55fac18f2d7602a2309d4403f85861102128a56a80a5a0ccc1ea,c6455c00c4736cb5a531a982216dbdd150674db979ed2f6204e905d92ffa5035
source-identity-declaration-20260808T051008+0800-7cf99a5ed6b9,ZI-99e036f2b1093b4f286f64a5,DS-000305,数据库元数据,BTC,4小时;8小时;24小时;48小时,15分钟;1小时,未知,未知,未知,未知,未知,未知,未知,未知,未知,未登记,无,config/数据/来源身份声明补采.json#身份声明[],f9cf6f2a34762867a443c0a0366a7fd63f6eb254ce171133707efd3aa521c683,64f87095fb4955a4cfbe2e6f8e643fa38d859fef411eb73741cdd2be79d23468,未知,未知,b3a1fc5ec72ad95e258b584f936ad46befab951e0ee9e43eaa18179e34974387,无法判定,DATABASE_METADATA_IDENTITY_UNPROVEN,本批次只读；若声明、输入、Schema或授权漂移，既有结论自动失效并须追加新批次,未读取业务正文、价格、成交、订单簿、账户或凭据；身份字段不完整,为该成员提供当前版本九字段声明及逐字段Schema、授权和唯一证据定位后追加不可变批次,2d50c1344a835ceeb832796935182aeff80bb03cecc5465c8cf3aaccbd446acd,86129966e4bc55fac18f2d7602a2309d4403f85861102128a56a80a5a0ccc1ea,dc0da37d7d2b912deb5de1753358af5d3908cbba65c49716073541a251577bf8
source-identity-declaration-20260808T051008+0800-7cf99a5ed6b9,ZI-835a741c0f97b5c8b8f58b9a,DS-000306,数据库元数据,BTC,4小时;8小时;24小时;48小时,15分钟;1小时,未知,未知,未知,未知,未知,未知,未知,未知,未知,未登记,无,config/数据/来源身份声明补采.json#身份声明[],f9cf6f2a34762867a443c0a0366a7fd63f6eb254ce171133707efd3aa521c683,93e7c4e4eac3841772d4795c85297a7e79c010b12b8cf30b7a3ff8517f7146e9,未知,未知,b3a1fc5ec72ad95e258b584f936ad46befab951e0ee9e43eaa18179e34974387,无法判定,DATABASE_METADATA_IDENTITY_UNPROVEN,本批次只读；若声明、输入、Schema或授权漂移，既有结论自动失效并须追加新批次,未读取业务正文、价格、成交、订单簿、账户或凭据；身份字段不完整,为该成员提供当前版本九字段声明及逐字段Schema、授权和唯一证据定位后追加不可变批次,2d50c1344a835ceeb832796935182aeff80bb03cecc5465c8cf3aaccbd446acd,86129966e4bc55fac18f2d7602a2309d4403f85861102128a56a80a5a0ccc1ea,53004fb27964bcb035a5e95f017359a62936a3f312889bc7a283390e87615374
source-identity-declaration-20260808T051008+0800-7cf99a5ed6b9,ZI-0658842d2088ed09b24efc97,DS-000307,数据库元数据,BTC,4小时;8小时;24小时;48小时,15分钟;1小时,未知,未知,未知,未知,未知,未知,未知,未知,未知,未登记,无,config/数据/来源身份声明补采.json#身份声明[],f9cf6f2a34762867a443c0a0366a7fd63f6eb254ce171133707efd3aa521c683,f951a13aeb2596cef4686717db03149070ba793813ddb720dac7f5c236b8dccd,未知,未知,b3a1fc5ec72ad95e258b584f936ad46befab951e0ee9e43eaa18179e34974387,无法判定,DATABASE_METADATA_IDENTITY_UNPROVEN,本批次只读；若声明、输入、Schema或授权漂移，既有结论自动失效并须追加新批次,未读取业务正文、价格、成交、订单簿、账户或凭据；身份字段不完整,为该成员提供当前版本九字段声明及逐字段Schema、授权和唯一证据定位后追加不可变批次,2d50c1344a835ceeb832796935182aeff80bb03cecc5465c8cf3aaccbd446acd,86129966e4bc55fac18f2d7602a2309d4403f85861102128a56a80a5a0ccc1ea,cfc84fca8d84ea320e50c89dabdd381f27685e5e648ab8ff3314a3cc72c3f992
source-identity-declaration-20260808T051008+0800-7cf99a5ed6b9,ZI-535216234191be483b87ed88,DS-000308,数据库元数据,BTC,4小时;8小时;24小时;48小时,15分钟;1小时,未知,未知,未知,未知,未知,未知,未知,未知,未知,未登记,无,config/数据/来源身份声明补采.json#身份声明[],f9cf6f2a34762867a443c0a0366a7fd63f6eb254ce171133707efd3aa521c683,8325e80640f1b6415b025ce8839ede1edf84d7984d84e0e4a7de7cae12f2fdfc,未知,未知,b3a1fc5ec72ad95e258b584f936ad46befab951e0ee9e43eaa18179e34974387,无法判定,DATABASE_METADATA_IDENTITY_UNPROVEN,本批次只读；若声明、输入、Schema或授权漂移，既有结论自动失效并须追加新批次,未读取业务正文、价格、成交、订单簿、账户或凭据；身份字段不完整,为该成员提供当前版本九字段声明及逐字段Schema、授权和唯一证据定位后追加不可变批次,2d50c1344a835ceeb832796935182aeff80bb03cecc5465c8cf3aaccbd446acd,86129966e4bc55fac18f2d7602a2309d4403f85861102128a56a80a5a0ccc1ea,d11e029569eec38f86b617a65a3e0319f83e2aeb49da3e977df1fbd1de89be1a
source-identity-declaration-20260808T051008+0800-7cf99a5ed6b9,ZI-1113435211180071dee9be25,DS-000309,数据库元数据,BTC,4小时;8小时;24小时;48小时,15分钟;1小时,未知,未知,未知,未知,未知,未知,未知,未知,未知,未登记,无,config/数据/来源身份声明补采.json#身份声明[],f9cf6f2a34762867a443c0a0366a7fd63f6eb254ce171133707efd3aa521c683,31401b834ceb9f05e15f20aead63529cec7ac915394e5e58399ff7267639644e,未知,未知,b3a1fc5ec72ad95e258b584f936ad46befab951e0ee9e43eaa18179e34974387,无法判定,DATABASE_METADATA_IDENTITY_UNPROVEN,本批次只读；若声明、输入、Schema或授权漂移，既有结论自动失效并须追加新批次,未读取业务正文、价格、成交、订单簿、账户或凭据；身份字段不完整,为该成员提供当前版本九字段声明及逐字段Schema、授权和唯一证据定位后追加不可变批次,2d50c1344a835ceeb832796935182aeff80bb03cecc5465c8cf3aaccbd446acd,86129966e4bc55fac18f2d7602a2309d4403f85861102128a56a80a5a0ccc1ea,3b9767895f1a52459ec6a51a2f4eed749027349c81e212d553fb719d1df9f40a
source-identity-declaration-20260808T051008+0800-7cf99a5ed6b9,ZI-5a402a12be02ee6d7c30eec4,DS-000310,数据库元数据,BTC,4小时;8小时;24小时;48小时,15分钟;1小时,未知,未知,未知,未知,未知,未知,未知,未知,未知,未登记,无,config/数据/来源身份声明补采.json#身份声明[],f9cf6f2a34762867a443c0a0366a7fd63f6eb254ce171133707efd3aa521c683,ac10b24605fd1b3d106ccfff94457604218999ca63a55631072e36d168a1244b,未知,未知,b3a1fc5ec72ad95e258b584f936ad46befab951e0ee9e43eaa18179e34974387,无法判定,DATABASE_METADATA_IDENTITY_UNPROVEN,本批次只读；若声明、输入、Schema或授权漂移，既有结论自动失效并须追加新批次,未读取业务正文、价格、成交、订单簿、账户或凭据；身份字段不完整,为该成员提供当前版本九字段声明及逐字段Schema、授权和唯一证据定位后追加不可变批次,2d50c1344a835ceeb832796935182aeff80bb03cecc5465c8cf3aaccbd446acd,86129966e4bc55fac18f2d7602a2309d4403f85861102128a56a80a5a0ccc1ea,439d8a473da741e098258a99ae0ab4a719fe5da7318b0810130eebad1349c4af
source-identity-declaration-20260808T051008+0800-7cf99a5ed6b9,ZI-9a6ab07c6edbc9b483925bf6,DS-000311,数据库元数据,BTC,4小时;8小时;24小时;48小时,15分钟;1小时,未知,未知,未知,未知,未知,未知,未知,未知,未知,未登记,无,config/数据/来源身份声明补采.json#身份声明[],f9cf6f2a34762867a443c0a0366a7fd63f6eb254ce171133707efd3aa521c683,57408a49d126b606bdaf83ab4bb7bd02b4710b2376040c3190ae1bd4473d4d85,未知,未知,b3a1fc5ec72ad95e258b584f936ad46befab951e0ee9e43eaa18179e34974387,无法判定,DATABASE_METADATA_IDENTITY_UNPROVEN,本批次只读；若声明、输入、Schema或授权漂移，既有结论自动失效并须追加新批次,未读取业务正文、价格、成交、订单簿、账户或凭据；身份字段不完整,为该成员提供当前版本九字段声明及逐字段Schema、授权和唯一证据定位后追加不可变批次,2d50c1344a835ceeb832796935182aeff80bb03cecc5465c8cf3aaccbd446acd,86129966e4bc55fac18f2d7602a2309d4403f85861102128a56a80a5a0ccc1ea,1a783515a3986a920d8224e7e8f610105cf8dc1f1aecf6b632770109d2c460e3
source-identity-declaration-20260808T051008+0800-7cf99a5ed6b9,ZI-f934f2266c1453fb0bed28d8,DS-000312,数据库元数据,BTC,4小时;8小时;24小时;48小时,15分钟;1小时,未知,未知,未知,未知,未知,未知,未知,未知,未知,未登记,无,config/数据/来源身份声明补采.json#身份声明[],f9cf6f2a34762867a443c0a0366a7fd63f6eb254ce171133707efd3aa521c683,24985dde3d2f6f5a945237e33c528ce0e95350fb8b3217ef26e40ffd00f660b3,未知,未知,b3a1fc5ec72ad95e258b584f936ad46befab951e0ee9e43eaa18179e34974387,无法判定,DATABASE_METADATA_IDENTITY_UNPROVEN,本批次只读；若声明、输入、Schema或授权漂移，既有结论自动失效并须追加新批次,未读取业务正文、价格、成交、订单簿、账户或凭据；身份字段不完整,为该成员提供当前版本九字段声明及逐字段Schema、授权和唯一证据定位后追加不可变批次,2d50c1344a835ceeb832796935182aeff80bb03cecc5465c8cf3aaccbd446acd,86129966e4bc55fac18f2d7602a2309d4403f85861102128a56a80a5a0ccc1ea,211a6ece47f8508f3583d605f0bdd9e8ce2f7b4d2f00f177d0b5e9a0be2ff57c
source-identity-declaration-20260808T051008+0800-7cf99a5ed6b9,ZI-4f781c46c7f513f3e293caf1,DS-000313,数据库元数据,BTC,4小时;8小时;24小时;48小时,15分钟;1小时,未知,未知,未知,未知,未知,未知,未知,未知,未知,未登记,无,config/数据/来源身份声明补采.json#身份声明[],f9cf6f2a34762867a443c0a0366a7fd63f6eb254ce171133707efd3aa521c683,fbf6a194337eeb0d40c519c90f46b6442593773512e0e365faa6d9c1d6f562cf,未知,未知,b3a1fc5ec72ad95e258b584f936ad46befab951e0ee9e43eaa18179e34974387,无法判定,DATABASE_METADATA_IDENTITY_UNPROVEN,本批次只读；若声明、输入、Schema或授权漂移，既有结论自动失效并须追加新批次,未读取业务正文、价格、成交、订单簿、账户或凭据；身份字段不完整,为该成员提供当前版本九字段声明及逐字段Schema、授权和唯一证据定位后追加不可变批次,2d50c1344a835ceeb832796935182aeff80bb03cecc5465c8cf3aaccbd446acd,86129966e4bc55fac18f2d7602a2309d4403f85861102128a56a80a5a0ccc1ea,7b02eb444bb4904d5d88c2be83b4a4d1e6505578c6dbf4c0942d6c43a992a5aa
source-identity-declaration-20260808T051008+0800-7cf99a5ed6b9,ZI-664d2574f8ab01163a25d595,DS-000314,数据库元数据,BTC,4小时;8小时;24小时;48小时,15分钟;1小时,未知,未知,未知,未知,未知,未知,未知,未知,未知,未登记,无,config/数据/来源身份声明补采.json#身份声明[],f9cf6f2a34762867a443c0a0366a7fd63f6eb254ce171133707efd3aa521c683,9db3a44ee859910c7b18a87c166d510b153a770c91474a6c557219b2815719be,未知,未知,b3a1fc5ec72ad95e258b584f936ad46befab951e0ee9e43eaa18179e34974387,无法判定,DATABASE_METADATA_IDENTITY_UNPROVEN,本批次只读；若声明、输入、Schema或授权漂移，既有结论自动失效并须追加新批次,未读取业务正文、价格、成交、订单簿、账户或凭据；身份字段不完整,为该成员提供当前版本九字段声明及逐字段Schema、授权和唯一证据定位后追加不可变批次,2d50c1344a835ceeb832796935182aeff80bb03cecc5465c8cf3aaccbd446acd,86129966e4bc55fac18f2d7602a2309d4403f85861102128a56a80a5a0ccc1ea,f9b6b20ce85b659311ac9344c483b6bf5dc23496ba4f2f6b58f348ff3ad4bc7b
source-identity-declaration-20260808T051008+0800-7cf99a5ed6b9,ZI-6c7b1beec974abfd29a0e66e,DS-000315,数据库元数据,BTC,4小时;8小时;24小时;48小时,15分钟;1小时,未知,未知,未知,未知,未知,未知,未知,未知,未知,未登记,无,config/数据/来源身份声明补采.json#身份声明[],f9cf6f2a34762867a443c0a0366a7fd63f6eb254ce171133707efd3aa521c683,28745a43fd92afac3d70cee4ddad3491844d97472d4dda22369d8ad811b9cb19,未知,未知,b3a1fc5ec72ad95e258b584f936ad46befab951e0ee9e43eaa18179e34974387,无法判定,DATABASE_METADATA_IDENTITY_UNPROVEN,本批次只读；若声明、输入、Schema或授权漂移，既有结论自动失效并须追加新批次,未读取业务正文、价格、成交、订单簿、账户或凭据；身份字段不完整,为该成员提供当前版本九字段声明及逐字段Schema、授权和唯一证据定位后追加不可变批次,2d50c1344a835ceeb832796935182aeff80bb03cecc5465c8cf3aaccbd446acd,86129966e4bc55fac18f2d7602a2309d4403f85861102128a56a80a5a0ccc1ea,141597b70b293b1acd2a7373d53aa9a1b970e4df7732d25698d42f9da2478ffd
source-identity-declaration-20260808T051008+0800-7cf99a5ed6b9,ZI-92c90a90bbc0841d7e48f8d6,DS-000316,数据库元数据,BTC,4小时;8小时;24小时;48小时,15分钟;1小时,未知,未知,未知,未知,未知,未知,未知,未知,未知,未登记,无,config/数据/来源身份声明补采.json#身份声明[],f9cf6f2a34762867a443c0a0366a7fd63f6eb254ce171133707efd3aa521c683,993ed72bd9aee1183676bb2ffb712c4bb01996d8dc0f601b657d49e62b1cc37c,未知,未知,b3a1fc5ec72ad95e258b584f936ad46befab951e0ee9e43eaa18179e34974387,无法判定,DATABASE_METADATA_IDENTITY_UNPROVEN,本批次只读；若声明、输入、Schema或授权漂移，既有结论自动失效并须追加新批次,未读取业务正文、价格、成交、订单簿、账户或凭据；身份字段不完整,为该成员提供当前版本九字段声明及逐字段Schema、授权和唯一证据定位后追加不可变批次,2d50c1344a835ceeb832796935182aeff80bb03cecc5465c8cf3aaccbd446acd,86129966e4bc55fac18f2d7602a2309d4403f85861102128a56a80a5a0ccc1ea,b9be9be00a157347cb4951d35ea12aaf10a83b11efa8b9622539e94d626d206e
source-identity-declaration-20260808T051008+0800-7cf99a5ed6b9,ZI-c5c903e8e1925632a9160c98,DS-000001,候选数据文件,ETH,4小时;8小时;24小时;48小时,15分钟;1小时,未知,未知,未知,未知,未知,未知,未知,未知,未知,未登记,无,config/数据/来源身份声明补采.json#身份声明[],f9cf6f2a34762867a443c0a0366a7fd63f6eb254ce171133707efd3aa521c683,6f210f5cac4068efe59c05ccd83b4aa2dd366ae73b635fbc253611e4e60c34bb,320a1c78a4cd74b9b8d156bc1a01b4f3c66f4b314c9970a906a75760fc24d391,未知,b3a1fc5ec72ad95e258b584f936ad46befab951e0ee9e43eaa18179e34974387,拒绝,INPUT_MEMBER_REJECTED,本批次只读；若声明、输入、Schema或授权漂移，既有结论自动失效并须追加新批次,未读取业务正文、价格、成交、订单簿、账户或凭据；身份字段不完整,为该成员提供当前版本九字段声明及逐字段Schema、授权和唯一证据定位后追加不可变批次,2d50c1344a835ceeb832796935182aeff80bb03cecc5465c8cf3aaccbd446acd,86129966e4bc55fac18f2d7602a2309d4403f85861102128a56a80a5a0ccc1ea,31d14f8e63c74b98153c3c75d5068af4fd0d0ae996db0cd24b40635d23247fe3
source-identity-declaration-20260808T051008+0800-7cf99a5ed6b9,ZI-279894722b92c663c0dd6dab,DS-000002,候选数据文件,ETH,4小时;8小时;24小时;48小时,15分钟;1小时,未知,未知,未知,未知,未知,未知,未知,未知,未知,未登记,无,config/数据/来源身份声明补采.json#身份声明[],f9cf6f2a34762867a443c0a0366a7fd63f6eb254ce171133707efd3aa521c683,6b54cfaecaba756425d105f3eb174d67dda343b196c6d4d553b4ccf22dac9a4b,c1fca4bfb6236fbcc08d28c45d10a7c574d6bd84136ec84c1da40ed53f97d4de,未知,b3a1fc5ec72ad95e258b584f936ad46befab951e0ee9e43eaa18179e34974387,无法判定,FILE_STAT_OBSERVED_IDENTITY_UNPROVEN,本批次只读；若声明、输入、Schema或授权漂移，既有结论自动失效并须追加新批次,未读取业务正文、价格、成交、订单簿、账户或凭据；身份字段不完整,为该成员提供当前版本九字段声明及逐字段Schema、授权和唯一证据定位后追加不可变批次,2d50c1344a835ceeb832796935182aeff80bb03cecc5465c8cf3aaccbd446acd,86129966e4bc55fac18f2d7602a2309d4403f85861102128a56a80a5a0ccc1ea,104f14ae8cfb07877beeeb824f3431003fd53c6a5a2c9cd6419db72ab7b3ac41
source-identity-declaration-20260808T051008+0800-7cf99a5ed6b9,ZI-bdc11e9d61341a2c9190bedb,DS-000003,候选数据文件,ETH,4小时;8小时;24小时;48小时,15分钟;1小时,未知,未知,未知,未知,未知,未知,未知,未知,未知,未登记,无,config/数据/来源身份声明补采.json#身份声明[],f9cf6f2a34762867a443c0a0366a7fd63f6eb254ce171133707efd3aa521c683,eed06d83a64889d174bf4470b7f403841c1b8cbef394fdcd7d26373548bc330a,5e5bb8ec43c73120c4a424eaed68bbb10c9e9070e8420761d724e1829b18f01c,未知,b3a1fc5ec72ad95e258b584f936ad46befab951e0ee9e43eaa18179e34974387,无法判定,FILE_STAT_OBSERVED_IDENTITY_UNPROVEN,本批次只读；若声明、输入、Schema或授权漂移，既有结论自动失效并须追加新批次,未读取业务正文、价格、成交、订单簿、账户或凭据；身份字段不完整,为该成员提供当前版本九字段声明及逐字段Schema、授权和唯一证据定位后追加不可变批次,2d50c1344a835ceeb832796935182aeff80bb03cecc5465c8cf3aaccbd446acd,86129966e4bc55fac18f2d7602a2309d4403f85861102128a56a80a5a0ccc1ea,18ebbd24bb349620fb504189c8f921b630745a2345bc0560dc067c4351e99553
source-identity-declaration-20260808T051008+0800-7cf99a5ed6b9,ZI-f48b5e18e673871688598192,DS-000004,候选数据文件,ETH,4小时;8小时;24小时;48小时,15分钟;1小时,未知,未知,未知,未知,未知,未知,未知,未知,未知,未登记,无,config/数据/来源身份声明补采.json#身份声明[],f9cf6f2a34762867a443c0a0366a7fd63f6eb254ce171133707efd3aa521c683,f294fc879772804fde50e9093715f6f79193e34ec200003d39435c80c660dc0f,3287b26322b71db0be85d5072577cd04be5b75d46310013bd7fcb182d2050e05,未知,b3a1fc5ec72ad95e258b584f936ad46befab951e0ee9e43eaa18179e34974387,无法判定,FILE_STAT_OBSERVED_IDENTITY_UNPROVEN,本批次只读；若声明、输入、Schema或授权漂移，既有结论自动失效并须追加新批次,未读取业务正文、价格、成交、订单簿、账户或凭据；身份字段不完整,为该成员提供当前版本九字段声明及逐字段Schema、授权和唯一证据定位后追加不可变批次,2d50c1344a835ceeb832796935182aeff80bb03cecc5465c8cf3aaccbd446acd,86129966e4bc55fac18f2d7602a2309d4403f85861102128a56a80a5a0ccc1ea,71add4f401569d8e3f99f450bff7cea22613514147fbe1ca66528a2b579058a6
source-identity-declaration-20260808T051008+0800-7cf99a5ed6b9,ZI-8353e10a871d52c975353c3f,DS-000005,候选数据文件,ETH,4小时;8小时;24小时;48小时,15分钟;1小时,未知,未知,未知,未知,未知,未知,未知,未知,未知,未登记,无,config/数据/来源身份声明补采.json#身份声明[],f9cf6f2a34762867a443c0a0366a7fd63f6eb254ce171133707efd3aa521c683,c3a0b74beeb3a1728b5565c3f43d47d2233ef0001367bb8588714e9f0f4d5adc,630ba5fb9aeda873efd55e45da5e941b0e4b31e4e024c2e9a7b8832a869f88d6,未知,b3a1fc5ec72ad95e258b584f936ad46befab951e0ee9e43eaa18179e34974387,无法判定,FILE_STAT_OBSERVED_IDENTITY_UNPROVEN,本批次只读；若声明、输入、Schema或授权漂移，既有结论自动失效并须追加新批次,未读取业务正文、价格、成交、订单簿、账户或凭据；身份字段不完整,为该成员提供当前版本九字段声明及逐字段Schema、授权和唯一证据定位后追加不可变批次,2d50c1344a835ceeb832796935182aeff80bb03cecc5465c8cf3aaccbd446acd,86129966e4bc55fac18f2d7602a2309d4403f85861102128a56a80a5a0ccc1ea,9fcdcc14d9de1f297dffb671f85b9d5077451e663ba5a3a4a442432c868fe5c5
source-identity-declaration-20260808T051008+0800-7cf99a5ed6b9,ZI-02bb55334ca878f1e490d263,DS-000006,候选数据文件,ETH,4小时;8小时;24小时;48小时,15分钟;1小时,未知,未知,未知,未知,未知,未知,未知,未知,未知,未登记,无,config/数据/来源身份声明补采.json#身份声明[],f9cf6f2a34762867a443c0a0366a7fd63f6eb254ce171133707efd3aa521c683,078e5f02252ebb65f8c728bc0c504e3a3d3e783ebbd2641e58b3841ea530fb97,08fac2370d4c7bd7117f20502bdb0224fd890d3c9be37d9c73c02d75297322f4,未知,b3a1fc5ec72ad95e258b584f936ad46befab951e0ee9e43eaa18179e34974387,无法判定,FILE_STAT_OBSERVED_IDENTITY_UNPROVEN,本批次只读；若声明、输入、Schema或授权漂移，既有结论自动失效并须追加新批次,未读取业务正文、价格、成交、订单簿、账户或凭据；身份字段不完整,为该成员提供当前版本九字段声明及逐字段Schema、授权和唯一证据定位后追加不可变批次,2d50c1344a835ceeb832796935182aeff80bb03cecc5465c8cf3aaccbd446acd,86129966e4bc55fac18f2d7602a2309d4403f85861102128a56a80a5a0ccc1ea,657998186e4210953711efdbaccc92ded5d31ef79f79447dd152fbe6a0d87d66
source-identity-declaration-20260808T051008+0800-7cf99a5ed6b9,ZI-ab8649c928c32ab7bfff8287,DS-000007,候选数据文件,ETH,4小时;8小时;24小时;48小时,15分钟;1小时,未知,未知,未知,未知,未知,未知,未知,未知,未知,未登记,无,config/数据/来源身份声明补采.json#身份声明[],f9cf6f2a34762867a443c0a0366a7fd63f6eb254ce171133707efd3aa521c683,3d27809f20371a08ed176c677aaefe132b6a4fc3c9b9acf202f0e6982c17d731,05d74030c6aaf7fa78598833ba5f3c46562fea5b6c7527e83222db699a0f7405,未知,b3a1fc5ec72ad95e258b584f936ad46befab951e0ee9e43eaa18179e34974387,无法判定,FILE_STAT_OBSERVED_IDENTITY_UNPROVEN,本批次只读；若声明、输入、Schema或授权漂移，既有结论自动失效并须追加新批次,未读取业务正文、价格、成交、订单簿、账户或凭据；身份字段不完整,为该成员提供当前版本九字段声明及逐字段Schema、授权和唯一证据定位后追加不可变批次,2d50c1344a835ceeb832796935182aeff80bb03cecc5465c8cf3aaccbd446acd,86129966e4bc55fac18f2d7602a2309d4403f85861102128a56a80a5a0ccc1ea,f2331b77d7db6f95a2f0b0fd0691b37fd935cf63d8da0afafabf3cc878b4607b
source-identity-declaration-20260808T051008+0800-7cf99a5ed6b9,ZI-803cad160ec9877f5950adb0,DS-000008,候选数据文件,ETH,4小时;8小时;24小时;48小时,15分钟;1小时,未知,未知,未知,未知,未知,未知,未知,未知,未知,未登记,无,config/数据/来源身份声明补采.json#身份声明[],f9cf6f2a34762867a443c0a0366a7fd63f6eb254ce171133707efd3aa521c683,c41e435f351a0e89dcf979f9d54f0c4bf6732364a3fa041800b57b48d68dcad2,da0b82ebabe316093f40d07627662bfa6a1f3dda512b3233bda02699bf31741a,未知,b3a1fc5ec72ad95e258b584f936ad46befab951e0ee9e43eaa18179e34974387,无法判定,FILE_STAT_OBSERVED_IDENTITY_UNPROVEN,本批次只读；若声明、输入、Schema或授权漂移，既有结论自动失效并须追加新批次,未读取业务正文、价格、成交、订单簿、账户或凭据；身份字段不完整,为该成员提供当前版本九字段声明及逐字段Schema、授权和唯一证据定位后追加不可变批次,2d50c1344a835ceeb832796935182aeff80bb03cecc5465c8cf3aaccbd446acd,86129966e4bc55fac18f2d7602a2309d4403f85861102128a56a80a5a0ccc1ea,341ced37942ce68ee6987d3fa65cb04bc44a28d8d846125c37ea8b6f94e39db4
source-identity-declaration-20260808T051008+0800-7cf99a5ed6b9,ZI-cb3f201795dbfc35bf020cc4,DS-000009,候选数据文件,ETH,4小时;8小时;24小时;48小时,15分钟;1小时,未知,未知,未知,未知,未知,未知,未知,未知,未知,未登记,无,config/数据/来源身份声明补采.json#身份声明[],f9cf6f2a34762867a443c0a0366a7fd63f6eb254ce171133707efd3aa521c683,57f0db998d6317598e4c7335c89cb4bd04ec0e20592158cfc71f6fc34aa5ad44,1c84e71b28c261da9b2ee0e2a3c8b1068b142a85cd360a8ad0fd9b59f66bfac4,未知,b3a1fc5ec72ad95e258b584f936ad46befab951e0ee9e43eaa18179e34974387,无法判定,FILE_STAT_OBSERVED_IDENTITY_UNPROVEN,本批次只读；若声明、输入、Schema或授权漂移，既有结论自动失效并须追加新批次,未读取业务正文、价格、成交、订单簿、账户或凭据；身份字段不完整,为该成员提供当前版本九字段声明及逐字段Schema、授权和唯一证据定位后追加不可变批次,2d50c1344a835ceeb832796935182aeff80bb03cecc5465c8cf3aaccbd446acd,86129966e4bc55fac18f2d7602a2309d4403f85861102128a56a80a5a0ccc1ea,21d194d9b58d75080f3c50fa454e7654931071696d93e554ae00d7bcd36ee673
source-identity-declaration-20260808T051008+0800-7cf99a5ed6b9,ZI-a0bd838ee633afa643f72fdb,DS-000010,候选数据文件,ETH,4小时;8小时;24小时;48小时,15分钟;1小时,未知,未知,未知,未知,未知,未知,未知,未知,未知,未登记,无,config/数据/来源身份声明补采.json#身份声明[],f9cf6f2a34762867a443c0a0366a7fd63f6eb254ce171133707efd3aa521c683,60a868b7ba10f0aef5db99fd373934b8abcce84661ec2ad1ccee966866bbb502,ab6eb25ffb4fb546071545c7cea0ef9922b71cb58974ee30cd6b2388460fea43,未知,b3a1fc5ec72ad95e258b584f936ad46befab951e0ee9e43eaa18179e34974387,无法判定,FILE_STAT_OBSERVED_IDENTITY_UNPROVEN,本批次只读；若声明、输入、Schema或授权漂移，既有结论自动失效并须追加新批次,未读取业务正文、价格、成交、订单簿、账户或凭据；身份字段不完整,为该成员提供当前版本九字段声明及逐字段Schema、授权和唯一证据定位后追加不可变批次,2d50c1344a835ceeb832796935182aeff80bb03cecc5465c8cf3aaccbd446acd,86129966e4bc55fac18f2d7602a2309d4403f85861102128a56a80a5a0ccc1ea,44050d3ed70eb06814be7cffb11552264307104e2b2bd93f1d67641376d35ca5
source-identity-declaration-20260808T051008+0800-7cf99a5ed6b9,ZI-c18845ce5953be525fba9e98,DS-000011,候选数据文件,ETH,4小时;8小时;24小时;48小时,15分钟;1小时,未知,未知,未知,未知,未知,未知,未知,未知,未知,未登记,无,config/数据/来源身份声明补采.json#身份声明[],f9cf6f2a34762867a443c0a0366a7fd63f6eb254ce171133707efd3aa521c683,0ec6f6d6ec4c9b002bb715c2ae5793b70a41ece49bc4ab71ab962b1ea26e6c10,70223776d5c33043cba58e4cf9078a5341971889a7ae24af3e8cb7ad8d37c003,未知,b3a1fc5ec72ad95e258b584f936ad46befab951e0ee9e43eaa18179e34974387,无法判定,FILE_STAT_OBSERVED_IDENTITY_UNPROVEN,本批次只读；若声明、输入、Schema或授权漂移，既有结论自动失效并须追加新批次,未读取业务正文、价格、成交、订单簿、账户或凭据；身份字段不完整,为该成员提供当前版本九字段声明及逐字段Schema、授权和唯一证据定位后追加不可变批次,2d50c1344a835ceeb832796935182aeff80bb03cecc5465c8cf3aaccbd446acd,86129966e4bc55fac18f2d7602a2309d4403f85861102128a56a80a5a0ccc1ea,452b39bb68f16057019dc99cc750c1a0509a14f6137c5beaf339311f77126fe6
source-identity-declaration-20260808T051008+0800-7cf99a5ed6b9,ZI-6755e3ebe9d9a3e83f13a4a9,DS-000012,候选数据文件,ETH,4小时;8小时;24小时;48小时,15分钟;1小时,未知,未知,未知,未知,未知,未知,未知,未知,未知,未登记,无,config/数据/来源身份声明补采.json#身份声明[],f9cf6f2a34762867a443c0a0366a7fd63f6eb254ce171133707efd3aa521c683,4029ce33cae96639a00b1f2934304f04d9204e36e7d06ee59efff58dc5e0082a,4dd0cfe504269f3a89737cc92ba0aa81c09cfa787c7c6a8fc0e299dee6613bec,未知,b3a1fc5ec72ad95e258b584f936ad46befab951e0ee9e43eaa18179e34974387,无法判定,FILE_STAT_OBSERVED_IDENTITY_UNPROVEN,本批次只读；若声明、输入、Schema或授权漂移，既有结论自动失效并须追加新批次,未读取业务正文、价格、成交、订单簿、账户或凭据；身份字段不完整,为该成员提供当前版本九字段声明及逐字段Schema、授权和唯一证据定位后追加不可变批次,2d50c1344a835ceeb832796935182aeff80bb03cecc5465c8cf3aaccbd446acd,86129966e4bc55fac18f2d7602a2309d4403f85861102128a56a80a5a0ccc1ea,59740cf3cb8684b54e8780ee559367381452755b80e10b174c871408e56000bb
source-identity-declaration-20260808T051008+0800-7cf99a5ed6b9,ZI-95764bb9d0fab4a919eda519,DS-000013,候选数据文件,ETH,4小时;8小时;24小时;48小时,15分钟;1小时,未知,未知,未知,未知,未知,未知,未知,未知,未知,未登记,无,config/数据/来源身份声明补采.json#身份声明[],f9cf6f2a34762867a443c0a0366a7fd63f6eb254ce171133707efd3aa521c683,4b5998ebc81851afafa4abf90abf85ad6f259b9415055592ade9dfafdb51f0d3,338fd5e2bb1bb18b5373b6c742c9475a5c2f79b46ba831482bcc85cee7e4a7ee,未知,b3a1fc5ec72ad95e258b584f936ad46befab951e0ee9e43eaa18179e34974387,无法判定,FILE_STAT_OBSERVED_IDENTITY_UNPROVEN,本批次只读；若声明、输入、Schema或授权漂移，既有结论自动失效并须追加新批次,未读取业务正文、价格、成交、订单簿、账户或凭据；身份字段不完整,为该成员提供当前版本九字段声明及逐字段Schema、授权和唯一证据定位后追加不可变批次,2d50c1344a835ceeb832796935182aeff80bb03cecc5465c8cf3aaccbd446acd,86129966e4bc55fac18f2d7602a2309d4403f85861102128a56a80a5a0ccc1ea,a7490838ec659a570d1483430e24311258064f5d70c64544885db9a37018b11c
source-identity-declaration-20260808T051008+0800-7cf99a5ed6b9,ZI-3b9c54566bc10a3e90b3766c,DS-000014,候选数据文件,ETH,4小时;8小时;24小时;48小时,15分钟;1小时,未知,未知,未知,未知,未知,未知,未知,未知,未知,未登记,无,config/数据/来源身份声明补采.json#身份声明[],f9cf6f2a34762867a443c0a0366a7fd63f6eb254ce171133707efd3aa521c683,a2913685c4ef3199de4ac1910f6c1bd45e3a521e39fad3c5475e0071673b8a28,94b33236e77a53ad18d46d30ca3117a6c7a4f4089b5fb75eaf51eb9abdb22ac3,未知,b3a1fc5ec72ad95e258b584f936ad46befab951e0ee9e43eaa18179e34974387,无法判定,FILE_STAT_OBSERVED_IDENTITY_UNPROVEN,本批次只读；若声明、输入、Schema或授权漂移，既有结论自动失效并须追加新批次,未读取业务正文、价格、成交、订单簿、账户或凭据；身份字段不完整,为该成员提供当前版本九字段声明及逐字段Schema、授权和唯一证据定位后追加不可变批次,2d50c1344a835ceeb832796935182aeff80bb03cecc5465c8cf3aaccbd446acd,86129966e4bc55fac18f2d7602a2309d4403f85861102128a56a80a5a0ccc1ea,e9229d49a7c99d5559f1dea2ca66dd8dd2aecdc6366216e8cf5521e22f659b92
source-identity-declaration-20260808T051008+0800-7cf99a5ed6b9,ZI-4f294e47780b8d95f28c6c55,DS-000015,候选数据文件,ETH,4小时;8小时;24小时;48小时,15分钟;1小时,未知,未知,未知,未知,未知,未知,未知,未知,未知,未登记,无,config/数据/来源身份声明补采.json#身份声明[],f9cf6f2a34762867a443c0a0366a7fd63f6eb254ce171133707efd3aa521c683,0954b82bf7f57e01d704dbddc6046326d1d248a34af7095367bb8eca340f6dcf,ba196e8b46d3bb1255ad35d0d96c6caca1d91473ece1ffc3d93e940ea9f6509c,未知,b3a1fc5ec72ad95e258b584f936ad46befab951e0ee9e43eaa18179e34974387,无法判定,FILE_STAT_OBSERVED_IDENTITY_UNPROVEN,本批次只读；若声明、输入、Schema或授权漂移，既有结论自动失效并须追加新批次,未读取业务正文、价格、成交、订单簿、账户或凭据；身份字段不完整,为该成员提供当前版本九字段声明及逐字段Schema、授权和唯一证据定位后追加不可变批次,2d50c1344a835ceeb832796935182aeff80bb03cecc5465c8cf3aaccbd446acd,86129966e4bc55fac18f2d7602a2309d4403f85861102128a56a80a5a0ccc1ea,e92e86b0fab7ebff883cbbb4b02814ef027d999e081414cdc20d063eb1ea0c1a
source-identity-declaration-20260808T051008+0800-7cf99a5ed6b9,ZI-aee0aa011ef421beb877e180,DS-000016,候选数据文件,ETH,4小时;8小时;24小时;48小时,15分钟;1小时,未知,未知,未知,未知,未知,未知,未知,未知,未知,未登记,无,config/数据/来源身份声明补采.json#身份声明[],f9cf6f2a34762867a443c0a0366a7fd63f6eb254ce171133707efd3aa521c683,d541c1aa39ca532bc63001a37820a93db5822824a913980ff6e6492016cd8c06,cf8dee8e990c70063ddac945720f2e7f2045996723bbefdb6f6aa71d447540d5,未知,b3a1fc5ec72ad95e258b584f936ad46befab951e0ee9e43eaa18179e34974387,无法判定,FILE_STAT_OBSERVED_IDENTITY_UNPROVEN,本批次只读；若声明、输入、Schema或授权漂移，既有结论自动失效并须追加新批次,未读取业务正文、价格、成交、订单簿、账户或凭据；身份字段不完整,为该成员提供当前版本九字段声明及逐字段Schema、授权和唯一证据定位后追加不可变批次,2d50c1344a835ceeb832796935182aeff80bb03cecc5465c8cf3aaccbd446acd,86129966e4bc55fac18f2d7602a2309d4403f85861102128a56a80a5a0ccc1ea,66f8021a5db152d0de7ba5dc00dde51d834bdfa80616a21d84eabb476d7c5c10
source-identity-declaration-20260808T051008+0800-7cf99a5ed6b9,ZI-7e0cdf9830865f043bda9ce4,DS-000017,候选数据文件,ETH,4小时;8小时;24小时;48小时,15分钟;1小时,未知,未知,未知,未知,未知,未知,未知,未知,未知,未登记,无,config/数据/来源身份声明补采.json#身份声明[],f9cf6f2a34762867a443c0a0366a7fd63f6eb254ce171133707efd3aa521c683,724331ff5fb4ae5702e299c4ab592929e83424f81741ca15f49f79f17bb48302,d1cb4a02b7b4f0ac7f9deb9aa016893a5d62c9075c5341685fa804dcea8b5cf6,未知,b3a1fc5ec72ad95e258b584f936ad46befab951e0ee9e43eaa18179e34974387,无法判定,FILE_STAT_OBSERVED_IDENTITY_UNPROVEN,本批次只读；若声明、输入、Schema或授权漂移，既有结论自动失效并须追加新批次,未读取业务正文、价格、成交、订单簿、账户或凭据；身份字段不完整,为该成员提供当前版本九字段声明及逐字段Schema、授权和唯一证据定位后追加不可变批次,2d50c1344a835ceeb832796935182aeff80bb03cecc5465c8cf3aaccbd446acd,86129966e4bc55fac18f2d7602a2309d4403f85861102128a56a80a5a0ccc1ea,88f87b2831ddfa6b1296214914a18ff3780c0b7605e51b0e3576f932c852b6bb
source-identity-declaration-20260808T051008+0800-7cf99a5ed6b9,ZI-f26a91d704b8153b3b13bcab,DS-000018,候选数据文件,ETH,4小时;8小时;24小时;48小时,15分钟;1小时,未知,未知,未知,未知,未知,未知,未知,未知,未知,未登记,无,config/数据/来源身份声明补采.json#身份声明[],f9cf6f2a34762867a443c0a0366a7fd63f6eb254ce171133707efd3aa521c683,8ac6e149c9aa2f85191b075fe19ae6ab08e0241833b5e33f84b0a42f76e71509,ccfce573e1509c4ce6639e2a67cbce82dbd9a0fef3bec3aed5601bba4a8db09f,未知,b3a1fc5ec72ad95e258b584f936ad46befab951e0ee9e43eaa18179e34974387,无法判定,FILE_STAT_OBSERVED_IDENTITY_UNPROVEN,本批次只读；若声明、输入、Schema或授权漂移，既有结论自动失效并须追加新批次,未读取业务正文、价格、成交、订单簿、账户或凭据；身份字段不完整,为该成员提供当前版本九字段声明及逐字段Schema、授权和唯一证据定位后追加不可变批次,2d50c1344a835ceeb832796935182aeff80bb03cecc5465c8cf3aaccbd446acd,86129966e4bc55fac18f2d7602a2309d4403f85861102128a56a80a5a0ccc1ea,9238420397f0adf98196e785fed90d722571c83315f60a4749a789f8eadaf12d
source-identity-declaration-20260808T051008+0800-7cf99a5ed6b9,ZI-033ce08ef691bdde9d29398b,DS-000019,候选数据文件,ETH,4小时;8小时;24小时;48小时,15分钟;1小时,未知,未知,未知,未知,未知,未知,未知,未知,未知,未登记,无,config/数据/来源身份声明补采.json#身份声明[],f9cf6f2a34762867a443c0a0366a7fd63f6eb254ce171133707efd3aa521c683,9fe44aeeec52824c44f64f54bd209145b51e04d8a6e4a281d96b9d9c9c5adc3d,e9f3497108c4ef7faa17c1d0ab180ed70c665f3736320e659ff6fd5949dde51c,未知,b3a1fc5ec72ad95e258b584f936ad46befab951e0ee9e43eaa18179e34974387,无法判定,FILE_STAT_OBSERVED_IDENTITY_UNPROVEN,本批次只读；若声明、输入、Schema或授权漂移，既有结论自动失效并须追加新批次,未读取业务正文、价格、成交、订单簿、账户或凭据；身份字段不完整,为该成员提供当前版本九字段声明及逐字段Schema、授权和唯一证据定位后追加不可变批次,2d50c1344a835ceeb832796935182aeff80bb03cecc5465c8cf3aaccbd446acd,86129966e4bc55fac18f2d7602a2309d4403f85861102128a56a80a5a0ccc1ea,7402771714f1c97db819c38d076f9210ff749562100e8430e7f029050b94b577
source-identity-declaration-20260808T051008+0800-7cf99a5ed6b9,ZI-77e33436a724310dfdbb45ff,DS-000020,候选数据文件,ETH,4小时;8小时;24小时;48小时,15分钟;1小时,未知,未知,未知,未知,未知,未知,未知,未知,未知,未登记,无,config/数据/来源身份声明补采.json#身份声明[],f9cf6f2a34762867a443c0a0366a7fd63f6eb254ce171133707efd3aa521c683,1c5ab3f968edb2a20de6de92fb10feb8d2736c0dbd5b1cc743a178c603b79e8b,d04c0741957705e73c7006b50c19c45038bc4c0f2d0ac6ff4177f5b123a2fd30,未知,b3a1fc5ec72ad95e258b584f936ad46befab951e0ee9e43eaa18179e34974387,无法判定,FILE_STAT_OBSERVED_IDENTITY_UNPROVEN,本批次只读；若声明、输入、Schema或授权漂移，既有结论自动失效并须追加新批次,未读取业务正文、价格、成交、订单簿、账户或凭据；身份字段不完整,为该成员提供当前版本九字段声明及逐字段Schema、授权和唯一证据定位后追加不可变批次,2d50c1344a835ceeb832796935182aeff80bb03cecc5465c8cf3aaccbd446acd,86129966e4bc55fac18f2d7602a2309d4403f85861102128a56a80a5a0ccc1ea,abe36558d96a7f61f6bbd4e162d6d2daa4969de4c9578839a04ccb00157b7ac7
source-identity-declaration-20260808T051008+0800-7cf99a5ed6b9,ZI-04ca2b6ded2abaa7a64050a6,DS-000021,候选数据文件,ETH,4小时;8小时;24小时;48小时,15分钟;1小时,未知,未知,未知,未知,未知,未知,未知,未知,未知,未登记,无,config/数据/来源身份声明补采.json#身份声明[],f9cf6f2a34762867a443c0a0366a7fd63f6eb254ce171133707efd3aa521c683,64628c57337149fa715a32c92112d28beb11ea157cc51cbef8d8fb2ac089af2d,bb7d52ffab4c620216335093ec95b8123196dd669e9376a13554b64171223064,未知,b3a1fc5ec72ad95e258b584f936ad46befab951e0ee9e43eaa18179e34974387,无法判定,FILE_STAT_OBSERVED_IDENTITY_UNPROVEN,本批次只读；若声明、输入、Schema或授权漂移，既有结论自动失效并须追加新批次,未读取业务正文、价格、成交、订单簿、账户或凭据；身份字段不完整,为该成员提供当前版本九字段声明及逐字段Schema、授权和唯一证据定位后追加不可变批次,2d50c1344a835ceeb832796935182aeff80bb03cecc5465c8cf3aaccbd446acd,86129966e4bc55fac18f2d7602a2309d4403f85861102128a56a80a5a0ccc1ea,686d90c30a42e594cd3a70349b311c446c1bb1c984b979a9d980fbae0e846188
source-identity-declaration-20260808T051008+0800-7cf99a5ed6b9,ZI-2570062f645b43ce27a0487c,DS-000022,候选数据文件,ETH,4小时;8小时;24小时;48小时,15分钟;1小时,未知,未知,未知,未知,未知,未知,未知,未知,未知,未登记,无,config/数据/来源身份声明补采.json#身份声明[],f9cf6f2a34762867a443c0a0366a7fd63f6eb254ce171133707efd3aa521c683,cb0f988b4041dfe60459b092dd3d8713a68e767cffe3cea694725d3b12df3874,2996e1baed6afd98549937bcfb68e08635a23cd1c2d53f3cf66c083845112d84,未知,b3a1fc5ec72ad95e258b584f936ad46befab951e0ee9e43eaa18179e34974387,无法判定,FILE_STAT_OBSERVED_IDENTITY_UNPROVEN,本批次只读；若声明、输入、Schema或授权漂移，既有结论自动失效并须追加新批次,未读取业务正文、价格、成交、订单簿、账户或凭据；身份字段不完整,为该成员提供当前版本九字段声明及逐字段Schema、授权和唯一证据定位后追加不可变批次,2d50c1344a835ceeb832796935182aeff80bb03cecc5465c8cf3aaccbd446acd,86129966e4bc55fac18f2d7602a2309d4403f85861102128a56a80a5a0ccc1ea,9bb048f34453944fef3fb42d9e7c8037e1493df5ada7858cc6a2b7ad4613ac37
source-identity-declaration-20260808T051008+0800-7cf99a5ed6b9,ZI-be30400ad91dda28af131417,DS-000023,候选数据文件,ETH,4小时;8小时;24小时;48小时,15分钟;1小时,未知,未知,未知,未知,未知,未知,未知,未知,未知,未登记,无,config/数据/来源身份声明补采.json#身份声明[],f9cf6f2a34762867a443c0a0366a7fd63f6eb254ce171133707efd3aa521c683,7f5828afd16eeb5023d1e7c3d6abf2f23c149f3225a3e53e1078c8e613a07332,8aed83070f51a10889aa2ad427b5fdd393e54dedc790048f7640537e26884244,未知,b3a1fc5ec72ad95e258b584f936ad46befab951e0ee9e43eaa18179e34974387,无法判定,FILE_STAT_OBSERVED_IDENTITY_UNPROVEN,本批次只读；若声明、输入、Schema或授权漂移，既有结论自动失效并须追加新批次,未读取业务正文、价格、成交、订单簿、账户或凭据；身份字段不完整,为该成员提供当前版本九字段声明及逐字段Schema、授权和唯一证据定位后追加不可变批次,2d50c1344a835ceeb832796935182aeff80bb03cecc5465c8cf3aaccbd446acd,86129966e4bc55fac18f2d7602a2309d4403f85861102128a56a80a5a0ccc1ea,838adc7b3b63692562012474f303ca45d2ed86de44b41e6f97c0bf098d0e5e9b
source-identity-declaration-20260808T051008+0800-7cf99a5ed6b9,ZI-a0d4e3f46f73962f77ebd7c5,DS-000024,候选数据文件,ETH,4小时;8小时;24小时;48小时,15分钟;1小时,未知,未知,未知,未知,未知,未知,未知,未知,未知,未登记,无,config/数据/来源身份声明补采.json#身份声明[],f9cf6f2a34762867a443c0a0366a7fd63f6eb254ce171133707efd3aa521c683,1a5501c145cb78341a0bdc4a0d62283d57d8158db9cee6a6f6b9300451cfb669,a16243c93228dbf06273dcce7ed16e994d6ed320c1821791566d9bcce0b1fe3a,未知,b3a1fc5ec72ad95e258b584f936ad46befab951e0ee9e43eaa18179e34974387,无法判定,FILE_STAT_OBSERVED_IDENTITY_UNPROVEN,本批次只读；若声明、输入、Schema或授权漂移，既有结论自动失效并须追加新批次,未读取业务正文、价格、成交、订单簿、账户或凭据；身份字段不完整,为该成员提供当前版本九字段声明及逐字段Schema、授权和唯一证据定位后追加不可变批次,2d50c1344a835ceeb832796935182aeff80bb03cecc5465c8cf3aaccbd446acd,86129966e4bc55fac18f2d7602a2309d4403f85861102128a56a80a5a0ccc1ea,989107c7fbc23317f27172e79bce13f252d1f400cf531418105c463ee7600ff6
source-identity-declaration-20260808T051008+0800-7cf99a5ed6b9,ZI-0b664412f41ac3e18fc48be7,DS-000025,候选数据文件,ETH,4小时;8小时;24小时;48小时,15分钟;1小时,未知,未知,未知,未知,未知,未知,未知,未知,未知,未登记,无,config/数据/来源身份声明补采.json#身份声明[],f9cf6f2a34762867a443c0a0366a7fd63f6eb254ce171133707efd3aa521c683,90a66897075859e1d9c9e335f1e6bf8caa40126b5af49abd6f7dd08c1c62ab7b,d02b2be6d2d0f29f21065db7d30e94e983e5abee74280e1cddd82f2a5fc46e1a,未知,b3a1fc5ec72ad95e258b584f936ad46befab951e0ee9e43eaa18179e34974387,无法判定,FILE_STAT_OBSERVED_IDENTITY_UNPROVEN,本批次只读；若声明、输入、Schema或授权漂移，既有结论自动失效并须追加新批次,未读取业务正文、价格、成交、订单簿、账户或凭据；身份字段不完整,为该成员提供当前版本九字段声明及逐字段Schema、授权和唯一证据定位后追加不可变批次,2d50c1344a835ceeb832796935182aeff80bb03cecc5465c8cf3aaccbd446acd,86129966e4bc55fac18f2d7602a2309d4403f85861102128a56a80a5a0ccc1ea,a673317772fac204835f1583ec1a636ea547e85702c2c89b6c2a685ef4f2d66d
source-identity-declaration-20260808T051008+0800-7cf99a5ed6b9,ZI-0fe134d0066f7b835eaba2f2,DS-000026,候选数据文件,ETH,4小时;8小时;24小时;48小时,15分钟;1小时,未知,未知,未知,未知,未知,未知,未知,未知,未知,未登记,无,config/数据/来源身份声明补采.json#身份声明[],f9cf6f2a34762867a443c0a0366a7fd63f6eb254ce171133707efd3aa521c683,d0f705abea8912f989edaccb9cf08cd41eda84e652f74e68a9312e843e842f77,1b9cbb633782c7b249cb4169195daf3317a29c99aec153704282bf945fa3d791,未知,b3a1fc5ec72ad95e258b584f936ad46befab951e0ee9e43eaa18179e34974387,无法判定,FILE_STAT_OBSERVED_IDENTITY_UNPROVEN,本批次只读；若声明、输入、Schema或授权漂移，既有结论自动失效并须追加新批次,未读取业务正文、价格、成交、订单簿、账户或凭据；身份字段不完整,为该成员提供当前版本九字段声明及逐字段Schema、授权和唯一证据定位后追加不可变批次,2d50c1344a835ceeb832796935182aeff80bb03cecc5465c8cf3aaccbd446acd,86129966e4bc55fac18f2d7602a2309d4403f85861102128a56a80a5a0ccc1ea,5bbe4024de0e3fcfd100e92c3e81219fd560b4effc0126caa45795f520f9a7cd
source-identity-declaration-20260808T051008+0800-7cf99a5ed6b9,ZI-089f0c0ebeeb9e87f76c31ff,DS-000027,候选数据文件,ETH,4小时;8小时;24小时;48小时,15分钟;1小时,未知,未知,未知,未知,未知,未知,未知,未知,未知,未登记,无,config/数据/来源身份声明补采.json#身份声明[],f9cf6f2a34762867a443c0a0366a7fd63f6eb254ce171133707efd3aa521c683,e25a817f99d52e3d90fb7614939eebcaf57d0bc0f82ee9b42e562f78d2066f9d,b8714618b6412853dba3a92862402c9b3972f7061507a0e26408f6dc357db88f,未知,b3a1fc5ec72ad95e258b584f936ad46befab951e0ee9e43eaa18179e34974387,无法判定,FILE_STAT_OBSERVED_IDENTITY_UNPROVEN,本批次只读；若声明、输入、Schema或授权漂移，既有结论自动失效并须追加新批次,未读取业务正文、价格、成交、订单簿、账户或凭据；身份字段不完整,为该成员提供当前版本九字段声明及逐字段Schema、授权和唯一证据定位后追加不可变批次,2d50c1344a835ceeb832796935182aeff80bb03cecc5465c8cf3aaccbd446acd,86129966e4bc55fac18f2d7602a2309d4403f85861102128a56a80a5a0ccc1ea,150be7abe6c813a9baf126ef8b5dfb1fb6dbef20740bcd1fd62acc8b176770e9
source-identity-declaration-20260808T051008+0800-7cf99a5ed6b9,ZI-9281ed93ca15f2fdc9ea24d8,DS-000028,候选数据文件,ETH,4小时;8小时;24小时;48小时,15分钟;1小时,未知,未知,未知,未知,未知,未知,未知,未知,未知,未登记,无,config/数据/来源身份声明补采.json#身份声明[],f9cf6f2a34762867a443c0a0366a7fd63f6eb254ce171133707efd3aa521c683,47294cc8ccff44581c75aa5d3c70bc29e9916391a25182dc2645263835aa4c55,ca61ac6dfbc8685ad69ec28ce2fe954546b8bbeb10944b952a6082215f1aece5,未知,b3a1fc5ec72ad95e258b584f936ad46befab951e0ee9e43eaa18179e34974387,无法判定,FILE_STAT_OBSERVED_IDENTITY_UNPROVEN,本批次只读；若声明、输入、Schema或授权漂移，既有结论自动失效并须追加新批次,未读取业务正文、价格、成交、订单簿、账户或凭据；身份字段不完整,为该成员提供当前版本九字段声明及逐字段Schema、授权和唯一证据定位后追加不可变批次,2d50c1344a835ceeb832796935182aeff80bb03cecc5465c8cf3aaccbd446acd,86129966e4bc55fac18f2d7602a2309d4403f85861102128a56a80a5a0ccc1ea,1ade5ef4c0c33fce5e81dc02b9d693739ea27125d88ffc7f028d4502c5cc453d
source-identity-declaration-20260808T051008+0800-7cf99a5ed6b9,ZI-8cc6ec85cad87703abaaeba8,DS-000029,候选数据文件,ETH,4小时;8小时;24小时;48小时,15分钟;1小时,未知,未知,未知,未知,未知,未知,未知,未知,未知,未登记,无,config/数据/来源身份声明补采.json#身份声明[],f9cf6f2a34762867a443c0a0366a7fd63f6eb254ce171133707efd3aa521c683,7dd9f501d01b088e7ff2286b3f33fd8431fdbab3aea1cdb36bd41099a798703e,55c62d437482e770422f660443c8bb3e1bd1f8fd84f2c37eae172f4ef5c82861,未知,b3a1fc5ec72ad95e258b584f936ad46befab951e0ee9e43eaa18179e34974387,无法判定,FILE_STAT_OBSERVED_IDENTITY_UNPROVEN,本批次只读；若声明、输入、Schema或授权漂移，既有结论自动失效并须追加新批次,未读取业务正文、价格、成交、订单簿、账户或凭据；身份字段不完整,为该成员提供当前版本九字段声明及逐字段Schema、授权和唯一证据定位后追加不可变批次,2d50c1344a835ceeb832796935182aeff80bb03cecc5465c8cf3aaccbd446acd,86129966e4bc55fac18f2d7602a2309d4403f85861102128a56a80a5a0ccc1ea,e2266e9ba03259998afc8ff2153e1410986e54afaaaed5f8883bf580c41fa637
source-identity-declaration-20260808T051008+0800-7cf99a5ed6b9,ZI-d9c1e236f123c75e588d2059,DS-000030,候选数据文件,ETH,4小时;8小时;24小时;48小时,15分钟;1小时,未知,未知,未知,未知,未知,未知,未知,未知,未知,未登记,无,config/数据/来源身份声明补采.json#身份声明[],f9cf6f2a34762867a443c0a0366a7fd63f6eb254ce171133707efd3aa521c683,7feaf8dbf2a33227bce6c15a332add2a8df5958d70cd20dde169159beffeafd8,5e939c64cae9f29f391d8578713f08f2352b42e4b6a5b0d84b70f171f2232476,未知,b3a1fc5ec72ad95e258b584f936ad46befab951e0ee9e43eaa18179e34974387,无法判定,FILE_STAT_OBSERVED_IDENTITY_UNPROVEN,本批次只读；若声明、输入、Schema或授权漂移，既有结论自动失效并须追加新批次,未读取业务正文、价格、成交、订单簿、账户或凭据；身份字段不完整,为该成员提供当前版本九字段声明及逐字段Schema、授权和唯一证据定位后追加不可变批次,2d50c1344a835ceeb832796935182aeff80bb03cecc5465c8cf3aaccbd446acd,86129966e4bc55fac18f2d7602a2309d4403f85861102128a56a80a5a0ccc1ea,c9110114559d6e0097cd0ec1ec1817e0f36e51b164d0560af48b668f8f1b5522
source-identity-declaration-20260808T051008+0800-7cf99a5ed6b9,ZI-c169483e7e35bbdae6c6bc04,DS-000031,候选数据文件,ETH,4小时;8小时;24小时;48小时,15分钟;1小时,未知,未知,未知,未知,未知,未知,未知,未知,未知,未登记,无,config/数据/来源身份声明补采.json#身份声明[],f9cf6f2a34762867a443c0a0366a7fd63f6eb254ce171133707efd3aa521c683,7e617ea65285053e80e850b1a42685e97f1dc11f8a21b09b7a1ddeec481c8607,03ab59e8e774cb766e2fb88000ffb3984a777b0efa71469703eb9d3483184ca5,未知,b3a1fc5ec72ad95e258b584f936ad46befab951e0ee9e43eaa18179e34974387,无法判定,FILE_STAT_OBSERVED_IDENTITY_UNPROVEN,本批次只读；若声明、输入、Schema或授权漂移，既有结论自动失效并须追加新批次,未读取业务正文、价格、成交、订单簿、账户或凭据；身份字段不完整,为该成员提供当前版本九字段声明及逐字段Schema、授权和唯一证据定位后追加不可变批次,2d50c1344a835ceeb832796935182aeff80bb03cecc5465c8cf3aaccbd446acd,86129966e4bc55fac18f2d7602a2309d4403f85861102128a56a80a5a0ccc1ea,3f01027ea61bbe966078779ab4427b40a0d4de44012fe687a71a05c55a5052c2
source-identity-declaration-20260808T051008+0800-7cf99a5ed6b9,ZI-a21ccbe20389643ee308b69f,DS-000032,候选数据文件,ETH,4小时;8小时;24小时;48小时,15分钟;1小时,未知,未知,未知,未知,未知,未知,未知,未知,未知,未登记,无,config/数据/来源身份声明补采.json#身份声明[],f9cf6f2a34762867a443c0a0366a7fd63f6eb254ce171133707efd3aa521c683,2ce15b1930aad50b11f350398a0b450644e98b842f7ef2acedf4bee77e77db57,d4f0454fb81a9c29f899f9445d661e3f29161be0e20e0339e9a3bb9b947cc022,未知,b3a1fc5ec72ad95e258b584f936ad46befab951e0ee9e43eaa18179e34974387,无法判定,FILE_STAT_OBSERVED_IDENTITY_UNPROVEN,本批次只读；若声明、输入、Schema或授权漂移，既有结论自动失效并须追加新批次,未读取业务正文、价格、成交、订单簿、账户或凭据；身份字段不完整,为该成员提供当前版本九字段声明及逐字段Schema、授权和唯一证据定位后追加不可变批次,2d50c1344a835ceeb832796935182aeff80bb03cecc5465c8cf3aaccbd446acd,86129966e4bc55fac18f2d7602a2309d4403f85861102128a56a80a5a0ccc1ea,8fca91e29f81c65c8b36b35429655e22bc60762477d37e94329cf0ff979586f5
source-identity-declaration-20260808T051008+0800-7cf99a5ed6b9,ZI-065c781df7752f8f461475e9,DS-000033,候选数据文件,ETH,4小时;8小时;24小时;48小时,15分钟;1小时,未知,未知,未知,未知,未知,未知,未知,未知,未知,未登记,无,config/数据/来源身份声明补采.json#身份声明[],f9cf6f2a34762867a443c0a0366a7fd63f6eb254ce171133707efd3aa521c683,6c383d50d95f4de8a57eed3f877bf95e02d1617101a25d532b17bf06f1520432,aaaa223c6f21891dd45561d9c42e7cbff0a7c4773594b6b9edb5e0098ff0b40e,未知,b3a1fc5ec72ad95e258b584f936ad46befab951e0ee9e43eaa18179e34974387,无法判定,FILE_STAT_OBSERVED_IDENTITY_UNPROVEN,本批次只读；若声明、输入、Schema或授权漂移，既有结论自动失效并须追加新批次,未读取业务正文、价格、成交、订单簿、账户或凭据；身份字段不完整,为该成员提供当前版本九字段声明及逐字段Schema、授权和唯一证据定位后追加不可变批次,2d50c1344a835ceeb832796935182aeff80bb03cecc5465c8cf3aaccbd446acd,86129966e4bc55fac18f2d7602a2309d4403f85861102128a56a80a5a0ccc1ea,75cb74bfb2911d295ad2c4c188095ed19bd285f738d535c08544438b0467189e
source-identity-declaration-20260808T051008+0800-7cf99a5ed6b9,ZI-5d61fc5d919fc31f69eb6247,DS-000034,候选数据文件,ETH,4小时;8小时;24小时;48小时,15分钟;1小时,未知,未知,未知,未知,未知,未知,未知,未知,未知,未登记,无,config/数据/来源身份声明补采.json#身份声明[],f9cf6f2a34762867a443c0a0366a7fd63f6eb254ce171133707efd3aa521c683,620ec0b6af2da2ee08cf1e41e20fb6206dec2fe11c489115b4686ab4d470868b,a01637dd420036d7350e638e74f3446d7bb6eab8c381e617cb8a151b13d187e2,未知,b3a1fc5ec72ad95e258b584f936ad46befab951e0ee9e43eaa18179e34974387,无法判定,FILE_STAT_OBSERVED_IDENTITY_UNPROVEN,本批次只读；若声明、输入、Schema或授权漂移，既有结论自动失效并须追加新批次,未读取业务正文、价格、成交、订单簿、账户或凭据；身份字段不完整,为该成员提供当前版本九字段声明及逐字段Schema、授权和唯一证据定位后追加不可变批次,2d50c1344a835ceeb832796935182aeff80bb03cecc5465c8cf3aaccbd446acd,86129966e4bc55fac18f2d7602a2309d4403f85861102128a56a80a5a0ccc1ea,4a1a90b80c907b4e93de8a0837bc335c64c17b4f573853f8a732f1d8233e2d11
source-identity-declaration-20260808T051008+0800-7cf99a5ed6b9,ZI-cc518c78335b4566ab3ba1b7,DS-000035,候选数据文件,ETH,4小时;8小时;24小时;48小时,15分钟;1小时,未知,未知,未知,未知,未知,未知,未知,未知,未知,未登记,无,config/数据/来源身份声明补采.json#身份声明[],f9cf6f2a34762867a443c0a0366a7fd63f6eb254ce171133707efd3aa521c683,c8052ba5f3ee15d405a6a41853edafb8cc7df932629aa95e77ecbbf0cf89d0c9,7eb455130bf984a8fcdb908e3cf4afcfe777dd54303cbefcfd031147206fbd8e,未知,b3a1fc5ec72ad95e258b584f936ad46befab951e0ee9e43eaa18179e34974387,无法判定,FILE_STAT_OBSERVED_IDENTITY_UNPROVEN,本批次只读；若声明、输入、Schema或授权漂移，既有结论自动失效并须追加新批次,未读取业务正文、价格、成交、订单簿、账户或凭据；身份字段不完整,为该成员提供当前版本九字段声明及逐字段Schema、授权和唯一证据定位后追加不可变批次,2d50c1344a835ceeb832796935182aeff80bb03cecc5465c8cf3aaccbd446acd,86129966e4bc55fac18f2d7602a2309d4403f85861102128a56a80a5a0ccc1ea,31518bc52cd1649f30928cfae7f057f5c752ded364b76efaacc66b9b6307fd06
source-identity-declaration-20260808T051008+0800-7cf99a5ed6b9,ZI-8494e07bc3f0426de16a8b6d,DS-000036,候选数据文件,ETH,4小时;8小时;24小时;48小时,15分钟;1小时,未知,未知,未知,未知,未知,未知,未知,未知,未知,未登记,无,config/数据/来源身份声明补采.json#身份声明[],f9cf6f2a34762867a443c0a0366a7fd63f6eb254ce171133707efd3aa521c683,831dbef09d5e1df0dc41e48ab9504365e6e18a12807ca94e1c805c8181299249,c4f22a85750bb0304abb271618e0b591819a12749f5f1fc70594e81094ee0c66,未知,b3a1fc5ec72ad95e258b584f936ad46befab951e0ee9e43eaa18179e34974387,无法判定,FILE_STAT_OBSERVED_IDENTITY_UNPROVEN,本批次只读；若声明、输入、Schema或授权漂移，既有结论自动失效并须追加新批次,未读取业务正文、价格、成交、订单簿、账户或凭据；身份字段不完整,为该成员提供当前版本九字段声明及逐字段Schema、授权和唯一证据定位后追加不可变批次,2d50c1344a835ceeb832796935182aeff80bb03cecc5465c8cf3aaccbd446acd,86129966e4bc55fac18f2d7602a2309d4403f85861102128a56a80a5a0ccc1ea,f38379966c40638259553fe7ffad8b27a2f4de297c8591758212d9e10bb06649
source-identity-declaration-20260808T051008+0800-7cf99a5ed6b9,ZI-33fe8b0ddda1dd1d88720875,DS-000037,候选数据文件,ETH,4小时;8小时;24小时;48小时,15分钟;1小时,未知,未知,未知,未知,未知,未知,未知,未知,未知,未登记,无,config/数据/来源身份声明补采.json#身份声明[],f9cf6f2a34762867a443c0a0366a7fd63f6eb254ce171133707efd3aa521c683,c6a61887a923c5a8e4ba052c9fa91d7c255b03f4bcc5c28d53deafc5f40d8e2b,17626b9fd43c49af70347bca70733764ac11853c03bc46cf4079a555eebd20a4,未知,b3a1fc5ec72ad95e258b584f936ad46befab951e0ee9e43eaa18179e34974387,无法判定,FILE_STAT_OBSERVED_IDENTITY_UNPROVEN,本批次只读；若声明、输入、Schema或授权漂移，既有结论自动失效并须追加新批次,未读取业务正文、价格、成交、订单簿、账户或凭据；身份字段不完整,为该成员提供当前版本九字段声明及逐字段Schema、授权和唯一证据定位后追加不可变批次,2d50c1344a835ceeb832796935182aeff80bb03cecc5465c8cf3aaccbd446acd,86129966e4bc55fac18f2d7602a2309d4403f85861102128a56a80a5a0ccc1ea,088c98a9ac860ac302b6a260f9254ab2531da000638ce9468df128021d15f0bd
source-identity-declaration-20260808T051008+0800-7cf99a5ed6b9,ZI-165cfc2a30a597ce932c236b,DS-000038,候选数据文件,ETH,4小时;8小时;24小时;48小时,15分钟;1小时,未知,未知,未知,未知,未知,未知,未知,未知,未知,未登记,无,config/数据/来源身份声明补采.json#身份声明[],f9cf6f2a34762867a443c0a0366a7fd63f6eb254ce171133707efd3aa521c683,fa4631a27e1710a2adac5e18f14fba4d3ac7985b62a900a8a32921c0f616b5e6,559ad5a118a39b34f6f5214d20e9e851eddf34b0a4078ecef8416070fc140c2d,未知,b3a1fc5ec72ad95e258b584f936ad46befab951e0ee9e43eaa18179e34974387,无法判定,FILE_STAT_OBSERVED_IDENTITY_UNPROVEN,本批次只读；若声明、输入、Schema或授权漂移，既有结论自动失效并须追加新批次,未读取业务正文、价格、成交、订单簿、账户或凭据；身份字段不完整,为该成员提供当前版本九字段声明及逐字段Schema、授权和唯一证据定位后追加不可变批次,2d50c1344a835ceeb832796935182aeff80bb03cecc5465c8cf3aaccbd446acd,86129966e4bc55fac18f2d7602a2309d4403f85861102128a56a80a5a0ccc1ea,10d8ffbd1c7a55c6c8d9e0269599b0e9969be1e3fe8d4259446e6f880867da99
source-identity-declaration-20260808T051008+0800-7cf99a5ed6b9,ZI-68e34c7b43bcb72873389cfb,DS-000039,候选数据文件,ETH,4小时;8小时;24小时;48小时,15分钟;1小时,未知,未知,未知,未知,未知,未知,未知,未知,未知,未登记,无,config/数据/来源身份声明补采.json#身份声明[],f9cf6f2a34762867a443c0a0366a7fd63f6eb254ce171133707efd3aa521c683,87a8b34d0a521a1b81b170b9eadc51933b3582c7ff859894e05f962bbaa7b31a,e8acbd649d723c9047cb103361a9631b834d7e8ad72442860661999aeb32eddc,未知,b3a1fc5ec72ad95e258b584f936ad46befab951e0ee9e43eaa18179e34974387,无法判定,FILE_STAT_OBSERVED_IDENTITY_UNPROVEN,本批次只读；若声明、输入、Schema或授权漂移，既有结论自动失效并须追加新批次,未读取业务正文、价格、成交、订单簿、账户或凭据；身份字段不完整,为该成员提供当前版本九字段声明及逐字段Schema、授权和唯一证据定位后追加不可变批次,2d50c1344a835ceeb832796935182aeff80bb03cecc5465c8cf3aaccbd446acd,86129966e4bc55fac18f2d7602a2309d4403f85861102128a56a80a5a0ccc1ea,902db80448e5dcb55ecaa66e14fe8ab798cb301a02c409cae9542b9ff35d09f8
source-identity-declaration-20260808T051008+0800-7cf99a5ed6b9,ZI-09c306558c21b551a473e8d3,DS-000040,候选数据文件,ETH,4小时;8小时;24小时;48小时,15分钟;1小时,未知,未知,未知,未知,未知,未知,未知,未知,未知,未登记,无,config/数据/来源身份声明补采.json#身份声明[],f9cf6f2a34762867a443c0a0366a7fd63f6eb254ce171133707efd3aa521c683,4790bac68af16a75efca855b27de95148a8f7d869a8eb4d8366de3015c759626,d4f4f0be34c615ad02899b56af3613910cdb752ce3004315c045c92c382d4567,未知,b3a1fc5ec72ad95e258b584f936ad46befab951e0ee9e43eaa18179e34974387,无法判定,FILE_STAT_OBSERVED_IDENTITY_UNPROVEN,本批次只读；若声明、输入、Schema或授权漂移，既有结论自动失效并须追加新批次,未读取业务正文、价格、成交、订单簿、账户或凭据；身份字段不完整,为该成员提供当前版本九字段声明及逐字段Schema、授权和唯一证据定位后追加不可变批次,2d50c1344a835ceeb832796935182aeff80bb03cecc5465c8cf3aaccbd446acd,86129966e4bc55fac18f2d7602a2309d4403f85861102128a56a80a5a0ccc1ea,fb837f7da2418f929d8b89afb8b8444ed677cb2cd7dc98c48f25c16db2db7e87
source-identity-declaration-20260808T051008+0800-7cf99a5ed6b9,ZI-8a28b9cbda14361fea3e0d08,DS-000041,候选数据文件,ETH,4小时;8小时;24小时;48小时,15分钟;1小时,未知,未知,未知,未知,未知,未知,未知,未知,未知,未登记,无,config/数据/来源身份声明补采.json#身份声明[],f9cf6f2a34762867a443c0a0366a7fd63f6eb254ce171133707efd3aa521c683,286620d7066b28b8ed933077901ecb9ff8a5c8e40df6514ff7c3ba5ecac9abe8,6466d27c4cacb1b44340701a0f9953f1044a436672e0ab6b229502c56183e6df,未知,b3a1fc5ec72ad95e258b584f936ad46befab951e0ee9e43eaa18179e34974387,无法判定,FILE_STAT_OBSERVED_IDENTITY_UNPROVEN,本批次只读；若声明、输入、Schema或授权漂移，既有结论自动失效并须追加新批次,未读取业务正文、价格、成交、订单簿、账户或凭据；身份字段不完整,为该成员提供当前版本九字段声明及逐字段Schema、授权和唯一证据定位后追加不可变批次,2d50c1344a835ceeb832796935182aeff80bb03cecc5465c8cf3aaccbd446acd,86129966e4bc55fac18f2d7602a2309d4403f85861102128a56a80a5a0ccc1ea,9473a4c5be0d77c343440629b5306b0f6b8d1c5bf4d15f7144a1a15879e14e76
source-identity-declaration-20260808T051008+0800-7cf99a5ed6b9,ZI-7c080a0c72e43d3f2e78e7f0,DS-000042,候选数据文件,ETH,4小时;8小时;24小时;48小时,15分钟;1小时,未知,未知,未知,未知,未知,未知,未知,未知,未知,未登记,无,config/数据/来源身份声明补采.json#身份声明[],f9cf6f2a34762867a443c0a0366a7fd63f6eb254ce171133707efd3aa521c683,9481f1a90753f8379ea69a4aa88f1289d5bb48cf515812dd34aca6a32ed0708f,5a5b0d58f6e34a58ddc18dd810ece30e36250221a82d0f308d3fd5aa1c139400,未知,b3a1fc5ec72ad95e258b584f936ad46befab951e0ee9e43eaa18179e34974387,拒绝,INPUT_MEMBER_REJECTED,本批次只读；若声明、输入、Schema或授权漂移，既有结论自动失效并须追加新批次,未读取业务正文、价格、成交、订单簿、账户或凭据；身份字段不完整,为该成员提供当前版本九字段声明及逐字段Schema、授权和唯一证据定位后追加不可变批次,2d50c1344a835ceeb832796935182aeff80bb03cecc5465c8cf3aaccbd446acd,86129966e4bc55fac18f2d7602a2309d4403f85861102128a56a80a5a0ccc1ea,5d8f4f5e2474f85171a8d6bd4e8034fe5ea2676d9ec63b9adb7ff59b13ddb970
source-identity-declaration-20260808T051008+0800-7cf99a5ed6b9,ZI-bd4b5404dcd732978b2b6d5b,DS-000043,候选数据文件,ETH,4小时;8小时;24小时;48小时,15分钟;1小时,未知,未知,未知,未知,未知,未知,未知,未知,未知,未登记,无,config/数据/来源身份声明补采.json#身份声明[],f9cf6f2a34762867a443c0a0366a7fd63f6eb254ce171133707efd3aa521c683,ab6e9c5b122b709541147d45af09142fa48c4c8a57e5fd6e14d93cbfe55942f2,f1af5c27aab013187cc6332f83885a31036557bb1cd4001d5390487a5f39e216,未知,b3a1fc5ec72ad95e258b584f936ad46befab951e0ee9e43eaa18179e34974387,无法判定,FILE_STAT_OBSERVED_IDENTITY_UNPROVEN,本批次只读；若声明、输入、Schema或授权漂移，既有结论自动失效并须追加新批次,未读取业务正文、价格、成交、订单簿、账户或凭据；身份字段不完整,为该成员提供当前版本九字段声明及逐字段Schema、授权和唯一证据定位后追加不可变批次,2d50c1344a835ceeb832796935182aeff80bb03cecc5465c8cf3aaccbd446acd,86129966e4bc55fac18f2d7602a2309d4403f85861102128a56a80a5a0ccc1ea,6ed8bbe33196ecc63d95a01def19760258a99c233f5e77d58d7714e4ea93111b
source-identity-declaration-20260808T051008+0800-7cf99a5ed6b9,ZI-28ce816b33b79c38ccfb22e7,DS-000044,候选数据文件,ETH,4小时;8小时;24小时;48小时,15分钟;1小时,未知,未知,未知,未知,未知,未知,未知,未知,未知,未登记,无,config/数据/来源身份声明补采.json#身份声明[],f9cf6f2a34762867a443c0a0366a7fd63f6eb254ce171133707efd3aa521c683,4b351da245a5729653e1e8695950bb4ec677aa15b29af4adcaea6d6c4773688a,5990fc9f777f3a08f3a03f46f067ee00ec5826ede9a27082c1a57ba0ccd0e345,未知,b3a1fc5ec72ad95e258b584f936ad46befab951e0ee9e43eaa18179e34974387,无法判定,FILE_STAT_OBSERVED_IDENTITY_UNPROVEN,本批次只读；若声明、输入、Schema或授权漂移，既有结论自动失效并须追加新批次,未读取业务正文、价格、成交、订单簿、账户或凭据；身份字段不完整,为该成员提供当前版本九字段声明及逐字段Schema、授权和唯一证据定位后追加不可变批次,2d50c1344a835ceeb832796935182aeff80bb03cecc5465c8cf3aaccbd446acd,86129966e4bc55fac18f2d7602a2309d4403f85861102128a56a80a5a0ccc1ea,2c2df0ef8db7f25137545df49a43233286bfa6393ed9f0ff81173138f56247fb
source-identity-declaration-20260808T051008+0800-7cf99a5ed6b9,ZI-9bbd7613dc89967112ed4afb,DS-000045,候选数据文件,ETH,4小时;8小时;24小时;48小时,15分钟;1小时,未知,未知,未知,未知,未知,未知,未知,未知,未知,未登记,无,config/数据/来源身份声明补采.json#身份声明[],f9cf6f2a34762867a443c0a0366a7fd63f6eb254ce171133707efd3aa521c683,7969b3cc256f4b649caaa29cb58c697653c15965c89907fd86f2e98016eff342,4a672bbf789d8418ab929419c221e3ea11a5d4886b4df96d1cc466617293a28c,未知,b3a1fc5ec72ad95e258b584f936ad46befab951e0ee9e43eaa18179e34974387,无法判定,FILE_STAT_OBSERVED_IDENTITY_UNPROVEN,本批次只读；若声明、输入、Schema或授权漂移，既有结论自动失效并须追加新批次,未读取业务正文、价格、成交、订单簿、账户或凭据；身份字段不完整,为该成员提供当前版本九字段声明及逐字段Schema、授权和唯一证据定位后追加不可变批次,2d50c1344a835ceeb832796935182aeff80bb03cecc5465c8cf3aaccbd446acd,86129966e4bc55fac18f2d7602a2309d4403f85861102128a56a80a5a0ccc1ea,b21b94d6f1cc26edd8af55871ba895e7332b2cca3201de4604d1fe571f223aea
source-identity-declaration-20260808T051008+0800-7cf99a5ed6b9,ZI-1a42e8b6c1eb0f32fd83f0db,DS-000046,候选数据文件,ETH,4小时;8小时;24小时;48小时,15分钟;1小时,未知,未知,未知,未知,未知,未知,未知,未知,未知,未登记,无,config/数据/来源身份声明补采.json#身份声明[],f9cf6f2a34762867a443c0a0366a7fd63f6eb254ce171133707efd3aa521c683,d2c16595af2ff812b9699afbac5821cee73e4c3f6842fa3a5a109853626e6c4d,4d70a250b389eb733f5144e8845ac7cf47b4af915a0ae8ca11265a6e2d4d066f,未知,b3a1fc5ec72ad95e258b584f936ad46befab951e0ee9e43eaa18179e34974387,无法判定,FILE_STAT_OBSERVED_IDENTITY_UNPROVEN,本批次只读；若声明、输入、Schema或授权漂移，既有结论自动失效并须追加新批次,未读取业务正文、价格、成交、订单簿、账户或凭据；身份字段不完整,为该成员提供当前版本九字段声明及逐字段Schema、授权和唯一证据定位后追加不可变批次,2d50c1344a835ceeb832796935182aeff80bb03cecc5465c8cf3aaccbd446acd,86129966e4bc55fac18f2d7602a2309d4403f85861102128a56a80a5a0ccc1ea,701e80a1b4382699ff65c9c18fe068a183496314a4ec1dfa249e87b1997010b1
source-identity-declaration-20260808T051008+0800-7cf99a5ed6b9,ZI-9af7501cfbf2c81be74cc00a,DS-000047,候选数据文件,ETH,4小时;8小时;24小时;48小时,15分钟;1小时,未知,未知,未知,未知,未知,未知,未知,未知,未知,未登记,无,config/数据/来源身份声明补采.json#身份声明[],f9cf6f2a34762867a443c0a0366a7fd63f6eb254ce171133707efd3aa521c683,bef8b79e0bee8d3d15ff6d609fb35f08d45972b26fe4f024fbeee00416ef25a9,46b1a39ec8b38aa5a4c52cda15baa63de901bc1a6ec17e421876bd8aa4e7b6c9,未知,b3a1fc5ec72ad95e258b584f936ad46befab951e0ee9e43eaa18179e34974387,无法判定,FILE_STAT_OBSERVED_IDENTITY_UNPROVEN,本批次只读；若声明、输入、Schema或授权漂移，既有结论自动失效并须追加新批次,未读取业务正文、价格、成交、订单簿、账户或凭据；身份字段不完整,为该成员提供当前版本九字段声明及逐字段Schema、授权和唯一证据定位后追加不可变批次,2d50c1344a835ceeb832796935182aeff80bb03cecc5465c8cf3aaccbd446acd,86129966e4bc55fac18f2d7602a2309d4403f85861102128a56a80a5a0ccc1ea,ec772bd5b35bbd5e39544a7a3ddc7b62369986c99f2d632c8ebfc965c60c9cf0
source-identity-declaration-20260808T051008+0800-7cf99a5ed6b9,ZI-e630e48726c8833e33f1b77b,DS-000048,候选数据文件,ETH,4小时;8小时;24小时;48小时,15分钟;1小时,未知,未知,未知,未知,未知,未知,未知,未知,未知,未登记,无,config/数据/来源身份声明补采.json#身份声明[],f9cf6f2a34762867a443c0a0366a7fd63f6eb254ce171133707efd3aa521c683,27c0d7523fd027e4594aaaebc9fd2b4c9853db367233c9469ddddb6909841121,b130c943a71f5e8f7eeda223021569da1e0b67b02216504de601bda39a375860,未知,b3a1fc5ec72ad95e258b584f936ad46befab951e0ee9e43eaa18179e34974387,无法判定,FILE_STAT_OBSERVED_IDENTITY_UNPROVEN,本批次只读；若声明、输入、Schema或授权漂移，既有结论自动失效并须追加新批次,未读取业务正文、价格、成交、订单簿、账户或凭据；身份字段不完整,为该成员提供当前版本九字段声明及逐字段Schema、授权和唯一证据定位后追加不可变批次,2d50c1344a835ceeb832796935182aeff80bb03cecc5465c8cf3aaccbd446acd,86129966e4bc55fac18f2d7602a2309d4403f85861102128a56a80a5a0ccc1ea,93e7bce98871ed0c2b1d21f8faee96da6aa63009aa3c5c5b00576bdc9472342b
source-identity-declaration-20260808T051008+0800-7cf99a5ed6b9,ZI-f2615789012d4d55f670c11d,DS-000049,候选数据文件,ETH,4小时;8小时;24小时;48小时,15分钟;1小时,未知,未知,未知,未知,未知,未知,未知,未知,未知,未登记,无,config/数据/来源身份声明补采.json#身份声明[],f9cf6f2a34762867a443c0a0366a7fd63f6eb254ce171133707efd3aa521c683,4fe0f84c8d96411a88be702c038c1a07e59990872b4f40ea4c994bc83ed839a3,cbec9eccd0ff91df26387ee379b364634312b6b2bc4a236cda20de94fceda7c7,未知,b3a1fc5ec72ad95e258b584f936ad46befab951e0ee9e43eaa18179e34974387,无法判定,FILE_STAT_OBSERVED_IDENTITY_UNPROVEN,本批次只读；若声明、输入、Schema或授权漂移，既有结论自动失效并须追加新批次,未读取业务正文、价格、成交、订单簿、账户或凭据；身份字段不完整,为该成员提供当前版本九字段声明及逐字段Schema、授权和唯一证据定位后追加不可变批次,2d50c1344a835ceeb832796935182aeff80bb03cecc5465c8cf3aaccbd446acd,86129966e4bc55fac18f2d7602a2309d4403f85861102128a56a80a5a0ccc1ea,09f6549a1b882916ed9516d46cb57f72db99075e8dd4a2bb2098ecb0b0e13208
source-identity-declaration-20260808T051008+0800-7cf99a5ed6b9,ZI-3877c0fbfe23b34834d8eadb,DS-000050,候选数据文件,ETH,4小时;8小时;24小时;48小时,15分钟;1小时,未知,未知,未知,未知,未知,未知,未知,未知,未知,未登记,无,config/数据/来源身份声明补采.json#身份声明[],f9cf6f2a34762867a443c0a0366a7fd63f6eb254ce171133707efd3aa521c683,dbba04adf9e0ed6082031b7d3b413eec7ec31a70b2e28e729c73ec97d3a920c4,e15aa3f757d94453fbbb03dbdafb0ada84fa6a63d3e852250fccf88237d587b9,未知,b3a1fc5ec72ad95e258b584f936ad46befab951e0ee9e43eaa18179e34974387,无法判定,FILE_STAT_OBSERVED_IDENTITY_UNPROVEN,本批次只读；若声明、输入、Schema或授权漂移，既有结论自动失效并须追加新批次,未读取业务正文、价格、成交、订单簿、账户或凭据；身份字段不完整,为该成员提供当前版本九字段声明及逐字段Schema、授权和唯一证据定位后追加不可变批次,2d50c1344a835ceeb832796935182aeff80bb03cecc5465c8cf3aaccbd446acd,86129966e4bc55fac18f2d7602a2309d4403f85861102128a56a80a5a0ccc1ea,ae5e71aa349ff4297d422bad30cfbee6e4964c16273daca466306dfe08c8102e
source-identity-declaration-20260808T051008+0800-7cf99a5ed6b9,ZI-f00603909f873d076d99eb9e,DS-000051,候选数据文件,ETH,4小时;8小时;24小时;48小时,15分钟;1小时,未知,未知,未知,未知,未知,未知,未知,未知,未知,未登记,无,config/数据/来源身份声明补采.json#身份声明[],f9cf6f2a34762867a443c0a0366a7fd63f6eb254ce171133707efd3aa521c683,a7632909fefcd410f99ea46b0ca9e8c6c0a75f845b8499b8f0e2a6438275e2d2,47720c6b67b3bfe9b9aa4e696ff944726ae1eb7706b3766b52f7b8463eb618e4,未知,b3a1fc5ec72ad95e258b584f936ad46befab951e0ee9e43eaa18179e34974387,无法判定,FILE_STAT_OBSERVED_IDENTITY_UNPROVEN,本批次只读；若声明、输入、Schema或授权漂移，既有结论自动失效并须追加新批次,未读取业务正文、价格、成交、订单簿、账户或凭据；身份字段不完整,为该成员提供当前版本九字段声明及逐字段Schema、授权和唯一证据定位后追加不可变批次,2d50c1344a835ceeb832796935182aeff80bb03cecc5465c8cf3aaccbd446acd,86129966e4bc55fac18f2d7602a2309d4403f85861102128a56a80a5a0ccc1ea,42bfdfaa489fff84f31fb3fd1c18772c2b6ba304b2e2367d8dfed0044847c76c
source-identity-declaration-20260808T051008+0800-7cf99a5ed6b9,ZI-e5632d1560b416fda6b4ca83,DS-000052,候选数据文件,ETH,4小时;8小时;24小时;48小时,15分钟;1小时,未知,未知,未知,未知,未知,未知,未知,未知,未知,未登记,无,config/数据/来源身份声明补采.json#身份声明[],f9cf6f2a34762867a443c0a0366a7fd63f6eb254ce171133707efd3aa521c683,04143c6927d1275ecc2e6a7ad519ea36c53154683aee2d5e619e273dfbd2c3a5,cd7c6b01d898b9462f4f3346ebb39e1b25ec39b8f5628981628c8786641cd225,未知,b3a1fc5ec72ad95e258b584f936ad46befab951e0ee9e43eaa18179e34974387,无法判定,FILE_STAT_OBSERVED_IDENTITY_UNPROVEN,本批次只读；若声明、输入、Schema或授权漂移，既有结论自动失效并须追加新批次,未读取业务正文、价格、成交、订单簿、账户或凭据；身份字段不完整,为该成员提供当前版本九字段声明及逐字段Schema、授权和唯一证据定位后追加不可变批次,2d50c1344a835ceeb832796935182aeff80bb03cecc5465c8cf3aaccbd446acd,86129966e4bc55fac18f2d7602a2309d4403f85861102128a56a80a5a0ccc1ea,551a1a45e7c7de08ff801d40be0e76fb0fba4abfbbdc69d1486bdc9e57b32e69
source-identity-declaration-20260808T051008+0800-7cf99a5ed6b9,ZI-36613e8a21711c7f665cdceb,DS-000053,候选数据文件,ETH,4小时;8小时;24小时;48小时,15分钟;1小时,未知,未知,未知,未知,未知,未知,未知,未知,未知,未登记,无,config/数据/来源身份声明补采.json#身份声明[],f9cf6f2a34762867a443c0a0366a7fd63f6eb254ce171133707efd3aa521c683,727c4cd15bbd1028cdcf0542f546b79bdf0b6cf5848a5c9875880c0c1d118d34,9b62144dbc2b5b3f18e34c440a441032ef7e0d4e059dbd6d62c5d13f9a0927b9,未知,b3a1fc5ec72ad95e258b584f936ad46befab951e0ee9e43eaa18179e34974387,无法判定,FILE_STAT_OBSERVED_IDENTITY_UNPROVEN,本批次只读；若声明、输入、Schema或授权漂移，既有结论自动失效并须追加新批次,未读取业务正文、价格、成交、订单簿、账户或凭据；身份字段不完整,为该成员提供当前版本九字段声明及逐字段Schema、授权和唯一证据定位后追加不可变批次,2d50c1344a835ceeb832796935182aeff80bb03cecc5465c8cf3aaccbd446acd,86129966e4bc55fac18f2d7602a2309d4403f85861102128a56a80a5a0ccc1ea,a412aa197efefea70a935c2e97f23102fb1134508bf2555caac12635c5fc5091
source-identity-declaration-20260808T051008+0800-7cf99a5ed6b9,ZI-f4c629efd5d8316c21f8c678,DS-000054,候选数据文件,ETH,4小时;8小时;24小时;48小时,15分钟;1小时,未知,未知,未知,未知,未知,未知,未知,未知,未知,未登记,无,config/数据/来源身份声明补采.json#身份声明[],f9cf6f2a34762867a443c0a0366a7fd63f6eb254ce171133707efd3aa521c683,4eca34b92987b0f4628fe992c99d93e94d8dda2644da3ff72acf419a06dd10dc,bf4db291e24ce003a29e8b49a1bf8ee1ae69eab1811226ac1b31e92813a61408,未知,b3a1fc5ec72ad95e258b584f936ad46befab951e0ee9e43eaa18179e34974387,无法判定,FILE_STAT_OBSERVED_IDENTITY_UNPROVEN,本批次只读；若声明、输入、Schema或授权漂移，既有结论自动失效并须追加新批次,未读取业务正文、价格、成交、订单簿、账户或凭据；身份字段不完整,为该成员提供当前版本九字段声明及逐字段Schema、授权和唯一证据定位后追加不可变批次,2d50c1344a835ceeb832796935182aeff80bb03cecc5465c8cf3aaccbd446acd,86129966e4bc55fac18f2d7602a2309d4403f85861102128a56a80a5a0ccc1ea,88f09a7a14c3ecbcd83cd687117bd2cb64c05da5d9a12b3d5be5af0165542a0d
source-identity-declaration-20260808T051008+0800-7cf99a5ed6b9,ZI-e4634a748fc7b2b6cc02f3e9,DS-000055,候选数据文件,ETH,4小时;8小时;24小时;48小时,15分钟;1小时,未知,未知,未知,未知,未知,未知,未知,未知,未知,未登记,无,config/数据/来源身份声明补采.json#身份声明[],f9cf6f2a34762867a443c0a0366a7fd63f6eb254ce171133707efd3aa521c683,d7a56bb2b3f2d1353ae1bdb490dd50f66b9a721e38cbd5d20c71732b5afae1f2,df27138421e3a2345115444ed48245433486494c8dd1a65fbc0e56d46527c892,未知,b3a1fc5ec72ad95e258b584f936ad46befab951e0ee9e43eaa18179e34974387,无法判定,FILE_STAT_OBSERVED_IDENTITY_UNPROVEN,本批次只读；若声明、输入、Schema或授权漂移，既有结论自动失效并须追加新批次,未读取业务正文、价格、成交、订单簿、账户或凭据；身份字段不完整,为该成员提供当前版本九字段声明及逐字段Schema、授权和唯一证据定位后追加不可变批次,2d50c1344a835ceeb832796935182aeff80bb03cecc5465c8cf3aaccbd446acd,86129966e4bc55fac18f2d7602a2309d4403f85861102128a56a80a5a0ccc1ea,e3e848a7668924300e03b8a02b4e610fd6cc74b14f13810ec447c75f49b55429
source-identity-declaration-20260808T051008+0800-7cf99a5ed6b9,ZI-125d0435a6188786951e37bd,DS-000056,候选数据文件,ETH,4小时;8小时;24小时;48小时,15分钟;1小时,未知,未知,未知,未知,未知,未知,未知,未知,未知,未登记,无,config/数据/来源身份声明补采.json#身份声明[],f9cf6f2a34762867a443c0a0366a7fd63f6eb254ce171133707efd3aa521c683,664065d8bcbfde6ce83948e226f424c3f8c73c2aa7a808c48ca3483bbcfdd2d2,9f6e9e7cd3d9267eb45db30dff92330cb57c087ee00809fe19c775f72c394d14,未知,b3a1fc5ec72ad95e258b584f936ad46befab951e0ee9e43eaa18179e34974387,无法判定,FILE_STAT_OBSERVED_IDENTITY_UNPROVEN,本批次只读；若声明、输入、Schema或授权漂移，既有结论自动失效并须追加新批次,未读取业务正文、价格、成交、订单簿、账户或凭据；身份字段不完整,为该成员提供当前版本九字段声明及逐字段Schema、授权和唯一证据定位后追加不可变批次,2d50c1344a835ceeb832796935182aeff80bb03cecc5465c8cf3aaccbd446acd,86129966e4bc55fac18f2d7602a2309d4403f85861102128a56a80a5a0ccc1ea,4d648baf38e7e1d737a97d26f4fd3ab6a11aa0bd10a17f244ba527202f760522
source-identity-declaration-20260808T051008+0800-7cf99a5ed6b9,ZI-6ac98ad98d740090a661a47d,DS-000057,候选数据文件,ETH,4小时;8小时;24小时;48小时,15分钟;1小时,未知,未知,未知,未知,未知,未知,未知,未知,未知,未登记,无,config/数据/来源身份声明补采.json#身份声明[],f9cf6f2a34762867a443c0a0366a7fd63f6eb254ce171133707efd3aa521c683,ae21fda5c0653f332e55a07d8845e164909d455385ec75880755b67592ab6e08,f1c65e289e7ab884b423d6b5ae24ba9ed0fdfe199fecae78e66d80c06d5673a1,未知,b3a1fc5ec72ad95e258b584f936ad46befab951e0ee9e43eaa18179e34974387,无法判定,FILE_STAT_OBSERVED_IDENTITY_UNPROVEN,本批次只读；若声明、输入、Schema或授权漂移，既有结论自动失效并须追加新批次,未读取业务正文、价格、成交、订单簿、账户或凭据；身份字段不完整,为该成员提供当前版本九字段声明及逐字段Schema、授权和唯一证据定位后追加不可变批次,2d50c1344a835ceeb832796935182aeff80bb03cecc5465c8cf3aaccbd446acd,86129966e4bc55fac18f2d7602a2309d4403f85861102128a56a80a5a0ccc1ea,148c8dfd439baf36a043c4022e373e2106d582fb95274774632d9481f1a8056c
source-identity-declaration-20260808T051008+0800-7cf99a5ed6b9,ZI-d09b0bb4a95fd5e64f650483,DS-000058,候选数据文件,ETH,4小时;8小时;24小时;48小时,15分钟;1小时,未知,未知,未知,未知,未知,未知,未知,未知,未知,未登记,无,config/数据/来源身份声明补采.json#身份声明[],f9cf6f2a34762867a443c0a0366a7fd63f6eb254ce171133707efd3aa521c683,c660829578896811167b8d845c14d303efa2e3f8b50e904d73e411784995991a,f882f850239191016d3502bd7499952230046fff74428985aabf221d9ff6c12e,未知,b3a1fc5ec72ad95e258b584f936ad46befab951e0ee9e43eaa18179e34974387,无法判定,FILE_STAT_OBSERVED_IDENTITY_UNPROVEN,本批次只读；若声明、输入、Schema或授权漂移，既有结论自动失效并须追加新批次,未读取业务正文、价格、成交、订单簿、账户或凭据；身份字段不完整,为该成员提供当前版本九字段声明及逐字段Schema、授权和唯一证据定位后追加不可变批次,2d50c1344a835ceeb832796935182aeff80bb03cecc5465c8cf3aaccbd446acd,86129966e4bc55fac18f2d7602a2309d4403f85861102128a56a80a5a0ccc1ea,ddc369e6fc644d2d7d1c4445956d2a08a8a681896e59672d1bc80736f5b339f3
source-identity-declaration-20260808T051008+0800-7cf99a5ed6b9,ZI-167d01818b56710ddbafb446,DS-000059,候选数据文件,ETH,4小时;8小时;24小时;48小时,15分钟;1小时,未知,未知,未知,未知,未知,未知,未知,未知,未知,未登记,无,config/数据/来源身份声明补采.json#身份声明[],f9cf6f2a34762867a443c0a0366a7fd63f6eb254ce171133707efd3aa521c683,6ab67b288358b14fec04f0192375baa6f051a76cf8cbe96f4f6da90007923591,651365605a3eeecc7b84153ab291e031b5e5a0da9eeed4d927f115422ae1bcf5,未知,b3a1fc5ec72ad95e258b584f936ad46befab951e0ee9e43eaa18179e34974387,无法判定,FILE_STAT_OBSERVED_IDENTITY_UNPROVEN,本批次只读；若声明、输入、Schema或授权漂移，既有结论自动失效并须追加新批次,未读取业务正文、价格、成交、订单簿、账户或凭据；身份字段不完整,为该成员提供当前版本九字段声明及逐字段Schema、授权和唯一证据定位后追加不可变批次,2d50c1344a835ceeb832796935182aeff80bb03cecc5465c8cf3aaccbd446acd,86129966e4bc55fac18f2d7602a2309d4403f85861102128a56a80a5a0ccc1ea,abb5bd20bc8679a15de66c2e6a5359eb16276fb853b264dd8471114471019baf
source-identity-declaration-20260808T051008+0800-7cf99a5ed6b9,ZI-3d63384c465a5614a4b1b48e,DS-000060,候选数据文件,ETH,4小时;8小时;24小时;48小时,15分钟;1小时,未知,未知,未知,未知,未知,未知,未知,未知,未知,未登记,无,config/数据/来源身份声明补采.json#身份声明[],f9cf6f2a34762867a443c0a0366a7fd63f6eb254ce171133707efd3aa521c683,adf7fdba5eb0d647d00287e9447a608eb8c49dc7152886e47ac7594111d44ddd,12c351038dc469e958fe4100d546c89d5d63a0eb2f8e198c1775b1975c890a4a,未知,b3a1fc5ec72ad95e258b584f936ad46befab951e0ee9e43eaa18179e34974387,无法判定,FILE_STAT_OBSERVED_IDENTITY_UNPROVEN,本批次只读；若声明、输入、Schema或授权漂移，既有结论自动失效并须追加新批次,未读取业务正文、价格、成交、订单簿、账户或凭据；身份字段不完整,为该成员提供当前版本九字段声明及逐字段Schema、授权和唯一证据定位后追加不可变批次,2d50c1344a835ceeb832796935182aeff80bb03cecc5465c8cf3aaccbd446acd,86129966e4bc55fac18f2d7602a2309d4403f85861102128a56a80a5a0ccc1ea,69ef1c0ca9395e3393e728e0ed7eef733b1a067365e1698e5fd89bd5dea21697
source-identity-declaration-20260808T051008+0800-7cf99a5ed6b9,ZI-8d3158324830bcdf98c9179e,DS-000061,候选数据文件,ETH,4小时;8小时;24小时;48小时,15分钟;1小时,未知,未知,未知,未知,未知,未知,未知,未知,未知,未登记,无,config/数据/来源身份声明补采.json#身份声明[],f9cf6f2a34762867a443c0a0366a7fd63f6eb254ce171133707efd3aa521c683,3a5d875afbc06a8c4e2c1bfabdef47e60bab08f23564741f433dc66b18ada1f9,8a9ab8deaabae43a111b9a2b5357e0ea3cb35d73eafade080a2863a7233c89ea,未知,b3a1fc5ec72ad95e258b584f936ad46befab951e0ee9e43eaa18179e34974387,无法判定,FILE_STAT_OBSERVED_IDENTITY_UNPROVEN,本批次只读；若声明、输入、Schema或授权漂移，既有结论自动失效并须追加新批次,未读取业务正文、价格、成交、订单簿、账户或凭据；身份字段不完整,为该成员提供当前版本九字段声明及逐字段Schema、授权和唯一证据定位后追加不可变批次,2d50c1344a835ceeb832796935182aeff80bb03cecc5465c8cf3aaccbd446acd,86129966e4bc55fac18f2d7602a2309d4403f85861102128a56a80a5a0ccc1ea,25a5ab6f64f4f63dae90086415f7aceacb21d751d2ba06f8aad392388be9016d
source-identity-declaration-20260808T051008+0800-7cf99a5ed6b9,ZI-14f914d1a3448c90648032d9,DS-000062,候选数据文件,ETH,4小时;8小时;24小时;48小时,15分钟;1小时,未知,未知,未知,未知,未知,未知,未知,未知,未知,未登记,无,config/数据/来源身份声明补采.json#身份声明[],f9cf6f2a34762867a443c0a0366a7fd63f6eb254ce171133707efd3aa521c683,5710a895d201ba1fbc94beb00d9e2422377065f1fd515e16b50be19199c8a5ec,4aaea957203bce27943d23d9579770bc8aa08256bce1cc1826a27b2c2036a581,未知,b3a1fc5ec72ad95e258b584f936ad46befab951e0ee9e43eaa18179e34974387,无法判定,FILE_STAT_OBSERVED_IDENTITY_UNPROVEN,本批次只读；若声明、输入、Schema或授权漂移，既有结论自动失效并须追加新批次,未读取业务正文、价格、成交、订单簿、账户或凭据；身份字段不完整,为该成员提供当前版本九字段声明及逐字段Schema、授权和唯一证据定位后追加不可变批次,2d50c1344a835ceeb832796935182aeff80bb03cecc5465c8cf3aaccbd446acd,86129966e4bc55fac18f2d7602a2309d4403f85861102128a56a80a5a0ccc1ea,00602cc622c031814c61297cd7dbae3637fd469d8bdf744ae4be2107db520206
source-identity-declaration-20260808T051008+0800-7cf99a5ed6b9,ZI-f5bddcb87511d45ac7c5987a,DS-000063,候选数据文件,ETH,4小时;8小时;24小时;48小时,15分钟;1小时,未知,未知,未知,未知,未知,未知,未知,未知,未知,未登记,无,config/数据/来源身份声明补采.json#身份声明[],f9cf6f2a34762867a443c0a0366a7fd63f6eb254ce171133707efd3aa521c683,26a4dec78e9ebed059e05fe413141f5a5cc7f1dfcb2dd638b319e4006f4ae6b7,5c1cf040b1f2cad7e44808ba948ec78a0f4f306cac1d8458eba84fa3d88e9b6b,未知,b3a1fc5ec72ad95e258b584f936ad46befab951e0ee9e43eaa18179e34974387,无法判定,FILE_STAT_OBSERVED_IDENTITY_UNPROVEN,本批次只读；若声明、输入、Schema或授权漂移，既有结论自动失效并须追加新批次,未读取业务正文、价格、成交、订单簿、账户或凭据；身份字段不完整,为该成员提供当前版本九字段声明及逐字段Schema、授权和唯一证据定位后追加不可变批次,2d50c1344a835ceeb832796935182aeff80bb03cecc5465c8cf3aaccbd446acd,86129966e4bc55fac18f2d7602a2309d4403f85861102128a56a80a5a0ccc1ea,8849aa27650f0a74786200ab93485b4a3d69de086bbd1a49f18b679eaf508d50
source-identity-declaration-20260808T051008+0800-7cf99a5ed6b9,ZI-fd3d75813aed695a0688a269,DS-000064,候选数据文件,ETH,4小时;8小时;24小时;48小时,15分钟;1小时,未知,未知,未知,未知,未知,未知,未知,未知,未知,未登记,无,config/数据/来源身份声明补采.json#身份声明[],f9cf6f2a34762867a443c0a0366a7fd63f6eb254ce171133707efd3aa521c683,f1f6b00f8921b2167b1f004ba0cb0abd4ef1f7fa7f4123aa449bed5a319e5b47,975b0d7f3e49e42e2ecb879a4d0560bc4e1d7306bfcdd58dae2ea078299254b7,未知,b3a1fc5ec72ad95e258b584f936ad46befab951e0ee9e43eaa18179e34974387,无法判定,FILE_STAT_OBSERVED_IDENTITY_UNPROVEN,本批次只读；若声明、输入、Schema或授权漂移，既有结论自动失效并须追加新批次,未读取业务正文、价格、成交、订单簿、账户或凭据；身份字段不完整,为该成员提供当前版本九字段声明及逐字段Schema、授权和唯一证据定位后追加不可变批次,2d50c1344a835ceeb832796935182aeff80bb03cecc5465c8cf3aaccbd446acd,86129966e4bc55fac18f2d7602a2309d4403f85861102128a56a80a5a0ccc1ea,73430f3bf498d8d17fecfde37f343a010bb35bc2c7594a46c6bb27485af258ba
source-identity-declaration-20260808T051008+0800-7cf99a5ed6b9,ZI-6d753e7102fc438113a8a225,DS-000065,候选数据文件,ETH,4小时;8小时;24小时;48小时,15分钟;1小时,未知,未知,未知,未知,未知,未知,未知,未知,未知,未登记,无,config/数据/来源身份声明补采.json#身份声明[],f9cf6f2a34762867a443c0a0366a7fd63f6eb254ce171133707efd3aa521c683,eab3d84b522308f2ae60c693e4d4eaa4a5821cd91eba8b0d32793da5476732a3,5ced6eac771c906b451a359360e493fc08647e63e8371e0d892fef33c893c5b2,未知,b3a1fc5ec72ad95e258b584f936ad46befab951e0ee9e43eaa18179e34974387,无法判定,FILE_STAT_OBSERVED_IDENTITY_UNPROVEN,本批次只读；若声明、输入、Schema或授权漂移，既有结论自动失效并须追加新批次,未读取业务正文、价格、成交、订单簿、账户或凭据；身份字段不完整,为该成员提供当前版本九字段声明及逐字段Schema、授权和唯一证据定位后追加不可变批次,2d50c1344a835ceeb832796935182aeff80bb03cecc5465c8cf3aaccbd446acd,86129966e4bc55fac18f2d7602a2309d4403f85861102128a56a80a5a0ccc1ea,be6207c4b8621bc1329326cae37dedd96073fac1fe09ea186dcfb292c5febc08
source-identity-declaration-20260808T051008+0800-7cf99a5ed6b9,ZI-cdc9825ab05b1fb6098704fa,DS-000066,候选数据文件,ETH,4小时;8小时;24小时;48小时,15分钟;1小时,未知,未知,未知,未知,未知,未知,未知,未知,未知,未登记,无,config/数据/来源身份声明补采.json#身份声明[],f9cf6f2a34762867a443c0a0366a7fd63f6eb254ce171133707efd3aa521c683,b4c1118b099f8af0e0124bcd8ab32c7080e4c77c9db562d06a2ddfb0aaef470f,49627c89939cf1eb48174bba004dd948506e0e9dd8acadbaefa3f59ae850ff66,未知,b3a1fc5ec72ad95e258b584f936ad46befab951e0ee9e43eaa18179e34974387,无法判定,FILE_STAT_OBSERVED_IDENTITY_UNPROVEN,本批次只读；若声明、输入、Schema或授权漂移，既有结论自动失效并须追加新批次,未读取业务正文、价格、成交、订单簿、账户或凭据；身份字段不完整,为该成员提供当前版本九字段声明及逐字段Schema、授权和唯一证据定位后追加不可变批次,2d50c1344a835ceeb832796935182aeff80bb03cecc5465c8cf3aaccbd446acd,86129966e4bc55fac18f2d7602a2309d4403f85861102128a56a80a5a0ccc1ea,2daf81496d0b098bdf59d10c4e3428d0e9d584716ca1fdb96b3e0575ef49f2be
source-identity-declaration-20260808T051008+0800-7cf99a5ed6b9,ZI-debdc43209a47ad26d2b1bd3,DS-000067,候选数据文件,ETH,4小时;8小时;24小时;48小时,15分钟;1小时,未知,未知,未知,未知,未知,未知,未知,未知,未知,未登记,无,config/数据/来源身份声明补采.json#身份声明[],f9cf6f2a34762867a443c0a0366a7fd63f6eb254ce171133707efd3aa521c683,0aacf650e5c210dc3a2f861d8ec121819cbf065be98ebffdaefac4f009fe321b,23b9038a85ed14a2a54b16059f5894baa282799241d5f16565a7ac1f5285bc89,未知,b3a1fc5ec72ad95e258b584f936ad46befab951e0ee9e43eaa18179e34974387,无法判定,FILE_STAT_OBSERVED_IDENTITY_UNPROVEN,本批次只读；若声明、输入、Schema或授权漂移，既有结论自动失效并须追加新批次,未读取业务正文、价格、成交、订单簿、账户或凭据；身份字段不完整,为该成员提供当前版本九字段声明及逐字段Schema、授权和唯一证据定位后追加不可变批次,2d50c1344a835ceeb832796935182aeff80bb03cecc5465c8cf3aaccbd446acd,86129966e4bc55fac18f2d7602a2309d4403f85861102128a56a80a5a0ccc1ea,79a9a695f9be8d2dd813688a2ac3da4d1262e1b87bc900f6a1914402bfed6ed5
source-identity-declaration-20260808T051008+0800-7cf99a5ed6b9,ZI-7d00e7e8b9a85ec6bb065156,DS-000068,候选数据文件,ETH,4小时;8小时;24小时;48小时,15分钟;1小时,未知,未知,未知,未知,未知,未知,未知,未知,未知,未登记,无,config/数据/来源身份声明补采.json#身份声明[],f9cf6f2a34762867a443c0a0366a7fd63f6eb254ce171133707efd3aa521c683,db30c154a1919ffb0c2c0e6029d2f69014247f83417003c9f872c26cf0a21977,77f7447a7e0aa38f0d517728fdaabe180eef0cb7550aaa9ffa57596bca31fdab,未知,b3a1fc5ec72ad95e258b584f936ad46befab951e0ee9e43eaa18179e34974387,无法判定,FILE_STAT_OBSERVED_IDENTITY_UNPROVEN,本批次只读；若声明、输入、Schema或授权漂移，既有结论自动失效并须追加新批次,未读取业务正文、价格、成交、订单簿、账户或凭据；身份字段不完整,为该成员提供当前版本九字段声明及逐字段Schema、授权和唯一证据定位后追加不可变批次,2d50c1344a835ceeb832796935182aeff80bb03cecc5465c8cf3aaccbd446acd,86129966e4bc55fac18f2d7602a2309d4403f85861102128a56a80a5a0ccc1ea,c8c89689453d55511579df8271a3428c28d96699093b219ba33c4715321cc356
source-identity-declaration-20260808T051008+0800-7cf99a5ed6b9,ZI-130612ec6f518786293a81bb,DS-000069,候选数据文件,ETH,4小时;8小时;24小时;48小时,15分钟;1小时,未知,未知,未知,未知,未知,未知,未知,未知,未知,未登记,无,config/数据/来源身份声明补采.json#身份声明[],f9cf6f2a34762867a443c0a0366a7fd63f6eb254ce171133707efd3aa521c683,94ab5dc58dcd90b5be0cd9c24412f3966fe4b99eb33d8a5f3620a6854ac8143e,b045ee151128a0e814864af57377feb4ccfe9e9357117747cf18850b84ba6244,未知,b3a1fc5ec72ad95e258b584f936ad46befab951e0ee9e43eaa18179e34974387,无法判定,FILE_STAT_OBSERVED_IDENTITY_UNPROVEN,本批次只读；若声明、输入、Schema或授权漂移，既有结论自动失效并须追加新批次,未读取业务正文、价格、成交、订单簿、账户或凭据；身份字段不完整,为该成员提供当前版本九字段声明及逐字段Schema、授权和唯一证据定位后追加不可变批次,2d50c1344a835ceeb832796935182aeff80bb03cecc5465c8cf3aaccbd446acd,86129966e4bc55fac18f2d7602a2309d4403f85861102128a56a80a5a0ccc1ea,7ac49fe151c420a75aa3d6ef124825fcba37cb642b728a6780fed2016303f44b
source-identity-declaration-20260808T051008+0800-7cf99a5ed6b9,ZI-65b40787d4fc73554e42a24e,DS-000070,候选数据文件,ETH,4小时;8小时;24小时;48小时,15分钟;1小时,未知,未知,未知,未知,未知,未知,未知,未知,未知,未登记,无,config/数据/来源身份声明补采.json#身份声明[],f9cf6f2a34762867a443c0a0366a7fd63f6eb254ce171133707efd3aa521c683,b04d9cf5f0550dd3b100f17db6b09f4e9755f27bc2dfb80444837b7bdeece9f7,4fb4e8aa84094c1c0360c4ec1ea4dec37d83ca8f1617872a4b121e925efebd50,未知,b3a1fc5ec72ad95e258b584f936ad46befab951e0ee9e43eaa18179e34974387,无法判定,FILE_STAT_OBSERVED_IDENTITY_UNPROVEN,本批次只读；若声明、输入、Schema或授权漂移，既有结论自动失效并须追加新批次,未读取业务正文、价格、成交、订单簿、账户或凭据；身份字段不完整,为该成员提供当前版本九字段声明及逐字段Schema、授权和唯一证据定位后追加不可变批次,2d50c1344a835ceeb832796935182aeff80bb03cecc5465c8cf3aaccbd446acd,86129966e4bc55fac18f2d7602a2309d4403f85861102128a56a80a5a0ccc1ea,4325f750bbe9317bade831646fa964310a71008665696873a3909298f7648c0d
source-identity-declaration-20260808T051008+0800-7cf99a5ed6b9,ZI-2e5b11987f0893e154b4a226,DS-000071,候选数据文件,ETH,4小时;8小时;24小时;48小时,15分钟;1小时,未知,未知,未知,未知,未知,未知,未知,未知,未知,未登记,无,config/数据/来源身份声明补采.json#身份声明[],f9cf6f2a34762867a443c0a0366a7fd63f6eb254ce171133707efd3aa521c683,0862e2f5ee203957cf6bdf9e0cccea6c1bd224b6343746e2c26cb9d1aefecc2a,1f91c6c4858ae0a9f46ad48d03d5521794abed19ca22b082afb898f8baa5ba6a,未知,b3a1fc5ec72ad95e258b584f936ad46befab951e0ee9e43eaa18179e34974387,无法判定,FILE_STAT_OBSERVED_IDENTITY_UNPROVEN,本批次只读；若声明、输入、Schema或授权漂移，既有结论自动失效并须追加新批次,未读取业务正文、价格、成交、订单簿、账户或凭据；身份字段不完整,为该成员提供当前版本九字段声明及逐字段Schema、授权和唯一证据定位后追加不可变批次,2d50c1344a835ceeb832796935182aeff80bb03cecc5465c8cf3aaccbd446acd,86129966e4bc55fac18f2d7602a2309d4403f85861102128a56a80a5a0ccc1ea,22b4b8baa0b87d4a7e885f03ccadf9748fa2821f567910991b5b5e187af99a93
source-identity-declaration-20260808T051008+0800-7cf99a5ed6b9,ZI-8a724c2b2b2310e8ea456a6c,DS-000072,候选数据文件,ETH,4小时;8小时;24小时;48小时,15分钟;1小时,未知,未知,未知,未知,未知,未知,未知,未知,未知,未登记,无,config/数据/来源身份声明补采.json#身份声明[],f9cf6f2a34762867a443c0a0366a7fd63f6eb254ce171133707efd3aa521c683,15027222020681861caf23abd321393fbb4237b3f83100c4b4534386b40b95c7,e89f0dbf2a77cb25cfdf1e62bb610f580026a50d99098816120bc4fd61a82e7c,未知,b3a1fc5ec72ad95e258b584f936ad46befab951e0ee9e43eaa18179e34974387,无法判定,FILE_STAT_OBSERVED_IDENTITY_UNPROVEN,本批次只读；若声明、输入、Schema或授权漂移，既有结论自动失效并须追加新批次,未读取业务正文、价格、成交、订单簿、账户或凭据；身份字段不完整,为该成员提供当前版本九字段声明及逐字段Schema、授权和唯一证据定位后追加不可变批次,2d50c1344a835ceeb832796935182aeff80bb03cecc5465c8cf3aaccbd446acd,86129966e4bc55fac18f2d7602a2309d4403f85861102128a56a80a5a0ccc1ea,6b63ee554cbe667c399252fe6262a5b9e8d70f3230a8f5ad734fd6be69657756
source-identity-declaration-20260808T051008+0800-7cf99a5ed6b9,ZI-8ff34b76a144e3416ff2ba0a,DS-000073,候选数据文件,ETH,4小时;8小时;24小时;48小时,15分钟;1小时,未知,未知,未知,未知,未知,未知,未知,未知,未知,未登记,无,config/数据/来源身份声明补采.json#身份声明[],f9cf6f2a34762867a443c0a0366a7fd63f6eb254ce171133707efd3aa521c683,2deca25c4bce98ed07321e7eac5d762f307f7f056c5ce4b08ebd7b4b8f4c7364,d995bf7886e7749af0ae9972de012ed7b4d3be3d3c4d15039da26dc2abbacc64,未知,b3a1fc5ec72ad95e258b584f936ad46befab951e0ee9e43eaa18179e34974387,无法判定,FILE_STAT_OBSERVED_IDENTITY_UNPROVEN,本批次只读；若声明、输入、Schema或授权漂移，既有结论自动失效并须追加新批次,未读取业务正文、价格、成交、订单簿、账户或凭据；身份字段不完整,为该成员提供当前版本九字段声明及逐字段Schema、授权和唯一证据定位后追加不可变批次,2d50c1344a835ceeb832796935182aeff80bb03cecc5465c8cf3aaccbd446acd,86129966e4bc55fac18f2d7602a2309d4403f85861102128a56a80a5a0ccc1ea,57df69a44bbdf6c4b18416008e6b1428d9cf5f7829f656f3eb958cb307de6146
source-identity-declaration-20260808T051008+0800-7cf99a5ed6b9,ZI-2dab989667e2e000a36be458,DS-000074,候选数据文件,ETH,4小时;8小时;24小时;48小时,15分钟;1小时,未知,未知,未知,未知,未知,未知,未知,未知,未知,未登记,无,config/数据/来源身份声明补采.json#身份声明[],f9cf6f2a34762867a443c0a0366a7fd63f6eb254ce171133707efd3aa521c683,ac5b354c4a5253401a4abe672fd70623e5d2f3a6022e2de9dfe19e3d64c073bb,f80740ee978711f811d73f02f9b88ed3f22242e7bd5feead25976c28f905907a,未知,b3a1fc5ec72ad95e258b584f936ad46befab951e0ee9e43eaa18179e34974387,无法判定,FILE_STAT_OBSERVED_IDENTITY_UNPROVEN,本批次只读；若声明、输入、Schema或授权漂移，既有结论自动失效并须追加新批次,未读取业务正文、价格、成交、订单簿、账户或凭据；身份字段不完整,为该成员提供当前版本九字段声明及逐字段Schema、授权和唯一证据定位后追加不可变批次,2d50c1344a835ceeb832796935182aeff80bb03cecc5465c8cf3aaccbd446acd,86129966e4bc55fac18f2d7602a2309d4403f85861102128a56a80a5a0ccc1ea,31877b3fd09bb048bc11f1e0ebc9e021ebb7a8deffe0b7225c964746378fd227
source-identity-declaration-20260808T051008+0800-7cf99a5ed6b9,ZI-34c79640d21e2dca7bd200b8,DS-000075,候选数据文件,ETH,4小时;8小时;24小时;48小时,15分钟;1小时,未知,未知,未知,未知,未知,未知,未知,未知,未知,未登记,无,config/数据/来源身份声明补采.json#身份声明[],f9cf6f2a34762867a443c0a0366a7fd63f6eb254ce171133707efd3aa521c683,e5adabe624a278724b6ce1f97aeb2e7478b7ef0b117219951e3dd57b9a70dab7,1aa23fb2b5b219ee2ddaa27d5cc1038b4ef3a1ec97d8e7314871c30944d2da2a,未知,b3a1fc5ec72ad95e258b584f936ad46befab951e0ee9e43eaa18179e34974387,无法判定,FILE_STAT_OBSERVED_IDENTITY_UNPROVEN,本批次只读；若声明、输入、Schema或授权漂移，既有结论自动失效并须追加新批次,未读取业务正文、价格、成交、订单簿、账户或凭据；身份字段不完整,为该成员提供当前版本九字段声明及逐字段Schema、授权和唯一证据定位后追加不可变批次,2d50c1344a835ceeb832796935182aeff80bb03cecc5465c8cf3aaccbd446acd,86129966e4bc55fac18f2d7602a2309d4403f85861102128a56a80a5a0ccc1ea,26fa2fb833060f3a3d05df98292ecef75d268bf96ef3cffbadbbff5ef5a23eb2
source-identity-declaration-20260808T051008+0800-7cf99a5ed6b9,ZI-71226df9ffc076a6def96779,DS-000076,候选数据文件,ETH,4小时;8小时;24小时;48小时,15分钟;1小时,未知,未知,未知,未知,未知,未知,未知,未知,未知,未登记,无,config/数据/来源身份声明补采.json#身份声明[],f9cf6f2a34762867a443c0a0366a7fd63f6eb254ce171133707efd3aa521c683,e8f121115255b3f336495618342f8a1f0e4377727cdcd8fbf7e7f6007899d3c1,111cb89424ead72cf3aa0cd5a8dc8301bd6f361a01bb006c2c971e67a0756aa3,未知,b3a1fc5ec72ad95e258b584f936ad46befab951e0ee9e43eaa18179e34974387,无法判定,FILE_STAT_OBSERVED_IDENTITY_UNPROVEN,本批次只读；若声明、输入、Schema或授权漂移，既有结论自动失效并须追加新批次,未读取业务正文、价格、成交、订单簿、账户或凭据；身份字段不完整,为该成员提供当前版本九字段声明及逐字段Schema、授权和唯一证据定位后追加不可变批次,2d50c1344a835ceeb832796935182aeff80bb03cecc5465c8cf3aaccbd446acd,86129966e4bc55fac18f2d7602a2309d4403f85861102128a56a80a5a0ccc1ea,9b821214107a0d84a9c699b2e129d4578128086108074253d92ad57e8c4b68c6
source-identity-declaration-20260808T051008+0800-7cf99a5ed6b9,ZI-b211253f6cb6a849fbcb8b9b,DS-000077,候选数据文件,ETH,4小时;8小时;24小时;48小时,15分钟;1小时,未知,未知,未知,未知,未知,未知,未知,未知,未知,未登记,无,config/数据/来源身份声明补采.json#身份声明[],f9cf6f2a34762867a443c0a0366a7fd63f6eb254ce171133707efd3aa521c683,b93cbc4a97f28e776414cc96ef1c9b6d33baf46dedf6542fc40b5f24ebb90aab,baa29331850ab27315c0a93930f539cb5502f423fedd98cb2e86e267f2b045a6,未知,b3a1fc5ec72ad95e258b584f936ad46befab951e0ee9e43eaa18179e34974387,无法判定,FILE_STAT_OBSERVED_IDENTITY_UNPROVEN,本批次只读；若声明、输入、Schema或授权漂移，既有结论自动失效并须追加新批次,未读取业务正文、价格、成交、订单簿、账户或凭据；身份字段不完整,为该成员提供当前版本九字段声明及逐字段Schema、授权和唯一证据定位后追加不可变批次,2d50c1344a835ceeb832796935182aeff80bb03cecc5465c8cf3aaccbd446acd,86129966e4bc55fac18f2d7602a2309d4403f85861102128a56a80a5a0ccc1ea,f88a62ba7bf5bc4373582257eb0b80f6d56c02b0616feb9eb28fd29313e7b8ed
source-identity-declaration-20260808T051008+0800-7cf99a5ed6b9,ZI-3be31e2ad7066adca6b49b55,DS-000078,候选数据文件,ETH,4小时;8小时;24小时;48小时,15分钟;1小时,未知,未知,未知,未知,未知,未知,未知,未知,未知,未登记,无,config/数据/来源身份声明补采.json#身份声明[],f9cf6f2a34762867a443c0a0366a7fd63f6eb254ce171133707efd3aa521c683,9ff25aec656063d50358c451f21569aac06eaec60abb7eb1209d023004fcd058,e212d846a0d4288bbedde644fcd626ba447695af79074e263214faace9780adf,未知,b3a1fc5ec72ad95e258b584f936ad46befab951e0ee9e43eaa18179e34974387,无法判定,FILE_STAT_OBSERVED_IDENTITY_UNPROVEN,本批次只读；若声明、输入、Schema或授权漂移，既有结论自动失效并须追加新批次,未读取业务正文、价格、成交、订单簿、账户或凭据；身份字段不完整,为该成员提供当前版本九字段声明及逐字段Schema、授权和唯一证据定位后追加不可变批次,2d50c1344a835ceeb832796935182aeff80bb03cecc5465c8cf3aaccbd446acd,86129966e4bc55fac18f2d7602a2309d4403f85861102128a56a80a5a0ccc1ea,6134b3e8a6724a4bbb2b11c4e474d1e29609183aef626a5291811f87e729bafd
source-identity-declaration-20260808T051008+0800-7cf99a5ed6b9,ZI-f028549bbcd5063bf447769f,DS-000079,候选数据文件,ETH,4小时;8小时;24小时;48小时,15分钟;1小时,未知,未知,未知,未知,未知,未知,未知,未知,未知,未登记,无,config/数据/来源身份声明补采.json#身份声明[],f9cf6f2a34762867a443c0a0366a7fd63f6eb254ce171133707efd3aa521c683,2b9634a627f69599a77aa29fa4a7056feb846f6a024ecdb8f55a1c04aa95fea2,91f169f714c690456138cdf589d5e8a7b5456f6053d1cdc94e2b724fdbfa42b1,未知,b3a1fc5ec72ad95e258b584f936ad46befab951e0ee9e43eaa18179e34974387,无法判定,FILE_STAT_OBSERVED_IDENTITY_UNPROVEN,本批次只读；若声明、输入、Schema或授权漂移，既有结论自动失效并须追加新批次,未读取业务正文、价格、成交、订单簿、账户或凭据；身份字段不完整,为该成员提供当前版本九字段声明及逐字段Schema、授权和唯一证据定位后追加不可变批次,2d50c1344a835ceeb832796935182aeff80bb03cecc5465c8cf3aaccbd446acd,86129966e4bc55fac18f2d7602a2309d4403f85861102128a56a80a5a0ccc1ea,8578c73af9c732ed2613b05df051be997a55d5b95758c73d814e5f4ddcad8b09
source-identity-declaration-20260808T051008+0800-7cf99a5ed6b9,ZI-5cb1f0e0a0d3ea04cec7f2db,DS-000080,候选数据文件,ETH,4小时;8小时;24小时;48小时,15分钟;1小时,未知,未知,未知,未知,未知,未知,未知,未知,未知,未登记,无,config/数据/来源身份声明补采.json#身份声明[],f9cf6f2a34762867a443c0a0366a7fd63f6eb254ce171133707efd3aa521c683,3af20a52811a89980b8cf09252253e548c5f6c7fe76c96012651febe29bb1e22,29a9822b3c83726c46e27f624ea982eb5b39d1b28b9c7f58154f864cdaa29623,未知,b3a1fc5ec72ad95e258b584f936ad46befab951e0ee9e43eaa18179e34974387,无法判定,FILE_STAT_OBSERVED_IDENTITY_UNPROVEN,本批次只读；若声明、输入、Schema或授权漂移，既有结论自动失效并须追加新批次,未读取业务正文、价格、成交、订单簿、账户或凭据；身份字段不完整,为该成员提供当前版本九字段声明及逐字段Schema、授权和唯一证据定位后追加不可变批次,2d50c1344a835ceeb832796935182aeff80bb03cecc5465c8cf3aaccbd446acd,86129966e4bc55fac18f2d7602a2309d4403f85861102128a56a80a5a0ccc1ea,7d3dcec45d0900302b807ffcb33cc4bcc04c6f71b83aa8999d069ffe324af1e3
source-identity-declaration-20260808T051008+0800-7cf99a5ed6b9,ZI-c554be2524b6ac56420322df,DS-000081,候选数据文件,ETH,4小时;8小时;24小时;48小时,15分钟;1小时,未知,未知,未知,未知,未知,未知,未知,未知,未知,未登记,无,config/数据/来源身份声明补采.json#身份声明[],f9cf6f2a34762867a443c0a0366a7fd63f6eb254ce171133707efd3aa521c683,b20c3eb4b0ee8495a9cdc66b7a345404f395cee265413ff67af9890cc47ff5f5,d1db93d691c78fd916ed92552469c918d03cee922044d79f33cf6a69eb698258,未知,b3a1fc5ec72ad95e258b584f936ad46befab951e0ee9e43eaa18179e34974387,无法判定,FILE_STAT_OBSERVED_IDENTITY_UNPROVEN,本批次只读；若声明、输入、Schema或授权漂移，既有结论自动失效并须追加新批次,未读取业务正文、价格、成交、订单簿、账户或凭据；身份字段不完整,为该成员提供当前版本九字段声明及逐字段Schema、授权和唯一证据定位后追加不可变批次,2d50c1344a835ceeb832796935182aeff80bb03cecc5465c8cf3aaccbd446acd,86129966e4bc55fac18f2d7602a2309d4403f85861102128a56a80a5a0ccc1ea,921d871f6bd71dd9d9ad0dd603ff99baddb223cc55ef212eec994a1ee42d9e88
source-identity-declaration-20260808T051008+0800-7cf99a5ed6b9,ZI-4436ad9b42c6f806385bd6b4,DS-000082,候选数据文件,ETH,4小时;8小时;24小时;48小时,15分钟;1小时,未知,未知,未知,未知,未知,未知,未知,未知,未知,未登记,无,config/数据/来源身份声明补采.json#身份声明[],f9cf6f2a34762867a443c0a0366a7fd63f6eb254ce171133707efd3aa521c683,a3c34f7777e1788e6f6a999275acf640777e31dfb5589bc25492af521c3e994a,fede02311f74fb634858a416f0f4dd18126f465e01fbc1100acbf10d1200a663,未知,b3a1fc5ec72ad95e258b584f936ad46befab951e0ee9e43eaa18179e34974387,无法判定,FILE_STAT_OBSERVED_IDENTITY_UNPROVEN,本批次只读；若声明、输入、Schema或授权漂移，既有结论自动失效并须追加新批次,未读取业务正文、价格、成交、订单簿、账户或凭据；身份字段不完整,为该成员提供当前版本九字段声明及逐字段Schema、授权和唯一证据定位后追加不可变批次,2d50c1344a835ceeb832796935182aeff80bb03cecc5465c8cf3aaccbd446acd,86129966e4bc55fac18f2d7602a2309d4403f85861102128a56a80a5a0ccc1ea,df10c4a109606b8ad1a5f338ac88e6fde85b448189f00966327476d2ba6a2fa0
source-identity-declaration-20260808T051008+0800-7cf99a5ed6b9,ZI-dc802620a1660401748ba4f1,DS-000083,候选数据文件,ETH,4小时;8小时;24小时;48小时,15分钟;1小时,未知,未知,未知,未知,未知,未知,未知,未知,未知,未登记,无,config/数据/来源身份声明补采.json#身份声明[],f9cf6f2a34762867a443c0a0366a7fd63f6eb254ce171133707efd3aa521c683,2451e8638c8430d0a501abd81a4c6d6bf80512a1dab2010897c17132c0c7480e,7b4a4a43ce8d31d83beac8dd9485d3c99d65763572b420fe5c40d7aff5a2ddc0,未知,b3a1fc5ec72ad95e258b584f936ad46befab951e0ee9e43eaa18179e34974387,无法判定,FILE_STAT_OBSERVED_IDENTITY_UNPROVEN,本批次只读；若声明、输入、Schema或授权漂移，既有结论自动失效并须追加新批次,未读取业务正文、价格、成交、订单簿、账户或凭据；身份字段不完整,为该成员提供当前版本九字段声明及逐字段Schema、授权和唯一证据定位后追加不可变批次,2d50c1344a835ceeb832796935182aeff80bb03cecc5465c8cf3aaccbd446acd,86129966e4bc55fac18f2d7602a2309d4403f85861102128a56a80a5a0ccc1ea,54d46e0f4229588868cd7c22dd8b54a10cdaa2e140bc6ee2747429b2efffa406
source-identity-declaration-20260808T051008+0800-7cf99a5ed6b9,ZI-3f209003d99517aaa9d196de,DS-000084,候选数据文件,ETH,4小时;8小时;24小时;48小时,15分钟;1小时,未知,未知,未知,未知,未知,未知,未知,未知,未知,未登记,无,config/数据/来源身份声明补采.json#身份声明[],f9cf6f2a34762867a443c0a0366a7fd63f6eb254ce171133707efd3aa521c683,445c3db6bd19d4f5548639c800454f126f0076372a493802613cf5800bcfd8e3,605a5eb860a53c866c176f9377d1e2fbb5052a77234ea73731df9aa2573861af,未知,b3a1fc5ec72ad95e258b584f936ad46befab951e0ee9e43eaa18179e34974387,无法判定,FILE_STAT_OBSERVED_IDENTITY_UNPROVEN,本批次只读；若声明、输入、Schema或授权漂移，既有结论自动失效并须追加新批次,未读取业务正文、价格、成交、订单簿、账户或凭据；身份字段不完整,为该成员提供当前版本九字段声明及逐字段Schema、授权和唯一证据定位后追加不可变批次,2d50c1344a835ceeb832796935182aeff80bb03cecc5465c8cf3aaccbd446acd,86129966e4bc55fac18f2d7602a2309d4403f85861102128a56a80a5a0ccc1ea,32d74360df636eae0517ec0c4f820c128d0eae391817e2af12064b35e8de05fb
source-identity-declaration-20260808T051008+0800-7cf99a5ed6b9,ZI-1e587b9ca43b8ecb01a08a67,DS-000085,候选数据文件,ETH,4小时;8小时;24小时;48小时,15分钟;1小时,未知,未知,未知,未知,未知,未知,未知,未知,未知,未登记,无,config/数据/来源身份声明补采.json#身份声明[],f9cf6f2a34762867a443c0a0366a7fd63f6eb254ce171133707efd3aa521c683,0c7eaabb88f378576b9d9ce30a667c481c9cbc99a6f7eb7d7d491544477e4ffe,0fedf9c7d3d0b989a7b875084ed71e07cdebe1bb2dcb6342a19dfc9a576d79f6,未知,b3a1fc5ec72ad95e258b584f936ad46befab951e0ee9e43eaa18179e34974387,无法判定,FILE_STAT_OBSERVED_IDENTITY_UNPROVEN,本批次只读；若声明、输入、Schema或授权漂移，既有结论自动失效并须追加新批次,未读取业务正文、价格、成交、订单簿、账户或凭据；身份字段不完整,为该成员提供当前版本九字段声明及逐字段Schema、授权和唯一证据定位后追加不可变批次,2d50c1344a835ceeb832796935182aeff80bb03cecc5465c8cf3aaccbd446acd,86129966e4bc55fac18f2d7602a2309d4403f85861102128a56a80a5a0ccc1ea,6a73a8d7570b15315fc4efae6986cdf51c7394730f47f3c7acaed0aa549e14e7
source-identity-declaration-20260808T051008+0800-7cf99a5ed6b9,ZI-bba6b24de803c01632b44a91,DS-000086,候选数据文件,ETH,4小时;8小时;24小时;48小时,15分钟;1小时,未知,未知,未知,未知,未知,未知,未知,未知,未知,未登记,无,config/数据/来源身份声明补采.json#身份声明[],f9cf6f2a34762867a443c0a0366a7fd63f6eb254ce171133707efd3aa521c683,0eb4a4f4f4e4a1068ec372fdf0f11c08153f6b1bc3cd56a5c0c94960d1e62b09,01f93941e985130de91b35ffe8c58ad67717e498a3ce1aa05fc6c302bd2e295d,未知,b3a1fc5ec72ad95e258b584f936ad46befab951e0ee9e43eaa18179e34974387,无法判定,FILE_STAT_OBSERVED_IDENTITY_UNPROVEN,本批次只读；若声明、输入、Schema或授权漂移，既有结论自动失效并须追加新批次,未读取业务正文、价格、成交、订单簿、账户或凭据；身份字段不完整,为该成员提供当前版本九字段声明及逐字段Schema、授权和唯一证据定位后追加不可变批次,2d50c1344a835ceeb832796935182aeff80bb03cecc5465c8cf3aaccbd446acd,86129966e4bc55fac18f2d7602a2309d4403f85861102128a56a80a5a0ccc1ea,a10e0c2f39abc98501dad72604a3a46e4ae36f5b8fab0360e98c096e5aa3356c
source-identity-declaration-20260808T051008+0800-7cf99a5ed6b9,ZI-baea0c9ad86775e8eca92410,DS-000087,候选数据文件,ETH,4小时;8小时;24小时;48小时,15分钟;1小时,未知,未知,未知,未知,未知,未知,未知,未知,未知,未登记,无,config/数据/来源身份声明补采.json#身份声明[],f9cf6f2a34762867a443c0a0366a7fd63f6eb254ce171133707efd3aa521c683,cb5a9125a33ceff9a40988e72821717f085ad2c21526cf39088cb344195f21c1,251b795b56d9aa547185015d4a5a0dcec33763011e38c6999b85d5ac3c45834f,未知,b3a1fc5ec72ad95e258b584f936ad46befab951e0ee9e43eaa18179e34974387,无法判定,FILE_STAT_OBSERVED_IDENTITY_UNPROVEN,本批次只读；若声明、输入、Schema或授权漂移，既有结论自动失效并须追加新批次,未读取业务正文、价格、成交、订单簿、账户或凭据；身份字段不完整,为该成员提供当前版本九字段声明及逐字段Schema、授权和唯一证据定位后追加不可变批次,2d50c1344a835ceeb832796935182aeff80bb03cecc5465c8cf3aaccbd446acd,86129966e4bc55fac18f2d7602a2309d4403f85861102128a56a80a5a0ccc1ea,65776505d0d85b9befa1af062cd0088a92fbf78d898309a7228654f2c6ce1b60
source-identity-declaration-20260808T051008+0800-7cf99a5ed6b9,ZI-e900cf4aa30a969caaffd8a6,DS-000088,候选数据文件,ETH,4小时;8小时;24小时;48小时,15分钟;1小时,未知,未知,未知,未知,未知,未知,未知,未知,未知,未登记,无,config/数据/来源身份声明补采.json#身份声明[],f9cf6f2a34762867a443c0a0366a7fd63f6eb254ce171133707efd3aa521c683,bdf4657f0758c3c4568e041dea286a8841995e2061be6660ddc80d52cb73fd57,86b4f6c6711e419eb64b65468f33c7b013594aec40ccf4bd6b11fe08ad060d5b,未知,b3a1fc5ec72ad95e258b584f936ad46befab951e0ee9e43eaa18179e34974387,无法判定,FILE_STAT_OBSERVED_IDENTITY_UNPROVEN,本批次只读；若声明、输入、Schema或授权漂移，既有结论自动失效并须追加新批次,未读取业务正文、价格、成交、订单簿、账户或凭据；身份字段不完整,为该成员提供当前版本九字段声明及逐字段Schema、授权和唯一证据定位后追加不可变批次,2d50c1344a835ceeb832796935182aeff80bb03cecc5465c8cf3aaccbd446acd,86129966e4bc55fac18f2d7602a2309d4403f85861102128a56a80a5a0ccc1ea,6f4c480e078cc8964ec8b05edd23daf841cc6de5b558542c5efcdd55903fe890
source-identity-declaration-20260808T051008+0800-7cf99a5ed6b9,ZI-fdc48fd4c41a97f34f51f46e,DS-000089,候选数据文件,ETH,4小时;8小时;24小时;48小时,15分钟;1小时,未知,未知,未知,未知,未知,未知,未知,未知,未知,未登记,无,config/数据/来源身份声明补采.json#身份声明[],f9cf6f2a34762867a443c0a0366a7fd63f6eb254ce171133707efd3aa521c683,c17e9de0d77f02429c2bf544f7e87a0be9fbf10f1ca0309af848cab64647df44,4ed8b8cc81cb8fb63ca76d450cbc525819c194a1da99c22db6bc82feab0ae550,未知,b3a1fc5ec72ad95e258b584f936ad46befab951e0ee9e43eaa18179e34974387,无法判定,FILE_STAT_OBSERVED_IDENTITY_UNPROVEN,本批次只读；若声明、输入、Schema或授权漂移，既有结论自动失效并须追加新批次,未读取业务正文、价格、成交、订单簿、账户或凭据；身份字段不完整,为该成员提供当前版本九字段声明及逐字段Schema、授权和唯一证据定位后追加不可变批次,2d50c1344a835ceeb832796935182aeff80bb03cecc5465c8cf3aaccbd446acd,86129966e4bc55fac18f2d7602a2309d4403f85861102128a56a80a5a0ccc1ea,afd178b22412394334afe8119bc47f605631bc9986f109d6bdbde6bea0c7a0ee
source-identity-declaration-20260808T051008+0800-7cf99a5ed6b9,ZI-cfde254fa2f17eff06fd22c0,DS-000090,候选数据文件,ETH,4小时;8小时;24小时;48小时,15分钟;1小时,未知,未知,未知,未知,未知,未知,未知,未知,未知,未登记,无,config/数据/来源身份声明补采.json#身份声明[],f9cf6f2a34762867a443c0a0366a7fd63f6eb254ce171133707efd3aa521c683,7455cb004fd8f92bf11aba3294a88df82c2f66ca25872225ffb0d58a6c649e95,a4aa975040979ed8bdf47abeb06339fd4c8047e3db8961b85925d1f4db1d8f18,未知,b3a1fc5ec72ad95e258b584f936ad46befab951e0ee9e43eaa18179e34974387,无法判定,FILE_STAT_OBSERVED_IDENTITY_UNPROVEN,本批次只读；若声明、输入、Schema或授权漂移，既有结论自动失效并须追加新批次,未读取业务正文、价格、成交、订单簿、账户或凭据；身份字段不完整,为该成员提供当前版本九字段声明及逐字段Schema、授权和唯一证据定位后追加不可变批次,2d50c1344a835ceeb832796935182aeff80bb03cecc5465c8cf3aaccbd446acd,86129966e4bc55fac18f2d7602a2309d4403f85861102128a56a80a5a0ccc1ea,aef7e972671a56b2d0cf0e3c29ec3d91d4bf5f063480218e7277adf89e866393
source-identity-declaration-20260808T051008+0800-7cf99a5ed6b9,ZI-e753f977d37bf709ca92ee4e,DS-000091,候选数据文件,ETH,4小时;8小时;24小时;48小时,15分钟;1小时,未知,未知,未知,未知,未知,未知,未知,未知,未知,未登记,无,config/数据/来源身份声明补采.json#身份声明[],f9cf6f2a34762867a443c0a0366a7fd63f6eb254ce171133707efd3aa521c683,0c82b4ff49875c233adadf63c84b19abc1ddf2bd99291782e3aaaea7ddb51ca4,14572374be8a915091e335ea2f58a59818e7d1ad356619f4bdd9b95f4c3147b9,未知,b3a1fc5ec72ad95e258b584f936ad46befab951e0ee9e43eaa18179e34974387,无法判定,FILE_STAT_OBSERVED_IDENTITY_UNPROVEN,本批次只读；若声明、输入、Schema或授权漂移，既有结论自动失效并须追加新批次,未读取业务正文、价格、成交、订单簿、账户或凭据；身份字段不完整,为该成员提供当前版本九字段声明及逐字段Schema、授权和唯一证据定位后追加不可变批次,2d50c1344a835ceeb832796935182aeff80bb03cecc5465c8cf3aaccbd446acd,86129966e4bc55fac18f2d7602a2309d4403f85861102128a56a80a5a0ccc1ea,cc19490cc45cbeab90de2949fe92b8997eedba4d26aa8705644af1722208f660
source-identity-declaration-20260808T051008+0800-7cf99a5ed6b9,ZI-711cc9b300fc5737cb6a1fe0,DS-000092,候选数据文件,ETH,4小时;8小时;24小时;48小时,15分钟;1小时,未知,未知,未知,未知,未知,未知,未知,未知,未知,未登记,无,config/数据/来源身份声明补采.json#身份声明[],f9cf6f2a34762867a443c0a0366a7fd63f6eb254ce171133707efd3aa521c683,310f779c52d0802aa60fb5bcd2f1f07defbd477d6b7f609c42dd252100540981,36e383047a54db511b2d6e7fd23dc6ac447aa522467d74c631ec96cc5ce304cc,未知,b3a1fc5ec72ad95e258b584f936ad46befab951e0ee9e43eaa18179e34974387,无法判定,FILE_STAT_OBSERVED_IDENTITY_UNPROVEN,本批次只读；若声明、输入、Schema或授权漂移，既有结论自动失效并须追加新批次,未读取业务正文、价格、成交、订单簿、账户或凭据；身份字段不完整,为该成员提供当前版本九字段声明及逐字段Schema、授权和唯一证据定位后追加不可变批次,2d50c1344a835ceeb832796935182aeff80bb03cecc5465c8cf3aaccbd446acd,86129966e4bc55fac18f2d7602a2309d4403f85861102128a56a80a5a0ccc1ea,c7944f5d3f9b41b3fae01a1ff8eae99beb253ade3244e39af452409ad03a47f3
source-identity-declaration-20260808T051008+0800-7cf99a5ed6b9,ZI-3b1ff874ffa2b6e111f84a57,DS-000093,候选数据文件,ETH,4小时;8小时;24小时;48小时,15分钟;1小时,未知,未知,未知,未知,未知,未知,未知,未知,未知,未登记,无,config/数据/来源身份声明补采.json#身份声明[],f9cf6f2a34762867a443c0a0366a7fd63f6eb254ce171133707efd3aa521c683,a283d773fa26d2d545695ee035f7474a83e0e8dd4bd32d0f6c12c203d554e5c0,cffb4bf5c2c68fb4c145856b53348278f7d48351229f466d01a3bac4c481d538,未知,b3a1fc5ec72ad95e258b584f936ad46befab951e0ee9e43eaa18179e34974387,无法判定,FILE_STAT_OBSERVED_IDENTITY_UNPROVEN,本批次只读；若声明、输入、Schema或授权漂移，既有结论自动失效并须追加新批次,未读取业务正文、价格、成交、订单簿、账户或凭据；身份字段不完整,为该成员提供当前版本九字段声明及逐字段Schema、授权和唯一证据定位后追加不可变批次,2d50c1344a835ceeb832796935182aeff80bb03cecc5465c8cf3aaccbd446acd,86129966e4bc55fac18f2d7602a2309d4403f85861102128a56a80a5a0ccc1ea,c973c906f582b11f9f0b1407e9de6a953c1979a7d6615c40f07e1dce57d5e78a
source-identity-declaration-20260808T051008+0800-7cf99a5ed6b9,ZI-5dd1eab4bb5048a6948ebba2,DS-000094,候选数据文件,ETH,4小时;8小时;24小时;48小时,15分钟;1小时,未知,未知,未知,未知,未知,未知,未知,未知,未知,未登记,无,config/数据/来源身份声明补采.json#身份声明[],f9cf6f2a34762867a443c0a0366a7fd63f6eb254ce171133707efd3aa521c683,5723e42924486a24e269f2e46f3642ec86fbf87cd739ce95b2730238c768c4a8,478a23ecc0cb5bfd585574dd56dcb6029ca0d8be9a8dd1716fc63c8058e8653e,未知,b3a1fc5ec72ad95e258b584f936ad46befab951e0ee9e43eaa18179e34974387,无法判定,FILE_STAT_OBSERVED_IDENTITY_UNPROVEN,本批次只读；若声明、输入、Schema或授权漂移，既有结论自动失效并须追加新批次,未读取业务正文、价格、成交、订单簿、账户或凭据；身份字段不完整,为该成员提供当前版本九字段声明及逐字段Schema、授权和唯一证据定位后追加不可变批次,2d50c1344a835ceeb832796935182aeff80bb03cecc5465c8cf3aaccbd446acd,86129966e4bc55fac18f2d7602a2309d4403f85861102128a56a80a5a0ccc1ea,c21868870da7d66fd22418df9a998d3f7c7be8dbc3d7616f78220f76f45dfbd2
source-identity-declaration-20260808T051008+0800-7cf99a5ed6b9,ZI-0f98b4ccb582f8d46f4bde26,DS-000095,候选数据文件,ETH,4小时;8小时;24小时;48小时,15分钟;1小时,未知,未知,未知,未知,未知,未知,未知,未知,未知,未登记,无,config/数据/来源身份声明补采.json#身份声明[],f9cf6f2a34762867a443c0a0366a7fd63f6eb254ce171133707efd3aa521c683,e5df3b09a4f4f2fbc001e29f4f2ed9625f6b62ea788160f56763679ae5a7fd21,736c38357d72779bfd64a024b7e6ca2a781c5d7802287968dc884508738f6588,未知,b3a1fc5ec72ad95e258b584f936ad46befab951e0ee9e43eaa18179e34974387,无法判定,FILE_STAT_OBSERVED_IDENTITY_UNPROVEN,本批次只读；若声明、输入、Schema或授权漂移，既有结论自动失效并须追加新批次,未读取业务正文、价格、成交、订单簿、账户或凭据；身份字段不完整,为该成员提供当前版本九字段声明及逐字段Schema、授权和唯一证据定位后追加不可变批次,2d50c1344a835ceeb832796935182aeff80bb03cecc5465c8cf3aaccbd446acd,86129966e4bc55fac18f2d7602a2309d4403f85861102128a56a80a5a0ccc1ea,30f6945348f6bf51be2bc9683db6df5515929c813dcbf7a27bb97e24cce0ca88
source-identity-declaration-20260808T051008+0800-7cf99a5ed6b9,ZI-95e4aaf87cde52b43836becd,DS-000096,候选数据文件,ETH,4小时;8小时;24小时;48小时,15分钟;1小时,未知,未知,未知,未知,未知,未知,未知,未知,未知,未登记,无,config/数据/来源身份声明补采.json#身份声明[],f9cf6f2a34762867a443c0a0366a7fd63f6eb254ce171133707efd3aa521c683,ba6d3ff4ffef24004405e028478940e5ab58886fe03296e15653487d2a406dee,88ce272dc64a0f211fae4e644c2dfdb2eef243e1d31b323320a0aadaf3a1ef17,未知,b3a1fc5ec72ad95e258b584f936ad46befab951e0ee9e43eaa18179e34974387,无法判定,FILE_STAT_OBSERVED_IDENTITY_UNPROVEN,本批次只读；若声明、输入、Schema或授权漂移，既有结论自动失效并须追加新批次,未读取业务正文、价格、成交、订单簿、账户或凭据；身份字段不完整,为该成员提供当前版本九字段声明及逐字段Schema、授权和唯一证据定位后追加不可变批次,2d50c1344a835ceeb832796935182aeff80bb03cecc5465c8cf3aaccbd446acd,86129966e4bc55fac18f2d7602a2309d4403f85861102128a56a80a5a0ccc1ea,7f9394ab5d6e748882dd178e294a9f156315ce0a219d44530037f1ff45252d68
source-identity-declaration-20260808T051008+0800-7cf99a5ed6b9,ZI-742fac6725a335ceef60c1cd,DS-000097,候选数据文件,ETH,4小时;8小时;24小时;48小时,15分钟;1小时,未知,未知,未知,未知,未知,未知,未知,未知,未知,未登记,无,config/数据/来源身份声明补采.json#身份声明[],f9cf6f2a34762867a443c0a0366a7fd63f6eb254ce171133707efd3aa521c683,8228c63ea9d98b795581957c34ac1ce53475f0d389e891c8c45f6a90e39e5f52,730674d7e6f71729da00454c5e39bb2eacbd5f280c8bef503e041c8b545c06c6,未知,b3a1fc5ec72ad95e258b584f936ad46befab951e0ee9e43eaa18179e34974387,无法判定,FILE_STAT_OBSERVED_IDENTITY_UNPROVEN,本批次只读；若声明、输入、Schema或授权漂移，既有结论自动失效并须追加新批次,未读取业务正文、价格、成交、订单簿、账户或凭据；身份字段不完整,为该成员提供当前版本九字段声明及逐字段Schema、授权和唯一证据定位后追加不可变批次,2d50c1344a835ceeb832796935182aeff80bb03cecc5465c8cf3aaccbd446acd,86129966e4bc55fac18f2d7602a2309d4403f85861102128a56a80a5a0ccc1ea,31823e7a2048d7e9c05828c632600d59d523252459d786b9cca57cc0d0ac879c
source-identity-declaration-20260808T051008+0800-7cf99a5ed6b9,ZI-ecec677fbed31df69a769cbd,DS-000098,候选数据文件,ETH,4小时;8小时;24小时;48小时,15分钟;1小时,未知,未知,未知,未知,未知,未知,未知,未知,未知,未登记,无,config/数据/来源身份声明补采.json#身份声明[],f9cf6f2a34762867a443c0a0366a7fd63f6eb254ce171133707efd3aa521c683,b36b9fceb03833c0e0d70c168c701624f3141e4ed9eff163a784fd829f7e31d7,0ad498d8ae12e923e3b733bf512bc7d0e881cf6a9be921bff52c479975238bb1,未知,b3a1fc5ec72ad95e258b584f936ad46befab951e0ee9e43eaa18179e34974387,无法判定,FILE_STAT_OBSERVED_IDENTITY_UNPROVEN,本批次只读；若声明、输入、Schema或授权漂移，既有结论自动失效并须追加新批次,未读取业务正文、价格、成交、订单簿、账户或凭据；身份字段不完整,为该成员提供当前版本九字段声明及逐字段Schema、授权和唯一证据定位后追加不可变批次,2d50c1344a835ceeb832796935182aeff80bb03cecc5465c8cf3aaccbd446acd,86129966e4bc55fac18f2d7602a2309d4403f85861102128a56a80a5a0ccc1ea,df97ae46e63aecaa61884bc95685e11d97d77576f4391a3b45a873650523a3b6
source-identity-declaration-20260808T051008+0800-7cf99a5ed6b9,ZI-3001a9d0489e5be46b832a12,DS-000099,候选数据文件,ETH,4小时;8小时;24小时;48小时,15分钟;1小时,未知,未知,未知,未知,未知,未知,未知,未知,未知,未登记,无,config/数据/来源身份声明补采.json#身份声明[],f9cf6f2a34762867a443c0a0366a7fd63f6eb254ce171133707efd3aa521c683,406902f70179ec4296dab8c11df609ebd2db5dba4451dedd8e129a2be9025ef0,4041976c52c5255b1c61b1cccd72cf836a4594f195f58b39efc5f4789e5f35ad,未知,b3a1fc5ec72ad95e258b584f936ad46befab951e0ee9e43eaa18179e34974387,无法判定,FILE_STAT_OBSERVED_IDENTITY_UNPROVEN,本批次只读；若声明、输入、Schema或授权漂移，既有结论自动失效并须追加新批次,未读取业务正文、价格、成交、订单簿、账户或凭据；身份字段不完整,为该成员提供当前版本九字段声明及逐字段Schema、授权和唯一证据定位后追加不可变批次,2d50c1344a835ceeb832796935182aeff80bb03cecc5465c8cf3aaccbd446acd,86129966e4bc55fac18f2d7602a2309d4403f85861102128a56a80a5a0ccc1ea,b733bdac043f955aee749a42c59a0e513424bf03ae27b23a90b5c25a82a851ff
source-identity-declaration-20260808T051008+0800-7cf99a5ed6b9,ZI-743a833f1fa4bc66ed849c8d,DS-000100,候选数据文件,ETH,4小时;8小时;24小时;48小时,15分钟;1小时,未知,未知,未知,未知,未知,未知,未知,未知,未知,未登记,无,config/数据/来源身份声明补采.json#身份声明[],f9cf6f2a34762867a443c0a0366a7fd63f6eb254ce171133707efd3aa521c683,fe048a02588b3cc749889b703140b2600f164dd21a8297092b0703089ac5e81e,10bc1e9edaf2c0ce7b10a3e884d9e49db31b51fc1969bff9576bdac99b3abee0,未知,b3a1fc5ec72ad95e258b584f936ad46befab951e0ee9e43eaa18179e34974387,无法判定,FILE_STAT_OBSERVED_IDENTITY_UNPROVEN,本批次只读；若声明、输入、Schema或授权漂移，既有结论自动失效并须追加新批次,未读取业务正文、价格、成交、订单簿、账户或凭据；身份字段不完整,为该成员提供当前版本九字段声明及逐字段Schema、授权和唯一证据定位后追加不可变批次,2d50c1344a835ceeb832796935182aeff80bb03cecc5465c8cf3aaccbd446acd,86129966e4bc55fac18f2d7602a2309d4403f85861102128a56a80a5a0ccc1ea,6d711948d13e6f92d0b2553154bdb6fe8ed4f7dc8bcef051fff9b57f153d92d9
source-identity-declaration-20260808T051008+0800-7cf99a5ed6b9,ZI-dd87780399e2768f46489851,DS-000101,候选数据文件,ETH,4小时;8小时;24小时;48小时,15分钟;1小时,未知,未知,未知,未知,未知,未知,未知,未知,未知,未登记,无,config/数据/来源身份声明补采.json#身份声明[],f9cf6f2a34762867a443c0a0366a7fd63f6eb254ce171133707efd3aa521c683,ea8e64d81a49f583be20253df94bb10447a84f34924a81ea484985df8de14bc5,0a91d48bdaabe373cfd71d515e923c5a04884bb57f109185e614c1b39499754e,未知,b3a1fc5ec72ad95e258b584f936ad46befab951e0ee9e43eaa18179e34974387,无法判定,FILE_STAT_OBSERVED_IDENTITY_UNPROVEN,本批次只读；若声明、输入、Schema或授权漂移，既有结论自动失效并须追加新批次,未读取业务正文、价格、成交、订单簿、账户或凭据；身份字段不完整,为该成员提供当前版本九字段声明及逐字段Schema、授权和唯一证据定位后追加不可变批次,2d50c1344a835ceeb832796935182aeff80bb03cecc5465c8cf3aaccbd446acd,86129966e4bc55fac18f2d7602a2309d4403f85861102128a56a80a5a0ccc1ea,ec5dcabc17519e30a08a46e712d4677592152c160de6dd50a6d6a9ce4dd7a54b
source-identity-declaration-20260808T051008+0800-7cf99a5ed6b9,ZI-7deee960deaf332a7fb18c84,DS-000102,候选数据文件,ETH,4小时;8小时;24小时;48小时,15分钟;1小时,未知,未知,未知,未知,未知,未知,未知,未知,未知,未登记,无,config/数据/来源身份声明补采.json#身份声明[],f9cf6f2a34762867a443c0a0366a7fd63f6eb254ce171133707efd3aa521c683,abfb99f6151387ef4ff78a22a9fd233763a7a49d18bf50e5df9ba77c6b3c3f00,b386d1119735318462e2139b9e347bffa3dc4cc1cbd024fa3649d64f974fd023,未知,b3a1fc5ec72ad95e258b584f936ad46befab951e0ee9e43eaa18179e34974387,无法判定,FILE_STAT_OBSERVED_IDENTITY_UNPROVEN,本批次只读；若声明、输入、Schema或授权漂移，既有结论自动失效并须追加新批次,未读取业务正文、价格、成交、订单簿、账户或凭据；身份字段不完整,为该成员提供当前版本九字段声明及逐字段Schema、授权和唯一证据定位后追加不可变批次,2d50c1344a835ceeb832796935182aeff80bb03cecc5465c8cf3aaccbd446acd,86129966e4bc55fac18f2d7602a2309d4403f85861102128a56a80a5a0ccc1ea,2b36df6caeacf0b6e63e630e0b71fea7ac6e56cd20c7b4dbfa5e5847929390e5
source-identity-declaration-20260808T051008+0800-7cf99a5ed6b9,ZI-a493b07d62fd443bdd97d178,DS-000103,候选数据文件,ETH,4小时;8小时;24小时;48小时,15分钟;1小时,未知,未知,未知,未知,未知,未知,未知,未知,未知,未登记,无,config/数据/来源身份声明补采.json#身份声明[],f9cf6f2a34762867a443c0a0366a7fd63f6eb254ce171133707efd3aa521c683,eb07628cb6a921195379d64475122a7143d0631cf42e25bfa01dcd7daaceb638,23f20b89610e2c1a33de449993d37f883d5c01487dfdba1dcf19c75060bdfc08,未知,b3a1fc5ec72ad95e258b584f936ad46befab951e0ee9e43eaa18179e34974387,无法判定,FILE_STAT_OBSERVED_IDENTITY_UNPROVEN,本批次只读；若声明、输入、Schema或授权漂移，既有结论自动失效并须追加新批次,未读取业务正文、价格、成交、订单簿、账户或凭据；身份字段不完整,为该成员提供当前版本九字段声明及逐字段Schema、授权和唯一证据定位后追加不可变批次,2d50c1344a835ceeb832796935182aeff80bb03cecc5465c8cf3aaccbd446acd,86129966e4bc55fac18f2d7602a2309d4403f85861102128a56a80a5a0ccc1ea,20bc867cbe4d2edc7122f18030c317d8048734ef547f19dbc26fa848472676e7
source-identity-declaration-20260808T051008+0800-7cf99a5ed6b9,ZI-e84f5005324efc7b720a762c,DS-000104,候选数据文件,ETH,4小时;8小时;24小时;48小时,15分钟;1小时,未知,未知,未知,未知,未知,未知,未知,未知,未知,未登记,无,config/数据/来源身份声明补采.json#身份声明[],f9cf6f2a34762867a443c0a0366a7fd63f6eb254ce171133707efd3aa521c683,ef28cdf12ca8827b2378c7e1e803ead3e3cf993ed1c368426155024fdc6c8959,c8aaa84129d33e87c4a177f961793252aa3f724efbb8b8b92789a5626bc0ea11,未知,b3a1fc5ec72ad95e258b584f936ad46befab951e0ee9e43eaa18179e34974387,无法判定,FILE_STAT_OBSERVED_IDENTITY_UNPROVEN,本批次只读；若声明、输入、Schema或授权漂移，既有结论自动失效并须追加新批次,未读取业务正文、价格、成交、订单簿、账户或凭据；身份字段不完整,为该成员提供当前版本九字段声明及逐字段Schema、授权和唯一证据定位后追加不可变批次,2d50c1344a835ceeb832796935182aeff80bb03cecc5465c8cf3aaccbd446acd,86129966e4bc55fac18f2d7602a2309d4403f85861102128a56a80a5a0ccc1ea,2939b4f9fcdee01aad0c75f79dbed71aafaca27d19d293641e9d187996a24cd6
source-identity-declaration-20260808T051008+0800-7cf99a5ed6b9,ZI-19e19ce30e7439b2c988cfa6,DS-000105,候选数据文件,ETH,4小时;8小时;24小时;48小时,15分钟;1小时,未知,未知,未知,未知,未知,未知,未知,未知,未知,未登记,无,config/数据/来源身份声明补采.json#身份声明[],f9cf6f2a34762867a443c0a0366a7fd63f6eb254ce171133707efd3aa521c683,6ebf6d7a8a93d298f90f71a5732fabad965efedd59ad24025ceef2bff1413bc0,dce42c947587d840b35b6dc148798594d2cdfae0826496f1a95e47620a343be0,未知,b3a1fc5ec72ad95e258b584f936ad46befab951e0ee9e43eaa18179e34974387,无法判定,FILE_STAT_OBSERVED_IDENTITY_UNPROVEN,本批次只读；若声明、输入、Schema或授权漂移，既有结论自动失效并须追加新批次,未读取业务正文、价格、成交、订单簿、账户或凭据；身份字段不完整,为该成员提供当前版本九字段声明及逐字段Schema、授权和唯一证据定位后追加不可变批次,2d50c1344a835ceeb832796935182aeff80bb03cecc5465c8cf3aaccbd446acd,86129966e4bc55fac18f2d7602a2309d4403f85861102128a56a80a5a0ccc1ea,7f37d69848fc7fea944c5e9f927178daad602183fda91ef38674ee00efc8ded0
source-identity-declaration-20260808T051008+0800-7cf99a5ed6b9,ZI-291baf907867fa7c649cb7b1,DS-000106,候选数据文件,ETH,4小时;8小时;24小时;48小时,15分钟;1小时,未知,未知,未知,未知,未知,未知,未知,未知,未知,未登记,无,config/数据/来源身份声明补采.json#身份声明[],f9cf6f2a34762867a443c0a0366a7fd63f6eb254ce171133707efd3aa521c683,7d452e0b77d3aca62618b2d4f776cb3ea7dd8bbc606f9df2cbaf4074a6486b29,b38fad67cc9e37b015c2de9a89d44de8aaefeb7633e89a0044901b6ef82204d6,未知,b3a1fc5ec72ad95e258b584f936ad46befab951e0ee9e43eaa18179e34974387,无法判定,FILE_STAT_OBSERVED_IDENTITY_UNPROVEN,本批次只读；若声明、输入、Schema或授权漂移，既有结论自动失效并须追加新批次,未读取业务正文、价格、成交、订单簿、账户或凭据；身份字段不完整,为该成员提供当前版本九字段声明及逐字段Schema、授权和唯一证据定位后追加不可变批次,2d50c1344a835ceeb832796935182aeff80bb03cecc5465c8cf3aaccbd446acd,86129966e4bc55fac18f2d7602a2309d4403f85861102128a56a80a5a0ccc1ea,a31821c89078d416bd8d4ba6a701bcd4c8675f72ca76092e9bb1da42c4e9c75b
source-identity-declaration-20260808T051008+0800-7cf99a5ed6b9,ZI-6f787d1796ce9df86089ddcc,DS-000107,候选数据文件,ETH,4小时;8小时;24小时;48小时,15分钟;1小时,未知,未知,未知,未知,未知,未知,未知,未知,未知,未登记,无,config/数据/来源身份声明补采.json#身份声明[],f9cf6f2a34762867a443c0a0366a7fd63f6eb254ce171133707efd3aa521c683,1c779a884c12e4f411a9bc59ae6b87246c2b0b62333aded6984e1b65fb366d58,f57ae7adc6a21ab1f07f375520a27a8cc89841277281823327f09adfec1f2dc1,未知,b3a1fc5ec72ad95e258b584f936ad46befab951e0ee9e43eaa18179e34974387,无法判定,FILE_STAT_OBSERVED_IDENTITY_UNPROVEN,本批次只读；若声明、输入、Schema或授权漂移，既有结论自动失效并须追加新批次,未读取业务正文、价格、成交、订单簿、账户或凭据；身份字段不完整,为该成员提供当前版本九字段声明及逐字段Schema、授权和唯一证据定位后追加不可变批次,2d50c1344a835ceeb832796935182aeff80bb03cecc5465c8cf3aaccbd446acd,86129966e4bc55fac18f2d7602a2309d4403f85861102128a56a80a5a0ccc1ea,8fda2c98c9108385a42eb381c8f2a0ed8d278d29f1695ef9d187a541ae4be5d1
source-identity-declaration-20260808T051008+0800-7cf99a5ed6b9,ZI-b00286467d2ee7ccd3b8f3ba,DS-000108,候选数据文件,ETH,4小时;8小时;24小时;48小时,15分钟;1小时,未知,未知,未知,未知,未知,未知,未知,未知,未知,未登记,无,config/数据/来源身份声明补采.json#身份声明[],f9cf6f2a34762867a443c0a0366a7fd63f6eb254ce171133707efd3aa521c683,d97b0d962760ad3eb6a51747d90bfdd9e3b6bf31767c9aba88aff9714b5456bc,af76ec353b0dd0b6a5acf63c72cc41d009b25652aff7dcf89e60b411d94f9998,未知,b3a1fc5ec72ad95e258b584f936ad46befab951e0ee9e43eaa18179e34974387,无法判定,FILE_STAT_OBSERVED_IDENTITY_UNPROVEN,本批次只读；若声明、输入、Schema或授权漂移，既有结论自动失效并须追加新批次,未读取业务正文、价格、成交、订单簿、账户或凭据；身份字段不完整,为该成员提供当前版本九字段声明及逐字段Schema、授权和唯一证据定位后追加不可变批次,2d50c1344a835ceeb832796935182aeff80bb03cecc5465c8cf3aaccbd446acd,86129966e4bc55fac18f2d7602a2309d4403f85861102128a56a80a5a0ccc1ea,674ae8d5a4560d184e336e9e5e057660fa6bc7054bfee7c5948782f57ed37a33
source-identity-declaration-20260808T051008+0800-7cf99a5ed6b9,ZI-3fd7398488e745c2955a3082,DS-000109,候选数据文件,ETH,4小时;8小时;24小时;48小时,15分钟;1小时,未知,未知,未知,未知,未知,未知,未知,未知,未知,未登记,无,config/数据/来源身份声明补采.json#身份声明[],f9cf6f2a34762867a443c0a0366a7fd63f6eb254ce171133707efd3aa521c683,33906bd2fcfd7bb1f16e12c0fbcf5a32d3eb963960a0412d88b1a5531531d280,b72b27e0618d3ee8901192b5a6fea8cbe28fc39a67c1c5f4022d3fa90e981598,未知,b3a1fc5ec72ad95e258b584f936ad46befab951e0ee9e43eaa18179e34974387,无法判定,FILE_STAT_OBSERVED_IDENTITY_UNPROVEN,本批次只读；若声明、输入、Schema或授权漂移，既有结论自动失效并须追加新批次,未读取业务正文、价格、成交、订单簿、账户或凭据；身份字段不完整,为该成员提供当前版本九字段声明及逐字段Schema、授权和唯一证据定位后追加不可变批次,2d50c1344a835ceeb832796935182aeff80bb03cecc5465c8cf3aaccbd446acd,86129966e4bc55fac18f2d7602a2309d4403f85861102128a56a80a5a0ccc1ea,6f35caaf8608fac8d0658130709915738d8c3112c2dce6d37560310f7a8c17f8
source-identity-declaration-20260808T051008+0800-7cf99a5ed6b9,ZI-522f5f18a2c43298e44a26a4,DS-000110,候选数据文件,ETH,4小时;8小时;24小时;48小时,15分钟;1小时,未知,未知,未知,未知,未知,未知,未知,未知,未知,未登记,无,config/数据/来源身份声明补采.json#身份声明[],f9cf6f2a34762867a443c0a0366a7fd63f6eb254ce171133707efd3aa521c683,0d59d080eb816bb6a7d5088cc871bec5cdc058074ced8ee38b7ac5e06efec7ea,186faeec98127cdb57c08f6b074402bf856678d6547dcdcf57f1f50bbcdaf750,未知,b3a1fc5ec72ad95e258b584f936ad46befab951e0ee9e43eaa18179e34974387,无法判定,FILE_STAT_OBSERVED_IDENTITY_UNPROVEN,本批次只读；若声明、输入、Schema或授权漂移，既有结论自动失效并须追加新批次,未读取业务正文、价格、成交、订单簿、账户或凭据；身份字段不完整,为该成员提供当前版本九字段声明及逐字段Schema、授权和唯一证据定位后追加不可变批次,2d50c1344a835ceeb832796935182aeff80bb03cecc5465c8cf3aaccbd446acd,86129966e4bc55fac18f2d7602a2309d4403f85861102128a56a80a5a0ccc1ea,776a7c993ae08e5706b8dccec00594883d9f2a88628d3d3e16be2d520c180181
source-identity-declaration-20260808T051008+0800-7cf99a5ed6b9,ZI-948caf7a69652dd732dcf038,DS-000111,候选数据文件,ETH,4小时;8小时;24小时;48小时,15分钟;1小时,未知,未知,未知,未知,未知,未知,未知,未知,未知,未登记,无,config/数据/来源身份声明补采.json#身份声明[],f9cf6f2a34762867a443c0a0366a7fd63f6eb254ce171133707efd3aa521c683,ecd8dfcecf158d395dac3a1c91df7786242adf9d0122c34ec458be58d766663f,abce5c0ce247279b37414ae6fa80a514eac7113552d74f3b3e5903541a232f67,未知,b3a1fc5ec72ad95e258b584f936ad46befab951e0ee9e43eaa18179e34974387,无法判定,FILE_STAT_OBSERVED_IDENTITY_UNPROVEN,本批次只读；若声明、输入、Schema或授权漂移，既有结论自动失效并须追加新批次,未读取业务正文、价格、成交、订单簿、账户或凭据；身份字段不完整,为该成员提供当前版本九字段声明及逐字段Schema、授权和唯一证据定位后追加不可变批次,2d50c1344a835ceeb832796935182aeff80bb03cecc5465c8cf3aaccbd446acd,86129966e4bc55fac18f2d7602a2309d4403f85861102128a56a80a5a0ccc1ea,305474a566f63dbd834d884d52f96ee36d9c4ced67d7d4a17d81d714381cf009
source-identity-declaration-20260808T051008+0800-7cf99a5ed6b9,ZI-124ef7ebc1f1526ac48dfd87,DS-000112,候选数据文件,ETH,4小时;8小时;24小时;48小时,15分钟;1小时,未知,未知,未知,未知,未知,未知,未知,未知,未知,未登记,无,config/数据/来源身份声明补采.json#身份声明[],f9cf6f2a34762867a443c0a0366a7fd63f6eb254ce171133707efd3aa521c683,290fec9c99843ff43e2fa44b0685ae754abd94ccb79d11168effc2e257574e21,0e1be86dcb8f9564eada1e205e7c649eaa2fcb4b5a796399474ab14653fba1bb,未知,b3a1fc5ec72ad95e258b584f936ad46befab951e0ee9e43eaa18179e34974387,无法判定,FILE_STAT_OBSERVED_IDENTITY_UNPROVEN,本批次只读；若声明、输入、Schema或授权漂移，既有结论自动失效并须追加新批次,未读取业务正文、价格、成交、订单簿、账户或凭据；身份字段不完整,为该成员提供当前版本九字段声明及逐字段Schema、授权和唯一证据定位后追加不可变批次,2d50c1344a835ceeb832796935182aeff80bb03cecc5465c8cf3aaccbd446acd,86129966e4bc55fac18f2d7602a2309d4403f85861102128a56a80a5a0ccc1ea,593f298dd89e57c83cd7c4c5b630b654d4a59bfa4bf1d2a66be5b5532f273d8e
source-identity-declaration-20260808T051008+0800-7cf99a5ed6b9,ZI-b71a6fbf1eb839e99aabcaa0,DS-000113,候选数据文件,ETH,4小时;8小时;24小时;48小时,15分钟;1小时,未知,未知,未知,未知,未知,未知,未知,未知,未知,未登记,无,config/数据/来源身份声明补采.json#身份声明[],f9cf6f2a34762867a443c0a0366a7fd63f6eb254ce171133707efd3aa521c683,74f98b20f89a154b201438a140d3bf675ce8d06104663b525a9e689aa2eb0630,72cb58ae12ca003a8d29e7696a909f56cc2fc3510f34f17f6633c3ebdd16271d,未知,b3a1fc5ec72ad95e258b584f936ad46befab951e0ee9e43eaa18179e34974387,无法判定,FILE_STAT_OBSERVED_IDENTITY_UNPROVEN,本批次只读；若声明、输入、Schema或授权漂移，既有结论自动失效并须追加新批次,未读取业务正文、价格、成交、订单簿、账户或凭据；身份字段不完整,为该成员提供当前版本九字段声明及逐字段Schema、授权和唯一证据定位后追加不可变批次,2d50c1344a835ceeb832796935182aeff80bb03cecc5465c8cf3aaccbd446acd,86129966e4bc55fac18f2d7602a2309d4403f85861102128a56a80a5a0ccc1ea,7a0ba07c830e6d84ac87c019a35b7099ab1a537f23ea2246ca2beb2c338f88ac
source-identity-declaration-20260808T051008+0800-7cf99a5ed6b9,ZI-fb8eceb7174d542153f29b96,DS-000114,候选数据文件,ETH,4小时;8小时;24小时;48小时,15分钟;1小时,未知,未知,未知,未知,未知,未知,未知,未知,未知,未登记,无,config/数据/来源身份声明补采.json#身份声明[],f9cf6f2a34762867a443c0a0366a7fd63f6eb254ce171133707efd3aa521c683,3e3fec896b931f582dddfe469e0dbe6e470535c77e3f7299e94f387b505d440c,cd8bd0bf961ed5ce3c2172a56ecd4ff74e43f63dd21c54c9f68830fc78260675,未知,b3a1fc5ec72ad95e258b584f936ad46befab951e0ee9e43eaa18179e34974387,无法判定,FILE_STAT_OBSERVED_IDENTITY_UNPROVEN,本批次只读；若声明、输入、Schema或授权漂移，既有结论自动失效并须追加新批次,未读取业务正文、价格、成交、订单簿、账户或凭据；身份字段不完整,为该成员提供当前版本九字段声明及逐字段Schema、授权和唯一证据定位后追加不可变批次,2d50c1344a835ceeb832796935182aeff80bb03cecc5465c8cf3aaccbd446acd,86129966e4bc55fac18f2d7602a2309d4403f85861102128a56a80a5a0ccc1ea,3b4df543e351bcd808c8abaddf41e43de29c1e73b5f6f92898c224bd55dfb2ba
source-identity-declaration-20260808T051008+0800-7cf99a5ed6b9,ZI-6cadad29dd1db87bcef7f5c6,DS-000115,候选数据文件,ETH,4小时;8小时;24小时;48小时,15分钟;1小时,未知,未知,未知,未知,未知,未知,未知,未知,未知,未登记,无,config/数据/来源身份声明补采.json#身份声明[],f9cf6f2a34762867a443c0a0366a7fd63f6eb254ce171133707efd3aa521c683,afe961774296dd8e04a4684cc5642629f080a957493c1cf954cf485a7e5763ed,dc00bf8a1426e1173a6a82c9ff91d646ecf18f5d79fc177f791bb09fa83fb0a3,未知,b3a1fc5ec72ad95e258b584f936ad46befab951e0ee9e43eaa18179e34974387,无法判定,FILE_STAT_OBSERVED_IDENTITY_UNPROVEN,本批次只读；若声明、输入、Schema或授权漂移，既有结论自动失效并须追加新批次,未读取业务正文、价格、成交、订单簿、账户或凭据；身份字段不完整,为该成员提供当前版本九字段声明及逐字段Schema、授权和唯一证据定位后追加不可变批次,2d50c1344a835ceeb832796935182aeff80bb03cecc5465c8cf3aaccbd446acd,86129966e4bc55fac18f2d7602a2309d4403f85861102128a56a80a5a0ccc1ea,53777a83f20a12b4d3341bd44f705f14e93090dbfeca67e700f39f3188396fcc
source-identity-declaration-20260808T051008+0800-7cf99a5ed6b9,ZI-a43c980922ba474cc2a6b934,DS-000116,候选数据文件,ETH,4小时;8小时;24小时;48小时,15分钟;1小时,未知,未知,未知,未知,未知,未知,未知,未知,未知,未登记,无,config/数据/来源身份声明补采.json#身份声明[],f9cf6f2a34762867a443c0a0366a7fd63f6eb254ce171133707efd3aa521c683,95fa942c0d61a4c0c67ab8892ee22b19e0375cf22f45b301d85fc2f861b76c4d,a9d20e61faa875734fc6c5c9a390b6a7c9bb31a6a855ed2e71d8b416a0c6cc31,未知,b3a1fc5ec72ad95e258b584f936ad46befab951e0ee9e43eaa18179e34974387,无法判定,FILE_STAT_OBSERVED_IDENTITY_UNPROVEN,本批次只读；若声明、输入、Schema或授权漂移，既有结论自动失效并须追加新批次,未读取业务正文、价格、成交、订单簿、账户或凭据；身份字段不完整,为该成员提供当前版本九字段声明及逐字段Schema、授权和唯一证据定位后追加不可变批次,2d50c1344a835ceeb832796935182aeff80bb03cecc5465c8cf3aaccbd446acd,86129966e4bc55fac18f2d7602a2309d4403f85861102128a56a80a5a0ccc1ea,eb97dec5f42e4ed3346b3b46fede5f4c6169bb2b9e24202a229f4dd441257833
source-identity-declaration-20260808T051008+0800-7cf99a5ed6b9,ZI-d95e5bea4bd8595d0a07f87d,DS-000117,候选数据文件,ETH,4小时;8小时;24小时;48小时,15分钟;1小时,未知,未知,未知,未知,未知,未知,未知,未知,未知,未登记,无,config/数据/来源身份声明补采.json#身份声明[],f9cf6f2a34762867a443c0a0366a7fd63f6eb254ce171133707efd3aa521c683,2618c38b7b3a4ced21d2f84d5249058929b44abacaed04c3d7145c62a9f2bed0,d0a8d864eea303ec7255229b7983bab2160f3d2900754f9e68b42a37f451df39,未知,b3a1fc5ec72ad95e258b584f936ad46befab951e0ee9e43eaa18179e34974387,无法判定,FILE_STAT_OBSERVED_IDENTITY_UNPROVEN,本批次只读；若声明、输入、Schema或授权漂移，既有结论自动失效并须追加新批次,未读取业务正文、价格、成交、订单簿、账户或凭据；身份字段不完整,为该成员提供当前版本九字段声明及逐字段Schema、授权和唯一证据定位后追加不可变批次,2d50c1344a835ceeb832796935182aeff80bb03cecc5465c8cf3aaccbd446acd,86129966e4bc55fac18f2d7602a2309d4403f85861102128a56a80a5a0ccc1ea,4b51fa6fe5449de069ec1d9caaca1e42035f42de67f2d0a755b970c50a0a057a
source-identity-declaration-20260808T051008+0800-7cf99a5ed6b9,ZI-a39e4477353ef09703296a10,DS-000118,候选数据文件,ETH,4小时;8小时;24小时;48小时,15分钟;1小时,未知,未知,未知,未知,未知,未知,未知,未知,未知,未登记,无,config/数据/来源身份声明补采.json#身份声明[],f9cf6f2a34762867a443c0a0366a7fd63f6eb254ce171133707efd3aa521c683,2629abb375ff39ff81b4461aa7d5fc4b83971f1ffc8a8bab00958e8be26497cd,a89068d18bdc3031167387767fc39e4900d4aaa08e7f740b4acc85e167a6cc52,未知,b3a1fc5ec72ad95e258b584f936ad46befab951e0ee9e43eaa18179e34974387,无法判定,FILE_STAT_OBSERVED_IDENTITY_UNPROVEN,本批次只读；若声明、输入、Schema或授权漂移，既有结论自动失效并须追加新批次,未读取业务正文、价格、成交、订单簿、账户或凭据；身份字段不完整,为该成员提供当前版本九字段声明及逐字段Schema、授权和唯一证据定位后追加不可变批次,2d50c1344a835ceeb832796935182aeff80bb03cecc5465c8cf3aaccbd446acd,86129966e4bc55fac18f2d7602a2309d4403f85861102128a56a80a5a0ccc1ea,26507e984e11a5b678331febc956e8b3dbb80642501b168f582a9b839ad13339
source-identity-declaration-20260808T051008+0800-7cf99a5ed6b9,ZI-32308f1509c687cf0f344da5,DS-000119,候选数据文件,ETH,4小时;8小时;24小时;48小时,15分钟;1小时,未知,未知,未知,未知,未知,未知,未知,未知,未知,未登记,无,config/数据/来源身份声明补采.json#身份声明[],f9cf6f2a34762867a443c0a0366a7fd63f6eb254ce171133707efd3aa521c683,f69bb9fd69717fc62e973fd0f57005c2efdfa818a0c96a38198a12dc11340bf3,201c24234fdb0a4b82ff7c3e1ac7720c60a94739884be74ea71e0fec2c01b3f4,未知,b3a1fc5ec72ad95e258b584f936ad46befab951e0ee9e43eaa18179e34974387,无法判定,FILE_STAT_OBSERVED_IDENTITY_UNPROVEN,本批次只读；若声明、输入、Schema或授权漂移，既有结论自动失效并须追加新批次,未读取业务正文、价格、成交、订单簿、账户或凭据；身份字段不完整,为该成员提供当前版本九字段声明及逐字段Schema、授权和唯一证据定位后追加不可变批次,2d50c1344a835ceeb832796935182aeff80bb03cecc5465c8cf3aaccbd446acd,86129966e4bc55fac18f2d7602a2309d4403f85861102128a56a80a5a0ccc1ea,d5c5bf94b40a90086cf9c39f34c4ecbdac091f6ee4bf9efe011a99afc1e49038
source-identity-declaration-20260808T051008+0800-7cf99a5ed6b9,ZI-c8b657067197415203a4d0ab,DS-000120,候选数据文件,ETH,4小时;8小时;24小时;48小时,15分钟;1小时,未知,未知,未知,未知,未知,未知,未知,未知,未知,未登记,无,config/数据/来源身份声明补采.json#身份声明[],f9cf6f2a34762867a443c0a0366a7fd63f6eb254ce171133707efd3aa521c683,6609c14cb9bb0288b24cb453d942c7508aab48529570a4aaf23dd54ab7dcf43a,92d878d4d42f0b5c171f596ebdd3cb6795536cb7f481022b3a152a3ef9d9088c,未知,b3a1fc5ec72ad95e258b584f936ad46befab951e0ee9e43eaa18179e34974387,无法判定,FILE_STAT_OBSERVED_IDENTITY_UNPROVEN,本批次只读；若声明、输入、Schema或授权漂移，既有结论自动失效并须追加新批次,未读取业务正文、价格、成交、订单簿、账户或凭据；身份字段不完整,为该成员提供当前版本九字段声明及逐字段Schema、授权和唯一证据定位后追加不可变批次,2d50c1344a835ceeb832796935182aeff80bb03cecc5465c8cf3aaccbd446acd,86129966e4bc55fac18f2d7602a2309d4403f85861102128a56a80a5a0ccc1ea,ee59d0e0934b90503d1b4757bb10275eea07f11bc925dd7413751a37687c7ea1
source-identity-declaration-20260808T051008+0800-7cf99a5ed6b9,ZI-96e03b8dfd1417cc62d2f5c8,DS-000121,候选数据文件,ETH,4小时;8小时;24小时;48小时,15分钟;1小时,未知,未知,未知,未知,未知,未知,未知,未知,未知,未登记,无,config/数据/来源身份声明补采.json#身份声明[],f9cf6f2a34762867a443c0a0366a7fd63f6eb254ce171133707efd3aa521c683,6f11f05c8807a0f784213dce4eb03969122dc0a62e00b3d53e6bc473e342e278,bb047892a379b7419784df0d9cedd7e13bd29bc92dc6d96d34b7dbb3d7fe5cdf,未知,b3a1fc5ec72ad95e258b584f936ad46befab951e0ee9e43eaa18179e34974387,无法判定,FILE_STAT_OBSERVED_IDENTITY_UNPROVEN,本批次只读；若声明、输入、Schema或授权漂移，既有结论自动失效并须追加新批次,未读取业务正文、价格、成交、订单簿、账户或凭据；身份字段不完整,为该成员提供当前版本九字段声明及逐字段Schema、授权和唯一证据定位后追加不可变批次,2d50c1344a835ceeb832796935182aeff80bb03cecc5465c8cf3aaccbd446acd,86129966e4bc55fac18f2d7602a2309d4403f85861102128a56a80a5a0ccc1ea,b5c815ad6067d2b3cd1c0bb366859876c2b98af4af8b5b4fb0eebaea92a03938
source-identity-declaration-20260808T051008+0800-7cf99a5ed6b9,ZI-9b6a6435fd0e4e93fdddcd4b,DS-000122,候选数据文件,ETH,4小时;8小时;24小时;48小时,15分钟;1小时,未知,未知,未知,未知,未知,未知,未知,未知,未知,未登记,无,config/数据/来源身份声明补采.json#身份声明[],f9cf6f2a34762867a443c0a0366a7fd63f6eb254ce171133707efd3aa521c683,dc6c4dd4e242874a6da8334f67590790f72bb66e1b5ab6d94aeec5b53ed494be,53843d761732812258f146c1b81e787cfa6ea85b783bc115247d0e92889eba34,未知,b3a1fc5ec72ad95e258b584f936ad46befab951e0ee9e43eaa18179e34974387,拒绝,INPUT_MEMBER_REJECTED,本批次只读；若声明、输入、Schema或授权漂移，既有结论自动失效并须追加新批次,未读取业务正文、价格、成交、订单簿、账户或凭据；身份字段不完整,为该成员提供当前版本九字段声明及逐字段Schema、授权和唯一证据定位后追加不可变批次,2d50c1344a835ceeb832796935182aeff80bb03cecc5465c8cf3aaccbd446acd,86129966e4bc55fac18f2d7602a2309d4403f85861102128a56a80a5a0ccc1ea,2b40e3e05882816f68a5ec5eb04687150fabc7752aaa26a83dc95d646288933b
source-identity-declaration-20260808T051008+0800-7cf99a5ed6b9,ZI-d916726616ac733d0fe5c86b,DS-000123,候选数据文件,ETH,4小时;8小时;24小时;48小时,15分钟;1小时,未知,未知,未知,未知,未知,未知,未知,未知,未知,未登记,无,config/数据/来源身份声明补采.json#身份声明[],f9cf6f2a34762867a443c0a0366a7fd63f6eb254ce171133707efd3aa521c683,b544e385d3e89d4bc872b681fb7b43c8c29c35cf1a2255fb1eb792ab42e092e7,13670b327c3ce0d3e355441dc6d99ac6734dda910217dd7f4731c23bc8375d31,未知,b3a1fc5ec72ad95e258b584f936ad46befab951e0ee9e43eaa18179e34974387,无法判定,FILE_STAT_OBSERVED_IDENTITY_UNPROVEN,本批次只读；若声明、输入、Schema或授权漂移，既有结论自动失效并须追加新批次,未读取业务正文、价格、成交、订单簿、账户或凭据；身份字段不完整,为该成员提供当前版本九字段声明及逐字段Schema、授权和唯一证据定位后追加不可变批次,2d50c1344a835ceeb832796935182aeff80bb03cecc5465c8cf3aaccbd446acd,86129966e4bc55fac18f2d7602a2309d4403f85861102128a56a80a5a0ccc1ea,fab6b88f4675ecc538857475cd0f02e31bbf9d08c6908f9592729b4078af9da6
source-identity-declaration-20260808T051008+0800-7cf99a5ed6b9,ZI-ae71724e7b86bd2429dfecb6,DS-000124,候选数据文件,ETH,4小时;8小时;24小时;48小时,15分钟;1小时,未知,未知,未知,未知,未知,未知,未知,未知,未知,未登记,无,config/数据/来源身份声明补采.json#身份声明[],f9cf6f2a34762867a443c0a0366a7fd63f6eb254ce171133707efd3aa521c683,d7ef1e10d9720d76b7d47a520b7439f7ef8aa78a7560836f22971cf752ef3294,62fc33658b158f02bfe3de01b5eedca81e9c8ac93e348916fa9458a8ffacd315,未知,b3a1fc5ec72ad95e258b584f936ad46befab951e0ee9e43eaa18179e34974387,无法判定,FILE_STAT_OBSERVED_IDENTITY_UNPROVEN,本批次只读；若声明、输入、Schema或授权漂移，既有结论自动失效并须追加新批次,未读取业务正文、价格、成交、订单簿、账户或凭据；身份字段不完整,为该成员提供当前版本九字段声明及逐字段Schema、授权和唯一证据定位后追加不可变批次,2d50c1344a835ceeb832796935182aeff80bb03cecc5465c8cf3aaccbd446acd,86129966e4bc55fac18f2d7602a2309d4403f85861102128a56a80a5a0ccc1ea,f63f31488b8c06051e2af0440e07628768b88e5f4d118deef2b3fe33395b34f8
source-identity-declaration-20260808T051008+0800-7cf99a5ed6b9,ZI-a1c2af0e2150cb725d7922b3,DS-000125,候选数据文件,ETH,4小时;8小时;24小时;48小时,15分钟;1小时,未知,未知,未知,未知,未知,未知,未知,未知,未知,未登记,无,config/数据/来源身份声明补采.json#身份声明[],f9cf6f2a34762867a443c0a0366a7fd63f6eb254ce171133707efd3aa521c683,933516055a642714098755bbe9c599785c999703fbef73dc81e13069d74aa18f,ec513f8c058cb105f4032d6fa7282c197e5a78cf4c151b0571d00dd8dc4f7dd2,未知,b3a1fc5ec72ad95e258b584f936ad46befab951e0ee9e43eaa18179e34974387,无法判定,FILE_STAT_OBSERVED_IDENTITY_UNPROVEN,本批次只读；若声明、输入、Schema或授权漂移，既有结论自动失效并须追加新批次,未读取业务正文、价格、成交、订单簿、账户或凭据；身份字段不完整,为该成员提供当前版本九字段声明及逐字段Schema、授权和唯一证据定位后追加不可变批次,2d50c1344a835ceeb832796935182aeff80bb03cecc5465c8cf3aaccbd446acd,86129966e4bc55fac18f2d7602a2309d4403f85861102128a56a80a5a0ccc1ea,f49889d6d1f42c49c11021bd613d629068e408cf404d5700bd4ac24d5649ddcc
source-identity-declaration-20260808T051008+0800-7cf99a5ed6b9,ZI-29d969a16e11f4bd31de81b7,DS-000126,候选数据文件,ETH,4小时;8小时;24小时;48小时,15分钟;1小时,未知,未知,未知,未知,未知,未知,未知,未知,未知,未登记,无,config/数据/来源身份声明补采.json#身份声明[],f9cf6f2a34762867a443c0a0366a7fd63f6eb254ce171133707efd3aa521c683,9499e61c0227984474b6b7c023dc310fcae06907a46958e429501d3e6b006798,f8cc85fd88b4d152c3a85acf0e6f5ad15e2df327db073f7f1078063e5e4389df,未知,b3a1fc5ec72ad95e258b584f936ad46befab951e0ee9e43eaa18179e34974387,无法判定,FILE_STAT_OBSERVED_IDENTITY_UNPROVEN,本批次只读；若声明、输入、Schema或授权漂移，既有结论自动失效并须追加新批次,未读取业务正文、价格、成交、订单簿、账户或凭据；身份字段不完整,为该成员提供当前版本九字段声明及逐字段Schema、授权和唯一证据定位后追加不可变批次,2d50c1344a835ceeb832796935182aeff80bb03cecc5465c8cf3aaccbd446acd,86129966e4bc55fac18f2d7602a2309d4403f85861102128a56a80a5a0ccc1ea,a8bf9e065646d95b4d77d332fbaeb1ec7a7302e7f587ce6f261fe33b8caebc01
source-identity-declaration-20260808T051008+0800-7cf99a5ed6b9,ZI-aa7eaed70207def65a665413,DS-000127,候选数据文件,ETH,4小时;8小时;24小时;48小时,15分钟;1小时,未知,未知,未知,未知,未知,未知,未知,未知,未知,未登记,无,config/数据/来源身份声明补采.json#身份声明[],f9cf6f2a34762867a443c0a0366a7fd63f6eb254ce171133707efd3aa521c683,7498b9a041f4b609fbd9b5447119d9522ae1aaf59ff427378718c2833bf39af8,6876393fb377a2dddbdd0f3704f2a6600684cd6c4f20a91ee5c598a91896511a,未知,b3a1fc5ec72ad95e258b584f936ad46befab951e0ee9e43eaa18179e34974387,无法判定,FILE_STAT_OBSERVED_IDENTITY_UNPROVEN,本批次只读；若声明、输入、Schema或授权漂移，既有结论自动失效并须追加新批次,未读取业务正文、价格、成交、订单簿、账户或凭据；身份字段不完整,为该成员提供当前版本九字段声明及逐字段Schema、授权和唯一证据定位后追加不可变批次,2d50c1344a835ceeb832796935182aeff80bb03cecc5465c8cf3aaccbd446acd,86129966e4bc55fac18f2d7602a2309d4403f85861102128a56a80a5a0ccc1ea,3d1ba09887b2d286064cf975af214e004c5dc28a86f11711a3b4e8a8045c0b5a
source-identity-declaration-20260808T051008+0800-7cf99a5ed6b9,ZI-78306459bee5126083d5ca1b,DS-000128,候选数据文件,ETH,4小时;8小时;24小时;48小时,15分钟;1小时,未知,未知,未知,未知,未知,未知,未知,未知,未知,未登记,无,config/数据/来源身份声明补采.json#身份声明[],f9cf6f2a34762867a443c0a0366a7fd63f6eb254ce171133707efd3aa521c683,8784b44479961e1fc5e62e73d76c8f43f5274c03f210a3417d777a7b86f3c045,3778f5a272bf10f74727c3c30bcea740586d7993016b625b605c66a82dcac354,未知,b3a1fc5ec72ad95e258b584f936ad46befab951e0ee9e43eaa18179e34974387,无法判定,FILE_STAT_OBSERVED_IDENTITY_UNPROVEN,本批次只读；若声明、输入、Schema或授权漂移，既有结论自动失效并须追加新批次,未读取业务正文、价格、成交、订单簿、账户或凭据；身份字段不完整,为该成员提供当前版本九字段声明及逐字段Schema、授权和唯一证据定位后追加不可变批次,2d50c1344a835ceeb832796935182aeff80bb03cecc5465c8cf3aaccbd446acd,86129966e4bc55fac18f2d7602a2309d4403f85861102128a56a80a5a0ccc1ea,18d3ba24772aeaf850ecf584e1a1c595719360cae16b03a0db82f40246485de5
source-identity-declaration-20260808T051008+0800-7cf99a5ed6b9,ZI-15e8fafad806d350e4ebb681,DS-000129,候选数据文件,ETH,4小时;8小时;24小时;48小时,15分钟;1小时,未知,未知,未知,未知,未知,未知,未知,未知,未知,未登记,无,config/数据/来源身份声明补采.json#身份声明[],f9cf6f2a34762867a443c0a0366a7fd63f6eb254ce171133707efd3aa521c683,6ec29ab16a61a9874de644237ea1f88b4281182c44ec3b7aabeceff905c3c1fe,b9fe115bbe71bc2df097758de5421c48df29bb6dece7319e86e3b4f4104d7ba3,未知,b3a1fc5ec72ad95e258b584f936ad46befab951e0ee9e43eaa18179e34974387,无法判定,FILE_STAT_OBSERVED_IDENTITY_UNPROVEN,本批次只读；若声明、输入、Schema或授权漂移，既有结论自动失效并须追加新批次,未读取业务正文、价格、成交、订单簿、账户或凭据；身份字段不完整,为该成员提供当前版本九字段声明及逐字段Schema、授权和唯一证据定位后追加不可变批次,2d50c1344a835ceeb832796935182aeff80bb03cecc5465c8cf3aaccbd446acd,86129966e4bc55fac18f2d7602a2309d4403f85861102128a56a80a5a0ccc1ea,af49651eb3650b4b0aafed3e60ede5fac169e9cb340a3b51982a9b7396271f06
source-identity-declaration-20260808T051008+0800-7cf99a5ed6b9,ZI-e50bece42ff511d1e0d48550,DS-000130,候选数据文件,ETH,4小时;8小时;24小时;48小时,15分钟;1小时,未知,未知,未知,未知,未知,未知,未知,未知,未知,未登记,无,config/数据/来源身份声明补采.json#身份声明[],f9cf6f2a34762867a443c0a0366a7fd63f6eb254ce171133707efd3aa521c683,31a5fa38e253ae35bbd283a09e22b12ae2d20072cacd4fec29ddc407fc7c2c5a,ab1fa132bb5dedae2aee599d307ef6afbd15ef8e10247d61d8c83173266e0a23,未知,b3a1fc5ec72ad95e258b584f936ad46befab951e0ee9e43eaa18179e34974387,无法判定,FILE_STAT_OBSERVED_IDENTITY_UNPROVEN,本批次只读；若声明、输入、Schema或授权漂移，既有结论自动失效并须追加新批次,未读取业务正文、价格、成交、订单簿、账户或凭据；身份字段不完整,为该成员提供当前版本九字段声明及逐字段Schema、授权和唯一证据定位后追加不可变批次,2d50c1344a835ceeb832796935182aeff80bb03cecc5465c8cf3aaccbd446acd,86129966e4bc55fac18f2d7602a2309d4403f85861102128a56a80a5a0ccc1ea,2cbe7a78d5b67e02edb280ad7963f113a28e6d1684c78709ea20c582e8ed996a
source-identity-declaration-20260808T051008+0800-7cf99a5ed6b9,ZI-c6ca120312806c1468e1741f,DS-000131,候选数据文件,ETH,4小时;8小时;24小时;48小时,15分钟;1小时,未知,未知,未知,未知,未知,未知,未知,未知,未知,未登记,无,config/数据/来源身份声明补采.json#身份声明[],f9cf6f2a34762867a443c0a0366a7fd63f6eb254ce171133707efd3aa521c683,596462ea846e3b15707b59be416da11412b9e52c6d94c741ad5be0a70d1dfffe,849871286b1f3a7bb36005a3c4170984f7a55ddeda2e82f3720e21c78af7536d,未知,b3a1fc5ec72ad95e258b584f936ad46befab951e0ee9e43eaa18179e34974387,无法判定,FILE_STAT_OBSERVED_IDENTITY_UNPROVEN,本批次只读；若声明、输入、Schema或授权漂移，既有结论自动失效并须追加新批次,未读取业务正文、价格、成交、订单簿、账户或凭据；身份字段不完整,为该成员提供当前版本九字段声明及逐字段Schema、授权和唯一证据定位后追加不可变批次,2d50c1344a835ceeb832796935182aeff80bb03cecc5465c8cf3aaccbd446acd,86129966e4bc55fac18f2d7602a2309d4403f85861102128a56a80a5a0ccc1ea,f3052894acfcd71a4759dfb339015d298e906a79f9a6f804f21ba0f8dd3be459
source-identity-declaration-20260808T051008+0800-7cf99a5ed6b9,ZI-fa50ac0aca694ec35ea7d49d,DS-000132,候选数据文件,ETH,4小时;8小时;24小时;48小时,15分钟;1小时,未知,未知,未知,未知,未知,未知,未知,未知,未知,未登记,无,config/数据/来源身份声明补采.json#身份声明[],f9cf6f2a34762867a443c0a0366a7fd63f6eb254ce171133707efd3aa521c683,b92d68f0c6a28fd076fc8affb08361f7b721d840be639dd0fdcd9e4063f945e2,0e07540ee3310c57505f2e3e874b1df4f26fc44746b94ed2025d1b60856d53a3,未知,b3a1fc5ec72ad95e258b584f936ad46befab951e0ee9e43eaa18179e34974387,无法判定,FILE_STAT_OBSERVED_IDENTITY_UNPROVEN,本批次只读；若声明、输入、Schema或授权漂移，既有结论自动失效并须追加新批次,未读取业务正文、价格、成交、订单簿、账户或凭据；身份字段不完整,为该成员提供当前版本九字段声明及逐字段Schema、授权和唯一证据定位后追加不可变批次,2d50c1344a835ceeb832796935182aeff80bb03cecc5465c8cf3aaccbd446acd,86129966e4bc55fac18f2d7602a2309d4403f85861102128a56a80a5a0ccc1ea,209895972c1898f262c2a518bcc5612e009064d7e67ffa6e082e0283a877ba56
source-identity-declaration-20260808T051008+0800-7cf99a5ed6b9,ZI-f544842772244a2c3b3b1523,DS-000133,候选数据文件,ETH,4小时;8小时;24小时;48小时,15分钟;1小时,未知,未知,未知,未知,未知,未知,未知,未知,未知,未登记,无,config/数据/来源身份声明补采.json#身份声明[],f9cf6f2a34762867a443c0a0366a7fd63f6eb254ce171133707efd3aa521c683,d49b3cdefe936c41685bf10613de132b9f5d9198120e45aae55859f797788158,70e1444628d1622cd802bd2ee74a014e8a620cff9fd655e3880e74a7d3c8b8b7,未知,b3a1fc5ec72ad95e258b584f936ad46befab951e0ee9e43eaa18179e34974387,无法判定,FILE_STAT_OBSERVED_IDENTITY_UNPROVEN,本批次只读；若声明、输入、Schema或授权漂移，既有结论自动失效并须追加新批次,未读取业务正文、价格、成交、订单簿、账户或凭据；身份字段不完整,为该成员提供当前版本九字段声明及逐字段Schema、授权和唯一证据定位后追加不可变批次,2d50c1344a835ceeb832796935182aeff80bb03cecc5465c8cf3aaccbd446acd,86129966e4bc55fac18f2d7602a2309d4403f85861102128a56a80a5a0ccc1ea,bd56eb9d95facdaa2f51a86c7334716aef960e5417248fcd9375f8f7c3e8c747
source-identity-declaration-20260808T051008+0800-7cf99a5ed6b9,ZI-f50adb5a90eeb1431aaf8e6f,DS-000134,候选数据文件,ETH,4小时;8小时;24小时;48小时,15分钟;1小时,未知,未知,未知,未知,未知,未知,未知,未知,未知,未登记,无,config/数据/来源身份声明补采.json#身份声明[],f9cf6f2a34762867a443c0a0366a7fd63f6eb254ce171133707efd3aa521c683,0e6fc6a736706f9c8311f0bcd6cac49d78a213f394e2feafda517cd5a5854e7d,99f1d24909a2843e1fcd95fc876654a847ae45806c4adae55c444399995f0ec8,未知,b3a1fc5ec72ad95e258b584f936ad46befab951e0ee9e43eaa18179e34974387,无法判定,FILE_STAT_OBSERVED_IDENTITY_UNPROVEN,本批次只读；若声明、输入、Schema或授权漂移，既有结论自动失效并须追加新批次,未读取业务正文、价格、成交、订单簿、账户或凭据；身份字段不完整,为该成员提供当前版本九字段声明及逐字段Schema、授权和唯一证据定位后追加不可变批次,2d50c1344a835ceeb832796935182aeff80bb03cecc5465c8cf3aaccbd446acd,86129966e4bc55fac18f2d7602a2309d4403f85861102128a56a80a5a0ccc1ea,94853e490fcace1a01a35d3dc6df9ce231f5a84195dc45fdb89adb0887ad74b4
source-identity-declaration-20260808T051008+0800-7cf99a5ed6b9,ZI-ac125017000539cbb186e9e0,DS-000135,候选数据文件,ETH,4小时;8小时;24小时;48小时,15分钟;1小时,未知,未知,未知,未知,未知,未知,未知,未知,未知,未登记,无,config/数据/来源身份声明补采.json#身份声明[],f9cf6f2a34762867a443c0a0366a7fd63f6eb254ce171133707efd3aa521c683,6ed4afcb16dadb13cea1399f219a898bff5d238791ebd03cea6a0bd7d98b1ff5,e3d98fa985e8b77d96cab83fffc66cfc094f5d9dcffcba011bab1d69029e238b,未知,b3a1fc5ec72ad95e258b584f936ad46befab951e0ee9e43eaa18179e34974387,无法判定,FILE_STAT_OBSERVED_IDENTITY_UNPROVEN,本批次只读；若声明、输入、Schema或授权漂移，既有结论自动失效并须追加新批次,未读取业务正文、价格、成交、订单簿、账户或凭据；身份字段不完整,为该成员提供当前版本九字段声明及逐字段Schema、授权和唯一证据定位后追加不可变批次,2d50c1344a835ceeb832796935182aeff80bb03cecc5465c8cf3aaccbd446acd,86129966e4bc55fac18f2d7602a2309d4403f85861102128a56a80a5a0ccc1ea,61af802759f8328687b2fddf8340c470e21303eb0c72d35d078f7c6001a7aa2f
source-identity-declaration-20260808T051008+0800-7cf99a5ed6b9,ZI-8a4556082f31195079e25714,DS-000136,候选数据文件,ETH,4小时;8小时;24小时;48小时,15分钟;1小时,未知,未知,未知,未知,未知,未知,未知,未知,未知,未登记,无,config/数据/来源身份声明补采.json#身份声明[],f9cf6f2a34762867a443c0a0366a7fd63f6eb254ce171133707efd3aa521c683,c642096c5b9e47e8fb6d3af1ce33b6503b701f275d986dc3c80518fafa656b62,f891c3fe3008bfa69c81d678ef19f93b5031d32dc4999017e03a2b18febebf1c,未知,b3a1fc5ec72ad95e258b584f936ad46befab951e0ee9e43eaa18179e34974387,无法判定,FILE_STAT_OBSERVED_IDENTITY_UNPROVEN,本批次只读；若声明、输入、Schema或授权漂移，既有结论自动失效并须追加新批次,未读取业务正文、价格、成交、订单簿、账户或凭据；身份字段不完整,为该成员提供当前版本九字段声明及逐字段Schema、授权和唯一证据定位后追加不可变批次,2d50c1344a835ceeb832796935182aeff80bb03cecc5465c8cf3aaccbd446acd,86129966e4bc55fac18f2d7602a2309d4403f85861102128a56a80a5a0ccc1ea,5081049ca52b2a3f56389e109a524ce1c613703ca9d258119dbff4648c021ca0
source-identity-declaration-20260808T051008+0800-7cf99a5ed6b9,ZI-7fbd50767008b59c67c6188b,DS-000137,候选数据文件,ETH,4小时;8小时;24小时;48小时,15分钟;1小时,未知,未知,未知,未知,未知,未知,未知,未知,未知,未登记,无,config/数据/来源身份声明补采.json#身份声明[],f9cf6f2a34762867a443c0a0366a7fd63f6eb254ce171133707efd3aa521c683,85fd815ad566ecce9ab78d9848bdc57c2a3a789413ea3fae7ede25ed0d770f0f,d0b76e2f60f07725e40956ca4ac492da69b0acd4cfbfd313e30bc0ff90fcbec5,未知,b3a1fc5ec72ad95e258b584f936ad46befab951e0ee9e43eaa18179e34974387,无法判定,FILE_STAT_OBSERVED_IDENTITY_UNPROVEN,本批次只读；若声明、输入、Schema或授权漂移，既有结论自动失效并须追加新批次,未读取业务正文、价格、成交、订单簿、账户或凭据；身份字段不完整,为该成员提供当前版本九字段声明及逐字段Schema、授权和唯一证据定位后追加不可变批次,2d50c1344a835ceeb832796935182aeff80bb03cecc5465c8cf3aaccbd446acd,86129966e4bc55fac18f2d7602a2309d4403f85861102128a56a80a5a0ccc1ea,d98e440d8df51066a2ef64d25087b7897cd458bc231bf8be055ac695d8939880
source-identity-declaration-20260808T051008+0800-7cf99a5ed6b9,ZI-d42dfffaf1e7325a9791ebb0,DS-000138,候选数据文件,ETH,4小时;8小时;24小时;48小时,15分钟;1小时,未知,未知,未知,未知,未知,未知,未知,未知,未知,未登记,无,config/数据/来源身份声明补采.json#身份声明[],f9cf6f2a34762867a443c0a0366a7fd63f6eb254ce171133707efd3aa521c683,91cc4ad9a33161955c014a7f07d248bcafc3f5be08813d91e27a18d6a42f55c4,2b9a094e824f1ebadf6f57ffe303e6b9b512da431b40899c361a87df2ebfcf54,未知,b3a1fc5ec72ad95e258b584f936ad46befab951e0ee9e43eaa18179e34974387,无法判定,FILE_STAT_OBSERVED_IDENTITY_UNPROVEN,本批次只读；若声明、输入、Schema或授权漂移，既有结论自动失效并须追加新批次,未读取业务正文、价格、成交、订单簿、账户或凭据；身份字段不完整,为该成员提供当前版本九字段声明及逐字段Schema、授权和唯一证据定位后追加不可变批次,2d50c1344a835ceeb832796935182aeff80bb03cecc5465c8cf3aaccbd446acd,86129966e4bc55fac18f2d7602a2309d4403f85861102128a56a80a5a0ccc1ea,23c4bcc6f8a9b130760d8064fb110ea6505a42dc8051d22413fa35fccb38a8a2
source-identity-declaration-20260808T051008+0800-7cf99a5ed6b9,ZI-6f1fa6a3669f54977b46b883,DS-000139,候选数据文件,ETH,4小时;8小时;24小时;48小时,15分钟;1小时,未知,未知,未知,未知,未知,未知,未知,未知,未知,未登记,无,config/数据/来源身份声明补采.json#身份声明[],f9cf6f2a34762867a443c0a0366a7fd63f6eb254ce171133707efd3aa521c683,fe64d848475c7415a5eb6c92b24f0b9a75641d0388cb76d8ab63008be5e3a74a,163076bb1877110a64910e904e645ef22820486d7d9509fb3d2acc194731aebf,未知,b3a1fc5ec72ad95e258b584f936ad46befab951e0ee9e43eaa18179e34974387,无法判定,FILE_STAT_OBSERVED_IDENTITY_UNPROVEN,本批次只读；若声明、输入、Schema或授权漂移，既有结论自动失效并须追加新批次,未读取业务正文、价格、成交、订单簿、账户或凭据；身份字段不完整,为该成员提供当前版本九字段声明及逐字段Schema、授权和唯一证据定位后追加不可变批次,2d50c1344a835ceeb832796935182aeff80bb03cecc5465c8cf3aaccbd446acd,86129966e4bc55fac18f2d7602a2309d4403f85861102128a56a80a5a0ccc1ea,3e1da401a2c55dedb4cf33827ec4022c470fa061143ce68a2ca78071dfe1c38e
source-identity-declaration-20260808T051008+0800-7cf99a5ed6b9,ZI-9ae4aebc405506a01a9d8535,DS-000140,候选数据文件,ETH,4小时;8小时;24小时;48小时,15分钟;1小时,未知,未知,未知,未知,未知,未知,未知,未知,未知,未登记,无,config/数据/来源身份声明补采.json#身份声明[],f9cf6f2a34762867a443c0a0366a7fd63f6eb254ce171133707efd3aa521c683,009afddc569c187b643514b715c578f909c030480467dad3f80f258b9e5dba7d,b5d559a5d3cdd08a4788c563af9e2198fe71cf31cfce29cd5e6d06dc6baaf1f4,未知,b3a1fc5ec72ad95e258b584f936ad46befab951e0ee9e43eaa18179e34974387,无法判定,FILE_STAT_OBSERVED_IDENTITY_UNPROVEN,本批次只读；若声明、输入、Schema或授权漂移，既有结论自动失效并须追加新批次,未读取业务正文、价格、成交、订单簿、账户或凭据；身份字段不完整,为该成员提供当前版本九字段声明及逐字段Schema、授权和唯一证据定位后追加不可变批次,2d50c1344a835ceeb832796935182aeff80bb03cecc5465c8cf3aaccbd446acd,86129966e4bc55fac18f2d7602a2309d4403f85861102128a56a80a5a0ccc1ea,75c35566c9d753e72d51d460a0c877a04d1eb6d1dc84446229ed6d538b23cb71
source-identity-declaration-20260808T051008+0800-7cf99a5ed6b9,ZI-c4e271ec601f60ae22ae68de,DS-000141,候选数据文件,ETH,4小时;8小时;24小时;48小时,15分钟;1小时,未知,未知,未知,未知,未知,未知,未知,未知,未知,未登记,无,config/数据/来源身份声明补采.json#身份声明[],f9cf6f2a34762867a443c0a0366a7fd63f6eb254ce171133707efd3aa521c683,27f7235cee2d01a99bf0f9f1109e9272501fdb8df65e8befd348f081a6e8a5b8,0c126a0aaaabe4b976e650584466e255c22e869e8792738629f422ecbf58dda1,未知,b3a1fc5ec72ad95e258b584f936ad46befab951e0ee9e43eaa18179e34974387,无法判定,FILE_STAT_OBSERVED_IDENTITY_UNPROVEN,本批次只读；若声明、输入、Schema或授权漂移，既有结论自动失效并须追加新批次,未读取业务正文、价格、成交、订单簿、账户或凭据；身份字段不完整,为该成员提供当前版本九字段声明及逐字段Schema、授权和唯一证据定位后追加不可变批次,2d50c1344a835ceeb832796935182aeff80bb03cecc5465c8cf3aaccbd446acd,86129966e4bc55fac18f2d7602a2309d4403f85861102128a56a80a5a0ccc1ea,fd51d098f84f79469ae4b274e52a9c5b96074bc0502322f113d96ba3906ce39f
source-identity-declaration-20260808T051008+0800-7cf99a5ed6b9,ZI-6342bb9c8d59867fd7bda81e,DS-000142,候选数据文件,ETH,4小时;8小时;24小时;48小时,15分钟;1小时,未知,未知,未知,未知,未知,未知,未知,未知,未知,未登记,无,config/数据/来源身份声明补采.json#身份声明[],f9cf6f2a34762867a443c0a0366a7fd63f6eb254ce171133707efd3aa521c683,80fa1bd6e7005895cf660e56647c09e7daa74e86af408dd82f83ee4d04c6f8b5,ac346df94f38428a491d9033ce3ef6903ce1e2ac4a7c2d04dfde3d4668a39b68,未知,b3a1fc5ec72ad95e258b584f936ad46befab951e0ee9e43eaa18179e34974387,无法判定,FILE_STAT_OBSERVED_IDENTITY_UNPROVEN,本批次只读；若声明、输入、Schema或授权漂移，既有结论自动失效并须追加新批次,未读取业务正文、价格、成交、订单簿、账户或凭据；身份字段不完整,为该成员提供当前版本九字段声明及逐字段Schema、授权和唯一证据定位后追加不可变批次,2d50c1344a835ceeb832796935182aeff80bb03cecc5465c8cf3aaccbd446acd,86129966e4bc55fac18f2d7602a2309d4403f85861102128a56a80a5a0ccc1ea,8a312efc28c117b2a8c1cc0ab399ef883906455fabb448976e5bd8345a709706
source-identity-declaration-20260808T051008+0800-7cf99a5ed6b9,ZI-489d5d8588e9630edc50e1b1,DS-000143,候选数据文件,ETH,4小时;8小时;24小时;48小时,15分钟;1小时,未知,未知,未知,未知,未知,未知,未知,未知,未知,未登记,无,config/数据/来源身份声明补采.json#身份声明[],f9cf6f2a34762867a443c0a0366a7fd63f6eb254ce171133707efd3aa521c683,4d297614b41f56e3ac145165007736d4e5d0fc857ba98d3ee2525ae214f66bb1,516aacef531681e029560d1d5f4698e55ef8938d65a28b8bb7b53affef0090b5,未知,b3a1fc5ec72ad95e258b584f936ad46befab951e0ee9e43eaa18179e34974387,无法判定,FILE_STAT_OBSERVED_IDENTITY_UNPROVEN,本批次只读；若声明、输入、Schema或授权漂移，既有结论自动失效并须追加新批次,未读取业务正文、价格、成交、订单簿、账户或凭据；身份字段不完整,为该成员提供当前版本九字段声明及逐字段Schema、授权和唯一证据定位后追加不可变批次,2d50c1344a835ceeb832796935182aeff80bb03cecc5465c8cf3aaccbd446acd,86129966e4bc55fac18f2d7602a2309d4403f85861102128a56a80a5a0ccc1ea,2cad18d2c035d6eede84b99cd99b4916c5f64cd01b20acbcfc6ffedd6224c015
source-identity-declaration-20260808T051008+0800-7cf99a5ed6b9,ZI-eeabae9bad9c7be33d76a591,DS-000144,候选数据文件,ETH,4小时;8小时;24小时;48小时,15分钟;1小时,未知,未知,未知,未知,未知,未知,未知,未知,未知,未登记,无,config/数据/来源身份声明补采.json#身份声明[],f9cf6f2a34762867a443c0a0366a7fd63f6eb254ce171133707efd3aa521c683,a37f1429695718fc7f7e8f2425da19674e90d6a02d7bb8ff8ce85e66a4f07074,13e2fdb5315ff33a190ad958df8d0df9bcb268f39b696634df5d1e3c89bb0de0,未知,b3a1fc5ec72ad95e258b584f936ad46befab951e0ee9e43eaa18179e34974387,无法判定,FILE_STAT_OBSERVED_IDENTITY_UNPROVEN,本批次只读；若声明、输入、Schema或授权漂移，既有结论自动失效并须追加新批次,未读取业务正文、价格、成交、订单簿、账户或凭据；身份字段不完整,为该成员提供当前版本九字段声明及逐字段Schema、授权和唯一证据定位后追加不可变批次,2d50c1344a835ceeb832796935182aeff80bb03cecc5465c8cf3aaccbd446acd,86129966e4bc55fac18f2d7602a2309d4403f85861102128a56a80a5a0ccc1ea,cecfa4a97cc10ba8648ca79e90d3aff2ef526a9afd102429960f8dbc3f7756a6
source-identity-declaration-20260808T051008+0800-7cf99a5ed6b9,ZI-8879fe92abceecb6a371d5c7,DS-000145,候选数据文件,ETH,4小时;8小时;24小时;48小时,15分钟;1小时,未知,未知,未知,未知,未知,未知,未知,未知,未知,未登记,无,config/数据/来源身份声明补采.json#身份声明[],f9cf6f2a34762867a443c0a0366a7fd63f6eb254ce171133707efd3aa521c683,12ba9cb4812d9b25d1ce7250ee24a6ecbad7c3e14871b3b350b5ff102581369a,7b852f78154c999774fe501679b321784ddb2a060a3be071fb854db79d271fd2,未知,b3a1fc5ec72ad95e258b584f936ad46befab951e0ee9e43eaa18179e34974387,无法判定,FILE_STAT_OBSERVED_IDENTITY_UNPROVEN,本批次只读；若声明、输入、Schema或授权漂移，既有结论自动失效并须追加新批次,未读取业务正文、价格、成交、订单簿、账户或凭据；身份字段不完整,为该成员提供当前版本九字段声明及逐字段Schema、授权和唯一证据定位后追加不可变批次,2d50c1344a835ceeb832796935182aeff80bb03cecc5465c8cf3aaccbd446acd,86129966e4bc55fac18f2d7602a2309d4403f85861102128a56a80a5a0ccc1ea,1acf80470bfbba380168a2135988c4fe5d3da29723edb2f41ef835e59fb0de39
source-identity-declaration-20260808T051008+0800-7cf99a5ed6b9,ZI-9e34c2cb88810c462910e30d,DS-000146,候选数据文件,ETH,4小时;8小时;24小时;48小时,15分钟;1小时,未知,未知,未知,未知,未知,未知,未知,未知,未知,未登记,无,config/数据/来源身份声明补采.json#身份声明[],f9cf6f2a34762867a443c0a0366a7fd63f6eb254ce171133707efd3aa521c683,c3cc5610c7e0e33b392b2bdea0167adef56d57f070b3e427f342c684b3ea0688,de03c4896cda37c0c66563807be46f38b891f742ad98e9ed0984cec1b6bae1d9,未知,b3a1fc5ec72ad95e258b584f936ad46befab951e0ee9e43eaa18179e34974387,无法判定,FILE_STAT_OBSERVED_IDENTITY_UNPROVEN,本批次只读；若声明、输入、Schema或授权漂移，既有结论自动失效并须追加新批次,未读取业务正文、价格、成交、订单簿、账户或凭据；身份字段不完整,为该成员提供当前版本九字段声明及逐字段Schema、授权和唯一证据定位后追加不可变批次,2d50c1344a835ceeb832796935182aeff80bb03cecc5465c8cf3aaccbd446acd,86129966e4bc55fac18f2d7602a2309d4403f85861102128a56a80a5a0ccc1ea,b4ea57cd91ce714934c556790faa9cb19a1a1c9ea0f86ffc52ef8d27ca259a48
source-identity-declaration-20260808T051008+0800-7cf99a5ed6b9,ZI-8461f08f625565257213a23c,DS-000147,候选数据文件,ETH,4小时;8小时;24小时;48小时,15分钟;1小时,未知,未知,未知,未知,未知,未知,未知,未知,未知,未登记,无,config/数据/来源身份声明补采.json#身份声明[],f9cf6f2a34762867a443c0a0366a7fd63f6eb254ce171133707efd3aa521c683,ffc57781fb71aec9cd924574bd3fbe2cedfaba4f4cb581fe866c9a9d0dbed1a9,ac590d7eabfb3ee19d164f71da201c86851f75b04b934a01c301489ffce903d5,未知,b3a1fc5ec72ad95e258b584f936ad46befab951e0ee9e43eaa18179e34974387,无法判定,FILE_STAT_OBSERVED_IDENTITY_UNPROVEN,本批次只读；若声明、输入、Schema或授权漂移，既有结论自动失效并须追加新批次,未读取业务正文、价格、成交、订单簿、账户或凭据；身份字段不完整,为该成员提供当前版本九字段声明及逐字段Schema、授权和唯一证据定位后追加不可变批次,2d50c1344a835ceeb832796935182aeff80bb03cecc5465c8cf3aaccbd446acd,86129966e4bc55fac18f2d7602a2309d4403f85861102128a56a80a5a0ccc1ea,70e2fa3bac694ac583c4b2940030a0bdcbc20fe30b6fb46d4da86d8e72ae871e
source-identity-declaration-20260808T051008+0800-7cf99a5ed6b9,ZI-2ce49af2946877d7f4f7ea4b,DS-000148,候选数据文件,ETH,4小时;8小时;24小时;48小时,15分钟;1小时,未知,未知,未知,未知,未知,未知,未知,未知,未知,未登记,无,config/数据/来源身份声明补采.json#身份声明[],f9cf6f2a34762867a443c0a0366a7fd63f6eb254ce171133707efd3aa521c683,3a02343642236a2a3e657efef9c7518e0c47343c29a0fed06dac9abe93d62260,9b15026508f4301f1e2aefcc4d22d64380b8d8e581f3955d41c11761606ac24f,未知,b3a1fc5ec72ad95e258b584f936ad46befab951e0ee9e43eaa18179e34974387,无法判定,FILE_STAT_OBSERVED_IDENTITY_UNPROVEN,本批次只读；若声明、输入、Schema或授权漂移，既有结论自动失效并须追加新批次,未读取业务正文、价格、成交、订单簿、账户或凭据；身份字段不完整,为该成员提供当前版本九字段声明及逐字段Schema、授权和唯一证据定位后追加不可变批次,2d50c1344a835ceeb832796935182aeff80bb03cecc5465c8cf3aaccbd446acd,86129966e4bc55fac18f2d7602a2309d4403f85861102128a56a80a5a0ccc1ea,546cf863e7dd9a5b8ffe2341f3497252942a1fdd69b1d233fe4a9f0db0c29e67
source-identity-declaration-20260808T051008+0800-7cf99a5ed6b9,ZI-52ce2e32211b7fe8ae9f82c6,DS-000149,候选数据文件,ETH,4小时;8小时;24小时;48小时,15分钟;1小时,未知,未知,未知,未知,未知,未知,未知,未知,未知,未登记,无,config/数据/来源身份声明补采.json#身份声明[],f9cf6f2a34762867a443c0a0366a7fd63f6eb254ce171133707efd3aa521c683,a873240ba93a952953aa11ac5f6f40fac71db86b7055f9b2d8541c48f40d345b,c4c0fa8bfefc782ab8963b781ae8b3bd00c5081026ed977dc8a039084b1b3a25,未知,b3a1fc5ec72ad95e258b584f936ad46befab951e0ee9e43eaa18179e34974387,无法判定,FILE_STAT_OBSERVED_IDENTITY_UNPROVEN,本批次只读；若声明、输入、Schema或授权漂移，既有结论自动失效并须追加新批次,未读取业务正文、价格、成交、订单簿、账户或凭据；身份字段不完整,为该成员提供当前版本九字段声明及逐字段Schema、授权和唯一证据定位后追加不可变批次,2d50c1344a835ceeb832796935182aeff80bb03cecc5465c8cf3aaccbd446acd,86129966e4bc55fac18f2d7602a2309d4403f85861102128a56a80a5a0ccc1ea,a20d699a47f10cdafed749571532c4deb1482bb62ab309e25367a19860210e0a
source-identity-declaration-20260808T051008+0800-7cf99a5ed6b9,ZI-49395e6c68a237ad8cf076ee,DS-000150,候选数据文件,ETH,4小时;8小时;24小时;48小时,15分钟;1小时,未知,未知,未知,未知,未知,未知,未知,未知,未知,未登记,无,config/数据/来源身份声明补采.json#身份声明[],f9cf6f2a34762867a443c0a0366a7fd63f6eb254ce171133707efd3aa521c683,40939ad30387a7158ed57b306fe0d71798f08cbe52327025d40af30da47e9dc6,d707f1184ffd684db0b8c690dcefebd30e65310386a337a9481373f277d913da,未知,b3a1fc5ec72ad95e258b584f936ad46befab951e0ee9e43eaa18179e34974387,无法判定,FILE_STAT_OBSERVED_IDENTITY_UNPROVEN,本批次只读；若声明、输入、Schema或授权漂移，既有结论自动失效并须追加新批次,未读取业务正文、价格、成交、订单簿、账户或凭据；身份字段不完整,为该成员提供当前版本九字段声明及逐字段Schema、授权和唯一证据定位后追加不可变批次,2d50c1344a835ceeb832796935182aeff80bb03cecc5465c8cf3aaccbd446acd,86129966e4bc55fac18f2d7602a2309d4403f85861102128a56a80a5a0ccc1ea,f9beab2d4ebb0537f71f34586b8555dd2f74948a2286f43a4f4f717668c7a5ee
source-identity-declaration-20260808T051008+0800-7cf99a5ed6b9,ZI-5c9ff569ed602db0d19a25b4,DS-000151,候选数据文件,ETH,4小时;8小时;24小时;48小时,15分钟;1小时,未知,未知,未知,未知,未知,未知,未知,未知,未知,未登记,无,config/数据/来源身份声明补采.json#身份声明[],f9cf6f2a34762867a443c0a0366a7fd63f6eb254ce171133707efd3aa521c683,576e8c8e6487f15c636a679f4a040797e58715ed5fcaeaa34cc9be2b42fc0bd9,4430b05213f8fb6e099218b623736ef4a90c76a53846aa74227f9be1b4c02472,未知,b3a1fc5ec72ad95e258b584f936ad46befab951e0ee9e43eaa18179e34974387,无法判定,FILE_STAT_OBSERVED_IDENTITY_UNPROVEN,本批次只读；若声明、输入、Schema或授权漂移，既有结论自动失效并须追加新批次,未读取业务正文、价格、成交、订单簿、账户或凭据；身份字段不完整,为该成员提供当前版本九字段声明及逐字段Schema、授权和唯一证据定位后追加不可变批次,2d50c1344a835ceeb832796935182aeff80bb03cecc5465c8cf3aaccbd446acd,86129966e4bc55fac18f2d7602a2309d4403f85861102128a56a80a5a0ccc1ea,cd051072709877522827adb034e0c52e3f4b730880c81c20c05019e793055280
source-identity-declaration-20260808T051008+0800-7cf99a5ed6b9,ZI-eb6b36437e73935e6892948b,DS-000152,候选数据文件,ETH,4小时;8小时;24小时;48小时,15分钟;1小时,未知,未知,未知,未知,未知,未知,未知,未知,未知,未登记,无,config/数据/来源身份声明补采.json#身份声明[],f9cf6f2a34762867a443c0a0366a7fd63f6eb254ce171133707efd3aa521c683,72c373f523c68c010f48416824dc922cc7bdcb6a7af086a80aff26503846cc1f,108b6fbb555b3a70e9ee67cd5d1014f7d8fe2e5589151961829d64c52378056e,未知,b3a1fc5ec72ad95e258b584f936ad46befab951e0ee9e43eaa18179e34974387,无法判定,FILE_STAT_OBSERVED_IDENTITY_UNPROVEN,本批次只读；若声明、输入、Schema或授权漂移，既有结论自动失效并须追加新批次,未读取业务正文、价格、成交、订单簿、账户或凭据；身份字段不完整,为该成员提供当前版本九字段声明及逐字段Schema、授权和唯一证据定位后追加不可变批次,2d50c1344a835ceeb832796935182aeff80bb03cecc5465c8cf3aaccbd446acd,86129966e4bc55fac18f2d7602a2309d4403f85861102128a56a80a5a0ccc1ea,4bcbcb43529afece68da57b01076a5f6f02def3c2869c99c1cf47aee6e59f4ab
source-identity-declaration-20260808T051008+0800-7cf99a5ed6b9,ZI-7d0eac7d55708c645db23f34,DS-000153,候选数据文件,ETH,4小时;8小时;24小时;48小时,15分钟;1小时,未知,未知,未知,未知,未知,未知,未知,未知,未知,未登记,无,config/数据/来源身份声明补采.json#身份声明[],f9cf6f2a34762867a443c0a0366a7fd63f6eb254ce171133707efd3aa521c683,546a99b7d0834c6f48dec4b7ae8905dcf109bb0225eadb4e316d5042925f9656,0533d8e0b6d12c6b9ede3c937d4b10662e237dc6a3bad54eeb885580a8af4179,未知,b3a1fc5ec72ad95e258b584f936ad46befab951e0ee9e43eaa18179e34974387,无法判定,FILE_STAT_OBSERVED_IDENTITY_UNPROVEN,本批次只读；若声明、输入、Schema或授权漂移，既有结论自动失效并须追加新批次,未读取业务正文、价格、成交、订单簿、账户或凭据；身份字段不完整,为该成员提供当前版本九字段声明及逐字段Schema、授权和唯一证据定位后追加不可变批次,2d50c1344a835ceeb832796935182aeff80bb03cecc5465c8cf3aaccbd446acd,86129966e4bc55fac18f2d7602a2309d4403f85861102128a56a80a5a0ccc1ea,28e1033f2262cd102b9e6d88bfee9085ca123bbe2a7d451c8302b7f4be80aa7d
source-identity-declaration-20260808T051008+0800-7cf99a5ed6b9,ZI-881ed8dfa8b5bd2659a6c1a3,DS-000154,候选数据文件,ETH,4小时;8小时;24小时;48小时,15分钟;1小时,未知,未知,未知,未知,未知,未知,未知,未知,未知,未登记,无,config/数据/来源身份声明补采.json#身份声明[],f9cf6f2a34762867a443c0a0366a7fd63f6eb254ce171133707efd3aa521c683,ee9e0ae362a297ec3bf7aa435152701795b513a1aff9467f7d54516156653425,9e9aeb1cd8dae51e446f83370f344a25cea9e53fd13366073c03d249cc438238,未知,b3a1fc5ec72ad95e258b584f936ad46befab951e0ee9e43eaa18179e34974387,无法判定,FILE_STAT_OBSERVED_IDENTITY_UNPROVEN,本批次只读；若声明、输入、Schema或授权漂移，既有结论自动失效并须追加新批次,未读取业务正文、价格、成交、订单簿、账户或凭据；身份字段不完整,为该成员提供当前版本九字段声明及逐字段Schema、授权和唯一证据定位后追加不可变批次,2d50c1344a835ceeb832796935182aeff80bb03cecc5465c8cf3aaccbd446acd,86129966e4bc55fac18f2d7602a2309d4403f85861102128a56a80a5a0ccc1ea,278882f40f6797734b331bda035019f687081e0a05aaaea5a1c1a2e2caf6b2fa
source-identity-declaration-20260808T051008+0800-7cf99a5ed6b9,ZI-f73068a8f2789ebf663e39a2,DS-000155,候选数据文件,ETH,4小时;8小时;24小时;48小时,15分钟;1小时,未知,未知,未知,未知,未知,未知,未知,未知,未知,未登记,无,config/数据/来源身份声明补采.json#身份声明[],f9cf6f2a34762867a443c0a0366a7fd63f6eb254ce171133707efd3aa521c683,6f2aca25eaf8f6fd1197fd066869629e61faf4077b6408d812252f2149ddc42f,1e6c230a58eaa438dcb3e183f507aa42230a73c7df9d67f784d606bb4ec6f622,未知,b3a1fc5ec72ad95e258b584f936ad46befab951e0ee9e43eaa18179e34974387,无法判定,FILE_STAT_OBSERVED_IDENTITY_UNPROVEN,本批次只读；若声明、输入、Schema或授权漂移，既有结论自动失效并须追加新批次,未读取业务正文、价格、成交、订单簿、账户或凭据；身份字段不完整,为该成员提供当前版本九字段声明及逐字段Schema、授权和唯一证据定位后追加不可变批次,2d50c1344a835ceeb832796935182aeff80bb03cecc5465c8cf3aaccbd446acd,86129966e4bc55fac18f2d7602a2309d4403f85861102128a56a80a5a0ccc1ea,863cb104fd1250731e07c2b6aa8f1f95ebecd9cbfb9478174d2d06b80373dd2f
source-identity-declaration-20260808T051008+0800-7cf99a5ed6b9,ZI-ea32ed6152cd1b5d242e9e24,DS-000156,候选数据文件,ETH,4小时;8小时;24小时;48小时,15分钟;1小时,未知,未知,未知,未知,未知,未知,未知,未知,未知,未登记,无,config/数据/来源身份声明补采.json#身份声明[],f9cf6f2a34762867a443c0a0366a7fd63f6eb254ce171133707efd3aa521c683,a72715813de459c323b00c15154ac684ead7ae93d24f420a1fafec5468fa83e7,dcce43d13d18d38acf10f20158a8f39618013cbe1cf5d78e28d03985bb4f5c9c,未知,b3a1fc5ec72ad95e258b584f936ad46befab951e0ee9e43eaa18179e34974387,无法判定,FILE_STAT_OBSERVED_IDENTITY_UNPROVEN,本批次只读；若声明、输入、Schema或授权漂移，既有结论自动失效并须追加新批次,未读取业务正文、价格、成交、订单簿、账户或凭据；身份字段不完整,为该成员提供当前版本九字段声明及逐字段Schema、授权和唯一证据定位后追加不可变批次,2d50c1344a835ceeb832796935182aeff80bb03cecc5465c8cf3aaccbd446acd,86129966e4bc55fac18f2d7602a2309d4403f85861102128a56a80a5a0ccc1ea,36a4c288a3473c885743001783b75e56d8ca492f252b90cd283a675be20d654b
source-identity-declaration-20260808T051008+0800-7cf99a5ed6b9,ZI-981a8cf3dd538295a0a64b3f,DS-000157,候选数据文件,ETH,4小时;8小时;24小时;48小时,15分钟;1小时,未知,未知,未知,未知,未知,未知,未知,未知,未知,未登记,无,config/数据/来源身份声明补采.json#身份声明[],f9cf6f2a34762867a443c0a0366a7fd63f6eb254ce171133707efd3aa521c683,6eda5591fc0c247a607d37e4cdf6c45a53d77565384aa87932c05f3fdc45535c,cfc50dbc800e42763d228a343b77b0a46832ab7484088a47d1d00652d6679489,未知,b3a1fc5ec72ad95e258b584f936ad46befab951e0ee9e43eaa18179e34974387,无法判定,FILE_STAT_OBSERVED_IDENTITY_UNPROVEN,本批次只读；若声明、输入、Schema或授权漂移，既有结论自动失效并须追加新批次,未读取业务正文、价格、成交、订单簿、账户或凭据；身份字段不完整,为该成员提供当前版本九字段声明及逐字段Schema、授权和唯一证据定位后追加不可变批次,2d50c1344a835ceeb832796935182aeff80bb03cecc5465c8cf3aaccbd446acd,86129966e4bc55fac18f2d7602a2309d4403f85861102128a56a80a5a0ccc1ea,c42fca7577b9d77d94e9e5c8acfad4d5a26f150d20ce1b7a59bedb4f6faf0b0e
source-identity-declaration-20260808T051008+0800-7cf99a5ed6b9,ZI-e138d2140805838d1a7c0162,DS-000158,候选数据文件,ETH,4小时;8小时;24小时;48小时,15分钟;1小时,未知,未知,未知,未知,未知,未知,未知,未知,未知,未登记,无,config/数据/来源身份声明补采.json#身份声明[],f9cf6f2a34762867a443c0a0366a7fd63f6eb254ce171133707efd3aa521c683,72f486a70d9704d448d87595639e86f5186ef95992b2c4885e6b2b8b853a9d1a,c0d56db7a8cd51b714c2ccf5a2917efb4ba24594d0ec056d883eba7335c1fde4,未知,b3a1fc5ec72ad95e258b584f936ad46befab951e0ee9e43eaa18179e34974387,无法判定,FILE_STAT_OBSERVED_IDENTITY_UNPROVEN,本批次只读；若声明、输入、Schema或授权漂移，既有结论自动失效并须追加新批次,未读取业务正文、价格、成交、订单簿、账户或凭据；身份字段不完整,为该成员提供当前版本九字段声明及逐字段Schema、授权和唯一证据定位后追加不可变批次,2d50c1344a835ceeb832796935182aeff80bb03cecc5465c8cf3aaccbd446acd,86129966e4bc55fac18f2d7602a2309d4403f85861102128a56a80a5a0ccc1ea,52dd0b1f853dc8399f1e37254eaa56667b97eeb0a17f64a1f7f04926194d2b24
source-identity-declaration-20260808T051008+0800-7cf99a5ed6b9,ZI-389611b782028a821d4fd2fd,DS-000159,候选数据文件,ETH,4小时;8小时;24小时;48小时,15分钟;1小时,未知,未知,未知,未知,未知,未知,未知,未知,未知,未登记,无,config/数据/来源身份声明补采.json#身份声明[],f9cf6f2a34762867a443c0a0366a7fd63f6eb254ce171133707efd3aa521c683,3542d314315b3e35751cb209f4c796189b505af0f86578c853de6478c418adba,c0d294afed3dc4f62621cdf0991d928a09464de5948ca639d064da170ed873ca,未知,b3a1fc5ec72ad95e258b584f936ad46befab951e0ee9e43eaa18179e34974387,无法判定,FILE_STAT_OBSERVED_IDENTITY_UNPROVEN,本批次只读；若声明、输入、Schema或授权漂移，既有结论自动失效并须追加新批次,未读取业务正文、价格、成交、订单簿、账户或凭据；身份字段不完整,为该成员提供当前版本九字段声明及逐字段Schema、授权和唯一证据定位后追加不可变批次,2d50c1344a835ceeb832796935182aeff80bb03cecc5465c8cf3aaccbd446acd,86129966e4bc55fac18f2d7602a2309d4403f85861102128a56a80a5a0ccc1ea,b6b1c6e8aeebba404482d50230ea6aefc111c5234208ad6a74193ff87c4625ce
source-identity-declaration-20260808T051008+0800-7cf99a5ed6b9,ZI-ff9e46ee8a8d96eb44d5bf39,DS-000160,候选数据文件,ETH,4小时;8小时;24小时;48小时,15分钟;1小时,未知,未知,未知,未知,未知,未知,未知,未知,未知,未登记,无,config/数据/来源身份声明补采.json#身份声明[],f9cf6f2a34762867a443c0a0366a7fd63f6eb254ce171133707efd3aa521c683,d7aa39396e7a11768826401789432108e5ab65f5340646b4925cc6bb9bf83dfb,a0ad347af77aa82e8e07e314c8c6719f2d02e94150ab18124b7aa81a425c5d45,未知,b3a1fc5ec72ad95e258b584f936ad46befab951e0ee9e43eaa18179e34974387,无法判定,FILE_STAT_OBSERVED_IDENTITY_UNPROVEN,本批次只读；若声明、输入、Schema或授权漂移，既有结论自动失效并须追加新批次,未读取业务正文、价格、成交、订单簿、账户或凭据；身份字段不完整,为该成员提供当前版本九字段声明及逐字段Schema、授权和唯一证据定位后追加不可变批次,2d50c1344a835ceeb832796935182aeff80bb03cecc5465c8cf3aaccbd446acd,86129966e4bc55fac18f2d7602a2309d4403f85861102128a56a80a5a0ccc1ea,fa6d3903d06562b122ca9774c09f74076c5c07856b8dfcaf656bfbf35317eb1d
source-identity-declaration-20260808T051008+0800-7cf99a5ed6b9,ZI-f9d8ea08ef193804ac5c2d24,DS-000161,候选数据文件,ETH,4小时;8小时;24小时;48小时,15分钟;1小时,未知,未知,未知,未知,未知,未知,未知,未知,未知,未登记,无,config/数据/来源身份声明补采.json#身份声明[],f9cf6f2a34762867a443c0a0366a7fd63f6eb254ce171133707efd3aa521c683,ec01d645a01d99926ec9405f77b33b2cb182ca4135cfdfeeadee39f80bdbeab5,dc9ac80131204fdaf9eb80e86b459252b4ccadd49e3233c98d0932a0a8d3b3a0,未知,b3a1fc5ec72ad95e258b584f936ad46befab951e0ee9e43eaa18179e34974387,无法判定,FILE_STAT_OBSERVED_IDENTITY_UNPROVEN,本批次只读；若声明、输入、Schema或授权漂移，既有结论自动失效并须追加新批次,未读取业务正文、价格、成交、订单簿、账户或凭据；身份字段不完整,为该成员提供当前版本九字段声明及逐字段Schema、授权和唯一证据定位后追加不可变批次,2d50c1344a835ceeb832796935182aeff80bb03cecc5465c8cf3aaccbd446acd,86129966e4bc55fac18f2d7602a2309d4403f85861102128a56a80a5a0ccc1ea,108172c4950c05024b38af080fafcc5f2359e39e7f2b62b0223b8c6c94b57a4f
source-identity-declaration-20260808T051008+0800-7cf99a5ed6b9,ZI-e6288ec06bff9cdf648b4042,DS-000162,候选数据文件,ETH,4小时;8小时;24小时;48小时,15分钟;1小时,未知,未知,未知,未知,未知,未知,未知,未知,未知,未登记,无,config/数据/来源身份声明补采.json#身份声明[],f9cf6f2a34762867a443c0a0366a7fd63f6eb254ce171133707efd3aa521c683,8bcd4a1f32df538b6b79746044da34ee5f0dd05800d6484cd0ba9601ce36ca5e,4539a9b5b7b96a6535417bdb1e909c2339da59b04d9c3eb84a59ed1b72a6e46d,未知,b3a1fc5ec72ad95e258b584f936ad46befab951e0ee9e43eaa18179e34974387,无法判定,FILE_STAT_OBSERVED_IDENTITY_UNPROVEN,本批次只读；若声明、输入、Schema或授权漂移，既有结论自动失效并须追加新批次,未读取业务正文、价格、成交、订单簿、账户或凭据；身份字段不完整,为该成员提供当前版本九字段声明及逐字段Schema、授权和唯一证据定位后追加不可变批次,2d50c1344a835ceeb832796935182aeff80bb03cecc5465c8cf3aaccbd446acd,86129966e4bc55fac18f2d7602a2309d4403f85861102128a56a80a5a0ccc1ea,a22091dfe8233123cae81bcced3da2fe7f83325481def5e9f8528b87d682cb42
source-identity-declaration-20260808T051008+0800-7cf99a5ed6b9,ZI-80b98789c86787fb429ef2e3,DS-000163,候选数据文件,ETH,4小时;8小时;24小时;48小时,15分钟;1小时,未知,未知,未知,未知,未知,未知,未知,未知,未知,未登记,无,config/数据/来源身份声明补采.json#身份声明[],f9cf6f2a34762867a443c0a0366a7fd63f6eb254ce171133707efd3aa521c683,752b82b872a799d4af7a2c30cdbe801cc698881ef471389e897662c027aa4d11,5122f735e57d5cdbf919ac937da2bdf1d073a6e477fea5f07c16807ef62ce290,未知,b3a1fc5ec72ad95e258b584f936ad46befab951e0ee9e43eaa18179e34974387,无法判定,FILE_STAT_OBSERVED_IDENTITY_UNPROVEN,本批次只读；若声明、输入、Schema或授权漂移，既有结论自动失效并须追加新批次,未读取业务正文、价格、成交、订单簿、账户或凭据；身份字段不完整,为该成员提供当前版本九字段声明及逐字段Schema、授权和唯一证据定位后追加不可变批次,2d50c1344a835ceeb832796935182aeff80bb03cecc5465c8cf3aaccbd446acd,86129966e4bc55fac18f2d7602a2309d4403f85861102128a56a80a5a0ccc1ea,c2fc88ddc72359c0f76850946a0525974990e39d5b4b504557529988eaae7aee
source-identity-declaration-20260808T051008+0800-7cf99a5ed6b9,ZI-1a15f6cb7a7b389c7ce47d98,DS-000164,候选数据文件,ETH,4小时;8小时;24小时;48小时,15分钟;1小时,未知,未知,未知,未知,未知,未知,未知,未知,未知,未登记,无,config/数据/来源身份声明补采.json#身份声明[],f9cf6f2a34762867a443c0a0366a7fd63f6eb254ce171133707efd3aa521c683,cb3f2cfa1431a5e9847c70b5630e69fb57a0b38a928b2348486398c485d9bae6,3cb00e451782a8e18c8fa701abca54261b37770aa105bfbfc49de70477a8c519,未知,b3a1fc5ec72ad95e258b584f936ad46befab951e0ee9e43eaa18179e34974387,拒绝,INPUT_MEMBER_REJECTED,本批次只读；若声明、输入、Schema或授权漂移，既有结论自动失效并须追加新批次,未读取业务正文、价格、成交、订单簿、账户或凭据；身份字段不完整,为该成员提供当前版本九字段声明及逐字段Schema、授权和唯一证据定位后追加不可变批次,2d50c1344a835ceeb832796935182aeff80bb03cecc5465c8cf3aaccbd446acd,86129966e4bc55fac18f2d7602a2309d4403f85861102128a56a80a5a0ccc1ea,827a353fa3c4cc5101df99a3b73f69cdc84e5e9d0b1228e3daf696048184b2a4
source-identity-declaration-20260808T051008+0800-7cf99a5ed6b9,ZI-1941dc115ef30ebc9b56f4af,DS-000165,候选数据文件,ETH,4小时;8小时;24小时;48小时,15分钟;1小时,未知,未知,未知,未知,未知,未知,未知,未知,未知,未登记,无,config/数据/来源身份声明补采.json#身份声明[],f9cf6f2a34762867a443c0a0366a7fd63f6eb254ce171133707efd3aa521c683,c3e43bdaf00cb3c1f31558af9d95c281dcf7b02f513783e1b2d81801c988131b,5ab2d649df5401c8fae6ad9c39cc82b2e883477d2cbaa9e60c4cb5254c47d82e,未知,b3a1fc5ec72ad95e258b584f936ad46befab951e0ee9e43eaa18179e34974387,无法判定,FILE_STAT_OBSERVED_IDENTITY_UNPROVEN,本批次只读；若声明、输入、Schema或授权漂移，既有结论自动失效并须追加新批次,未读取业务正文、价格、成交、订单簿、账户或凭据；身份字段不完整,为该成员提供当前版本九字段声明及逐字段Schema、授权和唯一证据定位后追加不可变批次,2d50c1344a835ceeb832796935182aeff80bb03cecc5465c8cf3aaccbd446acd,86129966e4bc55fac18f2d7602a2309d4403f85861102128a56a80a5a0ccc1ea,217542d5530332fa474eddb67851aba2d430d93fd5b1e5bf2424ad92f4927252
source-identity-declaration-20260808T051008+0800-7cf99a5ed6b9,ZI-314e1e22c6f8101d223a88b5,DS-000166,候选数据文件,ETH,4小时;8小时;24小时;48小时,15分钟;1小时,未知,未知,未知,未知,未知,未知,未知,未知,未知,未登记,无,config/数据/来源身份声明补采.json#身份声明[],f9cf6f2a34762867a443c0a0366a7fd63f6eb254ce171133707efd3aa521c683,124c9805ad883e81114457ba70e09538f6482e40db071620d525d646cc62ca8e,425ef1f0e14d676b95f9708c9615aaf6c370601ce408f92ba11f2c193f0a3b6a,未知,b3a1fc5ec72ad95e258b584f936ad46befab951e0ee9e43eaa18179e34974387,无法判定,FILE_STAT_OBSERVED_IDENTITY_UNPROVEN,本批次只读；若声明、输入、Schema或授权漂移，既有结论自动失效并须追加新批次,未读取业务正文、价格、成交、订单簿、账户或凭据；身份字段不完整,为该成员提供当前版本九字段声明及逐字段Schema、授权和唯一证据定位后追加不可变批次,2d50c1344a835ceeb832796935182aeff80bb03cecc5465c8cf3aaccbd446acd,86129966e4bc55fac18f2d7602a2309d4403f85861102128a56a80a5a0ccc1ea,8025a668cdc64f9f111bef241b306f51759fea22bdb48b9be27cf02897e99a71
source-identity-declaration-20260808T051008+0800-7cf99a5ed6b9,ZI-5fd2b1e41bc22cd80f22c222,DS-000167,候选数据文件,ETH,4小时;8小时;24小时;48小时,15分钟;1小时,未知,未知,未知,未知,未知,未知,未知,未知,未知,未登记,无,config/数据/来源身份声明补采.json#身份声明[],f9cf6f2a34762867a443c0a0366a7fd63f6eb254ce171133707efd3aa521c683,21e4a941e92f073fd4e7b87229f307e3ce1d789f3cfef3dadf9038462b8a8c68,b32ca4def24cbf80869b56a463f100afc4c4670d4009b9a2d371aa974b0ffc46,未知,b3a1fc5ec72ad95e258b584f936ad46befab951e0ee9e43eaa18179e34974387,无法判定,FILE_STAT_OBSERVED_IDENTITY_UNPROVEN,本批次只读；若声明、输入、Schema或授权漂移，既有结论自动失效并须追加新批次,未读取业务正文、价格、成交、订单簿、账户或凭据；身份字段不完整,为该成员提供当前版本九字段声明及逐字段Schema、授权和唯一证据定位后追加不可变批次,2d50c1344a835ceeb832796935182aeff80bb03cecc5465c8cf3aaccbd446acd,86129966e4bc55fac18f2d7602a2309d4403f85861102128a56a80a5a0ccc1ea,c1f53d0dd59694006fb6243005e8fd3b7927b1c61114a6a99bd38902999dedcc
source-identity-declaration-20260808T051008+0800-7cf99a5ed6b9,ZI-89c2b7f24c75afde7f33de90,DS-000168,候选数据文件,ETH,4小时;8小时;24小时;48小时,15分钟;1小时,未知,未知,未知,未知,未知,未知,未知,未知,未知,未登记,无,config/数据/来源身份声明补采.json#身份声明[],f9cf6f2a34762867a443c0a0366a7fd63f6eb254ce171133707efd3aa521c683,f8a62a522dbf19d9f77ac41019b29e0d5926d40fae094dc88dac45931309b6fa,42a7765fe79270f5d9d9041bee0173687625331f6828a396ba51a9e0c7bd7a64,未知,b3a1fc5ec72ad95e258b584f936ad46befab951e0ee9e43eaa18179e34974387,无法判定,FILE_STAT_OBSERVED_IDENTITY_UNPROVEN,本批次只读；若声明、输入、Schema或授权漂移，既有结论自动失效并须追加新批次,未读取业务正文、价格、成交、订单簿、账户或凭据；身份字段不完整,为该成员提供当前版本九字段声明及逐字段Schema、授权和唯一证据定位后追加不可变批次,2d50c1344a835ceeb832796935182aeff80bb03cecc5465c8cf3aaccbd446acd,86129966e4bc55fac18f2d7602a2309d4403f85861102128a56a80a5a0ccc1ea,e42683840af44138361e001be3bd23106baf61848349d96271389c899f3e1407
source-identity-declaration-20260808T051008+0800-7cf99a5ed6b9,ZI-be12db97204165cc34d89468,DS-000169,候选数据文件,ETH,4小时;8小时;24小时;48小时,15分钟;1小时,未知,未知,未知,未知,未知,未知,未知,未知,未知,未登记,无,config/数据/来源身份声明补采.json#身份声明[],f9cf6f2a34762867a443c0a0366a7fd63f6eb254ce171133707efd3aa521c683,671abd7b1989a86c583e552837880726ae9a67b0aab16e05de13612a73d4ecdf,64140a4d03c3f2ce133bafa03730e3251680d29831565a5e34fb88aa4dbb47bd,未知,b3a1fc5ec72ad95e258b584f936ad46befab951e0ee9e43eaa18179e34974387,无法判定,FILE_STAT_OBSERVED_IDENTITY_UNPROVEN,本批次只读；若声明、输入、Schema或授权漂移，既有结论自动失效并须追加新批次,未读取业务正文、价格、成交、订单簿、账户或凭据；身份字段不完整,为该成员提供当前版本九字段声明及逐字段Schema、授权和唯一证据定位后追加不可变批次,2d50c1344a835ceeb832796935182aeff80bb03cecc5465c8cf3aaccbd446acd,86129966e4bc55fac18f2d7602a2309d4403f85861102128a56a80a5a0ccc1ea,70a14ce4fc96b494c48ec2528f56dd2186cf569406de9302abc09e278e870736
source-identity-declaration-20260808T051008+0800-7cf99a5ed6b9,ZI-7975e6ac233ceb6fe112822a,DS-000170,候选数据文件,ETH,4小时;8小时;24小时;48小时,15分钟;1小时,未知,未知,未知,未知,未知,未知,未知,未知,未知,未登记,无,config/数据/来源身份声明补采.json#身份声明[],f9cf6f2a34762867a443c0a0366a7fd63f6eb254ce171133707efd3aa521c683,9880223dc66afea86d19de7288fac597977eb9007513637dd141df6bbb558cf1,06c11f3ab701a0a19c9cabcb319024670f0e5b7b29d0f92693f2b4753cda4a41,未知,b3a1fc5ec72ad95e258b584f936ad46befab951e0ee9e43eaa18179e34974387,无法判定,FILE_STAT_OBSERVED_IDENTITY_UNPROVEN,本批次只读；若声明、输入、Schema或授权漂移，既有结论自动失效并须追加新批次,未读取业务正文、价格、成交、订单簿、账户或凭据；身份字段不完整,为该成员提供当前版本九字段声明及逐字段Schema、授权和唯一证据定位后追加不可变批次,2d50c1344a835ceeb832796935182aeff80bb03cecc5465c8cf3aaccbd446acd,86129966e4bc55fac18f2d7602a2309d4403f85861102128a56a80a5a0ccc1ea,59706b7ce9c9257aad67973bab2fc637115f26a35571f93aad98e716720fa13a
source-identity-declaration-20260808T051008+0800-7cf99a5ed6b9,ZI-8e1e251ad2644c622fe3251d,DS-000171,候选数据文件,ETH,4小时;8小时;24小时;48小时,15分钟;1小时,未知,未知,未知,未知,未知,未知,未知,未知,未知,未登记,无,config/数据/来源身份声明补采.json#身份声明[],f9cf6f2a34762867a443c0a0366a7fd63f6eb254ce171133707efd3aa521c683,bafa83fba181792f378cb580dcfa6120abaf40fd3a0e15b52ee8bb9850b1d7c1,67422e259cca1b04fc2e9b955c788220d84b86ba4a9a45f4535eb0ff03cdd0be,未知,b3a1fc5ec72ad95e258b584f936ad46befab951e0ee9e43eaa18179e34974387,无法判定,FILE_STAT_OBSERVED_IDENTITY_UNPROVEN,本批次只读；若声明、输入、Schema或授权漂移，既有结论自动失效并须追加新批次,未读取业务正文、价格、成交、订单簿、账户或凭据；身份字段不完整,为该成员提供当前版本九字段声明及逐字段Schema、授权和唯一证据定位后追加不可变批次,2d50c1344a835ceeb832796935182aeff80bb03cecc5465c8cf3aaccbd446acd,86129966e4bc55fac18f2d7602a2309d4403f85861102128a56a80a5a0ccc1ea,9689038a931a5c85a073ad83ef1e7656040e792ee59f180535655522c66e690a
source-identity-declaration-20260808T051008+0800-7cf99a5ed6b9,ZI-aa4e4e76bfed966005c708d6,DS-000172,候选数据文件,ETH,4小时;8小时;24小时;48小时,15分钟;1小时,未知,未知,未知,未知,未知,未知,未知,未知,未知,未登记,无,config/数据/来源身份声明补采.json#身份声明[],f9cf6f2a34762867a443c0a0366a7fd63f6eb254ce171133707efd3aa521c683,eb688bbf8774884808324cb917637b38b808edcce9636716f36c0c73a0bb1a70,d07e0a7ee6d5042ac739192da37870e05d496f400febfcedf4ebd8c4cf0d8d9f,未知,b3a1fc5ec72ad95e258b584f936ad46befab951e0ee9e43eaa18179e34974387,无法判定,FILE_STAT_OBSERVED_IDENTITY_UNPROVEN,本批次只读；若声明、输入、Schema或授权漂移，既有结论自动失效并须追加新批次,未读取业务正文、价格、成交、订单簿、账户或凭据；身份字段不完整,为该成员提供当前版本九字段声明及逐字段Schema、授权和唯一证据定位后追加不可变批次,2d50c1344a835ceeb832796935182aeff80bb03cecc5465c8cf3aaccbd446acd,86129966e4bc55fac18f2d7602a2309d4403f85861102128a56a80a5a0ccc1ea,c2c9c446e1aa4b08429d00d99bb34c012a45f62370657c2824fa6e946fcc7056
source-identity-declaration-20260808T051008+0800-7cf99a5ed6b9,ZI-69c85807fb109670f590ba46,DS-000173,候选数据文件,ETH,4小时;8小时;24小时;48小时,15分钟;1小时,未知,未知,未知,未知,未知,未知,未知,未知,未知,未登记,无,config/数据/来源身份声明补采.json#身份声明[],f9cf6f2a34762867a443c0a0366a7fd63f6eb254ce171133707efd3aa521c683,a06211053ef3792fd50827071a13e367103be5199d7b34c0e41b19e742bec238,57453db45728268e6923997ba51f41f2f867983d59daa2cf1670e949dfd12cf1,未知,b3a1fc5ec72ad95e258b584f936ad46befab951e0ee9e43eaa18179e34974387,无法判定,FILE_STAT_OBSERVED_IDENTITY_UNPROVEN,本批次只读；若声明、输入、Schema或授权漂移，既有结论自动失效并须追加新批次,未读取业务正文、价格、成交、订单簿、账户或凭据；身份字段不完整,为该成员提供当前版本九字段声明及逐字段Schema、授权和唯一证据定位后追加不可变批次,2d50c1344a835ceeb832796935182aeff80bb03cecc5465c8cf3aaccbd446acd,86129966e4bc55fac18f2d7602a2309d4403f85861102128a56a80a5a0ccc1ea,092ce41a8ff2db7cd91b49bcf43b7b133741bf16c53232f6656b6201d7bf497d
source-identity-declaration-20260808T051008+0800-7cf99a5ed6b9,ZI-0cb93df8f9f6ba3feaff5d8c,DS-000174,候选数据文件,ETH,4小时;8小时;24小时;48小时,15分钟;1小时,未知,未知,未知,未知,未知,未知,未知,未知,未知,未登记,无,config/数据/来源身份声明补采.json#身份声明[],f9cf6f2a34762867a443c0a0366a7fd63f6eb254ce171133707efd3aa521c683,24bff6b100446afade335ff88ab048b5c675d812f75e01549793cae7f257d97f,d4ed36abec68f8d6a67d789033c5008ec8584efd7056db02d58414f52cbaf72e,未知,b3a1fc5ec72ad95e258b584f936ad46befab951e0ee9e43eaa18179e34974387,无法判定,FILE_STAT_OBSERVED_IDENTITY_UNPROVEN,本批次只读；若声明、输入、Schema或授权漂移，既有结论自动失效并须追加新批次,未读取业务正文、价格、成交、订单簿、账户或凭据；身份字段不完整,为该成员提供当前版本九字段声明及逐字段Schema、授权和唯一证据定位后追加不可变批次,2d50c1344a835ceeb832796935182aeff80bb03cecc5465c8cf3aaccbd446acd,86129966e4bc55fac18f2d7602a2309d4403f85861102128a56a80a5a0ccc1ea,eeacbc652e78c6323961926b2161f21a5db25695475007d73a85570228e95490
source-identity-declaration-20260808T051008+0800-7cf99a5ed6b9,ZI-1e894fa6ac9c4d524bbba0ff,DS-000175,候选数据文件,ETH,4小时;8小时;24小时;48小时,15分钟;1小时,未知,未知,未知,未知,未知,未知,未知,未知,未知,未登记,无,config/数据/来源身份声明补采.json#身份声明[],f9cf6f2a34762867a443c0a0366a7fd63f6eb254ce171133707efd3aa521c683,e69a513ac7621ea835192801bdc3809e04d75239d3d02150790c2b4feb89c14f,c8ba328fe34ff33535d3e5978355d5522fa520e33a49751b7e6f92c955992068,未知,b3a1fc5ec72ad95e258b584f936ad46befab951e0ee9e43eaa18179e34974387,无法判定,FILE_STAT_OBSERVED_IDENTITY_UNPROVEN,本批次只读；若声明、输入、Schema或授权漂移，既有结论自动失效并须追加新批次,未读取业务正文、价格、成交、订单簿、账户或凭据；身份字段不完整,为该成员提供当前版本九字段声明及逐字段Schema、授权和唯一证据定位后追加不可变批次,2d50c1344a835ceeb832796935182aeff80bb03cecc5465c8cf3aaccbd446acd,86129966e4bc55fac18f2d7602a2309d4403f85861102128a56a80a5a0ccc1ea,6d343ba8d4e2ad887199bc5967ca0c6e7a597e42485475099483e8e265c9d828
source-identity-declaration-20260808T051008+0800-7cf99a5ed6b9,ZI-af99d154928fc1735d41f307,DS-000176,候选数据文件,ETH,4小时;8小时;24小时;48小时,15分钟;1小时,未知,未知,未知,未知,未知,未知,未知,未知,未知,未登记,无,config/数据/来源身份声明补采.json#身份声明[],f9cf6f2a34762867a443c0a0366a7fd63f6eb254ce171133707efd3aa521c683,90ebfb0f32228dabe4d3c3d6fffddbe5c46cd9db2008dc26dc4e6f6040d4413c,729406489518efc8a2e6bbe9d0e47b963e7efe3b72bf6ef8f768bc2937feab33,未知,b3a1fc5ec72ad95e258b584f936ad46befab951e0ee9e43eaa18179e34974387,无法判定,FILE_STAT_OBSERVED_IDENTITY_UNPROVEN,本批次只读；若声明、输入、Schema或授权漂移，既有结论自动失效并须追加新批次,未读取业务正文、价格、成交、订单簿、账户或凭据；身份字段不完整,为该成员提供当前版本九字段声明及逐字段Schema、授权和唯一证据定位后追加不可变批次,2d50c1344a835ceeb832796935182aeff80bb03cecc5465c8cf3aaccbd446acd,86129966e4bc55fac18f2d7602a2309d4403f85861102128a56a80a5a0ccc1ea,88cf457e6aa5d33acad871e70ca05088a1190317338433ba1d5084f90c66cac8
source-identity-declaration-20260808T051008+0800-7cf99a5ed6b9,ZI-e1863b4de9f4c6fe5fbefacd,DS-000177,候选数据文件,ETH,4小时;8小时;24小时;48小时,15分钟;1小时,未知,未知,未知,未知,未知,未知,未知,未知,未知,未登记,无,config/数据/来源身份声明补采.json#身份声明[],f9cf6f2a34762867a443c0a0366a7fd63f6eb254ce171133707efd3aa521c683,2f8df68ac997b3bf050617e476702d5c601fa659f1895ee84cfbf15371917e1d,c88b1c298da866175fb79b2194cec184630dc74a610af3dd76130301feebf889,未知,b3a1fc5ec72ad95e258b584f936ad46befab951e0ee9e43eaa18179e34974387,无法判定,FILE_STAT_OBSERVED_IDENTITY_UNPROVEN,本批次只读；若声明、输入、Schema或授权漂移，既有结论自动失效并须追加新批次,未读取业务正文、价格、成交、订单簿、账户或凭据；身份字段不完整,为该成员提供当前版本九字段声明及逐字段Schema、授权和唯一证据定位后追加不可变批次,2d50c1344a835ceeb832796935182aeff80bb03cecc5465c8cf3aaccbd446acd,86129966e4bc55fac18f2d7602a2309d4403f85861102128a56a80a5a0ccc1ea,e8e6bb68140948f00953688198e4c88f52d5046a555bcff3948699b9b6f9b4fa
source-identity-declaration-20260808T051008+0800-7cf99a5ed6b9,ZI-a286800bd49b9fd96217a223,DS-000178,候选数据文件,ETH,4小时;8小时;24小时;48小时,15分钟;1小时,未知,未知,未知,未知,未知,未知,未知,未知,未知,未登记,无,config/数据/来源身份声明补采.json#身份声明[],f9cf6f2a34762867a443c0a0366a7fd63f6eb254ce171133707efd3aa521c683,2be772033a825d5db28b7b4ec5e1ea9930f0b1b0b4d08440e6d7ea2e764aad5b,868cc6255be207b50f3bef0d42ed58c5b1b0b7238ad0b894444b9f915960ad72,未知,b3a1fc5ec72ad95e258b584f936ad46befab951e0ee9e43eaa18179e34974387,无法判定,FILE_STAT_OBSERVED_IDENTITY_UNPROVEN,本批次只读；若声明、输入、Schema或授权漂移，既有结论自动失效并须追加新批次,未读取业务正文、价格、成交、订单簿、账户或凭据；身份字段不完整,为该成员提供当前版本九字段声明及逐字段Schema、授权和唯一证据定位后追加不可变批次,2d50c1344a835ceeb832796935182aeff80bb03cecc5465c8cf3aaccbd446acd,86129966e4bc55fac18f2d7602a2309d4403f85861102128a56a80a5a0ccc1ea,770da640b3bb7fdfdf416ad6b69f11ceb2be36b00f98c25b3460d48719a650f6
source-identity-declaration-20260808T051008+0800-7cf99a5ed6b9,ZI-01df71cf5d15618f09165f09,DS-000179,候选数据文件,ETH,4小时;8小时;24小时;48小时,15分钟;1小时,未知,未知,未知,未知,未知,未知,未知,未知,未知,未登记,无,config/数据/来源身份声明补采.json#身份声明[],f9cf6f2a34762867a443c0a0366a7fd63f6eb254ce171133707efd3aa521c683,6bc774ebf31ea4bc26f9986dd2196dd92683949fa9b59523e75b9a8d0ed2bf93,ae134fd87eb325ff1438510798ed1539980091594d41393e5108d6130774c51f,未知,b3a1fc5ec72ad95e258b584f936ad46befab951e0ee9e43eaa18179e34974387,无法判定,FILE_STAT_OBSERVED_IDENTITY_UNPROVEN,本批次只读；若声明、输入、Schema或授权漂移，既有结论自动失效并须追加新批次,未读取业务正文、价格、成交、订单簿、账户或凭据；身份字段不完整,为该成员提供当前版本九字段声明及逐字段Schema、授权和唯一证据定位后追加不可变批次,2d50c1344a835ceeb832796935182aeff80bb03cecc5465c8cf3aaccbd446acd,86129966e4bc55fac18f2d7602a2309d4403f85861102128a56a80a5a0ccc1ea,f5abf690fa21a8e0c930e29b4438c8511f23fe3735fcfc632622ec556d54eaa6
source-identity-declaration-20260808T051008+0800-7cf99a5ed6b9,ZI-c994f122c5cb41e53208de1b,DS-000180,候选数据文件,ETH,4小时;8小时;24小时;48小时,15分钟;1小时,未知,未知,未知,未知,未知,未知,未知,未知,未知,未登记,无,config/数据/来源身份声明补采.json#身份声明[],f9cf6f2a34762867a443c0a0366a7fd63f6eb254ce171133707efd3aa521c683,b6118ed137c406348410af6e4eaeb8261a9eb3235fe2ad89f4ca2a4bea3b0a27,d0b28f9cd3ddf5e79fd34d751e829201730b794b2382c06b43f2f9472e56c758,未知,b3a1fc5ec72ad95e258b584f936ad46befab951e0ee9e43eaa18179e34974387,无法判定,FILE_STAT_OBSERVED_IDENTITY_UNPROVEN,本批次只读；若声明、输入、Schema或授权漂移，既有结论自动失效并须追加新批次,未读取业务正文、价格、成交、订单簿、账户或凭据；身份字段不完整,为该成员提供当前版本九字段声明及逐字段Schema、授权和唯一证据定位后追加不可变批次,2d50c1344a835ceeb832796935182aeff80bb03cecc5465c8cf3aaccbd446acd,86129966e4bc55fac18f2d7602a2309d4403f85861102128a56a80a5a0ccc1ea,b7c7a210ba04261be1328dc752a8a4ff944eaa27447f2dbe09ebda75e34d5181
source-identity-declaration-20260808T051008+0800-7cf99a5ed6b9,ZI-340aadc6892b72580d560fcc,DS-000181,候选数据文件,ETH,4小时;8小时;24小时;48小时,15分钟;1小时,未知,未知,未知,未知,未知,未知,未知,未知,未知,未登记,无,config/数据/来源身份声明补采.json#身份声明[],f9cf6f2a34762867a443c0a0366a7fd63f6eb254ce171133707efd3aa521c683,1fe6ac4a775c05280ed26b8f8853a6ac1a22125ef106286be954feedba32abf5,98cdcabb4d1ed830512e11ce47502ddfc451e75fc72e85453cc9675e01da5d66,未知,b3a1fc5ec72ad95e258b584f936ad46befab951e0ee9e43eaa18179e34974387,无法判定,FILE_STAT_OBSERVED_IDENTITY_UNPROVEN,本批次只读；若声明、输入、Schema或授权漂移，既有结论自动失效并须追加新批次,未读取业务正文、价格、成交、订单簿、账户或凭据；身份字段不完整,为该成员提供当前版本九字段声明及逐字段Schema、授权和唯一证据定位后追加不可变批次,2d50c1344a835ceeb832796935182aeff80bb03cecc5465c8cf3aaccbd446acd,86129966e4bc55fac18f2d7602a2309d4403f85861102128a56a80a5a0ccc1ea,f69a5aa92b9162acc7b74145ede22b62a02a5362f65a5c4e834f960277c16470
source-identity-declaration-20260808T051008+0800-7cf99a5ed6b9,ZI-27719327ee321959786a64cc,DS-000182,候选数据文件,ETH,4小时;8小时;24小时;48小时,15分钟;1小时,未知,未知,未知,未知,未知,未知,未知,未知,未知,未登记,无,config/数据/来源身份声明补采.json#身份声明[],f9cf6f2a34762867a443c0a0366a7fd63f6eb254ce171133707efd3aa521c683,a74ec65bcc7369875747ed975605f401086ff589062f54356d0d9950115c7de9,7113513395262e2987cab046620a1c487f95326b909b339facca75cc82a403e0,未知,b3a1fc5ec72ad95e258b584f936ad46befab951e0ee9e43eaa18179e34974387,无法判定,FILE_STAT_OBSERVED_IDENTITY_UNPROVEN,本批次只读；若声明、输入、Schema或授权漂移，既有结论自动失效并须追加新批次,未读取业务正文、价格、成交、订单簿、账户或凭据；身份字段不完整,为该成员提供当前版本九字段声明及逐字段Schema、授权和唯一证据定位后追加不可变批次,2d50c1344a835ceeb832796935182aeff80bb03cecc5465c8cf3aaccbd446acd,86129966e4bc55fac18f2d7602a2309d4403f85861102128a56a80a5a0ccc1ea,42b91c122ae49eb22dad3f5b9aa1d811145d2bf647d260b1bc2caaff8748f247
source-identity-declaration-20260808T051008+0800-7cf99a5ed6b9,ZI-66c7634266889e821b64a714,DS-000183,候选数据文件,ETH,4小时;8小时;24小时;48小时,15分钟;1小时,未知,未知,未知,未知,未知,未知,未知,未知,未知,未登记,无,config/数据/来源身份声明补采.json#身份声明[],f9cf6f2a34762867a443c0a0366a7fd63f6eb254ce171133707efd3aa521c683,5bd5cdb50b22e563541c34884cc493910fe803c5d4b9545de146de4b4433eedb,f139a1df28d33333f0b39af9df014fe4cb5dd89214d2c48a3c23b25ae134670e,未知,b3a1fc5ec72ad95e258b584f936ad46befab951e0ee9e43eaa18179e34974387,无法判定,FILE_STAT_OBSERVED_IDENTITY_UNPROVEN,本批次只读；若声明、输入、Schema或授权漂移，既有结论自动失效并须追加新批次,未读取业务正文、价格、成交、订单簿、账户或凭据；身份字段不完整,为该成员提供当前版本九字段声明及逐字段Schema、授权和唯一证据定位后追加不可变批次,2d50c1344a835ceeb832796935182aeff80bb03cecc5465c8cf3aaccbd446acd,86129966e4bc55fac18f2d7602a2309d4403f85861102128a56a80a5a0ccc1ea,4ac89971027cfb6452f4d4f4cbda3dbda398ea035ba5c5613d565d566259caba
source-identity-declaration-20260808T051008+0800-7cf99a5ed6b9,ZI-706a0d8698d18a257e6cf972,DS-000184,候选数据文件,ETH,4小时;8小时;24小时;48小时,15分钟;1小时,未知,未知,未知,未知,未知,未知,未知,未知,未知,未登记,无,config/数据/来源身份声明补采.json#身份声明[],f9cf6f2a34762867a443c0a0366a7fd63f6eb254ce171133707efd3aa521c683,ae7b53abea94ebb15ee07ac54328eacafce104a7821261b0f92cdc259136945c,5ed710c89dfdbcf20bfcf66dcfb0e5e218596b25f14526eb25ff80338b384b56,未知,b3a1fc5ec72ad95e258b584f936ad46befab951e0ee9e43eaa18179e34974387,无法判定,FILE_STAT_OBSERVED_IDENTITY_UNPROVEN,本批次只读；若声明、输入、Schema或授权漂移，既有结论自动失效并须追加新批次,未读取业务正文、价格、成交、订单簿、账户或凭据；身份字段不完整,为该成员提供当前版本九字段声明及逐字段Schema、授权和唯一证据定位后追加不可变批次,2d50c1344a835ceeb832796935182aeff80bb03cecc5465c8cf3aaccbd446acd,86129966e4bc55fac18f2d7602a2309d4403f85861102128a56a80a5a0ccc1ea,5a669e0ee0565617548b25ce0ef313eb8a5c7f70b486df919ca25eb4c0657e7f
source-identity-declaration-20260808T051008+0800-7cf99a5ed6b9,ZI-eed15514154813dbfce747b0,DS-000185,候选数据文件,ETH,4小时;8小时;24小时;48小时,15分钟;1小时,未知,未知,未知,未知,未知,未知,未知,未知,未知,未登记,无,config/数据/来源身份声明补采.json#身份声明[],f9cf6f2a34762867a443c0a0366a7fd63f6eb254ce171133707efd3aa521c683,fd66279f71275b9153fd72c7881ea8d8650bb18480b5b4455a1235907ffb7471,570eb1e78de5bd0018fc4de98f569482218371cb55641c1905836f5e63ceaab0,未知,b3a1fc5ec72ad95e258b584f936ad46befab951e0ee9e43eaa18179e34974387,无法判定,FILE_STAT_OBSERVED_IDENTITY_UNPROVEN,本批次只读；若声明、输入、Schema或授权漂移，既有结论自动失效并须追加新批次,未读取业务正文、价格、成交、订单簿、账户或凭据；身份字段不完整,为该成员提供当前版本九字段声明及逐字段Schema、授权和唯一证据定位后追加不可变批次,2d50c1344a835ceeb832796935182aeff80bb03cecc5465c8cf3aaccbd446acd,86129966e4bc55fac18f2d7602a2309d4403f85861102128a56a80a5a0ccc1ea,0194adff07be030d54a11fb7e0394ded52f947bf74356dee7f770087c72ce267
source-identity-declaration-20260808T051008+0800-7cf99a5ed6b9,ZI-b47b73f341ea052859c4a130,DS-000186,候选数据文件,ETH,4小时;8小时;24小时;48小时,15分钟;1小时,未知,未知,未知,未知,未知,未知,未知,未知,未知,未登记,无,config/数据/来源身份声明补采.json#身份声明[],f9cf6f2a34762867a443c0a0366a7fd63f6eb254ce171133707efd3aa521c683,b4d26c095ff3d7f2930ff2f9f61bb4c04c391bcc99501cadca68b3425f4cdb7b,bb1f5fcda00f6189c36164789480d9330bc6d0949a8660a41de850818eb76f14,未知,b3a1fc5ec72ad95e258b584f936ad46befab951e0ee9e43eaa18179e34974387,无法判定,FILE_STAT_OBSERVED_IDENTITY_UNPROVEN,本批次只读；若声明、输入、Schema或授权漂移，既有结论自动失效并须追加新批次,未读取业务正文、价格、成交、订单簿、账户或凭据；身份字段不完整,为该成员提供当前版本九字段声明及逐字段Schema、授权和唯一证据定位后追加不可变批次,2d50c1344a835ceeb832796935182aeff80bb03cecc5465c8cf3aaccbd446acd,86129966e4bc55fac18f2d7602a2309d4403f85861102128a56a80a5a0ccc1ea,68b12f2dd12a2e4483e0d805155f13eb918d770e301609cf51b49413717c9e69
source-identity-declaration-20260808T051008+0800-7cf99a5ed6b9,ZI-91b43df8a264ef34dad28279,DS-000187,候选数据文件,ETH,4小时;8小时;24小时;48小时,15分钟;1小时,未知,未知,未知,未知,未知,未知,未知,未知,未知,未登记,无,config/数据/来源身份声明补采.json#身份声明[],f9cf6f2a34762867a443c0a0366a7fd63f6eb254ce171133707efd3aa521c683,cd6f8b4d93a9e695c2be3af8f0481d412bf7bf2d88fea5ee90dbb3af5a1f185b,9ea6fe96398c6ec81d1318a8520bcf506671a9b78acfe62bb2137d256fdc931d,未知,b3a1fc5ec72ad95e258b584f936ad46befab951e0ee9e43eaa18179e34974387,无法判定,FILE_STAT_OBSERVED_IDENTITY_UNPROVEN,本批次只读；若声明、输入、Schema或授权漂移，既有结论自动失效并须追加新批次,未读取业务正文、价格、成交、订单簿、账户或凭据；身份字段不完整,为该成员提供当前版本九字段声明及逐字段Schema、授权和唯一证据定位后追加不可变批次,2d50c1344a835ceeb832796935182aeff80bb03cecc5465c8cf3aaccbd446acd,86129966e4bc55fac18f2d7602a2309d4403f85861102128a56a80a5a0ccc1ea,9ad0261d97755cf01e87761a5135dc67c9b286ed96b9203b0f28aa2e043ba002
source-identity-declaration-20260808T051008+0800-7cf99a5ed6b9,ZI-332d56aec4fb1f76945921fe,DS-000188,候选数据文件,ETH,4小时;8小时;24小时;48小时,15分钟;1小时,未知,未知,未知,未知,未知,未知,未知,未知,未知,未登记,无,config/数据/来源身份声明补采.json#身份声明[],f9cf6f2a34762867a443c0a0366a7fd63f6eb254ce171133707efd3aa521c683,7fd19c744dac05cbd7e434c721348638379f2dea6df0fc204c2eb68a78236231,a6ef6c13e5dfa6e533d59587d672c23b4cb334b2dd320fec2b6806f18f7aee8a,未知,b3a1fc5ec72ad95e258b584f936ad46befab951e0ee9e43eaa18179e34974387,无法判定,FILE_STAT_OBSERVED_IDENTITY_UNPROVEN,本批次只读；若声明、输入、Schema或授权漂移，既有结论自动失效并须追加新批次,未读取业务正文、价格、成交、订单簿、账户或凭据；身份字段不完整,为该成员提供当前版本九字段声明及逐字段Schema、授权和唯一证据定位后追加不可变批次,2d50c1344a835ceeb832796935182aeff80bb03cecc5465c8cf3aaccbd446acd,86129966e4bc55fac18f2d7602a2309d4403f85861102128a56a80a5a0ccc1ea,2af0ad73f7526b8a1bf79861a2cda3211ccd0a987c4711b9b96426154897c4d0
source-identity-declaration-20260808T051008+0800-7cf99a5ed6b9,ZI-7a08962d936d8d7723ae46e3,DS-000189,候选数据文件,ETH,4小时;8小时;24小时;48小时,15分钟;1小时,未知,未知,未知,未知,未知,未知,未知,未知,未知,未登记,无,config/数据/来源身份声明补采.json#身份声明[],f9cf6f2a34762867a443c0a0366a7fd63f6eb254ce171133707efd3aa521c683,339770b4561a39f6d7d39db2fb133c36bbde7bfa98b6314ed23504c848d49222,ba8c322723debba8f08e024821aa4c9a1bdc5bb11601148bcf19f8d6d20a1694,未知,b3a1fc5ec72ad95e258b584f936ad46befab951e0ee9e43eaa18179e34974387,无法判定,FILE_STAT_OBSERVED_IDENTITY_UNPROVEN,本批次只读；若声明、输入、Schema或授权漂移，既有结论自动失效并须追加新批次,未读取业务正文、价格、成交、订单簿、账户或凭据；身份字段不完整,为该成员提供当前版本九字段声明及逐字段Schema、授权和唯一证据定位后追加不可变批次,2d50c1344a835ceeb832796935182aeff80bb03cecc5465c8cf3aaccbd446acd,86129966e4bc55fac18f2d7602a2309d4403f85861102128a56a80a5a0ccc1ea,8fe7f904c83e293067b269e96e903b1110416409816e924c692d0f479707dbb9
source-identity-declaration-20260808T051008+0800-7cf99a5ed6b9,ZI-d471c3e2f14e8b04a88d102b,DS-000190,候选数据文件,ETH,4小时;8小时;24小时;48小时,15分钟;1小时,未知,未知,未知,未知,未知,未知,未知,未知,未知,未登记,无,config/数据/来源身份声明补采.json#身份声明[],f9cf6f2a34762867a443c0a0366a7fd63f6eb254ce171133707efd3aa521c683,d7136de17556a28b492a1af141d73c1758727a591f4bba3dc8153365fa742189,6910d8fb9d715d62d971c1cfa077b9d9fa6878068e36a51383cf7ea8b1029893,未知,b3a1fc5ec72ad95e258b584f936ad46befab951e0ee9e43eaa18179e34974387,无法判定,FILE_STAT_OBSERVED_IDENTITY_UNPROVEN,本批次只读；若声明、输入、Schema或授权漂移，既有结论自动失效并须追加新批次,未读取业务正文、价格、成交、订单簿、账户或凭据；身份字段不完整,为该成员提供当前版本九字段声明及逐字段Schema、授权和唯一证据定位后追加不可变批次,2d50c1344a835ceeb832796935182aeff80bb03cecc5465c8cf3aaccbd446acd,86129966e4bc55fac18f2d7602a2309d4403f85861102128a56a80a5a0ccc1ea,06f39b261927d377ef832df5a6c71d336fd53292c0ff3b1ca672581cccac0f81
source-identity-declaration-20260808T051008+0800-7cf99a5ed6b9,ZI-ca5f657cedbd2e1b8fd02244,DS-000191,候选数据文件,ETH,4小时;8小时;24小时;48小时,15分钟;1小时,未知,未知,未知,未知,未知,未知,未知,未知,未知,未登记,无,config/数据/来源身份声明补采.json#身份声明[],f9cf6f2a34762867a443c0a0366a7fd63f6eb254ce171133707efd3aa521c683,42e7dc84abcc5f0ad802d574fa1a6f66ab422df94f2e029e4500a429f58a7366,a6b1dc47dda80db635f0f368ac3187369b5d0284fe23effd561bbd0676e3d10d,未知,b3a1fc5ec72ad95e258b584f936ad46befab951e0ee9e43eaa18179e34974387,无法判定,FILE_STAT_OBSERVED_IDENTITY_UNPROVEN,本批次只读；若声明、输入、Schema或授权漂移，既有结论自动失效并须追加新批次,未读取业务正文、价格、成交、订单簿、账户或凭据；身份字段不完整,为该成员提供当前版本九字段声明及逐字段Schema、授权和唯一证据定位后追加不可变批次,2d50c1344a835ceeb832796935182aeff80bb03cecc5465c8cf3aaccbd446acd,86129966e4bc55fac18f2d7602a2309d4403f85861102128a56a80a5a0ccc1ea,ec69185f76f90de49aec1420ce64d91f414ce34a663f9c53f9a901af06c93bb4
source-identity-declaration-20260808T051008+0800-7cf99a5ed6b9,ZI-354ae6c4905e3db448577187,DS-000192,候选数据文件,ETH,4小时;8小时;24小时;48小时,15分钟;1小时,未知,未知,未知,未知,未知,未知,未知,未知,未知,未登记,无,config/数据/来源身份声明补采.json#身份声明[],f9cf6f2a34762867a443c0a0366a7fd63f6eb254ce171133707efd3aa521c683,0b63bbb25476f3c1a13d3453831e1a313715dd619c895cf6ee0995cac04a71b7,77ad296a05d96b45f6631486ce323785d01df717cae592199cc3e92b769d66cf,未知,b3a1fc5ec72ad95e258b584f936ad46befab951e0ee9e43eaa18179e34974387,拒绝,INPUT_MEMBER_REJECTED,本批次只读；若声明、输入、Schema或授权漂移，既有结论自动失效并须追加新批次,未读取业务正文、价格、成交、订单簿、账户或凭据；身份字段不完整,为该成员提供当前版本九字段声明及逐字段Schema、授权和唯一证据定位后追加不可变批次,2d50c1344a835ceeb832796935182aeff80bb03cecc5465c8cf3aaccbd446acd,86129966e4bc55fac18f2d7602a2309d4403f85861102128a56a80a5a0ccc1ea,b45ce01a91af2b3a3b14d750e49ff9856d369527e9528ee7f5aac0497517f23c
source-identity-declaration-20260808T051008+0800-7cf99a5ed6b9,ZI-d1bb187785d14529961e7f3f,DS-000193,候选数据文件,ETH,4小时;8小时;24小时;48小时,15分钟;1小时,未知,未知,未知,未知,未知,未知,未知,未知,未知,未登记,无,config/数据/来源身份声明补采.json#身份声明[],f9cf6f2a34762867a443c0a0366a7fd63f6eb254ce171133707efd3aa521c683,c7f0e941a62184b5da31ad822c95d8912302c67a9b7954a1cc0b890d47bdf708,ddc66db46b0a617e4c1399838801946648a6dfefbf0fa0906ff6e87d2b06898d,未知,b3a1fc5ec72ad95e258b584f936ad46befab951e0ee9e43eaa18179e34974387,无法判定,FILE_STAT_OBSERVED_IDENTITY_UNPROVEN,本批次只读；若声明、输入、Schema或授权漂移，既有结论自动失效并须追加新批次,未读取业务正文、价格、成交、订单簿、账户或凭据；身份字段不完整,为该成员提供当前版本九字段声明及逐字段Schema、授权和唯一证据定位后追加不可变批次,2d50c1344a835ceeb832796935182aeff80bb03cecc5465c8cf3aaccbd446acd,86129966e4bc55fac18f2d7602a2309d4403f85861102128a56a80a5a0ccc1ea,2a7b0c86620377806d74f1e9234c58068b659c144f5d1a3ffe4ac5ad09f1703d
source-identity-declaration-20260808T051008+0800-7cf99a5ed6b9,ZI-6f3802d826442d0412d2aa81,DS-000194,候选数据文件,ETH,4小时;8小时;24小时;48小时,15分钟;1小时,未知,未知,未知,未知,未知,未知,未知,未知,未知,未登记,无,config/数据/来源身份声明补采.json#身份声明[],f9cf6f2a34762867a443c0a0366a7fd63f6eb254ce171133707efd3aa521c683,62a9e8386448401b0df0012d85c2a2bee4cf6abfa56d187620f9414875fd792c,68eb28dee87640862574de295a45d8a098337bb45802223b841553864359bb56,未知,b3a1fc5ec72ad95e258b584f936ad46befab951e0ee9e43eaa18179e34974387,拒绝,INPUT_MEMBER_REJECTED,本批次只读；若声明、输入、Schema或授权漂移，既有结论自动失效并须追加新批次,未读取业务正文、价格、成交、订单簿、账户或凭据；身份字段不完整,为该成员提供当前版本九字段声明及逐字段Schema、授权和唯一证据定位后追加不可变批次,2d50c1344a835ceeb832796935182aeff80bb03cecc5465c8cf3aaccbd446acd,86129966e4bc55fac18f2d7602a2309d4403f85861102128a56a80a5a0ccc1ea,7da08479d0f92df89f6adee0e399e4cf6917a7f7f4f4b945c01a63c8bf76832d
source-identity-declaration-20260808T051008+0800-7cf99a5ed6b9,ZI-e1794e82c705701b73c83cb1,DS-000195,候选数据文件,ETH,4小时;8小时;24小时;48小时,15分钟;1小时,未知,未知,未知,未知,未知,未知,未知,未知,未知,未登记,无,config/数据/来源身份声明补采.json#身份声明[],f9cf6f2a34762867a443c0a0366a7fd63f6eb254ce171133707efd3aa521c683,9e8f5648706c28594bb13be22bf74a43c6685db3eb0af8963881d94c1fb33090,9e3df7fcde6a416c14ad2f3385cc8a95fb4a60267d036f9a4e620d68bff6d10f,未知,b3a1fc5ec72ad95e258b584f936ad46befab951e0ee9e43eaa18179e34974387,无法判定,FILE_STAT_OBSERVED_IDENTITY_UNPROVEN,本批次只读；若声明、输入、Schema或授权漂移，既有结论自动失效并须追加新批次,未读取业务正文、价格、成交、订单簿、账户或凭据；身份字段不完整,为该成员提供当前版本九字段声明及逐字段Schema、授权和唯一证据定位后追加不可变批次,2d50c1344a835ceeb832796935182aeff80bb03cecc5465c8cf3aaccbd446acd,86129966e4bc55fac18f2d7602a2309d4403f85861102128a56a80a5a0ccc1ea,210c333b7097104ce3a9c3c8553fbbdd1e924bd69acc17d14aae6f017af89e5c
source-identity-declaration-20260808T051008+0800-7cf99a5ed6b9,ZI-3f3df114d327035876c6e2c5,DS-000196,候选数据文件,ETH,4小时;8小时;24小时;48小时,15分钟;1小时,未知,未知,未知,未知,未知,未知,未知,未知,未知,未登记,无,config/数据/来源身份声明补采.json#身份声明[],f9cf6f2a34762867a443c0a0366a7fd63f6eb254ce171133707efd3aa521c683,3302ef2c1af90e5188fec4871d9bc2a0b2f9649c1b92196be6c3cd882676ce67,e6157d59b9196789cd25c9701501043bb00ef014649356a10e16259596fb4709,未知,b3a1fc5ec72ad95e258b584f936ad46befab951e0ee9e43eaa18179e34974387,无法判定,FILE_STAT_OBSERVED_IDENTITY_UNPROVEN,本批次只读；若声明、输入、Schema或授权漂移，既有结论自动失效并须追加新批次,未读取业务正文、价格、成交、订单簿、账户或凭据；身份字段不完整,为该成员提供当前版本九字段声明及逐字段Schema、授权和唯一证据定位后追加不可变批次,2d50c1344a835ceeb832796935182aeff80bb03cecc5465c8cf3aaccbd446acd,86129966e4bc55fac18f2d7602a2309d4403f85861102128a56a80a5a0ccc1ea,e77fcc4ff87161cf86bff1a330f71539da48b6c4034c20f93935be989063cfb6
source-identity-declaration-20260808T051008+0800-7cf99a5ed6b9,ZI-19137f1f87be3d200089316b,DS-000197,候选数据文件,ETH,4小时;8小时;24小时;48小时,15分钟;1小时,未知,未知,未知,未知,未知,未知,未知,未知,未知,未登记,无,config/数据/来源身份声明补采.json#身份声明[],f9cf6f2a34762867a443c0a0366a7fd63f6eb254ce171133707efd3aa521c683,bfc42bc0d8152ba416024f1c92821247641bfebdacf6b68020d7b23caf8bcf1d,a8a1fedf04743df7d4306f8ab802cc9f585ad95bb3a1859b581b08e07f21b491,未知,b3a1fc5ec72ad95e258b584f936ad46befab951e0ee9e43eaa18179e34974387,无法判定,FILE_STAT_OBSERVED_IDENTITY_UNPROVEN,本批次只读；若声明、输入、Schema或授权漂移，既有结论自动失效并须追加新批次,未读取业务正文、价格、成交、订单簿、账户或凭据；身份字段不完整,为该成员提供当前版本九字段声明及逐字段Schema、授权和唯一证据定位后追加不可变批次,2d50c1344a835ceeb832796935182aeff80bb03cecc5465c8cf3aaccbd446acd,86129966e4bc55fac18f2d7602a2309d4403f85861102128a56a80a5a0ccc1ea,21e6773804ee9dcda3c1cf8eaf965eef95c9b2b4bc3b5b1175eb562b78832ec3
source-identity-declaration-20260808T051008+0800-7cf99a5ed6b9,ZI-80af384d1f7e36ec07c65427,DS-000198,候选数据文件,ETH,4小时;8小时;24小时;48小时,15分钟;1小时,未知,未知,未知,未知,未知,未知,未知,未知,未知,未登记,无,config/数据/来源身份声明补采.json#身份声明[],f9cf6f2a34762867a443c0a0366a7fd63f6eb254ce171133707efd3aa521c683,e91a693c10215586182fb841338a4f6446ac050e791e472e1cf048244d99abd4,8dcbf3ed5b60fa730bdf830643d41a04e45e08e42af3c50b780c3bff6cf54e55,未知,b3a1fc5ec72ad95e258b584f936ad46befab951e0ee9e43eaa18179e34974387,无法判定,FILE_STAT_OBSERVED_IDENTITY_UNPROVEN,本批次只读；若声明、输入、Schema或授权漂移，既有结论自动失效并须追加新批次,未读取业务正文、价格、成交、订单簿、账户或凭据；身份字段不完整,为该成员提供当前版本九字段声明及逐字段Schema、授权和唯一证据定位后追加不可变批次,2d50c1344a835ceeb832796935182aeff80bb03cecc5465c8cf3aaccbd446acd,86129966e4bc55fac18f2d7602a2309d4403f85861102128a56a80a5a0ccc1ea,221a22dd7a44178373a1beea437e22cb51a1616e5c839d0f881c4594e49feb8a
source-identity-declaration-20260808T051008+0800-7cf99a5ed6b9,ZI-5b12f1080c2c2012be1a896a,DS-000199,候选数据文件,ETH,4小时;8小时;24小时;48小时,15分钟;1小时,未知,未知,未知,未知,未知,未知,未知,未知,未知,未登记,无,config/数据/来源身份声明补采.json#身份声明[],f9cf6f2a34762867a443c0a0366a7fd63f6eb254ce171133707efd3aa521c683,9b483598e61c912f16425f2781345539481dc82d607aac2cba73462d89bd674b,72b527c4562ab1d34e9c9be2a4cfceffb42758e4fbf892ad7e8c0a54baab42de,未知,b3a1fc5ec72ad95e258b584f936ad46befab951e0ee9e43eaa18179e34974387,无法判定,FILE_STAT_OBSERVED_IDENTITY_UNPROVEN,本批次只读；若声明、输入、Schema或授权漂移，既有结论自动失效并须追加新批次,未读取业务正文、价格、成交、订单簿、账户或凭据；身份字段不完整,为该成员提供当前版本九字段声明及逐字段Schema、授权和唯一证据定位后追加不可变批次,2d50c1344a835ceeb832796935182aeff80bb03cecc5465c8cf3aaccbd446acd,86129966e4bc55fac18f2d7602a2309d4403f85861102128a56a80a5a0ccc1ea,e72bcb9e93f9d99aecb7db589cea4cd369e488a2274e09171433c6f341e12a0c
source-identity-declaration-20260808T051008+0800-7cf99a5ed6b9,ZI-e77ad70ccd2cdeb42c394004,DS-000200,候选数据文件,ETH,4小时;8小时;24小时;48小时,15分钟;1小时,未知,未知,未知,未知,未知,未知,未知,未知,未知,未登记,无,config/数据/来源身份声明补采.json#身份声明[],f9cf6f2a34762867a443c0a0366a7fd63f6eb254ce171133707efd3aa521c683,e80dcd17c2945c774e10bbdd99ee8807d9c0889a7aa945dff67b835761d325e1,4aa53dfec9df9610da8d7bfc3d66440053ecefc2015c01103d66bb3378abc3c8,未知,b3a1fc5ec72ad95e258b584f936ad46befab951e0ee9e43eaa18179e34974387,无法判定,FILE_STAT_OBSERVED_IDENTITY_UNPROVEN,本批次只读；若声明、输入、Schema或授权漂移，既有结论自动失效并须追加新批次,未读取业务正文、价格、成交、订单簿、账户或凭据；身份字段不完整,为该成员提供当前版本九字段声明及逐字段Schema、授权和唯一证据定位后追加不可变批次,2d50c1344a835ceeb832796935182aeff80bb03cecc5465c8cf3aaccbd446acd,86129966e4bc55fac18f2d7602a2309d4403f85861102128a56a80a5a0ccc1ea,f74ba71ce83099c6ddc2003778c83df5794e438b14d60fcc95fd85e4a6c90f4f
source-identity-declaration-20260808T051008+0800-7cf99a5ed6b9,ZI-e5c1417e81aca9c453033647,DS-000201,候选数据文件,ETH,4小时;8小时;24小时;48小时,15分钟;1小时,未知,未知,未知,未知,未知,未知,未知,未知,未知,未登记,无,config/数据/来源身份声明补采.json#身份声明[],f9cf6f2a34762867a443c0a0366a7fd63f6eb254ce171133707efd3aa521c683,49981dce25f37ed42652b06b919f6933838ff3f5dde0c19b596d799b6865cebd,3891e003c78725e69f75c68b81d1f532b40cf91154ae84eb4f5284cf56ba3099,未知,b3a1fc5ec72ad95e258b584f936ad46befab951e0ee9e43eaa18179e34974387,无法判定,FILE_STAT_OBSERVED_IDENTITY_UNPROVEN,本批次只读；若声明、输入、Schema或授权漂移，既有结论自动失效并须追加新批次,未读取业务正文、价格、成交、订单簿、账户或凭据；身份字段不完整,为该成员提供当前版本九字段声明及逐字段Schema、授权和唯一证据定位后追加不可变批次,2d50c1344a835ceeb832796935182aeff80bb03cecc5465c8cf3aaccbd446acd,86129966e4bc55fac18f2d7602a2309d4403f85861102128a56a80a5a0ccc1ea,6fc7da96bc1491428ef7f031f43f9d7e59e70dbacfd76d99a9289d89885aedf4
source-identity-declaration-20260808T051008+0800-7cf99a5ed6b9,ZI-d66834912672a4e2529dbcd7,DS-000202,候选数据文件,ETH,4小时;8小时;24小时;48小时,15分钟;1小时,未知,未知,未知,未知,未知,未知,未知,未知,未知,未登记,无,config/数据/来源身份声明补采.json#身份声明[],f9cf6f2a34762867a443c0a0366a7fd63f6eb254ce171133707efd3aa521c683,af6c149cc7e8aff483d571b31555d0d079734bd55eb11d9cf2e19fa32a765aca,a7e41a97d340e7df672e7bb9bfcd0e7d0a623cb69e7afd0812205373ddd5899d,未知,b3a1fc5ec72ad95e258b584f936ad46befab951e0ee9e43eaa18179e34974387,无法判定,FILE_STAT_OBSERVED_IDENTITY_UNPROVEN,本批次只读；若声明、输入、Schema或授权漂移，既有结论自动失效并须追加新批次,未读取业务正文、价格、成交、订单簿、账户或凭据；身份字段不完整,为该成员提供当前版本九字段声明及逐字段Schema、授权和唯一证据定位后追加不可变批次,2d50c1344a835ceeb832796935182aeff80bb03cecc5465c8cf3aaccbd446acd,86129966e4bc55fac18f2d7602a2309d4403f85861102128a56a80a5a0ccc1ea,4624f983d7106ecb8b8574f5390fa39a695e4161e2c46311426bfe8a825c3c19
source-identity-declaration-20260808T051008+0800-7cf99a5ed6b9,ZI-0ac78046b4728bc089499fc7,DS-000203,候选数据文件,ETH,4小时;8小时;24小时;48小时,15分钟;1小时,未知,未知,未知,未知,未知,未知,未知,未知,未知,未登记,无,config/数据/来源身份声明补采.json#身份声明[],f9cf6f2a34762867a443c0a0366a7fd63f6eb254ce171133707efd3aa521c683,4dcd4726cf5e37a543aed51c650186f864a264324396a79ba6fc6702b04aca60,47c0fd0e195494b87d8be0540fbe1d2a7d7acc231f4b421c98d23d7b224c315d,未知,b3a1fc5ec72ad95e258b584f936ad46befab951e0ee9e43eaa18179e34974387,无法判定,FILE_STAT_OBSERVED_IDENTITY_UNPROVEN,本批次只读；若声明、输入、Schema或授权漂移，既有结论自动失效并须追加新批次,未读取业务正文、价格、成交、订单簿、账户或凭据；身份字段不完整,为该成员提供当前版本九字段声明及逐字段Schema、授权和唯一证据定位后追加不可变批次,2d50c1344a835ceeb832796935182aeff80bb03cecc5465c8cf3aaccbd446acd,86129966e4bc55fac18f2d7602a2309d4403f85861102128a56a80a5a0ccc1ea,7565ce8c5debb391c93acb1de59294a4a323eac3ca07b940a2853e39c025c230
source-identity-declaration-20260808T051008+0800-7cf99a5ed6b9,ZI-e3f8d3f88205af4edaf439ef,DS-000204,候选数据文件,ETH,4小时;8小时;24小时;48小时,15分钟;1小时,未知,未知,未知,未知,未知,未知,未知,未知,未知,未登记,无,config/数据/来源身份声明补采.json#身份声明[],f9cf6f2a34762867a443c0a0366a7fd63f6eb254ce171133707efd3aa521c683,60e872660b08823c99e2e04926f5c739275e934bce8e6799ed48f867fc114da3,d78f1937dcd6fe7103be51d4bff7c53a455ad468113fde974e5b718883ef45f3,未知,b3a1fc5ec72ad95e258b584f936ad46befab951e0ee9e43eaa18179e34974387,无法判定,FILE_STAT_OBSERVED_IDENTITY_UNPROVEN,本批次只读；若声明、输入、Schema或授权漂移，既有结论自动失效并须追加新批次,未读取业务正文、价格、成交、订单簿、账户或凭据；身份字段不完整,为该成员提供当前版本九字段声明及逐字段Schema、授权和唯一证据定位后追加不可变批次,2d50c1344a835ceeb832796935182aeff80bb03cecc5465c8cf3aaccbd446acd,86129966e4bc55fac18f2d7602a2309d4403f85861102128a56a80a5a0ccc1ea,000a39d64fe94cffc994acf757e079c7d3c3874b634fda5a10f1c59f168ba06f
source-identity-declaration-20260808T051008+0800-7cf99a5ed6b9,ZI-dc9e6a5027261094522801f5,DS-000205,候选数据文件,ETH,4小时;8小时;24小时;48小时,15分钟;1小时,未知,未知,未知,未知,未知,未知,未知,未知,未知,未登记,无,config/数据/来源身份声明补采.json#身份声明[],f9cf6f2a34762867a443c0a0366a7fd63f6eb254ce171133707efd3aa521c683,357e287ee3ae9a9b3f35b6b4e036478848a3cb3659bc68f18d20dfc26f7fd580,d22196b16c3edaa28138846ff39a68c88f5c0c40804d6f69d0f0652d9b0963d8,未知,b3a1fc5ec72ad95e258b584f936ad46befab951e0ee9e43eaa18179e34974387,无法判定,FILE_STAT_OBSERVED_IDENTITY_UNPROVEN,本批次只读；若声明、输入、Schema或授权漂移，既有结论自动失效并须追加新批次,未读取业务正文、价格、成交、订单簿、账户或凭据；身份字段不完整,为该成员提供当前版本九字段声明及逐字段Schema、授权和唯一证据定位后追加不可变批次,2d50c1344a835ceeb832796935182aeff80bb03cecc5465c8cf3aaccbd446acd,86129966e4bc55fac18f2d7602a2309d4403f85861102128a56a80a5a0ccc1ea,5029efe579c3978354118c16b0db754ae93d4e38c4a653801007452c95dcc0b8
source-identity-declaration-20260808T051008+0800-7cf99a5ed6b9,ZI-39e668d49c271470ea63fde5,DS-000206,候选数据文件,ETH,4小时;8小时;24小时;48小时,15分钟;1小时,未知,未知,未知,未知,未知,未知,未知,未知,未知,未登记,无,config/数据/来源身份声明补采.json#身份声明[],f9cf6f2a34762867a443c0a0366a7fd63f6eb254ce171133707efd3aa521c683,4cd28c8e4c99a20a90332d2c80d3b371450fd362414938588e0d0de5ad3840d2,acfd9a96ff1bb4381dbfeccf8158f1936393dc5173ba8038529e3364f7c7a171,未知,b3a1fc5ec72ad95e258b584f936ad46befab951e0ee9e43eaa18179e34974387,无法判定,FILE_STAT_OBSERVED_IDENTITY_UNPROVEN,本批次只读；若声明、输入、Schema或授权漂移，既有结论自动失效并须追加新批次,未读取业务正文、价格、成交、订单簿、账户或凭据；身份字段不完整,为该成员提供当前版本九字段声明及逐字段Schema、授权和唯一证据定位后追加不可变批次,2d50c1344a835ceeb832796935182aeff80bb03cecc5465c8cf3aaccbd446acd,86129966e4bc55fac18f2d7602a2309d4403f85861102128a56a80a5a0ccc1ea,9be67d96f7389f469330b35f4ea8db101d8ec512e4e813faf3c4971c07dc258d
source-identity-declaration-20260808T051008+0800-7cf99a5ed6b9,ZI-e6336b5c74a9200b20bce7e1,DS-000207,候选数据文件,ETH,4小时;8小时;24小时;48小时,15分钟;1小时,未知,未知,未知,未知,未知,未知,未知,未知,未知,未登记,无,config/数据/来源身份声明补采.json#身份声明[],f9cf6f2a34762867a443c0a0366a7fd63f6eb254ce171133707efd3aa521c683,2862c9267898c9d6737d4fc1b5ced6613c04c9e243fb77d4d93db30b2e8f8ad8,81ed54bcab59ed60f0262b4a4365e8bbb4c5475811bcb229bedb2e58498d371d,未知,b3a1fc5ec72ad95e258b584f936ad46befab951e0ee9e43eaa18179e34974387,无法判定,FILE_STAT_OBSERVED_IDENTITY_UNPROVEN,本批次只读；若声明、输入、Schema或授权漂移，既有结论自动失效并须追加新批次,未读取业务正文、价格、成交、订单簿、账户或凭据；身份字段不完整,为该成员提供当前版本九字段声明及逐字段Schema、授权和唯一证据定位后追加不可变批次,2d50c1344a835ceeb832796935182aeff80bb03cecc5465c8cf3aaccbd446acd,86129966e4bc55fac18f2d7602a2309d4403f85861102128a56a80a5a0ccc1ea,7390d40407c9deeab526593f4e8f154a7d781dc3e8808015e21846c8ad36ac44
source-identity-declaration-20260808T051008+0800-7cf99a5ed6b9,ZI-67bf3674d8c4e2d9f884e729,DS-000208,候选数据文件,ETH,4小时;8小时;24小时;48小时,15分钟;1小时,未知,未知,未知,未知,未知,未知,未知,未知,未知,未登记,无,config/数据/来源身份声明补采.json#身份声明[],f9cf6f2a34762867a443c0a0366a7fd63f6eb254ce171133707efd3aa521c683,fe9e7608a4eb061f5652be539fe800c731c30c5e369f84a49850cf73b997ae50,9b84f87a1dedc394f11562511ac0593d3698ba920f79e13b925545e9b7477423,未知,b3a1fc5ec72ad95e258b584f936ad46befab951e0ee9e43eaa18179e34974387,无法判定,FILE_STAT_OBSERVED_IDENTITY_UNPROVEN,本批次只读；若声明、输入、Schema或授权漂移，既有结论自动失效并须追加新批次,未读取业务正文、价格、成交、订单簿、账户或凭据；身份字段不完整,为该成员提供当前版本九字段声明及逐字段Schema、授权和唯一证据定位后追加不可变批次,2d50c1344a835ceeb832796935182aeff80bb03cecc5465c8cf3aaccbd446acd,86129966e4bc55fac18f2d7602a2309d4403f85861102128a56a80a5a0ccc1ea,bfa1b5440de02b3fdde71a23621381c0a6e8d18220a991e907ece1bc3f272e25
source-identity-declaration-20260808T051008+0800-7cf99a5ed6b9,ZI-bf318ff33e056cae7780888f,DS-000209,候选数据文件,ETH,4小时;8小时;24小时;48小时,15分钟;1小时,未知,未知,未知,未知,未知,未知,未知,未知,未知,未登记,无,config/数据/来源身份声明补采.json#身份声明[],f9cf6f2a34762867a443c0a0366a7fd63f6eb254ce171133707efd3aa521c683,2d90d65ec9a02a4e23e09313281406cd378c2eaadb3a19a9f1c4ba89d57b523a,16a1140e39ad3c51a489be6106c8ba9593779ed971fa88b4d8aceb3f4623b45a,未知,b3a1fc5ec72ad95e258b584f936ad46befab951e0ee9e43eaa18179e34974387,无法判定,FILE_STAT_OBSERVED_IDENTITY_UNPROVEN,本批次只读；若声明、输入、Schema或授权漂移，既有结论自动失效并须追加新批次,未读取业务正文、价格、成交、订单簿、账户或凭据；身份字段不完整,为该成员提供当前版本九字段声明及逐字段Schema、授权和唯一证据定位后追加不可变批次,2d50c1344a835ceeb832796935182aeff80bb03cecc5465c8cf3aaccbd446acd,86129966e4bc55fac18f2d7602a2309d4403f85861102128a56a80a5a0ccc1ea,7cc2f95fc04654dbdb4a3740a54e8c37cd781c00ad309394707a2d5c19afc745
source-identity-declaration-20260808T051008+0800-7cf99a5ed6b9,ZI-9bf3456766012c7fa289b73a,DS-000210,候选数据文件,ETH,4小时;8小时;24小时;48小时,15分钟;1小时,未知,未知,未知,未知,未知,未知,未知,未知,未知,未登记,无,config/数据/来源身份声明补采.json#身份声明[],f9cf6f2a34762867a443c0a0366a7fd63f6eb254ce171133707efd3aa521c683,1673f3d2d5e26882002c3ff908463abce1fdfb4a795443a152f6b85a43fb3f07,e4628d31187ff75bd98b22dd5047c3aea0e8e096324d40cda8f35094b30c9013,未知,b3a1fc5ec72ad95e258b584f936ad46befab951e0ee9e43eaa18179e34974387,无法判定,FILE_STAT_OBSERVED_IDENTITY_UNPROVEN,本批次只读；若声明、输入、Schema或授权漂移，既有结论自动失效并须追加新批次,未读取业务正文、价格、成交、订单簿、账户或凭据；身份字段不完整,为该成员提供当前版本九字段声明及逐字段Schema、授权和唯一证据定位后追加不可变批次,2d50c1344a835ceeb832796935182aeff80bb03cecc5465c8cf3aaccbd446acd,86129966e4bc55fac18f2d7602a2309d4403f85861102128a56a80a5a0ccc1ea,c8a1cb624730f6ccf771b06e8b56032967df7a772daf2c6ba83ce91ef977cf5c
source-identity-declaration-20260808T051008+0800-7cf99a5ed6b9,ZI-bf36c5f09b92ec27587054c0,DS-000211,候选数据文件,ETH,4小时;8小时;24小时;48小时,15分钟;1小时,未知,未知,未知,未知,未知,未知,未知,未知,未知,未登记,无,config/数据/来源身份声明补采.json#身份声明[],f9cf6f2a34762867a443c0a0366a7fd63f6eb254ce171133707efd3aa521c683,1f7e7cf555344a7206d8962dde3c7fb9c95f36713b307b7c1e758ad6556bd5a8,a1c268d08407573cface32bceab6379292b01d0579981f5df06ccede609d20a1,未知,b3a1fc5ec72ad95e258b584f936ad46befab951e0ee9e43eaa18179e34974387,无法判定,FILE_STAT_OBSERVED_IDENTITY_UNPROVEN,本批次只读；若声明、输入、Schema或授权漂移，既有结论自动失效并须追加新批次,未读取业务正文、价格、成交、订单簿、账户或凭据；身份字段不完整,为该成员提供当前版本九字段声明及逐字段Schema、授权和唯一证据定位后追加不可变批次,2d50c1344a835ceeb832796935182aeff80bb03cecc5465c8cf3aaccbd446acd,86129966e4bc55fac18f2d7602a2309d4403f85861102128a56a80a5a0ccc1ea,adc71e333193ca499e3b076fc7916f7a16c907d4d7612c6d46fbb08757a3ca9c
source-identity-declaration-20260808T051008+0800-7cf99a5ed6b9,ZI-3e5b6d24bf74d09e00f206d2,DS-000212,候选数据文件,ETH,4小时;8小时;24小时;48小时,15分钟;1小时,未知,未知,未知,未知,未知,未知,未知,未知,未知,未登记,无,config/数据/来源身份声明补采.json#身份声明[],f9cf6f2a34762867a443c0a0366a7fd63f6eb254ce171133707efd3aa521c683,d8c78a0148f6abdd19f4a621d6c52ca485dd38012b2c028f70904050efa3275d,37596e6844008a9aa7ff046e5fbdcb00e924cf146b6fe95fbb2822dda3b97dd0,未知,b3a1fc5ec72ad95e258b584f936ad46befab951e0ee9e43eaa18179e34974387,无法判定,FILE_STAT_OBSERVED_IDENTITY_UNPROVEN,本批次只读；若声明、输入、Schema或授权漂移，既有结论自动失效并须追加新批次,未读取业务正文、价格、成交、订单簿、账户或凭据；身份字段不完整,为该成员提供当前版本九字段声明及逐字段Schema、授权和唯一证据定位后追加不可变批次,2d50c1344a835ceeb832796935182aeff80bb03cecc5465c8cf3aaccbd446acd,86129966e4bc55fac18f2d7602a2309d4403f85861102128a56a80a5a0ccc1ea,7fc45eb4cc78368c52126d91818a87b441099ab4da0815cacafd62b97589ce42
source-identity-declaration-20260808T051008+0800-7cf99a5ed6b9,ZI-a63d16fb4ec4d09959677754,DS-000213,候选数据文件,ETH,4小时;8小时;24小时;48小时,15分钟;1小时,未知,未知,未知,未知,未知,未知,未知,未知,未知,未登记,无,config/数据/来源身份声明补采.json#身份声明[],f9cf6f2a34762867a443c0a0366a7fd63f6eb254ce171133707efd3aa521c683,49da7771a94025e16bceaf06d99d368bb69fc9f0b30773ef78fd195b2647f3cc,d89240428d281b5dfce7b304dbee0ea74ded4f6e36cfa826a995d02f960d1345,未知,b3a1fc5ec72ad95e258b584f936ad46befab951e0ee9e43eaa18179e34974387,无法判定,FILE_STAT_OBSERVED_IDENTITY_UNPROVEN,本批次只读；若声明、输入、Schema或授权漂移，既有结论自动失效并须追加新批次,未读取业务正文、价格、成交、订单簿、账户或凭据；身份字段不完整,为该成员提供当前版本九字段声明及逐字段Schema、授权和唯一证据定位后追加不可变批次,2d50c1344a835ceeb832796935182aeff80bb03cecc5465c8cf3aaccbd446acd,86129966e4bc55fac18f2d7602a2309d4403f85861102128a56a80a5a0ccc1ea,146ec57e5e33376189db5edb62ddd29a4b82f23958765f3b213ebf064c06d144
source-identity-declaration-20260808T051008+0800-7cf99a5ed6b9,ZI-46ace9e7b562d73bf90102ac,DS-000214,候选数据文件,ETH,4小时;8小时;24小时;48小时,15分钟;1小时,未知,未知,未知,未知,未知,未知,未知,未知,未知,未登记,无,config/数据/来源身份声明补采.json#身份声明[],f9cf6f2a34762867a443c0a0366a7fd63f6eb254ce171133707efd3aa521c683,4b7ef458a831e58978149d25819f70ca44d5a7ab56c24620e2b5e199ddfa8457,138c8152fe7932c04516a7547f92731a5d1a3889fa6a5f2311da04ff6aa7b016,未知,b3a1fc5ec72ad95e258b584f936ad46befab951e0ee9e43eaa18179e34974387,无法判定,FILE_STAT_OBSERVED_IDENTITY_UNPROVEN,本批次只读；若声明、输入、Schema或授权漂移，既有结论自动失效并须追加新批次,未读取业务正文、价格、成交、订单簿、账户或凭据；身份字段不完整,为该成员提供当前版本九字段声明及逐字段Schema、授权和唯一证据定位后追加不可变批次,2d50c1344a835ceeb832796935182aeff80bb03cecc5465c8cf3aaccbd446acd,86129966e4bc55fac18f2d7602a2309d4403f85861102128a56a80a5a0ccc1ea,382fdccc0f88af23b135f50ce3d5b6009120d24ce825e5f76f8861cf27e7a5ff
source-identity-declaration-20260808T051008+0800-7cf99a5ed6b9,ZI-4bf648fae65088717c965e1f,DS-000215,候选数据文件,ETH,4小时;8小时;24小时;48小时,15分钟;1小时,未知,未知,未知,未知,未知,未知,未知,未知,未知,未登记,无,config/数据/来源身份声明补采.json#身份声明[],f9cf6f2a34762867a443c0a0366a7fd63f6eb254ce171133707efd3aa521c683,c8e071231ebbdfc3fd675eb141e1efc29ba7a13e91e9254f9c3cc1ef9495c2c2,7230b1aa75860eaded6c148481fe00881d2ec25cc8ba7a9a50d7cbc899a4985a,未知,b3a1fc5ec72ad95e258b584f936ad46befab951e0ee9e43eaa18179e34974387,无法判定,FILE_STAT_OBSERVED_IDENTITY_UNPROVEN,本批次只读；若声明、输入、Schema或授权漂移，既有结论自动失效并须追加新批次,未读取业务正文、价格、成交、订单簿、账户或凭据；身份字段不完整,为该成员提供当前版本九字段声明及逐字段Schema、授权和唯一证据定位后追加不可变批次,2d50c1344a835ceeb832796935182aeff80bb03cecc5465c8cf3aaccbd446acd,86129966e4bc55fac18f2d7602a2309d4403f85861102128a56a80a5a0ccc1ea,af0c89fed05a554a651b3966ac2c32f77047b91ac515cba1905a8257af486640
source-identity-declaration-20260808T051008+0800-7cf99a5ed6b9,ZI-aa7e8af4e975d61b2ca3fb4f,DS-000216,候选数据文件,ETH,4小时;8小时;24小时;48小时,15分钟;1小时,未知,未知,未知,未知,未知,未知,未知,未知,未知,未登记,无,config/数据/来源身份声明补采.json#身份声明[],f9cf6f2a34762867a443c0a0366a7fd63f6eb254ce171133707efd3aa521c683,17cb50cc3c65f508fb921ef26b8f5306a43dab9610337cf613631b5df89e8e5d,6627553473a3965b483ccc0f8839a72133b53c3c91b720d46d5d7031c81fe67c,未知,b3a1fc5ec72ad95e258b584f936ad46befab951e0ee9e43eaa18179e34974387,无法判定,FILE_STAT_OBSERVED_IDENTITY_UNPROVEN,本批次只读；若声明、输入、Schema或授权漂移，既有结论自动失效并须追加新批次,未读取业务正文、价格、成交、订单簿、账户或凭据；身份字段不完整,为该成员提供当前版本九字段声明及逐字段Schema、授权和唯一证据定位后追加不可变批次,2d50c1344a835ceeb832796935182aeff80bb03cecc5465c8cf3aaccbd446acd,86129966e4bc55fac18f2d7602a2309d4403f85861102128a56a80a5a0ccc1ea,c53802a1f5a1fb5208d9fdce0773b65cd8981213258a96e6d1c357bc8dc7b671
source-identity-declaration-20260808T051008+0800-7cf99a5ed6b9,ZI-87449cb81b7b3a3b8f7d3eab,DS-000217,候选数据文件,ETH,4小时;8小时;24小时;48小时,15分钟;1小时,未知,未知,未知,未知,未知,未知,未知,未知,未知,未登记,无,config/数据/来源身份声明补采.json#身份声明[],f9cf6f2a34762867a443c0a0366a7fd63f6eb254ce171133707efd3aa521c683,0bdc7a67f1bbd727ffffcd809c382cb521892eb214a2a1049dd5fd9704b3ce31,9e3df7fcde6a416c14ad2f3385cc8a95fb4a60267d036f9a4e620d68bff6d10f,未知,b3a1fc5ec72ad95e258b584f936ad46befab951e0ee9e43eaa18179e34974387,无法判定,FILE_STAT_OBSERVED_IDENTITY_UNPROVEN,本批次只读；若声明、输入、Schema或授权漂移，既有结论自动失效并须追加新批次,未读取业务正文、价格、成交、订单簿、账户或凭据；身份字段不完整,为该成员提供当前版本九字段声明及逐字段Schema、授权和唯一证据定位后追加不可变批次,2d50c1344a835ceeb832796935182aeff80bb03cecc5465c8cf3aaccbd446acd,86129966e4bc55fac18f2d7602a2309d4403f85861102128a56a80a5a0ccc1ea,e5f1a2df05d97ff1229c8ddcd617db09562065386878b51bf23f104240e67a9e
source-identity-declaration-20260808T051008+0800-7cf99a5ed6b9,ZI-36c092c73b65708fcdd38ad4,DS-000218,候选数据文件,ETH,4小时;8小时;24小时;48小时,15分钟;1小时,未知,未知,未知,未知,未知,未知,未知,未知,未知,未登记,无,config/数据/来源身份声明补采.json#身份声明[],f9cf6f2a34762867a443c0a0366a7fd63f6eb254ce171133707efd3aa521c683,23d79df12719a18f66ce20b5e7348fd6e2f6c701cfaa07957b0acc9b4b4b3c5d,e6157d59b9196789cd25c9701501043bb00ef014649356a10e16259596fb4709,未知,b3a1fc5ec72ad95e258b584f936ad46befab951e0ee9e43eaa18179e34974387,无法判定,FILE_STAT_OBSERVED_IDENTITY_UNPROVEN,本批次只读；若声明、输入、Schema或授权漂移，既有结论自动失效并须追加新批次,未读取业务正文、价格、成交、订单簿、账户或凭据；身份字段不完整,为该成员提供当前版本九字段声明及逐字段Schema、授权和唯一证据定位后追加不可变批次,2d50c1344a835ceeb832796935182aeff80bb03cecc5465c8cf3aaccbd446acd,86129966e4bc55fac18f2d7602a2309d4403f85861102128a56a80a5a0ccc1ea,f15258eb6e14aebb0db646cd5bdd781f308b193ddeb121cf7f2852f3f9742a09
source-identity-declaration-20260808T051008+0800-7cf99a5ed6b9,ZI-12c289eff1be0bf2e1d20fb5,DS-000219,候选数据文件,ETH,4小时;8小时;24小时;48小时,15分钟;1小时,未知,未知,未知,未知,未知,未知,未知,未知,未知,未登记,无,config/数据/来源身份声明补采.json#身份声明[],f9cf6f2a34762867a443c0a0366a7fd63f6eb254ce171133707efd3aa521c683,21165349456518961030378083fea5551ab855e98f18bb276a7180f52b3d1f7d,a8a1fedf04743df7d4306f8ab802cc9f585ad95bb3a1859b581b08e07f21b491,未知,b3a1fc5ec72ad95e258b584f936ad46befab951e0ee9e43eaa18179e34974387,无法判定,FILE_STAT_OBSERVED_IDENTITY_UNPROVEN,本批次只读；若声明、输入、Schema或授权漂移，既有结论自动失效并须追加新批次,未读取业务正文、价格、成交、订单簿、账户或凭据；身份字段不完整,为该成员提供当前版本九字段声明及逐字段Schema、授权和唯一证据定位后追加不可变批次,2d50c1344a835ceeb832796935182aeff80bb03cecc5465c8cf3aaccbd446acd,86129966e4bc55fac18f2d7602a2309d4403f85861102128a56a80a5a0ccc1ea,0a1652e94ab76ea13d9788edb185f299ef5e4c3bec87db76e86f25dca9dedfec
source-identity-declaration-20260808T051008+0800-7cf99a5ed6b9,ZI-f31616fc75ad8bef6735c9f9,DS-000220,候选数据文件,ETH,4小时;8小时;24小时;48小时,15分钟;1小时,未知,未知,未知,未知,未知,未知,未知,未知,未知,未登记,无,config/数据/来源身份声明补采.json#身份声明[],f9cf6f2a34762867a443c0a0366a7fd63f6eb254ce171133707efd3aa521c683,7de5a82ae4458f844affdcfc96bb58bd683630348ddf7b03231730efa11bf7dc,8dcbf3ed5b60fa730bdf830643d41a04e45e08e42af3c50b780c3bff6cf54e55,未知,b3a1fc5ec72ad95e258b584f936ad46befab951e0ee9e43eaa18179e34974387,无法判定,FILE_STAT_OBSERVED_IDENTITY_UNPROVEN,本批次只读；若声明、输入、Schema或授权漂移，既有结论自动失效并须追加新批次,未读取业务正文、价格、成交、订单簿、账户或凭据；身份字段不完整,为该成员提供当前版本九字段声明及逐字段Schema、授权和唯一证据定位后追加不可变批次,2d50c1344a835ceeb832796935182aeff80bb03cecc5465c8cf3aaccbd446acd,86129966e4bc55fac18f2d7602a2309d4403f85861102128a56a80a5a0ccc1ea,f8ea53a16151d18e6cddb0786b6940b4e70ccefe9ef97541ee20ec7ba50faf14
source-identity-declaration-20260808T051008+0800-7cf99a5ed6b9,ZI-cd249e493d073e54d19874b0,DS-000221,候选数据文件,ETH,4小时;8小时;24小时;48小时,15分钟;1小时,未知,未知,未知,未知,未知,未知,未知,未知,未知,未登记,无,config/数据/来源身份声明补采.json#身份声明[],f9cf6f2a34762867a443c0a0366a7fd63f6eb254ce171133707efd3aa521c683,6980edd049f750c69d7e7ae20e5aa6cc1657e9d95673ca38293e252e1af793e9,72b527c4562ab1d34e9c9be2a4cfceffb42758e4fbf892ad7e8c0a54baab42de,未知,b3a1fc5ec72ad95e258b584f936ad46befab951e0ee9e43eaa18179e34974387,无法判定,FILE_STAT_OBSERVED_IDENTITY_UNPROVEN,本批次只读；若声明、输入、Schema或授权漂移，既有结论自动失效并须追加新批次,未读取业务正文、价格、成交、订单簿、账户或凭据；身份字段不完整,为该成员提供当前版本九字段声明及逐字段Schema、授权和唯一证据定位后追加不可变批次,2d50c1344a835ceeb832796935182aeff80bb03cecc5465c8cf3aaccbd446acd,86129966e4bc55fac18f2d7602a2309d4403f85861102128a56a80a5a0ccc1ea,9b3175d9a552ac0c05834e64397b3191f8563f9c8928920d544bf08016651fe7
source-identity-declaration-20260808T051008+0800-7cf99a5ed6b9,ZI-745c8f0cc6ded6fb507acbb1,DS-000222,候选数据文件,ETH,4小时;8小时;24小时;48小时,15分钟;1小时,未知,未知,未知,未知,未知,未知,未知,未知,未知,未登记,无,config/数据/来源身份声明补采.json#身份声明[],f9cf6f2a34762867a443c0a0366a7fd63f6eb254ce171133707efd3aa521c683,3e539388481b9fa19a3c40b0e3aa8d79677f6c36cfe63f2ca87828ac92b88df2,087e1e310fcd0e97232d7b0afd702de2d5cfe3ddab9d622e8ee6b7853cb46b62,未知,b3a1fc5ec72ad95e258b584f936ad46befab951e0ee9e43eaa18179e34974387,无法判定,FILE_STAT_OBSERVED_IDENTITY_UNPROVEN,本批次只读；若声明、输入、Schema或授权漂移，既有结论自动失效并须追加新批次,未读取业务正文、价格、成交、订单簿、账户或凭据；身份字段不完整,为该成员提供当前版本九字段声明及逐字段Schema、授权和唯一证据定位后追加不可变批次,2d50c1344a835ceeb832796935182aeff80bb03cecc5465c8cf3aaccbd446acd,86129966e4bc55fac18f2d7602a2309d4403f85861102128a56a80a5a0ccc1ea,96f22288fec72314e0f63daee95a6b610c18f8a101e353e598847bbfe1c4b969
source-identity-declaration-20260808T051008+0800-7cf99a5ed6b9,ZI-eb81ef33f15cce2bf5a3ea90,DS-000223,候选数据文件,ETH,4小时;8小时;24小时;48小时,15分钟;1小时,未知,未知,未知,未知,未知,未知,未知,未知,未知,未登记,无,config/数据/来源身份声明补采.json#身份声明[],f9cf6f2a34762867a443c0a0366a7fd63f6eb254ce171133707efd3aa521c683,e9c7915b1f0185fd3199344770ef2c5020c6bc27def3a3c1755994699e69cf58,a08373d4984da5498b6bd1555a2d393e541e809346565c9d8058fbd1cd369e5d,未知,b3a1fc5ec72ad95e258b584f936ad46befab951e0ee9e43eaa18179e34974387,无法判定,FILE_STAT_OBSERVED_IDENTITY_UNPROVEN,本批次只读；若声明、输入、Schema或授权漂移，既有结论自动失效并须追加新批次,未读取业务正文、价格、成交、订单簿、账户或凭据；身份字段不完整,为该成员提供当前版本九字段声明及逐字段Schema、授权和唯一证据定位后追加不可变批次,2d50c1344a835ceeb832796935182aeff80bb03cecc5465c8cf3aaccbd446acd,86129966e4bc55fac18f2d7602a2309d4403f85861102128a56a80a5a0ccc1ea,8d1711d24d4fef95ad8ef61b180fa1cfc092743c11c95bed84f4d5960408af91
source-identity-declaration-20260808T051008+0800-7cf99a5ed6b9,ZI-27b8a9edb40a15d5c5340edf,DS-000225,数据库元数据,ETH,4小时;8小时;24小时;48小时,15分钟;1小时,未知,未知,未知,未知,未知,未知,未知,未知,未知,未登记,无,config/数据/来源身份声明补采.json#身份声明[],f9cf6f2a34762867a443c0a0366a7fd63f6eb254ce171133707efd3aa521c683,31c46439848b2efd4dd25f0894f6ce7296e53e7d983b81530451c4d4879bc220,未知,未知,b3a1fc5ec72ad95e258b584f936ad46befab951e0ee9e43eaa18179e34974387,无法判定,DATABASE_METADATA_IDENTITY_UNPROVEN,本批次只读；若声明、输入、Schema或授权漂移，既有结论自动失效并须追加新批次,未读取业务正文、价格、成交、订单簿、账户或凭据；身份字段不完整,为该成员提供当前版本九字段声明及逐字段Schema、授权和唯一证据定位后追加不可变批次,2d50c1344a835ceeb832796935182aeff80bb03cecc5465c8cf3aaccbd446acd,86129966e4bc55fac18f2d7602a2309d4403f85861102128a56a80a5a0ccc1ea,413595726f02fb7c3ad69a11628794ef5930ab2beb69dbd7bdf52dda82b8a38d
source-identity-declaration-20260808T051008+0800-7cf99a5ed6b9,ZI-ad198a04fff4d73bef09be27,DS-000226,数据库元数据,ETH,4小时;8小时;24小时;48小时,15分钟;1小时,未知,未知,未知,未知,未知,未知,未知,未知,未知,未登记,无,config/数据/来源身份声明补采.json#身份声明[],f9cf6f2a34762867a443c0a0366a7fd63f6eb254ce171133707efd3aa521c683,6a81bb21010d297d98dd3ec7d464e7118f4b2d9fe881e05831f744f092a7bb21,未知,未知,b3a1fc5ec72ad95e258b584f936ad46befab951e0ee9e43eaa18179e34974387,无法判定,DATABASE_METADATA_IDENTITY_UNPROVEN,本批次只读；若声明、输入、Schema或授权漂移，既有结论自动失效并须追加新批次,未读取业务正文、价格、成交、订单簿、账户或凭据；身份字段不完整,为该成员提供当前版本九字段声明及逐字段Schema、授权和唯一证据定位后追加不可变批次,2d50c1344a835ceeb832796935182aeff80bb03cecc5465c8cf3aaccbd446acd,86129966e4bc55fac18f2d7602a2309d4403f85861102128a56a80a5a0ccc1ea,5232797d8c17c7b85cf9f87a8b904367e2108d6053797fca3ab84f9af4eb69da
source-identity-declaration-20260808T051008+0800-7cf99a5ed6b9,ZI-4b36343f1d86304b4e4f560c,DS-000227,数据库元数据,ETH,4小时;8小时;24小时;48小时,15分钟;1小时,未知,未知,未知,未知,未知,未知,未知,未知,未知,未登记,无,config/数据/来源身份声明补采.json#身份声明[],f9cf6f2a34762867a443c0a0366a7fd63f6eb254ce171133707efd3aa521c683,2ac0c84203efd9c2735cdb91f464d07bc39ee71c28da7cdc8cf4b0a2c0c359f7,未知,未知,b3a1fc5ec72ad95e258b584f936ad46befab951e0ee9e43eaa18179e34974387,无法判定,DATABASE_METADATA_IDENTITY_UNPROVEN,本批次只读；若声明、输入、Schema或授权漂移，既有结论自动失效并须追加新批次,未读取业务正文、价格、成交、订单簿、账户或凭据；身份字段不完整,为该成员提供当前版本九字段声明及逐字段Schema、授权和唯一证据定位后追加不可变批次,2d50c1344a835ceeb832796935182aeff80bb03cecc5465c8cf3aaccbd446acd,86129966e4bc55fac18f2d7602a2309d4403f85861102128a56a80a5a0ccc1ea,dc4048aca23423207be7c25af226fe9ca658a2c4a51d4b1d6de2fccad8ba577b
source-identity-declaration-20260808T051008+0800-7cf99a5ed6b9,ZI-14ef909ee974f036bc532048,DS-000228,数据库元数据,ETH,4小时;8小时;24小时;48小时,15分钟;1小时,未知,未知,未知,未知,未知,未知,未知,未知,未知,未登记,无,config/数据/来源身份声明补采.json#身份声明[],f9cf6f2a34762867a443c0a0366a7fd63f6eb254ce171133707efd3aa521c683,ded39db7f820476590ee31689b0e683dd170115a1af80b15191867fc8cfc2848,未知,未知,b3a1fc5ec72ad95e258b584f936ad46befab951e0ee9e43eaa18179e34974387,无法判定,DATABASE_METADATA_IDENTITY_UNPROVEN,本批次只读；若声明、输入、Schema或授权漂移，既有结论自动失效并须追加新批次,未读取业务正文、价格、成交、订单簿、账户或凭据；身份字段不完整,为该成员提供当前版本九字段声明及逐字段Schema、授权和唯一证据定位后追加不可变批次,2d50c1344a835ceeb832796935182aeff80bb03cecc5465c8cf3aaccbd446acd,86129966e4bc55fac18f2d7602a2309d4403f85861102128a56a80a5a0ccc1ea,41b5a78706ad8818ad2b122904cbb9ab3e238facd82e48dbbcc0aa12e51d2466
source-identity-declaration-20260808T051008+0800-7cf99a5ed6b9,ZI-66a219ffac06bb9ab7fa2300,DS-000229,数据库元数据,ETH,4小时;8小时;24小时;48小时,15分钟;1小时,未知,未知,未知,未知,未知,未知,未知,未知,未知,未登记,无,config/数据/来源身份声明补采.json#身份声明[],f9cf6f2a34762867a443c0a0366a7fd63f6eb254ce171133707efd3aa521c683,f92abe1336fcf2463981b9bf09595da91c6642688d884b9321950c809461e668,未知,未知,b3a1fc5ec72ad95e258b584f936ad46befab951e0ee9e43eaa18179e34974387,无法判定,DATABASE_METADATA_IDENTITY_UNPROVEN,本批次只读；若声明、输入、Schema或授权漂移，既有结论自动失效并须追加新批次,未读取业务正文、价格、成交、订单簿、账户或凭据；身份字段不完整,为该成员提供当前版本九字段声明及逐字段Schema、授权和唯一证据定位后追加不可变批次,2d50c1344a835ceeb832796935182aeff80bb03cecc5465c8cf3aaccbd446acd,86129966e4bc55fac18f2d7602a2309d4403f85861102128a56a80a5a0ccc1ea,24f02c023c685e0db9303c1edd51ef1b573fa06030b3147e5110623f67f1a381
source-identity-declaration-20260808T051008+0800-7cf99a5ed6b9,ZI-79977c0de5fa10baeb4e2036,DS-000230,数据库元数据,ETH,4小时;8小时;24小时;48小时,15分钟;1小时,未知,未知,未知,未知,未知,未知,未知,未知,未知,未登记,无,config/数据/来源身份声明补采.json#身份声明[],f9cf6f2a34762867a443c0a0366a7fd63f6eb254ce171133707efd3aa521c683,696fc7c4311abe694bffc605e03c287a75b809028054b2796902f493ea776b60,未知,未知,b3a1fc5ec72ad95e258b584f936ad46befab951e0ee9e43eaa18179e34974387,无法判定,DATABASE_METADATA_IDENTITY_UNPROVEN,本批次只读；若声明、输入、Schema或授权漂移，既有结论自动失效并须追加新批次,未读取业务正文、价格、成交、订单簿、账户或凭据；身份字段不完整,为该成员提供当前版本九字段声明及逐字段Schema、授权和唯一证据定位后追加不可变批次,2d50c1344a835ceeb832796935182aeff80bb03cecc5465c8cf3aaccbd446acd,86129966e4bc55fac18f2d7602a2309d4403f85861102128a56a80a5a0ccc1ea,b1eecfb53bf7b5a85573b4ccd3884692b7d01171076b30389309ed76ff1284cf
source-identity-declaration-20260808T051008+0800-7cf99a5ed6b9,ZI-c0029613c3870423b45b1788,DS-000231,数据库元数据,ETH,4小时;8小时;24小时;48小时,15分钟;1小时,未知,未知,未知,未知,未知,未知,未知,未知,未知,未登记,无,config/数据/来源身份声明补采.json#身份声明[],f9cf6f2a34762867a443c0a0366a7fd63f6eb254ce171133707efd3aa521c683,1ddffa1f0f31556fe0d2dc68a47c93c046bfcfab4dcad6b6413e954c85a567ce,未知,未知,b3a1fc5ec72ad95e258b584f936ad46befab951e0ee9e43eaa18179e34974387,无法判定,DATABASE_METADATA_IDENTITY_UNPROVEN,本批次只读；若声明、输入、Schema或授权漂移，既有结论自动失效并须追加新批次,未读取业务正文、价格、成交、订单簿、账户或凭据；身份字段不完整,为该成员提供当前版本九字段声明及逐字段Schema、授权和唯一证据定位后追加不可变批次,2d50c1344a835ceeb832796935182aeff80bb03cecc5465c8cf3aaccbd446acd,86129966e4bc55fac18f2d7602a2309d4403f85861102128a56a80a5a0ccc1ea,98e282aeb5a199838a384866597fa023900aa9e135551923be666c69970aae54
source-identity-declaration-20260808T051008+0800-7cf99a5ed6b9,ZI-cf8e84baeb622787ac41dc30,DS-000232,数据库元数据,ETH,4小时;8小时;24小时;48小时,15分钟;1小时,未知,未知,未知,未知,未知,未知,未知,未知,未知,未登记,无,config/数据/来源身份声明补采.json#身份声明[],f9cf6f2a34762867a443c0a0366a7fd63f6eb254ce171133707efd3aa521c683,d5e98969dd30d95cf796e35f21a830b2e8ab6decb9c18e07dba58527efbd0f89,未知,未知,b3a1fc5ec72ad95e258b584f936ad46befab951e0ee9e43eaa18179e34974387,无法判定,DATABASE_METADATA_IDENTITY_UNPROVEN,本批次只读；若声明、输入、Schema或授权漂移，既有结论自动失效并须追加新批次,未读取业务正文、价格、成交、订单簿、账户或凭据；身份字段不完整,为该成员提供当前版本九字段声明及逐字段Schema、授权和唯一证据定位后追加不可变批次,2d50c1344a835ceeb832796935182aeff80bb03cecc5465c8cf3aaccbd446acd,86129966e4bc55fac18f2d7602a2309d4403f85861102128a56a80a5a0ccc1ea,24db59ddca6255f993f9fdfb3f2810579ac995f94ac2d85d86f8c126fd5709fe
source-identity-declaration-20260808T051008+0800-7cf99a5ed6b9,ZI-6e16822db392394cabe67d99,DS-000233,数据库元数据,ETH,4小时;8小时;24小时;48小时,15分钟;1小时,未知,未知,未知,未知,未知,未知,未知,未知,未知,未登记,无,config/数据/来源身份声明补采.json#身份声明[],f9cf6f2a34762867a443c0a0366a7fd63f6eb254ce171133707efd3aa521c683,72e7313ef8e524b350b1ace10c8d6b8626b5188e0d1dd969dfa6e1b8fcbd5739,未知,未知,b3a1fc5ec72ad95e258b584f936ad46befab951e0ee9e43eaa18179e34974387,无法判定,DATABASE_METADATA_IDENTITY_UNPROVEN,本批次只读；若声明、输入、Schema或授权漂移，既有结论自动失效并须追加新批次,未读取业务正文、价格、成交、订单簿、账户或凭据；身份字段不完整,为该成员提供当前版本九字段声明及逐字段Schema、授权和唯一证据定位后追加不可变批次,2d50c1344a835ceeb832796935182aeff80bb03cecc5465c8cf3aaccbd446acd,86129966e4bc55fac18f2d7602a2309d4403f85861102128a56a80a5a0ccc1ea,48ad83a6f8624f33cc3926509a2def02cc495e986f360a86ddcc12e7964c77cf
source-identity-declaration-20260808T051008+0800-7cf99a5ed6b9,ZI-8bf3b7f49e84f911829251ed,DS-000234,数据库元数据,ETH,4小时;8小时;24小时;48小时,15分钟;1小时,未知,未知,未知,未知,未知,未知,未知,未知,未知,未登记,无,config/数据/来源身份声明补采.json#身份声明[],f9cf6f2a34762867a443c0a0366a7fd63f6eb254ce171133707efd3aa521c683,32b66f7841fcfd1a8692bb0602413683c771ac914082faa7548d5a3cd7b46044,未知,未知,b3a1fc5ec72ad95e258b584f936ad46befab951e0ee9e43eaa18179e34974387,无法判定,DATABASE_METADATA_IDENTITY_UNPROVEN,本批次只读；若声明、输入、Schema或授权漂移，既有结论自动失效并须追加新批次,未读取业务正文、价格、成交、订单簿、账户或凭据；身份字段不完整,为该成员提供当前版本九字段声明及逐字段Schema、授权和唯一证据定位后追加不可变批次,2d50c1344a835ceeb832796935182aeff80bb03cecc5465c8cf3aaccbd446acd,86129966e4bc55fac18f2d7602a2309d4403f85861102128a56a80a5a0ccc1ea,39955215cedd44e0a8efa6e165d87394a1bf1e456dd13b12fa4944a60fd49268
source-identity-declaration-20260808T051008+0800-7cf99a5ed6b9,ZI-d1584d0aeceda26db63c8b11,DS-000235,数据库元数据,ETH,4小时;8小时;24小时;48小时,15分钟;1小时,未知,未知,未知,未知,未知,未知,未知,未知,未知,未登记,无,config/数据/来源身份声明补采.json#身份声明[],f9cf6f2a34762867a443c0a0366a7fd63f6eb254ce171133707efd3aa521c683,f1c5147a2e34f6ba05d99991d7e96b60372cf8f3587d7274a6e8f0c390e7197f,未知,未知,b3a1fc5ec72ad95e258b584f936ad46befab951e0ee9e43eaa18179e34974387,无法判定,DATABASE_METADATA_IDENTITY_UNPROVEN,本批次只读；若声明、输入、Schema或授权漂移，既有结论自动失效并须追加新批次,未读取业务正文、价格、成交、订单簿、账户或凭据；身份字段不完整,为该成员提供当前版本九字段声明及逐字段Schema、授权和唯一证据定位后追加不可变批次,2d50c1344a835ceeb832796935182aeff80bb03cecc5465c8cf3aaccbd446acd,86129966e4bc55fac18f2d7602a2309d4403f85861102128a56a80a5a0ccc1ea,1a903cc3f98b6a49d3c5048c95f24535b89426492cdd0a2c5e1a3bae9ace120d
source-identity-declaration-20260808T051008+0800-7cf99a5ed6b9,ZI-5e6e454a508063ea931295ff,DS-000236,数据库元数据,ETH,4小时;8小时;24小时;48小时,15分钟;1小时,未知,未知,未知,未知,未知,未知,未知,未知,未知,未登记,无,config/数据/来源身份声明补采.json#身份声明[],f9cf6f2a34762867a443c0a0366a7fd63f6eb254ce171133707efd3aa521c683,98b039adcd5656df11f65ee44b7131ebc40f5750a04b7327545e42606758bd44,未知,未知,b3a1fc5ec72ad95e258b584f936ad46befab951e0ee9e43eaa18179e34974387,无法判定,DATABASE_METADATA_IDENTITY_UNPROVEN,本批次只读；若声明、输入、Schema或授权漂移，既有结论自动失效并须追加新批次,未读取业务正文、价格、成交、订单簿、账户或凭据；身份字段不完整,为该成员提供当前版本九字段声明及逐字段Schema、授权和唯一证据定位后追加不可变批次,2d50c1344a835ceeb832796935182aeff80bb03cecc5465c8cf3aaccbd446acd,86129966e4bc55fac18f2d7602a2309d4403f85861102128a56a80a5a0ccc1ea,14b3fc59f2e025259ebba2eb3f74fd0f66dc7e26eac146a2736923e6bb529eb8
source-identity-declaration-20260808T051008+0800-7cf99a5ed6b9,ZI-df85df71f25df1fb06f98422,DS-000237,数据库元数据,ETH,4小时;8小时;24小时;48小时,15分钟;1小时,未知,未知,未知,未知,未知,未知,未知,未知,未知,未登记,无,config/数据/来源身份声明补采.json#身份声明[],f9cf6f2a34762867a443c0a0366a7fd63f6eb254ce171133707efd3aa521c683,3726607d3f48f439672a2470687cbdc27e1513ae4716fbfd7ecfe895db4d10f7,未知,未知,b3a1fc5ec72ad95e258b584f936ad46befab951e0ee9e43eaa18179e34974387,无法判定,DATABASE_METADATA_IDENTITY_UNPROVEN,本批次只读；若声明、输入、Schema或授权漂移，既有结论自动失效并须追加新批次,未读取业务正文、价格、成交、订单簿、账户或凭据；身份字段不完整,为该成员提供当前版本九字段声明及逐字段Schema、授权和唯一证据定位后追加不可变批次,2d50c1344a835ceeb832796935182aeff80bb03cecc5465c8cf3aaccbd446acd,86129966e4bc55fac18f2d7602a2309d4403f85861102128a56a80a5a0ccc1ea,a2ff0a89a6b24ccf039bfa28e7784ef26381611a6a14c3fb2318d4d6f6141166
source-identity-declaration-20260808T051008+0800-7cf99a5ed6b9,ZI-1194b87b58ecebc3c28008ce,DS-000238,数据库元数据,ETH,4小时;8小时;24小时;48小时,15分钟;1小时,未知,未知,未知,未知,未知,未知,未知,未知,未知,未登记,无,config/数据/来源身份声明补采.json#身份声明[],f9cf6f2a34762867a443c0a0366a7fd63f6eb254ce171133707efd3aa521c683,270b961e9a166bcdca4fcdee14c4cd7f0f1ad86a75cdc3960672ad622cba43ea,未知,未知,b3a1fc5ec72ad95e258b584f936ad46befab951e0ee9e43eaa18179e34974387,无法判定,DATABASE_METADATA_IDENTITY_UNPROVEN,本批次只读；若声明、输入、Schema或授权漂移，既有结论自动失效并须追加新批次,未读取业务正文、价格、成交、订单簿、账户或凭据；身份字段不完整,为该成员提供当前版本九字段声明及逐字段Schema、授权和唯一证据定位后追加不可变批次,2d50c1344a835ceeb832796935182aeff80bb03cecc5465c8cf3aaccbd446acd,86129966e4bc55fac18f2d7602a2309d4403f85861102128a56a80a5a0ccc1ea,cfd86538afaddc6f681185ef5ce5b022bc2a78c31e44a7d4dbecd999dad531b6
source-identity-declaration-20260808T051008+0800-7cf99a5ed6b9,ZI-2cfe46f1735ab9707d4c09ab,DS-000239,数据库元数据,ETH,4小时;8小时;24小时;48小时,15分钟;1小时,未知,未知,未知,未知,未知,未知,未知,未知,未知,未登记,无,config/数据/来源身份声明补采.json#身份声明[],f9cf6f2a34762867a443c0a0366a7fd63f6eb254ce171133707efd3aa521c683,117aa34fd7e4061134b2f25dd7f0a2b0d1efa63bd4819c4778a897f004e66d14,未知,未知,b3a1fc5ec72ad95e258b584f936ad46befab951e0ee9e43eaa18179e34974387,无法判定,DATABASE_METADATA_IDENTITY_UNPROVEN,本批次只读；若声明、输入、Schema或授权漂移，既有结论自动失效并须追加新批次,未读取业务正文、价格、成交、订单簿、账户或凭据；身份字段不完整,为该成员提供当前版本九字段声明及逐字段Schema、授权和唯一证据定位后追加不可变批次,2d50c1344a835ceeb832796935182aeff80bb03cecc5465c8cf3aaccbd446acd,86129966e4bc55fac18f2d7602a2309d4403f85861102128a56a80a5a0ccc1ea,bc4d20994eeafdf6d00c4743d15897155c7156330998b77e6fede11f37c223c4
source-identity-declaration-20260808T051008+0800-7cf99a5ed6b9,ZI-c2a1b190eb6f6e39d8e7307b,DS-000240,数据库元数据,ETH,4小时;8小时;24小时;48小时,15分钟;1小时,未知,未知,未知,未知,未知,未知,未知,未知,未知,未登记,无,config/数据/来源身份声明补采.json#身份声明[],f9cf6f2a34762867a443c0a0366a7fd63f6eb254ce171133707efd3aa521c683,a9f656490ddb8a2c0687c98bf185161c1ff4e8545620daade42c31f3b709cd45,未知,未知,b3a1fc5ec72ad95e258b584f936ad46befab951e0ee9e43eaa18179e34974387,无法判定,DATABASE_METADATA_IDENTITY_UNPROVEN,本批次只读；若声明、输入、Schema或授权漂移，既有结论自动失效并须追加新批次,未读取业务正文、价格、成交、订单簿、账户或凭据；身份字段不完整,为该成员提供当前版本九字段声明及逐字段Schema、授权和唯一证据定位后追加不可变批次,2d50c1344a835ceeb832796935182aeff80bb03cecc5465c8cf3aaccbd446acd,86129966e4bc55fac18f2d7602a2309d4403f85861102128a56a80a5a0ccc1ea,6c70d64e52b0781d8a32b8f673c36b554e3ee92d536ee68ed4839287ee551c37
source-identity-declaration-20260808T051008+0800-7cf99a5ed6b9,ZI-ae83f52ffad4d799cef96c15,DS-000241,数据库元数据,ETH,4小时;8小时;24小时;48小时,15分钟;1小时,未知,未知,未知,未知,未知,未知,未知,未知,未知,未登记,无,config/数据/来源身份声明补采.json#身份声明[],f9cf6f2a34762867a443c0a0366a7fd63f6eb254ce171133707efd3aa521c683,a3b0dc868567565fbc694d34c2bfbe290d8bce78d7aa8020914d094b03202ca2,未知,未知,b3a1fc5ec72ad95e258b584f936ad46befab951e0ee9e43eaa18179e34974387,无法判定,DATABASE_METADATA_IDENTITY_UNPROVEN,本批次只读；若声明、输入、Schema或授权漂移，既有结论自动失效并须追加新批次,未读取业务正文、价格、成交、订单簿、账户或凭据；身份字段不完整,为该成员提供当前版本九字段声明及逐字段Schema、授权和唯一证据定位后追加不可变批次,2d50c1344a835ceeb832796935182aeff80bb03cecc5465c8cf3aaccbd446acd,86129966e4bc55fac18f2d7602a2309d4403f85861102128a56a80a5a0ccc1ea,68a313b3d24bdf0555f9d1cc62788dfcd4c0386701e8497dec2fd0f8ff9556fb
source-identity-declaration-20260808T051008+0800-7cf99a5ed6b9,ZI-c0132a1ecf9a90f96d882e21,DS-000242,数据库元数据,ETH,4小时;8小时;24小时;48小时,15分钟;1小时,未知,未知,未知,未知,未知,未知,未知,未知,未知,未登记,无,config/数据/来源身份声明补采.json#身份声明[],f9cf6f2a34762867a443c0a0366a7fd63f6eb254ce171133707efd3aa521c683,f06d1d1e6c27a45590fca5ee63f74b8db5c230132951c25768af2fdb002dade8,未知,未知,b3a1fc5ec72ad95e258b584f936ad46befab951e0ee9e43eaa18179e34974387,无法判定,DATABASE_METADATA_IDENTITY_UNPROVEN,本批次只读；若声明、输入、Schema或授权漂移，既有结论自动失效并须追加新批次,未读取业务正文、价格、成交、订单簿、账户或凭据；身份字段不完整,为该成员提供当前版本九字段声明及逐字段Schema、授权和唯一证据定位后追加不可变批次,2d50c1344a835ceeb832796935182aeff80bb03cecc5465c8cf3aaccbd446acd,86129966e4bc55fac18f2d7602a2309d4403f85861102128a56a80a5a0ccc1ea,bd7f18a26d40ffc22e3165107ce49437c7e56493ecfdc5297b85dd63df437de5
source-identity-declaration-20260808T051008+0800-7cf99a5ed6b9,ZI-3df61827b10e5aad02eaefeb,DS-000243,数据库元数据,ETH,4小时;8小时;24小时;48小时,15分钟;1小时,未知,未知,未知,未知,未知,未知,未知,未知,未知,未登记,无,config/数据/来源身份声明补采.json#身份声明[],f9cf6f2a34762867a443c0a0366a7fd63f6eb254ce171133707efd3aa521c683,8f2d433fc50cdb27ebcc8696c2f8aae7aee08cdc738e7e73e2445894e0b6429e,未知,未知,b3a1fc5ec72ad95e258b584f936ad46befab951e0ee9e43eaa18179e34974387,无法判定,DATABASE_METADATA_IDENTITY_UNPROVEN,本批次只读；若声明、输入、Schema或授权漂移，既有结论自动失效并须追加新批次,未读取业务正文、价格、成交、订单簿、账户或凭据；身份字段不完整,为该成员提供当前版本九字段声明及逐字段Schema、授权和唯一证据定位后追加不可变批次,2d50c1344a835ceeb832796935182aeff80bb03cecc5465c8cf3aaccbd446acd,86129966e4bc55fac18f2d7602a2309d4403f85861102128a56a80a5a0ccc1ea,6bfdc924f3fec58005079918d39cdd1807f4fa2c544c6bd527976626752269fe
source-identity-declaration-20260808T051008+0800-7cf99a5ed6b9,ZI-6ce4484efa53e7ff44eb2c25,DS-000244,数据库元数据,ETH,4小时;8小时;24小时;48小时,15分钟;1小时,未知,未知,未知,未知,未知,未知,未知,未知,未知,未登记,无,config/数据/来源身份声明补采.json#身份声明[],f9cf6f2a34762867a443c0a0366a7fd63f6eb254ce171133707efd3aa521c683,d9ccf842fc989b8040673df44f01abefc569defc18f83e6d9c5d50fe594be145,未知,未知,b3a1fc5ec72ad95e258b584f936ad46befab951e0ee9e43eaa18179e34974387,无法判定,DATABASE_METADATA_IDENTITY_UNPROVEN,本批次只读；若声明、输入、Schema或授权漂移，既有结论自动失效并须追加新批次,未读取业务正文、价格、成交、订单簿、账户或凭据；身份字段不完整,为该成员提供当前版本九字段声明及逐字段Schema、授权和唯一证据定位后追加不可变批次,2d50c1344a835ceeb832796935182aeff80bb03cecc5465c8cf3aaccbd446acd,86129966e4bc55fac18f2d7602a2309d4403f85861102128a56a80a5a0ccc1ea,70d6168c37af376dfcb7e4adb6890c70f2f29349736112b449cf46e5535a5c5d
source-identity-declaration-20260808T051008+0800-7cf99a5ed6b9,ZI-087e7743eeecff587810b73c,DS-000245,数据库元数据,ETH,4小时;8小时;24小时;48小时,15分钟;1小时,未知,未知,未知,未知,未知,未知,未知,未知,未知,未登记,无,config/数据/来源身份声明补采.json#身份声明[],f9cf6f2a34762867a443c0a0366a7fd63f6eb254ce171133707efd3aa521c683,4a802128b530c664d2cce4467dc90608e80c54df2148a9807f2f73c198908494,未知,未知,b3a1fc5ec72ad95e258b584f936ad46befab951e0ee9e43eaa18179e34974387,无法判定,DATABASE_METADATA_IDENTITY_UNPROVEN,本批次只读；若声明、输入、Schema或授权漂移，既有结论自动失效并须追加新批次,未读取业务正文、价格、成交、订单簿、账户或凭据；身份字段不完整,为该成员提供当前版本九字段声明及逐字段Schema、授权和唯一证据定位后追加不可变批次,2d50c1344a835ceeb832796935182aeff80bb03cecc5465c8cf3aaccbd446acd,86129966e4bc55fac18f2d7602a2309d4403f85861102128a56a80a5a0ccc1ea,9cba7144c8858889b78b9864aec42332e88ea9f366e03a388408e52ab17dc384
source-identity-declaration-20260808T051008+0800-7cf99a5ed6b9,ZI-eaa396b6b41356431fa8c73f,DS-000246,数据库元数据,ETH,4小时;8小时;24小时;48小时,15分钟;1小时,未知,未知,未知,未知,未知,未知,未知,未知,未知,未登记,无,config/数据/来源身份声明补采.json#身份声明[],f9cf6f2a34762867a443c0a0366a7fd63f6eb254ce171133707efd3aa521c683,7d64dde1f25c3737f64198c66faf0e6ab439a60473cdaa8f3b366cc1220a7b34,未知,未知,b3a1fc5ec72ad95e258b584f936ad46befab951e0ee9e43eaa18179e34974387,无法判定,DATABASE_METADATA_IDENTITY_UNPROVEN,本批次只读；若声明、输入、Schema或授权漂移，既有结论自动失效并须追加新批次,未读取业务正文、价格、成交、订单簿、账户或凭据；身份字段不完整,为该成员提供当前版本九字段声明及逐字段Schema、授权和唯一证据定位后追加不可变批次,2d50c1344a835ceeb832796935182aeff80bb03cecc5465c8cf3aaccbd446acd,86129966e4bc55fac18f2d7602a2309d4403f85861102128a56a80a5a0ccc1ea,c9f957d42d369a6f72ba8b99a95f32fe5f58eba35551ec15e6ec52692e0ce0ba
source-identity-declaration-20260808T051008+0800-7cf99a5ed6b9,ZI-a5d529e526179f5aab36b504,DS-000247,数据库元数据,ETH,4小时;8小时;24小时;48小时,15分钟;1小时,未知,未知,未知,未知,未知,未知,未知,未知,未知,未登记,无,config/数据/来源身份声明补采.json#身份声明[],f9cf6f2a34762867a443c0a0366a7fd63f6eb254ce171133707efd3aa521c683,87e80f8fb7aa338d10f9ea15efd48b34ebc42084728e9ba9869fa6a7eb4ca114,未知,未知,b3a1fc5ec72ad95e258b584f936ad46befab951e0ee9e43eaa18179e34974387,无法判定,DATABASE_METADATA_IDENTITY_UNPROVEN,本批次只读；若声明、输入、Schema或授权漂移，既有结论自动失效并须追加新批次,未读取业务正文、价格、成交、订单簿、账户或凭据；身份字段不完整,为该成员提供当前版本九字段声明及逐字段Schema、授权和唯一证据定位后追加不可变批次,2d50c1344a835ceeb832796935182aeff80bb03cecc5465c8cf3aaccbd446acd,86129966e4bc55fac18f2d7602a2309d4403f85861102128a56a80a5a0ccc1ea,d26d266ef8da0d73921f5a363c007d3279a60925f12d09c98756375e8305d4ab
source-identity-declaration-20260808T051008+0800-7cf99a5ed6b9,ZI-f72d093effc7a5df77a24e15,DS-000248,数据库元数据,ETH,4小时;8小时;24小时;48小时,15分钟;1小时,未知,未知,未知,未知,未知,未知,未知,未知,未知,未登记,无,config/数据/来源身份声明补采.json#身份声明[],f9cf6f2a34762867a443c0a0366a7fd63f6eb254ce171133707efd3aa521c683,65611c0f1bf5e4f18dfc700ed64ff077d3d9c24f54cb2862a98fe7bafda25358,未知,未知,b3a1fc5ec72ad95e258b584f936ad46befab951e0ee9e43eaa18179e34974387,无法判定,DATABASE_METADATA_IDENTITY_UNPROVEN,本批次只读；若声明、输入、Schema或授权漂移，既有结论自动失效并须追加新批次,未读取业务正文、价格、成交、订单簿、账户或凭据；身份字段不完整,为该成员提供当前版本九字段声明及逐字段Schema、授权和唯一证据定位后追加不可变批次,2d50c1344a835ceeb832796935182aeff80bb03cecc5465c8cf3aaccbd446acd,86129966e4bc55fac18f2d7602a2309d4403f85861102128a56a80a5a0ccc1ea,42355b8629e02dd61675228e29ac9ec8b45ef8339a8972d8acb8ed1124996350
source-identity-declaration-20260808T051008+0800-7cf99a5ed6b9,ZI-3a704542de2b0358f6385dd1,DS-000249,数据库元数据,ETH,4小时;8小时;24小时;48小时,15分钟;1小时,未知,未知,未知,未知,未知,未知,未知,未知,未知,未登记,无,config/数据/来源身份声明补采.json#身份声明[],f9cf6f2a34762867a443c0a0366a7fd63f6eb254ce171133707efd3aa521c683,aca809161e20675328dc217edad64dd8dba9342aab44d915bd0e824c22863f5e,未知,未知,b3a1fc5ec72ad95e258b584f936ad46befab951e0ee9e43eaa18179e34974387,无法判定,DATABASE_METADATA_IDENTITY_UNPROVEN,本批次只读；若声明、输入、Schema或授权漂移，既有结论自动失效并须追加新批次,未读取业务正文、价格、成交、订单簿、账户或凭据；身份字段不完整,为该成员提供当前版本九字段声明及逐字段Schema、授权和唯一证据定位后追加不可变批次,2d50c1344a835ceeb832796935182aeff80bb03cecc5465c8cf3aaccbd446acd,86129966e4bc55fac18f2d7602a2309d4403f85861102128a56a80a5a0ccc1ea,ed2d0ed9ce8c9101251052ad6991624e6e2294828c08260c5b3b372a9532e845
source-identity-declaration-20260808T051008+0800-7cf99a5ed6b9,ZI-f218e1c853f5de10621f560f,DS-000250,数据库元数据,ETH,4小时;8小时;24小时;48小时,15分钟;1小时,未知,未知,未知,未知,未知,未知,未知,未知,未知,未登记,无,config/数据/来源身份声明补采.json#身份声明[],f9cf6f2a34762867a443c0a0366a7fd63f6eb254ce171133707efd3aa521c683,ecb0dcb61e3f9dae7d3cae5c9d7891232f850e3a93e93c3a61f67948dbb25d6e,未知,未知,b3a1fc5ec72ad95e258b584f936ad46befab951e0ee9e43eaa18179e34974387,无法判定,DATABASE_METADATA_IDENTITY_UNPROVEN,本批次只读；若声明、输入、Schema或授权漂移，既有结论自动失效并须追加新批次,未读取业务正文、价格、成交、订单簿、账户或凭据；身份字段不完整,为该成员提供当前版本九字段声明及逐字段Schema、授权和唯一证据定位后追加不可变批次,2d50c1344a835ceeb832796935182aeff80bb03cecc5465c8cf3aaccbd446acd,86129966e4bc55fac18f2d7602a2309d4403f85861102128a56a80a5a0ccc1ea,49ae9f2e44e1871734fe4a764e73030e4373e7f0ad04c34f11a6b61001bd97f8
source-identity-declaration-20260808T051008+0800-7cf99a5ed6b9,ZI-40198d2754da97536a9ad6ce,DS-000251,数据库元数据,ETH,4小时;8小时;24小时;48小时,15分钟;1小时,未知,未知,未知,未知,未知,未知,未知,未知,未知,未登记,无,config/数据/来源身份声明补采.json#身份声明[],f9cf6f2a34762867a443c0a0366a7fd63f6eb254ce171133707efd3aa521c683,b816107fcd9458244e66909d10efec6cd8e2accda1bfe58a8fbf9a0669c0dd53,未知,未知,b3a1fc5ec72ad95e258b584f936ad46befab951e0ee9e43eaa18179e34974387,无法判定,DATABASE_METADATA_IDENTITY_UNPROVEN,本批次只读；若声明、输入、Schema或授权漂移，既有结论自动失效并须追加新批次,未读取业务正文、价格、成交、订单簿、账户或凭据；身份字段不完整,为该成员提供当前版本九字段声明及逐字段Schema、授权和唯一证据定位后追加不可变批次,2d50c1344a835ceeb832796935182aeff80bb03cecc5465c8cf3aaccbd446acd,86129966e4bc55fac18f2d7602a2309d4403f85861102128a56a80a5a0ccc1ea,8074baa155ea2a000a2614ce853bb4bc707237d47f51153a387c817c9af3685d
source-identity-declaration-20260808T051008+0800-7cf99a5ed6b9,ZI-33f93e20269b5fc9790af097,DS-000252,数据库元数据,ETH,4小时;8小时;24小时;48小时,15分钟;1小时,未知,未知,未知,未知,未知,未知,未知,未知,未知,未登记,无,config/数据/来源身份声明补采.json#身份声明[],f9cf6f2a34762867a443c0a0366a7fd63f6eb254ce171133707efd3aa521c683,98ba0e71e4eea4203f58a3df83e1469c57532861305d2639da67bd3bb490d481,未知,未知,b3a1fc5ec72ad95e258b584f936ad46befab951e0ee9e43eaa18179e34974387,无法判定,DATABASE_METADATA_IDENTITY_UNPROVEN,本批次只读；若声明、输入、Schema或授权漂移，既有结论自动失效并须追加新批次,未读取业务正文、价格、成交、订单簿、账户或凭据；身份字段不完整,为该成员提供当前版本九字段声明及逐字段Schema、授权和唯一证据定位后追加不可变批次,2d50c1344a835ceeb832796935182aeff80bb03cecc5465c8cf3aaccbd446acd,86129966e4bc55fac18f2d7602a2309d4403f85861102128a56a80a5a0ccc1ea,3993deece0f8d0cc422cfc4595156c4940fe444c433af47fe79fb1a39a763661
source-identity-declaration-20260808T051008+0800-7cf99a5ed6b9,ZI-323348d30ce7bec199813155,DS-000253,数据库元数据,ETH,4小时;8小时;24小时;48小时,15分钟;1小时,未知,未知,未知,未知,未知,未知,未知,未知,未知,未登记,无,config/数据/来源身份声明补采.json#身份声明[],f9cf6f2a34762867a443c0a0366a7fd63f6eb254ce171133707efd3aa521c683,6218f5ae411a9a1c1d8031e34c1091dea2dc3f9d8700a756d1665b4011c480c1,未知,未知,b3a1fc5ec72ad95e258b584f936ad46befab951e0ee9e43eaa18179e34974387,无法判定,DATABASE_METADATA_IDENTITY_UNPROVEN,本批次只读；若声明、输入、Schema或授权漂移，既有结论自动失效并须追加新批次,未读取业务正文、价格、成交、订单簿、账户或凭据；身份字段不完整,为该成员提供当前版本九字段声明及逐字段Schema、授权和唯一证据定位后追加不可变批次,2d50c1344a835ceeb832796935182aeff80bb03cecc5465c8cf3aaccbd446acd,86129966e4bc55fac18f2d7602a2309d4403f85861102128a56a80a5a0ccc1ea,1bf1f8ded85e848c82c70ba44e648b56d3324585d06584e027ec8e242e452aae
source-identity-declaration-20260808T051008+0800-7cf99a5ed6b9,ZI-d041bd8293d10482fe6e3302,DS-000254,数据库元数据,ETH,4小时;8小时;24小时;48小时,15分钟;1小时,未知,未知,未知,未知,未知,未知,未知,未知,未知,未登记,无,config/数据/来源身份声明补采.json#身份声明[],f9cf6f2a34762867a443c0a0366a7fd63f6eb254ce171133707efd3aa521c683,8fb55f44c4dc05cd2f2f0afb77a649faa69a0513e90690925d91bf432e4f30ff,未知,未知,b3a1fc5ec72ad95e258b584f936ad46befab951e0ee9e43eaa18179e34974387,无法判定,DATABASE_METADATA_IDENTITY_UNPROVEN,本批次只读；若声明、输入、Schema或授权漂移，既有结论自动失效并须追加新批次,未读取业务正文、价格、成交、订单簿、账户或凭据；身份字段不完整,为该成员提供当前版本九字段声明及逐字段Schema、授权和唯一证据定位后追加不可变批次,2d50c1344a835ceeb832796935182aeff80bb03cecc5465c8cf3aaccbd446acd,86129966e4bc55fac18f2d7602a2309d4403f85861102128a56a80a5a0ccc1ea,53ef7b17e180250a899b3a5eb21e8e0662115512b51f074232e37794851e57b3
source-identity-declaration-20260808T051008+0800-7cf99a5ed6b9,ZI-3a7f47e5cb0b222a091588ca,DS-000255,数据库元数据,ETH,4小时;8小时;24小时;48小时,15分钟;1小时,未知,未知,未知,未知,未知,未知,未知,未知,未知,未登记,无,config/数据/来源身份声明补采.json#身份声明[],f9cf6f2a34762867a443c0a0366a7fd63f6eb254ce171133707efd3aa521c683,97c901f301044a2160dd66a1a1f59d8d5958ae46cc18f7590c0234c39322f194,未知,未知,b3a1fc5ec72ad95e258b584f936ad46befab951e0ee9e43eaa18179e34974387,无法判定,DATABASE_METADATA_IDENTITY_UNPROVEN,本批次只读；若声明、输入、Schema或授权漂移，既有结论自动失效并须追加新批次,未读取业务正文、价格、成交、订单簿、账户或凭据；身份字段不完整,为该成员提供当前版本九字段声明及逐字段Schema、授权和唯一证据定位后追加不可变批次,2d50c1344a835ceeb832796935182aeff80bb03cecc5465c8cf3aaccbd446acd,86129966e4bc55fac18f2d7602a2309d4403f85861102128a56a80a5a0ccc1ea,ee091136931783c7762ef2093d8578976b1925d27a0fa98e1c43974392aa1811
source-identity-declaration-20260808T051008+0800-7cf99a5ed6b9,ZI-319a17a33bc9e78d08ed5c4a,DS-000256,数据库元数据,ETH,4小时;8小时;24小时;48小时,15分钟;1小时,未知,未知,未知,未知,未知,未知,未知,未知,未知,未登记,无,config/数据/来源身份声明补采.json#身份声明[],f9cf6f2a34762867a443c0a0366a7fd63f6eb254ce171133707efd3aa521c683,72946cce48d978d6b90942bd0f99bd012a999fc767a59eaeb63b097815d707a9,未知,未知,b3a1fc5ec72ad95e258b584f936ad46befab951e0ee9e43eaa18179e34974387,无法判定,DATABASE_METADATA_IDENTITY_UNPROVEN,本批次只读；若声明、输入、Schema或授权漂移，既有结论自动失效并须追加新批次,未读取业务正文、价格、成交、订单簿、账户或凭据；身份字段不完整,为该成员提供当前版本九字段声明及逐字段Schema、授权和唯一证据定位后追加不可变批次,2d50c1344a835ceeb832796935182aeff80bb03cecc5465c8cf3aaccbd446acd,86129966e4bc55fac18f2d7602a2309d4403f85861102128a56a80a5a0ccc1ea,28e8866147c40f2563fbb73c7763f303d705eaf4c3791ea2d06b3baf91a49bf7
source-identity-declaration-20260808T051008+0800-7cf99a5ed6b9,ZI-a7faef667815d04984e9f416,DS-000257,数据库元数据,ETH,4小时;8小时;24小时;48小时,15分钟;1小时,未知,未知,未知,未知,未知,未知,未知,未知,未知,未登记,无,config/数据/来源身份声明补采.json#身份声明[],f9cf6f2a34762867a443c0a0366a7fd63f6eb254ce171133707efd3aa521c683,e9a1adbad68c8e4f0b3f88a4c1d5f5e59207297fe7eb4ea9a6f3e91690974ffb,未知,未知,b3a1fc5ec72ad95e258b584f936ad46befab951e0ee9e43eaa18179e34974387,无法判定,DATABASE_METADATA_IDENTITY_UNPROVEN,本批次只读；若声明、输入、Schema或授权漂移，既有结论自动失效并须追加新批次,未读取业务正文、价格、成交、订单簿、账户或凭据；身份字段不完整,为该成员提供当前版本九字段声明及逐字段Schema、授权和唯一证据定位后追加不可变批次,2d50c1344a835ceeb832796935182aeff80bb03cecc5465c8cf3aaccbd446acd,86129966e4bc55fac18f2d7602a2309d4403f85861102128a56a80a5a0ccc1ea,c7dc84fb3c7f5a141315cb1ca3b6651a0c8cf40c582964bcd280397aae0673c3
source-identity-declaration-20260808T051008+0800-7cf99a5ed6b9,ZI-8525784cda6abfa9ae3bebd3,DS-000258,数据库元数据,ETH,4小时;8小时;24小时;48小时,15分钟;1小时,未知,未知,未知,未知,未知,未知,未知,未知,未知,未登记,无,config/数据/来源身份声明补采.json#身份声明[],f9cf6f2a34762867a443c0a0366a7fd63f6eb254ce171133707efd3aa521c683,05dc2fcb434d0937800d8432001eafe73e3969f23c72e4e6dccfa8d10a464e89,未知,未知,b3a1fc5ec72ad95e258b584f936ad46befab951e0ee9e43eaa18179e34974387,无法判定,DATABASE_METADATA_IDENTITY_UNPROVEN,本批次只读；若声明、输入、Schema或授权漂移，既有结论自动失效并须追加新批次,未读取业务正文、价格、成交、订单簿、账户或凭据；身份字段不完整,为该成员提供当前版本九字段声明及逐字段Schema、授权和唯一证据定位后追加不可变批次,2d50c1344a835ceeb832796935182aeff80bb03cecc5465c8cf3aaccbd446acd,86129966e4bc55fac18f2d7602a2309d4403f85861102128a56a80a5a0ccc1ea,eb756b0be9c79a689f8baa16a7fa0bea3e02443f91dcabeee3ed4c5c9ba55c8a
source-identity-declaration-20260808T051008+0800-7cf99a5ed6b9,ZI-aa4a3912b3b8cdfe15e16046,DS-000259,数据库元数据,ETH,4小时;8小时;24小时;48小时,15分钟;1小时,未知,未知,未知,未知,未知,未知,未知,未知,未知,未登记,无,config/数据/来源身份声明补采.json#身份声明[],f9cf6f2a34762867a443c0a0366a7fd63f6eb254ce171133707efd3aa521c683,1cd773853ef33cb8f6d7c1280729bf82e0b795d62cb20a76d636135bcdf110fc,未知,未知,b3a1fc5ec72ad95e258b584f936ad46befab951e0ee9e43eaa18179e34974387,无法判定,DATABASE_METADATA_IDENTITY_UNPROVEN,本批次只读；若声明、输入、Schema或授权漂移，既有结论自动失效并须追加新批次,未读取业务正文、价格、成交、订单簿、账户或凭据；身份字段不完整,为该成员提供当前版本九字段声明及逐字段Schema、授权和唯一证据定位后追加不可变批次,2d50c1344a835ceeb832796935182aeff80bb03cecc5465c8cf3aaccbd446acd,86129966e4bc55fac18f2d7602a2309d4403f85861102128a56a80a5a0ccc1ea,2e4cd7a6a697ba8dd3aef7d3769bbfd707e021c53b4dd051109dce97c1833638
source-identity-declaration-20260808T051008+0800-7cf99a5ed6b9,ZI-9eca828c7abfb00211600ef2,DS-000260,数据库元数据,ETH,4小时;8小时;24小时;48小时,15分钟;1小时,未知,未知,未知,未知,未知,未知,未知,未知,未知,未登记,无,config/数据/来源身份声明补采.json#身份声明[],f9cf6f2a34762867a443c0a0366a7fd63f6eb254ce171133707efd3aa521c683,401f3e557d030bd2429821a0c387907103f5a6996eed7ad975e0b5013f0313e6,未知,未知,b3a1fc5ec72ad95e258b584f936ad46befab951e0ee9e43eaa18179e34974387,无法判定,DATABASE_METADATA_IDENTITY_UNPROVEN,本批次只读；若声明、输入、Schema或授权漂移，既有结论自动失效并须追加新批次,未读取业务正文、价格、成交、订单簿、账户或凭据；身份字段不完整,为该成员提供当前版本九字段声明及逐字段Schema、授权和唯一证据定位后追加不可变批次,2d50c1344a835ceeb832796935182aeff80bb03cecc5465c8cf3aaccbd446acd,86129966e4bc55fac18f2d7602a2309d4403f85861102128a56a80a5a0ccc1ea,ec81ab868100c5f7d2718204443154d6bddc014cfd20f794820f7ee09daa8b32
source-identity-declaration-20260808T051008+0800-7cf99a5ed6b9,ZI-a9478e827e537a4e6878eb2f,DS-000261,数据库元数据,ETH,4小时;8小时;24小时;48小时,15分钟;1小时,未知,未知,未知,未知,未知,未知,未知,未知,未知,未登记,无,config/数据/来源身份声明补采.json#身份声明[],f9cf6f2a34762867a443c0a0366a7fd63f6eb254ce171133707efd3aa521c683,a9f85bb1dc0b933fe331584b1457e01f02ef7ff90e431451c038e26336977746,未知,未知,b3a1fc5ec72ad95e258b584f936ad46befab951e0ee9e43eaa18179e34974387,无法判定,DATABASE_METADATA_IDENTITY_UNPROVEN,本批次只读；若声明、输入、Schema或授权漂移，既有结论自动失效并须追加新批次,未读取业务正文、价格、成交、订单簿、账户或凭据；身份字段不完整,为该成员提供当前版本九字段声明及逐字段Schema、授权和唯一证据定位后追加不可变批次,2d50c1344a835ceeb832796935182aeff80bb03cecc5465c8cf3aaccbd446acd,86129966e4bc55fac18f2d7602a2309d4403f85861102128a56a80a5a0ccc1ea,19fbac7b21a014bdf5cd209fefb6949c972090980b29a586f6ad04d7e8ab327e
source-identity-declaration-20260808T051008+0800-7cf99a5ed6b9,ZI-f29bed3f0a71e254b51c83b3,DS-000262,数据库元数据,ETH,4小时;8小时;24小时;48小时,15分钟;1小时,未知,未知,未知,未知,未知,未知,未知,未知,未知,未登记,无,config/数据/来源身份声明补采.json#身份声明[],f9cf6f2a34762867a443c0a0366a7fd63f6eb254ce171133707efd3aa521c683,b8a6749e0560113c220e491aa3837fbbc46a199eea8b154ba402234b3fe136c3,未知,未知,b3a1fc5ec72ad95e258b584f936ad46befab951e0ee9e43eaa18179e34974387,无法判定,DATABASE_METADATA_IDENTITY_UNPROVEN,本批次只读；若声明、输入、Schema或授权漂移，既有结论自动失效并须追加新批次,未读取业务正文、价格、成交、订单簿、账户或凭据；身份字段不完整,为该成员提供当前版本九字段声明及逐字段Schema、授权和唯一证据定位后追加不可变批次,2d50c1344a835ceeb832796935182aeff80bb03cecc5465c8cf3aaccbd446acd,86129966e4bc55fac18f2d7602a2309d4403f85861102128a56a80a5a0ccc1ea,6b53c351fa31721b4c5396cda18d9f8109a5da46613ae3c594719d8c79b1b96c
source-identity-declaration-20260808T051008+0800-7cf99a5ed6b9,ZI-6aa7f974b25be7596f63688e,DS-000263,数据库元数据,ETH,4小时;8小时;24小时;48小时,15分钟;1小时,未知,未知,未知,未知,未知,未知,未知,未知,未知,未登记,无,config/数据/来源身份声明补采.json#身份声明[],f9cf6f2a34762867a443c0a0366a7fd63f6eb254ce171133707efd3aa521c683,88da7335bdb9dec72ed997ca4fa5e1dfa14b14965380d3de3b4d82bafa7ba8e6,未知,未知,b3a1fc5ec72ad95e258b584f936ad46befab951e0ee9e43eaa18179e34974387,无法判定,DATABASE_METADATA_IDENTITY_UNPROVEN,本批次只读；若声明、输入、Schema或授权漂移，既有结论自动失效并须追加新批次,未读取业务正文、价格、成交、订单簿、账户或凭据；身份字段不完整,为该成员提供当前版本九字段声明及逐字段Schema、授权和唯一证据定位后追加不可变批次,2d50c1344a835ceeb832796935182aeff80bb03cecc5465c8cf3aaccbd446acd,86129966e4bc55fac18f2d7602a2309d4403f85861102128a56a80a5a0ccc1ea,a7f451a9049e3cb9944ea45f5a2b3e97bb39f74612c05caf6a1db9be0ec50e9e
source-identity-declaration-20260808T051008+0800-7cf99a5ed6b9,ZI-e39661473025820c2f3936e3,DS-000264,数据库元数据,ETH,4小时;8小时;24小时;48小时,15分钟;1小时,未知,未知,未知,未知,未知,未知,未知,未知,未知,未登记,无,config/数据/来源身份声明补采.json#身份声明[],f9cf6f2a34762867a443c0a0366a7fd63f6eb254ce171133707efd3aa521c683,474ef8452df7b494b2e90829b34983df559699b8d2cf94b36731bfcedb517544,未知,未知,b3a1fc5ec72ad95e258b584f936ad46befab951e0ee9e43eaa18179e34974387,无法判定,DATABASE_METADATA_IDENTITY_UNPROVEN,本批次只读；若声明、输入、Schema或授权漂移，既有结论自动失效并须追加新批次,未读取业务正文、价格、成交、订单簿、账户或凭据；身份字段不完整,为该成员提供当前版本九字段声明及逐字段Schema、授权和唯一证据定位后追加不可变批次,2d50c1344a835ceeb832796935182aeff80bb03cecc5465c8cf3aaccbd446acd,86129966e4bc55fac18f2d7602a2309d4403f85861102128a56a80a5a0ccc1ea,c4a339f0b3c3fea429305d027febe48299e281ba67b42b8e24897a4c2d74d3d7
source-identity-declaration-20260808T051008+0800-7cf99a5ed6b9,ZI-f83c61b1c7dab956125c37c7,DS-000265,数据库元数据,ETH,4小时;8小时;24小时;48小时,15分钟;1小时,未知,未知,未知,未知,未知,未知,未知,未知,未知,未登记,无,config/数据/来源身份声明补采.json#身份声明[],f9cf6f2a34762867a443c0a0366a7fd63f6eb254ce171133707efd3aa521c683,5e24f63ab8f417987a50c39d32718c38ba94e1de57ac2745a718cc5ec794238a,未知,未知,b3a1fc5ec72ad95e258b584f936ad46befab951e0ee9e43eaa18179e34974387,无法判定,DATABASE_METADATA_IDENTITY_UNPROVEN,本批次只读；若声明、输入、Schema或授权漂移，既有结论自动失效并须追加新批次,未读取业务正文、价格、成交、订单簿、账户或凭据；身份字段不完整,为该成员提供当前版本九字段声明及逐字段Schema、授权和唯一证据定位后追加不可变批次,2d50c1344a835ceeb832796935182aeff80bb03cecc5465c8cf3aaccbd446acd,86129966e4bc55fac18f2d7602a2309d4403f85861102128a56a80a5a0ccc1ea,a091ee776465ee2222c2ec7b93c2be596104bc047f4f13f5e814149d3778ae04
source-identity-declaration-20260808T051008+0800-7cf99a5ed6b9,ZI-93016c2f08434388c8be5de9,DS-000266,数据库元数据,ETH,4小时;8小时;24小时;48小时,15分钟;1小时,未知,未知,未知,未知,未知,未知,未知,未知,未知,未登记,无,config/数据/来源身份声明补采.json#身份声明[],f9cf6f2a34762867a443c0a0366a7fd63f6eb254ce171133707efd3aa521c683,9ec4dbfaf5336e4c4d9f5ce4ad4098db90b8baac6f44296a4b7aa43839353d19,未知,未知,b3a1fc5ec72ad95e258b584f936ad46befab951e0ee9e43eaa18179e34974387,无法判定,DATABASE_METADATA_IDENTITY_UNPROVEN,本批次只读；若声明、输入、Schema或授权漂移，既有结论自动失效并须追加新批次,未读取业务正文、价格、成交、订单簿、账户或凭据；身份字段不完整,为该成员提供当前版本九字段声明及逐字段Schema、授权和唯一证据定位后追加不可变批次,2d50c1344a835ceeb832796935182aeff80bb03cecc5465c8cf3aaccbd446acd,86129966e4bc55fac18f2d7602a2309d4403f85861102128a56a80a5a0ccc1ea,a2fc054ba2abe3b4f190d59fbc3941cc1838d4c72b1ba97a448a3bad4ca865e3
source-identity-declaration-20260808T051008+0800-7cf99a5ed6b9,ZI-4dc005cfa35f65f4ae1ad906,DS-000267,数据库元数据,ETH,4小时;8小时;24小时;48小时,15分钟;1小时,未知,未知,未知,未知,未知,未知,未知,未知,未知,未登记,无,config/数据/来源身份声明补采.json#身份声明[],f9cf6f2a34762867a443c0a0366a7fd63f6eb254ce171133707efd3aa521c683,e7f6d4ff14fbb9aee41d9c66f271b8ce269ce023dbdbbce5c6f48152b31da3ef,未知,未知,b3a1fc5ec72ad95e258b584f936ad46befab951e0ee9e43eaa18179e34974387,无法判定,DATABASE_METADATA_IDENTITY_UNPROVEN,本批次只读；若声明、输入、Schema或授权漂移，既有结论自动失效并须追加新批次,未读取业务正文、价格、成交、订单簿、账户或凭据；身份字段不完整,为该成员提供当前版本九字段声明及逐字段Schema、授权和唯一证据定位后追加不可变批次,2d50c1344a835ceeb832796935182aeff80bb03cecc5465c8cf3aaccbd446acd,86129966e4bc55fac18f2d7602a2309d4403f85861102128a56a80a5a0ccc1ea,4a249dbbc7d90dda5250c224eb109eb0b26233ad931335a5a3adc17e335f775d
source-identity-declaration-20260808T051008+0800-7cf99a5ed6b9,ZI-827070ff91d17f4ef1f978bb,DS-000268,数据库元数据,ETH,4小时;8小时;24小时;48小时,15分钟;1小时,未知,未知,未知,未知,未知,未知,未知,未知,未知,未登记,无,config/数据/来源身份声明补采.json#身份声明[],f9cf6f2a34762867a443c0a0366a7fd63f6eb254ce171133707efd3aa521c683,4803e9627f705d300d20509eaf83377393d2e5744750aedc6e586f6548fca8cf,未知,未知,b3a1fc5ec72ad95e258b584f936ad46befab951e0ee9e43eaa18179e34974387,无法判定,DATABASE_METADATA_IDENTITY_UNPROVEN,本批次只读；若声明、输入、Schema或授权漂移，既有结论自动失效并须追加新批次,未读取业务正文、价格、成交、订单簿、账户或凭据；身份字段不完整,为该成员提供当前版本九字段声明及逐字段Schema、授权和唯一证据定位后追加不可变批次,2d50c1344a835ceeb832796935182aeff80bb03cecc5465c8cf3aaccbd446acd,86129966e4bc55fac18f2d7602a2309d4403f85861102128a56a80a5a0ccc1ea,bca20d2d7f21509bd15a4265d49477124afac2cc7201e1164a4cc5a4ca6656ac
source-identity-declaration-20260808T051008+0800-7cf99a5ed6b9,ZI-d8ee305d7e2a2eaae8afc53b,DS-000269,数据库元数据,ETH,4小时;8小时;24小时;48小时,15分钟;1小时,未知,未知,未知,未知,未知,未知,未知,未知,未知,未登记,无,config/数据/来源身份声明补采.json#身份声明[],f9cf6f2a34762867a443c0a0366a7fd63f6eb254ce171133707efd3aa521c683,306e9d1ebd248b8aaea8e6db506482b6fb9679820c694bb23bc5d54912fe5e05,未知,未知,b3a1fc5ec72ad95e258b584f936ad46befab951e0ee9e43eaa18179e34974387,无法判定,DATABASE_METADATA_IDENTITY_UNPROVEN,本批次只读；若声明、输入、Schema或授权漂移，既有结论自动失效并须追加新批次,未读取业务正文、价格、成交、订单簿、账户或凭据；身份字段不完整,为该成员提供当前版本九字段声明及逐字段Schema、授权和唯一证据定位后追加不可变批次,2d50c1344a835ceeb832796935182aeff80bb03cecc5465c8cf3aaccbd446acd,86129966e4bc55fac18f2d7602a2309d4403f85861102128a56a80a5a0ccc1ea,5bec7307d8fe9a70967240128a570972c3cb6482373b4f75271baea93a7c5583
source-identity-declaration-20260808T051008+0800-7cf99a5ed6b9,ZI-bb10b091e630f2c5f8d067dc,DS-000270,数据库元数据,ETH,4小时;8小时;24小时;48小时,15分钟;1小时,未知,未知,未知,未知,未知,未知,未知,未知,未知,未登记,无,config/数据/来源身份声明补采.json#身份声明[],f9cf6f2a34762867a443c0a0366a7fd63f6eb254ce171133707efd3aa521c683,95f8505a488937ebddda6f0e9846dfdf89d1295922aaa46fa86f783e28904115,未知,未知,b3a1fc5ec72ad95e258b584f936ad46befab951e0ee9e43eaa18179e34974387,无法判定,DATABASE_METADATA_IDENTITY_UNPROVEN,本批次只读；若声明、输入、Schema或授权漂移，既有结论自动失效并须追加新批次,未读取业务正文、价格、成交、订单簿、账户或凭据；身份字段不完整,为该成员提供当前版本九字段声明及逐字段Schema、授权和唯一证据定位后追加不可变批次,2d50c1344a835ceeb832796935182aeff80bb03cecc5465c8cf3aaccbd446acd,86129966e4bc55fac18f2d7602a2309d4403f85861102128a56a80a5a0ccc1ea,01d1355464912132be31cadb638cbc4ce1d6fa914d5eb734af0255145cb6554c
source-identity-declaration-20260808T051008+0800-7cf99a5ed6b9,ZI-17ba1f1ac29398cf97340b28,DS-000271,数据库元数据,ETH,4小时;8小时;24小时;48小时,15分钟;1小时,未知,未知,未知,未知,未知,未知,未知,未知,未知,未登记,无,config/数据/来源身份声明补采.json#身份声明[],f9cf6f2a34762867a443c0a0366a7fd63f6eb254ce171133707efd3aa521c683,f604d30fca95af10cef6f2d1d42f0a77ca097a72e2a4892d7695ea06b814087e,未知,未知,b3a1fc5ec72ad95e258b584f936ad46befab951e0ee9e43eaa18179e34974387,无法判定,DATABASE_METADATA_IDENTITY_UNPROVEN,本批次只读；若声明、输入、Schema或授权漂移，既有结论自动失效并须追加新批次,未读取业务正文、价格、成交、订单簿、账户或凭据；身份字段不完整,为该成员提供当前版本九字段声明及逐字段Schema、授权和唯一证据定位后追加不可变批次,2d50c1344a835ceeb832796935182aeff80bb03cecc5465c8cf3aaccbd446acd,86129966e4bc55fac18f2d7602a2309d4403f85861102128a56a80a5a0ccc1ea,b36494094a484afccffae951e781dcac449ebe3706725b6868e2437f2dd4bcc7
source-identity-declaration-20260808T051008+0800-7cf99a5ed6b9,ZI-eebaaf0844841bd1a3649f6c,DS-000272,数据库元数据,ETH,4小时;8小时;24小时;48小时,15分钟;1小时,未知,未知,未知,未知,未知,未知,未知,未知,未知,未登记,无,config/数据/来源身份声明补采.json#身份声明[],f9cf6f2a34762867a443c0a0366a7fd63f6eb254ce171133707efd3aa521c683,7790a7096a82194b8ce40632577b34f15029864f0d73ca67f2309a4a5771c546,未知,未知,b3a1fc5ec72ad95e258b584f936ad46befab951e0ee9e43eaa18179e34974387,无法判定,DATABASE_METADATA_IDENTITY_UNPROVEN,本批次只读；若声明、输入、Schema或授权漂移，既有结论自动失效并须追加新批次,未读取业务正文、价格、成交、订单簿、账户或凭据；身份字段不完整,为该成员提供当前版本九字段声明及逐字段Schema、授权和唯一证据定位后追加不可变批次,2d50c1344a835ceeb832796935182aeff80bb03cecc5465c8cf3aaccbd446acd,86129966e4bc55fac18f2d7602a2309d4403f85861102128a56a80a5a0ccc1ea,99de75024148c8c4fbd667940912fc56c04d0749f4d87d6977bc07a8564b1c0a
source-identity-declaration-20260808T051008+0800-7cf99a5ed6b9,ZI-a80e072df8f612821d6e6d49,DS-000273,数据库元数据,ETH,4小时;8小时;24小时;48小时,15分钟;1小时,未知,未知,未知,未知,未知,未知,未知,未知,未知,未登记,无,config/数据/来源身份声明补采.json#身份声明[],f9cf6f2a34762867a443c0a0366a7fd63f6eb254ce171133707efd3aa521c683,a644234938a03b68cc0be912f99fd12eecc36270251217d470225f7047a900e1,未知,未知,b3a1fc5ec72ad95e258b584f936ad46befab951e0ee9e43eaa18179e34974387,无法判定,DATABASE_METADATA_IDENTITY_UNPROVEN,本批次只读；若声明、输入、Schema或授权漂移，既有结论自动失效并须追加新批次,未读取业务正文、价格、成交、订单簿、账户或凭据；身份字段不完整,为该成员提供当前版本九字段声明及逐字段Schema、授权和唯一证据定位后追加不可变批次,2d50c1344a835ceeb832796935182aeff80bb03cecc5465c8cf3aaccbd446acd,86129966e4bc55fac18f2d7602a2309d4403f85861102128a56a80a5a0ccc1ea,6e6df621943f6703ffd9ce887233afb329555cf8fcb4061e9761c745e516ce4d
source-identity-declaration-20260808T051008+0800-7cf99a5ed6b9,ZI-3f44a87d788d10b95a30c249,DS-000274,数据库元数据,ETH,4小时;8小时;24小时;48小时,15分钟;1小时,未知,未知,未知,未知,未知,未知,未知,未知,未知,未登记,无,config/数据/来源身份声明补采.json#身份声明[],f9cf6f2a34762867a443c0a0366a7fd63f6eb254ce171133707efd3aa521c683,56318299b0d280227cabfa2f1672b2c87315c5e40fbfae0740be47ade1d1af81,未知,未知,b3a1fc5ec72ad95e258b584f936ad46befab951e0ee9e43eaa18179e34974387,无法判定,DATABASE_METADATA_IDENTITY_UNPROVEN,本批次只读；若声明、输入、Schema或授权漂移，既有结论自动失效并须追加新批次,未读取业务正文、价格、成交、订单簿、账户或凭据；身份字段不完整,为该成员提供当前版本九字段声明及逐字段Schema、授权和唯一证据定位后追加不可变批次,2d50c1344a835ceeb832796935182aeff80bb03cecc5465c8cf3aaccbd446acd,86129966e4bc55fac18f2d7602a2309d4403f85861102128a56a80a5a0ccc1ea,81116f15386e6ce5413f3e87d151bbc581f256134dfed0c96ccbb2669595446c
source-identity-declaration-20260808T051008+0800-7cf99a5ed6b9,ZI-62772b32407692854e1b95ac,DS-000275,数据库元数据,ETH,4小时;8小时;24小时;48小时,15分钟;1小时,未知,未知,未知,未知,未知,未知,未知,未知,未知,未登记,无,config/数据/来源身份声明补采.json#身份声明[],f9cf6f2a34762867a443c0a0366a7fd63f6eb254ce171133707efd3aa521c683,73610ec234845390268c10b094aaa11475cbf536d943f9b58d68fb3b943ab020,未知,未知,b3a1fc5ec72ad95e258b584f936ad46befab951e0ee9e43eaa18179e34974387,无法判定,DATABASE_METADATA_IDENTITY_UNPROVEN,本批次只读；若声明、输入、Schema或授权漂移，既有结论自动失效并须追加新批次,未读取业务正文、价格、成交、订单簿、账户或凭据；身份字段不完整,为该成员提供当前版本九字段声明及逐字段Schema、授权和唯一证据定位后追加不可变批次,2d50c1344a835ceeb832796935182aeff80bb03cecc5465c8cf3aaccbd446acd,86129966e4bc55fac18f2d7602a2309d4403f85861102128a56a80a5a0ccc1ea,e4be5b72ac23e8ed846e0a198c4649cce69766a1f5a8707f65fa60f7199c8b6c
source-identity-declaration-20260808T051008+0800-7cf99a5ed6b9,ZI-4a98d425a04a5267f443db5e,DS-000276,数据库元数据,ETH,4小时;8小时;24小时;48小时,15分钟;1小时,未知,未知,未知,未知,未知,未知,未知,未知,未知,未登记,无,config/数据/来源身份声明补采.json#身份声明[],f9cf6f2a34762867a443c0a0366a7fd63f6eb254ce171133707efd3aa521c683,63d1274ea3fb1103b26995399caac6aa6b1ff7dc21c80113d3c7a5ee47a9c26b,未知,未知,b3a1fc5ec72ad95e258b584f936ad46befab951e0ee9e43eaa18179e34974387,无法判定,DATABASE_METADATA_IDENTITY_UNPROVEN,本批次只读；若声明、输入、Schema或授权漂移，既有结论自动失效并须追加新批次,未读取业务正文、价格、成交、订单簿、账户或凭据；身份字段不完整,为该成员提供当前版本九字段声明及逐字段Schema、授权和唯一证据定位后追加不可变批次,2d50c1344a835ceeb832796935182aeff80bb03cecc5465c8cf3aaccbd446acd,86129966e4bc55fac18f2d7602a2309d4403f85861102128a56a80a5a0ccc1ea,2b665069ef522c5338bd79062e205695052425efc66f8ba4babf8b90136abb45
source-identity-declaration-20260808T051008+0800-7cf99a5ed6b9,ZI-8c6daa7a9cd03f72c0bb230c,DS-000277,数据库元数据,ETH,4小时;8小时;24小时;48小时,15分钟;1小时,未知,未知,未知,未知,未知,未知,未知,未知,未知,未登记,无,config/数据/来源身份声明补采.json#身份声明[],f9cf6f2a34762867a443c0a0366a7fd63f6eb254ce171133707efd3aa521c683,e503bb6f17a82b37b897771791caaa1e29e80668c0428f0681b923834b9065f5,未知,未知,b3a1fc5ec72ad95e258b584f936ad46befab951e0ee9e43eaa18179e34974387,无法判定,DATABASE_METADATA_IDENTITY_UNPROVEN,本批次只读；若声明、输入、Schema或授权漂移，既有结论自动失效并须追加新批次,未读取业务正文、价格、成交、订单簿、账户或凭据；身份字段不完整,为该成员提供当前版本九字段声明及逐字段Schema、授权和唯一证据定位后追加不可变批次,2d50c1344a835ceeb832796935182aeff80bb03cecc5465c8cf3aaccbd446acd,86129966e4bc55fac18f2d7602a2309d4403f85861102128a56a80a5a0ccc1ea,ce162b60886c3a4e6e8e617c8f363c426dd4d657657c7db411f15ec7351dfdc8
source-identity-declaration-20260808T051008+0800-7cf99a5ed6b9,ZI-f5038d3566b0a032bcaf46c3,DS-000278,数据库元数据,ETH,4小时;8小时;24小时;48小时,15分钟;1小时,未知,未知,未知,未知,未知,未知,未知,未知,未知,未登记,无,config/数据/来源身份声明补采.json#身份声明[],f9cf6f2a34762867a443c0a0366a7fd63f6eb254ce171133707efd3aa521c683,fa4552653682a5a645abc7d003707a2b955e9f15d42bfe64289d2fb28e2a191b,未知,未知,b3a1fc5ec72ad95e258b584f936ad46befab951e0ee9e43eaa18179e34974387,无法判定,DATABASE_METADATA_IDENTITY_UNPROVEN,本批次只读；若声明、输入、Schema或授权漂移，既有结论自动失效并须追加新批次,未读取业务正文、价格、成交、订单簿、账户或凭据；身份字段不完整,为该成员提供当前版本九字段声明及逐字段Schema、授权和唯一证据定位后追加不可变批次,2d50c1344a835ceeb832796935182aeff80bb03cecc5465c8cf3aaccbd446acd,86129966e4bc55fac18f2d7602a2309d4403f85861102128a56a80a5a0ccc1ea,bd1c487e00cd76201a1ae5e3e0a635f57a6d10c72de8088c731d20e5fed5e839
source-identity-declaration-20260808T051008+0800-7cf99a5ed6b9,ZI-99863edc37bbc5802f2709fe,DS-000279,数据库元数据,ETH,4小时;8小时;24小时;48小时,15分钟;1小时,未知,未知,未知,未知,未知,未知,未知,未知,未知,未登记,无,config/数据/来源身份声明补采.json#身份声明[],f9cf6f2a34762867a443c0a0366a7fd63f6eb254ce171133707efd3aa521c683,2d111721e4691350f2689d5218c339e609ff789ab1ffd957cf1e86f6c2e28de6,未知,未知,b3a1fc5ec72ad95e258b584f936ad46befab951e0ee9e43eaa18179e34974387,无法判定,DATABASE_METADATA_IDENTITY_UNPROVEN,本批次只读；若声明、输入、Schema或授权漂移，既有结论自动失效并须追加新批次,未读取业务正文、价格、成交、订单簿、账户或凭据；身份字段不完整,为该成员提供当前版本九字段声明及逐字段Schema、授权和唯一证据定位后追加不可变批次,2d50c1344a835ceeb832796935182aeff80bb03cecc5465c8cf3aaccbd446acd,86129966e4bc55fac18f2d7602a2309d4403f85861102128a56a80a5a0ccc1ea,759a18fa5a09b5cd55827499c4d6a86583fb892153f70e9316a6abb5d3b81ad5
source-identity-declaration-20260808T051008+0800-7cf99a5ed6b9,ZI-4838a8566ae6f1897291aaa8,DS-000280,数据库元数据,ETH,4小时;8小时;24小时;48小时,15分钟;1小时,未知,未知,未知,未知,未知,未知,未知,未知,未知,未登记,无,config/数据/来源身份声明补采.json#身份声明[],f9cf6f2a34762867a443c0a0366a7fd63f6eb254ce171133707efd3aa521c683,cac55077234265c74dafb73c9f43c185891c7807117d29f5189237391804df69,未知,未知,b3a1fc5ec72ad95e258b584f936ad46befab951e0ee9e43eaa18179e34974387,无法判定,DATABASE_METADATA_IDENTITY_UNPROVEN,本批次只读；若声明、输入、Schema或授权漂移，既有结论自动失效并须追加新批次,未读取业务正文、价格、成交、订单簿、账户或凭据；身份字段不完整,为该成员提供当前版本九字段声明及逐字段Schema、授权和唯一证据定位后追加不可变批次,2d50c1344a835ceeb832796935182aeff80bb03cecc5465c8cf3aaccbd446acd,86129966e4bc55fac18f2d7602a2309d4403f85861102128a56a80a5a0ccc1ea,5a830099b1ed0e1284f838a52916d2279359e67abb2d719030f186972760f40f
source-identity-declaration-20260808T051008+0800-7cf99a5ed6b9,ZI-ac1a52eb589873b5de99bc78,DS-000281,数据库元数据,ETH,4小时;8小时;24小时;48小时,15分钟;1小时,未知,未知,未知,未知,未知,未知,未知,未知,未知,未登记,无,config/数据/来源身份声明补采.json#身份声明[],f9cf6f2a34762867a443c0a0366a7fd63f6eb254ce171133707efd3aa521c683,741c6415aff8d57d93fa7fc8db0f4bb0ff4bbf74847310eda08d9494ab0c9d11,未知,未知,b3a1fc5ec72ad95e258b584f936ad46befab951e0ee9e43eaa18179e34974387,无法判定,DATABASE_METADATA_IDENTITY_UNPROVEN,本批次只读；若声明、输入、Schema或授权漂移，既有结论自动失效并须追加新批次,未读取业务正文、价格、成交、订单簿、账户或凭据；身份字段不完整,为该成员提供当前版本九字段声明及逐字段Schema、授权和唯一证据定位后追加不可变批次,2d50c1344a835ceeb832796935182aeff80bb03cecc5465c8cf3aaccbd446acd,86129966e4bc55fac18f2d7602a2309d4403f85861102128a56a80a5a0ccc1ea,270e8fbd2638a32c32e4973ab66033b1db553d11b06c9321cfe9d59903fcbec4
source-identity-declaration-20260808T051008+0800-7cf99a5ed6b9,ZI-bb8a6e82da48e6ac96cf106f,DS-000282,数据库元数据,ETH,4小时;8小时;24小时;48小时,15分钟;1小时,未知,未知,未知,未知,未知,未知,未知,未知,未知,未登记,无,config/数据/来源身份声明补采.json#身份声明[],f9cf6f2a34762867a443c0a0366a7fd63f6eb254ce171133707efd3aa521c683,cc517e52dad87d6b0eb540fd207279b11705531034a2728e4ef4b5a54557fd22,未知,未知,b3a1fc5ec72ad95e258b584f936ad46befab951e0ee9e43eaa18179e34974387,无法判定,DATABASE_METADATA_IDENTITY_UNPROVEN,本批次只读；若声明、输入、Schema或授权漂移，既有结论自动失效并须追加新批次,未读取业务正文、价格、成交、订单簿、账户或凭据；身份字段不完整,为该成员提供当前版本九字段声明及逐字段Schema、授权和唯一证据定位后追加不可变批次,2d50c1344a835ceeb832796935182aeff80bb03cecc5465c8cf3aaccbd446acd,86129966e4bc55fac18f2d7602a2309d4403f85861102128a56a80a5a0ccc1ea,3f12413e7cea96b2928758aca8e4aa40ca61b7b0ee8ca54859680413d55fa7c9
source-identity-declaration-20260808T051008+0800-7cf99a5ed6b9,ZI-b6f9c3dac81cba3b88c55ccc,DS-000283,数据库元数据,ETH,4小时;8小时;24小时;48小时,15分钟;1小时,未知,未知,未知,未知,未知,未知,未知,未知,未知,未登记,无,config/数据/来源身份声明补采.json#身份声明[],f9cf6f2a34762867a443c0a0366a7fd63f6eb254ce171133707efd3aa521c683,7588ce35230cdca962b93d28bc9de83f177f830d6bb53403b474a03a29596210,未知,未知,b3a1fc5ec72ad95e258b584f936ad46befab951e0ee9e43eaa18179e34974387,无法判定,DATABASE_METADATA_IDENTITY_UNPROVEN,本批次只读；若声明、输入、Schema或授权漂移，既有结论自动失效并须追加新批次,未读取业务正文、价格、成交、订单簿、账户或凭据；身份字段不完整,为该成员提供当前版本九字段声明及逐字段Schema、授权和唯一证据定位后追加不可变批次,2d50c1344a835ceeb832796935182aeff80bb03cecc5465c8cf3aaccbd446acd,86129966e4bc55fac18f2d7602a2309d4403f85861102128a56a80a5a0ccc1ea,9b6b2244ea729d026d7789152205d26e2a4f6f99c6f50f2a1b4c334c27fa2140
source-identity-declaration-20260808T051008+0800-7cf99a5ed6b9,ZI-33515fc4212b910c8704867b,DS-000284,数据库元数据,ETH,4小时;8小时;24小时;48小时,15分钟;1小时,未知,未知,未知,未知,未知,未知,未知,未知,未知,未登记,无,config/数据/来源身份声明补采.json#身份声明[],f9cf6f2a34762867a443c0a0366a7fd63f6eb254ce171133707efd3aa521c683,0809927212405ebae149f168b347d25ea15f080cd46ffe4f4dcf4e78c2021a92,未知,未知,b3a1fc5ec72ad95e258b584f936ad46befab951e0ee9e43eaa18179e34974387,无法判定,DATABASE_METADATA_IDENTITY_UNPROVEN,本批次只读；若声明、输入、Schema或授权漂移，既有结论自动失效并须追加新批次,未读取业务正文、价格、成交、订单簿、账户或凭据；身份字段不完整,为该成员提供当前版本九字段声明及逐字段Schema、授权和唯一证据定位后追加不可变批次,2d50c1344a835ceeb832796935182aeff80bb03cecc5465c8cf3aaccbd446acd,86129966e4bc55fac18f2d7602a2309d4403f85861102128a56a80a5a0ccc1ea,504fd798ffed20c9ad8ba29ec2aebc63f117ccee4efd3650fa66b9c7e238a3b9
source-identity-declaration-20260808T051008+0800-7cf99a5ed6b9,ZI-f9dd85c76eb8176d00956078,DS-000285,数据库元数据,ETH,4小时;8小时;24小时;48小时,15分钟;1小时,未知,未知,未知,未知,未知,未知,未知,未知,未知,未登记,无,config/数据/来源身份声明补采.json#身份声明[],f9cf6f2a34762867a443c0a0366a7fd63f6eb254ce171133707efd3aa521c683,59f4b36536bca90c9ccbe3ed41c85a0edc295a6957a22310fb2e2dbacb47bd59,未知,未知,b3a1fc5ec72ad95e258b584f936ad46befab951e0ee9e43eaa18179e34974387,无法判定,DATABASE_METADATA_IDENTITY_UNPROVEN,本批次只读；若声明、输入、Schema或授权漂移，既有结论自动失效并须追加新批次,未读取业务正文、价格、成交、订单簿、账户或凭据；身份字段不完整,为该成员提供当前版本九字段声明及逐字段Schema、授权和唯一证据定位后追加不可变批次,2d50c1344a835ceeb832796935182aeff80bb03cecc5465c8cf3aaccbd446acd,86129966e4bc55fac18f2d7602a2309d4403f85861102128a56a80a5a0ccc1ea,9e3831cdd198bf0b89bc283616197d0035b231c1814ea4bb6425d6b52394d51b
source-identity-declaration-20260808T051008+0800-7cf99a5ed6b9,ZI-2405f3bbc3b633e85a083048,DS-000286,数据库元数据,ETH,4小时;8小时;24小时;48小时,15分钟;1小时,未知,未知,未知,未知,未知,未知,未知,未知,未知,未登记,无,config/数据/来源身份声明补采.json#身份声明[],f9cf6f2a34762867a443c0a0366a7fd63f6eb254ce171133707efd3aa521c683,845babdf7e1c3899916b9ca2f8a07abca6ea658ee7c99bc5a8581722420e6866,未知,未知,b3a1fc5ec72ad95e258b584f936ad46befab951e0ee9e43eaa18179e34974387,无法判定,DATABASE_METADATA_IDENTITY_UNPROVEN,本批次只读；若声明、输入、Schema或授权漂移，既有结论自动失效并须追加新批次,未读取业务正文、价格、成交、订单簿、账户或凭据；身份字段不完整,为该成员提供当前版本九字段声明及逐字段Schema、授权和唯一证据定位后追加不可变批次,2d50c1344a835ceeb832796935182aeff80bb03cecc5465c8cf3aaccbd446acd,86129966e4bc55fac18f2d7602a2309d4403f85861102128a56a80a5a0ccc1ea,c57814a0af629ff7417efe4cc7c9ea3fc2c3b718b6b3e00bd135e6ee57b4104d
source-identity-declaration-20260808T051008+0800-7cf99a5ed6b9,ZI-4a3a0907e7d9408d9324f32f,DS-000287,数据库元数据,ETH,4小时;8小时;24小时;48小时,15分钟;1小时,未知,未知,未知,未知,未知,未知,未知,未知,未知,未登记,无,config/数据/来源身份声明补采.json#身份声明[],f9cf6f2a34762867a443c0a0366a7fd63f6eb254ce171133707efd3aa521c683,098c9d16ac6b41d35e97a530549ca546b60c896225a4fb6c961fd5040621acdd,未知,未知,b3a1fc5ec72ad95e258b584f936ad46befab951e0ee9e43eaa18179e34974387,无法判定,DATABASE_METADATA_IDENTITY_UNPROVEN,本批次只读；若声明、输入、Schema或授权漂移，既有结论自动失效并须追加新批次,未读取业务正文、价格、成交、订单簿、账户或凭据；身份字段不完整,为该成员提供当前版本九字段声明及逐字段Schema、授权和唯一证据定位后追加不可变批次,2d50c1344a835ceeb832796935182aeff80bb03cecc5465c8cf3aaccbd446acd,86129966e4bc55fac18f2d7602a2309d4403f85861102128a56a80a5a0ccc1ea,f72ea292554de9a5333301e1372d1026ef9015fe9065c99bc94db7b2da07a8ff
source-identity-declaration-20260808T051008+0800-7cf99a5ed6b9,ZI-5a9a391a9e494adad93ed2a1,DS-000288,数据库元数据,ETH,4小时;8小时;24小时;48小时,15分钟;1小时,未知,未知,未知,未知,未知,未知,未知,未知,未知,未登记,无,config/数据/来源身份声明补采.json#身份声明[],f9cf6f2a34762867a443c0a0366a7fd63f6eb254ce171133707efd3aa521c683,0ce0fdb691110e99627216dcd51afe9a507bfdb7bddb9a15e93a834ce1b6bbba,未知,未知,b3a1fc5ec72ad95e258b584f936ad46befab951e0ee9e43eaa18179e34974387,无法判定,DATABASE_METADATA_IDENTITY_UNPROVEN,本批次只读；若声明、输入、Schema或授权漂移，既有结论自动失效并须追加新批次,未读取业务正文、价格、成交、订单簿、账户或凭据；身份字段不完整,为该成员提供当前版本九字段声明及逐字段Schema、授权和唯一证据定位后追加不可变批次,2d50c1344a835ceeb832796935182aeff80bb03cecc5465c8cf3aaccbd446acd,86129966e4bc55fac18f2d7602a2309d4403f85861102128a56a80a5a0ccc1ea,3fd8091ad6b1428b4df3b0b9de6ee72ba1e926bc17ec210b385e8e00b46611fa
source-identity-declaration-20260808T051008+0800-7cf99a5ed6b9,ZI-c69fb4ea6efa32472592021e,DS-000289,数据库元数据,ETH,4小时;8小时;24小时;48小时,15分钟;1小时,未知,未知,未知,未知,未知,未知,未知,未知,未知,未登记,无,config/数据/来源身份声明补采.json#身份声明[],f9cf6f2a34762867a443c0a0366a7fd63f6eb254ce171133707efd3aa521c683,facb3f58201be1d0111803a0969dfc2571e3fb220f2550a6773c2c5ec9e6704b,未知,未知,b3a1fc5ec72ad95e258b584f936ad46befab951e0ee9e43eaa18179e34974387,无法判定,DATABASE_METADATA_IDENTITY_UNPROVEN,本批次只读；若声明、输入、Schema或授权漂移，既有结论自动失效并须追加新批次,未读取业务正文、价格、成交、订单簿、账户或凭据；身份字段不完整,为该成员提供当前版本九字段声明及逐字段Schema、授权和唯一证据定位后追加不可变批次,2d50c1344a835ceeb832796935182aeff80bb03cecc5465c8cf3aaccbd446acd,86129966e4bc55fac18f2d7602a2309d4403f85861102128a56a80a5a0ccc1ea,166694af6d56b469910cc73369fc949151d01893e330c52ae8a133a2f4ea0213
source-identity-declaration-20260808T051008+0800-7cf99a5ed6b9,ZI-e83b0ea0cb4edb6fa92ef211,DS-000290,数据库元数据,ETH,4小时;8小时;24小时;48小时,15分钟;1小时,未知,未知,未知,未知,未知,未知,未知,未知,未知,未登记,无,config/数据/来源身份声明补采.json#身份声明[],f9cf6f2a34762867a443c0a0366a7fd63f6eb254ce171133707efd3aa521c683,0161ed81721e89e4a3e6e49b017ca55645bd50ed66c63efb03184e7edd6322fa,未知,未知,b3a1fc5ec72ad95e258b584f936ad46befab951e0ee9e43eaa18179e34974387,无法判定,DATABASE_METADATA_IDENTITY_UNPROVEN,本批次只读；若声明、输入、Schema或授权漂移，既有结论自动失效并须追加新批次,未读取业务正文、价格、成交、订单簿、账户或凭据；身份字段不完整,为该成员提供当前版本九字段声明及逐字段Schema、授权和唯一证据定位后追加不可变批次,2d50c1344a835ceeb832796935182aeff80bb03cecc5465c8cf3aaccbd446acd,86129966e4bc55fac18f2d7602a2309d4403f85861102128a56a80a5a0ccc1ea,123a429b66d1b0ab9054b2100c58ea2ee2b9676e0923247b0d69ab261b1edfc3
source-identity-declaration-20260808T051008+0800-7cf99a5ed6b9,ZI-d8011c433ebd2138a2305438,DS-000291,数据库元数据,ETH,4小时;8小时;24小时;48小时,15分钟;1小时,未知,未知,未知,未知,未知,未知,未知,未知,未知,未登记,无,config/数据/来源身份声明补采.json#身份声明[],f9cf6f2a34762867a443c0a0366a7fd63f6eb254ce171133707efd3aa521c683,741fe59e6e2697d5dd227a7490ee195cc6895ce04818fde2fb5fbe2034a2ce81,未知,未知,b3a1fc5ec72ad95e258b584f936ad46befab951e0ee9e43eaa18179e34974387,无法判定,DATABASE_METADATA_IDENTITY_UNPROVEN,本批次只读；若声明、输入、Schema或授权漂移，既有结论自动失效并须追加新批次,未读取业务正文、价格、成交、订单簿、账户或凭据；身份字段不完整,为该成员提供当前版本九字段声明及逐字段Schema、授权和唯一证据定位后追加不可变批次,2d50c1344a835ceeb832796935182aeff80bb03cecc5465c8cf3aaccbd446acd,86129966e4bc55fac18f2d7602a2309d4403f85861102128a56a80a5a0ccc1ea,6f8f39d9b1e1cb03d868f2460354681948d28e31daa422cea433bc6a677c0a9e
source-identity-declaration-20260808T051008+0800-7cf99a5ed6b9,ZI-8fbd9976355cbb8be5048b7f,DS-000292,数据库元数据,ETH,4小时;8小时;24小时;48小时,15分钟;1小时,未知,未知,未知,未知,未知,未知,未知,未知,未知,未登记,无,config/数据/来源身份声明补采.json#身份声明[],f9cf6f2a34762867a443c0a0366a7fd63f6eb254ce171133707efd3aa521c683,d27b1f879c69916fdbbaa57607231145c16481c1e44a97e1b215aecb1cf8560a,未知,未知,b3a1fc5ec72ad95e258b584f936ad46befab951e0ee9e43eaa18179e34974387,无法判定,DATABASE_METADATA_IDENTITY_UNPROVEN,本批次只读；若声明、输入、Schema或授权漂移，既有结论自动失效并须追加新批次,未读取业务正文、价格、成交、订单簿、账户或凭据；身份字段不完整,为该成员提供当前版本九字段声明及逐字段Schema、授权和唯一证据定位后追加不可变批次,2d50c1344a835ceeb832796935182aeff80bb03cecc5465c8cf3aaccbd446acd,86129966e4bc55fac18f2d7602a2309d4403f85861102128a56a80a5a0ccc1ea,97bb4aed6106ec2c653bf58f0b9023b60fff2785c39be80cfa35cd828e31ba73
source-identity-declaration-20260808T051008+0800-7cf99a5ed6b9,ZI-4063df41f07d941306cf1d83,DS-000293,数据库元数据,ETH,4小时;8小时;24小时;48小时,15分钟;1小时,未知,未知,未知,未知,未知,未知,未知,未知,未知,未登记,无,config/数据/来源身份声明补采.json#身份声明[],f9cf6f2a34762867a443c0a0366a7fd63f6eb254ce171133707efd3aa521c683,905b8dcd9947a77fdc3bbd98eb8e21ae6935385a23c6b59bc3a9a9bf490a11ee,未知,未知,b3a1fc5ec72ad95e258b584f936ad46befab951e0ee9e43eaa18179e34974387,无法判定,DATABASE_METADATA_IDENTITY_UNPROVEN,本批次只读；若声明、输入、Schema或授权漂移，既有结论自动失效并须追加新批次,未读取业务正文、价格、成交、订单簿、账户或凭据；身份字段不完整,为该成员提供当前版本九字段声明及逐字段Schema、授权和唯一证据定位后追加不可变批次,2d50c1344a835ceeb832796935182aeff80bb03cecc5465c8cf3aaccbd446acd,86129966e4bc55fac18f2d7602a2309d4403f85861102128a56a80a5a0ccc1ea,eb24e8ae95e025534516e0ae3ff3d1d73ac2284bca7a6dbc71c5af72ae456e95
source-identity-declaration-20260808T051008+0800-7cf99a5ed6b9,ZI-4cc05befd7c25420d6616745,DS-000294,数据库元数据,ETH,4小时;8小时;24小时;48小时,15分钟;1小时,未知,未知,未知,未知,未知,未知,未知,未知,未知,未登记,无,config/数据/来源身份声明补采.json#身份声明[],f9cf6f2a34762867a443c0a0366a7fd63f6eb254ce171133707efd3aa521c683,6e0cb2f1b1667a8715c214ba9ec6ae7deec4b615f5f7be131aa817f0a8ad2f6f,未知,未知,b3a1fc5ec72ad95e258b584f936ad46befab951e0ee9e43eaa18179e34974387,无法判定,DATABASE_METADATA_IDENTITY_UNPROVEN,本批次只读；若声明、输入、Schema或授权漂移，既有结论自动失效并须追加新批次,未读取业务正文、价格、成交、订单簿、账户或凭据；身份字段不完整,为该成员提供当前版本九字段声明及逐字段Schema、授权和唯一证据定位后追加不可变批次,2d50c1344a835ceeb832796935182aeff80bb03cecc5465c8cf3aaccbd446acd,86129966e4bc55fac18f2d7602a2309d4403f85861102128a56a80a5a0ccc1ea,4db9b909607d46b96d1a37742dadc62421035e90c3e72c56f1075f11934ac836
source-identity-declaration-20260808T051008+0800-7cf99a5ed6b9,ZI-144ccc0a1a75fb0a53e5d6a3,DS-000295,数据库元数据,ETH,4小时;8小时;24小时;48小时,15分钟;1小时,未知,未知,未知,未知,未知,未知,未知,未知,未知,未登记,无,config/数据/来源身份声明补采.json#身份声明[],f9cf6f2a34762867a443c0a0366a7fd63f6eb254ce171133707efd3aa521c683,00b0e1303584f388a94ca8df6de78fd456403f5a27f9d9f3973b249efb0429a3,未知,未知,b3a1fc5ec72ad95e258b584f936ad46befab951e0ee9e43eaa18179e34974387,无法判定,DATABASE_METADATA_IDENTITY_UNPROVEN,本批次只读；若声明、输入、Schema或授权漂移，既有结论自动失效并须追加新批次,未读取业务正文、价格、成交、订单簿、账户或凭据；身份字段不完整,为该成员提供当前版本九字段声明及逐字段Schema、授权和唯一证据定位后追加不可变批次,2d50c1344a835ceeb832796935182aeff80bb03cecc5465c8cf3aaccbd446acd,86129966e4bc55fac18f2d7602a2309d4403f85861102128a56a80a5a0ccc1ea,ade4b9d9f2cd7948aab9e7257395f699ac2baadeb70d676053ec5eb6677e3099
source-identity-declaration-20260808T051008+0800-7cf99a5ed6b9,ZI-1978e354b3d643de7ef83426,DS-000296,数据库元数据,ETH,4小时;8小时;24小时;48小时,15分钟;1小时,未知,未知,未知,未知,未知,未知,未知,未知,未知,未登记,无,config/数据/来源身份声明补采.json#身份声明[],f9cf6f2a34762867a443c0a0366a7fd63f6eb254ce171133707efd3aa521c683,840669cb99560c36aaa3d535c5e9358708208a5e91f514d4ff9ab0aed933b359,未知,未知,b3a1fc5ec72ad95e258b584f936ad46befab951e0ee9e43eaa18179e34974387,无法判定,DATABASE_METADATA_IDENTITY_UNPROVEN,本批次只读；若声明、输入、Schema或授权漂移，既有结论自动失效并须追加新批次,未读取业务正文、价格、成交、订单簿、账户或凭据；身份字段不完整,为该成员提供当前版本九字段声明及逐字段Schema、授权和唯一证据定位后追加不可变批次,2d50c1344a835ceeb832796935182aeff80bb03cecc5465c8cf3aaccbd446acd,86129966e4bc55fac18f2d7602a2309d4403f85861102128a56a80a5a0ccc1ea,5d7ee00f01c712e5bfa16d6ef316369dc70dcb193bcde8c6a2443dc19c88233c
source-identity-declaration-20260808T051008+0800-7cf99a5ed6b9,ZI-3eac98ecd7d3ac093f446c61,DS-000297,数据库元数据,ETH,4小时;8小时;24小时;48小时,15分钟;1小时,未知,未知,未知,未知,未知,未知,未知,未知,未知,未登记,无,config/数据/来源身份声明补采.json#身份声明[],f9cf6f2a34762867a443c0a0366a7fd63f6eb254ce171133707efd3aa521c683,519fe32d9d7992508e1eb36adb1f37154c6813e2e5c04f9a5dfe2cdffcf5cfde,未知,未知,b3a1fc5ec72ad95e258b584f936ad46befab951e0ee9e43eaa18179e34974387,无法判定,DATABASE_METADATA_IDENTITY_UNPROVEN,本批次只读；若声明、输入、Schema或授权漂移，既有结论自动失效并须追加新批次,未读取业务正文、价格、成交、订单簿、账户或凭据；身份字段不完整,为该成员提供当前版本九字段声明及逐字段Schema、授权和唯一证据定位后追加不可变批次,2d50c1344a835ceeb832796935182aeff80bb03cecc5465c8cf3aaccbd446acd,86129966e4bc55fac18f2d7602a2309d4403f85861102128a56a80a5a0ccc1ea,183fe46f8fe14c9ef52b121242edec5249f33d96ea62a8d02271fefce201b17c
source-identity-declaration-20260808T051008+0800-7cf99a5ed6b9,ZI-8ba1d56866fa54799303bdc1,DS-000298,数据库元数据,ETH,4小时;8小时;24小时;48小时,15分钟;1小时,未知,未知,未知,未知,未知,未知,未知,未知,未知,未登记,无,config/数据/来源身份声明补采.json#身份声明[],f9cf6f2a34762867a443c0a0366a7fd63f6eb254ce171133707efd3aa521c683,64eb968ce0af5c19dc13ae90b7b806bd0d73999377991bbb47f2975459c7adde,未知,未知,b3a1fc5ec72ad95e258b584f936ad46befab951e0ee9e43eaa18179e34974387,无法判定,DATABASE_METADATA_IDENTITY_UNPROVEN,本批次只读；若声明、输入、Schema或授权漂移，既有结论自动失效并须追加新批次,未读取业务正文、价格、成交、订单簿、账户或凭据；身份字段不完整,为该成员提供当前版本九字段声明及逐字段Schema、授权和唯一证据定位后追加不可变批次,2d50c1344a835ceeb832796935182aeff80bb03cecc5465c8cf3aaccbd446acd,86129966e4bc55fac18f2d7602a2309d4403f85861102128a56a80a5a0ccc1ea,56e6caf7073f949f7aa2f9d010c6499c8066f5d4c20ea23fb9e6c2ca847e0b4c
source-identity-declaration-20260808T051008+0800-7cf99a5ed6b9,ZI-3bf85e0f2ad7b5ac22b13df9,DS-000299,数据库元数据,ETH,4小时;8小时;24小时;48小时,15分钟;1小时,未知,未知,未知,未知,未知,未知,未知,未知,未知,未登记,无,config/数据/来源身份声明补采.json#身份声明[],f9cf6f2a34762867a443c0a0366a7fd63f6eb254ce171133707efd3aa521c683,7572c0a41b5a2a39c80656f400dbe60f8ab0bd79c0fb5c3e7b44fee53f730755,未知,未知,b3a1fc5ec72ad95e258b584f936ad46befab951e0ee9e43eaa18179e34974387,无法判定,DATABASE_METADATA_IDENTITY_UNPROVEN,本批次只读；若声明、输入、Schema或授权漂移，既有结论自动失效并须追加新批次,未读取业务正文、价格、成交、订单簿、账户或凭据；身份字段不完整,为该成员提供当前版本九字段声明及逐字段Schema、授权和唯一证据定位后追加不可变批次,2d50c1344a835ceeb832796935182aeff80bb03cecc5465c8cf3aaccbd446acd,86129966e4bc55fac18f2d7602a2309d4403f85861102128a56a80a5a0ccc1ea,359f96d05df83a9d430a08cc50f13c78a9ea4da4b49ca9cf7e4134b946d3cccd
source-identity-declaration-20260808T051008+0800-7cf99a5ed6b9,ZI-e99571832236a361ee30db4d,DS-000300,数据库元数据,ETH,4小时;8小时;24小时;48小时,15分钟;1小时,未知,未知,未知,未知,未知,未知,未知,未知,未知,未登记,无,config/数据/来源身份声明补采.json#身份声明[],f9cf6f2a34762867a443c0a0366a7fd63f6eb254ce171133707efd3aa521c683,2e8a058057540064073e8868839e18fe0dcf848fcecc872fe0f732e40796d068,未知,未知,b3a1fc5ec72ad95e258b584f936ad46befab951e0ee9e43eaa18179e34974387,无法判定,DATABASE_METADATA_IDENTITY_UNPROVEN,本批次只读；若声明、输入、Schema或授权漂移，既有结论自动失效并须追加新批次,未读取业务正文、价格、成交、订单簿、账户或凭据；身份字段不完整,为该成员提供当前版本九字段声明及逐字段Schema、授权和唯一证据定位后追加不可变批次,2d50c1344a835ceeb832796935182aeff80bb03cecc5465c8cf3aaccbd446acd,86129966e4bc55fac18f2d7602a2309d4403f85861102128a56a80a5a0ccc1ea,97a8cc112aedc947d72f20d58609c99da55e3e6e181e3c2473f50839498fa971
source-identity-declaration-20260808T051008+0800-7cf99a5ed6b9,ZI-ad9a2f4d9b2c7b77cf51ff68,DS-000301,数据库元数据,ETH,4小时;8小时;24小时;48小时,15分钟;1小时,未知,未知,未知,未知,未知,未知,未知,未知,未知,未登记,无,config/数据/来源身份声明补采.json#身份声明[],f9cf6f2a34762867a443c0a0366a7fd63f6eb254ce171133707efd3aa521c683,68f2f1d195a17ce77287aa8d9a2fddb75a21fdd657b03eaab6484f64e3fa61e6,未知,未知,b3a1fc5ec72ad95e258b584f936ad46befab951e0ee9e43eaa18179e34974387,无法判定,DATABASE_METADATA_IDENTITY_UNPROVEN,本批次只读；若声明、输入、Schema或授权漂移，既有结论自动失效并须追加新批次,未读取业务正文、价格、成交、订单簿、账户或凭据；身份字段不完整,为该成员提供当前版本九字段声明及逐字段Schema、授权和唯一证据定位后追加不可变批次,2d50c1344a835ceeb832796935182aeff80bb03cecc5465c8cf3aaccbd446acd,86129966e4bc55fac18f2d7602a2309d4403f85861102128a56a80a5a0ccc1ea,0fa9c293c52c7637bf51e7282494daa4b2183dbfe9ddccd7658320b338ae8cfe
source-identity-declaration-20260808T051008+0800-7cf99a5ed6b9,ZI-761cbb729e42b90656bd3f8e,DS-000302,数据库元数据,ETH,4小时;8小时;24小时;48小时,15分钟;1小时,未知,未知,未知,未知,未知,未知,未知,未知,未知,未登记,无,config/数据/来源身份声明补采.json#身份声明[],f9cf6f2a34762867a443c0a0366a7fd63f6eb254ce171133707efd3aa521c683,e8d81d71207f009298d9aa62cd4ca70df93f6bd9915064653ce32f4250ba9119,未知,未知,b3a1fc5ec72ad95e258b584f936ad46befab951e0ee9e43eaa18179e34974387,无法判定,DATABASE_METADATA_IDENTITY_UNPROVEN,本批次只读；若声明、输入、Schema或授权漂移，既有结论自动失效并须追加新批次,未读取业务正文、价格、成交、订单簿、账户或凭据；身份字段不完整,为该成员提供当前版本九字段声明及逐字段Schema、授权和唯一证据定位后追加不可变批次,2d50c1344a835ceeb832796935182aeff80bb03cecc5465c8cf3aaccbd446acd,86129966e4bc55fac18f2d7602a2309d4403f85861102128a56a80a5a0ccc1ea,0c0fcd95f3769b6eba54af4be3b673ed277c749d828978c16f9bc5375dddd9b5
source-identity-declaration-20260808T051008+0800-7cf99a5ed6b9,ZI-ba2b9396a30a8158da23a396,DS-000303,数据库元数据,ETH,4小时;8小时;24小时;48小时,15分钟;1小时,未知,未知,未知,未知,未知,未知,未知,未知,未知,未登记,无,config/数据/来源身份声明补采.json#身份声明[],f9cf6f2a34762867a443c0a0366a7fd63f6eb254ce171133707efd3aa521c683,2fc35c9965af5ebfd8dc154f1e3abc90aab6452dcabcb63be6c0ba42b99b66ae,未知,未知,b3a1fc5ec72ad95e258b584f936ad46befab951e0ee9e43eaa18179e34974387,无法判定,DATABASE_METADATA_IDENTITY_UNPROVEN,本批次只读；若声明、输入、Schema或授权漂移，既有结论自动失效并须追加新批次,未读取业务正文、价格、成交、订单簿、账户或凭据；身份字段不完整,为该成员提供当前版本九字段声明及逐字段Schema、授权和唯一证据定位后追加不可变批次,2d50c1344a835ceeb832796935182aeff80bb03cecc5465c8cf3aaccbd446acd,86129966e4bc55fac18f2d7602a2309d4403f85861102128a56a80a5a0ccc1ea,c1a5f226b33f4435dbb11cd54b0c561617b9292a43cc51b026040f19acd19bfe
source-identity-declaration-20260808T051008+0800-7cf99a5ed6b9,ZI-e1e37aa8d03d6a4717ac26cd,DS-000304,数据库元数据,ETH,4小时;8小时;24小时;48小时,15分钟;1小时,未知,未知,未知,未知,未知,未知,未知,未知,未知,未登记,无,config/数据/来源身份声明补采.json#身份声明[],f9cf6f2a34762867a443c0a0366a7fd63f6eb254ce171133707efd3aa521c683,c2c9fa3961b41e9e259be6490ed521b9165aadf0b1b4b1916440fb67cae1c923,未知,未知,b3a1fc5ec72ad95e258b584f936ad46befab951e0ee9e43eaa18179e34974387,无法判定,DATABASE_METADATA_IDENTITY_UNPROVEN,本批次只读；若声明、输入、Schema或授权漂移，既有结论自动失效并须追加新批次,未读取业务正文、价格、成交、订单簿、账户或凭据；身份字段不完整,为该成员提供当前版本九字段声明及逐字段Schema、授权和唯一证据定位后追加不可变批次,2d50c1344a835ceeb832796935182aeff80bb03cecc5465c8cf3aaccbd446acd,86129966e4bc55fac18f2d7602a2309d4403f85861102128a56a80a5a0ccc1ea,c610f0c590f31f3c4d9e6eadb92b5def7997d53d65618b0ea9ecf862212e55e0
source-identity-declaration-20260808T051008+0800-7cf99a5ed6b9,ZI-69da4a00e49aba44ff106904,DS-000305,数据库元数据,ETH,4小时;8小时;24小时;48小时,15分钟;1小时,未知,未知,未知,未知,未知,未知,未知,未知,未知,未登记,无,config/数据/来源身份声明补采.json#身份声明[],f9cf6f2a34762867a443c0a0366a7fd63f6eb254ce171133707efd3aa521c683,64f87095fb4955a4cfbe2e6f8e643fa38d859fef411eb73741cdd2be79d23468,未知,未知,b3a1fc5ec72ad95e258b584f936ad46befab951e0ee9e43eaa18179e34974387,无法判定,DATABASE_METADATA_IDENTITY_UNPROVEN,本批次只读；若声明、输入、Schema或授权漂移，既有结论自动失效并须追加新批次,未读取业务正文、价格、成交、订单簿、账户或凭据；身份字段不完整,为该成员提供当前版本九字段声明及逐字段Schema、授权和唯一证据定位后追加不可变批次,2d50c1344a835ceeb832796935182aeff80bb03cecc5465c8cf3aaccbd446acd,86129966e4bc55fac18f2d7602a2309d4403f85861102128a56a80a5a0ccc1ea,f4bdd530e92bbb5b0d88bd42a383241f852614c48743428ec6ebaed54b343b3b
source-identity-declaration-20260808T051008+0800-7cf99a5ed6b9,ZI-68075d8d85399614caa868f9,DS-000306,数据库元数据,ETH,4小时;8小时;24小时;48小时,15分钟;1小时,未知,未知,未知,未知,未知,未知,未知,未知,未知,未登记,无,config/数据/来源身份声明补采.json#身份声明[],f9cf6f2a34762867a443c0a0366a7fd63f6eb254ce171133707efd3aa521c683,93e7c4e4eac3841772d4795c85297a7e79c010b12b8cf30b7a3ff8517f7146e9,未知,未知,b3a1fc5ec72ad95e258b584f936ad46befab951e0ee9e43eaa18179e34974387,无法判定,DATABASE_METADATA_IDENTITY_UNPROVEN,本批次只读；若声明、输入、Schema或授权漂移，既有结论自动失效并须追加新批次,未读取业务正文、价格、成交、订单簿、账户或凭据；身份字段不完整,为该成员提供当前版本九字段声明及逐字段Schema、授权和唯一证据定位后追加不可变批次,2d50c1344a835ceeb832796935182aeff80bb03cecc5465c8cf3aaccbd446acd,86129966e4bc55fac18f2d7602a2309d4403f85861102128a56a80a5a0ccc1ea,54981332e4f0f102251dce5d1480b7fdbd9df4add0b277dbcdb76c22dc1b18aa
source-identity-declaration-20260808T051008+0800-7cf99a5ed6b9,ZI-84d1575654e50459998a6d2c,DS-000307,数据库元数据,ETH,4小时;8小时;24小时;48小时,15分钟;1小时,未知,未知,未知,未知,未知,未知,未知,未知,未知,未登记,无,config/数据/来源身份声明补采.json#身份声明[],f9cf6f2a34762867a443c0a0366a7fd63f6eb254ce171133707efd3aa521c683,f951a13aeb2596cef4686717db03149070ba793813ddb720dac7f5c236b8dccd,未知,未知,b3a1fc5ec72ad95e258b584f936ad46befab951e0ee9e43eaa18179e34974387,无法判定,DATABASE_METADATA_IDENTITY_UNPROVEN,本批次只读；若声明、输入、Schema或授权漂移，既有结论自动失效并须追加新批次,未读取业务正文、价格、成交、订单簿、账户或凭据；身份字段不完整,为该成员提供当前版本九字段声明及逐字段Schema、授权和唯一证据定位后追加不可变批次,2d50c1344a835ceeb832796935182aeff80bb03cecc5465c8cf3aaccbd446acd,86129966e4bc55fac18f2d7602a2309d4403f85861102128a56a80a5a0ccc1ea,2da54ba2e73018f9fa0373826f95b003ce7f5b9028097dad3bdddce9388744e0
source-identity-declaration-20260808T051008+0800-7cf99a5ed6b9,ZI-4a88ba0259b171e49f43b735,DS-000308,数据库元数据,ETH,4小时;8小时;24小时;48小时,15分钟;1小时,未知,未知,未知,未知,未知,未知,未知,未知,未知,未登记,无,config/数据/来源身份声明补采.json#身份声明[],f9cf6f2a34762867a443c0a0366a7fd63f6eb254ce171133707efd3aa521c683,8325e80640f1b6415b025ce8839ede1edf84d7984d84e0e4a7de7cae12f2fdfc,未知,未知,b3a1fc5ec72ad95e258b584f936ad46befab951e0ee9e43eaa18179e34974387,无法判定,DATABASE_METADATA_IDENTITY_UNPROVEN,本批次只读；若声明、输入、Schema或授权漂移，既有结论自动失效并须追加新批次,未读取业务正文、价格、成交、订单簿、账户或凭据；身份字段不完整,为该成员提供当前版本九字段声明及逐字段Schema、授权和唯一证据定位后追加不可变批次,2d50c1344a835ceeb832796935182aeff80bb03cecc5465c8cf3aaccbd446acd,86129966e4bc55fac18f2d7602a2309d4403f85861102128a56a80a5a0ccc1ea,220f585caeb06394a55dbe4b3ae57eec03de8071526d0d2c56eb3bad6791ff2a
source-identity-declaration-20260808T051008+0800-7cf99a5ed6b9,ZI-9e3ac8b171f4d5c0d23aaf96,DS-000309,数据库元数据,ETH,4小时;8小时;24小时;48小时,15分钟;1小时,未知,未知,未知,未知,未知,未知,未知,未知,未知,未登记,无,config/数据/来源身份声明补采.json#身份声明[],f9cf6f2a34762867a443c0a0366a7fd63f6eb254ce171133707efd3aa521c683,31401b834ceb9f05e15f20aead63529cec7ac915394e5e58399ff7267639644e,未知,未知,b3a1fc5ec72ad95e258b584f936ad46befab951e0ee9e43eaa18179e34974387,无法判定,DATABASE_METADATA_IDENTITY_UNPROVEN,本批次只读；若声明、输入、Schema或授权漂移，既有结论自动失效并须追加新批次,未读取业务正文、价格、成交、订单簿、账户或凭据；身份字段不完整,为该成员提供当前版本九字段声明及逐字段Schema、授权和唯一证据定位后追加不可变批次,2d50c1344a835ceeb832796935182aeff80bb03cecc5465c8cf3aaccbd446acd,86129966e4bc55fac18f2d7602a2309d4403f85861102128a56a80a5a0ccc1ea,8a2974c901530e1ba86d9ae9f853578a4be6bf76c24da1a0d8b4fb31ba3b0909
source-identity-declaration-20260808T051008+0800-7cf99a5ed6b9,ZI-102e25a0c8a2236a75003318,DS-000310,数据库元数据,ETH,4小时;8小时;24小时;48小时,15分钟;1小时,未知,未知,未知,未知,未知,未知,未知,未知,未知,未登记,无,config/数据/来源身份声明补采.json#身份声明[],f9cf6f2a34762867a443c0a0366a7fd63f6eb254ce171133707efd3aa521c683,ac10b24605fd1b3d106ccfff94457604218999ca63a55631072e36d168a1244b,未知,未知,b3a1fc5ec72ad95e258b584f936ad46befab951e0ee9e43eaa18179e34974387,无法判定,DATABASE_METADATA_IDENTITY_UNPROVEN,本批次只读；若声明、输入、Schema或授权漂移，既有结论自动失效并须追加新批次,未读取业务正文、价格、成交、订单簿、账户或凭据；身份字段不完整,为该成员提供当前版本九字段声明及逐字段Schema、授权和唯一证据定位后追加不可变批次,2d50c1344a835ceeb832796935182aeff80bb03cecc5465c8cf3aaccbd446acd,86129966e4bc55fac18f2d7602a2309d4403f85861102128a56a80a5a0ccc1ea,0fdcf50d5f4af96a95a9e328cc68620b638015df752960e3aab5652b8aadb933
source-identity-declaration-20260808T051008+0800-7cf99a5ed6b9,ZI-62d623e701e08ace29bb1ac9,DS-000311,数据库元数据,ETH,4小时;8小时;24小时;48小时,15分钟;1小时,未知,未知,未知,未知,未知,未知,未知,未知,未知,未登记,无,config/数据/来源身份声明补采.json#身份声明[],f9cf6f2a34762867a443c0a0366a7fd63f6eb254ce171133707efd3aa521c683,57408a49d126b606bdaf83ab4bb7bd02b4710b2376040c3190ae1bd4473d4d85,未知,未知,b3a1fc5ec72ad95e258b584f936ad46befab951e0ee9e43eaa18179e34974387,无法判定,DATABASE_METADATA_IDENTITY_UNPROVEN,本批次只读；若声明、输入、Schema或授权漂移，既有结论自动失效并须追加新批次,未读取业务正文、价格、成交、订单簿、账户或凭据；身份字段不完整,为该成员提供当前版本九字段声明及逐字段Schema、授权和唯一证据定位后追加不可变批次,2d50c1344a835ceeb832796935182aeff80bb03cecc5465c8cf3aaccbd446acd,86129966e4bc55fac18f2d7602a2309d4403f85861102128a56a80a5a0ccc1ea,0153b1478a94d11c99b60d740e982728cffd48e61144ccf8a838527016d70fbc
source-identity-declaration-20260808T051008+0800-7cf99a5ed6b9,ZI-5144341657b9fb567646104a,DS-000312,数据库元数据,ETH,4小时;8小时;24小时;48小时,15分钟;1小时,未知,未知,未知,未知,未知,未知,未知,未知,未知,未登记,无,config/数据/来源身份声明补采.json#身份声明[],f9cf6f2a34762867a443c0a0366a7fd63f6eb254ce171133707efd3aa521c683,24985dde3d2f6f5a945237e33c528ce0e95350fb8b3217ef26e40ffd00f660b3,未知,未知,b3a1fc5ec72ad95e258b584f936ad46befab951e0ee9e43eaa18179e34974387,无法判定,DATABASE_METADATA_IDENTITY_UNPROVEN,本批次只读；若声明、输入、Schema或授权漂移，既有结论自动失效并须追加新批次,未读取业务正文、价格、成交、订单簿、账户或凭据；身份字段不完整,为该成员提供当前版本九字段声明及逐字段Schema、授权和唯一证据定位后追加不可变批次,2d50c1344a835ceeb832796935182aeff80bb03cecc5465c8cf3aaccbd446acd,86129966e4bc55fac18f2d7602a2309d4403f85861102128a56a80a5a0ccc1ea,5f79ed6dfcec819b9ec399bf37ddc242eb02db6f1cfad63000b12f924215e23b
source-identity-declaration-20260808T051008+0800-7cf99a5ed6b9,ZI-881152f96d8e9e4844ae24e9,DS-000313,数据库元数据,ETH,4小时;8小时;24小时;48小时,15分钟;1小时,未知,未知,未知,未知,未知,未知,未知,未知,未知,未登记,无,config/数据/来源身份声明补采.json#身份声明[],f9cf6f2a34762867a443c0a0366a7fd63f6eb254ce171133707efd3aa521c683,fbf6a194337eeb0d40c519c90f46b6442593773512e0e365faa6d9c1d6f562cf,未知,未知,b3a1fc5ec72ad95e258b584f936ad46befab951e0ee9e43eaa18179e34974387,无法判定,DATABASE_METADATA_IDENTITY_UNPROVEN,本批次只读；若声明、输入、Schema或授权漂移，既有结论自动失效并须追加新批次,未读取业务正文、价格、成交、订单簿、账户或凭据；身份字段不完整,为该成员提供当前版本九字段声明及逐字段Schema、授权和唯一证据定位后追加不可变批次,2d50c1344a835ceeb832796935182aeff80bb03cecc5465c8cf3aaccbd446acd,86129966e4bc55fac18f2d7602a2309d4403f85861102128a56a80a5a0ccc1ea,3019da9f370dbe725e731e593ab573e17d5b9a3f6530c4fe333e10175f9f1fa4
source-identity-declaration-20260808T051008+0800-7cf99a5ed6b9,ZI-147c7f9873fd47a2fa435551,DS-000314,数据库元数据,ETH,4小时;8小时;24小时;48小时,15分钟;1小时,未知,未知,未知,未知,未知,未知,未知,未知,未知,未登记,无,config/数据/来源身份声明补采.json#身份声明[],f9cf6f2a34762867a443c0a0366a7fd63f6eb254ce171133707efd3aa521c683,9db3a44ee859910c7b18a87c166d510b153a770c91474a6c557219b2815719be,未知,未知,b3a1fc5ec72ad95e258b584f936ad46befab951e0ee9e43eaa18179e34974387,无法判定,DATABASE_METADATA_IDENTITY_UNPROVEN,本批次只读；若声明、输入、Schema或授权漂移，既有结论自动失效并须追加新批次,未读取业务正文、价格、成交、订单簿、账户或凭据；身份字段不完整,为该成员提供当前版本九字段声明及逐字段Schema、授权和唯一证据定位后追加不可变批次,2d50c1344a835ceeb832796935182aeff80bb03cecc5465c8cf3aaccbd446acd,86129966e4bc55fac18f2d7602a2309d4403f85861102128a56a80a5a0ccc1ea,d80c4c7e0efcb0d4138b97b28c2bd5839f5d974972b7dbd3209d59ce29c0c05c
source-identity-declaration-20260808T051008+0800-7cf99a5ed6b9,ZI-c724dd65f9c74cf7dbb14cf6,DS-000315,数据库元数据,ETH,4小时;8小时;24小时;48小时,15分钟;1小时,未知,未知,未知,未知,未知,未知,未知,未知,未知,未登记,无,config/数据/来源身份声明补采.json#身份声明[],f9cf6f2a34762867a443c0a0366a7fd63f6eb254ce171133707efd3aa521c683,28745a43fd92afac3d70cee4ddad3491844d97472d4dda22369d8ad811b9cb19,未知,未知,b3a1fc5ec72ad95e258b584f936ad46befab951e0ee9e43eaa18179e34974387,无法判定,DATABASE_METADATA_IDENTITY_UNPROVEN,本批次只读；若声明、输入、Schema或授权漂移，既有结论自动失效并须追加新批次,未读取业务正文、价格、成交、订单簿、账户或凭据；身份字段不完整,为该成员提供当前版本九字段声明及逐字段Schema、授权和唯一证据定位后追加不可变批次,2d50c1344a835ceeb832796935182aeff80bb03cecc5465c8cf3aaccbd446acd,86129966e4bc55fac18f2d7602a2309d4403f85861102128a56a80a5a0ccc1ea,1f7df4fbc2570dc2dbbdb7e6e9e20f1a16691fd3610babb0e00ca868e23167fd
source-identity-declaration-20260808T051008+0800-7cf99a5ed6b9,ZI-c9eec3c9abb8d328fed09cf7,DS-000316,数据库元数据,ETH,4小时;8小时;24小时;48小时,15分钟;1小时,未知,未知,未知,未知,未知,未知,未知,未知,未知,未登记,无,config/数据/来源身份声明补采.json#身份声明[],f9cf6f2a34762867a443c0a0366a7fd63f6eb254ce171133707efd3aa521c683,993ed72bd9aee1183676bb2ffb712c4bb01996d8dc0f601b657d49e62b1cc37c,未知,未知,b3a1fc5ec72ad95e258b584f936ad46befab951e0ee9e43eaa18179e34974387,无法判定,DATABASE_METADATA_IDENTITY_UNPROVEN,本批次只读；若声明、输入、Schema或授权漂移，既有结论自动失效并须追加新批次,未读取业务正文、价格、成交、订单簿、账户或凭据；身份字段不完整,为该成员提供当前版本九字段声明及逐字段Schema、授权和唯一证据定位后追加不可变批次,2d50c1344a835ceeb832796935182aeff80bb03cecc5465c8cf3aaccbd446acd,86129966e4bc55fac18f2d7602a2309d4403f85861102128a56a80a5a0ccc1ea,8973a995aa6bc680f1ea2e1890e123ba1d61e72e2cd9c76e7f0b1bd1bfd4c642
