验证批次,资产编号,标的,来源成员编号,交易场所,市场类型,精确合约,方向,阶段,主研究尺度,历史时点,可信重放结论,成本来源状态,手续费状态,价差状态,深度状态,冲击状态,资金费率状态,执行延迟状态,可成交量状态,输入数据版本,输入数据哈希,规则版本,代码版本,输入指纹,输出指纹,结论,原因代码,依据,解除条件
cost-20260805T014911+0800-26f68554e23b,DS-000001,BTC,ZI-bf37564aac87c9161a93ff81,未判定,未判定,未判定,未判定,未判定,未判定（仅允许4小时/8小时/24小时/48小时）,未判定,拒绝,拒绝（输入身份漂移）,拒绝,拒绝,拒绝,拒绝,拒绝,拒绝,拒绝,未判定,未判定,cost-execution-1.0,ca7102ef54f4c2b190484871e99401aef601fecad5b7ca08b8144fb0c8d629d5,046a54781fc55977c31825b647f9bbcca541288ce74a893f56bf6f312ab0a260,aed5f118e800369ee41c6fbfbe51c2bd6e924b95057bce77d5357c354d9db098,拒绝,input_identity_drift,任务-000032输入身份漂移，或尚无获批成本来源登记；未读取当前费率/盘口/账户信息,登记带来源、时间、版本、数据截止和可见性证据的手续费、价差、深度、冲击、资金费率、延迟和可成交量；重新发布批次
cost-20260805T014911+0800-26f68554e23b,DS-000001,ETH,ZI-c5c903e8e1925632a9160c98,未判定,未判定,未判定,未判定,未判定,未判定（仅允许4小时/8小时/24小时/48小时）,未判定,拒绝,拒绝（输入身份漂移）,拒绝,拒绝,拒绝,拒绝,拒绝,拒绝,拒绝,未判定,未判定,cost-execution-1.0,ca7102ef54f4c2b190484871e99401aef601fecad5b7ca08b8144fb0c8d629d5,046a54781fc55977c31825b647f9bbcca541288ce74a893f56bf6f312ab0a260,336f82c4112afa9b63628591fa99305f432d50e33f311655ae0849a233588a5a,拒绝,input_identity_drift,任务-000032输入身份漂移，或尚无获批成本来源登记；未读取当前费率/盘口/账户信息,登记带来源、时间、版本、数据截止和可见性证据的手续费、价差、深度、冲击、资金费率、延迟和可成交量；重新发布批次
cost-20260805T014911+0800-26f68554e23b,DS-000002,BTC,ZI-3846d7813100d3d883f9e584,未判定,未判定,未判定,未判定,未判定,未判定（仅允许4小时/8小时/24小时/48小时）,未判定,无法判定,无法判定（成本来源未登记）,无法判定,无法判定,无法判定,无法判定,无法判定,无法判定,无法判定,未判定,未判定,cost-execution-1.0,ca7102ef54f4c2b190484871e99401aef601fecad5b7ca08b8144fb0c8d629d5,f6e54b68223688ca922713d348b92d03bdeff1c63cca0a0441206e5a26550abd,64669ec866d9fb1f533a5f2e7cc4e8dbf6358835e492b34972db644911d615e5,无法判定,cost_source_missing,任务-000032输入身份漂移，或尚无获批成本来源登记；未读取当前费率/盘口/账户信息,登记带来源、时间、版本、数据截止和可见性证据的手续费、价差、深度、冲击、资金费率、延迟和可成交量；重新发布批次
cost-20260805T014911+0800-26f68554e23b,DS-000002,ETH,ZI-279894722b92c663c0dd6dab,未判定,未判定,未判定,未判定,未判定,未判定（仅允许4小时/8小时/24小时/48小时）,未判定,无法判定,无法判定（成本来源未登记）,无法判定,无法判定,无法判定,无法判定,无法判定,无法判定,无法判定,未判定,未判定,cost-execution-1.0,ca7102ef54f4c2b190484871e99401aef601fecad5b7ca08b8144fb0c8d629d5,f6e54b68223688ca922713d348b92d03bdeff1c63cca0a0441206e5a26550abd,28661168b8e71c448ff66b61c7ef58fffd2fcd7d377ce4900d8c4aa021238b3f,无法判定,cost_source_missing,任务-000032输入身份漂移，或尚无获批成本来源登记；未读取当前费率/盘口/账户信息,登记带来源、时间、版本、数据截止和可见性证据的手续费、价差、深度、冲击、资金费率、延迟和可成交量；重新发布批次
cost-20260805T014911+0800-26f68554e23b,DS-000003,BTC,ZI-bad7fbdd2fd2ed50c31757ed,未判定,未判定,未判定,未判定,未判定,未判定（仅允许4小时/8小时/24小时/48小时）,未判定,无法判定,无法判定（成本来源未登记）,无法判定,无法判定,无法判定,无法判定,无法判定,无法判定,无法判定,未判定,未判定,cost-execution-1.0,ca7102ef54f4c2b190484871e99401aef601fecad5b7ca08b8144fb0c8d629d5,0e4188ffe34b567096be81d5993750ba3f951bd256cb6ed7fee8f02cc953a05f,77f6f875605f1c5a55fbdebf6065b2c102602addbbcf9d0da3618ef4c0a7c99c,无法判定,cost_source_missing,任务-000032输入身份漂移，或尚无获批成本来源登记；未读取当前费率/盘口/账户信息,登记带来源、时间、版本、数据截止和可见性证据的手续费、价差、深度、冲击、资金费率、延迟和可成交量；重新发布批次
cost-20260805T014911+0800-26f68554e23b,DS-000003,ETH,ZI-bdc11e9d61341a2c9190bedb,未判定,未判定,未判定,未判定,未判定,未判定（仅允许4小时/8小时/24小时/48小时）,未判定,无法判定,无法判定（成本来源未登记）,无法判定,无法判定,无法判定,无法判定,无法判定,无法判定,无法判定,未判定,未判定,cost-execution-1.0,ca7102ef54f4c2b190484871e99401aef601fecad5b7ca08b8144fb0c8d629d5,0e4188ffe34b567096be81d5993750ba3f951bd256cb6ed7fee8f02cc953a05f,d54ab214e01757f6ce13739e6022fad31c3b3741417ad9792d63643fb1a33adf,无法判定,cost_source_missing,任务-000032输入身份漂移，或尚无获批成本来源登记；未读取当前费率/盘口/账户信息,登记带来源、时间、版本、数据截止和可见性证据的手续费、价差、深度、冲击、资金费率、延迟和可成交量；重新发布批次
cost-20260805T014911+0800-26f68554e23b,DS-000004,BTC,ZI-4dee483dff86ed829a01f96f,未判定,未判定,未判定,未判定,未判定,未判定（仅允许4小时/8小时/24小时/48小时）,未判定,无法判定,无法判定（成本来源未登记）,无法判定,无法判定,无法判定,无法判定,无法判定,无法判定,无法判定,未判定,未判定,cost-execution-1.0,ca7102ef54f4c2b190484871e99401aef601fecad5b7ca08b8144fb0c8d629d5,7557ce484a65ecb909698ad0becf91b66f88030f1b8e9a3457866c4f58eafa9d,20de59c132a7ff4a327dc0435d28e7e55b32b0b6b464ae63510deba166e5e5ff,无法判定,cost_source_missing,任务-000032输入身份漂移，或尚无获批成本来源登记；未读取当前费率/盘口/账户信息,登记带来源、时间、版本、数据截止和可见性证据的手续费、价差、深度、冲击、资金费率、延迟和可成交量；重新发布批次
cost-20260805T014911+0800-26f68554e23b,DS-000004,ETH,ZI-f48b5e18e673871688598192,未判定,未判定,未判定,未判定,未判定,未判定（仅允许4小时/8小时/24小时/48小时）,未判定,无法判定,无法判定（成本来源未登记）,无法判定,无法判定,无法判定,无法判定,无法判定,无法判定,无法判定,未判定,未判定,cost-execution-1.0,ca7102ef54f4c2b190484871e99401aef601fecad5b7ca08b8144fb0c8d629d5,7557ce484a65ecb909698ad0becf91b66f88030f1b8e9a3457866c4f58eafa9d,09b10b23d04a27b651c7189cb59899f426dd2ad4476656efbd09bde4ffffaee1,无法判定,cost_source_missing,任务-000032输入身份漂移，或尚无获批成本来源登记；未读取当前费率/盘口/账户信息,登记带来源、时间、版本、数据截止和可见性证据的手续费、价差、深度、冲击、资金费率、延迟和可成交量；重新发布批次
cost-20260805T014911+0800-26f68554e23b,DS-000005,BTC,ZI-afe25106735b4aef36d7615a,未判定,未判定,未判定,未判定,未判定,未判定（仅允许4小时/8小时/24小时/48小时）,未判定,无法判定,无法判定（成本来源未登记）,无法判定,无法判定,无法判定,无法判定,无法判定,无法判定,无法判定,未判定,未判定,cost-execution-1.0,ca7102ef54f4c2b190484871e99401aef601fecad5b7ca08b8144fb0c8d629d5,614d6abf61e43e94b9eb025a4442dacf86d40a56170c4c205a77e53d39e390eb,e42c1d860b05258406b46d430a4e4e3a993c16883002c6e0f328d76a82b36df2,无法判定,cost_source_missing,任务-000032输入身份漂移，或尚无获批成本来源登记；未读取当前费率/盘口/账户信息,登记带来源、时间、版本、数据截止和可见性证据的手续费、价差、深度、冲击、资金费率、延迟和可成交量；重新发布批次
cost-20260805T014911+0800-26f68554e23b,DS-000005,ETH,ZI-8353e10a871d52c975353c3f,未判定,未判定,未判定,未判定,未判定,未判定（仅允许4小时/8小时/24小时/48小时）,未判定,无法判定,无法判定（成本来源未登记）,无法判定,无法判定,无法判定,无法判定,无法判定,无法判定,无法判定,未判定,未判定,cost-execution-1.0,ca7102ef54f4c2b190484871e99401aef601fecad5b7ca08b8144fb0c8d629d5,614d6abf61e43e94b9eb025a4442dacf86d40a56170c4c205a77e53d39e390eb,0d1a4938dde7215d0f5cbc767a222b8e09e686758b4e6243b7a91b7acee8d666,无法判定,cost_source_missing,任务-000032输入身份漂移，或尚无获批成本来源登记；未读取当前费率/盘口/账户信息,登记带来源、时间、版本、数据截止和可见性证据的手续费、价差、深度、冲击、资金费率、延迟和可成交量；重新发布批次
cost-20260805T014911+0800-26f68554e23b,DS-000006,BTC,ZI-14965a0a91aae741bc36b74b,未判定,未判定,未判定,未判定,未判定,未判定（仅允许4小时/8小时/24小时/48小时）,未判定,无法判定,无法判定（成本来源未登记）,无法判定,无法判定,无法判定,无法判定,无法判定,无法判定,无法判定,未判定,未判定,cost-execution-1.0,ca7102ef54f4c2b190484871e99401aef601fecad5b7ca08b8144fb0c8d629d5,418fe03efd0e3a3dd11dd86e92f4b1794ce4b82420e79f4216e37fd0b2d9bcb3,f04d7507a1d6cab760fbe8cbb0d1f26a939c187dad9b8140536d1d93fe718ab8,无法判定,cost_source_missing,任务-000032输入身份漂移，或尚无获批成本来源登记；未读取当前费率/盘口/账户信息,登记带来源、时间、版本、数据截止和可见性证据的手续费、价差、深度、冲击、资金费率、延迟和可成交量；重新发布批次
cost-20260805T014911+0800-26f68554e23b,DS-000006,ETH,ZI-02bb55334ca878f1e490d263,未判定,未判定,未判定,未判定,未判定,未判定（仅允许4小时/8小时/24小时/48小时）,未判定,无法判定,无法判定（成本来源未登记）,无法判定,无法判定,无法判定,无法判定,无法判定,无法判定,无法判定,未判定,未判定,cost-execution-1.0,ca7102ef54f4c2b190484871e99401aef601fecad5b7ca08b8144fb0c8d629d5,418fe03efd0e3a3dd11dd86e92f4b1794ce4b82420e79f4216e37fd0b2d9bcb3,3517b25ff608a00d38cefd630136b3e46d420f6c92e55cf5026a5da5e8c6eada,无法判定,cost_source_missing,任务-000032输入身份漂移，或尚无获批成本来源登记；未读取当前费率/盘口/账户信息,登记带来源、时间、版本、数据截止和可见性证据的手续费、价差、深度、冲击、资金费率、延迟和可成交量；重新发布批次
cost-20260805T014911+0800-26f68554e23b,DS-000007,BTC,ZI-63b0e2c2062f1a2d08892d31,未判定,未判定,未判定,未判定,未判定,未判定（仅允许4小时/8小时/24小时/48小时）,未判定,无法判定,无法判定（成本来源未登记）,无法判定,无法判定,无法判定,无法判定,无法判定,无法判定,无法判定,未判定,未判定,cost-execution-1.0,ca7102ef54f4c2b190484871e99401aef601fecad5b7ca08b8144fb0c8d629d5,3ebf3dc4893f4dfe26a6e7d3c987ef0bd9f5a1ec4cf267a949b6d455471a2bc2,04ed3c7336a9a8463374a97a76b6bafb650d88ade5a8e099ebafcbef3605775b,无法判定,cost_source_missing,任务-000032输入身份漂移，或尚无获批成本来源登记；未读取当前费率/盘口/账户信息,登记带来源、时间、版本、数据截止和可见性证据的手续费、价差、深度、冲击、资金费率、延迟和可成交量；重新发布批次
cost-20260805T014911+0800-26f68554e23b,DS-000007,ETH,ZI-ab8649c928c32ab7bfff8287,未判定,未判定,未判定,未判定,未判定,未判定（仅允许4小时/8小时/24小时/48小时）,未判定,无法判定,无法判定（成本来源未登记）,无法判定,无法判定,无法判定,无法判定,无法判定,无法判定,无法判定,未判定,未判定,cost-execution-1.0,ca7102ef54f4c2b190484871e99401aef601fecad5b7ca08b8144fb0c8d629d5,3ebf3dc4893f4dfe26a6e7d3c987ef0bd9f5a1ec4cf267a949b6d455471a2bc2,ddfa3bb5c36bb68489f867cb246deaff4f4210eddbf8c346f2872c752bdbab69,无法判定,cost_source_missing,任务-000032输入身份漂移，或尚无获批成本来源登记；未读取当前费率/盘口/账户信息,登记带来源、时间、版本、数据截止和可见性证据的手续费、价差、深度、冲击、资金费率、延迟和可成交量；重新发布批次
cost-20260805T014911+0800-26f68554e23b,DS-000008,BTC,ZI-a3275f1ead9140426d316fda,未判定,未判定,未判定,未判定,未判定,未判定（仅允许4小时/8小时/24小时/48小时）,未判定,无法判定,无法判定（成本来源未登记）,无法判定,无法判定,无法判定,无法判定,无法判定,无法判定,无法判定,未判定,未判定,cost-execution-1.0,ca7102ef54f4c2b190484871e99401aef601fecad5b7ca08b8144fb0c8d629d5,ab4be389833c28e68da7c53b750567acb9357d09662dbf801bb0a4958f33b6ce,9b8d98ddffc1ae0a7c6d97a5c188f002178c708b6699cf0f63876e95523062a7,无法判定,cost_source_missing,任务-000032输入身份漂移，或尚无获批成本来源登记；未读取当前费率/盘口/账户信息,登记带来源、时间、版本、数据截止和可见性证据的手续费、价差、深度、冲击、资金费率、延迟和可成交量；重新发布批次
cost-20260805T014911+0800-26f68554e23b,DS-000008,ETH,ZI-803cad160ec9877f5950adb0,未判定,未判定,未判定,未判定,未判定,未判定（仅允许4小时/8小时/24小时/48小时）,未判定,无法判定,无法判定（成本来源未登记）,无法判定,无法判定,无法判定,无法判定,无法判定,无法判定,无法判定,未判定,未判定,cost-execution-1.0,ca7102ef54f4c2b190484871e99401aef601fecad5b7ca08b8144fb0c8d629d5,ab4be389833c28e68da7c53b750567acb9357d09662dbf801bb0a4958f33b6ce,6fee9b375b793f61007266b28066335ec51695edc910b75b39ddecb7473e6d9d,无法判定,cost_source_missing,任务-000032输入身份漂移，或尚无获批成本来源登记；未读取当前费率/盘口/账户信息,登记带来源、时间、版本、数据截止和可见性证据的手续费、价差、深度、冲击、资金费率、延迟和可成交量；重新发布批次
cost-20260805T014911+0800-26f68554e23b,DS-000009,BTC,ZI-24037d8a714b80d1f447c8ca,未判定,未判定,未判定,未判定,未判定,未判定（仅允许4小时/8小时/24小时/48小时）,未判定,无法判定,无法判定（成本来源未登记）,无法判定,无法判定,无法判定,无法判定,无法判定,无法判定,无法判定,未判定,未判定,cost-execution-1.0,ca7102ef54f4c2b190484871e99401aef601fecad5b7ca08b8144fb0c8d629d5,4849ea5fcc8e131b34e0a1f869cf3091991dd7599d96c208da1663e4dfc52235,5b95ad0007b38f6e7103776fa0b57a7c449582204828b4396924c21f070aab02,无法判定,cost_source_missing,任务-000032输入身份漂移，或尚无获批成本来源登记；未读取当前费率/盘口/账户信息,登记带来源、时间、版本、数据截止和可见性证据的手续费、价差、深度、冲击、资金费率、延迟和可成交量；重新发布批次
cost-20260805T014911+0800-26f68554e23b,DS-000009,ETH,ZI-cb3f201795dbfc35bf020cc4,未判定,未判定,未判定,未判定,未判定,未判定（仅允许4小时/8小时/24小时/48小时）,未判定,无法判定,无法判定（成本来源未登记）,无法判定,无法判定,无法判定,无法判定,无法判定,无法判定,无法判定,未判定,未判定,cost-execution-1.0,ca7102ef54f4c2b190484871e99401aef601fecad5b7ca08b8144fb0c8d629d5,4849ea5fcc8e131b34e0a1f869cf3091991dd7599d96c208da1663e4dfc52235,0b283cae86f9ba50fbef780e4bd68738060750ff84472b557cda9bdb1c3227de,无法判定,cost_source_missing,任务-000032输入身份漂移，或尚无获批成本来源登记；未读取当前费率/盘口/账户信息,登记带来源、时间、版本、数据截止和可见性证据的手续费、价差、深度、冲击、资金费率、延迟和可成交量；重新发布批次
cost-20260805T014911+0800-26f68554e23b,DS-000010,BTC,ZI-8f0cd7b99b1e374adc146a4a,未判定,未判定,未判定,未判定,未判定,未判定（仅允许4小时/8小时/24小时/48小时）,未判定,无法判定,无法判定（成本来源未登记）,无法判定,无法判定,无法判定,无法判定,无法判定,无法判定,无法判定,未判定,未判定,cost-execution-1.0,ca7102ef54f4c2b190484871e99401aef601fecad5b7ca08b8144fb0c8d629d5,8562243991398d91135b1772abbc3ac55944daadb403bff7c09173a62c9c9c77,813ea3d639138b1940d0a9167d9e75a9542b43f79928a93ca5a31436d43605e4,无法判定,cost_source_missing,任务-000032输入身份漂移，或尚无获批成本来源登记；未读取当前费率/盘口/账户信息,登记带来源、时间、版本、数据截止和可见性证据的手续费、价差、深度、冲击、资金费率、延迟和可成交量；重新发布批次
cost-20260805T014911+0800-26f68554e23b,DS-000010,ETH,ZI-a0bd838ee633afa643f72fdb,未判定,未判定,未判定,未判定,未判定,未判定（仅允许4小时/8小时/24小时/48小时）,未判定,无法判定,无法判定（成本来源未登记）,无法判定,无法判定,无法判定,无法判定,无法判定,无法判定,无法判定,未判定,未判定,cost-execution-1.0,ca7102ef54f4c2b190484871e99401aef601fecad5b7ca08b8144fb0c8d629d5,8562243991398d91135b1772abbc3ac55944daadb403bff7c09173a62c9c9c77,69567d51d12c33086c617387218efa9764db2e9ce8e5d6a3bb886fde69be8d92,无法判定,cost_source_missing,任务-000032输入身份漂移，或尚无获批成本来源登记；未读取当前费率/盘口/账户信息,登记带来源、时间、版本、数据截止和可见性证据的手续费、价差、深度、冲击、资金费率、延迟和可成交量；重新发布批次
cost-20260805T014911+0800-26f68554e23b,DS-000011,BTC,ZI-d7cbdc706bf9497b3c98b3eb,未判定,未判定,未判定,未判定,未判定,未判定（仅允许4小时/8小时/24小时/48小时）,未判定,无法判定,无法判定（成本来源未登记）,无法判定,无法判定,无法判定,无法判定,无法判定,无法判定,无法判定,未判定,未判定,cost-execution-1.0,ca7102ef54f4c2b190484871e99401aef601fecad5b7ca08b8144fb0c8d629d5,c0edb4a3d5641a215aa25b1d924287d6937846044948a073e9548f36e4662d66,9602765620bd831184eb7e80cc0e2e777dfdb935a79537cc4cce1e64c24bf9e2,无法判定,cost_source_missing,任务-000032输入身份漂移，或尚无获批成本来源登记；未读取当前费率/盘口/账户信息,登记带来源、时间、版本、数据截止和可见性证据的手续费、价差、深度、冲击、资金费率、延迟和可成交量；重新发布批次
cost-20260805T014911+0800-26f68554e23b,DS-000011,ETH,ZI-c18845ce5953be525fba9e98,未判定,未判定,未判定,未判定,未判定,未判定（仅允许4小时/8小时/24小时/48小时）,未判定,无法判定,无法判定（成本来源未登记）,无法判定,无法判定,无法判定,无法判定,无法判定,无法判定,无法判定,未判定,未判定,cost-execution-1.0,ca7102ef54f4c2b190484871e99401aef601fecad5b7ca08b8144fb0c8d629d5,c0edb4a3d5641a215aa25b1d924287d6937846044948a073e9548f36e4662d66,608f658f20704fb55f211dcb48f14719d9ed475e91bb489f6142f36fff84ae69,无法判定,cost_source_missing,任务-000032输入身份漂移，或尚无获批成本来源登记；未读取当前费率/盘口/账户信息,登记带来源、时间、版本、数据截止和可见性证据的手续费、价差、深度、冲击、资金费率、延迟和可成交量；重新发布批次
cost-20260805T014911+0800-26f68554e23b,DS-000012,BTC,ZI-bb992f68b3613e9c75ad8102,未判定,未判定,未判定,未判定,未判定,未判定（仅允许4小时/8小时/24小时/48小时）,未判定,无法判定,无法判定（成本来源未登记）,无法判定,无法判定,无法判定,无法判定,无法判定,无法判定,无法判定,未判定,未判定,cost-execution-1.0,ca7102ef54f4c2b190484871e99401aef601fecad5b7ca08b8144fb0c8d629d5,6488d3a76db1480fe664736699f8d127dfe2b6991f8ef7d637bf289ed684f603,baa3b169dc722071e4d3e7a05d30a540f9c3a725796202237019d83e55911c0c,无法判定,cost_source_missing,任务-000032输入身份漂移，或尚无获批成本来源登记；未读取当前费率/盘口/账户信息,登记带来源、时间、版本、数据截止和可见性证据的手续费、价差、深度、冲击、资金费率、延迟和可成交量；重新发布批次
cost-20260805T014911+0800-26f68554e23b,DS-000012,ETH,ZI-6755e3ebe9d9a3e83f13a4a9,未判定,未判定,未判定,未判定,未判定,未判定（仅允许4小时/8小时/24小时/48小时）,未判定,无法判定,无法判定（成本来源未登记）,无法判定,无法判定,无法判定,无法判定,无法判定,无法判定,无法判定,未判定,未判定,cost-execution-1.0,ca7102ef54f4c2b190484871e99401aef601fecad5b7ca08b8144fb0c8d629d5,6488d3a76db1480fe664736699f8d127dfe2b6991f8ef7d637bf289ed684f603,c15473c73ca56cbd254df1a1e4bd59170adbcdabd1137ad4045ea977ba5b3d69,无法判定,cost_source_missing,任务-000032输入身份漂移，或尚无获批成本来源登记；未读取当前费率/盘口/账户信息,登记带来源、时间、版本、数据截止和可见性证据的手续费、价差、深度、冲击、资金费率、延迟和可成交量；重新发布批次
cost-20260805T014911+0800-26f68554e23b,DS-000013,BTC,ZI-22947f2c8da15aea945c5d37,未判定,未判定,未判定,未判定,未判定,未判定（仅允许4小时/8小时/24小时/48小时）,未判定,无法判定,无法判定（成本来源未登记）,无法判定,无法判定,无法判定,无法判定,无法判定,无法判定,无法判定,未判定,未判定,cost-execution-1.0,ca7102ef54f4c2b190484871e99401aef601fecad5b7ca08b8144fb0c8d629d5,d752aa1613734dda0aec6607232464e2d8979adc3031013d4b5ec053121a018e,85b073ca1ddf60d7ba9c71f5854f2822f327220f956413c258ba7dc0b2868d64,无法判定,cost_source_missing,任务-000032输入身份漂移，或尚无获批成本来源登记；未读取当前费率/盘口/账户信息,登记带来源、时间、版本、数据截止和可见性证据的手续费、价差、深度、冲击、资金费率、延迟和可成交量；重新发布批次
cost-20260805T014911+0800-26f68554e23b,DS-000013,ETH,ZI-95764bb9d0fab4a919eda519,未判定,未判定,未判定,未判定,未判定,未判定（仅允许4小时/8小时/24小时/48小时）,未判定,无法判定,无法判定（成本来源未登记）,无法判定,无法判定,无法判定,无法判定,无法判定,无法判定,无法判定,未判定,未判定,cost-execution-1.0,ca7102ef54f4c2b190484871e99401aef601fecad5b7ca08b8144fb0c8d629d5,d752aa1613734dda0aec6607232464e2d8979adc3031013d4b5ec053121a018e,8058eb3b76b2dce43b3bd2d834f49d49d5471a6ebeed8daf0ae6b9965f3bf28f,无法判定,cost_source_missing,任务-000032输入身份漂移，或尚无获批成本来源登记；未读取当前费率/盘口/账户信息,登记带来源、时间、版本、数据截止和可见性证据的手续费、价差、深度、冲击、资金费率、延迟和可成交量；重新发布批次
cost-20260805T014911+0800-26f68554e23b,DS-000014,BTC,ZI-6fe292c785aa3707aa7bae85,未判定,未判定,未判定,未判定,未判定,未判定（仅允许4小时/8小时/24小时/48小时）,未判定,无法判定,无法判定（成本来源未登记）,无法判定,无法判定,无法判定,无法判定,无法判定,无法判定,无法判定,未判定,未判定,cost-execution-1.0,ca7102ef54f4c2b190484871e99401aef601fecad5b7ca08b8144fb0c8d629d5,08fb581aa6458f82f20d564ff8c227ed10aac67d94df4aa913b6032537d5aee4,0fa3b3cf03c435bd953ed0b4563064f77ee7966aa79b2446c492e77271816647,无法判定,cost_source_missing,任务-000032输入身份漂移，或尚无获批成本来源登记；未读取当前费率/盘口/账户信息,登记带来源、时间、版本、数据截止和可见性证据的手续费、价差、深度、冲击、资金费率、延迟和可成交量；重新发布批次
cost-20260805T014911+0800-26f68554e23b,DS-000014,ETH,ZI-3b9c54566bc10a3e90b3766c,未判定,未判定,未判定,未判定,未判定,未判定（仅允许4小时/8小时/24小时/48小时）,未判定,无法判定,无法判定（成本来源未登记）,无法判定,无法判定,无法判定,无法判定,无法判定,无法判定,无法判定,未判定,未判定,cost-execution-1.0,ca7102ef54f4c2b190484871e99401aef601fecad5b7ca08b8144fb0c8d629d5,08fb581aa6458f82f20d564ff8c227ed10aac67d94df4aa913b6032537d5aee4,dc90f0ad5aa28e81729c95ada789ecb65680258f49fa23970dbb26c2123e7f22,无法判定,cost_source_missing,任务-000032输入身份漂移，或尚无获批成本来源登记；未读取当前费率/盘口/账户信息,登记带来源、时间、版本、数据截止和可见性证据的手续费、价差、深度、冲击、资金费率、延迟和可成交量；重新发布批次
cost-20260805T014911+0800-26f68554e23b,DS-000015,BTC,ZI-ebacff58193ae9067a1b085a,未判定,未判定,未判定,未判定,未判定,未判定（仅允许4小时/8小时/24小时/48小时）,未判定,无法判定,无法判定（成本来源未登记）,无法判定,无法判定,无法判定,无法判定,无法判定,无法判定,无法判定,未判定,未判定,cost-execution-1.0,ca7102ef54f4c2b190484871e99401aef601fecad5b7ca08b8144fb0c8d629d5,9272106f97f6d6b4c3f908c8d87e67eab0fc85f2ef6bc68642d69f30959ca173,5ea79046f84225f3abc61f67859483f45a653a54d3e458fcd4fa7c70a013fd9d,无法判定,cost_source_missing,任务-000032输入身份漂移，或尚无获批成本来源登记；未读取当前费率/盘口/账户信息,登记带来源、时间、版本、数据截止和可见性证据的手续费、价差、深度、冲击、资金费率、延迟和可成交量；重新发布批次
cost-20260805T014911+0800-26f68554e23b,DS-000015,ETH,ZI-4f294e47780b8d95f28c6c55,未判定,未判定,未判定,未判定,未判定,未判定（仅允许4小时/8小时/24小时/48小时）,未判定,无法判定,无法判定（成本来源未登记）,无法判定,无法判定,无法判定,无法判定,无法判定,无法判定,无法判定,未判定,未判定,cost-execution-1.0,ca7102ef54f4c2b190484871e99401aef601fecad5b7ca08b8144fb0c8d629d5,9272106f97f6d6b4c3f908c8d87e67eab0fc85f2ef6bc68642d69f30959ca173,805b5599e7f26ea6dc2814e300b9495a23364d9a5a84ed063983d48e78ef7e42,无法判定,cost_source_missing,任务-000032输入身份漂移，或尚无获批成本来源登记；未读取当前费率/盘口/账户信息,登记带来源、时间、版本、数据截止和可见性证据的手续费、价差、深度、冲击、资金费率、延迟和可成交量；重新发布批次
cost-20260805T014911+0800-26f68554e23b,DS-000016,BTC,ZI-c7222ddc077a12706bc85a0e,未判定,未判定,未判定,未判定,未判定,未判定（仅允许4小时/8小时/24小时/48小时）,未判定,无法判定,无法判定（成本来源未登记）,无法判定,无法判定,无法判定,无法判定,无法判定,无法判定,无法判定,未判定,未判定,cost-execution-1.0,ca7102ef54f4c2b190484871e99401aef601fecad5b7ca08b8144fb0c8d629d5,4cdf7edc970df6bab295fc28978736bd2363c1ab8a956858de8d54f846d01882,fe860d535282ff507c1ad1882244682c6911ed95290f58ac764c1102963d82a8,无法判定,cost_source_missing,任务-000032输入身份漂移，或尚无获批成本来源登记；未读取当前费率/盘口/账户信息,登记带来源、时间、版本、数据截止和可见性证据的手续费、价差、深度、冲击、资金费率、延迟和可成交量；重新发布批次
cost-20260805T014911+0800-26f68554e23b,DS-000016,ETH,ZI-aee0aa011ef421beb877e180,未判定,未判定,未判定,未判定,未判定,未判定（仅允许4小时/8小时/24小时/48小时）,未判定,无法判定,无法判定（成本来源未登记）,无法判定,无法判定,无法判定,无法判定,无法判定,无法判定,无法判定,未判定,未判定,cost-execution-1.0,ca7102ef54f4c2b190484871e99401aef601fecad5b7ca08b8144fb0c8d629d5,4cdf7edc970df6bab295fc28978736bd2363c1ab8a956858de8d54f846d01882,7d0c10255d3a410734fa51c9c0bcb62997f3eb27ae8588c2d1f1cc48ebbdafd1,无法判定,cost_source_missing,任务-000032输入身份漂移，或尚无获批成本来源登记；未读取当前费率/盘口/账户信息,登记带来源、时间、版本、数据截止和可见性证据的手续费、价差、深度、冲击、资金费率、延迟和可成交量；重新发布批次
cost-20260805T014911+0800-26f68554e23b,DS-000017,BTC,ZI-b662cded17c8b415bc18d325,未判定,未判定,未判定,未判定,未判定,未判定（仅允许4小时/8小时/24小时/48小时）,未判定,无法判定,无法判定（成本来源未登记）,无法判定,无法判定,无法判定,无法判定,无法判定,无法判定,无法判定,未判定,未判定,cost-execution-1.0,ca7102ef54f4c2b190484871e99401aef601fecad5b7ca08b8144fb0c8d629d5,c235b7a916bac68c83d767cf7956c8f93a8f4da73e360a403818f7733340c404,6a0eb3227b1e374178a70929ae8af4228fc179b2ddd1c4d6c04649dc7e435fa2,无法判定,cost_source_missing,任务-000032输入身份漂移，或尚无获批成本来源登记；未读取当前费率/盘口/账户信息,登记带来源、时间、版本、数据截止和可见性证据的手续费、价差、深度、冲击、资金费率、延迟和可成交量；重新发布批次
cost-20260805T014911+0800-26f68554e23b,DS-000017,ETH,ZI-7e0cdf9830865f043bda9ce4,未判定,未判定,未判定,未判定,未判定,未判定（仅允许4小时/8小时/24小时/48小时）,未判定,无法判定,无法判定（成本来源未登记）,无法判定,无法判定,无法判定,无法判定,无法判定,无法判定,无法判定,未判定,未判定,cost-execution-1.0,ca7102ef54f4c2b190484871e99401aef601fecad5b7ca08b8144fb0c8d629d5,c235b7a916bac68c83d767cf7956c8f93a8f4da73e360a403818f7733340c404,e7d9768ea352646d8f9bd8d2faac76734f50abde690518e2c3e0f45e9cef9218,无法判定,cost_source_missing,任务-000032输入身份漂移，或尚无获批成本来源登记；未读取当前费率/盘口/账户信息,登记带来源、时间、版本、数据截止和可见性证据的手续费、价差、深度、冲击、资金费率、延迟和可成交量；重新发布批次
cost-20260805T014911+0800-26f68554e23b,DS-000018,BTC,ZI-8c0a2a61096b2a4424356b89,未判定,未判定,未判定,未判定,未判定,未判定（仅允许4小时/8小时/24小时/48小时）,未判定,无法判定,无法判定（成本来源未登记）,无法判定,无法判定,无法判定,无法判定,无法判定,无法判定,无法判定,未判定,未判定,cost-execution-1.0,ca7102ef54f4c2b190484871e99401aef601fecad5b7ca08b8144fb0c8d629d5,4fe953729deb69b10c708535cb14a4ae9068ff1ac224cf1f0328b175c81180da,9a4c4046874d5a620bef58dc00c20966e4b0ad1db21b6b1cd05e7e343182cc02,无法判定,cost_source_missing,任务-000032输入身份漂移，或尚无获批成本来源登记；未读取当前费率/盘口/账户信息,登记带来源、时间、版本、数据截止和可见性证据的手续费、价差、深度、冲击、资金费率、延迟和可成交量；重新发布批次
cost-20260805T014911+0800-26f68554e23b,DS-000018,ETH,ZI-f26a91d704b8153b3b13bcab,未判定,未判定,未判定,未判定,未判定,未判定（仅允许4小时/8小时/24小时/48小时）,未判定,无法判定,无法判定（成本来源未登记）,无法判定,无法判定,无法判定,无法判定,无法判定,无法判定,无法判定,未判定,未判定,cost-execution-1.0,ca7102ef54f4c2b190484871e99401aef601fecad5b7ca08b8144fb0c8d629d5,4fe953729deb69b10c708535cb14a4ae9068ff1ac224cf1f0328b175c81180da,573067dd70915a0fe7e0a311b50d4d17a72def24276be5531d9ad92c74991131,无法判定,cost_source_missing,任务-000032输入身份漂移，或尚无获批成本来源登记；未读取当前费率/盘口/账户信息,登记带来源、时间、版本、数据截止和可见性证据的手续费、价差、深度、冲击、资金费率、延迟和可成交量；重新发布批次
cost-20260805T014911+0800-26f68554e23b,DS-000019,BTC,ZI-b8918337d2edc573b5335acf,未判定,未判定,未判定,未判定,未判定,未判定（仅允许4小时/8小时/24小时/48小时）,未判定,无法判定,无法判定（成本来源未登记）,无法判定,无法判定,无法判定,无法判定,无法判定,无法判定,无法判定,未判定,未判定,cost-execution-1.0,ca7102ef54f4c2b190484871e99401aef601fecad5b7ca08b8144fb0c8d629d5,ad3c8db3371b655441773d858d0d8122a3855100b619db1d30db4bdebf1fdc04,eeac3d79c4018124f59b269653f8838a53c5df10e7186bcb103c286b45d5960a,无法判定,cost_source_missing,任务-000032输入身份漂移，或尚无获批成本来源登记；未读取当前费率/盘口/账户信息,登记带来源、时间、版本、数据截止和可见性证据的手续费、价差、深度、冲击、资金费率、延迟和可成交量；重新发布批次
cost-20260805T014911+0800-26f68554e23b,DS-000019,ETH,ZI-033ce08ef691bdde9d29398b,未判定,未判定,未判定,未判定,未判定,未判定（仅允许4小时/8小时/24小时/48小时）,未判定,无法判定,无法判定（成本来源未登记）,无法判定,无法判定,无法判定,无法判定,无法判定,无法判定,无法判定,未判定,未判定,cost-execution-1.0,ca7102ef54f4c2b190484871e99401aef601fecad5b7ca08b8144fb0c8d629d5,ad3c8db3371b655441773d858d0d8122a3855100b619db1d30db4bdebf1fdc04,01633f48e6b5cf03be251110fafa7b0ae92c1be0204dc48e5c7a3452bd9bf65a,无法判定,cost_source_missing,任务-000032输入身份漂移，或尚无获批成本来源登记；未读取当前费率/盘口/账户信息,登记带来源、时间、版本、数据截止和可见性证据的手续费、价差、深度、冲击、资金费率、延迟和可成交量；重新发布批次
cost-20260805T014911+0800-26f68554e23b,DS-000020,BTC,ZI-a74fe50809407c65c35e27b6,未判定,未判定,未判定,未判定,未判定,未判定（仅允许4小时/8小时/24小时/48小时）,未判定,无法判定,无法判定（成本来源未登记）,无法判定,无法判定,无法判定,无法判定,无法判定,无法判定,无法判定,未判定,未判定,cost-execution-1.0,ca7102ef54f4c2b190484871e99401aef601fecad5b7ca08b8144fb0c8d629d5,a526a8242c642070d0abfa09c29c4f2cd120a90d0e2f37509203c630d72e138a,8d45e16e537d31717c1d67bff6c11e0da10da250df9354f5544e32495f383b48,无法判定,cost_source_missing,任务-000032输入身份漂移，或尚无获批成本来源登记；未读取当前费率/盘口/账户信息,登记带来源、时间、版本、数据截止和可见性证据的手续费、价差、深度、冲击、资金费率、延迟和可成交量；重新发布批次
cost-20260805T014911+0800-26f68554e23b,DS-000020,ETH,ZI-77e33436a724310dfdbb45ff,未判定,未判定,未判定,未判定,未判定,未判定（仅允许4小时/8小时/24小时/48小时）,未判定,无法判定,无法判定（成本来源未登记）,无法判定,无法判定,无法判定,无法判定,无法判定,无法判定,无法判定,未判定,未判定,cost-execution-1.0,ca7102ef54f4c2b190484871e99401aef601fecad5b7ca08b8144fb0c8d629d5,a526a8242c642070d0abfa09c29c4f2cd120a90d0e2f37509203c630d72e138a,07b5681e8ed84e04701c0a0982b5085ff5a0e448fa53c28e47a60a65d4fd470e,无法判定,cost_source_missing,任务-000032输入身份漂移，或尚无获批成本来源登记；未读取当前费率/盘口/账户信息,登记带来源、时间、版本、数据截止和可见性证据的手续费、价差、深度、冲击、资金费率、延迟和可成交量；重新发布批次
cost-20260805T014911+0800-26f68554e23b,DS-000021,BTC,ZI-37ca6c4114c93bb8aabfdb40,未判定,未判定,未判定,未判定,未判定,未判定（仅允许4小时/8小时/24小时/48小时）,未判定,无法判定,无法判定（成本来源未登记）,无法判定,无法判定,无法判定,无法判定,无法判定,无法判定,无法判定,未判定,未判定,cost-execution-1.0,ca7102ef54f4c2b190484871e99401aef601fecad5b7ca08b8144fb0c8d629d5,b29ec832a9ec21512d2b069bc43c606b1d5708b1b540daf89543fe0ccef55651,dabeb863b2c99ae9cc90a1d5b5862be7e6ee04c7f469151c922b941e11185d25,无法判定,cost_source_missing,任务-000032输入身份漂移，或尚无获批成本来源登记；未读取当前费率/盘口/账户信息,登记带来源、时间、版本、数据截止和可见性证据的手续费、价差、深度、冲击、资金费率、延迟和可成交量；重新发布批次
cost-20260805T014911+0800-26f68554e23b,DS-000021,ETH,ZI-04ca2b6ded2abaa7a64050a6,未判定,未判定,未判定,未判定,未判定,未判定（仅允许4小时/8小时/24小时/48小时）,未判定,无法判定,无法判定（成本来源未登记）,无法判定,无法判定,无法判定,无法判定,无法判定,无法判定,无法判定,未判定,未判定,cost-execution-1.0,ca7102ef54f4c2b190484871e99401aef601fecad5b7ca08b8144fb0c8d629d5,b29ec832a9ec21512d2b069bc43c606b1d5708b1b540daf89543fe0ccef55651,d615bebdb0c12ef1c8e5f7834b3cd3b9d5c37da1a9f1144f4d8dffefede7b5a3,无法判定,cost_source_missing,任务-000032输入身份漂移，或尚无获批成本来源登记；未读取当前费率/盘口/账户信息,登记带来源、时间、版本、数据截止和可见性证据的手续费、价差、深度、冲击、资金费率、延迟和可成交量；重新发布批次
cost-20260805T014911+0800-26f68554e23b,DS-000022,BTC,ZI-d51a63844fdefcea96fdae6d,未判定,未判定,未判定,未判定,未判定,未判定（仅允许4小时/8小时/24小时/48小时）,未判定,无法判定,无法判定（成本来源未登记）,无法判定,无法判定,无法判定,无法判定,无法判定,无法判定,无法判定,未判定,未判定,cost-execution-1.0,ca7102ef54f4c2b190484871e99401aef601fecad5b7ca08b8144fb0c8d629d5,c0ab5228d78396d1740e56042fa1de132bedcae60f75760079bfc60ab4b1b4d8,3909815752c2997c310b2de5cb52f9aa2b47b6d8f1e3e9943f80b1e0a70aff87,无法判定,cost_source_missing,任务-000032输入身份漂移，或尚无获批成本来源登记；未读取当前费率/盘口/账户信息,登记带来源、时间、版本、数据截止和可见性证据的手续费、价差、深度、冲击、资金费率、延迟和可成交量；重新发布批次
cost-20260805T014911+0800-26f68554e23b,DS-000022,ETH,ZI-2570062f645b43ce27a0487c,未判定,未判定,未判定,未判定,未判定,未判定（仅允许4小时/8小时/24小时/48小时）,未判定,无法判定,无法判定（成本来源未登记）,无法判定,无法判定,无法判定,无法判定,无法判定,无法判定,无法判定,未判定,未判定,cost-execution-1.0,ca7102ef54f4c2b190484871e99401aef601fecad5b7ca08b8144fb0c8d629d5,c0ab5228d78396d1740e56042fa1de132bedcae60f75760079bfc60ab4b1b4d8,0726f64c541e798dbf3571156a0a59c40b8afce9e0695fdb1a1a04433b6ff96c,无法判定,cost_source_missing,任务-000032输入身份漂移，或尚无获批成本来源登记；未读取当前费率/盘口/账户信息,登记带来源、时间、版本、数据截止和可见性证据的手续费、价差、深度、冲击、资金费率、延迟和可成交量；重新发布批次
cost-20260805T014911+0800-26f68554e23b,DS-000023,BTC,ZI-62a663fd96baa6d2befc3bf2,未判定,未判定,未判定,未判定,未判定,未判定（仅允许4小时/8小时/24小时/48小时）,未判定,无法判定,无法判定（成本来源未登记）,无法判定,无法判定,无法判定,无法判定,无法判定,无法判定,无法判定,未判定,未判定,cost-execution-1.0,ca7102ef54f4c2b190484871e99401aef601fecad5b7ca08b8144fb0c8d629d5,81f2feafeecec4652c8bfb0f947957b8b90cf235662b37cb659d65b91d1a551f,44dc1a25b85b954894a63cc7bfedc3715be47f76be079f0db43416136dcbf86b,无法判定,cost_source_missing,任务-000032输入身份漂移，或尚无获批成本来源登记；未读取当前费率/盘口/账户信息,登记带来源、时间、版本、数据截止和可见性证据的手续费、价差、深度、冲击、资金费率、延迟和可成交量；重新发布批次
cost-20260805T014911+0800-26f68554e23b,DS-000023,ETH,ZI-be30400ad91dda28af131417,未判定,未判定,未判定,未判定,未判定,未判定（仅允许4小时/8小时/24小时/48小时）,未判定,无法判定,无法判定（成本来源未登记）,无法判定,无法判定,无法判定,无法判定,无法判定,无法判定,无法判定,未判定,未判定,cost-execution-1.0,ca7102ef54f4c2b190484871e99401aef601fecad5b7ca08b8144fb0c8d629d5,81f2feafeecec4652c8bfb0f947957b8b90cf235662b37cb659d65b91d1a551f,b1f5830413ced2b2c98f00c4c6c1c56a6abef3e49a7c1ea829a92a24684974b0,无法判定,cost_source_missing,任务-000032输入身份漂移，或尚无获批成本来源登记；未读取当前费率/盘口/账户信息,登记带来源、时间、版本、数据截止和可见性证据的手续费、价差、深度、冲击、资金费率、延迟和可成交量；重新发布批次
cost-20260805T014911+0800-26f68554e23b,DS-000024,BTC,ZI-3e04430d183f37d5f6f412c6,未判定,未判定,未判定,未判定,未判定,未判定（仅允许4小时/8小时/24小时/48小时）,未判定,无法判定,无法判定（成本来源未登记）,无法判定,无法判定,无法判定,无法判定,无法判定,无法判定,无法判定,未判定,未判定,cost-execution-1.0,ca7102ef54f4c2b190484871e99401aef601fecad5b7ca08b8144fb0c8d629d5,817fea4d3681e30048d653c65ad6ca0c2546d7cdbc7e492e5f1a8049a62808f4,489ba9d108d2a95d25f971927b65951324b28bb30d82b91eefa321c194632305,无法判定,cost_source_missing,任务-000032输入身份漂移，或尚无获批成本来源登记；未读取当前费率/盘口/账户信息,登记带来源、时间、版本、数据截止和可见性证据的手续费、价差、深度、冲击、资金费率、延迟和可成交量；重新发布批次
cost-20260805T014911+0800-26f68554e23b,DS-000024,ETH,ZI-a0d4e3f46f73962f77ebd7c5,未判定,未判定,未判定,未判定,未判定,未判定（仅允许4小时/8小时/24小时/48小时）,未判定,无法判定,无法判定（成本来源未登记）,无法判定,无法判定,无法判定,无法判定,无法判定,无法判定,无法判定,未判定,未判定,cost-execution-1.0,ca7102ef54f4c2b190484871e99401aef601fecad5b7ca08b8144fb0c8d629d5,817fea4d3681e30048d653c65ad6ca0c2546d7cdbc7e492e5f1a8049a62808f4,55210c76a8bf82e1634226b0790400fb9dd1eeac8cceae00f5c7569b1dc9ffd1,无法判定,cost_source_missing,任务-000032输入身份漂移，或尚无获批成本来源登记；未读取当前费率/盘口/账户信息,登记带来源、时间、版本、数据截止和可见性证据的手续费、价差、深度、冲击、资金费率、延迟和可成交量；重新发布批次
cost-20260805T014911+0800-26f68554e23b,DS-000025,BTC,ZI-d09e19cfdcbed9a7fdc593be,未判定,未判定,未判定,未判定,未判定,未判定（仅允许4小时/8小时/24小时/48小时）,未判定,无法判定,无法判定（成本来源未登记）,无法判定,无法判定,无法判定,无法判定,无法判定,无法判定,无法判定,未判定,未判定,cost-execution-1.0,ca7102ef54f4c2b190484871e99401aef601fecad5b7ca08b8144fb0c8d629d5,3bc979743acf753ab091e2b16be32addf942716fd7e657c27b13bac32a837788,6c35475fc245dfd58eb0674d4f7b374976a7ad87644a1a5b77e7372e0b1f0fc4,无法判定,cost_source_missing,任务-000032输入身份漂移，或尚无获批成本来源登记；未读取当前费率/盘口/账户信息,登记带来源、时间、版本、数据截止和可见性证据的手续费、价差、深度、冲击、资金费率、延迟和可成交量；重新发布批次
cost-20260805T014911+0800-26f68554e23b,DS-000025,ETH,ZI-0b664412f41ac3e18fc48be7,未判定,未判定,未判定,未判定,未判定,未判定（仅允许4小时/8小时/24小时/48小时）,未判定,无法判定,无法判定（成本来源未登记）,无法判定,无法判定,无法判定,无法判定,无法判定,无法判定,无法判定,未判定,未判定,cost-execution-1.0,ca7102ef54f4c2b190484871e99401aef601fecad5b7ca08b8144fb0c8d629d5,3bc979743acf753ab091e2b16be32addf942716fd7e657c27b13bac32a837788,da27c5b7e07e62500ba73ee21fdaeeb6b4782d2de6f7a543e208bafbc8761b2e,无法判定,cost_source_missing,任务-000032输入身份漂移，或尚无获批成本来源登记；未读取当前费率/盘口/账户信息,登记带来源、时间、版本、数据截止和可见性证据的手续费、价差、深度、冲击、资金费率、延迟和可成交量；重新发布批次
cost-20260805T014911+0800-26f68554e23b,DS-000026,BTC,ZI-9a5034b379b436117dafdeb9,未判定,未判定,未判定,未判定,未判定,未判定（仅允许4小时/8小时/24小时/48小时）,未判定,无法判定,无法判定（成本来源未登记）,无法判定,无法判定,无法判定,无法判定,无法判定,无法判定,无法判定,未判定,未判定,cost-execution-1.0,ca7102ef54f4c2b190484871e99401aef601fecad5b7ca08b8144fb0c8d629d5,af325ce0a6435c011438b5090332db3c62842d9cbfd1e61b155bf4082b3263ea,dfb1787d890edeeee4b279eba783012cc8453f9077ea12fcedcdac3c4be8a3b9,无法判定,cost_source_missing,任务-000032输入身份漂移，或尚无获批成本来源登记；未读取当前费率/盘口/账户信息,登记带来源、时间、版本、数据截止和可见性证据的手续费、价差、深度、冲击、资金费率、延迟和可成交量；重新发布批次
cost-20260805T014911+0800-26f68554e23b,DS-000026,ETH,ZI-0fe134d0066f7b835eaba2f2,未判定,未判定,未判定,未判定,未判定,未判定（仅允许4小时/8小时/24小时/48小时）,未判定,无法判定,无法判定（成本来源未登记）,无法判定,无法判定,无法判定,无法判定,无法判定,无法判定,无法判定,未判定,未判定,cost-execution-1.0,ca7102ef54f4c2b190484871e99401aef601fecad5b7ca08b8144fb0c8d629d5,af325ce0a6435c011438b5090332db3c62842d9cbfd1e61b155bf4082b3263ea,47cd0c5b6a536741aa9ff88e98534f327fa12be7562eafaf979825a3f52ac7e7,无法判定,cost_source_missing,任务-000032输入身份漂移，或尚无获批成本来源登记；未读取当前费率/盘口/账户信息,登记带来源、时间、版本、数据截止和可见性证据的手续费、价差、深度、冲击、资金费率、延迟和可成交量；重新发布批次
cost-20260805T014911+0800-26f68554e23b,DS-000027,BTC,ZI-50bc11d42d88870ce48d3c15,未判定,未判定,未判定,未判定,未判定,未判定（仅允许4小时/8小时/24小时/48小时）,未判定,无法判定,无法判定（成本来源未登记）,无法判定,无法判定,无法判定,无法判定,无法判定,无法判定,无法判定,未判定,未判定,cost-execution-1.0,ca7102ef54f4c2b190484871e99401aef601fecad5b7ca08b8144fb0c8d629d5,8e43ec058900af155d532895144b8698b1cc8c14831c3426a54ee316792980d5,2642de98dc4ea2010c07d78a9cf2baf8ddb6d3843b2e797b80c6500823b6dfd8,无法判定,cost_source_missing,任务-000032输入身份漂移，或尚无获批成本来源登记；未读取当前费率/盘口/账户信息,登记带来源、时间、版本、数据截止和可见性证据的手续费、价差、深度、冲击、资金费率、延迟和可成交量；重新发布批次
cost-20260805T014911+0800-26f68554e23b,DS-000027,ETH,ZI-089f0c0ebeeb9e87f76c31ff,未判定,未判定,未判定,未判定,未判定,未判定（仅允许4小时/8小时/24小时/48小时）,未判定,无法判定,无法判定（成本来源未登记）,无法判定,无法判定,无法判定,无法判定,无法判定,无法判定,无法判定,未判定,未判定,cost-execution-1.0,ca7102ef54f4c2b190484871e99401aef601fecad5b7ca08b8144fb0c8d629d5,8e43ec058900af155d532895144b8698b1cc8c14831c3426a54ee316792980d5,21160dec84f303b2d0415403730f84d8def06480fa9e6703ecac9ae24f0476d9,无法判定,cost_source_missing,任务-000032输入身份漂移，或尚无获批成本来源登记；未读取当前费率/盘口/账户信息,登记带来源、时间、版本、数据截止和可见性证据的手续费、价差、深度、冲击、资金费率、延迟和可成交量；重新发布批次
cost-20260805T014911+0800-26f68554e23b,DS-000028,BTC,ZI-f94898b1902c73c7204f68f4,未判定,未判定,未判定,未判定,未判定,未判定（仅允许4小时/8小时/24小时/48小时）,未判定,无法判定,无法判定（成本来源未登记）,无法判定,无法判定,无法判定,无法判定,无法判定,无法判定,无法判定,未判定,未判定,cost-execution-1.0,ca7102ef54f4c2b190484871e99401aef601fecad5b7ca08b8144fb0c8d629d5,6deaeaf291caa062edb87f6870e1eacf4e624850847d1f1e486b4c4f364b85b1,e91cd93ef165045894b35a8f59c22c06eee367f6e19b20ef3fa4f15c6eb7ea87,无法判定,cost_source_missing,任务-000032输入身份漂移，或尚无获批成本来源登记；未读取当前费率/盘口/账户信息,登记带来源、时间、版本、数据截止和可见性证据的手续费、价差、深度、冲击、资金费率、延迟和可成交量；重新发布批次
cost-20260805T014911+0800-26f68554e23b,DS-000028,ETH,ZI-9281ed93ca15f2fdc9ea24d8,未判定,未判定,未判定,未判定,未判定,未判定（仅允许4小时/8小时/24小时/48小时）,未判定,无法判定,无法判定（成本来源未登记）,无法判定,无法判定,无法判定,无法判定,无法判定,无法判定,无法判定,未判定,未判定,cost-execution-1.0,ca7102ef54f4c2b190484871e99401aef601fecad5b7ca08b8144fb0c8d629d5,6deaeaf291caa062edb87f6870e1eacf4e624850847d1f1e486b4c4f364b85b1,09faa0ec6844dcedd63e2e0fd07b424b335accb9cfb05f0cf2d51d5cc22b4b30,无法判定,cost_source_missing,任务-000032输入身份漂移，或尚无获批成本来源登记；未读取当前费率/盘口/账户信息,登记带来源、时间、版本、数据截止和可见性证据的手续费、价差、深度、冲击、资金费率、延迟和可成交量；重新发布批次
cost-20260805T014911+0800-26f68554e23b,DS-000029,BTC,ZI-de37a154d339d6ea9dd24636,未判定,未判定,未判定,未判定,未判定,未判定（仅允许4小时/8小时/24小时/48小时）,未判定,无法判定,无法判定（成本来源未登记）,无法判定,无法判定,无法判定,无法判定,无法判定,无法判定,无法判定,未判定,未判定,cost-execution-1.0,ca7102ef54f4c2b190484871e99401aef601fecad5b7ca08b8144fb0c8d629d5,92f4991c2748c52a460a9401f0a11eb1734299040fc7506ce9306bd6479ffe7a,d531fc58b9bd3bb101f9068722119ca4abaf8603010a4c90bf419284280f63e6,无法判定,cost_source_missing,任务-000032输入身份漂移，或尚无获批成本来源登记；未读取当前费率/盘口/账户信息,登记带来源、时间、版本、数据截止和可见性证据的手续费、价差、深度、冲击、资金费率、延迟和可成交量；重新发布批次
cost-20260805T014911+0800-26f68554e23b,DS-000029,ETH,ZI-8cc6ec85cad87703abaaeba8,未判定,未判定,未判定,未判定,未判定,未判定（仅允许4小时/8小时/24小时/48小时）,未判定,无法判定,无法判定（成本来源未登记）,无法判定,无法判定,无法判定,无法判定,无法判定,无法判定,无法判定,未判定,未判定,cost-execution-1.0,ca7102ef54f4c2b190484871e99401aef601fecad5b7ca08b8144fb0c8d629d5,92f4991c2748c52a460a9401f0a11eb1734299040fc7506ce9306bd6479ffe7a,d67a5578463634852564771f4a7162b2c1cc416b741eeb5db3400dc8746440ea,无法判定,cost_source_missing,任务-000032输入身份漂移，或尚无获批成本来源登记；未读取当前费率/盘口/账户信息,登记带来源、时间、版本、数据截止和可见性证据的手续费、价差、深度、冲击、资金费率、延迟和可成交量；重新发布批次
cost-20260805T014911+0800-26f68554e23b,DS-000030,BTC,ZI-1d36a0c340d1ef902e9b9d9e,未判定,未判定,未判定,未判定,未判定,未判定（仅允许4小时/8小时/24小时/48小时）,未判定,无法判定,无法判定（成本来源未登记）,无法判定,无法判定,无法判定,无法判定,无法判定,无法判定,无法判定,未判定,未判定,cost-execution-1.0,ca7102ef54f4c2b190484871e99401aef601fecad5b7ca08b8144fb0c8d629d5,4b28bed00a9971cbf5c8e1152602dea85ac1a430eddcd736f05d37e3aa84d858,6874db0e242d981edb8ca14c86447285aae1b32d4cec4b1b9ca59e5bdfd4d814,无法判定,cost_source_missing,任务-000032输入身份漂移，或尚无获批成本来源登记；未读取当前费率/盘口/账户信息,登记带来源、时间、版本、数据截止和可见性证据的手续费、价差、深度、冲击、资金费率、延迟和可成交量；重新发布批次
cost-20260805T014911+0800-26f68554e23b,DS-000030,ETH,ZI-d9c1e236f123c75e588d2059,未判定,未判定,未判定,未判定,未判定,未判定（仅允许4小时/8小时/24小时/48小时）,未判定,无法判定,无法判定（成本来源未登记）,无法判定,无法判定,无法判定,无法判定,无法判定,无法判定,无法判定,未判定,未判定,cost-execution-1.0,ca7102ef54f4c2b190484871e99401aef601fecad5b7ca08b8144fb0c8d629d5,4b28bed00a9971cbf5c8e1152602dea85ac1a430eddcd736f05d37e3aa84d858,264130c13ee6f97dcc681622d0dfea8ecf6fdb87568a8f05b01f4adc85f29609,无法判定,cost_source_missing,任务-000032输入身份漂移，或尚无获批成本来源登记；未读取当前费率/盘口/账户信息,登记带来源、时间、版本、数据截止和可见性证据的手续费、价差、深度、冲击、资金费率、延迟和可成交量；重新发布批次
cost-20260805T014911+0800-26f68554e23b,DS-000031,BTC,ZI-90a7b0ede5d1cf41ca54fe0d,未判定,未判定,未判定,未判定,未判定,未判定（仅允许4小时/8小时/24小时/48小时）,未判定,无法判定,无法判定（成本来源未登记）,无法判定,无法判定,无法判定,无法判定,无法判定,无法判定,无法判定,未判定,未判定,cost-execution-1.0,ca7102ef54f4c2b190484871e99401aef601fecad5b7ca08b8144fb0c8d629d5,29d323c124c390f10f2c24b5eae0c458885a7eedee01a516b498e26f7062df5b,b67e27c13af75a535a7ea5ce3890c6a6874c4677cb1be2d09055c4be1c802e94,无法判定,cost_source_missing,任务-000032输入身份漂移，或尚无获批成本来源登记；未读取当前费率/盘口/账户信息,登记带来源、时间、版本、数据截止和可见性证据的手续费、价差、深度、冲击、资金费率、延迟和可成交量；重新发布批次
cost-20260805T014911+0800-26f68554e23b,DS-000031,ETH,ZI-c169483e7e35bbdae6c6bc04,未判定,未判定,未判定,未判定,未判定,未判定（仅允许4小时/8小时/24小时/48小时）,未判定,无法判定,无法判定（成本来源未登记）,无法判定,无法判定,无法判定,无法判定,无法判定,无法判定,无法判定,未判定,未判定,cost-execution-1.0,ca7102ef54f4c2b190484871e99401aef601fecad5b7ca08b8144fb0c8d629d5,29d323c124c390f10f2c24b5eae0c458885a7eedee01a516b498e26f7062df5b,c11f65b32e00e1ac30d837bbe0fc5502449580cff0452649c257255088e8abcf,无法判定,cost_source_missing,任务-000032输入身份漂移，或尚无获批成本来源登记；未读取当前费率/盘口/账户信息,登记带来源、时间、版本、数据截止和可见性证据的手续费、价差、深度、冲击、资金费率、延迟和可成交量；重新发布批次
cost-20260805T014911+0800-26f68554e23b,DS-000032,BTC,ZI-af8bf19f503a5a5f7dd6543f,未判定,未判定,未判定,未判定,未判定,未判定（仅允许4小时/8小时/24小时/48小时）,未判定,无法判定,无法判定（成本来源未登记）,无法判定,无法判定,无法判定,无法判定,无法判定,无法判定,无法判定,未判定,未判定,cost-execution-1.0,ca7102ef54f4c2b190484871e99401aef601fecad5b7ca08b8144fb0c8d629d5,b5c0629a43ecc99fd7cf68bbd7325501ed954114deeb933f4bc776e395d961fc,8b688a652b5e42acf3e7aef20091e985ebeb83b2990b6449c54117f6b84ac500,无法判定,cost_source_missing,任务-000032输入身份漂移，或尚无获批成本来源登记；未读取当前费率/盘口/账户信息,登记带来源、时间、版本、数据截止和可见性证据的手续费、价差、深度、冲击、资金费率、延迟和可成交量；重新发布批次
cost-20260805T014911+0800-26f68554e23b,DS-000032,ETH,ZI-a21ccbe20389643ee308b69f,未判定,未判定,未判定,未判定,未判定,未判定（仅允许4小时/8小时/24小时/48小时）,未判定,无法判定,无法判定（成本来源未登记）,无法判定,无法判定,无法判定,无法判定,无法判定,无法判定,无法判定,未判定,未判定,cost-execution-1.0,ca7102ef54f4c2b190484871e99401aef601fecad5b7ca08b8144fb0c8d629d5,b5c0629a43ecc99fd7cf68bbd7325501ed954114deeb933f4bc776e395d961fc,366c1cedec21d589266b9339291759e58676a110a76b8157918cb6cd7c5eeb6e,无法判定,cost_source_missing,任务-000032输入身份漂移，或尚无获批成本来源登记；未读取当前费率/盘口/账户信息,登记带来源、时间、版本、数据截止和可见性证据的手续费、价差、深度、冲击、资金费率、延迟和可成交量；重新发布批次
cost-20260805T014911+0800-26f68554e23b,DS-000033,BTC,ZI-0e19e886b80de5aa05aaf456,未判定,未判定,未判定,未判定,未判定,未判定（仅允许4小时/8小时/24小时/48小时）,未判定,无法判定,无法判定（成本来源未登记）,无法判定,无法判定,无法判定,无法判定,无法判定,无法判定,无法判定,未判定,未判定,cost-execution-1.0,ca7102ef54f4c2b190484871e99401aef601fecad5b7ca08b8144fb0c8d629d5,9f544a7263232e8c2afc6bd732c53e8c348f34bfa90196c6e1f5627972e9dac2,026194bd26aace07acbf60daa5f548c80e38ac49bbf599e89ee975d357261425,无法判定,cost_source_missing,任务-000032输入身份漂移，或尚无获批成本来源登记；未读取当前费率/盘口/账户信息,登记带来源、时间、版本、数据截止和可见性证据的手续费、价差、深度、冲击、资金费率、延迟和可成交量；重新发布批次
cost-20260805T014911+0800-26f68554e23b,DS-000033,ETH,ZI-065c781df7752f8f461475e9,未判定,未判定,未判定,未判定,未判定,未判定（仅允许4小时/8小时/24小时/48小时）,未判定,无法判定,无法判定（成本来源未登记）,无法判定,无法判定,无法判定,无法判定,无法判定,无法判定,无法判定,未判定,未判定,cost-execution-1.0,ca7102ef54f4c2b190484871e99401aef601fecad5b7ca08b8144fb0c8d629d5,9f544a7263232e8c2afc6bd732c53e8c348f34bfa90196c6e1f5627972e9dac2,9d7c3eeb6d86584d3bef107a342ef95c30d8ca3c7cf5bc204704696fe7c27cca,无法判定,cost_source_missing,任务-000032输入身份漂移，或尚无获批成本来源登记；未读取当前费率/盘口/账户信息,登记带来源、时间、版本、数据截止和可见性证据的手续费、价差、深度、冲击、资金费率、延迟和可成交量；重新发布批次
cost-20260805T014911+0800-26f68554e23b,DS-000034,BTC,ZI-d0e75a2e82e0873897d28939,未判定,未判定,未判定,未判定,未判定,未判定（仅允许4小时/8小时/24小时/48小时）,未判定,无法判定,无法判定（成本来源未登记）,无法判定,无法判定,无法判定,无法判定,无法判定,无法判定,无法判定,未判定,未判定,cost-execution-1.0,ca7102ef54f4c2b190484871e99401aef601fecad5b7ca08b8144fb0c8d629d5,b32a37364932d1c7c753a7cc5988dfe162e2ab9199cc645f5bbfc4ab907dfd7a,dd68d29673be0c650f9960b4cf8021fbd0e9ddb0d2ebe03c5404e8a741300548,无法判定,cost_source_missing,任务-000032输入身份漂移，或尚无获批成本来源登记；未读取当前费率/盘口/账户信息,登记带来源、时间、版本、数据截止和可见性证据的手续费、价差、深度、冲击、资金费率、延迟和可成交量；重新发布批次
cost-20260805T014911+0800-26f68554e23b,DS-000034,ETH,ZI-5d61fc5d919fc31f69eb6247,未判定,未判定,未判定,未判定,未判定,未判定（仅允许4小时/8小时/24小时/48小时）,未判定,无法判定,无法判定（成本来源未登记）,无法判定,无法判定,无法判定,无法判定,无法判定,无法判定,无法判定,未判定,未判定,cost-execution-1.0,ca7102ef54f4c2b190484871e99401aef601fecad5b7ca08b8144fb0c8d629d5,b32a37364932d1c7c753a7cc5988dfe162e2ab9199cc645f5bbfc4ab907dfd7a,c0f4ca921dffb400beb3dcdd6b3bd378359797e6ebfc3209cae3d8a025503a76,无法判定,cost_source_missing,任务-000032输入身份漂移，或尚无获批成本来源登记；未读取当前费率/盘口/账户信息,登记带来源、时间、版本、数据截止和可见性证据的手续费、价差、深度、冲击、资金费率、延迟和可成交量；重新发布批次
cost-20260805T014911+0800-26f68554e23b,DS-000035,BTC,ZI-9f4947e6d2fa71654647194e,未判定,未判定,未判定,未判定,未判定,未判定（仅允许4小时/8小时/24小时/48小时）,未判定,无法判定,无法判定（成本来源未登记）,无法判定,无法判定,无法判定,无法判定,无法判定,无法判定,无法判定,未判定,未判定,cost-execution-1.0,ca7102ef54f4c2b190484871e99401aef601fecad5b7ca08b8144fb0c8d629d5,f9bf6090ae64efd9d1b7de7ceca2200217ba833b04887786884cb8f6dbf501cc,af0e7f3d22675ba2e0bf50ec1c7fa3d84d918ad58c24e77533885453c3e0cb22,无法判定,cost_source_missing,任务-000032输入身份漂移，或尚无获批成本来源登记；未读取当前费率/盘口/账户信息,登记带来源、时间、版本、数据截止和可见性证据的手续费、价差、深度、冲击、资金费率、延迟和可成交量；重新发布批次
cost-20260805T014911+0800-26f68554e23b,DS-000035,ETH,ZI-cc518c78335b4566ab3ba1b7,未判定,未判定,未判定,未判定,未判定,未判定（仅允许4小时/8小时/24小时/48小时）,未判定,无法判定,无法判定（成本来源未登记）,无法判定,无法判定,无法判定,无法判定,无法判定,无法判定,无法判定,未判定,未判定,cost-execution-1.0,ca7102ef54f4c2b190484871e99401aef601fecad5b7ca08b8144fb0c8d629d5,f9bf6090ae64efd9d1b7de7ceca2200217ba833b04887786884cb8f6dbf501cc,1f93ef6fa7888490c4bd3896a6dd6abe0a53d488e59330617df0d81e223926a9,无法判定,cost_source_missing,任务-000032输入身份漂移，或尚无获批成本来源登记；未读取当前费率/盘口/账户信息,登记带来源、时间、版本、数据截止和可见性证据的手续费、价差、深度、冲击、资金费率、延迟和可成交量；重新发布批次
cost-20260805T014911+0800-26f68554e23b,DS-000036,BTC,ZI-71dc83b38b1a5a4983d0c730,未判定,未判定,未判定,未判定,未判定,未判定（仅允许4小时/8小时/24小时/48小时）,未判定,无法判定,无法判定（成本来源未登记）,无法判定,无法判定,无法判定,无法判定,无法判定,无法判定,无法判定,未判定,未判定,cost-execution-1.0,ca7102ef54f4c2b190484871e99401aef601fecad5b7ca08b8144fb0c8d629d5,69e7f18d7c10be2efd314c8d54685d3135a52de6b2768abf9d9507c1a5194697,a28a62fcc270a4a52fd5ae635e98bd5d0d4761d8ffb999be3dfbcf70a902e5de,无法判定,cost_source_missing,任务-000032输入身份漂移，或尚无获批成本来源登记；未读取当前费率/盘口/账户信息,登记带来源、时间、版本、数据截止和可见性证据的手续费、价差、深度、冲击、资金费率、延迟和可成交量；重新发布批次
cost-20260805T014911+0800-26f68554e23b,DS-000036,ETH,ZI-8494e07bc3f0426de16a8b6d,未判定,未判定,未判定,未判定,未判定,未判定（仅允许4小时/8小时/24小时/48小时）,未判定,无法判定,无法判定（成本来源未登记）,无法判定,无法判定,无法判定,无法判定,无法判定,无法判定,无法判定,未判定,未判定,cost-execution-1.0,ca7102ef54f4c2b190484871e99401aef601fecad5b7ca08b8144fb0c8d629d5,69e7f18d7c10be2efd314c8d54685d3135a52de6b2768abf9d9507c1a5194697,1b4de04c653881edfabe47899cb5621fab3dc3e88abfe53a29f91b42e9fe6170,无法判定,cost_source_missing,任务-000032输入身份漂移，或尚无获批成本来源登记；未读取当前费率/盘口/账户信息,登记带来源、时间、版本、数据截止和可见性证据的手续费、价差、深度、冲击、资金费率、延迟和可成交量；重新发布批次
cost-20260805T014911+0800-26f68554e23b,DS-000037,BTC,ZI-6f99492a5fbd85c183f61d8e,未判定,未判定,未判定,未判定,未判定,未判定（仅允许4小时/8小时/24小时/48小时）,未判定,无法判定,无法判定（成本来源未登记）,无法判定,无法判定,无法判定,无法判定,无法判定,无法判定,无法判定,未判定,未判定,cost-execution-1.0,ca7102ef54f4c2b190484871e99401aef601fecad5b7ca08b8144fb0c8d629d5,2a66facc94e60581b396d8368c9fe36d9b085081eafc9da248d09534239a9204,92b2677080d26497126b4ff7333b6ca6b21915de9002d52fd592d01c11dcffac,无法判定,cost_source_missing,任务-000032输入身份漂移，或尚无获批成本来源登记；未读取当前费率/盘口/账户信息,登记带来源、时间、版本、数据截止和可见性证据的手续费、价差、深度、冲击、资金费率、延迟和可成交量；重新发布批次
cost-20260805T014911+0800-26f68554e23b,DS-000037,ETH,ZI-33fe8b0ddda1dd1d88720875,未判定,未判定,未判定,未判定,未判定,未判定（仅允许4小时/8小时/24小时/48小时）,未判定,无法判定,无法判定（成本来源未登记）,无法判定,无法判定,无法判定,无法判定,无法判定,无法判定,无法判定,未判定,未判定,cost-execution-1.0,ca7102ef54f4c2b190484871e99401aef601fecad5b7ca08b8144fb0c8d629d5,2a66facc94e60581b396d8368c9fe36d9b085081eafc9da248d09534239a9204,7357cb37c3fd4bde8d5c44cf928d9d75d2623bd2c563d83b073ceea0d5f99b21,无法判定,cost_source_missing,任务-000032输入身份漂移，或尚无获批成本来源登记；未读取当前费率/盘口/账户信息,登记带来源、时间、版本、数据截止和可见性证据的手续费、价差、深度、冲击、资金费率、延迟和可成交量；重新发布批次
cost-20260805T014911+0800-26f68554e23b,DS-000038,BTC,ZI-9d505f466a534d4c682806e4,未判定,未判定,未判定,未判定,未判定,未判定（仅允许4小时/8小时/24小时/48小时）,未判定,无法判定,无法判定（成本来源未登记）,无法判定,无法判定,无法判定,无法判定,无法判定,无法判定,无法判定,未判定,未判定,cost-execution-1.0,ca7102ef54f4c2b190484871e99401aef601fecad5b7ca08b8144fb0c8d629d5,58d81af6f0a7f8cc159010f90837811ae65178339d1b28dae429589933013386,42da2bb77371dc108b6ada144e681df7f1fbbea90e6847e80ec998eae2825783,无法判定,cost_source_missing,任务-000032输入身份漂移，或尚无获批成本来源登记；未读取当前费率/盘口/账户信息,登记带来源、时间、版本、数据截止和可见性证据的手续费、价差、深度、冲击、资金费率、延迟和可成交量；重新发布批次
cost-20260805T014911+0800-26f68554e23b,DS-000038,ETH,ZI-165cfc2a30a597ce932c236b,未判定,未判定,未判定,未判定,未判定,未判定（仅允许4小时/8小时/24小时/48小时）,未判定,无法判定,无法判定（成本来源未登记）,无法判定,无法判定,无法判定,无法判定,无法判定,无法判定,无法判定,未判定,未判定,cost-execution-1.0,ca7102ef54f4c2b190484871e99401aef601fecad5b7ca08b8144fb0c8d629d5,58d81af6f0a7f8cc159010f90837811ae65178339d1b28dae429589933013386,3485d15f3a96249a3daff7cda2a5f9118bbc590d3648a5ac3613cca0f3de7173,无法判定,cost_source_missing,任务-000032输入身份漂移，或尚无获批成本来源登记；未读取当前费率/盘口/账户信息,登记带来源、时间、版本、数据截止和可见性证据的手续费、价差、深度、冲击、资金费率、延迟和可成交量；重新发布批次
cost-20260805T014911+0800-26f68554e23b,DS-000039,BTC,ZI-5202b33cd76d35c9b4da14bf,未判定,未判定,未判定,未判定,未判定,未判定（仅允许4小时/8小时/24小时/48小时）,未判定,无法判定,无法判定（成本来源未登记）,无法判定,无法判定,无法判定,无法判定,无法判定,无法判定,无法判定,未判定,未判定,cost-execution-1.0,ca7102ef54f4c2b190484871e99401aef601fecad5b7ca08b8144fb0c8d629d5,ef0f2cde75a85836f18dd3d1394248ea7a41a67e10977dda8262b58fb27e3c88,4fa9f0dba077af36539ecde5303112b14305b730c89db511e769202d8b1f7056,无法判定,cost_source_missing,任务-000032输入身份漂移，或尚无获批成本来源登记；未读取当前费率/盘口/账户信息,登记带来源、时间、版本、数据截止和可见性证据的手续费、价差、深度、冲击、资金费率、延迟和可成交量；重新发布批次
cost-20260805T014911+0800-26f68554e23b,DS-000039,ETH,ZI-68e34c7b43bcb72873389cfb,未判定,未判定,未判定,未判定,未判定,未判定（仅允许4小时/8小时/24小时/48小时）,未判定,无法判定,无法判定（成本来源未登记）,无法判定,无法判定,无法判定,无法判定,无法判定,无法判定,无法判定,未判定,未判定,cost-execution-1.0,ca7102ef54f4c2b190484871e99401aef601fecad5b7ca08b8144fb0c8d629d5,ef0f2cde75a85836f18dd3d1394248ea7a41a67e10977dda8262b58fb27e3c88,bb97aa3f82a8a28abc6e4764455e8bd797ee574d9f225d054d0ea7acc5ef5665,无法判定,cost_source_missing,任务-000032输入身份漂移，或尚无获批成本来源登记；未读取当前费率/盘口/账户信息,登记带来源、时间、版本、数据截止和可见性证据的手续费、价差、深度、冲击、资金费率、延迟和可成交量；重新发布批次
cost-20260805T014911+0800-26f68554e23b,DS-000040,BTC,ZI-eb360ff1fbdbe74db1aaedae,未判定,未判定,未判定,未判定,未判定,未判定（仅允许4小时/8小时/24小时/48小时）,未判定,无法判定,无法判定（成本来源未登记）,无法判定,无法判定,无法判定,无法判定,无法判定,无法判定,无法判定,未判定,未判定,cost-execution-1.0,ca7102ef54f4c2b190484871e99401aef601fecad5b7ca08b8144fb0c8d629d5,3af5834830cb70a15b6d9cdeaa761ace696b226e3fd06d9c4810b5cd199e0df0,6e435c4d21576c64cb6ec803aa638df493f8c7cd49b7b011ec043b425f7a55ef,无法判定,cost_source_missing,任务-000032输入身份漂移，或尚无获批成本来源登记；未读取当前费率/盘口/账户信息,登记带来源、时间、版本、数据截止和可见性证据的手续费、价差、深度、冲击、资金费率、延迟和可成交量；重新发布批次
cost-20260805T014911+0800-26f68554e23b,DS-000040,ETH,ZI-09c306558c21b551a473e8d3,未判定,未判定,未判定,未判定,未判定,未判定（仅允许4小时/8小时/24小时/48小时）,未判定,无法判定,无法判定（成本来源未登记）,无法判定,无法判定,无法判定,无法判定,无法判定,无法判定,无法判定,未判定,未判定,cost-execution-1.0,ca7102ef54f4c2b190484871e99401aef601fecad5b7ca08b8144fb0c8d629d5,3af5834830cb70a15b6d9cdeaa761ace696b226e3fd06d9c4810b5cd199e0df0,ea759bae842c9abb1183634ccfdfeea08d74acc1a8225103ee5589b4ff17699e,无法判定,cost_source_missing,任务-000032输入身份漂移，或尚无获批成本来源登记；未读取当前费率/盘口/账户信息,登记带来源、时间、版本、数据截止和可见性证据的手续费、价差、深度、冲击、资金费率、延迟和可成交量；重新发布批次
cost-20260805T014911+0800-26f68554e23b,DS-000041,BTC,ZI-59cd4def5a80d4b7162c7401,未判定,未判定,未判定,未判定,未判定,未判定（仅允许4小时/8小时/24小时/48小时）,未判定,无法判定,无法判定（成本来源未登记）,无法判定,无法判定,无法判定,无法判定,无法判定,无法判定,无法判定,未判定,未判定,cost-execution-1.0,ca7102ef54f4c2b190484871e99401aef601fecad5b7ca08b8144fb0c8d629d5,4223d5d0637bd88ed7579bdf2d7ec2314128c6b591e42c3d6161eeac0a924a92,fb0bc71e55824814c87279d7a9cb0126d5daf533d745392378b9f524e25e5854,无法判定,cost_source_missing,任务-000032输入身份漂移，或尚无获批成本来源登记；未读取当前费率/盘口/账户信息,登记带来源、时间、版本、数据截止和可见性证据的手续费、价差、深度、冲击、资金费率、延迟和可成交量；重新发布批次
cost-20260805T014911+0800-26f68554e23b,DS-000041,ETH,ZI-8a28b9cbda14361fea3e0d08,未判定,未判定,未判定,未判定,未判定,未判定（仅允许4小时/8小时/24小时/48小时）,未判定,无法判定,无法判定（成本来源未登记）,无法判定,无法判定,无法判定,无法判定,无法判定,无法判定,无法判定,未判定,未判定,cost-execution-1.0,ca7102ef54f4c2b190484871e99401aef601fecad5b7ca08b8144fb0c8d629d5,4223d5d0637bd88ed7579bdf2d7ec2314128c6b591e42c3d6161eeac0a924a92,8b3ce27628cce3dfb31d2ee31062ba77083dcda1d49f0a4b693f648f795f9a63,无法判定,cost_source_missing,任务-000032输入身份漂移，或尚无获批成本来源登记；未读取当前费率/盘口/账户信息,登记带来源、时间、版本、数据截止和可见性证据的手续费、价差、深度、冲击、资金费率、延迟和可成交量；重新发布批次
cost-20260805T014911+0800-26f68554e23b,DS-000042,BTC,ZI-28b27eba60391c882e91fe7c,未判定,未判定,未判定,未判定,未判定,未判定（仅允许4小时/8小时/24小时/48小时）,未判定,拒绝,拒绝（输入身份漂移）,拒绝,拒绝,拒绝,拒绝,拒绝,拒绝,拒绝,未判定,未判定,cost-execution-1.0,ca7102ef54f4c2b190484871e99401aef601fecad5b7ca08b8144fb0c8d629d5,fc4ca33f634a8db7f6b3c7ef347b1ae8c293953df2cb071886afb8a1a1407c43,5408aa861344a31f7726498187d06aaadbeae38a19e240503c45f998d76207ee,拒绝,input_identity_drift,任务-000032输入身份漂移，或尚无获批成本来源登记；未读取当前费率/盘口/账户信息,登记带来源、时间、版本、数据截止和可见性证据的手续费、价差、深度、冲击、资金费率、延迟和可成交量；重新发布批次
cost-20260805T014911+0800-26f68554e23b,DS-000042,ETH,ZI-7c080a0c72e43d3f2e78e7f0,未判定,未判定,未判定,未判定,未判定,未判定（仅允许4小时/8小时/24小时/48小时）,未判定,拒绝,拒绝（输入身份漂移）,拒绝,拒绝,拒绝,拒绝,拒绝,拒绝,拒绝,未判定,未判定,cost-execution-1.0,ca7102ef54f4c2b190484871e99401aef601fecad5b7ca08b8144fb0c8d629d5,fc4ca33f634a8db7f6b3c7ef347b1ae8c293953df2cb071886afb8a1a1407c43,3c7a7cbff2f7772096dfe097c79c92f26b281536bb13d680a7608d69e3f20312,拒绝,input_identity_drift,任务-000032输入身份漂移，或尚无获批成本来源登记；未读取当前费率/盘口/账户信息,登记带来源、时间、版本、数据截止和可见性证据的手续费、价差、深度、冲击、资金费率、延迟和可成交量；重新发布批次
cost-20260805T014911+0800-26f68554e23b,DS-000043,BTC,ZI-1cf476188f922d17399cba47,未判定,未判定,未判定,未判定,未判定,未判定（仅允许4小时/8小时/24小时/48小时）,未判定,无法判定,无法判定（成本来源未登记）,无法判定,无法判定,无法判定,无法判定,无法判定,无法判定,无法判定,未判定,未判定,cost-execution-1.0,ca7102ef54f4c2b190484871e99401aef601fecad5b7ca08b8144fb0c8d629d5,75f245bccf92c2bb37055bce06cbbfbeadf7e17a8193d9cb23949ce996aa6305,b528fefe5288db646dcf7d7c733217a326e300186466d8dde897f9df0b0f5803,无法判定,cost_source_missing,任务-000032输入身份漂移，或尚无获批成本来源登记；未读取当前费率/盘口/账户信息,登记带来源、时间、版本、数据截止和可见性证据的手续费、价差、深度、冲击、资金费率、延迟和可成交量；重新发布批次
cost-20260805T014911+0800-26f68554e23b,DS-000043,ETH,ZI-bd4b5404dcd732978b2b6d5b,未判定,未判定,未判定,未判定,未判定,未判定（仅允许4小时/8小时/24小时/48小时）,未判定,无法判定,无法判定（成本来源未登记）,无法判定,无法判定,无法判定,无法判定,无法判定,无法判定,无法判定,未判定,未判定,cost-execution-1.0,ca7102ef54f4c2b190484871e99401aef601fecad5b7ca08b8144fb0c8d629d5,75f245bccf92c2bb37055bce06cbbfbeadf7e17a8193d9cb23949ce996aa6305,1bdff7a8b69d35cf6ac961d9325d409da3fb109dbabe47d3769beb7c0dd65622,无法判定,cost_source_missing,任务-000032输入身份漂移，或尚无获批成本来源登记；未读取当前费率/盘口/账户信息,登记带来源、时间、版本、数据截止和可见性证据的手续费、价差、深度、冲击、资金费率、延迟和可成交量；重新发布批次
cost-20260805T014911+0800-26f68554e23b,DS-000044,BTC,ZI-3f0f96416ab0e94e0fb49698,未判定,未判定,未判定,未判定,未判定,未判定（仅允许4小时/8小时/24小时/48小时）,未判定,无法判定,无法判定（成本来源未登记）,无法判定,无法判定,无法判定,无法判定,无法判定,无法判定,无法判定,未判定,未判定,cost-execution-1.0,ca7102ef54f4c2b190484871e99401aef601fecad5b7ca08b8144fb0c8d629d5,d6e36c914fcb9d0001ac10204211ccd6f91c365c107baafb2c8a36c1b81ff6ad,921cbcb0521f4ec0687cb5fac9ee519cbf18a1be74edf48080abfbc0c82f861e,无法判定,cost_source_missing,任务-000032输入身份漂移，或尚无获批成本来源登记；未读取当前费率/盘口/账户信息,登记带来源、时间、版本、数据截止和可见性证据的手续费、价差、深度、冲击、资金费率、延迟和可成交量；重新发布批次
cost-20260805T014911+0800-26f68554e23b,DS-000044,ETH,ZI-28ce816b33b79c38ccfb22e7,未判定,未判定,未判定,未判定,未判定,未判定（仅允许4小时/8小时/24小时/48小时）,未判定,无法判定,无法判定（成本来源未登记）,无法判定,无法判定,无法判定,无法判定,无法判定,无法判定,无法判定,未判定,未判定,cost-execution-1.0,ca7102ef54f4c2b190484871e99401aef601fecad5b7ca08b8144fb0c8d629d5,d6e36c914fcb9d0001ac10204211ccd6f91c365c107baafb2c8a36c1b81ff6ad,07dc2ee80ae616804b8826b3200134d7414a53fb4dd9c0a3849a7f3f6ded5c37,无法判定,cost_source_missing,任务-000032输入身份漂移，或尚无获批成本来源登记；未读取当前费率/盘口/账户信息,登记带来源、时间、版本、数据截止和可见性证据的手续费、价差、深度、冲击、资金费率、延迟和可成交量；重新发布批次
cost-20260805T014911+0800-26f68554e23b,DS-000045,BTC,ZI-e95abca6578fd05efc1e15f3,未判定,未判定,未判定,未判定,未判定,未判定（仅允许4小时/8小时/24小时/48小时）,未判定,无法判定,无法判定（成本来源未登记）,无法判定,无法判定,无法判定,无法判定,无法判定,无法判定,无法判定,未判定,未判定,cost-execution-1.0,ca7102ef54f4c2b190484871e99401aef601fecad5b7ca08b8144fb0c8d629d5,cb93ef221ebebe9fe73f134adddf0ce25c1f034f3e530542bb184108ce7b8424,644b03727a6aa6e69eb111642b6d8c759bffc1b6b3dbed4382b2325261751859,无法判定,cost_source_missing,任务-000032输入身份漂移，或尚无获批成本来源登记；未读取当前费率/盘口/账户信息,登记带来源、时间、版本、数据截止和可见性证据的手续费、价差、深度、冲击、资金费率、延迟和可成交量；重新发布批次
cost-20260805T014911+0800-26f68554e23b,DS-000045,ETH,ZI-9bbd7613dc89967112ed4afb,未判定,未判定,未判定,未判定,未判定,未判定（仅允许4小时/8小时/24小时/48小时）,未判定,无法判定,无法判定（成本来源未登记）,无法判定,无法判定,无法判定,无法判定,无法判定,无法判定,无法判定,未判定,未判定,cost-execution-1.0,ca7102ef54f4c2b190484871e99401aef601fecad5b7ca08b8144fb0c8d629d5,cb93ef221ebebe9fe73f134adddf0ce25c1f034f3e530542bb184108ce7b8424,2b40142edb359f6352447a6840f545544190920ccc7039f3397a91f6217304c0,无法判定,cost_source_missing,任务-000032输入身份漂移，或尚无获批成本来源登记；未读取当前费率/盘口/账户信息,登记带来源、时间、版本、数据截止和可见性证据的手续费、价差、深度、冲击、资金费率、延迟和可成交量；重新发布批次
cost-20260805T014911+0800-26f68554e23b,DS-000046,BTC,ZI-3379bd8636483e94be99ec24,未判定,未判定,未判定,未判定,未判定,未判定（仅允许4小时/8小时/24小时/48小时）,未判定,无法判定,无法判定（成本来源未登记）,无法判定,无法判定,无法判定,无法判定,无法判定,无法判定,无法判定,未判定,未判定,cost-execution-1.0,ca7102ef54f4c2b190484871e99401aef601fecad5b7ca08b8144fb0c8d629d5,99039eff07a4dc123f6022c7e88f37eb3c8cf34e5fc5a172c50ea0acae1ca533,031d3af2d95cc83f3a40fbfdd6f7cf43c9cde07ff5b5a1b9e86646f25a837771,无法判定,cost_source_missing,任务-000032输入身份漂移，或尚无获批成本来源登记；未读取当前费率/盘口/账户信息,登记带来源、时间、版本、数据截止和可见性证据的手续费、价差、深度、冲击、资金费率、延迟和可成交量；重新发布批次
cost-20260805T014911+0800-26f68554e23b,DS-000046,ETH,ZI-1a42e8b6c1eb0f32fd83f0db,未判定,未判定,未判定,未判定,未判定,未判定（仅允许4小时/8小时/24小时/48小时）,未判定,无法判定,无法判定（成本来源未登记）,无法判定,无法判定,无法判定,无法判定,无法判定,无法判定,无法判定,未判定,未判定,cost-execution-1.0,ca7102ef54f4c2b190484871e99401aef601fecad5b7ca08b8144fb0c8d629d5,99039eff07a4dc123f6022c7e88f37eb3c8cf34e5fc5a172c50ea0acae1ca533,a110a53d2bf656472858036fa920a7de6f48a0bbd9d62116196cde8dee7079e8,无法判定,cost_source_missing,任务-000032输入身份漂移，或尚无获批成本来源登记；未读取当前费率/盘口/账户信息,登记带来源、时间、版本、数据截止和可见性证据的手续费、价差、深度、冲击、资金费率、延迟和可成交量；重新发布批次
cost-20260805T014911+0800-26f68554e23b,DS-000047,BTC,ZI-e9c04e44e219308250fcfba3,未判定,未判定,未判定,未判定,未判定,未判定（仅允许4小时/8小时/24小时/48小时）,未判定,无法判定,无法判定（成本来源未登记）,无法判定,无法判定,无法判定,无法判定,无法判定,无法判定,无法判定,未判定,未判定,cost-execution-1.0,ca7102ef54f4c2b190484871e99401aef601fecad5b7ca08b8144fb0c8d629d5,15edc4e3d875b550d4930c41b95d34ef522d72b60b96ecc28383c221649bb5f0,e0a2b92cea09263e40a9edf137078a86489c59166d7a419b424809c0fb6fbb57,无法判定,cost_source_missing,任务-000032输入身份漂移，或尚无获批成本来源登记；未读取当前费率/盘口/账户信息,登记带来源、时间、版本、数据截止和可见性证据的手续费、价差、深度、冲击、资金费率、延迟和可成交量；重新发布批次
cost-20260805T014911+0800-26f68554e23b,DS-000047,ETH,ZI-9af7501cfbf2c81be74cc00a,未判定,未判定,未判定,未判定,未判定,未判定（仅允许4小时/8小时/24小时/48小时）,未判定,无法判定,无法判定（成本来源未登记）,无法判定,无法判定,无法判定,无法判定,无法判定,无法判定,无法判定,未判定,未判定,cost-execution-1.0,ca7102ef54f4c2b190484871e99401aef601fecad5b7ca08b8144fb0c8d629d5,15edc4e3d875b550d4930c41b95d34ef522d72b60b96ecc28383c221649bb5f0,768d6b64a938ac2067603beb134c64cb3b9be90446277ffc574ef5965a7b6ec3,无法判定,cost_source_missing,任务-000032输入身份漂移，或尚无获批成本来源登记；未读取当前费率/盘口/账户信息,登记带来源、时间、版本、数据截止和可见性证据的手续费、价差、深度、冲击、资金费率、延迟和可成交量；重新发布批次
cost-20260805T014911+0800-26f68554e23b,DS-000048,BTC,ZI-99675e73612aefac9625cff4,未判定,未判定,未判定,未判定,未判定,未判定（仅允许4小时/8小时/24小时/48小时）,未判定,无法判定,无法判定（成本来源未登记）,无法判定,无法判定,无法判定,无法判定,无法判定,无法判定,无法判定,未判定,未判定,cost-execution-1.0,ca7102ef54f4c2b190484871e99401aef601fecad5b7ca08b8144fb0c8d629d5,338309708480a8d1e0eae9964ce9066dd1b4898dbf21bca6ffef5faebdf145c7,e32b2d85d0889a8bb2a385253a966ffd74c4f6f509810f4be8844ef07c635e21,无法判定,cost_source_missing,任务-000032输入身份漂移，或尚无获批成本来源登记；未读取当前费率/盘口/账户信息,登记带来源、时间、版本、数据截止和可见性证据的手续费、价差、深度、冲击、资金费率、延迟和可成交量；重新发布批次
cost-20260805T014911+0800-26f68554e23b,DS-000048,ETH,ZI-e630e48726c8833e33f1b77b,未判定,未判定,未判定,未判定,未判定,未判定（仅允许4小时/8小时/24小时/48小时）,未判定,无法判定,无法判定（成本来源未登记）,无法判定,无法判定,无法判定,无法判定,无法判定,无法判定,无法判定,未判定,未判定,cost-execution-1.0,ca7102ef54f4c2b190484871e99401aef601fecad5b7ca08b8144fb0c8d629d5,338309708480a8d1e0eae9964ce9066dd1b4898dbf21bca6ffef5faebdf145c7,6d6257eaadc933f7d30ec8617e4abdfed7bb43f47b7b99463854fdc39e3d0c47,无法判定,cost_source_missing,任务-000032输入身份漂移，或尚无获批成本来源登记；未读取当前费率/盘口/账户信息,登记带来源、时间、版本、数据截止和可见性证据的手续费、价差、深度、冲击、资金费率、延迟和可成交量；重新发布批次
cost-20260805T014911+0800-26f68554e23b,DS-000049,BTC,ZI-feaa0f97c21b956a87e42395,未判定,未判定,未判定,未判定,未判定,未判定（仅允许4小时/8小时/24小时/48小时）,未判定,无法判定,无法判定（成本来源未登记）,无法判定,无法判定,无法判定,无法判定,无法判定,无法判定,无法判定,未判定,未判定,cost-execution-1.0,ca7102ef54f4c2b190484871e99401aef601fecad5b7ca08b8144fb0c8d629d5,aabd52941c167cc9f0b1aa19a96e51c7f8472411e19d5d10b0c0a17fd5e1f90a,6a97017b5f2bf6a982175f627fd8335f01271d8be3e27c3a8a737d4d70405ac5,无法判定,cost_source_missing,任务-000032输入身份漂移，或尚无获批成本来源登记；未读取当前费率/盘口/账户信息,登记带来源、时间、版本、数据截止和可见性证据的手续费、价差、深度、冲击、资金费率、延迟和可成交量；重新发布批次
cost-20260805T014911+0800-26f68554e23b,DS-000049,ETH,ZI-f2615789012d4d55f670c11d,未判定,未判定,未判定,未判定,未判定,未判定（仅允许4小时/8小时/24小时/48小时）,未判定,无法判定,无法判定（成本来源未登记）,无法判定,无法判定,无法判定,无法判定,无法判定,无法判定,无法判定,未判定,未判定,cost-execution-1.0,ca7102ef54f4c2b190484871e99401aef601fecad5b7ca08b8144fb0c8d629d5,aabd52941c167cc9f0b1aa19a96e51c7f8472411e19d5d10b0c0a17fd5e1f90a,37eb36eae9dd9423305143ec3652c565d31be65dd7aff6028fcb4d17e8c44000,无法判定,cost_source_missing,任务-000032输入身份漂移，或尚无获批成本来源登记；未读取当前费率/盘口/账户信息,登记带来源、时间、版本、数据截止和可见性证据的手续费、价差、深度、冲击、资金费率、延迟和可成交量；重新发布批次
cost-20260805T014911+0800-26f68554e23b,DS-000050,BTC,ZI-833060375f085d1b0f2b75c7,未判定,未判定,未判定,未判定,未判定,未判定（仅允许4小时/8小时/24小时/48小时）,未判定,无法判定,无法判定（成本来源未登记）,无法判定,无法判定,无法判定,无法判定,无法判定,无法判定,无法判定,未判定,未判定,cost-execution-1.0,ca7102ef54f4c2b190484871e99401aef601fecad5b7ca08b8144fb0c8d629d5,ba1fa4d9ad02ca4c0878fe15b319fc8225e61f652145014ed417ae16f6a83472,de070032342971f5bf6071405ce6302a828e14fee61df33e44c97951f7ddf666,无法判定,cost_source_missing,任务-000032输入身份漂移，或尚无获批成本来源登记；未读取当前费率/盘口/账户信息,登记带来源、时间、版本、数据截止和可见性证据的手续费、价差、深度、冲击、资金费率、延迟和可成交量；重新发布批次
cost-20260805T014911+0800-26f68554e23b,DS-000050,ETH,ZI-3877c0fbfe23b34834d8eadb,未判定,未判定,未判定,未判定,未判定,未判定（仅允许4小时/8小时/24小时/48小时）,未判定,无法判定,无法判定（成本来源未登记）,无法判定,无法判定,无法判定,无法判定,无法判定,无法判定,无法判定,未判定,未判定,cost-execution-1.0,ca7102ef54f4c2b190484871e99401aef601fecad5b7ca08b8144fb0c8d629d5,ba1fa4d9ad02ca4c0878fe15b319fc8225e61f652145014ed417ae16f6a83472,62180bb1fea61b8a0666596f13f9d0eafa778a1e0902f95ea25e81087eee18d0,无法判定,cost_source_missing,任务-000032输入身份漂移，或尚无获批成本来源登记；未读取当前费率/盘口/账户信息,登记带来源、时间、版本、数据截止和可见性证据的手续费、价差、深度、冲击、资金费率、延迟和可成交量；重新发布批次
cost-20260805T014911+0800-26f68554e23b,DS-000051,BTC,ZI-97f8dcaf6e0dc9d1a0e4bbdb,未判定,未判定,未判定,未判定,未判定,未判定（仅允许4小时/8小时/24小时/48小时）,未判定,无法判定,无法判定（成本来源未登记）,无法判定,无法判定,无法判定,无法判定,无法判定,无法判定,无法判定,未判定,未判定,cost-execution-1.0,ca7102ef54f4c2b190484871e99401aef601fecad5b7ca08b8144fb0c8d629d5,9a361a80271fc2ee4832ac3557b4f23a41820f7d317f0322d98f4c56d9904d06,114ce72bfc7ca622f856c4c137102db164c21f936d9d6a4ccbfd98f0ff48f006,无法判定,cost_source_missing,任务-000032输入身份漂移，或尚无获批成本来源登记；未读取当前费率/盘口/账户信息,登记带来源、时间、版本、数据截止和可见性证据的手续费、价差、深度、冲击、资金费率、延迟和可成交量；重新发布批次
cost-20260805T014911+0800-26f68554e23b,DS-000051,ETH,ZI-f00603909f873d076d99eb9e,未判定,未判定,未判定,未判定,未判定,未判定（仅允许4小时/8小时/24小时/48小时）,未判定,无法判定,无法判定（成本来源未登记）,无法判定,无法判定,无法判定,无法判定,无法判定,无法判定,无法判定,未判定,未判定,cost-execution-1.0,ca7102ef54f4c2b190484871e99401aef601fecad5b7ca08b8144fb0c8d629d5,9a361a80271fc2ee4832ac3557b4f23a41820f7d317f0322d98f4c56d9904d06,db4938607d8c115a1040a48085fe373dbd8e47e585027719ba7be3d68d897760,无法判定,cost_source_missing,任务-000032输入身份漂移，或尚无获批成本来源登记；未读取当前费率/盘口/账户信息,登记带来源、时间、版本、数据截止和可见性证据的手续费、价差、深度、冲击、资金费率、延迟和可成交量；重新发布批次
cost-20260805T014911+0800-26f68554e23b,DS-000052,BTC,ZI-f0e8c66b07d04a1be38b27dd,未判定,未判定,未判定,未判定,未判定,未判定（仅允许4小时/8小时/24小时/48小时）,未判定,无法判定,无法判定（成本来源未登记）,无法判定,无法判定,无法判定,无法判定,无法判定,无法判定,无法判定,未判定,未判定,cost-execution-1.0,ca7102ef54f4c2b190484871e99401aef601fecad5b7ca08b8144fb0c8d629d5,ae256bbb4c24766ce0b1ff3bf22dcbdb3d8ee9a5a05063a2e123d1b7e4dde5c1,a128ce4b33b3a205d13dad57970c99f8a11158d66954b2cb8325ee9f279bf861,无法判定,cost_source_missing,任务-000032输入身份漂移，或尚无获批成本来源登记；未读取当前费率/盘口/账户信息,登记带来源、时间、版本、数据截止和可见性证据的手续费、价差、深度、冲击、资金费率、延迟和可成交量；重新发布批次
cost-20260805T014911+0800-26f68554e23b,DS-000052,ETH,ZI-e5632d1560b416fda6b4ca83,未判定,未判定,未判定,未判定,未判定,未判定（仅允许4小时/8小时/24小时/48小时）,未判定,无法判定,无法判定（成本来源未登记）,无法判定,无法判定,无法判定,无法判定,无法判定,无法判定,无法判定,未判定,未判定,cost-execution-1.0,ca7102ef54f4c2b190484871e99401aef601fecad5b7ca08b8144fb0c8d629d5,ae256bbb4c24766ce0b1ff3bf22dcbdb3d8ee9a5a05063a2e123d1b7e4dde5c1,1c22f3e968b13d22706051f37ce1a9896f87407a5588ad8f9c7c543c996c5c08,无法判定,cost_source_missing,任务-000032输入身份漂移，或尚无获批成本来源登记；未读取当前费率/盘口/账户信息,登记带来源、时间、版本、数据截止和可见性证据的手续费、价差、深度、冲击、资金费率、延迟和可成交量；重新发布批次
cost-20260805T014911+0800-26f68554e23b,DS-000053,BTC,ZI-3b5d3d5f111d5d79a85d29b4,未判定,未判定,未判定,未判定,未判定,未判定（仅允许4小时/8小时/24小时/48小时）,未判定,无法判定,无法判定（成本来源未登记）,无法判定,无法判定,无法判定,无法判定,无法判定,无法判定,无法判定,未判定,未判定,cost-execution-1.0,ca7102ef54f4c2b190484871e99401aef601fecad5b7ca08b8144fb0c8d629d5,fc979e705fa12a80e65bbfecd4305ff7c90a7152f10c9801a7db7a60cab5b88f,741466beba3e2951d170c933d4c99fe9e95cc5ff31b2fa7e14cc8e2aaebbffc5,无法判定,cost_source_missing,任务-000032输入身份漂移，或尚无获批成本来源登记；未读取当前费率/盘口/账户信息,登记带来源、时间、版本、数据截止和可见性证据的手续费、价差、深度、冲击、资金费率、延迟和可成交量；重新发布批次
cost-20260805T014911+0800-26f68554e23b,DS-000053,ETH,ZI-36613e8a21711c7f665cdceb,未判定,未判定,未判定,未判定,未判定,未判定（仅允许4小时/8小时/24小时/48小时）,未判定,无法判定,无法判定（成本来源未登记）,无法判定,无法判定,无法判定,无法判定,无法判定,无法判定,无法判定,未判定,未判定,cost-execution-1.0,ca7102ef54f4c2b190484871e99401aef601fecad5b7ca08b8144fb0c8d629d5,fc979e705fa12a80e65bbfecd4305ff7c90a7152f10c9801a7db7a60cab5b88f,ce83aa1d17cbab134f937cf729e2d2874eaeba6ed588c121154530ee1a5423a9,无法判定,cost_source_missing,任务-000032输入身份漂移，或尚无获批成本来源登记；未读取当前费率/盘口/账户信息,登记带来源、时间、版本、数据截止和可见性证据的手续费、价差、深度、冲击、资金费率、延迟和可成交量；重新发布批次
cost-20260805T014911+0800-26f68554e23b,DS-000054,BTC,ZI-87c2a233404d1351a0c1614a,未判定,未判定,未判定,未判定,未判定,未判定（仅允许4小时/8小时/24小时/48小时）,未判定,无法判定,无法判定（成本来源未登记）,无法判定,无法判定,无法判定,无法判定,无法判定,无法判定,无法判定,未判定,未判定,cost-execution-1.0,ca7102ef54f4c2b190484871e99401aef601fecad5b7ca08b8144fb0c8d629d5,fed080b95f499184e054bc3e589fc9a02519a3350b40ece335580cdc2685b666,79f6f0b50c4c586c819a5c681f0b727589d36801177a500fa6d0fe605ebe3456,无法判定,cost_source_missing,任务-000032输入身份漂移，或尚无获批成本来源登记；未读取当前费率/盘口/账户信息,登记带来源、时间、版本、数据截止和可见性证据的手续费、价差、深度、冲击、资金费率、延迟和可成交量；重新发布批次
cost-20260805T014911+0800-26f68554e23b,DS-000054,ETH,ZI-f4c629efd5d8316c21f8c678,未判定,未判定,未判定,未判定,未判定,未判定（仅允许4小时/8小时/24小时/48小时）,未判定,无法判定,无法判定（成本来源未登记）,无法判定,无法判定,无法判定,无法判定,无法判定,无法判定,无法判定,未判定,未判定,cost-execution-1.0,ca7102ef54f4c2b190484871e99401aef601fecad5b7ca08b8144fb0c8d629d5,fed080b95f499184e054bc3e589fc9a02519a3350b40ece335580cdc2685b666,07198e066a57479db96abd28e4f4574710d215b0d691f0948c693908b70c353d,无法判定,cost_source_missing,任务-000032输入身份漂移，或尚无获批成本来源登记；未读取当前费率/盘口/账户信息,登记带来源、时间、版本、数据截止和可见性证据的手续费、价差、深度、冲击、资金费率、延迟和可成交量；重新发布批次
cost-20260805T014911+0800-26f68554e23b,DS-000055,BTC,ZI-a0e8958994c3e7cc60444105,未判定,未判定,未判定,未判定,未判定,未判定（仅允许4小时/8小时/24小时/48小时）,未判定,无法判定,无法判定（成本来源未登记）,无法判定,无法判定,无法判定,无法判定,无法判定,无法判定,无法判定,未判定,未判定,cost-execution-1.0,ca7102ef54f4c2b190484871e99401aef601fecad5b7ca08b8144fb0c8d629d5,9b9ed40358c10c4754269ab2a4622d49ad7816979902269f58fd9de87ecd3847,a9372275f368c529ff5bdb8db8d9b6ec14d7a813c0a345376b72cb2fd6bcff5b,无法判定,cost_source_missing,任务-000032输入身份漂移，或尚无获批成本来源登记；未读取当前费率/盘口/账户信息,登记带来源、时间、版本、数据截止和可见性证据的手续费、价差、深度、冲击、资金费率、延迟和可成交量；重新发布批次
cost-20260805T014911+0800-26f68554e23b,DS-000055,ETH,ZI-e4634a748fc7b2b6cc02f3e9,未判定,未判定,未判定,未判定,未判定,未判定（仅允许4小时/8小时/24小时/48小时）,未判定,无法判定,无法判定（成本来源未登记）,无法判定,无法判定,无法判定,无法判定,无法判定,无法判定,无法判定,未判定,未判定,cost-execution-1.0,ca7102ef54f4c2b190484871e99401aef601fecad5b7ca08b8144fb0c8d629d5,9b9ed40358c10c4754269ab2a4622d49ad7816979902269f58fd9de87ecd3847,d461ab82e2feb8e75e0712a625a0e52b6d292352fa7d307c4649f0fdbde55f1b,无法判定,cost_source_missing,任务-000032输入身份漂移，或尚无获批成本来源登记；未读取当前费率/盘口/账户信息,登记带来源、时间、版本、数据截止和可见性证据的手续费、价差、深度、冲击、资金费率、延迟和可成交量；重新发布批次
cost-20260805T014911+0800-26f68554e23b,DS-000056,BTC,ZI-54e62d810981feeba9196e8d,未判定,未判定,未判定,未判定,未判定,未判定（仅允许4小时/8小时/24小时/48小时）,未判定,无法判定,无法判定（成本来源未登记）,无法判定,无法判定,无法判定,无法判定,无法判定,无法判定,无法判定,未判定,未判定,cost-execution-1.0,ca7102ef54f4c2b190484871e99401aef601fecad5b7ca08b8144fb0c8d629d5,c2fa41776d6bc94e99762cbb8088f3232162bc375efcbd0cfbd22e7a71680381,343c3b03592d50f3c349791893d7bfbf242e07f64e42e0555b0654fe64422fe7,无法判定,cost_source_missing,任务-000032输入身份漂移，或尚无获批成本来源登记；未读取当前费率/盘口/账户信息,登记带来源、时间、版本、数据截止和可见性证据的手续费、价差、深度、冲击、资金费率、延迟和可成交量；重新发布批次
cost-20260805T014911+0800-26f68554e23b,DS-000056,ETH,ZI-125d0435a6188786951e37bd,未判定,未判定,未判定,未判定,未判定,未判定（仅允许4小时/8小时/24小时/48小时）,未判定,无法判定,无法判定（成本来源未登记）,无法判定,无法判定,无法判定,无法判定,无法判定,无法判定,无法判定,未判定,未判定,cost-execution-1.0,ca7102ef54f4c2b190484871e99401aef601fecad5b7ca08b8144fb0c8d629d5,c2fa41776d6bc94e99762cbb8088f3232162bc375efcbd0cfbd22e7a71680381,12729b6425a55084cdef0ebf1ea5e4a8d3661d68b8f3c372d2412cf6210eb1e7,无法判定,cost_source_missing,任务-000032输入身份漂移，或尚无获批成本来源登记；未读取当前费率/盘口/账户信息,登记带来源、时间、版本、数据截止和可见性证据的手续费、价差、深度、冲击、资金费率、延迟和可成交量；重新发布批次
cost-20260805T014911+0800-26f68554e23b,DS-000057,BTC,ZI-1ffb29f3c048f7f9c99afb68,未判定,未判定,未判定,未判定,未判定,未判定（仅允许4小时/8小时/24小时/48小时）,未判定,无法判定,无法判定（成本来源未登记）,无法判定,无法判定,无法判定,无法判定,无法判定,无法判定,无法判定,未判定,未判定,cost-execution-1.0,ca7102ef54f4c2b190484871e99401aef601fecad5b7ca08b8144fb0c8d629d5,bd4fe561bc7e04d067ee2675ab8cc66b820c65b14477be0e0f3f8e9a61147949,4fe790a4b5406c44380fb882e0f2c3e1fe6e0bc33f0aabcd2a520e810b3b6543,无法判定,cost_source_missing,任务-000032输入身份漂移，或尚无获批成本来源登记；未读取当前费率/盘口/账户信息,登记带来源、时间、版本、数据截止和可见性证据的手续费、价差、深度、冲击、资金费率、延迟和可成交量；重新发布批次
cost-20260805T014911+0800-26f68554e23b,DS-000057,ETH,ZI-6ac98ad98d740090a661a47d,未判定,未判定,未判定,未判定,未判定,未判定（仅允许4小时/8小时/24小时/48小时）,未判定,无法判定,无法判定（成本来源未登记）,无法判定,无法判定,无法判定,无法判定,无法判定,无法判定,无法判定,未判定,未判定,cost-execution-1.0,ca7102ef54f4c2b190484871e99401aef601fecad5b7ca08b8144fb0c8d629d5,bd4fe561bc7e04d067ee2675ab8cc66b820c65b14477be0e0f3f8e9a61147949,7bd437a3324c575a05515f77ab1d33a21923981f7e3136271adea65fdb7118cb,无法判定,cost_source_missing,任务-000032输入身份漂移，或尚无获批成本来源登记；未读取当前费率/盘口/账户信息,登记带来源、时间、版本、数据截止和可见性证据的手续费、价差、深度、冲击、资金费率、延迟和可成交量；重新发布批次
cost-20260805T014911+0800-26f68554e23b,DS-000058,BTC,ZI-6a4189c6cb894961a396d1b1,未判定,未判定,未判定,未判定,未判定,未判定（仅允许4小时/8小时/24小时/48小时）,未判定,无法判定,无法判定（成本来源未登记）,无法判定,无法判定,无法判定,无法判定,无法判定,无法判定,无法判定,未判定,未判定,cost-execution-1.0,ca7102ef54f4c2b190484871e99401aef601fecad5b7ca08b8144fb0c8d629d5,04a9d203c0d92ebe669b115a96694d3601b25ceb4b37033babea1f22e2f81b86,7a9c257a482a765e3716536c7af2630a09f3dd3ed41c1bb1abaf4766151df5c0,无法判定,cost_source_missing,任务-000032输入身份漂移，或尚无获批成本来源登记；未读取当前费率/盘口/账户信息,登记带来源、时间、版本、数据截止和可见性证据的手续费、价差、深度、冲击、资金费率、延迟和可成交量；重新发布批次
cost-20260805T014911+0800-26f68554e23b,DS-000058,ETH,ZI-d09b0bb4a95fd5e64f650483,未判定,未判定,未判定,未判定,未判定,未判定（仅允许4小时/8小时/24小时/48小时）,未判定,无法判定,无法判定（成本来源未登记）,无法判定,无法判定,无法判定,无法判定,无法判定,无法判定,无法判定,未判定,未判定,cost-execution-1.0,ca7102ef54f4c2b190484871e99401aef601fecad5b7ca08b8144fb0c8d629d5,04a9d203c0d92ebe669b115a96694d3601b25ceb4b37033babea1f22e2f81b86,64bd9f159879fed70ce99003604b665bae722a181f600d59836cbd8d8353e98c,无法判定,cost_source_missing,任务-000032输入身份漂移，或尚无获批成本来源登记；未读取当前费率/盘口/账户信息,登记带来源、时间、版本、数据截止和可见性证据的手续费、价差、深度、冲击、资金费率、延迟和可成交量；重新发布批次
cost-20260805T014911+0800-26f68554e23b,DS-000059,BTC,ZI-00eda622e78ef39a01015ba9,未判定,未判定,未判定,未判定,未判定,未判定（仅允许4小时/8小时/24小时/48小时）,未判定,无法判定,无法判定（成本来源未登记）,无法判定,无法判定,无法判定,无法判定,无法判定,无法判定,无法判定,未判定,未判定,cost-execution-1.0,ca7102ef54f4c2b190484871e99401aef601fecad5b7ca08b8144fb0c8d629d5,5c62f69347fa50983fc9f522a908442faf81b372decefa5e52a234a8f3065c7f,a864353d268f85e33ee84f7d02f732032db4e5a9b77b4dd6533c1567ab110e3b,无法判定,cost_source_missing,任务-000032输入身份漂移，或尚无获批成本来源登记；未读取当前费率/盘口/账户信息,登记带来源、时间、版本、数据截止和可见性证据的手续费、价差、深度、冲击、资金费率、延迟和可成交量；重新发布批次
cost-20260805T014911+0800-26f68554e23b,DS-000059,ETH,ZI-167d01818b56710ddbafb446,未判定,未判定,未判定,未判定,未判定,未判定（仅允许4小时/8小时/24小时/48小时）,未判定,无法判定,无法判定（成本来源未登记）,无法判定,无法判定,无法判定,无法判定,无法判定,无法判定,无法判定,未判定,未判定,cost-execution-1.0,ca7102ef54f4c2b190484871e99401aef601fecad5b7ca08b8144fb0c8d629d5,5c62f69347fa50983fc9f522a908442faf81b372decefa5e52a234a8f3065c7f,029d556288b3daee2d48d58db8d3741c61b796e1898f6f856c01714ecc8f1004,无法判定,cost_source_missing,任务-000032输入身份漂移，或尚无获批成本来源登记；未读取当前费率/盘口/账户信息,登记带来源、时间、版本、数据截止和可见性证据的手续费、价差、深度、冲击、资金费率、延迟和可成交量；重新发布批次
cost-20260805T014911+0800-26f68554e23b,DS-000060,BTC,ZI-53b60db8e4a05b06d7a4c2fc,未判定,未判定,未判定,未判定,未判定,未判定（仅允许4小时/8小时/24小时/48小时）,未判定,无法判定,无法判定（成本来源未登记）,无法判定,无法判定,无法判定,无法判定,无法判定,无法判定,无法判定,未判定,未判定,cost-execution-1.0,ca7102ef54f4c2b190484871e99401aef601fecad5b7ca08b8144fb0c8d629d5,accc9e1474be2455eca28585ccd68e45de957c793613cea11c418fe1c3d6b17a,06b1b1aaa8d0dd22a2af27de7e57b34d0f8e62cbe4fb67c4904d53ede936cf3a,无法判定,cost_source_missing,任务-000032输入身份漂移，或尚无获批成本来源登记；未读取当前费率/盘口/账户信息,登记带来源、时间、版本、数据截止和可见性证据的手续费、价差、深度、冲击、资金费率、延迟和可成交量；重新发布批次
cost-20260805T014911+0800-26f68554e23b,DS-000060,ETH,ZI-3d63384c465a5614a4b1b48e,未判定,未判定,未判定,未判定,未判定,未判定（仅允许4小时/8小时/24小时/48小时）,未判定,无法判定,无法判定（成本来源未登记）,无法判定,无法判定,无法判定,无法判定,无法判定,无法判定,无法判定,未判定,未判定,cost-execution-1.0,ca7102ef54f4c2b190484871e99401aef601fecad5b7ca08b8144fb0c8d629d5,accc9e1474be2455eca28585ccd68e45de957c793613cea11c418fe1c3d6b17a,85e9e3676b59329d4bdf0009ef0bd356477b82ad0a789e5f3c57ae3fcf2fb325,无法判定,cost_source_missing,任务-000032输入身份漂移，或尚无获批成本来源登记；未读取当前费率/盘口/账户信息,登记带来源、时间、版本、数据截止和可见性证据的手续费、价差、深度、冲击、资金费率、延迟和可成交量；重新发布批次
cost-20260805T014911+0800-26f68554e23b,DS-000061,BTC,ZI-3bf1600f7a490d1c0e92c629,未判定,未判定,未判定,未判定,未判定,未判定（仅允许4小时/8小时/24小时/48小时）,未判定,无法判定,无法判定（成本来源未登记）,无法判定,无法判定,无法判定,无法判定,无法判定,无法判定,无法判定,未判定,未判定,cost-execution-1.0,ca7102ef54f4c2b190484871e99401aef601fecad5b7ca08b8144fb0c8d629d5,1d2a0eeb226bf1aac83a812ca413796ad8940718910669df2898ffe1fc174fe2,19bee3e06d5833f1757fa7a7005eead35070aacd790a82e8810d621c38baa9c1,无法判定,cost_source_missing,任务-000032输入身份漂移，或尚无获批成本来源登记；未读取当前费率/盘口/账户信息,登记带来源、时间、版本、数据截止和可见性证据的手续费、价差、深度、冲击、资金费率、延迟和可成交量；重新发布批次
cost-20260805T014911+0800-26f68554e23b,DS-000061,ETH,ZI-8d3158324830bcdf98c9179e,未判定,未判定,未判定,未判定,未判定,未判定（仅允许4小时/8小时/24小时/48小时）,未判定,无法判定,无法判定（成本来源未登记）,无法判定,无法判定,无法判定,无法判定,无法判定,无法判定,无法判定,未判定,未判定,cost-execution-1.0,ca7102ef54f4c2b190484871e99401aef601fecad5b7ca08b8144fb0c8d629d5,1d2a0eeb226bf1aac83a812ca413796ad8940718910669df2898ffe1fc174fe2,1082bb34cc96524196cebc802b281a65e4cbc8fd997932c453c6a8948d39b031,无法判定,cost_source_missing,任务-000032输入身份漂移，或尚无获批成本来源登记；未读取当前费率/盘口/账户信息,登记带来源、时间、版本、数据截止和可见性证据的手续费、价差、深度、冲击、资金费率、延迟和可成交量；重新发布批次
cost-20260805T014911+0800-26f68554e23b,DS-000062,BTC,ZI-5997c1cab5104ea92a74dd2e,未判定,未判定,未判定,未判定,未判定,未判定（仅允许4小时/8小时/24小时/48小时）,未判定,无法判定,无法判定（成本来源未登记）,无法判定,无法判定,无法判定,无法判定,无法判定,无法判定,无法判定,未判定,未判定,cost-execution-1.0,ca7102ef54f4c2b190484871e99401aef601fecad5b7ca08b8144fb0c8d629d5,c5ecced8f2b9d7dcabc822c67cff2e00bddf59eafe451220733cca719d2f7f4c,4bd923f5e7331f12c4cbaeebdbe038ce6a068414c1cce749c3e229a55175792d,无法判定,cost_source_missing,任务-000032输入身份漂移，或尚无获批成本来源登记；未读取当前费率/盘口/账户信息,登记带来源、时间、版本、数据截止和可见性证据的手续费、价差、深度、冲击、资金费率、延迟和可成交量；重新发布批次
cost-20260805T014911+0800-26f68554e23b,DS-000062,ETH,ZI-14f914d1a3448c90648032d9,未判定,未判定,未判定,未判定,未判定,未判定（仅允许4小时/8小时/24小时/48小时）,未判定,无法判定,无法判定（成本来源未登记）,无法判定,无法判定,无法判定,无法判定,无法判定,无法判定,无法判定,未判定,未判定,cost-execution-1.0,ca7102ef54f4c2b190484871e99401aef601fecad5b7ca08b8144fb0c8d629d5,c5ecced8f2b9d7dcabc822c67cff2e00bddf59eafe451220733cca719d2f7f4c,a72cb5d46aea4e369de1d3f620ec8f243548ba48092249ae00195e2bd1d01ba1,无法判定,cost_source_missing,任务-000032输入身份漂移，或尚无获批成本来源登记；未读取当前费率/盘口/账户信息,登记带来源、时间、版本、数据截止和可见性证据的手续费、价差、深度、冲击、资金费率、延迟和可成交量；重新发布批次
cost-20260805T014911+0800-26f68554e23b,DS-000063,BTC,ZI-04475b7c457ff1d625fa1904,未判定,未判定,未判定,未判定,未判定,未判定（仅允许4小时/8小时/24小时/48小时）,未判定,无法判定,无法判定（成本来源未登记）,无法判定,无法判定,无法判定,无法判定,无法判定,无法判定,无法判定,未判定,未判定,cost-execution-1.0,ca7102ef54f4c2b190484871e99401aef601fecad5b7ca08b8144fb0c8d629d5,15c7279b67a7467ef5074bebb0e87423c481060e569513bf88b9ed07b5feef6e,5774679cf3654a2be84c870817d01a435649931aa76d7f28e00b7971999a94de,无法判定,cost_source_missing,任务-000032输入身份漂移，或尚无获批成本来源登记；未读取当前费率/盘口/账户信息,登记带来源、时间、版本、数据截止和可见性证据的手续费、价差、深度、冲击、资金费率、延迟和可成交量；重新发布批次
cost-20260805T014911+0800-26f68554e23b,DS-000063,ETH,ZI-f5bddcb87511d45ac7c5987a,未判定,未判定,未判定,未判定,未判定,未判定（仅允许4小时/8小时/24小时/48小时）,未判定,无法判定,无法判定（成本来源未登记）,无法判定,无法判定,无法判定,无法判定,无法判定,无法判定,无法判定,未判定,未判定,cost-execution-1.0,ca7102ef54f4c2b190484871e99401aef601fecad5b7ca08b8144fb0c8d629d5,15c7279b67a7467ef5074bebb0e87423c481060e569513bf88b9ed07b5feef6e,4f17c1bc14f9b331d4cf1562aa67f4a474bc78cddab68034f861032201acd8d7,无法判定,cost_source_missing,任务-000032输入身份漂移，或尚无获批成本来源登记；未读取当前费率/盘口/账户信息,登记带来源、时间、版本、数据截止和可见性证据的手续费、价差、深度、冲击、资金费率、延迟和可成交量；重新发布批次
cost-20260805T014911+0800-26f68554e23b,DS-000064,BTC,ZI-13ef7d5e793b0e8f61f9f6b4,未判定,未判定,未判定,未判定,未判定,未判定（仅允许4小时/8小时/24小时/48小时）,未判定,无法判定,无法判定（成本来源未登记）,无法判定,无法判定,无法判定,无法判定,无法判定,无法判定,无法判定,未判定,未判定,cost-execution-1.0,ca7102ef54f4c2b190484871e99401aef601fecad5b7ca08b8144fb0c8d629d5,8e5534e51cbc03538c8871527b20f6bebe3912a08723f2b9ac9e2c3239c4504c,315aa6f1ad2faf3d2777c1c6f93bf41caae2af2837468d4ab9c889d8db0aaaff,无法判定,cost_source_missing,任务-000032输入身份漂移，或尚无获批成本来源登记；未读取当前费率/盘口/账户信息,登记带来源、时间、版本、数据截止和可见性证据的手续费、价差、深度、冲击、资金费率、延迟和可成交量；重新发布批次
cost-20260805T014911+0800-26f68554e23b,DS-000064,ETH,ZI-fd3d75813aed695a0688a269,未判定,未判定,未判定,未判定,未判定,未判定（仅允许4小时/8小时/24小时/48小时）,未判定,无法判定,无法判定（成本来源未登记）,无法判定,无法判定,无法判定,无法判定,无法判定,无法判定,无法判定,未判定,未判定,cost-execution-1.0,ca7102ef54f4c2b190484871e99401aef601fecad5b7ca08b8144fb0c8d629d5,8e5534e51cbc03538c8871527b20f6bebe3912a08723f2b9ac9e2c3239c4504c,b3414e7bc53b73af6b1c05460f062c3b2c2a68ed0804080013f7297363215ee1,无法判定,cost_source_missing,任务-000032输入身份漂移，或尚无获批成本来源登记；未读取当前费率/盘口/账户信息,登记带来源、时间、版本、数据截止和可见性证据的手续费、价差、深度、冲击、资金费率、延迟和可成交量；重新发布批次
cost-20260805T014911+0800-26f68554e23b,DS-000065,BTC,ZI-0c25fa7b259d916e8b019c93,未判定,未判定,未判定,未判定,未判定,未判定（仅允许4小时/8小时/24小时/48小时）,未判定,无法判定,无法判定（成本来源未登记）,无法判定,无法判定,无法判定,无法判定,无法判定,无法判定,无法判定,未判定,未判定,cost-execution-1.0,ca7102ef54f4c2b190484871e99401aef601fecad5b7ca08b8144fb0c8d629d5,ada1cf643ccba68d3a73114de3d3abe85dfd2da5f2af3e5e6fd04e828152b906,89947097b7e39ab0d6d26ba07032235662af5a456de1a6f4d4476d0f03365f2a,无法判定,cost_source_missing,任务-000032输入身份漂移，或尚无获批成本来源登记；未读取当前费率/盘口/账户信息,登记带来源、时间、版本、数据截止和可见性证据的手续费、价差、深度、冲击、资金费率、延迟和可成交量；重新发布批次
cost-20260805T014911+0800-26f68554e23b,DS-000065,ETH,ZI-6d753e7102fc438113a8a225,未判定,未判定,未判定,未判定,未判定,未判定（仅允许4小时/8小时/24小时/48小时）,未判定,无法判定,无法判定（成本来源未登记）,无法判定,无法判定,无法判定,无法判定,无法判定,无法判定,无法判定,未判定,未判定,cost-execution-1.0,ca7102ef54f4c2b190484871e99401aef601fecad5b7ca08b8144fb0c8d629d5,ada1cf643ccba68d3a73114de3d3abe85dfd2da5f2af3e5e6fd04e828152b906,14634dcea609f43c39a20a9a40b5f6d44761f1e240d6cd444db681dc7394011b,无法判定,cost_source_missing,任务-000032输入身份漂移，或尚无获批成本来源登记；未读取当前费率/盘口/账户信息,登记带来源、时间、版本、数据截止和可见性证据的手续费、价差、深度、冲击、资金费率、延迟和可成交量；重新发布批次
cost-20260805T014911+0800-26f68554e23b,DS-000066,BTC,ZI-b71f8ba08a9ed0ebaf0eb354,未判定,未判定,未判定,未判定,未判定,未判定（仅允许4小时/8小时/24小时/48小时）,未判定,无法判定,无法判定（成本来源未登记）,无法判定,无法判定,无法判定,无法判定,无法判定,无法判定,无法判定,未判定,未判定,cost-execution-1.0,ca7102ef54f4c2b190484871e99401aef601fecad5b7ca08b8144fb0c8d629d5,45f01ac6fc08d221d6edcc5c278b6361476447c1da8854d0ae4d1692f64d473f,60af6d14097d5c768240658dd59196f64c61246a3c9062676557c17694174c67,无法判定,cost_source_missing,任务-000032输入身份漂移，或尚无获批成本来源登记；未读取当前费率/盘口/账户信息,登记带来源、时间、版本、数据截止和可见性证据的手续费、价差、深度、冲击、资金费率、延迟和可成交量；重新发布批次
cost-20260805T014911+0800-26f68554e23b,DS-000066,ETH,ZI-cdc9825ab05b1fb6098704fa,未判定,未判定,未判定,未判定,未判定,未判定（仅允许4小时/8小时/24小时/48小时）,未判定,无法判定,无法判定（成本来源未登记）,无法判定,无法判定,无法判定,无法判定,无法判定,无法判定,无法判定,未判定,未判定,cost-execution-1.0,ca7102ef54f4c2b190484871e99401aef601fecad5b7ca08b8144fb0c8d629d5,45f01ac6fc08d221d6edcc5c278b6361476447c1da8854d0ae4d1692f64d473f,475da086289579d88876b5e56e013efad40a3a6b057aea9612341dcf8431532c,无法判定,cost_source_missing,任务-000032输入身份漂移，或尚无获批成本来源登记；未读取当前费率/盘口/账户信息,登记带来源、时间、版本、数据截止和可见性证据的手续费、价差、深度、冲击、资金费率、延迟和可成交量；重新发布批次
cost-20260805T014911+0800-26f68554e23b,DS-000067,BTC,ZI-a299ddfd734c4ab74af0b3e2,未判定,未判定,未判定,未判定,未判定,未判定（仅允许4小时/8小时/24小时/48小时）,未判定,无法判定,无法判定（成本来源未登记）,无法判定,无法判定,无法判定,无法判定,无法判定,无法判定,无法判定,未判定,未判定,cost-execution-1.0,ca7102ef54f4c2b190484871e99401aef601fecad5b7ca08b8144fb0c8d629d5,9f2696c1ee63681e10700755c4d5acd820e4aa62f415dd9f4ecc61f411fe776a,ddf0024a96335cd46b37788686f400141dec86d76d4c318786c4909a07265c01,无法判定,cost_source_missing,任务-000032输入身份漂移，或尚无获批成本来源登记；未读取当前费率/盘口/账户信息,登记带来源、时间、版本、数据截止和可见性证据的手续费、价差、深度、冲击、资金费率、延迟和可成交量；重新发布批次
cost-20260805T014911+0800-26f68554e23b,DS-000067,ETH,ZI-debdc43209a47ad26d2b1bd3,未判定,未判定,未判定,未判定,未判定,未判定（仅允许4小时/8小时/24小时/48小时）,未判定,无法判定,无法判定（成本来源未登记）,无法判定,无法判定,无法判定,无法判定,无法判定,无法判定,无法判定,未判定,未判定,cost-execution-1.0,ca7102ef54f4c2b190484871e99401aef601fecad5b7ca08b8144fb0c8d629d5,9f2696c1ee63681e10700755c4d5acd820e4aa62f415dd9f4ecc61f411fe776a,cc5ba15155e3bb558b36124a3e3f4c9be7a055bdbbce34710a91834518292768,无法判定,cost_source_missing,任务-000032输入身份漂移，或尚无获批成本来源登记；未读取当前费率/盘口/账户信息,登记带来源、时间、版本、数据截止和可见性证据的手续费、价差、深度、冲击、资金费率、延迟和可成交量；重新发布批次
cost-20260805T014911+0800-26f68554e23b,DS-000068,BTC,ZI-542e5737b0c583e4ba78c4d8,未判定,未判定,未判定,未判定,未判定,未判定（仅允许4小时/8小时/24小时/48小时）,未判定,无法判定,无法判定（成本来源未登记）,无法判定,无法判定,无法判定,无法判定,无法判定,无法判定,无法判定,未判定,未判定,cost-execution-1.0,ca7102ef54f4c2b190484871e99401aef601fecad5b7ca08b8144fb0c8d629d5,c543772dda5044097e01bd635d80b214f26413b76084c470d74063b2f828bdc9,af520431b7f1ca155d50f1a2787cfd18acaa01e3de6b8e7fcf236bb8b51de5be,无法判定,cost_source_missing,任务-000032输入身份漂移，或尚无获批成本来源登记；未读取当前费率/盘口/账户信息,登记带来源、时间、版本、数据截止和可见性证据的手续费、价差、深度、冲击、资金费率、延迟和可成交量；重新发布批次
cost-20260805T014911+0800-26f68554e23b,DS-000068,ETH,ZI-7d00e7e8b9a85ec6bb065156,未判定,未判定,未判定,未判定,未判定,未判定（仅允许4小时/8小时/24小时/48小时）,未判定,无法判定,无法判定（成本来源未登记）,无法判定,无法判定,无法判定,无法判定,无法判定,无法判定,无法判定,未判定,未判定,cost-execution-1.0,ca7102ef54f4c2b190484871e99401aef601fecad5b7ca08b8144fb0c8d629d5,c543772dda5044097e01bd635d80b214f26413b76084c470d74063b2f828bdc9,422b100bb1358342a2a8e96be3266aa5dea2fe599f89bc5e102b392c3a02983b,无法判定,cost_source_missing,任务-000032输入身份漂移，或尚无获批成本来源登记；未读取当前费率/盘口/账户信息,登记带来源、时间、版本、数据截止和可见性证据的手续费、价差、深度、冲击、资金费率、延迟和可成交量；重新发布批次
cost-20260805T014911+0800-26f68554e23b,DS-000069,BTC,ZI-48f77e4e45c16d6e82eafb9d,未判定,未判定,未判定,未判定,未判定,未判定（仅允许4小时/8小时/24小时/48小时）,未判定,无法判定,无法判定（成本来源未登记）,无法判定,无法判定,无法判定,无法判定,无法判定,无法判定,无法判定,未判定,未判定,cost-execution-1.0,ca7102ef54f4c2b190484871e99401aef601fecad5b7ca08b8144fb0c8d629d5,6d22005610bf9922320543a9e5703b24a8c1b5e5779383345533a5cc73e3e328,0217f4d69c72627cac972258fb5c30567fd32da4e758c891682690a39c9f1526,无法判定,cost_source_missing,任务-000032输入身份漂移，或尚无获批成本来源登记；未读取当前费率/盘口/账户信息,登记带来源、时间、版本、数据截止和可见性证据的手续费、价差、深度、冲击、资金费率、延迟和可成交量；重新发布批次
cost-20260805T014911+0800-26f68554e23b,DS-000069,ETH,ZI-130612ec6f518786293a81bb,未判定,未判定,未判定,未判定,未判定,未判定（仅允许4小时/8小时/24小时/48小时）,未判定,无法判定,无法判定（成本来源未登记）,无法判定,无法判定,无法判定,无法判定,无法判定,无法判定,无法判定,未判定,未判定,cost-execution-1.0,ca7102ef54f4c2b190484871e99401aef601fecad5b7ca08b8144fb0c8d629d5,6d22005610bf9922320543a9e5703b24a8c1b5e5779383345533a5cc73e3e328,c6b1266c49c6621ec695f795bf6aff5562641ba9b9a57fb92d64f101cf975886,无法判定,cost_source_missing,任务-000032输入身份漂移，或尚无获批成本来源登记；未读取当前费率/盘口/账户信息,登记带来源、时间、版本、数据截止和可见性证据的手续费、价差、深度、冲击、资金费率、延迟和可成交量；重新发布批次
cost-20260805T014911+0800-26f68554e23b,DS-000070,BTC,ZI-3c25a7ab173319e547e57556,未判定,未判定,未判定,未判定,未判定,未判定（仅允许4小时/8小时/24小时/48小时）,未判定,无法判定,无法判定（成本来源未登记）,无法判定,无法判定,无法判定,无法判定,无法判定,无法判定,无法判定,未判定,未判定,cost-execution-1.0,ca7102ef54f4c2b190484871e99401aef601fecad5b7ca08b8144fb0c8d629d5,4e6637a6f50f56174a736bfdcdd139468bfde2090b878f07b96b639d135dd241,da92d6f95a0085a498d2b1d054725fcf905b3052502c2e473830ff87ab33bfd0,无法判定,cost_source_missing,任务-000032输入身份漂移，或尚无获批成本来源登记；未读取当前费率/盘口/账户信息,登记带来源、时间、版本、数据截止和可见性证据的手续费、价差、深度、冲击、资金费率、延迟和可成交量；重新发布批次
cost-20260805T014911+0800-26f68554e23b,DS-000070,ETH,ZI-65b40787d4fc73554e42a24e,未判定,未判定,未判定,未判定,未判定,未判定（仅允许4小时/8小时/24小时/48小时）,未判定,无法判定,无法判定（成本来源未登记）,无法判定,无法判定,无法判定,无法判定,无法判定,无法判定,无法判定,未判定,未判定,cost-execution-1.0,ca7102ef54f4c2b190484871e99401aef601fecad5b7ca08b8144fb0c8d629d5,4e6637a6f50f56174a736bfdcdd139468bfde2090b878f07b96b639d135dd241,5d9a7710302e55a9cdba5a6fcd749374aba06e04f778694bc394b87856c433d5,无法判定,cost_source_missing,任务-000032输入身份漂移，或尚无获批成本来源登记；未读取当前费率/盘口/账户信息,登记带来源、时间、版本、数据截止和可见性证据的手续费、价差、深度、冲击、资金费率、延迟和可成交量；重新发布批次
cost-20260805T014911+0800-26f68554e23b,DS-000071,BTC,ZI-c5110b7d8549897e8abdd7e5,未判定,未判定,未判定,未判定,未判定,未判定（仅允许4小时/8小时/24小时/48小时）,未判定,无法判定,无法判定（成本来源未登记）,无法判定,无法判定,无法判定,无法判定,无法判定,无法判定,无法判定,未判定,未判定,cost-execution-1.0,ca7102ef54f4c2b190484871e99401aef601fecad5b7ca08b8144fb0c8d629d5,9779cbbb0ff92bb25f82081081d7e21980c9b9ca724d0afeba1f81621a540bc0,8699fb355affb77182d9d6d31c48a9ac06088acea2741a119e6115908522ec78,无法判定,cost_source_missing,任务-000032输入身份漂移，或尚无获批成本来源登记；未读取当前费率/盘口/账户信息,登记带来源、时间、版本、数据截止和可见性证据的手续费、价差、深度、冲击、资金费率、延迟和可成交量；重新发布批次
cost-20260805T014911+0800-26f68554e23b,DS-000071,ETH,ZI-2e5b11987f0893e154b4a226,未判定,未判定,未判定,未判定,未判定,未判定（仅允许4小时/8小时/24小时/48小时）,未判定,无法判定,无法判定（成本来源未登记）,无法判定,无法判定,无法判定,无法判定,无法判定,无法判定,无法判定,未判定,未判定,cost-execution-1.0,ca7102ef54f4c2b190484871e99401aef601fecad5b7ca08b8144fb0c8d629d5,9779cbbb0ff92bb25f82081081d7e21980c9b9ca724d0afeba1f81621a540bc0,93e3888294d4af2924116a342f84a68ac2f17b837b22a0094289c124aa82a03f,无法判定,cost_source_missing,任务-000032输入身份漂移，或尚无获批成本来源登记；未读取当前费率/盘口/账户信息,登记带来源、时间、版本、数据截止和可见性证据的手续费、价差、深度、冲击、资金费率、延迟和可成交量；重新发布批次
cost-20260805T014911+0800-26f68554e23b,DS-000072,BTC,ZI-6f2bfe54fc6b3bc0ee2bd29a,未判定,未判定,未判定,未判定,未判定,未判定（仅允许4小时/8小时/24小时/48小时）,未判定,无法判定,无法判定（成本来源未登记）,无法判定,无法判定,无法判定,无法判定,无法判定,无法判定,无法判定,未判定,未判定,cost-execution-1.0,ca7102ef54f4c2b190484871e99401aef601fecad5b7ca08b8144fb0c8d629d5,bf5ea0ecbbc1aecf5bcae4e5d0312b6ab72b71fbbb49cb14bcf9095d09bee9af,52f142a5730be9a13df55f18072044b6328ffc74bb5930a9a32e9e0ac537a3a8,无法判定,cost_source_missing,任务-000032输入身份漂移，或尚无获批成本来源登记；未读取当前费率/盘口/账户信息,登记带来源、时间、版本、数据截止和可见性证据的手续费、价差、深度、冲击、资金费率、延迟和可成交量；重新发布批次
cost-20260805T014911+0800-26f68554e23b,DS-000072,ETH,ZI-8a724c2b2b2310e8ea456a6c,未判定,未判定,未判定,未判定,未判定,未判定（仅允许4小时/8小时/24小时/48小时）,未判定,无法判定,无法判定（成本来源未登记）,无法判定,无法判定,无法判定,无法判定,无法判定,无法判定,无法判定,未判定,未判定,cost-execution-1.0,ca7102ef54f4c2b190484871e99401aef601fecad5b7ca08b8144fb0c8d629d5,bf5ea0ecbbc1aecf5bcae4e5d0312b6ab72b71fbbb49cb14bcf9095d09bee9af,923981ac59e4fac025bdb6e4b6c28b76e78e067f924df58182579661dcf0d58c,无法判定,cost_source_missing,任务-000032输入身份漂移，或尚无获批成本来源登记；未读取当前费率/盘口/账户信息,登记带来源、时间、版本、数据截止和可见性证据的手续费、价差、深度、冲击、资金费率、延迟和可成交量；重新发布批次
cost-20260805T014911+0800-26f68554e23b,DS-000073,BTC,ZI-b82975cefd7452a08a009414,未判定,未判定,未判定,未判定,未判定,未判定（仅允许4小时/8小时/24小时/48小时）,未判定,无法判定,无法判定（成本来源未登记）,无法判定,无法判定,无法判定,无法判定,无法判定,无法判定,无法判定,未判定,未判定,cost-execution-1.0,ca7102ef54f4c2b190484871e99401aef601fecad5b7ca08b8144fb0c8d629d5,c738135a1e3989347bf80335e41ea210e0a1f0b1b81d0a89cd4e15ce3d0a956b,e6253c1b46e03e19e15ea2a71aa129898355996fe5369ccc3db36a147d1b76ab,无法判定,cost_source_missing,任务-000032输入身份漂移，或尚无获批成本来源登记；未读取当前费率/盘口/账户信息,登记带来源、时间、版本、数据截止和可见性证据的手续费、价差、深度、冲击、资金费率、延迟和可成交量；重新发布批次
cost-20260805T014911+0800-26f68554e23b,DS-000073,ETH,ZI-8ff34b76a144e3416ff2ba0a,未判定,未判定,未判定,未判定,未判定,未判定（仅允许4小时/8小时/24小时/48小时）,未判定,无法判定,无法判定（成本来源未登记）,无法判定,无法判定,无法判定,无法判定,无法判定,无法判定,无法判定,未判定,未判定,cost-execution-1.0,ca7102ef54f4c2b190484871e99401aef601fecad5b7ca08b8144fb0c8d629d5,c738135a1e3989347bf80335e41ea210e0a1f0b1b81d0a89cd4e15ce3d0a956b,0e89c1e636aeffaa9cd85ed05efc095022c69a07a014203616734dc28c7e397a,无法判定,cost_source_missing,任务-000032输入身份漂移，或尚无获批成本来源登记；未读取当前费率/盘口/账户信息,登记带来源、时间、版本、数据截止和可见性证据的手续费、价差、深度、冲击、资金费率、延迟和可成交量；重新发布批次
cost-20260805T014911+0800-26f68554e23b,DS-000074,BTC,ZI-58f7d32e980dbb401fc80a90,未判定,未判定,未判定,未判定,未判定,未判定（仅允许4小时/8小时/24小时/48小时）,未判定,无法判定,无法判定（成本来源未登记）,无法判定,无法判定,无法判定,无法判定,无法判定,无法判定,无法判定,未判定,未判定,cost-execution-1.0,ca7102ef54f4c2b190484871e99401aef601fecad5b7ca08b8144fb0c8d629d5,7148fab62ff3a0ed0a62dfb81c325a1f01f05db02a04062f3d12bbf65baa667c,36263b54750d577f913dbc01c4e947f1f6bde07f175325a396436cdde892ce1d,无法判定,cost_source_missing,任务-000032输入身份漂移，或尚无获批成本来源登记；未读取当前费率/盘口/账户信息,登记带来源、时间、版本、数据截止和可见性证据的手续费、价差、深度、冲击、资金费率、延迟和可成交量；重新发布批次
cost-20260805T014911+0800-26f68554e23b,DS-000074,ETH,ZI-2dab989667e2e000a36be458,未判定,未判定,未判定,未判定,未判定,未判定（仅允许4小时/8小时/24小时/48小时）,未判定,无法判定,无法判定（成本来源未登记）,无法判定,无法判定,无法判定,无法判定,无法判定,无法判定,无法判定,未判定,未判定,cost-execution-1.0,ca7102ef54f4c2b190484871e99401aef601fecad5b7ca08b8144fb0c8d629d5,7148fab62ff3a0ed0a62dfb81c325a1f01f05db02a04062f3d12bbf65baa667c,0745dac1c221a76c3e1a25aac6dc32add2f503ce0810f615e00512b1df7761ca,无法判定,cost_source_missing,任务-000032输入身份漂移，或尚无获批成本来源登记；未读取当前费率/盘口/账户信息,登记带来源、时间、版本、数据截止和可见性证据的手续费、价差、深度、冲击、资金费率、延迟和可成交量；重新发布批次
cost-20260805T014911+0800-26f68554e23b,DS-000075,BTC,ZI-702ab124ec1d6104a18682cc,未判定,未判定,未判定,未判定,未判定,未判定（仅允许4小时/8小时/24小时/48小时）,未判定,无法判定,无法判定（成本来源未登记）,无法判定,无法判定,无法判定,无法判定,无法判定,无法判定,无法判定,未判定,未判定,cost-execution-1.0,ca7102ef54f4c2b190484871e99401aef601fecad5b7ca08b8144fb0c8d629d5,677d30b13983d4ebdf12c4415e5bdefddef2e68cb59d9a75970eebc284ed3404,c24f85a66274b1773d455d266a49d16c4e66c0bb2974669d4f76ed356d1d6b3d,无法判定,cost_source_missing,任务-000032输入身份漂移，或尚无获批成本来源登记；未读取当前费率/盘口/账户信息,登记带来源、时间、版本、数据截止和可见性证据的手续费、价差、深度、冲击、资金费率、延迟和可成交量；重新发布批次
cost-20260805T014911+0800-26f68554e23b,DS-000075,ETH,ZI-34c79640d21e2dca7bd200b8,未判定,未判定,未判定,未判定,未判定,未判定（仅允许4小时/8小时/24小时/48小时）,未判定,无法判定,无法判定（成本来源未登记）,无法判定,无法判定,无法判定,无法判定,无法判定,无法判定,无法判定,未判定,未判定,cost-execution-1.0,ca7102ef54f4c2b190484871e99401aef601fecad5b7ca08b8144fb0c8d629d5,677d30b13983d4ebdf12c4415e5bdefddef2e68cb59d9a75970eebc284ed3404,fa0df4d753294196ca3734659ae272a0e6af735509b8bbc24e5e149bfe0ffc99,无法判定,cost_source_missing,任务-000032输入身份漂移，或尚无获批成本来源登记；未读取当前费率/盘口/账户信息,登记带来源、时间、版本、数据截止和可见性证据的手续费、价差、深度、冲击、资金费率、延迟和可成交量；重新发布批次
cost-20260805T014911+0800-26f68554e23b,DS-000076,BTC,ZI-eb4f39de309ba813696327df,未判定,未判定,未判定,未判定,未判定,未判定（仅允许4小时/8小时/24小时/48小时）,未判定,无法判定,无法判定（成本来源未登记）,无法判定,无法判定,无法判定,无法判定,无法判定,无法判定,无法判定,未判定,未判定,cost-execution-1.0,ca7102ef54f4c2b190484871e99401aef601fecad5b7ca08b8144fb0c8d629d5,c4e33eac1101f2f09495f2823aa3dcdaf7646fb34e5e278fefe34a8ca5e419a3,6176e0e01633332daa122345ada94a70118e971ef7cced2a3955d2b99dfd6909,无法判定,cost_source_missing,任务-000032输入身份漂移，或尚无获批成本来源登记；未读取当前费率/盘口/账户信息,登记带来源、时间、版本、数据截止和可见性证据的手续费、价差、深度、冲击、资金费率、延迟和可成交量；重新发布批次
cost-20260805T014911+0800-26f68554e23b,DS-000076,ETH,ZI-71226df9ffc076a6def96779,未判定,未判定,未判定,未判定,未判定,未判定（仅允许4小时/8小时/24小时/48小时）,未判定,无法判定,无法判定（成本来源未登记）,无法判定,无法判定,无法判定,无法判定,无法判定,无法判定,无法判定,未判定,未判定,cost-execution-1.0,ca7102ef54f4c2b190484871e99401aef601fecad5b7ca08b8144fb0c8d629d5,c4e33eac1101f2f09495f2823aa3dcdaf7646fb34e5e278fefe34a8ca5e419a3,33b4902feb67b3923095bc3cd0b2d1ad077b06af83fa56401fa224a28c4c2980,无法判定,cost_source_missing,任务-000032输入身份漂移，或尚无获批成本来源登记；未读取当前费率/盘口/账户信息,登记带来源、时间、版本、数据截止和可见性证据的手续费、价差、深度、冲击、资金费率、延迟和可成交量；重新发布批次
cost-20260805T014911+0800-26f68554e23b,DS-000077,BTC,ZI-a2a17d00e18d8270c3da40b2,未判定,未判定,未判定,未判定,未判定,未判定（仅允许4小时/8小时/24小时/48小时）,未判定,无法判定,无法判定（成本来源未登记）,无法判定,无法判定,无法判定,无法判定,无法判定,无法判定,无法判定,未判定,未判定,cost-execution-1.0,ca7102ef54f4c2b190484871e99401aef601fecad5b7ca08b8144fb0c8d629d5,2b91b93ac39dcb2846eb87dd7f12376d295ddee1e77eb81b1eaf54f50bb88b81,40f2fcb16f214c66d8e7582948f68c04631330c4e06078a9ad4f77514339f3a7,无法判定,cost_source_missing,任务-000032输入身份漂移，或尚无获批成本来源登记；未读取当前费率/盘口/账户信息,登记带来源、时间、版本、数据截止和可见性证据的手续费、价差、深度、冲击、资金费率、延迟和可成交量；重新发布批次
cost-20260805T014911+0800-26f68554e23b,DS-000077,ETH,ZI-b211253f6cb6a849fbcb8b9b,未判定,未判定,未判定,未判定,未判定,未判定（仅允许4小时/8小时/24小时/48小时）,未判定,无法判定,无法判定（成本来源未登记）,无法判定,无法判定,无法判定,无法判定,无法判定,无法判定,无法判定,未判定,未判定,cost-execution-1.0,ca7102ef54f4c2b190484871e99401aef601fecad5b7ca08b8144fb0c8d629d5,2b91b93ac39dcb2846eb87dd7f12376d295ddee1e77eb81b1eaf54f50bb88b81,d795f2bbbd235494cd4ad24ef888ada74c295acdd7a3f1c7cfe2aac1881f284d,无法判定,cost_source_missing,任务-000032输入身份漂移，或尚无获批成本来源登记；未读取当前费率/盘口/账户信息,登记带来源、时间、版本、数据截止和可见性证据的手续费、价差、深度、冲击、资金费率、延迟和可成交量；重新发布批次
cost-20260805T014911+0800-26f68554e23b,DS-000078,BTC,ZI-348f6f63e47eaafea3ee9552,未判定,未判定,未判定,未判定,未判定,未判定（仅允许4小时/8小时/24小时/48小时）,未判定,无法判定,无法判定（成本来源未登记）,无法判定,无法判定,无法判定,无法判定,无法判定,无法判定,无法判定,未判定,未判定,cost-execution-1.0,ca7102ef54f4c2b190484871e99401aef601fecad5b7ca08b8144fb0c8d629d5,4a531251338eef575d7727c2450e7011419547de3a4337428c7a485ce15cd5a5,26919cfdfb15728e088b54fd5d47b5bc428819466bf0702c8db5e6dc959de21d,无法判定,cost_source_missing,任务-000032输入身份漂移，或尚无获批成本来源登记；未读取当前费率/盘口/账户信息,登记带来源、时间、版本、数据截止和可见性证据的手续费、价差、深度、冲击、资金费率、延迟和可成交量；重新发布批次
cost-20260805T014911+0800-26f68554e23b,DS-000078,ETH,ZI-3be31e2ad7066adca6b49b55,未判定,未判定,未判定,未判定,未判定,未判定（仅允许4小时/8小时/24小时/48小时）,未判定,无法判定,无法判定（成本来源未登记）,无法判定,无法判定,无法判定,无法判定,无法判定,无法判定,无法判定,未判定,未判定,cost-execution-1.0,ca7102ef54f4c2b190484871e99401aef601fecad5b7ca08b8144fb0c8d629d5,4a531251338eef575d7727c2450e7011419547de3a4337428c7a485ce15cd5a5,14ca4689479de2a8f4396a0da70f5d5ab306cad635a1da13166d7b78196554da,无法判定,cost_source_missing,任务-000032输入身份漂移，或尚无获批成本来源登记；未读取当前费率/盘口/账户信息,登记带来源、时间、版本、数据截止和可见性证据的手续费、价差、深度、冲击、资金费率、延迟和可成交量；重新发布批次
cost-20260805T014911+0800-26f68554e23b,DS-000079,BTC,ZI-502eb39d03727e04069cd747,未判定,未判定,未判定,未判定,未判定,未判定（仅允许4小时/8小时/24小时/48小时）,未判定,无法判定,无法判定（成本来源未登记）,无法判定,无法判定,无法判定,无法判定,无法判定,无法判定,无法判定,未判定,未判定,cost-execution-1.0,ca7102ef54f4c2b190484871e99401aef601fecad5b7ca08b8144fb0c8d629d5,5f1b9a7626e9c50637f11600b083502815521aeaff1c01e481c24f6e9172559e,e2a0d02ef4051aa1e1a01a73e7b73cf2eeccb75d61632a36ecd69b39853954eb,无法判定,cost_source_missing,任务-000032输入身份漂移，或尚无获批成本来源登记；未读取当前费率/盘口/账户信息,登记带来源、时间、版本、数据截止和可见性证据的手续费、价差、深度、冲击、资金费率、延迟和可成交量；重新发布批次
cost-20260805T014911+0800-26f68554e23b,DS-000079,ETH,ZI-f028549bbcd5063bf447769f,未判定,未判定,未判定,未判定,未判定,未判定（仅允许4小时/8小时/24小时/48小时）,未判定,无法判定,无法判定（成本来源未登记）,无法判定,无法判定,无法判定,无法判定,无法判定,无法判定,无法判定,未判定,未判定,cost-execution-1.0,ca7102ef54f4c2b190484871e99401aef601fecad5b7ca08b8144fb0c8d629d5,5f1b9a7626e9c50637f11600b083502815521aeaff1c01e481c24f6e9172559e,7fca63e33a3e45ba7075b9293e781cdbe89c7b33a5ae3dafc7e93cab009c7a07,无法判定,cost_source_missing,任务-000032输入身份漂移，或尚无获批成本来源登记；未读取当前费率/盘口/账户信息,登记带来源、时间、版本、数据截止和可见性证据的手续费、价差、深度、冲击、资金费率、延迟和可成交量；重新发布批次
cost-20260805T014911+0800-26f68554e23b,DS-000080,BTC,ZI-b8df3b3e536accc3b80b8066,未判定,未判定,未判定,未判定,未判定,未判定（仅允许4小时/8小时/24小时/48小时）,未判定,拒绝,拒绝（输入身份漂移）,拒绝,拒绝,拒绝,拒绝,拒绝,拒绝,拒绝,未判定,未判定,cost-execution-1.0,ca7102ef54f4c2b190484871e99401aef601fecad5b7ca08b8144fb0c8d629d5,2ca9662d9443f1ea98a8453916907b082e760825f55285a2a65cf523222b13ee,cdd7281e2ebbb2ae3703e3bd4fe42688626ac4eb336bee5e4eda9cf148a595eb,拒绝,input_identity_drift,任务-000032输入身份漂移，或尚无获批成本来源登记；未读取当前费率/盘口/账户信息,登记带来源、时间、版本、数据截止和可见性证据的手续费、价差、深度、冲击、资金费率、延迟和可成交量；重新发布批次
cost-20260805T014911+0800-26f68554e23b,DS-000080,ETH,ZI-5cb1f0e0a0d3ea04cec7f2db,未判定,未判定,未判定,未判定,未判定,未判定（仅允许4小时/8小时/24小时/48小时）,未判定,拒绝,拒绝（输入身份漂移）,拒绝,拒绝,拒绝,拒绝,拒绝,拒绝,拒绝,未判定,未判定,cost-execution-1.0,ca7102ef54f4c2b190484871e99401aef601fecad5b7ca08b8144fb0c8d629d5,2ca9662d9443f1ea98a8453916907b082e760825f55285a2a65cf523222b13ee,32300ba8df6b6e90cce679b2fe676ff1926b2dc73cfca6cb7fe74a94f18b34bd,拒绝,input_identity_drift,任务-000032输入身份漂移，或尚无获批成本来源登记；未读取当前费率/盘口/账户信息,登记带来源、时间、版本、数据截止和可见性证据的手续费、价差、深度、冲击、资金费率、延迟和可成交量；重新发布批次
cost-20260805T014911+0800-26f68554e23b,DS-000081,BTC,ZI-988e7988699ea375ef999f36,未判定,未判定,未判定,未判定,未判定,未判定（仅允许4小时/8小时/24小时/48小时）,未判定,无法判定,无法判定（成本来源未登记）,无法判定,无法判定,无法判定,无法判定,无法判定,无法判定,无法判定,未判定,未判定,cost-execution-1.0,ca7102ef54f4c2b190484871e99401aef601fecad5b7ca08b8144fb0c8d629d5,a2792143e03a2cb6ca25dd11e01ffad12313eb6fff5ab50030912e25bef96753,543a4acaa2b26681e9f93c8a4e0f5fa84ed48b44eec96b77c5f031b29ad98456,无法判定,cost_source_missing,任务-000032输入身份漂移，或尚无获批成本来源登记；未读取当前费率/盘口/账户信息,登记带来源、时间、版本、数据截止和可见性证据的手续费、价差、深度、冲击、资金费率、延迟和可成交量；重新发布批次
cost-20260805T014911+0800-26f68554e23b,DS-000081,ETH,ZI-c554be2524b6ac56420322df,未判定,未判定,未判定,未判定,未判定,未判定（仅允许4小时/8小时/24小时/48小时）,未判定,无法判定,无法判定（成本来源未登记）,无法判定,无法判定,无法判定,无法判定,无法判定,无法判定,无法判定,未判定,未判定,cost-execution-1.0,ca7102ef54f4c2b190484871e99401aef601fecad5b7ca08b8144fb0c8d629d5,a2792143e03a2cb6ca25dd11e01ffad12313eb6fff5ab50030912e25bef96753,beb124635393438c8fc9955d2ea7b359ea4c38be0b11d759e62b91776405f900,无法判定,cost_source_missing,任务-000032输入身份漂移，或尚无获批成本来源登记；未读取当前费率/盘口/账户信息,登记带来源、时间、版本、数据截止和可见性证据的手续费、价差、深度、冲击、资金费率、延迟和可成交量；重新发布批次
cost-20260805T014911+0800-26f68554e23b,DS-000082,BTC,ZI-e157f9d0fcdfc3a8e2bc8c70,未判定,未判定,未判定,未判定,未判定,未判定（仅允许4小时/8小时/24小时/48小时）,未判定,无法判定,无法判定（成本来源未登记）,无法判定,无法判定,无法判定,无法判定,无法判定,无法判定,无法判定,未判定,未判定,cost-execution-1.0,ca7102ef54f4c2b190484871e99401aef601fecad5b7ca08b8144fb0c8d629d5,26729e609b23e8ec4e4345940d9d2c6fe8cb682c3b4f5ae188a8e32f9b517efc,32fda4350a8cb595ff38b2cf9e9e2b0c92cc60bcd92bb953943891745bd6d65a,无法判定,cost_source_missing,任务-000032输入身份漂移，或尚无获批成本来源登记；未读取当前费率/盘口/账户信息,登记带来源、时间、版本、数据截止和可见性证据的手续费、价差、深度、冲击、资金费率、延迟和可成交量；重新发布批次
cost-20260805T014911+0800-26f68554e23b,DS-000082,ETH,ZI-4436ad9b42c6f806385bd6b4,未判定,未判定,未判定,未判定,未判定,未判定（仅允许4小时/8小时/24小时/48小时）,未判定,无法判定,无法判定（成本来源未登记）,无法判定,无法判定,无法判定,无法判定,无法判定,无法判定,无法判定,未判定,未判定,cost-execution-1.0,ca7102ef54f4c2b190484871e99401aef601fecad5b7ca08b8144fb0c8d629d5,26729e609b23e8ec4e4345940d9d2c6fe8cb682c3b4f5ae188a8e32f9b517efc,708dea27009844dfc11f6f1f4262c831bda22545ba7b5390c13db993ca22f20d,无法判定,cost_source_missing,任务-000032输入身份漂移，或尚无获批成本来源登记；未读取当前费率/盘口/账户信息,登记带来源、时间、版本、数据截止和可见性证据的手续费、价差、深度、冲击、资金费率、延迟和可成交量；重新发布批次
cost-20260805T014911+0800-26f68554e23b,DS-000083,BTC,ZI-606826edf27ebb1d7ce3c168,未判定,未判定,未判定,未判定,未判定,未判定（仅允许4小时/8小时/24小时/48小时）,未判定,无法判定,无法判定（成本来源未登记）,无法判定,无法判定,无法判定,无法判定,无法判定,无法判定,无法判定,未判定,未判定,cost-execution-1.0,ca7102ef54f4c2b190484871e99401aef601fecad5b7ca08b8144fb0c8d629d5,71ac66dedef59f66f532dec36668e7189bd34fd63dc852b0670352d76860bd2c,95dbe9094a74191728110b29f97440d4ca27a8a6e26522b53213119cb24dfbf7,无法判定,cost_source_missing,任务-000032输入身份漂移，或尚无获批成本来源登记；未读取当前费率/盘口/账户信息,登记带来源、时间、版本、数据截止和可见性证据的手续费、价差、深度、冲击、资金费率、延迟和可成交量；重新发布批次
cost-20260805T014911+0800-26f68554e23b,DS-000083,ETH,ZI-dc802620a1660401748ba4f1,未判定,未判定,未判定,未判定,未判定,未判定（仅允许4小时/8小时/24小时/48小时）,未判定,无法判定,无法判定（成本来源未登记）,无法判定,无法判定,无法判定,无法判定,无法判定,无法判定,无法判定,未判定,未判定,cost-execution-1.0,ca7102ef54f4c2b190484871e99401aef601fecad5b7ca08b8144fb0c8d629d5,71ac66dedef59f66f532dec36668e7189bd34fd63dc852b0670352d76860bd2c,de4fed0ff40f194403dda3105ca2b0523048936231362735c152e0db00eb1339,无法判定,cost_source_missing,任务-000032输入身份漂移，或尚无获批成本来源登记；未读取当前费率/盘口/账户信息,登记带来源、时间、版本、数据截止和可见性证据的手续费、价差、深度、冲击、资金费率、延迟和可成交量；重新发布批次
cost-20260805T014911+0800-26f68554e23b,DS-000084,BTC,ZI-2cf1c33ec5d03375f4ea30ab,未判定,未判定,未判定,未判定,未判定,未判定（仅允许4小时/8小时/24小时/48小时）,未判定,无法判定,无法判定（成本来源未登记）,无法判定,无法判定,无法判定,无法判定,无法判定,无法判定,无法判定,未判定,未判定,cost-execution-1.0,ca7102ef54f4c2b190484871e99401aef601fecad5b7ca08b8144fb0c8d629d5,eaf48da1bfc940e3ac2e9e61fbd915d410a684dcfdd7961a133befda1a9e3197,58bbd395933c9937225724f0222e2d20b3ac04c27dc7617847ec3b4e5b9351ab,无法判定,cost_source_missing,任务-000032输入身份漂移，或尚无获批成本来源登记；未读取当前费率/盘口/账户信息,登记带来源、时间、版本、数据截止和可见性证据的手续费、价差、深度、冲击、资金费率、延迟和可成交量；重新发布批次
cost-20260805T014911+0800-26f68554e23b,DS-000084,ETH,ZI-3f209003d99517aaa9d196de,未判定,未判定,未判定,未判定,未判定,未判定（仅允许4小时/8小时/24小时/48小时）,未判定,无法判定,无法判定（成本来源未登记）,无法判定,无法判定,无法判定,无法判定,无法判定,无法判定,无法判定,未判定,未判定,cost-execution-1.0,ca7102ef54f4c2b190484871e99401aef601fecad5b7ca08b8144fb0c8d629d5,eaf48da1bfc940e3ac2e9e61fbd915d410a684dcfdd7961a133befda1a9e3197,42f2b60c93a0abc041f5f9e8a61021095647b4931ab223f857124291e6ded7b4,无法判定,cost_source_missing,任务-000032输入身份漂移，或尚无获批成本来源登记；未读取当前费率/盘口/账户信息,登记带来源、时间、版本、数据截止和可见性证据的手续费、价差、深度、冲击、资金费率、延迟和可成交量；重新发布批次
cost-20260805T014911+0800-26f68554e23b,DS-000085,BTC,ZI-6660a9981b4c038dfec654e0,未判定,未判定,未判定,未判定,未判定,未判定（仅允许4小时/8小时/24小时/48小时）,未判定,无法判定,无法判定（成本来源未登记）,无法判定,无法判定,无法判定,无法判定,无法判定,无法判定,无法判定,未判定,未判定,cost-execution-1.0,ca7102ef54f4c2b190484871e99401aef601fecad5b7ca08b8144fb0c8d629d5,8e149c28200d6c407f82b23bbf56e0f74adf78ccacc53e97cddd69fa8c266cef,b7c9804d20eaac41ce46a2e664c59edae847bec804ebb4ee8c10113013365364,无法判定,cost_source_missing,任务-000032输入身份漂移，或尚无获批成本来源登记；未读取当前费率/盘口/账户信息,登记带来源、时间、版本、数据截止和可见性证据的手续费、价差、深度、冲击、资金费率、延迟和可成交量；重新发布批次
cost-20260805T014911+0800-26f68554e23b,DS-000085,ETH,ZI-1e587b9ca43b8ecb01a08a67,未判定,未判定,未判定,未判定,未判定,未判定（仅允许4小时/8小时/24小时/48小时）,未判定,无法判定,无法判定（成本来源未登记）,无法判定,无法判定,无法判定,无法判定,无法判定,无法判定,无法判定,未判定,未判定,cost-execution-1.0,ca7102ef54f4c2b190484871e99401aef601fecad5b7ca08b8144fb0c8d629d5,8e149c28200d6c407f82b23bbf56e0f74adf78ccacc53e97cddd69fa8c266cef,a4a1223ae310e18df5a45151350f05da444e178166ff654bb42df19d3103c0b9,无法判定,cost_source_missing,任务-000032输入身份漂移，或尚无获批成本来源登记；未读取当前费率/盘口/账户信息,登记带来源、时间、版本、数据截止和可见性证据的手续费、价差、深度、冲击、资金费率、延迟和可成交量；重新发布批次
cost-20260805T014911+0800-26f68554e23b,DS-000086,BTC,ZI-540f8f5763c8c25b47283449,未判定,未判定,未判定,未判定,未判定,未判定（仅允许4小时/8小时/24小时/48小时）,未判定,无法判定,无法判定（成本来源未登记）,无法判定,无法判定,无法判定,无法判定,无法判定,无法判定,无法判定,未判定,未判定,cost-execution-1.0,ca7102ef54f4c2b190484871e99401aef601fecad5b7ca08b8144fb0c8d629d5,ea2e1163702cfc733f8ff1e1d381eccbb870b4ef264c3ce1f581dfbac86c7b87,3218e21212963c816495518ff0d2166d3a1d8fdee6f5be31e92945e25fad9479,无法判定,cost_source_missing,任务-000032输入身份漂移，或尚无获批成本来源登记；未读取当前费率/盘口/账户信息,登记带来源、时间、版本、数据截止和可见性证据的手续费、价差、深度、冲击、资金费率、延迟和可成交量；重新发布批次
cost-20260805T014911+0800-26f68554e23b,DS-000086,ETH,ZI-bba6b24de803c01632b44a91,未判定,未判定,未判定,未判定,未判定,未判定（仅允许4小时/8小时/24小时/48小时）,未判定,无法判定,无法判定（成本来源未登记）,无法判定,无法判定,无法判定,无法判定,无法判定,无法判定,无法判定,未判定,未判定,cost-execution-1.0,ca7102ef54f4c2b190484871e99401aef601fecad5b7ca08b8144fb0c8d629d5,ea2e1163702cfc733f8ff1e1d381eccbb870b4ef264c3ce1f581dfbac86c7b87,4e86abc4d7b172044c59848c37875df060eb021b34ad973d77765eb1f32fe477,无法判定,cost_source_missing,任务-000032输入身份漂移，或尚无获批成本来源登记；未读取当前费率/盘口/账户信息,登记带来源、时间、版本、数据截止和可见性证据的手续费、价差、深度、冲击、资金费率、延迟和可成交量；重新发布批次
cost-20260805T014911+0800-26f68554e23b,DS-000087,BTC,ZI-563d8a435062e95a3eb06fe9,未判定,未判定,未判定,未判定,未判定,未判定（仅允许4小时/8小时/24小时/48小时）,未判定,无法判定,无法判定（成本来源未登记）,无法判定,无法判定,无法判定,无法判定,无法判定,无法判定,无法判定,未判定,未判定,cost-execution-1.0,ca7102ef54f4c2b190484871e99401aef601fecad5b7ca08b8144fb0c8d629d5,6baf47a6b565537accf1ecf507bdea80f9d0d9e925aca061d8bc0d05fdf9e31b,60dcbf3d30c7f6e6496194703d9d991f8f8439ffafda95d4092e4a1d513bbce2,无法判定,cost_source_missing,任务-000032输入身份漂移，或尚无获批成本来源登记；未读取当前费率/盘口/账户信息,登记带来源、时间、版本、数据截止和可见性证据的手续费、价差、深度、冲击、资金费率、延迟和可成交量；重新发布批次
cost-20260805T014911+0800-26f68554e23b,DS-000087,ETH,ZI-baea0c9ad86775e8eca92410,未判定,未判定,未判定,未判定,未判定,未判定（仅允许4小时/8小时/24小时/48小时）,未判定,无法判定,无法判定（成本来源未登记）,无法判定,无法判定,无法判定,无法判定,无法判定,无法判定,无法判定,未判定,未判定,cost-execution-1.0,ca7102ef54f4c2b190484871e99401aef601fecad5b7ca08b8144fb0c8d629d5,6baf47a6b565537accf1ecf507bdea80f9d0d9e925aca061d8bc0d05fdf9e31b,dd572ed29d49fefe9f12ac67a80bf3870121df4c56a16f778d1598e614e70515,无法判定,cost_source_missing,任务-000032输入身份漂移，或尚无获批成本来源登记；未读取当前费率/盘口/账户信息,登记带来源、时间、版本、数据截止和可见性证据的手续费、价差、深度、冲击、资金费率、延迟和可成交量；重新发布批次
cost-20260805T014911+0800-26f68554e23b,DS-000088,BTC,ZI-1644f2c09acf5ac64c1c5a84,未判定,未判定,未判定,未判定,未判定,未判定（仅允许4小时/8小时/24小时/48小时）,未判定,无法判定,无法判定（成本来源未登记）,无法判定,无法判定,无法判定,无法判定,无法判定,无法判定,无法判定,未判定,未判定,cost-execution-1.0,ca7102ef54f4c2b190484871e99401aef601fecad5b7ca08b8144fb0c8d629d5,154708028e45268f83ba93beb2ac848addbbb4f3f40a6d1b4b5354a4b79d3b4d,abf53a28e592e9f863babf78d4803ad8a1d52fc4527158c5b5ff3ae9aa083517,无法判定,cost_source_missing,任务-000032输入身份漂移，或尚无获批成本来源登记；未读取当前费率/盘口/账户信息,登记带来源、时间、版本、数据截止和可见性证据的手续费、价差、深度、冲击、资金费率、延迟和可成交量；重新发布批次
cost-20260805T014911+0800-26f68554e23b,DS-000088,ETH,ZI-e900cf4aa30a969caaffd8a6,未判定,未判定,未判定,未判定,未判定,未判定（仅允许4小时/8小时/24小时/48小时）,未判定,无法判定,无法判定（成本来源未登记）,无法判定,无法判定,无法判定,无法判定,无法判定,无法判定,无法判定,未判定,未判定,cost-execution-1.0,ca7102ef54f4c2b190484871e99401aef601fecad5b7ca08b8144fb0c8d629d5,154708028e45268f83ba93beb2ac848addbbb4f3f40a6d1b4b5354a4b79d3b4d,4a1a7d4bea92aa09eb0e0a8ebf03ac67dda45d14ee0bac0f8ff47f160079a984,无法判定,cost_source_missing,任务-000032输入身份漂移，或尚无获批成本来源登记；未读取当前费率/盘口/账户信息,登记带来源、时间、版本、数据截止和可见性证据的手续费、价差、深度、冲击、资金费率、延迟和可成交量；重新发布批次
cost-20260805T014911+0800-26f68554e23b,DS-000089,BTC,ZI-a06218992d1a90d5362b2b06,未判定,未判定,未判定,未判定,未判定,未判定（仅允许4小时/8小时/24小时/48小时）,未判定,无法判定,无法判定（成本来源未登记）,无法判定,无法判定,无法判定,无法判定,无法判定,无法判定,无法判定,未判定,未判定,cost-execution-1.0,ca7102ef54f4c2b190484871e99401aef601fecad5b7ca08b8144fb0c8d629d5,6f24c5abcb3c85e848f2095f0f1993ce2fdd8c58d695437a6963b9682bfe628d,8d29858243838ccf1f847e0b17aabb790a08d02973a26e29ec38b3f8fd8870d4,无法判定,cost_source_missing,任务-000032输入身份漂移，或尚无获批成本来源登记；未读取当前费率/盘口/账户信息,登记带来源、时间、版本、数据截止和可见性证据的手续费、价差、深度、冲击、资金费率、延迟和可成交量；重新发布批次
cost-20260805T014911+0800-26f68554e23b,DS-000089,ETH,ZI-fdc48fd4c41a97f34f51f46e,未判定,未判定,未判定,未判定,未判定,未判定（仅允许4小时/8小时/24小时/48小时）,未判定,无法判定,无法判定（成本来源未登记）,无法判定,无法判定,无法判定,无法判定,无法判定,无法判定,无法判定,未判定,未判定,cost-execution-1.0,ca7102ef54f4c2b190484871e99401aef601fecad5b7ca08b8144fb0c8d629d5,6f24c5abcb3c85e848f2095f0f1993ce2fdd8c58d695437a6963b9682bfe628d,e9c136f575f109c92c964cb452134b4dae9f6449d669bfd2a5980f8ec0070871,无法判定,cost_source_missing,任务-000032输入身份漂移，或尚无获批成本来源登记；未读取当前费率/盘口/账户信息,登记带来源、时间、版本、数据截止和可见性证据的手续费、价差、深度、冲击、资金费率、延迟和可成交量；重新发布批次
cost-20260805T014911+0800-26f68554e23b,DS-000090,BTC,ZI-9db5ea58aed603182d0b7ac5,未判定,未判定,未判定,未判定,未判定,未判定（仅允许4小时/8小时/24小时/48小时）,未判定,无法判定,无法判定（成本来源未登记）,无法判定,无法判定,无法判定,无法判定,无法判定,无法判定,无法判定,未判定,未判定,cost-execution-1.0,ca7102ef54f4c2b190484871e99401aef601fecad5b7ca08b8144fb0c8d629d5,f9539572bc69b0fd43ee663f92e29fe25732f15eec3630af727261238358195c,5280f7e386dd53e5ef24d917a767d4d7be5e1570fccf39ff5a44fa16cbcfe041,无法判定,cost_source_missing,任务-000032输入身份漂移，或尚无获批成本来源登记；未读取当前费率/盘口/账户信息,登记带来源、时间、版本、数据截止和可见性证据的手续费、价差、深度、冲击、资金费率、延迟和可成交量；重新发布批次
cost-20260805T014911+0800-26f68554e23b,DS-000090,ETH,ZI-cfde254fa2f17eff06fd22c0,未判定,未判定,未判定,未判定,未判定,未判定（仅允许4小时/8小时/24小时/48小时）,未判定,无法判定,无法判定（成本来源未登记）,无法判定,无法判定,无法判定,无法判定,无法判定,无法判定,无法判定,未判定,未判定,cost-execution-1.0,ca7102ef54f4c2b190484871e99401aef601fecad5b7ca08b8144fb0c8d629d5,f9539572bc69b0fd43ee663f92e29fe25732f15eec3630af727261238358195c,aaa807dbf57d78600c34d20bd8642d4cb6e9a2a852864aeaf9f00417efb56a8a,无法判定,cost_source_missing,任务-000032输入身份漂移，或尚无获批成本来源登记；未读取当前费率/盘口/账户信息,登记带来源、时间、版本、数据截止和可见性证据的手续费、价差、深度、冲击、资金费率、延迟和可成交量；重新发布批次
cost-20260805T014911+0800-26f68554e23b,DS-000091,BTC,ZI-c1325d8ffbc6677ee8c86497,未判定,未判定,未判定,未判定,未判定,未判定（仅允许4小时/8小时/24小时/48小时）,未判定,无法判定,无法判定（成本来源未登记）,无法判定,无法判定,无法判定,无法判定,无法判定,无法判定,无法判定,未判定,未判定,cost-execution-1.0,ca7102ef54f4c2b190484871e99401aef601fecad5b7ca08b8144fb0c8d629d5,28a3bb940a193ebb4c039656648b990dfc9d3f94c1628c12790d9f06cd23d8a3,239334b30f7a188641609248bfe44554afdc25bcbda315c8ea43092d4b168f8c,无法判定,cost_source_missing,任务-000032输入身份漂移，或尚无获批成本来源登记；未读取当前费率/盘口/账户信息,登记带来源、时间、版本、数据截止和可见性证据的手续费、价差、深度、冲击、资金费率、延迟和可成交量；重新发布批次
cost-20260805T014911+0800-26f68554e23b,DS-000091,ETH,ZI-e753f977d37bf709ca92ee4e,未判定,未判定,未判定,未判定,未判定,未判定（仅允许4小时/8小时/24小时/48小时）,未判定,无法判定,无法判定（成本来源未登记）,无法判定,无法判定,无法判定,无法判定,无法判定,无法判定,无法判定,未判定,未判定,cost-execution-1.0,ca7102ef54f4c2b190484871e99401aef601fecad5b7ca08b8144fb0c8d629d5,28a3bb940a193ebb4c039656648b990dfc9d3f94c1628c12790d9f06cd23d8a3,3c67dde0f660743e267d49cf7c633a68c1ef9023f095db2c0f4511be67f5cb95,无法判定,cost_source_missing,任务-000032输入身份漂移，或尚无获批成本来源登记；未读取当前费率/盘口/账户信息,登记带来源、时间、版本、数据截止和可见性证据的手续费、价差、深度、冲击、资金费率、延迟和可成交量；重新发布批次
cost-20260805T014911+0800-26f68554e23b,DS-000092,BTC,ZI-809e979581c6c01829dbc939,未判定,未判定,未判定,未判定,未判定,未判定（仅允许4小时/8小时/24小时/48小时）,未判定,无法判定,无法判定（成本来源未登记）,无法判定,无法判定,无法判定,无法判定,无法判定,无法判定,无法判定,未判定,未判定,cost-execution-1.0,ca7102ef54f4c2b190484871e99401aef601fecad5b7ca08b8144fb0c8d629d5,1ea3d54d31a05819ea9d25cec1f31c19f726cf3bc9e55f4bdcebde9c64b18cc0,3464abd1cb8dd402218f61863f86a77b8729d88317b6fad695891edf87358796,无法判定,cost_source_missing,任务-000032输入身份漂移，或尚无获批成本来源登记；未读取当前费率/盘口/账户信息,登记带来源、时间、版本、数据截止和可见性证据的手续费、价差、深度、冲击、资金费率、延迟和可成交量；重新发布批次
cost-20260805T014911+0800-26f68554e23b,DS-000092,ETH,ZI-711cc9b300fc5737cb6a1fe0,未判定,未判定,未判定,未判定,未判定,未判定（仅允许4小时/8小时/24小时/48小时）,未判定,无法判定,无法判定（成本来源未登记）,无法判定,无法判定,无法判定,无法判定,无法判定,无法判定,无法判定,未判定,未判定,cost-execution-1.0,ca7102ef54f4c2b190484871e99401aef601fecad5b7ca08b8144fb0c8d629d5,1ea3d54d31a05819ea9d25cec1f31c19f726cf3bc9e55f4bdcebde9c64b18cc0,7bab4e2b5a5c5083f69ee2a515f3b928141d13c9dbca6d6cf4c83603b0aa8724,无法判定,cost_source_missing,任务-000032输入身份漂移，或尚无获批成本来源登记；未读取当前费率/盘口/账户信息,登记带来源、时间、版本、数据截止和可见性证据的手续费、价差、深度、冲击、资金费率、延迟和可成交量；重新发布批次
cost-20260805T014911+0800-26f68554e23b,DS-000093,BTC,ZI-8a55ecf7d5c701f9bfe01347,未判定,未判定,未判定,未判定,未判定,未判定（仅允许4小时/8小时/24小时/48小时）,未判定,无法判定,无法判定（成本来源未登记）,无法判定,无法判定,无法判定,无法判定,无法判定,无法判定,无法判定,未判定,未判定,cost-execution-1.0,ca7102ef54f4c2b190484871e99401aef601fecad5b7ca08b8144fb0c8d629d5,52362fa18e8eaa9f9d6caa7b9f37371b35ae20ba7086ece836a31c1b25b2ed14,995525a7b68ef1d6dd3be2c6e42571f791f9814e87cf8b7f60d3ee4adb2b3080,无法判定,cost_source_missing,任务-000032输入身份漂移，或尚无获批成本来源登记；未读取当前费率/盘口/账户信息,登记带来源、时间、版本、数据截止和可见性证据的手续费、价差、深度、冲击、资金费率、延迟和可成交量；重新发布批次
cost-20260805T014911+0800-26f68554e23b,DS-000093,ETH,ZI-3b1ff874ffa2b6e111f84a57,未判定,未判定,未判定,未判定,未判定,未判定（仅允许4小时/8小时/24小时/48小时）,未判定,无法判定,无法判定（成本来源未登记）,无法判定,无法判定,无法判定,无法判定,无法判定,无法判定,无法判定,未判定,未判定,cost-execution-1.0,ca7102ef54f4c2b190484871e99401aef601fecad5b7ca08b8144fb0c8d629d5,52362fa18e8eaa9f9d6caa7b9f37371b35ae20ba7086ece836a31c1b25b2ed14,cb890c44ad7bebdb7f80016dbd328e7b5ff0db871e2389e17b9e5d7a45096fe3,无法判定,cost_source_missing,任务-000032输入身份漂移，或尚无获批成本来源登记；未读取当前费率/盘口/账户信息,登记带来源、时间、版本、数据截止和可见性证据的手续费、价差、深度、冲击、资金费率、延迟和可成交量；重新发布批次
cost-20260805T014911+0800-26f68554e23b,DS-000094,BTC,ZI-c4e34cac634b85bce06fba88,未判定,未判定,未判定,未判定,未判定,未判定（仅允许4小时/8小时/24小时/48小时）,未判定,无法判定,无法判定（成本来源未登记）,无法判定,无法判定,无法判定,无法判定,无法判定,无法判定,无法判定,未判定,未判定,cost-execution-1.0,ca7102ef54f4c2b190484871e99401aef601fecad5b7ca08b8144fb0c8d629d5,a0deb718d15d22a41a2dd3e16107112e6e76365cf449dd050636f90b807bfe96,da11e37de249c3b3e8c32d37b92ed74a96e1d1a45c61ba1357fa2658c5bd43c7,无法判定,cost_source_missing,任务-000032输入身份漂移，或尚无获批成本来源登记；未读取当前费率/盘口/账户信息,登记带来源、时间、版本、数据截止和可见性证据的手续费、价差、深度、冲击、资金费率、延迟和可成交量；重新发布批次
cost-20260805T014911+0800-26f68554e23b,DS-000094,ETH,ZI-5dd1eab4bb5048a6948ebba2,未判定,未判定,未判定,未判定,未判定,未判定（仅允许4小时/8小时/24小时/48小时）,未判定,无法判定,无法判定（成本来源未登记）,无法判定,无法判定,无法判定,无法判定,无法判定,无法判定,无法判定,未判定,未判定,cost-execution-1.0,ca7102ef54f4c2b190484871e99401aef601fecad5b7ca08b8144fb0c8d629d5,a0deb718d15d22a41a2dd3e16107112e6e76365cf449dd050636f90b807bfe96,a02a0e879084c499ba143c1524553d621b9cff9a140c64c3a474086a7530a503,无法判定,cost_source_missing,任务-000032输入身份漂移，或尚无获批成本来源登记；未读取当前费率/盘口/账户信息,登记带来源、时间、版本、数据截止和可见性证据的手续费、价差、深度、冲击、资金费率、延迟和可成交量；重新发布批次
cost-20260805T014911+0800-26f68554e23b,DS-000095,BTC,ZI-d9e2d56ec838f36a9286bb3a,未判定,未判定,未判定,未判定,未判定,未判定（仅允许4小时/8小时/24小时/48小时）,未判定,无法判定,无法判定（成本来源未登记）,无法判定,无法判定,无法判定,无法判定,无法判定,无法判定,无法判定,未判定,未判定,cost-execution-1.0,ca7102ef54f4c2b190484871e99401aef601fecad5b7ca08b8144fb0c8d629d5,926111c34c700809dfbd255cbf8791b7179c4be30e6b41a5fccce30a429ed2a4,952bbf277cad024833c1edd6fdfbc201d251e44461786afbd070fd471d75edcf,无法判定,cost_source_missing,任务-000032输入身份漂移，或尚无获批成本来源登记；未读取当前费率/盘口/账户信息,登记带来源、时间、版本、数据截止和可见性证据的手续费、价差、深度、冲击、资金费率、延迟和可成交量；重新发布批次
cost-20260805T014911+0800-26f68554e23b,DS-000095,ETH,ZI-0f98b4ccb582f8d46f4bde26,未判定,未判定,未判定,未判定,未判定,未判定（仅允许4小时/8小时/24小时/48小时）,未判定,无法判定,无法判定（成本来源未登记）,无法判定,无法判定,无法判定,无法判定,无法判定,无法判定,无法判定,未判定,未判定,cost-execution-1.0,ca7102ef54f4c2b190484871e99401aef601fecad5b7ca08b8144fb0c8d629d5,926111c34c700809dfbd255cbf8791b7179c4be30e6b41a5fccce30a429ed2a4,0be9221a940fc7944377aaa33796df051a7afba8138aeb218e6fff657646e446,无法判定,cost_source_missing,任务-000032输入身份漂移，或尚无获批成本来源登记；未读取当前费率/盘口/账户信息,登记带来源、时间、版本、数据截止和可见性证据的手续费、价差、深度、冲击、资金费率、延迟和可成交量；重新发布批次
cost-20260805T014911+0800-26f68554e23b,DS-000096,BTC,ZI-3bfe74a5e3377c8f48575d33,未判定,未判定,未判定,未判定,未判定,未判定（仅允许4小时/8小时/24小时/48小时）,未判定,无法判定,无法判定（成本来源未登记）,无法判定,无法判定,无法判定,无法判定,无法判定,无法判定,无法判定,未判定,未判定,cost-execution-1.0,ca7102ef54f4c2b190484871e99401aef601fecad5b7ca08b8144fb0c8d629d5,c2007d6e39f41a0029163476d58ee77bb304d416ddce50062a62253fcf1d0e3a,752a0e2b0d478d91f424f5eb0fa36ee47acdf940c9fda64070973539d956082e,无法判定,cost_source_missing,任务-000032输入身份漂移，或尚无获批成本来源登记；未读取当前费率/盘口/账户信息,登记带来源、时间、版本、数据截止和可见性证据的手续费、价差、深度、冲击、资金费率、延迟和可成交量；重新发布批次
cost-20260805T014911+0800-26f68554e23b,DS-000096,ETH,ZI-95e4aaf87cde52b43836becd,未判定,未判定,未判定,未判定,未判定,未判定（仅允许4小时/8小时/24小时/48小时）,未判定,无法判定,无法判定（成本来源未登记）,无法判定,无法判定,无法判定,无法判定,无法判定,无法判定,无法判定,未判定,未判定,cost-execution-1.0,ca7102ef54f4c2b190484871e99401aef601fecad5b7ca08b8144fb0c8d629d5,c2007d6e39f41a0029163476d58ee77bb304d416ddce50062a62253fcf1d0e3a,4a81e01a09c07b7730922bf42db6d8aa22c70fef25fb9a6444f97709a2969cbd,无法判定,cost_source_missing,任务-000032输入身份漂移，或尚无获批成本来源登记；未读取当前费率/盘口/账户信息,登记带来源、时间、版本、数据截止和可见性证据的手续费、价差、深度、冲击、资金费率、延迟和可成交量；重新发布批次
cost-20260805T014911+0800-26f68554e23b,DS-000097,BTC,ZI-5242fd5a16f73078c0178d46,未判定,未判定,未判定,未判定,未判定,未判定（仅允许4小时/8小时/24小时/48小时）,未判定,无法判定,无法判定（成本来源未登记）,无法判定,无法判定,无法判定,无法判定,无法判定,无法判定,无法判定,未判定,未判定,cost-execution-1.0,ca7102ef54f4c2b190484871e99401aef601fecad5b7ca08b8144fb0c8d629d5,0d7701df2c4e9ae2d00551e1fec7dbfffc5617715ceff00e660a647fbb18e8b0,26de9786b44b5a986ec015cad47114d0aa05024fc242d23f0733849d4a3aae53,无法判定,cost_source_missing,任务-000032输入身份漂移，或尚无获批成本来源登记；未读取当前费率/盘口/账户信息,登记带来源、时间、版本、数据截止和可见性证据的手续费、价差、深度、冲击、资金费率、延迟和可成交量；重新发布批次
cost-20260805T014911+0800-26f68554e23b,DS-000097,ETH,ZI-742fac6725a335ceef60c1cd,未判定,未判定,未判定,未判定,未判定,未判定（仅允许4小时/8小时/24小时/48小时）,未判定,无法判定,无法判定（成本来源未登记）,无法判定,无法判定,无法判定,无法判定,无法判定,无法判定,无法判定,未判定,未判定,cost-execution-1.0,ca7102ef54f4c2b190484871e99401aef601fecad5b7ca08b8144fb0c8d629d5,0d7701df2c4e9ae2d00551e1fec7dbfffc5617715ceff00e660a647fbb18e8b0,2ecf7f18671e7b7f2ea5d30426f66ca9cc18b022565e5b8d520a20a9465918ea,无法判定,cost_source_missing,任务-000032输入身份漂移，或尚无获批成本来源登记；未读取当前费率/盘口/账户信息,登记带来源、时间、版本、数据截止和可见性证据的手续费、价差、深度、冲击、资金费率、延迟和可成交量；重新发布批次
cost-20260805T014911+0800-26f68554e23b,DS-000098,BTC,ZI-5b71193a5de7dc8af188547b,未判定,未判定,未判定,未判定,未判定,未判定（仅允许4小时/8小时/24小时/48小时）,未判定,无法判定,无法判定（成本来源未登记）,无法判定,无法判定,无法判定,无法判定,无法判定,无法判定,无法判定,未判定,未判定,cost-execution-1.0,ca7102ef54f4c2b190484871e99401aef601fecad5b7ca08b8144fb0c8d629d5,177e783e33769ac7e5871b15d805d37b7eea13596c134a31d6e4da1b4fbc861a,1a46d44e55c3acc747210bd38c0b15b2b749b73796d86db4d5216fe3f6ab3e81,无法判定,cost_source_missing,任务-000032输入身份漂移，或尚无获批成本来源登记；未读取当前费率/盘口/账户信息,登记带来源、时间、版本、数据截止和可见性证据的手续费、价差、深度、冲击、资金费率、延迟和可成交量；重新发布批次
cost-20260805T014911+0800-26f68554e23b,DS-000098,ETH,ZI-ecec677fbed31df69a769cbd,未判定,未判定,未判定,未判定,未判定,未判定（仅允许4小时/8小时/24小时/48小时）,未判定,无法判定,无法判定（成本来源未登记）,无法判定,无法判定,无法判定,无法判定,无法判定,无法判定,无法判定,未判定,未判定,cost-execution-1.0,ca7102ef54f4c2b190484871e99401aef601fecad5b7ca08b8144fb0c8d629d5,177e783e33769ac7e5871b15d805d37b7eea13596c134a31d6e4da1b4fbc861a,cbb3c989969e6e4a90be249971f05628a7b01d5e3fa87848850a17f871ea6f93,无法判定,cost_source_missing,任务-000032输入身份漂移，或尚无获批成本来源登记；未读取当前费率/盘口/账户信息,登记带来源、时间、版本、数据截止和可见性证据的手续费、价差、深度、冲击、资金费率、延迟和可成交量；重新发布批次
cost-20260805T014911+0800-26f68554e23b,DS-000099,BTC,ZI-8f9ae27bb3a3a27be851a19e,未判定,未判定,未判定,未判定,未判定,未判定（仅允许4小时/8小时/24小时/48小时）,未判定,无法判定,无法判定（成本来源未登记）,无法判定,无法判定,无法判定,无法判定,无法判定,无法判定,无法判定,未判定,未判定,cost-execution-1.0,ca7102ef54f4c2b190484871e99401aef601fecad5b7ca08b8144fb0c8d629d5,f054ac8944d3e6cf1fdd8fd1ff96a5f9a19966ecea733e37fd8667cf5f7ae87c,d5a4585dfdf1e2bb821b47a480866cd8e65095e3d9251be35d9dc6b818ddf773,无法判定,cost_source_missing,任务-000032输入身份漂移，或尚无获批成本来源登记；未读取当前费率/盘口/账户信息,登记带来源、时间、版本、数据截止和可见性证据的手续费、价差、深度、冲击、资金费率、延迟和可成交量；重新发布批次
cost-20260805T014911+0800-26f68554e23b,DS-000099,ETH,ZI-3001a9d0489e5be46b832a12,未判定,未判定,未判定,未判定,未判定,未判定（仅允许4小时/8小时/24小时/48小时）,未判定,无法判定,无法判定（成本来源未登记）,无法判定,无法判定,无法判定,无法判定,无法判定,无法判定,无法判定,未判定,未判定,cost-execution-1.0,ca7102ef54f4c2b190484871e99401aef601fecad5b7ca08b8144fb0c8d629d5,f054ac8944d3e6cf1fdd8fd1ff96a5f9a19966ecea733e37fd8667cf5f7ae87c,294c987dab25e029376687f016e516031318533f09c89d73e92917c71d744784,无法判定,cost_source_missing,任务-000032输入身份漂移，或尚无获批成本来源登记；未读取当前费率/盘口/账户信息,登记带来源、时间、版本、数据截止和可见性证据的手续费、价差、深度、冲击、资金费率、延迟和可成交量；重新发布批次
cost-20260805T014911+0800-26f68554e23b,DS-000100,BTC,ZI-7e5cb2ff02459507aea17fad,未判定,未判定,未判定,未判定,未判定,未判定（仅允许4小时/8小时/24小时/48小时）,未判定,无法判定,无法判定（成本来源未登记）,无法判定,无法判定,无法判定,无法判定,无法判定,无法判定,无法判定,未判定,未判定,cost-execution-1.0,ca7102ef54f4c2b190484871e99401aef601fecad5b7ca08b8144fb0c8d629d5,c192f838b494bab5124e14d240bb40b26e5f8d47d09ed7293868709b0445edd7,8090ec488272835d776314cc990ce65165097f2c0846a4a232a05fa1c88a07f0,无法判定,cost_source_missing,任务-000032输入身份漂移，或尚无获批成本来源登记；未读取当前费率/盘口/账户信息,登记带来源、时间、版本、数据截止和可见性证据的手续费、价差、深度、冲击、资金费率、延迟和可成交量；重新发布批次
cost-20260805T014911+0800-26f68554e23b,DS-000100,ETH,ZI-743a833f1fa4bc66ed849c8d,未判定,未判定,未判定,未判定,未判定,未判定（仅允许4小时/8小时/24小时/48小时）,未判定,无法判定,无法判定（成本来源未登记）,无法判定,无法判定,无法判定,无法判定,无法判定,无法判定,无法判定,未判定,未判定,cost-execution-1.0,ca7102ef54f4c2b190484871e99401aef601fecad5b7ca08b8144fb0c8d629d5,c192f838b494bab5124e14d240bb40b26e5f8d47d09ed7293868709b0445edd7,cd0b68a632f63d27d7a3ffafd4b6aa8eda0c98b8a802a22ff3de1e73142fc2cc,无法判定,cost_source_missing,任务-000032输入身份漂移，或尚无获批成本来源登记；未读取当前费率/盘口/账户信息,登记带来源、时间、版本、数据截止和可见性证据的手续费、价差、深度、冲击、资金费率、延迟和可成交量；重新发布批次
cost-20260805T014911+0800-26f68554e23b,DS-000101,BTC,ZI-ca9e45ea48cbd23828cbf7c1,未判定,未判定,未判定,未判定,未判定,未判定（仅允许4小时/8小时/24小时/48小时）,未判定,无法判定,无法判定（成本来源未登记）,无法判定,无法判定,无法判定,无法判定,无法判定,无法判定,无法判定,未判定,未判定,cost-execution-1.0,ca7102ef54f4c2b190484871e99401aef601fecad5b7ca08b8144fb0c8d629d5,e6ed1e6552be15779460f4bb25a3466114d3d5f79e9ed53efe4eb95efc687856,a60f2ad3fbb20b0ec8d33b217c54e5f82526d7609e823347b9b78133c73e8197,无法判定,cost_source_missing,任务-000032输入身份漂移，或尚无获批成本来源登记；未读取当前费率/盘口/账户信息,登记带来源、时间、版本、数据截止和可见性证据的手续费、价差、深度、冲击、资金费率、延迟和可成交量；重新发布批次
cost-20260805T014911+0800-26f68554e23b,DS-000101,ETH,ZI-dd87780399e2768f46489851,未判定,未判定,未判定,未判定,未判定,未判定（仅允许4小时/8小时/24小时/48小时）,未判定,无法判定,无法判定（成本来源未登记）,无法判定,无法判定,无法判定,无法判定,无法判定,无法判定,无法判定,未判定,未判定,cost-execution-1.0,ca7102ef54f4c2b190484871e99401aef601fecad5b7ca08b8144fb0c8d629d5,e6ed1e6552be15779460f4bb25a3466114d3d5f79e9ed53efe4eb95efc687856,5d1f45822f01f7a06d921b3a4779dd4c7c07e0fbcc287f64fe61011991db82d9,无法判定,cost_source_missing,任务-000032输入身份漂移，或尚无获批成本来源登记；未读取当前费率/盘口/账户信息,登记带来源、时间、版本、数据截止和可见性证据的手续费、价差、深度、冲击、资金费率、延迟和可成交量；重新发布批次
cost-20260805T014911+0800-26f68554e23b,DS-000102,BTC,ZI-83194da27e2588c646f0c067,未判定,未判定,未判定,未判定,未判定,未判定（仅允许4小时/8小时/24小时/48小时）,未判定,无法判定,无法判定（成本来源未登记）,无法判定,无法判定,无法判定,无法判定,无法判定,无法判定,无法判定,未判定,未判定,cost-execution-1.0,ca7102ef54f4c2b190484871e99401aef601fecad5b7ca08b8144fb0c8d629d5,c31c2946531c715f26ff4b30d2db07f2f4eff9dc1ebba01e1bde6466bea5808c,00c021db33f3e95d7df7b3ffa8e526351a358467007362293849bd8f33ba13c0,无法判定,cost_source_missing,任务-000032输入身份漂移，或尚无获批成本来源登记；未读取当前费率/盘口/账户信息,登记带来源、时间、版本、数据截止和可见性证据的手续费、价差、深度、冲击、资金费率、延迟和可成交量；重新发布批次
cost-20260805T014911+0800-26f68554e23b,DS-000102,ETH,ZI-7deee960deaf332a7fb18c84,未判定,未判定,未判定,未判定,未判定,未判定（仅允许4小时/8小时/24小时/48小时）,未判定,无法判定,无法判定（成本来源未登记）,无法判定,无法判定,无法判定,无法判定,无法判定,无法判定,无法判定,未判定,未判定,cost-execution-1.0,ca7102ef54f4c2b190484871e99401aef601fecad5b7ca08b8144fb0c8d629d5,c31c2946531c715f26ff4b30d2db07f2f4eff9dc1ebba01e1bde6466bea5808c,9106f597bea4cdc406624e87d96b9a1602df43d328d7638f807384982761b6cc,无法判定,cost_source_missing,任务-000032输入身份漂移，或尚无获批成本来源登记；未读取当前费率/盘口/账户信息,登记带来源、时间、版本、数据截止和可见性证据的手续费、价差、深度、冲击、资金费率、延迟和可成交量；重新发布批次
cost-20260805T014911+0800-26f68554e23b,DS-000103,BTC,ZI-79e649e4f49291fd4b439afc,未判定,未判定,未判定,未判定,未判定,未判定（仅允许4小时/8小时/24小时/48小时）,未判定,无法判定,无法判定（成本来源未登记）,无法判定,无法判定,无法判定,无法判定,无法判定,无法判定,无法判定,未判定,未判定,cost-execution-1.0,ca7102ef54f4c2b190484871e99401aef601fecad5b7ca08b8144fb0c8d629d5,4e66c8a93f27452253e9eb3aa3938c5bba6d1cc37e5726e3406593e373e159ef,e5f2effc50b91c1d751d96a0d09e22706a76696dc01f651db11a3678f88ebc3f,无法判定,cost_source_missing,任务-000032输入身份漂移，或尚无获批成本来源登记；未读取当前费率/盘口/账户信息,登记带来源、时间、版本、数据截止和可见性证据的手续费、价差、深度、冲击、资金费率、延迟和可成交量；重新发布批次
cost-20260805T014911+0800-26f68554e23b,DS-000103,ETH,ZI-a493b07d62fd443bdd97d178,未判定,未判定,未判定,未判定,未判定,未判定（仅允许4小时/8小时/24小时/48小时）,未判定,无法判定,无法判定（成本来源未登记）,无法判定,无法判定,无法判定,无法判定,无法判定,无法判定,无法判定,未判定,未判定,cost-execution-1.0,ca7102ef54f4c2b190484871e99401aef601fecad5b7ca08b8144fb0c8d629d5,4e66c8a93f27452253e9eb3aa3938c5bba6d1cc37e5726e3406593e373e159ef,b0fdeec8c0d52519994912e4e79a24db92e6090ae4944437e1edbae85bb75c82,无法判定,cost_source_missing,任务-000032输入身份漂移，或尚无获批成本来源登记；未读取当前费率/盘口/账户信息,登记带来源、时间、版本、数据截止和可见性证据的手续费、价差、深度、冲击、资金费率、延迟和可成交量；重新发布批次
cost-20260805T014911+0800-26f68554e23b,DS-000104,BTC,ZI-d4cca3ff9c910b0cb170853b,未判定,未判定,未判定,未判定,未判定,未判定（仅允许4小时/8小时/24小时/48小时）,未判定,无法判定,无法判定（成本来源未登记）,无法判定,无法判定,无法判定,无法判定,无法判定,无法判定,无法判定,未判定,未判定,cost-execution-1.0,ca7102ef54f4c2b190484871e99401aef601fecad5b7ca08b8144fb0c8d629d5,9409a99b56efdeda6cc778a358e0bf504b53a51ba982fc7c2bb89836b4b5a42e,a6a09460ff0f393eb3e2a603fcf20145e3270df81f5c081729e1e64e95ea4a49,无法判定,cost_source_missing,任务-000032输入身份漂移，或尚无获批成本来源登记；未读取当前费率/盘口/账户信息,登记带来源、时间、版本、数据截止和可见性证据的手续费、价差、深度、冲击、资金费率、延迟和可成交量；重新发布批次
cost-20260805T014911+0800-26f68554e23b,DS-000104,ETH,ZI-e84f5005324efc7b720a762c,未判定,未判定,未判定,未判定,未判定,未判定（仅允许4小时/8小时/24小时/48小时）,未判定,无法判定,无法判定（成本来源未登记）,无法判定,无法判定,无法判定,无法判定,无法判定,无法判定,无法判定,未判定,未判定,cost-execution-1.0,ca7102ef54f4c2b190484871e99401aef601fecad5b7ca08b8144fb0c8d629d5,9409a99b56efdeda6cc778a358e0bf504b53a51ba982fc7c2bb89836b4b5a42e,77bd91a8e2958e4db16869d6d9308ba738ad1d078b8d5d6fd1de202b350bab48,无法判定,cost_source_missing,任务-000032输入身份漂移，或尚无获批成本来源登记；未读取当前费率/盘口/账户信息,登记带来源、时间、版本、数据截止和可见性证据的手续费、价差、深度、冲击、资金费率、延迟和可成交量；重新发布批次
cost-20260805T014911+0800-26f68554e23b,DS-000105,BTC,ZI-d4c476126bfea2ff99705d12,未判定,未判定,未判定,未判定,未判定,未判定（仅允许4小时/8小时/24小时/48小时）,未判定,无法判定,无法判定（成本来源未登记）,无法判定,无法判定,无法判定,无法判定,无法判定,无法判定,无法判定,未判定,未判定,cost-execution-1.0,ca7102ef54f4c2b190484871e99401aef601fecad5b7ca08b8144fb0c8d629d5,592b7720e08c02dc97dd87485e2ddcf40c393047696dcd3d75441041c9398f54,6eee1f017d46bc29c42f522a97ffad24842de427d0e8adaf3a569dbc3f9e093d,无法判定,cost_source_missing,任务-000032输入身份漂移，或尚无获批成本来源登记；未读取当前费率/盘口/账户信息,登记带来源、时间、版本、数据截止和可见性证据的手续费、价差、深度、冲击、资金费率、延迟和可成交量；重新发布批次
cost-20260805T014911+0800-26f68554e23b,DS-000105,ETH,ZI-19e19ce30e7439b2c988cfa6,未判定,未判定,未判定,未判定,未判定,未判定（仅允许4小时/8小时/24小时/48小时）,未判定,无法判定,无法判定（成本来源未登记）,无法判定,无法判定,无法判定,无法判定,无法判定,无法判定,无法判定,未判定,未判定,cost-execution-1.0,ca7102ef54f4c2b190484871e99401aef601fecad5b7ca08b8144fb0c8d629d5,592b7720e08c02dc97dd87485e2ddcf40c393047696dcd3d75441041c9398f54,a829baa0224d148cc37ede030284050c021f2315f87124f5fb1d449f74eb24c8,无法判定,cost_source_missing,任务-000032输入身份漂移，或尚无获批成本来源登记；未读取当前费率/盘口/账户信息,登记带来源、时间、版本、数据截止和可见性证据的手续费、价差、深度、冲击、资金费率、延迟和可成交量；重新发布批次
cost-20260805T014911+0800-26f68554e23b,DS-000106,BTC,ZI-9caa14db165dab9ae3f80a1b,未判定,未判定,未判定,未判定,未判定,未判定（仅允许4小时/8小时/24小时/48小时）,未判定,无法判定,无法判定（成本来源未登记）,无法判定,无法判定,无法判定,无法判定,无法判定,无法判定,无法判定,未判定,未判定,cost-execution-1.0,ca7102ef54f4c2b190484871e99401aef601fecad5b7ca08b8144fb0c8d629d5,933e22fd9616ea4d20fcb9fe05d82a287425d9280be2e8c743948c64858b4c92,d244d8db63fd2f4039fa8c63db5fd4a6e99b83922c73cc1f28d696cd8f2bc749,无法判定,cost_source_missing,任务-000032输入身份漂移，或尚无获批成本来源登记；未读取当前费率/盘口/账户信息,登记带来源、时间、版本、数据截止和可见性证据的手续费、价差、深度、冲击、资金费率、延迟和可成交量；重新发布批次
cost-20260805T014911+0800-26f68554e23b,DS-000106,ETH,ZI-291baf907867fa7c649cb7b1,未判定,未判定,未判定,未判定,未判定,未判定（仅允许4小时/8小时/24小时/48小时）,未判定,无法判定,无法判定（成本来源未登记）,无法判定,无法判定,无法判定,无法判定,无法判定,无法判定,无法判定,未判定,未判定,cost-execution-1.0,ca7102ef54f4c2b190484871e99401aef601fecad5b7ca08b8144fb0c8d629d5,933e22fd9616ea4d20fcb9fe05d82a287425d9280be2e8c743948c64858b4c92,28aa8e7a898ef69d77d5b35130346570b83d5537b22dd628628ea367d09a364e,无法判定,cost_source_missing,任务-000032输入身份漂移，或尚无获批成本来源登记；未读取当前费率/盘口/账户信息,登记带来源、时间、版本、数据截止和可见性证据的手续费、价差、深度、冲击、资金费率、延迟和可成交量；重新发布批次
cost-20260805T014911+0800-26f68554e23b,DS-000107,BTC,ZI-9d8ef07dfb35083bea918b61,未判定,未判定,未判定,未判定,未判定,未判定（仅允许4小时/8小时/24小时/48小时）,未判定,无法判定,无法判定（成本来源未登记）,无法判定,无法判定,无法判定,无法判定,无法判定,无法判定,无法判定,未判定,未判定,cost-execution-1.0,ca7102ef54f4c2b190484871e99401aef601fecad5b7ca08b8144fb0c8d629d5,aec1f5ea97c5827edb89d40f8ae04f9ba1209b07f33d0c234b7554f10797a3e9,cc875734a9628cadc6a835d49f82316c4085a34a73fe635e37ff220be49aa9a2,无法判定,cost_source_missing,任务-000032输入身份漂移，或尚无获批成本来源登记；未读取当前费率/盘口/账户信息,登记带来源、时间、版本、数据截止和可见性证据的手续费、价差、深度、冲击、资金费率、延迟和可成交量；重新发布批次
cost-20260805T014911+0800-26f68554e23b,DS-000107,ETH,ZI-6f787d1796ce9df86089ddcc,未判定,未判定,未判定,未判定,未判定,未判定（仅允许4小时/8小时/24小时/48小时）,未判定,无法判定,无法判定（成本来源未登记）,无法判定,无法判定,无法判定,无法判定,无法判定,无法判定,无法判定,未判定,未判定,cost-execution-1.0,ca7102ef54f4c2b190484871e99401aef601fecad5b7ca08b8144fb0c8d629d5,aec1f5ea97c5827edb89d40f8ae04f9ba1209b07f33d0c234b7554f10797a3e9,37ea978ee51c4c72c11fba273ffb18fd48c3b08502223bb41b4c905d5f9aa78a,无法判定,cost_source_missing,任务-000032输入身份漂移，或尚无获批成本来源登记；未读取当前费率/盘口/账户信息,登记带来源、时间、版本、数据截止和可见性证据的手续费、价差、深度、冲击、资金费率、延迟和可成交量；重新发布批次
cost-20260805T014911+0800-26f68554e23b,DS-000108,BTC,ZI-60e1d87f679840a6bcbfd6c7,未判定,未判定,未判定,未判定,未判定,未判定（仅允许4小时/8小时/24小时/48小时）,未判定,无法判定,无法判定（成本来源未登记）,无法判定,无法判定,无法判定,无法判定,无法判定,无法判定,无法判定,未判定,未判定,cost-execution-1.0,ca7102ef54f4c2b190484871e99401aef601fecad5b7ca08b8144fb0c8d629d5,9a423fba853a64847fea334498a2dc8dc2fa1332588f69995ffc7fe0562d57d8,b9774d8db540508373693a9c8469efe58cba4d780fe956dab1d08c26d236a2fb,无法判定,cost_source_missing,任务-000032输入身份漂移，或尚无获批成本来源登记；未读取当前费率/盘口/账户信息,登记带来源、时间、版本、数据截止和可见性证据的手续费、价差、深度、冲击、资金费率、延迟和可成交量；重新发布批次
cost-20260805T014911+0800-26f68554e23b,DS-000108,ETH,ZI-b00286467d2ee7ccd3b8f3ba,未判定,未判定,未判定,未判定,未判定,未判定（仅允许4小时/8小时/24小时/48小时）,未判定,无法判定,无法判定（成本来源未登记）,无法判定,无法判定,无法判定,无法判定,无法判定,无法判定,无法判定,未判定,未判定,cost-execution-1.0,ca7102ef54f4c2b190484871e99401aef601fecad5b7ca08b8144fb0c8d629d5,9a423fba853a64847fea334498a2dc8dc2fa1332588f69995ffc7fe0562d57d8,e0b31141dca8f3aa7b5a9526bea88d3a60ff5639bd078e094ae411fc6d3ac67a,无法判定,cost_source_missing,任务-000032输入身份漂移，或尚无获批成本来源登记；未读取当前费率/盘口/账户信息,登记带来源、时间、版本、数据截止和可见性证据的手续费、价差、深度、冲击、资金费率、延迟和可成交量；重新发布批次
cost-20260805T014911+0800-26f68554e23b,DS-000109,BTC,ZI-23a62a21a44ede3557e3b62c,未判定,未判定,未判定,未判定,未判定,未判定（仅允许4小时/8小时/24小时/48小时）,未判定,无法判定,无法判定（成本来源未登记）,无法判定,无法判定,无法判定,无法判定,无法判定,无法判定,无法判定,未判定,未判定,cost-execution-1.0,ca7102ef54f4c2b190484871e99401aef601fecad5b7ca08b8144fb0c8d629d5,d388c406f12027a44b6a4b0905633d3abf0063b3f00f6c5f8026c9032e31c093,838b30e8d930852c2c950d0cb3e122be73f2859ce4058541d9b878cbcd85b9a4,无法判定,cost_source_missing,任务-000032输入身份漂移，或尚无获批成本来源登记；未读取当前费率/盘口/账户信息,登记带来源、时间、版本、数据截止和可见性证据的手续费、价差、深度、冲击、资金费率、延迟和可成交量；重新发布批次
cost-20260805T014911+0800-26f68554e23b,DS-000109,ETH,ZI-3fd7398488e745c2955a3082,未判定,未判定,未判定,未判定,未判定,未判定（仅允许4小时/8小时/24小时/48小时）,未判定,无法判定,无法判定（成本来源未登记）,无法判定,无法判定,无法判定,无法判定,无法判定,无法判定,无法判定,未判定,未判定,cost-execution-1.0,ca7102ef54f4c2b190484871e99401aef601fecad5b7ca08b8144fb0c8d629d5,d388c406f12027a44b6a4b0905633d3abf0063b3f00f6c5f8026c9032e31c093,28f4c1a231df3cc6e5a4a199c0497c863c4685c7e71258d7249725fa03ddedc4,无法判定,cost_source_missing,任务-000032输入身份漂移，或尚无获批成本来源登记；未读取当前费率/盘口/账户信息,登记带来源、时间、版本、数据截止和可见性证据的手续费、价差、深度、冲击、资金费率、延迟和可成交量；重新发布批次
cost-20260805T014911+0800-26f68554e23b,DS-000110,BTC,ZI-4a5363d41dd3d54d7864611d,未判定,未判定,未判定,未判定,未判定,未判定（仅允许4小时/8小时/24小时/48小时）,未判定,无法判定,无法判定（成本来源未登记）,无法判定,无法判定,无法判定,无法判定,无法判定,无法判定,无法判定,未判定,未判定,cost-execution-1.0,ca7102ef54f4c2b190484871e99401aef601fecad5b7ca08b8144fb0c8d629d5,b9acf0a522716f5ed0e6ecd48ad51b2d9a3626edac922103ac5c2746f84cc2be,2f52a846820a849abb8367596f624afa7d0a1883a7ab75e6e7a9cfd747679f8b,无法判定,cost_source_missing,任务-000032输入身份漂移，或尚无获批成本来源登记；未读取当前费率/盘口/账户信息,登记带来源、时间、版本、数据截止和可见性证据的手续费、价差、深度、冲击、资金费率、延迟和可成交量；重新发布批次
cost-20260805T014911+0800-26f68554e23b,DS-000110,ETH,ZI-522f5f18a2c43298e44a26a4,未判定,未判定,未判定,未判定,未判定,未判定（仅允许4小时/8小时/24小时/48小时）,未判定,无法判定,无法判定（成本来源未登记）,无法判定,无法判定,无法判定,无法判定,无法判定,无法判定,无法判定,未判定,未判定,cost-execution-1.0,ca7102ef54f4c2b190484871e99401aef601fecad5b7ca08b8144fb0c8d629d5,b9acf0a522716f5ed0e6ecd48ad51b2d9a3626edac922103ac5c2746f84cc2be,77a6604e6eb4c8fd4eb6dc3a46f7b537ec5d714da0d70fb8a6cbd6a952c7a71f,无法判定,cost_source_missing,任务-000032输入身份漂移，或尚无获批成本来源登记；未读取当前费率/盘口/账户信息,登记带来源、时间、版本、数据截止和可见性证据的手续费、价差、深度、冲击、资金费率、延迟和可成交量；重新发布批次
cost-20260805T014911+0800-26f68554e23b,DS-000111,BTC,ZI-a56a5bf3335401e617db60ab,未判定,未判定,未判定,未判定,未判定,未判定（仅允许4小时/8小时/24小时/48小时）,未判定,无法判定,无法判定（成本来源未登记）,无法判定,无法判定,无法判定,无法判定,无法判定,无法判定,无法判定,未判定,未判定,cost-execution-1.0,ca7102ef54f4c2b190484871e99401aef601fecad5b7ca08b8144fb0c8d629d5,73e243ab87a3c261d56f4d2c2ba5428550c5b73f898a46526637671db3d52985,6a66b1b6ebefb02ade4b9a2a272d8e83b2a9ebe35488683a888ca80e60c40e39,无法判定,cost_source_missing,任务-000032输入身份漂移，或尚无获批成本来源登记；未读取当前费率/盘口/账户信息,登记带来源、时间、版本、数据截止和可见性证据的手续费、价差、深度、冲击、资金费率、延迟和可成交量；重新发布批次
cost-20260805T014911+0800-26f68554e23b,DS-000111,ETH,ZI-948caf7a69652dd732dcf038,未判定,未判定,未判定,未判定,未判定,未判定（仅允许4小时/8小时/24小时/48小时）,未判定,无法判定,无法判定（成本来源未登记）,无法判定,无法判定,无法判定,无法判定,无法判定,无法判定,无法判定,未判定,未判定,cost-execution-1.0,ca7102ef54f4c2b190484871e99401aef601fecad5b7ca08b8144fb0c8d629d5,73e243ab87a3c261d56f4d2c2ba5428550c5b73f898a46526637671db3d52985,33df1752e15222c06c370b5ec7cb598d2e580c1f886876c1b4a5c206dae751ee,无法判定,cost_source_missing,任务-000032输入身份漂移，或尚无获批成本来源登记；未读取当前费率/盘口/账户信息,登记带来源、时间、版本、数据截止和可见性证据的手续费、价差、深度、冲击、资金费率、延迟和可成交量；重新发布批次
cost-20260805T014911+0800-26f68554e23b,DS-000112,BTC,ZI-285a4482ac5802699bf8a1ea,未判定,未判定,未判定,未判定,未判定,未判定（仅允许4小时/8小时/24小时/48小时）,未判定,无法判定,无法判定（成本来源未登记）,无法判定,无法判定,无法判定,无法判定,无法判定,无法判定,无法判定,未判定,未判定,cost-execution-1.0,ca7102ef54f4c2b190484871e99401aef601fecad5b7ca08b8144fb0c8d629d5,2182f95108dad5bbfe66558fe2c60073ec3afc3ab4e9aaf6bc37757ae15370b6,c2ce5d3c8299547e04f545b71960450d67173e9b9fe35670a94eb2d07c4665a4,无法判定,cost_source_missing,任务-000032输入身份漂移，或尚无获批成本来源登记；未读取当前费率/盘口/账户信息,登记带来源、时间、版本、数据截止和可见性证据的手续费、价差、深度、冲击、资金费率、延迟和可成交量；重新发布批次
cost-20260805T014911+0800-26f68554e23b,DS-000112,ETH,ZI-124ef7ebc1f1526ac48dfd87,未判定,未判定,未判定,未判定,未判定,未判定（仅允许4小时/8小时/24小时/48小时）,未判定,无法判定,无法判定（成本来源未登记）,无法判定,无法判定,无法判定,无法判定,无法判定,无法判定,无法判定,未判定,未判定,cost-execution-1.0,ca7102ef54f4c2b190484871e99401aef601fecad5b7ca08b8144fb0c8d629d5,2182f95108dad5bbfe66558fe2c60073ec3afc3ab4e9aaf6bc37757ae15370b6,18168835d07bab87decaa26a4f6884e0ec23eb9b124213da8e14219269fcfa2c,无法判定,cost_source_missing,任务-000032输入身份漂移，或尚无获批成本来源登记；未读取当前费率/盘口/账户信息,登记带来源、时间、版本、数据截止和可见性证据的手续费、价差、深度、冲击、资金费率、延迟和可成交量；重新发布批次
cost-20260805T014911+0800-26f68554e23b,DS-000113,BTC,ZI-c368ec0a8284d3c172eda1a2,未判定,未判定,未判定,未判定,未判定,未判定（仅允许4小时/8小时/24小时/48小时）,未判定,无法判定,无法判定（成本来源未登记）,无法判定,无法判定,无法判定,无法判定,无法判定,无法判定,无法判定,未判定,未判定,cost-execution-1.0,ca7102ef54f4c2b190484871e99401aef601fecad5b7ca08b8144fb0c8d629d5,7d9e56b0c4d2beccc1706ffae8f8224a698693ad3a7121e684f5f542793b53fd,14a3f24ed7f8a63029444375b358e6805fcdbaef1bf417cddae3d0e134ad7eb3,无法判定,cost_source_missing,任务-000032输入身份漂移，或尚无获批成本来源登记；未读取当前费率/盘口/账户信息,登记带来源、时间、版本、数据截止和可见性证据的手续费、价差、深度、冲击、资金费率、延迟和可成交量；重新发布批次
cost-20260805T014911+0800-26f68554e23b,DS-000113,ETH,ZI-b71a6fbf1eb839e99aabcaa0,未判定,未判定,未判定,未判定,未判定,未判定（仅允许4小时/8小时/24小时/48小时）,未判定,无法判定,无法判定（成本来源未登记）,无法判定,无法判定,无法判定,无法判定,无法判定,无法判定,无法判定,未判定,未判定,cost-execution-1.0,ca7102ef54f4c2b190484871e99401aef601fecad5b7ca08b8144fb0c8d629d5,7d9e56b0c4d2beccc1706ffae8f8224a698693ad3a7121e684f5f542793b53fd,0073fa9544f34e1deeef95add356cea68ab47546f1165099fe6f1c002331ddf8,无法判定,cost_source_missing,任务-000032输入身份漂移，或尚无获批成本来源登记；未读取当前费率/盘口/账户信息,登记带来源、时间、版本、数据截止和可见性证据的手续费、价差、深度、冲击、资金费率、延迟和可成交量；重新发布批次
cost-20260805T014911+0800-26f68554e23b,DS-000114,BTC,ZI-f8745dbb71ac15767ca8d9c1,未判定,未判定,未判定,未判定,未判定,未判定（仅允许4小时/8小时/24小时/48小时）,未判定,无法判定,无法判定（成本来源未登记）,无法判定,无法判定,无法判定,无法判定,无法判定,无法判定,无法判定,未判定,未判定,cost-execution-1.0,ca7102ef54f4c2b190484871e99401aef601fecad5b7ca08b8144fb0c8d629d5,eb59743f934519f97b7213250d4b700866640f15a9fa00872384a8c020ab91a4,829dff7611eb42efba52599280974d43aebd642b4e9ee3006a1e9a5e429cd14e,无法判定,cost_source_missing,任务-000032输入身份漂移，或尚无获批成本来源登记；未读取当前费率/盘口/账户信息,登记带来源、时间、版本、数据截止和可见性证据的手续费、价差、深度、冲击、资金费率、延迟和可成交量；重新发布批次
cost-20260805T014911+0800-26f68554e23b,DS-000114,ETH,ZI-fb8eceb7174d542153f29b96,未判定,未判定,未判定,未判定,未判定,未判定（仅允许4小时/8小时/24小时/48小时）,未判定,无法判定,无法判定（成本来源未登记）,无法判定,无法判定,无法判定,无法判定,无法判定,无法判定,无法判定,未判定,未判定,cost-execution-1.0,ca7102ef54f4c2b190484871e99401aef601fecad5b7ca08b8144fb0c8d629d5,eb59743f934519f97b7213250d4b700866640f15a9fa00872384a8c020ab91a4,03c8a3955de6256e6d0276838c78185a05b0d0c49292125b8d767430c56afe95,无法判定,cost_source_missing,任务-000032输入身份漂移，或尚无获批成本来源登记；未读取当前费率/盘口/账户信息,登记带来源、时间、版本、数据截止和可见性证据的手续费、价差、深度、冲击、资金费率、延迟和可成交量；重新发布批次
cost-20260805T014911+0800-26f68554e23b,DS-000115,BTC,ZI-31961eda688bb5aee6575300,未判定,未判定,未判定,未判定,未判定,未判定（仅允许4小时/8小时/24小时/48小时）,未判定,无法判定,无法判定（成本来源未登记）,无法判定,无法判定,无法判定,无法判定,无法判定,无法判定,无法判定,未判定,未判定,cost-execution-1.0,ca7102ef54f4c2b190484871e99401aef601fecad5b7ca08b8144fb0c8d629d5,46ab5b6e57296b36db8525043000f9cc3c73e9fd02f12053829c2297d6a2b29c,773ac9cd7c01dae6380816800cd2e2ef93d00b751afb28667471ba4c24b603e3,无法判定,cost_source_missing,任务-000032输入身份漂移，或尚无获批成本来源登记；未读取当前费率/盘口/账户信息,登记带来源、时间、版本、数据截止和可见性证据的手续费、价差、深度、冲击、资金费率、延迟和可成交量；重新发布批次
cost-20260805T014911+0800-26f68554e23b,DS-000115,ETH,ZI-6cadad29dd1db87bcef7f5c6,未判定,未判定,未判定,未判定,未判定,未判定（仅允许4小时/8小时/24小时/48小时）,未判定,无法判定,无法判定（成本来源未登记）,无法判定,无法判定,无法判定,无法判定,无法判定,无法判定,无法判定,未判定,未判定,cost-execution-1.0,ca7102ef54f4c2b190484871e99401aef601fecad5b7ca08b8144fb0c8d629d5,46ab5b6e57296b36db8525043000f9cc3c73e9fd02f12053829c2297d6a2b29c,41830a0881bed8476c7e9e0d62ddf6dea6ec0a74f7cb2a46f524c4e66e109928,无法判定,cost_source_missing,任务-000032输入身份漂移，或尚无获批成本来源登记；未读取当前费率/盘口/账户信息,登记带来源、时间、版本、数据截止和可见性证据的手续费、价差、深度、冲击、资金费率、延迟和可成交量；重新发布批次
cost-20260805T014911+0800-26f68554e23b,DS-000116,BTC,ZI-b38d3520cb51796d72c37eb0,未判定,未判定,未判定,未判定,未判定,未判定（仅允许4小时/8小时/24小时/48小时）,未判定,无法判定,无法判定（成本来源未登记）,无法判定,无法判定,无法判定,无法判定,无法判定,无法判定,无法判定,未判定,未判定,cost-execution-1.0,ca7102ef54f4c2b190484871e99401aef601fecad5b7ca08b8144fb0c8d629d5,ad7d5b1e585878a19a6ed7756a624a4d632d3cab39026069988a7d6140a23959,30a0f4b7272fb6298b06a4113efcdc74b47f27b52eb5a9d275fbecfa2e064a0d,无法判定,cost_source_missing,任务-000032输入身份漂移，或尚无获批成本来源登记；未读取当前费率/盘口/账户信息,登记带来源、时间、版本、数据截止和可见性证据的手续费、价差、深度、冲击、资金费率、延迟和可成交量；重新发布批次
cost-20260805T014911+0800-26f68554e23b,DS-000116,ETH,ZI-a43c980922ba474cc2a6b934,未判定,未判定,未判定,未判定,未判定,未判定（仅允许4小时/8小时/24小时/48小时）,未判定,无法判定,无法判定（成本来源未登记）,无法判定,无法判定,无法判定,无法判定,无法判定,无法判定,无法判定,未判定,未判定,cost-execution-1.0,ca7102ef54f4c2b190484871e99401aef601fecad5b7ca08b8144fb0c8d629d5,ad7d5b1e585878a19a6ed7756a624a4d632d3cab39026069988a7d6140a23959,cac79a9d3661f59c24286cd0a0ebf0880874e730f2ef97b7482b3596e2ab9a04,无法判定,cost_source_missing,任务-000032输入身份漂移，或尚无获批成本来源登记；未读取当前费率/盘口/账户信息,登记带来源、时间、版本、数据截止和可见性证据的手续费、价差、深度、冲击、资金费率、延迟和可成交量；重新发布批次
cost-20260805T014911+0800-26f68554e23b,DS-000117,BTC,ZI-5ea466fcde39bb4c70c5a187,未判定,未判定,未判定,未判定,未判定,未判定（仅允许4小时/8小时/24小时/48小时）,未判定,无法判定,无法判定（成本来源未登记）,无法判定,无法判定,无法判定,无法判定,无法判定,无法判定,无法判定,未判定,未判定,cost-execution-1.0,ca7102ef54f4c2b190484871e99401aef601fecad5b7ca08b8144fb0c8d629d5,e9f2431389c0c305a32a0f3498bb487bc9fb313e768e466ebe60053edcf30197,d03bc6f86ff9f8d1afa0059ba4dffb6722076045588f5ae5e090100afe6c5516,无法判定,cost_source_missing,任务-000032输入身份漂移，或尚无获批成本来源登记；未读取当前费率/盘口/账户信息,登记带来源、时间、版本、数据截止和可见性证据的手续费、价差、深度、冲击、资金费率、延迟和可成交量；重新发布批次
cost-20260805T014911+0800-26f68554e23b,DS-000117,ETH,ZI-d95e5bea4bd8595d0a07f87d,未判定,未判定,未判定,未判定,未判定,未判定（仅允许4小时/8小时/24小时/48小时）,未判定,无法判定,无法判定（成本来源未登记）,无法判定,无法判定,无法判定,无法判定,无法判定,无法判定,无法判定,未判定,未判定,cost-execution-1.0,ca7102ef54f4c2b190484871e99401aef601fecad5b7ca08b8144fb0c8d629d5,e9f2431389c0c305a32a0f3498bb487bc9fb313e768e466ebe60053edcf30197,3de26f97b4b3c42db161899b0c973e3c032122b6436221cc3971340fbbc6690a,无法判定,cost_source_missing,任务-000032输入身份漂移，或尚无获批成本来源登记；未读取当前费率/盘口/账户信息,登记带来源、时间、版本、数据截止和可见性证据的手续费、价差、深度、冲击、资金费率、延迟和可成交量；重新发布批次
cost-20260805T014911+0800-26f68554e23b,DS-000118,BTC,ZI-2840b60ae29f6da1116b00b7,未判定,未判定,未判定,未判定,未判定,未判定（仅允许4小时/8小时/24小时/48小时）,未判定,无法判定,无法判定（成本来源未登记）,无法判定,无法判定,无法判定,无法判定,无法判定,无法判定,无法判定,未判定,未判定,cost-execution-1.0,ca7102ef54f4c2b190484871e99401aef601fecad5b7ca08b8144fb0c8d629d5,39f56e4a53066c1b120c0df76fc66c1e18aa1d332e9ee7c719f22bf27a0180f9,b794c572bbccb57554ce9ea2d26ba87d0b2f24e1c976bf397715ab86b78db19f,无法判定,cost_source_missing,任务-000032输入身份漂移，或尚无获批成本来源登记；未读取当前费率/盘口/账户信息,登记带来源、时间、版本、数据截止和可见性证据的手续费、价差、深度、冲击、资金费率、延迟和可成交量；重新发布批次
cost-20260805T014911+0800-26f68554e23b,DS-000118,ETH,ZI-a39e4477353ef09703296a10,未判定,未判定,未判定,未判定,未判定,未判定（仅允许4小时/8小时/24小时/48小时）,未判定,无法判定,无法判定（成本来源未登记）,无法判定,无法判定,无法判定,无法判定,无法判定,无法判定,无法判定,未判定,未判定,cost-execution-1.0,ca7102ef54f4c2b190484871e99401aef601fecad5b7ca08b8144fb0c8d629d5,39f56e4a53066c1b120c0df76fc66c1e18aa1d332e9ee7c719f22bf27a0180f9,2447d9d34ba5237b67ab3253f59de6c3c258794fde30da256abc5c9bcc6ec408,无法判定,cost_source_missing,任务-000032输入身份漂移，或尚无获批成本来源登记；未读取当前费率/盘口/账户信息,登记带来源、时间、版本、数据截止和可见性证据的手续费、价差、深度、冲击、资金费率、延迟和可成交量；重新发布批次
cost-20260805T014911+0800-26f68554e23b,DS-000119,BTC,ZI-d598b1a2b5c702f7087d23b1,未判定,未判定,未判定,未判定,未判定,未判定（仅允许4小时/8小时/24小时/48小时）,未判定,无法判定,无法判定（成本来源未登记）,无法判定,无法判定,无法判定,无法判定,无法判定,无法判定,无法判定,未判定,未判定,cost-execution-1.0,ca7102ef54f4c2b190484871e99401aef601fecad5b7ca08b8144fb0c8d629d5,d87982a5eb5adcb77df6bb280eb498c078dc08d589a06289601a061d263cc680,b3e34843f804b7a073720f0b3a5782a5199ae9800d8f038177487f1e7096bf48,无法判定,cost_source_missing,任务-000032输入身份漂移，或尚无获批成本来源登记；未读取当前费率/盘口/账户信息,登记带来源、时间、版本、数据截止和可见性证据的手续费、价差、深度、冲击、资金费率、延迟和可成交量；重新发布批次
cost-20260805T014911+0800-26f68554e23b,DS-000119,ETH,ZI-32308f1509c687cf0f344da5,未判定,未判定,未判定,未判定,未判定,未判定（仅允许4小时/8小时/24小时/48小时）,未判定,无法判定,无法判定（成本来源未登记）,无法判定,无法判定,无法判定,无法判定,无法判定,无法判定,无法判定,未判定,未判定,cost-execution-1.0,ca7102ef54f4c2b190484871e99401aef601fecad5b7ca08b8144fb0c8d629d5,d87982a5eb5adcb77df6bb280eb498c078dc08d589a06289601a061d263cc680,15ca350da0b8f76065db501b4f8fbcd0a3c0b1f9c7a4280cf5bafefcb416fd88,无法判定,cost_source_missing,任务-000032输入身份漂移，或尚无获批成本来源登记；未读取当前费率/盘口/账户信息,登记带来源、时间、版本、数据截止和可见性证据的手续费、价差、深度、冲击、资金费率、延迟和可成交量；重新发布批次
cost-20260805T014911+0800-26f68554e23b,DS-000120,BTC,ZI-3070d81b75f66c2b727c4439,未判定,未判定,未判定,未判定,未判定,未判定（仅允许4小时/8小时/24小时/48小时）,未判定,无法判定,无法判定（成本来源未登记）,无法判定,无法判定,无法判定,无法判定,无法判定,无法判定,无法判定,未判定,未判定,cost-execution-1.0,ca7102ef54f4c2b190484871e99401aef601fecad5b7ca08b8144fb0c8d629d5,70eabc01c64c2b3a075bf19718d0c1418ba7ba91055afb6c3259d313b55ed18c,20b0fb3aacba56a68999b832b219e1cb7b10e5d32906a5d0390b5a70d59eb5ab,无法判定,cost_source_missing,任务-000032输入身份漂移，或尚无获批成本来源登记；未读取当前费率/盘口/账户信息,登记带来源、时间、版本、数据截止和可见性证据的手续费、价差、深度、冲击、资金费率、延迟和可成交量；重新发布批次
cost-20260805T014911+0800-26f68554e23b,DS-000120,ETH,ZI-c8b657067197415203a4d0ab,未判定,未判定,未判定,未判定,未判定,未判定（仅允许4小时/8小时/24小时/48小时）,未判定,无法判定,无法判定（成本来源未登记）,无法判定,无法判定,无法判定,无法判定,无法判定,无法判定,无法判定,未判定,未判定,cost-execution-1.0,ca7102ef54f4c2b190484871e99401aef601fecad5b7ca08b8144fb0c8d629d5,70eabc01c64c2b3a075bf19718d0c1418ba7ba91055afb6c3259d313b55ed18c,4fe85ac57d33f280814e3cec6c7654156113f538c514b0477f551a71b0b7e585,无法判定,cost_source_missing,任务-000032输入身份漂移，或尚无获批成本来源登记；未读取当前费率/盘口/账户信息,登记带来源、时间、版本、数据截止和可见性证据的手续费、价差、深度、冲击、资金费率、延迟和可成交量；重新发布批次
cost-20260805T014911+0800-26f68554e23b,DS-000121,BTC,ZI-8413f0e6afa6b3430372a713,未判定,未判定,未判定,未判定,未判定,未判定（仅允许4小时/8小时/24小时/48小时）,未判定,无法判定,无法判定（成本来源未登记）,无法判定,无法判定,无法判定,无法判定,无法判定,无法判定,无法判定,未判定,未判定,cost-execution-1.0,ca7102ef54f4c2b190484871e99401aef601fecad5b7ca08b8144fb0c8d629d5,16350a5a55ce1a48bf67b1b1951dc1c60c1ee00f9a405c90f6bb89b718d4d638,1cc6918d93d648a9b683f4647ab8efc1e6a82783c7ebba9af5f04ec5b03624b3,无法判定,cost_source_missing,任务-000032输入身份漂移，或尚无获批成本来源登记；未读取当前费率/盘口/账户信息,登记带来源、时间、版本、数据截止和可见性证据的手续费、价差、深度、冲击、资金费率、延迟和可成交量；重新发布批次
cost-20260805T014911+0800-26f68554e23b,DS-000121,ETH,ZI-96e03b8dfd1417cc62d2f5c8,未判定,未判定,未判定,未判定,未判定,未判定（仅允许4小时/8小时/24小时/48小时）,未判定,无法判定,无法判定（成本来源未登记）,无法判定,无法判定,无法判定,无法判定,无法判定,无法判定,无法判定,未判定,未判定,cost-execution-1.0,ca7102ef54f4c2b190484871e99401aef601fecad5b7ca08b8144fb0c8d629d5,16350a5a55ce1a48bf67b1b1951dc1c60c1ee00f9a405c90f6bb89b718d4d638,49f14344ecbf82269a1fa5a4e069899a1327e7668a2af41498acb4940895d090,无法判定,cost_source_missing,任务-000032输入身份漂移，或尚无获批成本来源登记；未读取当前费率/盘口/账户信息,登记带来源、时间、版本、数据截止和可见性证据的手续费、价差、深度、冲击、资金费率、延迟和可成交量；重新发布批次
cost-20260805T014911+0800-26f68554e23b,DS-000122,BTC,ZI-ee6f15f9e39a4d9fcfce0cf5,未判定,未判定,未判定,未判定,未判定,未判定（仅允许4小时/8小时/24小时/48小时）,未判定,拒绝,拒绝（输入身份漂移）,拒绝,拒绝,拒绝,拒绝,拒绝,拒绝,拒绝,未判定,未判定,cost-execution-1.0,ca7102ef54f4c2b190484871e99401aef601fecad5b7ca08b8144fb0c8d629d5,a4ec6028234f44908e24848a08fdc8c7ec174be2be205954c0e8cb283f267684,4a6326ea96b3d31af48233d3ffa5693077416e4655f494eafe120ea81cdad66f,拒绝,input_identity_drift,任务-000032输入身份漂移，或尚无获批成本来源登记；未读取当前费率/盘口/账户信息,登记带来源、时间、版本、数据截止和可见性证据的手续费、价差、深度、冲击、资金费率、延迟和可成交量；重新发布批次
cost-20260805T014911+0800-26f68554e23b,DS-000122,ETH,ZI-9b6a6435fd0e4e93fdddcd4b,未判定,未判定,未判定,未判定,未判定,未判定（仅允许4小时/8小时/24小时/48小时）,未判定,拒绝,拒绝（输入身份漂移）,拒绝,拒绝,拒绝,拒绝,拒绝,拒绝,拒绝,未判定,未判定,cost-execution-1.0,ca7102ef54f4c2b190484871e99401aef601fecad5b7ca08b8144fb0c8d629d5,a4ec6028234f44908e24848a08fdc8c7ec174be2be205954c0e8cb283f267684,a363bb3a4b42ac49c2a9c1d06e1f6cbb25e0f36046279b355eb5584295f25b8b,拒绝,input_identity_drift,任务-000032输入身份漂移，或尚无获批成本来源登记；未读取当前费率/盘口/账户信息,登记带来源、时间、版本、数据截止和可见性证据的手续费、价差、深度、冲击、资金费率、延迟和可成交量；重新发布批次
cost-20260805T014911+0800-26f68554e23b,DS-000123,BTC,ZI-0437f9b494a20cb05341af1e,未判定,未判定,未判定,未判定,未判定,未判定（仅允许4小时/8小时/24小时/48小时）,未判定,无法判定,无法判定（成本来源未登记）,无法判定,无法判定,无法判定,无法判定,无法判定,无法判定,无法判定,未判定,未判定,cost-execution-1.0,ca7102ef54f4c2b190484871e99401aef601fecad5b7ca08b8144fb0c8d629d5,45059faa5fd87e03be27b185600616e0231c3b82d43fc9fd639eddb9515bc7d0,45d1d16daf1d0f3ff0bcdeca9e0bdc1e64d09c4f8f324432682d806123f3078a,无法判定,cost_source_missing,任务-000032输入身份漂移，或尚无获批成本来源登记；未读取当前费率/盘口/账户信息,登记带来源、时间、版本、数据截止和可见性证据的手续费、价差、深度、冲击、资金费率、延迟和可成交量；重新发布批次
cost-20260805T014911+0800-26f68554e23b,DS-000123,ETH,ZI-d916726616ac733d0fe5c86b,未判定,未判定,未判定,未判定,未判定,未判定（仅允许4小时/8小时/24小时/48小时）,未判定,无法判定,无法判定（成本来源未登记）,无法判定,无法判定,无法判定,无法判定,无法判定,无法判定,无法判定,未判定,未判定,cost-execution-1.0,ca7102ef54f4c2b190484871e99401aef601fecad5b7ca08b8144fb0c8d629d5,45059faa5fd87e03be27b185600616e0231c3b82d43fc9fd639eddb9515bc7d0,91ad04e563eabe9fed02eee18e23ac47327aabb9b3839709fd66ff3cd5ffc960,无法判定,cost_source_missing,任务-000032输入身份漂移，或尚无获批成本来源登记；未读取当前费率/盘口/账户信息,登记带来源、时间、版本、数据截止和可见性证据的手续费、价差、深度、冲击、资金费率、延迟和可成交量；重新发布批次
cost-20260805T014911+0800-26f68554e23b,DS-000124,BTC,ZI-ee00f9dd25503d2600ed08e3,未判定,未判定,未判定,未判定,未判定,未判定（仅允许4小时/8小时/24小时/48小时）,未判定,无法判定,无法判定（成本来源未登记）,无法判定,无法判定,无法判定,无法判定,无法判定,无法判定,无法判定,未判定,未判定,cost-execution-1.0,ca7102ef54f4c2b190484871e99401aef601fecad5b7ca08b8144fb0c8d629d5,64bdea92833049d782bb527c2701f6f7003636aca578257b9db25d0a239d7756,27cece1c58b43348ee404745a667b1f7f205f462dfad371ef2e2f38b3834f414,无法判定,cost_source_missing,任务-000032输入身份漂移，或尚无获批成本来源登记；未读取当前费率/盘口/账户信息,登记带来源、时间、版本、数据截止和可见性证据的手续费、价差、深度、冲击、资金费率、延迟和可成交量；重新发布批次
cost-20260805T014911+0800-26f68554e23b,DS-000124,ETH,ZI-ae71724e7b86bd2429dfecb6,未判定,未判定,未判定,未判定,未判定,未判定（仅允许4小时/8小时/24小时/48小时）,未判定,无法判定,无法判定（成本来源未登记）,无法判定,无法判定,无法判定,无法判定,无法判定,无法判定,无法判定,未判定,未判定,cost-execution-1.0,ca7102ef54f4c2b190484871e99401aef601fecad5b7ca08b8144fb0c8d629d5,64bdea92833049d782bb527c2701f6f7003636aca578257b9db25d0a239d7756,14012970fe76a94759b0189dcde6c68547a37f18322ba58623a89babe602320d,无法判定,cost_source_missing,任务-000032输入身份漂移，或尚无获批成本来源登记；未读取当前费率/盘口/账户信息,登记带来源、时间、版本、数据截止和可见性证据的手续费、价差、深度、冲击、资金费率、延迟和可成交量；重新发布批次
cost-20260805T014911+0800-26f68554e23b,DS-000125,BTC,ZI-e98fd2a2d5d0df09bc9937cb,未判定,未判定,未判定,未判定,未判定,未判定（仅允许4小时/8小时/24小时/48小时）,未判定,无法判定,无法判定（成本来源未登记）,无法判定,无法判定,无法判定,无法判定,无法判定,无法判定,无法判定,未判定,未判定,cost-execution-1.0,ca7102ef54f4c2b190484871e99401aef601fecad5b7ca08b8144fb0c8d629d5,d23e9ca8611b42a995823b686e23de7d2cb67575fac39a80f86c7f4c9b910c07,a29ef5ff7841456c6981d26d4267d77bb5662df04396ce9836364c28cf9ab365,无法判定,cost_source_missing,任务-000032输入身份漂移，或尚无获批成本来源登记；未读取当前费率/盘口/账户信息,登记带来源、时间、版本、数据截止和可见性证据的手续费、价差、深度、冲击、资金费率、延迟和可成交量；重新发布批次
cost-20260805T014911+0800-26f68554e23b,DS-000125,ETH,ZI-a1c2af0e2150cb725d7922b3,未判定,未判定,未判定,未判定,未判定,未判定（仅允许4小时/8小时/24小时/48小时）,未判定,无法判定,无法判定（成本来源未登记）,无法判定,无法判定,无法判定,无法判定,无法判定,无法判定,无法判定,未判定,未判定,cost-execution-1.0,ca7102ef54f4c2b190484871e99401aef601fecad5b7ca08b8144fb0c8d629d5,d23e9ca8611b42a995823b686e23de7d2cb67575fac39a80f86c7f4c9b910c07,35e35a6e61119d24465552b7b83b5432415f83781924e206687b98fea21a4da6,无法判定,cost_source_missing,任务-000032输入身份漂移，或尚无获批成本来源登记；未读取当前费率/盘口/账户信息,登记带来源、时间、版本、数据截止和可见性证据的手续费、价差、深度、冲击、资金费率、延迟和可成交量；重新发布批次
cost-20260805T014911+0800-26f68554e23b,DS-000126,BTC,ZI-57350b8f0db900711ed2488f,未判定,未判定,未判定,未判定,未判定,未判定（仅允许4小时/8小时/24小时/48小时）,未判定,无法判定,无法判定（成本来源未登记）,无法判定,无法判定,无法判定,无法判定,无法判定,无法判定,无法判定,未判定,未判定,cost-execution-1.0,ca7102ef54f4c2b190484871e99401aef601fecad5b7ca08b8144fb0c8d629d5,fdc92231d3e915cb0b50819c090bdbed62a97e3f1b0ac8387e36bf262825a312,3d180921a9bfb8bb429c18fd893668838a4a61c0ff6022ec059fe710d336ba0c,无法判定,cost_source_missing,任务-000032输入身份漂移，或尚无获批成本来源登记；未读取当前费率/盘口/账户信息,登记带来源、时间、版本、数据截止和可见性证据的手续费、价差、深度、冲击、资金费率、延迟和可成交量；重新发布批次
cost-20260805T014911+0800-26f68554e23b,DS-000126,ETH,ZI-29d969a16e11f4bd31de81b7,未判定,未判定,未判定,未判定,未判定,未判定（仅允许4小时/8小时/24小时/48小时）,未判定,无法判定,无法判定（成本来源未登记）,无法判定,无法判定,无法判定,无法判定,无法判定,无法判定,无法判定,未判定,未判定,cost-execution-1.0,ca7102ef54f4c2b190484871e99401aef601fecad5b7ca08b8144fb0c8d629d5,fdc92231d3e915cb0b50819c090bdbed62a97e3f1b0ac8387e36bf262825a312,c40c358a3f0341fd16686d807b30bd572fe080e4be199672b9e6e7c5ee175e6e,无法判定,cost_source_missing,任务-000032输入身份漂移，或尚无获批成本来源登记；未读取当前费率/盘口/账户信息,登记带来源、时间、版本、数据截止和可见性证据的手续费、价差、深度、冲击、资金费率、延迟和可成交量；重新发布批次
cost-20260805T014911+0800-26f68554e23b,DS-000127,BTC,ZI-50d94b0de1efc730b9122af3,未判定,未判定,未判定,未判定,未判定,未判定（仅允许4小时/8小时/24小时/48小时）,未判定,无法判定,无法判定（成本来源未登记）,无法判定,无法判定,无法判定,无法判定,无法判定,无法判定,无法判定,未判定,未判定,cost-execution-1.0,ca7102ef54f4c2b190484871e99401aef601fecad5b7ca08b8144fb0c8d629d5,99aaeffe23fb94a11fb2733463c4d24dffec0af7902ab1e24d24eb89489fd345,b0bd5bbae0655ebe434931c62d98ceae861e7fe0c5f7d2449093489d1e01a1ce,无法判定,cost_source_missing,任务-000032输入身份漂移，或尚无获批成本来源登记；未读取当前费率/盘口/账户信息,登记带来源、时间、版本、数据截止和可见性证据的手续费、价差、深度、冲击、资金费率、延迟和可成交量；重新发布批次
cost-20260805T014911+0800-26f68554e23b,DS-000127,ETH,ZI-aa7eaed70207def65a665413,未判定,未判定,未判定,未判定,未判定,未判定（仅允许4小时/8小时/24小时/48小时）,未判定,无法判定,无法判定（成本来源未登记）,无法判定,无法判定,无法判定,无法判定,无法判定,无法判定,无法判定,未判定,未判定,cost-execution-1.0,ca7102ef54f4c2b190484871e99401aef601fecad5b7ca08b8144fb0c8d629d5,99aaeffe23fb94a11fb2733463c4d24dffec0af7902ab1e24d24eb89489fd345,b1e73723435c2e9e329affb48dd32c4bdedc871bc7e970dc6517ae2763283ce6,无法判定,cost_source_missing,任务-000032输入身份漂移，或尚无获批成本来源登记；未读取当前费率/盘口/账户信息,登记带来源、时间、版本、数据截止和可见性证据的手续费、价差、深度、冲击、资金费率、延迟和可成交量；重新发布批次
cost-20260805T014911+0800-26f68554e23b,DS-000128,BTC,ZI-66345af7f29b369463667940,未判定,未判定,未判定,未判定,未判定,未判定（仅允许4小时/8小时/24小时/48小时）,未判定,无法判定,无法判定（成本来源未登记）,无法判定,无法判定,无法判定,无法判定,无法判定,无法判定,无法判定,未判定,未判定,cost-execution-1.0,ca7102ef54f4c2b190484871e99401aef601fecad5b7ca08b8144fb0c8d629d5,7cbb1ad3644f73a3df5af10be995eb68bedefafe05a6dd045b45c6a2c1c189df,94fa8c3f11f6bde8899ea49ac24bbae654446125bf70814a499582501585ceff,无法判定,cost_source_missing,任务-000032输入身份漂移，或尚无获批成本来源登记；未读取当前费率/盘口/账户信息,登记带来源、时间、版本、数据截止和可见性证据的手续费、价差、深度、冲击、资金费率、延迟和可成交量；重新发布批次
cost-20260805T014911+0800-26f68554e23b,DS-000128,ETH,ZI-78306459bee5126083d5ca1b,未判定,未判定,未判定,未判定,未判定,未判定（仅允许4小时/8小时/24小时/48小时）,未判定,无法判定,无法判定（成本来源未登记）,无法判定,无法判定,无法判定,无法判定,无法判定,无法判定,无法判定,未判定,未判定,cost-execution-1.0,ca7102ef54f4c2b190484871e99401aef601fecad5b7ca08b8144fb0c8d629d5,7cbb1ad3644f73a3df5af10be995eb68bedefafe05a6dd045b45c6a2c1c189df,24d660cca051d9cd14fae188f85850e67e33de6ef1d3c6187d9ac9dfd1cdcf9a,无法判定,cost_source_missing,任务-000032输入身份漂移，或尚无获批成本来源登记；未读取当前费率/盘口/账户信息,登记带来源、时间、版本、数据截止和可见性证据的手续费、价差、深度、冲击、资金费率、延迟和可成交量；重新发布批次
cost-20260805T014911+0800-26f68554e23b,DS-000129,BTC,ZI-f0b6b298cfe3ce3a7d56b8eb,未判定,未判定,未判定,未判定,未判定,未判定（仅允许4小时/8小时/24小时/48小时）,未判定,无法判定,无法判定（成本来源未登记）,无法判定,无法判定,无法判定,无法判定,无法判定,无法判定,无法判定,未判定,未判定,cost-execution-1.0,ca7102ef54f4c2b190484871e99401aef601fecad5b7ca08b8144fb0c8d629d5,e7b33702e3872588430891ffcf8825ccf89310c68bed237cdf52cd52ccc52da9,05416731a903c44c341cf698b79352d5395a87948463e0e4be5a496734fc5ca7,无法判定,cost_source_missing,任务-000032输入身份漂移，或尚无获批成本来源登记；未读取当前费率/盘口/账户信息,登记带来源、时间、版本、数据截止和可见性证据的手续费、价差、深度、冲击、资金费率、延迟和可成交量；重新发布批次
cost-20260805T014911+0800-26f68554e23b,DS-000129,ETH,ZI-15e8fafad806d350e4ebb681,未判定,未判定,未判定,未判定,未判定,未判定（仅允许4小时/8小时/24小时/48小时）,未判定,无法判定,无法判定（成本来源未登记）,无法判定,无法判定,无法判定,无法判定,无法判定,无法判定,无法判定,未判定,未判定,cost-execution-1.0,ca7102ef54f4c2b190484871e99401aef601fecad5b7ca08b8144fb0c8d629d5,e7b33702e3872588430891ffcf8825ccf89310c68bed237cdf52cd52ccc52da9,986bffc5b17108de4be908a631a39282348b2998e1078b8f598163adf4c07174,无法判定,cost_source_missing,任务-000032输入身份漂移，或尚无获批成本来源登记；未读取当前费率/盘口/账户信息,登记带来源、时间、版本、数据截止和可见性证据的手续费、价差、深度、冲击、资金费率、延迟和可成交量；重新发布批次
cost-20260805T014911+0800-26f68554e23b,DS-000130,BTC,ZI-5a7245a9c0cc69252b3df5d1,未判定,未判定,未判定,未判定,未判定,未判定（仅允许4小时/8小时/24小时/48小时）,未判定,无法判定,无法判定（成本来源未登记）,无法判定,无法判定,无法判定,无法判定,无法判定,无法判定,无法判定,未判定,未判定,cost-execution-1.0,ca7102ef54f4c2b190484871e99401aef601fecad5b7ca08b8144fb0c8d629d5,b51a3690279627f61c45a2bd637bed32930e8c496b1a2efd7917d8516866b562,71d8bf8478a3d1d3643a607422e430ddd8e49ad19639051b2304fea968f31163,无法判定,cost_source_missing,任务-000032输入身份漂移，或尚无获批成本来源登记；未读取当前费率/盘口/账户信息,登记带来源、时间、版本、数据截止和可见性证据的手续费、价差、深度、冲击、资金费率、延迟和可成交量；重新发布批次
cost-20260805T014911+0800-26f68554e23b,DS-000130,ETH,ZI-e50bece42ff511d1e0d48550,未判定,未判定,未判定,未判定,未判定,未判定（仅允许4小时/8小时/24小时/48小时）,未判定,无法判定,无法判定（成本来源未登记）,无法判定,无法判定,无法判定,无法判定,无法判定,无法判定,无法判定,未判定,未判定,cost-execution-1.0,ca7102ef54f4c2b190484871e99401aef601fecad5b7ca08b8144fb0c8d629d5,b51a3690279627f61c45a2bd637bed32930e8c496b1a2efd7917d8516866b562,67cd256703e5ca8ba1b0b2e3ac02fb592ab8cf52c8814262367ef060b4f4e8c8,无法判定,cost_source_missing,任务-000032输入身份漂移，或尚无获批成本来源登记；未读取当前费率/盘口/账户信息,登记带来源、时间、版本、数据截止和可见性证据的手续费、价差、深度、冲击、资金费率、延迟和可成交量；重新发布批次
cost-20260805T014911+0800-26f68554e23b,DS-000131,BTC,ZI-25447cea628f3920f050dbd5,未判定,未判定,未判定,未判定,未判定,未判定（仅允许4小时/8小时/24小时/48小时）,未判定,无法判定,无法判定（成本来源未登记）,无法判定,无法判定,无法判定,无法判定,无法判定,无法判定,无法判定,未判定,未判定,cost-execution-1.0,ca7102ef54f4c2b190484871e99401aef601fecad5b7ca08b8144fb0c8d629d5,75862fa2881db8a5a015bf48ae30d4b761557df1b610842d038a8f7e4864fd9b,5a1013dadac04f0fcaa82b476e058c83ca8241ac6e2ba1973231b1002d1080e2,无法判定,cost_source_missing,任务-000032输入身份漂移，或尚无获批成本来源登记；未读取当前费率/盘口/账户信息,登记带来源、时间、版本、数据截止和可见性证据的手续费、价差、深度、冲击、资金费率、延迟和可成交量；重新发布批次
cost-20260805T014911+0800-26f68554e23b,DS-000131,ETH,ZI-c6ca120312806c1468e1741f,未判定,未判定,未判定,未判定,未判定,未判定（仅允许4小时/8小时/24小时/48小时）,未判定,无法判定,无法判定（成本来源未登记）,无法判定,无法判定,无法判定,无法判定,无法判定,无法判定,无法判定,未判定,未判定,cost-execution-1.0,ca7102ef54f4c2b190484871e99401aef601fecad5b7ca08b8144fb0c8d629d5,75862fa2881db8a5a015bf48ae30d4b761557df1b610842d038a8f7e4864fd9b,f6ca914cc3e996dcae841dfa5873a5e751e73bc10fe94633bf1cd25f77feed1e,无法判定,cost_source_missing,任务-000032输入身份漂移，或尚无获批成本来源登记；未读取当前费率/盘口/账户信息,登记带来源、时间、版本、数据截止和可见性证据的手续费、价差、深度、冲击、资金费率、延迟和可成交量；重新发布批次
cost-20260805T014911+0800-26f68554e23b,DS-000132,BTC,ZI-17f2298039c37a648fbd5908,未判定,未判定,未判定,未判定,未判定,未判定（仅允许4小时/8小时/24小时/48小时）,未判定,无法判定,无法判定（成本来源未登记）,无法判定,无法判定,无法判定,无法判定,无法判定,无法判定,无法判定,未判定,未判定,cost-execution-1.0,ca7102ef54f4c2b190484871e99401aef601fecad5b7ca08b8144fb0c8d629d5,8538148f78a65be823e47c70496d931496d3bd30749f915492f2a7a9b0255f03,bfcfe18484c254e07c8c0e1ebd0a1f5bebc846c895f76e2d79af73782b614895,无法判定,cost_source_missing,任务-000032输入身份漂移，或尚无获批成本来源登记；未读取当前费率/盘口/账户信息,登记带来源、时间、版本、数据截止和可见性证据的手续费、价差、深度、冲击、资金费率、延迟和可成交量；重新发布批次
cost-20260805T014911+0800-26f68554e23b,DS-000132,ETH,ZI-fa50ac0aca694ec35ea7d49d,未判定,未判定,未判定,未判定,未判定,未判定（仅允许4小时/8小时/24小时/48小时）,未判定,无法判定,无法判定（成本来源未登记）,无法判定,无法判定,无法判定,无法判定,无法判定,无法判定,无法判定,未判定,未判定,cost-execution-1.0,ca7102ef54f4c2b190484871e99401aef601fecad5b7ca08b8144fb0c8d629d5,8538148f78a65be823e47c70496d931496d3bd30749f915492f2a7a9b0255f03,37d6af0cef5bdc7021c989c58ddd682839ae1d63668faf11b8ee0fd48be5668d,无法判定,cost_source_missing,任务-000032输入身份漂移，或尚无获批成本来源登记；未读取当前费率/盘口/账户信息,登记带来源、时间、版本、数据截止和可见性证据的手续费、价差、深度、冲击、资金费率、延迟和可成交量；重新发布批次
cost-20260805T014911+0800-26f68554e23b,DS-000133,BTC,ZI-e5f5afbaaf19d3151683dc0c,未判定,未判定,未判定,未判定,未判定,未判定（仅允许4小时/8小时/24小时/48小时）,未判定,无法判定,无法判定（成本来源未登记）,无法判定,无法判定,无法判定,无法判定,无法判定,无法判定,无法判定,未判定,未判定,cost-execution-1.0,ca7102ef54f4c2b190484871e99401aef601fecad5b7ca08b8144fb0c8d629d5,b8280873340ff04eeb58d4fcabcdb849925839b553703795397001301a49f25d,60e300d037e83b632ef0a27c10a030b11033a33bcc0861bb1cb6b03754dcd0f4,无法判定,cost_source_missing,任务-000032输入身份漂移，或尚无获批成本来源登记；未读取当前费率/盘口/账户信息,登记带来源、时间、版本、数据截止和可见性证据的手续费、价差、深度、冲击、资金费率、延迟和可成交量；重新发布批次
cost-20260805T014911+0800-26f68554e23b,DS-000133,ETH,ZI-f544842772244a2c3b3b1523,未判定,未判定,未判定,未判定,未判定,未判定（仅允许4小时/8小时/24小时/48小时）,未判定,无法判定,无法判定（成本来源未登记）,无法判定,无法判定,无法判定,无法判定,无法判定,无法判定,无法判定,未判定,未判定,cost-execution-1.0,ca7102ef54f4c2b190484871e99401aef601fecad5b7ca08b8144fb0c8d629d5,b8280873340ff04eeb58d4fcabcdb849925839b553703795397001301a49f25d,bc81c9d915cc91c54d2587cbbcb1528315bc1a56638c0fef534c1e885c649d1a,无法判定,cost_source_missing,任务-000032输入身份漂移，或尚无获批成本来源登记；未读取当前费率/盘口/账户信息,登记带来源、时间、版本、数据截止和可见性证据的手续费、价差、深度、冲击、资金费率、延迟和可成交量；重新发布批次
cost-20260805T014911+0800-26f68554e23b,DS-000134,BTC,ZI-67ed5354e433ec425cf10220,未判定,未判定,未判定,未判定,未判定,未判定（仅允许4小时/8小时/24小时/48小时）,未判定,无法判定,无法判定（成本来源未登记）,无法判定,无法判定,无法判定,无法判定,无法判定,无法判定,无法判定,未判定,未判定,cost-execution-1.0,ca7102ef54f4c2b190484871e99401aef601fecad5b7ca08b8144fb0c8d629d5,9d82dac8c5cecb71fb51041f929b38d2c7fe9b15ebaeea0a0026ca4d3c4ea7f8,1db7beaba425b60e9c22b04f2f8f14f424db2ee610a90b9dd88a364fd0f0e208,无法判定,cost_source_missing,任务-000032输入身份漂移，或尚无获批成本来源登记；未读取当前费率/盘口/账户信息,登记带来源、时间、版本、数据截止和可见性证据的手续费、价差、深度、冲击、资金费率、延迟和可成交量；重新发布批次
cost-20260805T014911+0800-26f68554e23b,DS-000134,ETH,ZI-f50adb5a90eeb1431aaf8e6f,未判定,未判定,未判定,未判定,未判定,未判定（仅允许4小时/8小时/24小时/48小时）,未判定,无法判定,无法判定（成本来源未登记）,无法判定,无法判定,无法判定,无法判定,无法判定,无法判定,无法判定,未判定,未判定,cost-execution-1.0,ca7102ef54f4c2b190484871e99401aef601fecad5b7ca08b8144fb0c8d629d5,9d82dac8c5cecb71fb51041f929b38d2c7fe9b15ebaeea0a0026ca4d3c4ea7f8,b2fdcd60fef3d2a834509c469118c74f208be28a8c8cc2cf339377a08def6840,无法判定,cost_source_missing,任务-000032输入身份漂移，或尚无获批成本来源登记；未读取当前费率/盘口/账户信息,登记带来源、时间、版本、数据截止和可见性证据的手续费、价差、深度、冲击、资金费率、延迟和可成交量；重新发布批次
cost-20260805T014911+0800-26f68554e23b,DS-000135,BTC,ZI-9959cefd6da7ea4c9bc8a26a,未判定,未判定,未判定,未判定,未判定,未判定（仅允许4小时/8小时/24小时/48小时）,未判定,无法判定,无法判定（成本来源未登记）,无法判定,无法判定,无法判定,无法判定,无法判定,无法判定,无法判定,未判定,未判定,cost-execution-1.0,ca7102ef54f4c2b190484871e99401aef601fecad5b7ca08b8144fb0c8d629d5,29d91b9784f89c8e9b6a5dcf5e98b759a29bb9b45d152de5f18fd09f34034a2e,83d627388ae1ed28d64e60966e2da1fadf4226cf797b38449f0845af4ba0af4b,无法判定,cost_source_missing,任务-000032输入身份漂移，或尚无获批成本来源登记；未读取当前费率/盘口/账户信息,登记带来源、时间、版本、数据截止和可见性证据的手续费、价差、深度、冲击、资金费率、延迟和可成交量；重新发布批次
cost-20260805T014911+0800-26f68554e23b,DS-000135,ETH,ZI-ac125017000539cbb186e9e0,未判定,未判定,未判定,未判定,未判定,未判定（仅允许4小时/8小时/24小时/48小时）,未判定,无法判定,无法判定（成本来源未登记）,无法判定,无法判定,无法判定,无法判定,无法判定,无法判定,无法判定,未判定,未判定,cost-execution-1.0,ca7102ef54f4c2b190484871e99401aef601fecad5b7ca08b8144fb0c8d629d5,29d91b9784f89c8e9b6a5dcf5e98b759a29bb9b45d152de5f18fd09f34034a2e,ff90cbb231ae1556db6c7e46c99e61e9f01db67fd04a9eaa3b73456d45b1bfbf,无法判定,cost_source_missing,任务-000032输入身份漂移，或尚无获批成本来源登记；未读取当前费率/盘口/账户信息,登记带来源、时间、版本、数据截止和可见性证据的手续费、价差、深度、冲击、资金费率、延迟和可成交量；重新发布批次
cost-20260805T014911+0800-26f68554e23b,DS-000136,BTC,ZI-729914ef0d7b46aa2dc0dc05,未判定,未判定,未判定,未判定,未判定,未判定（仅允许4小时/8小时/24小时/48小时）,未判定,无法判定,无法判定（成本来源未登记）,无法判定,无法判定,无法判定,无法判定,无法判定,无法判定,无法判定,未判定,未判定,cost-execution-1.0,ca7102ef54f4c2b190484871e99401aef601fecad5b7ca08b8144fb0c8d629d5,26936fda3734b4f8ea42cea6188c533aeb26473a5dd6d7cd15cf53a592c5114a,1a9824df736f8766765d107e52391c574d311491437f71bdf18279d47f4235e5,无法判定,cost_source_missing,任务-000032输入身份漂移，或尚无获批成本来源登记；未读取当前费率/盘口/账户信息,登记带来源、时间、版本、数据截止和可见性证据的手续费、价差、深度、冲击、资金费率、延迟和可成交量；重新发布批次
cost-20260805T014911+0800-26f68554e23b,DS-000136,ETH,ZI-8a4556082f31195079e25714,未判定,未判定,未判定,未判定,未判定,未判定（仅允许4小时/8小时/24小时/48小时）,未判定,无法判定,无法判定（成本来源未登记）,无法判定,无法判定,无法判定,无法判定,无法判定,无法判定,无法判定,未判定,未判定,cost-execution-1.0,ca7102ef54f4c2b190484871e99401aef601fecad5b7ca08b8144fb0c8d629d5,26936fda3734b4f8ea42cea6188c533aeb26473a5dd6d7cd15cf53a592c5114a,d0cc44446f2047d39b5d4fd64a76014b70ff2fd4ad1d38464d3d95d63144edfd,无法判定,cost_source_missing,任务-000032输入身份漂移，或尚无获批成本来源登记；未读取当前费率/盘口/账户信息,登记带来源、时间、版本、数据截止和可见性证据的手续费、价差、深度、冲击、资金费率、延迟和可成交量；重新发布批次
cost-20260805T014911+0800-26f68554e23b,DS-000137,BTC,ZI-5072f6e3c58e96622c5d5a39,未判定,未判定,未判定,未判定,未判定,未判定（仅允许4小时/8小时/24小时/48小时）,未判定,无法判定,无法判定（成本来源未登记）,无法判定,无法判定,无法判定,无法判定,无法判定,无法判定,无法判定,未判定,未判定,cost-execution-1.0,ca7102ef54f4c2b190484871e99401aef601fecad5b7ca08b8144fb0c8d629d5,23ffa8c8350e83fd09417c884746f8c6abf125661552c9906b79a37fe842ab48,0750ce400499feefa91ab95863561171064b8515f0c93ac820068b718f841afe,无法判定,cost_source_missing,任务-000032输入身份漂移，或尚无获批成本来源登记；未读取当前费率/盘口/账户信息,登记带来源、时间、版本、数据截止和可见性证据的手续费、价差、深度、冲击、资金费率、延迟和可成交量；重新发布批次
cost-20260805T014911+0800-26f68554e23b,DS-000137,ETH,ZI-7fbd50767008b59c67c6188b,未判定,未判定,未判定,未判定,未判定,未判定（仅允许4小时/8小时/24小时/48小时）,未判定,无法判定,无法判定（成本来源未登记）,无法判定,无法判定,无法判定,无法判定,无法判定,无法判定,无法判定,未判定,未判定,cost-execution-1.0,ca7102ef54f4c2b190484871e99401aef601fecad5b7ca08b8144fb0c8d629d5,23ffa8c8350e83fd09417c884746f8c6abf125661552c9906b79a37fe842ab48,db078cdcce637a0e621040606cbc692910d33304a197bbc870acc5f605fa9d16,无法判定,cost_source_missing,任务-000032输入身份漂移，或尚无获批成本来源登记；未读取当前费率/盘口/账户信息,登记带来源、时间、版本、数据截止和可见性证据的手续费、价差、深度、冲击、资金费率、延迟和可成交量；重新发布批次
cost-20260805T014911+0800-26f68554e23b,DS-000138,BTC,ZI-c561cdc026374378e8a7e1ed,未判定,未判定,未判定,未判定,未判定,未判定（仅允许4小时/8小时/24小时/48小时）,未判定,无法判定,无法判定（成本来源未登记）,无法判定,无法判定,无法判定,无法判定,无法判定,无法判定,无法判定,未判定,未判定,cost-execution-1.0,ca7102ef54f4c2b190484871e99401aef601fecad5b7ca08b8144fb0c8d629d5,620f99905ab2cdb8f31644fba4765a6b077e5e0a1f66dab0924c0dce8cbb001d,f0dbaabf31da32a2e89f822387397134f378bc5d90f7dd8afdbcabb6838cbf1c,无法判定,cost_source_missing,任务-000032输入身份漂移，或尚无获批成本来源登记；未读取当前费率/盘口/账户信息,登记带来源、时间、版本、数据截止和可见性证据的手续费、价差、深度、冲击、资金费率、延迟和可成交量；重新发布批次
cost-20260805T014911+0800-26f68554e23b,DS-000138,ETH,ZI-d42dfffaf1e7325a9791ebb0,未判定,未判定,未判定,未判定,未判定,未判定（仅允许4小时/8小时/24小时/48小时）,未判定,无法判定,无法判定（成本来源未登记）,无法判定,无法判定,无法判定,无法判定,无法判定,无法判定,无法判定,未判定,未判定,cost-execution-1.0,ca7102ef54f4c2b190484871e99401aef601fecad5b7ca08b8144fb0c8d629d5,620f99905ab2cdb8f31644fba4765a6b077e5e0a1f66dab0924c0dce8cbb001d,1800808af644004f9b4ca4956fac812bc0157ca76efaa747a57ff0053e8950cb,无法判定,cost_source_missing,任务-000032输入身份漂移，或尚无获批成本来源登记；未读取当前费率/盘口/账户信息,登记带来源、时间、版本、数据截止和可见性证据的手续费、价差、深度、冲击、资金费率、延迟和可成交量；重新发布批次
cost-20260805T014911+0800-26f68554e23b,DS-000139,BTC,ZI-cbdce8e325cdea9138ef0d4e,未判定,未判定,未判定,未判定,未判定,未判定（仅允许4小时/8小时/24小时/48小时）,未判定,无法判定,无法判定（成本来源未登记）,无法判定,无法判定,无法判定,无法判定,无法判定,无法判定,无法判定,未判定,未判定,cost-execution-1.0,ca7102ef54f4c2b190484871e99401aef601fecad5b7ca08b8144fb0c8d629d5,2d4720067f665776816848f7b0fc9f512f29f31218e3036491c5a16511767724,64753945fb4d5beb64b278566a9937ee0f735a8c7afaabe9125ee751bd86ade8,无法判定,cost_source_missing,任务-000032输入身份漂移，或尚无获批成本来源登记；未读取当前费率/盘口/账户信息,登记带来源、时间、版本、数据截止和可见性证据的手续费、价差、深度、冲击、资金费率、延迟和可成交量；重新发布批次
cost-20260805T014911+0800-26f68554e23b,DS-000139,ETH,ZI-6f1fa6a3669f54977b46b883,未判定,未判定,未判定,未判定,未判定,未判定（仅允许4小时/8小时/24小时/48小时）,未判定,无法判定,无法判定（成本来源未登记）,无法判定,无法判定,无法判定,无法判定,无法判定,无法判定,无法判定,未判定,未判定,cost-execution-1.0,ca7102ef54f4c2b190484871e99401aef601fecad5b7ca08b8144fb0c8d629d5,2d4720067f665776816848f7b0fc9f512f29f31218e3036491c5a16511767724,2bf4cbd7172c12a7981712008a36ad84900f6cecfdd4072315ddbf48dea6ec8d,无法判定,cost_source_missing,任务-000032输入身份漂移，或尚无获批成本来源登记；未读取当前费率/盘口/账户信息,登记带来源、时间、版本、数据截止和可见性证据的手续费、价差、深度、冲击、资金费率、延迟和可成交量；重新发布批次
cost-20260805T014911+0800-26f68554e23b,DS-000140,BTC,ZI-6e09551ca827697625cb6b3c,未判定,未判定,未判定,未判定,未判定,未判定（仅允许4小时/8小时/24小时/48小时）,未判定,无法判定,无法判定（成本来源未登记）,无法判定,无法判定,无法判定,无法判定,无法判定,无法判定,无法判定,未判定,未判定,cost-execution-1.0,ca7102ef54f4c2b190484871e99401aef601fecad5b7ca08b8144fb0c8d629d5,14196f73ba03e4665bfc3c62797c84cf2f86b31745815d8364dda517d4cf9dd5,611c713a07aa2ae3bfb9bd83ded5e0c6d8c5405d45a68f830fa958036c51e81d,无法判定,cost_source_missing,任务-000032输入身份漂移，或尚无获批成本来源登记；未读取当前费率/盘口/账户信息,登记带来源、时间、版本、数据截止和可见性证据的手续费、价差、深度、冲击、资金费率、延迟和可成交量；重新发布批次
cost-20260805T014911+0800-26f68554e23b,DS-000140,ETH,ZI-9ae4aebc405506a01a9d8535,未判定,未判定,未判定,未判定,未判定,未判定（仅允许4小时/8小时/24小时/48小时）,未判定,无法判定,无法判定（成本来源未登记）,无法判定,无法判定,无法判定,无法判定,无法判定,无法判定,无法判定,未判定,未判定,cost-execution-1.0,ca7102ef54f4c2b190484871e99401aef601fecad5b7ca08b8144fb0c8d629d5,14196f73ba03e4665bfc3c62797c84cf2f86b31745815d8364dda517d4cf9dd5,70c320fd9d9878a1b22f18b79a6704475e1930e746f45601f110b4d02294fa66,无法判定,cost_source_missing,任务-000032输入身份漂移，或尚无获批成本来源登记；未读取当前费率/盘口/账户信息,登记带来源、时间、版本、数据截止和可见性证据的手续费、价差、深度、冲击、资金费率、延迟和可成交量；重新发布批次
cost-20260805T014911+0800-26f68554e23b,DS-000141,BTC,ZI-6a81a9eab1027b343b73215a,未判定,未判定,未判定,未判定,未判定,未判定（仅允许4小时/8小时/24小时/48小时）,未判定,无法判定,无法判定（成本来源未登记）,无法判定,无法判定,无法判定,无法判定,无法判定,无法判定,无法判定,未判定,未判定,cost-execution-1.0,ca7102ef54f4c2b190484871e99401aef601fecad5b7ca08b8144fb0c8d629d5,a4e8c832289e1bd42f53b5a09494e9ce6967a2b9053c7c7163218f026d4ceded,91a463acbadca3d0cae27a862068f54c7f38149ed1553598c8bcc57ac7be48cb,无法判定,cost_source_missing,任务-000032输入身份漂移，或尚无获批成本来源登记；未读取当前费率/盘口/账户信息,登记带来源、时间、版本、数据截止和可见性证据的手续费、价差、深度、冲击、资金费率、延迟和可成交量；重新发布批次
cost-20260805T014911+0800-26f68554e23b,DS-000141,ETH,ZI-c4e271ec601f60ae22ae68de,未判定,未判定,未判定,未判定,未判定,未判定（仅允许4小时/8小时/24小时/48小时）,未判定,无法判定,无法判定（成本来源未登记）,无法判定,无法判定,无法判定,无法判定,无法判定,无法判定,无法判定,未判定,未判定,cost-execution-1.0,ca7102ef54f4c2b190484871e99401aef601fecad5b7ca08b8144fb0c8d629d5,a4e8c832289e1bd42f53b5a09494e9ce6967a2b9053c7c7163218f026d4ceded,f7c496bda091e3367544545db4367d1dd8fba9ccfcdd126811696399ccfe9310,无法判定,cost_source_missing,任务-000032输入身份漂移，或尚无获批成本来源登记；未读取当前费率/盘口/账户信息,登记带来源、时间、版本、数据截止和可见性证据的手续费、价差、深度、冲击、资金费率、延迟和可成交量；重新发布批次
cost-20260805T014911+0800-26f68554e23b,DS-000142,BTC,ZI-009128c1d44092db64fb50b2,未判定,未判定,未判定,未判定,未判定,未判定（仅允许4小时/8小时/24小时/48小时）,未判定,无法判定,无法判定（成本来源未登记）,无法判定,无法判定,无法判定,无法判定,无法判定,无法判定,无法判定,未判定,未判定,cost-execution-1.0,ca7102ef54f4c2b190484871e99401aef601fecad5b7ca08b8144fb0c8d629d5,e312fa066275c38aa00cc25ec9610e3dbbc49cfa5581095dfae79cf3463851cc,3be5a30a937bd8544d0ebaea535dc99665380210d19e4d8d484ec82f486e206c,无法判定,cost_source_missing,任务-000032输入身份漂移，或尚无获批成本来源登记；未读取当前费率/盘口/账户信息,登记带来源、时间、版本、数据截止和可见性证据的手续费、价差、深度、冲击、资金费率、延迟和可成交量；重新发布批次
cost-20260805T014911+0800-26f68554e23b,DS-000142,ETH,ZI-6342bb9c8d59867fd7bda81e,未判定,未判定,未判定,未判定,未判定,未判定（仅允许4小时/8小时/24小时/48小时）,未判定,无法判定,无法判定（成本来源未登记）,无法判定,无法判定,无法判定,无法判定,无法判定,无法判定,无法判定,未判定,未判定,cost-execution-1.0,ca7102ef54f4c2b190484871e99401aef601fecad5b7ca08b8144fb0c8d629d5,e312fa066275c38aa00cc25ec9610e3dbbc49cfa5581095dfae79cf3463851cc,92193a2ad190a365e5e502f7b55d354103d6a462d5478d51ce971fe881a03ad9,无法判定,cost_source_missing,任务-000032输入身份漂移，或尚无获批成本来源登记；未读取当前费率/盘口/账户信息,登记带来源、时间、版本、数据截止和可见性证据的手续费、价差、深度、冲击、资金费率、延迟和可成交量；重新发布批次
cost-20260805T014911+0800-26f68554e23b,DS-000143,BTC,ZI-d98242a5fa6a990de942165a,未判定,未判定,未判定,未判定,未判定,未判定（仅允许4小时/8小时/24小时/48小时）,未判定,无法判定,无法判定（成本来源未登记）,无法判定,无法判定,无法判定,无法判定,无法判定,无法判定,无法判定,未判定,未判定,cost-execution-1.0,ca7102ef54f4c2b190484871e99401aef601fecad5b7ca08b8144fb0c8d629d5,f2aae6640ebc7f76b8348c555393631da32aaeae5f8c1a34050ae2239fe9c35f,d1b2347e626d51749ae57959a5b47e9a19ca48205ae8a9933a034ed9318abd44,无法判定,cost_source_missing,任务-000032输入身份漂移，或尚无获批成本来源登记；未读取当前费率/盘口/账户信息,登记带来源、时间、版本、数据截止和可见性证据的手续费、价差、深度、冲击、资金费率、延迟和可成交量；重新发布批次
cost-20260805T014911+0800-26f68554e23b,DS-000143,ETH,ZI-489d5d8588e9630edc50e1b1,未判定,未判定,未判定,未判定,未判定,未判定（仅允许4小时/8小时/24小时/48小时）,未判定,无法判定,无法判定（成本来源未登记）,无法判定,无法判定,无法判定,无法判定,无法判定,无法判定,无法判定,未判定,未判定,cost-execution-1.0,ca7102ef54f4c2b190484871e99401aef601fecad5b7ca08b8144fb0c8d629d5,f2aae6640ebc7f76b8348c555393631da32aaeae5f8c1a34050ae2239fe9c35f,f8d277736233d72c88b125d107a137230601d7d7e6231ff5ced16b9a24419942,无法判定,cost_source_missing,任务-000032输入身份漂移，或尚无获批成本来源登记；未读取当前费率/盘口/账户信息,登记带来源、时间、版本、数据截止和可见性证据的手续费、价差、深度、冲击、资金费率、延迟和可成交量；重新发布批次
cost-20260805T014911+0800-26f68554e23b,DS-000144,BTC,ZI-656064ee5ebd05df9e1d1d0b,未判定,未判定,未判定,未判定,未判定,未判定（仅允许4小时/8小时/24小时/48小时）,未判定,无法判定,无法判定（成本来源未登记）,无法判定,无法判定,无法判定,无法判定,无法判定,无法判定,无法判定,未判定,未判定,cost-execution-1.0,ca7102ef54f4c2b190484871e99401aef601fecad5b7ca08b8144fb0c8d629d5,b190ddcabae51f177f7f68978d63b65a2f623c00d71f9b269a41f8cd89bce81c,1ce43222a6eae9314e63b410e22d2b250633b01ab43cf553eb7924bcea252c00,无法判定,cost_source_missing,任务-000032输入身份漂移，或尚无获批成本来源登记；未读取当前费率/盘口/账户信息,登记带来源、时间、版本、数据截止和可见性证据的手续费、价差、深度、冲击、资金费率、延迟和可成交量；重新发布批次
cost-20260805T014911+0800-26f68554e23b,DS-000144,ETH,ZI-eeabae9bad9c7be33d76a591,未判定,未判定,未判定,未判定,未判定,未判定（仅允许4小时/8小时/24小时/48小时）,未判定,无法判定,无法判定（成本来源未登记）,无法判定,无法判定,无法判定,无法判定,无法判定,无法判定,无法判定,未判定,未判定,cost-execution-1.0,ca7102ef54f4c2b190484871e99401aef601fecad5b7ca08b8144fb0c8d629d5,b190ddcabae51f177f7f68978d63b65a2f623c00d71f9b269a41f8cd89bce81c,8a153886823462fe7ca5583e697f5a657420e87814060529306b7a606102443c,无法判定,cost_source_missing,任务-000032输入身份漂移，或尚无获批成本来源登记；未读取当前费率/盘口/账户信息,登记带来源、时间、版本、数据截止和可见性证据的手续费、价差、深度、冲击、资金费率、延迟和可成交量；重新发布批次
cost-20260805T014911+0800-26f68554e23b,DS-000145,BTC,ZI-1c10301302ee0cd7a93b0689,未判定,未判定,未判定,未判定,未判定,未判定（仅允许4小时/8小时/24小时/48小时）,未判定,无法判定,无法判定（成本来源未登记）,无法判定,无法判定,无法判定,无法判定,无法判定,无法判定,无法判定,未判定,未判定,cost-execution-1.0,ca7102ef54f4c2b190484871e99401aef601fecad5b7ca08b8144fb0c8d629d5,a5199c2df6504f14ca71d6c87a28f73554fb769a0c6277e095a958054f46c2a3,bdcf8f3970776e4efd1398f48773bcb189bcc067c90fbb7055cb68d3e7f15801,无法判定,cost_source_missing,任务-000032输入身份漂移，或尚无获批成本来源登记；未读取当前费率/盘口/账户信息,登记带来源、时间、版本、数据截止和可见性证据的手续费、价差、深度、冲击、资金费率、延迟和可成交量；重新发布批次
cost-20260805T014911+0800-26f68554e23b,DS-000145,ETH,ZI-8879fe92abceecb6a371d5c7,未判定,未判定,未判定,未判定,未判定,未判定（仅允许4小时/8小时/24小时/48小时）,未判定,无法判定,无法判定（成本来源未登记）,无法判定,无法判定,无法判定,无法判定,无法判定,无法判定,无法判定,未判定,未判定,cost-execution-1.0,ca7102ef54f4c2b190484871e99401aef601fecad5b7ca08b8144fb0c8d629d5,a5199c2df6504f14ca71d6c87a28f73554fb769a0c6277e095a958054f46c2a3,9da5c534d3b627badf346242e6de2954ce1c5a66dc1a4c22125a7120ef40fe62,无法判定,cost_source_missing,任务-000032输入身份漂移，或尚无获批成本来源登记；未读取当前费率/盘口/账户信息,登记带来源、时间、版本、数据截止和可见性证据的手续费、价差、深度、冲击、资金费率、延迟和可成交量；重新发布批次
cost-20260805T014911+0800-26f68554e23b,DS-000146,BTC,ZI-65304f632d8f816f8c997e85,未判定,未判定,未判定,未判定,未判定,未判定（仅允许4小时/8小时/24小时/48小时）,未判定,无法判定,无法判定（成本来源未登记）,无法判定,无法判定,无法判定,无法判定,无法判定,无法判定,无法判定,未判定,未判定,cost-execution-1.0,ca7102ef54f4c2b190484871e99401aef601fecad5b7ca08b8144fb0c8d629d5,095c96e03c3c9029fa4735e3d785397f7c94db0023f7af686cdce03c9c19a9c6,df24c2c97c1a1b0ee265939232fba24b71e6f9578ab1c21bcf826df96da50c72,无法判定,cost_source_missing,任务-000032输入身份漂移，或尚无获批成本来源登记；未读取当前费率/盘口/账户信息,登记带来源、时间、版本、数据截止和可见性证据的手续费、价差、深度、冲击、资金费率、延迟和可成交量；重新发布批次
cost-20260805T014911+0800-26f68554e23b,DS-000146,ETH,ZI-9e34c2cb88810c462910e30d,未判定,未判定,未判定,未判定,未判定,未判定（仅允许4小时/8小时/24小时/48小时）,未判定,无法判定,无法判定（成本来源未登记）,无法判定,无法判定,无法判定,无法判定,无法判定,无法判定,无法判定,未判定,未判定,cost-execution-1.0,ca7102ef54f4c2b190484871e99401aef601fecad5b7ca08b8144fb0c8d629d5,095c96e03c3c9029fa4735e3d785397f7c94db0023f7af686cdce03c9c19a9c6,d3304c54f9a9411d328098f34a982b196d78d134f6712dbf89f8df4abae27d6c,无法判定,cost_source_missing,任务-000032输入身份漂移，或尚无获批成本来源登记；未读取当前费率/盘口/账户信息,登记带来源、时间、版本、数据截止和可见性证据的手续费、价差、深度、冲击、资金费率、延迟和可成交量；重新发布批次
cost-20260805T014911+0800-26f68554e23b,DS-000147,BTC,ZI-16acf3cdbbc6cb6240495c7b,未判定,未判定,未判定,未判定,未判定,未判定（仅允许4小时/8小时/24小时/48小时）,未判定,无法判定,无法判定（成本来源未登记）,无法判定,无法判定,无法判定,无法判定,无法判定,无法判定,无法判定,未判定,未判定,cost-execution-1.0,ca7102ef54f4c2b190484871e99401aef601fecad5b7ca08b8144fb0c8d629d5,9dd4b4599f1e5ce92ec784f7ffcc54393a3c2d4498cc7a0a644e72a6534c780d,0ece31a4ebf3131317b5f65ae94acfbd23bc658e868b6e45e9544bf65b7cca1c,无法判定,cost_source_missing,任务-000032输入身份漂移，或尚无获批成本来源登记；未读取当前费率/盘口/账户信息,登记带来源、时间、版本、数据截止和可见性证据的手续费、价差、深度、冲击、资金费率、延迟和可成交量；重新发布批次
cost-20260805T014911+0800-26f68554e23b,DS-000147,ETH,ZI-8461f08f625565257213a23c,未判定,未判定,未判定,未判定,未判定,未判定（仅允许4小时/8小时/24小时/48小时）,未判定,无法判定,无法判定（成本来源未登记）,无法判定,无法判定,无法判定,无法判定,无法判定,无法判定,无法判定,未判定,未判定,cost-execution-1.0,ca7102ef54f4c2b190484871e99401aef601fecad5b7ca08b8144fb0c8d629d5,9dd4b4599f1e5ce92ec784f7ffcc54393a3c2d4498cc7a0a644e72a6534c780d,ecd10367f5cf490baeadfad7af60dc8b8097442bc62890913e9446c2c863f10b,无法判定,cost_source_missing,任务-000032输入身份漂移，或尚无获批成本来源登记；未读取当前费率/盘口/账户信息,登记带来源、时间、版本、数据截止和可见性证据的手续费、价差、深度、冲击、资金费率、延迟和可成交量；重新发布批次
cost-20260805T014911+0800-26f68554e23b,DS-000148,BTC,ZI-5dfc284725b608d6c0455773,未判定,未判定,未判定,未判定,未判定,未判定（仅允许4小时/8小时/24小时/48小时）,未判定,无法判定,无法判定（成本来源未登记）,无法判定,无法判定,无法判定,无法判定,无法判定,无法判定,无法判定,未判定,未判定,cost-execution-1.0,ca7102ef54f4c2b190484871e99401aef601fecad5b7ca08b8144fb0c8d629d5,ebcfd7ecbfcebfe3bd36f6be321d4d5be1ce07fe641524ef28261b964abe1bd9,8fda3e7b0e92474897db1d2f75aa0f58b055370a097fc7130232e2aa087eaca4,无法判定,cost_source_missing,任务-000032输入身份漂移，或尚无获批成本来源登记；未读取当前费率/盘口/账户信息,登记带来源、时间、版本、数据截止和可见性证据的手续费、价差、深度、冲击、资金费率、延迟和可成交量；重新发布批次
cost-20260805T014911+0800-26f68554e23b,DS-000148,ETH,ZI-2ce49af2946877d7f4f7ea4b,未判定,未判定,未判定,未判定,未判定,未判定（仅允许4小时/8小时/24小时/48小时）,未判定,无法判定,无法判定（成本来源未登记）,无法判定,无法判定,无法判定,无法判定,无法判定,无法判定,无法判定,未判定,未判定,cost-execution-1.0,ca7102ef54f4c2b190484871e99401aef601fecad5b7ca08b8144fb0c8d629d5,ebcfd7ecbfcebfe3bd36f6be321d4d5be1ce07fe641524ef28261b964abe1bd9,49a262e16dba78bf4ae45e9c7ae89f264c6b35fe3af586626841ffd2922489ac,无法判定,cost_source_missing,任务-000032输入身份漂移，或尚无获批成本来源登记；未读取当前费率/盘口/账户信息,登记带来源、时间、版本、数据截止和可见性证据的手续费、价差、深度、冲击、资金费率、延迟和可成交量；重新发布批次
cost-20260805T014911+0800-26f68554e23b,DS-000149,BTC,ZI-fb04e2b97b0709831aeef170,未判定,未判定,未判定,未判定,未判定,未判定（仅允许4小时/8小时/24小时/48小时）,未判定,无法判定,无法判定（成本来源未登记）,无法判定,无法判定,无法判定,无法判定,无法判定,无法判定,无法判定,未判定,未判定,cost-execution-1.0,ca7102ef54f4c2b190484871e99401aef601fecad5b7ca08b8144fb0c8d629d5,353d4b94d532000de24c899bd9b399ba18755066c1eac1fbca4413c1d2402f95,a14f21791940e9b5197d333bb46ce5e0a4e92830ef289e4bb289c1ad7cd998e7,无法判定,cost_source_missing,任务-000032输入身份漂移，或尚无获批成本来源登记；未读取当前费率/盘口/账户信息,登记带来源、时间、版本、数据截止和可见性证据的手续费、价差、深度、冲击、资金费率、延迟和可成交量；重新发布批次
cost-20260805T014911+0800-26f68554e23b,DS-000149,ETH,ZI-52ce2e32211b7fe8ae9f82c6,未判定,未判定,未判定,未判定,未判定,未判定（仅允许4小时/8小时/24小时/48小时）,未判定,无法判定,无法判定（成本来源未登记）,无法判定,无法判定,无法判定,无法判定,无法判定,无法判定,无法判定,未判定,未判定,cost-execution-1.0,ca7102ef54f4c2b190484871e99401aef601fecad5b7ca08b8144fb0c8d629d5,353d4b94d532000de24c899bd9b399ba18755066c1eac1fbca4413c1d2402f95,8e214d839e0e492ff9dc3c977846f65a726ff2516cf523cd3f5d6fc7c67020c3,无法判定,cost_source_missing,任务-000032输入身份漂移，或尚无获批成本来源登记；未读取当前费率/盘口/账户信息,登记带来源、时间、版本、数据截止和可见性证据的手续费、价差、深度、冲击、资金费率、延迟和可成交量；重新发布批次
cost-20260805T014911+0800-26f68554e23b,DS-000150,BTC,ZI-5e9e4d83ac97e26370280732,未判定,未判定,未判定,未判定,未判定,未判定（仅允许4小时/8小时/24小时/48小时）,未判定,无法判定,无法判定（成本来源未登记）,无法判定,无法判定,无法判定,无法判定,无法判定,无法判定,无法判定,未判定,未判定,cost-execution-1.0,ca7102ef54f4c2b190484871e99401aef601fecad5b7ca08b8144fb0c8d629d5,d6631bfda65d69a4eca5a35030a5a228ee6129d7947b9faf4f44a593071044f1,a8074a194f3b7b5aab15b35ae952885047cbb0fbd3a3098cc7f1a3989ba7f5c1,无法判定,cost_source_missing,任务-000032输入身份漂移，或尚无获批成本来源登记；未读取当前费率/盘口/账户信息,登记带来源、时间、版本、数据截止和可见性证据的手续费、价差、深度、冲击、资金费率、延迟和可成交量；重新发布批次
cost-20260805T014911+0800-26f68554e23b,DS-000150,ETH,ZI-49395e6c68a237ad8cf076ee,未判定,未判定,未判定,未判定,未判定,未判定（仅允许4小时/8小时/24小时/48小时）,未判定,无法判定,无法判定（成本来源未登记）,无法判定,无法判定,无法判定,无法判定,无法判定,无法判定,无法判定,未判定,未判定,cost-execution-1.0,ca7102ef54f4c2b190484871e99401aef601fecad5b7ca08b8144fb0c8d629d5,d6631bfda65d69a4eca5a35030a5a228ee6129d7947b9faf4f44a593071044f1,59325466b269bcbe2f5cdf5e026840fa8d95f93c6b6f6448294dc24cd3f16136,无法判定,cost_source_missing,任务-000032输入身份漂移，或尚无获批成本来源登记；未读取当前费率/盘口/账户信息,登记带来源、时间、版本、数据截止和可见性证据的手续费、价差、深度、冲击、资金费率、延迟和可成交量；重新发布批次
cost-20260805T014911+0800-26f68554e23b,DS-000151,BTC,ZI-0424adadee4f47a70743fdba,未判定,未判定,未判定,未判定,未判定,未判定（仅允许4小时/8小时/24小时/48小时）,未判定,无法判定,无法判定（成本来源未登记）,无法判定,无法判定,无法判定,无法判定,无法判定,无法判定,无法判定,未判定,未判定,cost-execution-1.0,ca7102ef54f4c2b190484871e99401aef601fecad5b7ca08b8144fb0c8d629d5,343335a5eeee861ec5e6081cbd9dff82559abd61a0034c19c1a42f4ea3f01a3b,710df816b44ce0d126140003dbd42bcf8d8a4d10dce88365df2408d5f38b9ec6,无法判定,cost_source_missing,任务-000032输入身份漂移，或尚无获批成本来源登记；未读取当前费率/盘口/账户信息,登记带来源、时间、版本、数据截止和可见性证据的手续费、价差、深度、冲击、资金费率、延迟和可成交量；重新发布批次
cost-20260805T014911+0800-26f68554e23b,DS-000151,ETH,ZI-5c9ff569ed602db0d19a25b4,未判定,未判定,未判定,未判定,未判定,未判定（仅允许4小时/8小时/24小时/48小时）,未判定,无法判定,无法判定（成本来源未登记）,无法判定,无法判定,无法判定,无法判定,无法判定,无法判定,无法判定,未判定,未判定,cost-execution-1.0,ca7102ef54f4c2b190484871e99401aef601fecad5b7ca08b8144fb0c8d629d5,343335a5eeee861ec5e6081cbd9dff82559abd61a0034c19c1a42f4ea3f01a3b,3190d5a8f6ac1f5d151db23f5e429557af155976613a50d3e7c0705bc0d9d292,无法判定,cost_source_missing,任务-000032输入身份漂移，或尚无获批成本来源登记；未读取当前费率/盘口/账户信息,登记带来源、时间、版本、数据截止和可见性证据的手续费、价差、深度、冲击、资金费率、延迟和可成交量；重新发布批次
cost-20260805T014911+0800-26f68554e23b,DS-000152,BTC,ZI-0c07e377a75105645df6b291,未判定,未判定,未判定,未判定,未判定,未判定（仅允许4小时/8小时/24小时/48小时）,未判定,无法判定,无法判定（成本来源未登记）,无法判定,无法判定,无法判定,无法判定,无法判定,无法判定,无法判定,未判定,未判定,cost-execution-1.0,ca7102ef54f4c2b190484871e99401aef601fecad5b7ca08b8144fb0c8d629d5,0e95871a22cad1478c89d5f511a82fe137f0985ab2021a9ae7d6ade0caee1182,48548cb8a34bba9b3b960d2795d511bd332e6e71c2b4e5474a5220adb23bdcfd,无法判定,cost_source_missing,任务-000032输入身份漂移，或尚无获批成本来源登记；未读取当前费率/盘口/账户信息,登记带来源、时间、版本、数据截止和可见性证据的手续费、价差、深度、冲击、资金费率、延迟和可成交量；重新发布批次
cost-20260805T014911+0800-26f68554e23b,DS-000152,ETH,ZI-eb6b36437e73935e6892948b,未判定,未判定,未判定,未判定,未判定,未判定（仅允许4小时/8小时/24小时/48小时）,未判定,无法判定,无法判定（成本来源未登记）,无法判定,无法判定,无法判定,无法判定,无法判定,无法判定,无法判定,未判定,未判定,cost-execution-1.0,ca7102ef54f4c2b190484871e99401aef601fecad5b7ca08b8144fb0c8d629d5,0e95871a22cad1478c89d5f511a82fe137f0985ab2021a9ae7d6ade0caee1182,e9b4232aa2a05b2d99837985da2c14ba7e22de5ab117e00af95f3496a785701d,无法判定,cost_source_missing,任务-000032输入身份漂移，或尚无获批成本来源登记；未读取当前费率/盘口/账户信息,登记带来源、时间、版本、数据截止和可见性证据的手续费、价差、深度、冲击、资金费率、延迟和可成交量；重新发布批次
cost-20260805T014911+0800-26f68554e23b,DS-000153,BTC,ZI-640d37576121e3a650ac0d2e,未判定,未判定,未判定,未判定,未判定,未判定（仅允许4小时/8小时/24小时/48小时）,未判定,无法判定,无法判定（成本来源未登记）,无法判定,无法判定,无法判定,无法判定,无法判定,无法判定,无法判定,未判定,未判定,cost-execution-1.0,ca7102ef54f4c2b190484871e99401aef601fecad5b7ca08b8144fb0c8d629d5,58f293cea2cca05de3bec8caf98c4c1c1d71426fd14e11bb99321c10b8594c2e,6ae2df9feb6849325ee3f058540dbf064450e1cfa932c0c192bc1bc917193aa0,无法判定,cost_source_missing,任务-000032输入身份漂移，或尚无获批成本来源登记；未读取当前费率/盘口/账户信息,登记带来源、时间、版本、数据截止和可见性证据的手续费、价差、深度、冲击、资金费率、延迟和可成交量；重新发布批次
cost-20260805T014911+0800-26f68554e23b,DS-000153,ETH,ZI-7d0eac7d55708c645db23f34,未判定,未判定,未判定,未判定,未判定,未判定（仅允许4小时/8小时/24小时/48小时）,未判定,无法判定,无法判定（成本来源未登记）,无法判定,无法判定,无法判定,无法判定,无法判定,无法判定,无法判定,未判定,未判定,cost-execution-1.0,ca7102ef54f4c2b190484871e99401aef601fecad5b7ca08b8144fb0c8d629d5,58f293cea2cca05de3bec8caf98c4c1c1d71426fd14e11bb99321c10b8594c2e,0919096908acc869ca13f59d99b99b9b90b831e3c91f860dc39c168d80b85be4,无法判定,cost_source_missing,任务-000032输入身份漂移，或尚无获批成本来源登记；未读取当前费率/盘口/账户信息,登记带来源、时间、版本、数据截止和可见性证据的手续费、价差、深度、冲击、资金费率、延迟和可成交量；重新发布批次
cost-20260805T014911+0800-26f68554e23b,DS-000154,BTC,ZI-21ac823fa28df5c1e70a4664,未判定,未判定,未判定,未判定,未判定,未判定（仅允许4小时/8小时/24小时/48小时）,未判定,无法判定,无法判定（成本来源未登记）,无法判定,无法判定,无法判定,无法判定,无法判定,无法判定,无法判定,未判定,未判定,cost-execution-1.0,ca7102ef54f4c2b190484871e99401aef601fecad5b7ca08b8144fb0c8d629d5,e9c459ed8687d8085d68bb80cb3ce3d8ffad8a36ea076e1737f38edc26b9d05f,0d11f3ec51661713035e5f8cb03ad8630ff62a8361f2207fa3e05d5faf2047da,无法判定,cost_source_missing,任务-000032输入身份漂移，或尚无获批成本来源登记；未读取当前费率/盘口/账户信息,登记带来源、时间、版本、数据截止和可见性证据的手续费、价差、深度、冲击、资金费率、延迟和可成交量；重新发布批次
cost-20260805T014911+0800-26f68554e23b,DS-000154,ETH,ZI-881ed8dfa8b5bd2659a6c1a3,未判定,未判定,未判定,未判定,未判定,未判定（仅允许4小时/8小时/24小时/48小时）,未判定,无法判定,无法判定（成本来源未登记）,无法判定,无法判定,无法判定,无法判定,无法判定,无法判定,无法判定,未判定,未判定,cost-execution-1.0,ca7102ef54f4c2b190484871e99401aef601fecad5b7ca08b8144fb0c8d629d5,e9c459ed8687d8085d68bb80cb3ce3d8ffad8a36ea076e1737f38edc26b9d05f,d9e3ce0ec911d357a59a93f5b23c74805e7eb5470c43bdea68899a4d7993c987,无法判定,cost_source_missing,任务-000032输入身份漂移，或尚无获批成本来源登记；未读取当前费率/盘口/账户信息,登记带来源、时间、版本、数据截止和可见性证据的手续费、价差、深度、冲击、资金费率、延迟和可成交量；重新发布批次
cost-20260805T014911+0800-26f68554e23b,DS-000155,BTC,ZI-cdad1cc147a20a41f7f2ee26,未判定,未判定,未判定,未判定,未判定,未判定（仅允许4小时/8小时/24小时/48小时）,未判定,无法判定,无法判定（成本来源未登记）,无法判定,无法判定,无法判定,无法判定,无法判定,无法判定,无法判定,未判定,未判定,cost-execution-1.0,ca7102ef54f4c2b190484871e99401aef601fecad5b7ca08b8144fb0c8d629d5,9dd20ffd129fbe1c058f213d73686f1818e3b4e9792417559fac4443a94569c6,a0e2d7e13812130da6d1e0e1e750bbd17b180485b38d51d07837ff341107b6ca,无法判定,cost_source_missing,任务-000032输入身份漂移，或尚无获批成本来源登记；未读取当前费率/盘口/账户信息,登记带来源、时间、版本、数据截止和可见性证据的手续费、价差、深度、冲击、资金费率、延迟和可成交量；重新发布批次
cost-20260805T014911+0800-26f68554e23b,DS-000155,ETH,ZI-f73068a8f2789ebf663e39a2,未判定,未判定,未判定,未判定,未判定,未判定（仅允许4小时/8小时/24小时/48小时）,未判定,无法判定,无法判定（成本来源未登记）,无法判定,无法判定,无法判定,无法判定,无法判定,无法判定,无法判定,未判定,未判定,cost-execution-1.0,ca7102ef54f4c2b190484871e99401aef601fecad5b7ca08b8144fb0c8d629d5,9dd20ffd129fbe1c058f213d73686f1818e3b4e9792417559fac4443a94569c6,578b799ed2f1ca77461398ee8589b69c1808f50ccc05e58f829df8e9b2c13cce,无法判定,cost_source_missing,任务-000032输入身份漂移，或尚无获批成本来源登记；未读取当前费率/盘口/账户信息,登记带来源、时间、版本、数据截止和可见性证据的手续费、价差、深度、冲击、资金费率、延迟和可成交量；重新发布批次
cost-20260805T014911+0800-26f68554e23b,DS-000156,BTC,ZI-6939ba155854862e518e6009,未判定,未判定,未判定,未判定,未判定,未判定（仅允许4小时/8小时/24小时/48小时）,未判定,无法判定,无法判定（成本来源未登记）,无法判定,无法判定,无法判定,无法判定,无法判定,无法判定,无法判定,未判定,未判定,cost-execution-1.0,ca7102ef54f4c2b190484871e99401aef601fecad5b7ca08b8144fb0c8d629d5,55c06c205e344251bd43f2db660d616cc39c02b0b419ee0cc4b054880b9f374b,fb1bb7df8b5e5db04043c54aecc7088ee9d20b97a5879cc8eb678852f34e8255,无法判定,cost_source_missing,任务-000032输入身份漂移，或尚无获批成本来源登记；未读取当前费率/盘口/账户信息,登记带来源、时间、版本、数据截止和可见性证据的手续费、价差、深度、冲击、资金费率、延迟和可成交量；重新发布批次
cost-20260805T014911+0800-26f68554e23b,DS-000156,ETH,ZI-ea32ed6152cd1b5d242e9e24,未判定,未判定,未判定,未判定,未判定,未判定（仅允许4小时/8小时/24小时/48小时）,未判定,无法判定,无法判定（成本来源未登记）,无法判定,无法判定,无法判定,无法判定,无法判定,无法判定,无法判定,未判定,未判定,cost-execution-1.0,ca7102ef54f4c2b190484871e99401aef601fecad5b7ca08b8144fb0c8d629d5,55c06c205e344251bd43f2db660d616cc39c02b0b419ee0cc4b054880b9f374b,e8c919c7ddc527b93cc069cffe6a579c78389fbc1e0a487461fac931ef2c595e,无法判定,cost_source_missing,任务-000032输入身份漂移，或尚无获批成本来源登记；未读取当前费率/盘口/账户信息,登记带来源、时间、版本、数据截止和可见性证据的手续费、价差、深度、冲击、资金费率、延迟和可成交量；重新发布批次
cost-20260805T014911+0800-26f68554e23b,DS-000157,BTC,ZI-94557927f00d78aaf5722db0,未判定,未判定,未判定,未判定,未判定,未判定（仅允许4小时/8小时/24小时/48小时）,未判定,无法判定,无法判定（成本来源未登记）,无法判定,无法判定,无法判定,无法判定,无法判定,无法判定,无法判定,未判定,未判定,cost-execution-1.0,ca7102ef54f4c2b190484871e99401aef601fecad5b7ca08b8144fb0c8d629d5,537559a8a77752d025ea6840fb3b2f481a9c6ba68b725d17238b0d9b8737998e,cbdba7f3c34a7f093c5aafceb6a9b6aac0fb26492a82c3f4ebb376688022a1d6,无法判定,cost_source_missing,任务-000032输入身份漂移，或尚无获批成本来源登记；未读取当前费率/盘口/账户信息,登记带来源、时间、版本、数据截止和可见性证据的手续费、价差、深度、冲击、资金费率、延迟和可成交量；重新发布批次
cost-20260805T014911+0800-26f68554e23b,DS-000157,ETH,ZI-981a8cf3dd538295a0a64b3f,未判定,未判定,未判定,未判定,未判定,未判定（仅允许4小时/8小时/24小时/48小时）,未判定,无法判定,无法判定（成本来源未登记）,无法判定,无法判定,无法判定,无法判定,无法判定,无法判定,无法判定,未判定,未判定,cost-execution-1.0,ca7102ef54f4c2b190484871e99401aef601fecad5b7ca08b8144fb0c8d629d5,537559a8a77752d025ea6840fb3b2f481a9c6ba68b725d17238b0d9b8737998e,55b227556446e9cf318f0e01bb5fec3aa5862ff8ec6072ceba6ca3ade387af54,无法判定,cost_source_missing,任务-000032输入身份漂移，或尚无获批成本来源登记；未读取当前费率/盘口/账户信息,登记带来源、时间、版本、数据截止和可见性证据的手续费、价差、深度、冲击、资金费率、延迟和可成交量；重新发布批次
cost-20260805T014911+0800-26f68554e23b,DS-000158,BTC,ZI-7617512dc642e8f9c0fc1dfc,未判定,未判定,未判定,未判定,未判定,未判定（仅允许4小时/8小时/24小时/48小时）,未判定,无法判定,无法判定（成本来源未登记）,无法判定,无法判定,无法判定,无法判定,无法判定,无法判定,无法判定,未判定,未判定,cost-execution-1.0,ca7102ef54f4c2b190484871e99401aef601fecad5b7ca08b8144fb0c8d629d5,d6deef12c10cbafb827bbc9eefacdb7c95ff5b90db53ac6821dada6ef2233971,fce07122d065f5ae7a158270595815748689b30a0af772a98a520f560bde4814,无法判定,cost_source_missing,任务-000032输入身份漂移，或尚无获批成本来源登记；未读取当前费率/盘口/账户信息,登记带来源、时间、版本、数据截止和可见性证据的手续费、价差、深度、冲击、资金费率、延迟和可成交量；重新发布批次
cost-20260805T014911+0800-26f68554e23b,DS-000158,ETH,ZI-e138d2140805838d1a7c0162,未判定,未判定,未判定,未判定,未判定,未判定（仅允许4小时/8小时/24小时/48小时）,未判定,无法判定,无法判定（成本来源未登记）,无法判定,无法判定,无法判定,无法判定,无法判定,无法判定,无法判定,未判定,未判定,cost-execution-1.0,ca7102ef54f4c2b190484871e99401aef601fecad5b7ca08b8144fb0c8d629d5,d6deef12c10cbafb827bbc9eefacdb7c95ff5b90db53ac6821dada6ef2233971,68f0cba11c76c7f35f35c246ad4bebfdfcfee817d13647ea584fc44fe5ce61e0,无法判定,cost_source_missing,任务-000032输入身份漂移，或尚无获批成本来源登记；未读取当前费率/盘口/账户信息,登记带来源、时间、版本、数据截止和可见性证据的手续费、价差、深度、冲击、资金费率、延迟和可成交量；重新发布批次
cost-20260805T014911+0800-26f68554e23b,DS-000159,BTC,ZI-e4239ea33b886b3a8126a033,未判定,未判定,未判定,未判定,未判定,未判定（仅允许4小时/8小时/24小时/48小时）,未判定,无法判定,无法判定（成本来源未登记）,无法判定,无法判定,无法判定,无法判定,无法判定,无法判定,无法判定,未判定,未判定,cost-execution-1.0,ca7102ef54f4c2b190484871e99401aef601fecad5b7ca08b8144fb0c8d629d5,40d5d77f1bdb009eb2923d75e72c63cf8bb833f67526c3ad19bc870f1a584d65,1dd66fe090f137a501a2be9c3387bf1d7aa8823cb8a038b9c1fe82ad184d0931,无法判定,cost_source_missing,任务-000032输入身份漂移，或尚无获批成本来源登记；未读取当前费率/盘口/账户信息,登记带来源、时间、版本、数据截止和可见性证据的手续费、价差、深度、冲击、资金费率、延迟和可成交量；重新发布批次
cost-20260805T014911+0800-26f68554e23b,DS-000159,ETH,ZI-389611b782028a821d4fd2fd,未判定,未判定,未判定,未判定,未判定,未判定（仅允许4小时/8小时/24小时/48小时）,未判定,无法判定,无法判定（成本来源未登记）,无法判定,无法判定,无法判定,无法判定,无法判定,无法判定,无法判定,未判定,未判定,cost-execution-1.0,ca7102ef54f4c2b190484871e99401aef601fecad5b7ca08b8144fb0c8d629d5,40d5d77f1bdb009eb2923d75e72c63cf8bb833f67526c3ad19bc870f1a584d65,67692dcb0f42f59b2d2ed94c27206972d673b6ffa945214f694d0628b7db7d3e,无法判定,cost_source_missing,任务-000032输入身份漂移，或尚无获批成本来源登记；未读取当前费率/盘口/账户信息,登记带来源、时间、版本、数据截止和可见性证据的手续费、价差、深度、冲击、资金费率、延迟和可成交量；重新发布批次
cost-20260805T014911+0800-26f68554e23b,DS-000160,BTC,ZI-f6ab3dfe71d4fa1f19c5dc34,未判定,未判定,未判定,未判定,未判定,未判定（仅允许4小时/8小时/24小时/48小时）,未判定,无法判定,无法判定（成本来源未登记）,无法判定,无法判定,无法判定,无法判定,无法判定,无法判定,无法判定,未判定,未判定,cost-execution-1.0,ca7102ef54f4c2b190484871e99401aef601fecad5b7ca08b8144fb0c8d629d5,538484ed2754643ebd0cbc454be3fd0e6b4a23b9ba09a4777b71d69ea56e4094,7fb53fc5ade18150b6c16855f89ef794e4cc91ee6b9e02dcd1968da13756c165,无法判定,cost_source_missing,任务-000032输入身份漂移，或尚无获批成本来源登记；未读取当前费率/盘口/账户信息,登记带来源、时间、版本、数据截止和可见性证据的手续费、价差、深度、冲击、资金费率、延迟和可成交量；重新发布批次
cost-20260805T014911+0800-26f68554e23b,DS-000160,ETH,ZI-ff9e46ee8a8d96eb44d5bf39,未判定,未判定,未判定,未判定,未判定,未判定（仅允许4小时/8小时/24小时/48小时）,未判定,无法判定,无法判定（成本来源未登记）,无法判定,无法判定,无法判定,无法判定,无法判定,无法判定,无法判定,未判定,未判定,cost-execution-1.0,ca7102ef54f4c2b190484871e99401aef601fecad5b7ca08b8144fb0c8d629d5,538484ed2754643ebd0cbc454be3fd0e6b4a23b9ba09a4777b71d69ea56e4094,b3555805761c65c53523b86c1d3974124f6e0694d562af449e646f432b73ab04,无法判定,cost_source_missing,任务-000032输入身份漂移，或尚无获批成本来源登记；未读取当前费率/盘口/账户信息,登记带来源、时间、版本、数据截止和可见性证据的手续费、价差、深度、冲击、资金费率、延迟和可成交量；重新发布批次
cost-20260805T014911+0800-26f68554e23b,DS-000161,BTC,ZI-d9887ba0784f6c2473f97059,未判定,未判定,未判定,未判定,未判定,未判定（仅允许4小时/8小时/24小时/48小时）,未判定,无法判定,无法判定（成本来源未登记）,无法判定,无法判定,无法判定,无法判定,无法判定,无法判定,无法判定,未判定,未判定,cost-execution-1.0,ca7102ef54f4c2b190484871e99401aef601fecad5b7ca08b8144fb0c8d629d5,2a923b09bd452ab6e16ee90cd1d34c6a58d4d8066f39e20f0e9294d70d4c79a3,cc4ce148dfb5bd8911fc2b5f575f200b7f4bbb0f386d1ec6be0c097793adffae,无法判定,cost_source_missing,任务-000032输入身份漂移，或尚无获批成本来源登记；未读取当前费率/盘口/账户信息,登记带来源、时间、版本、数据截止和可见性证据的手续费、价差、深度、冲击、资金费率、延迟和可成交量；重新发布批次
cost-20260805T014911+0800-26f68554e23b,DS-000161,ETH,ZI-f9d8ea08ef193804ac5c2d24,未判定,未判定,未判定,未判定,未判定,未判定（仅允许4小时/8小时/24小时/48小时）,未判定,无法判定,无法判定（成本来源未登记）,无法判定,无法判定,无法判定,无法判定,无法判定,无法判定,无法判定,未判定,未判定,cost-execution-1.0,ca7102ef54f4c2b190484871e99401aef601fecad5b7ca08b8144fb0c8d629d5,2a923b09bd452ab6e16ee90cd1d34c6a58d4d8066f39e20f0e9294d70d4c79a3,448dd5e608a9e89eaba8496ebc7d29af5fe390ea9de6b8e65b6c1fcd9cab5bd1,无法判定,cost_source_missing,任务-000032输入身份漂移，或尚无获批成本来源登记；未读取当前费率/盘口/账户信息,登记带来源、时间、版本、数据截止和可见性证据的手续费、价差、深度、冲击、资金费率、延迟和可成交量；重新发布批次
cost-20260805T014911+0800-26f68554e23b,DS-000162,BTC,ZI-455991cb8b0b7e308ee383e8,未判定,未判定,未判定,未判定,未判定,未判定（仅允许4小时/8小时/24小时/48小时）,未判定,无法判定,无法判定（成本来源未登记）,无法判定,无法判定,无法判定,无法判定,无法判定,无法判定,无法判定,未判定,未判定,cost-execution-1.0,ca7102ef54f4c2b190484871e99401aef601fecad5b7ca08b8144fb0c8d629d5,678f0ea1393ca3ccdbdf891962ff269a0c660234fb8219b531888e92a2e25dbd,9a06a0bdbcbfa00d17130347feea30206836eda95ea2406c2329115b33e0ce5a,无法判定,cost_source_missing,任务-000032输入身份漂移，或尚无获批成本来源登记；未读取当前费率/盘口/账户信息,登记带来源、时间、版本、数据截止和可见性证据的手续费、价差、深度、冲击、资金费率、延迟和可成交量；重新发布批次
cost-20260805T014911+0800-26f68554e23b,DS-000162,ETH,ZI-e6288ec06bff9cdf648b4042,未判定,未判定,未判定,未判定,未判定,未判定（仅允许4小时/8小时/24小时/48小时）,未判定,无法判定,无法判定（成本来源未登记）,无法判定,无法判定,无法判定,无法判定,无法判定,无法判定,无法判定,未判定,未判定,cost-execution-1.0,ca7102ef54f4c2b190484871e99401aef601fecad5b7ca08b8144fb0c8d629d5,678f0ea1393ca3ccdbdf891962ff269a0c660234fb8219b531888e92a2e25dbd,8979ed1bdd0f76581af103b7eecc976def249ff920a0cf0de72811da7bca6f04,无法判定,cost_source_missing,任务-000032输入身份漂移，或尚无获批成本来源登记；未读取当前费率/盘口/账户信息,登记带来源、时间、版本、数据截止和可见性证据的手续费、价差、深度、冲击、资金费率、延迟和可成交量；重新发布批次
cost-20260805T014911+0800-26f68554e23b,DS-000163,BTC,ZI-d66eff48ef4c87b84424c5f3,未判定,未判定,未判定,未判定,未判定,未判定（仅允许4小时/8小时/24小时/48小时）,未判定,无法判定,无法判定（成本来源未登记）,无法判定,无法判定,无法判定,无法判定,无法判定,无法判定,无法判定,未判定,未判定,cost-execution-1.0,ca7102ef54f4c2b190484871e99401aef601fecad5b7ca08b8144fb0c8d629d5,d4847849db81fa1cbd47b75af714d99c76940421361c279ed8d915be879ef5f4,82f0236f5d96f39e31c5a2f57510bebcfd2a81cb6c7cdbb00bdb376ed49692cd,无法判定,cost_source_missing,任务-000032输入身份漂移，或尚无获批成本来源登记；未读取当前费率/盘口/账户信息,登记带来源、时间、版本、数据截止和可见性证据的手续费、价差、深度、冲击、资金费率、延迟和可成交量；重新发布批次
cost-20260805T014911+0800-26f68554e23b,DS-000163,ETH,ZI-80b98789c86787fb429ef2e3,未判定,未判定,未判定,未判定,未判定,未判定（仅允许4小时/8小时/24小时/48小时）,未判定,无法判定,无法判定（成本来源未登记）,无法判定,无法判定,无法判定,无法判定,无法判定,无法判定,无法判定,未判定,未判定,cost-execution-1.0,ca7102ef54f4c2b190484871e99401aef601fecad5b7ca08b8144fb0c8d629d5,d4847849db81fa1cbd47b75af714d99c76940421361c279ed8d915be879ef5f4,0e1323181640168c0dc3a8673ebbcfd7017b7ef7343017d0261b426b38e865cc,无法判定,cost_source_missing,任务-000032输入身份漂移，或尚无获批成本来源登记；未读取当前费率/盘口/账户信息,登记带来源、时间、版本、数据截止和可见性证据的手续费、价差、深度、冲击、资金费率、延迟和可成交量；重新发布批次
cost-20260805T014911+0800-26f68554e23b,DS-000164,BTC,ZI-17947f8323f81e7134b3ea1c,未判定,未判定,未判定,未判定,未判定,未判定（仅允许4小时/8小时/24小时/48小时）,未判定,拒绝,拒绝（输入身份漂移）,拒绝,拒绝,拒绝,拒绝,拒绝,拒绝,拒绝,未判定,未判定,cost-execution-1.0,ca7102ef54f4c2b190484871e99401aef601fecad5b7ca08b8144fb0c8d629d5,71feee0f20fd99a73533e69cdf2ad5221bc861e15fa147169ecdaa02719f2ed4,6aba9ba6d275de94baea075e4ea797ffcdf11d90e2fdd6b9235c88843fae68cc,拒绝,input_identity_drift,任务-000032输入身份漂移，或尚无获批成本来源登记；未读取当前费率/盘口/账户信息,登记带来源、时间、版本、数据截止和可见性证据的手续费、价差、深度、冲击、资金费率、延迟和可成交量；重新发布批次
cost-20260805T014911+0800-26f68554e23b,DS-000164,ETH,ZI-1a15f6cb7a7b389c7ce47d98,未判定,未判定,未判定,未判定,未判定,未判定（仅允许4小时/8小时/24小时/48小时）,未判定,拒绝,拒绝（输入身份漂移）,拒绝,拒绝,拒绝,拒绝,拒绝,拒绝,拒绝,未判定,未判定,cost-execution-1.0,ca7102ef54f4c2b190484871e99401aef601fecad5b7ca08b8144fb0c8d629d5,71feee0f20fd99a73533e69cdf2ad5221bc861e15fa147169ecdaa02719f2ed4,e17dbbd6fbd0b7f997a49d35103a434aabb1fbedd2dc36fc53b20dd738b78097,拒绝,input_identity_drift,任务-000032输入身份漂移，或尚无获批成本来源登记；未读取当前费率/盘口/账户信息,登记带来源、时间、版本、数据截止和可见性证据的手续费、价差、深度、冲击、资金费率、延迟和可成交量；重新发布批次
cost-20260805T014911+0800-26f68554e23b,DS-000165,BTC,ZI-f26abf407f8b04d24370113f,未判定,未判定,未判定,未判定,未判定,未判定（仅允许4小时/8小时/24小时/48小时）,未判定,无法判定,无法判定（成本来源未登记）,无法判定,无法判定,无法判定,无法判定,无法判定,无法判定,无法判定,未判定,未判定,cost-execution-1.0,ca7102ef54f4c2b190484871e99401aef601fecad5b7ca08b8144fb0c8d629d5,f48786adda8248082d28114245df4bf5c5f3bb02670090e81d6611d46524532b,552b8b14319dcd0e4be4a2d4447e68873cfb49eaf272db9cb404fcd2f663bbd1,无法判定,cost_source_missing,任务-000032输入身份漂移，或尚无获批成本来源登记；未读取当前费率/盘口/账户信息,登记带来源、时间、版本、数据截止和可见性证据的手续费、价差、深度、冲击、资金费率、延迟和可成交量；重新发布批次
cost-20260805T014911+0800-26f68554e23b,DS-000165,ETH,ZI-1941dc115ef30ebc9b56f4af,未判定,未判定,未判定,未判定,未判定,未判定（仅允许4小时/8小时/24小时/48小时）,未判定,无法判定,无法判定（成本来源未登记）,无法判定,无法判定,无法判定,无法判定,无法判定,无法判定,无法判定,未判定,未判定,cost-execution-1.0,ca7102ef54f4c2b190484871e99401aef601fecad5b7ca08b8144fb0c8d629d5,f48786adda8248082d28114245df4bf5c5f3bb02670090e81d6611d46524532b,da09985cdc727798a1a73021ff1e11745ef6cff3c2ce218bb5fdda27b21f0c45,无法判定,cost_source_missing,任务-000032输入身份漂移，或尚无获批成本来源登记；未读取当前费率/盘口/账户信息,登记带来源、时间、版本、数据截止和可见性证据的手续费、价差、深度、冲击、资金费率、延迟和可成交量；重新发布批次
cost-20260805T014911+0800-26f68554e23b,DS-000166,BTC,ZI-4b9d46c03dd6f781351926e4,未判定,未判定,未判定,未判定,未判定,未判定（仅允许4小时/8小时/24小时/48小时）,未判定,无法判定,无法判定（成本来源未登记）,无法判定,无法判定,无法判定,无法判定,无法判定,无法判定,无法判定,未判定,未判定,cost-execution-1.0,ca7102ef54f4c2b190484871e99401aef601fecad5b7ca08b8144fb0c8d629d5,56c6a7575cb5086cc0cdd6648f38323799d3791fcef57472e9c262f8354f4e59,603292727540f90e1bc34556958b394b5fce90f2aeba7d0ce16512d10ed352c1,无法判定,cost_source_missing,任务-000032输入身份漂移，或尚无获批成本来源登记；未读取当前费率/盘口/账户信息,登记带来源、时间、版本、数据截止和可见性证据的手续费、价差、深度、冲击、资金费率、延迟和可成交量；重新发布批次
cost-20260805T014911+0800-26f68554e23b,DS-000166,ETH,ZI-314e1e22c6f8101d223a88b5,未判定,未判定,未判定,未判定,未判定,未判定（仅允许4小时/8小时/24小时/48小时）,未判定,无法判定,无法判定（成本来源未登记）,无法判定,无法判定,无法判定,无法判定,无法判定,无法判定,无法判定,未判定,未判定,cost-execution-1.0,ca7102ef54f4c2b190484871e99401aef601fecad5b7ca08b8144fb0c8d629d5,56c6a7575cb5086cc0cdd6648f38323799d3791fcef57472e9c262f8354f4e59,a1a1b2af9ccd6b0c8fe3ec9d4ac2c643d1cc2f812c5f20567d49103e8072a2f3,无法判定,cost_source_missing,任务-000032输入身份漂移，或尚无获批成本来源登记；未读取当前费率/盘口/账户信息,登记带来源、时间、版本、数据截止和可见性证据的手续费、价差、深度、冲击、资金费率、延迟和可成交量；重新发布批次
cost-20260805T014911+0800-26f68554e23b,DS-000167,BTC,ZI-34dff9049f1d369afb466555,未判定,未判定,未判定,未判定,未判定,未判定（仅允许4小时/8小时/24小时/48小时）,未判定,无法判定,无法判定（成本来源未登记）,无法判定,无法判定,无法判定,无法判定,无法判定,无法判定,无法判定,未判定,未判定,cost-execution-1.0,ca7102ef54f4c2b190484871e99401aef601fecad5b7ca08b8144fb0c8d629d5,8836dd28036240c35b6c3e9808ea7740467dcb164f61aba97230b0e6b9843c09,6527bf7270479dafd8a0758fcedef6e4bacf9c8753b493d29d1bc75672818e4d,无法判定,cost_source_missing,任务-000032输入身份漂移，或尚无获批成本来源登记；未读取当前费率/盘口/账户信息,登记带来源、时间、版本、数据截止和可见性证据的手续费、价差、深度、冲击、资金费率、延迟和可成交量；重新发布批次
cost-20260805T014911+0800-26f68554e23b,DS-000167,ETH,ZI-5fd2b1e41bc22cd80f22c222,未判定,未判定,未判定,未判定,未判定,未判定（仅允许4小时/8小时/24小时/48小时）,未判定,无法判定,无法判定（成本来源未登记）,无法判定,无法判定,无法判定,无法判定,无法判定,无法判定,无法判定,未判定,未判定,cost-execution-1.0,ca7102ef54f4c2b190484871e99401aef601fecad5b7ca08b8144fb0c8d629d5,8836dd28036240c35b6c3e9808ea7740467dcb164f61aba97230b0e6b9843c09,f60ca8f92c99013212753d690ea32b1ccf2dad1d9f237fb371893197577710da,无法判定,cost_source_missing,任务-000032输入身份漂移，或尚无获批成本来源登记；未读取当前费率/盘口/账户信息,登记带来源、时间、版本、数据截止和可见性证据的手续费、价差、深度、冲击、资金费率、延迟和可成交量；重新发布批次
cost-20260805T014911+0800-26f68554e23b,DS-000168,BTC,ZI-e55942224685f7d269286e18,未判定,未判定,未判定,未判定,未判定,未判定（仅允许4小时/8小时/24小时/48小时）,未判定,无法判定,无法判定（成本来源未登记）,无法判定,无法判定,无法判定,无法判定,无法判定,无法判定,无法判定,未判定,未判定,cost-execution-1.0,ca7102ef54f4c2b190484871e99401aef601fecad5b7ca08b8144fb0c8d629d5,7e45df5d6d7bf251b7477db4e79d73fc9d82d14110a27d55e17380c05e2be8e3,d0e9d31a1876418c79c55da71c2ef9691c83a44a65494ac0ab60078a0203155d,无法判定,cost_source_missing,任务-000032输入身份漂移，或尚无获批成本来源登记；未读取当前费率/盘口/账户信息,登记带来源、时间、版本、数据截止和可见性证据的手续费、价差、深度、冲击、资金费率、延迟和可成交量；重新发布批次
cost-20260805T014911+0800-26f68554e23b,DS-000168,ETH,ZI-89c2b7f24c75afde7f33de90,未判定,未判定,未判定,未判定,未判定,未判定（仅允许4小时/8小时/24小时/48小时）,未判定,无法判定,无法判定（成本来源未登记）,无法判定,无法判定,无法判定,无法判定,无法判定,无法判定,无法判定,未判定,未判定,cost-execution-1.0,ca7102ef54f4c2b190484871e99401aef601fecad5b7ca08b8144fb0c8d629d5,7e45df5d6d7bf251b7477db4e79d73fc9d82d14110a27d55e17380c05e2be8e3,737c3b7f4ed1b11b9a8a1915d873bef35ece09af3b2b56490c8b1230119c67ed,无法判定,cost_source_missing,任务-000032输入身份漂移，或尚无获批成本来源登记；未读取当前费率/盘口/账户信息,登记带来源、时间、版本、数据截止和可见性证据的手续费、价差、深度、冲击、资金费率、延迟和可成交量；重新发布批次
cost-20260805T014911+0800-26f68554e23b,DS-000169,BTC,ZI-5a84cfbc430a960cd28000ec,未判定,未判定,未判定,未判定,未判定,未判定（仅允许4小时/8小时/24小时/48小时）,未判定,无法判定,无法判定（成本来源未登记）,无法判定,无法判定,无法判定,无法判定,无法判定,无法判定,无法判定,未判定,未判定,cost-execution-1.0,ca7102ef54f4c2b190484871e99401aef601fecad5b7ca08b8144fb0c8d629d5,3613bca8cb78f7a4bc131b6acd7b201234e3af8e7094e5c378dfdfb473c0af8a,f5132911ae7c819703627ef95dab2b13b941bc80a1d03e70b6cc1e6b4f8e6ca0,无法判定,cost_source_missing,任务-000032输入身份漂移，或尚无获批成本来源登记；未读取当前费率/盘口/账户信息,登记带来源、时间、版本、数据截止和可见性证据的手续费、价差、深度、冲击、资金费率、延迟和可成交量；重新发布批次
cost-20260805T014911+0800-26f68554e23b,DS-000169,ETH,ZI-be12db97204165cc34d89468,未判定,未判定,未判定,未判定,未判定,未判定（仅允许4小时/8小时/24小时/48小时）,未判定,无法判定,无法判定（成本来源未登记）,无法判定,无法判定,无法判定,无法判定,无法判定,无法判定,无法判定,未判定,未判定,cost-execution-1.0,ca7102ef54f4c2b190484871e99401aef601fecad5b7ca08b8144fb0c8d629d5,3613bca8cb78f7a4bc131b6acd7b201234e3af8e7094e5c378dfdfb473c0af8a,db89b1da0404c06f3f64d14f272b0efd4b30d981e788200587222fc74a63b130,无法判定,cost_source_missing,任务-000032输入身份漂移，或尚无获批成本来源登记；未读取当前费率/盘口/账户信息,登记带来源、时间、版本、数据截止和可见性证据的手续费、价差、深度、冲击、资金费率、延迟和可成交量；重新发布批次
cost-20260805T014911+0800-26f68554e23b,DS-000170,BTC,ZI-fb526a38ae5fd3aa09ae64ae,未判定,未判定,未判定,未判定,未判定,未判定（仅允许4小时/8小时/24小时/48小时）,未判定,无法判定,无法判定（成本来源未登记）,无法判定,无法判定,无法判定,无法判定,无法判定,无法判定,无法判定,未判定,未判定,cost-execution-1.0,ca7102ef54f4c2b190484871e99401aef601fecad5b7ca08b8144fb0c8d629d5,c3db3d0e55c48e7b6204d2132febbb5dff266ca71bf6b427d144f9575a8f4afd,5048a8e44b12307195a01b76be891e698ef33e4a090793110340715a3b2b01e8,无法判定,cost_source_missing,任务-000032输入身份漂移，或尚无获批成本来源登记；未读取当前费率/盘口/账户信息,登记带来源、时间、版本、数据截止和可见性证据的手续费、价差、深度、冲击、资金费率、延迟和可成交量；重新发布批次
cost-20260805T014911+0800-26f68554e23b,DS-000170,ETH,ZI-7975e6ac233ceb6fe112822a,未判定,未判定,未判定,未判定,未判定,未判定（仅允许4小时/8小时/24小时/48小时）,未判定,无法判定,无法判定（成本来源未登记）,无法判定,无法判定,无法判定,无法判定,无法判定,无法判定,无法判定,未判定,未判定,cost-execution-1.0,ca7102ef54f4c2b190484871e99401aef601fecad5b7ca08b8144fb0c8d629d5,c3db3d0e55c48e7b6204d2132febbb5dff266ca71bf6b427d144f9575a8f4afd,565639d87eb063f17afeb40dbbb85cc8f095e40c30364f575def648011160d37,无法判定,cost_source_missing,任务-000032输入身份漂移，或尚无获批成本来源登记；未读取当前费率/盘口/账户信息,登记带来源、时间、版本、数据截止和可见性证据的手续费、价差、深度、冲击、资金费率、延迟和可成交量；重新发布批次
cost-20260805T014911+0800-26f68554e23b,DS-000171,BTC,ZI-7d429d1f623c63bbc6f1ef8e,未判定,未判定,未判定,未判定,未判定,未判定（仅允许4小时/8小时/24小时/48小时）,未判定,无法判定,无法判定（成本来源未登记）,无法判定,无法判定,无法判定,无法判定,无法判定,无法判定,无法判定,未判定,未判定,cost-execution-1.0,ca7102ef54f4c2b190484871e99401aef601fecad5b7ca08b8144fb0c8d629d5,5dd219b17189dab00e7aca20d74b23f98711b2ca6eb619d46b4fdd023e3165dd,e5b3862f12d869c785c9bf4d18b3034a6031cb5946248b8e6e9f6cc9c9ea9981,无法判定,cost_source_missing,任务-000032输入身份漂移，或尚无获批成本来源登记；未读取当前费率/盘口/账户信息,登记带来源、时间、版本、数据截止和可见性证据的手续费、价差、深度、冲击、资金费率、延迟和可成交量；重新发布批次
cost-20260805T014911+0800-26f68554e23b,DS-000171,ETH,ZI-8e1e251ad2644c622fe3251d,未判定,未判定,未判定,未判定,未判定,未判定（仅允许4小时/8小时/24小时/48小时）,未判定,无法判定,无法判定（成本来源未登记）,无法判定,无法判定,无法判定,无法判定,无法判定,无法判定,无法判定,未判定,未判定,cost-execution-1.0,ca7102ef54f4c2b190484871e99401aef601fecad5b7ca08b8144fb0c8d629d5,5dd219b17189dab00e7aca20d74b23f98711b2ca6eb619d46b4fdd023e3165dd,31f3b1d21c6e711966d5c8c512006f2d061adca979c4b695a14f6d056ce9a720,无法判定,cost_source_missing,任务-000032输入身份漂移，或尚无获批成本来源登记；未读取当前费率/盘口/账户信息,登记带来源、时间、版本、数据截止和可见性证据的手续费、价差、深度、冲击、资金费率、延迟和可成交量；重新发布批次
cost-20260805T014911+0800-26f68554e23b,DS-000172,BTC,ZI-aac1bb06a6b99207067ded53,未判定,未判定,未判定,未判定,未判定,未判定（仅允许4小时/8小时/24小时/48小时）,未判定,无法判定,无法判定（成本来源未登记）,无法判定,无法判定,无法判定,无法判定,无法判定,无法判定,无法判定,未判定,未判定,cost-execution-1.0,ca7102ef54f4c2b190484871e99401aef601fecad5b7ca08b8144fb0c8d629d5,347009a02e72f7232a2662f3f48726eb1f86ed7478861190b6e32293fb020201,4061fc6368526d59499140d2bd5fe74e4d9e6fb152e92ec7c50ae8a9fc349136,无法判定,cost_source_missing,任务-000032输入身份漂移，或尚无获批成本来源登记；未读取当前费率/盘口/账户信息,登记带来源、时间、版本、数据截止和可见性证据的手续费、价差、深度、冲击、资金费率、延迟和可成交量；重新发布批次
cost-20260805T014911+0800-26f68554e23b,DS-000172,ETH,ZI-aa4e4e76bfed966005c708d6,未判定,未判定,未判定,未判定,未判定,未判定（仅允许4小时/8小时/24小时/48小时）,未判定,无法判定,无法判定（成本来源未登记）,无法判定,无法判定,无法判定,无法判定,无法判定,无法判定,无法判定,未判定,未判定,cost-execution-1.0,ca7102ef54f4c2b190484871e99401aef601fecad5b7ca08b8144fb0c8d629d5,347009a02e72f7232a2662f3f48726eb1f86ed7478861190b6e32293fb020201,3807298502bed1efff038b8df4e21e2c09fb53ff6dae7e118a3e5d0063925dce,无法判定,cost_source_missing,任务-000032输入身份漂移，或尚无获批成本来源登记；未读取当前费率/盘口/账户信息,登记带来源、时间、版本、数据截止和可见性证据的手续费、价差、深度、冲击、资金费率、延迟和可成交量；重新发布批次
cost-20260805T014911+0800-26f68554e23b,DS-000173,BTC,ZI-fa106fa26030d60d8965c34b,未判定,未判定,未判定,未判定,未判定,未判定（仅允许4小时/8小时/24小时/48小时）,未判定,无法判定,无法判定（成本来源未登记）,无法判定,无法判定,无法判定,无法判定,无法判定,无法判定,无法判定,未判定,未判定,cost-execution-1.0,ca7102ef54f4c2b190484871e99401aef601fecad5b7ca08b8144fb0c8d629d5,9acc9578573999b8914f6e270326ff74faf0baf6ba0d36ad33701f1ec03d32d3,0f61cbb298af727449adc56c456fb1ad4dcf02403234c86fed41969535a6bff4,无法判定,cost_source_missing,任务-000032输入身份漂移，或尚无获批成本来源登记；未读取当前费率/盘口/账户信息,登记带来源、时间、版本、数据截止和可见性证据的手续费、价差、深度、冲击、资金费率、延迟和可成交量；重新发布批次
cost-20260805T014911+0800-26f68554e23b,DS-000173,ETH,ZI-69c85807fb109670f590ba46,未判定,未判定,未判定,未判定,未判定,未判定（仅允许4小时/8小时/24小时/48小时）,未判定,无法判定,无法判定（成本来源未登记）,无法判定,无法判定,无法判定,无法判定,无法判定,无法判定,无法判定,未判定,未判定,cost-execution-1.0,ca7102ef54f4c2b190484871e99401aef601fecad5b7ca08b8144fb0c8d629d5,9acc9578573999b8914f6e270326ff74faf0baf6ba0d36ad33701f1ec03d32d3,23e0230d3fb8432a0ab2064c2fc0686946fbf49f9fa31604acf30719c40e4e21,无法判定,cost_source_missing,任务-000032输入身份漂移，或尚无获批成本来源登记；未读取当前费率/盘口/账户信息,登记带来源、时间、版本、数据截止和可见性证据的手续费、价差、深度、冲击、资金费率、延迟和可成交量；重新发布批次
cost-20260805T014911+0800-26f68554e23b,DS-000174,BTC,ZI-a395eafdee634d105fbc037f,未判定,未判定,未判定,未判定,未判定,未判定（仅允许4小时/8小时/24小时/48小时）,未判定,无法判定,无法判定（成本来源未登记）,无法判定,无法判定,无法判定,无法判定,无法判定,无法判定,无法判定,未判定,未判定,cost-execution-1.0,ca7102ef54f4c2b190484871e99401aef601fecad5b7ca08b8144fb0c8d629d5,2c40dd9fdfc936546c69482135498a6c590697a96916defa80fc5db8ed5512b9,e80f1b03edce0f4d5d5056c73c7c5001ff200f08ad738a87759240126d206234,无法判定,cost_source_missing,任务-000032输入身份漂移，或尚无获批成本来源登记；未读取当前费率/盘口/账户信息,登记带来源、时间、版本、数据截止和可见性证据的手续费、价差、深度、冲击、资金费率、延迟和可成交量；重新发布批次
cost-20260805T014911+0800-26f68554e23b,DS-000174,ETH,ZI-0cb93df8f9f6ba3feaff5d8c,未判定,未判定,未判定,未判定,未判定,未判定（仅允许4小时/8小时/24小时/48小时）,未判定,无法判定,无法判定（成本来源未登记）,无法判定,无法判定,无法判定,无法判定,无法判定,无法判定,无法判定,未判定,未判定,cost-execution-1.0,ca7102ef54f4c2b190484871e99401aef601fecad5b7ca08b8144fb0c8d629d5,2c40dd9fdfc936546c69482135498a6c590697a96916defa80fc5db8ed5512b9,c8fca57afc3d65943300936bd376db0286e00df038645bb453e274589a8c1700,无法判定,cost_source_missing,任务-000032输入身份漂移，或尚无获批成本来源登记；未读取当前费率/盘口/账户信息,登记带来源、时间、版本、数据截止和可见性证据的手续费、价差、深度、冲击、资金费率、延迟和可成交量；重新发布批次
cost-20260805T014911+0800-26f68554e23b,DS-000175,BTC,ZI-1152bffa2435f07af09dc124,未判定,未判定,未判定,未判定,未判定,未判定（仅允许4小时/8小时/24小时/48小时）,未判定,无法判定,无法判定（成本来源未登记）,无法判定,无法判定,无法判定,无法判定,无法判定,无法判定,无法判定,未判定,未判定,cost-execution-1.0,ca7102ef54f4c2b190484871e99401aef601fecad5b7ca08b8144fb0c8d629d5,d61ed493188b73c4be1153b8fa0fe4d6aa3575e9253aebb67873ccee85f9bca9,59e004ab1dd27468fa5f462f6614fad2c4cb6de5a8fe56dc79708db6aa3e7faf,无法判定,cost_source_missing,任务-000032输入身份漂移，或尚无获批成本来源登记；未读取当前费率/盘口/账户信息,登记带来源、时间、版本、数据截止和可见性证据的手续费、价差、深度、冲击、资金费率、延迟和可成交量；重新发布批次
cost-20260805T014911+0800-26f68554e23b,DS-000175,ETH,ZI-1e894fa6ac9c4d524bbba0ff,未判定,未判定,未判定,未判定,未判定,未判定（仅允许4小时/8小时/24小时/48小时）,未判定,无法判定,无法判定（成本来源未登记）,无法判定,无法判定,无法判定,无法判定,无法判定,无法判定,无法判定,未判定,未判定,cost-execution-1.0,ca7102ef54f4c2b190484871e99401aef601fecad5b7ca08b8144fb0c8d629d5,d61ed493188b73c4be1153b8fa0fe4d6aa3575e9253aebb67873ccee85f9bca9,a1090e99cd1d699c962dcd90760031a26ff78fd16dd40c4722ee2bc19e78a8b1,无法判定,cost_source_missing,任务-000032输入身份漂移，或尚无获批成本来源登记；未读取当前费率/盘口/账户信息,登记带来源、时间、版本、数据截止和可见性证据的手续费、价差、深度、冲击、资金费率、延迟和可成交量；重新发布批次
cost-20260805T014911+0800-26f68554e23b,DS-000176,BTC,ZI-a9f305697de0c752d67de6f9,未判定,未判定,未判定,未判定,未判定,未判定（仅允许4小时/8小时/24小时/48小时）,未判定,无法判定,无法判定（成本来源未登记）,无法判定,无法判定,无法判定,无法判定,无法判定,无法判定,无法判定,未判定,未判定,cost-execution-1.0,ca7102ef54f4c2b190484871e99401aef601fecad5b7ca08b8144fb0c8d629d5,8babdb8bf0cc77e04c249348ad482e2f9c1d761ee00283354c90519ba4fa917d,09613bdc6061fe19548be969c1d6155652b3c756ba3e2119c6398af248bc474b,无法判定,cost_source_missing,任务-000032输入身份漂移，或尚无获批成本来源登记；未读取当前费率/盘口/账户信息,登记带来源、时间、版本、数据截止和可见性证据的手续费、价差、深度、冲击、资金费率、延迟和可成交量；重新发布批次
cost-20260805T014911+0800-26f68554e23b,DS-000176,ETH,ZI-af99d154928fc1735d41f307,未判定,未判定,未判定,未判定,未判定,未判定（仅允许4小时/8小时/24小时/48小时）,未判定,无法判定,无法判定（成本来源未登记）,无法判定,无法判定,无法判定,无法判定,无法判定,无法判定,无法判定,未判定,未判定,cost-execution-1.0,ca7102ef54f4c2b190484871e99401aef601fecad5b7ca08b8144fb0c8d629d5,8babdb8bf0cc77e04c249348ad482e2f9c1d761ee00283354c90519ba4fa917d,5961cf6c94602013ba717bb9c417e1643567efef9c2912ec2bd7cb0f62f28909,无法判定,cost_source_missing,任务-000032输入身份漂移，或尚无获批成本来源登记；未读取当前费率/盘口/账户信息,登记带来源、时间、版本、数据截止和可见性证据的手续费、价差、深度、冲击、资金费率、延迟和可成交量；重新发布批次
cost-20260805T014911+0800-26f68554e23b,DS-000177,BTC,ZI-3738394efd413b3002a00a2c,未判定,未判定,未判定,未判定,未判定,未判定（仅允许4小时/8小时/24小时/48小时）,未判定,无法判定,无法判定（成本来源未登记）,无法判定,无法判定,无法判定,无法判定,无法判定,无法判定,无法判定,未判定,未判定,cost-execution-1.0,ca7102ef54f4c2b190484871e99401aef601fecad5b7ca08b8144fb0c8d629d5,43e025712ced61fd582333ec1ca8ba8e5bc9bca60dfe060800eb9f1680319b68,c936fcb6d685db475fe02ba00daa1b9f89f04fda29363f588ddaa8a2f1d62b2b,无法判定,cost_source_missing,任务-000032输入身份漂移，或尚无获批成本来源登记；未读取当前费率/盘口/账户信息,登记带来源、时间、版本、数据截止和可见性证据的手续费、价差、深度、冲击、资金费率、延迟和可成交量；重新发布批次
cost-20260805T014911+0800-26f68554e23b,DS-000177,ETH,ZI-e1863b4de9f4c6fe5fbefacd,未判定,未判定,未判定,未判定,未判定,未判定（仅允许4小时/8小时/24小时/48小时）,未判定,无法判定,无法判定（成本来源未登记）,无法判定,无法判定,无法判定,无法判定,无法判定,无法判定,无法判定,未判定,未判定,cost-execution-1.0,ca7102ef54f4c2b190484871e99401aef601fecad5b7ca08b8144fb0c8d629d5,43e025712ced61fd582333ec1ca8ba8e5bc9bca60dfe060800eb9f1680319b68,2834d077d9fe9eb3204e74f3f506ddbffc52f38a6d14564f1426e9a1cccaac0b,无法判定,cost_source_missing,任务-000032输入身份漂移，或尚无获批成本来源登记；未读取当前费率/盘口/账户信息,登记带来源、时间、版本、数据截止和可见性证据的手续费、价差、深度、冲击、资金费率、延迟和可成交量；重新发布批次
cost-20260805T014911+0800-26f68554e23b,DS-000178,BTC,ZI-46362304247211436445a671,未判定,未判定,未判定,未判定,未判定,未判定（仅允许4小时/8小时/24小时/48小时）,未判定,无法判定,无法判定（成本来源未登记）,无法判定,无法判定,无法判定,无法判定,无法判定,无法判定,无法判定,未判定,未判定,cost-execution-1.0,ca7102ef54f4c2b190484871e99401aef601fecad5b7ca08b8144fb0c8d629d5,fc466ffbf36dcba2a8b014b330227c6c36da1742a3248b617b77673737a85d6d,91cd60618c7a01243151bd95d38ad2c922d69db3851dd435d6734af9d89805a7,无法判定,cost_source_missing,任务-000032输入身份漂移，或尚无获批成本来源登记；未读取当前费率/盘口/账户信息,登记带来源、时间、版本、数据截止和可见性证据的手续费、价差、深度、冲击、资金费率、延迟和可成交量；重新发布批次
cost-20260805T014911+0800-26f68554e23b,DS-000178,ETH,ZI-a286800bd49b9fd96217a223,未判定,未判定,未判定,未判定,未判定,未判定（仅允许4小时/8小时/24小时/48小时）,未判定,无法判定,无法判定（成本来源未登记）,无法判定,无法判定,无法判定,无法判定,无法判定,无法判定,无法判定,未判定,未判定,cost-execution-1.0,ca7102ef54f4c2b190484871e99401aef601fecad5b7ca08b8144fb0c8d629d5,fc466ffbf36dcba2a8b014b330227c6c36da1742a3248b617b77673737a85d6d,763542aa1189347ca252a5e5abcc4097fb6afa140c7ab6f231af0996b584d1a0,无法判定,cost_source_missing,任务-000032输入身份漂移，或尚无获批成本来源登记；未读取当前费率/盘口/账户信息,登记带来源、时间、版本、数据截止和可见性证据的手续费、价差、深度、冲击、资金费率、延迟和可成交量；重新发布批次
cost-20260805T014911+0800-26f68554e23b,DS-000179,BTC,ZI-b69c1e9048e918566ceefa22,未判定,未判定,未判定,未判定,未判定,未判定（仅允许4小时/8小时/24小时/48小时）,未判定,无法判定,无法判定（成本来源未登记）,无法判定,无法判定,无法判定,无法判定,无法判定,无法判定,无法判定,未判定,未判定,cost-execution-1.0,ca7102ef54f4c2b190484871e99401aef601fecad5b7ca08b8144fb0c8d629d5,88cf1341c49f8db646907f7ac6ab1b743c23b9db5f2735e35eafb069aa3454e3,a33d0cdcbc87e9b7cb4d3cd692590771e3b12ef7acf9998116ac8c2a4b73620e,无法判定,cost_source_missing,任务-000032输入身份漂移，或尚无获批成本来源登记；未读取当前费率/盘口/账户信息,登记带来源、时间、版本、数据截止和可见性证据的手续费、价差、深度、冲击、资金费率、延迟和可成交量；重新发布批次
cost-20260805T014911+0800-26f68554e23b,DS-000179,ETH,ZI-01df71cf5d15618f09165f09,未判定,未判定,未判定,未判定,未判定,未判定（仅允许4小时/8小时/24小时/48小时）,未判定,无法判定,无法判定（成本来源未登记）,无法判定,无法判定,无法判定,无法判定,无法判定,无法判定,无法判定,未判定,未判定,cost-execution-1.0,ca7102ef54f4c2b190484871e99401aef601fecad5b7ca08b8144fb0c8d629d5,88cf1341c49f8db646907f7ac6ab1b743c23b9db5f2735e35eafb069aa3454e3,64c1c66b6b712c8a096053d3ecce42ce1cb019ab51ed182d10dd719e32e0ba61,无法判定,cost_source_missing,任务-000032输入身份漂移，或尚无获批成本来源登记；未读取当前费率/盘口/账户信息,登记带来源、时间、版本、数据截止和可见性证据的手续费、价差、深度、冲击、资金费率、延迟和可成交量；重新发布批次
cost-20260805T014911+0800-26f68554e23b,DS-000180,BTC,ZI-d64a2f2a8cd520c712ce9c8f,未判定,未判定,未判定,未判定,未判定,未判定（仅允许4小时/8小时/24小时/48小时）,未判定,无法判定,无法判定（成本来源未登记）,无法判定,无法判定,无法判定,无法判定,无法判定,无法判定,无法判定,未判定,未判定,cost-execution-1.0,ca7102ef54f4c2b190484871e99401aef601fecad5b7ca08b8144fb0c8d629d5,16238d0e7b233ada91bb5345e95f021b530a7597b339a1985e0a4d7d91a442fc,a9524a84374c4de5a2355a36d41809986528002357b4051f50c6c05b3ab089f2,无法判定,cost_source_missing,任务-000032输入身份漂移，或尚无获批成本来源登记；未读取当前费率/盘口/账户信息,登记带来源、时间、版本、数据截止和可见性证据的手续费、价差、深度、冲击、资金费率、延迟和可成交量；重新发布批次
cost-20260805T014911+0800-26f68554e23b,DS-000180,ETH,ZI-c994f122c5cb41e53208de1b,未判定,未判定,未判定,未判定,未判定,未判定（仅允许4小时/8小时/24小时/48小时）,未判定,无法判定,无法判定（成本来源未登记）,无法判定,无法判定,无法判定,无法判定,无法判定,无法判定,无法判定,未判定,未判定,cost-execution-1.0,ca7102ef54f4c2b190484871e99401aef601fecad5b7ca08b8144fb0c8d629d5,16238d0e7b233ada91bb5345e95f021b530a7597b339a1985e0a4d7d91a442fc,8b07c5f331cfa11acfce5e260380e3c0c47a4c11b261b08c31972724b68e453b,无法判定,cost_source_missing,任务-000032输入身份漂移，或尚无获批成本来源登记；未读取当前费率/盘口/账户信息,登记带来源、时间、版本、数据截止和可见性证据的手续费、价差、深度、冲击、资金费率、延迟和可成交量；重新发布批次
cost-20260805T014911+0800-26f68554e23b,DS-000181,BTC,ZI-bce9dfb54e2ed9b7f18d9b14,未判定,未判定,未判定,未判定,未判定,未判定（仅允许4小时/8小时/24小时/48小时）,未判定,无法判定,无法判定（成本来源未登记）,无法判定,无法判定,无法判定,无法判定,无法判定,无法判定,无法判定,未判定,未判定,cost-execution-1.0,ca7102ef54f4c2b190484871e99401aef601fecad5b7ca08b8144fb0c8d629d5,79a75913664768517647a9c780c3d491cca0cf9e418db21494649e9c58237fdf,9d3d1d7a523701c678d5876e23be954173b2ff0fe4cac0b83f196f28eab21b1d,无法判定,cost_source_missing,任务-000032输入身份漂移，或尚无获批成本来源登记；未读取当前费率/盘口/账户信息,登记带来源、时间、版本、数据截止和可见性证据的手续费、价差、深度、冲击、资金费率、延迟和可成交量；重新发布批次
cost-20260805T014911+0800-26f68554e23b,DS-000181,ETH,ZI-340aadc6892b72580d560fcc,未判定,未判定,未判定,未判定,未判定,未判定（仅允许4小时/8小时/24小时/48小时）,未判定,无法判定,无法判定（成本来源未登记）,无法判定,无法判定,无法判定,无法判定,无法判定,无法判定,无法判定,未判定,未判定,cost-execution-1.0,ca7102ef54f4c2b190484871e99401aef601fecad5b7ca08b8144fb0c8d629d5,79a75913664768517647a9c780c3d491cca0cf9e418db21494649e9c58237fdf,7806b3253279fd1b0756aefbff08379377ce1b332cee3d7881bc86f3fbf82316,无法判定,cost_source_missing,任务-000032输入身份漂移，或尚无获批成本来源登记；未读取当前费率/盘口/账户信息,登记带来源、时间、版本、数据截止和可见性证据的手续费、价差、深度、冲击、资金费率、延迟和可成交量；重新发布批次
cost-20260805T014911+0800-26f68554e23b,DS-000182,BTC,ZI-2f48d5457582bdd23668ba24,未判定,未判定,未判定,未判定,未判定,未判定（仅允许4小时/8小时/24小时/48小时）,未判定,无法判定,无法判定（成本来源未登记）,无法判定,无法判定,无法判定,无法判定,无法判定,无法判定,无法判定,未判定,未判定,cost-execution-1.0,ca7102ef54f4c2b190484871e99401aef601fecad5b7ca08b8144fb0c8d629d5,eafac4e4cfbf3b99c296db454bfd46db0e2fe1b6f08007b6818c14ce73672a59,86903847335cc673fcf16a08875db83362ee55f8fe3859a244f6e539ccfcdfd8,无法判定,cost_source_missing,任务-000032输入身份漂移，或尚无获批成本来源登记；未读取当前费率/盘口/账户信息,登记带来源、时间、版本、数据截止和可见性证据的手续费、价差、深度、冲击、资金费率、延迟和可成交量；重新发布批次
cost-20260805T014911+0800-26f68554e23b,DS-000182,ETH,ZI-27719327ee321959786a64cc,未判定,未判定,未判定,未判定,未判定,未判定（仅允许4小时/8小时/24小时/48小时）,未判定,无法判定,无法判定（成本来源未登记）,无法判定,无法判定,无法判定,无法判定,无法判定,无法判定,无法判定,未判定,未判定,cost-execution-1.0,ca7102ef54f4c2b190484871e99401aef601fecad5b7ca08b8144fb0c8d629d5,eafac4e4cfbf3b99c296db454bfd46db0e2fe1b6f08007b6818c14ce73672a59,f231b2430ad6afd80db4480193a90288779867b463e05b9c50a76e2d7752884d,无法判定,cost_source_missing,任务-000032输入身份漂移，或尚无获批成本来源登记；未读取当前费率/盘口/账户信息,登记带来源、时间、版本、数据截止和可见性证据的手续费、价差、深度、冲击、资金费率、延迟和可成交量；重新发布批次
cost-20260805T014911+0800-26f68554e23b,DS-000183,BTC,ZI-7c30f1c32268b00fa252bf6c,未判定,未判定,未判定,未判定,未判定,未判定（仅允许4小时/8小时/24小时/48小时）,未判定,无法判定,无法判定（成本来源未登记）,无法判定,无法判定,无法判定,无法判定,无法判定,无法判定,无法判定,未判定,未判定,cost-execution-1.0,ca7102ef54f4c2b190484871e99401aef601fecad5b7ca08b8144fb0c8d629d5,15f20c0962561f1abbcf55790651b5bc48cab06cda418fa250785ba74bcbf889,3b357bcce5ca220827d23ae14ca24d92271a8abd76acc67f162172745cc2d96f,无法判定,cost_source_missing,任务-000032输入身份漂移，或尚无获批成本来源登记；未读取当前费率/盘口/账户信息,登记带来源、时间、版本、数据截止和可见性证据的手续费、价差、深度、冲击、资金费率、延迟和可成交量；重新发布批次
cost-20260805T014911+0800-26f68554e23b,DS-000183,ETH,ZI-66c7634266889e821b64a714,未判定,未判定,未判定,未判定,未判定,未判定（仅允许4小时/8小时/24小时/48小时）,未判定,无法判定,无法判定（成本来源未登记）,无法判定,无法判定,无法判定,无法判定,无法判定,无法判定,无法判定,未判定,未判定,cost-execution-1.0,ca7102ef54f4c2b190484871e99401aef601fecad5b7ca08b8144fb0c8d629d5,15f20c0962561f1abbcf55790651b5bc48cab06cda418fa250785ba74bcbf889,5553ba277ae21c78758743ff675199dca14cc9c2fdae475229ec9f214747a0ee,无法判定,cost_source_missing,任务-000032输入身份漂移，或尚无获批成本来源登记；未读取当前费率/盘口/账户信息,登记带来源、时间、版本、数据截止和可见性证据的手续费、价差、深度、冲击、资金费率、延迟和可成交量；重新发布批次
cost-20260805T014911+0800-26f68554e23b,DS-000184,BTC,ZI-c39244d5fbd3833d648c5a53,未判定,未判定,未判定,未判定,未判定,未判定（仅允许4小时/8小时/24小时/48小时）,未判定,无法判定,无法判定（成本来源未登记）,无法判定,无法判定,无法判定,无法判定,无法判定,无法判定,无法判定,未判定,未判定,cost-execution-1.0,ca7102ef54f4c2b190484871e99401aef601fecad5b7ca08b8144fb0c8d629d5,e83cae6a1ad4fba4fd374207348f53df89f431520ab4998122584be8eb238f06,5da049844a373b66edbd8c2f95a27cc16819ac751521dd7c0b3dc2ba99d920eb,无法判定,cost_source_missing,任务-000032输入身份漂移，或尚无获批成本来源登记；未读取当前费率/盘口/账户信息,登记带来源、时间、版本、数据截止和可见性证据的手续费、价差、深度、冲击、资金费率、延迟和可成交量；重新发布批次
cost-20260805T014911+0800-26f68554e23b,DS-000184,ETH,ZI-706a0d8698d18a257e6cf972,未判定,未判定,未判定,未判定,未判定,未判定（仅允许4小时/8小时/24小时/48小时）,未判定,无法判定,无法判定（成本来源未登记）,无法判定,无法判定,无法判定,无法判定,无法判定,无法判定,无法判定,未判定,未判定,cost-execution-1.0,ca7102ef54f4c2b190484871e99401aef601fecad5b7ca08b8144fb0c8d629d5,e83cae6a1ad4fba4fd374207348f53df89f431520ab4998122584be8eb238f06,93bb3e7b018e0b20cdb393b7a3e9503cdd43ccb9aa4f4ef6aa9364e026e69c46,无法判定,cost_source_missing,任务-000032输入身份漂移，或尚无获批成本来源登记；未读取当前费率/盘口/账户信息,登记带来源、时间、版本、数据截止和可见性证据的手续费、价差、深度、冲击、资金费率、延迟和可成交量；重新发布批次
cost-20260805T014911+0800-26f68554e23b,DS-000185,BTC,ZI-f7a557013982647b609cab63,未判定,未判定,未判定,未判定,未判定,未判定（仅允许4小时/8小时/24小时/48小时）,未判定,无法判定,无法判定（成本来源未登记）,无法判定,无法判定,无法判定,无法判定,无法判定,无法判定,无法判定,未判定,未判定,cost-execution-1.0,ca7102ef54f4c2b190484871e99401aef601fecad5b7ca08b8144fb0c8d629d5,9b4503940ad431e462d1c569e3c674c27bc10659b9d4c2ece61d705e3de3afd4,5bf1beedd14e9bf49a345faecffdb69e7fd14f83cdd3413c5e0b5928c7d990bc,无法判定,cost_source_missing,任务-000032输入身份漂移，或尚无获批成本来源登记；未读取当前费率/盘口/账户信息,登记带来源、时间、版本、数据截止和可见性证据的手续费、价差、深度、冲击、资金费率、延迟和可成交量；重新发布批次
cost-20260805T014911+0800-26f68554e23b,DS-000185,ETH,ZI-eed15514154813dbfce747b0,未判定,未判定,未判定,未判定,未判定,未判定（仅允许4小时/8小时/24小时/48小时）,未判定,无法判定,无法判定（成本来源未登记）,无法判定,无法判定,无法判定,无法判定,无法判定,无法判定,无法判定,未判定,未判定,cost-execution-1.0,ca7102ef54f4c2b190484871e99401aef601fecad5b7ca08b8144fb0c8d629d5,9b4503940ad431e462d1c569e3c674c27bc10659b9d4c2ece61d705e3de3afd4,4c5e6c58a482a0a4e73df56c2fabc24b51482c48b9de85c147e99a07869dcc16,无法判定,cost_source_missing,任务-000032输入身份漂移，或尚无获批成本来源登记；未读取当前费率/盘口/账户信息,登记带来源、时间、版本、数据截止和可见性证据的手续费、价差、深度、冲击、资金费率、延迟和可成交量；重新发布批次
cost-20260805T014911+0800-26f68554e23b,DS-000186,BTC,ZI-d846161ae6efc2de26747270,未判定,未判定,未判定,未判定,未判定,未判定（仅允许4小时/8小时/24小时/48小时）,未判定,无法判定,无法判定（成本来源未登记）,无法判定,无法判定,无法判定,无法判定,无法判定,无法判定,无法判定,未判定,未判定,cost-execution-1.0,ca7102ef54f4c2b190484871e99401aef601fecad5b7ca08b8144fb0c8d629d5,0037f0e4b97caca2e12ba78498150ef3d80786a1968bc3df4e7f727e8f2396e0,1451389a327ab350eca2972f261d4192f72545a836f4a3b2b261cc7abbe58e6c,无法判定,cost_source_missing,任务-000032输入身份漂移，或尚无获批成本来源登记；未读取当前费率/盘口/账户信息,登记带来源、时间、版本、数据截止和可见性证据的手续费、价差、深度、冲击、资金费率、延迟和可成交量；重新发布批次
cost-20260805T014911+0800-26f68554e23b,DS-000186,ETH,ZI-b47b73f341ea052859c4a130,未判定,未判定,未判定,未判定,未判定,未判定（仅允许4小时/8小时/24小时/48小时）,未判定,无法判定,无法判定（成本来源未登记）,无法判定,无法判定,无法判定,无法判定,无法判定,无法判定,无法判定,未判定,未判定,cost-execution-1.0,ca7102ef54f4c2b190484871e99401aef601fecad5b7ca08b8144fb0c8d629d5,0037f0e4b97caca2e12ba78498150ef3d80786a1968bc3df4e7f727e8f2396e0,caa525f2e90aed4f7b3f55fe249c942c3f629152a4c57366bb524e1d81dd737c,无法判定,cost_source_missing,任务-000032输入身份漂移，或尚无获批成本来源登记；未读取当前费率/盘口/账户信息,登记带来源、时间、版本、数据截止和可见性证据的手续费、价差、深度、冲击、资金费率、延迟和可成交量；重新发布批次
cost-20260805T014911+0800-26f68554e23b,DS-000187,BTC,ZI-60958eebfb01826209cad45d,未判定,未判定,未判定,未判定,未判定,未判定（仅允许4小时/8小时/24小时/48小时）,未判定,无法判定,无法判定（成本来源未登记）,无法判定,无法判定,无法判定,无法判定,无法判定,无法判定,无法判定,未判定,未判定,cost-execution-1.0,ca7102ef54f4c2b190484871e99401aef601fecad5b7ca08b8144fb0c8d629d5,6563971e1bab3b0aabc0be6a643b3e88585b21e270f9580c5536f8ed8cdb698e,2a3c3403b10ad06f46245dc1c55f4262df4026babe9da9be4b566ce937379983,无法判定,cost_source_missing,任务-000032输入身份漂移，或尚无获批成本来源登记；未读取当前费率/盘口/账户信息,登记带来源、时间、版本、数据截止和可见性证据的手续费、价差、深度、冲击、资金费率、延迟和可成交量；重新发布批次
cost-20260805T014911+0800-26f68554e23b,DS-000187,ETH,ZI-91b43df8a264ef34dad28279,未判定,未判定,未判定,未判定,未判定,未判定（仅允许4小时/8小时/24小时/48小时）,未判定,无法判定,无法判定（成本来源未登记）,无法判定,无法判定,无法判定,无法判定,无法判定,无法判定,无法判定,未判定,未判定,cost-execution-1.0,ca7102ef54f4c2b190484871e99401aef601fecad5b7ca08b8144fb0c8d629d5,6563971e1bab3b0aabc0be6a643b3e88585b21e270f9580c5536f8ed8cdb698e,9edd6e0362e9191cbb9ef773094e190fa915a94e4deb49d0c77cb29725273db4,无法判定,cost_source_missing,任务-000032输入身份漂移，或尚无获批成本来源登记；未读取当前费率/盘口/账户信息,登记带来源、时间、版本、数据截止和可见性证据的手续费、价差、深度、冲击、资金费率、延迟和可成交量；重新发布批次
cost-20260805T014911+0800-26f68554e23b,DS-000188,BTC,ZI-fa2a4d25532ebea9a058b0dc,未判定,未判定,未判定,未判定,未判定,未判定（仅允许4小时/8小时/24小时/48小时）,未判定,无法判定,无法判定（成本来源未登记）,无法判定,无法判定,无法判定,无法判定,无法判定,无法判定,无法判定,未判定,未判定,cost-execution-1.0,ca7102ef54f4c2b190484871e99401aef601fecad5b7ca08b8144fb0c8d629d5,8742ed8b65e70ca2ea6b44dfd4449f9a823ff6373591ae21d1075d3b6a590699,f5c6103887aeae6ff449a3352e8680515b7ee3c69e28545846b6f7cb3ec17530,无法判定,cost_source_missing,任务-000032输入身份漂移，或尚无获批成本来源登记；未读取当前费率/盘口/账户信息,登记带来源、时间、版本、数据截止和可见性证据的手续费、价差、深度、冲击、资金费率、延迟和可成交量；重新发布批次
cost-20260805T014911+0800-26f68554e23b,DS-000188,ETH,ZI-332d56aec4fb1f76945921fe,未判定,未判定,未判定,未判定,未判定,未判定（仅允许4小时/8小时/24小时/48小时）,未判定,无法判定,无法判定（成本来源未登记）,无法判定,无法判定,无法判定,无法判定,无法判定,无法判定,无法判定,未判定,未判定,cost-execution-1.0,ca7102ef54f4c2b190484871e99401aef601fecad5b7ca08b8144fb0c8d629d5,8742ed8b65e70ca2ea6b44dfd4449f9a823ff6373591ae21d1075d3b6a590699,4e21948ca67f4f0dfd9942c3139f3fc2320da003998fda62a737b3c4ef1e6158,无法判定,cost_source_missing,任务-000032输入身份漂移，或尚无获批成本来源登记；未读取当前费率/盘口/账户信息,登记带来源、时间、版本、数据截止和可见性证据的手续费、价差、深度、冲击、资金费率、延迟和可成交量；重新发布批次
cost-20260805T014911+0800-26f68554e23b,DS-000189,BTC,ZI-a0614455fb843de8768c8d5b,未判定,未判定,未判定,未判定,未判定,未判定（仅允许4小时/8小时/24小时/48小时）,未判定,无法判定,无法判定（成本来源未登记）,无法判定,无法判定,无法判定,无法判定,无法判定,无法判定,无法判定,未判定,未判定,cost-execution-1.0,ca7102ef54f4c2b190484871e99401aef601fecad5b7ca08b8144fb0c8d629d5,b320586b75d45680d9b44feef3142aa66b7d8dda7a71dcb7fb7fbc1a59edecde,d6742653f7fbf00312cd8e3e19eece1c6e8866b24013518d89ee1e4ceea3a305,无法判定,cost_source_missing,任务-000032输入身份漂移，或尚无获批成本来源登记；未读取当前费率/盘口/账户信息,登记带来源、时间、版本、数据截止和可见性证据的手续费、价差、深度、冲击、资金费率、延迟和可成交量；重新发布批次
cost-20260805T014911+0800-26f68554e23b,DS-000189,ETH,ZI-7a08962d936d8d7723ae46e3,未判定,未判定,未判定,未判定,未判定,未判定（仅允许4小时/8小时/24小时/48小时）,未判定,无法判定,无法判定（成本来源未登记）,无法判定,无法判定,无法判定,无法判定,无法判定,无法判定,无法判定,未判定,未判定,cost-execution-1.0,ca7102ef54f4c2b190484871e99401aef601fecad5b7ca08b8144fb0c8d629d5,b320586b75d45680d9b44feef3142aa66b7d8dda7a71dcb7fb7fbc1a59edecde,9b7440686e0a8dc0e3c89bac18baf72a6227377d5d57b4d87d3d87e9aa714b15,无法判定,cost_source_missing,任务-000032输入身份漂移，或尚无获批成本来源登记；未读取当前费率/盘口/账户信息,登记带来源、时间、版本、数据截止和可见性证据的手续费、价差、深度、冲击、资金费率、延迟和可成交量；重新发布批次
cost-20260805T014911+0800-26f68554e23b,DS-000190,BTC,ZI-d3c96884df707ae67f114610,未判定,未判定,未判定,未判定,未判定,未判定（仅允许4小时/8小时/24小时/48小时）,未判定,无法判定,无法判定（成本来源未登记）,无法判定,无法判定,无法判定,无法判定,无法判定,无法判定,无法判定,未判定,未判定,cost-execution-1.0,ca7102ef54f4c2b190484871e99401aef601fecad5b7ca08b8144fb0c8d629d5,853b70dceed277f9158a8b33a34b47a3218ea4ddb81001d3c0c748efa95aac16,003ff3dec19a4c42d919ce362f151b779a1f3fa67d77cb175f8d4be37617734d,无法判定,cost_source_missing,任务-000032输入身份漂移，或尚无获批成本来源登记；未读取当前费率/盘口/账户信息,登记带来源、时间、版本、数据截止和可见性证据的手续费、价差、深度、冲击、资金费率、延迟和可成交量；重新发布批次
cost-20260805T014911+0800-26f68554e23b,DS-000190,ETH,ZI-d471c3e2f14e8b04a88d102b,未判定,未判定,未判定,未判定,未判定,未判定（仅允许4小时/8小时/24小时/48小时）,未判定,无法判定,无法判定（成本来源未登记）,无法判定,无法判定,无法判定,无法判定,无法判定,无法判定,无法判定,未判定,未判定,cost-execution-1.0,ca7102ef54f4c2b190484871e99401aef601fecad5b7ca08b8144fb0c8d629d5,853b70dceed277f9158a8b33a34b47a3218ea4ddb81001d3c0c748efa95aac16,9db01af1b4413c53a11554bb3b99772f1dd6a4c6cd6576a52b800d3630e7e3bb,无法判定,cost_source_missing,任务-000032输入身份漂移，或尚无获批成本来源登记；未读取当前费率/盘口/账户信息,登记带来源、时间、版本、数据截止和可见性证据的手续费、价差、深度、冲击、资金费率、延迟和可成交量；重新发布批次
cost-20260805T014911+0800-26f68554e23b,DS-000191,BTC,ZI-6a10e79eb7d5e07aace7b208,未判定,未判定,未判定,未判定,未判定,未判定（仅允许4小时/8小时/24小时/48小时）,未判定,无法判定,无法判定（成本来源未登记）,无法判定,无法判定,无法判定,无法判定,无法判定,无法判定,无法判定,未判定,未判定,cost-execution-1.0,ca7102ef54f4c2b190484871e99401aef601fecad5b7ca08b8144fb0c8d629d5,fccd359c62deacedc53e8e3b77c52e11aa95d12d78b54f911fe758686798c8bb,dfbd839c7a534e364c2af6697f513e984f6132a7b7daf8c1827c7c58ed894917,无法判定,cost_source_missing,任务-000032输入身份漂移，或尚无获批成本来源登记；未读取当前费率/盘口/账户信息,登记带来源、时间、版本、数据截止和可见性证据的手续费、价差、深度、冲击、资金费率、延迟和可成交量；重新发布批次
cost-20260805T014911+0800-26f68554e23b,DS-000191,ETH,ZI-ca5f657cedbd2e1b8fd02244,未判定,未判定,未判定,未判定,未判定,未判定（仅允许4小时/8小时/24小时/48小时）,未判定,无法判定,无法判定（成本来源未登记）,无法判定,无法判定,无法判定,无法判定,无法判定,无法判定,无法判定,未判定,未判定,cost-execution-1.0,ca7102ef54f4c2b190484871e99401aef601fecad5b7ca08b8144fb0c8d629d5,fccd359c62deacedc53e8e3b77c52e11aa95d12d78b54f911fe758686798c8bb,99673c737ddc5b8ad44598e7c11caf39579cf949564865c02948e209b3b4b155,无法判定,cost_source_missing,任务-000032输入身份漂移，或尚无获批成本来源登记；未读取当前费率/盘口/账户信息,登记带来源、时间、版本、数据截止和可见性证据的手续费、价差、深度、冲击、资金费率、延迟和可成交量；重新发布批次
cost-20260805T014911+0800-26f68554e23b,DS-000192,BTC,ZI-2ee965d6fd9df70cb6157fd0,未判定,未判定,未判定,未判定,未判定,未判定（仅允许4小时/8小时/24小时/48小时）,未判定,拒绝,拒绝（输入身份漂移）,拒绝,拒绝,拒绝,拒绝,拒绝,拒绝,拒绝,未判定,未判定,cost-execution-1.0,ca7102ef54f4c2b190484871e99401aef601fecad5b7ca08b8144fb0c8d629d5,8c15957ab006e03cfe60b471675e42abf1ec12a4f90d10a356c962d782a840c2,a55d1aedcaaae1de4a456c379b6c3a7a4817a7b429ed6e9e7de3d27e8717eec3,拒绝,input_identity_drift,任务-000032输入身份漂移，或尚无获批成本来源登记；未读取当前费率/盘口/账户信息,登记带来源、时间、版本、数据截止和可见性证据的手续费、价差、深度、冲击、资金费率、延迟和可成交量；重新发布批次
cost-20260805T014911+0800-26f68554e23b,DS-000192,ETH,ZI-354ae6c4905e3db448577187,未判定,未判定,未判定,未判定,未判定,未判定（仅允许4小时/8小时/24小时/48小时）,未判定,拒绝,拒绝（输入身份漂移）,拒绝,拒绝,拒绝,拒绝,拒绝,拒绝,拒绝,未判定,未判定,cost-execution-1.0,ca7102ef54f4c2b190484871e99401aef601fecad5b7ca08b8144fb0c8d629d5,8c15957ab006e03cfe60b471675e42abf1ec12a4f90d10a356c962d782a840c2,a27d6440b91ea1581fdcfba9511344df0540b3317d575723e0d7b70bd67c126f,拒绝,input_identity_drift,任务-000032输入身份漂移，或尚无获批成本来源登记；未读取当前费率/盘口/账户信息,登记带来源、时间、版本、数据截止和可见性证据的手续费、价差、深度、冲击、资金费率、延迟和可成交量；重新发布批次
cost-20260805T014911+0800-26f68554e23b,DS-000193,BTC,ZI-ab40d64be94e1c0a4b624ee5,未判定,未判定,未判定,未判定,未判定,未判定（仅允许4小时/8小时/24小时/48小时）,未判定,无法判定,无法判定（成本来源未登记）,无法判定,无法判定,无法判定,无法判定,无法判定,无法判定,无法判定,未判定,未判定,cost-execution-1.0,ca7102ef54f4c2b190484871e99401aef601fecad5b7ca08b8144fb0c8d629d5,def09224714a48cd4f0ac4d2a35851746b46def695b377048819d176dff1c2dd,b5f7179daa6c955fb2b74c744bc6fe7a81ca845ce4a84600433f8d7edd174e3c,无法判定,cost_source_missing,任务-000032输入身份漂移，或尚无获批成本来源登记；未读取当前费率/盘口/账户信息,登记带来源、时间、版本、数据截止和可见性证据的手续费、价差、深度、冲击、资金费率、延迟和可成交量；重新发布批次
cost-20260805T014911+0800-26f68554e23b,DS-000193,ETH,ZI-d1bb187785d14529961e7f3f,未判定,未判定,未判定,未判定,未判定,未判定（仅允许4小时/8小时/24小时/48小时）,未判定,无法判定,无法判定（成本来源未登记）,无法判定,无法判定,无法判定,无法判定,无法判定,无法判定,无法判定,未判定,未判定,cost-execution-1.0,ca7102ef54f4c2b190484871e99401aef601fecad5b7ca08b8144fb0c8d629d5,def09224714a48cd4f0ac4d2a35851746b46def695b377048819d176dff1c2dd,ef5157fa6e099b9a3abca95f587304eebec5c33b4416d503eec456aa0861a077,无法判定,cost_source_missing,任务-000032输入身份漂移，或尚无获批成本来源登记；未读取当前费率/盘口/账户信息,登记带来源、时间、版本、数据截止和可见性证据的手续费、价差、深度、冲击、资金费率、延迟和可成交量；重新发布批次
cost-20260805T014911+0800-26f68554e23b,DS-000194,BTC,ZI-67958b820749ffb359809e24,未判定,未判定,未判定,未判定,未判定,未判定（仅允许4小时/8小时/24小时/48小时）,未判定,拒绝,拒绝（输入身份漂移）,拒绝,拒绝,拒绝,拒绝,拒绝,拒绝,拒绝,未判定,未判定,cost-execution-1.0,ca7102ef54f4c2b190484871e99401aef601fecad5b7ca08b8144fb0c8d629d5,e5124ac419f53385231601878c47f7cee660d102b38f3936346745c43fa47d55,075d677c9a280d1f105aacbd13d024f4b2a7d1da034bd958dee1a381c10589e2,拒绝,input_identity_drift,任务-000032输入身份漂移，或尚无获批成本来源登记；未读取当前费率/盘口/账户信息,登记带来源、时间、版本、数据截止和可见性证据的手续费、价差、深度、冲击、资金费率、延迟和可成交量；重新发布批次
cost-20260805T014911+0800-26f68554e23b,DS-000194,ETH,ZI-6f3802d826442d0412d2aa81,未判定,未判定,未判定,未判定,未判定,未判定（仅允许4小时/8小时/24小时/48小时）,未判定,拒绝,拒绝（输入身份漂移）,拒绝,拒绝,拒绝,拒绝,拒绝,拒绝,拒绝,未判定,未判定,cost-execution-1.0,ca7102ef54f4c2b190484871e99401aef601fecad5b7ca08b8144fb0c8d629d5,e5124ac419f53385231601878c47f7cee660d102b38f3936346745c43fa47d55,1544df8256e77bdb5b03092be334d49e5447ebf4750161625b7d45b354f7ee63,拒绝,input_identity_drift,任务-000032输入身份漂移，或尚无获批成本来源登记；未读取当前费率/盘口/账户信息,登记带来源、时间、版本、数据截止和可见性证据的手续费、价差、深度、冲击、资金费率、延迟和可成交量；重新发布批次
cost-20260805T014911+0800-26f68554e23b,DS-000195,BTC,ZI-b7ae7ad9140ec01e272d90ef,未判定,未判定,未判定,未判定,未判定,未判定（仅允许4小时/8小时/24小时/48小时）,未判定,无法判定,无法判定（成本来源未登记）,无法判定,无法判定,无法判定,无法判定,无法判定,无法判定,无法判定,未判定,未判定,cost-execution-1.0,ca7102ef54f4c2b190484871e99401aef601fecad5b7ca08b8144fb0c8d629d5,9b1f2b59bfd1d875ae36f5dc84a009c49bde9aea0b64f5274ee2891fef6f787d,4abb71387d53d5241cc4875dfc88519515850b78e691d1dfea49ea6c82ff9b87,无法判定,cost_source_missing,任务-000032输入身份漂移，或尚无获批成本来源登记；未读取当前费率/盘口/账户信息,登记带来源、时间、版本、数据截止和可见性证据的手续费、价差、深度、冲击、资金费率、延迟和可成交量；重新发布批次
cost-20260805T014911+0800-26f68554e23b,DS-000195,ETH,ZI-e1794e82c705701b73c83cb1,未判定,未判定,未判定,未判定,未判定,未判定（仅允许4小时/8小时/24小时/48小时）,未判定,无法判定,无法判定（成本来源未登记）,无法判定,无法判定,无法判定,无法判定,无法判定,无法判定,无法判定,未判定,未判定,cost-execution-1.0,ca7102ef54f4c2b190484871e99401aef601fecad5b7ca08b8144fb0c8d629d5,9b1f2b59bfd1d875ae36f5dc84a009c49bde9aea0b64f5274ee2891fef6f787d,5f4b9469560e0e7a624cb9bc3d0f4981c317b0a2f9a0108cd424eb3ca70c7144,无法判定,cost_source_missing,任务-000032输入身份漂移，或尚无获批成本来源登记；未读取当前费率/盘口/账户信息,登记带来源、时间、版本、数据截止和可见性证据的手续费、价差、深度、冲击、资金费率、延迟和可成交量；重新发布批次
cost-20260805T014911+0800-26f68554e23b,DS-000196,BTC,ZI-32aaa116eb12c90702c94041,未判定,未判定,未判定,未判定,未判定,未判定（仅允许4小时/8小时/24小时/48小时）,未判定,无法判定,无法判定（成本来源未登记）,无法判定,无法判定,无法判定,无法判定,无法判定,无法判定,无法判定,未判定,未判定,cost-execution-1.0,ca7102ef54f4c2b190484871e99401aef601fecad5b7ca08b8144fb0c8d629d5,dd1d271cb81fa700ab3ef66ff52086dc8a15f0136d6756f9f1bbc30180c98bf1,20facd87cff4aa167b6736e399d61151c3244761ff9f3ef14fe84c584e81a069,无法判定,cost_source_missing,任务-000032输入身份漂移，或尚无获批成本来源登记；未读取当前费率/盘口/账户信息,登记带来源、时间、版本、数据截止和可见性证据的手续费、价差、深度、冲击、资金费率、延迟和可成交量；重新发布批次
cost-20260805T014911+0800-26f68554e23b,DS-000196,ETH,ZI-3f3df114d327035876c6e2c5,未判定,未判定,未判定,未判定,未判定,未判定（仅允许4小时/8小时/24小时/48小时）,未判定,无法判定,无法判定（成本来源未登记）,无法判定,无法判定,无法判定,无法判定,无法判定,无法判定,无法判定,未判定,未判定,cost-execution-1.0,ca7102ef54f4c2b190484871e99401aef601fecad5b7ca08b8144fb0c8d629d5,dd1d271cb81fa700ab3ef66ff52086dc8a15f0136d6756f9f1bbc30180c98bf1,4b161b058acc79e9f7f6102628d955a0c23aa477c61e70036b1c6a299b54dd7a,无法判定,cost_source_missing,任务-000032输入身份漂移，或尚无获批成本来源登记；未读取当前费率/盘口/账户信息,登记带来源、时间、版本、数据截止和可见性证据的手续费、价差、深度、冲击、资金费率、延迟和可成交量；重新发布批次
cost-20260805T014911+0800-26f68554e23b,DS-000197,BTC,ZI-0f24107cd7aff0b489c551c4,未判定,未判定,未判定,未判定,未判定,未判定（仅允许4小时/8小时/24小时/48小时）,未判定,无法判定,无法判定（成本来源未登记）,无法判定,无法判定,无法判定,无法判定,无法判定,无法判定,无法判定,未判定,未判定,cost-execution-1.0,ca7102ef54f4c2b190484871e99401aef601fecad5b7ca08b8144fb0c8d629d5,021378ffeef0c3afe2457175671ac88272f2971484e4076d512551162cfec7b3,d95b8816416dffd991d01a8e3693e149095c223b04fc1441044c5311f984d88a,无法判定,cost_source_missing,任务-000032输入身份漂移，或尚无获批成本来源登记；未读取当前费率/盘口/账户信息,登记带来源、时间、版本、数据截止和可见性证据的手续费、价差、深度、冲击、资金费率、延迟和可成交量；重新发布批次
cost-20260805T014911+0800-26f68554e23b,DS-000197,ETH,ZI-19137f1f87be3d200089316b,未判定,未判定,未判定,未判定,未判定,未判定（仅允许4小时/8小时/24小时/48小时）,未判定,无法判定,无法判定（成本来源未登记）,无法判定,无法判定,无法判定,无法判定,无法判定,无法判定,无法判定,未判定,未判定,cost-execution-1.0,ca7102ef54f4c2b190484871e99401aef601fecad5b7ca08b8144fb0c8d629d5,021378ffeef0c3afe2457175671ac88272f2971484e4076d512551162cfec7b3,e26ae84ba2dc8e1ecbadfe1806d2262568ea7a7db803bff87421674ecf63bcc1,无法判定,cost_source_missing,任务-000032输入身份漂移，或尚无获批成本来源登记；未读取当前费率/盘口/账户信息,登记带来源、时间、版本、数据截止和可见性证据的手续费、价差、深度、冲击、资金费率、延迟和可成交量；重新发布批次
cost-20260805T014911+0800-26f68554e23b,DS-000198,BTC,ZI-3183d1c30b7007a7db1dca31,未判定,未判定,未判定,未判定,未判定,未判定（仅允许4小时/8小时/24小时/48小时）,未判定,无法判定,无法判定（成本来源未登记）,无法判定,无法判定,无法判定,无法判定,无法判定,无法判定,无法判定,未判定,未判定,cost-execution-1.0,ca7102ef54f4c2b190484871e99401aef601fecad5b7ca08b8144fb0c8d629d5,1af34f1aebd661c1a0f8de7de80b94f0955234cc07d45a6d556e525a39056d21,08c754cacb617048244e37cd25be3ff4cf3d214eeb05440f85bad35927e17700,无法判定,cost_source_missing,任务-000032输入身份漂移，或尚无获批成本来源登记；未读取当前费率/盘口/账户信息,登记带来源、时间、版本、数据截止和可见性证据的手续费、价差、深度、冲击、资金费率、延迟和可成交量；重新发布批次
cost-20260805T014911+0800-26f68554e23b,DS-000198,ETH,ZI-80af384d1f7e36ec07c65427,未判定,未判定,未判定,未判定,未判定,未判定（仅允许4小时/8小时/24小时/48小时）,未判定,无法判定,无法判定（成本来源未登记）,无法判定,无法判定,无法判定,无法判定,无法判定,无法判定,无法判定,未判定,未判定,cost-execution-1.0,ca7102ef54f4c2b190484871e99401aef601fecad5b7ca08b8144fb0c8d629d5,1af34f1aebd661c1a0f8de7de80b94f0955234cc07d45a6d556e525a39056d21,b54b21481a140112485a265193d7872d4d771cd814f10846d65a925b6d538df0,无法判定,cost_source_missing,任务-000032输入身份漂移，或尚无获批成本来源登记；未读取当前费率/盘口/账户信息,登记带来源、时间、版本、数据截止和可见性证据的手续费、价差、深度、冲击、资金费率、延迟和可成交量；重新发布批次
cost-20260805T014911+0800-26f68554e23b,DS-000199,BTC,ZI-2886bbdc88afa40c39dbb408,未判定,未判定,未判定,未判定,未判定,未判定（仅允许4小时/8小时/24小时/48小时）,未判定,无法判定,无法判定（成本来源未登记）,无法判定,无法判定,无法判定,无法判定,无法判定,无法判定,无法判定,未判定,未判定,cost-execution-1.0,ca7102ef54f4c2b190484871e99401aef601fecad5b7ca08b8144fb0c8d629d5,220d7605169cd12e1131ca97abf5d62c04face85a7ceb3c97e865ccc80739011,920695af77a411876a70b6100c1832934d34fe1c62be3605950b4c1c8af6291d,无法判定,cost_source_missing,任务-000032输入身份漂移，或尚无获批成本来源登记；未读取当前费率/盘口/账户信息,登记带来源、时间、版本、数据截止和可见性证据的手续费、价差、深度、冲击、资金费率、延迟和可成交量；重新发布批次
cost-20260805T014911+0800-26f68554e23b,DS-000199,ETH,ZI-5b12f1080c2c2012be1a896a,未判定,未判定,未判定,未判定,未判定,未判定（仅允许4小时/8小时/24小时/48小时）,未判定,无法判定,无法判定（成本来源未登记）,无法判定,无法判定,无法判定,无法判定,无法判定,无法判定,无法判定,未判定,未判定,cost-execution-1.0,ca7102ef54f4c2b190484871e99401aef601fecad5b7ca08b8144fb0c8d629d5,220d7605169cd12e1131ca97abf5d62c04face85a7ceb3c97e865ccc80739011,effd5a26e1dff70913b167f07067688f3aff4a46860697ebb5f9fdc129a3f695,无法判定,cost_source_missing,任务-000032输入身份漂移，或尚无获批成本来源登记；未读取当前费率/盘口/账户信息,登记带来源、时间、版本、数据截止和可见性证据的手续费、价差、深度、冲击、资金费率、延迟和可成交量；重新发布批次
cost-20260805T014911+0800-26f68554e23b,DS-000200,BTC,ZI-5dbdf00041b1706d7ba8abab,未判定,未判定,未判定,未判定,未判定,未判定（仅允许4小时/8小时/24小时/48小时）,未判定,无法判定,无法判定（成本来源未登记）,无法判定,无法判定,无法判定,无法判定,无法判定,无法判定,无法判定,未判定,未判定,cost-execution-1.0,ca7102ef54f4c2b190484871e99401aef601fecad5b7ca08b8144fb0c8d629d5,b3ed967adc718d06756a54c492983aac3dde39e8c411b30f3123cc021d4a4bf7,9377d5684ba49fc1b300e61c324695303e607ed87c7ae9e5c72835aeb3d9b9ee,无法判定,cost_source_missing,任务-000032输入身份漂移，或尚无获批成本来源登记；未读取当前费率/盘口/账户信息,登记带来源、时间、版本、数据截止和可见性证据的手续费、价差、深度、冲击、资金费率、延迟和可成交量；重新发布批次
cost-20260805T014911+0800-26f68554e23b,DS-000200,ETH,ZI-e77ad70ccd2cdeb42c394004,未判定,未判定,未判定,未判定,未判定,未判定（仅允许4小时/8小时/24小时/48小时）,未判定,无法判定,无法判定（成本来源未登记）,无法判定,无法判定,无法判定,无法判定,无法判定,无法判定,无法判定,未判定,未判定,cost-execution-1.0,ca7102ef54f4c2b190484871e99401aef601fecad5b7ca08b8144fb0c8d629d5,b3ed967adc718d06756a54c492983aac3dde39e8c411b30f3123cc021d4a4bf7,a73c2c75ea6be7305156401f39f9b03cbb41ff28fe08257c9becb86338b198d5,无法判定,cost_source_missing,任务-000032输入身份漂移，或尚无获批成本来源登记；未读取当前费率/盘口/账户信息,登记带来源、时间、版本、数据截止和可见性证据的手续费、价差、深度、冲击、资金费率、延迟和可成交量；重新发布批次
cost-20260805T014911+0800-26f68554e23b,DS-000201,BTC,ZI-be0372cc2ca2127e6ad7faa5,未判定,未判定,未判定,未判定,未判定,未判定（仅允许4小时/8小时/24小时/48小时）,未判定,无法判定,无法判定（成本来源未登记）,无法判定,无法判定,无法判定,无法判定,无法判定,无法判定,无法判定,未判定,未判定,cost-execution-1.0,ca7102ef54f4c2b190484871e99401aef601fecad5b7ca08b8144fb0c8d629d5,c5324278d03a3495aeedaa82304a410faebb0b996bf7b82623267bae8d37f3b0,c5d8b9da0e67d2615490a0cc3650696fa918c7f7a43379b724f3fbe82537112f,无法判定,cost_source_missing,任务-000032输入身份漂移，或尚无获批成本来源登记；未读取当前费率/盘口/账户信息,登记带来源、时间、版本、数据截止和可见性证据的手续费、价差、深度、冲击、资金费率、延迟和可成交量；重新发布批次
cost-20260805T014911+0800-26f68554e23b,DS-000201,ETH,ZI-e5c1417e81aca9c453033647,未判定,未判定,未判定,未判定,未判定,未判定（仅允许4小时/8小时/24小时/48小时）,未判定,无法判定,无法判定（成本来源未登记）,无法判定,无法判定,无法判定,无法判定,无法判定,无法判定,无法判定,未判定,未判定,cost-execution-1.0,ca7102ef54f4c2b190484871e99401aef601fecad5b7ca08b8144fb0c8d629d5,c5324278d03a3495aeedaa82304a410faebb0b996bf7b82623267bae8d37f3b0,509ec7761125925c5fb5d80fcc46e49f076637dfc1ee0fc672ce1c9973fa7b7d,无法判定,cost_source_missing,任务-000032输入身份漂移，或尚无获批成本来源登记；未读取当前费率/盘口/账户信息,登记带来源、时间、版本、数据截止和可见性证据的手续费、价差、深度、冲击、资金费率、延迟和可成交量；重新发布批次
cost-20260805T014911+0800-26f68554e23b,DS-000202,BTC,ZI-78c8c25a0d917108a2b7f08a,未判定,未判定,未判定,未判定,未判定,未判定（仅允许4小时/8小时/24小时/48小时）,未判定,无法判定,无法判定（成本来源未登记）,无法判定,无法判定,无法判定,无法判定,无法判定,无法判定,无法判定,未判定,未判定,cost-execution-1.0,ca7102ef54f4c2b190484871e99401aef601fecad5b7ca08b8144fb0c8d629d5,0c6fdb8bd7c2fa79661ba8a16331c6d2a7d899e34c97965d0806fcc186ef6211,9b96d01f906d3ca151fbec266085a989753e665b6bb4c8231abd9d2339570128,无法判定,cost_source_missing,任务-000032输入身份漂移，或尚无获批成本来源登记；未读取当前费率/盘口/账户信息,登记带来源、时间、版本、数据截止和可见性证据的手续费、价差、深度、冲击、资金费率、延迟和可成交量；重新发布批次
cost-20260805T014911+0800-26f68554e23b,DS-000202,ETH,ZI-d66834912672a4e2529dbcd7,未判定,未判定,未判定,未判定,未判定,未判定（仅允许4小时/8小时/24小时/48小时）,未判定,无法判定,无法判定（成本来源未登记）,无法判定,无法判定,无法判定,无法判定,无法判定,无法判定,无法判定,未判定,未判定,cost-execution-1.0,ca7102ef54f4c2b190484871e99401aef601fecad5b7ca08b8144fb0c8d629d5,0c6fdb8bd7c2fa79661ba8a16331c6d2a7d899e34c97965d0806fcc186ef6211,eee9f017b1bae2d42e6f245d4290b2e0d4160beafa74623e4165c8cf65ff2680,无法判定,cost_source_missing,任务-000032输入身份漂移，或尚无获批成本来源登记；未读取当前费率/盘口/账户信息,登记带来源、时间、版本、数据截止和可见性证据的手续费、价差、深度、冲击、资金费率、延迟和可成交量；重新发布批次
cost-20260805T014911+0800-26f68554e23b,DS-000203,BTC,ZI-29c6f02cefeb649da045cd55,未判定,未判定,未判定,未判定,未判定,未判定（仅允许4小时/8小时/24小时/48小时）,未判定,无法判定,无法判定（成本来源未登记）,无法判定,无法判定,无法判定,无法判定,无法判定,无法判定,无法判定,未判定,未判定,cost-execution-1.0,ca7102ef54f4c2b190484871e99401aef601fecad5b7ca08b8144fb0c8d629d5,96696d99d3d7bceafef546d8a5c949522df894c83577b6f0f2c207f1e004396c,f96f709c3408803dae0caf1648b1ca9f54f5b6d9d8b90bf1144ea39041ae932e,无法判定,cost_source_missing,任务-000032输入身份漂移，或尚无获批成本来源登记；未读取当前费率/盘口/账户信息,登记带来源、时间、版本、数据截止和可见性证据的手续费、价差、深度、冲击、资金费率、延迟和可成交量；重新发布批次
cost-20260805T014911+0800-26f68554e23b,DS-000203,ETH,ZI-0ac78046b4728bc089499fc7,未判定,未判定,未判定,未判定,未判定,未判定（仅允许4小时/8小时/24小时/48小时）,未判定,无法判定,无法判定（成本来源未登记）,无法判定,无法判定,无法判定,无法判定,无法判定,无法判定,无法判定,未判定,未判定,cost-execution-1.0,ca7102ef54f4c2b190484871e99401aef601fecad5b7ca08b8144fb0c8d629d5,96696d99d3d7bceafef546d8a5c949522df894c83577b6f0f2c207f1e004396c,feeabd6f3293c3f499cf54d0b1a43bfd04460a2d8f3e7ebcc8c6a8b52ca14436,无法判定,cost_source_missing,任务-000032输入身份漂移，或尚无获批成本来源登记；未读取当前费率/盘口/账户信息,登记带来源、时间、版本、数据截止和可见性证据的手续费、价差、深度、冲击、资金费率、延迟和可成交量；重新发布批次
cost-20260805T014911+0800-26f68554e23b,DS-000204,BTC,ZI-71520330f24bde8ccfb46d61,未判定,未判定,未判定,未判定,未判定,未判定（仅允许4小时/8小时/24小时/48小时）,未判定,无法判定,无法判定（成本来源未登记）,无法判定,无法判定,无法判定,无法判定,无法判定,无法判定,无法判定,未判定,未判定,cost-execution-1.0,ca7102ef54f4c2b190484871e99401aef601fecad5b7ca08b8144fb0c8d629d5,18c5f3322078ac60f3465e667ab8201710672c8b87ae34c192e07dbf5da6b442,495ac93c24c28f195c3e3de4ea3a9944e4156b91e5bed38ae4f0aeb46d1bb01f,无法判定,cost_source_missing,任务-000032输入身份漂移，或尚无获批成本来源登记；未读取当前费率/盘口/账户信息,登记带来源、时间、版本、数据截止和可见性证据的手续费、价差、深度、冲击、资金费率、延迟和可成交量；重新发布批次
cost-20260805T014911+0800-26f68554e23b,DS-000204,ETH,ZI-e3f8d3f88205af4edaf439ef,未判定,未判定,未判定,未判定,未判定,未判定（仅允许4小时/8小时/24小时/48小时）,未判定,无法判定,无法判定（成本来源未登记）,无法判定,无法判定,无法判定,无法判定,无法判定,无法判定,无法判定,未判定,未判定,cost-execution-1.0,ca7102ef54f4c2b190484871e99401aef601fecad5b7ca08b8144fb0c8d629d5,18c5f3322078ac60f3465e667ab8201710672c8b87ae34c192e07dbf5da6b442,7ad6f1a31b2678f20815fb5a0bf7497e32df8cab633b277806fc90ef1de10898,无法判定,cost_source_missing,任务-000032输入身份漂移，或尚无获批成本来源登记；未读取当前费率/盘口/账户信息,登记带来源、时间、版本、数据截止和可见性证据的手续费、价差、深度、冲击、资金费率、延迟和可成交量；重新发布批次
cost-20260805T014911+0800-26f68554e23b,DS-000205,BTC,ZI-d01d78d324c4bc33eb8369e0,未判定,未判定,未判定,未判定,未判定,未判定（仅允许4小时/8小时/24小时/48小时）,未判定,无法判定,无法判定（成本来源未登记）,无法判定,无法判定,无法判定,无法判定,无法判定,无法判定,无法判定,未判定,未判定,cost-execution-1.0,ca7102ef54f4c2b190484871e99401aef601fecad5b7ca08b8144fb0c8d629d5,61954546e927e051d56401d8651a5a61933bf046477d91f7d2b36b05aef565ee,ee4444070adb1c35df136a0658d9feb911ea2974198099576f3c06769d924b17,无法判定,cost_source_missing,任务-000032输入身份漂移，或尚无获批成本来源登记；未读取当前费率/盘口/账户信息,登记带来源、时间、版本、数据截止和可见性证据的手续费、价差、深度、冲击、资金费率、延迟和可成交量；重新发布批次
cost-20260805T014911+0800-26f68554e23b,DS-000205,ETH,ZI-dc9e6a5027261094522801f5,未判定,未判定,未判定,未判定,未判定,未判定（仅允许4小时/8小时/24小时/48小时）,未判定,无法判定,无法判定（成本来源未登记）,无法判定,无法判定,无法判定,无法判定,无法判定,无法判定,无法判定,未判定,未判定,cost-execution-1.0,ca7102ef54f4c2b190484871e99401aef601fecad5b7ca08b8144fb0c8d629d5,61954546e927e051d56401d8651a5a61933bf046477d91f7d2b36b05aef565ee,37fc59cbf47a4c8006da18ba2bde4caa8bad1667ed0931a5dcc6880afc178661,无法判定,cost_source_missing,任务-000032输入身份漂移，或尚无获批成本来源登记；未读取当前费率/盘口/账户信息,登记带来源、时间、版本、数据截止和可见性证据的手续费、价差、深度、冲击、资金费率、延迟和可成交量；重新发布批次
cost-20260805T014911+0800-26f68554e23b,DS-000206,BTC,ZI-5e7172f6c1ca86bab358f51e,未判定,未判定,未判定,未判定,未判定,未判定（仅允许4小时/8小时/24小时/48小时）,未判定,无法判定,无法判定（成本来源未登记）,无法判定,无法判定,无法判定,无法判定,无法判定,无法判定,无法判定,未判定,未判定,cost-execution-1.0,ca7102ef54f4c2b190484871e99401aef601fecad5b7ca08b8144fb0c8d629d5,c2b86a65fb63178b1059c062fa21f10b57c4d09c9419c900825476132c4bcd4e,d0f7c6d027d813c9f75703f2ce5942ad77170cd7fe0236d7f97796666fda70b4,无法判定,cost_source_missing,任务-000032输入身份漂移，或尚无获批成本来源登记；未读取当前费率/盘口/账户信息,登记带来源、时间、版本、数据截止和可见性证据的手续费、价差、深度、冲击、资金费率、延迟和可成交量；重新发布批次
cost-20260805T014911+0800-26f68554e23b,DS-000206,ETH,ZI-39e668d49c271470ea63fde5,未判定,未判定,未判定,未判定,未判定,未判定（仅允许4小时/8小时/24小时/48小时）,未判定,无法判定,无法判定（成本来源未登记）,无法判定,无法判定,无法判定,无法判定,无法判定,无法判定,无法判定,未判定,未判定,cost-execution-1.0,ca7102ef54f4c2b190484871e99401aef601fecad5b7ca08b8144fb0c8d629d5,c2b86a65fb63178b1059c062fa21f10b57c4d09c9419c900825476132c4bcd4e,b2192f86684056be8d2a2c3edd7af6150f1564232f6d4260bf079c9c74923534,无法判定,cost_source_missing,任务-000032输入身份漂移，或尚无获批成本来源登记；未读取当前费率/盘口/账户信息,登记带来源、时间、版本、数据截止和可见性证据的手续费、价差、深度、冲击、资金费率、延迟和可成交量；重新发布批次
cost-20260805T014911+0800-26f68554e23b,DS-000207,BTC,ZI-2a1b37d562bd57047005c01a,未判定,未判定,未判定,未判定,未判定,未判定（仅允许4小时/8小时/24小时/48小时）,未判定,无法判定,无法判定（成本来源未登记）,无法判定,无法判定,无法判定,无法判定,无法判定,无法判定,无法判定,未判定,未判定,cost-execution-1.0,ca7102ef54f4c2b190484871e99401aef601fecad5b7ca08b8144fb0c8d629d5,3b613a948643e789d9a7980ee7b67743e8816c90214423bc22b83e0cf860188f,8b5fef871eb222c068b233841072dc52862657cbc2a0994b89337870cae2713d,无法判定,cost_source_missing,任务-000032输入身份漂移，或尚无获批成本来源登记；未读取当前费率/盘口/账户信息,登记带来源、时间、版本、数据截止和可见性证据的手续费、价差、深度、冲击、资金费率、延迟和可成交量；重新发布批次
cost-20260805T014911+0800-26f68554e23b,DS-000207,ETH,ZI-e6336b5c74a9200b20bce7e1,未判定,未判定,未判定,未判定,未判定,未判定（仅允许4小时/8小时/24小时/48小时）,未判定,无法判定,无法判定（成本来源未登记）,无法判定,无法判定,无法判定,无法判定,无法判定,无法判定,无法判定,未判定,未判定,cost-execution-1.0,ca7102ef54f4c2b190484871e99401aef601fecad5b7ca08b8144fb0c8d629d5,3b613a948643e789d9a7980ee7b67743e8816c90214423bc22b83e0cf860188f,dbf97e66f69731f627bf340d720b79e0054afca7152f099f9be823f20eda62bd,无法判定,cost_source_missing,任务-000032输入身份漂移，或尚无获批成本来源登记；未读取当前费率/盘口/账户信息,登记带来源、时间、版本、数据截止和可见性证据的手续费、价差、深度、冲击、资金费率、延迟和可成交量；重新发布批次
cost-20260805T014911+0800-26f68554e23b,DS-000208,BTC,ZI-d7e573a8a3db8ebee466ccf6,未判定,未判定,未判定,未判定,未判定,未判定（仅允许4小时/8小时/24小时/48小时）,未判定,无法判定,无法判定（成本来源未登记）,无法判定,无法判定,无法判定,无法判定,无法判定,无法判定,无法判定,未判定,未判定,cost-execution-1.0,ca7102ef54f4c2b190484871e99401aef601fecad5b7ca08b8144fb0c8d629d5,0a9221881c705231aa1e15435d3c9be3d1d869d11d2db5b769302fa174d1952d,6dc437afc1d8bbde889e259243804bd7f7e21f869c1f5ae04f79fdcb7e470791,无法判定,cost_source_missing,任务-000032输入身份漂移，或尚无获批成本来源登记；未读取当前费率/盘口/账户信息,登记带来源、时间、版本、数据截止和可见性证据的手续费、价差、深度、冲击、资金费率、延迟和可成交量；重新发布批次
cost-20260805T014911+0800-26f68554e23b,DS-000208,ETH,ZI-67bf3674d8c4e2d9f884e729,未判定,未判定,未判定,未判定,未判定,未判定（仅允许4小时/8小时/24小时/48小时）,未判定,无法判定,无法判定（成本来源未登记）,无法判定,无法判定,无法判定,无法判定,无法判定,无法判定,无法判定,未判定,未判定,cost-execution-1.0,ca7102ef54f4c2b190484871e99401aef601fecad5b7ca08b8144fb0c8d629d5,0a9221881c705231aa1e15435d3c9be3d1d869d11d2db5b769302fa174d1952d,f537fc8fac5a51f593a83ecf6a17be0f95fbcd7453bfdc94358495cbe3327af8,无法判定,cost_source_missing,任务-000032输入身份漂移，或尚无获批成本来源登记；未读取当前费率/盘口/账户信息,登记带来源、时间、版本、数据截止和可见性证据的手续费、价差、深度、冲击、资金费率、延迟和可成交量；重新发布批次
cost-20260805T014911+0800-26f68554e23b,DS-000209,BTC,ZI-3e2be17d98778a0ad036cfad,未判定,未判定,未判定,未判定,未判定,未判定（仅允许4小时/8小时/24小时/48小时）,未判定,无法判定,无法判定（成本来源未登记）,无法判定,无法判定,无法判定,无法判定,无法判定,无法判定,无法判定,未判定,未判定,cost-execution-1.0,ca7102ef54f4c2b190484871e99401aef601fecad5b7ca08b8144fb0c8d629d5,4fb854b92be309b7be047b1169a4a79e8d8af250d22130dd1fdb641533721ed6,a3ca8bfa19a80cb71af568ef05c7f9527d6bc9e2cbf0d81ccc2178d506a7baa3,无法判定,cost_source_missing,任务-000032输入身份漂移，或尚无获批成本来源登记；未读取当前费率/盘口/账户信息,登记带来源、时间、版本、数据截止和可见性证据的手续费、价差、深度、冲击、资金费率、延迟和可成交量；重新发布批次
cost-20260805T014911+0800-26f68554e23b,DS-000209,ETH,ZI-bf318ff33e056cae7780888f,未判定,未判定,未判定,未判定,未判定,未判定（仅允许4小时/8小时/24小时/48小时）,未判定,无法判定,无法判定（成本来源未登记）,无法判定,无法判定,无法判定,无法判定,无法判定,无法判定,无法判定,未判定,未判定,cost-execution-1.0,ca7102ef54f4c2b190484871e99401aef601fecad5b7ca08b8144fb0c8d629d5,4fb854b92be309b7be047b1169a4a79e8d8af250d22130dd1fdb641533721ed6,3c68145cc29522e8422fea4834f41f4377884d282471d9ec593256688d2360fa,无法判定,cost_source_missing,任务-000032输入身份漂移，或尚无获批成本来源登记；未读取当前费率/盘口/账户信息,登记带来源、时间、版本、数据截止和可见性证据的手续费、价差、深度、冲击、资金费率、延迟和可成交量；重新发布批次
cost-20260805T014911+0800-26f68554e23b,DS-000210,BTC,ZI-3286667a2cfe079a913c7c30,未判定,未判定,未判定,未判定,未判定,未判定（仅允许4小时/8小时/24小时/48小时）,未判定,无法判定,无法判定（成本来源未登记）,无法判定,无法判定,无法判定,无法判定,无法判定,无法判定,无法判定,未判定,未判定,cost-execution-1.0,ca7102ef54f4c2b190484871e99401aef601fecad5b7ca08b8144fb0c8d629d5,b39ade722427294df6baf5c786d4dfc3ee4ac5843843017d9993dd03a842226a,2b052e59b30f5102b9a384219ba1b354aeaf4af1895c9f629d18c553a6f4b62e,无法判定,cost_source_missing,任务-000032输入身份漂移，或尚无获批成本来源登记；未读取当前费率/盘口/账户信息,登记带来源、时间、版本、数据截止和可见性证据的手续费、价差、深度、冲击、资金费率、延迟和可成交量；重新发布批次
cost-20260805T014911+0800-26f68554e23b,DS-000210,ETH,ZI-9bf3456766012c7fa289b73a,未判定,未判定,未判定,未判定,未判定,未判定（仅允许4小时/8小时/24小时/48小时）,未判定,无法判定,无法判定（成本来源未登记）,无法判定,无法判定,无法判定,无法判定,无法判定,无法判定,无法判定,未判定,未判定,cost-execution-1.0,ca7102ef54f4c2b190484871e99401aef601fecad5b7ca08b8144fb0c8d629d5,b39ade722427294df6baf5c786d4dfc3ee4ac5843843017d9993dd03a842226a,b05bd75e87c8b2a39802ce7e6f8ce6bdd7fa3677cbb358f4606d54cbc1918fd5,无法判定,cost_source_missing,任务-000032输入身份漂移，或尚无获批成本来源登记；未读取当前费率/盘口/账户信息,登记带来源、时间、版本、数据截止和可见性证据的手续费、价差、深度、冲击、资金费率、延迟和可成交量；重新发布批次
cost-20260805T014911+0800-26f68554e23b,DS-000211,BTC,ZI-9a9b77f14347b2cb48fa88e7,未判定,未判定,未判定,未判定,未判定,未判定（仅允许4小时/8小时/24小时/48小时）,未判定,无法判定,无法判定（成本来源未登记）,无法判定,无法判定,无法判定,无法判定,无法判定,无法判定,无法判定,未判定,未判定,cost-execution-1.0,ca7102ef54f4c2b190484871e99401aef601fecad5b7ca08b8144fb0c8d629d5,23db400f8e1894f7553938dab8303c4ba51dd7315a0aea11c18c23a9ecc3f58b,1eb3fad81d6305fab883550cb86687bd7035191889caecc0f5a8d55c7b3b307c,无法判定,cost_source_missing,任务-000032输入身份漂移，或尚无获批成本来源登记；未读取当前费率/盘口/账户信息,登记带来源、时间、版本、数据截止和可见性证据的手续费、价差、深度、冲击、资金费率、延迟和可成交量；重新发布批次
cost-20260805T014911+0800-26f68554e23b,DS-000211,ETH,ZI-bf36c5f09b92ec27587054c0,未判定,未判定,未判定,未判定,未判定,未判定（仅允许4小时/8小时/24小时/48小时）,未判定,无法判定,无法判定（成本来源未登记）,无法判定,无法判定,无法判定,无法判定,无法判定,无法判定,无法判定,未判定,未判定,cost-execution-1.0,ca7102ef54f4c2b190484871e99401aef601fecad5b7ca08b8144fb0c8d629d5,23db400f8e1894f7553938dab8303c4ba51dd7315a0aea11c18c23a9ecc3f58b,b18e10e256cb842da2b7253192988611fd2c1d2816e60e6903d06952dcefb3a0,无法判定,cost_source_missing,任务-000032输入身份漂移，或尚无获批成本来源登记；未读取当前费率/盘口/账户信息,登记带来源、时间、版本、数据截止和可见性证据的手续费、价差、深度、冲击、资金费率、延迟和可成交量；重新发布批次
cost-20260805T014911+0800-26f68554e23b,DS-000212,BTC,ZI-072c6e5f9b428b87bb907797,未判定,未判定,未判定,未判定,未判定,未判定（仅允许4小时/8小时/24小时/48小时）,未判定,无法判定,无法判定（成本来源未登记）,无法判定,无法判定,无法判定,无法判定,无法判定,无法判定,无法判定,未判定,未判定,cost-execution-1.0,ca7102ef54f4c2b190484871e99401aef601fecad5b7ca08b8144fb0c8d629d5,fa7cb70f0757afa1008a2741f25b66cdd94fbd38e104c5ea9bce88329d2df96a,f4cab71a0a6242344f8830d8b5b3398e597515f8ad259872d7e2c95ea48625ac,无法判定,cost_source_missing,任务-000032输入身份漂移，或尚无获批成本来源登记；未读取当前费率/盘口/账户信息,登记带来源、时间、版本、数据截止和可见性证据的手续费、价差、深度、冲击、资金费率、延迟和可成交量；重新发布批次
cost-20260805T014911+0800-26f68554e23b,DS-000212,ETH,ZI-3e5b6d24bf74d09e00f206d2,未判定,未判定,未判定,未判定,未判定,未判定（仅允许4小时/8小时/24小时/48小时）,未判定,无法判定,无法判定（成本来源未登记）,无法判定,无法判定,无法判定,无法判定,无法判定,无法判定,无法判定,未判定,未判定,cost-execution-1.0,ca7102ef54f4c2b190484871e99401aef601fecad5b7ca08b8144fb0c8d629d5,fa7cb70f0757afa1008a2741f25b66cdd94fbd38e104c5ea9bce88329d2df96a,658984c7c5b369498b61ef9b3b027343374396ec611a94799b82ef3dd47ea5e5,无法判定,cost_source_missing,任务-000032输入身份漂移，或尚无获批成本来源登记；未读取当前费率/盘口/账户信息,登记带来源、时间、版本、数据截止和可见性证据的手续费、价差、深度、冲击、资金费率、延迟和可成交量；重新发布批次
cost-20260805T014911+0800-26f68554e23b,DS-000213,BTC,ZI-c6103a96caf69285c99ebf1c,未判定,未判定,未判定,未判定,未判定,未判定（仅允许4小时/8小时/24小时/48小时）,未判定,无法判定,无法判定（成本来源未登记）,无法判定,无法判定,无法判定,无法判定,无法判定,无法判定,无法判定,未判定,未判定,cost-execution-1.0,ca7102ef54f4c2b190484871e99401aef601fecad5b7ca08b8144fb0c8d629d5,45cf425993b46d12cacb4fe8239ce9eccf2ab072deace94f480767aade5f8164,72109925c51568eb2a043210e997f10e8df1b0eba6997e85e5a0d94ee97f5f33,无法判定,cost_source_missing,任务-000032输入身份漂移，或尚无获批成本来源登记；未读取当前费率/盘口/账户信息,登记带来源、时间、版本、数据截止和可见性证据的手续费、价差、深度、冲击、资金费率、延迟和可成交量；重新发布批次
cost-20260805T014911+0800-26f68554e23b,DS-000213,ETH,ZI-a63d16fb4ec4d09959677754,未判定,未判定,未判定,未判定,未判定,未判定（仅允许4小时/8小时/24小时/48小时）,未判定,无法判定,无法判定（成本来源未登记）,无法判定,无法判定,无法判定,无法判定,无法判定,无法判定,无法判定,未判定,未判定,cost-execution-1.0,ca7102ef54f4c2b190484871e99401aef601fecad5b7ca08b8144fb0c8d629d5,45cf425993b46d12cacb4fe8239ce9eccf2ab072deace94f480767aade5f8164,cd15e44d5120571821bdfa12f87eb787de8556a1963dec41bad7b386c0bb347e,无法判定,cost_source_missing,任务-000032输入身份漂移，或尚无获批成本来源登记；未读取当前费率/盘口/账户信息,登记带来源、时间、版本、数据截止和可见性证据的手续费、价差、深度、冲击、资金费率、延迟和可成交量；重新发布批次
cost-20260805T014911+0800-26f68554e23b,DS-000214,BTC,ZI-8304253d2ed20332e30ebcca,未判定,未判定,未判定,未判定,未判定,未判定（仅允许4小时/8小时/24小时/48小时）,未判定,无法判定,无法判定（成本来源未登记）,无法判定,无法判定,无法判定,无法判定,无法判定,无法判定,无法判定,未判定,未判定,cost-execution-1.0,ca7102ef54f4c2b190484871e99401aef601fecad5b7ca08b8144fb0c8d629d5,c4ff5721068214f5a5b132c7f6f0c6cc43bd129ec66ba178e08c8538941c4dd1,028225231e76c50875e75956009602bc7c0aaa688dd50f8d35dcf7501b1004a8,无法判定,cost_source_missing,任务-000032输入身份漂移，或尚无获批成本来源登记；未读取当前费率/盘口/账户信息,登记带来源、时间、版本、数据截止和可见性证据的手续费、价差、深度、冲击、资金费率、延迟和可成交量；重新发布批次
cost-20260805T014911+0800-26f68554e23b,DS-000214,ETH,ZI-46ace9e7b562d73bf90102ac,未判定,未判定,未判定,未判定,未判定,未判定（仅允许4小时/8小时/24小时/48小时）,未判定,无法判定,无法判定（成本来源未登记）,无法判定,无法判定,无法判定,无法判定,无法判定,无法判定,无法判定,未判定,未判定,cost-execution-1.0,ca7102ef54f4c2b190484871e99401aef601fecad5b7ca08b8144fb0c8d629d5,c4ff5721068214f5a5b132c7f6f0c6cc43bd129ec66ba178e08c8538941c4dd1,cb5f3b41a6ffa17ea6e1b9da0309913f3721aba01c6bf6346518f25722f68d03,无法判定,cost_source_missing,任务-000032输入身份漂移，或尚无获批成本来源登记；未读取当前费率/盘口/账户信息,登记带来源、时间、版本、数据截止和可见性证据的手续费、价差、深度、冲击、资金费率、延迟和可成交量；重新发布批次
cost-20260805T014911+0800-26f68554e23b,DS-000215,BTC,ZI-ec81510cd0a232ac9b5cc4f3,未判定,未判定,未判定,未判定,未判定,未判定（仅允许4小时/8小时/24小时/48小时）,未判定,无法判定,无法判定（成本来源未登记）,无法判定,无法判定,无法判定,无法判定,无法判定,无法判定,无法判定,未判定,未判定,cost-execution-1.0,ca7102ef54f4c2b190484871e99401aef601fecad5b7ca08b8144fb0c8d629d5,a307d1c24f8c7f312b989f40d77a1580607c37df7f69fe3461f60907e299aaa5,fe209873220584e000c36efd1a2f5680db83f6d7c333edc31a2d5a14f1bd4c82,无法判定,cost_source_missing,任务-000032输入身份漂移，或尚无获批成本来源登记；未读取当前费率/盘口/账户信息,登记带来源、时间、版本、数据截止和可见性证据的手续费、价差、深度、冲击、资金费率、延迟和可成交量；重新发布批次
cost-20260805T014911+0800-26f68554e23b,DS-000215,ETH,ZI-4bf648fae65088717c965e1f,未判定,未判定,未判定,未判定,未判定,未判定（仅允许4小时/8小时/24小时/48小时）,未判定,无法判定,无法判定（成本来源未登记）,无法判定,无法判定,无法判定,无法判定,无法判定,无法判定,无法判定,未判定,未判定,cost-execution-1.0,ca7102ef54f4c2b190484871e99401aef601fecad5b7ca08b8144fb0c8d629d5,a307d1c24f8c7f312b989f40d77a1580607c37df7f69fe3461f60907e299aaa5,940f3bc6b2bb94a89bbb23069f86e3658ff71f3aab52c86d1a1094e3fe4bc76e,无法判定,cost_source_missing,任务-000032输入身份漂移，或尚无获批成本来源登记；未读取当前费率/盘口/账户信息,登记带来源、时间、版本、数据截止和可见性证据的手续费、价差、深度、冲击、资金费率、延迟和可成交量；重新发布批次
cost-20260805T014911+0800-26f68554e23b,DS-000216,BTC,ZI-7d904efd7dbc8083ae534633,未判定,未判定,未判定,未判定,未判定,未判定（仅允许4小时/8小时/24小时/48小时）,未判定,无法判定,无法判定（成本来源未登记）,无法判定,无法判定,无法判定,无法判定,无法判定,无法判定,无法判定,未判定,未判定,cost-execution-1.0,ca7102ef54f4c2b190484871e99401aef601fecad5b7ca08b8144fb0c8d629d5,4c1f90d25c34b5ff0676f9f69f7d72f0abb614a491d7ae328cd18e6be90e5a18,331f6d39d3b15307a7cf05b3ad5e4926e01bc78cf97d33f44ce9c2967de1ebd7,无法判定,cost_source_missing,任务-000032输入身份漂移，或尚无获批成本来源登记；未读取当前费率/盘口/账户信息,登记带来源、时间、版本、数据截止和可见性证据的手续费、价差、深度、冲击、资金费率、延迟和可成交量；重新发布批次
cost-20260805T014911+0800-26f68554e23b,DS-000216,ETH,ZI-aa7e8af4e975d61b2ca3fb4f,未判定,未判定,未判定,未判定,未判定,未判定（仅允许4小时/8小时/24小时/48小时）,未判定,无法判定,无法判定（成本来源未登记）,无法判定,无法判定,无法判定,无法判定,无法判定,无法判定,无法判定,未判定,未判定,cost-execution-1.0,ca7102ef54f4c2b190484871e99401aef601fecad5b7ca08b8144fb0c8d629d5,4c1f90d25c34b5ff0676f9f69f7d72f0abb614a491d7ae328cd18e6be90e5a18,9bb03094f2be1867f9f0505835afde6fc4bb126222f0bf9a7c0c71eda6d06da6,无法判定,cost_source_missing,任务-000032输入身份漂移，或尚无获批成本来源登记；未读取当前费率/盘口/账户信息,登记带来源、时间、版本、数据截止和可见性证据的手续费、价差、深度、冲击、资金费率、延迟和可成交量；重新发布批次
cost-20260805T014911+0800-26f68554e23b,DS-000217,BTC,ZI-74ee466762e9b1869eeab68c,未判定,未判定,未判定,未判定,未判定,未判定（仅允许4小时/8小时/24小时/48小时）,未判定,无法判定,无法判定（成本来源未登记）,无法判定,无法判定,无法判定,无法判定,无法判定,无法判定,无法判定,未判定,未判定,cost-execution-1.0,ca7102ef54f4c2b190484871e99401aef601fecad5b7ca08b8144fb0c8d629d5,75705804018fe7922066618779a83703b727b299dec059467a77538562a14dee,babd5e71868110ee0e434e055d71c797af932554923023854d99744b2de396e9,无法判定,cost_source_missing,任务-000032输入身份漂移，或尚无获批成本来源登记；未读取当前费率/盘口/账户信息,登记带来源、时间、版本、数据截止和可见性证据的手续费、价差、深度、冲击、资金费率、延迟和可成交量；重新发布批次
cost-20260805T014911+0800-26f68554e23b,DS-000217,ETH,ZI-87449cb81b7b3a3b8f7d3eab,未判定,未判定,未判定,未判定,未判定,未判定（仅允许4小时/8小时/24小时/48小时）,未判定,无法判定,无法判定（成本来源未登记）,无法判定,无法判定,无法判定,无法判定,无法判定,无法判定,无法判定,未判定,未判定,cost-execution-1.0,ca7102ef54f4c2b190484871e99401aef601fecad5b7ca08b8144fb0c8d629d5,75705804018fe7922066618779a83703b727b299dec059467a77538562a14dee,17de0fd954ffd1051d04b9656f2d840eb39edd40888924ce7e2bdabbee70a0d5,无法判定,cost_source_missing,任务-000032输入身份漂移，或尚无获批成本来源登记；未读取当前费率/盘口/账户信息,登记带来源、时间、版本、数据截止和可见性证据的手续费、价差、深度、冲击、资金费率、延迟和可成交量；重新发布批次
cost-20260805T014911+0800-26f68554e23b,DS-000218,BTC,ZI-29c36adb3ea8aab9775a3a1a,未判定,未判定,未判定,未判定,未判定,未判定（仅允许4小时/8小时/24小时/48小时）,未判定,无法判定,无法判定（成本来源未登记）,无法判定,无法判定,无法判定,无法判定,无法判定,无法判定,无法判定,未判定,未判定,cost-execution-1.0,ca7102ef54f4c2b190484871e99401aef601fecad5b7ca08b8144fb0c8d629d5,5bff8241f264eaa56cb0cc9babee4eb3ea0f05ce3d0e00996803cdd06afc05bb,7897b72eefe05cb784493722df2e6b3b2a1fda415a466b557bc9c0217e6f08da,无法判定,cost_source_missing,任务-000032输入身份漂移，或尚无获批成本来源登记；未读取当前费率/盘口/账户信息,登记带来源、时间、版本、数据截止和可见性证据的手续费、价差、深度、冲击、资金费率、延迟和可成交量；重新发布批次
cost-20260805T014911+0800-26f68554e23b,DS-000218,ETH,ZI-36c092c73b65708fcdd38ad4,未判定,未判定,未判定,未判定,未判定,未判定（仅允许4小时/8小时/24小时/48小时）,未判定,无法判定,无法判定（成本来源未登记）,无法判定,无法判定,无法判定,无法判定,无法判定,无法判定,无法判定,未判定,未判定,cost-execution-1.0,ca7102ef54f4c2b190484871e99401aef601fecad5b7ca08b8144fb0c8d629d5,5bff8241f264eaa56cb0cc9babee4eb3ea0f05ce3d0e00996803cdd06afc05bb,6e0e4c59d56f9601be64bbdf27afaf732f3021bcc895de2bb03b6609edbfe90f,无法判定,cost_source_missing,任务-000032输入身份漂移，或尚无获批成本来源登记；未读取当前费率/盘口/账户信息,登记带来源、时间、版本、数据截止和可见性证据的手续费、价差、深度、冲击、资金费率、延迟和可成交量；重新发布批次
cost-20260805T014911+0800-26f68554e23b,DS-000219,BTC,ZI-e2ba4b054e7cdaf4c747c964,未判定,未判定,未判定,未判定,未判定,未判定（仅允许4小时/8小时/24小时/48小时）,未判定,无法判定,无法判定（成本来源未登记）,无法判定,无法判定,无法判定,无法判定,无法判定,无法判定,无法判定,未判定,未判定,cost-execution-1.0,ca7102ef54f4c2b190484871e99401aef601fecad5b7ca08b8144fb0c8d629d5,a73a3b9ce8afb3bb24ffd84e8ff206e0b8f4caab52bf16b70a23e6311b8f17d1,5ddf196786254b8556ce9b0e3d86806cadb66ecda9f8a76f32800cea899df518,无法判定,cost_source_missing,任务-000032输入身份漂移，或尚无获批成本来源登记；未读取当前费率/盘口/账户信息,登记带来源、时间、版本、数据截止和可见性证据的手续费、价差、深度、冲击、资金费率、延迟和可成交量；重新发布批次
cost-20260805T014911+0800-26f68554e23b,DS-000219,ETH,ZI-12c289eff1be0bf2e1d20fb5,未判定,未判定,未判定,未判定,未判定,未判定（仅允许4小时/8小时/24小时/48小时）,未判定,无法判定,无法判定（成本来源未登记）,无法判定,无法判定,无法判定,无法判定,无法判定,无法判定,无法判定,未判定,未判定,cost-execution-1.0,ca7102ef54f4c2b190484871e99401aef601fecad5b7ca08b8144fb0c8d629d5,a73a3b9ce8afb3bb24ffd84e8ff206e0b8f4caab52bf16b70a23e6311b8f17d1,2173c41e5f3bb7eb8e0e8ac1267970cec0bd8bcacc1dff62f785b4eb232c7371,无法判定,cost_source_missing,任务-000032输入身份漂移，或尚无获批成本来源登记；未读取当前费率/盘口/账户信息,登记带来源、时间、版本、数据截止和可见性证据的手续费、价差、深度、冲击、资金费率、延迟和可成交量；重新发布批次
cost-20260805T014911+0800-26f68554e23b,DS-000220,BTC,ZI-16b6d5bd373c2fbb92c71411,未判定,未判定,未判定,未判定,未判定,未判定（仅允许4小时/8小时/24小时/48小时）,未判定,无法判定,无法判定（成本来源未登记）,无法判定,无法判定,无法判定,无法判定,无法判定,无法判定,无法判定,未判定,未判定,cost-execution-1.0,ca7102ef54f4c2b190484871e99401aef601fecad5b7ca08b8144fb0c8d629d5,79a4ad2a5b8173caac9e006a3057e86ec55d1d3e215fc3638c3d8f080bf235b9,fb3d92d61348f35e5c538696471bb03223024ec288ce92304e48d119e669e5c4,无法判定,cost_source_missing,任务-000032输入身份漂移，或尚无获批成本来源登记；未读取当前费率/盘口/账户信息,登记带来源、时间、版本、数据截止和可见性证据的手续费、价差、深度、冲击、资金费率、延迟和可成交量；重新发布批次
cost-20260805T014911+0800-26f68554e23b,DS-000220,ETH,ZI-f31616fc75ad8bef6735c9f9,未判定,未判定,未判定,未判定,未判定,未判定（仅允许4小时/8小时/24小时/48小时）,未判定,无法判定,无法判定（成本来源未登记）,无法判定,无法判定,无法判定,无法判定,无法判定,无法判定,无法判定,未判定,未判定,cost-execution-1.0,ca7102ef54f4c2b190484871e99401aef601fecad5b7ca08b8144fb0c8d629d5,79a4ad2a5b8173caac9e006a3057e86ec55d1d3e215fc3638c3d8f080bf235b9,59b8f6df557571976fef71e77e384eba89af04d5d2bef609c0d4b68feca0094d,无法判定,cost_source_missing,任务-000032输入身份漂移，或尚无获批成本来源登记；未读取当前费率/盘口/账户信息,登记带来源、时间、版本、数据截止和可见性证据的手续费、价差、深度、冲击、资金费率、延迟和可成交量；重新发布批次
cost-20260805T014911+0800-26f68554e23b,DS-000221,BTC,ZI-e8b50f0e23b5a2aadfe713a0,未判定,未判定,未判定,未判定,未判定,未判定（仅允许4小时/8小时/24小时/48小时）,未判定,无法判定,无法判定（成本来源未登记）,无法判定,无法判定,无法判定,无法判定,无法判定,无法判定,无法判定,未判定,未判定,cost-execution-1.0,ca7102ef54f4c2b190484871e99401aef601fecad5b7ca08b8144fb0c8d629d5,0a449597d23a32d1b181bab6dd25533140ae876f6037c4d86ad868b493fbb370,1121da59484fa973601d0f15bedb8b9860cb57ca187ff723e89139b924b7db34,无法判定,cost_source_missing,任务-000032输入身份漂移，或尚无获批成本来源登记；未读取当前费率/盘口/账户信息,登记带来源、时间、版本、数据截止和可见性证据的手续费、价差、深度、冲击、资金费率、延迟和可成交量；重新发布批次
cost-20260805T014911+0800-26f68554e23b,DS-000221,ETH,ZI-cd249e493d073e54d19874b0,未判定,未判定,未判定,未判定,未判定,未判定（仅允许4小时/8小时/24小时/48小时）,未判定,无法判定,无法判定（成本来源未登记）,无法判定,无法判定,无法判定,无法判定,无法判定,无法判定,无法判定,未判定,未判定,cost-execution-1.0,ca7102ef54f4c2b190484871e99401aef601fecad5b7ca08b8144fb0c8d629d5,0a449597d23a32d1b181bab6dd25533140ae876f6037c4d86ad868b493fbb370,63679b65bf416b7e9cdb77d4d587da878136fc5deed13e3b914d315c54661891,无法判定,cost_source_missing,任务-000032输入身份漂移，或尚无获批成本来源登记；未读取当前费率/盘口/账户信息,登记带来源、时间、版本、数据截止和可见性证据的手续费、价差、深度、冲击、资金费率、延迟和可成交量；重新发布批次
cost-20260805T014911+0800-26f68554e23b,DS-000222,BTC,ZI-34a2fe963d2ab9822f260ad3,未判定,未判定,未判定,未判定,未判定,未判定（仅允许4小时/8小时/24小时/48小时）,未判定,无法判定,无法判定（成本来源未登记）,无法判定,无法判定,无法判定,无法判定,无法判定,无法判定,无法判定,未判定,未判定,cost-execution-1.0,ca7102ef54f4c2b190484871e99401aef601fecad5b7ca08b8144fb0c8d629d5,f7de371d476b707c8202b201962d7faede6395eeb79f0f9add0938dab549c854,af7c120b9bf48bc6083ee521323a730a908b2f6afd5b90dbe2db0f9536d9372c,无法判定,cost_source_missing,任务-000032输入身份漂移，或尚无获批成本来源登记；未读取当前费率/盘口/账户信息,登记带来源、时间、版本、数据截止和可见性证据的手续费、价差、深度、冲击、资金费率、延迟和可成交量；重新发布批次
cost-20260805T014911+0800-26f68554e23b,DS-000222,ETH,ZI-745c8f0cc6ded6fb507acbb1,未判定,未判定,未判定,未判定,未判定,未判定（仅允许4小时/8小时/24小时/48小时）,未判定,无法判定,无法判定（成本来源未登记）,无法判定,无法判定,无法判定,无法判定,无法判定,无法判定,无法判定,未判定,未判定,cost-execution-1.0,ca7102ef54f4c2b190484871e99401aef601fecad5b7ca08b8144fb0c8d629d5,f7de371d476b707c8202b201962d7faede6395eeb79f0f9add0938dab549c854,fbf281c416d633d8d26f4f937d866e91916bf98342368cab590a6a272aa56a49,无法判定,cost_source_missing,任务-000032输入身份漂移，或尚无获批成本来源登记；未读取当前费率/盘口/账户信息,登记带来源、时间、版本、数据截止和可见性证据的手续费、价差、深度、冲击、资金费率、延迟和可成交量；重新发布批次
cost-20260805T014911+0800-26f68554e23b,DS-000223,BTC,ZI-19d32f1ee8316f8b358988a0,未判定,未判定,未判定,未判定,未判定,未判定（仅允许4小时/8小时/24小时/48小时）,未判定,无法判定,无法判定（成本来源未登记）,无法判定,无法判定,无法判定,无法判定,无法判定,无法判定,无法判定,未判定,未判定,cost-execution-1.0,ca7102ef54f4c2b190484871e99401aef601fecad5b7ca08b8144fb0c8d629d5,56099bb0cf9a30a88bc31a85eefe1149f235d50ec3febbe6b08a1875e5682241,30739202ecb42accd614b011a1a8079bf5cde54448f10334136ed02728f6ae8c,无法判定,cost_source_missing,任务-000032输入身份漂移，或尚无获批成本来源登记；未读取当前费率/盘口/账户信息,登记带来源、时间、版本、数据截止和可见性证据的手续费、价差、深度、冲击、资金费率、延迟和可成交量；重新发布批次
cost-20260805T014911+0800-26f68554e23b,DS-000223,ETH,ZI-eb81ef33f15cce2bf5a3ea90,未判定,未判定,未判定,未判定,未判定,未判定（仅允许4小时/8小时/24小时/48小时）,未判定,无法判定,无法判定（成本来源未登记）,无法判定,无法判定,无法判定,无法判定,无法判定,无法判定,无法判定,未判定,未判定,cost-execution-1.0,ca7102ef54f4c2b190484871e99401aef601fecad5b7ca08b8144fb0c8d629d5,56099bb0cf9a30a88bc31a85eefe1149f235d50ec3febbe6b08a1875e5682241,995260a90c58aa0f60f5080295d57c6abb6f1cf57d403f1a5d3e10afa585c138,无法判定,cost_source_missing,任务-000032输入身份漂移，或尚无获批成本来源登记；未读取当前费率/盘口/账户信息,登记带来源、时间、版本、数据截止和可见性证据的手续费、价差、深度、冲击、资金费率、延迟和可成交量；重新发布批次
cost-20260805T014911+0800-26f68554e23b,DS-000225,BTC,ZI-0694ca8ffce7194a5edb1a0f,未判定,未判定,未判定,未判定,未判定,未判定（仅允许4小时/8小时/24小时/48小时）,未判定,无法判定,无法判定（成本来源未登记）,无法判定,无法判定,无法判定,无法判定,无法判定,无法判定,无法判定,未判定,未判定,cost-execution-1.0,ca7102ef54f4c2b190484871e99401aef601fecad5b7ca08b8144fb0c8d629d5,f5c7f6c2a35b2df07de5b605264b04a4fbeec21c533be3cd41670a4ee0f01dee,7911e2c2001ac4aef6b62040ff5d51bf173e5d9315a91899d7b9ac4a5efa410f,无法判定,cost_source_missing,任务-000032输入身份漂移，或尚无获批成本来源登记；未读取当前费率/盘口/账户信息,登记带来源、时间、版本、数据截止和可见性证据的手续费、价差、深度、冲击、资金费率、延迟和可成交量；重新发布批次
cost-20260805T014911+0800-26f68554e23b,DS-000225,ETH,ZI-27b8a9edb40a15d5c5340edf,未判定,未判定,未判定,未判定,未判定,未判定（仅允许4小时/8小时/24小时/48小时）,未判定,无法判定,无法判定（成本来源未登记）,无法判定,无法判定,无法判定,无法判定,无法判定,无法判定,无法判定,未判定,未判定,cost-execution-1.0,ca7102ef54f4c2b190484871e99401aef601fecad5b7ca08b8144fb0c8d629d5,f5c7f6c2a35b2df07de5b605264b04a4fbeec21c533be3cd41670a4ee0f01dee,06a544b6e7a3c5713fc5f80cead32e010452becbd8364ed100e4219d490dbbf0,无法判定,cost_source_missing,任务-000032输入身份漂移，或尚无获批成本来源登记；未读取当前费率/盘口/账户信息,登记带来源、时间、版本、数据截止和可见性证据的手续费、价差、深度、冲击、资金费率、延迟和可成交量；重新发布批次
cost-20260805T014911+0800-26f68554e23b,DS-000226,BTC,ZI-b14dc6c9a93cf52c6c414771,未判定,未判定,未判定,未判定,未判定,未判定（仅允许4小时/8小时/24小时/48小时）,未判定,无法判定,无法判定（成本来源未登记）,无法判定,无法判定,无法判定,无法判定,无法判定,无法判定,无法判定,未判定,未判定,cost-execution-1.0,ca7102ef54f4c2b190484871e99401aef601fecad5b7ca08b8144fb0c8d629d5,a601f6af7f8c3ad75a6f1c61c4072a796fb32a694bab1376bfb703b1452ee633,175c1f5dbd0f143d689635afa2d3983b66a6829cd710d9518657b464156a80b4,无法判定,cost_source_missing,任务-000032输入身份漂移，或尚无获批成本来源登记；未读取当前费率/盘口/账户信息,登记带来源、时间、版本、数据截止和可见性证据的手续费、价差、深度、冲击、资金费率、延迟和可成交量；重新发布批次
cost-20260805T014911+0800-26f68554e23b,DS-000226,ETH,ZI-ad198a04fff4d73bef09be27,未判定,未判定,未判定,未判定,未判定,未判定（仅允许4小时/8小时/24小时/48小时）,未判定,无法判定,无法判定（成本来源未登记）,无法判定,无法判定,无法判定,无法判定,无法判定,无法判定,无法判定,未判定,未判定,cost-execution-1.0,ca7102ef54f4c2b190484871e99401aef601fecad5b7ca08b8144fb0c8d629d5,a601f6af7f8c3ad75a6f1c61c4072a796fb32a694bab1376bfb703b1452ee633,c8f550674a7197b49850ac9d3acb90ee2c58931cb78f3529c6750c13f9cdd834,无法判定,cost_source_missing,任务-000032输入身份漂移，或尚无获批成本来源登记；未读取当前费率/盘口/账户信息,登记带来源、时间、版本、数据截止和可见性证据的手续费、价差、深度、冲击、资金费率、延迟和可成交量；重新发布批次
cost-20260805T014911+0800-26f68554e23b,DS-000227,BTC,ZI-bb74646c795efd1568463fd5,未判定,未判定,未判定,未判定,未判定,未判定（仅允许4小时/8小时/24小时/48小时）,未判定,无法判定,无法判定（成本来源未登记）,无法判定,无法判定,无法判定,无法判定,无法判定,无法判定,无法判定,未判定,未判定,cost-execution-1.0,ca7102ef54f4c2b190484871e99401aef601fecad5b7ca08b8144fb0c8d629d5,80fb11181d6f4b5fe5c84269d408ba41c4112ff1540be92d75c7d03a132a6df1,5a7023258e436b1a68fed2df8fe6d85158bcc6beec0494778cefebfe37871485,无法判定,cost_source_missing,任务-000032输入身份漂移，或尚无获批成本来源登记；未读取当前费率/盘口/账户信息,登记带来源、时间、版本、数据截止和可见性证据的手续费、价差、深度、冲击、资金费率、延迟和可成交量；重新发布批次
cost-20260805T014911+0800-26f68554e23b,DS-000227,ETH,ZI-4b36343f1d86304b4e4f560c,未判定,未判定,未判定,未判定,未判定,未判定（仅允许4小时/8小时/24小时/48小时）,未判定,无法判定,无法判定（成本来源未登记）,无法判定,无法判定,无法判定,无法判定,无法判定,无法判定,无法判定,未判定,未判定,cost-execution-1.0,ca7102ef54f4c2b190484871e99401aef601fecad5b7ca08b8144fb0c8d629d5,80fb11181d6f4b5fe5c84269d408ba41c4112ff1540be92d75c7d03a132a6df1,86ea851186b35065dc9d4aea62bb70d6fae11344c0f773dc9a82b6de39b79b25,无法判定,cost_source_missing,任务-000032输入身份漂移，或尚无获批成本来源登记；未读取当前费率/盘口/账户信息,登记带来源、时间、版本、数据截止和可见性证据的手续费、价差、深度、冲击、资金费率、延迟和可成交量；重新发布批次
cost-20260805T014911+0800-26f68554e23b,DS-000228,BTC,ZI-e5230a52ad3a08cbc1de9499,未判定,未判定,未判定,未判定,未判定,未判定（仅允许4小时/8小时/24小时/48小时）,未判定,无法判定,无法判定（成本来源未登记）,无法判定,无法判定,无法判定,无法判定,无法判定,无法判定,无法判定,未判定,未判定,cost-execution-1.0,ca7102ef54f4c2b190484871e99401aef601fecad5b7ca08b8144fb0c8d629d5,9199ed67b754bde9f5e75c429198cf7fafe044383f19df8fc657c814bbe5301a,fed3b4d616a6bf0daf815068bce71102cf894809f39d6c6fd4f629847016afbe,无法判定,cost_source_missing,任务-000032输入身份漂移，或尚无获批成本来源登记；未读取当前费率/盘口/账户信息,登记带来源、时间、版本、数据截止和可见性证据的手续费、价差、深度、冲击、资金费率、延迟和可成交量；重新发布批次
cost-20260805T014911+0800-26f68554e23b,DS-000228,ETH,ZI-14ef909ee974f036bc532048,未判定,未判定,未判定,未判定,未判定,未判定（仅允许4小时/8小时/24小时/48小时）,未判定,无法判定,无法判定（成本来源未登记）,无法判定,无法判定,无法判定,无法判定,无法判定,无法判定,无法判定,未判定,未判定,cost-execution-1.0,ca7102ef54f4c2b190484871e99401aef601fecad5b7ca08b8144fb0c8d629d5,9199ed67b754bde9f5e75c429198cf7fafe044383f19df8fc657c814bbe5301a,30bca8ea08b8e55f933c1c548bde81c0666922ce6fbe85f3f73410f6e35ae74f,无法判定,cost_source_missing,任务-000032输入身份漂移，或尚无获批成本来源登记；未读取当前费率/盘口/账户信息,登记带来源、时间、版本、数据截止和可见性证据的手续费、价差、深度、冲击、资金费率、延迟和可成交量；重新发布批次
cost-20260805T014911+0800-26f68554e23b,DS-000229,BTC,ZI-3fd360a6acc4e7dc0e4d25aa,未判定,未判定,未判定,未判定,未判定,未判定（仅允许4小时/8小时/24小时/48小时）,未判定,无法判定,无法判定（成本来源未登记）,无法判定,无法判定,无法判定,无法判定,无法判定,无法判定,无法判定,未判定,未判定,cost-execution-1.0,ca7102ef54f4c2b190484871e99401aef601fecad5b7ca08b8144fb0c8d629d5,84e09004e532198f62e1e9b1b461ed9fef7132784e6bfa9d9e8c12fcd9bea2fc,0fa059161caca7d3d4db2fbdb8134c58c62e4aedf109d19aca3132f778374e92,无法判定,cost_source_missing,任务-000032输入身份漂移，或尚无获批成本来源登记；未读取当前费率/盘口/账户信息,登记带来源、时间、版本、数据截止和可见性证据的手续费、价差、深度、冲击、资金费率、延迟和可成交量；重新发布批次
cost-20260805T014911+0800-26f68554e23b,DS-000229,ETH,ZI-66a219ffac06bb9ab7fa2300,未判定,未判定,未判定,未判定,未判定,未判定（仅允许4小时/8小时/24小时/48小时）,未判定,无法判定,无法判定（成本来源未登记）,无法判定,无法判定,无法判定,无法判定,无法判定,无法判定,无法判定,未判定,未判定,cost-execution-1.0,ca7102ef54f4c2b190484871e99401aef601fecad5b7ca08b8144fb0c8d629d5,84e09004e532198f62e1e9b1b461ed9fef7132784e6bfa9d9e8c12fcd9bea2fc,958d776200a6a738cf91070e94718fef3db2ed5e0f6ec6ba356742387bd961f2,无法判定,cost_source_missing,任务-000032输入身份漂移，或尚无获批成本来源登记；未读取当前费率/盘口/账户信息,登记带来源、时间、版本、数据截止和可见性证据的手续费、价差、深度、冲击、资金费率、延迟和可成交量；重新发布批次
cost-20260805T014911+0800-26f68554e23b,DS-000230,BTC,ZI-84932a2cb8d1dbb102b157bc,未判定,未判定,未判定,未判定,未判定,未判定（仅允许4小时/8小时/24小时/48小时）,未判定,无法判定,无法判定（成本来源未登记）,无法判定,无法判定,无法判定,无法判定,无法判定,无法判定,无法判定,未判定,未判定,cost-execution-1.0,ca7102ef54f4c2b190484871e99401aef601fecad5b7ca08b8144fb0c8d629d5,d683c8280a2b9bdebf13853ddbe692fc0ef95614746fd34cbec264f6242232ce,d05cef27403db3b81b6ba1541f2eb25c9b4147c3408d7af2c058722464aae96e,无法判定,cost_source_missing,任务-000032输入身份漂移，或尚无获批成本来源登记；未读取当前费率/盘口/账户信息,登记带来源、时间、版本、数据截止和可见性证据的手续费、价差、深度、冲击、资金费率、延迟和可成交量；重新发布批次
cost-20260805T014911+0800-26f68554e23b,DS-000230,ETH,ZI-79977c0de5fa10baeb4e2036,未判定,未判定,未判定,未判定,未判定,未判定（仅允许4小时/8小时/24小时/48小时）,未判定,无法判定,无法判定（成本来源未登记）,无法判定,无法判定,无法判定,无法判定,无法判定,无法判定,无法判定,未判定,未判定,cost-execution-1.0,ca7102ef54f4c2b190484871e99401aef601fecad5b7ca08b8144fb0c8d629d5,d683c8280a2b9bdebf13853ddbe692fc0ef95614746fd34cbec264f6242232ce,9f3a46034f72f1ee80dc9f26c7c77b503765271d9972318c8664e115ff5705db,无法判定,cost_source_missing,任务-000032输入身份漂移，或尚无获批成本来源登记；未读取当前费率/盘口/账户信息,登记带来源、时间、版本、数据截止和可见性证据的手续费、价差、深度、冲击、资金费率、延迟和可成交量；重新发布批次
cost-20260805T014911+0800-26f68554e23b,DS-000231,BTC,ZI-931fd13d49e7871a65721be5,未判定,未判定,未判定,未判定,未判定,未判定（仅允许4小时/8小时/24小时/48小时）,未判定,无法判定,无法判定（成本来源未登记）,无法判定,无法判定,无法判定,无法判定,无法判定,无法判定,无法判定,未判定,未判定,cost-execution-1.0,ca7102ef54f4c2b190484871e99401aef601fecad5b7ca08b8144fb0c8d629d5,1f31e26ac0acbb2349054fe33bf0a95cf677c780c32d0e9d1bc521fbe6cc5869,e44389a80e9c118c6defbd2912d1c950172aa3f6807d9fc11a5603c7a60a863f,无法判定,cost_source_missing,任务-000032输入身份漂移，或尚无获批成本来源登记；未读取当前费率/盘口/账户信息,登记带来源、时间、版本、数据截止和可见性证据的手续费、价差、深度、冲击、资金费率、延迟和可成交量；重新发布批次
cost-20260805T014911+0800-26f68554e23b,DS-000231,ETH,ZI-c0029613c3870423b45b1788,未判定,未判定,未判定,未判定,未判定,未判定（仅允许4小时/8小时/24小时/48小时）,未判定,无法判定,无法判定（成本来源未登记）,无法判定,无法判定,无法判定,无法判定,无法判定,无法判定,无法判定,未判定,未判定,cost-execution-1.0,ca7102ef54f4c2b190484871e99401aef601fecad5b7ca08b8144fb0c8d629d5,1f31e26ac0acbb2349054fe33bf0a95cf677c780c32d0e9d1bc521fbe6cc5869,52ef7d9c8164b609e292ab96bc07ad10f896aedfd023dacc48c0461de58f80bb,无法判定,cost_source_missing,任务-000032输入身份漂移，或尚无获批成本来源登记；未读取当前费率/盘口/账户信息,登记带来源、时间、版本、数据截止和可见性证据的手续费、价差、深度、冲击、资金费率、延迟和可成交量；重新发布批次
cost-20260805T014911+0800-26f68554e23b,DS-000232,BTC,ZI-0db81498191dada0dd3edbeb,未判定,未判定,未判定,未判定,未判定,未判定（仅允许4小时/8小时/24小时/48小时）,未判定,无法判定,无法判定（成本来源未登记）,无法判定,无法判定,无法判定,无法判定,无法判定,无法判定,无法判定,未判定,未判定,cost-execution-1.0,ca7102ef54f4c2b190484871e99401aef601fecad5b7ca08b8144fb0c8d629d5,5c1d248439c44101bf5eb2dae263ba8534d68d9ad552835cba636a60655f9e08,6f3c8a2788ad16793f7c5c1a5dbb57d140d0ed01764dcd37088624fcea558a7b,无法判定,cost_source_missing,任务-000032输入身份漂移，或尚无获批成本来源登记；未读取当前费率/盘口/账户信息,登记带来源、时间、版本、数据截止和可见性证据的手续费、价差、深度、冲击、资金费率、延迟和可成交量；重新发布批次
cost-20260805T014911+0800-26f68554e23b,DS-000232,ETH,ZI-cf8e84baeb622787ac41dc30,未判定,未判定,未判定,未判定,未判定,未判定（仅允许4小时/8小时/24小时/48小时）,未判定,无法判定,无法判定（成本来源未登记）,无法判定,无法判定,无法判定,无法判定,无法判定,无法判定,无法判定,未判定,未判定,cost-execution-1.0,ca7102ef54f4c2b190484871e99401aef601fecad5b7ca08b8144fb0c8d629d5,5c1d248439c44101bf5eb2dae263ba8534d68d9ad552835cba636a60655f9e08,4c5f42351606feb0929241513b66e7d3377d7850b7b7df75ac32406031170a10,无法判定,cost_source_missing,任务-000032输入身份漂移，或尚无获批成本来源登记；未读取当前费率/盘口/账户信息,登记带来源、时间、版本、数据截止和可见性证据的手续费、价差、深度、冲击、资金费率、延迟和可成交量；重新发布批次
cost-20260805T014911+0800-26f68554e23b,DS-000233,BTC,ZI-40e1501e3846b2cfea5a7abc,未判定,未判定,未判定,未判定,未判定,未判定（仅允许4小时/8小时/24小时/48小时）,未判定,无法判定,无法判定（成本来源未登记）,无法判定,无法判定,无法判定,无法判定,无法判定,无法判定,无法判定,未判定,未判定,cost-execution-1.0,ca7102ef54f4c2b190484871e99401aef601fecad5b7ca08b8144fb0c8d629d5,79df52ea9bd94ae357d8159fd17abc8bf92f5e249256ffe4b919bbe1f4d3e72a,a97ea1bed34e6ce31d2922046d8c23db800dfd074e7356da2597dc8588609b2c,无法判定,cost_source_missing,任务-000032输入身份漂移，或尚无获批成本来源登记；未读取当前费率/盘口/账户信息,登记带来源、时间、版本、数据截止和可见性证据的手续费、价差、深度、冲击、资金费率、延迟和可成交量；重新发布批次
cost-20260805T014911+0800-26f68554e23b,DS-000233,ETH,ZI-6e16822db392394cabe67d99,未判定,未判定,未判定,未判定,未判定,未判定（仅允许4小时/8小时/24小时/48小时）,未判定,无法判定,无法判定（成本来源未登记）,无法判定,无法判定,无法判定,无法判定,无法判定,无法判定,无法判定,未判定,未判定,cost-execution-1.0,ca7102ef54f4c2b190484871e99401aef601fecad5b7ca08b8144fb0c8d629d5,79df52ea9bd94ae357d8159fd17abc8bf92f5e249256ffe4b919bbe1f4d3e72a,de8b25808d02903055c7213049160e7ffa38c1e055100fa5e1d46c49982d4d45,无法判定,cost_source_missing,任务-000032输入身份漂移，或尚无获批成本来源登记；未读取当前费率/盘口/账户信息,登记带来源、时间、版本、数据截止和可见性证据的手续费、价差、深度、冲击、资金费率、延迟和可成交量；重新发布批次
cost-20260805T014911+0800-26f68554e23b,DS-000234,BTC,ZI-180e97d2bf1963cdbc241452,未判定,未判定,未判定,未判定,未判定,未判定（仅允许4小时/8小时/24小时/48小时）,未判定,无法判定,无法判定（成本来源未登记）,无法判定,无法判定,无法判定,无法判定,无法判定,无法判定,无法判定,未判定,未判定,cost-execution-1.0,ca7102ef54f4c2b190484871e99401aef601fecad5b7ca08b8144fb0c8d629d5,04bc0e168782c4ab1fcb23212fa018f63bf84897e7233d50e6a08da03bb3579c,a9a93983f0ff8561a7e6edfb76be305ad159eed7ea2e883d78c3435dc458a0dd,无法判定,cost_source_missing,任务-000032输入身份漂移，或尚无获批成本来源登记；未读取当前费率/盘口/账户信息,登记带来源、时间、版本、数据截止和可见性证据的手续费、价差、深度、冲击、资金费率、延迟和可成交量；重新发布批次
cost-20260805T014911+0800-26f68554e23b,DS-000234,ETH,ZI-8bf3b7f49e84f911829251ed,未判定,未判定,未判定,未判定,未判定,未判定（仅允许4小时/8小时/24小时/48小时）,未判定,无法判定,无法判定（成本来源未登记）,无法判定,无法判定,无法判定,无法判定,无法判定,无法判定,无法判定,未判定,未判定,cost-execution-1.0,ca7102ef54f4c2b190484871e99401aef601fecad5b7ca08b8144fb0c8d629d5,04bc0e168782c4ab1fcb23212fa018f63bf84897e7233d50e6a08da03bb3579c,102c00e936ec25607bd49ae835b94597f86dcbbfffbdebace70bcb0b82920ce6,无法判定,cost_source_missing,任务-000032输入身份漂移，或尚无获批成本来源登记；未读取当前费率/盘口/账户信息,登记带来源、时间、版本、数据截止和可见性证据的手续费、价差、深度、冲击、资金费率、延迟和可成交量；重新发布批次
cost-20260805T014911+0800-26f68554e23b,DS-000235,BTC,ZI-82ca837cfd12f3b03f7ca932,未判定,未判定,未判定,未判定,未判定,未判定（仅允许4小时/8小时/24小时/48小时）,未判定,无法判定,无法判定（成本来源未登记）,无法判定,无法判定,无法判定,无法判定,无法判定,无法判定,无法判定,未判定,未判定,cost-execution-1.0,ca7102ef54f4c2b190484871e99401aef601fecad5b7ca08b8144fb0c8d629d5,6fbe08a26abfb0a79e9b058edbd379ab22d60909fdb7c76e9ff0ad558e24384d,8790b066bb3ba364ec1beff062aff7dd0f48147575d1e680b91462e329e80d38,无法判定,cost_source_missing,任务-000032输入身份漂移，或尚无获批成本来源登记；未读取当前费率/盘口/账户信息,登记带来源、时间、版本、数据截止和可见性证据的手续费、价差、深度、冲击、资金费率、延迟和可成交量；重新发布批次
cost-20260805T014911+0800-26f68554e23b,DS-000235,ETH,ZI-d1584d0aeceda26db63c8b11,未判定,未判定,未判定,未判定,未判定,未判定（仅允许4小时/8小时/24小时/48小时）,未判定,无法判定,无法判定（成本来源未登记）,无法判定,无法判定,无法判定,无法判定,无法判定,无法判定,无法判定,未判定,未判定,cost-execution-1.0,ca7102ef54f4c2b190484871e99401aef601fecad5b7ca08b8144fb0c8d629d5,6fbe08a26abfb0a79e9b058edbd379ab22d60909fdb7c76e9ff0ad558e24384d,cfd5d3716a7290483e1cd71ed4f0a8da6afc359a479ab67f7b7693219c7b23f9,无法判定,cost_source_missing,任务-000032输入身份漂移，或尚无获批成本来源登记；未读取当前费率/盘口/账户信息,登记带来源、时间、版本、数据截止和可见性证据的手续费、价差、深度、冲击、资金费率、延迟和可成交量；重新发布批次
cost-20260805T014911+0800-26f68554e23b,DS-000236,BTC,ZI-f8f3b3ccb51bd499cc0a7a90,未判定,未判定,未判定,未判定,未判定,未判定（仅允许4小时/8小时/24小时/48小时）,未判定,无法判定,无法判定（成本来源未登记）,无法判定,无法判定,无法判定,无法判定,无法判定,无法判定,无法判定,未判定,未判定,cost-execution-1.0,ca7102ef54f4c2b190484871e99401aef601fecad5b7ca08b8144fb0c8d629d5,fabcc536ecdaed2f1086af9a2c10b86e6b2c7466a9c564d40a21a9fc46f7b21d,0920d829b4a81ef5030a88009760bf279cdad304b9c088cdcfcf1f04c84ddb33,无法判定,cost_source_missing,任务-000032输入身份漂移，或尚无获批成本来源登记；未读取当前费率/盘口/账户信息,登记带来源、时间、版本、数据截止和可见性证据的手续费、价差、深度、冲击、资金费率、延迟和可成交量；重新发布批次
cost-20260805T014911+0800-26f68554e23b,DS-000236,ETH,ZI-5e6e454a508063ea931295ff,未判定,未判定,未判定,未判定,未判定,未判定（仅允许4小时/8小时/24小时/48小时）,未判定,无法判定,无法判定（成本来源未登记）,无法判定,无法判定,无法判定,无法判定,无法判定,无法判定,无法判定,未判定,未判定,cost-execution-1.0,ca7102ef54f4c2b190484871e99401aef601fecad5b7ca08b8144fb0c8d629d5,fabcc536ecdaed2f1086af9a2c10b86e6b2c7466a9c564d40a21a9fc46f7b21d,c679f40c0d941fdc318d68c660df29ca509ce659fdcaa2cd7dc16ddabb0580f5,无法判定,cost_source_missing,任务-000032输入身份漂移，或尚无获批成本来源登记；未读取当前费率/盘口/账户信息,登记带来源、时间、版本、数据截止和可见性证据的手续费、价差、深度、冲击、资金费率、延迟和可成交量；重新发布批次
cost-20260805T014911+0800-26f68554e23b,DS-000237,BTC,ZI-909e04049eca4a3356195dcc,未判定,未判定,未判定,未判定,未判定,未判定（仅允许4小时/8小时/24小时/48小时）,未判定,无法判定,无法判定（成本来源未登记）,无法判定,无法判定,无法判定,无法判定,无法判定,无法判定,无法判定,未判定,未判定,cost-execution-1.0,ca7102ef54f4c2b190484871e99401aef601fecad5b7ca08b8144fb0c8d629d5,05bc15ce0be8480c412cc726d0665e9a842189ea65b03d7a018ecfe440e48aba,0256008ba50a276857cb6674cd69952010dcc3f45c4e78e48de6f106a56112aa,无法判定,cost_source_missing,任务-000032输入身份漂移，或尚无获批成本来源登记；未读取当前费率/盘口/账户信息,登记带来源、时间、版本、数据截止和可见性证据的手续费、价差、深度、冲击、资金费率、延迟和可成交量；重新发布批次
cost-20260805T014911+0800-26f68554e23b,DS-000237,ETH,ZI-df85df71f25df1fb06f98422,未判定,未判定,未判定,未判定,未判定,未判定（仅允许4小时/8小时/24小时/48小时）,未判定,无法判定,无法判定（成本来源未登记）,无法判定,无法判定,无法判定,无法判定,无法判定,无法判定,无法判定,未判定,未判定,cost-execution-1.0,ca7102ef54f4c2b190484871e99401aef601fecad5b7ca08b8144fb0c8d629d5,05bc15ce0be8480c412cc726d0665e9a842189ea65b03d7a018ecfe440e48aba,1d608f4be9e1451ca0a8d39ba310c7af8a616ffe34810cfc207f6808a1944b95,无法判定,cost_source_missing,任务-000032输入身份漂移，或尚无获批成本来源登记；未读取当前费率/盘口/账户信息,登记带来源、时间、版本、数据截止和可见性证据的手续费、价差、深度、冲击、资金费率、延迟和可成交量；重新发布批次
cost-20260805T014911+0800-26f68554e23b,DS-000238,BTC,ZI-c4350e8eb898e37acd11c607,未判定,未判定,未判定,未判定,未判定,未判定（仅允许4小时/8小时/24小时/48小时）,未判定,无法判定,无法判定（成本来源未登记）,无法判定,无法判定,无法判定,无法判定,无法判定,无法判定,无法判定,未判定,未判定,cost-execution-1.0,ca7102ef54f4c2b190484871e99401aef601fecad5b7ca08b8144fb0c8d629d5,2fe9a74528ac5b498bc66eccdab5a19f61b44cf987869044293203754aa93c2b,20d6aedaefc52fc439490b566caf272c6f60146ec3f32fa2ae8a6dd4af38a8e2,无法判定,cost_source_missing,任务-000032输入身份漂移，或尚无获批成本来源登记；未读取当前费率/盘口/账户信息,登记带来源、时间、版本、数据截止和可见性证据的手续费、价差、深度、冲击、资金费率、延迟和可成交量；重新发布批次
cost-20260805T014911+0800-26f68554e23b,DS-000238,ETH,ZI-1194b87b58ecebc3c28008ce,未判定,未判定,未判定,未判定,未判定,未判定（仅允许4小时/8小时/24小时/48小时）,未判定,无法判定,无法判定（成本来源未登记）,无法判定,无法判定,无法判定,无法判定,无法判定,无法判定,无法判定,未判定,未判定,cost-execution-1.0,ca7102ef54f4c2b190484871e99401aef601fecad5b7ca08b8144fb0c8d629d5,2fe9a74528ac5b498bc66eccdab5a19f61b44cf987869044293203754aa93c2b,2ebe8fb2afc17ca131a4dd3f2937581d97bb5d89397689e127a9401ddc539174,无法判定,cost_source_missing,任务-000032输入身份漂移，或尚无获批成本来源登记；未读取当前费率/盘口/账户信息,登记带来源、时间、版本、数据截止和可见性证据的手续费、价差、深度、冲击、资金费率、延迟和可成交量；重新发布批次
cost-20260805T014911+0800-26f68554e23b,DS-000239,BTC,ZI-70ff9820b675a6fb1dadcb63,未判定,未判定,未判定,未判定,未判定,未判定（仅允许4小时/8小时/24小时/48小时）,未判定,无法判定,无法判定（成本来源未登记）,无法判定,无法判定,无法判定,无法判定,无法判定,无法判定,无法判定,未判定,未判定,cost-execution-1.0,ca7102ef54f4c2b190484871e99401aef601fecad5b7ca08b8144fb0c8d629d5,4d646f25ca3011dbae427743f5d0bdc92b4666ee5bb14c6567df11ab497d388f,8b1e6db6df89e43ff3c95d38433f58d8f2faffd3ddc2dd5320436e71d5008bdc,无法判定,cost_source_missing,任务-000032输入身份漂移，或尚无获批成本来源登记；未读取当前费率/盘口/账户信息,登记带来源、时间、版本、数据截止和可见性证据的手续费、价差、深度、冲击、资金费率、延迟和可成交量；重新发布批次
cost-20260805T014911+0800-26f68554e23b,DS-000239,ETH,ZI-2cfe46f1735ab9707d4c09ab,未判定,未判定,未判定,未判定,未判定,未判定（仅允许4小时/8小时/24小时/48小时）,未判定,无法判定,无法判定（成本来源未登记）,无法判定,无法判定,无法判定,无法判定,无法判定,无法判定,无法判定,未判定,未判定,cost-execution-1.0,ca7102ef54f4c2b190484871e99401aef601fecad5b7ca08b8144fb0c8d629d5,4d646f25ca3011dbae427743f5d0bdc92b4666ee5bb14c6567df11ab497d388f,b13eb52b166910d8f0152772ee82014baea6064ca73f7c9f1bb3282b5fa31c65,无法判定,cost_source_missing,任务-000032输入身份漂移，或尚无获批成本来源登记；未读取当前费率/盘口/账户信息,登记带来源、时间、版本、数据截止和可见性证据的手续费、价差、深度、冲击、资金费率、延迟和可成交量；重新发布批次
cost-20260805T014911+0800-26f68554e23b,DS-000240,BTC,ZI-a3518b5c91cfcb0ddebabc49,未判定,未判定,未判定,未判定,未判定,未判定（仅允许4小时/8小时/24小时/48小时）,未判定,无法判定,无法判定（成本来源未登记）,无法判定,无法判定,无法判定,无法判定,无法判定,无法判定,无法判定,未判定,未判定,cost-execution-1.0,ca7102ef54f4c2b190484871e99401aef601fecad5b7ca08b8144fb0c8d629d5,932e92d42db1e6e18781af10cf786f6236bfec9c4e2c4c5e030cd161df58b37c,88ceb46e00d97078922c25faa2b6632baa536aa79cb6ed8fa7653ed459be9714,无法判定,cost_source_missing,任务-000032输入身份漂移，或尚无获批成本来源登记；未读取当前费率/盘口/账户信息,登记带来源、时间、版本、数据截止和可见性证据的手续费、价差、深度、冲击、资金费率、延迟和可成交量；重新发布批次
cost-20260805T014911+0800-26f68554e23b,DS-000240,ETH,ZI-c2a1b190eb6f6e39d8e7307b,未判定,未判定,未判定,未判定,未判定,未判定（仅允许4小时/8小时/24小时/48小时）,未判定,无法判定,无法判定（成本来源未登记）,无法判定,无法判定,无法判定,无法判定,无法判定,无法判定,无法判定,未判定,未判定,cost-execution-1.0,ca7102ef54f4c2b190484871e99401aef601fecad5b7ca08b8144fb0c8d629d5,932e92d42db1e6e18781af10cf786f6236bfec9c4e2c4c5e030cd161df58b37c,0388c06ff4b6b3e548b81dc63b0a49f812671f5904c8c77da2dd2750c1d31397,无法判定,cost_source_missing,任务-000032输入身份漂移，或尚无获批成本来源登记；未读取当前费率/盘口/账户信息,登记带来源、时间、版本、数据截止和可见性证据的手续费、价差、深度、冲击、资金费率、延迟和可成交量；重新发布批次
cost-20260805T014911+0800-26f68554e23b,DS-000241,BTC,ZI-2d19f035d654c628059e34b8,未判定,未判定,未判定,未判定,未判定,未判定（仅允许4小时/8小时/24小时/48小时）,未判定,无法判定,无法判定（成本来源未登记）,无法判定,无法判定,无法判定,无法判定,无法判定,无法判定,无法判定,未判定,未判定,cost-execution-1.0,ca7102ef54f4c2b190484871e99401aef601fecad5b7ca08b8144fb0c8d629d5,f8911588843d63a0c0202cbc07732bd1493afd8294398197b640f714f6ae935c,f6fe859226008253638a391ad9144d81111563ead0ab722c428b4cb28c8a5594,无法判定,cost_source_missing,任务-000032输入身份漂移，或尚无获批成本来源登记；未读取当前费率/盘口/账户信息,登记带来源、时间、版本、数据截止和可见性证据的手续费、价差、深度、冲击、资金费率、延迟和可成交量；重新发布批次
cost-20260805T014911+0800-26f68554e23b,DS-000241,ETH,ZI-ae83f52ffad4d799cef96c15,未判定,未判定,未判定,未判定,未判定,未判定（仅允许4小时/8小时/24小时/48小时）,未判定,无法判定,无法判定（成本来源未登记）,无法判定,无法判定,无法判定,无法判定,无法判定,无法判定,无法判定,未判定,未判定,cost-execution-1.0,ca7102ef54f4c2b190484871e99401aef601fecad5b7ca08b8144fb0c8d629d5,f8911588843d63a0c0202cbc07732bd1493afd8294398197b640f714f6ae935c,91b9c9790596d65914ba4ca551a332c22a0704d0f71d4c16f74989b62d49ce2d,无法判定,cost_source_missing,任务-000032输入身份漂移，或尚无获批成本来源登记；未读取当前费率/盘口/账户信息,登记带来源、时间、版本、数据截止和可见性证据的手续费、价差、深度、冲击、资金费率、延迟和可成交量；重新发布批次
cost-20260805T014911+0800-26f68554e23b,DS-000242,BTC,ZI-2aacde99b3989717dca21e4a,未判定,未判定,未判定,未判定,未判定,未判定（仅允许4小时/8小时/24小时/48小时）,未判定,无法判定,无法判定（成本来源未登记）,无法判定,无法判定,无法判定,无法判定,无法判定,无法判定,无法判定,未判定,未判定,cost-execution-1.0,ca7102ef54f4c2b190484871e99401aef601fecad5b7ca08b8144fb0c8d629d5,2a94a981983b61c892164739f9f33e71b7ee2925cedc5e016a0d49876670bf5b,68c55a832fb4a031fadbcc9d7b2b39ca4d10b8fcefb87416a200c433221bba31,无法判定,cost_source_missing,任务-000032输入身份漂移，或尚无获批成本来源登记；未读取当前费率/盘口/账户信息,登记带来源、时间、版本、数据截止和可见性证据的手续费、价差、深度、冲击、资金费率、延迟和可成交量；重新发布批次
cost-20260805T014911+0800-26f68554e23b,DS-000242,ETH,ZI-c0132a1ecf9a90f96d882e21,未判定,未判定,未判定,未判定,未判定,未判定（仅允许4小时/8小时/24小时/48小时）,未判定,无法判定,无法判定（成本来源未登记）,无法判定,无法判定,无法判定,无法判定,无法判定,无法判定,无法判定,未判定,未判定,cost-execution-1.0,ca7102ef54f4c2b190484871e99401aef601fecad5b7ca08b8144fb0c8d629d5,2a94a981983b61c892164739f9f33e71b7ee2925cedc5e016a0d49876670bf5b,4e977761cf252a66c3a127f434d05981a65ef8f24d2845533414671fc044566e,无法判定,cost_source_missing,任务-000032输入身份漂移，或尚无获批成本来源登记；未读取当前费率/盘口/账户信息,登记带来源、时间、版本、数据截止和可见性证据的手续费、价差、深度、冲击、资金费率、延迟和可成交量；重新发布批次
cost-20260805T014911+0800-26f68554e23b,DS-000243,BTC,ZI-ec7ec383b739a0789e262abf,未判定,未判定,未判定,未判定,未判定,未判定（仅允许4小时/8小时/24小时/48小时）,未判定,无法判定,无法判定（成本来源未登记）,无法判定,无法判定,无法判定,无法判定,无法判定,无法判定,无法判定,未判定,未判定,cost-execution-1.0,ca7102ef54f4c2b190484871e99401aef601fecad5b7ca08b8144fb0c8d629d5,2eccdc97e783a7dfcc17802facd31b4df2a6452e5fd63a4c0fc85d0cf2dc3573,99d40e38440f2ee0ac4e2d514aebb74026d2531f4ccc5540f91256910aac4b91,无法判定,cost_source_missing,任务-000032输入身份漂移，或尚无获批成本来源登记；未读取当前费率/盘口/账户信息,登记带来源、时间、版本、数据截止和可见性证据的手续费、价差、深度、冲击、资金费率、延迟和可成交量；重新发布批次
cost-20260805T014911+0800-26f68554e23b,DS-000243,ETH,ZI-3df61827b10e5aad02eaefeb,未判定,未判定,未判定,未判定,未判定,未判定（仅允许4小时/8小时/24小时/48小时）,未判定,无法判定,无法判定（成本来源未登记）,无法判定,无法判定,无法判定,无法判定,无法判定,无法判定,无法判定,未判定,未判定,cost-execution-1.0,ca7102ef54f4c2b190484871e99401aef601fecad5b7ca08b8144fb0c8d629d5,2eccdc97e783a7dfcc17802facd31b4df2a6452e5fd63a4c0fc85d0cf2dc3573,a1d391794270bbbc43f3d90a48f1a4d79e1a98f38f4570afb0e8a2a737c6cd0d,无法判定,cost_source_missing,任务-000032输入身份漂移，或尚无获批成本来源登记；未读取当前费率/盘口/账户信息,登记带来源、时间、版本、数据截止和可见性证据的手续费、价差、深度、冲击、资金费率、延迟和可成交量；重新发布批次
cost-20260805T014911+0800-26f68554e23b,DS-000244,BTC,ZI-a141d598481257020e4c6917,未判定,未判定,未判定,未判定,未判定,未判定（仅允许4小时/8小时/24小时/48小时）,未判定,无法判定,无法判定（成本来源未登记）,无法判定,无法判定,无法判定,无法判定,无法判定,无法判定,无法判定,未判定,未判定,cost-execution-1.0,ca7102ef54f4c2b190484871e99401aef601fecad5b7ca08b8144fb0c8d629d5,9feb9e2e9fa24318f9d1244e773a8934fb17964995dae6ff9b80bd2c6288d6de,ac06fa1b4a6fd7dacfc01bf890c5cc3a0f72bc3023cfa2ccd0cbd44372f76dc7,无法判定,cost_source_missing,任务-000032输入身份漂移，或尚无获批成本来源登记；未读取当前费率/盘口/账户信息,登记带来源、时间、版本、数据截止和可见性证据的手续费、价差、深度、冲击、资金费率、延迟和可成交量；重新发布批次
cost-20260805T014911+0800-26f68554e23b,DS-000244,ETH,ZI-6ce4484efa53e7ff44eb2c25,未判定,未判定,未判定,未判定,未判定,未判定（仅允许4小时/8小时/24小时/48小时）,未判定,无法判定,无法判定（成本来源未登记）,无法判定,无法判定,无法判定,无法判定,无法判定,无法判定,无法判定,未判定,未判定,cost-execution-1.0,ca7102ef54f4c2b190484871e99401aef601fecad5b7ca08b8144fb0c8d629d5,9feb9e2e9fa24318f9d1244e773a8934fb17964995dae6ff9b80bd2c6288d6de,1d1c2028284d12b62afd32846de2a2b614201c40d1a4d0dbd4ec2f560ad6ea6a,无法判定,cost_source_missing,任务-000032输入身份漂移，或尚无获批成本来源登记；未读取当前费率/盘口/账户信息,登记带来源、时间、版本、数据截止和可见性证据的手续费、价差、深度、冲击、资金费率、延迟和可成交量；重新发布批次
cost-20260805T014911+0800-26f68554e23b,DS-000245,BTC,ZI-0a136a28fb73960969c8e5ab,未判定,未判定,未判定,未判定,未判定,未判定（仅允许4小时/8小时/24小时/48小时）,未判定,无法判定,无法判定（成本来源未登记）,无法判定,无法判定,无法判定,无法判定,无法判定,无法判定,无法判定,未判定,未判定,cost-execution-1.0,ca7102ef54f4c2b190484871e99401aef601fecad5b7ca08b8144fb0c8d629d5,bb8e21d070e56203df056dd080543a3048030a637fe4068da99ad8f8ba59c2e9,3a4b8c4cf06d76e208e89974dd9b06a2b113d33c468b3f395cffa5cc868c848b,无法判定,cost_source_missing,任务-000032输入身份漂移，或尚无获批成本来源登记；未读取当前费率/盘口/账户信息,登记带来源、时间、版本、数据截止和可见性证据的手续费、价差、深度、冲击、资金费率、延迟和可成交量；重新发布批次
cost-20260805T014911+0800-26f68554e23b,DS-000245,ETH,ZI-087e7743eeecff587810b73c,未判定,未判定,未判定,未判定,未判定,未判定（仅允许4小时/8小时/24小时/48小时）,未判定,无法判定,无法判定（成本来源未登记）,无法判定,无法判定,无法判定,无法判定,无法判定,无法判定,无法判定,未判定,未判定,cost-execution-1.0,ca7102ef54f4c2b190484871e99401aef601fecad5b7ca08b8144fb0c8d629d5,bb8e21d070e56203df056dd080543a3048030a637fe4068da99ad8f8ba59c2e9,f797cb7115b27b2d6d51b75e82967ddb2fb8fd7402bc0e3e5ef888592675d439,无法判定,cost_source_missing,任务-000032输入身份漂移，或尚无获批成本来源登记；未读取当前费率/盘口/账户信息,登记带来源、时间、版本、数据截止和可见性证据的手续费、价差、深度、冲击、资金费率、延迟和可成交量；重新发布批次
cost-20260805T014911+0800-26f68554e23b,DS-000246,BTC,ZI-58ac48c83dce3eff098110c3,未判定,未判定,未判定,未判定,未判定,未判定（仅允许4小时/8小时/24小时/48小时）,未判定,无法判定,无法判定（成本来源未登记）,无法判定,无法判定,无法判定,无法判定,无法判定,无法判定,无法判定,未判定,未判定,cost-execution-1.0,ca7102ef54f4c2b190484871e99401aef601fecad5b7ca08b8144fb0c8d629d5,d4f2f91acdca0f0a9117235e4e33e3a32c2206148dbe62e0b472c699a161d834,ead83ee62eb1a788e707593a120eb0e0f264d59f81a4927c7827fff0f0dee11b,无法判定,cost_source_missing,任务-000032输入身份漂移，或尚无获批成本来源登记；未读取当前费率/盘口/账户信息,登记带来源、时间、版本、数据截止和可见性证据的手续费、价差、深度、冲击、资金费率、延迟和可成交量；重新发布批次
cost-20260805T014911+0800-26f68554e23b,DS-000246,ETH,ZI-eaa396b6b41356431fa8c73f,未判定,未判定,未判定,未判定,未判定,未判定（仅允许4小时/8小时/24小时/48小时）,未判定,无法判定,无法判定（成本来源未登记）,无法判定,无法判定,无法判定,无法判定,无法判定,无法判定,无法判定,未判定,未判定,cost-execution-1.0,ca7102ef54f4c2b190484871e99401aef601fecad5b7ca08b8144fb0c8d629d5,d4f2f91acdca0f0a9117235e4e33e3a32c2206148dbe62e0b472c699a161d834,2961cfa89309c28193cb04b34f411928604ab588590c84efc7e9f999aaca2be7,无法判定,cost_source_missing,任务-000032输入身份漂移，或尚无获批成本来源登记；未读取当前费率/盘口/账户信息,登记带来源、时间、版本、数据截止和可见性证据的手续费、价差、深度、冲击、资金费率、延迟和可成交量；重新发布批次
cost-20260805T014911+0800-26f68554e23b,DS-000247,BTC,ZI-6e29ccb46c945b51b7439ea2,未判定,未判定,未判定,未判定,未判定,未判定（仅允许4小时/8小时/24小时/48小时）,未判定,无法判定,无法判定（成本来源未登记）,无法判定,无法判定,无法判定,无法判定,无法判定,无法判定,无法判定,未判定,未判定,cost-execution-1.0,ca7102ef54f4c2b190484871e99401aef601fecad5b7ca08b8144fb0c8d629d5,9203430dfd9868519fea2287c28c4e5944cc3b934f1f83a8a3692d6297b9e574,9fc737b1222879a88b26d38062d1599a38312df07acb5e5564a154994d7ac3dd,无法判定,cost_source_missing,任务-000032输入身份漂移，或尚无获批成本来源登记；未读取当前费率/盘口/账户信息,登记带来源、时间、版本、数据截止和可见性证据的手续费、价差、深度、冲击、资金费率、延迟和可成交量；重新发布批次
cost-20260805T014911+0800-26f68554e23b,DS-000247,ETH,ZI-a5d529e526179f5aab36b504,未判定,未判定,未判定,未判定,未判定,未判定（仅允许4小时/8小时/24小时/48小时）,未判定,无法判定,无法判定（成本来源未登记）,无法判定,无法判定,无法判定,无法判定,无法判定,无法判定,无法判定,未判定,未判定,cost-execution-1.0,ca7102ef54f4c2b190484871e99401aef601fecad5b7ca08b8144fb0c8d629d5,9203430dfd9868519fea2287c28c4e5944cc3b934f1f83a8a3692d6297b9e574,d648fee87178084aec2a6cdf7eb1a934359b499c44e0b17d23f06b558303e2be,无法判定,cost_source_missing,任务-000032输入身份漂移，或尚无获批成本来源登记；未读取当前费率/盘口/账户信息,登记带来源、时间、版本、数据截止和可见性证据的手续费、价差、深度、冲击、资金费率、延迟和可成交量；重新发布批次
cost-20260805T014911+0800-26f68554e23b,DS-000248,BTC,ZI-380bca61b30402d70b587e35,未判定,未判定,未判定,未判定,未判定,未判定（仅允许4小时/8小时/24小时/48小时）,未判定,无法判定,无法判定（成本来源未登记）,无法判定,无法判定,无法判定,无法判定,无法判定,无法判定,无法判定,未判定,未判定,cost-execution-1.0,ca7102ef54f4c2b190484871e99401aef601fecad5b7ca08b8144fb0c8d629d5,7bbd70bffbc301dac5507fe4c308d498dfc654c8c776abf171e5aada9db65989,ab31d2f7027e5e329bad4f57e959ec0808b5840e32a7075f592cfc3199fb9308,无法判定,cost_source_missing,任务-000032输入身份漂移，或尚无获批成本来源登记；未读取当前费率/盘口/账户信息,登记带来源、时间、版本、数据截止和可见性证据的手续费、价差、深度、冲击、资金费率、延迟和可成交量；重新发布批次
cost-20260805T014911+0800-26f68554e23b,DS-000248,ETH,ZI-f72d093effc7a5df77a24e15,未判定,未判定,未判定,未判定,未判定,未判定（仅允许4小时/8小时/24小时/48小时）,未判定,无法判定,无法判定（成本来源未登记）,无法判定,无法判定,无法判定,无法判定,无法判定,无法判定,无法判定,未判定,未判定,cost-execution-1.0,ca7102ef54f4c2b190484871e99401aef601fecad5b7ca08b8144fb0c8d629d5,7bbd70bffbc301dac5507fe4c308d498dfc654c8c776abf171e5aada9db65989,6b5bf8aa831b6817da1850b680d4e79dfde14771553c45052e794054e65d6f5c,无法判定,cost_source_missing,任务-000032输入身份漂移，或尚无获批成本来源登记；未读取当前费率/盘口/账户信息,登记带来源、时间、版本、数据截止和可见性证据的手续费、价差、深度、冲击、资金费率、延迟和可成交量；重新发布批次
cost-20260805T014911+0800-26f68554e23b,DS-000249,BTC,ZI-22c7bc4bbe06ea5b6678e8ed,未判定,未判定,未判定,未判定,未判定,未判定（仅允许4小时/8小时/24小时/48小时）,未判定,无法判定,无法判定（成本来源未登记）,无法判定,无法判定,无法判定,无法判定,无法判定,无法判定,无法判定,未判定,未判定,cost-execution-1.0,ca7102ef54f4c2b190484871e99401aef601fecad5b7ca08b8144fb0c8d629d5,f4089120390e09c95b123e45870e74f8e64996fb91e06ba12cf8d391d56d08f3,e52dbd75e3f05e3a43bce774c9e9b6eec197405407e54093ba9ef5e1aa2c56ce,无法判定,cost_source_missing,任务-000032输入身份漂移，或尚无获批成本来源登记；未读取当前费率/盘口/账户信息,登记带来源、时间、版本、数据截止和可见性证据的手续费、价差、深度、冲击、资金费率、延迟和可成交量；重新发布批次
cost-20260805T014911+0800-26f68554e23b,DS-000249,ETH,ZI-3a704542de2b0358f6385dd1,未判定,未判定,未判定,未判定,未判定,未判定（仅允许4小时/8小时/24小时/48小时）,未判定,无法判定,无法判定（成本来源未登记）,无法判定,无法判定,无法判定,无法判定,无法判定,无法判定,无法判定,未判定,未判定,cost-execution-1.0,ca7102ef54f4c2b190484871e99401aef601fecad5b7ca08b8144fb0c8d629d5,f4089120390e09c95b123e45870e74f8e64996fb91e06ba12cf8d391d56d08f3,4779dda5abb72bef5eac43dee4bf8560dac47aab6f7afa9e707d58f83f74a5cc,无法判定,cost_source_missing,任务-000032输入身份漂移，或尚无获批成本来源登记；未读取当前费率/盘口/账户信息,登记带来源、时间、版本、数据截止和可见性证据的手续费、价差、深度、冲击、资金费率、延迟和可成交量；重新发布批次
cost-20260805T014911+0800-26f68554e23b,DS-000250,BTC,ZI-8c2a4928629aa827cfab0bbe,未判定,未判定,未判定,未判定,未判定,未判定（仅允许4小时/8小时/24小时/48小时）,未判定,无法判定,无法判定（成本来源未登记）,无法判定,无法判定,无法判定,无法判定,无法判定,无法判定,无法判定,未判定,未判定,cost-execution-1.0,ca7102ef54f4c2b190484871e99401aef601fecad5b7ca08b8144fb0c8d629d5,5e941a012b369e872daa117d2176f33b396b47a77dd4bda9c58fd3e259a69edf,eba5ef7026e9c06251bcfcf96ac3f837a421e8a2ba735ca6ace6271529fdf228,无法判定,cost_source_missing,任务-000032输入身份漂移，或尚无获批成本来源登记；未读取当前费率/盘口/账户信息,登记带来源、时间、版本、数据截止和可见性证据的手续费、价差、深度、冲击、资金费率、延迟和可成交量；重新发布批次
cost-20260805T014911+0800-26f68554e23b,DS-000250,ETH,ZI-f218e1c853f5de10621f560f,未判定,未判定,未判定,未判定,未判定,未判定（仅允许4小时/8小时/24小时/48小时）,未判定,无法判定,无法判定（成本来源未登记）,无法判定,无法判定,无法判定,无法判定,无法判定,无法判定,无法判定,未判定,未判定,cost-execution-1.0,ca7102ef54f4c2b190484871e99401aef601fecad5b7ca08b8144fb0c8d629d5,5e941a012b369e872daa117d2176f33b396b47a77dd4bda9c58fd3e259a69edf,57c070042e756c3a10e9665e3f2308e2b6262e3a82bf865720b56fd20b7afe63,无法判定,cost_source_missing,任务-000032输入身份漂移，或尚无获批成本来源登记；未读取当前费率/盘口/账户信息,登记带来源、时间、版本、数据截止和可见性证据的手续费、价差、深度、冲击、资金费率、延迟和可成交量；重新发布批次
cost-20260805T014911+0800-26f68554e23b,DS-000251,BTC,ZI-5102df4ca999fece2c974d9f,未判定,未判定,未判定,未判定,未判定,未判定（仅允许4小时/8小时/24小时/48小时）,未判定,无法判定,无法判定（成本来源未登记）,无法判定,无法判定,无法判定,无法判定,无法判定,无法判定,无法判定,未判定,未判定,cost-execution-1.0,ca7102ef54f4c2b190484871e99401aef601fecad5b7ca08b8144fb0c8d629d5,a1005dc629067260e9e26ee71cd78453fa57ef6cf45fc5c43fc89fcff1e6fcf0,4a747f23e3f882a3b0e0f1012423653b70616cb5f7de0d67872ddc961e572558,无法判定,cost_source_missing,任务-000032输入身份漂移，或尚无获批成本来源登记；未读取当前费率/盘口/账户信息,登记带来源、时间、版本、数据截止和可见性证据的手续费、价差、深度、冲击、资金费率、延迟和可成交量；重新发布批次
cost-20260805T014911+0800-26f68554e23b,DS-000251,ETH,ZI-40198d2754da97536a9ad6ce,未判定,未判定,未判定,未判定,未判定,未判定（仅允许4小时/8小时/24小时/48小时）,未判定,无法判定,无法判定（成本来源未登记）,无法判定,无法判定,无法判定,无法判定,无法判定,无法判定,无法判定,未判定,未判定,cost-execution-1.0,ca7102ef54f4c2b190484871e99401aef601fecad5b7ca08b8144fb0c8d629d5,a1005dc629067260e9e26ee71cd78453fa57ef6cf45fc5c43fc89fcff1e6fcf0,743aac5a5cb232771b37f3831d8cadabeaf8e98f0a74db54f1678d51199ccfd0,无法判定,cost_source_missing,任务-000032输入身份漂移，或尚无获批成本来源登记；未读取当前费率/盘口/账户信息,登记带来源、时间、版本、数据截止和可见性证据的手续费、价差、深度、冲击、资金费率、延迟和可成交量；重新发布批次
cost-20260805T014911+0800-26f68554e23b,DS-000252,BTC,ZI-0c93b208498bfc5ca89f17bd,未判定,未判定,未判定,未判定,未判定,未判定（仅允许4小时/8小时/24小时/48小时）,未判定,无法判定,无法判定（成本来源未登记）,无法判定,无法判定,无法判定,无法判定,无法判定,无法判定,无法判定,未判定,未判定,cost-execution-1.0,ca7102ef54f4c2b190484871e99401aef601fecad5b7ca08b8144fb0c8d629d5,eef04099fe69350b85cb6eb95af68852dc847e9184c92b18f268f9e93a1a09b9,55b479a3a81b4b4d03dcda48b297aaec674db200f487f176060ac9a4a4a7f10e,无法判定,cost_source_missing,任务-000032输入身份漂移，或尚无获批成本来源登记；未读取当前费率/盘口/账户信息,登记带来源、时间、版本、数据截止和可见性证据的手续费、价差、深度、冲击、资金费率、延迟和可成交量；重新发布批次
cost-20260805T014911+0800-26f68554e23b,DS-000252,ETH,ZI-33f93e20269b5fc9790af097,未判定,未判定,未判定,未判定,未判定,未判定（仅允许4小时/8小时/24小时/48小时）,未判定,无法判定,无法判定（成本来源未登记）,无法判定,无法判定,无法判定,无法判定,无法判定,无法判定,无法判定,未判定,未判定,cost-execution-1.0,ca7102ef54f4c2b190484871e99401aef601fecad5b7ca08b8144fb0c8d629d5,eef04099fe69350b85cb6eb95af68852dc847e9184c92b18f268f9e93a1a09b9,49c1f762095e5071e550054cbda40ff01c0e040cbcc085604ee97c204e9a45c4,无法判定,cost_source_missing,任务-000032输入身份漂移，或尚无获批成本来源登记；未读取当前费率/盘口/账户信息,登记带来源、时间、版本、数据截止和可见性证据的手续费、价差、深度、冲击、资金费率、延迟和可成交量；重新发布批次
cost-20260805T014911+0800-26f68554e23b,DS-000253,BTC,ZI-a22bc6b5465780acab6f4202,未判定,未判定,未判定,未判定,未判定,未判定（仅允许4小时/8小时/24小时/48小时）,未判定,无法判定,无法判定（成本来源未登记）,无法判定,无法判定,无法判定,无法判定,无法判定,无法判定,无法判定,未判定,未判定,cost-execution-1.0,ca7102ef54f4c2b190484871e99401aef601fecad5b7ca08b8144fb0c8d629d5,2751c53e02d81af636dcbf04fc716bf171af8e4705c02204ffb0532c7e8ead1d,e7f2e3829c5d9e06d3fefc5088fabaa401392cbc760355460deb743eb26ae5b5,无法判定,cost_source_missing,任务-000032输入身份漂移，或尚无获批成本来源登记；未读取当前费率/盘口/账户信息,登记带来源、时间、版本、数据截止和可见性证据的手续费、价差、深度、冲击、资金费率、延迟和可成交量；重新发布批次
cost-20260805T014911+0800-26f68554e23b,DS-000253,ETH,ZI-323348d30ce7bec199813155,未判定,未判定,未判定,未判定,未判定,未判定（仅允许4小时/8小时/24小时/48小时）,未判定,无法判定,无法判定（成本来源未登记）,无法判定,无法判定,无法判定,无法判定,无法判定,无法判定,无法判定,未判定,未判定,cost-execution-1.0,ca7102ef54f4c2b190484871e99401aef601fecad5b7ca08b8144fb0c8d629d5,2751c53e02d81af636dcbf04fc716bf171af8e4705c02204ffb0532c7e8ead1d,21f0a454377e550f467f59091df36cdceda291edd09d23c7810cee524c39b507,无法判定,cost_source_missing,任务-000032输入身份漂移，或尚无获批成本来源登记；未读取当前费率/盘口/账户信息,登记带来源、时间、版本、数据截止和可见性证据的手续费、价差、深度、冲击、资金费率、延迟和可成交量；重新发布批次
cost-20260805T014911+0800-26f68554e23b,DS-000254,BTC,ZI-85c1a57db43cc467bba8305c,未判定,未判定,未判定,未判定,未判定,未判定（仅允许4小时/8小时/24小时/48小时）,未判定,无法判定,无法判定（成本来源未登记）,无法判定,无法判定,无法判定,无法判定,无法判定,无法判定,无法判定,未判定,未判定,cost-execution-1.0,ca7102ef54f4c2b190484871e99401aef601fecad5b7ca08b8144fb0c8d629d5,6e76f09265c344ee8a45c4d7698b791b3d95af0a22be6444bfe16201371240a6,a600fc420a80d83d798fd972af57e8cd35380df32fa13c4ff620d292b3164f1c,无法判定,cost_source_missing,任务-000032输入身份漂移，或尚无获批成本来源登记；未读取当前费率/盘口/账户信息,登记带来源、时间、版本、数据截止和可见性证据的手续费、价差、深度、冲击、资金费率、延迟和可成交量；重新发布批次
cost-20260805T014911+0800-26f68554e23b,DS-000254,ETH,ZI-d041bd8293d10482fe6e3302,未判定,未判定,未判定,未判定,未判定,未判定（仅允许4小时/8小时/24小时/48小时）,未判定,无法判定,无法判定（成本来源未登记）,无法判定,无法判定,无法判定,无法判定,无法判定,无法判定,无法判定,未判定,未判定,cost-execution-1.0,ca7102ef54f4c2b190484871e99401aef601fecad5b7ca08b8144fb0c8d629d5,6e76f09265c344ee8a45c4d7698b791b3d95af0a22be6444bfe16201371240a6,5f6a5873e148c14f1d32e100c34d6ed4da33ffe832b002f6deafe9adf8cdb0f1,无法判定,cost_source_missing,任务-000032输入身份漂移，或尚无获批成本来源登记；未读取当前费率/盘口/账户信息,登记带来源、时间、版本、数据截止和可见性证据的手续费、价差、深度、冲击、资金费率、延迟和可成交量；重新发布批次
cost-20260805T014911+0800-26f68554e23b,DS-000255,BTC,ZI-73b33d25621fcec938082f43,未判定,未判定,未判定,未判定,未判定,未判定（仅允许4小时/8小时/24小时/48小时）,未判定,无法判定,无法判定（成本来源未登记）,无法判定,无法判定,无法判定,无法判定,无法判定,无法判定,无法判定,未判定,未判定,cost-execution-1.0,ca7102ef54f4c2b190484871e99401aef601fecad5b7ca08b8144fb0c8d629d5,d7ef825afc97cd015fb23b5b83f234fdf802a9f781d34b9345defa6350637436,250f6ea21e8548e4cc8cc0c3f9a633ca77f17ed9b58d8969f27f762274555e75,无法判定,cost_source_missing,任务-000032输入身份漂移，或尚无获批成本来源登记；未读取当前费率/盘口/账户信息,登记带来源、时间、版本、数据截止和可见性证据的手续费、价差、深度、冲击、资金费率、延迟和可成交量；重新发布批次
cost-20260805T014911+0800-26f68554e23b,DS-000255,ETH,ZI-3a7f47e5cb0b222a091588ca,未判定,未判定,未判定,未判定,未判定,未判定（仅允许4小时/8小时/24小时/48小时）,未判定,无法判定,无法判定（成本来源未登记）,无法判定,无法判定,无法判定,无法判定,无法判定,无法判定,无法判定,未判定,未判定,cost-execution-1.0,ca7102ef54f4c2b190484871e99401aef601fecad5b7ca08b8144fb0c8d629d5,d7ef825afc97cd015fb23b5b83f234fdf802a9f781d34b9345defa6350637436,6d4c65b31155b3a4ed779f5cd0eb398d2fbcabd240891b537178ecaa6367a9a3,无法判定,cost_source_missing,任务-000032输入身份漂移，或尚无获批成本来源登记；未读取当前费率/盘口/账户信息,登记带来源、时间、版本、数据截止和可见性证据的手续费、价差、深度、冲击、资金费率、延迟和可成交量；重新发布批次
cost-20260805T014911+0800-26f68554e23b,DS-000256,BTC,ZI-efd31016c93ebe09d210630e,未判定,未判定,未判定,未判定,未判定,未判定（仅允许4小时/8小时/24小时/48小时）,未判定,无法判定,无法判定（成本来源未登记）,无法判定,无法判定,无法判定,无法判定,无法判定,无法判定,无法判定,未判定,未判定,cost-execution-1.0,ca7102ef54f4c2b190484871e99401aef601fecad5b7ca08b8144fb0c8d629d5,a45383952bec8930c5896c008b258cb283f095c1b350338cdb484bef96321e7f,76b0817fdbfb8077df17296cf195a521002456c3d4513eeaafffc1298981702d,无法判定,cost_source_missing,任务-000032输入身份漂移，或尚无获批成本来源登记；未读取当前费率/盘口/账户信息,登记带来源、时间、版本、数据截止和可见性证据的手续费、价差、深度、冲击、资金费率、延迟和可成交量；重新发布批次
cost-20260805T014911+0800-26f68554e23b,DS-000256,ETH,ZI-319a17a33bc9e78d08ed5c4a,未判定,未判定,未判定,未判定,未判定,未判定（仅允许4小时/8小时/24小时/48小时）,未判定,无法判定,无法判定（成本来源未登记）,无法判定,无法判定,无法判定,无法判定,无法判定,无法判定,无法判定,未判定,未判定,cost-execution-1.0,ca7102ef54f4c2b190484871e99401aef601fecad5b7ca08b8144fb0c8d629d5,a45383952bec8930c5896c008b258cb283f095c1b350338cdb484bef96321e7f,3c5c46775fefdc7161f6d75fd014f5a9ada10047154442fa493216fd9fbf86b5,无法判定,cost_source_missing,任务-000032输入身份漂移，或尚无获批成本来源登记；未读取当前费率/盘口/账户信息,登记带来源、时间、版本、数据截止和可见性证据的手续费、价差、深度、冲击、资金费率、延迟和可成交量；重新发布批次
cost-20260805T014911+0800-26f68554e23b,DS-000257,BTC,ZI-953e551841d548cda858ff70,未判定,未判定,未判定,未判定,未判定,未判定（仅允许4小时/8小时/24小时/48小时）,未判定,无法判定,无法判定（成本来源未登记）,无法判定,无法判定,无法判定,无法判定,无法判定,无法判定,无法判定,未判定,未判定,cost-execution-1.0,ca7102ef54f4c2b190484871e99401aef601fecad5b7ca08b8144fb0c8d629d5,dcac5828309e952b8e1a86bd53a3dd3f47eed792a9f9fbd81dd1b8d4d15f0a21,54e809ebaac2f213b63aa85e6e4dee32839443059d23162486c1db30cde2dbe1,无法判定,cost_source_missing,任务-000032输入身份漂移，或尚无获批成本来源登记；未读取当前费率/盘口/账户信息,登记带来源、时间、版本、数据截止和可见性证据的手续费、价差、深度、冲击、资金费率、延迟和可成交量；重新发布批次
cost-20260805T014911+0800-26f68554e23b,DS-000257,ETH,ZI-a7faef667815d04984e9f416,未判定,未判定,未判定,未判定,未判定,未判定（仅允许4小时/8小时/24小时/48小时）,未判定,无法判定,无法判定（成本来源未登记）,无法判定,无法判定,无法判定,无法判定,无法判定,无法判定,无法判定,未判定,未判定,cost-execution-1.0,ca7102ef54f4c2b190484871e99401aef601fecad5b7ca08b8144fb0c8d629d5,dcac5828309e952b8e1a86bd53a3dd3f47eed792a9f9fbd81dd1b8d4d15f0a21,e7c9c29274a543b19a6ea4382625b590433e327052fc23421bb8a5ffdeda8cb4,无法判定,cost_source_missing,任务-000032输入身份漂移，或尚无获批成本来源登记；未读取当前费率/盘口/账户信息,登记带来源、时间、版本、数据截止和可见性证据的手续费、价差、深度、冲击、资金费率、延迟和可成交量；重新发布批次
cost-20260805T014911+0800-26f68554e23b,DS-000258,BTC,ZI-d37f2efffb57d6f5ffb06d2d,未判定,未判定,未判定,未判定,未判定,未判定（仅允许4小时/8小时/24小时/48小时）,未判定,无法判定,无法判定（成本来源未登记）,无法判定,无法判定,无法判定,无法判定,无法判定,无法判定,无法判定,未判定,未判定,cost-execution-1.0,ca7102ef54f4c2b190484871e99401aef601fecad5b7ca08b8144fb0c8d629d5,13c935a9313c955096dac5900937a0d74e25a59be457eb2e1ed071369d2e8bb2,6d129a6e161083635d10d200c612dc2a953bff2f3a3e5a2a90ff858ac276a220,无法判定,cost_source_missing,任务-000032输入身份漂移，或尚无获批成本来源登记；未读取当前费率/盘口/账户信息,登记带来源、时间、版本、数据截止和可见性证据的手续费、价差、深度、冲击、资金费率、延迟和可成交量；重新发布批次
cost-20260805T014911+0800-26f68554e23b,DS-000258,ETH,ZI-8525784cda6abfa9ae3bebd3,未判定,未判定,未判定,未判定,未判定,未判定（仅允许4小时/8小时/24小时/48小时）,未判定,无法判定,无法判定（成本来源未登记）,无法判定,无法判定,无法判定,无法判定,无法判定,无法判定,无法判定,未判定,未判定,cost-execution-1.0,ca7102ef54f4c2b190484871e99401aef601fecad5b7ca08b8144fb0c8d629d5,13c935a9313c955096dac5900937a0d74e25a59be457eb2e1ed071369d2e8bb2,e57a04598bfd1c35df2687762113170f75ca522ade54de26299464187168e76d,无法判定,cost_source_missing,任务-000032输入身份漂移，或尚无获批成本来源登记；未读取当前费率/盘口/账户信息,登记带来源、时间、版本、数据截止和可见性证据的手续费、价差、深度、冲击、资金费率、延迟和可成交量；重新发布批次
cost-20260805T014911+0800-26f68554e23b,DS-000259,BTC,ZI-28bd91890e197979dbe3d557,未判定,未判定,未判定,未判定,未判定,未判定（仅允许4小时/8小时/24小时/48小时）,未判定,无法判定,无法判定（成本来源未登记）,无法判定,无法判定,无法判定,无法判定,无法判定,无法判定,无法判定,未判定,未判定,cost-execution-1.0,ca7102ef54f4c2b190484871e99401aef601fecad5b7ca08b8144fb0c8d629d5,a272e90948a86955391c79bfea2b7b162905655ae08f9e7de4497b2f04906f73,81c4b90d45d972343a674b081a4889ea1e6a0293b5ab1af2f67caac27092022f,无法判定,cost_source_missing,任务-000032输入身份漂移，或尚无获批成本来源登记；未读取当前费率/盘口/账户信息,登记带来源、时间、版本、数据截止和可见性证据的手续费、价差、深度、冲击、资金费率、延迟和可成交量；重新发布批次
cost-20260805T014911+0800-26f68554e23b,DS-000259,ETH,ZI-aa4a3912b3b8cdfe15e16046,未判定,未判定,未判定,未判定,未判定,未判定（仅允许4小时/8小时/24小时/48小时）,未判定,无法判定,无法判定（成本来源未登记）,无法判定,无法判定,无法判定,无法判定,无法判定,无法判定,无法判定,未判定,未判定,cost-execution-1.0,ca7102ef54f4c2b190484871e99401aef601fecad5b7ca08b8144fb0c8d629d5,a272e90948a86955391c79bfea2b7b162905655ae08f9e7de4497b2f04906f73,22d9fcbd64985a3ecd8fa290a3679013871eb6ce1fbce91064a8d4bfa8f1bdc3,无法判定,cost_source_missing,任务-000032输入身份漂移，或尚无获批成本来源登记；未读取当前费率/盘口/账户信息,登记带来源、时间、版本、数据截止和可见性证据的手续费、价差、深度、冲击、资金费率、延迟和可成交量；重新发布批次
cost-20260805T014911+0800-26f68554e23b,DS-000260,BTC,ZI-8adfeb2ba520a08a1239da21,未判定,未判定,未判定,未判定,未判定,未判定（仅允许4小时/8小时/24小时/48小时）,未判定,无法判定,无法判定（成本来源未登记）,无法判定,无法判定,无法判定,无法判定,无法判定,无法判定,无法判定,未判定,未判定,cost-execution-1.0,ca7102ef54f4c2b190484871e99401aef601fecad5b7ca08b8144fb0c8d629d5,06b949274405b4734abae8339881247676f73d7f27184e990784f300dfe71de2,ae52386168f342184087ec5b3a9180dfe49a785b8c38affef837068b36994e24,无法判定,cost_source_missing,任务-000032输入身份漂移，或尚无获批成本来源登记；未读取当前费率/盘口/账户信息,登记带来源、时间、版本、数据截止和可见性证据的手续费、价差、深度、冲击、资金费率、延迟和可成交量；重新发布批次
cost-20260805T014911+0800-26f68554e23b,DS-000260,ETH,ZI-9eca828c7abfb00211600ef2,未判定,未判定,未判定,未判定,未判定,未判定（仅允许4小时/8小时/24小时/48小时）,未判定,无法判定,无法判定（成本来源未登记）,无法判定,无法判定,无法判定,无法判定,无法判定,无法判定,无法判定,未判定,未判定,cost-execution-1.0,ca7102ef54f4c2b190484871e99401aef601fecad5b7ca08b8144fb0c8d629d5,06b949274405b4734abae8339881247676f73d7f27184e990784f300dfe71de2,4cc33ea57489c5da1e80562b99ddf5e9ea8f6ce89b85e3a1d21df329142a5d88,无法判定,cost_source_missing,任务-000032输入身份漂移，或尚无获批成本来源登记；未读取当前费率/盘口/账户信息,登记带来源、时间、版本、数据截止和可见性证据的手续费、价差、深度、冲击、资金费率、延迟和可成交量；重新发布批次
cost-20260805T014911+0800-26f68554e23b,DS-000261,BTC,ZI-4d56ade81bc7c6b89f3f4919,未判定,未判定,未判定,未判定,未判定,未判定（仅允许4小时/8小时/24小时/48小时）,未判定,无法判定,无法判定（成本来源未登记）,无法判定,无法判定,无法判定,无法判定,无法判定,无法判定,无法判定,未判定,未判定,cost-execution-1.0,ca7102ef54f4c2b190484871e99401aef601fecad5b7ca08b8144fb0c8d629d5,c3ba5b05d8b04759de18f292edeadd9e676e239529dc36bab30fdf66f8ffabcb,380693f5cea5e5ed77365a5d5cd801f6acbafbf2c20a9c3587ade99185d0f763,无法判定,cost_source_missing,任务-000032输入身份漂移，或尚无获批成本来源登记；未读取当前费率/盘口/账户信息,登记带来源、时间、版本、数据截止和可见性证据的手续费、价差、深度、冲击、资金费率、延迟和可成交量；重新发布批次
cost-20260805T014911+0800-26f68554e23b,DS-000261,ETH,ZI-a9478e827e537a4e6878eb2f,未判定,未判定,未判定,未判定,未判定,未判定（仅允许4小时/8小时/24小时/48小时）,未判定,无法判定,无法判定（成本来源未登记）,无法判定,无法判定,无法判定,无法判定,无法判定,无法判定,无法判定,未判定,未判定,cost-execution-1.0,ca7102ef54f4c2b190484871e99401aef601fecad5b7ca08b8144fb0c8d629d5,c3ba5b05d8b04759de18f292edeadd9e676e239529dc36bab30fdf66f8ffabcb,15d6b97dbd12266420afa4f3c83b7c50429a91bf1c63290e3fd6dbd2d24b801e,无法判定,cost_source_missing,任务-000032输入身份漂移，或尚无获批成本来源登记；未读取当前费率/盘口/账户信息,登记带来源、时间、版本、数据截止和可见性证据的手续费、价差、深度、冲击、资金费率、延迟和可成交量；重新发布批次
cost-20260805T014911+0800-26f68554e23b,DS-000262,BTC,ZI-2575b474caa6b55a94f14d0a,未判定,未判定,未判定,未判定,未判定,未判定（仅允许4小时/8小时/24小时/48小时）,未判定,无法判定,无法判定（成本来源未登记）,无法判定,无法判定,无法判定,无法判定,无法判定,无法判定,无法判定,未判定,未判定,cost-execution-1.0,ca7102ef54f4c2b190484871e99401aef601fecad5b7ca08b8144fb0c8d629d5,a7f08ca272de9dcb7234332b0131d6378aa503d4bb9695cc09bd6a91f407cea8,a0ca7b939ef0192022c56a476b243ebbbb91e44b68dd0f7adbe2da0352e1ba66,无法判定,cost_source_missing,任务-000032输入身份漂移，或尚无获批成本来源登记；未读取当前费率/盘口/账户信息,登记带来源、时间、版本、数据截止和可见性证据的手续费、价差、深度、冲击、资金费率、延迟和可成交量；重新发布批次
cost-20260805T014911+0800-26f68554e23b,DS-000262,ETH,ZI-f29bed3f0a71e254b51c83b3,未判定,未判定,未判定,未判定,未判定,未判定（仅允许4小时/8小时/24小时/48小时）,未判定,无法判定,无法判定（成本来源未登记）,无法判定,无法判定,无法判定,无法判定,无法判定,无法判定,无法判定,未判定,未判定,cost-execution-1.0,ca7102ef54f4c2b190484871e99401aef601fecad5b7ca08b8144fb0c8d629d5,a7f08ca272de9dcb7234332b0131d6378aa503d4bb9695cc09bd6a91f407cea8,6f0d6de96349887529de4fd0a3d4ce2e1399361f99857d29aaa88e129cba7ea8,无法判定,cost_source_missing,任务-000032输入身份漂移，或尚无获批成本来源登记；未读取当前费率/盘口/账户信息,登记带来源、时间、版本、数据截止和可见性证据的手续费、价差、深度、冲击、资金费率、延迟和可成交量；重新发布批次
cost-20260805T014911+0800-26f68554e23b,DS-000263,BTC,ZI-3a9cc5175040973510b7a981,未判定,未判定,未判定,未判定,未判定,未判定（仅允许4小时/8小时/24小时/48小时）,未判定,无法判定,无法判定（成本来源未登记）,无法判定,无法判定,无法判定,无法判定,无法判定,无法判定,无法判定,未判定,未判定,cost-execution-1.0,ca7102ef54f4c2b190484871e99401aef601fecad5b7ca08b8144fb0c8d629d5,a03fee02862c711835aae06c49c1fc7669172955fdd916c51c82c9ad9906b508,2829c143d9b1920fc0f7a0bba1973971c79cb1163504b1809b74184eb71d417e,无法判定,cost_source_missing,任务-000032输入身份漂移，或尚无获批成本来源登记；未读取当前费率/盘口/账户信息,登记带来源、时间、版本、数据截止和可见性证据的手续费、价差、深度、冲击、资金费率、延迟和可成交量；重新发布批次
cost-20260805T014911+0800-26f68554e23b,DS-000263,ETH,ZI-6aa7f974b25be7596f63688e,未判定,未判定,未判定,未判定,未判定,未判定（仅允许4小时/8小时/24小时/48小时）,未判定,无法判定,无法判定（成本来源未登记）,无法判定,无法判定,无法判定,无法判定,无法判定,无法判定,无法判定,未判定,未判定,cost-execution-1.0,ca7102ef54f4c2b190484871e99401aef601fecad5b7ca08b8144fb0c8d629d5,a03fee02862c711835aae06c49c1fc7669172955fdd916c51c82c9ad9906b508,893512bc17741e2c0959350dda6ba08ffbdc9c1a5be9b6456ca48bbb18c3c7c4,无法判定,cost_source_missing,任务-000032输入身份漂移，或尚无获批成本来源登记；未读取当前费率/盘口/账户信息,登记带来源、时间、版本、数据截止和可见性证据的手续费、价差、深度、冲击、资金费率、延迟和可成交量；重新发布批次
cost-20260805T014911+0800-26f68554e23b,DS-000264,BTC,ZI-7a7a75b0b1cbfcb9417167f5,未判定,未判定,未判定,未判定,未判定,未判定（仅允许4小时/8小时/24小时/48小时）,未判定,无法判定,无法判定（成本来源未登记）,无法判定,无法判定,无法判定,无法判定,无法判定,无法判定,无法判定,未判定,未判定,cost-execution-1.0,ca7102ef54f4c2b190484871e99401aef601fecad5b7ca08b8144fb0c8d629d5,8cb9fb0cdee510da242af15124b2dc6ed6e1b9320e9986561b6e71078918660b,9710a1604218c311a113fd8bd5a50792fe0e4036251d1ff3b1c03cc27d66f870,无法判定,cost_source_missing,任务-000032输入身份漂移，或尚无获批成本来源登记；未读取当前费率/盘口/账户信息,登记带来源、时间、版本、数据截止和可见性证据的手续费、价差、深度、冲击、资金费率、延迟和可成交量；重新发布批次
cost-20260805T014911+0800-26f68554e23b,DS-000264,ETH,ZI-e39661473025820c2f3936e3,未判定,未判定,未判定,未判定,未判定,未判定（仅允许4小时/8小时/24小时/48小时）,未判定,无法判定,无法判定（成本来源未登记）,无法判定,无法判定,无法判定,无法判定,无法判定,无法判定,无法判定,未判定,未判定,cost-execution-1.0,ca7102ef54f4c2b190484871e99401aef601fecad5b7ca08b8144fb0c8d629d5,8cb9fb0cdee510da242af15124b2dc6ed6e1b9320e9986561b6e71078918660b,a42a3ff59aa2846d001a3648cf74f56034d990875992f4b7c7c05fbb570928f1,无法判定,cost_source_missing,任务-000032输入身份漂移，或尚无获批成本来源登记；未读取当前费率/盘口/账户信息,登记带来源、时间、版本、数据截止和可见性证据的手续费、价差、深度、冲击、资金费率、延迟和可成交量；重新发布批次
cost-20260805T014911+0800-26f68554e23b,DS-000265,BTC,ZI-03657fc4a6aca5c9bb15a181,未判定,未判定,未判定,未判定,未判定,未判定（仅允许4小时/8小时/24小时/48小时）,未判定,无法判定,无法判定（成本来源未登记）,无法判定,无法判定,无法判定,无法判定,无法判定,无法判定,无法判定,未判定,未判定,cost-execution-1.0,ca7102ef54f4c2b190484871e99401aef601fecad5b7ca08b8144fb0c8d629d5,2cc211286d203f20f591ec1d55ef697aa840af110d0e9a55867a9280c9069ed5,d24daa0fc4be2c982b00f1b084b1b6bb8ce518a55cc65d9b957feea348732043,无法判定,cost_source_missing,任务-000032输入身份漂移，或尚无获批成本来源登记；未读取当前费率/盘口/账户信息,登记带来源、时间、版本、数据截止和可见性证据的手续费、价差、深度、冲击、资金费率、延迟和可成交量；重新发布批次
cost-20260805T014911+0800-26f68554e23b,DS-000265,ETH,ZI-f83c61b1c7dab956125c37c7,未判定,未判定,未判定,未判定,未判定,未判定（仅允许4小时/8小时/24小时/48小时）,未判定,无法判定,无法判定（成本来源未登记）,无法判定,无法判定,无法判定,无法判定,无法判定,无法判定,无法判定,未判定,未判定,cost-execution-1.0,ca7102ef54f4c2b190484871e99401aef601fecad5b7ca08b8144fb0c8d629d5,2cc211286d203f20f591ec1d55ef697aa840af110d0e9a55867a9280c9069ed5,0a17d5f4982535dbcb4c2c09593b884b0c90b4c39d178d24cc65935225995b9d,无法判定,cost_source_missing,任务-000032输入身份漂移，或尚无获批成本来源登记；未读取当前费率/盘口/账户信息,登记带来源、时间、版本、数据截止和可见性证据的手续费、价差、深度、冲击、资金费率、延迟和可成交量；重新发布批次
cost-20260805T014911+0800-26f68554e23b,DS-000266,BTC,ZI-19c4ddf189f5c49d48d5eb86,未判定,未判定,未判定,未判定,未判定,未判定（仅允许4小时/8小时/24小时/48小时）,未判定,无法判定,无法判定（成本来源未登记）,无法判定,无法判定,无法判定,无法判定,无法判定,无法判定,无法判定,未判定,未判定,cost-execution-1.0,ca7102ef54f4c2b190484871e99401aef601fecad5b7ca08b8144fb0c8d629d5,95630dbf791578b49cc5b181d774fc9537ee4d74f4796168f330fb7e25a5e0a2,76261045f3a496f236d4fe03f878a3789952df3ac9bc7bbdae1d9302b3f9da8f,无法判定,cost_source_missing,任务-000032输入身份漂移，或尚无获批成本来源登记；未读取当前费率/盘口/账户信息,登记带来源、时间、版本、数据截止和可见性证据的手续费、价差、深度、冲击、资金费率、延迟和可成交量；重新发布批次
cost-20260805T014911+0800-26f68554e23b,DS-000266,ETH,ZI-93016c2f08434388c8be5de9,未判定,未判定,未判定,未判定,未判定,未判定（仅允许4小时/8小时/24小时/48小时）,未判定,无法判定,无法判定（成本来源未登记）,无法判定,无法判定,无法判定,无法判定,无法判定,无法判定,无法判定,未判定,未判定,cost-execution-1.0,ca7102ef54f4c2b190484871e99401aef601fecad5b7ca08b8144fb0c8d629d5,95630dbf791578b49cc5b181d774fc9537ee4d74f4796168f330fb7e25a5e0a2,b83fb9bbe8f3f033dc174ff4ce41fe7cc52221cfc5322982da2ab419729a37be,无法判定,cost_source_missing,任务-000032输入身份漂移，或尚无获批成本来源登记；未读取当前费率/盘口/账户信息,登记带来源、时间、版本、数据截止和可见性证据的手续费、价差、深度、冲击、资金费率、延迟和可成交量；重新发布批次
cost-20260805T014911+0800-26f68554e23b,DS-000267,BTC,ZI-c1a07615c0e7fb104e27c6f8,未判定,未判定,未判定,未判定,未判定,未判定（仅允许4小时/8小时/24小时/48小时）,未判定,无法判定,无法判定（成本来源未登记）,无法判定,无法判定,无法判定,无法判定,无法判定,无法判定,无法判定,未判定,未判定,cost-execution-1.0,ca7102ef54f4c2b190484871e99401aef601fecad5b7ca08b8144fb0c8d629d5,c7bbba9f5d59d98587098a2d20dd86b57a57285177bd58f4378074202af21615,11527000e4b32603a692cf445177f8745e9d9089d11caa34ac8139a6693d3fac,无法判定,cost_source_missing,任务-000032输入身份漂移，或尚无获批成本来源登记；未读取当前费率/盘口/账户信息,登记带来源、时间、版本、数据截止和可见性证据的手续费、价差、深度、冲击、资金费率、延迟和可成交量；重新发布批次
cost-20260805T014911+0800-26f68554e23b,DS-000267,ETH,ZI-4dc005cfa35f65f4ae1ad906,未判定,未判定,未判定,未判定,未判定,未判定（仅允许4小时/8小时/24小时/48小时）,未判定,无法判定,无法判定（成本来源未登记）,无法判定,无法判定,无法判定,无法判定,无法判定,无法判定,无法判定,未判定,未判定,cost-execution-1.0,ca7102ef54f4c2b190484871e99401aef601fecad5b7ca08b8144fb0c8d629d5,c7bbba9f5d59d98587098a2d20dd86b57a57285177bd58f4378074202af21615,6a773ea6d00453bbfaeab3c5d2137e50a775d11cc148e98c302183c6c6750d16,无法判定,cost_source_missing,任务-000032输入身份漂移，或尚无获批成本来源登记；未读取当前费率/盘口/账户信息,登记带来源、时间、版本、数据截止和可见性证据的手续费、价差、深度、冲击、资金费率、延迟和可成交量；重新发布批次
cost-20260805T014911+0800-26f68554e23b,DS-000268,BTC,ZI-efac29c1e378c8a730565981,未判定,未判定,未判定,未判定,未判定,未判定（仅允许4小时/8小时/24小时/48小时）,未判定,无法判定,无法判定（成本来源未登记）,无法判定,无法判定,无法判定,无法判定,无法判定,无法判定,无法判定,未判定,未判定,cost-execution-1.0,ca7102ef54f4c2b190484871e99401aef601fecad5b7ca08b8144fb0c8d629d5,e98599e46bf5525b3da041ec105e5d5b4fdce88b3f47ed345552beadd2567137,c924872ef1eb98cf845d5fb8fda35a47849188d2b9637f3d19afb63aa59bdd93,无法判定,cost_source_missing,任务-000032输入身份漂移，或尚无获批成本来源登记；未读取当前费率/盘口/账户信息,登记带来源、时间、版本、数据截止和可见性证据的手续费、价差、深度、冲击、资金费率、延迟和可成交量；重新发布批次
cost-20260805T014911+0800-26f68554e23b,DS-000268,ETH,ZI-827070ff91d17f4ef1f978bb,未判定,未判定,未判定,未判定,未判定,未判定（仅允许4小时/8小时/24小时/48小时）,未判定,无法判定,无法判定（成本来源未登记）,无法判定,无法判定,无法判定,无法判定,无法判定,无法判定,无法判定,未判定,未判定,cost-execution-1.0,ca7102ef54f4c2b190484871e99401aef601fecad5b7ca08b8144fb0c8d629d5,e98599e46bf5525b3da041ec105e5d5b4fdce88b3f47ed345552beadd2567137,ff9aa36fdb793ca987f8e990fa5d7071b61899f1c1d645730d809fd3e35f9655,无法判定,cost_source_missing,任务-000032输入身份漂移，或尚无获批成本来源登记；未读取当前费率/盘口/账户信息,登记带来源、时间、版本、数据截止和可见性证据的手续费、价差、深度、冲击、资金费率、延迟和可成交量；重新发布批次
cost-20260805T014911+0800-26f68554e23b,DS-000269,BTC,ZI-4fb67a12a52433fb048d937b,未判定,未判定,未判定,未判定,未判定,未判定（仅允许4小时/8小时/24小时/48小时）,未判定,无法判定,无法判定（成本来源未登记）,无法判定,无法判定,无法判定,无法判定,无法判定,无法判定,无法判定,未判定,未判定,cost-execution-1.0,ca7102ef54f4c2b190484871e99401aef601fecad5b7ca08b8144fb0c8d629d5,1111fb81bce6f39f84d944f1c3d4554aaa23383c4683c4ba0d02f2a9f350d154,6c692f334158f0f42330cbe97310729bee51a83e6f5babb249050502051be37f,无法判定,cost_source_missing,任务-000032输入身份漂移，或尚无获批成本来源登记；未读取当前费率/盘口/账户信息,登记带来源、时间、版本、数据截止和可见性证据的手续费、价差、深度、冲击、资金费率、延迟和可成交量；重新发布批次
cost-20260805T014911+0800-26f68554e23b,DS-000269,ETH,ZI-d8ee305d7e2a2eaae8afc53b,未判定,未判定,未判定,未判定,未判定,未判定（仅允许4小时/8小时/24小时/48小时）,未判定,无法判定,无法判定（成本来源未登记）,无法判定,无法判定,无法判定,无法判定,无法判定,无法判定,无法判定,未判定,未判定,cost-execution-1.0,ca7102ef54f4c2b190484871e99401aef601fecad5b7ca08b8144fb0c8d629d5,1111fb81bce6f39f84d944f1c3d4554aaa23383c4683c4ba0d02f2a9f350d154,424e99616c89e319002ba0eb8d2111af164bcd2d53104ebd622b34aa70bc7bfc,无法判定,cost_source_missing,任务-000032输入身份漂移，或尚无获批成本来源登记；未读取当前费率/盘口/账户信息,登记带来源、时间、版本、数据截止和可见性证据的手续费、价差、深度、冲击、资金费率、延迟和可成交量；重新发布批次
cost-20260805T014911+0800-26f68554e23b,DS-000270,BTC,ZI-2f51fb90c462b515962a8a75,未判定,未判定,未判定,未判定,未判定,未判定（仅允许4小时/8小时/24小时/48小时）,未判定,无法判定,无法判定（成本来源未登记）,无法判定,无法判定,无法判定,无法判定,无法判定,无法判定,无法判定,未判定,未判定,cost-execution-1.0,ca7102ef54f4c2b190484871e99401aef601fecad5b7ca08b8144fb0c8d629d5,9e2374c9fb8d8bf9944da60290ee01df59e85b45710e36850f8a9700b96c1264,f372eb9ccbe2ce9c18288098795bb9325f8d3edb815d52152f1035add748ca25,无法判定,cost_source_missing,任务-000032输入身份漂移，或尚无获批成本来源登记；未读取当前费率/盘口/账户信息,登记带来源、时间、版本、数据截止和可见性证据的手续费、价差、深度、冲击、资金费率、延迟和可成交量；重新发布批次
cost-20260805T014911+0800-26f68554e23b,DS-000270,ETH,ZI-bb10b091e630f2c5f8d067dc,未判定,未判定,未判定,未判定,未判定,未判定（仅允许4小时/8小时/24小时/48小时）,未判定,无法判定,无法判定（成本来源未登记）,无法判定,无法判定,无法判定,无法判定,无法判定,无法判定,无法判定,未判定,未判定,cost-execution-1.0,ca7102ef54f4c2b190484871e99401aef601fecad5b7ca08b8144fb0c8d629d5,9e2374c9fb8d8bf9944da60290ee01df59e85b45710e36850f8a9700b96c1264,44bd51f3153c7078e08799b12f4a56fb2969f8968c6bcc2dc2a78cbd9d096d20,无法判定,cost_source_missing,任务-000032输入身份漂移，或尚无获批成本来源登记；未读取当前费率/盘口/账户信息,登记带来源、时间、版本、数据截止和可见性证据的手续费、价差、深度、冲击、资金费率、延迟和可成交量；重新发布批次
cost-20260805T014911+0800-26f68554e23b,DS-000271,BTC,ZI-3edb6b3e4170969b74673238,未判定,未判定,未判定,未判定,未判定,未判定（仅允许4小时/8小时/24小时/48小时）,未判定,无法判定,无法判定（成本来源未登记）,无法判定,无法判定,无法判定,无法判定,无法判定,无法判定,无法判定,未判定,未判定,cost-execution-1.0,ca7102ef54f4c2b190484871e99401aef601fecad5b7ca08b8144fb0c8d629d5,36625a4d529a45177ca3de38b66441248641c0f8c46da12f6aa52be896e05e89,bb2b60d9035f7e27530f4110c6d8d111acd6368b9f31889539039d08a475be0c,无法判定,cost_source_missing,任务-000032输入身份漂移，或尚无获批成本来源登记；未读取当前费率/盘口/账户信息,登记带来源、时间、版本、数据截止和可见性证据的手续费、价差、深度、冲击、资金费率、延迟和可成交量；重新发布批次
cost-20260805T014911+0800-26f68554e23b,DS-000271,ETH,ZI-17ba1f1ac29398cf97340b28,未判定,未判定,未判定,未判定,未判定,未判定（仅允许4小时/8小时/24小时/48小时）,未判定,无法判定,无法判定（成本来源未登记）,无法判定,无法判定,无法判定,无法判定,无法判定,无法判定,无法判定,未判定,未判定,cost-execution-1.0,ca7102ef54f4c2b190484871e99401aef601fecad5b7ca08b8144fb0c8d629d5,36625a4d529a45177ca3de38b66441248641c0f8c46da12f6aa52be896e05e89,a3a65ba52c1941089a7598f4b4a5cf9bdd5445e43a8533166f70e4c3258b59ad,无法判定,cost_source_missing,任务-000032输入身份漂移，或尚无获批成本来源登记；未读取当前费率/盘口/账户信息,登记带来源、时间、版本、数据截止和可见性证据的手续费、价差、深度、冲击、资金费率、延迟和可成交量；重新发布批次
cost-20260805T014911+0800-26f68554e23b,DS-000272,BTC,ZI-9a7966ad0c01a9ec001f8d58,未判定,未判定,未判定,未判定,未判定,未判定（仅允许4小时/8小时/24小时/48小时）,未判定,无法判定,无法判定（成本来源未登记）,无法判定,无法判定,无法判定,无法判定,无法判定,无法判定,无法判定,未判定,未判定,cost-execution-1.0,ca7102ef54f4c2b190484871e99401aef601fecad5b7ca08b8144fb0c8d629d5,8ed200c07147689e9cc590affdfef7e9b3182e147da031ea7043117746c4ea6c,30558d4a9fcbcce0939ca0f6471447d8f412d8b7b954cd1f9d696f834575f2ae,无法判定,cost_source_missing,任务-000032输入身份漂移，或尚无获批成本来源登记；未读取当前费率/盘口/账户信息,登记带来源、时间、版本、数据截止和可见性证据的手续费、价差、深度、冲击、资金费率、延迟和可成交量；重新发布批次
cost-20260805T014911+0800-26f68554e23b,DS-000272,ETH,ZI-eebaaf0844841bd1a3649f6c,未判定,未判定,未判定,未判定,未判定,未判定（仅允许4小时/8小时/24小时/48小时）,未判定,无法判定,无法判定（成本来源未登记）,无法判定,无法判定,无法判定,无法判定,无法判定,无法判定,无法判定,未判定,未判定,cost-execution-1.0,ca7102ef54f4c2b190484871e99401aef601fecad5b7ca08b8144fb0c8d629d5,8ed200c07147689e9cc590affdfef7e9b3182e147da031ea7043117746c4ea6c,79613c6762df8c0ac6cb28ac94814b31e0a2967f363d16d43a33e1913e314a33,无法判定,cost_source_missing,任务-000032输入身份漂移，或尚无获批成本来源登记；未读取当前费率/盘口/账户信息,登记带来源、时间、版本、数据截止和可见性证据的手续费、价差、深度、冲击、资金费率、延迟和可成交量；重新发布批次
cost-20260805T014911+0800-26f68554e23b,DS-000273,BTC,ZI-eb2c5c93c282316b61a4ff30,未判定,未判定,未判定,未判定,未判定,未判定（仅允许4小时/8小时/24小时/48小时）,未判定,无法判定,无法判定（成本来源未登记）,无法判定,无法判定,无法判定,无法判定,无法判定,无法判定,无法判定,未判定,未判定,cost-execution-1.0,ca7102ef54f4c2b190484871e99401aef601fecad5b7ca08b8144fb0c8d629d5,3cff26d4769bffb2f4d77540092d08402c18d7fa9a11e8ba21c6b22b030502e3,1eaa748ecd20e4019cc095a2b6c38019f9608cff0b53608120c5f877c010256e,无法判定,cost_source_missing,任务-000032输入身份漂移，或尚无获批成本来源登记；未读取当前费率/盘口/账户信息,登记带来源、时间、版本、数据截止和可见性证据的手续费、价差、深度、冲击、资金费率、延迟和可成交量；重新发布批次
cost-20260805T014911+0800-26f68554e23b,DS-000273,ETH,ZI-a80e072df8f612821d6e6d49,未判定,未判定,未判定,未判定,未判定,未判定（仅允许4小时/8小时/24小时/48小时）,未判定,无法判定,无法判定（成本来源未登记）,无法判定,无法判定,无法判定,无法判定,无法判定,无法判定,无法判定,未判定,未判定,cost-execution-1.0,ca7102ef54f4c2b190484871e99401aef601fecad5b7ca08b8144fb0c8d629d5,3cff26d4769bffb2f4d77540092d08402c18d7fa9a11e8ba21c6b22b030502e3,ba500b76fb8a2da0bccbe95eb012a0fc51eeca482cffbf4823de4b222a815735,无法判定,cost_source_missing,任务-000032输入身份漂移，或尚无获批成本来源登记；未读取当前费率/盘口/账户信息,登记带来源、时间、版本、数据截止和可见性证据的手续费、价差、深度、冲击、资金费率、延迟和可成交量；重新发布批次
cost-20260805T014911+0800-26f68554e23b,DS-000274,BTC,ZI-c005be10dde98908c70e6d5b,未判定,未判定,未判定,未判定,未判定,未判定（仅允许4小时/8小时/24小时/48小时）,未判定,无法判定,无法判定（成本来源未登记）,无法判定,无法判定,无法判定,无法判定,无法判定,无法判定,无法判定,未判定,未判定,cost-execution-1.0,ca7102ef54f4c2b190484871e99401aef601fecad5b7ca08b8144fb0c8d629d5,dc72e02f3d5025b24b22b64823625d97300834696ace954d7cdb3a68e26a1e81,9287aaffabefe78aad961c37c22858dc874bb935c5cea2541c639df0eb3faf65,无法判定,cost_source_missing,任务-000032输入身份漂移，或尚无获批成本来源登记；未读取当前费率/盘口/账户信息,登记带来源、时间、版本、数据截止和可见性证据的手续费、价差、深度、冲击、资金费率、延迟和可成交量；重新发布批次
cost-20260805T014911+0800-26f68554e23b,DS-000274,ETH,ZI-3f44a87d788d10b95a30c249,未判定,未判定,未判定,未判定,未判定,未判定（仅允许4小时/8小时/24小时/48小时）,未判定,无法判定,无法判定（成本来源未登记）,无法判定,无法判定,无法判定,无法判定,无法判定,无法判定,无法判定,未判定,未判定,cost-execution-1.0,ca7102ef54f4c2b190484871e99401aef601fecad5b7ca08b8144fb0c8d629d5,dc72e02f3d5025b24b22b64823625d97300834696ace954d7cdb3a68e26a1e81,21716a0cc1e0f1a6efa89f4891ef0eb1266a85ad26c2c11ee6b8671db7d04b2b,无法判定,cost_source_missing,任务-000032输入身份漂移，或尚无获批成本来源登记；未读取当前费率/盘口/账户信息,登记带来源、时间、版本、数据截止和可见性证据的手续费、价差、深度、冲击、资金费率、延迟和可成交量；重新发布批次
cost-20260805T014911+0800-26f68554e23b,DS-000275,BTC,ZI-e764442e3e2fb3921a8a3d6c,未判定,未判定,未判定,未判定,未判定,未判定（仅允许4小时/8小时/24小时/48小时）,未判定,无法判定,无法判定（成本来源未登记）,无法判定,无法判定,无法判定,无法判定,无法判定,无法判定,无法判定,未判定,未判定,cost-execution-1.0,ca7102ef54f4c2b190484871e99401aef601fecad5b7ca08b8144fb0c8d629d5,dd966674608f6f7269d19aba82ac692e11ff958b486119411b8a2482182493f1,1561c509cac88293d95f9de3fac8b0af1b48d794b1183b48581286b3390721b0,无法判定,cost_source_missing,任务-000032输入身份漂移，或尚无获批成本来源登记；未读取当前费率/盘口/账户信息,登记带来源、时间、版本、数据截止和可见性证据的手续费、价差、深度、冲击、资金费率、延迟和可成交量；重新发布批次
cost-20260805T014911+0800-26f68554e23b,DS-000275,ETH,ZI-62772b32407692854e1b95ac,未判定,未判定,未判定,未判定,未判定,未判定（仅允许4小时/8小时/24小时/48小时）,未判定,无法判定,无法判定（成本来源未登记）,无法判定,无法判定,无法判定,无法判定,无法判定,无法判定,无法判定,未判定,未判定,cost-execution-1.0,ca7102ef54f4c2b190484871e99401aef601fecad5b7ca08b8144fb0c8d629d5,dd966674608f6f7269d19aba82ac692e11ff958b486119411b8a2482182493f1,7f34707a856572b5df0bd7fa73807f96ec381d9877984f4eb0c70e8cebae60d2,无法判定,cost_source_missing,任务-000032输入身份漂移，或尚无获批成本来源登记；未读取当前费率/盘口/账户信息,登记带来源、时间、版本、数据截止和可见性证据的手续费、价差、深度、冲击、资金费率、延迟和可成交量；重新发布批次
cost-20260805T014911+0800-26f68554e23b,DS-000276,BTC,ZI-5fede2bc330f560e5f877502,未判定,未判定,未判定,未判定,未判定,未判定（仅允许4小时/8小时/24小时/48小时）,未判定,无法判定,无法判定（成本来源未登记）,无法判定,无法判定,无法判定,无法判定,无法判定,无法判定,无法判定,未判定,未判定,cost-execution-1.0,ca7102ef54f4c2b190484871e99401aef601fecad5b7ca08b8144fb0c8d629d5,f2fc34f541659f442b46ed1600d644c39ad12b9094773c717210460a5ca0d361,bd2a3fdc965620df80e679b333d854aaf3ad2fd0c88a72e8badbf32289239a2c,无法判定,cost_source_missing,任务-000032输入身份漂移，或尚无获批成本来源登记；未读取当前费率/盘口/账户信息,登记带来源、时间、版本、数据截止和可见性证据的手续费、价差、深度、冲击、资金费率、延迟和可成交量；重新发布批次
cost-20260805T014911+0800-26f68554e23b,DS-000276,ETH,ZI-4a98d425a04a5267f443db5e,未判定,未判定,未判定,未判定,未判定,未判定（仅允许4小时/8小时/24小时/48小时）,未判定,无法判定,无法判定（成本来源未登记）,无法判定,无法判定,无法判定,无法判定,无法判定,无法判定,无法判定,未判定,未判定,cost-execution-1.0,ca7102ef54f4c2b190484871e99401aef601fecad5b7ca08b8144fb0c8d629d5,f2fc34f541659f442b46ed1600d644c39ad12b9094773c717210460a5ca0d361,d35ac7a1bc1bc802a8f66644c4db06bed96eb412d31d7fc91fb6732b6f9a13ac,无法判定,cost_source_missing,任务-000032输入身份漂移，或尚无获批成本来源登记；未读取当前费率/盘口/账户信息,登记带来源、时间、版本、数据截止和可见性证据的手续费、价差、深度、冲击、资金费率、延迟和可成交量；重新发布批次
cost-20260805T014911+0800-26f68554e23b,DS-000277,BTC,ZI-502d6291fb7602ba575b4506,未判定,未判定,未判定,未判定,未判定,未判定（仅允许4小时/8小时/24小时/48小时）,未判定,无法判定,无法判定（成本来源未登记）,无法判定,无法判定,无法判定,无法判定,无法判定,无法判定,无法判定,未判定,未判定,cost-execution-1.0,ca7102ef54f4c2b190484871e99401aef601fecad5b7ca08b8144fb0c8d629d5,ea85a50faf5a44f67ce299672321ab1bd37424909ef5827754fe7719463bdb75,37051fda34bf46e177563988302b2f9d1f0c61b1204d5c047a4822edf9ed4c27,无法判定,cost_source_missing,任务-000032输入身份漂移，或尚无获批成本来源登记；未读取当前费率/盘口/账户信息,登记带来源、时间、版本、数据截止和可见性证据的手续费、价差、深度、冲击、资金费率、延迟和可成交量；重新发布批次
cost-20260805T014911+0800-26f68554e23b,DS-000277,ETH,ZI-8c6daa7a9cd03f72c0bb230c,未判定,未判定,未判定,未判定,未判定,未判定（仅允许4小时/8小时/24小时/48小时）,未判定,无法判定,无法判定（成本来源未登记）,无法判定,无法判定,无法判定,无法判定,无法判定,无法判定,无法判定,未判定,未判定,cost-execution-1.0,ca7102ef54f4c2b190484871e99401aef601fecad5b7ca08b8144fb0c8d629d5,ea85a50faf5a44f67ce299672321ab1bd37424909ef5827754fe7719463bdb75,7b715ae98d4ffc2df4a015aedcb6fc420037c2fd81ef36588dd47398779829b7,无法判定,cost_source_missing,任务-000032输入身份漂移，或尚无获批成本来源登记；未读取当前费率/盘口/账户信息,登记带来源、时间、版本、数据截止和可见性证据的手续费、价差、深度、冲击、资金费率、延迟和可成交量；重新发布批次
cost-20260805T014911+0800-26f68554e23b,DS-000278,BTC,ZI-32008303cccdd6eb958789ce,未判定,未判定,未判定,未判定,未判定,未判定（仅允许4小时/8小时/24小时/48小时）,未判定,无法判定,无法判定（成本来源未登记）,无法判定,无法判定,无法判定,无法判定,无法判定,无法判定,无法判定,未判定,未判定,cost-execution-1.0,ca7102ef54f4c2b190484871e99401aef601fecad5b7ca08b8144fb0c8d629d5,b54880254a8423695f01059b38e78078773bda9d41db1804b9288a8251b542e2,48dbcad019f2f7546749e9879009a7c58e96333abee7b4892b09f08d7d993df1,无法判定,cost_source_missing,任务-000032输入身份漂移，或尚无获批成本来源登记；未读取当前费率/盘口/账户信息,登记带来源、时间、版本、数据截止和可见性证据的手续费、价差、深度、冲击、资金费率、延迟和可成交量；重新发布批次
cost-20260805T014911+0800-26f68554e23b,DS-000278,ETH,ZI-f5038d3566b0a032bcaf46c3,未判定,未判定,未判定,未判定,未判定,未判定（仅允许4小时/8小时/24小时/48小时）,未判定,无法判定,无法判定（成本来源未登记）,无法判定,无法判定,无法判定,无法判定,无法判定,无法判定,无法判定,未判定,未判定,cost-execution-1.0,ca7102ef54f4c2b190484871e99401aef601fecad5b7ca08b8144fb0c8d629d5,b54880254a8423695f01059b38e78078773bda9d41db1804b9288a8251b542e2,aabd42ec4e6e7f04f0715567d0baeb42904a2b0bfe1bf860dd80b11e04bf588e,无法判定,cost_source_missing,任务-000032输入身份漂移，或尚无获批成本来源登记；未读取当前费率/盘口/账户信息,登记带来源、时间、版本、数据截止和可见性证据的手续费、价差、深度、冲击、资金费率、延迟和可成交量；重新发布批次
cost-20260805T014911+0800-26f68554e23b,DS-000279,BTC,ZI-d901d9e5d0e680855139a4e7,未判定,未判定,未判定,未判定,未判定,未判定（仅允许4小时/8小时/24小时/48小时）,未判定,无法判定,无法判定（成本来源未登记）,无法判定,无法判定,无法判定,无法判定,无法判定,无法判定,无法判定,未判定,未判定,cost-execution-1.0,ca7102ef54f4c2b190484871e99401aef601fecad5b7ca08b8144fb0c8d629d5,fe671f889511eec098a6c171953449101ab9a9ca6434460953b43b3a80039c01,96fe7d8d9ac2af500d678bea85d342f423c48c4f4391a8e39d8e53a51eb13185,无法判定,cost_source_missing,任务-000032输入身份漂移，或尚无获批成本来源登记；未读取当前费率/盘口/账户信息,登记带来源、时间、版本、数据截止和可见性证据的手续费、价差、深度、冲击、资金费率、延迟和可成交量；重新发布批次
cost-20260805T014911+0800-26f68554e23b,DS-000279,ETH,ZI-99863edc37bbc5802f2709fe,未判定,未判定,未判定,未判定,未判定,未判定（仅允许4小时/8小时/24小时/48小时）,未判定,无法判定,无法判定（成本来源未登记）,无法判定,无法判定,无法判定,无法判定,无法判定,无法判定,无法判定,未判定,未判定,cost-execution-1.0,ca7102ef54f4c2b190484871e99401aef601fecad5b7ca08b8144fb0c8d629d5,fe671f889511eec098a6c171953449101ab9a9ca6434460953b43b3a80039c01,121c3fdac37df36d383b586679b58f37613e120ce7f57141a77a7a4b1decdd17,无法判定,cost_source_missing,任务-000032输入身份漂移，或尚无获批成本来源登记；未读取当前费率/盘口/账户信息,登记带来源、时间、版本、数据截止和可见性证据的手续费、价差、深度、冲击、资金费率、延迟和可成交量；重新发布批次
cost-20260805T014911+0800-26f68554e23b,DS-000280,BTC,ZI-9310dae99e845f2c611ff84d,未判定,未判定,未判定,未判定,未判定,未判定（仅允许4小时/8小时/24小时/48小时）,未判定,无法判定,无法判定（成本来源未登记）,无法判定,无法判定,无法判定,无法判定,无法判定,无法判定,无法判定,未判定,未判定,cost-execution-1.0,ca7102ef54f4c2b190484871e99401aef601fecad5b7ca08b8144fb0c8d629d5,aba5da11ddd3701d02d3623da4a55953826babfc8e26ed826a1c8542c7d44242,22d28ad35e7780cf8a7c5e8fed692ed96d1256d75c58771777ec89b926efda23,无法判定,cost_source_missing,任务-000032输入身份漂移，或尚无获批成本来源登记；未读取当前费率/盘口/账户信息,登记带来源、时间、版本、数据截止和可见性证据的手续费、价差、深度、冲击、资金费率、延迟和可成交量；重新发布批次
cost-20260805T014911+0800-26f68554e23b,DS-000280,ETH,ZI-4838a8566ae6f1897291aaa8,未判定,未判定,未判定,未判定,未判定,未判定（仅允许4小时/8小时/24小时/48小时）,未判定,无法判定,无法判定（成本来源未登记）,无法判定,无法判定,无法判定,无法判定,无法判定,无法判定,无法判定,未判定,未判定,cost-execution-1.0,ca7102ef54f4c2b190484871e99401aef601fecad5b7ca08b8144fb0c8d629d5,aba5da11ddd3701d02d3623da4a55953826babfc8e26ed826a1c8542c7d44242,84130179688601fcee29a24ead6177e17693d25bda59af7670b006d7b2206165,无法判定,cost_source_missing,任务-000032输入身份漂移，或尚无获批成本来源登记；未读取当前费率/盘口/账户信息,登记带来源、时间、版本、数据截止和可见性证据的手续费、价差、深度、冲击、资金费率、延迟和可成交量；重新发布批次
cost-20260805T014911+0800-26f68554e23b,DS-000281,BTC,ZI-25c83899a04421177c29eae2,未判定,未判定,未判定,未判定,未判定,未判定（仅允许4小时/8小时/24小时/48小时）,未判定,无法判定,无法判定（成本来源未登记）,无法判定,无法判定,无法判定,无法判定,无法判定,无法判定,无法判定,未判定,未判定,cost-execution-1.0,ca7102ef54f4c2b190484871e99401aef601fecad5b7ca08b8144fb0c8d629d5,aa0a4d01b527068e6622a760c2b5291057357115534804cc3f7f460a7da0113e,eb983070f5b7b9156f2ec256768b56afa905edb56075ffebc72d038fa63428ac,无法判定,cost_source_missing,任务-000032输入身份漂移，或尚无获批成本来源登记；未读取当前费率/盘口/账户信息,登记带来源、时间、版本、数据截止和可见性证据的手续费、价差、深度、冲击、资金费率、延迟和可成交量；重新发布批次
cost-20260805T014911+0800-26f68554e23b,DS-000281,ETH,ZI-ac1a52eb589873b5de99bc78,未判定,未判定,未判定,未判定,未判定,未判定（仅允许4小时/8小时/24小时/48小时）,未判定,无法判定,无法判定（成本来源未登记）,无法判定,无法判定,无法判定,无法判定,无法判定,无法判定,无法判定,未判定,未判定,cost-execution-1.0,ca7102ef54f4c2b190484871e99401aef601fecad5b7ca08b8144fb0c8d629d5,aa0a4d01b527068e6622a760c2b5291057357115534804cc3f7f460a7da0113e,a346cda745b59f826904b2de11379d3fbd9563da99c9c388e8be4515aeff8b91,无法判定,cost_source_missing,任务-000032输入身份漂移，或尚无获批成本来源登记；未读取当前费率/盘口/账户信息,登记带来源、时间、版本、数据截止和可见性证据的手续费、价差、深度、冲击、资金费率、延迟和可成交量；重新发布批次
cost-20260805T014911+0800-26f68554e23b,DS-000282,BTC,ZI-5863cb2f07c35ad0b6171bf6,未判定,未判定,未判定,未判定,未判定,未判定（仅允许4小时/8小时/24小时/48小时）,未判定,无法判定,无法判定（成本来源未登记）,无法判定,无法判定,无法判定,无法判定,无法判定,无法判定,无法判定,未判定,未判定,cost-execution-1.0,ca7102ef54f4c2b190484871e99401aef601fecad5b7ca08b8144fb0c8d629d5,594bdce2df6892524ee9095f7fff0922b5fd40ca82623bb8f90aa29fdd4b0733,24ef146d2ea2fa8137d570e3122ba79715462382364c26bb80b5028601fd5475,无法判定,cost_source_missing,任务-000032输入身份漂移，或尚无获批成本来源登记；未读取当前费率/盘口/账户信息,登记带来源、时间、版本、数据截止和可见性证据的手续费、价差、深度、冲击、资金费率、延迟和可成交量；重新发布批次
cost-20260805T014911+0800-26f68554e23b,DS-000282,ETH,ZI-bb8a6e82da48e6ac96cf106f,未判定,未判定,未判定,未判定,未判定,未判定（仅允许4小时/8小时/24小时/48小时）,未判定,无法判定,无法判定（成本来源未登记）,无法判定,无法判定,无法判定,无法判定,无法判定,无法判定,无法判定,未判定,未判定,cost-execution-1.0,ca7102ef54f4c2b190484871e99401aef601fecad5b7ca08b8144fb0c8d629d5,594bdce2df6892524ee9095f7fff0922b5fd40ca82623bb8f90aa29fdd4b0733,58ad30953896967c083ec724c8661d7815d1ad285016f995976c555ebf89acd3,无法判定,cost_source_missing,任务-000032输入身份漂移，或尚无获批成本来源登记；未读取当前费率/盘口/账户信息,登记带来源、时间、版本、数据截止和可见性证据的手续费、价差、深度、冲击、资金费率、延迟和可成交量；重新发布批次
cost-20260805T014911+0800-26f68554e23b,DS-000283,BTC,ZI-115332fe0b53164582e6b5c9,未判定,未判定,未判定,未判定,未判定,未判定（仅允许4小时/8小时/24小时/48小时）,未判定,无法判定,无法判定（成本来源未登记）,无法判定,无法判定,无法判定,无法判定,无法判定,无法判定,无法判定,未判定,未判定,cost-execution-1.0,ca7102ef54f4c2b190484871e99401aef601fecad5b7ca08b8144fb0c8d629d5,40d9b504ed9aa25f35a56686d899bfa51b10bd38c1c4772b143f37adc6de87ae,b77f2f3b54b3d1fe041ee17cfe2d08fd8d9c6577c4a4bbb07c10ec165472287e,无法判定,cost_source_missing,任务-000032输入身份漂移，或尚无获批成本来源登记；未读取当前费率/盘口/账户信息,登记带来源、时间、版本、数据截止和可见性证据的手续费、价差、深度、冲击、资金费率、延迟和可成交量；重新发布批次
cost-20260805T014911+0800-26f68554e23b,DS-000283,ETH,ZI-b6f9c3dac81cba3b88c55ccc,未判定,未判定,未判定,未判定,未判定,未判定（仅允许4小时/8小时/24小时/48小时）,未判定,无法判定,无法判定（成本来源未登记）,无法判定,无法判定,无法判定,无法判定,无法判定,无法判定,无法判定,未判定,未判定,cost-execution-1.0,ca7102ef54f4c2b190484871e99401aef601fecad5b7ca08b8144fb0c8d629d5,40d9b504ed9aa25f35a56686d899bfa51b10bd38c1c4772b143f37adc6de87ae,f9d218220b4071831a18a7e54ba0657e5f251be052294db52be0e4846925f2c9,无法判定,cost_source_missing,任务-000032输入身份漂移，或尚无获批成本来源登记；未读取当前费率/盘口/账户信息,登记带来源、时间、版本、数据截止和可见性证据的手续费、价差、深度、冲击、资金费率、延迟和可成交量；重新发布批次
cost-20260805T014911+0800-26f68554e23b,DS-000284,BTC,ZI-e9e8a22d61190954369afd29,未判定,未判定,未判定,未判定,未判定,未判定（仅允许4小时/8小时/24小时/48小时）,未判定,无法判定,无法判定（成本来源未登记）,无法判定,无法判定,无法判定,无法判定,无法判定,无法判定,无法判定,未判定,未判定,cost-execution-1.0,ca7102ef54f4c2b190484871e99401aef601fecad5b7ca08b8144fb0c8d629d5,77d31e19568d9699b5151ab47f0c1265d31eadfe8a8fb01e7896f1a43142062b,bffd3c7d12d66113b4d5383efd502e1705b73db50764e19702eb8e284bdd64eb,无法判定,cost_source_missing,任务-000032输入身份漂移，或尚无获批成本来源登记；未读取当前费率/盘口/账户信息,登记带来源、时间、版本、数据截止和可见性证据的手续费、价差、深度、冲击、资金费率、延迟和可成交量；重新发布批次
cost-20260805T014911+0800-26f68554e23b,DS-000284,ETH,ZI-33515fc4212b910c8704867b,未判定,未判定,未判定,未判定,未判定,未判定（仅允许4小时/8小时/24小时/48小时）,未判定,无法判定,无法判定（成本来源未登记）,无法判定,无法判定,无法判定,无法判定,无法判定,无法判定,无法判定,未判定,未判定,cost-execution-1.0,ca7102ef54f4c2b190484871e99401aef601fecad5b7ca08b8144fb0c8d629d5,77d31e19568d9699b5151ab47f0c1265d31eadfe8a8fb01e7896f1a43142062b,377cb9108fa5137262b8ed958e4e4f3f6c2425d8b79f836b351dab44076c5226,无法判定,cost_source_missing,任务-000032输入身份漂移，或尚无获批成本来源登记；未读取当前费率/盘口/账户信息,登记带来源、时间、版本、数据截止和可见性证据的手续费、价差、深度、冲击、资金费率、延迟和可成交量；重新发布批次
cost-20260805T014911+0800-26f68554e23b,DS-000285,BTC,ZI-f4460123dbdc8005765d844b,未判定,未判定,未判定,未判定,未判定,未判定（仅允许4小时/8小时/24小时/48小时）,未判定,无法判定,无法判定（成本来源未登记）,无法判定,无法判定,无法判定,无法判定,无法判定,无法判定,无法判定,未判定,未判定,cost-execution-1.0,ca7102ef54f4c2b190484871e99401aef601fecad5b7ca08b8144fb0c8d629d5,c48d77f3c8bb8e491a84c7ce4cce16e1bf4af7a4c0325188ff76a5fcc1d8c796,85cca8b90563beb7b6cf7420fe2dcd3605f04fd017266609c8338bebb7f2c23c,无法判定,cost_source_missing,任务-000032输入身份漂移，或尚无获批成本来源登记；未读取当前费率/盘口/账户信息,登记带来源、时间、版本、数据截止和可见性证据的手续费、价差、深度、冲击、资金费率、延迟和可成交量；重新发布批次
cost-20260805T014911+0800-26f68554e23b,DS-000285,ETH,ZI-f9dd85c76eb8176d00956078,未判定,未判定,未判定,未判定,未判定,未判定（仅允许4小时/8小时/24小时/48小时）,未判定,无法判定,无法判定（成本来源未登记）,无法判定,无法判定,无法判定,无法判定,无法判定,无法判定,无法判定,未判定,未判定,cost-execution-1.0,ca7102ef54f4c2b190484871e99401aef601fecad5b7ca08b8144fb0c8d629d5,c48d77f3c8bb8e491a84c7ce4cce16e1bf4af7a4c0325188ff76a5fcc1d8c796,b1976cecaa4afcf8f8302f67b11347ce9a6233b8c9afdbf211d16678a8c5f214,无法判定,cost_source_missing,任务-000032输入身份漂移，或尚无获批成本来源登记；未读取当前费率/盘口/账户信息,登记带来源、时间、版本、数据截止和可见性证据的手续费、价差、深度、冲击、资金费率、延迟和可成交量；重新发布批次
cost-20260805T014911+0800-26f68554e23b,DS-000286,BTC,ZI-9abd2b7851beeadcb2c4eec1,未判定,未判定,未判定,未判定,未判定,未判定（仅允许4小时/8小时/24小时/48小时）,未判定,无法判定,无法判定（成本来源未登记）,无法判定,无法判定,无法判定,无法判定,无法判定,无法判定,无法判定,未判定,未判定,cost-execution-1.0,ca7102ef54f4c2b190484871e99401aef601fecad5b7ca08b8144fb0c8d629d5,68ea3a017e5eab6b96184dd35f6c304bcffcd0f25bd866c0a9e5ccafdf8d0c39,42e9e76d76d40c7494f9267ca1db892ceaa9b2a0229bbdbb4cd7e3cff3964955,无法判定,cost_source_missing,任务-000032输入身份漂移，或尚无获批成本来源登记；未读取当前费率/盘口/账户信息,登记带来源、时间、版本、数据截止和可见性证据的手续费、价差、深度、冲击、资金费率、延迟和可成交量；重新发布批次
cost-20260805T014911+0800-26f68554e23b,DS-000286,ETH,ZI-2405f3bbc3b633e85a083048,未判定,未判定,未判定,未判定,未判定,未判定（仅允许4小时/8小时/24小时/48小时）,未判定,无法判定,无法判定（成本来源未登记）,无法判定,无法判定,无法判定,无法判定,无法判定,无法判定,无法判定,未判定,未判定,cost-execution-1.0,ca7102ef54f4c2b190484871e99401aef601fecad5b7ca08b8144fb0c8d629d5,68ea3a017e5eab6b96184dd35f6c304bcffcd0f25bd866c0a9e5ccafdf8d0c39,3dcd01525f55e2754e41e6d91b3fa46a6429774584f0dbc40380d2db3349faa0,无法判定,cost_source_missing,任务-000032输入身份漂移，或尚无获批成本来源登记；未读取当前费率/盘口/账户信息,登记带来源、时间、版本、数据截止和可见性证据的手续费、价差、深度、冲击、资金费率、延迟和可成交量；重新发布批次
cost-20260805T014911+0800-26f68554e23b,DS-000287,BTC,ZI-ff3fcd7da6180c64854b80a6,未判定,未判定,未判定,未判定,未判定,未判定（仅允许4小时/8小时/24小时/48小时）,未判定,无法判定,无法判定（成本来源未登记）,无法判定,无法判定,无法判定,无法判定,无法判定,无法判定,无法判定,未判定,未判定,cost-execution-1.0,ca7102ef54f4c2b190484871e99401aef601fecad5b7ca08b8144fb0c8d629d5,7c21c5e7b12b7858992605fc59607c0e4cf2d5a156b314d89732900118da3a4c,96dc897a6bbd792f55d096eb004adbb339587f0bd0a78388f60b8f375e9b9158,无法判定,cost_source_missing,任务-000032输入身份漂移，或尚无获批成本来源登记；未读取当前费率/盘口/账户信息,登记带来源、时间、版本、数据截止和可见性证据的手续费、价差、深度、冲击、资金费率、延迟和可成交量；重新发布批次
cost-20260805T014911+0800-26f68554e23b,DS-000287,ETH,ZI-4a3a0907e7d9408d9324f32f,未判定,未判定,未判定,未判定,未判定,未判定（仅允许4小时/8小时/24小时/48小时）,未判定,无法判定,无法判定（成本来源未登记）,无法判定,无法判定,无法判定,无法判定,无法判定,无法判定,无法判定,未判定,未判定,cost-execution-1.0,ca7102ef54f4c2b190484871e99401aef601fecad5b7ca08b8144fb0c8d629d5,7c21c5e7b12b7858992605fc59607c0e4cf2d5a156b314d89732900118da3a4c,e96c6316e67434b479d993a65b765a32790cdbeaa89beca6626ff37404a92a19,无法判定,cost_source_missing,任务-000032输入身份漂移，或尚无获批成本来源登记；未读取当前费率/盘口/账户信息,登记带来源、时间、版本、数据截止和可见性证据的手续费、价差、深度、冲击、资金费率、延迟和可成交量；重新发布批次
cost-20260805T014911+0800-26f68554e23b,DS-000288,BTC,ZI-712b0653c83774f12ef222e8,未判定,未判定,未判定,未判定,未判定,未判定（仅允许4小时/8小时/24小时/48小时）,未判定,无法判定,无法判定（成本来源未登记）,无法判定,无法判定,无法判定,无法判定,无法判定,无法判定,无法判定,未判定,未判定,cost-execution-1.0,ca7102ef54f4c2b190484871e99401aef601fecad5b7ca08b8144fb0c8d629d5,829841dd429f7cf1268e4b71761627eadc439a3437a2a100510fdf209a7881c8,d196dcf6c7ec8ff4f6a1d16ba50e24a5f23fbb73b4b1141a400150cb5aea309d,无法判定,cost_source_missing,任务-000032输入身份漂移，或尚无获批成本来源登记；未读取当前费率/盘口/账户信息,登记带来源、时间、版本、数据截止和可见性证据的手续费、价差、深度、冲击、资金费率、延迟和可成交量；重新发布批次
cost-20260805T014911+0800-26f68554e23b,DS-000288,ETH,ZI-5a9a391a9e494adad93ed2a1,未判定,未判定,未判定,未判定,未判定,未判定（仅允许4小时/8小时/24小时/48小时）,未判定,无法判定,无法判定（成本来源未登记）,无法判定,无法判定,无法判定,无法判定,无法判定,无法判定,无法判定,未判定,未判定,cost-execution-1.0,ca7102ef54f4c2b190484871e99401aef601fecad5b7ca08b8144fb0c8d629d5,829841dd429f7cf1268e4b71761627eadc439a3437a2a100510fdf209a7881c8,d92ddf167dd98e5d847fa821b01a58e9ed73f865a16bef0d58f064eff1e30350,无法判定,cost_source_missing,任务-000032输入身份漂移，或尚无获批成本来源登记；未读取当前费率/盘口/账户信息,登记带来源、时间、版本、数据截止和可见性证据的手续费、价差、深度、冲击、资金费率、延迟和可成交量；重新发布批次
cost-20260805T014911+0800-26f68554e23b,DS-000289,BTC,ZI-a9f770566ce153816b6eae2d,未判定,未判定,未判定,未判定,未判定,未判定（仅允许4小时/8小时/24小时/48小时）,未判定,无法判定,无法判定（成本来源未登记）,无法判定,无法判定,无法判定,无法判定,无法判定,无法判定,无法判定,未判定,未判定,cost-execution-1.0,ca7102ef54f4c2b190484871e99401aef601fecad5b7ca08b8144fb0c8d629d5,d0ce3569ab10dfe0e5abe0976dfa320b7d87f6d0a5c61d8e09a9f9c433ea724e,191093b50e5a9190d5b267ebff4994809b3f530ca0354caa3d40d22a6885e472,无法判定,cost_source_missing,任务-000032输入身份漂移，或尚无获批成本来源登记；未读取当前费率/盘口/账户信息,登记带来源、时间、版本、数据截止和可见性证据的手续费、价差、深度、冲击、资金费率、延迟和可成交量；重新发布批次
cost-20260805T014911+0800-26f68554e23b,DS-000289,ETH,ZI-c69fb4ea6efa32472592021e,未判定,未判定,未判定,未判定,未判定,未判定（仅允许4小时/8小时/24小时/48小时）,未判定,无法判定,无法判定（成本来源未登记）,无法判定,无法判定,无法判定,无法判定,无法判定,无法判定,无法判定,未判定,未判定,cost-execution-1.0,ca7102ef54f4c2b190484871e99401aef601fecad5b7ca08b8144fb0c8d629d5,d0ce3569ab10dfe0e5abe0976dfa320b7d87f6d0a5c61d8e09a9f9c433ea724e,f8d39bb7b5ea739548478c63a1a194e135e3be6cd1704001ab5570664e5106ea,无法判定,cost_source_missing,任务-000032输入身份漂移，或尚无获批成本来源登记；未读取当前费率/盘口/账户信息,登记带来源、时间、版本、数据截止和可见性证据的手续费、价差、深度、冲击、资金费率、延迟和可成交量；重新发布批次
cost-20260805T014911+0800-26f68554e23b,DS-000290,BTC,ZI-f8568713cc6d51a30e325957,未判定,未判定,未判定,未判定,未判定,未判定（仅允许4小时/8小时/24小时/48小时）,未判定,无法判定,无法判定（成本来源未登记）,无法判定,无法判定,无法判定,无法判定,无法判定,无法判定,无法判定,未判定,未判定,cost-execution-1.0,ca7102ef54f4c2b190484871e99401aef601fecad5b7ca08b8144fb0c8d629d5,7375712bc446e21f4905ff55466339a93658000514f8e54e52adc4e47836f84a,715d95c0b734225ead5aefcae9572d22b4c04e3f470dfdde3a664e9fb82cf5b1,无法判定,cost_source_missing,任务-000032输入身份漂移，或尚无获批成本来源登记；未读取当前费率/盘口/账户信息,登记带来源、时间、版本、数据截止和可见性证据的手续费、价差、深度、冲击、资金费率、延迟和可成交量；重新发布批次
cost-20260805T014911+0800-26f68554e23b,DS-000290,ETH,ZI-e83b0ea0cb4edb6fa92ef211,未判定,未判定,未判定,未判定,未判定,未判定（仅允许4小时/8小时/24小时/48小时）,未判定,无法判定,无法判定（成本来源未登记）,无法判定,无法判定,无法判定,无法判定,无法判定,无法判定,无法判定,未判定,未判定,cost-execution-1.0,ca7102ef54f4c2b190484871e99401aef601fecad5b7ca08b8144fb0c8d629d5,7375712bc446e21f4905ff55466339a93658000514f8e54e52adc4e47836f84a,0c1df843379107fd082a657c363949f0b38df41555ba134dc3cc18c9d867b3a1,无法判定,cost_source_missing,任务-000032输入身份漂移，或尚无获批成本来源登记；未读取当前费率/盘口/账户信息,登记带来源、时间、版本、数据截止和可见性证据的手续费、价差、深度、冲击、资金费率、延迟和可成交量；重新发布批次
cost-20260805T014911+0800-26f68554e23b,DS-000291,BTC,ZI-c58e3b4f411f7705310fe747,未判定,未判定,未判定,未判定,未判定,未判定（仅允许4小时/8小时/24小时/48小时）,未判定,无法判定,无法判定（成本来源未登记）,无法判定,无法判定,无法判定,无法判定,无法判定,无法判定,无法判定,未判定,未判定,cost-execution-1.0,ca7102ef54f4c2b190484871e99401aef601fecad5b7ca08b8144fb0c8d629d5,a084279f6cd60dec1a9807251f9f26ce4a48943f2c9a85a1ca15f758235c0217,e485e44630a48a7c4c3953555c1aae6516564483b803da6831a6f79a748811dc,无法判定,cost_source_missing,任务-000032输入身份漂移，或尚无获批成本来源登记；未读取当前费率/盘口/账户信息,登记带来源、时间、版本、数据截止和可见性证据的手续费、价差、深度、冲击、资金费率、延迟和可成交量；重新发布批次
cost-20260805T014911+0800-26f68554e23b,DS-000291,ETH,ZI-d8011c433ebd2138a2305438,未判定,未判定,未判定,未判定,未判定,未判定（仅允许4小时/8小时/24小时/48小时）,未判定,无法判定,无法判定（成本来源未登记）,无法判定,无法判定,无法判定,无法判定,无法判定,无法判定,无法判定,未判定,未判定,cost-execution-1.0,ca7102ef54f4c2b190484871e99401aef601fecad5b7ca08b8144fb0c8d629d5,a084279f6cd60dec1a9807251f9f26ce4a48943f2c9a85a1ca15f758235c0217,d38c87e1d64f7183b2ecaef982fd21e70680d54ed90a6fba207419c4e7423cba,无法判定,cost_source_missing,任务-000032输入身份漂移，或尚无获批成本来源登记；未读取当前费率/盘口/账户信息,登记带来源、时间、版本、数据截止和可见性证据的手续费、价差、深度、冲击、资金费率、延迟和可成交量；重新发布批次
cost-20260805T014911+0800-26f68554e23b,DS-000292,BTC,ZI-9b5462a670f4c5122146997d,未判定,未判定,未判定,未判定,未判定,未判定（仅允许4小时/8小时/24小时/48小时）,未判定,无法判定,无法判定（成本来源未登记）,无法判定,无法判定,无法判定,无法判定,无法判定,无法判定,无法判定,未判定,未判定,cost-execution-1.0,ca7102ef54f4c2b190484871e99401aef601fecad5b7ca08b8144fb0c8d629d5,6a482fbb36ef79feb509f8d1a27f055f3ea4366fe52e5750febd0f05fa3c662b,d1d41fe46a7bbb9bc2e49b984ef53a1dd49d58b4ecec3ccd8033714f5fa3f46d,无法判定,cost_source_missing,任务-000032输入身份漂移，或尚无获批成本来源登记；未读取当前费率/盘口/账户信息,登记带来源、时间、版本、数据截止和可见性证据的手续费、价差、深度、冲击、资金费率、延迟和可成交量；重新发布批次
cost-20260805T014911+0800-26f68554e23b,DS-000292,ETH,ZI-8fbd9976355cbb8be5048b7f,未判定,未判定,未判定,未判定,未判定,未判定（仅允许4小时/8小时/24小时/48小时）,未判定,无法判定,无法判定（成本来源未登记）,无法判定,无法判定,无法判定,无法判定,无法判定,无法判定,无法判定,未判定,未判定,cost-execution-1.0,ca7102ef54f4c2b190484871e99401aef601fecad5b7ca08b8144fb0c8d629d5,6a482fbb36ef79feb509f8d1a27f055f3ea4366fe52e5750febd0f05fa3c662b,4b54ed9d539e2c2cfaccc27b4d090d77571ee6e74b8ed80ca57b672029e1c4e9,无法判定,cost_source_missing,任务-000032输入身份漂移，或尚无获批成本来源登记；未读取当前费率/盘口/账户信息,登记带来源、时间、版本、数据截止和可见性证据的手续费、价差、深度、冲击、资金费率、延迟和可成交量；重新发布批次
cost-20260805T014911+0800-26f68554e23b,DS-000293,BTC,ZI-a35ba0b952b56083fc01c172,未判定,未判定,未判定,未判定,未判定,未判定（仅允许4小时/8小时/24小时/48小时）,未判定,无法判定,无法判定（成本来源未登记）,无法判定,无法判定,无法判定,无法判定,无法判定,无法判定,无法判定,未判定,未判定,cost-execution-1.0,ca7102ef54f4c2b190484871e99401aef601fecad5b7ca08b8144fb0c8d629d5,bb01f17db2903a1949c5f6b7a85e82dbd96a46a743c14a5b476448aeb7357939,e2b0ccda05cf261200aefacaa14134dd817afe6af1c4b09c7e78e643efb69a34,无法判定,cost_source_missing,任务-000032输入身份漂移，或尚无获批成本来源登记；未读取当前费率/盘口/账户信息,登记带来源、时间、版本、数据截止和可见性证据的手续费、价差、深度、冲击、资金费率、延迟和可成交量；重新发布批次
cost-20260805T014911+0800-26f68554e23b,DS-000293,ETH,ZI-4063df41f07d941306cf1d83,未判定,未判定,未判定,未判定,未判定,未判定（仅允许4小时/8小时/24小时/48小时）,未判定,无法判定,无法判定（成本来源未登记）,无法判定,无法判定,无法判定,无法判定,无法判定,无法判定,无法判定,未判定,未判定,cost-execution-1.0,ca7102ef54f4c2b190484871e99401aef601fecad5b7ca08b8144fb0c8d629d5,bb01f17db2903a1949c5f6b7a85e82dbd96a46a743c14a5b476448aeb7357939,de45b24bff1aed2827a438142f8de79b3f27d23d5af63b886db62c0f94300714,无法判定,cost_source_missing,任务-000032输入身份漂移，或尚无获批成本来源登记；未读取当前费率/盘口/账户信息,登记带来源、时间、版本、数据截止和可见性证据的手续费、价差、深度、冲击、资金费率、延迟和可成交量；重新发布批次
cost-20260805T014911+0800-26f68554e23b,DS-000294,BTC,ZI-a8105ace966421a941b8339b,未判定,未判定,未判定,未判定,未判定,未判定（仅允许4小时/8小时/24小时/48小时）,未判定,无法判定,无法判定（成本来源未登记）,无法判定,无法判定,无法判定,无法判定,无法判定,无法判定,无法判定,未判定,未判定,cost-execution-1.0,ca7102ef54f4c2b190484871e99401aef601fecad5b7ca08b8144fb0c8d629d5,c885689e6a42a6ef712e3c5ad95f718abdab2a719c9cac37c42e9f054fb6e430,20b16a865dc779760f9f5d6e6ebdc53c711ca2bc1fd9c00ad30d368aac1e3dc0,无法判定,cost_source_missing,任务-000032输入身份漂移，或尚无获批成本来源登记；未读取当前费率/盘口/账户信息,登记带来源、时间、版本、数据截止和可见性证据的手续费、价差、深度、冲击、资金费率、延迟和可成交量；重新发布批次
cost-20260805T014911+0800-26f68554e23b,DS-000294,ETH,ZI-4cc05befd7c25420d6616745,未判定,未判定,未判定,未判定,未判定,未判定（仅允许4小时/8小时/24小时/48小时）,未判定,无法判定,无法判定（成本来源未登记）,无法判定,无法判定,无法判定,无法判定,无法判定,无法判定,无法判定,未判定,未判定,cost-execution-1.0,ca7102ef54f4c2b190484871e99401aef601fecad5b7ca08b8144fb0c8d629d5,c885689e6a42a6ef712e3c5ad95f718abdab2a719c9cac37c42e9f054fb6e430,7ea976205c680da7a4ca844f81c1492fa883f09a961baff30443ba4a2877ebe4,无法判定,cost_source_missing,任务-000032输入身份漂移，或尚无获批成本来源登记；未读取当前费率/盘口/账户信息,登记带来源、时间、版本、数据截止和可见性证据的手续费、价差、深度、冲击、资金费率、延迟和可成交量；重新发布批次
cost-20260805T014911+0800-26f68554e23b,DS-000295,BTC,ZI-6a960fa71172c7a9afb936ec,未判定,未判定,未判定,未判定,未判定,未判定（仅允许4小时/8小时/24小时/48小时）,未判定,无法判定,无法判定（成本来源未登记）,无法判定,无法判定,无法判定,无法判定,无法判定,无法判定,无法判定,未判定,未判定,cost-execution-1.0,ca7102ef54f4c2b190484871e99401aef601fecad5b7ca08b8144fb0c8d629d5,73aeeb4294f5031ad0e7a054ad17321aa055050b1be4170343ec27a672746853,a99f29e6114cf8133a956f5fe5b97ecf80cbbe9b10c0af543aadd9360134e633,无法判定,cost_source_missing,任务-000032输入身份漂移，或尚无获批成本来源登记；未读取当前费率/盘口/账户信息,登记带来源、时间、版本、数据截止和可见性证据的手续费、价差、深度、冲击、资金费率、延迟和可成交量；重新发布批次
cost-20260805T014911+0800-26f68554e23b,DS-000295,ETH,ZI-144ccc0a1a75fb0a53e5d6a3,未判定,未判定,未判定,未判定,未判定,未判定（仅允许4小时/8小时/24小时/48小时）,未判定,无法判定,无法判定（成本来源未登记）,无法判定,无法判定,无法判定,无法判定,无法判定,无法判定,无法判定,未判定,未判定,cost-execution-1.0,ca7102ef54f4c2b190484871e99401aef601fecad5b7ca08b8144fb0c8d629d5,73aeeb4294f5031ad0e7a054ad17321aa055050b1be4170343ec27a672746853,baa8553b9fa7ebad0a7340e42160c0f80f6968386533d89c170ca43646748e45,无法判定,cost_source_missing,任务-000032输入身份漂移，或尚无获批成本来源登记；未读取当前费率/盘口/账户信息,登记带来源、时间、版本、数据截止和可见性证据的手续费、价差、深度、冲击、资金费率、延迟和可成交量；重新发布批次
cost-20260805T014911+0800-26f68554e23b,DS-000296,BTC,ZI-7ca528ace2904d6333d9ac25,未判定,未判定,未判定,未判定,未判定,未判定（仅允许4小时/8小时/24小时/48小时）,未判定,无法判定,无法判定（成本来源未登记）,无法判定,无法判定,无法判定,无法判定,无法判定,无法判定,无法判定,未判定,未判定,cost-execution-1.0,ca7102ef54f4c2b190484871e99401aef601fecad5b7ca08b8144fb0c8d629d5,61aecf76e37827bcaa3e7bbff79e5603379ce7329c0b2d4ce4d0fa71a35f2234,91e355d132b3fa2b88997575134ace618322afe28753f81cb23d9f720e532f23,无法判定,cost_source_missing,任务-000032输入身份漂移，或尚无获批成本来源登记；未读取当前费率/盘口/账户信息,登记带来源、时间、版本、数据截止和可见性证据的手续费、价差、深度、冲击、资金费率、延迟和可成交量；重新发布批次
cost-20260805T014911+0800-26f68554e23b,DS-000296,ETH,ZI-1978e354b3d643de7ef83426,未判定,未判定,未判定,未判定,未判定,未判定（仅允许4小时/8小时/24小时/48小时）,未判定,无法判定,无法判定（成本来源未登记）,无法判定,无法判定,无法判定,无法判定,无法判定,无法判定,无法判定,未判定,未判定,cost-execution-1.0,ca7102ef54f4c2b190484871e99401aef601fecad5b7ca08b8144fb0c8d629d5,61aecf76e37827bcaa3e7bbff79e5603379ce7329c0b2d4ce4d0fa71a35f2234,4ade1703fa28fd66b646172d1e90f7120bee7eda572a8da9830ea71d5ad0f8e3,无法判定,cost_source_missing,任务-000032输入身份漂移，或尚无获批成本来源登记；未读取当前费率/盘口/账户信息,登记带来源、时间、版本、数据截止和可见性证据的手续费、价差、深度、冲击、资金费率、延迟和可成交量；重新发布批次
cost-20260805T014911+0800-26f68554e23b,DS-000297,BTC,ZI-b0b1be153e2c74bbc58931fe,未判定,未判定,未判定,未判定,未判定,未判定（仅允许4小时/8小时/24小时/48小时）,未判定,无法判定,无法判定（成本来源未登记）,无法判定,无法判定,无法判定,无法判定,无法判定,无法判定,无法判定,未判定,未判定,cost-execution-1.0,ca7102ef54f4c2b190484871e99401aef601fecad5b7ca08b8144fb0c8d629d5,29ca0356cf31ae3f37061e95bb7a534162447f4b9d17278ec2e4f7d6c7ab9b61,e6ad7e9daf5ff789f633d9f96c0e6f00ad9233ca8f2d8462d9c6623e97576b90,无法判定,cost_source_missing,任务-000032输入身份漂移，或尚无获批成本来源登记；未读取当前费率/盘口/账户信息,登记带来源、时间、版本、数据截止和可见性证据的手续费、价差、深度、冲击、资金费率、延迟和可成交量；重新发布批次
cost-20260805T014911+0800-26f68554e23b,DS-000297,ETH,ZI-3eac98ecd7d3ac093f446c61,未判定,未判定,未判定,未判定,未判定,未判定（仅允许4小时/8小时/24小时/48小时）,未判定,无法判定,无法判定（成本来源未登记）,无法判定,无法判定,无法判定,无法判定,无法判定,无法判定,无法判定,未判定,未判定,cost-execution-1.0,ca7102ef54f4c2b190484871e99401aef601fecad5b7ca08b8144fb0c8d629d5,29ca0356cf31ae3f37061e95bb7a534162447f4b9d17278ec2e4f7d6c7ab9b61,2c2506cef7d74de319b779ce40e1bc458423745eadf8a0449184080ac3bf8323,无法判定,cost_source_missing,任务-000032输入身份漂移，或尚无获批成本来源登记；未读取当前费率/盘口/账户信息,登记带来源、时间、版本、数据截止和可见性证据的手续费、价差、深度、冲击、资金费率、延迟和可成交量；重新发布批次
cost-20260805T014911+0800-26f68554e23b,DS-000298,BTC,ZI-cceb0119d76a845091d90313,未判定,未判定,未判定,未判定,未判定,未判定（仅允许4小时/8小时/24小时/48小时）,未判定,无法判定,无法判定（成本来源未登记）,无法判定,无法判定,无法判定,无法判定,无法判定,无法判定,无法判定,未判定,未判定,cost-execution-1.0,ca7102ef54f4c2b190484871e99401aef601fecad5b7ca08b8144fb0c8d629d5,b1234d59bb80f3054aeba06e0a39451fd2d9af3974ab3b753be05730b6ba5b98,99b19d06217879e23ea69c1457f1e34792bd2e7b079361c00b1405afa908a496,无法判定,cost_source_missing,任务-000032输入身份漂移，或尚无获批成本来源登记；未读取当前费率/盘口/账户信息,登记带来源、时间、版本、数据截止和可见性证据的手续费、价差、深度、冲击、资金费率、延迟和可成交量；重新发布批次
cost-20260805T014911+0800-26f68554e23b,DS-000298,ETH,ZI-8ba1d56866fa54799303bdc1,未判定,未判定,未判定,未判定,未判定,未判定（仅允许4小时/8小时/24小时/48小时）,未判定,无法判定,无法判定（成本来源未登记）,无法判定,无法判定,无法判定,无法判定,无法判定,无法判定,无法判定,未判定,未判定,cost-execution-1.0,ca7102ef54f4c2b190484871e99401aef601fecad5b7ca08b8144fb0c8d629d5,b1234d59bb80f3054aeba06e0a39451fd2d9af3974ab3b753be05730b6ba5b98,f91e810002666f42c32973561fc5cd36927cc36d1f0f7cc4238db6bcbc51538a,无法判定,cost_source_missing,任务-000032输入身份漂移，或尚无获批成本来源登记；未读取当前费率/盘口/账户信息,登记带来源、时间、版本、数据截止和可见性证据的手续费、价差、深度、冲击、资金费率、延迟和可成交量；重新发布批次
cost-20260805T014911+0800-26f68554e23b,DS-000299,BTC,ZI-79efc93262b446e9d98b76ba,未判定,未判定,未判定,未判定,未判定,未判定（仅允许4小时/8小时/24小时/48小时）,未判定,无法判定,无法判定（成本来源未登记）,无法判定,无法判定,无法判定,无法判定,无法判定,无法判定,无法判定,未判定,未判定,cost-execution-1.0,ca7102ef54f4c2b190484871e99401aef601fecad5b7ca08b8144fb0c8d629d5,58e6b6e1c897fb6ff99d58e13d94e6300344657d585010e35fe2e457feab22a6,07ddea0ffced763dddd95fb0cf6a9c99ba1c2a45259f6a2f77c5f928df009b59,无法判定,cost_source_missing,任务-000032输入身份漂移，或尚无获批成本来源登记；未读取当前费率/盘口/账户信息,登记带来源、时间、版本、数据截止和可见性证据的手续费、价差、深度、冲击、资金费率、延迟和可成交量；重新发布批次
cost-20260805T014911+0800-26f68554e23b,DS-000299,ETH,ZI-3bf85e0f2ad7b5ac22b13df9,未判定,未判定,未判定,未判定,未判定,未判定（仅允许4小时/8小时/24小时/48小时）,未判定,无法判定,无法判定（成本来源未登记）,无法判定,无法判定,无法判定,无法判定,无法判定,无法判定,无法判定,未判定,未判定,cost-execution-1.0,ca7102ef54f4c2b190484871e99401aef601fecad5b7ca08b8144fb0c8d629d5,58e6b6e1c897fb6ff99d58e13d94e6300344657d585010e35fe2e457feab22a6,23940a318b619ba86d621c47c15f04d9f8540fe55a29cdacc0cab627282197be,无法判定,cost_source_missing,任务-000032输入身份漂移，或尚无获批成本来源登记；未读取当前费率/盘口/账户信息,登记带来源、时间、版本、数据截止和可见性证据的手续费、价差、深度、冲击、资金费率、延迟和可成交量；重新发布批次
cost-20260805T014911+0800-26f68554e23b,DS-000300,BTC,ZI-e76d2134142142ad4b8f28cb,未判定,未判定,未判定,未判定,未判定,未判定（仅允许4小时/8小时/24小时/48小时）,未判定,无法判定,无法判定（成本来源未登记）,无法判定,无法判定,无法判定,无法判定,无法判定,无法判定,无法判定,未判定,未判定,cost-execution-1.0,ca7102ef54f4c2b190484871e99401aef601fecad5b7ca08b8144fb0c8d629d5,5d684ca53fa5f0152296349d5d7ca57faf18255058db0001a65051f7f1b3b459,c1c9283e03f72302b15f4df62d532426efdd0bccff0037178260151b41ffa303,无法判定,cost_source_missing,任务-000032输入身份漂移，或尚无获批成本来源登记；未读取当前费率/盘口/账户信息,登记带来源、时间、版本、数据截止和可见性证据的手续费、价差、深度、冲击、资金费率、延迟和可成交量；重新发布批次
cost-20260805T014911+0800-26f68554e23b,DS-000300,ETH,ZI-e99571832236a361ee30db4d,未判定,未判定,未判定,未判定,未判定,未判定（仅允许4小时/8小时/24小时/48小时）,未判定,无法判定,无法判定（成本来源未登记）,无法判定,无法判定,无法判定,无法判定,无法判定,无法判定,无法判定,未判定,未判定,cost-execution-1.0,ca7102ef54f4c2b190484871e99401aef601fecad5b7ca08b8144fb0c8d629d5,5d684ca53fa5f0152296349d5d7ca57faf18255058db0001a65051f7f1b3b459,3bf64781a13123468d1004240e5fa62732ec074dd5e192fd98213c66404235ee,无法判定,cost_source_missing,任务-000032输入身份漂移，或尚无获批成本来源登记；未读取当前费率/盘口/账户信息,登记带来源、时间、版本、数据截止和可见性证据的手续费、价差、深度、冲击、资金费率、延迟和可成交量；重新发布批次
cost-20260805T014911+0800-26f68554e23b,DS-000301,BTC,ZI-6b9507c0f667730b1c25338d,未判定,未判定,未判定,未判定,未判定,未判定（仅允许4小时/8小时/24小时/48小时）,未判定,无法判定,无法判定（成本来源未登记）,无法判定,无法判定,无法判定,无法判定,无法判定,无法判定,无法判定,未判定,未判定,cost-execution-1.0,ca7102ef54f4c2b190484871e99401aef601fecad5b7ca08b8144fb0c8d629d5,c3822d911bed513e149da2a79e948ee5019e17a7ef71838642e17dedb3f6b269,a0e30a2926ac4451c2f0b019a53e480128eeab3e046a140c8e29154caddce1d8,无法判定,cost_source_missing,任务-000032输入身份漂移，或尚无获批成本来源登记；未读取当前费率/盘口/账户信息,登记带来源、时间、版本、数据截止和可见性证据的手续费、价差、深度、冲击、资金费率、延迟和可成交量；重新发布批次
cost-20260805T014911+0800-26f68554e23b,DS-000301,ETH,ZI-ad9a2f4d9b2c7b77cf51ff68,未判定,未判定,未判定,未判定,未判定,未判定（仅允许4小时/8小时/24小时/48小时）,未判定,无法判定,无法判定（成本来源未登记）,无法判定,无法判定,无法判定,无法判定,无法判定,无法判定,无法判定,未判定,未判定,cost-execution-1.0,ca7102ef54f4c2b190484871e99401aef601fecad5b7ca08b8144fb0c8d629d5,c3822d911bed513e149da2a79e948ee5019e17a7ef71838642e17dedb3f6b269,da65d8ebcfea9b304589c8be1067bf9a2ad6a063c68767a34478801bb87bda86,无法判定,cost_source_missing,任务-000032输入身份漂移，或尚无获批成本来源登记；未读取当前费率/盘口/账户信息,登记带来源、时间、版本、数据截止和可见性证据的手续费、价差、深度、冲击、资金费率、延迟和可成交量；重新发布批次
cost-20260805T014911+0800-26f68554e23b,DS-000302,BTC,ZI-a3de4220ce194e2c0f75e45d,未判定,未判定,未判定,未判定,未判定,未判定（仅允许4小时/8小时/24小时/48小时）,未判定,无法判定,无法判定（成本来源未登记）,无法判定,无法判定,无法判定,无法判定,无法判定,无法判定,无法判定,未判定,未判定,cost-execution-1.0,ca7102ef54f4c2b190484871e99401aef601fecad5b7ca08b8144fb0c8d629d5,c827a639157e495b6992c1ccf6f094aeeb8d7445fe689e40b018235e476d7977,9da3ae63e3940a5be5ca2604f41341d77e92a02f18bc6e155f631eece25305a4,无法判定,cost_source_missing,任务-000032输入身份漂移，或尚无获批成本来源登记；未读取当前费率/盘口/账户信息,登记带来源、时间、版本、数据截止和可见性证据的手续费、价差、深度、冲击、资金费率、延迟和可成交量；重新发布批次
cost-20260805T014911+0800-26f68554e23b,DS-000302,ETH,ZI-761cbb729e42b90656bd3f8e,未判定,未判定,未判定,未判定,未判定,未判定（仅允许4小时/8小时/24小时/48小时）,未判定,无法判定,无法判定（成本来源未登记）,无法判定,无法判定,无法判定,无法判定,无法判定,无法判定,无法判定,未判定,未判定,cost-execution-1.0,ca7102ef54f4c2b190484871e99401aef601fecad5b7ca08b8144fb0c8d629d5,c827a639157e495b6992c1ccf6f094aeeb8d7445fe689e40b018235e476d7977,3e28d57a3a5fcdf89557e487029a9336d4d4b19aacac7e23b508a73ea3acde9d,无法判定,cost_source_missing,任务-000032输入身份漂移，或尚无获批成本来源登记；未读取当前费率/盘口/账户信息,登记带来源、时间、版本、数据截止和可见性证据的手续费、价差、深度、冲击、资金费率、延迟和可成交量；重新发布批次
cost-20260805T014911+0800-26f68554e23b,DS-000303,BTC,ZI-63a4a8191f5338c21eac18d2,未判定,未判定,未判定,未判定,未判定,未判定（仅允许4小时/8小时/24小时/48小时）,未判定,无法判定,无法判定（成本来源未登记）,无法判定,无法判定,无法判定,无法判定,无法判定,无法判定,无法判定,未判定,未判定,cost-execution-1.0,ca7102ef54f4c2b190484871e99401aef601fecad5b7ca08b8144fb0c8d629d5,2cb83b0cd3d24b2067162ebc33367dc2004e23f9afa27b4017fb357864e42e2e,23601f6791aa85b3cb9e097e03df02b25adf0314fffd5fcffa343a57ceb59565,无法判定,cost_source_missing,任务-000032输入身份漂移，或尚无获批成本来源登记；未读取当前费率/盘口/账户信息,登记带来源、时间、版本、数据截止和可见性证据的手续费、价差、深度、冲击、资金费率、延迟和可成交量；重新发布批次
cost-20260805T014911+0800-26f68554e23b,DS-000303,ETH,ZI-ba2b9396a30a8158da23a396,未判定,未判定,未判定,未判定,未判定,未判定（仅允许4小时/8小时/24小时/48小时）,未判定,无法判定,无法判定（成本来源未登记）,无法判定,无法判定,无法判定,无法判定,无法判定,无法判定,无法判定,未判定,未判定,cost-execution-1.0,ca7102ef54f4c2b190484871e99401aef601fecad5b7ca08b8144fb0c8d629d5,2cb83b0cd3d24b2067162ebc33367dc2004e23f9afa27b4017fb357864e42e2e,9e3543cf01ebea24ecf71d6ea9d866a0874993c1f18847047d7a930a87865171,无法判定,cost_source_missing,任务-000032输入身份漂移，或尚无获批成本来源登记；未读取当前费率/盘口/账户信息,登记带来源、时间、版本、数据截止和可见性证据的手续费、价差、深度、冲击、资金费率、延迟和可成交量；重新发布批次
cost-20260805T014911+0800-26f68554e23b,DS-000304,BTC,ZI-96f78e47a4eb937919a7a7e9,未判定,未判定,未判定,未判定,未判定,未判定（仅允许4小时/8小时/24小时/48小时）,未判定,无法判定,无法判定（成本来源未登记）,无法判定,无法判定,无法判定,无法判定,无法判定,无法判定,无法判定,未判定,未判定,cost-execution-1.0,ca7102ef54f4c2b190484871e99401aef601fecad5b7ca08b8144fb0c8d629d5,c7860c8f7bd9c9313b99464b5e16b8992707c62cd8aa33425cbd6cd7a6f663ad,6f525f61707fad3fe472448771819045a928d0e1c38c75a3c7ced6c1cf0ff8b5,无法判定,cost_source_missing,任务-000032输入身份漂移，或尚无获批成本来源登记；未读取当前费率/盘口/账户信息,登记带来源、时间、版本、数据截止和可见性证据的手续费、价差、深度、冲击、资金费率、延迟和可成交量；重新发布批次
cost-20260805T014911+0800-26f68554e23b,DS-000304,ETH,ZI-e1e37aa8d03d6a4717ac26cd,未判定,未判定,未判定,未判定,未判定,未判定（仅允许4小时/8小时/24小时/48小时）,未判定,无法判定,无法判定（成本来源未登记）,无法判定,无法判定,无法判定,无法判定,无法判定,无法判定,无法判定,未判定,未判定,cost-execution-1.0,ca7102ef54f4c2b190484871e99401aef601fecad5b7ca08b8144fb0c8d629d5,c7860c8f7bd9c9313b99464b5e16b8992707c62cd8aa33425cbd6cd7a6f663ad,344d818d126ffccac0a7a72e5edc860f28ebefa76455e6c3b66b5d61fccd60d7,无法判定,cost_source_missing,任务-000032输入身份漂移，或尚无获批成本来源登记；未读取当前费率/盘口/账户信息,登记带来源、时间、版本、数据截止和可见性证据的手续费、价差、深度、冲击、资金费率、延迟和可成交量；重新发布批次
cost-20260805T014911+0800-26f68554e23b,DS-000305,BTC,ZI-99e036f2b1093b4f286f64a5,未判定,未判定,未判定,未判定,未判定,未判定（仅允许4小时/8小时/24小时/48小时）,未判定,无法判定,无法判定（成本来源未登记）,无法判定,无法判定,无法判定,无法判定,无法判定,无法判定,无法判定,未判定,未判定,cost-execution-1.0,ca7102ef54f4c2b190484871e99401aef601fecad5b7ca08b8144fb0c8d629d5,d82eece068c68469f94027c0323565c21e50b96514e1ba837135a29dddf9f8a5,813c0719c0b0b26cb67762b26d5a208ddae3b3cd6825cadf5f6ac5bc0aa547ee,无法判定,cost_source_missing,任务-000032输入身份漂移，或尚无获批成本来源登记；未读取当前费率/盘口/账户信息,登记带来源、时间、版本、数据截止和可见性证据的手续费、价差、深度、冲击、资金费率、延迟和可成交量；重新发布批次
cost-20260805T014911+0800-26f68554e23b,DS-000305,ETH,ZI-69da4a00e49aba44ff106904,未判定,未判定,未判定,未判定,未判定,未判定（仅允许4小时/8小时/24小时/48小时）,未判定,无法判定,无法判定（成本来源未登记）,无法判定,无法判定,无法判定,无法判定,无法判定,无法判定,无法判定,未判定,未判定,cost-execution-1.0,ca7102ef54f4c2b190484871e99401aef601fecad5b7ca08b8144fb0c8d629d5,d82eece068c68469f94027c0323565c21e50b96514e1ba837135a29dddf9f8a5,30f0c2a1aee213600f273184de47fa6b46e0d165b7176cf312f093a5efb57612,无法判定,cost_source_missing,任务-000032输入身份漂移，或尚无获批成本来源登记；未读取当前费率/盘口/账户信息,登记带来源、时间、版本、数据截止和可见性证据的手续费、价差、深度、冲击、资金费率、延迟和可成交量；重新发布批次
cost-20260805T014911+0800-26f68554e23b,DS-000306,BTC,ZI-835a741c0f97b5c8b8f58b9a,未判定,未判定,未判定,未判定,未判定,未判定（仅允许4小时/8小时/24小时/48小时）,未判定,无法判定,无法判定（成本来源未登记）,无法判定,无法判定,无法判定,无法判定,无法判定,无法判定,无法判定,未判定,未判定,cost-execution-1.0,ca7102ef54f4c2b190484871e99401aef601fecad5b7ca08b8144fb0c8d629d5,7f6f1492895e837e1c68efe977990a16371b2ae4e24bd8994a309a133c2de646,95df20a1a02d100a730e7c349ae3070ea97eca5299b14708fc08701e461acdd9,无法判定,cost_source_missing,任务-000032输入身份漂移，或尚无获批成本来源登记；未读取当前费率/盘口/账户信息,登记带来源、时间、版本、数据截止和可见性证据的手续费、价差、深度、冲击、资金费率、延迟和可成交量；重新发布批次
cost-20260805T014911+0800-26f68554e23b,DS-000306,ETH,ZI-68075d8d85399614caa868f9,未判定,未判定,未判定,未判定,未判定,未判定（仅允许4小时/8小时/24小时/48小时）,未判定,无法判定,无法判定（成本来源未登记）,无法判定,无法判定,无法判定,无法判定,无法判定,无法判定,无法判定,未判定,未判定,cost-execution-1.0,ca7102ef54f4c2b190484871e99401aef601fecad5b7ca08b8144fb0c8d629d5,7f6f1492895e837e1c68efe977990a16371b2ae4e24bd8994a309a133c2de646,1fb8881dd474ef59100e785cbbefd92416c51c3e9999b82abbd5c73b88c1130f,无法判定,cost_source_missing,任务-000032输入身份漂移，或尚无获批成本来源登记；未读取当前费率/盘口/账户信息,登记带来源、时间、版本、数据截止和可见性证据的手续费、价差、深度、冲击、资金费率、延迟和可成交量；重新发布批次
cost-20260805T014911+0800-26f68554e23b,DS-000307,BTC,ZI-0658842d2088ed09b24efc97,未判定,未判定,未判定,未判定,未判定,未判定（仅允许4小时/8小时/24小时/48小时）,未判定,无法判定,无法判定（成本来源未登记）,无法判定,无法判定,无法判定,无法判定,无法判定,无法判定,无法判定,未判定,未判定,cost-execution-1.0,ca7102ef54f4c2b190484871e99401aef601fecad5b7ca08b8144fb0c8d629d5,9d0dfbf851c154298dfbe472b97373f48109d65dc9c81fb4c9a9a4ccb9bcfd29,6b0f9211f78c632cf7b68a11339d6028dc23b4ab23f76c44d1344a8de472e7ac,无法判定,cost_source_missing,任务-000032输入身份漂移，或尚无获批成本来源登记；未读取当前费率/盘口/账户信息,登记带来源、时间、版本、数据截止和可见性证据的手续费、价差、深度、冲击、资金费率、延迟和可成交量；重新发布批次
cost-20260805T014911+0800-26f68554e23b,DS-000307,ETH,ZI-84d1575654e50459998a6d2c,未判定,未判定,未判定,未判定,未判定,未判定（仅允许4小时/8小时/24小时/48小时）,未判定,无法判定,无法判定（成本来源未登记）,无法判定,无法判定,无法判定,无法判定,无法判定,无法判定,无法判定,未判定,未判定,cost-execution-1.0,ca7102ef54f4c2b190484871e99401aef601fecad5b7ca08b8144fb0c8d629d5,9d0dfbf851c154298dfbe472b97373f48109d65dc9c81fb4c9a9a4ccb9bcfd29,de18cb49629070f27c09e55f71c4809efca9495d6a0d4466e9f40c7392ecf52c,无法判定,cost_source_missing,任务-000032输入身份漂移，或尚无获批成本来源登记；未读取当前费率/盘口/账户信息,登记带来源、时间、版本、数据截止和可见性证据的手续费、价差、深度、冲击、资金费率、延迟和可成交量；重新发布批次
cost-20260805T014911+0800-26f68554e23b,DS-000308,BTC,ZI-535216234191be483b87ed88,未判定,未判定,未判定,未判定,未判定,未判定（仅允许4小时/8小时/24小时/48小时）,未判定,无法判定,无法判定（成本来源未登记）,无法判定,无法判定,无法判定,无法判定,无法判定,无法判定,无法判定,未判定,未判定,cost-execution-1.0,ca7102ef54f4c2b190484871e99401aef601fecad5b7ca08b8144fb0c8d629d5,d4aa040c75391e3bb700cde2dd7ec0b619c454b305ac0cc43faeb716395655d0,37bbf8c437814b46185f5af34ebd7a1ab6c0439a664b436c4793f6d90aa40730,无法判定,cost_source_missing,任务-000032输入身份漂移，或尚无获批成本来源登记；未读取当前费率/盘口/账户信息,登记带来源、时间、版本、数据截止和可见性证据的手续费、价差、深度、冲击、资金费率、延迟和可成交量；重新发布批次
cost-20260805T014911+0800-26f68554e23b,DS-000308,ETH,ZI-4a88ba0259b171e49f43b735,未判定,未判定,未判定,未判定,未判定,未判定（仅允许4小时/8小时/24小时/48小时）,未判定,无法判定,无法判定（成本来源未登记）,无法判定,无法判定,无法判定,无法判定,无法判定,无法判定,无法判定,未判定,未判定,cost-execution-1.0,ca7102ef54f4c2b190484871e99401aef601fecad5b7ca08b8144fb0c8d629d5,d4aa040c75391e3bb700cde2dd7ec0b619c454b305ac0cc43faeb716395655d0,5834ff36dc5581e714e409d2fff17964772eb493d698a611a567d20a1d5f874f,无法判定,cost_source_missing,任务-000032输入身份漂移，或尚无获批成本来源登记；未读取当前费率/盘口/账户信息,登记带来源、时间、版本、数据截止和可见性证据的手续费、价差、深度、冲击、资金费率、延迟和可成交量；重新发布批次
cost-20260805T014911+0800-26f68554e23b,DS-000309,BTC,ZI-1113435211180071dee9be25,未判定,未判定,未判定,未判定,未判定,未判定（仅允许4小时/8小时/24小时/48小时）,未判定,无法判定,无法判定（成本来源未登记）,无法判定,无法判定,无法判定,无法判定,无法判定,无法判定,无法判定,未判定,未判定,cost-execution-1.0,ca7102ef54f4c2b190484871e99401aef601fecad5b7ca08b8144fb0c8d629d5,717c8aecef35cd70c2ff8c463a4c6a971ce0b964a5fdb76d7e7c3ca044f904fc,47a7d3701f6c0b94c9f51ecbad59ecc53fc24e565609325a6177b97f660ea698,无法判定,cost_source_missing,任务-000032输入身份漂移，或尚无获批成本来源登记；未读取当前费率/盘口/账户信息,登记带来源、时间、版本、数据截止和可见性证据的手续费、价差、深度、冲击、资金费率、延迟和可成交量；重新发布批次
cost-20260805T014911+0800-26f68554e23b,DS-000309,ETH,ZI-9e3ac8b171f4d5c0d23aaf96,未判定,未判定,未判定,未判定,未判定,未判定（仅允许4小时/8小时/24小时/48小时）,未判定,无法判定,无法判定（成本来源未登记）,无法判定,无法判定,无法判定,无法判定,无法判定,无法判定,无法判定,未判定,未判定,cost-execution-1.0,ca7102ef54f4c2b190484871e99401aef601fecad5b7ca08b8144fb0c8d629d5,717c8aecef35cd70c2ff8c463a4c6a971ce0b964a5fdb76d7e7c3ca044f904fc,11ea9a1b8fb75f232d3d603e61c1366c88fc1ba7e0abdd3d4966a6ff988e2378,无法判定,cost_source_missing,任务-000032输入身份漂移，或尚无获批成本来源登记；未读取当前费率/盘口/账户信息,登记带来源、时间、版本、数据截止和可见性证据的手续费、价差、深度、冲击、资金费率、延迟和可成交量；重新发布批次
cost-20260805T014911+0800-26f68554e23b,DS-000310,BTC,ZI-5a402a12be02ee6d7c30eec4,未判定,未判定,未判定,未判定,未判定,未判定（仅允许4小时/8小时/24小时/48小时）,未判定,无法判定,无法判定（成本来源未登记）,无法判定,无法判定,无法判定,无法判定,无法判定,无法判定,无法判定,未判定,未判定,cost-execution-1.0,ca7102ef54f4c2b190484871e99401aef601fecad5b7ca08b8144fb0c8d629d5,05b541bdf6079180c9358b5f7754af355d6fa22fcae89472044013428ec1d7e5,2998f76b5a0778b36b9de3ae495143218099950a29654ed6a23f76b07922f37a,无法判定,cost_source_missing,任务-000032输入身份漂移，或尚无获批成本来源登记；未读取当前费率/盘口/账户信息,登记带来源、时间、版本、数据截止和可见性证据的手续费、价差、深度、冲击、资金费率、延迟和可成交量；重新发布批次
cost-20260805T014911+0800-26f68554e23b,DS-000310,ETH,ZI-102e25a0c8a2236a75003318,未判定,未判定,未判定,未判定,未判定,未判定（仅允许4小时/8小时/24小时/48小时）,未判定,无法判定,无法判定（成本来源未登记）,无法判定,无法判定,无法判定,无法判定,无法判定,无法判定,无法判定,未判定,未判定,cost-execution-1.0,ca7102ef54f4c2b190484871e99401aef601fecad5b7ca08b8144fb0c8d629d5,05b541bdf6079180c9358b5f7754af355d6fa22fcae89472044013428ec1d7e5,a87c282f149f7cc1c77adcf35003ec5a56fed492ac27dcf6bfdbd63723526491,无法判定,cost_source_missing,任务-000032输入身份漂移，或尚无获批成本来源登记；未读取当前费率/盘口/账户信息,登记带来源、时间、版本、数据截止和可见性证据的手续费、价差、深度、冲击、资金费率、延迟和可成交量；重新发布批次
cost-20260805T014911+0800-26f68554e23b,DS-000311,BTC,ZI-9a6ab07c6edbc9b483925bf6,未判定,未判定,未判定,未判定,未判定,未判定（仅允许4小时/8小时/24小时/48小时）,未判定,无法判定,无法判定（成本来源未登记）,无法判定,无法判定,无法判定,无法判定,无法判定,无法判定,无法判定,未判定,未判定,cost-execution-1.0,ca7102ef54f4c2b190484871e99401aef601fecad5b7ca08b8144fb0c8d629d5,50d761fe1bc55fea4e5af5515a1437e0feabc362f42478feada3b729e44e171e,d07863dac49dd5e7fdd859ba82b42ca05279250191cb3d5072bbf3cf98a1d73c,无法判定,cost_source_missing,任务-000032输入身份漂移，或尚无获批成本来源登记；未读取当前费率/盘口/账户信息,登记带来源、时间、版本、数据截止和可见性证据的手续费、价差、深度、冲击、资金费率、延迟和可成交量；重新发布批次
cost-20260805T014911+0800-26f68554e23b,DS-000311,ETH,ZI-62d623e701e08ace29bb1ac9,未判定,未判定,未判定,未判定,未判定,未判定（仅允许4小时/8小时/24小时/48小时）,未判定,无法判定,无法判定（成本来源未登记）,无法判定,无法判定,无法判定,无法判定,无法判定,无法判定,无法判定,未判定,未判定,cost-execution-1.0,ca7102ef54f4c2b190484871e99401aef601fecad5b7ca08b8144fb0c8d629d5,50d761fe1bc55fea4e5af5515a1437e0feabc362f42478feada3b729e44e171e,3aed27126d91e3369bc4cc497e0d7fda827120f6b56c19d144af03aa480a94fe,无法判定,cost_source_missing,任务-000032输入身份漂移，或尚无获批成本来源登记；未读取当前费率/盘口/账户信息,登记带来源、时间、版本、数据截止和可见性证据的手续费、价差、深度、冲击、资金费率、延迟和可成交量；重新发布批次
cost-20260805T014911+0800-26f68554e23b,DS-000312,BTC,ZI-f934f2266c1453fb0bed28d8,未判定,未判定,未判定,未判定,未判定,未判定（仅允许4小时/8小时/24小时/48小时）,未判定,无法判定,无法判定（成本来源未登记）,无法判定,无法判定,无法判定,无法判定,无法判定,无法判定,无法判定,未判定,未判定,cost-execution-1.0,ca7102ef54f4c2b190484871e99401aef601fecad5b7ca08b8144fb0c8d629d5,35de1f119fb80f1014c86aa36a8e45bf2f0f15ea1672b6dc0aed5cf0b7ff58d6,2e4b86a93dc51bd805a0ea5d573cea1218850d1ab6d455ae80636b5cd9b28e3d,无法判定,cost_source_missing,任务-000032输入身份漂移，或尚无获批成本来源登记；未读取当前费率/盘口/账户信息,登记带来源、时间、版本、数据截止和可见性证据的手续费、价差、深度、冲击、资金费率、延迟和可成交量；重新发布批次
cost-20260805T014911+0800-26f68554e23b,DS-000312,ETH,ZI-5144341657b9fb567646104a,未判定,未判定,未判定,未判定,未判定,未判定（仅允许4小时/8小时/24小时/48小时）,未判定,无法判定,无法判定（成本来源未登记）,无法判定,无法判定,无法判定,无法判定,无法判定,无法判定,无法判定,未判定,未判定,cost-execution-1.0,ca7102ef54f4c2b190484871e99401aef601fecad5b7ca08b8144fb0c8d629d5,35de1f119fb80f1014c86aa36a8e45bf2f0f15ea1672b6dc0aed5cf0b7ff58d6,0b1eeb8b260cdcfb2184674362cd0c5bf92f9a5b59d8f402c53a03b8cd024cba,无法判定,cost_source_missing,任务-000032输入身份漂移，或尚无获批成本来源登记；未读取当前费率/盘口/账户信息,登记带来源、时间、版本、数据截止和可见性证据的手续费、价差、深度、冲击、资金费率、延迟和可成交量；重新发布批次
cost-20260805T014911+0800-26f68554e23b,DS-000313,BTC,ZI-4f781c46c7f513f3e293caf1,未判定,未判定,未判定,未判定,未判定,未判定（仅允许4小时/8小时/24小时/48小时）,未判定,无法判定,无法判定（成本来源未登记）,无法判定,无法判定,无法判定,无法判定,无法判定,无法判定,无法判定,未判定,未判定,cost-execution-1.0,ca7102ef54f4c2b190484871e99401aef601fecad5b7ca08b8144fb0c8d629d5,bc374d77eb0ffeb41462ea5c82742bd56d554f0914b718c53153f2db18b189a9,0f7428e200d4cd751f3982dd8f45c4016c2d4e4aa985f8a83cf72c702abbb9b4,无法判定,cost_source_missing,任务-000032输入身份漂移，或尚无获批成本来源登记；未读取当前费率/盘口/账户信息,登记带来源、时间、版本、数据截止和可见性证据的手续费、价差、深度、冲击、资金费率、延迟和可成交量；重新发布批次
cost-20260805T014911+0800-26f68554e23b,DS-000313,ETH,ZI-881152f96d8e9e4844ae24e9,未判定,未判定,未判定,未判定,未判定,未判定（仅允许4小时/8小时/24小时/48小时）,未判定,无法判定,无法判定（成本来源未登记）,无法判定,无法判定,无法判定,无法判定,无法判定,无法判定,无法判定,未判定,未判定,cost-execution-1.0,ca7102ef54f4c2b190484871e99401aef601fecad5b7ca08b8144fb0c8d629d5,bc374d77eb0ffeb41462ea5c82742bd56d554f0914b718c53153f2db18b189a9,76449966685fb5a1d9b854267bd88fb9a64073a515efcbf1975a0a8bb8d8a053,无法判定,cost_source_missing,任务-000032输入身份漂移，或尚无获批成本来源登记；未读取当前费率/盘口/账户信息,登记带来源、时间、版本、数据截止和可见性证据的手续费、价差、深度、冲击、资金费率、延迟和可成交量；重新发布批次
cost-20260805T014911+0800-26f68554e23b,DS-000314,BTC,ZI-664d2574f8ab01163a25d595,未判定,未判定,未判定,未判定,未判定,未判定（仅允许4小时/8小时/24小时/48小时）,未判定,无法判定,无法判定（成本来源未登记）,无法判定,无法判定,无法判定,无法判定,无法判定,无法判定,无法判定,未判定,未判定,cost-execution-1.0,ca7102ef54f4c2b190484871e99401aef601fecad5b7ca08b8144fb0c8d629d5,595c85f468341c6d39005724eaff225a15d7366111e7df563a4defaa920b2394,911bd7e478690b62db8874c470b941350e4fa8f3e0cc5e279a7bbced560d6104,无法判定,cost_source_missing,任务-000032输入身份漂移，或尚无获批成本来源登记；未读取当前费率/盘口/账户信息,登记带来源、时间、版本、数据截止和可见性证据的手续费、价差、深度、冲击、资金费率、延迟和可成交量；重新发布批次
cost-20260805T014911+0800-26f68554e23b,DS-000314,ETH,ZI-147c7f9873fd47a2fa435551,未判定,未判定,未判定,未判定,未判定,未判定（仅允许4小时/8小时/24小时/48小时）,未判定,无法判定,无法判定（成本来源未登记）,无法判定,无法判定,无法判定,无法判定,无法判定,无法判定,无法判定,未判定,未判定,cost-execution-1.0,ca7102ef54f4c2b190484871e99401aef601fecad5b7ca08b8144fb0c8d629d5,595c85f468341c6d39005724eaff225a15d7366111e7df563a4defaa920b2394,5905703d008a16ed4587db2dca098435a88243a001767592c658423569e530d7,无法判定,cost_source_missing,任务-000032输入身份漂移，或尚无获批成本来源登记；未读取当前费率/盘口/账户信息,登记带来源、时间、版本、数据截止和可见性证据的手续费、价差、深度、冲击、资金费率、延迟和可成交量；重新发布批次
cost-20260805T014911+0800-26f68554e23b,DS-000315,BTC,ZI-6c7b1beec974abfd29a0e66e,未判定,未判定,未判定,未判定,未判定,未判定（仅允许4小时/8小时/24小时/48小时）,未判定,无法判定,无法判定（成本来源未登记）,无法判定,无法判定,无法判定,无法判定,无法判定,无法判定,无法判定,未判定,未判定,cost-execution-1.0,ca7102ef54f4c2b190484871e99401aef601fecad5b7ca08b8144fb0c8d629d5,aa2a36f038d4c05db416aa1bdbd4d2261f1ddefb9d1bb8434986bcc26efed03e,4aa1bce301b48d62c140b27b73aa68b7fd76a3e100bd09aeaee50b07edd30b9f,无法判定,cost_source_missing,任务-000032输入身份漂移，或尚无获批成本来源登记；未读取当前费率/盘口/账户信息,登记带来源、时间、版本、数据截止和可见性证据的手续费、价差、深度、冲击、资金费率、延迟和可成交量；重新发布批次
cost-20260805T014911+0800-26f68554e23b,DS-000315,ETH,ZI-c724dd65f9c74cf7dbb14cf6,未判定,未判定,未判定,未判定,未判定,未判定（仅允许4小时/8小时/24小时/48小时）,未判定,无法判定,无法判定（成本来源未登记）,无法判定,无法判定,无法判定,无法判定,无法判定,无法判定,无法判定,未判定,未判定,cost-execution-1.0,ca7102ef54f4c2b190484871e99401aef601fecad5b7ca08b8144fb0c8d629d5,aa2a36f038d4c05db416aa1bdbd4d2261f1ddefb9d1bb8434986bcc26efed03e,98f843e0ae9abf5fd089c02ce3ac0c4ba915251114eae4423d432deae0e508d8,无法判定,cost_source_missing,任务-000032输入身份漂移，或尚无获批成本来源登记；未读取当前费率/盘口/账户信息,登记带来源、时间、版本、数据截止和可见性证据的手续费、价差、深度、冲击、资金费率、延迟和可成交量；重新发布批次
cost-20260805T014911+0800-26f68554e23b,DS-000316,BTC,ZI-92c90a90bbc0841d7e48f8d6,未判定,未判定,未判定,未判定,未判定,未判定（仅允许4小时/8小时/24小时/48小时）,未判定,无法判定,无法判定（成本来源未登记）,无法判定,无法判定,无法判定,无法判定,无法判定,无法判定,无法判定,未判定,未判定,cost-execution-1.0,ca7102ef54f4c2b190484871e99401aef601fecad5b7ca08b8144fb0c8d629d5,3e70d2ce6b455106f5f4aa70c0b629ea73acd1603b58fd4bc8887bf82c0f2a8d,905c701c54ee684e190e4e0bb8ba93fbe5300d6719e5239e4925e40a976ce131,无法判定,cost_source_missing,任务-000032输入身份漂移，或尚无获批成本来源登记；未读取当前费率/盘口/账户信息,登记带来源、时间、版本、数据截止和可见性证据的手续费、价差、深度、冲击、资金费率、延迟和可成交量；重新发布批次
cost-20260805T014911+0800-26f68554e23b,DS-000316,ETH,ZI-c9eec3c9abb8d328fed09cf7,未判定,未判定,未判定,未判定,未判定,未判定（仅允许4小时/8小时/24小时/48小时）,未判定,无法判定,无法判定（成本来源未登记）,无法判定,无法判定,无法判定,无法判定,无法判定,无法判定,无法判定,未判定,未判定,cost-execution-1.0,ca7102ef54f4c2b190484871e99401aef601fecad5b7ca08b8144fb0c8d629d5,3e70d2ce6b455106f5f4aa70c0b629ea73acd1603b58fd4bc8887bf82c0f2a8d,bf1f5f1a41cb04aeed8e102d9b3c711dbf405711f73e7555e13263ee02a597f0,无法判定,cost_source_missing,任务-000032输入身份漂移，或尚无获批成本来源登记；未读取当前费率/盘口/账户信息,登记带来源、时间、版本、数据截止和可见性证据的手续费、价差、深度、冲击、资金费率、延迟和可成交量；重新发布批次
