批次,成员编号,资产编号,标的,入口状态,可定位,候选入口数,九字段状态,最终身份状态,来源提供者,交易场所,市场类型,标的身份,精确合约,数据对象,Schema确切版本,授权边界,字段中文映射,声明版本,声明来源,证据定位,声明内容SHA-256,输入成员SHA-256,Schema指纹,授权快照SHA-256,撤销事实,原因代码,缺失字段,限制,解除条件,入口记录SHA-256,规则SHA-256,执行器SHA-256,成员记录SHA-256
source-identity-entry-discovery-20260810T054907+0800-2fabb3def319,ZI-bf37564aac87c9161a93ff81,DS-000001,BTC,未登记,不可定位,0,无法判定,拒绝,未知,未知,未知,未知,未知,未知,未知,未知,未知,未知,未登记,未登记,未知,6f210f5cac4068efe59c05ccd83b4aa2dd366ae73b635fbc253611e4e60c34bb,未知,未知,未复验,IDENTITY_DECLARATION_MISSING,来源提供者;交易场所;市场类型;标的身份;精确合约;数据对象;Schema确切版本;授权边界;字段中文映射;成员编号;资产编号;输入成员SHA-256;声明版本;声明内容SHA-256;Schema指纹;授权快照SHA-256;撤销事实;证据定位,只读取固定声明入口和information_schema注释摘要；不读取业务正文、价格、成交、订单簿、账户或凭据,该成员绑定当前版本九字段、唯一定位、成员/Schema/授权指纹和未撤销事实后追加不可变批次,58cce83072ee34edffde9ffae7b57104f60b49a8c9b051742f17d062b74c86a6,6d8c063c04eb02cc5c403067fed389705afe13e3dc1e8139af0c6163635c8bd2,92e2317ab33808587c45d85260f8470a02dafb044af8ae83dbdfff20668a40b0,270f5371a07fb6958678870a63548331d637b6f0f225b918da8249bc84d0a822
source-identity-entry-discovery-20260810T054907+0800-2fabb3def319,ZI-3846d7813100d3d883f9e584,DS-000002,BTC,未登记,不可定位,0,无法判定,无法判定,未知,未知,未知,未知,未知,未知,未知,未知,未知,未知,未登记,未登记,未知,6b54cfaecaba756425d105f3eb174d67dda343b196c6d4d553b4ccf22dac9a4b,未知,未知,未复验,IDENTITY_DECLARATION_MISSING,来源提供者;交易场所;市场类型;标的身份;精确合约;数据对象;Schema确切版本;授权边界;字段中文映射;成员编号;资产编号;输入成员SHA-256;声明版本;声明内容SHA-256;Schema指纹;授权快照SHA-256;撤销事实;证据定位,只读取固定声明入口和information_schema注释摘要；不读取业务正文、价格、成交、订单簿、账户或凭据,该成员绑定当前版本九字段、唯一定位、成员/Schema/授权指纹和未撤销事实后追加不可变批次,58cce83072ee34edffde9ffae7b57104f60b49a8c9b051742f17d062b74c86a6,6d8c063c04eb02cc5c403067fed389705afe13e3dc1e8139af0c6163635c8bd2,92e2317ab33808587c45d85260f8470a02dafb044af8ae83dbdfff20668a40b0,9d09019e3a8ffb1efc4dc5b2e51f1a06013cb940c738dadd6f1c94125d8247e8
source-identity-entry-discovery-20260810T054907+0800-2fabb3def319,ZI-bad7fbdd2fd2ed50c31757ed,DS-000003,BTC,未登记,不可定位,0,无法判定,无法判定,未知,未知,未知,未知,未知,未知,未知,未知,未知,未知,未登记,未登记,未知,eed06d83a64889d174bf4470b7f403841c1b8cbef394fdcd7d26373548bc330a,未知,未知,未复验,IDENTITY_DECLARATION_MISSING,来源提供者;交易场所;市场类型;标的身份;精确合约;数据对象;Schema确切版本;授权边界;字段中文映射;成员编号;资产编号;输入成员SHA-256;声明版本;声明内容SHA-256;Schema指纹;授权快照SHA-256;撤销事实;证据定位,只读取固定声明入口和information_schema注释摘要；不读取业务正文、价格、成交、订单簿、账户或凭据,该成员绑定当前版本九字段、唯一定位、成员/Schema/授权指纹和未撤销事实后追加不可变批次,58cce83072ee34edffde9ffae7b57104f60b49a8c9b051742f17d062b74c86a6,6d8c063c04eb02cc5c403067fed389705afe13e3dc1e8139af0c6163635c8bd2,92e2317ab33808587c45d85260f8470a02dafb044af8ae83dbdfff20668a40b0,9b9d24deffb1a8118030a7327afd6cc0f86b74c9836fddb6fad642db32e367e6
source-identity-entry-discovery-20260810T054907+0800-2fabb3def319,ZI-4dee483dff86ed829a01f96f,DS-000004,BTC,未登记,不可定位,0,无法判定,无法判定,未知,未知,未知,未知,未知,未知,未知,未知,未知,未知,未登记,未登记,未知,f294fc879772804fde50e9093715f6f79193e34ec200003d39435c80c660dc0f,未知,未知,未复验,IDENTITY_DECLARATION_MISSING,来源提供者;交易场所;市场类型;标的身份;精确合约;数据对象;Schema确切版本;授权边界;字段中文映射;成员编号;资产编号;输入成员SHA-256;声明版本;声明内容SHA-256;Schema指纹;授权快照SHA-256;撤销事实;证据定位,只读取固定声明入口和information_schema注释摘要；不读取业务正文、价格、成交、订单簿、账户或凭据,该成员绑定当前版本九字段、唯一定位、成员/Schema/授权指纹和未撤销事实后追加不可变批次,58cce83072ee34edffde9ffae7b57104f60b49a8c9b051742f17d062b74c86a6,6d8c063c04eb02cc5c403067fed389705afe13e3dc1e8139af0c6163635c8bd2,92e2317ab33808587c45d85260f8470a02dafb044af8ae83dbdfff20668a40b0,a36e58b3570ff4b902a74ba3f50c714f9157d0fbaf50b72dddb3a0403cf61b30
source-identity-entry-discovery-20260810T054907+0800-2fabb3def319,ZI-afe25106735b4aef36d7615a,DS-000005,BTC,未登记,不可定位,0,无法判定,无法判定,未知,未知,未知,未知,未知,未知,未知,未知,未知,未知,未登记,未登记,未知,c3a0b74beeb3a1728b5565c3f43d47d2233ef0001367bb8588714e9f0f4d5adc,未知,未知,未复验,IDENTITY_DECLARATION_MISSING,来源提供者;交易场所;市场类型;标的身份;精确合约;数据对象;Schema确切版本;授权边界;字段中文映射;成员编号;资产编号;输入成员SHA-256;声明版本;声明内容SHA-256;Schema指纹;授权快照SHA-256;撤销事实;证据定位,只读取固定声明入口和information_schema注释摘要；不读取业务正文、价格、成交、订单簿、账户或凭据,该成员绑定当前版本九字段、唯一定位、成员/Schema/授权指纹和未撤销事实后追加不可变批次,58cce83072ee34edffde9ffae7b57104f60b49a8c9b051742f17d062b74c86a6,6d8c063c04eb02cc5c403067fed389705afe13e3dc1e8139af0c6163635c8bd2,92e2317ab33808587c45d85260f8470a02dafb044af8ae83dbdfff20668a40b0,d5a197f5e2a4c76c203f940b14ade331151106b633fcffa10dfc0c497291832c
source-identity-entry-discovery-20260810T054907+0800-2fabb3def319,ZI-14965a0a91aae741bc36b74b,DS-000006,BTC,未登记,不可定位,0,无法判定,无法判定,未知,未知,未知,未知,未知,未知,未知,未知,未知,未知,未登记,未登记,未知,078e5f02252ebb65f8c728bc0c504e3a3d3e783ebbd2641e58b3841ea530fb97,未知,未知,未复验,IDENTITY_DECLARATION_MISSING,来源提供者;交易场所;市场类型;标的身份;精确合约;数据对象;Schema确切版本;授权边界;字段中文映射;成员编号;资产编号;输入成员SHA-256;声明版本;声明内容SHA-256;Schema指纹;授权快照SHA-256;撤销事实;证据定位,只读取固定声明入口和information_schema注释摘要；不读取业务正文、价格、成交、订单簿、账户或凭据,该成员绑定当前版本九字段、唯一定位、成员/Schema/授权指纹和未撤销事实后追加不可变批次,58cce83072ee34edffde9ffae7b57104f60b49a8c9b051742f17d062b74c86a6,6d8c063c04eb02cc5c403067fed389705afe13e3dc1e8139af0c6163635c8bd2,92e2317ab33808587c45d85260f8470a02dafb044af8ae83dbdfff20668a40b0,191c005bf5aa28e1d0627a10589eaff64d1f7be681c48a9b1273e05f12582f86
source-identity-entry-discovery-20260810T054907+0800-2fabb3def319,ZI-63b0e2c2062f1a2d08892d31,DS-000007,BTC,未登记,不可定位,0,无法判定,无法判定,未知,未知,未知,未知,未知,未知,未知,未知,未知,未知,未登记,未登记,未知,3d27809f20371a08ed176c677aaefe132b6a4fc3c9b9acf202f0e6982c17d731,未知,未知,未复验,IDENTITY_DECLARATION_MISSING,来源提供者;交易场所;市场类型;标的身份;精确合约;数据对象;Schema确切版本;授权边界;字段中文映射;成员编号;资产编号;输入成员SHA-256;声明版本;声明内容SHA-256;Schema指纹;授权快照SHA-256;撤销事实;证据定位,只读取固定声明入口和information_schema注释摘要；不读取业务正文、价格、成交、订单簿、账户或凭据,该成员绑定当前版本九字段、唯一定位、成员/Schema/授权指纹和未撤销事实后追加不可变批次,58cce83072ee34edffde9ffae7b57104f60b49a8c9b051742f17d062b74c86a6,6d8c063c04eb02cc5c403067fed389705afe13e3dc1e8139af0c6163635c8bd2,92e2317ab33808587c45d85260f8470a02dafb044af8ae83dbdfff20668a40b0,d3529f6d17e5025465bdb97c2ef2dead958e46817463370454c0fa67676d3d3a
source-identity-entry-discovery-20260810T054907+0800-2fabb3def319,ZI-a3275f1ead9140426d316fda,DS-000008,BTC,未登记,不可定位,0,无法判定,无法判定,未知,未知,未知,未知,未知,未知,未知,未知,未知,未知,未登记,未登记,未知,c41e435f351a0e89dcf979f9d54f0c4bf6732364a3fa041800b57b48d68dcad2,未知,未知,未复验,IDENTITY_DECLARATION_MISSING,来源提供者;交易场所;市场类型;标的身份;精确合约;数据对象;Schema确切版本;授权边界;字段中文映射;成员编号;资产编号;输入成员SHA-256;声明版本;声明内容SHA-256;Schema指纹;授权快照SHA-256;撤销事实;证据定位,只读取固定声明入口和information_schema注释摘要；不读取业务正文、价格、成交、订单簿、账户或凭据,该成员绑定当前版本九字段、唯一定位、成员/Schema/授权指纹和未撤销事实后追加不可变批次,58cce83072ee34edffde9ffae7b57104f60b49a8c9b051742f17d062b74c86a6,6d8c063c04eb02cc5c403067fed389705afe13e3dc1e8139af0c6163635c8bd2,92e2317ab33808587c45d85260f8470a02dafb044af8ae83dbdfff20668a40b0,9045f86a7c5be750d30b1432a426dadaa2de2b45ca65c71281fd6df16f7aad79
source-identity-entry-discovery-20260810T054907+0800-2fabb3def319,ZI-24037d8a714b80d1f447c8ca,DS-000009,BTC,未登记,不可定位,0,无法判定,无法判定,未知,未知,未知,未知,未知,未知,未知,未知,未知,未知,未登记,未登记,未知,57f0db998d6317598e4c7335c89cb4bd04ec0e20592158cfc71f6fc34aa5ad44,未知,未知,未复验,IDENTITY_DECLARATION_MISSING,来源提供者;交易场所;市场类型;标的身份;精确合约;数据对象;Schema确切版本;授权边界;字段中文映射;成员编号;资产编号;输入成员SHA-256;声明版本;声明内容SHA-256;Schema指纹;授权快照SHA-256;撤销事实;证据定位,只读取固定声明入口和information_schema注释摘要；不读取业务正文、价格、成交、订单簿、账户或凭据,该成员绑定当前版本九字段、唯一定位、成员/Schema/授权指纹和未撤销事实后追加不可变批次,58cce83072ee34edffde9ffae7b57104f60b49a8c9b051742f17d062b74c86a6,6d8c063c04eb02cc5c403067fed389705afe13e3dc1e8139af0c6163635c8bd2,92e2317ab33808587c45d85260f8470a02dafb044af8ae83dbdfff20668a40b0,d2d2b1352af2138713f808cdde9a80a4fec53126e0ec07b87f6ab5413c284386
source-identity-entry-discovery-20260810T054907+0800-2fabb3def319,ZI-8f0cd7b99b1e374adc146a4a,DS-000010,BTC,未登记,不可定位,0,无法判定,无法判定,未知,未知,未知,未知,未知,未知,未知,未知,未知,未知,未登记,未登记,未知,60a868b7ba10f0aef5db99fd373934b8abcce84661ec2ad1ccee966866bbb502,未知,未知,未复验,IDENTITY_DECLARATION_MISSING,来源提供者;交易场所;市场类型;标的身份;精确合约;数据对象;Schema确切版本;授权边界;字段中文映射;成员编号;资产编号;输入成员SHA-256;声明版本;声明内容SHA-256;Schema指纹;授权快照SHA-256;撤销事实;证据定位,只读取固定声明入口和information_schema注释摘要；不读取业务正文、价格、成交、订单簿、账户或凭据,该成员绑定当前版本九字段、唯一定位、成员/Schema/授权指纹和未撤销事实后追加不可变批次,58cce83072ee34edffde9ffae7b57104f60b49a8c9b051742f17d062b74c86a6,6d8c063c04eb02cc5c403067fed389705afe13e3dc1e8139af0c6163635c8bd2,92e2317ab33808587c45d85260f8470a02dafb044af8ae83dbdfff20668a40b0,42efdef8133d0ca57696d0c7681084d5043d0a105f2371719106aa1ca4d9d919
source-identity-entry-discovery-20260810T054907+0800-2fabb3def319,ZI-d7cbdc706bf9497b3c98b3eb,DS-000011,BTC,未登记,不可定位,0,无法判定,无法判定,未知,未知,未知,未知,未知,未知,未知,未知,未知,未知,未登记,未登记,未知,0ec6f6d6ec4c9b002bb715c2ae5793b70a41ece49bc4ab71ab962b1ea26e6c10,未知,未知,未复验,IDENTITY_DECLARATION_MISSING,来源提供者;交易场所;市场类型;标的身份;精确合约;数据对象;Schema确切版本;授权边界;字段中文映射;成员编号;资产编号;输入成员SHA-256;声明版本;声明内容SHA-256;Schema指纹;授权快照SHA-256;撤销事实;证据定位,只读取固定声明入口和information_schema注释摘要；不读取业务正文、价格、成交、订单簿、账户或凭据,该成员绑定当前版本九字段、唯一定位、成员/Schema/授权指纹和未撤销事实后追加不可变批次,58cce83072ee34edffde9ffae7b57104f60b49a8c9b051742f17d062b74c86a6,6d8c063c04eb02cc5c403067fed389705afe13e3dc1e8139af0c6163635c8bd2,92e2317ab33808587c45d85260f8470a02dafb044af8ae83dbdfff20668a40b0,021e0f73267ef247f2323914f003b9bf88992a0512cb1c0ba6f78a39ef3d95b3
source-identity-entry-discovery-20260810T054907+0800-2fabb3def319,ZI-bb992f68b3613e9c75ad8102,DS-000012,BTC,未登记,不可定位,0,无法判定,无法判定,未知,未知,未知,未知,未知,未知,未知,未知,未知,未知,未登记,未登记,未知,4029ce33cae96639a00b1f2934304f04d9204e36e7d06ee59efff58dc5e0082a,未知,未知,未复验,IDENTITY_DECLARATION_MISSING,来源提供者;交易场所;市场类型;标的身份;精确合约;数据对象;Schema确切版本;授权边界;字段中文映射;成员编号;资产编号;输入成员SHA-256;声明版本;声明内容SHA-256;Schema指纹;授权快照SHA-256;撤销事实;证据定位,只读取固定声明入口和information_schema注释摘要；不读取业务正文、价格、成交、订单簿、账户或凭据,该成员绑定当前版本九字段、唯一定位、成员/Schema/授权指纹和未撤销事实后追加不可变批次,58cce83072ee34edffde9ffae7b57104f60b49a8c9b051742f17d062b74c86a6,6d8c063c04eb02cc5c403067fed389705afe13e3dc1e8139af0c6163635c8bd2,92e2317ab33808587c45d85260f8470a02dafb044af8ae83dbdfff20668a40b0,2f4cdbd855a96d17ac824ba6f3806d5bc3055055d62501c9ddcf172233a78573
source-identity-entry-discovery-20260810T054907+0800-2fabb3def319,ZI-22947f2c8da15aea945c5d37,DS-000013,BTC,未登记,不可定位,0,无法判定,无法判定,未知,未知,未知,未知,未知,未知,未知,未知,未知,未知,未登记,未登记,未知,4b5998ebc81851afafa4abf90abf85ad6f259b9415055592ade9dfafdb51f0d3,未知,未知,未复验,IDENTITY_DECLARATION_MISSING,来源提供者;交易场所;市场类型;标的身份;精确合约;数据对象;Schema确切版本;授权边界;字段中文映射;成员编号;资产编号;输入成员SHA-256;声明版本;声明内容SHA-256;Schema指纹;授权快照SHA-256;撤销事实;证据定位,只读取固定声明入口和information_schema注释摘要；不读取业务正文、价格、成交、订单簿、账户或凭据,该成员绑定当前版本九字段、唯一定位、成员/Schema/授权指纹和未撤销事实后追加不可变批次,58cce83072ee34edffde9ffae7b57104f60b49a8c9b051742f17d062b74c86a6,6d8c063c04eb02cc5c403067fed389705afe13e3dc1e8139af0c6163635c8bd2,92e2317ab33808587c45d85260f8470a02dafb044af8ae83dbdfff20668a40b0,e27cffe6628cff32e7f93b85233908d46d54d2670f76e26741a9f5c18e8ae71d
source-identity-entry-discovery-20260810T054907+0800-2fabb3def319,ZI-6fe292c785aa3707aa7bae85,DS-000014,BTC,未登记,不可定位,0,无法判定,无法判定,未知,未知,未知,未知,未知,未知,未知,未知,未知,未知,未登记,未登记,未知,a2913685c4ef3199de4ac1910f6c1bd45e3a521e39fad3c5475e0071673b8a28,未知,未知,未复验,IDENTITY_DECLARATION_MISSING,来源提供者;交易场所;市场类型;标的身份;精确合约;数据对象;Schema确切版本;授权边界;字段中文映射;成员编号;资产编号;输入成员SHA-256;声明版本;声明内容SHA-256;Schema指纹;授权快照SHA-256;撤销事实;证据定位,只读取固定声明入口和information_schema注释摘要；不读取业务正文、价格、成交、订单簿、账户或凭据,该成员绑定当前版本九字段、唯一定位、成员/Schema/授权指纹和未撤销事实后追加不可变批次,58cce83072ee34edffde9ffae7b57104f60b49a8c9b051742f17d062b74c86a6,6d8c063c04eb02cc5c403067fed389705afe13e3dc1e8139af0c6163635c8bd2,92e2317ab33808587c45d85260f8470a02dafb044af8ae83dbdfff20668a40b0,f018d41567c0d29cb2d7f147a34f784f27e5d62d82720056ca18b087070164f2
source-identity-entry-discovery-20260810T054907+0800-2fabb3def319,ZI-ebacff58193ae9067a1b085a,DS-000015,BTC,未登记,不可定位,0,无法判定,无法判定,未知,未知,未知,未知,未知,未知,未知,未知,未知,未知,未登记,未登记,未知,0954b82bf7f57e01d704dbddc6046326d1d248a34af7095367bb8eca340f6dcf,未知,未知,未复验,IDENTITY_DECLARATION_MISSING,来源提供者;交易场所;市场类型;标的身份;精确合约;数据对象;Schema确切版本;授权边界;字段中文映射;成员编号;资产编号;输入成员SHA-256;声明版本;声明内容SHA-256;Schema指纹;授权快照SHA-256;撤销事实;证据定位,只读取固定声明入口和information_schema注释摘要；不读取业务正文、价格、成交、订单簿、账户或凭据,该成员绑定当前版本九字段、唯一定位、成员/Schema/授权指纹和未撤销事实后追加不可变批次,58cce83072ee34edffde9ffae7b57104f60b49a8c9b051742f17d062b74c86a6,6d8c063c04eb02cc5c403067fed389705afe13e3dc1e8139af0c6163635c8bd2,92e2317ab33808587c45d85260f8470a02dafb044af8ae83dbdfff20668a40b0,9e1c83eb47ee753c58adc2b27b0fefe35b6f5fd7367ba385620d4f0ab24305ad
source-identity-entry-discovery-20260810T054907+0800-2fabb3def319,ZI-c7222ddc077a12706bc85a0e,DS-000016,BTC,未登记,不可定位,0,无法判定,无法判定,未知,未知,未知,未知,未知,未知,未知,未知,未知,未知,未登记,未登记,未知,d541c1aa39ca532bc63001a37820a93db5822824a913980ff6e6492016cd8c06,未知,未知,未复验,IDENTITY_DECLARATION_MISSING,来源提供者;交易场所;市场类型;标的身份;精确合约;数据对象;Schema确切版本;授权边界;字段中文映射;成员编号;资产编号;输入成员SHA-256;声明版本;声明内容SHA-256;Schema指纹;授权快照SHA-256;撤销事实;证据定位,只读取固定声明入口和information_schema注释摘要；不读取业务正文、价格、成交、订单簿、账户或凭据,该成员绑定当前版本九字段、唯一定位、成员/Schema/授权指纹和未撤销事实后追加不可变批次,58cce83072ee34edffde9ffae7b57104f60b49a8c9b051742f17d062b74c86a6,6d8c063c04eb02cc5c403067fed389705afe13e3dc1e8139af0c6163635c8bd2,92e2317ab33808587c45d85260f8470a02dafb044af8ae83dbdfff20668a40b0,9a35f1c94e50bd1fc1ac871789093d82fc6e185c6b1079e13de53ce71104fb0a
source-identity-entry-discovery-20260810T054907+0800-2fabb3def319,ZI-b662cded17c8b415bc18d325,DS-000017,BTC,未登记,不可定位,0,无法判定,无法判定,未知,未知,未知,未知,未知,未知,未知,未知,未知,未知,未登记,未登记,未知,724331ff5fb4ae5702e299c4ab592929e83424f81741ca15f49f79f17bb48302,未知,未知,未复验,IDENTITY_DECLARATION_MISSING,来源提供者;交易场所;市场类型;标的身份;精确合约;数据对象;Schema确切版本;授权边界;字段中文映射;成员编号;资产编号;输入成员SHA-256;声明版本;声明内容SHA-256;Schema指纹;授权快照SHA-256;撤销事实;证据定位,只读取固定声明入口和information_schema注释摘要；不读取业务正文、价格、成交、订单簿、账户或凭据,该成员绑定当前版本九字段、唯一定位、成员/Schema/授权指纹和未撤销事实后追加不可变批次,58cce83072ee34edffde9ffae7b57104f60b49a8c9b051742f17d062b74c86a6,6d8c063c04eb02cc5c403067fed389705afe13e3dc1e8139af0c6163635c8bd2,92e2317ab33808587c45d85260f8470a02dafb044af8ae83dbdfff20668a40b0,bf82048957288ca4df1440d2b2d543c2caa5f4df6296ed44b00bd077849dbd31
source-identity-entry-discovery-20260810T054907+0800-2fabb3def319,ZI-8c0a2a61096b2a4424356b89,DS-000018,BTC,未登记,不可定位,0,无法判定,无法判定,未知,未知,未知,未知,未知,未知,未知,未知,未知,未知,未登记,未登记,未知,8ac6e149c9aa2f85191b075fe19ae6ab08e0241833b5e33f84b0a42f76e71509,未知,未知,未复验,IDENTITY_DECLARATION_MISSING,来源提供者;交易场所;市场类型;标的身份;精确合约;数据对象;Schema确切版本;授权边界;字段中文映射;成员编号;资产编号;输入成员SHA-256;声明版本;声明内容SHA-256;Schema指纹;授权快照SHA-256;撤销事实;证据定位,只读取固定声明入口和information_schema注释摘要；不读取业务正文、价格、成交、订单簿、账户或凭据,该成员绑定当前版本九字段、唯一定位、成员/Schema/授权指纹和未撤销事实后追加不可变批次,58cce83072ee34edffde9ffae7b57104f60b49a8c9b051742f17d062b74c86a6,6d8c063c04eb02cc5c403067fed389705afe13e3dc1e8139af0c6163635c8bd2,92e2317ab33808587c45d85260f8470a02dafb044af8ae83dbdfff20668a40b0,50c7056a26a8fc306d59726d6bf10a0369fbe6bff1aed47c2803ff6bd8cfd086
source-identity-entry-discovery-20260810T054907+0800-2fabb3def319,ZI-b8918337d2edc573b5335acf,DS-000019,BTC,未登记,不可定位,0,无法判定,无法判定,未知,未知,未知,未知,未知,未知,未知,未知,未知,未知,未登记,未登记,未知,9fe44aeeec52824c44f64f54bd209145b51e04d8a6e4a281d96b9d9c9c5adc3d,未知,未知,未复验,IDENTITY_DECLARATION_MISSING,来源提供者;交易场所;市场类型;标的身份;精确合约;数据对象;Schema确切版本;授权边界;字段中文映射;成员编号;资产编号;输入成员SHA-256;声明版本;声明内容SHA-256;Schema指纹;授权快照SHA-256;撤销事实;证据定位,只读取固定声明入口和information_schema注释摘要；不读取业务正文、价格、成交、订单簿、账户或凭据,该成员绑定当前版本九字段、唯一定位、成员/Schema/授权指纹和未撤销事实后追加不可变批次,58cce83072ee34edffde9ffae7b57104f60b49a8c9b051742f17d062b74c86a6,6d8c063c04eb02cc5c403067fed389705afe13e3dc1e8139af0c6163635c8bd2,92e2317ab33808587c45d85260f8470a02dafb044af8ae83dbdfff20668a40b0,2d73273c57d7663818125bdc100cbe1e95a3a6e0bfe47f6cf9cf88dafb4e5e1b
source-identity-entry-discovery-20260810T054907+0800-2fabb3def319,ZI-a74fe50809407c65c35e27b6,DS-000020,BTC,未登记,不可定位,0,无法判定,无法判定,未知,未知,未知,未知,未知,未知,未知,未知,未知,未知,未登记,未登记,未知,1c5ab3f968edb2a20de6de92fb10feb8d2736c0dbd5b1cc743a178c603b79e8b,未知,未知,未复验,IDENTITY_DECLARATION_MISSING,来源提供者;交易场所;市场类型;标的身份;精确合约;数据对象;Schema确切版本;授权边界;字段中文映射;成员编号;资产编号;输入成员SHA-256;声明版本;声明内容SHA-256;Schema指纹;授权快照SHA-256;撤销事实;证据定位,只读取固定声明入口和information_schema注释摘要；不读取业务正文、价格、成交、订单簿、账户或凭据,该成员绑定当前版本九字段、唯一定位、成员/Schema/授权指纹和未撤销事实后追加不可变批次,58cce83072ee34edffde9ffae7b57104f60b49a8c9b051742f17d062b74c86a6,6d8c063c04eb02cc5c403067fed389705afe13e3dc1e8139af0c6163635c8bd2,92e2317ab33808587c45d85260f8470a02dafb044af8ae83dbdfff20668a40b0,a15b5211bd6bf30c4205236c9f554fce0b23b8f938023dbbe8d0782d5badfc46
source-identity-entry-discovery-20260810T054907+0800-2fabb3def319,ZI-37ca6c4114c93bb8aabfdb40,DS-000021,BTC,未登记,不可定位,0,无法判定,无法判定,未知,未知,未知,未知,未知,未知,未知,未知,未知,未知,未登记,未登记,未知,64628c57337149fa715a32c92112d28beb11ea157cc51cbef8d8fb2ac089af2d,未知,未知,未复验,IDENTITY_DECLARATION_MISSING,来源提供者;交易场所;市场类型;标的身份;精确合约;数据对象;Schema确切版本;授权边界;字段中文映射;成员编号;资产编号;输入成员SHA-256;声明版本;声明内容SHA-256;Schema指纹;授权快照SHA-256;撤销事实;证据定位,只读取固定声明入口和information_schema注释摘要；不读取业务正文、价格、成交、订单簿、账户或凭据,该成员绑定当前版本九字段、唯一定位、成员/Schema/授权指纹和未撤销事实后追加不可变批次,58cce83072ee34edffde9ffae7b57104f60b49a8c9b051742f17d062b74c86a6,6d8c063c04eb02cc5c403067fed389705afe13e3dc1e8139af0c6163635c8bd2,92e2317ab33808587c45d85260f8470a02dafb044af8ae83dbdfff20668a40b0,559dbb87d1ddeb45907bf6c232acf9e07b486496021f4e9b0e5eb33113b85bbb
source-identity-entry-discovery-20260810T054907+0800-2fabb3def319,ZI-d51a63844fdefcea96fdae6d,DS-000022,BTC,未登记,不可定位,0,无法判定,无法判定,未知,未知,未知,未知,未知,未知,未知,未知,未知,未知,未登记,未登记,未知,cb0f988b4041dfe60459b092dd3d8713a68e767cffe3cea694725d3b12df3874,未知,未知,未复验,IDENTITY_DECLARATION_MISSING,来源提供者;交易场所;市场类型;标的身份;精确合约;数据对象;Schema确切版本;授权边界;字段中文映射;成员编号;资产编号;输入成员SHA-256;声明版本;声明内容SHA-256;Schema指纹;授权快照SHA-256;撤销事实;证据定位,只读取固定声明入口和information_schema注释摘要；不读取业务正文、价格、成交、订单簿、账户或凭据,该成员绑定当前版本九字段、唯一定位、成员/Schema/授权指纹和未撤销事实后追加不可变批次,58cce83072ee34edffde9ffae7b57104f60b49a8c9b051742f17d062b74c86a6,6d8c063c04eb02cc5c403067fed389705afe13e3dc1e8139af0c6163635c8bd2,92e2317ab33808587c45d85260f8470a02dafb044af8ae83dbdfff20668a40b0,d708ce647576175372fcb07144a7154ba68b241bb26aa3ba68f739ccfdbe646f
source-identity-entry-discovery-20260810T054907+0800-2fabb3def319,ZI-62a663fd96baa6d2befc3bf2,DS-000023,BTC,未登记,不可定位,0,无法判定,无法判定,未知,未知,未知,未知,未知,未知,未知,未知,未知,未知,未登记,未登记,未知,7f5828afd16eeb5023d1e7c3d6abf2f23c149f3225a3e53e1078c8e613a07332,未知,未知,未复验,IDENTITY_DECLARATION_MISSING,来源提供者;交易场所;市场类型;标的身份;精确合约;数据对象;Schema确切版本;授权边界;字段中文映射;成员编号;资产编号;输入成员SHA-256;声明版本;声明内容SHA-256;Schema指纹;授权快照SHA-256;撤销事实;证据定位,只读取固定声明入口和information_schema注释摘要；不读取业务正文、价格、成交、订单簿、账户或凭据,该成员绑定当前版本九字段、唯一定位、成员/Schema/授权指纹和未撤销事实后追加不可变批次,58cce83072ee34edffde9ffae7b57104f60b49a8c9b051742f17d062b74c86a6,6d8c063c04eb02cc5c403067fed389705afe13e3dc1e8139af0c6163635c8bd2,92e2317ab33808587c45d85260f8470a02dafb044af8ae83dbdfff20668a40b0,056b0b546ef866d6158dbf87f7c0b8443c0bfc609d7b97c21ed5a7511bd352b2
source-identity-entry-discovery-20260810T054907+0800-2fabb3def319,ZI-3e04430d183f37d5f6f412c6,DS-000024,BTC,未登记,不可定位,0,无法判定,无法判定,未知,未知,未知,未知,未知,未知,未知,未知,未知,未知,未登记,未登记,未知,1a5501c145cb78341a0bdc4a0d62283d57d8158db9cee6a6f6b9300451cfb669,未知,未知,未复验,IDENTITY_DECLARATION_MISSING,来源提供者;交易场所;市场类型;标的身份;精确合约;数据对象;Schema确切版本;授权边界;字段中文映射;成员编号;资产编号;输入成员SHA-256;声明版本;声明内容SHA-256;Schema指纹;授权快照SHA-256;撤销事实;证据定位,只读取固定声明入口和information_schema注释摘要；不读取业务正文、价格、成交、订单簿、账户或凭据,该成员绑定当前版本九字段、唯一定位、成员/Schema/授权指纹和未撤销事实后追加不可变批次,58cce83072ee34edffde9ffae7b57104f60b49a8c9b051742f17d062b74c86a6,6d8c063c04eb02cc5c403067fed389705afe13e3dc1e8139af0c6163635c8bd2,92e2317ab33808587c45d85260f8470a02dafb044af8ae83dbdfff20668a40b0,be00f7244ca61e0d86fe334555f21a4fef2e0db8ac0e7ad44f1d40121b2a33a0
source-identity-entry-discovery-20260810T054907+0800-2fabb3def319,ZI-d09e19cfdcbed9a7fdc593be,DS-000025,BTC,未登记,不可定位,0,无法判定,无法判定,未知,未知,未知,未知,未知,未知,未知,未知,未知,未知,未登记,未登记,未知,90a66897075859e1d9c9e335f1e6bf8caa40126b5af49abd6f7dd08c1c62ab7b,未知,未知,未复验,IDENTITY_DECLARATION_MISSING,来源提供者;交易场所;市场类型;标的身份;精确合约;数据对象;Schema确切版本;授权边界;字段中文映射;成员编号;资产编号;输入成员SHA-256;声明版本;声明内容SHA-256;Schema指纹;授权快照SHA-256;撤销事实;证据定位,只读取固定声明入口和information_schema注释摘要；不读取业务正文、价格、成交、订单簿、账户或凭据,该成员绑定当前版本九字段、唯一定位、成员/Schema/授权指纹和未撤销事实后追加不可变批次,58cce83072ee34edffde9ffae7b57104f60b49a8c9b051742f17d062b74c86a6,6d8c063c04eb02cc5c403067fed389705afe13e3dc1e8139af0c6163635c8bd2,92e2317ab33808587c45d85260f8470a02dafb044af8ae83dbdfff20668a40b0,44e5a4807fb7605993ef633c986d92a2ce4b43dcf602c98f6aee5eae9b4d396d
source-identity-entry-discovery-20260810T054907+0800-2fabb3def319,ZI-9a5034b379b436117dafdeb9,DS-000026,BTC,未登记,不可定位,0,无法判定,无法判定,未知,未知,未知,未知,未知,未知,未知,未知,未知,未知,未登记,未登记,未知,d0f705abea8912f989edaccb9cf08cd41eda84e652f74e68a9312e843e842f77,未知,未知,未复验,IDENTITY_DECLARATION_MISSING,来源提供者;交易场所;市场类型;标的身份;精确合约;数据对象;Schema确切版本;授权边界;字段中文映射;成员编号;资产编号;输入成员SHA-256;声明版本;声明内容SHA-256;Schema指纹;授权快照SHA-256;撤销事实;证据定位,只读取固定声明入口和information_schema注释摘要；不读取业务正文、价格、成交、订单簿、账户或凭据,该成员绑定当前版本九字段、唯一定位、成员/Schema/授权指纹和未撤销事实后追加不可变批次,58cce83072ee34edffde9ffae7b57104f60b49a8c9b051742f17d062b74c86a6,6d8c063c04eb02cc5c403067fed389705afe13e3dc1e8139af0c6163635c8bd2,92e2317ab33808587c45d85260f8470a02dafb044af8ae83dbdfff20668a40b0,5196593d28a762fe40544778f34d0c4fa243b22e01d9aededcb29c5166217399
source-identity-entry-discovery-20260810T054907+0800-2fabb3def319,ZI-50bc11d42d88870ce48d3c15,DS-000027,BTC,未登记,不可定位,0,无法判定,无法判定,未知,未知,未知,未知,未知,未知,未知,未知,未知,未知,未登记,未登记,未知,e25a817f99d52e3d90fb7614939eebcaf57d0bc0f82ee9b42e562f78d2066f9d,未知,未知,未复验,IDENTITY_DECLARATION_MISSING,来源提供者;交易场所;市场类型;标的身份;精确合约;数据对象;Schema确切版本;授权边界;字段中文映射;成员编号;资产编号;输入成员SHA-256;声明版本;声明内容SHA-256;Schema指纹;授权快照SHA-256;撤销事实;证据定位,只读取固定声明入口和information_schema注释摘要；不读取业务正文、价格、成交、订单簿、账户或凭据,该成员绑定当前版本九字段、唯一定位、成员/Schema/授权指纹和未撤销事实后追加不可变批次,58cce83072ee34edffde9ffae7b57104f60b49a8c9b051742f17d062b74c86a6,6d8c063c04eb02cc5c403067fed389705afe13e3dc1e8139af0c6163635c8bd2,92e2317ab33808587c45d85260f8470a02dafb044af8ae83dbdfff20668a40b0,6b8058c45eab11fb5b4fd74c617e6c37e060b0d45b85d0e9b2ef3f027a7f80ed
source-identity-entry-discovery-20260810T054907+0800-2fabb3def319,ZI-f94898b1902c73c7204f68f4,DS-000028,BTC,未登记,不可定位,0,无法判定,无法判定,未知,未知,未知,未知,未知,未知,未知,未知,未知,未知,未登记,未登记,未知,47294cc8ccff44581c75aa5d3c70bc29e9916391a25182dc2645263835aa4c55,未知,未知,未复验,IDENTITY_DECLARATION_MISSING,来源提供者;交易场所;市场类型;标的身份;精确合约;数据对象;Schema确切版本;授权边界;字段中文映射;成员编号;资产编号;输入成员SHA-256;声明版本;声明内容SHA-256;Schema指纹;授权快照SHA-256;撤销事实;证据定位,只读取固定声明入口和information_schema注释摘要；不读取业务正文、价格、成交、订单簿、账户或凭据,该成员绑定当前版本九字段、唯一定位、成员/Schema/授权指纹和未撤销事实后追加不可变批次,58cce83072ee34edffde9ffae7b57104f60b49a8c9b051742f17d062b74c86a6,6d8c063c04eb02cc5c403067fed389705afe13e3dc1e8139af0c6163635c8bd2,92e2317ab33808587c45d85260f8470a02dafb044af8ae83dbdfff20668a40b0,a040b9811aa4d7122616117bbe6e3b979edd3495d6a9563dae25ffd2f5cdb731
source-identity-entry-discovery-20260810T054907+0800-2fabb3def319,ZI-de37a154d339d6ea9dd24636,DS-000029,BTC,未登记,不可定位,0,无法判定,无法判定,未知,未知,未知,未知,未知,未知,未知,未知,未知,未知,未登记,未登记,未知,7dd9f501d01b088e7ff2286b3f33fd8431fdbab3aea1cdb36bd41099a798703e,未知,未知,未复验,IDENTITY_DECLARATION_MISSING,来源提供者;交易场所;市场类型;标的身份;精确合约;数据对象;Schema确切版本;授权边界;字段中文映射;成员编号;资产编号;输入成员SHA-256;声明版本;声明内容SHA-256;Schema指纹;授权快照SHA-256;撤销事实;证据定位,只读取固定声明入口和information_schema注释摘要；不读取业务正文、价格、成交、订单簿、账户或凭据,该成员绑定当前版本九字段、唯一定位、成员/Schema/授权指纹和未撤销事实后追加不可变批次,58cce83072ee34edffde9ffae7b57104f60b49a8c9b051742f17d062b74c86a6,6d8c063c04eb02cc5c403067fed389705afe13e3dc1e8139af0c6163635c8bd2,92e2317ab33808587c45d85260f8470a02dafb044af8ae83dbdfff20668a40b0,c3a7036ddab94245d97157ec3a11fc73b61750ff41465168dbd8e2292b980a38
source-identity-entry-discovery-20260810T054907+0800-2fabb3def319,ZI-1d36a0c340d1ef902e9b9d9e,DS-000030,BTC,未登记,不可定位,0,无法判定,无法判定,未知,未知,未知,未知,未知,未知,未知,未知,未知,未知,未登记,未登记,未知,7feaf8dbf2a33227bce6c15a332add2a8df5958d70cd20dde169159beffeafd8,未知,未知,未复验,IDENTITY_DECLARATION_MISSING,来源提供者;交易场所;市场类型;标的身份;精确合约;数据对象;Schema确切版本;授权边界;字段中文映射;成员编号;资产编号;输入成员SHA-256;声明版本;声明内容SHA-256;Schema指纹;授权快照SHA-256;撤销事实;证据定位,只读取固定声明入口和information_schema注释摘要；不读取业务正文、价格、成交、订单簿、账户或凭据,该成员绑定当前版本九字段、唯一定位、成员/Schema/授权指纹和未撤销事实后追加不可变批次,58cce83072ee34edffde9ffae7b57104f60b49a8c9b051742f17d062b74c86a6,6d8c063c04eb02cc5c403067fed389705afe13e3dc1e8139af0c6163635c8bd2,92e2317ab33808587c45d85260f8470a02dafb044af8ae83dbdfff20668a40b0,35591b448b07684dbbb92286f7e213306a1d976ae0578b4d9558a2ddcfedd313
source-identity-entry-discovery-20260810T054907+0800-2fabb3def319,ZI-90a7b0ede5d1cf41ca54fe0d,DS-000031,BTC,未登记,不可定位,0,无法判定,无法判定,未知,未知,未知,未知,未知,未知,未知,未知,未知,未知,未登记,未登记,未知,7e617ea65285053e80e850b1a42685e97f1dc11f8a21b09b7a1ddeec481c8607,未知,未知,未复验,IDENTITY_DECLARATION_MISSING,来源提供者;交易场所;市场类型;标的身份;精确合约;数据对象;Schema确切版本;授权边界;字段中文映射;成员编号;资产编号;输入成员SHA-256;声明版本;声明内容SHA-256;Schema指纹;授权快照SHA-256;撤销事实;证据定位,只读取固定声明入口和information_schema注释摘要；不读取业务正文、价格、成交、订单簿、账户或凭据,该成员绑定当前版本九字段、唯一定位、成员/Schema/授权指纹和未撤销事实后追加不可变批次,58cce83072ee34edffde9ffae7b57104f60b49a8c9b051742f17d062b74c86a6,6d8c063c04eb02cc5c403067fed389705afe13e3dc1e8139af0c6163635c8bd2,92e2317ab33808587c45d85260f8470a02dafb044af8ae83dbdfff20668a40b0,d74c6f05f4f18884d22f7d5df03f4f5cc52962a71c8e446121e82ea47eb70be4
source-identity-entry-discovery-20260810T054907+0800-2fabb3def319,ZI-af8bf19f503a5a5f7dd6543f,DS-000032,BTC,未登记,不可定位,0,无法判定,无法判定,未知,未知,未知,未知,未知,未知,未知,未知,未知,未知,未登记,未登记,未知,2ce15b1930aad50b11f350398a0b450644e98b842f7ef2acedf4bee77e77db57,未知,未知,未复验,IDENTITY_DECLARATION_MISSING,来源提供者;交易场所;市场类型;标的身份;精确合约;数据对象;Schema确切版本;授权边界;字段中文映射;成员编号;资产编号;输入成员SHA-256;声明版本;声明内容SHA-256;Schema指纹;授权快照SHA-256;撤销事实;证据定位,只读取固定声明入口和information_schema注释摘要；不读取业务正文、价格、成交、订单簿、账户或凭据,该成员绑定当前版本九字段、唯一定位、成员/Schema/授权指纹和未撤销事实后追加不可变批次,58cce83072ee34edffde9ffae7b57104f60b49a8c9b051742f17d062b74c86a6,6d8c063c04eb02cc5c403067fed389705afe13e3dc1e8139af0c6163635c8bd2,92e2317ab33808587c45d85260f8470a02dafb044af8ae83dbdfff20668a40b0,26137410bbc21c1aa85d33b71057a217dcd56e33efb5c115ed1382e5c7de2e4d
source-identity-entry-discovery-20260810T054907+0800-2fabb3def319,ZI-0e19e886b80de5aa05aaf456,DS-000033,BTC,未登记,不可定位,0,无法判定,无法判定,未知,未知,未知,未知,未知,未知,未知,未知,未知,未知,未登记,未登记,未知,6c383d50d95f4de8a57eed3f877bf95e02d1617101a25d532b17bf06f1520432,未知,未知,未复验,IDENTITY_DECLARATION_MISSING,来源提供者;交易场所;市场类型;标的身份;精确合约;数据对象;Schema确切版本;授权边界;字段中文映射;成员编号;资产编号;输入成员SHA-256;声明版本;声明内容SHA-256;Schema指纹;授权快照SHA-256;撤销事实;证据定位,只读取固定声明入口和information_schema注释摘要；不读取业务正文、价格、成交、订单簿、账户或凭据,该成员绑定当前版本九字段、唯一定位、成员/Schema/授权指纹和未撤销事实后追加不可变批次,58cce83072ee34edffde9ffae7b57104f60b49a8c9b051742f17d062b74c86a6,6d8c063c04eb02cc5c403067fed389705afe13e3dc1e8139af0c6163635c8bd2,92e2317ab33808587c45d85260f8470a02dafb044af8ae83dbdfff20668a40b0,6337b7d463a9cce2bfe23f2709d3b7b334ed72577edc6e427ad2f01cb7b8e0b3
source-identity-entry-discovery-20260810T054907+0800-2fabb3def319,ZI-d0e75a2e82e0873897d28939,DS-000034,BTC,未登记,不可定位,0,无法判定,无法判定,未知,未知,未知,未知,未知,未知,未知,未知,未知,未知,未登记,未登记,未知,620ec0b6af2da2ee08cf1e41e20fb6206dec2fe11c489115b4686ab4d470868b,未知,未知,未复验,IDENTITY_DECLARATION_MISSING,来源提供者;交易场所;市场类型;标的身份;精确合约;数据对象;Schema确切版本;授权边界;字段中文映射;成员编号;资产编号;输入成员SHA-256;声明版本;声明内容SHA-256;Schema指纹;授权快照SHA-256;撤销事实;证据定位,只读取固定声明入口和information_schema注释摘要；不读取业务正文、价格、成交、订单簿、账户或凭据,该成员绑定当前版本九字段、唯一定位、成员/Schema/授权指纹和未撤销事实后追加不可变批次,58cce83072ee34edffde9ffae7b57104f60b49a8c9b051742f17d062b74c86a6,6d8c063c04eb02cc5c403067fed389705afe13e3dc1e8139af0c6163635c8bd2,92e2317ab33808587c45d85260f8470a02dafb044af8ae83dbdfff20668a40b0,4a6ededde7d5eca801729f135da4c053cd1159483bd8bd1bfca7cf06ef7cf1f4
source-identity-entry-discovery-20260810T054907+0800-2fabb3def319,ZI-9f4947e6d2fa71654647194e,DS-000035,BTC,未登记,不可定位,0,无法判定,无法判定,未知,未知,未知,未知,未知,未知,未知,未知,未知,未知,未登记,未登记,未知,c8052ba5f3ee15d405a6a41853edafb8cc7df932629aa95e77ecbbf0cf89d0c9,未知,未知,未复验,IDENTITY_DECLARATION_MISSING,来源提供者;交易场所;市场类型;标的身份;精确合约;数据对象;Schema确切版本;授权边界;字段中文映射;成员编号;资产编号;输入成员SHA-256;声明版本;声明内容SHA-256;Schema指纹;授权快照SHA-256;撤销事实;证据定位,只读取固定声明入口和information_schema注释摘要；不读取业务正文、价格、成交、订单簿、账户或凭据,该成员绑定当前版本九字段、唯一定位、成员/Schema/授权指纹和未撤销事实后追加不可变批次,58cce83072ee34edffde9ffae7b57104f60b49a8c9b051742f17d062b74c86a6,6d8c063c04eb02cc5c403067fed389705afe13e3dc1e8139af0c6163635c8bd2,92e2317ab33808587c45d85260f8470a02dafb044af8ae83dbdfff20668a40b0,239306ebf6adf54ec2e8ec2d90ce7bef498749af66d81bf79ee756ea067d4967
source-identity-entry-discovery-20260810T054907+0800-2fabb3def319,ZI-71dc83b38b1a5a4983d0c730,DS-000036,BTC,未登记,不可定位,0,无法判定,无法判定,未知,未知,未知,未知,未知,未知,未知,未知,未知,未知,未登记,未登记,未知,831dbef09d5e1df0dc41e48ab9504365e6e18a12807ca94e1c805c8181299249,未知,未知,未复验,IDENTITY_DECLARATION_MISSING,来源提供者;交易场所;市场类型;标的身份;精确合约;数据对象;Schema确切版本;授权边界;字段中文映射;成员编号;资产编号;输入成员SHA-256;声明版本;声明内容SHA-256;Schema指纹;授权快照SHA-256;撤销事实;证据定位,只读取固定声明入口和information_schema注释摘要；不读取业务正文、价格、成交、订单簿、账户或凭据,该成员绑定当前版本九字段、唯一定位、成员/Schema/授权指纹和未撤销事实后追加不可变批次,58cce83072ee34edffde9ffae7b57104f60b49a8c9b051742f17d062b74c86a6,6d8c063c04eb02cc5c403067fed389705afe13e3dc1e8139af0c6163635c8bd2,92e2317ab33808587c45d85260f8470a02dafb044af8ae83dbdfff20668a40b0,867522b59298f826d7b6ecc3970f48b6678d98c533223802a615a25607fed96b
source-identity-entry-discovery-20260810T054907+0800-2fabb3def319,ZI-6f99492a5fbd85c183f61d8e,DS-000037,BTC,未登记,不可定位,0,无法判定,无法判定,未知,未知,未知,未知,未知,未知,未知,未知,未知,未知,未登记,未登记,未知,c6a61887a923c5a8e4ba052c9fa91d7c255b03f4bcc5c28d53deafc5f40d8e2b,未知,未知,未复验,IDENTITY_DECLARATION_MISSING,来源提供者;交易场所;市场类型;标的身份;精确合约;数据对象;Schema确切版本;授权边界;字段中文映射;成员编号;资产编号;输入成员SHA-256;声明版本;声明内容SHA-256;Schema指纹;授权快照SHA-256;撤销事实;证据定位,只读取固定声明入口和information_schema注释摘要；不读取业务正文、价格、成交、订单簿、账户或凭据,该成员绑定当前版本九字段、唯一定位、成员/Schema/授权指纹和未撤销事实后追加不可变批次,58cce83072ee34edffde9ffae7b57104f60b49a8c9b051742f17d062b74c86a6,6d8c063c04eb02cc5c403067fed389705afe13e3dc1e8139af0c6163635c8bd2,92e2317ab33808587c45d85260f8470a02dafb044af8ae83dbdfff20668a40b0,3dacc341e0cdfb35351f795b7ed57469ae69562bf2d0d3548ad921466b3d39c6
source-identity-entry-discovery-20260810T054907+0800-2fabb3def319,ZI-9d505f466a534d4c682806e4,DS-000038,BTC,未登记,不可定位,0,无法判定,无法判定,未知,未知,未知,未知,未知,未知,未知,未知,未知,未知,未登记,未登记,未知,fa4631a27e1710a2adac5e18f14fba4d3ac7985b62a900a8a32921c0f616b5e6,未知,未知,未复验,IDENTITY_DECLARATION_MISSING,来源提供者;交易场所;市场类型;标的身份;精确合约;数据对象;Schema确切版本;授权边界;字段中文映射;成员编号;资产编号;输入成员SHA-256;声明版本;声明内容SHA-256;Schema指纹;授权快照SHA-256;撤销事实;证据定位,只读取固定声明入口和information_schema注释摘要；不读取业务正文、价格、成交、订单簿、账户或凭据,该成员绑定当前版本九字段、唯一定位、成员/Schema/授权指纹和未撤销事实后追加不可变批次,58cce83072ee34edffde9ffae7b57104f60b49a8c9b051742f17d062b74c86a6,6d8c063c04eb02cc5c403067fed389705afe13e3dc1e8139af0c6163635c8bd2,92e2317ab33808587c45d85260f8470a02dafb044af8ae83dbdfff20668a40b0,2f3ed19551373eb3b280129c3b78d5d1187f3b1b1f1dccfb6d107997b89ca6ef
source-identity-entry-discovery-20260810T054907+0800-2fabb3def319,ZI-5202b33cd76d35c9b4da14bf,DS-000039,BTC,未登记,不可定位,0,无法判定,无法判定,未知,未知,未知,未知,未知,未知,未知,未知,未知,未知,未登记,未登记,未知,87a8b34d0a521a1b81b170b9eadc51933b3582c7ff859894e05f962bbaa7b31a,未知,未知,未复验,IDENTITY_DECLARATION_MISSING,来源提供者;交易场所;市场类型;标的身份;精确合约;数据对象;Schema确切版本;授权边界;字段中文映射;成员编号;资产编号;输入成员SHA-256;声明版本;声明内容SHA-256;Schema指纹;授权快照SHA-256;撤销事实;证据定位,只读取固定声明入口和information_schema注释摘要；不读取业务正文、价格、成交、订单簿、账户或凭据,该成员绑定当前版本九字段、唯一定位、成员/Schema/授权指纹和未撤销事实后追加不可变批次,58cce83072ee34edffde9ffae7b57104f60b49a8c9b051742f17d062b74c86a6,6d8c063c04eb02cc5c403067fed389705afe13e3dc1e8139af0c6163635c8bd2,92e2317ab33808587c45d85260f8470a02dafb044af8ae83dbdfff20668a40b0,8688ca5e5a294b625c8fe8074ca491824082c77b86ed22dcae419a0215053521
source-identity-entry-discovery-20260810T054907+0800-2fabb3def319,ZI-eb360ff1fbdbe74db1aaedae,DS-000040,BTC,未登记,不可定位,0,无法判定,无法判定,未知,未知,未知,未知,未知,未知,未知,未知,未知,未知,未登记,未登记,未知,4790bac68af16a75efca855b27de95148a8f7d869a8eb4d8366de3015c759626,未知,未知,未复验,IDENTITY_DECLARATION_MISSING,来源提供者;交易场所;市场类型;标的身份;精确合约;数据对象;Schema确切版本;授权边界;字段中文映射;成员编号;资产编号;输入成员SHA-256;声明版本;声明内容SHA-256;Schema指纹;授权快照SHA-256;撤销事实;证据定位,只读取固定声明入口和information_schema注释摘要；不读取业务正文、价格、成交、订单簿、账户或凭据,该成员绑定当前版本九字段、唯一定位、成员/Schema/授权指纹和未撤销事实后追加不可变批次,58cce83072ee34edffde9ffae7b57104f60b49a8c9b051742f17d062b74c86a6,6d8c063c04eb02cc5c403067fed389705afe13e3dc1e8139af0c6163635c8bd2,92e2317ab33808587c45d85260f8470a02dafb044af8ae83dbdfff20668a40b0,e76759dd6eef67b778fec3e91269392c02ed5aa2b5d8144268e9b34548cf7a53
source-identity-entry-discovery-20260810T054907+0800-2fabb3def319,ZI-59cd4def5a80d4b7162c7401,DS-000041,BTC,未登记,不可定位,0,无法判定,无法判定,未知,未知,未知,未知,未知,未知,未知,未知,未知,未知,未登记,未登记,未知,286620d7066b28b8ed933077901ecb9ff8a5c8e40df6514ff7c3ba5ecac9abe8,未知,未知,未复验,IDENTITY_DECLARATION_MISSING,来源提供者;交易场所;市场类型;标的身份;精确合约;数据对象;Schema确切版本;授权边界;字段中文映射;成员编号;资产编号;输入成员SHA-256;声明版本;声明内容SHA-256;Schema指纹;授权快照SHA-256;撤销事实;证据定位,只读取固定声明入口和information_schema注释摘要；不读取业务正文、价格、成交、订单簿、账户或凭据,该成员绑定当前版本九字段、唯一定位、成员/Schema/授权指纹和未撤销事实后追加不可变批次,58cce83072ee34edffde9ffae7b57104f60b49a8c9b051742f17d062b74c86a6,6d8c063c04eb02cc5c403067fed389705afe13e3dc1e8139af0c6163635c8bd2,92e2317ab33808587c45d85260f8470a02dafb044af8ae83dbdfff20668a40b0,67cb85869c7cf182805a5ddb5426b6baeb43aa3999c25813d2baa7b87d3bd2bf
source-identity-entry-discovery-20260810T054907+0800-2fabb3def319,ZI-28b27eba60391c882e91fe7c,DS-000042,BTC,未登记,不可定位,0,无法判定,拒绝,未知,未知,未知,未知,未知,未知,未知,未知,未知,未知,未登记,未登记,未知,9481f1a90753f8379ea69a4aa88f1289d5bb48cf515812dd34aca6a32ed0708f,未知,未知,未复验,IDENTITY_DECLARATION_MISSING,来源提供者;交易场所;市场类型;标的身份;精确合约;数据对象;Schema确切版本;授权边界;字段中文映射;成员编号;资产编号;输入成员SHA-256;声明版本;声明内容SHA-256;Schema指纹;授权快照SHA-256;撤销事实;证据定位,只读取固定声明入口和information_schema注释摘要；不读取业务正文、价格、成交、订单簿、账户或凭据,该成员绑定当前版本九字段、唯一定位、成员/Schema/授权指纹和未撤销事实后追加不可变批次,58cce83072ee34edffde9ffae7b57104f60b49a8c9b051742f17d062b74c86a6,6d8c063c04eb02cc5c403067fed389705afe13e3dc1e8139af0c6163635c8bd2,92e2317ab33808587c45d85260f8470a02dafb044af8ae83dbdfff20668a40b0,776dcf9e973a0b624fb85cb050f09499a12acd64121bc05b59f07b35472aa921
source-identity-entry-discovery-20260810T054907+0800-2fabb3def319,ZI-1cf476188f922d17399cba47,DS-000043,BTC,未登记,不可定位,0,无法判定,无法判定,未知,未知,未知,未知,未知,未知,未知,未知,未知,未知,未登记,未登记,未知,ab6e9c5b122b709541147d45af09142fa48c4c8a57e5fd6e14d93cbfe55942f2,未知,未知,未复验,IDENTITY_DECLARATION_MISSING,来源提供者;交易场所;市场类型;标的身份;精确合约;数据对象;Schema确切版本;授权边界;字段中文映射;成员编号;资产编号;输入成员SHA-256;声明版本;声明内容SHA-256;Schema指纹;授权快照SHA-256;撤销事实;证据定位,只读取固定声明入口和information_schema注释摘要；不读取业务正文、价格、成交、订单簿、账户或凭据,该成员绑定当前版本九字段、唯一定位、成员/Schema/授权指纹和未撤销事实后追加不可变批次,58cce83072ee34edffde9ffae7b57104f60b49a8c9b051742f17d062b74c86a6,6d8c063c04eb02cc5c403067fed389705afe13e3dc1e8139af0c6163635c8bd2,92e2317ab33808587c45d85260f8470a02dafb044af8ae83dbdfff20668a40b0,d341d9bd12494d01097dc617b10195e3b7c2e4bd85b11cc0e9526efa0d557b6a
source-identity-entry-discovery-20260810T054907+0800-2fabb3def319,ZI-3f0f96416ab0e94e0fb49698,DS-000044,BTC,未登记,不可定位,0,无法判定,无法判定,未知,未知,未知,未知,未知,未知,未知,未知,未知,未知,未登记,未登记,未知,4b351da245a5729653e1e8695950bb4ec677aa15b29af4adcaea6d6c4773688a,未知,未知,未复验,IDENTITY_DECLARATION_MISSING,来源提供者;交易场所;市场类型;标的身份;精确合约;数据对象;Schema确切版本;授权边界;字段中文映射;成员编号;资产编号;输入成员SHA-256;声明版本;声明内容SHA-256;Schema指纹;授权快照SHA-256;撤销事实;证据定位,只读取固定声明入口和information_schema注释摘要；不读取业务正文、价格、成交、订单簿、账户或凭据,该成员绑定当前版本九字段、唯一定位、成员/Schema/授权指纹和未撤销事实后追加不可变批次,58cce83072ee34edffde9ffae7b57104f60b49a8c9b051742f17d062b74c86a6,6d8c063c04eb02cc5c403067fed389705afe13e3dc1e8139af0c6163635c8bd2,92e2317ab33808587c45d85260f8470a02dafb044af8ae83dbdfff20668a40b0,a7d6e47c48da2d76d073675b5a0d1d6638f42cdc142176a60b159b21c4b9e428
source-identity-entry-discovery-20260810T054907+0800-2fabb3def319,ZI-e95abca6578fd05efc1e15f3,DS-000045,BTC,未登记,不可定位,0,无法判定,无法判定,未知,未知,未知,未知,未知,未知,未知,未知,未知,未知,未登记,未登记,未知,7969b3cc256f4b649caaa29cb58c697653c15965c89907fd86f2e98016eff342,未知,未知,未复验,IDENTITY_DECLARATION_MISSING,来源提供者;交易场所;市场类型;标的身份;精确合约;数据对象;Schema确切版本;授权边界;字段中文映射;成员编号;资产编号;输入成员SHA-256;声明版本;声明内容SHA-256;Schema指纹;授权快照SHA-256;撤销事实;证据定位,只读取固定声明入口和information_schema注释摘要；不读取业务正文、价格、成交、订单簿、账户或凭据,该成员绑定当前版本九字段、唯一定位、成员/Schema/授权指纹和未撤销事实后追加不可变批次,58cce83072ee34edffde9ffae7b57104f60b49a8c9b051742f17d062b74c86a6,6d8c063c04eb02cc5c403067fed389705afe13e3dc1e8139af0c6163635c8bd2,92e2317ab33808587c45d85260f8470a02dafb044af8ae83dbdfff20668a40b0,465f3113f7dbb328c7f2782c4aebc44529f68d6e086e6ec4661371c880045ac3
source-identity-entry-discovery-20260810T054907+0800-2fabb3def319,ZI-3379bd8636483e94be99ec24,DS-000046,BTC,未登记,不可定位,0,无法判定,无法判定,未知,未知,未知,未知,未知,未知,未知,未知,未知,未知,未登记,未登记,未知,d2c16595af2ff812b9699afbac5821cee73e4c3f6842fa3a5a109853626e6c4d,未知,未知,未复验,IDENTITY_DECLARATION_MISSING,来源提供者;交易场所;市场类型;标的身份;精确合约;数据对象;Schema确切版本;授权边界;字段中文映射;成员编号;资产编号;输入成员SHA-256;声明版本;声明内容SHA-256;Schema指纹;授权快照SHA-256;撤销事实;证据定位,只读取固定声明入口和information_schema注释摘要；不读取业务正文、价格、成交、订单簿、账户或凭据,该成员绑定当前版本九字段、唯一定位、成员/Schema/授权指纹和未撤销事实后追加不可变批次,58cce83072ee34edffde9ffae7b57104f60b49a8c9b051742f17d062b74c86a6,6d8c063c04eb02cc5c403067fed389705afe13e3dc1e8139af0c6163635c8bd2,92e2317ab33808587c45d85260f8470a02dafb044af8ae83dbdfff20668a40b0,78d283a79c44540298fc7eb93fa0de71d33e1b14dc7a83c7206e042cb4223b61
source-identity-entry-discovery-20260810T054907+0800-2fabb3def319,ZI-e9c04e44e219308250fcfba3,DS-000047,BTC,未登记,不可定位,0,无法判定,无法判定,未知,未知,未知,未知,未知,未知,未知,未知,未知,未知,未登记,未登记,未知,bef8b79e0bee8d3d15ff6d609fb35f08d45972b26fe4f024fbeee00416ef25a9,未知,未知,未复验,IDENTITY_DECLARATION_MISSING,来源提供者;交易场所;市场类型;标的身份;精确合约;数据对象;Schema确切版本;授权边界;字段中文映射;成员编号;资产编号;输入成员SHA-256;声明版本;声明内容SHA-256;Schema指纹;授权快照SHA-256;撤销事实;证据定位,只读取固定声明入口和information_schema注释摘要；不读取业务正文、价格、成交、订单簿、账户或凭据,该成员绑定当前版本九字段、唯一定位、成员/Schema/授权指纹和未撤销事实后追加不可变批次,58cce83072ee34edffde9ffae7b57104f60b49a8c9b051742f17d062b74c86a6,6d8c063c04eb02cc5c403067fed389705afe13e3dc1e8139af0c6163635c8bd2,92e2317ab33808587c45d85260f8470a02dafb044af8ae83dbdfff20668a40b0,390d60caf9b652091b8dc9fc60871393c63cce01b08dfc044a2b826b4dcace0c
source-identity-entry-discovery-20260810T054907+0800-2fabb3def319,ZI-99675e73612aefac9625cff4,DS-000048,BTC,未登记,不可定位,0,无法判定,无法判定,未知,未知,未知,未知,未知,未知,未知,未知,未知,未知,未登记,未登记,未知,27c0d7523fd027e4594aaaebc9fd2b4c9853db367233c9469ddddb6909841121,未知,未知,未复验,IDENTITY_DECLARATION_MISSING,来源提供者;交易场所;市场类型;标的身份;精确合约;数据对象;Schema确切版本;授权边界;字段中文映射;成员编号;资产编号;输入成员SHA-256;声明版本;声明内容SHA-256;Schema指纹;授权快照SHA-256;撤销事实;证据定位,只读取固定声明入口和information_schema注释摘要；不读取业务正文、价格、成交、订单簿、账户或凭据,该成员绑定当前版本九字段、唯一定位、成员/Schema/授权指纹和未撤销事实后追加不可变批次,58cce83072ee34edffde9ffae7b57104f60b49a8c9b051742f17d062b74c86a6,6d8c063c04eb02cc5c403067fed389705afe13e3dc1e8139af0c6163635c8bd2,92e2317ab33808587c45d85260f8470a02dafb044af8ae83dbdfff20668a40b0,426a2d1df1c560ac3d6a8b1cde915815cbdbcdde62b7572df751a40cbd3a2ba6
source-identity-entry-discovery-20260810T054907+0800-2fabb3def319,ZI-feaa0f97c21b956a87e42395,DS-000049,BTC,未登记,不可定位,0,无法判定,无法判定,未知,未知,未知,未知,未知,未知,未知,未知,未知,未知,未登记,未登记,未知,4fe0f84c8d96411a88be702c038c1a07e59990872b4f40ea4c994bc83ed839a3,未知,未知,未复验,IDENTITY_DECLARATION_MISSING,来源提供者;交易场所;市场类型;标的身份;精确合约;数据对象;Schema确切版本;授权边界;字段中文映射;成员编号;资产编号;输入成员SHA-256;声明版本;声明内容SHA-256;Schema指纹;授权快照SHA-256;撤销事实;证据定位,只读取固定声明入口和information_schema注释摘要；不读取业务正文、价格、成交、订单簿、账户或凭据,该成员绑定当前版本九字段、唯一定位、成员/Schema/授权指纹和未撤销事实后追加不可变批次,58cce83072ee34edffde9ffae7b57104f60b49a8c9b051742f17d062b74c86a6,6d8c063c04eb02cc5c403067fed389705afe13e3dc1e8139af0c6163635c8bd2,92e2317ab33808587c45d85260f8470a02dafb044af8ae83dbdfff20668a40b0,e7a0daff2a8b5aee9a7b3db7b42184d763f37e630a99264d9ef0cbdb4acd2406
source-identity-entry-discovery-20260810T054907+0800-2fabb3def319,ZI-833060375f085d1b0f2b75c7,DS-000050,BTC,未登记,不可定位,0,无法判定,无法判定,未知,未知,未知,未知,未知,未知,未知,未知,未知,未知,未登记,未登记,未知,dbba04adf9e0ed6082031b7d3b413eec7ec31a70b2e28e729c73ec97d3a920c4,未知,未知,未复验,IDENTITY_DECLARATION_MISSING,来源提供者;交易场所;市场类型;标的身份;精确合约;数据对象;Schema确切版本;授权边界;字段中文映射;成员编号;资产编号;输入成员SHA-256;声明版本;声明内容SHA-256;Schema指纹;授权快照SHA-256;撤销事实;证据定位,只读取固定声明入口和information_schema注释摘要；不读取业务正文、价格、成交、订单簿、账户或凭据,该成员绑定当前版本九字段、唯一定位、成员/Schema/授权指纹和未撤销事实后追加不可变批次,58cce83072ee34edffde9ffae7b57104f60b49a8c9b051742f17d062b74c86a6,6d8c063c04eb02cc5c403067fed389705afe13e3dc1e8139af0c6163635c8bd2,92e2317ab33808587c45d85260f8470a02dafb044af8ae83dbdfff20668a40b0,38e55318cc887523d720bb0e97b7a82b8fe3e88b795f07bda9762419efe09b83
source-identity-entry-discovery-20260810T054907+0800-2fabb3def319,ZI-97f8dcaf6e0dc9d1a0e4bbdb,DS-000051,BTC,未登记,不可定位,0,无法判定,无法判定,未知,未知,未知,未知,未知,未知,未知,未知,未知,未知,未登记,未登记,未知,a7632909fefcd410f99ea46b0ca9e8c6c0a75f845b8499b8f0e2a6438275e2d2,未知,未知,未复验,IDENTITY_DECLARATION_MISSING,来源提供者;交易场所;市场类型;标的身份;精确合约;数据对象;Schema确切版本;授权边界;字段中文映射;成员编号;资产编号;输入成员SHA-256;声明版本;声明内容SHA-256;Schema指纹;授权快照SHA-256;撤销事实;证据定位,只读取固定声明入口和information_schema注释摘要；不读取业务正文、价格、成交、订单簿、账户或凭据,该成员绑定当前版本九字段、唯一定位、成员/Schema/授权指纹和未撤销事实后追加不可变批次,58cce83072ee34edffde9ffae7b57104f60b49a8c9b051742f17d062b74c86a6,6d8c063c04eb02cc5c403067fed389705afe13e3dc1e8139af0c6163635c8bd2,92e2317ab33808587c45d85260f8470a02dafb044af8ae83dbdfff20668a40b0,238a66d96e4864d75d4474a876f1723b51968a780169e62c83badca412b77c5c
source-identity-entry-discovery-20260810T054907+0800-2fabb3def319,ZI-f0e8c66b07d04a1be38b27dd,DS-000052,BTC,未登记,不可定位,0,无法判定,无法判定,未知,未知,未知,未知,未知,未知,未知,未知,未知,未知,未登记,未登记,未知,04143c6927d1275ecc2e6a7ad519ea36c53154683aee2d5e619e273dfbd2c3a5,未知,未知,未复验,IDENTITY_DECLARATION_MISSING,来源提供者;交易场所;市场类型;标的身份;精确合约;数据对象;Schema确切版本;授权边界;字段中文映射;成员编号;资产编号;输入成员SHA-256;声明版本;声明内容SHA-256;Schema指纹;授权快照SHA-256;撤销事实;证据定位,只读取固定声明入口和information_schema注释摘要；不读取业务正文、价格、成交、订单簿、账户或凭据,该成员绑定当前版本九字段、唯一定位、成员/Schema/授权指纹和未撤销事实后追加不可变批次,58cce83072ee34edffde9ffae7b57104f60b49a8c9b051742f17d062b74c86a6,6d8c063c04eb02cc5c403067fed389705afe13e3dc1e8139af0c6163635c8bd2,92e2317ab33808587c45d85260f8470a02dafb044af8ae83dbdfff20668a40b0,564f6d753ecfb3d6483f0d82a17437ce62285735e26ab0fa2f6cfe256aaf57e0
source-identity-entry-discovery-20260810T054907+0800-2fabb3def319,ZI-3b5d3d5f111d5d79a85d29b4,DS-000053,BTC,未登记,不可定位,0,无法判定,无法判定,未知,未知,未知,未知,未知,未知,未知,未知,未知,未知,未登记,未登记,未知,727c4cd15bbd1028cdcf0542f546b79bdf0b6cf5848a5c9875880c0c1d118d34,未知,未知,未复验,IDENTITY_DECLARATION_MISSING,来源提供者;交易场所;市场类型;标的身份;精确合约;数据对象;Schema确切版本;授权边界;字段中文映射;成员编号;资产编号;输入成员SHA-256;声明版本;声明内容SHA-256;Schema指纹;授权快照SHA-256;撤销事实;证据定位,只读取固定声明入口和information_schema注释摘要；不读取业务正文、价格、成交、订单簿、账户或凭据,该成员绑定当前版本九字段、唯一定位、成员/Schema/授权指纹和未撤销事实后追加不可变批次,58cce83072ee34edffde9ffae7b57104f60b49a8c9b051742f17d062b74c86a6,6d8c063c04eb02cc5c403067fed389705afe13e3dc1e8139af0c6163635c8bd2,92e2317ab33808587c45d85260f8470a02dafb044af8ae83dbdfff20668a40b0,665e3eeca19e053de57b80ac1b43324a2f852f90a4a388d31480a05552ac995a
source-identity-entry-discovery-20260810T054907+0800-2fabb3def319,ZI-87c2a233404d1351a0c1614a,DS-000054,BTC,未登记,不可定位,0,无法判定,无法判定,未知,未知,未知,未知,未知,未知,未知,未知,未知,未知,未登记,未登记,未知,4eca34b92987b0f4628fe992c99d93e94d8dda2644da3ff72acf419a06dd10dc,未知,未知,未复验,IDENTITY_DECLARATION_MISSING,来源提供者;交易场所;市场类型;标的身份;精确合约;数据对象;Schema确切版本;授权边界;字段中文映射;成员编号;资产编号;输入成员SHA-256;声明版本;声明内容SHA-256;Schema指纹;授权快照SHA-256;撤销事实;证据定位,只读取固定声明入口和information_schema注释摘要；不读取业务正文、价格、成交、订单簿、账户或凭据,该成员绑定当前版本九字段、唯一定位、成员/Schema/授权指纹和未撤销事实后追加不可变批次,58cce83072ee34edffde9ffae7b57104f60b49a8c9b051742f17d062b74c86a6,6d8c063c04eb02cc5c403067fed389705afe13e3dc1e8139af0c6163635c8bd2,92e2317ab33808587c45d85260f8470a02dafb044af8ae83dbdfff20668a40b0,782f123ced7771fb42301aa066ad6b8a52c5f2d028fa2be0dc2dcaa067dae8a2
source-identity-entry-discovery-20260810T054907+0800-2fabb3def319,ZI-a0e8958994c3e7cc60444105,DS-000055,BTC,未登记,不可定位,0,无法判定,无法判定,未知,未知,未知,未知,未知,未知,未知,未知,未知,未知,未登记,未登记,未知,d7a56bb2b3f2d1353ae1bdb490dd50f66b9a721e38cbd5d20c71732b5afae1f2,未知,未知,未复验,IDENTITY_DECLARATION_MISSING,来源提供者;交易场所;市场类型;标的身份;精确合约;数据对象;Schema确切版本;授权边界;字段中文映射;成员编号;资产编号;输入成员SHA-256;声明版本;声明内容SHA-256;Schema指纹;授权快照SHA-256;撤销事实;证据定位,只读取固定声明入口和information_schema注释摘要；不读取业务正文、价格、成交、订单簿、账户或凭据,该成员绑定当前版本九字段、唯一定位、成员/Schema/授权指纹和未撤销事实后追加不可变批次,58cce83072ee34edffde9ffae7b57104f60b49a8c9b051742f17d062b74c86a6,6d8c063c04eb02cc5c403067fed389705afe13e3dc1e8139af0c6163635c8bd2,92e2317ab33808587c45d85260f8470a02dafb044af8ae83dbdfff20668a40b0,4bc463a5a064ae935e96470259d29956f39f801cf1fbce9553f92265ff628d4e
source-identity-entry-discovery-20260810T054907+0800-2fabb3def319,ZI-54e62d810981feeba9196e8d,DS-000056,BTC,未登记,不可定位,0,无法判定,无法判定,未知,未知,未知,未知,未知,未知,未知,未知,未知,未知,未登记,未登记,未知,664065d8bcbfde6ce83948e226f424c3f8c73c2aa7a808c48ca3483bbcfdd2d2,未知,未知,未复验,IDENTITY_DECLARATION_MISSING,来源提供者;交易场所;市场类型;标的身份;精确合约;数据对象;Schema确切版本;授权边界;字段中文映射;成员编号;资产编号;输入成员SHA-256;声明版本;声明内容SHA-256;Schema指纹;授权快照SHA-256;撤销事实;证据定位,只读取固定声明入口和information_schema注释摘要；不读取业务正文、价格、成交、订单簿、账户或凭据,该成员绑定当前版本九字段、唯一定位、成员/Schema/授权指纹和未撤销事实后追加不可变批次,58cce83072ee34edffde9ffae7b57104f60b49a8c9b051742f17d062b74c86a6,6d8c063c04eb02cc5c403067fed389705afe13e3dc1e8139af0c6163635c8bd2,92e2317ab33808587c45d85260f8470a02dafb044af8ae83dbdfff20668a40b0,6d70c1bef240268dfbc3c5486cc23242f648f4e3d507e5409604bbeef45324d7
source-identity-entry-discovery-20260810T054907+0800-2fabb3def319,ZI-1ffb29f3c048f7f9c99afb68,DS-000057,BTC,未登记,不可定位,0,无法判定,无法判定,未知,未知,未知,未知,未知,未知,未知,未知,未知,未知,未登记,未登记,未知,ae21fda5c0653f332e55a07d8845e164909d455385ec75880755b67592ab6e08,未知,未知,未复验,IDENTITY_DECLARATION_MISSING,来源提供者;交易场所;市场类型;标的身份;精确合约;数据对象;Schema确切版本;授权边界;字段中文映射;成员编号;资产编号;输入成员SHA-256;声明版本;声明内容SHA-256;Schema指纹;授权快照SHA-256;撤销事实;证据定位,只读取固定声明入口和information_schema注释摘要；不读取业务正文、价格、成交、订单簿、账户或凭据,该成员绑定当前版本九字段、唯一定位、成员/Schema/授权指纹和未撤销事实后追加不可变批次,58cce83072ee34edffde9ffae7b57104f60b49a8c9b051742f17d062b74c86a6,6d8c063c04eb02cc5c403067fed389705afe13e3dc1e8139af0c6163635c8bd2,92e2317ab33808587c45d85260f8470a02dafb044af8ae83dbdfff20668a40b0,0b678c7bd60ee6a9551ce4da5f71c477471a0e6c36eb614cf37ac584d02678ee
source-identity-entry-discovery-20260810T054907+0800-2fabb3def319,ZI-6a4189c6cb894961a396d1b1,DS-000058,BTC,未登记,不可定位,0,无法判定,无法判定,未知,未知,未知,未知,未知,未知,未知,未知,未知,未知,未登记,未登记,未知,c660829578896811167b8d845c14d303efa2e3f8b50e904d73e411784995991a,未知,未知,未复验,IDENTITY_DECLARATION_MISSING,来源提供者;交易场所;市场类型;标的身份;精确合约;数据对象;Schema确切版本;授权边界;字段中文映射;成员编号;资产编号;输入成员SHA-256;声明版本;声明内容SHA-256;Schema指纹;授权快照SHA-256;撤销事实;证据定位,只读取固定声明入口和information_schema注释摘要；不读取业务正文、价格、成交、订单簿、账户或凭据,该成员绑定当前版本九字段、唯一定位、成员/Schema/授权指纹和未撤销事实后追加不可变批次,58cce83072ee34edffde9ffae7b57104f60b49a8c9b051742f17d062b74c86a6,6d8c063c04eb02cc5c403067fed389705afe13e3dc1e8139af0c6163635c8bd2,92e2317ab33808587c45d85260f8470a02dafb044af8ae83dbdfff20668a40b0,b440bf753fd432fac58e6f2cce728282f5b9b18c10dacea70880cc2079eb4ec2
source-identity-entry-discovery-20260810T054907+0800-2fabb3def319,ZI-00eda622e78ef39a01015ba9,DS-000059,BTC,未登记,不可定位,0,无法判定,无法判定,未知,未知,未知,未知,未知,未知,未知,未知,未知,未知,未登记,未登记,未知,6ab67b288358b14fec04f0192375baa6f051a76cf8cbe96f4f6da90007923591,未知,未知,未复验,IDENTITY_DECLARATION_MISSING,来源提供者;交易场所;市场类型;标的身份;精确合约;数据对象;Schema确切版本;授权边界;字段中文映射;成员编号;资产编号;输入成员SHA-256;声明版本;声明内容SHA-256;Schema指纹;授权快照SHA-256;撤销事实;证据定位,只读取固定声明入口和information_schema注释摘要；不读取业务正文、价格、成交、订单簿、账户或凭据,该成员绑定当前版本九字段、唯一定位、成员/Schema/授权指纹和未撤销事实后追加不可变批次,58cce83072ee34edffde9ffae7b57104f60b49a8c9b051742f17d062b74c86a6,6d8c063c04eb02cc5c403067fed389705afe13e3dc1e8139af0c6163635c8bd2,92e2317ab33808587c45d85260f8470a02dafb044af8ae83dbdfff20668a40b0,3a1ae638e0321af76ea6366a5f8310bf812c2ce8f1372e7bf3259fa1f26b017d
source-identity-entry-discovery-20260810T054907+0800-2fabb3def319,ZI-53b60db8e4a05b06d7a4c2fc,DS-000060,BTC,未登记,不可定位,0,无法判定,无法判定,未知,未知,未知,未知,未知,未知,未知,未知,未知,未知,未登记,未登记,未知,adf7fdba5eb0d647d00287e9447a608eb8c49dc7152886e47ac7594111d44ddd,未知,未知,未复验,IDENTITY_DECLARATION_MISSING,来源提供者;交易场所;市场类型;标的身份;精确合约;数据对象;Schema确切版本;授权边界;字段中文映射;成员编号;资产编号;输入成员SHA-256;声明版本;声明内容SHA-256;Schema指纹;授权快照SHA-256;撤销事实;证据定位,只读取固定声明入口和information_schema注释摘要；不读取业务正文、价格、成交、订单簿、账户或凭据,该成员绑定当前版本九字段、唯一定位、成员/Schema/授权指纹和未撤销事实后追加不可变批次,58cce83072ee34edffde9ffae7b57104f60b49a8c9b051742f17d062b74c86a6,6d8c063c04eb02cc5c403067fed389705afe13e3dc1e8139af0c6163635c8bd2,92e2317ab33808587c45d85260f8470a02dafb044af8ae83dbdfff20668a40b0,8dc179c9572ff6008f093dbdd2cfb7a74942c6c5ab988d5a7f61bbe145387eb7
source-identity-entry-discovery-20260810T054907+0800-2fabb3def319,ZI-3bf1600f7a490d1c0e92c629,DS-000061,BTC,未登记,不可定位,0,无法判定,无法判定,未知,未知,未知,未知,未知,未知,未知,未知,未知,未知,未登记,未登记,未知,3a5d875afbc06a8c4e2c1bfabdef47e60bab08f23564741f433dc66b18ada1f9,未知,未知,未复验,IDENTITY_DECLARATION_MISSING,来源提供者;交易场所;市场类型;标的身份;精确合约;数据对象;Schema确切版本;授权边界;字段中文映射;成员编号;资产编号;输入成员SHA-256;声明版本;声明内容SHA-256;Schema指纹;授权快照SHA-256;撤销事实;证据定位,只读取固定声明入口和information_schema注释摘要；不读取业务正文、价格、成交、订单簿、账户或凭据,该成员绑定当前版本九字段、唯一定位、成员/Schema/授权指纹和未撤销事实后追加不可变批次,58cce83072ee34edffde9ffae7b57104f60b49a8c9b051742f17d062b74c86a6,6d8c063c04eb02cc5c403067fed389705afe13e3dc1e8139af0c6163635c8bd2,92e2317ab33808587c45d85260f8470a02dafb044af8ae83dbdfff20668a40b0,c05968fd6f11932297e2ab9aed6a19f31b7e7d8be99ed4787643352fd11c858e
source-identity-entry-discovery-20260810T054907+0800-2fabb3def319,ZI-5997c1cab5104ea92a74dd2e,DS-000062,BTC,未登记,不可定位,0,无法判定,无法判定,未知,未知,未知,未知,未知,未知,未知,未知,未知,未知,未登记,未登记,未知,5710a895d201ba1fbc94beb00d9e2422377065f1fd515e16b50be19199c8a5ec,未知,未知,未复验,IDENTITY_DECLARATION_MISSING,来源提供者;交易场所;市场类型;标的身份;精确合约;数据对象;Schema确切版本;授权边界;字段中文映射;成员编号;资产编号;输入成员SHA-256;声明版本;声明内容SHA-256;Schema指纹;授权快照SHA-256;撤销事实;证据定位,只读取固定声明入口和information_schema注释摘要；不读取业务正文、价格、成交、订单簿、账户或凭据,该成员绑定当前版本九字段、唯一定位、成员/Schema/授权指纹和未撤销事实后追加不可变批次,58cce83072ee34edffde9ffae7b57104f60b49a8c9b051742f17d062b74c86a6,6d8c063c04eb02cc5c403067fed389705afe13e3dc1e8139af0c6163635c8bd2,92e2317ab33808587c45d85260f8470a02dafb044af8ae83dbdfff20668a40b0,175aa0d9acf3e3e3db3d093aeff6bc758ffeadcb29a7e86b19b50ea7b0389ea0
source-identity-entry-discovery-20260810T054907+0800-2fabb3def319,ZI-04475b7c457ff1d625fa1904,DS-000063,BTC,未登记,不可定位,0,无法判定,无法判定,未知,未知,未知,未知,未知,未知,未知,未知,未知,未知,未登记,未登记,未知,26a4dec78e9ebed059e05fe413141f5a5cc7f1dfcb2dd638b319e4006f4ae6b7,未知,未知,未复验,IDENTITY_DECLARATION_MISSING,来源提供者;交易场所;市场类型;标的身份;精确合约;数据对象;Schema确切版本;授权边界;字段中文映射;成员编号;资产编号;输入成员SHA-256;声明版本;声明内容SHA-256;Schema指纹;授权快照SHA-256;撤销事实;证据定位,只读取固定声明入口和information_schema注释摘要；不读取业务正文、价格、成交、订单簿、账户或凭据,该成员绑定当前版本九字段、唯一定位、成员/Schema/授权指纹和未撤销事实后追加不可变批次,58cce83072ee34edffde9ffae7b57104f60b49a8c9b051742f17d062b74c86a6,6d8c063c04eb02cc5c403067fed389705afe13e3dc1e8139af0c6163635c8bd2,92e2317ab33808587c45d85260f8470a02dafb044af8ae83dbdfff20668a40b0,339b5ac808a890024baaf9a55899db192172ee0a370c7d0d54efd2bb814a666e
source-identity-entry-discovery-20260810T054907+0800-2fabb3def319,ZI-13ef7d5e793b0e8f61f9f6b4,DS-000064,BTC,未登记,不可定位,0,无法判定,无法判定,未知,未知,未知,未知,未知,未知,未知,未知,未知,未知,未登记,未登记,未知,f1f6b00f8921b2167b1f004ba0cb0abd4ef1f7fa7f4123aa449bed5a319e5b47,未知,未知,未复验,IDENTITY_DECLARATION_MISSING,来源提供者;交易场所;市场类型;标的身份;精确合约;数据对象;Schema确切版本;授权边界;字段中文映射;成员编号;资产编号;输入成员SHA-256;声明版本;声明内容SHA-256;Schema指纹;授权快照SHA-256;撤销事实;证据定位,只读取固定声明入口和information_schema注释摘要；不读取业务正文、价格、成交、订单簿、账户或凭据,该成员绑定当前版本九字段、唯一定位、成员/Schema/授权指纹和未撤销事实后追加不可变批次,58cce83072ee34edffde9ffae7b57104f60b49a8c9b051742f17d062b74c86a6,6d8c063c04eb02cc5c403067fed389705afe13e3dc1e8139af0c6163635c8bd2,92e2317ab33808587c45d85260f8470a02dafb044af8ae83dbdfff20668a40b0,b7c9708f6ec308616790ade066ca6ed40e7c5a59fb67b6f68d0d3351f9bb595b
source-identity-entry-discovery-20260810T054907+0800-2fabb3def319,ZI-0c25fa7b259d916e8b019c93,DS-000065,BTC,未登记,不可定位,0,无法判定,无法判定,未知,未知,未知,未知,未知,未知,未知,未知,未知,未知,未登记,未登记,未知,eab3d84b522308f2ae60c693e4d4eaa4a5821cd91eba8b0d32793da5476732a3,未知,未知,未复验,IDENTITY_DECLARATION_MISSING,来源提供者;交易场所;市场类型;标的身份;精确合约;数据对象;Schema确切版本;授权边界;字段中文映射;成员编号;资产编号;输入成员SHA-256;声明版本;声明内容SHA-256;Schema指纹;授权快照SHA-256;撤销事实;证据定位,只读取固定声明入口和information_schema注释摘要；不读取业务正文、价格、成交、订单簿、账户或凭据,该成员绑定当前版本九字段、唯一定位、成员/Schema/授权指纹和未撤销事实后追加不可变批次,58cce83072ee34edffde9ffae7b57104f60b49a8c9b051742f17d062b74c86a6,6d8c063c04eb02cc5c403067fed389705afe13e3dc1e8139af0c6163635c8bd2,92e2317ab33808587c45d85260f8470a02dafb044af8ae83dbdfff20668a40b0,937b1f176f91bf9eb4504d83e2dd1e3c718327f691d2ee329864ba1a8f1140b4
source-identity-entry-discovery-20260810T054907+0800-2fabb3def319,ZI-b71f8ba08a9ed0ebaf0eb354,DS-000066,BTC,未登记,不可定位,0,无法判定,无法判定,未知,未知,未知,未知,未知,未知,未知,未知,未知,未知,未登记,未登记,未知,b4c1118b099f8af0e0124bcd8ab32c7080e4c77c9db562d06a2ddfb0aaef470f,未知,未知,未复验,IDENTITY_DECLARATION_MISSING,来源提供者;交易场所;市场类型;标的身份;精确合约;数据对象;Schema确切版本;授权边界;字段中文映射;成员编号;资产编号;输入成员SHA-256;声明版本;声明内容SHA-256;Schema指纹;授权快照SHA-256;撤销事实;证据定位,只读取固定声明入口和information_schema注释摘要；不读取业务正文、价格、成交、订单簿、账户或凭据,该成员绑定当前版本九字段、唯一定位、成员/Schema/授权指纹和未撤销事实后追加不可变批次,58cce83072ee34edffde9ffae7b57104f60b49a8c9b051742f17d062b74c86a6,6d8c063c04eb02cc5c403067fed389705afe13e3dc1e8139af0c6163635c8bd2,92e2317ab33808587c45d85260f8470a02dafb044af8ae83dbdfff20668a40b0,c47815fc4d47d60f806a60c24d633f539e8eb61606d4af8c5df3c49326edbda2
source-identity-entry-discovery-20260810T054907+0800-2fabb3def319,ZI-a299ddfd734c4ab74af0b3e2,DS-000067,BTC,未登记,不可定位,0,无法判定,无法判定,未知,未知,未知,未知,未知,未知,未知,未知,未知,未知,未登记,未登记,未知,0aacf650e5c210dc3a2f861d8ec121819cbf065be98ebffdaefac4f009fe321b,未知,未知,未复验,IDENTITY_DECLARATION_MISSING,来源提供者;交易场所;市场类型;标的身份;精确合约;数据对象;Schema确切版本;授权边界;字段中文映射;成员编号;资产编号;输入成员SHA-256;声明版本;声明内容SHA-256;Schema指纹;授权快照SHA-256;撤销事实;证据定位,只读取固定声明入口和information_schema注释摘要；不读取业务正文、价格、成交、订单簿、账户或凭据,该成员绑定当前版本九字段、唯一定位、成员/Schema/授权指纹和未撤销事实后追加不可变批次,58cce83072ee34edffde9ffae7b57104f60b49a8c9b051742f17d062b74c86a6,6d8c063c04eb02cc5c403067fed389705afe13e3dc1e8139af0c6163635c8bd2,92e2317ab33808587c45d85260f8470a02dafb044af8ae83dbdfff20668a40b0,95775bce4960966b542582c401425475b778e82228234e69621273f01402b4b5
source-identity-entry-discovery-20260810T054907+0800-2fabb3def319,ZI-542e5737b0c583e4ba78c4d8,DS-000068,BTC,未登记,不可定位,0,无法判定,无法判定,未知,未知,未知,未知,未知,未知,未知,未知,未知,未知,未登记,未登记,未知,db30c154a1919ffb0c2c0e6029d2f69014247f83417003c9f872c26cf0a21977,未知,未知,未复验,IDENTITY_DECLARATION_MISSING,来源提供者;交易场所;市场类型;标的身份;精确合约;数据对象;Schema确切版本;授权边界;字段中文映射;成员编号;资产编号;输入成员SHA-256;声明版本;声明内容SHA-256;Schema指纹;授权快照SHA-256;撤销事实;证据定位,只读取固定声明入口和information_schema注释摘要；不读取业务正文、价格、成交、订单簿、账户或凭据,该成员绑定当前版本九字段、唯一定位、成员/Schema/授权指纹和未撤销事实后追加不可变批次,58cce83072ee34edffde9ffae7b57104f60b49a8c9b051742f17d062b74c86a6,6d8c063c04eb02cc5c403067fed389705afe13e3dc1e8139af0c6163635c8bd2,92e2317ab33808587c45d85260f8470a02dafb044af8ae83dbdfff20668a40b0,8a9be56eff7b2adb4b2ed84203a50be7825fd046acde1d36e81f084c9910cfe4
source-identity-entry-discovery-20260810T054907+0800-2fabb3def319,ZI-48f77e4e45c16d6e82eafb9d,DS-000069,BTC,未登记,不可定位,0,无法判定,无法判定,未知,未知,未知,未知,未知,未知,未知,未知,未知,未知,未登记,未登记,未知,94ab5dc58dcd90b5be0cd9c24412f3966fe4b99eb33d8a5f3620a6854ac8143e,未知,未知,未复验,IDENTITY_DECLARATION_MISSING,来源提供者;交易场所;市场类型;标的身份;精确合约;数据对象;Schema确切版本;授权边界;字段中文映射;成员编号;资产编号;输入成员SHA-256;声明版本;声明内容SHA-256;Schema指纹;授权快照SHA-256;撤销事实;证据定位,只读取固定声明入口和information_schema注释摘要；不读取业务正文、价格、成交、订单簿、账户或凭据,该成员绑定当前版本九字段、唯一定位、成员/Schema/授权指纹和未撤销事实后追加不可变批次,58cce83072ee34edffde9ffae7b57104f60b49a8c9b051742f17d062b74c86a6,6d8c063c04eb02cc5c403067fed389705afe13e3dc1e8139af0c6163635c8bd2,92e2317ab33808587c45d85260f8470a02dafb044af8ae83dbdfff20668a40b0,8ad007c30d48331506b194ce43fb42faeb70e01db05c08d4e90a89a0fc573fca
source-identity-entry-discovery-20260810T054907+0800-2fabb3def319,ZI-3c25a7ab173319e547e57556,DS-000070,BTC,未登记,不可定位,0,无法判定,无法判定,未知,未知,未知,未知,未知,未知,未知,未知,未知,未知,未登记,未登记,未知,b04d9cf5f0550dd3b100f17db6b09f4e9755f27bc2dfb80444837b7bdeece9f7,未知,未知,未复验,IDENTITY_DECLARATION_MISSING,来源提供者;交易场所;市场类型;标的身份;精确合约;数据对象;Schema确切版本;授权边界;字段中文映射;成员编号;资产编号;输入成员SHA-256;声明版本;声明内容SHA-256;Schema指纹;授权快照SHA-256;撤销事实;证据定位,只读取固定声明入口和information_schema注释摘要；不读取业务正文、价格、成交、订单簿、账户或凭据,该成员绑定当前版本九字段、唯一定位、成员/Schema/授权指纹和未撤销事实后追加不可变批次,58cce83072ee34edffde9ffae7b57104f60b49a8c9b051742f17d062b74c86a6,6d8c063c04eb02cc5c403067fed389705afe13e3dc1e8139af0c6163635c8bd2,92e2317ab33808587c45d85260f8470a02dafb044af8ae83dbdfff20668a40b0,988fc6e8a7e256fb56f04a457341b6e4a4143168cf8446983ae7d6fdd8f537b2
source-identity-entry-discovery-20260810T054907+0800-2fabb3def319,ZI-c5110b7d8549897e8abdd7e5,DS-000071,BTC,未登记,不可定位,0,无法判定,无法判定,未知,未知,未知,未知,未知,未知,未知,未知,未知,未知,未登记,未登记,未知,0862e2f5ee203957cf6bdf9e0cccea6c1bd224b6343746e2c26cb9d1aefecc2a,未知,未知,未复验,IDENTITY_DECLARATION_MISSING,来源提供者;交易场所;市场类型;标的身份;精确合约;数据对象;Schema确切版本;授权边界;字段中文映射;成员编号;资产编号;输入成员SHA-256;声明版本;声明内容SHA-256;Schema指纹;授权快照SHA-256;撤销事实;证据定位,只读取固定声明入口和information_schema注释摘要；不读取业务正文、价格、成交、订单簿、账户或凭据,该成员绑定当前版本九字段、唯一定位、成员/Schema/授权指纹和未撤销事实后追加不可变批次,58cce83072ee34edffde9ffae7b57104f60b49a8c9b051742f17d062b74c86a6,6d8c063c04eb02cc5c403067fed389705afe13e3dc1e8139af0c6163635c8bd2,92e2317ab33808587c45d85260f8470a02dafb044af8ae83dbdfff20668a40b0,3c5c7ddb284c1264b0bc2a406a45ed55bf62e89f50e7f2fc57ae53f5d8bbc8a2
source-identity-entry-discovery-20260810T054907+0800-2fabb3def319,ZI-6f2bfe54fc6b3bc0ee2bd29a,DS-000072,BTC,未登记,不可定位,0,无法判定,无法判定,未知,未知,未知,未知,未知,未知,未知,未知,未知,未知,未登记,未登记,未知,15027222020681861caf23abd321393fbb4237b3f83100c4b4534386b40b95c7,未知,未知,未复验,IDENTITY_DECLARATION_MISSING,来源提供者;交易场所;市场类型;标的身份;精确合约;数据对象;Schema确切版本;授权边界;字段中文映射;成员编号;资产编号;输入成员SHA-256;声明版本;声明内容SHA-256;Schema指纹;授权快照SHA-256;撤销事实;证据定位,只读取固定声明入口和information_schema注释摘要；不读取业务正文、价格、成交、订单簿、账户或凭据,该成员绑定当前版本九字段、唯一定位、成员/Schema/授权指纹和未撤销事实后追加不可变批次,58cce83072ee34edffde9ffae7b57104f60b49a8c9b051742f17d062b74c86a6,6d8c063c04eb02cc5c403067fed389705afe13e3dc1e8139af0c6163635c8bd2,92e2317ab33808587c45d85260f8470a02dafb044af8ae83dbdfff20668a40b0,532bfa9b08773529f73835aee6413b40e12df06bebe1aa4401478d8c513f18f2
source-identity-entry-discovery-20260810T054907+0800-2fabb3def319,ZI-b82975cefd7452a08a009414,DS-000073,BTC,未登记,不可定位,0,无法判定,无法判定,未知,未知,未知,未知,未知,未知,未知,未知,未知,未知,未登记,未登记,未知,2deca25c4bce98ed07321e7eac5d762f307f7f056c5ce4b08ebd7b4b8f4c7364,未知,未知,未复验,IDENTITY_DECLARATION_MISSING,来源提供者;交易场所;市场类型;标的身份;精确合约;数据对象;Schema确切版本;授权边界;字段中文映射;成员编号;资产编号;输入成员SHA-256;声明版本;声明内容SHA-256;Schema指纹;授权快照SHA-256;撤销事实;证据定位,只读取固定声明入口和information_schema注释摘要；不读取业务正文、价格、成交、订单簿、账户或凭据,该成员绑定当前版本九字段、唯一定位、成员/Schema/授权指纹和未撤销事实后追加不可变批次,58cce83072ee34edffde9ffae7b57104f60b49a8c9b051742f17d062b74c86a6,6d8c063c04eb02cc5c403067fed389705afe13e3dc1e8139af0c6163635c8bd2,92e2317ab33808587c45d85260f8470a02dafb044af8ae83dbdfff20668a40b0,b365f61f9bfcaf0487a628e519c2ad5a93eb59af5fa8e2479ce5bf0133ee407e
source-identity-entry-discovery-20260810T054907+0800-2fabb3def319,ZI-58f7d32e980dbb401fc80a90,DS-000074,BTC,未登记,不可定位,0,无法判定,无法判定,未知,未知,未知,未知,未知,未知,未知,未知,未知,未知,未登记,未登记,未知,ac5b354c4a5253401a4abe672fd70623e5d2f3a6022e2de9dfe19e3d64c073bb,未知,未知,未复验,IDENTITY_DECLARATION_MISSING,来源提供者;交易场所;市场类型;标的身份;精确合约;数据对象;Schema确切版本;授权边界;字段中文映射;成员编号;资产编号;输入成员SHA-256;声明版本;声明内容SHA-256;Schema指纹;授权快照SHA-256;撤销事实;证据定位,只读取固定声明入口和information_schema注释摘要；不读取业务正文、价格、成交、订单簿、账户或凭据,该成员绑定当前版本九字段、唯一定位、成员/Schema/授权指纹和未撤销事实后追加不可变批次,58cce83072ee34edffde9ffae7b57104f60b49a8c9b051742f17d062b74c86a6,6d8c063c04eb02cc5c403067fed389705afe13e3dc1e8139af0c6163635c8bd2,92e2317ab33808587c45d85260f8470a02dafb044af8ae83dbdfff20668a40b0,c6ce4d6af0a1ef0389fb62b80bb87af27894ff156f4ba0c2eb60ed8a07f2fb43
source-identity-entry-discovery-20260810T054907+0800-2fabb3def319,ZI-702ab124ec1d6104a18682cc,DS-000075,BTC,未登记,不可定位,0,无法判定,无法判定,未知,未知,未知,未知,未知,未知,未知,未知,未知,未知,未登记,未登记,未知,e5adabe624a278724b6ce1f97aeb2e7478b7ef0b117219951e3dd57b9a70dab7,未知,未知,未复验,IDENTITY_DECLARATION_MISSING,来源提供者;交易场所;市场类型;标的身份;精确合约;数据对象;Schema确切版本;授权边界;字段中文映射;成员编号;资产编号;输入成员SHA-256;声明版本;声明内容SHA-256;Schema指纹;授权快照SHA-256;撤销事实;证据定位,只读取固定声明入口和information_schema注释摘要；不读取业务正文、价格、成交、订单簿、账户或凭据,该成员绑定当前版本九字段、唯一定位、成员/Schema/授权指纹和未撤销事实后追加不可变批次,58cce83072ee34edffde9ffae7b57104f60b49a8c9b051742f17d062b74c86a6,6d8c063c04eb02cc5c403067fed389705afe13e3dc1e8139af0c6163635c8bd2,92e2317ab33808587c45d85260f8470a02dafb044af8ae83dbdfff20668a40b0,d9b240c1f7eb7e703caac181ec2f040f86300865676613cc7dd8bcf0cfe1b95b
source-identity-entry-discovery-20260810T054907+0800-2fabb3def319,ZI-eb4f39de309ba813696327df,DS-000076,BTC,未登记,不可定位,0,无法判定,无法判定,未知,未知,未知,未知,未知,未知,未知,未知,未知,未知,未登记,未登记,未知,e8f121115255b3f336495618342f8a1f0e4377727cdcd8fbf7e7f6007899d3c1,未知,未知,未复验,IDENTITY_DECLARATION_MISSING,来源提供者;交易场所;市场类型;标的身份;精确合约;数据对象;Schema确切版本;授权边界;字段中文映射;成员编号;资产编号;输入成员SHA-256;声明版本;声明内容SHA-256;Schema指纹;授权快照SHA-256;撤销事实;证据定位,只读取固定声明入口和information_schema注释摘要；不读取业务正文、价格、成交、订单簿、账户或凭据,该成员绑定当前版本九字段、唯一定位、成员/Schema/授权指纹和未撤销事实后追加不可变批次,58cce83072ee34edffde9ffae7b57104f60b49a8c9b051742f17d062b74c86a6,6d8c063c04eb02cc5c403067fed389705afe13e3dc1e8139af0c6163635c8bd2,92e2317ab33808587c45d85260f8470a02dafb044af8ae83dbdfff20668a40b0,a9966deffe492d0e2846daf33805d74b99512991b3adab7e648094dc78e403a9
source-identity-entry-discovery-20260810T054907+0800-2fabb3def319,ZI-a2a17d00e18d8270c3da40b2,DS-000077,BTC,未登记,不可定位,0,无法判定,无法判定,未知,未知,未知,未知,未知,未知,未知,未知,未知,未知,未登记,未登记,未知,b93cbc4a97f28e776414cc96ef1c9b6d33baf46dedf6542fc40b5f24ebb90aab,未知,未知,未复验,IDENTITY_DECLARATION_MISSING,来源提供者;交易场所;市场类型;标的身份;精确合约;数据对象;Schema确切版本;授权边界;字段中文映射;成员编号;资产编号;输入成员SHA-256;声明版本;声明内容SHA-256;Schema指纹;授权快照SHA-256;撤销事实;证据定位,只读取固定声明入口和information_schema注释摘要；不读取业务正文、价格、成交、订单簿、账户或凭据,该成员绑定当前版本九字段、唯一定位、成员/Schema/授权指纹和未撤销事实后追加不可变批次,58cce83072ee34edffde9ffae7b57104f60b49a8c9b051742f17d062b74c86a6,6d8c063c04eb02cc5c403067fed389705afe13e3dc1e8139af0c6163635c8bd2,92e2317ab33808587c45d85260f8470a02dafb044af8ae83dbdfff20668a40b0,77a192e0df5049e23dda2b9d5a575571e01820d912235bec5fb2c91f65c8f15d
source-identity-entry-discovery-20260810T054907+0800-2fabb3def319,ZI-348f6f63e47eaafea3ee9552,DS-000078,BTC,未登记,不可定位,0,无法判定,无法判定,未知,未知,未知,未知,未知,未知,未知,未知,未知,未知,未登记,未登记,未知,9ff25aec656063d50358c451f21569aac06eaec60abb7eb1209d023004fcd058,未知,未知,未复验,IDENTITY_DECLARATION_MISSING,来源提供者;交易场所;市场类型;标的身份;精确合约;数据对象;Schema确切版本;授权边界;字段中文映射;成员编号;资产编号;输入成员SHA-256;声明版本;声明内容SHA-256;Schema指纹;授权快照SHA-256;撤销事实;证据定位,只读取固定声明入口和information_schema注释摘要；不读取业务正文、价格、成交、订单簿、账户或凭据,该成员绑定当前版本九字段、唯一定位、成员/Schema/授权指纹和未撤销事实后追加不可变批次,58cce83072ee34edffde9ffae7b57104f60b49a8c9b051742f17d062b74c86a6,6d8c063c04eb02cc5c403067fed389705afe13e3dc1e8139af0c6163635c8bd2,92e2317ab33808587c45d85260f8470a02dafb044af8ae83dbdfff20668a40b0,656f7f63d56d175b35fe718d566ce8c60d3e54450c332f1077fb5a69c75f7268
source-identity-entry-discovery-20260810T054907+0800-2fabb3def319,ZI-502eb39d03727e04069cd747,DS-000079,BTC,未登记,不可定位,0,无法判定,无法判定,未知,未知,未知,未知,未知,未知,未知,未知,未知,未知,未登记,未登记,未知,2b9634a627f69599a77aa29fa4a7056feb846f6a024ecdb8f55a1c04aa95fea2,未知,未知,未复验,IDENTITY_DECLARATION_MISSING,来源提供者;交易场所;市场类型;标的身份;精确合约;数据对象;Schema确切版本;授权边界;字段中文映射;成员编号;资产编号;输入成员SHA-256;声明版本;声明内容SHA-256;Schema指纹;授权快照SHA-256;撤销事实;证据定位,只读取固定声明入口和information_schema注释摘要；不读取业务正文、价格、成交、订单簿、账户或凭据,该成员绑定当前版本九字段、唯一定位、成员/Schema/授权指纹和未撤销事实后追加不可变批次,58cce83072ee34edffde9ffae7b57104f60b49a8c9b051742f17d062b74c86a6,6d8c063c04eb02cc5c403067fed389705afe13e3dc1e8139af0c6163635c8bd2,92e2317ab33808587c45d85260f8470a02dafb044af8ae83dbdfff20668a40b0,90a6cf7f8e3df062c21dcc57780f041886f8bec0639ea98870924fadb5956609
source-identity-entry-discovery-20260810T054907+0800-2fabb3def319,ZI-b8df3b3e536accc3b80b8066,DS-000080,BTC,未登记,不可定位,0,无法判定,无法判定,未知,未知,未知,未知,未知,未知,未知,未知,未知,未知,未登记,未登记,未知,3af20a52811a89980b8cf09252253e548c5f6c7fe76c96012651febe29bb1e22,未知,未知,未复验,IDENTITY_DECLARATION_MISSING,来源提供者;交易场所;市场类型;标的身份;精确合约;数据对象;Schema确切版本;授权边界;字段中文映射;成员编号;资产编号;输入成员SHA-256;声明版本;声明内容SHA-256;Schema指纹;授权快照SHA-256;撤销事实;证据定位,只读取固定声明入口和information_schema注释摘要；不读取业务正文、价格、成交、订单簿、账户或凭据,该成员绑定当前版本九字段、唯一定位、成员/Schema/授权指纹和未撤销事实后追加不可变批次,58cce83072ee34edffde9ffae7b57104f60b49a8c9b051742f17d062b74c86a6,6d8c063c04eb02cc5c403067fed389705afe13e3dc1e8139af0c6163635c8bd2,92e2317ab33808587c45d85260f8470a02dafb044af8ae83dbdfff20668a40b0,39d9359ba6cdd0ad1bb781a574b6d44e9dd88b413dba9141de2abeb6c149fe42
source-identity-entry-discovery-20260810T054907+0800-2fabb3def319,ZI-988e7988699ea375ef999f36,DS-000081,BTC,未登记,不可定位,0,无法判定,无法判定,未知,未知,未知,未知,未知,未知,未知,未知,未知,未知,未登记,未登记,未知,b20c3eb4b0ee8495a9cdc66b7a345404f395cee265413ff67af9890cc47ff5f5,未知,未知,未复验,IDENTITY_DECLARATION_MISSING,来源提供者;交易场所;市场类型;标的身份;精确合约;数据对象;Schema确切版本;授权边界;字段中文映射;成员编号;资产编号;输入成员SHA-256;声明版本;声明内容SHA-256;Schema指纹;授权快照SHA-256;撤销事实;证据定位,只读取固定声明入口和information_schema注释摘要；不读取业务正文、价格、成交、订单簿、账户或凭据,该成员绑定当前版本九字段、唯一定位、成员/Schema/授权指纹和未撤销事实后追加不可变批次,58cce83072ee34edffde9ffae7b57104f60b49a8c9b051742f17d062b74c86a6,6d8c063c04eb02cc5c403067fed389705afe13e3dc1e8139af0c6163635c8bd2,92e2317ab33808587c45d85260f8470a02dafb044af8ae83dbdfff20668a40b0,9f6e1e86587872156ff5cabf85b4d3eb5eaefe62ab6b572a4967e439b88ae082
source-identity-entry-discovery-20260810T054907+0800-2fabb3def319,ZI-e157f9d0fcdfc3a8e2bc8c70,DS-000082,BTC,未登记,不可定位,0,无法判定,无法判定,未知,未知,未知,未知,未知,未知,未知,未知,未知,未知,未登记,未登记,未知,a3c34f7777e1788e6f6a999275acf640777e31dfb5589bc25492af521c3e994a,未知,未知,未复验,IDENTITY_DECLARATION_MISSING,来源提供者;交易场所;市场类型;标的身份;精确合约;数据对象;Schema确切版本;授权边界;字段中文映射;成员编号;资产编号;输入成员SHA-256;声明版本;声明内容SHA-256;Schema指纹;授权快照SHA-256;撤销事实;证据定位,只读取固定声明入口和information_schema注释摘要；不读取业务正文、价格、成交、订单簿、账户或凭据,该成员绑定当前版本九字段、唯一定位、成员/Schema/授权指纹和未撤销事实后追加不可变批次,58cce83072ee34edffde9ffae7b57104f60b49a8c9b051742f17d062b74c86a6,6d8c063c04eb02cc5c403067fed389705afe13e3dc1e8139af0c6163635c8bd2,92e2317ab33808587c45d85260f8470a02dafb044af8ae83dbdfff20668a40b0,831fa43670efc69bdb224e44481c6768fb2a9e6b85c408971081480f1eaa17bf
source-identity-entry-discovery-20260810T054907+0800-2fabb3def319,ZI-606826edf27ebb1d7ce3c168,DS-000083,BTC,未登记,不可定位,0,无法判定,无法判定,未知,未知,未知,未知,未知,未知,未知,未知,未知,未知,未登记,未登记,未知,2451e8638c8430d0a501abd81a4c6d6bf80512a1dab2010897c17132c0c7480e,未知,未知,未复验,IDENTITY_DECLARATION_MISSING,来源提供者;交易场所;市场类型;标的身份;精确合约;数据对象;Schema确切版本;授权边界;字段中文映射;成员编号;资产编号;输入成员SHA-256;声明版本;声明内容SHA-256;Schema指纹;授权快照SHA-256;撤销事实;证据定位,只读取固定声明入口和information_schema注释摘要；不读取业务正文、价格、成交、订单簿、账户或凭据,该成员绑定当前版本九字段、唯一定位、成员/Schema/授权指纹和未撤销事实后追加不可变批次,58cce83072ee34edffde9ffae7b57104f60b49a8c9b051742f17d062b74c86a6,6d8c063c04eb02cc5c403067fed389705afe13e3dc1e8139af0c6163635c8bd2,92e2317ab33808587c45d85260f8470a02dafb044af8ae83dbdfff20668a40b0,da5afc39f6881877dc224e7a78f41f4c86a803521455a5fbe7169b4fc8f5e04a
source-identity-entry-discovery-20260810T054907+0800-2fabb3def319,ZI-2cf1c33ec5d03375f4ea30ab,DS-000084,BTC,未登记,不可定位,0,无法判定,无法判定,未知,未知,未知,未知,未知,未知,未知,未知,未知,未知,未登记,未登记,未知,445c3db6bd19d4f5548639c800454f126f0076372a493802613cf5800bcfd8e3,未知,未知,未复验,IDENTITY_DECLARATION_MISSING,来源提供者;交易场所;市场类型;标的身份;精确合约;数据对象;Schema确切版本;授权边界;字段中文映射;成员编号;资产编号;输入成员SHA-256;声明版本;声明内容SHA-256;Schema指纹;授权快照SHA-256;撤销事实;证据定位,只读取固定声明入口和information_schema注释摘要；不读取业务正文、价格、成交、订单簿、账户或凭据,该成员绑定当前版本九字段、唯一定位、成员/Schema/授权指纹和未撤销事实后追加不可变批次,58cce83072ee34edffde9ffae7b57104f60b49a8c9b051742f17d062b74c86a6,6d8c063c04eb02cc5c403067fed389705afe13e3dc1e8139af0c6163635c8bd2,92e2317ab33808587c45d85260f8470a02dafb044af8ae83dbdfff20668a40b0,e72bd2465d5b6abbedfeaf3d396c09e1fe9a467a9e57f94a307d8554b9e4fbff
source-identity-entry-discovery-20260810T054907+0800-2fabb3def319,ZI-6660a9981b4c038dfec654e0,DS-000085,BTC,未登记,不可定位,0,无法判定,无法判定,未知,未知,未知,未知,未知,未知,未知,未知,未知,未知,未登记,未登记,未知,0c7eaabb88f378576b9d9ce30a667c481c9cbc99a6f7eb7d7d491544477e4ffe,未知,未知,未复验,IDENTITY_DECLARATION_MISSING,来源提供者;交易场所;市场类型;标的身份;精确合约;数据对象;Schema确切版本;授权边界;字段中文映射;成员编号;资产编号;输入成员SHA-256;声明版本;声明内容SHA-256;Schema指纹;授权快照SHA-256;撤销事实;证据定位,只读取固定声明入口和information_schema注释摘要；不读取业务正文、价格、成交、订单簿、账户或凭据,该成员绑定当前版本九字段、唯一定位、成员/Schema/授权指纹和未撤销事实后追加不可变批次,58cce83072ee34edffde9ffae7b57104f60b49a8c9b051742f17d062b74c86a6,6d8c063c04eb02cc5c403067fed389705afe13e3dc1e8139af0c6163635c8bd2,92e2317ab33808587c45d85260f8470a02dafb044af8ae83dbdfff20668a40b0,fb7cc0217a025b0c025ae46cdbe488525c769b84ca1939201ac0a2252a1a82ce
source-identity-entry-discovery-20260810T054907+0800-2fabb3def319,ZI-540f8f5763c8c25b47283449,DS-000086,BTC,未登记,不可定位,0,无法判定,无法判定,未知,未知,未知,未知,未知,未知,未知,未知,未知,未知,未登记,未登记,未知,0eb4a4f4f4e4a1068ec372fdf0f11c08153f6b1bc3cd56a5c0c94960d1e62b09,未知,未知,未复验,IDENTITY_DECLARATION_MISSING,来源提供者;交易场所;市场类型;标的身份;精确合约;数据对象;Schema确切版本;授权边界;字段中文映射;成员编号;资产编号;输入成员SHA-256;声明版本;声明内容SHA-256;Schema指纹;授权快照SHA-256;撤销事实;证据定位,只读取固定声明入口和information_schema注释摘要；不读取业务正文、价格、成交、订单簿、账户或凭据,该成员绑定当前版本九字段、唯一定位、成员/Schema/授权指纹和未撤销事实后追加不可变批次,58cce83072ee34edffde9ffae7b57104f60b49a8c9b051742f17d062b74c86a6,6d8c063c04eb02cc5c403067fed389705afe13e3dc1e8139af0c6163635c8bd2,92e2317ab33808587c45d85260f8470a02dafb044af8ae83dbdfff20668a40b0,5a7ea8cd855098d6c46cb3d9c06324e70679d91e4926c6a5bc4f6d3ba3d61be6
source-identity-entry-discovery-20260810T054907+0800-2fabb3def319,ZI-563d8a435062e95a3eb06fe9,DS-000087,BTC,未登记,不可定位,0,无法判定,无法判定,未知,未知,未知,未知,未知,未知,未知,未知,未知,未知,未登记,未登记,未知,cb5a9125a33ceff9a40988e72821717f085ad2c21526cf39088cb344195f21c1,未知,未知,未复验,IDENTITY_DECLARATION_MISSING,来源提供者;交易场所;市场类型;标的身份;精确合约;数据对象;Schema确切版本;授权边界;字段中文映射;成员编号;资产编号;输入成员SHA-256;声明版本;声明内容SHA-256;Schema指纹;授权快照SHA-256;撤销事实;证据定位,只读取固定声明入口和information_schema注释摘要；不读取业务正文、价格、成交、订单簿、账户或凭据,该成员绑定当前版本九字段、唯一定位、成员/Schema/授权指纹和未撤销事实后追加不可变批次,58cce83072ee34edffde9ffae7b57104f60b49a8c9b051742f17d062b74c86a6,6d8c063c04eb02cc5c403067fed389705afe13e3dc1e8139af0c6163635c8bd2,92e2317ab33808587c45d85260f8470a02dafb044af8ae83dbdfff20668a40b0,2b8e876089be1f026a10941dac4e1ab6734bab85e5547bd8352a3e02e66a51fd
source-identity-entry-discovery-20260810T054907+0800-2fabb3def319,ZI-1644f2c09acf5ac64c1c5a84,DS-000088,BTC,未登记,不可定位,0,无法判定,无法判定,未知,未知,未知,未知,未知,未知,未知,未知,未知,未知,未登记,未登记,未知,bdf4657f0758c3c4568e041dea286a8841995e2061be6660ddc80d52cb73fd57,未知,未知,未复验,IDENTITY_DECLARATION_MISSING,来源提供者;交易场所;市场类型;标的身份;精确合约;数据对象;Schema确切版本;授权边界;字段中文映射;成员编号;资产编号;输入成员SHA-256;声明版本;声明内容SHA-256;Schema指纹;授权快照SHA-256;撤销事实;证据定位,只读取固定声明入口和information_schema注释摘要；不读取业务正文、价格、成交、订单簿、账户或凭据,该成员绑定当前版本九字段、唯一定位、成员/Schema/授权指纹和未撤销事实后追加不可变批次,58cce83072ee34edffde9ffae7b57104f60b49a8c9b051742f17d062b74c86a6,6d8c063c04eb02cc5c403067fed389705afe13e3dc1e8139af0c6163635c8bd2,92e2317ab33808587c45d85260f8470a02dafb044af8ae83dbdfff20668a40b0,9f27e106c68482326334e733a945983df4c42beda3987784985e58287f678166
source-identity-entry-discovery-20260810T054907+0800-2fabb3def319,ZI-a06218992d1a90d5362b2b06,DS-000089,BTC,未登记,不可定位,0,无法判定,无法判定,未知,未知,未知,未知,未知,未知,未知,未知,未知,未知,未登记,未登记,未知,c17e9de0d77f02429c2bf544f7e87a0be9fbf10f1ca0309af848cab64647df44,未知,未知,未复验,IDENTITY_DECLARATION_MISSING,来源提供者;交易场所;市场类型;标的身份;精确合约;数据对象;Schema确切版本;授权边界;字段中文映射;成员编号;资产编号;输入成员SHA-256;声明版本;声明内容SHA-256;Schema指纹;授权快照SHA-256;撤销事实;证据定位,只读取固定声明入口和information_schema注释摘要；不读取业务正文、价格、成交、订单簿、账户或凭据,该成员绑定当前版本九字段、唯一定位、成员/Schema/授权指纹和未撤销事实后追加不可变批次,58cce83072ee34edffde9ffae7b57104f60b49a8c9b051742f17d062b74c86a6,6d8c063c04eb02cc5c403067fed389705afe13e3dc1e8139af0c6163635c8bd2,92e2317ab33808587c45d85260f8470a02dafb044af8ae83dbdfff20668a40b0,2b374563051fc1629f9e2726df6c59862f48dbe9eb743ade4fd5a483f2efa747
source-identity-entry-discovery-20260810T054907+0800-2fabb3def319,ZI-9db5ea58aed603182d0b7ac5,DS-000090,BTC,未登记,不可定位,0,无法判定,无法判定,未知,未知,未知,未知,未知,未知,未知,未知,未知,未知,未登记,未登记,未知,7455cb004fd8f92bf11aba3294a88df82c2f66ca25872225ffb0d58a6c649e95,未知,未知,未复验,IDENTITY_DECLARATION_MISSING,来源提供者;交易场所;市场类型;标的身份;精确合约;数据对象;Schema确切版本;授权边界;字段中文映射;成员编号;资产编号;输入成员SHA-256;声明版本;声明内容SHA-256;Schema指纹;授权快照SHA-256;撤销事实;证据定位,只读取固定声明入口和information_schema注释摘要；不读取业务正文、价格、成交、订单簿、账户或凭据,该成员绑定当前版本九字段、唯一定位、成员/Schema/授权指纹和未撤销事实后追加不可变批次,58cce83072ee34edffde9ffae7b57104f60b49a8c9b051742f17d062b74c86a6,6d8c063c04eb02cc5c403067fed389705afe13e3dc1e8139af0c6163635c8bd2,92e2317ab33808587c45d85260f8470a02dafb044af8ae83dbdfff20668a40b0,60f33d83b87012511d2013b378f8d26a38e82844c87f2c7ab8b6454adf52d50a
source-identity-entry-discovery-20260810T054907+0800-2fabb3def319,ZI-c1325d8ffbc6677ee8c86497,DS-000091,BTC,未登记,不可定位,0,无法判定,无法判定,未知,未知,未知,未知,未知,未知,未知,未知,未知,未知,未登记,未登记,未知,0c82b4ff49875c233adadf63c84b19abc1ddf2bd99291782e3aaaea7ddb51ca4,未知,未知,未复验,IDENTITY_DECLARATION_MISSING,来源提供者;交易场所;市场类型;标的身份;精确合约;数据对象;Schema确切版本;授权边界;字段中文映射;成员编号;资产编号;输入成员SHA-256;声明版本;声明内容SHA-256;Schema指纹;授权快照SHA-256;撤销事实;证据定位,只读取固定声明入口和information_schema注释摘要；不读取业务正文、价格、成交、订单簿、账户或凭据,该成员绑定当前版本九字段、唯一定位、成员/Schema/授权指纹和未撤销事实后追加不可变批次,58cce83072ee34edffde9ffae7b57104f60b49a8c9b051742f17d062b74c86a6,6d8c063c04eb02cc5c403067fed389705afe13e3dc1e8139af0c6163635c8bd2,92e2317ab33808587c45d85260f8470a02dafb044af8ae83dbdfff20668a40b0,e39a33da5117fb980a3585c704d62a578d26e40ffd844c74618372668d0eee22
source-identity-entry-discovery-20260810T054907+0800-2fabb3def319,ZI-809e979581c6c01829dbc939,DS-000092,BTC,未登记,不可定位,0,无法判定,无法判定,未知,未知,未知,未知,未知,未知,未知,未知,未知,未知,未登记,未登记,未知,310f779c52d0802aa60fb5bcd2f1f07defbd477d6b7f609c42dd252100540981,未知,未知,未复验,IDENTITY_DECLARATION_MISSING,来源提供者;交易场所;市场类型;标的身份;精确合约;数据对象;Schema确切版本;授权边界;字段中文映射;成员编号;资产编号;输入成员SHA-256;声明版本;声明内容SHA-256;Schema指纹;授权快照SHA-256;撤销事实;证据定位,只读取固定声明入口和information_schema注释摘要；不读取业务正文、价格、成交、订单簿、账户或凭据,该成员绑定当前版本九字段、唯一定位、成员/Schema/授权指纹和未撤销事实后追加不可变批次,58cce83072ee34edffde9ffae7b57104f60b49a8c9b051742f17d062b74c86a6,6d8c063c04eb02cc5c403067fed389705afe13e3dc1e8139af0c6163635c8bd2,92e2317ab33808587c45d85260f8470a02dafb044af8ae83dbdfff20668a40b0,8c4b2bc7b4cb2c3ae0498c7c79822d5eb6d447a2f2e5bb8df54408277dcc6e9c
source-identity-entry-discovery-20260810T054907+0800-2fabb3def319,ZI-8a55ecf7d5c701f9bfe01347,DS-000093,BTC,未登记,不可定位,0,无法判定,无法判定,未知,未知,未知,未知,未知,未知,未知,未知,未知,未知,未登记,未登记,未知,a283d773fa26d2d545695ee035f7474a83e0e8dd4bd32d0f6c12c203d554e5c0,未知,未知,未复验,IDENTITY_DECLARATION_MISSING,来源提供者;交易场所;市场类型;标的身份;精确合约;数据对象;Schema确切版本;授权边界;字段中文映射;成员编号;资产编号;输入成员SHA-256;声明版本;声明内容SHA-256;Schema指纹;授权快照SHA-256;撤销事实;证据定位,只读取固定声明入口和information_schema注释摘要；不读取业务正文、价格、成交、订单簿、账户或凭据,该成员绑定当前版本九字段、唯一定位、成员/Schema/授权指纹和未撤销事实后追加不可变批次,58cce83072ee34edffde9ffae7b57104f60b49a8c9b051742f17d062b74c86a6,6d8c063c04eb02cc5c403067fed389705afe13e3dc1e8139af0c6163635c8bd2,92e2317ab33808587c45d85260f8470a02dafb044af8ae83dbdfff20668a40b0,9f019e9692b4f55d67e42ab54bb0a444fbb4dce3e7e0a6ae0b1bb48ff4855dc1
source-identity-entry-discovery-20260810T054907+0800-2fabb3def319,ZI-c4e34cac634b85bce06fba88,DS-000094,BTC,未登记,不可定位,0,无法判定,无法判定,未知,未知,未知,未知,未知,未知,未知,未知,未知,未知,未登记,未登记,未知,5723e42924486a24e269f2e46f3642ec86fbf87cd739ce95b2730238c768c4a8,未知,未知,未复验,IDENTITY_DECLARATION_MISSING,来源提供者;交易场所;市场类型;标的身份;精确合约;数据对象;Schema确切版本;授权边界;字段中文映射;成员编号;资产编号;输入成员SHA-256;声明版本;声明内容SHA-256;Schema指纹;授权快照SHA-256;撤销事实;证据定位,只读取固定声明入口和information_schema注释摘要；不读取业务正文、价格、成交、订单簿、账户或凭据,该成员绑定当前版本九字段、唯一定位、成员/Schema/授权指纹和未撤销事实后追加不可变批次,58cce83072ee34edffde9ffae7b57104f60b49a8c9b051742f17d062b74c86a6,6d8c063c04eb02cc5c403067fed389705afe13e3dc1e8139af0c6163635c8bd2,92e2317ab33808587c45d85260f8470a02dafb044af8ae83dbdfff20668a40b0,18b3ca918a0aca3b4a3986b295c93be56f21a9da0ba7a69931def3fc2f6cfde6
source-identity-entry-discovery-20260810T054907+0800-2fabb3def319,ZI-d9e2d56ec838f36a9286bb3a,DS-000095,BTC,未登记,不可定位,0,无法判定,无法判定,未知,未知,未知,未知,未知,未知,未知,未知,未知,未知,未登记,未登记,未知,e5df3b09a4f4f2fbc001e29f4f2ed9625f6b62ea788160f56763679ae5a7fd21,未知,未知,未复验,IDENTITY_DECLARATION_MISSING,来源提供者;交易场所;市场类型;标的身份;精确合约;数据对象;Schema确切版本;授权边界;字段中文映射;成员编号;资产编号;输入成员SHA-256;声明版本;声明内容SHA-256;Schema指纹;授权快照SHA-256;撤销事实;证据定位,只读取固定声明入口和information_schema注释摘要；不读取业务正文、价格、成交、订单簿、账户或凭据,该成员绑定当前版本九字段、唯一定位、成员/Schema/授权指纹和未撤销事实后追加不可变批次,58cce83072ee34edffde9ffae7b57104f60b49a8c9b051742f17d062b74c86a6,6d8c063c04eb02cc5c403067fed389705afe13e3dc1e8139af0c6163635c8bd2,92e2317ab33808587c45d85260f8470a02dafb044af8ae83dbdfff20668a40b0,89c1ca005f6f05512e73579f39529d84ffd4f6d42dce7afd3e6ce505086c8b24
source-identity-entry-discovery-20260810T054907+0800-2fabb3def319,ZI-3bfe74a5e3377c8f48575d33,DS-000096,BTC,未登记,不可定位,0,无法判定,无法判定,未知,未知,未知,未知,未知,未知,未知,未知,未知,未知,未登记,未登记,未知,ba6d3ff4ffef24004405e028478940e5ab58886fe03296e15653487d2a406dee,未知,未知,未复验,IDENTITY_DECLARATION_MISSING,来源提供者;交易场所;市场类型;标的身份;精确合约;数据对象;Schema确切版本;授权边界;字段中文映射;成员编号;资产编号;输入成员SHA-256;声明版本;声明内容SHA-256;Schema指纹;授权快照SHA-256;撤销事实;证据定位,只读取固定声明入口和information_schema注释摘要；不读取业务正文、价格、成交、订单簿、账户或凭据,该成员绑定当前版本九字段、唯一定位、成员/Schema/授权指纹和未撤销事实后追加不可变批次,58cce83072ee34edffde9ffae7b57104f60b49a8c9b051742f17d062b74c86a6,6d8c063c04eb02cc5c403067fed389705afe13e3dc1e8139af0c6163635c8bd2,92e2317ab33808587c45d85260f8470a02dafb044af8ae83dbdfff20668a40b0,796ebbb518b6d0141db3a9afbabd38123d1d18fc49959bd727e831861674acec
source-identity-entry-discovery-20260810T054907+0800-2fabb3def319,ZI-5242fd5a16f73078c0178d46,DS-000097,BTC,未登记,不可定位,0,无法判定,无法判定,未知,未知,未知,未知,未知,未知,未知,未知,未知,未知,未登记,未登记,未知,8228c63ea9d98b795581957c34ac1ce53475f0d389e891c8c45f6a90e39e5f52,未知,未知,未复验,IDENTITY_DECLARATION_MISSING,来源提供者;交易场所;市场类型;标的身份;精确合约;数据对象;Schema确切版本;授权边界;字段中文映射;成员编号;资产编号;输入成员SHA-256;声明版本;声明内容SHA-256;Schema指纹;授权快照SHA-256;撤销事实;证据定位,只读取固定声明入口和information_schema注释摘要；不读取业务正文、价格、成交、订单簿、账户或凭据,该成员绑定当前版本九字段、唯一定位、成员/Schema/授权指纹和未撤销事实后追加不可变批次,58cce83072ee34edffde9ffae7b57104f60b49a8c9b051742f17d062b74c86a6,6d8c063c04eb02cc5c403067fed389705afe13e3dc1e8139af0c6163635c8bd2,92e2317ab33808587c45d85260f8470a02dafb044af8ae83dbdfff20668a40b0,4215fe861566855a48f3046f422dac4cd1260ccbb62b96849e34934c002a5154
source-identity-entry-discovery-20260810T054907+0800-2fabb3def319,ZI-5b71193a5de7dc8af188547b,DS-000098,BTC,未登记,不可定位,0,无法判定,无法判定,未知,未知,未知,未知,未知,未知,未知,未知,未知,未知,未登记,未登记,未知,b36b9fceb03833c0e0d70c168c701624f3141e4ed9eff163a784fd829f7e31d7,未知,未知,未复验,IDENTITY_DECLARATION_MISSING,来源提供者;交易场所;市场类型;标的身份;精确合约;数据对象;Schema确切版本;授权边界;字段中文映射;成员编号;资产编号;输入成员SHA-256;声明版本;声明内容SHA-256;Schema指纹;授权快照SHA-256;撤销事实;证据定位,只读取固定声明入口和information_schema注释摘要；不读取业务正文、价格、成交、订单簿、账户或凭据,该成员绑定当前版本九字段、唯一定位、成员/Schema/授权指纹和未撤销事实后追加不可变批次,58cce83072ee34edffde9ffae7b57104f60b49a8c9b051742f17d062b74c86a6,6d8c063c04eb02cc5c403067fed389705afe13e3dc1e8139af0c6163635c8bd2,92e2317ab33808587c45d85260f8470a02dafb044af8ae83dbdfff20668a40b0,fd013d7bc3dcb6f1677dff0cdcb20b336142ef91715d1155b65a75e86ce46313
source-identity-entry-discovery-20260810T054907+0800-2fabb3def319,ZI-8f9ae27bb3a3a27be851a19e,DS-000099,BTC,未登记,不可定位,0,无法判定,无法判定,未知,未知,未知,未知,未知,未知,未知,未知,未知,未知,未登记,未登记,未知,406902f70179ec4296dab8c11df609ebd2db5dba4451dedd8e129a2be9025ef0,未知,未知,未复验,IDENTITY_DECLARATION_MISSING,来源提供者;交易场所;市场类型;标的身份;精确合约;数据对象;Schema确切版本;授权边界;字段中文映射;成员编号;资产编号;输入成员SHA-256;声明版本;声明内容SHA-256;Schema指纹;授权快照SHA-256;撤销事实;证据定位,只读取固定声明入口和information_schema注释摘要；不读取业务正文、价格、成交、订单簿、账户或凭据,该成员绑定当前版本九字段、唯一定位、成员/Schema/授权指纹和未撤销事实后追加不可变批次,58cce83072ee34edffde9ffae7b57104f60b49a8c9b051742f17d062b74c86a6,6d8c063c04eb02cc5c403067fed389705afe13e3dc1e8139af0c6163635c8bd2,92e2317ab33808587c45d85260f8470a02dafb044af8ae83dbdfff20668a40b0,a13d81b6bdac4a9f139a0ef9e1d98f9ec7683d5654f543e4ddb24cdf9fa23390
source-identity-entry-discovery-20260810T054907+0800-2fabb3def319,ZI-7e5cb2ff02459507aea17fad,DS-000100,BTC,未登记,不可定位,0,无法判定,无法判定,未知,未知,未知,未知,未知,未知,未知,未知,未知,未知,未登记,未登记,未知,fe048a02588b3cc749889b703140b2600f164dd21a8297092b0703089ac5e81e,未知,未知,未复验,IDENTITY_DECLARATION_MISSING,来源提供者;交易场所;市场类型;标的身份;精确合约;数据对象;Schema确切版本;授权边界;字段中文映射;成员编号;资产编号;输入成员SHA-256;声明版本;声明内容SHA-256;Schema指纹;授权快照SHA-256;撤销事实;证据定位,只读取固定声明入口和information_schema注释摘要；不读取业务正文、价格、成交、订单簿、账户或凭据,该成员绑定当前版本九字段、唯一定位、成员/Schema/授权指纹和未撤销事实后追加不可变批次,58cce83072ee34edffde9ffae7b57104f60b49a8c9b051742f17d062b74c86a6,6d8c063c04eb02cc5c403067fed389705afe13e3dc1e8139af0c6163635c8bd2,92e2317ab33808587c45d85260f8470a02dafb044af8ae83dbdfff20668a40b0,c4a69850ce4012beaf923257ff0936feb315fe2231c6b28f38a08b28e6474f7a
source-identity-entry-discovery-20260810T054907+0800-2fabb3def319,ZI-ca9e45ea48cbd23828cbf7c1,DS-000101,BTC,未登记,不可定位,0,无法判定,无法判定,未知,未知,未知,未知,未知,未知,未知,未知,未知,未知,未登记,未登记,未知,ea8e64d81a49f583be20253df94bb10447a84f34924a81ea484985df8de14bc5,未知,未知,未复验,IDENTITY_DECLARATION_MISSING,来源提供者;交易场所;市场类型;标的身份;精确合约;数据对象;Schema确切版本;授权边界;字段中文映射;成员编号;资产编号;输入成员SHA-256;声明版本;声明内容SHA-256;Schema指纹;授权快照SHA-256;撤销事实;证据定位,只读取固定声明入口和information_schema注释摘要；不读取业务正文、价格、成交、订单簿、账户或凭据,该成员绑定当前版本九字段、唯一定位、成员/Schema/授权指纹和未撤销事实后追加不可变批次,58cce83072ee34edffde9ffae7b57104f60b49a8c9b051742f17d062b74c86a6,6d8c063c04eb02cc5c403067fed389705afe13e3dc1e8139af0c6163635c8bd2,92e2317ab33808587c45d85260f8470a02dafb044af8ae83dbdfff20668a40b0,69f6f47d38262a88de9ea4ad7a76c7a270899930bbaf6df9e1ed44bfea76c1d2
source-identity-entry-discovery-20260810T054907+0800-2fabb3def319,ZI-83194da27e2588c646f0c067,DS-000102,BTC,未登记,不可定位,0,无法判定,无法判定,未知,未知,未知,未知,未知,未知,未知,未知,未知,未知,未登记,未登记,未知,abfb99f6151387ef4ff78a22a9fd233763a7a49d18bf50e5df9ba77c6b3c3f00,未知,未知,未复验,IDENTITY_DECLARATION_MISSING,来源提供者;交易场所;市场类型;标的身份;精确合约;数据对象;Schema确切版本;授权边界;字段中文映射;成员编号;资产编号;输入成员SHA-256;声明版本;声明内容SHA-256;Schema指纹;授权快照SHA-256;撤销事实;证据定位,只读取固定声明入口和information_schema注释摘要；不读取业务正文、价格、成交、订单簿、账户或凭据,该成员绑定当前版本九字段、唯一定位、成员/Schema/授权指纹和未撤销事实后追加不可变批次,58cce83072ee34edffde9ffae7b57104f60b49a8c9b051742f17d062b74c86a6,6d8c063c04eb02cc5c403067fed389705afe13e3dc1e8139af0c6163635c8bd2,92e2317ab33808587c45d85260f8470a02dafb044af8ae83dbdfff20668a40b0,2890d47993667603456657d65327dba9856da50594e63c1e0d2abe2a05ed4a84
source-identity-entry-discovery-20260810T054907+0800-2fabb3def319,ZI-79e649e4f49291fd4b439afc,DS-000103,BTC,未登记,不可定位,0,无法判定,无法判定,未知,未知,未知,未知,未知,未知,未知,未知,未知,未知,未登记,未登记,未知,eb07628cb6a921195379d64475122a7143d0631cf42e25bfa01dcd7daaceb638,未知,未知,未复验,IDENTITY_DECLARATION_MISSING,来源提供者;交易场所;市场类型;标的身份;精确合约;数据对象;Schema确切版本;授权边界;字段中文映射;成员编号;资产编号;输入成员SHA-256;声明版本;声明内容SHA-256;Schema指纹;授权快照SHA-256;撤销事实;证据定位,只读取固定声明入口和information_schema注释摘要；不读取业务正文、价格、成交、订单簿、账户或凭据,该成员绑定当前版本九字段、唯一定位、成员/Schema/授权指纹和未撤销事实后追加不可变批次,58cce83072ee34edffde9ffae7b57104f60b49a8c9b051742f17d062b74c86a6,6d8c063c04eb02cc5c403067fed389705afe13e3dc1e8139af0c6163635c8bd2,92e2317ab33808587c45d85260f8470a02dafb044af8ae83dbdfff20668a40b0,432283ddb45f39872304db8835cdad33f0b4958d764b588c1694f5b00ef87b1d
source-identity-entry-discovery-20260810T054907+0800-2fabb3def319,ZI-d4cca3ff9c910b0cb170853b,DS-000104,BTC,未登记,不可定位,0,无法判定,无法判定,未知,未知,未知,未知,未知,未知,未知,未知,未知,未知,未登记,未登记,未知,ef28cdf12ca8827b2378c7e1e803ead3e3cf993ed1c368426155024fdc6c8959,未知,未知,未复验,IDENTITY_DECLARATION_MISSING,来源提供者;交易场所;市场类型;标的身份;精确合约;数据对象;Schema确切版本;授权边界;字段中文映射;成员编号;资产编号;输入成员SHA-256;声明版本;声明内容SHA-256;Schema指纹;授权快照SHA-256;撤销事实;证据定位,只读取固定声明入口和information_schema注释摘要；不读取业务正文、价格、成交、订单簿、账户或凭据,该成员绑定当前版本九字段、唯一定位、成员/Schema/授权指纹和未撤销事实后追加不可变批次,58cce83072ee34edffde9ffae7b57104f60b49a8c9b051742f17d062b74c86a6,6d8c063c04eb02cc5c403067fed389705afe13e3dc1e8139af0c6163635c8bd2,92e2317ab33808587c45d85260f8470a02dafb044af8ae83dbdfff20668a40b0,7fc9b1b942ec4a1da8948cf3e592df6f5e09c345c46434850076a0fac735a3f2
source-identity-entry-discovery-20260810T054907+0800-2fabb3def319,ZI-d4c476126bfea2ff99705d12,DS-000105,BTC,未登记,不可定位,0,无法判定,无法判定,未知,未知,未知,未知,未知,未知,未知,未知,未知,未知,未登记,未登记,未知,6ebf6d7a8a93d298f90f71a5732fabad965efedd59ad24025ceef2bff1413bc0,未知,未知,未复验,IDENTITY_DECLARATION_MISSING,来源提供者;交易场所;市场类型;标的身份;精确合约;数据对象;Schema确切版本;授权边界;字段中文映射;成员编号;资产编号;输入成员SHA-256;声明版本;声明内容SHA-256;Schema指纹;授权快照SHA-256;撤销事实;证据定位,只读取固定声明入口和information_schema注释摘要；不读取业务正文、价格、成交、订单簿、账户或凭据,该成员绑定当前版本九字段、唯一定位、成员/Schema/授权指纹和未撤销事实后追加不可变批次,58cce83072ee34edffde9ffae7b57104f60b49a8c9b051742f17d062b74c86a6,6d8c063c04eb02cc5c403067fed389705afe13e3dc1e8139af0c6163635c8bd2,92e2317ab33808587c45d85260f8470a02dafb044af8ae83dbdfff20668a40b0,b1707b6af0327cf9f86f4905196e993a11dbc2e0f58447ff235a44710da92bac
source-identity-entry-discovery-20260810T054907+0800-2fabb3def319,ZI-9caa14db165dab9ae3f80a1b,DS-000106,BTC,未登记,不可定位,0,无法判定,无法判定,未知,未知,未知,未知,未知,未知,未知,未知,未知,未知,未登记,未登记,未知,7d452e0b77d3aca62618b2d4f776cb3ea7dd8bbc606f9df2cbaf4074a6486b29,未知,未知,未复验,IDENTITY_DECLARATION_MISSING,来源提供者;交易场所;市场类型;标的身份;精确合约;数据对象;Schema确切版本;授权边界;字段中文映射;成员编号;资产编号;输入成员SHA-256;声明版本;声明内容SHA-256;Schema指纹;授权快照SHA-256;撤销事实;证据定位,只读取固定声明入口和information_schema注释摘要；不读取业务正文、价格、成交、订单簿、账户或凭据,该成员绑定当前版本九字段、唯一定位、成员/Schema/授权指纹和未撤销事实后追加不可变批次,58cce83072ee34edffde9ffae7b57104f60b49a8c9b051742f17d062b74c86a6,6d8c063c04eb02cc5c403067fed389705afe13e3dc1e8139af0c6163635c8bd2,92e2317ab33808587c45d85260f8470a02dafb044af8ae83dbdfff20668a40b0,ec6944ae3db4c0d9aa3d4cc5e751c18c75313c4b14ba4ed7ec8bcbf554cde5de
source-identity-entry-discovery-20260810T054907+0800-2fabb3def319,ZI-9d8ef07dfb35083bea918b61,DS-000107,BTC,未登记,不可定位,0,无法判定,无法判定,未知,未知,未知,未知,未知,未知,未知,未知,未知,未知,未登记,未登记,未知,1c779a884c12e4f411a9bc59ae6b87246c2b0b62333aded6984e1b65fb366d58,未知,未知,未复验,IDENTITY_DECLARATION_MISSING,来源提供者;交易场所;市场类型;标的身份;精确合约;数据对象;Schema确切版本;授权边界;字段中文映射;成员编号;资产编号;输入成员SHA-256;声明版本;声明内容SHA-256;Schema指纹;授权快照SHA-256;撤销事实;证据定位,只读取固定声明入口和information_schema注释摘要；不读取业务正文、价格、成交、订单簿、账户或凭据,该成员绑定当前版本九字段、唯一定位、成员/Schema/授权指纹和未撤销事实后追加不可变批次,58cce83072ee34edffde9ffae7b57104f60b49a8c9b051742f17d062b74c86a6,6d8c063c04eb02cc5c403067fed389705afe13e3dc1e8139af0c6163635c8bd2,92e2317ab33808587c45d85260f8470a02dafb044af8ae83dbdfff20668a40b0,2ae9327915d07243c0c34ec21d63b3f75c27975eb75ca2539946e0bae1c4e576
source-identity-entry-discovery-20260810T054907+0800-2fabb3def319,ZI-60e1d87f679840a6bcbfd6c7,DS-000108,BTC,未登记,不可定位,0,无法判定,无法判定,未知,未知,未知,未知,未知,未知,未知,未知,未知,未知,未登记,未登记,未知,d97b0d962760ad3eb6a51747d90bfdd9e3b6bf31767c9aba88aff9714b5456bc,未知,未知,未复验,IDENTITY_DECLARATION_MISSING,来源提供者;交易场所;市场类型;标的身份;精确合约;数据对象;Schema确切版本;授权边界;字段中文映射;成员编号;资产编号;输入成员SHA-256;声明版本;声明内容SHA-256;Schema指纹;授权快照SHA-256;撤销事实;证据定位,只读取固定声明入口和information_schema注释摘要；不读取业务正文、价格、成交、订单簿、账户或凭据,该成员绑定当前版本九字段、唯一定位、成员/Schema/授权指纹和未撤销事实后追加不可变批次,58cce83072ee34edffde9ffae7b57104f60b49a8c9b051742f17d062b74c86a6,6d8c063c04eb02cc5c403067fed389705afe13e3dc1e8139af0c6163635c8bd2,92e2317ab33808587c45d85260f8470a02dafb044af8ae83dbdfff20668a40b0,c243dec2f1bd2757b116b6a6179897423e87eb76c4020f71381d4f21b6cb7897
source-identity-entry-discovery-20260810T054907+0800-2fabb3def319,ZI-23a62a21a44ede3557e3b62c,DS-000109,BTC,未登记,不可定位,0,无法判定,无法判定,未知,未知,未知,未知,未知,未知,未知,未知,未知,未知,未登记,未登记,未知,33906bd2fcfd7bb1f16e12c0fbcf5a32d3eb963960a0412d88b1a5531531d280,未知,未知,未复验,IDENTITY_DECLARATION_MISSING,来源提供者;交易场所;市场类型;标的身份;精确合约;数据对象;Schema确切版本;授权边界;字段中文映射;成员编号;资产编号;输入成员SHA-256;声明版本;声明内容SHA-256;Schema指纹;授权快照SHA-256;撤销事实;证据定位,只读取固定声明入口和information_schema注释摘要；不读取业务正文、价格、成交、订单簿、账户或凭据,该成员绑定当前版本九字段、唯一定位、成员/Schema/授权指纹和未撤销事实后追加不可变批次,58cce83072ee34edffde9ffae7b57104f60b49a8c9b051742f17d062b74c86a6,6d8c063c04eb02cc5c403067fed389705afe13e3dc1e8139af0c6163635c8bd2,92e2317ab33808587c45d85260f8470a02dafb044af8ae83dbdfff20668a40b0,b62569f5134c5392d314bca7dcb4b244338736f3108f44fd23d6531c63409a83
source-identity-entry-discovery-20260810T054907+0800-2fabb3def319,ZI-4a5363d41dd3d54d7864611d,DS-000110,BTC,未登记,不可定位,0,无法判定,无法判定,未知,未知,未知,未知,未知,未知,未知,未知,未知,未知,未登记,未登记,未知,0d59d080eb816bb6a7d5088cc871bec5cdc058074ced8ee38b7ac5e06efec7ea,未知,未知,未复验,IDENTITY_DECLARATION_MISSING,来源提供者;交易场所;市场类型;标的身份;精确合约;数据对象;Schema确切版本;授权边界;字段中文映射;成员编号;资产编号;输入成员SHA-256;声明版本;声明内容SHA-256;Schema指纹;授权快照SHA-256;撤销事实;证据定位,只读取固定声明入口和information_schema注释摘要；不读取业务正文、价格、成交、订单簿、账户或凭据,该成员绑定当前版本九字段、唯一定位、成员/Schema/授权指纹和未撤销事实后追加不可变批次,58cce83072ee34edffde9ffae7b57104f60b49a8c9b051742f17d062b74c86a6,6d8c063c04eb02cc5c403067fed389705afe13e3dc1e8139af0c6163635c8bd2,92e2317ab33808587c45d85260f8470a02dafb044af8ae83dbdfff20668a40b0,5ee21c7d41cdaae6444bbb6c7844d807b2489e13f393517b72602b4542d0db8f
source-identity-entry-discovery-20260810T054907+0800-2fabb3def319,ZI-a56a5bf3335401e617db60ab,DS-000111,BTC,未登记,不可定位,0,无法判定,无法判定,未知,未知,未知,未知,未知,未知,未知,未知,未知,未知,未登记,未登记,未知,ecd8dfcecf158d395dac3a1c91df7786242adf9d0122c34ec458be58d766663f,未知,未知,未复验,IDENTITY_DECLARATION_MISSING,来源提供者;交易场所;市场类型;标的身份;精确合约;数据对象;Schema确切版本;授权边界;字段中文映射;成员编号;资产编号;输入成员SHA-256;声明版本;声明内容SHA-256;Schema指纹;授权快照SHA-256;撤销事实;证据定位,只读取固定声明入口和information_schema注释摘要；不读取业务正文、价格、成交、订单簿、账户或凭据,该成员绑定当前版本九字段、唯一定位、成员/Schema/授权指纹和未撤销事实后追加不可变批次,58cce83072ee34edffde9ffae7b57104f60b49a8c9b051742f17d062b74c86a6,6d8c063c04eb02cc5c403067fed389705afe13e3dc1e8139af0c6163635c8bd2,92e2317ab33808587c45d85260f8470a02dafb044af8ae83dbdfff20668a40b0,0a7cf91f802a9abb228a96880ceb344e28c46cf8b71d0e1aa0d4af70a5d6fec9
source-identity-entry-discovery-20260810T054907+0800-2fabb3def319,ZI-285a4482ac5802699bf8a1ea,DS-000112,BTC,未登记,不可定位,0,无法判定,无法判定,未知,未知,未知,未知,未知,未知,未知,未知,未知,未知,未登记,未登记,未知,290fec9c99843ff43e2fa44b0685ae754abd94ccb79d11168effc2e257574e21,未知,未知,未复验,IDENTITY_DECLARATION_MISSING,来源提供者;交易场所;市场类型;标的身份;精确合约;数据对象;Schema确切版本;授权边界;字段中文映射;成员编号;资产编号;输入成员SHA-256;声明版本;声明内容SHA-256;Schema指纹;授权快照SHA-256;撤销事实;证据定位,只读取固定声明入口和information_schema注释摘要；不读取业务正文、价格、成交、订单簿、账户或凭据,该成员绑定当前版本九字段、唯一定位、成员/Schema/授权指纹和未撤销事实后追加不可变批次,58cce83072ee34edffde9ffae7b57104f60b49a8c9b051742f17d062b74c86a6,6d8c063c04eb02cc5c403067fed389705afe13e3dc1e8139af0c6163635c8bd2,92e2317ab33808587c45d85260f8470a02dafb044af8ae83dbdfff20668a40b0,f207e98a27b0aec47b88a559f9211b147580a152f080719669b5b4204bd8de20
source-identity-entry-discovery-20260810T054907+0800-2fabb3def319,ZI-c368ec0a8284d3c172eda1a2,DS-000113,BTC,未登记,不可定位,0,无法判定,无法判定,未知,未知,未知,未知,未知,未知,未知,未知,未知,未知,未登记,未登记,未知,74f98b20f89a154b201438a140d3bf675ce8d06104663b525a9e689aa2eb0630,未知,未知,未复验,IDENTITY_DECLARATION_MISSING,来源提供者;交易场所;市场类型;标的身份;精确合约;数据对象;Schema确切版本;授权边界;字段中文映射;成员编号;资产编号;输入成员SHA-256;声明版本;声明内容SHA-256;Schema指纹;授权快照SHA-256;撤销事实;证据定位,只读取固定声明入口和information_schema注释摘要；不读取业务正文、价格、成交、订单簿、账户或凭据,该成员绑定当前版本九字段、唯一定位、成员/Schema/授权指纹和未撤销事实后追加不可变批次,58cce83072ee34edffde9ffae7b57104f60b49a8c9b051742f17d062b74c86a6,6d8c063c04eb02cc5c403067fed389705afe13e3dc1e8139af0c6163635c8bd2,92e2317ab33808587c45d85260f8470a02dafb044af8ae83dbdfff20668a40b0,ae4927f03ed35748bc75a5f861aed19ef9c29178175f8c3b32ae85b701921420
source-identity-entry-discovery-20260810T054907+0800-2fabb3def319,ZI-f8745dbb71ac15767ca8d9c1,DS-000114,BTC,未登记,不可定位,0,无法判定,无法判定,未知,未知,未知,未知,未知,未知,未知,未知,未知,未知,未登记,未登记,未知,3e3fec896b931f582dddfe469e0dbe6e470535c77e3f7299e94f387b505d440c,未知,未知,未复验,IDENTITY_DECLARATION_MISSING,来源提供者;交易场所;市场类型;标的身份;精确合约;数据对象;Schema确切版本;授权边界;字段中文映射;成员编号;资产编号;输入成员SHA-256;声明版本;声明内容SHA-256;Schema指纹;授权快照SHA-256;撤销事实;证据定位,只读取固定声明入口和information_schema注释摘要；不读取业务正文、价格、成交、订单簿、账户或凭据,该成员绑定当前版本九字段、唯一定位、成员/Schema/授权指纹和未撤销事实后追加不可变批次,58cce83072ee34edffde9ffae7b57104f60b49a8c9b051742f17d062b74c86a6,6d8c063c04eb02cc5c403067fed389705afe13e3dc1e8139af0c6163635c8bd2,92e2317ab33808587c45d85260f8470a02dafb044af8ae83dbdfff20668a40b0,df2e8ce76f3214c32f31f092f42466fa3381a8e244d552ed9e91ab02d320d0cb
source-identity-entry-discovery-20260810T054907+0800-2fabb3def319,ZI-31961eda688bb5aee6575300,DS-000115,BTC,未登记,不可定位,0,无法判定,无法判定,未知,未知,未知,未知,未知,未知,未知,未知,未知,未知,未登记,未登记,未知,afe961774296dd8e04a4684cc5642629f080a957493c1cf954cf485a7e5763ed,未知,未知,未复验,IDENTITY_DECLARATION_MISSING,来源提供者;交易场所;市场类型;标的身份;精确合约;数据对象;Schema确切版本;授权边界;字段中文映射;成员编号;资产编号;输入成员SHA-256;声明版本;声明内容SHA-256;Schema指纹;授权快照SHA-256;撤销事实;证据定位,只读取固定声明入口和information_schema注释摘要；不读取业务正文、价格、成交、订单簿、账户或凭据,该成员绑定当前版本九字段、唯一定位、成员/Schema/授权指纹和未撤销事实后追加不可变批次,58cce83072ee34edffde9ffae7b57104f60b49a8c9b051742f17d062b74c86a6,6d8c063c04eb02cc5c403067fed389705afe13e3dc1e8139af0c6163635c8bd2,92e2317ab33808587c45d85260f8470a02dafb044af8ae83dbdfff20668a40b0,d88fdcafcabff49723821c5facae7291c05e6f0dbdd37620db122c5b8b30623d
source-identity-entry-discovery-20260810T054907+0800-2fabb3def319,ZI-b38d3520cb51796d72c37eb0,DS-000116,BTC,未登记,不可定位,0,无法判定,无法判定,未知,未知,未知,未知,未知,未知,未知,未知,未知,未知,未登记,未登记,未知,95fa942c0d61a4c0c67ab8892ee22b19e0375cf22f45b301d85fc2f861b76c4d,未知,未知,未复验,IDENTITY_DECLARATION_MISSING,来源提供者;交易场所;市场类型;标的身份;精确合约;数据对象;Schema确切版本;授权边界;字段中文映射;成员编号;资产编号;输入成员SHA-256;声明版本;声明内容SHA-256;Schema指纹;授权快照SHA-256;撤销事实;证据定位,只读取固定声明入口和information_schema注释摘要；不读取业务正文、价格、成交、订单簿、账户或凭据,该成员绑定当前版本九字段、唯一定位、成员/Schema/授权指纹和未撤销事实后追加不可变批次,58cce83072ee34edffde9ffae7b57104f60b49a8c9b051742f17d062b74c86a6,6d8c063c04eb02cc5c403067fed389705afe13e3dc1e8139af0c6163635c8bd2,92e2317ab33808587c45d85260f8470a02dafb044af8ae83dbdfff20668a40b0,a59b59450d17a8b655f9dd5cf50e35f0c9006d3c3ce26eabc67dcbb5a7cd31af
source-identity-entry-discovery-20260810T054907+0800-2fabb3def319,ZI-5ea466fcde39bb4c70c5a187,DS-000117,BTC,未登记,不可定位,0,无法判定,无法判定,未知,未知,未知,未知,未知,未知,未知,未知,未知,未知,未登记,未登记,未知,2618c38b7b3a4ced21d2f84d5249058929b44abacaed04c3d7145c62a9f2bed0,未知,未知,未复验,IDENTITY_DECLARATION_MISSING,来源提供者;交易场所;市场类型;标的身份;精确合约;数据对象;Schema确切版本;授权边界;字段中文映射;成员编号;资产编号;输入成员SHA-256;声明版本;声明内容SHA-256;Schema指纹;授权快照SHA-256;撤销事实;证据定位,只读取固定声明入口和information_schema注释摘要；不读取业务正文、价格、成交、订单簿、账户或凭据,该成员绑定当前版本九字段、唯一定位、成员/Schema/授权指纹和未撤销事实后追加不可变批次,58cce83072ee34edffde9ffae7b57104f60b49a8c9b051742f17d062b74c86a6,6d8c063c04eb02cc5c403067fed389705afe13e3dc1e8139af0c6163635c8bd2,92e2317ab33808587c45d85260f8470a02dafb044af8ae83dbdfff20668a40b0,caf5e2a83de7837a8889f0058c0c87df27aec7df130c6dd9c2d49a50347c8e1b
source-identity-entry-discovery-20260810T054907+0800-2fabb3def319,ZI-2840b60ae29f6da1116b00b7,DS-000118,BTC,未登记,不可定位,0,无法判定,无法判定,未知,未知,未知,未知,未知,未知,未知,未知,未知,未知,未登记,未登记,未知,2629abb375ff39ff81b4461aa7d5fc4b83971f1ffc8a8bab00958e8be26497cd,未知,未知,未复验,IDENTITY_DECLARATION_MISSING,来源提供者;交易场所;市场类型;标的身份;精确合约;数据对象;Schema确切版本;授权边界;字段中文映射;成员编号;资产编号;输入成员SHA-256;声明版本;声明内容SHA-256;Schema指纹;授权快照SHA-256;撤销事实;证据定位,只读取固定声明入口和information_schema注释摘要；不读取业务正文、价格、成交、订单簿、账户或凭据,该成员绑定当前版本九字段、唯一定位、成员/Schema/授权指纹和未撤销事实后追加不可变批次,58cce83072ee34edffde9ffae7b57104f60b49a8c9b051742f17d062b74c86a6,6d8c063c04eb02cc5c403067fed389705afe13e3dc1e8139af0c6163635c8bd2,92e2317ab33808587c45d85260f8470a02dafb044af8ae83dbdfff20668a40b0,635f1581e2ad77a4ba9e35ecc326dcb0a2a099987b2ffa5c12be4aad913887bb
source-identity-entry-discovery-20260810T054907+0800-2fabb3def319,ZI-d598b1a2b5c702f7087d23b1,DS-000119,BTC,未登记,不可定位,0,无法判定,无法判定,未知,未知,未知,未知,未知,未知,未知,未知,未知,未知,未登记,未登记,未知,f69bb9fd69717fc62e973fd0f57005c2efdfa818a0c96a38198a12dc11340bf3,未知,未知,未复验,IDENTITY_DECLARATION_MISSING,来源提供者;交易场所;市场类型;标的身份;精确合约;数据对象;Schema确切版本;授权边界;字段中文映射;成员编号;资产编号;输入成员SHA-256;声明版本;声明内容SHA-256;Schema指纹;授权快照SHA-256;撤销事实;证据定位,只读取固定声明入口和information_schema注释摘要；不读取业务正文、价格、成交、订单簿、账户或凭据,该成员绑定当前版本九字段、唯一定位、成员/Schema/授权指纹和未撤销事实后追加不可变批次,58cce83072ee34edffde9ffae7b57104f60b49a8c9b051742f17d062b74c86a6,6d8c063c04eb02cc5c403067fed389705afe13e3dc1e8139af0c6163635c8bd2,92e2317ab33808587c45d85260f8470a02dafb044af8ae83dbdfff20668a40b0,7c255ce80a965db04b3643cd869789128aba0e39a31b30450769057bf82ce9a8
source-identity-entry-discovery-20260810T054907+0800-2fabb3def319,ZI-3070d81b75f66c2b727c4439,DS-000120,BTC,未登记,不可定位,0,无法判定,无法判定,未知,未知,未知,未知,未知,未知,未知,未知,未知,未知,未登记,未登记,未知,6609c14cb9bb0288b24cb453d942c7508aab48529570a4aaf23dd54ab7dcf43a,未知,未知,未复验,IDENTITY_DECLARATION_MISSING,来源提供者;交易场所;市场类型;标的身份;精确合约;数据对象;Schema确切版本;授权边界;字段中文映射;成员编号;资产编号;输入成员SHA-256;声明版本;声明内容SHA-256;Schema指纹;授权快照SHA-256;撤销事实;证据定位,只读取固定声明入口和information_schema注释摘要；不读取业务正文、价格、成交、订单簿、账户或凭据,该成员绑定当前版本九字段、唯一定位、成员/Schema/授权指纹和未撤销事实后追加不可变批次,58cce83072ee34edffde9ffae7b57104f60b49a8c9b051742f17d062b74c86a6,6d8c063c04eb02cc5c403067fed389705afe13e3dc1e8139af0c6163635c8bd2,92e2317ab33808587c45d85260f8470a02dafb044af8ae83dbdfff20668a40b0,e93baaeae3ea6d04c5038612425dc8a8a4dbd261990b0f387cdc009fa91984b0
source-identity-entry-discovery-20260810T054907+0800-2fabb3def319,ZI-8413f0e6afa6b3430372a713,DS-000121,BTC,未登记,不可定位,0,无法判定,无法判定,未知,未知,未知,未知,未知,未知,未知,未知,未知,未知,未登记,未登记,未知,6f11f05c8807a0f784213dce4eb03969122dc0a62e00b3d53e6bc473e342e278,未知,未知,未复验,IDENTITY_DECLARATION_MISSING,来源提供者;交易场所;市场类型;标的身份;精确合约;数据对象;Schema确切版本;授权边界;字段中文映射;成员编号;资产编号;输入成员SHA-256;声明版本;声明内容SHA-256;Schema指纹;授权快照SHA-256;撤销事实;证据定位,只读取固定声明入口和information_schema注释摘要；不读取业务正文、价格、成交、订单簿、账户或凭据,该成员绑定当前版本九字段、唯一定位、成员/Schema/授权指纹和未撤销事实后追加不可变批次,58cce83072ee34edffde9ffae7b57104f60b49a8c9b051742f17d062b74c86a6,6d8c063c04eb02cc5c403067fed389705afe13e3dc1e8139af0c6163635c8bd2,92e2317ab33808587c45d85260f8470a02dafb044af8ae83dbdfff20668a40b0,8af204b59babf9ea7dd951296f1a4bc7dd8257235d3dce021cd83495a1e34d11
source-identity-entry-discovery-20260810T054907+0800-2fabb3def319,ZI-ee6f15f9e39a4d9fcfce0cf5,DS-000122,BTC,未登记,不可定位,0,无法判定,拒绝,未知,未知,未知,未知,未知,未知,未知,未知,未知,未知,未登记,未登记,未知,dc6c4dd4e242874a6da8334f67590790f72bb66e1b5ab6d94aeec5b53ed494be,未知,未知,未复验,IDENTITY_DECLARATION_MISSING,来源提供者;交易场所;市场类型;标的身份;精确合约;数据对象;Schema确切版本;授权边界;字段中文映射;成员编号;资产编号;输入成员SHA-256;声明版本;声明内容SHA-256;Schema指纹;授权快照SHA-256;撤销事实;证据定位,只读取固定声明入口和information_schema注释摘要；不读取业务正文、价格、成交、订单簿、账户或凭据,该成员绑定当前版本九字段、唯一定位、成员/Schema/授权指纹和未撤销事实后追加不可变批次,58cce83072ee34edffde9ffae7b57104f60b49a8c9b051742f17d062b74c86a6,6d8c063c04eb02cc5c403067fed389705afe13e3dc1e8139af0c6163635c8bd2,92e2317ab33808587c45d85260f8470a02dafb044af8ae83dbdfff20668a40b0,3e966f9da956c73ad0687db4d45d73d3c395d319ad1bcf4d1b7fa7afdd4cae3f
source-identity-entry-discovery-20260810T054907+0800-2fabb3def319,ZI-0437f9b494a20cb05341af1e,DS-000123,BTC,未登记,不可定位,0,无法判定,无法判定,未知,未知,未知,未知,未知,未知,未知,未知,未知,未知,未登记,未登记,未知,b544e385d3e89d4bc872b681fb7b43c8c29c35cf1a2255fb1eb792ab42e092e7,未知,未知,未复验,IDENTITY_DECLARATION_MISSING,来源提供者;交易场所;市场类型;标的身份;精确合约;数据对象;Schema确切版本;授权边界;字段中文映射;成员编号;资产编号;输入成员SHA-256;声明版本;声明内容SHA-256;Schema指纹;授权快照SHA-256;撤销事实;证据定位,只读取固定声明入口和information_schema注释摘要；不读取业务正文、价格、成交、订单簿、账户或凭据,该成员绑定当前版本九字段、唯一定位、成员/Schema/授权指纹和未撤销事实后追加不可变批次,58cce83072ee34edffde9ffae7b57104f60b49a8c9b051742f17d062b74c86a6,6d8c063c04eb02cc5c403067fed389705afe13e3dc1e8139af0c6163635c8bd2,92e2317ab33808587c45d85260f8470a02dafb044af8ae83dbdfff20668a40b0,60132a69b7e19f01e1e7f3896dca06ab9ddc60d510df7dac66a333c8a2e96e42
source-identity-entry-discovery-20260810T054907+0800-2fabb3def319,ZI-ee00f9dd25503d2600ed08e3,DS-000124,BTC,未登记,不可定位,0,无法判定,无法判定,未知,未知,未知,未知,未知,未知,未知,未知,未知,未知,未登记,未登记,未知,d7ef1e10d9720d76b7d47a520b7439f7ef8aa78a7560836f22971cf752ef3294,未知,未知,未复验,IDENTITY_DECLARATION_MISSING,来源提供者;交易场所;市场类型;标的身份;精确合约;数据对象;Schema确切版本;授权边界;字段中文映射;成员编号;资产编号;输入成员SHA-256;声明版本;声明内容SHA-256;Schema指纹;授权快照SHA-256;撤销事实;证据定位,只读取固定声明入口和information_schema注释摘要；不读取业务正文、价格、成交、订单簿、账户或凭据,该成员绑定当前版本九字段、唯一定位、成员/Schema/授权指纹和未撤销事实后追加不可变批次,58cce83072ee34edffde9ffae7b57104f60b49a8c9b051742f17d062b74c86a6,6d8c063c04eb02cc5c403067fed389705afe13e3dc1e8139af0c6163635c8bd2,92e2317ab33808587c45d85260f8470a02dafb044af8ae83dbdfff20668a40b0,a52e5c218f38dea3b2fc73d72d3ceaec24bbf8ee26ebb7a5b2eba47a24472fb7
source-identity-entry-discovery-20260810T054907+0800-2fabb3def319,ZI-e98fd2a2d5d0df09bc9937cb,DS-000125,BTC,未登记,不可定位,0,无法判定,无法判定,未知,未知,未知,未知,未知,未知,未知,未知,未知,未知,未登记,未登记,未知,933516055a642714098755bbe9c599785c999703fbef73dc81e13069d74aa18f,未知,未知,未复验,IDENTITY_DECLARATION_MISSING,来源提供者;交易场所;市场类型;标的身份;精确合约;数据对象;Schema确切版本;授权边界;字段中文映射;成员编号;资产编号;输入成员SHA-256;声明版本;声明内容SHA-256;Schema指纹;授权快照SHA-256;撤销事实;证据定位,只读取固定声明入口和information_schema注释摘要；不读取业务正文、价格、成交、订单簿、账户或凭据,该成员绑定当前版本九字段、唯一定位、成员/Schema/授权指纹和未撤销事实后追加不可变批次,58cce83072ee34edffde9ffae7b57104f60b49a8c9b051742f17d062b74c86a6,6d8c063c04eb02cc5c403067fed389705afe13e3dc1e8139af0c6163635c8bd2,92e2317ab33808587c45d85260f8470a02dafb044af8ae83dbdfff20668a40b0,80f850ddda68488179769e69d4f8785623e45a881471667a37c9e9cfd16617c8
source-identity-entry-discovery-20260810T054907+0800-2fabb3def319,ZI-57350b8f0db900711ed2488f,DS-000126,BTC,未登记,不可定位,0,无法判定,无法判定,未知,未知,未知,未知,未知,未知,未知,未知,未知,未知,未登记,未登记,未知,9499e61c0227984474b6b7c023dc310fcae06907a46958e429501d3e6b006798,未知,未知,未复验,IDENTITY_DECLARATION_MISSING,来源提供者;交易场所;市场类型;标的身份;精确合约;数据对象;Schema确切版本;授权边界;字段中文映射;成员编号;资产编号;输入成员SHA-256;声明版本;声明内容SHA-256;Schema指纹;授权快照SHA-256;撤销事实;证据定位,只读取固定声明入口和information_schema注释摘要；不读取业务正文、价格、成交、订单簿、账户或凭据,该成员绑定当前版本九字段、唯一定位、成员/Schema/授权指纹和未撤销事实后追加不可变批次,58cce83072ee34edffde9ffae7b57104f60b49a8c9b051742f17d062b74c86a6,6d8c063c04eb02cc5c403067fed389705afe13e3dc1e8139af0c6163635c8bd2,92e2317ab33808587c45d85260f8470a02dafb044af8ae83dbdfff20668a40b0,c3e19d3c4c5c43deb1586e78e97860f47a6416eaf69e11ca60e82221caaf0c50
source-identity-entry-discovery-20260810T054907+0800-2fabb3def319,ZI-50d94b0de1efc730b9122af3,DS-000127,BTC,未登记,不可定位,0,无法判定,无法判定,未知,未知,未知,未知,未知,未知,未知,未知,未知,未知,未登记,未登记,未知,7498b9a041f4b609fbd9b5447119d9522ae1aaf59ff427378718c2833bf39af8,未知,未知,未复验,IDENTITY_DECLARATION_MISSING,来源提供者;交易场所;市场类型;标的身份;精确合约;数据对象;Schema确切版本;授权边界;字段中文映射;成员编号;资产编号;输入成员SHA-256;声明版本;声明内容SHA-256;Schema指纹;授权快照SHA-256;撤销事实;证据定位,只读取固定声明入口和information_schema注释摘要；不读取业务正文、价格、成交、订单簿、账户或凭据,该成员绑定当前版本九字段、唯一定位、成员/Schema/授权指纹和未撤销事实后追加不可变批次,58cce83072ee34edffde9ffae7b57104f60b49a8c9b051742f17d062b74c86a6,6d8c063c04eb02cc5c403067fed389705afe13e3dc1e8139af0c6163635c8bd2,92e2317ab33808587c45d85260f8470a02dafb044af8ae83dbdfff20668a40b0,2567c405a9f75bdde2d63c68785ac322520488e74dc162a7b22bbb79defee34d
source-identity-entry-discovery-20260810T054907+0800-2fabb3def319,ZI-66345af7f29b369463667940,DS-000128,BTC,未登记,不可定位,0,无法判定,无法判定,未知,未知,未知,未知,未知,未知,未知,未知,未知,未知,未登记,未登记,未知,8784b44479961e1fc5e62e73d76c8f43f5274c03f210a3417d777a7b86f3c045,未知,未知,未复验,IDENTITY_DECLARATION_MISSING,来源提供者;交易场所;市场类型;标的身份;精确合约;数据对象;Schema确切版本;授权边界;字段中文映射;成员编号;资产编号;输入成员SHA-256;声明版本;声明内容SHA-256;Schema指纹;授权快照SHA-256;撤销事实;证据定位,只读取固定声明入口和information_schema注释摘要；不读取业务正文、价格、成交、订单簿、账户或凭据,该成员绑定当前版本九字段、唯一定位、成员/Schema/授权指纹和未撤销事实后追加不可变批次,58cce83072ee34edffde9ffae7b57104f60b49a8c9b051742f17d062b74c86a6,6d8c063c04eb02cc5c403067fed389705afe13e3dc1e8139af0c6163635c8bd2,92e2317ab33808587c45d85260f8470a02dafb044af8ae83dbdfff20668a40b0,49a3df922df50b49f5ca512041f3f51e796f6abb1650bc9c2d017498556c1d83
source-identity-entry-discovery-20260810T054907+0800-2fabb3def319,ZI-f0b6b298cfe3ce3a7d56b8eb,DS-000129,BTC,未登记,不可定位,0,无法判定,无法判定,未知,未知,未知,未知,未知,未知,未知,未知,未知,未知,未登记,未登记,未知,6ec29ab16a61a9874de644237ea1f88b4281182c44ec3b7aabeceff905c3c1fe,未知,未知,未复验,IDENTITY_DECLARATION_MISSING,来源提供者;交易场所;市场类型;标的身份;精确合约;数据对象;Schema确切版本;授权边界;字段中文映射;成员编号;资产编号;输入成员SHA-256;声明版本;声明内容SHA-256;Schema指纹;授权快照SHA-256;撤销事实;证据定位,只读取固定声明入口和information_schema注释摘要；不读取业务正文、价格、成交、订单簿、账户或凭据,该成员绑定当前版本九字段、唯一定位、成员/Schema/授权指纹和未撤销事实后追加不可变批次,58cce83072ee34edffde9ffae7b57104f60b49a8c9b051742f17d062b74c86a6,6d8c063c04eb02cc5c403067fed389705afe13e3dc1e8139af0c6163635c8bd2,92e2317ab33808587c45d85260f8470a02dafb044af8ae83dbdfff20668a40b0,a517502a2a6841be58bf96b1c3c7a5f6b99cc5c1e7c10e075c069d0deae1753d
source-identity-entry-discovery-20260810T054907+0800-2fabb3def319,ZI-5a7245a9c0cc69252b3df5d1,DS-000130,BTC,未登记,不可定位,0,无法判定,无法判定,未知,未知,未知,未知,未知,未知,未知,未知,未知,未知,未登记,未登记,未知,31a5fa38e253ae35bbd283a09e22b12ae2d20072cacd4fec29ddc407fc7c2c5a,未知,未知,未复验,IDENTITY_DECLARATION_MISSING,来源提供者;交易场所;市场类型;标的身份;精确合约;数据对象;Schema确切版本;授权边界;字段中文映射;成员编号;资产编号;输入成员SHA-256;声明版本;声明内容SHA-256;Schema指纹;授权快照SHA-256;撤销事实;证据定位,只读取固定声明入口和information_schema注释摘要；不读取业务正文、价格、成交、订单簿、账户或凭据,该成员绑定当前版本九字段、唯一定位、成员/Schema/授权指纹和未撤销事实后追加不可变批次,58cce83072ee34edffde9ffae7b57104f60b49a8c9b051742f17d062b74c86a6,6d8c063c04eb02cc5c403067fed389705afe13e3dc1e8139af0c6163635c8bd2,92e2317ab33808587c45d85260f8470a02dafb044af8ae83dbdfff20668a40b0,cb1a258534b7c3b945195fbf03b5d8fc2b284e9acefbd545f1ee84fe645cfb3d
source-identity-entry-discovery-20260810T054907+0800-2fabb3def319,ZI-25447cea628f3920f050dbd5,DS-000131,BTC,未登记,不可定位,0,无法判定,无法判定,未知,未知,未知,未知,未知,未知,未知,未知,未知,未知,未登记,未登记,未知,596462ea846e3b15707b59be416da11412b9e52c6d94c741ad5be0a70d1dfffe,未知,未知,未复验,IDENTITY_DECLARATION_MISSING,来源提供者;交易场所;市场类型;标的身份;精确合约;数据对象;Schema确切版本;授权边界;字段中文映射;成员编号;资产编号;输入成员SHA-256;声明版本;声明内容SHA-256;Schema指纹;授权快照SHA-256;撤销事实;证据定位,只读取固定声明入口和information_schema注释摘要；不读取业务正文、价格、成交、订单簿、账户或凭据,该成员绑定当前版本九字段、唯一定位、成员/Schema/授权指纹和未撤销事实后追加不可变批次,58cce83072ee34edffde9ffae7b57104f60b49a8c9b051742f17d062b74c86a6,6d8c063c04eb02cc5c403067fed389705afe13e3dc1e8139af0c6163635c8bd2,92e2317ab33808587c45d85260f8470a02dafb044af8ae83dbdfff20668a40b0,e4f26e192212ee6bf8add21a9442d5847fb5f46d7d946789a4f3121ae90b2189
source-identity-entry-discovery-20260810T054907+0800-2fabb3def319,ZI-17f2298039c37a648fbd5908,DS-000132,BTC,未登记,不可定位,0,无法判定,无法判定,未知,未知,未知,未知,未知,未知,未知,未知,未知,未知,未登记,未登记,未知,b92d68f0c6a28fd076fc8affb08361f7b721d840be639dd0fdcd9e4063f945e2,未知,未知,未复验,IDENTITY_DECLARATION_MISSING,来源提供者;交易场所;市场类型;标的身份;精确合约;数据对象;Schema确切版本;授权边界;字段中文映射;成员编号;资产编号;输入成员SHA-256;声明版本;声明内容SHA-256;Schema指纹;授权快照SHA-256;撤销事实;证据定位,只读取固定声明入口和information_schema注释摘要；不读取业务正文、价格、成交、订单簿、账户或凭据,该成员绑定当前版本九字段、唯一定位、成员/Schema/授权指纹和未撤销事实后追加不可变批次,58cce83072ee34edffde9ffae7b57104f60b49a8c9b051742f17d062b74c86a6,6d8c063c04eb02cc5c403067fed389705afe13e3dc1e8139af0c6163635c8bd2,92e2317ab33808587c45d85260f8470a02dafb044af8ae83dbdfff20668a40b0,39bb5166d930436f4a2374f487e3652ff0bb5e3bd58c136102d4e943218918e8
source-identity-entry-discovery-20260810T054907+0800-2fabb3def319,ZI-e5f5afbaaf19d3151683dc0c,DS-000133,BTC,未登记,不可定位,0,无法判定,无法判定,未知,未知,未知,未知,未知,未知,未知,未知,未知,未知,未登记,未登记,未知,d49b3cdefe936c41685bf10613de132b9f5d9198120e45aae55859f797788158,未知,未知,未复验,IDENTITY_DECLARATION_MISSING,来源提供者;交易场所;市场类型;标的身份;精确合约;数据对象;Schema确切版本;授权边界;字段中文映射;成员编号;资产编号;输入成员SHA-256;声明版本;声明内容SHA-256;Schema指纹;授权快照SHA-256;撤销事实;证据定位,只读取固定声明入口和information_schema注释摘要；不读取业务正文、价格、成交、订单簿、账户或凭据,该成员绑定当前版本九字段、唯一定位、成员/Schema/授权指纹和未撤销事实后追加不可变批次,58cce83072ee34edffde9ffae7b57104f60b49a8c9b051742f17d062b74c86a6,6d8c063c04eb02cc5c403067fed389705afe13e3dc1e8139af0c6163635c8bd2,92e2317ab33808587c45d85260f8470a02dafb044af8ae83dbdfff20668a40b0,e467f8eb6a38977f5b2f88c9710a4d100a13cffad61167543350bc762f8eae5d
source-identity-entry-discovery-20260810T054907+0800-2fabb3def319,ZI-67ed5354e433ec425cf10220,DS-000134,BTC,未登记,不可定位,0,无法判定,无法判定,未知,未知,未知,未知,未知,未知,未知,未知,未知,未知,未登记,未登记,未知,0e6fc6a736706f9c8311f0bcd6cac49d78a213f394e2feafda517cd5a5854e7d,未知,未知,未复验,IDENTITY_DECLARATION_MISSING,来源提供者;交易场所;市场类型;标的身份;精确合约;数据对象;Schema确切版本;授权边界;字段中文映射;成员编号;资产编号;输入成员SHA-256;声明版本;声明内容SHA-256;Schema指纹;授权快照SHA-256;撤销事实;证据定位,只读取固定声明入口和information_schema注释摘要；不读取业务正文、价格、成交、订单簿、账户或凭据,该成员绑定当前版本九字段、唯一定位、成员/Schema/授权指纹和未撤销事实后追加不可变批次,58cce83072ee34edffde9ffae7b57104f60b49a8c9b051742f17d062b74c86a6,6d8c063c04eb02cc5c403067fed389705afe13e3dc1e8139af0c6163635c8bd2,92e2317ab33808587c45d85260f8470a02dafb044af8ae83dbdfff20668a40b0,dddb6a6a1c12584fdeaaf154a6dc9460e73be12e2a547db8d057af25ca9efbab
source-identity-entry-discovery-20260810T054907+0800-2fabb3def319,ZI-9959cefd6da7ea4c9bc8a26a,DS-000135,BTC,未登记,不可定位,0,无法判定,无法判定,未知,未知,未知,未知,未知,未知,未知,未知,未知,未知,未登记,未登记,未知,6ed4afcb16dadb13cea1399f219a898bff5d238791ebd03cea6a0bd7d98b1ff5,未知,未知,未复验,IDENTITY_DECLARATION_MISSING,来源提供者;交易场所;市场类型;标的身份;精确合约;数据对象;Schema确切版本;授权边界;字段中文映射;成员编号;资产编号;输入成员SHA-256;声明版本;声明内容SHA-256;Schema指纹;授权快照SHA-256;撤销事实;证据定位,只读取固定声明入口和information_schema注释摘要；不读取业务正文、价格、成交、订单簿、账户或凭据,该成员绑定当前版本九字段、唯一定位、成员/Schema/授权指纹和未撤销事实后追加不可变批次,58cce83072ee34edffde9ffae7b57104f60b49a8c9b051742f17d062b74c86a6,6d8c063c04eb02cc5c403067fed389705afe13e3dc1e8139af0c6163635c8bd2,92e2317ab33808587c45d85260f8470a02dafb044af8ae83dbdfff20668a40b0,b3c10e17406012e98a7d05cdcebf7c436518593c201decf1bf07dc67ffdfd7f2
source-identity-entry-discovery-20260810T054907+0800-2fabb3def319,ZI-729914ef0d7b46aa2dc0dc05,DS-000136,BTC,未登记,不可定位,0,无法判定,无法判定,未知,未知,未知,未知,未知,未知,未知,未知,未知,未知,未登记,未登记,未知,c642096c5b9e47e8fb6d3af1ce33b6503b701f275d986dc3c80518fafa656b62,未知,未知,未复验,IDENTITY_DECLARATION_MISSING,来源提供者;交易场所;市场类型;标的身份;精确合约;数据对象;Schema确切版本;授权边界;字段中文映射;成员编号;资产编号;输入成员SHA-256;声明版本;声明内容SHA-256;Schema指纹;授权快照SHA-256;撤销事实;证据定位,只读取固定声明入口和information_schema注释摘要；不读取业务正文、价格、成交、订单簿、账户或凭据,该成员绑定当前版本九字段、唯一定位、成员/Schema/授权指纹和未撤销事实后追加不可变批次,58cce83072ee34edffde9ffae7b57104f60b49a8c9b051742f17d062b74c86a6,6d8c063c04eb02cc5c403067fed389705afe13e3dc1e8139af0c6163635c8bd2,92e2317ab33808587c45d85260f8470a02dafb044af8ae83dbdfff20668a40b0,03f55edd3a913c6693a1175ec735665fd231d5f7c6580c9f2cd394131a401b07
source-identity-entry-discovery-20260810T054907+0800-2fabb3def319,ZI-5072f6e3c58e96622c5d5a39,DS-000137,BTC,未登记,不可定位,0,无法判定,无法判定,未知,未知,未知,未知,未知,未知,未知,未知,未知,未知,未登记,未登记,未知,85fd815ad566ecce9ab78d9848bdc57c2a3a789413ea3fae7ede25ed0d770f0f,未知,未知,未复验,IDENTITY_DECLARATION_MISSING,来源提供者;交易场所;市场类型;标的身份;精确合约;数据对象;Schema确切版本;授权边界;字段中文映射;成员编号;资产编号;输入成员SHA-256;声明版本;声明内容SHA-256;Schema指纹;授权快照SHA-256;撤销事实;证据定位,只读取固定声明入口和information_schema注释摘要；不读取业务正文、价格、成交、订单簿、账户或凭据,该成员绑定当前版本九字段、唯一定位、成员/Schema/授权指纹和未撤销事实后追加不可变批次,58cce83072ee34edffde9ffae7b57104f60b49a8c9b051742f17d062b74c86a6,6d8c063c04eb02cc5c403067fed389705afe13e3dc1e8139af0c6163635c8bd2,92e2317ab33808587c45d85260f8470a02dafb044af8ae83dbdfff20668a40b0,6f267c7cfc6ec1bfdd39bc2c056e7c4ea1ede1a9a3a71cde917f494ffa242cdd
source-identity-entry-discovery-20260810T054907+0800-2fabb3def319,ZI-c561cdc026374378e8a7e1ed,DS-000138,BTC,未登记,不可定位,0,无法判定,无法判定,未知,未知,未知,未知,未知,未知,未知,未知,未知,未知,未登记,未登记,未知,91cc4ad9a33161955c014a7f07d248bcafc3f5be08813d91e27a18d6a42f55c4,未知,未知,未复验,IDENTITY_DECLARATION_MISSING,来源提供者;交易场所;市场类型;标的身份;精确合约;数据对象;Schema确切版本;授权边界;字段中文映射;成员编号;资产编号;输入成员SHA-256;声明版本;声明内容SHA-256;Schema指纹;授权快照SHA-256;撤销事实;证据定位,只读取固定声明入口和information_schema注释摘要；不读取业务正文、价格、成交、订单簿、账户或凭据,该成员绑定当前版本九字段、唯一定位、成员/Schema/授权指纹和未撤销事实后追加不可变批次,58cce83072ee34edffde9ffae7b57104f60b49a8c9b051742f17d062b74c86a6,6d8c063c04eb02cc5c403067fed389705afe13e3dc1e8139af0c6163635c8bd2,92e2317ab33808587c45d85260f8470a02dafb044af8ae83dbdfff20668a40b0,64c7c911ec93064451e3729ec75e42b1eeb6ddd8eea1bd93bb9c1affd2d2944e
source-identity-entry-discovery-20260810T054907+0800-2fabb3def319,ZI-cbdce8e325cdea9138ef0d4e,DS-000139,BTC,未登记,不可定位,0,无法判定,无法判定,未知,未知,未知,未知,未知,未知,未知,未知,未知,未知,未登记,未登记,未知,fe64d848475c7415a5eb6c92b24f0b9a75641d0388cb76d8ab63008be5e3a74a,未知,未知,未复验,IDENTITY_DECLARATION_MISSING,来源提供者;交易场所;市场类型;标的身份;精确合约;数据对象;Schema确切版本;授权边界;字段中文映射;成员编号;资产编号;输入成员SHA-256;声明版本;声明内容SHA-256;Schema指纹;授权快照SHA-256;撤销事实;证据定位,只读取固定声明入口和information_schema注释摘要；不读取业务正文、价格、成交、订单簿、账户或凭据,该成员绑定当前版本九字段、唯一定位、成员/Schema/授权指纹和未撤销事实后追加不可变批次,58cce83072ee34edffde9ffae7b57104f60b49a8c9b051742f17d062b74c86a6,6d8c063c04eb02cc5c403067fed389705afe13e3dc1e8139af0c6163635c8bd2,92e2317ab33808587c45d85260f8470a02dafb044af8ae83dbdfff20668a40b0,6267b659a003a75830867729141c06dabd0c6a9214cc09e49e833cb6ffc7989d
source-identity-entry-discovery-20260810T054907+0800-2fabb3def319,ZI-6e09551ca827697625cb6b3c,DS-000140,BTC,未登记,不可定位,0,无法判定,无法判定,未知,未知,未知,未知,未知,未知,未知,未知,未知,未知,未登记,未登记,未知,009afddc569c187b643514b715c578f909c030480467dad3f80f258b9e5dba7d,未知,未知,未复验,IDENTITY_DECLARATION_MISSING,来源提供者;交易场所;市场类型;标的身份;精确合约;数据对象;Schema确切版本;授权边界;字段中文映射;成员编号;资产编号;输入成员SHA-256;声明版本;声明内容SHA-256;Schema指纹;授权快照SHA-256;撤销事实;证据定位,只读取固定声明入口和information_schema注释摘要；不读取业务正文、价格、成交、订单簿、账户或凭据,该成员绑定当前版本九字段、唯一定位、成员/Schema/授权指纹和未撤销事实后追加不可变批次,58cce83072ee34edffde9ffae7b57104f60b49a8c9b051742f17d062b74c86a6,6d8c063c04eb02cc5c403067fed389705afe13e3dc1e8139af0c6163635c8bd2,92e2317ab33808587c45d85260f8470a02dafb044af8ae83dbdfff20668a40b0,e52b44b6a11d18644cb12fc9bff836970e7f0a19a819f591321eb67494ca574b
source-identity-entry-discovery-20260810T054907+0800-2fabb3def319,ZI-6a81a9eab1027b343b73215a,DS-000141,BTC,未登记,不可定位,0,无法判定,无法判定,未知,未知,未知,未知,未知,未知,未知,未知,未知,未知,未登记,未登记,未知,27f7235cee2d01a99bf0f9f1109e9272501fdb8df65e8befd348f081a6e8a5b8,未知,未知,未复验,IDENTITY_DECLARATION_MISSING,来源提供者;交易场所;市场类型;标的身份;精确合约;数据对象;Schema确切版本;授权边界;字段中文映射;成员编号;资产编号;输入成员SHA-256;声明版本;声明内容SHA-256;Schema指纹;授权快照SHA-256;撤销事实;证据定位,只读取固定声明入口和information_schema注释摘要；不读取业务正文、价格、成交、订单簿、账户或凭据,该成员绑定当前版本九字段、唯一定位、成员/Schema/授权指纹和未撤销事实后追加不可变批次,58cce83072ee34edffde9ffae7b57104f60b49a8c9b051742f17d062b74c86a6,6d8c063c04eb02cc5c403067fed389705afe13e3dc1e8139af0c6163635c8bd2,92e2317ab33808587c45d85260f8470a02dafb044af8ae83dbdfff20668a40b0,802307538fb447122d57f912e1180abcf24ea36c48c2f0552dd8d29e28e5b3bc
source-identity-entry-discovery-20260810T054907+0800-2fabb3def319,ZI-009128c1d44092db64fb50b2,DS-000142,BTC,未登记,不可定位,0,无法判定,无法判定,未知,未知,未知,未知,未知,未知,未知,未知,未知,未知,未登记,未登记,未知,80fa1bd6e7005895cf660e56647c09e7daa74e86af408dd82f83ee4d04c6f8b5,未知,未知,未复验,IDENTITY_DECLARATION_MISSING,来源提供者;交易场所;市场类型;标的身份;精确合约;数据对象;Schema确切版本;授权边界;字段中文映射;成员编号;资产编号;输入成员SHA-256;声明版本;声明内容SHA-256;Schema指纹;授权快照SHA-256;撤销事实;证据定位,只读取固定声明入口和information_schema注释摘要；不读取业务正文、价格、成交、订单簿、账户或凭据,该成员绑定当前版本九字段、唯一定位、成员/Schema/授权指纹和未撤销事实后追加不可变批次,58cce83072ee34edffde9ffae7b57104f60b49a8c9b051742f17d062b74c86a6,6d8c063c04eb02cc5c403067fed389705afe13e3dc1e8139af0c6163635c8bd2,92e2317ab33808587c45d85260f8470a02dafb044af8ae83dbdfff20668a40b0,bd6ebec006c144bdc7ed9d64fc5345911e33ae6c01a5e52d3d24a32a25b4b084
source-identity-entry-discovery-20260810T054907+0800-2fabb3def319,ZI-d98242a5fa6a990de942165a,DS-000143,BTC,未登记,不可定位,0,无法判定,无法判定,未知,未知,未知,未知,未知,未知,未知,未知,未知,未知,未登记,未登记,未知,4d297614b41f56e3ac145165007736d4e5d0fc857ba98d3ee2525ae214f66bb1,未知,未知,未复验,IDENTITY_DECLARATION_MISSING,来源提供者;交易场所;市场类型;标的身份;精确合约;数据对象;Schema确切版本;授权边界;字段中文映射;成员编号;资产编号;输入成员SHA-256;声明版本;声明内容SHA-256;Schema指纹;授权快照SHA-256;撤销事实;证据定位,只读取固定声明入口和information_schema注释摘要；不读取业务正文、价格、成交、订单簿、账户或凭据,该成员绑定当前版本九字段、唯一定位、成员/Schema/授权指纹和未撤销事实后追加不可变批次,58cce83072ee34edffde9ffae7b57104f60b49a8c9b051742f17d062b74c86a6,6d8c063c04eb02cc5c403067fed389705afe13e3dc1e8139af0c6163635c8bd2,92e2317ab33808587c45d85260f8470a02dafb044af8ae83dbdfff20668a40b0,220bd6fefedc1e731b7b44e936eee14e16280c1194405d866cdfa3f55ee25b91
source-identity-entry-discovery-20260810T054907+0800-2fabb3def319,ZI-656064ee5ebd05df9e1d1d0b,DS-000144,BTC,未登记,不可定位,0,无法判定,无法判定,未知,未知,未知,未知,未知,未知,未知,未知,未知,未知,未登记,未登记,未知,a37f1429695718fc7f7e8f2425da19674e90d6a02d7bb8ff8ce85e66a4f07074,未知,未知,未复验,IDENTITY_DECLARATION_MISSING,来源提供者;交易场所;市场类型;标的身份;精确合约;数据对象;Schema确切版本;授权边界;字段中文映射;成员编号;资产编号;输入成员SHA-256;声明版本;声明内容SHA-256;Schema指纹;授权快照SHA-256;撤销事实;证据定位,只读取固定声明入口和information_schema注释摘要；不读取业务正文、价格、成交、订单簿、账户或凭据,该成员绑定当前版本九字段、唯一定位、成员/Schema/授权指纹和未撤销事实后追加不可变批次,58cce83072ee34edffde9ffae7b57104f60b49a8c9b051742f17d062b74c86a6,6d8c063c04eb02cc5c403067fed389705afe13e3dc1e8139af0c6163635c8bd2,92e2317ab33808587c45d85260f8470a02dafb044af8ae83dbdfff20668a40b0,4337659d91804f2651aed79cb10bc6629e07578e668bedc10a15b09053168187
source-identity-entry-discovery-20260810T054907+0800-2fabb3def319,ZI-1c10301302ee0cd7a93b0689,DS-000145,BTC,未登记,不可定位,0,无法判定,无法判定,未知,未知,未知,未知,未知,未知,未知,未知,未知,未知,未登记,未登记,未知,12ba9cb4812d9b25d1ce7250ee24a6ecbad7c3e14871b3b350b5ff102581369a,未知,未知,未复验,IDENTITY_DECLARATION_MISSING,来源提供者;交易场所;市场类型;标的身份;精确合约;数据对象;Schema确切版本;授权边界;字段中文映射;成员编号;资产编号;输入成员SHA-256;声明版本;声明内容SHA-256;Schema指纹;授权快照SHA-256;撤销事实;证据定位,只读取固定声明入口和information_schema注释摘要；不读取业务正文、价格、成交、订单簿、账户或凭据,该成员绑定当前版本九字段、唯一定位、成员/Schema/授权指纹和未撤销事实后追加不可变批次,58cce83072ee34edffde9ffae7b57104f60b49a8c9b051742f17d062b74c86a6,6d8c063c04eb02cc5c403067fed389705afe13e3dc1e8139af0c6163635c8bd2,92e2317ab33808587c45d85260f8470a02dafb044af8ae83dbdfff20668a40b0,0b4c00f2498d9d2f330aff46e5c6f31bdaafd4e0a07eafb423f03f6985f20a0b
source-identity-entry-discovery-20260810T054907+0800-2fabb3def319,ZI-65304f632d8f816f8c997e85,DS-000146,BTC,未登记,不可定位,0,无法判定,无法判定,未知,未知,未知,未知,未知,未知,未知,未知,未知,未知,未登记,未登记,未知,c3cc5610c7e0e33b392b2bdea0167adef56d57f070b3e427f342c684b3ea0688,未知,未知,未复验,IDENTITY_DECLARATION_MISSING,来源提供者;交易场所;市场类型;标的身份;精确合约;数据对象;Schema确切版本;授权边界;字段中文映射;成员编号;资产编号;输入成员SHA-256;声明版本;声明内容SHA-256;Schema指纹;授权快照SHA-256;撤销事实;证据定位,只读取固定声明入口和information_schema注释摘要；不读取业务正文、价格、成交、订单簿、账户或凭据,该成员绑定当前版本九字段、唯一定位、成员/Schema/授权指纹和未撤销事实后追加不可变批次,58cce83072ee34edffde9ffae7b57104f60b49a8c9b051742f17d062b74c86a6,6d8c063c04eb02cc5c403067fed389705afe13e3dc1e8139af0c6163635c8bd2,92e2317ab33808587c45d85260f8470a02dafb044af8ae83dbdfff20668a40b0,68fc636c6314b621a9d5658e46917b020d0cbee7e6593023277f6f34dc14c865
source-identity-entry-discovery-20260810T054907+0800-2fabb3def319,ZI-16acf3cdbbc6cb6240495c7b,DS-000147,BTC,未登记,不可定位,0,无法判定,无法判定,未知,未知,未知,未知,未知,未知,未知,未知,未知,未知,未登记,未登记,未知,ffc57781fb71aec9cd924574bd3fbe2cedfaba4f4cb581fe866c9a9d0dbed1a9,未知,未知,未复验,IDENTITY_DECLARATION_MISSING,来源提供者;交易场所;市场类型;标的身份;精确合约;数据对象;Schema确切版本;授权边界;字段中文映射;成员编号;资产编号;输入成员SHA-256;声明版本;声明内容SHA-256;Schema指纹;授权快照SHA-256;撤销事实;证据定位,只读取固定声明入口和information_schema注释摘要；不读取业务正文、价格、成交、订单簿、账户或凭据,该成员绑定当前版本九字段、唯一定位、成员/Schema/授权指纹和未撤销事实后追加不可变批次,58cce83072ee34edffde9ffae7b57104f60b49a8c9b051742f17d062b74c86a6,6d8c063c04eb02cc5c403067fed389705afe13e3dc1e8139af0c6163635c8bd2,92e2317ab33808587c45d85260f8470a02dafb044af8ae83dbdfff20668a40b0,9ce7274f01f92006b66bfd48cc3ce0e8702bdd628dd318bb3ca09f5a94840750
source-identity-entry-discovery-20260810T054907+0800-2fabb3def319,ZI-5dfc284725b608d6c0455773,DS-000148,BTC,未登记,不可定位,0,无法判定,无法判定,未知,未知,未知,未知,未知,未知,未知,未知,未知,未知,未登记,未登记,未知,3a02343642236a2a3e657efef9c7518e0c47343c29a0fed06dac9abe93d62260,未知,未知,未复验,IDENTITY_DECLARATION_MISSING,来源提供者;交易场所;市场类型;标的身份;精确合约;数据对象;Schema确切版本;授权边界;字段中文映射;成员编号;资产编号;输入成员SHA-256;声明版本;声明内容SHA-256;Schema指纹;授权快照SHA-256;撤销事实;证据定位,只读取固定声明入口和information_schema注释摘要；不读取业务正文、价格、成交、订单簿、账户或凭据,该成员绑定当前版本九字段、唯一定位、成员/Schema/授权指纹和未撤销事实后追加不可变批次,58cce83072ee34edffde9ffae7b57104f60b49a8c9b051742f17d062b74c86a6,6d8c063c04eb02cc5c403067fed389705afe13e3dc1e8139af0c6163635c8bd2,92e2317ab33808587c45d85260f8470a02dafb044af8ae83dbdfff20668a40b0,e5cbae2209b5d16e4fc3af448c00e00269ceb6c1395c4c58d967a7addca43499
source-identity-entry-discovery-20260810T054907+0800-2fabb3def319,ZI-fb04e2b97b0709831aeef170,DS-000149,BTC,未登记,不可定位,0,无法判定,无法判定,未知,未知,未知,未知,未知,未知,未知,未知,未知,未知,未登记,未登记,未知,a873240ba93a952953aa11ac5f6f40fac71db86b7055f9b2d8541c48f40d345b,未知,未知,未复验,IDENTITY_DECLARATION_MISSING,来源提供者;交易场所;市场类型;标的身份;精确合约;数据对象;Schema确切版本;授权边界;字段中文映射;成员编号;资产编号;输入成员SHA-256;声明版本;声明内容SHA-256;Schema指纹;授权快照SHA-256;撤销事实;证据定位,只读取固定声明入口和information_schema注释摘要；不读取业务正文、价格、成交、订单簿、账户或凭据,该成员绑定当前版本九字段、唯一定位、成员/Schema/授权指纹和未撤销事实后追加不可变批次,58cce83072ee34edffde9ffae7b57104f60b49a8c9b051742f17d062b74c86a6,6d8c063c04eb02cc5c403067fed389705afe13e3dc1e8139af0c6163635c8bd2,92e2317ab33808587c45d85260f8470a02dafb044af8ae83dbdfff20668a40b0,69eee30b2d5045734d6eaf41b453fcca3c7c3509880ba9e4b826d8ed6aaf86e1
source-identity-entry-discovery-20260810T054907+0800-2fabb3def319,ZI-5e9e4d83ac97e26370280732,DS-000150,BTC,未登记,不可定位,0,无法判定,无法判定,未知,未知,未知,未知,未知,未知,未知,未知,未知,未知,未登记,未登记,未知,40939ad30387a7158ed57b306fe0d71798f08cbe52327025d40af30da47e9dc6,未知,未知,未复验,IDENTITY_DECLARATION_MISSING,来源提供者;交易场所;市场类型;标的身份;精确合约;数据对象;Schema确切版本;授权边界;字段中文映射;成员编号;资产编号;输入成员SHA-256;声明版本;声明内容SHA-256;Schema指纹;授权快照SHA-256;撤销事实;证据定位,只读取固定声明入口和information_schema注释摘要；不读取业务正文、价格、成交、订单簿、账户或凭据,该成员绑定当前版本九字段、唯一定位、成员/Schema/授权指纹和未撤销事实后追加不可变批次,58cce83072ee34edffde9ffae7b57104f60b49a8c9b051742f17d062b74c86a6,6d8c063c04eb02cc5c403067fed389705afe13e3dc1e8139af0c6163635c8bd2,92e2317ab33808587c45d85260f8470a02dafb044af8ae83dbdfff20668a40b0,d7e8e983408dd452d21330415f8c4348a1976f5098dbba1116a4e564890b9200
source-identity-entry-discovery-20260810T054907+0800-2fabb3def319,ZI-0424adadee4f47a70743fdba,DS-000151,BTC,未登记,不可定位,0,无法判定,无法判定,未知,未知,未知,未知,未知,未知,未知,未知,未知,未知,未登记,未登记,未知,576e8c8e6487f15c636a679f4a040797e58715ed5fcaeaa34cc9be2b42fc0bd9,未知,未知,未复验,IDENTITY_DECLARATION_MISSING,来源提供者;交易场所;市场类型;标的身份;精确合约;数据对象;Schema确切版本;授权边界;字段中文映射;成员编号;资产编号;输入成员SHA-256;声明版本;声明内容SHA-256;Schema指纹;授权快照SHA-256;撤销事实;证据定位,只读取固定声明入口和information_schema注释摘要；不读取业务正文、价格、成交、订单簿、账户或凭据,该成员绑定当前版本九字段、唯一定位、成员/Schema/授权指纹和未撤销事实后追加不可变批次,58cce83072ee34edffde9ffae7b57104f60b49a8c9b051742f17d062b74c86a6,6d8c063c04eb02cc5c403067fed389705afe13e3dc1e8139af0c6163635c8bd2,92e2317ab33808587c45d85260f8470a02dafb044af8ae83dbdfff20668a40b0,ca9e0b423f149355f4d61367cce868edbefeb2329689b057cc6734dd2b40f83b
source-identity-entry-discovery-20260810T054907+0800-2fabb3def319,ZI-0c07e377a75105645df6b291,DS-000152,BTC,未登记,不可定位,0,无法判定,无法判定,未知,未知,未知,未知,未知,未知,未知,未知,未知,未知,未登记,未登记,未知,72c373f523c68c010f48416824dc922cc7bdcb6a7af086a80aff26503846cc1f,未知,未知,未复验,IDENTITY_DECLARATION_MISSING,来源提供者;交易场所;市场类型;标的身份;精确合约;数据对象;Schema确切版本;授权边界;字段中文映射;成员编号;资产编号;输入成员SHA-256;声明版本;声明内容SHA-256;Schema指纹;授权快照SHA-256;撤销事实;证据定位,只读取固定声明入口和information_schema注释摘要；不读取业务正文、价格、成交、订单簿、账户或凭据,该成员绑定当前版本九字段、唯一定位、成员/Schema/授权指纹和未撤销事实后追加不可变批次,58cce83072ee34edffde9ffae7b57104f60b49a8c9b051742f17d062b74c86a6,6d8c063c04eb02cc5c403067fed389705afe13e3dc1e8139af0c6163635c8bd2,92e2317ab33808587c45d85260f8470a02dafb044af8ae83dbdfff20668a40b0,5851a546d414566e417e758a054379bf0a2930b7839def074a096e760ce6c2d5
source-identity-entry-discovery-20260810T054907+0800-2fabb3def319,ZI-640d37576121e3a650ac0d2e,DS-000153,BTC,未登记,不可定位,0,无法判定,无法判定,未知,未知,未知,未知,未知,未知,未知,未知,未知,未知,未登记,未登记,未知,546a99b7d0834c6f48dec4b7ae8905dcf109bb0225eadb4e316d5042925f9656,未知,未知,未复验,IDENTITY_DECLARATION_MISSING,来源提供者;交易场所;市场类型;标的身份;精确合约;数据对象;Schema确切版本;授权边界;字段中文映射;成员编号;资产编号;输入成员SHA-256;声明版本;声明内容SHA-256;Schema指纹;授权快照SHA-256;撤销事实;证据定位,只读取固定声明入口和information_schema注释摘要；不读取业务正文、价格、成交、订单簿、账户或凭据,该成员绑定当前版本九字段、唯一定位、成员/Schema/授权指纹和未撤销事实后追加不可变批次,58cce83072ee34edffde9ffae7b57104f60b49a8c9b051742f17d062b74c86a6,6d8c063c04eb02cc5c403067fed389705afe13e3dc1e8139af0c6163635c8bd2,92e2317ab33808587c45d85260f8470a02dafb044af8ae83dbdfff20668a40b0,4ff6383d9e9fab69867c230bccb1fcf19f1a57ff6f66fe9b36153e10e1a87fc4
source-identity-entry-discovery-20260810T054907+0800-2fabb3def319,ZI-21ac823fa28df5c1e70a4664,DS-000154,BTC,未登记,不可定位,0,无法判定,无法判定,未知,未知,未知,未知,未知,未知,未知,未知,未知,未知,未登记,未登记,未知,ee9e0ae362a297ec3bf7aa435152701795b513a1aff9467f7d54516156653425,未知,未知,未复验,IDENTITY_DECLARATION_MISSING,来源提供者;交易场所;市场类型;标的身份;精确合约;数据对象;Schema确切版本;授权边界;字段中文映射;成员编号;资产编号;输入成员SHA-256;声明版本;声明内容SHA-256;Schema指纹;授权快照SHA-256;撤销事实;证据定位,只读取固定声明入口和information_schema注释摘要；不读取业务正文、价格、成交、订单簿、账户或凭据,该成员绑定当前版本九字段、唯一定位、成员/Schema/授权指纹和未撤销事实后追加不可变批次,58cce83072ee34edffde9ffae7b57104f60b49a8c9b051742f17d062b74c86a6,6d8c063c04eb02cc5c403067fed389705afe13e3dc1e8139af0c6163635c8bd2,92e2317ab33808587c45d85260f8470a02dafb044af8ae83dbdfff20668a40b0,855c4f7e37bd4f505ea8326342444a74087293dc9ebc4b8767bf1ccf431de0cf
source-identity-entry-discovery-20260810T054907+0800-2fabb3def319,ZI-cdad1cc147a20a41f7f2ee26,DS-000155,BTC,未登记,不可定位,0,无法判定,无法判定,未知,未知,未知,未知,未知,未知,未知,未知,未知,未知,未登记,未登记,未知,6f2aca25eaf8f6fd1197fd066869629e61faf4077b6408d812252f2149ddc42f,未知,未知,未复验,IDENTITY_DECLARATION_MISSING,来源提供者;交易场所;市场类型;标的身份;精确合约;数据对象;Schema确切版本;授权边界;字段中文映射;成员编号;资产编号;输入成员SHA-256;声明版本;声明内容SHA-256;Schema指纹;授权快照SHA-256;撤销事实;证据定位,只读取固定声明入口和information_schema注释摘要；不读取业务正文、价格、成交、订单簿、账户或凭据,该成员绑定当前版本九字段、唯一定位、成员/Schema/授权指纹和未撤销事实后追加不可变批次,58cce83072ee34edffde9ffae7b57104f60b49a8c9b051742f17d062b74c86a6,6d8c063c04eb02cc5c403067fed389705afe13e3dc1e8139af0c6163635c8bd2,92e2317ab33808587c45d85260f8470a02dafb044af8ae83dbdfff20668a40b0,f745236c8924fd2254916d9f6cf3031dc2b5d5efb41ad8e34560b9d7f0c32b3b
source-identity-entry-discovery-20260810T054907+0800-2fabb3def319,ZI-6939ba155854862e518e6009,DS-000156,BTC,未登记,不可定位,0,无法判定,无法判定,未知,未知,未知,未知,未知,未知,未知,未知,未知,未知,未登记,未登记,未知,a72715813de459c323b00c15154ac684ead7ae93d24f420a1fafec5468fa83e7,未知,未知,未复验,IDENTITY_DECLARATION_MISSING,来源提供者;交易场所;市场类型;标的身份;精确合约;数据对象;Schema确切版本;授权边界;字段中文映射;成员编号;资产编号;输入成员SHA-256;声明版本;声明内容SHA-256;Schema指纹;授权快照SHA-256;撤销事实;证据定位,只读取固定声明入口和information_schema注释摘要；不读取业务正文、价格、成交、订单簿、账户或凭据,该成员绑定当前版本九字段、唯一定位、成员/Schema/授权指纹和未撤销事实后追加不可变批次,58cce83072ee34edffde9ffae7b57104f60b49a8c9b051742f17d062b74c86a6,6d8c063c04eb02cc5c403067fed389705afe13e3dc1e8139af0c6163635c8bd2,92e2317ab33808587c45d85260f8470a02dafb044af8ae83dbdfff20668a40b0,00428cb4ff6884ac4c73381615cd210cbd46026b963ee35acc2ca9991b44d7e3
source-identity-entry-discovery-20260810T054907+0800-2fabb3def319,ZI-94557927f00d78aaf5722db0,DS-000157,BTC,未登记,不可定位,0,无法判定,无法判定,未知,未知,未知,未知,未知,未知,未知,未知,未知,未知,未登记,未登记,未知,6eda5591fc0c247a607d37e4cdf6c45a53d77565384aa87932c05f3fdc45535c,未知,未知,未复验,IDENTITY_DECLARATION_MISSING,来源提供者;交易场所;市场类型;标的身份;精确合约;数据对象;Schema确切版本;授权边界;字段中文映射;成员编号;资产编号;输入成员SHA-256;声明版本;声明内容SHA-256;Schema指纹;授权快照SHA-256;撤销事实;证据定位,只读取固定声明入口和information_schema注释摘要；不读取业务正文、价格、成交、订单簿、账户或凭据,该成员绑定当前版本九字段、唯一定位、成员/Schema/授权指纹和未撤销事实后追加不可变批次,58cce83072ee34edffde9ffae7b57104f60b49a8c9b051742f17d062b74c86a6,6d8c063c04eb02cc5c403067fed389705afe13e3dc1e8139af0c6163635c8bd2,92e2317ab33808587c45d85260f8470a02dafb044af8ae83dbdfff20668a40b0,01247e9c7d12230ff3469da0a8d99c3ba8131410b87a08560bb5d99474fde7f8
source-identity-entry-discovery-20260810T054907+0800-2fabb3def319,ZI-7617512dc642e8f9c0fc1dfc,DS-000158,BTC,未登记,不可定位,0,无法判定,无法判定,未知,未知,未知,未知,未知,未知,未知,未知,未知,未知,未登记,未登记,未知,72f486a70d9704d448d87595639e86f5186ef95992b2c4885e6b2b8b853a9d1a,未知,未知,未复验,IDENTITY_DECLARATION_MISSING,来源提供者;交易场所;市场类型;标的身份;精确合约;数据对象;Schema确切版本;授权边界;字段中文映射;成员编号;资产编号;输入成员SHA-256;声明版本;声明内容SHA-256;Schema指纹;授权快照SHA-256;撤销事实;证据定位,只读取固定声明入口和information_schema注释摘要；不读取业务正文、价格、成交、订单簿、账户或凭据,该成员绑定当前版本九字段、唯一定位、成员/Schema/授权指纹和未撤销事实后追加不可变批次,58cce83072ee34edffde9ffae7b57104f60b49a8c9b051742f17d062b74c86a6,6d8c063c04eb02cc5c403067fed389705afe13e3dc1e8139af0c6163635c8bd2,92e2317ab33808587c45d85260f8470a02dafb044af8ae83dbdfff20668a40b0,2a3e0aef42e93e0010bdbc5e61bb459c4e1980a02116bc47515ee055aa7f43d2
source-identity-entry-discovery-20260810T054907+0800-2fabb3def319,ZI-e4239ea33b886b3a8126a033,DS-000159,BTC,未登记,不可定位,0,无法判定,无法判定,未知,未知,未知,未知,未知,未知,未知,未知,未知,未知,未登记,未登记,未知,3542d314315b3e35751cb209f4c796189b505af0f86578c853de6478c418adba,未知,未知,未复验,IDENTITY_DECLARATION_MISSING,来源提供者;交易场所;市场类型;标的身份;精确合约;数据对象;Schema确切版本;授权边界;字段中文映射;成员编号;资产编号;输入成员SHA-256;声明版本;声明内容SHA-256;Schema指纹;授权快照SHA-256;撤销事实;证据定位,只读取固定声明入口和information_schema注释摘要；不读取业务正文、价格、成交、订单簿、账户或凭据,该成员绑定当前版本九字段、唯一定位、成员/Schema/授权指纹和未撤销事实后追加不可变批次,58cce83072ee34edffde9ffae7b57104f60b49a8c9b051742f17d062b74c86a6,6d8c063c04eb02cc5c403067fed389705afe13e3dc1e8139af0c6163635c8bd2,92e2317ab33808587c45d85260f8470a02dafb044af8ae83dbdfff20668a40b0,c23a1f17459f4ef8b15fc88a45ec7db0d564d7c7d516e077613254145eedb2f6
source-identity-entry-discovery-20260810T054907+0800-2fabb3def319,ZI-f6ab3dfe71d4fa1f19c5dc34,DS-000160,BTC,未登记,不可定位,0,无法判定,无法判定,未知,未知,未知,未知,未知,未知,未知,未知,未知,未知,未登记,未登记,未知,d7aa39396e7a11768826401789432108e5ab65f5340646b4925cc6bb9bf83dfb,未知,未知,未复验,IDENTITY_DECLARATION_MISSING,来源提供者;交易场所;市场类型;标的身份;精确合约;数据对象;Schema确切版本;授权边界;字段中文映射;成员编号;资产编号;输入成员SHA-256;声明版本;声明内容SHA-256;Schema指纹;授权快照SHA-256;撤销事实;证据定位,只读取固定声明入口和information_schema注释摘要；不读取业务正文、价格、成交、订单簿、账户或凭据,该成员绑定当前版本九字段、唯一定位、成员/Schema/授权指纹和未撤销事实后追加不可变批次,58cce83072ee34edffde9ffae7b57104f60b49a8c9b051742f17d062b74c86a6,6d8c063c04eb02cc5c403067fed389705afe13e3dc1e8139af0c6163635c8bd2,92e2317ab33808587c45d85260f8470a02dafb044af8ae83dbdfff20668a40b0,5a8f158aafdb387a0cce66926c99617085710831f6a416845f2e16bafd9e9d88
source-identity-entry-discovery-20260810T054907+0800-2fabb3def319,ZI-d9887ba0784f6c2473f97059,DS-000161,BTC,未登记,不可定位,0,无法判定,无法判定,未知,未知,未知,未知,未知,未知,未知,未知,未知,未知,未登记,未登记,未知,ec01d645a01d99926ec9405f77b33b2cb182ca4135cfdfeeadee39f80bdbeab5,未知,未知,未复验,IDENTITY_DECLARATION_MISSING,来源提供者;交易场所;市场类型;标的身份;精确合约;数据对象;Schema确切版本;授权边界;字段中文映射;成员编号;资产编号;输入成员SHA-256;声明版本;声明内容SHA-256;Schema指纹;授权快照SHA-256;撤销事实;证据定位,只读取固定声明入口和information_schema注释摘要；不读取业务正文、价格、成交、订单簿、账户或凭据,该成员绑定当前版本九字段、唯一定位、成员/Schema/授权指纹和未撤销事实后追加不可变批次,58cce83072ee34edffde9ffae7b57104f60b49a8c9b051742f17d062b74c86a6,6d8c063c04eb02cc5c403067fed389705afe13e3dc1e8139af0c6163635c8bd2,92e2317ab33808587c45d85260f8470a02dafb044af8ae83dbdfff20668a40b0,115287af8fefe88f3195ef8798b3288c4d0199797cdefe55747899391d3251ec
source-identity-entry-discovery-20260810T054907+0800-2fabb3def319,ZI-455991cb8b0b7e308ee383e8,DS-000162,BTC,未登记,不可定位,0,无法判定,无法判定,未知,未知,未知,未知,未知,未知,未知,未知,未知,未知,未登记,未登记,未知,8bcd4a1f32df538b6b79746044da34ee5f0dd05800d6484cd0ba9601ce36ca5e,未知,未知,未复验,IDENTITY_DECLARATION_MISSING,来源提供者;交易场所;市场类型;标的身份;精确合约;数据对象;Schema确切版本;授权边界;字段中文映射;成员编号;资产编号;输入成员SHA-256;声明版本;声明内容SHA-256;Schema指纹;授权快照SHA-256;撤销事实;证据定位,只读取固定声明入口和information_schema注释摘要；不读取业务正文、价格、成交、订单簿、账户或凭据,该成员绑定当前版本九字段、唯一定位、成员/Schema/授权指纹和未撤销事实后追加不可变批次,58cce83072ee34edffde9ffae7b57104f60b49a8c9b051742f17d062b74c86a6,6d8c063c04eb02cc5c403067fed389705afe13e3dc1e8139af0c6163635c8bd2,92e2317ab33808587c45d85260f8470a02dafb044af8ae83dbdfff20668a40b0,d119006d26d3f6e12d09336d6bbc4d44126a6eb5f900dea1b563fc910d222632
source-identity-entry-discovery-20260810T054907+0800-2fabb3def319,ZI-d66eff48ef4c87b84424c5f3,DS-000163,BTC,未登记,不可定位,0,无法判定,无法判定,未知,未知,未知,未知,未知,未知,未知,未知,未知,未知,未登记,未登记,未知,752b82b872a799d4af7a2c30cdbe801cc698881ef471389e897662c027aa4d11,未知,未知,未复验,IDENTITY_DECLARATION_MISSING,来源提供者;交易场所;市场类型;标的身份;精确合约;数据对象;Schema确切版本;授权边界;字段中文映射;成员编号;资产编号;输入成员SHA-256;声明版本;声明内容SHA-256;Schema指纹;授权快照SHA-256;撤销事实;证据定位,只读取固定声明入口和information_schema注释摘要；不读取业务正文、价格、成交、订单簿、账户或凭据,该成员绑定当前版本九字段、唯一定位、成员/Schema/授权指纹和未撤销事实后追加不可变批次,58cce83072ee34edffde9ffae7b57104f60b49a8c9b051742f17d062b74c86a6,6d8c063c04eb02cc5c403067fed389705afe13e3dc1e8139af0c6163635c8bd2,92e2317ab33808587c45d85260f8470a02dafb044af8ae83dbdfff20668a40b0,378a63212fbf838ffd8932aad6e2b6675240db79381b3c45fd2e13ed8379a57f
source-identity-entry-discovery-20260810T054907+0800-2fabb3def319,ZI-17947f8323f81e7134b3ea1c,DS-000164,BTC,未登记,不可定位,0,无法判定,拒绝,未知,未知,未知,未知,未知,未知,未知,未知,未知,未知,未登记,未登记,未知,cb3f2cfa1431a5e9847c70b5630e69fb57a0b38a928b2348486398c485d9bae6,未知,未知,未复验,IDENTITY_DECLARATION_MISSING,来源提供者;交易场所;市场类型;标的身份;精确合约;数据对象;Schema确切版本;授权边界;字段中文映射;成员编号;资产编号;输入成员SHA-256;声明版本;声明内容SHA-256;Schema指纹;授权快照SHA-256;撤销事实;证据定位,只读取固定声明入口和information_schema注释摘要；不读取业务正文、价格、成交、订单簿、账户或凭据,该成员绑定当前版本九字段、唯一定位、成员/Schema/授权指纹和未撤销事实后追加不可变批次,58cce83072ee34edffde9ffae7b57104f60b49a8c9b051742f17d062b74c86a6,6d8c063c04eb02cc5c403067fed389705afe13e3dc1e8139af0c6163635c8bd2,92e2317ab33808587c45d85260f8470a02dafb044af8ae83dbdfff20668a40b0,84b3ea38d6b2d2d2ec0c97f4b7ce99556ac9d785a959a53828bbeb10cb5e4a36
source-identity-entry-discovery-20260810T054907+0800-2fabb3def319,ZI-f26abf407f8b04d24370113f,DS-000165,BTC,未登记,不可定位,0,无法判定,无法判定,未知,未知,未知,未知,未知,未知,未知,未知,未知,未知,未登记,未登记,未知,c3e43bdaf00cb3c1f31558af9d95c281dcf7b02f513783e1b2d81801c988131b,未知,未知,未复验,IDENTITY_DECLARATION_MISSING,来源提供者;交易场所;市场类型;标的身份;精确合约;数据对象;Schema确切版本;授权边界;字段中文映射;成员编号;资产编号;输入成员SHA-256;声明版本;声明内容SHA-256;Schema指纹;授权快照SHA-256;撤销事实;证据定位,只读取固定声明入口和information_schema注释摘要；不读取业务正文、价格、成交、订单簿、账户或凭据,该成员绑定当前版本九字段、唯一定位、成员/Schema/授权指纹和未撤销事实后追加不可变批次,58cce83072ee34edffde9ffae7b57104f60b49a8c9b051742f17d062b74c86a6,6d8c063c04eb02cc5c403067fed389705afe13e3dc1e8139af0c6163635c8bd2,92e2317ab33808587c45d85260f8470a02dafb044af8ae83dbdfff20668a40b0,6f61ec5cabfc70a06d4f64fe95615fdd92802f3a150f0282c19b020e50bef86a
source-identity-entry-discovery-20260810T054907+0800-2fabb3def319,ZI-4b9d46c03dd6f781351926e4,DS-000166,BTC,未登记,不可定位,0,无法判定,无法判定,未知,未知,未知,未知,未知,未知,未知,未知,未知,未知,未登记,未登记,未知,124c9805ad883e81114457ba70e09538f6482e40db071620d525d646cc62ca8e,未知,未知,未复验,IDENTITY_DECLARATION_MISSING,来源提供者;交易场所;市场类型;标的身份;精确合约;数据对象;Schema确切版本;授权边界;字段中文映射;成员编号;资产编号;输入成员SHA-256;声明版本;声明内容SHA-256;Schema指纹;授权快照SHA-256;撤销事实;证据定位,只读取固定声明入口和information_schema注释摘要；不读取业务正文、价格、成交、订单簿、账户或凭据,该成员绑定当前版本九字段、唯一定位、成员/Schema/授权指纹和未撤销事实后追加不可变批次,58cce83072ee34edffde9ffae7b57104f60b49a8c9b051742f17d062b74c86a6,6d8c063c04eb02cc5c403067fed389705afe13e3dc1e8139af0c6163635c8bd2,92e2317ab33808587c45d85260f8470a02dafb044af8ae83dbdfff20668a40b0,98b34160ccd776ad6b4a967f485788af641013df578e2a0031d8607f32fbe3b2
source-identity-entry-discovery-20260810T054907+0800-2fabb3def319,ZI-34dff9049f1d369afb466555,DS-000167,BTC,未登记,不可定位,0,无法判定,无法判定,未知,未知,未知,未知,未知,未知,未知,未知,未知,未知,未登记,未登记,未知,21e4a941e92f073fd4e7b87229f307e3ce1d789f3cfef3dadf9038462b8a8c68,未知,未知,未复验,IDENTITY_DECLARATION_MISSING,来源提供者;交易场所;市场类型;标的身份;精确合约;数据对象;Schema确切版本;授权边界;字段中文映射;成员编号;资产编号;输入成员SHA-256;声明版本;声明内容SHA-256;Schema指纹;授权快照SHA-256;撤销事实;证据定位,只读取固定声明入口和information_schema注释摘要；不读取业务正文、价格、成交、订单簿、账户或凭据,该成员绑定当前版本九字段、唯一定位、成员/Schema/授权指纹和未撤销事实后追加不可变批次,58cce83072ee34edffde9ffae7b57104f60b49a8c9b051742f17d062b74c86a6,6d8c063c04eb02cc5c403067fed389705afe13e3dc1e8139af0c6163635c8bd2,92e2317ab33808587c45d85260f8470a02dafb044af8ae83dbdfff20668a40b0,abca4c4a6a813e90653de6242da15adea73e973be8a6116bcd18983843438292
source-identity-entry-discovery-20260810T054907+0800-2fabb3def319,ZI-e55942224685f7d269286e18,DS-000168,BTC,未登记,不可定位,0,无法判定,无法判定,未知,未知,未知,未知,未知,未知,未知,未知,未知,未知,未登记,未登记,未知,f8a62a522dbf19d9f77ac41019b29e0d5926d40fae094dc88dac45931309b6fa,未知,未知,未复验,IDENTITY_DECLARATION_MISSING,来源提供者;交易场所;市场类型;标的身份;精确合约;数据对象;Schema确切版本;授权边界;字段中文映射;成员编号;资产编号;输入成员SHA-256;声明版本;声明内容SHA-256;Schema指纹;授权快照SHA-256;撤销事实;证据定位,只读取固定声明入口和information_schema注释摘要；不读取业务正文、价格、成交、订单簿、账户或凭据,该成员绑定当前版本九字段、唯一定位、成员/Schema/授权指纹和未撤销事实后追加不可变批次,58cce83072ee34edffde9ffae7b57104f60b49a8c9b051742f17d062b74c86a6,6d8c063c04eb02cc5c403067fed389705afe13e3dc1e8139af0c6163635c8bd2,92e2317ab33808587c45d85260f8470a02dafb044af8ae83dbdfff20668a40b0,a01d74460be6ea230decf8538be7f7e8b3a6eda3e2c63dfa9d2f396579284819
source-identity-entry-discovery-20260810T054907+0800-2fabb3def319,ZI-5a84cfbc430a960cd28000ec,DS-000169,BTC,未登记,不可定位,0,无法判定,无法判定,未知,未知,未知,未知,未知,未知,未知,未知,未知,未知,未登记,未登记,未知,671abd7b1989a86c583e552837880726ae9a67b0aab16e05de13612a73d4ecdf,未知,未知,未复验,IDENTITY_DECLARATION_MISSING,来源提供者;交易场所;市场类型;标的身份;精确合约;数据对象;Schema确切版本;授权边界;字段中文映射;成员编号;资产编号;输入成员SHA-256;声明版本;声明内容SHA-256;Schema指纹;授权快照SHA-256;撤销事实;证据定位,只读取固定声明入口和information_schema注释摘要；不读取业务正文、价格、成交、订单簿、账户或凭据,该成员绑定当前版本九字段、唯一定位、成员/Schema/授权指纹和未撤销事实后追加不可变批次,58cce83072ee34edffde9ffae7b57104f60b49a8c9b051742f17d062b74c86a6,6d8c063c04eb02cc5c403067fed389705afe13e3dc1e8139af0c6163635c8bd2,92e2317ab33808587c45d85260f8470a02dafb044af8ae83dbdfff20668a40b0,d829895171703ff1fb47063b2bed5d612b4456d722494209a27873dc388bc81f
source-identity-entry-discovery-20260810T054907+0800-2fabb3def319,ZI-fb526a38ae5fd3aa09ae64ae,DS-000170,BTC,未登记,不可定位,0,无法判定,无法判定,未知,未知,未知,未知,未知,未知,未知,未知,未知,未知,未登记,未登记,未知,9880223dc66afea86d19de7288fac597977eb9007513637dd141df6bbb558cf1,未知,未知,未复验,IDENTITY_DECLARATION_MISSING,来源提供者;交易场所;市场类型;标的身份;精确合约;数据对象;Schema确切版本;授权边界;字段中文映射;成员编号;资产编号;输入成员SHA-256;声明版本;声明内容SHA-256;Schema指纹;授权快照SHA-256;撤销事实;证据定位,只读取固定声明入口和information_schema注释摘要；不读取业务正文、价格、成交、订单簿、账户或凭据,该成员绑定当前版本九字段、唯一定位、成员/Schema/授权指纹和未撤销事实后追加不可变批次,58cce83072ee34edffde9ffae7b57104f60b49a8c9b051742f17d062b74c86a6,6d8c063c04eb02cc5c403067fed389705afe13e3dc1e8139af0c6163635c8bd2,92e2317ab33808587c45d85260f8470a02dafb044af8ae83dbdfff20668a40b0,8b1742867d195cf4b955bfcbafa55bea54b8cc226a20244d1d2c6d1b506fcbb4
source-identity-entry-discovery-20260810T054907+0800-2fabb3def319,ZI-7d429d1f623c63bbc6f1ef8e,DS-000171,BTC,未登记,不可定位,0,无法判定,无法判定,未知,未知,未知,未知,未知,未知,未知,未知,未知,未知,未登记,未登记,未知,bafa83fba181792f378cb580dcfa6120abaf40fd3a0e15b52ee8bb9850b1d7c1,未知,未知,未复验,IDENTITY_DECLARATION_MISSING,来源提供者;交易场所;市场类型;标的身份;精确合约;数据对象;Schema确切版本;授权边界;字段中文映射;成员编号;资产编号;输入成员SHA-256;声明版本;声明内容SHA-256;Schema指纹;授权快照SHA-256;撤销事实;证据定位,只读取固定声明入口和information_schema注释摘要；不读取业务正文、价格、成交、订单簿、账户或凭据,该成员绑定当前版本九字段、唯一定位、成员/Schema/授权指纹和未撤销事实后追加不可变批次,58cce83072ee34edffde9ffae7b57104f60b49a8c9b051742f17d062b74c86a6,6d8c063c04eb02cc5c403067fed389705afe13e3dc1e8139af0c6163635c8bd2,92e2317ab33808587c45d85260f8470a02dafb044af8ae83dbdfff20668a40b0,a45345ee96b74f041172f7c5c0470b87a486f1aeff056f44d64d87cff71d59c1
source-identity-entry-discovery-20260810T054907+0800-2fabb3def319,ZI-aac1bb06a6b99207067ded53,DS-000172,BTC,未登记,不可定位,0,无法判定,无法判定,未知,未知,未知,未知,未知,未知,未知,未知,未知,未知,未登记,未登记,未知,eb688bbf8774884808324cb917637b38b808edcce9636716f36c0c73a0bb1a70,未知,未知,未复验,IDENTITY_DECLARATION_MISSING,来源提供者;交易场所;市场类型;标的身份;精确合约;数据对象;Schema确切版本;授权边界;字段中文映射;成员编号;资产编号;输入成员SHA-256;声明版本;声明内容SHA-256;Schema指纹;授权快照SHA-256;撤销事实;证据定位,只读取固定声明入口和information_schema注释摘要；不读取业务正文、价格、成交、订单簿、账户或凭据,该成员绑定当前版本九字段、唯一定位、成员/Schema/授权指纹和未撤销事实后追加不可变批次,58cce83072ee34edffde9ffae7b57104f60b49a8c9b051742f17d062b74c86a6,6d8c063c04eb02cc5c403067fed389705afe13e3dc1e8139af0c6163635c8bd2,92e2317ab33808587c45d85260f8470a02dafb044af8ae83dbdfff20668a40b0,39eb13c4990a9ddc9f5e10372bc3020d73d5667aace1b69ef893f07e6f741577
source-identity-entry-discovery-20260810T054907+0800-2fabb3def319,ZI-fa106fa26030d60d8965c34b,DS-000173,BTC,未登记,不可定位,0,无法判定,无法判定,未知,未知,未知,未知,未知,未知,未知,未知,未知,未知,未登记,未登记,未知,a06211053ef3792fd50827071a13e367103be5199d7b34c0e41b19e742bec238,未知,未知,未复验,IDENTITY_DECLARATION_MISSING,来源提供者;交易场所;市场类型;标的身份;精确合约;数据对象;Schema确切版本;授权边界;字段中文映射;成员编号;资产编号;输入成员SHA-256;声明版本;声明内容SHA-256;Schema指纹;授权快照SHA-256;撤销事实;证据定位,只读取固定声明入口和information_schema注释摘要；不读取业务正文、价格、成交、订单簿、账户或凭据,该成员绑定当前版本九字段、唯一定位、成员/Schema/授权指纹和未撤销事实后追加不可变批次,58cce83072ee34edffde9ffae7b57104f60b49a8c9b051742f17d062b74c86a6,6d8c063c04eb02cc5c403067fed389705afe13e3dc1e8139af0c6163635c8bd2,92e2317ab33808587c45d85260f8470a02dafb044af8ae83dbdfff20668a40b0,0266ecf5bb8bcd024ac25c855f390c679975a4f2614a1d996c295b45ced25e3c
source-identity-entry-discovery-20260810T054907+0800-2fabb3def319,ZI-a395eafdee634d105fbc037f,DS-000174,BTC,未登记,不可定位,0,无法判定,无法判定,未知,未知,未知,未知,未知,未知,未知,未知,未知,未知,未登记,未登记,未知,24bff6b100446afade335ff88ab048b5c675d812f75e01549793cae7f257d97f,未知,未知,未复验,IDENTITY_DECLARATION_MISSING,来源提供者;交易场所;市场类型;标的身份;精确合约;数据对象;Schema确切版本;授权边界;字段中文映射;成员编号;资产编号;输入成员SHA-256;声明版本;声明内容SHA-256;Schema指纹;授权快照SHA-256;撤销事实;证据定位,只读取固定声明入口和information_schema注释摘要；不读取业务正文、价格、成交、订单簿、账户或凭据,该成员绑定当前版本九字段、唯一定位、成员/Schema/授权指纹和未撤销事实后追加不可变批次,58cce83072ee34edffde9ffae7b57104f60b49a8c9b051742f17d062b74c86a6,6d8c063c04eb02cc5c403067fed389705afe13e3dc1e8139af0c6163635c8bd2,92e2317ab33808587c45d85260f8470a02dafb044af8ae83dbdfff20668a40b0,fba7b81a0440b79149fb0695c4e6d9f4fbef0ac9a24d2ac9b4eeade20f4814d7
source-identity-entry-discovery-20260810T054907+0800-2fabb3def319,ZI-1152bffa2435f07af09dc124,DS-000175,BTC,未登记,不可定位,0,无法判定,无法判定,未知,未知,未知,未知,未知,未知,未知,未知,未知,未知,未登记,未登记,未知,e69a513ac7621ea835192801bdc3809e04d75239d3d02150790c2b4feb89c14f,未知,未知,未复验,IDENTITY_DECLARATION_MISSING,来源提供者;交易场所;市场类型;标的身份;精确合约;数据对象;Schema确切版本;授权边界;字段中文映射;成员编号;资产编号;输入成员SHA-256;声明版本;声明内容SHA-256;Schema指纹;授权快照SHA-256;撤销事实;证据定位,只读取固定声明入口和information_schema注释摘要；不读取业务正文、价格、成交、订单簿、账户或凭据,该成员绑定当前版本九字段、唯一定位、成员/Schema/授权指纹和未撤销事实后追加不可变批次,58cce83072ee34edffde9ffae7b57104f60b49a8c9b051742f17d062b74c86a6,6d8c063c04eb02cc5c403067fed389705afe13e3dc1e8139af0c6163635c8bd2,92e2317ab33808587c45d85260f8470a02dafb044af8ae83dbdfff20668a40b0,a3c6f08575aec0151ee9c3ae0f236f2d8398a43d54f1614abbb7d3db48564ac4
source-identity-entry-discovery-20260810T054907+0800-2fabb3def319,ZI-a9f305697de0c752d67de6f9,DS-000176,BTC,未登记,不可定位,0,无法判定,无法判定,未知,未知,未知,未知,未知,未知,未知,未知,未知,未知,未登记,未登记,未知,90ebfb0f32228dabe4d3c3d6fffddbe5c46cd9db2008dc26dc4e6f6040d4413c,未知,未知,未复验,IDENTITY_DECLARATION_MISSING,来源提供者;交易场所;市场类型;标的身份;精确合约;数据对象;Schema确切版本;授权边界;字段中文映射;成员编号;资产编号;输入成员SHA-256;声明版本;声明内容SHA-256;Schema指纹;授权快照SHA-256;撤销事实;证据定位,只读取固定声明入口和information_schema注释摘要；不读取业务正文、价格、成交、订单簿、账户或凭据,该成员绑定当前版本九字段、唯一定位、成员/Schema/授权指纹和未撤销事实后追加不可变批次,58cce83072ee34edffde9ffae7b57104f60b49a8c9b051742f17d062b74c86a6,6d8c063c04eb02cc5c403067fed389705afe13e3dc1e8139af0c6163635c8bd2,92e2317ab33808587c45d85260f8470a02dafb044af8ae83dbdfff20668a40b0,397cc0ddd62f889d0aea342d3be34b9bfe097c75f82187aa73c3c57d9317aa3f
source-identity-entry-discovery-20260810T054907+0800-2fabb3def319,ZI-3738394efd413b3002a00a2c,DS-000177,BTC,未登记,不可定位,0,无法判定,无法判定,未知,未知,未知,未知,未知,未知,未知,未知,未知,未知,未登记,未登记,未知,2f8df68ac997b3bf050617e476702d5c601fa659f1895ee84cfbf15371917e1d,未知,未知,未复验,IDENTITY_DECLARATION_MISSING,来源提供者;交易场所;市场类型;标的身份;精确合约;数据对象;Schema确切版本;授权边界;字段中文映射;成员编号;资产编号;输入成员SHA-256;声明版本;声明内容SHA-256;Schema指纹;授权快照SHA-256;撤销事实;证据定位,只读取固定声明入口和information_schema注释摘要；不读取业务正文、价格、成交、订单簿、账户或凭据,该成员绑定当前版本九字段、唯一定位、成员/Schema/授权指纹和未撤销事实后追加不可变批次,58cce83072ee34edffde9ffae7b57104f60b49a8c9b051742f17d062b74c86a6,6d8c063c04eb02cc5c403067fed389705afe13e3dc1e8139af0c6163635c8bd2,92e2317ab33808587c45d85260f8470a02dafb044af8ae83dbdfff20668a40b0,2f466cab882c78284413699b6a39fe5bc9595d307692a8d2b120ab21ae800c48
source-identity-entry-discovery-20260810T054907+0800-2fabb3def319,ZI-46362304247211436445a671,DS-000178,BTC,未登记,不可定位,0,无法判定,无法判定,未知,未知,未知,未知,未知,未知,未知,未知,未知,未知,未登记,未登记,未知,2be772033a825d5db28b7b4ec5e1ea9930f0b1b0b4d08440e6d7ea2e764aad5b,未知,未知,未复验,IDENTITY_DECLARATION_MISSING,来源提供者;交易场所;市场类型;标的身份;精确合约;数据对象;Schema确切版本;授权边界;字段中文映射;成员编号;资产编号;输入成员SHA-256;声明版本;声明内容SHA-256;Schema指纹;授权快照SHA-256;撤销事实;证据定位,只读取固定声明入口和information_schema注释摘要；不读取业务正文、价格、成交、订单簿、账户或凭据,该成员绑定当前版本九字段、唯一定位、成员/Schema/授权指纹和未撤销事实后追加不可变批次,58cce83072ee34edffde9ffae7b57104f60b49a8c9b051742f17d062b74c86a6,6d8c063c04eb02cc5c403067fed389705afe13e3dc1e8139af0c6163635c8bd2,92e2317ab33808587c45d85260f8470a02dafb044af8ae83dbdfff20668a40b0,21865339288a5638d2c0e8194aeac43a40c2a589d82023bd070938a7098012bb
source-identity-entry-discovery-20260810T054907+0800-2fabb3def319,ZI-b69c1e9048e918566ceefa22,DS-000179,BTC,未登记,不可定位,0,无法判定,无法判定,未知,未知,未知,未知,未知,未知,未知,未知,未知,未知,未登记,未登记,未知,6bc774ebf31ea4bc26f9986dd2196dd92683949fa9b59523e75b9a8d0ed2bf93,未知,未知,未复验,IDENTITY_DECLARATION_MISSING,来源提供者;交易场所;市场类型;标的身份;精确合约;数据对象;Schema确切版本;授权边界;字段中文映射;成员编号;资产编号;输入成员SHA-256;声明版本;声明内容SHA-256;Schema指纹;授权快照SHA-256;撤销事实;证据定位,只读取固定声明入口和information_schema注释摘要；不读取业务正文、价格、成交、订单簿、账户或凭据,该成员绑定当前版本九字段、唯一定位、成员/Schema/授权指纹和未撤销事实后追加不可变批次,58cce83072ee34edffde9ffae7b57104f60b49a8c9b051742f17d062b74c86a6,6d8c063c04eb02cc5c403067fed389705afe13e3dc1e8139af0c6163635c8bd2,92e2317ab33808587c45d85260f8470a02dafb044af8ae83dbdfff20668a40b0,047c7705c62da9ab5e2f63d20dfb5476069366bb241b16a51874cb51ebc4ec00
source-identity-entry-discovery-20260810T054907+0800-2fabb3def319,ZI-d64a2f2a8cd520c712ce9c8f,DS-000180,BTC,未登记,不可定位,0,无法判定,无法判定,未知,未知,未知,未知,未知,未知,未知,未知,未知,未知,未登记,未登记,未知,b6118ed137c406348410af6e4eaeb8261a9eb3235fe2ad89f4ca2a4bea3b0a27,未知,未知,未复验,IDENTITY_DECLARATION_MISSING,来源提供者;交易场所;市场类型;标的身份;精确合约;数据对象;Schema确切版本;授权边界;字段中文映射;成员编号;资产编号;输入成员SHA-256;声明版本;声明内容SHA-256;Schema指纹;授权快照SHA-256;撤销事实;证据定位,只读取固定声明入口和information_schema注释摘要；不读取业务正文、价格、成交、订单簿、账户或凭据,该成员绑定当前版本九字段、唯一定位、成员/Schema/授权指纹和未撤销事实后追加不可变批次,58cce83072ee34edffde9ffae7b57104f60b49a8c9b051742f17d062b74c86a6,6d8c063c04eb02cc5c403067fed389705afe13e3dc1e8139af0c6163635c8bd2,92e2317ab33808587c45d85260f8470a02dafb044af8ae83dbdfff20668a40b0,933aba421fda3709b4b51cf22a247b1c6f220d8dc792962eebc506f82b7b76a6
source-identity-entry-discovery-20260810T054907+0800-2fabb3def319,ZI-bce9dfb54e2ed9b7f18d9b14,DS-000181,BTC,未登记,不可定位,0,无法判定,无法判定,未知,未知,未知,未知,未知,未知,未知,未知,未知,未知,未登记,未登记,未知,1fe6ac4a775c05280ed26b8f8853a6ac1a22125ef106286be954feedba32abf5,未知,未知,未复验,IDENTITY_DECLARATION_MISSING,来源提供者;交易场所;市场类型;标的身份;精确合约;数据对象;Schema确切版本;授权边界;字段中文映射;成员编号;资产编号;输入成员SHA-256;声明版本;声明内容SHA-256;Schema指纹;授权快照SHA-256;撤销事实;证据定位,只读取固定声明入口和information_schema注释摘要；不读取业务正文、价格、成交、订单簿、账户或凭据,该成员绑定当前版本九字段、唯一定位、成员/Schema/授权指纹和未撤销事实后追加不可变批次,58cce83072ee34edffde9ffae7b57104f60b49a8c9b051742f17d062b74c86a6,6d8c063c04eb02cc5c403067fed389705afe13e3dc1e8139af0c6163635c8bd2,92e2317ab33808587c45d85260f8470a02dafb044af8ae83dbdfff20668a40b0,365625600ed1e3e2bbaf4e947310c1a3c7696a8278073e957660ef5c742265b3
source-identity-entry-discovery-20260810T054907+0800-2fabb3def319,ZI-2f48d5457582bdd23668ba24,DS-000182,BTC,未登记,不可定位,0,无法判定,无法判定,未知,未知,未知,未知,未知,未知,未知,未知,未知,未知,未登记,未登记,未知,a74ec65bcc7369875747ed975605f401086ff589062f54356d0d9950115c7de9,未知,未知,未复验,IDENTITY_DECLARATION_MISSING,来源提供者;交易场所;市场类型;标的身份;精确合约;数据对象;Schema确切版本;授权边界;字段中文映射;成员编号;资产编号;输入成员SHA-256;声明版本;声明内容SHA-256;Schema指纹;授权快照SHA-256;撤销事实;证据定位,只读取固定声明入口和information_schema注释摘要；不读取业务正文、价格、成交、订单簿、账户或凭据,该成员绑定当前版本九字段、唯一定位、成员/Schema/授权指纹和未撤销事实后追加不可变批次,58cce83072ee34edffde9ffae7b57104f60b49a8c9b051742f17d062b74c86a6,6d8c063c04eb02cc5c403067fed389705afe13e3dc1e8139af0c6163635c8bd2,92e2317ab33808587c45d85260f8470a02dafb044af8ae83dbdfff20668a40b0,12a4a723c41b1c73ee5dd98211f923c6964316e8fa187d6f6349e4a00bdc0171
source-identity-entry-discovery-20260810T054907+0800-2fabb3def319,ZI-7c30f1c32268b00fa252bf6c,DS-000183,BTC,未登记,不可定位,0,无法判定,无法判定,未知,未知,未知,未知,未知,未知,未知,未知,未知,未知,未登记,未登记,未知,5bd5cdb50b22e563541c34884cc493910fe803c5d4b9545de146de4b4433eedb,未知,未知,未复验,IDENTITY_DECLARATION_MISSING,来源提供者;交易场所;市场类型;标的身份;精确合约;数据对象;Schema确切版本;授权边界;字段中文映射;成员编号;资产编号;输入成员SHA-256;声明版本;声明内容SHA-256;Schema指纹;授权快照SHA-256;撤销事实;证据定位,只读取固定声明入口和information_schema注释摘要；不读取业务正文、价格、成交、订单簿、账户或凭据,该成员绑定当前版本九字段、唯一定位、成员/Schema/授权指纹和未撤销事实后追加不可变批次,58cce83072ee34edffde9ffae7b57104f60b49a8c9b051742f17d062b74c86a6,6d8c063c04eb02cc5c403067fed389705afe13e3dc1e8139af0c6163635c8bd2,92e2317ab33808587c45d85260f8470a02dafb044af8ae83dbdfff20668a40b0,c7d5bfd56f8b333ffdb1ce9bb790f28b797d7aa65cb51dadd7392ffa34bd6b9e
source-identity-entry-discovery-20260810T054907+0800-2fabb3def319,ZI-c39244d5fbd3833d648c5a53,DS-000184,BTC,未登记,不可定位,0,无法判定,无法判定,未知,未知,未知,未知,未知,未知,未知,未知,未知,未知,未登记,未登记,未知,ae7b53abea94ebb15ee07ac54328eacafce104a7821261b0f92cdc259136945c,未知,未知,未复验,IDENTITY_DECLARATION_MISSING,来源提供者;交易场所;市场类型;标的身份;精确合约;数据对象;Schema确切版本;授权边界;字段中文映射;成员编号;资产编号;输入成员SHA-256;声明版本;声明内容SHA-256;Schema指纹;授权快照SHA-256;撤销事实;证据定位,只读取固定声明入口和information_schema注释摘要；不读取业务正文、价格、成交、订单簿、账户或凭据,该成员绑定当前版本九字段、唯一定位、成员/Schema/授权指纹和未撤销事实后追加不可变批次,58cce83072ee34edffde9ffae7b57104f60b49a8c9b051742f17d062b74c86a6,6d8c063c04eb02cc5c403067fed389705afe13e3dc1e8139af0c6163635c8bd2,92e2317ab33808587c45d85260f8470a02dafb044af8ae83dbdfff20668a40b0,dc6de4b685ac445e510b617454e6aaf612156a377a4ee3d860536f6487b7d9e7
source-identity-entry-discovery-20260810T054907+0800-2fabb3def319,ZI-f7a557013982647b609cab63,DS-000185,BTC,未登记,不可定位,0,无法判定,无法判定,未知,未知,未知,未知,未知,未知,未知,未知,未知,未知,未登记,未登记,未知,fd66279f71275b9153fd72c7881ea8d8650bb18480b5b4455a1235907ffb7471,未知,未知,未复验,IDENTITY_DECLARATION_MISSING,来源提供者;交易场所;市场类型;标的身份;精确合约;数据对象;Schema确切版本;授权边界;字段中文映射;成员编号;资产编号;输入成员SHA-256;声明版本;声明内容SHA-256;Schema指纹;授权快照SHA-256;撤销事实;证据定位,只读取固定声明入口和information_schema注释摘要；不读取业务正文、价格、成交、订单簿、账户或凭据,该成员绑定当前版本九字段、唯一定位、成员/Schema/授权指纹和未撤销事实后追加不可变批次,58cce83072ee34edffde9ffae7b57104f60b49a8c9b051742f17d062b74c86a6,6d8c063c04eb02cc5c403067fed389705afe13e3dc1e8139af0c6163635c8bd2,92e2317ab33808587c45d85260f8470a02dafb044af8ae83dbdfff20668a40b0,bcb6054e76de74d9c1b72ea5f242c7f3a764ed3558733822f55bab5936eedc9d
source-identity-entry-discovery-20260810T054907+0800-2fabb3def319,ZI-d846161ae6efc2de26747270,DS-000186,BTC,未登记,不可定位,0,无法判定,无法判定,未知,未知,未知,未知,未知,未知,未知,未知,未知,未知,未登记,未登记,未知,b4d26c095ff3d7f2930ff2f9f61bb4c04c391bcc99501cadca68b3425f4cdb7b,未知,未知,未复验,IDENTITY_DECLARATION_MISSING,来源提供者;交易场所;市场类型;标的身份;精确合约;数据对象;Schema确切版本;授权边界;字段中文映射;成员编号;资产编号;输入成员SHA-256;声明版本;声明内容SHA-256;Schema指纹;授权快照SHA-256;撤销事实;证据定位,只读取固定声明入口和information_schema注释摘要；不读取业务正文、价格、成交、订单簿、账户或凭据,该成员绑定当前版本九字段、唯一定位、成员/Schema/授权指纹和未撤销事实后追加不可变批次,58cce83072ee34edffde9ffae7b57104f60b49a8c9b051742f17d062b74c86a6,6d8c063c04eb02cc5c403067fed389705afe13e3dc1e8139af0c6163635c8bd2,92e2317ab33808587c45d85260f8470a02dafb044af8ae83dbdfff20668a40b0,569a34f931ff70a41e3f382b58c01a1bc572607f5a26a46faf5f37d39e35d26a
source-identity-entry-discovery-20260810T054907+0800-2fabb3def319,ZI-60958eebfb01826209cad45d,DS-000187,BTC,未登记,不可定位,0,无法判定,无法判定,未知,未知,未知,未知,未知,未知,未知,未知,未知,未知,未登记,未登记,未知,cd6f8b4d93a9e695c2be3af8f0481d412bf7bf2d88fea5ee90dbb3af5a1f185b,未知,未知,未复验,IDENTITY_DECLARATION_MISSING,来源提供者;交易场所;市场类型;标的身份;精确合约;数据对象;Schema确切版本;授权边界;字段中文映射;成员编号;资产编号;输入成员SHA-256;声明版本;声明内容SHA-256;Schema指纹;授权快照SHA-256;撤销事实;证据定位,只读取固定声明入口和information_schema注释摘要；不读取业务正文、价格、成交、订单簿、账户或凭据,该成员绑定当前版本九字段、唯一定位、成员/Schema/授权指纹和未撤销事实后追加不可变批次,58cce83072ee34edffde9ffae7b57104f60b49a8c9b051742f17d062b74c86a6,6d8c063c04eb02cc5c403067fed389705afe13e3dc1e8139af0c6163635c8bd2,92e2317ab33808587c45d85260f8470a02dafb044af8ae83dbdfff20668a40b0,92ed98321255f7df0e7d96b10b0d506ec68130f04a4af59aa5b76757ad6221ec
source-identity-entry-discovery-20260810T054907+0800-2fabb3def319,ZI-fa2a4d25532ebea9a058b0dc,DS-000188,BTC,未登记,不可定位,0,无法判定,无法判定,未知,未知,未知,未知,未知,未知,未知,未知,未知,未知,未登记,未登记,未知,7fd19c744dac05cbd7e434c721348638379f2dea6df0fc204c2eb68a78236231,未知,未知,未复验,IDENTITY_DECLARATION_MISSING,来源提供者;交易场所;市场类型;标的身份;精确合约;数据对象;Schema确切版本;授权边界;字段中文映射;成员编号;资产编号;输入成员SHA-256;声明版本;声明内容SHA-256;Schema指纹;授权快照SHA-256;撤销事实;证据定位,只读取固定声明入口和information_schema注释摘要；不读取业务正文、价格、成交、订单簿、账户或凭据,该成员绑定当前版本九字段、唯一定位、成员/Schema/授权指纹和未撤销事实后追加不可变批次,58cce83072ee34edffde9ffae7b57104f60b49a8c9b051742f17d062b74c86a6,6d8c063c04eb02cc5c403067fed389705afe13e3dc1e8139af0c6163635c8bd2,92e2317ab33808587c45d85260f8470a02dafb044af8ae83dbdfff20668a40b0,5f8c9724740ea6a9f01d5bb892553cb56e55d65f78a2ab938df437d615c40588
source-identity-entry-discovery-20260810T054907+0800-2fabb3def319,ZI-a0614455fb843de8768c8d5b,DS-000189,BTC,未登记,不可定位,0,无法判定,无法判定,未知,未知,未知,未知,未知,未知,未知,未知,未知,未知,未登记,未登记,未知,339770b4561a39f6d7d39db2fb133c36bbde7bfa98b6314ed23504c848d49222,未知,未知,未复验,IDENTITY_DECLARATION_MISSING,来源提供者;交易场所;市场类型;标的身份;精确合约;数据对象;Schema确切版本;授权边界;字段中文映射;成员编号;资产编号;输入成员SHA-256;声明版本;声明内容SHA-256;Schema指纹;授权快照SHA-256;撤销事实;证据定位,只读取固定声明入口和information_schema注释摘要；不读取业务正文、价格、成交、订单簿、账户或凭据,该成员绑定当前版本九字段、唯一定位、成员/Schema/授权指纹和未撤销事实后追加不可变批次,58cce83072ee34edffde9ffae7b57104f60b49a8c9b051742f17d062b74c86a6,6d8c063c04eb02cc5c403067fed389705afe13e3dc1e8139af0c6163635c8bd2,92e2317ab33808587c45d85260f8470a02dafb044af8ae83dbdfff20668a40b0,c768683f0b34bf6936b73608d43f72f4678dfc42a84631baaeefe7b0317cb80d
source-identity-entry-discovery-20260810T054907+0800-2fabb3def319,ZI-d3c96884df707ae67f114610,DS-000190,BTC,未登记,不可定位,0,无法判定,无法判定,未知,未知,未知,未知,未知,未知,未知,未知,未知,未知,未登记,未登记,未知,d7136de17556a28b492a1af141d73c1758727a591f4bba3dc8153365fa742189,未知,未知,未复验,IDENTITY_DECLARATION_MISSING,来源提供者;交易场所;市场类型;标的身份;精确合约;数据对象;Schema确切版本;授权边界;字段中文映射;成员编号;资产编号;输入成员SHA-256;声明版本;声明内容SHA-256;Schema指纹;授权快照SHA-256;撤销事实;证据定位,只读取固定声明入口和information_schema注释摘要；不读取业务正文、价格、成交、订单簿、账户或凭据,该成员绑定当前版本九字段、唯一定位、成员/Schema/授权指纹和未撤销事实后追加不可变批次,58cce83072ee34edffde9ffae7b57104f60b49a8c9b051742f17d062b74c86a6,6d8c063c04eb02cc5c403067fed389705afe13e3dc1e8139af0c6163635c8bd2,92e2317ab33808587c45d85260f8470a02dafb044af8ae83dbdfff20668a40b0,6528dfe22d2c85aeee34c4cec032db8fa6bcba036017ec1a9d0b510cab0fb297
source-identity-entry-discovery-20260810T054907+0800-2fabb3def319,ZI-6a10e79eb7d5e07aace7b208,DS-000191,BTC,未登记,不可定位,0,无法判定,无法判定,未知,未知,未知,未知,未知,未知,未知,未知,未知,未知,未登记,未登记,未知,42e7dc84abcc5f0ad802d574fa1a6f66ab422df94f2e029e4500a429f58a7366,未知,未知,未复验,IDENTITY_DECLARATION_MISSING,来源提供者;交易场所;市场类型;标的身份;精确合约;数据对象;Schema确切版本;授权边界;字段中文映射;成员编号;资产编号;输入成员SHA-256;声明版本;声明内容SHA-256;Schema指纹;授权快照SHA-256;撤销事实;证据定位,只读取固定声明入口和information_schema注释摘要；不读取业务正文、价格、成交、订单簿、账户或凭据,该成员绑定当前版本九字段、唯一定位、成员/Schema/授权指纹和未撤销事实后追加不可变批次,58cce83072ee34edffde9ffae7b57104f60b49a8c9b051742f17d062b74c86a6,6d8c063c04eb02cc5c403067fed389705afe13e3dc1e8139af0c6163635c8bd2,92e2317ab33808587c45d85260f8470a02dafb044af8ae83dbdfff20668a40b0,01479094096b49ecd6da7e3df070a052264396762a73138e84674dd679567926
source-identity-entry-discovery-20260810T054907+0800-2fabb3def319,ZI-2ee965d6fd9df70cb6157fd0,DS-000192,BTC,未登记,不可定位,0,无法判定,拒绝,未知,未知,未知,未知,未知,未知,未知,未知,未知,未知,未登记,未登记,未知,0b63bbb25476f3c1a13d3453831e1a313715dd619c895cf6ee0995cac04a71b7,未知,未知,未复验,IDENTITY_DECLARATION_MISSING,来源提供者;交易场所;市场类型;标的身份;精确合约;数据对象;Schema确切版本;授权边界;字段中文映射;成员编号;资产编号;输入成员SHA-256;声明版本;声明内容SHA-256;Schema指纹;授权快照SHA-256;撤销事实;证据定位,只读取固定声明入口和information_schema注释摘要；不读取业务正文、价格、成交、订单簿、账户或凭据,该成员绑定当前版本九字段、唯一定位、成员/Schema/授权指纹和未撤销事实后追加不可变批次,58cce83072ee34edffde9ffae7b57104f60b49a8c9b051742f17d062b74c86a6,6d8c063c04eb02cc5c403067fed389705afe13e3dc1e8139af0c6163635c8bd2,92e2317ab33808587c45d85260f8470a02dafb044af8ae83dbdfff20668a40b0,5fedfc28b3bf1e85b06bed0489837c20430d49680b81501807edf80454465ddf
source-identity-entry-discovery-20260810T054907+0800-2fabb3def319,ZI-ab40d64be94e1c0a4b624ee5,DS-000193,BTC,未登记,不可定位,0,无法判定,无法判定,未知,未知,未知,未知,未知,未知,未知,未知,未知,未知,未登记,未登记,未知,c7f0e941a62184b5da31ad822c95d8912302c67a9b7954a1cc0b890d47bdf708,未知,未知,未复验,IDENTITY_DECLARATION_MISSING,来源提供者;交易场所;市场类型;标的身份;精确合约;数据对象;Schema确切版本;授权边界;字段中文映射;成员编号;资产编号;输入成员SHA-256;声明版本;声明内容SHA-256;Schema指纹;授权快照SHA-256;撤销事实;证据定位,只读取固定声明入口和information_schema注释摘要；不读取业务正文、价格、成交、订单簿、账户或凭据,该成员绑定当前版本九字段、唯一定位、成员/Schema/授权指纹和未撤销事实后追加不可变批次,58cce83072ee34edffde9ffae7b57104f60b49a8c9b051742f17d062b74c86a6,6d8c063c04eb02cc5c403067fed389705afe13e3dc1e8139af0c6163635c8bd2,92e2317ab33808587c45d85260f8470a02dafb044af8ae83dbdfff20668a40b0,c48d2b3ce7b4b67ff8b21cbcf787c7260e4e0b247bf0191ecc0f3aabc2446a18
source-identity-entry-discovery-20260810T054907+0800-2fabb3def319,ZI-67958b820749ffb359809e24,DS-000194,BTC,未登记,不可定位,0,无法判定,拒绝,未知,未知,未知,未知,未知,未知,未知,未知,未知,未知,未登记,未登记,未知,62a9e8386448401b0df0012d85c2a2bee4cf6abfa56d187620f9414875fd792c,未知,未知,未复验,IDENTITY_DECLARATION_MISSING,来源提供者;交易场所;市场类型;标的身份;精确合约;数据对象;Schema确切版本;授权边界;字段中文映射;成员编号;资产编号;输入成员SHA-256;声明版本;声明内容SHA-256;Schema指纹;授权快照SHA-256;撤销事实;证据定位,只读取固定声明入口和information_schema注释摘要；不读取业务正文、价格、成交、订单簿、账户或凭据,该成员绑定当前版本九字段、唯一定位、成员/Schema/授权指纹和未撤销事实后追加不可变批次,58cce83072ee34edffde9ffae7b57104f60b49a8c9b051742f17d062b74c86a6,6d8c063c04eb02cc5c403067fed389705afe13e3dc1e8139af0c6163635c8bd2,92e2317ab33808587c45d85260f8470a02dafb044af8ae83dbdfff20668a40b0,2449a9dd86dcc86e16f9f264fc4e9f332be8510086090beb1845ff4ede48672a
source-identity-entry-discovery-20260810T054907+0800-2fabb3def319,ZI-b7ae7ad9140ec01e272d90ef,DS-000195,BTC,未登记,不可定位,0,无法判定,无法判定,未知,未知,未知,未知,未知,未知,未知,未知,未知,未知,未登记,未登记,未知,9e8f5648706c28594bb13be22bf74a43c6685db3eb0af8963881d94c1fb33090,未知,未知,未复验,IDENTITY_DECLARATION_MISSING,来源提供者;交易场所;市场类型;标的身份;精确合约;数据对象;Schema确切版本;授权边界;字段中文映射;成员编号;资产编号;输入成员SHA-256;声明版本;声明内容SHA-256;Schema指纹;授权快照SHA-256;撤销事实;证据定位,只读取固定声明入口和information_schema注释摘要；不读取业务正文、价格、成交、订单簿、账户或凭据,该成员绑定当前版本九字段、唯一定位、成员/Schema/授权指纹和未撤销事实后追加不可变批次,58cce83072ee34edffde9ffae7b57104f60b49a8c9b051742f17d062b74c86a6,6d8c063c04eb02cc5c403067fed389705afe13e3dc1e8139af0c6163635c8bd2,92e2317ab33808587c45d85260f8470a02dafb044af8ae83dbdfff20668a40b0,348dab100f8e84c93dd5e737130366cd0897045fcb9456ee82f5c38762650988
source-identity-entry-discovery-20260810T054907+0800-2fabb3def319,ZI-32aaa116eb12c90702c94041,DS-000196,BTC,未登记,不可定位,0,无法判定,无法判定,未知,未知,未知,未知,未知,未知,未知,未知,未知,未知,未登记,未登记,未知,3302ef2c1af90e5188fec4871d9bc2a0b2f9649c1b92196be6c3cd882676ce67,未知,未知,未复验,IDENTITY_DECLARATION_MISSING,来源提供者;交易场所;市场类型;标的身份;精确合约;数据对象;Schema确切版本;授权边界;字段中文映射;成员编号;资产编号;输入成员SHA-256;声明版本;声明内容SHA-256;Schema指纹;授权快照SHA-256;撤销事实;证据定位,只读取固定声明入口和information_schema注释摘要；不读取业务正文、价格、成交、订单簿、账户或凭据,该成员绑定当前版本九字段、唯一定位、成员/Schema/授权指纹和未撤销事实后追加不可变批次,58cce83072ee34edffde9ffae7b57104f60b49a8c9b051742f17d062b74c86a6,6d8c063c04eb02cc5c403067fed389705afe13e3dc1e8139af0c6163635c8bd2,92e2317ab33808587c45d85260f8470a02dafb044af8ae83dbdfff20668a40b0,c65cfeb4ed2e3dafeaaefb8360a1bff7ceb0f629500d2c995dc2ef926b5422b4
source-identity-entry-discovery-20260810T054907+0800-2fabb3def319,ZI-0f24107cd7aff0b489c551c4,DS-000197,BTC,未登记,不可定位,0,无法判定,无法判定,未知,未知,未知,未知,未知,未知,未知,未知,未知,未知,未登记,未登记,未知,bfc42bc0d8152ba416024f1c92821247641bfebdacf6b68020d7b23caf8bcf1d,未知,未知,未复验,IDENTITY_DECLARATION_MISSING,来源提供者;交易场所;市场类型;标的身份;精确合约;数据对象;Schema确切版本;授权边界;字段中文映射;成员编号;资产编号;输入成员SHA-256;声明版本;声明内容SHA-256;Schema指纹;授权快照SHA-256;撤销事实;证据定位,只读取固定声明入口和information_schema注释摘要；不读取业务正文、价格、成交、订单簿、账户或凭据,该成员绑定当前版本九字段、唯一定位、成员/Schema/授权指纹和未撤销事实后追加不可变批次,58cce83072ee34edffde9ffae7b57104f60b49a8c9b051742f17d062b74c86a6,6d8c063c04eb02cc5c403067fed389705afe13e3dc1e8139af0c6163635c8bd2,92e2317ab33808587c45d85260f8470a02dafb044af8ae83dbdfff20668a40b0,e17ba5b816c3bf642cc9c3abc4efc5bdfdb686946055ffa8f39266201d9c1337
source-identity-entry-discovery-20260810T054907+0800-2fabb3def319,ZI-3183d1c30b7007a7db1dca31,DS-000198,BTC,未登记,不可定位,0,无法判定,无法判定,未知,未知,未知,未知,未知,未知,未知,未知,未知,未知,未登记,未登记,未知,e91a693c10215586182fb841338a4f6446ac050e791e472e1cf048244d99abd4,未知,未知,未复验,IDENTITY_DECLARATION_MISSING,来源提供者;交易场所;市场类型;标的身份;精确合约;数据对象;Schema确切版本;授权边界;字段中文映射;成员编号;资产编号;输入成员SHA-256;声明版本;声明内容SHA-256;Schema指纹;授权快照SHA-256;撤销事实;证据定位,只读取固定声明入口和information_schema注释摘要；不读取业务正文、价格、成交、订单簿、账户或凭据,该成员绑定当前版本九字段、唯一定位、成员/Schema/授权指纹和未撤销事实后追加不可变批次,58cce83072ee34edffde9ffae7b57104f60b49a8c9b051742f17d062b74c86a6,6d8c063c04eb02cc5c403067fed389705afe13e3dc1e8139af0c6163635c8bd2,92e2317ab33808587c45d85260f8470a02dafb044af8ae83dbdfff20668a40b0,a4efe2b2b67accb9384d88d70a854e08cc65e927d92b812f6eb21db8f8b82dbf
source-identity-entry-discovery-20260810T054907+0800-2fabb3def319,ZI-2886bbdc88afa40c39dbb408,DS-000199,BTC,未登记,不可定位,0,无法判定,无法判定,未知,未知,未知,未知,未知,未知,未知,未知,未知,未知,未登记,未登记,未知,9b483598e61c912f16425f2781345539481dc82d607aac2cba73462d89bd674b,未知,未知,未复验,IDENTITY_DECLARATION_MISSING,来源提供者;交易场所;市场类型;标的身份;精确合约;数据对象;Schema确切版本;授权边界;字段中文映射;成员编号;资产编号;输入成员SHA-256;声明版本;声明内容SHA-256;Schema指纹;授权快照SHA-256;撤销事实;证据定位,只读取固定声明入口和information_schema注释摘要；不读取业务正文、价格、成交、订单簿、账户或凭据,该成员绑定当前版本九字段、唯一定位、成员/Schema/授权指纹和未撤销事实后追加不可变批次,58cce83072ee34edffde9ffae7b57104f60b49a8c9b051742f17d062b74c86a6,6d8c063c04eb02cc5c403067fed389705afe13e3dc1e8139af0c6163635c8bd2,92e2317ab33808587c45d85260f8470a02dafb044af8ae83dbdfff20668a40b0,f72d390a17cca88c476abeadd58f1e763c7be614ab9c98bd3b6f1a34d534b15b
source-identity-entry-discovery-20260810T054907+0800-2fabb3def319,ZI-5dbdf00041b1706d7ba8abab,DS-000200,BTC,未登记,不可定位,0,无法判定,无法判定,未知,未知,未知,未知,未知,未知,未知,未知,未知,未知,未登记,未登记,未知,e80dcd17c2945c774e10bbdd99ee8807d9c0889a7aa945dff67b835761d325e1,未知,未知,未复验,IDENTITY_DECLARATION_MISSING,来源提供者;交易场所;市场类型;标的身份;精确合约;数据对象;Schema确切版本;授权边界;字段中文映射;成员编号;资产编号;输入成员SHA-256;声明版本;声明内容SHA-256;Schema指纹;授权快照SHA-256;撤销事实;证据定位,只读取固定声明入口和information_schema注释摘要；不读取业务正文、价格、成交、订单簿、账户或凭据,该成员绑定当前版本九字段、唯一定位、成员/Schema/授权指纹和未撤销事实后追加不可变批次,58cce83072ee34edffde9ffae7b57104f60b49a8c9b051742f17d062b74c86a6,6d8c063c04eb02cc5c403067fed389705afe13e3dc1e8139af0c6163635c8bd2,92e2317ab33808587c45d85260f8470a02dafb044af8ae83dbdfff20668a40b0,e70f49e51df4d23a427b4d98a6385c2f3bd9132ffd35fbbdb2914c9739c339d1
source-identity-entry-discovery-20260810T054907+0800-2fabb3def319,ZI-be0372cc2ca2127e6ad7faa5,DS-000201,BTC,未登记,不可定位,0,无法判定,无法判定,未知,未知,未知,未知,未知,未知,未知,未知,未知,未知,未登记,未登记,未知,49981dce25f37ed42652b06b919f6933838ff3f5dde0c19b596d799b6865cebd,未知,未知,未复验,IDENTITY_DECLARATION_MISSING,来源提供者;交易场所;市场类型;标的身份;精确合约;数据对象;Schema确切版本;授权边界;字段中文映射;成员编号;资产编号;输入成员SHA-256;声明版本;声明内容SHA-256;Schema指纹;授权快照SHA-256;撤销事实;证据定位,只读取固定声明入口和information_schema注释摘要；不读取业务正文、价格、成交、订单簿、账户或凭据,该成员绑定当前版本九字段、唯一定位、成员/Schema/授权指纹和未撤销事实后追加不可变批次,58cce83072ee34edffde9ffae7b57104f60b49a8c9b051742f17d062b74c86a6,6d8c063c04eb02cc5c403067fed389705afe13e3dc1e8139af0c6163635c8bd2,92e2317ab33808587c45d85260f8470a02dafb044af8ae83dbdfff20668a40b0,2c8edb0d832dc0d79466bacb49fa8f8dcf1e0ab76b221dbd5d4c66f366a51e78
source-identity-entry-discovery-20260810T054907+0800-2fabb3def319,ZI-78c8c25a0d917108a2b7f08a,DS-000202,BTC,未登记,不可定位,0,无法判定,无法判定,未知,未知,未知,未知,未知,未知,未知,未知,未知,未知,未登记,未登记,未知,af6c149cc7e8aff483d571b31555d0d079734bd55eb11d9cf2e19fa32a765aca,未知,未知,未复验,IDENTITY_DECLARATION_MISSING,来源提供者;交易场所;市场类型;标的身份;精确合约;数据对象;Schema确切版本;授权边界;字段中文映射;成员编号;资产编号;输入成员SHA-256;声明版本;声明内容SHA-256;Schema指纹;授权快照SHA-256;撤销事实;证据定位,只读取固定声明入口和information_schema注释摘要；不读取业务正文、价格、成交、订单簿、账户或凭据,该成员绑定当前版本九字段、唯一定位、成员/Schema/授权指纹和未撤销事实后追加不可变批次,58cce83072ee34edffde9ffae7b57104f60b49a8c9b051742f17d062b74c86a6,6d8c063c04eb02cc5c403067fed389705afe13e3dc1e8139af0c6163635c8bd2,92e2317ab33808587c45d85260f8470a02dafb044af8ae83dbdfff20668a40b0,413c07135e74f1eaf404e0ded834e25a4d5d05896eb42099ce316c94ca3afe1f
source-identity-entry-discovery-20260810T054907+0800-2fabb3def319,ZI-29c6f02cefeb649da045cd55,DS-000203,BTC,未登记,不可定位,0,无法判定,无法判定,未知,未知,未知,未知,未知,未知,未知,未知,未知,未知,未登记,未登记,未知,4dcd4726cf5e37a543aed51c650186f864a264324396a79ba6fc6702b04aca60,未知,未知,未复验,IDENTITY_DECLARATION_MISSING,来源提供者;交易场所;市场类型;标的身份;精确合约;数据对象;Schema确切版本;授权边界;字段中文映射;成员编号;资产编号;输入成员SHA-256;声明版本;声明内容SHA-256;Schema指纹;授权快照SHA-256;撤销事实;证据定位,只读取固定声明入口和information_schema注释摘要；不读取业务正文、价格、成交、订单簿、账户或凭据,该成员绑定当前版本九字段、唯一定位、成员/Schema/授权指纹和未撤销事实后追加不可变批次,58cce83072ee34edffde9ffae7b57104f60b49a8c9b051742f17d062b74c86a6,6d8c063c04eb02cc5c403067fed389705afe13e3dc1e8139af0c6163635c8bd2,92e2317ab33808587c45d85260f8470a02dafb044af8ae83dbdfff20668a40b0,e3f94779c26ab17b10c247ef752b1190023cbf67c7d5ec84102ea8428aeb8741
source-identity-entry-discovery-20260810T054907+0800-2fabb3def319,ZI-71520330f24bde8ccfb46d61,DS-000204,BTC,未登记,不可定位,0,无法判定,无法判定,未知,未知,未知,未知,未知,未知,未知,未知,未知,未知,未登记,未登记,未知,60e872660b08823c99e2e04926f5c739275e934bce8e6799ed48f867fc114da3,未知,未知,未复验,IDENTITY_DECLARATION_MISSING,来源提供者;交易场所;市场类型;标的身份;精确合约;数据对象;Schema确切版本;授权边界;字段中文映射;成员编号;资产编号;输入成员SHA-256;声明版本;声明内容SHA-256;Schema指纹;授权快照SHA-256;撤销事实;证据定位,只读取固定声明入口和information_schema注释摘要；不读取业务正文、价格、成交、订单簿、账户或凭据,该成员绑定当前版本九字段、唯一定位、成员/Schema/授权指纹和未撤销事实后追加不可变批次,58cce83072ee34edffde9ffae7b57104f60b49a8c9b051742f17d062b74c86a6,6d8c063c04eb02cc5c403067fed389705afe13e3dc1e8139af0c6163635c8bd2,92e2317ab33808587c45d85260f8470a02dafb044af8ae83dbdfff20668a40b0,bdcbae3099e5dda851c0bf8a21afaf4112592fce601e1e1773c28a2af816bae8
source-identity-entry-discovery-20260810T054907+0800-2fabb3def319,ZI-d01d78d324c4bc33eb8369e0,DS-000205,BTC,未登记,不可定位,0,无法判定,无法判定,未知,未知,未知,未知,未知,未知,未知,未知,未知,未知,未登记,未登记,未知,357e287ee3ae9a9b3f35b6b4e036478848a3cb3659bc68f18d20dfc26f7fd580,未知,未知,未复验,IDENTITY_DECLARATION_MISSING,来源提供者;交易场所;市场类型;标的身份;精确合约;数据对象;Schema确切版本;授权边界;字段中文映射;成员编号;资产编号;输入成员SHA-256;声明版本;声明内容SHA-256;Schema指纹;授权快照SHA-256;撤销事实;证据定位,只读取固定声明入口和information_schema注释摘要；不读取业务正文、价格、成交、订单簿、账户或凭据,该成员绑定当前版本九字段、唯一定位、成员/Schema/授权指纹和未撤销事实后追加不可变批次,58cce83072ee34edffde9ffae7b57104f60b49a8c9b051742f17d062b74c86a6,6d8c063c04eb02cc5c403067fed389705afe13e3dc1e8139af0c6163635c8bd2,92e2317ab33808587c45d85260f8470a02dafb044af8ae83dbdfff20668a40b0,01970c43aec7268dc90c6766b6f60bae393136d56de34cfbbd97eb9228bce342
source-identity-entry-discovery-20260810T054907+0800-2fabb3def319,ZI-5e7172f6c1ca86bab358f51e,DS-000206,BTC,未登记,不可定位,0,无法判定,无法判定,未知,未知,未知,未知,未知,未知,未知,未知,未知,未知,未登记,未登记,未知,4cd28c8e4c99a20a90332d2c80d3b371450fd362414938588e0d0de5ad3840d2,未知,未知,未复验,IDENTITY_DECLARATION_MISSING,来源提供者;交易场所;市场类型;标的身份;精确合约;数据对象;Schema确切版本;授权边界;字段中文映射;成员编号;资产编号;输入成员SHA-256;声明版本;声明内容SHA-256;Schema指纹;授权快照SHA-256;撤销事实;证据定位,只读取固定声明入口和information_schema注释摘要；不读取业务正文、价格、成交、订单簿、账户或凭据,该成员绑定当前版本九字段、唯一定位、成员/Schema/授权指纹和未撤销事实后追加不可变批次,58cce83072ee34edffde9ffae7b57104f60b49a8c9b051742f17d062b74c86a6,6d8c063c04eb02cc5c403067fed389705afe13e3dc1e8139af0c6163635c8bd2,92e2317ab33808587c45d85260f8470a02dafb044af8ae83dbdfff20668a40b0,67420e6e7966905d3cad7d7c05ab4632959b1d7f7cfad6b570524854e39c5438
source-identity-entry-discovery-20260810T054907+0800-2fabb3def319,ZI-2a1b37d562bd57047005c01a,DS-000207,BTC,未登记,不可定位,0,无法判定,无法判定,未知,未知,未知,未知,未知,未知,未知,未知,未知,未知,未登记,未登记,未知,2862c9267898c9d6737d4fc1b5ced6613c04c9e243fb77d4d93db30b2e8f8ad8,未知,未知,未复验,IDENTITY_DECLARATION_MISSING,来源提供者;交易场所;市场类型;标的身份;精确合约;数据对象;Schema确切版本;授权边界;字段中文映射;成员编号;资产编号;输入成员SHA-256;声明版本;声明内容SHA-256;Schema指纹;授权快照SHA-256;撤销事实;证据定位,只读取固定声明入口和information_schema注释摘要；不读取业务正文、价格、成交、订单簿、账户或凭据,该成员绑定当前版本九字段、唯一定位、成员/Schema/授权指纹和未撤销事实后追加不可变批次,58cce83072ee34edffde9ffae7b57104f60b49a8c9b051742f17d062b74c86a6,6d8c063c04eb02cc5c403067fed389705afe13e3dc1e8139af0c6163635c8bd2,92e2317ab33808587c45d85260f8470a02dafb044af8ae83dbdfff20668a40b0,9da15aafe1b5c500da2832d0ee163aa317a7a3acbadb04cae41f41b1386882a8
source-identity-entry-discovery-20260810T054907+0800-2fabb3def319,ZI-d7e573a8a3db8ebee466ccf6,DS-000208,BTC,未登记,不可定位,0,无法判定,无法判定,未知,未知,未知,未知,未知,未知,未知,未知,未知,未知,未登记,未登记,未知,fe9e7608a4eb061f5652be539fe800c731c30c5e369f84a49850cf73b997ae50,未知,未知,未复验,IDENTITY_DECLARATION_MISSING,来源提供者;交易场所;市场类型;标的身份;精确合约;数据对象;Schema确切版本;授权边界;字段中文映射;成员编号;资产编号;输入成员SHA-256;声明版本;声明内容SHA-256;Schema指纹;授权快照SHA-256;撤销事实;证据定位,只读取固定声明入口和information_schema注释摘要；不读取业务正文、价格、成交、订单簿、账户或凭据,该成员绑定当前版本九字段、唯一定位、成员/Schema/授权指纹和未撤销事实后追加不可变批次,58cce83072ee34edffde9ffae7b57104f60b49a8c9b051742f17d062b74c86a6,6d8c063c04eb02cc5c403067fed389705afe13e3dc1e8139af0c6163635c8bd2,92e2317ab33808587c45d85260f8470a02dafb044af8ae83dbdfff20668a40b0,61e0b5ab74d4b3e1019661e3e13758d18898f79ddb70e8bcd139c689cad7518f
source-identity-entry-discovery-20260810T054907+0800-2fabb3def319,ZI-3e2be17d98778a0ad036cfad,DS-000209,BTC,未登记,不可定位,0,无法判定,无法判定,未知,未知,未知,未知,未知,未知,未知,未知,未知,未知,未登记,未登记,未知,2d90d65ec9a02a4e23e09313281406cd378c2eaadb3a19a9f1c4ba89d57b523a,未知,未知,未复验,IDENTITY_DECLARATION_MISSING,来源提供者;交易场所;市场类型;标的身份;精确合约;数据对象;Schema确切版本;授权边界;字段中文映射;成员编号;资产编号;输入成员SHA-256;声明版本;声明内容SHA-256;Schema指纹;授权快照SHA-256;撤销事实;证据定位,只读取固定声明入口和information_schema注释摘要；不读取业务正文、价格、成交、订单簿、账户或凭据,该成员绑定当前版本九字段、唯一定位、成员/Schema/授权指纹和未撤销事实后追加不可变批次,58cce83072ee34edffde9ffae7b57104f60b49a8c9b051742f17d062b74c86a6,6d8c063c04eb02cc5c403067fed389705afe13e3dc1e8139af0c6163635c8bd2,92e2317ab33808587c45d85260f8470a02dafb044af8ae83dbdfff20668a40b0,5f69fcc5845bfc29698c9d0e3458b7fe757f6ee926a565af8d1691b6d8c1e476
source-identity-entry-discovery-20260810T054907+0800-2fabb3def319,ZI-3286667a2cfe079a913c7c30,DS-000210,BTC,未登记,不可定位,0,无法判定,无法判定,未知,未知,未知,未知,未知,未知,未知,未知,未知,未知,未登记,未登记,未知,1673f3d2d5e26882002c3ff908463abce1fdfb4a795443a152f6b85a43fb3f07,未知,未知,未复验,IDENTITY_DECLARATION_MISSING,来源提供者;交易场所;市场类型;标的身份;精确合约;数据对象;Schema确切版本;授权边界;字段中文映射;成员编号;资产编号;输入成员SHA-256;声明版本;声明内容SHA-256;Schema指纹;授权快照SHA-256;撤销事实;证据定位,只读取固定声明入口和information_schema注释摘要；不读取业务正文、价格、成交、订单簿、账户或凭据,该成员绑定当前版本九字段、唯一定位、成员/Schema/授权指纹和未撤销事实后追加不可变批次,58cce83072ee34edffde9ffae7b57104f60b49a8c9b051742f17d062b74c86a6,6d8c063c04eb02cc5c403067fed389705afe13e3dc1e8139af0c6163635c8bd2,92e2317ab33808587c45d85260f8470a02dafb044af8ae83dbdfff20668a40b0,b56b4eb85dc6f9319832ff021fcaeda72f11d7ca9496a442e6b2622c5f776159
source-identity-entry-discovery-20260810T054907+0800-2fabb3def319,ZI-9a9b77f14347b2cb48fa88e7,DS-000211,BTC,未登记,不可定位,0,无法判定,无法判定,未知,未知,未知,未知,未知,未知,未知,未知,未知,未知,未登记,未登记,未知,1f7e7cf555344a7206d8962dde3c7fb9c95f36713b307b7c1e758ad6556bd5a8,未知,未知,未复验,IDENTITY_DECLARATION_MISSING,来源提供者;交易场所;市场类型;标的身份;精确合约;数据对象;Schema确切版本;授权边界;字段中文映射;成员编号;资产编号;输入成员SHA-256;声明版本;声明内容SHA-256;Schema指纹;授权快照SHA-256;撤销事实;证据定位,只读取固定声明入口和information_schema注释摘要；不读取业务正文、价格、成交、订单簿、账户或凭据,该成员绑定当前版本九字段、唯一定位、成员/Schema/授权指纹和未撤销事实后追加不可变批次,58cce83072ee34edffde9ffae7b57104f60b49a8c9b051742f17d062b74c86a6,6d8c063c04eb02cc5c403067fed389705afe13e3dc1e8139af0c6163635c8bd2,92e2317ab33808587c45d85260f8470a02dafb044af8ae83dbdfff20668a40b0,a6a6820f8e2dc1e0c20ccc896651ae217e51da3d81abb3443a82f7c113fdbae2
source-identity-entry-discovery-20260810T054907+0800-2fabb3def319,ZI-072c6e5f9b428b87bb907797,DS-000212,BTC,未登记,不可定位,0,无法判定,无法判定,未知,未知,未知,未知,未知,未知,未知,未知,未知,未知,未登记,未登记,未知,d8c78a0148f6abdd19f4a621d6c52ca485dd38012b2c028f70904050efa3275d,未知,未知,未复验,IDENTITY_DECLARATION_MISSING,来源提供者;交易场所;市场类型;标的身份;精确合约;数据对象;Schema确切版本;授权边界;字段中文映射;成员编号;资产编号;输入成员SHA-256;声明版本;声明内容SHA-256;Schema指纹;授权快照SHA-256;撤销事实;证据定位,只读取固定声明入口和information_schema注释摘要；不读取业务正文、价格、成交、订单簿、账户或凭据,该成员绑定当前版本九字段、唯一定位、成员/Schema/授权指纹和未撤销事实后追加不可变批次,58cce83072ee34edffde9ffae7b57104f60b49a8c9b051742f17d062b74c86a6,6d8c063c04eb02cc5c403067fed389705afe13e3dc1e8139af0c6163635c8bd2,92e2317ab33808587c45d85260f8470a02dafb044af8ae83dbdfff20668a40b0,55ddac82ca5fcac1e8c5955cf2b5467dca61f2eb084e73902fef403ddcaa05e2
source-identity-entry-discovery-20260810T054907+0800-2fabb3def319,ZI-c6103a96caf69285c99ebf1c,DS-000213,BTC,未登记,不可定位,0,无法判定,无法判定,未知,未知,未知,未知,未知,未知,未知,未知,未知,未知,未登记,未登记,未知,49da7771a94025e16bceaf06d99d368bb69fc9f0b30773ef78fd195b2647f3cc,未知,未知,未复验,IDENTITY_DECLARATION_MISSING,来源提供者;交易场所;市场类型;标的身份;精确合约;数据对象;Schema确切版本;授权边界;字段中文映射;成员编号;资产编号;输入成员SHA-256;声明版本;声明内容SHA-256;Schema指纹;授权快照SHA-256;撤销事实;证据定位,只读取固定声明入口和information_schema注释摘要；不读取业务正文、价格、成交、订单簿、账户或凭据,该成员绑定当前版本九字段、唯一定位、成员/Schema/授权指纹和未撤销事实后追加不可变批次,58cce83072ee34edffde9ffae7b57104f60b49a8c9b051742f17d062b74c86a6,6d8c063c04eb02cc5c403067fed389705afe13e3dc1e8139af0c6163635c8bd2,92e2317ab33808587c45d85260f8470a02dafb044af8ae83dbdfff20668a40b0,09057eaba601ff65094f34052a36218d0d665f6beecb26dd6cee741043add0b8
source-identity-entry-discovery-20260810T054907+0800-2fabb3def319,ZI-8304253d2ed20332e30ebcca,DS-000214,BTC,未登记,不可定位,0,无法判定,无法判定,未知,未知,未知,未知,未知,未知,未知,未知,未知,未知,未登记,未登记,未知,4b7ef458a831e58978149d25819f70ca44d5a7ab56c24620e2b5e199ddfa8457,未知,未知,未复验,IDENTITY_DECLARATION_MISSING,来源提供者;交易场所;市场类型;标的身份;精确合约;数据对象;Schema确切版本;授权边界;字段中文映射;成员编号;资产编号;输入成员SHA-256;声明版本;声明内容SHA-256;Schema指纹;授权快照SHA-256;撤销事实;证据定位,只读取固定声明入口和information_schema注释摘要；不读取业务正文、价格、成交、订单簿、账户或凭据,该成员绑定当前版本九字段、唯一定位、成员/Schema/授权指纹和未撤销事实后追加不可变批次,58cce83072ee34edffde9ffae7b57104f60b49a8c9b051742f17d062b74c86a6,6d8c063c04eb02cc5c403067fed389705afe13e3dc1e8139af0c6163635c8bd2,92e2317ab33808587c45d85260f8470a02dafb044af8ae83dbdfff20668a40b0,a118c6ac53ed7e3bb76cfc98992689390722c2334ff303b2fe6649994a236543
source-identity-entry-discovery-20260810T054907+0800-2fabb3def319,ZI-ec81510cd0a232ac9b5cc4f3,DS-000215,BTC,未登记,不可定位,0,无法判定,无法判定,未知,未知,未知,未知,未知,未知,未知,未知,未知,未知,未登记,未登记,未知,c8e071231ebbdfc3fd675eb141e1efc29ba7a13e91e9254f9c3cc1ef9495c2c2,未知,未知,未复验,IDENTITY_DECLARATION_MISSING,来源提供者;交易场所;市场类型;标的身份;精确合约;数据对象;Schema确切版本;授权边界;字段中文映射;成员编号;资产编号;输入成员SHA-256;声明版本;声明内容SHA-256;Schema指纹;授权快照SHA-256;撤销事实;证据定位,只读取固定声明入口和information_schema注释摘要；不读取业务正文、价格、成交、订单簿、账户或凭据,该成员绑定当前版本九字段、唯一定位、成员/Schema/授权指纹和未撤销事实后追加不可变批次,58cce83072ee34edffde9ffae7b57104f60b49a8c9b051742f17d062b74c86a6,6d8c063c04eb02cc5c403067fed389705afe13e3dc1e8139af0c6163635c8bd2,92e2317ab33808587c45d85260f8470a02dafb044af8ae83dbdfff20668a40b0,a1f11786532cb1b55701f2aa0db67b37e26686348d0de5fed885f6f1000f9098
source-identity-entry-discovery-20260810T054907+0800-2fabb3def319,ZI-7d904efd7dbc8083ae534633,DS-000216,BTC,未登记,不可定位,0,无法判定,无法判定,未知,未知,未知,未知,未知,未知,未知,未知,未知,未知,未登记,未登记,未知,17cb50cc3c65f508fb921ef26b8f5306a43dab9610337cf613631b5df89e8e5d,未知,未知,未复验,IDENTITY_DECLARATION_MISSING,来源提供者;交易场所;市场类型;标的身份;精确合约;数据对象;Schema确切版本;授权边界;字段中文映射;成员编号;资产编号;输入成员SHA-256;声明版本;声明内容SHA-256;Schema指纹;授权快照SHA-256;撤销事实;证据定位,只读取固定声明入口和information_schema注释摘要；不读取业务正文、价格、成交、订单簿、账户或凭据,该成员绑定当前版本九字段、唯一定位、成员/Schema/授权指纹和未撤销事实后追加不可变批次,58cce83072ee34edffde9ffae7b57104f60b49a8c9b051742f17d062b74c86a6,6d8c063c04eb02cc5c403067fed389705afe13e3dc1e8139af0c6163635c8bd2,92e2317ab33808587c45d85260f8470a02dafb044af8ae83dbdfff20668a40b0,42e89892d97d8db7f668d77639699a2562bb0df8c3d4bf549eb92009fc37c5c0
source-identity-entry-discovery-20260810T054907+0800-2fabb3def319,ZI-74ee466762e9b1869eeab68c,DS-000217,BTC,未登记,不可定位,0,无法判定,无法判定,未知,未知,未知,未知,未知,未知,未知,未知,未知,未知,未登记,未登记,未知,0bdc7a67f1bbd727ffffcd809c382cb521892eb214a2a1049dd5fd9704b3ce31,未知,未知,未复验,IDENTITY_DECLARATION_MISSING,来源提供者;交易场所;市场类型;标的身份;精确合约;数据对象;Schema确切版本;授权边界;字段中文映射;成员编号;资产编号;输入成员SHA-256;声明版本;声明内容SHA-256;Schema指纹;授权快照SHA-256;撤销事实;证据定位,只读取固定声明入口和information_schema注释摘要；不读取业务正文、价格、成交、订单簿、账户或凭据,该成员绑定当前版本九字段、唯一定位、成员/Schema/授权指纹和未撤销事实后追加不可变批次,58cce83072ee34edffde9ffae7b57104f60b49a8c9b051742f17d062b74c86a6,6d8c063c04eb02cc5c403067fed389705afe13e3dc1e8139af0c6163635c8bd2,92e2317ab33808587c45d85260f8470a02dafb044af8ae83dbdfff20668a40b0,fe24e7d76612341f9cf6564ce9033e9a3e5fd2b4da26681939c443aeac753f28
source-identity-entry-discovery-20260810T054907+0800-2fabb3def319,ZI-29c36adb3ea8aab9775a3a1a,DS-000218,BTC,未登记,不可定位,0,无法判定,无法判定,未知,未知,未知,未知,未知,未知,未知,未知,未知,未知,未登记,未登记,未知,23d79df12719a18f66ce20b5e7348fd6e2f6c701cfaa07957b0acc9b4b4b3c5d,未知,未知,未复验,IDENTITY_DECLARATION_MISSING,来源提供者;交易场所;市场类型;标的身份;精确合约;数据对象;Schema确切版本;授权边界;字段中文映射;成员编号;资产编号;输入成员SHA-256;声明版本;声明内容SHA-256;Schema指纹;授权快照SHA-256;撤销事实;证据定位,只读取固定声明入口和information_schema注释摘要；不读取业务正文、价格、成交、订单簿、账户或凭据,该成员绑定当前版本九字段、唯一定位、成员/Schema/授权指纹和未撤销事实后追加不可变批次,58cce83072ee34edffde9ffae7b57104f60b49a8c9b051742f17d062b74c86a6,6d8c063c04eb02cc5c403067fed389705afe13e3dc1e8139af0c6163635c8bd2,92e2317ab33808587c45d85260f8470a02dafb044af8ae83dbdfff20668a40b0,d03834ff5f923df6649bc0a388530f0316c768617cb0214bbcfe0bdf44c5b4d1
source-identity-entry-discovery-20260810T054907+0800-2fabb3def319,ZI-e2ba4b054e7cdaf4c747c964,DS-000219,BTC,未登记,不可定位,0,无法判定,无法判定,未知,未知,未知,未知,未知,未知,未知,未知,未知,未知,未登记,未登记,未知,21165349456518961030378083fea5551ab855e98f18bb276a7180f52b3d1f7d,未知,未知,未复验,IDENTITY_DECLARATION_MISSING,来源提供者;交易场所;市场类型;标的身份;精确合约;数据对象;Schema确切版本;授权边界;字段中文映射;成员编号;资产编号;输入成员SHA-256;声明版本;声明内容SHA-256;Schema指纹;授权快照SHA-256;撤销事实;证据定位,只读取固定声明入口和information_schema注释摘要；不读取业务正文、价格、成交、订单簿、账户或凭据,该成员绑定当前版本九字段、唯一定位、成员/Schema/授权指纹和未撤销事实后追加不可变批次,58cce83072ee34edffde9ffae7b57104f60b49a8c9b051742f17d062b74c86a6,6d8c063c04eb02cc5c403067fed389705afe13e3dc1e8139af0c6163635c8bd2,92e2317ab33808587c45d85260f8470a02dafb044af8ae83dbdfff20668a40b0,9c17fe5af2ac3e4770995b6c762e145fc0b5a944301c6a48857056094ab950fb
source-identity-entry-discovery-20260810T054907+0800-2fabb3def319,ZI-16b6d5bd373c2fbb92c71411,DS-000220,BTC,未登记,不可定位,0,无法判定,无法判定,未知,未知,未知,未知,未知,未知,未知,未知,未知,未知,未登记,未登记,未知,7de5a82ae4458f844affdcfc96bb58bd683630348ddf7b03231730efa11bf7dc,未知,未知,未复验,IDENTITY_DECLARATION_MISSING,来源提供者;交易场所;市场类型;标的身份;精确合约;数据对象;Schema确切版本;授权边界;字段中文映射;成员编号;资产编号;输入成员SHA-256;声明版本;声明内容SHA-256;Schema指纹;授权快照SHA-256;撤销事实;证据定位,只读取固定声明入口和information_schema注释摘要；不读取业务正文、价格、成交、订单簿、账户或凭据,该成员绑定当前版本九字段、唯一定位、成员/Schema/授权指纹和未撤销事实后追加不可变批次,58cce83072ee34edffde9ffae7b57104f60b49a8c9b051742f17d062b74c86a6,6d8c063c04eb02cc5c403067fed389705afe13e3dc1e8139af0c6163635c8bd2,92e2317ab33808587c45d85260f8470a02dafb044af8ae83dbdfff20668a40b0,bddc01341ee22feddd84346fdf39061a5f1b742564fc3becda63f748236e476a
source-identity-entry-discovery-20260810T054907+0800-2fabb3def319,ZI-e8b50f0e23b5a2aadfe713a0,DS-000221,BTC,未登记,不可定位,0,无法判定,无法判定,未知,未知,未知,未知,未知,未知,未知,未知,未知,未知,未登记,未登记,未知,6980edd049f750c69d7e7ae20e5aa6cc1657e9d95673ca38293e252e1af793e9,未知,未知,未复验,IDENTITY_DECLARATION_MISSING,来源提供者;交易场所;市场类型;标的身份;精确合约;数据对象;Schema确切版本;授权边界;字段中文映射;成员编号;资产编号;输入成员SHA-256;声明版本;声明内容SHA-256;Schema指纹;授权快照SHA-256;撤销事实;证据定位,只读取固定声明入口和information_schema注释摘要；不读取业务正文、价格、成交、订单簿、账户或凭据,该成员绑定当前版本九字段、唯一定位、成员/Schema/授权指纹和未撤销事实后追加不可变批次,58cce83072ee34edffde9ffae7b57104f60b49a8c9b051742f17d062b74c86a6,6d8c063c04eb02cc5c403067fed389705afe13e3dc1e8139af0c6163635c8bd2,92e2317ab33808587c45d85260f8470a02dafb044af8ae83dbdfff20668a40b0,6e8bf42e5d10daa56fee79b87f5301e5abc892361099796b0dfccac65d8b2f32
source-identity-entry-discovery-20260810T054907+0800-2fabb3def319,ZI-34a2fe963d2ab9822f260ad3,DS-000222,BTC,未登记,不可定位,0,无法判定,无法判定,未知,未知,未知,未知,未知,未知,未知,未知,未知,未知,未登记,未登记,未知,3e539388481b9fa19a3c40b0e3aa8d79677f6c36cfe63f2ca87828ac92b88df2,未知,未知,未复验,IDENTITY_DECLARATION_MISSING,来源提供者;交易场所;市场类型;标的身份;精确合约;数据对象;Schema确切版本;授权边界;字段中文映射;成员编号;资产编号;输入成员SHA-256;声明版本;声明内容SHA-256;Schema指纹;授权快照SHA-256;撤销事实;证据定位,只读取固定声明入口和information_schema注释摘要；不读取业务正文、价格、成交、订单簿、账户或凭据,该成员绑定当前版本九字段、唯一定位、成员/Schema/授权指纹和未撤销事实后追加不可变批次,58cce83072ee34edffde9ffae7b57104f60b49a8c9b051742f17d062b74c86a6,6d8c063c04eb02cc5c403067fed389705afe13e3dc1e8139af0c6163635c8bd2,92e2317ab33808587c45d85260f8470a02dafb044af8ae83dbdfff20668a40b0,170d4ece308275014a0cad49e7977b41b91fc035b918f0a1ea7a0e8ae276658c
source-identity-entry-discovery-20260810T054907+0800-2fabb3def319,ZI-19d32f1ee8316f8b358988a0,DS-000223,BTC,未登记,不可定位,0,无法判定,无法判定,未知,未知,未知,未知,未知,未知,未知,未知,未知,未知,未登记,未登记,未知,e9c7915b1f0185fd3199344770ef2c5020c6bc27def3a3c1755994699e69cf58,未知,未知,未复验,IDENTITY_DECLARATION_MISSING,来源提供者;交易场所;市场类型;标的身份;精确合约;数据对象;Schema确切版本;授权边界;字段中文映射;成员编号;资产编号;输入成员SHA-256;声明版本;声明内容SHA-256;Schema指纹;授权快照SHA-256;撤销事实;证据定位,只读取固定声明入口和information_schema注释摘要；不读取业务正文、价格、成交、订单簿、账户或凭据,该成员绑定当前版本九字段、唯一定位、成员/Schema/授权指纹和未撤销事实后追加不可变批次,58cce83072ee34edffde9ffae7b57104f60b49a8c9b051742f17d062b74c86a6,6d8c063c04eb02cc5c403067fed389705afe13e3dc1e8139af0c6163635c8bd2,92e2317ab33808587c45d85260f8470a02dafb044af8ae83dbdfff20668a40b0,6c33124d9fe675977c06a6ff0e14d3f6fc0a0ae9517e40ec25bdbe1ba88a8e0a
source-identity-entry-discovery-20260810T054907+0800-2fabb3def319,ZI-0694ca8ffce7194a5edb1a0f,DS-000225,BTC,未登记,不可定位,0,无法判定,无法判定,未知,未知,未知,未知,未知,未知,未知,未知,未知,未知,未登记,未登记,未知,31c46439848b2efd4dd25f0894f6ce7296e53e7d983b81530451c4d4879bc220,未知,未知,未复验,IDENTITY_DECLARATION_MISSING,来源提供者;交易场所;市场类型;标的身份;精确合约;数据对象;Schema确切版本;授权边界;字段中文映射;成员编号;资产编号;输入成员SHA-256;声明版本;声明内容SHA-256;Schema指纹;授权快照SHA-256;撤销事实;证据定位,只读取固定声明入口和information_schema注释摘要；不读取业务正文、价格、成交、订单簿、账户或凭据,该成员绑定当前版本九字段、唯一定位、成员/Schema/授权指纹和未撤销事实后追加不可变批次,58cce83072ee34edffde9ffae7b57104f60b49a8c9b051742f17d062b74c86a6,6d8c063c04eb02cc5c403067fed389705afe13e3dc1e8139af0c6163635c8bd2,92e2317ab33808587c45d85260f8470a02dafb044af8ae83dbdfff20668a40b0,2290243a5f7c093c481d4b177a0e87abd18f05811c428a7cccc30da63ce7082f
source-identity-entry-discovery-20260810T054907+0800-2fabb3def319,ZI-b14dc6c9a93cf52c6c414771,DS-000226,BTC,未登记,不可定位,0,无法判定,无法判定,未知,未知,未知,未知,未知,未知,未知,未知,未知,未知,未登记,未登记,未知,6a81bb21010d297d98dd3ec7d464e7118f4b2d9fe881e05831f744f092a7bb21,未知,未知,未复验,IDENTITY_DECLARATION_MISSING,来源提供者;交易场所;市场类型;标的身份;精确合约;数据对象;Schema确切版本;授权边界;字段中文映射;成员编号;资产编号;输入成员SHA-256;声明版本;声明内容SHA-256;Schema指纹;授权快照SHA-256;撤销事实;证据定位,只读取固定声明入口和information_schema注释摘要；不读取业务正文、价格、成交、订单簿、账户或凭据,该成员绑定当前版本九字段、唯一定位、成员/Schema/授权指纹和未撤销事实后追加不可变批次,58cce83072ee34edffde9ffae7b57104f60b49a8c9b051742f17d062b74c86a6,6d8c063c04eb02cc5c403067fed389705afe13e3dc1e8139af0c6163635c8bd2,92e2317ab33808587c45d85260f8470a02dafb044af8ae83dbdfff20668a40b0,2621acbd2bba4786d084a6fe55bd62b5defe2372e00074d1ce73fe2bd0dbec16
source-identity-entry-discovery-20260810T054907+0800-2fabb3def319,ZI-bb74646c795efd1568463fd5,DS-000227,BTC,未登记,不可定位,0,无法判定,无法判定,未知,未知,未知,未知,未知,未知,未知,未知,未知,未知,未登记,未登记,未知,2ac0c84203efd9c2735cdb91f464d07bc39ee71c28da7cdc8cf4b0a2c0c359f7,未知,未知,未复验,IDENTITY_DECLARATION_MISSING,来源提供者;交易场所;市场类型;标的身份;精确合约;数据对象;Schema确切版本;授权边界;字段中文映射;成员编号;资产编号;输入成员SHA-256;声明版本;声明内容SHA-256;Schema指纹;授权快照SHA-256;撤销事实;证据定位,只读取固定声明入口和information_schema注释摘要；不读取业务正文、价格、成交、订单簿、账户或凭据,该成员绑定当前版本九字段、唯一定位、成员/Schema/授权指纹和未撤销事实后追加不可变批次,58cce83072ee34edffde9ffae7b57104f60b49a8c9b051742f17d062b74c86a6,6d8c063c04eb02cc5c403067fed389705afe13e3dc1e8139af0c6163635c8bd2,92e2317ab33808587c45d85260f8470a02dafb044af8ae83dbdfff20668a40b0,f592b051a750c62b034bceb2cd584417f57e44444573389522a66dc28ed913e0
source-identity-entry-discovery-20260810T054907+0800-2fabb3def319,ZI-e5230a52ad3a08cbc1de9499,DS-000228,BTC,未登记,不可定位,0,无法判定,无法判定,未知,未知,未知,未知,未知,未知,未知,未知,未知,未知,未登记,未登记,未知,ded39db7f820476590ee31689b0e683dd170115a1af80b15191867fc8cfc2848,未知,未知,未复验,IDENTITY_DECLARATION_MISSING,来源提供者;交易场所;市场类型;标的身份;精确合约;数据对象;Schema确切版本;授权边界;字段中文映射;成员编号;资产编号;输入成员SHA-256;声明版本;声明内容SHA-256;Schema指纹;授权快照SHA-256;撤销事实;证据定位,只读取固定声明入口和information_schema注释摘要；不读取业务正文、价格、成交、订单簿、账户或凭据,该成员绑定当前版本九字段、唯一定位、成员/Schema/授权指纹和未撤销事实后追加不可变批次,58cce83072ee34edffde9ffae7b57104f60b49a8c9b051742f17d062b74c86a6,6d8c063c04eb02cc5c403067fed389705afe13e3dc1e8139af0c6163635c8bd2,92e2317ab33808587c45d85260f8470a02dafb044af8ae83dbdfff20668a40b0,a2ef632fb9de5da0619c7980522a9caa111532a882ccb16173aa730df715afc1
source-identity-entry-discovery-20260810T054907+0800-2fabb3def319,ZI-3fd360a6acc4e7dc0e4d25aa,DS-000229,BTC,未登记,不可定位,0,无法判定,无法判定,未知,未知,未知,未知,未知,未知,未知,未知,未知,未知,未登记,未登记,未知,f92abe1336fcf2463981b9bf09595da91c6642688d884b9321950c809461e668,未知,未知,未复验,IDENTITY_DECLARATION_MISSING,来源提供者;交易场所;市场类型;标的身份;精确合约;数据对象;Schema确切版本;授权边界;字段中文映射;成员编号;资产编号;输入成员SHA-256;声明版本;声明内容SHA-256;Schema指纹;授权快照SHA-256;撤销事实;证据定位,只读取固定声明入口和information_schema注释摘要；不读取业务正文、价格、成交、订单簿、账户或凭据,该成员绑定当前版本九字段、唯一定位、成员/Schema/授权指纹和未撤销事实后追加不可变批次,58cce83072ee34edffde9ffae7b57104f60b49a8c9b051742f17d062b74c86a6,6d8c063c04eb02cc5c403067fed389705afe13e3dc1e8139af0c6163635c8bd2,92e2317ab33808587c45d85260f8470a02dafb044af8ae83dbdfff20668a40b0,304b0a0b01bd5eb2268684fa3bdfe9ee49cd831062528a439c6634ab0db01ed2
source-identity-entry-discovery-20260810T054907+0800-2fabb3def319,ZI-84932a2cb8d1dbb102b157bc,DS-000230,BTC,未登记,不可定位,0,无法判定,无法判定,未知,未知,未知,未知,未知,未知,未知,未知,未知,未知,未登记,未登记,未知,696fc7c4311abe694bffc605e03c287a75b809028054b2796902f493ea776b60,未知,未知,未复验,IDENTITY_DECLARATION_MISSING,来源提供者;交易场所;市场类型;标的身份;精确合约;数据对象;Schema确切版本;授权边界;字段中文映射;成员编号;资产编号;输入成员SHA-256;声明版本;声明内容SHA-256;Schema指纹;授权快照SHA-256;撤销事实;证据定位,只读取固定声明入口和information_schema注释摘要；不读取业务正文、价格、成交、订单簿、账户或凭据,该成员绑定当前版本九字段、唯一定位、成员/Schema/授权指纹和未撤销事实后追加不可变批次,58cce83072ee34edffde9ffae7b57104f60b49a8c9b051742f17d062b74c86a6,6d8c063c04eb02cc5c403067fed389705afe13e3dc1e8139af0c6163635c8bd2,92e2317ab33808587c45d85260f8470a02dafb044af8ae83dbdfff20668a40b0,51de8c783ebc376f9da1778df59bbb5b93f57bce73f62e5e740d59626d2dc4c2
source-identity-entry-discovery-20260810T054907+0800-2fabb3def319,ZI-931fd13d49e7871a65721be5,DS-000231,BTC,未登记,不可定位,0,无法判定,无法判定,未知,未知,未知,未知,未知,未知,未知,未知,未知,未知,未登记,未登记,未知,1ddffa1f0f31556fe0d2dc68a47c93c046bfcfab4dcad6b6413e954c85a567ce,未知,未知,未复验,IDENTITY_DECLARATION_MISSING,来源提供者;交易场所;市场类型;标的身份;精确合约;数据对象;Schema确切版本;授权边界;字段中文映射;成员编号;资产编号;输入成员SHA-256;声明版本;声明内容SHA-256;Schema指纹;授权快照SHA-256;撤销事实;证据定位,只读取固定声明入口和information_schema注释摘要；不读取业务正文、价格、成交、订单簿、账户或凭据,该成员绑定当前版本九字段、唯一定位、成员/Schema/授权指纹和未撤销事实后追加不可变批次,58cce83072ee34edffde9ffae7b57104f60b49a8c9b051742f17d062b74c86a6,6d8c063c04eb02cc5c403067fed389705afe13e3dc1e8139af0c6163635c8bd2,92e2317ab33808587c45d85260f8470a02dafb044af8ae83dbdfff20668a40b0,f56a1e51661b347a58abbe16938a0137342a58ef6b2276742a751b0782a36103
source-identity-entry-discovery-20260810T054907+0800-2fabb3def319,ZI-0db81498191dada0dd3edbeb,DS-000232,BTC,未登记,不可定位,0,无法判定,无法判定,未知,未知,未知,未知,未知,未知,未知,未知,未知,未知,未登记,未登记,未知,d5e98969dd30d95cf796e35f21a830b2e8ab6decb9c18e07dba58527efbd0f89,未知,未知,未复验,IDENTITY_DECLARATION_MISSING,来源提供者;交易场所;市场类型;标的身份;精确合约;数据对象;Schema确切版本;授权边界;字段中文映射;成员编号;资产编号;输入成员SHA-256;声明版本;声明内容SHA-256;Schema指纹;授权快照SHA-256;撤销事实;证据定位,只读取固定声明入口和information_schema注释摘要；不读取业务正文、价格、成交、订单簿、账户或凭据,该成员绑定当前版本九字段、唯一定位、成员/Schema/授权指纹和未撤销事实后追加不可变批次,58cce83072ee34edffde9ffae7b57104f60b49a8c9b051742f17d062b74c86a6,6d8c063c04eb02cc5c403067fed389705afe13e3dc1e8139af0c6163635c8bd2,92e2317ab33808587c45d85260f8470a02dafb044af8ae83dbdfff20668a40b0,a8ff9595ce4ed029a947c455ca383ba04f70320cf1a4d74d353ab9488d0674ce
source-identity-entry-discovery-20260810T054907+0800-2fabb3def319,ZI-40e1501e3846b2cfea5a7abc,DS-000233,BTC,未登记,不可定位,0,无法判定,无法判定,未知,未知,未知,未知,未知,未知,未知,未知,未知,未知,未登记,未登记,未知,72e7313ef8e524b350b1ace10c8d6b8626b5188e0d1dd969dfa6e1b8fcbd5739,未知,未知,未复验,IDENTITY_DECLARATION_MISSING,来源提供者;交易场所;市场类型;标的身份;精确合约;数据对象;Schema确切版本;授权边界;字段中文映射;成员编号;资产编号;输入成员SHA-256;声明版本;声明内容SHA-256;Schema指纹;授权快照SHA-256;撤销事实;证据定位,只读取固定声明入口和information_schema注释摘要；不读取业务正文、价格、成交、订单簿、账户或凭据,该成员绑定当前版本九字段、唯一定位、成员/Schema/授权指纹和未撤销事实后追加不可变批次,58cce83072ee34edffde9ffae7b57104f60b49a8c9b051742f17d062b74c86a6,6d8c063c04eb02cc5c403067fed389705afe13e3dc1e8139af0c6163635c8bd2,92e2317ab33808587c45d85260f8470a02dafb044af8ae83dbdfff20668a40b0,5007e0203434bf7812753f29157caf14435482fc513951f64aac726ac230b391
source-identity-entry-discovery-20260810T054907+0800-2fabb3def319,ZI-180e97d2bf1963cdbc241452,DS-000234,BTC,未登记,不可定位,0,无法判定,无法判定,未知,未知,未知,未知,未知,未知,未知,未知,未知,未知,未登记,未登记,未知,32b66f7841fcfd1a8692bb0602413683c771ac914082faa7548d5a3cd7b46044,未知,未知,未复验,IDENTITY_DECLARATION_MISSING,来源提供者;交易场所;市场类型;标的身份;精确合约;数据对象;Schema确切版本;授权边界;字段中文映射;成员编号;资产编号;输入成员SHA-256;声明版本;声明内容SHA-256;Schema指纹;授权快照SHA-256;撤销事实;证据定位,只读取固定声明入口和information_schema注释摘要；不读取业务正文、价格、成交、订单簿、账户或凭据,该成员绑定当前版本九字段、唯一定位、成员/Schema/授权指纹和未撤销事实后追加不可变批次,58cce83072ee34edffde9ffae7b57104f60b49a8c9b051742f17d062b74c86a6,6d8c063c04eb02cc5c403067fed389705afe13e3dc1e8139af0c6163635c8bd2,92e2317ab33808587c45d85260f8470a02dafb044af8ae83dbdfff20668a40b0,f3ef8b97714c16c1c476b5336470e6ceb11c58f71e1b52b2dc48b1d0dd8400ee
source-identity-entry-discovery-20260810T054907+0800-2fabb3def319,ZI-82ca837cfd12f3b03f7ca932,DS-000235,BTC,未登记,不可定位,0,无法判定,无法判定,未知,未知,未知,未知,未知,未知,未知,未知,未知,未知,未登记,未登记,未知,f1c5147a2e34f6ba05d99991d7e96b60372cf8f3587d7274a6e8f0c390e7197f,未知,未知,未复验,IDENTITY_DECLARATION_MISSING,来源提供者;交易场所;市场类型;标的身份;精确合约;数据对象;Schema确切版本;授权边界;字段中文映射;成员编号;资产编号;输入成员SHA-256;声明版本;声明内容SHA-256;Schema指纹;授权快照SHA-256;撤销事实;证据定位,只读取固定声明入口和information_schema注释摘要；不读取业务正文、价格、成交、订单簿、账户或凭据,该成员绑定当前版本九字段、唯一定位、成员/Schema/授权指纹和未撤销事实后追加不可变批次,58cce83072ee34edffde9ffae7b57104f60b49a8c9b051742f17d062b74c86a6,6d8c063c04eb02cc5c403067fed389705afe13e3dc1e8139af0c6163635c8bd2,92e2317ab33808587c45d85260f8470a02dafb044af8ae83dbdfff20668a40b0,36fd8da6c1f6ec3286b977f77710f5210898c642cfaa153ac5046ebfb95905a9
source-identity-entry-discovery-20260810T054907+0800-2fabb3def319,ZI-f8f3b3ccb51bd499cc0a7a90,DS-000236,BTC,未登记,不可定位,0,无法判定,无法判定,未知,未知,未知,未知,未知,未知,未知,未知,未知,未知,未登记,未登记,未知,98b039adcd5656df11f65ee44b7131ebc40f5750a04b7327545e42606758bd44,未知,未知,未复验,IDENTITY_DECLARATION_MISSING,来源提供者;交易场所;市场类型;标的身份;精确合约;数据对象;Schema确切版本;授权边界;字段中文映射;成员编号;资产编号;输入成员SHA-256;声明版本;声明内容SHA-256;Schema指纹;授权快照SHA-256;撤销事实;证据定位,只读取固定声明入口和information_schema注释摘要；不读取业务正文、价格、成交、订单簿、账户或凭据,该成员绑定当前版本九字段、唯一定位、成员/Schema/授权指纹和未撤销事实后追加不可变批次,58cce83072ee34edffde9ffae7b57104f60b49a8c9b051742f17d062b74c86a6,6d8c063c04eb02cc5c403067fed389705afe13e3dc1e8139af0c6163635c8bd2,92e2317ab33808587c45d85260f8470a02dafb044af8ae83dbdfff20668a40b0,3bb14603041828b384524781432a639ba5b92ad663496ea992e1f9187165e0fd
source-identity-entry-discovery-20260810T054907+0800-2fabb3def319,ZI-909e04049eca4a3356195dcc,DS-000237,BTC,未登记,不可定位,0,无法判定,无法判定,未知,未知,未知,未知,未知,未知,未知,未知,未知,未知,未登记,未登记,未知,3726607d3f48f439672a2470687cbdc27e1513ae4716fbfd7ecfe895db4d10f7,未知,未知,未复验,IDENTITY_DECLARATION_MISSING,来源提供者;交易场所;市场类型;标的身份;精确合约;数据对象;Schema确切版本;授权边界;字段中文映射;成员编号;资产编号;输入成员SHA-256;声明版本;声明内容SHA-256;Schema指纹;授权快照SHA-256;撤销事实;证据定位,只读取固定声明入口和information_schema注释摘要；不读取业务正文、价格、成交、订单簿、账户或凭据,该成员绑定当前版本九字段、唯一定位、成员/Schema/授权指纹和未撤销事实后追加不可变批次,58cce83072ee34edffde9ffae7b57104f60b49a8c9b051742f17d062b74c86a6,6d8c063c04eb02cc5c403067fed389705afe13e3dc1e8139af0c6163635c8bd2,92e2317ab33808587c45d85260f8470a02dafb044af8ae83dbdfff20668a40b0,ff55681ad24fc89d64dd597b8de79dfbfac8c7cc43c5589ed09d1ca9c542b23d
source-identity-entry-discovery-20260810T054907+0800-2fabb3def319,ZI-c4350e8eb898e37acd11c607,DS-000238,BTC,未登记,不可定位,0,无法判定,无法判定,未知,未知,未知,未知,未知,未知,未知,未知,未知,未知,未登记,未登记,未知,270b961e9a166bcdca4fcdee14c4cd7f0f1ad86a75cdc3960672ad622cba43ea,未知,未知,未复验,IDENTITY_DECLARATION_MISSING,来源提供者;交易场所;市场类型;标的身份;精确合约;数据对象;Schema确切版本;授权边界;字段中文映射;成员编号;资产编号;输入成员SHA-256;声明版本;声明内容SHA-256;Schema指纹;授权快照SHA-256;撤销事实;证据定位,只读取固定声明入口和information_schema注释摘要；不读取业务正文、价格、成交、订单簿、账户或凭据,该成员绑定当前版本九字段、唯一定位、成员/Schema/授权指纹和未撤销事实后追加不可变批次,58cce83072ee34edffde9ffae7b57104f60b49a8c9b051742f17d062b74c86a6,6d8c063c04eb02cc5c403067fed389705afe13e3dc1e8139af0c6163635c8bd2,92e2317ab33808587c45d85260f8470a02dafb044af8ae83dbdfff20668a40b0,77b3d65507b5b5112a359cd3385df5eb56cf07e1e87be83fab5fa0d2116c91f2
source-identity-entry-discovery-20260810T054907+0800-2fabb3def319,ZI-70ff9820b675a6fb1dadcb63,DS-000239,BTC,未登记,不可定位,0,无法判定,无法判定,未知,未知,未知,未知,未知,未知,未知,未知,未知,未知,未登记,未登记,未知,117aa34fd7e4061134b2f25dd7f0a2b0d1efa63bd4819c4778a897f004e66d14,未知,未知,未复验,IDENTITY_DECLARATION_MISSING,来源提供者;交易场所;市场类型;标的身份;精确合约;数据对象;Schema确切版本;授权边界;字段中文映射;成员编号;资产编号;输入成员SHA-256;声明版本;声明内容SHA-256;Schema指纹;授权快照SHA-256;撤销事实;证据定位,只读取固定声明入口和information_schema注释摘要；不读取业务正文、价格、成交、订单簿、账户或凭据,该成员绑定当前版本九字段、唯一定位、成员/Schema/授权指纹和未撤销事实后追加不可变批次,58cce83072ee34edffde9ffae7b57104f60b49a8c9b051742f17d062b74c86a6,6d8c063c04eb02cc5c403067fed389705afe13e3dc1e8139af0c6163635c8bd2,92e2317ab33808587c45d85260f8470a02dafb044af8ae83dbdfff20668a40b0,e3547fcfe0c78b668a5489a9703b88b1c6bb4bd1af3c9ce3f961d0d44c51e291
source-identity-entry-discovery-20260810T054907+0800-2fabb3def319,ZI-a3518b5c91cfcb0ddebabc49,DS-000240,BTC,未登记,不可定位,0,无法判定,无法判定,未知,未知,未知,未知,未知,未知,未知,未知,未知,未知,未登记,未登记,未知,a9f656490ddb8a2c0687c98bf185161c1ff4e8545620daade42c31f3b709cd45,未知,未知,未复验,IDENTITY_DECLARATION_MISSING,来源提供者;交易场所;市场类型;标的身份;精确合约;数据对象;Schema确切版本;授权边界;字段中文映射;成员编号;资产编号;输入成员SHA-256;声明版本;声明内容SHA-256;Schema指纹;授权快照SHA-256;撤销事实;证据定位,只读取固定声明入口和information_schema注释摘要；不读取业务正文、价格、成交、订单簿、账户或凭据,该成员绑定当前版本九字段、唯一定位、成员/Schema/授权指纹和未撤销事实后追加不可变批次,58cce83072ee34edffde9ffae7b57104f60b49a8c9b051742f17d062b74c86a6,6d8c063c04eb02cc5c403067fed389705afe13e3dc1e8139af0c6163635c8bd2,92e2317ab33808587c45d85260f8470a02dafb044af8ae83dbdfff20668a40b0,0cd5936a4e5b5b5b643e4f98ae80c0a1a079c853cc4c41a86d4789fc580a8e7e
source-identity-entry-discovery-20260810T054907+0800-2fabb3def319,ZI-2d19f035d654c628059e34b8,DS-000241,BTC,未登记,不可定位,0,无法判定,无法判定,未知,未知,未知,未知,未知,未知,未知,未知,未知,未知,未登记,未登记,未知,a3b0dc868567565fbc694d34c2bfbe290d8bce78d7aa8020914d094b03202ca2,未知,未知,未复验,IDENTITY_DECLARATION_MISSING,来源提供者;交易场所;市场类型;标的身份;精确合约;数据对象;Schema确切版本;授权边界;字段中文映射;成员编号;资产编号;输入成员SHA-256;声明版本;声明内容SHA-256;Schema指纹;授权快照SHA-256;撤销事实;证据定位,只读取固定声明入口和information_schema注释摘要；不读取业务正文、价格、成交、订单簿、账户或凭据,该成员绑定当前版本九字段、唯一定位、成员/Schema/授权指纹和未撤销事实后追加不可变批次,58cce83072ee34edffde9ffae7b57104f60b49a8c9b051742f17d062b74c86a6,6d8c063c04eb02cc5c403067fed389705afe13e3dc1e8139af0c6163635c8bd2,92e2317ab33808587c45d85260f8470a02dafb044af8ae83dbdfff20668a40b0,950047a99da77441439e59af11aae0195b726ff396672603c7b59d61e35f288b
source-identity-entry-discovery-20260810T054907+0800-2fabb3def319,ZI-2aacde99b3989717dca21e4a,DS-000242,BTC,未登记,不可定位,0,无法判定,无法判定,未知,未知,未知,未知,未知,未知,未知,未知,未知,未知,未登记,未登记,未知,f06d1d1e6c27a45590fca5ee63f74b8db5c230132951c25768af2fdb002dade8,未知,未知,未复验,IDENTITY_DECLARATION_MISSING,来源提供者;交易场所;市场类型;标的身份;精确合约;数据对象;Schema确切版本;授权边界;字段中文映射;成员编号;资产编号;输入成员SHA-256;声明版本;声明内容SHA-256;Schema指纹;授权快照SHA-256;撤销事实;证据定位,只读取固定声明入口和information_schema注释摘要；不读取业务正文、价格、成交、订单簿、账户或凭据,该成员绑定当前版本九字段、唯一定位、成员/Schema/授权指纹和未撤销事实后追加不可变批次,58cce83072ee34edffde9ffae7b57104f60b49a8c9b051742f17d062b74c86a6,6d8c063c04eb02cc5c403067fed389705afe13e3dc1e8139af0c6163635c8bd2,92e2317ab33808587c45d85260f8470a02dafb044af8ae83dbdfff20668a40b0,c9b7aa1574e7c8c1621612353ff29318bd307af07cd1c71da78b13b9a03e1356
source-identity-entry-discovery-20260810T054907+0800-2fabb3def319,ZI-ec7ec383b739a0789e262abf,DS-000243,BTC,未登记,不可定位,0,无法判定,无法判定,未知,未知,未知,未知,未知,未知,未知,未知,未知,未知,未登记,未登记,未知,8f2d433fc50cdb27ebcc8696c2f8aae7aee08cdc738e7e73e2445894e0b6429e,未知,未知,未复验,IDENTITY_DECLARATION_MISSING,来源提供者;交易场所;市场类型;标的身份;精确合约;数据对象;Schema确切版本;授权边界;字段中文映射;成员编号;资产编号;输入成员SHA-256;声明版本;声明内容SHA-256;Schema指纹;授权快照SHA-256;撤销事实;证据定位,只读取固定声明入口和information_schema注释摘要；不读取业务正文、价格、成交、订单簿、账户或凭据,该成员绑定当前版本九字段、唯一定位、成员/Schema/授权指纹和未撤销事实后追加不可变批次,58cce83072ee34edffde9ffae7b57104f60b49a8c9b051742f17d062b74c86a6,6d8c063c04eb02cc5c403067fed389705afe13e3dc1e8139af0c6163635c8bd2,92e2317ab33808587c45d85260f8470a02dafb044af8ae83dbdfff20668a40b0,c9b87c66a74b0c82e437efde82277210dba3d53484bc7bc9baae9d4e57b151a2
source-identity-entry-discovery-20260810T054907+0800-2fabb3def319,ZI-a141d598481257020e4c6917,DS-000244,BTC,未登记,不可定位,0,无法判定,无法判定,未知,未知,未知,未知,未知,未知,未知,未知,未知,未知,未登记,未登记,未知,d9ccf842fc989b8040673df44f01abefc569defc18f83e6d9c5d50fe594be145,未知,未知,未复验,IDENTITY_DECLARATION_MISSING,来源提供者;交易场所;市场类型;标的身份;精确合约;数据对象;Schema确切版本;授权边界;字段中文映射;成员编号;资产编号;输入成员SHA-256;声明版本;声明内容SHA-256;Schema指纹;授权快照SHA-256;撤销事实;证据定位,只读取固定声明入口和information_schema注释摘要；不读取业务正文、价格、成交、订单簿、账户或凭据,该成员绑定当前版本九字段、唯一定位、成员/Schema/授权指纹和未撤销事实后追加不可变批次,58cce83072ee34edffde9ffae7b57104f60b49a8c9b051742f17d062b74c86a6,6d8c063c04eb02cc5c403067fed389705afe13e3dc1e8139af0c6163635c8bd2,92e2317ab33808587c45d85260f8470a02dafb044af8ae83dbdfff20668a40b0,72f54f5bb4bd599436a25dd49763a8f139188905afeac0f460308c8b557e90fa
source-identity-entry-discovery-20260810T054907+0800-2fabb3def319,ZI-0a136a28fb73960969c8e5ab,DS-000245,BTC,未登记,不可定位,0,无法判定,无法判定,未知,未知,未知,未知,未知,未知,未知,未知,未知,未知,未登记,未登记,未知,4a802128b530c664d2cce4467dc90608e80c54df2148a9807f2f73c198908494,未知,未知,未复验,IDENTITY_DECLARATION_MISSING,来源提供者;交易场所;市场类型;标的身份;精确合约;数据对象;Schema确切版本;授权边界;字段中文映射;成员编号;资产编号;输入成员SHA-256;声明版本;声明内容SHA-256;Schema指纹;授权快照SHA-256;撤销事实;证据定位,只读取固定声明入口和information_schema注释摘要；不读取业务正文、价格、成交、订单簿、账户或凭据,该成员绑定当前版本九字段、唯一定位、成员/Schema/授权指纹和未撤销事实后追加不可变批次,58cce83072ee34edffde9ffae7b57104f60b49a8c9b051742f17d062b74c86a6,6d8c063c04eb02cc5c403067fed389705afe13e3dc1e8139af0c6163635c8bd2,92e2317ab33808587c45d85260f8470a02dafb044af8ae83dbdfff20668a40b0,030abe32934cd4b447915c3dff748129508b6ba63651737dd3e149688fc1069b
source-identity-entry-discovery-20260810T054907+0800-2fabb3def319,ZI-58ac48c83dce3eff098110c3,DS-000246,BTC,未登记,不可定位,0,无法判定,无法判定,未知,未知,未知,未知,未知,未知,未知,未知,未知,未知,未登记,未登记,未知,7d64dde1f25c3737f64198c66faf0e6ab439a60473cdaa8f3b366cc1220a7b34,未知,未知,未复验,IDENTITY_DECLARATION_MISSING,来源提供者;交易场所;市场类型;标的身份;精确合约;数据对象;Schema确切版本;授权边界;字段中文映射;成员编号;资产编号;输入成员SHA-256;声明版本;声明内容SHA-256;Schema指纹;授权快照SHA-256;撤销事实;证据定位,只读取固定声明入口和information_schema注释摘要；不读取业务正文、价格、成交、订单簿、账户或凭据,该成员绑定当前版本九字段、唯一定位、成员/Schema/授权指纹和未撤销事实后追加不可变批次,58cce83072ee34edffde9ffae7b57104f60b49a8c9b051742f17d062b74c86a6,6d8c063c04eb02cc5c403067fed389705afe13e3dc1e8139af0c6163635c8bd2,92e2317ab33808587c45d85260f8470a02dafb044af8ae83dbdfff20668a40b0,b51354997868a90e88732aba97826b7d7951cd2f7c4ca17afda38c0e1307a863
source-identity-entry-discovery-20260810T054907+0800-2fabb3def319,ZI-6e29ccb46c945b51b7439ea2,DS-000247,BTC,未登记,不可定位,0,无法判定,无法判定,未知,未知,未知,未知,未知,未知,未知,未知,未知,未知,未登记,未登记,未知,87e80f8fb7aa338d10f9ea15efd48b34ebc42084728e9ba9869fa6a7eb4ca114,未知,未知,未复验,IDENTITY_DECLARATION_MISSING,来源提供者;交易场所;市场类型;标的身份;精确合约;数据对象;Schema确切版本;授权边界;字段中文映射;成员编号;资产编号;输入成员SHA-256;声明版本;声明内容SHA-256;Schema指纹;授权快照SHA-256;撤销事实;证据定位,只读取固定声明入口和information_schema注释摘要；不读取业务正文、价格、成交、订单簿、账户或凭据,该成员绑定当前版本九字段、唯一定位、成员/Schema/授权指纹和未撤销事实后追加不可变批次,58cce83072ee34edffde9ffae7b57104f60b49a8c9b051742f17d062b74c86a6,6d8c063c04eb02cc5c403067fed389705afe13e3dc1e8139af0c6163635c8bd2,92e2317ab33808587c45d85260f8470a02dafb044af8ae83dbdfff20668a40b0,e8ffd22f86ab99b5ef7c70d1f00b03568be9ce4a17d1eea92d920d304b8c4f53
source-identity-entry-discovery-20260810T054907+0800-2fabb3def319,ZI-380bca61b30402d70b587e35,DS-000248,BTC,未登记,不可定位,0,无法判定,无法判定,未知,未知,未知,未知,未知,未知,未知,未知,未知,未知,未登记,未登记,未知,65611c0f1bf5e4f18dfc700ed64ff077d3d9c24f54cb2862a98fe7bafda25358,未知,未知,未复验,IDENTITY_DECLARATION_MISSING,来源提供者;交易场所;市场类型;标的身份;精确合约;数据对象;Schema确切版本;授权边界;字段中文映射;成员编号;资产编号;输入成员SHA-256;声明版本;声明内容SHA-256;Schema指纹;授权快照SHA-256;撤销事实;证据定位,只读取固定声明入口和information_schema注释摘要；不读取业务正文、价格、成交、订单簿、账户或凭据,该成员绑定当前版本九字段、唯一定位、成员/Schema/授权指纹和未撤销事实后追加不可变批次,58cce83072ee34edffde9ffae7b57104f60b49a8c9b051742f17d062b74c86a6,6d8c063c04eb02cc5c403067fed389705afe13e3dc1e8139af0c6163635c8bd2,92e2317ab33808587c45d85260f8470a02dafb044af8ae83dbdfff20668a40b0,5de62feb3d1581d6f2af6172e49e63169d719c5b65bc9556e934f2b30a25b8b4
source-identity-entry-discovery-20260810T054907+0800-2fabb3def319,ZI-22c7bc4bbe06ea5b6678e8ed,DS-000249,BTC,未登记,不可定位,0,无法判定,无法判定,未知,未知,未知,未知,未知,未知,未知,未知,未知,未知,未登记,未登记,未知,aca809161e20675328dc217edad64dd8dba9342aab44d915bd0e824c22863f5e,未知,未知,未复验,IDENTITY_DECLARATION_MISSING,来源提供者;交易场所;市场类型;标的身份;精确合约;数据对象;Schema确切版本;授权边界;字段中文映射;成员编号;资产编号;输入成员SHA-256;声明版本;声明内容SHA-256;Schema指纹;授权快照SHA-256;撤销事实;证据定位,只读取固定声明入口和information_schema注释摘要；不读取业务正文、价格、成交、订单簿、账户或凭据,该成员绑定当前版本九字段、唯一定位、成员/Schema/授权指纹和未撤销事实后追加不可变批次,58cce83072ee34edffde9ffae7b57104f60b49a8c9b051742f17d062b74c86a6,6d8c063c04eb02cc5c403067fed389705afe13e3dc1e8139af0c6163635c8bd2,92e2317ab33808587c45d85260f8470a02dafb044af8ae83dbdfff20668a40b0,c38a1e91a5952404045a3eb667637ef0c4004ef3e77672aa0b8360dce1cb4ab5
source-identity-entry-discovery-20260810T054907+0800-2fabb3def319,ZI-8c2a4928629aa827cfab0bbe,DS-000250,BTC,未登记,不可定位,0,无法判定,无法判定,未知,未知,未知,未知,未知,未知,未知,未知,未知,未知,未登记,未登记,未知,ecb0dcb61e3f9dae7d3cae5c9d7891232f850e3a93e93c3a61f67948dbb25d6e,未知,未知,未复验,IDENTITY_DECLARATION_MISSING,来源提供者;交易场所;市场类型;标的身份;精确合约;数据对象;Schema确切版本;授权边界;字段中文映射;成员编号;资产编号;输入成员SHA-256;声明版本;声明内容SHA-256;Schema指纹;授权快照SHA-256;撤销事实;证据定位,只读取固定声明入口和information_schema注释摘要；不读取业务正文、价格、成交、订单簿、账户或凭据,该成员绑定当前版本九字段、唯一定位、成员/Schema/授权指纹和未撤销事实后追加不可变批次,58cce83072ee34edffde9ffae7b57104f60b49a8c9b051742f17d062b74c86a6,6d8c063c04eb02cc5c403067fed389705afe13e3dc1e8139af0c6163635c8bd2,92e2317ab33808587c45d85260f8470a02dafb044af8ae83dbdfff20668a40b0,392e02d5bff5d873c725a11822d3f84f71a55b2af5fc5165ce6985d341a94a5e
source-identity-entry-discovery-20260810T054907+0800-2fabb3def319,ZI-5102df4ca999fece2c974d9f,DS-000251,BTC,未登记,不可定位,0,无法判定,无法判定,未知,未知,未知,未知,未知,未知,未知,未知,未知,未知,未登记,未登记,未知,b816107fcd9458244e66909d10efec6cd8e2accda1bfe58a8fbf9a0669c0dd53,未知,未知,未复验,IDENTITY_DECLARATION_MISSING,来源提供者;交易场所;市场类型;标的身份;精确合约;数据对象;Schema确切版本;授权边界;字段中文映射;成员编号;资产编号;输入成员SHA-256;声明版本;声明内容SHA-256;Schema指纹;授权快照SHA-256;撤销事实;证据定位,只读取固定声明入口和information_schema注释摘要；不读取业务正文、价格、成交、订单簿、账户或凭据,该成员绑定当前版本九字段、唯一定位、成员/Schema/授权指纹和未撤销事实后追加不可变批次,58cce83072ee34edffde9ffae7b57104f60b49a8c9b051742f17d062b74c86a6,6d8c063c04eb02cc5c403067fed389705afe13e3dc1e8139af0c6163635c8bd2,92e2317ab33808587c45d85260f8470a02dafb044af8ae83dbdfff20668a40b0,f732fa1db98b1eaba838a7b062f6aa7ef2968ca8e1ee7e8301d120b205586d80
source-identity-entry-discovery-20260810T054907+0800-2fabb3def319,ZI-0c93b208498bfc5ca89f17bd,DS-000252,BTC,未登记,不可定位,0,无法判定,无法判定,未知,未知,未知,未知,未知,未知,未知,未知,未知,未知,未登记,未登记,未知,98ba0e71e4eea4203f58a3df83e1469c57532861305d2639da67bd3bb490d481,未知,未知,未复验,IDENTITY_DECLARATION_MISSING,来源提供者;交易场所;市场类型;标的身份;精确合约;数据对象;Schema确切版本;授权边界;字段中文映射;成员编号;资产编号;输入成员SHA-256;声明版本;声明内容SHA-256;Schema指纹;授权快照SHA-256;撤销事实;证据定位,只读取固定声明入口和information_schema注释摘要；不读取业务正文、价格、成交、订单簿、账户或凭据,该成员绑定当前版本九字段、唯一定位、成员/Schema/授权指纹和未撤销事实后追加不可变批次,58cce83072ee34edffde9ffae7b57104f60b49a8c9b051742f17d062b74c86a6,6d8c063c04eb02cc5c403067fed389705afe13e3dc1e8139af0c6163635c8bd2,92e2317ab33808587c45d85260f8470a02dafb044af8ae83dbdfff20668a40b0,59697b4f267c3b87aa7a8dd375b42d88982b767f8643a859760482847d8b6e5a
source-identity-entry-discovery-20260810T054907+0800-2fabb3def319,ZI-a22bc6b5465780acab6f4202,DS-000253,BTC,未登记,不可定位,0,无法判定,无法判定,未知,未知,未知,未知,未知,未知,未知,未知,未知,未知,未登记,未登记,未知,6218f5ae411a9a1c1d8031e34c1091dea2dc3f9d8700a756d1665b4011c480c1,未知,未知,未复验,IDENTITY_DECLARATION_MISSING,来源提供者;交易场所;市场类型;标的身份;精确合约;数据对象;Schema确切版本;授权边界;字段中文映射;成员编号;资产编号;输入成员SHA-256;声明版本;声明内容SHA-256;Schema指纹;授权快照SHA-256;撤销事实;证据定位,只读取固定声明入口和information_schema注释摘要；不读取业务正文、价格、成交、订单簿、账户或凭据,该成员绑定当前版本九字段、唯一定位、成员/Schema/授权指纹和未撤销事实后追加不可变批次,58cce83072ee34edffde9ffae7b57104f60b49a8c9b051742f17d062b74c86a6,6d8c063c04eb02cc5c403067fed389705afe13e3dc1e8139af0c6163635c8bd2,92e2317ab33808587c45d85260f8470a02dafb044af8ae83dbdfff20668a40b0,258a2c21998e4faade9ca984aee9a97ee89f0257b90028438019aa15c3051c72
source-identity-entry-discovery-20260810T054907+0800-2fabb3def319,ZI-85c1a57db43cc467bba8305c,DS-000254,BTC,未登记,不可定位,0,无法判定,无法判定,未知,未知,未知,未知,未知,未知,未知,未知,未知,未知,未登记,未登记,未知,8fb55f44c4dc05cd2f2f0afb77a649faa69a0513e90690925d91bf432e4f30ff,未知,未知,未复验,IDENTITY_DECLARATION_MISSING,来源提供者;交易场所;市场类型;标的身份;精确合约;数据对象;Schema确切版本;授权边界;字段中文映射;成员编号;资产编号;输入成员SHA-256;声明版本;声明内容SHA-256;Schema指纹;授权快照SHA-256;撤销事实;证据定位,只读取固定声明入口和information_schema注释摘要；不读取业务正文、价格、成交、订单簿、账户或凭据,该成员绑定当前版本九字段、唯一定位、成员/Schema/授权指纹和未撤销事实后追加不可变批次,58cce83072ee34edffde9ffae7b57104f60b49a8c9b051742f17d062b74c86a6,6d8c063c04eb02cc5c403067fed389705afe13e3dc1e8139af0c6163635c8bd2,92e2317ab33808587c45d85260f8470a02dafb044af8ae83dbdfff20668a40b0,3ee08b06c9a8db69388f4df4ecf16189aa1208fa7743b85fd77e49ca78aae548
source-identity-entry-discovery-20260810T054907+0800-2fabb3def319,ZI-73b33d25621fcec938082f43,DS-000255,BTC,未登记,不可定位,0,无法判定,无法判定,未知,未知,未知,未知,未知,未知,未知,未知,未知,未知,未登记,未登记,未知,97c901f301044a2160dd66a1a1f59d8d5958ae46cc18f7590c0234c39322f194,未知,未知,未复验,IDENTITY_DECLARATION_MISSING,来源提供者;交易场所;市场类型;标的身份;精确合约;数据对象;Schema确切版本;授权边界;字段中文映射;成员编号;资产编号;输入成员SHA-256;声明版本;声明内容SHA-256;Schema指纹;授权快照SHA-256;撤销事实;证据定位,只读取固定声明入口和information_schema注释摘要；不读取业务正文、价格、成交、订单簿、账户或凭据,该成员绑定当前版本九字段、唯一定位、成员/Schema/授权指纹和未撤销事实后追加不可变批次,58cce83072ee34edffde9ffae7b57104f60b49a8c9b051742f17d062b74c86a6,6d8c063c04eb02cc5c403067fed389705afe13e3dc1e8139af0c6163635c8bd2,92e2317ab33808587c45d85260f8470a02dafb044af8ae83dbdfff20668a40b0,beee02f9e0240e32696a47aeda6f225e74e6937cdf2ef8be44a37408dacdc64a
source-identity-entry-discovery-20260810T054907+0800-2fabb3def319,ZI-efd31016c93ebe09d210630e,DS-000256,BTC,未登记,不可定位,0,无法判定,无法判定,未知,未知,未知,未知,未知,未知,未知,未知,未知,未知,未登记,未登记,未知,72946cce48d978d6b90942bd0f99bd012a999fc767a59eaeb63b097815d707a9,未知,未知,未复验,IDENTITY_DECLARATION_MISSING,来源提供者;交易场所;市场类型;标的身份;精确合约;数据对象;Schema确切版本;授权边界;字段中文映射;成员编号;资产编号;输入成员SHA-256;声明版本;声明内容SHA-256;Schema指纹;授权快照SHA-256;撤销事实;证据定位,只读取固定声明入口和information_schema注释摘要；不读取业务正文、价格、成交、订单簿、账户或凭据,该成员绑定当前版本九字段、唯一定位、成员/Schema/授权指纹和未撤销事实后追加不可变批次,58cce83072ee34edffde9ffae7b57104f60b49a8c9b051742f17d062b74c86a6,6d8c063c04eb02cc5c403067fed389705afe13e3dc1e8139af0c6163635c8bd2,92e2317ab33808587c45d85260f8470a02dafb044af8ae83dbdfff20668a40b0,3f057029a1c3a35df6df212cd6031e7a8a9b4aa3b1275038d1d02abdced70057
source-identity-entry-discovery-20260810T054907+0800-2fabb3def319,ZI-953e551841d548cda858ff70,DS-000257,BTC,未登记,不可定位,0,无法判定,无法判定,未知,未知,未知,未知,未知,未知,未知,未知,未知,未知,未登记,未登记,未知,e9a1adbad68c8e4f0b3f88a4c1d5f5e59207297fe7eb4ea9a6f3e91690974ffb,未知,未知,未复验,IDENTITY_DECLARATION_MISSING,来源提供者;交易场所;市场类型;标的身份;精确合约;数据对象;Schema确切版本;授权边界;字段中文映射;成员编号;资产编号;输入成员SHA-256;声明版本;声明内容SHA-256;Schema指纹;授权快照SHA-256;撤销事实;证据定位,只读取固定声明入口和information_schema注释摘要；不读取业务正文、价格、成交、订单簿、账户或凭据,该成员绑定当前版本九字段、唯一定位、成员/Schema/授权指纹和未撤销事实后追加不可变批次,58cce83072ee34edffde9ffae7b57104f60b49a8c9b051742f17d062b74c86a6,6d8c063c04eb02cc5c403067fed389705afe13e3dc1e8139af0c6163635c8bd2,92e2317ab33808587c45d85260f8470a02dafb044af8ae83dbdfff20668a40b0,5fac2f57fed97a4db61eda2e846bfc1ec9e84a1bc43a3ed0301786dee045b688
source-identity-entry-discovery-20260810T054907+0800-2fabb3def319,ZI-d37f2efffb57d6f5ffb06d2d,DS-000258,BTC,未登记,不可定位,0,无法判定,无法判定,未知,未知,未知,未知,未知,未知,未知,未知,未知,未知,未登记,未登记,未知,05dc2fcb434d0937800d8432001eafe73e3969f23c72e4e6dccfa8d10a464e89,未知,未知,未复验,IDENTITY_DECLARATION_MISSING,来源提供者;交易场所;市场类型;标的身份;精确合约;数据对象;Schema确切版本;授权边界;字段中文映射;成员编号;资产编号;输入成员SHA-256;声明版本;声明内容SHA-256;Schema指纹;授权快照SHA-256;撤销事实;证据定位,只读取固定声明入口和information_schema注释摘要；不读取业务正文、价格、成交、订单簿、账户或凭据,该成员绑定当前版本九字段、唯一定位、成员/Schema/授权指纹和未撤销事实后追加不可变批次,58cce83072ee34edffde9ffae7b57104f60b49a8c9b051742f17d062b74c86a6,6d8c063c04eb02cc5c403067fed389705afe13e3dc1e8139af0c6163635c8bd2,92e2317ab33808587c45d85260f8470a02dafb044af8ae83dbdfff20668a40b0,7fdd34c7c98af97b7f4f3f5e1a4e27febd54a4422875c451eaa08ac2da014f09
source-identity-entry-discovery-20260810T054907+0800-2fabb3def319,ZI-28bd91890e197979dbe3d557,DS-000259,BTC,未登记,不可定位,0,无法判定,无法判定,未知,未知,未知,未知,未知,未知,未知,未知,未知,未知,未登记,未登记,未知,1cd773853ef33cb8f6d7c1280729bf82e0b795d62cb20a76d636135bcdf110fc,未知,未知,未复验,IDENTITY_DECLARATION_MISSING,来源提供者;交易场所;市场类型;标的身份;精确合约;数据对象;Schema确切版本;授权边界;字段中文映射;成员编号;资产编号;输入成员SHA-256;声明版本;声明内容SHA-256;Schema指纹;授权快照SHA-256;撤销事实;证据定位,只读取固定声明入口和information_schema注释摘要；不读取业务正文、价格、成交、订单簿、账户或凭据,该成员绑定当前版本九字段、唯一定位、成员/Schema/授权指纹和未撤销事实后追加不可变批次,58cce83072ee34edffde9ffae7b57104f60b49a8c9b051742f17d062b74c86a6,6d8c063c04eb02cc5c403067fed389705afe13e3dc1e8139af0c6163635c8bd2,92e2317ab33808587c45d85260f8470a02dafb044af8ae83dbdfff20668a40b0,f776910bbe8b9bceaf91ab9de210b0351ea986779f88722595fabbadb9fd3b2f
source-identity-entry-discovery-20260810T054907+0800-2fabb3def319,ZI-8adfeb2ba520a08a1239da21,DS-000260,BTC,未登记,不可定位,0,无法判定,无法判定,未知,未知,未知,未知,未知,未知,未知,未知,未知,未知,未登记,未登记,未知,401f3e557d030bd2429821a0c387907103f5a6996eed7ad975e0b5013f0313e6,未知,未知,未复验,IDENTITY_DECLARATION_MISSING,来源提供者;交易场所;市场类型;标的身份;精确合约;数据对象;Schema确切版本;授权边界;字段中文映射;成员编号;资产编号;输入成员SHA-256;声明版本;声明内容SHA-256;Schema指纹;授权快照SHA-256;撤销事实;证据定位,只读取固定声明入口和information_schema注释摘要；不读取业务正文、价格、成交、订单簿、账户或凭据,该成员绑定当前版本九字段、唯一定位、成员/Schema/授权指纹和未撤销事实后追加不可变批次,58cce83072ee34edffde9ffae7b57104f60b49a8c9b051742f17d062b74c86a6,6d8c063c04eb02cc5c403067fed389705afe13e3dc1e8139af0c6163635c8bd2,92e2317ab33808587c45d85260f8470a02dafb044af8ae83dbdfff20668a40b0,fd78b13e606b735f2023cb0bc5760a57bcf02d9224468c9314f900e9f326b6c2
source-identity-entry-discovery-20260810T054907+0800-2fabb3def319,ZI-4d56ade81bc7c6b89f3f4919,DS-000261,BTC,未登记,不可定位,0,无法判定,无法判定,未知,未知,未知,未知,未知,未知,未知,未知,未知,未知,未登记,未登记,未知,a9f85bb1dc0b933fe331584b1457e01f02ef7ff90e431451c038e26336977746,未知,未知,未复验,IDENTITY_DECLARATION_MISSING,来源提供者;交易场所;市场类型;标的身份;精确合约;数据对象;Schema确切版本;授权边界;字段中文映射;成员编号;资产编号;输入成员SHA-256;声明版本;声明内容SHA-256;Schema指纹;授权快照SHA-256;撤销事实;证据定位,只读取固定声明入口和information_schema注释摘要；不读取业务正文、价格、成交、订单簿、账户或凭据,该成员绑定当前版本九字段、唯一定位、成员/Schema/授权指纹和未撤销事实后追加不可变批次,58cce83072ee34edffde9ffae7b57104f60b49a8c9b051742f17d062b74c86a6,6d8c063c04eb02cc5c403067fed389705afe13e3dc1e8139af0c6163635c8bd2,92e2317ab33808587c45d85260f8470a02dafb044af8ae83dbdfff20668a40b0,a66ef1c58ee15ab8efa4d88ec4627fd310bf8b9d4cc1485e88e55be5eb760065
source-identity-entry-discovery-20260810T054907+0800-2fabb3def319,ZI-2575b474caa6b55a94f14d0a,DS-000262,BTC,未登记,不可定位,0,无法判定,无法判定,未知,未知,未知,未知,未知,未知,未知,未知,未知,未知,未登记,未登记,未知,b8a6749e0560113c220e491aa3837fbbc46a199eea8b154ba402234b3fe136c3,未知,未知,未复验,IDENTITY_DECLARATION_MISSING,来源提供者;交易场所;市场类型;标的身份;精确合约;数据对象;Schema确切版本;授权边界;字段中文映射;成员编号;资产编号;输入成员SHA-256;声明版本;声明内容SHA-256;Schema指纹;授权快照SHA-256;撤销事实;证据定位,只读取固定声明入口和information_schema注释摘要；不读取业务正文、价格、成交、订单簿、账户或凭据,该成员绑定当前版本九字段、唯一定位、成员/Schema/授权指纹和未撤销事实后追加不可变批次,58cce83072ee34edffde9ffae7b57104f60b49a8c9b051742f17d062b74c86a6,6d8c063c04eb02cc5c403067fed389705afe13e3dc1e8139af0c6163635c8bd2,92e2317ab33808587c45d85260f8470a02dafb044af8ae83dbdfff20668a40b0,90f4b713035159ccbdee9e9c27a05d31a7452381837a87599af32c9cc700942f
source-identity-entry-discovery-20260810T054907+0800-2fabb3def319,ZI-3a9cc5175040973510b7a981,DS-000263,BTC,未登记,不可定位,0,无法判定,无法判定,未知,未知,未知,未知,未知,未知,未知,未知,未知,未知,未登记,未登记,未知,88da7335bdb9dec72ed997ca4fa5e1dfa14b14965380d3de3b4d82bafa7ba8e6,未知,未知,未复验,IDENTITY_DECLARATION_MISSING,来源提供者;交易场所;市场类型;标的身份;精确合约;数据对象;Schema确切版本;授权边界;字段中文映射;成员编号;资产编号;输入成员SHA-256;声明版本;声明内容SHA-256;Schema指纹;授权快照SHA-256;撤销事实;证据定位,只读取固定声明入口和information_schema注释摘要；不读取业务正文、价格、成交、订单簿、账户或凭据,该成员绑定当前版本九字段、唯一定位、成员/Schema/授权指纹和未撤销事实后追加不可变批次,58cce83072ee34edffde9ffae7b57104f60b49a8c9b051742f17d062b74c86a6,6d8c063c04eb02cc5c403067fed389705afe13e3dc1e8139af0c6163635c8bd2,92e2317ab33808587c45d85260f8470a02dafb044af8ae83dbdfff20668a40b0,2dce026b3a86280c9d0dbedd7472363dafaa6ab5c5204182bdc107ceb513e481
source-identity-entry-discovery-20260810T054907+0800-2fabb3def319,ZI-7a7a75b0b1cbfcb9417167f5,DS-000264,BTC,未登记,不可定位,0,无法判定,无法判定,未知,未知,未知,未知,未知,未知,未知,未知,未知,未知,未登记,未登记,未知,474ef8452df7b494b2e90829b34983df559699b8d2cf94b36731bfcedb517544,未知,未知,未复验,IDENTITY_DECLARATION_MISSING,来源提供者;交易场所;市场类型;标的身份;精确合约;数据对象;Schema确切版本;授权边界;字段中文映射;成员编号;资产编号;输入成员SHA-256;声明版本;声明内容SHA-256;Schema指纹;授权快照SHA-256;撤销事实;证据定位,只读取固定声明入口和information_schema注释摘要；不读取业务正文、价格、成交、订单簿、账户或凭据,该成员绑定当前版本九字段、唯一定位、成员/Schema/授权指纹和未撤销事实后追加不可变批次,58cce83072ee34edffde9ffae7b57104f60b49a8c9b051742f17d062b74c86a6,6d8c063c04eb02cc5c403067fed389705afe13e3dc1e8139af0c6163635c8bd2,92e2317ab33808587c45d85260f8470a02dafb044af8ae83dbdfff20668a40b0,eaab8e5960058787d06a2de9b8636d4bb7c82771afb025061a6e04736ff17d4a
source-identity-entry-discovery-20260810T054907+0800-2fabb3def319,ZI-03657fc4a6aca5c9bb15a181,DS-000265,BTC,未登记,不可定位,0,无法判定,无法判定,未知,未知,未知,未知,未知,未知,未知,未知,未知,未知,未登记,未登记,未知,5e24f63ab8f417987a50c39d32718c38ba94e1de57ac2745a718cc5ec794238a,未知,未知,未复验,IDENTITY_DECLARATION_MISSING,来源提供者;交易场所;市场类型;标的身份;精确合约;数据对象;Schema确切版本;授权边界;字段中文映射;成员编号;资产编号;输入成员SHA-256;声明版本;声明内容SHA-256;Schema指纹;授权快照SHA-256;撤销事实;证据定位,只读取固定声明入口和information_schema注释摘要；不读取业务正文、价格、成交、订单簿、账户或凭据,该成员绑定当前版本九字段、唯一定位、成员/Schema/授权指纹和未撤销事实后追加不可变批次,58cce83072ee34edffde9ffae7b57104f60b49a8c9b051742f17d062b74c86a6,6d8c063c04eb02cc5c403067fed389705afe13e3dc1e8139af0c6163635c8bd2,92e2317ab33808587c45d85260f8470a02dafb044af8ae83dbdfff20668a40b0,55a7311341367985af398bfe40ac740e0fff969fdef06e9d1c7c86d96f2c02fe
source-identity-entry-discovery-20260810T054907+0800-2fabb3def319,ZI-19c4ddf189f5c49d48d5eb86,DS-000266,BTC,未登记,不可定位,0,无法判定,无法判定,未知,未知,未知,未知,未知,未知,未知,未知,未知,未知,未登记,未登记,未知,9ec4dbfaf5336e4c4d9f5ce4ad4098db90b8baac6f44296a4b7aa43839353d19,未知,未知,未复验,IDENTITY_DECLARATION_MISSING,来源提供者;交易场所;市场类型;标的身份;精确合约;数据对象;Schema确切版本;授权边界;字段中文映射;成员编号;资产编号;输入成员SHA-256;声明版本;声明内容SHA-256;Schema指纹;授权快照SHA-256;撤销事实;证据定位,只读取固定声明入口和information_schema注释摘要；不读取业务正文、价格、成交、订单簿、账户或凭据,该成员绑定当前版本九字段、唯一定位、成员/Schema/授权指纹和未撤销事实后追加不可变批次,58cce83072ee34edffde9ffae7b57104f60b49a8c9b051742f17d062b74c86a6,6d8c063c04eb02cc5c403067fed389705afe13e3dc1e8139af0c6163635c8bd2,92e2317ab33808587c45d85260f8470a02dafb044af8ae83dbdfff20668a40b0,82a48e571f2e8b0dbd7e3af958e63bb5e18f73725e18ce7d445722808d937f9c
source-identity-entry-discovery-20260810T054907+0800-2fabb3def319,ZI-c1a07615c0e7fb104e27c6f8,DS-000267,BTC,未登记,不可定位,0,无法判定,无法判定,未知,未知,未知,未知,未知,未知,未知,未知,未知,未知,未登记,未登记,未知,e7f6d4ff14fbb9aee41d9c66f271b8ce269ce023dbdbbce5c6f48152b31da3ef,未知,未知,未复验,IDENTITY_DECLARATION_MISSING,来源提供者;交易场所;市场类型;标的身份;精确合约;数据对象;Schema确切版本;授权边界;字段中文映射;成员编号;资产编号;输入成员SHA-256;声明版本;声明内容SHA-256;Schema指纹;授权快照SHA-256;撤销事实;证据定位,只读取固定声明入口和information_schema注释摘要；不读取业务正文、价格、成交、订单簿、账户或凭据,该成员绑定当前版本九字段、唯一定位、成员/Schema/授权指纹和未撤销事实后追加不可变批次,58cce83072ee34edffde9ffae7b57104f60b49a8c9b051742f17d062b74c86a6,6d8c063c04eb02cc5c403067fed389705afe13e3dc1e8139af0c6163635c8bd2,92e2317ab33808587c45d85260f8470a02dafb044af8ae83dbdfff20668a40b0,31b080ac8c59c1b24831ef4f3312b169982fcb86f6b873412b0302f1b440ba76
source-identity-entry-discovery-20260810T054907+0800-2fabb3def319,ZI-efac29c1e378c8a730565981,DS-000268,BTC,未登记,不可定位,0,无法判定,无法判定,未知,未知,未知,未知,未知,未知,未知,未知,未知,未知,未登记,未登记,未知,4803e9627f705d300d20509eaf83377393d2e5744750aedc6e586f6548fca8cf,未知,未知,未复验,IDENTITY_DECLARATION_MISSING,来源提供者;交易场所;市场类型;标的身份;精确合约;数据对象;Schema确切版本;授权边界;字段中文映射;成员编号;资产编号;输入成员SHA-256;声明版本;声明内容SHA-256;Schema指纹;授权快照SHA-256;撤销事实;证据定位,只读取固定声明入口和information_schema注释摘要；不读取业务正文、价格、成交、订单簿、账户或凭据,该成员绑定当前版本九字段、唯一定位、成员/Schema/授权指纹和未撤销事实后追加不可变批次,58cce83072ee34edffde9ffae7b57104f60b49a8c9b051742f17d062b74c86a6,6d8c063c04eb02cc5c403067fed389705afe13e3dc1e8139af0c6163635c8bd2,92e2317ab33808587c45d85260f8470a02dafb044af8ae83dbdfff20668a40b0,d56bddfa684e8014f6f2473722dac3775a208767dc8713da8aa714e859e71561
source-identity-entry-discovery-20260810T054907+0800-2fabb3def319,ZI-4fb67a12a52433fb048d937b,DS-000269,BTC,未登记,不可定位,0,无法判定,无法判定,未知,未知,未知,未知,未知,未知,未知,未知,未知,未知,未登记,未登记,未知,306e9d1ebd248b8aaea8e6db506482b6fb9679820c694bb23bc5d54912fe5e05,未知,未知,未复验,IDENTITY_DECLARATION_MISSING,来源提供者;交易场所;市场类型;标的身份;精确合约;数据对象;Schema确切版本;授权边界;字段中文映射;成员编号;资产编号;输入成员SHA-256;声明版本;声明内容SHA-256;Schema指纹;授权快照SHA-256;撤销事实;证据定位,只读取固定声明入口和information_schema注释摘要；不读取业务正文、价格、成交、订单簿、账户或凭据,该成员绑定当前版本九字段、唯一定位、成员/Schema/授权指纹和未撤销事实后追加不可变批次,58cce83072ee34edffde9ffae7b57104f60b49a8c9b051742f17d062b74c86a6,6d8c063c04eb02cc5c403067fed389705afe13e3dc1e8139af0c6163635c8bd2,92e2317ab33808587c45d85260f8470a02dafb044af8ae83dbdfff20668a40b0,30e203683e429f01a1c45bbaab1051ced03b81fd72b6187caa2d15f50cd3fb6c
source-identity-entry-discovery-20260810T054907+0800-2fabb3def319,ZI-2f51fb90c462b515962a8a75,DS-000270,BTC,未登记,不可定位,0,无法判定,无法判定,未知,未知,未知,未知,未知,未知,未知,未知,未知,未知,未登记,未登记,未知,95f8505a488937ebddda6f0e9846dfdf89d1295922aaa46fa86f783e28904115,未知,未知,未复验,IDENTITY_DECLARATION_MISSING,来源提供者;交易场所;市场类型;标的身份;精确合约;数据对象;Schema确切版本;授权边界;字段中文映射;成员编号;资产编号;输入成员SHA-256;声明版本;声明内容SHA-256;Schema指纹;授权快照SHA-256;撤销事实;证据定位,只读取固定声明入口和information_schema注释摘要；不读取业务正文、价格、成交、订单簿、账户或凭据,该成员绑定当前版本九字段、唯一定位、成员/Schema/授权指纹和未撤销事实后追加不可变批次,58cce83072ee34edffde9ffae7b57104f60b49a8c9b051742f17d062b74c86a6,6d8c063c04eb02cc5c403067fed389705afe13e3dc1e8139af0c6163635c8bd2,92e2317ab33808587c45d85260f8470a02dafb044af8ae83dbdfff20668a40b0,e2a0b6bd7aafa7aa53ca6a4a7d9f85b9d548c3b67680448d39b06e9522b124b4
source-identity-entry-discovery-20260810T054907+0800-2fabb3def319,ZI-3edb6b3e4170969b74673238,DS-000271,BTC,未登记,不可定位,0,无法判定,无法判定,未知,未知,未知,未知,未知,未知,未知,未知,未知,未知,未登记,未登记,未知,f604d30fca95af10cef6f2d1d42f0a77ca097a72e2a4892d7695ea06b814087e,未知,未知,未复验,IDENTITY_DECLARATION_MISSING,来源提供者;交易场所;市场类型;标的身份;精确合约;数据对象;Schema确切版本;授权边界;字段中文映射;成员编号;资产编号;输入成员SHA-256;声明版本;声明内容SHA-256;Schema指纹;授权快照SHA-256;撤销事实;证据定位,只读取固定声明入口和information_schema注释摘要；不读取业务正文、价格、成交、订单簿、账户或凭据,该成员绑定当前版本九字段、唯一定位、成员/Schema/授权指纹和未撤销事实后追加不可变批次,58cce83072ee34edffde9ffae7b57104f60b49a8c9b051742f17d062b74c86a6,6d8c063c04eb02cc5c403067fed389705afe13e3dc1e8139af0c6163635c8bd2,92e2317ab33808587c45d85260f8470a02dafb044af8ae83dbdfff20668a40b0,8d08b60da0edb25b0a34150e97405afe02c9694dcd7d075ebd57f570b5897ef7
source-identity-entry-discovery-20260810T054907+0800-2fabb3def319,ZI-9a7966ad0c01a9ec001f8d58,DS-000272,BTC,未登记,不可定位,0,无法判定,无法判定,未知,未知,未知,未知,未知,未知,未知,未知,未知,未知,未登记,未登记,未知,7790a7096a82194b8ce40632577b34f15029864f0d73ca67f2309a4a5771c546,未知,未知,未复验,IDENTITY_DECLARATION_MISSING,来源提供者;交易场所;市场类型;标的身份;精确合约;数据对象;Schema确切版本;授权边界;字段中文映射;成员编号;资产编号;输入成员SHA-256;声明版本;声明内容SHA-256;Schema指纹;授权快照SHA-256;撤销事实;证据定位,只读取固定声明入口和information_schema注释摘要；不读取业务正文、价格、成交、订单簿、账户或凭据,该成员绑定当前版本九字段、唯一定位、成员/Schema/授权指纹和未撤销事实后追加不可变批次,58cce83072ee34edffde9ffae7b57104f60b49a8c9b051742f17d062b74c86a6,6d8c063c04eb02cc5c403067fed389705afe13e3dc1e8139af0c6163635c8bd2,92e2317ab33808587c45d85260f8470a02dafb044af8ae83dbdfff20668a40b0,ea89394f6e780726be8bdb31bb664046bcbdfb03784c1fa6c6cf7615308cf1a6
source-identity-entry-discovery-20260810T054907+0800-2fabb3def319,ZI-eb2c5c93c282316b61a4ff30,DS-000273,BTC,未登记,不可定位,0,无法判定,无法判定,未知,未知,未知,未知,未知,未知,未知,未知,未知,未知,未登记,未登记,未知,a644234938a03b68cc0be912f99fd12eecc36270251217d470225f7047a900e1,未知,未知,未复验,IDENTITY_DECLARATION_MISSING,来源提供者;交易场所;市场类型;标的身份;精确合约;数据对象;Schema确切版本;授权边界;字段中文映射;成员编号;资产编号;输入成员SHA-256;声明版本;声明内容SHA-256;Schema指纹;授权快照SHA-256;撤销事实;证据定位,只读取固定声明入口和information_schema注释摘要；不读取业务正文、价格、成交、订单簿、账户或凭据,该成员绑定当前版本九字段、唯一定位、成员/Schema/授权指纹和未撤销事实后追加不可变批次,58cce83072ee34edffde9ffae7b57104f60b49a8c9b051742f17d062b74c86a6,6d8c063c04eb02cc5c403067fed389705afe13e3dc1e8139af0c6163635c8bd2,92e2317ab33808587c45d85260f8470a02dafb044af8ae83dbdfff20668a40b0,36bfb0b45bff5388cba3ebc1a9544745066cd9ce614d52e4749caf7146e9c6fe
source-identity-entry-discovery-20260810T054907+0800-2fabb3def319,ZI-c005be10dde98908c70e6d5b,DS-000274,BTC,未登记,不可定位,0,无法判定,无法判定,未知,未知,未知,未知,未知,未知,未知,未知,未知,未知,未登记,未登记,未知,56318299b0d280227cabfa2f1672b2c87315c5e40fbfae0740be47ade1d1af81,未知,未知,未复验,IDENTITY_DECLARATION_MISSING,来源提供者;交易场所;市场类型;标的身份;精确合约;数据对象;Schema确切版本;授权边界;字段中文映射;成员编号;资产编号;输入成员SHA-256;声明版本;声明内容SHA-256;Schema指纹;授权快照SHA-256;撤销事实;证据定位,只读取固定声明入口和information_schema注释摘要；不读取业务正文、价格、成交、订单簿、账户或凭据,该成员绑定当前版本九字段、唯一定位、成员/Schema/授权指纹和未撤销事实后追加不可变批次,58cce83072ee34edffde9ffae7b57104f60b49a8c9b051742f17d062b74c86a6,6d8c063c04eb02cc5c403067fed389705afe13e3dc1e8139af0c6163635c8bd2,92e2317ab33808587c45d85260f8470a02dafb044af8ae83dbdfff20668a40b0,feb2f4051dfa7b03647624df37531a9141afab28d11a6dd3f726b35238a84984
source-identity-entry-discovery-20260810T054907+0800-2fabb3def319,ZI-e764442e3e2fb3921a8a3d6c,DS-000275,BTC,未登记,不可定位,0,无法判定,无法判定,未知,未知,未知,未知,未知,未知,未知,未知,未知,未知,未登记,未登记,未知,73610ec234845390268c10b094aaa11475cbf536d943f9b58d68fb3b943ab020,未知,未知,未复验,IDENTITY_DECLARATION_MISSING,来源提供者;交易场所;市场类型;标的身份;精确合约;数据对象;Schema确切版本;授权边界;字段中文映射;成员编号;资产编号;输入成员SHA-256;声明版本;声明内容SHA-256;Schema指纹;授权快照SHA-256;撤销事实;证据定位,只读取固定声明入口和information_schema注释摘要；不读取业务正文、价格、成交、订单簿、账户或凭据,该成员绑定当前版本九字段、唯一定位、成员/Schema/授权指纹和未撤销事实后追加不可变批次,58cce83072ee34edffde9ffae7b57104f60b49a8c9b051742f17d062b74c86a6,6d8c063c04eb02cc5c403067fed389705afe13e3dc1e8139af0c6163635c8bd2,92e2317ab33808587c45d85260f8470a02dafb044af8ae83dbdfff20668a40b0,7beb0b8752f12582fab4cda9d27bf2b72a946df64f3f003e8065f553f3d57faf
source-identity-entry-discovery-20260810T054907+0800-2fabb3def319,ZI-5fede2bc330f560e5f877502,DS-000276,BTC,未登记,不可定位,0,无法判定,无法判定,未知,未知,未知,未知,未知,未知,未知,未知,未知,未知,未登记,未登记,未知,63d1274ea3fb1103b26995399caac6aa6b1ff7dc21c80113d3c7a5ee47a9c26b,未知,未知,未复验,IDENTITY_DECLARATION_MISSING,来源提供者;交易场所;市场类型;标的身份;精确合约;数据对象;Schema确切版本;授权边界;字段中文映射;成员编号;资产编号;输入成员SHA-256;声明版本;声明内容SHA-256;Schema指纹;授权快照SHA-256;撤销事实;证据定位,只读取固定声明入口和information_schema注释摘要；不读取业务正文、价格、成交、订单簿、账户或凭据,该成员绑定当前版本九字段、唯一定位、成员/Schema/授权指纹和未撤销事实后追加不可变批次,58cce83072ee34edffde9ffae7b57104f60b49a8c9b051742f17d062b74c86a6,6d8c063c04eb02cc5c403067fed389705afe13e3dc1e8139af0c6163635c8bd2,92e2317ab33808587c45d85260f8470a02dafb044af8ae83dbdfff20668a40b0,c3c62d56215144ed182b13745b07f7e7644b41644a1fea9abba7f15f30c5befe
source-identity-entry-discovery-20260810T054907+0800-2fabb3def319,ZI-502d6291fb7602ba575b4506,DS-000277,BTC,未登记,不可定位,0,无法判定,无法判定,未知,未知,未知,未知,未知,未知,未知,未知,未知,未知,未登记,未登记,未知,e503bb6f17a82b37b897771791caaa1e29e80668c0428f0681b923834b9065f5,未知,未知,未复验,IDENTITY_DECLARATION_MISSING,来源提供者;交易场所;市场类型;标的身份;精确合约;数据对象;Schema确切版本;授权边界;字段中文映射;成员编号;资产编号;输入成员SHA-256;声明版本;声明内容SHA-256;Schema指纹;授权快照SHA-256;撤销事实;证据定位,只读取固定声明入口和information_schema注释摘要；不读取业务正文、价格、成交、订单簿、账户或凭据,该成员绑定当前版本九字段、唯一定位、成员/Schema/授权指纹和未撤销事实后追加不可变批次,58cce83072ee34edffde9ffae7b57104f60b49a8c9b051742f17d062b74c86a6,6d8c063c04eb02cc5c403067fed389705afe13e3dc1e8139af0c6163635c8bd2,92e2317ab33808587c45d85260f8470a02dafb044af8ae83dbdfff20668a40b0,f434a9a53e96f4fcab90a77da934b7f33532f075971196554cc51975faf17450
source-identity-entry-discovery-20260810T054907+0800-2fabb3def319,ZI-32008303cccdd6eb958789ce,DS-000278,BTC,未登记,不可定位,0,无法判定,无法判定,未知,未知,未知,未知,未知,未知,未知,未知,未知,未知,未登记,未登记,未知,fa4552653682a5a645abc7d003707a2b955e9f15d42bfe64289d2fb28e2a191b,未知,未知,未复验,IDENTITY_DECLARATION_MISSING,来源提供者;交易场所;市场类型;标的身份;精确合约;数据对象;Schema确切版本;授权边界;字段中文映射;成员编号;资产编号;输入成员SHA-256;声明版本;声明内容SHA-256;Schema指纹;授权快照SHA-256;撤销事实;证据定位,只读取固定声明入口和information_schema注释摘要；不读取业务正文、价格、成交、订单簿、账户或凭据,该成员绑定当前版本九字段、唯一定位、成员/Schema/授权指纹和未撤销事实后追加不可变批次,58cce83072ee34edffde9ffae7b57104f60b49a8c9b051742f17d062b74c86a6,6d8c063c04eb02cc5c403067fed389705afe13e3dc1e8139af0c6163635c8bd2,92e2317ab33808587c45d85260f8470a02dafb044af8ae83dbdfff20668a40b0,f5229d9075e91d1bcb131a8580dce9afc0eb005186b9f7c0cb4079ba86b4bd24
source-identity-entry-discovery-20260810T054907+0800-2fabb3def319,ZI-d901d9e5d0e680855139a4e7,DS-000279,BTC,未登记,不可定位,0,无法判定,无法判定,未知,未知,未知,未知,未知,未知,未知,未知,未知,未知,未登记,未登记,未知,2d111721e4691350f2689d5218c339e609ff789ab1ffd957cf1e86f6c2e28de6,未知,未知,未复验,IDENTITY_DECLARATION_MISSING,来源提供者;交易场所;市场类型;标的身份;精确合约;数据对象;Schema确切版本;授权边界;字段中文映射;成员编号;资产编号;输入成员SHA-256;声明版本;声明内容SHA-256;Schema指纹;授权快照SHA-256;撤销事实;证据定位,只读取固定声明入口和information_schema注释摘要；不读取业务正文、价格、成交、订单簿、账户或凭据,该成员绑定当前版本九字段、唯一定位、成员/Schema/授权指纹和未撤销事实后追加不可变批次,58cce83072ee34edffde9ffae7b57104f60b49a8c9b051742f17d062b74c86a6,6d8c063c04eb02cc5c403067fed389705afe13e3dc1e8139af0c6163635c8bd2,92e2317ab33808587c45d85260f8470a02dafb044af8ae83dbdfff20668a40b0,873ee122f254fe89c5037dd0ee05cd24794f51e6b0974564247699beba3edb89
source-identity-entry-discovery-20260810T054907+0800-2fabb3def319,ZI-9310dae99e845f2c611ff84d,DS-000280,BTC,未登记,不可定位,0,无法判定,无法判定,未知,未知,未知,未知,未知,未知,未知,未知,未知,未知,未登记,未登记,未知,cac55077234265c74dafb73c9f43c185891c7807117d29f5189237391804df69,未知,未知,未复验,IDENTITY_DECLARATION_MISSING,来源提供者;交易场所;市场类型;标的身份;精确合约;数据对象;Schema确切版本;授权边界;字段中文映射;成员编号;资产编号;输入成员SHA-256;声明版本;声明内容SHA-256;Schema指纹;授权快照SHA-256;撤销事实;证据定位,只读取固定声明入口和information_schema注释摘要；不读取业务正文、价格、成交、订单簿、账户或凭据,该成员绑定当前版本九字段、唯一定位、成员/Schema/授权指纹和未撤销事实后追加不可变批次,58cce83072ee34edffde9ffae7b57104f60b49a8c9b051742f17d062b74c86a6,6d8c063c04eb02cc5c403067fed389705afe13e3dc1e8139af0c6163635c8bd2,92e2317ab33808587c45d85260f8470a02dafb044af8ae83dbdfff20668a40b0,c5e091b3b24f3f0381898078a69bb3be725ff1e156bb3f9aee3b92867fb54f45
source-identity-entry-discovery-20260810T054907+0800-2fabb3def319,ZI-25c83899a04421177c29eae2,DS-000281,BTC,未登记,不可定位,0,无法判定,无法判定,未知,未知,未知,未知,未知,未知,未知,未知,未知,未知,未登记,未登记,未知,741c6415aff8d57d93fa7fc8db0f4bb0ff4bbf74847310eda08d9494ab0c9d11,未知,未知,未复验,IDENTITY_DECLARATION_MISSING,来源提供者;交易场所;市场类型;标的身份;精确合约;数据对象;Schema确切版本;授权边界;字段中文映射;成员编号;资产编号;输入成员SHA-256;声明版本;声明内容SHA-256;Schema指纹;授权快照SHA-256;撤销事实;证据定位,只读取固定声明入口和information_schema注释摘要；不读取业务正文、价格、成交、订单簿、账户或凭据,该成员绑定当前版本九字段、唯一定位、成员/Schema/授权指纹和未撤销事实后追加不可变批次,58cce83072ee34edffde9ffae7b57104f60b49a8c9b051742f17d062b74c86a6,6d8c063c04eb02cc5c403067fed389705afe13e3dc1e8139af0c6163635c8bd2,92e2317ab33808587c45d85260f8470a02dafb044af8ae83dbdfff20668a40b0,c83a7bc8a9f6d98177503f33340b25bf231e271ccb0e6db760c6ab24849c674a
source-identity-entry-discovery-20260810T054907+0800-2fabb3def319,ZI-5863cb2f07c35ad0b6171bf6,DS-000282,BTC,未登记,不可定位,0,无法判定,无法判定,未知,未知,未知,未知,未知,未知,未知,未知,未知,未知,未登记,未登记,未知,cc517e52dad87d6b0eb540fd207279b11705531034a2728e4ef4b5a54557fd22,未知,未知,未复验,IDENTITY_DECLARATION_MISSING,来源提供者;交易场所;市场类型;标的身份;精确合约;数据对象;Schema确切版本;授权边界;字段中文映射;成员编号;资产编号;输入成员SHA-256;声明版本;声明内容SHA-256;Schema指纹;授权快照SHA-256;撤销事实;证据定位,只读取固定声明入口和information_schema注释摘要；不读取业务正文、价格、成交、订单簿、账户或凭据,该成员绑定当前版本九字段、唯一定位、成员/Schema/授权指纹和未撤销事实后追加不可变批次,58cce83072ee34edffde9ffae7b57104f60b49a8c9b051742f17d062b74c86a6,6d8c063c04eb02cc5c403067fed389705afe13e3dc1e8139af0c6163635c8bd2,92e2317ab33808587c45d85260f8470a02dafb044af8ae83dbdfff20668a40b0,f087a72a54f8b23ea4b45940662bb6ab410ae7e2e3e56c431dc2d30d2cddd115
source-identity-entry-discovery-20260810T054907+0800-2fabb3def319,ZI-115332fe0b53164582e6b5c9,DS-000283,BTC,未登记,不可定位,0,无法判定,无法判定,未知,未知,未知,未知,未知,未知,未知,未知,未知,未知,未登记,未登记,未知,7588ce35230cdca962b93d28bc9de83f177f830d6bb53403b474a03a29596210,未知,未知,未复验,IDENTITY_DECLARATION_MISSING,来源提供者;交易场所;市场类型;标的身份;精确合约;数据对象;Schema确切版本;授权边界;字段中文映射;成员编号;资产编号;输入成员SHA-256;声明版本;声明内容SHA-256;Schema指纹;授权快照SHA-256;撤销事实;证据定位,只读取固定声明入口和information_schema注释摘要；不读取业务正文、价格、成交、订单簿、账户或凭据,该成员绑定当前版本九字段、唯一定位、成员/Schema/授权指纹和未撤销事实后追加不可变批次,58cce83072ee34edffde9ffae7b57104f60b49a8c9b051742f17d062b74c86a6,6d8c063c04eb02cc5c403067fed389705afe13e3dc1e8139af0c6163635c8bd2,92e2317ab33808587c45d85260f8470a02dafb044af8ae83dbdfff20668a40b0,7184899077af472326866b72fa34f5f4aa14f8a3fe2d789b47561c91b18680b5
source-identity-entry-discovery-20260810T054907+0800-2fabb3def319,ZI-e9e8a22d61190954369afd29,DS-000284,BTC,未登记,不可定位,0,无法判定,无法判定,未知,未知,未知,未知,未知,未知,未知,未知,未知,未知,未登记,未登记,未知,0809927212405ebae149f168b347d25ea15f080cd46ffe4f4dcf4e78c2021a92,未知,未知,未复验,IDENTITY_DECLARATION_MISSING,来源提供者;交易场所;市场类型;标的身份;精确合约;数据对象;Schema确切版本;授权边界;字段中文映射;成员编号;资产编号;输入成员SHA-256;声明版本;声明内容SHA-256;Schema指纹;授权快照SHA-256;撤销事实;证据定位,只读取固定声明入口和information_schema注释摘要；不读取业务正文、价格、成交、订单簿、账户或凭据,该成员绑定当前版本九字段、唯一定位、成员/Schema/授权指纹和未撤销事实后追加不可变批次,58cce83072ee34edffde9ffae7b57104f60b49a8c9b051742f17d062b74c86a6,6d8c063c04eb02cc5c403067fed389705afe13e3dc1e8139af0c6163635c8bd2,92e2317ab33808587c45d85260f8470a02dafb044af8ae83dbdfff20668a40b0,e90de2f851f28574a9e7a4b4a408b2ba2c676fc865c2474ccec314884e12d4cf
source-identity-entry-discovery-20260810T054907+0800-2fabb3def319,ZI-f4460123dbdc8005765d844b,DS-000285,BTC,未登记,不可定位,0,无法判定,无法判定,未知,未知,未知,未知,未知,未知,未知,未知,未知,未知,未登记,未登记,未知,59f4b36536bca90c9ccbe3ed41c85a0edc295a6957a22310fb2e2dbacb47bd59,未知,未知,未复验,IDENTITY_DECLARATION_MISSING,来源提供者;交易场所;市场类型;标的身份;精确合约;数据对象;Schema确切版本;授权边界;字段中文映射;成员编号;资产编号;输入成员SHA-256;声明版本;声明内容SHA-256;Schema指纹;授权快照SHA-256;撤销事实;证据定位,只读取固定声明入口和information_schema注释摘要；不读取业务正文、价格、成交、订单簿、账户或凭据,该成员绑定当前版本九字段、唯一定位、成员/Schema/授权指纹和未撤销事实后追加不可变批次,58cce83072ee34edffde9ffae7b57104f60b49a8c9b051742f17d062b74c86a6,6d8c063c04eb02cc5c403067fed389705afe13e3dc1e8139af0c6163635c8bd2,92e2317ab33808587c45d85260f8470a02dafb044af8ae83dbdfff20668a40b0,7f4938086c82eede3d2f70ff9ae9bf42e14e9211bf153d82ea64b68fbbd9c694
source-identity-entry-discovery-20260810T054907+0800-2fabb3def319,ZI-9abd2b7851beeadcb2c4eec1,DS-000286,BTC,未登记,不可定位,0,无法判定,无法判定,未知,未知,未知,未知,未知,未知,未知,未知,未知,未知,未登记,未登记,未知,845babdf7e1c3899916b9ca2f8a07abca6ea658ee7c99bc5a8581722420e6866,未知,未知,未复验,IDENTITY_DECLARATION_MISSING,来源提供者;交易场所;市场类型;标的身份;精确合约;数据对象;Schema确切版本;授权边界;字段中文映射;成员编号;资产编号;输入成员SHA-256;声明版本;声明内容SHA-256;Schema指纹;授权快照SHA-256;撤销事实;证据定位,只读取固定声明入口和information_schema注释摘要；不读取业务正文、价格、成交、订单簿、账户或凭据,该成员绑定当前版本九字段、唯一定位、成员/Schema/授权指纹和未撤销事实后追加不可变批次,58cce83072ee34edffde9ffae7b57104f60b49a8c9b051742f17d062b74c86a6,6d8c063c04eb02cc5c403067fed389705afe13e3dc1e8139af0c6163635c8bd2,92e2317ab33808587c45d85260f8470a02dafb044af8ae83dbdfff20668a40b0,d51881a41833f53a0510e6661932632e3f6840a7dc1d28841a298c9891a8e9a3
source-identity-entry-discovery-20260810T054907+0800-2fabb3def319,ZI-ff3fcd7da6180c64854b80a6,DS-000287,BTC,未登记,不可定位,0,无法判定,无法判定,未知,未知,未知,未知,未知,未知,未知,未知,未知,未知,未登记,未登记,未知,098c9d16ac6b41d35e97a530549ca546b60c896225a4fb6c961fd5040621acdd,未知,未知,未复验,IDENTITY_DECLARATION_MISSING,来源提供者;交易场所;市场类型;标的身份;精确合约;数据对象;Schema确切版本;授权边界;字段中文映射;成员编号;资产编号;输入成员SHA-256;声明版本;声明内容SHA-256;Schema指纹;授权快照SHA-256;撤销事实;证据定位,只读取固定声明入口和information_schema注释摘要；不读取业务正文、价格、成交、订单簿、账户或凭据,该成员绑定当前版本九字段、唯一定位、成员/Schema/授权指纹和未撤销事实后追加不可变批次,58cce83072ee34edffde9ffae7b57104f60b49a8c9b051742f17d062b74c86a6,6d8c063c04eb02cc5c403067fed389705afe13e3dc1e8139af0c6163635c8bd2,92e2317ab33808587c45d85260f8470a02dafb044af8ae83dbdfff20668a40b0,33437d03f9d6690c8f96fd7a10163e8fef8890cbb32d202b0085b019bab39610
source-identity-entry-discovery-20260810T054907+0800-2fabb3def319,ZI-712b0653c83774f12ef222e8,DS-000288,BTC,未登记,不可定位,0,无法判定,无法判定,未知,未知,未知,未知,未知,未知,未知,未知,未知,未知,未登记,未登记,未知,0ce0fdb691110e99627216dcd51afe9a507bfdb7bddb9a15e93a834ce1b6bbba,未知,未知,未复验,IDENTITY_DECLARATION_MISSING,来源提供者;交易场所;市场类型;标的身份;精确合约;数据对象;Schema确切版本;授权边界;字段中文映射;成员编号;资产编号;输入成员SHA-256;声明版本;声明内容SHA-256;Schema指纹;授权快照SHA-256;撤销事实;证据定位,只读取固定声明入口和information_schema注释摘要；不读取业务正文、价格、成交、订单簿、账户或凭据,该成员绑定当前版本九字段、唯一定位、成员/Schema/授权指纹和未撤销事实后追加不可变批次,58cce83072ee34edffde9ffae7b57104f60b49a8c9b051742f17d062b74c86a6,6d8c063c04eb02cc5c403067fed389705afe13e3dc1e8139af0c6163635c8bd2,92e2317ab33808587c45d85260f8470a02dafb044af8ae83dbdfff20668a40b0,7cfa15c844da019fd233ccef268ad3ec0cf75761e1a9a2351f0bc5dbeea42c09
source-identity-entry-discovery-20260810T054907+0800-2fabb3def319,ZI-a9f770566ce153816b6eae2d,DS-000289,BTC,未登记,不可定位,0,无法判定,无法判定,未知,未知,未知,未知,未知,未知,未知,未知,未知,未知,未登记,未登记,未知,facb3f58201be1d0111803a0969dfc2571e3fb220f2550a6773c2c5ec9e6704b,未知,未知,未复验,IDENTITY_DECLARATION_MISSING,来源提供者;交易场所;市场类型;标的身份;精确合约;数据对象;Schema确切版本;授权边界;字段中文映射;成员编号;资产编号;输入成员SHA-256;声明版本;声明内容SHA-256;Schema指纹;授权快照SHA-256;撤销事实;证据定位,只读取固定声明入口和information_schema注释摘要；不读取业务正文、价格、成交、订单簿、账户或凭据,该成员绑定当前版本九字段、唯一定位、成员/Schema/授权指纹和未撤销事实后追加不可变批次,58cce83072ee34edffde9ffae7b57104f60b49a8c9b051742f17d062b74c86a6,6d8c063c04eb02cc5c403067fed389705afe13e3dc1e8139af0c6163635c8bd2,92e2317ab33808587c45d85260f8470a02dafb044af8ae83dbdfff20668a40b0,4503ee043b619dd89d66b7069c9b904f41722af8b393d1e8be26fb97940c9981
source-identity-entry-discovery-20260810T054907+0800-2fabb3def319,ZI-f8568713cc6d51a30e325957,DS-000290,BTC,未登记,不可定位,0,无法判定,无法判定,未知,未知,未知,未知,未知,未知,未知,未知,未知,未知,未登记,未登记,未知,0161ed81721e89e4a3e6e49b017ca55645bd50ed66c63efb03184e7edd6322fa,未知,未知,未复验,IDENTITY_DECLARATION_MISSING,来源提供者;交易场所;市场类型;标的身份;精确合约;数据对象;Schema确切版本;授权边界;字段中文映射;成员编号;资产编号;输入成员SHA-256;声明版本;声明内容SHA-256;Schema指纹;授权快照SHA-256;撤销事实;证据定位,只读取固定声明入口和information_schema注释摘要；不读取业务正文、价格、成交、订单簿、账户或凭据,该成员绑定当前版本九字段、唯一定位、成员/Schema/授权指纹和未撤销事实后追加不可变批次,58cce83072ee34edffde9ffae7b57104f60b49a8c9b051742f17d062b74c86a6,6d8c063c04eb02cc5c403067fed389705afe13e3dc1e8139af0c6163635c8bd2,92e2317ab33808587c45d85260f8470a02dafb044af8ae83dbdfff20668a40b0,b4a89919df340644aad80eea6bae69e0cea61bdce76780a76a1633fd34e9605c
source-identity-entry-discovery-20260810T054907+0800-2fabb3def319,ZI-c58e3b4f411f7705310fe747,DS-000291,BTC,未登记,不可定位,0,无法判定,无法判定,未知,未知,未知,未知,未知,未知,未知,未知,未知,未知,未登记,未登记,未知,741fe59e6e2697d5dd227a7490ee195cc6895ce04818fde2fb5fbe2034a2ce81,未知,未知,未复验,IDENTITY_DECLARATION_MISSING,来源提供者;交易场所;市场类型;标的身份;精确合约;数据对象;Schema确切版本;授权边界;字段中文映射;成员编号;资产编号;输入成员SHA-256;声明版本;声明内容SHA-256;Schema指纹;授权快照SHA-256;撤销事实;证据定位,只读取固定声明入口和information_schema注释摘要；不读取业务正文、价格、成交、订单簿、账户或凭据,该成员绑定当前版本九字段、唯一定位、成员/Schema/授权指纹和未撤销事实后追加不可变批次,58cce83072ee34edffde9ffae7b57104f60b49a8c9b051742f17d062b74c86a6,6d8c063c04eb02cc5c403067fed389705afe13e3dc1e8139af0c6163635c8bd2,92e2317ab33808587c45d85260f8470a02dafb044af8ae83dbdfff20668a40b0,d600e20eb8a510d47f7274d71ef2fba1abb8a297a0fdbc09b6b7647354d55430
source-identity-entry-discovery-20260810T054907+0800-2fabb3def319,ZI-9b5462a670f4c5122146997d,DS-000292,BTC,未登记,不可定位,0,无法判定,无法判定,未知,未知,未知,未知,未知,未知,未知,未知,未知,未知,未登记,未登记,未知,d27b1f879c69916fdbbaa57607231145c16481c1e44a97e1b215aecb1cf8560a,未知,未知,未复验,IDENTITY_DECLARATION_MISSING,来源提供者;交易场所;市场类型;标的身份;精确合约;数据对象;Schema确切版本;授权边界;字段中文映射;成员编号;资产编号;输入成员SHA-256;声明版本;声明内容SHA-256;Schema指纹;授权快照SHA-256;撤销事实;证据定位,只读取固定声明入口和information_schema注释摘要；不读取业务正文、价格、成交、订单簿、账户或凭据,该成员绑定当前版本九字段、唯一定位、成员/Schema/授权指纹和未撤销事实后追加不可变批次,58cce83072ee34edffde9ffae7b57104f60b49a8c9b051742f17d062b74c86a6,6d8c063c04eb02cc5c403067fed389705afe13e3dc1e8139af0c6163635c8bd2,92e2317ab33808587c45d85260f8470a02dafb044af8ae83dbdfff20668a40b0,01dac26cd1dec60ed1c37700394e8cc517778823d17aa56a068ddfaf64962cfc
source-identity-entry-discovery-20260810T054907+0800-2fabb3def319,ZI-a35ba0b952b56083fc01c172,DS-000293,BTC,未登记,不可定位,0,无法判定,无法判定,未知,未知,未知,未知,未知,未知,未知,未知,未知,未知,未登记,未登记,未知,905b8dcd9947a77fdc3bbd98eb8e21ae6935385a23c6b59bc3a9a9bf490a11ee,未知,未知,未复验,IDENTITY_DECLARATION_MISSING,来源提供者;交易场所;市场类型;标的身份;精确合约;数据对象;Schema确切版本;授权边界;字段中文映射;成员编号;资产编号;输入成员SHA-256;声明版本;声明内容SHA-256;Schema指纹;授权快照SHA-256;撤销事实;证据定位,只读取固定声明入口和information_schema注释摘要；不读取业务正文、价格、成交、订单簿、账户或凭据,该成员绑定当前版本九字段、唯一定位、成员/Schema/授权指纹和未撤销事实后追加不可变批次,58cce83072ee34edffde9ffae7b57104f60b49a8c9b051742f17d062b74c86a6,6d8c063c04eb02cc5c403067fed389705afe13e3dc1e8139af0c6163635c8bd2,92e2317ab33808587c45d85260f8470a02dafb044af8ae83dbdfff20668a40b0,8710fca1d89618861096781cda332c43f16139837feffe3949766d595e0c886e
source-identity-entry-discovery-20260810T054907+0800-2fabb3def319,ZI-a8105ace966421a941b8339b,DS-000294,BTC,未登记,不可定位,0,无法判定,无法判定,未知,未知,未知,未知,未知,未知,未知,未知,未知,未知,未登记,未登记,未知,6e0cb2f1b1667a8715c214ba9ec6ae7deec4b615f5f7be131aa817f0a8ad2f6f,未知,未知,未复验,IDENTITY_DECLARATION_MISSING,来源提供者;交易场所;市场类型;标的身份;精确合约;数据对象;Schema确切版本;授权边界;字段中文映射;成员编号;资产编号;输入成员SHA-256;声明版本;声明内容SHA-256;Schema指纹;授权快照SHA-256;撤销事实;证据定位,只读取固定声明入口和information_schema注释摘要；不读取业务正文、价格、成交、订单簿、账户或凭据,该成员绑定当前版本九字段、唯一定位、成员/Schema/授权指纹和未撤销事实后追加不可变批次,58cce83072ee34edffde9ffae7b57104f60b49a8c9b051742f17d062b74c86a6,6d8c063c04eb02cc5c403067fed389705afe13e3dc1e8139af0c6163635c8bd2,92e2317ab33808587c45d85260f8470a02dafb044af8ae83dbdfff20668a40b0,a54dface1defe590e8a071ebd766eb01101341d333046b33937473374f123a90
source-identity-entry-discovery-20260810T054907+0800-2fabb3def319,ZI-6a960fa71172c7a9afb936ec,DS-000295,BTC,未登记,不可定位,0,无法判定,无法判定,未知,未知,未知,未知,未知,未知,未知,未知,未知,未知,未登记,未登记,未知,00b0e1303584f388a94ca8df6de78fd456403f5a27f9d9f3973b249efb0429a3,未知,未知,未复验,IDENTITY_DECLARATION_MISSING,来源提供者;交易场所;市场类型;标的身份;精确合约;数据对象;Schema确切版本;授权边界;字段中文映射;成员编号;资产编号;输入成员SHA-256;声明版本;声明内容SHA-256;Schema指纹;授权快照SHA-256;撤销事实;证据定位,只读取固定声明入口和information_schema注释摘要；不读取业务正文、价格、成交、订单簿、账户或凭据,该成员绑定当前版本九字段、唯一定位、成员/Schema/授权指纹和未撤销事实后追加不可变批次,58cce83072ee34edffde9ffae7b57104f60b49a8c9b051742f17d062b74c86a6,6d8c063c04eb02cc5c403067fed389705afe13e3dc1e8139af0c6163635c8bd2,92e2317ab33808587c45d85260f8470a02dafb044af8ae83dbdfff20668a40b0,7fb1b6793d7b39eb0869c2cac76946683902d7438d5189699c5d6543879eea64
source-identity-entry-discovery-20260810T054907+0800-2fabb3def319,ZI-7ca528ace2904d6333d9ac25,DS-000296,BTC,未登记,不可定位,0,无法判定,无法判定,未知,未知,未知,未知,未知,未知,未知,未知,未知,未知,未登记,未登记,未知,840669cb99560c36aaa3d535c5e9358708208a5e91f514d4ff9ab0aed933b359,未知,未知,未复验,IDENTITY_DECLARATION_MISSING,来源提供者;交易场所;市场类型;标的身份;精确合约;数据对象;Schema确切版本;授权边界;字段中文映射;成员编号;资产编号;输入成员SHA-256;声明版本;声明内容SHA-256;Schema指纹;授权快照SHA-256;撤销事实;证据定位,只读取固定声明入口和information_schema注释摘要；不读取业务正文、价格、成交、订单簿、账户或凭据,该成员绑定当前版本九字段、唯一定位、成员/Schema/授权指纹和未撤销事实后追加不可变批次,58cce83072ee34edffde9ffae7b57104f60b49a8c9b051742f17d062b74c86a6,6d8c063c04eb02cc5c403067fed389705afe13e3dc1e8139af0c6163635c8bd2,92e2317ab33808587c45d85260f8470a02dafb044af8ae83dbdfff20668a40b0,b1f3e666a3c72368b88c40c72f0cda97b790ceabe73edb979621b72fe10887f2
source-identity-entry-discovery-20260810T054907+0800-2fabb3def319,ZI-b0b1be153e2c74bbc58931fe,DS-000297,BTC,未登记,不可定位,0,无法判定,无法判定,未知,未知,未知,未知,未知,未知,未知,未知,未知,未知,未登记,未登记,未知,519fe32d9d7992508e1eb36adb1f37154c6813e2e5c04f9a5dfe2cdffcf5cfde,未知,未知,未复验,IDENTITY_DECLARATION_MISSING,来源提供者;交易场所;市场类型;标的身份;精确合约;数据对象;Schema确切版本;授权边界;字段中文映射;成员编号;资产编号;输入成员SHA-256;声明版本;声明内容SHA-256;Schema指纹;授权快照SHA-256;撤销事实;证据定位,只读取固定声明入口和information_schema注释摘要；不读取业务正文、价格、成交、订单簿、账户或凭据,该成员绑定当前版本九字段、唯一定位、成员/Schema/授权指纹和未撤销事实后追加不可变批次,58cce83072ee34edffde9ffae7b57104f60b49a8c9b051742f17d062b74c86a6,6d8c063c04eb02cc5c403067fed389705afe13e3dc1e8139af0c6163635c8bd2,92e2317ab33808587c45d85260f8470a02dafb044af8ae83dbdfff20668a40b0,ede511af039a1309249bc7e77ddccf726a964b1393e2c8d5933fce8dd0087be4
source-identity-entry-discovery-20260810T054907+0800-2fabb3def319,ZI-cceb0119d76a845091d90313,DS-000298,BTC,未登记,不可定位,0,无法判定,无法判定,未知,未知,未知,未知,未知,未知,未知,未知,未知,未知,未登记,未登记,未知,64eb968ce0af5c19dc13ae90b7b806bd0d73999377991bbb47f2975459c7adde,未知,未知,未复验,IDENTITY_DECLARATION_MISSING,来源提供者;交易场所;市场类型;标的身份;精确合约;数据对象;Schema确切版本;授权边界;字段中文映射;成员编号;资产编号;输入成员SHA-256;声明版本;声明内容SHA-256;Schema指纹;授权快照SHA-256;撤销事实;证据定位,只读取固定声明入口和information_schema注释摘要；不读取业务正文、价格、成交、订单簿、账户或凭据,该成员绑定当前版本九字段、唯一定位、成员/Schema/授权指纹和未撤销事实后追加不可变批次,58cce83072ee34edffde9ffae7b57104f60b49a8c9b051742f17d062b74c86a6,6d8c063c04eb02cc5c403067fed389705afe13e3dc1e8139af0c6163635c8bd2,92e2317ab33808587c45d85260f8470a02dafb044af8ae83dbdfff20668a40b0,6a1ab7343490b7163d88f238e5102c453468283f2b8ac4361f0acb79d06b09c1
source-identity-entry-discovery-20260810T054907+0800-2fabb3def319,ZI-79efc93262b446e9d98b76ba,DS-000299,BTC,未登记,不可定位,0,无法判定,无法判定,未知,未知,未知,未知,未知,未知,未知,未知,未知,未知,未登记,未登记,未知,7572c0a41b5a2a39c80656f400dbe60f8ab0bd79c0fb5c3e7b44fee53f730755,未知,未知,未复验,IDENTITY_DECLARATION_MISSING,来源提供者;交易场所;市场类型;标的身份;精确合约;数据对象;Schema确切版本;授权边界;字段中文映射;成员编号;资产编号;输入成员SHA-256;声明版本;声明内容SHA-256;Schema指纹;授权快照SHA-256;撤销事实;证据定位,只读取固定声明入口和information_schema注释摘要；不读取业务正文、价格、成交、订单簿、账户或凭据,该成员绑定当前版本九字段、唯一定位、成员/Schema/授权指纹和未撤销事实后追加不可变批次,58cce83072ee34edffde9ffae7b57104f60b49a8c9b051742f17d062b74c86a6,6d8c063c04eb02cc5c403067fed389705afe13e3dc1e8139af0c6163635c8bd2,92e2317ab33808587c45d85260f8470a02dafb044af8ae83dbdfff20668a40b0,f0332174f43c00db72d8e80fd307534c7bef9e87c66ad6eb1146426071056527
source-identity-entry-discovery-20260810T054907+0800-2fabb3def319,ZI-e76d2134142142ad4b8f28cb,DS-000300,BTC,未登记,不可定位,0,无法判定,无法判定,未知,未知,未知,未知,未知,未知,未知,未知,未知,未知,未登记,未登记,未知,2e8a058057540064073e8868839e18fe0dcf848fcecc872fe0f732e40796d068,未知,未知,未复验,IDENTITY_DECLARATION_MISSING,来源提供者;交易场所;市场类型;标的身份;精确合约;数据对象;Schema确切版本;授权边界;字段中文映射;成员编号;资产编号;输入成员SHA-256;声明版本;声明内容SHA-256;Schema指纹;授权快照SHA-256;撤销事实;证据定位,只读取固定声明入口和information_schema注释摘要；不读取业务正文、价格、成交、订单簿、账户或凭据,该成员绑定当前版本九字段、唯一定位、成员/Schema/授权指纹和未撤销事实后追加不可变批次,58cce83072ee34edffde9ffae7b57104f60b49a8c9b051742f17d062b74c86a6,6d8c063c04eb02cc5c403067fed389705afe13e3dc1e8139af0c6163635c8bd2,92e2317ab33808587c45d85260f8470a02dafb044af8ae83dbdfff20668a40b0,cf5f9462f2ae95e8fd41763c4a85c75b14d5e38d196c805b32cf5faac0d2ce01
source-identity-entry-discovery-20260810T054907+0800-2fabb3def319,ZI-6b9507c0f667730b1c25338d,DS-000301,BTC,未登记,不可定位,0,无法判定,无法判定,未知,未知,未知,未知,未知,未知,未知,未知,未知,未知,未登记,未登记,未知,68f2f1d195a17ce77287aa8d9a2fddb75a21fdd657b03eaab6484f64e3fa61e6,未知,未知,未复验,IDENTITY_DECLARATION_MISSING,来源提供者;交易场所;市场类型;标的身份;精确合约;数据对象;Schema确切版本;授权边界;字段中文映射;成员编号;资产编号;输入成员SHA-256;声明版本;声明内容SHA-256;Schema指纹;授权快照SHA-256;撤销事实;证据定位,只读取固定声明入口和information_schema注释摘要；不读取业务正文、价格、成交、订单簿、账户或凭据,该成员绑定当前版本九字段、唯一定位、成员/Schema/授权指纹和未撤销事实后追加不可变批次,58cce83072ee34edffde9ffae7b57104f60b49a8c9b051742f17d062b74c86a6,6d8c063c04eb02cc5c403067fed389705afe13e3dc1e8139af0c6163635c8bd2,92e2317ab33808587c45d85260f8470a02dafb044af8ae83dbdfff20668a40b0,038c8d35347b09ff980f40f91695d1a6dcc4c2acec09b1816de14046f757871d
source-identity-entry-discovery-20260810T054907+0800-2fabb3def319,ZI-a3de4220ce194e2c0f75e45d,DS-000302,BTC,未登记,不可定位,0,无法判定,无法判定,未知,未知,未知,未知,未知,未知,未知,未知,未知,未知,未登记,未登记,未知,e8d81d71207f009298d9aa62cd4ca70df93f6bd9915064653ce32f4250ba9119,未知,未知,未复验,IDENTITY_DECLARATION_MISSING,来源提供者;交易场所;市场类型;标的身份;精确合约;数据对象;Schema确切版本;授权边界;字段中文映射;成员编号;资产编号;输入成员SHA-256;声明版本;声明内容SHA-256;Schema指纹;授权快照SHA-256;撤销事实;证据定位,只读取固定声明入口和information_schema注释摘要；不读取业务正文、价格、成交、订单簿、账户或凭据,该成员绑定当前版本九字段、唯一定位、成员/Schema/授权指纹和未撤销事实后追加不可变批次,58cce83072ee34edffde9ffae7b57104f60b49a8c9b051742f17d062b74c86a6,6d8c063c04eb02cc5c403067fed389705afe13e3dc1e8139af0c6163635c8bd2,92e2317ab33808587c45d85260f8470a02dafb044af8ae83dbdfff20668a40b0,94b67d79fb3e8f85390521fb0b74aea2f50491f908306445f97291360dae3c42
source-identity-entry-discovery-20260810T054907+0800-2fabb3def319,ZI-63a4a8191f5338c21eac18d2,DS-000303,BTC,未登记,不可定位,0,无法判定,无法判定,未知,未知,未知,未知,未知,未知,未知,未知,未知,未知,未登记,未登记,未知,2fc35c9965af5ebfd8dc154f1e3abc90aab6452dcabcb63be6c0ba42b99b66ae,未知,未知,未复验,IDENTITY_DECLARATION_MISSING,来源提供者;交易场所;市场类型;标的身份;精确合约;数据对象;Schema确切版本;授权边界;字段中文映射;成员编号;资产编号;输入成员SHA-256;声明版本;声明内容SHA-256;Schema指纹;授权快照SHA-256;撤销事实;证据定位,只读取固定声明入口和information_schema注释摘要；不读取业务正文、价格、成交、订单簿、账户或凭据,该成员绑定当前版本九字段、唯一定位、成员/Schema/授权指纹和未撤销事实后追加不可变批次,58cce83072ee34edffde9ffae7b57104f60b49a8c9b051742f17d062b74c86a6,6d8c063c04eb02cc5c403067fed389705afe13e3dc1e8139af0c6163635c8bd2,92e2317ab33808587c45d85260f8470a02dafb044af8ae83dbdfff20668a40b0,75d197ac0bb4600a47ba560ba83d33800f82419a2886bbe7b95f482d6d2544d5
source-identity-entry-discovery-20260810T054907+0800-2fabb3def319,ZI-96f78e47a4eb937919a7a7e9,DS-000304,BTC,未登记,不可定位,0,无法判定,无法判定,未知,未知,未知,未知,未知,未知,未知,未知,未知,未知,未登记,未登记,未知,c2c9fa3961b41e9e259be6490ed521b9165aadf0b1b4b1916440fb67cae1c923,未知,未知,未复验,IDENTITY_DECLARATION_MISSING,来源提供者;交易场所;市场类型;标的身份;精确合约;数据对象;Schema确切版本;授权边界;字段中文映射;成员编号;资产编号;输入成员SHA-256;声明版本;声明内容SHA-256;Schema指纹;授权快照SHA-256;撤销事实;证据定位,只读取固定声明入口和information_schema注释摘要；不读取业务正文、价格、成交、订单簿、账户或凭据,该成员绑定当前版本九字段、唯一定位、成员/Schema/授权指纹和未撤销事实后追加不可变批次,58cce83072ee34edffde9ffae7b57104f60b49a8c9b051742f17d062b74c86a6,6d8c063c04eb02cc5c403067fed389705afe13e3dc1e8139af0c6163635c8bd2,92e2317ab33808587c45d85260f8470a02dafb044af8ae83dbdfff20668a40b0,812515e6097c2c8d78e4f813d567745a0c55aacd9fc95065e85ebf4156932567
source-identity-entry-discovery-20260810T054907+0800-2fabb3def319,ZI-99e036f2b1093b4f286f64a5,DS-000305,BTC,未登记,不可定位,0,无法判定,无法判定,未知,未知,未知,未知,未知,未知,未知,未知,未知,未知,未登记,未登记,未知,64f87095fb4955a4cfbe2e6f8e643fa38d859fef411eb73741cdd2be79d23468,未知,未知,未复验,IDENTITY_DECLARATION_MISSING,来源提供者;交易场所;市场类型;标的身份;精确合约;数据对象;Schema确切版本;授权边界;字段中文映射;成员编号;资产编号;输入成员SHA-256;声明版本;声明内容SHA-256;Schema指纹;授权快照SHA-256;撤销事实;证据定位,只读取固定声明入口和information_schema注释摘要；不读取业务正文、价格、成交、订单簿、账户或凭据,该成员绑定当前版本九字段、唯一定位、成员/Schema/授权指纹和未撤销事实后追加不可变批次,58cce83072ee34edffde9ffae7b57104f60b49a8c9b051742f17d062b74c86a6,6d8c063c04eb02cc5c403067fed389705afe13e3dc1e8139af0c6163635c8bd2,92e2317ab33808587c45d85260f8470a02dafb044af8ae83dbdfff20668a40b0,3245c5bab96da3f363896ece2c7b9afd9e5e07694896c42e3ee9557152aec5cb
source-identity-entry-discovery-20260810T054907+0800-2fabb3def319,ZI-835a741c0f97b5c8b8f58b9a,DS-000306,BTC,未登记,不可定位,0,无法判定,无法判定,未知,未知,未知,未知,未知,未知,未知,未知,未知,未知,未登记,未登记,未知,93e7c4e4eac3841772d4795c85297a7e79c010b12b8cf30b7a3ff8517f7146e9,未知,未知,未复验,IDENTITY_DECLARATION_MISSING,来源提供者;交易场所;市场类型;标的身份;精确合约;数据对象;Schema确切版本;授权边界;字段中文映射;成员编号;资产编号;输入成员SHA-256;声明版本;声明内容SHA-256;Schema指纹;授权快照SHA-256;撤销事实;证据定位,只读取固定声明入口和information_schema注释摘要；不读取业务正文、价格、成交、订单簿、账户或凭据,该成员绑定当前版本九字段、唯一定位、成员/Schema/授权指纹和未撤销事实后追加不可变批次,58cce83072ee34edffde9ffae7b57104f60b49a8c9b051742f17d062b74c86a6,6d8c063c04eb02cc5c403067fed389705afe13e3dc1e8139af0c6163635c8bd2,92e2317ab33808587c45d85260f8470a02dafb044af8ae83dbdfff20668a40b0,46054bca3ce176a1c97b66d5fb1cbbfe853851fa69fbb35a308e46f56439b435
source-identity-entry-discovery-20260810T054907+0800-2fabb3def319,ZI-0658842d2088ed09b24efc97,DS-000307,BTC,未登记,不可定位,0,无法判定,无法判定,未知,未知,未知,未知,未知,未知,未知,未知,未知,未知,未登记,未登记,未知,f951a13aeb2596cef4686717db03149070ba793813ddb720dac7f5c236b8dccd,未知,未知,未复验,IDENTITY_DECLARATION_MISSING,来源提供者;交易场所;市场类型;标的身份;精确合约;数据对象;Schema确切版本;授权边界;字段中文映射;成员编号;资产编号;输入成员SHA-256;声明版本;声明内容SHA-256;Schema指纹;授权快照SHA-256;撤销事实;证据定位,只读取固定声明入口和information_schema注释摘要；不读取业务正文、价格、成交、订单簿、账户或凭据,该成员绑定当前版本九字段、唯一定位、成员/Schema/授权指纹和未撤销事实后追加不可变批次,58cce83072ee34edffde9ffae7b57104f60b49a8c9b051742f17d062b74c86a6,6d8c063c04eb02cc5c403067fed389705afe13e3dc1e8139af0c6163635c8bd2,92e2317ab33808587c45d85260f8470a02dafb044af8ae83dbdfff20668a40b0,60c881f78bac674c151f82b5864516151f615e96cdacf4a9a166b50874552d25
source-identity-entry-discovery-20260810T054907+0800-2fabb3def319,ZI-535216234191be483b87ed88,DS-000308,BTC,未登记,不可定位,0,无法判定,无法判定,未知,未知,未知,未知,未知,未知,未知,未知,未知,未知,未登记,未登记,未知,8325e80640f1b6415b025ce8839ede1edf84d7984d84e0e4a7de7cae12f2fdfc,未知,未知,未复验,IDENTITY_DECLARATION_MISSING,来源提供者;交易场所;市场类型;标的身份;精确合约;数据对象;Schema确切版本;授权边界;字段中文映射;成员编号;资产编号;输入成员SHA-256;声明版本;声明内容SHA-256;Schema指纹;授权快照SHA-256;撤销事实;证据定位,只读取固定声明入口和information_schema注释摘要；不读取业务正文、价格、成交、订单簿、账户或凭据,该成员绑定当前版本九字段、唯一定位、成员/Schema/授权指纹和未撤销事实后追加不可变批次,58cce83072ee34edffde9ffae7b57104f60b49a8c9b051742f17d062b74c86a6,6d8c063c04eb02cc5c403067fed389705afe13e3dc1e8139af0c6163635c8bd2,92e2317ab33808587c45d85260f8470a02dafb044af8ae83dbdfff20668a40b0,df5ff2cbdc41153bc9d002d74ce27651dd208f9a8740af72c7fbb428eef4388e
source-identity-entry-discovery-20260810T054907+0800-2fabb3def319,ZI-1113435211180071dee9be25,DS-000309,BTC,未登记,不可定位,0,无法判定,无法判定,未知,未知,未知,未知,未知,未知,未知,未知,未知,未知,未登记,未登记,未知,31401b834ceb9f05e15f20aead63529cec7ac915394e5e58399ff7267639644e,未知,未知,未复验,IDENTITY_DECLARATION_MISSING,来源提供者;交易场所;市场类型;标的身份;精确合约;数据对象;Schema确切版本;授权边界;字段中文映射;成员编号;资产编号;输入成员SHA-256;声明版本;声明内容SHA-256;Schema指纹;授权快照SHA-256;撤销事实;证据定位,只读取固定声明入口和information_schema注释摘要；不读取业务正文、价格、成交、订单簿、账户或凭据,该成员绑定当前版本九字段、唯一定位、成员/Schema/授权指纹和未撤销事实后追加不可变批次,58cce83072ee34edffde9ffae7b57104f60b49a8c9b051742f17d062b74c86a6,6d8c063c04eb02cc5c403067fed389705afe13e3dc1e8139af0c6163635c8bd2,92e2317ab33808587c45d85260f8470a02dafb044af8ae83dbdfff20668a40b0,1dd7257ca93f45b5ee1af7b2cca058dd8960917d7788385564a717810d0af2e3
source-identity-entry-discovery-20260810T054907+0800-2fabb3def319,ZI-5a402a12be02ee6d7c30eec4,DS-000310,BTC,未登记,不可定位,0,无法判定,无法判定,未知,未知,未知,未知,未知,未知,未知,未知,未知,未知,未登记,未登记,未知,ac10b24605fd1b3d106ccfff94457604218999ca63a55631072e36d168a1244b,未知,未知,未复验,IDENTITY_DECLARATION_MISSING,来源提供者;交易场所;市场类型;标的身份;精确合约;数据对象;Schema确切版本;授权边界;字段中文映射;成员编号;资产编号;输入成员SHA-256;声明版本;声明内容SHA-256;Schema指纹;授权快照SHA-256;撤销事实;证据定位,只读取固定声明入口和information_schema注释摘要；不读取业务正文、价格、成交、订单簿、账户或凭据,该成员绑定当前版本九字段、唯一定位、成员/Schema/授权指纹和未撤销事实后追加不可变批次,58cce83072ee34edffde9ffae7b57104f60b49a8c9b051742f17d062b74c86a6,6d8c063c04eb02cc5c403067fed389705afe13e3dc1e8139af0c6163635c8bd2,92e2317ab33808587c45d85260f8470a02dafb044af8ae83dbdfff20668a40b0,7632ac7d05cf420d599369b6c282aa109e1c25ab54d7ec17d49dba4e996661bf
source-identity-entry-discovery-20260810T054907+0800-2fabb3def319,ZI-9a6ab07c6edbc9b483925bf6,DS-000311,BTC,未登记,不可定位,0,无法判定,无法判定,未知,未知,未知,未知,未知,未知,未知,未知,未知,未知,未登记,未登记,未知,57408a49d126b606bdaf83ab4bb7bd02b4710b2376040c3190ae1bd4473d4d85,未知,未知,未复验,IDENTITY_DECLARATION_MISSING,来源提供者;交易场所;市场类型;标的身份;精确合约;数据对象;Schema确切版本;授权边界;字段中文映射;成员编号;资产编号;输入成员SHA-256;声明版本;声明内容SHA-256;Schema指纹;授权快照SHA-256;撤销事实;证据定位,只读取固定声明入口和information_schema注释摘要；不读取业务正文、价格、成交、订单簿、账户或凭据,该成员绑定当前版本九字段、唯一定位、成员/Schema/授权指纹和未撤销事实后追加不可变批次,58cce83072ee34edffde9ffae7b57104f60b49a8c9b051742f17d062b74c86a6,6d8c063c04eb02cc5c403067fed389705afe13e3dc1e8139af0c6163635c8bd2,92e2317ab33808587c45d85260f8470a02dafb044af8ae83dbdfff20668a40b0,c0df40676d5fc2b0084b63d1510988d1968ead0d9fbf561a2ffef1a1ccb0cee3
source-identity-entry-discovery-20260810T054907+0800-2fabb3def319,ZI-f934f2266c1453fb0bed28d8,DS-000312,BTC,未登记,不可定位,0,无法判定,无法判定,未知,未知,未知,未知,未知,未知,未知,未知,未知,未知,未登记,未登记,未知,24985dde3d2f6f5a945237e33c528ce0e95350fb8b3217ef26e40ffd00f660b3,未知,未知,未复验,IDENTITY_DECLARATION_MISSING,来源提供者;交易场所;市场类型;标的身份;精确合约;数据对象;Schema确切版本;授权边界;字段中文映射;成员编号;资产编号;输入成员SHA-256;声明版本;声明内容SHA-256;Schema指纹;授权快照SHA-256;撤销事实;证据定位,只读取固定声明入口和information_schema注释摘要；不读取业务正文、价格、成交、订单簿、账户或凭据,该成员绑定当前版本九字段、唯一定位、成员/Schema/授权指纹和未撤销事实后追加不可变批次,58cce83072ee34edffde9ffae7b57104f60b49a8c9b051742f17d062b74c86a6,6d8c063c04eb02cc5c403067fed389705afe13e3dc1e8139af0c6163635c8bd2,92e2317ab33808587c45d85260f8470a02dafb044af8ae83dbdfff20668a40b0,ab681bfd590c5f313b50911d090258be5fe53494ee54aba37947bd28cbc7ec1f
source-identity-entry-discovery-20260810T054907+0800-2fabb3def319,ZI-4f781c46c7f513f3e293caf1,DS-000313,BTC,未登记,不可定位,0,无法判定,无法判定,未知,未知,未知,未知,未知,未知,未知,未知,未知,未知,未登记,未登记,未知,fbf6a194337eeb0d40c519c90f46b6442593773512e0e365faa6d9c1d6f562cf,未知,未知,未复验,IDENTITY_DECLARATION_MISSING,来源提供者;交易场所;市场类型;标的身份;精确合约;数据对象;Schema确切版本;授权边界;字段中文映射;成员编号;资产编号;输入成员SHA-256;声明版本;声明内容SHA-256;Schema指纹;授权快照SHA-256;撤销事实;证据定位,只读取固定声明入口和information_schema注释摘要；不读取业务正文、价格、成交、订单簿、账户或凭据,该成员绑定当前版本九字段、唯一定位、成员/Schema/授权指纹和未撤销事实后追加不可变批次,58cce83072ee34edffde9ffae7b57104f60b49a8c9b051742f17d062b74c86a6,6d8c063c04eb02cc5c403067fed389705afe13e3dc1e8139af0c6163635c8bd2,92e2317ab33808587c45d85260f8470a02dafb044af8ae83dbdfff20668a40b0,3465d2a819155520ce51e780c3e32942bee77f6aa85d7181b48138fb6f66b302
source-identity-entry-discovery-20260810T054907+0800-2fabb3def319,ZI-664d2574f8ab01163a25d595,DS-000314,BTC,未登记,不可定位,0,无法判定,无法判定,未知,未知,未知,未知,未知,未知,未知,未知,未知,未知,未登记,未登记,未知,9db3a44ee859910c7b18a87c166d510b153a770c91474a6c557219b2815719be,未知,未知,未复验,IDENTITY_DECLARATION_MISSING,来源提供者;交易场所;市场类型;标的身份;精确合约;数据对象;Schema确切版本;授权边界;字段中文映射;成员编号;资产编号;输入成员SHA-256;声明版本;声明内容SHA-256;Schema指纹;授权快照SHA-256;撤销事实;证据定位,只读取固定声明入口和information_schema注释摘要；不读取业务正文、价格、成交、订单簿、账户或凭据,该成员绑定当前版本九字段、唯一定位、成员/Schema/授权指纹和未撤销事实后追加不可变批次,58cce83072ee34edffde9ffae7b57104f60b49a8c9b051742f17d062b74c86a6,6d8c063c04eb02cc5c403067fed389705afe13e3dc1e8139af0c6163635c8bd2,92e2317ab33808587c45d85260f8470a02dafb044af8ae83dbdfff20668a40b0,752df488f231840e06e1535d6bbffbf641ee5f1d3b8c3f9dc4a602c4629af938
source-identity-entry-discovery-20260810T054907+0800-2fabb3def319,ZI-6c7b1beec974abfd29a0e66e,DS-000315,BTC,未登记,不可定位,0,无法判定,无法判定,未知,未知,未知,未知,未知,未知,未知,未知,未知,未知,未登记,未登记,未知,28745a43fd92afac3d70cee4ddad3491844d97472d4dda22369d8ad811b9cb19,未知,未知,未复验,IDENTITY_DECLARATION_MISSING,来源提供者;交易场所;市场类型;标的身份;精确合约;数据对象;Schema确切版本;授权边界;字段中文映射;成员编号;资产编号;输入成员SHA-256;声明版本;声明内容SHA-256;Schema指纹;授权快照SHA-256;撤销事实;证据定位,只读取固定声明入口和information_schema注释摘要；不读取业务正文、价格、成交、订单簿、账户或凭据,该成员绑定当前版本九字段、唯一定位、成员/Schema/授权指纹和未撤销事实后追加不可变批次,58cce83072ee34edffde9ffae7b57104f60b49a8c9b051742f17d062b74c86a6,6d8c063c04eb02cc5c403067fed389705afe13e3dc1e8139af0c6163635c8bd2,92e2317ab33808587c45d85260f8470a02dafb044af8ae83dbdfff20668a40b0,0982832f9aa8927622281376352f07d3de88910e2b43b1a0d6a746fcf617e5af
source-identity-entry-discovery-20260810T054907+0800-2fabb3def319,ZI-92c90a90bbc0841d7e48f8d6,DS-000316,BTC,未登记,不可定位,0,无法判定,无法判定,未知,未知,未知,未知,未知,未知,未知,未知,未知,未知,未登记,未登记,未知,993ed72bd9aee1183676bb2ffb712c4bb01996d8dc0f601b657d49e62b1cc37c,未知,未知,未复验,IDENTITY_DECLARATION_MISSING,来源提供者;交易场所;市场类型;标的身份;精确合约;数据对象;Schema确切版本;授权边界;字段中文映射;成员编号;资产编号;输入成员SHA-256;声明版本;声明内容SHA-256;Schema指纹;授权快照SHA-256;撤销事实;证据定位,只读取固定声明入口和information_schema注释摘要；不读取业务正文、价格、成交、订单簿、账户或凭据,该成员绑定当前版本九字段、唯一定位、成员/Schema/授权指纹和未撤销事实后追加不可变批次,58cce83072ee34edffde9ffae7b57104f60b49a8c9b051742f17d062b74c86a6,6d8c063c04eb02cc5c403067fed389705afe13e3dc1e8139af0c6163635c8bd2,92e2317ab33808587c45d85260f8470a02dafb044af8ae83dbdfff20668a40b0,e9748bdc86edf3dabd12b8ea980571632aa70e7a449a67ac98125ce08bb61965
source-identity-entry-discovery-20260810T054907+0800-2fabb3def319,ZI-c5c903e8e1925632a9160c98,DS-000001,ETH,未登记,不可定位,0,无法判定,拒绝,未知,未知,未知,未知,未知,未知,未知,未知,未知,未知,未登记,未登记,未知,6f210f5cac4068efe59c05ccd83b4aa2dd366ae73b635fbc253611e4e60c34bb,未知,未知,未复验,IDENTITY_DECLARATION_MISSING,来源提供者;交易场所;市场类型;标的身份;精确合约;数据对象;Schema确切版本;授权边界;字段中文映射;成员编号;资产编号;输入成员SHA-256;声明版本;声明内容SHA-256;Schema指纹;授权快照SHA-256;撤销事实;证据定位,只读取固定声明入口和information_schema注释摘要；不读取业务正文、价格、成交、订单簿、账户或凭据,该成员绑定当前版本九字段、唯一定位、成员/Schema/授权指纹和未撤销事实后追加不可变批次,58cce83072ee34edffde9ffae7b57104f60b49a8c9b051742f17d062b74c86a6,6d8c063c04eb02cc5c403067fed389705afe13e3dc1e8139af0c6163635c8bd2,92e2317ab33808587c45d85260f8470a02dafb044af8ae83dbdfff20668a40b0,c8fc03e9d9136d66adfecd793614f57223ae4c4a40115214f36b13fc9b508175
source-identity-entry-discovery-20260810T054907+0800-2fabb3def319,ZI-279894722b92c663c0dd6dab,DS-000002,ETH,未登记,不可定位,0,无法判定,无法判定,未知,未知,未知,未知,未知,未知,未知,未知,未知,未知,未登记,未登记,未知,6b54cfaecaba756425d105f3eb174d67dda343b196c6d4d553b4ccf22dac9a4b,未知,未知,未复验,IDENTITY_DECLARATION_MISSING,来源提供者;交易场所;市场类型;标的身份;精确合约;数据对象;Schema确切版本;授权边界;字段中文映射;成员编号;资产编号;输入成员SHA-256;声明版本;声明内容SHA-256;Schema指纹;授权快照SHA-256;撤销事实;证据定位,只读取固定声明入口和information_schema注释摘要；不读取业务正文、价格、成交、订单簿、账户或凭据,该成员绑定当前版本九字段、唯一定位、成员/Schema/授权指纹和未撤销事实后追加不可变批次,58cce83072ee34edffde9ffae7b57104f60b49a8c9b051742f17d062b74c86a6,6d8c063c04eb02cc5c403067fed389705afe13e3dc1e8139af0c6163635c8bd2,92e2317ab33808587c45d85260f8470a02dafb044af8ae83dbdfff20668a40b0,aaf06ce069783fc74f8b79ead4a65e5cb4dae549b0c581e2bcd3514c97cd85d7
source-identity-entry-discovery-20260810T054907+0800-2fabb3def319,ZI-bdc11e9d61341a2c9190bedb,DS-000003,ETH,未登记,不可定位,0,无法判定,无法判定,未知,未知,未知,未知,未知,未知,未知,未知,未知,未知,未登记,未登记,未知,eed06d83a64889d174bf4470b7f403841c1b8cbef394fdcd7d26373548bc330a,未知,未知,未复验,IDENTITY_DECLARATION_MISSING,来源提供者;交易场所;市场类型;标的身份;精确合约;数据对象;Schema确切版本;授权边界;字段中文映射;成员编号;资产编号;输入成员SHA-256;声明版本;声明内容SHA-256;Schema指纹;授权快照SHA-256;撤销事实;证据定位,只读取固定声明入口和information_schema注释摘要；不读取业务正文、价格、成交、订单簿、账户或凭据,该成员绑定当前版本九字段、唯一定位、成员/Schema/授权指纹和未撤销事实后追加不可变批次,58cce83072ee34edffde9ffae7b57104f60b49a8c9b051742f17d062b74c86a6,6d8c063c04eb02cc5c403067fed389705afe13e3dc1e8139af0c6163635c8bd2,92e2317ab33808587c45d85260f8470a02dafb044af8ae83dbdfff20668a40b0,a00f628fb1fdc9beb82d8e5eb21e79a355f4a9941a576df05c77dfe27cdc927e
source-identity-entry-discovery-20260810T054907+0800-2fabb3def319,ZI-f48b5e18e673871688598192,DS-000004,ETH,未登记,不可定位,0,无法判定,无法判定,未知,未知,未知,未知,未知,未知,未知,未知,未知,未知,未登记,未登记,未知,f294fc879772804fde50e9093715f6f79193e34ec200003d39435c80c660dc0f,未知,未知,未复验,IDENTITY_DECLARATION_MISSING,来源提供者;交易场所;市场类型;标的身份;精确合约;数据对象;Schema确切版本;授权边界;字段中文映射;成员编号;资产编号;输入成员SHA-256;声明版本;声明内容SHA-256;Schema指纹;授权快照SHA-256;撤销事实;证据定位,只读取固定声明入口和information_schema注释摘要；不读取业务正文、价格、成交、订单簿、账户或凭据,该成员绑定当前版本九字段、唯一定位、成员/Schema/授权指纹和未撤销事实后追加不可变批次,58cce83072ee34edffde9ffae7b57104f60b49a8c9b051742f17d062b74c86a6,6d8c063c04eb02cc5c403067fed389705afe13e3dc1e8139af0c6163635c8bd2,92e2317ab33808587c45d85260f8470a02dafb044af8ae83dbdfff20668a40b0,e5e0a5039a2fbb6d30e1267ea2d7c0d38c41e741788b9952cc4bf77bf1e4ada2
source-identity-entry-discovery-20260810T054907+0800-2fabb3def319,ZI-8353e10a871d52c975353c3f,DS-000005,ETH,未登记,不可定位,0,无法判定,无法判定,未知,未知,未知,未知,未知,未知,未知,未知,未知,未知,未登记,未登记,未知,c3a0b74beeb3a1728b5565c3f43d47d2233ef0001367bb8588714e9f0f4d5adc,未知,未知,未复验,IDENTITY_DECLARATION_MISSING,来源提供者;交易场所;市场类型;标的身份;精确合约;数据对象;Schema确切版本;授权边界;字段中文映射;成员编号;资产编号;输入成员SHA-256;声明版本;声明内容SHA-256;Schema指纹;授权快照SHA-256;撤销事实;证据定位,只读取固定声明入口和information_schema注释摘要；不读取业务正文、价格、成交、订单簿、账户或凭据,该成员绑定当前版本九字段、唯一定位、成员/Schema/授权指纹和未撤销事实后追加不可变批次,58cce83072ee34edffde9ffae7b57104f60b49a8c9b051742f17d062b74c86a6,6d8c063c04eb02cc5c403067fed389705afe13e3dc1e8139af0c6163635c8bd2,92e2317ab33808587c45d85260f8470a02dafb044af8ae83dbdfff20668a40b0,9e8a314844ecb90bdc434cb7a01f6ddf41783ba0fbd7123c5fb85d1d94a0f50b
source-identity-entry-discovery-20260810T054907+0800-2fabb3def319,ZI-02bb55334ca878f1e490d263,DS-000006,ETH,未登记,不可定位,0,无法判定,无法判定,未知,未知,未知,未知,未知,未知,未知,未知,未知,未知,未登记,未登记,未知,078e5f02252ebb65f8c728bc0c504e3a3d3e783ebbd2641e58b3841ea530fb97,未知,未知,未复验,IDENTITY_DECLARATION_MISSING,来源提供者;交易场所;市场类型;标的身份;精确合约;数据对象;Schema确切版本;授权边界;字段中文映射;成员编号;资产编号;输入成员SHA-256;声明版本;声明内容SHA-256;Schema指纹;授权快照SHA-256;撤销事实;证据定位,只读取固定声明入口和information_schema注释摘要；不读取业务正文、价格、成交、订单簿、账户或凭据,该成员绑定当前版本九字段、唯一定位、成员/Schema/授权指纹和未撤销事实后追加不可变批次,58cce83072ee34edffde9ffae7b57104f60b49a8c9b051742f17d062b74c86a6,6d8c063c04eb02cc5c403067fed389705afe13e3dc1e8139af0c6163635c8bd2,92e2317ab33808587c45d85260f8470a02dafb044af8ae83dbdfff20668a40b0,720bab5233b1886a14d0c0a149309029dc649516dd0b2add549a8cd386927c6b
source-identity-entry-discovery-20260810T054907+0800-2fabb3def319,ZI-ab8649c928c32ab7bfff8287,DS-000007,ETH,未登记,不可定位,0,无法判定,无法判定,未知,未知,未知,未知,未知,未知,未知,未知,未知,未知,未登记,未登记,未知,3d27809f20371a08ed176c677aaefe132b6a4fc3c9b9acf202f0e6982c17d731,未知,未知,未复验,IDENTITY_DECLARATION_MISSING,来源提供者;交易场所;市场类型;标的身份;精确合约;数据对象;Schema确切版本;授权边界;字段中文映射;成员编号;资产编号;输入成员SHA-256;声明版本;声明内容SHA-256;Schema指纹;授权快照SHA-256;撤销事实;证据定位,只读取固定声明入口和information_schema注释摘要；不读取业务正文、价格、成交、订单簿、账户或凭据,该成员绑定当前版本九字段、唯一定位、成员/Schema/授权指纹和未撤销事实后追加不可变批次,58cce83072ee34edffde9ffae7b57104f60b49a8c9b051742f17d062b74c86a6,6d8c063c04eb02cc5c403067fed389705afe13e3dc1e8139af0c6163635c8bd2,92e2317ab33808587c45d85260f8470a02dafb044af8ae83dbdfff20668a40b0,0eebec6d6d80c1dfcee10dcd665c608fa2752e8324cd7af3ffce8d590de8db3b
source-identity-entry-discovery-20260810T054907+0800-2fabb3def319,ZI-803cad160ec9877f5950adb0,DS-000008,ETH,未登记,不可定位,0,无法判定,无法判定,未知,未知,未知,未知,未知,未知,未知,未知,未知,未知,未登记,未登记,未知,c41e435f351a0e89dcf979f9d54f0c4bf6732364a3fa041800b57b48d68dcad2,未知,未知,未复验,IDENTITY_DECLARATION_MISSING,来源提供者;交易场所;市场类型;标的身份;精确合约;数据对象;Schema确切版本;授权边界;字段中文映射;成员编号;资产编号;输入成员SHA-256;声明版本;声明内容SHA-256;Schema指纹;授权快照SHA-256;撤销事实;证据定位,只读取固定声明入口和information_schema注释摘要；不读取业务正文、价格、成交、订单簿、账户或凭据,该成员绑定当前版本九字段、唯一定位、成员/Schema/授权指纹和未撤销事实后追加不可变批次,58cce83072ee34edffde9ffae7b57104f60b49a8c9b051742f17d062b74c86a6,6d8c063c04eb02cc5c403067fed389705afe13e3dc1e8139af0c6163635c8bd2,92e2317ab33808587c45d85260f8470a02dafb044af8ae83dbdfff20668a40b0,a001ab1e5bad68a99d81c887bb59aab48584378e9a4c2d2d67228de93e06934a
source-identity-entry-discovery-20260810T054907+0800-2fabb3def319,ZI-cb3f201795dbfc35bf020cc4,DS-000009,ETH,未登记,不可定位,0,无法判定,无法判定,未知,未知,未知,未知,未知,未知,未知,未知,未知,未知,未登记,未登记,未知,57f0db998d6317598e4c7335c89cb4bd04ec0e20592158cfc71f6fc34aa5ad44,未知,未知,未复验,IDENTITY_DECLARATION_MISSING,来源提供者;交易场所;市场类型;标的身份;精确合约;数据对象;Schema确切版本;授权边界;字段中文映射;成员编号;资产编号;输入成员SHA-256;声明版本;声明内容SHA-256;Schema指纹;授权快照SHA-256;撤销事实;证据定位,只读取固定声明入口和information_schema注释摘要；不读取业务正文、价格、成交、订单簿、账户或凭据,该成员绑定当前版本九字段、唯一定位、成员/Schema/授权指纹和未撤销事实后追加不可变批次,58cce83072ee34edffde9ffae7b57104f60b49a8c9b051742f17d062b74c86a6,6d8c063c04eb02cc5c403067fed389705afe13e3dc1e8139af0c6163635c8bd2,92e2317ab33808587c45d85260f8470a02dafb044af8ae83dbdfff20668a40b0,9fc167fd6b956b80f6317e719bcebef72c417268b45129ea3c1560595815bcc3
source-identity-entry-discovery-20260810T054907+0800-2fabb3def319,ZI-a0bd838ee633afa643f72fdb,DS-000010,ETH,未登记,不可定位,0,无法判定,无法判定,未知,未知,未知,未知,未知,未知,未知,未知,未知,未知,未登记,未登记,未知,60a868b7ba10f0aef5db99fd373934b8abcce84661ec2ad1ccee966866bbb502,未知,未知,未复验,IDENTITY_DECLARATION_MISSING,来源提供者;交易场所;市场类型;标的身份;精确合约;数据对象;Schema确切版本;授权边界;字段中文映射;成员编号;资产编号;输入成员SHA-256;声明版本;声明内容SHA-256;Schema指纹;授权快照SHA-256;撤销事实;证据定位,只读取固定声明入口和information_schema注释摘要；不读取业务正文、价格、成交、订单簿、账户或凭据,该成员绑定当前版本九字段、唯一定位、成员/Schema/授权指纹和未撤销事实后追加不可变批次,58cce83072ee34edffde9ffae7b57104f60b49a8c9b051742f17d062b74c86a6,6d8c063c04eb02cc5c403067fed389705afe13e3dc1e8139af0c6163635c8bd2,92e2317ab33808587c45d85260f8470a02dafb044af8ae83dbdfff20668a40b0,edb2ad8fd4d6529f75995cd305c00e7029ca8340830ab86a6d13bb4fe63c34c5
source-identity-entry-discovery-20260810T054907+0800-2fabb3def319,ZI-c18845ce5953be525fba9e98,DS-000011,ETH,未登记,不可定位,0,无法判定,无法判定,未知,未知,未知,未知,未知,未知,未知,未知,未知,未知,未登记,未登记,未知,0ec6f6d6ec4c9b002bb715c2ae5793b70a41ece49bc4ab71ab962b1ea26e6c10,未知,未知,未复验,IDENTITY_DECLARATION_MISSING,来源提供者;交易场所;市场类型;标的身份;精确合约;数据对象;Schema确切版本;授权边界;字段中文映射;成员编号;资产编号;输入成员SHA-256;声明版本;声明内容SHA-256;Schema指纹;授权快照SHA-256;撤销事实;证据定位,只读取固定声明入口和information_schema注释摘要；不读取业务正文、价格、成交、订单簿、账户或凭据,该成员绑定当前版本九字段、唯一定位、成员/Schema/授权指纹和未撤销事实后追加不可变批次,58cce83072ee34edffde9ffae7b57104f60b49a8c9b051742f17d062b74c86a6,6d8c063c04eb02cc5c403067fed389705afe13e3dc1e8139af0c6163635c8bd2,92e2317ab33808587c45d85260f8470a02dafb044af8ae83dbdfff20668a40b0,67a39a2aeb5e2fbe81dac7b9e99a5c4745a8fbb97bb3de7dfa91e6a833282462
source-identity-entry-discovery-20260810T054907+0800-2fabb3def319,ZI-6755e3ebe9d9a3e83f13a4a9,DS-000012,ETH,未登记,不可定位,0,无法判定,无法判定,未知,未知,未知,未知,未知,未知,未知,未知,未知,未知,未登记,未登记,未知,4029ce33cae96639a00b1f2934304f04d9204e36e7d06ee59efff58dc5e0082a,未知,未知,未复验,IDENTITY_DECLARATION_MISSING,来源提供者;交易场所;市场类型;标的身份;精确合约;数据对象;Schema确切版本;授权边界;字段中文映射;成员编号;资产编号;输入成员SHA-256;声明版本;声明内容SHA-256;Schema指纹;授权快照SHA-256;撤销事实;证据定位,只读取固定声明入口和information_schema注释摘要；不读取业务正文、价格、成交、订单簿、账户或凭据,该成员绑定当前版本九字段、唯一定位、成员/Schema/授权指纹和未撤销事实后追加不可变批次,58cce83072ee34edffde9ffae7b57104f60b49a8c9b051742f17d062b74c86a6,6d8c063c04eb02cc5c403067fed389705afe13e3dc1e8139af0c6163635c8bd2,92e2317ab33808587c45d85260f8470a02dafb044af8ae83dbdfff20668a40b0,53e1647717f24881cc6747fcd4c1154b8a4c780129fe43752571d588232a2d94
source-identity-entry-discovery-20260810T054907+0800-2fabb3def319,ZI-95764bb9d0fab4a919eda519,DS-000013,ETH,未登记,不可定位,0,无法判定,无法判定,未知,未知,未知,未知,未知,未知,未知,未知,未知,未知,未登记,未登记,未知,4b5998ebc81851afafa4abf90abf85ad6f259b9415055592ade9dfafdb51f0d3,未知,未知,未复验,IDENTITY_DECLARATION_MISSING,来源提供者;交易场所;市场类型;标的身份;精确合约;数据对象;Schema确切版本;授权边界;字段中文映射;成员编号;资产编号;输入成员SHA-256;声明版本;声明内容SHA-256;Schema指纹;授权快照SHA-256;撤销事实;证据定位,只读取固定声明入口和information_schema注释摘要；不读取业务正文、价格、成交、订单簿、账户或凭据,该成员绑定当前版本九字段、唯一定位、成员/Schema/授权指纹和未撤销事实后追加不可变批次,58cce83072ee34edffde9ffae7b57104f60b49a8c9b051742f17d062b74c86a6,6d8c063c04eb02cc5c403067fed389705afe13e3dc1e8139af0c6163635c8bd2,92e2317ab33808587c45d85260f8470a02dafb044af8ae83dbdfff20668a40b0,3afb504aa1a35476f0e8a6e4ad84a94c6661052776733fd6d034e846021b9ce8
source-identity-entry-discovery-20260810T054907+0800-2fabb3def319,ZI-3b9c54566bc10a3e90b3766c,DS-000014,ETH,未登记,不可定位,0,无法判定,无法判定,未知,未知,未知,未知,未知,未知,未知,未知,未知,未知,未登记,未登记,未知,a2913685c4ef3199de4ac1910f6c1bd45e3a521e39fad3c5475e0071673b8a28,未知,未知,未复验,IDENTITY_DECLARATION_MISSING,来源提供者;交易场所;市场类型;标的身份;精确合约;数据对象;Schema确切版本;授权边界;字段中文映射;成员编号;资产编号;输入成员SHA-256;声明版本;声明内容SHA-256;Schema指纹;授权快照SHA-256;撤销事实;证据定位,只读取固定声明入口和information_schema注释摘要；不读取业务正文、价格、成交、订单簿、账户或凭据,该成员绑定当前版本九字段、唯一定位、成员/Schema/授权指纹和未撤销事实后追加不可变批次,58cce83072ee34edffde9ffae7b57104f60b49a8c9b051742f17d062b74c86a6,6d8c063c04eb02cc5c403067fed389705afe13e3dc1e8139af0c6163635c8bd2,92e2317ab33808587c45d85260f8470a02dafb044af8ae83dbdfff20668a40b0,23374b76ba3fb974d601b75fb1729875eeaff410df71aeabb330a3bb1d4baa4a
source-identity-entry-discovery-20260810T054907+0800-2fabb3def319,ZI-4f294e47780b8d95f28c6c55,DS-000015,ETH,未登记,不可定位,0,无法判定,无法判定,未知,未知,未知,未知,未知,未知,未知,未知,未知,未知,未登记,未登记,未知,0954b82bf7f57e01d704dbddc6046326d1d248a34af7095367bb8eca340f6dcf,未知,未知,未复验,IDENTITY_DECLARATION_MISSING,来源提供者;交易场所;市场类型;标的身份;精确合约;数据对象;Schema确切版本;授权边界;字段中文映射;成员编号;资产编号;输入成员SHA-256;声明版本;声明内容SHA-256;Schema指纹;授权快照SHA-256;撤销事实;证据定位,只读取固定声明入口和information_schema注释摘要；不读取业务正文、价格、成交、订单簿、账户或凭据,该成员绑定当前版本九字段、唯一定位、成员/Schema/授权指纹和未撤销事实后追加不可变批次,58cce83072ee34edffde9ffae7b57104f60b49a8c9b051742f17d062b74c86a6,6d8c063c04eb02cc5c403067fed389705afe13e3dc1e8139af0c6163635c8bd2,92e2317ab33808587c45d85260f8470a02dafb044af8ae83dbdfff20668a40b0,239ae2fd231f91443f7d172a21706d697722074ec83a543a05b82f57880f9c21
source-identity-entry-discovery-20260810T054907+0800-2fabb3def319,ZI-aee0aa011ef421beb877e180,DS-000016,ETH,未登记,不可定位,0,无法判定,无法判定,未知,未知,未知,未知,未知,未知,未知,未知,未知,未知,未登记,未登记,未知,d541c1aa39ca532bc63001a37820a93db5822824a913980ff6e6492016cd8c06,未知,未知,未复验,IDENTITY_DECLARATION_MISSING,来源提供者;交易场所;市场类型;标的身份;精确合约;数据对象;Schema确切版本;授权边界;字段中文映射;成员编号;资产编号;输入成员SHA-256;声明版本;声明内容SHA-256;Schema指纹;授权快照SHA-256;撤销事实;证据定位,只读取固定声明入口和information_schema注释摘要；不读取业务正文、价格、成交、订单簿、账户或凭据,该成员绑定当前版本九字段、唯一定位、成员/Schema/授权指纹和未撤销事实后追加不可变批次,58cce83072ee34edffde9ffae7b57104f60b49a8c9b051742f17d062b74c86a6,6d8c063c04eb02cc5c403067fed389705afe13e3dc1e8139af0c6163635c8bd2,92e2317ab33808587c45d85260f8470a02dafb044af8ae83dbdfff20668a40b0,df64a0eaef07c4a71f9111be9defa53fb6e6c64f8916462c81dc4154a1f5291d
source-identity-entry-discovery-20260810T054907+0800-2fabb3def319,ZI-7e0cdf9830865f043bda9ce4,DS-000017,ETH,未登记,不可定位,0,无法判定,无法判定,未知,未知,未知,未知,未知,未知,未知,未知,未知,未知,未登记,未登记,未知,724331ff5fb4ae5702e299c4ab592929e83424f81741ca15f49f79f17bb48302,未知,未知,未复验,IDENTITY_DECLARATION_MISSING,来源提供者;交易场所;市场类型;标的身份;精确合约;数据对象;Schema确切版本;授权边界;字段中文映射;成员编号;资产编号;输入成员SHA-256;声明版本;声明内容SHA-256;Schema指纹;授权快照SHA-256;撤销事实;证据定位,只读取固定声明入口和information_schema注释摘要；不读取业务正文、价格、成交、订单簿、账户或凭据,该成员绑定当前版本九字段、唯一定位、成员/Schema/授权指纹和未撤销事实后追加不可变批次,58cce83072ee34edffde9ffae7b57104f60b49a8c9b051742f17d062b74c86a6,6d8c063c04eb02cc5c403067fed389705afe13e3dc1e8139af0c6163635c8bd2,92e2317ab33808587c45d85260f8470a02dafb044af8ae83dbdfff20668a40b0,15de2d0042912765f6a3b763f0972caddef8fea13007295f140ed4ec23181141
source-identity-entry-discovery-20260810T054907+0800-2fabb3def319,ZI-f26a91d704b8153b3b13bcab,DS-000018,ETH,未登记,不可定位,0,无法判定,无法判定,未知,未知,未知,未知,未知,未知,未知,未知,未知,未知,未登记,未登记,未知,8ac6e149c9aa2f85191b075fe19ae6ab08e0241833b5e33f84b0a42f76e71509,未知,未知,未复验,IDENTITY_DECLARATION_MISSING,来源提供者;交易场所;市场类型;标的身份;精确合约;数据对象;Schema确切版本;授权边界;字段中文映射;成员编号;资产编号;输入成员SHA-256;声明版本;声明内容SHA-256;Schema指纹;授权快照SHA-256;撤销事实;证据定位,只读取固定声明入口和information_schema注释摘要；不读取业务正文、价格、成交、订单簿、账户或凭据,该成员绑定当前版本九字段、唯一定位、成员/Schema/授权指纹和未撤销事实后追加不可变批次,58cce83072ee34edffde9ffae7b57104f60b49a8c9b051742f17d062b74c86a6,6d8c063c04eb02cc5c403067fed389705afe13e3dc1e8139af0c6163635c8bd2,92e2317ab33808587c45d85260f8470a02dafb044af8ae83dbdfff20668a40b0,e5b691e1980dec4201fe43e1f806073bb9fc0a2a022b87c9e2a2badb6299b29d
source-identity-entry-discovery-20260810T054907+0800-2fabb3def319,ZI-033ce08ef691bdde9d29398b,DS-000019,ETH,未登记,不可定位,0,无法判定,无法判定,未知,未知,未知,未知,未知,未知,未知,未知,未知,未知,未登记,未登记,未知,9fe44aeeec52824c44f64f54bd209145b51e04d8a6e4a281d96b9d9c9c5adc3d,未知,未知,未复验,IDENTITY_DECLARATION_MISSING,来源提供者;交易场所;市场类型;标的身份;精确合约;数据对象;Schema确切版本;授权边界;字段中文映射;成员编号;资产编号;输入成员SHA-256;声明版本;声明内容SHA-256;Schema指纹;授权快照SHA-256;撤销事实;证据定位,只读取固定声明入口和information_schema注释摘要；不读取业务正文、价格、成交、订单簿、账户或凭据,该成员绑定当前版本九字段、唯一定位、成员/Schema/授权指纹和未撤销事实后追加不可变批次,58cce83072ee34edffde9ffae7b57104f60b49a8c9b051742f17d062b74c86a6,6d8c063c04eb02cc5c403067fed389705afe13e3dc1e8139af0c6163635c8bd2,92e2317ab33808587c45d85260f8470a02dafb044af8ae83dbdfff20668a40b0,2791c4d79d231644a9cf892b87726627774f92d5b15f64d0cf9289057e2b83ad
source-identity-entry-discovery-20260810T054907+0800-2fabb3def319,ZI-77e33436a724310dfdbb45ff,DS-000020,ETH,未登记,不可定位,0,无法判定,无法判定,未知,未知,未知,未知,未知,未知,未知,未知,未知,未知,未登记,未登记,未知,1c5ab3f968edb2a20de6de92fb10feb8d2736c0dbd5b1cc743a178c603b79e8b,未知,未知,未复验,IDENTITY_DECLARATION_MISSING,来源提供者;交易场所;市场类型;标的身份;精确合约;数据对象;Schema确切版本;授权边界;字段中文映射;成员编号;资产编号;输入成员SHA-256;声明版本;声明内容SHA-256;Schema指纹;授权快照SHA-256;撤销事实;证据定位,只读取固定声明入口和information_schema注释摘要；不读取业务正文、价格、成交、订单簿、账户或凭据,该成员绑定当前版本九字段、唯一定位、成员/Schema/授权指纹和未撤销事实后追加不可变批次,58cce83072ee34edffde9ffae7b57104f60b49a8c9b051742f17d062b74c86a6,6d8c063c04eb02cc5c403067fed389705afe13e3dc1e8139af0c6163635c8bd2,92e2317ab33808587c45d85260f8470a02dafb044af8ae83dbdfff20668a40b0,dfbe6194e1bfacc03cdd1450f2d30357df92d3f2bd7aaba46a02ee438cf72593
source-identity-entry-discovery-20260810T054907+0800-2fabb3def319,ZI-04ca2b6ded2abaa7a64050a6,DS-000021,ETH,未登记,不可定位,0,无法判定,无法判定,未知,未知,未知,未知,未知,未知,未知,未知,未知,未知,未登记,未登记,未知,64628c57337149fa715a32c92112d28beb11ea157cc51cbef8d8fb2ac089af2d,未知,未知,未复验,IDENTITY_DECLARATION_MISSING,来源提供者;交易场所;市场类型;标的身份;精确合约;数据对象;Schema确切版本;授权边界;字段中文映射;成员编号;资产编号;输入成员SHA-256;声明版本;声明内容SHA-256;Schema指纹;授权快照SHA-256;撤销事实;证据定位,只读取固定声明入口和information_schema注释摘要；不读取业务正文、价格、成交、订单簿、账户或凭据,该成员绑定当前版本九字段、唯一定位、成员/Schema/授权指纹和未撤销事实后追加不可变批次,58cce83072ee34edffde9ffae7b57104f60b49a8c9b051742f17d062b74c86a6,6d8c063c04eb02cc5c403067fed389705afe13e3dc1e8139af0c6163635c8bd2,92e2317ab33808587c45d85260f8470a02dafb044af8ae83dbdfff20668a40b0,a48e2907d40471e18c781fac518e9f499c83cc56a526cf2943ece8fb177e68e0
source-identity-entry-discovery-20260810T054907+0800-2fabb3def319,ZI-2570062f645b43ce27a0487c,DS-000022,ETH,未登记,不可定位,0,无法判定,无法判定,未知,未知,未知,未知,未知,未知,未知,未知,未知,未知,未登记,未登记,未知,cb0f988b4041dfe60459b092dd3d8713a68e767cffe3cea694725d3b12df3874,未知,未知,未复验,IDENTITY_DECLARATION_MISSING,来源提供者;交易场所;市场类型;标的身份;精确合约;数据对象;Schema确切版本;授权边界;字段中文映射;成员编号;资产编号;输入成员SHA-256;声明版本;声明内容SHA-256;Schema指纹;授权快照SHA-256;撤销事实;证据定位,只读取固定声明入口和information_schema注释摘要；不读取业务正文、价格、成交、订单簿、账户或凭据,该成员绑定当前版本九字段、唯一定位、成员/Schema/授权指纹和未撤销事实后追加不可变批次,58cce83072ee34edffde9ffae7b57104f60b49a8c9b051742f17d062b74c86a6,6d8c063c04eb02cc5c403067fed389705afe13e3dc1e8139af0c6163635c8bd2,92e2317ab33808587c45d85260f8470a02dafb044af8ae83dbdfff20668a40b0,2ec7b694d8a62e487945e2a520ae0ad2865136c2cabb9e2e0d11d18930d7e030
source-identity-entry-discovery-20260810T054907+0800-2fabb3def319,ZI-be30400ad91dda28af131417,DS-000023,ETH,未登记,不可定位,0,无法判定,无法判定,未知,未知,未知,未知,未知,未知,未知,未知,未知,未知,未登记,未登记,未知,7f5828afd16eeb5023d1e7c3d6abf2f23c149f3225a3e53e1078c8e613a07332,未知,未知,未复验,IDENTITY_DECLARATION_MISSING,来源提供者;交易场所;市场类型;标的身份;精确合约;数据对象;Schema确切版本;授权边界;字段中文映射;成员编号;资产编号;输入成员SHA-256;声明版本;声明内容SHA-256;Schema指纹;授权快照SHA-256;撤销事实;证据定位,只读取固定声明入口和information_schema注释摘要；不读取业务正文、价格、成交、订单簿、账户或凭据,该成员绑定当前版本九字段、唯一定位、成员/Schema/授权指纹和未撤销事实后追加不可变批次,58cce83072ee34edffde9ffae7b57104f60b49a8c9b051742f17d062b74c86a6,6d8c063c04eb02cc5c403067fed389705afe13e3dc1e8139af0c6163635c8bd2,92e2317ab33808587c45d85260f8470a02dafb044af8ae83dbdfff20668a40b0,b167e736ba98566f7784c75e31bce2ebaf6de56373be702c7e6e5e7edcda36d9
source-identity-entry-discovery-20260810T054907+0800-2fabb3def319,ZI-a0d4e3f46f73962f77ebd7c5,DS-000024,ETH,未登记,不可定位,0,无法判定,无法判定,未知,未知,未知,未知,未知,未知,未知,未知,未知,未知,未登记,未登记,未知,1a5501c145cb78341a0bdc4a0d62283d57d8158db9cee6a6f6b9300451cfb669,未知,未知,未复验,IDENTITY_DECLARATION_MISSING,来源提供者;交易场所;市场类型;标的身份;精确合约;数据对象;Schema确切版本;授权边界;字段中文映射;成员编号;资产编号;输入成员SHA-256;声明版本;声明内容SHA-256;Schema指纹;授权快照SHA-256;撤销事实;证据定位,只读取固定声明入口和information_schema注释摘要；不读取业务正文、价格、成交、订单簿、账户或凭据,该成员绑定当前版本九字段、唯一定位、成员/Schema/授权指纹和未撤销事实后追加不可变批次,58cce83072ee34edffde9ffae7b57104f60b49a8c9b051742f17d062b74c86a6,6d8c063c04eb02cc5c403067fed389705afe13e3dc1e8139af0c6163635c8bd2,92e2317ab33808587c45d85260f8470a02dafb044af8ae83dbdfff20668a40b0,3d0feaf494a9482550ca8baefc2dc61ff76f180a1b42133286439ba53f290cb3
source-identity-entry-discovery-20260810T054907+0800-2fabb3def319,ZI-0b664412f41ac3e18fc48be7,DS-000025,ETH,未登记,不可定位,0,无法判定,无法判定,未知,未知,未知,未知,未知,未知,未知,未知,未知,未知,未登记,未登记,未知,90a66897075859e1d9c9e335f1e6bf8caa40126b5af49abd6f7dd08c1c62ab7b,未知,未知,未复验,IDENTITY_DECLARATION_MISSING,来源提供者;交易场所;市场类型;标的身份;精确合约;数据对象;Schema确切版本;授权边界;字段中文映射;成员编号;资产编号;输入成员SHA-256;声明版本;声明内容SHA-256;Schema指纹;授权快照SHA-256;撤销事实;证据定位,只读取固定声明入口和information_schema注释摘要；不读取业务正文、价格、成交、订单簿、账户或凭据,该成员绑定当前版本九字段、唯一定位、成员/Schema/授权指纹和未撤销事实后追加不可变批次,58cce83072ee34edffde9ffae7b57104f60b49a8c9b051742f17d062b74c86a6,6d8c063c04eb02cc5c403067fed389705afe13e3dc1e8139af0c6163635c8bd2,92e2317ab33808587c45d85260f8470a02dafb044af8ae83dbdfff20668a40b0,5d0266b90aa6f26b186eb5a7d12a84ee47117ff01e3b826672833499346dffc1
source-identity-entry-discovery-20260810T054907+0800-2fabb3def319,ZI-0fe134d0066f7b835eaba2f2,DS-000026,ETH,未登记,不可定位,0,无法判定,无法判定,未知,未知,未知,未知,未知,未知,未知,未知,未知,未知,未登记,未登记,未知,d0f705abea8912f989edaccb9cf08cd41eda84e652f74e68a9312e843e842f77,未知,未知,未复验,IDENTITY_DECLARATION_MISSING,来源提供者;交易场所;市场类型;标的身份;精确合约;数据对象;Schema确切版本;授权边界;字段中文映射;成员编号;资产编号;输入成员SHA-256;声明版本;声明内容SHA-256;Schema指纹;授权快照SHA-256;撤销事实;证据定位,只读取固定声明入口和information_schema注释摘要；不读取业务正文、价格、成交、订单簿、账户或凭据,该成员绑定当前版本九字段、唯一定位、成员/Schema/授权指纹和未撤销事实后追加不可变批次,58cce83072ee34edffde9ffae7b57104f60b49a8c9b051742f17d062b74c86a6,6d8c063c04eb02cc5c403067fed389705afe13e3dc1e8139af0c6163635c8bd2,92e2317ab33808587c45d85260f8470a02dafb044af8ae83dbdfff20668a40b0,3c7e6f72f3ceda9c354812a95530a7c93b9a300485730ee555d17aa4d2cb71ed
source-identity-entry-discovery-20260810T054907+0800-2fabb3def319,ZI-089f0c0ebeeb9e87f76c31ff,DS-000027,ETH,未登记,不可定位,0,无法判定,无法判定,未知,未知,未知,未知,未知,未知,未知,未知,未知,未知,未登记,未登记,未知,e25a817f99d52e3d90fb7614939eebcaf57d0bc0f82ee9b42e562f78d2066f9d,未知,未知,未复验,IDENTITY_DECLARATION_MISSING,来源提供者;交易场所;市场类型;标的身份;精确合约;数据对象;Schema确切版本;授权边界;字段中文映射;成员编号;资产编号;输入成员SHA-256;声明版本;声明内容SHA-256;Schema指纹;授权快照SHA-256;撤销事实;证据定位,只读取固定声明入口和information_schema注释摘要；不读取业务正文、价格、成交、订单簿、账户或凭据,该成员绑定当前版本九字段、唯一定位、成员/Schema/授权指纹和未撤销事实后追加不可变批次,58cce83072ee34edffde9ffae7b57104f60b49a8c9b051742f17d062b74c86a6,6d8c063c04eb02cc5c403067fed389705afe13e3dc1e8139af0c6163635c8bd2,92e2317ab33808587c45d85260f8470a02dafb044af8ae83dbdfff20668a40b0,3ce4a7671fac45d0c70f513ffed44b8e2a108ecf40b14348c61d50b82a2b9751
source-identity-entry-discovery-20260810T054907+0800-2fabb3def319,ZI-9281ed93ca15f2fdc9ea24d8,DS-000028,ETH,未登记,不可定位,0,无法判定,无法判定,未知,未知,未知,未知,未知,未知,未知,未知,未知,未知,未登记,未登记,未知,47294cc8ccff44581c75aa5d3c70bc29e9916391a25182dc2645263835aa4c55,未知,未知,未复验,IDENTITY_DECLARATION_MISSING,来源提供者;交易场所;市场类型;标的身份;精确合约;数据对象;Schema确切版本;授权边界;字段中文映射;成员编号;资产编号;输入成员SHA-256;声明版本;声明内容SHA-256;Schema指纹;授权快照SHA-256;撤销事实;证据定位,只读取固定声明入口和information_schema注释摘要；不读取业务正文、价格、成交、订单簿、账户或凭据,该成员绑定当前版本九字段、唯一定位、成员/Schema/授权指纹和未撤销事实后追加不可变批次,58cce83072ee34edffde9ffae7b57104f60b49a8c9b051742f17d062b74c86a6,6d8c063c04eb02cc5c403067fed389705afe13e3dc1e8139af0c6163635c8bd2,92e2317ab33808587c45d85260f8470a02dafb044af8ae83dbdfff20668a40b0,cf3fa5153e6d48166bba8ba6cf73643b1ad40e895ed50db6e51d6164f9c61c5c
source-identity-entry-discovery-20260810T054907+0800-2fabb3def319,ZI-8cc6ec85cad87703abaaeba8,DS-000029,ETH,未登记,不可定位,0,无法判定,无法判定,未知,未知,未知,未知,未知,未知,未知,未知,未知,未知,未登记,未登记,未知,7dd9f501d01b088e7ff2286b3f33fd8431fdbab3aea1cdb36bd41099a798703e,未知,未知,未复验,IDENTITY_DECLARATION_MISSING,来源提供者;交易场所;市场类型;标的身份;精确合约;数据对象;Schema确切版本;授权边界;字段中文映射;成员编号;资产编号;输入成员SHA-256;声明版本;声明内容SHA-256;Schema指纹;授权快照SHA-256;撤销事实;证据定位,只读取固定声明入口和information_schema注释摘要；不读取业务正文、价格、成交、订单簿、账户或凭据,该成员绑定当前版本九字段、唯一定位、成员/Schema/授权指纹和未撤销事实后追加不可变批次,58cce83072ee34edffde9ffae7b57104f60b49a8c9b051742f17d062b74c86a6,6d8c063c04eb02cc5c403067fed389705afe13e3dc1e8139af0c6163635c8bd2,92e2317ab33808587c45d85260f8470a02dafb044af8ae83dbdfff20668a40b0,21c46d8ba3e77e86d5439f0c15aaa7c35618c97362b2791d1ecbd992db87c27b
source-identity-entry-discovery-20260810T054907+0800-2fabb3def319,ZI-d9c1e236f123c75e588d2059,DS-000030,ETH,未登记,不可定位,0,无法判定,无法判定,未知,未知,未知,未知,未知,未知,未知,未知,未知,未知,未登记,未登记,未知,7feaf8dbf2a33227bce6c15a332add2a8df5958d70cd20dde169159beffeafd8,未知,未知,未复验,IDENTITY_DECLARATION_MISSING,来源提供者;交易场所;市场类型;标的身份;精确合约;数据对象;Schema确切版本;授权边界;字段中文映射;成员编号;资产编号;输入成员SHA-256;声明版本;声明内容SHA-256;Schema指纹;授权快照SHA-256;撤销事实;证据定位,只读取固定声明入口和information_schema注释摘要；不读取业务正文、价格、成交、订单簿、账户或凭据,该成员绑定当前版本九字段、唯一定位、成员/Schema/授权指纹和未撤销事实后追加不可变批次,58cce83072ee34edffde9ffae7b57104f60b49a8c9b051742f17d062b74c86a6,6d8c063c04eb02cc5c403067fed389705afe13e3dc1e8139af0c6163635c8bd2,92e2317ab33808587c45d85260f8470a02dafb044af8ae83dbdfff20668a40b0,1a26b2bef9d6e519abd6f86bace6fcc15b9aa7139642bfccd35875f5b23cbbe8
source-identity-entry-discovery-20260810T054907+0800-2fabb3def319,ZI-c169483e7e35bbdae6c6bc04,DS-000031,ETH,未登记,不可定位,0,无法判定,无法判定,未知,未知,未知,未知,未知,未知,未知,未知,未知,未知,未登记,未登记,未知,7e617ea65285053e80e850b1a42685e97f1dc11f8a21b09b7a1ddeec481c8607,未知,未知,未复验,IDENTITY_DECLARATION_MISSING,来源提供者;交易场所;市场类型;标的身份;精确合约;数据对象;Schema确切版本;授权边界;字段中文映射;成员编号;资产编号;输入成员SHA-256;声明版本;声明内容SHA-256;Schema指纹;授权快照SHA-256;撤销事实;证据定位,只读取固定声明入口和information_schema注释摘要；不读取业务正文、价格、成交、订单簿、账户或凭据,该成员绑定当前版本九字段、唯一定位、成员/Schema/授权指纹和未撤销事实后追加不可变批次,58cce83072ee34edffde9ffae7b57104f60b49a8c9b051742f17d062b74c86a6,6d8c063c04eb02cc5c403067fed389705afe13e3dc1e8139af0c6163635c8bd2,92e2317ab33808587c45d85260f8470a02dafb044af8ae83dbdfff20668a40b0,b92313c0d2c43855fcd9c3d20acf44bd6737d82d8d6b213f1af4c5907d137034
source-identity-entry-discovery-20260810T054907+0800-2fabb3def319,ZI-a21ccbe20389643ee308b69f,DS-000032,ETH,未登记,不可定位,0,无法判定,无法判定,未知,未知,未知,未知,未知,未知,未知,未知,未知,未知,未登记,未登记,未知,2ce15b1930aad50b11f350398a0b450644e98b842f7ef2acedf4bee77e77db57,未知,未知,未复验,IDENTITY_DECLARATION_MISSING,来源提供者;交易场所;市场类型;标的身份;精确合约;数据对象;Schema确切版本;授权边界;字段中文映射;成员编号;资产编号;输入成员SHA-256;声明版本;声明内容SHA-256;Schema指纹;授权快照SHA-256;撤销事实;证据定位,只读取固定声明入口和information_schema注释摘要；不读取业务正文、价格、成交、订单簿、账户或凭据,该成员绑定当前版本九字段、唯一定位、成员/Schema/授权指纹和未撤销事实后追加不可变批次,58cce83072ee34edffde9ffae7b57104f60b49a8c9b051742f17d062b74c86a6,6d8c063c04eb02cc5c403067fed389705afe13e3dc1e8139af0c6163635c8bd2,92e2317ab33808587c45d85260f8470a02dafb044af8ae83dbdfff20668a40b0,07388b18a9be0315e8fabd10e347d157966e819290664361b6ab6dbc05fdfe4a
source-identity-entry-discovery-20260810T054907+0800-2fabb3def319,ZI-065c781df7752f8f461475e9,DS-000033,ETH,未登记,不可定位,0,无法判定,无法判定,未知,未知,未知,未知,未知,未知,未知,未知,未知,未知,未登记,未登记,未知,6c383d50d95f4de8a57eed3f877bf95e02d1617101a25d532b17bf06f1520432,未知,未知,未复验,IDENTITY_DECLARATION_MISSING,来源提供者;交易场所;市场类型;标的身份;精确合约;数据对象;Schema确切版本;授权边界;字段中文映射;成员编号;资产编号;输入成员SHA-256;声明版本;声明内容SHA-256;Schema指纹;授权快照SHA-256;撤销事实;证据定位,只读取固定声明入口和information_schema注释摘要；不读取业务正文、价格、成交、订单簿、账户或凭据,该成员绑定当前版本九字段、唯一定位、成员/Schema/授权指纹和未撤销事实后追加不可变批次,58cce83072ee34edffde9ffae7b57104f60b49a8c9b051742f17d062b74c86a6,6d8c063c04eb02cc5c403067fed389705afe13e3dc1e8139af0c6163635c8bd2,92e2317ab33808587c45d85260f8470a02dafb044af8ae83dbdfff20668a40b0,429955ea650b455d4dc26a088cb3330c83a1c25440060a9108b9f7ada0b4a92c
source-identity-entry-discovery-20260810T054907+0800-2fabb3def319,ZI-5d61fc5d919fc31f69eb6247,DS-000034,ETH,未登记,不可定位,0,无法判定,无法判定,未知,未知,未知,未知,未知,未知,未知,未知,未知,未知,未登记,未登记,未知,620ec0b6af2da2ee08cf1e41e20fb6206dec2fe11c489115b4686ab4d470868b,未知,未知,未复验,IDENTITY_DECLARATION_MISSING,来源提供者;交易场所;市场类型;标的身份;精确合约;数据对象;Schema确切版本;授权边界;字段中文映射;成员编号;资产编号;输入成员SHA-256;声明版本;声明内容SHA-256;Schema指纹;授权快照SHA-256;撤销事实;证据定位,只读取固定声明入口和information_schema注释摘要；不读取业务正文、价格、成交、订单簿、账户或凭据,该成员绑定当前版本九字段、唯一定位、成员/Schema/授权指纹和未撤销事实后追加不可变批次,58cce83072ee34edffde9ffae7b57104f60b49a8c9b051742f17d062b74c86a6,6d8c063c04eb02cc5c403067fed389705afe13e3dc1e8139af0c6163635c8bd2,92e2317ab33808587c45d85260f8470a02dafb044af8ae83dbdfff20668a40b0,71d08f9ab89eba1c60b39e2ae499ddfc6b81536838a499f0cd81bb55b84dd2ab
source-identity-entry-discovery-20260810T054907+0800-2fabb3def319,ZI-cc518c78335b4566ab3ba1b7,DS-000035,ETH,未登记,不可定位,0,无法判定,无法判定,未知,未知,未知,未知,未知,未知,未知,未知,未知,未知,未登记,未登记,未知,c8052ba5f3ee15d405a6a41853edafb8cc7df932629aa95e77ecbbf0cf89d0c9,未知,未知,未复验,IDENTITY_DECLARATION_MISSING,来源提供者;交易场所;市场类型;标的身份;精确合约;数据对象;Schema确切版本;授权边界;字段中文映射;成员编号;资产编号;输入成员SHA-256;声明版本;声明内容SHA-256;Schema指纹;授权快照SHA-256;撤销事实;证据定位,只读取固定声明入口和information_schema注释摘要；不读取业务正文、价格、成交、订单簿、账户或凭据,该成员绑定当前版本九字段、唯一定位、成员/Schema/授权指纹和未撤销事实后追加不可变批次,58cce83072ee34edffde9ffae7b57104f60b49a8c9b051742f17d062b74c86a6,6d8c063c04eb02cc5c403067fed389705afe13e3dc1e8139af0c6163635c8bd2,92e2317ab33808587c45d85260f8470a02dafb044af8ae83dbdfff20668a40b0,461da590045100897bada685c1d67e0da4e490c854f7f06e0cc02493cc6c2ab4
source-identity-entry-discovery-20260810T054907+0800-2fabb3def319,ZI-8494e07bc3f0426de16a8b6d,DS-000036,ETH,未登记,不可定位,0,无法判定,无法判定,未知,未知,未知,未知,未知,未知,未知,未知,未知,未知,未登记,未登记,未知,831dbef09d5e1df0dc41e48ab9504365e6e18a12807ca94e1c805c8181299249,未知,未知,未复验,IDENTITY_DECLARATION_MISSING,来源提供者;交易场所;市场类型;标的身份;精确合约;数据对象;Schema确切版本;授权边界;字段中文映射;成员编号;资产编号;输入成员SHA-256;声明版本;声明内容SHA-256;Schema指纹;授权快照SHA-256;撤销事实;证据定位,只读取固定声明入口和information_schema注释摘要；不读取业务正文、价格、成交、订单簿、账户或凭据,该成员绑定当前版本九字段、唯一定位、成员/Schema/授权指纹和未撤销事实后追加不可变批次,58cce83072ee34edffde9ffae7b57104f60b49a8c9b051742f17d062b74c86a6,6d8c063c04eb02cc5c403067fed389705afe13e3dc1e8139af0c6163635c8bd2,92e2317ab33808587c45d85260f8470a02dafb044af8ae83dbdfff20668a40b0,0cc87cb2bc5f50a6be05bdc621f134c3e28156bebb40b107341eb2d8b96ea461
source-identity-entry-discovery-20260810T054907+0800-2fabb3def319,ZI-33fe8b0ddda1dd1d88720875,DS-000037,ETH,未登记,不可定位,0,无法判定,无法判定,未知,未知,未知,未知,未知,未知,未知,未知,未知,未知,未登记,未登记,未知,c6a61887a923c5a8e4ba052c9fa91d7c255b03f4bcc5c28d53deafc5f40d8e2b,未知,未知,未复验,IDENTITY_DECLARATION_MISSING,来源提供者;交易场所;市场类型;标的身份;精确合约;数据对象;Schema确切版本;授权边界;字段中文映射;成员编号;资产编号;输入成员SHA-256;声明版本;声明内容SHA-256;Schema指纹;授权快照SHA-256;撤销事实;证据定位,只读取固定声明入口和information_schema注释摘要；不读取业务正文、价格、成交、订单簿、账户或凭据,该成员绑定当前版本九字段、唯一定位、成员/Schema/授权指纹和未撤销事实后追加不可变批次,58cce83072ee34edffde9ffae7b57104f60b49a8c9b051742f17d062b74c86a6,6d8c063c04eb02cc5c403067fed389705afe13e3dc1e8139af0c6163635c8bd2,92e2317ab33808587c45d85260f8470a02dafb044af8ae83dbdfff20668a40b0,f657e7cc0ec2d307870ff3cd6f4164f82db7fcd0cd8229c6c58c250a34e1ece0
source-identity-entry-discovery-20260810T054907+0800-2fabb3def319,ZI-165cfc2a30a597ce932c236b,DS-000038,ETH,未登记,不可定位,0,无法判定,无法判定,未知,未知,未知,未知,未知,未知,未知,未知,未知,未知,未登记,未登记,未知,fa4631a27e1710a2adac5e18f14fba4d3ac7985b62a900a8a32921c0f616b5e6,未知,未知,未复验,IDENTITY_DECLARATION_MISSING,来源提供者;交易场所;市场类型;标的身份;精确合约;数据对象;Schema确切版本;授权边界;字段中文映射;成员编号;资产编号;输入成员SHA-256;声明版本;声明内容SHA-256;Schema指纹;授权快照SHA-256;撤销事实;证据定位,只读取固定声明入口和information_schema注释摘要；不读取业务正文、价格、成交、订单簿、账户或凭据,该成员绑定当前版本九字段、唯一定位、成员/Schema/授权指纹和未撤销事实后追加不可变批次,58cce83072ee34edffde9ffae7b57104f60b49a8c9b051742f17d062b74c86a6,6d8c063c04eb02cc5c403067fed389705afe13e3dc1e8139af0c6163635c8bd2,92e2317ab33808587c45d85260f8470a02dafb044af8ae83dbdfff20668a40b0,0b2b3b11c2a9060c010f25ed4e857942cf0b0489e432ca29c8c76acff2200176
source-identity-entry-discovery-20260810T054907+0800-2fabb3def319,ZI-68e34c7b43bcb72873389cfb,DS-000039,ETH,未登记,不可定位,0,无法判定,无法判定,未知,未知,未知,未知,未知,未知,未知,未知,未知,未知,未登记,未登记,未知,87a8b34d0a521a1b81b170b9eadc51933b3582c7ff859894e05f962bbaa7b31a,未知,未知,未复验,IDENTITY_DECLARATION_MISSING,来源提供者;交易场所;市场类型;标的身份;精确合约;数据对象;Schema确切版本;授权边界;字段中文映射;成员编号;资产编号;输入成员SHA-256;声明版本;声明内容SHA-256;Schema指纹;授权快照SHA-256;撤销事实;证据定位,只读取固定声明入口和information_schema注释摘要；不读取业务正文、价格、成交、订单簿、账户或凭据,该成员绑定当前版本九字段、唯一定位、成员/Schema/授权指纹和未撤销事实后追加不可变批次,58cce83072ee34edffde9ffae7b57104f60b49a8c9b051742f17d062b74c86a6,6d8c063c04eb02cc5c403067fed389705afe13e3dc1e8139af0c6163635c8bd2,92e2317ab33808587c45d85260f8470a02dafb044af8ae83dbdfff20668a40b0,c450261d5a7f008cc94cc7d7ea2acbdf6fc7a4922dbb1eeb15885e3e348b9475
source-identity-entry-discovery-20260810T054907+0800-2fabb3def319,ZI-09c306558c21b551a473e8d3,DS-000040,ETH,未登记,不可定位,0,无法判定,无法判定,未知,未知,未知,未知,未知,未知,未知,未知,未知,未知,未登记,未登记,未知,4790bac68af16a75efca855b27de95148a8f7d869a8eb4d8366de3015c759626,未知,未知,未复验,IDENTITY_DECLARATION_MISSING,来源提供者;交易场所;市场类型;标的身份;精确合约;数据对象;Schema确切版本;授权边界;字段中文映射;成员编号;资产编号;输入成员SHA-256;声明版本;声明内容SHA-256;Schema指纹;授权快照SHA-256;撤销事实;证据定位,只读取固定声明入口和information_schema注释摘要；不读取业务正文、价格、成交、订单簿、账户或凭据,该成员绑定当前版本九字段、唯一定位、成员/Schema/授权指纹和未撤销事实后追加不可变批次,58cce83072ee34edffde9ffae7b57104f60b49a8c9b051742f17d062b74c86a6,6d8c063c04eb02cc5c403067fed389705afe13e3dc1e8139af0c6163635c8bd2,92e2317ab33808587c45d85260f8470a02dafb044af8ae83dbdfff20668a40b0,504c60cd2195a6512f9da250d6bcb583bf6e36d691c8670a08434f6578c31072
source-identity-entry-discovery-20260810T054907+0800-2fabb3def319,ZI-8a28b9cbda14361fea3e0d08,DS-000041,ETH,未登记,不可定位,0,无法判定,无法判定,未知,未知,未知,未知,未知,未知,未知,未知,未知,未知,未登记,未登记,未知,286620d7066b28b8ed933077901ecb9ff8a5c8e40df6514ff7c3ba5ecac9abe8,未知,未知,未复验,IDENTITY_DECLARATION_MISSING,来源提供者;交易场所;市场类型;标的身份;精确合约;数据对象;Schema确切版本;授权边界;字段中文映射;成员编号;资产编号;输入成员SHA-256;声明版本;声明内容SHA-256;Schema指纹;授权快照SHA-256;撤销事实;证据定位,只读取固定声明入口和information_schema注释摘要；不读取业务正文、价格、成交、订单簿、账户或凭据,该成员绑定当前版本九字段、唯一定位、成员/Schema/授权指纹和未撤销事实后追加不可变批次,58cce83072ee34edffde9ffae7b57104f60b49a8c9b051742f17d062b74c86a6,6d8c063c04eb02cc5c403067fed389705afe13e3dc1e8139af0c6163635c8bd2,92e2317ab33808587c45d85260f8470a02dafb044af8ae83dbdfff20668a40b0,ffbec8a24a5dba60628c131000024ad4b82fe0292b4a11ae0bed2f52c292b53e
source-identity-entry-discovery-20260810T054907+0800-2fabb3def319,ZI-7c080a0c72e43d3f2e78e7f0,DS-000042,ETH,未登记,不可定位,0,无法判定,拒绝,未知,未知,未知,未知,未知,未知,未知,未知,未知,未知,未登记,未登记,未知,9481f1a90753f8379ea69a4aa88f1289d5bb48cf515812dd34aca6a32ed0708f,未知,未知,未复验,IDENTITY_DECLARATION_MISSING,来源提供者;交易场所;市场类型;标的身份;精确合约;数据对象;Schema确切版本;授权边界;字段中文映射;成员编号;资产编号;输入成员SHA-256;声明版本;声明内容SHA-256;Schema指纹;授权快照SHA-256;撤销事实;证据定位,只读取固定声明入口和information_schema注释摘要；不读取业务正文、价格、成交、订单簿、账户或凭据,该成员绑定当前版本九字段、唯一定位、成员/Schema/授权指纹和未撤销事实后追加不可变批次,58cce83072ee34edffde9ffae7b57104f60b49a8c9b051742f17d062b74c86a6,6d8c063c04eb02cc5c403067fed389705afe13e3dc1e8139af0c6163635c8bd2,92e2317ab33808587c45d85260f8470a02dafb044af8ae83dbdfff20668a40b0,22e4a567fc4c994e8ac1947c7942e959865f389c14ccbd0f9ce6f50d55bf84ac
source-identity-entry-discovery-20260810T054907+0800-2fabb3def319,ZI-bd4b5404dcd732978b2b6d5b,DS-000043,ETH,未登记,不可定位,0,无法判定,无法判定,未知,未知,未知,未知,未知,未知,未知,未知,未知,未知,未登记,未登记,未知,ab6e9c5b122b709541147d45af09142fa48c4c8a57e5fd6e14d93cbfe55942f2,未知,未知,未复验,IDENTITY_DECLARATION_MISSING,来源提供者;交易场所;市场类型;标的身份;精确合约;数据对象;Schema确切版本;授权边界;字段中文映射;成员编号;资产编号;输入成员SHA-256;声明版本;声明内容SHA-256;Schema指纹;授权快照SHA-256;撤销事实;证据定位,只读取固定声明入口和information_schema注释摘要；不读取业务正文、价格、成交、订单簿、账户或凭据,该成员绑定当前版本九字段、唯一定位、成员/Schema/授权指纹和未撤销事实后追加不可变批次,58cce83072ee34edffde9ffae7b57104f60b49a8c9b051742f17d062b74c86a6,6d8c063c04eb02cc5c403067fed389705afe13e3dc1e8139af0c6163635c8bd2,92e2317ab33808587c45d85260f8470a02dafb044af8ae83dbdfff20668a40b0,c2c47cfccf4166f327d90440d0c56b5c5e02cee2136c28c5eb4e6f36e1b1f3f5
source-identity-entry-discovery-20260810T054907+0800-2fabb3def319,ZI-28ce816b33b79c38ccfb22e7,DS-000044,ETH,未登记,不可定位,0,无法判定,无法判定,未知,未知,未知,未知,未知,未知,未知,未知,未知,未知,未登记,未登记,未知,4b351da245a5729653e1e8695950bb4ec677aa15b29af4adcaea6d6c4773688a,未知,未知,未复验,IDENTITY_DECLARATION_MISSING,来源提供者;交易场所;市场类型;标的身份;精确合约;数据对象;Schema确切版本;授权边界;字段中文映射;成员编号;资产编号;输入成员SHA-256;声明版本;声明内容SHA-256;Schema指纹;授权快照SHA-256;撤销事实;证据定位,只读取固定声明入口和information_schema注释摘要；不读取业务正文、价格、成交、订单簿、账户或凭据,该成员绑定当前版本九字段、唯一定位、成员/Schema/授权指纹和未撤销事实后追加不可变批次,58cce83072ee34edffde9ffae7b57104f60b49a8c9b051742f17d062b74c86a6,6d8c063c04eb02cc5c403067fed389705afe13e3dc1e8139af0c6163635c8bd2,92e2317ab33808587c45d85260f8470a02dafb044af8ae83dbdfff20668a40b0,c058442c73367457d6db97256415faf617def43ee335db6ed30e214d0c846f52
source-identity-entry-discovery-20260810T054907+0800-2fabb3def319,ZI-9bbd7613dc89967112ed4afb,DS-000045,ETH,未登记,不可定位,0,无法判定,无法判定,未知,未知,未知,未知,未知,未知,未知,未知,未知,未知,未登记,未登记,未知,7969b3cc256f4b649caaa29cb58c697653c15965c89907fd86f2e98016eff342,未知,未知,未复验,IDENTITY_DECLARATION_MISSING,来源提供者;交易场所;市场类型;标的身份;精确合约;数据对象;Schema确切版本;授权边界;字段中文映射;成员编号;资产编号;输入成员SHA-256;声明版本;声明内容SHA-256;Schema指纹;授权快照SHA-256;撤销事实;证据定位,只读取固定声明入口和information_schema注释摘要；不读取业务正文、价格、成交、订单簿、账户或凭据,该成员绑定当前版本九字段、唯一定位、成员/Schema/授权指纹和未撤销事实后追加不可变批次,58cce83072ee34edffde9ffae7b57104f60b49a8c9b051742f17d062b74c86a6,6d8c063c04eb02cc5c403067fed389705afe13e3dc1e8139af0c6163635c8bd2,92e2317ab33808587c45d85260f8470a02dafb044af8ae83dbdfff20668a40b0,2fabdd157230f9c8f23fe2897d58c00211ddbbcc0665143bd1f5810d0fb7d0f0
source-identity-entry-discovery-20260810T054907+0800-2fabb3def319,ZI-1a42e8b6c1eb0f32fd83f0db,DS-000046,ETH,未登记,不可定位,0,无法判定,无法判定,未知,未知,未知,未知,未知,未知,未知,未知,未知,未知,未登记,未登记,未知,d2c16595af2ff812b9699afbac5821cee73e4c3f6842fa3a5a109853626e6c4d,未知,未知,未复验,IDENTITY_DECLARATION_MISSING,来源提供者;交易场所;市场类型;标的身份;精确合约;数据对象;Schema确切版本;授权边界;字段中文映射;成员编号;资产编号;输入成员SHA-256;声明版本;声明内容SHA-256;Schema指纹;授权快照SHA-256;撤销事实;证据定位,只读取固定声明入口和information_schema注释摘要；不读取业务正文、价格、成交、订单簿、账户或凭据,该成员绑定当前版本九字段、唯一定位、成员/Schema/授权指纹和未撤销事实后追加不可变批次,58cce83072ee34edffde9ffae7b57104f60b49a8c9b051742f17d062b74c86a6,6d8c063c04eb02cc5c403067fed389705afe13e3dc1e8139af0c6163635c8bd2,92e2317ab33808587c45d85260f8470a02dafb044af8ae83dbdfff20668a40b0,3c7d00d8db864f1bff19f842ecbed72496cce48dfcbf918ce9ac2e08bdbd7dae
source-identity-entry-discovery-20260810T054907+0800-2fabb3def319,ZI-9af7501cfbf2c81be74cc00a,DS-000047,ETH,未登记,不可定位,0,无法判定,无法判定,未知,未知,未知,未知,未知,未知,未知,未知,未知,未知,未登记,未登记,未知,bef8b79e0bee8d3d15ff6d609fb35f08d45972b26fe4f024fbeee00416ef25a9,未知,未知,未复验,IDENTITY_DECLARATION_MISSING,来源提供者;交易场所;市场类型;标的身份;精确合约;数据对象;Schema确切版本;授权边界;字段中文映射;成员编号;资产编号;输入成员SHA-256;声明版本;声明内容SHA-256;Schema指纹;授权快照SHA-256;撤销事实;证据定位,只读取固定声明入口和information_schema注释摘要；不读取业务正文、价格、成交、订单簿、账户或凭据,该成员绑定当前版本九字段、唯一定位、成员/Schema/授权指纹和未撤销事实后追加不可变批次,58cce83072ee34edffde9ffae7b57104f60b49a8c9b051742f17d062b74c86a6,6d8c063c04eb02cc5c403067fed389705afe13e3dc1e8139af0c6163635c8bd2,92e2317ab33808587c45d85260f8470a02dafb044af8ae83dbdfff20668a40b0,dfc30c63becca6bd5a73c386086c1127a6113f3a7cf45a850b25a21994823e0f
source-identity-entry-discovery-20260810T054907+0800-2fabb3def319,ZI-e630e48726c8833e33f1b77b,DS-000048,ETH,未登记,不可定位,0,无法判定,无法判定,未知,未知,未知,未知,未知,未知,未知,未知,未知,未知,未登记,未登记,未知,27c0d7523fd027e4594aaaebc9fd2b4c9853db367233c9469ddddb6909841121,未知,未知,未复验,IDENTITY_DECLARATION_MISSING,来源提供者;交易场所;市场类型;标的身份;精确合约;数据对象;Schema确切版本;授权边界;字段中文映射;成员编号;资产编号;输入成员SHA-256;声明版本;声明内容SHA-256;Schema指纹;授权快照SHA-256;撤销事实;证据定位,只读取固定声明入口和information_schema注释摘要；不读取业务正文、价格、成交、订单簿、账户或凭据,该成员绑定当前版本九字段、唯一定位、成员/Schema/授权指纹和未撤销事实后追加不可变批次,58cce83072ee34edffde9ffae7b57104f60b49a8c9b051742f17d062b74c86a6,6d8c063c04eb02cc5c403067fed389705afe13e3dc1e8139af0c6163635c8bd2,92e2317ab33808587c45d85260f8470a02dafb044af8ae83dbdfff20668a40b0,06f3059599ba66ed6e8193641f57c4d8b68487f69cbd4400264332aeec4ac5c1
source-identity-entry-discovery-20260810T054907+0800-2fabb3def319,ZI-f2615789012d4d55f670c11d,DS-000049,ETH,未登记,不可定位,0,无法判定,无法判定,未知,未知,未知,未知,未知,未知,未知,未知,未知,未知,未登记,未登记,未知,4fe0f84c8d96411a88be702c038c1a07e59990872b4f40ea4c994bc83ed839a3,未知,未知,未复验,IDENTITY_DECLARATION_MISSING,来源提供者;交易场所;市场类型;标的身份;精确合约;数据对象;Schema确切版本;授权边界;字段中文映射;成员编号;资产编号;输入成员SHA-256;声明版本;声明内容SHA-256;Schema指纹;授权快照SHA-256;撤销事实;证据定位,只读取固定声明入口和information_schema注释摘要；不读取业务正文、价格、成交、订单簿、账户或凭据,该成员绑定当前版本九字段、唯一定位、成员/Schema/授权指纹和未撤销事实后追加不可变批次,58cce83072ee34edffde9ffae7b57104f60b49a8c9b051742f17d062b74c86a6,6d8c063c04eb02cc5c403067fed389705afe13e3dc1e8139af0c6163635c8bd2,92e2317ab33808587c45d85260f8470a02dafb044af8ae83dbdfff20668a40b0,99809e77402f00ef87e75aec5c7bbbc76c4617116837287a562196f4a430f070
source-identity-entry-discovery-20260810T054907+0800-2fabb3def319,ZI-3877c0fbfe23b34834d8eadb,DS-000050,ETH,未登记,不可定位,0,无法判定,无法判定,未知,未知,未知,未知,未知,未知,未知,未知,未知,未知,未登记,未登记,未知,dbba04adf9e0ed6082031b7d3b413eec7ec31a70b2e28e729c73ec97d3a920c4,未知,未知,未复验,IDENTITY_DECLARATION_MISSING,来源提供者;交易场所;市场类型;标的身份;精确合约;数据对象;Schema确切版本;授权边界;字段中文映射;成员编号;资产编号;输入成员SHA-256;声明版本;声明内容SHA-256;Schema指纹;授权快照SHA-256;撤销事实;证据定位,只读取固定声明入口和information_schema注释摘要；不读取业务正文、价格、成交、订单簿、账户或凭据,该成员绑定当前版本九字段、唯一定位、成员/Schema/授权指纹和未撤销事实后追加不可变批次,58cce83072ee34edffde9ffae7b57104f60b49a8c9b051742f17d062b74c86a6,6d8c063c04eb02cc5c403067fed389705afe13e3dc1e8139af0c6163635c8bd2,92e2317ab33808587c45d85260f8470a02dafb044af8ae83dbdfff20668a40b0,ee64762964a2d4c858a24a0d43309f5479f2ef424e4aa4590d2c32106e7754a4
source-identity-entry-discovery-20260810T054907+0800-2fabb3def319,ZI-f00603909f873d076d99eb9e,DS-000051,ETH,未登记,不可定位,0,无法判定,无法判定,未知,未知,未知,未知,未知,未知,未知,未知,未知,未知,未登记,未登记,未知,a7632909fefcd410f99ea46b0ca9e8c6c0a75f845b8499b8f0e2a6438275e2d2,未知,未知,未复验,IDENTITY_DECLARATION_MISSING,来源提供者;交易场所;市场类型;标的身份;精确合约;数据对象;Schema确切版本;授权边界;字段中文映射;成员编号;资产编号;输入成员SHA-256;声明版本;声明内容SHA-256;Schema指纹;授权快照SHA-256;撤销事实;证据定位,只读取固定声明入口和information_schema注释摘要；不读取业务正文、价格、成交、订单簿、账户或凭据,该成员绑定当前版本九字段、唯一定位、成员/Schema/授权指纹和未撤销事实后追加不可变批次,58cce83072ee34edffde9ffae7b57104f60b49a8c9b051742f17d062b74c86a6,6d8c063c04eb02cc5c403067fed389705afe13e3dc1e8139af0c6163635c8bd2,92e2317ab33808587c45d85260f8470a02dafb044af8ae83dbdfff20668a40b0,8c03c1004e1bd090fdd993a34a45af38ec87a08d6a51bc1b9e186a970b11b952
source-identity-entry-discovery-20260810T054907+0800-2fabb3def319,ZI-e5632d1560b416fda6b4ca83,DS-000052,ETH,未登记,不可定位,0,无法判定,无法判定,未知,未知,未知,未知,未知,未知,未知,未知,未知,未知,未登记,未登记,未知,04143c6927d1275ecc2e6a7ad519ea36c53154683aee2d5e619e273dfbd2c3a5,未知,未知,未复验,IDENTITY_DECLARATION_MISSING,来源提供者;交易场所;市场类型;标的身份;精确合约;数据对象;Schema确切版本;授权边界;字段中文映射;成员编号;资产编号;输入成员SHA-256;声明版本;声明内容SHA-256;Schema指纹;授权快照SHA-256;撤销事实;证据定位,只读取固定声明入口和information_schema注释摘要；不读取业务正文、价格、成交、订单簿、账户或凭据,该成员绑定当前版本九字段、唯一定位、成员/Schema/授权指纹和未撤销事实后追加不可变批次,58cce83072ee34edffde9ffae7b57104f60b49a8c9b051742f17d062b74c86a6,6d8c063c04eb02cc5c403067fed389705afe13e3dc1e8139af0c6163635c8bd2,92e2317ab33808587c45d85260f8470a02dafb044af8ae83dbdfff20668a40b0,f4eb2f3d206886364aa408ff23ba165ea67cc6e54c8934339c9c1fffc5a815c5
source-identity-entry-discovery-20260810T054907+0800-2fabb3def319,ZI-36613e8a21711c7f665cdceb,DS-000053,ETH,未登记,不可定位,0,无法判定,无法判定,未知,未知,未知,未知,未知,未知,未知,未知,未知,未知,未登记,未登记,未知,727c4cd15bbd1028cdcf0542f546b79bdf0b6cf5848a5c9875880c0c1d118d34,未知,未知,未复验,IDENTITY_DECLARATION_MISSING,来源提供者;交易场所;市场类型;标的身份;精确合约;数据对象;Schema确切版本;授权边界;字段中文映射;成员编号;资产编号;输入成员SHA-256;声明版本;声明内容SHA-256;Schema指纹;授权快照SHA-256;撤销事实;证据定位,只读取固定声明入口和information_schema注释摘要；不读取业务正文、价格、成交、订单簿、账户或凭据,该成员绑定当前版本九字段、唯一定位、成员/Schema/授权指纹和未撤销事实后追加不可变批次,58cce83072ee34edffde9ffae7b57104f60b49a8c9b051742f17d062b74c86a6,6d8c063c04eb02cc5c403067fed389705afe13e3dc1e8139af0c6163635c8bd2,92e2317ab33808587c45d85260f8470a02dafb044af8ae83dbdfff20668a40b0,c288dc471da146f31d0cd09aecbc8389b4618ea38b8d798fb741a8b387965ef4
source-identity-entry-discovery-20260810T054907+0800-2fabb3def319,ZI-f4c629efd5d8316c21f8c678,DS-000054,ETH,未登记,不可定位,0,无法判定,无法判定,未知,未知,未知,未知,未知,未知,未知,未知,未知,未知,未登记,未登记,未知,4eca34b92987b0f4628fe992c99d93e94d8dda2644da3ff72acf419a06dd10dc,未知,未知,未复验,IDENTITY_DECLARATION_MISSING,来源提供者;交易场所;市场类型;标的身份;精确合约;数据对象;Schema确切版本;授权边界;字段中文映射;成员编号;资产编号;输入成员SHA-256;声明版本;声明内容SHA-256;Schema指纹;授权快照SHA-256;撤销事实;证据定位,只读取固定声明入口和information_schema注释摘要；不读取业务正文、价格、成交、订单簿、账户或凭据,该成员绑定当前版本九字段、唯一定位、成员/Schema/授权指纹和未撤销事实后追加不可变批次,58cce83072ee34edffde9ffae7b57104f60b49a8c9b051742f17d062b74c86a6,6d8c063c04eb02cc5c403067fed389705afe13e3dc1e8139af0c6163635c8bd2,92e2317ab33808587c45d85260f8470a02dafb044af8ae83dbdfff20668a40b0,5a13ed8b854f322efe446cf24912990ec6a7047d0ebd1961563ed0ca6479b7e8
source-identity-entry-discovery-20260810T054907+0800-2fabb3def319,ZI-e4634a748fc7b2b6cc02f3e9,DS-000055,ETH,未登记,不可定位,0,无法判定,无法判定,未知,未知,未知,未知,未知,未知,未知,未知,未知,未知,未登记,未登记,未知,d7a56bb2b3f2d1353ae1bdb490dd50f66b9a721e38cbd5d20c71732b5afae1f2,未知,未知,未复验,IDENTITY_DECLARATION_MISSING,来源提供者;交易场所;市场类型;标的身份;精确合约;数据对象;Schema确切版本;授权边界;字段中文映射;成员编号;资产编号;输入成员SHA-256;声明版本;声明内容SHA-256;Schema指纹;授权快照SHA-256;撤销事实;证据定位,只读取固定声明入口和information_schema注释摘要；不读取业务正文、价格、成交、订单簿、账户或凭据,该成员绑定当前版本九字段、唯一定位、成员/Schema/授权指纹和未撤销事实后追加不可变批次,58cce83072ee34edffde9ffae7b57104f60b49a8c9b051742f17d062b74c86a6,6d8c063c04eb02cc5c403067fed389705afe13e3dc1e8139af0c6163635c8bd2,92e2317ab33808587c45d85260f8470a02dafb044af8ae83dbdfff20668a40b0,897ffd0cbbb03aed1f48cfdf33005a8fb7ec42d36cb53e20e67c18192ff32839
source-identity-entry-discovery-20260810T054907+0800-2fabb3def319,ZI-125d0435a6188786951e37bd,DS-000056,ETH,未登记,不可定位,0,无法判定,无法判定,未知,未知,未知,未知,未知,未知,未知,未知,未知,未知,未登记,未登记,未知,664065d8bcbfde6ce83948e226f424c3f8c73c2aa7a808c48ca3483bbcfdd2d2,未知,未知,未复验,IDENTITY_DECLARATION_MISSING,来源提供者;交易场所;市场类型;标的身份;精确合约;数据对象;Schema确切版本;授权边界;字段中文映射;成员编号;资产编号;输入成员SHA-256;声明版本;声明内容SHA-256;Schema指纹;授权快照SHA-256;撤销事实;证据定位,只读取固定声明入口和information_schema注释摘要；不读取业务正文、价格、成交、订单簿、账户或凭据,该成员绑定当前版本九字段、唯一定位、成员/Schema/授权指纹和未撤销事实后追加不可变批次,58cce83072ee34edffde9ffae7b57104f60b49a8c9b051742f17d062b74c86a6,6d8c063c04eb02cc5c403067fed389705afe13e3dc1e8139af0c6163635c8bd2,92e2317ab33808587c45d85260f8470a02dafb044af8ae83dbdfff20668a40b0,3ddaf0a84da6238a4586595cbdc2475575c623af8db8c16a205b147ca5db8cc6
source-identity-entry-discovery-20260810T054907+0800-2fabb3def319,ZI-6ac98ad98d740090a661a47d,DS-000057,ETH,未登记,不可定位,0,无法判定,无法判定,未知,未知,未知,未知,未知,未知,未知,未知,未知,未知,未登记,未登记,未知,ae21fda5c0653f332e55a07d8845e164909d455385ec75880755b67592ab6e08,未知,未知,未复验,IDENTITY_DECLARATION_MISSING,来源提供者;交易场所;市场类型;标的身份;精确合约;数据对象;Schema确切版本;授权边界;字段中文映射;成员编号;资产编号;输入成员SHA-256;声明版本;声明内容SHA-256;Schema指纹;授权快照SHA-256;撤销事实;证据定位,只读取固定声明入口和information_schema注释摘要；不读取业务正文、价格、成交、订单簿、账户或凭据,该成员绑定当前版本九字段、唯一定位、成员/Schema/授权指纹和未撤销事实后追加不可变批次,58cce83072ee34edffde9ffae7b57104f60b49a8c9b051742f17d062b74c86a6,6d8c063c04eb02cc5c403067fed389705afe13e3dc1e8139af0c6163635c8bd2,92e2317ab33808587c45d85260f8470a02dafb044af8ae83dbdfff20668a40b0,1ec2995c31bac50201710af366af868757cb96f0836a732a33b8605605f4a95e
source-identity-entry-discovery-20260810T054907+0800-2fabb3def319,ZI-d09b0bb4a95fd5e64f650483,DS-000058,ETH,未登记,不可定位,0,无法判定,无法判定,未知,未知,未知,未知,未知,未知,未知,未知,未知,未知,未登记,未登记,未知,c660829578896811167b8d845c14d303efa2e3f8b50e904d73e411784995991a,未知,未知,未复验,IDENTITY_DECLARATION_MISSING,来源提供者;交易场所;市场类型;标的身份;精确合约;数据对象;Schema确切版本;授权边界;字段中文映射;成员编号;资产编号;输入成员SHA-256;声明版本;声明内容SHA-256;Schema指纹;授权快照SHA-256;撤销事实;证据定位,只读取固定声明入口和information_schema注释摘要；不读取业务正文、价格、成交、订单簿、账户或凭据,该成员绑定当前版本九字段、唯一定位、成员/Schema/授权指纹和未撤销事实后追加不可变批次,58cce83072ee34edffde9ffae7b57104f60b49a8c9b051742f17d062b74c86a6,6d8c063c04eb02cc5c403067fed389705afe13e3dc1e8139af0c6163635c8bd2,92e2317ab33808587c45d85260f8470a02dafb044af8ae83dbdfff20668a40b0,fc6b47bb051b2357ebb0145b4a9022f783af47fa9d38202151cc0dbd8aaad717
source-identity-entry-discovery-20260810T054907+0800-2fabb3def319,ZI-167d01818b56710ddbafb446,DS-000059,ETH,未登记,不可定位,0,无法判定,无法判定,未知,未知,未知,未知,未知,未知,未知,未知,未知,未知,未登记,未登记,未知,6ab67b288358b14fec04f0192375baa6f051a76cf8cbe96f4f6da90007923591,未知,未知,未复验,IDENTITY_DECLARATION_MISSING,来源提供者;交易场所;市场类型;标的身份;精确合约;数据对象;Schema确切版本;授权边界;字段中文映射;成员编号;资产编号;输入成员SHA-256;声明版本;声明内容SHA-256;Schema指纹;授权快照SHA-256;撤销事实;证据定位,只读取固定声明入口和information_schema注释摘要；不读取业务正文、价格、成交、订单簿、账户或凭据,该成员绑定当前版本九字段、唯一定位、成员/Schema/授权指纹和未撤销事实后追加不可变批次,58cce83072ee34edffde9ffae7b57104f60b49a8c9b051742f17d062b74c86a6,6d8c063c04eb02cc5c403067fed389705afe13e3dc1e8139af0c6163635c8bd2,92e2317ab33808587c45d85260f8470a02dafb044af8ae83dbdfff20668a40b0,e045090d6d829d1163fc1a26f8abcc7801be81ac18a6a68dc4812c8dbf56e7b2
source-identity-entry-discovery-20260810T054907+0800-2fabb3def319,ZI-3d63384c465a5614a4b1b48e,DS-000060,ETH,未登记,不可定位,0,无法判定,无法判定,未知,未知,未知,未知,未知,未知,未知,未知,未知,未知,未登记,未登记,未知,adf7fdba5eb0d647d00287e9447a608eb8c49dc7152886e47ac7594111d44ddd,未知,未知,未复验,IDENTITY_DECLARATION_MISSING,来源提供者;交易场所;市场类型;标的身份;精确合约;数据对象;Schema确切版本;授权边界;字段中文映射;成员编号;资产编号;输入成员SHA-256;声明版本;声明内容SHA-256;Schema指纹;授权快照SHA-256;撤销事实;证据定位,只读取固定声明入口和information_schema注释摘要；不读取业务正文、价格、成交、订单簿、账户或凭据,该成员绑定当前版本九字段、唯一定位、成员/Schema/授权指纹和未撤销事实后追加不可变批次,58cce83072ee34edffde9ffae7b57104f60b49a8c9b051742f17d062b74c86a6,6d8c063c04eb02cc5c403067fed389705afe13e3dc1e8139af0c6163635c8bd2,92e2317ab33808587c45d85260f8470a02dafb044af8ae83dbdfff20668a40b0,2065ecbb4ef581b4851d7a5faad32ddc49f4dad6a336cc50ef582c9e55cfb849
source-identity-entry-discovery-20260810T054907+0800-2fabb3def319,ZI-8d3158324830bcdf98c9179e,DS-000061,ETH,未登记,不可定位,0,无法判定,无法判定,未知,未知,未知,未知,未知,未知,未知,未知,未知,未知,未登记,未登记,未知,3a5d875afbc06a8c4e2c1bfabdef47e60bab08f23564741f433dc66b18ada1f9,未知,未知,未复验,IDENTITY_DECLARATION_MISSING,来源提供者;交易场所;市场类型;标的身份;精确合约;数据对象;Schema确切版本;授权边界;字段中文映射;成员编号;资产编号;输入成员SHA-256;声明版本;声明内容SHA-256;Schema指纹;授权快照SHA-256;撤销事实;证据定位,只读取固定声明入口和information_schema注释摘要；不读取业务正文、价格、成交、订单簿、账户或凭据,该成员绑定当前版本九字段、唯一定位、成员/Schema/授权指纹和未撤销事实后追加不可变批次,58cce83072ee34edffde9ffae7b57104f60b49a8c9b051742f17d062b74c86a6,6d8c063c04eb02cc5c403067fed389705afe13e3dc1e8139af0c6163635c8bd2,92e2317ab33808587c45d85260f8470a02dafb044af8ae83dbdfff20668a40b0,3f0272651ae6a5ef26f0db7ea14af3d9371cc8dedcbfdf87799d81857c667445
source-identity-entry-discovery-20260810T054907+0800-2fabb3def319,ZI-14f914d1a3448c90648032d9,DS-000062,ETH,未登记,不可定位,0,无法判定,无法判定,未知,未知,未知,未知,未知,未知,未知,未知,未知,未知,未登记,未登记,未知,5710a895d201ba1fbc94beb00d9e2422377065f1fd515e16b50be19199c8a5ec,未知,未知,未复验,IDENTITY_DECLARATION_MISSING,来源提供者;交易场所;市场类型;标的身份;精确合约;数据对象;Schema确切版本;授权边界;字段中文映射;成员编号;资产编号;输入成员SHA-256;声明版本;声明内容SHA-256;Schema指纹;授权快照SHA-256;撤销事实;证据定位,只读取固定声明入口和information_schema注释摘要；不读取业务正文、价格、成交、订单簿、账户或凭据,该成员绑定当前版本九字段、唯一定位、成员/Schema/授权指纹和未撤销事实后追加不可变批次,58cce83072ee34edffde9ffae7b57104f60b49a8c9b051742f17d062b74c86a6,6d8c063c04eb02cc5c403067fed389705afe13e3dc1e8139af0c6163635c8bd2,92e2317ab33808587c45d85260f8470a02dafb044af8ae83dbdfff20668a40b0,04eee07612aed04409b3406f6270b37259033ac52f98f1901c81600f31ac778c
source-identity-entry-discovery-20260810T054907+0800-2fabb3def319,ZI-f5bddcb87511d45ac7c5987a,DS-000063,ETH,未登记,不可定位,0,无法判定,无法判定,未知,未知,未知,未知,未知,未知,未知,未知,未知,未知,未登记,未登记,未知,26a4dec78e9ebed059e05fe413141f5a5cc7f1dfcb2dd638b319e4006f4ae6b7,未知,未知,未复验,IDENTITY_DECLARATION_MISSING,来源提供者;交易场所;市场类型;标的身份;精确合约;数据对象;Schema确切版本;授权边界;字段中文映射;成员编号;资产编号;输入成员SHA-256;声明版本;声明内容SHA-256;Schema指纹;授权快照SHA-256;撤销事实;证据定位,只读取固定声明入口和information_schema注释摘要；不读取业务正文、价格、成交、订单簿、账户或凭据,该成员绑定当前版本九字段、唯一定位、成员/Schema/授权指纹和未撤销事实后追加不可变批次,58cce83072ee34edffde9ffae7b57104f60b49a8c9b051742f17d062b74c86a6,6d8c063c04eb02cc5c403067fed389705afe13e3dc1e8139af0c6163635c8bd2,92e2317ab33808587c45d85260f8470a02dafb044af8ae83dbdfff20668a40b0,07d2d779b854e8379540ae0880b9d3ea581972ef407635e199a89095965adbee
source-identity-entry-discovery-20260810T054907+0800-2fabb3def319,ZI-fd3d75813aed695a0688a269,DS-000064,ETH,未登记,不可定位,0,无法判定,无法判定,未知,未知,未知,未知,未知,未知,未知,未知,未知,未知,未登记,未登记,未知,f1f6b00f8921b2167b1f004ba0cb0abd4ef1f7fa7f4123aa449bed5a319e5b47,未知,未知,未复验,IDENTITY_DECLARATION_MISSING,来源提供者;交易场所;市场类型;标的身份;精确合约;数据对象;Schema确切版本;授权边界;字段中文映射;成员编号;资产编号;输入成员SHA-256;声明版本;声明内容SHA-256;Schema指纹;授权快照SHA-256;撤销事实;证据定位,只读取固定声明入口和information_schema注释摘要；不读取业务正文、价格、成交、订单簿、账户或凭据,该成员绑定当前版本九字段、唯一定位、成员/Schema/授权指纹和未撤销事实后追加不可变批次,58cce83072ee34edffde9ffae7b57104f60b49a8c9b051742f17d062b74c86a6,6d8c063c04eb02cc5c403067fed389705afe13e3dc1e8139af0c6163635c8bd2,92e2317ab33808587c45d85260f8470a02dafb044af8ae83dbdfff20668a40b0,247769729403bef40abfcf939c4c528aa7b6590df0049ec64786a55ee0cf91ed
source-identity-entry-discovery-20260810T054907+0800-2fabb3def319,ZI-6d753e7102fc438113a8a225,DS-000065,ETH,未登记,不可定位,0,无法判定,无法判定,未知,未知,未知,未知,未知,未知,未知,未知,未知,未知,未登记,未登记,未知,eab3d84b522308f2ae60c693e4d4eaa4a5821cd91eba8b0d32793da5476732a3,未知,未知,未复验,IDENTITY_DECLARATION_MISSING,来源提供者;交易场所;市场类型;标的身份;精确合约;数据对象;Schema确切版本;授权边界;字段中文映射;成员编号;资产编号;输入成员SHA-256;声明版本;声明内容SHA-256;Schema指纹;授权快照SHA-256;撤销事实;证据定位,只读取固定声明入口和information_schema注释摘要；不读取业务正文、价格、成交、订单簿、账户或凭据,该成员绑定当前版本九字段、唯一定位、成员/Schema/授权指纹和未撤销事实后追加不可变批次,58cce83072ee34edffde9ffae7b57104f60b49a8c9b051742f17d062b74c86a6,6d8c063c04eb02cc5c403067fed389705afe13e3dc1e8139af0c6163635c8bd2,92e2317ab33808587c45d85260f8470a02dafb044af8ae83dbdfff20668a40b0,10d9b19a1011b63834bcc5f3f0192a4a5c586e3e0f6f7cf7197fbc1b9be4b071
source-identity-entry-discovery-20260810T054907+0800-2fabb3def319,ZI-cdc9825ab05b1fb6098704fa,DS-000066,ETH,未登记,不可定位,0,无法判定,无法判定,未知,未知,未知,未知,未知,未知,未知,未知,未知,未知,未登记,未登记,未知,b4c1118b099f8af0e0124bcd8ab32c7080e4c77c9db562d06a2ddfb0aaef470f,未知,未知,未复验,IDENTITY_DECLARATION_MISSING,来源提供者;交易场所;市场类型;标的身份;精确合约;数据对象;Schema确切版本;授权边界;字段中文映射;成员编号;资产编号;输入成员SHA-256;声明版本;声明内容SHA-256;Schema指纹;授权快照SHA-256;撤销事实;证据定位,只读取固定声明入口和information_schema注释摘要；不读取业务正文、价格、成交、订单簿、账户或凭据,该成员绑定当前版本九字段、唯一定位、成员/Schema/授权指纹和未撤销事实后追加不可变批次,58cce83072ee34edffde9ffae7b57104f60b49a8c9b051742f17d062b74c86a6,6d8c063c04eb02cc5c403067fed389705afe13e3dc1e8139af0c6163635c8bd2,92e2317ab33808587c45d85260f8470a02dafb044af8ae83dbdfff20668a40b0,230158b90c63e196a0633899ce8409cf9f8a3cc545918a1ed1f2805d38032491
source-identity-entry-discovery-20260810T054907+0800-2fabb3def319,ZI-debdc43209a47ad26d2b1bd3,DS-000067,ETH,未登记,不可定位,0,无法判定,无法判定,未知,未知,未知,未知,未知,未知,未知,未知,未知,未知,未登记,未登记,未知,0aacf650e5c210dc3a2f861d8ec121819cbf065be98ebffdaefac4f009fe321b,未知,未知,未复验,IDENTITY_DECLARATION_MISSING,来源提供者;交易场所;市场类型;标的身份;精确合约;数据对象;Schema确切版本;授权边界;字段中文映射;成员编号;资产编号;输入成员SHA-256;声明版本;声明内容SHA-256;Schema指纹;授权快照SHA-256;撤销事实;证据定位,只读取固定声明入口和information_schema注释摘要；不读取业务正文、价格、成交、订单簿、账户或凭据,该成员绑定当前版本九字段、唯一定位、成员/Schema/授权指纹和未撤销事实后追加不可变批次,58cce83072ee34edffde9ffae7b57104f60b49a8c9b051742f17d062b74c86a6,6d8c063c04eb02cc5c403067fed389705afe13e3dc1e8139af0c6163635c8bd2,92e2317ab33808587c45d85260f8470a02dafb044af8ae83dbdfff20668a40b0,0d814c02ef92c7f8452b8a7619c837b098bdd1fc280b1df7dbf203f1793edce5
source-identity-entry-discovery-20260810T054907+0800-2fabb3def319,ZI-7d00e7e8b9a85ec6bb065156,DS-000068,ETH,未登记,不可定位,0,无法判定,无法判定,未知,未知,未知,未知,未知,未知,未知,未知,未知,未知,未登记,未登记,未知,db30c154a1919ffb0c2c0e6029d2f69014247f83417003c9f872c26cf0a21977,未知,未知,未复验,IDENTITY_DECLARATION_MISSING,来源提供者;交易场所;市场类型;标的身份;精确合约;数据对象;Schema确切版本;授权边界;字段中文映射;成员编号;资产编号;输入成员SHA-256;声明版本;声明内容SHA-256;Schema指纹;授权快照SHA-256;撤销事实;证据定位,只读取固定声明入口和information_schema注释摘要；不读取业务正文、价格、成交、订单簿、账户或凭据,该成员绑定当前版本九字段、唯一定位、成员/Schema/授权指纹和未撤销事实后追加不可变批次,58cce83072ee34edffde9ffae7b57104f60b49a8c9b051742f17d062b74c86a6,6d8c063c04eb02cc5c403067fed389705afe13e3dc1e8139af0c6163635c8bd2,92e2317ab33808587c45d85260f8470a02dafb044af8ae83dbdfff20668a40b0,516062b665322ed79fcaecbecd57e4747e428725f0669e412bc1c407e7e73193
source-identity-entry-discovery-20260810T054907+0800-2fabb3def319,ZI-130612ec6f518786293a81bb,DS-000069,ETH,未登记,不可定位,0,无法判定,无法判定,未知,未知,未知,未知,未知,未知,未知,未知,未知,未知,未登记,未登记,未知,94ab5dc58dcd90b5be0cd9c24412f3966fe4b99eb33d8a5f3620a6854ac8143e,未知,未知,未复验,IDENTITY_DECLARATION_MISSING,来源提供者;交易场所;市场类型;标的身份;精确合约;数据对象;Schema确切版本;授权边界;字段中文映射;成员编号;资产编号;输入成员SHA-256;声明版本;声明内容SHA-256;Schema指纹;授权快照SHA-256;撤销事实;证据定位,只读取固定声明入口和information_schema注释摘要；不读取业务正文、价格、成交、订单簿、账户或凭据,该成员绑定当前版本九字段、唯一定位、成员/Schema/授权指纹和未撤销事实后追加不可变批次,58cce83072ee34edffde9ffae7b57104f60b49a8c9b051742f17d062b74c86a6,6d8c063c04eb02cc5c403067fed389705afe13e3dc1e8139af0c6163635c8bd2,92e2317ab33808587c45d85260f8470a02dafb044af8ae83dbdfff20668a40b0,5bdbdacd19c11ddc5e9d5b5b4d8e755abb1d1de288f85ec548f7f44ea492dd90
source-identity-entry-discovery-20260810T054907+0800-2fabb3def319,ZI-65b40787d4fc73554e42a24e,DS-000070,ETH,未登记,不可定位,0,无法判定,无法判定,未知,未知,未知,未知,未知,未知,未知,未知,未知,未知,未登记,未登记,未知,b04d9cf5f0550dd3b100f17db6b09f4e9755f27bc2dfb80444837b7bdeece9f7,未知,未知,未复验,IDENTITY_DECLARATION_MISSING,来源提供者;交易场所;市场类型;标的身份;精确合约;数据对象;Schema确切版本;授权边界;字段中文映射;成员编号;资产编号;输入成员SHA-256;声明版本;声明内容SHA-256;Schema指纹;授权快照SHA-256;撤销事实;证据定位,只读取固定声明入口和information_schema注释摘要；不读取业务正文、价格、成交、订单簿、账户或凭据,该成员绑定当前版本九字段、唯一定位、成员/Schema/授权指纹和未撤销事实后追加不可变批次,58cce83072ee34edffde9ffae7b57104f60b49a8c9b051742f17d062b74c86a6,6d8c063c04eb02cc5c403067fed389705afe13e3dc1e8139af0c6163635c8bd2,92e2317ab33808587c45d85260f8470a02dafb044af8ae83dbdfff20668a40b0,693cf397803c5479f2a3746dd276582cd0f57ded6333c0c68f05898975135a1c
source-identity-entry-discovery-20260810T054907+0800-2fabb3def319,ZI-2e5b11987f0893e154b4a226,DS-000071,ETH,未登记,不可定位,0,无法判定,无法判定,未知,未知,未知,未知,未知,未知,未知,未知,未知,未知,未登记,未登记,未知,0862e2f5ee203957cf6bdf9e0cccea6c1bd224b6343746e2c26cb9d1aefecc2a,未知,未知,未复验,IDENTITY_DECLARATION_MISSING,来源提供者;交易场所;市场类型;标的身份;精确合约;数据对象;Schema确切版本;授权边界;字段中文映射;成员编号;资产编号;输入成员SHA-256;声明版本;声明内容SHA-256;Schema指纹;授权快照SHA-256;撤销事实;证据定位,只读取固定声明入口和information_schema注释摘要；不读取业务正文、价格、成交、订单簿、账户或凭据,该成员绑定当前版本九字段、唯一定位、成员/Schema/授权指纹和未撤销事实后追加不可变批次,58cce83072ee34edffde9ffae7b57104f60b49a8c9b051742f17d062b74c86a6,6d8c063c04eb02cc5c403067fed389705afe13e3dc1e8139af0c6163635c8bd2,92e2317ab33808587c45d85260f8470a02dafb044af8ae83dbdfff20668a40b0,464169e6aee6a48aaf4911554693ec8ae70259eb6c4f442f9f29aa61b9265017
source-identity-entry-discovery-20260810T054907+0800-2fabb3def319,ZI-8a724c2b2b2310e8ea456a6c,DS-000072,ETH,未登记,不可定位,0,无法判定,无法判定,未知,未知,未知,未知,未知,未知,未知,未知,未知,未知,未登记,未登记,未知,15027222020681861caf23abd321393fbb4237b3f83100c4b4534386b40b95c7,未知,未知,未复验,IDENTITY_DECLARATION_MISSING,来源提供者;交易场所;市场类型;标的身份;精确合约;数据对象;Schema确切版本;授权边界;字段中文映射;成员编号;资产编号;输入成员SHA-256;声明版本;声明内容SHA-256;Schema指纹;授权快照SHA-256;撤销事实;证据定位,只读取固定声明入口和information_schema注释摘要；不读取业务正文、价格、成交、订单簿、账户或凭据,该成员绑定当前版本九字段、唯一定位、成员/Schema/授权指纹和未撤销事实后追加不可变批次,58cce83072ee34edffde9ffae7b57104f60b49a8c9b051742f17d062b74c86a6,6d8c063c04eb02cc5c403067fed389705afe13e3dc1e8139af0c6163635c8bd2,92e2317ab33808587c45d85260f8470a02dafb044af8ae83dbdfff20668a40b0,d3e9d3ef298ef6f1d0edff3a3b4aaf506401d3ec310c64f3fd387fca1070b05b
source-identity-entry-discovery-20260810T054907+0800-2fabb3def319,ZI-8ff34b76a144e3416ff2ba0a,DS-000073,ETH,未登记,不可定位,0,无法判定,无法判定,未知,未知,未知,未知,未知,未知,未知,未知,未知,未知,未登记,未登记,未知,2deca25c4bce98ed07321e7eac5d762f307f7f056c5ce4b08ebd7b4b8f4c7364,未知,未知,未复验,IDENTITY_DECLARATION_MISSING,来源提供者;交易场所;市场类型;标的身份;精确合约;数据对象;Schema确切版本;授权边界;字段中文映射;成员编号;资产编号;输入成员SHA-256;声明版本;声明内容SHA-256;Schema指纹;授权快照SHA-256;撤销事实;证据定位,只读取固定声明入口和information_schema注释摘要；不读取业务正文、价格、成交、订单簿、账户或凭据,该成员绑定当前版本九字段、唯一定位、成员/Schema/授权指纹和未撤销事实后追加不可变批次,58cce83072ee34edffde9ffae7b57104f60b49a8c9b051742f17d062b74c86a6,6d8c063c04eb02cc5c403067fed389705afe13e3dc1e8139af0c6163635c8bd2,92e2317ab33808587c45d85260f8470a02dafb044af8ae83dbdfff20668a40b0,ddd244ed69d80494f77b00f79cc2bdc4e15f3bcd5c35621b47fb03b9e3c36f1a
source-identity-entry-discovery-20260810T054907+0800-2fabb3def319,ZI-2dab989667e2e000a36be458,DS-000074,ETH,未登记,不可定位,0,无法判定,无法判定,未知,未知,未知,未知,未知,未知,未知,未知,未知,未知,未登记,未登记,未知,ac5b354c4a5253401a4abe672fd70623e5d2f3a6022e2de9dfe19e3d64c073bb,未知,未知,未复验,IDENTITY_DECLARATION_MISSING,来源提供者;交易场所;市场类型;标的身份;精确合约;数据对象;Schema确切版本;授权边界;字段中文映射;成员编号;资产编号;输入成员SHA-256;声明版本;声明内容SHA-256;Schema指纹;授权快照SHA-256;撤销事实;证据定位,只读取固定声明入口和information_schema注释摘要；不读取业务正文、价格、成交、订单簿、账户或凭据,该成员绑定当前版本九字段、唯一定位、成员/Schema/授权指纹和未撤销事实后追加不可变批次,58cce83072ee34edffde9ffae7b57104f60b49a8c9b051742f17d062b74c86a6,6d8c063c04eb02cc5c403067fed389705afe13e3dc1e8139af0c6163635c8bd2,92e2317ab33808587c45d85260f8470a02dafb044af8ae83dbdfff20668a40b0,a9e3ded72da030006529757de136302109f288525e60d37691caf47c8364410c
source-identity-entry-discovery-20260810T054907+0800-2fabb3def319,ZI-34c79640d21e2dca7bd200b8,DS-000075,ETH,未登记,不可定位,0,无法判定,无法判定,未知,未知,未知,未知,未知,未知,未知,未知,未知,未知,未登记,未登记,未知,e5adabe624a278724b6ce1f97aeb2e7478b7ef0b117219951e3dd57b9a70dab7,未知,未知,未复验,IDENTITY_DECLARATION_MISSING,来源提供者;交易场所;市场类型;标的身份;精确合约;数据对象;Schema确切版本;授权边界;字段中文映射;成员编号;资产编号;输入成员SHA-256;声明版本;声明内容SHA-256;Schema指纹;授权快照SHA-256;撤销事实;证据定位,只读取固定声明入口和information_schema注释摘要；不读取业务正文、价格、成交、订单簿、账户或凭据,该成员绑定当前版本九字段、唯一定位、成员/Schema/授权指纹和未撤销事实后追加不可变批次,58cce83072ee34edffde9ffae7b57104f60b49a8c9b051742f17d062b74c86a6,6d8c063c04eb02cc5c403067fed389705afe13e3dc1e8139af0c6163635c8bd2,92e2317ab33808587c45d85260f8470a02dafb044af8ae83dbdfff20668a40b0,f582f51dd2e35a0f11af0f11f891920d03b69755600fad8fcfe431fc9b0e3f6a
source-identity-entry-discovery-20260810T054907+0800-2fabb3def319,ZI-71226df9ffc076a6def96779,DS-000076,ETH,未登记,不可定位,0,无法判定,无法判定,未知,未知,未知,未知,未知,未知,未知,未知,未知,未知,未登记,未登记,未知,e8f121115255b3f336495618342f8a1f0e4377727cdcd8fbf7e7f6007899d3c1,未知,未知,未复验,IDENTITY_DECLARATION_MISSING,来源提供者;交易场所;市场类型;标的身份;精确合约;数据对象;Schema确切版本;授权边界;字段中文映射;成员编号;资产编号;输入成员SHA-256;声明版本;声明内容SHA-256;Schema指纹;授权快照SHA-256;撤销事实;证据定位,只读取固定声明入口和information_schema注释摘要；不读取业务正文、价格、成交、订单簿、账户或凭据,该成员绑定当前版本九字段、唯一定位、成员/Schema/授权指纹和未撤销事实后追加不可变批次,58cce83072ee34edffde9ffae7b57104f60b49a8c9b051742f17d062b74c86a6,6d8c063c04eb02cc5c403067fed389705afe13e3dc1e8139af0c6163635c8bd2,92e2317ab33808587c45d85260f8470a02dafb044af8ae83dbdfff20668a40b0,f17aa27143bb35b89cca97ac31a95f42a520c905ffb4438aaa3b5dbf05a32f11
source-identity-entry-discovery-20260810T054907+0800-2fabb3def319,ZI-b211253f6cb6a849fbcb8b9b,DS-000077,ETH,未登记,不可定位,0,无法判定,无法判定,未知,未知,未知,未知,未知,未知,未知,未知,未知,未知,未登记,未登记,未知,b93cbc4a97f28e776414cc96ef1c9b6d33baf46dedf6542fc40b5f24ebb90aab,未知,未知,未复验,IDENTITY_DECLARATION_MISSING,来源提供者;交易场所;市场类型;标的身份;精确合约;数据对象;Schema确切版本;授权边界;字段中文映射;成员编号;资产编号;输入成员SHA-256;声明版本;声明内容SHA-256;Schema指纹;授权快照SHA-256;撤销事实;证据定位,只读取固定声明入口和information_schema注释摘要；不读取业务正文、价格、成交、订单簿、账户或凭据,该成员绑定当前版本九字段、唯一定位、成员/Schema/授权指纹和未撤销事实后追加不可变批次,58cce83072ee34edffde9ffae7b57104f60b49a8c9b051742f17d062b74c86a6,6d8c063c04eb02cc5c403067fed389705afe13e3dc1e8139af0c6163635c8bd2,92e2317ab33808587c45d85260f8470a02dafb044af8ae83dbdfff20668a40b0,81998ecfe696aec272636da5026af0dd8d6aaba98f2fae889140ef8d601c378e
source-identity-entry-discovery-20260810T054907+0800-2fabb3def319,ZI-3be31e2ad7066adca6b49b55,DS-000078,ETH,未登记,不可定位,0,无法判定,无法判定,未知,未知,未知,未知,未知,未知,未知,未知,未知,未知,未登记,未登记,未知,9ff25aec656063d50358c451f21569aac06eaec60abb7eb1209d023004fcd058,未知,未知,未复验,IDENTITY_DECLARATION_MISSING,来源提供者;交易场所;市场类型;标的身份;精确合约;数据对象;Schema确切版本;授权边界;字段中文映射;成员编号;资产编号;输入成员SHA-256;声明版本;声明内容SHA-256;Schema指纹;授权快照SHA-256;撤销事实;证据定位,只读取固定声明入口和information_schema注释摘要；不读取业务正文、价格、成交、订单簿、账户或凭据,该成员绑定当前版本九字段、唯一定位、成员/Schema/授权指纹和未撤销事实后追加不可变批次,58cce83072ee34edffde9ffae7b57104f60b49a8c9b051742f17d062b74c86a6,6d8c063c04eb02cc5c403067fed389705afe13e3dc1e8139af0c6163635c8bd2,92e2317ab33808587c45d85260f8470a02dafb044af8ae83dbdfff20668a40b0,b9574ea3f9bf674bd5192aebaca503f6ffca12e5a20191ed772e09ee2ffb275c
source-identity-entry-discovery-20260810T054907+0800-2fabb3def319,ZI-f028549bbcd5063bf447769f,DS-000079,ETH,未登记,不可定位,0,无法判定,无法判定,未知,未知,未知,未知,未知,未知,未知,未知,未知,未知,未登记,未登记,未知,2b9634a627f69599a77aa29fa4a7056feb846f6a024ecdb8f55a1c04aa95fea2,未知,未知,未复验,IDENTITY_DECLARATION_MISSING,来源提供者;交易场所;市场类型;标的身份;精确合约;数据对象;Schema确切版本;授权边界;字段中文映射;成员编号;资产编号;输入成员SHA-256;声明版本;声明内容SHA-256;Schema指纹;授权快照SHA-256;撤销事实;证据定位,只读取固定声明入口和information_schema注释摘要；不读取业务正文、价格、成交、订单簿、账户或凭据,该成员绑定当前版本九字段、唯一定位、成员/Schema/授权指纹和未撤销事实后追加不可变批次,58cce83072ee34edffde9ffae7b57104f60b49a8c9b051742f17d062b74c86a6,6d8c063c04eb02cc5c403067fed389705afe13e3dc1e8139af0c6163635c8bd2,92e2317ab33808587c45d85260f8470a02dafb044af8ae83dbdfff20668a40b0,950c954edbff919c73cd95351ba3d9d859ae229f9e803558e003d09b367f86f1
source-identity-entry-discovery-20260810T054907+0800-2fabb3def319,ZI-5cb1f0e0a0d3ea04cec7f2db,DS-000080,ETH,未登记,不可定位,0,无法判定,无法判定,未知,未知,未知,未知,未知,未知,未知,未知,未知,未知,未登记,未登记,未知,3af20a52811a89980b8cf09252253e548c5f6c7fe76c96012651febe29bb1e22,未知,未知,未复验,IDENTITY_DECLARATION_MISSING,来源提供者;交易场所;市场类型;标的身份;精确合约;数据对象;Schema确切版本;授权边界;字段中文映射;成员编号;资产编号;输入成员SHA-256;声明版本;声明内容SHA-256;Schema指纹;授权快照SHA-256;撤销事实;证据定位,只读取固定声明入口和information_schema注释摘要；不读取业务正文、价格、成交、订单簿、账户或凭据,该成员绑定当前版本九字段、唯一定位、成员/Schema/授权指纹和未撤销事实后追加不可变批次,58cce83072ee34edffde9ffae7b57104f60b49a8c9b051742f17d062b74c86a6,6d8c063c04eb02cc5c403067fed389705afe13e3dc1e8139af0c6163635c8bd2,92e2317ab33808587c45d85260f8470a02dafb044af8ae83dbdfff20668a40b0,ac53395f256d75765342c66cf7c946231ca992252c80b401898b34deb7d9b6bd
source-identity-entry-discovery-20260810T054907+0800-2fabb3def319,ZI-c554be2524b6ac56420322df,DS-000081,ETH,未登记,不可定位,0,无法判定,无法判定,未知,未知,未知,未知,未知,未知,未知,未知,未知,未知,未登记,未登记,未知,b20c3eb4b0ee8495a9cdc66b7a345404f395cee265413ff67af9890cc47ff5f5,未知,未知,未复验,IDENTITY_DECLARATION_MISSING,来源提供者;交易场所;市场类型;标的身份;精确合约;数据对象;Schema确切版本;授权边界;字段中文映射;成员编号;资产编号;输入成员SHA-256;声明版本;声明内容SHA-256;Schema指纹;授权快照SHA-256;撤销事实;证据定位,只读取固定声明入口和information_schema注释摘要；不读取业务正文、价格、成交、订单簿、账户或凭据,该成员绑定当前版本九字段、唯一定位、成员/Schema/授权指纹和未撤销事实后追加不可变批次,58cce83072ee34edffde9ffae7b57104f60b49a8c9b051742f17d062b74c86a6,6d8c063c04eb02cc5c403067fed389705afe13e3dc1e8139af0c6163635c8bd2,92e2317ab33808587c45d85260f8470a02dafb044af8ae83dbdfff20668a40b0,78957566812827ecda758708addf7110865da4c9761c0e0e0e90e9df2f92ad1a
source-identity-entry-discovery-20260810T054907+0800-2fabb3def319,ZI-4436ad9b42c6f806385bd6b4,DS-000082,ETH,未登记,不可定位,0,无法判定,无法判定,未知,未知,未知,未知,未知,未知,未知,未知,未知,未知,未登记,未登记,未知,a3c34f7777e1788e6f6a999275acf640777e31dfb5589bc25492af521c3e994a,未知,未知,未复验,IDENTITY_DECLARATION_MISSING,来源提供者;交易场所;市场类型;标的身份;精确合约;数据对象;Schema确切版本;授权边界;字段中文映射;成员编号;资产编号;输入成员SHA-256;声明版本;声明内容SHA-256;Schema指纹;授权快照SHA-256;撤销事实;证据定位,只读取固定声明入口和information_schema注释摘要；不读取业务正文、价格、成交、订单簿、账户或凭据,该成员绑定当前版本九字段、唯一定位、成员/Schema/授权指纹和未撤销事实后追加不可变批次,58cce83072ee34edffde9ffae7b57104f60b49a8c9b051742f17d062b74c86a6,6d8c063c04eb02cc5c403067fed389705afe13e3dc1e8139af0c6163635c8bd2,92e2317ab33808587c45d85260f8470a02dafb044af8ae83dbdfff20668a40b0,c1f368ddcfcd01d233cd57c6135e3941d7000ce9ae81c01a5b5a5cbf7b3bff7d
source-identity-entry-discovery-20260810T054907+0800-2fabb3def319,ZI-dc802620a1660401748ba4f1,DS-000083,ETH,未登记,不可定位,0,无法判定,无法判定,未知,未知,未知,未知,未知,未知,未知,未知,未知,未知,未登记,未登记,未知,2451e8638c8430d0a501abd81a4c6d6bf80512a1dab2010897c17132c0c7480e,未知,未知,未复验,IDENTITY_DECLARATION_MISSING,来源提供者;交易场所;市场类型;标的身份;精确合约;数据对象;Schema确切版本;授权边界;字段中文映射;成员编号;资产编号;输入成员SHA-256;声明版本;声明内容SHA-256;Schema指纹;授权快照SHA-256;撤销事实;证据定位,只读取固定声明入口和information_schema注释摘要；不读取业务正文、价格、成交、订单簿、账户或凭据,该成员绑定当前版本九字段、唯一定位、成员/Schema/授权指纹和未撤销事实后追加不可变批次,58cce83072ee34edffde9ffae7b57104f60b49a8c9b051742f17d062b74c86a6,6d8c063c04eb02cc5c403067fed389705afe13e3dc1e8139af0c6163635c8bd2,92e2317ab33808587c45d85260f8470a02dafb044af8ae83dbdfff20668a40b0,cdb9243c2e5277933ec05be5cff1823ee1e28dc5ad8976c3581434233ff4de2a
source-identity-entry-discovery-20260810T054907+0800-2fabb3def319,ZI-3f209003d99517aaa9d196de,DS-000084,ETH,未登记,不可定位,0,无法判定,无法判定,未知,未知,未知,未知,未知,未知,未知,未知,未知,未知,未登记,未登记,未知,445c3db6bd19d4f5548639c800454f126f0076372a493802613cf5800bcfd8e3,未知,未知,未复验,IDENTITY_DECLARATION_MISSING,来源提供者;交易场所;市场类型;标的身份;精确合约;数据对象;Schema确切版本;授权边界;字段中文映射;成员编号;资产编号;输入成员SHA-256;声明版本;声明内容SHA-256;Schema指纹;授权快照SHA-256;撤销事实;证据定位,只读取固定声明入口和information_schema注释摘要；不读取业务正文、价格、成交、订单簿、账户或凭据,该成员绑定当前版本九字段、唯一定位、成员/Schema/授权指纹和未撤销事实后追加不可变批次,58cce83072ee34edffde9ffae7b57104f60b49a8c9b051742f17d062b74c86a6,6d8c063c04eb02cc5c403067fed389705afe13e3dc1e8139af0c6163635c8bd2,92e2317ab33808587c45d85260f8470a02dafb044af8ae83dbdfff20668a40b0,590ea6c073a15a103a32f17d9db41aeecde1aa9434241daad04c0ee278aab255
source-identity-entry-discovery-20260810T054907+0800-2fabb3def319,ZI-1e587b9ca43b8ecb01a08a67,DS-000085,ETH,未登记,不可定位,0,无法判定,无法判定,未知,未知,未知,未知,未知,未知,未知,未知,未知,未知,未登记,未登记,未知,0c7eaabb88f378576b9d9ce30a667c481c9cbc99a6f7eb7d7d491544477e4ffe,未知,未知,未复验,IDENTITY_DECLARATION_MISSING,来源提供者;交易场所;市场类型;标的身份;精确合约;数据对象;Schema确切版本;授权边界;字段中文映射;成员编号;资产编号;输入成员SHA-256;声明版本;声明内容SHA-256;Schema指纹;授权快照SHA-256;撤销事实;证据定位,只读取固定声明入口和information_schema注释摘要；不读取业务正文、价格、成交、订单簿、账户或凭据,该成员绑定当前版本九字段、唯一定位、成员/Schema/授权指纹和未撤销事实后追加不可变批次,58cce83072ee34edffde9ffae7b57104f60b49a8c9b051742f17d062b74c86a6,6d8c063c04eb02cc5c403067fed389705afe13e3dc1e8139af0c6163635c8bd2,92e2317ab33808587c45d85260f8470a02dafb044af8ae83dbdfff20668a40b0,c7587a6382c4f5956fd0346792aaf6bc7fd99bf906b01167e33cc20884899d94
source-identity-entry-discovery-20260810T054907+0800-2fabb3def319,ZI-bba6b24de803c01632b44a91,DS-000086,ETH,未登记,不可定位,0,无法判定,无法判定,未知,未知,未知,未知,未知,未知,未知,未知,未知,未知,未登记,未登记,未知,0eb4a4f4f4e4a1068ec372fdf0f11c08153f6b1bc3cd56a5c0c94960d1e62b09,未知,未知,未复验,IDENTITY_DECLARATION_MISSING,来源提供者;交易场所;市场类型;标的身份;精确合约;数据对象;Schema确切版本;授权边界;字段中文映射;成员编号;资产编号;输入成员SHA-256;声明版本;声明内容SHA-256;Schema指纹;授权快照SHA-256;撤销事实;证据定位,只读取固定声明入口和information_schema注释摘要；不读取业务正文、价格、成交、订单簿、账户或凭据,该成员绑定当前版本九字段、唯一定位、成员/Schema/授权指纹和未撤销事实后追加不可变批次,58cce83072ee34edffde9ffae7b57104f60b49a8c9b051742f17d062b74c86a6,6d8c063c04eb02cc5c403067fed389705afe13e3dc1e8139af0c6163635c8bd2,92e2317ab33808587c45d85260f8470a02dafb044af8ae83dbdfff20668a40b0,55854858398eae0ae335ee48a03c634b293eed3a35f4473102bcaae62e0e2313
source-identity-entry-discovery-20260810T054907+0800-2fabb3def319,ZI-baea0c9ad86775e8eca92410,DS-000087,ETH,未登记,不可定位,0,无法判定,无法判定,未知,未知,未知,未知,未知,未知,未知,未知,未知,未知,未登记,未登记,未知,cb5a9125a33ceff9a40988e72821717f085ad2c21526cf39088cb344195f21c1,未知,未知,未复验,IDENTITY_DECLARATION_MISSING,来源提供者;交易场所;市场类型;标的身份;精确合约;数据对象;Schema确切版本;授权边界;字段中文映射;成员编号;资产编号;输入成员SHA-256;声明版本;声明内容SHA-256;Schema指纹;授权快照SHA-256;撤销事实;证据定位,只读取固定声明入口和information_schema注释摘要；不读取业务正文、价格、成交、订单簿、账户或凭据,该成员绑定当前版本九字段、唯一定位、成员/Schema/授权指纹和未撤销事实后追加不可变批次,58cce83072ee34edffde9ffae7b57104f60b49a8c9b051742f17d062b74c86a6,6d8c063c04eb02cc5c403067fed389705afe13e3dc1e8139af0c6163635c8bd2,92e2317ab33808587c45d85260f8470a02dafb044af8ae83dbdfff20668a40b0,ed8a856c7e7162d3de441a0153b9180357ac7a77836d5c5a0477c7a9d894f95f
source-identity-entry-discovery-20260810T054907+0800-2fabb3def319,ZI-e900cf4aa30a969caaffd8a6,DS-000088,ETH,未登记,不可定位,0,无法判定,无法判定,未知,未知,未知,未知,未知,未知,未知,未知,未知,未知,未登记,未登记,未知,bdf4657f0758c3c4568e041dea286a8841995e2061be6660ddc80d52cb73fd57,未知,未知,未复验,IDENTITY_DECLARATION_MISSING,来源提供者;交易场所;市场类型;标的身份;精确合约;数据对象;Schema确切版本;授权边界;字段中文映射;成员编号;资产编号;输入成员SHA-256;声明版本;声明内容SHA-256;Schema指纹;授权快照SHA-256;撤销事实;证据定位,只读取固定声明入口和information_schema注释摘要；不读取业务正文、价格、成交、订单簿、账户或凭据,该成员绑定当前版本九字段、唯一定位、成员/Schema/授权指纹和未撤销事实后追加不可变批次,58cce83072ee34edffde9ffae7b57104f60b49a8c9b051742f17d062b74c86a6,6d8c063c04eb02cc5c403067fed389705afe13e3dc1e8139af0c6163635c8bd2,92e2317ab33808587c45d85260f8470a02dafb044af8ae83dbdfff20668a40b0,030a9994bb53b470b5723ce83f6431df7f573279b5b59435009cd6446fa62e6a
source-identity-entry-discovery-20260810T054907+0800-2fabb3def319,ZI-fdc48fd4c41a97f34f51f46e,DS-000089,ETH,未登记,不可定位,0,无法判定,无法判定,未知,未知,未知,未知,未知,未知,未知,未知,未知,未知,未登记,未登记,未知,c17e9de0d77f02429c2bf544f7e87a0be9fbf10f1ca0309af848cab64647df44,未知,未知,未复验,IDENTITY_DECLARATION_MISSING,来源提供者;交易场所;市场类型;标的身份;精确合约;数据对象;Schema确切版本;授权边界;字段中文映射;成员编号;资产编号;输入成员SHA-256;声明版本;声明内容SHA-256;Schema指纹;授权快照SHA-256;撤销事实;证据定位,只读取固定声明入口和information_schema注释摘要；不读取业务正文、价格、成交、订单簿、账户或凭据,该成员绑定当前版本九字段、唯一定位、成员/Schema/授权指纹和未撤销事实后追加不可变批次,58cce83072ee34edffde9ffae7b57104f60b49a8c9b051742f17d062b74c86a6,6d8c063c04eb02cc5c403067fed389705afe13e3dc1e8139af0c6163635c8bd2,92e2317ab33808587c45d85260f8470a02dafb044af8ae83dbdfff20668a40b0,11594da8f413aa0f869066eb86420d0149aa6ad8373e5f22593b62789a0175f8
source-identity-entry-discovery-20260810T054907+0800-2fabb3def319,ZI-cfde254fa2f17eff06fd22c0,DS-000090,ETH,未登记,不可定位,0,无法判定,无法判定,未知,未知,未知,未知,未知,未知,未知,未知,未知,未知,未登记,未登记,未知,7455cb004fd8f92bf11aba3294a88df82c2f66ca25872225ffb0d58a6c649e95,未知,未知,未复验,IDENTITY_DECLARATION_MISSING,来源提供者;交易场所;市场类型;标的身份;精确合约;数据对象;Schema确切版本;授权边界;字段中文映射;成员编号;资产编号;输入成员SHA-256;声明版本;声明内容SHA-256;Schema指纹;授权快照SHA-256;撤销事实;证据定位,只读取固定声明入口和information_schema注释摘要；不读取业务正文、价格、成交、订单簿、账户或凭据,该成员绑定当前版本九字段、唯一定位、成员/Schema/授权指纹和未撤销事实后追加不可变批次,58cce83072ee34edffde9ffae7b57104f60b49a8c9b051742f17d062b74c86a6,6d8c063c04eb02cc5c403067fed389705afe13e3dc1e8139af0c6163635c8bd2,92e2317ab33808587c45d85260f8470a02dafb044af8ae83dbdfff20668a40b0,d26301dee3a47d08cae0b9662d61b28edde1c29eb9b3cc437a4edde1e68fb11b
source-identity-entry-discovery-20260810T054907+0800-2fabb3def319,ZI-e753f977d37bf709ca92ee4e,DS-000091,ETH,未登记,不可定位,0,无法判定,无法判定,未知,未知,未知,未知,未知,未知,未知,未知,未知,未知,未登记,未登记,未知,0c82b4ff49875c233adadf63c84b19abc1ddf2bd99291782e3aaaea7ddb51ca4,未知,未知,未复验,IDENTITY_DECLARATION_MISSING,来源提供者;交易场所;市场类型;标的身份;精确合约;数据对象;Schema确切版本;授权边界;字段中文映射;成员编号;资产编号;输入成员SHA-256;声明版本;声明内容SHA-256;Schema指纹;授权快照SHA-256;撤销事实;证据定位,只读取固定声明入口和information_schema注释摘要；不读取业务正文、价格、成交、订单簿、账户或凭据,该成员绑定当前版本九字段、唯一定位、成员/Schema/授权指纹和未撤销事实后追加不可变批次,58cce83072ee34edffde9ffae7b57104f60b49a8c9b051742f17d062b74c86a6,6d8c063c04eb02cc5c403067fed389705afe13e3dc1e8139af0c6163635c8bd2,92e2317ab33808587c45d85260f8470a02dafb044af8ae83dbdfff20668a40b0,f21d5b6146c0bbf7fa80ff0fd266db4fb9e3a3c4d17749eccc30993795042736
source-identity-entry-discovery-20260810T054907+0800-2fabb3def319,ZI-711cc9b300fc5737cb6a1fe0,DS-000092,ETH,未登记,不可定位,0,无法判定,无法判定,未知,未知,未知,未知,未知,未知,未知,未知,未知,未知,未登记,未登记,未知,310f779c52d0802aa60fb5bcd2f1f07defbd477d6b7f609c42dd252100540981,未知,未知,未复验,IDENTITY_DECLARATION_MISSING,来源提供者;交易场所;市场类型;标的身份;精确合约;数据对象;Schema确切版本;授权边界;字段中文映射;成员编号;资产编号;输入成员SHA-256;声明版本;声明内容SHA-256;Schema指纹;授权快照SHA-256;撤销事实;证据定位,只读取固定声明入口和information_schema注释摘要；不读取业务正文、价格、成交、订单簿、账户或凭据,该成员绑定当前版本九字段、唯一定位、成员/Schema/授权指纹和未撤销事实后追加不可变批次,58cce83072ee34edffde9ffae7b57104f60b49a8c9b051742f17d062b74c86a6,6d8c063c04eb02cc5c403067fed389705afe13e3dc1e8139af0c6163635c8bd2,92e2317ab33808587c45d85260f8470a02dafb044af8ae83dbdfff20668a40b0,6baca42e7b837da21b340769368e309e2465a620dde92936ade3098413aa76df
source-identity-entry-discovery-20260810T054907+0800-2fabb3def319,ZI-3b1ff874ffa2b6e111f84a57,DS-000093,ETH,未登记,不可定位,0,无法判定,无法判定,未知,未知,未知,未知,未知,未知,未知,未知,未知,未知,未登记,未登记,未知,a283d773fa26d2d545695ee035f7474a83e0e8dd4bd32d0f6c12c203d554e5c0,未知,未知,未复验,IDENTITY_DECLARATION_MISSING,来源提供者;交易场所;市场类型;标的身份;精确合约;数据对象;Schema确切版本;授权边界;字段中文映射;成员编号;资产编号;输入成员SHA-256;声明版本;声明内容SHA-256;Schema指纹;授权快照SHA-256;撤销事实;证据定位,只读取固定声明入口和information_schema注释摘要；不读取业务正文、价格、成交、订单簿、账户或凭据,该成员绑定当前版本九字段、唯一定位、成员/Schema/授权指纹和未撤销事实后追加不可变批次,58cce83072ee34edffde9ffae7b57104f60b49a8c9b051742f17d062b74c86a6,6d8c063c04eb02cc5c403067fed389705afe13e3dc1e8139af0c6163635c8bd2,92e2317ab33808587c45d85260f8470a02dafb044af8ae83dbdfff20668a40b0,8bbc2b6d93e86fb752bd17eff0df4b134e2a814ead99ced6d9f2b5e6c7823713
source-identity-entry-discovery-20260810T054907+0800-2fabb3def319,ZI-5dd1eab4bb5048a6948ebba2,DS-000094,ETH,未登记,不可定位,0,无法判定,无法判定,未知,未知,未知,未知,未知,未知,未知,未知,未知,未知,未登记,未登记,未知,5723e42924486a24e269f2e46f3642ec86fbf87cd739ce95b2730238c768c4a8,未知,未知,未复验,IDENTITY_DECLARATION_MISSING,来源提供者;交易场所;市场类型;标的身份;精确合约;数据对象;Schema确切版本;授权边界;字段中文映射;成员编号;资产编号;输入成员SHA-256;声明版本;声明内容SHA-256;Schema指纹;授权快照SHA-256;撤销事实;证据定位,只读取固定声明入口和information_schema注释摘要；不读取业务正文、价格、成交、订单簿、账户或凭据,该成员绑定当前版本九字段、唯一定位、成员/Schema/授权指纹和未撤销事实后追加不可变批次,58cce83072ee34edffde9ffae7b57104f60b49a8c9b051742f17d062b74c86a6,6d8c063c04eb02cc5c403067fed389705afe13e3dc1e8139af0c6163635c8bd2,92e2317ab33808587c45d85260f8470a02dafb044af8ae83dbdfff20668a40b0,f9c367b45e31b630342a8e306030abbccdfc39d7eba7d1cb910848b19f00d14f
source-identity-entry-discovery-20260810T054907+0800-2fabb3def319,ZI-0f98b4ccb582f8d46f4bde26,DS-000095,ETH,未登记,不可定位,0,无法判定,无法判定,未知,未知,未知,未知,未知,未知,未知,未知,未知,未知,未登记,未登记,未知,e5df3b09a4f4f2fbc001e29f4f2ed9625f6b62ea788160f56763679ae5a7fd21,未知,未知,未复验,IDENTITY_DECLARATION_MISSING,来源提供者;交易场所;市场类型;标的身份;精确合约;数据对象;Schema确切版本;授权边界;字段中文映射;成员编号;资产编号;输入成员SHA-256;声明版本;声明内容SHA-256;Schema指纹;授权快照SHA-256;撤销事实;证据定位,只读取固定声明入口和information_schema注释摘要；不读取业务正文、价格、成交、订单簿、账户或凭据,该成员绑定当前版本九字段、唯一定位、成员/Schema/授权指纹和未撤销事实后追加不可变批次,58cce83072ee34edffde9ffae7b57104f60b49a8c9b051742f17d062b74c86a6,6d8c063c04eb02cc5c403067fed389705afe13e3dc1e8139af0c6163635c8bd2,92e2317ab33808587c45d85260f8470a02dafb044af8ae83dbdfff20668a40b0,0ca644e103abfca4b9cb9675c57f0220b55b3442fb8dfed5a2e4bf66004742ec
source-identity-entry-discovery-20260810T054907+0800-2fabb3def319,ZI-95e4aaf87cde52b43836becd,DS-000096,ETH,未登记,不可定位,0,无法判定,无法判定,未知,未知,未知,未知,未知,未知,未知,未知,未知,未知,未登记,未登记,未知,ba6d3ff4ffef24004405e028478940e5ab58886fe03296e15653487d2a406dee,未知,未知,未复验,IDENTITY_DECLARATION_MISSING,来源提供者;交易场所;市场类型;标的身份;精确合约;数据对象;Schema确切版本;授权边界;字段中文映射;成员编号;资产编号;输入成员SHA-256;声明版本;声明内容SHA-256;Schema指纹;授权快照SHA-256;撤销事实;证据定位,只读取固定声明入口和information_schema注释摘要；不读取业务正文、价格、成交、订单簿、账户或凭据,该成员绑定当前版本九字段、唯一定位、成员/Schema/授权指纹和未撤销事实后追加不可变批次,58cce83072ee34edffde9ffae7b57104f60b49a8c9b051742f17d062b74c86a6,6d8c063c04eb02cc5c403067fed389705afe13e3dc1e8139af0c6163635c8bd2,92e2317ab33808587c45d85260f8470a02dafb044af8ae83dbdfff20668a40b0,c39392fad4c1ed632b5cf8bb0fa28c04b493a7e771b185dbfcd3ae47161acf95
source-identity-entry-discovery-20260810T054907+0800-2fabb3def319,ZI-742fac6725a335ceef60c1cd,DS-000097,ETH,未登记,不可定位,0,无法判定,无法判定,未知,未知,未知,未知,未知,未知,未知,未知,未知,未知,未登记,未登记,未知,8228c63ea9d98b795581957c34ac1ce53475f0d389e891c8c45f6a90e39e5f52,未知,未知,未复验,IDENTITY_DECLARATION_MISSING,来源提供者;交易场所;市场类型;标的身份;精确合约;数据对象;Schema确切版本;授权边界;字段中文映射;成员编号;资产编号;输入成员SHA-256;声明版本;声明内容SHA-256;Schema指纹;授权快照SHA-256;撤销事实;证据定位,只读取固定声明入口和information_schema注释摘要；不读取业务正文、价格、成交、订单簿、账户或凭据,该成员绑定当前版本九字段、唯一定位、成员/Schema/授权指纹和未撤销事实后追加不可变批次,58cce83072ee34edffde9ffae7b57104f60b49a8c9b051742f17d062b74c86a6,6d8c063c04eb02cc5c403067fed389705afe13e3dc1e8139af0c6163635c8bd2,92e2317ab33808587c45d85260f8470a02dafb044af8ae83dbdfff20668a40b0,e15b7e62ec079f120f2f798b21e1cccd0cd914cb7a4482504685426b47104c34
source-identity-entry-discovery-20260810T054907+0800-2fabb3def319,ZI-ecec677fbed31df69a769cbd,DS-000098,ETH,未登记,不可定位,0,无法判定,无法判定,未知,未知,未知,未知,未知,未知,未知,未知,未知,未知,未登记,未登记,未知,b36b9fceb03833c0e0d70c168c701624f3141e4ed9eff163a784fd829f7e31d7,未知,未知,未复验,IDENTITY_DECLARATION_MISSING,来源提供者;交易场所;市场类型;标的身份;精确合约;数据对象;Schema确切版本;授权边界;字段中文映射;成员编号;资产编号;输入成员SHA-256;声明版本;声明内容SHA-256;Schema指纹;授权快照SHA-256;撤销事实;证据定位,只读取固定声明入口和information_schema注释摘要；不读取业务正文、价格、成交、订单簿、账户或凭据,该成员绑定当前版本九字段、唯一定位、成员/Schema/授权指纹和未撤销事实后追加不可变批次,58cce83072ee34edffde9ffae7b57104f60b49a8c9b051742f17d062b74c86a6,6d8c063c04eb02cc5c403067fed389705afe13e3dc1e8139af0c6163635c8bd2,92e2317ab33808587c45d85260f8470a02dafb044af8ae83dbdfff20668a40b0,c231cd39ea470c912dceade38303d30112bb288274bfe1de300eea800de1ae8c
source-identity-entry-discovery-20260810T054907+0800-2fabb3def319,ZI-3001a9d0489e5be46b832a12,DS-000099,ETH,未登记,不可定位,0,无法判定,无法判定,未知,未知,未知,未知,未知,未知,未知,未知,未知,未知,未登记,未登记,未知,406902f70179ec4296dab8c11df609ebd2db5dba4451dedd8e129a2be9025ef0,未知,未知,未复验,IDENTITY_DECLARATION_MISSING,来源提供者;交易场所;市场类型;标的身份;精确合约;数据对象;Schema确切版本;授权边界;字段中文映射;成员编号;资产编号;输入成员SHA-256;声明版本;声明内容SHA-256;Schema指纹;授权快照SHA-256;撤销事实;证据定位,只读取固定声明入口和information_schema注释摘要；不读取业务正文、价格、成交、订单簿、账户或凭据,该成员绑定当前版本九字段、唯一定位、成员/Schema/授权指纹和未撤销事实后追加不可变批次,58cce83072ee34edffde9ffae7b57104f60b49a8c9b051742f17d062b74c86a6,6d8c063c04eb02cc5c403067fed389705afe13e3dc1e8139af0c6163635c8bd2,92e2317ab33808587c45d85260f8470a02dafb044af8ae83dbdfff20668a40b0,75b2b3e9389299a33d02936c505cfa746c4d4ed98e4d12b20fb696a7e2518ab0
source-identity-entry-discovery-20260810T054907+0800-2fabb3def319,ZI-743a833f1fa4bc66ed849c8d,DS-000100,ETH,未登记,不可定位,0,无法判定,无法判定,未知,未知,未知,未知,未知,未知,未知,未知,未知,未知,未登记,未登记,未知,fe048a02588b3cc749889b703140b2600f164dd21a8297092b0703089ac5e81e,未知,未知,未复验,IDENTITY_DECLARATION_MISSING,来源提供者;交易场所;市场类型;标的身份;精确合约;数据对象;Schema确切版本;授权边界;字段中文映射;成员编号;资产编号;输入成员SHA-256;声明版本;声明内容SHA-256;Schema指纹;授权快照SHA-256;撤销事实;证据定位,只读取固定声明入口和information_schema注释摘要；不读取业务正文、价格、成交、订单簿、账户或凭据,该成员绑定当前版本九字段、唯一定位、成员/Schema/授权指纹和未撤销事实后追加不可变批次,58cce83072ee34edffde9ffae7b57104f60b49a8c9b051742f17d062b74c86a6,6d8c063c04eb02cc5c403067fed389705afe13e3dc1e8139af0c6163635c8bd2,92e2317ab33808587c45d85260f8470a02dafb044af8ae83dbdfff20668a40b0,2462a2a5cf58b9a9949676837a0ee66789cf6e913a8b491a323ac4cc6ece4b92
source-identity-entry-discovery-20260810T054907+0800-2fabb3def319,ZI-dd87780399e2768f46489851,DS-000101,ETH,未登记,不可定位,0,无法判定,无法判定,未知,未知,未知,未知,未知,未知,未知,未知,未知,未知,未登记,未登记,未知,ea8e64d81a49f583be20253df94bb10447a84f34924a81ea484985df8de14bc5,未知,未知,未复验,IDENTITY_DECLARATION_MISSING,来源提供者;交易场所;市场类型;标的身份;精确合约;数据对象;Schema确切版本;授权边界;字段中文映射;成员编号;资产编号;输入成员SHA-256;声明版本;声明内容SHA-256;Schema指纹;授权快照SHA-256;撤销事实;证据定位,只读取固定声明入口和information_schema注释摘要；不读取业务正文、价格、成交、订单簿、账户或凭据,该成员绑定当前版本九字段、唯一定位、成员/Schema/授权指纹和未撤销事实后追加不可变批次,58cce83072ee34edffde9ffae7b57104f60b49a8c9b051742f17d062b74c86a6,6d8c063c04eb02cc5c403067fed389705afe13e3dc1e8139af0c6163635c8bd2,92e2317ab33808587c45d85260f8470a02dafb044af8ae83dbdfff20668a40b0,02bc5b8ca0ffd212ef85d4882f9d51baa5579039ecc3f44efcd71c2b07b2f9b5
source-identity-entry-discovery-20260810T054907+0800-2fabb3def319,ZI-7deee960deaf332a7fb18c84,DS-000102,ETH,未登记,不可定位,0,无法判定,无法判定,未知,未知,未知,未知,未知,未知,未知,未知,未知,未知,未登记,未登记,未知,abfb99f6151387ef4ff78a22a9fd233763a7a49d18bf50e5df9ba77c6b3c3f00,未知,未知,未复验,IDENTITY_DECLARATION_MISSING,来源提供者;交易场所;市场类型;标的身份;精确合约;数据对象;Schema确切版本;授权边界;字段中文映射;成员编号;资产编号;输入成员SHA-256;声明版本;声明内容SHA-256;Schema指纹;授权快照SHA-256;撤销事实;证据定位,只读取固定声明入口和information_schema注释摘要；不读取业务正文、价格、成交、订单簿、账户或凭据,该成员绑定当前版本九字段、唯一定位、成员/Schema/授权指纹和未撤销事实后追加不可变批次,58cce83072ee34edffde9ffae7b57104f60b49a8c9b051742f17d062b74c86a6,6d8c063c04eb02cc5c403067fed389705afe13e3dc1e8139af0c6163635c8bd2,92e2317ab33808587c45d85260f8470a02dafb044af8ae83dbdfff20668a40b0,d15d7a90daf613053f4b22253cc326927712c347235a111fcff9039001befff5
source-identity-entry-discovery-20260810T054907+0800-2fabb3def319,ZI-a493b07d62fd443bdd97d178,DS-000103,ETH,未登记,不可定位,0,无法判定,无法判定,未知,未知,未知,未知,未知,未知,未知,未知,未知,未知,未登记,未登记,未知,eb07628cb6a921195379d64475122a7143d0631cf42e25bfa01dcd7daaceb638,未知,未知,未复验,IDENTITY_DECLARATION_MISSING,来源提供者;交易场所;市场类型;标的身份;精确合约;数据对象;Schema确切版本;授权边界;字段中文映射;成员编号;资产编号;输入成员SHA-256;声明版本;声明内容SHA-256;Schema指纹;授权快照SHA-256;撤销事实;证据定位,只读取固定声明入口和information_schema注释摘要；不读取业务正文、价格、成交、订单簿、账户或凭据,该成员绑定当前版本九字段、唯一定位、成员/Schema/授权指纹和未撤销事实后追加不可变批次,58cce83072ee34edffde9ffae7b57104f60b49a8c9b051742f17d062b74c86a6,6d8c063c04eb02cc5c403067fed389705afe13e3dc1e8139af0c6163635c8bd2,92e2317ab33808587c45d85260f8470a02dafb044af8ae83dbdfff20668a40b0,b857ec74d1ea3b3c38f7e3fae735735300055f28786e1a10c05e60ce1daa0508
source-identity-entry-discovery-20260810T054907+0800-2fabb3def319,ZI-e84f5005324efc7b720a762c,DS-000104,ETH,未登记,不可定位,0,无法判定,无法判定,未知,未知,未知,未知,未知,未知,未知,未知,未知,未知,未登记,未登记,未知,ef28cdf12ca8827b2378c7e1e803ead3e3cf993ed1c368426155024fdc6c8959,未知,未知,未复验,IDENTITY_DECLARATION_MISSING,来源提供者;交易场所;市场类型;标的身份;精确合约;数据对象;Schema确切版本;授权边界;字段中文映射;成员编号;资产编号;输入成员SHA-256;声明版本;声明内容SHA-256;Schema指纹;授权快照SHA-256;撤销事实;证据定位,只读取固定声明入口和information_schema注释摘要；不读取业务正文、价格、成交、订单簿、账户或凭据,该成员绑定当前版本九字段、唯一定位、成员/Schema/授权指纹和未撤销事实后追加不可变批次,58cce83072ee34edffde9ffae7b57104f60b49a8c9b051742f17d062b74c86a6,6d8c063c04eb02cc5c403067fed389705afe13e3dc1e8139af0c6163635c8bd2,92e2317ab33808587c45d85260f8470a02dafb044af8ae83dbdfff20668a40b0,e6d47976cbfb7603798f967ad479d1371045535969f79a61f09ea8aef686a2a1
source-identity-entry-discovery-20260810T054907+0800-2fabb3def319,ZI-19e19ce30e7439b2c988cfa6,DS-000105,ETH,未登记,不可定位,0,无法判定,无法判定,未知,未知,未知,未知,未知,未知,未知,未知,未知,未知,未登记,未登记,未知,6ebf6d7a8a93d298f90f71a5732fabad965efedd59ad24025ceef2bff1413bc0,未知,未知,未复验,IDENTITY_DECLARATION_MISSING,来源提供者;交易场所;市场类型;标的身份;精确合约;数据对象;Schema确切版本;授权边界;字段中文映射;成员编号;资产编号;输入成员SHA-256;声明版本;声明内容SHA-256;Schema指纹;授权快照SHA-256;撤销事实;证据定位,只读取固定声明入口和information_schema注释摘要；不读取业务正文、价格、成交、订单簿、账户或凭据,该成员绑定当前版本九字段、唯一定位、成员/Schema/授权指纹和未撤销事实后追加不可变批次,58cce83072ee34edffde9ffae7b57104f60b49a8c9b051742f17d062b74c86a6,6d8c063c04eb02cc5c403067fed389705afe13e3dc1e8139af0c6163635c8bd2,92e2317ab33808587c45d85260f8470a02dafb044af8ae83dbdfff20668a40b0,64eaa73618402d89a4a661c39c8785fe0a6f946d26818fc854ef348b944a59a8
source-identity-entry-discovery-20260810T054907+0800-2fabb3def319,ZI-291baf907867fa7c649cb7b1,DS-000106,ETH,未登记,不可定位,0,无法判定,无法判定,未知,未知,未知,未知,未知,未知,未知,未知,未知,未知,未登记,未登记,未知,7d452e0b77d3aca62618b2d4f776cb3ea7dd8bbc606f9df2cbaf4074a6486b29,未知,未知,未复验,IDENTITY_DECLARATION_MISSING,来源提供者;交易场所;市场类型;标的身份;精确合约;数据对象;Schema确切版本;授权边界;字段中文映射;成员编号;资产编号;输入成员SHA-256;声明版本;声明内容SHA-256;Schema指纹;授权快照SHA-256;撤销事实;证据定位,只读取固定声明入口和information_schema注释摘要；不读取业务正文、价格、成交、订单簿、账户或凭据,该成员绑定当前版本九字段、唯一定位、成员/Schema/授权指纹和未撤销事实后追加不可变批次,58cce83072ee34edffde9ffae7b57104f60b49a8c9b051742f17d062b74c86a6,6d8c063c04eb02cc5c403067fed389705afe13e3dc1e8139af0c6163635c8bd2,92e2317ab33808587c45d85260f8470a02dafb044af8ae83dbdfff20668a40b0,f208622669912e9008f96f7f3d9424f460f6adf312a09dd53c524394ed37dc7c
source-identity-entry-discovery-20260810T054907+0800-2fabb3def319,ZI-6f787d1796ce9df86089ddcc,DS-000107,ETH,未登记,不可定位,0,无法判定,无法判定,未知,未知,未知,未知,未知,未知,未知,未知,未知,未知,未登记,未登记,未知,1c779a884c12e4f411a9bc59ae6b87246c2b0b62333aded6984e1b65fb366d58,未知,未知,未复验,IDENTITY_DECLARATION_MISSING,来源提供者;交易场所;市场类型;标的身份;精确合约;数据对象;Schema确切版本;授权边界;字段中文映射;成员编号;资产编号;输入成员SHA-256;声明版本;声明内容SHA-256;Schema指纹;授权快照SHA-256;撤销事实;证据定位,只读取固定声明入口和information_schema注释摘要；不读取业务正文、价格、成交、订单簿、账户或凭据,该成员绑定当前版本九字段、唯一定位、成员/Schema/授权指纹和未撤销事实后追加不可变批次,58cce83072ee34edffde9ffae7b57104f60b49a8c9b051742f17d062b74c86a6,6d8c063c04eb02cc5c403067fed389705afe13e3dc1e8139af0c6163635c8bd2,92e2317ab33808587c45d85260f8470a02dafb044af8ae83dbdfff20668a40b0,25fc11752ef60067e0deb384ce23686ce49dbcbc70a15ed70cdd8d4253c39590
source-identity-entry-discovery-20260810T054907+0800-2fabb3def319,ZI-b00286467d2ee7ccd3b8f3ba,DS-000108,ETH,未登记,不可定位,0,无法判定,无法判定,未知,未知,未知,未知,未知,未知,未知,未知,未知,未知,未登记,未登记,未知,d97b0d962760ad3eb6a51747d90bfdd9e3b6bf31767c9aba88aff9714b5456bc,未知,未知,未复验,IDENTITY_DECLARATION_MISSING,来源提供者;交易场所;市场类型;标的身份;精确合约;数据对象;Schema确切版本;授权边界;字段中文映射;成员编号;资产编号;输入成员SHA-256;声明版本;声明内容SHA-256;Schema指纹;授权快照SHA-256;撤销事实;证据定位,只读取固定声明入口和information_schema注释摘要；不读取业务正文、价格、成交、订单簿、账户或凭据,该成员绑定当前版本九字段、唯一定位、成员/Schema/授权指纹和未撤销事实后追加不可变批次,58cce83072ee34edffde9ffae7b57104f60b49a8c9b051742f17d062b74c86a6,6d8c063c04eb02cc5c403067fed389705afe13e3dc1e8139af0c6163635c8bd2,92e2317ab33808587c45d85260f8470a02dafb044af8ae83dbdfff20668a40b0,99accca8ebc72b55698c7754398fb3c60b251c27ca10f13145a2aa1ada59e23a
source-identity-entry-discovery-20260810T054907+0800-2fabb3def319,ZI-3fd7398488e745c2955a3082,DS-000109,ETH,未登记,不可定位,0,无法判定,无法判定,未知,未知,未知,未知,未知,未知,未知,未知,未知,未知,未登记,未登记,未知,33906bd2fcfd7bb1f16e12c0fbcf5a32d3eb963960a0412d88b1a5531531d280,未知,未知,未复验,IDENTITY_DECLARATION_MISSING,来源提供者;交易场所;市场类型;标的身份;精确合约;数据对象;Schema确切版本;授权边界;字段中文映射;成员编号;资产编号;输入成员SHA-256;声明版本;声明内容SHA-256;Schema指纹;授权快照SHA-256;撤销事实;证据定位,只读取固定声明入口和information_schema注释摘要；不读取业务正文、价格、成交、订单簿、账户或凭据,该成员绑定当前版本九字段、唯一定位、成员/Schema/授权指纹和未撤销事实后追加不可变批次,58cce83072ee34edffde9ffae7b57104f60b49a8c9b051742f17d062b74c86a6,6d8c063c04eb02cc5c403067fed389705afe13e3dc1e8139af0c6163635c8bd2,92e2317ab33808587c45d85260f8470a02dafb044af8ae83dbdfff20668a40b0,632a4bebcbd8fce3f4b90629d08d8d0889b27a8a9e013229ebc88bd1f6d00035
source-identity-entry-discovery-20260810T054907+0800-2fabb3def319,ZI-522f5f18a2c43298e44a26a4,DS-000110,ETH,未登记,不可定位,0,无法判定,无法判定,未知,未知,未知,未知,未知,未知,未知,未知,未知,未知,未登记,未登记,未知,0d59d080eb816bb6a7d5088cc871bec5cdc058074ced8ee38b7ac5e06efec7ea,未知,未知,未复验,IDENTITY_DECLARATION_MISSING,来源提供者;交易场所;市场类型;标的身份;精确合约;数据对象;Schema确切版本;授权边界;字段中文映射;成员编号;资产编号;输入成员SHA-256;声明版本;声明内容SHA-256;Schema指纹;授权快照SHA-256;撤销事实;证据定位,只读取固定声明入口和information_schema注释摘要；不读取业务正文、价格、成交、订单簿、账户或凭据,该成员绑定当前版本九字段、唯一定位、成员/Schema/授权指纹和未撤销事实后追加不可变批次,58cce83072ee34edffde9ffae7b57104f60b49a8c9b051742f17d062b74c86a6,6d8c063c04eb02cc5c403067fed389705afe13e3dc1e8139af0c6163635c8bd2,92e2317ab33808587c45d85260f8470a02dafb044af8ae83dbdfff20668a40b0,e9b19b83651465bdaf5c7299b7d4a15b13ba69db8202ee39befe4e85b3e8ee95
source-identity-entry-discovery-20260810T054907+0800-2fabb3def319,ZI-948caf7a69652dd732dcf038,DS-000111,ETH,未登记,不可定位,0,无法判定,无法判定,未知,未知,未知,未知,未知,未知,未知,未知,未知,未知,未登记,未登记,未知,ecd8dfcecf158d395dac3a1c91df7786242adf9d0122c34ec458be58d766663f,未知,未知,未复验,IDENTITY_DECLARATION_MISSING,来源提供者;交易场所;市场类型;标的身份;精确合约;数据对象;Schema确切版本;授权边界;字段中文映射;成员编号;资产编号;输入成员SHA-256;声明版本;声明内容SHA-256;Schema指纹;授权快照SHA-256;撤销事实;证据定位,只读取固定声明入口和information_schema注释摘要；不读取业务正文、价格、成交、订单簿、账户或凭据,该成员绑定当前版本九字段、唯一定位、成员/Schema/授权指纹和未撤销事实后追加不可变批次,58cce83072ee34edffde9ffae7b57104f60b49a8c9b051742f17d062b74c86a6,6d8c063c04eb02cc5c403067fed389705afe13e3dc1e8139af0c6163635c8bd2,92e2317ab33808587c45d85260f8470a02dafb044af8ae83dbdfff20668a40b0,ecdf25518159ab5cdfc4a47d227f44cbdd7801523f13f99cb9b088291d664a83
source-identity-entry-discovery-20260810T054907+0800-2fabb3def319,ZI-124ef7ebc1f1526ac48dfd87,DS-000112,ETH,未登记,不可定位,0,无法判定,无法判定,未知,未知,未知,未知,未知,未知,未知,未知,未知,未知,未登记,未登记,未知,290fec9c99843ff43e2fa44b0685ae754abd94ccb79d11168effc2e257574e21,未知,未知,未复验,IDENTITY_DECLARATION_MISSING,来源提供者;交易场所;市场类型;标的身份;精确合约;数据对象;Schema确切版本;授权边界;字段中文映射;成员编号;资产编号;输入成员SHA-256;声明版本;声明内容SHA-256;Schema指纹;授权快照SHA-256;撤销事实;证据定位,只读取固定声明入口和information_schema注释摘要；不读取业务正文、价格、成交、订单簿、账户或凭据,该成员绑定当前版本九字段、唯一定位、成员/Schema/授权指纹和未撤销事实后追加不可变批次,58cce83072ee34edffde9ffae7b57104f60b49a8c9b051742f17d062b74c86a6,6d8c063c04eb02cc5c403067fed389705afe13e3dc1e8139af0c6163635c8bd2,92e2317ab33808587c45d85260f8470a02dafb044af8ae83dbdfff20668a40b0,3eea091dbc62316f81c7b0bdd675001d4247e43b4b492ecef530cc2eca40a3b6
source-identity-entry-discovery-20260810T054907+0800-2fabb3def319,ZI-b71a6fbf1eb839e99aabcaa0,DS-000113,ETH,未登记,不可定位,0,无法判定,无法判定,未知,未知,未知,未知,未知,未知,未知,未知,未知,未知,未登记,未登记,未知,74f98b20f89a154b201438a140d3bf675ce8d06104663b525a9e689aa2eb0630,未知,未知,未复验,IDENTITY_DECLARATION_MISSING,来源提供者;交易场所;市场类型;标的身份;精确合约;数据对象;Schema确切版本;授权边界;字段中文映射;成员编号;资产编号;输入成员SHA-256;声明版本;声明内容SHA-256;Schema指纹;授权快照SHA-256;撤销事实;证据定位,只读取固定声明入口和information_schema注释摘要；不读取业务正文、价格、成交、订单簿、账户或凭据,该成员绑定当前版本九字段、唯一定位、成员/Schema/授权指纹和未撤销事实后追加不可变批次,58cce83072ee34edffde9ffae7b57104f60b49a8c9b051742f17d062b74c86a6,6d8c063c04eb02cc5c403067fed389705afe13e3dc1e8139af0c6163635c8bd2,92e2317ab33808587c45d85260f8470a02dafb044af8ae83dbdfff20668a40b0,3d38fbcc9e0712e14a8120203b029b229fcc2bac35abfa5a6073c4e7db3f179b
source-identity-entry-discovery-20260810T054907+0800-2fabb3def319,ZI-fb8eceb7174d542153f29b96,DS-000114,ETH,未登记,不可定位,0,无法判定,无法判定,未知,未知,未知,未知,未知,未知,未知,未知,未知,未知,未登记,未登记,未知,3e3fec896b931f582dddfe469e0dbe6e470535c77e3f7299e94f387b505d440c,未知,未知,未复验,IDENTITY_DECLARATION_MISSING,来源提供者;交易场所;市场类型;标的身份;精确合约;数据对象;Schema确切版本;授权边界;字段中文映射;成员编号;资产编号;输入成员SHA-256;声明版本;声明内容SHA-256;Schema指纹;授权快照SHA-256;撤销事实;证据定位,只读取固定声明入口和information_schema注释摘要；不读取业务正文、价格、成交、订单簿、账户或凭据,该成员绑定当前版本九字段、唯一定位、成员/Schema/授权指纹和未撤销事实后追加不可变批次,58cce83072ee34edffde9ffae7b57104f60b49a8c9b051742f17d062b74c86a6,6d8c063c04eb02cc5c403067fed389705afe13e3dc1e8139af0c6163635c8bd2,92e2317ab33808587c45d85260f8470a02dafb044af8ae83dbdfff20668a40b0,9689f8ea0df3617e3ad5df52e65ba3b639c88de3d742b34096743d0dbdc896af
source-identity-entry-discovery-20260810T054907+0800-2fabb3def319,ZI-6cadad29dd1db87bcef7f5c6,DS-000115,ETH,未登记,不可定位,0,无法判定,无法判定,未知,未知,未知,未知,未知,未知,未知,未知,未知,未知,未登记,未登记,未知,afe961774296dd8e04a4684cc5642629f080a957493c1cf954cf485a7e5763ed,未知,未知,未复验,IDENTITY_DECLARATION_MISSING,来源提供者;交易场所;市场类型;标的身份;精确合约;数据对象;Schema确切版本;授权边界;字段中文映射;成员编号;资产编号;输入成员SHA-256;声明版本;声明内容SHA-256;Schema指纹;授权快照SHA-256;撤销事实;证据定位,只读取固定声明入口和information_schema注释摘要；不读取业务正文、价格、成交、订单簿、账户或凭据,该成员绑定当前版本九字段、唯一定位、成员/Schema/授权指纹和未撤销事实后追加不可变批次,58cce83072ee34edffde9ffae7b57104f60b49a8c9b051742f17d062b74c86a6,6d8c063c04eb02cc5c403067fed389705afe13e3dc1e8139af0c6163635c8bd2,92e2317ab33808587c45d85260f8470a02dafb044af8ae83dbdfff20668a40b0,9fdadef9b2bfaefcbebbe66017ba8044585214a9c6cc507f72fa9da026d894f9
source-identity-entry-discovery-20260810T054907+0800-2fabb3def319,ZI-a43c980922ba474cc2a6b934,DS-000116,ETH,未登记,不可定位,0,无法判定,无法判定,未知,未知,未知,未知,未知,未知,未知,未知,未知,未知,未登记,未登记,未知,95fa942c0d61a4c0c67ab8892ee22b19e0375cf22f45b301d85fc2f861b76c4d,未知,未知,未复验,IDENTITY_DECLARATION_MISSING,来源提供者;交易场所;市场类型;标的身份;精确合约;数据对象;Schema确切版本;授权边界;字段中文映射;成员编号;资产编号;输入成员SHA-256;声明版本;声明内容SHA-256;Schema指纹;授权快照SHA-256;撤销事实;证据定位,只读取固定声明入口和information_schema注释摘要；不读取业务正文、价格、成交、订单簿、账户或凭据,该成员绑定当前版本九字段、唯一定位、成员/Schema/授权指纹和未撤销事实后追加不可变批次,58cce83072ee34edffde9ffae7b57104f60b49a8c9b051742f17d062b74c86a6,6d8c063c04eb02cc5c403067fed389705afe13e3dc1e8139af0c6163635c8bd2,92e2317ab33808587c45d85260f8470a02dafb044af8ae83dbdfff20668a40b0,840de095752712ce22ccaf3652de7df5b163e8755c40dd7bdfc198401bbe4065
source-identity-entry-discovery-20260810T054907+0800-2fabb3def319,ZI-d95e5bea4bd8595d0a07f87d,DS-000117,ETH,未登记,不可定位,0,无法判定,无法判定,未知,未知,未知,未知,未知,未知,未知,未知,未知,未知,未登记,未登记,未知,2618c38b7b3a4ced21d2f84d5249058929b44abacaed04c3d7145c62a9f2bed0,未知,未知,未复验,IDENTITY_DECLARATION_MISSING,来源提供者;交易场所;市场类型;标的身份;精确合约;数据对象;Schema确切版本;授权边界;字段中文映射;成员编号;资产编号;输入成员SHA-256;声明版本;声明内容SHA-256;Schema指纹;授权快照SHA-256;撤销事实;证据定位,只读取固定声明入口和information_schema注释摘要；不读取业务正文、价格、成交、订单簿、账户或凭据,该成员绑定当前版本九字段、唯一定位、成员/Schema/授权指纹和未撤销事实后追加不可变批次,58cce83072ee34edffde9ffae7b57104f60b49a8c9b051742f17d062b74c86a6,6d8c063c04eb02cc5c403067fed389705afe13e3dc1e8139af0c6163635c8bd2,92e2317ab33808587c45d85260f8470a02dafb044af8ae83dbdfff20668a40b0,7dd05d7fc741889cd32a65247108aebcd4be19f7e6283f295c152d9f07dcb3bf
source-identity-entry-discovery-20260810T054907+0800-2fabb3def319,ZI-a39e4477353ef09703296a10,DS-000118,ETH,未登记,不可定位,0,无法判定,无法判定,未知,未知,未知,未知,未知,未知,未知,未知,未知,未知,未登记,未登记,未知,2629abb375ff39ff81b4461aa7d5fc4b83971f1ffc8a8bab00958e8be26497cd,未知,未知,未复验,IDENTITY_DECLARATION_MISSING,来源提供者;交易场所;市场类型;标的身份;精确合约;数据对象;Schema确切版本;授权边界;字段中文映射;成员编号;资产编号;输入成员SHA-256;声明版本;声明内容SHA-256;Schema指纹;授权快照SHA-256;撤销事实;证据定位,只读取固定声明入口和information_schema注释摘要；不读取业务正文、价格、成交、订单簿、账户或凭据,该成员绑定当前版本九字段、唯一定位、成员/Schema/授权指纹和未撤销事实后追加不可变批次,58cce83072ee34edffde9ffae7b57104f60b49a8c9b051742f17d062b74c86a6,6d8c063c04eb02cc5c403067fed389705afe13e3dc1e8139af0c6163635c8bd2,92e2317ab33808587c45d85260f8470a02dafb044af8ae83dbdfff20668a40b0,9b4d6b6aa195e4c40d5556be3295d5b5cfb78eef99d521609695d7af89204711
source-identity-entry-discovery-20260810T054907+0800-2fabb3def319,ZI-32308f1509c687cf0f344da5,DS-000119,ETH,未登记,不可定位,0,无法判定,无法判定,未知,未知,未知,未知,未知,未知,未知,未知,未知,未知,未登记,未登记,未知,f69bb9fd69717fc62e973fd0f57005c2efdfa818a0c96a38198a12dc11340bf3,未知,未知,未复验,IDENTITY_DECLARATION_MISSING,来源提供者;交易场所;市场类型;标的身份;精确合约;数据对象;Schema确切版本;授权边界;字段中文映射;成员编号;资产编号;输入成员SHA-256;声明版本;声明内容SHA-256;Schema指纹;授权快照SHA-256;撤销事实;证据定位,只读取固定声明入口和information_schema注释摘要；不读取业务正文、价格、成交、订单簿、账户或凭据,该成员绑定当前版本九字段、唯一定位、成员/Schema/授权指纹和未撤销事实后追加不可变批次,58cce83072ee34edffde9ffae7b57104f60b49a8c9b051742f17d062b74c86a6,6d8c063c04eb02cc5c403067fed389705afe13e3dc1e8139af0c6163635c8bd2,92e2317ab33808587c45d85260f8470a02dafb044af8ae83dbdfff20668a40b0,7c6b95ed21962366d44840e53d93389a9757057a728d9d4bd7f6dba986161516
source-identity-entry-discovery-20260810T054907+0800-2fabb3def319,ZI-c8b657067197415203a4d0ab,DS-000120,ETH,未登记,不可定位,0,无法判定,无法判定,未知,未知,未知,未知,未知,未知,未知,未知,未知,未知,未登记,未登记,未知,6609c14cb9bb0288b24cb453d942c7508aab48529570a4aaf23dd54ab7dcf43a,未知,未知,未复验,IDENTITY_DECLARATION_MISSING,来源提供者;交易场所;市场类型;标的身份;精确合约;数据对象;Schema确切版本;授权边界;字段中文映射;成员编号;资产编号;输入成员SHA-256;声明版本;声明内容SHA-256;Schema指纹;授权快照SHA-256;撤销事实;证据定位,只读取固定声明入口和information_schema注释摘要；不读取业务正文、价格、成交、订单簿、账户或凭据,该成员绑定当前版本九字段、唯一定位、成员/Schema/授权指纹和未撤销事实后追加不可变批次,58cce83072ee34edffde9ffae7b57104f60b49a8c9b051742f17d062b74c86a6,6d8c063c04eb02cc5c403067fed389705afe13e3dc1e8139af0c6163635c8bd2,92e2317ab33808587c45d85260f8470a02dafb044af8ae83dbdfff20668a40b0,a944abbcbc7b5027197975fed94ce6367777f07fa2038499e71f24626695e68c
source-identity-entry-discovery-20260810T054907+0800-2fabb3def319,ZI-96e03b8dfd1417cc62d2f5c8,DS-000121,ETH,未登记,不可定位,0,无法判定,无法判定,未知,未知,未知,未知,未知,未知,未知,未知,未知,未知,未登记,未登记,未知,6f11f05c8807a0f784213dce4eb03969122dc0a62e00b3d53e6bc473e342e278,未知,未知,未复验,IDENTITY_DECLARATION_MISSING,来源提供者;交易场所;市场类型;标的身份;精确合约;数据对象;Schema确切版本;授权边界;字段中文映射;成员编号;资产编号;输入成员SHA-256;声明版本;声明内容SHA-256;Schema指纹;授权快照SHA-256;撤销事实;证据定位,只读取固定声明入口和information_schema注释摘要；不读取业务正文、价格、成交、订单簿、账户或凭据,该成员绑定当前版本九字段、唯一定位、成员/Schema/授权指纹和未撤销事实后追加不可变批次,58cce83072ee34edffde9ffae7b57104f60b49a8c9b051742f17d062b74c86a6,6d8c063c04eb02cc5c403067fed389705afe13e3dc1e8139af0c6163635c8bd2,92e2317ab33808587c45d85260f8470a02dafb044af8ae83dbdfff20668a40b0,dff2580afe523ec7f2893332842e7974d13994faf047eed453e6a75d3fed865f
source-identity-entry-discovery-20260810T054907+0800-2fabb3def319,ZI-9b6a6435fd0e4e93fdddcd4b,DS-000122,ETH,未登记,不可定位,0,无法判定,拒绝,未知,未知,未知,未知,未知,未知,未知,未知,未知,未知,未登记,未登记,未知,dc6c4dd4e242874a6da8334f67590790f72bb66e1b5ab6d94aeec5b53ed494be,未知,未知,未复验,IDENTITY_DECLARATION_MISSING,来源提供者;交易场所;市场类型;标的身份;精确合约;数据对象;Schema确切版本;授权边界;字段中文映射;成员编号;资产编号;输入成员SHA-256;声明版本;声明内容SHA-256;Schema指纹;授权快照SHA-256;撤销事实;证据定位,只读取固定声明入口和information_schema注释摘要；不读取业务正文、价格、成交、订单簿、账户或凭据,该成员绑定当前版本九字段、唯一定位、成员/Schema/授权指纹和未撤销事实后追加不可变批次,58cce83072ee34edffde9ffae7b57104f60b49a8c9b051742f17d062b74c86a6,6d8c063c04eb02cc5c403067fed389705afe13e3dc1e8139af0c6163635c8bd2,92e2317ab33808587c45d85260f8470a02dafb044af8ae83dbdfff20668a40b0,54c1ac2390af7e528962033eed5307116ed65226768cef4b5f146e961cf51851
source-identity-entry-discovery-20260810T054907+0800-2fabb3def319,ZI-d916726616ac733d0fe5c86b,DS-000123,ETH,未登记,不可定位,0,无法判定,无法判定,未知,未知,未知,未知,未知,未知,未知,未知,未知,未知,未登记,未登记,未知,b544e385d3e89d4bc872b681fb7b43c8c29c35cf1a2255fb1eb792ab42e092e7,未知,未知,未复验,IDENTITY_DECLARATION_MISSING,来源提供者;交易场所;市场类型;标的身份;精确合约;数据对象;Schema确切版本;授权边界;字段中文映射;成员编号;资产编号;输入成员SHA-256;声明版本;声明内容SHA-256;Schema指纹;授权快照SHA-256;撤销事实;证据定位,只读取固定声明入口和information_schema注释摘要；不读取业务正文、价格、成交、订单簿、账户或凭据,该成员绑定当前版本九字段、唯一定位、成员/Schema/授权指纹和未撤销事实后追加不可变批次,58cce83072ee34edffde9ffae7b57104f60b49a8c9b051742f17d062b74c86a6,6d8c063c04eb02cc5c403067fed389705afe13e3dc1e8139af0c6163635c8bd2,92e2317ab33808587c45d85260f8470a02dafb044af8ae83dbdfff20668a40b0,e85d7df44d20ba196a94d4b9a23100b4442864ef3abf46c2ee59f99b010bc59b
source-identity-entry-discovery-20260810T054907+0800-2fabb3def319,ZI-ae71724e7b86bd2429dfecb6,DS-000124,ETH,未登记,不可定位,0,无法判定,无法判定,未知,未知,未知,未知,未知,未知,未知,未知,未知,未知,未登记,未登记,未知,d7ef1e10d9720d76b7d47a520b7439f7ef8aa78a7560836f22971cf752ef3294,未知,未知,未复验,IDENTITY_DECLARATION_MISSING,来源提供者;交易场所;市场类型;标的身份;精确合约;数据对象;Schema确切版本;授权边界;字段中文映射;成员编号;资产编号;输入成员SHA-256;声明版本;声明内容SHA-256;Schema指纹;授权快照SHA-256;撤销事实;证据定位,只读取固定声明入口和information_schema注释摘要；不读取业务正文、价格、成交、订单簿、账户或凭据,该成员绑定当前版本九字段、唯一定位、成员/Schema/授权指纹和未撤销事实后追加不可变批次,58cce83072ee34edffde9ffae7b57104f60b49a8c9b051742f17d062b74c86a6,6d8c063c04eb02cc5c403067fed389705afe13e3dc1e8139af0c6163635c8bd2,92e2317ab33808587c45d85260f8470a02dafb044af8ae83dbdfff20668a40b0,6fb4e8f006991f738ebba56816686d62204fca223e2b34ede6b594d5bc04b710
source-identity-entry-discovery-20260810T054907+0800-2fabb3def319,ZI-a1c2af0e2150cb725d7922b3,DS-000125,ETH,未登记,不可定位,0,无法判定,无法判定,未知,未知,未知,未知,未知,未知,未知,未知,未知,未知,未登记,未登记,未知,933516055a642714098755bbe9c599785c999703fbef73dc81e13069d74aa18f,未知,未知,未复验,IDENTITY_DECLARATION_MISSING,来源提供者;交易场所;市场类型;标的身份;精确合约;数据对象;Schema确切版本;授权边界;字段中文映射;成员编号;资产编号;输入成员SHA-256;声明版本;声明内容SHA-256;Schema指纹;授权快照SHA-256;撤销事实;证据定位,只读取固定声明入口和information_schema注释摘要；不读取业务正文、价格、成交、订单簿、账户或凭据,该成员绑定当前版本九字段、唯一定位、成员/Schema/授权指纹和未撤销事实后追加不可变批次,58cce83072ee34edffde9ffae7b57104f60b49a8c9b051742f17d062b74c86a6,6d8c063c04eb02cc5c403067fed389705afe13e3dc1e8139af0c6163635c8bd2,92e2317ab33808587c45d85260f8470a02dafb044af8ae83dbdfff20668a40b0,14bc9982573533fe6df14f864d28e9c9b8edd9b0bac7157d402d09d87bbcf18f
source-identity-entry-discovery-20260810T054907+0800-2fabb3def319,ZI-29d969a16e11f4bd31de81b7,DS-000126,ETH,未登记,不可定位,0,无法判定,无法判定,未知,未知,未知,未知,未知,未知,未知,未知,未知,未知,未登记,未登记,未知,9499e61c0227984474b6b7c023dc310fcae06907a46958e429501d3e6b006798,未知,未知,未复验,IDENTITY_DECLARATION_MISSING,来源提供者;交易场所;市场类型;标的身份;精确合约;数据对象;Schema确切版本;授权边界;字段中文映射;成员编号;资产编号;输入成员SHA-256;声明版本;声明内容SHA-256;Schema指纹;授权快照SHA-256;撤销事实;证据定位,只读取固定声明入口和information_schema注释摘要；不读取业务正文、价格、成交、订单簿、账户或凭据,该成员绑定当前版本九字段、唯一定位、成员/Schema/授权指纹和未撤销事实后追加不可变批次,58cce83072ee34edffde9ffae7b57104f60b49a8c9b051742f17d062b74c86a6,6d8c063c04eb02cc5c403067fed389705afe13e3dc1e8139af0c6163635c8bd2,92e2317ab33808587c45d85260f8470a02dafb044af8ae83dbdfff20668a40b0,baa74cd8ad0579700a930c395f8128f3a315b8becb79e1dced2528b7eee7ec3f
source-identity-entry-discovery-20260810T054907+0800-2fabb3def319,ZI-aa7eaed70207def65a665413,DS-000127,ETH,未登记,不可定位,0,无法判定,无法判定,未知,未知,未知,未知,未知,未知,未知,未知,未知,未知,未登记,未登记,未知,7498b9a041f4b609fbd9b5447119d9522ae1aaf59ff427378718c2833bf39af8,未知,未知,未复验,IDENTITY_DECLARATION_MISSING,来源提供者;交易场所;市场类型;标的身份;精确合约;数据对象;Schema确切版本;授权边界;字段中文映射;成员编号;资产编号;输入成员SHA-256;声明版本;声明内容SHA-256;Schema指纹;授权快照SHA-256;撤销事实;证据定位,只读取固定声明入口和information_schema注释摘要；不读取业务正文、价格、成交、订单簿、账户或凭据,该成员绑定当前版本九字段、唯一定位、成员/Schema/授权指纹和未撤销事实后追加不可变批次,58cce83072ee34edffde9ffae7b57104f60b49a8c9b051742f17d062b74c86a6,6d8c063c04eb02cc5c403067fed389705afe13e3dc1e8139af0c6163635c8bd2,92e2317ab33808587c45d85260f8470a02dafb044af8ae83dbdfff20668a40b0,23028f91f3a362177086fb4b4d669f73231875749cad44b5a1cf9fe65747ab03
source-identity-entry-discovery-20260810T054907+0800-2fabb3def319,ZI-78306459bee5126083d5ca1b,DS-000128,ETH,未登记,不可定位,0,无法判定,无法判定,未知,未知,未知,未知,未知,未知,未知,未知,未知,未知,未登记,未登记,未知,8784b44479961e1fc5e62e73d76c8f43f5274c03f210a3417d777a7b86f3c045,未知,未知,未复验,IDENTITY_DECLARATION_MISSING,来源提供者;交易场所;市场类型;标的身份;精确合约;数据对象;Schema确切版本;授权边界;字段中文映射;成员编号;资产编号;输入成员SHA-256;声明版本;声明内容SHA-256;Schema指纹;授权快照SHA-256;撤销事实;证据定位,只读取固定声明入口和information_schema注释摘要；不读取业务正文、价格、成交、订单簿、账户或凭据,该成员绑定当前版本九字段、唯一定位、成员/Schema/授权指纹和未撤销事实后追加不可变批次,58cce83072ee34edffde9ffae7b57104f60b49a8c9b051742f17d062b74c86a6,6d8c063c04eb02cc5c403067fed389705afe13e3dc1e8139af0c6163635c8bd2,92e2317ab33808587c45d85260f8470a02dafb044af8ae83dbdfff20668a40b0,21107a1252ae69c8635d44ff443a5ae4a7ce47fd0e7c7769fb19c1b50ca89ea1
source-identity-entry-discovery-20260810T054907+0800-2fabb3def319,ZI-15e8fafad806d350e4ebb681,DS-000129,ETH,未登记,不可定位,0,无法判定,无法判定,未知,未知,未知,未知,未知,未知,未知,未知,未知,未知,未登记,未登记,未知,6ec29ab16a61a9874de644237ea1f88b4281182c44ec3b7aabeceff905c3c1fe,未知,未知,未复验,IDENTITY_DECLARATION_MISSING,来源提供者;交易场所;市场类型;标的身份;精确合约;数据对象;Schema确切版本;授权边界;字段中文映射;成员编号;资产编号;输入成员SHA-256;声明版本;声明内容SHA-256;Schema指纹;授权快照SHA-256;撤销事实;证据定位,只读取固定声明入口和information_schema注释摘要；不读取业务正文、价格、成交、订单簿、账户或凭据,该成员绑定当前版本九字段、唯一定位、成员/Schema/授权指纹和未撤销事实后追加不可变批次,58cce83072ee34edffde9ffae7b57104f60b49a8c9b051742f17d062b74c86a6,6d8c063c04eb02cc5c403067fed389705afe13e3dc1e8139af0c6163635c8bd2,92e2317ab33808587c45d85260f8470a02dafb044af8ae83dbdfff20668a40b0,eca58eba1e9cc62c39a7acbecbc007d75d9e06aaeda910141294bca4b5155123
source-identity-entry-discovery-20260810T054907+0800-2fabb3def319,ZI-e50bece42ff511d1e0d48550,DS-000130,ETH,未登记,不可定位,0,无法判定,无法判定,未知,未知,未知,未知,未知,未知,未知,未知,未知,未知,未登记,未登记,未知,31a5fa38e253ae35bbd283a09e22b12ae2d20072cacd4fec29ddc407fc7c2c5a,未知,未知,未复验,IDENTITY_DECLARATION_MISSING,来源提供者;交易场所;市场类型;标的身份;精确合约;数据对象;Schema确切版本;授权边界;字段中文映射;成员编号;资产编号;输入成员SHA-256;声明版本;声明内容SHA-256;Schema指纹;授权快照SHA-256;撤销事实;证据定位,只读取固定声明入口和information_schema注释摘要；不读取业务正文、价格、成交、订单簿、账户或凭据,该成员绑定当前版本九字段、唯一定位、成员/Schema/授权指纹和未撤销事实后追加不可变批次,58cce83072ee34edffde9ffae7b57104f60b49a8c9b051742f17d062b74c86a6,6d8c063c04eb02cc5c403067fed389705afe13e3dc1e8139af0c6163635c8bd2,92e2317ab33808587c45d85260f8470a02dafb044af8ae83dbdfff20668a40b0,78912e1b44c3620fbc1066df361b8e7c03361fc1b4dc8bdc55b0c504602773c9
source-identity-entry-discovery-20260810T054907+0800-2fabb3def319,ZI-c6ca120312806c1468e1741f,DS-000131,ETH,未登记,不可定位,0,无法判定,无法判定,未知,未知,未知,未知,未知,未知,未知,未知,未知,未知,未登记,未登记,未知,596462ea846e3b15707b59be416da11412b9e52c6d94c741ad5be0a70d1dfffe,未知,未知,未复验,IDENTITY_DECLARATION_MISSING,来源提供者;交易场所;市场类型;标的身份;精确合约;数据对象;Schema确切版本;授权边界;字段中文映射;成员编号;资产编号;输入成员SHA-256;声明版本;声明内容SHA-256;Schema指纹;授权快照SHA-256;撤销事实;证据定位,只读取固定声明入口和information_schema注释摘要；不读取业务正文、价格、成交、订单簿、账户或凭据,该成员绑定当前版本九字段、唯一定位、成员/Schema/授权指纹和未撤销事实后追加不可变批次,58cce83072ee34edffde9ffae7b57104f60b49a8c9b051742f17d062b74c86a6,6d8c063c04eb02cc5c403067fed389705afe13e3dc1e8139af0c6163635c8bd2,92e2317ab33808587c45d85260f8470a02dafb044af8ae83dbdfff20668a40b0,7cee45eef7bb78d64220f93427bc781f10d1db5e046c65e80920c35dccf5e814
source-identity-entry-discovery-20260810T054907+0800-2fabb3def319,ZI-fa50ac0aca694ec35ea7d49d,DS-000132,ETH,未登记,不可定位,0,无法判定,无法判定,未知,未知,未知,未知,未知,未知,未知,未知,未知,未知,未登记,未登记,未知,b92d68f0c6a28fd076fc8affb08361f7b721d840be639dd0fdcd9e4063f945e2,未知,未知,未复验,IDENTITY_DECLARATION_MISSING,来源提供者;交易场所;市场类型;标的身份;精确合约;数据对象;Schema确切版本;授权边界;字段中文映射;成员编号;资产编号;输入成员SHA-256;声明版本;声明内容SHA-256;Schema指纹;授权快照SHA-256;撤销事实;证据定位,只读取固定声明入口和information_schema注释摘要；不读取业务正文、价格、成交、订单簿、账户或凭据,该成员绑定当前版本九字段、唯一定位、成员/Schema/授权指纹和未撤销事实后追加不可变批次,58cce83072ee34edffde9ffae7b57104f60b49a8c9b051742f17d062b74c86a6,6d8c063c04eb02cc5c403067fed389705afe13e3dc1e8139af0c6163635c8bd2,92e2317ab33808587c45d85260f8470a02dafb044af8ae83dbdfff20668a40b0,770153b497c39d39fadab6e331d0aeb6df25cc6c0b489447589c09f72d7f8882
source-identity-entry-discovery-20260810T054907+0800-2fabb3def319,ZI-f544842772244a2c3b3b1523,DS-000133,ETH,未登记,不可定位,0,无法判定,无法判定,未知,未知,未知,未知,未知,未知,未知,未知,未知,未知,未登记,未登记,未知,d49b3cdefe936c41685bf10613de132b9f5d9198120e45aae55859f797788158,未知,未知,未复验,IDENTITY_DECLARATION_MISSING,来源提供者;交易场所;市场类型;标的身份;精确合约;数据对象;Schema确切版本;授权边界;字段中文映射;成员编号;资产编号;输入成员SHA-256;声明版本;声明内容SHA-256;Schema指纹;授权快照SHA-256;撤销事实;证据定位,只读取固定声明入口和information_schema注释摘要；不读取业务正文、价格、成交、订单簿、账户或凭据,该成员绑定当前版本九字段、唯一定位、成员/Schema/授权指纹和未撤销事实后追加不可变批次,58cce83072ee34edffde9ffae7b57104f60b49a8c9b051742f17d062b74c86a6,6d8c063c04eb02cc5c403067fed389705afe13e3dc1e8139af0c6163635c8bd2,92e2317ab33808587c45d85260f8470a02dafb044af8ae83dbdfff20668a40b0,964437088f526eaa988924b59cee6fd12e2e0fba1608c88829c104837848c5f9
source-identity-entry-discovery-20260810T054907+0800-2fabb3def319,ZI-f50adb5a90eeb1431aaf8e6f,DS-000134,ETH,未登记,不可定位,0,无法判定,无法判定,未知,未知,未知,未知,未知,未知,未知,未知,未知,未知,未登记,未登记,未知,0e6fc6a736706f9c8311f0bcd6cac49d78a213f394e2feafda517cd5a5854e7d,未知,未知,未复验,IDENTITY_DECLARATION_MISSING,来源提供者;交易场所;市场类型;标的身份;精确合约;数据对象;Schema确切版本;授权边界;字段中文映射;成员编号;资产编号;输入成员SHA-256;声明版本;声明内容SHA-256;Schema指纹;授权快照SHA-256;撤销事实;证据定位,只读取固定声明入口和information_schema注释摘要；不读取业务正文、价格、成交、订单簿、账户或凭据,该成员绑定当前版本九字段、唯一定位、成员/Schema/授权指纹和未撤销事实后追加不可变批次,58cce83072ee34edffde9ffae7b57104f60b49a8c9b051742f17d062b74c86a6,6d8c063c04eb02cc5c403067fed389705afe13e3dc1e8139af0c6163635c8bd2,92e2317ab33808587c45d85260f8470a02dafb044af8ae83dbdfff20668a40b0,44617d753dbf0dab513e21c4a4625728e4199c2e6adbc6a131305e71db91075c
source-identity-entry-discovery-20260810T054907+0800-2fabb3def319,ZI-ac125017000539cbb186e9e0,DS-000135,ETH,未登记,不可定位,0,无法判定,无法判定,未知,未知,未知,未知,未知,未知,未知,未知,未知,未知,未登记,未登记,未知,6ed4afcb16dadb13cea1399f219a898bff5d238791ebd03cea6a0bd7d98b1ff5,未知,未知,未复验,IDENTITY_DECLARATION_MISSING,来源提供者;交易场所;市场类型;标的身份;精确合约;数据对象;Schema确切版本;授权边界;字段中文映射;成员编号;资产编号;输入成员SHA-256;声明版本;声明内容SHA-256;Schema指纹;授权快照SHA-256;撤销事实;证据定位,只读取固定声明入口和information_schema注释摘要；不读取业务正文、价格、成交、订单簿、账户或凭据,该成员绑定当前版本九字段、唯一定位、成员/Schema/授权指纹和未撤销事实后追加不可变批次,58cce83072ee34edffde9ffae7b57104f60b49a8c9b051742f17d062b74c86a6,6d8c063c04eb02cc5c403067fed389705afe13e3dc1e8139af0c6163635c8bd2,92e2317ab33808587c45d85260f8470a02dafb044af8ae83dbdfff20668a40b0,acb048d4f77f600a6029402c3a23f64e0181ea3e3054065c11b307c5e1bbb735
source-identity-entry-discovery-20260810T054907+0800-2fabb3def319,ZI-8a4556082f31195079e25714,DS-000136,ETH,未登记,不可定位,0,无法判定,无法判定,未知,未知,未知,未知,未知,未知,未知,未知,未知,未知,未登记,未登记,未知,c642096c5b9e47e8fb6d3af1ce33b6503b701f275d986dc3c80518fafa656b62,未知,未知,未复验,IDENTITY_DECLARATION_MISSING,来源提供者;交易场所;市场类型;标的身份;精确合约;数据对象;Schema确切版本;授权边界;字段中文映射;成员编号;资产编号;输入成员SHA-256;声明版本;声明内容SHA-256;Schema指纹;授权快照SHA-256;撤销事实;证据定位,只读取固定声明入口和information_schema注释摘要；不读取业务正文、价格、成交、订单簿、账户或凭据,该成员绑定当前版本九字段、唯一定位、成员/Schema/授权指纹和未撤销事实后追加不可变批次,58cce83072ee34edffde9ffae7b57104f60b49a8c9b051742f17d062b74c86a6,6d8c063c04eb02cc5c403067fed389705afe13e3dc1e8139af0c6163635c8bd2,92e2317ab33808587c45d85260f8470a02dafb044af8ae83dbdfff20668a40b0,1ec99111cda62d17a7bbe0c2329edf454a74f9512f5da20309780d97f78f42f6
source-identity-entry-discovery-20260810T054907+0800-2fabb3def319,ZI-7fbd50767008b59c67c6188b,DS-000137,ETH,未登记,不可定位,0,无法判定,无法判定,未知,未知,未知,未知,未知,未知,未知,未知,未知,未知,未登记,未登记,未知,85fd815ad566ecce9ab78d9848bdc57c2a3a789413ea3fae7ede25ed0d770f0f,未知,未知,未复验,IDENTITY_DECLARATION_MISSING,来源提供者;交易场所;市场类型;标的身份;精确合约;数据对象;Schema确切版本;授权边界;字段中文映射;成员编号;资产编号;输入成员SHA-256;声明版本;声明内容SHA-256;Schema指纹;授权快照SHA-256;撤销事实;证据定位,只读取固定声明入口和information_schema注释摘要；不读取业务正文、价格、成交、订单簿、账户或凭据,该成员绑定当前版本九字段、唯一定位、成员/Schema/授权指纹和未撤销事实后追加不可变批次,58cce83072ee34edffde9ffae7b57104f60b49a8c9b051742f17d062b74c86a6,6d8c063c04eb02cc5c403067fed389705afe13e3dc1e8139af0c6163635c8bd2,92e2317ab33808587c45d85260f8470a02dafb044af8ae83dbdfff20668a40b0,19dc1b0e9325259d0c47f12068527de30ae90274ca8888a06c5bfe45e72e8059
source-identity-entry-discovery-20260810T054907+0800-2fabb3def319,ZI-d42dfffaf1e7325a9791ebb0,DS-000138,ETH,未登记,不可定位,0,无法判定,无法判定,未知,未知,未知,未知,未知,未知,未知,未知,未知,未知,未登记,未登记,未知,91cc4ad9a33161955c014a7f07d248bcafc3f5be08813d91e27a18d6a42f55c4,未知,未知,未复验,IDENTITY_DECLARATION_MISSING,来源提供者;交易场所;市场类型;标的身份;精确合约;数据对象;Schema确切版本;授权边界;字段中文映射;成员编号;资产编号;输入成员SHA-256;声明版本;声明内容SHA-256;Schema指纹;授权快照SHA-256;撤销事实;证据定位,只读取固定声明入口和information_schema注释摘要；不读取业务正文、价格、成交、订单簿、账户或凭据,该成员绑定当前版本九字段、唯一定位、成员/Schema/授权指纹和未撤销事实后追加不可变批次,58cce83072ee34edffde9ffae7b57104f60b49a8c9b051742f17d062b74c86a6,6d8c063c04eb02cc5c403067fed389705afe13e3dc1e8139af0c6163635c8bd2,92e2317ab33808587c45d85260f8470a02dafb044af8ae83dbdfff20668a40b0,bbf8efc5c52ea50d374217e5626d663506da1759d290c5deffa496d0cfd3d3be
source-identity-entry-discovery-20260810T054907+0800-2fabb3def319,ZI-6f1fa6a3669f54977b46b883,DS-000139,ETH,未登记,不可定位,0,无法判定,无法判定,未知,未知,未知,未知,未知,未知,未知,未知,未知,未知,未登记,未登记,未知,fe64d848475c7415a5eb6c92b24f0b9a75641d0388cb76d8ab63008be5e3a74a,未知,未知,未复验,IDENTITY_DECLARATION_MISSING,来源提供者;交易场所;市场类型;标的身份;精确合约;数据对象;Schema确切版本;授权边界;字段中文映射;成员编号;资产编号;输入成员SHA-256;声明版本;声明内容SHA-256;Schema指纹;授权快照SHA-256;撤销事实;证据定位,只读取固定声明入口和information_schema注释摘要；不读取业务正文、价格、成交、订单簿、账户或凭据,该成员绑定当前版本九字段、唯一定位、成员/Schema/授权指纹和未撤销事实后追加不可变批次,58cce83072ee34edffde9ffae7b57104f60b49a8c9b051742f17d062b74c86a6,6d8c063c04eb02cc5c403067fed389705afe13e3dc1e8139af0c6163635c8bd2,92e2317ab33808587c45d85260f8470a02dafb044af8ae83dbdfff20668a40b0,5ad685433b467ca772cd3b25b1c837ed9650b1ee9c7fd7da6c1c38af0ef4eb05
source-identity-entry-discovery-20260810T054907+0800-2fabb3def319,ZI-9ae4aebc405506a01a9d8535,DS-000140,ETH,未登记,不可定位,0,无法判定,无法判定,未知,未知,未知,未知,未知,未知,未知,未知,未知,未知,未登记,未登记,未知,009afddc569c187b643514b715c578f909c030480467dad3f80f258b9e5dba7d,未知,未知,未复验,IDENTITY_DECLARATION_MISSING,来源提供者;交易场所;市场类型;标的身份;精确合约;数据对象;Schema确切版本;授权边界;字段中文映射;成员编号;资产编号;输入成员SHA-256;声明版本;声明内容SHA-256;Schema指纹;授权快照SHA-256;撤销事实;证据定位,只读取固定声明入口和information_schema注释摘要；不读取业务正文、价格、成交、订单簿、账户或凭据,该成员绑定当前版本九字段、唯一定位、成员/Schema/授权指纹和未撤销事实后追加不可变批次,58cce83072ee34edffde9ffae7b57104f60b49a8c9b051742f17d062b74c86a6,6d8c063c04eb02cc5c403067fed389705afe13e3dc1e8139af0c6163635c8bd2,92e2317ab33808587c45d85260f8470a02dafb044af8ae83dbdfff20668a40b0,f7c1a5644b63299723b94987705ec9c892524efb905b9667fd4c644868d15ac8
source-identity-entry-discovery-20260810T054907+0800-2fabb3def319,ZI-c4e271ec601f60ae22ae68de,DS-000141,ETH,未登记,不可定位,0,无法判定,无法判定,未知,未知,未知,未知,未知,未知,未知,未知,未知,未知,未登记,未登记,未知,27f7235cee2d01a99bf0f9f1109e9272501fdb8df65e8befd348f081a6e8a5b8,未知,未知,未复验,IDENTITY_DECLARATION_MISSING,来源提供者;交易场所;市场类型;标的身份;精确合约;数据对象;Schema确切版本;授权边界;字段中文映射;成员编号;资产编号;输入成员SHA-256;声明版本;声明内容SHA-256;Schema指纹;授权快照SHA-256;撤销事实;证据定位,只读取固定声明入口和information_schema注释摘要；不读取业务正文、价格、成交、订单簿、账户或凭据,该成员绑定当前版本九字段、唯一定位、成员/Schema/授权指纹和未撤销事实后追加不可变批次,58cce83072ee34edffde9ffae7b57104f60b49a8c9b051742f17d062b74c86a6,6d8c063c04eb02cc5c403067fed389705afe13e3dc1e8139af0c6163635c8bd2,92e2317ab33808587c45d85260f8470a02dafb044af8ae83dbdfff20668a40b0,9bbe3d0d842a9000aa0bd14335096fe447c118d562dc80b5a3a1c135f4847a21
source-identity-entry-discovery-20260810T054907+0800-2fabb3def319,ZI-6342bb9c8d59867fd7bda81e,DS-000142,ETH,未登记,不可定位,0,无法判定,无法判定,未知,未知,未知,未知,未知,未知,未知,未知,未知,未知,未登记,未登记,未知,80fa1bd6e7005895cf660e56647c09e7daa74e86af408dd82f83ee4d04c6f8b5,未知,未知,未复验,IDENTITY_DECLARATION_MISSING,来源提供者;交易场所;市场类型;标的身份;精确合约;数据对象;Schema确切版本;授权边界;字段中文映射;成员编号;资产编号;输入成员SHA-256;声明版本;声明内容SHA-256;Schema指纹;授权快照SHA-256;撤销事实;证据定位,只读取固定声明入口和information_schema注释摘要；不读取业务正文、价格、成交、订单簿、账户或凭据,该成员绑定当前版本九字段、唯一定位、成员/Schema/授权指纹和未撤销事实后追加不可变批次,58cce83072ee34edffde9ffae7b57104f60b49a8c9b051742f17d062b74c86a6,6d8c063c04eb02cc5c403067fed389705afe13e3dc1e8139af0c6163635c8bd2,92e2317ab33808587c45d85260f8470a02dafb044af8ae83dbdfff20668a40b0,32e46f00bf7f2b2001a96cbdef3934d6474e45ba84528f11a031e4539bac1464
source-identity-entry-discovery-20260810T054907+0800-2fabb3def319,ZI-489d5d8588e9630edc50e1b1,DS-000143,ETH,未登记,不可定位,0,无法判定,无法判定,未知,未知,未知,未知,未知,未知,未知,未知,未知,未知,未登记,未登记,未知,4d297614b41f56e3ac145165007736d4e5d0fc857ba98d3ee2525ae214f66bb1,未知,未知,未复验,IDENTITY_DECLARATION_MISSING,来源提供者;交易场所;市场类型;标的身份;精确合约;数据对象;Schema确切版本;授权边界;字段中文映射;成员编号;资产编号;输入成员SHA-256;声明版本;声明内容SHA-256;Schema指纹;授权快照SHA-256;撤销事实;证据定位,只读取固定声明入口和information_schema注释摘要；不读取业务正文、价格、成交、订单簿、账户或凭据,该成员绑定当前版本九字段、唯一定位、成员/Schema/授权指纹和未撤销事实后追加不可变批次,58cce83072ee34edffde9ffae7b57104f60b49a8c9b051742f17d062b74c86a6,6d8c063c04eb02cc5c403067fed389705afe13e3dc1e8139af0c6163635c8bd2,92e2317ab33808587c45d85260f8470a02dafb044af8ae83dbdfff20668a40b0,6f7ce58004460c669ec50534ca78954546371ac061791aa1aec43099f9adb845
source-identity-entry-discovery-20260810T054907+0800-2fabb3def319,ZI-eeabae9bad9c7be33d76a591,DS-000144,ETH,未登记,不可定位,0,无法判定,无法判定,未知,未知,未知,未知,未知,未知,未知,未知,未知,未知,未登记,未登记,未知,a37f1429695718fc7f7e8f2425da19674e90d6a02d7bb8ff8ce85e66a4f07074,未知,未知,未复验,IDENTITY_DECLARATION_MISSING,来源提供者;交易场所;市场类型;标的身份;精确合约;数据对象;Schema确切版本;授权边界;字段中文映射;成员编号;资产编号;输入成员SHA-256;声明版本;声明内容SHA-256;Schema指纹;授权快照SHA-256;撤销事实;证据定位,只读取固定声明入口和information_schema注释摘要；不读取业务正文、价格、成交、订单簿、账户或凭据,该成员绑定当前版本九字段、唯一定位、成员/Schema/授权指纹和未撤销事实后追加不可变批次,58cce83072ee34edffde9ffae7b57104f60b49a8c9b051742f17d062b74c86a6,6d8c063c04eb02cc5c403067fed389705afe13e3dc1e8139af0c6163635c8bd2,92e2317ab33808587c45d85260f8470a02dafb044af8ae83dbdfff20668a40b0,9eac1c730fc42c4243bcd1605f1cdf6c3bde12fc52fd43160d5892bef5dceb4d
source-identity-entry-discovery-20260810T054907+0800-2fabb3def319,ZI-8879fe92abceecb6a371d5c7,DS-000145,ETH,未登记,不可定位,0,无法判定,无法判定,未知,未知,未知,未知,未知,未知,未知,未知,未知,未知,未登记,未登记,未知,12ba9cb4812d9b25d1ce7250ee24a6ecbad7c3e14871b3b350b5ff102581369a,未知,未知,未复验,IDENTITY_DECLARATION_MISSING,来源提供者;交易场所;市场类型;标的身份;精确合约;数据对象;Schema确切版本;授权边界;字段中文映射;成员编号;资产编号;输入成员SHA-256;声明版本;声明内容SHA-256;Schema指纹;授权快照SHA-256;撤销事实;证据定位,只读取固定声明入口和information_schema注释摘要；不读取业务正文、价格、成交、订单簿、账户或凭据,该成员绑定当前版本九字段、唯一定位、成员/Schema/授权指纹和未撤销事实后追加不可变批次,58cce83072ee34edffde9ffae7b57104f60b49a8c9b051742f17d062b74c86a6,6d8c063c04eb02cc5c403067fed389705afe13e3dc1e8139af0c6163635c8bd2,92e2317ab33808587c45d85260f8470a02dafb044af8ae83dbdfff20668a40b0,19abb09cd45f2a4d11ea758493cf4475773614163b7600be473d708f3c35f73b
source-identity-entry-discovery-20260810T054907+0800-2fabb3def319,ZI-9e34c2cb88810c462910e30d,DS-000146,ETH,未登记,不可定位,0,无法判定,无法判定,未知,未知,未知,未知,未知,未知,未知,未知,未知,未知,未登记,未登记,未知,c3cc5610c7e0e33b392b2bdea0167adef56d57f070b3e427f342c684b3ea0688,未知,未知,未复验,IDENTITY_DECLARATION_MISSING,来源提供者;交易场所;市场类型;标的身份;精确合约;数据对象;Schema确切版本;授权边界;字段中文映射;成员编号;资产编号;输入成员SHA-256;声明版本;声明内容SHA-256;Schema指纹;授权快照SHA-256;撤销事实;证据定位,只读取固定声明入口和information_schema注释摘要；不读取业务正文、价格、成交、订单簿、账户或凭据,该成员绑定当前版本九字段、唯一定位、成员/Schema/授权指纹和未撤销事实后追加不可变批次,58cce83072ee34edffde9ffae7b57104f60b49a8c9b051742f17d062b74c86a6,6d8c063c04eb02cc5c403067fed389705afe13e3dc1e8139af0c6163635c8bd2,92e2317ab33808587c45d85260f8470a02dafb044af8ae83dbdfff20668a40b0,9be9bce0c9769f7e5896bfc35afc32112d05e40ae105d4f16cc24bfe3700a6e0
source-identity-entry-discovery-20260810T054907+0800-2fabb3def319,ZI-8461f08f625565257213a23c,DS-000147,ETH,未登记,不可定位,0,无法判定,无法判定,未知,未知,未知,未知,未知,未知,未知,未知,未知,未知,未登记,未登记,未知,ffc57781fb71aec9cd924574bd3fbe2cedfaba4f4cb581fe866c9a9d0dbed1a9,未知,未知,未复验,IDENTITY_DECLARATION_MISSING,来源提供者;交易场所;市场类型;标的身份;精确合约;数据对象;Schema确切版本;授权边界;字段中文映射;成员编号;资产编号;输入成员SHA-256;声明版本;声明内容SHA-256;Schema指纹;授权快照SHA-256;撤销事实;证据定位,只读取固定声明入口和information_schema注释摘要；不读取业务正文、价格、成交、订单簿、账户或凭据,该成员绑定当前版本九字段、唯一定位、成员/Schema/授权指纹和未撤销事实后追加不可变批次,58cce83072ee34edffde9ffae7b57104f60b49a8c9b051742f17d062b74c86a6,6d8c063c04eb02cc5c403067fed389705afe13e3dc1e8139af0c6163635c8bd2,92e2317ab33808587c45d85260f8470a02dafb044af8ae83dbdfff20668a40b0,15aeae8cc7169771980e32216aa1049b92cff386519ac4459c9cf05c4c96fc48
source-identity-entry-discovery-20260810T054907+0800-2fabb3def319,ZI-2ce49af2946877d7f4f7ea4b,DS-000148,ETH,未登记,不可定位,0,无法判定,无法判定,未知,未知,未知,未知,未知,未知,未知,未知,未知,未知,未登记,未登记,未知,3a02343642236a2a3e657efef9c7518e0c47343c29a0fed06dac9abe93d62260,未知,未知,未复验,IDENTITY_DECLARATION_MISSING,来源提供者;交易场所;市场类型;标的身份;精确合约;数据对象;Schema确切版本;授权边界;字段中文映射;成员编号;资产编号;输入成员SHA-256;声明版本;声明内容SHA-256;Schema指纹;授权快照SHA-256;撤销事实;证据定位,只读取固定声明入口和information_schema注释摘要；不读取业务正文、价格、成交、订单簿、账户或凭据,该成员绑定当前版本九字段、唯一定位、成员/Schema/授权指纹和未撤销事实后追加不可变批次,58cce83072ee34edffde9ffae7b57104f60b49a8c9b051742f17d062b74c86a6,6d8c063c04eb02cc5c403067fed389705afe13e3dc1e8139af0c6163635c8bd2,92e2317ab33808587c45d85260f8470a02dafb044af8ae83dbdfff20668a40b0,5d21ba443641ccd673c63cdecd534beb71683eea01f73a1d8840c943c2018015
source-identity-entry-discovery-20260810T054907+0800-2fabb3def319,ZI-52ce2e32211b7fe8ae9f82c6,DS-000149,ETH,未登记,不可定位,0,无法判定,无法判定,未知,未知,未知,未知,未知,未知,未知,未知,未知,未知,未登记,未登记,未知,a873240ba93a952953aa11ac5f6f40fac71db86b7055f9b2d8541c48f40d345b,未知,未知,未复验,IDENTITY_DECLARATION_MISSING,来源提供者;交易场所;市场类型;标的身份;精确合约;数据对象;Schema确切版本;授权边界;字段中文映射;成员编号;资产编号;输入成员SHA-256;声明版本;声明内容SHA-256;Schema指纹;授权快照SHA-256;撤销事实;证据定位,只读取固定声明入口和information_schema注释摘要；不读取业务正文、价格、成交、订单簿、账户或凭据,该成员绑定当前版本九字段、唯一定位、成员/Schema/授权指纹和未撤销事实后追加不可变批次,58cce83072ee34edffde9ffae7b57104f60b49a8c9b051742f17d062b74c86a6,6d8c063c04eb02cc5c403067fed389705afe13e3dc1e8139af0c6163635c8bd2,92e2317ab33808587c45d85260f8470a02dafb044af8ae83dbdfff20668a40b0,ebb7b7514930993a328f1e00581a0213fc4196c0f2f03831f789d1da2987fa26
source-identity-entry-discovery-20260810T054907+0800-2fabb3def319,ZI-49395e6c68a237ad8cf076ee,DS-000150,ETH,未登记,不可定位,0,无法判定,无法判定,未知,未知,未知,未知,未知,未知,未知,未知,未知,未知,未登记,未登记,未知,40939ad30387a7158ed57b306fe0d71798f08cbe52327025d40af30da47e9dc6,未知,未知,未复验,IDENTITY_DECLARATION_MISSING,来源提供者;交易场所;市场类型;标的身份;精确合约;数据对象;Schema确切版本;授权边界;字段中文映射;成员编号;资产编号;输入成员SHA-256;声明版本;声明内容SHA-256;Schema指纹;授权快照SHA-256;撤销事实;证据定位,只读取固定声明入口和information_schema注释摘要；不读取业务正文、价格、成交、订单簿、账户或凭据,该成员绑定当前版本九字段、唯一定位、成员/Schema/授权指纹和未撤销事实后追加不可变批次,58cce83072ee34edffde9ffae7b57104f60b49a8c9b051742f17d062b74c86a6,6d8c063c04eb02cc5c403067fed389705afe13e3dc1e8139af0c6163635c8bd2,92e2317ab33808587c45d85260f8470a02dafb044af8ae83dbdfff20668a40b0,6123be45d398c74413a6c2d3f1012411b0df59d82ededcaab57b50e051d15a51
source-identity-entry-discovery-20260810T054907+0800-2fabb3def319,ZI-5c9ff569ed602db0d19a25b4,DS-000151,ETH,未登记,不可定位,0,无法判定,无法判定,未知,未知,未知,未知,未知,未知,未知,未知,未知,未知,未登记,未登记,未知,576e8c8e6487f15c636a679f4a040797e58715ed5fcaeaa34cc9be2b42fc0bd9,未知,未知,未复验,IDENTITY_DECLARATION_MISSING,来源提供者;交易场所;市场类型;标的身份;精确合约;数据对象;Schema确切版本;授权边界;字段中文映射;成员编号;资产编号;输入成员SHA-256;声明版本;声明内容SHA-256;Schema指纹;授权快照SHA-256;撤销事实;证据定位,只读取固定声明入口和information_schema注释摘要；不读取业务正文、价格、成交、订单簿、账户或凭据,该成员绑定当前版本九字段、唯一定位、成员/Schema/授权指纹和未撤销事实后追加不可变批次,58cce83072ee34edffde9ffae7b57104f60b49a8c9b051742f17d062b74c86a6,6d8c063c04eb02cc5c403067fed389705afe13e3dc1e8139af0c6163635c8bd2,92e2317ab33808587c45d85260f8470a02dafb044af8ae83dbdfff20668a40b0,dd936a5886e441c888213fbd0ea68a34be53cfb2964a973328d78fdade6384ca
source-identity-entry-discovery-20260810T054907+0800-2fabb3def319,ZI-eb6b36437e73935e6892948b,DS-000152,ETH,未登记,不可定位,0,无法判定,无法判定,未知,未知,未知,未知,未知,未知,未知,未知,未知,未知,未登记,未登记,未知,72c373f523c68c010f48416824dc922cc7bdcb6a7af086a80aff26503846cc1f,未知,未知,未复验,IDENTITY_DECLARATION_MISSING,来源提供者;交易场所;市场类型;标的身份;精确合约;数据对象;Schema确切版本;授权边界;字段中文映射;成员编号;资产编号;输入成员SHA-256;声明版本;声明内容SHA-256;Schema指纹;授权快照SHA-256;撤销事实;证据定位,只读取固定声明入口和information_schema注释摘要；不读取业务正文、价格、成交、订单簿、账户或凭据,该成员绑定当前版本九字段、唯一定位、成员/Schema/授权指纹和未撤销事实后追加不可变批次,58cce83072ee34edffde9ffae7b57104f60b49a8c9b051742f17d062b74c86a6,6d8c063c04eb02cc5c403067fed389705afe13e3dc1e8139af0c6163635c8bd2,92e2317ab33808587c45d85260f8470a02dafb044af8ae83dbdfff20668a40b0,37be15f95cf60abb1e912661888ad26dbb57bc73ffdd8087f8ef6ccdc9bf5e01
source-identity-entry-discovery-20260810T054907+0800-2fabb3def319,ZI-7d0eac7d55708c645db23f34,DS-000153,ETH,未登记,不可定位,0,无法判定,无法判定,未知,未知,未知,未知,未知,未知,未知,未知,未知,未知,未登记,未登记,未知,546a99b7d0834c6f48dec4b7ae8905dcf109bb0225eadb4e316d5042925f9656,未知,未知,未复验,IDENTITY_DECLARATION_MISSING,来源提供者;交易场所;市场类型;标的身份;精确合约;数据对象;Schema确切版本;授权边界;字段中文映射;成员编号;资产编号;输入成员SHA-256;声明版本;声明内容SHA-256;Schema指纹;授权快照SHA-256;撤销事实;证据定位,只读取固定声明入口和information_schema注释摘要；不读取业务正文、价格、成交、订单簿、账户或凭据,该成员绑定当前版本九字段、唯一定位、成员/Schema/授权指纹和未撤销事实后追加不可变批次,58cce83072ee34edffde9ffae7b57104f60b49a8c9b051742f17d062b74c86a6,6d8c063c04eb02cc5c403067fed389705afe13e3dc1e8139af0c6163635c8bd2,92e2317ab33808587c45d85260f8470a02dafb044af8ae83dbdfff20668a40b0,ccc79a88da11dc8a1552c135a8cec3c5909669f1ba3b0f856a013038f451b0fa
source-identity-entry-discovery-20260810T054907+0800-2fabb3def319,ZI-881ed8dfa8b5bd2659a6c1a3,DS-000154,ETH,未登记,不可定位,0,无法判定,无法判定,未知,未知,未知,未知,未知,未知,未知,未知,未知,未知,未登记,未登记,未知,ee9e0ae362a297ec3bf7aa435152701795b513a1aff9467f7d54516156653425,未知,未知,未复验,IDENTITY_DECLARATION_MISSING,来源提供者;交易场所;市场类型;标的身份;精确合约;数据对象;Schema确切版本;授权边界;字段中文映射;成员编号;资产编号;输入成员SHA-256;声明版本;声明内容SHA-256;Schema指纹;授权快照SHA-256;撤销事实;证据定位,只读取固定声明入口和information_schema注释摘要；不读取业务正文、价格、成交、订单簿、账户或凭据,该成员绑定当前版本九字段、唯一定位、成员/Schema/授权指纹和未撤销事实后追加不可变批次,58cce83072ee34edffde9ffae7b57104f60b49a8c9b051742f17d062b74c86a6,6d8c063c04eb02cc5c403067fed389705afe13e3dc1e8139af0c6163635c8bd2,92e2317ab33808587c45d85260f8470a02dafb044af8ae83dbdfff20668a40b0,31d03f67a392622e92718b4e217c31509e5fc3985a7e68f7fb76abe7ddb3ddb2
source-identity-entry-discovery-20260810T054907+0800-2fabb3def319,ZI-f73068a8f2789ebf663e39a2,DS-000155,ETH,未登记,不可定位,0,无法判定,无法判定,未知,未知,未知,未知,未知,未知,未知,未知,未知,未知,未登记,未登记,未知,6f2aca25eaf8f6fd1197fd066869629e61faf4077b6408d812252f2149ddc42f,未知,未知,未复验,IDENTITY_DECLARATION_MISSING,来源提供者;交易场所;市场类型;标的身份;精确合约;数据对象;Schema确切版本;授权边界;字段中文映射;成员编号;资产编号;输入成员SHA-256;声明版本;声明内容SHA-256;Schema指纹;授权快照SHA-256;撤销事实;证据定位,只读取固定声明入口和information_schema注释摘要；不读取业务正文、价格、成交、订单簿、账户或凭据,该成员绑定当前版本九字段、唯一定位、成员/Schema/授权指纹和未撤销事实后追加不可变批次,58cce83072ee34edffde9ffae7b57104f60b49a8c9b051742f17d062b74c86a6,6d8c063c04eb02cc5c403067fed389705afe13e3dc1e8139af0c6163635c8bd2,92e2317ab33808587c45d85260f8470a02dafb044af8ae83dbdfff20668a40b0,f279032a7a4faff0edb3af7ae4553231300bcede0a3b19a4c63d3c8b82209e3d
source-identity-entry-discovery-20260810T054907+0800-2fabb3def319,ZI-ea32ed6152cd1b5d242e9e24,DS-000156,ETH,未登记,不可定位,0,无法判定,无法判定,未知,未知,未知,未知,未知,未知,未知,未知,未知,未知,未登记,未登记,未知,a72715813de459c323b00c15154ac684ead7ae93d24f420a1fafec5468fa83e7,未知,未知,未复验,IDENTITY_DECLARATION_MISSING,来源提供者;交易场所;市场类型;标的身份;精确合约;数据对象;Schema确切版本;授权边界;字段中文映射;成员编号;资产编号;输入成员SHA-256;声明版本;声明内容SHA-256;Schema指纹;授权快照SHA-256;撤销事实;证据定位,只读取固定声明入口和information_schema注释摘要；不读取业务正文、价格、成交、订单簿、账户或凭据,该成员绑定当前版本九字段、唯一定位、成员/Schema/授权指纹和未撤销事实后追加不可变批次,58cce83072ee34edffde9ffae7b57104f60b49a8c9b051742f17d062b74c86a6,6d8c063c04eb02cc5c403067fed389705afe13e3dc1e8139af0c6163635c8bd2,92e2317ab33808587c45d85260f8470a02dafb044af8ae83dbdfff20668a40b0,006485224a9c6adfd9e0a6b5a0995a41988ff0a4d5a140c36971f81e70f4f06d
source-identity-entry-discovery-20260810T054907+0800-2fabb3def319,ZI-981a8cf3dd538295a0a64b3f,DS-000157,ETH,未登记,不可定位,0,无法判定,无法判定,未知,未知,未知,未知,未知,未知,未知,未知,未知,未知,未登记,未登记,未知,6eda5591fc0c247a607d37e4cdf6c45a53d77565384aa87932c05f3fdc45535c,未知,未知,未复验,IDENTITY_DECLARATION_MISSING,来源提供者;交易场所;市场类型;标的身份;精确合约;数据对象;Schema确切版本;授权边界;字段中文映射;成员编号;资产编号;输入成员SHA-256;声明版本;声明内容SHA-256;Schema指纹;授权快照SHA-256;撤销事实;证据定位,只读取固定声明入口和information_schema注释摘要；不读取业务正文、价格、成交、订单簿、账户或凭据,该成员绑定当前版本九字段、唯一定位、成员/Schema/授权指纹和未撤销事实后追加不可变批次,58cce83072ee34edffde9ffae7b57104f60b49a8c9b051742f17d062b74c86a6,6d8c063c04eb02cc5c403067fed389705afe13e3dc1e8139af0c6163635c8bd2,92e2317ab33808587c45d85260f8470a02dafb044af8ae83dbdfff20668a40b0,056db231aa62bb4a26f26ead073402917a8348f7478891b7d9c8df1ca4ba9883
source-identity-entry-discovery-20260810T054907+0800-2fabb3def319,ZI-e138d2140805838d1a7c0162,DS-000158,ETH,未登记,不可定位,0,无法判定,无法判定,未知,未知,未知,未知,未知,未知,未知,未知,未知,未知,未登记,未登记,未知,72f486a70d9704d448d87595639e86f5186ef95992b2c4885e6b2b8b853a9d1a,未知,未知,未复验,IDENTITY_DECLARATION_MISSING,来源提供者;交易场所;市场类型;标的身份;精确合约;数据对象;Schema确切版本;授权边界;字段中文映射;成员编号;资产编号;输入成员SHA-256;声明版本;声明内容SHA-256;Schema指纹;授权快照SHA-256;撤销事实;证据定位,只读取固定声明入口和information_schema注释摘要；不读取业务正文、价格、成交、订单簿、账户或凭据,该成员绑定当前版本九字段、唯一定位、成员/Schema/授权指纹和未撤销事实后追加不可变批次,58cce83072ee34edffde9ffae7b57104f60b49a8c9b051742f17d062b74c86a6,6d8c063c04eb02cc5c403067fed389705afe13e3dc1e8139af0c6163635c8bd2,92e2317ab33808587c45d85260f8470a02dafb044af8ae83dbdfff20668a40b0,4525a73ce43a5de4410d2f68978504d0d706b2617cc5c3418a6503c8ff8df351
source-identity-entry-discovery-20260810T054907+0800-2fabb3def319,ZI-389611b782028a821d4fd2fd,DS-000159,ETH,未登记,不可定位,0,无法判定,无法判定,未知,未知,未知,未知,未知,未知,未知,未知,未知,未知,未登记,未登记,未知,3542d314315b3e35751cb209f4c796189b505af0f86578c853de6478c418adba,未知,未知,未复验,IDENTITY_DECLARATION_MISSING,来源提供者;交易场所;市场类型;标的身份;精确合约;数据对象;Schema确切版本;授权边界;字段中文映射;成员编号;资产编号;输入成员SHA-256;声明版本;声明内容SHA-256;Schema指纹;授权快照SHA-256;撤销事实;证据定位,只读取固定声明入口和information_schema注释摘要；不读取业务正文、价格、成交、订单簿、账户或凭据,该成员绑定当前版本九字段、唯一定位、成员/Schema/授权指纹和未撤销事实后追加不可变批次,58cce83072ee34edffde9ffae7b57104f60b49a8c9b051742f17d062b74c86a6,6d8c063c04eb02cc5c403067fed389705afe13e3dc1e8139af0c6163635c8bd2,92e2317ab33808587c45d85260f8470a02dafb044af8ae83dbdfff20668a40b0,ed02883424216e8a36024f63cefdc0b46bd0f22fb13b0a893e500422987ecaea
source-identity-entry-discovery-20260810T054907+0800-2fabb3def319,ZI-ff9e46ee8a8d96eb44d5bf39,DS-000160,ETH,未登记,不可定位,0,无法判定,无法判定,未知,未知,未知,未知,未知,未知,未知,未知,未知,未知,未登记,未登记,未知,d7aa39396e7a11768826401789432108e5ab65f5340646b4925cc6bb9bf83dfb,未知,未知,未复验,IDENTITY_DECLARATION_MISSING,来源提供者;交易场所;市场类型;标的身份;精确合约;数据对象;Schema确切版本;授权边界;字段中文映射;成员编号;资产编号;输入成员SHA-256;声明版本;声明内容SHA-256;Schema指纹;授权快照SHA-256;撤销事实;证据定位,只读取固定声明入口和information_schema注释摘要；不读取业务正文、价格、成交、订单簿、账户或凭据,该成员绑定当前版本九字段、唯一定位、成员/Schema/授权指纹和未撤销事实后追加不可变批次,58cce83072ee34edffde9ffae7b57104f60b49a8c9b051742f17d062b74c86a6,6d8c063c04eb02cc5c403067fed389705afe13e3dc1e8139af0c6163635c8bd2,92e2317ab33808587c45d85260f8470a02dafb044af8ae83dbdfff20668a40b0,8178f4623e8f3ad538ff4e5d94980c5d127e77aadb915839e1ca340d11f18c5f
source-identity-entry-discovery-20260810T054907+0800-2fabb3def319,ZI-f9d8ea08ef193804ac5c2d24,DS-000161,ETH,未登记,不可定位,0,无法判定,无法判定,未知,未知,未知,未知,未知,未知,未知,未知,未知,未知,未登记,未登记,未知,ec01d645a01d99926ec9405f77b33b2cb182ca4135cfdfeeadee39f80bdbeab5,未知,未知,未复验,IDENTITY_DECLARATION_MISSING,来源提供者;交易场所;市场类型;标的身份;精确合约;数据对象;Schema确切版本;授权边界;字段中文映射;成员编号;资产编号;输入成员SHA-256;声明版本;声明内容SHA-256;Schema指纹;授权快照SHA-256;撤销事实;证据定位,只读取固定声明入口和information_schema注释摘要；不读取业务正文、价格、成交、订单簿、账户或凭据,该成员绑定当前版本九字段、唯一定位、成员/Schema/授权指纹和未撤销事实后追加不可变批次,58cce83072ee34edffde9ffae7b57104f60b49a8c9b051742f17d062b74c86a6,6d8c063c04eb02cc5c403067fed389705afe13e3dc1e8139af0c6163635c8bd2,92e2317ab33808587c45d85260f8470a02dafb044af8ae83dbdfff20668a40b0,539a0262b66c3fa4a9c8231f13052d408b6b32a7428d7eb6d53acde47c9e574e
source-identity-entry-discovery-20260810T054907+0800-2fabb3def319,ZI-e6288ec06bff9cdf648b4042,DS-000162,ETH,未登记,不可定位,0,无法判定,无法判定,未知,未知,未知,未知,未知,未知,未知,未知,未知,未知,未登记,未登记,未知,8bcd4a1f32df538b6b79746044da34ee5f0dd05800d6484cd0ba9601ce36ca5e,未知,未知,未复验,IDENTITY_DECLARATION_MISSING,来源提供者;交易场所;市场类型;标的身份;精确合约;数据对象;Schema确切版本;授权边界;字段中文映射;成员编号;资产编号;输入成员SHA-256;声明版本;声明内容SHA-256;Schema指纹;授权快照SHA-256;撤销事实;证据定位,只读取固定声明入口和information_schema注释摘要；不读取业务正文、价格、成交、订单簿、账户或凭据,该成员绑定当前版本九字段、唯一定位、成员/Schema/授权指纹和未撤销事实后追加不可变批次,58cce83072ee34edffde9ffae7b57104f60b49a8c9b051742f17d062b74c86a6,6d8c063c04eb02cc5c403067fed389705afe13e3dc1e8139af0c6163635c8bd2,92e2317ab33808587c45d85260f8470a02dafb044af8ae83dbdfff20668a40b0,73c286301c8905a961617a56f586840433bd5773ce593f73f4ab8778eb44b266
source-identity-entry-discovery-20260810T054907+0800-2fabb3def319,ZI-80b98789c86787fb429ef2e3,DS-000163,ETH,未登记,不可定位,0,无法判定,无法判定,未知,未知,未知,未知,未知,未知,未知,未知,未知,未知,未登记,未登记,未知,752b82b872a799d4af7a2c30cdbe801cc698881ef471389e897662c027aa4d11,未知,未知,未复验,IDENTITY_DECLARATION_MISSING,来源提供者;交易场所;市场类型;标的身份;精确合约;数据对象;Schema确切版本;授权边界;字段中文映射;成员编号;资产编号;输入成员SHA-256;声明版本;声明内容SHA-256;Schema指纹;授权快照SHA-256;撤销事实;证据定位,只读取固定声明入口和information_schema注释摘要；不读取业务正文、价格、成交、订单簿、账户或凭据,该成员绑定当前版本九字段、唯一定位、成员/Schema/授权指纹和未撤销事实后追加不可变批次,58cce83072ee34edffde9ffae7b57104f60b49a8c9b051742f17d062b74c86a6,6d8c063c04eb02cc5c403067fed389705afe13e3dc1e8139af0c6163635c8bd2,92e2317ab33808587c45d85260f8470a02dafb044af8ae83dbdfff20668a40b0,32ba5bedb0b8d345ab0c77609f216310db4a2980dfe313e53c9cadfeeed61ebc
source-identity-entry-discovery-20260810T054907+0800-2fabb3def319,ZI-1a15f6cb7a7b389c7ce47d98,DS-000164,ETH,未登记,不可定位,0,无法判定,拒绝,未知,未知,未知,未知,未知,未知,未知,未知,未知,未知,未登记,未登记,未知,cb3f2cfa1431a5e9847c70b5630e69fb57a0b38a928b2348486398c485d9bae6,未知,未知,未复验,IDENTITY_DECLARATION_MISSING,来源提供者;交易场所;市场类型;标的身份;精确合约;数据对象;Schema确切版本;授权边界;字段中文映射;成员编号;资产编号;输入成员SHA-256;声明版本;声明内容SHA-256;Schema指纹;授权快照SHA-256;撤销事实;证据定位,只读取固定声明入口和information_schema注释摘要；不读取业务正文、价格、成交、订单簿、账户或凭据,该成员绑定当前版本九字段、唯一定位、成员/Schema/授权指纹和未撤销事实后追加不可变批次,58cce83072ee34edffde9ffae7b57104f60b49a8c9b051742f17d062b74c86a6,6d8c063c04eb02cc5c403067fed389705afe13e3dc1e8139af0c6163635c8bd2,92e2317ab33808587c45d85260f8470a02dafb044af8ae83dbdfff20668a40b0,2044b98f9447822dfa000c376072d7d2707c4756f05e15973a9649aa9f609cf3
source-identity-entry-discovery-20260810T054907+0800-2fabb3def319,ZI-1941dc115ef30ebc9b56f4af,DS-000165,ETH,未登记,不可定位,0,无法判定,无法判定,未知,未知,未知,未知,未知,未知,未知,未知,未知,未知,未登记,未登记,未知,c3e43bdaf00cb3c1f31558af9d95c281dcf7b02f513783e1b2d81801c988131b,未知,未知,未复验,IDENTITY_DECLARATION_MISSING,来源提供者;交易场所;市场类型;标的身份;精确合约;数据对象;Schema确切版本;授权边界;字段中文映射;成员编号;资产编号;输入成员SHA-256;声明版本;声明内容SHA-256;Schema指纹;授权快照SHA-256;撤销事实;证据定位,只读取固定声明入口和information_schema注释摘要；不读取业务正文、价格、成交、订单簿、账户或凭据,该成员绑定当前版本九字段、唯一定位、成员/Schema/授权指纹和未撤销事实后追加不可变批次,58cce83072ee34edffde9ffae7b57104f60b49a8c9b051742f17d062b74c86a6,6d8c063c04eb02cc5c403067fed389705afe13e3dc1e8139af0c6163635c8bd2,92e2317ab33808587c45d85260f8470a02dafb044af8ae83dbdfff20668a40b0,1b16c61941aac8f5705baada3e6a5a491c62d495dc1e533d64e662e4d33e646d
source-identity-entry-discovery-20260810T054907+0800-2fabb3def319,ZI-314e1e22c6f8101d223a88b5,DS-000166,ETH,未登记,不可定位,0,无法判定,无法判定,未知,未知,未知,未知,未知,未知,未知,未知,未知,未知,未登记,未登记,未知,124c9805ad883e81114457ba70e09538f6482e40db071620d525d646cc62ca8e,未知,未知,未复验,IDENTITY_DECLARATION_MISSING,来源提供者;交易场所;市场类型;标的身份;精确合约;数据对象;Schema确切版本;授权边界;字段中文映射;成员编号;资产编号;输入成员SHA-256;声明版本;声明内容SHA-256;Schema指纹;授权快照SHA-256;撤销事实;证据定位,只读取固定声明入口和information_schema注释摘要；不读取业务正文、价格、成交、订单簿、账户或凭据,该成员绑定当前版本九字段、唯一定位、成员/Schema/授权指纹和未撤销事实后追加不可变批次,58cce83072ee34edffde9ffae7b57104f60b49a8c9b051742f17d062b74c86a6,6d8c063c04eb02cc5c403067fed389705afe13e3dc1e8139af0c6163635c8bd2,92e2317ab33808587c45d85260f8470a02dafb044af8ae83dbdfff20668a40b0,fe88736c8f63e3fc170516c644759a10f0f29481a4665dfa8451fd032c479070
source-identity-entry-discovery-20260810T054907+0800-2fabb3def319,ZI-5fd2b1e41bc22cd80f22c222,DS-000167,ETH,未登记,不可定位,0,无法判定,无法判定,未知,未知,未知,未知,未知,未知,未知,未知,未知,未知,未登记,未登记,未知,21e4a941e92f073fd4e7b87229f307e3ce1d789f3cfef3dadf9038462b8a8c68,未知,未知,未复验,IDENTITY_DECLARATION_MISSING,来源提供者;交易场所;市场类型;标的身份;精确合约;数据对象;Schema确切版本;授权边界;字段中文映射;成员编号;资产编号;输入成员SHA-256;声明版本;声明内容SHA-256;Schema指纹;授权快照SHA-256;撤销事实;证据定位,只读取固定声明入口和information_schema注释摘要；不读取业务正文、价格、成交、订单簿、账户或凭据,该成员绑定当前版本九字段、唯一定位、成员/Schema/授权指纹和未撤销事实后追加不可变批次,58cce83072ee34edffde9ffae7b57104f60b49a8c9b051742f17d062b74c86a6,6d8c063c04eb02cc5c403067fed389705afe13e3dc1e8139af0c6163635c8bd2,92e2317ab33808587c45d85260f8470a02dafb044af8ae83dbdfff20668a40b0,46cdf8ba1bd406e138f9b29a6e4c7b376be5bc7cb3392764b4994c77161a6867
source-identity-entry-discovery-20260810T054907+0800-2fabb3def319,ZI-89c2b7f24c75afde7f33de90,DS-000168,ETH,未登记,不可定位,0,无法判定,无法判定,未知,未知,未知,未知,未知,未知,未知,未知,未知,未知,未登记,未登记,未知,f8a62a522dbf19d9f77ac41019b29e0d5926d40fae094dc88dac45931309b6fa,未知,未知,未复验,IDENTITY_DECLARATION_MISSING,来源提供者;交易场所;市场类型;标的身份;精确合约;数据对象;Schema确切版本;授权边界;字段中文映射;成员编号;资产编号;输入成员SHA-256;声明版本;声明内容SHA-256;Schema指纹;授权快照SHA-256;撤销事实;证据定位,只读取固定声明入口和information_schema注释摘要；不读取业务正文、价格、成交、订单簿、账户或凭据,该成员绑定当前版本九字段、唯一定位、成员/Schema/授权指纹和未撤销事实后追加不可变批次,58cce83072ee34edffde9ffae7b57104f60b49a8c9b051742f17d062b74c86a6,6d8c063c04eb02cc5c403067fed389705afe13e3dc1e8139af0c6163635c8bd2,92e2317ab33808587c45d85260f8470a02dafb044af8ae83dbdfff20668a40b0,9c68065cac05b09678c2a3953ed68254d97122be6e708b416e7305b45912fd0e
source-identity-entry-discovery-20260810T054907+0800-2fabb3def319,ZI-be12db97204165cc34d89468,DS-000169,ETH,未登记,不可定位,0,无法判定,无法判定,未知,未知,未知,未知,未知,未知,未知,未知,未知,未知,未登记,未登记,未知,671abd7b1989a86c583e552837880726ae9a67b0aab16e05de13612a73d4ecdf,未知,未知,未复验,IDENTITY_DECLARATION_MISSING,来源提供者;交易场所;市场类型;标的身份;精确合约;数据对象;Schema确切版本;授权边界;字段中文映射;成员编号;资产编号;输入成员SHA-256;声明版本;声明内容SHA-256;Schema指纹;授权快照SHA-256;撤销事实;证据定位,只读取固定声明入口和information_schema注释摘要；不读取业务正文、价格、成交、订单簿、账户或凭据,该成员绑定当前版本九字段、唯一定位、成员/Schema/授权指纹和未撤销事实后追加不可变批次,58cce83072ee34edffde9ffae7b57104f60b49a8c9b051742f17d062b74c86a6,6d8c063c04eb02cc5c403067fed389705afe13e3dc1e8139af0c6163635c8bd2,92e2317ab33808587c45d85260f8470a02dafb044af8ae83dbdfff20668a40b0,a3d514eb17bf6118a78c1c413284afd937b7b9e6cb691f78ef3a59314d684ab2
source-identity-entry-discovery-20260810T054907+0800-2fabb3def319,ZI-7975e6ac233ceb6fe112822a,DS-000170,ETH,未登记,不可定位,0,无法判定,无法判定,未知,未知,未知,未知,未知,未知,未知,未知,未知,未知,未登记,未登记,未知,9880223dc66afea86d19de7288fac597977eb9007513637dd141df6bbb558cf1,未知,未知,未复验,IDENTITY_DECLARATION_MISSING,来源提供者;交易场所;市场类型;标的身份;精确合约;数据对象;Schema确切版本;授权边界;字段中文映射;成员编号;资产编号;输入成员SHA-256;声明版本;声明内容SHA-256;Schema指纹;授权快照SHA-256;撤销事实;证据定位,只读取固定声明入口和information_schema注释摘要；不读取业务正文、价格、成交、订单簿、账户或凭据,该成员绑定当前版本九字段、唯一定位、成员/Schema/授权指纹和未撤销事实后追加不可变批次,58cce83072ee34edffde9ffae7b57104f60b49a8c9b051742f17d062b74c86a6,6d8c063c04eb02cc5c403067fed389705afe13e3dc1e8139af0c6163635c8bd2,92e2317ab33808587c45d85260f8470a02dafb044af8ae83dbdfff20668a40b0,9c5345ff9b47bef81ac50303d6c68b8108ec760eaf8dbc70351a6746724a8aa3
source-identity-entry-discovery-20260810T054907+0800-2fabb3def319,ZI-8e1e251ad2644c622fe3251d,DS-000171,ETH,未登记,不可定位,0,无法判定,无法判定,未知,未知,未知,未知,未知,未知,未知,未知,未知,未知,未登记,未登记,未知,bafa83fba181792f378cb580dcfa6120abaf40fd3a0e15b52ee8bb9850b1d7c1,未知,未知,未复验,IDENTITY_DECLARATION_MISSING,来源提供者;交易场所;市场类型;标的身份;精确合约;数据对象;Schema确切版本;授权边界;字段中文映射;成员编号;资产编号;输入成员SHA-256;声明版本;声明内容SHA-256;Schema指纹;授权快照SHA-256;撤销事实;证据定位,只读取固定声明入口和information_schema注释摘要；不读取业务正文、价格、成交、订单簿、账户或凭据,该成员绑定当前版本九字段、唯一定位、成员/Schema/授权指纹和未撤销事实后追加不可变批次,58cce83072ee34edffde9ffae7b57104f60b49a8c9b051742f17d062b74c86a6,6d8c063c04eb02cc5c403067fed389705afe13e3dc1e8139af0c6163635c8bd2,92e2317ab33808587c45d85260f8470a02dafb044af8ae83dbdfff20668a40b0,058093e6093ee6a33b07259644db7a68fc760a46900369ad0010ac79fc8c69ad
source-identity-entry-discovery-20260810T054907+0800-2fabb3def319,ZI-aa4e4e76bfed966005c708d6,DS-000172,ETH,未登记,不可定位,0,无法判定,无法判定,未知,未知,未知,未知,未知,未知,未知,未知,未知,未知,未登记,未登记,未知,eb688bbf8774884808324cb917637b38b808edcce9636716f36c0c73a0bb1a70,未知,未知,未复验,IDENTITY_DECLARATION_MISSING,来源提供者;交易场所;市场类型;标的身份;精确合约;数据对象;Schema确切版本;授权边界;字段中文映射;成员编号;资产编号;输入成员SHA-256;声明版本;声明内容SHA-256;Schema指纹;授权快照SHA-256;撤销事实;证据定位,只读取固定声明入口和information_schema注释摘要；不读取业务正文、价格、成交、订单簿、账户或凭据,该成员绑定当前版本九字段、唯一定位、成员/Schema/授权指纹和未撤销事实后追加不可变批次,58cce83072ee34edffde9ffae7b57104f60b49a8c9b051742f17d062b74c86a6,6d8c063c04eb02cc5c403067fed389705afe13e3dc1e8139af0c6163635c8bd2,92e2317ab33808587c45d85260f8470a02dafb044af8ae83dbdfff20668a40b0,2c41c84293513d12b654227daf07a3c4f57596f10900ab24631c4e5f37cc875d
source-identity-entry-discovery-20260810T054907+0800-2fabb3def319,ZI-69c85807fb109670f590ba46,DS-000173,ETH,未登记,不可定位,0,无法判定,无法判定,未知,未知,未知,未知,未知,未知,未知,未知,未知,未知,未登记,未登记,未知,a06211053ef3792fd50827071a13e367103be5199d7b34c0e41b19e742bec238,未知,未知,未复验,IDENTITY_DECLARATION_MISSING,来源提供者;交易场所;市场类型;标的身份;精确合约;数据对象;Schema确切版本;授权边界;字段中文映射;成员编号;资产编号;输入成员SHA-256;声明版本;声明内容SHA-256;Schema指纹;授权快照SHA-256;撤销事实;证据定位,只读取固定声明入口和information_schema注释摘要；不读取业务正文、价格、成交、订单簿、账户或凭据,该成员绑定当前版本九字段、唯一定位、成员/Schema/授权指纹和未撤销事实后追加不可变批次,58cce83072ee34edffde9ffae7b57104f60b49a8c9b051742f17d062b74c86a6,6d8c063c04eb02cc5c403067fed389705afe13e3dc1e8139af0c6163635c8bd2,92e2317ab33808587c45d85260f8470a02dafb044af8ae83dbdfff20668a40b0,5c1b5dae88b3242ad74d30d447f081b64c72ef7a5bfe99a7ae085a5dce1d0139
source-identity-entry-discovery-20260810T054907+0800-2fabb3def319,ZI-0cb93df8f9f6ba3feaff5d8c,DS-000174,ETH,未登记,不可定位,0,无法判定,无法判定,未知,未知,未知,未知,未知,未知,未知,未知,未知,未知,未登记,未登记,未知,24bff6b100446afade335ff88ab048b5c675d812f75e01549793cae7f257d97f,未知,未知,未复验,IDENTITY_DECLARATION_MISSING,来源提供者;交易场所;市场类型;标的身份;精确合约;数据对象;Schema确切版本;授权边界;字段中文映射;成员编号;资产编号;输入成员SHA-256;声明版本;声明内容SHA-256;Schema指纹;授权快照SHA-256;撤销事实;证据定位,只读取固定声明入口和information_schema注释摘要；不读取业务正文、价格、成交、订单簿、账户或凭据,该成员绑定当前版本九字段、唯一定位、成员/Schema/授权指纹和未撤销事实后追加不可变批次,58cce83072ee34edffde9ffae7b57104f60b49a8c9b051742f17d062b74c86a6,6d8c063c04eb02cc5c403067fed389705afe13e3dc1e8139af0c6163635c8bd2,92e2317ab33808587c45d85260f8470a02dafb044af8ae83dbdfff20668a40b0,963ac93f53c3c0b09686c753e805d2052a7282ac0fd1be6833f03ef104699ded
source-identity-entry-discovery-20260810T054907+0800-2fabb3def319,ZI-1e894fa6ac9c4d524bbba0ff,DS-000175,ETH,未登记,不可定位,0,无法判定,无法判定,未知,未知,未知,未知,未知,未知,未知,未知,未知,未知,未登记,未登记,未知,e69a513ac7621ea835192801bdc3809e04d75239d3d02150790c2b4feb89c14f,未知,未知,未复验,IDENTITY_DECLARATION_MISSING,来源提供者;交易场所;市场类型;标的身份;精确合约;数据对象;Schema确切版本;授权边界;字段中文映射;成员编号;资产编号;输入成员SHA-256;声明版本;声明内容SHA-256;Schema指纹;授权快照SHA-256;撤销事实;证据定位,只读取固定声明入口和information_schema注释摘要；不读取业务正文、价格、成交、订单簿、账户或凭据,该成员绑定当前版本九字段、唯一定位、成员/Schema/授权指纹和未撤销事实后追加不可变批次,58cce83072ee34edffde9ffae7b57104f60b49a8c9b051742f17d062b74c86a6,6d8c063c04eb02cc5c403067fed389705afe13e3dc1e8139af0c6163635c8bd2,92e2317ab33808587c45d85260f8470a02dafb044af8ae83dbdfff20668a40b0,ee685fcdf9f904e73ad2daf7c2df5a4a009e4aa8daf3fe4f8f6031112e63b424
source-identity-entry-discovery-20260810T054907+0800-2fabb3def319,ZI-af99d154928fc1735d41f307,DS-000176,ETH,未登记,不可定位,0,无法判定,无法判定,未知,未知,未知,未知,未知,未知,未知,未知,未知,未知,未登记,未登记,未知,90ebfb0f32228dabe4d3c3d6fffddbe5c46cd9db2008dc26dc4e6f6040d4413c,未知,未知,未复验,IDENTITY_DECLARATION_MISSING,来源提供者;交易场所;市场类型;标的身份;精确合约;数据对象;Schema确切版本;授权边界;字段中文映射;成员编号;资产编号;输入成员SHA-256;声明版本;声明内容SHA-256;Schema指纹;授权快照SHA-256;撤销事实;证据定位,只读取固定声明入口和information_schema注释摘要；不读取业务正文、价格、成交、订单簿、账户或凭据,该成员绑定当前版本九字段、唯一定位、成员/Schema/授权指纹和未撤销事实后追加不可变批次,58cce83072ee34edffde9ffae7b57104f60b49a8c9b051742f17d062b74c86a6,6d8c063c04eb02cc5c403067fed389705afe13e3dc1e8139af0c6163635c8bd2,92e2317ab33808587c45d85260f8470a02dafb044af8ae83dbdfff20668a40b0,c98398fd1071d7361fbeac65520102e7d5dcd868775b0926fbb90504d653fdb5
source-identity-entry-discovery-20260810T054907+0800-2fabb3def319,ZI-e1863b4de9f4c6fe5fbefacd,DS-000177,ETH,未登记,不可定位,0,无法判定,无法判定,未知,未知,未知,未知,未知,未知,未知,未知,未知,未知,未登记,未登记,未知,2f8df68ac997b3bf050617e476702d5c601fa659f1895ee84cfbf15371917e1d,未知,未知,未复验,IDENTITY_DECLARATION_MISSING,来源提供者;交易场所;市场类型;标的身份;精确合约;数据对象;Schema确切版本;授权边界;字段中文映射;成员编号;资产编号;输入成员SHA-256;声明版本;声明内容SHA-256;Schema指纹;授权快照SHA-256;撤销事实;证据定位,只读取固定声明入口和information_schema注释摘要；不读取业务正文、价格、成交、订单簿、账户或凭据,该成员绑定当前版本九字段、唯一定位、成员/Schema/授权指纹和未撤销事实后追加不可变批次,58cce83072ee34edffde9ffae7b57104f60b49a8c9b051742f17d062b74c86a6,6d8c063c04eb02cc5c403067fed389705afe13e3dc1e8139af0c6163635c8bd2,92e2317ab33808587c45d85260f8470a02dafb044af8ae83dbdfff20668a40b0,45ec1d1ba040645bfccd738d9456176c668d796bfa8381e07129f5d88e5136a8
source-identity-entry-discovery-20260810T054907+0800-2fabb3def319,ZI-a286800bd49b9fd96217a223,DS-000178,ETH,未登记,不可定位,0,无法判定,无法判定,未知,未知,未知,未知,未知,未知,未知,未知,未知,未知,未登记,未登记,未知,2be772033a825d5db28b7b4ec5e1ea9930f0b1b0b4d08440e6d7ea2e764aad5b,未知,未知,未复验,IDENTITY_DECLARATION_MISSING,来源提供者;交易场所;市场类型;标的身份;精确合约;数据对象;Schema确切版本;授权边界;字段中文映射;成员编号;资产编号;输入成员SHA-256;声明版本;声明内容SHA-256;Schema指纹;授权快照SHA-256;撤销事实;证据定位,只读取固定声明入口和information_schema注释摘要；不读取业务正文、价格、成交、订单簿、账户或凭据,该成员绑定当前版本九字段、唯一定位、成员/Schema/授权指纹和未撤销事实后追加不可变批次,58cce83072ee34edffde9ffae7b57104f60b49a8c9b051742f17d062b74c86a6,6d8c063c04eb02cc5c403067fed389705afe13e3dc1e8139af0c6163635c8bd2,92e2317ab33808587c45d85260f8470a02dafb044af8ae83dbdfff20668a40b0,2519cfee00682b9c093fb7d7fdcddb794fc6c4440804863e2709be5af4b36a7e
source-identity-entry-discovery-20260810T054907+0800-2fabb3def319,ZI-01df71cf5d15618f09165f09,DS-000179,ETH,未登记,不可定位,0,无法判定,无法判定,未知,未知,未知,未知,未知,未知,未知,未知,未知,未知,未登记,未登记,未知,6bc774ebf31ea4bc26f9986dd2196dd92683949fa9b59523e75b9a8d0ed2bf93,未知,未知,未复验,IDENTITY_DECLARATION_MISSING,来源提供者;交易场所;市场类型;标的身份;精确合约;数据对象;Schema确切版本;授权边界;字段中文映射;成员编号;资产编号;输入成员SHA-256;声明版本;声明内容SHA-256;Schema指纹;授权快照SHA-256;撤销事实;证据定位,只读取固定声明入口和information_schema注释摘要；不读取业务正文、价格、成交、订单簿、账户或凭据,该成员绑定当前版本九字段、唯一定位、成员/Schema/授权指纹和未撤销事实后追加不可变批次,58cce83072ee34edffde9ffae7b57104f60b49a8c9b051742f17d062b74c86a6,6d8c063c04eb02cc5c403067fed389705afe13e3dc1e8139af0c6163635c8bd2,92e2317ab33808587c45d85260f8470a02dafb044af8ae83dbdfff20668a40b0,7c25ad9572516dfe75736cadd85356d50c82155a2bd8cca68bd94ee6004f0478
source-identity-entry-discovery-20260810T054907+0800-2fabb3def319,ZI-c994f122c5cb41e53208de1b,DS-000180,ETH,未登记,不可定位,0,无法判定,无法判定,未知,未知,未知,未知,未知,未知,未知,未知,未知,未知,未登记,未登记,未知,b6118ed137c406348410af6e4eaeb8261a9eb3235fe2ad89f4ca2a4bea3b0a27,未知,未知,未复验,IDENTITY_DECLARATION_MISSING,来源提供者;交易场所;市场类型;标的身份;精确合约;数据对象;Schema确切版本;授权边界;字段中文映射;成员编号;资产编号;输入成员SHA-256;声明版本;声明内容SHA-256;Schema指纹;授权快照SHA-256;撤销事实;证据定位,只读取固定声明入口和information_schema注释摘要；不读取业务正文、价格、成交、订单簿、账户或凭据,该成员绑定当前版本九字段、唯一定位、成员/Schema/授权指纹和未撤销事实后追加不可变批次,58cce83072ee34edffde9ffae7b57104f60b49a8c9b051742f17d062b74c86a6,6d8c063c04eb02cc5c403067fed389705afe13e3dc1e8139af0c6163635c8bd2,92e2317ab33808587c45d85260f8470a02dafb044af8ae83dbdfff20668a40b0,e754fe8ed64cfae6a532f9aee1e1bf81c585154f19555955068f7fd5f841cf51
source-identity-entry-discovery-20260810T054907+0800-2fabb3def319,ZI-340aadc6892b72580d560fcc,DS-000181,ETH,未登记,不可定位,0,无法判定,无法判定,未知,未知,未知,未知,未知,未知,未知,未知,未知,未知,未登记,未登记,未知,1fe6ac4a775c05280ed26b8f8853a6ac1a22125ef106286be954feedba32abf5,未知,未知,未复验,IDENTITY_DECLARATION_MISSING,来源提供者;交易场所;市场类型;标的身份;精确合约;数据对象;Schema确切版本;授权边界;字段中文映射;成员编号;资产编号;输入成员SHA-256;声明版本;声明内容SHA-256;Schema指纹;授权快照SHA-256;撤销事实;证据定位,只读取固定声明入口和information_schema注释摘要；不读取业务正文、价格、成交、订单簿、账户或凭据,该成员绑定当前版本九字段、唯一定位、成员/Schema/授权指纹和未撤销事实后追加不可变批次,58cce83072ee34edffde9ffae7b57104f60b49a8c9b051742f17d062b74c86a6,6d8c063c04eb02cc5c403067fed389705afe13e3dc1e8139af0c6163635c8bd2,92e2317ab33808587c45d85260f8470a02dafb044af8ae83dbdfff20668a40b0,ed7606ea3e94001f9c3d5c874a6dd011732d540cf0653c672c3231a1836eaf38
source-identity-entry-discovery-20260810T054907+0800-2fabb3def319,ZI-27719327ee321959786a64cc,DS-000182,ETH,未登记,不可定位,0,无法判定,无法判定,未知,未知,未知,未知,未知,未知,未知,未知,未知,未知,未登记,未登记,未知,a74ec65bcc7369875747ed975605f401086ff589062f54356d0d9950115c7de9,未知,未知,未复验,IDENTITY_DECLARATION_MISSING,来源提供者;交易场所;市场类型;标的身份;精确合约;数据对象;Schema确切版本;授权边界;字段中文映射;成员编号;资产编号;输入成员SHA-256;声明版本;声明内容SHA-256;Schema指纹;授权快照SHA-256;撤销事实;证据定位,只读取固定声明入口和information_schema注释摘要；不读取业务正文、价格、成交、订单簿、账户或凭据,该成员绑定当前版本九字段、唯一定位、成员/Schema/授权指纹和未撤销事实后追加不可变批次,58cce83072ee34edffde9ffae7b57104f60b49a8c9b051742f17d062b74c86a6,6d8c063c04eb02cc5c403067fed389705afe13e3dc1e8139af0c6163635c8bd2,92e2317ab33808587c45d85260f8470a02dafb044af8ae83dbdfff20668a40b0,7fbe4e09345e94d125bbeeeb3eb81fb8ea1430e902170eb7a0c168402cc63376
source-identity-entry-discovery-20260810T054907+0800-2fabb3def319,ZI-66c7634266889e821b64a714,DS-000183,ETH,未登记,不可定位,0,无法判定,无法判定,未知,未知,未知,未知,未知,未知,未知,未知,未知,未知,未登记,未登记,未知,5bd5cdb50b22e563541c34884cc493910fe803c5d4b9545de146de4b4433eedb,未知,未知,未复验,IDENTITY_DECLARATION_MISSING,来源提供者;交易场所;市场类型;标的身份;精确合约;数据对象;Schema确切版本;授权边界;字段中文映射;成员编号;资产编号;输入成员SHA-256;声明版本;声明内容SHA-256;Schema指纹;授权快照SHA-256;撤销事实;证据定位,只读取固定声明入口和information_schema注释摘要；不读取业务正文、价格、成交、订单簿、账户或凭据,该成员绑定当前版本九字段、唯一定位、成员/Schema/授权指纹和未撤销事实后追加不可变批次,58cce83072ee34edffde9ffae7b57104f60b49a8c9b051742f17d062b74c86a6,6d8c063c04eb02cc5c403067fed389705afe13e3dc1e8139af0c6163635c8bd2,92e2317ab33808587c45d85260f8470a02dafb044af8ae83dbdfff20668a40b0,af76194d305d77de1f2e705a22ff377820f69e0fdba3dfad4c67c0e6e7c4ddac
source-identity-entry-discovery-20260810T054907+0800-2fabb3def319,ZI-706a0d8698d18a257e6cf972,DS-000184,ETH,未登记,不可定位,0,无法判定,无法判定,未知,未知,未知,未知,未知,未知,未知,未知,未知,未知,未登记,未登记,未知,ae7b53abea94ebb15ee07ac54328eacafce104a7821261b0f92cdc259136945c,未知,未知,未复验,IDENTITY_DECLARATION_MISSING,来源提供者;交易场所;市场类型;标的身份;精确合约;数据对象;Schema确切版本;授权边界;字段中文映射;成员编号;资产编号;输入成员SHA-256;声明版本;声明内容SHA-256;Schema指纹;授权快照SHA-256;撤销事实;证据定位,只读取固定声明入口和information_schema注释摘要；不读取业务正文、价格、成交、订单簿、账户或凭据,该成员绑定当前版本九字段、唯一定位、成员/Schema/授权指纹和未撤销事实后追加不可变批次,58cce83072ee34edffde9ffae7b57104f60b49a8c9b051742f17d062b74c86a6,6d8c063c04eb02cc5c403067fed389705afe13e3dc1e8139af0c6163635c8bd2,92e2317ab33808587c45d85260f8470a02dafb044af8ae83dbdfff20668a40b0,9f221a7fb70c6e6efdceca0135510d011c982a31c927c2f824f02baa3bdbf2d8
source-identity-entry-discovery-20260810T054907+0800-2fabb3def319,ZI-eed15514154813dbfce747b0,DS-000185,ETH,未登记,不可定位,0,无法判定,无法判定,未知,未知,未知,未知,未知,未知,未知,未知,未知,未知,未登记,未登记,未知,fd66279f71275b9153fd72c7881ea8d8650bb18480b5b4455a1235907ffb7471,未知,未知,未复验,IDENTITY_DECLARATION_MISSING,来源提供者;交易场所;市场类型;标的身份;精确合约;数据对象;Schema确切版本;授权边界;字段中文映射;成员编号;资产编号;输入成员SHA-256;声明版本;声明内容SHA-256;Schema指纹;授权快照SHA-256;撤销事实;证据定位,只读取固定声明入口和information_schema注释摘要；不读取业务正文、价格、成交、订单簿、账户或凭据,该成员绑定当前版本九字段、唯一定位、成员/Schema/授权指纹和未撤销事实后追加不可变批次,58cce83072ee34edffde9ffae7b57104f60b49a8c9b051742f17d062b74c86a6,6d8c063c04eb02cc5c403067fed389705afe13e3dc1e8139af0c6163635c8bd2,92e2317ab33808587c45d85260f8470a02dafb044af8ae83dbdfff20668a40b0,88e6624cdce3e24092f242d4272b6b61f2c65c1217abee2b3ad14e246941e85e
source-identity-entry-discovery-20260810T054907+0800-2fabb3def319,ZI-b47b73f341ea052859c4a130,DS-000186,ETH,未登记,不可定位,0,无法判定,无法判定,未知,未知,未知,未知,未知,未知,未知,未知,未知,未知,未登记,未登记,未知,b4d26c095ff3d7f2930ff2f9f61bb4c04c391bcc99501cadca68b3425f4cdb7b,未知,未知,未复验,IDENTITY_DECLARATION_MISSING,来源提供者;交易场所;市场类型;标的身份;精确合约;数据对象;Schema确切版本;授权边界;字段中文映射;成员编号;资产编号;输入成员SHA-256;声明版本;声明内容SHA-256;Schema指纹;授权快照SHA-256;撤销事实;证据定位,只读取固定声明入口和information_schema注释摘要；不读取业务正文、价格、成交、订单簿、账户或凭据,该成员绑定当前版本九字段、唯一定位、成员/Schema/授权指纹和未撤销事实后追加不可变批次,58cce83072ee34edffde9ffae7b57104f60b49a8c9b051742f17d062b74c86a6,6d8c063c04eb02cc5c403067fed389705afe13e3dc1e8139af0c6163635c8bd2,92e2317ab33808587c45d85260f8470a02dafb044af8ae83dbdfff20668a40b0,ace0e10c955f49058df95b872a90ac2b2697e0151c7713fed4b44fd53efd3bba
source-identity-entry-discovery-20260810T054907+0800-2fabb3def319,ZI-91b43df8a264ef34dad28279,DS-000187,ETH,未登记,不可定位,0,无法判定,无法判定,未知,未知,未知,未知,未知,未知,未知,未知,未知,未知,未登记,未登记,未知,cd6f8b4d93a9e695c2be3af8f0481d412bf7bf2d88fea5ee90dbb3af5a1f185b,未知,未知,未复验,IDENTITY_DECLARATION_MISSING,来源提供者;交易场所;市场类型;标的身份;精确合约;数据对象;Schema确切版本;授权边界;字段中文映射;成员编号;资产编号;输入成员SHA-256;声明版本;声明内容SHA-256;Schema指纹;授权快照SHA-256;撤销事实;证据定位,只读取固定声明入口和information_schema注释摘要；不读取业务正文、价格、成交、订单簿、账户或凭据,该成员绑定当前版本九字段、唯一定位、成员/Schema/授权指纹和未撤销事实后追加不可变批次,58cce83072ee34edffde9ffae7b57104f60b49a8c9b051742f17d062b74c86a6,6d8c063c04eb02cc5c403067fed389705afe13e3dc1e8139af0c6163635c8bd2,92e2317ab33808587c45d85260f8470a02dafb044af8ae83dbdfff20668a40b0,e732aa1f3d4befa9b5af25fd98b969e6aae53443135757661757ee45e0bee17d
source-identity-entry-discovery-20260810T054907+0800-2fabb3def319,ZI-332d56aec4fb1f76945921fe,DS-000188,ETH,未登记,不可定位,0,无法判定,无法判定,未知,未知,未知,未知,未知,未知,未知,未知,未知,未知,未登记,未登记,未知,7fd19c744dac05cbd7e434c721348638379f2dea6df0fc204c2eb68a78236231,未知,未知,未复验,IDENTITY_DECLARATION_MISSING,来源提供者;交易场所;市场类型;标的身份;精确合约;数据对象;Schema确切版本;授权边界;字段中文映射;成员编号;资产编号;输入成员SHA-256;声明版本;声明内容SHA-256;Schema指纹;授权快照SHA-256;撤销事实;证据定位,只读取固定声明入口和information_schema注释摘要；不读取业务正文、价格、成交、订单簿、账户或凭据,该成员绑定当前版本九字段、唯一定位、成员/Schema/授权指纹和未撤销事实后追加不可变批次,58cce83072ee34edffde9ffae7b57104f60b49a8c9b051742f17d062b74c86a6,6d8c063c04eb02cc5c403067fed389705afe13e3dc1e8139af0c6163635c8bd2,92e2317ab33808587c45d85260f8470a02dafb044af8ae83dbdfff20668a40b0,a4d2dc4aeaed538f10f5af61b3d9fbc4b535b2194865497259e72fb10eebd1b8
source-identity-entry-discovery-20260810T054907+0800-2fabb3def319,ZI-7a08962d936d8d7723ae46e3,DS-000189,ETH,未登记,不可定位,0,无法判定,无法判定,未知,未知,未知,未知,未知,未知,未知,未知,未知,未知,未登记,未登记,未知,339770b4561a39f6d7d39db2fb133c36bbde7bfa98b6314ed23504c848d49222,未知,未知,未复验,IDENTITY_DECLARATION_MISSING,来源提供者;交易场所;市场类型;标的身份;精确合约;数据对象;Schema确切版本;授权边界;字段中文映射;成员编号;资产编号;输入成员SHA-256;声明版本;声明内容SHA-256;Schema指纹;授权快照SHA-256;撤销事实;证据定位,只读取固定声明入口和information_schema注释摘要；不读取业务正文、价格、成交、订单簿、账户或凭据,该成员绑定当前版本九字段、唯一定位、成员/Schema/授权指纹和未撤销事实后追加不可变批次,58cce83072ee34edffde9ffae7b57104f60b49a8c9b051742f17d062b74c86a6,6d8c063c04eb02cc5c403067fed389705afe13e3dc1e8139af0c6163635c8bd2,92e2317ab33808587c45d85260f8470a02dafb044af8ae83dbdfff20668a40b0,f433eb8958276f1e592c8ce324d15c17d0e876f03f3be6b0311b00f9d80416be
source-identity-entry-discovery-20260810T054907+0800-2fabb3def319,ZI-d471c3e2f14e8b04a88d102b,DS-000190,ETH,未登记,不可定位,0,无法判定,无法判定,未知,未知,未知,未知,未知,未知,未知,未知,未知,未知,未登记,未登记,未知,d7136de17556a28b492a1af141d73c1758727a591f4bba3dc8153365fa742189,未知,未知,未复验,IDENTITY_DECLARATION_MISSING,来源提供者;交易场所;市场类型;标的身份;精确合约;数据对象;Schema确切版本;授权边界;字段中文映射;成员编号;资产编号;输入成员SHA-256;声明版本;声明内容SHA-256;Schema指纹;授权快照SHA-256;撤销事实;证据定位,只读取固定声明入口和information_schema注释摘要；不读取业务正文、价格、成交、订单簿、账户或凭据,该成员绑定当前版本九字段、唯一定位、成员/Schema/授权指纹和未撤销事实后追加不可变批次,58cce83072ee34edffde9ffae7b57104f60b49a8c9b051742f17d062b74c86a6,6d8c063c04eb02cc5c403067fed389705afe13e3dc1e8139af0c6163635c8bd2,92e2317ab33808587c45d85260f8470a02dafb044af8ae83dbdfff20668a40b0,4ee290460b1b8ae2b8e644d4eae722b9cf4100e10a73e5c7bdc48803b3c37531
source-identity-entry-discovery-20260810T054907+0800-2fabb3def319,ZI-ca5f657cedbd2e1b8fd02244,DS-000191,ETH,未登记,不可定位,0,无法判定,无法判定,未知,未知,未知,未知,未知,未知,未知,未知,未知,未知,未登记,未登记,未知,42e7dc84abcc5f0ad802d574fa1a6f66ab422df94f2e029e4500a429f58a7366,未知,未知,未复验,IDENTITY_DECLARATION_MISSING,来源提供者;交易场所;市场类型;标的身份;精确合约;数据对象;Schema确切版本;授权边界;字段中文映射;成员编号;资产编号;输入成员SHA-256;声明版本;声明内容SHA-256;Schema指纹;授权快照SHA-256;撤销事实;证据定位,只读取固定声明入口和information_schema注释摘要；不读取业务正文、价格、成交、订单簿、账户或凭据,该成员绑定当前版本九字段、唯一定位、成员/Schema/授权指纹和未撤销事实后追加不可变批次,58cce83072ee34edffde9ffae7b57104f60b49a8c9b051742f17d062b74c86a6,6d8c063c04eb02cc5c403067fed389705afe13e3dc1e8139af0c6163635c8bd2,92e2317ab33808587c45d85260f8470a02dafb044af8ae83dbdfff20668a40b0,3f69e7d5cafa006377a7465ee63d86127f1cdf3f4f55916f9f47275b4a500bac
source-identity-entry-discovery-20260810T054907+0800-2fabb3def319,ZI-354ae6c4905e3db448577187,DS-000192,ETH,未登记,不可定位,0,无法判定,拒绝,未知,未知,未知,未知,未知,未知,未知,未知,未知,未知,未登记,未登记,未知,0b63bbb25476f3c1a13d3453831e1a313715dd619c895cf6ee0995cac04a71b7,未知,未知,未复验,IDENTITY_DECLARATION_MISSING,来源提供者;交易场所;市场类型;标的身份;精确合约;数据对象;Schema确切版本;授权边界;字段中文映射;成员编号;资产编号;输入成员SHA-256;声明版本;声明内容SHA-256;Schema指纹;授权快照SHA-256;撤销事实;证据定位,只读取固定声明入口和information_schema注释摘要；不读取业务正文、价格、成交、订单簿、账户或凭据,该成员绑定当前版本九字段、唯一定位、成员/Schema/授权指纹和未撤销事实后追加不可变批次,58cce83072ee34edffde9ffae7b57104f60b49a8c9b051742f17d062b74c86a6,6d8c063c04eb02cc5c403067fed389705afe13e3dc1e8139af0c6163635c8bd2,92e2317ab33808587c45d85260f8470a02dafb044af8ae83dbdfff20668a40b0,513bcc9b33448d3043100a503f2ed6faa74e5c8d84e8321cd589cdcf1a98a504
source-identity-entry-discovery-20260810T054907+0800-2fabb3def319,ZI-d1bb187785d14529961e7f3f,DS-000193,ETH,未登记,不可定位,0,无法判定,无法判定,未知,未知,未知,未知,未知,未知,未知,未知,未知,未知,未登记,未登记,未知,c7f0e941a62184b5da31ad822c95d8912302c67a9b7954a1cc0b890d47bdf708,未知,未知,未复验,IDENTITY_DECLARATION_MISSING,来源提供者;交易场所;市场类型;标的身份;精确合约;数据对象;Schema确切版本;授权边界;字段中文映射;成员编号;资产编号;输入成员SHA-256;声明版本;声明内容SHA-256;Schema指纹;授权快照SHA-256;撤销事实;证据定位,只读取固定声明入口和information_schema注释摘要；不读取业务正文、价格、成交、订单簿、账户或凭据,该成员绑定当前版本九字段、唯一定位、成员/Schema/授权指纹和未撤销事实后追加不可变批次,58cce83072ee34edffde9ffae7b57104f60b49a8c9b051742f17d062b74c86a6,6d8c063c04eb02cc5c403067fed389705afe13e3dc1e8139af0c6163635c8bd2,92e2317ab33808587c45d85260f8470a02dafb044af8ae83dbdfff20668a40b0,0c25a01d207279d197c9246594637c9ff0ad1aa35a20ba399cee8d1d15e0ec5d
source-identity-entry-discovery-20260810T054907+0800-2fabb3def319,ZI-6f3802d826442d0412d2aa81,DS-000194,ETH,未登记,不可定位,0,无法判定,拒绝,未知,未知,未知,未知,未知,未知,未知,未知,未知,未知,未登记,未登记,未知,62a9e8386448401b0df0012d85c2a2bee4cf6abfa56d187620f9414875fd792c,未知,未知,未复验,IDENTITY_DECLARATION_MISSING,来源提供者;交易场所;市场类型;标的身份;精确合约;数据对象;Schema确切版本;授权边界;字段中文映射;成员编号;资产编号;输入成员SHA-256;声明版本;声明内容SHA-256;Schema指纹;授权快照SHA-256;撤销事实;证据定位,只读取固定声明入口和information_schema注释摘要；不读取业务正文、价格、成交、订单簿、账户或凭据,该成员绑定当前版本九字段、唯一定位、成员/Schema/授权指纹和未撤销事实后追加不可变批次,58cce83072ee34edffde9ffae7b57104f60b49a8c9b051742f17d062b74c86a6,6d8c063c04eb02cc5c403067fed389705afe13e3dc1e8139af0c6163635c8bd2,92e2317ab33808587c45d85260f8470a02dafb044af8ae83dbdfff20668a40b0,9cf7002a6f422e99004387a02167e76bd8831b3ec999c171921831946b3d3666
source-identity-entry-discovery-20260810T054907+0800-2fabb3def319,ZI-e1794e82c705701b73c83cb1,DS-000195,ETH,未登记,不可定位,0,无法判定,无法判定,未知,未知,未知,未知,未知,未知,未知,未知,未知,未知,未登记,未登记,未知,9e8f5648706c28594bb13be22bf74a43c6685db3eb0af8963881d94c1fb33090,未知,未知,未复验,IDENTITY_DECLARATION_MISSING,来源提供者;交易场所;市场类型;标的身份;精确合约;数据对象;Schema确切版本;授权边界;字段中文映射;成员编号;资产编号;输入成员SHA-256;声明版本;声明内容SHA-256;Schema指纹;授权快照SHA-256;撤销事实;证据定位,只读取固定声明入口和information_schema注释摘要；不读取业务正文、价格、成交、订单簿、账户或凭据,该成员绑定当前版本九字段、唯一定位、成员/Schema/授权指纹和未撤销事实后追加不可变批次,58cce83072ee34edffde9ffae7b57104f60b49a8c9b051742f17d062b74c86a6,6d8c063c04eb02cc5c403067fed389705afe13e3dc1e8139af0c6163635c8bd2,92e2317ab33808587c45d85260f8470a02dafb044af8ae83dbdfff20668a40b0,54a9f96295a86c48a454176be912b70b38b7a53b77dfe39dc047bf122773bfbc
source-identity-entry-discovery-20260810T054907+0800-2fabb3def319,ZI-3f3df114d327035876c6e2c5,DS-000196,ETH,未登记,不可定位,0,无法判定,无法判定,未知,未知,未知,未知,未知,未知,未知,未知,未知,未知,未登记,未登记,未知,3302ef2c1af90e5188fec4871d9bc2a0b2f9649c1b92196be6c3cd882676ce67,未知,未知,未复验,IDENTITY_DECLARATION_MISSING,来源提供者;交易场所;市场类型;标的身份;精确合约;数据对象;Schema确切版本;授权边界;字段中文映射;成员编号;资产编号;输入成员SHA-256;声明版本;声明内容SHA-256;Schema指纹;授权快照SHA-256;撤销事实;证据定位,只读取固定声明入口和information_schema注释摘要；不读取业务正文、价格、成交、订单簿、账户或凭据,该成员绑定当前版本九字段、唯一定位、成员/Schema/授权指纹和未撤销事实后追加不可变批次,58cce83072ee34edffde9ffae7b57104f60b49a8c9b051742f17d062b74c86a6,6d8c063c04eb02cc5c403067fed389705afe13e3dc1e8139af0c6163635c8bd2,92e2317ab33808587c45d85260f8470a02dafb044af8ae83dbdfff20668a40b0,ba0c3ec14e030957373bfff823b8d093f86db9358a4cd3c58247477ead48484e
source-identity-entry-discovery-20260810T054907+0800-2fabb3def319,ZI-19137f1f87be3d200089316b,DS-000197,ETH,未登记,不可定位,0,无法判定,无法判定,未知,未知,未知,未知,未知,未知,未知,未知,未知,未知,未登记,未登记,未知,bfc42bc0d8152ba416024f1c92821247641bfebdacf6b68020d7b23caf8bcf1d,未知,未知,未复验,IDENTITY_DECLARATION_MISSING,来源提供者;交易场所;市场类型;标的身份;精确合约;数据对象;Schema确切版本;授权边界;字段中文映射;成员编号;资产编号;输入成员SHA-256;声明版本;声明内容SHA-256;Schema指纹;授权快照SHA-256;撤销事实;证据定位,只读取固定声明入口和information_schema注释摘要；不读取业务正文、价格、成交、订单簿、账户或凭据,该成员绑定当前版本九字段、唯一定位、成员/Schema/授权指纹和未撤销事实后追加不可变批次,58cce83072ee34edffde9ffae7b57104f60b49a8c9b051742f17d062b74c86a6,6d8c063c04eb02cc5c403067fed389705afe13e3dc1e8139af0c6163635c8bd2,92e2317ab33808587c45d85260f8470a02dafb044af8ae83dbdfff20668a40b0,0caa1b3e9a150ef15d2e6db87483a276e08e9cfe4f4596e51554997b6757d4e8
source-identity-entry-discovery-20260810T054907+0800-2fabb3def319,ZI-80af384d1f7e36ec07c65427,DS-000198,ETH,未登记,不可定位,0,无法判定,无法判定,未知,未知,未知,未知,未知,未知,未知,未知,未知,未知,未登记,未登记,未知,e91a693c10215586182fb841338a4f6446ac050e791e472e1cf048244d99abd4,未知,未知,未复验,IDENTITY_DECLARATION_MISSING,来源提供者;交易场所;市场类型;标的身份;精确合约;数据对象;Schema确切版本;授权边界;字段中文映射;成员编号;资产编号;输入成员SHA-256;声明版本;声明内容SHA-256;Schema指纹;授权快照SHA-256;撤销事实;证据定位,只读取固定声明入口和information_schema注释摘要；不读取业务正文、价格、成交、订单簿、账户或凭据,该成员绑定当前版本九字段、唯一定位、成员/Schema/授权指纹和未撤销事实后追加不可变批次,58cce83072ee34edffde9ffae7b57104f60b49a8c9b051742f17d062b74c86a6,6d8c063c04eb02cc5c403067fed389705afe13e3dc1e8139af0c6163635c8bd2,92e2317ab33808587c45d85260f8470a02dafb044af8ae83dbdfff20668a40b0,131421d1a7e7adc687f0b5074a2dc7d7986072131f83cbfe67d0d6214f8186ff
source-identity-entry-discovery-20260810T054907+0800-2fabb3def319,ZI-5b12f1080c2c2012be1a896a,DS-000199,ETH,未登记,不可定位,0,无法判定,无法判定,未知,未知,未知,未知,未知,未知,未知,未知,未知,未知,未登记,未登记,未知,9b483598e61c912f16425f2781345539481dc82d607aac2cba73462d89bd674b,未知,未知,未复验,IDENTITY_DECLARATION_MISSING,来源提供者;交易场所;市场类型;标的身份;精确合约;数据对象;Schema确切版本;授权边界;字段中文映射;成员编号;资产编号;输入成员SHA-256;声明版本;声明内容SHA-256;Schema指纹;授权快照SHA-256;撤销事实;证据定位,只读取固定声明入口和information_schema注释摘要；不读取业务正文、价格、成交、订单簿、账户或凭据,该成员绑定当前版本九字段、唯一定位、成员/Schema/授权指纹和未撤销事实后追加不可变批次,58cce83072ee34edffde9ffae7b57104f60b49a8c9b051742f17d062b74c86a6,6d8c063c04eb02cc5c403067fed389705afe13e3dc1e8139af0c6163635c8bd2,92e2317ab33808587c45d85260f8470a02dafb044af8ae83dbdfff20668a40b0,b08fbec450075d00fcb13ef0adf91bd6b349c83eab1907e71acff037a94af9a5
source-identity-entry-discovery-20260810T054907+0800-2fabb3def319,ZI-e77ad70ccd2cdeb42c394004,DS-000200,ETH,未登记,不可定位,0,无法判定,无法判定,未知,未知,未知,未知,未知,未知,未知,未知,未知,未知,未登记,未登记,未知,e80dcd17c2945c774e10bbdd99ee8807d9c0889a7aa945dff67b835761d325e1,未知,未知,未复验,IDENTITY_DECLARATION_MISSING,来源提供者;交易场所;市场类型;标的身份;精确合约;数据对象;Schema确切版本;授权边界;字段中文映射;成员编号;资产编号;输入成员SHA-256;声明版本;声明内容SHA-256;Schema指纹;授权快照SHA-256;撤销事实;证据定位,只读取固定声明入口和information_schema注释摘要；不读取业务正文、价格、成交、订单簿、账户或凭据,该成员绑定当前版本九字段、唯一定位、成员/Schema/授权指纹和未撤销事实后追加不可变批次,58cce83072ee34edffde9ffae7b57104f60b49a8c9b051742f17d062b74c86a6,6d8c063c04eb02cc5c403067fed389705afe13e3dc1e8139af0c6163635c8bd2,92e2317ab33808587c45d85260f8470a02dafb044af8ae83dbdfff20668a40b0,554a1e10e6f19d6c8f3f2c1dfbf92485f8611584d71c7ba7790795312f10ba06
source-identity-entry-discovery-20260810T054907+0800-2fabb3def319,ZI-e5c1417e81aca9c453033647,DS-000201,ETH,未登记,不可定位,0,无法判定,无法判定,未知,未知,未知,未知,未知,未知,未知,未知,未知,未知,未登记,未登记,未知,49981dce25f37ed42652b06b919f6933838ff3f5dde0c19b596d799b6865cebd,未知,未知,未复验,IDENTITY_DECLARATION_MISSING,来源提供者;交易场所;市场类型;标的身份;精确合约;数据对象;Schema确切版本;授权边界;字段中文映射;成员编号;资产编号;输入成员SHA-256;声明版本;声明内容SHA-256;Schema指纹;授权快照SHA-256;撤销事实;证据定位,只读取固定声明入口和information_schema注释摘要；不读取业务正文、价格、成交、订单簿、账户或凭据,该成员绑定当前版本九字段、唯一定位、成员/Schema/授权指纹和未撤销事实后追加不可变批次,58cce83072ee34edffde9ffae7b57104f60b49a8c9b051742f17d062b74c86a6,6d8c063c04eb02cc5c403067fed389705afe13e3dc1e8139af0c6163635c8bd2,92e2317ab33808587c45d85260f8470a02dafb044af8ae83dbdfff20668a40b0,861e88eb342be0c53151a7cc6e8b27b9780a4537d5a1b44523931d63f8b44bd2
source-identity-entry-discovery-20260810T054907+0800-2fabb3def319,ZI-d66834912672a4e2529dbcd7,DS-000202,ETH,未登记,不可定位,0,无法判定,无法判定,未知,未知,未知,未知,未知,未知,未知,未知,未知,未知,未登记,未登记,未知,af6c149cc7e8aff483d571b31555d0d079734bd55eb11d9cf2e19fa32a765aca,未知,未知,未复验,IDENTITY_DECLARATION_MISSING,来源提供者;交易场所;市场类型;标的身份;精确合约;数据对象;Schema确切版本;授权边界;字段中文映射;成员编号;资产编号;输入成员SHA-256;声明版本;声明内容SHA-256;Schema指纹;授权快照SHA-256;撤销事实;证据定位,只读取固定声明入口和information_schema注释摘要；不读取业务正文、价格、成交、订单簿、账户或凭据,该成员绑定当前版本九字段、唯一定位、成员/Schema/授权指纹和未撤销事实后追加不可变批次,58cce83072ee34edffde9ffae7b57104f60b49a8c9b051742f17d062b74c86a6,6d8c063c04eb02cc5c403067fed389705afe13e3dc1e8139af0c6163635c8bd2,92e2317ab33808587c45d85260f8470a02dafb044af8ae83dbdfff20668a40b0,0bf7af8b7863bf0cee4f21020bfd901597ee3c75357a3c68144423cc0052e8ac
source-identity-entry-discovery-20260810T054907+0800-2fabb3def319,ZI-0ac78046b4728bc089499fc7,DS-000203,ETH,未登记,不可定位,0,无法判定,无法判定,未知,未知,未知,未知,未知,未知,未知,未知,未知,未知,未登记,未登记,未知,4dcd4726cf5e37a543aed51c650186f864a264324396a79ba6fc6702b04aca60,未知,未知,未复验,IDENTITY_DECLARATION_MISSING,来源提供者;交易场所;市场类型;标的身份;精确合约;数据对象;Schema确切版本;授权边界;字段中文映射;成员编号;资产编号;输入成员SHA-256;声明版本;声明内容SHA-256;Schema指纹;授权快照SHA-256;撤销事实;证据定位,只读取固定声明入口和information_schema注释摘要；不读取业务正文、价格、成交、订单簿、账户或凭据,该成员绑定当前版本九字段、唯一定位、成员/Schema/授权指纹和未撤销事实后追加不可变批次,58cce83072ee34edffde9ffae7b57104f60b49a8c9b051742f17d062b74c86a6,6d8c063c04eb02cc5c403067fed389705afe13e3dc1e8139af0c6163635c8bd2,92e2317ab33808587c45d85260f8470a02dafb044af8ae83dbdfff20668a40b0,4201479f94c6d60dc31895a2efb4321b188119c3890121a8475bde55265da8f1
source-identity-entry-discovery-20260810T054907+0800-2fabb3def319,ZI-e3f8d3f88205af4edaf439ef,DS-000204,ETH,未登记,不可定位,0,无法判定,无法判定,未知,未知,未知,未知,未知,未知,未知,未知,未知,未知,未登记,未登记,未知,60e872660b08823c99e2e04926f5c739275e934bce8e6799ed48f867fc114da3,未知,未知,未复验,IDENTITY_DECLARATION_MISSING,来源提供者;交易场所;市场类型;标的身份;精确合约;数据对象;Schema确切版本;授权边界;字段中文映射;成员编号;资产编号;输入成员SHA-256;声明版本;声明内容SHA-256;Schema指纹;授权快照SHA-256;撤销事实;证据定位,只读取固定声明入口和information_schema注释摘要；不读取业务正文、价格、成交、订单簿、账户或凭据,该成员绑定当前版本九字段、唯一定位、成员/Schema/授权指纹和未撤销事实后追加不可变批次,58cce83072ee34edffde9ffae7b57104f60b49a8c9b051742f17d062b74c86a6,6d8c063c04eb02cc5c403067fed389705afe13e3dc1e8139af0c6163635c8bd2,92e2317ab33808587c45d85260f8470a02dafb044af8ae83dbdfff20668a40b0,433192925406128ace7b2583f1625f6700e85b5892739ae3f50ec5be6c489384
source-identity-entry-discovery-20260810T054907+0800-2fabb3def319,ZI-dc9e6a5027261094522801f5,DS-000205,ETH,未登记,不可定位,0,无法判定,无法判定,未知,未知,未知,未知,未知,未知,未知,未知,未知,未知,未登记,未登记,未知,357e287ee3ae9a9b3f35b6b4e036478848a3cb3659bc68f18d20dfc26f7fd580,未知,未知,未复验,IDENTITY_DECLARATION_MISSING,来源提供者;交易场所;市场类型;标的身份;精确合约;数据对象;Schema确切版本;授权边界;字段中文映射;成员编号;资产编号;输入成员SHA-256;声明版本;声明内容SHA-256;Schema指纹;授权快照SHA-256;撤销事实;证据定位,只读取固定声明入口和information_schema注释摘要；不读取业务正文、价格、成交、订单簿、账户或凭据,该成员绑定当前版本九字段、唯一定位、成员/Schema/授权指纹和未撤销事实后追加不可变批次,58cce83072ee34edffde9ffae7b57104f60b49a8c9b051742f17d062b74c86a6,6d8c063c04eb02cc5c403067fed389705afe13e3dc1e8139af0c6163635c8bd2,92e2317ab33808587c45d85260f8470a02dafb044af8ae83dbdfff20668a40b0,b5e85a82101af02b87b7f84848939d8372d2afe523e6a1a6f80592fdb2617f3a
source-identity-entry-discovery-20260810T054907+0800-2fabb3def319,ZI-39e668d49c271470ea63fde5,DS-000206,ETH,未登记,不可定位,0,无法判定,无法判定,未知,未知,未知,未知,未知,未知,未知,未知,未知,未知,未登记,未登记,未知,4cd28c8e4c99a20a90332d2c80d3b371450fd362414938588e0d0de5ad3840d2,未知,未知,未复验,IDENTITY_DECLARATION_MISSING,来源提供者;交易场所;市场类型;标的身份;精确合约;数据对象;Schema确切版本;授权边界;字段中文映射;成员编号;资产编号;输入成员SHA-256;声明版本;声明内容SHA-256;Schema指纹;授权快照SHA-256;撤销事实;证据定位,只读取固定声明入口和information_schema注释摘要；不读取业务正文、价格、成交、订单簿、账户或凭据,该成员绑定当前版本九字段、唯一定位、成员/Schema/授权指纹和未撤销事实后追加不可变批次,58cce83072ee34edffde9ffae7b57104f60b49a8c9b051742f17d062b74c86a6,6d8c063c04eb02cc5c403067fed389705afe13e3dc1e8139af0c6163635c8bd2,92e2317ab33808587c45d85260f8470a02dafb044af8ae83dbdfff20668a40b0,e556360b139a60c9ac95b179919eb686af2357f8982bed6880875c464893fafb
source-identity-entry-discovery-20260810T054907+0800-2fabb3def319,ZI-e6336b5c74a9200b20bce7e1,DS-000207,ETH,未登记,不可定位,0,无法判定,无法判定,未知,未知,未知,未知,未知,未知,未知,未知,未知,未知,未登记,未登记,未知,2862c9267898c9d6737d4fc1b5ced6613c04c9e243fb77d4d93db30b2e8f8ad8,未知,未知,未复验,IDENTITY_DECLARATION_MISSING,来源提供者;交易场所;市场类型;标的身份;精确合约;数据对象;Schema确切版本;授权边界;字段中文映射;成员编号;资产编号;输入成员SHA-256;声明版本;声明内容SHA-256;Schema指纹;授权快照SHA-256;撤销事实;证据定位,只读取固定声明入口和information_schema注释摘要；不读取业务正文、价格、成交、订单簿、账户或凭据,该成员绑定当前版本九字段、唯一定位、成员/Schema/授权指纹和未撤销事实后追加不可变批次,58cce83072ee34edffde9ffae7b57104f60b49a8c9b051742f17d062b74c86a6,6d8c063c04eb02cc5c403067fed389705afe13e3dc1e8139af0c6163635c8bd2,92e2317ab33808587c45d85260f8470a02dafb044af8ae83dbdfff20668a40b0,4984ca33d21fdb4d88b548b0f9da4b7f23da680a2bbb2a993d5c05451e324e95
source-identity-entry-discovery-20260810T054907+0800-2fabb3def319,ZI-67bf3674d8c4e2d9f884e729,DS-000208,ETH,未登记,不可定位,0,无法判定,无法判定,未知,未知,未知,未知,未知,未知,未知,未知,未知,未知,未登记,未登记,未知,fe9e7608a4eb061f5652be539fe800c731c30c5e369f84a49850cf73b997ae50,未知,未知,未复验,IDENTITY_DECLARATION_MISSING,来源提供者;交易场所;市场类型;标的身份;精确合约;数据对象;Schema确切版本;授权边界;字段中文映射;成员编号;资产编号;输入成员SHA-256;声明版本;声明内容SHA-256;Schema指纹;授权快照SHA-256;撤销事实;证据定位,只读取固定声明入口和information_schema注释摘要；不读取业务正文、价格、成交、订单簿、账户或凭据,该成员绑定当前版本九字段、唯一定位、成员/Schema/授权指纹和未撤销事实后追加不可变批次,58cce83072ee34edffde9ffae7b57104f60b49a8c9b051742f17d062b74c86a6,6d8c063c04eb02cc5c403067fed389705afe13e3dc1e8139af0c6163635c8bd2,92e2317ab33808587c45d85260f8470a02dafb044af8ae83dbdfff20668a40b0,dd62adb94ad25da69a7fd3347eb57d526825e59727256e85c41bd23a48cb39ad
source-identity-entry-discovery-20260810T054907+0800-2fabb3def319,ZI-bf318ff33e056cae7780888f,DS-000209,ETH,未登记,不可定位,0,无法判定,无法判定,未知,未知,未知,未知,未知,未知,未知,未知,未知,未知,未登记,未登记,未知,2d90d65ec9a02a4e23e09313281406cd378c2eaadb3a19a9f1c4ba89d57b523a,未知,未知,未复验,IDENTITY_DECLARATION_MISSING,来源提供者;交易场所;市场类型;标的身份;精确合约;数据对象;Schema确切版本;授权边界;字段中文映射;成员编号;资产编号;输入成员SHA-256;声明版本;声明内容SHA-256;Schema指纹;授权快照SHA-256;撤销事实;证据定位,只读取固定声明入口和information_schema注释摘要；不读取业务正文、价格、成交、订单簿、账户或凭据,该成员绑定当前版本九字段、唯一定位、成员/Schema/授权指纹和未撤销事实后追加不可变批次,58cce83072ee34edffde9ffae7b57104f60b49a8c9b051742f17d062b74c86a6,6d8c063c04eb02cc5c403067fed389705afe13e3dc1e8139af0c6163635c8bd2,92e2317ab33808587c45d85260f8470a02dafb044af8ae83dbdfff20668a40b0,6f88cdf9b2f1efafdb4b788199737aa15cfd63d0a3020c947603b7db5ac9ed11
source-identity-entry-discovery-20260810T054907+0800-2fabb3def319,ZI-9bf3456766012c7fa289b73a,DS-000210,ETH,未登记,不可定位,0,无法判定,无法判定,未知,未知,未知,未知,未知,未知,未知,未知,未知,未知,未登记,未登记,未知,1673f3d2d5e26882002c3ff908463abce1fdfb4a795443a152f6b85a43fb3f07,未知,未知,未复验,IDENTITY_DECLARATION_MISSING,来源提供者;交易场所;市场类型;标的身份;精确合约;数据对象;Schema确切版本;授权边界;字段中文映射;成员编号;资产编号;输入成员SHA-256;声明版本;声明内容SHA-256;Schema指纹;授权快照SHA-256;撤销事实;证据定位,只读取固定声明入口和information_schema注释摘要；不读取业务正文、价格、成交、订单簿、账户或凭据,该成员绑定当前版本九字段、唯一定位、成员/Schema/授权指纹和未撤销事实后追加不可变批次,58cce83072ee34edffde9ffae7b57104f60b49a8c9b051742f17d062b74c86a6,6d8c063c04eb02cc5c403067fed389705afe13e3dc1e8139af0c6163635c8bd2,92e2317ab33808587c45d85260f8470a02dafb044af8ae83dbdfff20668a40b0,6cbd6aafbd7a92ac8076f29a4889516264c39ea8fc064cd26427894c8bd73980
source-identity-entry-discovery-20260810T054907+0800-2fabb3def319,ZI-bf36c5f09b92ec27587054c0,DS-000211,ETH,未登记,不可定位,0,无法判定,无法判定,未知,未知,未知,未知,未知,未知,未知,未知,未知,未知,未登记,未登记,未知,1f7e7cf555344a7206d8962dde3c7fb9c95f36713b307b7c1e758ad6556bd5a8,未知,未知,未复验,IDENTITY_DECLARATION_MISSING,来源提供者;交易场所;市场类型;标的身份;精确合约;数据对象;Schema确切版本;授权边界;字段中文映射;成员编号;资产编号;输入成员SHA-256;声明版本;声明内容SHA-256;Schema指纹;授权快照SHA-256;撤销事实;证据定位,只读取固定声明入口和information_schema注释摘要；不读取业务正文、价格、成交、订单簿、账户或凭据,该成员绑定当前版本九字段、唯一定位、成员/Schema/授权指纹和未撤销事实后追加不可变批次,58cce83072ee34edffde9ffae7b57104f60b49a8c9b051742f17d062b74c86a6,6d8c063c04eb02cc5c403067fed389705afe13e3dc1e8139af0c6163635c8bd2,92e2317ab33808587c45d85260f8470a02dafb044af8ae83dbdfff20668a40b0,6e46795089cdc47fc483aa545afa6ff7d30ca0b49efd07d6f194ec11e4a51cbc
source-identity-entry-discovery-20260810T054907+0800-2fabb3def319,ZI-3e5b6d24bf74d09e00f206d2,DS-000212,ETH,未登记,不可定位,0,无法判定,无法判定,未知,未知,未知,未知,未知,未知,未知,未知,未知,未知,未登记,未登记,未知,d8c78a0148f6abdd19f4a621d6c52ca485dd38012b2c028f70904050efa3275d,未知,未知,未复验,IDENTITY_DECLARATION_MISSING,来源提供者;交易场所;市场类型;标的身份;精确合约;数据对象;Schema确切版本;授权边界;字段中文映射;成员编号;资产编号;输入成员SHA-256;声明版本;声明内容SHA-256;Schema指纹;授权快照SHA-256;撤销事实;证据定位,只读取固定声明入口和information_schema注释摘要；不读取业务正文、价格、成交、订单簿、账户或凭据,该成员绑定当前版本九字段、唯一定位、成员/Schema/授权指纹和未撤销事实后追加不可变批次,58cce83072ee34edffde9ffae7b57104f60b49a8c9b051742f17d062b74c86a6,6d8c063c04eb02cc5c403067fed389705afe13e3dc1e8139af0c6163635c8bd2,92e2317ab33808587c45d85260f8470a02dafb044af8ae83dbdfff20668a40b0,7d82b002fa67e73e68b62dcbcc21cbff2eda07aacc182e66a9be88d09ea87d90
source-identity-entry-discovery-20260810T054907+0800-2fabb3def319,ZI-a63d16fb4ec4d09959677754,DS-000213,ETH,未登记,不可定位,0,无法判定,无法判定,未知,未知,未知,未知,未知,未知,未知,未知,未知,未知,未登记,未登记,未知,49da7771a94025e16bceaf06d99d368bb69fc9f0b30773ef78fd195b2647f3cc,未知,未知,未复验,IDENTITY_DECLARATION_MISSING,来源提供者;交易场所;市场类型;标的身份;精确合约;数据对象;Schema确切版本;授权边界;字段中文映射;成员编号;资产编号;输入成员SHA-256;声明版本;声明内容SHA-256;Schema指纹;授权快照SHA-256;撤销事实;证据定位,只读取固定声明入口和information_schema注释摘要；不读取业务正文、价格、成交、订单簿、账户或凭据,该成员绑定当前版本九字段、唯一定位、成员/Schema/授权指纹和未撤销事实后追加不可变批次,58cce83072ee34edffde9ffae7b57104f60b49a8c9b051742f17d062b74c86a6,6d8c063c04eb02cc5c403067fed389705afe13e3dc1e8139af0c6163635c8bd2,92e2317ab33808587c45d85260f8470a02dafb044af8ae83dbdfff20668a40b0,fe9e4f6be72d18aa1d36c39a798f85801a899c3d46a5a4daabf524dfb7ccf906
source-identity-entry-discovery-20260810T054907+0800-2fabb3def319,ZI-46ace9e7b562d73bf90102ac,DS-000214,ETH,未登记,不可定位,0,无法判定,无法判定,未知,未知,未知,未知,未知,未知,未知,未知,未知,未知,未登记,未登记,未知,4b7ef458a831e58978149d25819f70ca44d5a7ab56c24620e2b5e199ddfa8457,未知,未知,未复验,IDENTITY_DECLARATION_MISSING,来源提供者;交易场所;市场类型;标的身份;精确合约;数据对象;Schema确切版本;授权边界;字段中文映射;成员编号;资产编号;输入成员SHA-256;声明版本;声明内容SHA-256;Schema指纹;授权快照SHA-256;撤销事实;证据定位,只读取固定声明入口和information_schema注释摘要；不读取业务正文、价格、成交、订单簿、账户或凭据,该成员绑定当前版本九字段、唯一定位、成员/Schema/授权指纹和未撤销事实后追加不可变批次,58cce83072ee34edffde9ffae7b57104f60b49a8c9b051742f17d062b74c86a6,6d8c063c04eb02cc5c403067fed389705afe13e3dc1e8139af0c6163635c8bd2,92e2317ab33808587c45d85260f8470a02dafb044af8ae83dbdfff20668a40b0,78845b7cf39b1d09600f8e85f86bd8d4b3065e4808042fabcc5f05b3fb1bce97
source-identity-entry-discovery-20260810T054907+0800-2fabb3def319,ZI-4bf648fae65088717c965e1f,DS-000215,ETH,未登记,不可定位,0,无法判定,无法判定,未知,未知,未知,未知,未知,未知,未知,未知,未知,未知,未登记,未登记,未知,c8e071231ebbdfc3fd675eb141e1efc29ba7a13e91e9254f9c3cc1ef9495c2c2,未知,未知,未复验,IDENTITY_DECLARATION_MISSING,来源提供者;交易场所;市场类型;标的身份;精确合约;数据对象;Schema确切版本;授权边界;字段中文映射;成员编号;资产编号;输入成员SHA-256;声明版本;声明内容SHA-256;Schema指纹;授权快照SHA-256;撤销事实;证据定位,只读取固定声明入口和information_schema注释摘要；不读取业务正文、价格、成交、订单簿、账户或凭据,该成员绑定当前版本九字段、唯一定位、成员/Schema/授权指纹和未撤销事实后追加不可变批次,58cce83072ee34edffde9ffae7b57104f60b49a8c9b051742f17d062b74c86a6,6d8c063c04eb02cc5c403067fed389705afe13e3dc1e8139af0c6163635c8bd2,92e2317ab33808587c45d85260f8470a02dafb044af8ae83dbdfff20668a40b0,4666663e92ca7f36b1a238df4d7901f87041ed51afa0d6408ce78e1f7ba8fed9
source-identity-entry-discovery-20260810T054907+0800-2fabb3def319,ZI-aa7e8af4e975d61b2ca3fb4f,DS-000216,ETH,未登记,不可定位,0,无法判定,无法判定,未知,未知,未知,未知,未知,未知,未知,未知,未知,未知,未登记,未登记,未知,17cb50cc3c65f508fb921ef26b8f5306a43dab9610337cf613631b5df89e8e5d,未知,未知,未复验,IDENTITY_DECLARATION_MISSING,来源提供者;交易场所;市场类型;标的身份;精确合约;数据对象;Schema确切版本;授权边界;字段中文映射;成员编号;资产编号;输入成员SHA-256;声明版本;声明内容SHA-256;Schema指纹;授权快照SHA-256;撤销事实;证据定位,只读取固定声明入口和information_schema注释摘要；不读取业务正文、价格、成交、订单簿、账户或凭据,该成员绑定当前版本九字段、唯一定位、成员/Schema/授权指纹和未撤销事实后追加不可变批次,58cce83072ee34edffde9ffae7b57104f60b49a8c9b051742f17d062b74c86a6,6d8c063c04eb02cc5c403067fed389705afe13e3dc1e8139af0c6163635c8bd2,92e2317ab33808587c45d85260f8470a02dafb044af8ae83dbdfff20668a40b0,6cd6c036aefc79d96e55ee8a56254af16101a408988b777b7cfe1a704bc2c87e
source-identity-entry-discovery-20260810T054907+0800-2fabb3def319,ZI-87449cb81b7b3a3b8f7d3eab,DS-000217,ETH,未登记,不可定位,0,无法判定,无法判定,未知,未知,未知,未知,未知,未知,未知,未知,未知,未知,未登记,未登记,未知,0bdc7a67f1bbd727ffffcd809c382cb521892eb214a2a1049dd5fd9704b3ce31,未知,未知,未复验,IDENTITY_DECLARATION_MISSING,来源提供者;交易场所;市场类型;标的身份;精确合约;数据对象;Schema确切版本;授权边界;字段中文映射;成员编号;资产编号;输入成员SHA-256;声明版本;声明内容SHA-256;Schema指纹;授权快照SHA-256;撤销事实;证据定位,只读取固定声明入口和information_schema注释摘要；不读取业务正文、价格、成交、订单簿、账户或凭据,该成员绑定当前版本九字段、唯一定位、成员/Schema/授权指纹和未撤销事实后追加不可变批次,58cce83072ee34edffde9ffae7b57104f60b49a8c9b051742f17d062b74c86a6,6d8c063c04eb02cc5c403067fed389705afe13e3dc1e8139af0c6163635c8bd2,92e2317ab33808587c45d85260f8470a02dafb044af8ae83dbdfff20668a40b0,0c07e4da347e3574fb2e5eca7a57a9d9a449750199f520e87e066e94e77519b4
source-identity-entry-discovery-20260810T054907+0800-2fabb3def319,ZI-36c092c73b65708fcdd38ad4,DS-000218,ETH,未登记,不可定位,0,无法判定,无法判定,未知,未知,未知,未知,未知,未知,未知,未知,未知,未知,未登记,未登记,未知,23d79df12719a18f66ce20b5e7348fd6e2f6c701cfaa07957b0acc9b4b4b3c5d,未知,未知,未复验,IDENTITY_DECLARATION_MISSING,来源提供者;交易场所;市场类型;标的身份;精确合约;数据对象;Schema确切版本;授权边界;字段中文映射;成员编号;资产编号;输入成员SHA-256;声明版本;声明内容SHA-256;Schema指纹;授权快照SHA-256;撤销事实;证据定位,只读取固定声明入口和information_schema注释摘要；不读取业务正文、价格、成交、订单簿、账户或凭据,该成员绑定当前版本九字段、唯一定位、成员/Schema/授权指纹和未撤销事实后追加不可变批次,58cce83072ee34edffde9ffae7b57104f60b49a8c9b051742f17d062b74c86a6,6d8c063c04eb02cc5c403067fed389705afe13e3dc1e8139af0c6163635c8bd2,92e2317ab33808587c45d85260f8470a02dafb044af8ae83dbdfff20668a40b0,ba5a9a952a68d2f166ae424ca9f9eedfab340f5699a52268017e464ab00d7958
source-identity-entry-discovery-20260810T054907+0800-2fabb3def319,ZI-12c289eff1be0bf2e1d20fb5,DS-000219,ETH,未登记,不可定位,0,无法判定,无法判定,未知,未知,未知,未知,未知,未知,未知,未知,未知,未知,未登记,未登记,未知,21165349456518961030378083fea5551ab855e98f18bb276a7180f52b3d1f7d,未知,未知,未复验,IDENTITY_DECLARATION_MISSING,来源提供者;交易场所;市场类型;标的身份;精确合约;数据对象;Schema确切版本;授权边界;字段中文映射;成员编号;资产编号;输入成员SHA-256;声明版本;声明内容SHA-256;Schema指纹;授权快照SHA-256;撤销事实;证据定位,只读取固定声明入口和information_schema注释摘要；不读取业务正文、价格、成交、订单簿、账户或凭据,该成员绑定当前版本九字段、唯一定位、成员/Schema/授权指纹和未撤销事实后追加不可变批次,58cce83072ee34edffde9ffae7b57104f60b49a8c9b051742f17d062b74c86a6,6d8c063c04eb02cc5c403067fed389705afe13e3dc1e8139af0c6163635c8bd2,92e2317ab33808587c45d85260f8470a02dafb044af8ae83dbdfff20668a40b0,62f07a531827aa72c2415732a7e44f833ba4c8b3f32fbbac02eed6a2eb2aac85
source-identity-entry-discovery-20260810T054907+0800-2fabb3def319,ZI-f31616fc75ad8bef6735c9f9,DS-000220,ETH,未登记,不可定位,0,无法判定,无法判定,未知,未知,未知,未知,未知,未知,未知,未知,未知,未知,未登记,未登记,未知,7de5a82ae4458f844affdcfc96bb58bd683630348ddf7b03231730efa11bf7dc,未知,未知,未复验,IDENTITY_DECLARATION_MISSING,来源提供者;交易场所;市场类型;标的身份;精确合约;数据对象;Schema确切版本;授权边界;字段中文映射;成员编号;资产编号;输入成员SHA-256;声明版本;声明内容SHA-256;Schema指纹;授权快照SHA-256;撤销事实;证据定位,只读取固定声明入口和information_schema注释摘要；不读取业务正文、价格、成交、订单簿、账户或凭据,该成员绑定当前版本九字段、唯一定位、成员/Schema/授权指纹和未撤销事实后追加不可变批次,58cce83072ee34edffde9ffae7b57104f60b49a8c9b051742f17d062b74c86a6,6d8c063c04eb02cc5c403067fed389705afe13e3dc1e8139af0c6163635c8bd2,92e2317ab33808587c45d85260f8470a02dafb044af8ae83dbdfff20668a40b0,923713383e3972b37f864770669218339b7ac09aedb072e540a2b147f4acec66
source-identity-entry-discovery-20260810T054907+0800-2fabb3def319,ZI-cd249e493d073e54d19874b0,DS-000221,ETH,未登记,不可定位,0,无法判定,无法判定,未知,未知,未知,未知,未知,未知,未知,未知,未知,未知,未登记,未登记,未知,6980edd049f750c69d7e7ae20e5aa6cc1657e9d95673ca38293e252e1af793e9,未知,未知,未复验,IDENTITY_DECLARATION_MISSING,来源提供者;交易场所;市场类型;标的身份;精确合约;数据对象;Schema确切版本;授权边界;字段中文映射;成员编号;资产编号;输入成员SHA-256;声明版本;声明内容SHA-256;Schema指纹;授权快照SHA-256;撤销事实;证据定位,只读取固定声明入口和information_schema注释摘要；不读取业务正文、价格、成交、订单簿、账户或凭据,该成员绑定当前版本九字段、唯一定位、成员/Schema/授权指纹和未撤销事实后追加不可变批次,58cce83072ee34edffde9ffae7b57104f60b49a8c9b051742f17d062b74c86a6,6d8c063c04eb02cc5c403067fed389705afe13e3dc1e8139af0c6163635c8bd2,92e2317ab33808587c45d85260f8470a02dafb044af8ae83dbdfff20668a40b0,6719045e5d9fc16d7a58bbaf0bdd598059c457120515e8f9cf630c95b21df286
source-identity-entry-discovery-20260810T054907+0800-2fabb3def319,ZI-745c8f0cc6ded6fb507acbb1,DS-000222,ETH,未登记,不可定位,0,无法判定,无法判定,未知,未知,未知,未知,未知,未知,未知,未知,未知,未知,未登记,未登记,未知,3e539388481b9fa19a3c40b0e3aa8d79677f6c36cfe63f2ca87828ac92b88df2,未知,未知,未复验,IDENTITY_DECLARATION_MISSING,来源提供者;交易场所;市场类型;标的身份;精确合约;数据对象;Schema确切版本;授权边界;字段中文映射;成员编号;资产编号;输入成员SHA-256;声明版本;声明内容SHA-256;Schema指纹;授权快照SHA-256;撤销事实;证据定位,只读取固定声明入口和information_schema注释摘要；不读取业务正文、价格、成交、订单簿、账户或凭据,该成员绑定当前版本九字段、唯一定位、成员/Schema/授权指纹和未撤销事实后追加不可变批次,58cce83072ee34edffde9ffae7b57104f60b49a8c9b051742f17d062b74c86a6,6d8c063c04eb02cc5c403067fed389705afe13e3dc1e8139af0c6163635c8bd2,92e2317ab33808587c45d85260f8470a02dafb044af8ae83dbdfff20668a40b0,939d86c151d385f6cf8fb582973353c396b7ea8cab851fcbd6e7be82a0a39567
source-identity-entry-discovery-20260810T054907+0800-2fabb3def319,ZI-eb81ef33f15cce2bf5a3ea90,DS-000223,ETH,未登记,不可定位,0,无法判定,无法判定,未知,未知,未知,未知,未知,未知,未知,未知,未知,未知,未登记,未登记,未知,e9c7915b1f0185fd3199344770ef2c5020c6bc27def3a3c1755994699e69cf58,未知,未知,未复验,IDENTITY_DECLARATION_MISSING,来源提供者;交易场所;市场类型;标的身份;精确合约;数据对象;Schema确切版本;授权边界;字段中文映射;成员编号;资产编号;输入成员SHA-256;声明版本;声明内容SHA-256;Schema指纹;授权快照SHA-256;撤销事实;证据定位,只读取固定声明入口和information_schema注释摘要；不读取业务正文、价格、成交、订单簿、账户或凭据,该成员绑定当前版本九字段、唯一定位、成员/Schema/授权指纹和未撤销事实后追加不可变批次,58cce83072ee34edffde9ffae7b57104f60b49a8c9b051742f17d062b74c86a6,6d8c063c04eb02cc5c403067fed389705afe13e3dc1e8139af0c6163635c8bd2,92e2317ab33808587c45d85260f8470a02dafb044af8ae83dbdfff20668a40b0,ae763f654f360a0dac646dc1289997ed9720da87a0b28b662ab5876d05147677
source-identity-entry-discovery-20260810T054907+0800-2fabb3def319,ZI-27b8a9edb40a15d5c5340edf,DS-000225,ETH,未登记,不可定位,0,无法判定,无法判定,未知,未知,未知,未知,未知,未知,未知,未知,未知,未知,未登记,未登记,未知,31c46439848b2efd4dd25f0894f6ce7296e53e7d983b81530451c4d4879bc220,未知,未知,未复验,IDENTITY_DECLARATION_MISSING,来源提供者;交易场所;市场类型;标的身份;精确合约;数据对象;Schema确切版本;授权边界;字段中文映射;成员编号;资产编号;输入成员SHA-256;声明版本;声明内容SHA-256;Schema指纹;授权快照SHA-256;撤销事实;证据定位,只读取固定声明入口和information_schema注释摘要；不读取业务正文、价格、成交、订单簿、账户或凭据,该成员绑定当前版本九字段、唯一定位、成员/Schema/授权指纹和未撤销事实后追加不可变批次,58cce83072ee34edffde9ffae7b57104f60b49a8c9b051742f17d062b74c86a6,6d8c063c04eb02cc5c403067fed389705afe13e3dc1e8139af0c6163635c8bd2,92e2317ab33808587c45d85260f8470a02dafb044af8ae83dbdfff20668a40b0,48c569e1bf78bd75ad5134dbf1b6893b66f6dc0888b1e877a0af3b1dcb891213
source-identity-entry-discovery-20260810T054907+0800-2fabb3def319,ZI-ad198a04fff4d73bef09be27,DS-000226,ETH,未登记,不可定位,0,无法判定,无法判定,未知,未知,未知,未知,未知,未知,未知,未知,未知,未知,未登记,未登记,未知,6a81bb21010d297d98dd3ec7d464e7118f4b2d9fe881e05831f744f092a7bb21,未知,未知,未复验,IDENTITY_DECLARATION_MISSING,来源提供者;交易场所;市场类型;标的身份;精确合约;数据对象;Schema确切版本;授权边界;字段中文映射;成员编号;资产编号;输入成员SHA-256;声明版本;声明内容SHA-256;Schema指纹;授权快照SHA-256;撤销事实;证据定位,只读取固定声明入口和information_schema注释摘要；不读取业务正文、价格、成交、订单簿、账户或凭据,该成员绑定当前版本九字段、唯一定位、成员/Schema/授权指纹和未撤销事实后追加不可变批次,58cce83072ee34edffde9ffae7b57104f60b49a8c9b051742f17d062b74c86a6,6d8c063c04eb02cc5c403067fed389705afe13e3dc1e8139af0c6163635c8bd2,92e2317ab33808587c45d85260f8470a02dafb044af8ae83dbdfff20668a40b0,b1eaecac78f9be42adb4152e31c2a261a05097167526992b24f81eb88a6b9e9c
source-identity-entry-discovery-20260810T054907+0800-2fabb3def319,ZI-4b36343f1d86304b4e4f560c,DS-000227,ETH,未登记,不可定位,0,无法判定,无法判定,未知,未知,未知,未知,未知,未知,未知,未知,未知,未知,未登记,未登记,未知,2ac0c84203efd9c2735cdb91f464d07bc39ee71c28da7cdc8cf4b0a2c0c359f7,未知,未知,未复验,IDENTITY_DECLARATION_MISSING,来源提供者;交易场所;市场类型;标的身份;精确合约;数据对象;Schema确切版本;授权边界;字段中文映射;成员编号;资产编号;输入成员SHA-256;声明版本;声明内容SHA-256;Schema指纹;授权快照SHA-256;撤销事实;证据定位,只读取固定声明入口和information_schema注释摘要；不读取业务正文、价格、成交、订单簿、账户或凭据,该成员绑定当前版本九字段、唯一定位、成员/Schema/授权指纹和未撤销事实后追加不可变批次,58cce83072ee34edffde9ffae7b57104f60b49a8c9b051742f17d062b74c86a6,6d8c063c04eb02cc5c403067fed389705afe13e3dc1e8139af0c6163635c8bd2,92e2317ab33808587c45d85260f8470a02dafb044af8ae83dbdfff20668a40b0,b9d7ea450afd96a2b43fc5df0ab720e24651b32bcf935dcbf379098d4fd11597
source-identity-entry-discovery-20260810T054907+0800-2fabb3def319,ZI-14ef909ee974f036bc532048,DS-000228,ETH,未登记,不可定位,0,无法判定,无法判定,未知,未知,未知,未知,未知,未知,未知,未知,未知,未知,未登记,未登记,未知,ded39db7f820476590ee31689b0e683dd170115a1af80b15191867fc8cfc2848,未知,未知,未复验,IDENTITY_DECLARATION_MISSING,来源提供者;交易场所;市场类型;标的身份;精确合约;数据对象;Schema确切版本;授权边界;字段中文映射;成员编号;资产编号;输入成员SHA-256;声明版本;声明内容SHA-256;Schema指纹;授权快照SHA-256;撤销事实;证据定位,只读取固定声明入口和information_schema注释摘要；不读取业务正文、价格、成交、订单簿、账户或凭据,该成员绑定当前版本九字段、唯一定位、成员/Schema/授权指纹和未撤销事实后追加不可变批次,58cce83072ee34edffde9ffae7b57104f60b49a8c9b051742f17d062b74c86a6,6d8c063c04eb02cc5c403067fed389705afe13e3dc1e8139af0c6163635c8bd2,92e2317ab33808587c45d85260f8470a02dafb044af8ae83dbdfff20668a40b0,5b8d8083f9c9fbd56dbf40179dc01fe471e4057c33b007cc1cf810bebfe0ff15
source-identity-entry-discovery-20260810T054907+0800-2fabb3def319,ZI-66a219ffac06bb9ab7fa2300,DS-000229,ETH,未登记,不可定位,0,无法判定,无法判定,未知,未知,未知,未知,未知,未知,未知,未知,未知,未知,未登记,未登记,未知,f92abe1336fcf2463981b9bf09595da91c6642688d884b9321950c809461e668,未知,未知,未复验,IDENTITY_DECLARATION_MISSING,来源提供者;交易场所;市场类型;标的身份;精确合约;数据对象;Schema确切版本;授权边界;字段中文映射;成员编号;资产编号;输入成员SHA-256;声明版本;声明内容SHA-256;Schema指纹;授权快照SHA-256;撤销事实;证据定位,只读取固定声明入口和information_schema注释摘要；不读取业务正文、价格、成交、订单簿、账户或凭据,该成员绑定当前版本九字段、唯一定位、成员/Schema/授权指纹和未撤销事实后追加不可变批次,58cce83072ee34edffde9ffae7b57104f60b49a8c9b051742f17d062b74c86a6,6d8c063c04eb02cc5c403067fed389705afe13e3dc1e8139af0c6163635c8bd2,92e2317ab33808587c45d85260f8470a02dafb044af8ae83dbdfff20668a40b0,6e6fe843c7dd8e8b7d2d99bdef2178a6389851ed078a49255bdcde80ed6067cf
source-identity-entry-discovery-20260810T054907+0800-2fabb3def319,ZI-79977c0de5fa10baeb4e2036,DS-000230,ETH,未登记,不可定位,0,无法判定,无法判定,未知,未知,未知,未知,未知,未知,未知,未知,未知,未知,未登记,未登记,未知,696fc7c4311abe694bffc605e03c287a75b809028054b2796902f493ea776b60,未知,未知,未复验,IDENTITY_DECLARATION_MISSING,来源提供者;交易场所;市场类型;标的身份;精确合约;数据对象;Schema确切版本;授权边界;字段中文映射;成员编号;资产编号;输入成员SHA-256;声明版本;声明内容SHA-256;Schema指纹;授权快照SHA-256;撤销事实;证据定位,只读取固定声明入口和information_schema注释摘要；不读取业务正文、价格、成交、订单簿、账户或凭据,该成员绑定当前版本九字段、唯一定位、成员/Schema/授权指纹和未撤销事实后追加不可变批次,58cce83072ee34edffde9ffae7b57104f60b49a8c9b051742f17d062b74c86a6,6d8c063c04eb02cc5c403067fed389705afe13e3dc1e8139af0c6163635c8bd2,92e2317ab33808587c45d85260f8470a02dafb044af8ae83dbdfff20668a40b0,2e5e3dba76ba4285f6d072af7946c6170896ebff2e550df7dac76030796d768d
source-identity-entry-discovery-20260810T054907+0800-2fabb3def319,ZI-c0029613c3870423b45b1788,DS-000231,ETH,未登记,不可定位,0,无法判定,无法判定,未知,未知,未知,未知,未知,未知,未知,未知,未知,未知,未登记,未登记,未知,1ddffa1f0f31556fe0d2dc68a47c93c046bfcfab4dcad6b6413e954c85a567ce,未知,未知,未复验,IDENTITY_DECLARATION_MISSING,来源提供者;交易场所;市场类型;标的身份;精确合约;数据对象;Schema确切版本;授权边界;字段中文映射;成员编号;资产编号;输入成员SHA-256;声明版本;声明内容SHA-256;Schema指纹;授权快照SHA-256;撤销事实;证据定位,只读取固定声明入口和information_schema注释摘要；不读取业务正文、价格、成交、订单簿、账户或凭据,该成员绑定当前版本九字段、唯一定位、成员/Schema/授权指纹和未撤销事实后追加不可变批次,58cce83072ee34edffde9ffae7b57104f60b49a8c9b051742f17d062b74c86a6,6d8c063c04eb02cc5c403067fed389705afe13e3dc1e8139af0c6163635c8bd2,92e2317ab33808587c45d85260f8470a02dafb044af8ae83dbdfff20668a40b0,4904389977ea7004fc202300154a4864ff3819c66c54065db4448af4631c1d27
source-identity-entry-discovery-20260810T054907+0800-2fabb3def319,ZI-cf8e84baeb622787ac41dc30,DS-000232,ETH,未登记,不可定位,0,无法判定,无法判定,未知,未知,未知,未知,未知,未知,未知,未知,未知,未知,未登记,未登记,未知,d5e98969dd30d95cf796e35f21a830b2e8ab6decb9c18e07dba58527efbd0f89,未知,未知,未复验,IDENTITY_DECLARATION_MISSING,来源提供者;交易场所;市场类型;标的身份;精确合约;数据对象;Schema确切版本;授权边界;字段中文映射;成员编号;资产编号;输入成员SHA-256;声明版本;声明内容SHA-256;Schema指纹;授权快照SHA-256;撤销事实;证据定位,只读取固定声明入口和information_schema注释摘要；不读取业务正文、价格、成交、订单簿、账户或凭据,该成员绑定当前版本九字段、唯一定位、成员/Schema/授权指纹和未撤销事实后追加不可变批次,58cce83072ee34edffde9ffae7b57104f60b49a8c9b051742f17d062b74c86a6,6d8c063c04eb02cc5c403067fed389705afe13e3dc1e8139af0c6163635c8bd2,92e2317ab33808587c45d85260f8470a02dafb044af8ae83dbdfff20668a40b0,12d98172b9d08d85cd70b3a115f6a7bbf4e5f521953d75e8b235726e1df914ae
source-identity-entry-discovery-20260810T054907+0800-2fabb3def319,ZI-6e16822db392394cabe67d99,DS-000233,ETH,未登记,不可定位,0,无法判定,无法判定,未知,未知,未知,未知,未知,未知,未知,未知,未知,未知,未登记,未登记,未知,72e7313ef8e524b350b1ace10c8d6b8626b5188e0d1dd969dfa6e1b8fcbd5739,未知,未知,未复验,IDENTITY_DECLARATION_MISSING,来源提供者;交易场所;市场类型;标的身份;精确合约;数据对象;Schema确切版本;授权边界;字段中文映射;成员编号;资产编号;输入成员SHA-256;声明版本;声明内容SHA-256;Schema指纹;授权快照SHA-256;撤销事实;证据定位,只读取固定声明入口和information_schema注释摘要；不读取业务正文、价格、成交、订单簿、账户或凭据,该成员绑定当前版本九字段、唯一定位、成员/Schema/授权指纹和未撤销事实后追加不可变批次,58cce83072ee34edffde9ffae7b57104f60b49a8c9b051742f17d062b74c86a6,6d8c063c04eb02cc5c403067fed389705afe13e3dc1e8139af0c6163635c8bd2,92e2317ab33808587c45d85260f8470a02dafb044af8ae83dbdfff20668a40b0,26daf59cd6df0ca047430da395ccd322d2b4ebcac08a4a03d85058118e0158a9
source-identity-entry-discovery-20260810T054907+0800-2fabb3def319,ZI-8bf3b7f49e84f911829251ed,DS-000234,ETH,未登记,不可定位,0,无法判定,无法判定,未知,未知,未知,未知,未知,未知,未知,未知,未知,未知,未登记,未登记,未知,32b66f7841fcfd1a8692bb0602413683c771ac914082faa7548d5a3cd7b46044,未知,未知,未复验,IDENTITY_DECLARATION_MISSING,来源提供者;交易场所;市场类型;标的身份;精确合约;数据对象;Schema确切版本;授权边界;字段中文映射;成员编号;资产编号;输入成员SHA-256;声明版本;声明内容SHA-256;Schema指纹;授权快照SHA-256;撤销事实;证据定位,只读取固定声明入口和information_schema注释摘要；不读取业务正文、价格、成交、订单簿、账户或凭据,该成员绑定当前版本九字段、唯一定位、成员/Schema/授权指纹和未撤销事实后追加不可变批次,58cce83072ee34edffde9ffae7b57104f60b49a8c9b051742f17d062b74c86a6,6d8c063c04eb02cc5c403067fed389705afe13e3dc1e8139af0c6163635c8bd2,92e2317ab33808587c45d85260f8470a02dafb044af8ae83dbdfff20668a40b0,704de03d5fe7358959b11a3446400acb4f5a5f2a552b9868df81279afe4b645b
source-identity-entry-discovery-20260810T054907+0800-2fabb3def319,ZI-d1584d0aeceda26db63c8b11,DS-000235,ETH,未登记,不可定位,0,无法判定,无法判定,未知,未知,未知,未知,未知,未知,未知,未知,未知,未知,未登记,未登记,未知,f1c5147a2e34f6ba05d99991d7e96b60372cf8f3587d7274a6e8f0c390e7197f,未知,未知,未复验,IDENTITY_DECLARATION_MISSING,来源提供者;交易场所;市场类型;标的身份;精确合约;数据对象;Schema确切版本;授权边界;字段中文映射;成员编号;资产编号;输入成员SHA-256;声明版本;声明内容SHA-256;Schema指纹;授权快照SHA-256;撤销事实;证据定位,只读取固定声明入口和information_schema注释摘要；不读取业务正文、价格、成交、订单簿、账户或凭据,该成员绑定当前版本九字段、唯一定位、成员/Schema/授权指纹和未撤销事实后追加不可变批次,58cce83072ee34edffde9ffae7b57104f60b49a8c9b051742f17d062b74c86a6,6d8c063c04eb02cc5c403067fed389705afe13e3dc1e8139af0c6163635c8bd2,92e2317ab33808587c45d85260f8470a02dafb044af8ae83dbdfff20668a40b0,f5f8b3e5af17921a8913cbfa3fbf6afc77dac5e6675bd4d207f1934ac6584f24
source-identity-entry-discovery-20260810T054907+0800-2fabb3def319,ZI-5e6e454a508063ea931295ff,DS-000236,ETH,未登记,不可定位,0,无法判定,无法判定,未知,未知,未知,未知,未知,未知,未知,未知,未知,未知,未登记,未登记,未知,98b039adcd5656df11f65ee44b7131ebc40f5750a04b7327545e42606758bd44,未知,未知,未复验,IDENTITY_DECLARATION_MISSING,来源提供者;交易场所;市场类型;标的身份;精确合约;数据对象;Schema确切版本;授权边界;字段中文映射;成员编号;资产编号;输入成员SHA-256;声明版本;声明内容SHA-256;Schema指纹;授权快照SHA-256;撤销事实;证据定位,只读取固定声明入口和information_schema注释摘要；不读取业务正文、价格、成交、订单簿、账户或凭据,该成员绑定当前版本九字段、唯一定位、成员/Schema/授权指纹和未撤销事实后追加不可变批次,58cce83072ee34edffde9ffae7b57104f60b49a8c9b051742f17d062b74c86a6,6d8c063c04eb02cc5c403067fed389705afe13e3dc1e8139af0c6163635c8bd2,92e2317ab33808587c45d85260f8470a02dafb044af8ae83dbdfff20668a40b0,7db090107499d7961c3196b7e29dc39b2464a43457f8f33322668e94e3790387
source-identity-entry-discovery-20260810T054907+0800-2fabb3def319,ZI-df85df71f25df1fb06f98422,DS-000237,ETH,未登记,不可定位,0,无法判定,无法判定,未知,未知,未知,未知,未知,未知,未知,未知,未知,未知,未登记,未登记,未知,3726607d3f48f439672a2470687cbdc27e1513ae4716fbfd7ecfe895db4d10f7,未知,未知,未复验,IDENTITY_DECLARATION_MISSING,来源提供者;交易场所;市场类型;标的身份;精确合约;数据对象;Schema确切版本;授权边界;字段中文映射;成员编号;资产编号;输入成员SHA-256;声明版本;声明内容SHA-256;Schema指纹;授权快照SHA-256;撤销事实;证据定位,只读取固定声明入口和information_schema注释摘要；不读取业务正文、价格、成交、订单簿、账户或凭据,该成员绑定当前版本九字段、唯一定位、成员/Schema/授权指纹和未撤销事实后追加不可变批次,58cce83072ee34edffde9ffae7b57104f60b49a8c9b051742f17d062b74c86a6,6d8c063c04eb02cc5c403067fed389705afe13e3dc1e8139af0c6163635c8bd2,92e2317ab33808587c45d85260f8470a02dafb044af8ae83dbdfff20668a40b0,14f8b48fe7daa4896b82bc5c2653a8498f0084b6f5cfa9ff192f38f4dd30165b
source-identity-entry-discovery-20260810T054907+0800-2fabb3def319,ZI-1194b87b58ecebc3c28008ce,DS-000238,ETH,未登记,不可定位,0,无法判定,无法判定,未知,未知,未知,未知,未知,未知,未知,未知,未知,未知,未登记,未登记,未知,270b961e9a166bcdca4fcdee14c4cd7f0f1ad86a75cdc3960672ad622cba43ea,未知,未知,未复验,IDENTITY_DECLARATION_MISSING,来源提供者;交易场所;市场类型;标的身份;精确合约;数据对象;Schema确切版本;授权边界;字段中文映射;成员编号;资产编号;输入成员SHA-256;声明版本;声明内容SHA-256;Schema指纹;授权快照SHA-256;撤销事实;证据定位,只读取固定声明入口和information_schema注释摘要；不读取业务正文、价格、成交、订单簿、账户或凭据,该成员绑定当前版本九字段、唯一定位、成员/Schema/授权指纹和未撤销事实后追加不可变批次,58cce83072ee34edffde9ffae7b57104f60b49a8c9b051742f17d062b74c86a6,6d8c063c04eb02cc5c403067fed389705afe13e3dc1e8139af0c6163635c8bd2,92e2317ab33808587c45d85260f8470a02dafb044af8ae83dbdfff20668a40b0,ec24c91dc08d0c42461aa7a302ed9121154ce22705efa263cec9dfd6baa51ee0
source-identity-entry-discovery-20260810T054907+0800-2fabb3def319,ZI-2cfe46f1735ab9707d4c09ab,DS-000239,ETH,未登记,不可定位,0,无法判定,无法判定,未知,未知,未知,未知,未知,未知,未知,未知,未知,未知,未登记,未登记,未知,117aa34fd7e4061134b2f25dd7f0a2b0d1efa63bd4819c4778a897f004e66d14,未知,未知,未复验,IDENTITY_DECLARATION_MISSING,来源提供者;交易场所;市场类型;标的身份;精确合约;数据对象;Schema确切版本;授权边界;字段中文映射;成员编号;资产编号;输入成员SHA-256;声明版本;声明内容SHA-256;Schema指纹;授权快照SHA-256;撤销事实;证据定位,只读取固定声明入口和information_schema注释摘要；不读取业务正文、价格、成交、订单簿、账户或凭据,该成员绑定当前版本九字段、唯一定位、成员/Schema/授权指纹和未撤销事实后追加不可变批次,58cce83072ee34edffde9ffae7b57104f60b49a8c9b051742f17d062b74c86a6,6d8c063c04eb02cc5c403067fed389705afe13e3dc1e8139af0c6163635c8bd2,92e2317ab33808587c45d85260f8470a02dafb044af8ae83dbdfff20668a40b0,09654be5406ce5175185e75c181d9392041a8cd92ab846b7477fd445bf710bf6
source-identity-entry-discovery-20260810T054907+0800-2fabb3def319,ZI-c2a1b190eb6f6e39d8e7307b,DS-000240,ETH,未登记,不可定位,0,无法判定,无法判定,未知,未知,未知,未知,未知,未知,未知,未知,未知,未知,未登记,未登记,未知,a9f656490ddb8a2c0687c98bf185161c1ff4e8545620daade42c31f3b709cd45,未知,未知,未复验,IDENTITY_DECLARATION_MISSING,来源提供者;交易场所;市场类型;标的身份;精确合约;数据对象;Schema确切版本;授权边界;字段中文映射;成员编号;资产编号;输入成员SHA-256;声明版本;声明内容SHA-256;Schema指纹;授权快照SHA-256;撤销事实;证据定位,只读取固定声明入口和information_schema注释摘要；不读取业务正文、价格、成交、订单簿、账户或凭据,该成员绑定当前版本九字段、唯一定位、成员/Schema/授权指纹和未撤销事实后追加不可变批次,58cce83072ee34edffde9ffae7b57104f60b49a8c9b051742f17d062b74c86a6,6d8c063c04eb02cc5c403067fed389705afe13e3dc1e8139af0c6163635c8bd2,92e2317ab33808587c45d85260f8470a02dafb044af8ae83dbdfff20668a40b0,18bd1e464a17add1252acbdd1abf69f560ea2df6ba1bfa1d628e7ad84037c200
source-identity-entry-discovery-20260810T054907+0800-2fabb3def319,ZI-ae83f52ffad4d799cef96c15,DS-000241,ETH,未登记,不可定位,0,无法判定,无法判定,未知,未知,未知,未知,未知,未知,未知,未知,未知,未知,未登记,未登记,未知,a3b0dc868567565fbc694d34c2bfbe290d8bce78d7aa8020914d094b03202ca2,未知,未知,未复验,IDENTITY_DECLARATION_MISSING,来源提供者;交易场所;市场类型;标的身份;精确合约;数据对象;Schema确切版本;授权边界;字段中文映射;成员编号;资产编号;输入成员SHA-256;声明版本;声明内容SHA-256;Schema指纹;授权快照SHA-256;撤销事实;证据定位,只读取固定声明入口和information_schema注释摘要；不读取业务正文、价格、成交、订单簿、账户或凭据,该成员绑定当前版本九字段、唯一定位、成员/Schema/授权指纹和未撤销事实后追加不可变批次,58cce83072ee34edffde9ffae7b57104f60b49a8c9b051742f17d062b74c86a6,6d8c063c04eb02cc5c403067fed389705afe13e3dc1e8139af0c6163635c8bd2,92e2317ab33808587c45d85260f8470a02dafb044af8ae83dbdfff20668a40b0,80963b5ebf55d9e2f3afcb0f7a80a6b2088f564a558de6a679875574ce237f1e
source-identity-entry-discovery-20260810T054907+0800-2fabb3def319,ZI-c0132a1ecf9a90f96d882e21,DS-000242,ETH,未登记,不可定位,0,无法判定,无法判定,未知,未知,未知,未知,未知,未知,未知,未知,未知,未知,未登记,未登记,未知,f06d1d1e6c27a45590fca5ee63f74b8db5c230132951c25768af2fdb002dade8,未知,未知,未复验,IDENTITY_DECLARATION_MISSING,来源提供者;交易场所;市场类型;标的身份;精确合约;数据对象;Schema确切版本;授权边界;字段中文映射;成员编号;资产编号;输入成员SHA-256;声明版本;声明内容SHA-256;Schema指纹;授权快照SHA-256;撤销事实;证据定位,只读取固定声明入口和information_schema注释摘要；不读取业务正文、价格、成交、订单簿、账户或凭据,该成员绑定当前版本九字段、唯一定位、成员/Schema/授权指纹和未撤销事实后追加不可变批次,58cce83072ee34edffde9ffae7b57104f60b49a8c9b051742f17d062b74c86a6,6d8c063c04eb02cc5c403067fed389705afe13e3dc1e8139af0c6163635c8bd2,92e2317ab33808587c45d85260f8470a02dafb044af8ae83dbdfff20668a40b0,841cc6926ee0aa8248f7cfe4081c64ce8bb73682e033b46431540cd6b191231e
source-identity-entry-discovery-20260810T054907+0800-2fabb3def319,ZI-3df61827b10e5aad02eaefeb,DS-000243,ETH,未登记,不可定位,0,无法判定,无法判定,未知,未知,未知,未知,未知,未知,未知,未知,未知,未知,未登记,未登记,未知,8f2d433fc50cdb27ebcc8696c2f8aae7aee08cdc738e7e73e2445894e0b6429e,未知,未知,未复验,IDENTITY_DECLARATION_MISSING,来源提供者;交易场所;市场类型;标的身份;精确合约;数据对象;Schema确切版本;授权边界;字段中文映射;成员编号;资产编号;输入成员SHA-256;声明版本;声明内容SHA-256;Schema指纹;授权快照SHA-256;撤销事实;证据定位,只读取固定声明入口和information_schema注释摘要；不读取业务正文、价格、成交、订单簿、账户或凭据,该成员绑定当前版本九字段、唯一定位、成员/Schema/授权指纹和未撤销事实后追加不可变批次,58cce83072ee34edffde9ffae7b57104f60b49a8c9b051742f17d062b74c86a6,6d8c063c04eb02cc5c403067fed389705afe13e3dc1e8139af0c6163635c8bd2,92e2317ab33808587c45d85260f8470a02dafb044af8ae83dbdfff20668a40b0,c94a2f76d980a54438f2f9403a2e17328829567da2d51a529a9c787f8f38aeab
source-identity-entry-discovery-20260810T054907+0800-2fabb3def319,ZI-6ce4484efa53e7ff44eb2c25,DS-000244,ETH,未登记,不可定位,0,无法判定,无法判定,未知,未知,未知,未知,未知,未知,未知,未知,未知,未知,未登记,未登记,未知,d9ccf842fc989b8040673df44f01abefc569defc18f83e6d9c5d50fe594be145,未知,未知,未复验,IDENTITY_DECLARATION_MISSING,来源提供者;交易场所;市场类型;标的身份;精确合约;数据对象;Schema确切版本;授权边界;字段中文映射;成员编号;资产编号;输入成员SHA-256;声明版本;声明内容SHA-256;Schema指纹;授权快照SHA-256;撤销事实;证据定位,只读取固定声明入口和information_schema注释摘要；不读取业务正文、价格、成交、订单簿、账户或凭据,该成员绑定当前版本九字段、唯一定位、成员/Schema/授权指纹和未撤销事实后追加不可变批次,58cce83072ee34edffde9ffae7b57104f60b49a8c9b051742f17d062b74c86a6,6d8c063c04eb02cc5c403067fed389705afe13e3dc1e8139af0c6163635c8bd2,92e2317ab33808587c45d85260f8470a02dafb044af8ae83dbdfff20668a40b0,b0d5046597b3ddacb18d2ea43789f31f9ea99510b6ba3027271117a0e393b31c
source-identity-entry-discovery-20260810T054907+0800-2fabb3def319,ZI-087e7743eeecff587810b73c,DS-000245,ETH,未登记,不可定位,0,无法判定,无法判定,未知,未知,未知,未知,未知,未知,未知,未知,未知,未知,未登记,未登记,未知,4a802128b530c664d2cce4467dc90608e80c54df2148a9807f2f73c198908494,未知,未知,未复验,IDENTITY_DECLARATION_MISSING,来源提供者;交易场所;市场类型;标的身份;精确合约;数据对象;Schema确切版本;授权边界;字段中文映射;成员编号;资产编号;输入成员SHA-256;声明版本;声明内容SHA-256;Schema指纹;授权快照SHA-256;撤销事实;证据定位,只读取固定声明入口和information_schema注释摘要；不读取业务正文、价格、成交、订单簿、账户或凭据,该成员绑定当前版本九字段、唯一定位、成员/Schema/授权指纹和未撤销事实后追加不可变批次,58cce83072ee34edffde9ffae7b57104f60b49a8c9b051742f17d062b74c86a6,6d8c063c04eb02cc5c403067fed389705afe13e3dc1e8139af0c6163635c8bd2,92e2317ab33808587c45d85260f8470a02dafb044af8ae83dbdfff20668a40b0,51cddafd2ec6089f576ef78910213a5b59761e8f6d62083bcfefedac00d12f4b
source-identity-entry-discovery-20260810T054907+0800-2fabb3def319,ZI-eaa396b6b41356431fa8c73f,DS-000246,ETH,未登记,不可定位,0,无法判定,无法判定,未知,未知,未知,未知,未知,未知,未知,未知,未知,未知,未登记,未登记,未知,7d64dde1f25c3737f64198c66faf0e6ab439a60473cdaa8f3b366cc1220a7b34,未知,未知,未复验,IDENTITY_DECLARATION_MISSING,来源提供者;交易场所;市场类型;标的身份;精确合约;数据对象;Schema确切版本;授权边界;字段中文映射;成员编号;资产编号;输入成员SHA-256;声明版本;声明内容SHA-256;Schema指纹;授权快照SHA-256;撤销事实;证据定位,只读取固定声明入口和information_schema注释摘要；不读取业务正文、价格、成交、订单簿、账户或凭据,该成员绑定当前版本九字段、唯一定位、成员/Schema/授权指纹和未撤销事实后追加不可变批次,58cce83072ee34edffde9ffae7b57104f60b49a8c9b051742f17d062b74c86a6,6d8c063c04eb02cc5c403067fed389705afe13e3dc1e8139af0c6163635c8bd2,92e2317ab33808587c45d85260f8470a02dafb044af8ae83dbdfff20668a40b0,8c9e5cac9c0790b60d198750462d680367fb9c1981f12efba847908f7970326e
source-identity-entry-discovery-20260810T054907+0800-2fabb3def319,ZI-a5d529e526179f5aab36b504,DS-000247,ETH,未登记,不可定位,0,无法判定,无法判定,未知,未知,未知,未知,未知,未知,未知,未知,未知,未知,未登记,未登记,未知,87e80f8fb7aa338d10f9ea15efd48b34ebc42084728e9ba9869fa6a7eb4ca114,未知,未知,未复验,IDENTITY_DECLARATION_MISSING,来源提供者;交易场所;市场类型;标的身份;精确合约;数据对象;Schema确切版本;授权边界;字段中文映射;成员编号;资产编号;输入成员SHA-256;声明版本;声明内容SHA-256;Schema指纹;授权快照SHA-256;撤销事实;证据定位,只读取固定声明入口和information_schema注释摘要；不读取业务正文、价格、成交、订单簿、账户或凭据,该成员绑定当前版本九字段、唯一定位、成员/Schema/授权指纹和未撤销事实后追加不可变批次,58cce83072ee34edffde9ffae7b57104f60b49a8c9b051742f17d062b74c86a6,6d8c063c04eb02cc5c403067fed389705afe13e3dc1e8139af0c6163635c8bd2,92e2317ab33808587c45d85260f8470a02dafb044af8ae83dbdfff20668a40b0,33e8066bc2f61c82e1e67d2d413e136303ce84bab54348d9229a390cc61b4f43
source-identity-entry-discovery-20260810T054907+0800-2fabb3def319,ZI-f72d093effc7a5df77a24e15,DS-000248,ETH,未登记,不可定位,0,无法判定,无法判定,未知,未知,未知,未知,未知,未知,未知,未知,未知,未知,未登记,未登记,未知,65611c0f1bf5e4f18dfc700ed64ff077d3d9c24f54cb2862a98fe7bafda25358,未知,未知,未复验,IDENTITY_DECLARATION_MISSING,来源提供者;交易场所;市场类型;标的身份;精确合约;数据对象;Schema确切版本;授权边界;字段中文映射;成员编号;资产编号;输入成员SHA-256;声明版本;声明内容SHA-256;Schema指纹;授权快照SHA-256;撤销事实;证据定位,只读取固定声明入口和information_schema注释摘要；不读取业务正文、价格、成交、订单簿、账户或凭据,该成员绑定当前版本九字段、唯一定位、成员/Schema/授权指纹和未撤销事实后追加不可变批次,58cce83072ee34edffde9ffae7b57104f60b49a8c9b051742f17d062b74c86a6,6d8c063c04eb02cc5c403067fed389705afe13e3dc1e8139af0c6163635c8bd2,92e2317ab33808587c45d85260f8470a02dafb044af8ae83dbdfff20668a40b0,b2324b2fc736cd70365ea9a00210002d474eaf064bcda67f265887f754275069
source-identity-entry-discovery-20260810T054907+0800-2fabb3def319,ZI-3a704542de2b0358f6385dd1,DS-000249,ETH,未登记,不可定位,0,无法判定,无法判定,未知,未知,未知,未知,未知,未知,未知,未知,未知,未知,未登记,未登记,未知,aca809161e20675328dc217edad64dd8dba9342aab44d915bd0e824c22863f5e,未知,未知,未复验,IDENTITY_DECLARATION_MISSING,来源提供者;交易场所;市场类型;标的身份;精确合约;数据对象;Schema确切版本;授权边界;字段中文映射;成员编号;资产编号;输入成员SHA-256;声明版本;声明内容SHA-256;Schema指纹;授权快照SHA-256;撤销事实;证据定位,只读取固定声明入口和information_schema注释摘要；不读取业务正文、价格、成交、订单簿、账户或凭据,该成员绑定当前版本九字段、唯一定位、成员/Schema/授权指纹和未撤销事实后追加不可变批次,58cce83072ee34edffde9ffae7b57104f60b49a8c9b051742f17d062b74c86a6,6d8c063c04eb02cc5c403067fed389705afe13e3dc1e8139af0c6163635c8bd2,92e2317ab33808587c45d85260f8470a02dafb044af8ae83dbdfff20668a40b0,14d03d92c3301bbb934b62728995723d52a5ad84fa226c3a92893cc319400f30
source-identity-entry-discovery-20260810T054907+0800-2fabb3def319,ZI-f218e1c853f5de10621f560f,DS-000250,ETH,未登记,不可定位,0,无法判定,无法判定,未知,未知,未知,未知,未知,未知,未知,未知,未知,未知,未登记,未登记,未知,ecb0dcb61e3f9dae7d3cae5c9d7891232f850e3a93e93c3a61f67948dbb25d6e,未知,未知,未复验,IDENTITY_DECLARATION_MISSING,来源提供者;交易场所;市场类型;标的身份;精确合约;数据对象;Schema确切版本;授权边界;字段中文映射;成员编号;资产编号;输入成员SHA-256;声明版本;声明内容SHA-256;Schema指纹;授权快照SHA-256;撤销事实;证据定位,只读取固定声明入口和information_schema注释摘要；不读取业务正文、价格、成交、订单簿、账户或凭据,该成员绑定当前版本九字段、唯一定位、成员/Schema/授权指纹和未撤销事实后追加不可变批次,58cce83072ee34edffde9ffae7b57104f60b49a8c9b051742f17d062b74c86a6,6d8c063c04eb02cc5c403067fed389705afe13e3dc1e8139af0c6163635c8bd2,92e2317ab33808587c45d85260f8470a02dafb044af8ae83dbdfff20668a40b0,e78740a05021a43ed190b920013a4947ecb71830acc53318987429cde6e9ee3c
source-identity-entry-discovery-20260810T054907+0800-2fabb3def319,ZI-40198d2754da97536a9ad6ce,DS-000251,ETH,未登记,不可定位,0,无法判定,无法判定,未知,未知,未知,未知,未知,未知,未知,未知,未知,未知,未登记,未登记,未知,b816107fcd9458244e66909d10efec6cd8e2accda1bfe58a8fbf9a0669c0dd53,未知,未知,未复验,IDENTITY_DECLARATION_MISSING,来源提供者;交易场所;市场类型;标的身份;精确合约;数据对象;Schema确切版本;授权边界;字段中文映射;成员编号;资产编号;输入成员SHA-256;声明版本;声明内容SHA-256;Schema指纹;授权快照SHA-256;撤销事实;证据定位,只读取固定声明入口和information_schema注释摘要；不读取业务正文、价格、成交、订单簿、账户或凭据,该成员绑定当前版本九字段、唯一定位、成员/Schema/授权指纹和未撤销事实后追加不可变批次,58cce83072ee34edffde9ffae7b57104f60b49a8c9b051742f17d062b74c86a6,6d8c063c04eb02cc5c403067fed389705afe13e3dc1e8139af0c6163635c8bd2,92e2317ab33808587c45d85260f8470a02dafb044af8ae83dbdfff20668a40b0,00af180bae19bef9b020f4aecedc972545d5c05618de3343621ad416efab2e6f
source-identity-entry-discovery-20260810T054907+0800-2fabb3def319,ZI-33f93e20269b5fc9790af097,DS-000252,ETH,未登记,不可定位,0,无法判定,无法判定,未知,未知,未知,未知,未知,未知,未知,未知,未知,未知,未登记,未登记,未知,98ba0e71e4eea4203f58a3df83e1469c57532861305d2639da67bd3bb490d481,未知,未知,未复验,IDENTITY_DECLARATION_MISSING,来源提供者;交易场所;市场类型;标的身份;精确合约;数据对象;Schema确切版本;授权边界;字段中文映射;成员编号;资产编号;输入成员SHA-256;声明版本;声明内容SHA-256;Schema指纹;授权快照SHA-256;撤销事实;证据定位,只读取固定声明入口和information_schema注释摘要；不读取业务正文、价格、成交、订单簿、账户或凭据,该成员绑定当前版本九字段、唯一定位、成员/Schema/授权指纹和未撤销事实后追加不可变批次,58cce83072ee34edffde9ffae7b57104f60b49a8c9b051742f17d062b74c86a6,6d8c063c04eb02cc5c403067fed389705afe13e3dc1e8139af0c6163635c8bd2,92e2317ab33808587c45d85260f8470a02dafb044af8ae83dbdfff20668a40b0,c891c61073241d119c0618612c7383efdb4f6f06a0dda7675b52a864e905fe47
source-identity-entry-discovery-20260810T054907+0800-2fabb3def319,ZI-323348d30ce7bec199813155,DS-000253,ETH,未登记,不可定位,0,无法判定,无法判定,未知,未知,未知,未知,未知,未知,未知,未知,未知,未知,未登记,未登记,未知,6218f5ae411a9a1c1d8031e34c1091dea2dc3f9d8700a756d1665b4011c480c1,未知,未知,未复验,IDENTITY_DECLARATION_MISSING,来源提供者;交易场所;市场类型;标的身份;精确合约;数据对象;Schema确切版本;授权边界;字段中文映射;成员编号;资产编号;输入成员SHA-256;声明版本;声明内容SHA-256;Schema指纹;授权快照SHA-256;撤销事实;证据定位,只读取固定声明入口和information_schema注释摘要；不读取业务正文、价格、成交、订单簿、账户或凭据,该成员绑定当前版本九字段、唯一定位、成员/Schema/授权指纹和未撤销事实后追加不可变批次,58cce83072ee34edffde9ffae7b57104f60b49a8c9b051742f17d062b74c86a6,6d8c063c04eb02cc5c403067fed389705afe13e3dc1e8139af0c6163635c8bd2,92e2317ab33808587c45d85260f8470a02dafb044af8ae83dbdfff20668a40b0,4ca95c377aea719e089c3048387926dc44c4f640a18f3b141ffc0c33251b805b
source-identity-entry-discovery-20260810T054907+0800-2fabb3def319,ZI-d041bd8293d10482fe6e3302,DS-000254,ETH,未登记,不可定位,0,无法判定,无法判定,未知,未知,未知,未知,未知,未知,未知,未知,未知,未知,未登记,未登记,未知,8fb55f44c4dc05cd2f2f0afb77a649faa69a0513e90690925d91bf432e4f30ff,未知,未知,未复验,IDENTITY_DECLARATION_MISSING,来源提供者;交易场所;市场类型;标的身份;精确合约;数据对象;Schema确切版本;授权边界;字段中文映射;成员编号;资产编号;输入成员SHA-256;声明版本;声明内容SHA-256;Schema指纹;授权快照SHA-256;撤销事实;证据定位,只读取固定声明入口和information_schema注释摘要；不读取业务正文、价格、成交、订单簿、账户或凭据,该成员绑定当前版本九字段、唯一定位、成员/Schema/授权指纹和未撤销事实后追加不可变批次,58cce83072ee34edffde9ffae7b57104f60b49a8c9b051742f17d062b74c86a6,6d8c063c04eb02cc5c403067fed389705afe13e3dc1e8139af0c6163635c8bd2,92e2317ab33808587c45d85260f8470a02dafb044af8ae83dbdfff20668a40b0,d7b8d97665f32467e727e92f2a5a138e9e3ad4dded3e684e3bcebaab2932576b
source-identity-entry-discovery-20260810T054907+0800-2fabb3def319,ZI-3a7f47e5cb0b222a091588ca,DS-000255,ETH,未登记,不可定位,0,无法判定,无法判定,未知,未知,未知,未知,未知,未知,未知,未知,未知,未知,未登记,未登记,未知,97c901f301044a2160dd66a1a1f59d8d5958ae46cc18f7590c0234c39322f194,未知,未知,未复验,IDENTITY_DECLARATION_MISSING,来源提供者;交易场所;市场类型;标的身份;精确合约;数据对象;Schema确切版本;授权边界;字段中文映射;成员编号;资产编号;输入成员SHA-256;声明版本;声明内容SHA-256;Schema指纹;授权快照SHA-256;撤销事实;证据定位,只读取固定声明入口和information_schema注释摘要；不读取业务正文、价格、成交、订单簿、账户或凭据,该成员绑定当前版本九字段、唯一定位、成员/Schema/授权指纹和未撤销事实后追加不可变批次,58cce83072ee34edffde9ffae7b57104f60b49a8c9b051742f17d062b74c86a6,6d8c063c04eb02cc5c403067fed389705afe13e3dc1e8139af0c6163635c8bd2,92e2317ab33808587c45d85260f8470a02dafb044af8ae83dbdfff20668a40b0,56826618c7e67dcd6db1733429566b1fb9e2c722618b64effc3e37f8631ed659
source-identity-entry-discovery-20260810T054907+0800-2fabb3def319,ZI-319a17a33bc9e78d08ed5c4a,DS-000256,ETH,未登记,不可定位,0,无法判定,无法判定,未知,未知,未知,未知,未知,未知,未知,未知,未知,未知,未登记,未登记,未知,72946cce48d978d6b90942bd0f99bd012a999fc767a59eaeb63b097815d707a9,未知,未知,未复验,IDENTITY_DECLARATION_MISSING,来源提供者;交易场所;市场类型;标的身份;精确合约;数据对象;Schema确切版本;授权边界;字段中文映射;成员编号;资产编号;输入成员SHA-256;声明版本;声明内容SHA-256;Schema指纹;授权快照SHA-256;撤销事实;证据定位,只读取固定声明入口和information_schema注释摘要；不读取业务正文、价格、成交、订单簿、账户或凭据,该成员绑定当前版本九字段、唯一定位、成员/Schema/授权指纹和未撤销事实后追加不可变批次,58cce83072ee34edffde9ffae7b57104f60b49a8c9b051742f17d062b74c86a6,6d8c063c04eb02cc5c403067fed389705afe13e3dc1e8139af0c6163635c8bd2,92e2317ab33808587c45d85260f8470a02dafb044af8ae83dbdfff20668a40b0,465234d83788ce736470e75ae77a7b059393e4c907cb85ce47ddff9cc701df03
source-identity-entry-discovery-20260810T054907+0800-2fabb3def319,ZI-a7faef667815d04984e9f416,DS-000257,ETH,未登记,不可定位,0,无法判定,无法判定,未知,未知,未知,未知,未知,未知,未知,未知,未知,未知,未登记,未登记,未知,e9a1adbad68c8e4f0b3f88a4c1d5f5e59207297fe7eb4ea9a6f3e91690974ffb,未知,未知,未复验,IDENTITY_DECLARATION_MISSING,来源提供者;交易场所;市场类型;标的身份;精确合约;数据对象;Schema确切版本;授权边界;字段中文映射;成员编号;资产编号;输入成员SHA-256;声明版本;声明内容SHA-256;Schema指纹;授权快照SHA-256;撤销事实;证据定位,只读取固定声明入口和information_schema注释摘要；不读取业务正文、价格、成交、订单簿、账户或凭据,该成员绑定当前版本九字段、唯一定位、成员/Schema/授权指纹和未撤销事实后追加不可变批次,58cce83072ee34edffde9ffae7b57104f60b49a8c9b051742f17d062b74c86a6,6d8c063c04eb02cc5c403067fed389705afe13e3dc1e8139af0c6163635c8bd2,92e2317ab33808587c45d85260f8470a02dafb044af8ae83dbdfff20668a40b0,e403a054b32533408ad8248b43e2b9312eb2081904008c1824bc4b11751bddac
source-identity-entry-discovery-20260810T054907+0800-2fabb3def319,ZI-8525784cda6abfa9ae3bebd3,DS-000258,ETH,未登记,不可定位,0,无法判定,无法判定,未知,未知,未知,未知,未知,未知,未知,未知,未知,未知,未登记,未登记,未知,05dc2fcb434d0937800d8432001eafe73e3969f23c72e4e6dccfa8d10a464e89,未知,未知,未复验,IDENTITY_DECLARATION_MISSING,来源提供者;交易场所;市场类型;标的身份;精确合约;数据对象;Schema确切版本;授权边界;字段中文映射;成员编号;资产编号;输入成员SHA-256;声明版本;声明内容SHA-256;Schema指纹;授权快照SHA-256;撤销事实;证据定位,只读取固定声明入口和information_schema注释摘要；不读取业务正文、价格、成交、订单簿、账户或凭据,该成员绑定当前版本九字段、唯一定位、成员/Schema/授权指纹和未撤销事实后追加不可变批次,58cce83072ee34edffde9ffae7b57104f60b49a8c9b051742f17d062b74c86a6,6d8c063c04eb02cc5c403067fed389705afe13e3dc1e8139af0c6163635c8bd2,92e2317ab33808587c45d85260f8470a02dafb044af8ae83dbdfff20668a40b0,b3543fcfbe5c84e4a355683d774f5d3a081fbacbaf21055dc4e692a95f7b029a
source-identity-entry-discovery-20260810T054907+0800-2fabb3def319,ZI-aa4a3912b3b8cdfe15e16046,DS-000259,ETH,未登记,不可定位,0,无法判定,无法判定,未知,未知,未知,未知,未知,未知,未知,未知,未知,未知,未登记,未登记,未知,1cd773853ef33cb8f6d7c1280729bf82e0b795d62cb20a76d636135bcdf110fc,未知,未知,未复验,IDENTITY_DECLARATION_MISSING,来源提供者;交易场所;市场类型;标的身份;精确合约;数据对象;Schema确切版本;授权边界;字段中文映射;成员编号;资产编号;输入成员SHA-256;声明版本;声明内容SHA-256;Schema指纹;授权快照SHA-256;撤销事实;证据定位,只读取固定声明入口和information_schema注释摘要；不读取业务正文、价格、成交、订单簿、账户或凭据,该成员绑定当前版本九字段、唯一定位、成员/Schema/授权指纹和未撤销事实后追加不可变批次,58cce83072ee34edffde9ffae7b57104f60b49a8c9b051742f17d062b74c86a6,6d8c063c04eb02cc5c403067fed389705afe13e3dc1e8139af0c6163635c8bd2,92e2317ab33808587c45d85260f8470a02dafb044af8ae83dbdfff20668a40b0,c1d78c5902ac2f60c921c8b8c49a3ba442b4c0cc4d54d7f9545c2fc992ebb26d
source-identity-entry-discovery-20260810T054907+0800-2fabb3def319,ZI-9eca828c7abfb00211600ef2,DS-000260,ETH,未登记,不可定位,0,无法判定,无法判定,未知,未知,未知,未知,未知,未知,未知,未知,未知,未知,未登记,未登记,未知,401f3e557d030bd2429821a0c387907103f5a6996eed7ad975e0b5013f0313e6,未知,未知,未复验,IDENTITY_DECLARATION_MISSING,来源提供者;交易场所;市场类型;标的身份;精确合约;数据对象;Schema确切版本;授权边界;字段中文映射;成员编号;资产编号;输入成员SHA-256;声明版本;声明内容SHA-256;Schema指纹;授权快照SHA-256;撤销事实;证据定位,只读取固定声明入口和information_schema注释摘要；不读取业务正文、价格、成交、订单簿、账户或凭据,该成员绑定当前版本九字段、唯一定位、成员/Schema/授权指纹和未撤销事实后追加不可变批次,58cce83072ee34edffde9ffae7b57104f60b49a8c9b051742f17d062b74c86a6,6d8c063c04eb02cc5c403067fed389705afe13e3dc1e8139af0c6163635c8bd2,92e2317ab33808587c45d85260f8470a02dafb044af8ae83dbdfff20668a40b0,c5cb8fe9c63dbd9ddc480c7377c72e8f1aa827d185ed1e8b15e8d4857b955727
source-identity-entry-discovery-20260810T054907+0800-2fabb3def319,ZI-a9478e827e537a4e6878eb2f,DS-000261,ETH,未登记,不可定位,0,无法判定,无法判定,未知,未知,未知,未知,未知,未知,未知,未知,未知,未知,未登记,未登记,未知,a9f85bb1dc0b933fe331584b1457e01f02ef7ff90e431451c038e26336977746,未知,未知,未复验,IDENTITY_DECLARATION_MISSING,来源提供者;交易场所;市场类型;标的身份;精确合约;数据对象;Schema确切版本;授权边界;字段中文映射;成员编号;资产编号;输入成员SHA-256;声明版本;声明内容SHA-256;Schema指纹;授权快照SHA-256;撤销事实;证据定位,只读取固定声明入口和information_schema注释摘要；不读取业务正文、价格、成交、订单簿、账户或凭据,该成员绑定当前版本九字段、唯一定位、成员/Schema/授权指纹和未撤销事实后追加不可变批次,58cce83072ee34edffde9ffae7b57104f60b49a8c9b051742f17d062b74c86a6,6d8c063c04eb02cc5c403067fed389705afe13e3dc1e8139af0c6163635c8bd2,92e2317ab33808587c45d85260f8470a02dafb044af8ae83dbdfff20668a40b0,433af8e13e715ed7d97562564bbe8f1fe96d1332f939bfd3bf3dde6aa661af8e
source-identity-entry-discovery-20260810T054907+0800-2fabb3def319,ZI-f29bed3f0a71e254b51c83b3,DS-000262,ETH,未登记,不可定位,0,无法判定,无法判定,未知,未知,未知,未知,未知,未知,未知,未知,未知,未知,未登记,未登记,未知,b8a6749e0560113c220e491aa3837fbbc46a199eea8b154ba402234b3fe136c3,未知,未知,未复验,IDENTITY_DECLARATION_MISSING,来源提供者;交易场所;市场类型;标的身份;精确合约;数据对象;Schema确切版本;授权边界;字段中文映射;成员编号;资产编号;输入成员SHA-256;声明版本;声明内容SHA-256;Schema指纹;授权快照SHA-256;撤销事实;证据定位,只读取固定声明入口和information_schema注释摘要；不读取业务正文、价格、成交、订单簿、账户或凭据,该成员绑定当前版本九字段、唯一定位、成员/Schema/授权指纹和未撤销事实后追加不可变批次,58cce83072ee34edffde9ffae7b57104f60b49a8c9b051742f17d062b74c86a6,6d8c063c04eb02cc5c403067fed389705afe13e3dc1e8139af0c6163635c8bd2,92e2317ab33808587c45d85260f8470a02dafb044af8ae83dbdfff20668a40b0,faea29e5d23e288426b46fb3429edb8089979fffbd401bdbb76a6bc6180e2957
source-identity-entry-discovery-20260810T054907+0800-2fabb3def319,ZI-6aa7f974b25be7596f63688e,DS-000263,ETH,未登记,不可定位,0,无法判定,无法判定,未知,未知,未知,未知,未知,未知,未知,未知,未知,未知,未登记,未登记,未知,88da7335bdb9dec72ed997ca4fa5e1dfa14b14965380d3de3b4d82bafa7ba8e6,未知,未知,未复验,IDENTITY_DECLARATION_MISSING,来源提供者;交易场所;市场类型;标的身份;精确合约;数据对象;Schema确切版本;授权边界;字段中文映射;成员编号;资产编号;输入成员SHA-256;声明版本;声明内容SHA-256;Schema指纹;授权快照SHA-256;撤销事实;证据定位,只读取固定声明入口和information_schema注释摘要；不读取业务正文、价格、成交、订单簿、账户或凭据,该成员绑定当前版本九字段、唯一定位、成员/Schema/授权指纹和未撤销事实后追加不可变批次,58cce83072ee34edffde9ffae7b57104f60b49a8c9b051742f17d062b74c86a6,6d8c063c04eb02cc5c403067fed389705afe13e3dc1e8139af0c6163635c8bd2,92e2317ab33808587c45d85260f8470a02dafb044af8ae83dbdfff20668a40b0,4ac087650454ce70ede22fffd87ecb2c12298aea670b27f204471a5e6b5751e0
source-identity-entry-discovery-20260810T054907+0800-2fabb3def319,ZI-e39661473025820c2f3936e3,DS-000264,ETH,未登记,不可定位,0,无法判定,无法判定,未知,未知,未知,未知,未知,未知,未知,未知,未知,未知,未登记,未登记,未知,474ef8452df7b494b2e90829b34983df559699b8d2cf94b36731bfcedb517544,未知,未知,未复验,IDENTITY_DECLARATION_MISSING,来源提供者;交易场所;市场类型;标的身份;精确合约;数据对象;Schema确切版本;授权边界;字段中文映射;成员编号;资产编号;输入成员SHA-256;声明版本;声明内容SHA-256;Schema指纹;授权快照SHA-256;撤销事实;证据定位,只读取固定声明入口和information_schema注释摘要；不读取业务正文、价格、成交、订单簿、账户或凭据,该成员绑定当前版本九字段、唯一定位、成员/Schema/授权指纹和未撤销事实后追加不可变批次,58cce83072ee34edffde9ffae7b57104f60b49a8c9b051742f17d062b74c86a6,6d8c063c04eb02cc5c403067fed389705afe13e3dc1e8139af0c6163635c8bd2,92e2317ab33808587c45d85260f8470a02dafb044af8ae83dbdfff20668a40b0,c78cbc16ccb27684e3e7252198c1302fa8bb9bac2ced449fafdc0a0a120ea5d6
source-identity-entry-discovery-20260810T054907+0800-2fabb3def319,ZI-f83c61b1c7dab956125c37c7,DS-000265,ETH,未登记,不可定位,0,无法判定,无法判定,未知,未知,未知,未知,未知,未知,未知,未知,未知,未知,未登记,未登记,未知,5e24f63ab8f417987a50c39d32718c38ba94e1de57ac2745a718cc5ec794238a,未知,未知,未复验,IDENTITY_DECLARATION_MISSING,来源提供者;交易场所;市场类型;标的身份;精确合约;数据对象;Schema确切版本;授权边界;字段中文映射;成员编号;资产编号;输入成员SHA-256;声明版本;声明内容SHA-256;Schema指纹;授权快照SHA-256;撤销事实;证据定位,只读取固定声明入口和information_schema注释摘要；不读取业务正文、价格、成交、订单簿、账户或凭据,该成员绑定当前版本九字段、唯一定位、成员/Schema/授权指纹和未撤销事实后追加不可变批次,58cce83072ee34edffde9ffae7b57104f60b49a8c9b051742f17d062b74c86a6,6d8c063c04eb02cc5c403067fed389705afe13e3dc1e8139af0c6163635c8bd2,92e2317ab33808587c45d85260f8470a02dafb044af8ae83dbdfff20668a40b0,d3485dcc5b7074b585dae36fa5a68bdfd1234a0f49c38cc13dd2a48d01e93a9f
source-identity-entry-discovery-20260810T054907+0800-2fabb3def319,ZI-93016c2f08434388c8be5de9,DS-000266,ETH,未登记,不可定位,0,无法判定,无法判定,未知,未知,未知,未知,未知,未知,未知,未知,未知,未知,未登记,未登记,未知,9ec4dbfaf5336e4c4d9f5ce4ad4098db90b8baac6f44296a4b7aa43839353d19,未知,未知,未复验,IDENTITY_DECLARATION_MISSING,来源提供者;交易场所;市场类型;标的身份;精确合约;数据对象;Schema确切版本;授权边界;字段中文映射;成员编号;资产编号;输入成员SHA-256;声明版本;声明内容SHA-256;Schema指纹;授权快照SHA-256;撤销事实;证据定位,只读取固定声明入口和information_schema注释摘要；不读取业务正文、价格、成交、订单簿、账户或凭据,该成员绑定当前版本九字段、唯一定位、成员/Schema/授权指纹和未撤销事实后追加不可变批次,58cce83072ee34edffde9ffae7b57104f60b49a8c9b051742f17d062b74c86a6,6d8c063c04eb02cc5c403067fed389705afe13e3dc1e8139af0c6163635c8bd2,92e2317ab33808587c45d85260f8470a02dafb044af8ae83dbdfff20668a40b0,fc39e007e1f16abdb9a8ee12392a90f19346b086d97657a4ff9eedb8bf5c9ffa
source-identity-entry-discovery-20260810T054907+0800-2fabb3def319,ZI-4dc005cfa35f65f4ae1ad906,DS-000267,ETH,未登记,不可定位,0,无法判定,无法判定,未知,未知,未知,未知,未知,未知,未知,未知,未知,未知,未登记,未登记,未知,e7f6d4ff14fbb9aee41d9c66f271b8ce269ce023dbdbbce5c6f48152b31da3ef,未知,未知,未复验,IDENTITY_DECLARATION_MISSING,来源提供者;交易场所;市场类型;标的身份;精确合约;数据对象;Schema确切版本;授权边界;字段中文映射;成员编号;资产编号;输入成员SHA-256;声明版本;声明内容SHA-256;Schema指纹;授权快照SHA-256;撤销事实;证据定位,只读取固定声明入口和information_schema注释摘要；不读取业务正文、价格、成交、订单簿、账户或凭据,该成员绑定当前版本九字段、唯一定位、成员/Schema/授权指纹和未撤销事实后追加不可变批次,58cce83072ee34edffde9ffae7b57104f60b49a8c9b051742f17d062b74c86a6,6d8c063c04eb02cc5c403067fed389705afe13e3dc1e8139af0c6163635c8bd2,92e2317ab33808587c45d85260f8470a02dafb044af8ae83dbdfff20668a40b0,dd220c60d0265537fe36d60a983f2ba7b671ca53023c21c208663f38e5da9bf5
source-identity-entry-discovery-20260810T054907+0800-2fabb3def319,ZI-827070ff91d17f4ef1f978bb,DS-000268,ETH,未登记,不可定位,0,无法判定,无法判定,未知,未知,未知,未知,未知,未知,未知,未知,未知,未知,未登记,未登记,未知,4803e9627f705d300d20509eaf83377393d2e5744750aedc6e586f6548fca8cf,未知,未知,未复验,IDENTITY_DECLARATION_MISSING,来源提供者;交易场所;市场类型;标的身份;精确合约;数据对象;Schema确切版本;授权边界;字段中文映射;成员编号;资产编号;输入成员SHA-256;声明版本;声明内容SHA-256;Schema指纹;授权快照SHA-256;撤销事实;证据定位,只读取固定声明入口和information_schema注释摘要；不读取业务正文、价格、成交、订单簿、账户或凭据,该成员绑定当前版本九字段、唯一定位、成员/Schema/授权指纹和未撤销事实后追加不可变批次,58cce83072ee34edffde9ffae7b57104f60b49a8c9b051742f17d062b74c86a6,6d8c063c04eb02cc5c403067fed389705afe13e3dc1e8139af0c6163635c8bd2,92e2317ab33808587c45d85260f8470a02dafb044af8ae83dbdfff20668a40b0,f3aaa5d77b0bac7fd0724fc8bd25fb40d8c80863bc3aae8b4da6f1ab353b05b2
source-identity-entry-discovery-20260810T054907+0800-2fabb3def319,ZI-d8ee305d7e2a2eaae8afc53b,DS-000269,ETH,未登记,不可定位,0,无法判定,无法判定,未知,未知,未知,未知,未知,未知,未知,未知,未知,未知,未登记,未登记,未知,306e9d1ebd248b8aaea8e6db506482b6fb9679820c694bb23bc5d54912fe5e05,未知,未知,未复验,IDENTITY_DECLARATION_MISSING,来源提供者;交易场所;市场类型;标的身份;精确合约;数据对象;Schema确切版本;授权边界;字段中文映射;成员编号;资产编号;输入成员SHA-256;声明版本;声明内容SHA-256;Schema指纹;授权快照SHA-256;撤销事实;证据定位,只读取固定声明入口和information_schema注释摘要；不读取业务正文、价格、成交、订单簿、账户或凭据,该成员绑定当前版本九字段、唯一定位、成员/Schema/授权指纹和未撤销事实后追加不可变批次,58cce83072ee34edffde9ffae7b57104f60b49a8c9b051742f17d062b74c86a6,6d8c063c04eb02cc5c403067fed389705afe13e3dc1e8139af0c6163635c8bd2,92e2317ab33808587c45d85260f8470a02dafb044af8ae83dbdfff20668a40b0,d072210b8ed1f26612fdf093e9894130ee3e2e52f99618930e687dc713eb53b8
source-identity-entry-discovery-20260810T054907+0800-2fabb3def319,ZI-bb10b091e630f2c5f8d067dc,DS-000270,ETH,未登记,不可定位,0,无法判定,无法判定,未知,未知,未知,未知,未知,未知,未知,未知,未知,未知,未登记,未登记,未知,95f8505a488937ebddda6f0e9846dfdf89d1295922aaa46fa86f783e28904115,未知,未知,未复验,IDENTITY_DECLARATION_MISSING,来源提供者;交易场所;市场类型;标的身份;精确合约;数据对象;Schema确切版本;授权边界;字段中文映射;成员编号;资产编号;输入成员SHA-256;声明版本;声明内容SHA-256;Schema指纹;授权快照SHA-256;撤销事实;证据定位,只读取固定声明入口和information_schema注释摘要；不读取业务正文、价格、成交、订单簿、账户或凭据,该成员绑定当前版本九字段、唯一定位、成员/Schema/授权指纹和未撤销事实后追加不可变批次,58cce83072ee34edffde9ffae7b57104f60b49a8c9b051742f17d062b74c86a6,6d8c063c04eb02cc5c403067fed389705afe13e3dc1e8139af0c6163635c8bd2,92e2317ab33808587c45d85260f8470a02dafb044af8ae83dbdfff20668a40b0,e6c4866fcaf01e4ff8057f62f77a575e1530d797291e21ac4bbc453cf0ff87ee
source-identity-entry-discovery-20260810T054907+0800-2fabb3def319,ZI-17ba1f1ac29398cf97340b28,DS-000271,ETH,未登记,不可定位,0,无法判定,无法判定,未知,未知,未知,未知,未知,未知,未知,未知,未知,未知,未登记,未登记,未知,f604d30fca95af10cef6f2d1d42f0a77ca097a72e2a4892d7695ea06b814087e,未知,未知,未复验,IDENTITY_DECLARATION_MISSING,来源提供者;交易场所;市场类型;标的身份;精确合约;数据对象;Schema确切版本;授权边界;字段中文映射;成员编号;资产编号;输入成员SHA-256;声明版本;声明内容SHA-256;Schema指纹;授权快照SHA-256;撤销事实;证据定位,只读取固定声明入口和information_schema注释摘要；不读取业务正文、价格、成交、订单簿、账户或凭据,该成员绑定当前版本九字段、唯一定位、成员/Schema/授权指纹和未撤销事实后追加不可变批次,58cce83072ee34edffde9ffae7b57104f60b49a8c9b051742f17d062b74c86a6,6d8c063c04eb02cc5c403067fed389705afe13e3dc1e8139af0c6163635c8bd2,92e2317ab33808587c45d85260f8470a02dafb044af8ae83dbdfff20668a40b0,28edd640019b090a733173545e501fd542104a9e3fb251ff5714dd99817293f0
source-identity-entry-discovery-20260810T054907+0800-2fabb3def319,ZI-eebaaf0844841bd1a3649f6c,DS-000272,ETH,未登记,不可定位,0,无法判定,无法判定,未知,未知,未知,未知,未知,未知,未知,未知,未知,未知,未登记,未登记,未知,7790a7096a82194b8ce40632577b34f15029864f0d73ca67f2309a4a5771c546,未知,未知,未复验,IDENTITY_DECLARATION_MISSING,来源提供者;交易场所;市场类型;标的身份;精确合约;数据对象;Schema确切版本;授权边界;字段中文映射;成员编号;资产编号;输入成员SHA-256;声明版本;声明内容SHA-256;Schema指纹;授权快照SHA-256;撤销事实;证据定位,只读取固定声明入口和information_schema注释摘要；不读取业务正文、价格、成交、订单簿、账户或凭据,该成员绑定当前版本九字段、唯一定位、成员/Schema/授权指纹和未撤销事实后追加不可变批次,58cce83072ee34edffde9ffae7b57104f60b49a8c9b051742f17d062b74c86a6,6d8c063c04eb02cc5c403067fed389705afe13e3dc1e8139af0c6163635c8bd2,92e2317ab33808587c45d85260f8470a02dafb044af8ae83dbdfff20668a40b0,48e55cca7ce1ed2b7a33d76d8e88d3579868536d6e2f1f4aa2ac19bdac2aec41
source-identity-entry-discovery-20260810T054907+0800-2fabb3def319,ZI-a80e072df8f612821d6e6d49,DS-000273,ETH,未登记,不可定位,0,无法判定,无法判定,未知,未知,未知,未知,未知,未知,未知,未知,未知,未知,未登记,未登记,未知,a644234938a03b68cc0be912f99fd12eecc36270251217d470225f7047a900e1,未知,未知,未复验,IDENTITY_DECLARATION_MISSING,来源提供者;交易场所;市场类型;标的身份;精确合约;数据对象;Schema确切版本;授权边界;字段中文映射;成员编号;资产编号;输入成员SHA-256;声明版本;声明内容SHA-256;Schema指纹;授权快照SHA-256;撤销事实;证据定位,只读取固定声明入口和information_schema注释摘要；不读取业务正文、价格、成交、订单簿、账户或凭据,该成员绑定当前版本九字段、唯一定位、成员/Schema/授权指纹和未撤销事实后追加不可变批次,58cce83072ee34edffde9ffae7b57104f60b49a8c9b051742f17d062b74c86a6,6d8c063c04eb02cc5c403067fed389705afe13e3dc1e8139af0c6163635c8bd2,92e2317ab33808587c45d85260f8470a02dafb044af8ae83dbdfff20668a40b0,3f52a743439497ea91719ea25571120d896eefc81e63c5a9b61851b42bf8fab6
source-identity-entry-discovery-20260810T054907+0800-2fabb3def319,ZI-3f44a87d788d10b95a30c249,DS-000274,ETH,未登记,不可定位,0,无法判定,无法判定,未知,未知,未知,未知,未知,未知,未知,未知,未知,未知,未登记,未登记,未知,56318299b0d280227cabfa2f1672b2c87315c5e40fbfae0740be47ade1d1af81,未知,未知,未复验,IDENTITY_DECLARATION_MISSING,来源提供者;交易场所;市场类型;标的身份;精确合约;数据对象;Schema确切版本;授权边界;字段中文映射;成员编号;资产编号;输入成员SHA-256;声明版本;声明内容SHA-256;Schema指纹;授权快照SHA-256;撤销事实;证据定位,只读取固定声明入口和information_schema注释摘要；不读取业务正文、价格、成交、订单簿、账户或凭据,该成员绑定当前版本九字段、唯一定位、成员/Schema/授权指纹和未撤销事实后追加不可变批次,58cce83072ee34edffde9ffae7b57104f60b49a8c9b051742f17d062b74c86a6,6d8c063c04eb02cc5c403067fed389705afe13e3dc1e8139af0c6163635c8bd2,92e2317ab33808587c45d85260f8470a02dafb044af8ae83dbdfff20668a40b0,6f9e0c58a4156a3966613dd18856c3d85afdd64ff4e0dea55c7a12c7b01fc484
source-identity-entry-discovery-20260810T054907+0800-2fabb3def319,ZI-62772b32407692854e1b95ac,DS-000275,ETH,未登记,不可定位,0,无法判定,无法判定,未知,未知,未知,未知,未知,未知,未知,未知,未知,未知,未登记,未登记,未知,73610ec234845390268c10b094aaa11475cbf536d943f9b58d68fb3b943ab020,未知,未知,未复验,IDENTITY_DECLARATION_MISSING,来源提供者;交易场所;市场类型;标的身份;精确合约;数据对象;Schema确切版本;授权边界;字段中文映射;成员编号;资产编号;输入成员SHA-256;声明版本;声明内容SHA-256;Schema指纹;授权快照SHA-256;撤销事实;证据定位,只读取固定声明入口和information_schema注释摘要；不读取业务正文、价格、成交、订单簿、账户或凭据,该成员绑定当前版本九字段、唯一定位、成员/Schema/授权指纹和未撤销事实后追加不可变批次,58cce83072ee34edffde9ffae7b57104f60b49a8c9b051742f17d062b74c86a6,6d8c063c04eb02cc5c403067fed389705afe13e3dc1e8139af0c6163635c8bd2,92e2317ab33808587c45d85260f8470a02dafb044af8ae83dbdfff20668a40b0,77b4c680b2d729fcf10e1dbba2fd4f0ecb4f280b9507299b28c7084f6917b5cc
source-identity-entry-discovery-20260810T054907+0800-2fabb3def319,ZI-4a98d425a04a5267f443db5e,DS-000276,ETH,未登记,不可定位,0,无法判定,无法判定,未知,未知,未知,未知,未知,未知,未知,未知,未知,未知,未登记,未登记,未知,63d1274ea3fb1103b26995399caac6aa6b1ff7dc21c80113d3c7a5ee47a9c26b,未知,未知,未复验,IDENTITY_DECLARATION_MISSING,来源提供者;交易场所;市场类型;标的身份;精确合约;数据对象;Schema确切版本;授权边界;字段中文映射;成员编号;资产编号;输入成员SHA-256;声明版本;声明内容SHA-256;Schema指纹;授权快照SHA-256;撤销事实;证据定位,只读取固定声明入口和information_schema注释摘要；不读取业务正文、价格、成交、订单簿、账户或凭据,该成员绑定当前版本九字段、唯一定位、成员/Schema/授权指纹和未撤销事实后追加不可变批次,58cce83072ee34edffde9ffae7b57104f60b49a8c9b051742f17d062b74c86a6,6d8c063c04eb02cc5c403067fed389705afe13e3dc1e8139af0c6163635c8bd2,92e2317ab33808587c45d85260f8470a02dafb044af8ae83dbdfff20668a40b0,41eff9abe06cd5f6733c3f2a9310de86d4af5043e3e2e4b15913bccb262976ab
source-identity-entry-discovery-20260810T054907+0800-2fabb3def319,ZI-8c6daa7a9cd03f72c0bb230c,DS-000277,ETH,未登记,不可定位,0,无法判定,无法判定,未知,未知,未知,未知,未知,未知,未知,未知,未知,未知,未登记,未登记,未知,e503bb6f17a82b37b897771791caaa1e29e80668c0428f0681b923834b9065f5,未知,未知,未复验,IDENTITY_DECLARATION_MISSING,来源提供者;交易场所;市场类型;标的身份;精确合约;数据对象;Schema确切版本;授权边界;字段中文映射;成员编号;资产编号;输入成员SHA-256;声明版本;声明内容SHA-256;Schema指纹;授权快照SHA-256;撤销事实;证据定位,只读取固定声明入口和information_schema注释摘要；不读取业务正文、价格、成交、订单簿、账户或凭据,该成员绑定当前版本九字段、唯一定位、成员/Schema/授权指纹和未撤销事实后追加不可变批次,58cce83072ee34edffde9ffae7b57104f60b49a8c9b051742f17d062b74c86a6,6d8c063c04eb02cc5c403067fed389705afe13e3dc1e8139af0c6163635c8bd2,92e2317ab33808587c45d85260f8470a02dafb044af8ae83dbdfff20668a40b0,c17d917b102f99b392f4240d877214501d7cc7939abd57fae0c930e0fa424311
source-identity-entry-discovery-20260810T054907+0800-2fabb3def319,ZI-f5038d3566b0a032bcaf46c3,DS-000278,ETH,未登记,不可定位,0,无法判定,无法判定,未知,未知,未知,未知,未知,未知,未知,未知,未知,未知,未登记,未登记,未知,fa4552653682a5a645abc7d003707a2b955e9f15d42bfe64289d2fb28e2a191b,未知,未知,未复验,IDENTITY_DECLARATION_MISSING,来源提供者;交易场所;市场类型;标的身份;精确合约;数据对象;Schema确切版本;授权边界;字段中文映射;成员编号;资产编号;输入成员SHA-256;声明版本;声明内容SHA-256;Schema指纹;授权快照SHA-256;撤销事实;证据定位,只读取固定声明入口和information_schema注释摘要；不读取业务正文、价格、成交、订单簿、账户或凭据,该成员绑定当前版本九字段、唯一定位、成员/Schema/授权指纹和未撤销事实后追加不可变批次,58cce83072ee34edffde9ffae7b57104f60b49a8c9b051742f17d062b74c86a6,6d8c063c04eb02cc5c403067fed389705afe13e3dc1e8139af0c6163635c8bd2,92e2317ab33808587c45d85260f8470a02dafb044af8ae83dbdfff20668a40b0,e96cf301d46df801a11326ecae41fc4aa05231ebb7cada8241d6d4603e227b07
source-identity-entry-discovery-20260810T054907+0800-2fabb3def319,ZI-99863edc37bbc5802f2709fe,DS-000279,ETH,未登记,不可定位,0,无法判定,无法判定,未知,未知,未知,未知,未知,未知,未知,未知,未知,未知,未登记,未登记,未知,2d111721e4691350f2689d5218c339e609ff789ab1ffd957cf1e86f6c2e28de6,未知,未知,未复验,IDENTITY_DECLARATION_MISSING,来源提供者;交易场所;市场类型;标的身份;精确合约;数据对象;Schema确切版本;授权边界;字段中文映射;成员编号;资产编号;输入成员SHA-256;声明版本;声明内容SHA-256;Schema指纹;授权快照SHA-256;撤销事实;证据定位,只读取固定声明入口和information_schema注释摘要；不读取业务正文、价格、成交、订单簿、账户或凭据,该成员绑定当前版本九字段、唯一定位、成员/Schema/授权指纹和未撤销事实后追加不可变批次,58cce83072ee34edffde9ffae7b57104f60b49a8c9b051742f17d062b74c86a6,6d8c063c04eb02cc5c403067fed389705afe13e3dc1e8139af0c6163635c8bd2,92e2317ab33808587c45d85260f8470a02dafb044af8ae83dbdfff20668a40b0,469a55edca2a9fb7f283c3d49049bc4ed2ea12a55dc82b51cdc961ec17e2dbbe
source-identity-entry-discovery-20260810T054907+0800-2fabb3def319,ZI-4838a8566ae6f1897291aaa8,DS-000280,ETH,未登记,不可定位,0,无法判定,无法判定,未知,未知,未知,未知,未知,未知,未知,未知,未知,未知,未登记,未登记,未知,cac55077234265c74dafb73c9f43c185891c7807117d29f5189237391804df69,未知,未知,未复验,IDENTITY_DECLARATION_MISSING,来源提供者;交易场所;市场类型;标的身份;精确合约;数据对象;Schema确切版本;授权边界;字段中文映射;成员编号;资产编号;输入成员SHA-256;声明版本;声明内容SHA-256;Schema指纹;授权快照SHA-256;撤销事实;证据定位,只读取固定声明入口和information_schema注释摘要；不读取业务正文、价格、成交、订单簿、账户或凭据,该成员绑定当前版本九字段、唯一定位、成员/Schema/授权指纹和未撤销事实后追加不可变批次,58cce83072ee34edffde9ffae7b57104f60b49a8c9b051742f17d062b74c86a6,6d8c063c04eb02cc5c403067fed389705afe13e3dc1e8139af0c6163635c8bd2,92e2317ab33808587c45d85260f8470a02dafb044af8ae83dbdfff20668a40b0,a5978d3685e3d16edb38c30f7767739bc4d0b5efe47f7eb634fcd3eb5b310206
source-identity-entry-discovery-20260810T054907+0800-2fabb3def319,ZI-ac1a52eb589873b5de99bc78,DS-000281,ETH,未登记,不可定位,0,无法判定,无法判定,未知,未知,未知,未知,未知,未知,未知,未知,未知,未知,未登记,未登记,未知,741c6415aff8d57d93fa7fc8db0f4bb0ff4bbf74847310eda08d9494ab0c9d11,未知,未知,未复验,IDENTITY_DECLARATION_MISSING,来源提供者;交易场所;市场类型;标的身份;精确合约;数据对象;Schema确切版本;授权边界;字段中文映射;成员编号;资产编号;输入成员SHA-256;声明版本;声明内容SHA-256;Schema指纹;授权快照SHA-256;撤销事实;证据定位,只读取固定声明入口和information_schema注释摘要；不读取业务正文、价格、成交、订单簿、账户或凭据,该成员绑定当前版本九字段、唯一定位、成员/Schema/授权指纹和未撤销事实后追加不可变批次,58cce83072ee34edffde9ffae7b57104f60b49a8c9b051742f17d062b74c86a6,6d8c063c04eb02cc5c403067fed389705afe13e3dc1e8139af0c6163635c8bd2,92e2317ab33808587c45d85260f8470a02dafb044af8ae83dbdfff20668a40b0,aa737e6c2c669bf8c80099cb1bf0ec8a1b4f3deae50b96f144389ebb4c9de20c
source-identity-entry-discovery-20260810T054907+0800-2fabb3def319,ZI-bb8a6e82da48e6ac96cf106f,DS-000282,ETH,未登记,不可定位,0,无法判定,无法判定,未知,未知,未知,未知,未知,未知,未知,未知,未知,未知,未登记,未登记,未知,cc517e52dad87d6b0eb540fd207279b11705531034a2728e4ef4b5a54557fd22,未知,未知,未复验,IDENTITY_DECLARATION_MISSING,来源提供者;交易场所;市场类型;标的身份;精确合约;数据对象;Schema确切版本;授权边界;字段中文映射;成员编号;资产编号;输入成员SHA-256;声明版本;声明内容SHA-256;Schema指纹;授权快照SHA-256;撤销事实;证据定位,只读取固定声明入口和information_schema注释摘要；不读取业务正文、价格、成交、订单簿、账户或凭据,该成员绑定当前版本九字段、唯一定位、成员/Schema/授权指纹和未撤销事实后追加不可变批次,58cce83072ee34edffde9ffae7b57104f60b49a8c9b051742f17d062b74c86a6,6d8c063c04eb02cc5c403067fed389705afe13e3dc1e8139af0c6163635c8bd2,92e2317ab33808587c45d85260f8470a02dafb044af8ae83dbdfff20668a40b0,8c376c3050b3bcea65d1b809ddd043ac90548458bc3dd04b05ff2621ceb37752
source-identity-entry-discovery-20260810T054907+0800-2fabb3def319,ZI-b6f9c3dac81cba3b88c55ccc,DS-000283,ETH,未登记,不可定位,0,无法判定,无法判定,未知,未知,未知,未知,未知,未知,未知,未知,未知,未知,未登记,未登记,未知,7588ce35230cdca962b93d28bc9de83f177f830d6bb53403b474a03a29596210,未知,未知,未复验,IDENTITY_DECLARATION_MISSING,来源提供者;交易场所;市场类型;标的身份;精确合约;数据对象;Schema确切版本;授权边界;字段中文映射;成员编号;资产编号;输入成员SHA-256;声明版本;声明内容SHA-256;Schema指纹;授权快照SHA-256;撤销事实;证据定位,只读取固定声明入口和information_schema注释摘要；不读取业务正文、价格、成交、订单簿、账户或凭据,该成员绑定当前版本九字段、唯一定位、成员/Schema/授权指纹和未撤销事实后追加不可变批次,58cce83072ee34edffde9ffae7b57104f60b49a8c9b051742f17d062b74c86a6,6d8c063c04eb02cc5c403067fed389705afe13e3dc1e8139af0c6163635c8bd2,92e2317ab33808587c45d85260f8470a02dafb044af8ae83dbdfff20668a40b0,880c663735779789e49b7a89ec785ad17392f77cbe782bf197812668afc56d58
source-identity-entry-discovery-20260810T054907+0800-2fabb3def319,ZI-33515fc4212b910c8704867b,DS-000284,ETH,未登记,不可定位,0,无法判定,无法判定,未知,未知,未知,未知,未知,未知,未知,未知,未知,未知,未登记,未登记,未知,0809927212405ebae149f168b347d25ea15f080cd46ffe4f4dcf4e78c2021a92,未知,未知,未复验,IDENTITY_DECLARATION_MISSING,来源提供者;交易场所;市场类型;标的身份;精确合约;数据对象;Schema确切版本;授权边界;字段中文映射;成员编号;资产编号;输入成员SHA-256;声明版本;声明内容SHA-256;Schema指纹;授权快照SHA-256;撤销事实;证据定位,只读取固定声明入口和information_schema注释摘要；不读取业务正文、价格、成交、订单簿、账户或凭据,该成员绑定当前版本九字段、唯一定位、成员/Schema/授权指纹和未撤销事实后追加不可变批次,58cce83072ee34edffde9ffae7b57104f60b49a8c9b051742f17d062b74c86a6,6d8c063c04eb02cc5c403067fed389705afe13e3dc1e8139af0c6163635c8bd2,92e2317ab33808587c45d85260f8470a02dafb044af8ae83dbdfff20668a40b0,26edabdbb151f9ad492a6375612c1f069c7ca97c0873f05c4766656883eb1185
source-identity-entry-discovery-20260810T054907+0800-2fabb3def319,ZI-f9dd85c76eb8176d00956078,DS-000285,ETH,未登记,不可定位,0,无法判定,无法判定,未知,未知,未知,未知,未知,未知,未知,未知,未知,未知,未登记,未登记,未知,59f4b36536bca90c9ccbe3ed41c85a0edc295a6957a22310fb2e2dbacb47bd59,未知,未知,未复验,IDENTITY_DECLARATION_MISSING,来源提供者;交易场所;市场类型;标的身份;精确合约;数据对象;Schema确切版本;授权边界;字段中文映射;成员编号;资产编号;输入成员SHA-256;声明版本;声明内容SHA-256;Schema指纹;授权快照SHA-256;撤销事实;证据定位,只读取固定声明入口和information_schema注释摘要；不读取业务正文、价格、成交、订单簿、账户或凭据,该成员绑定当前版本九字段、唯一定位、成员/Schema/授权指纹和未撤销事实后追加不可变批次,58cce83072ee34edffde9ffae7b57104f60b49a8c9b051742f17d062b74c86a6,6d8c063c04eb02cc5c403067fed389705afe13e3dc1e8139af0c6163635c8bd2,92e2317ab33808587c45d85260f8470a02dafb044af8ae83dbdfff20668a40b0,e782bf6e079b417b79dfddd7204b87d452a0335a2579a3ddc9fea90189e2044c
source-identity-entry-discovery-20260810T054907+0800-2fabb3def319,ZI-2405f3bbc3b633e85a083048,DS-000286,ETH,未登记,不可定位,0,无法判定,无法判定,未知,未知,未知,未知,未知,未知,未知,未知,未知,未知,未登记,未登记,未知,845babdf7e1c3899916b9ca2f8a07abca6ea658ee7c99bc5a8581722420e6866,未知,未知,未复验,IDENTITY_DECLARATION_MISSING,来源提供者;交易场所;市场类型;标的身份;精确合约;数据对象;Schema确切版本;授权边界;字段中文映射;成员编号;资产编号;输入成员SHA-256;声明版本;声明内容SHA-256;Schema指纹;授权快照SHA-256;撤销事实;证据定位,只读取固定声明入口和information_schema注释摘要；不读取业务正文、价格、成交、订单簿、账户或凭据,该成员绑定当前版本九字段、唯一定位、成员/Schema/授权指纹和未撤销事实后追加不可变批次,58cce83072ee34edffde9ffae7b57104f60b49a8c9b051742f17d062b74c86a6,6d8c063c04eb02cc5c403067fed389705afe13e3dc1e8139af0c6163635c8bd2,92e2317ab33808587c45d85260f8470a02dafb044af8ae83dbdfff20668a40b0,85650115ae8489b4852630d814b0364ab21e5c963e58570a630d68b2a91916f6
source-identity-entry-discovery-20260810T054907+0800-2fabb3def319,ZI-4a3a0907e7d9408d9324f32f,DS-000287,ETH,未登记,不可定位,0,无法判定,无法判定,未知,未知,未知,未知,未知,未知,未知,未知,未知,未知,未登记,未登记,未知,098c9d16ac6b41d35e97a530549ca546b60c896225a4fb6c961fd5040621acdd,未知,未知,未复验,IDENTITY_DECLARATION_MISSING,来源提供者;交易场所;市场类型;标的身份;精确合约;数据对象;Schema确切版本;授权边界;字段中文映射;成员编号;资产编号;输入成员SHA-256;声明版本;声明内容SHA-256;Schema指纹;授权快照SHA-256;撤销事实;证据定位,只读取固定声明入口和information_schema注释摘要；不读取业务正文、价格、成交、订单簿、账户或凭据,该成员绑定当前版本九字段、唯一定位、成员/Schema/授权指纹和未撤销事实后追加不可变批次,58cce83072ee34edffde9ffae7b57104f60b49a8c9b051742f17d062b74c86a6,6d8c063c04eb02cc5c403067fed389705afe13e3dc1e8139af0c6163635c8bd2,92e2317ab33808587c45d85260f8470a02dafb044af8ae83dbdfff20668a40b0,ecd5e0c52bcd44e8c4cf124cd88a68c06a9971d36d4897c21611260b6a37b123
source-identity-entry-discovery-20260810T054907+0800-2fabb3def319,ZI-5a9a391a9e494adad93ed2a1,DS-000288,ETH,未登记,不可定位,0,无法判定,无法判定,未知,未知,未知,未知,未知,未知,未知,未知,未知,未知,未登记,未登记,未知,0ce0fdb691110e99627216dcd51afe9a507bfdb7bddb9a15e93a834ce1b6bbba,未知,未知,未复验,IDENTITY_DECLARATION_MISSING,来源提供者;交易场所;市场类型;标的身份;精确合约;数据对象;Schema确切版本;授权边界;字段中文映射;成员编号;资产编号;输入成员SHA-256;声明版本;声明内容SHA-256;Schema指纹;授权快照SHA-256;撤销事实;证据定位,只读取固定声明入口和information_schema注释摘要；不读取业务正文、价格、成交、订单簿、账户或凭据,该成员绑定当前版本九字段、唯一定位、成员/Schema/授权指纹和未撤销事实后追加不可变批次,58cce83072ee34edffde9ffae7b57104f60b49a8c9b051742f17d062b74c86a6,6d8c063c04eb02cc5c403067fed389705afe13e3dc1e8139af0c6163635c8bd2,92e2317ab33808587c45d85260f8470a02dafb044af8ae83dbdfff20668a40b0,8682440fbe2998323a32d323d675dd0cd97adb6bfbeb2fef01cfae82cd231d46
source-identity-entry-discovery-20260810T054907+0800-2fabb3def319,ZI-c69fb4ea6efa32472592021e,DS-000289,ETH,未登记,不可定位,0,无法判定,无法判定,未知,未知,未知,未知,未知,未知,未知,未知,未知,未知,未登记,未登记,未知,facb3f58201be1d0111803a0969dfc2571e3fb220f2550a6773c2c5ec9e6704b,未知,未知,未复验,IDENTITY_DECLARATION_MISSING,来源提供者;交易场所;市场类型;标的身份;精确合约;数据对象;Schema确切版本;授权边界;字段中文映射;成员编号;资产编号;输入成员SHA-256;声明版本;声明内容SHA-256;Schema指纹;授权快照SHA-256;撤销事实;证据定位,只读取固定声明入口和information_schema注释摘要；不读取业务正文、价格、成交、订单簿、账户或凭据,该成员绑定当前版本九字段、唯一定位、成员/Schema/授权指纹和未撤销事实后追加不可变批次,58cce83072ee34edffde9ffae7b57104f60b49a8c9b051742f17d062b74c86a6,6d8c063c04eb02cc5c403067fed389705afe13e3dc1e8139af0c6163635c8bd2,92e2317ab33808587c45d85260f8470a02dafb044af8ae83dbdfff20668a40b0,49c14f349f13b2d794a06bc7f80622c7a0d7f7740ab05be360c32411edeea7ce
source-identity-entry-discovery-20260810T054907+0800-2fabb3def319,ZI-e83b0ea0cb4edb6fa92ef211,DS-000290,ETH,未登记,不可定位,0,无法判定,无法判定,未知,未知,未知,未知,未知,未知,未知,未知,未知,未知,未登记,未登记,未知,0161ed81721e89e4a3e6e49b017ca55645bd50ed66c63efb03184e7edd6322fa,未知,未知,未复验,IDENTITY_DECLARATION_MISSING,来源提供者;交易场所;市场类型;标的身份;精确合约;数据对象;Schema确切版本;授权边界;字段中文映射;成员编号;资产编号;输入成员SHA-256;声明版本;声明内容SHA-256;Schema指纹;授权快照SHA-256;撤销事实;证据定位,只读取固定声明入口和information_schema注释摘要；不读取业务正文、价格、成交、订单簿、账户或凭据,该成员绑定当前版本九字段、唯一定位、成员/Schema/授权指纹和未撤销事实后追加不可变批次,58cce83072ee34edffde9ffae7b57104f60b49a8c9b051742f17d062b74c86a6,6d8c063c04eb02cc5c403067fed389705afe13e3dc1e8139af0c6163635c8bd2,92e2317ab33808587c45d85260f8470a02dafb044af8ae83dbdfff20668a40b0,c60038d83a8ce30ef8fcf25fd40b44e64582ff91e08aade2ec3083f654ff9988
source-identity-entry-discovery-20260810T054907+0800-2fabb3def319,ZI-d8011c433ebd2138a2305438,DS-000291,ETH,未登记,不可定位,0,无法判定,无法判定,未知,未知,未知,未知,未知,未知,未知,未知,未知,未知,未登记,未登记,未知,741fe59e6e2697d5dd227a7490ee195cc6895ce04818fde2fb5fbe2034a2ce81,未知,未知,未复验,IDENTITY_DECLARATION_MISSING,来源提供者;交易场所;市场类型;标的身份;精确合约;数据对象;Schema确切版本;授权边界;字段中文映射;成员编号;资产编号;输入成员SHA-256;声明版本;声明内容SHA-256;Schema指纹;授权快照SHA-256;撤销事实;证据定位,只读取固定声明入口和information_schema注释摘要；不读取业务正文、价格、成交、订单簿、账户或凭据,该成员绑定当前版本九字段、唯一定位、成员/Schema/授权指纹和未撤销事实后追加不可变批次,58cce83072ee34edffde9ffae7b57104f60b49a8c9b051742f17d062b74c86a6,6d8c063c04eb02cc5c403067fed389705afe13e3dc1e8139af0c6163635c8bd2,92e2317ab33808587c45d85260f8470a02dafb044af8ae83dbdfff20668a40b0,9476c48bce3490fd480c29f8e26f4d5a6761f79b93c592447dcb4850e89d22a3
source-identity-entry-discovery-20260810T054907+0800-2fabb3def319,ZI-8fbd9976355cbb8be5048b7f,DS-000292,ETH,未登记,不可定位,0,无法判定,无法判定,未知,未知,未知,未知,未知,未知,未知,未知,未知,未知,未登记,未登记,未知,d27b1f879c69916fdbbaa57607231145c16481c1e44a97e1b215aecb1cf8560a,未知,未知,未复验,IDENTITY_DECLARATION_MISSING,来源提供者;交易场所;市场类型;标的身份;精确合约;数据对象;Schema确切版本;授权边界;字段中文映射;成员编号;资产编号;输入成员SHA-256;声明版本;声明内容SHA-256;Schema指纹;授权快照SHA-256;撤销事实;证据定位,只读取固定声明入口和information_schema注释摘要；不读取业务正文、价格、成交、订单簿、账户或凭据,该成员绑定当前版本九字段、唯一定位、成员/Schema/授权指纹和未撤销事实后追加不可变批次,58cce83072ee34edffde9ffae7b57104f60b49a8c9b051742f17d062b74c86a6,6d8c063c04eb02cc5c403067fed389705afe13e3dc1e8139af0c6163635c8bd2,92e2317ab33808587c45d85260f8470a02dafb044af8ae83dbdfff20668a40b0,867d195e904b9ffe18712a6cfbde30ad2e9dfe5c3c1b90a20718aef11e90c1c8
source-identity-entry-discovery-20260810T054907+0800-2fabb3def319,ZI-4063df41f07d941306cf1d83,DS-000293,ETH,未登记,不可定位,0,无法判定,无法判定,未知,未知,未知,未知,未知,未知,未知,未知,未知,未知,未登记,未登记,未知,905b8dcd9947a77fdc3bbd98eb8e21ae6935385a23c6b59bc3a9a9bf490a11ee,未知,未知,未复验,IDENTITY_DECLARATION_MISSING,来源提供者;交易场所;市场类型;标的身份;精确合约;数据对象;Schema确切版本;授权边界;字段中文映射;成员编号;资产编号;输入成员SHA-256;声明版本;声明内容SHA-256;Schema指纹;授权快照SHA-256;撤销事实;证据定位,只读取固定声明入口和information_schema注释摘要；不读取业务正文、价格、成交、订单簿、账户或凭据,该成员绑定当前版本九字段、唯一定位、成员/Schema/授权指纹和未撤销事实后追加不可变批次,58cce83072ee34edffde9ffae7b57104f60b49a8c9b051742f17d062b74c86a6,6d8c063c04eb02cc5c403067fed389705afe13e3dc1e8139af0c6163635c8bd2,92e2317ab33808587c45d85260f8470a02dafb044af8ae83dbdfff20668a40b0,b5ec8559c3109c3a14789ffbe62f3c1992e9a95651ca8d7163698d1a8c3c32b4
source-identity-entry-discovery-20260810T054907+0800-2fabb3def319,ZI-4cc05befd7c25420d6616745,DS-000294,ETH,未登记,不可定位,0,无法判定,无法判定,未知,未知,未知,未知,未知,未知,未知,未知,未知,未知,未登记,未登记,未知,6e0cb2f1b1667a8715c214ba9ec6ae7deec4b615f5f7be131aa817f0a8ad2f6f,未知,未知,未复验,IDENTITY_DECLARATION_MISSING,来源提供者;交易场所;市场类型;标的身份;精确合约;数据对象;Schema确切版本;授权边界;字段中文映射;成员编号;资产编号;输入成员SHA-256;声明版本;声明内容SHA-256;Schema指纹;授权快照SHA-256;撤销事实;证据定位,只读取固定声明入口和information_schema注释摘要；不读取业务正文、价格、成交、订单簿、账户或凭据,该成员绑定当前版本九字段、唯一定位、成员/Schema/授权指纹和未撤销事实后追加不可变批次,58cce83072ee34edffde9ffae7b57104f60b49a8c9b051742f17d062b74c86a6,6d8c063c04eb02cc5c403067fed389705afe13e3dc1e8139af0c6163635c8bd2,92e2317ab33808587c45d85260f8470a02dafb044af8ae83dbdfff20668a40b0,71b495638e5e6cfbcbf0148f61086c50a362223b348de2eb63bd640954b3da18
source-identity-entry-discovery-20260810T054907+0800-2fabb3def319,ZI-144ccc0a1a75fb0a53e5d6a3,DS-000295,ETH,未登记,不可定位,0,无法判定,无法判定,未知,未知,未知,未知,未知,未知,未知,未知,未知,未知,未登记,未登记,未知,00b0e1303584f388a94ca8df6de78fd456403f5a27f9d9f3973b249efb0429a3,未知,未知,未复验,IDENTITY_DECLARATION_MISSING,来源提供者;交易场所;市场类型;标的身份;精确合约;数据对象;Schema确切版本;授权边界;字段中文映射;成员编号;资产编号;输入成员SHA-256;声明版本;声明内容SHA-256;Schema指纹;授权快照SHA-256;撤销事实;证据定位,只读取固定声明入口和information_schema注释摘要；不读取业务正文、价格、成交、订单簿、账户或凭据,该成员绑定当前版本九字段、唯一定位、成员/Schema/授权指纹和未撤销事实后追加不可变批次,58cce83072ee34edffde9ffae7b57104f60b49a8c9b051742f17d062b74c86a6,6d8c063c04eb02cc5c403067fed389705afe13e3dc1e8139af0c6163635c8bd2,92e2317ab33808587c45d85260f8470a02dafb044af8ae83dbdfff20668a40b0,07ff9000098ce126d1151156b9de8ee5588a20f1160f39e15e6972c3ec67d42f
source-identity-entry-discovery-20260810T054907+0800-2fabb3def319,ZI-1978e354b3d643de7ef83426,DS-000296,ETH,未登记,不可定位,0,无法判定,无法判定,未知,未知,未知,未知,未知,未知,未知,未知,未知,未知,未登记,未登记,未知,840669cb99560c36aaa3d535c5e9358708208a5e91f514d4ff9ab0aed933b359,未知,未知,未复验,IDENTITY_DECLARATION_MISSING,来源提供者;交易场所;市场类型;标的身份;精确合约;数据对象;Schema确切版本;授权边界;字段中文映射;成员编号;资产编号;输入成员SHA-256;声明版本;声明内容SHA-256;Schema指纹;授权快照SHA-256;撤销事实;证据定位,只读取固定声明入口和information_schema注释摘要；不读取业务正文、价格、成交、订单簿、账户或凭据,该成员绑定当前版本九字段、唯一定位、成员/Schema/授权指纹和未撤销事实后追加不可变批次,58cce83072ee34edffde9ffae7b57104f60b49a8c9b051742f17d062b74c86a6,6d8c063c04eb02cc5c403067fed389705afe13e3dc1e8139af0c6163635c8bd2,92e2317ab33808587c45d85260f8470a02dafb044af8ae83dbdfff20668a40b0,f801a1e5803e1502c2ea21cee071eb5029210391560df530afc554841807ad7b
source-identity-entry-discovery-20260810T054907+0800-2fabb3def319,ZI-3eac98ecd7d3ac093f446c61,DS-000297,ETH,未登记,不可定位,0,无法判定,无法判定,未知,未知,未知,未知,未知,未知,未知,未知,未知,未知,未登记,未登记,未知,519fe32d9d7992508e1eb36adb1f37154c6813e2e5c04f9a5dfe2cdffcf5cfde,未知,未知,未复验,IDENTITY_DECLARATION_MISSING,来源提供者;交易场所;市场类型;标的身份;精确合约;数据对象;Schema确切版本;授权边界;字段中文映射;成员编号;资产编号;输入成员SHA-256;声明版本;声明内容SHA-256;Schema指纹;授权快照SHA-256;撤销事实;证据定位,只读取固定声明入口和information_schema注释摘要；不读取业务正文、价格、成交、订单簿、账户或凭据,该成员绑定当前版本九字段、唯一定位、成员/Schema/授权指纹和未撤销事实后追加不可变批次,58cce83072ee34edffde9ffae7b57104f60b49a8c9b051742f17d062b74c86a6,6d8c063c04eb02cc5c403067fed389705afe13e3dc1e8139af0c6163635c8bd2,92e2317ab33808587c45d85260f8470a02dafb044af8ae83dbdfff20668a40b0,7e663bd8a4f441b7a4dc2e1b49611a7a6ae29b8335c07bfdbcf3343e3ab0ca60
source-identity-entry-discovery-20260810T054907+0800-2fabb3def319,ZI-8ba1d56866fa54799303bdc1,DS-000298,ETH,未登记,不可定位,0,无法判定,无法判定,未知,未知,未知,未知,未知,未知,未知,未知,未知,未知,未登记,未登记,未知,64eb968ce0af5c19dc13ae90b7b806bd0d73999377991bbb47f2975459c7adde,未知,未知,未复验,IDENTITY_DECLARATION_MISSING,来源提供者;交易场所;市场类型;标的身份;精确合约;数据对象;Schema确切版本;授权边界;字段中文映射;成员编号;资产编号;输入成员SHA-256;声明版本;声明内容SHA-256;Schema指纹;授权快照SHA-256;撤销事实;证据定位,只读取固定声明入口和information_schema注释摘要；不读取业务正文、价格、成交、订单簿、账户或凭据,该成员绑定当前版本九字段、唯一定位、成员/Schema/授权指纹和未撤销事实后追加不可变批次,58cce83072ee34edffde9ffae7b57104f60b49a8c9b051742f17d062b74c86a6,6d8c063c04eb02cc5c403067fed389705afe13e3dc1e8139af0c6163635c8bd2,92e2317ab33808587c45d85260f8470a02dafb044af8ae83dbdfff20668a40b0,d4eb8d617d89c3852b3287d2a8d8ca0efc3ad7e8299755dfad431d3c2030b68d
source-identity-entry-discovery-20260810T054907+0800-2fabb3def319,ZI-3bf85e0f2ad7b5ac22b13df9,DS-000299,ETH,未登记,不可定位,0,无法判定,无法判定,未知,未知,未知,未知,未知,未知,未知,未知,未知,未知,未登记,未登记,未知,7572c0a41b5a2a39c80656f400dbe60f8ab0bd79c0fb5c3e7b44fee53f730755,未知,未知,未复验,IDENTITY_DECLARATION_MISSING,来源提供者;交易场所;市场类型;标的身份;精确合约;数据对象;Schema确切版本;授权边界;字段中文映射;成员编号;资产编号;输入成员SHA-256;声明版本;声明内容SHA-256;Schema指纹;授权快照SHA-256;撤销事实;证据定位,只读取固定声明入口和information_schema注释摘要；不读取业务正文、价格、成交、订单簿、账户或凭据,该成员绑定当前版本九字段、唯一定位、成员/Schema/授权指纹和未撤销事实后追加不可变批次,58cce83072ee34edffde9ffae7b57104f60b49a8c9b051742f17d062b74c86a6,6d8c063c04eb02cc5c403067fed389705afe13e3dc1e8139af0c6163635c8bd2,92e2317ab33808587c45d85260f8470a02dafb044af8ae83dbdfff20668a40b0,3f7db08ae4a23e698bbd481f061c2c63ff42586d4eed6dd3e0fb3b6f138fc2b1
source-identity-entry-discovery-20260810T054907+0800-2fabb3def319,ZI-e99571832236a361ee30db4d,DS-000300,ETH,未登记,不可定位,0,无法判定,无法判定,未知,未知,未知,未知,未知,未知,未知,未知,未知,未知,未登记,未登记,未知,2e8a058057540064073e8868839e18fe0dcf848fcecc872fe0f732e40796d068,未知,未知,未复验,IDENTITY_DECLARATION_MISSING,来源提供者;交易场所;市场类型;标的身份;精确合约;数据对象;Schema确切版本;授权边界;字段中文映射;成员编号;资产编号;输入成员SHA-256;声明版本;声明内容SHA-256;Schema指纹;授权快照SHA-256;撤销事实;证据定位,只读取固定声明入口和information_schema注释摘要；不读取业务正文、价格、成交、订单簿、账户或凭据,该成员绑定当前版本九字段、唯一定位、成员/Schema/授权指纹和未撤销事实后追加不可变批次,58cce83072ee34edffde9ffae7b57104f60b49a8c9b051742f17d062b74c86a6,6d8c063c04eb02cc5c403067fed389705afe13e3dc1e8139af0c6163635c8bd2,92e2317ab33808587c45d85260f8470a02dafb044af8ae83dbdfff20668a40b0,26d595f8e58419a1612ea651b68a872b78e517657bc2773dcc11165eafb190b1
source-identity-entry-discovery-20260810T054907+0800-2fabb3def319,ZI-ad9a2f4d9b2c7b77cf51ff68,DS-000301,ETH,未登记,不可定位,0,无法判定,无法判定,未知,未知,未知,未知,未知,未知,未知,未知,未知,未知,未登记,未登记,未知,68f2f1d195a17ce77287aa8d9a2fddb75a21fdd657b03eaab6484f64e3fa61e6,未知,未知,未复验,IDENTITY_DECLARATION_MISSING,来源提供者;交易场所;市场类型;标的身份;精确合约;数据对象;Schema确切版本;授权边界;字段中文映射;成员编号;资产编号;输入成员SHA-256;声明版本;声明内容SHA-256;Schema指纹;授权快照SHA-256;撤销事实;证据定位,只读取固定声明入口和information_schema注释摘要；不读取业务正文、价格、成交、订单簿、账户或凭据,该成员绑定当前版本九字段、唯一定位、成员/Schema/授权指纹和未撤销事实后追加不可变批次,58cce83072ee34edffde9ffae7b57104f60b49a8c9b051742f17d062b74c86a6,6d8c063c04eb02cc5c403067fed389705afe13e3dc1e8139af0c6163635c8bd2,92e2317ab33808587c45d85260f8470a02dafb044af8ae83dbdfff20668a40b0,54c8ccd8b6b776a157fc0f15344c18062c279013d19fd5fb2f27e011073bf14f
source-identity-entry-discovery-20260810T054907+0800-2fabb3def319,ZI-761cbb729e42b90656bd3f8e,DS-000302,ETH,未登记,不可定位,0,无法判定,无法判定,未知,未知,未知,未知,未知,未知,未知,未知,未知,未知,未登记,未登记,未知,e8d81d71207f009298d9aa62cd4ca70df93f6bd9915064653ce32f4250ba9119,未知,未知,未复验,IDENTITY_DECLARATION_MISSING,来源提供者;交易场所;市场类型;标的身份;精确合约;数据对象;Schema确切版本;授权边界;字段中文映射;成员编号;资产编号;输入成员SHA-256;声明版本;声明内容SHA-256;Schema指纹;授权快照SHA-256;撤销事实;证据定位,只读取固定声明入口和information_schema注释摘要；不读取业务正文、价格、成交、订单簿、账户或凭据,该成员绑定当前版本九字段、唯一定位、成员/Schema/授权指纹和未撤销事实后追加不可变批次,58cce83072ee34edffde9ffae7b57104f60b49a8c9b051742f17d062b74c86a6,6d8c063c04eb02cc5c403067fed389705afe13e3dc1e8139af0c6163635c8bd2,92e2317ab33808587c45d85260f8470a02dafb044af8ae83dbdfff20668a40b0,dbed7c96a42afcf5e0daed5f1ec394e6af21fc2d27393aa99f4c44e7b87a23db
source-identity-entry-discovery-20260810T054907+0800-2fabb3def319,ZI-ba2b9396a30a8158da23a396,DS-000303,ETH,未登记,不可定位,0,无法判定,无法判定,未知,未知,未知,未知,未知,未知,未知,未知,未知,未知,未登记,未登记,未知,2fc35c9965af5ebfd8dc154f1e3abc90aab6452dcabcb63be6c0ba42b99b66ae,未知,未知,未复验,IDENTITY_DECLARATION_MISSING,来源提供者;交易场所;市场类型;标的身份;精确合约;数据对象;Schema确切版本;授权边界;字段中文映射;成员编号;资产编号;输入成员SHA-256;声明版本;声明内容SHA-256;Schema指纹;授权快照SHA-256;撤销事实;证据定位,只读取固定声明入口和information_schema注释摘要；不读取业务正文、价格、成交、订单簿、账户或凭据,该成员绑定当前版本九字段、唯一定位、成员/Schema/授权指纹和未撤销事实后追加不可变批次,58cce83072ee34edffde9ffae7b57104f60b49a8c9b051742f17d062b74c86a6,6d8c063c04eb02cc5c403067fed389705afe13e3dc1e8139af0c6163635c8bd2,92e2317ab33808587c45d85260f8470a02dafb044af8ae83dbdfff20668a40b0,49e7349abd4d5b80c7eee55ea7bd99a24838378115b8ab66c05fd287e1af2a9d
source-identity-entry-discovery-20260810T054907+0800-2fabb3def319,ZI-e1e37aa8d03d6a4717ac26cd,DS-000304,ETH,未登记,不可定位,0,无法判定,无法判定,未知,未知,未知,未知,未知,未知,未知,未知,未知,未知,未登记,未登记,未知,c2c9fa3961b41e9e259be6490ed521b9165aadf0b1b4b1916440fb67cae1c923,未知,未知,未复验,IDENTITY_DECLARATION_MISSING,来源提供者;交易场所;市场类型;标的身份;精确合约;数据对象;Schema确切版本;授权边界;字段中文映射;成员编号;资产编号;输入成员SHA-256;声明版本;声明内容SHA-256;Schema指纹;授权快照SHA-256;撤销事实;证据定位,只读取固定声明入口和information_schema注释摘要；不读取业务正文、价格、成交、订单簿、账户或凭据,该成员绑定当前版本九字段、唯一定位、成员/Schema/授权指纹和未撤销事实后追加不可变批次,58cce83072ee34edffde9ffae7b57104f60b49a8c9b051742f17d062b74c86a6,6d8c063c04eb02cc5c403067fed389705afe13e3dc1e8139af0c6163635c8bd2,92e2317ab33808587c45d85260f8470a02dafb044af8ae83dbdfff20668a40b0,de8eded0e6c144954fb3284d27aad47b5214b3a16bcc1368553ba3fdcad5233b
source-identity-entry-discovery-20260810T054907+0800-2fabb3def319,ZI-69da4a00e49aba44ff106904,DS-000305,ETH,未登记,不可定位,0,无法判定,无法判定,未知,未知,未知,未知,未知,未知,未知,未知,未知,未知,未登记,未登记,未知,64f87095fb4955a4cfbe2e6f8e643fa38d859fef411eb73741cdd2be79d23468,未知,未知,未复验,IDENTITY_DECLARATION_MISSING,来源提供者;交易场所;市场类型;标的身份;精确合约;数据对象;Schema确切版本;授权边界;字段中文映射;成员编号;资产编号;输入成员SHA-256;声明版本;声明内容SHA-256;Schema指纹;授权快照SHA-256;撤销事实;证据定位,只读取固定声明入口和information_schema注释摘要；不读取业务正文、价格、成交、订单簿、账户或凭据,该成员绑定当前版本九字段、唯一定位、成员/Schema/授权指纹和未撤销事实后追加不可变批次,58cce83072ee34edffde9ffae7b57104f60b49a8c9b051742f17d062b74c86a6,6d8c063c04eb02cc5c403067fed389705afe13e3dc1e8139af0c6163635c8bd2,92e2317ab33808587c45d85260f8470a02dafb044af8ae83dbdfff20668a40b0,1969317e6b23a268d6980b4e156449f4730ddc7a9013148813cb6be760b83328
source-identity-entry-discovery-20260810T054907+0800-2fabb3def319,ZI-68075d8d85399614caa868f9,DS-000306,ETH,未登记,不可定位,0,无法判定,无法判定,未知,未知,未知,未知,未知,未知,未知,未知,未知,未知,未登记,未登记,未知,93e7c4e4eac3841772d4795c85297a7e79c010b12b8cf30b7a3ff8517f7146e9,未知,未知,未复验,IDENTITY_DECLARATION_MISSING,来源提供者;交易场所;市场类型;标的身份;精确合约;数据对象;Schema确切版本;授权边界;字段中文映射;成员编号;资产编号;输入成员SHA-256;声明版本;声明内容SHA-256;Schema指纹;授权快照SHA-256;撤销事实;证据定位,只读取固定声明入口和information_schema注释摘要；不读取业务正文、价格、成交、订单簿、账户或凭据,该成员绑定当前版本九字段、唯一定位、成员/Schema/授权指纹和未撤销事实后追加不可变批次,58cce83072ee34edffde9ffae7b57104f60b49a8c9b051742f17d062b74c86a6,6d8c063c04eb02cc5c403067fed389705afe13e3dc1e8139af0c6163635c8bd2,92e2317ab33808587c45d85260f8470a02dafb044af8ae83dbdfff20668a40b0,60a6cf0c2630ad40b8baa5856b1a50743159f20cdd318bc92e3a635f9d758b34
source-identity-entry-discovery-20260810T054907+0800-2fabb3def319,ZI-84d1575654e50459998a6d2c,DS-000307,ETH,未登记,不可定位,0,无法判定,无法判定,未知,未知,未知,未知,未知,未知,未知,未知,未知,未知,未登记,未登记,未知,f951a13aeb2596cef4686717db03149070ba793813ddb720dac7f5c236b8dccd,未知,未知,未复验,IDENTITY_DECLARATION_MISSING,来源提供者;交易场所;市场类型;标的身份;精确合约;数据对象;Schema确切版本;授权边界;字段中文映射;成员编号;资产编号;输入成员SHA-256;声明版本;声明内容SHA-256;Schema指纹;授权快照SHA-256;撤销事实;证据定位,只读取固定声明入口和information_schema注释摘要；不读取业务正文、价格、成交、订单簿、账户或凭据,该成员绑定当前版本九字段、唯一定位、成员/Schema/授权指纹和未撤销事实后追加不可变批次,58cce83072ee34edffde9ffae7b57104f60b49a8c9b051742f17d062b74c86a6,6d8c063c04eb02cc5c403067fed389705afe13e3dc1e8139af0c6163635c8bd2,92e2317ab33808587c45d85260f8470a02dafb044af8ae83dbdfff20668a40b0,bc2f2b286a5591684e9b30d57fa35aa5f1c9db35c78f8735fc80dd92d0f26001
source-identity-entry-discovery-20260810T054907+0800-2fabb3def319,ZI-4a88ba0259b171e49f43b735,DS-000308,ETH,未登记,不可定位,0,无法判定,无法判定,未知,未知,未知,未知,未知,未知,未知,未知,未知,未知,未登记,未登记,未知,8325e80640f1b6415b025ce8839ede1edf84d7984d84e0e4a7de7cae12f2fdfc,未知,未知,未复验,IDENTITY_DECLARATION_MISSING,来源提供者;交易场所;市场类型;标的身份;精确合约;数据对象;Schema确切版本;授权边界;字段中文映射;成员编号;资产编号;输入成员SHA-256;声明版本;声明内容SHA-256;Schema指纹;授权快照SHA-256;撤销事实;证据定位,只读取固定声明入口和information_schema注释摘要；不读取业务正文、价格、成交、订单簿、账户或凭据,该成员绑定当前版本九字段、唯一定位、成员/Schema/授权指纹和未撤销事实后追加不可变批次,58cce83072ee34edffde9ffae7b57104f60b49a8c9b051742f17d062b74c86a6,6d8c063c04eb02cc5c403067fed389705afe13e3dc1e8139af0c6163635c8bd2,92e2317ab33808587c45d85260f8470a02dafb044af8ae83dbdfff20668a40b0,4973ba64a21d47384ff2e524ad8dd0f1f8a4b226c2337893e6aeb7b802b743de
source-identity-entry-discovery-20260810T054907+0800-2fabb3def319,ZI-9e3ac8b171f4d5c0d23aaf96,DS-000309,ETH,未登记,不可定位,0,无法判定,无法判定,未知,未知,未知,未知,未知,未知,未知,未知,未知,未知,未登记,未登记,未知,31401b834ceb9f05e15f20aead63529cec7ac915394e5e58399ff7267639644e,未知,未知,未复验,IDENTITY_DECLARATION_MISSING,来源提供者;交易场所;市场类型;标的身份;精确合约;数据对象;Schema确切版本;授权边界;字段中文映射;成员编号;资产编号;输入成员SHA-256;声明版本;声明内容SHA-256;Schema指纹;授权快照SHA-256;撤销事实;证据定位,只读取固定声明入口和information_schema注释摘要；不读取业务正文、价格、成交、订单簿、账户或凭据,该成员绑定当前版本九字段、唯一定位、成员/Schema/授权指纹和未撤销事实后追加不可变批次,58cce83072ee34edffde9ffae7b57104f60b49a8c9b051742f17d062b74c86a6,6d8c063c04eb02cc5c403067fed389705afe13e3dc1e8139af0c6163635c8bd2,92e2317ab33808587c45d85260f8470a02dafb044af8ae83dbdfff20668a40b0,a76b49144889cb2b46e9e469a68f9163ee8c6caea7b9c36d5f9167312a08c637
source-identity-entry-discovery-20260810T054907+0800-2fabb3def319,ZI-102e25a0c8a2236a75003318,DS-000310,ETH,未登记,不可定位,0,无法判定,无法判定,未知,未知,未知,未知,未知,未知,未知,未知,未知,未知,未登记,未登记,未知,ac10b24605fd1b3d106ccfff94457604218999ca63a55631072e36d168a1244b,未知,未知,未复验,IDENTITY_DECLARATION_MISSING,来源提供者;交易场所;市场类型;标的身份;精确合约;数据对象;Schema确切版本;授权边界;字段中文映射;成员编号;资产编号;输入成员SHA-256;声明版本;声明内容SHA-256;Schema指纹;授权快照SHA-256;撤销事实;证据定位,只读取固定声明入口和information_schema注释摘要；不读取业务正文、价格、成交、订单簿、账户或凭据,该成员绑定当前版本九字段、唯一定位、成员/Schema/授权指纹和未撤销事实后追加不可变批次,58cce83072ee34edffde9ffae7b57104f60b49a8c9b051742f17d062b74c86a6,6d8c063c04eb02cc5c403067fed389705afe13e3dc1e8139af0c6163635c8bd2,92e2317ab33808587c45d85260f8470a02dafb044af8ae83dbdfff20668a40b0,ea937dd60317bd4b3856f0b1037025d4091e927b0d8aca0c7c05cd8e4f819b78
source-identity-entry-discovery-20260810T054907+0800-2fabb3def319,ZI-62d623e701e08ace29bb1ac9,DS-000311,ETH,未登记,不可定位,0,无法判定,无法判定,未知,未知,未知,未知,未知,未知,未知,未知,未知,未知,未登记,未登记,未知,57408a49d126b606bdaf83ab4bb7bd02b4710b2376040c3190ae1bd4473d4d85,未知,未知,未复验,IDENTITY_DECLARATION_MISSING,来源提供者;交易场所;市场类型;标的身份;精确合约;数据对象;Schema确切版本;授权边界;字段中文映射;成员编号;资产编号;输入成员SHA-256;声明版本;声明内容SHA-256;Schema指纹;授权快照SHA-256;撤销事实;证据定位,只读取固定声明入口和information_schema注释摘要；不读取业务正文、价格、成交、订单簿、账户或凭据,该成员绑定当前版本九字段、唯一定位、成员/Schema/授权指纹和未撤销事实后追加不可变批次,58cce83072ee34edffde9ffae7b57104f60b49a8c9b051742f17d062b74c86a6,6d8c063c04eb02cc5c403067fed389705afe13e3dc1e8139af0c6163635c8bd2,92e2317ab33808587c45d85260f8470a02dafb044af8ae83dbdfff20668a40b0,20b6a867616c3d83f438a6ab530ad833962e962b88423fe7370a4dab98aabc6e
source-identity-entry-discovery-20260810T054907+0800-2fabb3def319,ZI-5144341657b9fb567646104a,DS-000312,ETH,未登记,不可定位,0,无法判定,无法判定,未知,未知,未知,未知,未知,未知,未知,未知,未知,未知,未登记,未登记,未知,24985dde3d2f6f5a945237e33c528ce0e95350fb8b3217ef26e40ffd00f660b3,未知,未知,未复验,IDENTITY_DECLARATION_MISSING,来源提供者;交易场所;市场类型;标的身份;精确合约;数据对象;Schema确切版本;授权边界;字段中文映射;成员编号;资产编号;输入成员SHA-256;声明版本;声明内容SHA-256;Schema指纹;授权快照SHA-256;撤销事实;证据定位,只读取固定声明入口和information_schema注释摘要；不读取业务正文、价格、成交、订单簿、账户或凭据,该成员绑定当前版本九字段、唯一定位、成员/Schema/授权指纹和未撤销事实后追加不可变批次,58cce83072ee34edffde9ffae7b57104f60b49a8c9b051742f17d062b74c86a6,6d8c063c04eb02cc5c403067fed389705afe13e3dc1e8139af0c6163635c8bd2,92e2317ab33808587c45d85260f8470a02dafb044af8ae83dbdfff20668a40b0,866b4578afde28777edc815b115b09784297b52970e5423a5335f3e20276af84
source-identity-entry-discovery-20260810T054907+0800-2fabb3def319,ZI-881152f96d8e9e4844ae24e9,DS-000313,ETH,未登记,不可定位,0,无法判定,无法判定,未知,未知,未知,未知,未知,未知,未知,未知,未知,未知,未登记,未登记,未知,fbf6a194337eeb0d40c519c90f46b6442593773512e0e365faa6d9c1d6f562cf,未知,未知,未复验,IDENTITY_DECLARATION_MISSING,来源提供者;交易场所;市场类型;标的身份;精确合约;数据对象;Schema确切版本;授权边界;字段中文映射;成员编号;资产编号;输入成员SHA-256;声明版本;声明内容SHA-256;Schema指纹;授权快照SHA-256;撤销事实;证据定位,只读取固定声明入口和information_schema注释摘要；不读取业务正文、价格、成交、订单簿、账户或凭据,该成员绑定当前版本九字段、唯一定位、成员/Schema/授权指纹和未撤销事实后追加不可变批次,58cce83072ee34edffde9ffae7b57104f60b49a8c9b051742f17d062b74c86a6,6d8c063c04eb02cc5c403067fed389705afe13e3dc1e8139af0c6163635c8bd2,92e2317ab33808587c45d85260f8470a02dafb044af8ae83dbdfff20668a40b0,426059d2dfd82e3d61c1fffd6fb8dd8099994be3f470e91c2efbdfc49806bf0b
source-identity-entry-discovery-20260810T054907+0800-2fabb3def319,ZI-147c7f9873fd47a2fa435551,DS-000314,ETH,未登记,不可定位,0,无法判定,无法判定,未知,未知,未知,未知,未知,未知,未知,未知,未知,未知,未登记,未登记,未知,9db3a44ee859910c7b18a87c166d510b153a770c91474a6c557219b2815719be,未知,未知,未复验,IDENTITY_DECLARATION_MISSING,来源提供者;交易场所;市场类型;标的身份;精确合约;数据对象;Schema确切版本;授权边界;字段中文映射;成员编号;资产编号;输入成员SHA-256;声明版本;声明内容SHA-256;Schema指纹;授权快照SHA-256;撤销事实;证据定位,只读取固定声明入口和information_schema注释摘要；不读取业务正文、价格、成交、订单簿、账户或凭据,该成员绑定当前版本九字段、唯一定位、成员/Schema/授权指纹和未撤销事实后追加不可变批次,58cce83072ee34edffde9ffae7b57104f60b49a8c9b051742f17d062b74c86a6,6d8c063c04eb02cc5c403067fed389705afe13e3dc1e8139af0c6163635c8bd2,92e2317ab33808587c45d85260f8470a02dafb044af8ae83dbdfff20668a40b0,45a891b83d9333f386cafb1db1b0efa82cf7e4a8e88eb29b976c6f6540752378
source-identity-entry-discovery-20260810T054907+0800-2fabb3def319,ZI-c724dd65f9c74cf7dbb14cf6,DS-000315,ETH,未登记,不可定位,0,无法判定,无法判定,未知,未知,未知,未知,未知,未知,未知,未知,未知,未知,未登记,未登记,未知,28745a43fd92afac3d70cee4ddad3491844d97472d4dda22369d8ad811b9cb19,未知,未知,未复验,IDENTITY_DECLARATION_MISSING,来源提供者;交易场所;市场类型;标的身份;精确合约;数据对象;Schema确切版本;授权边界;字段中文映射;成员编号;资产编号;输入成员SHA-256;声明版本;声明内容SHA-256;Schema指纹;授权快照SHA-256;撤销事实;证据定位,只读取固定声明入口和information_schema注释摘要；不读取业务正文、价格、成交、订单簿、账户或凭据,该成员绑定当前版本九字段、唯一定位、成员/Schema/授权指纹和未撤销事实后追加不可变批次,58cce83072ee34edffde9ffae7b57104f60b49a8c9b051742f17d062b74c86a6,6d8c063c04eb02cc5c403067fed389705afe13e3dc1e8139af0c6163635c8bd2,92e2317ab33808587c45d85260f8470a02dafb044af8ae83dbdfff20668a40b0,e9014b57a99a9403caf35bef3944f7f1ab284673beb06405bbece3c2693e3034
source-identity-entry-discovery-20260810T054907+0800-2fabb3def319,ZI-c9eec3c9abb8d328fed09cf7,DS-000316,ETH,未登记,不可定位,0,无法判定,无法判定,未知,未知,未知,未知,未知,未知,未知,未知,未知,未知,未登记,未登记,未知,993ed72bd9aee1183676bb2ffb712c4bb01996d8dc0f601b657d49e62b1cc37c,未知,未知,未复验,IDENTITY_DECLARATION_MISSING,来源提供者;交易场所;市场类型;标的身份;精确合约;数据对象;Schema确切版本;授权边界;字段中文映射;成员编号;资产编号;输入成员SHA-256;声明版本;声明内容SHA-256;Schema指纹;授权快照SHA-256;撤销事实;证据定位,只读取固定声明入口和information_schema注释摘要；不读取业务正文、价格、成交、订单簿、账户或凭据,该成员绑定当前版本九字段、唯一定位、成员/Schema/授权指纹和未撤销事实后追加不可变批次,58cce83072ee34edffde9ffae7b57104f60b49a8c9b051742f17d062b74c86a6,6d8c063c04eb02cc5c403067fed389705afe13e3dc1e8139af0c6163635c8bd2,92e2317ab33808587c45d85260f8470a02dafb044af8ae83dbdfff20668a40b0,d113547d5c15738ef8fb11d5eb39eb4201605e2deab14387316612462d298721
