来源身份声明批次,成员编号,资产编号,资产类型,标的,主研究尺度,结果观察窗口,来源提供者,交易场所,市场类型,标的身份,精确合约,数据对象,Schema确切版本,授权边界,字段中文映射,声明来源,声明版本,证据定位,证据文件SHA-256,输入成员SHA-256,远端元数据SHA-256,Schema指纹,授权快照SHA-256,状态,原因代码,撤销事实,限制,解除条件,规则SHA-256,执行器SHA-256,成员记录SHA-256
source-identity-declaration-20260808T051806+0800-dd1e3d74dca4,ZI-bf37564aac87c9161a93ff81,DS-000001,候选数据文件,BTC,4小时;8小时;24小时;48小时,15分钟;1小时,未知,未知,未知,未知,未知,未知,未知,未知,未知,未登记,无,config/数据/来源身份声明补采.json#身份声明[],b99035eb31437b822b0d8ed9b728e2fbb4b5cd8b8861010049ee43d74fc08647,6f210f5cac4068efe59c05ccd83b4aa2dd366ae73b635fbc253611e4e60c34bb,92492a53e1dafed70b7561e04224b47c4bd114d29d5425993b521342aba14dd4,未知,b3a1fc5ec72ad95e258b584f936ad46befab951e0ee9e43eaa18179e34974387,拒绝,INPUT_MEMBER_REJECTED,本批次只读；若声明、输入、Schema或授权漂移，既有结论自动失效并须追加新批次,未读取业务正文、价格、成交、订单簿、账户或凭据；身份字段不完整,为该成员提供当前版本九字段声明及逐字段Schema、授权和唯一证据定位后追加不可变批次,2d50c1344a835ceeb832796935182aeff80bb03cecc5465c8cf3aaccbd446acd,a23c4d44f41c2fc245b02db92b59200f4b443888bdb532b601a5934f5c808064,ac784b7a50cd1db5a2717fc0e012041da8e073b35ee5d0feae3591ef7534e1cf
source-identity-declaration-20260808T051806+0800-dd1e3d74dca4,ZI-3846d7813100d3d883f9e584,DS-000002,候选数据文件,BTC,4小时;8小时;24小时;48小时,15分钟;1小时,未知,未知,未知,未知,未知,未知,未知,未知,未知,未登记,无,config/数据/来源身份声明补采.json#身份声明[],b99035eb31437b822b0d8ed9b728e2fbb4b5cd8b8861010049ee43d74fc08647,6b54cfaecaba756425d105f3eb174d67dda343b196c6d4d553b4ccf22dac9a4b,c1fca4bfb6236fbcc08d28c45d10a7c574d6bd84136ec84c1da40ed53f97d4de,未知,b3a1fc5ec72ad95e258b584f936ad46befab951e0ee9e43eaa18179e34974387,无法判定,FILE_STAT_OBSERVED_IDENTITY_UNPROVEN,本批次只读；若声明、输入、Schema或授权漂移，既有结论自动失效并须追加新批次,未读取业务正文、价格、成交、订单簿、账户或凭据；身份字段不完整,为该成员提供当前版本九字段声明及逐字段Schema、授权和唯一证据定位后追加不可变批次,2d50c1344a835ceeb832796935182aeff80bb03cecc5465c8cf3aaccbd446acd,a23c4d44f41c2fc245b02db92b59200f4b443888bdb532b601a5934f5c808064,ddd29b3b4f1589e7f33778b23ed7eab864fcfdab9e7b94f9e707657d9854afad
source-identity-declaration-20260808T051806+0800-dd1e3d74dca4,ZI-bad7fbdd2fd2ed50c31757ed,DS-000003,候选数据文件,BTC,4小时;8小时;24小时;48小时,15分钟;1小时,未知,未知,未知,未知,未知,未知,未知,未知,未知,未登记,无,config/数据/来源身份声明补采.json#身份声明[],b99035eb31437b822b0d8ed9b728e2fbb4b5cd8b8861010049ee43d74fc08647,eed06d83a64889d174bf4470b7f403841c1b8cbef394fdcd7d26373548bc330a,5e5bb8ec43c73120c4a424eaed68bbb10c9e9070e8420761d724e1829b18f01c,未知,b3a1fc5ec72ad95e258b584f936ad46befab951e0ee9e43eaa18179e34974387,无法判定,FILE_STAT_OBSERVED_IDENTITY_UNPROVEN,本批次只读；若声明、输入、Schema或授权漂移，既有结论自动失效并须追加新批次,未读取业务正文、价格、成交、订单簿、账户或凭据；身份字段不完整,为该成员提供当前版本九字段声明及逐字段Schema、授权和唯一证据定位后追加不可变批次,2d50c1344a835ceeb832796935182aeff80bb03cecc5465c8cf3aaccbd446acd,a23c4d44f41c2fc245b02db92b59200f4b443888bdb532b601a5934f5c808064,4870e35f2a2019adc7d04d50a28f3d9f92d6b5a194c3cde0b6d140cea8ce8b24
source-identity-declaration-20260808T051806+0800-dd1e3d74dca4,ZI-4dee483dff86ed829a01f96f,DS-000004,候选数据文件,BTC,4小时;8小时;24小时;48小时,15分钟;1小时,未知,未知,未知,未知,未知,未知,未知,未知,未知,未登记,无,config/数据/来源身份声明补采.json#身份声明[],b99035eb31437b822b0d8ed9b728e2fbb4b5cd8b8861010049ee43d74fc08647,f294fc879772804fde50e9093715f6f79193e34ec200003d39435c80c660dc0f,3287b26322b71db0be85d5072577cd04be5b75d46310013bd7fcb182d2050e05,未知,b3a1fc5ec72ad95e258b584f936ad46befab951e0ee9e43eaa18179e34974387,无法判定,FILE_STAT_OBSERVED_IDENTITY_UNPROVEN,本批次只读；若声明、输入、Schema或授权漂移，既有结论自动失效并须追加新批次,未读取业务正文、价格、成交、订单簿、账户或凭据；身份字段不完整,为该成员提供当前版本九字段声明及逐字段Schema、授权和唯一证据定位后追加不可变批次,2d50c1344a835ceeb832796935182aeff80bb03cecc5465c8cf3aaccbd446acd,a23c4d44f41c2fc245b02db92b59200f4b443888bdb532b601a5934f5c808064,50b441d1986e6ec2ba62e3fae84d057dd4c845b2eebfd1c85594b42035db1373
source-identity-declaration-20260808T051806+0800-dd1e3d74dca4,ZI-afe25106735b4aef36d7615a,DS-000005,候选数据文件,BTC,4小时;8小时;24小时;48小时,15分钟;1小时,未知,未知,未知,未知,未知,未知,未知,未知,未知,未登记,无,config/数据/来源身份声明补采.json#身份声明[],b99035eb31437b822b0d8ed9b728e2fbb4b5cd8b8861010049ee43d74fc08647,c3a0b74beeb3a1728b5565c3f43d47d2233ef0001367bb8588714e9f0f4d5adc,630ba5fb9aeda873efd55e45da5e941b0e4b31e4e024c2e9a7b8832a869f88d6,未知,b3a1fc5ec72ad95e258b584f936ad46befab951e0ee9e43eaa18179e34974387,无法判定,FILE_STAT_OBSERVED_IDENTITY_UNPROVEN,本批次只读；若声明、输入、Schema或授权漂移，既有结论自动失效并须追加新批次,未读取业务正文、价格、成交、订单簿、账户或凭据；身份字段不完整,为该成员提供当前版本九字段声明及逐字段Schema、授权和唯一证据定位后追加不可变批次,2d50c1344a835ceeb832796935182aeff80bb03cecc5465c8cf3aaccbd446acd,a23c4d44f41c2fc245b02db92b59200f4b443888bdb532b601a5934f5c808064,b7014a105311bddfb1c75ee44a031ac888d971f86e5d88e0b4dcf4c5c7c47b57
source-identity-declaration-20260808T051806+0800-dd1e3d74dca4,ZI-14965a0a91aae741bc36b74b,DS-000006,候选数据文件,BTC,4小时;8小时;24小时;48小时,15分钟;1小时,未知,未知,未知,未知,未知,未知,未知,未知,未知,未登记,无,config/数据/来源身份声明补采.json#身份声明[],b99035eb31437b822b0d8ed9b728e2fbb4b5cd8b8861010049ee43d74fc08647,078e5f02252ebb65f8c728bc0c504e3a3d3e783ebbd2641e58b3841ea530fb97,08fac2370d4c7bd7117f20502bdb0224fd890d3c9be37d9c73c02d75297322f4,未知,b3a1fc5ec72ad95e258b584f936ad46befab951e0ee9e43eaa18179e34974387,无法判定,FILE_STAT_OBSERVED_IDENTITY_UNPROVEN,本批次只读；若声明、输入、Schema或授权漂移，既有结论自动失效并须追加新批次,未读取业务正文、价格、成交、订单簿、账户或凭据；身份字段不完整,为该成员提供当前版本九字段声明及逐字段Schema、授权和唯一证据定位后追加不可变批次,2d50c1344a835ceeb832796935182aeff80bb03cecc5465c8cf3aaccbd446acd,a23c4d44f41c2fc245b02db92b59200f4b443888bdb532b601a5934f5c808064,5be42c51793a9789f4a8cbd809cd5e3af9ce68a24a66f44fb93525fb1d82497b
source-identity-declaration-20260808T051806+0800-dd1e3d74dca4,ZI-63b0e2c2062f1a2d08892d31,DS-000007,候选数据文件,BTC,4小时;8小时;24小时;48小时,15分钟;1小时,未知,未知,未知,未知,未知,未知,未知,未知,未知,未登记,无,config/数据/来源身份声明补采.json#身份声明[],b99035eb31437b822b0d8ed9b728e2fbb4b5cd8b8861010049ee43d74fc08647,3d27809f20371a08ed176c677aaefe132b6a4fc3c9b9acf202f0e6982c17d731,05d74030c6aaf7fa78598833ba5f3c46562fea5b6c7527e83222db699a0f7405,未知,b3a1fc5ec72ad95e258b584f936ad46befab951e0ee9e43eaa18179e34974387,无法判定,FILE_STAT_OBSERVED_IDENTITY_UNPROVEN,本批次只读；若声明、输入、Schema或授权漂移，既有结论自动失效并须追加新批次,未读取业务正文、价格、成交、订单簿、账户或凭据；身份字段不完整,为该成员提供当前版本九字段声明及逐字段Schema、授权和唯一证据定位后追加不可变批次,2d50c1344a835ceeb832796935182aeff80bb03cecc5465c8cf3aaccbd446acd,a23c4d44f41c2fc245b02db92b59200f4b443888bdb532b601a5934f5c808064,893f4fc15ff8add3f9cfaca330f9742a8367e6165e7b16369fad716a66ae7d14
source-identity-declaration-20260808T051806+0800-dd1e3d74dca4,ZI-a3275f1ead9140426d316fda,DS-000008,候选数据文件,BTC,4小时;8小时;24小时;48小时,15分钟;1小时,未知,未知,未知,未知,未知,未知,未知,未知,未知,未登记,无,config/数据/来源身份声明补采.json#身份声明[],b99035eb31437b822b0d8ed9b728e2fbb4b5cd8b8861010049ee43d74fc08647,c41e435f351a0e89dcf979f9d54f0c4bf6732364a3fa041800b57b48d68dcad2,da0b82ebabe316093f40d07627662bfa6a1f3dda512b3233bda02699bf31741a,未知,b3a1fc5ec72ad95e258b584f936ad46befab951e0ee9e43eaa18179e34974387,无法判定,FILE_STAT_OBSERVED_IDENTITY_UNPROVEN,本批次只读；若声明、输入、Schema或授权漂移，既有结论自动失效并须追加新批次,未读取业务正文、价格、成交、订单簿、账户或凭据；身份字段不完整,为该成员提供当前版本九字段声明及逐字段Schema、授权和唯一证据定位后追加不可变批次,2d50c1344a835ceeb832796935182aeff80bb03cecc5465c8cf3aaccbd446acd,a23c4d44f41c2fc245b02db92b59200f4b443888bdb532b601a5934f5c808064,b8f6f37373f0003a4c6a27bb510ac606c726c63059bbe6c410b171871dec277b
source-identity-declaration-20260808T051806+0800-dd1e3d74dca4,ZI-24037d8a714b80d1f447c8ca,DS-000009,候选数据文件,BTC,4小时;8小时;24小时;48小时,15分钟;1小时,未知,未知,未知,未知,未知,未知,未知,未知,未知,未登记,无,config/数据/来源身份声明补采.json#身份声明[],b99035eb31437b822b0d8ed9b728e2fbb4b5cd8b8861010049ee43d74fc08647,57f0db998d6317598e4c7335c89cb4bd04ec0e20592158cfc71f6fc34aa5ad44,1c84e71b28c261da9b2ee0e2a3c8b1068b142a85cd360a8ad0fd9b59f66bfac4,未知,b3a1fc5ec72ad95e258b584f936ad46befab951e0ee9e43eaa18179e34974387,无法判定,FILE_STAT_OBSERVED_IDENTITY_UNPROVEN,本批次只读；若声明、输入、Schema或授权漂移，既有结论自动失效并须追加新批次,未读取业务正文、价格、成交、订单簿、账户或凭据；身份字段不完整,为该成员提供当前版本九字段声明及逐字段Schema、授权和唯一证据定位后追加不可变批次,2d50c1344a835ceeb832796935182aeff80bb03cecc5465c8cf3aaccbd446acd,a23c4d44f41c2fc245b02db92b59200f4b443888bdb532b601a5934f5c808064,899818e96a2042fa59bc92a1a3c7e6ae2db41ab7b22b953b4d19dcc15d051a3b
source-identity-declaration-20260808T051806+0800-dd1e3d74dca4,ZI-8f0cd7b99b1e374adc146a4a,DS-000010,候选数据文件,BTC,4小时;8小时;24小时;48小时,15分钟;1小时,未知,未知,未知,未知,未知,未知,未知,未知,未知,未登记,无,config/数据/来源身份声明补采.json#身份声明[],b99035eb31437b822b0d8ed9b728e2fbb4b5cd8b8861010049ee43d74fc08647,60a868b7ba10f0aef5db99fd373934b8abcce84661ec2ad1ccee966866bbb502,ab6eb25ffb4fb546071545c7cea0ef9922b71cb58974ee30cd6b2388460fea43,未知,b3a1fc5ec72ad95e258b584f936ad46befab951e0ee9e43eaa18179e34974387,无法判定,FILE_STAT_OBSERVED_IDENTITY_UNPROVEN,本批次只读；若声明、输入、Schema或授权漂移，既有结论自动失效并须追加新批次,未读取业务正文、价格、成交、订单簿、账户或凭据；身份字段不完整,为该成员提供当前版本九字段声明及逐字段Schema、授权和唯一证据定位后追加不可变批次,2d50c1344a835ceeb832796935182aeff80bb03cecc5465c8cf3aaccbd446acd,a23c4d44f41c2fc245b02db92b59200f4b443888bdb532b601a5934f5c808064,7a5a66cbec4adecf55b6f167093c7a597624f1011889c2e4beb447d474025aa6
source-identity-declaration-20260808T051806+0800-dd1e3d74dca4,ZI-d7cbdc706bf9497b3c98b3eb,DS-000011,候选数据文件,BTC,4小时;8小时;24小时;48小时,15分钟;1小时,未知,未知,未知,未知,未知,未知,未知,未知,未知,未登记,无,config/数据/来源身份声明补采.json#身份声明[],b99035eb31437b822b0d8ed9b728e2fbb4b5cd8b8861010049ee43d74fc08647,0ec6f6d6ec4c9b002bb715c2ae5793b70a41ece49bc4ab71ab962b1ea26e6c10,70223776d5c33043cba58e4cf9078a5341971889a7ae24af3e8cb7ad8d37c003,未知,b3a1fc5ec72ad95e258b584f936ad46befab951e0ee9e43eaa18179e34974387,无法判定,FILE_STAT_OBSERVED_IDENTITY_UNPROVEN,本批次只读；若声明、输入、Schema或授权漂移，既有结论自动失效并须追加新批次,未读取业务正文、价格、成交、订单簿、账户或凭据；身份字段不完整,为该成员提供当前版本九字段声明及逐字段Schema、授权和唯一证据定位后追加不可变批次,2d50c1344a835ceeb832796935182aeff80bb03cecc5465c8cf3aaccbd446acd,a23c4d44f41c2fc245b02db92b59200f4b443888bdb532b601a5934f5c808064,36a80954eee79e86b5b6770695e49a2ce03f1aa6640d3c625246a238ba0c2b68
source-identity-declaration-20260808T051806+0800-dd1e3d74dca4,ZI-bb992f68b3613e9c75ad8102,DS-000012,候选数据文件,BTC,4小时;8小时;24小时;48小时,15分钟;1小时,未知,未知,未知,未知,未知,未知,未知,未知,未知,未登记,无,config/数据/来源身份声明补采.json#身份声明[],b99035eb31437b822b0d8ed9b728e2fbb4b5cd8b8861010049ee43d74fc08647,4029ce33cae96639a00b1f2934304f04d9204e36e7d06ee59efff58dc5e0082a,4dd0cfe504269f3a89737cc92ba0aa81c09cfa787c7c6a8fc0e299dee6613bec,未知,b3a1fc5ec72ad95e258b584f936ad46befab951e0ee9e43eaa18179e34974387,无法判定,FILE_STAT_OBSERVED_IDENTITY_UNPROVEN,本批次只读；若声明、输入、Schema或授权漂移，既有结论自动失效并须追加新批次,未读取业务正文、价格、成交、订单簿、账户或凭据；身份字段不完整,为该成员提供当前版本九字段声明及逐字段Schema、授权和唯一证据定位后追加不可变批次,2d50c1344a835ceeb832796935182aeff80bb03cecc5465c8cf3aaccbd446acd,a23c4d44f41c2fc245b02db92b59200f4b443888bdb532b601a5934f5c808064,fba8cf1cf1e926a41ce1504faea6d92808d304f4f8ae50e4484bcb2e426c3876
source-identity-declaration-20260808T051806+0800-dd1e3d74dca4,ZI-22947f2c8da15aea945c5d37,DS-000013,候选数据文件,BTC,4小时;8小时;24小时;48小时,15分钟;1小时,未知,未知,未知,未知,未知,未知,未知,未知,未知,未登记,无,config/数据/来源身份声明补采.json#身份声明[],b99035eb31437b822b0d8ed9b728e2fbb4b5cd8b8861010049ee43d74fc08647,4b5998ebc81851afafa4abf90abf85ad6f259b9415055592ade9dfafdb51f0d3,338fd5e2bb1bb18b5373b6c742c9475a5c2f79b46ba831482bcc85cee7e4a7ee,未知,b3a1fc5ec72ad95e258b584f936ad46befab951e0ee9e43eaa18179e34974387,无法判定,FILE_STAT_OBSERVED_IDENTITY_UNPROVEN,本批次只读；若声明、输入、Schema或授权漂移，既有结论自动失效并须追加新批次,未读取业务正文、价格、成交、订单簿、账户或凭据；身份字段不完整,为该成员提供当前版本九字段声明及逐字段Schema、授权和唯一证据定位后追加不可变批次,2d50c1344a835ceeb832796935182aeff80bb03cecc5465c8cf3aaccbd446acd,a23c4d44f41c2fc245b02db92b59200f4b443888bdb532b601a5934f5c808064,be563ec7de98e643992e8d429bcb20997234f9283afa1dc590c4a08c13fbaa27
source-identity-declaration-20260808T051806+0800-dd1e3d74dca4,ZI-6fe292c785aa3707aa7bae85,DS-000014,候选数据文件,BTC,4小时;8小时;24小时;48小时,15分钟;1小时,未知,未知,未知,未知,未知,未知,未知,未知,未知,未登记,无,config/数据/来源身份声明补采.json#身份声明[],b99035eb31437b822b0d8ed9b728e2fbb4b5cd8b8861010049ee43d74fc08647,a2913685c4ef3199de4ac1910f6c1bd45e3a521e39fad3c5475e0071673b8a28,94b33236e77a53ad18d46d30ca3117a6c7a4f4089b5fb75eaf51eb9abdb22ac3,未知,b3a1fc5ec72ad95e258b584f936ad46befab951e0ee9e43eaa18179e34974387,无法判定,FILE_STAT_OBSERVED_IDENTITY_UNPROVEN,本批次只读；若声明、输入、Schema或授权漂移，既有结论自动失效并须追加新批次,未读取业务正文、价格、成交、订单簿、账户或凭据；身份字段不完整,为该成员提供当前版本九字段声明及逐字段Schema、授权和唯一证据定位后追加不可变批次,2d50c1344a835ceeb832796935182aeff80bb03cecc5465c8cf3aaccbd446acd,a23c4d44f41c2fc245b02db92b59200f4b443888bdb532b601a5934f5c808064,535b767a3bf2c8b52a0a3edeed2cc9ab0a7fec99c086cb706d48e9a94f1f09b5
source-identity-declaration-20260808T051806+0800-dd1e3d74dca4,ZI-ebacff58193ae9067a1b085a,DS-000015,候选数据文件,BTC,4小时;8小时;24小时;48小时,15分钟;1小时,未知,未知,未知,未知,未知,未知,未知,未知,未知,未登记,无,config/数据/来源身份声明补采.json#身份声明[],b99035eb31437b822b0d8ed9b728e2fbb4b5cd8b8861010049ee43d74fc08647,0954b82bf7f57e01d704dbddc6046326d1d248a34af7095367bb8eca340f6dcf,ba196e8b46d3bb1255ad35d0d96c6caca1d91473ece1ffc3d93e940ea9f6509c,未知,b3a1fc5ec72ad95e258b584f936ad46befab951e0ee9e43eaa18179e34974387,无法判定,FILE_STAT_OBSERVED_IDENTITY_UNPROVEN,本批次只读；若声明、输入、Schema或授权漂移，既有结论自动失效并须追加新批次,未读取业务正文、价格、成交、订单簿、账户或凭据；身份字段不完整,为该成员提供当前版本九字段声明及逐字段Schema、授权和唯一证据定位后追加不可变批次,2d50c1344a835ceeb832796935182aeff80bb03cecc5465c8cf3aaccbd446acd,a23c4d44f41c2fc245b02db92b59200f4b443888bdb532b601a5934f5c808064,ddb2f8c7d88cffcc3657dfda9bcff1ab4bfa2651152dbadf8d19d2a2df8e40dd
source-identity-declaration-20260808T051806+0800-dd1e3d74dca4,ZI-c7222ddc077a12706bc85a0e,DS-000016,候选数据文件,BTC,4小时;8小时;24小时;48小时,15分钟;1小时,未知,未知,未知,未知,未知,未知,未知,未知,未知,未登记,无,config/数据/来源身份声明补采.json#身份声明[],b99035eb31437b822b0d8ed9b728e2fbb4b5cd8b8861010049ee43d74fc08647,d541c1aa39ca532bc63001a37820a93db5822824a913980ff6e6492016cd8c06,cf8dee8e990c70063ddac945720f2e7f2045996723bbefdb6f6aa71d447540d5,未知,b3a1fc5ec72ad95e258b584f936ad46befab951e0ee9e43eaa18179e34974387,无法判定,FILE_STAT_OBSERVED_IDENTITY_UNPROVEN,本批次只读；若声明、输入、Schema或授权漂移，既有结论自动失效并须追加新批次,未读取业务正文、价格、成交、订单簿、账户或凭据；身份字段不完整,为该成员提供当前版本九字段声明及逐字段Schema、授权和唯一证据定位后追加不可变批次,2d50c1344a835ceeb832796935182aeff80bb03cecc5465c8cf3aaccbd446acd,a23c4d44f41c2fc245b02db92b59200f4b443888bdb532b601a5934f5c808064,593674ec5b5247e9baffbd71c14dffb912eb517867b065f7561135942271666e
source-identity-declaration-20260808T051806+0800-dd1e3d74dca4,ZI-b662cded17c8b415bc18d325,DS-000017,候选数据文件,BTC,4小时;8小时;24小时;48小时,15分钟;1小时,未知,未知,未知,未知,未知,未知,未知,未知,未知,未登记,无,config/数据/来源身份声明补采.json#身份声明[],b99035eb31437b822b0d8ed9b728e2fbb4b5cd8b8861010049ee43d74fc08647,724331ff5fb4ae5702e299c4ab592929e83424f81741ca15f49f79f17bb48302,d1cb4a02b7b4f0ac7f9deb9aa016893a5d62c9075c5341685fa804dcea8b5cf6,未知,b3a1fc5ec72ad95e258b584f936ad46befab951e0ee9e43eaa18179e34974387,无法判定,FILE_STAT_OBSERVED_IDENTITY_UNPROVEN,本批次只读；若声明、输入、Schema或授权漂移，既有结论自动失效并须追加新批次,未读取业务正文、价格、成交、订单簿、账户或凭据；身份字段不完整,为该成员提供当前版本九字段声明及逐字段Schema、授权和唯一证据定位后追加不可变批次,2d50c1344a835ceeb832796935182aeff80bb03cecc5465c8cf3aaccbd446acd,a23c4d44f41c2fc245b02db92b59200f4b443888bdb532b601a5934f5c808064,90e67d9801288d1207055a1522301dedf0698608173a12e3df63a9f990352027
source-identity-declaration-20260808T051806+0800-dd1e3d74dca4,ZI-8c0a2a61096b2a4424356b89,DS-000018,候选数据文件,BTC,4小时;8小时;24小时;48小时,15分钟;1小时,未知,未知,未知,未知,未知,未知,未知,未知,未知,未登记,无,config/数据/来源身份声明补采.json#身份声明[],b99035eb31437b822b0d8ed9b728e2fbb4b5cd8b8861010049ee43d74fc08647,8ac6e149c9aa2f85191b075fe19ae6ab08e0241833b5e33f84b0a42f76e71509,ccfce573e1509c4ce6639e2a67cbce82dbd9a0fef3bec3aed5601bba4a8db09f,未知,b3a1fc5ec72ad95e258b584f936ad46befab951e0ee9e43eaa18179e34974387,无法判定,FILE_STAT_OBSERVED_IDENTITY_UNPROVEN,本批次只读；若声明、输入、Schema或授权漂移，既有结论自动失效并须追加新批次,未读取业务正文、价格、成交、订单簿、账户或凭据；身份字段不完整,为该成员提供当前版本九字段声明及逐字段Schema、授权和唯一证据定位后追加不可变批次,2d50c1344a835ceeb832796935182aeff80bb03cecc5465c8cf3aaccbd446acd,a23c4d44f41c2fc245b02db92b59200f4b443888bdb532b601a5934f5c808064,fd6ed7ce419a32952d5635231f2bf39e89f7e0ecdb10925286df6fbc7dbd0bfd
source-identity-declaration-20260808T051806+0800-dd1e3d74dca4,ZI-b8918337d2edc573b5335acf,DS-000019,候选数据文件,BTC,4小时;8小时;24小时;48小时,15分钟;1小时,未知,未知,未知,未知,未知,未知,未知,未知,未知,未登记,无,config/数据/来源身份声明补采.json#身份声明[],b99035eb31437b822b0d8ed9b728e2fbb4b5cd8b8861010049ee43d74fc08647,9fe44aeeec52824c44f64f54bd209145b51e04d8a6e4a281d96b9d9c9c5adc3d,e9f3497108c4ef7faa17c1d0ab180ed70c665f3736320e659ff6fd5949dde51c,未知,b3a1fc5ec72ad95e258b584f936ad46befab951e0ee9e43eaa18179e34974387,无法判定,FILE_STAT_OBSERVED_IDENTITY_UNPROVEN,本批次只读；若声明、输入、Schema或授权漂移，既有结论自动失效并须追加新批次,未读取业务正文、价格、成交、订单簿、账户或凭据；身份字段不完整,为该成员提供当前版本九字段声明及逐字段Schema、授权和唯一证据定位后追加不可变批次,2d50c1344a835ceeb832796935182aeff80bb03cecc5465c8cf3aaccbd446acd,a23c4d44f41c2fc245b02db92b59200f4b443888bdb532b601a5934f5c808064,f591dd35f1c2b6f3264506c2bfeb9166550eabb98dff1302532144609911dd3d
source-identity-declaration-20260808T051806+0800-dd1e3d74dca4,ZI-a74fe50809407c65c35e27b6,DS-000020,候选数据文件,BTC,4小时;8小时;24小时;48小时,15分钟;1小时,未知,未知,未知,未知,未知,未知,未知,未知,未知,未登记,无,config/数据/来源身份声明补采.json#身份声明[],b99035eb31437b822b0d8ed9b728e2fbb4b5cd8b8861010049ee43d74fc08647,1c5ab3f968edb2a20de6de92fb10feb8d2736c0dbd5b1cc743a178c603b79e8b,d04c0741957705e73c7006b50c19c45038bc4c0f2d0ac6ff4177f5b123a2fd30,未知,b3a1fc5ec72ad95e258b584f936ad46befab951e0ee9e43eaa18179e34974387,无法判定,FILE_STAT_OBSERVED_IDENTITY_UNPROVEN,本批次只读；若声明、输入、Schema或授权漂移，既有结论自动失效并须追加新批次,未读取业务正文、价格、成交、订单簿、账户或凭据；身份字段不完整,为该成员提供当前版本九字段声明及逐字段Schema、授权和唯一证据定位后追加不可变批次,2d50c1344a835ceeb832796935182aeff80bb03cecc5465c8cf3aaccbd446acd,a23c4d44f41c2fc245b02db92b59200f4b443888bdb532b601a5934f5c808064,06d10ee6b44a17f38fcedbdfe0d9f84c255bd63a1d06e9aec41e75600490cbb5
source-identity-declaration-20260808T051806+0800-dd1e3d74dca4,ZI-37ca6c4114c93bb8aabfdb40,DS-000021,候选数据文件,BTC,4小时;8小时;24小时;48小时,15分钟;1小时,未知,未知,未知,未知,未知,未知,未知,未知,未知,未登记,无,config/数据/来源身份声明补采.json#身份声明[],b99035eb31437b822b0d8ed9b728e2fbb4b5cd8b8861010049ee43d74fc08647,64628c57337149fa715a32c92112d28beb11ea157cc51cbef8d8fb2ac089af2d,bb7d52ffab4c620216335093ec95b8123196dd669e9376a13554b64171223064,未知,b3a1fc5ec72ad95e258b584f936ad46befab951e0ee9e43eaa18179e34974387,无法判定,FILE_STAT_OBSERVED_IDENTITY_UNPROVEN,本批次只读；若声明、输入、Schema或授权漂移，既有结论自动失效并须追加新批次,未读取业务正文、价格、成交、订单簿、账户或凭据；身份字段不完整,为该成员提供当前版本九字段声明及逐字段Schema、授权和唯一证据定位后追加不可变批次,2d50c1344a835ceeb832796935182aeff80bb03cecc5465c8cf3aaccbd446acd,a23c4d44f41c2fc245b02db92b59200f4b443888bdb532b601a5934f5c808064,4693106d42d669b0f4a4e4be7b517e6068fdc108dd965d45cff5425e4cb5dfe0
source-identity-declaration-20260808T051806+0800-dd1e3d74dca4,ZI-d51a63844fdefcea96fdae6d,DS-000022,候选数据文件,BTC,4小时;8小时;24小时;48小时,15分钟;1小时,未知,未知,未知,未知,未知,未知,未知,未知,未知,未登记,无,config/数据/来源身份声明补采.json#身份声明[],b99035eb31437b822b0d8ed9b728e2fbb4b5cd8b8861010049ee43d74fc08647,cb0f988b4041dfe60459b092dd3d8713a68e767cffe3cea694725d3b12df3874,2996e1baed6afd98549937bcfb68e08635a23cd1c2d53f3cf66c083845112d84,未知,b3a1fc5ec72ad95e258b584f936ad46befab951e0ee9e43eaa18179e34974387,无法判定,FILE_STAT_OBSERVED_IDENTITY_UNPROVEN,本批次只读；若声明、输入、Schema或授权漂移，既有结论自动失效并须追加新批次,未读取业务正文、价格、成交、订单簿、账户或凭据；身份字段不完整,为该成员提供当前版本九字段声明及逐字段Schema、授权和唯一证据定位后追加不可变批次,2d50c1344a835ceeb832796935182aeff80bb03cecc5465c8cf3aaccbd446acd,a23c4d44f41c2fc245b02db92b59200f4b443888bdb532b601a5934f5c808064,b561b415d8b758c9970ad6c4dc7bcc5aa32d20473859924692fca5d54b24137a
source-identity-declaration-20260808T051806+0800-dd1e3d74dca4,ZI-62a663fd96baa6d2befc3bf2,DS-000023,候选数据文件,BTC,4小时;8小时;24小时;48小时,15分钟;1小时,未知,未知,未知,未知,未知,未知,未知,未知,未知,未登记,无,config/数据/来源身份声明补采.json#身份声明[],b99035eb31437b822b0d8ed9b728e2fbb4b5cd8b8861010049ee43d74fc08647,7f5828afd16eeb5023d1e7c3d6abf2f23c149f3225a3e53e1078c8e613a07332,8aed83070f51a10889aa2ad427b5fdd393e54dedc790048f7640537e26884244,未知,b3a1fc5ec72ad95e258b584f936ad46befab951e0ee9e43eaa18179e34974387,无法判定,FILE_STAT_OBSERVED_IDENTITY_UNPROVEN,本批次只读；若声明、输入、Schema或授权漂移，既有结论自动失效并须追加新批次,未读取业务正文、价格、成交、订单簿、账户或凭据；身份字段不完整,为该成员提供当前版本九字段声明及逐字段Schema、授权和唯一证据定位后追加不可变批次,2d50c1344a835ceeb832796935182aeff80bb03cecc5465c8cf3aaccbd446acd,a23c4d44f41c2fc245b02db92b59200f4b443888bdb532b601a5934f5c808064,4b17e335831d0ca1229344089aa9531cd72e6761239ab0ec27af526c3adba7fd
source-identity-declaration-20260808T051806+0800-dd1e3d74dca4,ZI-3e04430d183f37d5f6f412c6,DS-000024,候选数据文件,BTC,4小时;8小时;24小时;48小时,15分钟;1小时,未知,未知,未知,未知,未知,未知,未知,未知,未知,未登记,无,config/数据/来源身份声明补采.json#身份声明[],b99035eb31437b822b0d8ed9b728e2fbb4b5cd8b8861010049ee43d74fc08647,1a5501c145cb78341a0bdc4a0d62283d57d8158db9cee6a6f6b9300451cfb669,a16243c93228dbf06273dcce7ed16e994d6ed320c1821791566d9bcce0b1fe3a,未知,b3a1fc5ec72ad95e258b584f936ad46befab951e0ee9e43eaa18179e34974387,无法判定,FILE_STAT_OBSERVED_IDENTITY_UNPROVEN,本批次只读；若声明、输入、Schema或授权漂移，既有结论自动失效并须追加新批次,未读取业务正文、价格、成交、订单簿、账户或凭据；身份字段不完整,为该成员提供当前版本九字段声明及逐字段Schema、授权和唯一证据定位后追加不可变批次,2d50c1344a835ceeb832796935182aeff80bb03cecc5465c8cf3aaccbd446acd,a23c4d44f41c2fc245b02db92b59200f4b443888bdb532b601a5934f5c808064,2364d0a816226db2217d37ca4a9c346852c81c287be2b63949ac68d1c0c7fc80
source-identity-declaration-20260808T051806+0800-dd1e3d74dca4,ZI-d09e19cfdcbed9a7fdc593be,DS-000025,候选数据文件,BTC,4小时;8小时;24小时;48小时,15分钟;1小时,未知,未知,未知,未知,未知,未知,未知,未知,未知,未登记,无,config/数据/来源身份声明补采.json#身份声明[],b99035eb31437b822b0d8ed9b728e2fbb4b5cd8b8861010049ee43d74fc08647,90a66897075859e1d9c9e335f1e6bf8caa40126b5af49abd6f7dd08c1c62ab7b,d02b2be6d2d0f29f21065db7d30e94e983e5abee74280e1cddd82f2a5fc46e1a,未知,b3a1fc5ec72ad95e258b584f936ad46befab951e0ee9e43eaa18179e34974387,无法判定,FILE_STAT_OBSERVED_IDENTITY_UNPROVEN,本批次只读；若声明、输入、Schema或授权漂移，既有结论自动失效并须追加新批次,未读取业务正文、价格、成交、订单簿、账户或凭据；身份字段不完整,为该成员提供当前版本九字段声明及逐字段Schema、授权和唯一证据定位后追加不可变批次,2d50c1344a835ceeb832796935182aeff80bb03cecc5465c8cf3aaccbd446acd,a23c4d44f41c2fc245b02db92b59200f4b443888bdb532b601a5934f5c808064,eff6591f18b17d6e23f5014863c5acdfa98c45558e178c4b926fc31b61d673f3
source-identity-declaration-20260808T051806+0800-dd1e3d74dca4,ZI-9a5034b379b436117dafdeb9,DS-000026,候选数据文件,BTC,4小时;8小时;24小时;48小时,15分钟;1小时,未知,未知,未知,未知,未知,未知,未知,未知,未知,未登记,无,config/数据/来源身份声明补采.json#身份声明[],b99035eb31437b822b0d8ed9b728e2fbb4b5cd8b8861010049ee43d74fc08647,d0f705abea8912f989edaccb9cf08cd41eda84e652f74e68a9312e843e842f77,1b9cbb633782c7b249cb4169195daf3317a29c99aec153704282bf945fa3d791,未知,b3a1fc5ec72ad95e258b584f936ad46befab951e0ee9e43eaa18179e34974387,无法判定,FILE_STAT_OBSERVED_IDENTITY_UNPROVEN,本批次只读；若声明、输入、Schema或授权漂移，既有结论自动失效并须追加新批次,未读取业务正文、价格、成交、订单簿、账户或凭据；身份字段不完整,为该成员提供当前版本九字段声明及逐字段Schema、授权和唯一证据定位后追加不可变批次,2d50c1344a835ceeb832796935182aeff80bb03cecc5465c8cf3aaccbd446acd,a23c4d44f41c2fc245b02db92b59200f4b443888bdb532b601a5934f5c808064,aa0ef64401609a545c43c95986e3506343ef1ed97fd702da1f6d53bb34060747
source-identity-declaration-20260808T051806+0800-dd1e3d74dca4,ZI-50bc11d42d88870ce48d3c15,DS-000027,候选数据文件,BTC,4小时;8小时;24小时;48小时,15分钟;1小时,未知,未知,未知,未知,未知,未知,未知,未知,未知,未登记,无,config/数据/来源身份声明补采.json#身份声明[],b99035eb31437b822b0d8ed9b728e2fbb4b5cd8b8861010049ee43d74fc08647,e25a817f99d52e3d90fb7614939eebcaf57d0bc0f82ee9b42e562f78d2066f9d,b8714618b6412853dba3a92862402c9b3972f7061507a0e26408f6dc357db88f,未知,b3a1fc5ec72ad95e258b584f936ad46befab951e0ee9e43eaa18179e34974387,无法判定,FILE_STAT_OBSERVED_IDENTITY_UNPROVEN,本批次只读；若声明、输入、Schema或授权漂移，既有结论自动失效并须追加新批次,未读取业务正文、价格、成交、订单簿、账户或凭据；身份字段不完整,为该成员提供当前版本九字段声明及逐字段Schema、授权和唯一证据定位后追加不可变批次,2d50c1344a835ceeb832796935182aeff80bb03cecc5465c8cf3aaccbd446acd,a23c4d44f41c2fc245b02db92b59200f4b443888bdb532b601a5934f5c808064,1ee9eeb8948b887175f3cdd57b35f7abb4e68375fa8fc79b71c16b262415a059
source-identity-declaration-20260808T051806+0800-dd1e3d74dca4,ZI-f94898b1902c73c7204f68f4,DS-000028,候选数据文件,BTC,4小时;8小时;24小时;48小时,15分钟;1小时,未知,未知,未知,未知,未知,未知,未知,未知,未知,未登记,无,config/数据/来源身份声明补采.json#身份声明[],b99035eb31437b822b0d8ed9b728e2fbb4b5cd8b8861010049ee43d74fc08647,47294cc8ccff44581c75aa5d3c70bc29e9916391a25182dc2645263835aa4c55,ca61ac6dfbc8685ad69ec28ce2fe954546b8bbeb10944b952a6082215f1aece5,未知,b3a1fc5ec72ad95e258b584f936ad46befab951e0ee9e43eaa18179e34974387,无法判定,FILE_STAT_OBSERVED_IDENTITY_UNPROVEN,本批次只读；若声明、输入、Schema或授权漂移，既有结论自动失效并须追加新批次,未读取业务正文、价格、成交、订单簿、账户或凭据；身份字段不完整,为该成员提供当前版本九字段声明及逐字段Schema、授权和唯一证据定位后追加不可变批次,2d50c1344a835ceeb832796935182aeff80bb03cecc5465c8cf3aaccbd446acd,a23c4d44f41c2fc245b02db92b59200f4b443888bdb532b601a5934f5c808064,672f956f7bed132b959f195595e3fd760c0fe68d53134f88a39b5e78394159d1
source-identity-declaration-20260808T051806+0800-dd1e3d74dca4,ZI-de37a154d339d6ea9dd24636,DS-000029,候选数据文件,BTC,4小时;8小时;24小时;48小时,15分钟;1小时,未知,未知,未知,未知,未知,未知,未知,未知,未知,未登记,无,config/数据/来源身份声明补采.json#身份声明[],b99035eb31437b822b0d8ed9b728e2fbb4b5cd8b8861010049ee43d74fc08647,7dd9f501d01b088e7ff2286b3f33fd8431fdbab3aea1cdb36bd41099a798703e,55c62d437482e770422f660443c8bb3e1bd1f8fd84f2c37eae172f4ef5c82861,未知,b3a1fc5ec72ad95e258b584f936ad46befab951e0ee9e43eaa18179e34974387,无法判定,FILE_STAT_OBSERVED_IDENTITY_UNPROVEN,本批次只读；若声明、输入、Schema或授权漂移，既有结论自动失效并须追加新批次,未读取业务正文、价格、成交、订单簿、账户或凭据；身份字段不完整,为该成员提供当前版本九字段声明及逐字段Schema、授权和唯一证据定位后追加不可变批次,2d50c1344a835ceeb832796935182aeff80bb03cecc5465c8cf3aaccbd446acd,a23c4d44f41c2fc245b02db92b59200f4b443888bdb532b601a5934f5c808064,3c09ee86930f19e36c5a1724b0a53d79286503127b586e218f1a3a8cab27afec
source-identity-declaration-20260808T051806+0800-dd1e3d74dca4,ZI-1d36a0c340d1ef902e9b9d9e,DS-000030,候选数据文件,BTC,4小时;8小时;24小时;48小时,15分钟;1小时,未知,未知,未知,未知,未知,未知,未知,未知,未知,未登记,无,config/数据/来源身份声明补采.json#身份声明[],b99035eb31437b822b0d8ed9b728e2fbb4b5cd8b8861010049ee43d74fc08647,7feaf8dbf2a33227bce6c15a332add2a8df5958d70cd20dde169159beffeafd8,5e939c64cae9f29f391d8578713f08f2352b42e4b6a5b0d84b70f171f2232476,未知,b3a1fc5ec72ad95e258b584f936ad46befab951e0ee9e43eaa18179e34974387,无法判定,FILE_STAT_OBSERVED_IDENTITY_UNPROVEN,本批次只读；若声明、输入、Schema或授权漂移，既有结论自动失效并须追加新批次,未读取业务正文、价格、成交、订单簿、账户或凭据；身份字段不完整,为该成员提供当前版本九字段声明及逐字段Schema、授权和唯一证据定位后追加不可变批次,2d50c1344a835ceeb832796935182aeff80bb03cecc5465c8cf3aaccbd446acd,a23c4d44f41c2fc245b02db92b59200f4b443888bdb532b601a5934f5c808064,81116140a48ebaca87b292c1b92550948bd377676dc97ef626afba66f02603d1
source-identity-declaration-20260808T051806+0800-dd1e3d74dca4,ZI-90a7b0ede5d1cf41ca54fe0d,DS-000031,候选数据文件,BTC,4小时;8小时;24小时;48小时,15分钟;1小时,未知,未知,未知,未知,未知,未知,未知,未知,未知,未登记,无,config/数据/来源身份声明补采.json#身份声明[],b99035eb31437b822b0d8ed9b728e2fbb4b5cd8b8861010049ee43d74fc08647,7e617ea65285053e80e850b1a42685e97f1dc11f8a21b09b7a1ddeec481c8607,03ab59e8e774cb766e2fb88000ffb3984a777b0efa71469703eb9d3483184ca5,未知,b3a1fc5ec72ad95e258b584f936ad46befab951e0ee9e43eaa18179e34974387,无法判定,FILE_STAT_OBSERVED_IDENTITY_UNPROVEN,本批次只读；若声明、输入、Schema或授权漂移，既有结论自动失效并须追加新批次,未读取业务正文、价格、成交、订单簿、账户或凭据；身份字段不完整,为该成员提供当前版本九字段声明及逐字段Schema、授权和唯一证据定位后追加不可变批次,2d50c1344a835ceeb832796935182aeff80bb03cecc5465c8cf3aaccbd446acd,a23c4d44f41c2fc245b02db92b59200f4b443888bdb532b601a5934f5c808064,98e7fdd3edd8379954ae315fb506690b7824c1fdb8d051c8f4b53793f65b732d
source-identity-declaration-20260808T051806+0800-dd1e3d74dca4,ZI-af8bf19f503a5a5f7dd6543f,DS-000032,候选数据文件,BTC,4小时;8小时;24小时;48小时,15分钟;1小时,未知,未知,未知,未知,未知,未知,未知,未知,未知,未登记,无,config/数据/来源身份声明补采.json#身份声明[],b99035eb31437b822b0d8ed9b728e2fbb4b5cd8b8861010049ee43d74fc08647,2ce15b1930aad50b11f350398a0b450644e98b842f7ef2acedf4bee77e77db57,d4f0454fb81a9c29f899f9445d661e3f29161be0e20e0339e9a3bb9b947cc022,未知,b3a1fc5ec72ad95e258b584f936ad46befab951e0ee9e43eaa18179e34974387,无法判定,FILE_STAT_OBSERVED_IDENTITY_UNPROVEN,本批次只读；若声明、输入、Schema或授权漂移，既有结论自动失效并须追加新批次,未读取业务正文、价格、成交、订单簿、账户或凭据；身份字段不完整,为该成员提供当前版本九字段声明及逐字段Schema、授权和唯一证据定位后追加不可变批次,2d50c1344a835ceeb832796935182aeff80bb03cecc5465c8cf3aaccbd446acd,a23c4d44f41c2fc245b02db92b59200f4b443888bdb532b601a5934f5c808064,bd01256eaebd5246fc133abf71cbbedbca6cfb2e1123c73fd33ec9b28e8d9659
source-identity-declaration-20260808T051806+0800-dd1e3d74dca4,ZI-0e19e886b80de5aa05aaf456,DS-000033,候选数据文件,BTC,4小时;8小时;24小时;48小时,15分钟;1小时,未知,未知,未知,未知,未知,未知,未知,未知,未知,未登记,无,config/数据/来源身份声明补采.json#身份声明[],b99035eb31437b822b0d8ed9b728e2fbb4b5cd8b8861010049ee43d74fc08647,6c383d50d95f4de8a57eed3f877bf95e02d1617101a25d532b17bf06f1520432,aaaa223c6f21891dd45561d9c42e7cbff0a7c4773594b6b9edb5e0098ff0b40e,未知,b3a1fc5ec72ad95e258b584f936ad46befab951e0ee9e43eaa18179e34974387,无法判定,FILE_STAT_OBSERVED_IDENTITY_UNPROVEN,本批次只读；若声明、输入、Schema或授权漂移，既有结论自动失效并须追加新批次,未读取业务正文、价格、成交、订单簿、账户或凭据；身份字段不完整,为该成员提供当前版本九字段声明及逐字段Schema、授权和唯一证据定位后追加不可变批次,2d50c1344a835ceeb832796935182aeff80bb03cecc5465c8cf3aaccbd446acd,a23c4d44f41c2fc245b02db92b59200f4b443888bdb532b601a5934f5c808064,4aca261638e558591d70ac3597c221e411eecf7b718c817f4fcead57f86e91e5
source-identity-declaration-20260808T051806+0800-dd1e3d74dca4,ZI-d0e75a2e82e0873897d28939,DS-000034,候选数据文件,BTC,4小时;8小时;24小时;48小时,15分钟;1小时,未知,未知,未知,未知,未知,未知,未知,未知,未知,未登记,无,config/数据/来源身份声明补采.json#身份声明[],b99035eb31437b822b0d8ed9b728e2fbb4b5cd8b8861010049ee43d74fc08647,620ec0b6af2da2ee08cf1e41e20fb6206dec2fe11c489115b4686ab4d470868b,a01637dd420036d7350e638e74f3446d7bb6eab8c381e617cb8a151b13d187e2,未知,b3a1fc5ec72ad95e258b584f936ad46befab951e0ee9e43eaa18179e34974387,无法判定,FILE_STAT_OBSERVED_IDENTITY_UNPROVEN,本批次只读；若声明、输入、Schema或授权漂移，既有结论自动失效并须追加新批次,未读取业务正文、价格、成交、订单簿、账户或凭据；身份字段不完整,为该成员提供当前版本九字段声明及逐字段Schema、授权和唯一证据定位后追加不可变批次,2d50c1344a835ceeb832796935182aeff80bb03cecc5465c8cf3aaccbd446acd,a23c4d44f41c2fc245b02db92b59200f4b443888bdb532b601a5934f5c808064,f6244dc2561e0357419ab3a9921ffd6a6a47ac878f692db3368330b586e758cd
source-identity-declaration-20260808T051806+0800-dd1e3d74dca4,ZI-9f4947e6d2fa71654647194e,DS-000035,候选数据文件,BTC,4小时;8小时;24小时;48小时,15分钟;1小时,未知,未知,未知,未知,未知,未知,未知,未知,未知,未登记,无,config/数据/来源身份声明补采.json#身份声明[],b99035eb31437b822b0d8ed9b728e2fbb4b5cd8b8861010049ee43d74fc08647,c8052ba5f3ee15d405a6a41853edafb8cc7df932629aa95e77ecbbf0cf89d0c9,7eb455130bf984a8fcdb908e3cf4afcfe777dd54303cbefcfd031147206fbd8e,未知,b3a1fc5ec72ad95e258b584f936ad46befab951e0ee9e43eaa18179e34974387,无法判定,FILE_STAT_OBSERVED_IDENTITY_UNPROVEN,本批次只读；若声明、输入、Schema或授权漂移，既有结论自动失效并须追加新批次,未读取业务正文、价格、成交、订单簿、账户或凭据；身份字段不完整,为该成员提供当前版本九字段声明及逐字段Schema、授权和唯一证据定位后追加不可变批次,2d50c1344a835ceeb832796935182aeff80bb03cecc5465c8cf3aaccbd446acd,a23c4d44f41c2fc245b02db92b59200f4b443888bdb532b601a5934f5c808064,1d4f311742f01f53997ad4f44991a3f0b93ffd260a74aa5906c5d0b8ac051652
source-identity-declaration-20260808T051806+0800-dd1e3d74dca4,ZI-71dc83b38b1a5a4983d0c730,DS-000036,候选数据文件,BTC,4小时;8小时;24小时;48小时,15分钟;1小时,未知,未知,未知,未知,未知,未知,未知,未知,未知,未登记,无,config/数据/来源身份声明补采.json#身份声明[],b99035eb31437b822b0d8ed9b728e2fbb4b5cd8b8861010049ee43d74fc08647,831dbef09d5e1df0dc41e48ab9504365e6e18a12807ca94e1c805c8181299249,c4f22a85750bb0304abb271618e0b591819a12749f5f1fc70594e81094ee0c66,未知,b3a1fc5ec72ad95e258b584f936ad46befab951e0ee9e43eaa18179e34974387,无法判定,FILE_STAT_OBSERVED_IDENTITY_UNPROVEN,本批次只读；若声明、输入、Schema或授权漂移，既有结论自动失效并须追加新批次,未读取业务正文、价格、成交、订单簿、账户或凭据；身份字段不完整,为该成员提供当前版本九字段声明及逐字段Schema、授权和唯一证据定位后追加不可变批次,2d50c1344a835ceeb832796935182aeff80bb03cecc5465c8cf3aaccbd446acd,a23c4d44f41c2fc245b02db92b59200f4b443888bdb532b601a5934f5c808064,b4e9ec73149b2db891dfee19195d230d9ac244d925216986cf366a70ef5a0f63
source-identity-declaration-20260808T051806+0800-dd1e3d74dca4,ZI-6f99492a5fbd85c183f61d8e,DS-000037,候选数据文件,BTC,4小时;8小时;24小时;48小时,15分钟;1小时,未知,未知,未知,未知,未知,未知,未知,未知,未知,未登记,无,config/数据/来源身份声明补采.json#身份声明[],b99035eb31437b822b0d8ed9b728e2fbb4b5cd8b8861010049ee43d74fc08647,c6a61887a923c5a8e4ba052c9fa91d7c255b03f4bcc5c28d53deafc5f40d8e2b,17626b9fd43c49af70347bca70733764ac11853c03bc46cf4079a555eebd20a4,未知,b3a1fc5ec72ad95e258b584f936ad46befab951e0ee9e43eaa18179e34974387,无法判定,FILE_STAT_OBSERVED_IDENTITY_UNPROVEN,本批次只读；若声明、输入、Schema或授权漂移，既有结论自动失效并须追加新批次,未读取业务正文、价格、成交、订单簿、账户或凭据；身份字段不完整,为该成员提供当前版本九字段声明及逐字段Schema、授权和唯一证据定位后追加不可变批次,2d50c1344a835ceeb832796935182aeff80bb03cecc5465c8cf3aaccbd446acd,a23c4d44f41c2fc245b02db92b59200f4b443888bdb532b601a5934f5c808064,513df050fb3821e8116dd643d81ffddc204aef5c4cb754c2d8b74e1e0861eac5
source-identity-declaration-20260808T051806+0800-dd1e3d74dca4,ZI-9d505f466a534d4c682806e4,DS-000038,候选数据文件,BTC,4小时;8小时;24小时;48小时,15分钟;1小时,未知,未知,未知,未知,未知,未知,未知,未知,未知,未登记,无,config/数据/来源身份声明补采.json#身份声明[],b99035eb31437b822b0d8ed9b728e2fbb4b5cd8b8861010049ee43d74fc08647,fa4631a27e1710a2adac5e18f14fba4d3ac7985b62a900a8a32921c0f616b5e6,559ad5a118a39b34f6f5214d20e9e851eddf34b0a4078ecef8416070fc140c2d,未知,b3a1fc5ec72ad95e258b584f936ad46befab951e0ee9e43eaa18179e34974387,无法判定,FILE_STAT_OBSERVED_IDENTITY_UNPROVEN,本批次只读；若声明、输入、Schema或授权漂移，既有结论自动失效并须追加新批次,未读取业务正文、价格、成交、订单簿、账户或凭据；身份字段不完整,为该成员提供当前版本九字段声明及逐字段Schema、授权和唯一证据定位后追加不可变批次,2d50c1344a835ceeb832796935182aeff80bb03cecc5465c8cf3aaccbd446acd,a23c4d44f41c2fc245b02db92b59200f4b443888bdb532b601a5934f5c808064,96bcefa72482291a65eae9b547fd38a60580985f5d1b4827d94062d62cf46ef4
source-identity-declaration-20260808T051806+0800-dd1e3d74dca4,ZI-5202b33cd76d35c9b4da14bf,DS-000039,候选数据文件,BTC,4小时;8小时;24小时;48小时,15分钟;1小时,未知,未知,未知,未知,未知,未知,未知,未知,未知,未登记,无,config/数据/来源身份声明补采.json#身份声明[],b99035eb31437b822b0d8ed9b728e2fbb4b5cd8b8861010049ee43d74fc08647,87a8b34d0a521a1b81b170b9eadc51933b3582c7ff859894e05f962bbaa7b31a,e8acbd649d723c9047cb103361a9631b834d7e8ad72442860661999aeb32eddc,未知,b3a1fc5ec72ad95e258b584f936ad46befab951e0ee9e43eaa18179e34974387,无法判定,FILE_STAT_OBSERVED_IDENTITY_UNPROVEN,本批次只读；若声明、输入、Schema或授权漂移，既有结论自动失效并须追加新批次,未读取业务正文、价格、成交、订单簿、账户或凭据；身份字段不完整,为该成员提供当前版本九字段声明及逐字段Schema、授权和唯一证据定位后追加不可变批次,2d50c1344a835ceeb832796935182aeff80bb03cecc5465c8cf3aaccbd446acd,a23c4d44f41c2fc245b02db92b59200f4b443888bdb532b601a5934f5c808064,4c368a012f7a0107d0037cd2921e66498780086b1d794f4bd0df95693a7646ae
source-identity-declaration-20260808T051806+0800-dd1e3d74dca4,ZI-eb360ff1fbdbe74db1aaedae,DS-000040,候选数据文件,BTC,4小时;8小时;24小时;48小时,15分钟;1小时,未知,未知,未知,未知,未知,未知,未知,未知,未知,未登记,无,config/数据/来源身份声明补采.json#身份声明[],b99035eb31437b822b0d8ed9b728e2fbb4b5cd8b8861010049ee43d74fc08647,4790bac68af16a75efca855b27de95148a8f7d869a8eb4d8366de3015c759626,d4f4f0be34c615ad02899b56af3613910cdb752ce3004315c045c92c382d4567,未知,b3a1fc5ec72ad95e258b584f936ad46befab951e0ee9e43eaa18179e34974387,无法判定,FILE_STAT_OBSERVED_IDENTITY_UNPROVEN,本批次只读；若声明、输入、Schema或授权漂移，既有结论自动失效并须追加新批次,未读取业务正文、价格、成交、订单簿、账户或凭据；身份字段不完整,为该成员提供当前版本九字段声明及逐字段Schema、授权和唯一证据定位后追加不可变批次,2d50c1344a835ceeb832796935182aeff80bb03cecc5465c8cf3aaccbd446acd,a23c4d44f41c2fc245b02db92b59200f4b443888bdb532b601a5934f5c808064,f045b6d6cef79ee71c30ef37e453d67c0e692cf1fcaac749476839dfa18cc6a9
source-identity-declaration-20260808T051806+0800-dd1e3d74dca4,ZI-59cd4def5a80d4b7162c7401,DS-000041,候选数据文件,BTC,4小时;8小时;24小时;48小时,15分钟;1小时,未知,未知,未知,未知,未知,未知,未知,未知,未知,未登记,无,config/数据/来源身份声明补采.json#身份声明[],b99035eb31437b822b0d8ed9b728e2fbb4b5cd8b8861010049ee43d74fc08647,286620d7066b28b8ed933077901ecb9ff8a5c8e40df6514ff7c3ba5ecac9abe8,6466d27c4cacb1b44340701a0f9953f1044a436672e0ab6b229502c56183e6df,未知,b3a1fc5ec72ad95e258b584f936ad46befab951e0ee9e43eaa18179e34974387,无法判定,FILE_STAT_OBSERVED_IDENTITY_UNPROVEN,本批次只读；若声明、输入、Schema或授权漂移，既有结论自动失效并须追加新批次,未读取业务正文、价格、成交、订单簿、账户或凭据；身份字段不完整,为该成员提供当前版本九字段声明及逐字段Schema、授权和唯一证据定位后追加不可变批次,2d50c1344a835ceeb832796935182aeff80bb03cecc5465c8cf3aaccbd446acd,a23c4d44f41c2fc245b02db92b59200f4b443888bdb532b601a5934f5c808064,39ede64d187edf057bd646919e104a7515a84ebaa7fccb15d1aab16288c17812
source-identity-declaration-20260808T051806+0800-dd1e3d74dca4,ZI-28b27eba60391c882e91fe7c,DS-000042,候选数据文件,BTC,4小时;8小时;24小时;48小时,15分钟;1小时,未知,未知,未知,未知,未知,未知,未知,未知,未知,未登记,无,config/数据/来源身份声明补采.json#身份声明[],b99035eb31437b822b0d8ed9b728e2fbb4b5cd8b8861010049ee43d74fc08647,9481f1a90753f8379ea69a4aa88f1289d5bb48cf515812dd34aca6a32ed0708f,5a5b0d58f6e34a58ddc18dd810ece30e36250221a82d0f308d3fd5aa1c139400,未知,b3a1fc5ec72ad95e258b584f936ad46befab951e0ee9e43eaa18179e34974387,拒绝,INPUT_MEMBER_REJECTED,本批次只读；若声明、输入、Schema或授权漂移，既有结论自动失效并须追加新批次,未读取业务正文、价格、成交、订单簿、账户或凭据；身份字段不完整,为该成员提供当前版本九字段声明及逐字段Schema、授权和唯一证据定位后追加不可变批次,2d50c1344a835ceeb832796935182aeff80bb03cecc5465c8cf3aaccbd446acd,a23c4d44f41c2fc245b02db92b59200f4b443888bdb532b601a5934f5c808064,8ab8a0bf52dec25fb93bae349a26dc71f55a4a85cb49b95ffa2cd603b48a217b
source-identity-declaration-20260808T051806+0800-dd1e3d74dca4,ZI-1cf476188f922d17399cba47,DS-000043,候选数据文件,BTC,4小时;8小时;24小时;48小时,15分钟;1小时,未知,未知,未知,未知,未知,未知,未知,未知,未知,未登记,无,config/数据/来源身份声明补采.json#身份声明[],b99035eb31437b822b0d8ed9b728e2fbb4b5cd8b8861010049ee43d74fc08647,ab6e9c5b122b709541147d45af09142fa48c4c8a57e5fd6e14d93cbfe55942f2,f1af5c27aab013187cc6332f83885a31036557bb1cd4001d5390487a5f39e216,未知,b3a1fc5ec72ad95e258b584f936ad46befab951e0ee9e43eaa18179e34974387,无法判定,FILE_STAT_OBSERVED_IDENTITY_UNPROVEN,本批次只读；若声明、输入、Schema或授权漂移，既有结论自动失效并须追加新批次,未读取业务正文、价格、成交、订单簿、账户或凭据；身份字段不完整,为该成员提供当前版本九字段声明及逐字段Schema、授权和唯一证据定位后追加不可变批次,2d50c1344a835ceeb832796935182aeff80bb03cecc5465c8cf3aaccbd446acd,a23c4d44f41c2fc245b02db92b59200f4b443888bdb532b601a5934f5c808064,0db58cc0e5a4931c284db8eb7b6be3b6e6e602fbbfd9a39065dbdafecc7d6147
source-identity-declaration-20260808T051806+0800-dd1e3d74dca4,ZI-3f0f96416ab0e94e0fb49698,DS-000044,候选数据文件,BTC,4小时;8小时;24小时;48小时,15分钟;1小时,未知,未知,未知,未知,未知,未知,未知,未知,未知,未登记,无,config/数据/来源身份声明补采.json#身份声明[],b99035eb31437b822b0d8ed9b728e2fbb4b5cd8b8861010049ee43d74fc08647,4b351da245a5729653e1e8695950bb4ec677aa15b29af4adcaea6d6c4773688a,5990fc9f777f3a08f3a03f46f067ee00ec5826ede9a27082c1a57ba0ccd0e345,未知,b3a1fc5ec72ad95e258b584f936ad46befab951e0ee9e43eaa18179e34974387,无法判定,FILE_STAT_OBSERVED_IDENTITY_UNPROVEN,本批次只读；若声明、输入、Schema或授权漂移，既有结论自动失效并须追加新批次,未读取业务正文、价格、成交、订单簿、账户或凭据；身份字段不完整,为该成员提供当前版本九字段声明及逐字段Schema、授权和唯一证据定位后追加不可变批次,2d50c1344a835ceeb832796935182aeff80bb03cecc5465c8cf3aaccbd446acd,a23c4d44f41c2fc245b02db92b59200f4b443888bdb532b601a5934f5c808064,dda3351b44477ff16fb6508ce68baa9a97b5e07e18aa5565074fd0ad30275f70
source-identity-declaration-20260808T051806+0800-dd1e3d74dca4,ZI-e95abca6578fd05efc1e15f3,DS-000045,候选数据文件,BTC,4小时;8小时;24小时;48小时,15分钟;1小时,未知,未知,未知,未知,未知,未知,未知,未知,未知,未登记,无,config/数据/来源身份声明补采.json#身份声明[],b99035eb31437b822b0d8ed9b728e2fbb4b5cd8b8861010049ee43d74fc08647,7969b3cc256f4b649caaa29cb58c697653c15965c89907fd86f2e98016eff342,4a672bbf789d8418ab929419c221e3ea11a5d4886b4df96d1cc466617293a28c,未知,b3a1fc5ec72ad95e258b584f936ad46befab951e0ee9e43eaa18179e34974387,无法判定,FILE_STAT_OBSERVED_IDENTITY_UNPROVEN,本批次只读；若声明、输入、Schema或授权漂移，既有结论自动失效并须追加新批次,未读取业务正文、价格、成交、订单簿、账户或凭据；身份字段不完整,为该成员提供当前版本九字段声明及逐字段Schema、授权和唯一证据定位后追加不可变批次,2d50c1344a835ceeb832796935182aeff80bb03cecc5465c8cf3aaccbd446acd,a23c4d44f41c2fc245b02db92b59200f4b443888bdb532b601a5934f5c808064,e21c8d5360f75713040d9c02d0c01307d45d1118adacc750233fdf0d6ffcf25c
source-identity-declaration-20260808T051806+0800-dd1e3d74dca4,ZI-3379bd8636483e94be99ec24,DS-000046,候选数据文件,BTC,4小时;8小时;24小时;48小时,15分钟;1小时,未知,未知,未知,未知,未知,未知,未知,未知,未知,未登记,无,config/数据/来源身份声明补采.json#身份声明[],b99035eb31437b822b0d8ed9b728e2fbb4b5cd8b8861010049ee43d74fc08647,d2c16595af2ff812b9699afbac5821cee73e4c3f6842fa3a5a109853626e6c4d,4d70a250b389eb733f5144e8845ac7cf47b4af915a0ae8ca11265a6e2d4d066f,未知,b3a1fc5ec72ad95e258b584f936ad46befab951e0ee9e43eaa18179e34974387,无法判定,FILE_STAT_OBSERVED_IDENTITY_UNPROVEN,本批次只读；若声明、输入、Schema或授权漂移，既有结论自动失效并须追加新批次,未读取业务正文、价格、成交、订单簿、账户或凭据；身份字段不完整,为该成员提供当前版本九字段声明及逐字段Schema、授权和唯一证据定位后追加不可变批次,2d50c1344a835ceeb832796935182aeff80bb03cecc5465c8cf3aaccbd446acd,a23c4d44f41c2fc245b02db92b59200f4b443888bdb532b601a5934f5c808064,35968a1a53208c417b2cbe40bb31c6e3fc941467605e83472a19ea13bbb2ed67
source-identity-declaration-20260808T051806+0800-dd1e3d74dca4,ZI-e9c04e44e219308250fcfba3,DS-000047,候选数据文件,BTC,4小时;8小时;24小时;48小时,15分钟;1小时,未知,未知,未知,未知,未知,未知,未知,未知,未知,未登记,无,config/数据/来源身份声明补采.json#身份声明[],b99035eb31437b822b0d8ed9b728e2fbb4b5cd8b8861010049ee43d74fc08647,bef8b79e0bee8d3d15ff6d609fb35f08d45972b26fe4f024fbeee00416ef25a9,46b1a39ec8b38aa5a4c52cda15baa63de901bc1a6ec17e421876bd8aa4e7b6c9,未知,b3a1fc5ec72ad95e258b584f936ad46befab951e0ee9e43eaa18179e34974387,无法判定,FILE_STAT_OBSERVED_IDENTITY_UNPROVEN,本批次只读；若声明、输入、Schema或授权漂移，既有结论自动失效并须追加新批次,未读取业务正文、价格、成交、订单簿、账户或凭据；身份字段不完整,为该成员提供当前版本九字段声明及逐字段Schema、授权和唯一证据定位后追加不可变批次,2d50c1344a835ceeb832796935182aeff80bb03cecc5465c8cf3aaccbd446acd,a23c4d44f41c2fc245b02db92b59200f4b443888bdb532b601a5934f5c808064,071a209da8f4381d03e187cd7c96df6154d13feaf7b3a17b5c2e7108ae161a04
source-identity-declaration-20260808T051806+0800-dd1e3d74dca4,ZI-99675e73612aefac9625cff4,DS-000048,候选数据文件,BTC,4小时;8小时;24小时;48小时,15分钟;1小时,未知,未知,未知,未知,未知,未知,未知,未知,未知,未登记,无,config/数据/来源身份声明补采.json#身份声明[],b99035eb31437b822b0d8ed9b728e2fbb4b5cd8b8861010049ee43d74fc08647,27c0d7523fd027e4594aaaebc9fd2b4c9853db367233c9469ddddb6909841121,b130c943a71f5e8f7eeda223021569da1e0b67b02216504de601bda39a375860,未知,b3a1fc5ec72ad95e258b584f936ad46befab951e0ee9e43eaa18179e34974387,无法判定,FILE_STAT_OBSERVED_IDENTITY_UNPROVEN,本批次只读；若声明、输入、Schema或授权漂移，既有结论自动失效并须追加新批次,未读取业务正文、价格、成交、订单簿、账户或凭据；身份字段不完整,为该成员提供当前版本九字段声明及逐字段Schema、授权和唯一证据定位后追加不可变批次,2d50c1344a835ceeb832796935182aeff80bb03cecc5465c8cf3aaccbd446acd,a23c4d44f41c2fc245b02db92b59200f4b443888bdb532b601a5934f5c808064,716a82016f170dca5f98924dde4d34e449411620677016e7d4b015c24739d2ec
source-identity-declaration-20260808T051806+0800-dd1e3d74dca4,ZI-feaa0f97c21b956a87e42395,DS-000049,候选数据文件,BTC,4小时;8小时;24小时;48小时,15分钟;1小时,未知,未知,未知,未知,未知,未知,未知,未知,未知,未登记,无,config/数据/来源身份声明补采.json#身份声明[],b99035eb31437b822b0d8ed9b728e2fbb4b5cd8b8861010049ee43d74fc08647,4fe0f84c8d96411a88be702c038c1a07e59990872b4f40ea4c994bc83ed839a3,cbec9eccd0ff91df26387ee379b364634312b6b2bc4a236cda20de94fceda7c7,未知,b3a1fc5ec72ad95e258b584f936ad46befab951e0ee9e43eaa18179e34974387,无法判定,FILE_STAT_OBSERVED_IDENTITY_UNPROVEN,本批次只读；若声明、输入、Schema或授权漂移，既有结论自动失效并须追加新批次,未读取业务正文、价格、成交、订单簿、账户或凭据；身份字段不完整,为该成员提供当前版本九字段声明及逐字段Schema、授权和唯一证据定位后追加不可变批次,2d50c1344a835ceeb832796935182aeff80bb03cecc5465c8cf3aaccbd446acd,a23c4d44f41c2fc245b02db92b59200f4b443888bdb532b601a5934f5c808064,b2acbb53dc9ba1e5ce19373ce243dc85554de3d6acb9d0471468cc6581cbd49e
source-identity-declaration-20260808T051806+0800-dd1e3d74dca4,ZI-833060375f085d1b0f2b75c7,DS-000050,候选数据文件,BTC,4小时;8小时;24小时;48小时,15分钟;1小时,未知,未知,未知,未知,未知,未知,未知,未知,未知,未登记,无,config/数据/来源身份声明补采.json#身份声明[],b99035eb31437b822b0d8ed9b728e2fbb4b5cd8b8861010049ee43d74fc08647,dbba04adf9e0ed6082031b7d3b413eec7ec31a70b2e28e729c73ec97d3a920c4,e15aa3f757d94453fbbb03dbdafb0ada84fa6a63d3e852250fccf88237d587b9,未知,b3a1fc5ec72ad95e258b584f936ad46befab951e0ee9e43eaa18179e34974387,无法判定,FILE_STAT_OBSERVED_IDENTITY_UNPROVEN,本批次只读；若声明、输入、Schema或授权漂移，既有结论自动失效并须追加新批次,未读取业务正文、价格、成交、订单簿、账户或凭据；身份字段不完整,为该成员提供当前版本九字段声明及逐字段Schema、授权和唯一证据定位后追加不可变批次,2d50c1344a835ceeb832796935182aeff80bb03cecc5465c8cf3aaccbd446acd,a23c4d44f41c2fc245b02db92b59200f4b443888bdb532b601a5934f5c808064,a9de873dfbc6764a1a32627ef708297fc177092b899fc1012b423bf3c54fefb2
source-identity-declaration-20260808T051806+0800-dd1e3d74dca4,ZI-97f8dcaf6e0dc9d1a0e4bbdb,DS-000051,候选数据文件,BTC,4小时;8小时;24小时;48小时,15分钟;1小时,未知,未知,未知,未知,未知,未知,未知,未知,未知,未登记,无,config/数据/来源身份声明补采.json#身份声明[],b99035eb31437b822b0d8ed9b728e2fbb4b5cd8b8861010049ee43d74fc08647,a7632909fefcd410f99ea46b0ca9e8c6c0a75f845b8499b8f0e2a6438275e2d2,47720c6b67b3bfe9b9aa4e696ff944726ae1eb7706b3766b52f7b8463eb618e4,未知,b3a1fc5ec72ad95e258b584f936ad46befab951e0ee9e43eaa18179e34974387,无法判定,FILE_STAT_OBSERVED_IDENTITY_UNPROVEN,本批次只读；若声明、输入、Schema或授权漂移，既有结论自动失效并须追加新批次,未读取业务正文、价格、成交、订单簿、账户或凭据；身份字段不完整,为该成员提供当前版本九字段声明及逐字段Schema、授权和唯一证据定位后追加不可变批次,2d50c1344a835ceeb832796935182aeff80bb03cecc5465c8cf3aaccbd446acd,a23c4d44f41c2fc245b02db92b59200f4b443888bdb532b601a5934f5c808064,2cf1055304cb0852946e11bd60d1abc15efc773405e91ac24cc4a47048d527c2
source-identity-declaration-20260808T051806+0800-dd1e3d74dca4,ZI-f0e8c66b07d04a1be38b27dd,DS-000052,候选数据文件,BTC,4小时;8小时;24小时;48小时,15分钟;1小时,未知,未知,未知,未知,未知,未知,未知,未知,未知,未登记,无,config/数据/来源身份声明补采.json#身份声明[],b99035eb31437b822b0d8ed9b728e2fbb4b5cd8b8861010049ee43d74fc08647,04143c6927d1275ecc2e6a7ad519ea36c53154683aee2d5e619e273dfbd2c3a5,cd7c6b01d898b9462f4f3346ebb39e1b25ec39b8f5628981628c8786641cd225,未知,b3a1fc5ec72ad95e258b584f936ad46befab951e0ee9e43eaa18179e34974387,无法判定,FILE_STAT_OBSERVED_IDENTITY_UNPROVEN,本批次只读；若声明、输入、Schema或授权漂移，既有结论自动失效并须追加新批次,未读取业务正文、价格、成交、订单簿、账户或凭据；身份字段不完整,为该成员提供当前版本九字段声明及逐字段Schema、授权和唯一证据定位后追加不可变批次,2d50c1344a835ceeb832796935182aeff80bb03cecc5465c8cf3aaccbd446acd,a23c4d44f41c2fc245b02db92b59200f4b443888bdb532b601a5934f5c808064,94c42fbaf1bf80fe061f772df99d4a91b3fd44c5b18c91c011091f36dc562e87
source-identity-declaration-20260808T051806+0800-dd1e3d74dca4,ZI-3b5d3d5f111d5d79a85d29b4,DS-000053,候选数据文件,BTC,4小时;8小时;24小时;48小时,15分钟;1小时,未知,未知,未知,未知,未知,未知,未知,未知,未知,未登记,无,config/数据/来源身份声明补采.json#身份声明[],b99035eb31437b822b0d8ed9b728e2fbb4b5cd8b8861010049ee43d74fc08647,727c4cd15bbd1028cdcf0542f546b79bdf0b6cf5848a5c9875880c0c1d118d34,9b62144dbc2b5b3f18e34c440a441032ef7e0d4e059dbd6d62c5d13f9a0927b9,未知,b3a1fc5ec72ad95e258b584f936ad46befab951e0ee9e43eaa18179e34974387,无法判定,FILE_STAT_OBSERVED_IDENTITY_UNPROVEN,本批次只读；若声明、输入、Schema或授权漂移，既有结论自动失效并须追加新批次,未读取业务正文、价格、成交、订单簿、账户或凭据；身份字段不完整,为该成员提供当前版本九字段声明及逐字段Schema、授权和唯一证据定位后追加不可变批次,2d50c1344a835ceeb832796935182aeff80bb03cecc5465c8cf3aaccbd446acd,a23c4d44f41c2fc245b02db92b59200f4b443888bdb532b601a5934f5c808064,091def491378a597782aa1050bcf9e13c1296c5780429bf612f14024eb4e6d8a
source-identity-declaration-20260808T051806+0800-dd1e3d74dca4,ZI-87c2a233404d1351a0c1614a,DS-000054,候选数据文件,BTC,4小时;8小时;24小时;48小时,15分钟;1小时,未知,未知,未知,未知,未知,未知,未知,未知,未知,未登记,无,config/数据/来源身份声明补采.json#身份声明[],b99035eb31437b822b0d8ed9b728e2fbb4b5cd8b8861010049ee43d74fc08647,4eca34b92987b0f4628fe992c99d93e94d8dda2644da3ff72acf419a06dd10dc,bf4db291e24ce003a29e8b49a1bf8ee1ae69eab1811226ac1b31e92813a61408,未知,b3a1fc5ec72ad95e258b584f936ad46befab951e0ee9e43eaa18179e34974387,无法判定,FILE_STAT_OBSERVED_IDENTITY_UNPROVEN,本批次只读；若声明、输入、Schema或授权漂移，既有结论自动失效并须追加新批次,未读取业务正文、价格、成交、订单簿、账户或凭据；身份字段不完整,为该成员提供当前版本九字段声明及逐字段Schema、授权和唯一证据定位后追加不可变批次,2d50c1344a835ceeb832796935182aeff80bb03cecc5465c8cf3aaccbd446acd,a23c4d44f41c2fc245b02db92b59200f4b443888bdb532b601a5934f5c808064,d6d5e738af94676a5817716f635c8b3788db1f140e0624031872eb1bc8c1cea5
source-identity-declaration-20260808T051806+0800-dd1e3d74dca4,ZI-a0e8958994c3e7cc60444105,DS-000055,候选数据文件,BTC,4小时;8小时;24小时;48小时,15分钟;1小时,未知,未知,未知,未知,未知,未知,未知,未知,未知,未登记,无,config/数据/来源身份声明补采.json#身份声明[],b99035eb31437b822b0d8ed9b728e2fbb4b5cd8b8861010049ee43d74fc08647,d7a56bb2b3f2d1353ae1bdb490dd50f66b9a721e38cbd5d20c71732b5afae1f2,df27138421e3a2345115444ed48245433486494c8dd1a65fbc0e56d46527c892,未知,b3a1fc5ec72ad95e258b584f936ad46befab951e0ee9e43eaa18179e34974387,无法判定,FILE_STAT_OBSERVED_IDENTITY_UNPROVEN,本批次只读；若声明、输入、Schema或授权漂移，既有结论自动失效并须追加新批次,未读取业务正文、价格、成交、订单簿、账户或凭据；身份字段不完整,为该成员提供当前版本九字段声明及逐字段Schema、授权和唯一证据定位后追加不可变批次,2d50c1344a835ceeb832796935182aeff80bb03cecc5465c8cf3aaccbd446acd,a23c4d44f41c2fc245b02db92b59200f4b443888bdb532b601a5934f5c808064,32d67486e86533effa744ea66a72554bbfe0fc7c866b34bf7347806c102701d2
source-identity-declaration-20260808T051806+0800-dd1e3d74dca4,ZI-54e62d810981feeba9196e8d,DS-000056,候选数据文件,BTC,4小时;8小时;24小时;48小时,15分钟;1小时,未知,未知,未知,未知,未知,未知,未知,未知,未知,未登记,无,config/数据/来源身份声明补采.json#身份声明[],b99035eb31437b822b0d8ed9b728e2fbb4b5cd8b8861010049ee43d74fc08647,664065d8bcbfde6ce83948e226f424c3f8c73c2aa7a808c48ca3483bbcfdd2d2,9f6e9e7cd3d9267eb45db30dff92330cb57c087ee00809fe19c775f72c394d14,未知,b3a1fc5ec72ad95e258b584f936ad46befab951e0ee9e43eaa18179e34974387,无法判定,FILE_STAT_OBSERVED_IDENTITY_UNPROVEN,本批次只读；若声明、输入、Schema或授权漂移，既有结论自动失效并须追加新批次,未读取业务正文、价格、成交、订单簿、账户或凭据；身份字段不完整,为该成员提供当前版本九字段声明及逐字段Schema、授权和唯一证据定位后追加不可变批次,2d50c1344a835ceeb832796935182aeff80bb03cecc5465c8cf3aaccbd446acd,a23c4d44f41c2fc245b02db92b59200f4b443888bdb532b601a5934f5c808064,0fe3cb8d24bbb796718303dd6b6094bdeeaddbd2d540572dce337b54ba725a5d
source-identity-declaration-20260808T051806+0800-dd1e3d74dca4,ZI-1ffb29f3c048f7f9c99afb68,DS-000057,候选数据文件,BTC,4小时;8小时;24小时;48小时,15分钟;1小时,未知,未知,未知,未知,未知,未知,未知,未知,未知,未登记,无,config/数据/来源身份声明补采.json#身份声明[],b99035eb31437b822b0d8ed9b728e2fbb4b5cd8b8861010049ee43d74fc08647,ae21fda5c0653f332e55a07d8845e164909d455385ec75880755b67592ab6e08,f1c65e289e7ab884b423d6b5ae24ba9ed0fdfe199fecae78e66d80c06d5673a1,未知,b3a1fc5ec72ad95e258b584f936ad46befab951e0ee9e43eaa18179e34974387,无法判定,FILE_STAT_OBSERVED_IDENTITY_UNPROVEN,本批次只读；若声明、输入、Schema或授权漂移，既有结论自动失效并须追加新批次,未读取业务正文、价格、成交、订单簿、账户或凭据；身份字段不完整,为该成员提供当前版本九字段声明及逐字段Schema、授权和唯一证据定位后追加不可变批次,2d50c1344a835ceeb832796935182aeff80bb03cecc5465c8cf3aaccbd446acd,a23c4d44f41c2fc245b02db92b59200f4b443888bdb532b601a5934f5c808064,94613fe3c01a7a7e29fc3432a74d3beebadd35583c4db1d37e4f9ad4738b5017
source-identity-declaration-20260808T051806+0800-dd1e3d74dca4,ZI-6a4189c6cb894961a396d1b1,DS-000058,候选数据文件,BTC,4小时;8小时;24小时;48小时,15分钟;1小时,未知,未知,未知,未知,未知,未知,未知,未知,未知,未登记,无,config/数据/来源身份声明补采.json#身份声明[],b99035eb31437b822b0d8ed9b728e2fbb4b5cd8b8861010049ee43d74fc08647,c660829578896811167b8d845c14d303efa2e3f8b50e904d73e411784995991a,f882f850239191016d3502bd7499952230046fff74428985aabf221d9ff6c12e,未知,b3a1fc5ec72ad95e258b584f936ad46befab951e0ee9e43eaa18179e34974387,无法判定,FILE_STAT_OBSERVED_IDENTITY_UNPROVEN,本批次只读；若声明、输入、Schema或授权漂移，既有结论自动失效并须追加新批次,未读取业务正文、价格、成交、订单簿、账户或凭据；身份字段不完整,为该成员提供当前版本九字段声明及逐字段Schema、授权和唯一证据定位后追加不可变批次,2d50c1344a835ceeb832796935182aeff80bb03cecc5465c8cf3aaccbd446acd,a23c4d44f41c2fc245b02db92b59200f4b443888bdb532b601a5934f5c808064,807948307912f55c436fed8a5d1d6042d120c91fe11c761e300dfdba3e54b942
source-identity-declaration-20260808T051806+0800-dd1e3d74dca4,ZI-00eda622e78ef39a01015ba9,DS-000059,候选数据文件,BTC,4小时;8小时;24小时;48小时,15分钟;1小时,未知,未知,未知,未知,未知,未知,未知,未知,未知,未登记,无,config/数据/来源身份声明补采.json#身份声明[],b99035eb31437b822b0d8ed9b728e2fbb4b5cd8b8861010049ee43d74fc08647,6ab67b288358b14fec04f0192375baa6f051a76cf8cbe96f4f6da90007923591,651365605a3eeecc7b84153ab291e031b5e5a0da9eeed4d927f115422ae1bcf5,未知,b3a1fc5ec72ad95e258b584f936ad46befab951e0ee9e43eaa18179e34974387,无法判定,FILE_STAT_OBSERVED_IDENTITY_UNPROVEN,本批次只读；若声明、输入、Schema或授权漂移，既有结论自动失效并须追加新批次,未读取业务正文、价格、成交、订单簿、账户或凭据；身份字段不完整,为该成员提供当前版本九字段声明及逐字段Schema、授权和唯一证据定位后追加不可变批次,2d50c1344a835ceeb832796935182aeff80bb03cecc5465c8cf3aaccbd446acd,a23c4d44f41c2fc245b02db92b59200f4b443888bdb532b601a5934f5c808064,7863e0e257ada8814ec848df13119b42ca6cac09bd7ccc7abccf9db71a21acb0
source-identity-declaration-20260808T051806+0800-dd1e3d74dca4,ZI-53b60db8e4a05b06d7a4c2fc,DS-000060,候选数据文件,BTC,4小时;8小时;24小时;48小时,15分钟;1小时,未知,未知,未知,未知,未知,未知,未知,未知,未知,未登记,无,config/数据/来源身份声明补采.json#身份声明[],b99035eb31437b822b0d8ed9b728e2fbb4b5cd8b8861010049ee43d74fc08647,adf7fdba5eb0d647d00287e9447a608eb8c49dc7152886e47ac7594111d44ddd,12c351038dc469e958fe4100d546c89d5d63a0eb2f8e198c1775b1975c890a4a,未知,b3a1fc5ec72ad95e258b584f936ad46befab951e0ee9e43eaa18179e34974387,无法判定,FILE_STAT_OBSERVED_IDENTITY_UNPROVEN,本批次只读；若声明、输入、Schema或授权漂移，既有结论自动失效并须追加新批次,未读取业务正文、价格、成交、订单簿、账户或凭据；身份字段不完整,为该成员提供当前版本九字段声明及逐字段Schema、授权和唯一证据定位后追加不可变批次,2d50c1344a835ceeb832796935182aeff80bb03cecc5465c8cf3aaccbd446acd,a23c4d44f41c2fc245b02db92b59200f4b443888bdb532b601a5934f5c808064,7443e00c978a1e781b4e45cb8c015056b60c91303812c69f01c2f12fc3e8488a
source-identity-declaration-20260808T051806+0800-dd1e3d74dca4,ZI-3bf1600f7a490d1c0e92c629,DS-000061,候选数据文件,BTC,4小时;8小时;24小时;48小时,15分钟;1小时,未知,未知,未知,未知,未知,未知,未知,未知,未知,未登记,无,config/数据/来源身份声明补采.json#身份声明[],b99035eb31437b822b0d8ed9b728e2fbb4b5cd8b8861010049ee43d74fc08647,3a5d875afbc06a8c4e2c1bfabdef47e60bab08f23564741f433dc66b18ada1f9,8a9ab8deaabae43a111b9a2b5357e0ea3cb35d73eafade080a2863a7233c89ea,未知,b3a1fc5ec72ad95e258b584f936ad46befab951e0ee9e43eaa18179e34974387,无法判定,FILE_STAT_OBSERVED_IDENTITY_UNPROVEN,本批次只读；若声明、输入、Schema或授权漂移，既有结论自动失效并须追加新批次,未读取业务正文、价格、成交、订单簿、账户或凭据；身份字段不完整,为该成员提供当前版本九字段声明及逐字段Schema、授权和唯一证据定位后追加不可变批次,2d50c1344a835ceeb832796935182aeff80bb03cecc5465c8cf3aaccbd446acd,a23c4d44f41c2fc245b02db92b59200f4b443888bdb532b601a5934f5c808064,519a69ce60f23cd9f4faa9e2edc6c1ffb3956f650d5c49b9835e9fdfe85e2120
source-identity-declaration-20260808T051806+0800-dd1e3d74dca4,ZI-5997c1cab5104ea92a74dd2e,DS-000062,候选数据文件,BTC,4小时;8小时;24小时;48小时,15分钟;1小时,未知,未知,未知,未知,未知,未知,未知,未知,未知,未登记,无,config/数据/来源身份声明补采.json#身份声明[],b99035eb31437b822b0d8ed9b728e2fbb4b5cd8b8861010049ee43d74fc08647,5710a895d201ba1fbc94beb00d9e2422377065f1fd515e16b50be19199c8a5ec,4aaea957203bce27943d23d9579770bc8aa08256bce1cc1826a27b2c2036a581,未知,b3a1fc5ec72ad95e258b584f936ad46befab951e0ee9e43eaa18179e34974387,无法判定,FILE_STAT_OBSERVED_IDENTITY_UNPROVEN,本批次只读；若声明、输入、Schema或授权漂移，既有结论自动失效并须追加新批次,未读取业务正文、价格、成交、订单簿、账户或凭据；身份字段不完整,为该成员提供当前版本九字段声明及逐字段Schema、授权和唯一证据定位后追加不可变批次,2d50c1344a835ceeb832796935182aeff80bb03cecc5465c8cf3aaccbd446acd,a23c4d44f41c2fc245b02db92b59200f4b443888bdb532b601a5934f5c808064,9457496bae19ee90f5b22cf3407dc438a4cd55a96442abd68b791dbd3c924b59
source-identity-declaration-20260808T051806+0800-dd1e3d74dca4,ZI-04475b7c457ff1d625fa1904,DS-000063,候选数据文件,BTC,4小时;8小时;24小时;48小时,15分钟;1小时,未知,未知,未知,未知,未知,未知,未知,未知,未知,未登记,无,config/数据/来源身份声明补采.json#身份声明[],b99035eb31437b822b0d8ed9b728e2fbb4b5cd8b8861010049ee43d74fc08647,26a4dec78e9ebed059e05fe413141f5a5cc7f1dfcb2dd638b319e4006f4ae6b7,5c1cf040b1f2cad7e44808ba948ec78a0f4f306cac1d8458eba84fa3d88e9b6b,未知,b3a1fc5ec72ad95e258b584f936ad46befab951e0ee9e43eaa18179e34974387,无法判定,FILE_STAT_OBSERVED_IDENTITY_UNPROVEN,本批次只读；若声明、输入、Schema或授权漂移，既有结论自动失效并须追加新批次,未读取业务正文、价格、成交、订单簿、账户或凭据；身份字段不完整,为该成员提供当前版本九字段声明及逐字段Schema、授权和唯一证据定位后追加不可变批次,2d50c1344a835ceeb832796935182aeff80bb03cecc5465c8cf3aaccbd446acd,a23c4d44f41c2fc245b02db92b59200f4b443888bdb532b601a5934f5c808064,13eb518a2388833b50222092f9ac2da2bc669761e4a552b087ecde5a752dce65
source-identity-declaration-20260808T051806+0800-dd1e3d74dca4,ZI-13ef7d5e793b0e8f61f9f6b4,DS-000064,候选数据文件,BTC,4小时;8小时;24小时;48小时,15分钟;1小时,未知,未知,未知,未知,未知,未知,未知,未知,未知,未登记,无,config/数据/来源身份声明补采.json#身份声明[],b99035eb31437b822b0d8ed9b728e2fbb4b5cd8b8861010049ee43d74fc08647,f1f6b00f8921b2167b1f004ba0cb0abd4ef1f7fa7f4123aa449bed5a319e5b47,975b0d7f3e49e42e2ecb879a4d0560bc4e1d7306bfcdd58dae2ea078299254b7,未知,b3a1fc5ec72ad95e258b584f936ad46befab951e0ee9e43eaa18179e34974387,无法判定,FILE_STAT_OBSERVED_IDENTITY_UNPROVEN,本批次只读；若声明、输入、Schema或授权漂移，既有结论自动失效并须追加新批次,未读取业务正文、价格、成交、订单簿、账户或凭据；身份字段不完整,为该成员提供当前版本九字段声明及逐字段Schema、授权和唯一证据定位后追加不可变批次,2d50c1344a835ceeb832796935182aeff80bb03cecc5465c8cf3aaccbd446acd,a23c4d44f41c2fc245b02db92b59200f4b443888bdb532b601a5934f5c808064,70af3e6aa0794a51152b7d10fdeff2801886f374dedcb712ddd619de7174e278
source-identity-declaration-20260808T051806+0800-dd1e3d74dca4,ZI-0c25fa7b259d916e8b019c93,DS-000065,候选数据文件,BTC,4小时;8小时;24小时;48小时,15分钟;1小时,未知,未知,未知,未知,未知,未知,未知,未知,未知,未登记,无,config/数据/来源身份声明补采.json#身份声明[],b99035eb31437b822b0d8ed9b728e2fbb4b5cd8b8861010049ee43d74fc08647,eab3d84b522308f2ae60c693e4d4eaa4a5821cd91eba8b0d32793da5476732a3,5ced6eac771c906b451a359360e493fc08647e63e8371e0d892fef33c893c5b2,未知,b3a1fc5ec72ad95e258b584f936ad46befab951e0ee9e43eaa18179e34974387,无法判定,FILE_STAT_OBSERVED_IDENTITY_UNPROVEN,本批次只读；若声明、输入、Schema或授权漂移，既有结论自动失效并须追加新批次,未读取业务正文、价格、成交、订单簿、账户或凭据；身份字段不完整,为该成员提供当前版本九字段声明及逐字段Schema、授权和唯一证据定位后追加不可变批次,2d50c1344a835ceeb832796935182aeff80bb03cecc5465c8cf3aaccbd446acd,a23c4d44f41c2fc245b02db92b59200f4b443888bdb532b601a5934f5c808064,47ae62ba26b47f98c809834798ccc2852ae6f615592fd519152082fb8440076b
source-identity-declaration-20260808T051806+0800-dd1e3d74dca4,ZI-b71f8ba08a9ed0ebaf0eb354,DS-000066,候选数据文件,BTC,4小时;8小时;24小时;48小时,15分钟;1小时,未知,未知,未知,未知,未知,未知,未知,未知,未知,未登记,无,config/数据/来源身份声明补采.json#身份声明[],b99035eb31437b822b0d8ed9b728e2fbb4b5cd8b8861010049ee43d74fc08647,b4c1118b099f8af0e0124bcd8ab32c7080e4c77c9db562d06a2ddfb0aaef470f,49627c89939cf1eb48174bba004dd948506e0e9dd8acadbaefa3f59ae850ff66,未知,b3a1fc5ec72ad95e258b584f936ad46befab951e0ee9e43eaa18179e34974387,无法判定,FILE_STAT_OBSERVED_IDENTITY_UNPROVEN,本批次只读；若声明、输入、Schema或授权漂移，既有结论自动失效并须追加新批次,未读取业务正文、价格、成交、订单簿、账户或凭据；身份字段不完整,为该成员提供当前版本九字段声明及逐字段Schema、授权和唯一证据定位后追加不可变批次,2d50c1344a835ceeb832796935182aeff80bb03cecc5465c8cf3aaccbd446acd,a23c4d44f41c2fc245b02db92b59200f4b443888bdb532b601a5934f5c808064,11a40961079f34660266cccb670f097fad6a9e753de923b9a3391bd0042647f9
source-identity-declaration-20260808T051806+0800-dd1e3d74dca4,ZI-a299ddfd734c4ab74af0b3e2,DS-000067,候选数据文件,BTC,4小时;8小时;24小时;48小时,15分钟;1小时,未知,未知,未知,未知,未知,未知,未知,未知,未知,未登记,无,config/数据/来源身份声明补采.json#身份声明[],b99035eb31437b822b0d8ed9b728e2fbb4b5cd8b8861010049ee43d74fc08647,0aacf650e5c210dc3a2f861d8ec121819cbf065be98ebffdaefac4f009fe321b,23b9038a85ed14a2a54b16059f5894baa282799241d5f16565a7ac1f5285bc89,未知,b3a1fc5ec72ad95e258b584f936ad46befab951e0ee9e43eaa18179e34974387,无法判定,FILE_STAT_OBSERVED_IDENTITY_UNPROVEN,本批次只读；若声明、输入、Schema或授权漂移，既有结论自动失效并须追加新批次,未读取业务正文、价格、成交、订单簿、账户或凭据；身份字段不完整,为该成员提供当前版本九字段声明及逐字段Schema、授权和唯一证据定位后追加不可变批次,2d50c1344a835ceeb832796935182aeff80bb03cecc5465c8cf3aaccbd446acd,a23c4d44f41c2fc245b02db92b59200f4b443888bdb532b601a5934f5c808064,151dc4a25576362c537ca24cac7b40b2131fbe4bf394114b2de80e84502562f6
source-identity-declaration-20260808T051806+0800-dd1e3d74dca4,ZI-542e5737b0c583e4ba78c4d8,DS-000068,候选数据文件,BTC,4小时;8小时;24小时;48小时,15分钟;1小时,未知,未知,未知,未知,未知,未知,未知,未知,未知,未登记,无,config/数据/来源身份声明补采.json#身份声明[],b99035eb31437b822b0d8ed9b728e2fbb4b5cd8b8861010049ee43d74fc08647,db30c154a1919ffb0c2c0e6029d2f69014247f83417003c9f872c26cf0a21977,77f7447a7e0aa38f0d517728fdaabe180eef0cb7550aaa9ffa57596bca31fdab,未知,b3a1fc5ec72ad95e258b584f936ad46befab951e0ee9e43eaa18179e34974387,无法判定,FILE_STAT_OBSERVED_IDENTITY_UNPROVEN,本批次只读；若声明、输入、Schema或授权漂移，既有结论自动失效并须追加新批次,未读取业务正文、价格、成交、订单簿、账户或凭据；身份字段不完整,为该成员提供当前版本九字段声明及逐字段Schema、授权和唯一证据定位后追加不可变批次,2d50c1344a835ceeb832796935182aeff80bb03cecc5465c8cf3aaccbd446acd,a23c4d44f41c2fc245b02db92b59200f4b443888bdb532b601a5934f5c808064,4f9792fcae89f9753be7d1ac2361c19ee9d1466f79ba323cae857db5efed6013
source-identity-declaration-20260808T051806+0800-dd1e3d74dca4,ZI-48f77e4e45c16d6e82eafb9d,DS-000069,候选数据文件,BTC,4小时;8小时;24小时;48小时,15分钟;1小时,未知,未知,未知,未知,未知,未知,未知,未知,未知,未登记,无,config/数据/来源身份声明补采.json#身份声明[],b99035eb31437b822b0d8ed9b728e2fbb4b5cd8b8861010049ee43d74fc08647,94ab5dc58dcd90b5be0cd9c24412f3966fe4b99eb33d8a5f3620a6854ac8143e,b045ee151128a0e814864af57377feb4ccfe9e9357117747cf18850b84ba6244,未知,b3a1fc5ec72ad95e258b584f936ad46befab951e0ee9e43eaa18179e34974387,无法判定,FILE_STAT_OBSERVED_IDENTITY_UNPROVEN,本批次只读；若声明、输入、Schema或授权漂移，既有结论自动失效并须追加新批次,未读取业务正文、价格、成交、订单簿、账户或凭据；身份字段不完整,为该成员提供当前版本九字段声明及逐字段Schema、授权和唯一证据定位后追加不可变批次,2d50c1344a835ceeb832796935182aeff80bb03cecc5465c8cf3aaccbd446acd,a23c4d44f41c2fc245b02db92b59200f4b443888bdb532b601a5934f5c808064,82ab8a616a48723c2f733413a8395a9e4509351052741b38255241c90308377f
source-identity-declaration-20260808T051806+0800-dd1e3d74dca4,ZI-3c25a7ab173319e547e57556,DS-000070,候选数据文件,BTC,4小时;8小时;24小时;48小时,15分钟;1小时,未知,未知,未知,未知,未知,未知,未知,未知,未知,未登记,无,config/数据/来源身份声明补采.json#身份声明[],b99035eb31437b822b0d8ed9b728e2fbb4b5cd8b8861010049ee43d74fc08647,b04d9cf5f0550dd3b100f17db6b09f4e9755f27bc2dfb80444837b7bdeece9f7,4fb4e8aa84094c1c0360c4ec1ea4dec37d83ca8f1617872a4b121e925efebd50,未知,b3a1fc5ec72ad95e258b584f936ad46befab951e0ee9e43eaa18179e34974387,无法判定,FILE_STAT_OBSERVED_IDENTITY_UNPROVEN,本批次只读；若声明、输入、Schema或授权漂移，既有结论自动失效并须追加新批次,未读取业务正文、价格、成交、订单簿、账户或凭据；身份字段不完整,为该成员提供当前版本九字段声明及逐字段Schema、授权和唯一证据定位后追加不可变批次,2d50c1344a835ceeb832796935182aeff80bb03cecc5465c8cf3aaccbd446acd,a23c4d44f41c2fc245b02db92b59200f4b443888bdb532b601a5934f5c808064,b15411e3e6f1b6e86fd7d8dd10b692d2e9349abd8089fe48142a440bc0f75ea9
source-identity-declaration-20260808T051806+0800-dd1e3d74dca4,ZI-c5110b7d8549897e8abdd7e5,DS-000071,候选数据文件,BTC,4小时;8小时;24小时;48小时,15分钟;1小时,未知,未知,未知,未知,未知,未知,未知,未知,未知,未登记,无,config/数据/来源身份声明补采.json#身份声明[],b99035eb31437b822b0d8ed9b728e2fbb4b5cd8b8861010049ee43d74fc08647,0862e2f5ee203957cf6bdf9e0cccea6c1bd224b6343746e2c26cb9d1aefecc2a,1f91c6c4858ae0a9f46ad48d03d5521794abed19ca22b082afb898f8baa5ba6a,未知,b3a1fc5ec72ad95e258b584f936ad46befab951e0ee9e43eaa18179e34974387,无法判定,FILE_STAT_OBSERVED_IDENTITY_UNPROVEN,本批次只读；若声明、输入、Schema或授权漂移，既有结论自动失效并须追加新批次,未读取业务正文、价格、成交、订单簿、账户或凭据；身份字段不完整,为该成员提供当前版本九字段声明及逐字段Schema、授权和唯一证据定位后追加不可变批次,2d50c1344a835ceeb832796935182aeff80bb03cecc5465c8cf3aaccbd446acd,a23c4d44f41c2fc245b02db92b59200f4b443888bdb532b601a5934f5c808064,9e66a56f2eec5898f958adcb129bb45cc52d5d31e1a135f45ba79c0df7c58894
source-identity-declaration-20260808T051806+0800-dd1e3d74dca4,ZI-6f2bfe54fc6b3bc0ee2bd29a,DS-000072,候选数据文件,BTC,4小时;8小时;24小时;48小时,15分钟;1小时,未知,未知,未知,未知,未知,未知,未知,未知,未知,未登记,无,config/数据/来源身份声明补采.json#身份声明[],b99035eb31437b822b0d8ed9b728e2fbb4b5cd8b8861010049ee43d74fc08647,15027222020681861caf23abd321393fbb4237b3f83100c4b4534386b40b95c7,e89f0dbf2a77cb25cfdf1e62bb610f580026a50d99098816120bc4fd61a82e7c,未知,b3a1fc5ec72ad95e258b584f936ad46befab951e0ee9e43eaa18179e34974387,无法判定,FILE_STAT_OBSERVED_IDENTITY_UNPROVEN,本批次只读；若声明、输入、Schema或授权漂移，既有结论自动失效并须追加新批次,未读取业务正文、价格、成交、订单簿、账户或凭据；身份字段不完整,为该成员提供当前版本九字段声明及逐字段Schema、授权和唯一证据定位后追加不可变批次,2d50c1344a835ceeb832796935182aeff80bb03cecc5465c8cf3aaccbd446acd,a23c4d44f41c2fc245b02db92b59200f4b443888bdb532b601a5934f5c808064,23303306e7483d88ee39dba6effee5e068c62766ea2eea7991e3961d74f18333
source-identity-declaration-20260808T051806+0800-dd1e3d74dca4,ZI-b82975cefd7452a08a009414,DS-000073,候选数据文件,BTC,4小时;8小时;24小时;48小时,15分钟;1小时,未知,未知,未知,未知,未知,未知,未知,未知,未知,未登记,无,config/数据/来源身份声明补采.json#身份声明[],b99035eb31437b822b0d8ed9b728e2fbb4b5cd8b8861010049ee43d74fc08647,2deca25c4bce98ed07321e7eac5d762f307f7f056c5ce4b08ebd7b4b8f4c7364,d995bf7886e7749af0ae9972de012ed7b4d3be3d3c4d15039da26dc2abbacc64,未知,b3a1fc5ec72ad95e258b584f936ad46befab951e0ee9e43eaa18179e34974387,无法判定,FILE_STAT_OBSERVED_IDENTITY_UNPROVEN,本批次只读；若声明、输入、Schema或授权漂移，既有结论自动失效并须追加新批次,未读取业务正文、价格、成交、订单簿、账户或凭据；身份字段不完整,为该成员提供当前版本九字段声明及逐字段Schema、授权和唯一证据定位后追加不可变批次,2d50c1344a835ceeb832796935182aeff80bb03cecc5465c8cf3aaccbd446acd,a23c4d44f41c2fc245b02db92b59200f4b443888bdb532b601a5934f5c808064,30255e9fe360dbda96f402c03b6e7b6d9215940bf8b88f799bdb41075bc76aaf
source-identity-declaration-20260808T051806+0800-dd1e3d74dca4,ZI-58f7d32e980dbb401fc80a90,DS-000074,候选数据文件,BTC,4小时;8小时;24小时;48小时,15分钟;1小时,未知,未知,未知,未知,未知,未知,未知,未知,未知,未登记,无,config/数据/来源身份声明补采.json#身份声明[],b99035eb31437b822b0d8ed9b728e2fbb4b5cd8b8861010049ee43d74fc08647,ac5b354c4a5253401a4abe672fd70623e5d2f3a6022e2de9dfe19e3d64c073bb,f80740ee978711f811d73f02f9b88ed3f22242e7bd5feead25976c28f905907a,未知,b3a1fc5ec72ad95e258b584f936ad46befab951e0ee9e43eaa18179e34974387,无法判定,FILE_STAT_OBSERVED_IDENTITY_UNPROVEN,本批次只读；若声明、输入、Schema或授权漂移，既有结论自动失效并须追加新批次,未读取业务正文、价格、成交、订单簿、账户或凭据；身份字段不完整,为该成员提供当前版本九字段声明及逐字段Schema、授权和唯一证据定位后追加不可变批次,2d50c1344a835ceeb832796935182aeff80bb03cecc5465c8cf3aaccbd446acd,a23c4d44f41c2fc245b02db92b59200f4b443888bdb532b601a5934f5c808064,67171b50303aa1c53e986b4b7d359c25512b6ba1b3efb654abcdab83cdbb3955
source-identity-declaration-20260808T051806+0800-dd1e3d74dca4,ZI-702ab124ec1d6104a18682cc,DS-000075,候选数据文件,BTC,4小时;8小时;24小时;48小时,15分钟;1小时,未知,未知,未知,未知,未知,未知,未知,未知,未知,未登记,无,config/数据/来源身份声明补采.json#身份声明[],b99035eb31437b822b0d8ed9b728e2fbb4b5cd8b8861010049ee43d74fc08647,e5adabe624a278724b6ce1f97aeb2e7478b7ef0b117219951e3dd57b9a70dab7,1aa23fb2b5b219ee2ddaa27d5cc1038b4ef3a1ec97d8e7314871c30944d2da2a,未知,b3a1fc5ec72ad95e258b584f936ad46befab951e0ee9e43eaa18179e34974387,无法判定,FILE_STAT_OBSERVED_IDENTITY_UNPROVEN,本批次只读；若声明、输入、Schema或授权漂移，既有结论自动失效并须追加新批次,未读取业务正文、价格、成交、订单簿、账户或凭据；身份字段不完整,为该成员提供当前版本九字段声明及逐字段Schema、授权和唯一证据定位后追加不可变批次,2d50c1344a835ceeb832796935182aeff80bb03cecc5465c8cf3aaccbd446acd,a23c4d44f41c2fc245b02db92b59200f4b443888bdb532b601a5934f5c808064,7300e7e293cb732d80c1ac1db05b5e1e37b139b7be42109557dcfb1958b92c02
source-identity-declaration-20260808T051806+0800-dd1e3d74dca4,ZI-eb4f39de309ba813696327df,DS-000076,候选数据文件,BTC,4小时;8小时;24小时;48小时,15分钟;1小时,未知,未知,未知,未知,未知,未知,未知,未知,未知,未登记,无,config/数据/来源身份声明补采.json#身份声明[],b99035eb31437b822b0d8ed9b728e2fbb4b5cd8b8861010049ee43d74fc08647,e8f121115255b3f336495618342f8a1f0e4377727cdcd8fbf7e7f6007899d3c1,111cb89424ead72cf3aa0cd5a8dc8301bd6f361a01bb006c2c971e67a0756aa3,未知,b3a1fc5ec72ad95e258b584f936ad46befab951e0ee9e43eaa18179e34974387,无法判定,FILE_STAT_OBSERVED_IDENTITY_UNPROVEN,本批次只读；若声明、输入、Schema或授权漂移，既有结论自动失效并须追加新批次,未读取业务正文、价格、成交、订单簿、账户或凭据；身份字段不完整,为该成员提供当前版本九字段声明及逐字段Schema、授权和唯一证据定位后追加不可变批次,2d50c1344a835ceeb832796935182aeff80bb03cecc5465c8cf3aaccbd446acd,a23c4d44f41c2fc245b02db92b59200f4b443888bdb532b601a5934f5c808064,8363b6bfac76ad3fb5ea970019cd22f373b22d92c58f89b835960add87454bb4
source-identity-declaration-20260808T051806+0800-dd1e3d74dca4,ZI-a2a17d00e18d8270c3da40b2,DS-000077,候选数据文件,BTC,4小时;8小时;24小时;48小时,15分钟;1小时,未知,未知,未知,未知,未知,未知,未知,未知,未知,未登记,无,config/数据/来源身份声明补采.json#身份声明[],b99035eb31437b822b0d8ed9b728e2fbb4b5cd8b8861010049ee43d74fc08647,b93cbc4a97f28e776414cc96ef1c9b6d33baf46dedf6542fc40b5f24ebb90aab,baa29331850ab27315c0a93930f539cb5502f423fedd98cb2e86e267f2b045a6,未知,b3a1fc5ec72ad95e258b584f936ad46befab951e0ee9e43eaa18179e34974387,无法判定,FILE_STAT_OBSERVED_IDENTITY_UNPROVEN,本批次只读；若声明、输入、Schema或授权漂移，既有结论自动失效并须追加新批次,未读取业务正文、价格、成交、订单簿、账户或凭据；身份字段不完整,为该成员提供当前版本九字段声明及逐字段Schema、授权和唯一证据定位后追加不可变批次,2d50c1344a835ceeb832796935182aeff80bb03cecc5465c8cf3aaccbd446acd,a23c4d44f41c2fc245b02db92b59200f4b443888bdb532b601a5934f5c808064,159906f1c757a52b7514cbadbb3685ddcef68ff09fb5cef01c154a1328135b29
source-identity-declaration-20260808T051806+0800-dd1e3d74dca4,ZI-348f6f63e47eaafea3ee9552,DS-000078,候选数据文件,BTC,4小时;8小时;24小时;48小时,15分钟;1小时,未知,未知,未知,未知,未知,未知,未知,未知,未知,未登记,无,config/数据/来源身份声明补采.json#身份声明[],b99035eb31437b822b0d8ed9b728e2fbb4b5cd8b8861010049ee43d74fc08647,9ff25aec656063d50358c451f21569aac06eaec60abb7eb1209d023004fcd058,e212d846a0d4288bbedde644fcd626ba447695af79074e263214faace9780adf,未知,b3a1fc5ec72ad95e258b584f936ad46befab951e0ee9e43eaa18179e34974387,无法判定,FILE_STAT_OBSERVED_IDENTITY_UNPROVEN,本批次只读；若声明、输入、Schema或授权漂移，既有结论自动失效并须追加新批次,未读取业务正文、价格、成交、订单簿、账户或凭据；身份字段不完整,为该成员提供当前版本九字段声明及逐字段Schema、授权和唯一证据定位后追加不可变批次,2d50c1344a835ceeb832796935182aeff80bb03cecc5465c8cf3aaccbd446acd,a23c4d44f41c2fc245b02db92b59200f4b443888bdb532b601a5934f5c808064,d1c00b922655faa34308a9be6f05e5924ec48df8d69d371dd5c181c918c919ce
source-identity-declaration-20260808T051806+0800-dd1e3d74dca4,ZI-502eb39d03727e04069cd747,DS-000079,候选数据文件,BTC,4小时;8小时;24小时;48小时,15分钟;1小时,未知,未知,未知,未知,未知,未知,未知,未知,未知,未登记,无,config/数据/来源身份声明补采.json#身份声明[],b99035eb31437b822b0d8ed9b728e2fbb4b5cd8b8861010049ee43d74fc08647,2b9634a627f69599a77aa29fa4a7056feb846f6a024ecdb8f55a1c04aa95fea2,91f169f714c690456138cdf589d5e8a7b5456f6053d1cdc94e2b724fdbfa42b1,未知,b3a1fc5ec72ad95e258b584f936ad46befab951e0ee9e43eaa18179e34974387,无法判定,FILE_STAT_OBSERVED_IDENTITY_UNPROVEN,本批次只读；若声明、输入、Schema或授权漂移，既有结论自动失效并须追加新批次,未读取业务正文、价格、成交、订单簿、账户或凭据；身份字段不完整,为该成员提供当前版本九字段声明及逐字段Schema、授权和唯一证据定位后追加不可变批次,2d50c1344a835ceeb832796935182aeff80bb03cecc5465c8cf3aaccbd446acd,a23c4d44f41c2fc245b02db92b59200f4b443888bdb532b601a5934f5c808064,b44139da0655e5b13991758d97547d37c62f537ba1b10075a4394dd7e227748f
source-identity-declaration-20260808T051806+0800-dd1e3d74dca4,ZI-b8df3b3e536accc3b80b8066,DS-000080,候选数据文件,BTC,4小时;8小时;24小时;48小时,15分钟;1小时,未知,未知,未知,未知,未知,未知,未知,未知,未知,未登记,无,config/数据/来源身份声明补采.json#身份声明[],b99035eb31437b822b0d8ed9b728e2fbb4b5cd8b8861010049ee43d74fc08647,3af20a52811a89980b8cf09252253e548c5f6c7fe76c96012651febe29bb1e22,29a9822b3c83726c46e27f624ea982eb5b39d1b28b9c7f58154f864cdaa29623,未知,b3a1fc5ec72ad95e258b584f936ad46befab951e0ee9e43eaa18179e34974387,无法判定,FILE_STAT_OBSERVED_IDENTITY_UNPROVEN,本批次只读；若声明、输入、Schema或授权漂移，既有结论自动失效并须追加新批次,未读取业务正文、价格、成交、订单簿、账户或凭据；身份字段不完整,为该成员提供当前版本九字段声明及逐字段Schema、授权和唯一证据定位后追加不可变批次,2d50c1344a835ceeb832796935182aeff80bb03cecc5465c8cf3aaccbd446acd,a23c4d44f41c2fc245b02db92b59200f4b443888bdb532b601a5934f5c808064,c951b04b1a6195587348298a3693efd9dbd6b9d8acfaf30b802b789af907ee67
source-identity-declaration-20260808T051806+0800-dd1e3d74dca4,ZI-988e7988699ea375ef999f36,DS-000081,候选数据文件,BTC,4小时;8小时;24小时;48小时,15分钟;1小时,未知,未知,未知,未知,未知,未知,未知,未知,未知,未登记,无,config/数据/来源身份声明补采.json#身份声明[],b99035eb31437b822b0d8ed9b728e2fbb4b5cd8b8861010049ee43d74fc08647,b20c3eb4b0ee8495a9cdc66b7a345404f395cee265413ff67af9890cc47ff5f5,d1db93d691c78fd916ed92552469c918d03cee922044d79f33cf6a69eb698258,未知,b3a1fc5ec72ad95e258b584f936ad46befab951e0ee9e43eaa18179e34974387,无法判定,FILE_STAT_OBSERVED_IDENTITY_UNPROVEN,本批次只读；若声明、输入、Schema或授权漂移，既有结论自动失效并须追加新批次,未读取业务正文、价格、成交、订单簿、账户或凭据；身份字段不完整,为该成员提供当前版本九字段声明及逐字段Schema、授权和唯一证据定位后追加不可变批次,2d50c1344a835ceeb832796935182aeff80bb03cecc5465c8cf3aaccbd446acd,a23c4d44f41c2fc245b02db92b59200f4b443888bdb532b601a5934f5c808064,07d13b28df293cdd935b3ac1a6a018e8ebb29843ac2cfe6c3834ede2d7a03aec
source-identity-declaration-20260808T051806+0800-dd1e3d74dca4,ZI-e157f9d0fcdfc3a8e2bc8c70,DS-000082,候选数据文件,BTC,4小时;8小时;24小时;48小时,15分钟;1小时,未知,未知,未知,未知,未知,未知,未知,未知,未知,未登记,无,config/数据/来源身份声明补采.json#身份声明[],b99035eb31437b822b0d8ed9b728e2fbb4b5cd8b8861010049ee43d74fc08647,a3c34f7777e1788e6f6a999275acf640777e31dfb5589bc25492af521c3e994a,fede02311f74fb634858a416f0f4dd18126f465e01fbc1100acbf10d1200a663,未知,b3a1fc5ec72ad95e258b584f936ad46befab951e0ee9e43eaa18179e34974387,无法判定,FILE_STAT_OBSERVED_IDENTITY_UNPROVEN,本批次只读；若声明、输入、Schema或授权漂移，既有结论自动失效并须追加新批次,未读取业务正文、价格、成交、订单簿、账户或凭据；身份字段不完整,为该成员提供当前版本九字段声明及逐字段Schema、授权和唯一证据定位后追加不可变批次,2d50c1344a835ceeb832796935182aeff80bb03cecc5465c8cf3aaccbd446acd,a23c4d44f41c2fc245b02db92b59200f4b443888bdb532b601a5934f5c808064,186cada6310ce5b4d3ab167394e84b75d1b094e7e5fe321e23204daa0e0e1562
source-identity-declaration-20260808T051806+0800-dd1e3d74dca4,ZI-606826edf27ebb1d7ce3c168,DS-000083,候选数据文件,BTC,4小时;8小时;24小时;48小时,15分钟;1小时,未知,未知,未知,未知,未知,未知,未知,未知,未知,未登记,无,config/数据/来源身份声明补采.json#身份声明[],b99035eb31437b822b0d8ed9b728e2fbb4b5cd8b8861010049ee43d74fc08647,2451e8638c8430d0a501abd81a4c6d6bf80512a1dab2010897c17132c0c7480e,7b4a4a43ce8d31d83beac8dd9485d3c99d65763572b420fe5c40d7aff5a2ddc0,未知,b3a1fc5ec72ad95e258b584f936ad46befab951e0ee9e43eaa18179e34974387,无法判定,FILE_STAT_OBSERVED_IDENTITY_UNPROVEN,本批次只读；若声明、输入、Schema或授权漂移，既有结论自动失效并须追加新批次,未读取业务正文、价格、成交、订单簿、账户或凭据；身份字段不完整,为该成员提供当前版本九字段声明及逐字段Schema、授权和唯一证据定位后追加不可变批次,2d50c1344a835ceeb832796935182aeff80bb03cecc5465c8cf3aaccbd446acd,a23c4d44f41c2fc245b02db92b59200f4b443888bdb532b601a5934f5c808064,b87239a680a0c97c6427047af4663827bfdc17918a8d4869d5c7304d4190321f
source-identity-declaration-20260808T051806+0800-dd1e3d74dca4,ZI-2cf1c33ec5d03375f4ea30ab,DS-000084,候选数据文件,BTC,4小时;8小时;24小时;48小时,15分钟;1小时,未知,未知,未知,未知,未知,未知,未知,未知,未知,未登记,无,config/数据/来源身份声明补采.json#身份声明[],b99035eb31437b822b0d8ed9b728e2fbb4b5cd8b8861010049ee43d74fc08647,445c3db6bd19d4f5548639c800454f126f0076372a493802613cf5800bcfd8e3,605a5eb860a53c866c176f9377d1e2fbb5052a77234ea73731df9aa2573861af,未知,b3a1fc5ec72ad95e258b584f936ad46befab951e0ee9e43eaa18179e34974387,无法判定,FILE_STAT_OBSERVED_IDENTITY_UNPROVEN,本批次只读；若声明、输入、Schema或授权漂移，既有结论自动失效并须追加新批次,未读取业务正文、价格、成交、订单簿、账户或凭据；身份字段不完整,为该成员提供当前版本九字段声明及逐字段Schema、授权和唯一证据定位后追加不可变批次,2d50c1344a835ceeb832796935182aeff80bb03cecc5465c8cf3aaccbd446acd,a23c4d44f41c2fc245b02db92b59200f4b443888bdb532b601a5934f5c808064,3a8bd55d9ac0c679e46870be66617f4325c9e42ebfc9597cd4b7709e5938076c
source-identity-declaration-20260808T051806+0800-dd1e3d74dca4,ZI-6660a9981b4c038dfec654e0,DS-000085,候选数据文件,BTC,4小时;8小时;24小时;48小时,15分钟;1小时,未知,未知,未知,未知,未知,未知,未知,未知,未知,未登记,无,config/数据/来源身份声明补采.json#身份声明[],b99035eb31437b822b0d8ed9b728e2fbb4b5cd8b8861010049ee43d74fc08647,0c7eaabb88f378576b9d9ce30a667c481c9cbc99a6f7eb7d7d491544477e4ffe,0fedf9c7d3d0b989a7b875084ed71e07cdebe1bb2dcb6342a19dfc9a576d79f6,未知,b3a1fc5ec72ad95e258b584f936ad46befab951e0ee9e43eaa18179e34974387,无法判定,FILE_STAT_OBSERVED_IDENTITY_UNPROVEN,本批次只读；若声明、输入、Schema或授权漂移，既有结论自动失效并须追加新批次,未读取业务正文、价格、成交、订单簿、账户或凭据；身份字段不完整,为该成员提供当前版本九字段声明及逐字段Schema、授权和唯一证据定位后追加不可变批次,2d50c1344a835ceeb832796935182aeff80bb03cecc5465c8cf3aaccbd446acd,a23c4d44f41c2fc245b02db92b59200f4b443888bdb532b601a5934f5c808064,2d6b6c04cb81fc537de35f92e0f13d4a89177e1b52c943000725353535767870
source-identity-declaration-20260808T051806+0800-dd1e3d74dca4,ZI-540f8f5763c8c25b47283449,DS-000086,候选数据文件,BTC,4小时;8小时;24小时;48小时,15分钟;1小时,未知,未知,未知,未知,未知,未知,未知,未知,未知,未登记,无,config/数据/来源身份声明补采.json#身份声明[],b99035eb31437b822b0d8ed9b728e2fbb4b5cd8b8861010049ee43d74fc08647,0eb4a4f4f4e4a1068ec372fdf0f11c08153f6b1bc3cd56a5c0c94960d1e62b09,01f93941e985130de91b35ffe8c58ad67717e498a3ce1aa05fc6c302bd2e295d,未知,b3a1fc5ec72ad95e258b584f936ad46befab951e0ee9e43eaa18179e34974387,无法判定,FILE_STAT_OBSERVED_IDENTITY_UNPROVEN,本批次只读；若声明、输入、Schema或授权漂移，既有结论自动失效并须追加新批次,未读取业务正文、价格、成交、订单簿、账户或凭据；身份字段不完整,为该成员提供当前版本九字段声明及逐字段Schema、授权和唯一证据定位后追加不可变批次,2d50c1344a835ceeb832796935182aeff80bb03cecc5465c8cf3aaccbd446acd,a23c4d44f41c2fc245b02db92b59200f4b443888bdb532b601a5934f5c808064,cbee13c4b5b9203593d872ce4fe08ca6319e10adbb80f623064b46c808628867
source-identity-declaration-20260808T051806+0800-dd1e3d74dca4,ZI-563d8a435062e95a3eb06fe9,DS-000087,候选数据文件,BTC,4小时;8小时;24小时;48小时,15分钟;1小时,未知,未知,未知,未知,未知,未知,未知,未知,未知,未登记,无,config/数据/来源身份声明补采.json#身份声明[],b99035eb31437b822b0d8ed9b728e2fbb4b5cd8b8861010049ee43d74fc08647,cb5a9125a33ceff9a40988e72821717f085ad2c21526cf39088cb344195f21c1,251b795b56d9aa547185015d4a5a0dcec33763011e38c6999b85d5ac3c45834f,未知,b3a1fc5ec72ad95e258b584f936ad46befab951e0ee9e43eaa18179e34974387,无法判定,FILE_STAT_OBSERVED_IDENTITY_UNPROVEN,本批次只读；若声明、输入、Schema或授权漂移，既有结论自动失效并须追加新批次,未读取业务正文、价格、成交、订单簿、账户或凭据；身份字段不完整,为该成员提供当前版本九字段声明及逐字段Schema、授权和唯一证据定位后追加不可变批次,2d50c1344a835ceeb832796935182aeff80bb03cecc5465c8cf3aaccbd446acd,a23c4d44f41c2fc245b02db92b59200f4b443888bdb532b601a5934f5c808064,3ac80c8cd7f9c08a7356f8c50c38b4c3c9b7cb40b0934e89f34817080fa61249
source-identity-declaration-20260808T051806+0800-dd1e3d74dca4,ZI-1644f2c09acf5ac64c1c5a84,DS-000088,候选数据文件,BTC,4小时;8小时;24小时;48小时,15分钟;1小时,未知,未知,未知,未知,未知,未知,未知,未知,未知,未登记,无,config/数据/来源身份声明补采.json#身份声明[],b99035eb31437b822b0d8ed9b728e2fbb4b5cd8b8861010049ee43d74fc08647,bdf4657f0758c3c4568e041dea286a8841995e2061be6660ddc80d52cb73fd57,86b4f6c6711e419eb64b65468f33c7b013594aec40ccf4bd6b11fe08ad060d5b,未知,b3a1fc5ec72ad95e258b584f936ad46befab951e0ee9e43eaa18179e34974387,无法判定,FILE_STAT_OBSERVED_IDENTITY_UNPROVEN,本批次只读；若声明、输入、Schema或授权漂移，既有结论自动失效并须追加新批次,未读取业务正文、价格、成交、订单簿、账户或凭据；身份字段不完整,为该成员提供当前版本九字段声明及逐字段Schema、授权和唯一证据定位后追加不可变批次,2d50c1344a835ceeb832796935182aeff80bb03cecc5465c8cf3aaccbd446acd,a23c4d44f41c2fc245b02db92b59200f4b443888bdb532b601a5934f5c808064,1b96501e2646961001c057b34484ba9b7a94e47c35e629717bdc811223213460
source-identity-declaration-20260808T051806+0800-dd1e3d74dca4,ZI-a06218992d1a90d5362b2b06,DS-000089,候选数据文件,BTC,4小时;8小时;24小时;48小时,15分钟;1小时,未知,未知,未知,未知,未知,未知,未知,未知,未知,未登记,无,config/数据/来源身份声明补采.json#身份声明[],b99035eb31437b822b0d8ed9b728e2fbb4b5cd8b8861010049ee43d74fc08647,c17e9de0d77f02429c2bf544f7e87a0be9fbf10f1ca0309af848cab64647df44,4ed8b8cc81cb8fb63ca76d450cbc525819c194a1da99c22db6bc82feab0ae550,未知,b3a1fc5ec72ad95e258b584f936ad46befab951e0ee9e43eaa18179e34974387,无法判定,FILE_STAT_OBSERVED_IDENTITY_UNPROVEN,本批次只读；若声明、输入、Schema或授权漂移，既有结论自动失效并须追加新批次,未读取业务正文、价格、成交、订单簿、账户或凭据；身份字段不完整,为该成员提供当前版本九字段声明及逐字段Schema、授权和唯一证据定位后追加不可变批次,2d50c1344a835ceeb832796935182aeff80bb03cecc5465c8cf3aaccbd446acd,a23c4d44f41c2fc245b02db92b59200f4b443888bdb532b601a5934f5c808064,d7428c533d3d737ff71ae360a5d146a0f5ce29a8321478b4f5a4be7a4e8b1416
source-identity-declaration-20260808T051806+0800-dd1e3d74dca4,ZI-9db5ea58aed603182d0b7ac5,DS-000090,候选数据文件,BTC,4小时;8小时;24小时;48小时,15分钟;1小时,未知,未知,未知,未知,未知,未知,未知,未知,未知,未登记,无,config/数据/来源身份声明补采.json#身份声明[],b99035eb31437b822b0d8ed9b728e2fbb4b5cd8b8861010049ee43d74fc08647,7455cb004fd8f92bf11aba3294a88df82c2f66ca25872225ffb0d58a6c649e95,a4aa975040979ed8bdf47abeb06339fd4c8047e3db8961b85925d1f4db1d8f18,未知,b3a1fc5ec72ad95e258b584f936ad46befab951e0ee9e43eaa18179e34974387,无法判定,FILE_STAT_OBSERVED_IDENTITY_UNPROVEN,本批次只读；若声明、输入、Schema或授权漂移，既有结论自动失效并须追加新批次,未读取业务正文、价格、成交、订单簿、账户或凭据；身份字段不完整,为该成员提供当前版本九字段声明及逐字段Schema、授权和唯一证据定位后追加不可变批次,2d50c1344a835ceeb832796935182aeff80bb03cecc5465c8cf3aaccbd446acd,a23c4d44f41c2fc245b02db92b59200f4b443888bdb532b601a5934f5c808064,2ce3673c9b135d567fcb2cbef90f212a0f956e928278b7bcba1da71db8643d39
source-identity-declaration-20260808T051806+0800-dd1e3d74dca4,ZI-c1325d8ffbc6677ee8c86497,DS-000091,候选数据文件,BTC,4小时;8小时;24小时;48小时,15分钟;1小时,未知,未知,未知,未知,未知,未知,未知,未知,未知,未登记,无,config/数据/来源身份声明补采.json#身份声明[],b99035eb31437b822b0d8ed9b728e2fbb4b5cd8b8861010049ee43d74fc08647,0c82b4ff49875c233adadf63c84b19abc1ddf2bd99291782e3aaaea7ddb51ca4,14572374be8a915091e335ea2f58a59818e7d1ad356619f4bdd9b95f4c3147b9,未知,b3a1fc5ec72ad95e258b584f936ad46befab951e0ee9e43eaa18179e34974387,无法判定,FILE_STAT_OBSERVED_IDENTITY_UNPROVEN,本批次只读；若声明、输入、Schema或授权漂移，既有结论自动失效并须追加新批次,未读取业务正文、价格、成交、订单簿、账户或凭据；身份字段不完整,为该成员提供当前版本九字段声明及逐字段Schema、授权和唯一证据定位后追加不可变批次,2d50c1344a835ceeb832796935182aeff80bb03cecc5465c8cf3aaccbd446acd,a23c4d44f41c2fc245b02db92b59200f4b443888bdb532b601a5934f5c808064,7ded18bc2355df42b33147f94c30a19bbf28f1cf67845afdd640cd9d27237d86
source-identity-declaration-20260808T051806+0800-dd1e3d74dca4,ZI-809e979581c6c01829dbc939,DS-000092,候选数据文件,BTC,4小时;8小时;24小时;48小时,15分钟;1小时,未知,未知,未知,未知,未知,未知,未知,未知,未知,未登记,无,config/数据/来源身份声明补采.json#身份声明[],b99035eb31437b822b0d8ed9b728e2fbb4b5cd8b8861010049ee43d74fc08647,310f779c52d0802aa60fb5bcd2f1f07defbd477d6b7f609c42dd252100540981,36e383047a54db511b2d6e7fd23dc6ac447aa522467d74c631ec96cc5ce304cc,未知,b3a1fc5ec72ad95e258b584f936ad46befab951e0ee9e43eaa18179e34974387,无法判定,FILE_STAT_OBSERVED_IDENTITY_UNPROVEN,本批次只读；若声明、输入、Schema或授权漂移，既有结论自动失效并须追加新批次,未读取业务正文、价格、成交、订单簿、账户或凭据；身份字段不完整,为该成员提供当前版本九字段声明及逐字段Schema、授权和唯一证据定位后追加不可变批次,2d50c1344a835ceeb832796935182aeff80bb03cecc5465c8cf3aaccbd446acd,a23c4d44f41c2fc245b02db92b59200f4b443888bdb532b601a5934f5c808064,154457f64510565042fdffde1ea5dfccdd5380b8b74caac57fa6f023343ce3d1
source-identity-declaration-20260808T051806+0800-dd1e3d74dca4,ZI-8a55ecf7d5c701f9bfe01347,DS-000093,候选数据文件,BTC,4小时;8小时;24小时;48小时,15分钟;1小时,未知,未知,未知,未知,未知,未知,未知,未知,未知,未登记,无,config/数据/来源身份声明补采.json#身份声明[],b99035eb31437b822b0d8ed9b728e2fbb4b5cd8b8861010049ee43d74fc08647,a283d773fa26d2d545695ee035f7474a83e0e8dd4bd32d0f6c12c203d554e5c0,cffb4bf5c2c68fb4c145856b53348278f7d48351229f466d01a3bac4c481d538,未知,b3a1fc5ec72ad95e258b584f936ad46befab951e0ee9e43eaa18179e34974387,无法判定,FILE_STAT_OBSERVED_IDENTITY_UNPROVEN,本批次只读；若声明、输入、Schema或授权漂移，既有结论自动失效并须追加新批次,未读取业务正文、价格、成交、订单簿、账户或凭据；身份字段不完整,为该成员提供当前版本九字段声明及逐字段Schema、授权和唯一证据定位后追加不可变批次,2d50c1344a835ceeb832796935182aeff80bb03cecc5465c8cf3aaccbd446acd,a23c4d44f41c2fc245b02db92b59200f4b443888bdb532b601a5934f5c808064,d0862e53314d068ad4b3d212ee338c93b231ef6dcfa62f47ba26bfb2c38726ab
source-identity-declaration-20260808T051806+0800-dd1e3d74dca4,ZI-c4e34cac634b85bce06fba88,DS-000094,候选数据文件,BTC,4小时;8小时;24小时;48小时,15分钟;1小时,未知,未知,未知,未知,未知,未知,未知,未知,未知,未登记,无,config/数据/来源身份声明补采.json#身份声明[],b99035eb31437b822b0d8ed9b728e2fbb4b5cd8b8861010049ee43d74fc08647,5723e42924486a24e269f2e46f3642ec86fbf87cd739ce95b2730238c768c4a8,478a23ecc0cb5bfd585574dd56dcb6029ca0d8be9a8dd1716fc63c8058e8653e,未知,b3a1fc5ec72ad95e258b584f936ad46befab951e0ee9e43eaa18179e34974387,无法判定,FILE_STAT_OBSERVED_IDENTITY_UNPROVEN,本批次只读；若声明、输入、Schema或授权漂移，既有结论自动失效并须追加新批次,未读取业务正文、价格、成交、订单簿、账户或凭据；身份字段不完整,为该成员提供当前版本九字段声明及逐字段Schema、授权和唯一证据定位后追加不可变批次,2d50c1344a835ceeb832796935182aeff80bb03cecc5465c8cf3aaccbd446acd,a23c4d44f41c2fc245b02db92b59200f4b443888bdb532b601a5934f5c808064,0afe334ee0616215aea3c9404c5c4ed4cbed699ea51583ac683955f80dd43c4c
source-identity-declaration-20260808T051806+0800-dd1e3d74dca4,ZI-d9e2d56ec838f36a9286bb3a,DS-000095,候选数据文件,BTC,4小时;8小时;24小时;48小时,15分钟;1小时,未知,未知,未知,未知,未知,未知,未知,未知,未知,未登记,无,config/数据/来源身份声明补采.json#身份声明[],b99035eb31437b822b0d8ed9b728e2fbb4b5cd8b8861010049ee43d74fc08647,e5df3b09a4f4f2fbc001e29f4f2ed9625f6b62ea788160f56763679ae5a7fd21,736c38357d72779bfd64a024b7e6ca2a781c5d7802287968dc884508738f6588,未知,b3a1fc5ec72ad95e258b584f936ad46befab951e0ee9e43eaa18179e34974387,无法判定,FILE_STAT_OBSERVED_IDENTITY_UNPROVEN,本批次只读；若声明、输入、Schema或授权漂移，既有结论自动失效并须追加新批次,未读取业务正文、价格、成交、订单簿、账户或凭据；身份字段不完整,为该成员提供当前版本九字段声明及逐字段Schema、授权和唯一证据定位后追加不可变批次,2d50c1344a835ceeb832796935182aeff80bb03cecc5465c8cf3aaccbd446acd,a23c4d44f41c2fc245b02db92b59200f4b443888bdb532b601a5934f5c808064,ae71b9c9cdcc53259a38def23811d5b7833baf1d31cf1b7156123d71eb218cf5
source-identity-declaration-20260808T051806+0800-dd1e3d74dca4,ZI-3bfe74a5e3377c8f48575d33,DS-000096,候选数据文件,BTC,4小时;8小时;24小时;48小时,15分钟;1小时,未知,未知,未知,未知,未知,未知,未知,未知,未知,未登记,无,config/数据/来源身份声明补采.json#身份声明[],b99035eb31437b822b0d8ed9b728e2fbb4b5cd8b8861010049ee43d74fc08647,ba6d3ff4ffef24004405e028478940e5ab58886fe03296e15653487d2a406dee,88ce272dc64a0f211fae4e644c2dfdb2eef243e1d31b323320a0aadaf3a1ef17,未知,b3a1fc5ec72ad95e258b584f936ad46befab951e0ee9e43eaa18179e34974387,无法判定,FILE_STAT_OBSERVED_IDENTITY_UNPROVEN,本批次只读；若声明、输入、Schema或授权漂移，既有结论自动失效并须追加新批次,未读取业务正文、价格、成交、订单簿、账户或凭据；身份字段不完整,为该成员提供当前版本九字段声明及逐字段Schema、授权和唯一证据定位后追加不可变批次,2d50c1344a835ceeb832796935182aeff80bb03cecc5465c8cf3aaccbd446acd,a23c4d44f41c2fc245b02db92b59200f4b443888bdb532b601a5934f5c808064,6a36550df3d9a8f8d0d808b66a04bdf2e72b8446fff4cff81862215cc6dbf0a6
source-identity-declaration-20260808T051806+0800-dd1e3d74dca4,ZI-5242fd5a16f73078c0178d46,DS-000097,候选数据文件,BTC,4小时;8小时;24小时;48小时,15分钟;1小时,未知,未知,未知,未知,未知,未知,未知,未知,未知,未登记,无,config/数据/来源身份声明补采.json#身份声明[],b99035eb31437b822b0d8ed9b728e2fbb4b5cd8b8861010049ee43d74fc08647,8228c63ea9d98b795581957c34ac1ce53475f0d389e891c8c45f6a90e39e5f52,730674d7e6f71729da00454c5e39bb2eacbd5f280c8bef503e041c8b545c06c6,未知,b3a1fc5ec72ad95e258b584f936ad46befab951e0ee9e43eaa18179e34974387,无法判定,FILE_STAT_OBSERVED_IDENTITY_UNPROVEN,本批次只读；若声明、输入、Schema或授权漂移，既有结论自动失效并须追加新批次,未读取业务正文、价格、成交、订单簿、账户或凭据；身份字段不完整,为该成员提供当前版本九字段声明及逐字段Schema、授权和唯一证据定位后追加不可变批次,2d50c1344a835ceeb832796935182aeff80bb03cecc5465c8cf3aaccbd446acd,a23c4d44f41c2fc245b02db92b59200f4b443888bdb532b601a5934f5c808064,54f4b955fd3ab39bf2962691ab2cc5e02aa85064a13bf76b51a92d1f8831b5fc
source-identity-declaration-20260808T051806+0800-dd1e3d74dca4,ZI-5b71193a5de7dc8af188547b,DS-000098,候选数据文件,BTC,4小时;8小时;24小时;48小时,15分钟;1小时,未知,未知,未知,未知,未知,未知,未知,未知,未知,未登记,无,config/数据/来源身份声明补采.json#身份声明[],b99035eb31437b822b0d8ed9b728e2fbb4b5cd8b8861010049ee43d74fc08647,b36b9fceb03833c0e0d70c168c701624f3141e4ed9eff163a784fd829f7e31d7,0ad498d8ae12e923e3b733bf512bc7d0e881cf6a9be921bff52c479975238bb1,未知,b3a1fc5ec72ad95e258b584f936ad46befab951e0ee9e43eaa18179e34974387,无法判定,FILE_STAT_OBSERVED_IDENTITY_UNPROVEN,本批次只读；若声明、输入、Schema或授权漂移，既有结论自动失效并须追加新批次,未读取业务正文、价格、成交、订单簿、账户或凭据；身份字段不完整,为该成员提供当前版本九字段声明及逐字段Schema、授权和唯一证据定位后追加不可变批次,2d50c1344a835ceeb832796935182aeff80bb03cecc5465c8cf3aaccbd446acd,a23c4d44f41c2fc245b02db92b59200f4b443888bdb532b601a5934f5c808064,9ff772f8404f72c1d482695c786e0c191d0e091130b87036e4af9cd4c35b7bd9
source-identity-declaration-20260808T051806+0800-dd1e3d74dca4,ZI-8f9ae27bb3a3a27be851a19e,DS-000099,候选数据文件,BTC,4小时;8小时;24小时;48小时,15分钟;1小时,未知,未知,未知,未知,未知,未知,未知,未知,未知,未登记,无,config/数据/来源身份声明补采.json#身份声明[],b99035eb31437b822b0d8ed9b728e2fbb4b5cd8b8861010049ee43d74fc08647,406902f70179ec4296dab8c11df609ebd2db5dba4451dedd8e129a2be9025ef0,4041976c52c5255b1c61b1cccd72cf836a4594f195f58b39efc5f4789e5f35ad,未知,b3a1fc5ec72ad95e258b584f936ad46befab951e0ee9e43eaa18179e34974387,无法判定,FILE_STAT_OBSERVED_IDENTITY_UNPROVEN,本批次只读；若声明、输入、Schema或授权漂移，既有结论自动失效并须追加新批次,未读取业务正文、价格、成交、订单簿、账户或凭据；身份字段不完整,为该成员提供当前版本九字段声明及逐字段Schema、授权和唯一证据定位后追加不可变批次,2d50c1344a835ceeb832796935182aeff80bb03cecc5465c8cf3aaccbd446acd,a23c4d44f41c2fc245b02db92b59200f4b443888bdb532b601a5934f5c808064,0b582bfc2da6b0353b56fab1f653c6701b063243271ff4b4fdf7e4054ae7af9d
source-identity-declaration-20260808T051806+0800-dd1e3d74dca4,ZI-7e5cb2ff02459507aea17fad,DS-000100,候选数据文件,BTC,4小时;8小时;24小时;48小时,15分钟;1小时,未知,未知,未知,未知,未知,未知,未知,未知,未知,未登记,无,config/数据/来源身份声明补采.json#身份声明[],b99035eb31437b822b0d8ed9b728e2fbb4b5cd8b8861010049ee43d74fc08647,fe048a02588b3cc749889b703140b2600f164dd21a8297092b0703089ac5e81e,10bc1e9edaf2c0ce7b10a3e884d9e49db31b51fc1969bff9576bdac99b3abee0,未知,b3a1fc5ec72ad95e258b584f936ad46befab951e0ee9e43eaa18179e34974387,无法判定,FILE_STAT_OBSERVED_IDENTITY_UNPROVEN,本批次只读；若声明、输入、Schema或授权漂移，既有结论自动失效并须追加新批次,未读取业务正文、价格、成交、订单簿、账户或凭据；身份字段不完整,为该成员提供当前版本九字段声明及逐字段Schema、授权和唯一证据定位后追加不可变批次,2d50c1344a835ceeb832796935182aeff80bb03cecc5465c8cf3aaccbd446acd,a23c4d44f41c2fc245b02db92b59200f4b443888bdb532b601a5934f5c808064,8e3d9873e7b36671e455664a281f6799fc4fe46a1b7ac8281cc43980f3d8bbe3
source-identity-declaration-20260808T051806+0800-dd1e3d74dca4,ZI-ca9e45ea48cbd23828cbf7c1,DS-000101,候选数据文件,BTC,4小时;8小时;24小时;48小时,15分钟;1小时,未知,未知,未知,未知,未知,未知,未知,未知,未知,未登记,无,config/数据/来源身份声明补采.json#身份声明[],b99035eb31437b822b0d8ed9b728e2fbb4b5cd8b8861010049ee43d74fc08647,ea8e64d81a49f583be20253df94bb10447a84f34924a81ea484985df8de14bc5,0a91d48bdaabe373cfd71d515e923c5a04884bb57f109185e614c1b39499754e,未知,b3a1fc5ec72ad95e258b584f936ad46befab951e0ee9e43eaa18179e34974387,无法判定,FILE_STAT_OBSERVED_IDENTITY_UNPROVEN,本批次只读；若声明、输入、Schema或授权漂移，既有结论自动失效并须追加新批次,未读取业务正文、价格、成交、订单簿、账户或凭据；身份字段不完整,为该成员提供当前版本九字段声明及逐字段Schema、授权和唯一证据定位后追加不可变批次,2d50c1344a835ceeb832796935182aeff80bb03cecc5465c8cf3aaccbd446acd,a23c4d44f41c2fc245b02db92b59200f4b443888bdb532b601a5934f5c808064,846e1a66d9a90b654dad59a7e539cc2b39d42f4db07ada86769107fc4b725cbd
source-identity-declaration-20260808T051806+0800-dd1e3d74dca4,ZI-83194da27e2588c646f0c067,DS-000102,候选数据文件,BTC,4小时;8小时;24小时;48小时,15分钟;1小时,未知,未知,未知,未知,未知,未知,未知,未知,未知,未登记,无,config/数据/来源身份声明补采.json#身份声明[],b99035eb31437b822b0d8ed9b728e2fbb4b5cd8b8861010049ee43d74fc08647,abfb99f6151387ef4ff78a22a9fd233763a7a49d18bf50e5df9ba77c6b3c3f00,b386d1119735318462e2139b9e347bffa3dc4cc1cbd024fa3649d64f974fd023,未知,b3a1fc5ec72ad95e258b584f936ad46befab951e0ee9e43eaa18179e34974387,无法判定,FILE_STAT_OBSERVED_IDENTITY_UNPROVEN,本批次只读；若声明、输入、Schema或授权漂移，既有结论自动失效并须追加新批次,未读取业务正文、价格、成交、订单簿、账户或凭据；身份字段不完整,为该成员提供当前版本九字段声明及逐字段Schema、授权和唯一证据定位后追加不可变批次,2d50c1344a835ceeb832796935182aeff80bb03cecc5465c8cf3aaccbd446acd,a23c4d44f41c2fc245b02db92b59200f4b443888bdb532b601a5934f5c808064,2662c6a50c15dafc3f445d66ad566064b85ddf1a0b8238593ebd4b7986139142
source-identity-declaration-20260808T051806+0800-dd1e3d74dca4,ZI-79e649e4f49291fd4b439afc,DS-000103,候选数据文件,BTC,4小时;8小时;24小时;48小时,15分钟;1小时,未知,未知,未知,未知,未知,未知,未知,未知,未知,未登记,无,config/数据/来源身份声明补采.json#身份声明[],b99035eb31437b822b0d8ed9b728e2fbb4b5cd8b8861010049ee43d74fc08647,eb07628cb6a921195379d64475122a7143d0631cf42e25bfa01dcd7daaceb638,23f20b89610e2c1a33de449993d37f883d5c01487dfdba1dcf19c75060bdfc08,未知,b3a1fc5ec72ad95e258b584f936ad46befab951e0ee9e43eaa18179e34974387,无法判定,FILE_STAT_OBSERVED_IDENTITY_UNPROVEN,本批次只读；若声明、输入、Schema或授权漂移，既有结论自动失效并须追加新批次,未读取业务正文、价格、成交、订单簿、账户或凭据；身份字段不完整,为该成员提供当前版本九字段声明及逐字段Schema、授权和唯一证据定位后追加不可变批次,2d50c1344a835ceeb832796935182aeff80bb03cecc5465c8cf3aaccbd446acd,a23c4d44f41c2fc245b02db92b59200f4b443888bdb532b601a5934f5c808064,db66bcef250e1a51d3d45f9fcfaae7b63ebce2d7196ded8492a912bd68a3de48
source-identity-declaration-20260808T051806+0800-dd1e3d74dca4,ZI-d4cca3ff9c910b0cb170853b,DS-000104,候选数据文件,BTC,4小时;8小时;24小时;48小时,15分钟;1小时,未知,未知,未知,未知,未知,未知,未知,未知,未知,未登记,无,config/数据/来源身份声明补采.json#身份声明[],b99035eb31437b822b0d8ed9b728e2fbb4b5cd8b8861010049ee43d74fc08647,ef28cdf12ca8827b2378c7e1e803ead3e3cf993ed1c368426155024fdc6c8959,c8aaa84129d33e87c4a177f961793252aa3f724efbb8b8b92789a5626bc0ea11,未知,b3a1fc5ec72ad95e258b584f936ad46befab951e0ee9e43eaa18179e34974387,无法判定,FILE_STAT_OBSERVED_IDENTITY_UNPROVEN,本批次只读；若声明、输入、Schema或授权漂移，既有结论自动失效并须追加新批次,未读取业务正文、价格、成交、订单簿、账户或凭据；身份字段不完整,为该成员提供当前版本九字段声明及逐字段Schema、授权和唯一证据定位后追加不可变批次,2d50c1344a835ceeb832796935182aeff80bb03cecc5465c8cf3aaccbd446acd,a23c4d44f41c2fc245b02db92b59200f4b443888bdb532b601a5934f5c808064,3dbb08102ae2efdde66e804f549852c1c2f07b0a4b7eb12126694320d5673f69
source-identity-declaration-20260808T051806+0800-dd1e3d74dca4,ZI-d4c476126bfea2ff99705d12,DS-000105,候选数据文件,BTC,4小时;8小时;24小时;48小时,15分钟;1小时,未知,未知,未知,未知,未知,未知,未知,未知,未知,未登记,无,config/数据/来源身份声明补采.json#身份声明[],b99035eb31437b822b0d8ed9b728e2fbb4b5cd8b8861010049ee43d74fc08647,6ebf6d7a8a93d298f90f71a5732fabad965efedd59ad24025ceef2bff1413bc0,dce42c947587d840b35b6dc148798594d2cdfae0826496f1a95e47620a343be0,未知,b3a1fc5ec72ad95e258b584f936ad46befab951e0ee9e43eaa18179e34974387,无法判定,FILE_STAT_OBSERVED_IDENTITY_UNPROVEN,本批次只读；若声明、输入、Schema或授权漂移，既有结论自动失效并须追加新批次,未读取业务正文、价格、成交、订单簿、账户或凭据；身份字段不完整,为该成员提供当前版本九字段声明及逐字段Schema、授权和唯一证据定位后追加不可变批次,2d50c1344a835ceeb832796935182aeff80bb03cecc5465c8cf3aaccbd446acd,a23c4d44f41c2fc245b02db92b59200f4b443888bdb532b601a5934f5c808064,ab593cb21faef942c635d6f9368ff721fbd4e98e62e0f2fb2ca35ceefec0db7c
source-identity-declaration-20260808T051806+0800-dd1e3d74dca4,ZI-9caa14db165dab9ae3f80a1b,DS-000106,候选数据文件,BTC,4小时;8小时;24小时;48小时,15分钟;1小时,未知,未知,未知,未知,未知,未知,未知,未知,未知,未登记,无,config/数据/来源身份声明补采.json#身份声明[],b99035eb31437b822b0d8ed9b728e2fbb4b5cd8b8861010049ee43d74fc08647,7d452e0b77d3aca62618b2d4f776cb3ea7dd8bbc606f9df2cbaf4074a6486b29,b38fad67cc9e37b015c2de9a89d44de8aaefeb7633e89a0044901b6ef82204d6,未知,b3a1fc5ec72ad95e258b584f936ad46befab951e0ee9e43eaa18179e34974387,无法判定,FILE_STAT_OBSERVED_IDENTITY_UNPROVEN,本批次只读；若声明、输入、Schema或授权漂移，既有结论自动失效并须追加新批次,未读取业务正文、价格、成交、订单簿、账户或凭据；身份字段不完整,为该成员提供当前版本九字段声明及逐字段Schema、授权和唯一证据定位后追加不可变批次,2d50c1344a835ceeb832796935182aeff80bb03cecc5465c8cf3aaccbd446acd,a23c4d44f41c2fc245b02db92b59200f4b443888bdb532b601a5934f5c808064,9d3ed0283c813a32261705c7088c8b9fb568fdf868eb2e960209aeb6fb7af608
source-identity-declaration-20260808T051806+0800-dd1e3d74dca4,ZI-9d8ef07dfb35083bea918b61,DS-000107,候选数据文件,BTC,4小时;8小时;24小时;48小时,15分钟;1小时,未知,未知,未知,未知,未知,未知,未知,未知,未知,未登记,无,config/数据/来源身份声明补采.json#身份声明[],b99035eb31437b822b0d8ed9b728e2fbb4b5cd8b8861010049ee43d74fc08647,1c779a884c12e4f411a9bc59ae6b87246c2b0b62333aded6984e1b65fb366d58,f57ae7adc6a21ab1f07f375520a27a8cc89841277281823327f09adfec1f2dc1,未知,b3a1fc5ec72ad95e258b584f936ad46befab951e0ee9e43eaa18179e34974387,无法判定,FILE_STAT_OBSERVED_IDENTITY_UNPROVEN,本批次只读；若声明、输入、Schema或授权漂移，既有结论自动失效并须追加新批次,未读取业务正文、价格、成交、订单簿、账户或凭据；身份字段不完整,为该成员提供当前版本九字段声明及逐字段Schema、授权和唯一证据定位后追加不可变批次,2d50c1344a835ceeb832796935182aeff80bb03cecc5465c8cf3aaccbd446acd,a23c4d44f41c2fc245b02db92b59200f4b443888bdb532b601a5934f5c808064,349e597e6882085a25bda0052ff14d2d033c0439062a24c8d8e92f0f92c0fc02
source-identity-declaration-20260808T051806+0800-dd1e3d74dca4,ZI-60e1d87f679840a6bcbfd6c7,DS-000108,候选数据文件,BTC,4小时;8小时;24小时;48小时,15分钟;1小时,未知,未知,未知,未知,未知,未知,未知,未知,未知,未登记,无,config/数据/来源身份声明补采.json#身份声明[],b99035eb31437b822b0d8ed9b728e2fbb4b5cd8b8861010049ee43d74fc08647,d97b0d962760ad3eb6a51747d90bfdd9e3b6bf31767c9aba88aff9714b5456bc,af76ec353b0dd0b6a5acf63c72cc41d009b25652aff7dcf89e60b411d94f9998,未知,b3a1fc5ec72ad95e258b584f936ad46befab951e0ee9e43eaa18179e34974387,无法判定,FILE_STAT_OBSERVED_IDENTITY_UNPROVEN,本批次只读；若声明、输入、Schema或授权漂移，既有结论自动失效并须追加新批次,未读取业务正文、价格、成交、订单簿、账户或凭据；身份字段不完整,为该成员提供当前版本九字段声明及逐字段Schema、授权和唯一证据定位后追加不可变批次,2d50c1344a835ceeb832796935182aeff80bb03cecc5465c8cf3aaccbd446acd,a23c4d44f41c2fc245b02db92b59200f4b443888bdb532b601a5934f5c808064,d19caad7275d46769ff252c2691281b69559260c0c58c2322055bcf18c241907
source-identity-declaration-20260808T051806+0800-dd1e3d74dca4,ZI-23a62a21a44ede3557e3b62c,DS-000109,候选数据文件,BTC,4小时;8小时;24小时;48小时,15分钟;1小时,未知,未知,未知,未知,未知,未知,未知,未知,未知,未登记,无,config/数据/来源身份声明补采.json#身份声明[],b99035eb31437b822b0d8ed9b728e2fbb4b5cd8b8861010049ee43d74fc08647,33906bd2fcfd7bb1f16e12c0fbcf5a32d3eb963960a0412d88b1a5531531d280,b72b27e0618d3ee8901192b5a6fea8cbe28fc39a67c1c5f4022d3fa90e981598,未知,b3a1fc5ec72ad95e258b584f936ad46befab951e0ee9e43eaa18179e34974387,无法判定,FILE_STAT_OBSERVED_IDENTITY_UNPROVEN,本批次只读；若声明、输入、Schema或授权漂移，既有结论自动失效并须追加新批次,未读取业务正文、价格、成交、订单簿、账户或凭据；身份字段不完整,为该成员提供当前版本九字段声明及逐字段Schema、授权和唯一证据定位后追加不可变批次,2d50c1344a835ceeb832796935182aeff80bb03cecc5465c8cf3aaccbd446acd,a23c4d44f41c2fc245b02db92b59200f4b443888bdb532b601a5934f5c808064,6ce7fb3c8add69b5bc6b6514b01b0030bcb3bc01f56a1f557f4b990ced81232c
source-identity-declaration-20260808T051806+0800-dd1e3d74dca4,ZI-4a5363d41dd3d54d7864611d,DS-000110,候选数据文件,BTC,4小时;8小时;24小时;48小时,15分钟;1小时,未知,未知,未知,未知,未知,未知,未知,未知,未知,未登记,无,config/数据/来源身份声明补采.json#身份声明[],b99035eb31437b822b0d8ed9b728e2fbb4b5cd8b8861010049ee43d74fc08647,0d59d080eb816bb6a7d5088cc871bec5cdc058074ced8ee38b7ac5e06efec7ea,186faeec98127cdb57c08f6b074402bf856678d6547dcdcf57f1f50bbcdaf750,未知,b3a1fc5ec72ad95e258b584f936ad46befab951e0ee9e43eaa18179e34974387,无法判定,FILE_STAT_OBSERVED_IDENTITY_UNPROVEN,本批次只读；若声明、输入、Schema或授权漂移，既有结论自动失效并须追加新批次,未读取业务正文、价格、成交、订单簿、账户或凭据；身份字段不完整,为该成员提供当前版本九字段声明及逐字段Schema、授权和唯一证据定位后追加不可变批次,2d50c1344a835ceeb832796935182aeff80bb03cecc5465c8cf3aaccbd446acd,a23c4d44f41c2fc245b02db92b59200f4b443888bdb532b601a5934f5c808064,f5a384a51489a636dca329386f70023298b3466433e3464b3b317699e54fc606
source-identity-declaration-20260808T051806+0800-dd1e3d74dca4,ZI-a56a5bf3335401e617db60ab,DS-000111,候选数据文件,BTC,4小时;8小时;24小时;48小时,15分钟;1小时,未知,未知,未知,未知,未知,未知,未知,未知,未知,未登记,无,config/数据/来源身份声明补采.json#身份声明[],b99035eb31437b822b0d8ed9b728e2fbb4b5cd8b8861010049ee43d74fc08647,ecd8dfcecf158d395dac3a1c91df7786242adf9d0122c34ec458be58d766663f,abce5c0ce247279b37414ae6fa80a514eac7113552d74f3b3e5903541a232f67,未知,b3a1fc5ec72ad95e258b584f936ad46befab951e0ee9e43eaa18179e34974387,无法判定,FILE_STAT_OBSERVED_IDENTITY_UNPROVEN,本批次只读；若声明、输入、Schema或授权漂移，既有结论自动失效并须追加新批次,未读取业务正文、价格、成交、订单簿、账户或凭据；身份字段不完整,为该成员提供当前版本九字段声明及逐字段Schema、授权和唯一证据定位后追加不可变批次,2d50c1344a835ceeb832796935182aeff80bb03cecc5465c8cf3aaccbd446acd,a23c4d44f41c2fc245b02db92b59200f4b443888bdb532b601a5934f5c808064,486e6a9ecb7b7d65217ef55bfd3797867b40f9e5b31213c93dd2844d22d58043
source-identity-declaration-20260808T051806+0800-dd1e3d74dca4,ZI-285a4482ac5802699bf8a1ea,DS-000112,候选数据文件,BTC,4小时;8小时;24小时;48小时,15分钟;1小时,未知,未知,未知,未知,未知,未知,未知,未知,未知,未登记,无,config/数据/来源身份声明补采.json#身份声明[],b99035eb31437b822b0d8ed9b728e2fbb4b5cd8b8861010049ee43d74fc08647,290fec9c99843ff43e2fa44b0685ae754abd94ccb79d11168effc2e257574e21,0e1be86dcb8f9564eada1e205e7c649eaa2fcb4b5a796399474ab14653fba1bb,未知,b3a1fc5ec72ad95e258b584f936ad46befab951e0ee9e43eaa18179e34974387,无法判定,FILE_STAT_OBSERVED_IDENTITY_UNPROVEN,本批次只读；若声明、输入、Schema或授权漂移，既有结论自动失效并须追加新批次,未读取业务正文、价格、成交、订单簿、账户或凭据；身份字段不完整,为该成员提供当前版本九字段声明及逐字段Schema、授权和唯一证据定位后追加不可变批次,2d50c1344a835ceeb832796935182aeff80bb03cecc5465c8cf3aaccbd446acd,a23c4d44f41c2fc245b02db92b59200f4b443888bdb532b601a5934f5c808064,35493ecfb2c9c1f70f2a59e085435e637d19be3407375c3e63f938735477f97d
source-identity-declaration-20260808T051806+0800-dd1e3d74dca4,ZI-c368ec0a8284d3c172eda1a2,DS-000113,候选数据文件,BTC,4小时;8小时;24小时;48小时,15分钟;1小时,未知,未知,未知,未知,未知,未知,未知,未知,未知,未登记,无,config/数据/来源身份声明补采.json#身份声明[],b99035eb31437b822b0d8ed9b728e2fbb4b5cd8b8861010049ee43d74fc08647,74f98b20f89a154b201438a140d3bf675ce8d06104663b525a9e689aa2eb0630,72cb58ae12ca003a8d29e7696a909f56cc2fc3510f34f17f6633c3ebdd16271d,未知,b3a1fc5ec72ad95e258b584f936ad46befab951e0ee9e43eaa18179e34974387,无法判定,FILE_STAT_OBSERVED_IDENTITY_UNPROVEN,本批次只读；若声明、输入、Schema或授权漂移，既有结论自动失效并须追加新批次,未读取业务正文、价格、成交、订单簿、账户或凭据；身份字段不完整,为该成员提供当前版本九字段声明及逐字段Schema、授权和唯一证据定位后追加不可变批次,2d50c1344a835ceeb832796935182aeff80bb03cecc5465c8cf3aaccbd446acd,a23c4d44f41c2fc245b02db92b59200f4b443888bdb532b601a5934f5c808064,498173f6c4d1431809833ad55c5b617f057b3689d54aa2ffacb548eef6215651
source-identity-declaration-20260808T051806+0800-dd1e3d74dca4,ZI-f8745dbb71ac15767ca8d9c1,DS-000114,候选数据文件,BTC,4小时;8小时;24小时;48小时,15分钟;1小时,未知,未知,未知,未知,未知,未知,未知,未知,未知,未登记,无,config/数据/来源身份声明补采.json#身份声明[],b99035eb31437b822b0d8ed9b728e2fbb4b5cd8b8861010049ee43d74fc08647,3e3fec896b931f582dddfe469e0dbe6e470535c77e3f7299e94f387b505d440c,cd8bd0bf961ed5ce3c2172a56ecd4ff74e43f63dd21c54c9f68830fc78260675,未知,b3a1fc5ec72ad95e258b584f936ad46befab951e0ee9e43eaa18179e34974387,无法判定,FILE_STAT_OBSERVED_IDENTITY_UNPROVEN,本批次只读；若声明、输入、Schema或授权漂移，既有结论自动失效并须追加新批次,未读取业务正文、价格、成交、订单簿、账户或凭据；身份字段不完整,为该成员提供当前版本九字段声明及逐字段Schema、授权和唯一证据定位后追加不可变批次,2d50c1344a835ceeb832796935182aeff80bb03cecc5465c8cf3aaccbd446acd,a23c4d44f41c2fc245b02db92b59200f4b443888bdb532b601a5934f5c808064,ed77671098d98a673161f33be748249da68fa431b93edb8fea7751c4bd18908b
source-identity-declaration-20260808T051806+0800-dd1e3d74dca4,ZI-31961eda688bb5aee6575300,DS-000115,候选数据文件,BTC,4小时;8小时;24小时;48小时,15分钟;1小时,未知,未知,未知,未知,未知,未知,未知,未知,未知,未登记,无,config/数据/来源身份声明补采.json#身份声明[],b99035eb31437b822b0d8ed9b728e2fbb4b5cd8b8861010049ee43d74fc08647,afe961774296dd8e04a4684cc5642629f080a957493c1cf954cf485a7e5763ed,dc00bf8a1426e1173a6a82c9ff91d646ecf18f5d79fc177f791bb09fa83fb0a3,未知,b3a1fc5ec72ad95e258b584f936ad46befab951e0ee9e43eaa18179e34974387,无法判定,FILE_STAT_OBSERVED_IDENTITY_UNPROVEN,本批次只读；若声明、输入、Schema或授权漂移，既有结论自动失效并须追加新批次,未读取业务正文、价格、成交、订单簿、账户或凭据；身份字段不完整,为该成员提供当前版本九字段声明及逐字段Schema、授权和唯一证据定位后追加不可变批次,2d50c1344a835ceeb832796935182aeff80bb03cecc5465c8cf3aaccbd446acd,a23c4d44f41c2fc245b02db92b59200f4b443888bdb532b601a5934f5c808064,b73ac818e470023008ef0aa2c36a616579e26c6e3b5aa67e9aff6ca00e98535f
source-identity-declaration-20260808T051806+0800-dd1e3d74dca4,ZI-b38d3520cb51796d72c37eb0,DS-000116,候选数据文件,BTC,4小时;8小时;24小时;48小时,15分钟;1小时,未知,未知,未知,未知,未知,未知,未知,未知,未知,未登记,无,config/数据/来源身份声明补采.json#身份声明[],b99035eb31437b822b0d8ed9b728e2fbb4b5cd8b8861010049ee43d74fc08647,95fa942c0d61a4c0c67ab8892ee22b19e0375cf22f45b301d85fc2f861b76c4d,a9d20e61faa875734fc6c5c9a390b6a7c9bb31a6a855ed2e71d8b416a0c6cc31,未知,b3a1fc5ec72ad95e258b584f936ad46befab951e0ee9e43eaa18179e34974387,无法判定,FILE_STAT_OBSERVED_IDENTITY_UNPROVEN,本批次只读；若声明、输入、Schema或授权漂移，既有结论自动失效并须追加新批次,未读取业务正文、价格、成交、订单簿、账户或凭据；身份字段不完整,为该成员提供当前版本九字段声明及逐字段Schema、授权和唯一证据定位后追加不可变批次,2d50c1344a835ceeb832796935182aeff80bb03cecc5465c8cf3aaccbd446acd,a23c4d44f41c2fc245b02db92b59200f4b443888bdb532b601a5934f5c808064,b0d8fd0f4c39dad3256948caf97faef5e0fe0122bdecc1be56ac4a91b1dac346
source-identity-declaration-20260808T051806+0800-dd1e3d74dca4,ZI-5ea466fcde39bb4c70c5a187,DS-000117,候选数据文件,BTC,4小时;8小时;24小时;48小时,15分钟;1小时,未知,未知,未知,未知,未知,未知,未知,未知,未知,未登记,无,config/数据/来源身份声明补采.json#身份声明[],b99035eb31437b822b0d8ed9b728e2fbb4b5cd8b8861010049ee43d74fc08647,2618c38b7b3a4ced21d2f84d5249058929b44abacaed04c3d7145c62a9f2bed0,d0a8d864eea303ec7255229b7983bab2160f3d2900754f9e68b42a37f451df39,未知,b3a1fc5ec72ad95e258b584f936ad46befab951e0ee9e43eaa18179e34974387,无法判定,FILE_STAT_OBSERVED_IDENTITY_UNPROVEN,本批次只读；若声明、输入、Schema或授权漂移，既有结论自动失效并须追加新批次,未读取业务正文、价格、成交、订单簿、账户或凭据；身份字段不完整,为该成员提供当前版本九字段声明及逐字段Schema、授权和唯一证据定位后追加不可变批次,2d50c1344a835ceeb832796935182aeff80bb03cecc5465c8cf3aaccbd446acd,a23c4d44f41c2fc245b02db92b59200f4b443888bdb532b601a5934f5c808064,69ee920aa74a065158bca3532646ec94f7c9cc6df2d804f2096b90a4759c2a08
source-identity-declaration-20260808T051806+0800-dd1e3d74dca4,ZI-2840b60ae29f6da1116b00b7,DS-000118,候选数据文件,BTC,4小时;8小时;24小时;48小时,15分钟;1小时,未知,未知,未知,未知,未知,未知,未知,未知,未知,未登记,无,config/数据/来源身份声明补采.json#身份声明[],b99035eb31437b822b0d8ed9b728e2fbb4b5cd8b8861010049ee43d74fc08647,2629abb375ff39ff81b4461aa7d5fc4b83971f1ffc8a8bab00958e8be26497cd,a89068d18bdc3031167387767fc39e4900d4aaa08e7f740b4acc85e167a6cc52,未知,b3a1fc5ec72ad95e258b584f936ad46befab951e0ee9e43eaa18179e34974387,无法判定,FILE_STAT_OBSERVED_IDENTITY_UNPROVEN,本批次只读；若声明、输入、Schema或授权漂移，既有结论自动失效并须追加新批次,未读取业务正文、价格、成交、订单簿、账户或凭据；身份字段不完整,为该成员提供当前版本九字段声明及逐字段Schema、授权和唯一证据定位后追加不可变批次,2d50c1344a835ceeb832796935182aeff80bb03cecc5465c8cf3aaccbd446acd,a23c4d44f41c2fc245b02db92b59200f4b443888bdb532b601a5934f5c808064,47c6c3d880a80b00461c8815db16a5eb8f08b57e2157c2d6a66c9b6fbb2cbe43
source-identity-declaration-20260808T051806+0800-dd1e3d74dca4,ZI-d598b1a2b5c702f7087d23b1,DS-000119,候选数据文件,BTC,4小时;8小时;24小时;48小时,15分钟;1小时,未知,未知,未知,未知,未知,未知,未知,未知,未知,未登记,无,config/数据/来源身份声明补采.json#身份声明[],b99035eb31437b822b0d8ed9b728e2fbb4b5cd8b8861010049ee43d74fc08647,f69bb9fd69717fc62e973fd0f57005c2efdfa818a0c96a38198a12dc11340bf3,201c24234fdb0a4b82ff7c3e1ac7720c60a94739884be74ea71e0fec2c01b3f4,未知,b3a1fc5ec72ad95e258b584f936ad46befab951e0ee9e43eaa18179e34974387,无法判定,FILE_STAT_OBSERVED_IDENTITY_UNPROVEN,本批次只读；若声明、输入、Schema或授权漂移，既有结论自动失效并须追加新批次,未读取业务正文、价格、成交、订单簿、账户或凭据；身份字段不完整,为该成员提供当前版本九字段声明及逐字段Schema、授权和唯一证据定位后追加不可变批次,2d50c1344a835ceeb832796935182aeff80bb03cecc5465c8cf3aaccbd446acd,a23c4d44f41c2fc245b02db92b59200f4b443888bdb532b601a5934f5c808064,a747006c676ebc441e4536d665db320ed0849d3d7dfa569d3d6ae6cebca36827
source-identity-declaration-20260808T051806+0800-dd1e3d74dca4,ZI-3070d81b75f66c2b727c4439,DS-000120,候选数据文件,BTC,4小时;8小时;24小时;48小时,15分钟;1小时,未知,未知,未知,未知,未知,未知,未知,未知,未知,未登记,无,config/数据/来源身份声明补采.json#身份声明[],b99035eb31437b822b0d8ed9b728e2fbb4b5cd8b8861010049ee43d74fc08647,6609c14cb9bb0288b24cb453d942c7508aab48529570a4aaf23dd54ab7dcf43a,92d878d4d42f0b5c171f596ebdd3cb6795536cb7f481022b3a152a3ef9d9088c,未知,b3a1fc5ec72ad95e258b584f936ad46befab951e0ee9e43eaa18179e34974387,无法判定,FILE_STAT_OBSERVED_IDENTITY_UNPROVEN,本批次只读；若声明、输入、Schema或授权漂移，既有结论自动失效并须追加新批次,未读取业务正文、价格、成交、订单簿、账户或凭据；身份字段不完整,为该成员提供当前版本九字段声明及逐字段Schema、授权和唯一证据定位后追加不可变批次,2d50c1344a835ceeb832796935182aeff80bb03cecc5465c8cf3aaccbd446acd,a23c4d44f41c2fc245b02db92b59200f4b443888bdb532b601a5934f5c808064,45a3e1b7aa99882d7d21cd68750751b790fd3c823d080afeade168aa2b9ef313
source-identity-declaration-20260808T051806+0800-dd1e3d74dca4,ZI-8413f0e6afa6b3430372a713,DS-000121,候选数据文件,BTC,4小时;8小时;24小时;48小时,15分钟;1小时,未知,未知,未知,未知,未知,未知,未知,未知,未知,未登记,无,config/数据/来源身份声明补采.json#身份声明[],b99035eb31437b822b0d8ed9b728e2fbb4b5cd8b8861010049ee43d74fc08647,6f11f05c8807a0f784213dce4eb03969122dc0a62e00b3d53e6bc473e342e278,bb047892a379b7419784df0d9cedd7e13bd29bc92dc6d96d34b7dbb3d7fe5cdf,未知,b3a1fc5ec72ad95e258b584f936ad46befab951e0ee9e43eaa18179e34974387,无法判定,FILE_STAT_OBSERVED_IDENTITY_UNPROVEN,本批次只读；若声明、输入、Schema或授权漂移，既有结论自动失效并须追加新批次,未读取业务正文、价格、成交、订单簿、账户或凭据；身份字段不完整,为该成员提供当前版本九字段声明及逐字段Schema、授权和唯一证据定位后追加不可变批次,2d50c1344a835ceeb832796935182aeff80bb03cecc5465c8cf3aaccbd446acd,a23c4d44f41c2fc245b02db92b59200f4b443888bdb532b601a5934f5c808064,ba7305a91a88b916f9ddab5199e3eb37028e7107ee470cb9333cf7a012fbe8e0
source-identity-declaration-20260808T051806+0800-dd1e3d74dca4,ZI-ee6f15f9e39a4d9fcfce0cf5,DS-000122,候选数据文件,BTC,4小时;8小时;24小时;48小时,15分钟;1小时,未知,未知,未知,未知,未知,未知,未知,未知,未知,未登记,无,config/数据/来源身份声明补采.json#身份声明[],b99035eb31437b822b0d8ed9b728e2fbb4b5cd8b8861010049ee43d74fc08647,dc6c4dd4e242874a6da8334f67590790f72bb66e1b5ab6d94aeec5b53ed494be,53843d761732812258f146c1b81e787cfa6ea85b783bc115247d0e92889eba34,未知,b3a1fc5ec72ad95e258b584f936ad46befab951e0ee9e43eaa18179e34974387,拒绝,INPUT_MEMBER_REJECTED,本批次只读；若声明、输入、Schema或授权漂移，既有结论自动失效并须追加新批次,未读取业务正文、价格、成交、订单簿、账户或凭据；身份字段不完整,为该成员提供当前版本九字段声明及逐字段Schema、授权和唯一证据定位后追加不可变批次,2d50c1344a835ceeb832796935182aeff80bb03cecc5465c8cf3aaccbd446acd,a23c4d44f41c2fc245b02db92b59200f4b443888bdb532b601a5934f5c808064,e542709ff55bbb13157df39b72dd23cfd802de8a24db7c1808da07df730fb2c1
source-identity-declaration-20260808T051806+0800-dd1e3d74dca4,ZI-0437f9b494a20cb05341af1e,DS-000123,候选数据文件,BTC,4小时;8小时;24小时;48小时,15分钟;1小时,未知,未知,未知,未知,未知,未知,未知,未知,未知,未登记,无,config/数据/来源身份声明补采.json#身份声明[],b99035eb31437b822b0d8ed9b728e2fbb4b5cd8b8861010049ee43d74fc08647,b544e385d3e89d4bc872b681fb7b43c8c29c35cf1a2255fb1eb792ab42e092e7,13670b327c3ce0d3e355441dc6d99ac6734dda910217dd7f4731c23bc8375d31,未知,b3a1fc5ec72ad95e258b584f936ad46befab951e0ee9e43eaa18179e34974387,无法判定,FILE_STAT_OBSERVED_IDENTITY_UNPROVEN,本批次只读；若声明、输入、Schema或授权漂移，既有结论自动失效并须追加新批次,未读取业务正文、价格、成交、订单簿、账户或凭据；身份字段不完整,为该成员提供当前版本九字段声明及逐字段Schema、授权和唯一证据定位后追加不可变批次,2d50c1344a835ceeb832796935182aeff80bb03cecc5465c8cf3aaccbd446acd,a23c4d44f41c2fc245b02db92b59200f4b443888bdb532b601a5934f5c808064,65e4ad0d7df5a1251a7c8cdfc846952a15c76fc7b2ffb8ed1297c5084c767353
source-identity-declaration-20260808T051806+0800-dd1e3d74dca4,ZI-ee00f9dd25503d2600ed08e3,DS-000124,候选数据文件,BTC,4小时;8小时;24小时;48小时,15分钟;1小时,未知,未知,未知,未知,未知,未知,未知,未知,未知,未登记,无,config/数据/来源身份声明补采.json#身份声明[],b99035eb31437b822b0d8ed9b728e2fbb4b5cd8b8861010049ee43d74fc08647,d7ef1e10d9720d76b7d47a520b7439f7ef8aa78a7560836f22971cf752ef3294,62fc33658b158f02bfe3de01b5eedca81e9c8ac93e348916fa9458a8ffacd315,未知,b3a1fc5ec72ad95e258b584f936ad46befab951e0ee9e43eaa18179e34974387,无法判定,FILE_STAT_OBSERVED_IDENTITY_UNPROVEN,本批次只读；若声明、输入、Schema或授权漂移，既有结论自动失效并须追加新批次,未读取业务正文、价格、成交、订单簿、账户或凭据；身份字段不完整,为该成员提供当前版本九字段声明及逐字段Schema、授权和唯一证据定位后追加不可变批次,2d50c1344a835ceeb832796935182aeff80bb03cecc5465c8cf3aaccbd446acd,a23c4d44f41c2fc245b02db92b59200f4b443888bdb532b601a5934f5c808064,5d182e501d717f7a2d61dc43d3222271291d7efcae920cd1b6f56a4f51c83399
source-identity-declaration-20260808T051806+0800-dd1e3d74dca4,ZI-e98fd2a2d5d0df09bc9937cb,DS-000125,候选数据文件,BTC,4小时;8小时;24小时;48小时,15分钟;1小时,未知,未知,未知,未知,未知,未知,未知,未知,未知,未登记,无,config/数据/来源身份声明补采.json#身份声明[],b99035eb31437b822b0d8ed9b728e2fbb4b5cd8b8861010049ee43d74fc08647,933516055a642714098755bbe9c599785c999703fbef73dc81e13069d74aa18f,ec513f8c058cb105f4032d6fa7282c197e5a78cf4c151b0571d00dd8dc4f7dd2,未知,b3a1fc5ec72ad95e258b584f936ad46befab951e0ee9e43eaa18179e34974387,无法判定,FILE_STAT_OBSERVED_IDENTITY_UNPROVEN,本批次只读；若声明、输入、Schema或授权漂移，既有结论自动失效并须追加新批次,未读取业务正文、价格、成交、订单簿、账户或凭据；身份字段不完整,为该成员提供当前版本九字段声明及逐字段Schema、授权和唯一证据定位后追加不可变批次,2d50c1344a835ceeb832796935182aeff80bb03cecc5465c8cf3aaccbd446acd,a23c4d44f41c2fc245b02db92b59200f4b443888bdb532b601a5934f5c808064,43b75ce2c07a088c39ec2a851fc93fc5870cbee6c90b0836ab618f923e1082b9
source-identity-declaration-20260808T051806+0800-dd1e3d74dca4,ZI-57350b8f0db900711ed2488f,DS-000126,候选数据文件,BTC,4小时;8小时;24小时;48小时,15分钟;1小时,未知,未知,未知,未知,未知,未知,未知,未知,未知,未登记,无,config/数据/来源身份声明补采.json#身份声明[],b99035eb31437b822b0d8ed9b728e2fbb4b5cd8b8861010049ee43d74fc08647,9499e61c0227984474b6b7c023dc310fcae06907a46958e429501d3e6b006798,f8cc85fd88b4d152c3a85acf0e6f5ad15e2df327db073f7f1078063e5e4389df,未知,b3a1fc5ec72ad95e258b584f936ad46befab951e0ee9e43eaa18179e34974387,无法判定,FILE_STAT_OBSERVED_IDENTITY_UNPROVEN,本批次只读；若声明、输入、Schema或授权漂移，既有结论自动失效并须追加新批次,未读取业务正文、价格、成交、订单簿、账户或凭据；身份字段不完整,为该成员提供当前版本九字段声明及逐字段Schema、授权和唯一证据定位后追加不可变批次,2d50c1344a835ceeb832796935182aeff80bb03cecc5465c8cf3aaccbd446acd,a23c4d44f41c2fc245b02db92b59200f4b443888bdb532b601a5934f5c808064,4e85729c583ccd799f1181f63bb5d85a96bbe4a1b356342467a61120a633cc2c
source-identity-declaration-20260808T051806+0800-dd1e3d74dca4,ZI-50d94b0de1efc730b9122af3,DS-000127,候选数据文件,BTC,4小时;8小时;24小时;48小时,15分钟;1小时,未知,未知,未知,未知,未知,未知,未知,未知,未知,未登记,无,config/数据/来源身份声明补采.json#身份声明[],b99035eb31437b822b0d8ed9b728e2fbb4b5cd8b8861010049ee43d74fc08647,7498b9a041f4b609fbd9b5447119d9522ae1aaf59ff427378718c2833bf39af8,6876393fb377a2dddbdd0f3704f2a6600684cd6c4f20a91ee5c598a91896511a,未知,b3a1fc5ec72ad95e258b584f936ad46befab951e0ee9e43eaa18179e34974387,无法判定,FILE_STAT_OBSERVED_IDENTITY_UNPROVEN,本批次只读；若声明、输入、Schema或授权漂移，既有结论自动失效并须追加新批次,未读取业务正文、价格、成交、订单簿、账户或凭据；身份字段不完整,为该成员提供当前版本九字段声明及逐字段Schema、授权和唯一证据定位后追加不可变批次,2d50c1344a835ceeb832796935182aeff80bb03cecc5465c8cf3aaccbd446acd,a23c4d44f41c2fc245b02db92b59200f4b443888bdb532b601a5934f5c808064,7d4b5cfdbf1a1a2e6ad8b7b9cf068e6d9ecbc6b85f07d0fa8d2a5efae5743d3a
source-identity-declaration-20260808T051806+0800-dd1e3d74dca4,ZI-66345af7f29b369463667940,DS-000128,候选数据文件,BTC,4小时;8小时;24小时;48小时,15分钟;1小时,未知,未知,未知,未知,未知,未知,未知,未知,未知,未登记,无,config/数据/来源身份声明补采.json#身份声明[],b99035eb31437b822b0d8ed9b728e2fbb4b5cd8b8861010049ee43d74fc08647,8784b44479961e1fc5e62e73d76c8f43f5274c03f210a3417d777a7b86f3c045,3778f5a272bf10f74727c3c30bcea740586d7993016b625b605c66a82dcac354,未知,b3a1fc5ec72ad95e258b584f936ad46befab951e0ee9e43eaa18179e34974387,无法判定,FILE_STAT_OBSERVED_IDENTITY_UNPROVEN,本批次只读；若声明、输入、Schema或授权漂移，既有结论自动失效并须追加新批次,未读取业务正文、价格、成交、订单簿、账户或凭据；身份字段不完整,为该成员提供当前版本九字段声明及逐字段Schema、授权和唯一证据定位后追加不可变批次,2d50c1344a835ceeb832796935182aeff80bb03cecc5465c8cf3aaccbd446acd,a23c4d44f41c2fc245b02db92b59200f4b443888bdb532b601a5934f5c808064,61e8fc0f7e88a1b390248666cc11a766096a92f2cbde7a797b9d866d1e417e13
source-identity-declaration-20260808T051806+0800-dd1e3d74dca4,ZI-f0b6b298cfe3ce3a7d56b8eb,DS-000129,候选数据文件,BTC,4小时;8小时;24小时;48小时,15分钟;1小时,未知,未知,未知,未知,未知,未知,未知,未知,未知,未登记,无,config/数据/来源身份声明补采.json#身份声明[],b99035eb31437b822b0d8ed9b728e2fbb4b5cd8b8861010049ee43d74fc08647,6ec29ab16a61a9874de644237ea1f88b4281182c44ec3b7aabeceff905c3c1fe,b9fe115bbe71bc2df097758de5421c48df29bb6dece7319e86e3b4f4104d7ba3,未知,b3a1fc5ec72ad95e258b584f936ad46befab951e0ee9e43eaa18179e34974387,无法判定,FILE_STAT_OBSERVED_IDENTITY_UNPROVEN,本批次只读；若声明、输入、Schema或授权漂移，既有结论自动失效并须追加新批次,未读取业务正文、价格、成交、订单簿、账户或凭据；身份字段不完整,为该成员提供当前版本九字段声明及逐字段Schema、授权和唯一证据定位后追加不可变批次,2d50c1344a835ceeb832796935182aeff80bb03cecc5465c8cf3aaccbd446acd,a23c4d44f41c2fc245b02db92b59200f4b443888bdb532b601a5934f5c808064,73b546aadb3960e583959838a74fc90cae36914191f106f107eb571e8b16623e
source-identity-declaration-20260808T051806+0800-dd1e3d74dca4,ZI-5a7245a9c0cc69252b3df5d1,DS-000130,候选数据文件,BTC,4小时;8小时;24小时;48小时,15分钟;1小时,未知,未知,未知,未知,未知,未知,未知,未知,未知,未登记,无,config/数据/来源身份声明补采.json#身份声明[],b99035eb31437b822b0d8ed9b728e2fbb4b5cd8b8861010049ee43d74fc08647,31a5fa38e253ae35bbd283a09e22b12ae2d20072cacd4fec29ddc407fc7c2c5a,ab1fa132bb5dedae2aee599d307ef6afbd15ef8e10247d61d8c83173266e0a23,未知,b3a1fc5ec72ad95e258b584f936ad46befab951e0ee9e43eaa18179e34974387,无法判定,FILE_STAT_OBSERVED_IDENTITY_UNPROVEN,本批次只读；若声明、输入、Schema或授权漂移，既有结论自动失效并须追加新批次,未读取业务正文、价格、成交、订单簿、账户或凭据；身份字段不完整,为该成员提供当前版本九字段声明及逐字段Schema、授权和唯一证据定位后追加不可变批次,2d50c1344a835ceeb832796935182aeff80bb03cecc5465c8cf3aaccbd446acd,a23c4d44f41c2fc245b02db92b59200f4b443888bdb532b601a5934f5c808064,153f0ae52d9750c36c642eab75329a8869c576b9b9d3e6952e0152658abc60d6
source-identity-declaration-20260808T051806+0800-dd1e3d74dca4,ZI-25447cea628f3920f050dbd5,DS-000131,候选数据文件,BTC,4小时;8小时;24小时;48小时,15分钟;1小时,未知,未知,未知,未知,未知,未知,未知,未知,未知,未登记,无,config/数据/来源身份声明补采.json#身份声明[],b99035eb31437b822b0d8ed9b728e2fbb4b5cd8b8861010049ee43d74fc08647,596462ea846e3b15707b59be416da11412b9e52c6d94c741ad5be0a70d1dfffe,849871286b1f3a7bb36005a3c4170984f7a55ddeda2e82f3720e21c78af7536d,未知,b3a1fc5ec72ad95e258b584f936ad46befab951e0ee9e43eaa18179e34974387,无法判定,FILE_STAT_OBSERVED_IDENTITY_UNPROVEN,本批次只读；若声明、输入、Schema或授权漂移，既有结论自动失效并须追加新批次,未读取业务正文、价格、成交、订单簿、账户或凭据；身份字段不完整,为该成员提供当前版本九字段声明及逐字段Schema、授权和唯一证据定位后追加不可变批次,2d50c1344a835ceeb832796935182aeff80bb03cecc5465c8cf3aaccbd446acd,a23c4d44f41c2fc245b02db92b59200f4b443888bdb532b601a5934f5c808064,9fd4accf2e66883e18c4e1050137552a6845e5971b7222c187221305bb9b0462
source-identity-declaration-20260808T051806+0800-dd1e3d74dca4,ZI-17f2298039c37a648fbd5908,DS-000132,候选数据文件,BTC,4小时;8小时;24小时;48小时,15分钟;1小时,未知,未知,未知,未知,未知,未知,未知,未知,未知,未登记,无,config/数据/来源身份声明补采.json#身份声明[],b99035eb31437b822b0d8ed9b728e2fbb4b5cd8b8861010049ee43d74fc08647,b92d68f0c6a28fd076fc8affb08361f7b721d840be639dd0fdcd9e4063f945e2,0e07540ee3310c57505f2e3e874b1df4f26fc44746b94ed2025d1b60856d53a3,未知,b3a1fc5ec72ad95e258b584f936ad46befab951e0ee9e43eaa18179e34974387,无法判定,FILE_STAT_OBSERVED_IDENTITY_UNPROVEN,本批次只读；若声明、输入、Schema或授权漂移，既有结论自动失效并须追加新批次,未读取业务正文、价格、成交、订单簿、账户或凭据；身份字段不完整,为该成员提供当前版本九字段声明及逐字段Schema、授权和唯一证据定位后追加不可变批次,2d50c1344a835ceeb832796935182aeff80bb03cecc5465c8cf3aaccbd446acd,a23c4d44f41c2fc245b02db92b59200f4b443888bdb532b601a5934f5c808064,9c756d5749d76f046ad6a8affb8101bee9dcd4a559d1c3864d501f8afe3b5741
source-identity-declaration-20260808T051806+0800-dd1e3d74dca4,ZI-e5f5afbaaf19d3151683dc0c,DS-000133,候选数据文件,BTC,4小时;8小时;24小时;48小时,15分钟;1小时,未知,未知,未知,未知,未知,未知,未知,未知,未知,未登记,无,config/数据/来源身份声明补采.json#身份声明[],b99035eb31437b822b0d8ed9b728e2fbb4b5cd8b8861010049ee43d74fc08647,d49b3cdefe936c41685bf10613de132b9f5d9198120e45aae55859f797788158,70e1444628d1622cd802bd2ee74a014e8a620cff9fd655e3880e74a7d3c8b8b7,未知,b3a1fc5ec72ad95e258b584f936ad46befab951e0ee9e43eaa18179e34974387,无法判定,FILE_STAT_OBSERVED_IDENTITY_UNPROVEN,本批次只读；若声明、输入、Schema或授权漂移，既有结论自动失效并须追加新批次,未读取业务正文、价格、成交、订单簿、账户或凭据；身份字段不完整,为该成员提供当前版本九字段声明及逐字段Schema、授权和唯一证据定位后追加不可变批次,2d50c1344a835ceeb832796935182aeff80bb03cecc5465c8cf3aaccbd446acd,a23c4d44f41c2fc245b02db92b59200f4b443888bdb532b601a5934f5c808064,c7e7f9e472b5ee1e1b0ee3d48dda42f396fe51bdb338e4efb949c4aeba7b2be8
source-identity-declaration-20260808T051806+0800-dd1e3d74dca4,ZI-67ed5354e433ec425cf10220,DS-000134,候选数据文件,BTC,4小时;8小时;24小时;48小时,15分钟;1小时,未知,未知,未知,未知,未知,未知,未知,未知,未知,未登记,无,config/数据/来源身份声明补采.json#身份声明[],b99035eb31437b822b0d8ed9b728e2fbb4b5cd8b8861010049ee43d74fc08647,0e6fc6a736706f9c8311f0bcd6cac49d78a213f394e2feafda517cd5a5854e7d,99f1d24909a2843e1fcd95fc876654a847ae45806c4adae55c444399995f0ec8,未知,b3a1fc5ec72ad95e258b584f936ad46befab951e0ee9e43eaa18179e34974387,无法判定,FILE_STAT_OBSERVED_IDENTITY_UNPROVEN,本批次只读；若声明、输入、Schema或授权漂移，既有结论自动失效并须追加新批次,未读取业务正文、价格、成交、订单簿、账户或凭据；身份字段不完整,为该成员提供当前版本九字段声明及逐字段Schema、授权和唯一证据定位后追加不可变批次,2d50c1344a835ceeb832796935182aeff80bb03cecc5465c8cf3aaccbd446acd,a23c4d44f41c2fc245b02db92b59200f4b443888bdb532b601a5934f5c808064,dbed14b7a7441a420cc7ee30a180c981739b2b47895b31a72230b53604976218
source-identity-declaration-20260808T051806+0800-dd1e3d74dca4,ZI-9959cefd6da7ea4c9bc8a26a,DS-000135,候选数据文件,BTC,4小时;8小时;24小时;48小时,15分钟;1小时,未知,未知,未知,未知,未知,未知,未知,未知,未知,未登记,无,config/数据/来源身份声明补采.json#身份声明[],b99035eb31437b822b0d8ed9b728e2fbb4b5cd8b8861010049ee43d74fc08647,6ed4afcb16dadb13cea1399f219a898bff5d238791ebd03cea6a0bd7d98b1ff5,e3d98fa985e8b77d96cab83fffc66cfc094f5d9dcffcba011bab1d69029e238b,未知,b3a1fc5ec72ad95e258b584f936ad46befab951e0ee9e43eaa18179e34974387,无法判定,FILE_STAT_OBSERVED_IDENTITY_UNPROVEN,本批次只读；若声明、输入、Schema或授权漂移，既有结论自动失效并须追加新批次,未读取业务正文、价格、成交、订单簿、账户或凭据；身份字段不完整,为该成员提供当前版本九字段声明及逐字段Schema、授权和唯一证据定位后追加不可变批次,2d50c1344a835ceeb832796935182aeff80bb03cecc5465c8cf3aaccbd446acd,a23c4d44f41c2fc245b02db92b59200f4b443888bdb532b601a5934f5c808064,0cf22258dda12db59e34135bf724abc7ca4022838cc56767c5eef44dd8cfb0d6
source-identity-declaration-20260808T051806+0800-dd1e3d74dca4,ZI-729914ef0d7b46aa2dc0dc05,DS-000136,候选数据文件,BTC,4小时;8小时;24小时;48小时,15分钟;1小时,未知,未知,未知,未知,未知,未知,未知,未知,未知,未登记,无,config/数据/来源身份声明补采.json#身份声明[],b99035eb31437b822b0d8ed9b728e2fbb4b5cd8b8861010049ee43d74fc08647,c642096c5b9e47e8fb6d3af1ce33b6503b701f275d986dc3c80518fafa656b62,f891c3fe3008bfa69c81d678ef19f93b5031d32dc4999017e03a2b18febebf1c,未知,b3a1fc5ec72ad95e258b584f936ad46befab951e0ee9e43eaa18179e34974387,无法判定,FILE_STAT_OBSERVED_IDENTITY_UNPROVEN,本批次只读；若声明、输入、Schema或授权漂移，既有结论自动失效并须追加新批次,未读取业务正文、价格、成交、订单簿、账户或凭据；身份字段不完整,为该成员提供当前版本九字段声明及逐字段Schema、授权和唯一证据定位后追加不可变批次,2d50c1344a835ceeb832796935182aeff80bb03cecc5465c8cf3aaccbd446acd,a23c4d44f41c2fc245b02db92b59200f4b443888bdb532b601a5934f5c808064,c4b4f84c4993c84a893621a388c3b0ff963c369ce9ad602ce7407c5291f3dea0
source-identity-declaration-20260808T051806+0800-dd1e3d74dca4,ZI-5072f6e3c58e96622c5d5a39,DS-000137,候选数据文件,BTC,4小时;8小时;24小时;48小时,15分钟;1小时,未知,未知,未知,未知,未知,未知,未知,未知,未知,未登记,无,config/数据/来源身份声明补采.json#身份声明[],b99035eb31437b822b0d8ed9b728e2fbb4b5cd8b8861010049ee43d74fc08647,85fd815ad566ecce9ab78d9848bdc57c2a3a789413ea3fae7ede25ed0d770f0f,d0b76e2f60f07725e40956ca4ac492da69b0acd4cfbfd313e30bc0ff90fcbec5,未知,b3a1fc5ec72ad95e258b584f936ad46befab951e0ee9e43eaa18179e34974387,无法判定,FILE_STAT_OBSERVED_IDENTITY_UNPROVEN,本批次只读；若声明、输入、Schema或授权漂移，既有结论自动失效并须追加新批次,未读取业务正文、价格、成交、订单簿、账户或凭据；身份字段不完整,为该成员提供当前版本九字段声明及逐字段Schema、授权和唯一证据定位后追加不可变批次,2d50c1344a835ceeb832796935182aeff80bb03cecc5465c8cf3aaccbd446acd,a23c4d44f41c2fc245b02db92b59200f4b443888bdb532b601a5934f5c808064,13b45f4a352b4ffe149088220ec91e5f1c2bcfdca74b67512122a3d6c8997437
source-identity-declaration-20260808T051806+0800-dd1e3d74dca4,ZI-c561cdc026374378e8a7e1ed,DS-000138,候选数据文件,BTC,4小时;8小时;24小时;48小时,15分钟;1小时,未知,未知,未知,未知,未知,未知,未知,未知,未知,未登记,无,config/数据/来源身份声明补采.json#身份声明[],b99035eb31437b822b0d8ed9b728e2fbb4b5cd8b8861010049ee43d74fc08647,91cc4ad9a33161955c014a7f07d248bcafc3f5be08813d91e27a18d6a42f55c4,2b9a094e824f1ebadf6f57ffe303e6b9b512da431b40899c361a87df2ebfcf54,未知,b3a1fc5ec72ad95e258b584f936ad46befab951e0ee9e43eaa18179e34974387,无法判定,FILE_STAT_OBSERVED_IDENTITY_UNPROVEN,本批次只读；若声明、输入、Schema或授权漂移，既有结论自动失效并须追加新批次,未读取业务正文、价格、成交、订单簿、账户或凭据；身份字段不完整,为该成员提供当前版本九字段声明及逐字段Schema、授权和唯一证据定位后追加不可变批次,2d50c1344a835ceeb832796935182aeff80bb03cecc5465c8cf3aaccbd446acd,a23c4d44f41c2fc245b02db92b59200f4b443888bdb532b601a5934f5c808064,91439c58308169d31a1ef144a492a177dd66bfdeef39fa9ce3f835876a3102a0
source-identity-declaration-20260808T051806+0800-dd1e3d74dca4,ZI-cbdce8e325cdea9138ef0d4e,DS-000139,候选数据文件,BTC,4小时;8小时;24小时;48小时,15分钟;1小时,未知,未知,未知,未知,未知,未知,未知,未知,未知,未登记,无,config/数据/来源身份声明补采.json#身份声明[],b99035eb31437b822b0d8ed9b728e2fbb4b5cd8b8861010049ee43d74fc08647,fe64d848475c7415a5eb6c92b24f0b9a75641d0388cb76d8ab63008be5e3a74a,163076bb1877110a64910e904e645ef22820486d7d9509fb3d2acc194731aebf,未知,b3a1fc5ec72ad95e258b584f936ad46befab951e0ee9e43eaa18179e34974387,无法判定,FILE_STAT_OBSERVED_IDENTITY_UNPROVEN,本批次只读；若声明、输入、Schema或授权漂移，既有结论自动失效并须追加新批次,未读取业务正文、价格、成交、订单簿、账户或凭据；身份字段不完整,为该成员提供当前版本九字段声明及逐字段Schema、授权和唯一证据定位后追加不可变批次,2d50c1344a835ceeb832796935182aeff80bb03cecc5465c8cf3aaccbd446acd,a23c4d44f41c2fc245b02db92b59200f4b443888bdb532b601a5934f5c808064,0004744364b56d622fd5afda652515f827f9ae63cc01ce65a943b94f3f32cf8c
source-identity-declaration-20260808T051806+0800-dd1e3d74dca4,ZI-6e09551ca827697625cb6b3c,DS-000140,候选数据文件,BTC,4小时;8小时;24小时;48小时,15分钟;1小时,未知,未知,未知,未知,未知,未知,未知,未知,未知,未登记,无,config/数据/来源身份声明补采.json#身份声明[],b99035eb31437b822b0d8ed9b728e2fbb4b5cd8b8861010049ee43d74fc08647,009afddc569c187b643514b715c578f909c030480467dad3f80f258b9e5dba7d,b5d559a5d3cdd08a4788c563af9e2198fe71cf31cfce29cd5e6d06dc6baaf1f4,未知,b3a1fc5ec72ad95e258b584f936ad46befab951e0ee9e43eaa18179e34974387,无法判定,FILE_STAT_OBSERVED_IDENTITY_UNPROVEN,本批次只读；若声明、输入、Schema或授权漂移，既有结论自动失效并须追加新批次,未读取业务正文、价格、成交、订单簿、账户或凭据；身份字段不完整,为该成员提供当前版本九字段声明及逐字段Schema、授权和唯一证据定位后追加不可变批次,2d50c1344a835ceeb832796935182aeff80bb03cecc5465c8cf3aaccbd446acd,a23c4d44f41c2fc245b02db92b59200f4b443888bdb532b601a5934f5c808064,996465eaaee9e58747c32cf89850a9912798f091ab7f2e378dbc00a9654152c9
source-identity-declaration-20260808T051806+0800-dd1e3d74dca4,ZI-6a81a9eab1027b343b73215a,DS-000141,候选数据文件,BTC,4小时;8小时;24小时;48小时,15分钟;1小时,未知,未知,未知,未知,未知,未知,未知,未知,未知,未登记,无,config/数据/来源身份声明补采.json#身份声明[],b99035eb31437b822b0d8ed9b728e2fbb4b5cd8b8861010049ee43d74fc08647,27f7235cee2d01a99bf0f9f1109e9272501fdb8df65e8befd348f081a6e8a5b8,0c126a0aaaabe4b976e650584466e255c22e869e8792738629f422ecbf58dda1,未知,b3a1fc5ec72ad95e258b584f936ad46befab951e0ee9e43eaa18179e34974387,无法判定,FILE_STAT_OBSERVED_IDENTITY_UNPROVEN,本批次只读；若声明、输入、Schema或授权漂移，既有结论自动失效并须追加新批次,未读取业务正文、价格、成交、订单簿、账户或凭据；身份字段不完整,为该成员提供当前版本九字段声明及逐字段Schema、授权和唯一证据定位后追加不可变批次,2d50c1344a835ceeb832796935182aeff80bb03cecc5465c8cf3aaccbd446acd,a23c4d44f41c2fc245b02db92b59200f4b443888bdb532b601a5934f5c808064,1e06e3cd71ed0835bf0c84cffcc4fb180703b733b71740180f7e66edced8baa0
source-identity-declaration-20260808T051806+0800-dd1e3d74dca4,ZI-009128c1d44092db64fb50b2,DS-000142,候选数据文件,BTC,4小时;8小时;24小时;48小时,15分钟;1小时,未知,未知,未知,未知,未知,未知,未知,未知,未知,未登记,无,config/数据/来源身份声明补采.json#身份声明[],b99035eb31437b822b0d8ed9b728e2fbb4b5cd8b8861010049ee43d74fc08647,80fa1bd6e7005895cf660e56647c09e7daa74e86af408dd82f83ee4d04c6f8b5,ac346df94f38428a491d9033ce3ef6903ce1e2ac4a7c2d04dfde3d4668a39b68,未知,b3a1fc5ec72ad95e258b584f936ad46befab951e0ee9e43eaa18179e34974387,无法判定,FILE_STAT_OBSERVED_IDENTITY_UNPROVEN,本批次只读；若声明、输入、Schema或授权漂移，既有结论自动失效并须追加新批次,未读取业务正文、价格、成交、订单簿、账户或凭据；身份字段不完整,为该成员提供当前版本九字段声明及逐字段Schema、授权和唯一证据定位后追加不可变批次,2d50c1344a835ceeb832796935182aeff80bb03cecc5465c8cf3aaccbd446acd,a23c4d44f41c2fc245b02db92b59200f4b443888bdb532b601a5934f5c808064,fffd9eff43acfc2c8331cbe52cb82eb7fd6bfff25d8b35207ab2dc8ab0af5f6e
source-identity-declaration-20260808T051806+0800-dd1e3d74dca4,ZI-d98242a5fa6a990de942165a,DS-000143,候选数据文件,BTC,4小时;8小时;24小时;48小时,15分钟;1小时,未知,未知,未知,未知,未知,未知,未知,未知,未知,未登记,无,config/数据/来源身份声明补采.json#身份声明[],b99035eb31437b822b0d8ed9b728e2fbb4b5cd8b8861010049ee43d74fc08647,4d297614b41f56e3ac145165007736d4e5d0fc857ba98d3ee2525ae214f66bb1,516aacef531681e029560d1d5f4698e55ef8938d65a28b8bb7b53affef0090b5,未知,b3a1fc5ec72ad95e258b584f936ad46befab951e0ee9e43eaa18179e34974387,无法判定,FILE_STAT_OBSERVED_IDENTITY_UNPROVEN,本批次只读；若声明、输入、Schema或授权漂移，既有结论自动失效并须追加新批次,未读取业务正文、价格、成交、订单簿、账户或凭据；身份字段不完整,为该成员提供当前版本九字段声明及逐字段Schema、授权和唯一证据定位后追加不可变批次,2d50c1344a835ceeb832796935182aeff80bb03cecc5465c8cf3aaccbd446acd,a23c4d44f41c2fc245b02db92b59200f4b443888bdb532b601a5934f5c808064,c4f197284faf16e1a3703b06d32d09fb77b2d21c953b4eddf9bcb56e33e067c1
source-identity-declaration-20260808T051806+0800-dd1e3d74dca4,ZI-656064ee5ebd05df9e1d1d0b,DS-000144,候选数据文件,BTC,4小时;8小时;24小时;48小时,15分钟;1小时,未知,未知,未知,未知,未知,未知,未知,未知,未知,未登记,无,config/数据/来源身份声明补采.json#身份声明[],b99035eb31437b822b0d8ed9b728e2fbb4b5cd8b8861010049ee43d74fc08647,a37f1429695718fc7f7e8f2425da19674e90d6a02d7bb8ff8ce85e66a4f07074,13e2fdb5315ff33a190ad958df8d0df9bcb268f39b696634df5d1e3c89bb0de0,未知,b3a1fc5ec72ad95e258b584f936ad46befab951e0ee9e43eaa18179e34974387,无法判定,FILE_STAT_OBSERVED_IDENTITY_UNPROVEN,本批次只读；若声明、输入、Schema或授权漂移，既有结论自动失效并须追加新批次,未读取业务正文、价格、成交、订单簿、账户或凭据；身份字段不完整,为该成员提供当前版本九字段声明及逐字段Schema、授权和唯一证据定位后追加不可变批次,2d50c1344a835ceeb832796935182aeff80bb03cecc5465c8cf3aaccbd446acd,a23c4d44f41c2fc245b02db92b59200f4b443888bdb532b601a5934f5c808064,f4dfe8f0dc41c67788a23f36073792f3f9a77a546be9b4ece3ffba83459bd06d
source-identity-declaration-20260808T051806+0800-dd1e3d74dca4,ZI-1c10301302ee0cd7a93b0689,DS-000145,候选数据文件,BTC,4小时;8小时;24小时;48小时,15分钟;1小时,未知,未知,未知,未知,未知,未知,未知,未知,未知,未登记,无,config/数据/来源身份声明补采.json#身份声明[],b99035eb31437b822b0d8ed9b728e2fbb4b5cd8b8861010049ee43d74fc08647,12ba9cb4812d9b25d1ce7250ee24a6ecbad7c3e14871b3b350b5ff102581369a,7b852f78154c999774fe501679b321784ddb2a060a3be071fb854db79d271fd2,未知,b3a1fc5ec72ad95e258b584f936ad46befab951e0ee9e43eaa18179e34974387,无法判定,FILE_STAT_OBSERVED_IDENTITY_UNPROVEN,本批次只读；若声明、输入、Schema或授权漂移，既有结论自动失效并须追加新批次,未读取业务正文、价格、成交、订单簿、账户或凭据；身份字段不完整,为该成员提供当前版本九字段声明及逐字段Schema、授权和唯一证据定位后追加不可变批次,2d50c1344a835ceeb832796935182aeff80bb03cecc5465c8cf3aaccbd446acd,a23c4d44f41c2fc245b02db92b59200f4b443888bdb532b601a5934f5c808064,134a77004401c37ac4d7844616eb4eee25379e3930d67d8448d3e51da9611369
source-identity-declaration-20260808T051806+0800-dd1e3d74dca4,ZI-65304f632d8f816f8c997e85,DS-000146,候选数据文件,BTC,4小时;8小时;24小时;48小时,15分钟;1小时,未知,未知,未知,未知,未知,未知,未知,未知,未知,未登记,无,config/数据/来源身份声明补采.json#身份声明[],b99035eb31437b822b0d8ed9b728e2fbb4b5cd8b8861010049ee43d74fc08647,c3cc5610c7e0e33b392b2bdea0167adef56d57f070b3e427f342c684b3ea0688,de03c4896cda37c0c66563807be46f38b891f742ad98e9ed0984cec1b6bae1d9,未知,b3a1fc5ec72ad95e258b584f936ad46befab951e0ee9e43eaa18179e34974387,无法判定,FILE_STAT_OBSERVED_IDENTITY_UNPROVEN,本批次只读；若声明、输入、Schema或授权漂移，既有结论自动失效并须追加新批次,未读取业务正文、价格、成交、订单簿、账户或凭据；身份字段不完整,为该成员提供当前版本九字段声明及逐字段Schema、授权和唯一证据定位后追加不可变批次,2d50c1344a835ceeb832796935182aeff80bb03cecc5465c8cf3aaccbd446acd,a23c4d44f41c2fc245b02db92b59200f4b443888bdb532b601a5934f5c808064,d75a3865686919f89fd84479508440c222315c1acd23195f1b63b5c24ab85b2c
source-identity-declaration-20260808T051806+0800-dd1e3d74dca4,ZI-16acf3cdbbc6cb6240495c7b,DS-000147,候选数据文件,BTC,4小时;8小时;24小时;48小时,15分钟;1小时,未知,未知,未知,未知,未知,未知,未知,未知,未知,未登记,无,config/数据/来源身份声明补采.json#身份声明[],b99035eb31437b822b0d8ed9b728e2fbb4b5cd8b8861010049ee43d74fc08647,ffc57781fb71aec9cd924574bd3fbe2cedfaba4f4cb581fe866c9a9d0dbed1a9,ac590d7eabfb3ee19d164f71da201c86851f75b04b934a01c301489ffce903d5,未知,b3a1fc5ec72ad95e258b584f936ad46befab951e0ee9e43eaa18179e34974387,无法判定,FILE_STAT_OBSERVED_IDENTITY_UNPROVEN,本批次只读；若声明、输入、Schema或授权漂移，既有结论自动失效并须追加新批次,未读取业务正文、价格、成交、订单簿、账户或凭据；身份字段不完整,为该成员提供当前版本九字段声明及逐字段Schema、授权和唯一证据定位后追加不可变批次,2d50c1344a835ceeb832796935182aeff80bb03cecc5465c8cf3aaccbd446acd,a23c4d44f41c2fc245b02db92b59200f4b443888bdb532b601a5934f5c808064,6867f1a2782f8cacf25146c7a1352e0547114ea47e731ebb7d1e930080ab87d2
source-identity-declaration-20260808T051806+0800-dd1e3d74dca4,ZI-5dfc284725b608d6c0455773,DS-000148,候选数据文件,BTC,4小时;8小时;24小时;48小时,15分钟;1小时,未知,未知,未知,未知,未知,未知,未知,未知,未知,未登记,无,config/数据/来源身份声明补采.json#身份声明[],b99035eb31437b822b0d8ed9b728e2fbb4b5cd8b8861010049ee43d74fc08647,3a02343642236a2a3e657efef9c7518e0c47343c29a0fed06dac9abe93d62260,9b15026508f4301f1e2aefcc4d22d64380b8d8e581f3955d41c11761606ac24f,未知,b3a1fc5ec72ad95e258b584f936ad46befab951e0ee9e43eaa18179e34974387,无法判定,FILE_STAT_OBSERVED_IDENTITY_UNPROVEN,本批次只读；若声明、输入、Schema或授权漂移，既有结论自动失效并须追加新批次,未读取业务正文、价格、成交、订单簿、账户或凭据；身份字段不完整,为该成员提供当前版本九字段声明及逐字段Schema、授权和唯一证据定位后追加不可变批次,2d50c1344a835ceeb832796935182aeff80bb03cecc5465c8cf3aaccbd446acd,a23c4d44f41c2fc245b02db92b59200f4b443888bdb532b601a5934f5c808064,bddd4cca8c07f43df0daced74031aa07655001c88e95a6e72c9c6a9d8a31cc5b
source-identity-declaration-20260808T051806+0800-dd1e3d74dca4,ZI-fb04e2b97b0709831aeef170,DS-000149,候选数据文件,BTC,4小时;8小时;24小时;48小时,15分钟;1小时,未知,未知,未知,未知,未知,未知,未知,未知,未知,未登记,无,config/数据/来源身份声明补采.json#身份声明[],b99035eb31437b822b0d8ed9b728e2fbb4b5cd8b8861010049ee43d74fc08647,a873240ba93a952953aa11ac5f6f40fac71db86b7055f9b2d8541c48f40d345b,c4c0fa8bfefc782ab8963b781ae8b3bd00c5081026ed977dc8a039084b1b3a25,未知,b3a1fc5ec72ad95e258b584f936ad46befab951e0ee9e43eaa18179e34974387,无法判定,FILE_STAT_OBSERVED_IDENTITY_UNPROVEN,本批次只读；若声明、输入、Schema或授权漂移，既有结论自动失效并须追加新批次,未读取业务正文、价格、成交、订单簿、账户或凭据；身份字段不完整,为该成员提供当前版本九字段声明及逐字段Schema、授权和唯一证据定位后追加不可变批次,2d50c1344a835ceeb832796935182aeff80bb03cecc5465c8cf3aaccbd446acd,a23c4d44f41c2fc245b02db92b59200f4b443888bdb532b601a5934f5c808064,99232092272ae3549c256ad52907fbf4060ba6b70eb9f3e9d8a86aa711fb8098
source-identity-declaration-20260808T051806+0800-dd1e3d74dca4,ZI-5e9e4d83ac97e26370280732,DS-000150,候选数据文件,BTC,4小时;8小时;24小时;48小时,15分钟;1小时,未知,未知,未知,未知,未知,未知,未知,未知,未知,未登记,无,config/数据/来源身份声明补采.json#身份声明[],b99035eb31437b822b0d8ed9b728e2fbb4b5cd8b8861010049ee43d74fc08647,40939ad30387a7158ed57b306fe0d71798f08cbe52327025d40af30da47e9dc6,d707f1184ffd684db0b8c690dcefebd30e65310386a337a9481373f277d913da,未知,b3a1fc5ec72ad95e258b584f936ad46befab951e0ee9e43eaa18179e34974387,无法判定,FILE_STAT_OBSERVED_IDENTITY_UNPROVEN,本批次只读；若声明、输入、Schema或授权漂移，既有结论自动失效并须追加新批次,未读取业务正文、价格、成交、订单簿、账户或凭据；身份字段不完整,为该成员提供当前版本九字段声明及逐字段Schema、授权和唯一证据定位后追加不可变批次,2d50c1344a835ceeb832796935182aeff80bb03cecc5465c8cf3aaccbd446acd,a23c4d44f41c2fc245b02db92b59200f4b443888bdb532b601a5934f5c808064,5b0207be18c6ba14f59a618cdb81e6aca684c335e69a483ee09760370cde821e
source-identity-declaration-20260808T051806+0800-dd1e3d74dca4,ZI-0424adadee4f47a70743fdba,DS-000151,候选数据文件,BTC,4小时;8小时;24小时;48小时,15分钟;1小时,未知,未知,未知,未知,未知,未知,未知,未知,未知,未登记,无,config/数据/来源身份声明补采.json#身份声明[],b99035eb31437b822b0d8ed9b728e2fbb4b5cd8b8861010049ee43d74fc08647,576e8c8e6487f15c636a679f4a040797e58715ed5fcaeaa34cc9be2b42fc0bd9,4430b05213f8fb6e099218b623736ef4a90c76a53846aa74227f9be1b4c02472,未知,b3a1fc5ec72ad95e258b584f936ad46befab951e0ee9e43eaa18179e34974387,无法判定,FILE_STAT_OBSERVED_IDENTITY_UNPROVEN,本批次只读；若声明、输入、Schema或授权漂移，既有结论自动失效并须追加新批次,未读取业务正文、价格、成交、订单簿、账户或凭据；身份字段不完整,为该成员提供当前版本九字段声明及逐字段Schema、授权和唯一证据定位后追加不可变批次,2d50c1344a835ceeb832796935182aeff80bb03cecc5465c8cf3aaccbd446acd,a23c4d44f41c2fc245b02db92b59200f4b443888bdb532b601a5934f5c808064,1dce0e4a929b571496cc745c4bd94aba3975732fd091d2b14d88b5d03d84748c
source-identity-declaration-20260808T051806+0800-dd1e3d74dca4,ZI-0c07e377a75105645df6b291,DS-000152,候选数据文件,BTC,4小时;8小时;24小时;48小时,15分钟;1小时,未知,未知,未知,未知,未知,未知,未知,未知,未知,未登记,无,config/数据/来源身份声明补采.json#身份声明[],b99035eb31437b822b0d8ed9b728e2fbb4b5cd8b8861010049ee43d74fc08647,72c373f523c68c010f48416824dc922cc7bdcb6a7af086a80aff26503846cc1f,108b6fbb555b3a70e9ee67cd5d1014f7d8fe2e5589151961829d64c52378056e,未知,b3a1fc5ec72ad95e258b584f936ad46befab951e0ee9e43eaa18179e34974387,无法判定,FILE_STAT_OBSERVED_IDENTITY_UNPROVEN,本批次只读；若声明、输入、Schema或授权漂移，既有结论自动失效并须追加新批次,未读取业务正文、价格、成交、订单簿、账户或凭据；身份字段不完整,为该成员提供当前版本九字段声明及逐字段Schema、授权和唯一证据定位后追加不可变批次,2d50c1344a835ceeb832796935182aeff80bb03cecc5465c8cf3aaccbd446acd,a23c4d44f41c2fc245b02db92b59200f4b443888bdb532b601a5934f5c808064,50ba2ab0cbe5445e517c67cef7094c998dca5a645949d73c5d0ddbf81153300f
source-identity-declaration-20260808T051806+0800-dd1e3d74dca4,ZI-640d37576121e3a650ac0d2e,DS-000153,候选数据文件,BTC,4小时;8小时;24小时;48小时,15分钟;1小时,未知,未知,未知,未知,未知,未知,未知,未知,未知,未登记,无,config/数据/来源身份声明补采.json#身份声明[],b99035eb31437b822b0d8ed9b728e2fbb4b5cd8b8861010049ee43d74fc08647,546a99b7d0834c6f48dec4b7ae8905dcf109bb0225eadb4e316d5042925f9656,0533d8e0b6d12c6b9ede3c937d4b10662e237dc6a3bad54eeb885580a8af4179,未知,b3a1fc5ec72ad95e258b584f936ad46befab951e0ee9e43eaa18179e34974387,无法判定,FILE_STAT_OBSERVED_IDENTITY_UNPROVEN,本批次只读；若声明、输入、Schema或授权漂移，既有结论自动失效并须追加新批次,未读取业务正文、价格、成交、订单簿、账户或凭据；身份字段不完整,为该成员提供当前版本九字段声明及逐字段Schema、授权和唯一证据定位后追加不可变批次,2d50c1344a835ceeb832796935182aeff80bb03cecc5465c8cf3aaccbd446acd,a23c4d44f41c2fc245b02db92b59200f4b443888bdb532b601a5934f5c808064,65acd6267b7cf3715a6ce4911d6ea397016c7fa09ec886dea980e86c0a4bee92
source-identity-declaration-20260808T051806+0800-dd1e3d74dca4,ZI-21ac823fa28df5c1e70a4664,DS-000154,候选数据文件,BTC,4小时;8小时;24小时;48小时,15分钟;1小时,未知,未知,未知,未知,未知,未知,未知,未知,未知,未登记,无,config/数据/来源身份声明补采.json#身份声明[],b99035eb31437b822b0d8ed9b728e2fbb4b5cd8b8861010049ee43d74fc08647,ee9e0ae362a297ec3bf7aa435152701795b513a1aff9467f7d54516156653425,9e9aeb1cd8dae51e446f83370f344a25cea9e53fd13366073c03d249cc438238,未知,b3a1fc5ec72ad95e258b584f936ad46befab951e0ee9e43eaa18179e34974387,无法判定,FILE_STAT_OBSERVED_IDENTITY_UNPROVEN,本批次只读；若声明、输入、Schema或授权漂移，既有结论自动失效并须追加新批次,未读取业务正文、价格、成交、订单簿、账户或凭据；身份字段不完整,为该成员提供当前版本九字段声明及逐字段Schema、授权和唯一证据定位后追加不可变批次,2d50c1344a835ceeb832796935182aeff80bb03cecc5465c8cf3aaccbd446acd,a23c4d44f41c2fc245b02db92b59200f4b443888bdb532b601a5934f5c808064,be02edfebc33583d076f5d2b97b56a40432ebd543a25c98f9d66c055c19e3210
source-identity-declaration-20260808T051806+0800-dd1e3d74dca4,ZI-cdad1cc147a20a41f7f2ee26,DS-000155,候选数据文件,BTC,4小时;8小时;24小时;48小时,15分钟;1小时,未知,未知,未知,未知,未知,未知,未知,未知,未知,未登记,无,config/数据/来源身份声明补采.json#身份声明[],b99035eb31437b822b0d8ed9b728e2fbb4b5cd8b8861010049ee43d74fc08647,6f2aca25eaf8f6fd1197fd066869629e61faf4077b6408d812252f2149ddc42f,1e6c230a58eaa438dcb3e183f507aa42230a73c7df9d67f784d606bb4ec6f622,未知,b3a1fc5ec72ad95e258b584f936ad46befab951e0ee9e43eaa18179e34974387,无法判定,FILE_STAT_OBSERVED_IDENTITY_UNPROVEN,本批次只读；若声明、输入、Schema或授权漂移，既有结论自动失效并须追加新批次,未读取业务正文、价格、成交、订单簿、账户或凭据；身份字段不完整,为该成员提供当前版本九字段声明及逐字段Schema、授权和唯一证据定位后追加不可变批次,2d50c1344a835ceeb832796935182aeff80bb03cecc5465c8cf3aaccbd446acd,a23c4d44f41c2fc245b02db92b59200f4b443888bdb532b601a5934f5c808064,7b4b96d5122c8b85fb135779edb9b3acb221bb76146ed1b6bf2eab6873544f56
source-identity-declaration-20260808T051806+0800-dd1e3d74dca4,ZI-6939ba155854862e518e6009,DS-000156,候选数据文件,BTC,4小时;8小时;24小时;48小时,15分钟;1小时,未知,未知,未知,未知,未知,未知,未知,未知,未知,未登记,无,config/数据/来源身份声明补采.json#身份声明[],b99035eb31437b822b0d8ed9b728e2fbb4b5cd8b8861010049ee43d74fc08647,a72715813de459c323b00c15154ac684ead7ae93d24f420a1fafec5468fa83e7,dcce43d13d18d38acf10f20158a8f39618013cbe1cf5d78e28d03985bb4f5c9c,未知,b3a1fc5ec72ad95e258b584f936ad46befab951e0ee9e43eaa18179e34974387,无法判定,FILE_STAT_OBSERVED_IDENTITY_UNPROVEN,本批次只读；若声明、输入、Schema或授权漂移，既有结论自动失效并须追加新批次,未读取业务正文、价格、成交、订单簿、账户或凭据；身份字段不完整,为该成员提供当前版本九字段声明及逐字段Schema、授权和唯一证据定位后追加不可变批次,2d50c1344a835ceeb832796935182aeff80bb03cecc5465c8cf3aaccbd446acd,a23c4d44f41c2fc245b02db92b59200f4b443888bdb532b601a5934f5c808064,013c493156d12dc28d7e2d1242d2a9248a1923b03f15403396744afc60a27f31
source-identity-declaration-20260808T051806+0800-dd1e3d74dca4,ZI-94557927f00d78aaf5722db0,DS-000157,候选数据文件,BTC,4小时;8小时;24小时;48小时,15分钟;1小时,未知,未知,未知,未知,未知,未知,未知,未知,未知,未登记,无,config/数据/来源身份声明补采.json#身份声明[],b99035eb31437b822b0d8ed9b728e2fbb4b5cd8b8861010049ee43d74fc08647,6eda5591fc0c247a607d37e4cdf6c45a53d77565384aa87932c05f3fdc45535c,cfc50dbc800e42763d228a343b77b0a46832ab7484088a47d1d00652d6679489,未知,b3a1fc5ec72ad95e258b584f936ad46befab951e0ee9e43eaa18179e34974387,无法判定,FILE_STAT_OBSERVED_IDENTITY_UNPROVEN,本批次只读；若声明、输入、Schema或授权漂移，既有结论自动失效并须追加新批次,未读取业务正文、价格、成交、订单簿、账户或凭据；身份字段不完整,为该成员提供当前版本九字段声明及逐字段Schema、授权和唯一证据定位后追加不可变批次,2d50c1344a835ceeb832796935182aeff80bb03cecc5465c8cf3aaccbd446acd,a23c4d44f41c2fc245b02db92b59200f4b443888bdb532b601a5934f5c808064,0250365784503f700832292d7787fa0a6b9bca9e82fe4979ffa4dfe8457ccd04
source-identity-declaration-20260808T051806+0800-dd1e3d74dca4,ZI-7617512dc642e8f9c0fc1dfc,DS-000158,候选数据文件,BTC,4小时;8小时;24小时;48小时,15分钟;1小时,未知,未知,未知,未知,未知,未知,未知,未知,未知,未登记,无,config/数据/来源身份声明补采.json#身份声明[],b99035eb31437b822b0d8ed9b728e2fbb4b5cd8b8861010049ee43d74fc08647,72f486a70d9704d448d87595639e86f5186ef95992b2c4885e6b2b8b853a9d1a,c0d56db7a8cd51b714c2ccf5a2917efb4ba24594d0ec056d883eba7335c1fde4,未知,b3a1fc5ec72ad95e258b584f936ad46befab951e0ee9e43eaa18179e34974387,无法判定,FILE_STAT_OBSERVED_IDENTITY_UNPROVEN,本批次只读；若声明、输入、Schema或授权漂移，既有结论自动失效并须追加新批次,未读取业务正文、价格、成交、订单簿、账户或凭据；身份字段不完整,为该成员提供当前版本九字段声明及逐字段Schema、授权和唯一证据定位后追加不可变批次,2d50c1344a835ceeb832796935182aeff80bb03cecc5465c8cf3aaccbd446acd,a23c4d44f41c2fc245b02db92b59200f4b443888bdb532b601a5934f5c808064,6073cc20f322e343b4625cb99450ec3fac9ee46cff28e9bc080f3908441ec0d9
source-identity-declaration-20260808T051806+0800-dd1e3d74dca4,ZI-e4239ea33b886b3a8126a033,DS-000159,候选数据文件,BTC,4小时;8小时;24小时;48小时,15分钟;1小时,未知,未知,未知,未知,未知,未知,未知,未知,未知,未登记,无,config/数据/来源身份声明补采.json#身份声明[],b99035eb31437b822b0d8ed9b728e2fbb4b5cd8b8861010049ee43d74fc08647,3542d314315b3e35751cb209f4c796189b505af0f86578c853de6478c418adba,c0d294afed3dc4f62621cdf0991d928a09464de5948ca639d064da170ed873ca,未知,b3a1fc5ec72ad95e258b584f936ad46befab951e0ee9e43eaa18179e34974387,无法判定,FILE_STAT_OBSERVED_IDENTITY_UNPROVEN,本批次只读；若声明、输入、Schema或授权漂移，既有结论自动失效并须追加新批次,未读取业务正文、价格、成交、订单簿、账户或凭据；身份字段不完整,为该成员提供当前版本九字段声明及逐字段Schema、授权和唯一证据定位后追加不可变批次,2d50c1344a835ceeb832796935182aeff80bb03cecc5465c8cf3aaccbd446acd,a23c4d44f41c2fc245b02db92b59200f4b443888bdb532b601a5934f5c808064,c7996baa0c7a3927c5448278395e6bdf1480059a915035fdc5ada333661ed234
source-identity-declaration-20260808T051806+0800-dd1e3d74dca4,ZI-f6ab3dfe71d4fa1f19c5dc34,DS-000160,候选数据文件,BTC,4小时;8小时;24小时;48小时,15分钟;1小时,未知,未知,未知,未知,未知,未知,未知,未知,未知,未登记,无,config/数据/来源身份声明补采.json#身份声明[],b99035eb31437b822b0d8ed9b728e2fbb4b5cd8b8861010049ee43d74fc08647,d7aa39396e7a11768826401789432108e5ab65f5340646b4925cc6bb9bf83dfb,a0ad347af77aa82e8e07e314c8c6719f2d02e94150ab18124b7aa81a425c5d45,未知,b3a1fc5ec72ad95e258b584f936ad46befab951e0ee9e43eaa18179e34974387,无法判定,FILE_STAT_OBSERVED_IDENTITY_UNPROVEN,本批次只读；若声明、输入、Schema或授权漂移，既有结论自动失效并须追加新批次,未读取业务正文、价格、成交、订单簿、账户或凭据；身份字段不完整,为该成员提供当前版本九字段声明及逐字段Schema、授权和唯一证据定位后追加不可变批次,2d50c1344a835ceeb832796935182aeff80bb03cecc5465c8cf3aaccbd446acd,a23c4d44f41c2fc245b02db92b59200f4b443888bdb532b601a5934f5c808064,90a0964e450b0007c2c46ef077d8762bccfe9c30674e7e602fe4fc592f220237
source-identity-declaration-20260808T051806+0800-dd1e3d74dca4,ZI-d9887ba0784f6c2473f97059,DS-000161,候选数据文件,BTC,4小时;8小时;24小时;48小时,15分钟;1小时,未知,未知,未知,未知,未知,未知,未知,未知,未知,未登记,无,config/数据/来源身份声明补采.json#身份声明[],b99035eb31437b822b0d8ed9b728e2fbb4b5cd8b8861010049ee43d74fc08647,ec01d645a01d99926ec9405f77b33b2cb182ca4135cfdfeeadee39f80bdbeab5,dc9ac80131204fdaf9eb80e86b459252b4ccadd49e3233c98d0932a0a8d3b3a0,未知,b3a1fc5ec72ad95e258b584f936ad46befab951e0ee9e43eaa18179e34974387,无法判定,FILE_STAT_OBSERVED_IDENTITY_UNPROVEN,本批次只读；若声明、输入、Schema或授权漂移，既有结论自动失效并须追加新批次,未读取业务正文、价格、成交、订单簿、账户或凭据；身份字段不完整,为该成员提供当前版本九字段声明及逐字段Schema、授权和唯一证据定位后追加不可变批次,2d50c1344a835ceeb832796935182aeff80bb03cecc5465c8cf3aaccbd446acd,a23c4d44f41c2fc245b02db92b59200f4b443888bdb532b601a5934f5c808064,54d14aee7e82ac6dd7fb7aecf160ae1295c3f364a2d9c43c4f41365302dc80ff
source-identity-declaration-20260808T051806+0800-dd1e3d74dca4,ZI-455991cb8b0b7e308ee383e8,DS-000162,候选数据文件,BTC,4小时;8小时;24小时;48小时,15分钟;1小时,未知,未知,未知,未知,未知,未知,未知,未知,未知,未登记,无,config/数据/来源身份声明补采.json#身份声明[],b99035eb31437b822b0d8ed9b728e2fbb4b5cd8b8861010049ee43d74fc08647,8bcd4a1f32df538b6b79746044da34ee5f0dd05800d6484cd0ba9601ce36ca5e,4539a9b5b7b96a6535417bdb1e909c2339da59b04d9c3eb84a59ed1b72a6e46d,未知,b3a1fc5ec72ad95e258b584f936ad46befab951e0ee9e43eaa18179e34974387,无法判定,FILE_STAT_OBSERVED_IDENTITY_UNPROVEN,本批次只读；若声明、输入、Schema或授权漂移，既有结论自动失效并须追加新批次,未读取业务正文、价格、成交、订单簿、账户或凭据；身份字段不完整,为该成员提供当前版本九字段声明及逐字段Schema、授权和唯一证据定位后追加不可变批次,2d50c1344a835ceeb832796935182aeff80bb03cecc5465c8cf3aaccbd446acd,a23c4d44f41c2fc245b02db92b59200f4b443888bdb532b601a5934f5c808064,e19df9169a8105bef7a3f1438d14eb89dcd1790b44ec5d35eae9d4db84902404
source-identity-declaration-20260808T051806+0800-dd1e3d74dca4,ZI-d66eff48ef4c87b84424c5f3,DS-000163,候选数据文件,BTC,4小时;8小时;24小时;48小时,15分钟;1小时,未知,未知,未知,未知,未知,未知,未知,未知,未知,未登记,无,config/数据/来源身份声明补采.json#身份声明[],b99035eb31437b822b0d8ed9b728e2fbb4b5cd8b8861010049ee43d74fc08647,752b82b872a799d4af7a2c30cdbe801cc698881ef471389e897662c027aa4d11,5122f735e57d5cdbf919ac937da2bdf1d073a6e477fea5f07c16807ef62ce290,未知,b3a1fc5ec72ad95e258b584f936ad46befab951e0ee9e43eaa18179e34974387,无法判定,FILE_STAT_OBSERVED_IDENTITY_UNPROVEN,本批次只读；若声明、输入、Schema或授权漂移，既有结论自动失效并须追加新批次,未读取业务正文、价格、成交、订单簿、账户或凭据；身份字段不完整,为该成员提供当前版本九字段声明及逐字段Schema、授权和唯一证据定位后追加不可变批次,2d50c1344a835ceeb832796935182aeff80bb03cecc5465c8cf3aaccbd446acd,a23c4d44f41c2fc245b02db92b59200f4b443888bdb532b601a5934f5c808064,db3883ff0e67cd9ec2624f4dc7fde876038d93976fdc78b3f551e1b307e5fa63
source-identity-declaration-20260808T051806+0800-dd1e3d74dca4,ZI-17947f8323f81e7134b3ea1c,DS-000164,候选数据文件,BTC,4小时;8小时;24小时;48小时,15分钟;1小时,未知,未知,未知,未知,未知,未知,未知,未知,未知,未登记,无,config/数据/来源身份声明补采.json#身份声明[],b99035eb31437b822b0d8ed9b728e2fbb4b5cd8b8861010049ee43d74fc08647,cb3f2cfa1431a5e9847c70b5630e69fb57a0b38a928b2348486398c485d9bae6,3cb00e451782a8e18c8fa701abca54261b37770aa105bfbfc49de70477a8c519,未知,b3a1fc5ec72ad95e258b584f936ad46befab951e0ee9e43eaa18179e34974387,拒绝,INPUT_MEMBER_REJECTED,本批次只读；若声明、输入、Schema或授权漂移，既有结论自动失效并须追加新批次,未读取业务正文、价格、成交、订单簿、账户或凭据；身份字段不完整,为该成员提供当前版本九字段声明及逐字段Schema、授权和唯一证据定位后追加不可变批次,2d50c1344a835ceeb832796935182aeff80bb03cecc5465c8cf3aaccbd446acd,a23c4d44f41c2fc245b02db92b59200f4b443888bdb532b601a5934f5c808064,4563ebd6a229b23f3831d55de365d5266a1d76ef44e6bb073752f4557813bf5d
source-identity-declaration-20260808T051806+0800-dd1e3d74dca4,ZI-f26abf407f8b04d24370113f,DS-000165,候选数据文件,BTC,4小时;8小时;24小时;48小时,15分钟;1小时,未知,未知,未知,未知,未知,未知,未知,未知,未知,未登记,无,config/数据/来源身份声明补采.json#身份声明[],b99035eb31437b822b0d8ed9b728e2fbb4b5cd8b8861010049ee43d74fc08647,c3e43bdaf00cb3c1f31558af9d95c281dcf7b02f513783e1b2d81801c988131b,5ab2d649df5401c8fae6ad9c39cc82b2e883477d2cbaa9e60c4cb5254c47d82e,未知,b3a1fc5ec72ad95e258b584f936ad46befab951e0ee9e43eaa18179e34974387,无法判定,FILE_STAT_OBSERVED_IDENTITY_UNPROVEN,本批次只读；若声明、输入、Schema或授权漂移，既有结论自动失效并须追加新批次,未读取业务正文、价格、成交、订单簿、账户或凭据；身份字段不完整,为该成员提供当前版本九字段声明及逐字段Schema、授权和唯一证据定位后追加不可变批次,2d50c1344a835ceeb832796935182aeff80bb03cecc5465c8cf3aaccbd446acd,a23c4d44f41c2fc245b02db92b59200f4b443888bdb532b601a5934f5c808064,c3a12e4ce92635d698fc68e3bcc647d044d2195c8f8565aa2effcf1273162084
source-identity-declaration-20260808T051806+0800-dd1e3d74dca4,ZI-4b9d46c03dd6f781351926e4,DS-000166,候选数据文件,BTC,4小时;8小时;24小时;48小时,15分钟;1小时,未知,未知,未知,未知,未知,未知,未知,未知,未知,未登记,无,config/数据/来源身份声明补采.json#身份声明[],b99035eb31437b822b0d8ed9b728e2fbb4b5cd8b8861010049ee43d74fc08647,124c9805ad883e81114457ba70e09538f6482e40db071620d525d646cc62ca8e,425ef1f0e14d676b95f9708c9615aaf6c370601ce408f92ba11f2c193f0a3b6a,未知,b3a1fc5ec72ad95e258b584f936ad46befab951e0ee9e43eaa18179e34974387,无法判定,FILE_STAT_OBSERVED_IDENTITY_UNPROVEN,本批次只读；若声明、输入、Schema或授权漂移，既有结论自动失效并须追加新批次,未读取业务正文、价格、成交、订单簿、账户或凭据；身份字段不完整,为该成员提供当前版本九字段声明及逐字段Schema、授权和唯一证据定位后追加不可变批次,2d50c1344a835ceeb832796935182aeff80bb03cecc5465c8cf3aaccbd446acd,a23c4d44f41c2fc245b02db92b59200f4b443888bdb532b601a5934f5c808064,097fdf8e3bcc11d81992549a9236b38f94eba5595675a795a66c5271f5e1b4b6
source-identity-declaration-20260808T051806+0800-dd1e3d74dca4,ZI-34dff9049f1d369afb466555,DS-000167,候选数据文件,BTC,4小时;8小时;24小时;48小时,15分钟;1小时,未知,未知,未知,未知,未知,未知,未知,未知,未知,未登记,无,config/数据/来源身份声明补采.json#身份声明[],b99035eb31437b822b0d8ed9b728e2fbb4b5cd8b8861010049ee43d74fc08647,21e4a941e92f073fd4e7b87229f307e3ce1d789f3cfef3dadf9038462b8a8c68,b32ca4def24cbf80869b56a463f100afc4c4670d4009b9a2d371aa974b0ffc46,未知,b3a1fc5ec72ad95e258b584f936ad46befab951e0ee9e43eaa18179e34974387,无法判定,FILE_STAT_OBSERVED_IDENTITY_UNPROVEN,本批次只读；若声明、输入、Schema或授权漂移，既有结论自动失效并须追加新批次,未读取业务正文、价格、成交、订单簿、账户或凭据；身份字段不完整,为该成员提供当前版本九字段声明及逐字段Schema、授权和唯一证据定位后追加不可变批次,2d50c1344a835ceeb832796935182aeff80bb03cecc5465c8cf3aaccbd446acd,a23c4d44f41c2fc245b02db92b59200f4b443888bdb532b601a5934f5c808064,5ebeb48c27e90b439f94bf8a8b4d1536107e594c96411abef706f26f952d4ab5
source-identity-declaration-20260808T051806+0800-dd1e3d74dca4,ZI-e55942224685f7d269286e18,DS-000168,候选数据文件,BTC,4小时;8小时;24小时;48小时,15分钟;1小时,未知,未知,未知,未知,未知,未知,未知,未知,未知,未登记,无,config/数据/来源身份声明补采.json#身份声明[],b99035eb31437b822b0d8ed9b728e2fbb4b5cd8b8861010049ee43d74fc08647,f8a62a522dbf19d9f77ac41019b29e0d5926d40fae094dc88dac45931309b6fa,42a7765fe79270f5d9d9041bee0173687625331f6828a396ba51a9e0c7bd7a64,未知,b3a1fc5ec72ad95e258b584f936ad46befab951e0ee9e43eaa18179e34974387,无法判定,FILE_STAT_OBSERVED_IDENTITY_UNPROVEN,本批次只读；若声明、输入、Schema或授权漂移，既有结论自动失效并须追加新批次,未读取业务正文、价格、成交、订单簿、账户或凭据；身份字段不完整,为该成员提供当前版本九字段声明及逐字段Schema、授权和唯一证据定位后追加不可变批次,2d50c1344a835ceeb832796935182aeff80bb03cecc5465c8cf3aaccbd446acd,a23c4d44f41c2fc245b02db92b59200f4b443888bdb532b601a5934f5c808064,de9e683e52c82d0f5c34d120488e302385a5fa17cc6d0eef0827346e1b2e1c3b
source-identity-declaration-20260808T051806+0800-dd1e3d74dca4,ZI-5a84cfbc430a960cd28000ec,DS-000169,候选数据文件,BTC,4小时;8小时;24小时;48小时,15分钟;1小时,未知,未知,未知,未知,未知,未知,未知,未知,未知,未登记,无,config/数据/来源身份声明补采.json#身份声明[],b99035eb31437b822b0d8ed9b728e2fbb4b5cd8b8861010049ee43d74fc08647,671abd7b1989a86c583e552837880726ae9a67b0aab16e05de13612a73d4ecdf,64140a4d03c3f2ce133bafa03730e3251680d29831565a5e34fb88aa4dbb47bd,未知,b3a1fc5ec72ad95e258b584f936ad46befab951e0ee9e43eaa18179e34974387,无法判定,FILE_STAT_OBSERVED_IDENTITY_UNPROVEN,本批次只读；若声明、输入、Schema或授权漂移，既有结论自动失效并须追加新批次,未读取业务正文、价格、成交、订单簿、账户或凭据；身份字段不完整,为该成员提供当前版本九字段声明及逐字段Schema、授权和唯一证据定位后追加不可变批次,2d50c1344a835ceeb832796935182aeff80bb03cecc5465c8cf3aaccbd446acd,a23c4d44f41c2fc245b02db92b59200f4b443888bdb532b601a5934f5c808064,1387bce52a0d2f68493abdd281bf17ebc92e062803b10228106299484342fc47
source-identity-declaration-20260808T051806+0800-dd1e3d74dca4,ZI-fb526a38ae5fd3aa09ae64ae,DS-000170,候选数据文件,BTC,4小时;8小时;24小时;48小时,15分钟;1小时,未知,未知,未知,未知,未知,未知,未知,未知,未知,未登记,无,config/数据/来源身份声明补采.json#身份声明[],b99035eb31437b822b0d8ed9b728e2fbb4b5cd8b8861010049ee43d74fc08647,9880223dc66afea86d19de7288fac597977eb9007513637dd141df6bbb558cf1,06c11f3ab701a0a19c9cabcb319024670f0e5b7b29d0f92693f2b4753cda4a41,未知,b3a1fc5ec72ad95e258b584f936ad46befab951e0ee9e43eaa18179e34974387,无法判定,FILE_STAT_OBSERVED_IDENTITY_UNPROVEN,本批次只读；若声明、输入、Schema或授权漂移，既有结论自动失效并须追加新批次,未读取业务正文、价格、成交、订单簿、账户或凭据；身份字段不完整,为该成员提供当前版本九字段声明及逐字段Schema、授权和唯一证据定位后追加不可变批次,2d50c1344a835ceeb832796935182aeff80bb03cecc5465c8cf3aaccbd446acd,a23c4d44f41c2fc245b02db92b59200f4b443888bdb532b601a5934f5c808064,bda3deb098ae35a2d3b2f3b59bff78610ef306ff7c03f58ec0869c8513d46b66
source-identity-declaration-20260808T051806+0800-dd1e3d74dca4,ZI-7d429d1f623c63bbc6f1ef8e,DS-000171,候选数据文件,BTC,4小时;8小时;24小时;48小时,15分钟;1小时,未知,未知,未知,未知,未知,未知,未知,未知,未知,未登记,无,config/数据/来源身份声明补采.json#身份声明[],b99035eb31437b822b0d8ed9b728e2fbb4b5cd8b8861010049ee43d74fc08647,bafa83fba181792f378cb580dcfa6120abaf40fd3a0e15b52ee8bb9850b1d7c1,67422e259cca1b04fc2e9b955c788220d84b86ba4a9a45f4535eb0ff03cdd0be,未知,b3a1fc5ec72ad95e258b584f936ad46befab951e0ee9e43eaa18179e34974387,无法判定,FILE_STAT_OBSERVED_IDENTITY_UNPROVEN,本批次只读；若声明、输入、Schema或授权漂移，既有结论自动失效并须追加新批次,未读取业务正文、价格、成交、订单簿、账户或凭据；身份字段不完整,为该成员提供当前版本九字段声明及逐字段Schema、授权和唯一证据定位后追加不可变批次,2d50c1344a835ceeb832796935182aeff80bb03cecc5465c8cf3aaccbd446acd,a23c4d44f41c2fc245b02db92b59200f4b443888bdb532b601a5934f5c808064,57468bc1f6fcbdbb1644ac8b4d6b40ef03c39e93834387ddafb002e0407543d1
source-identity-declaration-20260808T051806+0800-dd1e3d74dca4,ZI-aac1bb06a6b99207067ded53,DS-000172,候选数据文件,BTC,4小时;8小时;24小时;48小时,15分钟;1小时,未知,未知,未知,未知,未知,未知,未知,未知,未知,未登记,无,config/数据/来源身份声明补采.json#身份声明[],b99035eb31437b822b0d8ed9b728e2fbb4b5cd8b8861010049ee43d74fc08647,eb688bbf8774884808324cb917637b38b808edcce9636716f36c0c73a0bb1a70,d07e0a7ee6d5042ac739192da37870e05d496f400febfcedf4ebd8c4cf0d8d9f,未知,b3a1fc5ec72ad95e258b584f936ad46befab951e0ee9e43eaa18179e34974387,无法判定,FILE_STAT_OBSERVED_IDENTITY_UNPROVEN,本批次只读；若声明、输入、Schema或授权漂移，既有结论自动失效并须追加新批次,未读取业务正文、价格、成交、订单簿、账户或凭据；身份字段不完整,为该成员提供当前版本九字段声明及逐字段Schema、授权和唯一证据定位后追加不可变批次,2d50c1344a835ceeb832796935182aeff80bb03cecc5465c8cf3aaccbd446acd,a23c4d44f41c2fc245b02db92b59200f4b443888bdb532b601a5934f5c808064,323f46803b8f993c95c00381646134223b5afe52580444c2b0f90467d9e18176
source-identity-declaration-20260808T051806+0800-dd1e3d74dca4,ZI-fa106fa26030d60d8965c34b,DS-000173,候选数据文件,BTC,4小时;8小时;24小时;48小时,15分钟;1小时,未知,未知,未知,未知,未知,未知,未知,未知,未知,未登记,无,config/数据/来源身份声明补采.json#身份声明[],b99035eb31437b822b0d8ed9b728e2fbb4b5cd8b8861010049ee43d74fc08647,a06211053ef3792fd50827071a13e367103be5199d7b34c0e41b19e742bec238,57453db45728268e6923997ba51f41f2f867983d59daa2cf1670e949dfd12cf1,未知,b3a1fc5ec72ad95e258b584f936ad46befab951e0ee9e43eaa18179e34974387,无法判定,FILE_STAT_OBSERVED_IDENTITY_UNPROVEN,本批次只读；若声明、输入、Schema或授权漂移，既有结论自动失效并须追加新批次,未读取业务正文、价格、成交、订单簿、账户或凭据；身份字段不完整,为该成员提供当前版本九字段声明及逐字段Schema、授权和唯一证据定位后追加不可变批次,2d50c1344a835ceeb832796935182aeff80bb03cecc5465c8cf3aaccbd446acd,a23c4d44f41c2fc245b02db92b59200f4b443888bdb532b601a5934f5c808064,0b67df62c4acf890d8c60cd2146949350af5bb93b0f9e1e2c5e7c603663d90ba
source-identity-declaration-20260808T051806+0800-dd1e3d74dca4,ZI-a395eafdee634d105fbc037f,DS-000174,候选数据文件,BTC,4小时;8小时;24小时;48小时,15分钟;1小时,未知,未知,未知,未知,未知,未知,未知,未知,未知,未登记,无,config/数据/来源身份声明补采.json#身份声明[],b99035eb31437b822b0d8ed9b728e2fbb4b5cd8b8861010049ee43d74fc08647,24bff6b100446afade335ff88ab048b5c675d812f75e01549793cae7f257d97f,d4ed36abec68f8d6a67d789033c5008ec8584efd7056db02d58414f52cbaf72e,未知,b3a1fc5ec72ad95e258b584f936ad46befab951e0ee9e43eaa18179e34974387,无法判定,FILE_STAT_OBSERVED_IDENTITY_UNPROVEN,本批次只读；若声明、输入、Schema或授权漂移，既有结论自动失效并须追加新批次,未读取业务正文、价格、成交、订单簿、账户或凭据；身份字段不完整,为该成员提供当前版本九字段声明及逐字段Schema、授权和唯一证据定位后追加不可变批次,2d50c1344a835ceeb832796935182aeff80bb03cecc5465c8cf3aaccbd446acd,a23c4d44f41c2fc245b02db92b59200f4b443888bdb532b601a5934f5c808064,40e44689be0995b4f5b83c1a630313da66f83381834a53a117881f4455d9a945
source-identity-declaration-20260808T051806+0800-dd1e3d74dca4,ZI-1152bffa2435f07af09dc124,DS-000175,候选数据文件,BTC,4小时;8小时;24小时;48小时,15分钟;1小时,未知,未知,未知,未知,未知,未知,未知,未知,未知,未登记,无,config/数据/来源身份声明补采.json#身份声明[],b99035eb31437b822b0d8ed9b728e2fbb4b5cd8b8861010049ee43d74fc08647,e69a513ac7621ea835192801bdc3809e04d75239d3d02150790c2b4feb89c14f,c8ba328fe34ff33535d3e5978355d5522fa520e33a49751b7e6f92c955992068,未知,b3a1fc5ec72ad95e258b584f936ad46befab951e0ee9e43eaa18179e34974387,无法判定,FILE_STAT_OBSERVED_IDENTITY_UNPROVEN,本批次只读；若声明、输入、Schema或授权漂移，既有结论自动失效并须追加新批次,未读取业务正文、价格、成交、订单簿、账户或凭据；身份字段不完整,为该成员提供当前版本九字段声明及逐字段Schema、授权和唯一证据定位后追加不可变批次,2d50c1344a835ceeb832796935182aeff80bb03cecc5465c8cf3aaccbd446acd,a23c4d44f41c2fc245b02db92b59200f4b443888bdb532b601a5934f5c808064,0d3d11f50307db980c81546f039f210868d50550a8200e7075b6d989955c4e80
source-identity-declaration-20260808T051806+0800-dd1e3d74dca4,ZI-a9f305697de0c752d67de6f9,DS-000176,候选数据文件,BTC,4小时;8小时;24小时;48小时,15分钟;1小时,未知,未知,未知,未知,未知,未知,未知,未知,未知,未登记,无,config/数据/来源身份声明补采.json#身份声明[],b99035eb31437b822b0d8ed9b728e2fbb4b5cd8b8861010049ee43d74fc08647,90ebfb0f32228dabe4d3c3d6fffddbe5c46cd9db2008dc26dc4e6f6040d4413c,729406489518efc8a2e6bbe9d0e47b963e7efe3b72bf6ef8f768bc2937feab33,未知,b3a1fc5ec72ad95e258b584f936ad46befab951e0ee9e43eaa18179e34974387,无法判定,FILE_STAT_OBSERVED_IDENTITY_UNPROVEN,本批次只读；若声明、输入、Schema或授权漂移，既有结论自动失效并须追加新批次,未读取业务正文、价格、成交、订单簿、账户或凭据；身份字段不完整,为该成员提供当前版本九字段声明及逐字段Schema、授权和唯一证据定位后追加不可变批次,2d50c1344a835ceeb832796935182aeff80bb03cecc5465c8cf3aaccbd446acd,a23c4d44f41c2fc245b02db92b59200f4b443888bdb532b601a5934f5c808064,9ed3e4c3172ed0ce815b76405725ae346b812da4b9aa7f7e4c28517624fcf06c
source-identity-declaration-20260808T051806+0800-dd1e3d74dca4,ZI-3738394efd413b3002a00a2c,DS-000177,候选数据文件,BTC,4小时;8小时;24小时;48小时,15分钟;1小时,未知,未知,未知,未知,未知,未知,未知,未知,未知,未登记,无,config/数据/来源身份声明补采.json#身份声明[],b99035eb31437b822b0d8ed9b728e2fbb4b5cd8b8861010049ee43d74fc08647,2f8df68ac997b3bf050617e476702d5c601fa659f1895ee84cfbf15371917e1d,c88b1c298da866175fb79b2194cec184630dc74a610af3dd76130301feebf889,未知,b3a1fc5ec72ad95e258b584f936ad46befab951e0ee9e43eaa18179e34974387,无法判定,FILE_STAT_OBSERVED_IDENTITY_UNPROVEN,本批次只读；若声明、输入、Schema或授权漂移，既有结论自动失效并须追加新批次,未读取业务正文、价格、成交、订单簿、账户或凭据；身份字段不完整,为该成员提供当前版本九字段声明及逐字段Schema、授权和唯一证据定位后追加不可变批次,2d50c1344a835ceeb832796935182aeff80bb03cecc5465c8cf3aaccbd446acd,a23c4d44f41c2fc245b02db92b59200f4b443888bdb532b601a5934f5c808064,e3aa53172ca5ad25778eeeac11a52ba38ca0e09086274813b3ef0aaa6fd6aaf6
source-identity-declaration-20260808T051806+0800-dd1e3d74dca4,ZI-46362304247211436445a671,DS-000178,候选数据文件,BTC,4小时;8小时;24小时;48小时,15分钟;1小时,未知,未知,未知,未知,未知,未知,未知,未知,未知,未登记,无,config/数据/来源身份声明补采.json#身份声明[],b99035eb31437b822b0d8ed9b728e2fbb4b5cd8b8861010049ee43d74fc08647,2be772033a825d5db28b7b4ec5e1ea9930f0b1b0b4d08440e6d7ea2e764aad5b,868cc6255be207b50f3bef0d42ed58c5b1b0b7238ad0b894444b9f915960ad72,未知,b3a1fc5ec72ad95e258b584f936ad46befab951e0ee9e43eaa18179e34974387,无法判定,FILE_STAT_OBSERVED_IDENTITY_UNPROVEN,本批次只读；若声明、输入、Schema或授权漂移，既有结论自动失效并须追加新批次,未读取业务正文、价格、成交、订单簿、账户或凭据；身份字段不完整,为该成员提供当前版本九字段声明及逐字段Schema、授权和唯一证据定位后追加不可变批次,2d50c1344a835ceeb832796935182aeff80bb03cecc5465c8cf3aaccbd446acd,a23c4d44f41c2fc245b02db92b59200f4b443888bdb532b601a5934f5c808064,5c65132cd840d81fbd4f2116a6a23a126b1c9ce8d869b7a1ac77c778a0ae2ff5
source-identity-declaration-20260808T051806+0800-dd1e3d74dca4,ZI-b69c1e9048e918566ceefa22,DS-000179,候选数据文件,BTC,4小时;8小时;24小时;48小时,15分钟;1小时,未知,未知,未知,未知,未知,未知,未知,未知,未知,未登记,无,config/数据/来源身份声明补采.json#身份声明[],b99035eb31437b822b0d8ed9b728e2fbb4b5cd8b8861010049ee43d74fc08647,6bc774ebf31ea4bc26f9986dd2196dd92683949fa9b59523e75b9a8d0ed2bf93,ae134fd87eb325ff1438510798ed1539980091594d41393e5108d6130774c51f,未知,b3a1fc5ec72ad95e258b584f936ad46befab951e0ee9e43eaa18179e34974387,无法判定,FILE_STAT_OBSERVED_IDENTITY_UNPROVEN,本批次只读；若声明、输入、Schema或授权漂移，既有结论自动失效并须追加新批次,未读取业务正文、价格、成交、订单簿、账户或凭据；身份字段不完整,为该成员提供当前版本九字段声明及逐字段Schema、授权和唯一证据定位后追加不可变批次,2d50c1344a835ceeb832796935182aeff80bb03cecc5465c8cf3aaccbd446acd,a23c4d44f41c2fc245b02db92b59200f4b443888bdb532b601a5934f5c808064,5666ba8d150f26f77b16e6ff29cca71e7a65e0791f8c91ec2d5996c660361975
source-identity-declaration-20260808T051806+0800-dd1e3d74dca4,ZI-d64a2f2a8cd520c712ce9c8f,DS-000180,候选数据文件,BTC,4小时;8小时;24小时;48小时,15分钟;1小时,未知,未知,未知,未知,未知,未知,未知,未知,未知,未登记,无,config/数据/来源身份声明补采.json#身份声明[],b99035eb31437b822b0d8ed9b728e2fbb4b5cd8b8861010049ee43d74fc08647,b6118ed137c406348410af6e4eaeb8261a9eb3235fe2ad89f4ca2a4bea3b0a27,d0b28f9cd3ddf5e79fd34d751e829201730b794b2382c06b43f2f9472e56c758,未知,b3a1fc5ec72ad95e258b584f936ad46befab951e0ee9e43eaa18179e34974387,无法判定,FILE_STAT_OBSERVED_IDENTITY_UNPROVEN,本批次只读；若声明、输入、Schema或授权漂移，既有结论自动失效并须追加新批次,未读取业务正文、价格、成交、订单簿、账户或凭据；身份字段不完整,为该成员提供当前版本九字段声明及逐字段Schema、授权和唯一证据定位后追加不可变批次,2d50c1344a835ceeb832796935182aeff80bb03cecc5465c8cf3aaccbd446acd,a23c4d44f41c2fc245b02db92b59200f4b443888bdb532b601a5934f5c808064,82d2bb67005365fef69978ffdcf07ef3056b154733bb641fd64f565200924c52
source-identity-declaration-20260808T051806+0800-dd1e3d74dca4,ZI-bce9dfb54e2ed9b7f18d9b14,DS-000181,候选数据文件,BTC,4小时;8小时;24小时;48小时,15分钟;1小时,未知,未知,未知,未知,未知,未知,未知,未知,未知,未登记,无,config/数据/来源身份声明补采.json#身份声明[],b99035eb31437b822b0d8ed9b728e2fbb4b5cd8b8861010049ee43d74fc08647,1fe6ac4a775c05280ed26b8f8853a6ac1a22125ef106286be954feedba32abf5,98cdcabb4d1ed830512e11ce47502ddfc451e75fc72e85453cc9675e01da5d66,未知,b3a1fc5ec72ad95e258b584f936ad46befab951e0ee9e43eaa18179e34974387,无法判定,FILE_STAT_OBSERVED_IDENTITY_UNPROVEN,本批次只读；若声明、输入、Schema或授权漂移，既有结论自动失效并须追加新批次,未读取业务正文、价格、成交、订单簿、账户或凭据；身份字段不完整,为该成员提供当前版本九字段声明及逐字段Schema、授权和唯一证据定位后追加不可变批次,2d50c1344a835ceeb832796935182aeff80bb03cecc5465c8cf3aaccbd446acd,a23c4d44f41c2fc245b02db92b59200f4b443888bdb532b601a5934f5c808064,9d03131dbfeafaa7884685ef69d548429259a4332662153e0f1e8dfd1ff34918
source-identity-declaration-20260808T051806+0800-dd1e3d74dca4,ZI-2f48d5457582bdd23668ba24,DS-000182,候选数据文件,BTC,4小时;8小时;24小时;48小时,15分钟;1小时,未知,未知,未知,未知,未知,未知,未知,未知,未知,未登记,无,config/数据/来源身份声明补采.json#身份声明[],b99035eb31437b822b0d8ed9b728e2fbb4b5cd8b8861010049ee43d74fc08647,a74ec65bcc7369875747ed975605f401086ff589062f54356d0d9950115c7de9,7113513395262e2987cab046620a1c487f95326b909b339facca75cc82a403e0,未知,b3a1fc5ec72ad95e258b584f936ad46befab951e0ee9e43eaa18179e34974387,无法判定,FILE_STAT_OBSERVED_IDENTITY_UNPROVEN,本批次只读；若声明、输入、Schema或授权漂移，既有结论自动失效并须追加新批次,未读取业务正文、价格、成交、订单簿、账户或凭据；身份字段不完整,为该成员提供当前版本九字段声明及逐字段Schema、授权和唯一证据定位后追加不可变批次,2d50c1344a835ceeb832796935182aeff80bb03cecc5465c8cf3aaccbd446acd,a23c4d44f41c2fc245b02db92b59200f4b443888bdb532b601a5934f5c808064,61ad84096be405f391e6eb2008595a584e64b041959582bb1f97a07e5997719d
source-identity-declaration-20260808T051806+0800-dd1e3d74dca4,ZI-7c30f1c32268b00fa252bf6c,DS-000183,候选数据文件,BTC,4小时;8小时;24小时;48小时,15分钟;1小时,未知,未知,未知,未知,未知,未知,未知,未知,未知,未登记,无,config/数据/来源身份声明补采.json#身份声明[],b99035eb31437b822b0d8ed9b728e2fbb4b5cd8b8861010049ee43d74fc08647,5bd5cdb50b22e563541c34884cc493910fe803c5d4b9545de146de4b4433eedb,f139a1df28d33333f0b39af9df014fe4cb5dd89214d2c48a3c23b25ae134670e,未知,b3a1fc5ec72ad95e258b584f936ad46befab951e0ee9e43eaa18179e34974387,无法判定,FILE_STAT_OBSERVED_IDENTITY_UNPROVEN,本批次只读；若声明、输入、Schema或授权漂移，既有结论自动失效并须追加新批次,未读取业务正文、价格、成交、订单簿、账户或凭据；身份字段不完整,为该成员提供当前版本九字段声明及逐字段Schema、授权和唯一证据定位后追加不可变批次,2d50c1344a835ceeb832796935182aeff80bb03cecc5465c8cf3aaccbd446acd,a23c4d44f41c2fc245b02db92b59200f4b443888bdb532b601a5934f5c808064,509cb50ae2cce072b4bc1cf8e8fdc48f6352242bb30fe6dd7236016c4056b37a
source-identity-declaration-20260808T051806+0800-dd1e3d74dca4,ZI-c39244d5fbd3833d648c5a53,DS-000184,候选数据文件,BTC,4小时;8小时;24小时;48小时,15分钟;1小时,未知,未知,未知,未知,未知,未知,未知,未知,未知,未登记,无,config/数据/来源身份声明补采.json#身份声明[],b99035eb31437b822b0d8ed9b728e2fbb4b5cd8b8861010049ee43d74fc08647,ae7b53abea94ebb15ee07ac54328eacafce104a7821261b0f92cdc259136945c,5ed710c89dfdbcf20bfcf66dcfb0e5e218596b25f14526eb25ff80338b384b56,未知,b3a1fc5ec72ad95e258b584f936ad46befab951e0ee9e43eaa18179e34974387,无法判定,FILE_STAT_OBSERVED_IDENTITY_UNPROVEN,本批次只读；若声明、输入、Schema或授权漂移，既有结论自动失效并须追加新批次,未读取业务正文、价格、成交、订单簿、账户或凭据；身份字段不完整,为该成员提供当前版本九字段声明及逐字段Schema、授权和唯一证据定位后追加不可变批次,2d50c1344a835ceeb832796935182aeff80bb03cecc5465c8cf3aaccbd446acd,a23c4d44f41c2fc245b02db92b59200f4b443888bdb532b601a5934f5c808064,a0e58da94f7915c473a775b840f03aa5aab30a763b0a99e2f12853a6c4ca6233
source-identity-declaration-20260808T051806+0800-dd1e3d74dca4,ZI-f7a557013982647b609cab63,DS-000185,候选数据文件,BTC,4小时;8小时;24小时;48小时,15分钟;1小时,未知,未知,未知,未知,未知,未知,未知,未知,未知,未登记,无,config/数据/来源身份声明补采.json#身份声明[],b99035eb31437b822b0d8ed9b728e2fbb4b5cd8b8861010049ee43d74fc08647,fd66279f71275b9153fd72c7881ea8d8650bb18480b5b4455a1235907ffb7471,570eb1e78de5bd0018fc4de98f569482218371cb55641c1905836f5e63ceaab0,未知,b3a1fc5ec72ad95e258b584f936ad46befab951e0ee9e43eaa18179e34974387,无法判定,FILE_STAT_OBSERVED_IDENTITY_UNPROVEN,本批次只读；若声明、输入、Schema或授权漂移，既有结论自动失效并须追加新批次,未读取业务正文、价格、成交、订单簿、账户或凭据；身份字段不完整,为该成员提供当前版本九字段声明及逐字段Schema、授权和唯一证据定位后追加不可变批次,2d50c1344a835ceeb832796935182aeff80bb03cecc5465c8cf3aaccbd446acd,a23c4d44f41c2fc245b02db92b59200f4b443888bdb532b601a5934f5c808064,a547399a0b5dfe48ba9b994fb6f589a455f909893b104eb3d44bc78117b74f48
source-identity-declaration-20260808T051806+0800-dd1e3d74dca4,ZI-d846161ae6efc2de26747270,DS-000186,候选数据文件,BTC,4小时;8小时;24小时;48小时,15分钟;1小时,未知,未知,未知,未知,未知,未知,未知,未知,未知,未登记,无,config/数据/来源身份声明补采.json#身份声明[],b99035eb31437b822b0d8ed9b728e2fbb4b5cd8b8861010049ee43d74fc08647,b4d26c095ff3d7f2930ff2f9f61bb4c04c391bcc99501cadca68b3425f4cdb7b,bb1f5fcda00f6189c36164789480d9330bc6d0949a8660a41de850818eb76f14,未知,b3a1fc5ec72ad95e258b584f936ad46befab951e0ee9e43eaa18179e34974387,无法判定,FILE_STAT_OBSERVED_IDENTITY_UNPROVEN,本批次只读；若声明、输入、Schema或授权漂移，既有结论自动失效并须追加新批次,未读取业务正文、价格、成交、订单簿、账户或凭据；身份字段不完整,为该成员提供当前版本九字段声明及逐字段Schema、授权和唯一证据定位后追加不可变批次,2d50c1344a835ceeb832796935182aeff80bb03cecc5465c8cf3aaccbd446acd,a23c4d44f41c2fc245b02db92b59200f4b443888bdb532b601a5934f5c808064,99b8a0d0d9682aef2225874929fa166bb0006e8676f35f250c67cf7e69b57bd4
source-identity-declaration-20260808T051806+0800-dd1e3d74dca4,ZI-60958eebfb01826209cad45d,DS-000187,候选数据文件,BTC,4小时;8小时;24小时;48小时,15分钟;1小时,未知,未知,未知,未知,未知,未知,未知,未知,未知,未登记,无,config/数据/来源身份声明补采.json#身份声明[],b99035eb31437b822b0d8ed9b728e2fbb4b5cd8b8861010049ee43d74fc08647,cd6f8b4d93a9e695c2be3af8f0481d412bf7bf2d88fea5ee90dbb3af5a1f185b,9ea6fe96398c6ec81d1318a8520bcf506671a9b78acfe62bb2137d256fdc931d,未知,b3a1fc5ec72ad95e258b584f936ad46befab951e0ee9e43eaa18179e34974387,无法判定,FILE_STAT_OBSERVED_IDENTITY_UNPROVEN,本批次只读；若声明、输入、Schema或授权漂移，既有结论自动失效并须追加新批次,未读取业务正文、价格、成交、订单簿、账户或凭据；身份字段不完整,为该成员提供当前版本九字段声明及逐字段Schema、授权和唯一证据定位后追加不可变批次,2d50c1344a835ceeb832796935182aeff80bb03cecc5465c8cf3aaccbd446acd,a23c4d44f41c2fc245b02db92b59200f4b443888bdb532b601a5934f5c808064,69dc269d3fef4a9d0bb8404a8c3f7f0c0df269563a451d9dac15759debabea65
source-identity-declaration-20260808T051806+0800-dd1e3d74dca4,ZI-fa2a4d25532ebea9a058b0dc,DS-000188,候选数据文件,BTC,4小时;8小时;24小时;48小时,15分钟;1小时,未知,未知,未知,未知,未知,未知,未知,未知,未知,未登记,无,config/数据/来源身份声明补采.json#身份声明[],b99035eb31437b822b0d8ed9b728e2fbb4b5cd8b8861010049ee43d74fc08647,7fd19c744dac05cbd7e434c721348638379f2dea6df0fc204c2eb68a78236231,a6ef6c13e5dfa6e533d59587d672c23b4cb334b2dd320fec2b6806f18f7aee8a,未知,b3a1fc5ec72ad95e258b584f936ad46befab951e0ee9e43eaa18179e34974387,无法判定,FILE_STAT_OBSERVED_IDENTITY_UNPROVEN,本批次只读；若声明、输入、Schema或授权漂移，既有结论自动失效并须追加新批次,未读取业务正文、价格、成交、订单簿、账户或凭据；身份字段不完整,为该成员提供当前版本九字段声明及逐字段Schema、授权和唯一证据定位后追加不可变批次,2d50c1344a835ceeb832796935182aeff80bb03cecc5465c8cf3aaccbd446acd,a23c4d44f41c2fc245b02db92b59200f4b443888bdb532b601a5934f5c808064,a20649d267bf23cac2ed60c4671f76b265f7e5ccdbdefbed062fdeca20fa1fcf
source-identity-declaration-20260808T051806+0800-dd1e3d74dca4,ZI-a0614455fb843de8768c8d5b,DS-000189,候选数据文件,BTC,4小时;8小时;24小时;48小时,15分钟;1小时,未知,未知,未知,未知,未知,未知,未知,未知,未知,未登记,无,config/数据/来源身份声明补采.json#身份声明[],b99035eb31437b822b0d8ed9b728e2fbb4b5cd8b8861010049ee43d74fc08647,339770b4561a39f6d7d39db2fb133c36bbde7bfa98b6314ed23504c848d49222,ba8c322723debba8f08e024821aa4c9a1bdc5bb11601148bcf19f8d6d20a1694,未知,b3a1fc5ec72ad95e258b584f936ad46befab951e0ee9e43eaa18179e34974387,无法判定,FILE_STAT_OBSERVED_IDENTITY_UNPROVEN,本批次只读；若声明、输入、Schema或授权漂移，既有结论自动失效并须追加新批次,未读取业务正文、价格、成交、订单簿、账户或凭据；身份字段不完整,为该成员提供当前版本九字段声明及逐字段Schema、授权和唯一证据定位后追加不可变批次,2d50c1344a835ceeb832796935182aeff80bb03cecc5465c8cf3aaccbd446acd,a23c4d44f41c2fc245b02db92b59200f4b443888bdb532b601a5934f5c808064,0f3bfb2784540ee57352063e7e32ae46509669bab3951450286b39809073d4cd
source-identity-declaration-20260808T051806+0800-dd1e3d74dca4,ZI-d3c96884df707ae67f114610,DS-000190,候选数据文件,BTC,4小时;8小时;24小时;48小时,15分钟;1小时,未知,未知,未知,未知,未知,未知,未知,未知,未知,未登记,无,config/数据/来源身份声明补采.json#身份声明[],b99035eb31437b822b0d8ed9b728e2fbb4b5cd8b8861010049ee43d74fc08647,d7136de17556a28b492a1af141d73c1758727a591f4bba3dc8153365fa742189,6910d8fb9d715d62d971c1cfa077b9d9fa6878068e36a51383cf7ea8b1029893,未知,b3a1fc5ec72ad95e258b584f936ad46befab951e0ee9e43eaa18179e34974387,无法判定,FILE_STAT_OBSERVED_IDENTITY_UNPROVEN,本批次只读；若声明、输入、Schema或授权漂移，既有结论自动失效并须追加新批次,未读取业务正文、价格、成交、订单簿、账户或凭据；身份字段不完整,为该成员提供当前版本九字段声明及逐字段Schema、授权和唯一证据定位后追加不可变批次,2d50c1344a835ceeb832796935182aeff80bb03cecc5465c8cf3aaccbd446acd,a23c4d44f41c2fc245b02db92b59200f4b443888bdb532b601a5934f5c808064,d52a2279f5d0a533a9cedb28b70f6365e1c4f64f07479b26274f217fed94ba62
source-identity-declaration-20260808T051806+0800-dd1e3d74dca4,ZI-6a10e79eb7d5e07aace7b208,DS-000191,候选数据文件,BTC,4小时;8小时;24小时;48小时,15分钟;1小时,未知,未知,未知,未知,未知,未知,未知,未知,未知,未登记,无,config/数据/来源身份声明补采.json#身份声明[],b99035eb31437b822b0d8ed9b728e2fbb4b5cd8b8861010049ee43d74fc08647,42e7dc84abcc5f0ad802d574fa1a6f66ab422df94f2e029e4500a429f58a7366,a6b1dc47dda80db635f0f368ac3187369b5d0284fe23effd561bbd0676e3d10d,未知,b3a1fc5ec72ad95e258b584f936ad46befab951e0ee9e43eaa18179e34974387,无法判定,FILE_STAT_OBSERVED_IDENTITY_UNPROVEN,本批次只读；若声明、输入、Schema或授权漂移，既有结论自动失效并须追加新批次,未读取业务正文、价格、成交、订单簿、账户或凭据；身份字段不完整,为该成员提供当前版本九字段声明及逐字段Schema、授权和唯一证据定位后追加不可变批次,2d50c1344a835ceeb832796935182aeff80bb03cecc5465c8cf3aaccbd446acd,a23c4d44f41c2fc245b02db92b59200f4b443888bdb532b601a5934f5c808064,5b79d8b80ed8a0b82cdc52e85f6c48b9400d8676e9511c18ed8eef446b8541ff
source-identity-declaration-20260808T051806+0800-dd1e3d74dca4,ZI-2ee965d6fd9df70cb6157fd0,DS-000192,候选数据文件,BTC,4小时;8小时;24小时;48小时,15分钟;1小时,未知,未知,未知,未知,未知,未知,未知,未知,未知,未登记,无,config/数据/来源身份声明补采.json#身份声明[],b99035eb31437b822b0d8ed9b728e2fbb4b5cd8b8861010049ee43d74fc08647,0b63bbb25476f3c1a13d3453831e1a313715dd619c895cf6ee0995cac04a71b7,77ad296a05d96b45f6631486ce323785d01df717cae592199cc3e92b769d66cf,未知,b3a1fc5ec72ad95e258b584f936ad46befab951e0ee9e43eaa18179e34974387,拒绝,INPUT_MEMBER_REJECTED,本批次只读；若声明、输入、Schema或授权漂移，既有结论自动失效并须追加新批次,未读取业务正文、价格、成交、订单簿、账户或凭据；身份字段不完整,为该成员提供当前版本九字段声明及逐字段Schema、授权和唯一证据定位后追加不可变批次,2d50c1344a835ceeb832796935182aeff80bb03cecc5465c8cf3aaccbd446acd,a23c4d44f41c2fc245b02db92b59200f4b443888bdb532b601a5934f5c808064,b689574d6dcec8952ccb1bf78d933cd681e9f2ff78cc86fcdfa22329b8816b21
source-identity-declaration-20260808T051806+0800-dd1e3d74dca4,ZI-ab40d64be94e1c0a4b624ee5,DS-000193,候选数据文件,BTC,4小时;8小时;24小时;48小时,15分钟;1小时,未知,未知,未知,未知,未知,未知,未知,未知,未知,未登记,无,config/数据/来源身份声明补采.json#身份声明[],b99035eb31437b822b0d8ed9b728e2fbb4b5cd8b8861010049ee43d74fc08647,c7f0e941a62184b5da31ad822c95d8912302c67a9b7954a1cc0b890d47bdf708,ddc66db46b0a617e4c1399838801946648a6dfefbf0fa0906ff6e87d2b06898d,未知,b3a1fc5ec72ad95e258b584f936ad46befab951e0ee9e43eaa18179e34974387,无法判定,FILE_STAT_OBSERVED_IDENTITY_UNPROVEN,本批次只读；若声明、输入、Schema或授权漂移，既有结论自动失效并须追加新批次,未读取业务正文、价格、成交、订单簿、账户或凭据；身份字段不完整,为该成员提供当前版本九字段声明及逐字段Schema、授权和唯一证据定位后追加不可变批次,2d50c1344a835ceeb832796935182aeff80bb03cecc5465c8cf3aaccbd446acd,a23c4d44f41c2fc245b02db92b59200f4b443888bdb532b601a5934f5c808064,f21f06103c8335d745e8f1d261570cddbd6398dabcb7c7ef341216ec1d182888
source-identity-declaration-20260808T051806+0800-dd1e3d74dca4,ZI-67958b820749ffb359809e24,DS-000194,候选数据文件,BTC,4小时;8小时;24小时;48小时,15分钟;1小时,未知,未知,未知,未知,未知,未知,未知,未知,未知,未登记,无,config/数据/来源身份声明补采.json#身份声明[],b99035eb31437b822b0d8ed9b728e2fbb4b5cd8b8861010049ee43d74fc08647,62a9e8386448401b0df0012d85c2a2bee4cf6abfa56d187620f9414875fd792c,68eb28dee87640862574de295a45d8a098337bb45802223b841553864359bb56,未知,b3a1fc5ec72ad95e258b584f936ad46befab951e0ee9e43eaa18179e34974387,拒绝,INPUT_MEMBER_REJECTED,本批次只读；若声明、输入、Schema或授权漂移，既有结论自动失效并须追加新批次,未读取业务正文、价格、成交、订单簿、账户或凭据；身份字段不完整,为该成员提供当前版本九字段声明及逐字段Schema、授权和唯一证据定位后追加不可变批次,2d50c1344a835ceeb832796935182aeff80bb03cecc5465c8cf3aaccbd446acd,a23c4d44f41c2fc245b02db92b59200f4b443888bdb532b601a5934f5c808064,6730ccf0914c94f9e9746253ba08193218a5482884a32dae20215f5de9d8138e
source-identity-declaration-20260808T051806+0800-dd1e3d74dca4,ZI-b7ae7ad9140ec01e272d90ef,DS-000195,候选数据文件,BTC,4小时;8小时;24小时;48小时,15分钟;1小时,未知,未知,未知,未知,未知,未知,未知,未知,未知,未登记,无,config/数据/来源身份声明补采.json#身份声明[],b99035eb31437b822b0d8ed9b728e2fbb4b5cd8b8861010049ee43d74fc08647,9e8f5648706c28594bb13be22bf74a43c6685db3eb0af8963881d94c1fb33090,9e3df7fcde6a416c14ad2f3385cc8a95fb4a60267d036f9a4e620d68bff6d10f,未知,b3a1fc5ec72ad95e258b584f936ad46befab951e0ee9e43eaa18179e34974387,无法判定,FILE_STAT_OBSERVED_IDENTITY_UNPROVEN,本批次只读；若声明、输入、Schema或授权漂移，既有结论自动失效并须追加新批次,未读取业务正文、价格、成交、订单簿、账户或凭据；身份字段不完整,为该成员提供当前版本九字段声明及逐字段Schema、授权和唯一证据定位后追加不可变批次,2d50c1344a835ceeb832796935182aeff80bb03cecc5465c8cf3aaccbd446acd,a23c4d44f41c2fc245b02db92b59200f4b443888bdb532b601a5934f5c808064,598ce2380f0adb5e11d669effcd0093a4993755a191b5e76b8445dbd7ab3dda8
source-identity-declaration-20260808T051806+0800-dd1e3d74dca4,ZI-32aaa116eb12c90702c94041,DS-000196,候选数据文件,BTC,4小时;8小时;24小时;48小时,15分钟;1小时,未知,未知,未知,未知,未知,未知,未知,未知,未知,未登记,无,config/数据/来源身份声明补采.json#身份声明[],b99035eb31437b822b0d8ed9b728e2fbb4b5cd8b8861010049ee43d74fc08647,3302ef2c1af90e5188fec4871d9bc2a0b2f9649c1b92196be6c3cd882676ce67,e6157d59b9196789cd25c9701501043bb00ef014649356a10e16259596fb4709,未知,b3a1fc5ec72ad95e258b584f936ad46befab951e0ee9e43eaa18179e34974387,无法判定,FILE_STAT_OBSERVED_IDENTITY_UNPROVEN,本批次只读；若声明、输入、Schema或授权漂移，既有结论自动失效并须追加新批次,未读取业务正文、价格、成交、订单簿、账户或凭据；身份字段不完整,为该成员提供当前版本九字段声明及逐字段Schema、授权和唯一证据定位后追加不可变批次,2d50c1344a835ceeb832796935182aeff80bb03cecc5465c8cf3aaccbd446acd,a23c4d44f41c2fc245b02db92b59200f4b443888bdb532b601a5934f5c808064,4b1384ef5707b46093d3b37b56b44f414c76283520362cc8ab9a8cbf2c7f99d5
source-identity-declaration-20260808T051806+0800-dd1e3d74dca4,ZI-0f24107cd7aff0b489c551c4,DS-000197,候选数据文件,BTC,4小时;8小时;24小时;48小时,15分钟;1小时,未知,未知,未知,未知,未知,未知,未知,未知,未知,未登记,无,config/数据/来源身份声明补采.json#身份声明[],b99035eb31437b822b0d8ed9b728e2fbb4b5cd8b8861010049ee43d74fc08647,bfc42bc0d8152ba416024f1c92821247641bfebdacf6b68020d7b23caf8bcf1d,a8a1fedf04743df7d4306f8ab802cc9f585ad95bb3a1859b581b08e07f21b491,未知,b3a1fc5ec72ad95e258b584f936ad46befab951e0ee9e43eaa18179e34974387,无法判定,FILE_STAT_OBSERVED_IDENTITY_UNPROVEN,本批次只读；若声明、输入、Schema或授权漂移，既有结论自动失效并须追加新批次,未读取业务正文、价格、成交、订单簿、账户或凭据；身份字段不完整,为该成员提供当前版本九字段声明及逐字段Schema、授权和唯一证据定位后追加不可变批次,2d50c1344a835ceeb832796935182aeff80bb03cecc5465c8cf3aaccbd446acd,a23c4d44f41c2fc245b02db92b59200f4b443888bdb532b601a5934f5c808064,9f4d0248b19432268420cc5575568fc6c1291c5986da29ba5fce52f59c514374
source-identity-declaration-20260808T051806+0800-dd1e3d74dca4,ZI-3183d1c30b7007a7db1dca31,DS-000198,候选数据文件,BTC,4小时;8小时;24小时;48小时,15分钟;1小时,未知,未知,未知,未知,未知,未知,未知,未知,未知,未登记,无,config/数据/来源身份声明补采.json#身份声明[],b99035eb31437b822b0d8ed9b728e2fbb4b5cd8b8861010049ee43d74fc08647,e91a693c10215586182fb841338a4f6446ac050e791e472e1cf048244d99abd4,8dcbf3ed5b60fa730bdf830643d41a04e45e08e42af3c50b780c3bff6cf54e55,未知,b3a1fc5ec72ad95e258b584f936ad46befab951e0ee9e43eaa18179e34974387,无法判定,FILE_STAT_OBSERVED_IDENTITY_UNPROVEN,本批次只读；若声明、输入、Schema或授权漂移，既有结论自动失效并须追加新批次,未读取业务正文、价格、成交、订单簿、账户或凭据；身份字段不完整,为该成员提供当前版本九字段声明及逐字段Schema、授权和唯一证据定位后追加不可变批次,2d50c1344a835ceeb832796935182aeff80bb03cecc5465c8cf3aaccbd446acd,a23c4d44f41c2fc245b02db92b59200f4b443888bdb532b601a5934f5c808064,433f2cd3b927e31fa4b72d8f865e17c0af5b1eca4d1285bf8b058ec0055124d4
source-identity-declaration-20260808T051806+0800-dd1e3d74dca4,ZI-2886bbdc88afa40c39dbb408,DS-000199,候选数据文件,BTC,4小时;8小时;24小时;48小时,15分钟;1小时,未知,未知,未知,未知,未知,未知,未知,未知,未知,未登记,无,config/数据/来源身份声明补采.json#身份声明[],b99035eb31437b822b0d8ed9b728e2fbb4b5cd8b8861010049ee43d74fc08647,9b483598e61c912f16425f2781345539481dc82d607aac2cba73462d89bd674b,72b527c4562ab1d34e9c9be2a4cfceffb42758e4fbf892ad7e8c0a54baab42de,未知,b3a1fc5ec72ad95e258b584f936ad46befab951e0ee9e43eaa18179e34974387,无法判定,FILE_STAT_OBSERVED_IDENTITY_UNPROVEN,本批次只读；若声明、输入、Schema或授权漂移，既有结论自动失效并须追加新批次,未读取业务正文、价格、成交、订单簿、账户或凭据；身份字段不完整,为该成员提供当前版本九字段声明及逐字段Schema、授权和唯一证据定位后追加不可变批次,2d50c1344a835ceeb832796935182aeff80bb03cecc5465c8cf3aaccbd446acd,a23c4d44f41c2fc245b02db92b59200f4b443888bdb532b601a5934f5c808064,31aa0cdc7971a68b236eb6e88edb0422fb71781daa7a0e74e2967de9b4033238
source-identity-declaration-20260808T051806+0800-dd1e3d74dca4,ZI-5dbdf00041b1706d7ba8abab,DS-000200,候选数据文件,BTC,4小时;8小时;24小时;48小时,15分钟;1小时,未知,未知,未知,未知,未知,未知,未知,未知,未知,未登记,无,config/数据/来源身份声明补采.json#身份声明[],b99035eb31437b822b0d8ed9b728e2fbb4b5cd8b8861010049ee43d74fc08647,e80dcd17c2945c774e10bbdd99ee8807d9c0889a7aa945dff67b835761d325e1,4aa53dfec9df9610da8d7bfc3d66440053ecefc2015c01103d66bb3378abc3c8,未知,b3a1fc5ec72ad95e258b584f936ad46befab951e0ee9e43eaa18179e34974387,无法判定,FILE_STAT_OBSERVED_IDENTITY_UNPROVEN,本批次只读；若声明、输入、Schema或授权漂移，既有结论自动失效并须追加新批次,未读取业务正文、价格、成交、订单簿、账户或凭据；身份字段不完整,为该成员提供当前版本九字段声明及逐字段Schema、授权和唯一证据定位后追加不可变批次,2d50c1344a835ceeb832796935182aeff80bb03cecc5465c8cf3aaccbd446acd,a23c4d44f41c2fc245b02db92b59200f4b443888bdb532b601a5934f5c808064,99f00c8029a405a588a8e93694356d7a1f67d19ba5a1b4367dafd031202abb2d
source-identity-declaration-20260808T051806+0800-dd1e3d74dca4,ZI-be0372cc2ca2127e6ad7faa5,DS-000201,候选数据文件,BTC,4小时;8小时;24小时;48小时,15分钟;1小时,未知,未知,未知,未知,未知,未知,未知,未知,未知,未登记,无,config/数据/来源身份声明补采.json#身份声明[],b99035eb31437b822b0d8ed9b728e2fbb4b5cd8b8861010049ee43d74fc08647,49981dce25f37ed42652b06b919f6933838ff3f5dde0c19b596d799b6865cebd,3891e003c78725e69f75c68b81d1f532b40cf91154ae84eb4f5284cf56ba3099,未知,b3a1fc5ec72ad95e258b584f936ad46befab951e0ee9e43eaa18179e34974387,无法判定,FILE_STAT_OBSERVED_IDENTITY_UNPROVEN,本批次只读；若声明、输入、Schema或授权漂移，既有结论自动失效并须追加新批次,未读取业务正文、价格、成交、订单簿、账户或凭据；身份字段不完整,为该成员提供当前版本九字段声明及逐字段Schema、授权和唯一证据定位后追加不可变批次,2d50c1344a835ceeb832796935182aeff80bb03cecc5465c8cf3aaccbd446acd,a23c4d44f41c2fc245b02db92b59200f4b443888bdb532b601a5934f5c808064,81002b208b6493f205b6172029f6e63b2b6a478e304d871607a76fed43ef72dc
source-identity-declaration-20260808T051806+0800-dd1e3d74dca4,ZI-78c8c25a0d917108a2b7f08a,DS-000202,候选数据文件,BTC,4小时;8小时;24小时;48小时,15分钟;1小时,未知,未知,未知,未知,未知,未知,未知,未知,未知,未登记,无,config/数据/来源身份声明补采.json#身份声明[],b99035eb31437b822b0d8ed9b728e2fbb4b5cd8b8861010049ee43d74fc08647,af6c149cc7e8aff483d571b31555d0d079734bd55eb11d9cf2e19fa32a765aca,a7e41a97d340e7df672e7bb9bfcd0e7d0a623cb69e7afd0812205373ddd5899d,未知,b3a1fc5ec72ad95e258b584f936ad46befab951e0ee9e43eaa18179e34974387,无法判定,FILE_STAT_OBSERVED_IDENTITY_UNPROVEN,本批次只读；若声明、输入、Schema或授权漂移，既有结论自动失效并须追加新批次,未读取业务正文、价格、成交、订单簿、账户或凭据；身份字段不完整,为该成员提供当前版本九字段声明及逐字段Schema、授权和唯一证据定位后追加不可变批次,2d50c1344a835ceeb832796935182aeff80bb03cecc5465c8cf3aaccbd446acd,a23c4d44f41c2fc245b02db92b59200f4b443888bdb532b601a5934f5c808064,f66119d4fdb7880478493de154a83c5cda017ecdc6b82c3c0a91f9605e9d6491
source-identity-declaration-20260808T051806+0800-dd1e3d74dca4,ZI-29c6f02cefeb649da045cd55,DS-000203,候选数据文件,BTC,4小时;8小时;24小时;48小时,15分钟;1小时,未知,未知,未知,未知,未知,未知,未知,未知,未知,未登记,无,config/数据/来源身份声明补采.json#身份声明[],b99035eb31437b822b0d8ed9b728e2fbb4b5cd8b8861010049ee43d74fc08647,4dcd4726cf5e37a543aed51c650186f864a264324396a79ba6fc6702b04aca60,47c0fd0e195494b87d8be0540fbe1d2a7d7acc231f4b421c98d23d7b224c315d,未知,b3a1fc5ec72ad95e258b584f936ad46befab951e0ee9e43eaa18179e34974387,无法判定,FILE_STAT_OBSERVED_IDENTITY_UNPROVEN,本批次只读；若声明、输入、Schema或授权漂移，既有结论自动失效并须追加新批次,未读取业务正文、价格、成交、订单簿、账户或凭据；身份字段不完整,为该成员提供当前版本九字段声明及逐字段Schema、授权和唯一证据定位后追加不可变批次,2d50c1344a835ceeb832796935182aeff80bb03cecc5465c8cf3aaccbd446acd,a23c4d44f41c2fc245b02db92b59200f4b443888bdb532b601a5934f5c808064,503f817a627d26add2eacb6389183dce6456481a25eeae31d09aecdd35f21b7a
source-identity-declaration-20260808T051806+0800-dd1e3d74dca4,ZI-71520330f24bde8ccfb46d61,DS-000204,候选数据文件,BTC,4小时;8小时;24小时;48小时,15分钟;1小时,未知,未知,未知,未知,未知,未知,未知,未知,未知,未登记,无,config/数据/来源身份声明补采.json#身份声明[],b99035eb31437b822b0d8ed9b728e2fbb4b5cd8b8861010049ee43d74fc08647,60e872660b08823c99e2e04926f5c739275e934bce8e6799ed48f867fc114da3,d78f1937dcd6fe7103be51d4bff7c53a455ad468113fde974e5b718883ef45f3,未知,b3a1fc5ec72ad95e258b584f936ad46befab951e0ee9e43eaa18179e34974387,无法判定,FILE_STAT_OBSERVED_IDENTITY_UNPROVEN,本批次只读；若声明、输入、Schema或授权漂移，既有结论自动失效并须追加新批次,未读取业务正文、价格、成交、订单簿、账户或凭据；身份字段不完整,为该成员提供当前版本九字段声明及逐字段Schema、授权和唯一证据定位后追加不可变批次,2d50c1344a835ceeb832796935182aeff80bb03cecc5465c8cf3aaccbd446acd,a23c4d44f41c2fc245b02db92b59200f4b443888bdb532b601a5934f5c808064,8ea2b9f2a3a17e5b0b32b25311727cc56898204c45e5f7ea46faed9de886bf49
source-identity-declaration-20260808T051806+0800-dd1e3d74dca4,ZI-d01d78d324c4bc33eb8369e0,DS-000205,候选数据文件,BTC,4小时;8小时;24小时;48小时,15分钟;1小时,未知,未知,未知,未知,未知,未知,未知,未知,未知,未登记,无,config/数据/来源身份声明补采.json#身份声明[],b99035eb31437b822b0d8ed9b728e2fbb4b5cd8b8861010049ee43d74fc08647,357e287ee3ae9a9b3f35b6b4e036478848a3cb3659bc68f18d20dfc26f7fd580,d22196b16c3edaa28138846ff39a68c88f5c0c40804d6f69d0f0652d9b0963d8,未知,b3a1fc5ec72ad95e258b584f936ad46befab951e0ee9e43eaa18179e34974387,无法判定,FILE_STAT_OBSERVED_IDENTITY_UNPROVEN,本批次只读；若声明、输入、Schema或授权漂移，既有结论自动失效并须追加新批次,未读取业务正文、价格、成交、订单簿、账户或凭据；身份字段不完整,为该成员提供当前版本九字段声明及逐字段Schema、授权和唯一证据定位后追加不可变批次,2d50c1344a835ceeb832796935182aeff80bb03cecc5465c8cf3aaccbd446acd,a23c4d44f41c2fc245b02db92b59200f4b443888bdb532b601a5934f5c808064,4d708c1b06e1a15adbd18d3c29eb0ad2bb20fe17b122917196ccdb41fec75df8
source-identity-declaration-20260808T051806+0800-dd1e3d74dca4,ZI-5e7172f6c1ca86bab358f51e,DS-000206,候选数据文件,BTC,4小时;8小时;24小时;48小时,15分钟;1小时,未知,未知,未知,未知,未知,未知,未知,未知,未知,未登记,无,config/数据/来源身份声明补采.json#身份声明[],b99035eb31437b822b0d8ed9b728e2fbb4b5cd8b8861010049ee43d74fc08647,4cd28c8e4c99a20a90332d2c80d3b371450fd362414938588e0d0de5ad3840d2,acfd9a96ff1bb4381dbfeccf8158f1936393dc5173ba8038529e3364f7c7a171,未知,b3a1fc5ec72ad95e258b584f936ad46befab951e0ee9e43eaa18179e34974387,无法判定,FILE_STAT_OBSERVED_IDENTITY_UNPROVEN,本批次只读；若声明、输入、Schema或授权漂移，既有结论自动失效并须追加新批次,未读取业务正文、价格、成交、订单簿、账户或凭据；身份字段不完整,为该成员提供当前版本九字段声明及逐字段Schema、授权和唯一证据定位后追加不可变批次,2d50c1344a835ceeb832796935182aeff80bb03cecc5465c8cf3aaccbd446acd,a23c4d44f41c2fc245b02db92b59200f4b443888bdb532b601a5934f5c808064,8de96763ec2c5b3c209865f869eea5dee3f1024628d8dcff711c8f365953c05c
source-identity-declaration-20260808T051806+0800-dd1e3d74dca4,ZI-2a1b37d562bd57047005c01a,DS-000207,候选数据文件,BTC,4小时;8小时;24小时;48小时,15分钟;1小时,未知,未知,未知,未知,未知,未知,未知,未知,未知,未登记,无,config/数据/来源身份声明补采.json#身份声明[],b99035eb31437b822b0d8ed9b728e2fbb4b5cd8b8861010049ee43d74fc08647,2862c9267898c9d6737d4fc1b5ced6613c04c9e243fb77d4d93db30b2e8f8ad8,81ed54bcab59ed60f0262b4a4365e8bbb4c5475811bcb229bedb2e58498d371d,未知,b3a1fc5ec72ad95e258b584f936ad46befab951e0ee9e43eaa18179e34974387,无法判定,FILE_STAT_OBSERVED_IDENTITY_UNPROVEN,本批次只读；若声明、输入、Schema或授权漂移，既有结论自动失效并须追加新批次,未读取业务正文、价格、成交、订单簿、账户或凭据；身份字段不完整,为该成员提供当前版本九字段声明及逐字段Schema、授权和唯一证据定位后追加不可变批次,2d50c1344a835ceeb832796935182aeff80bb03cecc5465c8cf3aaccbd446acd,a23c4d44f41c2fc245b02db92b59200f4b443888bdb532b601a5934f5c808064,18027e43ce3439bfa230bb1be6efb079e3b904221e5361d088ca88d48f9a5594
source-identity-declaration-20260808T051806+0800-dd1e3d74dca4,ZI-d7e573a8a3db8ebee466ccf6,DS-000208,候选数据文件,BTC,4小时;8小时;24小时;48小时,15分钟;1小时,未知,未知,未知,未知,未知,未知,未知,未知,未知,未登记,无,config/数据/来源身份声明补采.json#身份声明[],b99035eb31437b822b0d8ed9b728e2fbb4b5cd8b8861010049ee43d74fc08647,fe9e7608a4eb061f5652be539fe800c731c30c5e369f84a49850cf73b997ae50,9b84f87a1dedc394f11562511ac0593d3698ba920f79e13b925545e9b7477423,未知,b3a1fc5ec72ad95e258b584f936ad46befab951e0ee9e43eaa18179e34974387,无法判定,FILE_STAT_OBSERVED_IDENTITY_UNPROVEN,本批次只读；若声明、输入、Schema或授权漂移，既有结论自动失效并须追加新批次,未读取业务正文、价格、成交、订单簿、账户或凭据；身份字段不完整,为该成员提供当前版本九字段声明及逐字段Schema、授权和唯一证据定位后追加不可变批次,2d50c1344a835ceeb832796935182aeff80bb03cecc5465c8cf3aaccbd446acd,a23c4d44f41c2fc245b02db92b59200f4b443888bdb532b601a5934f5c808064,79e7520c5306f02402d1872057a61b02eaddb55cc7ea0e70903c0cafaf4b70d0
source-identity-declaration-20260808T051806+0800-dd1e3d74dca4,ZI-3e2be17d98778a0ad036cfad,DS-000209,候选数据文件,BTC,4小时;8小时;24小时;48小时,15分钟;1小时,未知,未知,未知,未知,未知,未知,未知,未知,未知,未登记,无,config/数据/来源身份声明补采.json#身份声明[],b99035eb31437b822b0d8ed9b728e2fbb4b5cd8b8861010049ee43d74fc08647,2d90d65ec9a02a4e23e09313281406cd378c2eaadb3a19a9f1c4ba89d57b523a,16a1140e39ad3c51a489be6106c8ba9593779ed971fa88b4d8aceb3f4623b45a,未知,b3a1fc5ec72ad95e258b584f936ad46befab951e0ee9e43eaa18179e34974387,无法判定,FILE_STAT_OBSERVED_IDENTITY_UNPROVEN,本批次只读；若声明、输入、Schema或授权漂移，既有结论自动失效并须追加新批次,未读取业务正文、价格、成交、订单簿、账户或凭据；身份字段不完整,为该成员提供当前版本九字段声明及逐字段Schema、授权和唯一证据定位后追加不可变批次,2d50c1344a835ceeb832796935182aeff80bb03cecc5465c8cf3aaccbd446acd,a23c4d44f41c2fc245b02db92b59200f4b443888bdb532b601a5934f5c808064,99d326b658a82ac024cdd277a476465e483a89dc172ceda7bfe7a8c991429309
source-identity-declaration-20260808T051806+0800-dd1e3d74dca4,ZI-3286667a2cfe079a913c7c30,DS-000210,候选数据文件,BTC,4小时;8小时;24小时;48小时,15分钟;1小时,未知,未知,未知,未知,未知,未知,未知,未知,未知,未登记,无,config/数据/来源身份声明补采.json#身份声明[],b99035eb31437b822b0d8ed9b728e2fbb4b5cd8b8861010049ee43d74fc08647,1673f3d2d5e26882002c3ff908463abce1fdfb4a795443a152f6b85a43fb3f07,e4628d31187ff75bd98b22dd5047c3aea0e8e096324d40cda8f35094b30c9013,未知,b3a1fc5ec72ad95e258b584f936ad46befab951e0ee9e43eaa18179e34974387,无法判定,FILE_STAT_OBSERVED_IDENTITY_UNPROVEN,本批次只读；若声明、输入、Schema或授权漂移，既有结论自动失效并须追加新批次,未读取业务正文、价格、成交、订单簿、账户或凭据；身份字段不完整,为该成员提供当前版本九字段声明及逐字段Schema、授权和唯一证据定位后追加不可变批次,2d50c1344a835ceeb832796935182aeff80bb03cecc5465c8cf3aaccbd446acd,a23c4d44f41c2fc245b02db92b59200f4b443888bdb532b601a5934f5c808064,acdd0472f5adc3faab350544419948d04f17c1f0294d9d84b0d4f5d7ac2fb8de
source-identity-declaration-20260808T051806+0800-dd1e3d74dca4,ZI-9a9b77f14347b2cb48fa88e7,DS-000211,候选数据文件,BTC,4小时;8小时;24小时;48小时,15分钟;1小时,未知,未知,未知,未知,未知,未知,未知,未知,未知,未登记,无,config/数据/来源身份声明补采.json#身份声明[],b99035eb31437b822b0d8ed9b728e2fbb4b5cd8b8861010049ee43d74fc08647,1f7e7cf555344a7206d8962dde3c7fb9c95f36713b307b7c1e758ad6556bd5a8,a1c268d08407573cface32bceab6379292b01d0579981f5df06ccede609d20a1,未知,b3a1fc5ec72ad95e258b584f936ad46befab951e0ee9e43eaa18179e34974387,无法判定,FILE_STAT_OBSERVED_IDENTITY_UNPROVEN,本批次只读；若声明、输入、Schema或授权漂移，既有结论自动失效并须追加新批次,未读取业务正文、价格、成交、订单簿、账户或凭据；身份字段不完整,为该成员提供当前版本九字段声明及逐字段Schema、授权和唯一证据定位后追加不可变批次,2d50c1344a835ceeb832796935182aeff80bb03cecc5465c8cf3aaccbd446acd,a23c4d44f41c2fc245b02db92b59200f4b443888bdb532b601a5934f5c808064,9223447f210c14286f781177432d92d4dbfa211e93d680c9a0b2ff5e34b43665
source-identity-declaration-20260808T051806+0800-dd1e3d74dca4,ZI-072c6e5f9b428b87bb907797,DS-000212,候选数据文件,BTC,4小时;8小时;24小时;48小时,15分钟;1小时,未知,未知,未知,未知,未知,未知,未知,未知,未知,未登记,无,config/数据/来源身份声明补采.json#身份声明[],b99035eb31437b822b0d8ed9b728e2fbb4b5cd8b8861010049ee43d74fc08647,d8c78a0148f6abdd19f4a621d6c52ca485dd38012b2c028f70904050efa3275d,37596e6844008a9aa7ff046e5fbdcb00e924cf146b6fe95fbb2822dda3b97dd0,未知,b3a1fc5ec72ad95e258b584f936ad46befab951e0ee9e43eaa18179e34974387,无法判定,FILE_STAT_OBSERVED_IDENTITY_UNPROVEN,本批次只读；若声明、输入、Schema或授权漂移，既有结论自动失效并须追加新批次,未读取业务正文、价格、成交、订单簿、账户或凭据；身份字段不完整,为该成员提供当前版本九字段声明及逐字段Schema、授权和唯一证据定位后追加不可变批次,2d50c1344a835ceeb832796935182aeff80bb03cecc5465c8cf3aaccbd446acd,a23c4d44f41c2fc245b02db92b59200f4b443888bdb532b601a5934f5c808064,27d9059d5d243f087f80ed29ad449fdac6bb7c7b3db15a710cc2077c4f0f8783
source-identity-declaration-20260808T051806+0800-dd1e3d74dca4,ZI-c6103a96caf69285c99ebf1c,DS-000213,候选数据文件,BTC,4小时;8小时;24小时;48小时,15分钟;1小时,未知,未知,未知,未知,未知,未知,未知,未知,未知,未登记,无,config/数据/来源身份声明补采.json#身份声明[],b99035eb31437b822b0d8ed9b728e2fbb4b5cd8b8861010049ee43d74fc08647,49da7771a94025e16bceaf06d99d368bb69fc9f0b30773ef78fd195b2647f3cc,d89240428d281b5dfce7b304dbee0ea74ded4f6e36cfa826a995d02f960d1345,未知,b3a1fc5ec72ad95e258b584f936ad46befab951e0ee9e43eaa18179e34974387,无法判定,FILE_STAT_OBSERVED_IDENTITY_UNPROVEN,本批次只读；若声明、输入、Schema或授权漂移，既有结论自动失效并须追加新批次,未读取业务正文、价格、成交、订单簿、账户或凭据；身份字段不完整,为该成员提供当前版本九字段声明及逐字段Schema、授权和唯一证据定位后追加不可变批次,2d50c1344a835ceeb832796935182aeff80bb03cecc5465c8cf3aaccbd446acd,a23c4d44f41c2fc245b02db92b59200f4b443888bdb532b601a5934f5c808064,647fcd7c94104d66ef0f1a21453cad52a23284ed421e8ed37d10a61c457b7862
source-identity-declaration-20260808T051806+0800-dd1e3d74dca4,ZI-8304253d2ed20332e30ebcca,DS-000214,候选数据文件,BTC,4小时;8小时;24小时;48小时,15分钟;1小时,未知,未知,未知,未知,未知,未知,未知,未知,未知,未登记,无,config/数据/来源身份声明补采.json#身份声明[],b99035eb31437b822b0d8ed9b728e2fbb4b5cd8b8861010049ee43d74fc08647,4b7ef458a831e58978149d25819f70ca44d5a7ab56c24620e2b5e199ddfa8457,138c8152fe7932c04516a7547f92731a5d1a3889fa6a5f2311da04ff6aa7b016,未知,b3a1fc5ec72ad95e258b584f936ad46befab951e0ee9e43eaa18179e34974387,无法判定,FILE_STAT_OBSERVED_IDENTITY_UNPROVEN,本批次只读；若声明、输入、Schema或授权漂移，既有结论自动失效并须追加新批次,未读取业务正文、价格、成交、订单簿、账户或凭据；身份字段不完整,为该成员提供当前版本九字段声明及逐字段Schema、授权和唯一证据定位后追加不可变批次,2d50c1344a835ceeb832796935182aeff80bb03cecc5465c8cf3aaccbd446acd,a23c4d44f41c2fc245b02db92b59200f4b443888bdb532b601a5934f5c808064,c1ec284ac48fcb1627773c6523fa842e9da63487ff05981579eddb66c9b07b82
source-identity-declaration-20260808T051806+0800-dd1e3d74dca4,ZI-ec81510cd0a232ac9b5cc4f3,DS-000215,候选数据文件,BTC,4小时;8小时;24小时;48小时,15分钟;1小时,未知,未知,未知,未知,未知,未知,未知,未知,未知,未登记,无,config/数据/来源身份声明补采.json#身份声明[],b99035eb31437b822b0d8ed9b728e2fbb4b5cd8b8861010049ee43d74fc08647,c8e071231ebbdfc3fd675eb141e1efc29ba7a13e91e9254f9c3cc1ef9495c2c2,7230b1aa75860eaded6c148481fe00881d2ec25cc8ba7a9a50d7cbc899a4985a,未知,b3a1fc5ec72ad95e258b584f936ad46befab951e0ee9e43eaa18179e34974387,无法判定,FILE_STAT_OBSERVED_IDENTITY_UNPROVEN,本批次只读；若声明、输入、Schema或授权漂移，既有结论自动失效并须追加新批次,未读取业务正文、价格、成交、订单簿、账户或凭据；身份字段不完整,为该成员提供当前版本九字段声明及逐字段Schema、授权和唯一证据定位后追加不可变批次,2d50c1344a835ceeb832796935182aeff80bb03cecc5465c8cf3aaccbd446acd,a23c4d44f41c2fc245b02db92b59200f4b443888bdb532b601a5934f5c808064,5e074d6d540e1794701ac532647a56bca283844b78001e7aac1d304aa8da2fa9
source-identity-declaration-20260808T051806+0800-dd1e3d74dca4,ZI-7d904efd7dbc8083ae534633,DS-000216,候选数据文件,BTC,4小时;8小时;24小时;48小时,15分钟;1小时,未知,未知,未知,未知,未知,未知,未知,未知,未知,未登记,无,config/数据/来源身份声明补采.json#身份声明[],b99035eb31437b822b0d8ed9b728e2fbb4b5cd8b8861010049ee43d74fc08647,17cb50cc3c65f508fb921ef26b8f5306a43dab9610337cf613631b5df89e8e5d,6627553473a3965b483ccc0f8839a72133b53c3c91b720d46d5d7031c81fe67c,未知,b3a1fc5ec72ad95e258b584f936ad46befab951e0ee9e43eaa18179e34974387,无法判定,FILE_STAT_OBSERVED_IDENTITY_UNPROVEN,本批次只读；若声明、输入、Schema或授权漂移，既有结论自动失效并须追加新批次,未读取业务正文、价格、成交、订单簿、账户或凭据；身份字段不完整,为该成员提供当前版本九字段声明及逐字段Schema、授权和唯一证据定位后追加不可变批次,2d50c1344a835ceeb832796935182aeff80bb03cecc5465c8cf3aaccbd446acd,a23c4d44f41c2fc245b02db92b59200f4b443888bdb532b601a5934f5c808064,be3f499de4a95fcb500a8bb72b195cab5265f939b58dbf818a9659566683101c
source-identity-declaration-20260808T051806+0800-dd1e3d74dca4,ZI-74ee466762e9b1869eeab68c,DS-000217,候选数据文件,BTC,4小时;8小时;24小时;48小时,15分钟;1小时,未知,未知,未知,未知,未知,未知,未知,未知,未知,未登记,无,config/数据/来源身份声明补采.json#身份声明[],b99035eb31437b822b0d8ed9b728e2fbb4b5cd8b8861010049ee43d74fc08647,0bdc7a67f1bbd727ffffcd809c382cb521892eb214a2a1049dd5fd9704b3ce31,9e3df7fcde6a416c14ad2f3385cc8a95fb4a60267d036f9a4e620d68bff6d10f,未知,b3a1fc5ec72ad95e258b584f936ad46befab951e0ee9e43eaa18179e34974387,无法判定,FILE_STAT_OBSERVED_IDENTITY_UNPROVEN,本批次只读；若声明、输入、Schema或授权漂移，既有结论自动失效并须追加新批次,未读取业务正文、价格、成交、订单簿、账户或凭据；身份字段不完整,为该成员提供当前版本九字段声明及逐字段Schema、授权和唯一证据定位后追加不可变批次,2d50c1344a835ceeb832796935182aeff80bb03cecc5465c8cf3aaccbd446acd,a23c4d44f41c2fc245b02db92b59200f4b443888bdb532b601a5934f5c808064,22cd4a256f61d34592f9948790fa97ba404ca0a997788947b9754f0b8c95b0a7
source-identity-declaration-20260808T051806+0800-dd1e3d74dca4,ZI-29c36adb3ea8aab9775a3a1a,DS-000218,候选数据文件,BTC,4小时;8小时;24小时;48小时,15分钟;1小时,未知,未知,未知,未知,未知,未知,未知,未知,未知,未登记,无,config/数据/来源身份声明补采.json#身份声明[],b99035eb31437b822b0d8ed9b728e2fbb4b5cd8b8861010049ee43d74fc08647,23d79df12719a18f66ce20b5e7348fd6e2f6c701cfaa07957b0acc9b4b4b3c5d,e6157d59b9196789cd25c9701501043bb00ef014649356a10e16259596fb4709,未知,b3a1fc5ec72ad95e258b584f936ad46befab951e0ee9e43eaa18179e34974387,无法判定,FILE_STAT_OBSERVED_IDENTITY_UNPROVEN,本批次只读；若声明、输入、Schema或授权漂移，既有结论自动失效并须追加新批次,未读取业务正文、价格、成交、订单簿、账户或凭据；身份字段不完整,为该成员提供当前版本九字段声明及逐字段Schema、授权和唯一证据定位后追加不可变批次,2d50c1344a835ceeb832796935182aeff80bb03cecc5465c8cf3aaccbd446acd,a23c4d44f41c2fc245b02db92b59200f4b443888bdb532b601a5934f5c808064,f909826bae32ac4dbe0868df431751220a9fbcfb9296c4eef717a91f4668bc19
source-identity-declaration-20260808T051806+0800-dd1e3d74dca4,ZI-e2ba4b054e7cdaf4c747c964,DS-000219,候选数据文件,BTC,4小时;8小时;24小时;48小时,15分钟;1小时,未知,未知,未知,未知,未知,未知,未知,未知,未知,未登记,无,config/数据/来源身份声明补采.json#身份声明[],b99035eb31437b822b0d8ed9b728e2fbb4b5cd8b8861010049ee43d74fc08647,21165349456518961030378083fea5551ab855e98f18bb276a7180f52b3d1f7d,a8a1fedf04743df7d4306f8ab802cc9f585ad95bb3a1859b581b08e07f21b491,未知,b3a1fc5ec72ad95e258b584f936ad46befab951e0ee9e43eaa18179e34974387,无法判定,FILE_STAT_OBSERVED_IDENTITY_UNPROVEN,本批次只读；若声明、输入、Schema或授权漂移，既有结论自动失效并须追加新批次,未读取业务正文、价格、成交、订单簿、账户或凭据；身份字段不完整,为该成员提供当前版本九字段声明及逐字段Schema、授权和唯一证据定位后追加不可变批次,2d50c1344a835ceeb832796935182aeff80bb03cecc5465c8cf3aaccbd446acd,a23c4d44f41c2fc245b02db92b59200f4b443888bdb532b601a5934f5c808064,c62d9e79477e405e8c4e7553f639a6cf4712a118eaacb03da3c95516ed959ea1
source-identity-declaration-20260808T051806+0800-dd1e3d74dca4,ZI-16b6d5bd373c2fbb92c71411,DS-000220,候选数据文件,BTC,4小时;8小时;24小时;48小时,15分钟;1小时,未知,未知,未知,未知,未知,未知,未知,未知,未知,未登记,无,config/数据/来源身份声明补采.json#身份声明[],b99035eb31437b822b0d8ed9b728e2fbb4b5cd8b8861010049ee43d74fc08647,7de5a82ae4458f844affdcfc96bb58bd683630348ddf7b03231730efa11bf7dc,8dcbf3ed5b60fa730bdf830643d41a04e45e08e42af3c50b780c3bff6cf54e55,未知,b3a1fc5ec72ad95e258b584f936ad46befab951e0ee9e43eaa18179e34974387,无法判定,FILE_STAT_OBSERVED_IDENTITY_UNPROVEN,本批次只读；若声明、输入、Schema或授权漂移，既有结论自动失效并须追加新批次,未读取业务正文、价格、成交、订单簿、账户或凭据；身份字段不完整,为该成员提供当前版本九字段声明及逐字段Schema、授权和唯一证据定位后追加不可变批次,2d50c1344a835ceeb832796935182aeff80bb03cecc5465c8cf3aaccbd446acd,a23c4d44f41c2fc245b02db92b59200f4b443888bdb532b601a5934f5c808064,cf19023ab3dddc61b6625e3b3e7a08ac70cfaff57d56fe6e96dfa060af47c0e7
source-identity-declaration-20260808T051806+0800-dd1e3d74dca4,ZI-e8b50f0e23b5a2aadfe713a0,DS-000221,候选数据文件,BTC,4小时;8小时;24小时;48小时,15分钟;1小时,未知,未知,未知,未知,未知,未知,未知,未知,未知,未登记,无,config/数据/来源身份声明补采.json#身份声明[],b99035eb31437b822b0d8ed9b728e2fbb4b5cd8b8861010049ee43d74fc08647,6980edd049f750c69d7e7ae20e5aa6cc1657e9d95673ca38293e252e1af793e9,72b527c4562ab1d34e9c9be2a4cfceffb42758e4fbf892ad7e8c0a54baab42de,未知,b3a1fc5ec72ad95e258b584f936ad46befab951e0ee9e43eaa18179e34974387,无法判定,FILE_STAT_OBSERVED_IDENTITY_UNPROVEN,本批次只读；若声明、输入、Schema或授权漂移，既有结论自动失效并须追加新批次,未读取业务正文、价格、成交、订单簿、账户或凭据；身份字段不完整,为该成员提供当前版本九字段声明及逐字段Schema、授权和唯一证据定位后追加不可变批次,2d50c1344a835ceeb832796935182aeff80bb03cecc5465c8cf3aaccbd446acd,a23c4d44f41c2fc245b02db92b59200f4b443888bdb532b601a5934f5c808064,0e476df972bc11fc4154877fa359639a774e3f9839481b4e14db3826060cc166
source-identity-declaration-20260808T051806+0800-dd1e3d74dca4,ZI-34a2fe963d2ab9822f260ad3,DS-000222,候选数据文件,BTC,4小时;8小时;24小时;48小时,15分钟;1小时,未知,未知,未知,未知,未知,未知,未知,未知,未知,未登记,无,config/数据/来源身份声明补采.json#身份声明[],b99035eb31437b822b0d8ed9b728e2fbb4b5cd8b8861010049ee43d74fc08647,3e539388481b9fa19a3c40b0e3aa8d79677f6c36cfe63f2ca87828ac92b88df2,087e1e310fcd0e97232d7b0afd702de2d5cfe3ddab9d622e8ee6b7853cb46b62,未知,b3a1fc5ec72ad95e258b584f936ad46befab951e0ee9e43eaa18179e34974387,无法判定,FILE_STAT_OBSERVED_IDENTITY_UNPROVEN,本批次只读；若声明、输入、Schema或授权漂移，既有结论自动失效并须追加新批次,未读取业务正文、价格、成交、订单簿、账户或凭据；身份字段不完整,为该成员提供当前版本九字段声明及逐字段Schema、授权和唯一证据定位后追加不可变批次,2d50c1344a835ceeb832796935182aeff80bb03cecc5465c8cf3aaccbd446acd,a23c4d44f41c2fc245b02db92b59200f4b443888bdb532b601a5934f5c808064,d6abc36c684f609851f12a6a35be6ab3edf2e2269da8c8e3aefee016504eeb84
source-identity-declaration-20260808T051806+0800-dd1e3d74dca4,ZI-19d32f1ee8316f8b358988a0,DS-000223,候选数据文件,BTC,4小时;8小时;24小时;48小时,15分钟;1小时,未知,未知,未知,未知,未知,未知,未知,未知,未知,未登记,无,config/数据/来源身份声明补采.json#身份声明[],b99035eb31437b822b0d8ed9b728e2fbb4b5cd8b8861010049ee43d74fc08647,e9c7915b1f0185fd3199344770ef2c5020c6bc27def3a3c1755994699e69cf58,a08373d4984da5498b6bd1555a2d393e541e809346565c9d8058fbd1cd369e5d,未知,b3a1fc5ec72ad95e258b584f936ad46befab951e0ee9e43eaa18179e34974387,无法判定,FILE_STAT_OBSERVED_IDENTITY_UNPROVEN,本批次只读；若声明、输入、Schema或授权漂移，既有结论自动失效并须追加新批次,未读取业务正文、价格、成交、订单簿、账户或凭据；身份字段不完整,为该成员提供当前版本九字段声明及逐字段Schema、授权和唯一证据定位后追加不可变批次,2d50c1344a835ceeb832796935182aeff80bb03cecc5465c8cf3aaccbd446acd,a23c4d44f41c2fc245b02db92b59200f4b443888bdb532b601a5934f5c808064,68b48295ab08494fa841b444114e9866dce00ee28b3d033a1997fc364b1ef55b
source-identity-declaration-20260808T051806+0800-dd1e3d74dca4,ZI-0694ca8ffce7194a5edb1a0f,DS-000225,数据库元数据,BTC,4小时;8小时;24小时;48小时,15分钟;1小时,未知,未知,未知,未知,未知,未知,未知,未知,未知,未登记,无,config/数据/来源身份声明补采.json#身份声明[],b99035eb31437b822b0d8ed9b728e2fbb4b5cd8b8861010049ee43d74fc08647,31c46439848b2efd4dd25f0894f6ce7296e53e7d983b81530451c4d4879bc220,未知,未知,b3a1fc5ec72ad95e258b584f936ad46befab951e0ee9e43eaa18179e34974387,无法判定,DATABASE_METADATA_IDENTITY_UNPROVEN,本批次只读；若声明、输入、Schema或授权漂移，既有结论自动失效并须追加新批次,未读取业务正文、价格、成交、订单簿、账户或凭据；身份字段不完整,为该成员提供当前版本九字段声明及逐字段Schema、授权和唯一证据定位后追加不可变批次,2d50c1344a835ceeb832796935182aeff80bb03cecc5465c8cf3aaccbd446acd,a23c4d44f41c2fc245b02db92b59200f4b443888bdb532b601a5934f5c808064,f8a8b464ead8d4e3e46e0e2c8507e9ba32db50f3d9c62ed1ac79dfd93b61134d
source-identity-declaration-20260808T051806+0800-dd1e3d74dca4,ZI-b14dc6c9a93cf52c6c414771,DS-000226,数据库元数据,BTC,4小时;8小时;24小时;48小时,15分钟;1小时,未知,未知,未知,未知,未知,未知,未知,未知,未知,未登记,无,config/数据/来源身份声明补采.json#身份声明[],b99035eb31437b822b0d8ed9b728e2fbb4b5cd8b8861010049ee43d74fc08647,6a81bb21010d297d98dd3ec7d464e7118f4b2d9fe881e05831f744f092a7bb21,未知,未知,b3a1fc5ec72ad95e258b584f936ad46befab951e0ee9e43eaa18179e34974387,无法判定,DATABASE_METADATA_IDENTITY_UNPROVEN,本批次只读；若声明、输入、Schema或授权漂移，既有结论自动失效并须追加新批次,未读取业务正文、价格、成交、订单簿、账户或凭据；身份字段不完整,为该成员提供当前版本九字段声明及逐字段Schema、授权和唯一证据定位后追加不可变批次,2d50c1344a835ceeb832796935182aeff80bb03cecc5465c8cf3aaccbd446acd,a23c4d44f41c2fc245b02db92b59200f4b443888bdb532b601a5934f5c808064,ec20c04f46512148a7bb96014c7d6fff50a939a8d05da710e40d41af97db9166
source-identity-declaration-20260808T051806+0800-dd1e3d74dca4,ZI-bb74646c795efd1568463fd5,DS-000227,数据库元数据,BTC,4小时;8小时;24小时;48小时,15分钟;1小时,未知,未知,未知,未知,未知,未知,未知,未知,未知,未登记,无,config/数据/来源身份声明补采.json#身份声明[],b99035eb31437b822b0d8ed9b728e2fbb4b5cd8b8861010049ee43d74fc08647,2ac0c84203efd9c2735cdb91f464d07bc39ee71c28da7cdc8cf4b0a2c0c359f7,未知,未知,b3a1fc5ec72ad95e258b584f936ad46befab951e0ee9e43eaa18179e34974387,无法判定,DATABASE_METADATA_IDENTITY_UNPROVEN,本批次只读；若声明、输入、Schema或授权漂移，既有结论自动失效并须追加新批次,未读取业务正文、价格、成交、订单簿、账户或凭据；身份字段不完整,为该成员提供当前版本九字段声明及逐字段Schema、授权和唯一证据定位后追加不可变批次,2d50c1344a835ceeb832796935182aeff80bb03cecc5465c8cf3aaccbd446acd,a23c4d44f41c2fc245b02db92b59200f4b443888bdb532b601a5934f5c808064,24159d22c9f3a9b79997f4b8edf8e070d4a2b55b64081165d6981c32abd044d5
source-identity-declaration-20260808T051806+0800-dd1e3d74dca4,ZI-e5230a52ad3a08cbc1de9499,DS-000228,数据库元数据,BTC,4小时;8小时;24小时;48小时,15分钟;1小时,未知,未知,未知,未知,未知,未知,未知,未知,未知,未登记,无,config/数据/来源身份声明补采.json#身份声明[],b99035eb31437b822b0d8ed9b728e2fbb4b5cd8b8861010049ee43d74fc08647,ded39db7f820476590ee31689b0e683dd170115a1af80b15191867fc8cfc2848,未知,未知,b3a1fc5ec72ad95e258b584f936ad46befab951e0ee9e43eaa18179e34974387,无法判定,DATABASE_METADATA_IDENTITY_UNPROVEN,本批次只读；若声明、输入、Schema或授权漂移，既有结论自动失效并须追加新批次,未读取业务正文、价格、成交、订单簿、账户或凭据；身份字段不完整,为该成员提供当前版本九字段声明及逐字段Schema、授权和唯一证据定位后追加不可变批次,2d50c1344a835ceeb832796935182aeff80bb03cecc5465c8cf3aaccbd446acd,a23c4d44f41c2fc245b02db92b59200f4b443888bdb532b601a5934f5c808064,83f3291d46451cda3ef748db02b0b6e63d37c5635a74dc2e66f452d9aa16838a
source-identity-declaration-20260808T051806+0800-dd1e3d74dca4,ZI-3fd360a6acc4e7dc0e4d25aa,DS-000229,数据库元数据,BTC,4小时;8小时;24小时;48小时,15分钟;1小时,未知,未知,未知,未知,未知,未知,未知,未知,未知,未登记,无,config/数据/来源身份声明补采.json#身份声明[],b99035eb31437b822b0d8ed9b728e2fbb4b5cd8b8861010049ee43d74fc08647,f92abe1336fcf2463981b9bf09595da91c6642688d884b9321950c809461e668,未知,未知,b3a1fc5ec72ad95e258b584f936ad46befab951e0ee9e43eaa18179e34974387,无法判定,DATABASE_METADATA_IDENTITY_UNPROVEN,本批次只读；若声明、输入、Schema或授权漂移，既有结论自动失效并须追加新批次,未读取业务正文、价格、成交、订单簿、账户或凭据；身份字段不完整,为该成员提供当前版本九字段声明及逐字段Schema、授权和唯一证据定位后追加不可变批次,2d50c1344a835ceeb832796935182aeff80bb03cecc5465c8cf3aaccbd446acd,a23c4d44f41c2fc245b02db92b59200f4b443888bdb532b601a5934f5c808064,8a64d58a4d314d5e77cc30298b8cfb7885797275537a28407630f1b9acbacbb3
source-identity-declaration-20260808T051806+0800-dd1e3d74dca4,ZI-84932a2cb8d1dbb102b157bc,DS-000230,数据库元数据,BTC,4小时;8小时;24小时;48小时,15分钟;1小时,未知,未知,未知,未知,未知,未知,未知,未知,未知,未登记,无,config/数据/来源身份声明补采.json#身份声明[],b99035eb31437b822b0d8ed9b728e2fbb4b5cd8b8861010049ee43d74fc08647,696fc7c4311abe694bffc605e03c287a75b809028054b2796902f493ea776b60,未知,未知,b3a1fc5ec72ad95e258b584f936ad46befab951e0ee9e43eaa18179e34974387,无法判定,DATABASE_METADATA_IDENTITY_UNPROVEN,本批次只读；若声明、输入、Schema或授权漂移，既有结论自动失效并须追加新批次,未读取业务正文、价格、成交、订单簿、账户或凭据；身份字段不完整,为该成员提供当前版本九字段声明及逐字段Schema、授权和唯一证据定位后追加不可变批次,2d50c1344a835ceeb832796935182aeff80bb03cecc5465c8cf3aaccbd446acd,a23c4d44f41c2fc245b02db92b59200f4b443888bdb532b601a5934f5c808064,0ea92b1750683a6e20916f1cbaaa1d6bb53e46b83e2a88607029763e8a8afb1a
source-identity-declaration-20260808T051806+0800-dd1e3d74dca4,ZI-931fd13d49e7871a65721be5,DS-000231,数据库元数据,BTC,4小时;8小时;24小时;48小时,15分钟;1小时,未知,未知,未知,未知,未知,未知,未知,未知,未知,未登记,无,config/数据/来源身份声明补采.json#身份声明[],b99035eb31437b822b0d8ed9b728e2fbb4b5cd8b8861010049ee43d74fc08647,1ddffa1f0f31556fe0d2dc68a47c93c046bfcfab4dcad6b6413e954c85a567ce,未知,未知,b3a1fc5ec72ad95e258b584f936ad46befab951e0ee9e43eaa18179e34974387,无法判定,DATABASE_METADATA_IDENTITY_UNPROVEN,本批次只读；若声明、输入、Schema或授权漂移，既有结论自动失效并须追加新批次,未读取业务正文、价格、成交、订单簿、账户或凭据；身份字段不完整,为该成员提供当前版本九字段声明及逐字段Schema、授权和唯一证据定位后追加不可变批次,2d50c1344a835ceeb832796935182aeff80bb03cecc5465c8cf3aaccbd446acd,a23c4d44f41c2fc245b02db92b59200f4b443888bdb532b601a5934f5c808064,7df98e9aa997743c3f3eb0038653c88f508869dacfd5e768a99487a0df25c8fc
source-identity-declaration-20260808T051806+0800-dd1e3d74dca4,ZI-0db81498191dada0dd3edbeb,DS-000232,数据库元数据,BTC,4小时;8小时;24小时;48小时,15分钟;1小时,未知,未知,未知,未知,未知,未知,未知,未知,未知,未登记,无,config/数据/来源身份声明补采.json#身份声明[],b99035eb31437b822b0d8ed9b728e2fbb4b5cd8b8861010049ee43d74fc08647,d5e98969dd30d95cf796e35f21a830b2e8ab6decb9c18e07dba58527efbd0f89,未知,未知,b3a1fc5ec72ad95e258b584f936ad46befab951e0ee9e43eaa18179e34974387,无法判定,DATABASE_METADATA_IDENTITY_UNPROVEN,本批次只读；若声明、输入、Schema或授权漂移，既有结论自动失效并须追加新批次,未读取业务正文、价格、成交、订单簿、账户或凭据；身份字段不完整,为该成员提供当前版本九字段声明及逐字段Schema、授权和唯一证据定位后追加不可变批次,2d50c1344a835ceeb832796935182aeff80bb03cecc5465c8cf3aaccbd446acd,a23c4d44f41c2fc245b02db92b59200f4b443888bdb532b601a5934f5c808064,cb30c0db622e2a1420afd6ea79eba19c2c32c701e24b774c94217864806deb5f
source-identity-declaration-20260808T051806+0800-dd1e3d74dca4,ZI-40e1501e3846b2cfea5a7abc,DS-000233,数据库元数据,BTC,4小时;8小时;24小时;48小时,15分钟;1小时,未知,未知,未知,未知,未知,未知,未知,未知,未知,未登记,无,config/数据/来源身份声明补采.json#身份声明[],b99035eb31437b822b0d8ed9b728e2fbb4b5cd8b8861010049ee43d74fc08647,72e7313ef8e524b350b1ace10c8d6b8626b5188e0d1dd969dfa6e1b8fcbd5739,未知,未知,b3a1fc5ec72ad95e258b584f936ad46befab951e0ee9e43eaa18179e34974387,无法判定,DATABASE_METADATA_IDENTITY_UNPROVEN,本批次只读；若声明、输入、Schema或授权漂移，既有结论自动失效并须追加新批次,未读取业务正文、价格、成交、订单簿、账户或凭据；身份字段不完整,为该成员提供当前版本九字段声明及逐字段Schema、授权和唯一证据定位后追加不可变批次,2d50c1344a835ceeb832796935182aeff80bb03cecc5465c8cf3aaccbd446acd,a23c4d44f41c2fc245b02db92b59200f4b443888bdb532b601a5934f5c808064,ce57e90ecaca2899915cf3e7da6ae341cf94e00787653dbf3e52a1bf75bb6777
source-identity-declaration-20260808T051806+0800-dd1e3d74dca4,ZI-180e97d2bf1963cdbc241452,DS-000234,数据库元数据,BTC,4小时;8小时;24小时;48小时,15分钟;1小时,未知,未知,未知,未知,未知,未知,未知,未知,未知,未登记,无,config/数据/来源身份声明补采.json#身份声明[],b99035eb31437b822b0d8ed9b728e2fbb4b5cd8b8861010049ee43d74fc08647,32b66f7841fcfd1a8692bb0602413683c771ac914082faa7548d5a3cd7b46044,未知,未知,b3a1fc5ec72ad95e258b584f936ad46befab951e0ee9e43eaa18179e34974387,无法判定,DATABASE_METADATA_IDENTITY_UNPROVEN,本批次只读；若声明、输入、Schema或授权漂移，既有结论自动失效并须追加新批次,未读取业务正文、价格、成交、订单簿、账户或凭据；身份字段不完整,为该成员提供当前版本九字段声明及逐字段Schema、授权和唯一证据定位后追加不可变批次,2d50c1344a835ceeb832796935182aeff80bb03cecc5465c8cf3aaccbd446acd,a23c4d44f41c2fc245b02db92b59200f4b443888bdb532b601a5934f5c808064,febdb1ae972c6653333bc073792ea46cfe695ef55c3e0ad10edc079a26ef11ba
source-identity-declaration-20260808T051806+0800-dd1e3d74dca4,ZI-82ca837cfd12f3b03f7ca932,DS-000235,数据库元数据,BTC,4小时;8小时;24小时;48小时,15分钟;1小时,未知,未知,未知,未知,未知,未知,未知,未知,未知,未登记,无,config/数据/来源身份声明补采.json#身份声明[],b99035eb31437b822b0d8ed9b728e2fbb4b5cd8b8861010049ee43d74fc08647,f1c5147a2e34f6ba05d99991d7e96b60372cf8f3587d7274a6e8f0c390e7197f,未知,未知,b3a1fc5ec72ad95e258b584f936ad46befab951e0ee9e43eaa18179e34974387,无法判定,DATABASE_METADATA_IDENTITY_UNPROVEN,本批次只读；若声明、输入、Schema或授权漂移，既有结论自动失效并须追加新批次,未读取业务正文、价格、成交、订单簿、账户或凭据；身份字段不完整,为该成员提供当前版本九字段声明及逐字段Schema、授权和唯一证据定位后追加不可变批次,2d50c1344a835ceeb832796935182aeff80bb03cecc5465c8cf3aaccbd446acd,a23c4d44f41c2fc245b02db92b59200f4b443888bdb532b601a5934f5c808064,b5c798f7aef11340b241a09192890d445bf51cb72d2456ede1f5da93b78bdd41
source-identity-declaration-20260808T051806+0800-dd1e3d74dca4,ZI-f8f3b3ccb51bd499cc0a7a90,DS-000236,数据库元数据,BTC,4小时;8小时;24小时;48小时,15分钟;1小时,未知,未知,未知,未知,未知,未知,未知,未知,未知,未登记,无,config/数据/来源身份声明补采.json#身份声明[],b99035eb31437b822b0d8ed9b728e2fbb4b5cd8b8861010049ee43d74fc08647,98b039adcd5656df11f65ee44b7131ebc40f5750a04b7327545e42606758bd44,未知,未知,b3a1fc5ec72ad95e258b584f936ad46befab951e0ee9e43eaa18179e34974387,无法判定,DATABASE_METADATA_IDENTITY_UNPROVEN,本批次只读；若声明、输入、Schema或授权漂移，既有结论自动失效并须追加新批次,未读取业务正文、价格、成交、订单簿、账户或凭据；身份字段不完整,为该成员提供当前版本九字段声明及逐字段Schema、授权和唯一证据定位后追加不可变批次,2d50c1344a835ceeb832796935182aeff80bb03cecc5465c8cf3aaccbd446acd,a23c4d44f41c2fc245b02db92b59200f4b443888bdb532b601a5934f5c808064,4757b864228f7648678a64210a49ba4234ffe0b7fc7834c787c95b91e5d4e9b3
source-identity-declaration-20260808T051806+0800-dd1e3d74dca4,ZI-909e04049eca4a3356195dcc,DS-000237,数据库元数据,BTC,4小时;8小时;24小时;48小时,15分钟;1小时,未知,未知,未知,未知,未知,未知,未知,未知,未知,未登记,无,config/数据/来源身份声明补采.json#身份声明[],b99035eb31437b822b0d8ed9b728e2fbb4b5cd8b8861010049ee43d74fc08647,3726607d3f48f439672a2470687cbdc27e1513ae4716fbfd7ecfe895db4d10f7,未知,未知,b3a1fc5ec72ad95e258b584f936ad46befab951e0ee9e43eaa18179e34974387,无法判定,DATABASE_METADATA_IDENTITY_UNPROVEN,本批次只读；若声明、输入、Schema或授权漂移，既有结论自动失效并须追加新批次,未读取业务正文、价格、成交、订单簿、账户或凭据；身份字段不完整,为该成员提供当前版本九字段声明及逐字段Schema、授权和唯一证据定位后追加不可变批次,2d50c1344a835ceeb832796935182aeff80bb03cecc5465c8cf3aaccbd446acd,a23c4d44f41c2fc245b02db92b59200f4b443888bdb532b601a5934f5c808064,0702f2868a8147ce9ac16925706cafd37ae74ca8a70e4ab7e4ab4b08d4a7cc4c
source-identity-declaration-20260808T051806+0800-dd1e3d74dca4,ZI-c4350e8eb898e37acd11c607,DS-000238,数据库元数据,BTC,4小时;8小时;24小时;48小时,15分钟;1小时,未知,未知,未知,未知,未知,未知,未知,未知,未知,未登记,无,config/数据/来源身份声明补采.json#身份声明[],b99035eb31437b822b0d8ed9b728e2fbb4b5cd8b8861010049ee43d74fc08647,270b961e9a166bcdca4fcdee14c4cd7f0f1ad86a75cdc3960672ad622cba43ea,未知,未知,b3a1fc5ec72ad95e258b584f936ad46befab951e0ee9e43eaa18179e34974387,无法判定,DATABASE_METADATA_IDENTITY_UNPROVEN,本批次只读；若声明、输入、Schema或授权漂移，既有结论自动失效并须追加新批次,未读取业务正文、价格、成交、订单簿、账户或凭据；身份字段不完整,为该成员提供当前版本九字段声明及逐字段Schema、授权和唯一证据定位后追加不可变批次,2d50c1344a835ceeb832796935182aeff80bb03cecc5465c8cf3aaccbd446acd,a23c4d44f41c2fc245b02db92b59200f4b443888bdb532b601a5934f5c808064,54f2995be89bbab329bfefe37280752f04c86b1d2c399fa8f9885efafa3e47aa
source-identity-declaration-20260808T051806+0800-dd1e3d74dca4,ZI-70ff9820b675a6fb1dadcb63,DS-000239,数据库元数据,BTC,4小时;8小时;24小时;48小时,15分钟;1小时,未知,未知,未知,未知,未知,未知,未知,未知,未知,未登记,无,config/数据/来源身份声明补采.json#身份声明[],b99035eb31437b822b0d8ed9b728e2fbb4b5cd8b8861010049ee43d74fc08647,117aa34fd7e4061134b2f25dd7f0a2b0d1efa63bd4819c4778a897f004e66d14,未知,未知,b3a1fc5ec72ad95e258b584f936ad46befab951e0ee9e43eaa18179e34974387,无法判定,DATABASE_METADATA_IDENTITY_UNPROVEN,本批次只读；若声明、输入、Schema或授权漂移，既有结论自动失效并须追加新批次,未读取业务正文、价格、成交、订单簿、账户或凭据；身份字段不完整,为该成员提供当前版本九字段声明及逐字段Schema、授权和唯一证据定位后追加不可变批次,2d50c1344a835ceeb832796935182aeff80bb03cecc5465c8cf3aaccbd446acd,a23c4d44f41c2fc245b02db92b59200f4b443888bdb532b601a5934f5c808064,c62a3a0100dbac0ac0f7255a281af863e4ca9d057994788ff77b3ab9c7751923
source-identity-declaration-20260808T051806+0800-dd1e3d74dca4,ZI-a3518b5c91cfcb0ddebabc49,DS-000240,数据库元数据,BTC,4小时;8小时;24小时;48小时,15分钟;1小时,未知,未知,未知,未知,未知,未知,未知,未知,未知,未登记,无,config/数据/来源身份声明补采.json#身份声明[],b99035eb31437b822b0d8ed9b728e2fbb4b5cd8b8861010049ee43d74fc08647,a9f656490ddb8a2c0687c98bf185161c1ff4e8545620daade42c31f3b709cd45,未知,未知,b3a1fc5ec72ad95e258b584f936ad46befab951e0ee9e43eaa18179e34974387,无法判定,DATABASE_METADATA_IDENTITY_UNPROVEN,本批次只读；若声明、输入、Schema或授权漂移，既有结论自动失效并须追加新批次,未读取业务正文、价格、成交、订单簿、账户或凭据；身份字段不完整,为该成员提供当前版本九字段声明及逐字段Schema、授权和唯一证据定位后追加不可变批次,2d50c1344a835ceeb832796935182aeff80bb03cecc5465c8cf3aaccbd446acd,a23c4d44f41c2fc245b02db92b59200f4b443888bdb532b601a5934f5c808064,5a8b5bfed804f1d70e1702314fb049df696a5b3425d823b0b9610069ebff13d8
source-identity-declaration-20260808T051806+0800-dd1e3d74dca4,ZI-2d19f035d654c628059e34b8,DS-000241,数据库元数据,BTC,4小时;8小时;24小时;48小时,15分钟;1小时,未知,未知,未知,未知,未知,未知,未知,未知,未知,未登记,无,config/数据/来源身份声明补采.json#身份声明[],b99035eb31437b822b0d8ed9b728e2fbb4b5cd8b8861010049ee43d74fc08647,a3b0dc868567565fbc694d34c2bfbe290d8bce78d7aa8020914d094b03202ca2,未知,未知,b3a1fc5ec72ad95e258b584f936ad46befab951e0ee9e43eaa18179e34974387,无法判定,DATABASE_METADATA_IDENTITY_UNPROVEN,本批次只读；若声明、输入、Schema或授权漂移，既有结论自动失效并须追加新批次,未读取业务正文、价格、成交、订单簿、账户或凭据；身份字段不完整,为该成员提供当前版本九字段声明及逐字段Schema、授权和唯一证据定位后追加不可变批次,2d50c1344a835ceeb832796935182aeff80bb03cecc5465c8cf3aaccbd446acd,a23c4d44f41c2fc245b02db92b59200f4b443888bdb532b601a5934f5c808064,92aa44ec0e9929ca87337f48c4590caa251b27b6bde057e4fb99935b1768ab67
source-identity-declaration-20260808T051806+0800-dd1e3d74dca4,ZI-2aacde99b3989717dca21e4a,DS-000242,数据库元数据,BTC,4小时;8小时;24小时;48小时,15分钟;1小时,未知,未知,未知,未知,未知,未知,未知,未知,未知,未登记,无,config/数据/来源身份声明补采.json#身份声明[],b99035eb31437b822b0d8ed9b728e2fbb4b5cd8b8861010049ee43d74fc08647,f06d1d1e6c27a45590fca5ee63f74b8db5c230132951c25768af2fdb002dade8,未知,未知,b3a1fc5ec72ad95e258b584f936ad46befab951e0ee9e43eaa18179e34974387,无法判定,DATABASE_METADATA_IDENTITY_UNPROVEN,本批次只读；若声明、输入、Schema或授权漂移，既有结论自动失效并须追加新批次,未读取业务正文、价格、成交、订单簿、账户或凭据；身份字段不完整,为该成员提供当前版本九字段声明及逐字段Schema、授权和唯一证据定位后追加不可变批次,2d50c1344a835ceeb832796935182aeff80bb03cecc5465c8cf3aaccbd446acd,a23c4d44f41c2fc245b02db92b59200f4b443888bdb532b601a5934f5c808064,95d5b45ce9e64e7320a2f1328f2755e7ce79cf3f07008e8fb3cf9ffc42483481
source-identity-declaration-20260808T051806+0800-dd1e3d74dca4,ZI-ec7ec383b739a0789e262abf,DS-000243,数据库元数据,BTC,4小时;8小时;24小时;48小时,15分钟;1小时,未知,未知,未知,未知,未知,未知,未知,未知,未知,未登记,无,config/数据/来源身份声明补采.json#身份声明[],b99035eb31437b822b0d8ed9b728e2fbb4b5cd8b8861010049ee43d74fc08647,8f2d433fc50cdb27ebcc8696c2f8aae7aee08cdc738e7e73e2445894e0b6429e,未知,未知,b3a1fc5ec72ad95e258b584f936ad46befab951e0ee9e43eaa18179e34974387,无法判定,DATABASE_METADATA_IDENTITY_UNPROVEN,本批次只读；若声明、输入、Schema或授权漂移，既有结论自动失效并须追加新批次,未读取业务正文、价格、成交、订单簿、账户或凭据；身份字段不完整,为该成员提供当前版本九字段声明及逐字段Schema、授权和唯一证据定位后追加不可变批次,2d50c1344a835ceeb832796935182aeff80bb03cecc5465c8cf3aaccbd446acd,a23c4d44f41c2fc245b02db92b59200f4b443888bdb532b601a5934f5c808064,bf8e566f0ae3845f938ac10a416a92ae12ea32f33877a4ad71fdbcfb80f1efbb
source-identity-declaration-20260808T051806+0800-dd1e3d74dca4,ZI-a141d598481257020e4c6917,DS-000244,数据库元数据,BTC,4小时;8小时;24小时;48小时,15分钟;1小时,未知,未知,未知,未知,未知,未知,未知,未知,未知,未登记,无,config/数据/来源身份声明补采.json#身份声明[],b99035eb31437b822b0d8ed9b728e2fbb4b5cd8b8861010049ee43d74fc08647,d9ccf842fc989b8040673df44f01abefc569defc18f83e6d9c5d50fe594be145,未知,未知,b3a1fc5ec72ad95e258b584f936ad46befab951e0ee9e43eaa18179e34974387,无法判定,DATABASE_METADATA_IDENTITY_UNPROVEN,本批次只读；若声明、输入、Schema或授权漂移，既有结论自动失效并须追加新批次,未读取业务正文、价格、成交、订单簿、账户或凭据；身份字段不完整,为该成员提供当前版本九字段声明及逐字段Schema、授权和唯一证据定位后追加不可变批次,2d50c1344a835ceeb832796935182aeff80bb03cecc5465c8cf3aaccbd446acd,a23c4d44f41c2fc245b02db92b59200f4b443888bdb532b601a5934f5c808064,8485c265b923c8834dd2a9c218a03ee3d87d916ab769b6b19517e5ba0db5d777
source-identity-declaration-20260808T051806+0800-dd1e3d74dca4,ZI-0a136a28fb73960969c8e5ab,DS-000245,数据库元数据,BTC,4小时;8小时;24小时;48小时,15分钟;1小时,未知,未知,未知,未知,未知,未知,未知,未知,未知,未登记,无,config/数据/来源身份声明补采.json#身份声明[],b99035eb31437b822b0d8ed9b728e2fbb4b5cd8b8861010049ee43d74fc08647,4a802128b530c664d2cce4467dc90608e80c54df2148a9807f2f73c198908494,未知,未知,b3a1fc5ec72ad95e258b584f936ad46befab951e0ee9e43eaa18179e34974387,无法判定,DATABASE_METADATA_IDENTITY_UNPROVEN,本批次只读；若声明、输入、Schema或授权漂移，既有结论自动失效并须追加新批次,未读取业务正文、价格、成交、订单簿、账户或凭据；身份字段不完整,为该成员提供当前版本九字段声明及逐字段Schema、授权和唯一证据定位后追加不可变批次,2d50c1344a835ceeb832796935182aeff80bb03cecc5465c8cf3aaccbd446acd,a23c4d44f41c2fc245b02db92b59200f4b443888bdb532b601a5934f5c808064,fdc1326bb78aa4eb346515bc38f0dbb897b47460355bed4b463a4926493721b5
source-identity-declaration-20260808T051806+0800-dd1e3d74dca4,ZI-58ac48c83dce3eff098110c3,DS-000246,数据库元数据,BTC,4小时;8小时;24小时;48小时,15分钟;1小时,未知,未知,未知,未知,未知,未知,未知,未知,未知,未登记,无,config/数据/来源身份声明补采.json#身份声明[],b99035eb31437b822b0d8ed9b728e2fbb4b5cd8b8861010049ee43d74fc08647,7d64dde1f25c3737f64198c66faf0e6ab439a60473cdaa8f3b366cc1220a7b34,未知,未知,b3a1fc5ec72ad95e258b584f936ad46befab951e0ee9e43eaa18179e34974387,无法判定,DATABASE_METADATA_IDENTITY_UNPROVEN,本批次只读；若声明、输入、Schema或授权漂移，既有结论自动失效并须追加新批次,未读取业务正文、价格、成交、订单簿、账户或凭据；身份字段不完整,为该成员提供当前版本九字段声明及逐字段Schema、授权和唯一证据定位后追加不可变批次,2d50c1344a835ceeb832796935182aeff80bb03cecc5465c8cf3aaccbd446acd,a23c4d44f41c2fc245b02db92b59200f4b443888bdb532b601a5934f5c808064,74e469870b0f012a597f1ccb35000549111aa70a11d57702f74621b9c573c877
source-identity-declaration-20260808T051806+0800-dd1e3d74dca4,ZI-6e29ccb46c945b51b7439ea2,DS-000247,数据库元数据,BTC,4小时;8小时;24小时;48小时,15分钟;1小时,未知,未知,未知,未知,未知,未知,未知,未知,未知,未登记,无,config/数据/来源身份声明补采.json#身份声明[],b99035eb31437b822b0d8ed9b728e2fbb4b5cd8b8861010049ee43d74fc08647,87e80f8fb7aa338d10f9ea15efd48b34ebc42084728e9ba9869fa6a7eb4ca114,未知,未知,b3a1fc5ec72ad95e258b584f936ad46befab951e0ee9e43eaa18179e34974387,无法判定,DATABASE_METADATA_IDENTITY_UNPROVEN,本批次只读；若声明、输入、Schema或授权漂移，既有结论自动失效并须追加新批次,未读取业务正文、价格、成交、订单簿、账户或凭据；身份字段不完整,为该成员提供当前版本九字段声明及逐字段Schema、授权和唯一证据定位后追加不可变批次,2d50c1344a835ceeb832796935182aeff80bb03cecc5465c8cf3aaccbd446acd,a23c4d44f41c2fc245b02db92b59200f4b443888bdb532b601a5934f5c808064,84c8a89014d97227fa9e9b0eaf66aff53dc6fed679ce529491b8440120521ad6
source-identity-declaration-20260808T051806+0800-dd1e3d74dca4,ZI-380bca61b30402d70b587e35,DS-000248,数据库元数据,BTC,4小时;8小时;24小时;48小时,15分钟;1小时,未知,未知,未知,未知,未知,未知,未知,未知,未知,未登记,无,config/数据/来源身份声明补采.json#身份声明[],b99035eb31437b822b0d8ed9b728e2fbb4b5cd8b8861010049ee43d74fc08647,65611c0f1bf5e4f18dfc700ed64ff077d3d9c24f54cb2862a98fe7bafda25358,未知,未知,b3a1fc5ec72ad95e258b584f936ad46befab951e0ee9e43eaa18179e34974387,无法判定,DATABASE_METADATA_IDENTITY_UNPROVEN,本批次只读；若声明、输入、Schema或授权漂移，既有结论自动失效并须追加新批次,未读取业务正文、价格、成交、订单簿、账户或凭据；身份字段不完整,为该成员提供当前版本九字段声明及逐字段Schema、授权和唯一证据定位后追加不可变批次,2d50c1344a835ceeb832796935182aeff80bb03cecc5465c8cf3aaccbd446acd,a23c4d44f41c2fc245b02db92b59200f4b443888bdb532b601a5934f5c808064,3ebcea3384483adc4b7c832e8e3e94121fff509197f198adf0cc8ba480377468
source-identity-declaration-20260808T051806+0800-dd1e3d74dca4,ZI-22c7bc4bbe06ea5b6678e8ed,DS-000249,数据库元数据,BTC,4小时;8小时;24小时;48小时,15分钟;1小时,未知,未知,未知,未知,未知,未知,未知,未知,未知,未登记,无,config/数据/来源身份声明补采.json#身份声明[],b99035eb31437b822b0d8ed9b728e2fbb4b5cd8b8861010049ee43d74fc08647,aca809161e20675328dc217edad64dd8dba9342aab44d915bd0e824c22863f5e,未知,未知,b3a1fc5ec72ad95e258b584f936ad46befab951e0ee9e43eaa18179e34974387,无法判定,DATABASE_METADATA_IDENTITY_UNPROVEN,本批次只读；若声明、输入、Schema或授权漂移，既有结论自动失效并须追加新批次,未读取业务正文、价格、成交、订单簿、账户或凭据；身份字段不完整,为该成员提供当前版本九字段声明及逐字段Schema、授权和唯一证据定位后追加不可变批次,2d50c1344a835ceeb832796935182aeff80bb03cecc5465c8cf3aaccbd446acd,a23c4d44f41c2fc245b02db92b59200f4b443888bdb532b601a5934f5c808064,b52d47f46a78043059bcbe859fa745aac59ca668396fdb6773021b805b934e0f
source-identity-declaration-20260808T051806+0800-dd1e3d74dca4,ZI-8c2a4928629aa827cfab0bbe,DS-000250,数据库元数据,BTC,4小时;8小时;24小时;48小时,15分钟;1小时,未知,未知,未知,未知,未知,未知,未知,未知,未知,未登记,无,config/数据/来源身份声明补采.json#身份声明[],b99035eb31437b822b0d8ed9b728e2fbb4b5cd8b8861010049ee43d74fc08647,ecb0dcb61e3f9dae7d3cae5c9d7891232f850e3a93e93c3a61f67948dbb25d6e,未知,未知,b3a1fc5ec72ad95e258b584f936ad46befab951e0ee9e43eaa18179e34974387,无法判定,DATABASE_METADATA_IDENTITY_UNPROVEN,本批次只读；若声明、输入、Schema或授权漂移，既有结论自动失效并须追加新批次,未读取业务正文、价格、成交、订单簿、账户或凭据；身份字段不完整,为该成员提供当前版本九字段声明及逐字段Schema、授权和唯一证据定位后追加不可变批次,2d50c1344a835ceeb832796935182aeff80bb03cecc5465c8cf3aaccbd446acd,a23c4d44f41c2fc245b02db92b59200f4b443888bdb532b601a5934f5c808064,3add4d76550c77d0b95b05123db1410677f07920b36c71f5015fcfd57431062a
source-identity-declaration-20260808T051806+0800-dd1e3d74dca4,ZI-5102df4ca999fece2c974d9f,DS-000251,数据库元数据,BTC,4小时;8小时;24小时;48小时,15分钟;1小时,未知,未知,未知,未知,未知,未知,未知,未知,未知,未登记,无,config/数据/来源身份声明补采.json#身份声明[],b99035eb31437b822b0d8ed9b728e2fbb4b5cd8b8861010049ee43d74fc08647,b816107fcd9458244e66909d10efec6cd8e2accda1bfe58a8fbf9a0669c0dd53,未知,未知,b3a1fc5ec72ad95e258b584f936ad46befab951e0ee9e43eaa18179e34974387,无法判定,DATABASE_METADATA_IDENTITY_UNPROVEN,本批次只读；若声明、输入、Schema或授权漂移，既有结论自动失效并须追加新批次,未读取业务正文、价格、成交、订单簿、账户或凭据；身份字段不完整,为该成员提供当前版本九字段声明及逐字段Schema、授权和唯一证据定位后追加不可变批次,2d50c1344a835ceeb832796935182aeff80bb03cecc5465c8cf3aaccbd446acd,a23c4d44f41c2fc245b02db92b59200f4b443888bdb532b601a5934f5c808064,e14993264f2e619d3d546e9f63a8b5cb777d09f0088d839f0d36ff896aeb5bbd
source-identity-declaration-20260808T051806+0800-dd1e3d74dca4,ZI-0c93b208498bfc5ca89f17bd,DS-000252,数据库元数据,BTC,4小时;8小时;24小时;48小时,15分钟;1小时,未知,未知,未知,未知,未知,未知,未知,未知,未知,未登记,无,config/数据/来源身份声明补采.json#身份声明[],b99035eb31437b822b0d8ed9b728e2fbb4b5cd8b8861010049ee43d74fc08647,98ba0e71e4eea4203f58a3df83e1469c57532861305d2639da67bd3bb490d481,未知,未知,b3a1fc5ec72ad95e258b584f936ad46befab951e0ee9e43eaa18179e34974387,无法判定,DATABASE_METADATA_IDENTITY_UNPROVEN,本批次只读；若声明、输入、Schema或授权漂移，既有结论自动失效并须追加新批次,未读取业务正文、价格、成交、订单簿、账户或凭据；身份字段不完整,为该成员提供当前版本九字段声明及逐字段Schema、授权和唯一证据定位后追加不可变批次,2d50c1344a835ceeb832796935182aeff80bb03cecc5465c8cf3aaccbd446acd,a23c4d44f41c2fc245b02db92b59200f4b443888bdb532b601a5934f5c808064,17f3b10395d8ace0c6e12a742767701ffbd3fe014c6ca481a71596bb760c37b7
source-identity-declaration-20260808T051806+0800-dd1e3d74dca4,ZI-a22bc6b5465780acab6f4202,DS-000253,数据库元数据,BTC,4小时;8小时;24小时;48小时,15分钟;1小时,未知,未知,未知,未知,未知,未知,未知,未知,未知,未登记,无,config/数据/来源身份声明补采.json#身份声明[],b99035eb31437b822b0d8ed9b728e2fbb4b5cd8b8861010049ee43d74fc08647,6218f5ae411a9a1c1d8031e34c1091dea2dc3f9d8700a756d1665b4011c480c1,未知,未知,b3a1fc5ec72ad95e258b584f936ad46befab951e0ee9e43eaa18179e34974387,无法判定,DATABASE_METADATA_IDENTITY_UNPROVEN,本批次只读；若声明、输入、Schema或授权漂移，既有结论自动失效并须追加新批次,未读取业务正文、价格、成交、订单簿、账户或凭据；身份字段不完整,为该成员提供当前版本九字段声明及逐字段Schema、授权和唯一证据定位后追加不可变批次,2d50c1344a835ceeb832796935182aeff80bb03cecc5465c8cf3aaccbd446acd,a23c4d44f41c2fc245b02db92b59200f4b443888bdb532b601a5934f5c808064,7e3b9544a6962be8246a6015c59b33c8662b63243146b3d047c2198734e10e63
source-identity-declaration-20260808T051806+0800-dd1e3d74dca4,ZI-85c1a57db43cc467bba8305c,DS-000254,数据库元数据,BTC,4小时;8小时;24小时;48小时,15分钟;1小时,未知,未知,未知,未知,未知,未知,未知,未知,未知,未登记,无,config/数据/来源身份声明补采.json#身份声明[],b99035eb31437b822b0d8ed9b728e2fbb4b5cd8b8861010049ee43d74fc08647,8fb55f44c4dc05cd2f2f0afb77a649faa69a0513e90690925d91bf432e4f30ff,未知,未知,b3a1fc5ec72ad95e258b584f936ad46befab951e0ee9e43eaa18179e34974387,无法判定,DATABASE_METADATA_IDENTITY_UNPROVEN,本批次只读；若声明、输入、Schema或授权漂移，既有结论自动失效并须追加新批次,未读取业务正文、价格、成交、订单簿、账户或凭据；身份字段不完整,为该成员提供当前版本九字段声明及逐字段Schema、授权和唯一证据定位后追加不可变批次,2d50c1344a835ceeb832796935182aeff80bb03cecc5465c8cf3aaccbd446acd,a23c4d44f41c2fc245b02db92b59200f4b443888bdb532b601a5934f5c808064,73f19407e41bf217dc65bf0d88c8a2c34470fde0a918e78070bfe305d66952e6
source-identity-declaration-20260808T051806+0800-dd1e3d74dca4,ZI-73b33d25621fcec938082f43,DS-000255,数据库元数据,BTC,4小时;8小时;24小时;48小时,15分钟;1小时,未知,未知,未知,未知,未知,未知,未知,未知,未知,未登记,无,config/数据/来源身份声明补采.json#身份声明[],b99035eb31437b822b0d8ed9b728e2fbb4b5cd8b8861010049ee43d74fc08647,97c901f301044a2160dd66a1a1f59d8d5958ae46cc18f7590c0234c39322f194,未知,未知,b3a1fc5ec72ad95e258b584f936ad46befab951e0ee9e43eaa18179e34974387,无法判定,DATABASE_METADATA_IDENTITY_UNPROVEN,本批次只读；若声明、输入、Schema或授权漂移，既有结论自动失效并须追加新批次,未读取业务正文、价格、成交、订单簿、账户或凭据；身份字段不完整,为该成员提供当前版本九字段声明及逐字段Schema、授权和唯一证据定位后追加不可变批次,2d50c1344a835ceeb832796935182aeff80bb03cecc5465c8cf3aaccbd446acd,a23c4d44f41c2fc245b02db92b59200f4b443888bdb532b601a5934f5c808064,8847c9712c93522ff004277931187f4b5275335ebfe07ed9861f48389adc9596
source-identity-declaration-20260808T051806+0800-dd1e3d74dca4,ZI-efd31016c93ebe09d210630e,DS-000256,数据库元数据,BTC,4小时;8小时;24小时;48小时,15分钟;1小时,未知,未知,未知,未知,未知,未知,未知,未知,未知,未登记,无,config/数据/来源身份声明补采.json#身份声明[],b99035eb31437b822b0d8ed9b728e2fbb4b5cd8b8861010049ee43d74fc08647,72946cce48d978d6b90942bd0f99bd012a999fc767a59eaeb63b097815d707a9,未知,未知,b3a1fc5ec72ad95e258b584f936ad46befab951e0ee9e43eaa18179e34974387,无法判定,DATABASE_METADATA_IDENTITY_UNPROVEN,本批次只读；若声明、输入、Schema或授权漂移，既有结论自动失效并须追加新批次,未读取业务正文、价格、成交、订单簿、账户或凭据；身份字段不完整,为该成员提供当前版本九字段声明及逐字段Schema、授权和唯一证据定位后追加不可变批次,2d50c1344a835ceeb832796935182aeff80bb03cecc5465c8cf3aaccbd446acd,a23c4d44f41c2fc245b02db92b59200f4b443888bdb532b601a5934f5c808064,3e3b63a58707fc05b933f9490d0cc921808affd52e5fa51e54e4a6849e5ac439
source-identity-declaration-20260808T051806+0800-dd1e3d74dca4,ZI-953e551841d548cda858ff70,DS-000257,数据库元数据,BTC,4小时;8小时;24小时;48小时,15分钟;1小时,未知,未知,未知,未知,未知,未知,未知,未知,未知,未登记,无,config/数据/来源身份声明补采.json#身份声明[],b99035eb31437b822b0d8ed9b728e2fbb4b5cd8b8861010049ee43d74fc08647,e9a1adbad68c8e4f0b3f88a4c1d5f5e59207297fe7eb4ea9a6f3e91690974ffb,未知,未知,b3a1fc5ec72ad95e258b584f936ad46befab951e0ee9e43eaa18179e34974387,无法判定,DATABASE_METADATA_IDENTITY_UNPROVEN,本批次只读；若声明、输入、Schema或授权漂移，既有结论自动失效并须追加新批次,未读取业务正文、价格、成交、订单簿、账户或凭据；身份字段不完整,为该成员提供当前版本九字段声明及逐字段Schema、授权和唯一证据定位后追加不可变批次,2d50c1344a835ceeb832796935182aeff80bb03cecc5465c8cf3aaccbd446acd,a23c4d44f41c2fc245b02db92b59200f4b443888bdb532b601a5934f5c808064,31d3d4a4bce821ef05dae825d82b99a76b92968e15a6031ec54877831c7e43f9
source-identity-declaration-20260808T051806+0800-dd1e3d74dca4,ZI-d37f2efffb57d6f5ffb06d2d,DS-000258,数据库元数据,BTC,4小时;8小时;24小时;48小时,15分钟;1小时,未知,未知,未知,未知,未知,未知,未知,未知,未知,未登记,无,config/数据/来源身份声明补采.json#身份声明[],b99035eb31437b822b0d8ed9b728e2fbb4b5cd8b8861010049ee43d74fc08647,05dc2fcb434d0937800d8432001eafe73e3969f23c72e4e6dccfa8d10a464e89,未知,未知,b3a1fc5ec72ad95e258b584f936ad46befab951e0ee9e43eaa18179e34974387,无法判定,DATABASE_METADATA_IDENTITY_UNPROVEN,本批次只读；若声明、输入、Schema或授权漂移，既有结论自动失效并须追加新批次,未读取业务正文、价格、成交、订单簿、账户或凭据；身份字段不完整,为该成员提供当前版本九字段声明及逐字段Schema、授权和唯一证据定位后追加不可变批次,2d50c1344a835ceeb832796935182aeff80bb03cecc5465c8cf3aaccbd446acd,a23c4d44f41c2fc245b02db92b59200f4b443888bdb532b601a5934f5c808064,c99baaec14aa519542ef083fcb94f00abbdf979349b31ef8375ddfaf876dfd93
source-identity-declaration-20260808T051806+0800-dd1e3d74dca4,ZI-28bd91890e197979dbe3d557,DS-000259,数据库元数据,BTC,4小时;8小时;24小时;48小时,15分钟;1小时,未知,未知,未知,未知,未知,未知,未知,未知,未知,未登记,无,config/数据/来源身份声明补采.json#身份声明[],b99035eb31437b822b0d8ed9b728e2fbb4b5cd8b8861010049ee43d74fc08647,1cd773853ef33cb8f6d7c1280729bf82e0b795d62cb20a76d636135bcdf110fc,未知,未知,b3a1fc5ec72ad95e258b584f936ad46befab951e0ee9e43eaa18179e34974387,无法判定,DATABASE_METADATA_IDENTITY_UNPROVEN,本批次只读；若声明、输入、Schema或授权漂移，既有结论自动失效并须追加新批次,未读取业务正文、价格、成交、订单簿、账户或凭据；身份字段不完整,为该成员提供当前版本九字段声明及逐字段Schema、授权和唯一证据定位后追加不可变批次,2d50c1344a835ceeb832796935182aeff80bb03cecc5465c8cf3aaccbd446acd,a23c4d44f41c2fc245b02db92b59200f4b443888bdb532b601a5934f5c808064,27e80c1d49041644d95435cc3e514b03c85989a8ba7b5a75669d58168a74ddb7
source-identity-declaration-20260808T051806+0800-dd1e3d74dca4,ZI-8adfeb2ba520a08a1239da21,DS-000260,数据库元数据,BTC,4小时;8小时;24小时;48小时,15分钟;1小时,未知,未知,未知,未知,未知,未知,未知,未知,未知,未登记,无,config/数据/来源身份声明补采.json#身份声明[],b99035eb31437b822b0d8ed9b728e2fbb4b5cd8b8861010049ee43d74fc08647,401f3e557d030bd2429821a0c387907103f5a6996eed7ad975e0b5013f0313e6,未知,未知,b3a1fc5ec72ad95e258b584f936ad46befab951e0ee9e43eaa18179e34974387,无法判定,DATABASE_METADATA_IDENTITY_UNPROVEN,本批次只读；若声明、输入、Schema或授权漂移，既有结论自动失效并须追加新批次,未读取业务正文、价格、成交、订单簿、账户或凭据；身份字段不完整,为该成员提供当前版本九字段声明及逐字段Schema、授权和唯一证据定位后追加不可变批次,2d50c1344a835ceeb832796935182aeff80bb03cecc5465c8cf3aaccbd446acd,a23c4d44f41c2fc245b02db92b59200f4b443888bdb532b601a5934f5c808064,ee5384fc2a5c78d3ac70c7365e44bb8180e394d7b9ac21da63de7a05d4f8fa6f
source-identity-declaration-20260808T051806+0800-dd1e3d74dca4,ZI-4d56ade81bc7c6b89f3f4919,DS-000261,数据库元数据,BTC,4小时;8小时;24小时;48小时,15分钟;1小时,未知,未知,未知,未知,未知,未知,未知,未知,未知,未登记,无,config/数据/来源身份声明补采.json#身份声明[],b99035eb31437b822b0d8ed9b728e2fbb4b5cd8b8861010049ee43d74fc08647,a9f85bb1dc0b933fe331584b1457e01f02ef7ff90e431451c038e26336977746,未知,未知,b3a1fc5ec72ad95e258b584f936ad46befab951e0ee9e43eaa18179e34974387,无法判定,DATABASE_METADATA_IDENTITY_UNPROVEN,本批次只读；若声明、输入、Schema或授权漂移，既有结论自动失效并须追加新批次,未读取业务正文、价格、成交、订单簿、账户或凭据；身份字段不完整,为该成员提供当前版本九字段声明及逐字段Schema、授权和唯一证据定位后追加不可变批次,2d50c1344a835ceeb832796935182aeff80bb03cecc5465c8cf3aaccbd446acd,a23c4d44f41c2fc245b02db92b59200f4b443888bdb532b601a5934f5c808064,3adf0f976683619fad6e22186d8ae114ea2fc2d0df098b81883874bdd197256f
source-identity-declaration-20260808T051806+0800-dd1e3d74dca4,ZI-2575b474caa6b55a94f14d0a,DS-000262,数据库元数据,BTC,4小时;8小时;24小时;48小时,15分钟;1小时,未知,未知,未知,未知,未知,未知,未知,未知,未知,未登记,无,config/数据/来源身份声明补采.json#身份声明[],b99035eb31437b822b0d8ed9b728e2fbb4b5cd8b8861010049ee43d74fc08647,b8a6749e0560113c220e491aa3837fbbc46a199eea8b154ba402234b3fe136c3,未知,未知,b3a1fc5ec72ad95e258b584f936ad46befab951e0ee9e43eaa18179e34974387,无法判定,DATABASE_METADATA_IDENTITY_UNPROVEN,本批次只读；若声明、输入、Schema或授权漂移，既有结论自动失效并须追加新批次,未读取业务正文、价格、成交、订单簿、账户或凭据；身份字段不完整,为该成员提供当前版本九字段声明及逐字段Schema、授权和唯一证据定位后追加不可变批次,2d50c1344a835ceeb832796935182aeff80bb03cecc5465c8cf3aaccbd446acd,a23c4d44f41c2fc245b02db92b59200f4b443888bdb532b601a5934f5c808064,198f3daef573c0ae4b4d833a2e59e333b7f9aebee501c2bdb9360fe868c176e4
source-identity-declaration-20260808T051806+0800-dd1e3d74dca4,ZI-3a9cc5175040973510b7a981,DS-000263,数据库元数据,BTC,4小时;8小时;24小时;48小时,15分钟;1小时,未知,未知,未知,未知,未知,未知,未知,未知,未知,未登记,无,config/数据/来源身份声明补采.json#身份声明[],b99035eb31437b822b0d8ed9b728e2fbb4b5cd8b8861010049ee43d74fc08647,88da7335bdb9dec72ed997ca4fa5e1dfa14b14965380d3de3b4d82bafa7ba8e6,未知,未知,b3a1fc5ec72ad95e258b584f936ad46befab951e0ee9e43eaa18179e34974387,无法判定,DATABASE_METADATA_IDENTITY_UNPROVEN,本批次只读；若声明、输入、Schema或授权漂移，既有结论自动失效并须追加新批次,未读取业务正文、价格、成交、订单簿、账户或凭据；身份字段不完整,为该成员提供当前版本九字段声明及逐字段Schema、授权和唯一证据定位后追加不可变批次,2d50c1344a835ceeb832796935182aeff80bb03cecc5465c8cf3aaccbd446acd,a23c4d44f41c2fc245b02db92b59200f4b443888bdb532b601a5934f5c808064,53c50ac2e51589d178dfbbd5d299beeb5f26a4a7af01594fe4be60fd65f2895b
source-identity-declaration-20260808T051806+0800-dd1e3d74dca4,ZI-7a7a75b0b1cbfcb9417167f5,DS-000264,数据库元数据,BTC,4小时;8小时;24小时;48小时,15分钟;1小时,未知,未知,未知,未知,未知,未知,未知,未知,未知,未登记,无,config/数据/来源身份声明补采.json#身份声明[],b99035eb31437b822b0d8ed9b728e2fbb4b5cd8b8861010049ee43d74fc08647,474ef8452df7b494b2e90829b34983df559699b8d2cf94b36731bfcedb517544,未知,未知,b3a1fc5ec72ad95e258b584f936ad46befab951e0ee9e43eaa18179e34974387,无法判定,DATABASE_METADATA_IDENTITY_UNPROVEN,本批次只读；若声明、输入、Schema或授权漂移，既有结论自动失效并须追加新批次,未读取业务正文、价格、成交、订单簿、账户或凭据；身份字段不完整,为该成员提供当前版本九字段声明及逐字段Schema、授权和唯一证据定位后追加不可变批次,2d50c1344a835ceeb832796935182aeff80bb03cecc5465c8cf3aaccbd446acd,a23c4d44f41c2fc245b02db92b59200f4b443888bdb532b601a5934f5c808064,068f036b2a4b9489d3e6a9d69076b7b908cb8c2a472cde1d7532e32d0c2feb08
source-identity-declaration-20260808T051806+0800-dd1e3d74dca4,ZI-03657fc4a6aca5c9bb15a181,DS-000265,数据库元数据,BTC,4小时;8小时;24小时;48小时,15分钟;1小时,未知,未知,未知,未知,未知,未知,未知,未知,未知,未登记,无,config/数据/来源身份声明补采.json#身份声明[],b99035eb31437b822b0d8ed9b728e2fbb4b5cd8b8861010049ee43d74fc08647,5e24f63ab8f417987a50c39d32718c38ba94e1de57ac2745a718cc5ec794238a,未知,未知,b3a1fc5ec72ad95e258b584f936ad46befab951e0ee9e43eaa18179e34974387,无法判定,DATABASE_METADATA_IDENTITY_UNPROVEN,本批次只读；若声明、输入、Schema或授权漂移，既有结论自动失效并须追加新批次,未读取业务正文、价格、成交、订单簿、账户或凭据；身份字段不完整,为该成员提供当前版本九字段声明及逐字段Schema、授权和唯一证据定位后追加不可变批次,2d50c1344a835ceeb832796935182aeff80bb03cecc5465c8cf3aaccbd446acd,a23c4d44f41c2fc245b02db92b59200f4b443888bdb532b601a5934f5c808064,3a41a0fbcec9ce10b1c6f4df9e93f8551f39f665ae9a288fe5570bd5368ce45a
source-identity-declaration-20260808T051806+0800-dd1e3d74dca4,ZI-19c4ddf189f5c49d48d5eb86,DS-000266,数据库元数据,BTC,4小时;8小时;24小时;48小时,15分钟;1小时,未知,未知,未知,未知,未知,未知,未知,未知,未知,未登记,无,config/数据/来源身份声明补采.json#身份声明[],b99035eb31437b822b0d8ed9b728e2fbb4b5cd8b8861010049ee43d74fc08647,9ec4dbfaf5336e4c4d9f5ce4ad4098db90b8baac6f44296a4b7aa43839353d19,未知,未知,b3a1fc5ec72ad95e258b584f936ad46befab951e0ee9e43eaa18179e34974387,无法判定,DATABASE_METADATA_IDENTITY_UNPROVEN,本批次只读；若声明、输入、Schema或授权漂移，既有结论自动失效并须追加新批次,未读取业务正文、价格、成交、订单簿、账户或凭据；身份字段不完整,为该成员提供当前版本九字段声明及逐字段Schema、授权和唯一证据定位后追加不可变批次,2d50c1344a835ceeb832796935182aeff80bb03cecc5465c8cf3aaccbd446acd,a23c4d44f41c2fc245b02db92b59200f4b443888bdb532b601a5934f5c808064,d6c46c963faccfe55c0c1eb8ac8450d903d18e27643f9f23d1797967e6d1a5ab
source-identity-declaration-20260808T051806+0800-dd1e3d74dca4,ZI-c1a07615c0e7fb104e27c6f8,DS-000267,数据库元数据,BTC,4小时;8小时;24小时;48小时,15分钟;1小时,未知,未知,未知,未知,未知,未知,未知,未知,未知,未登记,无,config/数据/来源身份声明补采.json#身份声明[],b99035eb31437b822b0d8ed9b728e2fbb4b5cd8b8861010049ee43d74fc08647,e7f6d4ff14fbb9aee41d9c66f271b8ce269ce023dbdbbce5c6f48152b31da3ef,未知,未知,b3a1fc5ec72ad95e258b584f936ad46befab951e0ee9e43eaa18179e34974387,无法判定,DATABASE_METADATA_IDENTITY_UNPROVEN,本批次只读；若声明、输入、Schema或授权漂移，既有结论自动失效并须追加新批次,未读取业务正文、价格、成交、订单簿、账户或凭据；身份字段不完整,为该成员提供当前版本九字段声明及逐字段Schema、授权和唯一证据定位后追加不可变批次,2d50c1344a835ceeb832796935182aeff80bb03cecc5465c8cf3aaccbd446acd,a23c4d44f41c2fc245b02db92b59200f4b443888bdb532b601a5934f5c808064,56cace0f3dcf8472aebc937e261383bc74920b2a67fd4bbc75186dbf3b7bf7e5
source-identity-declaration-20260808T051806+0800-dd1e3d74dca4,ZI-efac29c1e378c8a730565981,DS-000268,数据库元数据,BTC,4小时;8小时;24小时;48小时,15分钟;1小时,未知,未知,未知,未知,未知,未知,未知,未知,未知,未登记,无,config/数据/来源身份声明补采.json#身份声明[],b99035eb31437b822b0d8ed9b728e2fbb4b5cd8b8861010049ee43d74fc08647,4803e9627f705d300d20509eaf83377393d2e5744750aedc6e586f6548fca8cf,未知,未知,b3a1fc5ec72ad95e258b584f936ad46befab951e0ee9e43eaa18179e34974387,无法判定,DATABASE_METADATA_IDENTITY_UNPROVEN,本批次只读；若声明、输入、Schema或授权漂移，既有结论自动失效并须追加新批次,未读取业务正文、价格、成交、订单簿、账户或凭据；身份字段不完整,为该成员提供当前版本九字段声明及逐字段Schema、授权和唯一证据定位后追加不可变批次,2d50c1344a835ceeb832796935182aeff80bb03cecc5465c8cf3aaccbd446acd,a23c4d44f41c2fc245b02db92b59200f4b443888bdb532b601a5934f5c808064,72ea2ef63eb901bf7be98b0fc7433fce1586768956a040721cba8b28895dc0a3
source-identity-declaration-20260808T051806+0800-dd1e3d74dca4,ZI-4fb67a12a52433fb048d937b,DS-000269,数据库元数据,BTC,4小时;8小时;24小时;48小时,15分钟;1小时,未知,未知,未知,未知,未知,未知,未知,未知,未知,未登记,无,config/数据/来源身份声明补采.json#身份声明[],b99035eb31437b822b0d8ed9b728e2fbb4b5cd8b8861010049ee43d74fc08647,306e9d1ebd248b8aaea8e6db506482b6fb9679820c694bb23bc5d54912fe5e05,未知,未知,b3a1fc5ec72ad95e258b584f936ad46befab951e0ee9e43eaa18179e34974387,无法判定,DATABASE_METADATA_IDENTITY_UNPROVEN,本批次只读；若声明、输入、Schema或授权漂移，既有结论自动失效并须追加新批次,未读取业务正文、价格、成交、订单簿、账户或凭据；身份字段不完整,为该成员提供当前版本九字段声明及逐字段Schema、授权和唯一证据定位后追加不可变批次,2d50c1344a835ceeb832796935182aeff80bb03cecc5465c8cf3aaccbd446acd,a23c4d44f41c2fc245b02db92b59200f4b443888bdb532b601a5934f5c808064,f8510d48127b69aab9f2a1354722cfb919dc4cef091c2d3ab61ceb9c252515b6
source-identity-declaration-20260808T051806+0800-dd1e3d74dca4,ZI-2f51fb90c462b515962a8a75,DS-000270,数据库元数据,BTC,4小时;8小时;24小时;48小时,15分钟;1小时,未知,未知,未知,未知,未知,未知,未知,未知,未知,未登记,无,config/数据/来源身份声明补采.json#身份声明[],b99035eb31437b822b0d8ed9b728e2fbb4b5cd8b8861010049ee43d74fc08647,95f8505a488937ebddda6f0e9846dfdf89d1295922aaa46fa86f783e28904115,未知,未知,b3a1fc5ec72ad95e258b584f936ad46befab951e0ee9e43eaa18179e34974387,无法判定,DATABASE_METADATA_IDENTITY_UNPROVEN,本批次只读；若声明、输入、Schema或授权漂移，既有结论自动失效并须追加新批次,未读取业务正文、价格、成交、订单簿、账户或凭据；身份字段不完整,为该成员提供当前版本九字段声明及逐字段Schema、授权和唯一证据定位后追加不可变批次,2d50c1344a835ceeb832796935182aeff80bb03cecc5465c8cf3aaccbd446acd,a23c4d44f41c2fc245b02db92b59200f4b443888bdb532b601a5934f5c808064,ff5fed3f63684e142acc60b3f995f051452d115b6d60d98a077d024639f742c5
source-identity-declaration-20260808T051806+0800-dd1e3d74dca4,ZI-3edb6b3e4170969b74673238,DS-000271,数据库元数据,BTC,4小时;8小时;24小时;48小时,15分钟;1小时,未知,未知,未知,未知,未知,未知,未知,未知,未知,未登记,无,config/数据/来源身份声明补采.json#身份声明[],b99035eb31437b822b0d8ed9b728e2fbb4b5cd8b8861010049ee43d74fc08647,f604d30fca95af10cef6f2d1d42f0a77ca097a72e2a4892d7695ea06b814087e,未知,未知,b3a1fc5ec72ad95e258b584f936ad46befab951e0ee9e43eaa18179e34974387,无法判定,DATABASE_METADATA_IDENTITY_UNPROVEN,本批次只读；若声明、输入、Schema或授权漂移，既有结论自动失效并须追加新批次,未读取业务正文、价格、成交、订单簿、账户或凭据；身份字段不完整,为该成员提供当前版本九字段声明及逐字段Schema、授权和唯一证据定位后追加不可变批次,2d50c1344a835ceeb832796935182aeff80bb03cecc5465c8cf3aaccbd446acd,a23c4d44f41c2fc245b02db92b59200f4b443888bdb532b601a5934f5c808064,7f535f15fc63925483f22c4ff1610626cbc949942bd2d940c6c03d74d7e4a4fd
source-identity-declaration-20260808T051806+0800-dd1e3d74dca4,ZI-9a7966ad0c01a9ec001f8d58,DS-000272,数据库元数据,BTC,4小时;8小时;24小时;48小时,15分钟;1小时,未知,未知,未知,未知,未知,未知,未知,未知,未知,未登记,无,config/数据/来源身份声明补采.json#身份声明[],b99035eb31437b822b0d8ed9b728e2fbb4b5cd8b8861010049ee43d74fc08647,7790a7096a82194b8ce40632577b34f15029864f0d73ca67f2309a4a5771c546,未知,未知,b3a1fc5ec72ad95e258b584f936ad46befab951e0ee9e43eaa18179e34974387,无法判定,DATABASE_METADATA_IDENTITY_UNPROVEN,本批次只读；若声明、输入、Schema或授权漂移，既有结论自动失效并须追加新批次,未读取业务正文、价格、成交、订单簿、账户或凭据；身份字段不完整,为该成员提供当前版本九字段声明及逐字段Schema、授权和唯一证据定位后追加不可变批次,2d50c1344a835ceeb832796935182aeff80bb03cecc5465c8cf3aaccbd446acd,a23c4d44f41c2fc245b02db92b59200f4b443888bdb532b601a5934f5c808064,077ed6b3294848b6544433e5f4bc4ac269f864781897a29dff338fc6d7a49617
source-identity-declaration-20260808T051806+0800-dd1e3d74dca4,ZI-eb2c5c93c282316b61a4ff30,DS-000273,数据库元数据,BTC,4小时;8小时;24小时;48小时,15分钟;1小时,未知,未知,未知,未知,未知,未知,未知,未知,未知,未登记,无,config/数据/来源身份声明补采.json#身份声明[],b99035eb31437b822b0d8ed9b728e2fbb4b5cd8b8861010049ee43d74fc08647,a644234938a03b68cc0be912f99fd12eecc36270251217d470225f7047a900e1,未知,未知,b3a1fc5ec72ad95e258b584f936ad46befab951e0ee9e43eaa18179e34974387,无法判定,DATABASE_METADATA_IDENTITY_UNPROVEN,本批次只读；若声明、输入、Schema或授权漂移，既有结论自动失效并须追加新批次,未读取业务正文、价格、成交、订单簿、账户或凭据；身份字段不完整,为该成员提供当前版本九字段声明及逐字段Schema、授权和唯一证据定位后追加不可变批次,2d50c1344a835ceeb832796935182aeff80bb03cecc5465c8cf3aaccbd446acd,a23c4d44f41c2fc245b02db92b59200f4b443888bdb532b601a5934f5c808064,5bc6933ff743091ab7523fcb84de30df1c956dded47145d1eb9baaf5139926d1
source-identity-declaration-20260808T051806+0800-dd1e3d74dca4,ZI-c005be10dde98908c70e6d5b,DS-000274,数据库元数据,BTC,4小时;8小时;24小时;48小时,15分钟;1小时,未知,未知,未知,未知,未知,未知,未知,未知,未知,未登记,无,config/数据/来源身份声明补采.json#身份声明[],b99035eb31437b822b0d8ed9b728e2fbb4b5cd8b8861010049ee43d74fc08647,56318299b0d280227cabfa2f1672b2c87315c5e40fbfae0740be47ade1d1af81,未知,未知,b3a1fc5ec72ad95e258b584f936ad46befab951e0ee9e43eaa18179e34974387,无法判定,DATABASE_METADATA_IDENTITY_UNPROVEN,本批次只读；若声明、输入、Schema或授权漂移，既有结论自动失效并须追加新批次,未读取业务正文、价格、成交、订单簿、账户或凭据；身份字段不完整,为该成员提供当前版本九字段声明及逐字段Schema、授权和唯一证据定位后追加不可变批次,2d50c1344a835ceeb832796935182aeff80bb03cecc5465c8cf3aaccbd446acd,a23c4d44f41c2fc245b02db92b59200f4b443888bdb532b601a5934f5c808064,b90be0d2e2ad0aae857bcb82d6ace3a05d43cc3bc387bd451732240ff3829e9f
source-identity-declaration-20260808T051806+0800-dd1e3d74dca4,ZI-e764442e3e2fb3921a8a3d6c,DS-000275,数据库元数据,BTC,4小时;8小时;24小时;48小时,15分钟;1小时,未知,未知,未知,未知,未知,未知,未知,未知,未知,未登记,无,config/数据/来源身份声明补采.json#身份声明[],b99035eb31437b822b0d8ed9b728e2fbb4b5cd8b8861010049ee43d74fc08647,73610ec234845390268c10b094aaa11475cbf536d943f9b58d68fb3b943ab020,未知,未知,b3a1fc5ec72ad95e258b584f936ad46befab951e0ee9e43eaa18179e34974387,无法判定,DATABASE_METADATA_IDENTITY_UNPROVEN,本批次只读；若声明、输入、Schema或授权漂移，既有结论自动失效并须追加新批次,未读取业务正文、价格、成交、订单簿、账户或凭据；身份字段不完整,为该成员提供当前版本九字段声明及逐字段Schema、授权和唯一证据定位后追加不可变批次,2d50c1344a835ceeb832796935182aeff80bb03cecc5465c8cf3aaccbd446acd,a23c4d44f41c2fc245b02db92b59200f4b443888bdb532b601a5934f5c808064,252f63ce6a25403b6ac2d65198be40a906fe7dcf3affaec8e72040b951c9f798
source-identity-declaration-20260808T051806+0800-dd1e3d74dca4,ZI-5fede2bc330f560e5f877502,DS-000276,数据库元数据,BTC,4小时;8小时;24小时;48小时,15分钟;1小时,未知,未知,未知,未知,未知,未知,未知,未知,未知,未登记,无,config/数据/来源身份声明补采.json#身份声明[],b99035eb31437b822b0d8ed9b728e2fbb4b5cd8b8861010049ee43d74fc08647,63d1274ea3fb1103b26995399caac6aa6b1ff7dc21c80113d3c7a5ee47a9c26b,未知,未知,b3a1fc5ec72ad95e258b584f936ad46befab951e0ee9e43eaa18179e34974387,无法判定,DATABASE_METADATA_IDENTITY_UNPROVEN,本批次只读；若声明、输入、Schema或授权漂移，既有结论自动失效并须追加新批次,未读取业务正文、价格、成交、订单簿、账户或凭据；身份字段不完整,为该成员提供当前版本九字段声明及逐字段Schema、授权和唯一证据定位后追加不可变批次,2d50c1344a835ceeb832796935182aeff80bb03cecc5465c8cf3aaccbd446acd,a23c4d44f41c2fc245b02db92b59200f4b443888bdb532b601a5934f5c808064,93d72c07710fd2078c8f4752f1b042082c069cedb6eb4f319a73255083e5fe95
source-identity-declaration-20260808T051806+0800-dd1e3d74dca4,ZI-502d6291fb7602ba575b4506,DS-000277,数据库元数据,BTC,4小时;8小时;24小时;48小时,15分钟;1小时,未知,未知,未知,未知,未知,未知,未知,未知,未知,未登记,无,config/数据/来源身份声明补采.json#身份声明[],b99035eb31437b822b0d8ed9b728e2fbb4b5cd8b8861010049ee43d74fc08647,e503bb6f17a82b37b897771791caaa1e29e80668c0428f0681b923834b9065f5,未知,未知,b3a1fc5ec72ad95e258b584f936ad46befab951e0ee9e43eaa18179e34974387,无法判定,DATABASE_METADATA_IDENTITY_UNPROVEN,本批次只读；若声明、输入、Schema或授权漂移，既有结论自动失效并须追加新批次,未读取业务正文、价格、成交、订单簿、账户或凭据；身份字段不完整,为该成员提供当前版本九字段声明及逐字段Schema、授权和唯一证据定位后追加不可变批次,2d50c1344a835ceeb832796935182aeff80bb03cecc5465c8cf3aaccbd446acd,a23c4d44f41c2fc245b02db92b59200f4b443888bdb532b601a5934f5c808064,42f245037d9b910d9bc46d4eb9ad85d8da40eb75016721cadac2a0d612935393
source-identity-declaration-20260808T051806+0800-dd1e3d74dca4,ZI-32008303cccdd6eb958789ce,DS-000278,数据库元数据,BTC,4小时;8小时;24小时;48小时,15分钟;1小时,未知,未知,未知,未知,未知,未知,未知,未知,未知,未登记,无,config/数据/来源身份声明补采.json#身份声明[],b99035eb31437b822b0d8ed9b728e2fbb4b5cd8b8861010049ee43d74fc08647,fa4552653682a5a645abc7d003707a2b955e9f15d42bfe64289d2fb28e2a191b,未知,未知,b3a1fc5ec72ad95e258b584f936ad46befab951e0ee9e43eaa18179e34974387,无法判定,DATABASE_METADATA_IDENTITY_UNPROVEN,本批次只读；若声明、输入、Schema或授权漂移，既有结论自动失效并须追加新批次,未读取业务正文、价格、成交、订单簿、账户或凭据；身份字段不完整,为该成员提供当前版本九字段声明及逐字段Schema、授权和唯一证据定位后追加不可变批次,2d50c1344a835ceeb832796935182aeff80bb03cecc5465c8cf3aaccbd446acd,a23c4d44f41c2fc245b02db92b59200f4b443888bdb532b601a5934f5c808064,351afd24fc8ce73415c3d3f4eace529c707973ce50b22cddee3da4196f6ac1df
source-identity-declaration-20260808T051806+0800-dd1e3d74dca4,ZI-d901d9e5d0e680855139a4e7,DS-000279,数据库元数据,BTC,4小时;8小时;24小时;48小时,15分钟;1小时,未知,未知,未知,未知,未知,未知,未知,未知,未知,未登记,无,config/数据/来源身份声明补采.json#身份声明[],b99035eb31437b822b0d8ed9b728e2fbb4b5cd8b8861010049ee43d74fc08647,2d111721e4691350f2689d5218c339e609ff789ab1ffd957cf1e86f6c2e28de6,未知,未知,b3a1fc5ec72ad95e258b584f936ad46befab951e0ee9e43eaa18179e34974387,无法判定,DATABASE_METADATA_IDENTITY_UNPROVEN,本批次只读；若声明、输入、Schema或授权漂移，既有结论自动失效并须追加新批次,未读取业务正文、价格、成交、订单簿、账户或凭据；身份字段不完整,为该成员提供当前版本九字段声明及逐字段Schema、授权和唯一证据定位后追加不可变批次,2d50c1344a835ceeb832796935182aeff80bb03cecc5465c8cf3aaccbd446acd,a23c4d44f41c2fc245b02db92b59200f4b443888bdb532b601a5934f5c808064,14624c942a34000e92def472a7a4307aa350a5ba35f97e8139be78cc3e19dd2c
source-identity-declaration-20260808T051806+0800-dd1e3d74dca4,ZI-9310dae99e845f2c611ff84d,DS-000280,数据库元数据,BTC,4小时;8小时;24小时;48小时,15分钟;1小时,未知,未知,未知,未知,未知,未知,未知,未知,未知,未登记,无,config/数据/来源身份声明补采.json#身份声明[],b99035eb31437b822b0d8ed9b728e2fbb4b5cd8b8861010049ee43d74fc08647,cac55077234265c74dafb73c9f43c185891c7807117d29f5189237391804df69,未知,未知,b3a1fc5ec72ad95e258b584f936ad46befab951e0ee9e43eaa18179e34974387,无法判定,DATABASE_METADATA_IDENTITY_UNPROVEN,本批次只读；若声明、输入、Schema或授权漂移，既有结论自动失效并须追加新批次,未读取业务正文、价格、成交、订单簿、账户或凭据；身份字段不完整,为该成员提供当前版本九字段声明及逐字段Schema、授权和唯一证据定位后追加不可变批次,2d50c1344a835ceeb832796935182aeff80bb03cecc5465c8cf3aaccbd446acd,a23c4d44f41c2fc245b02db92b59200f4b443888bdb532b601a5934f5c808064,78c1909092827b50e5690dbe9e5fcc891b5e8a6098c6e06e48543a37e157a8ee
source-identity-declaration-20260808T051806+0800-dd1e3d74dca4,ZI-25c83899a04421177c29eae2,DS-000281,数据库元数据,BTC,4小时;8小时;24小时;48小时,15分钟;1小时,未知,未知,未知,未知,未知,未知,未知,未知,未知,未登记,无,config/数据/来源身份声明补采.json#身份声明[],b99035eb31437b822b0d8ed9b728e2fbb4b5cd8b8861010049ee43d74fc08647,741c6415aff8d57d93fa7fc8db0f4bb0ff4bbf74847310eda08d9494ab0c9d11,未知,未知,b3a1fc5ec72ad95e258b584f936ad46befab951e0ee9e43eaa18179e34974387,无法判定,DATABASE_METADATA_IDENTITY_UNPROVEN,本批次只读；若声明、输入、Schema或授权漂移，既有结论自动失效并须追加新批次,未读取业务正文、价格、成交、订单簿、账户或凭据；身份字段不完整,为该成员提供当前版本九字段声明及逐字段Schema、授权和唯一证据定位后追加不可变批次,2d50c1344a835ceeb832796935182aeff80bb03cecc5465c8cf3aaccbd446acd,a23c4d44f41c2fc245b02db92b59200f4b443888bdb532b601a5934f5c808064,c17b9b645040309b192c978829829c54787ba8a3da5d0291d1131aab29c2d395
source-identity-declaration-20260808T051806+0800-dd1e3d74dca4,ZI-5863cb2f07c35ad0b6171bf6,DS-000282,数据库元数据,BTC,4小时;8小时;24小时;48小时,15分钟;1小时,未知,未知,未知,未知,未知,未知,未知,未知,未知,未登记,无,config/数据/来源身份声明补采.json#身份声明[],b99035eb31437b822b0d8ed9b728e2fbb4b5cd8b8861010049ee43d74fc08647,cc517e52dad87d6b0eb540fd207279b11705531034a2728e4ef4b5a54557fd22,未知,未知,b3a1fc5ec72ad95e258b584f936ad46befab951e0ee9e43eaa18179e34974387,无法判定,DATABASE_METADATA_IDENTITY_UNPROVEN,本批次只读；若声明、输入、Schema或授权漂移，既有结论自动失效并须追加新批次,未读取业务正文、价格、成交、订单簿、账户或凭据；身份字段不完整,为该成员提供当前版本九字段声明及逐字段Schema、授权和唯一证据定位后追加不可变批次,2d50c1344a835ceeb832796935182aeff80bb03cecc5465c8cf3aaccbd446acd,a23c4d44f41c2fc245b02db92b59200f4b443888bdb532b601a5934f5c808064,e3edbf6ae1be2c028816295f52e42eca2dc4f68bf5a2feb652fd5e3dc0be0214
source-identity-declaration-20260808T051806+0800-dd1e3d74dca4,ZI-115332fe0b53164582e6b5c9,DS-000283,数据库元数据,BTC,4小时;8小时;24小时;48小时,15分钟;1小时,未知,未知,未知,未知,未知,未知,未知,未知,未知,未登记,无,config/数据/来源身份声明补采.json#身份声明[],b99035eb31437b822b0d8ed9b728e2fbb4b5cd8b8861010049ee43d74fc08647,7588ce35230cdca962b93d28bc9de83f177f830d6bb53403b474a03a29596210,未知,未知,b3a1fc5ec72ad95e258b584f936ad46befab951e0ee9e43eaa18179e34974387,无法判定,DATABASE_METADATA_IDENTITY_UNPROVEN,本批次只读；若声明、输入、Schema或授权漂移，既有结论自动失效并须追加新批次,未读取业务正文、价格、成交、订单簿、账户或凭据；身份字段不完整,为该成员提供当前版本九字段声明及逐字段Schema、授权和唯一证据定位后追加不可变批次,2d50c1344a835ceeb832796935182aeff80bb03cecc5465c8cf3aaccbd446acd,a23c4d44f41c2fc245b02db92b59200f4b443888bdb532b601a5934f5c808064,3bb4785fa48049a608a63c65dc767f2c1a15caccf9bbdb78202526485b2cad20
source-identity-declaration-20260808T051806+0800-dd1e3d74dca4,ZI-e9e8a22d61190954369afd29,DS-000284,数据库元数据,BTC,4小时;8小时;24小时;48小时,15分钟;1小时,未知,未知,未知,未知,未知,未知,未知,未知,未知,未登记,无,config/数据/来源身份声明补采.json#身份声明[],b99035eb31437b822b0d8ed9b728e2fbb4b5cd8b8861010049ee43d74fc08647,0809927212405ebae149f168b347d25ea15f080cd46ffe4f4dcf4e78c2021a92,未知,未知,b3a1fc5ec72ad95e258b584f936ad46befab951e0ee9e43eaa18179e34974387,无法判定,DATABASE_METADATA_IDENTITY_UNPROVEN,本批次只读；若声明、输入、Schema或授权漂移，既有结论自动失效并须追加新批次,未读取业务正文、价格、成交、订单簿、账户或凭据；身份字段不完整,为该成员提供当前版本九字段声明及逐字段Schema、授权和唯一证据定位后追加不可变批次,2d50c1344a835ceeb832796935182aeff80bb03cecc5465c8cf3aaccbd446acd,a23c4d44f41c2fc245b02db92b59200f4b443888bdb532b601a5934f5c808064,3e006ed289a2164a7294d323414c5e383839acdb2f2dcd54f52242163d24679d
source-identity-declaration-20260808T051806+0800-dd1e3d74dca4,ZI-f4460123dbdc8005765d844b,DS-000285,数据库元数据,BTC,4小时;8小时;24小时;48小时,15分钟;1小时,未知,未知,未知,未知,未知,未知,未知,未知,未知,未登记,无,config/数据/来源身份声明补采.json#身份声明[],b99035eb31437b822b0d8ed9b728e2fbb4b5cd8b8861010049ee43d74fc08647,59f4b36536bca90c9ccbe3ed41c85a0edc295a6957a22310fb2e2dbacb47bd59,未知,未知,b3a1fc5ec72ad95e258b584f936ad46befab951e0ee9e43eaa18179e34974387,无法判定,DATABASE_METADATA_IDENTITY_UNPROVEN,本批次只读；若声明、输入、Schema或授权漂移，既有结论自动失效并须追加新批次,未读取业务正文、价格、成交、订单簿、账户或凭据；身份字段不完整,为该成员提供当前版本九字段声明及逐字段Schema、授权和唯一证据定位后追加不可变批次,2d50c1344a835ceeb832796935182aeff80bb03cecc5465c8cf3aaccbd446acd,a23c4d44f41c2fc245b02db92b59200f4b443888bdb532b601a5934f5c808064,f98b3fd8e7f209b9009cd5865fc2b9a22763ddc242833c358602e15e8e6b2403
source-identity-declaration-20260808T051806+0800-dd1e3d74dca4,ZI-9abd2b7851beeadcb2c4eec1,DS-000286,数据库元数据,BTC,4小时;8小时;24小时;48小时,15分钟;1小时,未知,未知,未知,未知,未知,未知,未知,未知,未知,未登记,无,config/数据/来源身份声明补采.json#身份声明[],b99035eb31437b822b0d8ed9b728e2fbb4b5cd8b8861010049ee43d74fc08647,845babdf7e1c3899916b9ca2f8a07abca6ea658ee7c99bc5a8581722420e6866,未知,未知,b3a1fc5ec72ad95e258b584f936ad46befab951e0ee9e43eaa18179e34974387,无法判定,DATABASE_METADATA_IDENTITY_UNPROVEN,本批次只读；若声明、输入、Schema或授权漂移，既有结论自动失效并须追加新批次,未读取业务正文、价格、成交、订单簿、账户或凭据；身份字段不完整,为该成员提供当前版本九字段声明及逐字段Schema、授权和唯一证据定位后追加不可变批次,2d50c1344a835ceeb832796935182aeff80bb03cecc5465c8cf3aaccbd446acd,a23c4d44f41c2fc245b02db92b59200f4b443888bdb532b601a5934f5c808064,529dd6581f6fcb8cd4e4687cae9cd367574da5eb7e8fbc9fe1d690168063a6e8
source-identity-declaration-20260808T051806+0800-dd1e3d74dca4,ZI-ff3fcd7da6180c64854b80a6,DS-000287,数据库元数据,BTC,4小时;8小时;24小时;48小时,15分钟;1小时,未知,未知,未知,未知,未知,未知,未知,未知,未知,未登记,无,config/数据/来源身份声明补采.json#身份声明[],b99035eb31437b822b0d8ed9b728e2fbb4b5cd8b8861010049ee43d74fc08647,098c9d16ac6b41d35e97a530549ca546b60c896225a4fb6c961fd5040621acdd,未知,未知,b3a1fc5ec72ad95e258b584f936ad46befab951e0ee9e43eaa18179e34974387,无法判定,DATABASE_METADATA_IDENTITY_UNPROVEN,本批次只读；若声明、输入、Schema或授权漂移，既有结论自动失效并须追加新批次,未读取业务正文、价格、成交、订单簿、账户或凭据；身份字段不完整,为该成员提供当前版本九字段声明及逐字段Schema、授权和唯一证据定位后追加不可变批次,2d50c1344a835ceeb832796935182aeff80bb03cecc5465c8cf3aaccbd446acd,a23c4d44f41c2fc245b02db92b59200f4b443888bdb532b601a5934f5c808064,363e594c30a0997820b9d16100cf3fbe96105c7c37657643a258d696d59d2c9d
source-identity-declaration-20260808T051806+0800-dd1e3d74dca4,ZI-712b0653c83774f12ef222e8,DS-000288,数据库元数据,BTC,4小时;8小时;24小时;48小时,15分钟;1小时,未知,未知,未知,未知,未知,未知,未知,未知,未知,未登记,无,config/数据/来源身份声明补采.json#身份声明[],b99035eb31437b822b0d8ed9b728e2fbb4b5cd8b8861010049ee43d74fc08647,0ce0fdb691110e99627216dcd51afe9a507bfdb7bddb9a15e93a834ce1b6bbba,未知,未知,b3a1fc5ec72ad95e258b584f936ad46befab951e0ee9e43eaa18179e34974387,无法判定,DATABASE_METADATA_IDENTITY_UNPROVEN,本批次只读；若声明、输入、Schema或授权漂移，既有结论自动失效并须追加新批次,未读取业务正文、价格、成交、订单簿、账户或凭据；身份字段不完整,为该成员提供当前版本九字段声明及逐字段Schema、授权和唯一证据定位后追加不可变批次,2d50c1344a835ceeb832796935182aeff80bb03cecc5465c8cf3aaccbd446acd,a23c4d44f41c2fc245b02db92b59200f4b443888bdb532b601a5934f5c808064,c185c5fb8f314caaf604ed6d7dfe0a67b2a9b56670b7c118ad7ff7ff8e8260ed
source-identity-declaration-20260808T051806+0800-dd1e3d74dca4,ZI-a9f770566ce153816b6eae2d,DS-000289,数据库元数据,BTC,4小时;8小时;24小时;48小时,15分钟;1小时,未知,未知,未知,未知,未知,未知,未知,未知,未知,未登记,无,config/数据/来源身份声明补采.json#身份声明[],b99035eb31437b822b0d8ed9b728e2fbb4b5cd8b8861010049ee43d74fc08647,facb3f58201be1d0111803a0969dfc2571e3fb220f2550a6773c2c5ec9e6704b,未知,未知,b3a1fc5ec72ad95e258b584f936ad46befab951e0ee9e43eaa18179e34974387,无法判定,DATABASE_METADATA_IDENTITY_UNPROVEN,本批次只读；若声明、输入、Schema或授权漂移，既有结论自动失效并须追加新批次,未读取业务正文、价格、成交、订单簿、账户或凭据；身份字段不完整,为该成员提供当前版本九字段声明及逐字段Schema、授权和唯一证据定位后追加不可变批次,2d50c1344a835ceeb832796935182aeff80bb03cecc5465c8cf3aaccbd446acd,a23c4d44f41c2fc245b02db92b59200f4b443888bdb532b601a5934f5c808064,9ddcdb982bbe487d563aa9eb737c1c89e0276a7cb443b276a6bd337b60173a92
source-identity-declaration-20260808T051806+0800-dd1e3d74dca4,ZI-f8568713cc6d51a30e325957,DS-000290,数据库元数据,BTC,4小时;8小时;24小时;48小时,15分钟;1小时,未知,未知,未知,未知,未知,未知,未知,未知,未知,未登记,无,config/数据/来源身份声明补采.json#身份声明[],b99035eb31437b822b0d8ed9b728e2fbb4b5cd8b8861010049ee43d74fc08647,0161ed81721e89e4a3e6e49b017ca55645bd50ed66c63efb03184e7edd6322fa,未知,未知,b3a1fc5ec72ad95e258b584f936ad46befab951e0ee9e43eaa18179e34974387,无法判定,DATABASE_METADATA_IDENTITY_UNPROVEN,本批次只读；若声明、输入、Schema或授权漂移，既有结论自动失效并须追加新批次,未读取业务正文、价格、成交、订单簿、账户或凭据；身份字段不完整,为该成员提供当前版本九字段声明及逐字段Schema、授权和唯一证据定位后追加不可变批次,2d50c1344a835ceeb832796935182aeff80bb03cecc5465c8cf3aaccbd446acd,a23c4d44f41c2fc245b02db92b59200f4b443888bdb532b601a5934f5c808064,46880611577fe6ade667b07c0d532226c9388e2c1fdea1db716175f41b848c58
source-identity-declaration-20260808T051806+0800-dd1e3d74dca4,ZI-c58e3b4f411f7705310fe747,DS-000291,数据库元数据,BTC,4小时;8小时;24小时;48小时,15分钟;1小时,未知,未知,未知,未知,未知,未知,未知,未知,未知,未登记,无,config/数据/来源身份声明补采.json#身份声明[],b99035eb31437b822b0d8ed9b728e2fbb4b5cd8b8861010049ee43d74fc08647,741fe59e6e2697d5dd227a7490ee195cc6895ce04818fde2fb5fbe2034a2ce81,未知,未知,b3a1fc5ec72ad95e258b584f936ad46befab951e0ee9e43eaa18179e34974387,无法判定,DATABASE_METADATA_IDENTITY_UNPROVEN,本批次只读；若声明、输入、Schema或授权漂移，既有结论自动失效并须追加新批次,未读取业务正文、价格、成交、订单簿、账户或凭据；身份字段不完整,为该成员提供当前版本九字段声明及逐字段Schema、授权和唯一证据定位后追加不可变批次,2d50c1344a835ceeb832796935182aeff80bb03cecc5465c8cf3aaccbd446acd,a23c4d44f41c2fc245b02db92b59200f4b443888bdb532b601a5934f5c808064,20e428b057d3c5b2a00577d3c22f02ec2ae887d11b5e69bc17052578e1419b4f
source-identity-declaration-20260808T051806+0800-dd1e3d74dca4,ZI-9b5462a670f4c5122146997d,DS-000292,数据库元数据,BTC,4小时;8小时;24小时;48小时,15分钟;1小时,未知,未知,未知,未知,未知,未知,未知,未知,未知,未登记,无,config/数据/来源身份声明补采.json#身份声明[],b99035eb31437b822b0d8ed9b728e2fbb4b5cd8b8861010049ee43d74fc08647,d27b1f879c69916fdbbaa57607231145c16481c1e44a97e1b215aecb1cf8560a,未知,未知,b3a1fc5ec72ad95e258b584f936ad46befab951e0ee9e43eaa18179e34974387,无法判定,DATABASE_METADATA_IDENTITY_UNPROVEN,本批次只读；若声明、输入、Schema或授权漂移，既有结论自动失效并须追加新批次,未读取业务正文、价格、成交、订单簿、账户或凭据；身份字段不完整,为该成员提供当前版本九字段声明及逐字段Schema、授权和唯一证据定位后追加不可变批次,2d50c1344a835ceeb832796935182aeff80bb03cecc5465c8cf3aaccbd446acd,a23c4d44f41c2fc245b02db92b59200f4b443888bdb532b601a5934f5c808064,5f3a750e78312c314da56d03ff68dab6f17df13a36466304a0249f02ae390c03
source-identity-declaration-20260808T051806+0800-dd1e3d74dca4,ZI-a35ba0b952b56083fc01c172,DS-000293,数据库元数据,BTC,4小时;8小时;24小时;48小时,15分钟;1小时,未知,未知,未知,未知,未知,未知,未知,未知,未知,未登记,无,config/数据/来源身份声明补采.json#身份声明[],b99035eb31437b822b0d8ed9b728e2fbb4b5cd8b8861010049ee43d74fc08647,905b8dcd9947a77fdc3bbd98eb8e21ae6935385a23c6b59bc3a9a9bf490a11ee,未知,未知,b3a1fc5ec72ad95e258b584f936ad46befab951e0ee9e43eaa18179e34974387,无法判定,DATABASE_METADATA_IDENTITY_UNPROVEN,本批次只读；若声明、输入、Schema或授权漂移，既有结论自动失效并须追加新批次,未读取业务正文、价格、成交、订单簿、账户或凭据；身份字段不完整,为该成员提供当前版本九字段声明及逐字段Schema、授权和唯一证据定位后追加不可变批次,2d50c1344a835ceeb832796935182aeff80bb03cecc5465c8cf3aaccbd446acd,a23c4d44f41c2fc245b02db92b59200f4b443888bdb532b601a5934f5c808064,7bd2ec0e98826836cc6a96d1921b3315cf338a0d70153c1dd6f5b5277ed41f39
source-identity-declaration-20260808T051806+0800-dd1e3d74dca4,ZI-a8105ace966421a941b8339b,DS-000294,数据库元数据,BTC,4小时;8小时;24小时;48小时,15分钟;1小时,未知,未知,未知,未知,未知,未知,未知,未知,未知,未登记,无,config/数据/来源身份声明补采.json#身份声明[],b99035eb31437b822b0d8ed9b728e2fbb4b5cd8b8861010049ee43d74fc08647,6e0cb2f1b1667a8715c214ba9ec6ae7deec4b615f5f7be131aa817f0a8ad2f6f,未知,未知,b3a1fc5ec72ad95e258b584f936ad46befab951e0ee9e43eaa18179e34974387,无法判定,DATABASE_METADATA_IDENTITY_UNPROVEN,本批次只读；若声明、输入、Schema或授权漂移，既有结论自动失效并须追加新批次,未读取业务正文、价格、成交、订单簿、账户或凭据；身份字段不完整,为该成员提供当前版本九字段声明及逐字段Schema、授权和唯一证据定位后追加不可变批次,2d50c1344a835ceeb832796935182aeff80bb03cecc5465c8cf3aaccbd446acd,a23c4d44f41c2fc245b02db92b59200f4b443888bdb532b601a5934f5c808064,ace8d4fb96a7861d27bfc8e27dee46f8f32c1dc39d830c9eeabbee59ea6836ef
source-identity-declaration-20260808T051806+0800-dd1e3d74dca4,ZI-6a960fa71172c7a9afb936ec,DS-000295,数据库元数据,BTC,4小时;8小时;24小时;48小时,15分钟;1小时,未知,未知,未知,未知,未知,未知,未知,未知,未知,未登记,无,config/数据/来源身份声明补采.json#身份声明[],b99035eb31437b822b0d8ed9b728e2fbb4b5cd8b8861010049ee43d74fc08647,00b0e1303584f388a94ca8df6de78fd456403f5a27f9d9f3973b249efb0429a3,未知,未知,b3a1fc5ec72ad95e258b584f936ad46befab951e0ee9e43eaa18179e34974387,无法判定,DATABASE_METADATA_IDENTITY_UNPROVEN,本批次只读；若声明、输入、Schema或授权漂移，既有结论自动失效并须追加新批次,未读取业务正文、价格、成交、订单簿、账户或凭据；身份字段不完整,为该成员提供当前版本九字段声明及逐字段Schema、授权和唯一证据定位后追加不可变批次,2d50c1344a835ceeb832796935182aeff80bb03cecc5465c8cf3aaccbd446acd,a23c4d44f41c2fc245b02db92b59200f4b443888bdb532b601a5934f5c808064,4747f652826ad5725e0a65fb912da71348e5d7c83b023485cef2e532ca61bd7c
source-identity-declaration-20260808T051806+0800-dd1e3d74dca4,ZI-7ca528ace2904d6333d9ac25,DS-000296,数据库元数据,BTC,4小时;8小时;24小时;48小时,15分钟;1小时,未知,未知,未知,未知,未知,未知,未知,未知,未知,未登记,无,config/数据/来源身份声明补采.json#身份声明[],b99035eb31437b822b0d8ed9b728e2fbb4b5cd8b8861010049ee43d74fc08647,840669cb99560c36aaa3d535c5e9358708208a5e91f514d4ff9ab0aed933b359,未知,未知,b3a1fc5ec72ad95e258b584f936ad46befab951e0ee9e43eaa18179e34974387,无法判定,DATABASE_METADATA_IDENTITY_UNPROVEN,本批次只读；若声明、输入、Schema或授权漂移，既有结论自动失效并须追加新批次,未读取业务正文、价格、成交、订单簿、账户或凭据；身份字段不完整,为该成员提供当前版本九字段声明及逐字段Schema、授权和唯一证据定位后追加不可变批次,2d50c1344a835ceeb832796935182aeff80bb03cecc5465c8cf3aaccbd446acd,a23c4d44f41c2fc245b02db92b59200f4b443888bdb532b601a5934f5c808064,e0230cabab3ce35fef69d5daf078f6e743833f0898296337e4520cb829591192
source-identity-declaration-20260808T051806+0800-dd1e3d74dca4,ZI-b0b1be153e2c74bbc58931fe,DS-000297,数据库元数据,BTC,4小时;8小时;24小时;48小时,15分钟;1小时,未知,未知,未知,未知,未知,未知,未知,未知,未知,未登记,无,config/数据/来源身份声明补采.json#身份声明[],b99035eb31437b822b0d8ed9b728e2fbb4b5cd8b8861010049ee43d74fc08647,519fe32d9d7992508e1eb36adb1f37154c6813e2e5c04f9a5dfe2cdffcf5cfde,未知,未知,b3a1fc5ec72ad95e258b584f936ad46befab951e0ee9e43eaa18179e34974387,无法判定,DATABASE_METADATA_IDENTITY_UNPROVEN,本批次只读；若声明、输入、Schema或授权漂移，既有结论自动失效并须追加新批次,未读取业务正文、价格、成交、订单簿、账户或凭据；身份字段不完整,为该成员提供当前版本九字段声明及逐字段Schema、授权和唯一证据定位后追加不可变批次,2d50c1344a835ceeb832796935182aeff80bb03cecc5465c8cf3aaccbd446acd,a23c4d44f41c2fc245b02db92b59200f4b443888bdb532b601a5934f5c808064,00ff61bd60df64aef0c77173ba5de8ee7fd2b9feba2600b22b81113ef9134963
source-identity-declaration-20260808T051806+0800-dd1e3d74dca4,ZI-cceb0119d76a845091d90313,DS-000298,数据库元数据,BTC,4小时;8小时;24小时;48小时,15分钟;1小时,未知,未知,未知,未知,未知,未知,未知,未知,未知,未登记,无,config/数据/来源身份声明补采.json#身份声明[],b99035eb31437b822b0d8ed9b728e2fbb4b5cd8b8861010049ee43d74fc08647,64eb968ce0af5c19dc13ae90b7b806bd0d73999377991bbb47f2975459c7adde,未知,未知,b3a1fc5ec72ad95e258b584f936ad46befab951e0ee9e43eaa18179e34974387,无法判定,DATABASE_METADATA_IDENTITY_UNPROVEN,本批次只读；若声明、输入、Schema或授权漂移，既有结论自动失效并须追加新批次,未读取业务正文、价格、成交、订单簿、账户或凭据；身份字段不完整,为该成员提供当前版本九字段声明及逐字段Schema、授权和唯一证据定位后追加不可变批次,2d50c1344a835ceeb832796935182aeff80bb03cecc5465c8cf3aaccbd446acd,a23c4d44f41c2fc245b02db92b59200f4b443888bdb532b601a5934f5c808064,b658d087a73cbbda2e9813c5565dcc85136006134aa4ca6d238e1c245e777b24
source-identity-declaration-20260808T051806+0800-dd1e3d74dca4,ZI-79efc93262b446e9d98b76ba,DS-000299,数据库元数据,BTC,4小时;8小时;24小时;48小时,15分钟;1小时,未知,未知,未知,未知,未知,未知,未知,未知,未知,未登记,无,config/数据/来源身份声明补采.json#身份声明[],b99035eb31437b822b0d8ed9b728e2fbb4b5cd8b8861010049ee43d74fc08647,7572c0a41b5a2a39c80656f400dbe60f8ab0bd79c0fb5c3e7b44fee53f730755,未知,未知,b3a1fc5ec72ad95e258b584f936ad46befab951e0ee9e43eaa18179e34974387,无法判定,DATABASE_METADATA_IDENTITY_UNPROVEN,本批次只读；若声明、输入、Schema或授权漂移，既有结论自动失效并须追加新批次,未读取业务正文、价格、成交、订单簿、账户或凭据；身份字段不完整,为该成员提供当前版本九字段声明及逐字段Schema、授权和唯一证据定位后追加不可变批次,2d50c1344a835ceeb832796935182aeff80bb03cecc5465c8cf3aaccbd446acd,a23c4d44f41c2fc245b02db92b59200f4b443888bdb532b601a5934f5c808064,73d64094eb5587ea30d462740f14af48bcc5364cbbc51034f74540a7b08cfdfa
source-identity-declaration-20260808T051806+0800-dd1e3d74dca4,ZI-e76d2134142142ad4b8f28cb,DS-000300,数据库元数据,BTC,4小时;8小时;24小时;48小时,15分钟;1小时,未知,未知,未知,未知,未知,未知,未知,未知,未知,未登记,无,config/数据/来源身份声明补采.json#身份声明[],b99035eb31437b822b0d8ed9b728e2fbb4b5cd8b8861010049ee43d74fc08647,2e8a058057540064073e8868839e18fe0dcf848fcecc872fe0f732e40796d068,未知,未知,b3a1fc5ec72ad95e258b584f936ad46befab951e0ee9e43eaa18179e34974387,无法判定,DATABASE_METADATA_IDENTITY_UNPROVEN,本批次只读；若声明、输入、Schema或授权漂移，既有结论自动失效并须追加新批次,未读取业务正文、价格、成交、订单簿、账户或凭据；身份字段不完整,为该成员提供当前版本九字段声明及逐字段Schema、授权和唯一证据定位后追加不可变批次,2d50c1344a835ceeb832796935182aeff80bb03cecc5465c8cf3aaccbd446acd,a23c4d44f41c2fc245b02db92b59200f4b443888bdb532b601a5934f5c808064,dcbc0090f70a77c01787bf5173852d96254319058eea75bb4f4e5366051e1f35
source-identity-declaration-20260808T051806+0800-dd1e3d74dca4,ZI-6b9507c0f667730b1c25338d,DS-000301,数据库元数据,BTC,4小时;8小时;24小时;48小时,15分钟;1小时,未知,未知,未知,未知,未知,未知,未知,未知,未知,未登记,无,config/数据/来源身份声明补采.json#身份声明[],b99035eb31437b822b0d8ed9b728e2fbb4b5cd8b8861010049ee43d74fc08647,68f2f1d195a17ce77287aa8d9a2fddb75a21fdd657b03eaab6484f64e3fa61e6,未知,未知,b3a1fc5ec72ad95e258b584f936ad46befab951e0ee9e43eaa18179e34974387,无法判定,DATABASE_METADATA_IDENTITY_UNPROVEN,本批次只读；若声明、输入、Schema或授权漂移，既有结论自动失效并须追加新批次,未读取业务正文、价格、成交、订单簿、账户或凭据；身份字段不完整,为该成员提供当前版本九字段声明及逐字段Schema、授权和唯一证据定位后追加不可变批次,2d50c1344a835ceeb832796935182aeff80bb03cecc5465c8cf3aaccbd446acd,a23c4d44f41c2fc245b02db92b59200f4b443888bdb532b601a5934f5c808064,b8952a9f1942b1c9e468ef1c186aee9345ebfbcf7a4b0bf487d9e66ccc156e17
source-identity-declaration-20260808T051806+0800-dd1e3d74dca4,ZI-a3de4220ce194e2c0f75e45d,DS-000302,数据库元数据,BTC,4小时;8小时;24小时;48小时,15分钟;1小时,未知,未知,未知,未知,未知,未知,未知,未知,未知,未登记,无,config/数据/来源身份声明补采.json#身份声明[],b99035eb31437b822b0d8ed9b728e2fbb4b5cd8b8861010049ee43d74fc08647,e8d81d71207f009298d9aa62cd4ca70df93f6bd9915064653ce32f4250ba9119,未知,未知,b3a1fc5ec72ad95e258b584f936ad46befab951e0ee9e43eaa18179e34974387,无法判定,DATABASE_METADATA_IDENTITY_UNPROVEN,本批次只读；若声明、输入、Schema或授权漂移，既有结论自动失效并须追加新批次,未读取业务正文、价格、成交、订单簿、账户或凭据；身份字段不完整,为该成员提供当前版本九字段声明及逐字段Schema、授权和唯一证据定位后追加不可变批次,2d50c1344a835ceeb832796935182aeff80bb03cecc5465c8cf3aaccbd446acd,a23c4d44f41c2fc245b02db92b59200f4b443888bdb532b601a5934f5c808064,0e4c31e4dfdcf930c79af58cb9dbcc2efb37cc266a69269c927dc23cd3dc847d
source-identity-declaration-20260808T051806+0800-dd1e3d74dca4,ZI-63a4a8191f5338c21eac18d2,DS-000303,数据库元数据,BTC,4小时;8小时;24小时;48小时,15分钟;1小时,未知,未知,未知,未知,未知,未知,未知,未知,未知,未登记,无,config/数据/来源身份声明补采.json#身份声明[],b99035eb31437b822b0d8ed9b728e2fbb4b5cd8b8861010049ee43d74fc08647,2fc35c9965af5ebfd8dc154f1e3abc90aab6452dcabcb63be6c0ba42b99b66ae,未知,未知,b3a1fc5ec72ad95e258b584f936ad46befab951e0ee9e43eaa18179e34974387,无法判定,DATABASE_METADATA_IDENTITY_UNPROVEN,本批次只读；若声明、输入、Schema或授权漂移，既有结论自动失效并须追加新批次,未读取业务正文、价格、成交、订单簿、账户或凭据；身份字段不完整,为该成员提供当前版本九字段声明及逐字段Schema、授权和唯一证据定位后追加不可变批次,2d50c1344a835ceeb832796935182aeff80bb03cecc5465c8cf3aaccbd446acd,a23c4d44f41c2fc245b02db92b59200f4b443888bdb532b601a5934f5c808064,9d1e4274972aa518b2dc49d698dec43f7025f4cb3ee3c91fd0618559d2596283
source-identity-declaration-20260808T051806+0800-dd1e3d74dca4,ZI-96f78e47a4eb937919a7a7e9,DS-000304,数据库元数据,BTC,4小时;8小时;24小时;48小时,15分钟;1小时,未知,未知,未知,未知,未知,未知,未知,未知,未知,未登记,无,config/数据/来源身份声明补采.json#身份声明[],b99035eb31437b822b0d8ed9b728e2fbb4b5cd8b8861010049ee43d74fc08647,c2c9fa3961b41e9e259be6490ed521b9165aadf0b1b4b1916440fb67cae1c923,未知,未知,b3a1fc5ec72ad95e258b584f936ad46befab951e0ee9e43eaa18179e34974387,无法判定,DATABASE_METADATA_IDENTITY_UNPROVEN,本批次只读；若声明、输入、Schema或授权漂移，既有结论自动失效并须追加新批次,未读取业务正文、价格、成交、订单簿、账户或凭据；身份字段不完整,为该成员提供当前版本九字段声明及逐字段Schema、授权和唯一证据定位后追加不可变批次,2d50c1344a835ceeb832796935182aeff80bb03cecc5465c8cf3aaccbd446acd,a23c4d44f41c2fc245b02db92b59200f4b443888bdb532b601a5934f5c808064,fa59cfe1412b60d351edc91049ea6fe1e851b11cf379bf8319e2e10bfef3be34
source-identity-declaration-20260808T051806+0800-dd1e3d74dca4,ZI-99e036f2b1093b4f286f64a5,DS-000305,数据库元数据,BTC,4小时;8小时;24小时;48小时,15分钟;1小时,未知,未知,未知,未知,未知,未知,未知,未知,未知,未登记,无,config/数据/来源身份声明补采.json#身份声明[],b99035eb31437b822b0d8ed9b728e2fbb4b5cd8b8861010049ee43d74fc08647,64f87095fb4955a4cfbe2e6f8e643fa38d859fef411eb73741cdd2be79d23468,未知,未知,b3a1fc5ec72ad95e258b584f936ad46befab951e0ee9e43eaa18179e34974387,无法判定,DATABASE_METADATA_IDENTITY_UNPROVEN,本批次只读；若声明、输入、Schema或授权漂移，既有结论自动失效并须追加新批次,未读取业务正文、价格、成交、订单簿、账户或凭据；身份字段不完整,为该成员提供当前版本九字段声明及逐字段Schema、授权和唯一证据定位后追加不可变批次,2d50c1344a835ceeb832796935182aeff80bb03cecc5465c8cf3aaccbd446acd,a23c4d44f41c2fc245b02db92b59200f4b443888bdb532b601a5934f5c808064,6b1bab5053a75e88c5451adb8c8038df61e13b1ad810d85de346e42010c5a675
source-identity-declaration-20260808T051806+0800-dd1e3d74dca4,ZI-835a741c0f97b5c8b8f58b9a,DS-000306,数据库元数据,BTC,4小时;8小时;24小时;48小时,15分钟;1小时,未知,未知,未知,未知,未知,未知,未知,未知,未知,未登记,无,config/数据/来源身份声明补采.json#身份声明[],b99035eb31437b822b0d8ed9b728e2fbb4b5cd8b8861010049ee43d74fc08647,93e7c4e4eac3841772d4795c85297a7e79c010b12b8cf30b7a3ff8517f7146e9,未知,未知,b3a1fc5ec72ad95e258b584f936ad46befab951e0ee9e43eaa18179e34974387,无法判定,DATABASE_METADATA_IDENTITY_UNPROVEN,本批次只读；若声明、输入、Schema或授权漂移，既有结论自动失效并须追加新批次,未读取业务正文、价格、成交、订单簿、账户或凭据；身份字段不完整,为该成员提供当前版本九字段声明及逐字段Schema、授权和唯一证据定位后追加不可变批次,2d50c1344a835ceeb832796935182aeff80bb03cecc5465c8cf3aaccbd446acd,a23c4d44f41c2fc245b02db92b59200f4b443888bdb532b601a5934f5c808064,2f71dbe6cdd57760952ab7d6e73c58149c19e4e66d7d667f0ad324e93788674d
source-identity-declaration-20260808T051806+0800-dd1e3d74dca4,ZI-0658842d2088ed09b24efc97,DS-000307,数据库元数据,BTC,4小时;8小时;24小时;48小时,15分钟;1小时,未知,未知,未知,未知,未知,未知,未知,未知,未知,未登记,无,config/数据/来源身份声明补采.json#身份声明[],b99035eb31437b822b0d8ed9b728e2fbb4b5cd8b8861010049ee43d74fc08647,f951a13aeb2596cef4686717db03149070ba793813ddb720dac7f5c236b8dccd,未知,未知,b3a1fc5ec72ad95e258b584f936ad46befab951e0ee9e43eaa18179e34974387,无法判定,DATABASE_METADATA_IDENTITY_UNPROVEN,本批次只读；若声明、输入、Schema或授权漂移，既有结论自动失效并须追加新批次,未读取业务正文、价格、成交、订单簿、账户或凭据；身份字段不完整,为该成员提供当前版本九字段声明及逐字段Schema、授权和唯一证据定位后追加不可变批次,2d50c1344a835ceeb832796935182aeff80bb03cecc5465c8cf3aaccbd446acd,a23c4d44f41c2fc245b02db92b59200f4b443888bdb532b601a5934f5c808064,6270b750613433f584c73fe2427cb51e9d1343f68601426b95b5556f390dbbd9
source-identity-declaration-20260808T051806+0800-dd1e3d74dca4,ZI-535216234191be483b87ed88,DS-000308,数据库元数据,BTC,4小时;8小时;24小时;48小时,15分钟;1小时,未知,未知,未知,未知,未知,未知,未知,未知,未知,未登记,无,config/数据/来源身份声明补采.json#身份声明[],b99035eb31437b822b0d8ed9b728e2fbb4b5cd8b8861010049ee43d74fc08647,8325e80640f1b6415b025ce8839ede1edf84d7984d84e0e4a7de7cae12f2fdfc,未知,未知,b3a1fc5ec72ad95e258b584f936ad46befab951e0ee9e43eaa18179e34974387,无法判定,DATABASE_METADATA_IDENTITY_UNPROVEN,本批次只读；若声明、输入、Schema或授权漂移，既有结论自动失效并须追加新批次,未读取业务正文、价格、成交、订单簿、账户或凭据；身份字段不完整,为该成员提供当前版本九字段声明及逐字段Schema、授权和唯一证据定位后追加不可变批次,2d50c1344a835ceeb832796935182aeff80bb03cecc5465c8cf3aaccbd446acd,a23c4d44f41c2fc245b02db92b59200f4b443888bdb532b601a5934f5c808064,4d2407e4fe408d597734237a2bff3e000a8a86358da2db5f1f9447d88e78db7d
source-identity-declaration-20260808T051806+0800-dd1e3d74dca4,ZI-1113435211180071dee9be25,DS-000309,数据库元数据,BTC,4小时;8小时;24小时;48小时,15分钟;1小时,未知,未知,未知,未知,未知,未知,未知,未知,未知,未登记,无,config/数据/来源身份声明补采.json#身份声明[],b99035eb31437b822b0d8ed9b728e2fbb4b5cd8b8861010049ee43d74fc08647,31401b834ceb9f05e15f20aead63529cec7ac915394e5e58399ff7267639644e,未知,未知,b3a1fc5ec72ad95e258b584f936ad46befab951e0ee9e43eaa18179e34974387,无法判定,DATABASE_METADATA_IDENTITY_UNPROVEN,本批次只读；若声明、输入、Schema或授权漂移，既有结论自动失效并须追加新批次,未读取业务正文、价格、成交、订单簿、账户或凭据；身份字段不完整,为该成员提供当前版本九字段声明及逐字段Schema、授权和唯一证据定位后追加不可变批次,2d50c1344a835ceeb832796935182aeff80bb03cecc5465c8cf3aaccbd446acd,a23c4d44f41c2fc245b02db92b59200f4b443888bdb532b601a5934f5c808064,c9ee74e173d9c228d30d25c567d7608553ef0d8f14322c3ec7e47f29f47068ba
source-identity-declaration-20260808T051806+0800-dd1e3d74dca4,ZI-5a402a12be02ee6d7c30eec4,DS-000310,数据库元数据,BTC,4小时;8小时;24小时;48小时,15分钟;1小时,未知,未知,未知,未知,未知,未知,未知,未知,未知,未登记,无,config/数据/来源身份声明补采.json#身份声明[],b99035eb31437b822b0d8ed9b728e2fbb4b5cd8b8861010049ee43d74fc08647,ac10b24605fd1b3d106ccfff94457604218999ca63a55631072e36d168a1244b,未知,未知,b3a1fc5ec72ad95e258b584f936ad46befab951e0ee9e43eaa18179e34974387,无法判定,DATABASE_METADATA_IDENTITY_UNPROVEN,本批次只读；若声明、输入、Schema或授权漂移，既有结论自动失效并须追加新批次,未读取业务正文、价格、成交、订单簿、账户或凭据；身份字段不完整,为该成员提供当前版本九字段声明及逐字段Schema、授权和唯一证据定位后追加不可变批次,2d50c1344a835ceeb832796935182aeff80bb03cecc5465c8cf3aaccbd446acd,a23c4d44f41c2fc245b02db92b59200f4b443888bdb532b601a5934f5c808064,414ec53ca87e354a687baba4497f6763eca1f1b77ac23c59cc06179aa217c791
source-identity-declaration-20260808T051806+0800-dd1e3d74dca4,ZI-9a6ab07c6edbc9b483925bf6,DS-000311,数据库元数据,BTC,4小时;8小时;24小时;48小时,15分钟;1小时,未知,未知,未知,未知,未知,未知,未知,未知,未知,未登记,无,config/数据/来源身份声明补采.json#身份声明[],b99035eb31437b822b0d8ed9b728e2fbb4b5cd8b8861010049ee43d74fc08647,57408a49d126b606bdaf83ab4bb7bd02b4710b2376040c3190ae1bd4473d4d85,未知,未知,b3a1fc5ec72ad95e258b584f936ad46befab951e0ee9e43eaa18179e34974387,无法判定,DATABASE_METADATA_IDENTITY_UNPROVEN,本批次只读；若声明、输入、Schema或授权漂移，既有结论自动失效并须追加新批次,未读取业务正文、价格、成交、订单簿、账户或凭据；身份字段不完整,为该成员提供当前版本九字段声明及逐字段Schema、授权和唯一证据定位后追加不可变批次,2d50c1344a835ceeb832796935182aeff80bb03cecc5465c8cf3aaccbd446acd,a23c4d44f41c2fc245b02db92b59200f4b443888bdb532b601a5934f5c808064,bb86b5a2082e7b8e6e0532425bc6f7a0338964beff96843f0985d64fb0e569a5
source-identity-declaration-20260808T051806+0800-dd1e3d74dca4,ZI-f934f2266c1453fb0bed28d8,DS-000312,数据库元数据,BTC,4小时;8小时;24小时;48小时,15分钟;1小时,未知,未知,未知,未知,未知,未知,未知,未知,未知,未登记,无,config/数据/来源身份声明补采.json#身份声明[],b99035eb31437b822b0d8ed9b728e2fbb4b5cd8b8861010049ee43d74fc08647,24985dde3d2f6f5a945237e33c528ce0e95350fb8b3217ef26e40ffd00f660b3,未知,未知,b3a1fc5ec72ad95e258b584f936ad46befab951e0ee9e43eaa18179e34974387,无法判定,DATABASE_METADATA_IDENTITY_UNPROVEN,本批次只读；若声明、输入、Schema或授权漂移，既有结论自动失效并须追加新批次,未读取业务正文、价格、成交、订单簿、账户或凭据；身份字段不完整,为该成员提供当前版本九字段声明及逐字段Schema、授权和唯一证据定位后追加不可变批次,2d50c1344a835ceeb832796935182aeff80bb03cecc5465c8cf3aaccbd446acd,a23c4d44f41c2fc245b02db92b59200f4b443888bdb532b601a5934f5c808064,248844404e380998ec97230ff1cb1d16b1817ae242913c7a8a0b16bdeccbe6fc
source-identity-declaration-20260808T051806+0800-dd1e3d74dca4,ZI-4f781c46c7f513f3e293caf1,DS-000313,数据库元数据,BTC,4小时;8小时;24小时;48小时,15分钟;1小时,未知,未知,未知,未知,未知,未知,未知,未知,未知,未登记,无,config/数据/来源身份声明补采.json#身份声明[],b99035eb31437b822b0d8ed9b728e2fbb4b5cd8b8861010049ee43d74fc08647,fbf6a194337eeb0d40c519c90f46b6442593773512e0e365faa6d9c1d6f562cf,未知,未知,b3a1fc5ec72ad95e258b584f936ad46befab951e0ee9e43eaa18179e34974387,无法判定,DATABASE_METADATA_IDENTITY_UNPROVEN,本批次只读；若声明、输入、Schema或授权漂移，既有结论自动失效并须追加新批次,未读取业务正文、价格、成交、订单簿、账户或凭据；身份字段不完整,为该成员提供当前版本九字段声明及逐字段Schema、授权和唯一证据定位后追加不可变批次,2d50c1344a835ceeb832796935182aeff80bb03cecc5465c8cf3aaccbd446acd,a23c4d44f41c2fc245b02db92b59200f4b443888bdb532b601a5934f5c808064,078de60be4b2319344ddbd166f81032422a685b5d8a867ffc6b3b22099188eee
source-identity-declaration-20260808T051806+0800-dd1e3d74dca4,ZI-664d2574f8ab01163a25d595,DS-000314,数据库元数据,BTC,4小时;8小时;24小时;48小时,15分钟;1小时,未知,未知,未知,未知,未知,未知,未知,未知,未知,未登记,无,config/数据/来源身份声明补采.json#身份声明[],b99035eb31437b822b0d8ed9b728e2fbb4b5cd8b8861010049ee43d74fc08647,9db3a44ee859910c7b18a87c166d510b153a770c91474a6c557219b2815719be,未知,未知,b3a1fc5ec72ad95e258b584f936ad46befab951e0ee9e43eaa18179e34974387,无法判定,DATABASE_METADATA_IDENTITY_UNPROVEN,本批次只读；若声明、输入、Schema或授权漂移，既有结论自动失效并须追加新批次,未读取业务正文、价格、成交、订单簿、账户或凭据；身份字段不完整,为该成员提供当前版本九字段声明及逐字段Schema、授权和唯一证据定位后追加不可变批次,2d50c1344a835ceeb832796935182aeff80bb03cecc5465c8cf3aaccbd446acd,a23c4d44f41c2fc245b02db92b59200f4b443888bdb532b601a5934f5c808064,04816d6ba21cef0952e91e30fdac682c2599c84f5b558bdf6a4946bf8903da0c
source-identity-declaration-20260808T051806+0800-dd1e3d74dca4,ZI-6c7b1beec974abfd29a0e66e,DS-000315,数据库元数据,BTC,4小时;8小时;24小时;48小时,15分钟;1小时,未知,未知,未知,未知,未知,未知,未知,未知,未知,未登记,无,config/数据/来源身份声明补采.json#身份声明[],b99035eb31437b822b0d8ed9b728e2fbb4b5cd8b8861010049ee43d74fc08647,28745a43fd92afac3d70cee4ddad3491844d97472d4dda22369d8ad811b9cb19,未知,未知,b3a1fc5ec72ad95e258b584f936ad46befab951e0ee9e43eaa18179e34974387,无法判定,DATABASE_METADATA_IDENTITY_UNPROVEN,本批次只读；若声明、输入、Schema或授权漂移，既有结论自动失效并须追加新批次,未读取业务正文、价格、成交、订单簿、账户或凭据；身份字段不完整,为该成员提供当前版本九字段声明及逐字段Schema、授权和唯一证据定位后追加不可变批次,2d50c1344a835ceeb832796935182aeff80bb03cecc5465c8cf3aaccbd446acd,a23c4d44f41c2fc245b02db92b59200f4b443888bdb532b601a5934f5c808064,1e643be03051340b6c59f339d94fd4ae9cd43c1203deef2049c93f18cee9c5cc
source-identity-declaration-20260808T051806+0800-dd1e3d74dca4,ZI-92c90a90bbc0841d7e48f8d6,DS-000316,数据库元数据,BTC,4小时;8小时;24小时;48小时,15分钟;1小时,未知,未知,未知,未知,未知,未知,未知,未知,未知,未登记,无,config/数据/来源身份声明补采.json#身份声明[],b99035eb31437b822b0d8ed9b728e2fbb4b5cd8b8861010049ee43d74fc08647,993ed72bd9aee1183676bb2ffb712c4bb01996d8dc0f601b657d49e62b1cc37c,未知,未知,b3a1fc5ec72ad95e258b584f936ad46befab951e0ee9e43eaa18179e34974387,无法判定,DATABASE_METADATA_IDENTITY_UNPROVEN,本批次只读；若声明、输入、Schema或授权漂移，既有结论自动失效并须追加新批次,未读取业务正文、价格、成交、订单簿、账户或凭据；身份字段不完整,为该成员提供当前版本九字段声明及逐字段Schema、授权和唯一证据定位后追加不可变批次,2d50c1344a835ceeb832796935182aeff80bb03cecc5465c8cf3aaccbd446acd,a23c4d44f41c2fc245b02db92b59200f4b443888bdb532b601a5934f5c808064,040a5dd4fbf3ccae9002a4226d8fe2764d6bfe4e3e7a1d84c56d6ddb613d06d5
source-identity-declaration-20260808T051806+0800-dd1e3d74dca4,ZI-c5c903e8e1925632a9160c98,DS-000001,候选数据文件,ETH,4小时;8小时;24小时;48小时,15分钟;1小时,未知,未知,未知,未知,未知,未知,未知,未知,未知,未登记,无,config/数据/来源身份声明补采.json#身份声明[],b99035eb31437b822b0d8ed9b728e2fbb4b5cd8b8861010049ee43d74fc08647,6f210f5cac4068efe59c05ccd83b4aa2dd366ae73b635fbc253611e4e60c34bb,92492a53e1dafed70b7561e04224b47c4bd114d29d5425993b521342aba14dd4,未知,b3a1fc5ec72ad95e258b584f936ad46befab951e0ee9e43eaa18179e34974387,拒绝,INPUT_MEMBER_REJECTED,本批次只读；若声明、输入、Schema或授权漂移，既有结论自动失效并须追加新批次,未读取业务正文、价格、成交、订单簿、账户或凭据；身份字段不完整,为该成员提供当前版本九字段声明及逐字段Schema、授权和唯一证据定位后追加不可变批次,2d50c1344a835ceeb832796935182aeff80bb03cecc5465c8cf3aaccbd446acd,a23c4d44f41c2fc245b02db92b59200f4b443888bdb532b601a5934f5c808064,a4f5df751983a11f662cbdf51a231c466d0bd06af6c164e40dcd56a736248fa9
source-identity-declaration-20260808T051806+0800-dd1e3d74dca4,ZI-279894722b92c663c0dd6dab,DS-000002,候选数据文件,ETH,4小时;8小时;24小时;48小时,15分钟;1小时,未知,未知,未知,未知,未知,未知,未知,未知,未知,未登记,无,config/数据/来源身份声明补采.json#身份声明[],b99035eb31437b822b0d8ed9b728e2fbb4b5cd8b8861010049ee43d74fc08647,6b54cfaecaba756425d105f3eb174d67dda343b196c6d4d553b4ccf22dac9a4b,c1fca4bfb6236fbcc08d28c45d10a7c574d6bd84136ec84c1da40ed53f97d4de,未知,b3a1fc5ec72ad95e258b584f936ad46befab951e0ee9e43eaa18179e34974387,无法判定,FILE_STAT_OBSERVED_IDENTITY_UNPROVEN,本批次只读；若声明、输入、Schema或授权漂移，既有结论自动失效并须追加新批次,未读取业务正文、价格、成交、订单簿、账户或凭据；身份字段不完整,为该成员提供当前版本九字段声明及逐字段Schema、授权和唯一证据定位后追加不可变批次,2d50c1344a835ceeb832796935182aeff80bb03cecc5465c8cf3aaccbd446acd,a23c4d44f41c2fc245b02db92b59200f4b443888bdb532b601a5934f5c808064,6850e83a325d7831e85e88030c91a70e042ac165a365b40bcc137f1620d1b75a
source-identity-declaration-20260808T051806+0800-dd1e3d74dca4,ZI-bdc11e9d61341a2c9190bedb,DS-000003,候选数据文件,ETH,4小时;8小时;24小时;48小时,15分钟;1小时,未知,未知,未知,未知,未知,未知,未知,未知,未知,未登记,无,config/数据/来源身份声明补采.json#身份声明[],b99035eb31437b822b0d8ed9b728e2fbb4b5cd8b8861010049ee43d74fc08647,eed06d83a64889d174bf4470b7f403841c1b8cbef394fdcd7d26373548bc330a,5e5bb8ec43c73120c4a424eaed68bbb10c9e9070e8420761d724e1829b18f01c,未知,b3a1fc5ec72ad95e258b584f936ad46befab951e0ee9e43eaa18179e34974387,无法判定,FILE_STAT_OBSERVED_IDENTITY_UNPROVEN,本批次只读；若声明、输入、Schema或授权漂移，既有结论自动失效并须追加新批次,未读取业务正文、价格、成交、订单簿、账户或凭据；身份字段不完整,为该成员提供当前版本九字段声明及逐字段Schema、授权和唯一证据定位后追加不可变批次,2d50c1344a835ceeb832796935182aeff80bb03cecc5465c8cf3aaccbd446acd,a23c4d44f41c2fc245b02db92b59200f4b443888bdb532b601a5934f5c808064,13694824f160636dc27c607d783674001df48a09e770f0a8d5a500fe6897006d
source-identity-declaration-20260808T051806+0800-dd1e3d74dca4,ZI-f48b5e18e673871688598192,DS-000004,候选数据文件,ETH,4小时;8小时;24小时;48小时,15分钟;1小时,未知,未知,未知,未知,未知,未知,未知,未知,未知,未登记,无,config/数据/来源身份声明补采.json#身份声明[],b99035eb31437b822b0d8ed9b728e2fbb4b5cd8b8861010049ee43d74fc08647,f294fc879772804fde50e9093715f6f79193e34ec200003d39435c80c660dc0f,3287b26322b71db0be85d5072577cd04be5b75d46310013bd7fcb182d2050e05,未知,b3a1fc5ec72ad95e258b584f936ad46befab951e0ee9e43eaa18179e34974387,无法判定,FILE_STAT_OBSERVED_IDENTITY_UNPROVEN,本批次只读；若声明、输入、Schema或授权漂移，既有结论自动失效并须追加新批次,未读取业务正文、价格、成交、订单簿、账户或凭据；身份字段不完整,为该成员提供当前版本九字段声明及逐字段Schema、授权和唯一证据定位后追加不可变批次,2d50c1344a835ceeb832796935182aeff80bb03cecc5465c8cf3aaccbd446acd,a23c4d44f41c2fc245b02db92b59200f4b443888bdb532b601a5934f5c808064,b1a8ed75df0fda5237275c4e0054c485ab72949486f0e84dc5e7d19ad669b4ed
source-identity-declaration-20260808T051806+0800-dd1e3d74dca4,ZI-8353e10a871d52c975353c3f,DS-000005,候选数据文件,ETH,4小时;8小时;24小时;48小时,15分钟;1小时,未知,未知,未知,未知,未知,未知,未知,未知,未知,未登记,无,config/数据/来源身份声明补采.json#身份声明[],b99035eb31437b822b0d8ed9b728e2fbb4b5cd8b8861010049ee43d74fc08647,c3a0b74beeb3a1728b5565c3f43d47d2233ef0001367bb8588714e9f0f4d5adc,630ba5fb9aeda873efd55e45da5e941b0e4b31e4e024c2e9a7b8832a869f88d6,未知,b3a1fc5ec72ad95e258b584f936ad46befab951e0ee9e43eaa18179e34974387,无法判定,FILE_STAT_OBSERVED_IDENTITY_UNPROVEN,本批次只读；若声明、输入、Schema或授权漂移，既有结论自动失效并须追加新批次,未读取业务正文、价格、成交、订单簿、账户或凭据；身份字段不完整,为该成员提供当前版本九字段声明及逐字段Schema、授权和唯一证据定位后追加不可变批次,2d50c1344a835ceeb832796935182aeff80bb03cecc5465c8cf3aaccbd446acd,a23c4d44f41c2fc245b02db92b59200f4b443888bdb532b601a5934f5c808064,946970155d07cf66c9c2cab71fd999994e3199bff63075ec0965428cd161d316
source-identity-declaration-20260808T051806+0800-dd1e3d74dca4,ZI-02bb55334ca878f1e490d263,DS-000006,候选数据文件,ETH,4小时;8小时;24小时;48小时,15分钟;1小时,未知,未知,未知,未知,未知,未知,未知,未知,未知,未登记,无,config/数据/来源身份声明补采.json#身份声明[],b99035eb31437b822b0d8ed9b728e2fbb4b5cd8b8861010049ee43d74fc08647,078e5f02252ebb65f8c728bc0c504e3a3d3e783ebbd2641e58b3841ea530fb97,08fac2370d4c7bd7117f20502bdb0224fd890d3c9be37d9c73c02d75297322f4,未知,b3a1fc5ec72ad95e258b584f936ad46befab951e0ee9e43eaa18179e34974387,无法判定,FILE_STAT_OBSERVED_IDENTITY_UNPROVEN,本批次只读；若声明、输入、Schema或授权漂移，既有结论自动失效并须追加新批次,未读取业务正文、价格、成交、订单簿、账户或凭据；身份字段不完整,为该成员提供当前版本九字段声明及逐字段Schema、授权和唯一证据定位后追加不可变批次,2d50c1344a835ceeb832796935182aeff80bb03cecc5465c8cf3aaccbd446acd,a23c4d44f41c2fc245b02db92b59200f4b443888bdb532b601a5934f5c808064,12b32695a2a206f31161fa0bbb1e124ca0788ed4b4428090de71ad9e57f76d49
source-identity-declaration-20260808T051806+0800-dd1e3d74dca4,ZI-ab8649c928c32ab7bfff8287,DS-000007,候选数据文件,ETH,4小时;8小时;24小时;48小时,15分钟;1小时,未知,未知,未知,未知,未知,未知,未知,未知,未知,未登记,无,config/数据/来源身份声明补采.json#身份声明[],b99035eb31437b822b0d8ed9b728e2fbb4b5cd8b8861010049ee43d74fc08647,3d27809f20371a08ed176c677aaefe132b6a4fc3c9b9acf202f0e6982c17d731,05d74030c6aaf7fa78598833ba5f3c46562fea5b6c7527e83222db699a0f7405,未知,b3a1fc5ec72ad95e258b584f936ad46befab951e0ee9e43eaa18179e34974387,无法判定,FILE_STAT_OBSERVED_IDENTITY_UNPROVEN,本批次只读；若声明、输入、Schema或授权漂移，既有结论自动失效并须追加新批次,未读取业务正文、价格、成交、订单簿、账户或凭据；身份字段不完整,为该成员提供当前版本九字段声明及逐字段Schema、授权和唯一证据定位后追加不可变批次,2d50c1344a835ceeb832796935182aeff80bb03cecc5465c8cf3aaccbd446acd,a23c4d44f41c2fc245b02db92b59200f4b443888bdb532b601a5934f5c808064,7268f176b0f017678e58bb20d7536e1320754ebd54eea9923f4459bce76e5bd5
source-identity-declaration-20260808T051806+0800-dd1e3d74dca4,ZI-803cad160ec9877f5950adb0,DS-000008,候选数据文件,ETH,4小时;8小时;24小时;48小时,15分钟;1小时,未知,未知,未知,未知,未知,未知,未知,未知,未知,未登记,无,config/数据/来源身份声明补采.json#身份声明[],b99035eb31437b822b0d8ed9b728e2fbb4b5cd8b8861010049ee43d74fc08647,c41e435f351a0e89dcf979f9d54f0c4bf6732364a3fa041800b57b48d68dcad2,da0b82ebabe316093f40d07627662bfa6a1f3dda512b3233bda02699bf31741a,未知,b3a1fc5ec72ad95e258b584f936ad46befab951e0ee9e43eaa18179e34974387,无法判定,FILE_STAT_OBSERVED_IDENTITY_UNPROVEN,本批次只读；若声明、输入、Schema或授权漂移，既有结论自动失效并须追加新批次,未读取业务正文、价格、成交、订单簿、账户或凭据；身份字段不完整,为该成员提供当前版本九字段声明及逐字段Schema、授权和唯一证据定位后追加不可变批次,2d50c1344a835ceeb832796935182aeff80bb03cecc5465c8cf3aaccbd446acd,a23c4d44f41c2fc245b02db92b59200f4b443888bdb532b601a5934f5c808064,c52d6e8e4d5e999df84ac26020f35f80e419bd41c55d812df6edb7dbf03ef619
source-identity-declaration-20260808T051806+0800-dd1e3d74dca4,ZI-cb3f201795dbfc35bf020cc4,DS-000009,候选数据文件,ETH,4小时;8小时;24小时;48小时,15分钟;1小时,未知,未知,未知,未知,未知,未知,未知,未知,未知,未登记,无,config/数据/来源身份声明补采.json#身份声明[],b99035eb31437b822b0d8ed9b728e2fbb4b5cd8b8861010049ee43d74fc08647,57f0db998d6317598e4c7335c89cb4bd04ec0e20592158cfc71f6fc34aa5ad44,1c84e71b28c261da9b2ee0e2a3c8b1068b142a85cd360a8ad0fd9b59f66bfac4,未知,b3a1fc5ec72ad95e258b584f936ad46befab951e0ee9e43eaa18179e34974387,无法判定,FILE_STAT_OBSERVED_IDENTITY_UNPROVEN,本批次只读；若声明、输入、Schema或授权漂移，既有结论自动失效并须追加新批次,未读取业务正文、价格、成交、订单簿、账户或凭据；身份字段不完整,为该成员提供当前版本九字段声明及逐字段Schema、授权和唯一证据定位后追加不可变批次,2d50c1344a835ceeb832796935182aeff80bb03cecc5465c8cf3aaccbd446acd,a23c4d44f41c2fc245b02db92b59200f4b443888bdb532b601a5934f5c808064,038f6b2a102851b46bebeb16825da0182952f9f9b9b7ec0bc948cad84787c9f0
source-identity-declaration-20260808T051806+0800-dd1e3d74dca4,ZI-a0bd838ee633afa643f72fdb,DS-000010,候选数据文件,ETH,4小时;8小时;24小时;48小时,15分钟;1小时,未知,未知,未知,未知,未知,未知,未知,未知,未知,未登记,无,config/数据/来源身份声明补采.json#身份声明[],b99035eb31437b822b0d8ed9b728e2fbb4b5cd8b8861010049ee43d74fc08647,60a868b7ba10f0aef5db99fd373934b8abcce84661ec2ad1ccee966866bbb502,ab6eb25ffb4fb546071545c7cea0ef9922b71cb58974ee30cd6b2388460fea43,未知,b3a1fc5ec72ad95e258b584f936ad46befab951e0ee9e43eaa18179e34974387,无法判定,FILE_STAT_OBSERVED_IDENTITY_UNPROVEN,本批次只读；若声明、输入、Schema或授权漂移，既有结论自动失效并须追加新批次,未读取业务正文、价格、成交、订单簿、账户或凭据；身份字段不完整,为该成员提供当前版本九字段声明及逐字段Schema、授权和唯一证据定位后追加不可变批次,2d50c1344a835ceeb832796935182aeff80bb03cecc5465c8cf3aaccbd446acd,a23c4d44f41c2fc245b02db92b59200f4b443888bdb532b601a5934f5c808064,871e042dc26dda8f4b0aaecac3c9f11e1ac5c40734c9d83554e6d0e35f403257
source-identity-declaration-20260808T051806+0800-dd1e3d74dca4,ZI-c18845ce5953be525fba9e98,DS-000011,候选数据文件,ETH,4小时;8小时;24小时;48小时,15分钟;1小时,未知,未知,未知,未知,未知,未知,未知,未知,未知,未登记,无,config/数据/来源身份声明补采.json#身份声明[],b99035eb31437b822b0d8ed9b728e2fbb4b5cd8b8861010049ee43d74fc08647,0ec6f6d6ec4c9b002bb715c2ae5793b70a41ece49bc4ab71ab962b1ea26e6c10,70223776d5c33043cba58e4cf9078a5341971889a7ae24af3e8cb7ad8d37c003,未知,b3a1fc5ec72ad95e258b584f936ad46befab951e0ee9e43eaa18179e34974387,无法判定,FILE_STAT_OBSERVED_IDENTITY_UNPROVEN,本批次只读；若声明、输入、Schema或授权漂移，既有结论自动失效并须追加新批次,未读取业务正文、价格、成交、订单簿、账户或凭据；身份字段不完整,为该成员提供当前版本九字段声明及逐字段Schema、授权和唯一证据定位后追加不可变批次,2d50c1344a835ceeb832796935182aeff80bb03cecc5465c8cf3aaccbd446acd,a23c4d44f41c2fc245b02db92b59200f4b443888bdb532b601a5934f5c808064,fc97d59f6c485d226426c85b16cbe2b4e112ea0969ffc1042bac10def19369fc
source-identity-declaration-20260808T051806+0800-dd1e3d74dca4,ZI-6755e3ebe9d9a3e83f13a4a9,DS-000012,候选数据文件,ETH,4小时;8小时;24小时;48小时,15分钟;1小时,未知,未知,未知,未知,未知,未知,未知,未知,未知,未登记,无,config/数据/来源身份声明补采.json#身份声明[],b99035eb31437b822b0d8ed9b728e2fbb4b5cd8b8861010049ee43d74fc08647,4029ce33cae96639a00b1f2934304f04d9204e36e7d06ee59efff58dc5e0082a,4dd0cfe504269f3a89737cc92ba0aa81c09cfa787c7c6a8fc0e299dee6613bec,未知,b3a1fc5ec72ad95e258b584f936ad46befab951e0ee9e43eaa18179e34974387,无法判定,FILE_STAT_OBSERVED_IDENTITY_UNPROVEN,本批次只读；若声明、输入、Schema或授权漂移，既有结论自动失效并须追加新批次,未读取业务正文、价格、成交、订单簿、账户或凭据；身份字段不完整,为该成员提供当前版本九字段声明及逐字段Schema、授权和唯一证据定位后追加不可变批次,2d50c1344a835ceeb832796935182aeff80bb03cecc5465c8cf3aaccbd446acd,a23c4d44f41c2fc245b02db92b59200f4b443888bdb532b601a5934f5c808064,1544f0c05a57d600b383134a08e6a844ac57f314c2e363b457e855b0f02d1637
source-identity-declaration-20260808T051806+0800-dd1e3d74dca4,ZI-95764bb9d0fab4a919eda519,DS-000013,候选数据文件,ETH,4小时;8小时;24小时;48小时,15分钟;1小时,未知,未知,未知,未知,未知,未知,未知,未知,未知,未登记,无,config/数据/来源身份声明补采.json#身份声明[],b99035eb31437b822b0d8ed9b728e2fbb4b5cd8b8861010049ee43d74fc08647,4b5998ebc81851afafa4abf90abf85ad6f259b9415055592ade9dfafdb51f0d3,338fd5e2bb1bb18b5373b6c742c9475a5c2f79b46ba831482bcc85cee7e4a7ee,未知,b3a1fc5ec72ad95e258b584f936ad46befab951e0ee9e43eaa18179e34974387,无法判定,FILE_STAT_OBSERVED_IDENTITY_UNPROVEN,本批次只读；若声明、输入、Schema或授权漂移，既有结论自动失效并须追加新批次,未读取业务正文、价格、成交、订单簿、账户或凭据；身份字段不完整,为该成员提供当前版本九字段声明及逐字段Schema、授权和唯一证据定位后追加不可变批次,2d50c1344a835ceeb832796935182aeff80bb03cecc5465c8cf3aaccbd446acd,a23c4d44f41c2fc245b02db92b59200f4b443888bdb532b601a5934f5c808064,964a852ec5b9b8ddd57230adb671b39b3f4a435c463cd9b869c2ccb3bbc81d64
source-identity-declaration-20260808T051806+0800-dd1e3d74dca4,ZI-3b9c54566bc10a3e90b3766c,DS-000014,候选数据文件,ETH,4小时;8小时;24小时;48小时,15分钟;1小时,未知,未知,未知,未知,未知,未知,未知,未知,未知,未登记,无,config/数据/来源身份声明补采.json#身份声明[],b99035eb31437b822b0d8ed9b728e2fbb4b5cd8b8861010049ee43d74fc08647,a2913685c4ef3199de4ac1910f6c1bd45e3a521e39fad3c5475e0071673b8a28,94b33236e77a53ad18d46d30ca3117a6c7a4f4089b5fb75eaf51eb9abdb22ac3,未知,b3a1fc5ec72ad95e258b584f936ad46befab951e0ee9e43eaa18179e34974387,无法判定,FILE_STAT_OBSERVED_IDENTITY_UNPROVEN,本批次只读；若声明、输入、Schema或授权漂移，既有结论自动失效并须追加新批次,未读取业务正文、价格、成交、订单簿、账户或凭据；身份字段不完整,为该成员提供当前版本九字段声明及逐字段Schema、授权和唯一证据定位后追加不可变批次,2d50c1344a835ceeb832796935182aeff80bb03cecc5465c8cf3aaccbd446acd,a23c4d44f41c2fc245b02db92b59200f4b443888bdb532b601a5934f5c808064,d6bf6f498a13dd1f69365202a187b7f720cb30d61a852497355e6b184900d0a1
source-identity-declaration-20260808T051806+0800-dd1e3d74dca4,ZI-4f294e47780b8d95f28c6c55,DS-000015,候选数据文件,ETH,4小时;8小时;24小时;48小时,15分钟;1小时,未知,未知,未知,未知,未知,未知,未知,未知,未知,未登记,无,config/数据/来源身份声明补采.json#身份声明[],b99035eb31437b822b0d8ed9b728e2fbb4b5cd8b8861010049ee43d74fc08647,0954b82bf7f57e01d704dbddc6046326d1d248a34af7095367bb8eca340f6dcf,ba196e8b46d3bb1255ad35d0d96c6caca1d91473ece1ffc3d93e940ea9f6509c,未知,b3a1fc5ec72ad95e258b584f936ad46befab951e0ee9e43eaa18179e34974387,无法判定,FILE_STAT_OBSERVED_IDENTITY_UNPROVEN,本批次只读；若声明、输入、Schema或授权漂移，既有结论自动失效并须追加新批次,未读取业务正文、价格、成交、订单簿、账户或凭据；身份字段不完整,为该成员提供当前版本九字段声明及逐字段Schema、授权和唯一证据定位后追加不可变批次,2d50c1344a835ceeb832796935182aeff80bb03cecc5465c8cf3aaccbd446acd,a23c4d44f41c2fc245b02db92b59200f4b443888bdb532b601a5934f5c808064,2312189dca954d2190fd316e305ab5c7c8c0cd0013ca4a1ea6794c8bd5d87748
source-identity-declaration-20260808T051806+0800-dd1e3d74dca4,ZI-aee0aa011ef421beb877e180,DS-000016,候选数据文件,ETH,4小时;8小时;24小时;48小时,15分钟;1小时,未知,未知,未知,未知,未知,未知,未知,未知,未知,未登记,无,config/数据/来源身份声明补采.json#身份声明[],b99035eb31437b822b0d8ed9b728e2fbb4b5cd8b8861010049ee43d74fc08647,d541c1aa39ca532bc63001a37820a93db5822824a913980ff6e6492016cd8c06,cf8dee8e990c70063ddac945720f2e7f2045996723bbefdb6f6aa71d447540d5,未知,b3a1fc5ec72ad95e258b584f936ad46befab951e0ee9e43eaa18179e34974387,无法判定,FILE_STAT_OBSERVED_IDENTITY_UNPROVEN,本批次只读；若声明、输入、Schema或授权漂移，既有结论自动失效并须追加新批次,未读取业务正文、价格、成交、订单簿、账户或凭据；身份字段不完整,为该成员提供当前版本九字段声明及逐字段Schema、授权和唯一证据定位后追加不可变批次,2d50c1344a835ceeb832796935182aeff80bb03cecc5465c8cf3aaccbd446acd,a23c4d44f41c2fc245b02db92b59200f4b443888bdb532b601a5934f5c808064,bf568b4580216ebe1a78ab2092611f8177e5d5bfe333ce11efd5530b5a40ece5
source-identity-declaration-20260808T051806+0800-dd1e3d74dca4,ZI-7e0cdf9830865f043bda9ce4,DS-000017,候选数据文件,ETH,4小时;8小时;24小时;48小时,15分钟;1小时,未知,未知,未知,未知,未知,未知,未知,未知,未知,未登记,无,config/数据/来源身份声明补采.json#身份声明[],b99035eb31437b822b0d8ed9b728e2fbb4b5cd8b8861010049ee43d74fc08647,724331ff5fb4ae5702e299c4ab592929e83424f81741ca15f49f79f17bb48302,d1cb4a02b7b4f0ac7f9deb9aa016893a5d62c9075c5341685fa804dcea8b5cf6,未知,b3a1fc5ec72ad95e258b584f936ad46befab951e0ee9e43eaa18179e34974387,无法判定,FILE_STAT_OBSERVED_IDENTITY_UNPROVEN,本批次只读；若声明、输入、Schema或授权漂移，既有结论自动失效并须追加新批次,未读取业务正文、价格、成交、订单簿、账户或凭据；身份字段不完整,为该成员提供当前版本九字段声明及逐字段Schema、授权和唯一证据定位后追加不可变批次,2d50c1344a835ceeb832796935182aeff80bb03cecc5465c8cf3aaccbd446acd,a23c4d44f41c2fc245b02db92b59200f4b443888bdb532b601a5934f5c808064,918902c694c827180b3dbf49c37019e80dae8a15b733c5697d505c2d3c6dd2cb
source-identity-declaration-20260808T051806+0800-dd1e3d74dca4,ZI-f26a91d704b8153b3b13bcab,DS-000018,候选数据文件,ETH,4小时;8小时;24小时;48小时,15分钟;1小时,未知,未知,未知,未知,未知,未知,未知,未知,未知,未登记,无,config/数据/来源身份声明补采.json#身份声明[],b99035eb31437b822b0d8ed9b728e2fbb4b5cd8b8861010049ee43d74fc08647,8ac6e149c9aa2f85191b075fe19ae6ab08e0241833b5e33f84b0a42f76e71509,ccfce573e1509c4ce6639e2a67cbce82dbd9a0fef3bec3aed5601bba4a8db09f,未知,b3a1fc5ec72ad95e258b584f936ad46befab951e0ee9e43eaa18179e34974387,无法判定,FILE_STAT_OBSERVED_IDENTITY_UNPROVEN,本批次只读；若声明、输入、Schema或授权漂移，既有结论自动失效并须追加新批次,未读取业务正文、价格、成交、订单簿、账户或凭据；身份字段不完整,为该成员提供当前版本九字段声明及逐字段Schema、授权和唯一证据定位后追加不可变批次,2d50c1344a835ceeb832796935182aeff80bb03cecc5465c8cf3aaccbd446acd,a23c4d44f41c2fc245b02db92b59200f4b443888bdb532b601a5934f5c808064,10f0bbabffc1a8a003733619fa4d9a3ff31076cc41c3b0cffbaf6ee6221990ca
source-identity-declaration-20260808T051806+0800-dd1e3d74dca4,ZI-033ce08ef691bdde9d29398b,DS-000019,候选数据文件,ETH,4小时;8小时;24小时;48小时,15分钟;1小时,未知,未知,未知,未知,未知,未知,未知,未知,未知,未登记,无,config/数据/来源身份声明补采.json#身份声明[],b99035eb31437b822b0d8ed9b728e2fbb4b5cd8b8861010049ee43d74fc08647,9fe44aeeec52824c44f64f54bd209145b51e04d8a6e4a281d96b9d9c9c5adc3d,e9f3497108c4ef7faa17c1d0ab180ed70c665f3736320e659ff6fd5949dde51c,未知,b3a1fc5ec72ad95e258b584f936ad46befab951e0ee9e43eaa18179e34974387,无法判定,FILE_STAT_OBSERVED_IDENTITY_UNPROVEN,本批次只读；若声明、输入、Schema或授权漂移，既有结论自动失效并须追加新批次,未读取业务正文、价格、成交、订单簿、账户或凭据；身份字段不完整,为该成员提供当前版本九字段声明及逐字段Schema、授权和唯一证据定位后追加不可变批次,2d50c1344a835ceeb832796935182aeff80bb03cecc5465c8cf3aaccbd446acd,a23c4d44f41c2fc245b02db92b59200f4b443888bdb532b601a5934f5c808064,961550e732721a18981bc70052f52bad1d8d67f7eaded37264a4ad2622cbc088
source-identity-declaration-20260808T051806+0800-dd1e3d74dca4,ZI-77e33436a724310dfdbb45ff,DS-000020,候选数据文件,ETH,4小时;8小时;24小时;48小时,15分钟;1小时,未知,未知,未知,未知,未知,未知,未知,未知,未知,未登记,无,config/数据/来源身份声明补采.json#身份声明[],b99035eb31437b822b0d8ed9b728e2fbb4b5cd8b8861010049ee43d74fc08647,1c5ab3f968edb2a20de6de92fb10feb8d2736c0dbd5b1cc743a178c603b79e8b,d04c0741957705e73c7006b50c19c45038bc4c0f2d0ac6ff4177f5b123a2fd30,未知,b3a1fc5ec72ad95e258b584f936ad46befab951e0ee9e43eaa18179e34974387,无法判定,FILE_STAT_OBSERVED_IDENTITY_UNPROVEN,本批次只读；若声明、输入、Schema或授权漂移，既有结论自动失效并须追加新批次,未读取业务正文、价格、成交、订单簿、账户或凭据；身份字段不完整,为该成员提供当前版本九字段声明及逐字段Schema、授权和唯一证据定位后追加不可变批次,2d50c1344a835ceeb832796935182aeff80bb03cecc5465c8cf3aaccbd446acd,a23c4d44f41c2fc245b02db92b59200f4b443888bdb532b601a5934f5c808064,2152eeb0963535f876abd67455c6f22f69e308bfb1f4f2dad714502bd6b2d7de
source-identity-declaration-20260808T051806+0800-dd1e3d74dca4,ZI-04ca2b6ded2abaa7a64050a6,DS-000021,候选数据文件,ETH,4小时;8小时;24小时;48小时,15分钟;1小时,未知,未知,未知,未知,未知,未知,未知,未知,未知,未登记,无,config/数据/来源身份声明补采.json#身份声明[],b99035eb31437b822b0d8ed9b728e2fbb4b5cd8b8861010049ee43d74fc08647,64628c57337149fa715a32c92112d28beb11ea157cc51cbef8d8fb2ac089af2d,bb7d52ffab4c620216335093ec95b8123196dd669e9376a13554b64171223064,未知,b3a1fc5ec72ad95e258b584f936ad46befab951e0ee9e43eaa18179e34974387,无法判定,FILE_STAT_OBSERVED_IDENTITY_UNPROVEN,本批次只读；若声明、输入、Schema或授权漂移，既有结论自动失效并须追加新批次,未读取业务正文、价格、成交、订单簿、账户或凭据；身份字段不完整,为该成员提供当前版本九字段声明及逐字段Schema、授权和唯一证据定位后追加不可变批次,2d50c1344a835ceeb832796935182aeff80bb03cecc5465c8cf3aaccbd446acd,a23c4d44f41c2fc245b02db92b59200f4b443888bdb532b601a5934f5c808064,8e6488cf1b27305633a2785baaf69c79b2b560d9cf0201df1ee6fa60188f7557
source-identity-declaration-20260808T051806+0800-dd1e3d74dca4,ZI-2570062f645b43ce27a0487c,DS-000022,候选数据文件,ETH,4小时;8小时;24小时;48小时,15分钟;1小时,未知,未知,未知,未知,未知,未知,未知,未知,未知,未登记,无,config/数据/来源身份声明补采.json#身份声明[],b99035eb31437b822b0d8ed9b728e2fbb4b5cd8b8861010049ee43d74fc08647,cb0f988b4041dfe60459b092dd3d8713a68e767cffe3cea694725d3b12df3874,2996e1baed6afd98549937bcfb68e08635a23cd1c2d53f3cf66c083845112d84,未知,b3a1fc5ec72ad95e258b584f936ad46befab951e0ee9e43eaa18179e34974387,无法判定,FILE_STAT_OBSERVED_IDENTITY_UNPROVEN,本批次只读；若声明、输入、Schema或授权漂移，既有结论自动失效并须追加新批次,未读取业务正文、价格、成交、订单簿、账户或凭据；身份字段不完整,为该成员提供当前版本九字段声明及逐字段Schema、授权和唯一证据定位后追加不可变批次,2d50c1344a835ceeb832796935182aeff80bb03cecc5465c8cf3aaccbd446acd,a23c4d44f41c2fc245b02db92b59200f4b443888bdb532b601a5934f5c808064,d3c722512abbcd715011656ad3cd517f7eb163cb8cd98ed71b7aecc6ee7ba9ba
source-identity-declaration-20260808T051806+0800-dd1e3d74dca4,ZI-be30400ad91dda28af131417,DS-000023,候选数据文件,ETH,4小时;8小时;24小时;48小时,15分钟;1小时,未知,未知,未知,未知,未知,未知,未知,未知,未知,未登记,无,config/数据/来源身份声明补采.json#身份声明[],b99035eb31437b822b0d8ed9b728e2fbb4b5cd8b8861010049ee43d74fc08647,7f5828afd16eeb5023d1e7c3d6abf2f23c149f3225a3e53e1078c8e613a07332,8aed83070f51a10889aa2ad427b5fdd393e54dedc790048f7640537e26884244,未知,b3a1fc5ec72ad95e258b584f936ad46befab951e0ee9e43eaa18179e34974387,无法判定,FILE_STAT_OBSERVED_IDENTITY_UNPROVEN,本批次只读；若声明、输入、Schema或授权漂移，既有结论自动失效并须追加新批次,未读取业务正文、价格、成交、订单簿、账户或凭据；身份字段不完整,为该成员提供当前版本九字段声明及逐字段Schema、授权和唯一证据定位后追加不可变批次,2d50c1344a835ceeb832796935182aeff80bb03cecc5465c8cf3aaccbd446acd,a23c4d44f41c2fc245b02db92b59200f4b443888bdb532b601a5934f5c808064,9d79e9a4367168d645018bf3d62d57720bbc02ffd2874b5d88927ca9aa683bbe
source-identity-declaration-20260808T051806+0800-dd1e3d74dca4,ZI-a0d4e3f46f73962f77ebd7c5,DS-000024,候选数据文件,ETH,4小时;8小时;24小时;48小时,15分钟;1小时,未知,未知,未知,未知,未知,未知,未知,未知,未知,未登记,无,config/数据/来源身份声明补采.json#身份声明[],b99035eb31437b822b0d8ed9b728e2fbb4b5cd8b8861010049ee43d74fc08647,1a5501c145cb78341a0bdc4a0d62283d57d8158db9cee6a6f6b9300451cfb669,a16243c93228dbf06273dcce7ed16e994d6ed320c1821791566d9bcce0b1fe3a,未知,b3a1fc5ec72ad95e258b584f936ad46befab951e0ee9e43eaa18179e34974387,无法判定,FILE_STAT_OBSERVED_IDENTITY_UNPROVEN,本批次只读；若声明、输入、Schema或授权漂移，既有结论自动失效并须追加新批次,未读取业务正文、价格、成交、订单簿、账户或凭据；身份字段不完整,为该成员提供当前版本九字段声明及逐字段Schema、授权和唯一证据定位后追加不可变批次,2d50c1344a835ceeb832796935182aeff80bb03cecc5465c8cf3aaccbd446acd,a23c4d44f41c2fc245b02db92b59200f4b443888bdb532b601a5934f5c808064,3d89cc86ba15e29e24dba042de656495d7e760fedd742965074760f703726e00
source-identity-declaration-20260808T051806+0800-dd1e3d74dca4,ZI-0b664412f41ac3e18fc48be7,DS-000025,候选数据文件,ETH,4小时;8小时;24小时;48小时,15分钟;1小时,未知,未知,未知,未知,未知,未知,未知,未知,未知,未登记,无,config/数据/来源身份声明补采.json#身份声明[],b99035eb31437b822b0d8ed9b728e2fbb4b5cd8b8861010049ee43d74fc08647,90a66897075859e1d9c9e335f1e6bf8caa40126b5af49abd6f7dd08c1c62ab7b,d02b2be6d2d0f29f21065db7d30e94e983e5abee74280e1cddd82f2a5fc46e1a,未知,b3a1fc5ec72ad95e258b584f936ad46befab951e0ee9e43eaa18179e34974387,无法判定,FILE_STAT_OBSERVED_IDENTITY_UNPROVEN,本批次只读；若声明、输入、Schema或授权漂移，既有结论自动失效并须追加新批次,未读取业务正文、价格、成交、订单簿、账户或凭据；身份字段不完整,为该成员提供当前版本九字段声明及逐字段Schema、授权和唯一证据定位后追加不可变批次,2d50c1344a835ceeb832796935182aeff80bb03cecc5465c8cf3aaccbd446acd,a23c4d44f41c2fc245b02db92b59200f4b443888bdb532b601a5934f5c808064,42e1793d45ea8686c9e18eb7a75511ae974f105c8661d06f8bf2c79e4d546330
source-identity-declaration-20260808T051806+0800-dd1e3d74dca4,ZI-0fe134d0066f7b835eaba2f2,DS-000026,候选数据文件,ETH,4小时;8小时;24小时;48小时,15分钟;1小时,未知,未知,未知,未知,未知,未知,未知,未知,未知,未登记,无,config/数据/来源身份声明补采.json#身份声明[],b99035eb31437b822b0d8ed9b728e2fbb4b5cd8b8861010049ee43d74fc08647,d0f705abea8912f989edaccb9cf08cd41eda84e652f74e68a9312e843e842f77,1b9cbb633782c7b249cb4169195daf3317a29c99aec153704282bf945fa3d791,未知,b3a1fc5ec72ad95e258b584f936ad46befab951e0ee9e43eaa18179e34974387,无法判定,FILE_STAT_OBSERVED_IDENTITY_UNPROVEN,本批次只读；若声明、输入、Schema或授权漂移，既有结论自动失效并须追加新批次,未读取业务正文、价格、成交、订单簿、账户或凭据；身份字段不完整,为该成员提供当前版本九字段声明及逐字段Schema、授权和唯一证据定位后追加不可变批次,2d50c1344a835ceeb832796935182aeff80bb03cecc5465c8cf3aaccbd446acd,a23c4d44f41c2fc245b02db92b59200f4b443888bdb532b601a5934f5c808064,26803d9ee4408d43538d5046fda14672138b368c85e0f52fdfaa1f196d2bea39
source-identity-declaration-20260808T051806+0800-dd1e3d74dca4,ZI-089f0c0ebeeb9e87f76c31ff,DS-000027,候选数据文件,ETH,4小时;8小时;24小时;48小时,15分钟;1小时,未知,未知,未知,未知,未知,未知,未知,未知,未知,未登记,无,config/数据/来源身份声明补采.json#身份声明[],b99035eb31437b822b0d8ed9b728e2fbb4b5cd8b8861010049ee43d74fc08647,e25a817f99d52e3d90fb7614939eebcaf57d0bc0f82ee9b42e562f78d2066f9d,b8714618b6412853dba3a92862402c9b3972f7061507a0e26408f6dc357db88f,未知,b3a1fc5ec72ad95e258b584f936ad46befab951e0ee9e43eaa18179e34974387,无法判定,FILE_STAT_OBSERVED_IDENTITY_UNPROVEN,本批次只读；若声明、输入、Schema或授权漂移，既有结论自动失效并须追加新批次,未读取业务正文、价格、成交、订单簿、账户或凭据；身份字段不完整,为该成员提供当前版本九字段声明及逐字段Schema、授权和唯一证据定位后追加不可变批次,2d50c1344a835ceeb832796935182aeff80bb03cecc5465c8cf3aaccbd446acd,a23c4d44f41c2fc245b02db92b59200f4b443888bdb532b601a5934f5c808064,e9d7b224da1980e110a902d391d4455de80f8a8aea4fb53760b3b14c3cdda4c1
source-identity-declaration-20260808T051806+0800-dd1e3d74dca4,ZI-9281ed93ca15f2fdc9ea24d8,DS-000028,候选数据文件,ETH,4小时;8小时;24小时;48小时,15分钟;1小时,未知,未知,未知,未知,未知,未知,未知,未知,未知,未登记,无,config/数据/来源身份声明补采.json#身份声明[],b99035eb31437b822b0d8ed9b728e2fbb4b5cd8b8861010049ee43d74fc08647,47294cc8ccff44581c75aa5d3c70bc29e9916391a25182dc2645263835aa4c55,ca61ac6dfbc8685ad69ec28ce2fe954546b8bbeb10944b952a6082215f1aece5,未知,b3a1fc5ec72ad95e258b584f936ad46befab951e0ee9e43eaa18179e34974387,无法判定,FILE_STAT_OBSERVED_IDENTITY_UNPROVEN,本批次只读；若声明、输入、Schema或授权漂移，既有结论自动失效并须追加新批次,未读取业务正文、价格、成交、订单簿、账户或凭据；身份字段不完整,为该成员提供当前版本九字段声明及逐字段Schema、授权和唯一证据定位后追加不可变批次,2d50c1344a835ceeb832796935182aeff80bb03cecc5465c8cf3aaccbd446acd,a23c4d44f41c2fc245b02db92b59200f4b443888bdb532b601a5934f5c808064,1ed7afbaa4f19197a1094303c69c03a5008ffb72e5da04b7eb1ebf703c0744f3
source-identity-declaration-20260808T051806+0800-dd1e3d74dca4,ZI-8cc6ec85cad87703abaaeba8,DS-000029,候选数据文件,ETH,4小时;8小时;24小时;48小时,15分钟;1小时,未知,未知,未知,未知,未知,未知,未知,未知,未知,未登记,无,config/数据/来源身份声明补采.json#身份声明[],b99035eb31437b822b0d8ed9b728e2fbb4b5cd8b8861010049ee43d74fc08647,7dd9f501d01b088e7ff2286b3f33fd8431fdbab3aea1cdb36bd41099a798703e,55c62d437482e770422f660443c8bb3e1bd1f8fd84f2c37eae172f4ef5c82861,未知,b3a1fc5ec72ad95e258b584f936ad46befab951e0ee9e43eaa18179e34974387,无法判定,FILE_STAT_OBSERVED_IDENTITY_UNPROVEN,本批次只读；若声明、输入、Schema或授权漂移，既有结论自动失效并须追加新批次,未读取业务正文、价格、成交、订单簿、账户或凭据；身份字段不完整,为该成员提供当前版本九字段声明及逐字段Schema、授权和唯一证据定位后追加不可变批次,2d50c1344a835ceeb832796935182aeff80bb03cecc5465c8cf3aaccbd446acd,a23c4d44f41c2fc245b02db92b59200f4b443888bdb532b601a5934f5c808064,87aa5e74d51aaa0ae57d9ffb90e861c5c3dd015cdad11c24cafca77154717a71
source-identity-declaration-20260808T051806+0800-dd1e3d74dca4,ZI-d9c1e236f123c75e588d2059,DS-000030,候选数据文件,ETH,4小时;8小时;24小时;48小时,15分钟;1小时,未知,未知,未知,未知,未知,未知,未知,未知,未知,未登记,无,config/数据/来源身份声明补采.json#身份声明[],b99035eb31437b822b0d8ed9b728e2fbb4b5cd8b8861010049ee43d74fc08647,7feaf8dbf2a33227bce6c15a332add2a8df5958d70cd20dde169159beffeafd8,5e939c64cae9f29f391d8578713f08f2352b42e4b6a5b0d84b70f171f2232476,未知,b3a1fc5ec72ad95e258b584f936ad46befab951e0ee9e43eaa18179e34974387,无法判定,FILE_STAT_OBSERVED_IDENTITY_UNPROVEN,本批次只读；若声明、输入、Schema或授权漂移，既有结论自动失效并须追加新批次,未读取业务正文、价格、成交、订单簿、账户或凭据；身份字段不完整,为该成员提供当前版本九字段声明及逐字段Schema、授权和唯一证据定位后追加不可变批次,2d50c1344a835ceeb832796935182aeff80bb03cecc5465c8cf3aaccbd446acd,a23c4d44f41c2fc245b02db92b59200f4b443888bdb532b601a5934f5c808064,aa12b14b7be82ab4e37678600f1e2a53990e4825412727ca1c6070aa27806994
source-identity-declaration-20260808T051806+0800-dd1e3d74dca4,ZI-c169483e7e35bbdae6c6bc04,DS-000031,候选数据文件,ETH,4小时;8小时;24小时;48小时,15分钟;1小时,未知,未知,未知,未知,未知,未知,未知,未知,未知,未登记,无,config/数据/来源身份声明补采.json#身份声明[],b99035eb31437b822b0d8ed9b728e2fbb4b5cd8b8861010049ee43d74fc08647,7e617ea65285053e80e850b1a42685e97f1dc11f8a21b09b7a1ddeec481c8607,03ab59e8e774cb766e2fb88000ffb3984a777b0efa71469703eb9d3483184ca5,未知,b3a1fc5ec72ad95e258b584f936ad46befab951e0ee9e43eaa18179e34974387,无法判定,FILE_STAT_OBSERVED_IDENTITY_UNPROVEN,本批次只读；若声明、输入、Schema或授权漂移，既有结论自动失效并须追加新批次,未读取业务正文、价格、成交、订单簿、账户或凭据；身份字段不完整,为该成员提供当前版本九字段声明及逐字段Schema、授权和唯一证据定位后追加不可变批次,2d50c1344a835ceeb832796935182aeff80bb03cecc5465c8cf3aaccbd446acd,a23c4d44f41c2fc245b02db92b59200f4b443888bdb532b601a5934f5c808064,b5f8604f7a7b500eb242fec4443586170497be1cb74aa124333949618c30a697
source-identity-declaration-20260808T051806+0800-dd1e3d74dca4,ZI-a21ccbe20389643ee308b69f,DS-000032,候选数据文件,ETH,4小时;8小时;24小时;48小时,15分钟;1小时,未知,未知,未知,未知,未知,未知,未知,未知,未知,未登记,无,config/数据/来源身份声明补采.json#身份声明[],b99035eb31437b822b0d8ed9b728e2fbb4b5cd8b8861010049ee43d74fc08647,2ce15b1930aad50b11f350398a0b450644e98b842f7ef2acedf4bee77e77db57,d4f0454fb81a9c29f899f9445d661e3f29161be0e20e0339e9a3bb9b947cc022,未知,b3a1fc5ec72ad95e258b584f936ad46befab951e0ee9e43eaa18179e34974387,无法判定,FILE_STAT_OBSERVED_IDENTITY_UNPROVEN,本批次只读；若声明、输入、Schema或授权漂移，既有结论自动失效并须追加新批次,未读取业务正文、价格、成交、订单簿、账户或凭据；身份字段不完整,为该成员提供当前版本九字段声明及逐字段Schema、授权和唯一证据定位后追加不可变批次,2d50c1344a835ceeb832796935182aeff80bb03cecc5465c8cf3aaccbd446acd,a23c4d44f41c2fc245b02db92b59200f4b443888bdb532b601a5934f5c808064,b735463aae33109342a7ba115be1b6f7bd18aa3b7d96d96ff93ec8f811d8e372
source-identity-declaration-20260808T051806+0800-dd1e3d74dca4,ZI-065c781df7752f8f461475e9,DS-000033,候选数据文件,ETH,4小时;8小时;24小时;48小时,15分钟;1小时,未知,未知,未知,未知,未知,未知,未知,未知,未知,未登记,无,config/数据/来源身份声明补采.json#身份声明[],b99035eb31437b822b0d8ed9b728e2fbb4b5cd8b8861010049ee43d74fc08647,6c383d50d95f4de8a57eed3f877bf95e02d1617101a25d532b17bf06f1520432,aaaa223c6f21891dd45561d9c42e7cbff0a7c4773594b6b9edb5e0098ff0b40e,未知,b3a1fc5ec72ad95e258b584f936ad46befab951e0ee9e43eaa18179e34974387,无法判定,FILE_STAT_OBSERVED_IDENTITY_UNPROVEN,本批次只读；若声明、输入、Schema或授权漂移，既有结论自动失效并须追加新批次,未读取业务正文、价格、成交、订单簿、账户或凭据；身份字段不完整,为该成员提供当前版本九字段声明及逐字段Schema、授权和唯一证据定位后追加不可变批次,2d50c1344a835ceeb832796935182aeff80bb03cecc5465c8cf3aaccbd446acd,a23c4d44f41c2fc245b02db92b59200f4b443888bdb532b601a5934f5c808064,fbfb904a7b8fbb709a75bbde729e5923702b8e9e11a74d465cbab55a1e4f0bc1
source-identity-declaration-20260808T051806+0800-dd1e3d74dca4,ZI-5d61fc5d919fc31f69eb6247,DS-000034,候选数据文件,ETH,4小时;8小时;24小时;48小时,15分钟;1小时,未知,未知,未知,未知,未知,未知,未知,未知,未知,未登记,无,config/数据/来源身份声明补采.json#身份声明[],b99035eb31437b822b0d8ed9b728e2fbb4b5cd8b8861010049ee43d74fc08647,620ec0b6af2da2ee08cf1e41e20fb6206dec2fe11c489115b4686ab4d470868b,a01637dd420036d7350e638e74f3446d7bb6eab8c381e617cb8a151b13d187e2,未知,b3a1fc5ec72ad95e258b584f936ad46befab951e0ee9e43eaa18179e34974387,无法判定,FILE_STAT_OBSERVED_IDENTITY_UNPROVEN,本批次只读；若声明、输入、Schema或授权漂移，既有结论自动失效并须追加新批次,未读取业务正文、价格、成交、订单簿、账户或凭据；身份字段不完整,为该成员提供当前版本九字段声明及逐字段Schema、授权和唯一证据定位后追加不可变批次,2d50c1344a835ceeb832796935182aeff80bb03cecc5465c8cf3aaccbd446acd,a23c4d44f41c2fc245b02db92b59200f4b443888bdb532b601a5934f5c808064,36198d1e2c8dc45f995445db5eade23efb2083da06f63b60711e342372eaa7d6
source-identity-declaration-20260808T051806+0800-dd1e3d74dca4,ZI-cc518c78335b4566ab3ba1b7,DS-000035,候选数据文件,ETH,4小时;8小时;24小时;48小时,15分钟;1小时,未知,未知,未知,未知,未知,未知,未知,未知,未知,未登记,无,config/数据/来源身份声明补采.json#身份声明[],b99035eb31437b822b0d8ed9b728e2fbb4b5cd8b8861010049ee43d74fc08647,c8052ba5f3ee15d405a6a41853edafb8cc7df932629aa95e77ecbbf0cf89d0c9,7eb455130bf984a8fcdb908e3cf4afcfe777dd54303cbefcfd031147206fbd8e,未知,b3a1fc5ec72ad95e258b584f936ad46befab951e0ee9e43eaa18179e34974387,无法判定,FILE_STAT_OBSERVED_IDENTITY_UNPROVEN,本批次只读；若声明、输入、Schema或授权漂移，既有结论自动失效并须追加新批次,未读取业务正文、价格、成交、订单簿、账户或凭据；身份字段不完整,为该成员提供当前版本九字段声明及逐字段Schema、授权和唯一证据定位后追加不可变批次,2d50c1344a835ceeb832796935182aeff80bb03cecc5465c8cf3aaccbd446acd,a23c4d44f41c2fc245b02db92b59200f4b443888bdb532b601a5934f5c808064,bcfeb101f4cdb1b155db814b66a28e9987ce5ac07ac8e5e00198ce0fb33041fd
source-identity-declaration-20260808T051806+0800-dd1e3d74dca4,ZI-8494e07bc3f0426de16a8b6d,DS-000036,候选数据文件,ETH,4小时;8小时;24小时;48小时,15分钟;1小时,未知,未知,未知,未知,未知,未知,未知,未知,未知,未登记,无,config/数据/来源身份声明补采.json#身份声明[],b99035eb31437b822b0d8ed9b728e2fbb4b5cd8b8861010049ee43d74fc08647,831dbef09d5e1df0dc41e48ab9504365e6e18a12807ca94e1c805c8181299249,c4f22a85750bb0304abb271618e0b591819a12749f5f1fc70594e81094ee0c66,未知,b3a1fc5ec72ad95e258b584f936ad46befab951e0ee9e43eaa18179e34974387,无法判定,FILE_STAT_OBSERVED_IDENTITY_UNPROVEN,本批次只读；若声明、输入、Schema或授权漂移，既有结论自动失效并须追加新批次,未读取业务正文、价格、成交、订单簿、账户或凭据；身份字段不完整,为该成员提供当前版本九字段声明及逐字段Schema、授权和唯一证据定位后追加不可变批次,2d50c1344a835ceeb832796935182aeff80bb03cecc5465c8cf3aaccbd446acd,a23c4d44f41c2fc245b02db92b59200f4b443888bdb532b601a5934f5c808064,10c20b5617c62eef25d8b195f7d8291ccccb671dd75c02356d5efdc25682c3b0
source-identity-declaration-20260808T051806+0800-dd1e3d74dca4,ZI-33fe8b0ddda1dd1d88720875,DS-000037,候选数据文件,ETH,4小时;8小时;24小时;48小时,15分钟;1小时,未知,未知,未知,未知,未知,未知,未知,未知,未知,未登记,无,config/数据/来源身份声明补采.json#身份声明[],b99035eb31437b822b0d8ed9b728e2fbb4b5cd8b8861010049ee43d74fc08647,c6a61887a923c5a8e4ba052c9fa91d7c255b03f4bcc5c28d53deafc5f40d8e2b,17626b9fd43c49af70347bca70733764ac11853c03bc46cf4079a555eebd20a4,未知,b3a1fc5ec72ad95e258b584f936ad46befab951e0ee9e43eaa18179e34974387,无法判定,FILE_STAT_OBSERVED_IDENTITY_UNPROVEN,本批次只读；若声明、输入、Schema或授权漂移，既有结论自动失效并须追加新批次,未读取业务正文、价格、成交、订单簿、账户或凭据；身份字段不完整,为该成员提供当前版本九字段声明及逐字段Schema、授权和唯一证据定位后追加不可变批次,2d50c1344a835ceeb832796935182aeff80bb03cecc5465c8cf3aaccbd446acd,a23c4d44f41c2fc245b02db92b59200f4b443888bdb532b601a5934f5c808064,7f964de4112e02aa4ad385daa60b731b2b149a08c122bfd198c0812a0f2c9ddc
source-identity-declaration-20260808T051806+0800-dd1e3d74dca4,ZI-165cfc2a30a597ce932c236b,DS-000038,候选数据文件,ETH,4小时;8小时;24小时;48小时,15分钟;1小时,未知,未知,未知,未知,未知,未知,未知,未知,未知,未登记,无,config/数据/来源身份声明补采.json#身份声明[],b99035eb31437b822b0d8ed9b728e2fbb4b5cd8b8861010049ee43d74fc08647,fa4631a27e1710a2adac5e18f14fba4d3ac7985b62a900a8a32921c0f616b5e6,559ad5a118a39b34f6f5214d20e9e851eddf34b0a4078ecef8416070fc140c2d,未知,b3a1fc5ec72ad95e258b584f936ad46befab951e0ee9e43eaa18179e34974387,无法判定,FILE_STAT_OBSERVED_IDENTITY_UNPROVEN,本批次只读；若声明、输入、Schema或授权漂移，既有结论自动失效并须追加新批次,未读取业务正文、价格、成交、订单簿、账户或凭据；身份字段不完整,为该成员提供当前版本九字段声明及逐字段Schema、授权和唯一证据定位后追加不可变批次,2d50c1344a835ceeb832796935182aeff80bb03cecc5465c8cf3aaccbd446acd,a23c4d44f41c2fc245b02db92b59200f4b443888bdb532b601a5934f5c808064,ac8ac3301768872421b5044ca5307b44f712c258e97a5714db5212560c3cac48
source-identity-declaration-20260808T051806+0800-dd1e3d74dca4,ZI-68e34c7b43bcb72873389cfb,DS-000039,候选数据文件,ETH,4小时;8小时;24小时;48小时,15分钟;1小时,未知,未知,未知,未知,未知,未知,未知,未知,未知,未登记,无,config/数据/来源身份声明补采.json#身份声明[],b99035eb31437b822b0d8ed9b728e2fbb4b5cd8b8861010049ee43d74fc08647,87a8b34d0a521a1b81b170b9eadc51933b3582c7ff859894e05f962bbaa7b31a,e8acbd649d723c9047cb103361a9631b834d7e8ad72442860661999aeb32eddc,未知,b3a1fc5ec72ad95e258b584f936ad46befab951e0ee9e43eaa18179e34974387,无法判定,FILE_STAT_OBSERVED_IDENTITY_UNPROVEN,本批次只读；若声明、输入、Schema或授权漂移，既有结论自动失效并须追加新批次,未读取业务正文、价格、成交、订单簿、账户或凭据；身份字段不完整,为该成员提供当前版本九字段声明及逐字段Schema、授权和唯一证据定位后追加不可变批次,2d50c1344a835ceeb832796935182aeff80bb03cecc5465c8cf3aaccbd446acd,a23c4d44f41c2fc245b02db92b59200f4b443888bdb532b601a5934f5c808064,b615dac90d016f8bba445c9a7ecfc5140844df2297676f6307be1ab44104cdc7
source-identity-declaration-20260808T051806+0800-dd1e3d74dca4,ZI-09c306558c21b551a473e8d3,DS-000040,候选数据文件,ETH,4小时;8小时;24小时;48小时,15分钟;1小时,未知,未知,未知,未知,未知,未知,未知,未知,未知,未登记,无,config/数据/来源身份声明补采.json#身份声明[],b99035eb31437b822b0d8ed9b728e2fbb4b5cd8b8861010049ee43d74fc08647,4790bac68af16a75efca855b27de95148a8f7d869a8eb4d8366de3015c759626,d4f4f0be34c615ad02899b56af3613910cdb752ce3004315c045c92c382d4567,未知,b3a1fc5ec72ad95e258b584f936ad46befab951e0ee9e43eaa18179e34974387,无法判定,FILE_STAT_OBSERVED_IDENTITY_UNPROVEN,本批次只读；若声明、输入、Schema或授权漂移，既有结论自动失效并须追加新批次,未读取业务正文、价格、成交、订单簿、账户或凭据；身份字段不完整,为该成员提供当前版本九字段声明及逐字段Schema、授权和唯一证据定位后追加不可变批次,2d50c1344a835ceeb832796935182aeff80bb03cecc5465c8cf3aaccbd446acd,a23c4d44f41c2fc245b02db92b59200f4b443888bdb532b601a5934f5c808064,2ef61a561a64bc3874fc09445dcaa5f3be25a88385277fa9d14fa9d73d0e7388
source-identity-declaration-20260808T051806+0800-dd1e3d74dca4,ZI-8a28b9cbda14361fea3e0d08,DS-000041,候选数据文件,ETH,4小时;8小时;24小时;48小时,15分钟;1小时,未知,未知,未知,未知,未知,未知,未知,未知,未知,未登记,无,config/数据/来源身份声明补采.json#身份声明[],b99035eb31437b822b0d8ed9b728e2fbb4b5cd8b8861010049ee43d74fc08647,286620d7066b28b8ed933077901ecb9ff8a5c8e40df6514ff7c3ba5ecac9abe8,6466d27c4cacb1b44340701a0f9953f1044a436672e0ab6b229502c56183e6df,未知,b3a1fc5ec72ad95e258b584f936ad46befab951e0ee9e43eaa18179e34974387,无法判定,FILE_STAT_OBSERVED_IDENTITY_UNPROVEN,本批次只读；若声明、输入、Schema或授权漂移，既有结论自动失效并须追加新批次,未读取业务正文、价格、成交、订单簿、账户或凭据；身份字段不完整,为该成员提供当前版本九字段声明及逐字段Schema、授权和唯一证据定位后追加不可变批次,2d50c1344a835ceeb832796935182aeff80bb03cecc5465c8cf3aaccbd446acd,a23c4d44f41c2fc245b02db92b59200f4b443888bdb532b601a5934f5c808064,2fde7144bf195d87794a849ba17de1de2b50e20e62a6a1f6f118783f5fbf6042
source-identity-declaration-20260808T051806+0800-dd1e3d74dca4,ZI-7c080a0c72e43d3f2e78e7f0,DS-000042,候选数据文件,ETH,4小时;8小时;24小时;48小时,15分钟;1小时,未知,未知,未知,未知,未知,未知,未知,未知,未知,未登记,无,config/数据/来源身份声明补采.json#身份声明[],b99035eb31437b822b0d8ed9b728e2fbb4b5cd8b8861010049ee43d74fc08647,9481f1a90753f8379ea69a4aa88f1289d5bb48cf515812dd34aca6a32ed0708f,5a5b0d58f6e34a58ddc18dd810ece30e36250221a82d0f308d3fd5aa1c139400,未知,b3a1fc5ec72ad95e258b584f936ad46befab951e0ee9e43eaa18179e34974387,拒绝,INPUT_MEMBER_REJECTED,本批次只读；若声明、输入、Schema或授权漂移，既有结论自动失效并须追加新批次,未读取业务正文、价格、成交、订单簿、账户或凭据；身份字段不完整,为该成员提供当前版本九字段声明及逐字段Schema、授权和唯一证据定位后追加不可变批次,2d50c1344a835ceeb832796935182aeff80bb03cecc5465c8cf3aaccbd446acd,a23c4d44f41c2fc245b02db92b59200f4b443888bdb532b601a5934f5c808064,689dfb5c0c91bb9e523c8b93efdb0ff8f342f95f46391ebd01c4d53572aa71a4
source-identity-declaration-20260808T051806+0800-dd1e3d74dca4,ZI-bd4b5404dcd732978b2b6d5b,DS-000043,候选数据文件,ETH,4小时;8小时;24小时;48小时,15分钟;1小时,未知,未知,未知,未知,未知,未知,未知,未知,未知,未登记,无,config/数据/来源身份声明补采.json#身份声明[],b99035eb31437b822b0d8ed9b728e2fbb4b5cd8b8861010049ee43d74fc08647,ab6e9c5b122b709541147d45af09142fa48c4c8a57e5fd6e14d93cbfe55942f2,f1af5c27aab013187cc6332f83885a31036557bb1cd4001d5390487a5f39e216,未知,b3a1fc5ec72ad95e258b584f936ad46befab951e0ee9e43eaa18179e34974387,无法判定,FILE_STAT_OBSERVED_IDENTITY_UNPROVEN,本批次只读；若声明、输入、Schema或授权漂移，既有结论自动失效并须追加新批次,未读取业务正文、价格、成交、订单簿、账户或凭据；身份字段不完整,为该成员提供当前版本九字段声明及逐字段Schema、授权和唯一证据定位后追加不可变批次,2d50c1344a835ceeb832796935182aeff80bb03cecc5465c8cf3aaccbd446acd,a23c4d44f41c2fc245b02db92b59200f4b443888bdb532b601a5934f5c808064,d81955fec7dfde51ddadc5489cc426bf14b6a93e4c8355188a86180308dc5579
source-identity-declaration-20260808T051806+0800-dd1e3d74dca4,ZI-28ce816b33b79c38ccfb22e7,DS-000044,候选数据文件,ETH,4小时;8小时;24小时;48小时,15分钟;1小时,未知,未知,未知,未知,未知,未知,未知,未知,未知,未登记,无,config/数据/来源身份声明补采.json#身份声明[],b99035eb31437b822b0d8ed9b728e2fbb4b5cd8b8861010049ee43d74fc08647,4b351da245a5729653e1e8695950bb4ec677aa15b29af4adcaea6d6c4773688a,5990fc9f777f3a08f3a03f46f067ee00ec5826ede9a27082c1a57ba0ccd0e345,未知,b3a1fc5ec72ad95e258b584f936ad46befab951e0ee9e43eaa18179e34974387,无法判定,FILE_STAT_OBSERVED_IDENTITY_UNPROVEN,本批次只读；若声明、输入、Schema或授权漂移，既有结论自动失效并须追加新批次,未读取业务正文、价格、成交、订单簿、账户或凭据；身份字段不完整,为该成员提供当前版本九字段声明及逐字段Schema、授权和唯一证据定位后追加不可变批次,2d50c1344a835ceeb832796935182aeff80bb03cecc5465c8cf3aaccbd446acd,a23c4d44f41c2fc245b02db92b59200f4b443888bdb532b601a5934f5c808064,ff199176b5bddf06e65fcb953f773753e73c6d033f4ce73bfe5e1e32295f59c5
source-identity-declaration-20260808T051806+0800-dd1e3d74dca4,ZI-9bbd7613dc89967112ed4afb,DS-000045,候选数据文件,ETH,4小时;8小时;24小时;48小时,15分钟;1小时,未知,未知,未知,未知,未知,未知,未知,未知,未知,未登记,无,config/数据/来源身份声明补采.json#身份声明[],b99035eb31437b822b0d8ed9b728e2fbb4b5cd8b8861010049ee43d74fc08647,7969b3cc256f4b649caaa29cb58c697653c15965c89907fd86f2e98016eff342,4a672bbf789d8418ab929419c221e3ea11a5d4886b4df96d1cc466617293a28c,未知,b3a1fc5ec72ad95e258b584f936ad46befab951e0ee9e43eaa18179e34974387,无法判定,FILE_STAT_OBSERVED_IDENTITY_UNPROVEN,本批次只读；若声明、输入、Schema或授权漂移，既有结论自动失效并须追加新批次,未读取业务正文、价格、成交、订单簿、账户或凭据；身份字段不完整,为该成员提供当前版本九字段声明及逐字段Schema、授权和唯一证据定位后追加不可变批次,2d50c1344a835ceeb832796935182aeff80bb03cecc5465c8cf3aaccbd446acd,a23c4d44f41c2fc245b02db92b59200f4b443888bdb532b601a5934f5c808064,f6af4109dc6593d0fd10daba3d6c9d888cdf527cd179a446ccfd6faabd45804a
source-identity-declaration-20260808T051806+0800-dd1e3d74dca4,ZI-1a42e8b6c1eb0f32fd83f0db,DS-000046,候选数据文件,ETH,4小时;8小时;24小时;48小时,15分钟;1小时,未知,未知,未知,未知,未知,未知,未知,未知,未知,未登记,无,config/数据/来源身份声明补采.json#身份声明[],b99035eb31437b822b0d8ed9b728e2fbb4b5cd8b8861010049ee43d74fc08647,d2c16595af2ff812b9699afbac5821cee73e4c3f6842fa3a5a109853626e6c4d,4d70a250b389eb733f5144e8845ac7cf47b4af915a0ae8ca11265a6e2d4d066f,未知,b3a1fc5ec72ad95e258b584f936ad46befab951e0ee9e43eaa18179e34974387,无法判定,FILE_STAT_OBSERVED_IDENTITY_UNPROVEN,本批次只读；若声明、输入、Schema或授权漂移，既有结论自动失效并须追加新批次,未读取业务正文、价格、成交、订单簿、账户或凭据；身份字段不完整,为该成员提供当前版本九字段声明及逐字段Schema、授权和唯一证据定位后追加不可变批次,2d50c1344a835ceeb832796935182aeff80bb03cecc5465c8cf3aaccbd446acd,a23c4d44f41c2fc245b02db92b59200f4b443888bdb532b601a5934f5c808064,d5fd13fe28d616faedfc4316ab668977c3af672dceacf7d1dbf167ad4aa1bc3d
source-identity-declaration-20260808T051806+0800-dd1e3d74dca4,ZI-9af7501cfbf2c81be74cc00a,DS-000047,候选数据文件,ETH,4小时;8小时;24小时;48小时,15分钟;1小时,未知,未知,未知,未知,未知,未知,未知,未知,未知,未登记,无,config/数据/来源身份声明补采.json#身份声明[],b99035eb31437b822b0d8ed9b728e2fbb4b5cd8b8861010049ee43d74fc08647,bef8b79e0bee8d3d15ff6d609fb35f08d45972b26fe4f024fbeee00416ef25a9,46b1a39ec8b38aa5a4c52cda15baa63de901bc1a6ec17e421876bd8aa4e7b6c9,未知,b3a1fc5ec72ad95e258b584f936ad46befab951e0ee9e43eaa18179e34974387,无法判定,FILE_STAT_OBSERVED_IDENTITY_UNPROVEN,本批次只读；若声明、输入、Schema或授权漂移，既有结论自动失效并须追加新批次,未读取业务正文、价格、成交、订单簿、账户或凭据；身份字段不完整,为该成员提供当前版本九字段声明及逐字段Schema、授权和唯一证据定位后追加不可变批次,2d50c1344a835ceeb832796935182aeff80bb03cecc5465c8cf3aaccbd446acd,a23c4d44f41c2fc245b02db92b59200f4b443888bdb532b601a5934f5c808064,f72f5881ea8ad929a0245d2dc50769774fb2e6c924c9f5245e3ebf434f804f6e
source-identity-declaration-20260808T051806+0800-dd1e3d74dca4,ZI-e630e48726c8833e33f1b77b,DS-000048,候选数据文件,ETH,4小时;8小时;24小时;48小时,15分钟;1小时,未知,未知,未知,未知,未知,未知,未知,未知,未知,未登记,无,config/数据/来源身份声明补采.json#身份声明[],b99035eb31437b822b0d8ed9b728e2fbb4b5cd8b8861010049ee43d74fc08647,27c0d7523fd027e4594aaaebc9fd2b4c9853db367233c9469ddddb6909841121,b130c943a71f5e8f7eeda223021569da1e0b67b02216504de601bda39a375860,未知,b3a1fc5ec72ad95e258b584f936ad46befab951e0ee9e43eaa18179e34974387,无法判定,FILE_STAT_OBSERVED_IDENTITY_UNPROVEN,本批次只读；若声明、输入、Schema或授权漂移，既有结论自动失效并须追加新批次,未读取业务正文、价格、成交、订单簿、账户或凭据；身份字段不完整,为该成员提供当前版本九字段声明及逐字段Schema、授权和唯一证据定位后追加不可变批次,2d50c1344a835ceeb832796935182aeff80bb03cecc5465c8cf3aaccbd446acd,a23c4d44f41c2fc245b02db92b59200f4b443888bdb532b601a5934f5c808064,e4642ebd70d2f5932a167e044a25ed64411d5acb418bc3d3af8fcf15a624b40e
source-identity-declaration-20260808T051806+0800-dd1e3d74dca4,ZI-f2615789012d4d55f670c11d,DS-000049,候选数据文件,ETH,4小时;8小时;24小时;48小时,15分钟;1小时,未知,未知,未知,未知,未知,未知,未知,未知,未知,未登记,无,config/数据/来源身份声明补采.json#身份声明[],b99035eb31437b822b0d8ed9b728e2fbb4b5cd8b8861010049ee43d74fc08647,4fe0f84c8d96411a88be702c038c1a07e59990872b4f40ea4c994bc83ed839a3,cbec9eccd0ff91df26387ee379b364634312b6b2bc4a236cda20de94fceda7c7,未知,b3a1fc5ec72ad95e258b584f936ad46befab951e0ee9e43eaa18179e34974387,无法判定,FILE_STAT_OBSERVED_IDENTITY_UNPROVEN,本批次只读；若声明、输入、Schema或授权漂移，既有结论自动失效并须追加新批次,未读取业务正文、价格、成交、订单簿、账户或凭据；身份字段不完整,为该成员提供当前版本九字段声明及逐字段Schema、授权和唯一证据定位后追加不可变批次,2d50c1344a835ceeb832796935182aeff80bb03cecc5465c8cf3aaccbd446acd,a23c4d44f41c2fc245b02db92b59200f4b443888bdb532b601a5934f5c808064,f100e103428c0cb091cbaa064733f59598f2053949e471669c9162029608f111
source-identity-declaration-20260808T051806+0800-dd1e3d74dca4,ZI-3877c0fbfe23b34834d8eadb,DS-000050,候选数据文件,ETH,4小时;8小时;24小时;48小时,15分钟;1小时,未知,未知,未知,未知,未知,未知,未知,未知,未知,未登记,无,config/数据/来源身份声明补采.json#身份声明[],b99035eb31437b822b0d8ed9b728e2fbb4b5cd8b8861010049ee43d74fc08647,dbba04adf9e0ed6082031b7d3b413eec7ec31a70b2e28e729c73ec97d3a920c4,e15aa3f757d94453fbbb03dbdafb0ada84fa6a63d3e852250fccf88237d587b9,未知,b3a1fc5ec72ad95e258b584f936ad46befab951e0ee9e43eaa18179e34974387,无法判定,FILE_STAT_OBSERVED_IDENTITY_UNPROVEN,本批次只读；若声明、输入、Schema或授权漂移，既有结论自动失效并须追加新批次,未读取业务正文、价格、成交、订单簿、账户或凭据；身份字段不完整,为该成员提供当前版本九字段声明及逐字段Schema、授权和唯一证据定位后追加不可变批次,2d50c1344a835ceeb832796935182aeff80bb03cecc5465c8cf3aaccbd446acd,a23c4d44f41c2fc245b02db92b59200f4b443888bdb532b601a5934f5c808064,d6d00abb1b51df0d762c96c9559a286b6a39ec0cdf971bd66e80968156cf19b2
source-identity-declaration-20260808T051806+0800-dd1e3d74dca4,ZI-f00603909f873d076d99eb9e,DS-000051,候选数据文件,ETH,4小时;8小时;24小时;48小时,15分钟;1小时,未知,未知,未知,未知,未知,未知,未知,未知,未知,未登记,无,config/数据/来源身份声明补采.json#身份声明[],b99035eb31437b822b0d8ed9b728e2fbb4b5cd8b8861010049ee43d74fc08647,a7632909fefcd410f99ea46b0ca9e8c6c0a75f845b8499b8f0e2a6438275e2d2,47720c6b67b3bfe9b9aa4e696ff944726ae1eb7706b3766b52f7b8463eb618e4,未知,b3a1fc5ec72ad95e258b584f936ad46befab951e0ee9e43eaa18179e34974387,无法判定,FILE_STAT_OBSERVED_IDENTITY_UNPROVEN,本批次只读；若声明、输入、Schema或授权漂移，既有结论自动失效并须追加新批次,未读取业务正文、价格、成交、订单簿、账户或凭据；身份字段不完整,为该成员提供当前版本九字段声明及逐字段Schema、授权和唯一证据定位后追加不可变批次,2d50c1344a835ceeb832796935182aeff80bb03cecc5465c8cf3aaccbd446acd,a23c4d44f41c2fc245b02db92b59200f4b443888bdb532b601a5934f5c808064,8dc2455b0f3c1df2055f0a6a6b9361ae5344cb5434998faa09e7daae9e41336b
source-identity-declaration-20260808T051806+0800-dd1e3d74dca4,ZI-e5632d1560b416fda6b4ca83,DS-000052,候选数据文件,ETH,4小时;8小时;24小时;48小时,15分钟;1小时,未知,未知,未知,未知,未知,未知,未知,未知,未知,未登记,无,config/数据/来源身份声明补采.json#身份声明[],b99035eb31437b822b0d8ed9b728e2fbb4b5cd8b8861010049ee43d74fc08647,04143c6927d1275ecc2e6a7ad519ea36c53154683aee2d5e619e273dfbd2c3a5,cd7c6b01d898b9462f4f3346ebb39e1b25ec39b8f5628981628c8786641cd225,未知,b3a1fc5ec72ad95e258b584f936ad46befab951e0ee9e43eaa18179e34974387,无法判定,FILE_STAT_OBSERVED_IDENTITY_UNPROVEN,本批次只读；若声明、输入、Schema或授权漂移，既有结论自动失效并须追加新批次,未读取业务正文、价格、成交、订单簿、账户或凭据；身份字段不完整,为该成员提供当前版本九字段声明及逐字段Schema、授权和唯一证据定位后追加不可变批次,2d50c1344a835ceeb832796935182aeff80bb03cecc5465c8cf3aaccbd446acd,a23c4d44f41c2fc245b02db92b59200f4b443888bdb532b601a5934f5c808064,06cf8380369b3ca9252bc6ea01e42632b0b6d26c38af2164af72e5446670f9e1
source-identity-declaration-20260808T051806+0800-dd1e3d74dca4,ZI-36613e8a21711c7f665cdceb,DS-000053,候选数据文件,ETH,4小时;8小时;24小时;48小时,15分钟;1小时,未知,未知,未知,未知,未知,未知,未知,未知,未知,未登记,无,config/数据/来源身份声明补采.json#身份声明[],b99035eb31437b822b0d8ed9b728e2fbb4b5cd8b8861010049ee43d74fc08647,727c4cd15bbd1028cdcf0542f546b79bdf0b6cf5848a5c9875880c0c1d118d34,9b62144dbc2b5b3f18e34c440a441032ef7e0d4e059dbd6d62c5d13f9a0927b9,未知,b3a1fc5ec72ad95e258b584f936ad46befab951e0ee9e43eaa18179e34974387,无法判定,FILE_STAT_OBSERVED_IDENTITY_UNPROVEN,本批次只读；若声明、输入、Schema或授权漂移，既有结论自动失效并须追加新批次,未读取业务正文、价格、成交、订单簿、账户或凭据；身份字段不完整,为该成员提供当前版本九字段声明及逐字段Schema、授权和唯一证据定位后追加不可变批次,2d50c1344a835ceeb832796935182aeff80bb03cecc5465c8cf3aaccbd446acd,a23c4d44f41c2fc245b02db92b59200f4b443888bdb532b601a5934f5c808064,8b27383b4107394434e59e35d3a694863bf054c5590fba564fa5dee8cd5d11bc
source-identity-declaration-20260808T051806+0800-dd1e3d74dca4,ZI-f4c629efd5d8316c21f8c678,DS-000054,候选数据文件,ETH,4小时;8小时;24小时;48小时,15分钟;1小时,未知,未知,未知,未知,未知,未知,未知,未知,未知,未登记,无,config/数据/来源身份声明补采.json#身份声明[],b99035eb31437b822b0d8ed9b728e2fbb4b5cd8b8861010049ee43d74fc08647,4eca34b92987b0f4628fe992c99d93e94d8dda2644da3ff72acf419a06dd10dc,bf4db291e24ce003a29e8b49a1bf8ee1ae69eab1811226ac1b31e92813a61408,未知,b3a1fc5ec72ad95e258b584f936ad46befab951e0ee9e43eaa18179e34974387,无法判定,FILE_STAT_OBSERVED_IDENTITY_UNPROVEN,本批次只读；若声明、输入、Schema或授权漂移，既有结论自动失效并须追加新批次,未读取业务正文、价格、成交、订单簿、账户或凭据；身份字段不完整,为该成员提供当前版本九字段声明及逐字段Schema、授权和唯一证据定位后追加不可变批次,2d50c1344a835ceeb832796935182aeff80bb03cecc5465c8cf3aaccbd446acd,a23c4d44f41c2fc245b02db92b59200f4b443888bdb532b601a5934f5c808064,5d50b865ddd0dd984ede1459d9fe2b17bae6f514c7e43834277d5f164873eaac
source-identity-declaration-20260808T051806+0800-dd1e3d74dca4,ZI-e4634a748fc7b2b6cc02f3e9,DS-000055,候选数据文件,ETH,4小时;8小时;24小时;48小时,15分钟;1小时,未知,未知,未知,未知,未知,未知,未知,未知,未知,未登记,无,config/数据/来源身份声明补采.json#身份声明[],b99035eb31437b822b0d8ed9b728e2fbb4b5cd8b8861010049ee43d74fc08647,d7a56bb2b3f2d1353ae1bdb490dd50f66b9a721e38cbd5d20c71732b5afae1f2,df27138421e3a2345115444ed48245433486494c8dd1a65fbc0e56d46527c892,未知,b3a1fc5ec72ad95e258b584f936ad46befab951e0ee9e43eaa18179e34974387,无法判定,FILE_STAT_OBSERVED_IDENTITY_UNPROVEN,本批次只读；若声明、输入、Schema或授权漂移，既有结论自动失效并须追加新批次,未读取业务正文、价格、成交、订单簿、账户或凭据；身份字段不完整,为该成员提供当前版本九字段声明及逐字段Schema、授权和唯一证据定位后追加不可变批次,2d50c1344a835ceeb832796935182aeff80bb03cecc5465c8cf3aaccbd446acd,a23c4d44f41c2fc245b02db92b59200f4b443888bdb532b601a5934f5c808064,dedcc98e53ceaaeb6adabed16588aca8cae526deddddb783db0ecc792b72b209
source-identity-declaration-20260808T051806+0800-dd1e3d74dca4,ZI-125d0435a6188786951e37bd,DS-000056,候选数据文件,ETH,4小时;8小时;24小时;48小时,15分钟;1小时,未知,未知,未知,未知,未知,未知,未知,未知,未知,未登记,无,config/数据/来源身份声明补采.json#身份声明[],b99035eb31437b822b0d8ed9b728e2fbb4b5cd8b8861010049ee43d74fc08647,664065d8bcbfde6ce83948e226f424c3f8c73c2aa7a808c48ca3483bbcfdd2d2,9f6e9e7cd3d9267eb45db30dff92330cb57c087ee00809fe19c775f72c394d14,未知,b3a1fc5ec72ad95e258b584f936ad46befab951e0ee9e43eaa18179e34974387,无法判定,FILE_STAT_OBSERVED_IDENTITY_UNPROVEN,本批次只读；若声明、输入、Schema或授权漂移，既有结论自动失效并须追加新批次,未读取业务正文、价格、成交、订单簿、账户或凭据；身份字段不完整,为该成员提供当前版本九字段声明及逐字段Schema、授权和唯一证据定位后追加不可变批次,2d50c1344a835ceeb832796935182aeff80bb03cecc5465c8cf3aaccbd446acd,a23c4d44f41c2fc245b02db92b59200f4b443888bdb532b601a5934f5c808064,adae08f19df491cd08e47ead4c7befe1f3baa36894bc055c4c774b5c310df0f2
source-identity-declaration-20260808T051806+0800-dd1e3d74dca4,ZI-6ac98ad98d740090a661a47d,DS-000057,候选数据文件,ETH,4小时;8小时;24小时;48小时,15分钟;1小时,未知,未知,未知,未知,未知,未知,未知,未知,未知,未登记,无,config/数据/来源身份声明补采.json#身份声明[],b99035eb31437b822b0d8ed9b728e2fbb4b5cd8b8861010049ee43d74fc08647,ae21fda5c0653f332e55a07d8845e164909d455385ec75880755b67592ab6e08,f1c65e289e7ab884b423d6b5ae24ba9ed0fdfe199fecae78e66d80c06d5673a1,未知,b3a1fc5ec72ad95e258b584f936ad46befab951e0ee9e43eaa18179e34974387,无法判定,FILE_STAT_OBSERVED_IDENTITY_UNPROVEN,本批次只读；若声明、输入、Schema或授权漂移，既有结论自动失效并须追加新批次,未读取业务正文、价格、成交、订单簿、账户或凭据；身份字段不完整,为该成员提供当前版本九字段声明及逐字段Schema、授权和唯一证据定位后追加不可变批次,2d50c1344a835ceeb832796935182aeff80bb03cecc5465c8cf3aaccbd446acd,a23c4d44f41c2fc245b02db92b59200f4b443888bdb532b601a5934f5c808064,c441d226190f429902ddb5925ccd4b414a0dcfe93d07fafe2fabe32cc3dbf4dc
source-identity-declaration-20260808T051806+0800-dd1e3d74dca4,ZI-d09b0bb4a95fd5e64f650483,DS-000058,候选数据文件,ETH,4小时;8小时;24小时;48小时,15分钟;1小时,未知,未知,未知,未知,未知,未知,未知,未知,未知,未登记,无,config/数据/来源身份声明补采.json#身份声明[],b99035eb31437b822b0d8ed9b728e2fbb4b5cd8b8861010049ee43d74fc08647,c660829578896811167b8d845c14d303efa2e3f8b50e904d73e411784995991a,f882f850239191016d3502bd7499952230046fff74428985aabf221d9ff6c12e,未知,b3a1fc5ec72ad95e258b584f936ad46befab951e0ee9e43eaa18179e34974387,无法判定,FILE_STAT_OBSERVED_IDENTITY_UNPROVEN,本批次只读；若声明、输入、Schema或授权漂移，既有结论自动失效并须追加新批次,未读取业务正文、价格、成交、订单簿、账户或凭据；身份字段不完整,为该成员提供当前版本九字段声明及逐字段Schema、授权和唯一证据定位后追加不可变批次,2d50c1344a835ceeb832796935182aeff80bb03cecc5465c8cf3aaccbd446acd,a23c4d44f41c2fc245b02db92b59200f4b443888bdb532b601a5934f5c808064,9c70adbc67aeab2e4c64b04b79707048c869068b26c06fc694e08c77cb737b2a
source-identity-declaration-20260808T051806+0800-dd1e3d74dca4,ZI-167d01818b56710ddbafb446,DS-000059,候选数据文件,ETH,4小时;8小时;24小时;48小时,15分钟;1小时,未知,未知,未知,未知,未知,未知,未知,未知,未知,未登记,无,config/数据/来源身份声明补采.json#身份声明[],b99035eb31437b822b0d8ed9b728e2fbb4b5cd8b8861010049ee43d74fc08647,6ab67b288358b14fec04f0192375baa6f051a76cf8cbe96f4f6da90007923591,651365605a3eeecc7b84153ab291e031b5e5a0da9eeed4d927f115422ae1bcf5,未知,b3a1fc5ec72ad95e258b584f936ad46befab951e0ee9e43eaa18179e34974387,无法判定,FILE_STAT_OBSERVED_IDENTITY_UNPROVEN,本批次只读；若声明、输入、Schema或授权漂移，既有结论自动失效并须追加新批次,未读取业务正文、价格、成交、订单簿、账户或凭据；身份字段不完整,为该成员提供当前版本九字段声明及逐字段Schema、授权和唯一证据定位后追加不可变批次,2d50c1344a835ceeb832796935182aeff80bb03cecc5465c8cf3aaccbd446acd,a23c4d44f41c2fc245b02db92b59200f4b443888bdb532b601a5934f5c808064,5f448ca8c51fbd90df0e9fa6ca1e7fe2226ca325d545d82e10645e37d56bfef9
source-identity-declaration-20260808T051806+0800-dd1e3d74dca4,ZI-3d63384c465a5614a4b1b48e,DS-000060,候选数据文件,ETH,4小时;8小时;24小时;48小时,15分钟;1小时,未知,未知,未知,未知,未知,未知,未知,未知,未知,未登记,无,config/数据/来源身份声明补采.json#身份声明[],b99035eb31437b822b0d8ed9b728e2fbb4b5cd8b8861010049ee43d74fc08647,adf7fdba5eb0d647d00287e9447a608eb8c49dc7152886e47ac7594111d44ddd,12c351038dc469e958fe4100d546c89d5d63a0eb2f8e198c1775b1975c890a4a,未知,b3a1fc5ec72ad95e258b584f936ad46befab951e0ee9e43eaa18179e34974387,无法判定,FILE_STAT_OBSERVED_IDENTITY_UNPROVEN,本批次只读；若声明、输入、Schema或授权漂移，既有结论自动失效并须追加新批次,未读取业务正文、价格、成交、订单簿、账户或凭据；身份字段不完整,为该成员提供当前版本九字段声明及逐字段Schema、授权和唯一证据定位后追加不可变批次,2d50c1344a835ceeb832796935182aeff80bb03cecc5465c8cf3aaccbd446acd,a23c4d44f41c2fc245b02db92b59200f4b443888bdb532b601a5934f5c808064,141853790b496882388510c1f5fa12e2df15e46d46717b66dc24da585aae3194
source-identity-declaration-20260808T051806+0800-dd1e3d74dca4,ZI-8d3158324830bcdf98c9179e,DS-000061,候选数据文件,ETH,4小时;8小时;24小时;48小时,15分钟;1小时,未知,未知,未知,未知,未知,未知,未知,未知,未知,未登记,无,config/数据/来源身份声明补采.json#身份声明[],b99035eb31437b822b0d8ed9b728e2fbb4b5cd8b8861010049ee43d74fc08647,3a5d875afbc06a8c4e2c1bfabdef47e60bab08f23564741f433dc66b18ada1f9,8a9ab8deaabae43a111b9a2b5357e0ea3cb35d73eafade080a2863a7233c89ea,未知,b3a1fc5ec72ad95e258b584f936ad46befab951e0ee9e43eaa18179e34974387,无法判定,FILE_STAT_OBSERVED_IDENTITY_UNPROVEN,本批次只读；若声明、输入、Schema或授权漂移，既有结论自动失效并须追加新批次,未读取业务正文、价格、成交、订单簿、账户或凭据；身份字段不完整,为该成员提供当前版本九字段声明及逐字段Schema、授权和唯一证据定位后追加不可变批次,2d50c1344a835ceeb832796935182aeff80bb03cecc5465c8cf3aaccbd446acd,a23c4d44f41c2fc245b02db92b59200f4b443888bdb532b601a5934f5c808064,9bf817576620ebc3c4f23492fcaf05620348b52b09ec43901985c3f2f8e2fc99
source-identity-declaration-20260808T051806+0800-dd1e3d74dca4,ZI-14f914d1a3448c90648032d9,DS-000062,候选数据文件,ETH,4小时;8小时;24小时;48小时,15分钟;1小时,未知,未知,未知,未知,未知,未知,未知,未知,未知,未登记,无,config/数据/来源身份声明补采.json#身份声明[],b99035eb31437b822b0d8ed9b728e2fbb4b5cd8b8861010049ee43d74fc08647,5710a895d201ba1fbc94beb00d9e2422377065f1fd515e16b50be19199c8a5ec,4aaea957203bce27943d23d9579770bc8aa08256bce1cc1826a27b2c2036a581,未知,b3a1fc5ec72ad95e258b584f936ad46befab951e0ee9e43eaa18179e34974387,无法判定,FILE_STAT_OBSERVED_IDENTITY_UNPROVEN,本批次只读；若声明、输入、Schema或授权漂移，既有结论自动失效并须追加新批次,未读取业务正文、价格、成交、订单簿、账户或凭据；身份字段不完整,为该成员提供当前版本九字段声明及逐字段Schema、授权和唯一证据定位后追加不可变批次,2d50c1344a835ceeb832796935182aeff80bb03cecc5465c8cf3aaccbd446acd,a23c4d44f41c2fc245b02db92b59200f4b443888bdb532b601a5934f5c808064,3150a76c8bbb928813af4050b7dea56f167b8546f4740e8c833b30aaef97380f
source-identity-declaration-20260808T051806+0800-dd1e3d74dca4,ZI-f5bddcb87511d45ac7c5987a,DS-000063,候选数据文件,ETH,4小时;8小时;24小时;48小时,15分钟;1小时,未知,未知,未知,未知,未知,未知,未知,未知,未知,未登记,无,config/数据/来源身份声明补采.json#身份声明[],b99035eb31437b822b0d8ed9b728e2fbb4b5cd8b8861010049ee43d74fc08647,26a4dec78e9ebed059e05fe413141f5a5cc7f1dfcb2dd638b319e4006f4ae6b7,5c1cf040b1f2cad7e44808ba948ec78a0f4f306cac1d8458eba84fa3d88e9b6b,未知,b3a1fc5ec72ad95e258b584f936ad46befab951e0ee9e43eaa18179e34974387,无法判定,FILE_STAT_OBSERVED_IDENTITY_UNPROVEN,本批次只读；若声明、输入、Schema或授权漂移，既有结论自动失效并须追加新批次,未读取业务正文、价格、成交、订单簿、账户或凭据；身份字段不完整,为该成员提供当前版本九字段声明及逐字段Schema、授权和唯一证据定位后追加不可变批次,2d50c1344a835ceeb832796935182aeff80bb03cecc5465c8cf3aaccbd446acd,a23c4d44f41c2fc245b02db92b59200f4b443888bdb532b601a5934f5c808064,05dcc2e7251b404d1846c4acf14f772246cfd84f28e3d6e52c8546e171d9c331
source-identity-declaration-20260808T051806+0800-dd1e3d74dca4,ZI-fd3d75813aed695a0688a269,DS-000064,候选数据文件,ETH,4小时;8小时;24小时;48小时,15分钟;1小时,未知,未知,未知,未知,未知,未知,未知,未知,未知,未登记,无,config/数据/来源身份声明补采.json#身份声明[],b99035eb31437b822b0d8ed9b728e2fbb4b5cd8b8861010049ee43d74fc08647,f1f6b00f8921b2167b1f004ba0cb0abd4ef1f7fa7f4123aa449bed5a319e5b47,975b0d7f3e49e42e2ecb879a4d0560bc4e1d7306bfcdd58dae2ea078299254b7,未知,b3a1fc5ec72ad95e258b584f936ad46befab951e0ee9e43eaa18179e34974387,无法判定,FILE_STAT_OBSERVED_IDENTITY_UNPROVEN,本批次只读；若声明、输入、Schema或授权漂移，既有结论自动失效并须追加新批次,未读取业务正文、价格、成交、订单簿、账户或凭据；身份字段不完整,为该成员提供当前版本九字段声明及逐字段Schema、授权和唯一证据定位后追加不可变批次,2d50c1344a835ceeb832796935182aeff80bb03cecc5465c8cf3aaccbd446acd,a23c4d44f41c2fc245b02db92b59200f4b443888bdb532b601a5934f5c808064,b744f4006d174b8418af97dd9fcfe0600f255264fb0e6c739eea28b31c8415b7
source-identity-declaration-20260808T051806+0800-dd1e3d74dca4,ZI-6d753e7102fc438113a8a225,DS-000065,候选数据文件,ETH,4小时;8小时;24小时;48小时,15分钟;1小时,未知,未知,未知,未知,未知,未知,未知,未知,未知,未登记,无,config/数据/来源身份声明补采.json#身份声明[],b99035eb31437b822b0d8ed9b728e2fbb4b5cd8b8861010049ee43d74fc08647,eab3d84b522308f2ae60c693e4d4eaa4a5821cd91eba8b0d32793da5476732a3,5ced6eac771c906b451a359360e493fc08647e63e8371e0d892fef33c893c5b2,未知,b3a1fc5ec72ad95e258b584f936ad46befab951e0ee9e43eaa18179e34974387,无法判定,FILE_STAT_OBSERVED_IDENTITY_UNPROVEN,本批次只读；若声明、输入、Schema或授权漂移，既有结论自动失效并须追加新批次,未读取业务正文、价格、成交、订单簿、账户或凭据；身份字段不完整,为该成员提供当前版本九字段声明及逐字段Schema、授权和唯一证据定位后追加不可变批次,2d50c1344a835ceeb832796935182aeff80bb03cecc5465c8cf3aaccbd446acd,a23c4d44f41c2fc245b02db92b59200f4b443888bdb532b601a5934f5c808064,70525fecd1b82a2ec0465a697a82d634e730e7a346b6c62a6586ae1afe25e003
source-identity-declaration-20260808T051806+0800-dd1e3d74dca4,ZI-cdc9825ab05b1fb6098704fa,DS-000066,候选数据文件,ETH,4小时;8小时;24小时;48小时,15分钟;1小时,未知,未知,未知,未知,未知,未知,未知,未知,未知,未登记,无,config/数据/来源身份声明补采.json#身份声明[],b99035eb31437b822b0d8ed9b728e2fbb4b5cd8b8861010049ee43d74fc08647,b4c1118b099f8af0e0124bcd8ab32c7080e4c77c9db562d06a2ddfb0aaef470f,49627c89939cf1eb48174bba004dd948506e0e9dd8acadbaefa3f59ae850ff66,未知,b3a1fc5ec72ad95e258b584f936ad46befab951e0ee9e43eaa18179e34974387,无法判定,FILE_STAT_OBSERVED_IDENTITY_UNPROVEN,本批次只读；若声明、输入、Schema或授权漂移，既有结论自动失效并须追加新批次,未读取业务正文、价格、成交、订单簿、账户或凭据；身份字段不完整,为该成员提供当前版本九字段声明及逐字段Schema、授权和唯一证据定位后追加不可变批次,2d50c1344a835ceeb832796935182aeff80bb03cecc5465c8cf3aaccbd446acd,a23c4d44f41c2fc245b02db92b59200f4b443888bdb532b601a5934f5c808064,e5f55a1da02a5c633c8a9b543d7f1653e51847ecd212d868293cc1f4d8f53ebc
source-identity-declaration-20260808T051806+0800-dd1e3d74dca4,ZI-debdc43209a47ad26d2b1bd3,DS-000067,候选数据文件,ETH,4小时;8小时;24小时;48小时,15分钟;1小时,未知,未知,未知,未知,未知,未知,未知,未知,未知,未登记,无,config/数据/来源身份声明补采.json#身份声明[],b99035eb31437b822b0d8ed9b728e2fbb4b5cd8b8861010049ee43d74fc08647,0aacf650e5c210dc3a2f861d8ec121819cbf065be98ebffdaefac4f009fe321b,23b9038a85ed14a2a54b16059f5894baa282799241d5f16565a7ac1f5285bc89,未知,b3a1fc5ec72ad95e258b584f936ad46befab951e0ee9e43eaa18179e34974387,无法判定,FILE_STAT_OBSERVED_IDENTITY_UNPROVEN,本批次只读；若声明、输入、Schema或授权漂移，既有结论自动失效并须追加新批次,未读取业务正文、价格、成交、订单簿、账户或凭据；身份字段不完整,为该成员提供当前版本九字段声明及逐字段Schema、授权和唯一证据定位后追加不可变批次,2d50c1344a835ceeb832796935182aeff80bb03cecc5465c8cf3aaccbd446acd,a23c4d44f41c2fc245b02db92b59200f4b443888bdb532b601a5934f5c808064,a49b8ddb4d7a756f6bae4458435054bbf0951c2995fd0365af27029561181d35
source-identity-declaration-20260808T051806+0800-dd1e3d74dca4,ZI-7d00e7e8b9a85ec6bb065156,DS-000068,候选数据文件,ETH,4小时;8小时;24小时;48小时,15分钟;1小时,未知,未知,未知,未知,未知,未知,未知,未知,未知,未登记,无,config/数据/来源身份声明补采.json#身份声明[],b99035eb31437b822b0d8ed9b728e2fbb4b5cd8b8861010049ee43d74fc08647,db30c154a1919ffb0c2c0e6029d2f69014247f83417003c9f872c26cf0a21977,77f7447a7e0aa38f0d517728fdaabe180eef0cb7550aaa9ffa57596bca31fdab,未知,b3a1fc5ec72ad95e258b584f936ad46befab951e0ee9e43eaa18179e34974387,无法判定,FILE_STAT_OBSERVED_IDENTITY_UNPROVEN,本批次只读；若声明、输入、Schema或授权漂移，既有结论自动失效并须追加新批次,未读取业务正文、价格、成交、订单簿、账户或凭据；身份字段不完整,为该成员提供当前版本九字段声明及逐字段Schema、授权和唯一证据定位后追加不可变批次,2d50c1344a835ceeb832796935182aeff80bb03cecc5465c8cf3aaccbd446acd,a23c4d44f41c2fc245b02db92b59200f4b443888bdb532b601a5934f5c808064,0558cf06ca1e831f53c137d4adc9fd383edc059cff3b355819ed5282a7916670
source-identity-declaration-20260808T051806+0800-dd1e3d74dca4,ZI-130612ec6f518786293a81bb,DS-000069,候选数据文件,ETH,4小时;8小时;24小时;48小时,15分钟;1小时,未知,未知,未知,未知,未知,未知,未知,未知,未知,未登记,无,config/数据/来源身份声明补采.json#身份声明[],b99035eb31437b822b0d8ed9b728e2fbb4b5cd8b8861010049ee43d74fc08647,94ab5dc58dcd90b5be0cd9c24412f3966fe4b99eb33d8a5f3620a6854ac8143e,b045ee151128a0e814864af57377feb4ccfe9e9357117747cf18850b84ba6244,未知,b3a1fc5ec72ad95e258b584f936ad46befab951e0ee9e43eaa18179e34974387,无法判定,FILE_STAT_OBSERVED_IDENTITY_UNPROVEN,本批次只读；若声明、输入、Schema或授权漂移，既有结论自动失效并须追加新批次,未读取业务正文、价格、成交、订单簿、账户或凭据；身份字段不完整,为该成员提供当前版本九字段声明及逐字段Schema、授权和唯一证据定位后追加不可变批次,2d50c1344a835ceeb832796935182aeff80bb03cecc5465c8cf3aaccbd446acd,a23c4d44f41c2fc245b02db92b59200f4b443888bdb532b601a5934f5c808064,397d57cac88274578a22f94664cac731604807b382ba0c5bc8830649389bb04a
source-identity-declaration-20260808T051806+0800-dd1e3d74dca4,ZI-65b40787d4fc73554e42a24e,DS-000070,候选数据文件,ETH,4小时;8小时;24小时;48小时,15分钟;1小时,未知,未知,未知,未知,未知,未知,未知,未知,未知,未登记,无,config/数据/来源身份声明补采.json#身份声明[],b99035eb31437b822b0d8ed9b728e2fbb4b5cd8b8861010049ee43d74fc08647,b04d9cf5f0550dd3b100f17db6b09f4e9755f27bc2dfb80444837b7bdeece9f7,4fb4e8aa84094c1c0360c4ec1ea4dec37d83ca8f1617872a4b121e925efebd50,未知,b3a1fc5ec72ad95e258b584f936ad46befab951e0ee9e43eaa18179e34974387,无法判定,FILE_STAT_OBSERVED_IDENTITY_UNPROVEN,本批次只读；若声明、输入、Schema或授权漂移，既有结论自动失效并须追加新批次,未读取业务正文、价格、成交、订单簿、账户或凭据；身份字段不完整,为该成员提供当前版本九字段声明及逐字段Schema、授权和唯一证据定位后追加不可变批次,2d50c1344a835ceeb832796935182aeff80bb03cecc5465c8cf3aaccbd446acd,a23c4d44f41c2fc245b02db92b59200f4b443888bdb532b601a5934f5c808064,5b2b52cd240eafb940fd30a9621c87b37a653deb5e77d4bf28fd0ab2164d4a11
source-identity-declaration-20260808T051806+0800-dd1e3d74dca4,ZI-2e5b11987f0893e154b4a226,DS-000071,候选数据文件,ETH,4小时;8小时;24小时;48小时,15分钟;1小时,未知,未知,未知,未知,未知,未知,未知,未知,未知,未登记,无,config/数据/来源身份声明补采.json#身份声明[],b99035eb31437b822b0d8ed9b728e2fbb4b5cd8b8861010049ee43d74fc08647,0862e2f5ee203957cf6bdf9e0cccea6c1bd224b6343746e2c26cb9d1aefecc2a,1f91c6c4858ae0a9f46ad48d03d5521794abed19ca22b082afb898f8baa5ba6a,未知,b3a1fc5ec72ad95e258b584f936ad46befab951e0ee9e43eaa18179e34974387,无法判定,FILE_STAT_OBSERVED_IDENTITY_UNPROVEN,本批次只读；若声明、输入、Schema或授权漂移，既有结论自动失效并须追加新批次,未读取业务正文、价格、成交、订单簿、账户或凭据；身份字段不完整,为该成员提供当前版本九字段声明及逐字段Schema、授权和唯一证据定位后追加不可变批次,2d50c1344a835ceeb832796935182aeff80bb03cecc5465c8cf3aaccbd446acd,a23c4d44f41c2fc245b02db92b59200f4b443888bdb532b601a5934f5c808064,c92e596d0ccf3efc134d15dd8ac777e3aca5fbdb6b9b8fdddb5af12dc88ed88e
source-identity-declaration-20260808T051806+0800-dd1e3d74dca4,ZI-8a724c2b2b2310e8ea456a6c,DS-000072,候选数据文件,ETH,4小时;8小时;24小时;48小时,15分钟;1小时,未知,未知,未知,未知,未知,未知,未知,未知,未知,未登记,无,config/数据/来源身份声明补采.json#身份声明[],b99035eb31437b822b0d8ed9b728e2fbb4b5cd8b8861010049ee43d74fc08647,15027222020681861caf23abd321393fbb4237b3f83100c4b4534386b40b95c7,e89f0dbf2a77cb25cfdf1e62bb610f580026a50d99098816120bc4fd61a82e7c,未知,b3a1fc5ec72ad95e258b584f936ad46befab951e0ee9e43eaa18179e34974387,无法判定,FILE_STAT_OBSERVED_IDENTITY_UNPROVEN,本批次只读；若声明、输入、Schema或授权漂移，既有结论自动失效并须追加新批次,未读取业务正文、价格、成交、订单簿、账户或凭据；身份字段不完整,为该成员提供当前版本九字段声明及逐字段Schema、授权和唯一证据定位后追加不可变批次,2d50c1344a835ceeb832796935182aeff80bb03cecc5465c8cf3aaccbd446acd,a23c4d44f41c2fc245b02db92b59200f4b443888bdb532b601a5934f5c808064,ac67d8eb04ed29fd020c9bc918b5dfe2b885ee8b1a9f3f4ed8d729a67f5f0f06
source-identity-declaration-20260808T051806+0800-dd1e3d74dca4,ZI-8ff34b76a144e3416ff2ba0a,DS-000073,候选数据文件,ETH,4小时;8小时;24小时;48小时,15分钟;1小时,未知,未知,未知,未知,未知,未知,未知,未知,未知,未登记,无,config/数据/来源身份声明补采.json#身份声明[],b99035eb31437b822b0d8ed9b728e2fbb4b5cd8b8861010049ee43d74fc08647,2deca25c4bce98ed07321e7eac5d762f307f7f056c5ce4b08ebd7b4b8f4c7364,d995bf7886e7749af0ae9972de012ed7b4d3be3d3c4d15039da26dc2abbacc64,未知,b3a1fc5ec72ad95e258b584f936ad46befab951e0ee9e43eaa18179e34974387,无法判定,FILE_STAT_OBSERVED_IDENTITY_UNPROVEN,本批次只读；若声明、输入、Schema或授权漂移，既有结论自动失效并须追加新批次,未读取业务正文、价格、成交、订单簿、账户或凭据；身份字段不完整,为该成员提供当前版本九字段声明及逐字段Schema、授权和唯一证据定位后追加不可变批次,2d50c1344a835ceeb832796935182aeff80bb03cecc5465c8cf3aaccbd446acd,a23c4d44f41c2fc245b02db92b59200f4b443888bdb532b601a5934f5c808064,2eaf3fd254a53017e55c6c9746a287798c07e97c33213736117baaf09da48d68
source-identity-declaration-20260808T051806+0800-dd1e3d74dca4,ZI-2dab989667e2e000a36be458,DS-000074,候选数据文件,ETH,4小时;8小时;24小时;48小时,15分钟;1小时,未知,未知,未知,未知,未知,未知,未知,未知,未知,未登记,无,config/数据/来源身份声明补采.json#身份声明[],b99035eb31437b822b0d8ed9b728e2fbb4b5cd8b8861010049ee43d74fc08647,ac5b354c4a5253401a4abe672fd70623e5d2f3a6022e2de9dfe19e3d64c073bb,f80740ee978711f811d73f02f9b88ed3f22242e7bd5feead25976c28f905907a,未知,b3a1fc5ec72ad95e258b584f936ad46befab951e0ee9e43eaa18179e34974387,无法判定,FILE_STAT_OBSERVED_IDENTITY_UNPROVEN,本批次只读；若声明、输入、Schema或授权漂移，既有结论自动失效并须追加新批次,未读取业务正文、价格、成交、订单簿、账户或凭据；身份字段不完整,为该成员提供当前版本九字段声明及逐字段Schema、授权和唯一证据定位后追加不可变批次,2d50c1344a835ceeb832796935182aeff80bb03cecc5465c8cf3aaccbd446acd,a23c4d44f41c2fc245b02db92b59200f4b443888bdb532b601a5934f5c808064,0e1cc3a03452262b066f5d94f158b8a2ae5a9f65fd0d4f79c412688dd761e7e4
source-identity-declaration-20260808T051806+0800-dd1e3d74dca4,ZI-34c79640d21e2dca7bd200b8,DS-000075,候选数据文件,ETH,4小时;8小时;24小时;48小时,15分钟;1小时,未知,未知,未知,未知,未知,未知,未知,未知,未知,未登记,无,config/数据/来源身份声明补采.json#身份声明[],b99035eb31437b822b0d8ed9b728e2fbb4b5cd8b8861010049ee43d74fc08647,e5adabe624a278724b6ce1f97aeb2e7478b7ef0b117219951e3dd57b9a70dab7,1aa23fb2b5b219ee2ddaa27d5cc1038b4ef3a1ec97d8e7314871c30944d2da2a,未知,b3a1fc5ec72ad95e258b584f936ad46befab951e0ee9e43eaa18179e34974387,无法判定,FILE_STAT_OBSERVED_IDENTITY_UNPROVEN,本批次只读；若声明、输入、Schema或授权漂移，既有结论自动失效并须追加新批次,未读取业务正文、价格、成交、订单簿、账户或凭据；身份字段不完整,为该成员提供当前版本九字段声明及逐字段Schema、授权和唯一证据定位后追加不可变批次,2d50c1344a835ceeb832796935182aeff80bb03cecc5465c8cf3aaccbd446acd,a23c4d44f41c2fc245b02db92b59200f4b443888bdb532b601a5934f5c808064,159a8becb4bc8420609ca0c28e49917539da9d5214184f902ba5ee70f7c71c91
source-identity-declaration-20260808T051806+0800-dd1e3d74dca4,ZI-71226df9ffc076a6def96779,DS-000076,候选数据文件,ETH,4小时;8小时;24小时;48小时,15分钟;1小时,未知,未知,未知,未知,未知,未知,未知,未知,未知,未登记,无,config/数据/来源身份声明补采.json#身份声明[],b99035eb31437b822b0d8ed9b728e2fbb4b5cd8b8861010049ee43d74fc08647,e8f121115255b3f336495618342f8a1f0e4377727cdcd8fbf7e7f6007899d3c1,111cb89424ead72cf3aa0cd5a8dc8301bd6f361a01bb006c2c971e67a0756aa3,未知,b3a1fc5ec72ad95e258b584f936ad46befab951e0ee9e43eaa18179e34974387,无法判定,FILE_STAT_OBSERVED_IDENTITY_UNPROVEN,本批次只读；若声明、输入、Schema或授权漂移，既有结论自动失效并须追加新批次,未读取业务正文、价格、成交、订单簿、账户或凭据；身份字段不完整,为该成员提供当前版本九字段声明及逐字段Schema、授权和唯一证据定位后追加不可变批次,2d50c1344a835ceeb832796935182aeff80bb03cecc5465c8cf3aaccbd446acd,a23c4d44f41c2fc245b02db92b59200f4b443888bdb532b601a5934f5c808064,4368490900123a8cb0981d730330c579913ddcb9037df3ad73db5f459138b890
source-identity-declaration-20260808T051806+0800-dd1e3d74dca4,ZI-b211253f6cb6a849fbcb8b9b,DS-000077,候选数据文件,ETH,4小时;8小时;24小时;48小时,15分钟;1小时,未知,未知,未知,未知,未知,未知,未知,未知,未知,未登记,无,config/数据/来源身份声明补采.json#身份声明[],b99035eb31437b822b0d8ed9b728e2fbb4b5cd8b8861010049ee43d74fc08647,b93cbc4a97f28e776414cc96ef1c9b6d33baf46dedf6542fc40b5f24ebb90aab,baa29331850ab27315c0a93930f539cb5502f423fedd98cb2e86e267f2b045a6,未知,b3a1fc5ec72ad95e258b584f936ad46befab951e0ee9e43eaa18179e34974387,无法判定,FILE_STAT_OBSERVED_IDENTITY_UNPROVEN,本批次只读；若声明、输入、Schema或授权漂移，既有结论自动失效并须追加新批次,未读取业务正文、价格、成交、订单簿、账户或凭据；身份字段不完整,为该成员提供当前版本九字段声明及逐字段Schema、授权和唯一证据定位后追加不可变批次,2d50c1344a835ceeb832796935182aeff80bb03cecc5465c8cf3aaccbd446acd,a23c4d44f41c2fc245b02db92b59200f4b443888bdb532b601a5934f5c808064,f84f7ad73f131081d6a223c156c4f3910b6c889c5fbff71725a7ba38a26b4292
source-identity-declaration-20260808T051806+0800-dd1e3d74dca4,ZI-3be31e2ad7066adca6b49b55,DS-000078,候选数据文件,ETH,4小时;8小时;24小时;48小时,15分钟;1小时,未知,未知,未知,未知,未知,未知,未知,未知,未知,未登记,无,config/数据/来源身份声明补采.json#身份声明[],b99035eb31437b822b0d8ed9b728e2fbb4b5cd8b8861010049ee43d74fc08647,9ff25aec656063d50358c451f21569aac06eaec60abb7eb1209d023004fcd058,e212d846a0d4288bbedde644fcd626ba447695af79074e263214faace9780adf,未知,b3a1fc5ec72ad95e258b584f936ad46befab951e0ee9e43eaa18179e34974387,无法判定,FILE_STAT_OBSERVED_IDENTITY_UNPROVEN,本批次只读；若声明、输入、Schema或授权漂移，既有结论自动失效并须追加新批次,未读取业务正文、价格、成交、订单簿、账户或凭据；身份字段不完整,为该成员提供当前版本九字段声明及逐字段Schema、授权和唯一证据定位后追加不可变批次,2d50c1344a835ceeb832796935182aeff80bb03cecc5465c8cf3aaccbd446acd,a23c4d44f41c2fc245b02db92b59200f4b443888bdb532b601a5934f5c808064,ef3d7901e8af3b1d85201d4dcd9d622a7cb11293b0b1fac69af0fdc2ed1c7cf3
source-identity-declaration-20260808T051806+0800-dd1e3d74dca4,ZI-f028549bbcd5063bf447769f,DS-000079,候选数据文件,ETH,4小时;8小时;24小时;48小时,15分钟;1小时,未知,未知,未知,未知,未知,未知,未知,未知,未知,未登记,无,config/数据/来源身份声明补采.json#身份声明[],b99035eb31437b822b0d8ed9b728e2fbb4b5cd8b8861010049ee43d74fc08647,2b9634a627f69599a77aa29fa4a7056feb846f6a024ecdb8f55a1c04aa95fea2,91f169f714c690456138cdf589d5e8a7b5456f6053d1cdc94e2b724fdbfa42b1,未知,b3a1fc5ec72ad95e258b584f936ad46befab951e0ee9e43eaa18179e34974387,无法判定,FILE_STAT_OBSERVED_IDENTITY_UNPROVEN,本批次只读；若声明、输入、Schema或授权漂移，既有结论自动失效并须追加新批次,未读取业务正文、价格、成交、订单簿、账户或凭据；身份字段不完整,为该成员提供当前版本九字段声明及逐字段Schema、授权和唯一证据定位后追加不可变批次,2d50c1344a835ceeb832796935182aeff80bb03cecc5465c8cf3aaccbd446acd,a23c4d44f41c2fc245b02db92b59200f4b443888bdb532b601a5934f5c808064,b5621733c09c4ce7ff89221478207e4fb4df0a8e522fb1ba32c6979e5c2c86f9
source-identity-declaration-20260808T051806+0800-dd1e3d74dca4,ZI-5cb1f0e0a0d3ea04cec7f2db,DS-000080,候选数据文件,ETH,4小时;8小时;24小时;48小时,15分钟;1小时,未知,未知,未知,未知,未知,未知,未知,未知,未知,未登记,无,config/数据/来源身份声明补采.json#身份声明[],b99035eb31437b822b0d8ed9b728e2fbb4b5cd8b8861010049ee43d74fc08647,3af20a52811a89980b8cf09252253e548c5f6c7fe76c96012651febe29bb1e22,29a9822b3c83726c46e27f624ea982eb5b39d1b28b9c7f58154f864cdaa29623,未知,b3a1fc5ec72ad95e258b584f936ad46befab951e0ee9e43eaa18179e34974387,无法判定,FILE_STAT_OBSERVED_IDENTITY_UNPROVEN,本批次只读；若声明、输入、Schema或授权漂移，既有结论自动失效并须追加新批次,未读取业务正文、价格、成交、订单簿、账户或凭据；身份字段不完整,为该成员提供当前版本九字段声明及逐字段Schema、授权和唯一证据定位后追加不可变批次,2d50c1344a835ceeb832796935182aeff80bb03cecc5465c8cf3aaccbd446acd,a23c4d44f41c2fc245b02db92b59200f4b443888bdb532b601a5934f5c808064,76413041a33c011f347eaf562fab6c39b349852f1ad7735d373bcd25e3a6981c
source-identity-declaration-20260808T051806+0800-dd1e3d74dca4,ZI-c554be2524b6ac56420322df,DS-000081,候选数据文件,ETH,4小时;8小时;24小时;48小时,15分钟;1小时,未知,未知,未知,未知,未知,未知,未知,未知,未知,未登记,无,config/数据/来源身份声明补采.json#身份声明[],b99035eb31437b822b0d8ed9b728e2fbb4b5cd8b8861010049ee43d74fc08647,b20c3eb4b0ee8495a9cdc66b7a345404f395cee265413ff67af9890cc47ff5f5,d1db93d691c78fd916ed92552469c918d03cee922044d79f33cf6a69eb698258,未知,b3a1fc5ec72ad95e258b584f936ad46befab951e0ee9e43eaa18179e34974387,无法判定,FILE_STAT_OBSERVED_IDENTITY_UNPROVEN,本批次只读；若声明、输入、Schema或授权漂移，既有结论自动失效并须追加新批次,未读取业务正文、价格、成交、订单簿、账户或凭据；身份字段不完整,为该成员提供当前版本九字段声明及逐字段Schema、授权和唯一证据定位后追加不可变批次,2d50c1344a835ceeb832796935182aeff80bb03cecc5465c8cf3aaccbd446acd,a23c4d44f41c2fc245b02db92b59200f4b443888bdb532b601a5934f5c808064,153b4af73023e6a1bd680bf934187189d4433b7aa3fd99235e842217c22ab2b2
source-identity-declaration-20260808T051806+0800-dd1e3d74dca4,ZI-4436ad9b42c6f806385bd6b4,DS-000082,候选数据文件,ETH,4小时;8小时;24小时;48小时,15分钟;1小时,未知,未知,未知,未知,未知,未知,未知,未知,未知,未登记,无,config/数据/来源身份声明补采.json#身份声明[],b99035eb31437b822b0d8ed9b728e2fbb4b5cd8b8861010049ee43d74fc08647,a3c34f7777e1788e6f6a999275acf640777e31dfb5589bc25492af521c3e994a,fede02311f74fb634858a416f0f4dd18126f465e01fbc1100acbf10d1200a663,未知,b3a1fc5ec72ad95e258b584f936ad46befab951e0ee9e43eaa18179e34974387,无法判定,FILE_STAT_OBSERVED_IDENTITY_UNPROVEN,本批次只读；若声明、输入、Schema或授权漂移，既有结论自动失效并须追加新批次,未读取业务正文、价格、成交、订单簿、账户或凭据；身份字段不完整,为该成员提供当前版本九字段声明及逐字段Schema、授权和唯一证据定位后追加不可变批次,2d50c1344a835ceeb832796935182aeff80bb03cecc5465c8cf3aaccbd446acd,a23c4d44f41c2fc245b02db92b59200f4b443888bdb532b601a5934f5c808064,5acf648b5b6c6014f3a12eb87322485d1e8555361c1e2d3961c956f83c0c6529
source-identity-declaration-20260808T051806+0800-dd1e3d74dca4,ZI-dc802620a1660401748ba4f1,DS-000083,候选数据文件,ETH,4小时;8小时;24小时;48小时,15分钟;1小时,未知,未知,未知,未知,未知,未知,未知,未知,未知,未登记,无,config/数据/来源身份声明补采.json#身份声明[],b99035eb31437b822b0d8ed9b728e2fbb4b5cd8b8861010049ee43d74fc08647,2451e8638c8430d0a501abd81a4c6d6bf80512a1dab2010897c17132c0c7480e,7b4a4a43ce8d31d83beac8dd9485d3c99d65763572b420fe5c40d7aff5a2ddc0,未知,b3a1fc5ec72ad95e258b584f936ad46befab951e0ee9e43eaa18179e34974387,无法判定,FILE_STAT_OBSERVED_IDENTITY_UNPROVEN,本批次只读；若声明、输入、Schema或授权漂移，既有结论自动失效并须追加新批次,未读取业务正文、价格、成交、订单簿、账户或凭据；身份字段不完整,为该成员提供当前版本九字段声明及逐字段Schema、授权和唯一证据定位后追加不可变批次,2d50c1344a835ceeb832796935182aeff80bb03cecc5465c8cf3aaccbd446acd,a23c4d44f41c2fc245b02db92b59200f4b443888bdb532b601a5934f5c808064,0786d63fd0961d586eccd09c418f2e00614630d819ab1ea37c9231b06b66acf3
source-identity-declaration-20260808T051806+0800-dd1e3d74dca4,ZI-3f209003d99517aaa9d196de,DS-000084,候选数据文件,ETH,4小时;8小时;24小时;48小时,15分钟;1小时,未知,未知,未知,未知,未知,未知,未知,未知,未知,未登记,无,config/数据/来源身份声明补采.json#身份声明[],b99035eb31437b822b0d8ed9b728e2fbb4b5cd8b8861010049ee43d74fc08647,445c3db6bd19d4f5548639c800454f126f0076372a493802613cf5800bcfd8e3,605a5eb860a53c866c176f9377d1e2fbb5052a77234ea73731df9aa2573861af,未知,b3a1fc5ec72ad95e258b584f936ad46befab951e0ee9e43eaa18179e34974387,无法判定,FILE_STAT_OBSERVED_IDENTITY_UNPROVEN,本批次只读；若声明、输入、Schema或授权漂移，既有结论自动失效并须追加新批次,未读取业务正文、价格、成交、订单簿、账户或凭据；身份字段不完整,为该成员提供当前版本九字段声明及逐字段Schema、授权和唯一证据定位后追加不可变批次,2d50c1344a835ceeb832796935182aeff80bb03cecc5465c8cf3aaccbd446acd,a23c4d44f41c2fc245b02db92b59200f4b443888bdb532b601a5934f5c808064,1a8092f6f9c0c4f839a6482bfce1874ad97142f05fbcd93ab030789d4e2fe5b7
source-identity-declaration-20260808T051806+0800-dd1e3d74dca4,ZI-1e587b9ca43b8ecb01a08a67,DS-000085,候选数据文件,ETH,4小时;8小时;24小时;48小时,15分钟;1小时,未知,未知,未知,未知,未知,未知,未知,未知,未知,未登记,无,config/数据/来源身份声明补采.json#身份声明[],b99035eb31437b822b0d8ed9b728e2fbb4b5cd8b8861010049ee43d74fc08647,0c7eaabb88f378576b9d9ce30a667c481c9cbc99a6f7eb7d7d491544477e4ffe,0fedf9c7d3d0b989a7b875084ed71e07cdebe1bb2dcb6342a19dfc9a576d79f6,未知,b3a1fc5ec72ad95e258b584f936ad46befab951e0ee9e43eaa18179e34974387,无法判定,FILE_STAT_OBSERVED_IDENTITY_UNPROVEN,本批次只读；若声明、输入、Schema或授权漂移，既有结论自动失效并须追加新批次,未读取业务正文、价格、成交、订单簿、账户或凭据；身份字段不完整,为该成员提供当前版本九字段声明及逐字段Schema、授权和唯一证据定位后追加不可变批次,2d50c1344a835ceeb832796935182aeff80bb03cecc5465c8cf3aaccbd446acd,a23c4d44f41c2fc245b02db92b59200f4b443888bdb532b601a5934f5c808064,aefcb0cb83d34a037512320be9b6fe60745a296cf1c04856287f33030b01da2c
source-identity-declaration-20260808T051806+0800-dd1e3d74dca4,ZI-bba6b24de803c01632b44a91,DS-000086,候选数据文件,ETH,4小时;8小时;24小时;48小时,15分钟;1小时,未知,未知,未知,未知,未知,未知,未知,未知,未知,未登记,无,config/数据/来源身份声明补采.json#身份声明[],b99035eb31437b822b0d8ed9b728e2fbb4b5cd8b8861010049ee43d74fc08647,0eb4a4f4f4e4a1068ec372fdf0f11c08153f6b1bc3cd56a5c0c94960d1e62b09,01f93941e985130de91b35ffe8c58ad67717e498a3ce1aa05fc6c302bd2e295d,未知,b3a1fc5ec72ad95e258b584f936ad46befab951e0ee9e43eaa18179e34974387,无法判定,FILE_STAT_OBSERVED_IDENTITY_UNPROVEN,本批次只读；若声明、输入、Schema或授权漂移，既有结论自动失效并须追加新批次,未读取业务正文、价格、成交、订单簿、账户或凭据；身份字段不完整,为该成员提供当前版本九字段声明及逐字段Schema、授权和唯一证据定位后追加不可变批次,2d50c1344a835ceeb832796935182aeff80bb03cecc5465c8cf3aaccbd446acd,a23c4d44f41c2fc245b02db92b59200f4b443888bdb532b601a5934f5c808064,ecd2e840545395cb94bd4c118e916c067d274183b3da321e1f061b8951a6451e
source-identity-declaration-20260808T051806+0800-dd1e3d74dca4,ZI-baea0c9ad86775e8eca92410,DS-000087,候选数据文件,ETH,4小时;8小时;24小时;48小时,15分钟;1小时,未知,未知,未知,未知,未知,未知,未知,未知,未知,未登记,无,config/数据/来源身份声明补采.json#身份声明[],b99035eb31437b822b0d8ed9b728e2fbb4b5cd8b8861010049ee43d74fc08647,cb5a9125a33ceff9a40988e72821717f085ad2c21526cf39088cb344195f21c1,251b795b56d9aa547185015d4a5a0dcec33763011e38c6999b85d5ac3c45834f,未知,b3a1fc5ec72ad95e258b584f936ad46befab951e0ee9e43eaa18179e34974387,无法判定,FILE_STAT_OBSERVED_IDENTITY_UNPROVEN,本批次只读；若声明、输入、Schema或授权漂移，既有结论自动失效并须追加新批次,未读取业务正文、价格、成交、订单簿、账户或凭据；身份字段不完整,为该成员提供当前版本九字段声明及逐字段Schema、授权和唯一证据定位后追加不可变批次,2d50c1344a835ceeb832796935182aeff80bb03cecc5465c8cf3aaccbd446acd,a23c4d44f41c2fc245b02db92b59200f4b443888bdb532b601a5934f5c808064,b8c614e3aefb89c57306cb6f72ce28384bce516270c96d78396b3e7e2384fae0
source-identity-declaration-20260808T051806+0800-dd1e3d74dca4,ZI-e900cf4aa30a969caaffd8a6,DS-000088,候选数据文件,ETH,4小时;8小时;24小时;48小时,15分钟;1小时,未知,未知,未知,未知,未知,未知,未知,未知,未知,未登记,无,config/数据/来源身份声明补采.json#身份声明[],b99035eb31437b822b0d8ed9b728e2fbb4b5cd8b8861010049ee43d74fc08647,bdf4657f0758c3c4568e041dea286a8841995e2061be6660ddc80d52cb73fd57,86b4f6c6711e419eb64b65468f33c7b013594aec40ccf4bd6b11fe08ad060d5b,未知,b3a1fc5ec72ad95e258b584f936ad46befab951e0ee9e43eaa18179e34974387,无法判定,FILE_STAT_OBSERVED_IDENTITY_UNPROVEN,本批次只读；若声明、输入、Schema或授权漂移，既有结论自动失效并须追加新批次,未读取业务正文、价格、成交、订单簿、账户或凭据；身份字段不完整,为该成员提供当前版本九字段声明及逐字段Schema、授权和唯一证据定位后追加不可变批次,2d50c1344a835ceeb832796935182aeff80bb03cecc5465c8cf3aaccbd446acd,a23c4d44f41c2fc245b02db92b59200f4b443888bdb532b601a5934f5c808064,e917359a07196148defa9fb6809c6015de3acb94af1b7d1fbe2602100ff47935
source-identity-declaration-20260808T051806+0800-dd1e3d74dca4,ZI-fdc48fd4c41a97f34f51f46e,DS-000089,候选数据文件,ETH,4小时;8小时;24小时;48小时,15分钟;1小时,未知,未知,未知,未知,未知,未知,未知,未知,未知,未登记,无,config/数据/来源身份声明补采.json#身份声明[],b99035eb31437b822b0d8ed9b728e2fbb4b5cd8b8861010049ee43d74fc08647,c17e9de0d77f02429c2bf544f7e87a0be9fbf10f1ca0309af848cab64647df44,4ed8b8cc81cb8fb63ca76d450cbc525819c194a1da99c22db6bc82feab0ae550,未知,b3a1fc5ec72ad95e258b584f936ad46befab951e0ee9e43eaa18179e34974387,无法判定,FILE_STAT_OBSERVED_IDENTITY_UNPROVEN,本批次只读；若声明、输入、Schema或授权漂移，既有结论自动失效并须追加新批次,未读取业务正文、价格、成交、订单簿、账户或凭据；身份字段不完整,为该成员提供当前版本九字段声明及逐字段Schema、授权和唯一证据定位后追加不可变批次,2d50c1344a835ceeb832796935182aeff80bb03cecc5465c8cf3aaccbd446acd,a23c4d44f41c2fc245b02db92b59200f4b443888bdb532b601a5934f5c808064,c2aadc0580dd0a752868f89afa1d9295864007579be95bdcc1c6390ccbe40b14
source-identity-declaration-20260808T051806+0800-dd1e3d74dca4,ZI-cfde254fa2f17eff06fd22c0,DS-000090,候选数据文件,ETH,4小时;8小时;24小时;48小时,15分钟;1小时,未知,未知,未知,未知,未知,未知,未知,未知,未知,未登记,无,config/数据/来源身份声明补采.json#身份声明[],b99035eb31437b822b0d8ed9b728e2fbb4b5cd8b8861010049ee43d74fc08647,7455cb004fd8f92bf11aba3294a88df82c2f66ca25872225ffb0d58a6c649e95,a4aa975040979ed8bdf47abeb06339fd4c8047e3db8961b85925d1f4db1d8f18,未知,b3a1fc5ec72ad95e258b584f936ad46befab951e0ee9e43eaa18179e34974387,无法判定,FILE_STAT_OBSERVED_IDENTITY_UNPROVEN,本批次只读；若声明、输入、Schema或授权漂移，既有结论自动失效并须追加新批次,未读取业务正文、价格、成交、订单簿、账户或凭据；身份字段不完整,为该成员提供当前版本九字段声明及逐字段Schema、授权和唯一证据定位后追加不可变批次,2d50c1344a835ceeb832796935182aeff80bb03cecc5465c8cf3aaccbd446acd,a23c4d44f41c2fc245b02db92b59200f4b443888bdb532b601a5934f5c808064,3d983defb2d6a780d84efa0fdefb3017ff8e47c68ce7270e27766e51371ece53
source-identity-declaration-20260808T051806+0800-dd1e3d74dca4,ZI-e753f977d37bf709ca92ee4e,DS-000091,候选数据文件,ETH,4小时;8小时;24小时;48小时,15分钟;1小时,未知,未知,未知,未知,未知,未知,未知,未知,未知,未登记,无,config/数据/来源身份声明补采.json#身份声明[],b99035eb31437b822b0d8ed9b728e2fbb4b5cd8b8861010049ee43d74fc08647,0c82b4ff49875c233adadf63c84b19abc1ddf2bd99291782e3aaaea7ddb51ca4,14572374be8a915091e335ea2f58a59818e7d1ad356619f4bdd9b95f4c3147b9,未知,b3a1fc5ec72ad95e258b584f936ad46befab951e0ee9e43eaa18179e34974387,无法判定,FILE_STAT_OBSERVED_IDENTITY_UNPROVEN,本批次只读；若声明、输入、Schema或授权漂移，既有结论自动失效并须追加新批次,未读取业务正文、价格、成交、订单簿、账户或凭据；身份字段不完整,为该成员提供当前版本九字段声明及逐字段Schema、授权和唯一证据定位后追加不可变批次,2d50c1344a835ceeb832796935182aeff80bb03cecc5465c8cf3aaccbd446acd,a23c4d44f41c2fc245b02db92b59200f4b443888bdb532b601a5934f5c808064,0f4a9da8015b80e9da35d0c874af1a5055629e4bc394c0a61f14bbfc6c3ed234
source-identity-declaration-20260808T051806+0800-dd1e3d74dca4,ZI-711cc9b300fc5737cb6a1fe0,DS-000092,候选数据文件,ETH,4小时;8小时;24小时;48小时,15分钟;1小时,未知,未知,未知,未知,未知,未知,未知,未知,未知,未登记,无,config/数据/来源身份声明补采.json#身份声明[],b99035eb31437b822b0d8ed9b728e2fbb4b5cd8b8861010049ee43d74fc08647,310f779c52d0802aa60fb5bcd2f1f07defbd477d6b7f609c42dd252100540981,36e383047a54db511b2d6e7fd23dc6ac447aa522467d74c631ec96cc5ce304cc,未知,b3a1fc5ec72ad95e258b584f936ad46befab951e0ee9e43eaa18179e34974387,无法判定,FILE_STAT_OBSERVED_IDENTITY_UNPROVEN,本批次只读；若声明、输入、Schema或授权漂移，既有结论自动失效并须追加新批次,未读取业务正文、价格、成交、订单簿、账户或凭据；身份字段不完整,为该成员提供当前版本九字段声明及逐字段Schema、授权和唯一证据定位后追加不可变批次,2d50c1344a835ceeb832796935182aeff80bb03cecc5465c8cf3aaccbd446acd,a23c4d44f41c2fc245b02db92b59200f4b443888bdb532b601a5934f5c808064,ac6ed4d7e7c51497d341fa4e74bf3a2fc2898f5fa05c631ac513f2ee02812007
source-identity-declaration-20260808T051806+0800-dd1e3d74dca4,ZI-3b1ff874ffa2b6e111f84a57,DS-000093,候选数据文件,ETH,4小时;8小时;24小时;48小时,15分钟;1小时,未知,未知,未知,未知,未知,未知,未知,未知,未知,未登记,无,config/数据/来源身份声明补采.json#身份声明[],b99035eb31437b822b0d8ed9b728e2fbb4b5cd8b8861010049ee43d74fc08647,a283d773fa26d2d545695ee035f7474a83e0e8dd4bd32d0f6c12c203d554e5c0,cffb4bf5c2c68fb4c145856b53348278f7d48351229f466d01a3bac4c481d538,未知,b3a1fc5ec72ad95e258b584f936ad46befab951e0ee9e43eaa18179e34974387,无法判定,FILE_STAT_OBSERVED_IDENTITY_UNPROVEN,本批次只读；若声明、输入、Schema或授权漂移，既有结论自动失效并须追加新批次,未读取业务正文、价格、成交、订单簿、账户或凭据；身份字段不完整,为该成员提供当前版本九字段声明及逐字段Schema、授权和唯一证据定位后追加不可变批次,2d50c1344a835ceeb832796935182aeff80bb03cecc5465c8cf3aaccbd446acd,a23c4d44f41c2fc245b02db92b59200f4b443888bdb532b601a5934f5c808064,f11720ee5fc12d82d64abe0fe1cf2d833db9e9f509edcef258afc919e2e084df
source-identity-declaration-20260808T051806+0800-dd1e3d74dca4,ZI-5dd1eab4bb5048a6948ebba2,DS-000094,候选数据文件,ETH,4小时;8小时;24小时;48小时,15分钟;1小时,未知,未知,未知,未知,未知,未知,未知,未知,未知,未登记,无,config/数据/来源身份声明补采.json#身份声明[],b99035eb31437b822b0d8ed9b728e2fbb4b5cd8b8861010049ee43d74fc08647,5723e42924486a24e269f2e46f3642ec86fbf87cd739ce95b2730238c768c4a8,478a23ecc0cb5bfd585574dd56dcb6029ca0d8be9a8dd1716fc63c8058e8653e,未知,b3a1fc5ec72ad95e258b584f936ad46befab951e0ee9e43eaa18179e34974387,无法判定,FILE_STAT_OBSERVED_IDENTITY_UNPROVEN,本批次只读；若声明、输入、Schema或授权漂移，既有结论自动失效并须追加新批次,未读取业务正文、价格、成交、订单簿、账户或凭据；身份字段不完整,为该成员提供当前版本九字段声明及逐字段Schema、授权和唯一证据定位后追加不可变批次,2d50c1344a835ceeb832796935182aeff80bb03cecc5465c8cf3aaccbd446acd,a23c4d44f41c2fc245b02db92b59200f4b443888bdb532b601a5934f5c808064,748a4e45bbccfe990337eb322a7c9c5f2c69efb04930a4e8b981cb73506143b1
source-identity-declaration-20260808T051806+0800-dd1e3d74dca4,ZI-0f98b4ccb582f8d46f4bde26,DS-000095,候选数据文件,ETH,4小时;8小时;24小时;48小时,15分钟;1小时,未知,未知,未知,未知,未知,未知,未知,未知,未知,未登记,无,config/数据/来源身份声明补采.json#身份声明[],b99035eb31437b822b0d8ed9b728e2fbb4b5cd8b8861010049ee43d74fc08647,e5df3b09a4f4f2fbc001e29f4f2ed9625f6b62ea788160f56763679ae5a7fd21,736c38357d72779bfd64a024b7e6ca2a781c5d7802287968dc884508738f6588,未知,b3a1fc5ec72ad95e258b584f936ad46befab951e0ee9e43eaa18179e34974387,无法判定,FILE_STAT_OBSERVED_IDENTITY_UNPROVEN,本批次只读；若声明、输入、Schema或授权漂移，既有结论自动失效并须追加新批次,未读取业务正文、价格、成交、订单簿、账户或凭据；身份字段不完整,为该成员提供当前版本九字段声明及逐字段Schema、授权和唯一证据定位后追加不可变批次,2d50c1344a835ceeb832796935182aeff80bb03cecc5465c8cf3aaccbd446acd,a23c4d44f41c2fc245b02db92b59200f4b443888bdb532b601a5934f5c808064,5e4734e194d45fa8da65cd41468fa7c17ed02896a50693ab79e8d7c45100206e
source-identity-declaration-20260808T051806+0800-dd1e3d74dca4,ZI-95e4aaf87cde52b43836becd,DS-000096,候选数据文件,ETH,4小时;8小时;24小时;48小时,15分钟;1小时,未知,未知,未知,未知,未知,未知,未知,未知,未知,未登记,无,config/数据/来源身份声明补采.json#身份声明[],b99035eb31437b822b0d8ed9b728e2fbb4b5cd8b8861010049ee43d74fc08647,ba6d3ff4ffef24004405e028478940e5ab58886fe03296e15653487d2a406dee,88ce272dc64a0f211fae4e644c2dfdb2eef243e1d31b323320a0aadaf3a1ef17,未知,b3a1fc5ec72ad95e258b584f936ad46befab951e0ee9e43eaa18179e34974387,无法判定,FILE_STAT_OBSERVED_IDENTITY_UNPROVEN,本批次只读；若声明、输入、Schema或授权漂移，既有结论自动失效并须追加新批次,未读取业务正文、价格、成交、订单簿、账户或凭据；身份字段不完整,为该成员提供当前版本九字段声明及逐字段Schema、授权和唯一证据定位后追加不可变批次,2d50c1344a835ceeb832796935182aeff80bb03cecc5465c8cf3aaccbd446acd,a23c4d44f41c2fc245b02db92b59200f4b443888bdb532b601a5934f5c808064,ab0234afdb8b17559a5afb06ccfcec77115f266e2b3dd9fcf2ffd636b1861d9c
source-identity-declaration-20260808T051806+0800-dd1e3d74dca4,ZI-742fac6725a335ceef60c1cd,DS-000097,候选数据文件,ETH,4小时;8小时;24小时;48小时,15分钟;1小时,未知,未知,未知,未知,未知,未知,未知,未知,未知,未登记,无,config/数据/来源身份声明补采.json#身份声明[],b99035eb31437b822b0d8ed9b728e2fbb4b5cd8b8861010049ee43d74fc08647,8228c63ea9d98b795581957c34ac1ce53475f0d389e891c8c45f6a90e39e5f52,730674d7e6f71729da00454c5e39bb2eacbd5f280c8bef503e041c8b545c06c6,未知,b3a1fc5ec72ad95e258b584f936ad46befab951e0ee9e43eaa18179e34974387,无法判定,FILE_STAT_OBSERVED_IDENTITY_UNPROVEN,本批次只读；若声明、输入、Schema或授权漂移，既有结论自动失效并须追加新批次,未读取业务正文、价格、成交、订单簿、账户或凭据；身份字段不完整,为该成员提供当前版本九字段声明及逐字段Schema、授权和唯一证据定位后追加不可变批次,2d50c1344a835ceeb832796935182aeff80bb03cecc5465c8cf3aaccbd446acd,a23c4d44f41c2fc245b02db92b59200f4b443888bdb532b601a5934f5c808064,0d0f7721d1c9757aa1295fb8c01e58cec7d10b0a1cf6904075796bd96cfbe23a
source-identity-declaration-20260808T051806+0800-dd1e3d74dca4,ZI-ecec677fbed31df69a769cbd,DS-000098,候选数据文件,ETH,4小时;8小时;24小时;48小时,15分钟;1小时,未知,未知,未知,未知,未知,未知,未知,未知,未知,未登记,无,config/数据/来源身份声明补采.json#身份声明[],b99035eb31437b822b0d8ed9b728e2fbb4b5cd8b8861010049ee43d74fc08647,b36b9fceb03833c0e0d70c168c701624f3141e4ed9eff163a784fd829f7e31d7,0ad498d8ae12e923e3b733bf512bc7d0e881cf6a9be921bff52c479975238bb1,未知,b3a1fc5ec72ad95e258b584f936ad46befab951e0ee9e43eaa18179e34974387,无法判定,FILE_STAT_OBSERVED_IDENTITY_UNPROVEN,本批次只读；若声明、输入、Schema或授权漂移，既有结论自动失效并须追加新批次,未读取业务正文、价格、成交、订单簿、账户或凭据；身份字段不完整,为该成员提供当前版本九字段声明及逐字段Schema、授权和唯一证据定位后追加不可变批次,2d50c1344a835ceeb832796935182aeff80bb03cecc5465c8cf3aaccbd446acd,a23c4d44f41c2fc245b02db92b59200f4b443888bdb532b601a5934f5c808064,4fd93a6f44b160ce2cf057470392fb273c37c3200d6a033de8d6b2ada49b8788
source-identity-declaration-20260808T051806+0800-dd1e3d74dca4,ZI-3001a9d0489e5be46b832a12,DS-000099,候选数据文件,ETH,4小时;8小时;24小时;48小时,15分钟;1小时,未知,未知,未知,未知,未知,未知,未知,未知,未知,未登记,无,config/数据/来源身份声明补采.json#身份声明[],b99035eb31437b822b0d8ed9b728e2fbb4b5cd8b8861010049ee43d74fc08647,406902f70179ec4296dab8c11df609ebd2db5dba4451dedd8e129a2be9025ef0,4041976c52c5255b1c61b1cccd72cf836a4594f195f58b39efc5f4789e5f35ad,未知,b3a1fc5ec72ad95e258b584f936ad46befab951e0ee9e43eaa18179e34974387,无法判定,FILE_STAT_OBSERVED_IDENTITY_UNPROVEN,本批次只读；若声明、输入、Schema或授权漂移，既有结论自动失效并须追加新批次,未读取业务正文、价格、成交、订单簿、账户或凭据；身份字段不完整,为该成员提供当前版本九字段声明及逐字段Schema、授权和唯一证据定位后追加不可变批次,2d50c1344a835ceeb832796935182aeff80bb03cecc5465c8cf3aaccbd446acd,a23c4d44f41c2fc245b02db92b59200f4b443888bdb532b601a5934f5c808064,86d0e8b6723a0f1af28e96f796ebf92dbcf57238686193a680c778c3dd74d815
source-identity-declaration-20260808T051806+0800-dd1e3d74dca4,ZI-743a833f1fa4bc66ed849c8d,DS-000100,候选数据文件,ETH,4小时;8小时;24小时;48小时,15分钟;1小时,未知,未知,未知,未知,未知,未知,未知,未知,未知,未登记,无,config/数据/来源身份声明补采.json#身份声明[],b99035eb31437b822b0d8ed9b728e2fbb4b5cd8b8861010049ee43d74fc08647,fe048a02588b3cc749889b703140b2600f164dd21a8297092b0703089ac5e81e,10bc1e9edaf2c0ce7b10a3e884d9e49db31b51fc1969bff9576bdac99b3abee0,未知,b3a1fc5ec72ad95e258b584f936ad46befab951e0ee9e43eaa18179e34974387,无法判定,FILE_STAT_OBSERVED_IDENTITY_UNPROVEN,本批次只读；若声明、输入、Schema或授权漂移，既有结论自动失效并须追加新批次,未读取业务正文、价格、成交、订单簿、账户或凭据；身份字段不完整,为该成员提供当前版本九字段声明及逐字段Schema、授权和唯一证据定位后追加不可变批次,2d50c1344a835ceeb832796935182aeff80bb03cecc5465c8cf3aaccbd446acd,a23c4d44f41c2fc245b02db92b59200f4b443888bdb532b601a5934f5c808064,8deca0b5a64d88f7134b724bfd00728ff2ecb24608b4268e1f48d2ab06439747
source-identity-declaration-20260808T051806+0800-dd1e3d74dca4,ZI-dd87780399e2768f46489851,DS-000101,候选数据文件,ETH,4小时;8小时;24小时;48小时,15分钟;1小时,未知,未知,未知,未知,未知,未知,未知,未知,未知,未登记,无,config/数据/来源身份声明补采.json#身份声明[],b99035eb31437b822b0d8ed9b728e2fbb4b5cd8b8861010049ee43d74fc08647,ea8e64d81a49f583be20253df94bb10447a84f34924a81ea484985df8de14bc5,0a91d48bdaabe373cfd71d515e923c5a04884bb57f109185e614c1b39499754e,未知,b3a1fc5ec72ad95e258b584f936ad46befab951e0ee9e43eaa18179e34974387,无法判定,FILE_STAT_OBSERVED_IDENTITY_UNPROVEN,本批次只读；若声明、输入、Schema或授权漂移，既有结论自动失效并须追加新批次,未读取业务正文、价格、成交、订单簿、账户或凭据；身份字段不完整,为该成员提供当前版本九字段声明及逐字段Schema、授权和唯一证据定位后追加不可变批次,2d50c1344a835ceeb832796935182aeff80bb03cecc5465c8cf3aaccbd446acd,a23c4d44f41c2fc245b02db92b59200f4b443888bdb532b601a5934f5c808064,4be05c0b13c910cfb0fb000ab465e93d0116db88a87e3f393bdde583835aa14b
source-identity-declaration-20260808T051806+0800-dd1e3d74dca4,ZI-7deee960deaf332a7fb18c84,DS-000102,候选数据文件,ETH,4小时;8小时;24小时;48小时,15分钟;1小时,未知,未知,未知,未知,未知,未知,未知,未知,未知,未登记,无,config/数据/来源身份声明补采.json#身份声明[],b99035eb31437b822b0d8ed9b728e2fbb4b5cd8b8861010049ee43d74fc08647,abfb99f6151387ef4ff78a22a9fd233763a7a49d18bf50e5df9ba77c6b3c3f00,b386d1119735318462e2139b9e347bffa3dc4cc1cbd024fa3649d64f974fd023,未知,b3a1fc5ec72ad95e258b584f936ad46befab951e0ee9e43eaa18179e34974387,无法判定,FILE_STAT_OBSERVED_IDENTITY_UNPROVEN,本批次只读；若声明、输入、Schema或授权漂移，既有结论自动失效并须追加新批次,未读取业务正文、价格、成交、订单簿、账户或凭据；身份字段不完整,为该成员提供当前版本九字段声明及逐字段Schema、授权和唯一证据定位后追加不可变批次,2d50c1344a835ceeb832796935182aeff80bb03cecc5465c8cf3aaccbd446acd,a23c4d44f41c2fc245b02db92b59200f4b443888bdb532b601a5934f5c808064,633a61620e6a963e6485b6823b9f137f05988e687f0cebb6de44a2dc7d31459b
source-identity-declaration-20260808T051806+0800-dd1e3d74dca4,ZI-a493b07d62fd443bdd97d178,DS-000103,候选数据文件,ETH,4小时;8小时;24小时;48小时,15分钟;1小时,未知,未知,未知,未知,未知,未知,未知,未知,未知,未登记,无,config/数据/来源身份声明补采.json#身份声明[],b99035eb31437b822b0d8ed9b728e2fbb4b5cd8b8861010049ee43d74fc08647,eb07628cb6a921195379d64475122a7143d0631cf42e25bfa01dcd7daaceb638,23f20b89610e2c1a33de449993d37f883d5c01487dfdba1dcf19c75060bdfc08,未知,b3a1fc5ec72ad95e258b584f936ad46befab951e0ee9e43eaa18179e34974387,无法判定,FILE_STAT_OBSERVED_IDENTITY_UNPROVEN,本批次只读；若声明、输入、Schema或授权漂移，既有结论自动失效并须追加新批次,未读取业务正文、价格、成交、订单簿、账户或凭据；身份字段不完整,为该成员提供当前版本九字段声明及逐字段Schema、授权和唯一证据定位后追加不可变批次,2d50c1344a835ceeb832796935182aeff80bb03cecc5465c8cf3aaccbd446acd,a23c4d44f41c2fc245b02db92b59200f4b443888bdb532b601a5934f5c808064,2cfeb214787c6454c45f99381fcff468a542abeefa826696ed636e1a77e64fb9
source-identity-declaration-20260808T051806+0800-dd1e3d74dca4,ZI-e84f5005324efc7b720a762c,DS-000104,候选数据文件,ETH,4小时;8小时;24小时;48小时,15分钟;1小时,未知,未知,未知,未知,未知,未知,未知,未知,未知,未登记,无,config/数据/来源身份声明补采.json#身份声明[],b99035eb31437b822b0d8ed9b728e2fbb4b5cd8b8861010049ee43d74fc08647,ef28cdf12ca8827b2378c7e1e803ead3e3cf993ed1c368426155024fdc6c8959,c8aaa84129d33e87c4a177f961793252aa3f724efbb8b8b92789a5626bc0ea11,未知,b3a1fc5ec72ad95e258b584f936ad46befab951e0ee9e43eaa18179e34974387,无法判定,FILE_STAT_OBSERVED_IDENTITY_UNPROVEN,本批次只读；若声明、输入、Schema或授权漂移，既有结论自动失效并须追加新批次,未读取业务正文、价格、成交、订单簿、账户或凭据；身份字段不完整,为该成员提供当前版本九字段声明及逐字段Schema、授权和唯一证据定位后追加不可变批次,2d50c1344a835ceeb832796935182aeff80bb03cecc5465c8cf3aaccbd446acd,a23c4d44f41c2fc245b02db92b59200f4b443888bdb532b601a5934f5c808064,b589a436f5c8887297c27aa77085541ad2a6ac12093d77dfb9f74f23a2042499
source-identity-declaration-20260808T051806+0800-dd1e3d74dca4,ZI-19e19ce30e7439b2c988cfa6,DS-000105,候选数据文件,ETH,4小时;8小时;24小时;48小时,15分钟;1小时,未知,未知,未知,未知,未知,未知,未知,未知,未知,未登记,无,config/数据/来源身份声明补采.json#身份声明[],b99035eb31437b822b0d8ed9b728e2fbb4b5cd8b8861010049ee43d74fc08647,6ebf6d7a8a93d298f90f71a5732fabad965efedd59ad24025ceef2bff1413bc0,dce42c947587d840b35b6dc148798594d2cdfae0826496f1a95e47620a343be0,未知,b3a1fc5ec72ad95e258b584f936ad46befab951e0ee9e43eaa18179e34974387,无法判定,FILE_STAT_OBSERVED_IDENTITY_UNPROVEN,本批次只读；若声明、输入、Schema或授权漂移，既有结论自动失效并须追加新批次,未读取业务正文、价格、成交、订单簿、账户或凭据；身份字段不完整,为该成员提供当前版本九字段声明及逐字段Schema、授权和唯一证据定位后追加不可变批次,2d50c1344a835ceeb832796935182aeff80bb03cecc5465c8cf3aaccbd446acd,a23c4d44f41c2fc245b02db92b59200f4b443888bdb532b601a5934f5c808064,99281c0632f8ac2573925ed5e42d4715f0093d594168a1ab0edcb9173b0665e7
source-identity-declaration-20260808T051806+0800-dd1e3d74dca4,ZI-291baf907867fa7c649cb7b1,DS-000106,候选数据文件,ETH,4小时;8小时;24小时;48小时,15分钟;1小时,未知,未知,未知,未知,未知,未知,未知,未知,未知,未登记,无,config/数据/来源身份声明补采.json#身份声明[],b99035eb31437b822b0d8ed9b728e2fbb4b5cd8b8861010049ee43d74fc08647,7d452e0b77d3aca62618b2d4f776cb3ea7dd8bbc606f9df2cbaf4074a6486b29,b38fad67cc9e37b015c2de9a89d44de8aaefeb7633e89a0044901b6ef82204d6,未知,b3a1fc5ec72ad95e258b584f936ad46befab951e0ee9e43eaa18179e34974387,无法判定,FILE_STAT_OBSERVED_IDENTITY_UNPROVEN,本批次只读；若声明、输入、Schema或授权漂移，既有结论自动失效并须追加新批次,未读取业务正文、价格、成交、订单簿、账户或凭据；身份字段不完整,为该成员提供当前版本九字段声明及逐字段Schema、授权和唯一证据定位后追加不可变批次,2d50c1344a835ceeb832796935182aeff80bb03cecc5465c8cf3aaccbd446acd,a23c4d44f41c2fc245b02db92b59200f4b443888bdb532b601a5934f5c808064,a10285b3de506e6081e53df6e7ea0bde0c3309165aef945634602c66d8e447fb
source-identity-declaration-20260808T051806+0800-dd1e3d74dca4,ZI-6f787d1796ce9df86089ddcc,DS-000107,候选数据文件,ETH,4小时;8小时;24小时;48小时,15分钟;1小时,未知,未知,未知,未知,未知,未知,未知,未知,未知,未登记,无,config/数据/来源身份声明补采.json#身份声明[],b99035eb31437b822b0d8ed9b728e2fbb4b5cd8b8861010049ee43d74fc08647,1c779a884c12e4f411a9bc59ae6b87246c2b0b62333aded6984e1b65fb366d58,f57ae7adc6a21ab1f07f375520a27a8cc89841277281823327f09adfec1f2dc1,未知,b3a1fc5ec72ad95e258b584f936ad46befab951e0ee9e43eaa18179e34974387,无法判定,FILE_STAT_OBSERVED_IDENTITY_UNPROVEN,本批次只读；若声明、输入、Schema或授权漂移，既有结论自动失效并须追加新批次,未读取业务正文、价格、成交、订单簿、账户或凭据；身份字段不完整,为该成员提供当前版本九字段声明及逐字段Schema、授权和唯一证据定位后追加不可变批次,2d50c1344a835ceeb832796935182aeff80bb03cecc5465c8cf3aaccbd446acd,a23c4d44f41c2fc245b02db92b59200f4b443888bdb532b601a5934f5c808064,da23f9757f34b6ee44193249c34356d9c2e43d5ef69855d36cd48a8b8c4650cc
source-identity-declaration-20260808T051806+0800-dd1e3d74dca4,ZI-b00286467d2ee7ccd3b8f3ba,DS-000108,候选数据文件,ETH,4小时;8小时;24小时;48小时,15分钟;1小时,未知,未知,未知,未知,未知,未知,未知,未知,未知,未登记,无,config/数据/来源身份声明补采.json#身份声明[],b99035eb31437b822b0d8ed9b728e2fbb4b5cd8b8861010049ee43d74fc08647,d97b0d962760ad3eb6a51747d90bfdd9e3b6bf31767c9aba88aff9714b5456bc,af76ec353b0dd0b6a5acf63c72cc41d009b25652aff7dcf89e60b411d94f9998,未知,b3a1fc5ec72ad95e258b584f936ad46befab951e0ee9e43eaa18179e34974387,无法判定,FILE_STAT_OBSERVED_IDENTITY_UNPROVEN,本批次只读；若声明、输入、Schema或授权漂移，既有结论自动失效并须追加新批次,未读取业务正文、价格、成交、订单簿、账户或凭据；身份字段不完整,为该成员提供当前版本九字段声明及逐字段Schema、授权和唯一证据定位后追加不可变批次,2d50c1344a835ceeb832796935182aeff80bb03cecc5465c8cf3aaccbd446acd,a23c4d44f41c2fc245b02db92b59200f4b443888bdb532b601a5934f5c808064,c319bb76b06a3851a51952fc2ac520da0e6c8b62f3e7e77f68700dcd5a58e0cb
source-identity-declaration-20260808T051806+0800-dd1e3d74dca4,ZI-3fd7398488e745c2955a3082,DS-000109,候选数据文件,ETH,4小时;8小时;24小时;48小时,15分钟;1小时,未知,未知,未知,未知,未知,未知,未知,未知,未知,未登记,无,config/数据/来源身份声明补采.json#身份声明[],b99035eb31437b822b0d8ed9b728e2fbb4b5cd8b8861010049ee43d74fc08647,33906bd2fcfd7bb1f16e12c0fbcf5a32d3eb963960a0412d88b1a5531531d280,b72b27e0618d3ee8901192b5a6fea8cbe28fc39a67c1c5f4022d3fa90e981598,未知,b3a1fc5ec72ad95e258b584f936ad46befab951e0ee9e43eaa18179e34974387,无法判定,FILE_STAT_OBSERVED_IDENTITY_UNPROVEN,本批次只读；若声明、输入、Schema或授权漂移，既有结论自动失效并须追加新批次,未读取业务正文、价格、成交、订单簿、账户或凭据；身份字段不完整,为该成员提供当前版本九字段声明及逐字段Schema、授权和唯一证据定位后追加不可变批次,2d50c1344a835ceeb832796935182aeff80bb03cecc5465c8cf3aaccbd446acd,a23c4d44f41c2fc245b02db92b59200f4b443888bdb532b601a5934f5c808064,07b9c1d9ee1ae4790ecd9eb7b4cc1b0f7807580a311afff5443ba5ed147662cc
source-identity-declaration-20260808T051806+0800-dd1e3d74dca4,ZI-522f5f18a2c43298e44a26a4,DS-000110,候选数据文件,ETH,4小时;8小时;24小时;48小时,15分钟;1小时,未知,未知,未知,未知,未知,未知,未知,未知,未知,未登记,无,config/数据/来源身份声明补采.json#身份声明[],b99035eb31437b822b0d8ed9b728e2fbb4b5cd8b8861010049ee43d74fc08647,0d59d080eb816bb6a7d5088cc871bec5cdc058074ced8ee38b7ac5e06efec7ea,186faeec98127cdb57c08f6b074402bf856678d6547dcdcf57f1f50bbcdaf750,未知,b3a1fc5ec72ad95e258b584f936ad46befab951e0ee9e43eaa18179e34974387,无法判定,FILE_STAT_OBSERVED_IDENTITY_UNPROVEN,本批次只读；若声明、输入、Schema或授权漂移，既有结论自动失效并须追加新批次,未读取业务正文、价格、成交、订单簿、账户或凭据；身份字段不完整,为该成员提供当前版本九字段声明及逐字段Schema、授权和唯一证据定位后追加不可变批次,2d50c1344a835ceeb832796935182aeff80bb03cecc5465c8cf3aaccbd446acd,a23c4d44f41c2fc245b02db92b59200f4b443888bdb532b601a5934f5c808064,901180880810399118564febeecb1ce596348218a92b6b2b033ffb390745345e
source-identity-declaration-20260808T051806+0800-dd1e3d74dca4,ZI-948caf7a69652dd732dcf038,DS-000111,候选数据文件,ETH,4小时;8小时;24小时;48小时,15分钟;1小时,未知,未知,未知,未知,未知,未知,未知,未知,未知,未登记,无,config/数据/来源身份声明补采.json#身份声明[],b99035eb31437b822b0d8ed9b728e2fbb4b5cd8b8861010049ee43d74fc08647,ecd8dfcecf158d395dac3a1c91df7786242adf9d0122c34ec458be58d766663f,abce5c0ce247279b37414ae6fa80a514eac7113552d74f3b3e5903541a232f67,未知,b3a1fc5ec72ad95e258b584f936ad46befab951e0ee9e43eaa18179e34974387,无法判定,FILE_STAT_OBSERVED_IDENTITY_UNPROVEN,本批次只读；若声明、输入、Schema或授权漂移，既有结论自动失效并须追加新批次,未读取业务正文、价格、成交、订单簿、账户或凭据；身份字段不完整,为该成员提供当前版本九字段声明及逐字段Schema、授权和唯一证据定位后追加不可变批次,2d50c1344a835ceeb832796935182aeff80bb03cecc5465c8cf3aaccbd446acd,a23c4d44f41c2fc245b02db92b59200f4b443888bdb532b601a5934f5c808064,e79547c6dba903c1a536114607e1c3ba7e67f83e85fbff03d2d4730d76aa3023
source-identity-declaration-20260808T051806+0800-dd1e3d74dca4,ZI-124ef7ebc1f1526ac48dfd87,DS-000112,候选数据文件,ETH,4小时;8小时;24小时;48小时,15分钟;1小时,未知,未知,未知,未知,未知,未知,未知,未知,未知,未登记,无,config/数据/来源身份声明补采.json#身份声明[],b99035eb31437b822b0d8ed9b728e2fbb4b5cd8b8861010049ee43d74fc08647,290fec9c99843ff43e2fa44b0685ae754abd94ccb79d11168effc2e257574e21,0e1be86dcb8f9564eada1e205e7c649eaa2fcb4b5a796399474ab14653fba1bb,未知,b3a1fc5ec72ad95e258b584f936ad46befab951e0ee9e43eaa18179e34974387,无法判定,FILE_STAT_OBSERVED_IDENTITY_UNPROVEN,本批次只读；若声明、输入、Schema或授权漂移，既有结论自动失效并须追加新批次,未读取业务正文、价格、成交、订单簿、账户或凭据；身份字段不完整,为该成员提供当前版本九字段声明及逐字段Schema、授权和唯一证据定位后追加不可变批次,2d50c1344a835ceeb832796935182aeff80bb03cecc5465c8cf3aaccbd446acd,a23c4d44f41c2fc245b02db92b59200f4b443888bdb532b601a5934f5c808064,759b68c106de1c54f9744d0d16e848b701a1cad5fa35c42f683fdb8d290b731c
source-identity-declaration-20260808T051806+0800-dd1e3d74dca4,ZI-b71a6fbf1eb839e99aabcaa0,DS-000113,候选数据文件,ETH,4小时;8小时;24小时;48小时,15分钟;1小时,未知,未知,未知,未知,未知,未知,未知,未知,未知,未登记,无,config/数据/来源身份声明补采.json#身份声明[],b99035eb31437b822b0d8ed9b728e2fbb4b5cd8b8861010049ee43d74fc08647,74f98b20f89a154b201438a140d3bf675ce8d06104663b525a9e689aa2eb0630,72cb58ae12ca003a8d29e7696a909f56cc2fc3510f34f17f6633c3ebdd16271d,未知,b3a1fc5ec72ad95e258b584f936ad46befab951e0ee9e43eaa18179e34974387,无法判定,FILE_STAT_OBSERVED_IDENTITY_UNPROVEN,本批次只读；若声明、输入、Schema或授权漂移，既有结论自动失效并须追加新批次,未读取业务正文、价格、成交、订单簿、账户或凭据；身份字段不完整,为该成员提供当前版本九字段声明及逐字段Schema、授权和唯一证据定位后追加不可变批次,2d50c1344a835ceeb832796935182aeff80bb03cecc5465c8cf3aaccbd446acd,a23c4d44f41c2fc245b02db92b59200f4b443888bdb532b601a5934f5c808064,f6fa0c9526c0fa068e9533a7f32148f2a9a89078fa778c633ba529cbbf24037a
source-identity-declaration-20260808T051806+0800-dd1e3d74dca4,ZI-fb8eceb7174d542153f29b96,DS-000114,候选数据文件,ETH,4小时;8小时;24小时;48小时,15分钟;1小时,未知,未知,未知,未知,未知,未知,未知,未知,未知,未登记,无,config/数据/来源身份声明补采.json#身份声明[],b99035eb31437b822b0d8ed9b728e2fbb4b5cd8b8861010049ee43d74fc08647,3e3fec896b931f582dddfe469e0dbe6e470535c77e3f7299e94f387b505d440c,cd8bd0bf961ed5ce3c2172a56ecd4ff74e43f63dd21c54c9f68830fc78260675,未知,b3a1fc5ec72ad95e258b584f936ad46befab951e0ee9e43eaa18179e34974387,无法判定,FILE_STAT_OBSERVED_IDENTITY_UNPROVEN,本批次只读；若声明、输入、Schema或授权漂移，既有结论自动失效并须追加新批次,未读取业务正文、价格、成交、订单簿、账户或凭据；身份字段不完整,为该成员提供当前版本九字段声明及逐字段Schema、授权和唯一证据定位后追加不可变批次,2d50c1344a835ceeb832796935182aeff80bb03cecc5465c8cf3aaccbd446acd,a23c4d44f41c2fc245b02db92b59200f4b443888bdb532b601a5934f5c808064,82dca173b781fd7f33b5bcb48d452b82c2aa09bef591f026b7de12f6b616571b
source-identity-declaration-20260808T051806+0800-dd1e3d74dca4,ZI-6cadad29dd1db87bcef7f5c6,DS-000115,候选数据文件,ETH,4小时;8小时;24小时;48小时,15分钟;1小时,未知,未知,未知,未知,未知,未知,未知,未知,未知,未登记,无,config/数据/来源身份声明补采.json#身份声明[],b99035eb31437b822b0d8ed9b728e2fbb4b5cd8b8861010049ee43d74fc08647,afe961774296dd8e04a4684cc5642629f080a957493c1cf954cf485a7e5763ed,dc00bf8a1426e1173a6a82c9ff91d646ecf18f5d79fc177f791bb09fa83fb0a3,未知,b3a1fc5ec72ad95e258b584f936ad46befab951e0ee9e43eaa18179e34974387,无法判定,FILE_STAT_OBSERVED_IDENTITY_UNPROVEN,本批次只读；若声明、输入、Schema或授权漂移，既有结论自动失效并须追加新批次,未读取业务正文、价格、成交、订单簿、账户或凭据；身份字段不完整,为该成员提供当前版本九字段声明及逐字段Schema、授权和唯一证据定位后追加不可变批次,2d50c1344a835ceeb832796935182aeff80bb03cecc5465c8cf3aaccbd446acd,a23c4d44f41c2fc245b02db92b59200f4b443888bdb532b601a5934f5c808064,91d5eefe40f0038baa1ddf30edf2cfaa9cee2277e0de3d0cf2d41b4154fe8695
source-identity-declaration-20260808T051806+0800-dd1e3d74dca4,ZI-a43c980922ba474cc2a6b934,DS-000116,候选数据文件,ETH,4小时;8小时;24小时;48小时,15分钟;1小时,未知,未知,未知,未知,未知,未知,未知,未知,未知,未登记,无,config/数据/来源身份声明补采.json#身份声明[],b99035eb31437b822b0d8ed9b728e2fbb4b5cd8b8861010049ee43d74fc08647,95fa942c0d61a4c0c67ab8892ee22b19e0375cf22f45b301d85fc2f861b76c4d,a9d20e61faa875734fc6c5c9a390b6a7c9bb31a6a855ed2e71d8b416a0c6cc31,未知,b3a1fc5ec72ad95e258b584f936ad46befab951e0ee9e43eaa18179e34974387,无法判定,FILE_STAT_OBSERVED_IDENTITY_UNPROVEN,本批次只读；若声明、输入、Schema或授权漂移，既有结论自动失效并须追加新批次,未读取业务正文、价格、成交、订单簿、账户或凭据；身份字段不完整,为该成员提供当前版本九字段声明及逐字段Schema、授权和唯一证据定位后追加不可变批次,2d50c1344a835ceeb832796935182aeff80bb03cecc5465c8cf3aaccbd446acd,a23c4d44f41c2fc245b02db92b59200f4b443888bdb532b601a5934f5c808064,44e149e6e2ddf1e133a7b46976ace7dadee6566cc8bc7aa9b13c79a215c35565
source-identity-declaration-20260808T051806+0800-dd1e3d74dca4,ZI-d95e5bea4bd8595d0a07f87d,DS-000117,候选数据文件,ETH,4小时;8小时;24小时;48小时,15分钟;1小时,未知,未知,未知,未知,未知,未知,未知,未知,未知,未登记,无,config/数据/来源身份声明补采.json#身份声明[],b99035eb31437b822b0d8ed9b728e2fbb4b5cd8b8861010049ee43d74fc08647,2618c38b7b3a4ced21d2f84d5249058929b44abacaed04c3d7145c62a9f2bed0,d0a8d864eea303ec7255229b7983bab2160f3d2900754f9e68b42a37f451df39,未知,b3a1fc5ec72ad95e258b584f936ad46befab951e0ee9e43eaa18179e34974387,无法判定,FILE_STAT_OBSERVED_IDENTITY_UNPROVEN,本批次只读；若声明、输入、Schema或授权漂移，既有结论自动失效并须追加新批次,未读取业务正文、价格、成交、订单簿、账户或凭据；身份字段不完整,为该成员提供当前版本九字段声明及逐字段Schema、授权和唯一证据定位后追加不可变批次,2d50c1344a835ceeb832796935182aeff80bb03cecc5465c8cf3aaccbd446acd,a23c4d44f41c2fc245b02db92b59200f4b443888bdb532b601a5934f5c808064,fc6591838ff55180b012f5abef09a398e38004cf7d42810b101a085a85258396
source-identity-declaration-20260808T051806+0800-dd1e3d74dca4,ZI-a39e4477353ef09703296a10,DS-000118,候选数据文件,ETH,4小时;8小时;24小时;48小时,15分钟;1小时,未知,未知,未知,未知,未知,未知,未知,未知,未知,未登记,无,config/数据/来源身份声明补采.json#身份声明[],b99035eb31437b822b0d8ed9b728e2fbb4b5cd8b8861010049ee43d74fc08647,2629abb375ff39ff81b4461aa7d5fc4b83971f1ffc8a8bab00958e8be26497cd,a89068d18bdc3031167387767fc39e4900d4aaa08e7f740b4acc85e167a6cc52,未知,b3a1fc5ec72ad95e258b584f936ad46befab951e0ee9e43eaa18179e34974387,无法判定,FILE_STAT_OBSERVED_IDENTITY_UNPROVEN,本批次只读；若声明、输入、Schema或授权漂移，既有结论自动失效并须追加新批次,未读取业务正文、价格、成交、订单簿、账户或凭据；身份字段不完整,为该成员提供当前版本九字段声明及逐字段Schema、授权和唯一证据定位后追加不可变批次,2d50c1344a835ceeb832796935182aeff80bb03cecc5465c8cf3aaccbd446acd,a23c4d44f41c2fc245b02db92b59200f4b443888bdb532b601a5934f5c808064,1cdaac49228f1e8ad3247a94798a6d92d07d02155a579b14fd39f8b27a203305
source-identity-declaration-20260808T051806+0800-dd1e3d74dca4,ZI-32308f1509c687cf0f344da5,DS-000119,候选数据文件,ETH,4小时;8小时;24小时;48小时,15分钟;1小时,未知,未知,未知,未知,未知,未知,未知,未知,未知,未登记,无,config/数据/来源身份声明补采.json#身份声明[],b99035eb31437b822b0d8ed9b728e2fbb4b5cd8b8861010049ee43d74fc08647,f69bb9fd69717fc62e973fd0f57005c2efdfa818a0c96a38198a12dc11340bf3,201c24234fdb0a4b82ff7c3e1ac7720c60a94739884be74ea71e0fec2c01b3f4,未知,b3a1fc5ec72ad95e258b584f936ad46befab951e0ee9e43eaa18179e34974387,无法判定,FILE_STAT_OBSERVED_IDENTITY_UNPROVEN,本批次只读；若声明、输入、Schema或授权漂移，既有结论自动失效并须追加新批次,未读取业务正文、价格、成交、订单簿、账户或凭据；身份字段不完整,为该成员提供当前版本九字段声明及逐字段Schema、授权和唯一证据定位后追加不可变批次,2d50c1344a835ceeb832796935182aeff80bb03cecc5465c8cf3aaccbd446acd,a23c4d44f41c2fc245b02db92b59200f4b443888bdb532b601a5934f5c808064,272f377c8bfe27023dc7718a8f2a9e9eafd7b8113364888a6c5466d683818a8b
source-identity-declaration-20260808T051806+0800-dd1e3d74dca4,ZI-c8b657067197415203a4d0ab,DS-000120,候选数据文件,ETH,4小时;8小时;24小时;48小时,15分钟;1小时,未知,未知,未知,未知,未知,未知,未知,未知,未知,未登记,无,config/数据/来源身份声明补采.json#身份声明[],b99035eb31437b822b0d8ed9b728e2fbb4b5cd8b8861010049ee43d74fc08647,6609c14cb9bb0288b24cb453d942c7508aab48529570a4aaf23dd54ab7dcf43a,92d878d4d42f0b5c171f596ebdd3cb6795536cb7f481022b3a152a3ef9d9088c,未知,b3a1fc5ec72ad95e258b584f936ad46befab951e0ee9e43eaa18179e34974387,无法判定,FILE_STAT_OBSERVED_IDENTITY_UNPROVEN,本批次只读；若声明、输入、Schema或授权漂移，既有结论自动失效并须追加新批次,未读取业务正文、价格、成交、订单簿、账户或凭据；身份字段不完整,为该成员提供当前版本九字段声明及逐字段Schema、授权和唯一证据定位后追加不可变批次,2d50c1344a835ceeb832796935182aeff80bb03cecc5465c8cf3aaccbd446acd,a23c4d44f41c2fc245b02db92b59200f4b443888bdb532b601a5934f5c808064,3d73503195dbbf1ad0db63b7d048fb272a667c7051424fedffab846c1282a99f
source-identity-declaration-20260808T051806+0800-dd1e3d74dca4,ZI-96e03b8dfd1417cc62d2f5c8,DS-000121,候选数据文件,ETH,4小时;8小时;24小时;48小时,15分钟;1小时,未知,未知,未知,未知,未知,未知,未知,未知,未知,未登记,无,config/数据/来源身份声明补采.json#身份声明[],b99035eb31437b822b0d8ed9b728e2fbb4b5cd8b8861010049ee43d74fc08647,6f11f05c8807a0f784213dce4eb03969122dc0a62e00b3d53e6bc473e342e278,bb047892a379b7419784df0d9cedd7e13bd29bc92dc6d96d34b7dbb3d7fe5cdf,未知,b3a1fc5ec72ad95e258b584f936ad46befab951e0ee9e43eaa18179e34974387,无法判定,FILE_STAT_OBSERVED_IDENTITY_UNPROVEN,本批次只读；若声明、输入、Schema或授权漂移，既有结论自动失效并须追加新批次,未读取业务正文、价格、成交、订单簿、账户或凭据；身份字段不完整,为该成员提供当前版本九字段声明及逐字段Schema、授权和唯一证据定位后追加不可变批次,2d50c1344a835ceeb832796935182aeff80bb03cecc5465c8cf3aaccbd446acd,a23c4d44f41c2fc245b02db92b59200f4b443888bdb532b601a5934f5c808064,e8a6357c11f488234141e07da37597625fedf9e53fdf88e36952b6ec32057487
source-identity-declaration-20260808T051806+0800-dd1e3d74dca4,ZI-9b6a6435fd0e4e93fdddcd4b,DS-000122,候选数据文件,ETH,4小时;8小时;24小时;48小时,15分钟;1小时,未知,未知,未知,未知,未知,未知,未知,未知,未知,未登记,无,config/数据/来源身份声明补采.json#身份声明[],b99035eb31437b822b0d8ed9b728e2fbb4b5cd8b8861010049ee43d74fc08647,dc6c4dd4e242874a6da8334f67590790f72bb66e1b5ab6d94aeec5b53ed494be,53843d761732812258f146c1b81e787cfa6ea85b783bc115247d0e92889eba34,未知,b3a1fc5ec72ad95e258b584f936ad46befab951e0ee9e43eaa18179e34974387,拒绝,INPUT_MEMBER_REJECTED,本批次只读；若声明、输入、Schema或授权漂移，既有结论自动失效并须追加新批次,未读取业务正文、价格、成交、订单簿、账户或凭据；身份字段不完整,为该成员提供当前版本九字段声明及逐字段Schema、授权和唯一证据定位后追加不可变批次,2d50c1344a835ceeb832796935182aeff80bb03cecc5465c8cf3aaccbd446acd,a23c4d44f41c2fc245b02db92b59200f4b443888bdb532b601a5934f5c808064,66c5f3dbd28861a65546e4609e95dbdf06d41bdc86ab4a210d0540dcaa4c2e06
source-identity-declaration-20260808T051806+0800-dd1e3d74dca4,ZI-d916726616ac733d0fe5c86b,DS-000123,候选数据文件,ETH,4小时;8小时;24小时;48小时,15分钟;1小时,未知,未知,未知,未知,未知,未知,未知,未知,未知,未登记,无,config/数据/来源身份声明补采.json#身份声明[],b99035eb31437b822b0d8ed9b728e2fbb4b5cd8b8861010049ee43d74fc08647,b544e385d3e89d4bc872b681fb7b43c8c29c35cf1a2255fb1eb792ab42e092e7,13670b327c3ce0d3e355441dc6d99ac6734dda910217dd7f4731c23bc8375d31,未知,b3a1fc5ec72ad95e258b584f936ad46befab951e0ee9e43eaa18179e34974387,无法判定,FILE_STAT_OBSERVED_IDENTITY_UNPROVEN,本批次只读；若声明、输入、Schema或授权漂移，既有结论自动失效并须追加新批次,未读取业务正文、价格、成交、订单簿、账户或凭据；身份字段不完整,为该成员提供当前版本九字段声明及逐字段Schema、授权和唯一证据定位后追加不可变批次,2d50c1344a835ceeb832796935182aeff80bb03cecc5465c8cf3aaccbd446acd,a23c4d44f41c2fc245b02db92b59200f4b443888bdb532b601a5934f5c808064,1025c29262497df79db7c983ab2639980074fbd2260791bb289b85b3ff52a9f7
source-identity-declaration-20260808T051806+0800-dd1e3d74dca4,ZI-ae71724e7b86bd2429dfecb6,DS-000124,候选数据文件,ETH,4小时;8小时;24小时;48小时,15分钟;1小时,未知,未知,未知,未知,未知,未知,未知,未知,未知,未登记,无,config/数据/来源身份声明补采.json#身份声明[],b99035eb31437b822b0d8ed9b728e2fbb4b5cd8b8861010049ee43d74fc08647,d7ef1e10d9720d76b7d47a520b7439f7ef8aa78a7560836f22971cf752ef3294,62fc33658b158f02bfe3de01b5eedca81e9c8ac93e348916fa9458a8ffacd315,未知,b3a1fc5ec72ad95e258b584f936ad46befab951e0ee9e43eaa18179e34974387,无法判定,FILE_STAT_OBSERVED_IDENTITY_UNPROVEN,本批次只读；若声明、输入、Schema或授权漂移，既有结论自动失效并须追加新批次,未读取业务正文、价格、成交、订单簿、账户或凭据；身份字段不完整,为该成员提供当前版本九字段声明及逐字段Schema、授权和唯一证据定位后追加不可变批次,2d50c1344a835ceeb832796935182aeff80bb03cecc5465c8cf3aaccbd446acd,a23c4d44f41c2fc245b02db92b59200f4b443888bdb532b601a5934f5c808064,71ccabee095aa9018bc4cf52a573df90d137b57a0d825077eec850f8d06f5ff1
source-identity-declaration-20260808T051806+0800-dd1e3d74dca4,ZI-a1c2af0e2150cb725d7922b3,DS-000125,候选数据文件,ETH,4小时;8小时;24小时;48小时,15分钟;1小时,未知,未知,未知,未知,未知,未知,未知,未知,未知,未登记,无,config/数据/来源身份声明补采.json#身份声明[],b99035eb31437b822b0d8ed9b728e2fbb4b5cd8b8861010049ee43d74fc08647,933516055a642714098755bbe9c599785c999703fbef73dc81e13069d74aa18f,ec513f8c058cb105f4032d6fa7282c197e5a78cf4c151b0571d00dd8dc4f7dd2,未知,b3a1fc5ec72ad95e258b584f936ad46befab951e0ee9e43eaa18179e34974387,无法判定,FILE_STAT_OBSERVED_IDENTITY_UNPROVEN,本批次只读；若声明、输入、Schema或授权漂移，既有结论自动失效并须追加新批次,未读取业务正文、价格、成交、订单簿、账户或凭据；身份字段不完整,为该成员提供当前版本九字段声明及逐字段Schema、授权和唯一证据定位后追加不可变批次,2d50c1344a835ceeb832796935182aeff80bb03cecc5465c8cf3aaccbd446acd,a23c4d44f41c2fc245b02db92b59200f4b443888bdb532b601a5934f5c808064,9a6d66abf846b1299718ae910c7210fffd9d8334a8a0aa3b2339c716944263d3
source-identity-declaration-20260808T051806+0800-dd1e3d74dca4,ZI-29d969a16e11f4bd31de81b7,DS-000126,候选数据文件,ETH,4小时;8小时;24小时;48小时,15分钟;1小时,未知,未知,未知,未知,未知,未知,未知,未知,未知,未登记,无,config/数据/来源身份声明补采.json#身份声明[],b99035eb31437b822b0d8ed9b728e2fbb4b5cd8b8861010049ee43d74fc08647,9499e61c0227984474b6b7c023dc310fcae06907a46958e429501d3e6b006798,f8cc85fd88b4d152c3a85acf0e6f5ad15e2df327db073f7f1078063e5e4389df,未知,b3a1fc5ec72ad95e258b584f936ad46befab951e0ee9e43eaa18179e34974387,无法判定,FILE_STAT_OBSERVED_IDENTITY_UNPROVEN,本批次只读；若声明、输入、Schema或授权漂移，既有结论自动失效并须追加新批次,未读取业务正文、价格、成交、订单簿、账户或凭据；身份字段不完整,为该成员提供当前版本九字段声明及逐字段Schema、授权和唯一证据定位后追加不可变批次,2d50c1344a835ceeb832796935182aeff80bb03cecc5465c8cf3aaccbd446acd,a23c4d44f41c2fc245b02db92b59200f4b443888bdb532b601a5934f5c808064,e3371226721b6632c83c1086cbc1155252b7a93f94d2855eee2b005b5c21b10b
source-identity-declaration-20260808T051806+0800-dd1e3d74dca4,ZI-aa7eaed70207def65a665413,DS-000127,候选数据文件,ETH,4小时;8小时;24小时;48小时,15分钟;1小时,未知,未知,未知,未知,未知,未知,未知,未知,未知,未登记,无,config/数据/来源身份声明补采.json#身份声明[],b99035eb31437b822b0d8ed9b728e2fbb4b5cd8b8861010049ee43d74fc08647,7498b9a041f4b609fbd9b5447119d9522ae1aaf59ff427378718c2833bf39af8,6876393fb377a2dddbdd0f3704f2a6600684cd6c4f20a91ee5c598a91896511a,未知,b3a1fc5ec72ad95e258b584f936ad46befab951e0ee9e43eaa18179e34974387,无法判定,FILE_STAT_OBSERVED_IDENTITY_UNPROVEN,本批次只读；若声明、输入、Schema或授权漂移，既有结论自动失效并须追加新批次,未读取业务正文、价格、成交、订单簿、账户或凭据；身份字段不完整,为该成员提供当前版本九字段声明及逐字段Schema、授权和唯一证据定位后追加不可变批次,2d50c1344a835ceeb832796935182aeff80bb03cecc5465c8cf3aaccbd446acd,a23c4d44f41c2fc245b02db92b59200f4b443888bdb532b601a5934f5c808064,5161ebe9067cdae8698ca80b5d6ceba4101fbf821a3dabf78adc469997a8ddce
source-identity-declaration-20260808T051806+0800-dd1e3d74dca4,ZI-78306459bee5126083d5ca1b,DS-000128,候选数据文件,ETH,4小时;8小时;24小时;48小时,15分钟;1小时,未知,未知,未知,未知,未知,未知,未知,未知,未知,未登记,无,config/数据/来源身份声明补采.json#身份声明[],b99035eb31437b822b0d8ed9b728e2fbb4b5cd8b8861010049ee43d74fc08647,8784b44479961e1fc5e62e73d76c8f43f5274c03f210a3417d777a7b86f3c045,3778f5a272bf10f74727c3c30bcea740586d7993016b625b605c66a82dcac354,未知,b3a1fc5ec72ad95e258b584f936ad46befab951e0ee9e43eaa18179e34974387,无法判定,FILE_STAT_OBSERVED_IDENTITY_UNPROVEN,本批次只读；若声明、输入、Schema或授权漂移，既有结论自动失效并须追加新批次,未读取业务正文、价格、成交、订单簿、账户或凭据；身份字段不完整,为该成员提供当前版本九字段声明及逐字段Schema、授权和唯一证据定位后追加不可变批次,2d50c1344a835ceeb832796935182aeff80bb03cecc5465c8cf3aaccbd446acd,a23c4d44f41c2fc245b02db92b59200f4b443888bdb532b601a5934f5c808064,5aafa278ed0640295b1b7702a3664700763079be990a1de37586a856332c1768
source-identity-declaration-20260808T051806+0800-dd1e3d74dca4,ZI-15e8fafad806d350e4ebb681,DS-000129,候选数据文件,ETH,4小时;8小时;24小时;48小时,15分钟;1小时,未知,未知,未知,未知,未知,未知,未知,未知,未知,未登记,无,config/数据/来源身份声明补采.json#身份声明[],b99035eb31437b822b0d8ed9b728e2fbb4b5cd8b8861010049ee43d74fc08647,6ec29ab16a61a9874de644237ea1f88b4281182c44ec3b7aabeceff905c3c1fe,b9fe115bbe71bc2df097758de5421c48df29bb6dece7319e86e3b4f4104d7ba3,未知,b3a1fc5ec72ad95e258b584f936ad46befab951e0ee9e43eaa18179e34974387,无法判定,FILE_STAT_OBSERVED_IDENTITY_UNPROVEN,本批次只读；若声明、输入、Schema或授权漂移，既有结论自动失效并须追加新批次,未读取业务正文、价格、成交、订单簿、账户或凭据；身份字段不完整,为该成员提供当前版本九字段声明及逐字段Schema、授权和唯一证据定位后追加不可变批次,2d50c1344a835ceeb832796935182aeff80bb03cecc5465c8cf3aaccbd446acd,a23c4d44f41c2fc245b02db92b59200f4b443888bdb532b601a5934f5c808064,8cb46dea248546202b48e60d9e876ba141d693a848e083564e29c1e531d9ff39
source-identity-declaration-20260808T051806+0800-dd1e3d74dca4,ZI-e50bece42ff511d1e0d48550,DS-000130,候选数据文件,ETH,4小时;8小时;24小时;48小时,15分钟;1小时,未知,未知,未知,未知,未知,未知,未知,未知,未知,未登记,无,config/数据/来源身份声明补采.json#身份声明[],b99035eb31437b822b0d8ed9b728e2fbb4b5cd8b8861010049ee43d74fc08647,31a5fa38e253ae35bbd283a09e22b12ae2d20072cacd4fec29ddc407fc7c2c5a,ab1fa132bb5dedae2aee599d307ef6afbd15ef8e10247d61d8c83173266e0a23,未知,b3a1fc5ec72ad95e258b584f936ad46befab951e0ee9e43eaa18179e34974387,无法判定,FILE_STAT_OBSERVED_IDENTITY_UNPROVEN,本批次只读；若声明、输入、Schema或授权漂移，既有结论自动失效并须追加新批次,未读取业务正文、价格、成交、订单簿、账户或凭据；身份字段不完整,为该成员提供当前版本九字段声明及逐字段Schema、授权和唯一证据定位后追加不可变批次,2d50c1344a835ceeb832796935182aeff80bb03cecc5465c8cf3aaccbd446acd,a23c4d44f41c2fc245b02db92b59200f4b443888bdb532b601a5934f5c808064,127b395585d59ba0f191049c0849b35e87ab45e500ec7dcd77d9084dc1055fa7
source-identity-declaration-20260808T051806+0800-dd1e3d74dca4,ZI-c6ca120312806c1468e1741f,DS-000131,候选数据文件,ETH,4小时;8小时;24小时;48小时,15分钟;1小时,未知,未知,未知,未知,未知,未知,未知,未知,未知,未登记,无,config/数据/来源身份声明补采.json#身份声明[],b99035eb31437b822b0d8ed9b728e2fbb4b5cd8b8861010049ee43d74fc08647,596462ea846e3b15707b59be416da11412b9e52c6d94c741ad5be0a70d1dfffe,849871286b1f3a7bb36005a3c4170984f7a55ddeda2e82f3720e21c78af7536d,未知,b3a1fc5ec72ad95e258b584f936ad46befab951e0ee9e43eaa18179e34974387,无法判定,FILE_STAT_OBSERVED_IDENTITY_UNPROVEN,本批次只读；若声明、输入、Schema或授权漂移，既有结论自动失效并须追加新批次,未读取业务正文、价格、成交、订单簿、账户或凭据；身份字段不完整,为该成员提供当前版本九字段声明及逐字段Schema、授权和唯一证据定位后追加不可变批次,2d50c1344a835ceeb832796935182aeff80bb03cecc5465c8cf3aaccbd446acd,a23c4d44f41c2fc245b02db92b59200f4b443888bdb532b601a5934f5c808064,d57d0ec575348cdb0bd4bb276fbed92e04fdc7966c6f0cce85fe1210be7f2724
source-identity-declaration-20260808T051806+0800-dd1e3d74dca4,ZI-fa50ac0aca694ec35ea7d49d,DS-000132,候选数据文件,ETH,4小时;8小时;24小时;48小时,15分钟;1小时,未知,未知,未知,未知,未知,未知,未知,未知,未知,未登记,无,config/数据/来源身份声明补采.json#身份声明[],b99035eb31437b822b0d8ed9b728e2fbb4b5cd8b8861010049ee43d74fc08647,b92d68f0c6a28fd076fc8affb08361f7b721d840be639dd0fdcd9e4063f945e2,0e07540ee3310c57505f2e3e874b1df4f26fc44746b94ed2025d1b60856d53a3,未知,b3a1fc5ec72ad95e258b584f936ad46befab951e0ee9e43eaa18179e34974387,无法判定,FILE_STAT_OBSERVED_IDENTITY_UNPROVEN,本批次只读；若声明、输入、Schema或授权漂移，既有结论自动失效并须追加新批次,未读取业务正文、价格、成交、订单簿、账户或凭据；身份字段不完整,为该成员提供当前版本九字段声明及逐字段Schema、授权和唯一证据定位后追加不可变批次,2d50c1344a835ceeb832796935182aeff80bb03cecc5465c8cf3aaccbd446acd,a23c4d44f41c2fc245b02db92b59200f4b443888bdb532b601a5934f5c808064,db18b21c12b7de112e4f80e7d24aa58f44e40615df4ba97dbd9f8bb5b99e0212
source-identity-declaration-20260808T051806+0800-dd1e3d74dca4,ZI-f544842772244a2c3b3b1523,DS-000133,候选数据文件,ETH,4小时;8小时;24小时;48小时,15分钟;1小时,未知,未知,未知,未知,未知,未知,未知,未知,未知,未登记,无,config/数据/来源身份声明补采.json#身份声明[],b99035eb31437b822b0d8ed9b728e2fbb4b5cd8b8861010049ee43d74fc08647,d49b3cdefe936c41685bf10613de132b9f5d9198120e45aae55859f797788158,70e1444628d1622cd802bd2ee74a014e8a620cff9fd655e3880e74a7d3c8b8b7,未知,b3a1fc5ec72ad95e258b584f936ad46befab951e0ee9e43eaa18179e34974387,无法判定,FILE_STAT_OBSERVED_IDENTITY_UNPROVEN,本批次只读；若声明、输入、Schema或授权漂移，既有结论自动失效并须追加新批次,未读取业务正文、价格、成交、订单簿、账户或凭据；身份字段不完整,为该成员提供当前版本九字段声明及逐字段Schema、授权和唯一证据定位后追加不可变批次,2d50c1344a835ceeb832796935182aeff80bb03cecc5465c8cf3aaccbd446acd,a23c4d44f41c2fc245b02db92b59200f4b443888bdb532b601a5934f5c808064,868b3e6f0b26fe419bf367b410f57c07249c4607baa8fefc1e3b8518e3f9d0d6
source-identity-declaration-20260808T051806+0800-dd1e3d74dca4,ZI-f50adb5a90eeb1431aaf8e6f,DS-000134,候选数据文件,ETH,4小时;8小时;24小时;48小时,15分钟;1小时,未知,未知,未知,未知,未知,未知,未知,未知,未知,未登记,无,config/数据/来源身份声明补采.json#身份声明[],b99035eb31437b822b0d8ed9b728e2fbb4b5cd8b8861010049ee43d74fc08647,0e6fc6a736706f9c8311f0bcd6cac49d78a213f394e2feafda517cd5a5854e7d,99f1d24909a2843e1fcd95fc876654a847ae45806c4adae55c444399995f0ec8,未知,b3a1fc5ec72ad95e258b584f936ad46befab951e0ee9e43eaa18179e34974387,无法判定,FILE_STAT_OBSERVED_IDENTITY_UNPROVEN,本批次只读；若声明、输入、Schema或授权漂移，既有结论自动失效并须追加新批次,未读取业务正文、价格、成交、订单簿、账户或凭据；身份字段不完整,为该成员提供当前版本九字段声明及逐字段Schema、授权和唯一证据定位后追加不可变批次,2d50c1344a835ceeb832796935182aeff80bb03cecc5465c8cf3aaccbd446acd,a23c4d44f41c2fc245b02db92b59200f4b443888bdb532b601a5934f5c808064,7973469757391a9b89c419dd6e0209b67ab3c44fa2fd8597a3e3dcc44fecf1ba
source-identity-declaration-20260808T051806+0800-dd1e3d74dca4,ZI-ac125017000539cbb186e9e0,DS-000135,候选数据文件,ETH,4小时;8小时;24小时;48小时,15分钟;1小时,未知,未知,未知,未知,未知,未知,未知,未知,未知,未登记,无,config/数据/来源身份声明补采.json#身份声明[],b99035eb31437b822b0d8ed9b728e2fbb4b5cd8b8861010049ee43d74fc08647,6ed4afcb16dadb13cea1399f219a898bff5d238791ebd03cea6a0bd7d98b1ff5,e3d98fa985e8b77d96cab83fffc66cfc094f5d9dcffcba011bab1d69029e238b,未知,b3a1fc5ec72ad95e258b584f936ad46befab951e0ee9e43eaa18179e34974387,无法判定,FILE_STAT_OBSERVED_IDENTITY_UNPROVEN,本批次只读；若声明、输入、Schema或授权漂移，既有结论自动失效并须追加新批次,未读取业务正文、价格、成交、订单簿、账户或凭据；身份字段不完整,为该成员提供当前版本九字段声明及逐字段Schema、授权和唯一证据定位后追加不可变批次,2d50c1344a835ceeb832796935182aeff80bb03cecc5465c8cf3aaccbd446acd,a23c4d44f41c2fc245b02db92b59200f4b443888bdb532b601a5934f5c808064,d7c755c516da1bed34e52465498094ca880450892cf629d9d27b2fb07dfff655
source-identity-declaration-20260808T051806+0800-dd1e3d74dca4,ZI-8a4556082f31195079e25714,DS-000136,候选数据文件,ETH,4小时;8小时;24小时;48小时,15分钟;1小时,未知,未知,未知,未知,未知,未知,未知,未知,未知,未登记,无,config/数据/来源身份声明补采.json#身份声明[],b99035eb31437b822b0d8ed9b728e2fbb4b5cd8b8861010049ee43d74fc08647,c642096c5b9e47e8fb6d3af1ce33b6503b701f275d986dc3c80518fafa656b62,f891c3fe3008bfa69c81d678ef19f93b5031d32dc4999017e03a2b18febebf1c,未知,b3a1fc5ec72ad95e258b584f936ad46befab951e0ee9e43eaa18179e34974387,无法判定,FILE_STAT_OBSERVED_IDENTITY_UNPROVEN,本批次只读；若声明、输入、Schema或授权漂移，既有结论自动失效并须追加新批次,未读取业务正文、价格、成交、订单簿、账户或凭据；身份字段不完整,为该成员提供当前版本九字段声明及逐字段Schema、授权和唯一证据定位后追加不可变批次,2d50c1344a835ceeb832796935182aeff80bb03cecc5465c8cf3aaccbd446acd,a23c4d44f41c2fc245b02db92b59200f4b443888bdb532b601a5934f5c808064,a01960c6d72780e9fd4575acb97b463fc61c79bd0337dda362ed988386f59a20
source-identity-declaration-20260808T051806+0800-dd1e3d74dca4,ZI-7fbd50767008b59c67c6188b,DS-000137,候选数据文件,ETH,4小时;8小时;24小时;48小时,15分钟;1小时,未知,未知,未知,未知,未知,未知,未知,未知,未知,未登记,无,config/数据/来源身份声明补采.json#身份声明[],b99035eb31437b822b0d8ed9b728e2fbb4b5cd8b8861010049ee43d74fc08647,85fd815ad566ecce9ab78d9848bdc57c2a3a789413ea3fae7ede25ed0d770f0f,d0b76e2f60f07725e40956ca4ac492da69b0acd4cfbfd313e30bc0ff90fcbec5,未知,b3a1fc5ec72ad95e258b584f936ad46befab951e0ee9e43eaa18179e34974387,无法判定,FILE_STAT_OBSERVED_IDENTITY_UNPROVEN,本批次只读；若声明、输入、Schema或授权漂移，既有结论自动失效并须追加新批次,未读取业务正文、价格、成交、订单簿、账户或凭据；身份字段不完整,为该成员提供当前版本九字段声明及逐字段Schema、授权和唯一证据定位后追加不可变批次,2d50c1344a835ceeb832796935182aeff80bb03cecc5465c8cf3aaccbd446acd,a23c4d44f41c2fc245b02db92b59200f4b443888bdb532b601a5934f5c808064,4dc0126291174cb7da6d152dbec181c697b609d1600de1eecf64d3cd451ceea7
source-identity-declaration-20260808T051806+0800-dd1e3d74dca4,ZI-d42dfffaf1e7325a9791ebb0,DS-000138,候选数据文件,ETH,4小时;8小时;24小时;48小时,15分钟;1小时,未知,未知,未知,未知,未知,未知,未知,未知,未知,未登记,无,config/数据/来源身份声明补采.json#身份声明[],b99035eb31437b822b0d8ed9b728e2fbb4b5cd8b8861010049ee43d74fc08647,91cc4ad9a33161955c014a7f07d248bcafc3f5be08813d91e27a18d6a42f55c4,2b9a094e824f1ebadf6f57ffe303e6b9b512da431b40899c361a87df2ebfcf54,未知,b3a1fc5ec72ad95e258b584f936ad46befab951e0ee9e43eaa18179e34974387,无法判定,FILE_STAT_OBSERVED_IDENTITY_UNPROVEN,本批次只读；若声明、输入、Schema或授权漂移，既有结论自动失效并须追加新批次,未读取业务正文、价格、成交、订单簿、账户或凭据；身份字段不完整,为该成员提供当前版本九字段声明及逐字段Schema、授权和唯一证据定位后追加不可变批次,2d50c1344a835ceeb832796935182aeff80bb03cecc5465c8cf3aaccbd446acd,a23c4d44f41c2fc245b02db92b59200f4b443888bdb532b601a5934f5c808064,42bde90e0757b9746edf1ce48ac5e49f58715cd20686e87fbbfde67f646f6af1
source-identity-declaration-20260808T051806+0800-dd1e3d74dca4,ZI-6f1fa6a3669f54977b46b883,DS-000139,候选数据文件,ETH,4小时;8小时;24小时;48小时,15分钟;1小时,未知,未知,未知,未知,未知,未知,未知,未知,未知,未登记,无,config/数据/来源身份声明补采.json#身份声明[],b99035eb31437b822b0d8ed9b728e2fbb4b5cd8b8861010049ee43d74fc08647,fe64d848475c7415a5eb6c92b24f0b9a75641d0388cb76d8ab63008be5e3a74a,163076bb1877110a64910e904e645ef22820486d7d9509fb3d2acc194731aebf,未知,b3a1fc5ec72ad95e258b584f936ad46befab951e0ee9e43eaa18179e34974387,无法判定,FILE_STAT_OBSERVED_IDENTITY_UNPROVEN,本批次只读；若声明、输入、Schema或授权漂移，既有结论自动失效并须追加新批次,未读取业务正文、价格、成交、订单簿、账户或凭据；身份字段不完整,为该成员提供当前版本九字段声明及逐字段Schema、授权和唯一证据定位后追加不可变批次,2d50c1344a835ceeb832796935182aeff80bb03cecc5465c8cf3aaccbd446acd,a23c4d44f41c2fc245b02db92b59200f4b443888bdb532b601a5934f5c808064,58926dc3637106f1f7ea6e68bea69ba4dbf46c96b6322073193fd9c7426f7310
source-identity-declaration-20260808T051806+0800-dd1e3d74dca4,ZI-9ae4aebc405506a01a9d8535,DS-000140,候选数据文件,ETH,4小时;8小时;24小时;48小时,15分钟;1小时,未知,未知,未知,未知,未知,未知,未知,未知,未知,未登记,无,config/数据/来源身份声明补采.json#身份声明[],b99035eb31437b822b0d8ed9b728e2fbb4b5cd8b8861010049ee43d74fc08647,009afddc569c187b643514b715c578f909c030480467dad3f80f258b9e5dba7d,b5d559a5d3cdd08a4788c563af9e2198fe71cf31cfce29cd5e6d06dc6baaf1f4,未知,b3a1fc5ec72ad95e258b584f936ad46befab951e0ee9e43eaa18179e34974387,无法判定,FILE_STAT_OBSERVED_IDENTITY_UNPROVEN,本批次只读；若声明、输入、Schema或授权漂移，既有结论自动失效并须追加新批次,未读取业务正文、价格、成交、订单簿、账户或凭据；身份字段不完整,为该成员提供当前版本九字段声明及逐字段Schema、授权和唯一证据定位后追加不可变批次,2d50c1344a835ceeb832796935182aeff80bb03cecc5465c8cf3aaccbd446acd,a23c4d44f41c2fc245b02db92b59200f4b443888bdb532b601a5934f5c808064,4fc24f1a791973b85ece126647de0f8d8ddea56561a00f1879ff32fa31926fa2
source-identity-declaration-20260808T051806+0800-dd1e3d74dca4,ZI-c4e271ec601f60ae22ae68de,DS-000141,候选数据文件,ETH,4小时;8小时;24小时;48小时,15分钟;1小时,未知,未知,未知,未知,未知,未知,未知,未知,未知,未登记,无,config/数据/来源身份声明补采.json#身份声明[],b99035eb31437b822b0d8ed9b728e2fbb4b5cd8b8861010049ee43d74fc08647,27f7235cee2d01a99bf0f9f1109e9272501fdb8df65e8befd348f081a6e8a5b8,0c126a0aaaabe4b976e650584466e255c22e869e8792738629f422ecbf58dda1,未知,b3a1fc5ec72ad95e258b584f936ad46befab951e0ee9e43eaa18179e34974387,无法判定,FILE_STAT_OBSERVED_IDENTITY_UNPROVEN,本批次只读；若声明、输入、Schema或授权漂移，既有结论自动失效并须追加新批次,未读取业务正文、价格、成交、订单簿、账户或凭据；身份字段不完整,为该成员提供当前版本九字段声明及逐字段Schema、授权和唯一证据定位后追加不可变批次,2d50c1344a835ceeb832796935182aeff80bb03cecc5465c8cf3aaccbd446acd,a23c4d44f41c2fc245b02db92b59200f4b443888bdb532b601a5934f5c808064,7e0bd40f3650b63b39d33ce72077c7710bdd72912353539b6a47a8d39ea7a6f2
source-identity-declaration-20260808T051806+0800-dd1e3d74dca4,ZI-6342bb9c8d59867fd7bda81e,DS-000142,候选数据文件,ETH,4小时;8小时;24小时;48小时,15分钟;1小时,未知,未知,未知,未知,未知,未知,未知,未知,未知,未登记,无,config/数据/来源身份声明补采.json#身份声明[],b99035eb31437b822b0d8ed9b728e2fbb4b5cd8b8861010049ee43d74fc08647,80fa1bd6e7005895cf660e56647c09e7daa74e86af408dd82f83ee4d04c6f8b5,ac346df94f38428a491d9033ce3ef6903ce1e2ac4a7c2d04dfde3d4668a39b68,未知,b3a1fc5ec72ad95e258b584f936ad46befab951e0ee9e43eaa18179e34974387,无法判定,FILE_STAT_OBSERVED_IDENTITY_UNPROVEN,本批次只读；若声明、输入、Schema或授权漂移，既有结论自动失效并须追加新批次,未读取业务正文、价格、成交、订单簿、账户或凭据；身份字段不完整,为该成员提供当前版本九字段声明及逐字段Schema、授权和唯一证据定位后追加不可变批次,2d50c1344a835ceeb832796935182aeff80bb03cecc5465c8cf3aaccbd446acd,a23c4d44f41c2fc245b02db92b59200f4b443888bdb532b601a5934f5c808064,f23b81ef3e7d83fbb52f9c9b3fee360409ba7693268c4651e7382e6ddac80725
source-identity-declaration-20260808T051806+0800-dd1e3d74dca4,ZI-489d5d8588e9630edc50e1b1,DS-000143,候选数据文件,ETH,4小时;8小时;24小时;48小时,15分钟;1小时,未知,未知,未知,未知,未知,未知,未知,未知,未知,未登记,无,config/数据/来源身份声明补采.json#身份声明[],b99035eb31437b822b0d8ed9b728e2fbb4b5cd8b8861010049ee43d74fc08647,4d297614b41f56e3ac145165007736d4e5d0fc857ba98d3ee2525ae214f66bb1,516aacef531681e029560d1d5f4698e55ef8938d65a28b8bb7b53affef0090b5,未知,b3a1fc5ec72ad95e258b584f936ad46befab951e0ee9e43eaa18179e34974387,无法判定,FILE_STAT_OBSERVED_IDENTITY_UNPROVEN,本批次只读；若声明、输入、Schema或授权漂移，既有结论自动失效并须追加新批次,未读取业务正文、价格、成交、订单簿、账户或凭据；身份字段不完整,为该成员提供当前版本九字段声明及逐字段Schema、授权和唯一证据定位后追加不可变批次,2d50c1344a835ceeb832796935182aeff80bb03cecc5465c8cf3aaccbd446acd,a23c4d44f41c2fc245b02db92b59200f4b443888bdb532b601a5934f5c808064,a71d94ee84b7ade57aeeded8633221635f9866820990014beaabe09921143132
source-identity-declaration-20260808T051806+0800-dd1e3d74dca4,ZI-eeabae9bad9c7be33d76a591,DS-000144,候选数据文件,ETH,4小时;8小时;24小时;48小时,15分钟;1小时,未知,未知,未知,未知,未知,未知,未知,未知,未知,未登记,无,config/数据/来源身份声明补采.json#身份声明[],b99035eb31437b822b0d8ed9b728e2fbb4b5cd8b8861010049ee43d74fc08647,a37f1429695718fc7f7e8f2425da19674e90d6a02d7bb8ff8ce85e66a4f07074,13e2fdb5315ff33a190ad958df8d0df9bcb268f39b696634df5d1e3c89bb0de0,未知,b3a1fc5ec72ad95e258b584f936ad46befab951e0ee9e43eaa18179e34974387,无法判定,FILE_STAT_OBSERVED_IDENTITY_UNPROVEN,本批次只读；若声明、输入、Schema或授权漂移，既有结论自动失效并须追加新批次,未读取业务正文、价格、成交、订单簿、账户或凭据；身份字段不完整,为该成员提供当前版本九字段声明及逐字段Schema、授权和唯一证据定位后追加不可变批次,2d50c1344a835ceeb832796935182aeff80bb03cecc5465c8cf3aaccbd446acd,a23c4d44f41c2fc245b02db92b59200f4b443888bdb532b601a5934f5c808064,ab77840cc43f334c9803ea8804a38989fe46b1f548853ce5c40b5740354a6411
source-identity-declaration-20260808T051806+0800-dd1e3d74dca4,ZI-8879fe92abceecb6a371d5c7,DS-000145,候选数据文件,ETH,4小时;8小时;24小时;48小时,15分钟;1小时,未知,未知,未知,未知,未知,未知,未知,未知,未知,未登记,无,config/数据/来源身份声明补采.json#身份声明[],b99035eb31437b822b0d8ed9b728e2fbb4b5cd8b8861010049ee43d74fc08647,12ba9cb4812d9b25d1ce7250ee24a6ecbad7c3e14871b3b350b5ff102581369a,7b852f78154c999774fe501679b321784ddb2a060a3be071fb854db79d271fd2,未知,b3a1fc5ec72ad95e258b584f936ad46befab951e0ee9e43eaa18179e34974387,无法判定,FILE_STAT_OBSERVED_IDENTITY_UNPROVEN,本批次只读；若声明、输入、Schema或授权漂移，既有结论自动失效并须追加新批次,未读取业务正文、价格、成交、订单簿、账户或凭据；身份字段不完整,为该成员提供当前版本九字段声明及逐字段Schema、授权和唯一证据定位后追加不可变批次,2d50c1344a835ceeb832796935182aeff80bb03cecc5465c8cf3aaccbd446acd,a23c4d44f41c2fc245b02db92b59200f4b443888bdb532b601a5934f5c808064,4ec8ab0e498ef0c2fcc37e4864d6605db1d5548561764fae638c480fc1bb4355
source-identity-declaration-20260808T051806+0800-dd1e3d74dca4,ZI-9e34c2cb88810c462910e30d,DS-000146,候选数据文件,ETH,4小时;8小时;24小时;48小时,15分钟;1小时,未知,未知,未知,未知,未知,未知,未知,未知,未知,未登记,无,config/数据/来源身份声明补采.json#身份声明[],b99035eb31437b822b0d8ed9b728e2fbb4b5cd8b8861010049ee43d74fc08647,c3cc5610c7e0e33b392b2bdea0167adef56d57f070b3e427f342c684b3ea0688,de03c4896cda37c0c66563807be46f38b891f742ad98e9ed0984cec1b6bae1d9,未知,b3a1fc5ec72ad95e258b584f936ad46befab951e0ee9e43eaa18179e34974387,无法判定,FILE_STAT_OBSERVED_IDENTITY_UNPROVEN,本批次只读；若声明、输入、Schema或授权漂移，既有结论自动失效并须追加新批次,未读取业务正文、价格、成交、订单簿、账户或凭据；身份字段不完整,为该成员提供当前版本九字段声明及逐字段Schema、授权和唯一证据定位后追加不可变批次,2d50c1344a835ceeb832796935182aeff80bb03cecc5465c8cf3aaccbd446acd,a23c4d44f41c2fc245b02db92b59200f4b443888bdb532b601a5934f5c808064,d640f3b872001b793a79f32824025c56740b0d9107f6ce4bc15b58e4a9a584bc
source-identity-declaration-20260808T051806+0800-dd1e3d74dca4,ZI-8461f08f625565257213a23c,DS-000147,候选数据文件,ETH,4小时;8小时;24小时;48小时,15分钟;1小时,未知,未知,未知,未知,未知,未知,未知,未知,未知,未登记,无,config/数据/来源身份声明补采.json#身份声明[],b99035eb31437b822b0d8ed9b728e2fbb4b5cd8b8861010049ee43d74fc08647,ffc57781fb71aec9cd924574bd3fbe2cedfaba4f4cb581fe866c9a9d0dbed1a9,ac590d7eabfb3ee19d164f71da201c86851f75b04b934a01c301489ffce903d5,未知,b3a1fc5ec72ad95e258b584f936ad46befab951e0ee9e43eaa18179e34974387,无法判定,FILE_STAT_OBSERVED_IDENTITY_UNPROVEN,本批次只读；若声明、输入、Schema或授权漂移，既有结论自动失效并须追加新批次,未读取业务正文、价格、成交、订单簿、账户或凭据；身份字段不完整,为该成员提供当前版本九字段声明及逐字段Schema、授权和唯一证据定位后追加不可变批次,2d50c1344a835ceeb832796935182aeff80bb03cecc5465c8cf3aaccbd446acd,a23c4d44f41c2fc245b02db92b59200f4b443888bdb532b601a5934f5c808064,4d09e8713a1161b2de1a750b594e775ff0c1c9feaacceea0243c8027a77a73cc
source-identity-declaration-20260808T051806+0800-dd1e3d74dca4,ZI-2ce49af2946877d7f4f7ea4b,DS-000148,候选数据文件,ETH,4小时;8小时;24小时;48小时,15分钟;1小时,未知,未知,未知,未知,未知,未知,未知,未知,未知,未登记,无,config/数据/来源身份声明补采.json#身份声明[],b99035eb31437b822b0d8ed9b728e2fbb4b5cd8b8861010049ee43d74fc08647,3a02343642236a2a3e657efef9c7518e0c47343c29a0fed06dac9abe93d62260,9b15026508f4301f1e2aefcc4d22d64380b8d8e581f3955d41c11761606ac24f,未知,b3a1fc5ec72ad95e258b584f936ad46befab951e0ee9e43eaa18179e34974387,无法判定,FILE_STAT_OBSERVED_IDENTITY_UNPROVEN,本批次只读；若声明、输入、Schema或授权漂移，既有结论自动失效并须追加新批次,未读取业务正文、价格、成交、订单簿、账户或凭据；身份字段不完整,为该成员提供当前版本九字段声明及逐字段Schema、授权和唯一证据定位后追加不可变批次,2d50c1344a835ceeb832796935182aeff80bb03cecc5465c8cf3aaccbd446acd,a23c4d44f41c2fc245b02db92b59200f4b443888bdb532b601a5934f5c808064,aa22564cd25edcca1ab8c1f04e73877ba3f40855acf0b8776db0d26949263a06
source-identity-declaration-20260808T051806+0800-dd1e3d74dca4,ZI-52ce2e32211b7fe8ae9f82c6,DS-000149,候选数据文件,ETH,4小时;8小时;24小时;48小时,15分钟;1小时,未知,未知,未知,未知,未知,未知,未知,未知,未知,未登记,无,config/数据/来源身份声明补采.json#身份声明[],b99035eb31437b822b0d8ed9b728e2fbb4b5cd8b8861010049ee43d74fc08647,a873240ba93a952953aa11ac5f6f40fac71db86b7055f9b2d8541c48f40d345b,c4c0fa8bfefc782ab8963b781ae8b3bd00c5081026ed977dc8a039084b1b3a25,未知,b3a1fc5ec72ad95e258b584f936ad46befab951e0ee9e43eaa18179e34974387,无法判定,FILE_STAT_OBSERVED_IDENTITY_UNPROVEN,本批次只读；若声明、输入、Schema或授权漂移，既有结论自动失效并须追加新批次,未读取业务正文、价格、成交、订单簿、账户或凭据；身份字段不完整,为该成员提供当前版本九字段声明及逐字段Schema、授权和唯一证据定位后追加不可变批次,2d50c1344a835ceeb832796935182aeff80bb03cecc5465c8cf3aaccbd446acd,a23c4d44f41c2fc245b02db92b59200f4b443888bdb532b601a5934f5c808064,a4fdd05d907644d591fcf890706ec987b50769f7fa58452ffc66fa52b3794bff
source-identity-declaration-20260808T051806+0800-dd1e3d74dca4,ZI-49395e6c68a237ad8cf076ee,DS-000150,候选数据文件,ETH,4小时;8小时;24小时;48小时,15分钟;1小时,未知,未知,未知,未知,未知,未知,未知,未知,未知,未登记,无,config/数据/来源身份声明补采.json#身份声明[],b99035eb31437b822b0d8ed9b728e2fbb4b5cd8b8861010049ee43d74fc08647,40939ad30387a7158ed57b306fe0d71798f08cbe52327025d40af30da47e9dc6,d707f1184ffd684db0b8c690dcefebd30e65310386a337a9481373f277d913da,未知,b3a1fc5ec72ad95e258b584f936ad46befab951e0ee9e43eaa18179e34974387,无法判定,FILE_STAT_OBSERVED_IDENTITY_UNPROVEN,本批次只读；若声明、输入、Schema或授权漂移，既有结论自动失效并须追加新批次,未读取业务正文、价格、成交、订单簿、账户或凭据；身份字段不完整,为该成员提供当前版本九字段声明及逐字段Schema、授权和唯一证据定位后追加不可变批次,2d50c1344a835ceeb832796935182aeff80bb03cecc5465c8cf3aaccbd446acd,a23c4d44f41c2fc245b02db92b59200f4b443888bdb532b601a5934f5c808064,757abc356f59c0815b826432996bcfca5a51253af14f3d544de7137f860cdd3f
source-identity-declaration-20260808T051806+0800-dd1e3d74dca4,ZI-5c9ff569ed602db0d19a25b4,DS-000151,候选数据文件,ETH,4小时;8小时;24小时;48小时,15分钟;1小时,未知,未知,未知,未知,未知,未知,未知,未知,未知,未登记,无,config/数据/来源身份声明补采.json#身份声明[],b99035eb31437b822b0d8ed9b728e2fbb4b5cd8b8861010049ee43d74fc08647,576e8c8e6487f15c636a679f4a040797e58715ed5fcaeaa34cc9be2b42fc0bd9,4430b05213f8fb6e099218b623736ef4a90c76a53846aa74227f9be1b4c02472,未知,b3a1fc5ec72ad95e258b584f936ad46befab951e0ee9e43eaa18179e34974387,无法判定,FILE_STAT_OBSERVED_IDENTITY_UNPROVEN,本批次只读；若声明、输入、Schema或授权漂移，既有结论自动失效并须追加新批次,未读取业务正文、价格、成交、订单簿、账户或凭据；身份字段不完整,为该成员提供当前版本九字段声明及逐字段Schema、授权和唯一证据定位后追加不可变批次,2d50c1344a835ceeb832796935182aeff80bb03cecc5465c8cf3aaccbd446acd,a23c4d44f41c2fc245b02db92b59200f4b443888bdb532b601a5934f5c808064,48394a5a4c84c558521127b851802f215ab43f52a86c83fc426dfdada39f60e9
source-identity-declaration-20260808T051806+0800-dd1e3d74dca4,ZI-eb6b36437e73935e6892948b,DS-000152,候选数据文件,ETH,4小时;8小时;24小时;48小时,15分钟;1小时,未知,未知,未知,未知,未知,未知,未知,未知,未知,未登记,无,config/数据/来源身份声明补采.json#身份声明[],b99035eb31437b822b0d8ed9b728e2fbb4b5cd8b8861010049ee43d74fc08647,72c373f523c68c010f48416824dc922cc7bdcb6a7af086a80aff26503846cc1f,108b6fbb555b3a70e9ee67cd5d1014f7d8fe2e5589151961829d64c52378056e,未知,b3a1fc5ec72ad95e258b584f936ad46befab951e0ee9e43eaa18179e34974387,无法判定,FILE_STAT_OBSERVED_IDENTITY_UNPROVEN,本批次只读；若声明、输入、Schema或授权漂移，既有结论自动失效并须追加新批次,未读取业务正文、价格、成交、订单簿、账户或凭据；身份字段不完整,为该成员提供当前版本九字段声明及逐字段Schema、授权和唯一证据定位后追加不可变批次,2d50c1344a835ceeb832796935182aeff80bb03cecc5465c8cf3aaccbd446acd,a23c4d44f41c2fc245b02db92b59200f4b443888bdb532b601a5934f5c808064,830d2f7b580ab9d166b41ee824a19e3afb10f3d8183d7c6f55da2bd3ed8bf807
source-identity-declaration-20260808T051806+0800-dd1e3d74dca4,ZI-7d0eac7d55708c645db23f34,DS-000153,候选数据文件,ETH,4小时;8小时;24小时;48小时,15分钟;1小时,未知,未知,未知,未知,未知,未知,未知,未知,未知,未登记,无,config/数据/来源身份声明补采.json#身份声明[],b99035eb31437b822b0d8ed9b728e2fbb4b5cd8b8861010049ee43d74fc08647,546a99b7d0834c6f48dec4b7ae8905dcf109bb0225eadb4e316d5042925f9656,0533d8e0b6d12c6b9ede3c937d4b10662e237dc6a3bad54eeb885580a8af4179,未知,b3a1fc5ec72ad95e258b584f936ad46befab951e0ee9e43eaa18179e34974387,无法判定,FILE_STAT_OBSERVED_IDENTITY_UNPROVEN,本批次只读；若声明、输入、Schema或授权漂移，既有结论自动失效并须追加新批次,未读取业务正文、价格、成交、订单簿、账户或凭据；身份字段不完整,为该成员提供当前版本九字段声明及逐字段Schema、授权和唯一证据定位后追加不可变批次,2d50c1344a835ceeb832796935182aeff80bb03cecc5465c8cf3aaccbd446acd,a23c4d44f41c2fc245b02db92b59200f4b443888bdb532b601a5934f5c808064,fc988449ddb7aeac539d637be876ed6a7c699f34f1512752b3acc6cea2bd519a
source-identity-declaration-20260808T051806+0800-dd1e3d74dca4,ZI-881ed8dfa8b5bd2659a6c1a3,DS-000154,候选数据文件,ETH,4小时;8小时;24小时;48小时,15分钟;1小时,未知,未知,未知,未知,未知,未知,未知,未知,未知,未登记,无,config/数据/来源身份声明补采.json#身份声明[],b99035eb31437b822b0d8ed9b728e2fbb4b5cd8b8861010049ee43d74fc08647,ee9e0ae362a297ec3bf7aa435152701795b513a1aff9467f7d54516156653425,9e9aeb1cd8dae51e446f83370f344a25cea9e53fd13366073c03d249cc438238,未知,b3a1fc5ec72ad95e258b584f936ad46befab951e0ee9e43eaa18179e34974387,无法判定,FILE_STAT_OBSERVED_IDENTITY_UNPROVEN,本批次只读；若声明、输入、Schema或授权漂移，既有结论自动失效并须追加新批次,未读取业务正文、价格、成交、订单簿、账户或凭据；身份字段不完整,为该成员提供当前版本九字段声明及逐字段Schema、授权和唯一证据定位后追加不可变批次,2d50c1344a835ceeb832796935182aeff80bb03cecc5465c8cf3aaccbd446acd,a23c4d44f41c2fc245b02db92b59200f4b443888bdb532b601a5934f5c808064,7163d6bd91f3875572b890ba6eed9afa09109966233a0f8a29961081e47cc30e
source-identity-declaration-20260808T051806+0800-dd1e3d74dca4,ZI-f73068a8f2789ebf663e39a2,DS-000155,候选数据文件,ETH,4小时;8小时;24小时;48小时,15分钟;1小时,未知,未知,未知,未知,未知,未知,未知,未知,未知,未登记,无,config/数据/来源身份声明补采.json#身份声明[],b99035eb31437b822b0d8ed9b728e2fbb4b5cd8b8861010049ee43d74fc08647,6f2aca25eaf8f6fd1197fd066869629e61faf4077b6408d812252f2149ddc42f,1e6c230a58eaa438dcb3e183f507aa42230a73c7df9d67f784d606bb4ec6f622,未知,b3a1fc5ec72ad95e258b584f936ad46befab951e0ee9e43eaa18179e34974387,无法判定,FILE_STAT_OBSERVED_IDENTITY_UNPROVEN,本批次只读；若声明、输入、Schema或授权漂移，既有结论自动失效并须追加新批次,未读取业务正文、价格、成交、订单簿、账户或凭据；身份字段不完整,为该成员提供当前版本九字段声明及逐字段Schema、授权和唯一证据定位后追加不可变批次,2d50c1344a835ceeb832796935182aeff80bb03cecc5465c8cf3aaccbd446acd,a23c4d44f41c2fc245b02db92b59200f4b443888bdb532b601a5934f5c808064,d100d8e9c74eee10b83b605e592608f65e729a9147e5cc87dc7676c5b3879913
source-identity-declaration-20260808T051806+0800-dd1e3d74dca4,ZI-ea32ed6152cd1b5d242e9e24,DS-000156,候选数据文件,ETH,4小时;8小时;24小时;48小时,15分钟;1小时,未知,未知,未知,未知,未知,未知,未知,未知,未知,未登记,无,config/数据/来源身份声明补采.json#身份声明[],b99035eb31437b822b0d8ed9b728e2fbb4b5cd8b8861010049ee43d74fc08647,a72715813de459c323b00c15154ac684ead7ae93d24f420a1fafec5468fa83e7,dcce43d13d18d38acf10f20158a8f39618013cbe1cf5d78e28d03985bb4f5c9c,未知,b3a1fc5ec72ad95e258b584f936ad46befab951e0ee9e43eaa18179e34974387,无法判定,FILE_STAT_OBSERVED_IDENTITY_UNPROVEN,本批次只读；若声明、输入、Schema或授权漂移，既有结论自动失效并须追加新批次,未读取业务正文、价格、成交、订单簿、账户或凭据；身份字段不完整,为该成员提供当前版本九字段声明及逐字段Schema、授权和唯一证据定位后追加不可变批次,2d50c1344a835ceeb832796935182aeff80bb03cecc5465c8cf3aaccbd446acd,a23c4d44f41c2fc245b02db92b59200f4b443888bdb532b601a5934f5c808064,125c5bf62fc561c9c747fd91b03ae2d684410479fd9138e870f75b8e6109149b
source-identity-declaration-20260808T051806+0800-dd1e3d74dca4,ZI-981a8cf3dd538295a0a64b3f,DS-000157,候选数据文件,ETH,4小时;8小时;24小时;48小时,15分钟;1小时,未知,未知,未知,未知,未知,未知,未知,未知,未知,未登记,无,config/数据/来源身份声明补采.json#身份声明[],b99035eb31437b822b0d8ed9b728e2fbb4b5cd8b8861010049ee43d74fc08647,6eda5591fc0c247a607d37e4cdf6c45a53d77565384aa87932c05f3fdc45535c,cfc50dbc800e42763d228a343b77b0a46832ab7484088a47d1d00652d6679489,未知,b3a1fc5ec72ad95e258b584f936ad46befab951e0ee9e43eaa18179e34974387,无法判定,FILE_STAT_OBSERVED_IDENTITY_UNPROVEN,本批次只读；若声明、输入、Schema或授权漂移，既有结论自动失效并须追加新批次,未读取业务正文、价格、成交、订单簿、账户或凭据；身份字段不完整,为该成员提供当前版本九字段声明及逐字段Schema、授权和唯一证据定位后追加不可变批次,2d50c1344a835ceeb832796935182aeff80bb03cecc5465c8cf3aaccbd446acd,a23c4d44f41c2fc245b02db92b59200f4b443888bdb532b601a5934f5c808064,c425c68a71246c3e56cdc35ba26abed9445ff55e403d8187c1f585a79ef3c9a1
source-identity-declaration-20260808T051806+0800-dd1e3d74dca4,ZI-e138d2140805838d1a7c0162,DS-000158,候选数据文件,ETH,4小时;8小时;24小时;48小时,15分钟;1小时,未知,未知,未知,未知,未知,未知,未知,未知,未知,未登记,无,config/数据/来源身份声明补采.json#身份声明[],b99035eb31437b822b0d8ed9b728e2fbb4b5cd8b8861010049ee43d74fc08647,72f486a70d9704d448d87595639e86f5186ef95992b2c4885e6b2b8b853a9d1a,c0d56db7a8cd51b714c2ccf5a2917efb4ba24594d0ec056d883eba7335c1fde4,未知,b3a1fc5ec72ad95e258b584f936ad46befab951e0ee9e43eaa18179e34974387,无法判定,FILE_STAT_OBSERVED_IDENTITY_UNPROVEN,本批次只读；若声明、输入、Schema或授权漂移，既有结论自动失效并须追加新批次,未读取业务正文、价格、成交、订单簿、账户或凭据；身份字段不完整,为该成员提供当前版本九字段声明及逐字段Schema、授权和唯一证据定位后追加不可变批次,2d50c1344a835ceeb832796935182aeff80bb03cecc5465c8cf3aaccbd446acd,a23c4d44f41c2fc245b02db92b59200f4b443888bdb532b601a5934f5c808064,607f46b87b5ccc3a99b5cbcf2ccb2fd1af2a76828185fea31b273e7a6a3a90dc
source-identity-declaration-20260808T051806+0800-dd1e3d74dca4,ZI-389611b782028a821d4fd2fd,DS-000159,候选数据文件,ETH,4小时;8小时;24小时;48小时,15分钟;1小时,未知,未知,未知,未知,未知,未知,未知,未知,未知,未登记,无,config/数据/来源身份声明补采.json#身份声明[],b99035eb31437b822b0d8ed9b728e2fbb4b5cd8b8861010049ee43d74fc08647,3542d314315b3e35751cb209f4c796189b505af0f86578c853de6478c418adba,c0d294afed3dc4f62621cdf0991d928a09464de5948ca639d064da170ed873ca,未知,b3a1fc5ec72ad95e258b584f936ad46befab951e0ee9e43eaa18179e34974387,无法判定,FILE_STAT_OBSERVED_IDENTITY_UNPROVEN,本批次只读；若声明、输入、Schema或授权漂移，既有结论自动失效并须追加新批次,未读取业务正文、价格、成交、订单簿、账户或凭据；身份字段不完整,为该成员提供当前版本九字段声明及逐字段Schema、授权和唯一证据定位后追加不可变批次,2d50c1344a835ceeb832796935182aeff80bb03cecc5465c8cf3aaccbd446acd,a23c4d44f41c2fc245b02db92b59200f4b443888bdb532b601a5934f5c808064,97703b0f2500453b55f9cff5efebac3770804bf1551a991bbdfbdc7d1c9d8418
source-identity-declaration-20260808T051806+0800-dd1e3d74dca4,ZI-ff9e46ee8a8d96eb44d5bf39,DS-000160,候选数据文件,ETH,4小时;8小时;24小时;48小时,15分钟;1小时,未知,未知,未知,未知,未知,未知,未知,未知,未知,未登记,无,config/数据/来源身份声明补采.json#身份声明[],b99035eb31437b822b0d8ed9b728e2fbb4b5cd8b8861010049ee43d74fc08647,d7aa39396e7a11768826401789432108e5ab65f5340646b4925cc6bb9bf83dfb,a0ad347af77aa82e8e07e314c8c6719f2d02e94150ab18124b7aa81a425c5d45,未知,b3a1fc5ec72ad95e258b584f936ad46befab951e0ee9e43eaa18179e34974387,无法判定,FILE_STAT_OBSERVED_IDENTITY_UNPROVEN,本批次只读；若声明、输入、Schema或授权漂移，既有结论自动失效并须追加新批次,未读取业务正文、价格、成交、订单簿、账户或凭据；身份字段不完整,为该成员提供当前版本九字段声明及逐字段Schema、授权和唯一证据定位后追加不可变批次,2d50c1344a835ceeb832796935182aeff80bb03cecc5465c8cf3aaccbd446acd,a23c4d44f41c2fc245b02db92b59200f4b443888bdb532b601a5934f5c808064,92071fc89d668d4045294a92e90ad5b256830a141f5db13551afd01bdda90b7a
source-identity-declaration-20260808T051806+0800-dd1e3d74dca4,ZI-f9d8ea08ef193804ac5c2d24,DS-000161,候选数据文件,ETH,4小时;8小时;24小时;48小时,15分钟;1小时,未知,未知,未知,未知,未知,未知,未知,未知,未知,未登记,无,config/数据/来源身份声明补采.json#身份声明[],b99035eb31437b822b0d8ed9b728e2fbb4b5cd8b8861010049ee43d74fc08647,ec01d645a01d99926ec9405f77b33b2cb182ca4135cfdfeeadee39f80bdbeab5,dc9ac80131204fdaf9eb80e86b459252b4ccadd49e3233c98d0932a0a8d3b3a0,未知,b3a1fc5ec72ad95e258b584f936ad46befab951e0ee9e43eaa18179e34974387,无法判定,FILE_STAT_OBSERVED_IDENTITY_UNPROVEN,本批次只读；若声明、输入、Schema或授权漂移，既有结论自动失效并须追加新批次,未读取业务正文、价格、成交、订单簿、账户或凭据；身份字段不完整,为该成员提供当前版本九字段声明及逐字段Schema、授权和唯一证据定位后追加不可变批次,2d50c1344a835ceeb832796935182aeff80bb03cecc5465c8cf3aaccbd446acd,a23c4d44f41c2fc245b02db92b59200f4b443888bdb532b601a5934f5c808064,2c1e8a5df75f2efcb587b9f6b35766c9f1afa09fc7df8da62545007d853774c8
source-identity-declaration-20260808T051806+0800-dd1e3d74dca4,ZI-e6288ec06bff9cdf648b4042,DS-000162,候选数据文件,ETH,4小时;8小时;24小时;48小时,15分钟;1小时,未知,未知,未知,未知,未知,未知,未知,未知,未知,未登记,无,config/数据/来源身份声明补采.json#身份声明[],b99035eb31437b822b0d8ed9b728e2fbb4b5cd8b8861010049ee43d74fc08647,8bcd4a1f32df538b6b79746044da34ee5f0dd05800d6484cd0ba9601ce36ca5e,4539a9b5b7b96a6535417bdb1e909c2339da59b04d9c3eb84a59ed1b72a6e46d,未知,b3a1fc5ec72ad95e258b584f936ad46befab951e0ee9e43eaa18179e34974387,无法判定,FILE_STAT_OBSERVED_IDENTITY_UNPROVEN,本批次只读；若声明、输入、Schema或授权漂移，既有结论自动失效并须追加新批次,未读取业务正文、价格、成交、订单簿、账户或凭据；身份字段不完整,为该成员提供当前版本九字段声明及逐字段Schema、授权和唯一证据定位后追加不可变批次,2d50c1344a835ceeb832796935182aeff80bb03cecc5465c8cf3aaccbd446acd,a23c4d44f41c2fc245b02db92b59200f4b443888bdb532b601a5934f5c808064,0e29e4117dacf269338c2605937dc8516bcc5a0c4a8624e22f0fa4ced7fba401
source-identity-declaration-20260808T051806+0800-dd1e3d74dca4,ZI-80b98789c86787fb429ef2e3,DS-000163,候选数据文件,ETH,4小时;8小时;24小时;48小时,15分钟;1小时,未知,未知,未知,未知,未知,未知,未知,未知,未知,未登记,无,config/数据/来源身份声明补采.json#身份声明[],b99035eb31437b822b0d8ed9b728e2fbb4b5cd8b8861010049ee43d74fc08647,752b82b872a799d4af7a2c30cdbe801cc698881ef471389e897662c027aa4d11,5122f735e57d5cdbf919ac937da2bdf1d073a6e477fea5f07c16807ef62ce290,未知,b3a1fc5ec72ad95e258b584f936ad46befab951e0ee9e43eaa18179e34974387,无法判定,FILE_STAT_OBSERVED_IDENTITY_UNPROVEN,本批次只读；若声明、输入、Schema或授权漂移，既有结论自动失效并须追加新批次,未读取业务正文、价格、成交、订单簿、账户或凭据；身份字段不完整,为该成员提供当前版本九字段声明及逐字段Schema、授权和唯一证据定位后追加不可变批次,2d50c1344a835ceeb832796935182aeff80bb03cecc5465c8cf3aaccbd446acd,a23c4d44f41c2fc245b02db92b59200f4b443888bdb532b601a5934f5c808064,fa982997cc1a0fe5435e1fd9401c7c5fe60cb61863e3393092ebf99678c07203
source-identity-declaration-20260808T051806+0800-dd1e3d74dca4,ZI-1a15f6cb7a7b389c7ce47d98,DS-000164,候选数据文件,ETH,4小时;8小时;24小时;48小时,15分钟;1小时,未知,未知,未知,未知,未知,未知,未知,未知,未知,未登记,无,config/数据/来源身份声明补采.json#身份声明[],b99035eb31437b822b0d8ed9b728e2fbb4b5cd8b8861010049ee43d74fc08647,cb3f2cfa1431a5e9847c70b5630e69fb57a0b38a928b2348486398c485d9bae6,3cb00e451782a8e18c8fa701abca54261b37770aa105bfbfc49de70477a8c519,未知,b3a1fc5ec72ad95e258b584f936ad46befab951e0ee9e43eaa18179e34974387,拒绝,INPUT_MEMBER_REJECTED,本批次只读；若声明、输入、Schema或授权漂移，既有结论自动失效并须追加新批次,未读取业务正文、价格、成交、订单簿、账户或凭据；身份字段不完整,为该成员提供当前版本九字段声明及逐字段Schema、授权和唯一证据定位后追加不可变批次,2d50c1344a835ceeb832796935182aeff80bb03cecc5465c8cf3aaccbd446acd,a23c4d44f41c2fc245b02db92b59200f4b443888bdb532b601a5934f5c808064,7a29074ae154c920c0d4b976d0cd9733c1ac9db9b0f0d5f0c6d51dcd9f4a35bb
source-identity-declaration-20260808T051806+0800-dd1e3d74dca4,ZI-1941dc115ef30ebc9b56f4af,DS-000165,候选数据文件,ETH,4小时;8小时;24小时;48小时,15分钟;1小时,未知,未知,未知,未知,未知,未知,未知,未知,未知,未登记,无,config/数据/来源身份声明补采.json#身份声明[],b99035eb31437b822b0d8ed9b728e2fbb4b5cd8b8861010049ee43d74fc08647,c3e43bdaf00cb3c1f31558af9d95c281dcf7b02f513783e1b2d81801c988131b,5ab2d649df5401c8fae6ad9c39cc82b2e883477d2cbaa9e60c4cb5254c47d82e,未知,b3a1fc5ec72ad95e258b584f936ad46befab951e0ee9e43eaa18179e34974387,无法判定,FILE_STAT_OBSERVED_IDENTITY_UNPROVEN,本批次只读；若声明、输入、Schema或授权漂移，既有结论自动失效并须追加新批次,未读取业务正文、价格、成交、订单簿、账户或凭据；身份字段不完整,为该成员提供当前版本九字段声明及逐字段Schema、授权和唯一证据定位后追加不可变批次,2d50c1344a835ceeb832796935182aeff80bb03cecc5465c8cf3aaccbd446acd,a23c4d44f41c2fc245b02db92b59200f4b443888bdb532b601a5934f5c808064,20c66febe1f70e34e6da173a37c5ee47669e13943a98bcfe451132098521099a
source-identity-declaration-20260808T051806+0800-dd1e3d74dca4,ZI-314e1e22c6f8101d223a88b5,DS-000166,候选数据文件,ETH,4小时;8小时;24小时;48小时,15分钟;1小时,未知,未知,未知,未知,未知,未知,未知,未知,未知,未登记,无,config/数据/来源身份声明补采.json#身份声明[],b99035eb31437b822b0d8ed9b728e2fbb4b5cd8b8861010049ee43d74fc08647,124c9805ad883e81114457ba70e09538f6482e40db071620d525d646cc62ca8e,425ef1f0e14d676b95f9708c9615aaf6c370601ce408f92ba11f2c193f0a3b6a,未知,b3a1fc5ec72ad95e258b584f936ad46befab951e0ee9e43eaa18179e34974387,无法判定,FILE_STAT_OBSERVED_IDENTITY_UNPROVEN,本批次只读；若声明、输入、Schema或授权漂移，既有结论自动失效并须追加新批次,未读取业务正文、价格、成交、订单簿、账户或凭据；身份字段不完整,为该成员提供当前版本九字段声明及逐字段Schema、授权和唯一证据定位后追加不可变批次,2d50c1344a835ceeb832796935182aeff80bb03cecc5465c8cf3aaccbd446acd,a23c4d44f41c2fc245b02db92b59200f4b443888bdb532b601a5934f5c808064,a49971eb55d0e09da8bc84e4777b4d522b2e13a938ccf12e47053c65ccc71d69
source-identity-declaration-20260808T051806+0800-dd1e3d74dca4,ZI-5fd2b1e41bc22cd80f22c222,DS-000167,候选数据文件,ETH,4小时;8小时;24小时;48小时,15分钟;1小时,未知,未知,未知,未知,未知,未知,未知,未知,未知,未登记,无,config/数据/来源身份声明补采.json#身份声明[],b99035eb31437b822b0d8ed9b728e2fbb4b5cd8b8861010049ee43d74fc08647,21e4a941e92f073fd4e7b87229f307e3ce1d789f3cfef3dadf9038462b8a8c68,b32ca4def24cbf80869b56a463f100afc4c4670d4009b9a2d371aa974b0ffc46,未知,b3a1fc5ec72ad95e258b584f936ad46befab951e0ee9e43eaa18179e34974387,无法判定,FILE_STAT_OBSERVED_IDENTITY_UNPROVEN,本批次只读；若声明、输入、Schema或授权漂移，既有结论自动失效并须追加新批次,未读取业务正文、价格、成交、订单簿、账户或凭据；身份字段不完整,为该成员提供当前版本九字段声明及逐字段Schema、授权和唯一证据定位后追加不可变批次,2d50c1344a835ceeb832796935182aeff80bb03cecc5465c8cf3aaccbd446acd,a23c4d44f41c2fc245b02db92b59200f4b443888bdb532b601a5934f5c808064,5c6ce6ddf8b514dd4bb528d5b886269691103d63e2277ea89f088f2c650c99ae
source-identity-declaration-20260808T051806+0800-dd1e3d74dca4,ZI-89c2b7f24c75afde7f33de90,DS-000168,候选数据文件,ETH,4小时;8小时;24小时;48小时,15分钟;1小时,未知,未知,未知,未知,未知,未知,未知,未知,未知,未登记,无,config/数据/来源身份声明补采.json#身份声明[],b99035eb31437b822b0d8ed9b728e2fbb4b5cd8b8861010049ee43d74fc08647,f8a62a522dbf19d9f77ac41019b29e0d5926d40fae094dc88dac45931309b6fa,42a7765fe79270f5d9d9041bee0173687625331f6828a396ba51a9e0c7bd7a64,未知,b3a1fc5ec72ad95e258b584f936ad46befab951e0ee9e43eaa18179e34974387,无法判定,FILE_STAT_OBSERVED_IDENTITY_UNPROVEN,本批次只读；若声明、输入、Schema或授权漂移，既有结论自动失效并须追加新批次,未读取业务正文、价格、成交、订单簿、账户或凭据；身份字段不完整,为该成员提供当前版本九字段声明及逐字段Schema、授权和唯一证据定位后追加不可变批次,2d50c1344a835ceeb832796935182aeff80bb03cecc5465c8cf3aaccbd446acd,a23c4d44f41c2fc245b02db92b59200f4b443888bdb532b601a5934f5c808064,8a6a5b6f75611684db88b7e62254cfca137b423c26a2ad42eb374555907f153c
source-identity-declaration-20260808T051806+0800-dd1e3d74dca4,ZI-be12db97204165cc34d89468,DS-000169,候选数据文件,ETH,4小时;8小时;24小时;48小时,15分钟;1小时,未知,未知,未知,未知,未知,未知,未知,未知,未知,未登记,无,config/数据/来源身份声明补采.json#身份声明[],b99035eb31437b822b0d8ed9b728e2fbb4b5cd8b8861010049ee43d74fc08647,671abd7b1989a86c583e552837880726ae9a67b0aab16e05de13612a73d4ecdf,64140a4d03c3f2ce133bafa03730e3251680d29831565a5e34fb88aa4dbb47bd,未知,b3a1fc5ec72ad95e258b584f936ad46befab951e0ee9e43eaa18179e34974387,无法判定,FILE_STAT_OBSERVED_IDENTITY_UNPROVEN,本批次只读；若声明、输入、Schema或授权漂移，既有结论自动失效并须追加新批次,未读取业务正文、价格、成交、订单簿、账户或凭据；身份字段不完整,为该成员提供当前版本九字段声明及逐字段Schema、授权和唯一证据定位后追加不可变批次,2d50c1344a835ceeb832796935182aeff80bb03cecc5465c8cf3aaccbd446acd,a23c4d44f41c2fc245b02db92b59200f4b443888bdb532b601a5934f5c808064,3c96ca57eb89fb3ebd2193228b1bff77c3fdaa8a13915976b9356afc7689a1bc
source-identity-declaration-20260808T051806+0800-dd1e3d74dca4,ZI-7975e6ac233ceb6fe112822a,DS-000170,候选数据文件,ETH,4小时;8小时;24小时;48小时,15分钟;1小时,未知,未知,未知,未知,未知,未知,未知,未知,未知,未登记,无,config/数据/来源身份声明补采.json#身份声明[],b99035eb31437b822b0d8ed9b728e2fbb4b5cd8b8861010049ee43d74fc08647,9880223dc66afea86d19de7288fac597977eb9007513637dd141df6bbb558cf1,06c11f3ab701a0a19c9cabcb319024670f0e5b7b29d0f92693f2b4753cda4a41,未知,b3a1fc5ec72ad95e258b584f936ad46befab951e0ee9e43eaa18179e34974387,无法判定,FILE_STAT_OBSERVED_IDENTITY_UNPROVEN,本批次只读；若声明、输入、Schema或授权漂移，既有结论自动失效并须追加新批次,未读取业务正文、价格、成交、订单簿、账户或凭据；身份字段不完整,为该成员提供当前版本九字段声明及逐字段Schema、授权和唯一证据定位后追加不可变批次,2d50c1344a835ceeb832796935182aeff80bb03cecc5465c8cf3aaccbd446acd,a23c4d44f41c2fc245b02db92b59200f4b443888bdb532b601a5934f5c808064,527f56302482f6425a6586661578469fdb6c338b82034f9bf31245bb16e2d317
source-identity-declaration-20260808T051806+0800-dd1e3d74dca4,ZI-8e1e251ad2644c622fe3251d,DS-000171,候选数据文件,ETH,4小时;8小时;24小时;48小时,15分钟;1小时,未知,未知,未知,未知,未知,未知,未知,未知,未知,未登记,无,config/数据/来源身份声明补采.json#身份声明[],b99035eb31437b822b0d8ed9b728e2fbb4b5cd8b8861010049ee43d74fc08647,bafa83fba181792f378cb580dcfa6120abaf40fd3a0e15b52ee8bb9850b1d7c1,67422e259cca1b04fc2e9b955c788220d84b86ba4a9a45f4535eb0ff03cdd0be,未知,b3a1fc5ec72ad95e258b584f936ad46befab951e0ee9e43eaa18179e34974387,无法判定,FILE_STAT_OBSERVED_IDENTITY_UNPROVEN,本批次只读；若声明、输入、Schema或授权漂移，既有结论自动失效并须追加新批次,未读取业务正文、价格、成交、订单簿、账户或凭据；身份字段不完整,为该成员提供当前版本九字段声明及逐字段Schema、授权和唯一证据定位后追加不可变批次,2d50c1344a835ceeb832796935182aeff80bb03cecc5465c8cf3aaccbd446acd,a23c4d44f41c2fc245b02db92b59200f4b443888bdb532b601a5934f5c808064,a35eb0a39ad2529194bb11525d0fc85bcc53995f6750e6254296412f4821c2f2
source-identity-declaration-20260808T051806+0800-dd1e3d74dca4,ZI-aa4e4e76bfed966005c708d6,DS-000172,候选数据文件,ETH,4小时;8小时;24小时;48小时,15分钟;1小时,未知,未知,未知,未知,未知,未知,未知,未知,未知,未登记,无,config/数据/来源身份声明补采.json#身份声明[],b99035eb31437b822b0d8ed9b728e2fbb4b5cd8b8861010049ee43d74fc08647,eb688bbf8774884808324cb917637b38b808edcce9636716f36c0c73a0bb1a70,d07e0a7ee6d5042ac739192da37870e05d496f400febfcedf4ebd8c4cf0d8d9f,未知,b3a1fc5ec72ad95e258b584f936ad46befab951e0ee9e43eaa18179e34974387,无法判定,FILE_STAT_OBSERVED_IDENTITY_UNPROVEN,本批次只读；若声明、输入、Schema或授权漂移，既有结论自动失效并须追加新批次,未读取业务正文、价格、成交、订单簿、账户或凭据；身份字段不完整,为该成员提供当前版本九字段声明及逐字段Schema、授权和唯一证据定位后追加不可变批次,2d50c1344a835ceeb832796935182aeff80bb03cecc5465c8cf3aaccbd446acd,a23c4d44f41c2fc245b02db92b59200f4b443888bdb532b601a5934f5c808064,caaf70b4bda53cf23e02310988cf55109f50931ce93aa9d0c7c3d964ef98975d
source-identity-declaration-20260808T051806+0800-dd1e3d74dca4,ZI-69c85807fb109670f590ba46,DS-000173,候选数据文件,ETH,4小时;8小时;24小时;48小时,15分钟;1小时,未知,未知,未知,未知,未知,未知,未知,未知,未知,未登记,无,config/数据/来源身份声明补采.json#身份声明[],b99035eb31437b822b0d8ed9b728e2fbb4b5cd8b8861010049ee43d74fc08647,a06211053ef3792fd50827071a13e367103be5199d7b34c0e41b19e742bec238,57453db45728268e6923997ba51f41f2f867983d59daa2cf1670e949dfd12cf1,未知,b3a1fc5ec72ad95e258b584f936ad46befab951e0ee9e43eaa18179e34974387,无法判定,FILE_STAT_OBSERVED_IDENTITY_UNPROVEN,本批次只读；若声明、输入、Schema或授权漂移，既有结论自动失效并须追加新批次,未读取业务正文、价格、成交、订单簿、账户或凭据；身份字段不完整,为该成员提供当前版本九字段声明及逐字段Schema、授权和唯一证据定位后追加不可变批次,2d50c1344a835ceeb832796935182aeff80bb03cecc5465c8cf3aaccbd446acd,a23c4d44f41c2fc245b02db92b59200f4b443888bdb532b601a5934f5c808064,ebb9971d2b2a626f689d4c130d3229c252257620d45d4c44fee18e249568412c
source-identity-declaration-20260808T051806+0800-dd1e3d74dca4,ZI-0cb93df8f9f6ba3feaff5d8c,DS-000174,候选数据文件,ETH,4小时;8小时;24小时;48小时,15分钟;1小时,未知,未知,未知,未知,未知,未知,未知,未知,未知,未登记,无,config/数据/来源身份声明补采.json#身份声明[],b99035eb31437b822b0d8ed9b728e2fbb4b5cd8b8861010049ee43d74fc08647,24bff6b100446afade335ff88ab048b5c675d812f75e01549793cae7f257d97f,d4ed36abec68f8d6a67d789033c5008ec8584efd7056db02d58414f52cbaf72e,未知,b3a1fc5ec72ad95e258b584f936ad46befab951e0ee9e43eaa18179e34974387,无法判定,FILE_STAT_OBSERVED_IDENTITY_UNPROVEN,本批次只读；若声明、输入、Schema或授权漂移，既有结论自动失效并须追加新批次,未读取业务正文、价格、成交、订单簿、账户或凭据；身份字段不完整,为该成员提供当前版本九字段声明及逐字段Schema、授权和唯一证据定位后追加不可变批次,2d50c1344a835ceeb832796935182aeff80bb03cecc5465c8cf3aaccbd446acd,a23c4d44f41c2fc245b02db92b59200f4b443888bdb532b601a5934f5c808064,9036a83123cdb666e7a31f3cb81e04b6a1142eb33c5a5b6dce625e363ea438d2
source-identity-declaration-20260808T051806+0800-dd1e3d74dca4,ZI-1e894fa6ac9c4d524bbba0ff,DS-000175,候选数据文件,ETH,4小时;8小时;24小时;48小时,15分钟;1小时,未知,未知,未知,未知,未知,未知,未知,未知,未知,未登记,无,config/数据/来源身份声明补采.json#身份声明[],b99035eb31437b822b0d8ed9b728e2fbb4b5cd8b8861010049ee43d74fc08647,e69a513ac7621ea835192801bdc3809e04d75239d3d02150790c2b4feb89c14f,c8ba328fe34ff33535d3e5978355d5522fa520e33a49751b7e6f92c955992068,未知,b3a1fc5ec72ad95e258b584f936ad46befab951e0ee9e43eaa18179e34974387,无法判定,FILE_STAT_OBSERVED_IDENTITY_UNPROVEN,本批次只读；若声明、输入、Schema或授权漂移，既有结论自动失效并须追加新批次,未读取业务正文、价格、成交、订单簿、账户或凭据；身份字段不完整,为该成员提供当前版本九字段声明及逐字段Schema、授权和唯一证据定位后追加不可变批次,2d50c1344a835ceeb832796935182aeff80bb03cecc5465c8cf3aaccbd446acd,a23c4d44f41c2fc245b02db92b59200f4b443888bdb532b601a5934f5c808064,caa8c7734ffa47967454a9a97cebc2104e456a13ec7af531017ce5633ddb74fb
source-identity-declaration-20260808T051806+0800-dd1e3d74dca4,ZI-af99d154928fc1735d41f307,DS-000176,候选数据文件,ETH,4小时;8小时;24小时;48小时,15分钟;1小时,未知,未知,未知,未知,未知,未知,未知,未知,未知,未登记,无,config/数据/来源身份声明补采.json#身份声明[],b99035eb31437b822b0d8ed9b728e2fbb4b5cd8b8861010049ee43d74fc08647,90ebfb0f32228dabe4d3c3d6fffddbe5c46cd9db2008dc26dc4e6f6040d4413c,729406489518efc8a2e6bbe9d0e47b963e7efe3b72bf6ef8f768bc2937feab33,未知,b3a1fc5ec72ad95e258b584f936ad46befab951e0ee9e43eaa18179e34974387,无法判定,FILE_STAT_OBSERVED_IDENTITY_UNPROVEN,本批次只读；若声明、输入、Schema或授权漂移，既有结论自动失效并须追加新批次,未读取业务正文、价格、成交、订单簿、账户或凭据；身份字段不完整,为该成员提供当前版本九字段声明及逐字段Schema、授权和唯一证据定位后追加不可变批次,2d50c1344a835ceeb832796935182aeff80bb03cecc5465c8cf3aaccbd446acd,a23c4d44f41c2fc245b02db92b59200f4b443888bdb532b601a5934f5c808064,7126a725e908bca60984db01b8b409f14887f3d63c2ad9404acfc82f8b32a97a
source-identity-declaration-20260808T051806+0800-dd1e3d74dca4,ZI-e1863b4de9f4c6fe5fbefacd,DS-000177,候选数据文件,ETH,4小时;8小时;24小时;48小时,15分钟;1小时,未知,未知,未知,未知,未知,未知,未知,未知,未知,未登记,无,config/数据/来源身份声明补采.json#身份声明[],b99035eb31437b822b0d8ed9b728e2fbb4b5cd8b8861010049ee43d74fc08647,2f8df68ac997b3bf050617e476702d5c601fa659f1895ee84cfbf15371917e1d,c88b1c298da866175fb79b2194cec184630dc74a610af3dd76130301feebf889,未知,b3a1fc5ec72ad95e258b584f936ad46befab951e0ee9e43eaa18179e34974387,无法判定,FILE_STAT_OBSERVED_IDENTITY_UNPROVEN,本批次只读；若声明、输入、Schema或授权漂移，既有结论自动失效并须追加新批次,未读取业务正文、价格、成交、订单簿、账户或凭据；身份字段不完整,为该成员提供当前版本九字段声明及逐字段Schema、授权和唯一证据定位后追加不可变批次,2d50c1344a835ceeb832796935182aeff80bb03cecc5465c8cf3aaccbd446acd,a23c4d44f41c2fc245b02db92b59200f4b443888bdb532b601a5934f5c808064,2eed6b673d133b9a28b727aebd28b0a0f0839bfff65df8de9508cc24ff69ae8f
source-identity-declaration-20260808T051806+0800-dd1e3d74dca4,ZI-a286800bd49b9fd96217a223,DS-000178,候选数据文件,ETH,4小时;8小时;24小时;48小时,15分钟;1小时,未知,未知,未知,未知,未知,未知,未知,未知,未知,未登记,无,config/数据/来源身份声明补采.json#身份声明[],b99035eb31437b822b0d8ed9b728e2fbb4b5cd8b8861010049ee43d74fc08647,2be772033a825d5db28b7b4ec5e1ea9930f0b1b0b4d08440e6d7ea2e764aad5b,868cc6255be207b50f3bef0d42ed58c5b1b0b7238ad0b894444b9f915960ad72,未知,b3a1fc5ec72ad95e258b584f936ad46befab951e0ee9e43eaa18179e34974387,无法判定,FILE_STAT_OBSERVED_IDENTITY_UNPROVEN,本批次只读；若声明、输入、Schema或授权漂移，既有结论自动失效并须追加新批次,未读取业务正文、价格、成交、订单簿、账户或凭据；身份字段不完整,为该成员提供当前版本九字段声明及逐字段Schema、授权和唯一证据定位后追加不可变批次,2d50c1344a835ceeb832796935182aeff80bb03cecc5465c8cf3aaccbd446acd,a23c4d44f41c2fc245b02db92b59200f4b443888bdb532b601a5934f5c808064,f5b011ba792ff0d98696a3fce9aa26114caee80a5d4ebc2e5e3eaf32b5d2ddcb
source-identity-declaration-20260808T051806+0800-dd1e3d74dca4,ZI-01df71cf5d15618f09165f09,DS-000179,候选数据文件,ETH,4小时;8小时;24小时;48小时,15分钟;1小时,未知,未知,未知,未知,未知,未知,未知,未知,未知,未登记,无,config/数据/来源身份声明补采.json#身份声明[],b99035eb31437b822b0d8ed9b728e2fbb4b5cd8b8861010049ee43d74fc08647,6bc774ebf31ea4bc26f9986dd2196dd92683949fa9b59523e75b9a8d0ed2bf93,ae134fd87eb325ff1438510798ed1539980091594d41393e5108d6130774c51f,未知,b3a1fc5ec72ad95e258b584f936ad46befab951e0ee9e43eaa18179e34974387,无法判定,FILE_STAT_OBSERVED_IDENTITY_UNPROVEN,本批次只读；若声明、输入、Schema或授权漂移，既有结论自动失效并须追加新批次,未读取业务正文、价格、成交、订单簿、账户或凭据；身份字段不完整,为该成员提供当前版本九字段声明及逐字段Schema、授权和唯一证据定位后追加不可变批次,2d50c1344a835ceeb832796935182aeff80bb03cecc5465c8cf3aaccbd446acd,a23c4d44f41c2fc245b02db92b59200f4b443888bdb532b601a5934f5c808064,537ae3b5b759b0da3f97c0b00b74ffbc338fa4031162e39e78f909536d4cd8ad
source-identity-declaration-20260808T051806+0800-dd1e3d74dca4,ZI-c994f122c5cb41e53208de1b,DS-000180,候选数据文件,ETH,4小时;8小时;24小时;48小时,15分钟;1小时,未知,未知,未知,未知,未知,未知,未知,未知,未知,未登记,无,config/数据/来源身份声明补采.json#身份声明[],b99035eb31437b822b0d8ed9b728e2fbb4b5cd8b8861010049ee43d74fc08647,b6118ed137c406348410af6e4eaeb8261a9eb3235fe2ad89f4ca2a4bea3b0a27,d0b28f9cd3ddf5e79fd34d751e829201730b794b2382c06b43f2f9472e56c758,未知,b3a1fc5ec72ad95e258b584f936ad46befab951e0ee9e43eaa18179e34974387,无法判定,FILE_STAT_OBSERVED_IDENTITY_UNPROVEN,本批次只读；若声明、输入、Schema或授权漂移，既有结论自动失效并须追加新批次,未读取业务正文、价格、成交、订单簿、账户或凭据；身份字段不完整,为该成员提供当前版本九字段声明及逐字段Schema、授权和唯一证据定位后追加不可变批次,2d50c1344a835ceeb832796935182aeff80bb03cecc5465c8cf3aaccbd446acd,a23c4d44f41c2fc245b02db92b59200f4b443888bdb532b601a5934f5c808064,f7ab479f6f60d550be7d3560a007adf05c7df666ad96df609e5d0989090e2e64
source-identity-declaration-20260808T051806+0800-dd1e3d74dca4,ZI-340aadc6892b72580d560fcc,DS-000181,候选数据文件,ETH,4小时;8小时;24小时;48小时,15分钟;1小时,未知,未知,未知,未知,未知,未知,未知,未知,未知,未登记,无,config/数据/来源身份声明补采.json#身份声明[],b99035eb31437b822b0d8ed9b728e2fbb4b5cd8b8861010049ee43d74fc08647,1fe6ac4a775c05280ed26b8f8853a6ac1a22125ef106286be954feedba32abf5,98cdcabb4d1ed830512e11ce47502ddfc451e75fc72e85453cc9675e01da5d66,未知,b3a1fc5ec72ad95e258b584f936ad46befab951e0ee9e43eaa18179e34974387,无法判定,FILE_STAT_OBSERVED_IDENTITY_UNPROVEN,本批次只读；若声明、输入、Schema或授权漂移，既有结论自动失效并须追加新批次,未读取业务正文、价格、成交、订单簿、账户或凭据；身份字段不完整,为该成员提供当前版本九字段声明及逐字段Schema、授权和唯一证据定位后追加不可变批次,2d50c1344a835ceeb832796935182aeff80bb03cecc5465c8cf3aaccbd446acd,a23c4d44f41c2fc245b02db92b59200f4b443888bdb532b601a5934f5c808064,049fa2b9dd11830af0025dd8bdf02176cbc03bfe00ba868ad45e6ad1fdbb086c
source-identity-declaration-20260808T051806+0800-dd1e3d74dca4,ZI-27719327ee321959786a64cc,DS-000182,候选数据文件,ETH,4小时;8小时;24小时;48小时,15分钟;1小时,未知,未知,未知,未知,未知,未知,未知,未知,未知,未登记,无,config/数据/来源身份声明补采.json#身份声明[],b99035eb31437b822b0d8ed9b728e2fbb4b5cd8b8861010049ee43d74fc08647,a74ec65bcc7369875747ed975605f401086ff589062f54356d0d9950115c7de9,7113513395262e2987cab046620a1c487f95326b909b339facca75cc82a403e0,未知,b3a1fc5ec72ad95e258b584f936ad46befab951e0ee9e43eaa18179e34974387,无法判定,FILE_STAT_OBSERVED_IDENTITY_UNPROVEN,本批次只读；若声明、输入、Schema或授权漂移，既有结论自动失效并须追加新批次,未读取业务正文、价格、成交、订单簿、账户或凭据；身份字段不完整,为该成员提供当前版本九字段声明及逐字段Schema、授权和唯一证据定位后追加不可变批次,2d50c1344a835ceeb832796935182aeff80bb03cecc5465c8cf3aaccbd446acd,a23c4d44f41c2fc245b02db92b59200f4b443888bdb532b601a5934f5c808064,1c33361c136d3e1aa228cd02f32392272110e6f1c489aaa3ca3473eef8b8430d
source-identity-declaration-20260808T051806+0800-dd1e3d74dca4,ZI-66c7634266889e821b64a714,DS-000183,候选数据文件,ETH,4小时;8小时;24小时;48小时,15分钟;1小时,未知,未知,未知,未知,未知,未知,未知,未知,未知,未登记,无,config/数据/来源身份声明补采.json#身份声明[],b99035eb31437b822b0d8ed9b728e2fbb4b5cd8b8861010049ee43d74fc08647,5bd5cdb50b22e563541c34884cc493910fe803c5d4b9545de146de4b4433eedb,f139a1df28d33333f0b39af9df014fe4cb5dd89214d2c48a3c23b25ae134670e,未知,b3a1fc5ec72ad95e258b584f936ad46befab951e0ee9e43eaa18179e34974387,无法判定,FILE_STAT_OBSERVED_IDENTITY_UNPROVEN,本批次只读；若声明、输入、Schema或授权漂移，既有结论自动失效并须追加新批次,未读取业务正文、价格、成交、订单簿、账户或凭据；身份字段不完整,为该成员提供当前版本九字段声明及逐字段Schema、授权和唯一证据定位后追加不可变批次,2d50c1344a835ceeb832796935182aeff80bb03cecc5465c8cf3aaccbd446acd,a23c4d44f41c2fc245b02db92b59200f4b443888bdb532b601a5934f5c808064,6fcbafe5e943113354d6b8dafd53179af3ab7259851f9c37f66b87e750cfb920
source-identity-declaration-20260808T051806+0800-dd1e3d74dca4,ZI-706a0d8698d18a257e6cf972,DS-000184,候选数据文件,ETH,4小时;8小时;24小时;48小时,15分钟;1小时,未知,未知,未知,未知,未知,未知,未知,未知,未知,未登记,无,config/数据/来源身份声明补采.json#身份声明[],b99035eb31437b822b0d8ed9b728e2fbb4b5cd8b8861010049ee43d74fc08647,ae7b53abea94ebb15ee07ac54328eacafce104a7821261b0f92cdc259136945c,5ed710c89dfdbcf20bfcf66dcfb0e5e218596b25f14526eb25ff80338b384b56,未知,b3a1fc5ec72ad95e258b584f936ad46befab951e0ee9e43eaa18179e34974387,无法判定,FILE_STAT_OBSERVED_IDENTITY_UNPROVEN,本批次只读；若声明、输入、Schema或授权漂移，既有结论自动失效并须追加新批次,未读取业务正文、价格、成交、订单簿、账户或凭据；身份字段不完整,为该成员提供当前版本九字段声明及逐字段Schema、授权和唯一证据定位后追加不可变批次,2d50c1344a835ceeb832796935182aeff80bb03cecc5465c8cf3aaccbd446acd,a23c4d44f41c2fc245b02db92b59200f4b443888bdb532b601a5934f5c808064,e7ac01e5ef4e3c91811ac83cb0e4cbfb55e5c23f3833c12324249cbabb77ef96
source-identity-declaration-20260808T051806+0800-dd1e3d74dca4,ZI-eed15514154813dbfce747b0,DS-000185,候选数据文件,ETH,4小时;8小时;24小时;48小时,15分钟;1小时,未知,未知,未知,未知,未知,未知,未知,未知,未知,未登记,无,config/数据/来源身份声明补采.json#身份声明[],b99035eb31437b822b0d8ed9b728e2fbb4b5cd8b8861010049ee43d74fc08647,fd66279f71275b9153fd72c7881ea8d8650bb18480b5b4455a1235907ffb7471,570eb1e78de5bd0018fc4de98f569482218371cb55641c1905836f5e63ceaab0,未知,b3a1fc5ec72ad95e258b584f936ad46befab951e0ee9e43eaa18179e34974387,无法判定,FILE_STAT_OBSERVED_IDENTITY_UNPROVEN,本批次只读；若声明、输入、Schema或授权漂移，既有结论自动失效并须追加新批次,未读取业务正文、价格、成交、订单簿、账户或凭据；身份字段不完整,为该成员提供当前版本九字段声明及逐字段Schema、授权和唯一证据定位后追加不可变批次,2d50c1344a835ceeb832796935182aeff80bb03cecc5465c8cf3aaccbd446acd,a23c4d44f41c2fc245b02db92b59200f4b443888bdb532b601a5934f5c808064,eedb1c48aae8e2692b9792cf09d730cc0ba9fb549d25de8d37fab66e8656a57e
source-identity-declaration-20260808T051806+0800-dd1e3d74dca4,ZI-b47b73f341ea052859c4a130,DS-000186,候选数据文件,ETH,4小时;8小时;24小时;48小时,15分钟;1小时,未知,未知,未知,未知,未知,未知,未知,未知,未知,未登记,无,config/数据/来源身份声明补采.json#身份声明[],b99035eb31437b822b0d8ed9b728e2fbb4b5cd8b8861010049ee43d74fc08647,b4d26c095ff3d7f2930ff2f9f61bb4c04c391bcc99501cadca68b3425f4cdb7b,bb1f5fcda00f6189c36164789480d9330bc6d0949a8660a41de850818eb76f14,未知,b3a1fc5ec72ad95e258b584f936ad46befab951e0ee9e43eaa18179e34974387,无法判定,FILE_STAT_OBSERVED_IDENTITY_UNPROVEN,本批次只读；若声明、输入、Schema或授权漂移，既有结论自动失效并须追加新批次,未读取业务正文、价格、成交、订单簿、账户或凭据；身份字段不完整,为该成员提供当前版本九字段声明及逐字段Schema、授权和唯一证据定位后追加不可变批次,2d50c1344a835ceeb832796935182aeff80bb03cecc5465c8cf3aaccbd446acd,a23c4d44f41c2fc245b02db92b59200f4b443888bdb532b601a5934f5c808064,2720e38cf7599a17b8b8da7cddf7098db6483ae237a97806984dfd32cf936575
source-identity-declaration-20260808T051806+0800-dd1e3d74dca4,ZI-91b43df8a264ef34dad28279,DS-000187,候选数据文件,ETH,4小时;8小时;24小时;48小时,15分钟;1小时,未知,未知,未知,未知,未知,未知,未知,未知,未知,未登记,无,config/数据/来源身份声明补采.json#身份声明[],b99035eb31437b822b0d8ed9b728e2fbb4b5cd8b8861010049ee43d74fc08647,cd6f8b4d93a9e695c2be3af8f0481d412bf7bf2d88fea5ee90dbb3af5a1f185b,9ea6fe96398c6ec81d1318a8520bcf506671a9b78acfe62bb2137d256fdc931d,未知,b3a1fc5ec72ad95e258b584f936ad46befab951e0ee9e43eaa18179e34974387,无法判定,FILE_STAT_OBSERVED_IDENTITY_UNPROVEN,本批次只读；若声明、输入、Schema或授权漂移，既有结论自动失效并须追加新批次,未读取业务正文、价格、成交、订单簿、账户或凭据；身份字段不完整,为该成员提供当前版本九字段声明及逐字段Schema、授权和唯一证据定位后追加不可变批次,2d50c1344a835ceeb832796935182aeff80bb03cecc5465c8cf3aaccbd446acd,a23c4d44f41c2fc245b02db92b59200f4b443888bdb532b601a5934f5c808064,9267a3f1787557c3f6b1e4e5f936306ebf624821911df3c13dab567c099bb42b
source-identity-declaration-20260808T051806+0800-dd1e3d74dca4,ZI-332d56aec4fb1f76945921fe,DS-000188,候选数据文件,ETH,4小时;8小时;24小时;48小时,15分钟;1小时,未知,未知,未知,未知,未知,未知,未知,未知,未知,未登记,无,config/数据/来源身份声明补采.json#身份声明[],b99035eb31437b822b0d8ed9b728e2fbb4b5cd8b8861010049ee43d74fc08647,7fd19c744dac05cbd7e434c721348638379f2dea6df0fc204c2eb68a78236231,a6ef6c13e5dfa6e533d59587d672c23b4cb334b2dd320fec2b6806f18f7aee8a,未知,b3a1fc5ec72ad95e258b584f936ad46befab951e0ee9e43eaa18179e34974387,无法判定,FILE_STAT_OBSERVED_IDENTITY_UNPROVEN,本批次只读；若声明、输入、Schema或授权漂移，既有结论自动失效并须追加新批次,未读取业务正文、价格、成交、订单簿、账户或凭据；身份字段不完整,为该成员提供当前版本九字段声明及逐字段Schema、授权和唯一证据定位后追加不可变批次,2d50c1344a835ceeb832796935182aeff80bb03cecc5465c8cf3aaccbd446acd,a23c4d44f41c2fc245b02db92b59200f4b443888bdb532b601a5934f5c808064,6484cb0af147e536c4ceb9985efd36c7491d93f66c7cfeda1ee2041900d6a0fb
source-identity-declaration-20260808T051806+0800-dd1e3d74dca4,ZI-7a08962d936d8d7723ae46e3,DS-000189,候选数据文件,ETH,4小时;8小时;24小时;48小时,15分钟;1小时,未知,未知,未知,未知,未知,未知,未知,未知,未知,未登记,无,config/数据/来源身份声明补采.json#身份声明[],b99035eb31437b822b0d8ed9b728e2fbb4b5cd8b8861010049ee43d74fc08647,339770b4561a39f6d7d39db2fb133c36bbde7bfa98b6314ed23504c848d49222,ba8c322723debba8f08e024821aa4c9a1bdc5bb11601148bcf19f8d6d20a1694,未知,b3a1fc5ec72ad95e258b584f936ad46befab951e0ee9e43eaa18179e34974387,无法判定,FILE_STAT_OBSERVED_IDENTITY_UNPROVEN,本批次只读；若声明、输入、Schema或授权漂移，既有结论自动失效并须追加新批次,未读取业务正文、价格、成交、订单簿、账户或凭据；身份字段不完整,为该成员提供当前版本九字段声明及逐字段Schema、授权和唯一证据定位后追加不可变批次,2d50c1344a835ceeb832796935182aeff80bb03cecc5465c8cf3aaccbd446acd,a23c4d44f41c2fc245b02db92b59200f4b443888bdb532b601a5934f5c808064,d35e1cad940c995137e166290d759b0de47b2b8e5f90ee92761fcd6754ce664a
source-identity-declaration-20260808T051806+0800-dd1e3d74dca4,ZI-d471c3e2f14e8b04a88d102b,DS-000190,候选数据文件,ETH,4小时;8小时;24小时;48小时,15分钟;1小时,未知,未知,未知,未知,未知,未知,未知,未知,未知,未登记,无,config/数据/来源身份声明补采.json#身份声明[],b99035eb31437b822b0d8ed9b728e2fbb4b5cd8b8861010049ee43d74fc08647,d7136de17556a28b492a1af141d73c1758727a591f4bba3dc8153365fa742189,6910d8fb9d715d62d971c1cfa077b9d9fa6878068e36a51383cf7ea8b1029893,未知,b3a1fc5ec72ad95e258b584f936ad46befab951e0ee9e43eaa18179e34974387,无法判定,FILE_STAT_OBSERVED_IDENTITY_UNPROVEN,本批次只读；若声明、输入、Schema或授权漂移，既有结论自动失效并须追加新批次,未读取业务正文、价格、成交、订单簿、账户或凭据；身份字段不完整,为该成员提供当前版本九字段声明及逐字段Schema、授权和唯一证据定位后追加不可变批次,2d50c1344a835ceeb832796935182aeff80bb03cecc5465c8cf3aaccbd446acd,a23c4d44f41c2fc245b02db92b59200f4b443888bdb532b601a5934f5c808064,46b2bc6dc374af0c2a6f27e8d109ad6dcc1b277d848d70dfe8a73f814668bb42
source-identity-declaration-20260808T051806+0800-dd1e3d74dca4,ZI-ca5f657cedbd2e1b8fd02244,DS-000191,候选数据文件,ETH,4小时;8小时;24小时;48小时,15分钟;1小时,未知,未知,未知,未知,未知,未知,未知,未知,未知,未登记,无,config/数据/来源身份声明补采.json#身份声明[],b99035eb31437b822b0d8ed9b728e2fbb4b5cd8b8861010049ee43d74fc08647,42e7dc84abcc5f0ad802d574fa1a6f66ab422df94f2e029e4500a429f58a7366,a6b1dc47dda80db635f0f368ac3187369b5d0284fe23effd561bbd0676e3d10d,未知,b3a1fc5ec72ad95e258b584f936ad46befab951e0ee9e43eaa18179e34974387,无法判定,FILE_STAT_OBSERVED_IDENTITY_UNPROVEN,本批次只读；若声明、输入、Schema或授权漂移，既有结论自动失效并须追加新批次,未读取业务正文、价格、成交、订单簿、账户或凭据；身份字段不完整,为该成员提供当前版本九字段声明及逐字段Schema、授权和唯一证据定位后追加不可变批次,2d50c1344a835ceeb832796935182aeff80bb03cecc5465c8cf3aaccbd446acd,a23c4d44f41c2fc245b02db92b59200f4b443888bdb532b601a5934f5c808064,c1f445c689ef58dcb47c7ce25ee43a6b47b23e7315118b1acd3cf7324034d61f
source-identity-declaration-20260808T051806+0800-dd1e3d74dca4,ZI-354ae6c4905e3db448577187,DS-000192,候选数据文件,ETH,4小时;8小时;24小时;48小时,15分钟;1小时,未知,未知,未知,未知,未知,未知,未知,未知,未知,未登记,无,config/数据/来源身份声明补采.json#身份声明[],b99035eb31437b822b0d8ed9b728e2fbb4b5cd8b8861010049ee43d74fc08647,0b63bbb25476f3c1a13d3453831e1a313715dd619c895cf6ee0995cac04a71b7,77ad296a05d96b45f6631486ce323785d01df717cae592199cc3e92b769d66cf,未知,b3a1fc5ec72ad95e258b584f936ad46befab951e0ee9e43eaa18179e34974387,拒绝,INPUT_MEMBER_REJECTED,本批次只读；若声明、输入、Schema或授权漂移，既有结论自动失效并须追加新批次,未读取业务正文、价格、成交、订单簿、账户或凭据；身份字段不完整,为该成员提供当前版本九字段声明及逐字段Schema、授权和唯一证据定位后追加不可变批次,2d50c1344a835ceeb832796935182aeff80bb03cecc5465c8cf3aaccbd446acd,a23c4d44f41c2fc245b02db92b59200f4b443888bdb532b601a5934f5c808064,f6d2b749aeed4173b45946296ba5f25d82c1d956e8000beec38203bb5db6dec7
source-identity-declaration-20260808T051806+0800-dd1e3d74dca4,ZI-d1bb187785d14529961e7f3f,DS-000193,候选数据文件,ETH,4小时;8小时;24小时;48小时,15分钟;1小时,未知,未知,未知,未知,未知,未知,未知,未知,未知,未登记,无,config/数据/来源身份声明补采.json#身份声明[],b99035eb31437b822b0d8ed9b728e2fbb4b5cd8b8861010049ee43d74fc08647,c7f0e941a62184b5da31ad822c95d8912302c67a9b7954a1cc0b890d47bdf708,ddc66db46b0a617e4c1399838801946648a6dfefbf0fa0906ff6e87d2b06898d,未知,b3a1fc5ec72ad95e258b584f936ad46befab951e0ee9e43eaa18179e34974387,无法判定,FILE_STAT_OBSERVED_IDENTITY_UNPROVEN,本批次只读；若声明、输入、Schema或授权漂移，既有结论自动失效并须追加新批次,未读取业务正文、价格、成交、订单簿、账户或凭据；身份字段不完整,为该成员提供当前版本九字段声明及逐字段Schema、授权和唯一证据定位后追加不可变批次,2d50c1344a835ceeb832796935182aeff80bb03cecc5465c8cf3aaccbd446acd,a23c4d44f41c2fc245b02db92b59200f4b443888bdb532b601a5934f5c808064,efed817045c27ab14ab6f41f969227275994b906873fecce258af09b1129b7f0
source-identity-declaration-20260808T051806+0800-dd1e3d74dca4,ZI-6f3802d826442d0412d2aa81,DS-000194,候选数据文件,ETH,4小时;8小时;24小时;48小时,15分钟;1小时,未知,未知,未知,未知,未知,未知,未知,未知,未知,未登记,无,config/数据/来源身份声明补采.json#身份声明[],b99035eb31437b822b0d8ed9b728e2fbb4b5cd8b8861010049ee43d74fc08647,62a9e8386448401b0df0012d85c2a2bee4cf6abfa56d187620f9414875fd792c,68eb28dee87640862574de295a45d8a098337bb45802223b841553864359bb56,未知,b3a1fc5ec72ad95e258b584f936ad46befab951e0ee9e43eaa18179e34974387,拒绝,INPUT_MEMBER_REJECTED,本批次只读；若声明、输入、Schema或授权漂移，既有结论自动失效并须追加新批次,未读取业务正文、价格、成交、订单簿、账户或凭据；身份字段不完整,为该成员提供当前版本九字段声明及逐字段Schema、授权和唯一证据定位后追加不可变批次,2d50c1344a835ceeb832796935182aeff80bb03cecc5465c8cf3aaccbd446acd,a23c4d44f41c2fc245b02db92b59200f4b443888bdb532b601a5934f5c808064,43e4b51182b8a022bada701aa3c6125e1e75e641a3247dcb9d2d2cb4a73bd768
source-identity-declaration-20260808T051806+0800-dd1e3d74dca4,ZI-e1794e82c705701b73c83cb1,DS-000195,候选数据文件,ETH,4小时;8小时;24小时;48小时,15分钟;1小时,未知,未知,未知,未知,未知,未知,未知,未知,未知,未登记,无,config/数据/来源身份声明补采.json#身份声明[],b99035eb31437b822b0d8ed9b728e2fbb4b5cd8b8861010049ee43d74fc08647,9e8f5648706c28594bb13be22bf74a43c6685db3eb0af8963881d94c1fb33090,9e3df7fcde6a416c14ad2f3385cc8a95fb4a60267d036f9a4e620d68bff6d10f,未知,b3a1fc5ec72ad95e258b584f936ad46befab951e0ee9e43eaa18179e34974387,无法判定,FILE_STAT_OBSERVED_IDENTITY_UNPROVEN,本批次只读；若声明、输入、Schema或授权漂移，既有结论自动失效并须追加新批次,未读取业务正文、价格、成交、订单簿、账户或凭据；身份字段不完整,为该成员提供当前版本九字段声明及逐字段Schema、授权和唯一证据定位后追加不可变批次,2d50c1344a835ceeb832796935182aeff80bb03cecc5465c8cf3aaccbd446acd,a23c4d44f41c2fc245b02db92b59200f4b443888bdb532b601a5934f5c808064,bb24000009bdde75b038eaeb16859c5dd4b7a9a6f9f31cbd6a24bfa79d5c9f87
source-identity-declaration-20260808T051806+0800-dd1e3d74dca4,ZI-3f3df114d327035876c6e2c5,DS-000196,候选数据文件,ETH,4小时;8小时;24小时;48小时,15分钟;1小时,未知,未知,未知,未知,未知,未知,未知,未知,未知,未登记,无,config/数据/来源身份声明补采.json#身份声明[],b99035eb31437b822b0d8ed9b728e2fbb4b5cd8b8861010049ee43d74fc08647,3302ef2c1af90e5188fec4871d9bc2a0b2f9649c1b92196be6c3cd882676ce67,e6157d59b9196789cd25c9701501043bb00ef014649356a10e16259596fb4709,未知,b3a1fc5ec72ad95e258b584f936ad46befab951e0ee9e43eaa18179e34974387,无法判定,FILE_STAT_OBSERVED_IDENTITY_UNPROVEN,本批次只读；若声明、输入、Schema或授权漂移，既有结论自动失效并须追加新批次,未读取业务正文、价格、成交、订单簿、账户或凭据；身份字段不完整,为该成员提供当前版本九字段声明及逐字段Schema、授权和唯一证据定位后追加不可变批次,2d50c1344a835ceeb832796935182aeff80bb03cecc5465c8cf3aaccbd446acd,a23c4d44f41c2fc245b02db92b59200f4b443888bdb532b601a5934f5c808064,94d195808902e1b9710c3f8d870a2f986c8179ed06c28ce8595c7c9b6f8c9b14
source-identity-declaration-20260808T051806+0800-dd1e3d74dca4,ZI-19137f1f87be3d200089316b,DS-000197,候选数据文件,ETH,4小时;8小时;24小时;48小时,15分钟;1小时,未知,未知,未知,未知,未知,未知,未知,未知,未知,未登记,无,config/数据/来源身份声明补采.json#身份声明[],b99035eb31437b822b0d8ed9b728e2fbb4b5cd8b8861010049ee43d74fc08647,bfc42bc0d8152ba416024f1c92821247641bfebdacf6b68020d7b23caf8bcf1d,a8a1fedf04743df7d4306f8ab802cc9f585ad95bb3a1859b581b08e07f21b491,未知,b3a1fc5ec72ad95e258b584f936ad46befab951e0ee9e43eaa18179e34974387,无法判定,FILE_STAT_OBSERVED_IDENTITY_UNPROVEN,本批次只读；若声明、输入、Schema或授权漂移，既有结论自动失效并须追加新批次,未读取业务正文、价格、成交、订单簿、账户或凭据；身份字段不完整,为该成员提供当前版本九字段声明及逐字段Schema、授权和唯一证据定位后追加不可变批次,2d50c1344a835ceeb832796935182aeff80bb03cecc5465c8cf3aaccbd446acd,a23c4d44f41c2fc245b02db92b59200f4b443888bdb532b601a5934f5c808064,9bacfb17849af05d812c55ae6954b11b591d00de66526807940d6fe8be0efba2
source-identity-declaration-20260808T051806+0800-dd1e3d74dca4,ZI-80af384d1f7e36ec07c65427,DS-000198,候选数据文件,ETH,4小时;8小时;24小时;48小时,15分钟;1小时,未知,未知,未知,未知,未知,未知,未知,未知,未知,未登记,无,config/数据/来源身份声明补采.json#身份声明[],b99035eb31437b822b0d8ed9b728e2fbb4b5cd8b8861010049ee43d74fc08647,e91a693c10215586182fb841338a4f6446ac050e791e472e1cf048244d99abd4,8dcbf3ed5b60fa730bdf830643d41a04e45e08e42af3c50b780c3bff6cf54e55,未知,b3a1fc5ec72ad95e258b584f936ad46befab951e0ee9e43eaa18179e34974387,无法判定,FILE_STAT_OBSERVED_IDENTITY_UNPROVEN,本批次只读；若声明、输入、Schema或授权漂移，既有结论自动失效并须追加新批次,未读取业务正文、价格、成交、订单簿、账户或凭据；身份字段不完整,为该成员提供当前版本九字段声明及逐字段Schema、授权和唯一证据定位后追加不可变批次,2d50c1344a835ceeb832796935182aeff80bb03cecc5465c8cf3aaccbd446acd,a23c4d44f41c2fc245b02db92b59200f4b443888bdb532b601a5934f5c808064,82c1fc22a5e3d9d897b7b07232864f53a3de9b53489cb284762505c83f8be08f
source-identity-declaration-20260808T051806+0800-dd1e3d74dca4,ZI-5b12f1080c2c2012be1a896a,DS-000199,候选数据文件,ETH,4小时;8小时;24小时;48小时,15分钟;1小时,未知,未知,未知,未知,未知,未知,未知,未知,未知,未登记,无,config/数据/来源身份声明补采.json#身份声明[],b99035eb31437b822b0d8ed9b728e2fbb4b5cd8b8861010049ee43d74fc08647,9b483598e61c912f16425f2781345539481dc82d607aac2cba73462d89bd674b,72b527c4562ab1d34e9c9be2a4cfceffb42758e4fbf892ad7e8c0a54baab42de,未知,b3a1fc5ec72ad95e258b584f936ad46befab951e0ee9e43eaa18179e34974387,无法判定,FILE_STAT_OBSERVED_IDENTITY_UNPROVEN,本批次只读；若声明、输入、Schema或授权漂移，既有结论自动失效并须追加新批次,未读取业务正文、价格、成交、订单簿、账户或凭据；身份字段不完整,为该成员提供当前版本九字段声明及逐字段Schema、授权和唯一证据定位后追加不可变批次,2d50c1344a835ceeb832796935182aeff80bb03cecc5465c8cf3aaccbd446acd,a23c4d44f41c2fc245b02db92b59200f4b443888bdb532b601a5934f5c808064,8fea610cc8dc83d85be8357275ba79c4ca83ebbd084df87ad33947d48f3a7b6b
source-identity-declaration-20260808T051806+0800-dd1e3d74dca4,ZI-e77ad70ccd2cdeb42c394004,DS-000200,候选数据文件,ETH,4小时;8小时;24小时;48小时,15分钟;1小时,未知,未知,未知,未知,未知,未知,未知,未知,未知,未登记,无,config/数据/来源身份声明补采.json#身份声明[],b99035eb31437b822b0d8ed9b728e2fbb4b5cd8b8861010049ee43d74fc08647,e80dcd17c2945c774e10bbdd99ee8807d9c0889a7aa945dff67b835761d325e1,4aa53dfec9df9610da8d7bfc3d66440053ecefc2015c01103d66bb3378abc3c8,未知,b3a1fc5ec72ad95e258b584f936ad46befab951e0ee9e43eaa18179e34974387,无法判定,FILE_STAT_OBSERVED_IDENTITY_UNPROVEN,本批次只读；若声明、输入、Schema或授权漂移，既有结论自动失效并须追加新批次,未读取业务正文、价格、成交、订单簿、账户或凭据；身份字段不完整,为该成员提供当前版本九字段声明及逐字段Schema、授权和唯一证据定位后追加不可变批次,2d50c1344a835ceeb832796935182aeff80bb03cecc5465c8cf3aaccbd446acd,a23c4d44f41c2fc245b02db92b59200f4b443888bdb532b601a5934f5c808064,5b609cc089bdc1127d193396a2196312b8be57c7e9817bfcfc02fdcd30072c77
source-identity-declaration-20260808T051806+0800-dd1e3d74dca4,ZI-e5c1417e81aca9c453033647,DS-000201,候选数据文件,ETH,4小时;8小时;24小时;48小时,15分钟;1小时,未知,未知,未知,未知,未知,未知,未知,未知,未知,未登记,无,config/数据/来源身份声明补采.json#身份声明[],b99035eb31437b822b0d8ed9b728e2fbb4b5cd8b8861010049ee43d74fc08647,49981dce25f37ed42652b06b919f6933838ff3f5dde0c19b596d799b6865cebd,3891e003c78725e69f75c68b81d1f532b40cf91154ae84eb4f5284cf56ba3099,未知,b3a1fc5ec72ad95e258b584f936ad46befab951e0ee9e43eaa18179e34974387,无法判定,FILE_STAT_OBSERVED_IDENTITY_UNPROVEN,本批次只读；若声明、输入、Schema或授权漂移，既有结论自动失效并须追加新批次,未读取业务正文、价格、成交、订单簿、账户或凭据；身份字段不完整,为该成员提供当前版本九字段声明及逐字段Schema、授权和唯一证据定位后追加不可变批次,2d50c1344a835ceeb832796935182aeff80bb03cecc5465c8cf3aaccbd446acd,a23c4d44f41c2fc245b02db92b59200f4b443888bdb532b601a5934f5c808064,55807db52a8bc60f15cf3a81992104e9cee0b61cbc28f206e449bd03de0e2d07
source-identity-declaration-20260808T051806+0800-dd1e3d74dca4,ZI-d66834912672a4e2529dbcd7,DS-000202,候选数据文件,ETH,4小时;8小时;24小时;48小时,15分钟;1小时,未知,未知,未知,未知,未知,未知,未知,未知,未知,未登记,无,config/数据/来源身份声明补采.json#身份声明[],b99035eb31437b822b0d8ed9b728e2fbb4b5cd8b8861010049ee43d74fc08647,af6c149cc7e8aff483d571b31555d0d079734bd55eb11d9cf2e19fa32a765aca,a7e41a97d340e7df672e7bb9bfcd0e7d0a623cb69e7afd0812205373ddd5899d,未知,b3a1fc5ec72ad95e258b584f936ad46befab951e0ee9e43eaa18179e34974387,无法判定,FILE_STAT_OBSERVED_IDENTITY_UNPROVEN,本批次只读；若声明、输入、Schema或授权漂移，既有结论自动失效并须追加新批次,未读取业务正文、价格、成交、订单簿、账户或凭据；身份字段不完整,为该成员提供当前版本九字段声明及逐字段Schema、授权和唯一证据定位后追加不可变批次,2d50c1344a835ceeb832796935182aeff80bb03cecc5465c8cf3aaccbd446acd,a23c4d44f41c2fc245b02db92b59200f4b443888bdb532b601a5934f5c808064,7129b51baf9c127de2e16b337c63870db95d5133171898d9adedf825b8f7d839
source-identity-declaration-20260808T051806+0800-dd1e3d74dca4,ZI-0ac78046b4728bc089499fc7,DS-000203,候选数据文件,ETH,4小时;8小时;24小时;48小时,15分钟;1小时,未知,未知,未知,未知,未知,未知,未知,未知,未知,未登记,无,config/数据/来源身份声明补采.json#身份声明[],b99035eb31437b822b0d8ed9b728e2fbb4b5cd8b8861010049ee43d74fc08647,4dcd4726cf5e37a543aed51c650186f864a264324396a79ba6fc6702b04aca60,47c0fd0e195494b87d8be0540fbe1d2a7d7acc231f4b421c98d23d7b224c315d,未知,b3a1fc5ec72ad95e258b584f936ad46befab951e0ee9e43eaa18179e34974387,无法判定,FILE_STAT_OBSERVED_IDENTITY_UNPROVEN,本批次只读；若声明、输入、Schema或授权漂移，既有结论自动失效并须追加新批次,未读取业务正文、价格、成交、订单簿、账户或凭据；身份字段不完整,为该成员提供当前版本九字段声明及逐字段Schema、授权和唯一证据定位后追加不可变批次,2d50c1344a835ceeb832796935182aeff80bb03cecc5465c8cf3aaccbd446acd,a23c4d44f41c2fc245b02db92b59200f4b443888bdb532b601a5934f5c808064,92346b858b7ef395156b59dded8f72a8403494fb6b0f0924e39916641f245d0d
source-identity-declaration-20260808T051806+0800-dd1e3d74dca4,ZI-e3f8d3f88205af4edaf439ef,DS-000204,候选数据文件,ETH,4小时;8小时;24小时;48小时,15分钟;1小时,未知,未知,未知,未知,未知,未知,未知,未知,未知,未登记,无,config/数据/来源身份声明补采.json#身份声明[],b99035eb31437b822b0d8ed9b728e2fbb4b5cd8b8861010049ee43d74fc08647,60e872660b08823c99e2e04926f5c739275e934bce8e6799ed48f867fc114da3,d78f1937dcd6fe7103be51d4bff7c53a455ad468113fde974e5b718883ef45f3,未知,b3a1fc5ec72ad95e258b584f936ad46befab951e0ee9e43eaa18179e34974387,无法判定,FILE_STAT_OBSERVED_IDENTITY_UNPROVEN,本批次只读；若声明、输入、Schema或授权漂移，既有结论自动失效并须追加新批次,未读取业务正文、价格、成交、订单簿、账户或凭据；身份字段不完整,为该成员提供当前版本九字段声明及逐字段Schema、授权和唯一证据定位后追加不可变批次,2d50c1344a835ceeb832796935182aeff80bb03cecc5465c8cf3aaccbd446acd,a23c4d44f41c2fc245b02db92b59200f4b443888bdb532b601a5934f5c808064,5b09fd067773a062dcbc800b1afc48ac86eac1dfdbe26fcd1cb1098368b6419f
source-identity-declaration-20260808T051806+0800-dd1e3d74dca4,ZI-dc9e6a5027261094522801f5,DS-000205,候选数据文件,ETH,4小时;8小时;24小时;48小时,15分钟;1小时,未知,未知,未知,未知,未知,未知,未知,未知,未知,未登记,无,config/数据/来源身份声明补采.json#身份声明[],b99035eb31437b822b0d8ed9b728e2fbb4b5cd8b8861010049ee43d74fc08647,357e287ee3ae9a9b3f35b6b4e036478848a3cb3659bc68f18d20dfc26f7fd580,d22196b16c3edaa28138846ff39a68c88f5c0c40804d6f69d0f0652d9b0963d8,未知,b3a1fc5ec72ad95e258b584f936ad46befab951e0ee9e43eaa18179e34974387,无法判定,FILE_STAT_OBSERVED_IDENTITY_UNPROVEN,本批次只读；若声明、输入、Schema或授权漂移，既有结论自动失效并须追加新批次,未读取业务正文、价格、成交、订单簿、账户或凭据；身份字段不完整,为该成员提供当前版本九字段声明及逐字段Schema、授权和唯一证据定位后追加不可变批次,2d50c1344a835ceeb832796935182aeff80bb03cecc5465c8cf3aaccbd446acd,a23c4d44f41c2fc245b02db92b59200f4b443888bdb532b601a5934f5c808064,b6a3331dad14bcea0b6de8c17bdf63e210995d2e9254cabb189707c5790e6d10
source-identity-declaration-20260808T051806+0800-dd1e3d74dca4,ZI-39e668d49c271470ea63fde5,DS-000206,候选数据文件,ETH,4小时;8小时;24小时;48小时,15分钟;1小时,未知,未知,未知,未知,未知,未知,未知,未知,未知,未登记,无,config/数据/来源身份声明补采.json#身份声明[],b99035eb31437b822b0d8ed9b728e2fbb4b5cd8b8861010049ee43d74fc08647,4cd28c8e4c99a20a90332d2c80d3b371450fd362414938588e0d0de5ad3840d2,acfd9a96ff1bb4381dbfeccf8158f1936393dc5173ba8038529e3364f7c7a171,未知,b3a1fc5ec72ad95e258b584f936ad46befab951e0ee9e43eaa18179e34974387,无法判定,FILE_STAT_OBSERVED_IDENTITY_UNPROVEN,本批次只读；若声明、输入、Schema或授权漂移，既有结论自动失效并须追加新批次,未读取业务正文、价格、成交、订单簿、账户或凭据；身份字段不完整,为该成员提供当前版本九字段声明及逐字段Schema、授权和唯一证据定位后追加不可变批次,2d50c1344a835ceeb832796935182aeff80bb03cecc5465c8cf3aaccbd446acd,a23c4d44f41c2fc245b02db92b59200f4b443888bdb532b601a5934f5c808064,3964f6d3633dc2fbc061ac800ebb942c678dfcb46c74a2447e17fcd9357f04d6
source-identity-declaration-20260808T051806+0800-dd1e3d74dca4,ZI-e6336b5c74a9200b20bce7e1,DS-000207,候选数据文件,ETH,4小时;8小时;24小时;48小时,15分钟;1小时,未知,未知,未知,未知,未知,未知,未知,未知,未知,未登记,无,config/数据/来源身份声明补采.json#身份声明[],b99035eb31437b822b0d8ed9b728e2fbb4b5cd8b8861010049ee43d74fc08647,2862c9267898c9d6737d4fc1b5ced6613c04c9e243fb77d4d93db30b2e8f8ad8,81ed54bcab59ed60f0262b4a4365e8bbb4c5475811bcb229bedb2e58498d371d,未知,b3a1fc5ec72ad95e258b584f936ad46befab951e0ee9e43eaa18179e34974387,无法判定,FILE_STAT_OBSERVED_IDENTITY_UNPROVEN,本批次只读；若声明、输入、Schema或授权漂移，既有结论自动失效并须追加新批次,未读取业务正文、价格、成交、订单簿、账户或凭据；身份字段不完整,为该成员提供当前版本九字段声明及逐字段Schema、授权和唯一证据定位后追加不可变批次,2d50c1344a835ceeb832796935182aeff80bb03cecc5465c8cf3aaccbd446acd,a23c4d44f41c2fc245b02db92b59200f4b443888bdb532b601a5934f5c808064,0ad4e561e6985eb3a2e49755863174cda662b57ac6ac39b358943a0d476caeee
source-identity-declaration-20260808T051806+0800-dd1e3d74dca4,ZI-67bf3674d8c4e2d9f884e729,DS-000208,候选数据文件,ETH,4小时;8小时;24小时;48小时,15分钟;1小时,未知,未知,未知,未知,未知,未知,未知,未知,未知,未登记,无,config/数据/来源身份声明补采.json#身份声明[],b99035eb31437b822b0d8ed9b728e2fbb4b5cd8b8861010049ee43d74fc08647,fe9e7608a4eb061f5652be539fe800c731c30c5e369f84a49850cf73b997ae50,9b84f87a1dedc394f11562511ac0593d3698ba920f79e13b925545e9b7477423,未知,b3a1fc5ec72ad95e258b584f936ad46befab951e0ee9e43eaa18179e34974387,无法判定,FILE_STAT_OBSERVED_IDENTITY_UNPROVEN,本批次只读；若声明、输入、Schema或授权漂移，既有结论自动失效并须追加新批次,未读取业务正文、价格、成交、订单簿、账户或凭据；身份字段不完整,为该成员提供当前版本九字段声明及逐字段Schema、授权和唯一证据定位后追加不可变批次,2d50c1344a835ceeb832796935182aeff80bb03cecc5465c8cf3aaccbd446acd,a23c4d44f41c2fc245b02db92b59200f4b443888bdb532b601a5934f5c808064,9fc9be40ba02d686de2d07d9c1db8e847b613c02182fb42960502462d04aee46
source-identity-declaration-20260808T051806+0800-dd1e3d74dca4,ZI-bf318ff33e056cae7780888f,DS-000209,候选数据文件,ETH,4小时;8小时;24小时;48小时,15分钟;1小时,未知,未知,未知,未知,未知,未知,未知,未知,未知,未登记,无,config/数据/来源身份声明补采.json#身份声明[],b99035eb31437b822b0d8ed9b728e2fbb4b5cd8b8861010049ee43d74fc08647,2d90d65ec9a02a4e23e09313281406cd378c2eaadb3a19a9f1c4ba89d57b523a,16a1140e39ad3c51a489be6106c8ba9593779ed971fa88b4d8aceb3f4623b45a,未知,b3a1fc5ec72ad95e258b584f936ad46befab951e0ee9e43eaa18179e34974387,无法判定,FILE_STAT_OBSERVED_IDENTITY_UNPROVEN,本批次只读；若声明、输入、Schema或授权漂移，既有结论自动失效并须追加新批次,未读取业务正文、价格、成交、订单簿、账户或凭据；身份字段不完整,为该成员提供当前版本九字段声明及逐字段Schema、授权和唯一证据定位后追加不可变批次,2d50c1344a835ceeb832796935182aeff80bb03cecc5465c8cf3aaccbd446acd,a23c4d44f41c2fc245b02db92b59200f4b443888bdb532b601a5934f5c808064,e776bff7e1f57c4ff44b46b112c75d31105a6fcf2252302654b74b17180417b8
source-identity-declaration-20260808T051806+0800-dd1e3d74dca4,ZI-9bf3456766012c7fa289b73a,DS-000210,候选数据文件,ETH,4小时;8小时;24小时;48小时,15分钟;1小时,未知,未知,未知,未知,未知,未知,未知,未知,未知,未登记,无,config/数据/来源身份声明补采.json#身份声明[],b99035eb31437b822b0d8ed9b728e2fbb4b5cd8b8861010049ee43d74fc08647,1673f3d2d5e26882002c3ff908463abce1fdfb4a795443a152f6b85a43fb3f07,e4628d31187ff75bd98b22dd5047c3aea0e8e096324d40cda8f35094b30c9013,未知,b3a1fc5ec72ad95e258b584f936ad46befab951e0ee9e43eaa18179e34974387,无法判定,FILE_STAT_OBSERVED_IDENTITY_UNPROVEN,本批次只读；若声明、输入、Schema或授权漂移，既有结论自动失效并须追加新批次,未读取业务正文、价格、成交、订单簿、账户或凭据；身份字段不完整,为该成员提供当前版本九字段声明及逐字段Schema、授权和唯一证据定位后追加不可变批次,2d50c1344a835ceeb832796935182aeff80bb03cecc5465c8cf3aaccbd446acd,a23c4d44f41c2fc245b02db92b59200f4b443888bdb532b601a5934f5c808064,dc7774b5599307b89ae97c660df831130456f6413aede26c1ee0a70b3e05f5bd
source-identity-declaration-20260808T051806+0800-dd1e3d74dca4,ZI-bf36c5f09b92ec27587054c0,DS-000211,候选数据文件,ETH,4小时;8小时;24小时;48小时,15分钟;1小时,未知,未知,未知,未知,未知,未知,未知,未知,未知,未登记,无,config/数据/来源身份声明补采.json#身份声明[],b99035eb31437b822b0d8ed9b728e2fbb4b5cd8b8861010049ee43d74fc08647,1f7e7cf555344a7206d8962dde3c7fb9c95f36713b307b7c1e758ad6556bd5a8,a1c268d08407573cface32bceab6379292b01d0579981f5df06ccede609d20a1,未知,b3a1fc5ec72ad95e258b584f936ad46befab951e0ee9e43eaa18179e34974387,无法判定,FILE_STAT_OBSERVED_IDENTITY_UNPROVEN,本批次只读；若声明、输入、Schema或授权漂移，既有结论自动失效并须追加新批次,未读取业务正文、价格、成交、订单簿、账户或凭据；身份字段不完整,为该成员提供当前版本九字段声明及逐字段Schema、授权和唯一证据定位后追加不可变批次,2d50c1344a835ceeb832796935182aeff80bb03cecc5465c8cf3aaccbd446acd,a23c4d44f41c2fc245b02db92b59200f4b443888bdb532b601a5934f5c808064,413c6eca803c2af38d9d37437f2df7bbbeee417e5d217b9e81aa8d82b79e9a40
source-identity-declaration-20260808T051806+0800-dd1e3d74dca4,ZI-3e5b6d24bf74d09e00f206d2,DS-000212,候选数据文件,ETH,4小时;8小时;24小时;48小时,15分钟;1小时,未知,未知,未知,未知,未知,未知,未知,未知,未知,未登记,无,config/数据/来源身份声明补采.json#身份声明[],b99035eb31437b822b0d8ed9b728e2fbb4b5cd8b8861010049ee43d74fc08647,d8c78a0148f6abdd19f4a621d6c52ca485dd38012b2c028f70904050efa3275d,37596e6844008a9aa7ff046e5fbdcb00e924cf146b6fe95fbb2822dda3b97dd0,未知,b3a1fc5ec72ad95e258b584f936ad46befab951e0ee9e43eaa18179e34974387,无法判定,FILE_STAT_OBSERVED_IDENTITY_UNPROVEN,本批次只读；若声明、输入、Schema或授权漂移，既有结论自动失效并须追加新批次,未读取业务正文、价格、成交、订单簿、账户或凭据；身份字段不完整,为该成员提供当前版本九字段声明及逐字段Schema、授权和唯一证据定位后追加不可变批次,2d50c1344a835ceeb832796935182aeff80bb03cecc5465c8cf3aaccbd446acd,a23c4d44f41c2fc245b02db92b59200f4b443888bdb532b601a5934f5c808064,928163cf93fa6305b7b24a14c48f433bf09e5f642ebae168df8797a9568e3a96
source-identity-declaration-20260808T051806+0800-dd1e3d74dca4,ZI-a63d16fb4ec4d09959677754,DS-000213,候选数据文件,ETH,4小时;8小时;24小时;48小时,15分钟;1小时,未知,未知,未知,未知,未知,未知,未知,未知,未知,未登记,无,config/数据/来源身份声明补采.json#身份声明[],b99035eb31437b822b0d8ed9b728e2fbb4b5cd8b8861010049ee43d74fc08647,49da7771a94025e16bceaf06d99d368bb69fc9f0b30773ef78fd195b2647f3cc,d89240428d281b5dfce7b304dbee0ea74ded4f6e36cfa826a995d02f960d1345,未知,b3a1fc5ec72ad95e258b584f936ad46befab951e0ee9e43eaa18179e34974387,无法判定,FILE_STAT_OBSERVED_IDENTITY_UNPROVEN,本批次只读；若声明、输入、Schema或授权漂移，既有结论自动失效并须追加新批次,未读取业务正文、价格、成交、订单簿、账户或凭据；身份字段不完整,为该成员提供当前版本九字段声明及逐字段Schema、授权和唯一证据定位后追加不可变批次,2d50c1344a835ceeb832796935182aeff80bb03cecc5465c8cf3aaccbd446acd,a23c4d44f41c2fc245b02db92b59200f4b443888bdb532b601a5934f5c808064,048abe5543e2a972fcb2ba29cd69a3071ee0bec3be1ca8b710d02334691817af
source-identity-declaration-20260808T051806+0800-dd1e3d74dca4,ZI-46ace9e7b562d73bf90102ac,DS-000214,候选数据文件,ETH,4小时;8小时;24小时;48小时,15分钟;1小时,未知,未知,未知,未知,未知,未知,未知,未知,未知,未登记,无,config/数据/来源身份声明补采.json#身份声明[],b99035eb31437b822b0d8ed9b728e2fbb4b5cd8b8861010049ee43d74fc08647,4b7ef458a831e58978149d25819f70ca44d5a7ab56c24620e2b5e199ddfa8457,138c8152fe7932c04516a7547f92731a5d1a3889fa6a5f2311da04ff6aa7b016,未知,b3a1fc5ec72ad95e258b584f936ad46befab951e0ee9e43eaa18179e34974387,无法判定,FILE_STAT_OBSERVED_IDENTITY_UNPROVEN,本批次只读；若声明、输入、Schema或授权漂移，既有结论自动失效并须追加新批次,未读取业务正文、价格、成交、订单簿、账户或凭据；身份字段不完整,为该成员提供当前版本九字段声明及逐字段Schema、授权和唯一证据定位后追加不可变批次,2d50c1344a835ceeb832796935182aeff80bb03cecc5465c8cf3aaccbd446acd,a23c4d44f41c2fc245b02db92b59200f4b443888bdb532b601a5934f5c808064,8d3b7ac63cb8bf7c12e77b9fce8dfe038ff7f098e412788d0da4f0053a98ed95
source-identity-declaration-20260808T051806+0800-dd1e3d74dca4,ZI-4bf648fae65088717c965e1f,DS-000215,候选数据文件,ETH,4小时;8小时;24小时;48小时,15分钟;1小时,未知,未知,未知,未知,未知,未知,未知,未知,未知,未登记,无,config/数据/来源身份声明补采.json#身份声明[],b99035eb31437b822b0d8ed9b728e2fbb4b5cd8b8861010049ee43d74fc08647,c8e071231ebbdfc3fd675eb141e1efc29ba7a13e91e9254f9c3cc1ef9495c2c2,7230b1aa75860eaded6c148481fe00881d2ec25cc8ba7a9a50d7cbc899a4985a,未知,b3a1fc5ec72ad95e258b584f936ad46befab951e0ee9e43eaa18179e34974387,无法判定,FILE_STAT_OBSERVED_IDENTITY_UNPROVEN,本批次只读；若声明、输入、Schema或授权漂移，既有结论自动失效并须追加新批次,未读取业务正文、价格、成交、订单簿、账户或凭据；身份字段不完整,为该成员提供当前版本九字段声明及逐字段Schema、授权和唯一证据定位后追加不可变批次,2d50c1344a835ceeb832796935182aeff80bb03cecc5465c8cf3aaccbd446acd,a23c4d44f41c2fc245b02db92b59200f4b443888bdb532b601a5934f5c808064,3625e2e3fd1b2de50d4426f1c2a690869f55eaa13b63e5339646ff0143f02ed0
source-identity-declaration-20260808T051806+0800-dd1e3d74dca4,ZI-aa7e8af4e975d61b2ca3fb4f,DS-000216,候选数据文件,ETH,4小时;8小时;24小时;48小时,15分钟;1小时,未知,未知,未知,未知,未知,未知,未知,未知,未知,未登记,无,config/数据/来源身份声明补采.json#身份声明[],b99035eb31437b822b0d8ed9b728e2fbb4b5cd8b8861010049ee43d74fc08647,17cb50cc3c65f508fb921ef26b8f5306a43dab9610337cf613631b5df89e8e5d,6627553473a3965b483ccc0f8839a72133b53c3c91b720d46d5d7031c81fe67c,未知,b3a1fc5ec72ad95e258b584f936ad46befab951e0ee9e43eaa18179e34974387,无法判定,FILE_STAT_OBSERVED_IDENTITY_UNPROVEN,本批次只读；若声明、输入、Schema或授权漂移，既有结论自动失效并须追加新批次,未读取业务正文、价格、成交、订单簿、账户或凭据；身份字段不完整,为该成员提供当前版本九字段声明及逐字段Schema、授权和唯一证据定位后追加不可变批次,2d50c1344a835ceeb832796935182aeff80bb03cecc5465c8cf3aaccbd446acd,a23c4d44f41c2fc245b02db92b59200f4b443888bdb532b601a5934f5c808064,0f06080ce8910f13d1f2d34af7f3f90a4a41c5fb646379029bbb943e799941ea
source-identity-declaration-20260808T051806+0800-dd1e3d74dca4,ZI-87449cb81b7b3a3b8f7d3eab,DS-000217,候选数据文件,ETH,4小时;8小时;24小时;48小时,15分钟;1小时,未知,未知,未知,未知,未知,未知,未知,未知,未知,未登记,无,config/数据/来源身份声明补采.json#身份声明[],b99035eb31437b822b0d8ed9b728e2fbb4b5cd8b8861010049ee43d74fc08647,0bdc7a67f1bbd727ffffcd809c382cb521892eb214a2a1049dd5fd9704b3ce31,9e3df7fcde6a416c14ad2f3385cc8a95fb4a60267d036f9a4e620d68bff6d10f,未知,b3a1fc5ec72ad95e258b584f936ad46befab951e0ee9e43eaa18179e34974387,无法判定,FILE_STAT_OBSERVED_IDENTITY_UNPROVEN,本批次只读；若声明、输入、Schema或授权漂移，既有结论自动失效并须追加新批次,未读取业务正文、价格、成交、订单簿、账户或凭据；身份字段不完整,为该成员提供当前版本九字段声明及逐字段Schema、授权和唯一证据定位后追加不可变批次,2d50c1344a835ceeb832796935182aeff80bb03cecc5465c8cf3aaccbd446acd,a23c4d44f41c2fc245b02db92b59200f4b443888bdb532b601a5934f5c808064,04d319287198c478df711551ec05d8030cd8bd89213119def48f5b6585d9407f
source-identity-declaration-20260808T051806+0800-dd1e3d74dca4,ZI-36c092c73b65708fcdd38ad4,DS-000218,候选数据文件,ETH,4小时;8小时;24小时;48小时,15分钟;1小时,未知,未知,未知,未知,未知,未知,未知,未知,未知,未登记,无,config/数据/来源身份声明补采.json#身份声明[],b99035eb31437b822b0d8ed9b728e2fbb4b5cd8b8861010049ee43d74fc08647,23d79df12719a18f66ce20b5e7348fd6e2f6c701cfaa07957b0acc9b4b4b3c5d,e6157d59b9196789cd25c9701501043bb00ef014649356a10e16259596fb4709,未知,b3a1fc5ec72ad95e258b584f936ad46befab951e0ee9e43eaa18179e34974387,无法判定,FILE_STAT_OBSERVED_IDENTITY_UNPROVEN,本批次只读；若声明、输入、Schema或授权漂移，既有结论自动失效并须追加新批次,未读取业务正文、价格、成交、订单簿、账户或凭据；身份字段不完整,为该成员提供当前版本九字段声明及逐字段Schema、授权和唯一证据定位后追加不可变批次,2d50c1344a835ceeb832796935182aeff80bb03cecc5465c8cf3aaccbd446acd,a23c4d44f41c2fc245b02db92b59200f4b443888bdb532b601a5934f5c808064,a57b062b7d976249d454259e5f8486db5e1c45471c43de83aa5d78403e41b878
source-identity-declaration-20260808T051806+0800-dd1e3d74dca4,ZI-12c289eff1be0bf2e1d20fb5,DS-000219,候选数据文件,ETH,4小时;8小时;24小时;48小时,15分钟;1小时,未知,未知,未知,未知,未知,未知,未知,未知,未知,未登记,无,config/数据/来源身份声明补采.json#身份声明[],b99035eb31437b822b0d8ed9b728e2fbb4b5cd8b8861010049ee43d74fc08647,21165349456518961030378083fea5551ab855e98f18bb276a7180f52b3d1f7d,a8a1fedf04743df7d4306f8ab802cc9f585ad95bb3a1859b581b08e07f21b491,未知,b3a1fc5ec72ad95e258b584f936ad46befab951e0ee9e43eaa18179e34974387,无法判定,FILE_STAT_OBSERVED_IDENTITY_UNPROVEN,本批次只读；若声明、输入、Schema或授权漂移，既有结论自动失效并须追加新批次,未读取业务正文、价格、成交、订单簿、账户或凭据；身份字段不完整,为该成员提供当前版本九字段声明及逐字段Schema、授权和唯一证据定位后追加不可变批次,2d50c1344a835ceeb832796935182aeff80bb03cecc5465c8cf3aaccbd446acd,a23c4d44f41c2fc245b02db92b59200f4b443888bdb532b601a5934f5c808064,eb2b671ba78f82c1c0419c864aa6e15ba556eba7be6111eee717ff9b8043a542
source-identity-declaration-20260808T051806+0800-dd1e3d74dca4,ZI-f31616fc75ad8bef6735c9f9,DS-000220,候选数据文件,ETH,4小时;8小时;24小时;48小时,15分钟;1小时,未知,未知,未知,未知,未知,未知,未知,未知,未知,未登记,无,config/数据/来源身份声明补采.json#身份声明[],b99035eb31437b822b0d8ed9b728e2fbb4b5cd8b8861010049ee43d74fc08647,7de5a82ae4458f844affdcfc96bb58bd683630348ddf7b03231730efa11bf7dc,8dcbf3ed5b60fa730bdf830643d41a04e45e08e42af3c50b780c3bff6cf54e55,未知,b3a1fc5ec72ad95e258b584f936ad46befab951e0ee9e43eaa18179e34974387,无法判定,FILE_STAT_OBSERVED_IDENTITY_UNPROVEN,本批次只读；若声明、输入、Schema或授权漂移，既有结论自动失效并须追加新批次,未读取业务正文、价格、成交、订单簿、账户或凭据；身份字段不完整,为该成员提供当前版本九字段声明及逐字段Schema、授权和唯一证据定位后追加不可变批次,2d50c1344a835ceeb832796935182aeff80bb03cecc5465c8cf3aaccbd446acd,a23c4d44f41c2fc245b02db92b59200f4b443888bdb532b601a5934f5c808064,1fccfae370cfce47e7ee7063bf7a04784005066e38a38c260747c0276d189c78
source-identity-declaration-20260808T051806+0800-dd1e3d74dca4,ZI-cd249e493d073e54d19874b0,DS-000221,候选数据文件,ETH,4小时;8小时;24小时;48小时,15分钟;1小时,未知,未知,未知,未知,未知,未知,未知,未知,未知,未登记,无,config/数据/来源身份声明补采.json#身份声明[],b99035eb31437b822b0d8ed9b728e2fbb4b5cd8b8861010049ee43d74fc08647,6980edd049f750c69d7e7ae20e5aa6cc1657e9d95673ca38293e252e1af793e9,72b527c4562ab1d34e9c9be2a4cfceffb42758e4fbf892ad7e8c0a54baab42de,未知,b3a1fc5ec72ad95e258b584f936ad46befab951e0ee9e43eaa18179e34974387,无法判定,FILE_STAT_OBSERVED_IDENTITY_UNPROVEN,本批次只读；若声明、输入、Schema或授权漂移，既有结论自动失效并须追加新批次,未读取业务正文、价格、成交、订单簿、账户或凭据；身份字段不完整,为该成员提供当前版本九字段声明及逐字段Schema、授权和唯一证据定位后追加不可变批次,2d50c1344a835ceeb832796935182aeff80bb03cecc5465c8cf3aaccbd446acd,a23c4d44f41c2fc245b02db92b59200f4b443888bdb532b601a5934f5c808064,5a6ba2e56e5d4033056020035e7a7a8cb8a5c72f4f9df6eaae5d56fa2797cde5
source-identity-declaration-20260808T051806+0800-dd1e3d74dca4,ZI-745c8f0cc6ded6fb507acbb1,DS-000222,候选数据文件,ETH,4小时;8小时;24小时;48小时,15分钟;1小时,未知,未知,未知,未知,未知,未知,未知,未知,未知,未登记,无,config/数据/来源身份声明补采.json#身份声明[],b99035eb31437b822b0d8ed9b728e2fbb4b5cd8b8861010049ee43d74fc08647,3e539388481b9fa19a3c40b0e3aa8d79677f6c36cfe63f2ca87828ac92b88df2,087e1e310fcd0e97232d7b0afd702de2d5cfe3ddab9d622e8ee6b7853cb46b62,未知,b3a1fc5ec72ad95e258b584f936ad46befab951e0ee9e43eaa18179e34974387,无法判定,FILE_STAT_OBSERVED_IDENTITY_UNPROVEN,本批次只读；若声明、输入、Schema或授权漂移，既有结论自动失效并须追加新批次,未读取业务正文、价格、成交、订单簿、账户或凭据；身份字段不完整,为该成员提供当前版本九字段声明及逐字段Schema、授权和唯一证据定位后追加不可变批次,2d50c1344a835ceeb832796935182aeff80bb03cecc5465c8cf3aaccbd446acd,a23c4d44f41c2fc245b02db92b59200f4b443888bdb532b601a5934f5c808064,5bac8c05802262dd4fd7e73b4757cd67251822dbca85474526f2803985ae2946
source-identity-declaration-20260808T051806+0800-dd1e3d74dca4,ZI-eb81ef33f15cce2bf5a3ea90,DS-000223,候选数据文件,ETH,4小时;8小时;24小时;48小时,15分钟;1小时,未知,未知,未知,未知,未知,未知,未知,未知,未知,未登记,无,config/数据/来源身份声明补采.json#身份声明[],b99035eb31437b822b0d8ed9b728e2fbb4b5cd8b8861010049ee43d74fc08647,e9c7915b1f0185fd3199344770ef2c5020c6bc27def3a3c1755994699e69cf58,a08373d4984da5498b6bd1555a2d393e541e809346565c9d8058fbd1cd369e5d,未知,b3a1fc5ec72ad95e258b584f936ad46befab951e0ee9e43eaa18179e34974387,无法判定,FILE_STAT_OBSERVED_IDENTITY_UNPROVEN,本批次只读；若声明、输入、Schema或授权漂移，既有结论自动失效并须追加新批次,未读取业务正文、价格、成交、订单簿、账户或凭据；身份字段不完整,为该成员提供当前版本九字段声明及逐字段Schema、授权和唯一证据定位后追加不可变批次,2d50c1344a835ceeb832796935182aeff80bb03cecc5465c8cf3aaccbd446acd,a23c4d44f41c2fc245b02db92b59200f4b443888bdb532b601a5934f5c808064,823d05f5a4e5e67f4cc37806d1b41d9039f9bdc2c2bea9d5d5d5ef9a116c7e31
source-identity-declaration-20260808T051806+0800-dd1e3d74dca4,ZI-27b8a9edb40a15d5c5340edf,DS-000225,数据库元数据,ETH,4小时;8小时;24小时;48小时,15分钟;1小时,未知,未知,未知,未知,未知,未知,未知,未知,未知,未登记,无,config/数据/来源身份声明补采.json#身份声明[],b99035eb31437b822b0d8ed9b728e2fbb4b5cd8b8861010049ee43d74fc08647,31c46439848b2efd4dd25f0894f6ce7296e53e7d983b81530451c4d4879bc220,未知,未知,b3a1fc5ec72ad95e258b584f936ad46befab951e0ee9e43eaa18179e34974387,无法判定,DATABASE_METADATA_IDENTITY_UNPROVEN,本批次只读；若声明、输入、Schema或授权漂移，既有结论自动失效并须追加新批次,未读取业务正文、价格、成交、订单簿、账户或凭据；身份字段不完整,为该成员提供当前版本九字段声明及逐字段Schema、授权和唯一证据定位后追加不可变批次,2d50c1344a835ceeb832796935182aeff80bb03cecc5465c8cf3aaccbd446acd,a23c4d44f41c2fc245b02db92b59200f4b443888bdb532b601a5934f5c808064,c1de731812546aea25b414ba2f941d2799f3361d2812a840223a4dcfeeeabc62
source-identity-declaration-20260808T051806+0800-dd1e3d74dca4,ZI-ad198a04fff4d73bef09be27,DS-000226,数据库元数据,ETH,4小时;8小时;24小时;48小时,15分钟;1小时,未知,未知,未知,未知,未知,未知,未知,未知,未知,未登记,无,config/数据/来源身份声明补采.json#身份声明[],b99035eb31437b822b0d8ed9b728e2fbb4b5cd8b8861010049ee43d74fc08647,6a81bb21010d297d98dd3ec7d464e7118f4b2d9fe881e05831f744f092a7bb21,未知,未知,b3a1fc5ec72ad95e258b584f936ad46befab951e0ee9e43eaa18179e34974387,无法判定,DATABASE_METADATA_IDENTITY_UNPROVEN,本批次只读；若声明、输入、Schema或授权漂移，既有结论自动失效并须追加新批次,未读取业务正文、价格、成交、订单簿、账户或凭据；身份字段不完整,为该成员提供当前版本九字段声明及逐字段Schema、授权和唯一证据定位后追加不可变批次,2d50c1344a835ceeb832796935182aeff80bb03cecc5465c8cf3aaccbd446acd,a23c4d44f41c2fc245b02db92b59200f4b443888bdb532b601a5934f5c808064,793364637259a0b32ee86f7f6bc9e372ca8a2e410103695f8d43804c396913db
source-identity-declaration-20260808T051806+0800-dd1e3d74dca4,ZI-4b36343f1d86304b4e4f560c,DS-000227,数据库元数据,ETH,4小时;8小时;24小时;48小时,15分钟;1小时,未知,未知,未知,未知,未知,未知,未知,未知,未知,未登记,无,config/数据/来源身份声明补采.json#身份声明[],b99035eb31437b822b0d8ed9b728e2fbb4b5cd8b8861010049ee43d74fc08647,2ac0c84203efd9c2735cdb91f464d07bc39ee71c28da7cdc8cf4b0a2c0c359f7,未知,未知,b3a1fc5ec72ad95e258b584f936ad46befab951e0ee9e43eaa18179e34974387,无法判定,DATABASE_METADATA_IDENTITY_UNPROVEN,本批次只读；若声明、输入、Schema或授权漂移，既有结论自动失效并须追加新批次,未读取业务正文、价格、成交、订单簿、账户或凭据；身份字段不完整,为该成员提供当前版本九字段声明及逐字段Schema、授权和唯一证据定位后追加不可变批次,2d50c1344a835ceeb832796935182aeff80bb03cecc5465c8cf3aaccbd446acd,a23c4d44f41c2fc245b02db92b59200f4b443888bdb532b601a5934f5c808064,f7242ef289d768212b1441a317cb779a5c21dc56786093c75ee4d44ce25a0c85
source-identity-declaration-20260808T051806+0800-dd1e3d74dca4,ZI-14ef909ee974f036bc532048,DS-000228,数据库元数据,ETH,4小时;8小时;24小时;48小时,15分钟;1小时,未知,未知,未知,未知,未知,未知,未知,未知,未知,未登记,无,config/数据/来源身份声明补采.json#身份声明[],b99035eb31437b822b0d8ed9b728e2fbb4b5cd8b8861010049ee43d74fc08647,ded39db7f820476590ee31689b0e683dd170115a1af80b15191867fc8cfc2848,未知,未知,b3a1fc5ec72ad95e258b584f936ad46befab951e0ee9e43eaa18179e34974387,无法判定,DATABASE_METADATA_IDENTITY_UNPROVEN,本批次只读；若声明、输入、Schema或授权漂移，既有结论自动失效并须追加新批次,未读取业务正文、价格、成交、订单簿、账户或凭据；身份字段不完整,为该成员提供当前版本九字段声明及逐字段Schema、授权和唯一证据定位后追加不可变批次,2d50c1344a835ceeb832796935182aeff80bb03cecc5465c8cf3aaccbd446acd,a23c4d44f41c2fc245b02db92b59200f4b443888bdb532b601a5934f5c808064,7cf096befd3b93a8b4185b87bbfecaec44c77ab4b154343b2ad29289c8ae7ec3
source-identity-declaration-20260808T051806+0800-dd1e3d74dca4,ZI-66a219ffac06bb9ab7fa2300,DS-000229,数据库元数据,ETH,4小时;8小时;24小时;48小时,15分钟;1小时,未知,未知,未知,未知,未知,未知,未知,未知,未知,未登记,无,config/数据/来源身份声明补采.json#身份声明[],b99035eb31437b822b0d8ed9b728e2fbb4b5cd8b8861010049ee43d74fc08647,f92abe1336fcf2463981b9bf09595da91c6642688d884b9321950c809461e668,未知,未知,b3a1fc5ec72ad95e258b584f936ad46befab951e0ee9e43eaa18179e34974387,无法判定,DATABASE_METADATA_IDENTITY_UNPROVEN,本批次只读；若声明、输入、Schema或授权漂移，既有结论自动失效并须追加新批次,未读取业务正文、价格、成交、订单簿、账户或凭据；身份字段不完整,为该成员提供当前版本九字段声明及逐字段Schema、授权和唯一证据定位后追加不可变批次,2d50c1344a835ceeb832796935182aeff80bb03cecc5465c8cf3aaccbd446acd,a23c4d44f41c2fc245b02db92b59200f4b443888bdb532b601a5934f5c808064,215745cb709379892e9b426e15461ac772e550c78466933879b1842ca8784afe
source-identity-declaration-20260808T051806+0800-dd1e3d74dca4,ZI-79977c0de5fa10baeb4e2036,DS-000230,数据库元数据,ETH,4小时;8小时;24小时;48小时,15分钟;1小时,未知,未知,未知,未知,未知,未知,未知,未知,未知,未登记,无,config/数据/来源身份声明补采.json#身份声明[],b99035eb31437b822b0d8ed9b728e2fbb4b5cd8b8861010049ee43d74fc08647,696fc7c4311abe694bffc605e03c287a75b809028054b2796902f493ea776b60,未知,未知,b3a1fc5ec72ad95e258b584f936ad46befab951e0ee9e43eaa18179e34974387,无法判定,DATABASE_METADATA_IDENTITY_UNPROVEN,本批次只读；若声明、输入、Schema或授权漂移，既有结论自动失效并须追加新批次,未读取业务正文、价格、成交、订单簿、账户或凭据；身份字段不完整,为该成员提供当前版本九字段声明及逐字段Schema、授权和唯一证据定位后追加不可变批次,2d50c1344a835ceeb832796935182aeff80bb03cecc5465c8cf3aaccbd446acd,a23c4d44f41c2fc245b02db92b59200f4b443888bdb532b601a5934f5c808064,a2c5b0918f2e3758dd78a87eb6ec66479a51f38c284c9a6a7556caf120081e95
source-identity-declaration-20260808T051806+0800-dd1e3d74dca4,ZI-c0029613c3870423b45b1788,DS-000231,数据库元数据,ETH,4小时;8小时;24小时;48小时,15分钟;1小时,未知,未知,未知,未知,未知,未知,未知,未知,未知,未登记,无,config/数据/来源身份声明补采.json#身份声明[],b99035eb31437b822b0d8ed9b728e2fbb4b5cd8b8861010049ee43d74fc08647,1ddffa1f0f31556fe0d2dc68a47c93c046bfcfab4dcad6b6413e954c85a567ce,未知,未知,b3a1fc5ec72ad95e258b584f936ad46befab951e0ee9e43eaa18179e34974387,无法判定,DATABASE_METADATA_IDENTITY_UNPROVEN,本批次只读；若声明、输入、Schema或授权漂移，既有结论自动失效并须追加新批次,未读取业务正文、价格、成交、订单簿、账户或凭据；身份字段不完整,为该成员提供当前版本九字段声明及逐字段Schema、授权和唯一证据定位后追加不可变批次,2d50c1344a835ceeb832796935182aeff80bb03cecc5465c8cf3aaccbd446acd,a23c4d44f41c2fc245b02db92b59200f4b443888bdb532b601a5934f5c808064,6f088c7259adad06bec84f4225b0c0d67e4efeb4fc05ad178e56cc6096e99abd
source-identity-declaration-20260808T051806+0800-dd1e3d74dca4,ZI-cf8e84baeb622787ac41dc30,DS-000232,数据库元数据,ETH,4小时;8小时;24小时;48小时,15分钟;1小时,未知,未知,未知,未知,未知,未知,未知,未知,未知,未登记,无,config/数据/来源身份声明补采.json#身份声明[],b99035eb31437b822b0d8ed9b728e2fbb4b5cd8b8861010049ee43d74fc08647,d5e98969dd30d95cf796e35f21a830b2e8ab6decb9c18e07dba58527efbd0f89,未知,未知,b3a1fc5ec72ad95e258b584f936ad46befab951e0ee9e43eaa18179e34974387,无法判定,DATABASE_METADATA_IDENTITY_UNPROVEN,本批次只读；若声明、输入、Schema或授权漂移，既有结论自动失效并须追加新批次,未读取业务正文、价格、成交、订单簿、账户或凭据；身份字段不完整,为该成员提供当前版本九字段声明及逐字段Schema、授权和唯一证据定位后追加不可变批次,2d50c1344a835ceeb832796935182aeff80bb03cecc5465c8cf3aaccbd446acd,a23c4d44f41c2fc245b02db92b59200f4b443888bdb532b601a5934f5c808064,a4ecaff576f7570ccd109ddc4808c35e2830eb3aadfb50a1573e57d24d8b7857
source-identity-declaration-20260808T051806+0800-dd1e3d74dca4,ZI-6e16822db392394cabe67d99,DS-000233,数据库元数据,ETH,4小时;8小时;24小时;48小时,15分钟;1小时,未知,未知,未知,未知,未知,未知,未知,未知,未知,未登记,无,config/数据/来源身份声明补采.json#身份声明[],b99035eb31437b822b0d8ed9b728e2fbb4b5cd8b8861010049ee43d74fc08647,72e7313ef8e524b350b1ace10c8d6b8626b5188e0d1dd969dfa6e1b8fcbd5739,未知,未知,b3a1fc5ec72ad95e258b584f936ad46befab951e0ee9e43eaa18179e34974387,无法判定,DATABASE_METADATA_IDENTITY_UNPROVEN,本批次只读；若声明、输入、Schema或授权漂移，既有结论自动失效并须追加新批次,未读取业务正文、价格、成交、订单簿、账户或凭据；身份字段不完整,为该成员提供当前版本九字段声明及逐字段Schema、授权和唯一证据定位后追加不可变批次,2d50c1344a835ceeb832796935182aeff80bb03cecc5465c8cf3aaccbd446acd,a23c4d44f41c2fc245b02db92b59200f4b443888bdb532b601a5934f5c808064,775e002b5f13a7ed304c22119e55a594b2aec3509e8660505c0e1d1053b0f1ad
source-identity-declaration-20260808T051806+0800-dd1e3d74dca4,ZI-8bf3b7f49e84f911829251ed,DS-000234,数据库元数据,ETH,4小时;8小时;24小时;48小时,15分钟;1小时,未知,未知,未知,未知,未知,未知,未知,未知,未知,未登记,无,config/数据/来源身份声明补采.json#身份声明[],b99035eb31437b822b0d8ed9b728e2fbb4b5cd8b8861010049ee43d74fc08647,32b66f7841fcfd1a8692bb0602413683c771ac914082faa7548d5a3cd7b46044,未知,未知,b3a1fc5ec72ad95e258b584f936ad46befab951e0ee9e43eaa18179e34974387,无法判定,DATABASE_METADATA_IDENTITY_UNPROVEN,本批次只读；若声明、输入、Schema或授权漂移，既有结论自动失效并须追加新批次,未读取业务正文、价格、成交、订单簿、账户或凭据；身份字段不完整,为该成员提供当前版本九字段声明及逐字段Schema、授权和唯一证据定位后追加不可变批次,2d50c1344a835ceeb832796935182aeff80bb03cecc5465c8cf3aaccbd446acd,a23c4d44f41c2fc245b02db92b59200f4b443888bdb532b601a5934f5c808064,2e4777a40bc91c241b0a62437302728763ed6d703c7aca3d91fe5f5d6f30167f
source-identity-declaration-20260808T051806+0800-dd1e3d74dca4,ZI-d1584d0aeceda26db63c8b11,DS-000235,数据库元数据,ETH,4小时;8小时;24小时;48小时,15分钟;1小时,未知,未知,未知,未知,未知,未知,未知,未知,未知,未登记,无,config/数据/来源身份声明补采.json#身份声明[],b99035eb31437b822b0d8ed9b728e2fbb4b5cd8b8861010049ee43d74fc08647,f1c5147a2e34f6ba05d99991d7e96b60372cf8f3587d7274a6e8f0c390e7197f,未知,未知,b3a1fc5ec72ad95e258b584f936ad46befab951e0ee9e43eaa18179e34974387,无法判定,DATABASE_METADATA_IDENTITY_UNPROVEN,本批次只读；若声明、输入、Schema或授权漂移，既有结论自动失效并须追加新批次,未读取业务正文、价格、成交、订单簿、账户或凭据；身份字段不完整,为该成员提供当前版本九字段声明及逐字段Schema、授权和唯一证据定位后追加不可变批次,2d50c1344a835ceeb832796935182aeff80bb03cecc5465c8cf3aaccbd446acd,a23c4d44f41c2fc245b02db92b59200f4b443888bdb532b601a5934f5c808064,08c9586f013f1417ab09953d65d9534bb8a2e6488088414da68b89585c0c3fdf
source-identity-declaration-20260808T051806+0800-dd1e3d74dca4,ZI-5e6e454a508063ea931295ff,DS-000236,数据库元数据,ETH,4小时;8小时;24小时;48小时,15分钟;1小时,未知,未知,未知,未知,未知,未知,未知,未知,未知,未登记,无,config/数据/来源身份声明补采.json#身份声明[],b99035eb31437b822b0d8ed9b728e2fbb4b5cd8b8861010049ee43d74fc08647,98b039adcd5656df11f65ee44b7131ebc40f5750a04b7327545e42606758bd44,未知,未知,b3a1fc5ec72ad95e258b584f936ad46befab951e0ee9e43eaa18179e34974387,无法判定,DATABASE_METADATA_IDENTITY_UNPROVEN,本批次只读；若声明、输入、Schema或授权漂移，既有结论自动失效并须追加新批次,未读取业务正文、价格、成交、订单簿、账户或凭据；身份字段不完整,为该成员提供当前版本九字段声明及逐字段Schema、授权和唯一证据定位后追加不可变批次,2d50c1344a835ceeb832796935182aeff80bb03cecc5465c8cf3aaccbd446acd,a23c4d44f41c2fc245b02db92b59200f4b443888bdb532b601a5934f5c808064,7855e988ce8bd135f2342e51ac5f95f1d69233ab3235764580482e0dfc00492e
source-identity-declaration-20260808T051806+0800-dd1e3d74dca4,ZI-df85df71f25df1fb06f98422,DS-000237,数据库元数据,ETH,4小时;8小时;24小时;48小时,15分钟;1小时,未知,未知,未知,未知,未知,未知,未知,未知,未知,未登记,无,config/数据/来源身份声明补采.json#身份声明[],b99035eb31437b822b0d8ed9b728e2fbb4b5cd8b8861010049ee43d74fc08647,3726607d3f48f439672a2470687cbdc27e1513ae4716fbfd7ecfe895db4d10f7,未知,未知,b3a1fc5ec72ad95e258b584f936ad46befab951e0ee9e43eaa18179e34974387,无法判定,DATABASE_METADATA_IDENTITY_UNPROVEN,本批次只读；若声明、输入、Schema或授权漂移，既有结论自动失效并须追加新批次,未读取业务正文、价格、成交、订单簿、账户或凭据；身份字段不完整,为该成员提供当前版本九字段声明及逐字段Schema、授权和唯一证据定位后追加不可变批次,2d50c1344a835ceeb832796935182aeff80bb03cecc5465c8cf3aaccbd446acd,a23c4d44f41c2fc245b02db92b59200f4b443888bdb532b601a5934f5c808064,593f650c282c6de9e694e655679b5fa6f85ae69b5d39e71cd1ca9313dfc14f7f
source-identity-declaration-20260808T051806+0800-dd1e3d74dca4,ZI-1194b87b58ecebc3c28008ce,DS-000238,数据库元数据,ETH,4小时;8小时;24小时;48小时,15分钟;1小时,未知,未知,未知,未知,未知,未知,未知,未知,未知,未登记,无,config/数据/来源身份声明补采.json#身份声明[],b99035eb31437b822b0d8ed9b728e2fbb4b5cd8b8861010049ee43d74fc08647,270b961e9a166bcdca4fcdee14c4cd7f0f1ad86a75cdc3960672ad622cba43ea,未知,未知,b3a1fc5ec72ad95e258b584f936ad46befab951e0ee9e43eaa18179e34974387,无法判定,DATABASE_METADATA_IDENTITY_UNPROVEN,本批次只读；若声明、输入、Schema或授权漂移，既有结论自动失效并须追加新批次,未读取业务正文、价格、成交、订单簿、账户或凭据；身份字段不完整,为该成员提供当前版本九字段声明及逐字段Schema、授权和唯一证据定位后追加不可变批次,2d50c1344a835ceeb832796935182aeff80bb03cecc5465c8cf3aaccbd446acd,a23c4d44f41c2fc245b02db92b59200f4b443888bdb532b601a5934f5c808064,c0627e266ae1113f9773a74ba8a0fd081be1618a8b4103c9879f1effec116826
source-identity-declaration-20260808T051806+0800-dd1e3d74dca4,ZI-2cfe46f1735ab9707d4c09ab,DS-000239,数据库元数据,ETH,4小时;8小时;24小时;48小时,15分钟;1小时,未知,未知,未知,未知,未知,未知,未知,未知,未知,未登记,无,config/数据/来源身份声明补采.json#身份声明[],b99035eb31437b822b0d8ed9b728e2fbb4b5cd8b8861010049ee43d74fc08647,117aa34fd7e4061134b2f25dd7f0a2b0d1efa63bd4819c4778a897f004e66d14,未知,未知,b3a1fc5ec72ad95e258b584f936ad46befab951e0ee9e43eaa18179e34974387,无法判定,DATABASE_METADATA_IDENTITY_UNPROVEN,本批次只读；若声明、输入、Schema或授权漂移，既有结论自动失效并须追加新批次,未读取业务正文、价格、成交、订单簿、账户或凭据；身份字段不完整,为该成员提供当前版本九字段声明及逐字段Schema、授权和唯一证据定位后追加不可变批次,2d50c1344a835ceeb832796935182aeff80bb03cecc5465c8cf3aaccbd446acd,a23c4d44f41c2fc245b02db92b59200f4b443888bdb532b601a5934f5c808064,4ca71b54f9d3d7ebc463a57b7e59e54429073dbf3b5bd4783fc959796e3074ca
source-identity-declaration-20260808T051806+0800-dd1e3d74dca4,ZI-c2a1b190eb6f6e39d8e7307b,DS-000240,数据库元数据,ETH,4小时;8小时;24小时;48小时,15分钟;1小时,未知,未知,未知,未知,未知,未知,未知,未知,未知,未登记,无,config/数据/来源身份声明补采.json#身份声明[],b99035eb31437b822b0d8ed9b728e2fbb4b5cd8b8861010049ee43d74fc08647,a9f656490ddb8a2c0687c98bf185161c1ff4e8545620daade42c31f3b709cd45,未知,未知,b3a1fc5ec72ad95e258b584f936ad46befab951e0ee9e43eaa18179e34974387,无法判定,DATABASE_METADATA_IDENTITY_UNPROVEN,本批次只读；若声明、输入、Schema或授权漂移，既有结论自动失效并须追加新批次,未读取业务正文、价格、成交、订单簿、账户或凭据；身份字段不完整,为该成员提供当前版本九字段声明及逐字段Schema、授权和唯一证据定位后追加不可变批次,2d50c1344a835ceeb832796935182aeff80bb03cecc5465c8cf3aaccbd446acd,a23c4d44f41c2fc245b02db92b59200f4b443888bdb532b601a5934f5c808064,860c9f481275821b308b117f0266e79e44f82618634dcbb99684a6721eb82ce8
source-identity-declaration-20260808T051806+0800-dd1e3d74dca4,ZI-ae83f52ffad4d799cef96c15,DS-000241,数据库元数据,ETH,4小时;8小时;24小时;48小时,15分钟;1小时,未知,未知,未知,未知,未知,未知,未知,未知,未知,未登记,无,config/数据/来源身份声明补采.json#身份声明[],b99035eb31437b822b0d8ed9b728e2fbb4b5cd8b8861010049ee43d74fc08647,a3b0dc868567565fbc694d34c2bfbe290d8bce78d7aa8020914d094b03202ca2,未知,未知,b3a1fc5ec72ad95e258b584f936ad46befab951e0ee9e43eaa18179e34974387,无法判定,DATABASE_METADATA_IDENTITY_UNPROVEN,本批次只读；若声明、输入、Schema或授权漂移，既有结论自动失效并须追加新批次,未读取业务正文、价格、成交、订单簿、账户或凭据；身份字段不完整,为该成员提供当前版本九字段声明及逐字段Schema、授权和唯一证据定位后追加不可变批次,2d50c1344a835ceeb832796935182aeff80bb03cecc5465c8cf3aaccbd446acd,a23c4d44f41c2fc245b02db92b59200f4b443888bdb532b601a5934f5c808064,0d56adeacbb416cccc2f725a508a4c0e4b84c0ae94d35a9ae28caf7af2e448e4
source-identity-declaration-20260808T051806+0800-dd1e3d74dca4,ZI-c0132a1ecf9a90f96d882e21,DS-000242,数据库元数据,ETH,4小时;8小时;24小时;48小时,15分钟;1小时,未知,未知,未知,未知,未知,未知,未知,未知,未知,未登记,无,config/数据/来源身份声明补采.json#身份声明[],b99035eb31437b822b0d8ed9b728e2fbb4b5cd8b8861010049ee43d74fc08647,f06d1d1e6c27a45590fca5ee63f74b8db5c230132951c25768af2fdb002dade8,未知,未知,b3a1fc5ec72ad95e258b584f936ad46befab951e0ee9e43eaa18179e34974387,无法判定,DATABASE_METADATA_IDENTITY_UNPROVEN,本批次只读；若声明、输入、Schema或授权漂移，既有结论自动失效并须追加新批次,未读取业务正文、价格、成交、订单簿、账户或凭据；身份字段不完整,为该成员提供当前版本九字段声明及逐字段Schema、授权和唯一证据定位后追加不可变批次,2d50c1344a835ceeb832796935182aeff80bb03cecc5465c8cf3aaccbd446acd,a23c4d44f41c2fc245b02db92b59200f4b443888bdb532b601a5934f5c808064,3391a069b81fdf33e797349ebf35872a3f61a5c5cce0895adee48d536791beb7
source-identity-declaration-20260808T051806+0800-dd1e3d74dca4,ZI-3df61827b10e5aad02eaefeb,DS-000243,数据库元数据,ETH,4小时;8小时;24小时;48小时,15分钟;1小时,未知,未知,未知,未知,未知,未知,未知,未知,未知,未登记,无,config/数据/来源身份声明补采.json#身份声明[],b99035eb31437b822b0d8ed9b728e2fbb4b5cd8b8861010049ee43d74fc08647,8f2d433fc50cdb27ebcc8696c2f8aae7aee08cdc738e7e73e2445894e0b6429e,未知,未知,b3a1fc5ec72ad95e258b584f936ad46befab951e0ee9e43eaa18179e34974387,无法判定,DATABASE_METADATA_IDENTITY_UNPROVEN,本批次只读；若声明、输入、Schema或授权漂移，既有结论自动失效并须追加新批次,未读取业务正文、价格、成交、订单簿、账户或凭据；身份字段不完整,为该成员提供当前版本九字段声明及逐字段Schema、授权和唯一证据定位后追加不可变批次,2d50c1344a835ceeb832796935182aeff80bb03cecc5465c8cf3aaccbd446acd,a23c4d44f41c2fc245b02db92b59200f4b443888bdb532b601a5934f5c808064,8a35d16907cb2d304fb808635422907f3b1a6e4328034c32901a5ee68e28209c
source-identity-declaration-20260808T051806+0800-dd1e3d74dca4,ZI-6ce4484efa53e7ff44eb2c25,DS-000244,数据库元数据,ETH,4小时;8小时;24小时;48小时,15分钟;1小时,未知,未知,未知,未知,未知,未知,未知,未知,未知,未登记,无,config/数据/来源身份声明补采.json#身份声明[],b99035eb31437b822b0d8ed9b728e2fbb4b5cd8b8861010049ee43d74fc08647,d9ccf842fc989b8040673df44f01abefc569defc18f83e6d9c5d50fe594be145,未知,未知,b3a1fc5ec72ad95e258b584f936ad46befab951e0ee9e43eaa18179e34974387,无法判定,DATABASE_METADATA_IDENTITY_UNPROVEN,本批次只读；若声明、输入、Schema或授权漂移，既有结论自动失效并须追加新批次,未读取业务正文、价格、成交、订单簿、账户或凭据；身份字段不完整,为该成员提供当前版本九字段声明及逐字段Schema、授权和唯一证据定位后追加不可变批次,2d50c1344a835ceeb832796935182aeff80bb03cecc5465c8cf3aaccbd446acd,a23c4d44f41c2fc245b02db92b59200f4b443888bdb532b601a5934f5c808064,6e2bf3da5e8876b983c1a0efd5d0775dd2d38bedd06c71b812fcb4aca7ff447f
source-identity-declaration-20260808T051806+0800-dd1e3d74dca4,ZI-087e7743eeecff587810b73c,DS-000245,数据库元数据,ETH,4小时;8小时;24小时;48小时,15分钟;1小时,未知,未知,未知,未知,未知,未知,未知,未知,未知,未登记,无,config/数据/来源身份声明补采.json#身份声明[],b99035eb31437b822b0d8ed9b728e2fbb4b5cd8b8861010049ee43d74fc08647,4a802128b530c664d2cce4467dc90608e80c54df2148a9807f2f73c198908494,未知,未知,b3a1fc5ec72ad95e258b584f936ad46befab951e0ee9e43eaa18179e34974387,无法判定,DATABASE_METADATA_IDENTITY_UNPROVEN,本批次只读；若声明、输入、Schema或授权漂移，既有结论自动失效并须追加新批次,未读取业务正文、价格、成交、订单簿、账户或凭据；身份字段不完整,为该成员提供当前版本九字段声明及逐字段Schema、授权和唯一证据定位后追加不可变批次,2d50c1344a835ceeb832796935182aeff80bb03cecc5465c8cf3aaccbd446acd,a23c4d44f41c2fc245b02db92b59200f4b443888bdb532b601a5934f5c808064,3ecdffa0616d54741d41fcad14f87f6285d15220cbe33562fff6102ba1115791
source-identity-declaration-20260808T051806+0800-dd1e3d74dca4,ZI-eaa396b6b41356431fa8c73f,DS-000246,数据库元数据,ETH,4小时;8小时;24小时;48小时,15分钟;1小时,未知,未知,未知,未知,未知,未知,未知,未知,未知,未登记,无,config/数据/来源身份声明补采.json#身份声明[],b99035eb31437b822b0d8ed9b728e2fbb4b5cd8b8861010049ee43d74fc08647,7d64dde1f25c3737f64198c66faf0e6ab439a60473cdaa8f3b366cc1220a7b34,未知,未知,b3a1fc5ec72ad95e258b584f936ad46befab951e0ee9e43eaa18179e34974387,无法判定,DATABASE_METADATA_IDENTITY_UNPROVEN,本批次只读；若声明、输入、Schema或授权漂移，既有结论自动失效并须追加新批次,未读取业务正文、价格、成交、订单簿、账户或凭据；身份字段不完整,为该成员提供当前版本九字段声明及逐字段Schema、授权和唯一证据定位后追加不可变批次,2d50c1344a835ceeb832796935182aeff80bb03cecc5465c8cf3aaccbd446acd,a23c4d44f41c2fc245b02db92b59200f4b443888bdb532b601a5934f5c808064,b13093c0d733fffed914c96866cf85ff248e79c128ea2af2601b9d6b1e3bc40b
source-identity-declaration-20260808T051806+0800-dd1e3d74dca4,ZI-a5d529e526179f5aab36b504,DS-000247,数据库元数据,ETH,4小时;8小时;24小时;48小时,15分钟;1小时,未知,未知,未知,未知,未知,未知,未知,未知,未知,未登记,无,config/数据/来源身份声明补采.json#身份声明[],b99035eb31437b822b0d8ed9b728e2fbb4b5cd8b8861010049ee43d74fc08647,87e80f8fb7aa338d10f9ea15efd48b34ebc42084728e9ba9869fa6a7eb4ca114,未知,未知,b3a1fc5ec72ad95e258b584f936ad46befab951e0ee9e43eaa18179e34974387,无法判定,DATABASE_METADATA_IDENTITY_UNPROVEN,本批次只读；若声明、输入、Schema或授权漂移，既有结论自动失效并须追加新批次,未读取业务正文、价格、成交、订单簿、账户或凭据；身份字段不完整,为该成员提供当前版本九字段声明及逐字段Schema、授权和唯一证据定位后追加不可变批次,2d50c1344a835ceeb832796935182aeff80bb03cecc5465c8cf3aaccbd446acd,a23c4d44f41c2fc245b02db92b59200f4b443888bdb532b601a5934f5c808064,bafe228d4c2cfd7963a11a44d1c5e160291196af229e1573f9378cf682a641bb
source-identity-declaration-20260808T051806+0800-dd1e3d74dca4,ZI-f72d093effc7a5df77a24e15,DS-000248,数据库元数据,ETH,4小时;8小时;24小时;48小时,15分钟;1小时,未知,未知,未知,未知,未知,未知,未知,未知,未知,未登记,无,config/数据/来源身份声明补采.json#身份声明[],b99035eb31437b822b0d8ed9b728e2fbb4b5cd8b8861010049ee43d74fc08647,65611c0f1bf5e4f18dfc700ed64ff077d3d9c24f54cb2862a98fe7bafda25358,未知,未知,b3a1fc5ec72ad95e258b584f936ad46befab951e0ee9e43eaa18179e34974387,无法判定,DATABASE_METADATA_IDENTITY_UNPROVEN,本批次只读；若声明、输入、Schema或授权漂移，既有结论自动失效并须追加新批次,未读取业务正文、价格、成交、订单簿、账户或凭据；身份字段不完整,为该成员提供当前版本九字段声明及逐字段Schema、授权和唯一证据定位后追加不可变批次,2d50c1344a835ceeb832796935182aeff80bb03cecc5465c8cf3aaccbd446acd,a23c4d44f41c2fc245b02db92b59200f4b443888bdb532b601a5934f5c808064,af4925c1e7d2d6de06225dca0068678cc12454c7eabf871c5677fba4bfc3adc2
source-identity-declaration-20260808T051806+0800-dd1e3d74dca4,ZI-3a704542de2b0358f6385dd1,DS-000249,数据库元数据,ETH,4小时;8小时;24小时;48小时,15分钟;1小时,未知,未知,未知,未知,未知,未知,未知,未知,未知,未登记,无,config/数据/来源身份声明补采.json#身份声明[],b99035eb31437b822b0d8ed9b728e2fbb4b5cd8b8861010049ee43d74fc08647,aca809161e20675328dc217edad64dd8dba9342aab44d915bd0e824c22863f5e,未知,未知,b3a1fc5ec72ad95e258b584f936ad46befab951e0ee9e43eaa18179e34974387,无法判定,DATABASE_METADATA_IDENTITY_UNPROVEN,本批次只读；若声明、输入、Schema或授权漂移，既有结论自动失效并须追加新批次,未读取业务正文、价格、成交、订单簿、账户或凭据；身份字段不完整,为该成员提供当前版本九字段声明及逐字段Schema、授权和唯一证据定位后追加不可变批次,2d50c1344a835ceeb832796935182aeff80bb03cecc5465c8cf3aaccbd446acd,a23c4d44f41c2fc245b02db92b59200f4b443888bdb532b601a5934f5c808064,86da821b068591332358058b97cadabb923cf5d5d3c3a6e24a3ee0872a6d2547
source-identity-declaration-20260808T051806+0800-dd1e3d74dca4,ZI-f218e1c853f5de10621f560f,DS-000250,数据库元数据,ETH,4小时;8小时;24小时;48小时,15分钟;1小时,未知,未知,未知,未知,未知,未知,未知,未知,未知,未登记,无,config/数据/来源身份声明补采.json#身份声明[],b99035eb31437b822b0d8ed9b728e2fbb4b5cd8b8861010049ee43d74fc08647,ecb0dcb61e3f9dae7d3cae5c9d7891232f850e3a93e93c3a61f67948dbb25d6e,未知,未知,b3a1fc5ec72ad95e258b584f936ad46befab951e0ee9e43eaa18179e34974387,无法判定,DATABASE_METADATA_IDENTITY_UNPROVEN,本批次只读；若声明、输入、Schema或授权漂移，既有结论自动失效并须追加新批次,未读取业务正文、价格、成交、订单簿、账户或凭据；身份字段不完整,为该成员提供当前版本九字段声明及逐字段Schema、授权和唯一证据定位后追加不可变批次,2d50c1344a835ceeb832796935182aeff80bb03cecc5465c8cf3aaccbd446acd,a23c4d44f41c2fc245b02db92b59200f4b443888bdb532b601a5934f5c808064,358204b9d250c20e433fe960d295a8dac6bc8d35f13ad8945cafddf6d81321ff
source-identity-declaration-20260808T051806+0800-dd1e3d74dca4,ZI-40198d2754da97536a9ad6ce,DS-000251,数据库元数据,ETH,4小时;8小时;24小时;48小时,15分钟;1小时,未知,未知,未知,未知,未知,未知,未知,未知,未知,未登记,无,config/数据/来源身份声明补采.json#身份声明[],b99035eb31437b822b0d8ed9b728e2fbb4b5cd8b8861010049ee43d74fc08647,b816107fcd9458244e66909d10efec6cd8e2accda1bfe58a8fbf9a0669c0dd53,未知,未知,b3a1fc5ec72ad95e258b584f936ad46befab951e0ee9e43eaa18179e34974387,无法判定,DATABASE_METADATA_IDENTITY_UNPROVEN,本批次只读；若声明、输入、Schema或授权漂移，既有结论自动失效并须追加新批次,未读取业务正文、价格、成交、订单簿、账户或凭据；身份字段不完整,为该成员提供当前版本九字段声明及逐字段Schema、授权和唯一证据定位后追加不可变批次,2d50c1344a835ceeb832796935182aeff80bb03cecc5465c8cf3aaccbd446acd,a23c4d44f41c2fc245b02db92b59200f4b443888bdb532b601a5934f5c808064,e17a03bb9ce70d0d1b8e815663238f49016ffdbd278f2bc890245c85665ac0db
source-identity-declaration-20260808T051806+0800-dd1e3d74dca4,ZI-33f93e20269b5fc9790af097,DS-000252,数据库元数据,ETH,4小时;8小时;24小时;48小时,15分钟;1小时,未知,未知,未知,未知,未知,未知,未知,未知,未知,未登记,无,config/数据/来源身份声明补采.json#身份声明[],b99035eb31437b822b0d8ed9b728e2fbb4b5cd8b8861010049ee43d74fc08647,98ba0e71e4eea4203f58a3df83e1469c57532861305d2639da67bd3bb490d481,未知,未知,b3a1fc5ec72ad95e258b584f936ad46befab951e0ee9e43eaa18179e34974387,无法判定,DATABASE_METADATA_IDENTITY_UNPROVEN,本批次只读；若声明、输入、Schema或授权漂移，既有结论自动失效并须追加新批次,未读取业务正文、价格、成交、订单簿、账户或凭据；身份字段不完整,为该成员提供当前版本九字段声明及逐字段Schema、授权和唯一证据定位后追加不可变批次,2d50c1344a835ceeb832796935182aeff80bb03cecc5465c8cf3aaccbd446acd,a23c4d44f41c2fc245b02db92b59200f4b443888bdb532b601a5934f5c808064,b8a780cd2edc49d3d849da63343e6377b895e5977fe86e90d5986401acb8761a
source-identity-declaration-20260808T051806+0800-dd1e3d74dca4,ZI-323348d30ce7bec199813155,DS-000253,数据库元数据,ETH,4小时;8小时;24小时;48小时,15分钟;1小时,未知,未知,未知,未知,未知,未知,未知,未知,未知,未登记,无,config/数据/来源身份声明补采.json#身份声明[],b99035eb31437b822b0d8ed9b728e2fbb4b5cd8b8861010049ee43d74fc08647,6218f5ae411a9a1c1d8031e34c1091dea2dc3f9d8700a756d1665b4011c480c1,未知,未知,b3a1fc5ec72ad95e258b584f936ad46befab951e0ee9e43eaa18179e34974387,无法判定,DATABASE_METADATA_IDENTITY_UNPROVEN,本批次只读；若声明、输入、Schema或授权漂移，既有结论自动失效并须追加新批次,未读取业务正文、价格、成交、订单簿、账户或凭据；身份字段不完整,为该成员提供当前版本九字段声明及逐字段Schema、授权和唯一证据定位后追加不可变批次,2d50c1344a835ceeb832796935182aeff80bb03cecc5465c8cf3aaccbd446acd,a23c4d44f41c2fc245b02db92b59200f4b443888bdb532b601a5934f5c808064,d37848514e4d2e7fc51f96d15f6a75ad3533e8e7324acdcb5e7d9b95b8d6489f
source-identity-declaration-20260808T051806+0800-dd1e3d74dca4,ZI-d041bd8293d10482fe6e3302,DS-000254,数据库元数据,ETH,4小时;8小时;24小时;48小时,15分钟;1小时,未知,未知,未知,未知,未知,未知,未知,未知,未知,未登记,无,config/数据/来源身份声明补采.json#身份声明[],b99035eb31437b822b0d8ed9b728e2fbb4b5cd8b8861010049ee43d74fc08647,8fb55f44c4dc05cd2f2f0afb77a649faa69a0513e90690925d91bf432e4f30ff,未知,未知,b3a1fc5ec72ad95e258b584f936ad46befab951e0ee9e43eaa18179e34974387,无法判定,DATABASE_METADATA_IDENTITY_UNPROVEN,本批次只读；若声明、输入、Schema或授权漂移，既有结论自动失效并须追加新批次,未读取业务正文、价格、成交、订单簿、账户或凭据；身份字段不完整,为该成员提供当前版本九字段声明及逐字段Schema、授权和唯一证据定位后追加不可变批次,2d50c1344a835ceeb832796935182aeff80bb03cecc5465c8cf3aaccbd446acd,a23c4d44f41c2fc245b02db92b59200f4b443888bdb532b601a5934f5c808064,e30cd1fcc6020662ad2e4d1fc18a323d5348d91f070efde58e6a5fdc9c224f8e
source-identity-declaration-20260808T051806+0800-dd1e3d74dca4,ZI-3a7f47e5cb0b222a091588ca,DS-000255,数据库元数据,ETH,4小时;8小时;24小时;48小时,15分钟;1小时,未知,未知,未知,未知,未知,未知,未知,未知,未知,未登记,无,config/数据/来源身份声明补采.json#身份声明[],b99035eb31437b822b0d8ed9b728e2fbb4b5cd8b8861010049ee43d74fc08647,97c901f301044a2160dd66a1a1f59d8d5958ae46cc18f7590c0234c39322f194,未知,未知,b3a1fc5ec72ad95e258b584f936ad46befab951e0ee9e43eaa18179e34974387,无法判定,DATABASE_METADATA_IDENTITY_UNPROVEN,本批次只读；若声明、输入、Schema或授权漂移，既有结论自动失效并须追加新批次,未读取业务正文、价格、成交、订单簿、账户或凭据；身份字段不完整,为该成员提供当前版本九字段声明及逐字段Schema、授权和唯一证据定位后追加不可变批次,2d50c1344a835ceeb832796935182aeff80bb03cecc5465c8cf3aaccbd446acd,a23c4d44f41c2fc245b02db92b59200f4b443888bdb532b601a5934f5c808064,6ad5726024286d835a3b18d750130490b573828852d6b4c19aa4cb838504c204
source-identity-declaration-20260808T051806+0800-dd1e3d74dca4,ZI-319a17a33bc9e78d08ed5c4a,DS-000256,数据库元数据,ETH,4小时;8小时;24小时;48小时,15分钟;1小时,未知,未知,未知,未知,未知,未知,未知,未知,未知,未登记,无,config/数据/来源身份声明补采.json#身份声明[],b99035eb31437b822b0d8ed9b728e2fbb4b5cd8b8861010049ee43d74fc08647,72946cce48d978d6b90942bd0f99bd012a999fc767a59eaeb63b097815d707a9,未知,未知,b3a1fc5ec72ad95e258b584f936ad46befab951e0ee9e43eaa18179e34974387,无法判定,DATABASE_METADATA_IDENTITY_UNPROVEN,本批次只读；若声明、输入、Schema或授权漂移，既有结论自动失效并须追加新批次,未读取业务正文、价格、成交、订单簿、账户或凭据；身份字段不完整,为该成员提供当前版本九字段声明及逐字段Schema、授权和唯一证据定位后追加不可变批次,2d50c1344a835ceeb832796935182aeff80bb03cecc5465c8cf3aaccbd446acd,a23c4d44f41c2fc245b02db92b59200f4b443888bdb532b601a5934f5c808064,7e1c04ad87a5ab6b944034aed4eb76b0fb82d1b0f9334c986198462ae59493e1
source-identity-declaration-20260808T051806+0800-dd1e3d74dca4,ZI-a7faef667815d04984e9f416,DS-000257,数据库元数据,ETH,4小时;8小时;24小时;48小时,15分钟;1小时,未知,未知,未知,未知,未知,未知,未知,未知,未知,未登记,无,config/数据/来源身份声明补采.json#身份声明[],b99035eb31437b822b0d8ed9b728e2fbb4b5cd8b8861010049ee43d74fc08647,e9a1adbad68c8e4f0b3f88a4c1d5f5e59207297fe7eb4ea9a6f3e91690974ffb,未知,未知,b3a1fc5ec72ad95e258b584f936ad46befab951e0ee9e43eaa18179e34974387,无法判定,DATABASE_METADATA_IDENTITY_UNPROVEN,本批次只读；若声明、输入、Schema或授权漂移，既有结论自动失效并须追加新批次,未读取业务正文、价格、成交、订单簿、账户或凭据；身份字段不完整,为该成员提供当前版本九字段声明及逐字段Schema、授权和唯一证据定位后追加不可变批次,2d50c1344a835ceeb832796935182aeff80bb03cecc5465c8cf3aaccbd446acd,a23c4d44f41c2fc245b02db92b59200f4b443888bdb532b601a5934f5c808064,52db30937dd0fbf9809be3ef2593cf7910e773c92c5862469a2d388f6a65b102
source-identity-declaration-20260808T051806+0800-dd1e3d74dca4,ZI-8525784cda6abfa9ae3bebd3,DS-000258,数据库元数据,ETH,4小时;8小时;24小时;48小时,15分钟;1小时,未知,未知,未知,未知,未知,未知,未知,未知,未知,未登记,无,config/数据/来源身份声明补采.json#身份声明[],b99035eb31437b822b0d8ed9b728e2fbb4b5cd8b8861010049ee43d74fc08647,05dc2fcb434d0937800d8432001eafe73e3969f23c72e4e6dccfa8d10a464e89,未知,未知,b3a1fc5ec72ad95e258b584f936ad46befab951e0ee9e43eaa18179e34974387,无法判定,DATABASE_METADATA_IDENTITY_UNPROVEN,本批次只读；若声明、输入、Schema或授权漂移，既有结论自动失效并须追加新批次,未读取业务正文、价格、成交、订单簿、账户或凭据；身份字段不完整,为该成员提供当前版本九字段声明及逐字段Schema、授权和唯一证据定位后追加不可变批次,2d50c1344a835ceeb832796935182aeff80bb03cecc5465c8cf3aaccbd446acd,a23c4d44f41c2fc245b02db92b59200f4b443888bdb532b601a5934f5c808064,55b7630dceebbd9de220d47a77e454898668e21a23a18b7a0a80e4802f3e1f20
source-identity-declaration-20260808T051806+0800-dd1e3d74dca4,ZI-aa4a3912b3b8cdfe15e16046,DS-000259,数据库元数据,ETH,4小时;8小时;24小时;48小时,15分钟;1小时,未知,未知,未知,未知,未知,未知,未知,未知,未知,未登记,无,config/数据/来源身份声明补采.json#身份声明[],b99035eb31437b822b0d8ed9b728e2fbb4b5cd8b8861010049ee43d74fc08647,1cd773853ef33cb8f6d7c1280729bf82e0b795d62cb20a76d636135bcdf110fc,未知,未知,b3a1fc5ec72ad95e258b584f936ad46befab951e0ee9e43eaa18179e34974387,无法判定,DATABASE_METADATA_IDENTITY_UNPROVEN,本批次只读；若声明、输入、Schema或授权漂移，既有结论自动失效并须追加新批次,未读取业务正文、价格、成交、订单簿、账户或凭据；身份字段不完整,为该成员提供当前版本九字段声明及逐字段Schema、授权和唯一证据定位后追加不可变批次,2d50c1344a835ceeb832796935182aeff80bb03cecc5465c8cf3aaccbd446acd,a23c4d44f41c2fc245b02db92b59200f4b443888bdb532b601a5934f5c808064,097335f2322411c321b98300a474573ee6322c7c5d8505d1f9904ead448858ea
source-identity-declaration-20260808T051806+0800-dd1e3d74dca4,ZI-9eca828c7abfb00211600ef2,DS-000260,数据库元数据,ETH,4小时;8小时;24小时;48小时,15分钟;1小时,未知,未知,未知,未知,未知,未知,未知,未知,未知,未登记,无,config/数据/来源身份声明补采.json#身份声明[],b99035eb31437b822b0d8ed9b728e2fbb4b5cd8b8861010049ee43d74fc08647,401f3e557d030bd2429821a0c387907103f5a6996eed7ad975e0b5013f0313e6,未知,未知,b3a1fc5ec72ad95e258b584f936ad46befab951e0ee9e43eaa18179e34974387,无法判定,DATABASE_METADATA_IDENTITY_UNPROVEN,本批次只读；若声明、输入、Schema或授权漂移，既有结论自动失效并须追加新批次,未读取业务正文、价格、成交、订单簿、账户或凭据；身份字段不完整,为该成员提供当前版本九字段声明及逐字段Schema、授权和唯一证据定位后追加不可变批次,2d50c1344a835ceeb832796935182aeff80bb03cecc5465c8cf3aaccbd446acd,a23c4d44f41c2fc245b02db92b59200f4b443888bdb532b601a5934f5c808064,1d6d3dae47082dbeca6af63763a53be76fa7a03cfa9b7f86fc93ace0772324b2
source-identity-declaration-20260808T051806+0800-dd1e3d74dca4,ZI-a9478e827e537a4e6878eb2f,DS-000261,数据库元数据,ETH,4小时;8小时;24小时;48小时,15分钟;1小时,未知,未知,未知,未知,未知,未知,未知,未知,未知,未登记,无,config/数据/来源身份声明补采.json#身份声明[],b99035eb31437b822b0d8ed9b728e2fbb4b5cd8b8861010049ee43d74fc08647,a9f85bb1dc0b933fe331584b1457e01f02ef7ff90e431451c038e26336977746,未知,未知,b3a1fc5ec72ad95e258b584f936ad46befab951e0ee9e43eaa18179e34974387,无法判定,DATABASE_METADATA_IDENTITY_UNPROVEN,本批次只读；若声明、输入、Schema或授权漂移，既有结论自动失效并须追加新批次,未读取业务正文、价格、成交、订单簿、账户或凭据；身份字段不完整,为该成员提供当前版本九字段声明及逐字段Schema、授权和唯一证据定位后追加不可变批次,2d50c1344a835ceeb832796935182aeff80bb03cecc5465c8cf3aaccbd446acd,a23c4d44f41c2fc245b02db92b59200f4b443888bdb532b601a5934f5c808064,4bb5123b0cf35894c887e08ac48245e5af360e88888a6ad69461179eb5351527
source-identity-declaration-20260808T051806+0800-dd1e3d74dca4,ZI-f29bed3f0a71e254b51c83b3,DS-000262,数据库元数据,ETH,4小时;8小时;24小时;48小时,15分钟;1小时,未知,未知,未知,未知,未知,未知,未知,未知,未知,未登记,无,config/数据/来源身份声明补采.json#身份声明[],b99035eb31437b822b0d8ed9b728e2fbb4b5cd8b8861010049ee43d74fc08647,b8a6749e0560113c220e491aa3837fbbc46a199eea8b154ba402234b3fe136c3,未知,未知,b3a1fc5ec72ad95e258b584f936ad46befab951e0ee9e43eaa18179e34974387,无法判定,DATABASE_METADATA_IDENTITY_UNPROVEN,本批次只读；若声明、输入、Schema或授权漂移，既有结论自动失效并须追加新批次,未读取业务正文、价格、成交、订单簿、账户或凭据；身份字段不完整,为该成员提供当前版本九字段声明及逐字段Schema、授权和唯一证据定位后追加不可变批次,2d50c1344a835ceeb832796935182aeff80bb03cecc5465c8cf3aaccbd446acd,a23c4d44f41c2fc245b02db92b59200f4b443888bdb532b601a5934f5c808064,927ffa253ad286fcfcbe89ed605cc2c2fc38e35c72632ca89597bb01d08e90b0
source-identity-declaration-20260808T051806+0800-dd1e3d74dca4,ZI-6aa7f974b25be7596f63688e,DS-000263,数据库元数据,ETH,4小时;8小时;24小时;48小时,15分钟;1小时,未知,未知,未知,未知,未知,未知,未知,未知,未知,未登记,无,config/数据/来源身份声明补采.json#身份声明[],b99035eb31437b822b0d8ed9b728e2fbb4b5cd8b8861010049ee43d74fc08647,88da7335bdb9dec72ed997ca4fa5e1dfa14b14965380d3de3b4d82bafa7ba8e6,未知,未知,b3a1fc5ec72ad95e258b584f936ad46befab951e0ee9e43eaa18179e34974387,无法判定,DATABASE_METADATA_IDENTITY_UNPROVEN,本批次只读；若声明、输入、Schema或授权漂移，既有结论自动失效并须追加新批次,未读取业务正文、价格、成交、订单簿、账户或凭据；身份字段不完整,为该成员提供当前版本九字段声明及逐字段Schema、授权和唯一证据定位后追加不可变批次,2d50c1344a835ceeb832796935182aeff80bb03cecc5465c8cf3aaccbd446acd,a23c4d44f41c2fc245b02db92b59200f4b443888bdb532b601a5934f5c808064,39f22d126efa0ebf1851abfaa91c95d1eb1ae29e66fdcafbb3b3a36be928f739
source-identity-declaration-20260808T051806+0800-dd1e3d74dca4,ZI-e39661473025820c2f3936e3,DS-000264,数据库元数据,ETH,4小时;8小时;24小时;48小时,15分钟;1小时,未知,未知,未知,未知,未知,未知,未知,未知,未知,未登记,无,config/数据/来源身份声明补采.json#身份声明[],b99035eb31437b822b0d8ed9b728e2fbb4b5cd8b8861010049ee43d74fc08647,474ef8452df7b494b2e90829b34983df559699b8d2cf94b36731bfcedb517544,未知,未知,b3a1fc5ec72ad95e258b584f936ad46befab951e0ee9e43eaa18179e34974387,无法判定,DATABASE_METADATA_IDENTITY_UNPROVEN,本批次只读；若声明、输入、Schema或授权漂移，既有结论自动失效并须追加新批次,未读取业务正文、价格、成交、订单簿、账户或凭据；身份字段不完整,为该成员提供当前版本九字段声明及逐字段Schema、授权和唯一证据定位后追加不可变批次,2d50c1344a835ceeb832796935182aeff80bb03cecc5465c8cf3aaccbd446acd,a23c4d44f41c2fc245b02db92b59200f4b443888bdb532b601a5934f5c808064,5f4572c38da19457ee36954c8db9ae703d83d5fa4510ec9c3e1ee08b090bb7b9
source-identity-declaration-20260808T051806+0800-dd1e3d74dca4,ZI-f83c61b1c7dab956125c37c7,DS-000265,数据库元数据,ETH,4小时;8小时;24小时;48小时,15分钟;1小时,未知,未知,未知,未知,未知,未知,未知,未知,未知,未登记,无,config/数据/来源身份声明补采.json#身份声明[],b99035eb31437b822b0d8ed9b728e2fbb4b5cd8b8861010049ee43d74fc08647,5e24f63ab8f417987a50c39d32718c38ba94e1de57ac2745a718cc5ec794238a,未知,未知,b3a1fc5ec72ad95e258b584f936ad46befab951e0ee9e43eaa18179e34974387,无法判定,DATABASE_METADATA_IDENTITY_UNPROVEN,本批次只读；若声明、输入、Schema或授权漂移，既有结论自动失效并须追加新批次,未读取业务正文、价格、成交、订单簿、账户或凭据；身份字段不完整,为该成员提供当前版本九字段声明及逐字段Schema、授权和唯一证据定位后追加不可变批次,2d50c1344a835ceeb832796935182aeff80bb03cecc5465c8cf3aaccbd446acd,a23c4d44f41c2fc245b02db92b59200f4b443888bdb532b601a5934f5c808064,b6fb4e252a8153bbc7a5f3eed0deee2bf07c0aa9c06e6a94fe2dabe67c38b89b
source-identity-declaration-20260808T051806+0800-dd1e3d74dca4,ZI-93016c2f08434388c8be5de9,DS-000266,数据库元数据,ETH,4小时;8小时;24小时;48小时,15分钟;1小时,未知,未知,未知,未知,未知,未知,未知,未知,未知,未登记,无,config/数据/来源身份声明补采.json#身份声明[],b99035eb31437b822b0d8ed9b728e2fbb4b5cd8b8861010049ee43d74fc08647,9ec4dbfaf5336e4c4d9f5ce4ad4098db90b8baac6f44296a4b7aa43839353d19,未知,未知,b3a1fc5ec72ad95e258b584f936ad46befab951e0ee9e43eaa18179e34974387,无法判定,DATABASE_METADATA_IDENTITY_UNPROVEN,本批次只读；若声明、输入、Schema或授权漂移，既有结论自动失效并须追加新批次,未读取业务正文、价格、成交、订单簿、账户或凭据；身份字段不完整,为该成员提供当前版本九字段声明及逐字段Schema、授权和唯一证据定位后追加不可变批次,2d50c1344a835ceeb832796935182aeff80bb03cecc5465c8cf3aaccbd446acd,a23c4d44f41c2fc245b02db92b59200f4b443888bdb532b601a5934f5c808064,87caf00bb406ec0a7896ef414e36d624a914407298abd6f5953a92e050742bfe
source-identity-declaration-20260808T051806+0800-dd1e3d74dca4,ZI-4dc005cfa35f65f4ae1ad906,DS-000267,数据库元数据,ETH,4小时;8小时;24小时;48小时,15分钟;1小时,未知,未知,未知,未知,未知,未知,未知,未知,未知,未登记,无,config/数据/来源身份声明补采.json#身份声明[],b99035eb31437b822b0d8ed9b728e2fbb4b5cd8b8861010049ee43d74fc08647,e7f6d4ff14fbb9aee41d9c66f271b8ce269ce023dbdbbce5c6f48152b31da3ef,未知,未知,b3a1fc5ec72ad95e258b584f936ad46befab951e0ee9e43eaa18179e34974387,无法判定,DATABASE_METADATA_IDENTITY_UNPROVEN,本批次只读；若声明、输入、Schema或授权漂移，既有结论自动失效并须追加新批次,未读取业务正文、价格、成交、订单簿、账户或凭据；身份字段不完整,为该成员提供当前版本九字段声明及逐字段Schema、授权和唯一证据定位后追加不可变批次,2d50c1344a835ceeb832796935182aeff80bb03cecc5465c8cf3aaccbd446acd,a23c4d44f41c2fc245b02db92b59200f4b443888bdb532b601a5934f5c808064,2c728b7461789b5761e32190e850568e8617c1cc667c53ab612ca97d23fb2395
source-identity-declaration-20260808T051806+0800-dd1e3d74dca4,ZI-827070ff91d17f4ef1f978bb,DS-000268,数据库元数据,ETH,4小时;8小时;24小时;48小时,15分钟;1小时,未知,未知,未知,未知,未知,未知,未知,未知,未知,未登记,无,config/数据/来源身份声明补采.json#身份声明[],b99035eb31437b822b0d8ed9b728e2fbb4b5cd8b8861010049ee43d74fc08647,4803e9627f705d300d20509eaf83377393d2e5744750aedc6e586f6548fca8cf,未知,未知,b3a1fc5ec72ad95e258b584f936ad46befab951e0ee9e43eaa18179e34974387,无法判定,DATABASE_METADATA_IDENTITY_UNPROVEN,本批次只读；若声明、输入、Schema或授权漂移，既有结论自动失效并须追加新批次,未读取业务正文、价格、成交、订单簿、账户或凭据；身份字段不完整,为该成员提供当前版本九字段声明及逐字段Schema、授权和唯一证据定位后追加不可变批次,2d50c1344a835ceeb832796935182aeff80bb03cecc5465c8cf3aaccbd446acd,a23c4d44f41c2fc245b02db92b59200f4b443888bdb532b601a5934f5c808064,692a8358fc78008eecc833a374be601e4851cf4b3fd78c7491d9ebff87529b4e
source-identity-declaration-20260808T051806+0800-dd1e3d74dca4,ZI-d8ee305d7e2a2eaae8afc53b,DS-000269,数据库元数据,ETH,4小时;8小时;24小时;48小时,15分钟;1小时,未知,未知,未知,未知,未知,未知,未知,未知,未知,未登记,无,config/数据/来源身份声明补采.json#身份声明[],b99035eb31437b822b0d8ed9b728e2fbb4b5cd8b8861010049ee43d74fc08647,306e9d1ebd248b8aaea8e6db506482b6fb9679820c694bb23bc5d54912fe5e05,未知,未知,b3a1fc5ec72ad95e258b584f936ad46befab951e0ee9e43eaa18179e34974387,无法判定,DATABASE_METADATA_IDENTITY_UNPROVEN,本批次只读；若声明、输入、Schema或授权漂移，既有结论自动失效并须追加新批次,未读取业务正文、价格、成交、订单簿、账户或凭据；身份字段不完整,为该成员提供当前版本九字段声明及逐字段Schema、授权和唯一证据定位后追加不可变批次,2d50c1344a835ceeb832796935182aeff80bb03cecc5465c8cf3aaccbd446acd,a23c4d44f41c2fc245b02db92b59200f4b443888bdb532b601a5934f5c808064,fae9e60e4bed49213476e227bfb1e7faddfa13a9472c2c8d4d0db126d8c9637e
source-identity-declaration-20260808T051806+0800-dd1e3d74dca4,ZI-bb10b091e630f2c5f8d067dc,DS-000270,数据库元数据,ETH,4小时;8小时;24小时;48小时,15分钟;1小时,未知,未知,未知,未知,未知,未知,未知,未知,未知,未登记,无,config/数据/来源身份声明补采.json#身份声明[],b99035eb31437b822b0d8ed9b728e2fbb4b5cd8b8861010049ee43d74fc08647,95f8505a488937ebddda6f0e9846dfdf89d1295922aaa46fa86f783e28904115,未知,未知,b3a1fc5ec72ad95e258b584f936ad46befab951e0ee9e43eaa18179e34974387,无法判定,DATABASE_METADATA_IDENTITY_UNPROVEN,本批次只读；若声明、输入、Schema或授权漂移，既有结论自动失效并须追加新批次,未读取业务正文、价格、成交、订单簿、账户或凭据；身份字段不完整,为该成员提供当前版本九字段声明及逐字段Schema、授权和唯一证据定位后追加不可变批次,2d50c1344a835ceeb832796935182aeff80bb03cecc5465c8cf3aaccbd446acd,a23c4d44f41c2fc245b02db92b59200f4b443888bdb532b601a5934f5c808064,b57334bd840696907af9f409f4685397cf46d6218e33cb7c8a847a55982df1f0
source-identity-declaration-20260808T051806+0800-dd1e3d74dca4,ZI-17ba1f1ac29398cf97340b28,DS-000271,数据库元数据,ETH,4小时;8小时;24小时;48小时,15分钟;1小时,未知,未知,未知,未知,未知,未知,未知,未知,未知,未登记,无,config/数据/来源身份声明补采.json#身份声明[],b99035eb31437b822b0d8ed9b728e2fbb4b5cd8b8861010049ee43d74fc08647,f604d30fca95af10cef6f2d1d42f0a77ca097a72e2a4892d7695ea06b814087e,未知,未知,b3a1fc5ec72ad95e258b584f936ad46befab951e0ee9e43eaa18179e34974387,无法判定,DATABASE_METADATA_IDENTITY_UNPROVEN,本批次只读；若声明、输入、Schema或授权漂移，既有结论自动失效并须追加新批次,未读取业务正文、价格、成交、订单簿、账户或凭据；身份字段不完整,为该成员提供当前版本九字段声明及逐字段Schema、授权和唯一证据定位后追加不可变批次,2d50c1344a835ceeb832796935182aeff80bb03cecc5465c8cf3aaccbd446acd,a23c4d44f41c2fc245b02db92b59200f4b443888bdb532b601a5934f5c808064,754f9d94fbb3ea77af56a5acfdfdf03f2e023174e1e84ea00370be56048b95da
source-identity-declaration-20260808T051806+0800-dd1e3d74dca4,ZI-eebaaf0844841bd1a3649f6c,DS-000272,数据库元数据,ETH,4小时;8小时;24小时;48小时,15分钟;1小时,未知,未知,未知,未知,未知,未知,未知,未知,未知,未登记,无,config/数据/来源身份声明补采.json#身份声明[],b99035eb31437b822b0d8ed9b728e2fbb4b5cd8b8861010049ee43d74fc08647,7790a7096a82194b8ce40632577b34f15029864f0d73ca67f2309a4a5771c546,未知,未知,b3a1fc5ec72ad95e258b584f936ad46befab951e0ee9e43eaa18179e34974387,无法判定,DATABASE_METADATA_IDENTITY_UNPROVEN,本批次只读；若声明、输入、Schema或授权漂移，既有结论自动失效并须追加新批次,未读取业务正文、价格、成交、订单簿、账户或凭据；身份字段不完整,为该成员提供当前版本九字段声明及逐字段Schema、授权和唯一证据定位后追加不可变批次,2d50c1344a835ceeb832796935182aeff80bb03cecc5465c8cf3aaccbd446acd,a23c4d44f41c2fc245b02db92b59200f4b443888bdb532b601a5934f5c808064,db03206e28a379923b3fe53f594460985b72b324e44bf8529be31316078c0474
source-identity-declaration-20260808T051806+0800-dd1e3d74dca4,ZI-a80e072df8f612821d6e6d49,DS-000273,数据库元数据,ETH,4小时;8小时;24小时;48小时,15分钟;1小时,未知,未知,未知,未知,未知,未知,未知,未知,未知,未登记,无,config/数据/来源身份声明补采.json#身份声明[],b99035eb31437b822b0d8ed9b728e2fbb4b5cd8b8861010049ee43d74fc08647,a644234938a03b68cc0be912f99fd12eecc36270251217d470225f7047a900e1,未知,未知,b3a1fc5ec72ad95e258b584f936ad46befab951e0ee9e43eaa18179e34974387,无法判定,DATABASE_METADATA_IDENTITY_UNPROVEN,本批次只读；若声明、输入、Schema或授权漂移，既有结论自动失效并须追加新批次,未读取业务正文、价格、成交、订单簿、账户或凭据；身份字段不完整,为该成员提供当前版本九字段声明及逐字段Schema、授权和唯一证据定位后追加不可变批次,2d50c1344a835ceeb832796935182aeff80bb03cecc5465c8cf3aaccbd446acd,a23c4d44f41c2fc245b02db92b59200f4b443888bdb532b601a5934f5c808064,c4f248a48f9565c061d1abb3acc7d5ce4429a0a2e55ffe16506e0cf93797fa1a
source-identity-declaration-20260808T051806+0800-dd1e3d74dca4,ZI-3f44a87d788d10b95a30c249,DS-000274,数据库元数据,ETH,4小时;8小时;24小时;48小时,15分钟;1小时,未知,未知,未知,未知,未知,未知,未知,未知,未知,未登记,无,config/数据/来源身份声明补采.json#身份声明[],b99035eb31437b822b0d8ed9b728e2fbb4b5cd8b8861010049ee43d74fc08647,56318299b0d280227cabfa2f1672b2c87315c5e40fbfae0740be47ade1d1af81,未知,未知,b3a1fc5ec72ad95e258b584f936ad46befab951e0ee9e43eaa18179e34974387,无法判定,DATABASE_METADATA_IDENTITY_UNPROVEN,本批次只读；若声明、输入、Schema或授权漂移，既有结论自动失效并须追加新批次,未读取业务正文、价格、成交、订单簿、账户或凭据；身份字段不完整,为该成员提供当前版本九字段声明及逐字段Schema、授权和唯一证据定位后追加不可变批次,2d50c1344a835ceeb832796935182aeff80bb03cecc5465c8cf3aaccbd446acd,a23c4d44f41c2fc245b02db92b59200f4b443888bdb532b601a5934f5c808064,ab5c8af475ab4dd7703b4125d913156ff22d21c95ecebb380f3ae8b94f438edd
source-identity-declaration-20260808T051806+0800-dd1e3d74dca4,ZI-62772b32407692854e1b95ac,DS-000275,数据库元数据,ETH,4小时;8小时;24小时;48小时,15分钟;1小时,未知,未知,未知,未知,未知,未知,未知,未知,未知,未登记,无,config/数据/来源身份声明补采.json#身份声明[],b99035eb31437b822b0d8ed9b728e2fbb4b5cd8b8861010049ee43d74fc08647,73610ec234845390268c10b094aaa11475cbf536d943f9b58d68fb3b943ab020,未知,未知,b3a1fc5ec72ad95e258b584f936ad46befab951e0ee9e43eaa18179e34974387,无法判定,DATABASE_METADATA_IDENTITY_UNPROVEN,本批次只读；若声明、输入、Schema或授权漂移，既有结论自动失效并须追加新批次,未读取业务正文、价格、成交、订单簿、账户或凭据；身份字段不完整,为该成员提供当前版本九字段声明及逐字段Schema、授权和唯一证据定位后追加不可变批次,2d50c1344a835ceeb832796935182aeff80bb03cecc5465c8cf3aaccbd446acd,a23c4d44f41c2fc245b02db92b59200f4b443888bdb532b601a5934f5c808064,c30c454eacd41049eaf7b4a6879e30038267a6836c162bb20058c40dcf58a6a6
source-identity-declaration-20260808T051806+0800-dd1e3d74dca4,ZI-4a98d425a04a5267f443db5e,DS-000276,数据库元数据,ETH,4小时;8小时;24小时;48小时,15分钟;1小时,未知,未知,未知,未知,未知,未知,未知,未知,未知,未登记,无,config/数据/来源身份声明补采.json#身份声明[],b99035eb31437b822b0d8ed9b728e2fbb4b5cd8b8861010049ee43d74fc08647,63d1274ea3fb1103b26995399caac6aa6b1ff7dc21c80113d3c7a5ee47a9c26b,未知,未知,b3a1fc5ec72ad95e258b584f936ad46befab951e0ee9e43eaa18179e34974387,无法判定,DATABASE_METADATA_IDENTITY_UNPROVEN,本批次只读；若声明、输入、Schema或授权漂移，既有结论自动失效并须追加新批次,未读取业务正文、价格、成交、订单簿、账户或凭据；身份字段不完整,为该成员提供当前版本九字段声明及逐字段Schema、授权和唯一证据定位后追加不可变批次,2d50c1344a835ceeb832796935182aeff80bb03cecc5465c8cf3aaccbd446acd,a23c4d44f41c2fc245b02db92b59200f4b443888bdb532b601a5934f5c808064,677ff74013368bd4806e0fdce9d7905b1f19cabda2c1fa504ce2c98cda900591
source-identity-declaration-20260808T051806+0800-dd1e3d74dca4,ZI-8c6daa7a9cd03f72c0bb230c,DS-000277,数据库元数据,ETH,4小时;8小时;24小时;48小时,15分钟;1小时,未知,未知,未知,未知,未知,未知,未知,未知,未知,未登记,无,config/数据/来源身份声明补采.json#身份声明[],b99035eb31437b822b0d8ed9b728e2fbb4b5cd8b8861010049ee43d74fc08647,e503bb6f17a82b37b897771791caaa1e29e80668c0428f0681b923834b9065f5,未知,未知,b3a1fc5ec72ad95e258b584f936ad46befab951e0ee9e43eaa18179e34974387,无法判定,DATABASE_METADATA_IDENTITY_UNPROVEN,本批次只读；若声明、输入、Schema或授权漂移，既有结论自动失效并须追加新批次,未读取业务正文、价格、成交、订单簿、账户或凭据；身份字段不完整,为该成员提供当前版本九字段声明及逐字段Schema、授权和唯一证据定位后追加不可变批次,2d50c1344a835ceeb832796935182aeff80bb03cecc5465c8cf3aaccbd446acd,a23c4d44f41c2fc245b02db92b59200f4b443888bdb532b601a5934f5c808064,d87cda82e579dbed8ef7062e8d12eac71d148aa5f098b38f3b97776f5e8c6f29
source-identity-declaration-20260808T051806+0800-dd1e3d74dca4,ZI-f5038d3566b0a032bcaf46c3,DS-000278,数据库元数据,ETH,4小时;8小时;24小时;48小时,15分钟;1小时,未知,未知,未知,未知,未知,未知,未知,未知,未知,未登记,无,config/数据/来源身份声明补采.json#身份声明[],b99035eb31437b822b0d8ed9b728e2fbb4b5cd8b8861010049ee43d74fc08647,fa4552653682a5a645abc7d003707a2b955e9f15d42bfe64289d2fb28e2a191b,未知,未知,b3a1fc5ec72ad95e258b584f936ad46befab951e0ee9e43eaa18179e34974387,无法判定,DATABASE_METADATA_IDENTITY_UNPROVEN,本批次只读；若声明、输入、Schema或授权漂移，既有结论自动失效并须追加新批次,未读取业务正文、价格、成交、订单簿、账户或凭据；身份字段不完整,为该成员提供当前版本九字段声明及逐字段Schema、授权和唯一证据定位后追加不可变批次,2d50c1344a835ceeb832796935182aeff80bb03cecc5465c8cf3aaccbd446acd,a23c4d44f41c2fc245b02db92b59200f4b443888bdb532b601a5934f5c808064,0d0041f217052c96cf8302e0a15426d12b3ef43240db3f426eb576aba73f4579
source-identity-declaration-20260808T051806+0800-dd1e3d74dca4,ZI-99863edc37bbc5802f2709fe,DS-000279,数据库元数据,ETH,4小时;8小时;24小时;48小时,15分钟;1小时,未知,未知,未知,未知,未知,未知,未知,未知,未知,未登记,无,config/数据/来源身份声明补采.json#身份声明[],b99035eb31437b822b0d8ed9b728e2fbb4b5cd8b8861010049ee43d74fc08647,2d111721e4691350f2689d5218c339e609ff789ab1ffd957cf1e86f6c2e28de6,未知,未知,b3a1fc5ec72ad95e258b584f936ad46befab951e0ee9e43eaa18179e34974387,无法判定,DATABASE_METADATA_IDENTITY_UNPROVEN,本批次只读；若声明、输入、Schema或授权漂移，既有结论自动失效并须追加新批次,未读取业务正文、价格、成交、订单簿、账户或凭据；身份字段不完整,为该成员提供当前版本九字段声明及逐字段Schema、授权和唯一证据定位后追加不可变批次,2d50c1344a835ceeb832796935182aeff80bb03cecc5465c8cf3aaccbd446acd,a23c4d44f41c2fc245b02db92b59200f4b443888bdb532b601a5934f5c808064,94afa1ea4add12e018a14f9220b976b5716d65dd869fe4608e33221dd14676a4
source-identity-declaration-20260808T051806+0800-dd1e3d74dca4,ZI-4838a8566ae6f1897291aaa8,DS-000280,数据库元数据,ETH,4小时;8小时;24小时;48小时,15分钟;1小时,未知,未知,未知,未知,未知,未知,未知,未知,未知,未登记,无,config/数据/来源身份声明补采.json#身份声明[],b99035eb31437b822b0d8ed9b728e2fbb4b5cd8b8861010049ee43d74fc08647,cac55077234265c74dafb73c9f43c185891c7807117d29f5189237391804df69,未知,未知,b3a1fc5ec72ad95e258b584f936ad46befab951e0ee9e43eaa18179e34974387,无法判定,DATABASE_METADATA_IDENTITY_UNPROVEN,本批次只读；若声明、输入、Schema或授权漂移，既有结论自动失效并须追加新批次,未读取业务正文、价格、成交、订单簿、账户或凭据；身份字段不完整,为该成员提供当前版本九字段声明及逐字段Schema、授权和唯一证据定位后追加不可变批次,2d50c1344a835ceeb832796935182aeff80bb03cecc5465c8cf3aaccbd446acd,a23c4d44f41c2fc245b02db92b59200f4b443888bdb532b601a5934f5c808064,c4e8a1be8853f6c9ed0e27b5e0609e5929a8e86d15dc953e61c70e76135c0d10
source-identity-declaration-20260808T051806+0800-dd1e3d74dca4,ZI-ac1a52eb589873b5de99bc78,DS-000281,数据库元数据,ETH,4小时;8小时;24小时;48小时,15分钟;1小时,未知,未知,未知,未知,未知,未知,未知,未知,未知,未登记,无,config/数据/来源身份声明补采.json#身份声明[],b99035eb31437b822b0d8ed9b728e2fbb4b5cd8b8861010049ee43d74fc08647,741c6415aff8d57d93fa7fc8db0f4bb0ff4bbf74847310eda08d9494ab0c9d11,未知,未知,b3a1fc5ec72ad95e258b584f936ad46befab951e0ee9e43eaa18179e34974387,无法判定,DATABASE_METADATA_IDENTITY_UNPROVEN,本批次只读；若声明、输入、Schema或授权漂移，既有结论自动失效并须追加新批次,未读取业务正文、价格、成交、订单簿、账户或凭据；身份字段不完整,为该成员提供当前版本九字段声明及逐字段Schema、授权和唯一证据定位后追加不可变批次,2d50c1344a835ceeb832796935182aeff80bb03cecc5465c8cf3aaccbd446acd,a23c4d44f41c2fc245b02db92b59200f4b443888bdb532b601a5934f5c808064,b58bc34dea46843ca115a0c0221b3d2deb405e32885c4aa2fb54b33545c01ba9
source-identity-declaration-20260808T051806+0800-dd1e3d74dca4,ZI-bb8a6e82da48e6ac96cf106f,DS-000282,数据库元数据,ETH,4小时;8小时;24小时;48小时,15分钟;1小时,未知,未知,未知,未知,未知,未知,未知,未知,未知,未登记,无,config/数据/来源身份声明补采.json#身份声明[],b99035eb31437b822b0d8ed9b728e2fbb4b5cd8b8861010049ee43d74fc08647,cc517e52dad87d6b0eb540fd207279b11705531034a2728e4ef4b5a54557fd22,未知,未知,b3a1fc5ec72ad95e258b584f936ad46befab951e0ee9e43eaa18179e34974387,无法判定,DATABASE_METADATA_IDENTITY_UNPROVEN,本批次只读；若声明、输入、Schema或授权漂移，既有结论自动失效并须追加新批次,未读取业务正文、价格、成交、订单簿、账户或凭据；身份字段不完整,为该成员提供当前版本九字段声明及逐字段Schema、授权和唯一证据定位后追加不可变批次,2d50c1344a835ceeb832796935182aeff80bb03cecc5465c8cf3aaccbd446acd,a23c4d44f41c2fc245b02db92b59200f4b443888bdb532b601a5934f5c808064,3169ec28990bb5b2b1b25345b84574bd28f6acbc51fe9ff7df8ee4d6610caf93
source-identity-declaration-20260808T051806+0800-dd1e3d74dca4,ZI-b6f9c3dac81cba3b88c55ccc,DS-000283,数据库元数据,ETH,4小时;8小时;24小时;48小时,15分钟;1小时,未知,未知,未知,未知,未知,未知,未知,未知,未知,未登记,无,config/数据/来源身份声明补采.json#身份声明[],b99035eb31437b822b0d8ed9b728e2fbb4b5cd8b8861010049ee43d74fc08647,7588ce35230cdca962b93d28bc9de83f177f830d6bb53403b474a03a29596210,未知,未知,b3a1fc5ec72ad95e258b584f936ad46befab951e0ee9e43eaa18179e34974387,无法判定,DATABASE_METADATA_IDENTITY_UNPROVEN,本批次只读；若声明、输入、Schema或授权漂移，既有结论自动失效并须追加新批次,未读取业务正文、价格、成交、订单簿、账户或凭据；身份字段不完整,为该成员提供当前版本九字段声明及逐字段Schema、授权和唯一证据定位后追加不可变批次,2d50c1344a835ceeb832796935182aeff80bb03cecc5465c8cf3aaccbd446acd,a23c4d44f41c2fc245b02db92b59200f4b443888bdb532b601a5934f5c808064,4dbb114a5551790cfb822f006e7284df4478b3b7652ff23a1753a87a08261804
source-identity-declaration-20260808T051806+0800-dd1e3d74dca4,ZI-33515fc4212b910c8704867b,DS-000284,数据库元数据,ETH,4小时;8小时;24小时;48小时,15分钟;1小时,未知,未知,未知,未知,未知,未知,未知,未知,未知,未登记,无,config/数据/来源身份声明补采.json#身份声明[],b99035eb31437b822b0d8ed9b728e2fbb4b5cd8b8861010049ee43d74fc08647,0809927212405ebae149f168b347d25ea15f080cd46ffe4f4dcf4e78c2021a92,未知,未知,b3a1fc5ec72ad95e258b584f936ad46befab951e0ee9e43eaa18179e34974387,无法判定,DATABASE_METADATA_IDENTITY_UNPROVEN,本批次只读；若声明、输入、Schema或授权漂移，既有结论自动失效并须追加新批次,未读取业务正文、价格、成交、订单簿、账户或凭据；身份字段不完整,为该成员提供当前版本九字段声明及逐字段Schema、授权和唯一证据定位后追加不可变批次,2d50c1344a835ceeb832796935182aeff80bb03cecc5465c8cf3aaccbd446acd,a23c4d44f41c2fc245b02db92b59200f4b443888bdb532b601a5934f5c808064,2264792d3476c5848ade9327bfa10666df8c0aca6bc059fd793c45513850b309
source-identity-declaration-20260808T051806+0800-dd1e3d74dca4,ZI-f9dd85c76eb8176d00956078,DS-000285,数据库元数据,ETH,4小时;8小时;24小时;48小时,15分钟;1小时,未知,未知,未知,未知,未知,未知,未知,未知,未知,未登记,无,config/数据/来源身份声明补采.json#身份声明[],b99035eb31437b822b0d8ed9b728e2fbb4b5cd8b8861010049ee43d74fc08647,59f4b36536bca90c9ccbe3ed41c85a0edc295a6957a22310fb2e2dbacb47bd59,未知,未知,b3a1fc5ec72ad95e258b584f936ad46befab951e0ee9e43eaa18179e34974387,无法判定,DATABASE_METADATA_IDENTITY_UNPROVEN,本批次只读；若声明、输入、Schema或授权漂移，既有结论自动失效并须追加新批次,未读取业务正文、价格、成交、订单簿、账户或凭据；身份字段不完整,为该成员提供当前版本九字段声明及逐字段Schema、授权和唯一证据定位后追加不可变批次,2d50c1344a835ceeb832796935182aeff80bb03cecc5465c8cf3aaccbd446acd,a23c4d44f41c2fc245b02db92b59200f4b443888bdb532b601a5934f5c808064,96579d3a577cfe26522b25926e992065b2395c14cd20f1acebd862f5a4cf13b6
source-identity-declaration-20260808T051806+0800-dd1e3d74dca4,ZI-2405f3bbc3b633e85a083048,DS-000286,数据库元数据,ETH,4小时;8小时;24小时;48小时,15分钟;1小时,未知,未知,未知,未知,未知,未知,未知,未知,未知,未登记,无,config/数据/来源身份声明补采.json#身份声明[],b99035eb31437b822b0d8ed9b728e2fbb4b5cd8b8861010049ee43d74fc08647,845babdf7e1c3899916b9ca2f8a07abca6ea658ee7c99bc5a8581722420e6866,未知,未知,b3a1fc5ec72ad95e258b584f936ad46befab951e0ee9e43eaa18179e34974387,无法判定,DATABASE_METADATA_IDENTITY_UNPROVEN,本批次只读；若声明、输入、Schema或授权漂移，既有结论自动失效并须追加新批次,未读取业务正文、价格、成交、订单簿、账户或凭据；身份字段不完整,为该成员提供当前版本九字段声明及逐字段Schema、授权和唯一证据定位后追加不可变批次,2d50c1344a835ceeb832796935182aeff80bb03cecc5465c8cf3aaccbd446acd,a23c4d44f41c2fc245b02db92b59200f4b443888bdb532b601a5934f5c808064,d43437c1c4aa2afc7bbe20a3d7febbe9d2612ba405a78657884e15c785753026
source-identity-declaration-20260808T051806+0800-dd1e3d74dca4,ZI-4a3a0907e7d9408d9324f32f,DS-000287,数据库元数据,ETH,4小时;8小时;24小时;48小时,15分钟;1小时,未知,未知,未知,未知,未知,未知,未知,未知,未知,未登记,无,config/数据/来源身份声明补采.json#身份声明[],b99035eb31437b822b0d8ed9b728e2fbb4b5cd8b8861010049ee43d74fc08647,098c9d16ac6b41d35e97a530549ca546b60c896225a4fb6c961fd5040621acdd,未知,未知,b3a1fc5ec72ad95e258b584f936ad46befab951e0ee9e43eaa18179e34974387,无法判定,DATABASE_METADATA_IDENTITY_UNPROVEN,本批次只读；若声明、输入、Schema或授权漂移，既有结论自动失效并须追加新批次,未读取业务正文、价格、成交、订单簿、账户或凭据；身份字段不完整,为该成员提供当前版本九字段声明及逐字段Schema、授权和唯一证据定位后追加不可变批次,2d50c1344a835ceeb832796935182aeff80bb03cecc5465c8cf3aaccbd446acd,a23c4d44f41c2fc245b02db92b59200f4b443888bdb532b601a5934f5c808064,c893ad7303fe372c2d91d932d2b688c7e2b73574fb6f4e0a29539345c040b506
source-identity-declaration-20260808T051806+0800-dd1e3d74dca4,ZI-5a9a391a9e494adad93ed2a1,DS-000288,数据库元数据,ETH,4小时;8小时;24小时;48小时,15分钟;1小时,未知,未知,未知,未知,未知,未知,未知,未知,未知,未登记,无,config/数据/来源身份声明补采.json#身份声明[],b99035eb31437b822b0d8ed9b728e2fbb4b5cd8b8861010049ee43d74fc08647,0ce0fdb691110e99627216dcd51afe9a507bfdb7bddb9a15e93a834ce1b6bbba,未知,未知,b3a1fc5ec72ad95e258b584f936ad46befab951e0ee9e43eaa18179e34974387,无法判定,DATABASE_METADATA_IDENTITY_UNPROVEN,本批次只读；若声明、输入、Schema或授权漂移，既有结论自动失效并须追加新批次,未读取业务正文、价格、成交、订单簿、账户或凭据；身份字段不完整,为该成员提供当前版本九字段声明及逐字段Schema、授权和唯一证据定位后追加不可变批次,2d50c1344a835ceeb832796935182aeff80bb03cecc5465c8cf3aaccbd446acd,a23c4d44f41c2fc245b02db92b59200f4b443888bdb532b601a5934f5c808064,34dbe9d177f15c8c5fb7da599c007a9d6a3e8445444aeaf07a8daf27737fced3
source-identity-declaration-20260808T051806+0800-dd1e3d74dca4,ZI-c69fb4ea6efa32472592021e,DS-000289,数据库元数据,ETH,4小时;8小时;24小时;48小时,15分钟;1小时,未知,未知,未知,未知,未知,未知,未知,未知,未知,未登记,无,config/数据/来源身份声明补采.json#身份声明[],b99035eb31437b822b0d8ed9b728e2fbb4b5cd8b8861010049ee43d74fc08647,facb3f58201be1d0111803a0969dfc2571e3fb220f2550a6773c2c5ec9e6704b,未知,未知,b3a1fc5ec72ad95e258b584f936ad46befab951e0ee9e43eaa18179e34974387,无法判定,DATABASE_METADATA_IDENTITY_UNPROVEN,本批次只读；若声明、输入、Schema或授权漂移，既有结论自动失效并须追加新批次,未读取业务正文、价格、成交、订单簿、账户或凭据；身份字段不完整,为该成员提供当前版本九字段声明及逐字段Schema、授权和唯一证据定位后追加不可变批次,2d50c1344a835ceeb832796935182aeff80bb03cecc5465c8cf3aaccbd446acd,a23c4d44f41c2fc245b02db92b59200f4b443888bdb532b601a5934f5c808064,6bf5d6640aee392e866c752aaec9b965e58cb5dfe42237709ea01fe115068487
source-identity-declaration-20260808T051806+0800-dd1e3d74dca4,ZI-e83b0ea0cb4edb6fa92ef211,DS-000290,数据库元数据,ETH,4小时;8小时;24小时;48小时,15分钟;1小时,未知,未知,未知,未知,未知,未知,未知,未知,未知,未登记,无,config/数据/来源身份声明补采.json#身份声明[],b99035eb31437b822b0d8ed9b728e2fbb4b5cd8b8861010049ee43d74fc08647,0161ed81721e89e4a3e6e49b017ca55645bd50ed66c63efb03184e7edd6322fa,未知,未知,b3a1fc5ec72ad95e258b584f936ad46befab951e0ee9e43eaa18179e34974387,无法判定,DATABASE_METADATA_IDENTITY_UNPROVEN,本批次只读；若声明、输入、Schema或授权漂移，既有结论自动失效并须追加新批次,未读取业务正文、价格、成交、订单簿、账户或凭据；身份字段不完整,为该成员提供当前版本九字段声明及逐字段Schema、授权和唯一证据定位后追加不可变批次,2d50c1344a835ceeb832796935182aeff80bb03cecc5465c8cf3aaccbd446acd,a23c4d44f41c2fc245b02db92b59200f4b443888bdb532b601a5934f5c808064,15713829bf8ff0e565ada4ecc3027dc68d3ef3d48fd2e48228262abc3ae47cbf
source-identity-declaration-20260808T051806+0800-dd1e3d74dca4,ZI-d8011c433ebd2138a2305438,DS-000291,数据库元数据,ETH,4小时;8小时;24小时;48小时,15分钟;1小时,未知,未知,未知,未知,未知,未知,未知,未知,未知,未登记,无,config/数据/来源身份声明补采.json#身份声明[],b99035eb31437b822b0d8ed9b728e2fbb4b5cd8b8861010049ee43d74fc08647,741fe59e6e2697d5dd227a7490ee195cc6895ce04818fde2fb5fbe2034a2ce81,未知,未知,b3a1fc5ec72ad95e258b584f936ad46befab951e0ee9e43eaa18179e34974387,无法判定,DATABASE_METADATA_IDENTITY_UNPROVEN,本批次只读；若声明、输入、Schema或授权漂移，既有结论自动失效并须追加新批次,未读取业务正文、价格、成交、订单簿、账户或凭据；身份字段不完整,为该成员提供当前版本九字段声明及逐字段Schema、授权和唯一证据定位后追加不可变批次,2d50c1344a835ceeb832796935182aeff80bb03cecc5465c8cf3aaccbd446acd,a23c4d44f41c2fc245b02db92b59200f4b443888bdb532b601a5934f5c808064,c0b7086a08c06685641d0f01e99c852d813819f612818cabdcb95c96707fd2e0
source-identity-declaration-20260808T051806+0800-dd1e3d74dca4,ZI-8fbd9976355cbb8be5048b7f,DS-000292,数据库元数据,ETH,4小时;8小时;24小时;48小时,15分钟;1小时,未知,未知,未知,未知,未知,未知,未知,未知,未知,未登记,无,config/数据/来源身份声明补采.json#身份声明[],b99035eb31437b822b0d8ed9b728e2fbb4b5cd8b8861010049ee43d74fc08647,d27b1f879c69916fdbbaa57607231145c16481c1e44a97e1b215aecb1cf8560a,未知,未知,b3a1fc5ec72ad95e258b584f936ad46befab951e0ee9e43eaa18179e34974387,无法判定,DATABASE_METADATA_IDENTITY_UNPROVEN,本批次只读；若声明、输入、Schema或授权漂移，既有结论自动失效并须追加新批次,未读取业务正文、价格、成交、订单簿、账户或凭据；身份字段不完整,为该成员提供当前版本九字段声明及逐字段Schema、授权和唯一证据定位后追加不可变批次,2d50c1344a835ceeb832796935182aeff80bb03cecc5465c8cf3aaccbd446acd,a23c4d44f41c2fc245b02db92b59200f4b443888bdb532b601a5934f5c808064,d714d9b3787bc7a8b6d668171594b06584c613c5268ac983c060cb2a35be14bb
source-identity-declaration-20260808T051806+0800-dd1e3d74dca4,ZI-4063df41f07d941306cf1d83,DS-000293,数据库元数据,ETH,4小时;8小时;24小时;48小时,15分钟;1小时,未知,未知,未知,未知,未知,未知,未知,未知,未知,未登记,无,config/数据/来源身份声明补采.json#身份声明[],b99035eb31437b822b0d8ed9b728e2fbb4b5cd8b8861010049ee43d74fc08647,905b8dcd9947a77fdc3bbd98eb8e21ae6935385a23c6b59bc3a9a9bf490a11ee,未知,未知,b3a1fc5ec72ad95e258b584f936ad46befab951e0ee9e43eaa18179e34974387,无法判定,DATABASE_METADATA_IDENTITY_UNPROVEN,本批次只读；若声明、输入、Schema或授权漂移，既有结论自动失效并须追加新批次,未读取业务正文、价格、成交、订单簿、账户或凭据；身份字段不完整,为该成员提供当前版本九字段声明及逐字段Schema、授权和唯一证据定位后追加不可变批次,2d50c1344a835ceeb832796935182aeff80bb03cecc5465c8cf3aaccbd446acd,a23c4d44f41c2fc245b02db92b59200f4b443888bdb532b601a5934f5c808064,a387cfe207dc65ca82af4c346be2edba7f3580bf517f4faf554cbbcc365cc0dc
source-identity-declaration-20260808T051806+0800-dd1e3d74dca4,ZI-4cc05befd7c25420d6616745,DS-000294,数据库元数据,ETH,4小时;8小时;24小时;48小时,15分钟;1小时,未知,未知,未知,未知,未知,未知,未知,未知,未知,未登记,无,config/数据/来源身份声明补采.json#身份声明[],b99035eb31437b822b0d8ed9b728e2fbb4b5cd8b8861010049ee43d74fc08647,6e0cb2f1b1667a8715c214ba9ec6ae7deec4b615f5f7be131aa817f0a8ad2f6f,未知,未知,b3a1fc5ec72ad95e258b584f936ad46befab951e0ee9e43eaa18179e34974387,无法判定,DATABASE_METADATA_IDENTITY_UNPROVEN,本批次只读；若声明、输入、Schema或授权漂移，既有结论自动失效并须追加新批次,未读取业务正文、价格、成交、订单簿、账户或凭据；身份字段不完整,为该成员提供当前版本九字段声明及逐字段Schema、授权和唯一证据定位后追加不可变批次,2d50c1344a835ceeb832796935182aeff80bb03cecc5465c8cf3aaccbd446acd,a23c4d44f41c2fc245b02db92b59200f4b443888bdb532b601a5934f5c808064,37f1e461781f0489b911dfd4bb6f0b919c05f08c7eb50ae84cad3c8d85f195c4
source-identity-declaration-20260808T051806+0800-dd1e3d74dca4,ZI-144ccc0a1a75fb0a53e5d6a3,DS-000295,数据库元数据,ETH,4小时;8小时;24小时;48小时,15分钟;1小时,未知,未知,未知,未知,未知,未知,未知,未知,未知,未登记,无,config/数据/来源身份声明补采.json#身份声明[],b99035eb31437b822b0d8ed9b728e2fbb4b5cd8b8861010049ee43d74fc08647,00b0e1303584f388a94ca8df6de78fd456403f5a27f9d9f3973b249efb0429a3,未知,未知,b3a1fc5ec72ad95e258b584f936ad46befab951e0ee9e43eaa18179e34974387,无法判定,DATABASE_METADATA_IDENTITY_UNPROVEN,本批次只读；若声明、输入、Schema或授权漂移，既有结论自动失效并须追加新批次,未读取业务正文、价格、成交、订单簿、账户或凭据；身份字段不完整,为该成员提供当前版本九字段声明及逐字段Schema、授权和唯一证据定位后追加不可变批次,2d50c1344a835ceeb832796935182aeff80bb03cecc5465c8cf3aaccbd446acd,a23c4d44f41c2fc245b02db92b59200f4b443888bdb532b601a5934f5c808064,e7613fd17c4a2d9d9491a8c6b0ca9cef4874cabc65de28f2244d04b48a74ccc4
source-identity-declaration-20260808T051806+0800-dd1e3d74dca4,ZI-1978e354b3d643de7ef83426,DS-000296,数据库元数据,ETH,4小时;8小时;24小时;48小时,15分钟;1小时,未知,未知,未知,未知,未知,未知,未知,未知,未知,未登记,无,config/数据/来源身份声明补采.json#身份声明[],b99035eb31437b822b0d8ed9b728e2fbb4b5cd8b8861010049ee43d74fc08647,840669cb99560c36aaa3d535c5e9358708208a5e91f514d4ff9ab0aed933b359,未知,未知,b3a1fc5ec72ad95e258b584f936ad46befab951e0ee9e43eaa18179e34974387,无法判定,DATABASE_METADATA_IDENTITY_UNPROVEN,本批次只读；若声明、输入、Schema或授权漂移，既有结论自动失效并须追加新批次,未读取业务正文、价格、成交、订单簿、账户或凭据；身份字段不完整,为该成员提供当前版本九字段声明及逐字段Schema、授权和唯一证据定位后追加不可变批次,2d50c1344a835ceeb832796935182aeff80bb03cecc5465c8cf3aaccbd446acd,a23c4d44f41c2fc245b02db92b59200f4b443888bdb532b601a5934f5c808064,f12bca5fa21edd4209ed6fefb95a4918c528de04a0fdbf26cbd708d8e16e74eb
source-identity-declaration-20260808T051806+0800-dd1e3d74dca4,ZI-3eac98ecd7d3ac093f446c61,DS-000297,数据库元数据,ETH,4小时;8小时;24小时;48小时,15分钟;1小时,未知,未知,未知,未知,未知,未知,未知,未知,未知,未登记,无,config/数据/来源身份声明补采.json#身份声明[],b99035eb31437b822b0d8ed9b728e2fbb4b5cd8b8861010049ee43d74fc08647,519fe32d9d7992508e1eb36adb1f37154c6813e2e5c04f9a5dfe2cdffcf5cfde,未知,未知,b3a1fc5ec72ad95e258b584f936ad46befab951e0ee9e43eaa18179e34974387,无法判定,DATABASE_METADATA_IDENTITY_UNPROVEN,本批次只读；若声明、输入、Schema或授权漂移，既有结论自动失效并须追加新批次,未读取业务正文、价格、成交、订单簿、账户或凭据；身份字段不完整,为该成员提供当前版本九字段声明及逐字段Schema、授权和唯一证据定位后追加不可变批次,2d50c1344a835ceeb832796935182aeff80bb03cecc5465c8cf3aaccbd446acd,a23c4d44f41c2fc245b02db92b59200f4b443888bdb532b601a5934f5c808064,8553c1f5e1ba8679f29b3f0b584aef9a1819f637fef63236d22a39b4f3714217
source-identity-declaration-20260808T051806+0800-dd1e3d74dca4,ZI-8ba1d56866fa54799303bdc1,DS-000298,数据库元数据,ETH,4小时;8小时;24小时;48小时,15分钟;1小时,未知,未知,未知,未知,未知,未知,未知,未知,未知,未登记,无,config/数据/来源身份声明补采.json#身份声明[],b99035eb31437b822b0d8ed9b728e2fbb4b5cd8b8861010049ee43d74fc08647,64eb968ce0af5c19dc13ae90b7b806bd0d73999377991bbb47f2975459c7adde,未知,未知,b3a1fc5ec72ad95e258b584f936ad46befab951e0ee9e43eaa18179e34974387,无法判定,DATABASE_METADATA_IDENTITY_UNPROVEN,本批次只读；若声明、输入、Schema或授权漂移，既有结论自动失效并须追加新批次,未读取业务正文、价格、成交、订单簿、账户或凭据；身份字段不完整,为该成员提供当前版本九字段声明及逐字段Schema、授权和唯一证据定位后追加不可变批次,2d50c1344a835ceeb832796935182aeff80bb03cecc5465c8cf3aaccbd446acd,a23c4d44f41c2fc245b02db92b59200f4b443888bdb532b601a5934f5c808064,2ff3bbfd849ad34e3f734f5189ba839725c6ad1d3571e1b029668b3919e38877
source-identity-declaration-20260808T051806+0800-dd1e3d74dca4,ZI-3bf85e0f2ad7b5ac22b13df9,DS-000299,数据库元数据,ETH,4小时;8小时;24小时;48小时,15分钟;1小时,未知,未知,未知,未知,未知,未知,未知,未知,未知,未登记,无,config/数据/来源身份声明补采.json#身份声明[],b99035eb31437b822b0d8ed9b728e2fbb4b5cd8b8861010049ee43d74fc08647,7572c0a41b5a2a39c80656f400dbe60f8ab0bd79c0fb5c3e7b44fee53f730755,未知,未知,b3a1fc5ec72ad95e258b584f936ad46befab951e0ee9e43eaa18179e34974387,无法判定,DATABASE_METADATA_IDENTITY_UNPROVEN,本批次只读；若声明、输入、Schema或授权漂移，既有结论自动失效并须追加新批次,未读取业务正文、价格、成交、订单簿、账户或凭据；身份字段不完整,为该成员提供当前版本九字段声明及逐字段Schema、授权和唯一证据定位后追加不可变批次,2d50c1344a835ceeb832796935182aeff80bb03cecc5465c8cf3aaccbd446acd,a23c4d44f41c2fc245b02db92b59200f4b443888bdb532b601a5934f5c808064,977ba2e65d63556d2bf99e91c9b9b9935adfe941f198f671b981858ab8f0b663
source-identity-declaration-20260808T051806+0800-dd1e3d74dca4,ZI-e99571832236a361ee30db4d,DS-000300,数据库元数据,ETH,4小时;8小时;24小时;48小时,15分钟;1小时,未知,未知,未知,未知,未知,未知,未知,未知,未知,未登记,无,config/数据/来源身份声明补采.json#身份声明[],b99035eb31437b822b0d8ed9b728e2fbb4b5cd8b8861010049ee43d74fc08647,2e8a058057540064073e8868839e18fe0dcf848fcecc872fe0f732e40796d068,未知,未知,b3a1fc5ec72ad95e258b584f936ad46befab951e0ee9e43eaa18179e34974387,无法判定,DATABASE_METADATA_IDENTITY_UNPROVEN,本批次只读；若声明、输入、Schema或授权漂移，既有结论自动失效并须追加新批次,未读取业务正文、价格、成交、订单簿、账户或凭据；身份字段不完整,为该成员提供当前版本九字段声明及逐字段Schema、授权和唯一证据定位后追加不可变批次,2d50c1344a835ceeb832796935182aeff80bb03cecc5465c8cf3aaccbd446acd,a23c4d44f41c2fc245b02db92b59200f4b443888bdb532b601a5934f5c808064,0c13ddac0fbc3dab958e7d5d92ecce46f77a81e6c9cc0198db2bf71a4e2970db
source-identity-declaration-20260808T051806+0800-dd1e3d74dca4,ZI-ad9a2f4d9b2c7b77cf51ff68,DS-000301,数据库元数据,ETH,4小时;8小时;24小时;48小时,15分钟;1小时,未知,未知,未知,未知,未知,未知,未知,未知,未知,未登记,无,config/数据/来源身份声明补采.json#身份声明[],b99035eb31437b822b0d8ed9b728e2fbb4b5cd8b8861010049ee43d74fc08647,68f2f1d195a17ce77287aa8d9a2fddb75a21fdd657b03eaab6484f64e3fa61e6,未知,未知,b3a1fc5ec72ad95e258b584f936ad46befab951e0ee9e43eaa18179e34974387,无法判定,DATABASE_METADATA_IDENTITY_UNPROVEN,本批次只读；若声明、输入、Schema或授权漂移，既有结论自动失效并须追加新批次,未读取业务正文、价格、成交、订单簿、账户或凭据；身份字段不完整,为该成员提供当前版本九字段声明及逐字段Schema、授权和唯一证据定位后追加不可变批次,2d50c1344a835ceeb832796935182aeff80bb03cecc5465c8cf3aaccbd446acd,a23c4d44f41c2fc245b02db92b59200f4b443888bdb532b601a5934f5c808064,322b6c44b8e3ee86a7384db252ed06204f3dc4cb0b2061743f3b13158c43800c
source-identity-declaration-20260808T051806+0800-dd1e3d74dca4,ZI-761cbb729e42b90656bd3f8e,DS-000302,数据库元数据,ETH,4小时;8小时;24小时;48小时,15分钟;1小时,未知,未知,未知,未知,未知,未知,未知,未知,未知,未登记,无,config/数据/来源身份声明补采.json#身份声明[],b99035eb31437b822b0d8ed9b728e2fbb4b5cd8b8861010049ee43d74fc08647,e8d81d71207f009298d9aa62cd4ca70df93f6bd9915064653ce32f4250ba9119,未知,未知,b3a1fc5ec72ad95e258b584f936ad46befab951e0ee9e43eaa18179e34974387,无法判定,DATABASE_METADATA_IDENTITY_UNPROVEN,本批次只读；若声明、输入、Schema或授权漂移，既有结论自动失效并须追加新批次,未读取业务正文、价格、成交、订单簿、账户或凭据；身份字段不完整,为该成员提供当前版本九字段声明及逐字段Schema、授权和唯一证据定位后追加不可变批次,2d50c1344a835ceeb832796935182aeff80bb03cecc5465c8cf3aaccbd446acd,a23c4d44f41c2fc245b02db92b59200f4b443888bdb532b601a5934f5c808064,c141af73d3bd9ca182a55eb8572916b4800c08761845b6340e6eddbf250dc8ed
source-identity-declaration-20260808T051806+0800-dd1e3d74dca4,ZI-ba2b9396a30a8158da23a396,DS-000303,数据库元数据,ETH,4小时;8小时;24小时;48小时,15分钟;1小时,未知,未知,未知,未知,未知,未知,未知,未知,未知,未登记,无,config/数据/来源身份声明补采.json#身份声明[],b99035eb31437b822b0d8ed9b728e2fbb4b5cd8b8861010049ee43d74fc08647,2fc35c9965af5ebfd8dc154f1e3abc90aab6452dcabcb63be6c0ba42b99b66ae,未知,未知,b3a1fc5ec72ad95e258b584f936ad46befab951e0ee9e43eaa18179e34974387,无法判定,DATABASE_METADATA_IDENTITY_UNPROVEN,本批次只读；若声明、输入、Schema或授权漂移，既有结论自动失效并须追加新批次,未读取业务正文、价格、成交、订单簿、账户或凭据；身份字段不完整,为该成员提供当前版本九字段声明及逐字段Schema、授权和唯一证据定位后追加不可变批次,2d50c1344a835ceeb832796935182aeff80bb03cecc5465c8cf3aaccbd446acd,a23c4d44f41c2fc245b02db92b59200f4b443888bdb532b601a5934f5c808064,1faf82a3580fe375f3d475dc6c3ce4cb217a64d9d92c01c6409b76fd1526a1c3
source-identity-declaration-20260808T051806+0800-dd1e3d74dca4,ZI-e1e37aa8d03d6a4717ac26cd,DS-000304,数据库元数据,ETH,4小时;8小时;24小时;48小时,15分钟;1小时,未知,未知,未知,未知,未知,未知,未知,未知,未知,未登记,无,config/数据/来源身份声明补采.json#身份声明[],b99035eb31437b822b0d8ed9b728e2fbb4b5cd8b8861010049ee43d74fc08647,c2c9fa3961b41e9e259be6490ed521b9165aadf0b1b4b1916440fb67cae1c923,未知,未知,b3a1fc5ec72ad95e258b584f936ad46befab951e0ee9e43eaa18179e34974387,无法判定,DATABASE_METADATA_IDENTITY_UNPROVEN,本批次只读；若声明、输入、Schema或授权漂移，既有结论自动失效并须追加新批次,未读取业务正文、价格、成交、订单簿、账户或凭据；身份字段不完整,为该成员提供当前版本九字段声明及逐字段Schema、授权和唯一证据定位后追加不可变批次,2d50c1344a835ceeb832796935182aeff80bb03cecc5465c8cf3aaccbd446acd,a23c4d44f41c2fc245b02db92b59200f4b443888bdb532b601a5934f5c808064,10f13bdc189b5973f9369c51f3e80ee61bc69c79530eb35bea87a3d27c3303a7
source-identity-declaration-20260808T051806+0800-dd1e3d74dca4,ZI-69da4a00e49aba44ff106904,DS-000305,数据库元数据,ETH,4小时;8小时;24小时;48小时,15分钟;1小时,未知,未知,未知,未知,未知,未知,未知,未知,未知,未登记,无,config/数据/来源身份声明补采.json#身份声明[],b99035eb31437b822b0d8ed9b728e2fbb4b5cd8b8861010049ee43d74fc08647,64f87095fb4955a4cfbe2e6f8e643fa38d859fef411eb73741cdd2be79d23468,未知,未知,b3a1fc5ec72ad95e258b584f936ad46befab951e0ee9e43eaa18179e34974387,无法判定,DATABASE_METADATA_IDENTITY_UNPROVEN,本批次只读；若声明、输入、Schema或授权漂移，既有结论自动失效并须追加新批次,未读取业务正文、价格、成交、订单簿、账户或凭据；身份字段不完整,为该成员提供当前版本九字段声明及逐字段Schema、授权和唯一证据定位后追加不可变批次,2d50c1344a835ceeb832796935182aeff80bb03cecc5465c8cf3aaccbd446acd,a23c4d44f41c2fc245b02db92b59200f4b443888bdb532b601a5934f5c808064,5e9f55d8fa0789d37df853112a0a1ad88498e14fb455db39341f3ce35f25bdcf
source-identity-declaration-20260808T051806+0800-dd1e3d74dca4,ZI-68075d8d85399614caa868f9,DS-000306,数据库元数据,ETH,4小时;8小时;24小时;48小时,15分钟;1小时,未知,未知,未知,未知,未知,未知,未知,未知,未知,未登记,无,config/数据/来源身份声明补采.json#身份声明[],b99035eb31437b822b0d8ed9b728e2fbb4b5cd8b8861010049ee43d74fc08647,93e7c4e4eac3841772d4795c85297a7e79c010b12b8cf30b7a3ff8517f7146e9,未知,未知,b3a1fc5ec72ad95e258b584f936ad46befab951e0ee9e43eaa18179e34974387,无法判定,DATABASE_METADATA_IDENTITY_UNPROVEN,本批次只读；若声明、输入、Schema或授权漂移，既有结论自动失效并须追加新批次,未读取业务正文、价格、成交、订单簿、账户或凭据；身份字段不完整,为该成员提供当前版本九字段声明及逐字段Schema、授权和唯一证据定位后追加不可变批次,2d50c1344a835ceeb832796935182aeff80bb03cecc5465c8cf3aaccbd446acd,a23c4d44f41c2fc245b02db92b59200f4b443888bdb532b601a5934f5c808064,aad70f1dec9c798299e7a7bb8f62104a21c218e56ec98359f277c97ae86ce73e
source-identity-declaration-20260808T051806+0800-dd1e3d74dca4,ZI-84d1575654e50459998a6d2c,DS-000307,数据库元数据,ETH,4小时;8小时;24小时;48小时,15分钟;1小时,未知,未知,未知,未知,未知,未知,未知,未知,未知,未登记,无,config/数据/来源身份声明补采.json#身份声明[],b99035eb31437b822b0d8ed9b728e2fbb4b5cd8b8861010049ee43d74fc08647,f951a13aeb2596cef4686717db03149070ba793813ddb720dac7f5c236b8dccd,未知,未知,b3a1fc5ec72ad95e258b584f936ad46befab951e0ee9e43eaa18179e34974387,无法判定,DATABASE_METADATA_IDENTITY_UNPROVEN,本批次只读；若声明、输入、Schema或授权漂移，既有结论自动失效并须追加新批次,未读取业务正文、价格、成交、订单簿、账户或凭据；身份字段不完整,为该成员提供当前版本九字段声明及逐字段Schema、授权和唯一证据定位后追加不可变批次,2d50c1344a835ceeb832796935182aeff80bb03cecc5465c8cf3aaccbd446acd,a23c4d44f41c2fc245b02db92b59200f4b443888bdb532b601a5934f5c808064,aaa556a1b623320249a4a090f3cff95665fec7416049e65f48623c68636916e4
source-identity-declaration-20260808T051806+0800-dd1e3d74dca4,ZI-4a88ba0259b171e49f43b735,DS-000308,数据库元数据,ETH,4小时;8小时;24小时;48小时,15分钟;1小时,未知,未知,未知,未知,未知,未知,未知,未知,未知,未登记,无,config/数据/来源身份声明补采.json#身份声明[],b99035eb31437b822b0d8ed9b728e2fbb4b5cd8b8861010049ee43d74fc08647,8325e80640f1b6415b025ce8839ede1edf84d7984d84e0e4a7de7cae12f2fdfc,未知,未知,b3a1fc5ec72ad95e258b584f936ad46befab951e0ee9e43eaa18179e34974387,无法判定,DATABASE_METADATA_IDENTITY_UNPROVEN,本批次只读；若声明、输入、Schema或授权漂移，既有结论自动失效并须追加新批次,未读取业务正文、价格、成交、订单簿、账户或凭据；身份字段不完整,为该成员提供当前版本九字段声明及逐字段Schema、授权和唯一证据定位后追加不可变批次,2d50c1344a835ceeb832796935182aeff80bb03cecc5465c8cf3aaccbd446acd,a23c4d44f41c2fc245b02db92b59200f4b443888bdb532b601a5934f5c808064,4af56b48407d7c3df95d2231e5d4d739b1a2bb260585fa7c54477c2837064801
source-identity-declaration-20260808T051806+0800-dd1e3d74dca4,ZI-9e3ac8b171f4d5c0d23aaf96,DS-000309,数据库元数据,ETH,4小时;8小时;24小时;48小时,15分钟;1小时,未知,未知,未知,未知,未知,未知,未知,未知,未知,未登记,无,config/数据/来源身份声明补采.json#身份声明[],b99035eb31437b822b0d8ed9b728e2fbb4b5cd8b8861010049ee43d74fc08647,31401b834ceb9f05e15f20aead63529cec7ac915394e5e58399ff7267639644e,未知,未知,b3a1fc5ec72ad95e258b584f936ad46befab951e0ee9e43eaa18179e34974387,无法判定,DATABASE_METADATA_IDENTITY_UNPROVEN,本批次只读；若声明、输入、Schema或授权漂移，既有结论自动失效并须追加新批次,未读取业务正文、价格、成交、订单簿、账户或凭据；身份字段不完整,为该成员提供当前版本九字段声明及逐字段Schema、授权和唯一证据定位后追加不可变批次,2d50c1344a835ceeb832796935182aeff80bb03cecc5465c8cf3aaccbd446acd,a23c4d44f41c2fc245b02db92b59200f4b443888bdb532b601a5934f5c808064,badde9bad8eabd65aaa26cf926c1f3ac37cea4a5ee0f8ecd1725b72194975c20
source-identity-declaration-20260808T051806+0800-dd1e3d74dca4,ZI-102e25a0c8a2236a75003318,DS-000310,数据库元数据,ETH,4小时;8小时;24小时;48小时,15分钟;1小时,未知,未知,未知,未知,未知,未知,未知,未知,未知,未登记,无,config/数据/来源身份声明补采.json#身份声明[],b99035eb31437b822b0d8ed9b728e2fbb4b5cd8b8861010049ee43d74fc08647,ac10b24605fd1b3d106ccfff94457604218999ca63a55631072e36d168a1244b,未知,未知,b3a1fc5ec72ad95e258b584f936ad46befab951e0ee9e43eaa18179e34974387,无法判定,DATABASE_METADATA_IDENTITY_UNPROVEN,本批次只读；若声明、输入、Schema或授权漂移，既有结论自动失效并须追加新批次,未读取业务正文、价格、成交、订单簿、账户或凭据；身份字段不完整,为该成员提供当前版本九字段声明及逐字段Schema、授权和唯一证据定位后追加不可变批次,2d50c1344a835ceeb832796935182aeff80bb03cecc5465c8cf3aaccbd446acd,a23c4d44f41c2fc245b02db92b59200f4b443888bdb532b601a5934f5c808064,c88ace0349c93c29590b6cda04a9adf993ea42fc6dd82a9b65caba6b19bcfcae
source-identity-declaration-20260808T051806+0800-dd1e3d74dca4,ZI-62d623e701e08ace29bb1ac9,DS-000311,数据库元数据,ETH,4小时;8小时;24小时;48小时,15分钟;1小时,未知,未知,未知,未知,未知,未知,未知,未知,未知,未登记,无,config/数据/来源身份声明补采.json#身份声明[],b99035eb31437b822b0d8ed9b728e2fbb4b5cd8b8861010049ee43d74fc08647,57408a49d126b606bdaf83ab4bb7bd02b4710b2376040c3190ae1bd4473d4d85,未知,未知,b3a1fc5ec72ad95e258b584f936ad46befab951e0ee9e43eaa18179e34974387,无法判定,DATABASE_METADATA_IDENTITY_UNPROVEN,本批次只读；若声明、输入、Schema或授权漂移，既有结论自动失效并须追加新批次,未读取业务正文、价格、成交、订单簿、账户或凭据；身份字段不完整,为该成员提供当前版本九字段声明及逐字段Schema、授权和唯一证据定位后追加不可变批次,2d50c1344a835ceeb832796935182aeff80bb03cecc5465c8cf3aaccbd446acd,a23c4d44f41c2fc245b02db92b59200f4b443888bdb532b601a5934f5c808064,aed477346ed53b418a7285d2decc1b02a517c5df049f993d3bbddeea74d47a8f
source-identity-declaration-20260808T051806+0800-dd1e3d74dca4,ZI-5144341657b9fb567646104a,DS-000312,数据库元数据,ETH,4小时;8小时;24小时;48小时,15分钟;1小时,未知,未知,未知,未知,未知,未知,未知,未知,未知,未登记,无,config/数据/来源身份声明补采.json#身份声明[],b99035eb31437b822b0d8ed9b728e2fbb4b5cd8b8861010049ee43d74fc08647,24985dde3d2f6f5a945237e33c528ce0e95350fb8b3217ef26e40ffd00f660b3,未知,未知,b3a1fc5ec72ad95e258b584f936ad46befab951e0ee9e43eaa18179e34974387,无法判定,DATABASE_METADATA_IDENTITY_UNPROVEN,本批次只读；若声明、输入、Schema或授权漂移，既有结论自动失效并须追加新批次,未读取业务正文、价格、成交、订单簿、账户或凭据；身份字段不完整,为该成员提供当前版本九字段声明及逐字段Schema、授权和唯一证据定位后追加不可变批次,2d50c1344a835ceeb832796935182aeff80bb03cecc5465c8cf3aaccbd446acd,a23c4d44f41c2fc245b02db92b59200f4b443888bdb532b601a5934f5c808064,fc3f54ffdd0a5a7fed42e930f7b3caa46a5a98084c043fb136de98e62398a7fe
source-identity-declaration-20260808T051806+0800-dd1e3d74dca4,ZI-881152f96d8e9e4844ae24e9,DS-000313,数据库元数据,ETH,4小时;8小时;24小时;48小时,15分钟;1小时,未知,未知,未知,未知,未知,未知,未知,未知,未知,未登记,无,config/数据/来源身份声明补采.json#身份声明[],b99035eb31437b822b0d8ed9b728e2fbb4b5cd8b8861010049ee43d74fc08647,fbf6a194337eeb0d40c519c90f46b6442593773512e0e365faa6d9c1d6f562cf,未知,未知,b3a1fc5ec72ad95e258b584f936ad46befab951e0ee9e43eaa18179e34974387,无法判定,DATABASE_METADATA_IDENTITY_UNPROVEN,本批次只读；若声明、输入、Schema或授权漂移，既有结论自动失效并须追加新批次,未读取业务正文、价格、成交、订单簿、账户或凭据；身份字段不完整,为该成员提供当前版本九字段声明及逐字段Schema、授权和唯一证据定位后追加不可变批次,2d50c1344a835ceeb832796935182aeff80bb03cecc5465c8cf3aaccbd446acd,a23c4d44f41c2fc245b02db92b59200f4b443888bdb532b601a5934f5c808064,bd7cd61bf7a04cea3f650b421afd2e84439c40f24a9e33a625a6eb5270eb581e
source-identity-declaration-20260808T051806+0800-dd1e3d74dca4,ZI-147c7f9873fd47a2fa435551,DS-000314,数据库元数据,ETH,4小时;8小时;24小时;48小时,15分钟;1小时,未知,未知,未知,未知,未知,未知,未知,未知,未知,未登记,无,config/数据/来源身份声明补采.json#身份声明[],b99035eb31437b822b0d8ed9b728e2fbb4b5cd8b8861010049ee43d74fc08647,9db3a44ee859910c7b18a87c166d510b153a770c91474a6c557219b2815719be,未知,未知,b3a1fc5ec72ad95e258b584f936ad46befab951e0ee9e43eaa18179e34974387,无法判定,DATABASE_METADATA_IDENTITY_UNPROVEN,本批次只读；若声明、输入、Schema或授权漂移，既有结论自动失效并须追加新批次,未读取业务正文、价格、成交、订单簿、账户或凭据；身份字段不完整,为该成员提供当前版本九字段声明及逐字段Schema、授权和唯一证据定位后追加不可变批次,2d50c1344a835ceeb832796935182aeff80bb03cecc5465c8cf3aaccbd446acd,a23c4d44f41c2fc245b02db92b59200f4b443888bdb532b601a5934f5c808064,b5a62c2512981a88f70654329b7742124f44c4956617d9a6b1521e32044107aa
source-identity-declaration-20260808T051806+0800-dd1e3d74dca4,ZI-c724dd65f9c74cf7dbb14cf6,DS-000315,数据库元数据,ETH,4小时;8小时;24小时;48小时,15分钟;1小时,未知,未知,未知,未知,未知,未知,未知,未知,未知,未登记,无,config/数据/来源身份声明补采.json#身份声明[],b99035eb31437b822b0d8ed9b728e2fbb4b5cd8b8861010049ee43d74fc08647,28745a43fd92afac3d70cee4ddad3491844d97472d4dda22369d8ad811b9cb19,未知,未知,b3a1fc5ec72ad95e258b584f936ad46befab951e0ee9e43eaa18179e34974387,无法判定,DATABASE_METADATA_IDENTITY_UNPROVEN,本批次只读；若声明、输入、Schema或授权漂移，既有结论自动失效并须追加新批次,未读取业务正文、价格、成交、订单簿、账户或凭据；身份字段不完整,为该成员提供当前版本九字段声明及逐字段Schema、授权和唯一证据定位后追加不可变批次,2d50c1344a835ceeb832796935182aeff80bb03cecc5465c8cf3aaccbd446acd,a23c4d44f41c2fc245b02db92b59200f4b443888bdb532b601a5934f5c808064,04146fcbad2912f541dc6d703f5db54b56274556b2c2b4a564f7e4b305fecbdb
source-identity-declaration-20260808T051806+0800-dd1e3d74dca4,ZI-c9eec3c9abb8d328fed09cf7,DS-000316,数据库元数据,ETH,4小时;8小时;24小时;48小时,15分钟;1小时,未知,未知,未知,未知,未知,未知,未知,未知,未知,未登记,无,config/数据/来源身份声明补采.json#身份声明[],b99035eb31437b822b0d8ed9b728e2fbb4b5cd8b8861010049ee43d74fc08647,993ed72bd9aee1183676bb2ffb712c4bb01996d8dc0f601b657d49e62b1cc37c,未知,未知,b3a1fc5ec72ad95e258b584f936ad46befab951e0ee9e43eaa18179e34974387,无法判定,DATABASE_METADATA_IDENTITY_UNPROVEN,本批次只读；若声明、输入、Schema或授权漂移，既有结论自动失效并须追加新批次,未读取业务正文、价格、成交、订单簿、账户或凭据；身份字段不完整,为该成员提供当前版本九字段声明及逐字段Schema、授权和唯一证据定位后追加不可变批次,2d50c1344a835ceeb832796935182aeff80bb03cecc5465c8cf3aaccbd446acd,a23c4d44f41c2fc245b02db92b59200f4b443888bdb532b601a5934f5c808064,d1c31672f5b1698a245987639924596892b73c7f8b45897faea073a7b2d17818
